ISO-10303-21;
HEADER;

/* File generated by Shapr3D Version 5.980.9717.0 */

FILE_DESCRIPTION(('HOOPS Exchange Step'),'2;1');

FILE_NAME('C:\\Users\\13271\\AppData\\Local\\Packages\\Shapr3D.Shapr3D_j403pzjkqtqbj\\TempState\\export\\temp_export',
'2025-11-02T22:29:35+08:00',
('13271'),
('Shapr3D Limited'),
'HOOPS Exchange 2025.5',
'Shapr3D',
'Authorized');

FILE_SCHEMA( ('AP242_MANAGED_MODEL_BASED_3D_ENGINEERING_MIM_LF {1 0 10303 442 1 1 4}') );

ENDSEC;

DATA;
#3=(NAMED_UNIT(*)PLANE_ANGLE_UNIT()SI_UNIT($,.RADIAN.));
#4=PLANE_ANGLE_MEASURE_WITH_UNIT(PLANE_ANGLE_MEASURE(0.0174532925),#3);
#5=(CONVERSION_BASED_UNIT('DEGREE',#4)NAMED_UNIT(#6)PLANE_ANGLE_UNIT());
#6=DIMENSIONAL_EXPONENTS(0.,0.,0.,0.,0.,0.,0.);
#7=(NAMED_UNIT(*)SI_UNIT($,.STERADIAN.)SOLID_ANGLE_UNIT());
#8=(LENGTH_UNIT()NAMED_UNIT(*)SI_UNIT(.MILLI.,.METRE.));
#9=UNCERTAINTY_MEASURE_WITH_UNIT(LENGTH_MEASURE(1.000000E-03),#8,'DISTANCE_ACCURACY_VALUE','Maximum Tolerance applied to model');
#10=(GEOMETRIC_REPRESENTATION_CONTEXT(3)GLOBAL_UNCERTAINTY_ASSIGNED_CONTEXT((#9))GLOBAL_UNIT_ASSIGNED_CONTEXT((#8,#5,#7))REPRESENTATION_CONTEXT('','root'));
#12=CARTESIAN_POINT('',(0.,0.,0.));
#13=DIRECTION('',(0.,0.,1.));
#14=DIRECTION('',(1.,0.,0.));
#15=AXIS2_PLACEMENT_3D('',#12,#13,#14);
#26=(NAMED_UNIT(*)PLANE_ANGLE_UNIT()SI_UNIT($,.RADIAN.));
#27=PLANE_ANGLE_MEASURE_WITH_UNIT(PLANE_ANGLE_MEASURE(0.0174532925),#26);
#28=(CONVERSION_BASED_UNIT('DEGREE',#27)NAMED_UNIT(#29)PLANE_ANGLE_UNIT());
#29=DIMENSIONAL_EXPONENTS(0.,0.,0.,0.,0.,0.,0.);
#30=(NAMED_UNIT(*)SI_UNIT($,.STERADIAN.)SOLID_ANGLE_UNIT());
#31=(LENGTH_UNIT()NAMED_UNIT(*)SI_UNIT(.MILLI.,.METRE.));
#32=UNCERTAINTY_MEASURE_WITH_UNIT(LENGTH_MEASURE(1.000000E-05),#31,'DISTANCE_ACCURACY_VALUE','Maximum Tolerance applied to model');
#33=(GEOMETRIC_REPRESENTATION_CONTEXT(3)GLOBAL_UNCERTAINTY_ASSIGNED_CONTEXT((#32))GLOBAL_UNIT_ASSIGNED_CONTEXT((#31,#28,#30))REPRESENTATION_CONTEXT('','main_frame'));
#45=CARTESIAN_POINT('',(0.,0.,0.));
#46=DIRECTION('',(0.,0.,1.));
#47=DIRECTION('',(1.,0.,-0.));
#48=AXIS2_PLACEMENT_3D('',#45,#46,#47);
#49=ITEM_DEFINED_TRANSFORMATION('','',#48,#15);
#50=(REPRESENTATION_RELATIONSHIP('','',#35,#16)REPRESENTATION_RELATIONSHIP_WITH_TRANSFORMATION(#49)SHAPE_REPRESENTATION_RELATIONSHIP());
#51=NEXT_ASSEMBLY_USAGE_OCCURRENCE('main_frame_1','main_frame','main_frame',#25,#44,$);
#52=PRODUCT_DEFINITION_SHAPE('','',#51);
#53=CONTEXT_DEPENDENT_SHAPE_REPRESENTATION(#50,#52);
#55=CARTESIAN_POINT('',(-0.516222446,-104.411488779,5.457459202));
#56=DIRECTION('',(0.,-0.,1.));
#57=DIRECTION('',(1.,0.,0.));
#58=AXIS2_PLACEMENT_3D('',#55,#56,#57);
#59=PLANE('',#58);
#60=CARTESIAN_POINT('',(102.85992856,1.104686725,5.457459202));
#61=VERTEX_POINT('',#60);
#62=CARTESIAN_POINT('',(102.85992856,22.004686725,5.457459202));
#63=VERTEX_POINT('',#62);
#64=CARTESIAN_POINT('',(102.85992856,1.104686725,5.457459202));
#65=DIRECTION('',(0.,1.,0.));
#66=VECTOR('',#65,20.9);
#67=LINE('',#64,#66);
#68=EDGE_CURVE('',#61,#63,#67,.T.);
#69=ORIENTED_EDGE('',*,*,#68,.T.);
#70=CARTESIAN_POINT('',(90.45992856,22.004686725,5.457459202));
#71=VERTEX_POINT('',#70);
#72=CARTESIAN_POINT('',(102.85992856,22.004686725,5.457459202));
#73=DIRECTION('',(-1.,0.,0.));
#74=VECTOR('',#73,12.4);
#75=LINE('',#72,#74);
#76=EDGE_CURVE('',#63,#71,#75,.T.);
#77=ORIENTED_EDGE('',*,*,#76,.T.);
#78=CARTESIAN_POINT('',(90.45992856,1.104686725,5.457459202));
#79=VERTEX_POINT('',#78);
#80=CARTESIAN_POINT('',(90.45992856,22.004686725,5.457459202));
#81=DIRECTION('',(0.,-1.,-0.));
#82=VECTOR('',#81,20.9);
#83=LINE('',#80,#82);
#84=EDGE_CURVE('',#71,#79,#83,.T.);
#85=ORIENTED_EDGE('',*,*,#84,.T.);
#86=CARTESIAN_POINT('',(90.45992856,1.104686725,5.457459202));
#87=DIRECTION('',(1.,0.,-0.));
#88=VECTOR('',#87,12.4);
#89=LINE('',#86,#88);
#90=EDGE_CURVE('',#79,#61,#89,.T.);
#91=ORIENTED_EDGE('',*,*,#90,.T.);
#92=EDGE_LOOP('',(#69,#77,#85,#91));
#93=FACE_BOUND('',#92,.T.);
#94=CARTESIAN_POINT('',(87.210610588,47.820661221,5.457459202));
#95=VERTEX_POINT('',#94);
#96=CARTESIAN_POINT('',(87.210610588,52.020661221,5.457459202));
#97=VERTEX_POINT('',#96);
#98=CARTESIAN_POINT('',(87.210610588,47.820661221,5.457459202));
#99=DIRECTION('',(0.,1.,0.));
#100=VECTOR('',#99,4.2);
#101=LINE('',#98,#100);
#102=EDGE_CURVE('',#95,#97,#101,.T.);
#103=ORIENTED_EDGE('',*,*,#102,.T.);
#104=CARTESIAN_POINT('',(84.910610588,52.020661221,5.457459202));
#105=VERTEX_POINT('',#104);
#106=CARTESIAN_POINT('',(87.210610588,52.020661221,5.457459202));
#107=DIRECTION('',(-1.,-0.,0.));
#108=VECTOR('',#107,2.3);
#109=LINE('',#106,#108);
#110=EDGE_CURVE('',#97,#105,#109,.T.);
#111=ORIENTED_EDGE('',*,*,#110,.T.);
#112=CARTESIAN_POINT('',(84.910610588,51.420661221,5.457459202));
#113=VERTEX_POINT('',#112);
#114=CARTESIAN_POINT('',(84.910610588,51.420661221,5.457459202));
#115=DIRECTION('',(0.,1.,0.));
#116=VECTOR('',#115,0.6);
#117=LINE('',#114,#116);
#118=EDGE_CURVE('',#113,#105,#117,.T.);
#119=ORIENTED_EDGE('',*,*,#118,.F.);
#120=CARTESIAN_POINT('',(83.160610588,51.420661221,5.457459202));
#121=VERTEX_POINT('',#120);
#122=CARTESIAN_POINT('',(84.910610588,51.420661221,5.457459202));
#123=DIRECTION('',(-1.,-0.,0.));
#124=VECTOR('',#123,1.75);
#125=LINE('',#122,#124);
#126=EDGE_CURVE('',#113,#121,#125,.T.);
#127=ORIENTED_EDGE('',*,*,#126,.T.);
#128=CARTESIAN_POINT('',(83.160610588,52.920661221,5.457459202));
#129=VERTEX_POINT('',#128);
#130=CARTESIAN_POINT('',(83.160610588,51.420661221,5.457459202));
#131=DIRECTION('',(0.,1.,0.));
#132=VECTOR('',#131,1.5);
#133=LINE('',#130,#132);
#134=EDGE_CURVE('',#121,#129,#133,.T.);
#135=ORIENTED_EDGE('',*,*,#134,.T.);
#136=CARTESIAN_POINT('',(141.119799365,52.920661221,5.457459202));
#137=VERTEX_POINT('',#136);
#138=CARTESIAN_POINT('',(83.160610588,52.920661221,5.457459202));
#139=DIRECTION('',(1.,0.,-0.));
#140=VECTOR('',#139,57.959188777);
#141=LINE('',#138,#140);
#142=EDGE_CURVE('',#129,#137,#141,.T.);
#143=ORIENTED_EDGE('',*,*,#142,.T.);
#144=CARTESIAN_POINT('',(145.619799365,48.420661222,5.457459202));
#145=VERTEX_POINT('',#144);
#146=CARTESIAN_POINT('',(141.119799365,48.420661221,5.457459202));
#147=DIRECTION('',(-0.,0.,-1.));
#148=DIRECTION('',(1.,0.,0.));
#149=AXIS2_PLACEMENT_3D('',#146,#147,#148);
#150=CIRCLE('',#149,4.5);
#151=EDGE_CURVE('',#137,#145,#150,.T.);
#152=ORIENTED_EDGE('',*,*,#151,.T.);
#153=CARTESIAN_POINT('',(145.619799365,17.976611221,5.457459202));
#154=VERTEX_POINT('',#153);
#155=CARTESIAN_POINT('',(145.619799365,48.420661222,5.457459202));
#156=DIRECTION('',(-0.,-1.,-0.));
#157=VECTOR('',#156,30.44405);
#158=LINE('',#155,#157);
#159=EDGE_CURVE('',#145,#154,#158,.T.);
#160=ORIENTED_EDGE('',*,*,#159,.T.);
#161=CARTESIAN_POINT('',(143.119799365,17.976611221,5.457459202));
#162=VERTEX_POINT('',#161);
#163=CARTESIAN_POINT('',(145.619799365,17.976611221,5.457459202));
#164=DIRECTION('',(-1.,-0.,0.));
#165=VECTOR('',#164,2.5);
#166=LINE('',#163,#165);
#167=EDGE_CURVE('',#154,#162,#166,.T.);
#168=ORIENTED_EDGE('',*,*,#167,.T.);
#169=CARTESIAN_POINT('',(143.119799365,-21.923388779,5.457459202));
#170=VERTEX_POINT('',#169);
#171=CARTESIAN_POINT('',(143.119799365,17.976611221,5.457459202));
#172=DIRECTION('',(-0.,-1.,-0.));
#173=VECTOR('',#172,39.9);
#174=LINE('',#171,#173);
#175=EDGE_CURVE('',#162,#170,#174,.T.);
#176=ORIENTED_EDGE('',*,*,#175,.T.);
#177=CARTESIAN_POINT('',(145.619799365,-21.923388779,5.457459202));
#178=VERTEX_POINT('',#177);
#179=CARTESIAN_POINT('',(143.119799365,-21.923388779,5.457459202));
#180=DIRECTION('',(1.,0.,-0.));
#181=VECTOR('',#180,2.5);
#182=LINE('',#179,#181);
#183=EDGE_CURVE('',#170,#178,#182,.T.);
#184=ORIENTED_EDGE('',*,*,#183,.T.);
#185=CARTESIAN_POINT('',(145.619799365,-52.067438779,5.457459202));
#186=VERTEX_POINT('',#185);
#187=CARTESIAN_POINT('',(145.619799365,-21.923388779,5.457459202));
#188=DIRECTION('',(-0.,-1.,-0.));
#189=VECTOR('',#188,30.14405);
#190=LINE('',#187,#189);
#191=EDGE_CURVE('',#178,#186,#190,.T.);
#192=ORIENTED_EDGE('',*,*,#191,.T.);
#193=CARTESIAN_POINT('',(141.119799365,-56.567438779,5.457459201));
#194=VERTEX_POINT('',#193);
#195=CARTESIAN_POINT('',(141.119799365,-52.067438779,5.457459201));
#196=DIRECTION('',(-0.,0.,-1.));
#197=DIRECTION('',(1.,0.,0.));
#198=AXIS2_PLACEMENT_3D('',#195,#196,#197);
#199=CIRCLE('',#198,4.500000001);
#200=EDGE_CURVE('',#186,#194,#199,.T.);
#201=ORIENTED_EDGE('',*,*,#200,.T.);
#202=CARTESIAN_POINT('',(83.160610588,-56.567438779,5.457459202));
#203=VERTEX_POINT('',#202);
#204=CARTESIAN_POINT('',(141.119799365,-56.567438779,5.457459202));
#205=DIRECTION('',(-1.,-0.,0.));
#206=VECTOR('',#205,57.959188777);
#207=LINE('',#204,#206);
#208=EDGE_CURVE('',#194,#203,#207,.T.);
#209=ORIENTED_EDGE('',*,*,#208,.T.);
#210=CARTESIAN_POINT('',(83.160610588,-55.067438779,5.457459202));
#211=VERTEX_POINT('',#210);
#212=CARTESIAN_POINT('',(83.160610588,-56.567438779,5.457459202));
#213=DIRECTION('',(0.,1.,0.));
#214=VECTOR('',#213,1.5);
#215=LINE('',#212,#214);
#216=EDGE_CURVE('',#203,#211,#215,.T.);
#217=ORIENTED_EDGE('',*,*,#216,.T.);
#218=CARTESIAN_POINT('',(84.910610588,-55.067438779,5.457459202));
#219=VERTEX_POINT('',#218);
#220=CARTESIAN_POINT('',(84.910610588,-55.067438779,5.457459202));
#221=DIRECTION('',(-1.,-0.,0.));
#222=VECTOR('',#221,1.75);
#223=LINE('',#220,#222);
#224=EDGE_CURVE('',#219,#211,#223,.T.);
#225=ORIENTED_EDGE('',*,*,#224,.F.);
#226=CARTESIAN_POINT('',(84.910610588,-55.667438779,5.457459202));
#227=VERTEX_POINT('',#226);
#228=CARTESIAN_POINT('',(84.910610588,-55.067438779,5.457459202));
#229=DIRECTION('',(-0.,-1.,-0.));
#230=VECTOR('',#229,0.6);
#231=LINE('',#228,#230);
#232=EDGE_CURVE('',#219,#227,#231,.T.);
#233=ORIENTED_EDGE('',*,*,#232,.T.);
#234=CARTESIAN_POINT('',(87.210610588,-55.667438779,5.457459202));
#235=VERTEX_POINT('',#234);
#236=CARTESIAN_POINT('',(87.210610588,-55.667438779,5.457459202));
#237=DIRECTION('',(-1.,-0.,0.));
#238=VECTOR('',#237,2.3);
#239=LINE('',#236,#238);
#240=EDGE_CURVE('',#235,#227,#239,.T.);
#241=ORIENTED_EDGE('',*,*,#240,.F.);
#242=CARTESIAN_POINT('',(87.210610588,-51.467438779,5.457459202));
#243=VERTEX_POINT('',#242);
#244=CARTESIAN_POINT('',(87.210610588,-55.667438779,5.457459202));
#245=DIRECTION('',(0.,1.,0.));
#246=VECTOR('',#245,4.2);
#247=LINE('',#244,#246);
#248=EDGE_CURVE('',#235,#243,#247,.T.);
#249=ORIENTED_EDGE('',*,*,#248,.T.);
#250=CARTESIAN_POINT('',(84.910610588,-51.467438779,5.457459202));
#251=VERTEX_POINT('',#250);
#252=CARTESIAN_POINT('',(87.210610588,-51.467438779,5.457459202));
#253=DIRECTION('',(-1.,-0.,0.));
#254=VECTOR('',#253,2.3);
#255=LINE('',#252,#254);
#256=EDGE_CURVE('',#243,#251,#255,.T.);
#257=ORIENTED_EDGE('',*,*,#256,.T.);
#258=CARTESIAN_POINT('',(84.910610588,-52.067438779,5.457459202));
#259=VERTEX_POINT('',#258);
#260=CARTESIAN_POINT('',(84.910610588,-52.067438779,5.457459202));
#261=DIRECTION('',(0.,1.,0.));
#262=VECTOR('',#261,0.6);
#263=LINE('',#260,#262);
#264=EDGE_CURVE('',#259,#251,#263,.T.);
#265=ORIENTED_EDGE('',*,*,#264,.F.);
#266=CARTESIAN_POINT('',(83.160610588,-52.067438779,5.457459202));
#267=VERTEX_POINT('',#266);
#268=CARTESIAN_POINT('',(84.910610588,-52.067438779,5.457459202));
#269=DIRECTION('',(-1.,-0.,0.));
#270=VECTOR('',#269,1.75);
#271=LINE('',#268,#270);
#272=EDGE_CURVE('',#259,#267,#271,.T.);
#273=ORIENTED_EDGE('',*,*,#272,.T.);
#274=CARTESIAN_POINT('',(83.160610588,48.420661221,5.457459202));
#275=VERTEX_POINT('',#274);
#276=CARTESIAN_POINT('',(83.160610588,-52.067438779,5.457459202));
#277=DIRECTION('',(0.,1.,0.));
#278=VECTOR('',#277,100.4881);
#279=LINE('',#276,#278);
#280=EDGE_CURVE('',#267,#275,#279,.T.);
#281=ORIENTED_EDGE('',*,*,#280,.T.);
#282=CARTESIAN_POINT('',(84.910610588,48.420661221,5.457459202));
#283=VERTEX_POINT('',#282);
#284=CARTESIAN_POINT('',(84.910610588,48.420661221,5.457459202));
#285=DIRECTION('',(-1.,-0.,0.));
#286=VECTOR('',#285,1.75);
#287=LINE('',#284,#286);
#288=EDGE_CURVE('',#283,#275,#287,.T.);
#289=ORIENTED_EDGE('',*,*,#288,.F.);
#290=CARTESIAN_POINT('',(84.910610588,47.820661221,5.457459202));
#291=VERTEX_POINT('',#290);
#292=CARTESIAN_POINT('',(84.910610588,48.420661221,5.457459202));
#293=DIRECTION('',(-0.,-1.,-0.));
#294=VECTOR('',#293,0.6);
#295=LINE('',#292,#294);
#296=EDGE_CURVE('',#283,#291,#295,.T.);
#297=ORIENTED_EDGE('',*,*,#296,.T.);
#298=CARTESIAN_POINT('',(87.210610588,47.820661221,5.457459202));
#299=DIRECTION('',(-1.,-0.,0.));
#300=VECTOR('',#299,2.3);
#301=LINE('',#298,#300);
#302=EDGE_CURVE('',#95,#291,#301,.T.);
#303=ORIENTED_EDGE('',*,*,#302,.F.);
#304=EDGE_LOOP('',(#103,#111,#119,#127,#135,#143,#152,#160,#168,#176,#184,#192,#201,#209,#217,#225,#233,#241,#249,#257,#265,#273,#281,#289,#297,#303));
#305=FACE_BOUND('',#304,.T.);
#306=CARTESIAN_POINT('',(127.140204977,-55.167438779,5.457459202));
#307=VERTEX_POINT('',#306);
#308=CARTESIAN_POINT('',(127.140204977,-46.167438779,5.457459202));
#309=VERTEX_POINT('',#308);
#310=CARTESIAN_POINT('',(127.140204977,-55.167438779,5.457459202));
#311=DIRECTION('',(0.,1.,0.));
#312=VECTOR('',#311,9.);
#313=LINE('',#310,#312);
#314=EDGE_CURVE('',#307,#309,#313,.T.);
#315=ORIENTED_EDGE('',*,*,#314,.F.);
#316=CARTESIAN_POINT('',(127.640204977,-55.667438779,5.457459202));
#317=VERTEX_POINT('',#316);
#318=CARTESIAN_POINT('',(127.640204977,-55.167438779,5.457459202));
#319=DIRECTION('',(0.,-0.,1.));
#320=DIRECTION('',(0.,-1.,-0.));
#321=AXIS2_PLACEMENT_3D('',#318,#319,#320);
#322=CIRCLE('',#321,0.5);
#323=EDGE_CURVE('',#307,#317,#322,.T.);
#324=ORIENTED_EDGE('',*,*,#323,.T.);
#325=CARTESIAN_POINT('',(128.140204977,-55.167438779,5.457459202));
#326=VERTEX_POINT('',#325);
#327=CARTESIAN_POINT('',(127.640204977,-55.167438779,5.457459202));
#328=DIRECTION('',(0.,-0.,1.));
#329=DIRECTION('',(0.,-1.,-0.));
#330=AXIS2_PLACEMENT_3D('',#327,#328,#329);
#331=CIRCLE('',#330,0.5);
#332=EDGE_CURVE('',#317,#326,#331,.T.);
#333=ORIENTED_EDGE('',*,*,#332,.T.);
#334=CARTESIAN_POINT('',(128.140204977,-46.167438779,5.457459202));
#335=VERTEX_POINT('',#334);
#336=CARTESIAN_POINT('',(128.140204977,-46.167438779,5.457459202));
#337=DIRECTION('',(0.,-1.,-0.));
#338=VECTOR('',#337,9.);
#339=LINE('',#336,#338);
#340=EDGE_CURVE('',#335,#326,#339,.T.);
#341=ORIENTED_EDGE('',*,*,#340,.F.);
#342=CARTESIAN_POINT('',(127.640204977,-45.667438779,5.457459202));
#343=VERTEX_POINT('',#342);
#344=CARTESIAN_POINT('',(127.640204977,-46.167438779,5.457459202));
#345=DIRECTION('',(0.,-0.,1.));
#346=DIRECTION('',(0.,-1.,-0.));
#347=AXIS2_PLACEMENT_3D('',#344,#345,#346);
#348=CIRCLE('',#347,0.5);
#349=EDGE_CURVE('',#335,#343,#348,.T.);
#350=ORIENTED_EDGE('',*,*,#349,.T.);
#351=CARTESIAN_POINT('',(127.640204977,-46.167438779,5.457459202));
#352=DIRECTION('',(0.,-0.,1.));
#353=DIRECTION('',(0.,-1.,-0.));
#354=AXIS2_PLACEMENT_3D('',#351,#352,#353);
#355=CIRCLE('',#354,0.5);
#356=EDGE_CURVE('',#343,#309,#355,.T.);
#357=ORIENTED_EDGE('',*,*,#356,.T.);
#358=EDGE_LOOP('',(#315,#324,#333,#341,#350,#357));
#359=FACE_BOUND('',#358,.T.);
#360=ADVANCED_FACE('',(#93,#305,#359),#59,.F.);
#361=CARTESIAN_POINT('',(138.469906052,55.932561221,21.757459202));
#362=DIRECTION('',(1.,0.,0.));
#363=DIRECTION('',(0.,1.,0.));
#364=AXIS2_PLACEMENT_3D('',#361,#362,#363);
#365=PLANE('',#364);
#366=CARTESIAN_POINT('',(138.469906052,52.420661221,9.857459202));
#367=VERTEX_POINT('',#366);
#368=CARTESIAN_POINT('',(138.469906052,46.620661221,9.857459202));
#369=VERTEX_POINT('',#368);
#370=CARTESIAN_POINT('',(138.469906052,52.420661221,9.857459202));
#371=DIRECTION('',(0.,-1.,-0.));
#372=VECTOR('',#371,5.8);
#373=LINE('',#370,#372);
#374=EDGE_CURVE('',#367,#369,#373,.T.);
#375=ORIENTED_EDGE('',*,*,#374,.T.);
#376=CARTESIAN_POINT('',(138.469906052,46.620661221,15.357459202));
#377=VERTEX_POINT('',#376);
#378=CARTESIAN_POINT('',(138.469906052,46.620661221,9.857459202));
#379=DIRECTION('',(0.,-0.,1.));
#380=VECTOR('',#379,5.5);
#381=LINE('',#378,#380);
#382=EDGE_CURVE('',#369,#377,#381,.T.);
#383=ORIENTED_EDGE('',*,*,#382,.T.);
#384=CARTESIAN_POINT('',(138.469906052,52.420661221,15.357459202));
#385=VERTEX_POINT('',#384);
#386=CARTESIAN_POINT('',(138.469906052,46.620661221,15.357459202));
#387=DIRECTION('',(-0.,1.,0.));
#388=VECTOR('',#387,5.8);
#389=LINE('',#386,#388);
#390=EDGE_CURVE('',#377,#385,#389,.T.);
#391=ORIENTED_EDGE('',*,*,#390,.T.);
#392=CARTESIAN_POINT('',(138.469906052,52.420661221,15.357459202));
#393=DIRECTION('',(0.,0.,-1.));
#394=VECTOR('',#393,5.5);
#395=LINE('',#392,#394);
#396=EDGE_CURVE('',#385,#367,#395,.T.);
#397=ORIENTED_EDGE('',*,*,#396,.T.);
#398=EDGE_LOOP('',(#375,#383,#391,#397));
#399=FACE_BOUND('',#398,.T.);
#400=CARTESIAN_POINT('',(138.469906052,47.087818509,14.932459202));
#401=VERTEX_POINT('',#400);
#402=CARTESIAN_POINT('',(138.469906052,47.087818509,10.282459202));
#403=VERTEX_POINT('',#402);
#404=CARTESIAN_POINT('',(138.469906052,47.087818509,14.932459202));
#405=DIRECTION('',(-0.,0.,-1.));
#406=VECTOR('',#405,4.65);
#407=LINE('',#404,#406);
#408=EDGE_CURVE('',#401,#403,#407,.T.);
#409=ORIENTED_EDGE('',*,*,#408,.T.);
#410=CARTESIAN_POINT('',(138.469906052,48.153503934,10.282459202));
#411=VERTEX_POINT('',#410);
#412=CARTESIAN_POINT('',(138.469906052,47.087818509,10.282459202));
#413=DIRECTION('',(0.,1.,0.));
#414=VECTOR('',#413,1.065685425);
#415=LINE('',#412,#414);
#416=EDGE_CURVE('',#403,#411,#415,.T.);
#417=ORIENTED_EDGE('',*,*,#416,.T.);
#418=CARTESIAN_POINT('',(138.469906052,48.153503934,14.932459202));
#419=VERTEX_POINT('',#418);
#420=CARTESIAN_POINT('',(138.469906052,48.153503934,10.282459202));
#421=DIRECTION('',(-0.,-0.,1.));
#422=VECTOR('',#421,4.65);
#423=LINE('',#420,#422);
#424=EDGE_CURVE('',#411,#419,#423,.T.);
#425=ORIENTED_EDGE('',*,*,#424,.T.);
#426=CARTESIAN_POINT('',(138.469906052,48.153503934,14.932459202));
#427=DIRECTION('',(0.,-1.,-0.));
#428=VECTOR('',#427,1.065685425);
#429=LINE('',#426,#428);
#430=EDGE_CURVE('',#419,#401,#429,.T.);
#431=ORIENTED_EDGE('',*,*,#430,.T.);
#432=EDGE_LOOP('',(#409,#417,#425,#431));
#433=FACE_BOUND('',#432,.T.);
#434=ADVANCED_FACE('',(#399,#433),#365,.F.);
#435=CARTESIAN_POINT('',(124.469906052,55.932561221,21.757459202));
#436=DIRECTION('',(-1.,0.,0.));
#437=DIRECTION('',(0.,-1.,-0.));
#438=AXIS2_PLACEMENT_3D('',#435,#436,#437);
#439=PLANE('',#438);
#440=CARTESIAN_POINT('',(124.469906052,52.420661221,15.357459202));
#441=VERTEX_POINT('',#440);
#442=CARTESIAN_POINT('',(124.469906052,46.620661221,15.357459202));
#443=VERTEX_POINT('',#442);
#444=CARTESIAN_POINT('',(124.469906052,52.420661221,15.357459202));
#445=DIRECTION('',(0.,-1.,-0.));
#446=VECTOR('',#445,5.8);
#447=LINE('',#444,#446);
#448=EDGE_CURVE('',#441,#443,#447,.T.);
#449=ORIENTED_EDGE('',*,*,#448,.T.);
#450=CARTESIAN_POINT('',(124.469906052,46.620661221,9.857459202));
#451=VERTEX_POINT('',#450);
#452=CARTESIAN_POINT('',(124.469906052,46.620661221,15.357459202));
#453=DIRECTION('',(0.,0.,-1.));
#454=VECTOR('',#453,5.5);
#455=LINE('',#452,#454);
#456=EDGE_CURVE('',#443,#451,#455,.T.);
#457=ORIENTED_EDGE('',*,*,#456,.T.);
#458=CARTESIAN_POINT('',(124.469906052,52.420661221,9.857459202));
#459=VERTEX_POINT('',#458);
#460=CARTESIAN_POINT('',(124.469906052,46.620661221,9.857459202));
#461=DIRECTION('',(-0.,1.,0.));
#462=VECTOR('',#461,5.8);
#463=LINE('',#460,#462);
#464=EDGE_CURVE('',#451,#459,#463,.T.);
#465=ORIENTED_EDGE('',*,*,#464,.T.);
#466=CARTESIAN_POINT('',(124.469906052,52.420661221,9.857459202));
#467=DIRECTION('',(0.,-0.,1.));
#468=VECTOR('',#467,5.5);
#469=LINE('',#466,#468);
#470=EDGE_CURVE('',#459,#441,#469,.T.);
#471=ORIENTED_EDGE('',*,*,#470,.T.);
#472=EDGE_LOOP('',(#449,#457,#465,#471));
#473=FACE_BOUND('',#472,.T.);
#474=CARTESIAN_POINT('',(124.469906052,48.153503934,14.932459202));
#475=VERTEX_POINT('',#474);
#476=CARTESIAN_POINT('',(124.469906052,48.153503934,10.282459202));
#477=VERTEX_POINT('',#476);
#478=CARTESIAN_POINT('',(124.469906052,48.153503934,14.932459202));
#479=DIRECTION('',(-0.,0.,-1.));
#480=VECTOR('',#479,4.65);
#481=LINE('',#478,#480);
#482=EDGE_CURVE('',#475,#477,#481,.T.);
#483=ORIENTED_EDGE('',*,*,#482,.T.);
#484=CARTESIAN_POINT('',(124.469906052,47.087818509,10.282459202));
#485=VERTEX_POINT('',#484);
#486=CARTESIAN_POINT('',(124.469906052,48.153503934,10.282459202));
#487=DIRECTION('',(0.,-1.,-0.));
#488=VECTOR('',#487,1.065685425);
#489=LINE('',#486,#488);
#490=EDGE_CURVE('',#477,#485,#489,.T.);
#491=ORIENTED_EDGE('',*,*,#490,.T.);
#492=CARTESIAN_POINT('',(124.469906052,47.087818509,14.932459202));
#493=VERTEX_POINT('',#492);
#494=CARTESIAN_POINT('',(124.469906052,47.087818509,10.282459202));
#495=DIRECTION('',(-0.,-0.,1.));
#496=VECTOR('',#495,4.65);
#497=LINE('',#494,#496);
#498=EDGE_CURVE('',#485,#493,#497,.T.);
#499=ORIENTED_EDGE('',*,*,#498,.T.);
#500=CARTESIAN_POINT('',(124.469906052,47.087818509,14.932459202));
#501=DIRECTION('',(0.,1.,0.));
#502=VECTOR('',#501,1.065685425);
#503=LINE('',#500,#502);
#504=EDGE_CURVE('',#493,#475,#503,.T.);
#505=ORIENTED_EDGE('',*,*,#504,.T.);
#506=EDGE_LOOP('',(#483,#491,#499,#505));
#507=FACE_BOUND('',#506,.T.);
#508=ADVANCED_FACE('',(#473,#507),#439,.F.);
#509=CARTESIAN_POINT('',(124.469906052,-50.867438779,14.906239592));
#510=DIRECTION('',(-1.,0.,0.));
#511=DIRECTION('',(0.,-1.,-0.));
#512=AXIS2_PLACEMENT_3D('',#509,#510,#511);
#513=PLANE('',#512);
#514=CARTESIAN_POINT('',(124.469906052,-56.067438779,9.857459202));
#515=VERTEX_POINT('',#514);
#516=CARTESIAN_POINT('',(124.469906052,-50.267438779,9.857459202));
#517=VERTEX_POINT('',#516);
#518=CARTESIAN_POINT('',(124.469906052,-56.067438779,9.857459202));
#519=DIRECTION('',(-0.,1.,0.));
#520=VECTOR('',#519,5.8);
#521=LINE('',#518,#520);
#522=EDGE_CURVE('',#515,#517,#521,.T.);
#523=ORIENTED_EDGE('',*,*,#522,.T.);
#524=CARTESIAN_POINT('',(124.469906052,-50.267438779,15.357459202));
#525=VERTEX_POINT('',#524);
#526=CARTESIAN_POINT('',(124.469906052,-50.267438779,9.857459202));
#527=DIRECTION('',(0.,-0.,1.));
#528=VECTOR('',#527,5.5);
#529=LINE('',#526,#528);
#530=EDGE_CURVE('',#517,#525,#529,.T.);
#531=ORIENTED_EDGE('',*,*,#530,.T.);
#532=CARTESIAN_POINT('',(124.469906052,-56.067438779,15.357459202));
#533=VERTEX_POINT('',#532);
#534=CARTESIAN_POINT('',(124.469906052,-50.267438779,15.357459202));
#535=DIRECTION('',(0.,-1.,-0.));
#536=VECTOR('',#535,5.8);
#537=LINE('',#534,#536);
#538=EDGE_CURVE('',#525,#533,#537,.T.);
#539=ORIENTED_EDGE('',*,*,#538,.T.);
#540=CARTESIAN_POINT('',(124.469906052,-56.067438779,15.357459202));
#541=DIRECTION('',(0.,0.,-1.));
#542=VECTOR('',#541,5.5);
#543=LINE('',#540,#542);
#544=EDGE_CURVE('',#533,#515,#543,.T.);
#545=ORIENTED_EDGE('',*,*,#544,.T.);
#546=EDGE_LOOP('',(#523,#531,#539,#545));
#547=FACE_BOUND('',#546,.T.);
#548=CARTESIAN_POINT('',(124.469906052,-50.734596066,14.932459202));
#549=VERTEX_POINT('',#548);
#550=CARTESIAN_POINT('',(124.469906052,-50.734596066,10.282459202));
#551=VERTEX_POINT('',#550);
#552=CARTESIAN_POINT('',(124.469906052,-50.734596066,14.932459202));
#553=DIRECTION('',(-0.,0.,-1.));
#554=VECTOR('',#553,4.65);
#555=LINE('',#552,#554);
#556=EDGE_CURVE('',#549,#551,#555,.T.);
#557=ORIENTED_EDGE('',*,*,#556,.T.);
#558=CARTESIAN_POINT('',(124.469906052,-51.800281491,10.282459202));
#559=VERTEX_POINT('',#558);
#560=CARTESIAN_POINT('',(124.469906052,-50.734596066,10.282459202));
#561=DIRECTION('',(0.,-1.,-0.));
#562=VECTOR('',#561,1.065685425);
#563=LINE('',#560,#562);
#564=EDGE_CURVE('',#551,#559,#563,.T.);
#565=ORIENTED_EDGE('',*,*,#564,.T.);
#566=CARTESIAN_POINT('',(124.469906052,-51.800281491,14.932459202));
#567=VERTEX_POINT('',#566);
#568=CARTESIAN_POINT('',(124.469906052,-51.800281491,10.282459202));
#569=DIRECTION('',(-0.,-0.,1.));
#570=VECTOR('',#569,4.65);
#571=LINE('',#568,#570);
#572=EDGE_CURVE('',#559,#567,#571,.T.);
#573=ORIENTED_EDGE('',*,*,#572,.T.);
#574=CARTESIAN_POINT('',(124.469906052,-51.800281491,14.932459202));
#575=DIRECTION('',(0.,1.,0.));
#576=VECTOR('',#575,1.065685425);
#577=LINE('',#574,#576);
#578=EDGE_CURVE('',#567,#549,#577,.T.);
#579=ORIENTED_EDGE('',*,*,#578,.T.);
#580=EDGE_LOOP('',(#557,#565,#573,#579));
#581=FACE_BOUND('',#580,.T.);
#582=ADVANCED_FACE('',(#547,#581),#513,.F.);
#583=CARTESIAN_POINT('',(138.469906052,-50.867438779,14.906239592));
#584=DIRECTION('',(1.,0.,0.));
#585=DIRECTION('',(0.,1.,0.));
#586=AXIS2_PLACEMENT_3D('',#583,#584,#585);
#587=PLANE('',#586);
#588=CARTESIAN_POINT('',(138.469906052,-56.067438779,15.357459202));
#589=VERTEX_POINT('',#588);
#590=CARTESIAN_POINT('',(138.469906052,-50.267438779,15.357459202));
#591=VERTEX_POINT('',#590);
#592=CARTESIAN_POINT('',(138.469906052,-56.067438779,15.357459202));
#593=DIRECTION('',(-0.,1.,0.));
#594=VECTOR('',#593,5.8);
#595=LINE('',#592,#594);
#596=EDGE_CURVE('',#589,#591,#595,.T.);
#597=ORIENTED_EDGE('',*,*,#596,.T.);
#598=CARTESIAN_POINT('',(138.469906052,-50.267438779,9.857459202));
#599=VERTEX_POINT('',#598);
#600=CARTESIAN_POINT('',(138.469906052,-50.267438779,15.357459202));
#601=DIRECTION('',(0.,0.,-1.));
#602=VECTOR('',#601,5.5);
#603=LINE('',#600,#602);
#604=EDGE_CURVE('',#591,#599,#603,.T.);
#605=ORIENTED_EDGE('',*,*,#604,.T.);
#606=CARTESIAN_POINT('',(138.469906052,-56.067438779,9.857459202));
#607=VERTEX_POINT('',#606);
#608=CARTESIAN_POINT('',(138.469906052,-50.267438779,9.857459202));
#609=DIRECTION('',(0.,-1.,-0.));
#610=VECTOR('',#609,5.8);
#611=LINE('',#608,#610);
#612=EDGE_CURVE('',#599,#607,#611,.T.);
#613=ORIENTED_EDGE('',*,*,#612,.T.);
#614=CARTESIAN_POINT('',(138.469906052,-56.067438779,9.857459202));
#615=DIRECTION('',(0.,-0.,1.));
#616=VECTOR('',#615,5.5);
#617=LINE('',#614,#616);
#618=EDGE_CURVE('',#607,#589,#617,.T.);
#619=ORIENTED_EDGE('',*,*,#618,.T.);
#620=EDGE_LOOP('',(#597,#605,#613,#619));
#621=FACE_BOUND('',#620,.T.);
#622=CARTESIAN_POINT('',(138.469906052,-51.800281491,14.932459202));
#623=VERTEX_POINT('',#622);
#624=CARTESIAN_POINT('',(138.469906052,-51.800281491,10.282459202));
#625=VERTEX_POINT('',#624);
#626=CARTESIAN_POINT('',(138.469906052,-51.800281491,14.932459202));
#627=DIRECTION('',(-0.,0.,-1.));
#628=VECTOR('',#627,4.65);
#629=LINE('',#626,#628);
#630=EDGE_CURVE('',#623,#625,#629,.T.);
#631=ORIENTED_EDGE('',*,*,#630,.T.);
#632=CARTESIAN_POINT('',(138.469906052,-50.734596066,10.282459202));
#633=VERTEX_POINT('',#632);
#634=CARTESIAN_POINT('',(138.469906052,-51.800281491,10.282459202));
#635=DIRECTION('',(0.,1.,0.));
#636=VECTOR('',#635,1.065685425);
#637=LINE('',#634,#636);
#638=EDGE_CURVE('',#625,#633,#637,.T.);
#639=ORIENTED_EDGE('',*,*,#638,.T.);
#640=CARTESIAN_POINT('',(138.469906052,-50.734596066,14.932459202));
#641=VERTEX_POINT('',#640);
#642=CARTESIAN_POINT('',(138.469906052,-50.734596066,10.282459202));
#643=DIRECTION('',(-0.,-0.,1.));
#644=VECTOR('',#643,4.65);
#645=LINE('',#642,#644);
#646=EDGE_CURVE('',#633,#641,#645,.T.);
#647=ORIENTED_EDGE('',*,*,#646,.T.);
#648=CARTESIAN_POINT('',(138.469906052,-50.734596066,14.932459202));
#649=DIRECTION('',(0.,-1.,-0.));
#650=VECTOR('',#649,1.065685425);
#651=LINE('',#648,#650);
#652=EDGE_CURVE('',#641,#623,#651,.T.);
#653=ORIENTED_EDGE('',*,*,#652,.T.);
#654=EDGE_LOOP('',(#631,#639,#647,#653));
#655=FACE_BOUND('',#654,.T.);
#656=ADVANCED_FACE('',(#621,#655),#587,.F.);
#657=CARTESIAN_POINT('',(0.132499365,53.420661221,21.757459202));
#658=DIRECTION('',(0.,1.,0.));
#659=DIRECTION('',(0.,-0.,1.));
#660=AXIS2_PLACEMENT_3D('',#657,#658,#659);
#661=PLANE('',#660);
#662=CARTESIAN_POINT('',(83.160610588,53.420661221,16.857459202));
#663=VERTEX_POINT('',#662);
#664=CARTESIAN_POINT('',(100.469,53.420661221,16.857459202));
#665=VERTEX_POINT('',#664);
#666=CARTESIAN_POINT('',(83.160610588,53.420661221,16.857459202));
#667=DIRECTION('',(1.,0.,-0.));
#668=VECTOR('',#667,17.308389412);
#669=LINE('',#666,#668);
#670=EDGE_CURVE('',#663,#665,#669,.T.);
#671=ORIENTED_EDGE('',*,*,#670,.T.);
#672=CARTESIAN_POINT('',(102.169,53.420661221,15.157459202));
#673=VERTEX_POINT('',#672);
#674=CARTESIAN_POINT('',(100.469,53.420661221,16.857459202));
#675=DIRECTION('',(0.707106781,0.,-0.707106781));
#676=VECTOR('',#675,2.404163056);
#677=LINE('',#674,#676);
#678=EDGE_CURVE('',#665,#673,#677,.T.);
#679=ORIENTED_EDGE('',*,*,#678,.T.);
#680=CARTESIAN_POINT('',(102.169,53.420661221,13.057459162));
#681=VERTEX_POINT('',#680);
#682=CARTESIAN_POINT('',(102.169,53.420661221,13.057459162));
#683=DIRECTION('',(0.,-0.,1.));
#684=VECTOR('',#683,2.10000004);
#685=LINE('',#682,#684);
#686=EDGE_CURVE('',#681,#673,#685,.T.);
#687=ORIENTED_EDGE('',*,*,#686,.F.);
#688=CARTESIAN_POINT('',(103.169,53.420661221,12.057459162));
#689=VERTEX_POINT('',#688);
#690=CARTESIAN_POINT('',(103.169,53.420661221,13.057459162));
#691=DIRECTION('',(-0.,-1.,-0.));
#692=DIRECTION('',(0.,-0.,1.));
#693=AXIS2_PLACEMENT_3D('',#690,#691,#692);
#694=CIRCLE('',#693,1.);
#695=EDGE_CURVE('',#681,#689,#694,.T.);
#696=ORIENTED_EDGE('',*,*,#695,.T.);
#697=CARTESIAN_POINT('',(112.802163451,53.420661221,12.057459162));
#698=VERTEX_POINT('',#697);
#699=CARTESIAN_POINT('',(103.169,53.420661221,12.057459162));
#700=DIRECTION('',(1.,0.,-0.));
#701=VECTOR('',#700,9.633163451);
#702=LINE('',#699,#701);
#703=EDGE_CURVE('',#689,#698,#702,.T.);
#704=ORIENTED_EDGE('',*,*,#703,.T.);
#705=CARTESIAN_POINT('',(113.802166086,53.420661221,13.057459162));
#706=VERTEX_POINT('',#705);
#707=CARTESIAN_POINT('',(112.802163451,53.420661221,13.057459162));
#708=DIRECTION('',(-0.,-1.,-0.));
#709=DIRECTION('',(-1.,0.,-0.000000111));
#710=AXIS2_PLACEMENT_3D('',#707,#708,#709);
#711=ELLIPSE('',#710,1.000002635,1.);
#712=EDGE_CURVE('',#698,#706,#711,.T.);
#713=ORIENTED_EDGE('',*,*,#712,.T.);
#714=CARTESIAN_POINT('',(113.802166086,53.420661221,15.157459202));
#715=VERTEX_POINT('',#714);
#716=CARTESIAN_POINT('',(113.802166086,53.420661221,15.157459202));
#717=DIRECTION('',(-0.,0.,-1.));
#718=VECTOR('',#717,2.10000004);
#719=LINE('',#716,#718);
#720=EDGE_CURVE('',#715,#706,#719,.T.);
#721=ORIENTED_EDGE('',*,*,#720,.F.);
#722=CARTESIAN_POINT('',(115.502170566,53.420661221,16.857459202));
#723=VERTEX_POINT('',#722);
#724=CARTESIAN_POINT('',(113.802166086,53.420661221,15.157459202));
#725=DIRECTION('',(0.707107713,-0.,0.707105849));
#726=VECTOR('',#725,2.404166224);
#727=LINE('',#724,#726);
#728=EDGE_CURVE('',#715,#723,#727,.T.);
#729=ORIENTED_EDGE('',*,*,#728,.T.);
#730=CARTESIAN_POINT('',(141.119799365,53.420661221,16.857459202));
#731=VERTEX_POINT('',#730);
#732=CARTESIAN_POINT('',(115.502170566,53.420661221,16.857459202));
#733=DIRECTION('',(1.,0.,-0.));
#734=VECTOR('',#733,25.617628799);
#735=LINE('',#732,#734);
#736=EDGE_CURVE('',#723,#731,#735,.T.);
#737=ORIENTED_EDGE('',*,*,#736,.T.);
#738=CARTESIAN_POINT('',(141.119799365,53.420661221,5.957459202));
#739=VERTEX_POINT('',#738);
#740=CARTESIAN_POINT('',(141.119799365,53.420661221,16.857459202));
#741=DIRECTION('',(-0.,0.,-1.));
#742=VECTOR('',#741,10.9);
#743=LINE('',#740,#742);
#744=EDGE_CURVE('',#731,#739,#743,.T.);
#745=ORIENTED_EDGE('',*,*,#744,.T.);
#746=CARTESIAN_POINT('',(83.160610588,53.420661221,5.957459202));
#747=VERTEX_POINT('',#746);
#748=CARTESIAN_POINT('',(141.119799365,53.420661221,5.957459202));
#749=DIRECTION('',(-1.,-0.,0.));
#750=VECTOR('',#749,57.959188777);
#751=LINE('',#748,#750);
#752=EDGE_CURVE('',#739,#747,#751,.T.);
#753=ORIENTED_EDGE('',*,*,#752,.T.);
#754=CARTESIAN_POINT('',(83.160610588,53.420661221,5.957459202));
#755=DIRECTION('',(0.,-0.,1.));
#756=VECTOR('',#755,10.9);
#757=LINE('',#754,#756);
#758=EDGE_CURVE('',#747,#663,#757,.T.);
#759=ORIENTED_EDGE('',*,*,#758,.T.);
#760=EDGE_LOOP('',(#671,#679,#687,#696,#704,#713,#721,#729,#737,#745,#753,#759));
#761=FACE_BOUND('',#760,.T.);
#762=CARTESIAN_POINT('',(130.,53.420661221,14.819287837));
#763=VERTEX_POINT('',#762);
#764=CARTESIAN_POINT('',(130.,53.420661221,13.819287837));
#765=VERTEX_POINT('',#764);
#766=CARTESIAN_POINT('',(130.,53.420661221,14.819287837));
#767=DIRECTION('',(0.,0.,-1.));
#768=VECTOR('',#767,1.);
#769=LINE('',#766,#768);
#770=EDGE_CURVE('',#763,#765,#769,.T.);
#771=ORIENTED_EDGE('',*,*,#770,.T.);
#772=CARTESIAN_POINT('',(130.5,53.420661221,13.319287837));
#773=VERTEX_POINT('',#772);
#774=CARTESIAN_POINT('',(130.5,53.420661221,13.819287837));
#775=DIRECTION('',(-0.,-1.,-0.));
#776=DIRECTION('',(0.,-0.,1.));
#777=AXIS2_PLACEMENT_3D('',#774,#775,#776);
#778=CIRCLE('',#777,0.5);
#779=EDGE_CURVE('',#765,#773,#778,.T.);
#780=ORIENTED_EDGE('',*,*,#779,.T.);
#781=CARTESIAN_POINT('',(132.5,53.420661221,13.319287837));
#782=VERTEX_POINT('',#781);
#783=CARTESIAN_POINT('',(130.5,53.420661221,13.319287837));
#784=DIRECTION('',(1.,0.,-0.));
#785=VECTOR('',#784,2.);
#786=LINE('',#783,#785);
#787=EDGE_CURVE('',#773,#782,#786,.T.);
#788=ORIENTED_EDGE('',*,*,#787,.T.);
#789=CARTESIAN_POINT('',(133.,53.420661221,13.819287837));
#790=VERTEX_POINT('',#789);
#791=CARTESIAN_POINT('',(132.5,53.420661221,13.819287837));
#792=DIRECTION('',(-0.,-1.,-0.));
#793=DIRECTION('',(0.,-0.,1.));
#794=AXIS2_PLACEMENT_3D('',#791,#792,#793);
#795=CIRCLE('',#794,0.5);
#796=EDGE_CURVE('',#782,#790,#795,.T.);
#797=ORIENTED_EDGE('',*,*,#796,.T.);
#798=CARTESIAN_POINT('',(133.,53.420661221,14.819287837));
#799=VERTEX_POINT('',#798);
#800=CARTESIAN_POINT('',(133.,53.420661221,13.819287837));
#801=DIRECTION('',(0.,-0.,1.));
#802=VECTOR('',#801,1.);
#803=LINE('',#800,#802);
#804=EDGE_CURVE('',#790,#799,#803,.T.);
#805=ORIENTED_EDGE('',*,*,#804,.T.);
#806=CARTESIAN_POINT('',(132.5,53.420661221,15.319287837));
#807=VERTEX_POINT('',#806);
#808=CARTESIAN_POINT('',(132.5,53.420661221,14.819287837));
#809=DIRECTION('',(-0.,-1.,-0.));
#810=DIRECTION('',(0.,-0.,1.));
#811=AXIS2_PLACEMENT_3D('',#808,#809,#810);
#812=CIRCLE('',#811,0.5);
#813=EDGE_CURVE('',#799,#807,#812,.T.);
#814=ORIENTED_EDGE('',*,*,#813,.T.);
#815=CARTESIAN_POINT('',(130.5,53.420661221,15.319287837));
#816=VERTEX_POINT('',#815);
#817=CARTESIAN_POINT('',(132.5,53.420661221,15.319287837));
#818=DIRECTION('',(-1.,0.,0.));
#819=VECTOR('',#818,2.);
#820=LINE('',#817,#819);
#821=EDGE_CURVE('',#807,#816,#820,.T.);
#822=ORIENTED_EDGE('',*,*,#821,.T.);
#823=CARTESIAN_POINT('',(130.5,53.420661221,14.819287837));
#824=DIRECTION('',(-0.,-1.,-0.));
#825=DIRECTION('',(0.,-0.,1.));
#826=AXIS2_PLACEMENT_3D('',#823,#824,#825);
#827=CIRCLE('',#826,0.5);
#828=EDGE_CURVE('',#816,#763,#827,.T.);
#829=ORIENTED_EDGE('',*,*,#828,.T.);
#830=EDGE_LOOP('',(#771,#780,#788,#797,#805,#814,#822,#829));
#831=FACE_BOUND('',#830,.T.);
#832=ADVANCED_FACE('',(#761,#831),#661,.T.);
#833=CARTESIAN_POINT('',(-1.367500635,-57.067438779,21.757459202));
#834=DIRECTION('',(0.,-1.,-0.));
#835=DIRECTION('',(0.,-0.,1.));
#836=AXIS2_PLACEMENT_3D('',#833,#834,#835);
#837=PLANE('',#836);
#838=CARTESIAN_POINT('',(83.160610588,-57.067438779,5.957459202));
#839=VERTEX_POINT('',#838);
#840=CARTESIAN_POINT('',(83.160610588,-57.067438779,16.857459202));
#841=VERTEX_POINT('',#840);
#842=CARTESIAN_POINT('',(83.160610588,-57.067438779,5.957459202));
#843=DIRECTION('',(0.,-0.,1.));
#844=VECTOR('',#843,10.9);
#845=LINE('',#842,#844);
#846=EDGE_CURVE('',#839,#841,#845,.T.);
#847=ORIENTED_EDGE('',*,*,#846,.F.);
#848=CARTESIAN_POINT('',(141.119799365,-57.067438779,5.957459202));
#849=VERTEX_POINT('',#848);
#850=CARTESIAN_POINT('',(83.160610588,-57.067438779,5.957459202));
#851=DIRECTION('',(1.,-0.,-0.));
#852=VECTOR('',#851,57.959188777);
#853=LINE('',#850,#852);
#854=EDGE_CURVE('',#839,#849,#853,.T.);
#855=ORIENTED_EDGE('',*,*,#854,.T.);
#856=CARTESIAN_POINT('',(141.119799365,-57.067438779,16.857459202));
#857=VERTEX_POINT('',#856);
#858=CARTESIAN_POINT('',(141.119799365,-57.067438779,5.957459202));
#859=DIRECTION('',(0.,-0.,1.));
#860=VECTOR('',#859,10.9);
#861=LINE('',#858,#860);
#862=EDGE_CURVE('',#849,#857,#861,.T.);
#863=ORIENTED_EDGE('',*,*,#862,.T.);
#864=CARTESIAN_POINT('',(115.5197,-57.067438779,16.857459202));
#865=VERTEX_POINT('',#864);
#866=CARTESIAN_POINT('',(141.119799365,-57.067438779,16.857459202));
#867=DIRECTION('',(-1.,0.,0.));
#868=VECTOR('',#867,25.600099365);
#869=LINE('',#866,#868);
#870=EDGE_CURVE('',#857,#865,#869,.T.);
#871=ORIENTED_EDGE('',*,*,#870,.T.);
#872=CARTESIAN_POINT('',(113.8197,-57.067438779,15.157459202));
#873=VERTEX_POINT('',#872);
#874=CARTESIAN_POINT('',(115.5197,-57.067438779,16.857459202));
#875=DIRECTION('',(-0.707106781,-0.,-0.707106781));
#876=VECTOR('',#875,2.404163056);
#877=LINE('',#874,#876);
#878=EDGE_CURVE('',#865,#873,#877,.T.);
#879=ORIENTED_EDGE('',*,*,#878,.T.);
#880=CARTESIAN_POINT('',(113.8197,-57.067438779,13.05745919));
#881=VERTEX_POINT('',#880);
#882=CARTESIAN_POINT('',(113.8197,-57.067438779,15.157459202));
#883=DIRECTION('',(0.,0.,-1.));
#884=VECTOR('',#883,2.100000012);
#885=LINE('',#882,#884);
#886=EDGE_CURVE('',#873,#881,#885,.T.);
#887=ORIENTED_EDGE('',*,*,#886,.T.);
#888=CARTESIAN_POINT('',(112.8197,-57.067438779,12.05745919));
#889=VERTEX_POINT('',#888);
#890=CARTESIAN_POINT('',(112.8197,-57.067438779,13.05745919));
#891=DIRECTION('',(-0.,1.,0.));
#892=DIRECTION('',(0.,0.,-1.));
#893=AXIS2_PLACEMENT_3D('',#890,#891,#892);
#894=CIRCLE('',#893,1.);
#895=EDGE_CURVE('',#881,#889,#894,.T.);
#896=ORIENTED_EDGE('',*,*,#895,.T.);
#897=CARTESIAN_POINT('',(103.169,-57.067438779,12.05745919));
#898=VERTEX_POINT('',#897);
#899=CARTESIAN_POINT('',(112.8197,-57.067438779,12.05745919));
#900=DIRECTION('',(-1.,0.,0.));
#901=VECTOR('',#900,9.6507);
#902=LINE('',#899,#901);
#903=EDGE_CURVE('',#889,#898,#902,.T.);
#904=ORIENTED_EDGE('',*,*,#903,.T.);
#905=CARTESIAN_POINT('',(102.169,-57.067438779,13.05745919));
#906=VERTEX_POINT('',#905);
#907=CARTESIAN_POINT('',(103.169,-57.067438779,13.05745919));
#908=DIRECTION('',(-0.,1.,0.));
#909=DIRECTION('',(0.,0.,-1.));
#910=AXIS2_PLACEMENT_3D('',#907,#908,#909);
#911=CIRCLE('',#910,1.);
#912=EDGE_CURVE('',#898,#906,#911,.T.);
#913=ORIENTED_EDGE('',*,*,#912,.T.);
#914=CARTESIAN_POINT('',(102.169,-57.067438779,15.157459202));
#915=VERTEX_POINT('',#914);
#916=CARTESIAN_POINT('',(102.169,-57.067438779,13.05745919));
#917=DIRECTION('',(0.,-0.,1.));
#918=VECTOR('',#917,2.100000012);
#919=LINE('',#916,#918);
#920=EDGE_CURVE('',#906,#915,#919,.T.);
#921=ORIENTED_EDGE('',*,*,#920,.T.);
#922=CARTESIAN_POINT('',(100.469,-57.067438779,16.857459202));
#923=VERTEX_POINT('',#922);
#924=CARTESIAN_POINT('',(102.169,-57.067438779,15.157459202));
#925=DIRECTION('',(-0.707106781,-0.,0.707106781));
#926=VECTOR('',#925,2.404163056);
#927=LINE('',#924,#926);
#928=EDGE_CURVE('',#915,#923,#927,.T.);
#929=ORIENTED_EDGE('',*,*,#928,.T.);
#930=CARTESIAN_POINT('',(100.469,-57.067438779,16.857459202));
#931=DIRECTION('',(-1.,0.,0.));
#932=VECTOR('',#931,17.308389412);
#933=LINE('',#930,#932);
#934=EDGE_CURVE('',#923,#841,#933,.T.);
#935=ORIENTED_EDGE('',*,*,#934,.T.);
#936=EDGE_LOOP('',(#847,#855,#863,#871,#879,#887,#896,#904,#913,#921,#929,#935));
#937=FACE_BOUND('',#936,.T.);
#938=CARTESIAN_POINT('',(130.,-57.067438779,13.819287837));
#939=VERTEX_POINT('',#938);
#940=CARTESIAN_POINT('',(130.,-57.067438779,14.819287837));
#941=VERTEX_POINT('',#940);
#942=CARTESIAN_POINT('',(130.,-57.067438779,13.819287837));
#943=DIRECTION('',(0.,-0.,1.));
#944=VECTOR('',#943,1.);
#945=LINE('',#942,#944);
#946=EDGE_CURVE('',#939,#941,#945,.T.);
#947=ORIENTED_EDGE('',*,*,#946,.T.);
#948=CARTESIAN_POINT('',(130.5,-57.067438779,15.319287837));
#949=VERTEX_POINT('',#948);
#950=CARTESIAN_POINT('',(130.5,-57.067438779,14.819287837));
#951=DIRECTION('',(-0.,1.,0.));
#952=DIRECTION('',(0.,0.,-1.));
#953=AXIS2_PLACEMENT_3D('',#950,#951,#952);
#954=CIRCLE('',#953,0.5);
#955=EDGE_CURVE('',#941,#949,#954,.T.);
#956=ORIENTED_EDGE('',*,*,#955,.T.);
#957=CARTESIAN_POINT('',(132.5,-57.067438779,15.319287837));
#958=VERTEX_POINT('',#957);
#959=CARTESIAN_POINT('',(130.5,-57.067438779,15.319287837));
#960=DIRECTION('',(1.,0.,-0.));
#961=VECTOR('',#960,2.);
#962=LINE('',#959,#961);
#963=EDGE_CURVE('',#949,#958,#962,.T.);
#964=ORIENTED_EDGE('',*,*,#963,.T.);
#965=CARTESIAN_POINT('',(133.,-57.067438779,14.819287837));
#966=VERTEX_POINT('',#965);
#967=CARTESIAN_POINT('',(132.5,-57.067438779,14.819287837));
#968=DIRECTION('',(-0.,1.,0.));
#969=DIRECTION('',(0.,0.,-1.));
#970=AXIS2_PLACEMENT_3D('',#967,#968,#969);
#971=CIRCLE('',#970,0.5);
#972=EDGE_CURVE('',#958,#966,#971,.T.);
#973=ORIENTED_EDGE('',*,*,#972,.T.);
#974=CARTESIAN_POINT('',(133.,-57.067438779,13.819287837));
#975=VERTEX_POINT('',#974);
#976=CARTESIAN_POINT('',(133.,-57.067438779,14.819287837));
#977=DIRECTION('',(0.,0.,-1.));
#978=VECTOR('',#977,1.);
#979=LINE('',#976,#978);
#980=EDGE_CURVE('',#966,#975,#979,.T.);
#981=ORIENTED_EDGE('',*,*,#980,.T.);
#982=CARTESIAN_POINT('',(132.5,-57.067438779,13.319287837));
#983=VERTEX_POINT('',#982);
#984=CARTESIAN_POINT('',(132.5,-57.067438779,13.819287837));
#985=DIRECTION('',(-0.,1.,0.));
#986=DIRECTION('',(0.,0.,-1.));
#987=AXIS2_PLACEMENT_3D('',#984,#985,#986);
#988=CIRCLE('',#987,0.5);
#989=EDGE_CURVE('',#975,#983,#988,.T.);
#990=ORIENTED_EDGE('',*,*,#989,.T.);
#991=CARTESIAN_POINT('',(130.5,-57.067438779,13.319287837));
#992=VERTEX_POINT('',#991);
#993=CARTESIAN_POINT('',(132.5,-57.067438779,13.319287837));
#994=DIRECTION('',(-1.,0.,0.));
#995=VECTOR('',#994,2.);
#996=LINE('',#993,#995);
#997=EDGE_CURVE('',#983,#992,#996,.T.);
#998=ORIENTED_EDGE('',*,*,#997,.T.);
#999=CARTESIAN_POINT('',(130.5,-57.067438779,13.819287837));
#1000=DIRECTION('',(-0.,1.,0.));
#1001=DIRECTION('',(0.,0.,-1.));
#1002=AXIS2_PLACEMENT_3D('',#999,#1000,#1001);
#1003=CIRCLE('',#1002,0.5);
#1004=EDGE_CURVE('',#992,#939,#1003,.T.);
#1005=ORIENTED_EDGE('',*,*,#1004,.T.);
#1006=EDGE_LOOP('',(#947,#956,#964,#973,#981,#990,#998,#1005));
#1007=FACE_BOUND('',#1006,.T.);
#1008=ADVANCED_FACE('',(#937,#1007),#837,.T.);
#1009=CARTESIAN_POINT('',(65.050546008,-56.267438779,16.357459202));
#1010=DIRECTION('',(0.,-1.,-0.));
#1011=DIRECTION('',(0.,0.,-1.));
#1012=AXIS2_PLACEMENT_3D('',#1009,#1010,#1011);
#1013=PLANE('',#1012);
#1014=CARTESIAN_POINT('',(124.669906052,-56.267438779,9.857459202));
#1015=VERTEX_POINT('',#1014);
#1016=CARTESIAN_POINT('',(124.669906052,-56.267438779,15.357459202));
#1017=VERTEX_POINT('',#1016);
#1018=CARTESIAN_POINT('',(124.669906052,-56.267438779,9.857459202));
#1019=DIRECTION('',(0.,-0.,1.));
#1020=VECTOR('',#1019,5.5);
#1021=LINE('',#1018,#1020);
#1022=EDGE_CURVE('',#1015,#1017,#1021,.T.);
#1023=ORIENTED_EDGE('',*,*,#1022,.T.);
#1024=CARTESIAN_POINT('',(125.469906052,-56.267438779,16.157459202));
#1025=VERTEX_POINT('',#1024);
#1026=CARTESIAN_POINT('',(125.469906052,-56.267438779,15.357459202));
#1027=DIRECTION('',(-0.,1.,0.));
#1028=DIRECTION('',(0.,0.,-1.));
#1029=AXIS2_PLACEMENT_3D('',#1026,#1027,#1028);
#1030=CIRCLE('',#1029,0.8);
#1031=EDGE_CURVE('',#1017,#1025,#1030,.T.);
#1032=ORIENTED_EDGE('',*,*,#1031,.T.);
#1033=CARTESIAN_POINT('',(137.469906052,-56.267438779,16.157459202));
#1034=VERTEX_POINT('',#1033);
#1035=CARTESIAN_POINT('',(125.469906052,-56.267438779,16.157459202));
#1036=DIRECTION('',(1.,0.,-0.));
#1037=VECTOR('',#1036,12.);
#1038=LINE('',#1035,#1037);
#1039=EDGE_CURVE('',#1025,#1034,#1038,.T.);
#1040=ORIENTED_EDGE('',*,*,#1039,.T.);
#1041=CARTESIAN_POINT('',(138.269906052,-56.267438779,15.357459202));
#1042=VERTEX_POINT('',#1041);
#1043=CARTESIAN_POINT('',(137.469906052,-56.267438779,15.357459202));
#1044=DIRECTION('',(-0.,1.,0.));
#1045=DIRECTION('',(0.,0.,-1.));
#1046=AXIS2_PLACEMENT_3D('',#1043,#1044,#1045);
#1047=CIRCLE('',#1046,0.8);
#1048=EDGE_CURVE('',#1034,#1042,#1047,.T.);
#1049=ORIENTED_EDGE('',*,*,#1048,.T.);
#1050=CARTESIAN_POINT('',(138.269906052,-56.267438779,9.857459202));
#1051=VERTEX_POINT('',#1050);
#1052=CARTESIAN_POINT('',(138.269906052,-56.267438779,15.357459202));
#1053=DIRECTION('',(0.,0.,-1.));
#1054=VECTOR('',#1053,5.5);
#1055=LINE('',#1052,#1054);
#1056=EDGE_CURVE('',#1042,#1051,#1055,.T.);
#1057=ORIENTED_EDGE('',*,*,#1056,.T.);
#1058=CARTESIAN_POINT('',(137.469906052,-56.267438779,9.057459202));
#1059=VERTEX_POINT('',#1058);
#1060=CARTESIAN_POINT('',(137.469906052,-56.267438779,9.857459202));
#1061=DIRECTION('',(-0.,1.,0.));
#1062=DIRECTION('',(0.,0.,-1.));
#1063=AXIS2_PLACEMENT_3D('',#1060,#1061,#1062);
#1064=CIRCLE('',#1063,0.8);
#1065=EDGE_CURVE('',#1051,#1059,#1064,.T.);
#1066=ORIENTED_EDGE('',*,*,#1065,.T.);
#1067=CARTESIAN_POINT('',(125.469906052,-56.267438779,9.057459202));
#1068=VERTEX_POINT('',#1067);
#1069=CARTESIAN_POINT('',(137.469906052,-56.267438779,9.057459202));
#1070=DIRECTION('',(-1.,0.,0.));
#1071=VECTOR('',#1070,12.);
#1072=LINE('',#1069,#1071);
#1073=EDGE_CURVE('',#1059,#1068,#1072,.T.);
#1074=ORIENTED_EDGE('',*,*,#1073,.T.);
#1075=CARTESIAN_POINT('',(125.469906052,-56.267438779,9.857459202));
#1076=DIRECTION('',(-0.,1.,0.));
#1077=DIRECTION('',(0.,0.,-1.));
#1078=AXIS2_PLACEMENT_3D('',#1075,#1076,#1077);
#1079=CIRCLE('',#1078,0.8);
#1080=EDGE_CURVE('',#1068,#1015,#1079,.T.);
#1081=ORIENTED_EDGE('',*,*,#1080,.T.);
#1082=EDGE_LOOP('',(#1023,#1032,#1040,#1049,#1057,#1066,#1074,#1081));
#1083=FACE_BOUND('',#1082,.T.);
#1084=CARTESIAN_POINT('',(133.,-56.267438779,14.819287837));
#1085=VERTEX_POINT('',#1084);
#1086=CARTESIAN_POINT('',(133.,-56.267438779,13.819287837));
#1087=VERTEX_POINT('',#1086);
#1088=CARTESIAN_POINT('',(133.,-56.267438779,14.819287837));
#1089=DIRECTION('',(0.,0.,-1.));
#1090=VECTOR('',#1089,1.);
#1091=LINE('',#1088,#1090);
#1092=EDGE_CURVE('',#1085,#1087,#1091,.T.);
#1093=ORIENTED_EDGE('',*,*,#1092,.F.);
#1094=CARTESIAN_POINT('',(132.5,-56.267438779,15.319287837));
#1095=VERTEX_POINT('',#1094);
#1096=CARTESIAN_POINT('',(132.5,-56.267438779,14.819287837));
#1097=DIRECTION('',(0.,-1.,-0.));
#1098=DIRECTION('',(0.,0.,-1.));
#1099=AXIS2_PLACEMENT_3D('',#1096,#1097,#1098);
#1100=CIRCLE('',#1099,0.5);
#1101=EDGE_CURVE('',#1085,#1095,#1100,.T.);
#1102=ORIENTED_EDGE('',*,*,#1101,.T.);
#1103=CARTESIAN_POINT('',(130.5,-56.267438779,15.319287837));
#1104=VERTEX_POINT('',#1103);
#1105=CARTESIAN_POINT('',(130.5,-56.267438779,15.319287837));
#1106=DIRECTION('',(1.,0.,-0.));
#1107=VECTOR('',#1106,2.);
#1108=LINE('',#1105,#1107);
#1109=EDGE_CURVE('',#1104,#1095,#1108,.T.);
#1110=ORIENTED_EDGE('',*,*,#1109,.F.);
#1111=CARTESIAN_POINT('',(130.,-56.267438779,14.819287837));
#1112=VERTEX_POINT('',#1111);
#1113=CARTESIAN_POINT('',(130.5,-56.267438779,14.819287837));
#1114=DIRECTION('',(0.,-1.,-0.));
#1115=DIRECTION('',(0.,0.,-1.));
#1116=AXIS2_PLACEMENT_3D('',#1113,#1114,#1115);
#1117=CIRCLE('',#1116,0.5);
#1118=EDGE_CURVE('',#1104,#1112,#1117,.T.);
#1119=ORIENTED_EDGE('',*,*,#1118,.T.);
#1120=CARTESIAN_POINT('',(130.,-56.267438779,13.819287837));
#1121=VERTEX_POINT('',#1120);
#1122=CARTESIAN_POINT('',(130.,-56.267438779,13.819287837));
#1123=DIRECTION('',(0.,-0.,1.));
#1124=VECTOR('',#1123,1.);
#1125=LINE('',#1122,#1124);
#1126=EDGE_CURVE('',#1121,#1112,#1125,.T.);
#1127=ORIENTED_EDGE('',*,*,#1126,.F.);
#1128=CARTESIAN_POINT('',(130.5,-56.267438779,13.319287837));
#1129=VERTEX_POINT('',#1128);
#1130=CARTESIAN_POINT('',(130.5,-56.267438779,13.819287837));
#1131=DIRECTION('',(0.,-1.,-0.));
#1132=DIRECTION('',(0.,0.,-1.));
#1133=AXIS2_PLACEMENT_3D('',#1130,#1131,#1132);
#1134=CIRCLE('',#1133,0.5);
#1135=EDGE_CURVE('',#1121,#1129,#1134,.T.);
#1136=ORIENTED_EDGE('',*,*,#1135,.T.);
#1137=CARTESIAN_POINT('',(132.5,-56.267438779,13.319287837));
#1138=VERTEX_POINT('',#1137);
#1139=CARTESIAN_POINT('',(132.5,-56.267438779,13.319287837));
#1140=DIRECTION('',(-1.,0.,0.));
#1141=VECTOR('',#1140,2.);
#1142=LINE('',#1139,#1141);
#1143=EDGE_CURVE('',#1138,#1129,#1142,.T.);
#1144=ORIENTED_EDGE('',*,*,#1143,.F.);
#1145=CARTESIAN_POINT('',(132.5,-56.267438779,13.819287837));
#1146=DIRECTION('',(0.,-1.,-0.));
#1147=DIRECTION('',(0.,0.,-1.));
#1148=AXIS2_PLACEMENT_3D('',#1145,#1146,#1147);
#1149=CIRCLE('',#1148,0.5);
#1150=EDGE_CURVE('',#1138,#1087,#1149,.T.);
#1151=ORIENTED_EDGE('',*,*,#1150,.T.);
#1152=EDGE_LOOP('',(#1093,#1102,#1110,#1119,#1127,#1136,#1144,#1151));
#1153=FACE_BOUND('',#1152,.T.);
#1154=ADVANCED_FACE('',(#1083,#1153),#1013,.F.);
#1155=CARTESIAN_POINT('',(131.469906052,52.620661221,16.357459202));
#1156=DIRECTION('',(0.,-1.,-0.));
#1157=DIRECTION('',(0.,0.,-1.));
#1158=AXIS2_PLACEMENT_3D('',#1155,#1156,#1157);
#1159=PLANE('',#1158);
#1160=CARTESIAN_POINT('',(137.469906052,52.620661221,9.057459202));
#1161=VERTEX_POINT('',#1160);
#1162=CARTESIAN_POINT('',(138.269906052,52.620661221,9.857459202));
#1163=VERTEX_POINT('',#1162);
#1164=CARTESIAN_POINT('',(137.469906052,52.620661221,9.857459202));
#1165=DIRECTION('',(0.,-1.,-0.));
#1166=DIRECTION('',(0.,0.,-1.));
#1167=AXIS2_PLACEMENT_3D('',#1164,#1165,#1166);
#1168=CIRCLE('',#1167,0.8);
#1169=EDGE_CURVE('',#1161,#1163,#1168,.T.);
#1170=ORIENTED_EDGE('',*,*,#1169,.T.);
#1171=CARTESIAN_POINT('',(138.269906052,52.620661221,15.357459202));
#1172=VERTEX_POINT('',#1171);
#1173=CARTESIAN_POINT('',(138.269906052,52.620661221,9.857459202));
#1174=DIRECTION('',(0.,-0.,1.));
#1175=VECTOR('',#1174,5.5);
#1176=LINE('',#1173,#1175);
#1177=EDGE_CURVE('',#1163,#1172,#1176,.T.);
#1178=ORIENTED_EDGE('',*,*,#1177,.T.);
#1179=CARTESIAN_POINT('',(137.469906052,52.620661221,16.157459202));
#1180=VERTEX_POINT('',#1179);
#1181=CARTESIAN_POINT('',(137.469906052,52.620661221,15.357459202));
#1182=DIRECTION('',(0.,-1.,-0.));
#1183=DIRECTION('',(0.,0.,-1.));
#1184=AXIS2_PLACEMENT_3D('',#1181,#1182,#1183);
#1185=CIRCLE('',#1184,0.8);
#1186=EDGE_CURVE('',#1172,#1180,#1185,.T.);
#1187=ORIENTED_EDGE('',*,*,#1186,.T.);
#1188=CARTESIAN_POINT('',(125.469906052,52.620661221,16.157459202));
#1189=VERTEX_POINT('',#1188);
#1190=CARTESIAN_POINT('',(137.469906052,52.620661221,16.157459202));
#1191=DIRECTION('',(-1.,0.,0.));
#1192=VECTOR('',#1191,12.);
#1193=LINE('',#1190,#1192);
#1194=EDGE_CURVE('',#1180,#1189,#1193,.T.);
#1195=ORIENTED_EDGE('',*,*,#1194,.T.);
#1196=CARTESIAN_POINT('',(124.669906052,52.620661221,15.357459202));
#1197=VERTEX_POINT('',#1196);
#1198=CARTESIAN_POINT('',(125.469906052,52.620661221,15.357459202));
#1199=DIRECTION('',(0.,-1.,-0.));
#1200=DIRECTION('',(0.,0.,-1.));
#1201=AXIS2_PLACEMENT_3D('',#1198,#1199,#1200);
#1202=CIRCLE('',#1201,0.8);
#1203=EDGE_CURVE('',#1189,#1197,#1202,.T.);
#1204=ORIENTED_EDGE('',*,*,#1203,.T.);
#1205=CARTESIAN_POINT('',(124.669906052,52.620661221,9.857459202));
#1206=VERTEX_POINT('',#1205);
#1207=CARTESIAN_POINT('',(124.669906052,52.620661221,15.357459202));
#1208=DIRECTION('',(0.,0.,-1.));
#1209=VECTOR('',#1208,5.5);
#1210=LINE('',#1207,#1209);
#1211=EDGE_CURVE('',#1197,#1206,#1210,.T.);
#1212=ORIENTED_EDGE('',*,*,#1211,.T.);
#1213=CARTESIAN_POINT('',(125.469906052,52.620661221,9.057459202));
#1214=VERTEX_POINT('',#1213);
#1215=CARTESIAN_POINT('',(125.469906052,52.620661221,9.857459202));
#1216=DIRECTION('',(0.,-1.,-0.));
#1217=DIRECTION('',(0.,0.,-1.));
#1218=AXIS2_PLACEMENT_3D('',#1215,#1216,#1217);
#1219=CIRCLE('',#1218,0.8);
#1220=EDGE_CURVE('',#1206,#1214,#1219,.T.);
#1221=ORIENTED_EDGE('',*,*,#1220,.T.);
#1222=CARTESIAN_POINT('',(125.469906052,52.620661221,9.057459202));
#1223=DIRECTION('',(1.,0.,-0.));
#1224=VECTOR('',#1223,12.);
#1225=LINE('',#1222,#1224);
#1226=EDGE_CURVE('',#1214,#1161,#1225,.T.);
#1227=ORIENTED_EDGE('',*,*,#1226,.T.);
#1228=EDGE_LOOP('',(#1170,#1178,#1187,#1195,#1204,#1212,#1221,#1227));
#1229=FACE_BOUND('',#1228,.T.);
#1230=CARTESIAN_POINT('',(130.,52.620661221,13.819287837));
#1231=VERTEX_POINT('',#1230);
#1232=CARTESIAN_POINT('',(130.,52.620661221,14.819287837));
#1233=VERTEX_POINT('',#1232);
#1234=CARTESIAN_POINT('',(130.,52.620661221,13.819287837));
#1235=DIRECTION('',(0.,-0.,1.));
#1236=VECTOR('',#1235,1.);
#1237=LINE('',#1234,#1236);
#1238=EDGE_CURVE('',#1231,#1233,#1237,.T.);
#1239=ORIENTED_EDGE('',*,*,#1238,.T.);
#1240=CARTESIAN_POINT('',(130.5,52.620661221,15.319287837));
#1241=VERTEX_POINT('',#1240);
#1242=CARTESIAN_POINT('',(130.5,52.620661221,14.819287837));
#1243=DIRECTION('',(-0.,1.,0.));
#1244=DIRECTION('',(0.,0.,-1.));
#1245=AXIS2_PLACEMENT_3D('',#1242,#1243,#1244);
#1246=CIRCLE('',#1245,0.5);
#1247=EDGE_CURVE('',#1233,#1241,#1246,.T.);
#1248=ORIENTED_EDGE('',*,*,#1247,.T.);
#1249=CARTESIAN_POINT('',(132.5,52.620661221,15.319287837));
#1250=VERTEX_POINT('',#1249);
#1251=CARTESIAN_POINT('',(130.5,52.620661221,15.319287837));
#1252=DIRECTION('',(1.,0.,-0.));
#1253=VECTOR('',#1252,2.);
#1254=LINE('',#1251,#1253);
#1255=EDGE_CURVE('',#1241,#1250,#1254,.T.);
#1256=ORIENTED_EDGE('',*,*,#1255,.T.);
#1257=CARTESIAN_POINT('',(133.,52.620661221,14.819287837));
#1258=VERTEX_POINT('',#1257);
#1259=CARTESIAN_POINT('',(132.5,52.620661221,14.819287837));
#1260=DIRECTION('',(-0.,1.,0.));
#1261=DIRECTION('',(0.,0.,-1.));
#1262=AXIS2_PLACEMENT_3D('',#1259,#1260,#1261);
#1263=CIRCLE('',#1262,0.5);
#1264=EDGE_CURVE('',#1250,#1258,#1263,.T.);
#1265=ORIENTED_EDGE('',*,*,#1264,.T.);
#1266=CARTESIAN_POINT('',(133.,52.620661221,13.819287837));
#1267=VERTEX_POINT('',#1266);
#1268=CARTESIAN_POINT('',(133.,52.620661221,14.819287837));
#1269=DIRECTION('',(0.,0.,-1.));
#1270=VECTOR('',#1269,1.);
#1271=LINE('',#1268,#1270);
#1272=EDGE_CURVE('',#1258,#1267,#1271,.T.);
#1273=ORIENTED_EDGE('',*,*,#1272,.T.);
#1274=CARTESIAN_POINT('',(132.5,52.620661221,13.319287837));
#1275=VERTEX_POINT('',#1274);
#1276=CARTESIAN_POINT('',(132.5,52.620661221,13.819287837));
#1277=DIRECTION('',(-0.,1.,0.));
#1278=DIRECTION('',(0.,0.,-1.));
#1279=AXIS2_PLACEMENT_3D('',#1276,#1277,#1278);
#1280=CIRCLE('',#1279,0.5);
#1281=EDGE_CURVE('',#1267,#1275,#1280,.T.);
#1282=ORIENTED_EDGE('',*,*,#1281,.T.);
#1283=CARTESIAN_POINT('',(130.5,52.620661221,13.319287837));
#1284=VERTEX_POINT('',#1283);
#1285=CARTESIAN_POINT('',(132.5,52.620661221,13.319287837));
#1286=DIRECTION('',(-1.,0.,0.));
#1287=VECTOR('',#1286,2.);
#1288=LINE('',#1285,#1287);
#1289=EDGE_CURVE('',#1275,#1284,#1288,.T.);
#1290=ORIENTED_EDGE('',*,*,#1289,.T.);
#1291=CARTESIAN_POINT('',(130.5,52.620661221,13.819287837));
#1292=DIRECTION('',(-0.,1.,0.));
#1293=DIRECTION('',(0.,0.,-1.));
#1294=AXIS2_PLACEMENT_3D('',#1291,#1292,#1293);
#1295=CIRCLE('',#1294,0.5);
#1296=EDGE_CURVE('',#1284,#1231,#1295,.T.);
#1297=ORIENTED_EDGE('',*,*,#1296,.T.);
#1298=EDGE_LOOP('',(#1239,#1248,#1256,#1265,#1273,#1282,#1290,#1297));
#1299=FACE_BOUND('',#1298,.T.);
#1300=ADVANCED_FACE('',(#1229,#1299),#1159,.T.);
#1301=CARTESIAN_POINT('',(130.1,-46.098010302,7.057459202));
#1302=DIRECTION('',(0.,1.,0.));
#1303=DIRECTION('',(0.,0.,-1.));
#1304=AXIS2_PLACEMENT_3D('',#1301,#1302,#1303);
#1305=PLANE('',#1304);
#1306=CARTESIAN_POINT('',(130.5,-46.098010302,7.457459202));
#1307=VERTEX_POINT('',#1306);
#1308=CARTESIAN_POINT('',(129.808062485,-46.098010302,7.457459202));
#1309=VERTEX_POINT('',#1308);
#1310=CARTESIAN_POINT('',(130.5,-46.098010302,7.457459202));
#1311=DIRECTION('',(-1.,0.,0.));
#1312=VECTOR('',#1311,0.691937515);
#1313=LINE('',#1310,#1312);
#1314=EDGE_CURVE('',#1307,#1309,#1313,.T.);
#1315=ORIENTED_EDGE('',*,*,#1314,.T.);
#1316=CARTESIAN_POINT('',(129.808062485,-46.098010302,7.057459202));
#1317=VERTEX_POINT('',#1316);
#1318=CARTESIAN_POINT('',(129.808062485,-46.098010302,7.457459202));
#1319=DIRECTION('',(-0.,0.,-1.));
#1320=VECTOR('',#1319,0.4);
#1321=LINE('',#1318,#1320);
#1322=EDGE_CURVE('',#1309,#1317,#1321,.T.);
#1323=ORIENTED_EDGE('',*,*,#1322,.T.);
#1324=CARTESIAN_POINT('',(130.5,-46.098010302,7.057459202));
#1325=VERTEX_POINT('',#1324);
#1326=CARTESIAN_POINT('',(130.5,-46.098010302,7.057459202));
#1327=DIRECTION('',(-1.,0.,0.));
#1328=VECTOR('',#1327,0.691937515);
#1329=LINE('',#1326,#1328);
#1330=EDGE_CURVE('',#1325,#1317,#1329,.T.);
#1331=ORIENTED_EDGE('',*,*,#1330,.F.);
#1332=CARTESIAN_POINT('',(130.5,-46.098010302,7.057459202));
#1333=DIRECTION('',(0.,-0.,1.));
#1334=VECTOR('',#1333,0.4);
#1335=LINE('',#1332,#1334);
#1336=EDGE_CURVE('',#1325,#1307,#1335,.T.);
#1337=ORIENTED_EDGE('',*,*,#1336,.T.);
#1338=EDGE_LOOP('',(#1315,#1323,#1331,#1337));
#1339=FACE_BOUND('',#1338,.T.);
#1340=ADVANCED_FACE('',(#1339),#1305,.F.);
#1341=CARTESIAN_POINT('',(130.5,-45.998010302,7.057459202));
#1342=DIRECTION('',(0.,0.,-1.));
#1343=DIRECTION('',(1.,-0.,-0.));
#1344=AXIS2_PLACEMENT_3D('',#1341,#1342,#1343);
#1345=CYLINDRICAL_SURFACE('',#1344,0.1);
#1346=CARTESIAN_POINT('',(130.6,-45.998010302,7.057459202));
#1347=VERTEX_POINT('',#1346);
#1348=CARTESIAN_POINT('',(130.5,-45.998010302,7.057459202));
#1349=DIRECTION('',(-0.,0.,-1.));
#1350=DIRECTION('',(-1.,0.,0.));
#1351=AXIS2_PLACEMENT_3D('',#1348,#1349,#1350);
#1352=CIRCLE('',#1351,0.1);
#1353=EDGE_CURVE('',#1347,#1325,#1352,.T.);
#1354=ORIENTED_EDGE('',*,*,#1353,.F.);
#1355=CARTESIAN_POINT('',(130.6,-45.998010302,7.457459202));
#1356=VERTEX_POINT('',#1355);
#1357=CARTESIAN_POINT('',(130.6,-45.998010302,7.457459202));
#1358=DIRECTION('',(-0.,0.,-1.));
#1359=VECTOR('',#1358,0.4);
#1360=LINE('',#1357,#1359);
#1361=EDGE_CURVE('',#1356,#1347,#1360,.T.);
#1362=ORIENTED_EDGE('',*,*,#1361,.F.);
#1363=CARTESIAN_POINT('',(130.5,-45.998010302,7.457459202));
#1364=DIRECTION('',(0.,-0.,1.));
#1365=DIRECTION('',(-1.,0.,0.));
#1366=AXIS2_PLACEMENT_3D('',#1363,#1364,#1365);
#1367=CIRCLE('',#1366,0.1);
#1368=EDGE_CURVE('',#1307,#1356,#1367,.T.);
#1369=ORIENTED_EDGE('',*,*,#1368,.F.);
#1370=ORIENTED_EDGE('',*,*,#1336,.F.);
#1371=EDGE_LOOP('',(#1354,#1362,#1369,#1370));
#1372=FACE_BOUND('',#1371,.T.);
#1373=ADVANCED_FACE('',(#1372),#1345,.T.);
#1374=CARTESIAN_POINT('',(130.6,-45.973010302,7.057459202));
#1375=DIRECTION('',(1.,-0.,-0.));
#1376=DIRECTION('',(-0.,-0.,1.));
#1377=AXIS2_PLACEMENT_3D('',#1374,#1375,#1376);
#1378=PLANE('',#1377);
#1379=CARTESIAN_POINT('',(130.6,-44.698010302,7.057459202));
#1380=VERTEX_POINT('',#1379);
#1381=CARTESIAN_POINT('',(130.6,-45.998010302,7.057459202));
#1382=DIRECTION('',(0.,1.,0.));
#1383=VECTOR('',#1382,1.3);
#1384=LINE('',#1381,#1383);
#1385=EDGE_CURVE('',#1347,#1380,#1384,.T.);
#1386=ORIENTED_EDGE('',*,*,#1385,.T.);
#1387=CARTESIAN_POINT('',(130.6,-44.698010302,7.457459202));
#1388=VERTEX_POINT('',#1387);
#1389=CARTESIAN_POINT('',(130.6,-44.698010302,7.057459202));
#1390=DIRECTION('',(0.,-0.,1.));
#1391=VECTOR('',#1390,0.4);
#1392=LINE('',#1389,#1391);
#1393=EDGE_CURVE('',#1380,#1388,#1392,.T.);
#1394=ORIENTED_EDGE('',*,*,#1393,.T.);
#1395=CARTESIAN_POINT('',(130.6,-45.998010302,7.457459202));
#1396=DIRECTION('',(0.,1.,0.));
#1397=VECTOR('',#1396,1.3);
#1398=LINE('',#1395,#1397);
#1399=EDGE_CURVE('',#1356,#1388,#1398,.T.);
#1400=ORIENTED_EDGE('',*,*,#1399,.F.);
#1401=ORIENTED_EDGE('',*,*,#1361,.T.);
#1402=EDGE_LOOP('',(#1386,#1394,#1400,#1401));
#1403=FACE_BOUND('',#1402,.T.);
#1404=ADVANCED_FACE('',(#1403),#1378,.T.);
#1405=CARTESIAN_POINT('',(130.7,-44.698010302,7.057459202));
#1406=DIRECTION('',(0.,0.,-1.));
#1407=DIRECTION('',(1.,-0.,-0.));
#1408=AXIS2_PLACEMENT_3D('',#1405,#1406,#1407);
#1409=CYLINDRICAL_SURFACE('',#1408,0.1);
#1410=CARTESIAN_POINT('',(130.7,-44.598010302,7.057459202));
#1411=VERTEX_POINT('',#1410);
#1412=CARTESIAN_POINT('',(130.7,-44.698010302,7.057459202));
#1413=DIRECTION('',(0.,-0.,1.));
#1414=DIRECTION('',(-1.,0.,0.));
#1415=AXIS2_PLACEMENT_3D('',#1412,#1413,#1414);
#1416=CIRCLE('',#1415,0.1);
#1417=EDGE_CURVE('',#1411,#1380,#1416,.T.);
#1418=ORIENTED_EDGE('',*,*,#1417,.F.);
#1419=CARTESIAN_POINT('',(130.7,-44.598010302,7.457459202));
#1420=VERTEX_POINT('',#1419);
#1421=CARTESIAN_POINT('',(130.7,-44.598010302,7.457459202));
#1422=DIRECTION('',(-0.,0.,-1.));
#1423=VECTOR('',#1422,0.4);
#1424=LINE('',#1421,#1423);
#1425=EDGE_CURVE('',#1420,#1411,#1424,.T.);
#1426=ORIENTED_EDGE('',*,*,#1425,.F.);
#1427=CARTESIAN_POINT('',(130.7,-44.698010302,7.457459202));
#1428=DIRECTION('',(-0.,0.,-1.));
#1429=DIRECTION('',(-1.,0.,0.));
#1430=AXIS2_PLACEMENT_3D('',#1427,#1428,#1429);
#1431=CIRCLE('',#1430,0.1);
#1432=EDGE_CURVE('',#1388,#1420,#1431,.T.);
#1433=ORIENTED_EDGE('',*,*,#1432,.F.);
#1434=ORIENTED_EDGE('',*,*,#1393,.F.);
#1435=EDGE_LOOP('',(#1418,#1426,#1433,#1434));
#1436=FACE_BOUND('',#1435,.T.);
#1437=ADVANCED_FACE('',(#1436),#1409,.F.);
#1438=CARTESIAN_POINT('',(131.6,-44.598010302,7.057459202));
#1439=DIRECTION('',(-0.,-1.,-0.));
#1440=DIRECTION('',(0.,-0.,1.));
#1441=AXIS2_PLACEMENT_3D('',#1438,#1439,#1440);
#1442=PLANE('',#1441);
#1443=CARTESIAN_POINT('',(132.5,-44.598010302,7.057459202));
#1444=VERTEX_POINT('',#1443);
#1445=CARTESIAN_POINT('',(130.7,-44.598010302,7.057459202));
#1446=DIRECTION('',(1.,-0.,-0.));
#1447=VECTOR('',#1446,1.8);
#1448=LINE('',#1445,#1447);
#1449=EDGE_CURVE('',#1411,#1444,#1448,.T.);
#1450=ORIENTED_EDGE('',*,*,#1449,.T.);
#1451=CARTESIAN_POINT('',(132.5,-44.598010302,7.457459202));
#1452=VERTEX_POINT('',#1451);
#1453=CARTESIAN_POINT('',(132.5,-44.598010302,7.057459202));
#1454=DIRECTION('',(0.,-0.,1.));
#1455=VECTOR('',#1454,0.4);
#1456=LINE('',#1453,#1455);
#1457=EDGE_CURVE('',#1444,#1452,#1456,.T.);
#1458=ORIENTED_EDGE('',*,*,#1457,.T.);
#1459=CARTESIAN_POINT('',(130.7,-44.598010302,7.457459202));
#1460=DIRECTION('',(1.,-0.,-0.));
#1461=VECTOR('',#1460,1.8);
#1462=LINE('',#1459,#1461);
#1463=EDGE_CURVE('',#1420,#1452,#1462,.T.);
#1464=ORIENTED_EDGE('',*,*,#1463,.F.);
#1465=ORIENTED_EDGE('',*,*,#1425,.T.);
#1466=EDGE_LOOP('',(#1450,#1458,#1464,#1465));
#1467=FACE_BOUND('',#1466,.T.);
#1468=ADVANCED_FACE('',(#1467),#1442,.T.);
#1469=CARTESIAN_POINT('',(132.5,-44.698010302,7.057459202));
#1470=DIRECTION('',(0.,0.,-1.));
#1471=DIRECTION('',(1.,-0.,-0.));
#1472=AXIS2_PLACEMENT_3D('',#1469,#1470,#1471);
#1473=CYLINDRICAL_SURFACE('',#1472,0.1);
#1474=CARTESIAN_POINT('',(132.6,-44.698010302,7.057459202));
#1475=VERTEX_POINT('',#1474);
#1476=CARTESIAN_POINT('',(132.5,-44.698010302,7.057459202));
#1477=DIRECTION('',(0.,-0.,1.));
#1478=DIRECTION('',(-1.,0.,0.));
#1479=AXIS2_PLACEMENT_3D('',#1476,#1477,#1478);
#1480=CIRCLE('',#1479,0.1);
#1481=EDGE_CURVE('',#1475,#1444,#1480,.T.);
#1482=ORIENTED_EDGE('',*,*,#1481,.F.);
#1483=CARTESIAN_POINT('',(132.6,-44.698010302,7.457459202));
#1484=VERTEX_POINT('',#1483);
#1485=CARTESIAN_POINT('',(132.6,-44.698010302,7.457459202));
#1486=DIRECTION('',(-0.,0.,-1.));
#1487=VECTOR('',#1486,0.4);
#1488=LINE('',#1485,#1487);
#1489=EDGE_CURVE('',#1484,#1475,#1488,.T.);
#1490=ORIENTED_EDGE('',*,*,#1489,.F.);
#1491=CARTESIAN_POINT('',(132.5,-44.698010302,7.457459202));
#1492=DIRECTION('',(-0.,0.,-1.));
#1493=DIRECTION('',(-1.,0.,0.));
#1494=AXIS2_PLACEMENT_3D('',#1491,#1492,#1493);
#1495=CIRCLE('',#1494,0.1);
#1496=EDGE_CURVE('',#1452,#1484,#1495,.T.);
#1497=ORIENTED_EDGE('',*,*,#1496,.F.);
#1498=ORIENTED_EDGE('',*,*,#1457,.F.);
#1499=EDGE_LOOP('',(#1482,#1490,#1497,#1498));
#1500=FACE_BOUND('',#1499,.T.);
#1501=ADVANCED_FACE('',(#1500),#1473,.F.);
#1502=CARTESIAN_POINT('',(132.6,-45.973010302,7.057459202));
#1503=DIRECTION('',(-1.,0.,0.));
#1504=DIRECTION('',(0.,0.,-1.));
#1505=AXIS2_PLACEMENT_3D('',#1502,#1503,#1504);
#1506=PLANE('',#1505);
#1507=CARTESIAN_POINT('',(132.6,-45.998010302,7.457459202));
#1508=VERTEX_POINT('',#1507);
#1509=CARTESIAN_POINT('',(132.6,-44.698010302,7.457459202));
#1510=DIRECTION('',(-0.,-1.,-0.));
#1511=VECTOR('',#1510,1.3);
#1512=LINE('',#1509,#1511);
#1513=EDGE_CURVE('',#1484,#1508,#1512,.T.);
#1514=ORIENTED_EDGE('',*,*,#1513,.F.);
#1515=ORIENTED_EDGE('',*,*,#1489,.T.);
#1516=CARTESIAN_POINT('',(132.6,-45.998010302,7.057459202));
#1517=VERTEX_POINT('',#1516);
#1518=CARTESIAN_POINT('',(132.6,-44.698010302,7.057459202));
#1519=DIRECTION('',(-0.,-1.,-0.));
#1520=VECTOR('',#1519,1.3);
#1521=LINE('',#1518,#1520);
#1522=EDGE_CURVE('',#1475,#1517,#1521,.T.);
#1523=ORIENTED_EDGE('',*,*,#1522,.T.);
#1524=CARTESIAN_POINT('',(132.6,-45.998010302,7.057459202));
#1525=DIRECTION('',(0.,-0.,1.));
#1526=VECTOR('',#1525,0.4);
#1527=LINE('',#1524,#1526);
#1528=EDGE_CURVE('',#1517,#1508,#1527,.T.);
#1529=ORIENTED_EDGE('',*,*,#1528,.T.);
#1530=EDGE_LOOP('',(#1514,#1515,#1523,#1529));
#1531=FACE_BOUND('',#1530,.T.);
#1532=ADVANCED_FACE('',(#1531),#1506,.T.);
#1533=CARTESIAN_POINT('',(133.1,-46.098010302,7.057459202));
#1534=DIRECTION('',(-0.,-1.,-0.));
#1535=DIRECTION('',(0.,-0.,1.));
#1536=AXIS2_PLACEMENT_3D('',#1533,#1534,#1535);
#1537=PLANE('',#1536);
#1538=CARTESIAN_POINT('',(132.7,-46.098010302,7.057459202));
#1539=VERTEX_POINT('',#1538);
#1540=CARTESIAN_POINT('',(133.391937515,-46.098010302,7.057459202));
#1541=VERTEX_POINT('',#1540);
#1542=CARTESIAN_POINT('',(132.7,-46.098010302,7.057459202));
#1543=DIRECTION('',(1.,-0.,-0.));
#1544=VECTOR('',#1543,0.691937515);
#1545=LINE('',#1542,#1544);
#1546=EDGE_CURVE('',#1539,#1541,#1545,.T.);
#1547=ORIENTED_EDGE('',*,*,#1546,.T.);
#1548=CARTESIAN_POINT('',(133.391937515,-46.098010302,7.457459202));
#1549=VERTEX_POINT('',#1548);
#1550=CARTESIAN_POINT('',(133.391937515,-46.098010302,7.057459202));
#1551=DIRECTION('',(0.,-0.,1.));
#1552=VECTOR('',#1551,0.4);
#1553=LINE('',#1550,#1552);
#1554=EDGE_CURVE('',#1541,#1549,#1553,.T.);
#1555=ORIENTED_EDGE('',*,*,#1554,.T.);
#1556=CARTESIAN_POINT('',(132.7,-46.098010302,7.457459202));
#1557=VERTEX_POINT('',#1556);
#1558=CARTESIAN_POINT('',(132.7,-46.098010302,7.457459202));
#1559=DIRECTION('',(1.,-0.,-0.));
#1560=VECTOR('',#1559,0.691937515);
#1561=LINE('',#1558,#1560);
#1562=EDGE_CURVE('',#1557,#1549,#1561,.T.);
#1563=ORIENTED_EDGE('',*,*,#1562,.F.);
#1564=CARTESIAN_POINT('',(132.7,-46.098010302,7.457459202));
#1565=DIRECTION('',(-0.,0.,-1.));
#1566=VECTOR('',#1565,0.4);
#1567=LINE('',#1564,#1566);
#1568=EDGE_CURVE('',#1557,#1539,#1567,.T.);
#1569=ORIENTED_EDGE('',*,*,#1568,.T.);
#1570=EDGE_LOOP('',(#1547,#1555,#1563,#1569));
#1571=FACE_BOUND('',#1570,.T.);
#1572=ADVANCED_FACE('',(#1571),#1537,.T.);
#1573=CARTESIAN_POINT('',(129.808062485,-46.198010302,7.057459202));
#1574=DIRECTION('',(0.,0.,-1.));
#1575=DIRECTION('',(1.,-0.,-0.));
#1576=AXIS2_PLACEMENT_3D('',#1573,#1574,#1575);
#1577=CYLINDRICAL_SURFACE('',#1576,0.1);
#1578=CARTESIAN_POINT('',(129.729975604,-46.260479806,7.057459202));
#1579=VERTEX_POINT('',#1578);
#1580=CARTESIAN_POINT('',(129.808062485,-46.198010302,7.057459202));
#1581=DIRECTION('',(0.,-0.,1.));
#1582=DIRECTION('',(-1.,0.,0.));
#1583=AXIS2_PLACEMENT_3D('',#1580,#1581,#1582);
#1584=CIRCLE('',#1583,0.1);
#1585=EDGE_CURVE('',#1317,#1579,#1584,.T.);
#1586=ORIENTED_EDGE('',*,*,#1585,.F.);
#1587=ORIENTED_EDGE('',*,*,#1322,.F.);
#1588=CARTESIAN_POINT('',(129.729975604,-46.260479806,7.457459202));
#1589=VERTEX_POINT('',#1588);
#1590=CARTESIAN_POINT('',(129.808062485,-46.198010302,7.457459202));
#1591=DIRECTION('',(-0.,0.,-1.));
#1592=DIRECTION('',(-1.,0.,0.));
#1593=AXIS2_PLACEMENT_3D('',#1590,#1591,#1592);
#1594=CIRCLE('',#1593,0.1);
#1595=EDGE_CURVE('',#1589,#1309,#1594,.T.);
#1596=ORIENTED_EDGE('',*,*,#1595,.F.);
#1597=CARTESIAN_POINT('',(129.729975604,-46.260479806,7.057459202));
#1598=DIRECTION('',(0.,-0.,1.));
#1599=VECTOR('',#1598,0.4);
#1600=LINE('',#1597,#1599);
#1601=EDGE_CURVE('',#1579,#1589,#1600,.T.);
#1602=ORIENTED_EDGE('',*,*,#1601,.F.);
#1603=EDGE_LOOP('',(#1586,#1587,#1596,#1602));
#1604=FACE_BOUND('',#1603,.T.);
#1605=ADVANCED_FACE('',(#1604),#1577,.F.);
#1606=CARTESIAN_POINT('',(261.6,-9.598010302,7.057459202));
#1607=DIRECTION('',(0.,-0.,1.));
#1608=DIRECTION('',(-1.,0.,0.));
#1609=AXIS2_PLACEMENT_3D('',#1606,#1607,#1608);
#1610=PLANE('',#1609);
#1611=CARTESIAN_POINT('',(131.678086881,-48.5004017,7.057459202));
#1612=VERTEX_POINT('',#1611);
#1613=CARTESIAN_POINT('',(133.470024396,-46.260479806,7.057459202));
#1614=VERTEX_POINT('',#1613);
#1615=CARTESIAN_POINT('',(131.678086881,-48.5004017,7.057459202));
#1616=DIRECTION('',(0.624695048,0.780868809,0.));
#1617=VECTOR('',#1616,2.868499634);
#1618=LINE('',#1615,#1617);
#1619=EDGE_CURVE('',#1612,#1614,#1618,.T.);
#1620=ORIENTED_EDGE('',*,*,#1619,.T.);
#1621=CARTESIAN_POINT('',(133.391937515,-46.198010302,7.057459202));
#1622=DIRECTION('',(0.,-0.,1.));
#1623=DIRECTION('',(-1.,0.,0.));
#1624=AXIS2_PLACEMENT_3D('',#1621,#1622,#1623);
#1625=CIRCLE('',#1624,0.1);
#1626=EDGE_CURVE('',#1614,#1541,#1625,.T.);
#1627=ORIENTED_EDGE('',*,*,#1626,.T.);
#1628=ORIENTED_EDGE('',*,*,#1546,.F.);
#1629=CARTESIAN_POINT('',(132.7,-45.998010302,7.057459202));
#1630=DIRECTION('',(-0.,0.,-1.));
#1631=DIRECTION('',(-1.,0.,0.));
#1632=AXIS2_PLACEMENT_3D('',#1629,#1630,#1631);
#1633=CIRCLE('',#1632,0.1);
#1634=EDGE_CURVE('',#1539,#1517,#1633,.T.);
#1635=ORIENTED_EDGE('',*,*,#1634,.T.);
#1636=ORIENTED_EDGE('',*,*,#1522,.F.);
#1637=ORIENTED_EDGE('',*,*,#1481,.T.);
#1638=ORIENTED_EDGE('',*,*,#1449,.F.);
#1639=ORIENTED_EDGE('',*,*,#1417,.T.);
#1640=ORIENTED_EDGE('',*,*,#1385,.F.);
#1641=ORIENTED_EDGE('',*,*,#1353,.T.);
#1642=ORIENTED_EDGE('',*,*,#1330,.T.);
#1643=ORIENTED_EDGE('',*,*,#1585,.T.);
#1644=CARTESIAN_POINT('',(131.521913119,-48.5004017,7.057459202));
#1645=VERTEX_POINT('',#1644);
#1646=CARTESIAN_POINT('',(129.729975604,-46.260479806,7.057459202));
#1647=DIRECTION('',(0.624695048,-0.780868809,-0.));
#1648=VECTOR('',#1647,2.868499634);
#1649=LINE('',#1646,#1648);
#1650=EDGE_CURVE('',#1579,#1645,#1649,.T.);
#1651=ORIENTED_EDGE('',*,*,#1650,.T.);
#1652=CARTESIAN_POINT('',(131.6,-48.437932196,7.057459202));
#1653=DIRECTION('',(0.,-0.,1.));
#1654=DIRECTION('',(-1.,0.,0.));
#1655=AXIS2_PLACEMENT_3D('',#1652,#1653,#1654);
#1656=CIRCLE('',#1655,0.1);
#1657=EDGE_CURVE('',#1645,#1612,#1656,.T.);
#1658=ORIENTED_EDGE('',*,*,#1657,.T.);
#1659=EDGE_LOOP('',(#1620,#1627,#1628,#1635,#1636,#1637,#1638,#1639,#1640,#1641,#1642,#1643,#1651,#1658));
#1660=FACE_BOUND('',#1659,.T.);
#1661=ADVANCED_FACE('',(#1660),#1610,.T.);
#1662=CARTESIAN_POINT('',(132.7,-45.998010302,7.057459202));
#1663=DIRECTION('',(0.,-0.,1.));
#1664=DIRECTION('',(-1.,0.,0.));
#1665=AXIS2_PLACEMENT_3D('',#1662,#1663,#1664);
#1666=CYLINDRICAL_SURFACE('',#1665,0.1);
#1667=ORIENTED_EDGE('',*,*,#1634,.F.);
#1668=ORIENTED_EDGE('',*,*,#1568,.F.);
#1669=CARTESIAN_POINT('',(132.7,-45.998010302,7.457459202));
#1670=DIRECTION('',(0.,-0.,1.));
#1671=DIRECTION('',(-1.,0.,0.));
#1672=AXIS2_PLACEMENT_3D('',#1669,#1670,#1671);
#1673=CIRCLE('',#1672,0.1);
#1674=EDGE_CURVE('',#1508,#1557,#1673,.T.);
#1675=ORIENTED_EDGE('',*,*,#1674,.F.);
#1676=ORIENTED_EDGE('',*,*,#1528,.F.);
#1677=EDGE_LOOP('',(#1667,#1668,#1675,#1676));
#1678=FACE_BOUND('',#1677,.T.);
#1679=ADVANCED_FACE('',(#1678),#1666,.T.);
#1680=CARTESIAN_POINT('',(131.6,-48.437932196,7.057459202));
#1681=DIRECTION('',(0.,0.,-1.));
#1682=DIRECTION('',(1.,-0.,-0.));
#1683=AXIS2_PLACEMENT_3D('',#1680,#1681,#1682);
#1684=CYLINDRICAL_SURFACE('',#1683,0.1);
#1685=ORIENTED_EDGE('',*,*,#1657,.F.);
#1686=CARTESIAN_POINT('',(131.521913119,-48.5004017,7.457459202));
#1687=VERTEX_POINT('',#1686);
#1688=CARTESIAN_POINT('',(131.521913119,-48.5004017,7.457459202));
#1689=DIRECTION('',(-0.,0.,-1.));
#1690=VECTOR('',#1689,0.4);
#1691=LINE('',#1688,#1690);
#1692=EDGE_CURVE('',#1687,#1645,#1691,.T.);
#1693=ORIENTED_EDGE('',*,*,#1692,.F.);
#1694=CARTESIAN_POINT('',(131.678086881,-48.5004017,7.457459202));
#1695=VERTEX_POINT('',#1694);
#1696=CARTESIAN_POINT('',(131.6,-48.437932196,7.457459202));
#1697=DIRECTION('',(-0.,0.,-1.));
#1698=DIRECTION('',(-1.,0.,0.));
#1699=AXIS2_PLACEMENT_3D('',#1696,#1697,#1698);
#1700=CIRCLE('',#1699,0.1);
#1701=EDGE_CURVE('',#1695,#1687,#1700,.T.);
#1702=ORIENTED_EDGE('',*,*,#1701,.F.);
#1703=CARTESIAN_POINT('',(131.678086881,-48.5004017,7.057459202));
#1704=DIRECTION('',(0.,-0.,1.));
#1705=VECTOR('',#1704,0.4);
#1706=LINE('',#1703,#1705);
#1707=EDGE_CURVE('',#1612,#1695,#1706,.T.);
#1708=ORIENTED_EDGE('',*,*,#1707,.F.);
#1709=EDGE_LOOP('',(#1685,#1693,#1702,#1708));
#1710=FACE_BOUND('',#1709,.T.);
#1711=ADVANCED_FACE('',(#1710),#1684,.F.);
#1712=CARTESIAN_POINT('',(132.,-48.098010302,7.057459202));
#1713=DIRECTION('',(0.780868809,-0.624695048,0.));
#1714=DIRECTION('',(0.624695048,0.780868809,0.));
#1715=AXIS2_PLACEMENT_3D('',#1712,#1713,#1714);
#1716=PLANE('',#1715);
#1717=CARTESIAN_POINT('',(133.470024396,-46.260479806,7.457459202));
#1718=VERTEX_POINT('',#1717);
#1719=CARTESIAN_POINT('',(131.678086881,-48.5004017,7.457459202));
#1720=DIRECTION('',(0.624695048,0.780868809,0.));
#1721=VECTOR('',#1720,2.868499634);
#1722=LINE('',#1719,#1721);
#1723=EDGE_CURVE('',#1695,#1718,#1722,.T.);
#1724=ORIENTED_EDGE('',*,*,#1723,.T.);
#1725=CARTESIAN_POINT('',(133.470024396,-46.260479806,7.457459202));
#1726=DIRECTION('',(-0.,0.,-1.));
#1727=VECTOR('',#1726,0.4);
#1728=LINE('',#1725,#1727);
#1729=EDGE_CURVE('',#1718,#1614,#1728,.T.);
#1730=ORIENTED_EDGE('',*,*,#1729,.T.);
#1731=ORIENTED_EDGE('',*,*,#1619,.F.);
#1732=ORIENTED_EDGE('',*,*,#1707,.T.);
#1733=EDGE_LOOP('',(#1724,#1730,#1731,#1732));
#1734=FACE_BOUND('',#1733,.T.);
#1735=ADVANCED_FACE('',(#1734),#1716,.F.);
#1736=CARTESIAN_POINT('',(133.391937515,-46.198010302,7.057459202));
#1737=DIRECTION('',(0.,-0.,1.));
#1738=DIRECTION('',(-1.,0.,0.));
#1739=AXIS2_PLACEMENT_3D('',#1736,#1737,#1738);
#1740=CYLINDRICAL_SURFACE('',#1739,0.1);
#1741=ORIENTED_EDGE('',*,*,#1626,.F.);
#1742=ORIENTED_EDGE('',*,*,#1729,.F.);
#1743=CARTESIAN_POINT('',(133.391937515,-46.198010302,7.457459202));
#1744=DIRECTION('',(-0.,0.,-1.));
#1745=DIRECTION('',(-1.,0.,0.));
#1746=AXIS2_PLACEMENT_3D('',#1743,#1744,#1745);
#1747=CIRCLE('',#1746,0.1);
#1748=EDGE_CURVE('',#1549,#1718,#1747,.T.);
#1749=ORIENTED_EDGE('',*,*,#1748,.F.);
#1750=ORIENTED_EDGE('',*,*,#1554,.F.);
#1751=EDGE_LOOP('',(#1741,#1742,#1749,#1750));
#1752=FACE_BOUND('',#1751,.T.);
#1753=ADVANCED_FACE('',(#1752),#1740,.F.);
#1754=CARTESIAN_POINT('',(131.2,-48.098010302,7.057459202));
#1755=DIRECTION('',(-0.780868809,-0.624695048,0.));
#1756=DIRECTION('',(0.624695048,-0.780868809,-0.));
#1757=AXIS2_PLACEMENT_3D('',#1754,#1755,#1756);
#1758=PLANE('',#1757);
#1759=CARTESIAN_POINT('',(129.729975604,-46.260479806,7.457459202));
#1760=DIRECTION('',(0.624695048,-0.780868809,-0.));
#1761=VECTOR('',#1760,2.868499634);
#1762=LINE('',#1759,#1761);
#1763=EDGE_CURVE('',#1589,#1687,#1762,.T.);
#1764=ORIENTED_EDGE('',*,*,#1763,.T.);
#1765=ORIENTED_EDGE('',*,*,#1692,.T.);
#1766=ORIENTED_EDGE('',*,*,#1650,.F.);
#1767=ORIENTED_EDGE('',*,*,#1601,.T.);
#1768=EDGE_LOOP('',(#1764,#1765,#1766,#1767));
#1769=FACE_BOUND('',#1768,.T.);
#1770=ADVANCED_FACE('',(#1769),#1758,.F.);
#1771=CARTESIAN_POINT('',(-0.,-1.723388779,7.457459202));
#1772=DIRECTION('',(0.,-0.,1.));
#1773=DIRECTION('',(1.,0.,0.));
#1774=AXIS2_PLACEMENT_3D('',#1771,#1772,#1773);
#1775=PLANE('',#1774);
#1776=ORIENTED_EDGE('',*,*,#1513,.T.);
#1777=ORIENTED_EDGE('',*,*,#1674,.T.);
#1778=ORIENTED_EDGE('',*,*,#1562,.T.);
#1779=ORIENTED_EDGE('',*,*,#1748,.T.);
#1780=ORIENTED_EDGE('',*,*,#1723,.F.);
#1781=ORIENTED_EDGE('',*,*,#1701,.T.);
#1782=ORIENTED_EDGE('',*,*,#1763,.F.);
#1783=ORIENTED_EDGE('',*,*,#1595,.T.);
#1784=ORIENTED_EDGE('',*,*,#1314,.F.);
#1785=ORIENTED_EDGE('',*,*,#1368,.T.);
#1786=ORIENTED_EDGE('',*,*,#1399,.T.);
#1787=ORIENTED_EDGE('',*,*,#1432,.T.);
#1788=ORIENTED_EDGE('',*,*,#1463,.T.);
#1789=ORIENTED_EDGE('',*,*,#1496,.T.);
#1790=EDGE_LOOP('',(#1776,#1777,#1778,#1779,#1780,#1781,#1782,#1783,#1784,#1785,#1786,#1787,#1788,#1789));
#1791=FACE_BOUND('',#1790,.T.);
#1792=CARTESIAN_POINT('',(130.6,40.762067804,7.457459202));
#1793=VERTEX_POINT('',#1792);
#1794=CARTESIAN_POINT('',(130.6,42.062067804,7.457459202));
#1795=VERTEX_POINT('',#1794);
#1796=CARTESIAN_POINT('',(130.6,40.762067804,7.457459202));
#1797=DIRECTION('',(0.,1.,0.));
#1798=VECTOR('',#1797,1.3);
#1799=LINE('',#1796,#1798);
#1800=EDGE_CURVE('',#1793,#1795,#1799,.T.);
#1801=ORIENTED_EDGE('',*,*,#1800,.T.);
#1802=CARTESIAN_POINT('',(130.5,42.162067804,7.457459202));
#1803=VERTEX_POINT('',#1802);
#1804=CARTESIAN_POINT('',(130.5,42.062067804,7.457459202));
#1805=DIRECTION('',(0.,-0.,1.));
#1806=DIRECTION('',(1.,0.,0.));
#1807=AXIS2_PLACEMENT_3D('',#1804,#1805,#1806);
#1808=CIRCLE('',#1807,0.1);
#1809=EDGE_CURVE('',#1795,#1803,#1808,.T.);
#1810=ORIENTED_EDGE('',*,*,#1809,.T.);
#1811=CARTESIAN_POINT('',(129.808062485,42.162067804,7.457459202));
#1812=VERTEX_POINT('',#1811);
#1813=CARTESIAN_POINT('',(130.5,42.162067804,7.457459202));
#1814=DIRECTION('',(-1.,0.,0.));
#1815=VECTOR('',#1814,0.691937515);
#1816=LINE('',#1813,#1815);
#1817=EDGE_CURVE('',#1803,#1812,#1816,.T.);
#1818=ORIENTED_EDGE('',*,*,#1817,.T.);
#1819=CARTESIAN_POINT('',(129.729975604,42.324537309,7.457459202));
#1820=VERTEX_POINT('',#1819);
#1821=CARTESIAN_POINT('',(129.808062485,42.262067804,7.457459202));
#1822=DIRECTION('',(-0.,0.,-1.));
#1823=DIRECTION('',(1.,0.,0.));
#1824=AXIS2_PLACEMENT_3D('',#1821,#1822,#1823);
#1825=CIRCLE('',#1824,0.1);
#1826=EDGE_CURVE('',#1812,#1820,#1825,.T.);
#1827=ORIENTED_EDGE('',*,*,#1826,.T.);
#1828=CARTESIAN_POINT('',(131.521913119,44.564459203,7.457459202));
#1829=VERTEX_POINT('',#1828);
#1830=CARTESIAN_POINT('',(131.521913119,44.564459203,7.457459202));
#1831=DIRECTION('',(-0.624695048,-0.780868809,-0.));
#1832=VECTOR('',#1831,2.868499634);
#1833=LINE('',#1830,#1832);
#1834=EDGE_CURVE('',#1829,#1820,#1833,.T.);
#1835=ORIENTED_EDGE('',*,*,#1834,.F.);
#1836=CARTESIAN_POINT('',(131.678086881,44.564459203,7.457459202));
#1837=VERTEX_POINT('',#1836);
#1838=CARTESIAN_POINT('',(131.6,44.501989698,7.457459202));
#1839=DIRECTION('',(-0.,0.,-1.));
#1840=DIRECTION('',(1.,0.,0.));
#1841=AXIS2_PLACEMENT_3D('',#1838,#1839,#1840);
#1842=CIRCLE('',#1841,0.1);
#1843=EDGE_CURVE('',#1829,#1837,#1842,.T.);
#1844=ORIENTED_EDGE('',*,*,#1843,.T.);
#1845=CARTESIAN_POINT('',(133.470024396,42.324537309,7.457459202));
#1846=VERTEX_POINT('',#1845);
#1847=CARTESIAN_POINT('',(133.470024396,42.324537309,7.457459202));
#1848=DIRECTION('',(-0.624695048,0.780868809,0.));
#1849=VECTOR('',#1848,2.868499634);
#1850=LINE('',#1847,#1849);
#1851=EDGE_CURVE('',#1846,#1837,#1850,.T.);
#1852=ORIENTED_EDGE('',*,*,#1851,.F.);
#1853=CARTESIAN_POINT('',(133.391937515,42.162067804,7.457459202));
#1854=VERTEX_POINT('',#1853);
#1855=CARTESIAN_POINT('',(133.391937515,42.262067804,7.457459202));
#1856=DIRECTION('',(-0.,0.,-1.));
#1857=DIRECTION('',(1.,0.,0.));
#1858=AXIS2_PLACEMENT_3D('',#1855,#1856,#1857);
#1859=CIRCLE('',#1858,0.1);
#1860=EDGE_CURVE('',#1846,#1854,#1859,.T.);
#1861=ORIENTED_EDGE('',*,*,#1860,.T.);
#1862=CARTESIAN_POINT('',(132.7,42.162067804,7.457459202));
#1863=VERTEX_POINT('',#1862);
#1864=CARTESIAN_POINT('',(132.7,42.162067804,7.457459202));
#1865=DIRECTION('',(1.,0.,-0.));
#1866=VECTOR('',#1865,0.691937515);
#1867=LINE('',#1864,#1866);
#1868=EDGE_CURVE('',#1863,#1854,#1867,.T.);
#1869=ORIENTED_EDGE('',*,*,#1868,.F.);
#1870=CARTESIAN_POINT('',(132.6,42.062067804,7.457459202));
#1871=VERTEX_POINT('',#1870);
#1872=CARTESIAN_POINT('',(132.7,42.062067804,7.457459202));
#1873=DIRECTION('',(0.,-0.,1.));
#1874=DIRECTION('',(1.,0.,0.));
#1875=AXIS2_PLACEMENT_3D('',#1872,#1873,#1874);
#1876=CIRCLE('',#1875,0.1);
#1877=EDGE_CURVE('',#1863,#1871,#1876,.T.);
#1878=ORIENTED_EDGE('',*,*,#1877,.T.);
#1879=CARTESIAN_POINT('',(132.6,40.762067804,7.457459202));
#1880=VERTEX_POINT('',#1879);
#1881=CARTESIAN_POINT('',(132.6,42.062067804,7.457459202));
#1882=DIRECTION('',(0.,-1.,-0.));
#1883=VECTOR('',#1882,1.3);
#1884=LINE('',#1881,#1883);
#1885=EDGE_CURVE('',#1871,#1880,#1884,.T.);
#1886=ORIENTED_EDGE('',*,*,#1885,.T.);
#1887=CARTESIAN_POINT('',(132.5,40.662067804,7.457459202));
#1888=VERTEX_POINT('',#1887);
#1889=CARTESIAN_POINT('',(132.5,40.762067804,7.457459202));
#1890=DIRECTION('',(-0.,0.,-1.));
#1891=DIRECTION('',(1.,0.,0.));
#1892=AXIS2_PLACEMENT_3D('',#1889,#1890,#1891);
#1893=CIRCLE('',#1892,0.1);
#1894=EDGE_CURVE('',#1880,#1888,#1893,.T.);
#1895=ORIENTED_EDGE('',*,*,#1894,.T.);
#1896=CARTESIAN_POINT('',(130.7,40.662067804,7.457459202));
#1897=VERTEX_POINT('',#1896);
#1898=CARTESIAN_POINT('',(132.5,40.662067804,7.457459202));
#1899=DIRECTION('',(-1.,0.,0.));
#1900=VECTOR('',#1899,1.8);
#1901=LINE('',#1898,#1900);
#1902=EDGE_CURVE('',#1888,#1897,#1901,.T.);
#1903=ORIENTED_EDGE('',*,*,#1902,.T.);
#1904=CARTESIAN_POINT('',(130.7,40.762067804,7.457459202));
#1905=DIRECTION('',(-0.,0.,-1.));
#1906=DIRECTION('',(1.,0.,0.));
#1907=AXIS2_PLACEMENT_3D('',#1904,#1905,#1906);
#1908=CIRCLE('',#1907,0.1);
#1909=EDGE_CURVE('',#1897,#1793,#1908,.T.);
#1910=ORIENTED_EDGE('',*,*,#1909,.T.);
#1911=EDGE_LOOP('',(#1801,#1810,#1818,#1827,#1835,#1844,#1852,#1861,#1869,#1878,#1886,#1895,#1903,#1910));
#1912=FACE_BOUND('',#1911,.T.);
#1913=CARTESIAN_POINT('',(143.119799365,-48.067438779,7.457459202));
#1914=VERTEX_POINT('',#1913);
#1915=CARTESIAN_POINT('',(143.119799365,-21.423388779,7.457459202));
#1916=VERTEX_POINT('',#1915);
#1917=CARTESIAN_POINT('',(143.119799365,-48.067438779,7.457459202));
#1918=DIRECTION('',(0.,1.,0.));
#1919=VECTOR('',#1918,26.64405);
#1920=LINE('',#1917,#1919);
#1921=EDGE_CURVE('',#1914,#1916,#1920,.T.);
#1922=ORIENTED_EDGE('',*,*,#1921,.T.);
#1923=CARTESIAN_POINT('',(143.619799365,-21.423388779,7.457459202));
#1924=VERTEX_POINT('',#1923);
#1925=CARTESIAN_POINT('',(143.619799365,-21.423388779,7.457459202));
#1926=DIRECTION('',(-1.,0.,0.));
#1927=VECTOR('',#1926,0.5);
#1928=LINE('',#1925,#1927);
#1929=EDGE_CURVE('',#1924,#1916,#1928,.T.);
#1930=ORIENTED_EDGE('',*,*,#1929,.F.);
#1931=CARTESIAN_POINT('',(143.619799365,17.476611221,7.457459202));
#1932=VERTEX_POINT('',#1931);
#1933=CARTESIAN_POINT('',(143.619799365,-21.423388779,7.457459202));
#1934=DIRECTION('',(0.,1.,0.));
#1935=VECTOR('',#1934,38.9);
#1936=LINE('',#1933,#1935);
#1937=EDGE_CURVE('',#1924,#1932,#1936,.T.);
#1938=ORIENTED_EDGE('',*,*,#1937,.T.);
#1939=CARTESIAN_POINT('',(143.119799365,17.476611221,7.457459202));
#1940=VERTEX_POINT('',#1939);
#1941=CARTESIAN_POINT('',(143.619799365,17.476611221,7.457459202));
#1942=DIRECTION('',(-1.,0.,0.));
#1943=VECTOR('',#1942,0.5);
#1944=LINE('',#1941,#1943);
#1945=EDGE_CURVE('',#1932,#1940,#1944,.T.);
#1946=ORIENTED_EDGE('',*,*,#1945,.T.);
#1947=CARTESIAN_POINT('',(143.119799365,44.420661221,7.457459202));
#1948=VERTEX_POINT('',#1947);
#1949=CARTESIAN_POINT('',(143.119799365,17.476611221,7.457459202));
#1950=DIRECTION('',(0.,1.,0.));
#1951=VECTOR('',#1950,26.94405);
#1952=LINE('',#1949,#1951);
#1953=EDGE_CURVE('',#1940,#1948,#1952,.T.);
#1954=ORIENTED_EDGE('',*,*,#1953,.T.);
#1955=CARTESIAN_POINT('',(141.619799365,45.920661221,7.457459202));
#1956=VERTEX_POINT('',#1955);
#1957=CARTESIAN_POINT('',(141.619799365,44.420661221,7.457459202));
#1958=DIRECTION('',(0.,-0.,1.));
#1959=DIRECTION('',(1.,0.,0.));
#1960=AXIS2_PLACEMENT_3D('',#1957,#1958,#1959);
#1961=CIRCLE('',#1960,1.5);
#1962=EDGE_CURVE('',#1948,#1956,#1961,.T.);
#1963=ORIENTED_EDGE('',*,*,#1962,.T.);
#1964=CARTESIAN_POINT('',(85.660610588,45.920661221,7.457459202));
#1965=VERTEX_POINT('',#1964);
#1966=CARTESIAN_POINT('',(141.619799365,45.920661221,7.457459202));
#1967=DIRECTION('',(-1.,-0.,0.));
#1968=VECTOR('',#1967,55.959188777);
#1969=LINE('',#1966,#1968);
#1970=EDGE_CURVE('',#1956,#1965,#1969,.T.);
#1971=ORIENTED_EDGE('',*,*,#1970,.T.);
#1972=CARTESIAN_POINT('',(85.660610588,-49.567438779,7.457459202));
#1973=VERTEX_POINT('',#1972);
#1974=CARTESIAN_POINT('',(85.660610588,45.920661221,7.457459202));
#1975=DIRECTION('',(-0.,-1.,-0.));
#1976=VECTOR('',#1975,95.4881);
#1977=LINE('',#1974,#1976);
#1978=EDGE_CURVE('',#1965,#1973,#1977,.T.);
#1979=ORIENTED_EDGE('',*,*,#1978,.T.);
#1980=CARTESIAN_POINT('',(141.619799365,-49.567438779,7.457459202));
#1981=VERTEX_POINT('',#1980);
#1982=CARTESIAN_POINT('',(85.660610588,-49.567438779,7.457459202));
#1983=DIRECTION('',(1.,0.,-0.));
#1984=VECTOR('',#1983,55.959188777);
#1985=LINE('',#1982,#1984);
#1986=EDGE_CURVE('',#1973,#1981,#1985,.T.);
#1987=ORIENTED_EDGE('',*,*,#1986,.T.);
#1988=CARTESIAN_POINT('',(141.619799365,-48.067438779,7.457459202));
#1989=DIRECTION('',(0.,-0.,1.));
#1990=DIRECTION('',(1.,0.,0.));
#1991=AXIS2_PLACEMENT_3D('',#1988,#1989,#1990);
#1992=CIRCLE('',#1991,1.5);
#1993=EDGE_CURVE('',#1981,#1914,#1992,.T.);
#1994=ORIENTED_EDGE('',*,*,#1993,.T.);
#1995=EDGE_LOOP('',(#1922,#1930,#1938,#1946,#1954,#1963,#1971,#1979,#1987,#1994));
#1996=FACE_BOUND('',#1995,.T.);
#1997=CARTESIAN_POINT('',(88.185609305,-48.184469926,7.457459202));
#1998=VERTEX_POINT('',#1997);
#1999=CARTESIAN_POINT('',(88.185609305,-40.184468615,7.457459202));
#2000=VERTEX_POINT('',#1999);
#2001=CARTESIAN_POINT('',(88.185609305,-48.184469926,7.457459202));
#2002=DIRECTION('',(0.,1.,0.));
#2003=VECTOR('',#2002,8.000001311);
#2004=LINE('',#2001,#2003);
#2005=EDGE_CURVE('',#1998,#2000,#2004,.T.);
#2006=ORIENTED_EDGE('',*,*,#2005,.T.);
#2007=CARTESIAN_POINT('',(92.081264579,-40.184468615,7.457459202));
#2008=VERTEX_POINT('',#2007);
#2009=CARTESIAN_POINT('',(88.185609305,-40.184468615,7.457459202));
#2010=DIRECTION('',(1.,0.,-0.));
#2011=VECTOR('',#2010,3.895655274);
#2012=LINE('',#2009,#2011);
#2013=EDGE_CURVE('',#2000,#2008,#2012,.T.);
#2014=ORIENTED_EDGE('',*,*,#2013,.T.);
#2015=CARTESIAN_POINT('',(94.029084766,-42.132296252,7.457459202));
#2016=VERTEX_POINT('',#2015);
#2017=CARTESIAN_POINT('',(92.081264579,-40.184468615,7.457459202));
#2018=CARTESIAN_POINT('',(92.345730774,-40.184468615,7.457459202));
#2019=CARTESIAN_POINT('',(92.606906994,-40.209497472,7.457459202));
#2020=CARTESIAN_POINT('',(92.86160823,-40.283785517,7.457459202));
#2021=CARTESIAN_POINT('',(92.988958847,-40.320929539,7.457459202));
#2022=CARTESIAN_POINT('',(93.111503035,-40.370088642,7.457459202));
#2023=CARTESIAN_POINT('',(93.226511493,-40.434248674,7.457459202));
#2024=CARTESIAN_POINT('',(93.341519951,-40.498408706,7.457459202));
#2025=CARTESIAN_POINT('',(93.449417085,-40.578741684,7.457459202));
#2026=CARTESIAN_POINT('',(93.541978677,-40.671274971,7.457459202));
#2027=CARTESIAN_POINT('',(93.588259474,-40.717541614,7.457459202));
#2028=CARTESIAN_POINT('',(93.631202163,-40.767065976,7.457459202));
#2029=CARTESIAN_POINT('',(93.670824069,-40.819831148,7.457459202));
#2030=CARTESIAN_POINT('',(93.710445976,-40.87259632,7.457459202));
#2031=CARTESIAN_POINT('',(93.746806507,-40.928842745,7.457459202));
#2032=CARTESIAN_POINT('',(93.77900892,-40.986513285,7.457459202));
#2033=CARTESIAN_POINT('',(93.843413746,-41.101854366,7.457459202));
#2034=CARTESIAN_POINT('',(93.89275315,-41.224976794,7.457459202));
#2035=CARTESIAN_POINT('',(93.929844129,-41.352209859,7.457459202));
#2036=CARTESIAN_POINT('',(94.004026088,-41.606675991,7.457459202));
#2037=CARTESIAN_POINT('',(94.029084766,-41.867790414,7.457459202));
#2038=CARTESIAN_POINT('',(94.029084766,-42.132296252,7.457459202));
#2039=B_SPLINE_CURVE_WITH_KNOTS('',3,(#2017,#2018,#2019,#2020,#2021,#2022,#2023,#2024,#2025,#2026,#2027,#2028,#2029,#2030,#2031,#2032,#2033,#2034,#2035,#2036,#2037,#2038),.UNSPECIFIED.,.F.,.F.,(4,3,3,3,3,3,3,4),(0.,0.000786632,0.001179948,0.001573264,0.001769922,0.00196658,0.002359895,0.003146527),.UNSPECIFIED.);
#2040=EDGE_CURVE('',#2008,#2016,#2039,.T.);
#2041=ORIENTED_EDGE('',*,*,#2040,.T.);
#2042=CARTESIAN_POINT('',(94.029084766,-43.454036701,7.457459202));
#2043=VERTEX_POINT('',#2042);
#2044=CARTESIAN_POINT('',(94.029084766,-42.132296252,7.457459202));
#2045=DIRECTION('',(-0.,-1.,-0.));
#2046=VECTOR('',#2045,1.321740449);
#2047=LINE('',#2044,#2046);
#2048=EDGE_CURVE('',#2016,#2043,#2047,.T.);
#2049=ORIENTED_EDGE('',*,*,#2048,.T.);
#2050=CARTESIAN_POINT('',(92.950821841,-45.262732196,7.457459202));
#2051=VERTEX_POINT('',#2050);
#2052=CARTESIAN_POINT('',(94.029084766,-43.454036701,7.457459202));
#2053=CARTESIAN_POINT('',(94.029084766,-43.643872667,7.457459202));
#2054=CARTESIAN_POINT('',(94.015639474,-43.831935679,7.457459202));
#2055=CARTESIAN_POINT('',(93.981060552,-44.017211919,7.457459202));
#2056=CARTESIAN_POINT('',(93.94648163,-44.202488158,7.457459202));
#2057=CARTESIAN_POINT('',(93.889506901,-44.386693579,7.457459202));
#2058=CARTESIAN_POINT('',(93.802283445,-44.554154768,7.457459202));
#2059=CARTESIAN_POINT('',(93.758671717,-44.637885362,7.457459202));
#2060=CARTESIAN_POINT('',(93.706611801,-44.718858057,7.457459202));
#2061=CARTESIAN_POINT('',(93.647431247,-44.792741608,7.457459202));
#2062=CARTESIAN_POINT('',(93.588250693,-44.866625159,7.457459202));
#2063=CARTESIAN_POINT('',(93.522232681,-44.933495868,7.457459202));
#2064=CARTESIAN_POINT('',(93.449408357,-44.99338568,7.457459202));
#2065=CARTESIAN_POINT('',(93.376584033,-45.053275493,7.457459202));
#2066=CARTESIAN_POINT('',(93.296177515,-45.106439983,7.457459202));
#2067=CARTESIAN_POINT('',(93.212515406,-45.151095505,7.457459202));
#2068=CARTESIAN_POINT('',(93.128853297,-45.195751027,7.457459202));
#2069=CARTESIAN_POINT('',(93.041416364,-45.232534178,7.457459202));
#2070=CARTESIAN_POINT('',(92.950821841,-45.262732196,7.457459202));
#2071=B_SPLINE_CURVE_WITH_KNOTS('',3,(#2052,#2053,#2054,#2055,#2056,#2057,#2058,#2059,#2060,#2061,#2062,#2063,#2064,#2065,#2066,#2067,#2068,#2069,#2070),.UNSPECIFIED.,.F.,.F.,(4,3,3,3,3,3,4),(0.,0.00056462,0.00112924,0.00141155,0.001693861,0.001976171,0.002258481),.UNSPECIFIED.);
#2072=EDGE_CURVE('',#2043,#2051,#2071,.T.);
#2073=ORIENTED_EDGE('',*,*,#2072,.T.);
#2074=CARTESIAN_POINT('',(94.260976637,-47.836643295,7.457459202));
#2075=VERTEX_POINT('',#2074);
#2076=CARTESIAN_POINT('',(92.950821841,-45.262732196,7.457459202));
#2077=DIRECTION('',(0.45362806,-0.891191104,-0.));
#2078=VECTOR('',#2077,2.888169651);
#2079=LINE('',#2076,#2078);
#2080=EDGE_CURVE('',#2051,#2075,#2079,.T.);
#2081=ORIENTED_EDGE('',*,*,#2080,.T.);
#2082=CARTESIAN_POINT('',(94.063864076,-48.184469926,7.457459202));
#2083=VERTEX_POINT('',#2082);
#2084=CARTESIAN_POINT('',(94.260976637,-47.836643295,7.457459202));
#2085=DIRECTION('',(-0.493033026,-0.870010595,-0.));
#2086=VECTOR('',#2085,0.399795856);
#2087=LINE('',#2084,#2086);
#2088=EDGE_CURVE('',#2075,#2083,#2087,.T.);
#2089=ORIENTED_EDGE('',*,*,#2088,.T.);
#2090=CARTESIAN_POINT('',(92.626185143,-48.184469926,7.457459202));
#2091=VERTEX_POINT('',#2090);
#2092=CARTESIAN_POINT('',(94.063864076,-48.184469926,7.457459202));
#2093=DIRECTION('',(-1.,-0.,0.));
#2094=VECTOR('',#2093,1.437678933);
#2095=LINE('',#2092,#2094);
#2096=EDGE_CURVE('',#2083,#2091,#2095,.T.);
#2097=ORIENTED_EDGE('',*,*,#2096,.T.);
#2098=CARTESIAN_POINT('',(91.211692417,-45.401860612,7.457459202));
#2099=VERTEX_POINT('',#2098);
#2100=CARTESIAN_POINT('',(92.626185143,-48.184469926,7.457459202));
#2101=DIRECTION('',(-0.453146543,0.891436038,0.));
#2102=VECTOR('',#2101,3.121490712);
#2103=LINE('',#2100,#2102);
#2104=EDGE_CURVE('',#2091,#2099,#2103,.T.);
#2105=ORIENTED_EDGE('',*,*,#2104,.T.);
#2106=CARTESIAN_POINT('',(89.855180109,-45.401860612,7.457459202));
#2107=VERTEX_POINT('',#2106);
#2108=CARTESIAN_POINT('',(91.211692417,-45.401860612,7.457459202));
#2109=DIRECTION('',(-1.,-0.,0.));
#2110=VECTOR('',#2109,1.356512308);
#2111=LINE('',#2108,#2110);
#2112=EDGE_CURVE('',#2099,#2107,#2111,.T.);
#2113=ORIENTED_EDGE('',*,*,#2112,.T.);
#2114=CARTESIAN_POINT('',(89.855180109,-48.184469926,7.457459202));
#2115=VERTEX_POINT('',#2114);
#2116=CARTESIAN_POINT('',(89.855180109,-45.401860612,7.457459202));
#2117=DIRECTION('',(-0.,-1.,-0.));
#2118=VECTOR('',#2117,2.782609314);
#2119=LINE('',#2116,#2118);
#2120=EDGE_CURVE('',#2107,#2115,#2119,.T.);
#2121=ORIENTED_EDGE('',*,*,#2120,.T.);
#2122=CARTESIAN_POINT('',(89.855180109,-48.184469926,7.457459202));
#2123=DIRECTION('',(-1.,-0.,0.));
#2124=VECTOR('',#2123,1.669570804);
#2125=LINE('',#2122,#2124);
#2126=EDGE_CURVE('',#2115,#1998,#2125,.T.);
#2127=ORIENTED_EDGE('',*,*,#2126,.T.);
#2128=EDGE_LOOP('',(#2006,#2014,#2041,#2049,#2073,#2081,#2089,#2097,#2105,#2113,#2121,#2127));
#2129=FACE_BOUND('',#2128,.T.);
#2130=ADVANCED_FACE('',(#1791,#1912,#1996,#2129),#1775,.T.);
#2131=CARTESIAN_POINT('',(-1.63500127,-56.567438779,5.457459202));
#2132=DIRECTION('',(0.,-0.707106781,-0.707106781));
#2133=DIRECTION('',(1.,0.,0.));
#2134=AXIS2_PLACEMENT_3D('',#2131,#2132,#2133);
#2135=PLANE('',#2134);
#2136=ORIENTED_EDGE('',*,*,#854,.F.);
#2137=CARTESIAN_POINT('',(83.160610588,-56.567438779,5.457459202));
#2138=DIRECTION('',(0.,-0.707106781,0.707106781));
#2139=VECTOR('',#2138,0.707106781);
#2140=LINE('',#2137,#2139);
#2141=EDGE_CURVE('',#203,#839,#2140,.T.);
#2142=ORIENTED_EDGE('',*,*,#2141,.F.);
#2143=ORIENTED_EDGE('',*,*,#208,.F.);
#2144=CARTESIAN_POINT('',(141.119799365,-57.067438779,5.957459202));
#2145=CARTESIAN_POINT('',(141.119799366,-56.567438779,5.457459202));
#2146=B_SPLINE_CURVE_WITH_KNOTS('',1,(#2144,#2145),.UNSPECIFIED.,.F.,.F.,(2,2),(0.,1.),.UNSPECIFIED.);
#2147=EDGE_CURVE('',#849,#194,#2146,.T.);
#2148=ORIENTED_EDGE('',*,*,#2147,.F.);
#2149=EDGE_LOOP('',(#2136,#2142,#2143,#2148));
#2150=FACE_BOUND('',#2149,.T.);
#2151=ADVANCED_FACE('',(#2150),#2135,.T.);
#2152=CARTESIAN_POINT('',(0.132499365,-50.067438779,21.757459202));
#2153=DIRECTION('',(0.,-1.,-0.));
#2154=DIRECTION('',(0.,-0.,1.));
#2155=AXIS2_PLACEMENT_3D('',#2152,#2153,#2154);
#2156=PLANE('',#2155);
#2157=CARTESIAN_POINT('',(124.269906052,-50.067438779,15.357459202));
#2158=VERTEX_POINT('',#2157);
#2159=CARTESIAN_POINT('',(124.269906052,-50.067438779,9.857459202));
#2160=VERTEX_POINT('',#2159);
#2161=CARTESIAN_POINT('',(124.269906052,-50.067438779,15.357459202));
#2162=DIRECTION('',(0.,0.,-1.));
#2163=VECTOR('',#2162,5.5);
#2164=LINE('',#2161,#2163);
#2165=EDGE_CURVE('',#2158,#2160,#2164,.T.);
#2166=ORIENTED_EDGE('',*,*,#2165,.T.);
#2167=CARTESIAN_POINT('',(125.469906052,-50.067438779,8.657459202));
#2168=VERTEX_POINT('',#2167);
#2169=CARTESIAN_POINT('',(125.469906052,-50.067438779,9.857459202));
#2170=DIRECTION('',(0.,-1.,-0.));
#2171=DIRECTION('',(0.,0.,-1.));
#2172=AXIS2_PLACEMENT_3D('',#2169,#2170,#2171);
#2173=CIRCLE('',#2172,1.2);
#2174=EDGE_CURVE('',#2160,#2168,#2173,.T.);
#2175=ORIENTED_EDGE('',*,*,#2174,.T.);
#2176=CARTESIAN_POINT('',(137.469906052,-50.067438779,8.657459202));
#2177=VERTEX_POINT('',#2176);
#2178=CARTESIAN_POINT('',(125.469906052,-50.067438779,8.657459202));
#2179=DIRECTION('',(1.,0.,-0.));
#2180=VECTOR('',#2179,12.);
#2181=LINE('',#2178,#2180);
#2182=EDGE_CURVE('',#2168,#2177,#2181,.T.);
#2183=ORIENTED_EDGE('',*,*,#2182,.T.);
#2184=CARTESIAN_POINT('',(138.669906052,-50.067438779,9.857459202));
#2185=VERTEX_POINT('',#2184);
#2186=CARTESIAN_POINT('',(137.469906052,-50.067438779,9.857459202));
#2187=DIRECTION('',(0.,-1.,-0.));
#2188=DIRECTION('',(0.,0.,-1.));
#2189=AXIS2_PLACEMENT_3D('',#2186,#2187,#2188);
#2190=CIRCLE('',#2189,1.2);
#2191=EDGE_CURVE('',#2177,#2185,#2190,.T.);
#2192=ORIENTED_EDGE('',*,*,#2191,.T.);
#2193=CARTESIAN_POINT('',(138.669906052,-50.067438779,15.357459202));
#2194=VERTEX_POINT('',#2193);
#2195=CARTESIAN_POINT('',(138.669906052,-50.067438779,9.857459202));
#2196=DIRECTION('',(0.,-0.,1.));
#2197=VECTOR('',#2196,5.5);
#2198=LINE('',#2195,#2197);
#2199=EDGE_CURVE('',#2185,#2194,#2198,.T.);
#2200=ORIENTED_EDGE('',*,*,#2199,.T.);
#2201=CARTESIAN_POINT('',(137.469906052,-50.067438779,16.557459202));
#2202=VERTEX_POINT('',#2201);
#2203=CARTESIAN_POINT('',(137.469906052,-50.067438779,15.357459202));
#2204=DIRECTION('',(0.,-1.,-0.));
#2205=DIRECTION('',(0.,0.,-1.));
#2206=AXIS2_PLACEMENT_3D('',#2203,#2204,#2205);
#2207=CIRCLE('',#2206,1.2);
#2208=EDGE_CURVE('',#2194,#2202,#2207,.T.);
#2209=ORIENTED_EDGE('',*,*,#2208,.T.);
#2210=CARTESIAN_POINT('',(125.469906052,-50.067438779,16.557459202));
#2211=VERTEX_POINT('',#2210);
#2212=CARTESIAN_POINT('',(137.469906052,-50.067438779,16.557459202));
#2213=DIRECTION('',(-1.,0.,0.));
#2214=VECTOR('',#2213,12.);
#2215=LINE('',#2212,#2214);
#2216=EDGE_CURVE('',#2202,#2211,#2215,.T.);
#2217=ORIENTED_EDGE('',*,*,#2216,.T.);
#2218=CARTESIAN_POINT('',(125.469906052,-50.067438779,15.357459202));
#2219=DIRECTION('',(0.,-1.,-0.));
#2220=DIRECTION('',(0.,0.,-1.));
#2221=AXIS2_PLACEMENT_3D('',#2218,#2219,#2220);
#2222=CIRCLE('',#2221,1.2);
#2223=EDGE_CURVE('',#2211,#2158,#2222,.T.);
#2224=ORIENTED_EDGE('',*,*,#2223,.T.);
#2225=EDGE_LOOP('',(#2166,#2175,#2183,#2192,#2200,#2209,#2217,#2224));
#2226=FACE_BOUND('',#2225,.T.);
#2227=CARTESIAN_POINT('',(112.8197,-50.067438779,12.057459188));
#2228=VERTEX_POINT('',#2227);
#2229=CARTESIAN_POINT('',(103.169,-50.067438779,12.057459188));
#2230=VERTEX_POINT('',#2229);
#2231=CARTESIAN_POINT('',(112.8197,-50.067438779,12.057459188));
#2232=DIRECTION('',(-1.,0.,0.));
#2233=VECTOR('',#2232,9.6507);
#2234=LINE('',#2231,#2233);
#2235=EDGE_CURVE('',#2228,#2230,#2234,.T.);
#2236=ORIENTED_EDGE('',*,*,#2235,.F.);
#2237=CARTESIAN_POINT('',(113.8197,-50.067438779,13.057459188));
#2238=VERTEX_POINT('',#2237);
#2239=CARTESIAN_POINT('',(112.8197,-50.067438779,13.057459188));
#2240=DIRECTION('',(0.,-1.,-0.));
#2241=DIRECTION('',(0.,0.,-1.));
#2242=AXIS2_PLACEMENT_3D('',#2239,#2240,#2241);
#2243=CIRCLE('',#2242,1.);
#2244=EDGE_CURVE('',#2228,#2238,#2243,.T.);
#2245=ORIENTED_EDGE('',*,*,#2244,.T.);
#2246=CARTESIAN_POINT('',(113.8197,-50.067438779,15.157459202));
#2247=VERTEX_POINT('',#2246);
#2248=CARTESIAN_POINT('',(113.8197,-50.067438779,13.057459188));
#2249=DIRECTION('',(-0.,-0.,1.));
#2250=VECTOR('',#2249,2.100000014);
#2251=LINE('',#2248,#2250);
#2252=EDGE_CURVE('',#2238,#2247,#2251,.T.);
#2253=ORIENTED_EDGE('',*,*,#2252,.T.);
#2254=CARTESIAN_POINT('',(115.5197,-50.067438779,16.857459202));
#2255=VERTEX_POINT('',#2254);
#2256=CARTESIAN_POINT('',(113.8197,-50.067438779,15.157459202));
#2257=DIRECTION('',(0.707106781,-0.,0.707106781));
#2258=VECTOR('',#2257,2.404163056);
#2259=LINE('',#2256,#2258);
#2260=EDGE_CURVE('',#2247,#2255,#2259,.T.);
#2261=ORIENTED_EDGE('',*,*,#2260,.T.);
#2262=CARTESIAN_POINT('',(141.619799365,-50.067438779,16.857459202));
#2263=VERTEX_POINT('',#2262);
#2264=CARTESIAN_POINT('',(115.5197,-50.067438779,16.857459202));
#2265=DIRECTION('',(1.,0.,-0.));
#2266=VECTOR('',#2265,26.100099365);
#2267=LINE('',#2264,#2266);
#2268=EDGE_CURVE('',#2255,#2263,#2267,.T.);
#2269=ORIENTED_EDGE('',*,*,#2268,.T.);
#2270=CARTESIAN_POINT('',(141.619799365,-50.067438778,7.957459202));
#2271=VERTEX_POINT('',#2270);
#2272=CARTESIAN_POINT('',(141.619799365,-50.067438779,16.857459202));
#2273=DIRECTION('',(-0.,0.,-1.));
#2274=VECTOR('',#2273,8.9);
#2275=LINE('',#2272,#2274);
#2276=EDGE_CURVE('',#2263,#2271,#2275,.T.);
#2277=ORIENTED_EDGE('',*,*,#2276,.T.);
#2278=CARTESIAN_POINT('',(85.160610588,-50.067438779,7.957459202));
#2279=VERTEX_POINT('',#2278);
#2280=CARTESIAN_POINT('',(141.619799365,-50.067438779,7.957459202));
#2281=DIRECTION('',(-1.,0.,0.));
#2282=VECTOR('',#2281,56.459188777);
#2283=LINE('',#2280,#2282);
#2284=EDGE_CURVE('',#2271,#2279,#2283,.T.);
#2285=ORIENTED_EDGE('',*,*,#2284,.T.);
#2286=CARTESIAN_POINT('',(85.159605537,-50.067438779,7.957459202));
#2287=VERTEX_POINT('',#2286);
#2288=CARTESIAN_POINT('',(85.160610588,-50.067438779,7.957459202));
#2289=DIRECTION('',(-1.,0.,0.));
#2290=VECTOR('',#2289,0.001005051);
#2291=LINE('',#2288,#2290);
#2292=EDGE_CURVE('',#2279,#2287,#2291,.T.);
#2293=ORIENTED_EDGE('',*,*,#2292,.T.);
#2294=CARTESIAN_POINT('',(83.160610588,-50.067438779,5.958464253));
#2295=VERTEX_POINT('',#2294);
#2296=CARTESIAN_POINT('',(85.159605537,-50.067438779,7.957459202));
#2297=DIRECTION('',(-0.707106781,0.,-0.707106781));
#2298=VECTOR('',#2297,2.827005768);
#2299=LINE('',#2296,#2298);
#2300=EDGE_CURVE('',#2287,#2295,#2299,.T.);
#2301=ORIENTED_EDGE('',*,*,#2300,.T.);
#2302=CARTESIAN_POINT('',(83.160610588,-50.067438779,16.857459202));
#2303=VERTEX_POINT('',#2302);
#2304=CARTESIAN_POINT('',(83.160610588,-50.067438779,16.857459202));
#2305=DIRECTION('',(-0.,0.,-1.));
#2306=VECTOR('',#2305,10.898994949);
#2307=LINE('',#2304,#2306);
#2308=EDGE_CURVE('',#2303,#2295,#2307,.T.);
#2309=ORIENTED_EDGE('',*,*,#2308,.F.);
#2310=CARTESIAN_POINT('',(100.469,-50.067438779,16.857459202));
#2311=VERTEX_POINT('',#2310);
#2312=CARTESIAN_POINT('',(83.160610588,-50.067438779,16.857459202));
#2313=DIRECTION('',(1.,0.,-0.));
#2314=VECTOR('',#2313,17.308389412);
#2315=LINE('',#2312,#2314);
#2316=EDGE_CURVE('',#2303,#2311,#2315,.T.);
#2317=ORIENTED_EDGE('',*,*,#2316,.T.);
#2318=CARTESIAN_POINT('',(102.169,-50.067438779,15.157459202));
#2319=VERTEX_POINT('',#2318);
#2320=CARTESIAN_POINT('',(102.169,-50.067438779,15.157459202));
#2321=DIRECTION('',(-0.707106781,-0.,0.707106781));
#2322=VECTOR('',#2321,2.404163056);
#2323=LINE('',#2320,#2322);
#2324=EDGE_CURVE('',#2319,#2311,#2323,.T.);
#2325=ORIENTED_EDGE('',*,*,#2324,.F.);
#2326=CARTESIAN_POINT('',(102.169,-50.067438779,13.057459188));
#2327=VERTEX_POINT('',#2326);
#2328=CARTESIAN_POINT('',(102.169,-50.067438779,13.057459188));
#2329=DIRECTION('',(0.,-0.,1.));
#2330=VECTOR('',#2329,2.100000014);
#2331=LINE('',#2328,#2330);
#2332=EDGE_CURVE('',#2327,#2319,#2331,.T.);
#2333=ORIENTED_EDGE('',*,*,#2332,.F.);
#2334=CARTESIAN_POINT('',(103.169,-50.067438779,13.057459188));
#2335=DIRECTION('',(0.,-1.,-0.));
#2336=DIRECTION('',(0.,0.,-1.));
#2337=AXIS2_PLACEMENT_3D('',#2334,#2335,#2336);
#2338=CIRCLE('',#2337,1.);
#2339=EDGE_CURVE('',#2327,#2230,#2338,.T.);
#2340=ORIENTED_EDGE('',*,*,#2339,.T.);
#2341=EDGE_LOOP('',(#2236,#2245,#2253,#2261,#2269,#2277,#2285,#2293,#2301,#2309,#2317,#2325,#2333,#2340));
#2342=FACE_BOUND('',#2341,.T.);
#2343=ADVANCED_FACE('',(#2226,#2342),#2156,.F.);
#2344=CARTESIAN_POINT('',(0.132499365,46.420661221,21.757459202));
#2345=DIRECTION('',(0.,1.,0.));
#2346=DIRECTION('',(0.,-0.,1.));
#2347=AXIS2_PLACEMENT_3D('',#2344,#2345,#2346);
#2348=PLANE('',#2347);
#2349=CARTESIAN_POINT('',(124.269906052,46.420661221,15.357459202));
#2350=VERTEX_POINT('',#2349);
#2351=CARTESIAN_POINT('',(125.469906052,46.420661221,16.557459202));
#2352=VERTEX_POINT('',#2351);
#2353=CARTESIAN_POINT('',(125.469906052,46.420661221,15.357459202));
#2354=DIRECTION('',(0.,1.,0.));
#2355=DIRECTION('',(0.,-0.,1.));
#2356=AXIS2_PLACEMENT_3D('',#2353,#2354,#2355);
#2357=CIRCLE('',#2356,1.2);
#2358=EDGE_CURVE('',#2350,#2352,#2357,.T.);
#2359=ORIENTED_EDGE('',*,*,#2358,.T.);
#2360=CARTESIAN_POINT('',(137.469906052,46.420661221,16.557459202));
#2361=VERTEX_POINT('',#2360);
#2362=CARTESIAN_POINT('',(125.469906052,46.420661221,16.557459202));
#2363=DIRECTION('',(1.,0.,-0.));
#2364=VECTOR('',#2363,12.);
#2365=LINE('',#2362,#2364);
#2366=EDGE_CURVE('',#2352,#2361,#2365,.T.);
#2367=ORIENTED_EDGE('',*,*,#2366,.T.);
#2368=CARTESIAN_POINT('',(138.669906052,46.420661221,15.357459202));
#2369=VERTEX_POINT('',#2368);
#2370=CARTESIAN_POINT('',(137.469906052,46.420661221,15.357459202));
#2371=DIRECTION('',(0.,1.,0.));
#2372=DIRECTION('',(0.,-0.,1.));
#2373=AXIS2_PLACEMENT_3D('',#2370,#2371,#2372);
#2374=CIRCLE('',#2373,1.2);
#2375=EDGE_CURVE('',#2361,#2369,#2374,.T.);
#2376=ORIENTED_EDGE('',*,*,#2375,.T.);
#2377=CARTESIAN_POINT('',(138.669906052,46.420661221,9.857459202));
#2378=VERTEX_POINT('',#2377);
#2379=CARTESIAN_POINT('',(138.669906052,46.420661221,15.357459202));
#2380=DIRECTION('',(0.,0.,-1.));
#2381=VECTOR('',#2380,5.5);
#2382=LINE('',#2379,#2381);
#2383=EDGE_CURVE('',#2369,#2378,#2382,.T.);
#2384=ORIENTED_EDGE('',*,*,#2383,.T.);
#2385=CARTESIAN_POINT('',(137.469906052,46.420661221,8.657459202));
#2386=VERTEX_POINT('',#2385);
#2387=CARTESIAN_POINT('',(137.469906052,46.420661221,9.857459202));
#2388=DIRECTION('',(0.,1.,0.));
#2389=DIRECTION('',(0.,-0.,1.));
#2390=AXIS2_PLACEMENT_3D('',#2387,#2388,#2389);
#2391=CIRCLE('',#2390,1.2);
#2392=EDGE_CURVE('',#2378,#2386,#2391,.T.);
#2393=ORIENTED_EDGE('',*,*,#2392,.T.);
#2394=CARTESIAN_POINT('',(125.469906052,46.420661221,8.657459202));
#2395=VERTEX_POINT('',#2394);
#2396=CARTESIAN_POINT('',(137.469906052,46.420661221,8.657459202));
#2397=DIRECTION('',(-1.,0.,0.));
#2398=VECTOR('',#2397,12.);
#2399=LINE('',#2396,#2398);
#2400=EDGE_CURVE('',#2386,#2395,#2399,.T.);
#2401=ORIENTED_EDGE('',*,*,#2400,.T.);
#2402=CARTESIAN_POINT('',(124.269906052,46.420661221,9.857459202));
#2403=VERTEX_POINT('',#2402);
#2404=CARTESIAN_POINT('',(125.469906052,46.420661221,9.857459202));
#2405=DIRECTION('',(0.,1.,0.));
#2406=DIRECTION('',(0.,-0.,1.));
#2407=AXIS2_PLACEMENT_3D('',#2404,#2405,#2406);
#2408=CIRCLE('',#2407,1.2);
#2409=EDGE_CURVE('',#2395,#2403,#2408,.T.);
#2410=ORIENTED_EDGE('',*,*,#2409,.T.);
#2411=CARTESIAN_POINT('',(124.269906052,46.420661221,9.857459202));
#2412=DIRECTION('',(0.,-0.,1.));
#2413=VECTOR('',#2412,5.5);
#2414=LINE('',#2411,#2413);
#2415=EDGE_CURVE('',#2403,#2350,#2414,.T.);
#2416=ORIENTED_EDGE('',*,*,#2415,.T.);
#2417=EDGE_LOOP('',(#2359,#2367,#2376,#2384,#2393,#2401,#2410,#2416));
#2418=FACE_BOUND('',#2417,.T.);
#2419=CARTESIAN_POINT('',(103.169,46.420661221,12.057459163));
#2420=VERTEX_POINT('',#2419);
#2421=CARTESIAN_POINT('',(112.818234504,46.420661221,12.057459163));
#2422=VERTEX_POINT('',#2421);
#2423=CARTESIAN_POINT('',(103.169,46.420661221,12.057459163));
#2424=DIRECTION('',(1.,0.,-0.));
#2425=VECTOR('',#2424,9.649234504);
#2426=LINE('',#2423,#2425);
#2427=EDGE_CURVE('',#2420,#2422,#2426,.T.);
#2428=ORIENTED_EDGE('',*,*,#2427,.F.);
#2429=CARTESIAN_POINT('',(102.169,46.420661221,13.057459163));
#2430=VERTEX_POINT('',#2429);
#2431=CARTESIAN_POINT('',(103.169,46.420661221,13.057459163));
#2432=DIRECTION('',(0.,1.,0.));
#2433=DIRECTION('',(0.,-0.,1.));
#2434=AXIS2_PLACEMENT_3D('',#2431,#2432,#2433);
#2435=CIRCLE('',#2434,1.);
#2436=EDGE_CURVE('',#2420,#2430,#2435,.T.);
#2437=ORIENTED_EDGE('',*,*,#2436,.T.);
#2438=CARTESIAN_POINT('',(102.169,46.420661221,15.157459202));
#2439=VERTEX_POINT('',#2438);
#2440=CARTESIAN_POINT('',(102.169,46.420661221,15.157459202));
#2441=DIRECTION('',(0.,0.,-1.));
#2442=VECTOR('',#2441,2.100000039);
#2443=LINE('',#2440,#2442);
#2444=EDGE_CURVE('',#2439,#2430,#2443,.T.);
#2445=ORIENTED_EDGE('',*,*,#2444,.F.);
#2446=CARTESIAN_POINT('',(100.469,46.420661221,16.857459202));
#2447=VERTEX_POINT('',#2446);
#2448=CARTESIAN_POINT('',(102.169,46.420661221,15.157459202));
#2449=DIRECTION('',(-0.707106781,-0.,0.707106781));
#2450=VECTOR('',#2449,2.404163056);
#2451=LINE('',#2448,#2450);
#2452=EDGE_CURVE('',#2439,#2447,#2451,.T.);
#2453=ORIENTED_EDGE('',*,*,#2452,.T.);
#2454=CARTESIAN_POINT('',(83.160610588,46.420661221,16.857459202));
#2455=VERTEX_POINT('',#2454);
#2456=CARTESIAN_POINT('',(100.469,46.420661221,16.857459202));
#2457=DIRECTION('',(-1.,0.,0.));
#2458=VECTOR('',#2457,17.308389412);
#2459=LINE('',#2456,#2458);
#2460=EDGE_CURVE('',#2447,#2455,#2459,.T.);
#2461=ORIENTED_EDGE('',*,*,#2460,.T.);
#2462=CARTESIAN_POINT('',(83.160610588,46.420661221,7.957459202));
#2463=VERTEX_POINT('',#2462);
#2464=CARTESIAN_POINT('',(83.160610588,46.420661221,16.857459202));
#2465=DIRECTION('',(-0.,0.,-1.));
#2466=VECTOR('',#2465,8.9);
#2467=LINE('',#2464,#2466);
#2468=EDGE_CURVE('',#2455,#2463,#2467,.T.);
#2469=ORIENTED_EDGE('',*,*,#2468,.T.);
#2470=CARTESIAN_POINT('',(85.160610588,46.420661221,7.957459202));
#2471=VERTEX_POINT('',#2470);
#2472=CARTESIAN_POINT('',(85.160610588,46.420661221,7.957459202));
#2473=DIRECTION('',(-1.,-0.,0.));
#2474=VECTOR('',#2473,2.);
#2475=LINE('',#2472,#2474);
#2476=EDGE_CURVE('',#2471,#2463,#2475,.T.);
#2477=ORIENTED_EDGE('',*,*,#2476,.F.);
#2478=CARTESIAN_POINT('',(141.619799365,46.420661222,7.957459203));
#2479=VERTEX_POINT('',#2478);
#2480=CARTESIAN_POINT('',(85.160610588,46.420661221,7.957459202));
#2481=DIRECTION('',(1.,0.,-0.));
#2482=VECTOR('',#2481,56.459188777);
#2483=LINE('',#2480,#2482);
#2484=EDGE_CURVE('',#2471,#2479,#2483,.T.);
#2485=ORIENTED_EDGE('',*,*,#2484,.T.);
#2486=CARTESIAN_POINT('',(141.619799365,46.420661221,16.857459202));
#2487=VERTEX_POINT('',#2486);
#2488=CARTESIAN_POINT('',(141.619799365,46.420661221,7.957459203));
#2489=DIRECTION('',(0.,-0.,1.));
#2490=VECTOR('',#2489,8.899999999);
#2491=LINE('',#2488,#2490);
#2492=EDGE_CURVE('',#2479,#2487,#2491,.T.);
#2493=ORIENTED_EDGE('',*,*,#2492,.T.);
#2494=CARTESIAN_POINT('',(115.51824162,46.420661221,16.857459202));
#2495=VERTEX_POINT('',#2494);
#2496=CARTESIAN_POINT('',(141.619799365,46.420661221,16.857459202));
#2497=DIRECTION('',(-1.,0.,0.));
#2498=VECTOR('',#2497,26.101557745);
#2499=LINE('',#2496,#2498);
#2500=EDGE_CURVE('',#2487,#2495,#2499,.T.);
#2501=ORIENTED_EDGE('',*,*,#2500,.T.);
#2502=CARTESIAN_POINT('',(113.81823714,46.420661221,15.157459202));
#2503=VERTEX_POINT('',#2502);
#2504=CARTESIAN_POINT('',(113.81823714,46.420661221,15.157459202));
#2505=DIRECTION('',(0.707107713,-0.,0.707105849));
#2506=VECTOR('',#2505,2.404166224);
#2507=LINE('',#2504,#2506);
#2508=EDGE_CURVE('',#2503,#2495,#2507,.T.);
#2509=ORIENTED_EDGE('',*,*,#2508,.F.);
#2510=CARTESIAN_POINT('',(113.81823714,46.420661221,13.057459163));
#2511=VERTEX_POINT('',#2510);
#2512=CARTESIAN_POINT('',(113.81823714,46.420661221,15.157459202));
#2513=DIRECTION('',(-0.,0.,-1.));
#2514=VECTOR('',#2513,2.100000039);
#2515=LINE('',#2512,#2514);
#2516=EDGE_CURVE('',#2503,#2511,#2515,.T.);
#2517=ORIENTED_EDGE('',*,*,#2516,.T.);
#2518=CARTESIAN_POINT('',(112.818234504,46.420661221,13.057459163));
#2519=DIRECTION('',(0.,1.,0.));
#2520=DIRECTION('',(-1.,0.,-0.000000111));
#2521=AXIS2_PLACEMENT_3D('',#2518,#2519,#2520);
#2522=ELLIPSE('',#2521,1.000002635,1.);
#2523=EDGE_CURVE('',#2511,#2422,#2522,.T.);
#2524=ORIENTED_EDGE('',*,*,#2523,.T.);
#2525=EDGE_LOOP('',(#2428,#2437,#2445,#2453,#2461,#2469,#2477,#2485,#2493,#2501,#2509,#2517,#2524));
#2526=FACE_BOUND('',#2525,.T.);
#2527=ADVANCED_FACE('',(#2418,#2526),#2348,.F.);
#2528=CARTESIAN_POINT('',(131.469906052,55.932561221,16.357459202));
#2529=DIRECTION('',(0.,-0.,1.));
#2530=DIRECTION('',(1.,0.,0.));
#2531=AXIS2_PLACEMENT_3D('',#2528,#2529,#2530);
#2532=PLANE('',#2531);
#2533=CARTESIAN_POINT('',(137.469906052,52.420661221,16.357459202));
#2534=VERTEX_POINT('',#2533);
#2535=CARTESIAN_POINT('',(137.469906052,46.620661221,16.357459202));
#2536=VERTEX_POINT('',#2535);
#2537=CARTESIAN_POINT('',(137.469906052,52.420661221,16.357459202));
#2538=DIRECTION('',(0.,-1.,-0.));
#2539=VECTOR('',#2538,5.8);
#2540=LINE('',#2537,#2539);
#2541=EDGE_CURVE('',#2534,#2536,#2540,.T.);
#2542=ORIENTED_EDGE('',*,*,#2541,.T.);
#2543=CARTESIAN_POINT('',(125.469906052,46.620661221,16.357459202));
#2544=VERTEX_POINT('',#2543);
#2545=CARTESIAN_POINT('',(137.469906052,46.620661221,16.357459202));
#2546=DIRECTION('',(-1.,0.,0.));
#2547=VECTOR('',#2546,12.);
#2548=LINE('',#2545,#2547);
#2549=EDGE_CURVE('',#2536,#2544,#2548,.T.);
#2550=ORIENTED_EDGE('',*,*,#2549,.T.);
#2551=CARTESIAN_POINT('',(125.469906052,52.420661221,16.357459202));
#2552=VERTEX_POINT('',#2551);
#2553=CARTESIAN_POINT('',(125.469906052,46.620661221,16.357459202));
#2554=DIRECTION('',(-0.,1.,0.));
#2555=VECTOR('',#2554,5.8);
#2556=LINE('',#2553,#2555);
#2557=EDGE_CURVE('',#2544,#2552,#2556,.T.);
#2558=ORIENTED_EDGE('',*,*,#2557,.T.);
#2559=CARTESIAN_POINT('',(125.469906052,52.420661221,16.357459202));
#2560=DIRECTION('',(1.,0.,-0.));
#2561=VECTOR('',#2560,12.);
#2562=LINE('',#2559,#2561);
#2563=EDGE_CURVE('',#2552,#2534,#2562,.T.);
#2564=ORIENTED_EDGE('',*,*,#2563,.T.);
#2565=EDGE_LOOP('',(#2542,#2550,#2558,#2564));
#2566=FACE_BOUND('',#2565,.T.);
#2567=ADVANCED_FACE('',(#2566),#2532,.F.);
#2568=CARTESIAN_POINT('',(131.469906052,55.932561221,8.857459202));
#2569=DIRECTION('',(0.,0.,-1.));
#2570=DIRECTION('',(-1.,0.,0.));
#2571=AXIS2_PLACEMENT_3D('',#2568,#2569,#2570);
#2572=PLANE('',#2571);
#2573=CARTESIAN_POINT('',(125.469906052,52.420661221,8.857459202));
#2574=VERTEX_POINT('',#2573);
#2575=CARTESIAN_POINT('',(125.469906052,46.620661221,8.857459202));
#2576=VERTEX_POINT('',#2575);
#2577=CARTESIAN_POINT('',(125.469906052,52.420661221,8.857459202));
#2578=DIRECTION('',(0.,-1.,-0.));
#2579=VECTOR('',#2578,5.8);
#2580=LINE('',#2577,#2579);
#2581=EDGE_CURVE('',#2574,#2576,#2580,.T.);
#2582=ORIENTED_EDGE('',*,*,#2581,.T.);
#2583=CARTESIAN_POINT('',(137.469906052,46.620661221,8.857459202));
#2584=VERTEX_POINT('',#2583);
#2585=CARTESIAN_POINT('',(125.469906052,46.620661221,8.857459202));
#2586=DIRECTION('',(1.,0.,-0.));
#2587=VECTOR('',#2586,12.);
#2588=LINE('',#2585,#2587);
#2589=EDGE_CURVE('',#2576,#2584,#2588,.T.);
#2590=ORIENTED_EDGE('',*,*,#2589,.T.);
#2591=CARTESIAN_POINT('',(137.469906052,52.420661221,8.857459202));
#2592=VERTEX_POINT('',#2591);
#2593=CARTESIAN_POINT('',(137.469906052,46.620661221,8.857459202));
#2594=DIRECTION('',(-0.,1.,0.));
#2595=VECTOR('',#2594,5.8);
#2596=LINE('',#2593,#2595);
#2597=EDGE_CURVE('',#2584,#2592,#2596,.T.);
#2598=ORIENTED_EDGE('',*,*,#2597,.T.);
#2599=CARTESIAN_POINT('',(137.469906052,52.420661221,8.857459202));
#2600=DIRECTION('',(-1.,0.,0.));
#2601=VECTOR('',#2600,12.);
#2602=LINE('',#2599,#2601);
#2603=EDGE_CURVE('',#2592,#2574,#2602,.T.);
#2604=ORIENTED_EDGE('',*,*,#2603,.T.);
#2605=EDGE_LOOP('',(#2582,#2590,#2598,#2604));
#2606=FACE_BOUND('',#2605,.T.);
#2607=ADVANCED_FACE('',(#2606),#2572,.F.);
#2608=CARTESIAN_POINT('',(161.469906052,-50.867438779,8.857459202));
#2609=DIRECTION('',(0.,0.,-1.));
#2610=DIRECTION('',(-1.,0.,0.));
#2611=AXIS2_PLACEMENT_3D('',#2608,#2609,#2610);
#2612=PLANE('',#2611);
#2613=CARTESIAN_POINT('',(137.469906052,-56.067438779,8.857459202));
#2614=VERTEX_POINT('',#2613);
#2615=CARTESIAN_POINT('',(137.469906052,-50.267438779,8.857459202));
#2616=VERTEX_POINT('',#2615);
#2617=CARTESIAN_POINT('',(137.469906052,-56.067438779,8.857459202));
#2618=DIRECTION('',(-0.,1.,0.));
#2619=VECTOR('',#2618,5.8);
#2620=LINE('',#2617,#2619);
#2621=EDGE_CURVE('',#2614,#2616,#2620,.T.);
#2622=ORIENTED_EDGE('',*,*,#2621,.T.);
#2623=CARTESIAN_POINT('',(125.469906052,-50.267438779,8.857459202));
#2624=VERTEX_POINT('',#2623);
#2625=CARTESIAN_POINT('',(137.469906052,-50.267438779,8.857459202));
#2626=DIRECTION('',(-1.,0.,0.));
#2627=VECTOR('',#2626,12.);
#2628=LINE('',#2625,#2627);
#2629=EDGE_CURVE('',#2616,#2624,#2628,.T.);
#2630=ORIENTED_EDGE('',*,*,#2629,.T.);
#2631=CARTESIAN_POINT('',(125.469906052,-56.067438779,8.857459202));
#2632=VERTEX_POINT('',#2631);
#2633=CARTESIAN_POINT('',(125.469906052,-50.267438779,8.857459202));
#2634=DIRECTION('',(0.,-1.,-0.));
#2635=VECTOR('',#2634,5.8);
#2636=LINE('',#2633,#2635);
#2637=EDGE_CURVE('',#2624,#2632,#2636,.T.);
#2638=ORIENTED_EDGE('',*,*,#2637,.T.);
#2639=CARTESIAN_POINT('',(125.469906052,-56.067438779,8.857459202));
#2640=DIRECTION('',(1.,0.,-0.));
#2641=VECTOR('',#2640,12.);
#2642=LINE('',#2639,#2641);
#2643=EDGE_CURVE('',#2632,#2614,#2642,.T.);
#2644=ORIENTED_EDGE('',*,*,#2643,.T.);
#2645=EDGE_LOOP('',(#2622,#2630,#2638,#2644));
#2646=FACE_BOUND('',#2645,.T.);
#2647=ADVANCED_FACE('',(#2646),#2612,.F.);
#2648=CARTESIAN_POINT('',(-1.83500127,-50.567438779,17.357459202));
#2649=DIRECTION('',(0.,0.707106781,0.707106781));
#2650=DIRECTION('',(1.,0.,0.));
#2651=AXIS2_PLACEMENT_3D('',#2648,#2649,#2650);
#2652=PLANE('',#2651);
#2653=CARTESIAN_POINT('',(99.969,-50.567438779,17.357459202));
#2654=VERTEX_POINT('',#2653);
#2655=CARTESIAN_POINT('',(83.660610588,-50.567438779,17.357459202));
#2656=VERTEX_POINT('',#2655);
#2657=CARTESIAN_POINT('',(99.969,-50.567438779,17.357459202));
#2658=DIRECTION('',(-1.,0.,0.));
#2659=VECTOR('',#2658,16.308389412);
#2660=LINE('',#2657,#2659);
#2661=EDGE_CURVE('',#2654,#2656,#2660,.T.);
#2662=ORIENTED_EDGE('',*,*,#2661,.F.);
#2663=CARTESIAN_POINT('',(99.969,-50.567438779,17.357459202));
#2664=DIRECTION('',(0.577350269,0.577350269,-0.577350269));
#2665=VECTOR('',#2664,0.866025404);
#2666=LINE('',#2663,#2665);
#2667=EDGE_CURVE('',#2654,#2311,#2666,.T.);
#2668=ORIENTED_EDGE('',*,*,#2667,.T.);
#2669=ORIENTED_EDGE('',*,*,#2316,.F.);
#2670=CARTESIAN_POINT('',(83.660610588,-50.567438779,17.357459202));
#2671=DIRECTION('',(-0.577350269,0.577350269,-0.577350269));
#2672=VECTOR('',#2671,0.866025404);
#2673=LINE('',#2670,#2672);
#2674=EDGE_CURVE('',#2656,#2303,#2673,.T.);
#2675=ORIENTED_EDGE('',*,*,#2674,.F.);
#2676=EDGE_LOOP('',(#2662,#2668,#2669,#2675));
#2677=FACE_BOUND('',#2676,.T.);
#2678=ADVANCED_FACE('',(#2677),#2652,.T.);
#2679=CARTESIAN_POINT('',(-1.83500127,-1.923388779,17.357459202));
#2680=DIRECTION('',(0.,-0.,1.));
#2681=DIRECTION('',(1.,0.,0.));
#2682=AXIS2_PLACEMENT_3D('',#2679,#2680,#2681);
#2683=PLANE('',#2682);
#2684=CARTESIAN_POINT('',(141.619799365,-50.567438779,17.357459202));
#2685=VERTEX_POINT('',#2684);
#2686=CARTESIAN_POINT('',(116.0197,-50.567438779,17.357459202));
#2687=VERTEX_POINT('',#2686);
#2688=CARTESIAN_POINT('',(141.619799365,-50.567438779,17.357459202));
#2689=DIRECTION('',(-1.,0.,0.));
#2690=VECTOR('',#2689,25.600099365);
#2691=LINE('',#2688,#2690);
#2692=EDGE_CURVE('',#2685,#2687,#2691,.T.);
#2693=ORIENTED_EDGE('',*,*,#2692,.T.);
#2694=CARTESIAN_POINT('',(116.0197,-56.567438779,17.357459202));
#2695=VERTEX_POINT('',#2694);
#2696=CARTESIAN_POINT('',(116.0197,-50.567438779,17.357459202));
#2697=DIRECTION('',(-0.,-1.,-0.));
#2698=VECTOR('',#2697,6.);
#2699=LINE('',#2696,#2698);
#2700=EDGE_CURVE('',#2687,#2695,#2699,.T.);
#2701=ORIENTED_EDGE('',*,*,#2700,.T.);
#2702=CARTESIAN_POINT('',(141.119799365,-56.567438779,17.357459202));
#2703=VERTEX_POINT('',#2702);
#2704=CARTESIAN_POINT('',(116.0197,-56.567438779,17.357459202));
#2705=DIRECTION('',(1.,0.,-0.));
#2706=VECTOR('',#2705,25.100099365);
#2707=LINE('',#2704,#2706);
#2708=EDGE_CURVE('',#2695,#2703,#2707,.T.);
#2709=ORIENTED_EDGE('',*,*,#2708,.T.);
#2710=CARTESIAN_POINT('',(145.619799365,-52.067438779,17.357459202));
#2711=VERTEX_POINT('',#2710);
#2712=CARTESIAN_POINT('',(141.119799365,-52.067438779,17.357459202));
#2713=DIRECTION('',(0.,-0.,1.));
#2714=DIRECTION('',(1.,0.,0.));
#2715=AXIS2_PLACEMENT_3D('',#2712,#2713,#2714);
#2716=CIRCLE('',#2715,4.5);
#2717=EDGE_CURVE('',#2703,#2711,#2716,.T.);
#2718=ORIENTED_EDGE('',*,*,#2717,.T.);
#2719=CARTESIAN_POINT('',(145.619799365,-21.923388779,17.357459202));
#2720=VERTEX_POINT('',#2719);
#2721=CARTESIAN_POINT('',(145.619799365,-52.067438779,17.357459202));
#2722=DIRECTION('',(0.,1.,0.));
#2723=VECTOR('',#2722,30.14405);
#2724=LINE('',#2721,#2723);
#2725=EDGE_CURVE('',#2711,#2720,#2724,.T.);
#2726=ORIENTED_EDGE('',*,*,#2725,.T.);
#2727=CARTESIAN_POINT('',(144.119799365,-21.923388779,17.357459202));
#2728=VERTEX_POINT('',#2727);
#2729=CARTESIAN_POINT('',(145.619799365,-21.923388779,17.357459202));
#2730=DIRECTION('',(-1.,0.,0.));
#2731=VECTOR('',#2730,1.5);
#2732=LINE('',#2729,#2731);
#2733=EDGE_CURVE('',#2720,#2728,#2732,.T.);
#2734=ORIENTED_EDGE('',*,*,#2733,.T.);
#2735=CARTESIAN_POINT('',(144.119799365,-48.067438779,17.357459202));
#2736=VERTEX_POINT('',#2735);
#2737=CARTESIAN_POINT('',(144.119799365,-21.923388779,17.357459202));
#2738=DIRECTION('',(0.,-1.,-0.));
#2739=VECTOR('',#2738,26.14405);
#2740=LINE('',#2737,#2739);
#2741=EDGE_CURVE('',#2728,#2736,#2740,.T.);
#2742=ORIENTED_EDGE('',*,*,#2741,.T.);
#2743=CARTESIAN_POINT('',(141.619799365,-48.067438779,17.357459202));
#2744=DIRECTION('',(-0.,0.,-1.));
#2745=DIRECTION('',(1.,0.,0.));
#2746=AXIS2_PLACEMENT_3D('',#2743,#2744,#2745);
#2747=CIRCLE('',#2746,2.5);
#2748=EDGE_CURVE('',#2736,#2685,#2747,.T.);
#2749=ORIENTED_EDGE('',*,*,#2748,.T.);
#2750=EDGE_LOOP('',(#2693,#2701,#2709,#2718,#2726,#2734,#2742,#2749));
#2751=FACE_BOUND('',#2750,.T.);
#2752=ADVANCED_FACE('',(#2751),#2683,.T.);
#2753=CARTESIAN_POINT('',(-1.83500127,-56.567438779,17.357459202));
#2754=DIRECTION('',(0.,0.707106781,-0.707106781));
#2755=DIRECTION('',(1.,0.,0.));
#2756=AXIS2_PLACEMENT_3D('',#2753,#2754,#2755);
#2757=PLANE('',#2756);
#2758=ORIENTED_EDGE('',*,*,#2708,.F.);
#2759=CARTESIAN_POINT('',(116.0197,-56.567438779,17.357459202));
#2760=DIRECTION('',(-0.577350269,-0.577350269,-0.577350269));
#2761=VECTOR('',#2760,0.866025404);
#2762=LINE('',#2759,#2761);
#2763=EDGE_CURVE('',#2695,#865,#2762,.T.);
#2764=ORIENTED_EDGE('',*,*,#2763,.T.);
#2765=ORIENTED_EDGE('',*,*,#870,.F.);
#2766=CARTESIAN_POINT('',(141.119799365,-56.567438779,17.357459202));
#2767=DIRECTION('',(0.,-0.707106781,-0.707106781));
#2768=VECTOR('',#2767,0.707106781);
#2769=LINE('',#2766,#2768);
#2770=EDGE_CURVE('',#2703,#857,#2769,.T.);
#2771=ORIENTED_EDGE('',*,*,#2770,.F.);
#2772=EDGE_LOOP('',(#2758,#2764,#2765,#2771));
#2773=FACE_BOUND('',#2772,.T.);
#2774=ADVANCED_FACE('',(#2773),#2757,.F.);
#2775=CARTESIAN_POINT('',(-0.13500127,-6.723388779,17.357459202));
#2776=DIRECTION('',(0.,-0.,1.));
#2777=DIRECTION('',(1.,0.,0.));
#2778=AXIS2_PLACEMENT_3D('',#2775,#2776,#2777);
#2779=PLANE('',#2778);
#2780=CARTESIAN_POINT('',(83.660610588,46.920661221,17.357459202));
#2781=VERTEX_POINT('',#2780);
#2782=CARTESIAN_POINT('',(99.969,46.920661221,17.357459202));
#2783=VERTEX_POINT('',#2782);
#2784=CARTESIAN_POINT('',(83.660610588,46.920661221,17.357459202));
#2785=DIRECTION('',(1.,0.,-0.));
#2786=VECTOR('',#2785,16.308389412);
#2787=LINE('',#2784,#2786);
#2788=EDGE_CURVE('',#2781,#2783,#2787,.T.);
#2789=ORIENTED_EDGE('',*,*,#2788,.T.);
#2790=CARTESIAN_POINT('',(99.969,52.920661221,17.357459202));
#2791=VERTEX_POINT('',#2790);
#2792=CARTESIAN_POINT('',(99.969,46.920661221,17.357459202));
#2793=DIRECTION('',(0.,1.,0.));
#2794=VECTOR('',#2793,6.);
#2795=LINE('',#2792,#2794);
#2796=EDGE_CURVE('',#2783,#2791,#2795,.T.);
#2797=ORIENTED_EDGE('',*,*,#2796,.T.);
#2798=CARTESIAN_POINT('',(83.660610588,52.920661221,17.357459202));
#2799=VERTEX_POINT('',#2798);
#2800=CARTESIAN_POINT('',(99.969,52.920661221,17.357459202));
#2801=DIRECTION('',(-1.,0.,0.));
#2802=VECTOR('',#2801,16.308389412);
#2803=LINE('',#2800,#2802);
#2804=EDGE_CURVE('',#2791,#2799,#2803,.T.);
#2805=ORIENTED_EDGE('',*,*,#2804,.T.);
#2806=CARTESIAN_POINT('',(83.660610588,51.420661221,17.357459202));
#2807=VERTEX_POINT('',#2806);
#2808=CARTESIAN_POINT('',(83.660610588,52.920661221,17.357459202));
#2809=DIRECTION('',(-0.,-1.,-0.));
#2810=VECTOR('',#2809,1.5);
#2811=LINE('',#2808,#2810);
#2812=EDGE_CURVE('',#2799,#2807,#2811,.T.);
#2813=ORIENTED_EDGE('',*,*,#2812,.T.);
#2814=CARTESIAN_POINT('',(84.910610588,51.420661221,17.357459202));
#2815=VERTEX_POINT('',#2814);
#2816=CARTESIAN_POINT('',(84.910610588,51.420661221,17.357459202));
#2817=DIRECTION('',(-1.,-0.,0.));
#2818=VECTOR('',#2817,1.25);
#2819=LINE('',#2816,#2818);
#2820=EDGE_CURVE('',#2815,#2807,#2819,.T.);
#2821=ORIENTED_EDGE('',*,*,#2820,.F.);
#2822=CARTESIAN_POINT('',(84.910610588,52.020661221,17.357459202));
#2823=VERTEX_POINT('',#2822);
#2824=CARTESIAN_POINT('',(84.910610588,51.420661221,17.357459202));
#2825=DIRECTION('',(0.,1.,0.));
#2826=VECTOR('',#2825,0.6);
#2827=LINE('',#2824,#2826);
#2828=EDGE_CURVE('',#2815,#2823,#2827,.T.);
#2829=ORIENTED_EDGE('',*,*,#2828,.T.);
#2830=CARTESIAN_POINT('',(87.210610588,52.020661221,17.357459202));
#2831=VERTEX_POINT('',#2830);
#2832=CARTESIAN_POINT('',(87.210610588,52.020661221,17.357459202));
#2833=DIRECTION('',(-1.,-0.,0.));
#2834=VECTOR('',#2833,2.3);
#2835=LINE('',#2832,#2834);
#2836=EDGE_CURVE('',#2831,#2823,#2835,.T.);
#2837=ORIENTED_EDGE('',*,*,#2836,.F.);
#2838=CARTESIAN_POINT('',(87.210610588,47.820661221,17.357459202));
#2839=VERTEX_POINT('',#2838);
#2840=CARTESIAN_POINT('',(87.210610588,52.020661221,17.357459202));
#2841=DIRECTION('',(-0.,-1.,-0.));
#2842=VECTOR('',#2841,4.2);
#2843=LINE('',#2840,#2842);
#2844=EDGE_CURVE('',#2831,#2839,#2843,.T.);
#2845=ORIENTED_EDGE('',*,*,#2844,.T.);
#2846=CARTESIAN_POINT('',(84.910610588,47.820661221,17.357459202));
#2847=VERTEX_POINT('',#2846);
#2848=CARTESIAN_POINT('',(84.910610588,47.820661221,17.357459202));
#2849=DIRECTION('',(1.,0.,-0.));
#2850=VECTOR('',#2849,2.3);
#2851=LINE('',#2848,#2850);
#2852=EDGE_CURVE('',#2847,#2839,#2851,.T.);
#2853=ORIENTED_EDGE('',*,*,#2852,.F.);
#2854=CARTESIAN_POINT('',(84.910610588,48.420661221,17.357459202));
#2855=VERTEX_POINT('',#2854);
#2856=CARTESIAN_POINT('',(84.910610588,48.420661221,17.357459202));
#2857=DIRECTION('',(-0.,-1.,-0.));
#2858=VECTOR('',#2857,0.6);
#2859=LINE('',#2856,#2858);
#2860=EDGE_CURVE('',#2855,#2847,#2859,.T.);
#2861=ORIENTED_EDGE('',*,*,#2860,.F.);
#2862=CARTESIAN_POINT('',(83.660610588,48.420661221,17.357459202));
#2863=VERTEX_POINT('',#2862);
#2864=CARTESIAN_POINT('',(83.660610588,48.420661221,17.357459202));
#2865=DIRECTION('',(1.,0.,-0.));
#2866=VECTOR('',#2865,1.25);
#2867=LINE('',#2864,#2866);
#2868=EDGE_CURVE('',#2863,#2855,#2867,.T.);
#2869=ORIENTED_EDGE('',*,*,#2868,.F.);
#2870=CARTESIAN_POINT('',(83.660610588,48.420661221,17.357459202));
#2871=DIRECTION('',(-0.,-1.,-0.));
#2872=VECTOR('',#2871,1.5);
#2873=LINE('',#2870,#2872);
#2874=EDGE_CURVE('',#2863,#2781,#2873,.T.);
#2875=ORIENTED_EDGE('',*,*,#2874,.T.);
#2876=EDGE_LOOP('',(#2789,#2797,#2805,#2813,#2821,#2829,#2837,#2845,#2853,#2861,#2869,#2875));
#2877=FACE_BOUND('',#2876,.T.);
#2878=ADVANCED_FACE('',(#2877),#2779,.T.);
#2879=CARTESIAN_POINT('',(0.132499365,46.420661221,16.857459202));
#2880=DIRECTION('',(0.,-0.707106781,0.707106781));
#2881=DIRECTION('',(1.,0.,0.));
#2882=AXIS2_PLACEMENT_3D('',#2879,#2880,#2881);
#2883=PLANE('',#2882);
#2884=CARTESIAN_POINT('',(116.017095006,46.920661221,17.357459202));
#2885=VERTEX_POINT('',#2884);
#2886=CARTESIAN_POINT('',(141.619799365,46.920661221,17.357459202));
#2887=VERTEX_POINT('',#2886);
#2888=CARTESIAN_POINT('',(116.017095006,46.920661221,17.357459202));
#2889=DIRECTION('',(1.,0.,-0.));
#2890=VECTOR('',#2889,25.602704359);
#2891=LINE('',#2888,#2890);
#2892=EDGE_CURVE('',#2885,#2887,#2891,.T.);
#2893=ORIENTED_EDGE('',*,*,#2892,.F.);
#2894=CARTESIAN_POINT('',(116.017095006,46.920661221,17.357459202));
#2895=DIRECTION('',(-0.576466592,-0.577791601,-0.577791601));
#2896=VECTOR('',#2895,0.865363912);
#2897=LINE('',#2894,#2896);
#2898=EDGE_CURVE('',#2885,#2495,#2897,.T.);
#2899=ORIENTED_EDGE('',*,*,#2898,.T.);
#2900=ORIENTED_EDGE('',*,*,#2500,.F.);
#2901=CARTESIAN_POINT('',(141.619799365,46.920661221,17.357459202));
#2902=DIRECTION('',(0.,-0.707106781,-0.707106781));
#2903=VECTOR('',#2902,0.707106781);
#2904=LINE('',#2901,#2903);
#2905=EDGE_CURVE('',#2887,#2487,#2904,.T.);
#2906=ORIENTED_EDGE('',*,*,#2905,.F.);
#2907=EDGE_LOOP('',(#2893,#2899,#2900,#2906));
#2908=FACE_BOUND('',#2907,.T.);
#2909=ADVANCED_FACE('',(#2908),#2883,.T.);
#2910=CARTESIAN_POINT('',(0.132499365,53.420661221,16.857459202));
#2911=DIRECTION('',(0.,-0.707106781,-0.707106781));
#2912=DIRECTION('',(1.,0.,0.));
#2913=AXIS2_PLACEMENT_3D('',#2910,#2911,#2912);
#2914=PLANE('',#2913);
#2915=ORIENTED_EDGE('',*,*,#736,.F.);
#2916=CARTESIAN_POINT('',(116.003319817,52.920661221,17.357459202));
#2917=VERTEX_POINT('',#2916);
#2918=CARTESIAN_POINT('',(115.502170566,53.420661221,16.857459202));
#2919=DIRECTION('',(0.578233946,-0.576907923,0.576907923));
#2920=VECTOR('',#2919,0.866689432);
#2921=LINE('',#2918,#2920);
#2922=EDGE_CURVE('',#723,#2917,#2921,.T.);
#2923=ORIENTED_EDGE('',*,*,#2922,.T.);
#2924=CARTESIAN_POINT('',(141.119799365,52.920661221,17.357459202));
#2925=VERTEX_POINT('',#2924);
#2926=CARTESIAN_POINT('',(141.119799365,52.920661221,17.357459202));
#2927=DIRECTION('',(-1.,0.,0.));
#2928=VECTOR('',#2927,25.116479548);
#2929=LINE('',#2926,#2928);
#2930=EDGE_CURVE('',#2925,#2917,#2929,.T.);
#2931=ORIENTED_EDGE('',*,*,#2930,.F.);
#2932=CARTESIAN_POINT('',(141.119799365,53.420661221,16.857459202));
#2933=DIRECTION('',(0.,-0.707106781,0.707106781));
#2934=VECTOR('',#2933,0.707106781);
#2935=LINE('',#2932,#2934);
#2936=EDGE_CURVE('',#731,#2925,#2935,.T.);
#2937=ORIENTED_EDGE('',*,*,#2936,.F.);
#2938=EDGE_LOOP('',(#2915,#2923,#2931,#2937));
#2939=FACE_BOUND('',#2938,.T.);
#2940=ADVANCED_FACE('',(#2939),#2914,.F.);
#2941=CARTESIAN_POINT('',(-1.83500127,-56.567438779,17.357459202));
#2942=DIRECTION('',(0.,0.707106781,-0.707106781));
#2943=DIRECTION('',(1.,0.,0.));
#2944=AXIS2_PLACEMENT_3D('',#2941,#2942,#2943);
#2945=PLANE('',#2944);
#2946=ORIENTED_EDGE('',*,*,#934,.F.);
#2947=CARTESIAN_POINT('',(99.969,-56.567438779,17.357459202));
#2948=VERTEX_POINT('',#2947);
#2949=CARTESIAN_POINT('',(100.469,-57.067438779,16.857459202));
#2950=DIRECTION('',(-0.577350269,0.577350269,0.577350269));
#2951=VECTOR('',#2950,0.866025404);
#2952=LINE('',#2949,#2951);
#2953=EDGE_CURVE('',#923,#2948,#2952,.T.);
#2954=ORIENTED_EDGE('',*,*,#2953,.T.);
#2955=CARTESIAN_POINT('',(83.660610588,-56.567438779,17.357459202));
#2956=VERTEX_POINT('',#2955);
#2957=CARTESIAN_POINT('',(83.660610588,-56.567438779,17.357459202));
#2958=DIRECTION('',(1.,0.,-0.));
#2959=VECTOR('',#2958,16.308389412);
#2960=LINE('',#2957,#2959);
#2961=EDGE_CURVE('',#2956,#2948,#2960,.T.);
#2962=ORIENTED_EDGE('',*,*,#2961,.F.);
#2963=CARTESIAN_POINT('',(83.160610588,-57.067438779,16.857459202));
#2964=DIRECTION('',(0.577350269,0.577350269,0.577350269));
#2965=VECTOR('',#2964,0.866025404);
#2966=LINE('',#2963,#2965);
#2967=EDGE_CURVE('',#841,#2956,#2966,.T.);
#2968=ORIENTED_EDGE('',*,*,#2967,.F.);
#2969=EDGE_LOOP('',(#2946,#2954,#2962,#2968));
#2970=FACE_BOUND('',#2969,.T.);
#2971=ADVANCED_FACE('',(#2970),#2945,.F.);
#2972=CARTESIAN_POINT('',(-1.83500127,-50.567438779,17.357459202));
#2973=DIRECTION('',(0.,0.707106781,0.707106781));
#2974=DIRECTION('',(1.,0.,0.));
#2975=AXIS2_PLACEMENT_3D('',#2972,#2973,#2974);
#2976=PLANE('',#2975);
#2977=ORIENTED_EDGE('',*,*,#2268,.F.);
#2978=CARTESIAN_POINT('',(115.5197,-50.067438779,16.857459202));
#2979=DIRECTION('',(0.577350269,-0.577350269,0.577350269));
#2980=VECTOR('',#2979,0.866025404);
#2981=LINE('',#2978,#2980);
#2982=EDGE_CURVE('',#2255,#2687,#2981,.T.);
#2983=ORIENTED_EDGE('',*,*,#2982,.T.);
#2984=ORIENTED_EDGE('',*,*,#2692,.F.);
#2985=CARTESIAN_POINT('',(141.619799365,-50.067438779,16.857459202));
#2986=DIRECTION('',(0.,-0.707106781,0.707106781));
#2987=VECTOR('',#2986,0.707106781);
#2988=LINE('',#2985,#2987);
#2989=EDGE_CURVE('',#2263,#2685,#2988,.T.);
#2990=ORIENTED_EDGE('',*,*,#2989,.F.);
#2991=EDGE_LOOP('',(#2977,#2983,#2984,#2990));
#2992=FACE_BOUND('',#2991,.T.);
#2993=ADVANCED_FACE('',(#2992),#2976,.T.);
#2994=CARTESIAN_POINT('',(-0.13500127,-6.723388779,17.357459202));
#2995=DIRECTION('',(0.,-0.,1.));
#2996=DIRECTION('',(1.,0.,0.));
#2997=AXIS2_PLACEMENT_3D('',#2994,#2995,#2996);
#2998=PLANE('',#2997);
#2999=ORIENTED_EDGE('',*,*,#2930,.T.);
#3000=CARTESIAN_POINT('',(116.003319817,52.920661221,17.357459202));
#3001=DIRECTION('',(0.002295859,-0.999997365,-0.));
#3002=VECTOR('',#3001,6.000015813);
#3003=LINE('',#3000,#3002);
#3004=EDGE_CURVE('',#2917,#2885,#3003,.T.);
#3005=ORIENTED_EDGE('',*,*,#3004,.T.);
#3006=ORIENTED_EDGE('',*,*,#2892,.T.);
#3007=CARTESIAN_POINT('',(144.119799365,44.420661221,17.357459202));
#3008=VERTEX_POINT('',#3007);
#3009=CARTESIAN_POINT('',(141.619799365,44.420661221,17.357459202));
#3010=DIRECTION('',(-0.,0.,-1.));
#3011=DIRECTION('',(1.,0.,0.));
#3012=AXIS2_PLACEMENT_3D('',#3009,#3010,#3011);
#3013=CIRCLE('',#3012,2.5);
#3014=EDGE_CURVE('',#2887,#3008,#3013,.T.);
#3015=ORIENTED_EDGE('',*,*,#3014,.T.);
#3016=CARTESIAN_POINT('',(144.119799365,17.976611221,17.357459202));
#3017=VERTEX_POINT('',#3016);
#3018=CARTESIAN_POINT('',(144.119799365,44.420661221,17.357459202));
#3019=DIRECTION('',(0.,-1.,-0.));
#3020=VECTOR('',#3019,26.44405);
#3021=LINE('',#3018,#3020);
#3022=EDGE_CURVE('',#3008,#3017,#3021,.T.);
#3023=ORIENTED_EDGE('',*,*,#3022,.T.);
#3024=CARTESIAN_POINT('',(145.619799365,17.976611221,17.357459202));
#3025=VERTEX_POINT('',#3024);
#3026=CARTESIAN_POINT('',(144.119799365,17.976611221,17.357459202));
#3027=DIRECTION('',(1.,0.,-0.));
#3028=VECTOR('',#3027,1.5);
#3029=LINE('',#3026,#3028);
#3030=EDGE_CURVE('',#3017,#3025,#3029,.T.);
#3031=ORIENTED_EDGE('',*,*,#3030,.T.);
#3032=CARTESIAN_POINT('',(145.619799365,48.420661221,17.357459202));
#3033=VERTEX_POINT('',#3032);
#3034=CARTESIAN_POINT('',(145.619799365,17.976611221,17.357459202));
#3035=DIRECTION('',(0.,1.,0.));
#3036=VECTOR('',#3035,30.44405);
#3037=LINE('',#3034,#3036);
#3038=EDGE_CURVE('',#3025,#3033,#3037,.T.);
#3039=ORIENTED_EDGE('',*,*,#3038,.T.);
#3040=CARTESIAN_POINT('',(141.119799365,48.420661221,17.357459202));
#3041=DIRECTION('',(0.,-0.,1.));
#3042=DIRECTION('',(1.,0.,0.));
#3043=AXIS2_PLACEMENT_3D('',#3040,#3041,#3042);
#3044=CIRCLE('',#3043,4.5);
#3045=EDGE_CURVE('',#3033,#2925,#3044,.T.);
#3046=ORIENTED_EDGE('',*,*,#3045,.T.);
#3047=EDGE_LOOP('',(#2999,#3005,#3006,#3015,#3023,#3031,#3039,#3046));
#3048=FACE_BOUND('',#3047,.T.);
#3049=ADVANCED_FACE('',(#3048),#2998,.T.);
#3050=CARTESIAN_POINT('',(87.210610588,-1.299702125,-0.225360581));
#3051=DIRECTION('',(-1.,0.,0.));
#3052=DIRECTION('',(0.,-1.,-0.));
#3053=AXIS2_PLACEMENT_3D('',#3050,#3051,#3052);
#3054=PLANE('',#3053);
#3055=CARTESIAN_POINT('',(87.210610588,-55.667438779,9.357459202));
#3056=VERTEX_POINT('',#3055);
#3057=CARTESIAN_POINT('',(87.210610588,-55.667438779,9.357459202));
#3058=DIRECTION('',(-0.,0.,-1.));
#3059=VECTOR('',#3058,3.9);
#3060=LINE('',#3057,#3059);
#3061=EDGE_CURVE('',#3056,#235,#3060,.T.);
#3062=ORIENTED_EDGE('',*,*,#3061,.F.);
#3063=CARTESIAN_POINT('',(87.210610588,-51.467438779,9.357459202));
#3064=VERTEX_POINT('',#3063);
#3065=CARTESIAN_POINT('',(87.210610588,-55.667438779,9.357459202));
#3066=DIRECTION('',(-0.,1.,0.));
#3067=VECTOR('',#3066,4.2);
#3068=LINE('',#3065,#3067);
#3069=EDGE_CURVE('',#3056,#3064,#3068,.T.);
#3070=ORIENTED_EDGE('',*,*,#3069,.T.);
#3071=CARTESIAN_POINT('',(87.210610588,-51.467438779,9.357459202));
#3072=DIRECTION('',(-0.,0.,-1.));
#3073=VECTOR('',#3072,3.9);
#3074=LINE('',#3071,#3073);
#3075=EDGE_CURVE('',#3064,#243,#3074,.T.);
#3076=ORIENTED_EDGE('',*,*,#3075,.T.);
#3077=ORIENTED_EDGE('',*,*,#248,.F.);
#3078=EDGE_LOOP('',(#3062,#3070,#3076,#3077));
#3079=FACE_BOUND('',#3078,.T.);
#3080=ADVANCED_FACE('',(#3079),#3054,.T.);
#3081=CARTESIAN_POINT('',(-1.83500127,-1.923388779,17.357459202));
#3082=DIRECTION('',(0.,-0.,1.));
#3083=DIRECTION('',(1.,0.,0.));
#3084=AXIS2_PLACEMENT_3D('',#3081,#3082,#3083);
#3085=PLANE('',#3084);
#3086=ORIENTED_EDGE('',*,*,#2961,.T.);
#3087=CARTESIAN_POINT('',(99.969,-56.567438779,17.357459202));
#3088=DIRECTION('',(-0.,1.,0.));
#3089=VECTOR('',#3088,6.);
#3090=LINE('',#3087,#3089);
#3091=EDGE_CURVE('',#2948,#2654,#3090,.T.);
#3092=ORIENTED_EDGE('',*,*,#3091,.T.);
#3093=ORIENTED_EDGE('',*,*,#2661,.T.);
#3094=CARTESIAN_POINT('',(83.660610588,-52.067438779,17.357459202));
#3095=VERTEX_POINT('',#3094);
#3096=CARTESIAN_POINT('',(83.660610588,-50.567438779,17.357459202));
#3097=DIRECTION('',(-0.,-1.,-0.));
#3098=VECTOR('',#3097,1.5);
#3099=LINE('',#3096,#3098);
#3100=EDGE_CURVE('',#2656,#3095,#3099,.T.);
#3101=ORIENTED_EDGE('',*,*,#3100,.T.);
#3102=CARTESIAN_POINT('',(84.910610588,-52.067438779,17.357459202));
#3103=VERTEX_POINT('',#3102);
#3104=CARTESIAN_POINT('',(84.910610588,-52.067438779,17.357459202));
#3105=DIRECTION('',(-1.,-0.,0.));
#3106=VECTOR('',#3105,1.25);
#3107=LINE('',#3104,#3106);
#3108=EDGE_CURVE('',#3103,#3095,#3107,.T.);
#3109=ORIENTED_EDGE('',*,*,#3108,.F.);
#3110=CARTESIAN_POINT('',(84.910610588,-51.467438779,17.357459202));
#3111=VERTEX_POINT('',#3110);
#3112=CARTESIAN_POINT('',(84.910610588,-52.067438779,17.357459202));
#3113=DIRECTION('',(0.,1.,0.));
#3114=VECTOR('',#3113,0.6);
#3115=LINE('',#3112,#3114);
#3116=EDGE_CURVE('',#3103,#3111,#3115,.T.);
#3117=ORIENTED_EDGE('',*,*,#3116,.T.);
#3118=CARTESIAN_POINT('',(89.210610588,-51.467438779,17.357459202));
#3119=VERTEX_POINT('',#3118);
#3120=CARTESIAN_POINT('',(89.210610588,-51.467438779,17.357459202));
#3121=DIRECTION('',(-1.,-0.,0.));
#3122=VECTOR('',#3121,4.3);
#3123=LINE('',#3120,#3122);
#3124=EDGE_CURVE('',#3119,#3111,#3123,.T.);
#3125=ORIENTED_EDGE('',*,*,#3124,.F.);
#3126=CARTESIAN_POINT('',(89.210610588,-55.667438779,17.357459202));
#3127=VERTEX_POINT('',#3126);
#3128=CARTESIAN_POINT('',(89.210610588,-51.467438779,17.357459202));
#3129=DIRECTION('',(-0.,-1.,-0.));
#3130=VECTOR('',#3129,4.2);
#3131=LINE('',#3128,#3130);
#3132=EDGE_CURVE('',#3119,#3127,#3131,.T.);
#3133=ORIENTED_EDGE('',*,*,#3132,.T.);
#3134=CARTESIAN_POINT('',(84.910610588,-55.667438779,17.357459202));
#3135=VERTEX_POINT('',#3134);
#3136=CARTESIAN_POINT('',(84.910610588,-55.667438779,17.357459202));
#3137=DIRECTION('',(1.,0.,-0.));
#3138=VECTOR('',#3137,4.3);
#3139=LINE('',#3136,#3138);
#3140=EDGE_CURVE('',#3135,#3127,#3139,.T.);
#3141=ORIENTED_EDGE('',*,*,#3140,.F.);
#3142=CARTESIAN_POINT('',(84.910610588,-55.067438779,17.357459202));
#3143=VERTEX_POINT('',#3142);
#3144=CARTESIAN_POINT('',(84.910610588,-55.067438779,17.357459202));
#3145=DIRECTION('',(-0.,-1.,-0.));
#3146=VECTOR('',#3145,0.6);
#3147=LINE('',#3144,#3146);
#3148=EDGE_CURVE('',#3143,#3135,#3147,.T.);
#3149=ORIENTED_EDGE('',*,*,#3148,.F.);
#3150=CARTESIAN_POINT('',(83.660610588,-55.067438779,17.357459202));
#3151=VERTEX_POINT('',#3150);
#3152=CARTESIAN_POINT('',(83.660610588,-55.067438779,17.357459202));
#3153=DIRECTION('',(1.,0.,-0.));
#3154=VECTOR('',#3153,1.25);
#3155=LINE('',#3152,#3154);
#3156=EDGE_CURVE('',#3151,#3143,#3155,.T.);
#3157=ORIENTED_EDGE('',*,*,#3156,.F.);
#3158=CARTESIAN_POINT('',(83.660610588,-55.067438779,17.357459202));
#3159=DIRECTION('',(-0.,-1.,-0.));
#3160=VECTOR('',#3159,1.5);
#3161=LINE('',#3158,#3160);
#3162=EDGE_CURVE('',#3151,#2956,#3161,.T.);
#3163=ORIENTED_EDGE('',*,*,#3162,.T.);
#3164=EDGE_LOOP('',(#3086,#3092,#3093,#3101,#3109,#3117,#3125,#3133,#3141,#3149,#3157,#3163));
#3165=FACE_BOUND('',#3164,.T.);
#3166=ADVANCED_FACE('',(#3165),#3085,.T.);
#3167=CARTESIAN_POINT('',(83.660610588,-1.923388779,17.357459202));
#3168=DIRECTION('',(-0.707106781,-0.,0.707106781));
#3169=DIRECTION('',(-0.,1.,0.));
#3170=AXIS2_PLACEMENT_3D('',#3167,#3168,#3169);
#3171=PLANE('',#3170);
#3172=ORIENTED_EDGE('',*,*,#3100,.F.);
#3173=ORIENTED_EDGE('',*,*,#2674,.T.);
#3174=CARTESIAN_POINT('',(83.160610588,-52.067438779,16.857459202));
#3175=VERTEX_POINT('',#3174);
#3176=CARTESIAN_POINT('',(83.160610588,-52.067438779,16.857459202));
#3177=DIRECTION('',(-0.,1.,0.));
#3178=VECTOR('',#3177,2.);
#3179=LINE('',#3176,#3178);
#3180=EDGE_CURVE('',#3175,#2303,#3179,.T.);
#3181=ORIENTED_EDGE('',*,*,#3180,.F.);
#3182=CARTESIAN_POINT('',(83.160610588,-52.067438779,16.857459202));
#3183=DIRECTION('',(0.707106781,-0.,0.707106781));
#3184=VECTOR('',#3183,0.707106781);
#3185=LINE('',#3182,#3184);
#3186=EDGE_CURVE('',#3175,#3095,#3185,.T.);
#3187=ORIENTED_EDGE('',*,*,#3186,.T.);
#3188=EDGE_LOOP('',(#3172,#3173,#3181,#3187));
#3189=FACE_BOUND('',#3188,.T.);
#3190=ADVANCED_FACE('',(#3189),#3171,.T.);
#3191=CARTESIAN_POINT('',(83.160610588,-5.908825642,-0.342540798));
#3192=DIRECTION('',(1.,0.,0.));
#3193=DIRECTION('',(0.,-0.,1.));
#3194=AXIS2_PLACEMENT_3D('',#3191,#3192,#3193);
#3195=PLANE('',#3194);
#3196=ORIENTED_EDGE('',*,*,#2308,.T.);
#3197=CARTESIAN_POINT('',(83.160610588,-6.909178066,5.958464253));
#3198=VERTEX_POINT('',#3197);
#3199=CARTESIAN_POINT('',(83.160610588,-50.067438779,5.958464253));
#3200=DIRECTION('',(-0.,1.,0.));
#3201=VECTOR('',#3200,43.158260713);
#3202=LINE('',#3199,#3201);
#3203=EDGE_CURVE('',#2295,#3198,#3202,.T.);
#3204=ORIENTED_EDGE('',*,*,#3203,.T.);
#3205=CARTESIAN_POINT('',(83.160610588,-6.908334728,5.957459202));
#3206=VERTEX_POINT('',#3205);
#3207=CARTESIAN_POINT('',(83.160610588,-6.909178066,5.958464253));
#3208=DIRECTION('',(0.,0.642787197,-0.76604479));
#3209=VECTOR('',#3208,0.001312001);
#3210=LINE('',#3207,#3209);
#3211=EDGE_CURVE('',#3198,#3206,#3210,.T.);
#3212=ORIENTED_EDGE('',*,*,#3211,.T.);
#3213=CARTESIAN_POINT('',(83.160610588,46.42036564,5.957459202));
#3214=VERTEX_POINT('',#3213);
#3215=CARTESIAN_POINT('',(83.160610588,-6.908334728,5.957459202));
#3216=DIRECTION('',(-0.,1.,0.));
#3217=VECTOR('',#3216,53.328700369);
#3218=LINE('',#3215,#3217);
#3219=EDGE_CURVE('',#3206,#3214,#3218,.T.);
#3220=ORIENTED_EDGE('',*,*,#3219,.T.);
#3221=CARTESIAN_POINT('',(83.160610588,46.42036564,7.957459202));
#3222=VERTEX_POINT('',#3221);
#3223=CARTESIAN_POINT('',(83.160610588,46.42036564,5.957459202));
#3224=DIRECTION('',(0.,-0.,1.));
#3225=VECTOR('',#3224,2.);
#3226=LINE('',#3223,#3225);
#3227=EDGE_CURVE('',#3214,#3222,#3226,.T.);
#3228=ORIENTED_EDGE('',*,*,#3227,.T.);
#3229=CARTESIAN_POINT('',(83.160610588,46.42036564,7.957459202));
#3230=DIRECTION('',(-0.,1.,0.));
#3231=VECTOR('',#3230,0.000295581);
#3232=LINE('',#3229,#3231);
#3233=EDGE_CURVE('',#3222,#2463,#3232,.T.);
#3234=ORIENTED_EDGE('',*,*,#3233,.T.);
#3235=ORIENTED_EDGE('',*,*,#2468,.F.);
#3236=CARTESIAN_POINT('',(83.160610588,48.420661221,16.857459202));
#3237=VERTEX_POINT('',#3236);
#3238=CARTESIAN_POINT('',(83.160610588,46.420661221,16.857459202));
#3239=DIRECTION('',(-0.,1.,0.));
#3240=VECTOR('',#3239,2.);
#3241=LINE('',#3238,#3240);
#3242=EDGE_CURVE('',#2455,#3237,#3241,.T.);
#3243=ORIENTED_EDGE('',*,*,#3242,.T.);
#3244=CARTESIAN_POINT('',(83.160610588,48.420661221,16.857459202));
#3245=DIRECTION('',(-0.,0.,-1.));
#3246=VECTOR('',#3245,11.4);
#3247=LINE('',#3244,#3246);
#3248=EDGE_CURVE('',#3237,#275,#3247,.T.);
#3249=ORIENTED_EDGE('',*,*,#3248,.T.);
#3250=ORIENTED_EDGE('',*,*,#280,.F.);
#3251=CARTESIAN_POINT('',(83.160610588,-52.067438779,16.857459202));
#3252=DIRECTION('',(0.,0.,-1.));
#3253=VECTOR('',#3252,11.4);
#3254=LINE('',#3251,#3253);
#3255=EDGE_CURVE('',#3175,#267,#3254,.T.);
#3256=ORIENTED_EDGE('',*,*,#3255,.F.);
#3257=ORIENTED_EDGE('',*,*,#3180,.T.);
#3258=EDGE_LOOP('',(#3196,#3204,#3212,#3220,#3228,#3234,#3235,#3243,#3249,#3250,#3256,#3257));
#3259=FACE_BOUND('',#3258,.T.);
#3260=ADVANCED_FACE('',(#3259),#3195,.F.);
#3261=CARTESIAN_POINT('',(83.660610588,-0.723388779,17.357459202));
#3262=DIRECTION('',(-0.707106781,-0.,0.707106781));
#3263=DIRECTION('',(-0.,1.,0.));
#3264=AXIS2_PLACEMENT_3D('',#3261,#3262,#3263);
#3265=PLANE('',#3264);
#3266=ORIENTED_EDGE('',*,*,#2812,.F.);
#3267=CARTESIAN_POINT('',(83.660610588,52.920661221,17.357459202));
#3268=DIRECTION('',(-0.577350269,0.577350269,-0.577350269));
#3269=VECTOR('',#3268,0.866025404);
#3270=LINE('',#3267,#3269);
#3271=EDGE_CURVE('',#2799,#663,#3270,.T.);
#3272=ORIENTED_EDGE('',*,*,#3271,.T.);
#3273=CARTESIAN_POINT('',(83.160610588,51.420661221,16.857459202));
#3274=VERTEX_POINT('',#3273);
#3275=CARTESIAN_POINT('',(83.160610588,51.420661221,16.857459202));
#3276=DIRECTION('',(-0.,1.,0.));
#3277=VECTOR('',#3276,2.);
#3278=LINE('',#3275,#3277);
#3279=EDGE_CURVE('',#3274,#663,#3278,.T.);
#3280=ORIENTED_EDGE('',*,*,#3279,.F.);
#3281=CARTESIAN_POINT('',(83.160610588,51.420661221,16.857459202));
#3282=DIRECTION('',(0.707106781,-0.,0.707106781));
#3283=VECTOR('',#3282,0.707106781);
#3284=LINE('',#3281,#3283);
#3285=EDGE_CURVE('',#3274,#2807,#3284,.T.);
#3286=ORIENTED_EDGE('',*,*,#3285,.T.);
#3287=EDGE_LOOP('',(#3266,#3272,#3280,#3286));
#3288=FACE_BOUND('',#3287,.T.);
#3289=ADVANCED_FACE('',(#3288),#3265,.T.);
#3290=CARTESIAN_POINT('',(83.160610588,-4.908825642,-0.342540798));
#3291=DIRECTION('',(1.,0.,0.));
#3292=DIRECTION('',(0.,-0.,1.));
#3293=AXIS2_PLACEMENT_3D('',#3290,#3291,#3292);
#3294=PLANE('',#3293);
#3295=ORIENTED_EDGE('',*,*,#134,.F.);
#3296=CARTESIAN_POINT('',(83.160610588,51.420661221,16.857459202));
#3297=DIRECTION('',(0.,0.,-1.));
#3298=VECTOR('',#3297,11.4);
#3299=LINE('',#3296,#3298);
#3300=EDGE_CURVE('',#3274,#121,#3299,.T.);
#3301=ORIENTED_EDGE('',*,*,#3300,.F.);
#3302=ORIENTED_EDGE('',*,*,#3279,.T.);
#3303=ORIENTED_EDGE('',*,*,#758,.F.);
#3304=CARTESIAN_POINT('',(83.160610588,52.920661221,5.457459202));
#3305=DIRECTION('',(-0.,0.707106781,0.707106781));
#3306=VECTOR('',#3305,0.707106781);
#3307=LINE('',#3304,#3306);
#3308=EDGE_CURVE('',#129,#747,#3307,.T.);
#3309=ORIENTED_EDGE('',*,*,#3308,.F.);
#3310=EDGE_LOOP('',(#3295,#3301,#3302,#3303,#3309));
#3311=FACE_BOUND('',#3310,.T.);
#3312=ADVANCED_FACE('',(#3311),#3294,.F.);
#3313=CARTESIAN_POINT('',(83.160610588,-6.908825642,-0.342540798));
#3314=DIRECTION('',(1.,0.,0.));
#3315=DIRECTION('',(0.,-0.,1.));
#3316=AXIS2_PLACEMENT_3D('',#3313,#3314,#3315);
#3317=PLANE('',#3316);
#3318=ORIENTED_EDGE('',*,*,#846,.T.);
#3319=CARTESIAN_POINT('',(83.160610588,-55.067438779,16.857459202));
#3320=VERTEX_POINT('',#3319);
#3321=CARTESIAN_POINT('',(83.160610588,-57.067438779,16.857459202));
#3322=DIRECTION('',(-0.,1.,0.));
#3323=VECTOR('',#3322,2.);
#3324=LINE('',#3321,#3323);
#3325=EDGE_CURVE('',#841,#3320,#3324,.T.);
#3326=ORIENTED_EDGE('',*,*,#3325,.T.);
#3327=CARTESIAN_POINT('',(83.160610588,-55.067438779,16.857459202));
#3328=DIRECTION('',(-0.,0.,-1.));
#3329=VECTOR('',#3328,11.4);
#3330=LINE('',#3327,#3329);
#3331=EDGE_CURVE('',#3320,#211,#3330,.T.);
#3332=ORIENTED_EDGE('',*,*,#3331,.T.);
#3333=ORIENTED_EDGE('',*,*,#216,.F.);
#3334=ORIENTED_EDGE('',*,*,#2141,.T.);
#3335=EDGE_LOOP('',(#3318,#3326,#3332,#3333,#3334));
#3336=FACE_BOUND('',#3335,.T.);
#3337=ADVANCED_FACE('',(#3336),#3317,.F.);
#3338=CARTESIAN_POINT('',(143.619799365,-1.823388779,21.757459202));
#3339=DIRECTION('',(1.,0.,0.));
#3340=DIRECTION('',(0.,0.,-1.));
#3341=AXIS2_PLACEMENT_3D('',#3338,#3339,#3340);
#3342=PLANE('',#3341);
#3343=CARTESIAN_POINT('',(143.619799365,17.976611221,7.957459202));
#3344=VERTEX_POINT('',#3343);
#3345=CARTESIAN_POINT('',(143.619799365,17.976611221,16.857459202));
#3346=VERTEX_POINT('',#3345);
#3347=CARTESIAN_POINT('',(143.619799365,17.976611221,7.957459202));
#3348=DIRECTION('',(0.,-0.,1.));
#3349=VECTOR('',#3348,8.9);
#3350=LINE('',#3347,#3349);
#3351=EDGE_CURVE('',#3344,#3346,#3350,.T.);
#3352=ORIENTED_EDGE('',*,*,#3351,.T.);
#3353=CARTESIAN_POINT('',(143.619799365,44.420661221,16.857459202));
#3354=VERTEX_POINT('',#3353);
#3355=CARTESIAN_POINT('',(143.619799365,17.976611221,16.857459202));
#3356=DIRECTION('',(0.,1.,0.));
#3357=VECTOR('',#3356,26.44405);
#3358=LINE('',#3355,#3357);
#3359=EDGE_CURVE('',#3346,#3354,#3358,.T.);
#3360=ORIENTED_EDGE('',*,*,#3359,.T.);
#3361=CARTESIAN_POINT('',(143.619799365,44.420661221,7.957459202));
#3362=VERTEX_POINT('',#3361);
#3363=CARTESIAN_POINT('',(143.619799365,44.420661221,16.857459202));
#3364=DIRECTION('',(0.,0.,-1.));
#3365=VECTOR('',#3364,8.9);
#3366=LINE('',#3363,#3365);
#3367=EDGE_CURVE('',#3354,#3362,#3366,.T.);
#3368=ORIENTED_EDGE('',*,*,#3367,.T.);
#3369=CARTESIAN_POINT('',(143.619799365,44.420661221,7.957459202));
#3370=DIRECTION('',(-0.,-1.,-0.));
#3371=VECTOR('',#3370,26.44405);
#3372=LINE('',#3369,#3371);
#3373=EDGE_CURVE('',#3362,#3344,#3372,.T.);
#3374=ORIENTED_EDGE('',*,*,#3373,.T.);
#3375=EDGE_LOOP('',(#3352,#3360,#3368,#3374));
#3376=FACE_BOUND('',#3375,.T.);
#3377=ADVANCED_FACE('',(#3376),#3342,.F.);
#3378=CARTESIAN_POINT('',(146.119799365,-51.067438779,21.757459202));
#3379=DIRECTION('',(1.,0.,0.));
#3380=DIRECTION('',(0.,0.,-1.));
#3381=AXIS2_PLACEMENT_3D('',#3378,#3379,#3380);
#3382=PLANE('',#3381);
#3383=CARTESIAN_POINT('',(146.119799365,48.420661221,5.957459202));
#3384=VERTEX_POINT('',#3383);
#3385=CARTESIAN_POINT('',(146.119799365,48.420661221,16.857459202));
#3386=VERTEX_POINT('',#3385);
#3387=CARTESIAN_POINT('',(146.119799365,48.420661221,5.957459202));
#3388=DIRECTION('',(-0.,-0.,1.));
#3389=VECTOR('',#3388,10.9);
#3390=LINE('',#3387,#3389);
#3391=EDGE_CURVE('',#3384,#3386,#3390,.T.);
#3392=ORIENTED_EDGE('',*,*,#3391,.T.);
#3393=CARTESIAN_POINT('',(146.119799365,17.976611221,16.857459202));
#3394=VERTEX_POINT('',#3393);
#3395=CARTESIAN_POINT('',(146.119799365,48.420661221,16.857459202));
#3396=DIRECTION('',(0.,-1.,-0.));
#3397=VECTOR('',#3396,30.44405);
#3398=LINE('',#3395,#3397);
#3399=EDGE_CURVE('',#3386,#3394,#3398,.T.);
#3400=ORIENTED_EDGE('',*,*,#3399,.T.);
#3401=CARTESIAN_POINT('',(146.119799365,17.976611221,5.957459202));
#3402=VERTEX_POINT('',#3401);
#3403=CARTESIAN_POINT('',(146.119799365,17.976611221,16.857459202));
#3404=DIRECTION('',(0.,0.,-1.));
#3405=VECTOR('',#3404,10.9);
#3406=LINE('',#3403,#3405);
#3407=EDGE_CURVE('',#3394,#3402,#3406,.T.);
#3408=ORIENTED_EDGE('',*,*,#3407,.T.);
#3409=CARTESIAN_POINT('',(146.119799365,17.976611221,5.957459202));
#3410=DIRECTION('',(0.,1.,0.));
#3411=VECTOR('',#3410,30.44405);
#3412=LINE('',#3409,#3411);
#3413=EDGE_CURVE('',#3402,#3384,#3412,.T.);
#3414=ORIENTED_EDGE('',*,*,#3413,.T.);
#3415=EDGE_LOOP('',(#3392,#3400,#3408,#3414));
#3416=FACE_BOUND('',#3415,.T.);
#3417=ADVANCED_FACE('',(#3416),#3382,.T.);
#3418=CARTESIAN_POINT('',(146.119799365,-51.067438779,21.757459202));
#3419=DIRECTION('',(1.,0.,0.));
#3420=DIRECTION('',(0.,0.,-1.));
#3421=AXIS2_PLACEMENT_3D('',#3418,#3419,#3420);
#3422=PLANE('',#3421);
#3423=CARTESIAN_POINT('',(146.119799365,-52.067438779,5.957459202));
#3424=VERTEX_POINT('',#3423);
#3425=CARTESIAN_POINT('',(146.119799365,-21.923388779,5.957459202));
#3426=VERTEX_POINT('',#3425);
#3427=CARTESIAN_POINT('',(146.119799365,-52.067438779,5.957459202));
#3428=DIRECTION('',(0.,1.,0.));
#3429=VECTOR('',#3428,30.14405);
#3430=LINE('',#3427,#3429);
#3431=EDGE_CURVE('',#3424,#3426,#3430,.T.);
#3432=ORIENTED_EDGE('',*,*,#3431,.T.);
#3433=CARTESIAN_POINT('',(146.119799365,-21.923388779,16.857459202));
#3434=VERTEX_POINT('',#3433);
#3435=CARTESIAN_POINT('',(146.119799365,-21.923388779,5.957459202));
#3436=DIRECTION('',(0.,-0.,1.));
#3437=VECTOR('',#3436,10.9);
#3438=LINE('',#3435,#3437);
#3439=EDGE_CURVE('',#3426,#3434,#3438,.T.);
#3440=ORIENTED_EDGE('',*,*,#3439,.T.);
#3441=CARTESIAN_POINT('',(146.119799365,-52.067438779,16.857459202));
#3442=VERTEX_POINT('',#3441);
#3443=CARTESIAN_POINT('',(146.119799365,-21.923388779,16.857459202));
#3444=DIRECTION('',(0.,-1.,-0.));
#3445=VECTOR('',#3444,30.14405);
#3446=LINE('',#3443,#3445);
#3447=EDGE_CURVE('',#3434,#3442,#3446,.T.);
#3448=ORIENTED_EDGE('',*,*,#3447,.T.);
#3449=CARTESIAN_POINT('',(146.119799365,-52.067438779,16.857459202));
#3450=DIRECTION('',(0.,0.,-1.));
#3451=VECTOR('',#3450,10.9);
#3452=LINE('',#3449,#3451);
#3453=EDGE_CURVE('',#3442,#3424,#3452,.T.);
#3454=ORIENTED_EDGE('',*,*,#3453,.T.);
#3455=EDGE_LOOP('',(#3432,#3440,#3448,#3454));
#3456=FACE_BOUND('',#3455,.T.);
#3457=ADVANCED_FACE('',(#3456),#3422,.T.);
#3458=CARTESIAN_POINT('',(143.619799365,-1.823388779,21.757459202));
#3459=DIRECTION('',(1.,0.,0.));
#3460=DIRECTION('',(0.,0.,-1.));
#3461=AXIS2_PLACEMENT_3D('',#3458,#3459,#3460);
#3462=PLANE('',#3461);
#3463=CARTESIAN_POINT('',(143.619799365,-48.067438779,16.857459202));
#3464=VERTEX_POINT('',#3463);
#3465=CARTESIAN_POINT('',(143.619799365,-21.923388779,16.857459202));
#3466=VERTEX_POINT('',#3465);
#3467=CARTESIAN_POINT('',(143.619799365,-48.067438779,16.857459202));
#3468=DIRECTION('',(0.,1.,0.));
#3469=VECTOR('',#3468,26.14405);
#3470=LINE('',#3467,#3469);
#3471=EDGE_CURVE('',#3464,#3466,#3470,.T.);
#3472=ORIENTED_EDGE('',*,*,#3471,.T.);
#3473=CARTESIAN_POINT('',(143.619799365,-21.923388779,7.957459202));
#3474=VERTEX_POINT('',#3473);
#3475=CARTESIAN_POINT('',(143.619799365,-21.923388779,16.857459202));
#3476=DIRECTION('',(0.,0.,-1.));
#3477=VECTOR('',#3476,8.9);
#3478=LINE('',#3475,#3477);
#3479=EDGE_CURVE('',#3466,#3474,#3478,.T.);
#3480=ORIENTED_EDGE('',*,*,#3479,.T.);
#3481=CARTESIAN_POINT('',(143.619799364,-48.067438779,7.957459203));
#3482=VERTEX_POINT('',#3481);
#3483=CARTESIAN_POINT('',(143.619799365,-21.923388779,7.957459202));
#3484=DIRECTION('',(-0.,-1.,-0.));
#3485=VECTOR('',#3484,26.14405);
#3486=LINE('',#3483,#3485);
#3487=EDGE_CURVE('',#3474,#3482,#3486,.T.);
#3488=ORIENTED_EDGE('',*,*,#3487,.T.);
#3489=CARTESIAN_POINT('',(143.619799365,-48.067438779,7.957459203));
#3490=DIRECTION('',(-0.,-0.,1.));
#3491=VECTOR('',#3490,8.899999999);
#3492=LINE('',#3489,#3491);
#3493=EDGE_CURVE('',#3482,#3464,#3492,.T.);
#3494=ORIENTED_EDGE('',*,*,#3493,.T.);
#3495=EDGE_LOOP('',(#3472,#3480,#3488,#3494));
#3496=FACE_BOUND('',#3495,.T.);
#3497=ADVANCED_FACE('',(#3496),#3462,.F.);
#3498=CARTESIAN_POINT('',(85.660610588,-23.54503657,7.457459202));
#3499=DIRECTION('',(-0.707106781,0.,-0.707106781));
#3500=DIRECTION('',(-0.,-1.,-0.));
#3501=AXIS2_PLACEMENT_3D('',#3498,#3499,#3500);
#3502=PLANE('',#3501);
#3503=CARTESIAN_POINT('',(85.660610588,45.920661221,7.457459202));
#3504=DIRECTION('',(-0.577350269,0.577350269,0.577350269));
#3505=VECTOR('',#3504,0.866025404);
#3506=LINE('',#3503,#3505);
#3507=EDGE_CURVE('',#1965,#2471,#3506,.T.);
#3508=ORIENTED_EDGE('',*,*,#3507,.T.);
#3509=CARTESIAN_POINT('',(85.160610588,-50.067438779,7.957459202));
#3510=DIRECTION('',(0.,1.,0.));
#3511=VECTOR('',#3510,96.4881);
#3512=LINE('',#3509,#3511);
#3513=EDGE_CURVE('',#2279,#2471,#3512,.T.);
#3514=ORIENTED_EDGE('',*,*,#3513,.F.);
#3515=CARTESIAN_POINT('',(85.160610588,-50.067438779,7.957459202));
#3516=DIRECTION('',(0.577350269,0.577350269,-0.577350269));
#3517=VECTOR('',#3516,0.866025404);
#3518=LINE('',#3515,#3517);
#3519=EDGE_CURVE('',#2279,#1973,#3518,.T.);
#3520=ORIENTED_EDGE('',*,*,#3519,.T.);
#3521=ORIENTED_EDGE('',*,*,#1978,.F.);
#3522=EDGE_LOOP('',(#3508,#3514,#3520,#3521));
#3523=FACE_BOUND('',#3522,.T.);
#3524=ADVANCED_FACE('',(#3523),#3502,.F.);
#3525=CARTESIAN_POINT('',(143.619799365,-1.823388779,0.657459202));
#3526=DIRECTION('',(1.,0.,0.));
#3527=DIRECTION('',(0.,0.,-1.));
#3528=AXIS2_PLACEMENT_3D('',#3525,#3526,#3527);
#3529=PLANE('',#3528);
#3530=CARTESIAN_POINT('',(143.619799365,-21.423388779,5.957459202));
#3531=VERTEX_POINT('',#3530);
#3532=CARTESIAN_POINT('',(143.619799365,-21.423388779,5.957459202));
#3533=DIRECTION('',(0.,-0.,1.));
#3534=VECTOR('',#3533,1.5);
#3535=LINE('',#3532,#3534);
#3536=EDGE_CURVE('',#3531,#1924,#3535,.T.);
#3537=ORIENTED_EDGE('',*,*,#3536,.F.);
#3538=CARTESIAN_POINT('',(143.619799365,17.476611221,5.957459202));
#3539=VERTEX_POINT('',#3538);
#3540=CARTESIAN_POINT('',(143.619799365,-21.423388779,5.957459202));
#3541=DIRECTION('',(0.,1.,0.));
#3542=VECTOR('',#3541,38.9);
#3543=LINE('',#3540,#3542);
#3544=EDGE_CURVE('',#3531,#3539,#3543,.T.);
#3545=ORIENTED_EDGE('',*,*,#3544,.T.);
#3546=CARTESIAN_POINT('',(143.619799365,17.476611221,5.957459202));
#3547=DIRECTION('',(-0.,-0.,1.));
#3548=VECTOR('',#3547,1.5);
#3549=LINE('',#3546,#3548);
#3550=EDGE_CURVE('',#3539,#1932,#3549,.T.);
#3551=ORIENTED_EDGE('',*,*,#3550,.T.);
#3552=ORIENTED_EDGE('',*,*,#1937,.F.);
#3553=EDGE_LOOP('',(#3537,#3545,#3551,#3552));
#3554=FACE_BOUND('',#3553,.T.);
#3555=ADVANCED_FACE('',(#3554),#3529,.T.);
#3556=CARTESIAN_POINT('',(150.019799365,-21.423388779,19.207459202));
#3557=DIRECTION('',(0.,-1.,-0.));
#3558=DIRECTION('',(1.,0.,0.));
#3559=AXIS2_PLACEMENT_3D('',#3556,#3557,#3558);
#3560=PLANE('',#3559);
#3561=CARTESIAN_POINT('',(144.119799365,-21.423388779,8.457459202));
#3562=VERTEX_POINT('',#3561);
#3563=CARTESIAN_POINT('',(143.119799365,-21.423388779,7.457459202));
#3564=DIRECTION('',(0.707106781,-0.,0.707106781));
#3565=VECTOR('',#3564,1.414213562);
#3566=LINE('',#3563,#3565);
#3567=EDGE_CURVE('',#1916,#3562,#3566,.T.);
#3568=ORIENTED_EDGE('',*,*,#3567,.T.);
#3569=CARTESIAN_POINT('',(144.119799365,-21.423388779,16.857459202));
#3570=VERTEX_POINT('',#3569);
#3571=CARTESIAN_POINT('',(144.119799365,-21.423388779,8.457459202));
#3572=DIRECTION('',(0.,-0.,1.));
#3573=VECTOR('',#3572,8.4);
#3574=LINE('',#3571,#3573);
#3575=EDGE_CURVE('',#3562,#3570,#3574,.T.);
#3576=ORIENTED_EDGE('',*,*,#3575,.T.);
#3577=CARTESIAN_POINT('',(145.619799365,-21.423388779,16.857459202));
#3578=VERTEX_POINT('',#3577);
#3579=CARTESIAN_POINT('',(144.119799365,-21.423388779,16.857459202));
#3580=DIRECTION('',(1.,0.,-0.));
#3581=VECTOR('',#3580,1.5);
#3582=LINE('',#3579,#3581);
#3583=EDGE_CURVE('',#3570,#3578,#3582,.T.);
#3584=ORIENTED_EDGE('',*,*,#3583,.T.);
#3585=CARTESIAN_POINT('',(145.619799365,-21.423388779,5.957459202));
#3586=VERTEX_POINT('',#3585);
#3587=CARTESIAN_POINT('',(145.619799365,-21.423388779,16.857459202));
#3588=DIRECTION('',(0.,0.,-1.));
#3589=VECTOR('',#3588,10.9);
#3590=LINE('',#3587,#3589);
#3591=EDGE_CURVE('',#3578,#3586,#3590,.T.);
#3592=ORIENTED_EDGE('',*,*,#3591,.T.);
#3593=CARTESIAN_POINT('',(145.619799365,-21.423388779,5.957459202));
#3594=DIRECTION('',(-1.,-0.,0.));
#3595=VECTOR('',#3594,2.);
#3596=LINE('',#3593,#3595);
#3597=EDGE_CURVE('',#3586,#3531,#3596,.T.);
#3598=ORIENTED_EDGE('',*,*,#3597,.T.);
#3599=ORIENTED_EDGE('',*,*,#3536,.T.);
#3600=ORIENTED_EDGE('',*,*,#1929,.T.);
#3601=EDGE_LOOP('',(#3568,#3576,#3584,#3592,#3598,#3599,#3600));
#3602=FACE_BOUND('',#3601,.T.);
#3603=ADVANCED_FACE('',(#3602),#3560,.F.);
#3604=CARTESIAN_POINT('',(150.019799365,17.476611221,19.207459202));
#3605=DIRECTION('',(0.,-1.,-0.));
#3606=DIRECTION('',(1.,0.,0.));
#3607=AXIS2_PLACEMENT_3D('',#3604,#3605,#3606);
#3608=PLANE('',#3607);
#3609=CARTESIAN_POINT('',(144.119799365,17.476611221,16.857459202));
#3610=VERTEX_POINT('',#3609);
#3611=CARTESIAN_POINT('',(144.119799365,17.476611221,8.457459202));
#3612=VERTEX_POINT('',#3611);
#3613=CARTESIAN_POINT('',(144.119799365,17.476611221,16.857459202));
#3614=DIRECTION('',(0.,0.,-1.));
#3615=VECTOR('',#3614,8.4);
#3616=LINE('',#3613,#3615);
#3617=EDGE_CURVE('',#3610,#3612,#3616,.T.);
#3618=ORIENTED_EDGE('',*,*,#3617,.T.);
#3619=CARTESIAN_POINT('',(144.119799365,17.476611221,8.457459202));
#3620=DIRECTION('',(-0.707106781,0.,-0.707106781));
#3621=VECTOR('',#3620,1.414213562);
#3622=LINE('',#3619,#3621);
#3623=EDGE_CURVE('',#3612,#1940,#3622,.T.);
#3624=ORIENTED_EDGE('',*,*,#3623,.T.);
#3625=ORIENTED_EDGE('',*,*,#1945,.F.);
#3626=ORIENTED_EDGE('',*,*,#3550,.F.);
#3627=CARTESIAN_POINT('',(145.619799365,17.476611221,5.957459202));
#3628=VERTEX_POINT('',#3627);
#3629=CARTESIAN_POINT('',(143.619799365,17.476611221,5.957459202));
#3630=DIRECTION('',(1.,0.,-0.));
#3631=VECTOR('',#3630,2.);
#3632=LINE('',#3629,#3631);
#3633=EDGE_CURVE('',#3539,#3628,#3632,.T.);
#3634=ORIENTED_EDGE('',*,*,#3633,.T.);
#3635=CARTESIAN_POINT('',(145.619799365,17.476611221,16.857459202));
#3636=VERTEX_POINT('',#3635);
#3637=CARTESIAN_POINT('',(145.619799365,17.476611221,5.957459202));
#3638=DIRECTION('',(0.,-0.,1.));
#3639=VECTOR('',#3638,10.9);
#3640=LINE('',#3637,#3639);
#3641=EDGE_CURVE('',#3628,#3636,#3640,.T.);
#3642=ORIENTED_EDGE('',*,*,#3641,.T.);
#3643=CARTESIAN_POINT('',(145.619799365,17.476611221,16.857459202));
#3644=DIRECTION('',(-1.,0.,0.));
#3645=VECTOR('',#3644,1.5);
#3646=LINE('',#3643,#3645);
#3647=EDGE_CURVE('',#3636,#3610,#3646,.T.);
#3648=ORIENTED_EDGE('',*,*,#3647,.T.);
#3649=EDGE_LOOP('',(#3618,#3624,#3625,#3626,#3634,#3642,#3648));
#3650=FACE_BOUND('',#3649,.T.);
#3651=ADVANCED_FACE('',(#3650),#3608,.T.);
#3652=CARTESIAN_POINT('',(-40.,-1.723388779,7.957459202));
#3653=DIRECTION('',(0.,-0.,1.));
#3654=DIRECTION('',(1.,0.,0.));
#3655=AXIS2_PLACEMENT_3D('',#3652,#3653,#3654);
#3656=PLANE('',#3655);
#3657=CARTESIAN_POINT('',(81.160610588,-8.586533991,7.957459202));
#3658=VERTEX_POINT('',#3657);
#3659=CARTESIAN_POINT('',(85.159605537,-8.586533991,7.957459202));
#3660=VERTEX_POINT('',#3659);
#3661=CARTESIAN_POINT('',(81.160610588,-8.586533991,7.957459202));
#3662=DIRECTION('',(1.,0.,-0.));
#3663=VECTOR('',#3662,3.998994949);
#3664=LINE('',#3661,#3663);
#3665=EDGE_CURVE('',#3658,#3660,#3664,.T.);
#3666=ORIENTED_EDGE('',*,*,#3665,.T.);
#3667=CARTESIAN_POINT('',(85.159605537,-8.586533991,7.957459202));
#3668=DIRECTION('',(-0.,-1.,-0.));
#3669=VECTOR('',#3668,41.480904788);
#3670=LINE('',#3667,#3669);
#3671=EDGE_CURVE('',#3660,#2287,#3670,.T.);
#3672=ORIENTED_EDGE('',*,*,#3671,.T.);
#3673=ORIENTED_EDGE('',*,*,#2292,.F.);
#3674=ORIENTED_EDGE('',*,*,#3513,.T.);
#3675=ORIENTED_EDGE('',*,*,#2476,.T.);
#3676=ORIENTED_EDGE('',*,*,#3233,.F.);
#3677=CARTESIAN_POINT('',(81.160610588,46.42036564,7.957459202));
#3678=VERTEX_POINT('',#3677);
#3679=CARTESIAN_POINT('',(81.160610588,46.42036564,7.957459202));
#3680=DIRECTION('',(1.,0.,-0.));
#3681=VECTOR('',#3680,2.);
#3682=LINE('',#3679,#3681);
#3683=EDGE_CURVE('',#3678,#3222,#3682,.T.);
#3684=ORIENTED_EDGE('',*,*,#3683,.F.);
#3685=CARTESIAN_POINT('',(81.160610588,-8.586533991,7.957459202));
#3686=DIRECTION('',(0.,1.,0.));
#3687=VECTOR('',#3686,55.006899631);
#3688=LINE('',#3685,#3687);
#3689=EDGE_CURVE('',#3658,#3678,#3688,.T.);
#3690=ORIENTED_EDGE('',*,*,#3689,.F.);
#3691=EDGE_LOOP('',(#3666,#3672,#3673,#3674,#3675,#3676,#3684,#3690));
#3692=FACE_BOUND('',#3691,.T.);
#3693=ADVANCED_FACE('',(#3692),#3656,.T.);
#3694=CARTESIAN_POINT('',(81.160610588,-7.74743436,6.957459202));
#3695=DIRECTION('',(0.,-0.766044443,-0.64278761));
#3696=DIRECTION('',(0.,0.64278761,-0.766044443));
#3697=AXIS2_PLACEMENT_3D('',#3694,#3695,#3696);
#3698=PLANE('',#3697);
#3699=ORIENTED_EDGE('',*,*,#3665,.F.);
#3700=CARTESIAN_POINT('',(81.160610588,-8.586533991,7.957459202));
#3701=DIRECTION('',(0.608120402,0.510273606,-0.608120402));
#3702=VECTOR('',#3701,3.288822398);
#3703=LINE('',#3700,#3702);
#3704=EDGE_CURVE('',#3658,#3206,#3703,.T.);
#3705=ORIENTED_EDGE('',*,*,#3704,.T.);
#3706=ORIENTED_EDGE('',*,*,#3211,.F.);
#3707=CARTESIAN_POINT('',(83.160610588,-6.909178066,5.958464253));
#3708=DIRECTION('',(0.608120402,-0.510273606,0.608120402));
#3709=VECTOR('',#3708,3.287169681);
#3710=LINE('',#3707,#3709);
#3711=EDGE_CURVE('',#3198,#3660,#3710,.T.);
#3712=ORIENTED_EDGE('',*,*,#3711,.T.);
#3713=EDGE_LOOP('',(#3699,#3705,#3706,#3712));
#3714=FACE_BOUND('',#3713,.T.);
#3715=ADVANCED_FACE('',(#3714),#3698,.T.);
#3716=CARTESIAN_POINT('',(81.160610588,46.42036564,6.957459202));
#3717=DIRECTION('',(0.,1.,0.));
#3718=DIRECTION('',(0.,-0.,1.));
#3719=AXIS2_PLACEMENT_3D('',#3716,#3717,#3718);
#3720=PLANE('',#3719);
#3721=CARTESIAN_POINT('',(83.160610588,46.42036564,5.957459202));
#3722=DIRECTION('',(-0.707106781,-0.,0.707106781));
#3723=VECTOR('',#3722,2.828427125);
#3724=LINE('',#3721,#3723);
#3725=EDGE_CURVE('',#3214,#3678,#3724,.T.);
#3726=ORIENTED_EDGE('',*,*,#3725,.T.);
#3727=ORIENTED_EDGE('',*,*,#3683,.T.);
#3728=ORIENTED_EDGE('',*,*,#3227,.F.);
#3729=EDGE_LOOP('',(#3726,#3727,#3728));
#3730=FACE_BOUND('',#3729,.T.);
#3731=ADVANCED_FACE('',(#3730),#3720,.T.);
#3732=CARTESIAN_POINT('',(83.160610588,-23.54503657,5.957459202));
#3733=DIRECTION('',(0.707106781,-0.,0.707106781));
#3734=DIRECTION('',(0.,1.,0.));
#3735=AXIS2_PLACEMENT_3D('',#3732,#3733,#3734);
#3736=PLANE('',#3735);
#3737=ORIENTED_EDGE('',*,*,#3725,.F.);
#3738=ORIENTED_EDGE('',*,*,#3219,.F.);
#3739=ORIENTED_EDGE('',*,*,#3704,.F.);
#3740=ORIENTED_EDGE('',*,*,#3689,.T.);
#3741=EDGE_LOOP('',(#3737,#3738,#3739,#3740));
#3742=FACE_BOUND('',#3741,.T.);
#3743=ADVANCED_FACE('',(#3742),#3736,.F.);
#3744=CARTESIAN_POINT('',(141.119799365,-52.067438779,21.757459202));
#3745=DIRECTION('',(0.,0.,-1.));
#3746=DIRECTION('',(-1.,0.,0.));
#3747=AXIS2_PLACEMENT_3D('',#3744,#3745,#3746);
#3748=CYLINDRICAL_SURFACE('',#3747,5.);
#3749=ORIENTED_EDGE('',*,*,#3453,.F.);
#3750=CARTESIAN_POINT('',(141.119799365,-52.067438779,16.857459202));
#3751=DIRECTION('',(0.,0.,-1.));
#3752=DIRECTION('',(-1.,0.,0.));
#3753=AXIS2_PLACEMENT_3D('',#3750,#3751,#3752);
#3754=CIRCLE('',#3753,5.);
#3755=EDGE_CURVE('',#3442,#857,#3754,.T.);
#3756=ORIENTED_EDGE('',*,*,#3755,.T.);
#3757=ORIENTED_EDGE('',*,*,#862,.F.);
#3758=CARTESIAN_POINT('',(141.119799365,-52.067438779,5.957459202));
#3759=DIRECTION('',(-0.,-0.,1.));
#3760=DIRECTION('',(-1.,0.,0.));
#3761=AXIS2_PLACEMENT_3D('',#3758,#3759,#3760);
#3762=CIRCLE('',#3761,5.);
#3763=EDGE_CURVE('',#849,#3424,#3762,.T.);
#3764=ORIENTED_EDGE('',*,*,#3763,.T.);
#3765=EDGE_LOOP('',(#3749,#3756,#3757,#3764));
#3766=FACE_BOUND('',#3765,.T.);
#3767=ADVANCED_FACE('',(#3766),#3748,.T.);
#3768=CARTESIAN_POINT('',(141.119799365,48.420661221,21.757459202));
#3769=DIRECTION('',(0.,-0.,1.));
#3770=DIRECTION('',(1.,0.,0.));
#3771=AXIS2_PLACEMENT_3D('',#3768,#3769,#3770);
#3772=CYLINDRICAL_SURFACE('',#3771,5.);
#3773=ORIENTED_EDGE('',*,*,#744,.F.);
#3774=CARTESIAN_POINT('',(141.119799365,48.420661221,16.857459202));
#3775=DIRECTION('',(0.,0.,-1.));
#3776=DIRECTION('',(-1.,0.,0.));
#3777=AXIS2_PLACEMENT_3D('',#3774,#3775,#3776);
#3778=CIRCLE('',#3777,5.);
#3779=EDGE_CURVE('',#731,#3386,#3778,.T.);
#3780=ORIENTED_EDGE('',*,*,#3779,.T.);
#3781=ORIENTED_EDGE('',*,*,#3391,.F.);
#3782=CARTESIAN_POINT('',(141.119799365,48.420661221,5.957459202));
#3783=DIRECTION('',(0.,-0.,1.));
#3784=DIRECTION('',(1.,0.,0.));
#3785=AXIS2_PLACEMENT_3D('',#3782,#3783,#3784);
#3786=CIRCLE('',#3785,5.);
#3787=EDGE_CURVE('',#3384,#739,#3786,.T.);
#3788=ORIENTED_EDGE('',*,*,#3787,.T.);
#3789=EDGE_LOOP('',(#3773,#3780,#3781,#3788));
#3790=FACE_BOUND('',#3789,.T.);
#3791=ADVANCED_FACE('',(#3790),#3772,.T.);
#3792=CARTESIAN_POINT('',(145.619799365,17.476611221,5.957459202));
#3793=DIRECTION('',(0.577350269,-0.577350269,-0.577350269));
#3794=DIRECTION('',(0.707106781,0.707106781,-0.));
#3795=AXIS2_PLACEMENT_3D('',#3792,#3793,#3794);
#3796=PLANE('',#3795);
#3797=CARTESIAN_POINT('',(145.619799365,17.976611221,5.457459202));
#3798=DIRECTION('',(0.707106781,-0.,0.707106781));
#3799=VECTOR('',#3798,0.707106781);
#3800=LINE('',#3797,#3799);
#3801=EDGE_CURVE('',#154,#3402,#3800,.T.);
#3802=ORIENTED_EDGE('',*,*,#3801,.T.);
#3803=CARTESIAN_POINT('',(146.119799365,17.976611221,5.957459202));
#3804=DIRECTION('',(-0.707106781,-0.707106781,-0.));
#3805=VECTOR('',#3804,0.707106781);
#3806=LINE('',#3803,#3805);
#3807=EDGE_CURVE('',#3402,#3628,#3806,.T.);
#3808=ORIENTED_EDGE('',*,*,#3807,.T.);
#3809=CARTESIAN_POINT('',(145.619799365,17.976611221,5.457459202));
#3810=DIRECTION('',(-0.,-0.707106781,0.707106781));
#3811=VECTOR('',#3810,0.707106781);
#3812=LINE('',#3809,#3811);
#3813=EDGE_CURVE('',#154,#3628,#3812,.T.);
#3814=ORIENTED_EDGE('',*,*,#3813,.F.);
#3815=EDGE_LOOP('',(#3802,#3808,#3814));
#3816=FACE_BOUND('',#3815,.T.);
#3817=ADVANCED_FACE('',(#3816),#3796,.T.);
#3818=CARTESIAN_POINT('',(150.019799365,17.476611221,5.957459202));
#3819=DIRECTION('',(0.,-0.707106781,-0.707106781));
#3820=DIRECTION('',(-1.,0.,0.));
#3821=AXIS2_PLACEMENT_3D('',#3818,#3819,#3820);
#3822=PLANE('',#3821);
#3823=ORIENTED_EDGE('',*,*,#3813,.T.);
#3824=ORIENTED_EDGE('',*,*,#3633,.F.);
#3825=CARTESIAN_POINT('',(143.119799365,17.976611221,5.457459202));
#3826=DIRECTION('',(0.577350269,-0.577350269,0.577350269));
#3827=VECTOR('',#3826,0.866025404);
#3828=LINE('',#3825,#3827);
#3829=EDGE_CURVE('',#162,#3539,#3828,.T.);
#3830=ORIENTED_EDGE('',*,*,#3829,.F.);
#3831=ORIENTED_EDGE('',*,*,#167,.F.);
#3832=EDGE_LOOP('',(#3823,#3824,#3830,#3831));
#3833=FACE_BOUND('',#3832,.T.);
#3834=ADVANCED_FACE('',(#3833),#3822,.T.);
#3835=CARTESIAN_POINT('',(143.619799365,-1.823388779,5.957459202));
#3836=DIRECTION('',(0.707106781,0.,-0.707106781));
#3837=DIRECTION('',(0.,-1.,-0.));
#3838=AXIS2_PLACEMENT_3D('',#3835,#3836,#3837);
#3839=PLANE('',#3838);
#3840=ORIENTED_EDGE('',*,*,#3544,.F.);
#3841=CARTESIAN_POINT('',(143.619799365,-21.423388779,5.957459202));
#3842=DIRECTION('',(-0.577350269,-0.577350269,-0.577350269));
#3843=VECTOR('',#3842,0.866025404);
#3844=LINE('',#3841,#3843);
#3845=EDGE_CURVE('',#3531,#170,#3844,.T.);
#3846=ORIENTED_EDGE('',*,*,#3845,.T.);
#3847=ORIENTED_EDGE('',*,*,#175,.F.);
#3848=ORIENTED_EDGE('',*,*,#3829,.T.);
#3849=EDGE_LOOP('',(#3840,#3846,#3847,#3848));
#3850=FACE_BOUND('',#3849,.T.);
#3851=ADVANCED_FACE('',(#3850),#3839,.T.);
#3852=CARTESIAN_POINT('',(150.019799365,-21.423388779,5.957459202));
#3853=DIRECTION('',(0.,-0.707106781,0.707106781));
#3854=DIRECTION('',(-1.,0.,0.));
#3855=AXIS2_PLACEMENT_3D('',#3852,#3853,#3854);
#3856=PLANE('',#3855);
#3857=ORIENTED_EDGE('',*,*,#3845,.F.);
#3858=ORIENTED_EDGE('',*,*,#3597,.F.);
#3859=CARTESIAN_POINT('',(145.619799365,-21.923388779,5.457459202));
#3860=DIRECTION('',(0.,0.707106781,0.707106781));
#3861=VECTOR('',#3860,0.707106781);
#3862=LINE('',#3859,#3861);
#3863=EDGE_CURVE('',#178,#3586,#3862,.T.);
#3864=ORIENTED_EDGE('',*,*,#3863,.F.);
#3865=ORIENTED_EDGE('',*,*,#183,.F.);
#3866=EDGE_LOOP('',(#3857,#3858,#3864,#3865));
#3867=FACE_BOUND('',#3866,.T.);
#3868=ADVANCED_FACE('',(#3867),#3856,.F.);
#3869=CARTESIAN_POINT('',(146.119799365,-21.923388779,5.957459202));
#3870=DIRECTION('',(0.577350269,0.577350269,-0.577350269));
#3871=DIRECTION('',(-0.707106781,-0.,-0.707106781));
#3872=AXIS2_PLACEMENT_3D('',#3869,#3870,#3871);
#3873=PLANE('',#3872);
#3874=ORIENTED_EDGE('',*,*,#3863,.T.);
#3875=CARTESIAN_POINT('',(145.619799365,-21.423388779,5.957459202));
#3876=DIRECTION('',(0.707106781,-0.707106781,-0.));
#3877=VECTOR('',#3876,0.707106781);
#3878=LINE('',#3875,#3877);
#3879=EDGE_CURVE('',#3586,#3426,#3878,.T.);
#3880=ORIENTED_EDGE('',*,*,#3879,.T.);
#3881=CARTESIAN_POINT('',(145.619799365,-21.923388779,5.457459202));
#3882=DIRECTION('',(0.707106781,-0.,0.707106781));
#3883=VECTOR('',#3882,0.707106781);
#3884=LINE('',#3881,#3883);
#3885=EDGE_CURVE('',#178,#3426,#3884,.T.);
#3886=ORIENTED_EDGE('',*,*,#3885,.F.);
#3887=EDGE_LOOP('',(#3874,#3880,#3886));
#3888=FACE_BOUND('',#3887,.T.);
#3889=ADVANCED_FACE('',(#3888),#3873,.T.);
#3890=CARTESIAN_POINT('',(146.119799365,-51.067438779,5.957459202));
#3891=DIRECTION('',(0.707106781,0.,-0.707106781));
#3892=DIRECTION('',(0.,-1.,-0.));
#3893=AXIS2_PLACEMENT_3D('',#3890,#3891,#3892);
#3894=PLANE('',#3893);
#3895=ORIENTED_EDGE('',*,*,#3885,.T.);
#3896=ORIENTED_EDGE('',*,*,#3431,.F.);
#3897=CARTESIAN_POINT('',(145.619799365,-52.067373462,5.457459202));
#3898=DIRECTION('',(0.707106781,-0.,0.707106781));
#3899=VECTOR('',#3898,0.707106781);
#3900=LINE('',#3897,#3899);
#3901=EDGE_CURVE('',#186,#3424,#3900,.T.);
#3902=ORIENTED_EDGE('',*,*,#3901,.F.);
#3903=ORIENTED_EDGE('',*,*,#191,.F.);
#3904=EDGE_LOOP('',(#3895,#3896,#3902,#3903));
#3905=FACE_BOUND('',#3904,.T.);
#3906=ADVANCED_FACE('',(#3905),#3894,.T.);
#3907=CARTESIAN_POINT('',(141.119799365,-52.067438779,5.957459202));
#3908=DIRECTION('',(0.,-0.,1.));
#3909=DIRECTION('',(1.,0.,0.));
#3910=AXIS2_PLACEMENT_3D('',#3907,#3908,#3909);
#3911=CONICAL_SURFACE('',#3910,5.,44.999999898);
#3912=ORIENTED_EDGE('',*,*,#2147,.T.);
#3913=ORIENTED_EDGE('',*,*,#200,.F.);
#3914=ORIENTED_EDGE('',*,*,#3901,.T.);
#3915=ORIENTED_EDGE('',*,*,#3763,.F.);
#3916=EDGE_LOOP('',(#3912,#3913,#3914,#3915));
#3917=FACE_BOUND('',#3916,.T.);
#3918=ADVANCED_FACE('',(#3917),#3911,.T.);
#3919=CARTESIAN_POINT('',(141.619799365,-48.067438779,21.757459202));
#3920=DIRECTION('',(0.,-0.,1.));
#3921=DIRECTION('',(1.,0.,0.));
#3922=AXIS2_PLACEMENT_3D('',#3919,#3920,#3921);
#3923=CYLINDRICAL_SURFACE('',#3922,2.);
#3924=ORIENTED_EDGE('',*,*,#2276,.F.);
#3925=CARTESIAN_POINT('',(141.619799365,-48.067438779,16.857459202));
#3926=DIRECTION('',(0.,-0.,1.));
#3927=DIRECTION('',(1.,0.,0.));
#3928=AXIS2_PLACEMENT_3D('',#3925,#3926,#3927);
#3929=CIRCLE('',#3928,2.);
#3930=EDGE_CURVE('',#2263,#3464,#3929,.T.);
#3931=ORIENTED_EDGE('',*,*,#3930,.T.);
#3932=ORIENTED_EDGE('',*,*,#3493,.F.);
#3933=CARTESIAN_POINT('',(141.619799365,-48.067438779,7.957459203));
#3934=DIRECTION('',(-0.,0.,-1.));
#3935=DIRECTION('',(1.,0.,0.));
#3936=AXIS2_PLACEMENT_3D('',#3933,#3934,#3935);
#3937=CIRCLE('',#3936,2.);
#3938=EDGE_CURVE('',#3482,#2271,#3937,.T.);
#3939=ORIENTED_EDGE('',*,*,#3938,.T.);
#3940=EDGE_LOOP('',(#3924,#3931,#3932,#3939));
#3941=FACE_BOUND('',#3940,.T.);
#3942=ADVANCED_FACE('',(#3941),#3923,.F.);
#3943=CARTESIAN_POINT('',(141.619799365,44.420661221,21.757459202));
#3944=DIRECTION('',(0.,-0.,1.));
#3945=DIRECTION('',(1.,0.,0.));
#3946=AXIS2_PLACEMENT_3D('',#3943,#3944,#3945);
#3947=CYLINDRICAL_SURFACE('',#3946,2.);
#3948=ORIENTED_EDGE('',*,*,#3367,.F.);
#3949=CARTESIAN_POINT('',(141.619799365,44.420661221,16.857459202));
#3950=DIRECTION('',(0.,-0.,1.));
#3951=DIRECTION('',(1.,0.,0.));
#3952=AXIS2_PLACEMENT_3D('',#3949,#3950,#3951);
#3953=CIRCLE('',#3952,2.);
#3954=EDGE_CURVE('',#3354,#2487,#3953,.T.);
#3955=ORIENTED_EDGE('',*,*,#3954,.T.);
#3956=ORIENTED_EDGE('',*,*,#2492,.F.);
#3957=CARTESIAN_POINT('',(141.619799365,44.420661221,7.957459203));
#3958=DIRECTION('',(-0.,0.,-1.));
#3959=DIRECTION('',(1.,0.,0.));
#3960=AXIS2_PLACEMENT_3D('',#3957,#3958,#3959);
#3961=CIRCLE('',#3960,2.);
#3962=EDGE_CURVE('',#2479,#3362,#3961,.T.);
#3963=ORIENTED_EDGE('',*,*,#3962,.T.);
#3964=EDGE_LOOP('',(#3948,#3955,#3956,#3963));
#3965=FACE_BOUND('',#3964,.T.);
#3966=ADVANCED_FACE('',(#3965),#3947,.F.);
#3967=CARTESIAN_POINT('',(-0.,-49.567438779,7.457459202));
#3968=DIRECTION('',(0.,-0.707106781,-0.707106781));
#3969=DIRECTION('',(1.,0.,0.));
#3970=AXIS2_PLACEMENT_3D('',#3967,#3968,#3969);
#3971=PLANE('',#3970);
#3972=CARTESIAN_POINT('',(141.619799365,-49.567438779,7.457459202));
#3973=CARTESIAN_POINT('',(141.619799365,-49.734105445,7.624125869));
#3974=CARTESIAN_POINT('',(141.619799365,-49.900772111,7.790792536));
#3975=CARTESIAN_POINT('',(141.619799364,-50.067438778,7.957459203));
#3976=B_SPLINE_CURVE_WITH_KNOTS('',3,(#3972,#3973,#3974,#3975),.UNSPECIFIED.,.F.,.F.,(4,4),(0.,0.707106781),.UNSPECIFIED.);
#3977=EDGE_CURVE('',#1981,#2271,#3976,.T.);
#3978=ORIENTED_EDGE('',*,*,#3977,.F.);
#3979=ORIENTED_EDGE('',*,*,#1986,.F.);
#3980=ORIENTED_EDGE('',*,*,#3519,.F.);
#3981=ORIENTED_EDGE('',*,*,#2284,.F.);
#3982=EDGE_LOOP('',(#3978,#3979,#3980,#3981));
#3983=FACE_BOUND('',#3982,.T.);
#3984=ADVANCED_FACE('',(#3983),#3971,.F.);
#3985=CARTESIAN_POINT('',(143.119799365,-1.723388779,7.457459202));
#3986=DIRECTION('',(0.707106781,0.,-0.707106781));
#3987=DIRECTION('',(-0.,1.,0.));
#3988=AXIS2_PLACEMENT_3D('',#3985,#3986,#3987);
#3989=PLANE('',#3988);
#3990=CARTESIAN_POINT('',(143.619799364,-48.067438779,7.957459203));
#3991=DIRECTION('',(-0.70710678,0.,-0.707106782));
#3992=VECTOR('',#3991,0.707106782);
#3993=LINE('',#3990,#3992);
#3994=EDGE_CURVE('',#3482,#1914,#3993,.T.);
#3995=ORIENTED_EDGE('',*,*,#3994,.F.);
#3996=ORIENTED_EDGE('',*,*,#3487,.F.);
#3997=CARTESIAN_POINT('',(143.619799365,-21.923388779,7.957459202));
#3998=DIRECTION('',(0.577350269,0.577350269,0.577350269));
#3999=VECTOR('',#3998,0.866025404);
#4000=LINE('',#3997,#3999);
#4001=EDGE_CURVE('',#3474,#3562,#4000,.T.);
#4002=ORIENTED_EDGE('',*,*,#4001,.T.);
#4003=ORIENTED_EDGE('',*,*,#3567,.F.);
#4004=ORIENTED_EDGE('',*,*,#1921,.F.);
#4005=EDGE_LOOP('',(#3995,#3996,#4002,#4003,#4004));
#4006=FACE_BOUND('',#4005,.T.);
#4007=ADVANCED_FACE('',(#4006),#3989,.F.);
#4008=CARTESIAN_POINT('',(141.619799365,-48.067438779,7.457459202));
#4009=DIRECTION('',(0.,-0.,1.));
#4010=DIRECTION('',(1.,0.,0.));
#4011=AXIS2_PLACEMENT_3D('',#4008,#4009,#4010);
#4012=CONICAL_SURFACE('',#4011,1.5,44.999999898);
#4013=ORIENTED_EDGE('',*,*,#3977,.T.);
#4014=ORIENTED_EDGE('',*,*,#3938,.F.);
#4015=ORIENTED_EDGE('',*,*,#3994,.T.);
#4016=ORIENTED_EDGE('',*,*,#1993,.F.);
#4017=EDGE_LOOP('',(#4013,#4014,#4015,#4016));
#4018=FACE_BOUND('',#4017,.T.);
#4019=ADVANCED_FACE('',(#4018),#4012,.F.);
#4020=CARTESIAN_POINT('',(143.119799365,-1.723388779,7.457459202));
#4021=DIRECTION('',(0.707106781,0.,-0.707106781));
#4022=DIRECTION('',(-0.,1.,0.));
#4023=AXIS2_PLACEMENT_3D('',#4020,#4021,#4022);
#4024=PLANE('',#4023);
#4025=ORIENTED_EDGE('',*,*,#3623,.F.);
#4026=CARTESIAN_POINT('',(144.119799365,17.476611221,8.457459202));
#4027=DIRECTION('',(-0.577350269,0.577350269,-0.577350269));
#4028=VECTOR('',#4027,0.866025404);
#4029=LINE('',#4026,#4028);
#4030=EDGE_CURVE('',#3612,#3344,#4029,.T.);
#4031=ORIENTED_EDGE('',*,*,#4030,.T.);
#4032=ORIENTED_EDGE('',*,*,#3373,.F.);
#4033=CARTESIAN_POINT('',(143.119799365,44.420661221,7.457459202));
#4034=CARTESIAN_POINT('',(143.286466031,44.420661221,7.624125869));
#4035=CARTESIAN_POINT('',(143.453132698,44.420661221,7.790792536));
#4036=CARTESIAN_POINT('',(143.619799364,44.420661221,7.957459203));
#4037=B_SPLINE_CURVE_WITH_KNOTS('',3,(#4033,#4034,#4035,#4036),.UNSPECIFIED.,.F.,.F.,(4,4),(0.,1.),.UNSPECIFIED.);
#4038=EDGE_CURVE('',#1948,#3362,#4037,.T.);
#4039=ORIENTED_EDGE('',*,*,#4038,.F.);
#4040=ORIENTED_EDGE('',*,*,#1953,.F.);
#4041=EDGE_LOOP('',(#4025,#4031,#4032,#4039,#4040));
#4042=FACE_BOUND('',#4041,.T.);
#4043=ADVANCED_FACE('',(#4042),#4024,.F.);
#4044=CARTESIAN_POINT('',(0.132499365,46.420661221,7.957459202));
#4045=DIRECTION('',(0.,0.707106781,-0.707106781));
#4046=DIRECTION('',(1.,0.,0.));
#4047=AXIS2_PLACEMENT_3D('',#4044,#4045,#4046);
#4048=PLANE('',#4047);
#4049=CARTESIAN_POINT('',(141.619799365,46.420661221,7.957459203));
#4050=DIRECTION('',(0.,-0.70710678,-0.707106782));
#4051=VECTOR('',#4050,0.707106782);
#4052=LINE('',#4049,#4051);
#4053=EDGE_CURVE('',#2479,#1956,#4052,.T.);
#4054=ORIENTED_EDGE('',*,*,#4053,.F.);
#4055=ORIENTED_EDGE('',*,*,#2484,.F.);
#4056=ORIENTED_EDGE('',*,*,#3507,.F.);
#4057=ORIENTED_EDGE('',*,*,#1970,.F.);
#4058=EDGE_LOOP('',(#4054,#4055,#4056,#4057));
#4059=FACE_BOUND('',#4058,.T.);
#4060=ADVANCED_FACE('',(#4059),#4048,.F.);
#4061=CARTESIAN_POINT('',(141.619799365,44.420661221,7.457459202));
#4062=DIRECTION('',(0.,-0.,1.));
#4063=DIRECTION('',(1.,0.,0.));
#4064=AXIS2_PLACEMENT_3D('',#4061,#4062,#4063);
#4065=CONICAL_SURFACE('',#4064,1.5,44.999999898);
#4066=ORIENTED_EDGE('',*,*,#4038,.T.);
#4067=ORIENTED_EDGE('',*,*,#3962,.F.);
#4068=ORIENTED_EDGE('',*,*,#4053,.T.);
#4069=ORIENTED_EDGE('',*,*,#1962,.F.);
#4070=EDGE_LOOP('',(#4066,#4067,#4068,#4069));
#4071=FACE_BOUND('',#4070,.T.);
#4072=ADVANCED_FACE('',(#4071),#4065,.F.);
#4073=CARTESIAN_POINT('',(94.029084766,-43.454036701,7.057459202));
#4074=CARTESIAN_POINT('',(94.029084766,-43.454036701,7.457459202));
#4075=CARTESIAN_POINT('',(94.029084766,-44.420216817,7.057459202));
#4076=CARTESIAN_POINT('',(94.029084766,-44.420216817,7.457459202));
#4077=CARTESIAN_POINT('',(93.669668758,-45.023117798,7.057459202));
#4078=CARTESIAN_POINT('',(93.669668758,-45.023117798,7.457459202));
#4079=CARTESIAN_POINT('',(92.950821841,-45.262732196,7.057459202));
#4080=CARTESIAN_POINT('',(92.950821841,-45.262732196,7.457459202));
#4081=B_SPLINE_SURFACE_WITH_KNOTS('',3,1,((#4073,#4074),(#4075,#4076),(#4077,#4078),(#4079,#4080)),.UNSPECIFIED.,.F.,.F.,.U.,(4,4),(2,2),(0.,1.),(0.,1.),.UNSPECIFIED.);
#4082=ORIENTED_EDGE('',*,*,#2072,.F.);
#4083=CARTESIAN_POINT('',(94.029084766,-43.454036701,7.057459202));
#4084=VERTEX_POINT('',#4083);
#4085=CARTESIAN_POINT('',(94.029084766,-43.454036701,7.057459202));
#4086=DIRECTION('',(0.,-0.,1.));
#4087=VECTOR('',#4086,0.4);
#4088=LINE('',#4085,#4087);
#4089=EDGE_CURVE('',#4084,#2043,#4088,.T.);
#4090=ORIENTED_EDGE('',*,*,#4089,.F.);
#4091=CARTESIAN_POINT('',(92.950821841,-45.262732196,7.057459202));
#4092=VERTEX_POINT('',#4091);
#4093=CARTESIAN_POINT('',(94.029084766,-43.454036701,7.057459202));
#4094=CARTESIAN_POINT('',(94.029084766,-43.643210322,7.057459202));
#4095=CARTESIAN_POINT('',(94.015821634,-43.831597755,7.057459202));
#4096=CARTESIAN_POINT('',(93.980783388,-44.018694441,7.057459202));
#4097=CARTESIAN_POINT('',(93.945745142,-44.205791128,7.057459202));
#4098=CARTESIAN_POINT('',(93.889749515,-44.386552016,7.057459202));
#4099=CARTESIAN_POINT('',(93.801709453,-44.555255717,7.057459202));
#4100=CARTESIAN_POINT('',(93.757689423,-44.639607568,7.057459202));
#4101=CARTESIAN_POINT('',(93.705768727,-44.719997788,7.057459202));
#4102=CARTESIAN_POINT('',(93.646927798,-44.793369761,7.057459202));
#4103=CARTESIAN_POINT('',(93.588086869,-44.866741734,7.057459202));
#4104=CARTESIAN_POINT('',(93.52193219,-44.933899186,7.057459202));
#4105=CARTESIAN_POINT('',(93.448056453,-44.994496026,7.057459202));
#4106=CARTESIAN_POINT('',(93.30030498,-45.115689707,7.057459202));
#4107=CARTESIAN_POINT('',(93.131999684,-45.202339894,7.057459202));
#4108=CARTESIAN_POINT('',(92.950821841,-45.262732196,7.057459202));
#4109=B_SPLINE_CURVE_WITH_KNOTS('',3,(#4093,#4094,#4095,#4096,#4097,#4098,#4099,#4100,#4101,#4102,#4103,#4104,#4105,#4106,#4107,#4108),.UNSPECIFIED.,.F.,.F.,(4,3,3,3,3,4),(0.009092769,0.009665704,0.010238638,0.010525105,0.010811573,0.011384507),.UNSPECIFIED.);
#4110=EDGE_CURVE('',#4084,#4092,#4109,.T.);
#4111=ORIENTED_EDGE('',*,*,#4110,.T.);
#4112=CARTESIAN_POINT('',(92.950821841,-45.262732196,7.057459202));
#4113=DIRECTION('',(0.,-0.,1.));
#4114=VECTOR('',#4113,0.4);
#4115=LINE('',#4112,#4114);
#4116=EDGE_CURVE('',#4092,#2051,#4115,.T.);
#4117=ORIENTED_EDGE('',*,*,#4116,.T.);
#4118=EDGE_LOOP('',(#4082,#4090,#4111,#4117));
#4119=FACE_BOUND('',#4118,.T.);
#4120=ADVANCED_FACE('',(#4119),#4081,.T.);
#4121=CARTESIAN_POINT('',(94.029084766,-42.793166476,7.057459202));
#4122=DIRECTION('',(-1.,0.,0.));
#4123=DIRECTION('',(0.,-0.,1.));
#4124=AXIS2_PLACEMENT_3D('',#4121,#4122,#4123);
#4125=PLANE('',#4124);
#4126=ORIENTED_EDGE('',*,*,#2048,.F.);
#4127=CARTESIAN_POINT('',(94.029084766,-42.132296252,7.057459202));
#4128=VERTEX_POINT('',#4127);
#4129=CARTESIAN_POINT('',(94.029084766,-42.132296252,7.057459202));
#4130=DIRECTION('',(0.,-0.,1.));
#4131=VECTOR('',#4130,0.4);
#4132=LINE('',#4129,#4131);
#4133=EDGE_CURVE('',#4128,#2016,#4132,.T.);
#4134=ORIENTED_EDGE('',*,*,#4133,.F.);
#4135=CARTESIAN_POINT('',(94.029084766,-42.132296252,7.057459202));
#4136=DIRECTION('',(-0.,-1.,-0.));
#4137=VECTOR('',#4136,1.321740449);
#4138=LINE('',#4135,#4137);
#4139=EDGE_CURVE('',#4128,#4084,#4138,.T.);
#4140=ORIENTED_EDGE('',*,*,#4139,.T.);
#4141=ORIENTED_EDGE('',*,*,#4089,.T.);
#4142=EDGE_LOOP('',(#4126,#4134,#4140,#4141));
#4143=FACE_BOUND('',#4142,.T.);
#4144=ADVANCED_FACE('',(#4143),#4125,.T.);
#4145=CARTESIAN_POINT('',(92.081264579,-40.184468615,7.057459202));
#4146=CARTESIAN_POINT('',(92.081264579,-40.184468615,7.457459202));
#4147=CARTESIAN_POINT('',(93.37981137,-40.184468615,7.057459202));
#4148=CARTESIAN_POINT('',(93.37981137,-40.184468615,7.457459202));
#4149=CARTESIAN_POINT('',(94.029084766,-40.833745736,7.057459202));
#4150=CARTESIAN_POINT('',(94.029084766,-40.833745736,7.457459202));
#4151=CARTESIAN_POINT('',(94.029084766,-42.132296252,7.057459202));
#4152=CARTESIAN_POINT('',(94.029084766,-42.132296252,7.457459202));
#4153=B_SPLINE_SURFACE_WITH_KNOTS('',3,1,((#4145,#4146),(#4147,#4148),(#4149,#4150),(#4151,#4152)),.UNSPECIFIED.,.F.,.F.,.U.,(4,4),(2,2),(0.,1.),(0.,1.),.UNSPECIFIED.);
#4154=ORIENTED_EDGE('',*,*,#2040,.F.);
#4155=CARTESIAN_POINT('',(92.081264579,-40.184468615,7.057459202));
#4156=VERTEX_POINT('',#4155);
#4157=CARTESIAN_POINT('',(92.081264579,-40.184468615,7.057459202));
#4158=DIRECTION('',(-0.,-0.,1.));
#4159=VECTOR('',#4158,0.4);
#4160=LINE('',#4157,#4159);
#4161=EDGE_CURVE('',#4156,#2008,#4160,.T.);
#4162=ORIENTED_EDGE('',*,*,#4161,.F.);
#4163=CARTESIAN_POINT('',(92.081264579,-40.184468615,7.057459202));
#4164=CARTESIAN_POINT('',(92.345730774,-40.184468615,7.057459202));
#4165=CARTESIAN_POINT('',(92.606907009,-40.209497359,7.057459202));
#4166=CARTESIAN_POINT('',(92.86160823,-40.283785517,7.057459202));
#4167=CARTESIAN_POINT('',(92.98895884,-40.320929595,7.057459202));
#4168=CARTESIAN_POINT('',(93.111503184,-40.370088328,7.057459202));
#4169=CARTESIAN_POINT('',(93.226511493,-40.434248674,7.057459202));
#4170=CARTESIAN_POINT('',(93.341519802,-40.498409021,7.057459202));
#4171=CARTESIAN_POINT('',(93.449417085,-40.578741684,7.057459202));
#4172=CARTESIAN_POINT('',(93.541978677,-40.671274971,7.057459202));
#4173=CARTESIAN_POINT('',(93.588259474,-40.717541614,7.057459202));
#4174=CARTESIAN_POINT('',(93.631202163,-40.767065976,7.057459202));
#4175=CARTESIAN_POINT('',(93.670824069,-40.819831148,7.057459202));
#4176=CARTESIAN_POINT('',(93.710445976,-40.87259632,7.057459202));
#4177=CARTESIAN_POINT('',(93.746806419,-40.928842786,7.057459202));
#4178=CARTESIAN_POINT('',(93.77900892,-40.986513285,7.057459202));
#4179=CARTESIAN_POINT('',(93.843413921,-41.101854284,7.057459202));
#4180=CARTESIAN_POINT('',(93.89275294,-41.224976822,7.057459202));
#4181=CARTESIAN_POINT('',(93.929844129,-41.352209859,7.057459202));
#4182=CARTESIAN_POINT('',(94.004026507,-41.606675934,7.057459202));
#4183=CARTESIAN_POINT('',(94.029084766,-41.867790414,7.057459202));
#4184=CARTESIAN_POINT('',(94.029084766,-42.132296252,7.057459202));
#4185=B_SPLINE_CURVE_WITH_KNOTS('',3,(#4163,#4164,#4165,#4166,#4167,#4168,#4169,#4170,#4171,#4172,#4173,#4174,#4175,#4176,#4177,#4178,#4179,#4180,#4181,#4182,#4183,#4184),.UNSPECIFIED.,.F.,.F.,(4,3,3,3,3,3,3,4),(0.,0.000786632,0.001179948,0.001573264,0.001769922,0.00196658,0.002359895,0.003146527),.UNSPECIFIED.);
#4186=EDGE_CURVE('',#4156,#4128,#4185,.T.);
#4187=ORIENTED_EDGE('',*,*,#4186,.T.);
#4188=ORIENTED_EDGE('',*,*,#4133,.T.);
#4189=EDGE_LOOP('',(#4154,#4162,#4187,#4188));
#4190=FACE_BOUND('',#4189,.T.);
#4191=ADVANCED_FACE('',(#4190),#4153,.T.);
#4192=CARTESIAN_POINT('',(90.133436942,-40.184468615,7.057459202));
#4193=DIRECTION('',(0.,-1.,-0.));
#4194=DIRECTION('',(0.,0.,-1.));
#4195=AXIS2_PLACEMENT_3D('',#4192,#4193,#4194);
#4196=PLANE('',#4195);
#4197=ORIENTED_EDGE('',*,*,#2013,.F.);
#4198=CARTESIAN_POINT('',(88.185609305,-40.184468615,7.057459202));
#4199=VERTEX_POINT('',#4198);
#4200=CARTESIAN_POINT('',(88.185609305,-40.184468615,7.057459202));
#4201=DIRECTION('',(-0.,-0.,1.));
#4202=VECTOR('',#4201,0.4);
#4203=LINE('',#4200,#4202);
#4204=EDGE_CURVE('',#4199,#2000,#4203,.T.);
#4205=ORIENTED_EDGE('',*,*,#4204,.F.);
#4206=CARTESIAN_POINT('',(88.185609305,-40.184468615,7.057459202));
#4207=DIRECTION('',(1.,0.,-0.));
#4208=VECTOR('',#4207,3.895655274);
#4209=LINE('',#4206,#4208);
#4210=EDGE_CURVE('',#4199,#4156,#4209,.T.);
#4211=ORIENTED_EDGE('',*,*,#4210,.T.);
#4212=ORIENTED_EDGE('',*,*,#4161,.T.);
#4213=EDGE_LOOP('',(#4197,#4205,#4211,#4212));
#4214=FACE_BOUND('',#4213,.T.);
#4215=ADVANCED_FACE('',(#4214),#4196,.T.);
#4216=CARTESIAN_POINT('',(88.185609305,-44.184469271,7.057459202));
#4217=DIRECTION('',(1.,0.,0.));
#4218=DIRECTION('',(0.,0.,-1.));
#4219=AXIS2_PLACEMENT_3D('',#4216,#4217,#4218);
#4220=PLANE('',#4219);
#4221=CARTESIAN_POINT('',(88.185609305,-48.184469926,7.057459202));
#4222=VERTEX_POINT('',#4221);
#4223=CARTESIAN_POINT('',(88.185609305,-48.184469926,7.057459202));
#4224=DIRECTION('',(0.,1.,0.));
#4225=VECTOR('',#4224,8.000001311);
#4226=LINE('',#4223,#4225);
#4227=EDGE_CURVE('',#4222,#4199,#4226,.T.);
#4228=ORIENTED_EDGE('',*,*,#4227,.T.);
#4229=ORIENTED_EDGE('',*,*,#4204,.T.);
#4230=ORIENTED_EDGE('',*,*,#2005,.F.);
#4231=CARTESIAN_POINT('',(88.185609305,-48.184469926,7.057459202));
#4232=DIRECTION('',(0.,-0.,1.));
#4233=VECTOR('',#4232,0.4);
#4234=LINE('',#4231,#4233);
#4235=EDGE_CURVE('',#4222,#1998,#4234,.T.);
#4236=ORIENTED_EDGE('',*,*,#4235,.F.);
#4237=EDGE_LOOP('',(#4228,#4229,#4230,#4236));
#4238=FACE_BOUND('',#4237,.T.);
#4239=ADVANCED_FACE('',(#4238),#4220,.T.);
#4240=CARTESIAN_POINT('',(89.020394707,-48.184469926,7.057459202));
#4241=DIRECTION('',(0.,1.,0.));
#4242=DIRECTION('',(0.,-0.,1.));
#4243=AXIS2_PLACEMENT_3D('',#4240,#4241,#4242);
#4244=PLANE('',#4243);
#4245=ORIENTED_EDGE('',*,*,#2126,.F.);
#4246=CARTESIAN_POINT('',(89.855180109,-48.184469926,7.057459202));
#4247=VERTEX_POINT('',#4246);
#4248=CARTESIAN_POINT('',(89.855180109,-48.184469926,7.057459202));
#4249=DIRECTION('',(0.,-0.,1.));
#4250=VECTOR('',#4249,0.4);
#4251=LINE('',#4248,#4250);
#4252=EDGE_CURVE('',#4247,#2115,#4251,.T.);
#4253=ORIENTED_EDGE('',*,*,#4252,.F.);
#4254=CARTESIAN_POINT('',(89.855180109,-48.184469926,7.057459202));
#4255=DIRECTION('',(-1.,-0.,0.));
#4256=VECTOR('',#4255,1.669570804);
#4257=LINE('',#4254,#4256);
#4258=EDGE_CURVE('',#4247,#4222,#4257,.T.);
#4259=ORIENTED_EDGE('',*,*,#4258,.T.);
#4260=ORIENTED_EDGE('',*,*,#4235,.T.);
#4261=EDGE_LOOP('',(#4245,#4253,#4259,#4260));
#4262=FACE_BOUND('',#4261,.T.);
#4263=ADVANCED_FACE('',(#4262),#4244,.T.);
#4264=CARTESIAN_POINT('',(89.855180109,-46.793165269,7.057459202));
#4265=DIRECTION('',(-1.,0.,0.));
#4266=DIRECTION('',(0.,-0.,1.));
#4267=AXIS2_PLACEMENT_3D('',#4264,#4265,#4266);
#4268=PLANE('',#4267);
#4269=ORIENTED_EDGE('',*,*,#4252,.T.);
#4270=ORIENTED_EDGE('',*,*,#2120,.F.);
#4271=CARTESIAN_POINT('',(89.855180109,-45.401860612,7.057459202));
#4272=VERTEX_POINT('',#4271);
#4273=CARTESIAN_POINT('',(89.855180109,-45.401860612,7.057459202));
#4274=DIRECTION('',(0.,-0.,1.));
#4275=VECTOR('',#4274,0.4);
#4276=LINE('',#4273,#4275);
#4277=EDGE_CURVE('',#4272,#2107,#4276,.T.);
#4278=ORIENTED_EDGE('',*,*,#4277,.F.);
#4279=CARTESIAN_POINT('',(89.855180109,-45.401860612,7.057459202));
#4280=DIRECTION('',(-0.,-1.,-0.));
#4281=VECTOR('',#4280,2.782609314);
#4282=LINE('',#4279,#4281);
#4283=EDGE_CURVE('',#4272,#4247,#4282,.T.);
#4284=ORIENTED_EDGE('',*,*,#4283,.T.);
#4285=EDGE_LOOP('',(#4269,#4270,#4278,#4284));
#4286=FACE_BOUND('',#4285,.T.);
#4287=ADVANCED_FACE('',(#4286),#4268,.T.);
#4288=CARTESIAN_POINT('',(90.533436263,-45.401860612,7.057459202));
#4289=DIRECTION('',(0.,1.,0.));
#4290=DIRECTION('',(0.,-0.,1.));
#4291=AXIS2_PLACEMENT_3D('',#4288,#4289,#4290);
#4292=PLANE('',#4291);
#4293=ORIENTED_EDGE('',*,*,#2112,.F.);
#4294=CARTESIAN_POINT('',(91.211692417,-45.401860612,7.057459202));
#4295=VERTEX_POINT('',#4294);
#4296=CARTESIAN_POINT('',(91.211692417,-45.401860612,7.057459202));
#4297=DIRECTION('',(0.,-0.,1.));
#4298=VECTOR('',#4297,0.4);
#4299=LINE('',#4296,#4298);
#4300=EDGE_CURVE('',#4295,#2099,#4299,.T.);
#4301=ORIENTED_EDGE('',*,*,#4300,.F.);
#4302=CARTESIAN_POINT('',(91.211692417,-45.401860612,7.057459202));
#4303=DIRECTION('',(-1.,-0.,0.));
#4304=VECTOR('',#4303,1.356512308);
#4305=LINE('',#4302,#4304);
#4306=EDGE_CURVE('',#4295,#4272,#4305,.T.);
#4307=ORIENTED_EDGE('',*,*,#4306,.T.);
#4308=ORIENTED_EDGE('',*,*,#4277,.T.);
#4309=EDGE_LOOP('',(#4293,#4301,#4307,#4308));
#4310=FACE_BOUND('',#4309,.T.);
#4311=ADVANCED_FACE('',(#4310),#4292,.T.);
#4312=CARTESIAN_POINT('',(91.91893878,-46.793165269,7.057459202));
#4313=DIRECTION('',(0.891436038,0.453146543,0.));
#4314=DIRECTION('',(-0.453146543,0.891436038,0.));
#4315=AXIS2_PLACEMENT_3D('',#4312,#4313,#4314);
#4316=PLANE('',#4315);
#4317=CARTESIAN_POINT('',(92.626185143,-48.184469926,7.057459202));
#4318=VERTEX_POINT('',#4317);
#4319=CARTESIAN_POINT('',(92.626185143,-48.184469926,7.057459202));
#4320=DIRECTION('',(-0.453146543,0.891436038,0.));
#4321=VECTOR('',#4320,3.121490712);
#4322=LINE('',#4319,#4321);
#4323=EDGE_CURVE('',#4318,#4295,#4322,.T.);
#4324=ORIENTED_EDGE('',*,*,#4323,.T.);
#4325=ORIENTED_EDGE('',*,*,#4300,.T.);
#4326=ORIENTED_EDGE('',*,*,#2104,.F.);
#4327=CARTESIAN_POINT('',(92.626185143,-48.184469926,7.057459202));
#4328=DIRECTION('',(0.,-0.,1.));
#4329=VECTOR('',#4328,0.4);
#4330=LINE('',#4327,#4329);
#4331=EDGE_CURVE('',#4318,#2091,#4330,.T.);
#4332=ORIENTED_EDGE('',*,*,#4331,.F.);
#4333=EDGE_LOOP('',(#4324,#4325,#4326,#4332));
#4334=FACE_BOUND('',#4333,.T.);
#4335=ADVANCED_FACE('',(#4334),#4316,.T.);
#4336=CARTESIAN_POINT('',(93.34502461,-48.184469926,7.057459202));
#4337=DIRECTION('',(0.,1.,0.));
#4338=DIRECTION('',(0.,-0.,1.));
#4339=AXIS2_PLACEMENT_3D('',#4336,#4337,#4338);
#4340=PLANE('',#4339);
#4341=ORIENTED_EDGE('',*,*,#2096,.F.);
#4342=CARTESIAN_POINT('',(94.063864076,-48.184469926,7.057459202));
#4343=VERTEX_POINT('',#4342);
#4344=CARTESIAN_POINT('',(94.063864076,-48.184469926,7.057459202));
#4345=DIRECTION('',(0.,-0.,1.));
#4346=VECTOR('',#4345,0.4);
#4347=LINE('',#4344,#4346);
#4348=EDGE_CURVE('',#4343,#2083,#4347,.T.);
#4349=ORIENTED_EDGE('',*,*,#4348,.F.);
#4350=CARTESIAN_POINT('',(94.063864076,-48.184469926,7.057459202));
#4351=DIRECTION('',(-1.,-0.,0.));
#4352=VECTOR('',#4351,1.437678933);
#4353=LINE('',#4350,#4352);
#4354=EDGE_CURVE('',#4343,#4318,#4353,.T.);
#4355=ORIENTED_EDGE('',*,*,#4354,.T.);
#4356=ORIENTED_EDGE('',*,*,#4331,.T.);
#4357=EDGE_LOOP('',(#4341,#4349,#4355,#4356));
#4358=FACE_BOUND('',#4357,.T.);
#4359=ADVANCED_FACE('',(#4358),#4340,.T.);
#4360=CARTESIAN_POINT('',(94.162420356,-48.010556611,7.057459202));
#4361=DIRECTION('',(-0.870010595,0.493033026,0.));
#4362=DIRECTION('',(-0.493033026,-0.870010595,-0.));
#4363=AXIS2_PLACEMENT_3D('',#4360,#4361,#4362);
#4364=PLANE('',#4363);
#4365=ORIENTED_EDGE('',*,*,#2088,.F.);
#4366=CARTESIAN_POINT('',(94.260976637,-47.836643295,7.057459202));
#4367=VERTEX_POINT('',#4366);
#4368=CARTESIAN_POINT('',(94.260976637,-47.836643295,7.057459202));
#4369=DIRECTION('',(0.,-0.,1.));
#4370=VECTOR('',#4369,0.4);
#4371=LINE('',#4368,#4370);
#4372=EDGE_CURVE('',#4367,#2075,#4371,.T.);
#4373=ORIENTED_EDGE('',*,*,#4372,.F.);
#4374=CARTESIAN_POINT('',(94.260976637,-47.836643295,7.057459202));
#4375=DIRECTION('',(-0.493033026,-0.870010595,-0.));
#4376=VECTOR('',#4375,0.399795856);
#4377=LINE('',#4374,#4376);
#4378=EDGE_CURVE('',#4367,#4343,#4377,.T.);
#4379=ORIENTED_EDGE('',*,*,#4378,.T.);
#4380=ORIENTED_EDGE('',*,*,#4348,.T.);
#4381=EDGE_LOOP('',(#4365,#4373,#4379,#4380));
#4382=FACE_BOUND('',#4381,.T.);
#4383=ADVANCED_FACE('',(#4382),#4364,.T.);
#4384=CARTESIAN_POINT('',(92.359528863,-42.793164614,7.057459202));
#4385=DIRECTION('',(1.,0.,0.));
#4386=DIRECTION('',(0.,0.,-1.));
#4387=AXIS2_PLACEMENT_3D('',#4384,#4385,#4386);
#4388=PLANE('',#4387);
#4389=CARTESIAN_POINT('',(92.359528863,-43.546788978,7.457459202));
#4390=VERTEX_POINT('',#4389);
#4391=CARTESIAN_POINT('',(92.359528863,-42.039540249,7.457459202));
#4392=VERTEX_POINT('',#4391);
#4393=CARTESIAN_POINT('',(92.359528863,-43.546788978,7.457459202));
#4394=DIRECTION('',(0.,1.,0.));
#4395=VECTOR('',#4394,1.507248729);
#4396=LINE('',#4393,#4395);
#4397=EDGE_CURVE('',#4390,#4392,#4396,.T.);
#4398=ORIENTED_EDGE('',*,*,#4397,.F.);
#4399=CARTESIAN_POINT('',(92.359528863,-43.546788978,7.057459202));
#4400=VERTEX_POINT('',#4399);
#4401=CARTESIAN_POINT('',(92.359528863,-43.546788978,7.057459202));
#4402=DIRECTION('',(-0.,-0.,1.));
#4403=VECTOR('',#4402,0.4);
#4404=LINE('',#4401,#4403);
#4405=EDGE_CURVE('',#4400,#4390,#4404,.T.);
#4406=ORIENTED_EDGE('',*,*,#4405,.F.);
#4407=CARTESIAN_POINT('',(92.359528863,-42.039540249,7.057459202));
#4408=VERTEX_POINT('',#4407);
#4409=CARTESIAN_POINT('',(92.359528863,-43.546788978,7.057459202));
#4410=DIRECTION('',(0.,1.,0.));
#4411=VECTOR('',#4410,1.507248729);
#4412=LINE('',#4409,#4411);
#4413=EDGE_CURVE('',#4400,#4408,#4412,.T.);
#4414=ORIENTED_EDGE('',*,*,#4413,.T.);
#4415=CARTESIAN_POINT('',(92.359528863,-42.039540249,7.057459202));
#4416=DIRECTION('',(-0.,-0.,1.));
#4417=VECTOR('',#4416,0.4);
#4418=LINE('',#4415,#4417);
#4419=EDGE_CURVE('',#4408,#4392,#4418,.T.);
#4420=ORIENTED_EDGE('',*,*,#4419,.T.);
#4421=EDGE_LOOP('',(#4398,#4406,#4414,#4420));
#4422=FACE_BOUND('',#4421,.T.);
#4423=ADVANCED_FACE('',(#4422),#4388,.T.);
#4424=CARTESIAN_POINT('',(92.011691058,-43.894615608,7.057459202));
#4425=CARTESIAN_POINT('',(92.011691058,-43.894615608,7.457459202));
#4426=CARTESIAN_POINT('',(92.243582928,-43.894615608,7.057459202));
#4427=CARTESIAN_POINT('',(92.243582928,-43.894615608,7.457459202));
#4428=CARTESIAN_POINT('',(92.359528863,-43.778673398,7.057459202));
#4429=CARTESIAN_POINT('',(92.359528863,-43.778673398,7.457459202));
#4430=CARTESIAN_POINT('',(92.359528863,-43.546788978,7.057459202));
#4431=CARTESIAN_POINT('',(92.359528863,-43.546788978,7.457459202));
#4432=B_SPLINE_SURFACE_WITH_KNOTS('',3,1,((#4424,#4425),(#4426,#4427),(#4428,#4429),(#4430,#4431)),.UNSPECIFIED.,.F.,.F.,.U.,(4,4),(2,2),(0.,1.),(0.,1.),.UNSPECIFIED.);
#4433=CARTESIAN_POINT('',(92.011691058,-43.894615608,7.457459202));
#4434=VERTEX_POINT('',#4433);
#4435=CARTESIAN_POINT('',(92.011691058,-43.894615608,7.457459202));
#4436=CARTESIAN_POINT('',(92.058813689,-43.894615608,7.457459202));
#4437=CARTESIAN_POINT('',(92.105199618,-43.890130911,7.457459202));
#4438=CARTESIAN_POINT('',(92.150186456,-43.877129216,7.457459202));
#4439=CARTESIAN_POINT('',(92.195173294,-43.864127521,7.457459202));
#4440=CARTESIAN_POINT('',(92.238734904,-43.841323629,7.457459202));
#4441=CARTESIAN_POINT('',(92.272131234,-43.808096012,7.457459202));
#4442=CARTESIAN_POINT('',(92.305527565,-43.774868396,7.457459202));
#4443=CARTESIAN_POINT('',(92.328334677,-43.731936617,7.457459202));
#4444=CARTESIAN_POINT('',(92.341585677,-43.686845324,7.457459202));
#4445=CARTESIAN_POINT('',(92.354836676,-43.641754031,7.457459202));
#4446=CARTESIAN_POINT('',(92.359528863,-43.594146172,7.457459202));
#4447=CARTESIAN_POINT('',(92.359528863,-43.546788978,7.457459202));
#4448=B_SPLINE_CURVE_WITH_KNOTS('',3,(#4435,#4436,#4437,#4438,#4439,#4440,#4441,#4442,#4443,#4444,#4445,#4446,#4447),.UNSPECIFIED.,.F.,.F.,(4,3,3,3,4),(0.,0.000139498,0.000278997,0.000418495,0.000557993),.UNSPECIFIED.);
#4449=EDGE_CURVE('',#4434,#4390,#4448,.T.);
#4450=ORIENTED_EDGE('',*,*,#4449,.F.);
#4451=CARTESIAN_POINT('',(92.011691058,-43.894615608,7.057459202));
#4452=VERTEX_POINT('',#4451);
#4453=CARTESIAN_POINT('',(92.011691058,-43.894615608,7.057459202));
#4454=DIRECTION('',(-0.,-0.,1.));
#4455=VECTOR('',#4454,0.4);
#4456=LINE('',#4453,#4455);
#4457=EDGE_CURVE('',#4452,#4434,#4456,.T.);
#4458=ORIENTED_EDGE('',*,*,#4457,.F.);
#4459=CARTESIAN_POINT('',(92.011691058,-43.894615608,7.057459202));
#4460=CARTESIAN_POINT('',(92.058813689,-43.894615608,7.057459202));
#4461=CARTESIAN_POINT('',(92.105199618,-43.890130911,7.057459202));
#4462=CARTESIAN_POINT('',(92.150186456,-43.877129216,7.057459202));
#4463=CARTESIAN_POINT('',(92.195173294,-43.864127521,7.057459202));
#4464=CARTESIAN_POINT('',(92.238734904,-43.841323629,7.057459202));
#4465=CARTESIAN_POINT('',(92.272131234,-43.808096012,7.057459202));
#4466=CARTESIAN_POINT('',(92.305527565,-43.774868396,7.057459202));
#4467=CARTESIAN_POINT('',(92.328334677,-43.731936617,7.057459202));
#4468=CARTESIAN_POINT('',(92.341585677,-43.686845324,7.057459202));
#4469=CARTESIAN_POINT('',(92.354836676,-43.641754031,7.057459202));
#4470=CARTESIAN_POINT('',(92.359528863,-43.594146172,7.057459202));
#4471=CARTESIAN_POINT('',(92.359528863,-43.546788978,7.057459202));
#4472=B_SPLINE_CURVE_WITH_KNOTS('',3,(#4459,#4460,#4461,#4462,#4463,#4464,#4465,#4466,#4467,#4468,#4469,#4470,#4471),.UNSPECIFIED.,.F.,.F.,(4,3,3,3,4),(0.,0.000139498,0.000278997,0.000418495,0.000557993),.UNSPECIFIED.);
#4473=EDGE_CURVE('',#4452,#4400,#4472,.T.);
#4474=ORIENTED_EDGE('',*,*,#4473,.T.);
#4475=ORIENTED_EDGE('',*,*,#4405,.T.);
#4476=EDGE_LOOP('',(#4450,#4458,#4474,#4475));
#4477=FACE_BOUND('',#4476,.T.);
#4478=ADVANCED_FACE('',(#4477),#4432,.T.);
#4479=CARTESIAN_POINT('',(90.933435583,-43.894615608,7.057459202));
#4480=DIRECTION('',(0.,-1.,-0.));
#4481=DIRECTION('',(0.,0.,-1.));
#4482=AXIS2_PLACEMENT_3D('',#4479,#4480,#4481);
#4483=PLANE('',#4482);
#4484=CARTESIAN_POINT('',(89.855180109,-43.894615608,7.457459202));
#4485=VERTEX_POINT('',#4484);
#4486=CARTESIAN_POINT('',(89.855180109,-43.894615608,7.457459202));
#4487=DIRECTION('',(1.,0.,-0.));
#4488=VECTOR('',#4487,2.156510949);
#4489=LINE('',#4486,#4488);
#4490=EDGE_CURVE('',#4485,#4434,#4489,.T.);
#4491=ORIENTED_EDGE('',*,*,#4490,.F.);
#4492=CARTESIAN_POINT('',(89.855180109,-43.894615608,7.057459202));
#4493=VERTEX_POINT('',#4492);
#4494=CARTESIAN_POINT('',(89.855180109,-43.894615608,7.057459202));
#4495=DIRECTION('',(0.,-0.,1.));
#4496=VECTOR('',#4495,0.4);
#4497=LINE('',#4494,#4496);
#4498=EDGE_CURVE('',#4493,#4485,#4497,.T.);
#4499=ORIENTED_EDGE('',*,*,#4498,.F.);
#4500=CARTESIAN_POINT('',(89.855180109,-43.894615608,7.057459202));
#4501=DIRECTION('',(1.,0.,-0.));
#4502=VECTOR('',#4501,2.156510949);
#4503=LINE('',#4500,#4502);
#4504=EDGE_CURVE('',#4493,#4452,#4503,.T.);
#4505=ORIENTED_EDGE('',*,*,#4504,.T.);
#4506=ORIENTED_EDGE('',*,*,#4457,.T.);
#4507=EDGE_LOOP('',(#4491,#4499,#4505,#4506));
#4508=FACE_BOUND('',#4507,.T.);
#4509=ADVANCED_FACE('',(#4508),#4483,.T.);
#4510=CARTESIAN_POINT('',(89.855180109,-42.793166476,7.057459202));
#4511=DIRECTION('',(-1.,0.,0.));
#4512=DIRECTION('',(0.,-0.,1.));
#4513=AXIS2_PLACEMENT_3D('',#4510,#4511,#4512);
#4514=PLANE('',#4513);
#4515=CARTESIAN_POINT('',(89.855180109,-41.691717344,7.457459202));
#4516=VERTEX_POINT('',#4515);
#4517=CARTESIAN_POINT('',(89.855180109,-41.691717344,7.457459202));
#4518=DIRECTION('',(-0.,-1.,-0.));
#4519=VECTOR('',#4518,2.202898264);
#4520=LINE('',#4517,#4519);
#4521=EDGE_CURVE('',#4516,#4485,#4520,.T.);
#4522=ORIENTED_EDGE('',*,*,#4521,.F.);
#4523=CARTESIAN_POINT('',(89.855180109,-41.691717344,7.057459202));
#4524=VERTEX_POINT('',#4523);
#4525=CARTESIAN_POINT('',(89.855180109,-41.691717344,7.057459202));
#4526=DIRECTION('',(0.,-0.,1.));
#4527=VECTOR('',#4526,0.4);
#4528=LINE('',#4525,#4527);
#4529=EDGE_CURVE('',#4524,#4516,#4528,.T.);
#4530=ORIENTED_EDGE('',*,*,#4529,.F.);
#4531=CARTESIAN_POINT('',(89.855180109,-41.691717344,7.057459202));
#4532=DIRECTION('',(-0.,-1.,-0.));
#4533=VECTOR('',#4532,2.202898264);
#4534=LINE('',#4531,#4533);
#4535=EDGE_CURVE('',#4524,#4493,#4534,.T.);
#4536=ORIENTED_EDGE('',*,*,#4535,.T.);
#4537=ORIENTED_EDGE('',*,*,#4498,.T.);
#4538=EDGE_LOOP('',(#4522,#4530,#4536,#4537));
#4539=FACE_BOUND('',#4538,.T.);
#4540=ADVANCED_FACE('',(#4539),#4514,.T.);
#4541=CARTESIAN_POINT('',(90.933435583,-41.691717344,7.057459202));
#4542=DIRECTION('',(0.,1.,0.));
#4543=DIRECTION('',(0.,-0.,1.));
#4544=AXIS2_PLACEMENT_3D('',#4541,#4542,#4543);
#4545=PLANE('',#4544);
#4546=CARTESIAN_POINT('',(92.011691058,-41.691717344,7.457459202));
#4547=VERTEX_POINT('',#4546);
#4548=CARTESIAN_POINT('',(92.011691058,-41.691717344,7.457459202));
#4549=DIRECTION('',(-1.,-0.,0.));
#4550=VECTOR('',#4549,2.156510949);
#4551=LINE('',#4548,#4550);
#4552=EDGE_CURVE('',#4547,#4516,#4551,.T.);
#4553=ORIENTED_EDGE('',*,*,#4552,.F.);
#4554=CARTESIAN_POINT('',(92.011691058,-41.691717344,7.057459202));
#4555=VERTEX_POINT('',#4554);
#4556=CARTESIAN_POINT('',(92.011691058,-41.691717344,7.057459202));
#4557=DIRECTION('',(0.,-0.,1.));
#4558=VECTOR('',#4557,0.4);
#4559=LINE('',#4556,#4558);
#4560=EDGE_CURVE('',#4555,#4547,#4559,.T.);
#4561=ORIENTED_EDGE('',*,*,#4560,.F.);
#4562=CARTESIAN_POINT('',(92.011691058,-41.691717344,7.057459202));
#4563=DIRECTION('',(-1.,-0.,0.));
#4564=VECTOR('',#4563,2.156510949);
#4565=LINE('',#4562,#4564);
#4566=EDGE_CURVE('',#4555,#4524,#4565,.T.);
#4567=ORIENTED_EDGE('',*,*,#4566,.T.);
#4568=ORIENTED_EDGE('',*,*,#4529,.T.);
#4569=EDGE_LOOP('',(#4553,#4561,#4567,#4568));
#4570=FACE_BOUND('',#4569,.T.);
#4571=ADVANCED_FACE('',(#4570),#4545,.T.);
#4572=CARTESIAN_POINT('',(92.359528863,-42.039540249,7.057459202));
#4573=CARTESIAN_POINT('',(92.359528863,-42.039540249,7.457459202));
#4574=CARTESIAN_POINT('',(92.359528863,-41.807659554,7.057459202));
#4575=CARTESIAN_POINT('',(92.359528863,-41.807659554,7.457459202));
#4576=CARTESIAN_POINT('',(92.243582928,-41.691717344,7.057459202));
#4577=CARTESIAN_POINT('',(92.243582928,-41.691717344,7.457459202));
#4578=CARTESIAN_POINT('',(92.011691058,-41.691717344,7.057459202));
#4579=CARTESIAN_POINT('',(92.011691058,-41.691717344,7.457459202));
#4580=B_SPLINE_SURFACE_WITH_KNOTS('',3,1,((#4572,#4573),(#4574,#4575),(#4576,#4577),(#4578,#4579)),.UNSPECIFIED.,.F.,.F.,.U.,(4,4),(2,2),(0.,1.),(0.,1.),.UNSPECIFIED.);
#4581=CARTESIAN_POINT('',(92.359528863,-42.039540249,7.457459202));
#4582=CARTESIAN_POINT('',(92.359528863,-41.992639658,7.457459202));
#4583=CARTESIAN_POINT('',(92.354926478,-41.945098655,7.457459202));
#4584=CARTESIAN_POINT('',(92.341717852,-41.899936742,7.457459202));
#4585=CARTESIAN_POINT('',(92.328509226,-41.854774828,7.457459202));
#4586=CARTESIAN_POINT('',(92.305740267,-41.811760462,7.457459202));
#4587=CARTESIAN_POINT('',(92.272353161,-41.778457562,7.457459202));
#4588=CARTESIAN_POINT('',(92.238966056,-41.745154663,7.457459202));
#4589=CARTESIAN_POINT('',(92.195369552,-41.722281371,7.457459202));
#4590=CARTESIAN_POINT('',(92.150335915,-41.709246923,7.457459202));
#4591=CARTESIAN_POINT('',(92.105302278,-41.696212475,7.457459202));
#4592=CARTESIAN_POINT('',(92.058865878,-41.691717344,7.457459202));
#4593=CARTESIAN_POINT('',(92.011691058,-41.691717344,7.457459202));
#4594=B_SPLINE_CURVE_WITH_KNOTS('',3,(#4581,#4582,#4583,#4584,#4585,#4586,#4587,#4588,#4589,#4590,#4591,#4592,#4593),.UNSPECIFIED.,.F.,.F.,(4,3,3,3,4),(0.002782702,0.002924227,0.003065751,0.003207276,0.0033488),.UNSPECIFIED.);
#4595=EDGE_CURVE('',#4392,#4547,#4594,.T.);
#4596=ORIENTED_EDGE('',*,*,#4595,.F.);
#4597=ORIENTED_EDGE('',*,*,#4419,.F.);
#4598=CARTESIAN_POINT('',(92.359528863,-42.039540249,7.057459202));
#4599=CARTESIAN_POINT('',(92.359528863,-41.992417822,7.057459202));
#4600=CARTESIAN_POINT('',(92.355042253,-41.946032383,7.057459202));
#4601=CARTESIAN_POINT('',(92.342040296,-41.901045703,7.057459202));
#4602=CARTESIAN_POINT('',(92.32903834,-41.856059024,7.057459202));
#4603=CARTESIAN_POINT('',(92.306230051,-41.812499268,7.057459202));
#4604=CARTESIAN_POINT('',(92.2730006,-41.779105778,7.057459202));
#4605=CARTESIAN_POINT('',(92.239771149,-41.745712288,7.057459202));
#4606=CARTESIAN_POINT('',(92.196838248,-41.722908111,7.057459202));
#4607=CARTESIAN_POINT('',(92.151746762,-41.709658399,7.057459202));
#4608=CARTESIAN_POINT('',(92.106655276,-41.696408687,7.057459202));
#4609=CARTESIAN_POINT('',(92.059047885,-41.691717344,7.057459202));
#4610=CARTESIAN_POINT('',(92.011691058,-41.691717344,7.057459202));
#4611=B_SPLINE_CURVE_WITH_KNOTS('',3,(#4598,#4599,#4600,#4601,#4602,#4603,#4604,#4605,#4606,#4607,#4608,#4609,#4610),.UNSPECIFIED.,.F.,.F.,(4,3,3,3,4),(0.,0.000139498,0.000278996,0.000418493,0.000557991),.UNSPECIFIED.);
#4612=EDGE_CURVE('',#4408,#4555,#4611,.T.);
#4613=ORIENTED_EDGE('',*,*,#4612,.T.);
#4614=ORIENTED_EDGE('',*,*,#4560,.T.);
#4615=EDGE_LOOP('',(#4596,#4597,#4613,#4614));
#4616=FACE_BOUND('',#4615,.T.);
#4617=ADVANCED_FACE('',(#4616),#4580,.T.);
#4618=CARTESIAN_POINT('',(93.605899239,-46.549687746,7.057459202));
#4619=DIRECTION('',(-0.891191104,-0.45362806,-0.));
#4620=DIRECTION('',(0.45362806,-0.891191104,-0.));
#4621=AXIS2_PLACEMENT_3D('',#4618,#4619,#4620);
#4622=PLANE('',#4621);
#4623=ORIENTED_EDGE('',*,*,#4372,.T.);
#4624=ORIENTED_EDGE('',*,*,#2080,.F.);
#4625=ORIENTED_EDGE('',*,*,#4116,.F.);
#4626=CARTESIAN_POINT('',(92.950821841,-45.262732196,7.057459202));
#4627=DIRECTION('',(0.45362806,-0.891191104,-0.));
#4628=VECTOR('',#4627,2.888169651);
#4629=LINE('',#4626,#4628);
#4630=EDGE_CURVE('',#4092,#4367,#4629,.T.);
#4631=ORIENTED_EDGE('',*,*,#4630,.T.);
#4632=EDGE_LOOP('',(#4623,#4624,#4625,#4631));
#4633=FACE_BOUND('',#4632,.T.);
#4634=ADVANCED_FACE('',(#4633),#4622,.T.);
#4635=CARTESIAN_POINT('',(-185.193920374,-44.120293471,7.057459202));
#4636=DIRECTION('',(0.,-0.,1.));
#4637=DIRECTION('',(1.,0.,0.));
#4638=AXIS2_PLACEMENT_3D('',#4635,#4636,#4637);
#4639=PLANE('',#4638);
#4640=ORIENTED_EDGE('',*,*,#4378,.F.);
#4641=ORIENTED_EDGE('',*,*,#4630,.F.);
#4642=ORIENTED_EDGE('',*,*,#4110,.F.);
#4643=ORIENTED_EDGE('',*,*,#4139,.F.);
#4644=ORIENTED_EDGE('',*,*,#4186,.F.);
#4645=ORIENTED_EDGE('',*,*,#4210,.F.);
#4646=ORIENTED_EDGE('',*,*,#4227,.F.);
#4647=ORIENTED_EDGE('',*,*,#4258,.F.);
#4648=ORIENTED_EDGE('',*,*,#4283,.F.);
#4649=ORIENTED_EDGE('',*,*,#4306,.F.);
#4650=ORIENTED_EDGE('',*,*,#4323,.F.);
#4651=ORIENTED_EDGE('',*,*,#4354,.F.);
#4652=EDGE_LOOP('',(#4640,#4641,#4642,#4643,#4644,#4645,#4646,#4647,#4648,#4649,#4650,#4651));
#4653=FACE_BOUND('',#4652,.T.);
#4654=ORIENTED_EDGE('',*,*,#4413,.F.);
#4655=ORIENTED_EDGE('',*,*,#4473,.F.);
#4656=ORIENTED_EDGE('',*,*,#4504,.F.);
#4657=ORIENTED_EDGE('',*,*,#4535,.F.);
#4658=ORIENTED_EDGE('',*,*,#4566,.F.);
#4659=ORIENTED_EDGE('',*,*,#4612,.F.);
#4660=EDGE_LOOP('',(#4654,#4655,#4656,#4657,#4658,#4659));
#4661=FACE_BOUND('',#4660,.T.);
#4662=ADVANCED_FACE('',(#4653,#4661),#4639,.T.);
#4663=CARTESIAN_POINT('',(-47.,-1.723388779,7.457459202));
#4664=DIRECTION('',(0.,-0.,1.));
#4665=DIRECTION('',(1.,0.,0.));
#4666=AXIS2_PLACEMENT_3D('',#4663,#4664,#4665);
#4667=PLANE('',#4666);
#4668=ORIENTED_EDGE('',*,*,#4449,.T.);
#4669=ORIENTED_EDGE('',*,*,#4397,.T.);
#4670=ORIENTED_EDGE('',*,*,#4595,.T.);
#4671=ORIENTED_EDGE('',*,*,#4552,.T.);
#4672=ORIENTED_EDGE('',*,*,#4521,.T.);
#4673=ORIENTED_EDGE('',*,*,#4490,.T.);
#4674=EDGE_LOOP('',(#4668,#4669,#4670,#4671,#4672,#4673));
#4675=FACE_BOUND('',#4674,.T.);
#4676=ADVANCED_FACE('',(#4675),#4667,.T.);
#4677=CARTESIAN_POINT('',(131.469906052,-50.867438779,16.357459202));
#4678=DIRECTION('',(0.,-0.,1.));
#4679=DIRECTION('',(1.,0.,0.));
#4680=AXIS2_PLACEMENT_3D('',#4677,#4678,#4679);
#4681=PLANE('',#4680);
#4682=CARTESIAN_POINT('',(125.469906052,-56.067438779,16.357459202));
#4683=VERTEX_POINT('',#4682);
#4684=CARTESIAN_POINT('',(125.469906052,-50.267438779,16.357459202));
#4685=VERTEX_POINT('',#4684);
#4686=CARTESIAN_POINT('',(125.469906052,-56.067438779,16.357459202));
#4687=DIRECTION('',(-0.,1.,0.));
#4688=VECTOR('',#4687,5.8);
#4689=LINE('',#4686,#4688);
#4690=EDGE_CURVE('',#4683,#4685,#4689,.T.);
#4691=ORIENTED_EDGE('',*,*,#4690,.T.);
#4692=CARTESIAN_POINT('',(137.469906052,-50.267438779,16.357459202));
#4693=VERTEX_POINT('',#4692);
#4694=CARTESIAN_POINT('',(125.469906052,-50.267438779,16.357459202));
#4695=DIRECTION('',(1.,0.,-0.));
#4696=VECTOR('',#4695,12.);
#4697=LINE('',#4694,#4696);
#4698=EDGE_CURVE('',#4685,#4693,#4697,.T.);
#4699=ORIENTED_EDGE('',*,*,#4698,.T.);
#4700=CARTESIAN_POINT('',(137.469906052,-56.067438779,16.357459202));
#4701=VERTEX_POINT('',#4700);
#4702=CARTESIAN_POINT('',(137.469906052,-50.267438779,16.357459202));
#4703=DIRECTION('',(0.,-1.,-0.));
#4704=VECTOR('',#4703,5.8);
#4705=LINE('',#4702,#4704);
#4706=EDGE_CURVE('',#4693,#4701,#4705,.T.);
#4707=ORIENTED_EDGE('',*,*,#4706,.T.);
#4708=CARTESIAN_POINT('',(137.469906052,-56.067438779,16.357459202));
#4709=DIRECTION('',(-1.,0.,0.));
#4710=VECTOR('',#4709,12.);
#4711=LINE('',#4708,#4710);
#4712=EDGE_CURVE('',#4701,#4683,#4711,.T.);
#4713=ORIENTED_EDGE('',*,*,#4712,.T.);
#4714=EDGE_LOOP('',(#4691,#4699,#4707,#4713));
#4715=FACE_BOUND('',#4714,.T.);
#4716=ADVANCED_FACE('',(#4715),#4681,.F.);
#4717=CARTESIAN_POINT('',(83.660610588,-2.923388779,17.357459202));
#4718=DIRECTION('',(-0.707106781,-0.,0.707106781));
#4719=DIRECTION('',(-0.,1.,0.));
#4720=AXIS2_PLACEMENT_3D('',#4717,#4718,#4719);
#4721=PLANE('',#4720);
#4722=ORIENTED_EDGE('',*,*,#3325,.F.);
#4723=ORIENTED_EDGE('',*,*,#2967,.T.);
#4724=ORIENTED_EDGE('',*,*,#3162,.F.);
#4725=CARTESIAN_POINT('',(83.160610588,-55.067438779,16.857459202));
#4726=DIRECTION('',(0.707106781,-0.,0.707106781));
#4727=VECTOR('',#4726,0.707106781);
#4728=LINE('',#4725,#4727);
#4729=EDGE_CURVE('',#3320,#3151,#4728,.T.);
#4730=ORIENTED_EDGE('',*,*,#4729,.F.);
#4731=EDGE_LOOP('',(#4722,#4723,#4724,#4730));
#4732=FACE_BOUND('',#4731,.T.);
#4733=ADVANCED_FACE('',(#4732),#4721,.T.);
#4734=CARTESIAN_POINT('',(145.619799365,-104.411488779,5.457459202));
#4735=DIRECTION('',(0.707106781,0.,-0.707106781));
#4736=DIRECTION('',(-0.,1.,0.));
#4737=AXIS2_PLACEMENT_3D('',#4734,#4735,#4736);
#4738=PLANE('',#4737);
#4739=ORIENTED_EDGE('',*,*,#3801,.F.);
#4740=ORIENTED_EDGE('',*,*,#159,.F.);
#4741=CARTESIAN_POINT('',(146.119799365,48.420661221,5.957459202));
#4742=CARTESIAN_POINT('',(145.619799365,48.420661222,5.457459202));
#4743=B_SPLINE_CURVE_WITH_KNOTS('',1,(#4741,#4742),.UNSPECIFIED.,.F.,.F.,(2,2),(0.,1.),.UNSPECIFIED.);
#4744=EDGE_CURVE('',#3384,#145,#4743,.T.);
#4745=ORIENTED_EDGE('',*,*,#4744,.F.);
#4746=ORIENTED_EDGE('',*,*,#3413,.F.);
#4747=EDGE_LOOP('',(#4739,#4740,#4745,#4746));
#4748=FACE_BOUND('',#4747,.T.);
#4749=ADVANCED_FACE('',(#4748),#4738,.T.);
#4750=CARTESIAN_POINT('',(141.119799365,48.420661221,5.957459202));
#4751=DIRECTION('',(0.,-0.,1.));
#4752=DIRECTION('',(1.,0.,0.));
#4753=AXIS2_PLACEMENT_3D('',#4750,#4751,#4752);
#4754=CONICAL_SURFACE('',#4753,5.,44.999999949);
#4755=ORIENTED_EDGE('',*,*,#4744,.T.);
#4756=ORIENTED_EDGE('',*,*,#151,.F.);
#4757=CARTESIAN_POINT('',(141.119799365,53.420661221,5.957459202));
#4758=DIRECTION('',(0.,-0.707106781,-0.707106781));
#4759=VECTOR('',#4758,0.707106782);
#4760=LINE('',#4757,#4759);
#4761=EDGE_CURVE('',#739,#137,#4760,.T.);
#4762=ORIENTED_EDGE('',*,*,#4761,.F.);
#4763=ORIENTED_EDGE('',*,*,#3787,.F.);
#4764=EDGE_LOOP('',(#4755,#4756,#4762,#4763));
#4765=FACE_BOUND('',#4764,.T.);
#4766=ADVANCED_FACE('',(#4765),#4754,.T.);
#4767=CARTESIAN_POINT('',(0.132499365,53.420661221,5.957459202));
#4768=DIRECTION('',(0.,0.707106781,-0.707106781));
#4769=DIRECTION('',(1.,0.,0.));
#4770=AXIS2_PLACEMENT_3D('',#4767,#4768,#4769);
#4771=PLANE('',#4770);
#4772=ORIENTED_EDGE('',*,*,#3308,.T.);
#4773=ORIENTED_EDGE('',*,*,#752,.F.);
#4774=ORIENTED_EDGE('',*,*,#4761,.T.);
#4775=ORIENTED_EDGE('',*,*,#142,.F.);
#4776=EDGE_LOOP('',(#4772,#4773,#4774,#4775));
#4777=FACE_BOUND('',#4776,.T.);
#4778=ADVANCED_FACE('',(#4777),#4771,.T.);
#4779=CARTESIAN_POINT('',(83.660610588,-1.723388779,17.357459202));
#4780=DIRECTION('',(-0.707106781,-0.,0.707106781));
#4781=DIRECTION('',(-0.,1.,0.));
#4782=AXIS2_PLACEMENT_3D('',#4779,#4780,#4781);
#4783=PLANE('',#4782);
#4784=ORIENTED_EDGE('',*,*,#3242,.F.);
#4785=CARTESIAN_POINT('',(83.160610588,46.420661221,16.857459202));
#4786=DIRECTION('',(0.577350269,0.577350269,0.577350269));
#4787=VECTOR('',#4786,0.866025404);
#4788=LINE('',#4785,#4787);
#4789=EDGE_CURVE('',#2455,#2781,#4788,.T.);
#4790=ORIENTED_EDGE('',*,*,#4789,.T.);
#4791=ORIENTED_EDGE('',*,*,#2874,.F.);
#4792=CARTESIAN_POINT('',(83.160610588,48.420661221,16.857459202));
#4793=DIRECTION('',(0.707106781,-0.,0.707106781));
#4794=VECTOR('',#4793,0.707106781);
#4795=LINE('',#4792,#4794);
#4796=EDGE_CURVE('',#3237,#2863,#4795,.T.);
#4797=ORIENTED_EDGE('',*,*,#4796,.F.);
#4798=EDGE_LOOP('',(#4784,#4790,#4791,#4797));
#4799=FACE_BOUND('',#4798,.T.);
#4800=ADVANCED_FACE('',(#4799),#4783,.T.);
#4801=CARTESIAN_POINT('',(87.060610588,47.820661221,10.157459202));
#4802=DIRECTION('',(0.,1.,0.));
#4803=DIRECTION('',(0.,-0.,1.));
#4804=AXIS2_PLACEMENT_3D('',#4801,#4802,#4803);
#4805=PLANE('',#4804);
#4806=CARTESIAN_POINT('',(87.210610588,47.820661221,5.457459202));
#4807=DIRECTION('',(0.,-0.,1.));
#4808=VECTOR('',#4807,11.9);
#4809=LINE('',#4806,#4808);
#4810=EDGE_CURVE('',#95,#2839,#4809,.T.);
#4811=ORIENTED_EDGE('',*,*,#4810,.F.);
#4812=ORIENTED_EDGE('',*,*,#302,.T.);
#4813=CARTESIAN_POINT('',(84.910610588,47.820661221,17.357459202));
#4814=DIRECTION('',(-0.,0.,-1.));
#4815=VECTOR('',#4814,11.9);
#4816=LINE('',#4813,#4815);
#4817=EDGE_CURVE('',#2847,#291,#4816,.T.);
#4818=ORIENTED_EDGE('',*,*,#4817,.F.);
#4819=ORIENTED_EDGE('',*,*,#2852,.T.);
#4820=EDGE_LOOP('',(#4811,#4812,#4818,#4819));
#4821=FACE_BOUND('',#4820,.T.);
#4822=ADVANCED_FACE('',(#4821),#4805,.T.);
#4823=CARTESIAN_POINT('',(87.060610588,52.020661221,10.157459202));
#4824=DIRECTION('',(0.,1.,0.));
#4825=DIRECTION('',(0.,-0.,1.));
#4826=AXIS2_PLACEMENT_3D('',#4823,#4824,#4825);
#4827=PLANE('',#4826);
#4828=ORIENTED_EDGE('',*,*,#110,.F.);
#4829=CARTESIAN_POINT('',(87.210610588,52.020661221,5.457459202));
#4830=DIRECTION('',(0.,-0.,1.));
#4831=VECTOR('',#4830,11.9);
#4832=LINE('',#4829,#4831);
#4833=EDGE_CURVE('',#97,#2831,#4832,.T.);
#4834=ORIENTED_EDGE('',*,*,#4833,.T.);
#4835=ORIENTED_EDGE('',*,*,#2836,.T.);
#4836=CARTESIAN_POINT('',(84.910610588,52.020661221,17.357459202));
#4837=DIRECTION('',(-0.,0.,-1.));
#4838=VECTOR('',#4837,11.9);
#4839=LINE('',#4836,#4838);
#4840=EDGE_CURVE('',#2823,#105,#4839,.T.);
#4841=ORIENTED_EDGE('',*,*,#4840,.T.);
#4842=EDGE_LOOP('',(#4828,#4834,#4835,#4841));
#4843=FACE_BOUND('',#4842,.T.);
#4844=ADVANCED_FACE('',(#4843),#4827,.F.);
#4845=CARTESIAN_POINT('',(87.210610588,-1.299702125,-0.225360581));
#4846=DIRECTION('',(-1.,0.,0.));
#4847=DIRECTION('',(0.,-1.,-0.));
#4848=AXIS2_PLACEMENT_3D('',#4845,#4846,#4847);
#4849=PLANE('',#4848);
#4850=ORIENTED_EDGE('',*,*,#4833,.F.);
#4851=ORIENTED_EDGE('',*,*,#102,.F.);
#4852=ORIENTED_EDGE('',*,*,#4810,.T.);
#4853=ORIENTED_EDGE('',*,*,#2844,.F.);
#4854=EDGE_LOOP('',(#4850,#4851,#4852,#4853));
#4855=FACE_BOUND('',#4854,.T.);
#4856=ADVANCED_FACE('',(#4855),#4849,.T.);
#4857=CARTESIAN_POINT('',(84.910610588,51.320661221,10.407459202));
#4858=DIRECTION('',(1.,0.,0.));
#4859=DIRECTION('',(0.,0.,-1.));
#4860=AXIS2_PLACEMENT_3D('',#4857,#4858,#4859);
#4861=PLANE('',#4860);
#4862=ORIENTED_EDGE('',*,*,#4840,.F.);
#4863=ORIENTED_EDGE('',*,*,#2828,.F.);
#4864=CARTESIAN_POINT('',(84.910610588,51.420661221,17.357459202));
#4865=DIRECTION('',(0.,0.,-1.));
#4866=VECTOR('',#4865,11.9);
#4867=LINE('',#4864,#4866);
#4868=EDGE_CURVE('',#2815,#113,#4867,.T.);
#4869=ORIENTED_EDGE('',*,*,#4868,.T.);
#4870=ORIENTED_EDGE('',*,*,#118,.T.);
#4871=EDGE_LOOP('',(#4862,#4863,#4869,#4870));
#4872=FACE_BOUND('',#4871,.T.);
#4873=ADVANCED_FACE('',(#4872),#4861,.T.);
#4874=CARTESIAN_POINT('',(-0.1,51.420661221,-0.225360581));
#4875=DIRECTION('',(0.,-1.,-0.));
#4876=DIRECTION('',(0.,0.,-1.));
#4877=AXIS2_PLACEMENT_3D('',#4874,#4875,#4876);
#4878=PLANE('',#4877);
#4879=ORIENTED_EDGE('',*,*,#126,.F.);
#4880=ORIENTED_EDGE('',*,*,#4868,.F.);
#4881=ORIENTED_EDGE('',*,*,#2820,.T.);
#4882=ORIENTED_EDGE('',*,*,#3285,.F.);
#4883=ORIENTED_EDGE('',*,*,#3300,.T.);
#4884=EDGE_LOOP('',(#4879,#4880,#4881,#4882,#4883));
#4885=FACE_BOUND('',#4884,.T.);
#4886=ADVANCED_FACE('',(#4885),#4878,.T.);
#4887=CARTESIAN_POINT('',(84.910610588,48.520661221,10.407459202));
#4888=DIRECTION('',(-1.,0.,0.));
#4889=DIRECTION('',(0.,-0.,1.));
#4890=AXIS2_PLACEMENT_3D('',#4887,#4888,#4889);
#4891=PLANE('',#4890);
#4892=ORIENTED_EDGE('',*,*,#4817,.T.);
#4893=ORIENTED_EDGE('',*,*,#296,.F.);
#4894=CARTESIAN_POINT('',(84.910610588,48.420661221,17.357459202));
#4895=DIRECTION('',(-0.,0.,-1.));
#4896=VECTOR('',#4895,11.9);
#4897=LINE('',#4894,#4896);
#4898=EDGE_CURVE('',#2855,#283,#4897,.T.);
#4899=ORIENTED_EDGE('',*,*,#4898,.F.);
#4900=ORIENTED_EDGE('',*,*,#2860,.T.);
#4901=EDGE_LOOP('',(#4892,#4893,#4899,#4900));
#4902=FACE_BOUND('',#4901,.T.);
#4903=ADVANCED_FACE('',(#4902),#4891,.F.);
#4904=CARTESIAN_POINT('',(-0.1,48.420661221,-0.225360581));
#4905=DIRECTION('',(0.,1.,0.));
#4906=DIRECTION('',(0.,-0.,1.));
#4907=AXIS2_PLACEMENT_3D('',#4904,#4905,#4906);
#4908=PLANE('',#4907);
#4909=ORIENTED_EDGE('',*,*,#288,.T.);
#4910=ORIENTED_EDGE('',*,*,#3248,.F.);
#4911=ORIENTED_EDGE('',*,*,#4796,.T.);
#4912=ORIENTED_EDGE('',*,*,#2868,.T.);
#4913=ORIENTED_EDGE('',*,*,#4898,.T.);
#4914=EDGE_LOOP('',(#4909,#4910,#4911,#4912,#4913));
#4915=FACE_BOUND('',#4914,.T.);
#4916=ADVANCED_FACE('',(#4915),#4908,.T.);
#4917=CARTESIAN_POINT('',(87.060610588,-55.667438779,10.157459202));
#4918=DIRECTION('',(0.,1.,0.));
#4919=DIRECTION('',(0.,-0.,1.));
#4920=AXIS2_PLACEMENT_3D('',#4917,#4918,#4919);
#4921=PLANE('',#4920);
#4922=ORIENTED_EDGE('',*,*,#3140,.T.);
#4923=CARTESIAN_POINT('',(89.210610588,-55.667438779,11.357459202));
#4924=VERTEX_POINT('',#4923);
#4925=CARTESIAN_POINT('',(89.210610588,-55.667438779,17.357459202));
#4926=DIRECTION('',(-0.,0.,-1.));
#4927=VECTOR('',#4926,6.);
#4928=LINE('',#4925,#4927);
#4929=EDGE_CURVE('',#3127,#4924,#4928,.T.);
#4930=ORIENTED_EDGE('',*,*,#4929,.T.);
#4931=CARTESIAN_POINT('',(89.210610588,-55.667438779,11.357459202));
#4932=DIRECTION('',(-0.707106781,0.,-0.707106781));
#4933=VECTOR('',#4932,2.828427125);
#4934=LINE('',#4931,#4933);
#4935=EDGE_CURVE('',#4924,#3056,#4934,.T.);
#4936=ORIENTED_EDGE('',*,*,#4935,.T.);
#4937=ORIENTED_EDGE('',*,*,#3061,.T.);
#4938=ORIENTED_EDGE('',*,*,#240,.T.);
#4939=CARTESIAN_POINT('',(84.910610588,-55.667438779,17.357459202));
#4940=DIRECTION('',(-0.,0.,-1.));
#4941=VECTOR('',#4940,11.9);
#4942=LINE('',#4939,#4941);
#4943=EDGE_CURVE('',#3135,#227,#4942,.T.);
#4944=ORIENTED_EDGE('',*,*,#4943,.F.);
#4945=EDGE_LOOP('',(#4922,#4930,#4936,#4937,#4938,#4944));
#4946=FACE_BOUND('',#4945,.T.);
#4947=ADVANCED_FACE('',(#4946),#4921,.T.);
#4948=CARTESIAN_POINT('',(87.060610588,-51.467438779,10.157459202));
#4949=DIRECTION('',(0.,1.,0.));
#4950=DIRECTION('',(0.,-0.,1.));
#4951=AXIS2_PLACEMENT_3D('',#4948,#4949,#4950);
#4952=PLANE('',#4951);
#4953=ORIENTED_EDGE('',*,*,#3075,.F.);
#4954=CARTESIAN_POINT('',(89.210610588,-51.467438779,11.357459202));
#4955=VERTEX_POINT('',#4954);
#4956=CARTESIAN_POINT('',(87.210610588,-51.467438779,9.357459202));
#4957=DIRECTION('',(0.707106781,0.,0.707106781));
#4958=VECTOR('',#4957,2.828427125);
#4959=LINE('',#4956,#4958);
#4960=EDGE_CURVE('',#3064,#4955,#4959,.T.);
#4961=ORIENTED_EDGE('',*,*,#4960,.T.);
#4962=CARTESIAN_POINT('',(89.210610588,-51.467438779,17.357459202));
#4963=DIRECTION('',(-0.,0.,-1.));
#4964=VECTOR('',#4963,6.);
#4965=LINE('',#4962,#4964);
#4966=EDGE_CURVE('',#3119,#4955,#4965,.T.);
#4967=ORIENTED_EDGE('',*,*,#4966,.F.);
#4968=ORIENTED_EDGE('',*,*,#3124,.T.);
#4969=CARTESIAN_POINT('',(84.910610588,-51.467438779,17.357459202));
#4970=DIRECTION('',(-0.,0.,-1.));
#4971=VECTOR('',#4970,11.9);
#4972=LINE('',#4969,#4971);
#4973=EDGE_CURVE('',#3111,#251,#4972,.T.);
#4974=ORIENTED_EDGE('',*,*,#4973,.T.);
#4975=ORIENTED_EDGE('',*,*,#256,.F.);
#4976=EDGE_LOOP('',(#4953,#4961,#4967,#4968,#4974,#4975));
#4977=FACE_BOUND('',#4976,.T.);
#4978=ADVANCED_FACE('',(#4977),#4952,.F.);
#4979=CARTESIAN_POINT('',(84.910610588,-52.067438779,10.407459202));
#4980=DIRECTION('',(1.,0.,0.));
#4981=DIRECTION('',(0.,0.,-1.));
#4982=AXIS2_PLACEMENT_3D('',#4979,#4980,#4981);
#4983=PLANE('',#4982);
#4984=CARTESIAN_POINT('',(84.910610588,-52.067438779,17.357459202));
#4985=DIRECTION('',(0.,0.,-1.));
#4986=VECTOR('',#4985,11.9);
#4987=LINE('',#4984,#4986);
#4988=EDGE_CURVE('',#3103,#259,#4987,.T.);
#4989=ORIENTED_EDGE('',*,*,#4988,.T.);
#4990=ORIENTED_EDGE('',*,*,#264,.T.);
#4991=ORIENTED_EDGE('',*,*,#4973,.F.);
#4992=ORIENTED_EDGE('',*,*,#3116,.F.);
#4993=EDGE_LOOP('',(#4989,#4990,#4991,#4992));
#4994=FACE_BOUND('',#4993,.T.);
#4995=ADVANCED_FACE('',(#4994),#4983,.T.);
#4996=CARTESIAN_POINT('',(-0.1,-52.067438779,-0.225360581));
#4997=DIRECTION('',(0.,-1.,-0.));
#4998=DIRECTION('',(0.,0.,-1.));
#4999=AXIS2_PLACEMENT_3D('',#4996,#4997,#4998);
#5000=PLANE('',#4999);
#5001=ORIENTED_EDGE('',*,*,#3186,.F.);
#5002=ORIENTED_EDGE('',*,*,#3255,.T.);
#5003=ORIENTED_EDGE('',*,*,#272,.F.);
#5004=ORIENTED_EDGE('',*,*,#4988,.F.);
#5005=ORIENTED_EDGE('',*,*,#3108,.T.);
#5006=EDGE_LOOP('',(#5001,#5002,#5003,#5004,#5005));
#5007=FACE_BOUND('',#5006,.T.);
#5008=ADVANCED_FACE('',(#5007),#5000,.T.);
#5009=CARTESIAN_POINT('',(84.910610588,-55.067438779,10.407459202));
#5010=DIRECTION('',(-1.,0.,0.));
#5011=DIRECTION('',(0.,-0.,1.));
#5012=AXIS2_PLACEMENT_3D('',#5009,#5010,#5011);
#5013=PLANE('',#5012);
#5014=ORIENTED_EDGE('',*,*,#232,.F.);
#5015=CARTESIAN_POINT('',(84.910610588,-55.067438779,17.357459202));
#5016=DIRECTION('',(-0.,0.,-1.));
#5017=VECTOR('',#5016,11.9);
#5018=LINE('',#5015,#5017);
#5019=EDGE_CURVE('',#3143,#219,#5018,.T.);
#5020=ORIENTED_EDGE('',*,*,#5019,.F.);
#5021=ORIENTED_EDGE('',*,*,#3148,.T.);
#5022=ORIENTED_EDGE('',*,*,#4943,.T.);
#5023=EDGE_LOOP('',(#5014,#5020,#5021,#5022));
#5024=FACE_BOUND('',#5023,.T.);
#5025=ADVANCED_FACE('',(#5024),#5013,.F.);
#5026=CARTESIAN_POINT('',(-0.1,-55.067438779,-0.225360581));
#5027=DIRECTION('',(0.,1.,0.));
#5028=DIRECTION('',(0.,-0.,1.));
#5029=AXIS2_PLACEMENT_3D('',#5026,#5027,#5028);
#5030=PLANE('',#5029);
#5031=ORIENTED_EDGE('',*,*,#3331,.F.);
#5032=ORIENTED_EDGE('',*,*,#4729,.T.);
#5033=ORIENTED_EDGE('',*,*,#3156,.T.);
#5034=ORIENTED_EDGE('',*,*,#5019,.T.);
#5035=ORIENTED_EDGE('',*,*,#224,.T.);
#5036=EDGE_LOOP('',(#5031,#5032,#5033,#5034,#5035));
#5037=FACE_BOUND('',#5036,.T.);
#5038=ADVANCED_FACE('',(#5037),#5030,.T.);
#5039=CARTESIAN_POINT('',(83.210108063,-5.908825642,6.007961728));
#5040=DIRECTION('',(-0.707106781,-0.,0.707106781));
#5041=DIRECTION('',(0.,-1.,-0.));
#5042=AXIS2_PLACEMENT_3D('',#5039,#5040,#5041);
#5043=PLANE('',#5042);
#5044=ORIENTED_EDGE('',*,*,#2300,.F.);
#5045=ORIENTED_EDGE('',*,*,#3671,.F.);
#5046=ORIENTED_EDGE('',*,*,#3711,.F.);
#5047=ORIENTED_EDGE('',*,*,#3203,.F.);
#5048=EDGE_LOOP('',(#5044,#5045,#5046,#5047));
#5049=FACE_BOUND('',#5048,.T.);
#5050=ADVANCED_FACE('',(#5049),#5043,.T.);
#5051=CARTESIAN_POINT('',(89.210610588,-0.879702125,-0.225360581));
#5052=DIRECTION('',(-1.,0.,0.));
#5053=DIRECTION('',(0.,-1.,-0.));
#5054=AXIS2_PLACEMENT_3D('',#5051,#5052,#5053);
#5055=PLANE('',#5054);
#5056=ORIENTED_EDGE('',*,*,#3132,.F.);
#5057=ORIENTED_EDGE('',*,*,#4966,.T.);
#5058=CARTESIAN_POINT('',(89.210610588,-55.667438779,11.357459202));
#5059=DIRECTION('',(0.,1.,0.));
#5060=VECTOR('',#5059,4.2);
#5061=LINE('',#5058,#5060);
#5062=EDGE_CURVE('',#4924,#4955,#5061,.T.);
#5063=ORIENTED_EDGE('',*,*,#5062,.F.);
#5064=ORIENTED_EDGE('',*,*,#4929,.F.);
#5065=EDGE_LOOP('',(#5056,#5057,#5063,#5064));
#5066=FACE_BOUND('',#5065,.T.);
#5067=ADVANCED_FACE('',(#5066),#5055,.T.);
#5068=CARTESIAN_POINT('',(87.210610588,-1.299702125,9.357459202));
#5069=DIRECTION('',(0.707106781,0.,-0.707106781));
#5070=DIRECTION('',(-0.,1.,0.));
#5071=AXIS2_PLACEMENT_3D('',#5068,#5069,#5070);
#5072=PLANE('',#5071);
#5073=ORIENTED_EDGE('',*,*,#4935,.F.);
#5074=ORIENTED_EDGE('',*,*,#5062,.T.);
#5075=ORIENTED_EDGE('',*,*,#4960,.F.);
#5076=ORIENTED_EDGE('',*,*,#3069,.F.);
#5077=EDGE_LOOP('',(#5073,#5074,#5075,#5076));
#5078=FACE_BOUND('',#5077,.T.);
#5079=ADVANCED_FACE('',(#5078),#5072,.F.);
#5080=CARTESIAN_POINT('',(0.132499365,53.420661221,16.857459202));
#5081=DIRECTION('',(0.,-0.707106781,-0.707106781));
#5082=DIRECTION('',(1.,0.,0.));
#5083=AXIS2_PLACEMENT_3D('',#5080,#5081,#5082);
#5084=PLANE('',#5083);
#5085=ORIENTED_EDGE('',*,*,#2804,.F.);
#5086=CARTESIAN_POINT('',(99.969,52.920661221,17.357459202));
#5087=DIRECTION('',(0.577350269,0.577350269,-0.577350269));
#5088=VECTOR('',#5087,0.866025404);
#5089=LINE('',#5086,#5088);
#5090=EDGE_CURVE('',#2791,#665,#5089,.T.);
#5091=ORIENTED_EDGE('',*,*,#5090,.T.);
#5092=ORIENTED_EDGE('',*,*,#670,.F.);
#5093=ORIENTED_EDGE('',*,*,#3271,.F.);
#5094=EDGE_LOOP('',(#5085,#5091,#5092,#5093));
#5095=FACE_BOUND('',#5094,.T.);
#5096=ADVANCED_FACE('',(#5095),#5084,.F.);
#5097=CARTESIAN_POINT('',(0.132499365,46.420661221,16.857459202));
#5098=DIRECTION('',(0.,-0.707106781,0.707106781));
#5099=DIRECTION('',(1.,0.,0.));
#5100=AXIS2_PLACEMENT_3D('',#5097,#5098,#5099);
#5101=PLANE('',#5100);
#5102=ORIENTED_EDGE('',*,*,#2460,.F.);
#5103=CARTESIAN_POINT('',(100.469,46.420661221,16.857459202));
#5104=DIRECTION('',(-0.577350269,0.577350269,0.577350269));
#5105=VECTOR('',#5104,0.866025404);
#5106=LINE('',#5103,#5105);
#5107=EDGE_CURVE('',#2447,#2783,#5106,.T.);
#5108=ORIENTED_EDGE('',*,*,#5107,.T.);
#5109=ORIENTED_EDGE('',*,*,#2788,.F.);
#5110=ORIENTED_EDGE('',*,*,#4789,.F.);
#5111=EDGE_LOOP('',(#5102,#5108,#5109,#5110));
#5112=FACE_BOUND('',#5111,.T.);
#5113=ADVANCED_FACE('',(#5112),#5101,.T.);
#5114=CARTESIAN_POINT('',(141.119799365,48.420661221,17.357459202));
#5115=DIRECTION('',(0.,0.,-1.));
#5116=DIRECTION('',(-1.,0.,0.));
#5117=AXIS2_PLACEMENT_3D('',#5114,#5115,#5116);
#5118=CONICAL_SURFACE('',#5117,4.5,45.);
#5119=ORIENTED_EDGE('',*,*,#2936,.T.);
#5120=ORIENTED_EDGE('',*,*,#3045,.F.);
#5121=CARTESIAN_POINT('',(146.119799365,48.420661221,16.857459202));
#5122=DIRECTION('',(-0.707106781,-0.,0.707106781));
#5123=VECTOR('',#5122,0.707106781);
#5124=LINE('',#5121,#5123);
#5125=EDGE_CURVE('',#3386,#3033,#5124,.T.);
#5126=ORIENTED_EDGE('',*,*,#5125,.F.);
#5127=ORIENTED_EDGE('',*,*,#3779,.F.);
#5128=EDGE_LOOP('',(#5119,#5120,#5126,#5127));
#5129=FACE_BOUND('',#5128,.T.);
#5130=ADVANCED_FACE('',(#5129),#5118,.T.);
#5131=CARTESIAN_POINT('',(141.619799365,44.420661221,16.857459202));
#5132=DIRECTION('',(0.,-0.,1.));
#5133=DIRECTION('',(1.,0.,0.));
#5134=AXIS2_PLACEMENT_3D('',#5131,#5132,#5133);
#5135=CONICAL_SURFACE('',#5134,2.,45.);
#5136=ORIENTED_EDGE('',*,*,#2905,.T.);
#5137=ORIENTED_EDGE('',*,*,#3954,.F.);
#5138=CARTESIAN_POINT('',(144.119799365,44.420661221,17.357459202));
#5139=DIRECTION('',(-0.707106781,0.,-0.707106781));
#5140=VECTOR('',#5139,0.707106781);
#5141=LINE('',#5138,#5140);
#5142=EDGE_CURVE('',#3008,#3354,#5141,.T.);
#5143=ORIENTED_EDGE('',*,*,#5142,.F.);
#5144=ORIENTED_EDGE('',*,*,#3014,.F.);
#5145=EDGE_LOOP('',(#5136,#5137,#5143,#5144));
#5146=FACE_BOUND('',#5145,.T.);
#5147=ADVANCED_FACE('',(#5146),#5135,.F.);
#5148=CARTESIAN_POINT('',(145.619799365,-6.723388779,17.357459202));
#5149=DIRECTION('',(-0.707106781,0.,-0.707106781));
#5150=DIRECTION('',(0.,1.,0.));
#5151=AXIS2_PLACEMENT_3D('',#5148,#5149,#5150);
#5152=PLANE('',#5151);
#5153=ORIENTED_EDGE('',*,*,#5125,.T.);
#5154=ORIENTED_EDGE('',*,*,#3038,.F.);
#5155=CARTESIAN_POINT('',(146.119799365,17.976611221,16.857459202));
#5156=DIRECTION('',(-0.707106781,0.,0.707106781));
#5157=VECTOR('',#5156,0.707106781);
#5158=LINE('',#5155,#5157);
#5159=EDGE_CURVE('',#3394,#3025,#5158,.T.);
#5160=ORIENTED_EDGE('',*,*,#5159,.F.);
#5161=ORIENTED_EDGE('',*,*,#3399,.F.);
#5162=EDGE_LOOP('',(#5153,#5154,#5160,#5161));
#5163=FACE_BOUND('',#5162,.T.);
#5164=ADVANCED_FACE('',(#5163),#5152,.F.);
#5165=CARTESIAN_POINT('',(146.119799365,17.976611221,21.757459202));
#5166=DIRECTION('',(-0.707106781,0.707106781,0.));
#5167=DIRECTION('',(0.,0.,-1.));
#5168=AXIS2_PLACEMENT_3D('',#5165,#5166,#5167);
#5169=PLANE('',#5168);
#5170=ORIENTED_EDGE('',*,*,#3807,.F.);
#5171=ORIENTED_EDGE('',*,*,#3407,.F.);
#5172=CARTESIAN_POINT('',(145.619799365,17.476611221,16.857459202));
#5173=DIRECTION('',(0.707106781,0.707106781,0.));
#5174=VECTOR('',#5173,0.707106781);
#5175=LINE('',#5172,#5174);
#5176=EDGE_CURVE('',#3636,#3394,#5175,.T.);
#5177=ORIENTED_EDGE('',*,*,#5176,.F.);
#5178=ORIENTED_EDGE('',*,*,#3641,.F.);
#5179=EDGE_LOOP('',(#5170,#5171,#5177,#5178));
#5180=FACE_BOUND('',#5179,.T.);
#5181=ADVANCED_FACE('',(#5180),#5169,.F.);
#5182=CARTESIAN_POINT('',(143.619799365,17.976611221,21.757459202));
#5183=DIRECTION('',(-0.707106781,-0.707106781,-0.));
#5184=DIRECTION('',(0.,0.,-1.));
#5185=AXIS2_PLACEMENT_3D('',#5182,#5183,#5184);
#5186=PLANE('',#5185);
#5187=ORIENTED_EDGE('',*,*,#4030,.F.);
#5188=ORIENTED_EDGE('',*,*,#3617,.F.);
#5189=CARTESIAN_POINT('',(143.619799365,17.976611221,16.857459202));
#5190=DIRECTION('',(0.707106781,-0.707106781,-0.));
#5191=VECTOR('',#5190,0.707106781);
#5192=LINE('',#5189,#5191);
#5193=EDGE_CURVE('',#3346,#3610,#5192,.T.);
#5194=ORIENTED_EDGE('',*,*,#5193,.F.);
#5195=ORIENTED_EDGE('',*,*,#3351,.F.);
#5196=EDGE_LOOP('',(#5187,#5188,#5194,#5195));
#5197=FACE_BOUND('',#5196,.T.);
#5198=ADVANCED_FACE('',(#5197),#5186,.T.);
#5199=CARTESIAN_POINT('',(144.119799365,-6.723388779,17.357459202));
#5200=DIRECTION('',(-0.707106781,-0.,0.707106781));
#5201=DIRECTION('',(-0.,1.,0.));
#5202=AXIS2_PLACEMENT_3D('',#5199,#5200,#5201);
#5203=PLANE('',#5202);
#5204=ORIENTED_EDGE('',*,*,#5142,.T.);
#5205=ORIENTED_EDGE('',*,*,#3359,.F.);
#5206=CARTESIAN_POINT('',(144.119799365,17.976611221,17.357459202));
#5207=DIRECTION('',(-0.707106781,0.,-0.707106781));
#5208=VECTOR('',#5207,0.707106781);
#5209=LINE('',#5206,#5208);
#5210=EDGE_CURVE('',#3017,#3346,#5209,.T.);
#5211=ORIENTED_EDGE('',*,*,#5210,.F.);
#5212=ORIENTED_EDGE('',*,*,#3022,.F.);
#5213=EDGE_LOOP('',(#5204,#5205,#5211,#5212));
#5214=FACE_BOUND('',#5213,.T.);
#5215=ADVANCED_FACE('',(#5214),#5203,.T.);
#5216=CARTESIAN_POINT('',(145.619799365,17.976611221,17.357459202));
#5217=DIRECTION('',(0.577350269,-0.577350269,0.577350269));
#5218=DIRECTION('',(-0.,-0.707106781,-0.707106781));
#5219=AXIS2_PLACEMENT_3D('',#5216,#5217,#5218);
#5220=PLANE('',#5219);
#5221=ORIENTED_EDGE('',*,*,#5176,.T.);
#5222=ORIENTED_EDGE('',*,*,#5159,.T.);
#5223=CARTESIAN_POINT('',(145.619799365,17.476611221,16.857459202));
#5224=DIRECTION('',(0.,0.707106781,0.707106781));
#5225=VECTOR('',#5224,0.707106781);
#5226=LINE('',#5223,#5225);
#5227=EDGE_CURVE('',#3636,#3025,#5226,.T.);
#5228=ORIENTED_EDGE('',*,*,#5227,.F.);
#5229=EDGE_LOOP('',(#5221,#5222,#5228));
#5230=FACE_BOUND('',#5229,.T.);
#5231=ADVANCED_FACE('',(#5230),#5220,.T.);
#5232=CARTESIAN_POINT('',(144.119799365,17.476611221,16.857459202));
#5233=DIRECTION('',(-0.577350269,-0.577350269,0.577350269));
#5234=DIRECTION('',(0.707106781,0.,0.707106781));
#5235=AXIS2_PLACEMENT_3D('',#5232,#5233,#5234);
#5236=PLANE('',#5235);
#5237=ORIENTED_EDGE('',*,*,#5210,.T.);
#5238=ORIENTED_EDGE('',*,*,#5193,.T.);
#5239=CARTESIAN_POINT('',(144.119799365,17.976611221,17.357459202));
#5240=DIRECTION('',(0.,-0.707106781,-0.707106781));
#5241=VECTOR('',#5240,0.707106781);
#5242=LINE('',#5239,#5241);
#5243=EDGE_CURVE('',#3017,#3610,#5242,.T.);
#5244=ORIENTED_EDGE('',*,*,#5243,.F.);
#5245=EDGE_LOOP('',(#5237,#5238,#5244));
#5246=FACE_BOUND('',#5245,.T.);
#5247=ADVANCED_FACE('',(#5246),#5236,.T.);
#5248=CARTESIAN_POINT('',(150.019799365,17.476611221,16.857459202));
#5249=DIRECTION('',(0.,0.707106781,-0.707106781));
#5250=DIRECTION('',(-1.,0.,0.));
#5251=AXIS2_PLACEMENT_3D('',#5248,#5249,#5250);
#5252=PLANE('',#5251);
#5253=ORIENTED_EDGE('',*,*,#5227,.T.);
#5254=ORIENTED_EDGE('',*,*,#3030,.F.);
#5255=ORIENTED_EDGE('',*,*,#5243,.T.);
#5256=ORIENTED_EDGE('',*,*,#3647,.F.);
#5257=EDGE_LOOP('',(#5253,#5254,#5255,#5256));
#5258=FACE_BOUND('',#5257,.T.);
#5259=ADVANCED_FACE('',(#5258),#5252,.F.);
#5260=CARTESIAN_POINT('',(141.119799365,-52.067438779,17.357459202));
#5261=DIRECTION('',(0.,0.,-1.));
#5262=DIRECTION('',(-1.,0.,0.));
#5263=AXIS2_PLACEMENT_3D('',#5260,#5261,#5262);
#5264=CONICAL_SURFACE('',#5263,4.5,45.);
#5265=ORIENTED_EDGE('',*,*,#2770,.T.);
#5266=ORIENTED_EDGE('',*,*,#3755,.F.);
#5267=CARTESIAN_POINT('',(145.619799365,-52.067438779,17.357459202));
#5268=DIRECTION('',(0.707106781,0.,-0.707106781));
#5269=VECTOR('',#5268,0.707106781);
#5270=LINE('',#5267,#5269);
#5271=EDGE_CURVE('',#2711,#3442,#5270,.T.);
#5272=ORIENTED_EDGE('',*,*,#5271,.F.);
#5273=ORIENTED_EDGE('',*,*,#2717,.F.);
#5274=EDGE_LOOP('',(#5265,#5266,#5272,#5273));
#5275=FACE_BOUND('',#5274,.T.);
#5276=ADVANCED_FACE('',(#5275),#5264,.T.);
#5277=CARTESIAN_POINT('',(146.119799365,-21.923388779,21.757459202));
#5278=DIRECTION('',(0.707106781,0.707106781,0.));
#5279=DIRECTION('',(0.,0.,-1.));
#5280=AXIS2_PLACEMENT_3D('',#5277,#5278,#5279);
#5281=PLANE('',#5280);
#5282=ORIENTED_EDGE('',*,*,#3879,.F.);
#5283=ORIENTED_EDGE('',*,*,#3591,.F.);
#5284=CARTESIAN_POINT('',(146.119799365,-21.923388779,16.857459202));
#5285=DIRECTION('',(-0.707106781,0.707106781,0.));
#5286=VECTOR('',#5285,0.707106781);
#5287=LINE('',#5284,#5286);
#5288=EDGE_CURVE('',#3434,#3578,#5287,.T.);
#5289=ORIENTED_EDGE('',*,*,#5288,.F.);
#5290=ORIENTED_EDGE('',*,*,#3439,.F.);
#5291=EDGE_LOOP('',(#5282,#5283,#5289,#5290));
#5292=FACE_BOUND('',#5291,.T.);
#5293=ADVANCED_FACE('',(#5292),#5281,.T.);
#5294=CARTESIAN_POINT('',(146.119799365,-51.067438779,16.857459202));
#5295=DIRECTION('',(-0.707106781,0.,-0.707106781));
#5296=DIRECTION('',(-0.,-1.,-0.));
#5297=AXIS2_PLACEMENT_3D('',#5294,#5295,#5296);
#5298=PLANE('',#5297);
#5299=ORIENTED_EDGE('',*,*,#5271,.T.);
#5300=ORIENTED_EDGE('',*,*,#3447,.F.);
#5301=CARTESIAN_POINT('',(145.619799365,-21.923388779,17.357459202));
#5302=DIRECTION('',(0.707106781,0.,-0.707106781));
#5303=VECTOR('',#5302,0.707106781);
#5304=LINE('',#5301,#5303);
#5305=EDGE_CURVE('',#2720,#3434,#5304,.T.);
#5306=ORIENTED_EDGE('',*,*,#5305,.F.);
#5307=ORIENTED_EDGE('',*,*,#2725,.F.);
#5308=EDGE_LOOP('',(#5299,#5300,#5306,#5307));
#5309=FACE_BOUND('',#5308,.T.);
#5310=ADVANCED_FACE('',(#5309),#5298,.F.);
#5311=CARTESIAN_POINT('',(146.119799365,-21.923388779,16.857459202));
#5312=DIRECTION('',(0.577350269,0.577350269,0.577350269));
#5313=DIRECTION('',(0.707106781,0.,-0.707106781));
#5314=AXIS2_PLACEMENT_3D('',#5311,#5312,#5313);
#5315=PLANE('',#5314);
#5316=ORIENTED_EDGE('',*,*,#5305,.T.);
#5317=ORIENTED_EDGE('',*,*,#5288,.T.);
#5318=CARTESIAN_POINT('',(145.619799365,-21.923388779,17.357459202));
#5319=DIRECTION('',(-0.,0.707106781,-0.707106781));
#5320=VECTOR('',#5319,0.707106781);
#5321=LINE('',#5318,#5320);
#5322=EDGE_CURVE('',#2720,#3578,#5321,.T.);
#5323=ORIENTED_EDGE('',*,*,#5322,.F.);
#5324=EDGE_LOOP('',(#5316,#5317,#5323));
#5325=FACE_BOUND('',#5324,.T.);
#5326=ADVANCED_FACE('',(#5325),#5315,.T.);
#5327=CARTESIAN_POINT('',(141.619799365,-48.067438779,16.857459202));
#5328=DIRECTION('',(0.,-0.,1.));
#5329=DIRECTION('',(1.,0.,0.));
#5330=AXIS2_PLACEMENT_3D('',#5327,#5328,#5329);
#5331=CONICAL_SURFACE('',#5330,2.,45.);
#5332=ORIENTED_EDGE('',*,*,#2989,.T.);
#5333=ORIENTED_EDGE('',*,*,#2748,.F.);
#5334=CARTESIAN_POINT('',(143.619799365,-48.067438779,16.857459202));
#5335=DIRECTION('',(0.707106781,-0.,0.707106781));
#5336=VECTOR('',#5335,0.707106781);
#5337=LINE('',#5334,#5336);
#5338=EDGE_CURVE('',#3464,#2736,#5337,.T.);
#5339=ORIENTED_EDGE('',*,*,#5338,.F.);
#5340=ORIENTED_EDGE('',*,*,#3930,.F.);
#5341=EDGE_LOOP('',(#5332,#5333,#5339,#5340));
#5342=FACE_BOUND('',#5341,.T.);
#5343=ADVANCED_FACE('',(#5342),#5331,.F.);
#5344=CARTESIAN_POINT('',(-1.83500127,-21.923388779,17.357459202));
#5345=DIRECTION('',(0.,0.707106781,0.707106781));
#5346=DIRECTION('',(1.,0.,0.));
#5347=AXIS2_PLACEMENT_3D('',#5344,#5345,#5346);
#5348=PLANE('',#5347);
#5349=ORIENTED_EDGE('',*,*,#5322,.T.);
#5350=ORIENTED_EDGE('',*,*,#3583,.F.);
#5351=CARTESIAN_POINT('',(144.119799365,-21.923388779,17.357459202));
#5352=DIRECTION('',(0.,0.707106781,-0.707106781));
#5353=VECTOR('',#5352,0.707106781);
#5354=LINE('',#5351,#5353);
#5355=EDGE_CURVE('',#2728,#3570,#5354,.T.);
#5356=ORIENTED_EDGE('',*,*,#5355,.F.);
#5357=ORIENTED_EDGE('',*,*,#2733,.F.);
#5358=EDGE_LOOP('',(#5349,#5350,#5356,#5357));
#5359=FACE_BOUND('',#5358,.T.);
#5360=ADVANCED_FACE('',(#5359),#5348,.T.);
#5361=CARTESIAN_POINT('',(143.619799365,-1.823388779,16.857459202));
#5362=DIRECTION('',(-0.707106781,-0.,0.707106781));
#5363=DIRECTION('',(0.,-1.,-0.));
#5364=AXIS2_PLACEMENT_3D('',#5361,#5362,#5363);
#5365=PLANE('',#5364);
#5366=ORIENTED_EDGE('',*,*,#5338,.T.);
#5367=ORIENTED_EDGE('',*,*,#2741,.F.);
#5368=CARTESIAN_POINT('',(143.619799365,-21.923388779,16.857459202));
#5369=DIRECTION('',(0.707106781,-0.,0.707106781));
#5370=VECTOR('',#5369,0.707106781);
#5371=LINE('',#5368,#5370);
#5372=EDGE_CURVE('',#3466,#2728,#5371,.T.);
#5373=ORIENTED_EDGE('',*,*,#5372,.F.);
#5374=ORIENTED_EDGE('',*,*,#3471,.F.);
#5375=EDGE_LOOP('',(#5366,#5367,#5373,#5374));
#5376=FACE_BOUND('',#5375,.T.);
#5377=ADVANCED_FACE('',(#5376),#5365,.T.);
#5378=CARTESIAN_POINT('',(144.119799365,-21.423388779,16.857459202));
#5379=DIRECTION('',(-0.577350269,0.577350269,0.577350269));
#5380=DIRECTION('',(0.707106781,-0.,0.707106781));
#5381=AXIS2_PLACEMENT_3D('',#5378,#5379,#5380);
#5382=PLANE('',#5381);
#5383=ORIENTED_EDGE('',*,*,#5372,.T.);
#5384=ORIENTED_EDGE('',*,*,#5355,.T.);
#5385=CARTESIAN_POINT('',(143.619799365,-21.923388779,16.857459202));
#5386=DIRECTION('',(0.707106781,0.707106781,0.));
#5387=VECTOR('',#5386,0.707106781);
#5388=LINE('',#5385,#5387);
#5389=EDGE_CURVE('',#3466,#3570,#5388,.T.);
#5390=ORIENTED_EDGE('',*,*,#5389,.F.);
#5391=EDGE_LOOP('',(#5383,#5384,#5390));
#5392=FACE_BOUND('',#5391,.T.);
#5393=ADVANCED_FACE('',(#5392),#5382,.T.);
#5394=CARTESIAN_POINT('',(144.119799365,-21.423388779,19.207459202));
#5395=DIRECTION('',(0.707106781,-0.707106781,-0.));
#5396=DIRECTION('',(0.,-0.,1.));
#5397=AXIS2_PLACEMENT_3D('',#5394,#5395,#5396);
#5398=PLANE('',#5397);
#5399=ORIENTED_EDGE('',*,*,#4001,.F.);
#5400=ORIENTED_EDGE('',*,*,#3479,.F.);
#5401=ORIENTED_EDGE('',*,*,#5389,.T.);
#5402=ORIENTED_EDGE('',*,*,#3575,.F.);
#5403=EDGE_LOOP('',(#5399,#5400,#5401,#5402));
#5404=FACE_BOUND('',#5403,.T.);
#5405=ADVANCED_FACE('',(#5404),#5398,.F.);
#5406=CARTESIAN_POINT('',(-0.,-0.137932193,12.057459175));
#5407=DIRECTION('',(0.,0.,1.));
#5408=DIRECTION('',(1.,0.,0.));
#5409=AXIS2_PLACEMENT_3D('',#5406,#5407,#5408);
#5410=PLANE('',#5409);
#5411=ORIENTED_EDGE('',*,*,#2427,.T.);
#5412=CARTESIAN_POINT('',(112.818234504,46.420661221,12.057459163));
#5413=DIRECTION('',(-0.002295859,0.999997365,-0.));
#5414=VECTOR('',#5413,7.000018448);
#5415=LINE('',#5412,#5414);
#5416=EDGE_CURVE('',#2422,#698,#5415,.T.);
#5417=ORIENTED_EDGE('',*,*,#5416,.T.);
#5418=ORIENTED_EDGE('',*,*,#703,.F.);
#5419=CARTESIAN_POINT('',(103.169,53.420661221,12.057459162));
#5420=DIRECTION('',(-0.,-1.,0.));
#5421=VECTOR('',#5420,7.);
#5422=LINE('',#5419,#5421);
#5423=EDGE_CURVE('',#689,#2420,#5422,.T.);
#5424=ORIENTED_EDGE('',*,*,#5423,.T.);
#5425=EDGE_LOOP('',(#5411,#5417,#5418,#5424));
#5426=FACE_BOUND('',#5425,.T.);
#5427=ADVANCED_FACE('',(#5426),#5410,.T.);
#5428=CARTESIAN_POINT('',(113.809845256,50.075878064,12.345272252));
#5429=DIRECTION('',(0.999997365,0.002295859,-0.));
#5430=DIRECTION('',(-0.002295859,0.999997365,0.));
#5431=AXIS2_PLACEMENT_3D('',#5428,#5429,#5430);
#5432=PLANE('',#5431);
#5433=ORIENTED_EDGE('',*,*,#720,.T.);
#5434=CARTESIAN_POINT('',(113.802166086,53.420661221,13.057459162));
#5435=DIRECTION('',(0.002295859,-0.999997365,0.));
#5436=VECTOR('',#5435,7.000018448);
#5437=LINE('',#5434,#5436);
#5438=EDGE_CURVE('',#706,#2511,#5437,.T.);
#5439=ORIENTED_EDGE('',*,*,#5438,.T.);
#5440=ORIENTED_EDGE('',*,*,#2516,.F.);
#5441=CARTESIAN_POINT('',(113.81823714,46.420661221,15.157459202));
#5442=DIRECTION('',(-0.002295859,0.999997365,0.));
#5443=VECTOR('',#5442,7.000018448);
#5444=LINE('',#5441,#5443);
#5445=EDGE_CURVE('',#2503,#715,#5444,.T.);
#5446=ORIENTED_EDGE('',*,*,#5445,.T.);
#5447=EDGE_LOOP('',(#5433,#5439,#5440,#5446));
#5448=FACE_BOUND('',#5447,.T.);
#5449=ADVANCED_FACE('',(#5448),#5432,.F.);
#5450=CARTESIAN_POINT('',(102.169,50.071745518,12.345272252));
#5451=DIRECTION('',(-1.,0.,0.));
#5452=DIRECTION('',(0.,-0.,1.));
#5453=AXIS2_PLACEMENT_3D('',#5450,#5451,#5452);
#5454=PLANE('',#5453);
#5455=ORIENTED_EDGE('',*,*,#2444,.T.);
#5456=CARTESIAN_POINT('',(102.169,46.420661221,13.057459163));
#5457=DIRECTION('',(0.,1.,-0.));
#5458=VECTOR('',#5457,7.);
#5459=LINE('',#5456,#5458);
#5460=EDGE_CURVE('',#2430,#681,#5459,.T.);
#5461=ORIENTED_EDGE('',*,*,#5460,.T.);
#5462=ORIENTED_EDGE('',*,*,#686,.T.);
#5463=CARTESIAN_POINT('',(102.169,53.420661221,15.157459202));
#5464=DIRECTION('',(0.,-1.,-0.));
#5465=VECTOR('',#5464,7.);
#5466=LINE('',#5463,#5465);
#5467=EDGE_CURVE('',#673,#2439,#5466,.T.);
#5468=ORIENTED_EDGE('',*,*,#5467,.T.);
#5469=EDGE_LOOP('',(#5455,#5461,#5462,#5468));
#5470=FACE_BOUND('',#5469,.T.);
#5471=ADVANCED_FACE('',(#5470),#5454,.F.);
#5472=CARTESIAN_POINT('',(113.8197,-54.193366136,12.345272278));
#5473=DIRECTION('',(-1.,0.,-0.));
#5474=DIRECTION('',(-0.,-1.,-0.));
#5475=AXIS2_PLACEMENT_3D('',#5472,#5473,#5474);
#5476=PLANE('',#5475);
#5477=ORIENTED_EDGE('',*,*,#2252,.F.);
#5478=CARTESIAN_POINT('',(113.8197,-50.067438779,13.057459188));
#5479=DIRECTION('',(-0.,-1.,0.));
#5480=VECTOR('',#5479,7.);
#5481=LINE('',#5478,#5480);
#5482=EDGE_CURVE('',#2238,#881,#5481,.T.);
#5483=ORIENTED_EDGE('',*,*,#5482,.T.);
#5484=ORIENTED_EDGE('',*,*,#886,.F.);
#5485=CARTESIAN_POINT('',(113.8197,-57.067438779,15.157459202));
#5486=DIRECTION('',(0.,1.,0.));
#5487=VECTOR('',#5486,7.);
#5488=LINE('',#5485,#5487);
#5489=EDGE_CURVE('',#873,#2247,#5488,.T.);
#5490=ORIENTED_EDGE('',*,*,#5489,.T.);
#5491=EDGE_LOOP('',(#5477,#5483,#5484,#5490));
#5492=FACE_BOUND('',#5491,.T.);
#5493=ADVANCED_FACE('',(#5492),#5476,.T.);
#5494=CARTESIAN_POINT('',(102.169,-54.193366136,12.345272278));
#5495=DIRECTION('',(1.,0.,0.));
#5496=DIRECTION('',(0.,0.,-1.));
#5497=AXIS2_PLACEMENT_3D('',#5494,#5495,#5496);
#5498=PLANE('',#5497);
#5499=ORIENTED_EDGE('',*,*,#920,.F.);
#5500=CARTESIAN_POINT('',(102.169,-57.067438779,13.05745919));
#5501=DIRECTION('',(-0.,1.,-0.));
#5502=VECTOR('',#5501,7.);
#5503=LINE('',#5500,#5502);
#5504=EDGE_CURVE('',#906,#2327,#5503,.T.);
#5505=ORIENTED_EDGE('',*,*,#5504,.T.);
#5506=ORIENTED_EDGE('',*,*,#2332,.T.);
#5507=CARTESIAN_POINT('',(102.169,-50.067438779,15.157459202));
#5508=DIRECTION('',(-0.,-1.,-0.));
#5509=VECTOR('',#5508,7.);
#5510=LINE('',#5507,#5509);
#5511=EDGE_CURVE('',#2319,#915,#5510,.T.);
#5512=ORIENTED_EDGE('',*,*,#5511,.T.);
#5513=EDGE_LOOP('',(#5499,#5505,#5506,#5512));
#5514=FACE_BOUND('',#5513,.T.);
#5515=ADVANCED_FACE('',(#5514),#5498,.T.);
#5516=CARTESIAN_POINT('',(-0.,-0.137932192,12.057459175));
#5517=DIRECTION('',(0.,0.,1.));
#5518=DIRECTION('',(1.,0.,0.));
#5519=AXIS2_PLACEMENT_3D('',#5516,#5517,#5518);
#5520=PLANE('',#5519);
#5521=ORIENTED_EDGE('',*,*,#903,.F.);
#5522=CARTESIAN_POINT('',(112.8197,-57.067438779,12.05745919));
#5523=DIRECTION('',(0.,1.,-0.));
#5524=VECTOR('',#5523,7.);
#5525=LINE('',#5522,#5524);
#5526=EDGE_CURVE('',#889,#2228,#5525,.T.);
#5527=ORIENTED_EDGE('',*,*,#5526,.T.);
#5528=ORIENTED_EDGE('',*,*,#2235,.T.);
#5529=CARTESIAN_POINT('',(103.169,-50.067438779,12.057459188));
#5530=DIRECTION('',(0.,-1.,0.));
#5531=VECTOR('',#5530,7.);
#5532=LINE('',#5529,#5531);
#5533=EDGE_CURVE('',#2230,#898,#5532,.T.);
#5534=ORIENTED_EDGE('',*,*,#5533,.T.);
#5535=EDGE_LOOP('',(#5521,#5527,#5528,#5534));
#5536=FACE_BOUND('',#5535,.T.);
#5537=ADVANCED_FACE('',(#5536),#5520,.T.);
#5538=CARTESIAN_POINT('',(100.969,-6.723388779,16.357459202));
#5539=DIRECTION('',(0.707106781,-0.,0.707106781));
#5540=DIRECTION('',(-0.,-1.,-0.));
#5541=AXIS2_PLACEMENT_3D('',#5538,#5539,#5540);
#5542=PLANE('',#5541);
#5543=ORIENTED_EDGE('',*,*,#2452,.F.);
#5544=ORIENTED_EDGE('',*,*,#5467,.F.);
#5545=ORIENTED_EDGE('',*,*,#678,.F.);
#5546=ORIENTED_EDGE('',*,*,#5090,.F.);
#5547=ORIENTED_EDGE('',*,*,#2796,.F.);
#5548=ORIENTED_EDGE('',*,*,#5107,.F.);
#5549=EDGE_LOOP('',(#5543,#5544,#5545,#5546,#5547,#5548));
#5550=FACE_BOUND('',#5549,.T.);
#5551=ADVANCED_FACE('',(#5550),#5542,.T.);
#5552=CARTESIAN_POINT('',(114.0197,-54.193366136,15.357459202));
#5553=DIRECTION('',(0.707106781,-0.,-0.707106781));
#5554=DIRECTION('',(0.,1.,0.));
#5555=AXIS2_PLACEMENT_3D('',#5552,#5553,#5554);
#5556=PLANE('',#5555);
#5557=ORIENTED_EDGE('',*,*,#2763,.F.);
#5558=ORIENTED_EDGE('',*,*,#2700,.F.);
#5559=ORIENTED_EDGE('',*,*,#2982,.F.);
#5560=ORIENTED_EDGE('',*,*,#2260,.F.);
#5561=ORIENTED_EDGE('',*,*,#5489,.F.);
#5562=ORIENTED_EDGE('',*,*,#878,.F.);
#5563=EDGE_LOOP('',(#5557,#5558,#5559,#5560,#5561,#5562));
#5564=FACE_BOUND('',#5563,.T.);
#5565=ADVANCED_FACE('',(#5564),#5556,.F.);
#5566=CARTESIAN_POINT('',(115.139644245,-6.458733776,16.357459202));
#5567=DIRECTION('',(-0.707104918,-0.001623417,0.707106781));
#5568=DIRECTION('',(-0.002295859,0.999997365,0.));
#5569=AXIS2_PLACEMENT_3D('',#5566,#5567,#5568);
#5570=PLANE('',#5569);
#5571=ORIENTED_EDGE('',*,*,#728,.F.);
#5572=ORIENTED_EDGE('',*,*,#5445,.F.);
#5573=ORIENTED_EDGE('',*,*,#2508,.T.);
#5574=ORIENTED_EDGE('',*,*,#2898,.F.);
#5575=ORIENTED_EDGE('',*,*,#3004,.F.);
#5576=ORIENTED_EDGE('',*,*,#2922,.F.);
#5577=EDGE_LOOP('',(#5571,#5572,#5573,#5574,#5575,#5576));
#5578=FACE_BOUND('',#5577,.T.);
#5579=ADVANCED_FACE('',(#5578),#5570,.T.);
#5580=CARTESIAN_POINT('',(101.969,-54.193366136,15.357459202));
#5581=DIRECTION('',(-0.707106781,0.,-0.707106781));
#5582=DIRECTION('',(-0.,-1.,-0.));
#5583=AXIS2_PLACEMENT_3D('',#5580,#5581,#5582);
#5584=PLANE('',#5583);
#5585=ORIENTED_EDGE('',*,*,#2667,.F.);
#5586=ORIENTED_EDGE('',*,*,#3091,.F.);
#5587=ORIENTED_EDGE('',*,*,#2953,.F.);
#5588=ORIENTED_EDGE('',*,*,#928,.F.);
#5589=ORIENTED_EDGE('',*,*,#5511,.F.);
#5590=ORIENTED_EDGE('',*,*,#2324,.T.);
#5591=EDGE_LOOP('',(#5585,#5586,#5587,#5588,#5589,#5590));
#5592=FACE_BOUND('',#5591,.T.);
#5593=ADVANCED_FACE('',(#5592),#5584,.F.);
#5594=CARTESIAN_POINT('',(131.2,44.162067804,7.057459202));
#5595=DIRECTION('',(-0.780868809,0.624695048,-0.));
#5596=DIRECTION('',(-0.624695048,-0.780868809,-0.));
#5597=AXIS2_PLACEMENT_3D('',#5594,#5595,#5596);
#5598=PLANE('',#5597);
#5599=ORIENTED_EDGE('',*,*,#1834,.T.);
#5600=CARTESIAN_POINT('',(129.729975604,42.324537309,7.057459202));
#5601=VERTEX_POINT('',#5600);
#5602=CARTESIAN_POINT('',(129.729975604,42.324537309,7.457459202));
#5603=DIRECTION('',(-0.,0.,-1.));
#5604=VECTOR('',#5603,0.4);
#5605=LINE('',#5602,#5604);
#5606=EDGE_CURVE('',#1820,#5601,#5605,.T.);
#5607=ORIENTED_EDGE('',*,*,#5606,.T.);
#5608=CARTESIAN_POINT('',(131.521913119,44.564459203,7.057459202));
#5609=VERTEX_POINT('',#5608);
#5610=CARTESIAN_POINT('',(131.521913119,44.564459203,7.057459202));
#5611=DIRECTION('',(-0.624695048,-0.780868809,-0.));
#5612=VECTOR('',#5611,2.868499634);
#5613=LINE('',#5610,#5612);
#5614=EDGE_CURVE('',#5609,#5601,#5613,.T.);
#5615=ORIENTED_EDGE('',*,*,#5614,.F.);
#5616=CARTESIAN_POINT('',(131.521913119,44.564459203,7.057459202));
#5617=DIRECTION('',(0.,-0.,1.));
#5618=VECTOR('',#5617,0.4);
#5619=LINE('',#5616,#5618);
#5620=EDGE_CURVE('',#5609,#1829,#5619,.T.);
#5621=ORIENTED_EDGE('',*,*,#5620,.T.);
#5622=EDGE_LOOP('',(#5599,#5607,#5615,#5621));
#5623=FACE_BOUND('',#5622,.T.);
#5624=ADVANCED_FACE('',(#5623),#5598,.F.);
#5625=CARTESIAN_POINT('',(130.1,42.162067804,7.057459202));
#5626=DIRECTION('',(0.,1.,0.));
#5627=DIRECTION('',(0.,-0.,1.));
#5628=AXIS2_PLACEMENT_3D('',#5625,#5626,#5627);
#5629=PLANE('',#5628);
#5630=CARTESIAN_POINT('',(130.5,42.162067804,7.057459202));
#5631=VERTEX_POINT('',#5630);
#5632=CARTESIAN_POINT('',(129.808062485,42.162067804,7.057459202));
#5633=VERTEX_POINT('',#5632);
#5634=CARTESIAN_POINT('',(130.5,42.162067804,7.057459202));
#5635=DIRECTION('',(-1.,0.,0.));
#5636=VECTOR('',#5635,0.691937515);
#5637=LINE('',#5634,#5636);
#5638=EDGE_CURVE('',#5631,#5633,#5637,.T.);
#5639=ORIENTED_EDGE('',*,*,#5638,.T.);
#5640=CARTESIAN_POINT('',(129.808062485,42.162067804,7.057459202));
#5641=DIRECTION('',(0.,-0.,1.));
#5642=VECTOR('',#5641,0.4);
#5643=LINE('',#5640,#5642);
#5644=EDGE_CURVE('',#5633,#1812,#5643,.T.);
#5645=ORIENTED_EDGE('',*,*,#5644,.T.);
#5646=ORIENTED_EDGE('',*,*,#1817,.F.);
#5647=CARTESIAN_POINT('',(130.5,42.162067804,7.457459202));
#5648=DIRECTION('',(-0.,0.,-1.));
#5649=VECTOR('',#5648,0.4);
#5650=LINE('',#5647,#5649);
#5651=EDGE_CURVE('',#1803,#5631,#5650,.T.);
#5652=ORIENTED_EDGE('',*,*,#5651,.T.);
#5653=EDGE_LOOP('',(#5639,#5645,#5646,#5652));
#5654=FACE_BOUND('',#5653,.T.);
#5655=ADVANCED_FACE('',(#5654),#5629,.T.);
#5656=CARTESIAN_POINT('',(130.6,42.037067804,7.057459202));
#5657=DIRECTION('',(1.,0.,0.));
#5658=DIRECTION('',(0.,0.,-1.));
#5659=AXIS2_PLACEMENT_3D('',#5656,#5657,#5658);
#5660=PLANE('',#5659);
#5661=ORIENTED_EDGE('',*,*,#1800,.F.);
#5662=CARTESIAN_POINT('',(130.6,40.762067804,7.057459202));
#5663=VERTEX_POINT('',#5662);
#5664=CARTESIAN_POINT('',(130.6,40.762067804,7.457459202));
#5665=DIRECTION('',(-0.,0.,-1.));
#5666=VECTOR('',#5665,0.4);
#5667=LINE('',#5664,#5666);
#5668=EDGE_CURVE('',#1793,#5663,#5667,.T.);
#5669=ORIENTED_EDGE('',*,*,#5668,.T.);
#5670=CARTESIAN_POINT('',(130.6,42.062067804,7.057459202));
#5671=VERTEX_POINT('',#5670);
#5672=CARTESIAN_POINT('',(130.6,40.762067804,7.057459202));
#5673=DIRECTION('',(0.,1.,0.));
#5674=VECTOR('',#5673,1.3);
#5675=LINE('',#5672,#5674);
#5676=EDGE_CURVE('',#5663,#5671,#5675,.T.);
#5677=ORIENTED_EDGE('',*,*,#5676,.T.);
#5678=CARTESIAN_POINT('',(130.6,42.062067804,7.057459202));
#5679=DIRECTION('',(0.,-0.,1.));
#5680=VECTOR('',#5679,0.4);
#5681=LINE('',#5678,#5680);
#5682=EDGE_CURVE('',#5671,#1795,#5681,.T.);
#5683=ORIENTED_EDGE('',*,*,#5682,.T.);
#5684=EDGE_LOOP('',(#5661,#5669,#5677,#5683));
#5685=FACE_BOUND('',#5684,.T.);
#5686=ADVANCED_FACE('',(#5685),#5660,.T.);
#5687=CARTESIAN_POINT('',(131.6,40.662067804,7.057459202));
#5688=DIRECTION('',(0.,1.,0.));
#5689=DIRECTION('',(0.,-0.,1.));
#5690=AXIS2_PLACEMENT_3D('',#5687,#5688,#5689);
#5691=PLANE('',#5690);
#5692=CARTESIAN_POINT('',(132.5,40.662067804,7.057459202));
#5693=VERTEX_POINT('',#5692);
#5694=CARTESIAN_POINT('',(130.7,40.662067804,7.057459202));
#5695=VERTEX_POINT('',#5694);
#5696=CARTESIAN_POINT('',(132.5,40.662067804,7.057459202));
#5697=DIRECTION('',(-1.,0.,0.));
#5698=VECTOR('',#5697,1.8);
#5699=LINE('',#5696,#5698);
#5700=EDGE_CURVE('',#5693,#5695,#5699,.T.);
#5701=ORIENTED_EDGE('',*,*,#5700,.T.);
#5702=CARTESIAN_POINT('',(130.7,40.662067804,7.057459202));
#5703=DIRECTION('',(0.,-0.,1.));
#5704=VECTOR('',#5703,0.4);
#5705=LINE('',#5702,#5704);
#5706=EDGE_CURVE('',#5695,#1897,#5705,.T.);
#5707=ORIENTED_EDGE('',*,*,#5706,.T.);
#5708=ORIENTED_EDGE('',*,*,#1902,.F.);
#5709=CARTESIAN_POINT('',(132.5,40.662067804,7.457459202));
#5710=DIRECTION('',(-0.,0.,-1.));
#5711=VECTOR('',#5710,0.4);
#5712=LINE('',#5709,#5711);
#5713=EDGE_CURVE('',#1888,#5693,#5712,.T.);
#5714=ORIENTED_EDGE('',*,*,#5713,.T.);
#5715=EDGE_LOOP('',(#5701,#5707,#5708,#5714));
#5716=FACE_BOUND('',#5715,.T.);
#5717=ADVANCED_FACE('',(#5716),#5691,.T.);
#5718=CARTESIAN_POINT('',(132.6,42.037067804,7.057459202));
#5719=DIRECTION('',(-1.,0.,0.));
#5720=DIRECTION('',(0.,-0.,1.));
#5721=AXIS2_PLACEMENT_3D('',#5718,#5719,#5720);
#5722=PLANE('',#5721);
#5723=CARTESIAN_POINT('',(132.6,42.062067804,7.057459202));
#5724=VERTEX_POINT('',#5723);
#5725=CARTESIAN_POINT('',(132.6,40.762067804,7.057459202));
#5726=VERTEX_POINT('',#5725);
#5727=CARTESIAN_POINT('',(132.6,42.062067804,7.057459202));
#5728=DIRECTION('',(0.,-1.,-0.));
#5729=VECTOR('',#5728,1.3);
#5730=LINE('',#5727,#5729);
#5731=EDGE_CURVE('',#5724,#5726,#5730,.T.);
#5732=ORIENTED_EDGE('',*,*,#5731,.T.);
#5733=CARTESIAN_POINT('',(132.6,40.762067804,7.057459202));
#5734=DIRECTION('',(0.,-0.,1.));
#5735=VECTOR('',#5734,0.4);
#5736=LINE('',#5733,#5735);
#5737=EDGE_CURVE('',#5726,#1880,#5736,.T.);
#5738=ORIENTED_EDGE('',*,*,#5737,.T.);
#5739=ORIENTED_EDGE('',*,*,#1885,.F.);
#5740=CARTESIAN_POINT('',(132.6,42.062067804,7.457459202));
#5741=DIRECTION('',(-0.,0.,-1.));
#5742=VECTOR('',#5741,0.4);
#5743=LINE('',#5740,#5742);
#5744=EDGE_CURVE('',#1871,#5724,#5743,.T.);
#5745=ORIENTED_EDGE('',*,*,#5744,.T.);
#5746=EDGE_LOOP('',(#5732,#5738,#5739,#5745));
#5747=FACE_BOUND('',#5746,.T.);
#5748=ADVANCED_FACE('',(#5747),#5722,.T.);
#5749=CARTESIAN_POINT('',(133.1,42.162067804,7.057459202));
#5750=DIRECTION('',(0.,-1.,-0.));
#5751=DIRECTION('',(0.,0.,-1.));
#5752=AXIS2_PLACEMENT_3D('',#5749,#5750,#5751);
#5753=PLANE('',#5752);
#5754=ORIENTED_EDGE('',*,*,#1868,.T.);
#5755=CARTESIAN_POINT('',(133.391937515,42.162067804,7.057459202));
#5756=VERTEX_POINT('',#5755);
#5757=CARTESIAN_POINT('',(133.391937515,42.162067804,7.457459202));
#5758=DIRECTION('',(-0.,0.,-1.));
#5759=VECTOR('',#5758,0.4);
#5760=LINE('',#5757,#5759);
#5761=EDGE_CURVE('',#1854,#5756,#5760,.T.);
#5762=ORIENTED_EDGE('',*,*,#5761,.T.);
#5763=CARTESIAN_POINT('',(132.7,42.162067804,7.057459202));
#5764=VERTEX_POINT('',#5763);
#5765=CARTESIAN_POINT('',(132.7,42.162067804,7.057459202));
#5766=DIRECTION('',(1.,0.,-0.));
#5767=VECTOR('',#5766,0.691937515);
#5768=LINE('',#5765,#5767);
#5769=EDGE_CURVE('',#5764,#5756,#5768,.T.);
#5770=ORIENTED_EDGE('',*,*,#5769,.F.);
#5771=CARTESIAN_POINT('',(132.7,42.162067804,7.057459202));
#5772=DIRECTION('',(0.,-0.,1.));
#5773=VECTOR('',#5772,0.4);
#5774=LINE('',#5771,#5773);
#5775=EDGE_CURVE('',#5764,#1863,#5774,.T.);
#5776=ORIENTED_EDGE('',*,*,#5775,.T.);
#5777=EDGE_LOOP('',(#5754,#5762,#5770,#5776));
#5778=FACE_BOUND('',#5777,.T.);
#5779=ADVANCED_FACE('',(#5778),#5753,.F.);
#5780=CARTESIAN_POINT('',(132.,44.162067804,7.057459202));
#5781=DIRECTION('',(0.780868809,0.624695048,-0.));
#5782=DIRECTION('',(-0.624695048,0.780868809,0.));
#5783=AXIS2_PLACEMENT_3D('',#5780,#5781,#5782);
#5784=PLANE('',#5783);
#5785=ORIENTED_EDGE('',*,*,#1851,.T.);
#5786=CARTESIAN_POINT('',(131.678086881,44.564459203,7.057459202));
#5787=VERTEX_POINT('',#5786);
#5788=CARTESIAN_POINT('',(131.678086881,44.564459203,7.457459202));
#5789=DIRECTION('',(-0.,0.,-1.));
#5790=VECTOR('',#5789,0.4);
#5791=LINE('',#5788,#5790);
#5792=EDGE_CURVE('',#1837,#5787,#5791,.T.);
#5793=ORIENTED_EDGE('',*,*,#5792,.T.);
#5794=CARTESIAN_POINT('',(133.470024396,42.324537309,7.057459202));
#5795=VERTEX_POINT('',#5794);
#5796=CARTESIAN_POINT('',(133.470024396,42.324537309,7.057459202));
#5797=DIRECTION('',(-0.624695048,0.780868809,0.));
#5798=VECTOR('',#5797,2.868499634);
#5799=LINE('',#5796,#5798);
#5800=EDGE_CURVE('',#5795,#5787,#5799,.T.);
#5801=ORIENTED_EDGE('',*,*,#5800,.F.);
#5802=CARTESIAN_POINT('',(133.470024396,42.324537309,7.057459202));
#5803=DIRECTION('',(0.,-0.,1.));
#5804=VECTOR('',#5803,0.4);
#5805=LINE('',#5802,#5804);
#5806=EDGE_CURVE('',#5795,#1846,#5805,.T.);
#5807=ORIENTED_EDGE('',*,*,#5806,.T.);
#5808=EDGE_LOOP('',(#5785,#5793,#5801,#5807));
#5809=FACE_BOUND('',#5808,.T.);
#5810=ADVANCED_FACE('',(#5809),#5784,.F.);
#5811=CARTESIAN_POINT('',(1.6,5.662067804,7.057459202));
#5812=DIRECTION('',(0.,-0.,1.));
#5813=DIRECTION('',(1.,0.,0.));
#5814=AXIS2_PLACEMENT_3D('',#5811,#5812,#5813);
#5815=PLANE('',#5814);
#5816=ORIENTED_EDGE('',*,*,#5614,.T.);
#5817=CARTESIAN_POINT('',(129.808062485,42.262067804,7.057459202));
#5818=DIRECTION('',(0.,-0.,1.));
#5819=DIRECTION('',(1.,0.,0.));
#5820=AXIS2_PLACEMENT_3D('',#5817,#5818,#5819);
#5821=CIRCLE('',#5820,0.1);
#5822=EDGE_CURVE('',#5601,#5633,#5821,.T.);
#5823=ORIENTED_EDGE('',*,*,#5822,.T.);
#5824=ORIENTED_EDGE('',*,*,#5638,.F.);
#5825=CARTESIAN_POINT('',(130.5,42.062067804,7.057459202));
#5826=DIRECTION('',(-0.,0.,-1.));
#5827=DIRECTION('',(1.,0.,0.));
#5828=AXIS2_PLACEMENT_3D('',#5825,#5826,#5827);
#5829=CIRCLE('',#5828,0.1);
#5830=EDGE_CURVE('',#5631,#5671,#5829,.T.);
#5831=ORIENTED_EDGE('',*,*,#5830,.T.);
#5832=ORIENTED_EDGE('',*,*,#5676,.F.);
#5833=CARTESIAN_POINT('',(130.7,40.762067804,7.057459202));
#5834=DIRECTION('',(0.,-0.,1.));
#5835=DIRECTION('',(1.,0.,0.));
#5836=AXIS2_PLACEMENT_3D('',#5833,#5834,#5835);
#5837=CIRCLE('',#5836,0.1);
#5838=EDGE_CURVE('',#5663,#5695,#5837,.T.);
#5839=ORIENTED_EDGE('',*,*,#5838,.T.);
#5840=ORIENTED_EDGE('',*,*,#5700,.F.);
#5841=CARTESIAN_POINT('',(132.5,40.762067804,7.057459202));
#5842=DIRECTION('',(0.,-0.,1.));
#5843=DIRECTION('',(1.,0.,0.));
#5844=AXIS2_PLACEMENT_3D('',#5841,#5842,#5843);
#5845=CIRCLE('',#5844,0.1);
#5846=EDGE_CURVE('',#5693,#5726,#5845,.T.);
#5847=ORIENTED_EDGE('',*,*,#5846,.T.);
#5848=ORIENTED_EDGE('',*,*,#5731,.F.);
#5849=CARTESIAN_POINT('',(132.7,42.062067804,7.057459202));
#5850=DIRECTION('',(-0.,0.,-1.));
#5851=DIRECTION('',(1.,0.,0.));
#5852=AXIS2_PLACEMENT_3D('',#5849,#5850,#5851);
#5853=CIRCLE('',#5852,0.1);
#5854=EDGE_CURVE('',#5724,#5764,#5853,.T.);
#5855=ORIENTED_EDGE('',*,*,#5854,.T.);
#5856=ORIENTED_EDGE('',*,*,#5769,.T.);
#5857=CARTESIAN_POINT('',(133.391937515,42.262067804,7.057459202));
#5858=DIRECTION('',(0.,-0.,1.));
#5859=DIRECTION('',(1.,0.,0.));
#5860=AXIS2_PLACEMENT_3D('',#5857,#5858,#5859);
#5861=CIRCLE('',#5860,0.1);
#5862=EDGE_CURVE('',#5756,#5795,#5861,.T.);
#5863=ORIENTED_EDGE('',*,*,#5862,.T.);
#5864=ORIENTED_EDGE('',*,*,#5800,.T.);
#5865=CARTESIAN_POINT('',(131.6,44.501989698,7.057459202));
#5866=DIRECTION('',(0.,-0.,1.));
#5867=DIRECTION('',(1.,0.,0.));
#5868=AXIS2_PLACEMENT_3D('',#5865,#5866,#5867);
#5869=CIRCLE('',#5868,0.1);
#5870=EDGE_CURVE('',#5787,#5609,#5869,.T.);
#5871=ORIENTED_EDGE('',*,*,#5870,.T.);
#5872=EDGE_LOOP('',(#5816,#5823,#5824,#5831,#5832,#5839,#5840,#5847,#5848,#5855,#5856,#5863,#5864,#5871));
#5873=FACE_BOUND('',#5872,.T.);
#5874=ADVANCED_FACE('',(#5873),#5815,.T.);
#5875=CARTESIAN_POINT('',(129.808062485,42.262067804,7.057459202));
#5876=DIRECTION('',(0.,-0.,1.));
#5877=DIRECTION('',(1.,0.,0.));
#5878=AXIS2_PLACEMENT_3D('',#5875,#5876,#5877);
#5879=CYLINDRICAL_SURFACE('',#5878,0.1);
#5880=ORIENTED_EDGE('',*,*,#5822,.F.);
#5881=ORIENTED_EDGE('',*,*,#5606,.F.);
#5882=ORIENTED_EDGE('',*,*,#1826,.F.);
#5883=ORIENTED_EDGE('',*,*,#5644,.F.);
#5884=EDGE_LOOP('',(#5880,#5881,#5882,#5883));
#5885=FACE_BOUND('',#5884,.T.);
#5886=ADVANCED_FACE('',(#5885),#5879,.F.);
#5887=CARTESIAN_POINT('',(130.7,40.762067804,7.057459202));
#5888=DIRECTION('',(0.,0.,-1.));
#5889=DIRECTION('',(-1.,0.,0.));
#5890=AXIS2_PLACEMENT_3D('',#5887,#5888,#5889);
#5891=CYLINDRICAL_SURFACE('',#5890,0.1);
#5892=ORIENTED_EDGE('',*,*,#5838,.F.);
#5893=ORIENTED_EDGE('',*,*,#5668,.F.);
#5894=ORIENTED_EDGE('',*,*,#1909,.F.);
#5895=ORIENTED_EDGE('',*,*,#5706,.F.);
#5896=EDGE_LOOP('',(#5892,#5893,#5894,#5895));
#5897=FACE_BOUND('',#5896,.T.);
#5898=ADVANCED_FACE('',(#5897),#5891,.F.);
#5899=CARTESIAN_POINT('',(130.5,42.062067804,7.057459202));
#5900=DIRECTION('',(0.,-0.,1.));
#5901=DIRECTION('',(1.,0.,0.));
#5902=AXIS2_PLACEMENT_3D('',#5899,#5900,#5901);
#5903=CYLINDRICAL_SURFACE('',#5902,0.1);
#5904=ORIENTED_EDGE('',*,*,#5830,.F.);
#5905=ORIENTED_EDGE('',*,*,#5651,.F.);
#5906=ORIENTED_EDGE('',*,*,#1809,.F.);
#5907=ORIENTED_EDGE('',*,*,#5682,.F.);
#5908=EDGE_LOOP('',(#5904,#5905,#5906,#5907));
#5909=FACE_BOUND('',#5908,.T.);
#5910=ADVANCED_FACE('',(#5909),#5903,.T.);
#5911=CARTESIAN_POINT('',(132.5,40.762067804,7.057459202));
#5912=DIRECTION('',(0.,0.,-1.));
#5913=DIRECTION('',(-1.,0.,0.));
#5914=AXIS2_PLACEMENT_3D('',#5911,#5912,#5913);
#5915=CYLINDRICAL_SURFACE('',#5914,0.1);
#5916=ORIENTED_EDGE('',*,*,#5846,.F.);
#5917=ORIENTED_EDGE('',*,*,#5713,.F.);
#5918=ORIENTED_EDGE('',*,*,#1894,.F.);
#5919=ORIENTED_EDGE('',*,*,#5737,.F.);
#5920=EDGE_LOOP('',(#5916,#5917,#5918,#5919));
#5921=FACE_BOUND('',#5920,.T.);
#5922=ADVANCED_FACE('',(#5921),#5915,.F.);
#5923=CARTESIAN_POINT('',(131.6,44.501989698,7.057459202));
#5924=DIRECTION('',(0.,0.,-1.));
#5925=DIRECTION('',(-1.,0.,0.));
#5926=AXIS2_PLACEMENT_3D('',#5923,#5924,#5925);
#5927=CYLINDRICAL_SURFACE('',#5926,0.1);
#5928=ORIENTED_EDGE('',*,*,#5870,.F.);
#5929=ORIENTED_EDGE('',*,*,#5792,.F.);
#5930=ORIENTED_EDGE('',*,*,#1843,.F.);
#5931=ORIENTED_EDGE('',*,*,#5620,.F.);
#5932=EDGE_LOOP('',(#5928,#5929,#5930,#5931));
#5933=FACE_BOUND('',#5932,.T.);
#5934=ADVANCED_FACE('',(#5933),#5927,.F.);
#5935=CARTESIAN_POINT('',(133.391937515,42.262067804,7.057459202));
#5936=DIRECTION('',(0.,0.,-1.));
#5937=DIRECTION('',(-1.,0.,0.));
#5938=AXIS2_PLACEMENT_3D('',#5935,#5936,#5937);
#5939=CYLINDRICAL_SURFACE('',#5938,0.1);
#5940=ORIENTED_EDGE('',*,*,#5862,.F.);
#5941=ORIENTED_EDGE('',*,*,#5761,.F.);
#5942=ORIENTED_EDGE('',*,*,#1860,.F.);
#5943=ORIENTED_EDGE('',*,*,#5806,.F.);
#5944=EDGE_LOOP('',(#5940,#5941,#5942,#5943));
#5945=FACE_BOUND('',#5944,.T.);
#5946=ADVANCED_FACE('',(#5945),#5939,.F.);
#5947=CARTESIAN_POINT('',(132.7,42.062067804,7.057459202));
#5948=DIRECTION('',(0.,0.,-1.));
#5949=DIRECTION('',(-1.,0.,0.));
#5950=AXIS2_PLACEMENT_3D('',#5947,#5948,#5949);
#5951=CYLINDRICAL_SURFACE('',#5950,0.1);
#5952=ORIENTED_EDGE('',*,*,#5854,.F.);
#5953=ORIENTED_EDGE('',*,*,#5744,.F.);
#5954=ORIENTED_EDGE('',*,*,#1877,.F.);
#5955=ORIENTED_EDGE('',*,*,#5775,.F.);
#5956=EDGE_LOOP('',(#5952,#5953,#5954,#5955));
#5957=FACE_BOUND('',#5956,.T.);
#5958=ADVANCED_FACE('',(#5957),#5951,.T.);
#5959=CARTESIAN_POINT('',(131.5,74.932561221,13.319287837));
#5960=DIRECTION('',(0.,-0.,1.));
#5961=DIRECTION('',(1.,0.,0.));
#5962=AXIS2_PLACEMENT_3D('',#5959,#5960,#5961);
#5963=PLANE('',#5962);
#5964=ORIENTED_EDGE('',*,*,#787,.F.);
#5965=CARTESIAN_POINT('',(130.5,53.420661221,13.319287837));
#5966=DIRECTION('',(0.,-1.,-0.));
#5967=VECTOR('',#5966,0.8);
#5968=LINE('',#5965,#5967);
#5969=EDGE_CURVE('',#773,#1284,#5968,.T.);
#5970=ORIENTED_EDGE('',*,*,#5969,.T.);
#5971=ORIENTED_EDGE('',*,*,#1289,.F.);
#5972=CARTESIAN_POINT('',(132.5,52.620661221,13.319287837));
#5973=DIRECTION('',(-0.,1.,0.));
#5974=VECTOR('',#5973,0.8);
#5975=LINE('',#5972,#5974);
#5976=EDGE_CURVE('',#1275,#782,#5975,.T.);
#5977=ORIENTED_EDGE('',*,*,#5976,.T.);
#5978=EDGE_LOOP('',(#5964,#5970,#5971,#5977));
#5979=FACE_BOUND('',#5978,.T.);
#5980=ADVANCED_FACE('',(#5979),#5963,.T.);
#5981=CARTESIAN_POINT('',(130.,74.932561221,14.319287837));
#5982=DIRECTION('',(1.,0.,0.));
#5983=DIRECTION('',(0.,0.,-1.));
#5984=AXIS2_PLACEMENT_3D('',#5981,#5982,#5983);
#5985=PLANE('',#5984);
#5986=ORIENTED_EDGE('',*,*,#1238,.F.);
#5987=CARTESIAN_POINT('',(130.,52.620661221,13.819287837));
#5988=DIRECTION('',(-0.,1.,0.));
#5989=VECTOR('',#5988,0.8);
#5990=LINE('',#5987,#5989);
#5991=EDGE_CURVE('',#1231,#765,#5990,.T.);
#5992=ORIENTED_EDGE('',*,*,#5991,.T.);
#5993=ORIENTED_EDGE('',*,*,#770,.F.);
#5994=CARTESIAN_POINT('',(130.,53.420661221,14.819287837));
#5995=DIRECTION('',(0.,-1.,-0.));
#5996=VECTOR('',#5995,0.8);
#5997=LINE('',#5994,#5996);
#5998=EDGE_CURVE('',#763,#1233,#5997,.T.);
#5999=ORIENTED_EDGE('',*,*,#5998,.T.);
#6000=EDGE_LOOP('',(#5986,#5992,#5993,#5999));
#6001=FACE_BOUND('',#6000,.T.);
#6002=ADVANCED_FACE('',(#6001),#5985,.T.);
#6003=CARTESIAN_POINT('',(131.5,74.932561221,15.319287837));
#6004=DIRECTION('',(0.,0.,-1.));
#6005=DIRECTION('',(-1.,0.,0.));
#6006=AXIS2_PLACEMENT_3D('',#6003,#6004,#6005);
#6007=PLANE('',#6006);
#6008=ORIENTED_EDGE('',*,*,#1255,.F.);
#6009=CARTESIAN_POINT('',(130.5,52.620661221,15.319287837));
#6010=DIRECTION('',(-0.,1.,0.));
#6011=VECTOR('',#6010,0.8);
#6012=LINE('',#6009,#6011);
#6013=EDGE_CURVE('',#1241,#816,#6012,.T.);
#6014=ORIENTED_EDGE('',*,*,#6013,.T.);
#6015=ORIENTED_EDGE('',*,*,#821,.F.);
#6016=CARTESIAN_POINT('',(132.5,53.420661221,15.319287837));
#6017=DIRECTION('',(0.,-1.,-0.));
#6018=VECTOR('',#6017,0.8);
#6019=LINE('',#6016,#6018);
#6020=EDGE_CURVE('',#807,#1250,#6019,.T.);
#6021=ORIENTED_EDGE('',*,*,#6020,.T.);
#6022=EDGE_LOOP('',(#6008,#6014,#6015,#6021));
#6023=FACE_BOUND('',#6022,.T.);
#6024=ADVANCED_FACE('',(#6023),#6007,.T.);
#6025=CARTESIAN_POINT('',(133.,74.932561221,14.319287837));
#6026=DIRECTION('',(-1.,0.,0.));
#6027=DIRECTION('',(0.,-0.,1.));
#6028=AXIS2_PLACEMENT_3D('',#6025,#6026,#6027);
#6029=PLANE('',#6028);
#6030=ORIENTED_EDGE('',*,*,#804,.F.);
#6031=CARTESIAN_POINT('',(133.,53.420661221,13.819287837));
#6032=DIRECTION('',(0.,-1.,-0.));
#6033=VECTOR('',#6032,0.8);
#6034=LINE('',#6031,#6033);
#6035=EDGE_CURVE('',#790,#1267,#6034,.T.);
#6036=ORIENTED_EDGE('',*,*,#6035,.T.);
#6037=ORIENTED_EDGE('',*,*,#1272,.F.);
#6038=CARTESIAN_POINT('',(133.,52.620661221,14.819287837));
#6039=DIRECTION('',(-0.,1.,0.));
#6040=VECTOR('',#6039,0.8);
#6041=LINE('',#6038,#6040);
#6042=EDGE_CURVE('',#1258,#799,#6041,.T.);
#6043=ORIENTED_EDGE('',*,*,#6042,.T.);
#6044=EDGE_LOOP('',(#6030,#6036,#6037,#6043));
#6045=FACE_BOUND('',#6044,.T.);
#6046=ADVANCED_FACE('',(#6045),#6029,.T.);
#6047=CARTESIAN_POINT('',(133.,72.932561221,14.319287837));
#6048=DIRECTION('',(-1.,0.,0.));
#6049=DIRECTION('',(0.,-0.,1.));
#6050=AXIS2_PLACEMENT_3D('',#6047,#6048,#6049);
#6051=PLANE('',#6050);
#6052=ORIENTED_EDGE('',*,*,#1092,.T.);
#6053=CARTESIAN_POINT('',(133.,-56.267438779,13.819287837));
#6054=DIRECTION('',(0.,-1.,-0.));
#6055=VECTOR('',#6054,0.8);
#6056=LINE('',#6053,#6055);
#6057=EDGE_CURVE('',#1087,#975,#6056,.T.);
#6058=ORIENTED_EDGE('',*,*,#6057,.T.);
#6059=ORIENTED_EDGE('',*,*,#980,.F.);
#6060=CARTESIAN_POINT('',(133.,-57.067438779,14.819287837));
#6061=DIRECTION('',(-0.,1.,0.));
#6062=VECTOR('',#6061,0.8);
#6063=LINE('',#6060,#6062);
#6064=EDGE_CURVE('',#966,#1085,#6063,.T.);
#6065=ORIENTED_EDGE('',*,*,#6064,.T.);
#6066=EDGE_LOOP('',(#6052,#6058,#6059,#6065));
#6067=FACE_BOUND('',#6066,.T.);
#6068=ADVANCED_FACE('',(#6067),#6051,.T.);
#6069=CARTESIAN_POINT('',(131.5,72.932561221,15.319287837));
#6070=DIRECTION('',(0.,0.,-1.));
#6071=DIRECTION('',(-1.,0.,0.));
#6072=AXIS2_PLACEMENT_3D('',#6069,#6070,#6071);
#6073=PLANE('',#6072);
#6074=ORIENTED_EDGE('',*,*,#963,.F.);
#6075=CARTESIAN_POINT('',(130.5,-57.067438779,15.319287837));
#6076=DIRECTION('',(-0.,1.,0.));
#6077=VECTOR('',#6076,0.8);
#6078=LINE('',#6075,#6077);
#6079=EDGE_CURVE('',#949,#1104,#6078,.T.);
#6080=ORIENTED_EDGE('',*,*,#6079,.T.);
#6081=ORIENTED_EDGE('',*,*,#1109,.T.);
#6082=CARTESIAN_POINT('',(132.5,-56.267438779,15.319287837));
#6083=DIRECTION('',(0.,-1.,-0.));
#6084=VECTOR('',#6083,0.8);
#6085=LINE('',#6082,#6084);
#6086=EDGE_CURVE('',#1095,#958,#6085,.T.);
#6087=ORIENTED_EDGE('',*,*,#6086,.T.);
#6088=EDGE_LOOP('',(#6074,#6080,#6081,#6087));
#6089=FACE_BOUND('',#6088,.T.);
#6090=ADVANCED_FACE('',(#6089),#6073,.T.);
#6091=CARTESIAN_POINT('',(130.,72.932561221,14.319287837));
#6092=DIRECTION('',(1.,0.,0.));
#6093=DIRECTION('',(0.,0.,-1.));
#6094=AXIS2_PLACEMENT_3D('',#6091,#6092,#6093);
#6095=PLANE('',#6094);
#6096=ORIENTED_EDGE('',*,*,#1126,.T.);
#6097=CARTESIAN_POINT('',(130.,-56.267438779,14.819287837));
#6098=DIRECTION('',(0.,-1.,-0.));
#6099=VECTOR('',#6098,0.8);
#6100=LINE('',#6097,#6099);
#6101=EDGE_CURVE('',#1112,#941,#6100,.T.);
#6102=ORIENTED_EDGE('',*,*,#6101,.T.);
#6103=ORIENTED_EDGE('',*,*,#946,.F.);
#6104=CARTESIAN_POINT('',(130.,-57.067438779,13.819287837));
#6105=DIRECTION('',(-0.,1.,0.));
#6106=VECTOR('',#6105,0.8);
#6107=LINE('',#6104,#6106);
#6108=EDGE_CURVE('',#939,#1121,#6107,.T.);
#6109=ORIENTED_EDGE('',*,*,#6108,.T.);
#6110=EDGE_LOOP('',(#6096,#6102,#6103,#6109));
#6111=FACE_BOUND('',#6110,.T.);
#6112=ADVANCED_FACE('',(#6111),#6095,.T.);
#6113=CARTESIAN_POINT('',(131.5,72.932561221,13.319287837));
#6114=DIRECTION('',(0.,-0.,1.));
#6115=DIRECTION('',(1.,0.,0.));
#6116=AXIS2_PLACEMENT_3D('',#6113,#6114,#6115);
#6117=PLANE('',#6116);
#6118=ORIENTED_EDGE('',*,*,#997,.F.);
#6119=CARTESIAN_POINT('',(132.5,-57.067438779,13.319287837));
#6120=DIRECTION('',(-0.,1.,0.));
#6121=VECTOR('',#6120,0.8);
#6122=LINE('',#6119,#6121);
#6123=EDGE_CURVE('',#983,#1138,#6122,.T.);
#6124=ORIENTED_EDGE('',*,*,#6123,.T.);
#6125=ORIENTED_EDGE('',*,*,#1143,.T.);
#6126=CARTESIAN_POINT('',(130.5,-56.267438779,13.319287837));
#6127=DIRECTION('',(0.,-1.,-0.));
#6128=VECTOR('',#6127,0.8);
#6129=LINE('',#6126,#6128);
#6130=EDGE_CURVE('',#1129,#992,#6129,.T.);
#6131=ORIENTED_EDGE('',*,*,#6130,.T.);
#6132=EDGE_LOOP('',(#6118,#6124,#6125,#6131));
#6133=FACE_BOUND('',#6132,.T.);
#6134=ADVANCED_FACE('',(#6133),#6117,.T.);
#6135=CARTESIAN_POINT('',(130.5,74.932561221,13.819287837));
#6136=DIRECTION('',(0.,1.,0.));
#6137=DIRECTION('',(0.,-0.,1.));
#6138=AXIS2_PLACEMENT_3D('',#6135,#6136,#6137);
#6139=CYLINDRICAL_SURFACE('',#6138,0.5);
#6140=ORIENTED_EDGE('',*,*,#779,.F.);
#6141=ORIENTED_EDGE('',*,*,#5991,.F.);
#6142=ORIENTED_EDGE('',*,*,#1296,.F.);
#6143=ORIENTED_EDGE('',*,*,#5969,.F.);
#6144=EDGE_LOOP('',(#6140,#6141,#6142,#6143));
#6145=FACE_BOUND('',#6144,.T.);
#6146=ADVANCED_FACE('',(#6145),#6139,.F.);
#6147=CARTESIAN_POINT('',(132.5,74.932561221,13.819287837));
#6148=DIRECTION('',(0.,1.,0.));
#6149=DIRECTION('',(0.,-0.,1.));
#6150=AXIS2_PLACEMENT_3D('',#6147,#6148,#6149);
#6151=CYLINDRICAL_SURFACE('',#6150,0.5);
#6152=ORIENTED_EDGE('',*,*,#796,.F.);
#6153=ORIENTED_EDGE('',*,*,#5976,.F.);
#6154=ORIENTED_EDGE('',*,*,#1281,.F.);
#6155=ORIENTED_EDGE('',*,*,#6035,.F.);
#6156=EDGE_LOOP('',(#6152,#6153,#6154,#6155));
#6157=FACE_BOUND('',#6156,.T.);
#6158=ADVANCED_FACE('',(#6157),#6151,.F.);
#6159=CARTESIAN_POINT('',(130.5,74.932561221,14.819287837));
#6160=DIRECTION('',(0.,1.,0.));
#6161=DIRECTION('',(0.,-0.,1.));
#6162=AXIS2_PLACEMENT_3D('',#6159,#6160,#6161);
#6163=CYLINDRICAL_SURFACE('',#6162,0.5);
#6164=ORIENTED_EDGE('',*,*,#828,.F.);
#6165=ORIENTED_EDGE('',*,*,#6013,.F.);
#6166=ORIENTED_EDGE('',*,*,#1247,.F.);
#6167=ORIENTED_EDGE('',*,*,#5998,.F.);
#6168=EDGE_LOOP('',(#6164,#6165,#6166,#6167));
#6169=FACE_BOUND('',#6168,.T.);
#6170=ADVANCED_FACE('',(#6169),#6163,.F.);
#6171=CARTESIAN_POINT('',(130.5,72.932561221,14.819287837));
#6172=DIRECTION('',(0.,1.,0.));
#6173=DIRECTION('',(0.,-0.,1.));
#6174=AXIS2_PLACEMENT_3D('',#6171,#6172,#6173);
#6175=CYLINDRICAL_SURFACE('',#6174,0.5);
#6176=ORIENTED_EDGE('',*,*,#1118,.F.);
#6177=ORIENTED_EDGE('',*,*,#6079,.F.);
#6178=ORIENTED_EDGE('',*,*,#955,.F.);
#6179=ORIENTED_EDGE('',*,*,#6101,.F.);
#6180=EDGE_LOOP('',(#6176,#6177,#6178,#6179));
#6181=FACE_BOUND('',#6180,.T.);
#6182=ADVANCED_FACE('',(#6181),#6175,.F.);
#6183=CARTESIAN_POINT('',(132.5,72.932561221,13.819287837));
#6184=DIRECTION('',(0.,1.,0.));
#6185=DIRECTION('',(0.,-0.,1.));
#6186=AXIS2_PLACEMENT_3D('',#6183,#6184,#6185);
#6187=CYLINDRICAL_SURFACE('',#6186,0.5);
#6188=ORIENTED_EDGE('',*,*,#1150,.F.);
#6189=ORIENTED_EDGE('',*,*,#6123,.F.);
#6190=ORIENTED_EDGE('',*,*,#989,.F.);
#6191=ORIENTED_EDGE('',*,*,#6057,.F.);
#6192=EDGE_LOOP('',(#6188,#6189,#6190,#6191));
#6193=FACE_BOUND('',#6192,.T.);
#6194=ADVANCED_FACE('',(#6193),#6187,.F.);
#6195=CARTESIAN_POINT('',(130.5,72.932561221,13.819287837));
#6196=DIRECTION('',(0.,1.,0.));
#6197=DIRECTION('',(0.,-0.,1.));
#6198=AXIS2_PLACEMENT_3D('',#6195,#6196,#6197);
#6199=CYLINDRICAL_SURFACE('',#6198,0.5);
#6200=ORIENTED_EDGE('',*,*,#1135,.F.);
#6201=ORIENTED_EDGE('',*,*,#6108,.F.);
#6202=ORIENTED_EDGE('',*,*,#1004,.F.);
#6203=ORIENTED_EDGE('',*,*,#6130,.F.);
#6204=EDGE_LOOP('',(#6200,#6201,#6202,#6203));
#6205=FACE_BOUND('',#6204,.T.);
#6206=ADVANCED_FACE('',(#6205),#6199,.F.);
#6207=CARTESIAN_POINT('',(132.5,74.932561221,14.819287837));
#6208=DIRECTION('',(0.,1.,0.));
#6209=DIRECTION('',(0.,-0.,1.));
#6210=AXIS2_PLACEMENT_3D('',#6207,#6208,#6209);
#6211=CYLINDRICAL_SURFACE('',#6210,0.5);
#6212=ORIENTED_EDGE('',*,*,#813,.F.);
#6213=ORIENTED_EDGE('',*,*,#6042,.F.);
#6214=ORIENTED_EDGE('',*,*,#1264,.F.);
#6215=ORIENTED_EDGE('',*,*,#6020,.F.);
#6216=EDGE_LOOP('',(#6212,#6213,#6214,#6215));
#6217=FACE_BOUND('',#6216,.T.);
#6218=ADVANCED_FACE('',(#6217),#6211,.F.);
#6219=CARTESIAN_POINT('',(132.5,72.932561221,14.819287837));
#6220=DIRECTION('',(0.,1.,0.));
#6221=DIRECTION('',(0.,-0.,1.));
#6222=AXIS2_PLACEMENT_3D('',#6219,#6220,#6221);
#6223=CYLINDRICAL_SURFACE('',#6222,0.5);
#6224=ORIENTED_EDGE('',*,*,#1101,.F.);
#6225=ORIENTED_EDGE('',*,*,#6064,.F.);
#6226=ORIENTED_EDGE('',*,*,#972,.F.);
#6227=ORIENTED_EDGE('',*,*,#6086,.F.);
#6228=EDGE_LOOP('',(#6224,#6225,#6226,#6227));
#6229=FACE_BOUND('',#6228,.T.);
#6230=ADVANCED_FACE('',(#6229),#6223,.F.);
#6231=CARTESIAN_POINT('',(125.469906052,-50.867438779,15.357459202));
#6232=DIRECTION('',(0.,1.,0.));
#6233=DIRECTION('',(0.,-0.,1.));
#6234=AXIS2_PLACEMENT_3D('',#6231,#6232,#6233);
#6235=CYLINDRICAL_SURFACE('',#6234,1.);
#6236=ORIENTED_EDGE('',*,*,#538,.F.);
#6237=CARTESIAN_POINT('',(125.469906052,-50.267438779,15.357459202));
#6238=DIRECTION('',(-0.,1.,0.));
#6239=DIRECTION('',(0.,0.,-1.));
#6240=AXIS2_PLACEMENT_3D('',#6237,#6238,#6239);
#6241=CIRCLE('',#6240,1.);
#6242=EDGE_CURVE('',#525,#4685,#6241,.T.);
#6243=ORIENTED_EDGE('',*,*,#6242,.T.);
#6244=ORIENTED_EDGE('',*,*,#4690,.F.);
#6245=CARTESIAN_POINT('',(125.469906052,-56.067438779,15.357459202));
#6246=DIRECTION('',(0.,-1.,-0.));
#6247=DIRECTION('',(0.,0.,-1.));
#6248=AXIS2_PLACEMENT_3D('',#6245,#6246,#6247);
#6249=CIRCLE('',#6248,1.);
#6250=EDGE_CURVE('',#4683,#533,#6249,.T.);
#6251=ORIENTED_EDGE('',*,*,#6250,.T.);
#6252=EDGE_LOOP('',(#6236,#6243,#6244,#6251));
#6253=FACE_BOUND('',#6252,.T.);
#6254=ADVANCED_FACE('',(#6253),#6235,.F.);
#6255=CARTESIAN_POINT('',(125.469906052,-50.867438779,9.857459202));
#6256=DIRECTION('',(0.,1.,0.));
#6257=DIRECTION('',(0.,-0.,1.));
#6258=AXIS2_PLACEMENT_3D('',#6255,#6256,#6257);
#6259=CYLINDRICAL_SURFACE('',#6258,1.);
#6260=ORIENTED_EDGE('',*,*,#2637,.F.);
#6261=CARTESIAN_POINT('',(125.469906052,-50.267438779,9.857459202));
#6262=DIRECTION('',(-0.,1.,0.));
#6263=DIRECTION('',(0.,0.,-1.));
#6264=AXIS2_PLACEMENT_3D('',#6261,#6262,#6263);
#6265=CIRCLE('',#6264,1.);
#6266=EDGE_CURVE('',#2624,#517,#6265,.T.);
#6267=ORIENTED_EDGE('',*,*,#6266,.T.);
#6268=ORIENTED_EDGE('',*,*,#522,.F.);
#6269=CARTESIAN_POINT('',(125.469906052,-56.067438779,9.857459202));
#6270=DIRECTION('',(0.,-1.,-0.));
#6271=DIRECTION('',(0.,0.,-1.));
#6272=AXIS2_PLACEMENT_3D('',#6269,#6270,#6271);
#6273=CIRCLE('',#6272,1.);
#6274=EDGE_CURVE('',#515,#2632,#6273,.T.);
#6275=ORIENTED_EDGE('',*,*,#6274,.T.);
#6276=EDGE_LOOP('',(#6260,#6267,#6268,#6275));
#6277=FACE_BOUND('',#6276,.T.);
#6278=ADVANCED_FACE('',(#6277),#6259,.F.);
#6279=CARTESIAN_POINT('',(137.469906052,-50.867438779,15.357459202));
#6280=DIRECTION('',(0.,1.,0.));
#6281=DIRECTION('',(0.,-0.,1.));
#6282=AXIS2_PLACEMENT_3D('',#6279,#6280,#6281);
#6283=CYLINDRICAL_SURFACE('',#6282,1.);
#6284=ORIENTED_EDGE('',*,*,#4706,.F.);
#6285=CARTESIAN_POINT('',(137.469906052,-50.267438779,15.357459202));
#6286=DIRECTION('',(-0.,1.,0.));
#6287=DIRECTION('',(0.,0.,-1.));
#6288=AXIS2_PLACEMENT_3D('',#6285,#6286,#6287);
#6289=CIRCLE('',#6288,1.);
#6290=EDGE_CURVE('',#4693,#591,#6289,.T.);
#6291=ORIENTED_EDGE('',*,*,#6290,.T.);
#6292=ORIENTED_EDGE('',*,*,#596,.F.);
#6293=CARTESIAN_POINT('',(137.469906052,-56.067438779,15.357459202));
#6294=DIRECTION('',(0.,-1.,-0.));
#6295=DIRECTION('',(0.,0.,-1.));
#6296=AXIS2_PLACEMENT_3D('',#6293,#6294,#6295);
#6297=CIRCLE('',#6296,1.);
#6298=EDGE_CURVE('',#589,#4701,#6297,.T.);
#6299=ORIENTED_EDGE('',*,*,#6298,.T.);
#6300=EDGE_LOOP('',(#6284,#6291,#6292,#6299));
#6301=FACE_BOUND('',#6300,.T.);
#6302=ADVANCED_FACE('',(#6301),#6283,.F.);
#6303=CARTESIAN_POINT('',(137.469906052,-50.867438779,9.857459202));
#6304=DIRECTION('',(0.,1.,0.));
#6305=DIRECTION('',(0.,-0.,1.));
#6306=AXIS2_PLACEMENT_3D('',#6303,#6304,#6305);
#6307=CYLINDRICAL_SURFACE('',#6306,1.);
#6308=ORIENTED_EDGE('',*,*,#612,.F.);
#6309=CARTESIAN_POINT('',(137.469906052,-50.267438779,9.857459202));
#6310=DIRECTION('',(-0.,1.,0.));
#6311=DIRECTION('',(0.,0.,-1.));
#6312=AXIS2_PLACEMENT_3D('',#6309,#6310,#6311);
#6313=CIRCLE('',#6312,1.);
#6314=EDGE_CURVE('',#599,#2616,#6313,.T.);
#6315=ORIENTED_EDGE('',*,*,#6314,.T.);
#6316=ORIENTED_EDGE('',*,*,#2621,.F.);
#6317=CARTESIAN_POINT('',(137.469906052,-56.067438779,9.857459202));
#6318=DIRECTION('',(0.,-1.,-0.));
#6319=DIRECTION('',(0.,0.,-1.));
#6320=AXIS2_PLACEMENT_3D('',#6317,#6318,#6319);
#6321=CIRCLE('',#6320,1.);
#6322=EDGE_CURVE('',#2614,#607,#6321,.T.);
#6323=ORIENTED_EDGE('',*,*,#6322,.T.);
#6324=EDGE_LOOP('',(#6308,#6315,#6316,#6323));
#6325=FACE_BOUND('',#6324,.T.);
#6326=ADVANCED_FACE('',(#6325),#6307,.F.);
#6327=CARTESIAN_POINT('',(137.469906052,-50.067438779,15.357459202));
#6328=DIRECTION('',(0.,1.,0.));
#6329=DIRECTION('',(0.,-0.,1.));
#6330=AXIS2_PLACEMENT_3D('',#6327,#6328,#6329);
#6331=CONICAL_SURFACE('',#6330,1.2,45.);
#6332=CARTESIAN_POINT('',(138.469906052,-50.267438779,15.357459202));
#6333=DIRECTION('',(0.707106781,0.707106781,0.));
#6334=VECTOR('',#6333,0.282842712);
#6335=LINE('',#6332,#6334);
#6336=EDGE_CURVE('',#591,#2194,#6335,.T.);
#6337=ORIENTED_EDGE('',*,*,#6336,.F.);
#6338=ORIENTED_EDGE('',*,*,#6290,.F.);
#6339=CARTESIAN_POINT('',(137.469906052,-50.067438779,16.557459202));
#6340=DIRECTION('',(0.,-0.707106781,-0.707106781));
#6341=VECTOR('',#6340,0.282842712);
#6342=LINE('',#6339,#6341);
#6343=EDGE_CURVE('',#2202,#4693,#6342,.T.);
#6344=ORIENTED_EDGE('',*,*,#6343,.F.);
#6345=ORIENTED_EDGE('',*,*,#2208,.F.);
#6346=EDGE_LOOP('',(#6337,#6338,#6344,#6345));
#6347=FACE_BOUND('',#6346,.T.);
#6348=ADVANCED_FACE('',(#6347),#6331,.F.);
#6349=CARTESIAN_POINT('',(0.132499365,-50.067438779,16.557459202));
#6350=DIRECTION('',(0.,-0.707106781,0.707106781));
#6351=DIRECTION('',(-1.,0.,0.));
#6352=AXIS2_PLACEMENT_3D('',#6349,#6350,#6351);
#6353=PLANE('',#6352);
#6354=ORIENTED_EDGE('',*,*,#6343,.T.);
#6355=ORIENTED_EDGE('',*,*,#4698,.F.);
#6356=CARTESIAN_POINT('',(125.469906052,-50.067438779,16.557459202));
#6357=DIRECTION('',(0.,-0.707106781,-0.707106781));
#6358=VECTOR('',#6357,0.282842712);
#6359=LINE('',#6356,#6358);
#6360=EDGE_CURVE('',#2211,#4685,#6359,.T.);
#6361=ORIENTED_EDGE('',*,*,#6360,.F.);
#6362=ORIENTED_EDGE('',*,*,#2216,.F.);
#6363=EDGE_LOOP('',(#6354,#6355,#6361,#6362));
#6364=FACE_BOUND('',#6363,.T.);
#6365=ADVANCED_FACE('',(#6364),#6353,.F.);
#6366=CARTESIAN_POINT('',(138.669906052,-50.067438779,21.757459202));
#6367=DIRECTION('',(0.707106781,-0.707106781,-0.));
#6368=DIRECTION('',(0.,-0.,1.));
#6369=AXIS2_PLACEMENT_3D('',#6366,#6367,#6368);
#6370=PLANE('',#6369);
#6371=ORIENTED_EDGE('',*,*,#6336,.T.);
#6372=ORIENTED_EDGE('',*,*,#2199,.F.);
#6373=CARTESIAN_POINT('',(138.469906052,-50.267438779,9.857459202));
#6374=DIRECTION('',(0.707106781,0.707106781,0.));
#6375=VECTOR('',#6374,0.282842712);
#6376=LINE('',#6373,#6375);
#6377=EDGE_CURVE('',#599,#2185,#6376,.T.);
#6378=ORIENTED_EDGE('',*,*,#6377,.F.);
#6379=ORIENTED_EDGE('',*,*,#604,.F.);
#6380=EDGE_LOOP('',(#6371,#6372,#6378,#6379));
#6381=FACE_BOUND('',#6380,.T.);
#6382=ADVANCED_FACE('',(#6381),#6370,.F.);
#6383=CARTESIAN_POINT('',(125.469906052,-50.067438779,15.357459202));
#6384=DIRECTION('',(0.,1.,0.));
#6385=DIRECTION('',(0.,-0.,1.));
#6386=AXIS2_PLACEMENT_3D('',#6383,#6384,#6385);
#6387=CONICAL_SURFACE('',#6386,1.2,45.);
#6388=ORIENTED_EDGE('',*,*,#6360,.T.);
#6389=ORIENTED_EDGE('',*,*,#6242,.F.);
#6390=CARTESIAN_POINT('',(124.269906052,-50.067438779,15.357459202));
#6391=DIRECTION('',(0.707106781,-0.707106781,-0.));
#6392=VECTOR('',#6391,0.282842712);
#6393=LINE('',#6390,#6392);
#6394=EDGE_CURVE('',#2158,#525,#6393,.T.);
#6395=ORIENTED_EDGE('',*,*,#6394,.F.);
#6396=ORIENTED_EDGE('',*,*,#2223,.F.);
#6397=EDGE_LOOP('',(#6388,#6389,#6395,#6396));
#6398=FACE_BOUND('',#6397,.T.);
#6399=ADVANCED_FACE('',(#6398),#6387,.F.);
#6400=CARTESIAN_POINT('',(137.469906052,-50.067438779,9.857459202));
#6401=DIRECTION('',(0.,1.,0.));
#6402=DIRECTION('',(0.,-0.,1.));
#6403=AXIS2_PLACEMENT_3D('',#6400,#6401,#6402);
#6404=CONICAL_SURFACE('',#6403,1.2,45.);
#6405=ORIENTED_EDGE('',*,*,#6377,.T.);
#6406=ORIENTED_EDGE('',*,*,#2191,.F.);
#6407=CARTESIAN_POINT('',(137.469906052,-50.267438779,8.857459202));
#6408=DIRECTION('',(0.,0.707106781,-0.707106781));
#6409=VECTOR('',#6408,0.282842712);
#6410=LINE('',#6407,#6409);
#6411=EDGE_CURVE('',#2616,#2177,#6410,.T.);
#6412=ORIENTED_EDGE('',*,*,#6411,.F.);
#6413=ORIENTED_EDGE('',*,*,#6314,.F.);
#6414=EDGE_LOOP('',(#6405,#6406,#6412,#6413));
#6415=FACE_BOUND('',#6414,.T.);
#6416=ADVANCED_FACE('',(#6415),#6404,.F.);
#6417=CARTESIAN_POINT('',(124.269906052,-50.067438779,21.757459202));
#6418=DIRECTION('',(-0.707106781,-0.707106781,-0.));
#6419=DIRECTION('',(0.,0.,-1.));
#6420=AXIS2_PLACEMENT_3D('',#6417,#6418,#6419);
#6421=PLANE('',#6420);
#6422=ORIENTED_EDGE('',*,*,#6394,.T.);
#6423=ORIENTED_EDGE('',*,*,#530,.F.);
#6424=CARTESIAN_POINT('',(124.269906052,-50.067438779,9.857459202));
#6425=DIRECTION('',(0.707106781,-0.707106781,-0.));
#6426=VECTOR('',#6425,0.282842712);
#6427=LINE('',#6424,#6426);
#6428=EDGE_CURVE('',#2160,#517,#6427,.T.);
#6429=ORIENTED_EDGE('',*,*,#6428,.F.);
#6430=ORIENTED_EDGE('',*,*,#2165,.F.);
#6431=EDGE_LOOP('',(#6422,#6423,#6429,#6430));
#6432=FACE_BOUND('',#6431,.T.);
#6433=ADVANCED_FACE('',(#6432),#6421,.F.);
#6434=CARTESIAN_POINT('',(0.132499365,-50.067438779,8.657459202));
#6435=DIRECTION('',(0.,-0.707106781,-0.707106781));
#6436=DIRECTION('',(1.,0.,0.));
#6437=AXIS2_PLACEMENT_3D('',#6434,#6435,#6436);
#6438=PLANE('',#6437);
#6439=ORIENTED_EDGE('',*,*,#6411,.T.);
#6440=ORIENTED_EDGE('',*,*,#2182,.F.);
#6441=CARTESIAN_POINT('',(125.469906052,-50.267438779,8.857459202));
#6442=DIRECTION('',(0.,0.707106781,-0.707106781));
#6443=VECTOR('',#6442,0.282842712);
#6444=LINE('',#6441,#6443);
#6445=EDGE_CURVE('',#2624,#2168,#6444,.T.);
#6446=ORIENTED_EDGE('',*,*,#6445,.F.);
#6447=ORIENTED_EDGE('',*,*,#2629,.F.);
#6448=EDGE_LOOP('',(#6439,#6440,#6446,#6447));
#6449=FACE_BOUND('',#6448,.T.);
#6450=ADVANCED_FACE('',(#6449),#6438,.F.);
#6451=CARTESIAN_POINT('',(125.469906052,-50.067438779,9.857459202));
#6452=DIRECTION('',(0.,1.,0.));
#6453=DIRECTION('',(0.,-0.,1.));
#6454=AXIS2_PLACEMENT_3D('',#6451,#6452,#6453);
#6455=CONICAL_SURFACE('',#6454,1.2,45.);
#6456=ORIENTED_EDGE('',*,*,#6428,.T.);
#6457=ORIENTED_EDGE('',*,*,#6266,.F.);
#6458=ORIENTED_EDGE('',*,*,#6445,.T.);
#6459=ORIENTED_EDGE('',*,*,#2174,.F.);
#6460=EDGE_LOOP('',(#6456,#6457,#6458,#6459));
#6461=FACE_BOUND('',#6460,.T.);
#6462=ADVANCED_FACE('',(#6461),#6455,.F.);
#6463=CARTESIAN_POINT('',(137.469906052,-56.267438779,9.857459202));
#6464=DIRECTION('',(0.,1.,0.));
#6465=DIRECTION('',(0.,-0.,1.));
#6466=AXIS2_PLACEMENT_3D('',#6463,#6464,#6465);
#6467=CONICAL_SURFACE('',#6466,0.8,45.);
#6468=CARTESIAN_POINT('',(138.469906052,-56.067438779,9.857459202));
#6469=DIRECTION('',(-0.707106781,-0.707106781,-0.));
#6470=VECTOR('',#6469,0.282842712);
#6471=LINE('',#6468,#6470);
#6472=EDGE_CURVE('',#607,#1051,#6471,.T.);
#6473=ORIENTED_EDGE('',*,*,#6472,.F.);
#6474=ORIENTED_EDGE('',*,*,#6322,.F.);
#6475=CARTESIAN_POINT('',(137.469906052,-56.267438779,9.057459202));
#6476=DIRECTION('',(0.,0.707106781,-0.707106781));
#6477=VECTOR('',#6476,0.282842712);
#6478=LINE('',#6475,#6477);
#6479=EDGE_CURVE('',#1059,#2614,#6478,.T.);
#6480=ORIENTED_EDGE('',*,*,#6479,.F.);
#6481=ORIENTED_EDGE('',*,*,#1065,.F.);
#6482=EDGE_LOOP('',(#6473,#6474,#6480,#6481));
#6483=FACE_BOUND('',#6482,.T.);
#6484=ADVANCED_FACE('',(#6483),#6467,.F.);
#6485=CARTESIAN_POINT('',(65.050546008,-56.267438779,9.057459202));
#6486=DIRECTION('',(0.,0.707106781,0.707106781));
#6487=DIRECTION('',(1.,0.,0.));
#6488=AXIS2_PLACEMENT_3D('',#6485,#6486,#6487);
#6489=PLANE('',#6488);
#6490=ORIENTED_EDGE('',*,*,#6479,.T.);
#6491=ORIENTED_EDGE('',*,*,#2643,.F.);
#6492=CARTESIAN_POINT('',(125.469906052,-56.267438779,9.057459202));
#6493=DIRECTION('',(0.,0.707106781,-0.707106781));
#6494=VECTOR('',#6493,0.282842712);
#6495=LINE('',#6492,#6494);
#6496=EDGE_CURVE('',#1068,#2632,#6495,.T.);
#6497=ORIENTED_EDGE('',*,*,#6496,.F.);
#6498=ORIENTED_EDGE('',*,*,#1073,.F.);
#6499=EDGE_LOOP('',(#6490,#6491,#6497,#6498));
#6500=FACE_BOUND('',#6499,.T.);
#6501=ADVANCED_FACE('',(#6500),#6489,.T.);
#6502=CARTESIAN_POINT('',(138.269906052,-56.267438779,16.357459202));
#6503=DIRECTION('',(-0.707106781,0.707106781,0.));
#6504=DIRECTION('',(0.,-0.,1.));
#6505=AXIS2_PLACEMENT_3D('',#6502,#6503,#6504);
#6506=PLANE('',#6505);
#6507=ORIENTED_EDGE('',*,*,#6472,.T.);
#6508=ORIENTED_EDGE('',*,*,#1056,.F.);
#6509=CARTESIAN_POINT('',(138.469906052,-56.067438779,15.357459202));
#6510=DIRECTION('',(-0.707106781,-0.707106781,-0.));
#6511=VECTOR('',#6510,0.282842712);
#6512=LINE('',#6509,#6511);
#6513=EDGE_CURVE('',#589,#1042,#6512,.T.);
#6514=ORIENTED_EDGE('',*,*,#6513,.F.);
#6515=ORIENTED_EDGE('',*,*,#618,.F.);
#6516=EDGE_LOOP('',(#6507,#6508,#6514,#6515));
#6517=FACE_BOUND('',#6516,.T.);
#6518=ADVANCED_FACE('',(#6517),#6506,.T.);
#6519=CARTESIAN_POINT('',(125.469906052,-56.267438779,9.857459202));
#6520=DIRECTION('',(0.,1.,0.));
#6521=DIRECTION('',(0.,-0.,1.));
#6522=AXIS2_PLACEMENT_3D('',#6519,#6520,#6521);
#6523=CONICAL_SURFACE('',#6522,0.8,45.);
#6524=ORIENTED_EDGE('',*,*,#6496,.T.);
#6525=ORIENTED_EDGE('',*,*,#6274,.F.);
#6526=CARTESIAN_POINT('',(124.669906052,-56.267438779,9.857459202));
#6527=DIRECTION('',(-0.707106781,0.707106781,0.));
#6528=VECTOR('',#6527,0.282842712);
#6529=LINE('',#6526,#6528);
#6530=EDGE_CURVE('',#1015,#515,#6529,.T.);
#6531=ORIENTED_EDGE('',*,*,#6530,.F.);
#6532=ORIENTED_EDGE('',*,*,#1080,.F.);
#6533=EDGE_LOOP('',(#6524,#6525,#6531,#6532));
#6534=FACE_BOUND('',#6533,.T.);
#6535=ADVANCED_FACE('',(#6534),#6523,.F.);
#6536=CARTESIAN_POINT('',(137.469906052,-56.267438779,15.357459202));
#6537=DIRECTION('',(0.,1.,0.));
#6538=DIRECTION('',(0.,-0.,1.));
#6539=AXIS2_PLACEMENT_3D('',#6536,#6537,#6538);
#6540=CONICAL_SURFACE('',#6539,0.8,45.);
#6541=ORIENTED_EDGE('',*,*,#6513,.T.);
#6542=ORIENTED_EDGE('',*,*,#1048,.F.);
#6543=CARTESIAN_POINT('',(137.469906052,-56.067438779,16.357459202));
#6544=DIRECTION('',(0.,-0.707106781,-0.707106781));
#6545=VECTOR('',#6544,0.282842712);
#6546=LINE('',#6543,#6545);
#6547=EDGE_CURVE('',#4701,#1034,#6546,.T.);
#6548=ORIENTED_EDGE('',*,*,#6547,.F.);
#6549=ORIENTED_EDGE('',*,*,#6298,.F.);
#6550=EDGE_LOOP('',(#6541,#6542,#6548,#6549));
#6551=FACE_BOUND('',#6550,.T.);
#6552=ADVANCED_FACE('',(#6551),#6540,.F.);
#6553=CARTESIAN_POINT('',(124.469906052,-56.067438779,14.906239592));
#6554=DIRECTION('',(0.707106781,0.707106781,0.));
#6555=DIRECTION('',(-0.,-0.,1.));
#6556=AXIS2_PLACEMENT_3D('',#6553,#6554,#6555);
#6557=PLANE('',#6556);
#6558=ORIENTED_EDGE('',*,*,#6530,.T.);
#6559=ORIENTED_EDGE('',*,*,#544,.F.);
#6560=CARTESIAN_POINT('',(124.669906052,-56.267438779,15.357459202));
#6561=DIRECTION('',(-0.707106781,0.707106781,0.));
#6562=VECTOR('',#6561,0.282842712);
#6563=LINE('',#6560,#6562);
#6564=EDGE_CURVE('',#1017,#533,#6563,.T.);
#6565=ORIENTED_EDGE('',*,*,#6564,.F.);
#6566=ORIENTED_EDGE('',*,*,#1022,.F.);
#6567=EDGE_LOOP('',(#6558,#6559,#6565,#6566));
#6568=FACE_BOUND('',#6567,.T.);
#6569=ADVANCED_FACE('',(#6568),#6557,.T.);
#6570=CARTESIAN_POINT('',(131.469906052,-56.067438779,16.357459202));
#6571=DIRECTION('',(0.,0.707106781,-0.707106781));
#6572=DIRECTION('',(1.,0.,0.));
#6573=AXIS2_PLACEMENT_3D('',#6570,#6571,#6572);
#6574=PLANE('',#6573);
#6575=ORIENTED_EDGE('',*,*,#6547,.T.);
#6576=ORIENTED_EDGE('',*,*,#1039,.F.);
#6577=CARTESIAN_POINT('',(125.469906052,-56.067438779,16.357459202));
#6578=DIRECTION('',(0.,-0.707106781,-0.707106781));
#6579=VECTOR('',#6578,0.282842712);
#6580=LINE('',#6577,#6579);
#6581=EDGE_CURVE('',#4683,#1025,#6580,.T.);
#6582=ORIENTED_EDGE('',*,*,#6581,.F.);
#6583=ORIENTED_EDGE('',*,*,#4712,.F.);
#6584=EDGE_LOOP('',(#6575,#6576,#6582,#6583));
#6585=FACE_BOUND('',#6584,.T.);
#6586=ADVANCED_FACE('',(#6585),#6574,.T.);
#6587=CARTESIAN_POINT('',(125.469906052,-56.267438779,15.357459202));
#6588=DIRECTION('',(0.,1.,0.));
#6589=DIRECTION('',(0.,-0.,1.));
#6590=AXIS2_PLACEMENT_3D('',#6587,#6588,#6589);
#6591=CONICAL_SURFACE('',#6590,0.8,45.);
#6592=ORIENTED_EDGE('',*,*,#6564,.T.);
#6593=ORIENTED_EDGE('',*,*,#6250,.F.);
#6594=ORIENTED_EDGE('',*,*,#6581,.T.);
#6595=ORIENTED_EDGE('',*,*,#1031,.F.);
#6596=EDGE_LOOP('',(#6592,#6593,#6594,#6595));
#6597=FACE_BOUND('',#6596,.T.);
#6598=ADVANCED_FACE('',(#6597),#6591,.F.);
#6599=CARTESIAN_POINT('',(138.6832944,-51.267438779,14.719070854));
#6600=DIRECTION('',(-0.707106781,0.,-0.707106781));
#6601=DIRECTION('',(-0.707106781,-0.,0.707106781));
#6602=AXIS2_PLACEMENT_3D('',#6599,#6600,#6601);
#6603=PLANE('',#6602);
#6604=ORIENTED_EDGE('',*,*,#652,.F.);
#6605=CARTESIAN_POINT('',(139.002748764,-51.267438779,14.39961649));
#6606=VERTEX_POINT('',#6605);
#6607=CARTESIAN_POINT('',(138.469906052,-50.734596066,14.932459202));
#6608=DIRECTION('',(0.577350269,-0.577350269,-0.577350269));
#6609=VECTOR('',#6608,0.92291065);
#6610=LINE('',#6607,#6609);
#6611=EDGE_CURVE('',#641,#6606,#6610,.T.);
#6612=ORIENTED_EDGE('',*,*,#6611,.T.);
#6613=CARTESIAN_POINT('',(139.002748764,-51.267438779,14.39961649));
#6614=DIRECTION('',(-0.577350269,-0.577350269,0.577350269));
#6615=VECTOR('',#6614,0.92291065);
#6616=LINE('',#6613,#6615);
#6617=EDGE_CURVE('',#6606,#623,#6616,.T.);
#6618=ORIENTED_EDGE('',*,*,#6617,.T.);
#6619=EDGE_LOOP('',(#6604,#6612,#6618));
#6620=FACE_BOUND('',#6619,.T.);
#6621=ADVANCED_FACE('',(#6620),#6603,.T.);
#6622=CARTESIAN_POINT('',(138.6832944,-51.267438779,10.49584755));
#6623=DIRECTION('',(-0.707106781,-0.,0.707106781));
#6624=DIRECTION('',(0.707106781,-0.,0.707106781));
#6625=AXIS2_PLACEMENT_3D('',#6622,#6623,#6624);
#6626=PLANE('',#6625);
#6627=CARTESIAN_POINT('',(139.002748764,-51.267438779,10.815301914));
#6628=VERTEX_POINT('',#6627);
#6629=CARTESIAN_POINT('',(138.469906052,-51.800281491,10.282459202));
#6630=DIRECTION('',(0.577350269,0.577350269,0.577350269));
#6631=VECTOR('',#6630,0.92291065);
#6632=LINE('',#6629,#6631);
#6633=EDGE_CURVE('',#625,#6628,#6632,.T.);
#6634=ORIENTED_EDGE('',*,*,#6633,.T.);
#6635=CARTESIAN_POINT('',(139.002748764,-51.267438779,10.815301914));
#6636=DIRECTION('',(-0.577350269,0.577350269,-0.577350269));
#6637=VECTOR('',#6636,0.92291065);
#6638=LINE('',#6635,#6637);
#6639=EDGE_CURVE('',#6628,#633,#6638,.T.);
#6640=ORIENTED_EDGE('',*,*,#6639,.T.);
#6641=ORIENTED_EDGE('',*,*,#638,.F.);
#6642=EDGE_LOOP('',(#6634,#6640,#6641));
#6643=FACE_BOUND('',#6642,.T.);
#6644=ADVANCED_FACE('',(#6643),#6626,.T.);
#6645=CARTESIAN_POINT('',(138.611327408,-51.658860135,13.807459202));
#6646=DIRECTION('',(-0.707106781,0.707106781,0.));
#6647=DIRECTION('',(0.,-0.,1.));
#6648=AXIS2_PLACEMENT_3D('',#6645,#6646,#6647);
#6649=PLANE('',#6648);
#6650=CARTESIAN_POINT('',(139.002748764,-51.267438779,10.815301914));
#6651=DIRECTION('',(0.,-0.,1.));
#6652=VECTOR('',#6651,3.584314575);
#6653=LINE('',#6650,#6652);
#6654=EDGE_CURVE('',#6628,#6606,#6653,.T.);
#6655=ORIENTED_EDGE('',*,*,#6654,.F.);
#6656=ORIENTED_EDGE('',*,*,#6633,.F.);
#6657=ORIENTED_EDGE('',*,*,#630,.F.);
#6658=ORIENTED_EDGE('',*,*,#6617,.F.);
#6659=EDGE_LOOP('',(#6655,#6656,#6657,#6658));
#6660=FACE_BOUND('',#6659,.T.);
#6661=ADVANCED_FACE('',(#6660),#6649,.T.);
#6662=CARTESIAN_POINT('',(138.611327408,-50.876017422,13.807459202));
#6663=DIRECTION('',(-0.707106781,-0.707106781,-0.));
#6664=DIRECTION('',(0.,0.,-1.));
#6665=AXIS2_PLACEMENT_3D('',#6662,#6663,#6664);
#6666=PLANE('',#6665);
#6667=ORIENTED_EDGE('',*,*,#6639,.F.);
#6668=ORIENTED_EDGE('',*,*,#6654,.T.);
#6669=ORIENTED_EDGE('',*,*,#6611,.F.);
#6670=ORIENTED_EDGE('',*,*,#646,.F.);
#6671=EDGE_LOOP('',(#6667,#6668,#6669,#6670));
#6672=FACE_BOUND('',#6671,.T.);
#6673=ADVANCED_FACE('',(#6672),#6666,.T.);
#6674=CARTESIAN_POINT('',(124.256517704,-51.267438779,14.719070854));
#6675=DIRECTION('',(0.707106781,0.,-0.707106781));
#6676=DIRECTION('',(-0.707106781,0.,-0.707106781));
#6677=AXIS2_PLACEMENT_3D('',#6674,#6675,#6676);
#6678=PLANE('',#6677);
#6679=ORIENTED_EDGE('',*,*,#578,.F.);
#6680=CARTESIAN_POINT('',(123.93706334,-51.267438779,14.39961649));
#6681=VERTEX_POINT('',#6680);
#6682=CARTESIAN_POINT('',(124.469906052,-51.800281491,14.932459202));
#6683=DIRECTION('',(-0.577350269,0.577350269,-0.577350269));
#6684=VECTOR('',#6683,0.92291065);
#6685=LINE('',#6682,#6684);
#6686=EDGE_CURVE('',#567,#6681,#6685,.T.);
#6687=ORIENTED_EDGE('',*,*,#6686,.T.);
#6688=CARTESIAN_POINT('',(123.93706334,-51.267438779,14.39961649));
#6689=DIRECTION('',(0.577350269,0.577350269,0.577350269));
#6690=VECTOR('',#6689,0.92291065);
#6691=LINE('',#6688,#6690);
#6692=EDGE_CURVE('',#6681,#549,#6691,.T.);
#6693=ORIENTED_EDGE('',*,*,#6692,.T.);
#6694=EDGE_LOOP('',(#6679,#6687,#6693));
#6695=FACE_BOUND('',#6694,.T.);
#6696=ADVANCED_FACE('',(#6695),#6678,.T.);
#6697=CARTESIAN_POINT('',(124.256517704,-51.267438779,10.49584755));
#6698=DIRECTION('',(0.707106781,-0.,0.707106781));
#6699=DIRECTION('',(0.707106781,0.,-0.707106781));
#6700=AXIS2_PLACEMENT_3D('',#6697,#6698,#6699);
#6701=PLANE('',#6700);
#6702=CARTESIAN_POINT('',(123.93706334,-51.267438779,10.815301914));
#6703=VERTEX_POINT('',#6702);
#6704=CARTESIAN_POINT('',(124.469906052,-50.734596066,10.282459202));
#6705=DIRECTION('',(-0.577350269,-0.577350269,0.577350269));
#6706=VECTOR('',#6705,0.92291065);
#6707=LINE('',#6704,#6706);
#6708=EDGE_CURVE('',#551,#6703,#6707,.T.);
#6709=ORIENTED_EDGE('',*,*,#6708,.T.);
#6710=CARTESIAN_POINT('',(123.93706334,-51.267438779,10.815301914));
#6711=DIRECTION('',(0.577350269,-0.577350269,-0.577350269));
#6712=VECTOR('',#6711,0.92291065);
#6713=LINE('',#6710,#6712);
#6714=EDGE_CURVE('',#6703,#559,#6713,.T.);
#6715=ORIENTED_EDGE('',*,*,#6714,.T.);
#6716=ORIENTED_EDGE('',*,*,#564,.F.);
#6717=EDGE_LOOP('',(#6709,#6715,#6716));
#6718=FACE_BOUND('',#6717,.T.);
#6719=ADVANCED_FACE('',(#6718),#6701,.T.);
#6720=CARTESIAN_POINT('',(124.328484696,-50.876017422,13.807459202));
#6721=DIRECTION('',(0.707106781,-0.707106781,-0.));
#6722=DIRECTION('',(0.,-0.,1.));
#6723=AXIS2_PLACEMENT_3D('',#6720,#6721,#6722);
#6724=PLANE('',#6723);
#6725=CARTESIAN_POINT('',(123.93706334,-51.267438779,10.815301914));
#6726=DIRECTION('',(0.,-0.,1.));
#6727=VECTOR('',#6726,3.584314575);
#6728=LINE('',#6725,#6727);
#6729=EDGE_CURVE('',#6703,#6681,#6728,.T.);
#6730=ORIENTED_EDGE('',*,*,#6729,.F.);
#6731=ORIENTED_EDGE('',*,*,#6708,.F.);
#6732=ORIENTED_EDGE('',*,*,#556,.F.);
#6733=ORIENTED_EDGE('',*,*,#6692,.F.);
#6734=EDGE_LOOP('',(#6730,#6731,#6732,#6733));
#6735=FACE_BOUND('',#6734,.T.);
#6736=ADVANCED_FACE('',(#6735),#6724,.T.);
#6737=CARTESIAN_POINT('',(124.328484696,-51.658860135,13.807459202));
#6738=DIRECTION('',(0.707106781,0.707106781,0.));
#6739=DIRECTION('',(0.,0.,-1.));
#6740=AXIS2_PLACEMENT_3D('',#6737,#6738,#6739);
#6741=PLANE('',#6740);
#6742=ORIENTED_EDGE('',*,*,#6714,.F.);
#6743=ORIENTED_EDGE('',*,*,#6729,.T.);
#6744=ORIENTED_EDGE('',*,*,#6686,.F.);
#6745=ORIENTED_EDGE('',*,*,#572,.F.);
#6746=EDGE_LOOP('',(#6742,#6743,#6744,#6745));
#6747=FACE_BOUND('',#6746,.T.);
#6748=ADVANCED_FACE('',(#6747),#6741,.T.);
#6749=CARTESIAN_POINT('',(137.469906052,55.932561221,15.357459202));
#6750=DIRECTION('',(0.,1.,0.));
#6751=DIRECTION('',(0.,-0.,1.));
#6752=AXIS2_PLACEMENT_3D('',#6749,#6750,#6751);
#6753=CYLINDRICAL_SURFACE('',#6752,1.);
#6754=ORIENTED_EDGE('',*,*,#390,.F.);
#6755=CARTESIAN_POINT('',(137.469906052,46.620661221,15.357459202));
#6756=DIRECTION('',(-0.,-1.,-0.));
#6757=DIRECTION('',(0.,-0.,1.));
#6758=AXIS2_PLACEMENT_3D('',#6755,#6756,#6757);
#6759=CIRCLE('',#6758,1.);
#6760=EDGE_CURVE('',#377,#2536,#6759,.T.);
#6761=ORIENTED_EDGE('',*,*,#6760,.T.);
#6762=ORIENTED_EDGE('',*,*,#2541,.F.);
#6763=CARTESIAN_POINT('',(137.469906052,52.420661221,15.357459202));
#6764=DIRECTION('',(-0.,1.,0.));
#6765=DIRECTION('',(0.,0.,-1.));
#6766=AXIS2_PLACEMENT_3D('',#6763,#6764,#6765);
#6767=CIRCLE('',#6766,1.);
#6768=EDGE_CURVE('',#2534,#385,#6767,.T.);
#6769=ORIENTED_EDGE('',*,*,#6768,.T.);
#6770=EDGE_LOOP('',(#6754,#6761,#6762,#6769));
#6771=FACE_BOUND('',#6770,.T.);
#6772=ADVANCED_FACE('',(#6771),#6753,.F.);
#6773=CARTESIAN_POINT('',(125.469906052,55.932561221,9.857459202));
#6774=DIRECTION('',(0.,1.,0.));
#6775=DIRECTION('',(0.,-0.,1.));
#6776=AXIS2_PLACEMENT_3D('',#6773,#6774,#6775);
#6777=CYLINDRICAL_SURFACE('',#6776,1.);
#6778=ORIENTED_EDGE('',*,*,#464,.F.);
#6779=CARTESIAN_POINT('',(125.469906052,46.620661221,9.857459202));
#6780=DIRECTION('',(-0.,-1.,-0.));
#6781=DIRECTION('',(0.,-0.,1.));
#6782=AXIS2_PLACEMENT_3D('',#6779,#6780,#6781);
#6783=CIRCLE('',#6782,1.);
#6784=EDGE_CURVE('',#451,#2576,#6783,.T.);
#6785=ORIENTED_EDGE('',*,*,#6784,.T.);
#6786=ORIENTED_EDGE('',*,*,#2581,.F.);
#6787=CARTESIAN_POINT('',(125.469906052,52.420661221,9.857459202));
#6788=DIRECTION('',(-0.,1.,0.));
#6789=DIRECTION('',(0.,0.,-1.));
#6790=AXIS2_PLACEMENT_3D('',#6787,#6788,#6789);
#6791=CIRCLE('',#6790,1.);
#6792=EDGE_CURVE('',#2574,#459,#6791,.T.);
#6793=ORIENTED_EDGE('',*,*,#6792,.T.);
#6794=EDGE_LOOP('',(#6778,#6785,#6786,#6793));
#6795=FACE_BOUND('',#6794,.T.);
#6796=ADVANCED_FACE('',(#6795),#6777,.F.);
#6797=CARTESIAN_POINT('',(137.469906052,55.932561221,9.857459202));
#6798=DIRECTION('',(0.,1.,0.));
#6799=DIRECTION('',(0.,-0.,1.));
#6800=AXIS2_PLACEMENT_3D('',#6797,#6798,#6799);
#6801=CYLINDRICAL_SURFACE('',#6800,1.);
#6802=ORIENTED_EDGE('',*,*,#2597,.F.);
#6803=CARTESIAN_POINT('',(137.469906052,46.620661221,9.857459202));
#6804=DIRECTION('',(-0.,-1.,-0.));
#6805=DIRECTION('',(0.,-0.,1.));
#6806=AXIS2_PLACEMENT_3D('',#6803,#6804,#6805);
#6807=CIRCLE('',#6806,1.);
#6808=EDGE_CURVE('',#2584,#369,#6807,.T.);
#6809=ORIENTED_EDGE('',*,*,#6808,.T.);
#6810=ORIENTED_EDGE('',*,*,#374,.F.);
#6811=CARTESIAN_POINT('',(137.469906052,52.420661221,9.857459202));
#6812=DIRECTION('',(-0.,1.,0.));
#6813=DIRECTION('',(0.,0.,-1.));
#6814=AXIS2_PLACEMENT_3D('',#6811,#6812,#6813);
#6815=CIRCLE('',#6814,1.);
#6816=EDGE_CURVE('',#367,#2592,#6815,.T.);
#6817=ORIENTED_EDGE('',*,*,#6816,.T.);
#6818=EDGE_LOOP('',(#6802,#6809,#6810,#6817));
#6819=FACE_BOUND('',#6818,.T.);
#6820=ADVANCED_FACE('',(#6819),#6801,.F.);
#6821=CARTESIAN_POINT('',(125.469906052,55.932561221,15.357459202));
#6822=DIRECTION('',(0.,1.,0.));
#6823=DIRECTION('',(0.,-0.,1.));
#6824=AXIS2_PLACEMENT_3D('',#6821,#6822,#6823);
#6825=CYLINDRICAL_SURFACE('',#6824,1.);
#6826=ORIENTED_EDGE('',*,*,#2557,.F.);
#6827=CARTESIAN_POINT('',(125.469906052,46.620661221,15.357459202));
#6828=DIRECTION('',(-0.,-1.,-0.));
#6829=DIRECTION('',(0.,-0.,1.));
#6830=AXIS2_PLACEMENT_3D('',#6827,#6828,#6829);
#6831=CIRCLE('',#6830,1.);
#6832=EDGE_CURVE('',#2544,#443,#6831,.T.);
#6833=ORIENTED_EDGE('',*,*,#6832,.T.);
#6834=ORIENTED_EDGE('',*,*,#448,.F.);
#6835=CARTESIAN_POINT('',(125.469906052,52.420661221,15.357459202));
#6836=DIRECTION('',(-0.,1.,0.));
#6837=DIRECTION('',(0.,0.,-1.));
#6838=AXIS2_PLACEMENT_3D('',#6835,#6836,#6837);
#6839=CIRCLE('',#6838,1.);
#6840=EDGE_CURVE('',#441,#2552,#6839,.T.);
#6841=ORIENTED_EDGE('',*,*,#6840,.T.);
#6842=EDGE_LOOP('',(#6826,#6833,#6834,#6841));
#6843=FACE_BOUND('',#6842,.T.);
#6844=ADVANCED_FACE('',(#6843),#6825,.F.);
#6845=CARTESIAN_POINT('',(0.132499365,46.420661221,8.657459202));
#6846=DIRECTION('',(0.,0.707106781,-0.707106781));
#6847=DIRECTION('',(-1.,0.,0.));
#6848=AXIS2_PLACEMENT_3D('',#6845,#6846,#6847);
#6849=PLANE('',#6848);
#6850=CARTESIAN_POINT('',(125.469906052,46.420661221,8.657459202));
#6851=DIRECTION('',(0.,0.707106781,0.707106781));
#6852=VECTOR('',#6851,0.282842712);
#6853=LINE('',#6850,#6852);
#6854=EDGE_CURVE('',#2395,#2576,#6853,.T.);
#6855=ORIENTED_EDGE('',*,*,#6854,.F.);
#6856=ORIENTED_EDGE('',*,*,#2400,.F.);
#6857=CARTESIAN_POINT('',(137.469906052,46.620661221,8.857459202));
#6858=DIRECTION('',(0.,-0.707106781,-0.707106781));
#6859=VECTOR('',#6858,0.282842712);
#6860=LINE('',#6857,#6859);
#6861=EDGE_CURVE('',#2584,#2386,#6860,.T.);
#6862=ORIENTED_EDGE('',*,*,#6861,.F.);
#6863=ORIENTED_EDGE('',*,*,#2589,.F.);
#6864=EDGE_LOOP('',(#6855,#6856,#6862,#6863));
#6865=FACE_BOUND('',#6864,.T.);
#6866=ADVANCED_FACE('',(#6865),#6849,.F.);
#6867=CARTESIAN_POINT('',(137.469906052,46.420661221,9.857459202));
#6868=DIRECTION('',(0.,-1.,-0.));
#6869=DIRECTION('',(0.,0.,-1.));
#6870=AXIS2_PLACEMENT_3D('',#6867,#6868,#6869);
#6871=CONICAL_SURFACE('',#6870,1.2,45.);
#6872=ORIENTED_EDGE('',*,*,#6861,.T.);
#6873=ORIENTED_EDGE('',*,*,#2392,.F.);
#6874=CARTESIAN_POINT('',(138.469906052,46.620661221,9.857459202));
#6875=DIRECTION('',(0.707106781,-0.707106781,-0.));
#6876=VECTOR('',#6875,0.282842712);
#6877=LINE('',#6874,#6876);
#6878=EDGE_CURVE('',#369,#2378,#6877,.T.);
#6879=ORIENTED_EDGE('',*,*,#6878,.F.);
#6880=ORIENTED_EDGE('',*,*,#6808,.F.);
#6881=EDGE_LOOP('',(#6872,#6873,#6879,#6880));
#6882=FACE_BOUND('',#6881,.T.);
#6883=ADVANCED_FACE('',(#6882),#6871,.F.);
#6884=CARTESIAN_POINT('',(125.469906052,46.420661221,9.857459202));
#6885=DIRECTION('',(0.,-1.,-0.));
#6886=DIRECTION('',(0.,0.,-1.));
#6887=AXIS2_PLACEMENT_3D('',#6884,#6885,#6886);
#6888=CONICAL_SURFACE('',#6887,1.2,45.);
#6889=ORIENTED_EDGE('',*,*,#6854,.T.);
#6890=ORIENTED_EDGE('',*,*,#6784,.F.);
#6891=CARTESIAN_POINT('',(124.269906052,46.420661221,9.857459202));
#6892=DIRECTION('',(0.707106781,0.707106781,0.));
#6893=VECTOR('',#6892,0.282842712);
#6894=LINE('',#6891,#6893);
#6895=EDGE_CURVE('',#2403,#451,#6894,.T.);
#6896=ORIENTED_EDGE('',*,*,#6895,.F.);
#6897=ORIENTED_EDGE('',*,*,#2409,.F.);
#6898=EDGE_LOOP('',(#6889,#6890,#6896,#6897));
#6899=FACE_BOUND('',#6898,.T.);
#6900=ADVANCED_FACE('',(#6899),#6888,.F.);
#6901=CARTESIAN_POINT('',(138.669906052,46.420661221,21.757459202));
#6902=DIRECTION('',(0.707106781,0.707106781,0.));
#6903=DIRECTION('',(0.,0.,-1.));
#6904=AXIS2_PLACEMENT_3D('',#6901,#6902,#6903);
#6905=PLANE('',#6904);
#6906=ORIENTED_EDGE('',*,*,#6878,.T.);
#6907=ORIENTED_EDGE('',*,*,#2383,.F.);
#6908=CARTESIAN_POINT('',(138.469906052,46.620661221,15.357459202));
#6909=DIRECTION('',(0.707106781,-0.707106781,-0.));
#6910=VECTOR('',#6909,0.282842712);
#6911=LINE('',#6908,#6910);
#6912=EDGE_CURVE('',#377,#2369,#6911,.T.);
#6913=ORIENTED_EDGE('',*,*,#6912,.F.);
#6914=ORIENTED_EDGE('',*,*,#382,.F.);
#6915=EDGE_LOOP('',(#6906,#6907,#6913,#6914));
#6916=FACE_BOUND('',#6915,.T.);
#6917=ADVANCED_FACE('',(#6916),#6905,.F.);
#6918=CARTESIAN_POINT('',(124.269906052,46.420661221,21.757459202));
#6919=DIRECTION('',(-0.707106781,0.707106781,0.));
#6920=DIRECTION('',(0.,-0.,1.));
#6921=AXIS2_PLACEMENT_3D('',#6918,#6919,#6920);
#6922=PLANE('',#6921);
#6923=ORIENTED_EDGE('',*,*,#6895,.T.);
#6924=ORIENTED_EDGE('',*,*,#456,.F.);
#6925=CARTESIAN_POINT('',(124.269906052,46.420661221,15.357459202));
#6926=DIRECTION('',(0.707106781,0.707106781,0.));
#6927=VECTOR('',#6926,0.282842712);
#6928=LINE('',#6925,#6927);
#6929=EDGE_CURVE('',#2350,#443,#6928,.T.);
#6930=ORIENTED_EDGE('',*,*,#6929,.F.);
#6931=ORIENTED_EDGE('',*,*,#2415,.F.);
#6932=EDGE_LOOP('',(#6923,#6924,#6930,#6931));
#6933=FACE_BOUND('',#6932,.T.);
#6934=ADVANCED_FACE('',(#6933),#6922,.F.);
#6935=CARTESIAN_POINT('',(137.469906052,46.420661221,15.357459202));
#6936=DIRECTION('',(0.,-1.,-0.));
#6937=DIRECTION('',(0.,0.,-1.));
#6938=AXIS2_PLACEMENT_3D('',#6935,#6936,#6937);
#6939=CONICAL_SURFACE('',#6938,1.2,45.);
#6940=ORIENTED_EDGE('',*,*,#6912,.T.);
#6941=ORIENTED_EDGE('',*,*,#2375,.F.);
#6942=CARTESIAN_POINT('',(137.469906052,46.620661221,16.357459202));
#6943=DIRECTION('',(0.,-0.707106781,0.707106781));
#6944=VECTOR('',#6943,0.282842712);
#6945=LINE('',#6942,#6944);
#6946=EDGE_CURVE('',#2536,#2361,#6945,.T.);
#6947=ORIENTED_EDGE('',*,*,#6946,.F.);
#6948=ORIENTED_EDGE('',*,*,#6760,.F.);
#6949=EDGE_LOOP('',(#6940,#6941,#6947,#6948));
#6950=FACE_BOUND('',#6949,.T.);
#6951=ADVANCED_FACE('',(#6950),#6939,.F.);
#6952=CARTESIAN_POINT('',(125.469906052,46.420661221,15.357459202));
#6953=DIRECTION('',(0.,-1.,-0.));
#6954=DIRECTION('',(0.,0.,-1.));
#6955=AXIS2_PLACEMENT_3D('',#6952,#6953,#6954);
#6956=CONICAL_SURFACE('',#6955,1.2,45.);
#6957=ORIENTED_EDGE('',*,*,#6929,.T.);
#6958=ORIENTED_EDGE('',*,*,#6832,.F.);
#6959=CARTESIAN_POINT('',(125.469906052,46.420661221,16.557459202));
#6960=DIRECTION('',(0.,0.707106781,-0.707106781));
#6961=VECTOR('',#6960,0.282842712);
#6962=LINE('',#6959,#6961);
#6963=EDGE_CURVE('',#2352,#2544,#6962,.T.);
#6964=ORIENTED_EDGE('',*,*,#6963,.F.);
#6965=ORIENTED_EDGE('',*,*,#2358,.F.);
#6966=EDGE_LOOP('',(#6957,#6958,#6964,#6965));
#6967=FACE_BOUND('',#6966,.T.);
#6968=ADVANCED_FACE('',(#6967),#6956,.F.);
#6969=CARTESIAN_POINT('',(131.469906052,46.620661221,16.357459202));
#6970=DIRECTION('',(0.,0.707106781,0.707106781));
#6971=DIRECTION('',(-1.,0.,0.));
#6972=AXIS2_PLACEMENT_3D('',#6969,#6970,#6971);
#6973=PLANE('',#6972);
#6974=ORIENTED_EDGE('',*,*,#6946,.T.);
#6975=ORIENTED_EDGE('',*,*,#2366,.F.);
#6976=ORIENTED_EDGE('',*,*,#6963,.T.);
#6977=ORIENTED_EDGE('',*,*,#2549,.F.);
#6978=EDGE_LOOP('',(#6974,#6975,#6976,#6977));
#6979=FACE_BOUND('',#6978,.T.);
#6980=ADVANCED_FACE('',(#6979),#6973,.F.);
#6981=CARTESIAN_POINT('',(124.669906052,52.620661221,16.357459202));
#6982=DIRECTION('',(-0.707106781,0.707106781,0.));
#6983=DIRECTION('',(-0.,0.,-1.));
#6984=AXIS2_PLACEMENT_3D('',#6981,#6982,#6983);
#6985=PLANE('',#6984);
#6986=CARTESIAN_POINT('',(124.669906052,52.620661221,9.857459202));
#6987=DIRECTION('',(-0.707106781,-0.707106781,-0.));
#6988=VECTOR('',#6987,0.282842712);
#6989=LINE('',#6986,#6988);
#6990=EDGE_CURVE('',#1206,#459,#6989,.T.);
#6991=ORIENTED_EDGE('',*,*,#6990,.F.);
#6992=ORIENTED_EDGE('',*,*,#1211,.F.);
#6993=CARTESIAN_POINT('',(124.469906052,52.420661221,15.357459202));
#6994=DIRECTION('',(0.707106781,0.707106781,0.));
#6995=VECTOR('',#6994,0.282842712);
#6996=LINE('',#6993,#6995);
#6997=EDGE_CURVE('',#441,#1197,#6996,.T.);
#6998=ORIENTED_EDGE('',*,*,#6997,.F.);
#6999=ORIENTED_EDGE('',*,*,#470,.F.);
#7000=EDGE_LOOP('',(#6991,#6992,#6998,#6999));
#7001=FACE_BOUND('',#7000,.T.);
#7002=ADVANCED_FACE('',(#7001),#6985,.F.);
#7003=CARTESIAN_POINT('',(125.469906052,52.620661221,15.357459202));
#7004=DIRECTION('',(0.,-1.,-0.));
#7005=DIRECTION('',(0.,0.,-1.));
#7006=AXIS2_PLACEMENT_3D('',#7003,#7004,#7005);
#7007=CONICAL_SURFACE('',#7006,0.8,45.);
#7008=ORIENTED_EDGE('',*,*,#6997,.T.);
#7009=ORIENTED_EDGE('',*,*,#1203,.F.);
#7010=CARTESIAN_POINT('',(125.469906052,52.420661221,16.357459202));
#7011=DIRECTION('',(0.,0.707106781,-0.707106781));
#7012=VECTOR('',#7011,0.282842712);
#7013=LINE('',#7010,#7012);
#7014=EDGE_CURVE('',#2552,#1189,#7013,.T.);
#7015=ORIENTED_EDGE('',*,*,#7014,.F.);
#7016=ORIENTED_EDGE('',*,*,#6840,.F.);
#7017=EDGE_LOOP('',(#7008,#7009,#7015,#7016));
#7018=FACE_BOUND('',#7017,.T.);
#7019=ADVANCED_FACE('',(#7018),#7007,.F.);
#7020=CARTESIAN_POINT('',(125.469906052,52.620661221,9.857459202));
#7021=DIRECTION('',(0.,-1.,-0.));
#7022=DIRECTION('',(0.,0.,-1.));
#7023=AXIS2_PLACEMENT_3D('',#7020,#7021,#7022);
#7024=CONICAL_SURFACE('',#7023,0.8,45.);
#7025=ORIENTED_EDGE('',*,*,#6990,.T.);
#7026=ORIENTED_EDGE('',*,*,#6792,.F.);
#7027=CARTESIAN_POINT('',(125.469906052,52.620661221,9.057459202));
#7028=DIRECTION('',(0.,-0.707106781,-0.707106781));
#7029=VECTOR('',#7028,0.282842712);
#7030=LINE('',#7027,#7029);
#7031=EDGE_CURVE('',#1214,#2574,#7030,.T.);
#7032=ORIENTED_EDGE('',*,*,#7031,.F.);
#7033=ORIENTED_EDGE('',*,*,#1220,.F.);
#7034=EDGE_LOOP('',(#7025,#7026,#7032,#7033));
#7035=FACE_BOUND('',#7034,.T.);
#7036=ADVANCED_FACE('',(#7035),#7024,.F.);
#7037=CARTESIAN_POINT('',(131.469906052,52.620661221,16.157459202));
#7038=DIRECTION('',(0.,0.707106781,0.707106781));
#7039=DIRECTION('',(-1.,0.,0.));
#7040=AXIS2_PLACEMENT_3D('',#7037,#7038,#7039);
#7041=PLANE('',#7040);
#7042=ORIENTED_EDGE('',*,*,#7014,.T.);
#7043=ORIENTED_EDGE('',*,*,#1194,.F.);
#7044=CARTESIAN_POINT('',(137.469906052,52.420661221,16.357459202));
#7045=DIRECTION('',(0.,0.707106781,-0.707106781));
#7046=VECTOR('',#7045,0.282842712);
#7047=LINE('',#7044,#7046);
#7048=EDGE_CURVE('',#2534,#1180,#7047,.T.);
#7049=ORIENTED_EDGE('',*,*,#7048,.F.);
#7050=ORIENTED_EDGE('',*,*,#2563,.F.);
#7051=EDGE_LOOP('',(#7042,#7043,#7049,#7050));
#7052=FACE_BOUND('',#7051,.T.);
#7053=ADVANCED_FACE('',(#7052),#7041,.F.);
#7054=CARTESIAN_POINT('',(131.469906052,52.420661221,8.857459202));
#7055=DIRECTION('',(0.,0.707106781,-0.707106781));
#7056=DIRECTION('',(-1.,0.,0.));
#7057=AXIS2_PLACEMENT_3D('',#7054,#7055,#7056);
#7058=PLANE('',#7057);
#7059=ORIENTED_EDGE('',*,*,#7031,.T.);
#7060=ORIENTED_EDGE('',*,*,#2603,.F.);
#7061=CARTESIAN_POINT('',(137.469906052,52.620661221,9.057459202));
#7062=DIRECTION('',(0.,-0.707106781,-0.707106781));
#7063=VECTOR('',#7062,0.282842712);
#7064=LINE('',#7061,#7063);
#7065=EDGE_CURVE('',#1161,#2592,#7064,.T.);
#7066=ORIENTED_EDGE('',*,*,#7065,.F.);
#7067=ORIENTED_EDGE('',*,*,#1226,.F.);
#7068=EDGE_LOOP('',(#7059,#7060,#7066,#7067));
#7069=FACE_BOUND('',#7068,.T.);
#7070=ADVANCED_FACE('',(#7069),#7058,.F.);
#7071=CARTESIAN_POINT('',(137.469906052,52.620661221,15.357459202));
#7072=DIRECTION('',(0.,-1.,-0.));
#7073=DIRECTION('',(0.,0.,-1.));
#7074=AXIS2_PLACEMENT_3D('',#7071,#7072,#7073);
#7075=CONICAL_SURFACE('',#7074,0.8,45.);
#7076=ORIENTED_EDGE('',*,*,#7048,.T.);
#7077=ORIENTED_EDGE('',*,*,#1186,.F.);
#7078=CARTESIAN_POINT('',(138.469906052,52.420661221,15.357459202));
#7079=DIRECTION('',(-0.707106781,0.707106781,0.));
#7080=VECTOR('',#7079,0.282842712);
#7081=LINE('',#7078,#7080);
#7082=EDGE_CURVE('',#385,#1172,#7081,.T.);
#7083=ORIENTED_EDGE('',*,*,#7082,.F.);
#7084=ORIENTED_EDGE('',*,*,#6768,.F.);
#7085=EDGE_LOOP('',(#7076,#7077,#7083,#7084));
#7086=FACE_BOUND('',#7085,.T.);
#7087=ADVANCED_FACE('',(#7086),#7075,.F.);
#7088=CARTESIAN_POINT('',(137.469906052,52.620661221,9.857459202));
#7089=DIRECTION('',(0.,-1.,-0.));
#7090=DIRECTION('',(0.,0.,-1.));
#7091=AXIS2_PLACEMENT_3D('',#7088,#7089,#7090);
#7092=CONICAL_SURFACE('',#7091,0.8,45.);
#7093=ORIENTED_EDGE('',*,*,#7065,.T.);
#7094=ORIENTED_EDGE('',*,*,#6816,.F.);
#7095=CARTESIAN_POINT('',(138.269906052,52.620661221,9.857459202));
#7096=DIRECTION('',(0.707106781,-0.707106781,-0.));
#7097=VECTOR('',#7096,0.282842712);
#7098=LINE('',#7095,#7097);
#7099=EDGE_CURVE('',#1163,#367,#7098,.T.);
#7100=ORIENTED_EDGE('',*,*,#7099,.F.);
#7101=ORIENTED_EDGE('',*,*,#1169,.F.);
#7102=EDGE_LOOP('',(#7093,#7094,#7100,#7101));
#7103=FACE_BOUND('',#7102,.T.);
#7104=ADVANCED_FACE('',(#7103),#7092,.F.);
#7105=CARTESIAN_POINT('',(138.469906052,52.420661221,21.757459202));
#7106=DIRECTION('',(0.707106781,0.707106781,0.));
#7107=DIRECTION('',(0.,0.,-1.));
#7108=AXIS2_PLACEMENT_3D('',#7105,#7106,#7107);
#7109=PLANE('',#7108);
#7110=ORIENTED_EDGE('',*,*,#7082,.T.);
#7111=ORIENTED_EDGE('',*,*,#1177,.F.);
#7112=ORIENTED_EDGE('',*,*,#7099,.T.);
#7113=ORIENTED_EDGE('',*,*,#396,.F.);
#7114=EDGE_LOOP('',(#7110,#7111,#7112,#7113));
#7115=FACE_BOUND('',#7114,.T.);
#7116=ADVANCED_FACE('',(#7115),#7109,.F.);
#7117=CARTESIAN_POINT('',(124.256517704,47.620661221,14.719070854));
#7118=DIRECTION('',(0.707106781,0.,-0.707106781));
#7119=DIRECTION('',(-0.707106781,0.,-0.707106781));
#7120=AXIS2_PLACEMENT_3D('',#7117,#7118,#7119);
#7121=PLANE('',#7120);
#7122=ORIENTED_EDGE('',*,*,#504,.F.);
#7123=CARTESIAN_POINT('',(123.93706334,47.620661221,14.39961649));
#7124=VERTEX_POINT('',#7123);
#7125=CARTESIAN_POINT('',(124.469906052,47.087818509,14.932459202));
#7126=DIRECTION('',(-0.577350269,0.577350269,-0.577350269));
#7127=VECTOR('',#7126,0.92291065);
#7128=LINE('',#7125,#7127);
#7129=EDGE_CURVE('',#493,#7124,#7128,.T.);
#7130=ORIENTED_EDGE('',*,*,#7129,.T.);
#7131=CARTESIAN_POINT('',(123.93706334,47.620661221,14.39961649));
#7132=DIRECTION('',(0.577350269,0.577350269,0.577350269));
#7133=VECTOR('',#7132,0.92291065);
#7134=LINE('',#7131,#7133);
#7135=EDGE_CURVE('',#7124,#475,#7134,.T.);
#7136=ORIENTED_EDGE('',*,*,#7135,.T.);
#7137=EDGE_LOOP('',(#7122,#7130,#7136));
#7138=FACE_BOUND('',#7137,.T.);
#7139=ADVANCED_FACE('',(#7138),#7121,.T.);
#7140=CARTESIAN_POINT('',(124.256517704,47.620661221,10.49584755));
#7141=DIRECTION('',(0.707106781,-0.,0.707106781));
#7142=DIRECTION('',(0.707106781,0.,-0.707106781));
#7143=AXIS2_PLACEMENT_3D('',#7140,#7141,#7142);
#7144=PLANE('',#7143);
#7145=CARTESIAN_POINT('',(123.93706334,47.620661221,10.815301914));
#7146=VERTEX_POINT('',#7145);
#7147=CARTESIAN_POINT('',(124.469906052,48.153503934,10.282459202));
#7148=DIRECTION('',(-0.577350269,-0.577350269,0.577350269));
#7149=VECTOR('',#7148,0.92291065);
#7150=LINE('',#7147,#7149);
#7151=EDGE_CURVE('',#477,#7146,#7150,.T.);
#7152=ORIENTED_EDGE('',*,*,#7151,.T.);
#7153=CARTESIAN_POINT('',(123.93706334,47.620661221,10.815301914));
#7154=DIRECTION('',(0.577350269,-0.577350269,-0.577350269));
#7155=VECTOR('',#7154,0.92291065);
#7156=LINE('',#7153,#7155);
#7157=EDGE_CURVE('',#7146,#485,#7156,.T.);
#7158=ORIENTED_EDGE('',*,*,#7157,.T.);
#7159=ORIENTED_EDGE('',*,*,#490,.F.);
#7160=EDGE_LOOP('',(#7152,#7158,#7159));
#7161=FACE_BOUND('',#7160,.T.);
#7162=ADVANCED_FACE('',(#7161),#7144,.T.);
#7163=CARTESIAN_POINT('',(124.328484696,48.012082578,13.807459202));
#7164=DIRECTION('',(0.707106781,-0.707106781,-0.));
#7165=DIRECTION('',(0.,-0.,1.));
#7166=AXIS2_PLACEMENT_3D('',#7163,#7164,#7165);
#7167=PLANE('',#7166);
#7168=CARTESIAN_POINT('',(123.93706334,47.620661221,10.815301914));
#7169=DIRECTION('',(0.,-0.,1.));
#7170=VECTOR('',#7169,3.584314575);
#7171=LINE('',#7168,#7170);
#7172=EDGE_CURVE('',#7146,#7124,#7171,.T.);
#7173=ORIENTED_EDGE('',*,*,#7172,.F.);
#7174=ORIENTED_EDGE('',*,*,#7151,.F.);
#7175=ORIENTED_EDGE('',*,*,#482,.F.);
#7176=ORIENTED_EDGE('',*,*,#7135,.F.);
#7177=EDGE_LOOP('',(#7173,#7174,#7175,#7176));
#7178=FACE_BOUND('',#7177,.T.);
#7179=ADVANCED_FACE('',(#7178),#7167,.T.);
#7180=CARTESIAN_POINT('',(124.328484696,47.229239865,13.807459202));
#7181=DIRECTION('',(0.707106781,0.707106781,0.));
#7182=DIRECTION('',(0.,0.,-1.));
#7183=AXIS2_PLACEMENT_3D('',#7180,#7181,#7182);
#7184=PLANE('',#7183);
#7185=ORIENTED_EDGE('',*,*,#7157,.F.);
#7186=ORIENTED_EDGE('',*,*,#7172,.T.);
#7187=ORIENTED_EDGE('',*,*,#7129,.F.);
#7188=ORIENTED_EDGE('',*,*,#498,.F.);
#7189=EDGE_LOOP('',(#7185,#7186,#7187,#7188));
#7190=FACE_BOUND('',#7189,.T.);
#7191=ADVANCED_FACE('',(#7190),#7184,.T.);
#7192=CARTESIAN_POINT('',(138.6832944,47.620661221,14.719070854));
#7193=DIRECTION('',(-0.707106781,0.,-0.707106781));
#7194=DIRECTION('',(-0.707106781,-0.,0.707106781));
#7195=AXIS2_PLACEMENT_3D('',#7192,#7193,#7194);
#7196=PLANE('',#7195);
#7197=CARTESIAN_POINT('',(139.002748764,47.620661221,14.39961649));
#7198=VERTEX_POINT('',#7197);
#7199=CARTESIAN_POINT('',(138.469906052,48.153503934,14.932459202));
#7200=DIRECTION('',(0.577350269,-0.577350269,-0.577350269));
#7201=VECTOR('',#7200,0.92291065);
#7202=LINE('',#7199,#7201);
#7203=EDGE_CURVE('',#419,#7198,#7202,.T.);
#7204=ORIENTED_EDGE('',*,*,#7203,.T.);
#7205=CARTESIAN_POINT('',(139.002748764,47.620661221,14.39961649));
#7206=DIRECTION('',(-0.577350269,-0.577350269,0.577350269));
#7207=VECTOR('',#7206,0.92291065);
#7208=LINE('',#7205,#7207);
#7209=EDGE_CURVE('',#7198,#401,#7208,.T.);
#7210=ORIENTED_EDGE('',*,*,#7209,.T.);
#7211=ORIENTED_EDGE('',*,*,#430,.F.);
#7212=EDGE_LOOP('',(#7204,#7210,#7211));
#7213=FACE_BOUND('',#7212,.T.);
#7214=ADVANCED_FACE('',(#7213),#7196,.T.);
#7215=CARTESIAN_POINT('',(138.6832944,47.620661221,10.49584755));
#7216=DIRECTION('',(-0.707106781,-0.,0.707106781));
#7217=DIRECTION('',(0.707106781,-0.,0.707106781));
#7218=AXIS2_PLACEMENT_3D('',#7215,#7216,#7217);
#7219=PLANE('',#7218);
#7220=ORIENTED_EDGE('',*,*,#416,.F.);
#7221=CARTESIAN_POINT('',(139.002748764,47.620661221,10.815301914));
#7222=VERTEX_POINT('',#7221);
#7223=CARTESIAN_POINT('',(138.469906052,47.087818509,10.282459202));
#7224=DIRECTION('',(0.577350269,0.577350269,0.577350269));
#7225=VECTOR('',#7224,0.92291065);
#7226=LINE('',#7223,#7225);
#7227=EDGE_CURVE('',#403,#7222,#7226,.T.);
#7228=ORIENTED_EDGE('',*,*,#7227,.T.);
#7229=CARTESIAN_POINT('',(139.002748764,47.620661221,10.815301914));
#7230=DIRECTION('',(-0.577350269,0.577350269,-0.577350269));
#7231=VECTOR('',#7230,0.92291065);
#7232=LINE('',#7229,#7231);
#7233=EDGE_CURVE('',#7222,#411,#7232,.T.);
#7234=ORIENTED_EDGE('',*,*,#7233,.T.);
#7235=EDGE_LOOP('',(#7220,#7228,#7234));
#7236=FACE_BOUND('',#7235,.T.);
#7237=ADVANCED_FACE('',(#7236),#7219,.T.);
#7238=CARTESIAN_POINT('',(138.611327408,48.012082578,13.807459202));
#7239=DIRECTION('',(-0.707106781,-0.707106781,-0.));
#7240=DIRECTION('',(0.,0.,-1.));
#7241=AXIS2_PLACEMENT_3D('',#7238,#7239,#7240);
#7242=PLANE('',#7241);
#7243=CARTESIAN_POINT('',(139.002748764,47.620661221,14.39961649));
#7244=DIRECTION('',(0.,0.,-1.));
#7245=VECTOR('',#7244,3.584314575);
#7246=LINE('',#7243,#7245);
#7247=EDGE_CURVE('',#7198,#7222,#7246,.T.);
#7248=ORIENTED_EDGE('',*,*,#7247,.F.);
#7249=ORIENTED_EDGE('',*,*,#7203,.F.);
#7250=ORIENTED_EDGE('',*,*,#424,.F.);
#7251=ORIENTED_EDGE('',*,*,#7233,.F.);
#7252=EDGE_LOOP('',(#7248,#7249,#7250,#7251));
#7253=FACE_BOUND('',#7252,.T.);
#7254=ADVANCED_FACE('',(#7253),#7242,.T.);
#7255=CARTESIAN_POINT('',(138.611327408,47.229239865,13.807459202));
#7256=DIRECTION('',(-0.707106781,0.707106781,0.));
#7257=DIRECTION('',(0.,-0.,1.));
#7258=AXIS2_PLACEMENT_3D('',#7255,#7256,#7257);
#7259=PLANE('',#7258);
#7260=ORIENTED_EDGE('',*,*,#7209,.F.);
#7261=ORIENTED_EDGE('',*,*,#7247,.T.);
#7262=ORIENTED_EDGE('',*,*,#7227,.F.);
#7263=ORIENTED_EDGE('',*,*,#408,.F.);
#7264=EDGE_LOOP('',(#7260,#7261,#7262,#7263));
#7265=FACE_BOUND('',#7264,.T.);
#7266=ADVANCED_FACE('',(#7265),#7259,.T.);
#7267=CARTESIAN_POINT('',(127.140204977,-46.567438779,5.857459202));
#7268=DIRECTION('',(-1.,0.,0.));
#7269=DIRECTION('',(0.,0.,1.));
#7270=AXIS2_PLACEMENT_3D('',#7267,#7268,#7269);
#7271=PLANE('',#7270);
#7272=CARTESIAN_POINT('',(127.140204977,-55.167438779,5.857459202));
#7273=VERTEX_POINT('',#7272);
#7274=CARTESIAN_POINT('',(127.140204977,-46.167438779,5.857459202));
#7275=VERTEX_POINT('',#7274);
#7276=CARTESIAN_POINT('',(127.140204977,-55.167438779,5.857459202));
#7277=DIRECTION('',(0.,1.,0.));
#7278=VECTOR('',#7277,9.);
#7279=LINE('',#7276,#7278);
#7280=EDGE_CURVE('',#7273,#7275,#7279,.T.);
#7281=ORIENTED_EDGE('',*,*,#7280,.F.);
#7282=CARTESIAN_POINT('',(127.140204977,-55.167438779,5.857459202));
#7283=DIRECTION('',(0.,0.,-1.));
#7284=VECTOR('',#7283,0.4);
#7285=LINE('',#7282,#7284);
#7286=EDGE_CURVE('',#7273,#307,#7285,.T.);
#7287=ORIENTED_EDGE('',*,*,#7286,.T.);
#7288=ORIENTED_EDGE('',*,*,#314,.T.);
#7289=CARTESIAN_POINT('',(127.140204977,-46.167438779,5.457459202));
#7290=DIRECTION('',(-0.,-0.,1.));
#7291=VECTOR('',#7290,0.4);
#7292=LINE('',#7289,#7291);
#7293=EDGE_CURVE('',#309,#7275,#7292,.T.);
#7294=ORIENTED_EDGE('',*,*,#7293,.T.);
#7295=EDGE_LOOP('',(#7281,#7287,#7288,#7294));
#7296=FACE_BOUND('',#7295,.T.);
#7297=ADVANCED_FACE('',(#7296),#7271,.F.);
#7298=CARTESIAN_POINT('',(128.140204977,-46.567438779,5.857459202));
#7299=DIRECTION('',(1.,0.,0.));
#7300=DIRECTION('',(0.,0.,-1.));
#7301=AXIS2_PLACEMENT_3D('',#7298,#7299,#7300);
#7302=PLANE('',#7301);
#7303=ORIENTED_EDGE('',*,*,#340,.T.);
#7304=CARTESIAN_POINT('',(128.140204977,-55.167438779,5.857459202));
#7305=VERTEX_POINT('',#7304);
#7306=CARTESIAN_POINT('',(128.140204977,-55.167438779,5.457459202));
#7307=DIRECTION('',(-0.,-0.,1.));
#7308=VECTOR('',#7307,0.4);
#7309=LINE('',#7306,#7308);
#7310=EDGE_CURVE('',#326,#7305,#7309,.T.);
#7311=ORIENTED_EDGE('',*,*,#7310,.T.);
#7312=CARTESIAN_POINT('',(128.140204977,-46.167438779,5.857459202));
#7313=VERTEX_POINT('',#7312);
#7314=CARTESIAN_POINT('',(128.140204977,-46.167438779,5.857459202));
#7315=DIRECTION('',(0.,-1.,-0.));
#7316=VECTOR('',#7315,9.);
#7317=LINE('',#7314,#7316);
#7318=EDGE_CURVE('',#7313,#7305,#7317,.T.);
#7319=ORIENTED_EDGE('',*,*,#7318,.F.);
#7320=CARTESIAN_POINT('',(128.140204977,-46.167438779,5.857459202));
#7321=DIRECTION('',(0.,0.,-1.));
#7322=VECTOR('',#7321,0.4);
#7323=LINE('',#7320,#7322);
#7324=EDGE_CURVE('',#7313,#335,#7323,.T.);
#7325=ORIENTED_EDGE('',*,*,#7324,.T.);
#7326=EDGE_LOOP('',(#7303,#7311,#7319,#7325));
#7327=FACE_BOUND('',#7326,.T.);
#7328=ADVANCED_FACE('',(#7327),#7302,.F.);
#7329=CARTESIAN_POINT('',(-0.,0.581434635,5.857459202));
#7330=DIRECTION('',(0.,0.,-1.));
#7331=DIRECTION('',(-1.,0.,0.));
#7332=AXIS2_PLACEMENT_3D('',#7329,#7330,#7331);
#7333=PLANE('',#7332);
#7334=ORIENTED_EDGE('',*,*,#7318,.T.);
#7335=CARTESIAN_POINT('',(127.640204977,-55.667438779,5.857459202));
#7336=VERTEX_POINT('',#7335);
#7337=CARTESIAN_POINT('',(127.640204977,-55.167438779,5.857459202));
#7338=DIRECTION('',(0.,0.,-1.));
#7339=DIRECTION('',(0.,1.,0.));
#7340=AXIS2_PLACEMENT_3D('',#7337,#7338,#7339);
#7341=CIRCLE('',#7340,0.5);
#7342=EDGE_CURVE('',#7305,#7336,#7341,.T.);
#7343=ORIENTED_EDGE('',*,*,#7342,.T.);
#7344=CARTESIAN_POINT('',(127.640204977,-55.167438779,5.857459202));
#7345=DIRECTION('',(0.,0.,-1.));
#7346=DIRECTION('',(0.,1.,0.));
#7347=AXIS2_PLACEMENT_3D('',#7344,#7345,#7346);
#7348=CIRCLE('',#7347,0.5);
#7349=EDGE_CURVE('',#7336,#7273,#7348,.T.);
#7350=ORIENTED_EDGE('',*,*,#7349,.T.);
#7351=ORIENTED_EDGE('',*,*,#7280,.T.);
#7352=CARTESIAN_POINT('',(127.640204977,-45.667438779,5.857459202));
#7353=VERTEX_POINT('',#7352);
#7354=CARTESIAN_POINT('',(127.640204977,-46.167438779,5.857459202));
#7355=DIRECTION('',(0.,0.,-1.));
#7356=DIRECTION('',(0.,1.,0.));
#7357=AXIS2_PLACEMENT_3D('',#7354,#7355,#7356);
#7358=CIRCLE('',#7357,0.5);
#7359=EDGE_CURVE('',#7275,#7353,#7358,.T.);
#7360=ORIENTED_EDGE('',*,*,#7359,.T.);
#7361=CARTESIAN_POINT('',(127.640204977,-46.167438779,5.857459202));
#7362=DIRECTION('',(0.,0.,-1.));
#7363=DIRECTION('',(0.,1.,0.));
#7364=AXIS2_PLACEMENT_3D('',#7361,#7362,#7363);
#7365=CIRCLE('',#7364,0.5);
#7366=EDGE_CURVE('',#7353,#7313,#7365,.T.);
#7367=ORIENTED_EDGE('',*,*,#7366,.T.);
#7368=EDGE_LOOP('',(#7334,#7343,#7350,#7351,#7360,#7367));
#7369=FACE_BOUND('',#7368,.T.);
#7370=ADVANCED_FACE('',(#7369),#7333,.T.);
#7371=CARTESIAN_POINT('',(127.640204977,-55.167438779,5.857459202));
#7372=DIRECTION('',(0.,-0.,1.));
#7373=DIRECTION('',(0.,-1.,-0.));
#7374=AXIS2_PLACEMENT_3D('',#7371,#7372,#7373);
#7375=CYLINDRICAL_SURFACE('',#7374,0.5);
#7376=ORIENTED_EDGE('',*,*,#7286,.F.);
#7377=ORIENTED_EDGE('',*,*,#7349,.F.);
#7378=CARTESIAN_POINT('',(127.640204977,-55.667438779,5.457459202));
#7379=DIRECTION('',(-0.,-0.,1.));
#7380=VECTOR('',#7379,0.4);
#7381=LINE('',#7378,#7380);
#7382=EDGE_CURVE('',#317,#7336,#7381,.T.);
#7383=ORIENTED_EDGE('',*,*,#7382,.F.);
#7384=ORIENTED_EDGE('',*,*,#323,.F.);
#7385=EDGE_LOOP('',(#7376,#7377,#7383,#7384));
#7386=FACE_BOUND('',#7385,.T.);
#7387=ADVANCED_FACE('',(#7386),#7375,.F.);
#7388=CARTESIAN_POINT('',(127.640204977,-55.167438779,5.857459202));
#7389=DIRECTION('',(0.,-0.,1.));
#7390=DIRECTION('',(0.,-1.,-0.));
#7391=AXIS2_PLACEMENT_3D('',#7388,#7389,#7390);
#7392=CYLINDRICAL_SURFACE('',#7391,0.5);
#7393=ORIENTED_EDGE('',*,*,#7342,.F.);
#7394=ORIENTED_EDGE('',*,*,#7310,.F.);
#7395=ORIENTED_EDGE('',*,*,#332,.F.);
#7396=ORIENTED_EDGE('',*,*,#7382,.T.);
#7397=EDGE_LOOP('',(#7393,#7394,#7395,#7396));
#7398=FACE_BOUND('',#7397,.T.);
#7399=ADVANCED_FACE('',(#7398),#7392,.F.);
#7400=CARTESIAN_POINT('',(127.640204977,-46.167438779,5.857459202));
#7401=DIRECTION('',(0.,-0.,1.));
#7402=DIRECTION('',(0.,-1.,-0.));
#7403=AXIS2_PLACEMENT_3D('',#7400,#7401,#7402);
#7404=CYLINDRICAL_SURFACE('',#7403,0.5);
#7405=CARTESIAN_POINT('',(127.640204977,-45.667438779,5.857459202));
#7406=DIRECTION('',(0.,0.,-1.));
#7407=VECTOR('',#7406,0.4);
#7408=LINE('',#7405,#7407);
#7409=EDGE_CURVE('',#7353,#343,#7408,.T.);
#7410=ORIENTED_EDGE('',*,*,#7409,.F.);
#7411=ORIENTED_EDGE('',*,*,#7359,.F.);
#7412=ORIENTED_EDGE('',*,*,#7293,.F.);
#7413=ORIENTED_EDGE('',*,*,#356,.F.);
#7414=EDGE_LOOP('',(#7410,#7411,#7412,#7413));
#7415=FACE_BOUND('',#7414,.T.);
#7416=ADVANCED_FACE('',(#7415),#7404,.F.);
#7417=CARTESIAN_POINT('',(127.640204977,-46.167438779,5.857459202));
#7418=DIRECTION('',(0.,-0.,1.));
#7419=DIRECTION('',(0.,-1.,-0.));
#7420=AXIS2_PLACEMENT_3D('',#7417,#7418,#7419);
#7421=CYLINDRICAL_SURFACE('',#7420,0.5);
#7422=ORIENTED_EDGE('',*,*,#7366,.F.);
#7423=ORIENTED_EDGE('',*,*,#7409,.T.);
#7424=ORIENTED_EDGE('',*,*,#349,.F.);
#7425=ORIENTED_EDGE('',*,*,#7324,.F.);
#7426=EDGE_LOOP('',(#7422,#7423,#7424,#7425));
#7427=FACE_BOUND('',#7426,.T.);
#7428=ADVANCED_FACE('',(#7427),#7421,.F.);
#7429=CARTESIAN_POINT('',(-0.,0.,6.457459202));
#7430=DIRECTION('',(0.,0.,-1.));
#7431=DIRECTION('',(1.,0.,0.));
#7432=AXIS2_PLACEMENT_3D('',#7429,#7430,#7431);
#7433=PLANE('',#7432);
#7434=CARTESIAN_POINT('',(101.85992856,2.104686725,6.457459202));
#7435=VERTEX_POINT('',#7434);
#7436=CARTESIAN_POINT('',(101.85992856,21.004686725,6.457459202));
#7437=VERTEX_POINT('',#7436);
#7438=CARTESIAN_POINT('',(101.85992856,2.104686725,6.457459202));
#7439=DIRECTION('',(-0.,1.,0.));
#7440=VECTOR('',#7439,18.9);
#7441=LINE('',#7438,#7440);
#7442=EDGE_CURVE('',#7435,#7437,#7441,.T.);
#7443=ORIENTED_EDGE('',*,*,#7442,.F.);
#7444=CARTESIAN_POINT('',(91.45992856,2.104686725,6.457459202));
#7445=VERTEX_POINT('',#7444);
#7446=CARTESIAN_POINT('',(91.45992856,2.104686725,6.457459202));
#7447=DIRECTION('',(1.,0.,-0.));
#7448=VECTOR('',#7447,10.4);
#7449=LINE('',#7446,#7448);
#7450=EDGE_CURVE('',#7445,#7435,#7449,.T.);
#7451=ORIENTED_EDGE('',*,*,#7450,.F.);
#7452=CARTESIAN_POINT('',(91.45992856,21.004686725,6.457459202));
#7453=VERTEX_POINT('',#7452);
#7454=CARTESIAN_POINT('',(91.45992856,21.004686725,6.457459202));
#7455=DIRECTION('',(-0.,-1.,-0.));
#7456=VECTOR('',#7455,18.9);
#7457=LINE('',#7454,#7456);
#7458=EDGE_CURVE('',#7453,#7445,#7457,.T.);
#7459=ORIENTED_EDGE('',*,*,#7458,.F.);
#7460=CARTESIAN_POINT('',(101.85992856,21.004686725,6.457459202));
#7461=DIRECTION('',(-1.,0.,0.));
#7462=VECTOR('',#7461,10.4);
#7463=LINE('',#7460,#7462);
#7464=EDGE_CURVE('',#7437,#7453,#7463,.T.);
#7465=ORIENTED_EDGE('',*,*,#7464,.F.);
#7466=EDGE_LOOP('',(#7443,#7451,#7459,#7465));
#7467=FACE_BOUND('',#7466,.T.);
#7468=ADVANCED_FACE('',(#7467),#7433,.T.);
#7469=CARTESIAN_POINT('',(-0.516222446,1.104686725,5.457459202));
#7470=DIRECTION('',(0.,0.707106781,-0.707106781));
#7471=DIRECTION('',(-1.,0.,0.));
#7472=AXIS2_PLACEMENT_3D('',#7469,#7470,#7471);
#7473=PLANE('',#7472);
#7474=CARTESIAN_POINT('',(91.45992856,2.104686725,6.457459202));
#7475=DIRECTION('',(-0.577350269,-0.577350269,-0.577350269));
#7476=VECTOR('',#7475,1.732050808);
#7477=LINE('',#7474,#7476);
#7478=EDGE_CURVE('',#7445,#79,#7477,.T.);
#7479=ORIENTED_EDGE('',*,*,#7478,.F.);
#7480=ORIENTED_EDGE('',*,*,#7450,.T.);
#7481=CARTESIAN_POINT('',(102.85992856,1.104686725,5.457459202));
#7482=DIRECTION('',(-0.577350269,0.577350269,0.577350269));
#7483=VECTOR('',#7482,1.732050808);
#7484=LINE('',#7481,#7483);
#7485=EDGE_CURVE('',#61,#7435,#7484,.T.);
#7486=ORIENTED_EDGE('',*,*,#7485,.F.);
#7487=ORIENTED_EDGE('',*,*,#90,.F.);
#7488=EDGE_LOOP('',(#7479,#7480,#7486,#7487));
#7489=FACE_BOUND('',#7488,.T.);
#7490=ADVANCED_FACE('',(#7489),#7473,.T.);
#7491=CARTESIAN_POINT('',(102.85992856,-104.411488779,5.457459202));
#7492=DIRECTION('',(-0.707106781,0.,-0.707106781));
#7493=DIRECTION('',(0.,-1.,-0.));
#7494=AXIS2_PLACEMENT_3D('',#7491,#7492,#7493);
#7495=PLANE('',#7494);
#7496=ORIENTED_EDGE('',*,*,#7485,.T.);
#7497=ORIENTED_EDGE('',*,*,#7442,.T.);
#7498=CARTESIAN_POINT('',(102.85992856,22.004686725,5.457459202));
#7499=DIRECTION('',(-0.577350269,-0.577350269,0.577350269));
#7500=VECTOR('',#7499,1.732050808);
#7501=LINE('',#7498,#7500);
#7502=EDGE_CURVE('',#63,#7437,#7501,.T.);
#7503=ORIENTED_EDGE('',*,*,#7502,.F.);
#7504=ORIENTED_EDGE('',*,*,#68,.F.);
#7505=EDGE_LOOP('',(#7496,#7497,#7503,#7504));
#7506=FACE_BOUND('',#7505,.T.);
#7507=ADVANCED_FACE('',(#7506),#7495,.T.);
#7508=CARTESIAN_POINT('',(90.45992856,-104.411488779,5.457459202));
#7509=DIRECTION('',(0.707106781,0.,-0.707106781));
#7510=DIRECTION('',(0.,1.,0.));
#7511=AXIS2_PLACEMENT_3D('',#7508,#7509,#7510);
#7512=PLANE('',#7511);
#7513=ORIENTED_EDGE('',*,*,#7478,.T.);
#7514=ORIENTED_EDGE('',*,*,#84,.F.);
#7515=CARTESIAN_POINT('',(91.45992856,21.004686725,6.457459202));
#7516=DIRECTION('',(-0.577350269,0.577350269,-0.577350269));
#7517=VECTOR('',#7516,1.732050808);
#7518=LINE('',#7515,#7517);
#7519=EDGE_CURVE('',#7453,#71,#7518,.T.);
#7520=ORIENTED_EDGE('',*,*,#7519,.F.);
#7521=ORIENTED_EDGE('',*,*,#7458,.T.);
#7522=EDGE_LOOP('',(#7513,#7514,#7520,#7521));
#7523=FACE_BOUND('',#7522,.T.);
#7524=ADVANCED_FACE('',(#7523),#7512,.T.);
#7525=CARTESIAN_POINT('',(-0.516222446,22.004686725,5.457459202));
#7526=DIRECTION('',(0.,-0.707106781,-0.707106781));
#7527=DIRECTION('',(1.,0.,0.));
#7528=AXIS2_PLACEMENT_3D('',#7525,#7526,#7527);
#7529=PLANE('',#7528);
#7530=ORIENTED_EDGE('',*,*,#7502,.T.);
#7531=ORIENTED_EDGE('',*,*,#7464,.T.);
#7532=ORIENTED_EDGE('',*,*,#7519,.T.);
#7533=ORIENTED_EDGE('',*,*,#76,.F.);
#7534=EDGE_LOOP('',(#7530,#7531,#7532,#7533));
#7535=FACE_BOUND('',#7534,.T.);
#7536=ADVANCED_FACE('',(#7535),#7529,.T.);
#7537=CARTESIAN_POINT('',(112.8197,-54.193366136,13.057459189));
#7538=DIRECTION('',(0.,1.,-0.));
#7539=DIRECTION('',(0.,0.,1.));
#7540=AXIS2_PLACEMENT_3D('',#7537,#7538,#7539);
#7541=CYLINDRICAL_SURFACE('',#7540,1.);
#7542=ORIENTED_EDGE('',*,*,#2244,.F.);
#7543=ORIENTED_EDGE('',*,*,#5526,.F.);
#7544=ORIENTED_EDGE('',*,*,#895,.F.);
#7545=ORIENTED_EDGE('',*,*,#5482,.F.);
#7546=EDGE_LOOP('',(#7542,#7543,#7544,#7545));
#7547=FACE_BOUND('',#7546,.T.);
#7548=ADVANCED_FACE('',(#7547),#7541,.F.);
#7549=CARTESIAN_POINT('',(103.169,-0.137932192,13.057459175));
#7550=DIRECTION('',(0.,1.,-0.));
#7551=DIRECTION('',(0.,0.,1.));
#7552=AXIS2_PLACEMENT_3D('',#7549,#7550,#7551);
#7553=CYLINDRICAL_SURFACE('',#7552,1.);
#7554=ORIENTED_EDGE('',*,*,#2339,.F.);
#7555=ORIENTED_EDGE('',*,*,#5504,.F.);
#7556=ORIENTED_EDGE('',*,*,#912,.F.);
#7557=ORIENTED_EDGE('',*,*,#5533,.F.);
#7558=EDGE_LOOP('',(#7554,#7555,#7556,#7557));
#7559=FACE_BOUND('',#7558,.T.);
#7560=ADVANCED_FACE('',(#7559),#7553,.F.);
#7561=CARTESIAN_POINT('',(112.924531516,0.121327267,13.057459175));
#7562=DIRECTION('',(-0.002295859,0.999997365,-0.));
#7563=DIRECTION('',(-0.999997365,-0.002295859,0.));
#7564=AXIS2_PLACEMENT_3D('',#7561,#7562,#7563);
#7565=CYLINDRICAL_SURFACE('',#7564,1.);
#7566=ORIENTED_EDGE('',*,*,#2523,.F.);
#7567=ORIENTED_EDGE('',*,*,#5438,.F.);
#7568=ORIENTED_EDGE('',*,*,#712,.F.);
#7569=ORIENTED_EDGE('',*,*,#5416,.F.);
#7570=EDGE_LOOP('',(#7566,#7567,#7568,#7569));
#7571=FACE_BOUND('',#7570,.T.);
#7572=ADVANCED_FACE('',(#7571),#7565,.F.);
#7573=CARTESIAN_POINT('',(103.169,50.071745518,13.057459163));
#7574=DIRECTION('',(0.,1.,-0.));
#7575=DIRECTION('',(0.,0.,1.));
#7576=AXIS2_PLACEMENT_3D('',#7573,#7574,#7575);
#7577=CYLINDRICAL_SURFACE('',#7576,1.);
#7578=ORIENTED_EDGE('',*,*,#2436,.F.);
#7579=ORIENTED_EDGE('',*,*,#5423,.F.);
#7580=ORIENTED_EDGE('',*,*,#695,.F.);
#7581=ORIENTED_EDGE('',*,*,#5460,.F.);
#7582=EDGE_LOOP('',(#7578,#7579,#7580,#7581));
#7583=FACE_BOUND('',#7582,.T.);
#7584=ADVANCED_FACE('',(#7583),#7577,.F.);
#7585=CLOSED_SHELL('',(#360,#434,#508,#582,#656,#832,#1008,#1154,#1300,#1340,#1373,#1404,#1437,#1468,#1501,#1532,#1572,#1605,#1661,#1679,#1711,#1735,#1753,#1770,#2130,#2151,
#2343,#2527,#2567,#2607,#2647,#2678,#2752,#2774,#2878,#2909,#2940,#2971,#2993,#3049,#3080,#3166,#3190,#3260,#3289,#3312,#3337,#3377,#3417,#3457,#3497,
#3524,#3555,#3603,#3651,#3693,#3715,#3731,#3743,#3767,#3791,#3817,#3834,#3851,#3868,#3889,#3906,#3918,#3942,#3966,#3984,#4007,#4019,#4043,#4060,#4072,
#4120,#4144,#4191,#4215,#4239,#4263,#4287,#4311,#4335,#4359,#4383,#4423,#4478,#4509,#4540,#4571,#4617,#4634,#4662,#4676,#4716,#4733,#4749,#4766,#4778,
#4800,#4822,#4844,#4856,#4873,#4886,#4903,#4916,#4947,#4978,#4995,#5008,#5025,#5038,#5050,#5067,#5079,#5096,#5113,#5130,#5147,#5164,#5181,#5198,#5215,
#5231,#5247,#5259,#5276,#5293,#5310,#5326,#5343,#5360,#5377,#5393,#5405,#5427,#5449,#5471,#5493,#5515,#5537,#5551,#5565,#5579,#5593,#5624,#5655,#5686,
#5717,#5748,#5779,#5810,#5874,#5886,#5898,#5910,#5922,#5934,#5946,#5958,#5980,#6002,#6024,#6046,#6068,#6090,#6112,#6134,#6146,#6158,#6170,#6182,#6194,
#6206,#6218,#6230,#6254,#6278,#6302,#6326,#6348,#6365,#6382,#6399,#6416,#6433,#6450,#6462,#6484,#6501,#6518,#6535,#6552,#6569,#6586,#6598,#6621,#6644,
#6661,#6673,#6696,#6719,#6736,#6748,#6772,#6796,#6820,#6844,#6866,#6883,#6900,#6917,#6934,#6951,#6968,#6980,#7002,#7019,#7036,#7053,#7070,#7087,#7104,
#7116,#7139,#7162,#7179,#7191,#7214,#7237,#7254,#7266,#7297,#7328,#7370,#7387,#7399,#7416,#7428,#7468,#7490,#7507,#7524,#7536,#7548,#7560,#7572,#7584));
#7586=MANIFOLD_SOLID_BREP('inner_case_right',#7585);
#7587=DRAUGHTING_PRE_DEFINED_COLOUR('white');
#7588=FILL_AREA_STYLE_COLOUR('',#7587);
#7589=FILL_AREA_STYLE('',(#7588));
#7590=SURFACE_STYLE_FILL_AREA(#7589);
#7591=SURFACE_SIDE_STYLE('',(#7590));
#7592=SURFACE_STYLE_USAGE(.BOTH.,#7591);
#7593=PRESENTATION_STYLE_ASSIGNMENT((#7592));
#54=STYLED_ITEM('',(#7593),#7586);
#35=SHAPE_REPRESENTATION('main_frame',(#15),#33);
#36=ADVANCED_BREP_SHAPE_REPRESENTATION('main_frame',(#7586),#33);
#7601=SHAPE_REPRESENTATION_RELATIONSHIP('','',#35,#36);
#7602=CARTESIAN_POINT('',(0.,0.,0.));
#7603=DIRECTION('',(0.,0.,1.));
#7604=DIRECTION('',(1.,0.,0.));
#7605=AXIS2_PLACEMENT_3D('',#7602,#7603,#7604);
#7607=MAPPED_ITEM('',#7606,#7605);
#7606=REPRESENTATION_MAP(#7605,#35);
#7608=APPLICATION_CONTEXT('Managed model based 3d engineering');
#7609=APPLICATION_PROTOCOL_DEFINITION('international standard','ap242_managed_model_based_3d_engineering',2014,#7608);
#7610=PRODUCT_CONTEXT('',#7608,'mechanical');
#7611=PRODUCT_DEFINITION_CONTEXT('part definition',#7608,'design');
#43=PRODUCT('main_frame','main_frame','',(#7610));
#7612=PRODUCT_RELATED_PRODUCT_CATEGORY('part','',(#43));
#7613=PRODUCT_DEFINITION_FORMATION_WITH_SPECIFIED_SOURCE('','',#43,.NOT_KNOWN.);
#44=PRODUCT_DEFINITION('design','',#7613,#7611);
#42=PRODUCT_DEFINITION_SHAPE('','',#44);
#7614=SHAPE_DEFINITION_REPRESENTATION(#42,#35);
#34=DRAUGHTING_MODEL('',(#7607),#33);
#16=SHAPE_REPRESENTATION('root',(#15,#48),#10);
#7615=CARTESIAN_POINT('',(0.,0.,0.));
#7616=DIRECTION('',(0.,0.,1.));
#7617=DIRECTION('',(1.,0.,0.));
#7618=AXIS2_PLACEMENT_3D('',#7615,#7616,#7617);
#7620=MAPPED_ITEM('',#7619,#7618);
#7619=REPRESENTATION_MAP(#7618,#16);
#24=PRODUCT('root','root','',(#7610));
#7621=PRODUCT_RELATED_PRODUCT_CATEGORY('part','',(#24));
#7622=PRODUCT_DEFINITION_FORMATION_WITH_SPECIFIED_SOURCE('','',#24,.NOT_KNOWN.);
#25=PRODUCT_DEFINITION('design','',#7622,#7611);
#23=PRODUCT_DEFINITION_SHAPE('','',#25);
#7623=SHAPE_DEFINITION_REPRESENTATION(#23,#16);
#11=DRAUGHTING_MODEL('',(#7620),#10);
#7624=DESCRIPTIVE_REPRESENTATION_ITEM('KEY','C:\\Users\\13271\\AppData\\Local\\Packages\\Shapr3D.Shapr3D_j403pzjkqtqbj\\TempState\\591fc861-dbea-4004-ba8e-1f0961421300.tmp');
#7625=PROPERTY_DEFINITION('KEY','',#25);
#7626=REPRESENTATION('',(#7624),#10);
#7627=PROPERTY_DEFINITION_REPRESENTATION(#7625,#7626);
#7628=GENERAL_PROPERTY('','KEY','');
#7629=GENERAL_PROPERTY_ASSOCIATION('','',#7628,#7625);
#1=MECHANICAL_DESIGN_GEOMETRIC_PRESENTATION_REPRESENTATION('',(#54),#10);
ENDSEC;
END-ISO-10303-21;
