ISO-10303-21;
HEADER;

/* File generated by Shapr3D Version 5.980.9717.0 */

FILE_DESCRIPTION(('HOOPS Exchange Step'),'2;1');

FILE_NAME('C:\\Users\\13271\\AppData\\Local\\Packages\\Shapr3D.Shapr3D_j403pzjkqtqbj\\TempState\\export\\temp_export',
'2025-11-04T19:36:04+08:00',
('13271'),
('Shapr3D Limited'),
'HOOPS Exchange 2025.5',
'Shapr3D',
'Authorized');

FILE_SCHEMA( ('AP242_MANAGED_MODEL_BASED_3D_ENGINEERING_MIM_LF {1 0 10303 442 1 1 4}') );

ENDSEC;

DATA;
#3=(NAMED_UNIT(*)PLANE_ANGLE_UNIT()SI_UNIT($,.RADIAN.));
#4=PLANE_ANGLE_MEASURE_WITH_UNIT(PLANE_ANGLE_MEASURE(0.0174532925),#3);
#5=(CONVERSION_BASED_UNIT('DEGREE',#4)NAMED_UNIT(#6)PLANE_ANGLE_UNIT());
#6=DIMENSIONAL_EXPONENTS(0.,0.,0.,0.,0.,0.,0.);
#7=(NAMED_UNIT(*)SI_UNIT($,.STERADIAN.)SOLID_ANGLE_UNIT());
#8=(LENGTH_UNIT()NAMED_UNIT(*)SI_UNIT(.MILLI.,.METRE.));
#9=UNCERTAINTY_MEASURE_WITH_UNIT(LENGTH_MEASURE(1.000000E-03),#8,'DISTANCE_ACCURACY_VALUE','Maximum Tolerance applied to model');
#10=(GEOMETRIC_REPRESENTATION_CONTEXT(3)GLOBAL_UNCERTAINTY_ASSIGNED_CONTEXT((#9))GLOBAL_UNIT_ASSIGNED_CONTEXT((#8,#5,#7))REPRESENTATION_CONTEXT('','root'));
#12=CARTESIAN_POINT('',(0.,0.,0.));
#13=DIRECTION('',(0.,0.,1.));
#14=DIRECTION('',(1.,0.,0.));
#15=AXIS2_PLACEMENT_3D('',#12,#13,#14);
#26=(NAMED_UNIT(*)PLANE_ANGLE_UNIT()SI_UNIT($,.RADIAN.));
#27=PLANE_ANGLE_MEASURE_WITH_UNIT(PLANE_ANGLE_MEASURE(0.0174532925),#26);
#28=(CONVERSION_BASED_UNIT('DEGREE',#27)NAMED_UNIT(#29)PLANE_ANGLE_UNIT());
#29=DIMENSIONAL_EXPONENTS(0.,0.,0.,0.,0.,0.,0.);
#30=(NAMED_UNIT(*)SI_UNIT($,.STERADIAN.)SOLID_ANGLE_UNIT());
#31=(LENGTH_UNIT()NAMED_UNIT(*)SI_UNIT(.MILLI.,.METRE.));
#32=UNCERTAINTY_MEASURE_WITH_UNIT(LENGTH_MEASURE(1.000000E-05),#31,'DISTANCE_ACCURACY_VALUE','Maximum Tolerance applied to model');
#33=(GEOMETRIC_REPRESENTATION_CONTEXT(3)GLOBAL_UNCERTAINTY_ASSIGNED_CONTEXT((#32))GLOBAL_UNIT_ASSIGNED_CONTEXT((#31,#28,#30))REPRESENTATION_CONTEXT('','main_frame'));
#45=CARTESIAN_POINT('',(0.,0.,0.));
#46=DIRECTION('',(0.,0.,1.));
#47=DIRECTION('',(1.,0.,-0.));
#48=AXIS2_PLACEMENT_3D('',#45,#46,#47);
#49=ITEM_DEFINED_TRANSFORMATION('','',#48,#15);
#50=(REPRESENTATION_RELATIONSHIP('','',#35,#16)REPRESENTATION_RELATIONSHIP_WITH_TRANSFORMATION(#49)SHAPE_REPRESENTATION_RELATIONSHIP());
#51=NEXT_ASSEMBLY_USAGE_OCCURRENCE('main_frame_1','main_frame','main_frame',#25,#44,$);
#52=PRODUCT_DEFINITION_SHAPE('','',#51);
#53=CONTEXT_DEPENDENT_SHAPE_REPRESENTATION(#50,#52);
#55=CARTESIAN_POINT('',(-82.760610588,-5.904644437,-0.13925942));
#56=DIRECTION('',(-1.,0.,0.));
#57=DIRECTION('',(0.,-0.,1.));
#58=AXIS2_PLACEMENT_3D('',#55,#56,#57);
#59=PLANE('',#58);
#60=CARTESIAN_POINT('',(-82.760610588,-50.063257574,8.55718719));
#61=VERTEX_POINT('',#60);
#62=CARTESIAN_POINT('',(-82.760610588,-50.063257574,5.96074058));
#63=VERTEX_POINT('',#62);
#64=CARTESIAN_POINT('',(-82.760610588,-50.063257574,8.55718719));
#65=DIRECTION('',(-0.,0.,-1.));
#66=VECTOR('',#65,2.596446609);
#67=LINE('',#64,#66);
#68=EDGE_CURVE('',#61,#63,#67,.T.);
#69=ORIENTED_EDGE('',*,*,#68,.F.);
#70=CARTESIAN_POINT('',(-82.760610588,-52.063257574,8.55718719));
#71=VERTEX_POINT('',#70);
#72=CARTESIAN_POINT('',(-82.760610588,-50.063257574,8.55718719));
#73=DIRECTION('',(-0.,-1.,0.));
#74=VECTOR('',#73,2.);
#75=LINE('',#72,#74);
#76=EDGE_CURVE('',#61,#71,#75,.T.);
#77=ORIENTED_EDGE('',*,*,#76,.T.);
#78=CARTESIAN_POINT('',(-82.760610588,-52.063257574,5.46074058));
#79=VERTEX_POINT('',#78);
#80=CARTESIAN_POINT('',(-82.760610588,-52.063257574,8.55718719));
#81=DIRECTION('',(-0.,0.,-1.));
#82=VECTOR('',#81,3.09644661);
#83=LINE('',#80,#82);
#84=EDGE_CURVE('',#71,#79,#83,.T.);
#85=ORIENTED_EDGE('',*,*,#84,.T.);
#86=CARTESIAN_POINT('',(-82.760610588,48.424842426,5.46074058));
#87=VERTEX_POINT('',#86);
#88=CARTESIAN_POINT('',(-82.760610588,-52.063257574,5.46074058));
#89=DIRECTION('',(0.,1.,0.));
#90=VECTOR('',#89,100.4881);
#91=LINE('',#88,#90);
#92=EDGE_CURVE('',#79,#87,#91,.T.);
#93=ORIENTED_EDGE('',*,*,#92,.T.);
#94=CARTESIAN_POINT('',(-82.760610588,48.424842426,17.86074058));
#95=VERTEX_POINT('',#94);
#96=CARTESIAN_POINT('',(-82.760610588,48.424842426,5.46074058));
#97=DIRECTION('',(0.,-0.,1.));
#98=VECTOR('',#97,12.4);
#99=LINE('',#96,#98);
#100=EDGE_CURVE('',#87,#95,#99,.T.);
#101=ORIENTED_EDGE('',*,*,#100,.T.);
#102=CARTESIAN_POINT('',(-82.760610588,46.424842426,17.86074058));
#103=VERTEX_POINT('',#102);
#104=CARTESIAN_POINT('',(-82.760610588,48.424842426,17.86074058));
#105=DIRECTION('',(-0.,-1.,-0.));
#106=VECTOR('',#105,2.);
#107=LINE('',#104,#106);
#108=EDGE_CURVE('',#95,#103,#107,.T.);
#109=ORIENTED_EDGE('',*,*,#108,.T.);
#110=CARTESIAN_POINT('',(-82.760610588,46.424842426,7.96074058));
#111=VERTEX_POINT('',#110);
#112=CARTESIAN_POINT('',(-82.760610588,46.424842426,17.86074058));
#113=DIRECTION('',(-0.,0.,-1.));
#114=VECTOR('',#113,9.9);
#115=LINE('',#112,#114);
#116=EDGE_CURVE('',#103,#111,#115,.T.);
#117=ORIENTED_EDGE('',*,*,#116,.T.);
#118=CARTESIAN_POINT('',(-82.760610588,46.434546845,7.96074058));
#119=VERTEX_POINT('',#118);
#120=CARTESIAN_POINT('',(-82.760610588,46.434546845,7.96074058));
#121=DIRECTION('',(-0.,-1.,-0.));
#122=VECTOR('',#121,0.009704419);
#123=LINE('',#120,#122);
#124=EDGE_CURVE('',#119,#111,#123,.T.);
#125=ORIENTED_EDGE('',*,*,#124,.F.);
#126=CARTESIAN_POINT('',(-82.760610588,46.434546845,5.96074058));
#127=VERTEX_POINT('',#126);
#128=CARTESIAN_POINT('',(-82.760610588,46.434546845,7.96074058));
#129=DIRECTION('',(-0.,0.,-1.));
#130=VECTOR('',#129,2.);
#131=LINE('',#128,#130);
#132=EDGE_CURVE('',#119,#127,#131,.T.);
#133=ORIENTED_EDGE('',*,*,#132,.T.);
#134=CARTESIAN_POINT('',(-82.760610588,-6.832069444,5.96074058));
#135=VERTEX_POINT('',#134);
#136=CARTESIAN_POINT('',(-82.760610588,-6.832069444,5.96074058));
#137=DIRECTION('',(-0.,1.,0.));
#138=VECTOR('',#137,53.266616289);
#139=LINE('',#136,#138);
#140=EDGE_CURVE('',#135,#127,#139,.T.);
#141=ORIENTED_EDGE('',*,*,#140,.F.);
#142=CARTESIAN_POINT('',(-82.760610588,-50.063257574,5.96074058));
#143=DIRECTION('',(0.,1.,0.));
#144=VECTOR('',#143,43.23118813);
#145=LINE('',#142,#144);
#146=EDGE_CURVE('',#63,#135,#145,.T.);
#147=ORIENTED_EDGE('',*,*,#146,.F.);
#148=EDGE_LOOP('',(#69,#77,#85,#93,#101,#109,#117,#125,#133,#141,#147));
#149=FACE_BOUND('',#148,.T.);
#150=ADVANCED_FACE('',(#149),#59,.F.);
#151=CARTESIAN_POINT('',(-82.760610588,-6.904644437,-0.13925942));
#152=DIRECTION('',(-1.,0.,0.));
#153=DIRECTION('',(0.,-0.,1.));
#154=AXIS2_PLACEMENT_3D('',#151,#152,#153);
#155=PLANE('',#154);
#156=CARTESIAN_POINT('',(-82.760610588,-57.063257574,8.557187189));
#157=VERTEX_POINT('',#156);
#158=CARTESIAN_POINT('',(-82.760610588,-55.063257574,8.557187189));
#159=VERTEX_POINT('',#158);
#160=CARTESIAN_POINT('',(-82.760610588,-57.063257574,8.557187189));
#161=DIRECTION('',(0.,1.,0.));
#162=VECTOR('',#161,2.);
#163=LINE('',#160,#162);
#164=EDGE_CURVE('',#157,#159,#163,.T.);
#165=ORIENTED_EDGE('',*,*,#164,.F.);
#166=CARTESIAN_POINT('',(-82.760610588,-57.063257574,5.96074058));
#167=VERTEX_POINT('',#166);
#168=CARTESIAN_POINT('',(-82.760610588,-57.063257574,5.96074058));
#169=DIRECTION('',(0.,-0.,1.));
#170=VECTOR('',#169,2.596446609);
#171=LINE('',#168,#170);
#172=EDGE_CURVE('',#167,#157,#171,.T.);
#173=ORIENTED_EDGE('',*,*,#172,.F.);
#174=CARTESIAN_POINT('',(-82.760610588,-56.563257574,5.46074058));
#175=VERTEX_POINT('',#174);
#176=CARTESIAN_POINT('',(-82.760610588,-56.563257574,5.46074058));
#177=DIRECTION('',(-0.,-0.707106781,0.707106781));
#178=VECTOR('',#177,0.707106781);
#179=LINE('',#176,#178);
#180=EDGE_CURVE('',#175,#167,#179,.T.);
#181=ORIENTED_EDGE('',*,*,#180,.F.);
#182=CARTESIAN_POINT('',(-82.760610588,-55.063257574,5.46074058));
#183=VERTEX_POINT('',#182);
#184=CARTESIAN_POINT('',(-82.760610588,-56.563257574,5.46074058));
#185=DIRECTION('',(0.,1.,0.));
#186=VECTOR('',#185,1.5);
#187=LINE('',#184,#186);
#188=EDGE_CURVE('',#175,#183,#187,.T.);
#189=ORIENTED_EDGE('',*,*,#188,.T.);
#190=CARTESIAN_POINT('',(-82.760610588,-55.063257574,5.46074058));
#191=DIRECTION('',(0.,-0.,1.));
#192=VECTOR('',#191,3.096446609);
#193=LINE('',#190,#192);
#194=EDGE_CURVE('',#183,#159,#193,.T.);
#195=ORIENTED_EDGE('',*,*,#194,.T.);
#196=EDGE_LOOP('',(#165,#173,#181,#189,#195));
#197=FACE_BOUND('',#196,.T.);
#198=ADVANCED_FACE('',(#197),#155,.F.);
#199=CARTESIAN_POINT('',(0.267500635,53.424842426,21.76074058));
#200=DIRECTION('',(0.,1.,0.));
#201=DIRECTION('',(0.,-0.,1.));
#202=AXIS2_PLACEMENT_3D('',#199,#200,#201);
#203=PLANE('',#202);
#204=CARTESIAN_POINT('',(-108.931,53.424842426,13.060740592));
#205=VERTEX_POINT('',#204);
#206=CARTESIAN_POINT('',(-109.931,53.424842426,14.060740592));
#207=VERTEX_POINT('',#206);
#208=CARTESIAN_POINT('',(-108.931,53.424842426,14.060740592));
#209=DIRECTION('',(0.,1.,0.));
#210=DIRECTION('',(0.,-0.,1.));
#211=AXIS2_PLACEMENT_3D('',#208,#209,#210);
#212=CIRCLE('',#211,1.);
#213=EDGE_CURVE('',#205,#207,#212,.T.);
#214=ORIENTED_EDGE('',*,*,#213,.F.);
#215=CARTESIAN_POINT('',(-99.2803,53.424842426,13.060740592));
#216=VERTEX_POINT('',#215);
#217=CARTESIAN_POINT('',(-108.931,53.424842426,13.060740592));
#218=DIRECTION('',(1.,0.,-0.));
#219=VECTOR('',#218,9.6507);
#220=LINE('',#217,#219);
#221=EDGE_CURVE('',#205,#216,#220,.T.);
#222=ORIENTED_EDGE('',*,*,#221,.T.);
#223=CARTESIAN_POINT('',(-98.2803,53.424842426,14.060740592));
#224=VERTEX_POINT('',#223);
#225=CARTESIAN_POINT('',(-99.2803,53.424842426,14.060740592));
#226=DIRECTION('',(-0.,-1.,-0.));
#227=DIRECTION('',(0.,-0.,1.));
#228=AXIS2_PLACEMENT_3D('',#225,#226,#227);
#229=CIRCLE('',#228,1.);
#230=EDGE_CURVE('',#216,#224,#229,.T.);
#231=ORIENTED_EDGE('',*,*,#230,.T.);
#232=CARTESIAN_POINT('',(-98.2803,53.424842426,16.16074058));
#233=VERTEX_POINT('',#232);
#234=CARTESIAN_POINT('',(-98.2803,53.424842426,16.16074058));
#235=DIRECTION('',(0.,0.,-1.));
#236=VECTOR('',#235,2.099999988);
#237=LINE('',#234,#236);
#238=EDGE_CURVE('',#233,#224,#237,.T.);
#239=ORIENTED_EDGE('',*,*,#238,.F.);
#240=CARTESIAN_POINT('',(-96.5803,53.424842426,17.86074058));
#241=VERTEX_POINT('',#240);
#242=CARTESIAN_POINT('',(-98.2803,53.424842426,16.16074058));
#243=DIRECTION('',(0.707106781,-0.,0.707106781));
#244=VECTOR('',#243,2.404163056);
#245=LINE('',#242,#244);
#246=EDGE_CURVE('',#233,#241,#245,.T.);
#247=ORIENTED_EDGE('',*,*,#246,.T.);
#248=CARTESIAN_POINT('',(-82.760610588,53.424842426,17.86074058));
#249=VERTEX_POINT('',#248);
#250=CARTESIAN_POINT('',(-96.5803,53.424842426,17.86074058));
#251=DIRECTION('',(1.,0.,-0.));
#252=VECTOR('',#251,13.819689412);
#253=LINE('',#250,#252);
#254=EDGE_CURVE('',#241,#249,#253,.T.);
#255=ORIENTED_EDGE('',*,*,#254,.T.);
#256=CARTESIAN_POINT('',(-82.760610588,53.424842426,5.96074058));
#257=VERTEX_POINT('',#256);
#258=CARTESIAN_POINT('',(-82.760610588,53.424842426,5.96074058));
#259=DIRECTION('',(0.,-0.,1.));
#260=VECTOR('',#259,11.9);
#261=LINE('',#258,#260);
#262=EDGE_CURVE('',#257,#249,#261,.T.);
#263=ORIENTED_EDGE('',*,*,#262,.F.);
#264=CARTESIAN_POINT('',(-117.75,53.424842426,5.96074058));
#265=VERTEX_POINT('',#264);
#266=CARTESIAN_POINT('',(-82.760610588,53.424842426,5.96074058));
#267=DIRECTION('',(-1.,-0.,0.));
#268=VECTOR('',#267,34.989389412);
#269=LINE('',#266,#268);
#270=EDGE_CURVE('',#257,#265,#269,.T.);
#271=ORIENTED_EDGE('',*,*,#270,.T.);
#272=CARTESIAN_POINT('',(-117.75,53.424842426,10.86074058));
#273=VERTEX_POINT('',#272);
#274=CARTESIAN_POINT('',(-117.75,53.424842426,5.96074058));
#275=DIRECTION('',(0.,-0.,1.));
#276=VECTOR('',#275,4.9);
#277=LINE('',#274,#276);
#278=EDGE_CURVE('',#265,#273,#277,.T.);
#279=ORIENTED_EDGE('',*,*,#278,.T.);
#280=CARTESIAN_POINT('',(-120.25,53.424842426,13.36074058));
#281=VERTEX_POINT('',#280);
#282=CARTESIAN_POINT('',(-120.25,53.424842426,10.86074058));
#283=DIRECTION('',(-0.,-1.,-0.));
#284=DIRECTION('',(0.,-0.,1.));
#285=AXIS2_PLACEMENT_3D('',#282,#283,#284);
#286=CIRCLE('',#285,2.5);
#287=EDGE_CURVE('',#273,#281,#286,.T.);
#288=ORIENTED_EDGE('',*,*,#287,.T.);
#289=CARTESIAN_POINT('',(-127.65,53.424842426,13.36074058));
#290=VERTEX_POINT('',#289);
#291=CARTESIAN_POINT('',(-120.25,53.424842426,13.36074058));
#292=DIRECTION('',(-1.,0.,0.));
#293=VECTOR('',#292,7.4);
#294=LINE('',#291,#293);
#295=EDGE_CURVE('',#281,#290,#294,.T.);
#296=ORIENTED_EDGE('',*,*,#295,.T.);
#297=CARTESIAN_POINT('',(-130.15,53.424842426,10.86074058));
#298=VERTEX_POINT('',#297);
#299=CARTESIAN_POINT('',(-127.65,53.424842426,10.86074058));
#300=DIRECTION('',(-0.,-1.,-0.));
#301=DIRECTION('',(0.,-0.,1.));
#302=AXIS2_PLACEMENT_3D('',#299,#300,#301);
#303=CIRCLE('',#302,2.5);
#304=EDGE_CURVE('',#290,#298,#303,.T.);
#305=ORIENTED_EDGE('',*,*,#304,.T.);
#306=CARTESIAN_POINT('',(-130.15,53.424842426,5.96074058));
#307=VERTEX_POINT('',#306);
#308=CARTESIAN_POINT('',(-130.15,53.424842426,10.86074058));
#309=DIRECTION('',(0.,0.,-1.));
#310=VECTOR('',#309,4.9);
#311=LINE('',#308,#310);
#312=EDGE_CURVE('',#298,#307,#311,.T.);
#313=ORIENTED_EDGE('',*,*,#312,.T.);
#314=CARTESIAN_POINT('',(-141.019799365,53.424842426,5.96074058));
#315=VERTEX_POINT('',#314);
#316=CARTESIAN_POINT('',(-130.15,53.424842426,5.96074058));
#317=DIRECTION('',(-1.,-0.,0.));
#318=VECTOR('',#317,10.869799365);
#319=LINE('',#316,#318);
#320=EDGE_CURVE('',#307,#315,#319,.T.);
#321=ORIENTED_EDGE('',*,*,#320,.T.);
#322=CARTESIAN_POINT('',(-141.019799365,53.424842426,17.86074058));
#323=VERTEX_POINT('',#322);
#324=CARTESIAN_POINT('',(-141.019799365,53.424842426,5.96074058));
#325=DIRECTION('',(0.,-0.,1.));
#326=VECTOR('',#325,11.9);
#327=LINE('',#324,#326);
#328=EDGE_CURVE('',#315,#323,#327,.T.);
#329=ORIENTED_EDGE('',*,*,#328,.T.);
#330=CARTESIAN_POINT('',(-111.631,53.424842426,17.86074058));
#331=VERTEX_POINT('',#330);
#332=CARTESIAN_POINT('',(-141.019799365,53.424842426,17.86074058));
#333=DIRECTION('',(1.,0.,-0.));
#334=VECTOR('',#333,29.388799365);
#335=LINE('',#332,#334);
#336=EDGE_CURVE('',#323,#331,#335,.T.);
#337=ORIENTED_EDGE('',*,*,#336,.T.);
#338=CARTESIAN_POINT('',(-109.931,53.424842426,16.16074058));
#339=VERTEX_POINT('',#338);
#340=CARTESIAN_POINT('',(-111.631,53.424842426,17.86074058));
#341=DIRECTION('',(0.707106781,0.,-0.707106781));
#342=VECTOR('',#341,2.404163056);
#343=LINE('',#340,#342);
#344=EDGE_CURVE('',#331,#339,#343,.T.);
#345=ORIENTED_EDGE('',*,*,#344,.T.);
#346=CARTESIAN_POINT('',(-109.931,53.424842426,14.060740592));
#347=DIRECTION('',(0.,-0.,1.));
#348=VECTOR('',#347,2.099999988);
#349=LINE('',#346,#348);
#350=EDGE_CURVE('',#207,#339,#349,.T.);
#351=ORIENTED_EDGE('',*,*,#350,.F.);
#352=EDGE_LOOP('',(#214,#222,#231,#239,#247,#255,#263,#271,#279,#288,#296,#305,#313,#321,#329,#337,#345,#351));
#353=FACE_BOUND('',#352,.T.);
#354=ADVANCED_FACE('',(#353),#203,.T.);
#355=CARTESIAN_POINT('',(-113.931,-53.256055158,13.345272278));
#356=DIRECTION('',(-1.,0.,-0.));
#357=DIRECTION('',(-0.,-1.,-0.));
#358=AXIS2_PLACEMENT_3D('',#355,#356,#357);
#359=PLANE('',#358);
#360=CARTESIAN_POINT('',(-113.931,-57.063257574,16.16074058));
#361=VERTEX_POINT('',#360);
#362=CARTESIAN_POINT('',(-113.931,-57.063257574,14.06074062));
#363=VERTEX_POINT('',#362);
#364=CARTESIAN_POINT('',(-113.931,-57.063257574,16.16074058));
#365=DIRECTION('',(0.,0.,-1.));
#366=VECTOR('',#365,2.09999996);
#367=LINE('',#364,#366);
#368=EDGE_CURVE('',#361,#363,#367,.T.);
#369=ORIENTED_EDGE('',*,*,#368,.T.);
#370=CARTESIAN_POINT('',(-113.930999999,-50.063257574,14.060740618));
#371=VERTEX_POINT('',#370);
#372=CARTESIAN_POINT('',(-113.931,-57.063257574,14.06074062));
#373=DIRECTION('',(0.,1.,-0.));
#374=VECTOR('',#373,7.);
#375=LINE('',#372,#374);
#376=EDGE_CURVE('',#363,#371,#375,.T.);
#377=ORIENTED_EDGE('',*,*,#376,.T.);
#378=CARTESIAN_POINT('',(-113.930999999,-50.063257574,16.16074058));
#379=VERTEX_POINT('',#378);
#380=CARTESIAN_POINT('',(-113.930999999,-50.063257574,16.16074058));
#381=DIRECTION('',(0.,0.,-1.));
#382=VECTOR('',#381,2.099999962);
#383=LINE('',#380,#382);
#384=EDGE_CURVE('',#379,#371,#383,.T.);
#385=ORIENTED_EDGE('',*,*,#384,.F.);
#386=CARTESIAN_POINT('',(-113.930999999,-50.063257574,16.16074058));
#387=DIRECTION('',(-0.,-1.,-0.));
#388=VECTOR('',#387,7.);
#389=LINE('',#386,#388);
#390=EDGE_CURVE('',#379,#361,#389,.T.);
#391=ORIENTED_EDGE('',*,*,#390,.T.);
#392=EDGE_LOOP('',(#369,#377,#385,#391));
#393=FACE_BOUND('',#392,.T.);
#394=ADVANCED_FACE('',(#393),#359,.F.);
#395=CARTESIAN_POINT('',(0.,-0.137932192,13.060740606));
#396=DIRECTION('',(0.,0.,1.));
#397=DIRECTION('',(1.,0.,0.));
#398=AXIS2_PLACEMENT_3D('',#395,#396,#397);
#399=PLANE('',#398);
#400=CARTESIAN_POINT('',(-103.2803,-50.063257574,13.060740618));
#401=VERTEX_POINT('',#400);
#402=CARTESIAN_POINT('',(-112.930999999,-50.063257574,13.060740618));
#403=VERTEX_POINT('',#402);
#404=CARTESIAN_POINT('',(-103.2803,-50.063257574,13.060740618));
#405=DIRECTION('',(-1.,0.,0.));
#406=VECTOR('',#405,9.650699999);
#407=LINE('',#404,#406);
#408=EDGE_CURVE('',#401,#403,#407,.T.);
#409=ORIENTED_EDGE('',*,*,#408,.T.);
#410=CARTESIAN_POINT('',(-112.931,-57.063257574,13.06074062));
#411=VERTEX_POINT('',#410);
#412=CARTESIAN_POINT('',(-112.930999999,-50.063257574,13.060740618));
#413=DIRECTION('',(-0.,-1.,0.));
#414=VECTOR('',#413,7.);
#415=LINE('',#412,#414);
#416=EDGE_CURVE('',#403,#411,#415,.T.);
#417=ORIENTED_EDGE('',*,*,#416,.T.);
#418=CARTESIAN_POINT('',(-103.2803,-57.063257574,13.06074062));
#419=VERTEX_POINT('',#418);
#420=CARTESIAN_POINT('',(-103.2803,-57.063257573,13.06074062));
#421=DIRECTION('',(-1.,0.,0.));
#422=VECTOR('',#421,9.6507);
#423=LINE('',#420,#422);
#424=EDGE_CURVE('',#419,#411,#423,.T.);
#425=ORIENTED_EDGE('',*,*,#424,.F.);
#426=CARTESIAN_POINT('',(-103.2803,-57.063257574,13.06074062));
#427=DIRECTION('',(-0.,1.,-0.));
#428=VECTOR('',#427,7.);
#429=LINE('',#426,#428);
#430=EDGE_CURVE('',#419,#401,#429,.T.);
#431=ORIENTED_EDGE('',*,*,#430,.T.);
#432=EDGE_LOOP('',(#409,#417,#425,#431));
#433=FACE_BOUND('',#432,.T.);
#434=ADVANCED_FACE('',(#433),#399,.T.);
#435=CARTESIAN_POINT('',(-98.2803,49.907202513,13.345272252));
#436=DIRECTION('',(1.,0.,0.));
#437=DIRECTION('',(0.,0.,-1.));
#438=AXIS2_PLACEMENT_3D('',#435,#436,#437);
#439=PLANE('',#438);
#440=ORIENTED_EDGE('',*,*,#238,.T.);
#441=CARTESIAN_POINT('',(-98.2803,46.424842426,14.060740594));
#442=VERTEX_POINT('',#441);
#443=CARTESIAN_POINT('',(-98.2803,53.424842426,14.060740592));
#444=DIRECTION('',(-0.,-1.,0.));
#445=VECTOR('',#444,7.);
#446=LINE('',#443,#445);
#447=EDGE_CURVE('',#224,#442,#446,.T.);
#448=ORIENTED_EDGE('',*,*,#447,.T.);
#449=CARTESIAN_POINT('',(-98.2803,46.424842426,16.16074058));
#450=VERTEX_POINT('',#449);
#451=CARTESIAN_POINT('',(-98.2803,46.424842426,16.16074058));
#452=DIRECTION('',(0.,0.,-1.));
#453=VECTOR('',#452,2.099999986);
#454=LINE('',#451,#453);
#455=EDGE_CURVE('',#450,#442,#454,.T.);
#456=ORIENTED_EDGE('',*,*,#455,.F.);
#457=CARTESIAN_POINT('',(-98.2803,46.424842426,16.16074058));
#458=DIRECTION('',(0.,1.,0.));
#459=VECTOR('',#458,7.);
#460=LINE('',#457,#459);
#461=EDGE_CURVE('',#450,#233,#460,.T.);
#462=ORIENTED_EDGE('',*,*,#461,.T.);
#463=EDGE_LOOP('',(#440,#448,#456,#462));
#464=FACE_BOUND('',#463,.T.);
#465=ADVANCED_FACE('',(#464),#439,.F.);
#466=CARTESIAN_POINT('',(-109.931,49.907202513,13.345272252));
#467=DIRECTION('',(-1.,0.,0.));
#468=DIRECTION('',(0.,-0.,1.));
#469=AXIS2_PLACEMENT_3D('',#466,#467,#468);
#470=PLANE('',#469);
#471=CARTESIAN_POINT('',(-109.931,46.424842426,14.060740594));
#472=VERTEX_POINT('',#471);
#473=CARTESIAN_POINT('',(-109.931,46.424842426,14.060740594));
#474=DIRECTION('',(-0.,1.,-0.));
#475=VECTOR('',#474,7.);
#476=LINE('',#473,#475);
#477=EDGE_CURVE('',#472,#207,#476,.T.);
#478=ORIENTED_EDGE('',*,*,#477,.T.);
#479=ORIENTED_EDGE('',*,*,#350,.T.);
#480=CARTESIAN_POINT('',(-109.931,46.424842426,16.16074058));
#481=VERTEX_POINT('',#480);
#482=CARTESIAN_POINT('',(-109.931,53.424842426,16.16074058));
#483=DIRECTION('',(0.,-1.,-0.));
#484=VECTOR('',#483,7.);
#485=LINE('',#482,#484);
#486=EDGE_CURVE('',#339,#481,#485,.T.);
#487=ORIENTED_EDGE('',*,*,#486,.T.);
#488=CARTESIAN_POINT('',(-109.931,46.424842426,16.16074058));
#489=DIRECTION('',(0.,0.,-1.));
#490=VECTOR('',#489,2.099999986);
#491=LINE('',#488,#490);
#492=EDGE_CURVE('',#481,#472,#491,.T.);
#493=ORIENTED_EDGE('',*,*,#492,.T.);
#494=EDGE_LOOP('',(#478,#479,#487,#493));
#495=FACE_BOUND('',#494,.T.);
#496=ADVANCED_FACE('',(#495),#470,.F.);
#497=CARTESIAN_POINT('',(0.4,-2.819207574,7.46074058));
#498=DIRECTION('',(0.,-0.,1.));
#499=DIRECTION('',(-1.,0.,0.));
#500=AXIS2_PLACEMENT_3D('',#497,#498,#499);
#501=PLANE('',#500);
#502=CARTESIAN_POINT('',(-133.,11.,7.46074058));
#503=VERTEX_POINT('',#502);
#504=CARTESIAN_POINT('',(-131.8,9.8,7.46074058));
#505=VERTEX_POINT('',#504);
#506=CARTESIAN_POINT('',(-133.,9.8,7.46074058));
#507=DIRECTION('',(-0.,0.,-1.));
#508=DIRECTION('',(0.,-1.,-0.));
#509=AXIS2_PLACEMENT_3D('',#506,#507,#508);
#510=CIRCLE('',#509,1.2);
#511=EDGE_CURVE('',#503,#505,#510,.T.);
#512=ORIENTED_EDGE('',*,*,#511,.T.);
#513=CARTESIAN_POINT('',(-131.8,-3.908542536,7.46074058));
#514=VERTEX_POINT('',#513);
#515=CARTESIAN_POINT('',(-131.8,9.8,7.46074058));
#516=DIRECTION('',(0.,-1.,-0.));
#517=VECTOR('',#516,13.708542536);
#518=LINE('',#515,#517);
#519=EDGE_CURVE('',#505,#514,#518,.T.);
#520=ORIENTED_EDGE('',*,*,#519,.T.);
#521=CARTESIAN_POINT('',(-133.,-5.108542536,7.46074058));
#522=VERTEX_POINT('',#521);
#523=CARTESIAN_POINT('',(-133.,-3.908542536,7.46074058));
#524=DIRECTION('',(-0.,0.,-1.));
#525=DIRECTION('',(0.,-1.,-0.));
#526=AXIS2_PLACEMENT_3D('',#523,#524,#525);
#527=CIRCLE('',#526,1.2);
#528=EDGE_CURVE('',#514,#522,#527,.T.);
#529=ORIENTED_EDGE('',*,*,#528,.T.);
#530=CARTESIAN_POINT('',(-141.019799365,-5.108542536,7.46074058));
#531=VERTEX_POINT('',#530);
#532=CARTESIAN_POINT('',(-133.,-5.108542536,7.46074058));
#533=DIRECTION('',(-1.,0.,0.));
#534=VECTOR('',#533,8.019799365);
#535=LINE('',#532,#534);
#536=EDGE_CURVE('',#522,#531,#535,.T.);
#537=ORIENTED_EDGE('',*,*,#536,.T.);
#538=CARTESIAN_POINT('',(-142.219799365,-3.908542536,7.46074058));
#539=VERTEX_POINT('',#538);
#540=CARTESIAN_POINT('',(-141.019799365,-3.908542536,7.46074058));
#541=DIRECTION('',(-0.,0.,-1.));
#542=DIRECTION('',(0.,-1.,-0.));
#543=AXIS2_PLACEMENT_3D('',#540,#541,#542);
#544=CIRCLE('',#543,1.2);
#545=EDGE_CURVE('',#531,#539,#544,.T.);
#546=ORIENTED_EDGE('',*,*,#545,.T.);
#547=CARTESIAN_POINT('',(-142.219799365,9.8,7.46074058));
#548=VERTEX_POINT('',#547);
#549=CARTESIAN_POINT('',(-142.219799365,-3.908542536,7.46074058));
#550=DIRECTION('',(0.,1.,0.));
#551=VECTOR('',#550,13.708542536);
#552=LINE('',#549,#551);
#553=EDGE_CURVE('',#539,#548,#552,.T.);
#554=ORIENTED_EDGE('',*,*,#553,.T.);
#555=CARTESIAN_POINT('',(-141.019799365,11.,7.46074058));
#556=VERTEX_POINT('',#555);
#557=CARTESIAN_POINT('',(-141.019799365,9.8,7.46074058));
#558=DIRECTION('',(-0.,0.,-1.));
#559=DIRECTION('',(0.,-1.,-0.));
#560=AXIS2_PLACEMENT_3D('',#557,#558,#559);
#561=CIRCLE('',#560,1.2);
#562=EDGE_CURVE('',#548,#556,#561,.T.);
#563=ORIENTED_EDGE('',*,*,#562,.T.);
#564=CARTESIAN_POINT('',(-141.019799365,11.,7.46074058));
#565=DIRECTION('',(1.,0.,-0.));
#566=VECTOR('',#565,8.019799365);
#567=LINE('',#564,#566);
#568=EDGE_CURVE('',#556,#503,#567,.T.);
#569=ORIENTED_EDGE('',*,*,#568,.T.);
#570=EDGE_LOOP('',(#512,#520,#529,#537,#546,#554,#563,#569));
#571=FACE_BOUND('',#570,.T.);
#572=CARTESIAN_POINT('',(-91.086673155,-40.116112542,7.46074058));
#573=VERTEX_POINT('',#572);
#574=CARTESIAN_POINT('',(-91.086673155,-46.608865124,7.46074058));
#575=VERTEX_POINT('',#574);
#576=CARTESIAN_POINT('',(-91.086673155,-40.116112542,7.46074058));
#577=DIRECTION('',(0.,-1.,-0.));
#578=VECTOR('',#577,6.492752582);
#579=LINE('',#576,#578);
#580=EDGE_CURVE('',#573,#575,#579,.T.);
#581=ORIENTED_EDGE('',*,*,#580,.T.);
#582=CARTESIAN_POINT('',(-87.631600514,-46.608865124,7.46074058));
#583=VERTEX_POINT('',#582);
#584=CARTESIAN_POINT('',(-91.086673155,-46.608865124,7.46074058));
#585=DIRECTION('',(1.,-0.,-0.));
#586=VECTOR('',#585,3.455072641);
#587=LINE('',#584,#586);
#588=EDGE_CURVE('',#575,#583,#587,.T.);
#589=ORIENTED_EDGE('',*,*,#588,.T.);
#590=CARTESIAN_POINT('',(-87.631600514,-48.11611199,7.46074058));
#591=VERTEX_POINT('',#590);
#592=CARTESIAN_POINT('',(-87.631600514,-46.608865124,7.46074058));
#593=DIRECTION('',(0.,-1.,-0.));
#594=VECTOR('',#593,1.507246866);
#595=LINE('',#592,#594);
#596=EDGE_CURVE('',#583,#591,#595,.T.);
#597=ORIENTED_EDGE('',*,*,#596,.T.);
#598=CARTESIAN_POINT('',(-92.744643405,-48.11611199,7.46074058));
#599=VERTEX_POINT('',#598);
#600=CARTESIAN_POINT('',(-87.631600514,-48.11611199,7.46074058));
#601=DIRECTION('',(-1.,0.,0.));
#602=VECTOR('',#601,5.113042891);
#603=LINE('',#600,#602);
#604=EDGE_CURVE('',#591,#599,#603,.T.);
#605=ORIENTED_EDGE('',*,*,#604,.T.);
#606=CARTESIAN_POINT('',(-92.756240233,-40.116112542,7.46074058));
#607=VERTEX_POINT('',#606);
#608=CARTESIAN_POINT('',(-92.744643405,-48.11611199,7.46074058));
#609=DIRECTION('',(-0.001449602,0.999998949,0.));
#610=VECTOR('',#609,8.000007853);
#611=LINE('',#608,#610);
#612=EDGE_CURVE('',#599,#607,#611,.T.);
#613=ORIENTED_EDGE('',*,*,#612,.T.);
#614=CARTESIAN_POINT('',(-92.756240233,-40.116112542,7.46074058));
#615=DIRECTION('',(1.,-0.,-0.));
#616=VECTOR('',#615,1.669567078);
#617=LINE('',#614,#616);
#618=EDGE_CURVE('',#607,#573,#617,.T.);
#619=ORIENTED_EDGE('',*,*,#618,.T.);
#620=EDGE_LOOP('',(#581,#589,#597,#605,#613,#619));
#621=FACE_BOUND('',#620,.T.);
#622=CARTESIAN_POINT('',(-85.260582803,45.924842426,7.46074058));
#623=VERTEX_POINT('',#622);
#624=CARTESIAN_POINT('',(-85.260582803,-49.563257574,7.46074058));
#625=VERTEX_POINT('',#624);
#626=CARTESIAN_POINT('',(-85.260582803,45.924842426,7.46074058));
#627=DIRECTION('',(-0.,-1.,-0.));
#628=VECTOR('',#627,95.4881);
#629=LINE('',#626,#628);
#630=EDGE_CURVE('',#623,#625,#629,.T.);
#631=ORIENTED_EDGE('',*,*,#630,.F.);
#632=CARTESIAN_POINT('',(-117.25,45.924842426,7.46074058));
#633=VERTEX_POINT('',#632);
#634=CARTESIAN_POINT('',(-85.260582803,45.924842426,7.46074058));
#635=DIRECTION('',(-1.,0.,0.));
#636=VECTOR('',#635,31.989417197);
#637=LINE('',#634,#636);
#638=EDGE_CURVE('',#623,#633,#637,.T.);
#639=ORIENTED_EDGE('',*,*,#638,.T.);
#640=CARTESIAN_POINT('',(-117.25,39.424842426,7.46074058));
#641=VERTEX_POINT('',#640);
#642=CARTESIAN_POINT('',(-117.25,45.924842426,7.46074058));
#643=DIRECTION('',(0.,-1.,-0.));
#644=VECTOR('',#643,6.5);
#645=LINE('',#642,#644);
#646=EDGE_CURVE('',#633,#641,#645,.T.);
#647=ORIENTED_EDGE('',*,*,#646,.T.);
#648=CARTESIAN_POINT('',(-119.25,37.424842426,7.46074058));
#649=VERTEX_POINT('',#648);
#650=CARTESIAN_POINT('',(-119.25,39.424842426,7.46074058));
#651=DIRECTION('',(-0.,0.,-1.));
#652=DIRECTION('',(1.,0.,0.));
#653=AXIS2_PLACEMENT_3D('',#650,#651,#652);
#654=CIRCLE('',#653,2.);
#655=EDGE_CURVE('',#641,#649,#654,.T.);
#656=ORIENTED_EDGE('',*,*,#655,.T.);
#657=CARTESIAN_POINT('',(-128.65,37.424842426,7.46074058));
#658=VERTEX_POINT('',#657);
#659=CARTESIAN_POINT('',(-119.25,37.424842426,7.46074058));
#660=DIRECTION('',(-1.,0.,0.));
#661=VECTOR('',#660,9.4);
#662=LINE('',#659,#661);
#663=EDGE_CURVE('',#649,#658,#662,.T.);
#664=ORIENTED_EDGE('',*,*,#663,.T.);
#665=CARTESIAN_POINT('',(-130.65,39.424842426,7.46074058));
#666=VERTEX_POINT('',#665);
#667=CARTESIAN_POINT('',(-128.65,39.424842426,7.46074058));
#668=DIRECTION('',(-0.,0.,-1.));
#669=DIRECTION('',(1.,0.,0.));
#670=AXIS2_PLACEMENT_3D('',#667,#668,#669);
#671=CIRCLE('',#670,2.);
#672=EDGE_CURVE('',#658,#666,#671,.T.);
#673=ORIENTED_EDGE('',*,*,#672,.T.);
#674=CARTESIAN_POINT('',(-130.65,45.924842426,7.46074058));
#675=VERTEX_POINT('',#674);
#676=CARTESIAN_POINT('',(-130.65,39.424842426,7.46074058));
#677=DIRECTION('',(0.,1.,0.));
#678=VECTOR('',#677,6.5);
#679=LINE('',#676,#678);
#680=EDGE_CURVE('',#666,#675,#679,.T.);
#681=ORIENTED_EDGE('',*,*,#680,.T.);
#682=CARTESIAN_POINT('',(-141.019799365,45.924842426,7.46074058));
#683=VERTEX_POINT('',#682);
#684=CARTESIAN_POINT('',(-130.65,45.924842426,7.46074058));
#685=DIRECTION('',(-1.,0.,0.));
#686=VECTOR('',#685,10.369799365);
#687=LINE('',#684,#686);
#688=EDGE_CURVE('',#675,#683,#687,.T.);
#689=ORIENTED_EDGE('',*,*,#688,.T.);
#690=CARTESIAN_POINT('',(-142.519799365,44.424842426,7.46074058));
#691=VERTEX_POINT('',#690);
#692=CARTESIAN_POINT('',(-141.019799365,44.424842426,7.46074058));
#693=DIRECTION('',(0.,-0.,1.));
#694=DIRECTION('',(0.,-1.,-0.));
#695=AXIS2_PLACEMENT_3D('',#692,#693,#694);
#696=CIRCLE('',#695,1.5);
#697=EDGE_CURVE('',#683,#691,#696,.T.);
#698=ORIENTED_EDGE('',*,*,#697,.T.);
#699=CARTESIAN_POINT('',(-142.519799365,-48.063257574,7.46074058));
#700=VERTEX_POINT('',#699);
#701=CARTESIAN_POINT('',(-142.519799365,44.424842426,7.46074058));
#702=DIRECTION('',(0.,-1.,-0.));
#703=VECTOR('',#702,92.4881);
#704=LINE('',#701,#703);
#705=EDGE_CURVE('',#691,#700,#704,.T.);
#706=ORIENTED_EDGE('',*,*,#705,.T.);
#707=CARTESIAN_POINT('',(-141.019799365,-49.563257574,7.46074058));
#708=VERTEX_POINT('',#707);
#709=CARTESIAN_POINT('',(-141.019799365,-48.063257574,7.46074058));
#710=DIRECTION('',(0.,-0.,1.));
#711=DIRECTION('',(0.,-1.,-0.));
#712=AXIS2_PLACEMENT_3D('',#709,#710,#711);
#713=CIRCLE('',#712,1.5);
#714=EDGE_CURVE('',#700,#708,#713,.T.);
#715=ORIENTED_EDGE('',*,*,#714,.T.);
#716=CARTESIAN_POINT('',(-141.019799365,-49.563257574,7.46074058));
#717=DIRECTION('',(1.,0.,-0.));
#718=VECTOR('',#717,55.759216562);
#719=LINE('',#716,#718);
#720=EDGE_CURVE('',#708,#625,#719,.T.);
#721=ORIENTED_EDGE('',*,*,#720,.T.);
#722=EDGE_LOOP('',(#631,#639,#647,#656,#664,#673,#681,#689,#698,#706,#715,#721));
#723=FACE_BOUND('',#722,.T.);
#724=CARTESIAN_POINT('',(-137.011545658,-8.075510799,7.46074058));
#725=VERTEX_POINT('',#724);
#726=CARTESIAN_POINT('',(-137.011545658,-14.277135634,7.46074058));
#727=VERTEX_POINT('',#726);
#728=CARTESIAN_POINT('',(-137.011545658,-8.075510799,7.46074058));
#729=DIRECTION('',(0.,-1.,-0.));
#730=VECTOR('',#729,6.201624835);
#731=LINE('',#728,#730);
#732=EDGE_CURVE('',#725,#727,#731,.T.);
#733=ORIENTED_EDGE('',*,*,#732,.F.);
#734=CARTESIAN_POINT('',(-136.511545658,-7.575510799,7.46074058));
#735=VERTEX_POINT('',#734);
#736=CARTESIAN_POINT('',(-136.511545658,-8.075510799,7.46074058));
#737=DIRECTION('',(-0.,0.,-1.));
#738=DIRECTION('',(0.,-1.,-0.));
#739=AXIS2_PLACEMENT_3D('',#736,#737,#738);
#740=CIRCLE('',#739,0.5);
#741=EDGE_CURVE('',#725,#735,#740,.T.);
#742=ORIENTED_EDGE('',*,*,#741,.T.);
#743=CARTESIAN_POINT('',(-136.011545658,-8.075510799,7.46074058));
#744=VERTEX_POINT('',#743);
#745=CARTESIAN_POINT('',(-136.511545658,-8.075510799,7.46074058));
#746=DIRECTION('',(-0.,0.,-1.));
#747=DIRECTION('',(0.,-1.,-0.));
#748=AXIS2_PLACEMENT_3D('',#745,#746,#747);
#749=CIRCLE('',#748,0.5);
#750=EDGE_CURVE('',#735,#744,#749,.T.);
#751=ORIENTED_EDGE('',*,*,#750,.T.);
#752=CARTESIAN_POINT('',(-136.011545658,-14.277135634,7.46074058));
#753=VERTEX_POINT('',#752);
#754=CARTESIAN_POINT('',(-136.011545658,-8.075510799,7.46074058));
#755=DIRECTION('',(0.,-1.,-0.));
#756=VECTOR('',#755,6.201624835);
#757=LINE('',#754,#756);
#758=EDGE_CURVE('',#744,#753,#757,.T.);
#759=ORIENTED_EDGE('',*,*,#758,.T.);
#760=CARTESIAN_POINT('',(-136.511545658,-14.777135634,7.46074058));
#761=VERTEX_POINT('',#760);
#762=CARTESIAN_POINT('',(-136.511545658,-14.277135634,7.46074058));
#763=DIRECTION('',(-0.,0.,-1.));
#764=DIRECTION('',(0.,-1.,-0.));
#765=AXIS2_PLACEMENT_3D('',#762,#763,#764);
#766=CIRCLE('',#765,0.5);
#767=EDGE_CURVE('',#753,#761,#766,.T.);
#768=ORIENTED_EDGE('',*,*,#767,.T.);
#769=CARTESIAN_POINT('',(-136.511545658,-14.277135634,7.46074058));
#770=DIRECTION('',(-0.,0.,-1.));
#771=DIRECTION('',(0.,-1.,-0.));
#772=AXIS2_PLACEMENT_3D('',#769,#770,#771);
#773=CIRCLE('',#772,0.5);
#774=EDGE_CURVE('',#761,#727,#773,.T.);
#775=ORIENTED_EDGE('',*,*,#774,.T.);
#776=EDGE_LOOP('',(#733,#742,#751,#759,#768,#775));
#777=FACE_BOUND('',#776,.T.);
#778=CARTESIAN_POINT('',(-136.011545658,19.622864366,7.46074058));
#779=VERTEX_POINT('',#778);
#780=CARTESIAN_POINT('',(-136.011545658,13.791104269,7.46074058));
#781=VERTEX_POINT('',#780);
#782=CARTESIAN_POINT('',(-136.011545658,19.622864366,7.46074058));
#783=DIRECTION('',(0.,-1.,0.));
#784=VECTOR('',#783,5.831760097);
#785=LINE('',#782,#784);
#786=EDGE_CURVE('',#779,#781,#785,.T.);
#787=ORIENTED_EDGE('',*,*,#786,.T.);
#788=CARTESIAN_POINT('',(-136.511545658,13.291104269,7.46074058));
#789=VERTEX_POINT('',#788);
#790=CARTESIAN_POINT('',(-136.511545658,13.791104269,7.46074058));
#791=DIRECTION('',(-0.,0.,-1.));
#792=DIRECTION('',(0.,-1.,-0.));
#793=AXIS2_PLACEMENT_3D('',#790,#791,#792);
#794=CIRCLE('',#793,0.5);
#795=EDGE_CURVE('',#781,#789,#794,.T.);
#796=ORIENTED_EDGE('',*,*,#795,.T.);
#797=CARTESIAN_POINT('',(-137.011545658,13.791104269,7.46074058));
#798=VERTEX_POINT('',#797);
#799=CARTESIAN_POINT('',(-136.511545658,13.791104269,7.46074058));
#800=DIRECTION('',(-0.,0.,-1.));
#801=DIRECTION('',(0.,-1.,-0.));
#802=AXIS2_PLACEMENT_3D('',#799,#800,#801);
#803=CIRCLE('',#802,0.5);
#804=EDGE_CURVE('',#789,#798,#803,.T.);
#805=ORIENTED_EDGE('',*,*,#804,.T.);
#806=CARTESIAN_POINT('',(-137.011545658,19.622864366,7.46074058));
#807=VERTEX_POINT('',#806);
#808=CARTESIAN_POINT('',(-137.011545658,13.791104269,7.46074058));
#809=DIRECTION('',(0.,1.,0.));
#810=VECTOR('',#809,5.831760097);
#811=LINE('',#808,#810);
#812=EDGE_CURVE('',#798,#807,#811,.T.);
#813=ORIENTED_EDGE('',*,*,#812,.T.);
#814=CARTESIAN_POINT('',(-136.511545658,20.122864366,7.46074058));
#815=VERTEX_POINT('',#814);
#816=CARTESIAN_POINT('',(-136.511545658,19.622864366,7.46074058));
#817=DIRECTION('',(-0.,0.,-1.));
#818=DIRECTION('',(0.,-1.,-0.));
#819=AXIS2_PLACEMENT_3D('',#816,#817,#818);
#820=CIRCLE('',#819,0.5);
#821=EDGE_CURVE('',#807,#815,#820,.T.);
#822=ORIENTED_EDGE('',*,*,#821,.T.);
#823=CARTESIAN_POINT('',(-136.511545658,19.622864366,7.46074058));
#824=DIRECTION('',(-0.,0.,-1.));
#825=DIRECTION('',(0.,-1.,-0.));
#826=AXIS2_PLACEMENT_3D('',#823,#824,#825);
#827=CIRCLE('',#826,0.5);
#828=EDGE_CURVE('',#815,#779,#827,.T.);
#829=ORIENTED_EDGE('',*,*,#828,.T.);
#830=EDGE_LOOP('',(#787,#796,#805,#813,#822,#829));
#831=FACE_BOUND('',#830,.T.);
#832=ADVANCED_FACE('',(#571,#621,#723,#777,#831),#501,.T.);
#833=CARTESIAN_POINT('',(-137.023091316,8.445728732,7.46074058));
#834=DIRECTION('',(0.,-1.,-0.));
#835=DIRECTION('',(0.,0.,-1.));
#836=AXIS2_PLACEMENT_3D('',#833,#834,#835);
#837=PLANE('',#836);
#838=CARTESIAN_POINT('',(-141.053091316,8.445728732,6.46074058));
#839=VERTEX_POINT('',#838);
#840=CARTESIAN_POINT('',(-141.053091316,8.445728732,5.66074058));
#841=VERTEX_POINT('',#840);
#842=CARTESIAN_POINT('',(-141.053091316,8.445728732,6.46074058));
#843=DIRECTION('',(0.,0.,-1.));
#844=VECTOR('',#843,0.8);
#845=LINE('',#842,#844);
#846=EDGE_CURVE('',#839,#841,#845,.T.);
#847=ORIENTED_EDGE('',*,*,#846,.T.);
#848=CARTESIAN_POINT('',(-134.023091316,8.445728732,5.66074058));
#849=VERTEX_POINT('',#848);
#850=CARTESIAN_POINT('',(-141.053091316,8.445728732,5.66074058));
#851=DIRECTION('',(1.,0.,-0.));
#852=VECTOR('',#851,7.03);
#853=LINE('',#850,#852);
#854=EDGE_CURVE('',#841,#849,#853,.T.);
#855=ORIENTED_EDGE('',*,*,#854,.T.);
#856=CARTESIAN_POINT('',(-134.023091316,8.445728732,6.46074058));
#857=VERTEX_POINT('',#856);
#858=CARTESIAN_POINT('',(-134.023091316,8.445728732,5.66074058));
#859=DIRECTION('',(-0.,-0.,1.));
#860=VECTOR('',#859,0.8);
#861=LINE('',#858,#860);
#862=EDGE_CURVE('',#849,#857,#861,.T.);
#863=ORIENTED_EDGE('',*,*,#862,.T.);
#864=CARTESIAN_POINT('',(-134.023091316,8.445728732,6.46074058));
#865=DIRECTION('',(-1.,0.,0.));
#866=VECTOR('',#865,7.03);
#867=LINE('',#864,#866);
#868=EDGE_CURVE('',#857,#839,#867,.T.);
#869=ORIENTED_EDGE('',*,*,#868,.T.);
#870=EDGE_LOOP('',(#847,#855,#863,#869));
#871=FACE_BOUND('',#870,.T.);
#872=ADVANCED_FACE('',(#871),#837,.T.);
#873=CARTESIAN_POINT('',(-133.023091316,7.045728732,7.46074058));
#874=DIRECTION('',(-1.,0.,0.));
#875=DIRECTION('',(0.,0.,1.));
#876=AXIS2_PLACEMENT_3D('',#873,#874,#875);
#877=PLANE('',#876);
#878=CARTESIAN_POINT('',(-133.023091316,7.445728732,5.66074058));
#879=VERTEX_POINT('',#878);
#880=CARTESIAN_POINT('',(-133.023091316,-1.254271268,5.66074058));
#881=VERTEX_POINT('',#880);
#882=CARTESIAN_POINT('',(-133.023091316,7.445728732,5.66074058));
#883=DIRECTION('',(0.,-1.,-0.));
#884=VECTOR('',#883,8.7);
#885=LINE('',#882,#884);
#886=EDGE_CURVE('',#879,#881,#885,.T.);
#887=ORIENTED_EDGE('',*,*,#886,.T.);
#888=CARTESIAN_POINT('',(-133.023091316,-1.254271268,6.46074058));
#889=VERTEX_POINT('',#888);
#890=CARTESIAN_POINT('',(-133.023091316,-1.254271268,5.66074058));
#891=DIRECTION('',(-0.,-0.,1.));
#892=VECTOR('',#891,0.8);
#893=LINE('',#890,#892);
#894=EDGE_CURVE('',#881,#889,#893,.T.);
#895=ORIENTED_EDGE('',*,*,#894,.T.);
#896=CARTESIAN_POINT('',(-133.023091316,7.445728732,6.46074058));
#897=VERTEX_POINT('',#896);
#898=CARTESIAN_POINT('',(-133.023091316,-1.254271268,6.46074058));
#899=DIRECTION('',(0.,1.,0.));
#900=VECTOR('',#899,8.7);
#901=LINE('',#898,#900);
#902=EDGE_CURVE('',#889,#897,#901,.T.);
#903=ORIENTED_EDGE('',*,*,#902,.T.);
#904=CARTESIAN_POINT('',(-133.023091316,7.445728732,6.46074058));
#905=DIRECTION('',(0.,0.,-1.));
#906=VECTOR('',#905,0.8);
#907=LINE('',#904,#906);
#908=EDGE_CURVE('',#897,#879,#907,.T.);
#909=ORIENTED_EDGE('',*,*,#908,.T.);
#910=EDGE_LOOP('',(#887,#895,#903,#909));
#911=FACE_BOUND('',#910,.T.);
#912=ADVANCED_FACE('',(#911),#877,.T.);
#913=CARTESIAN_POINT('',(-137.023091316,-2.254271268,7.46074058));
#914=DIRECTION('',(0.,1.,0.));
#915=DIRECTION('',(0.,-0.,1.));
#916=AXIS2_PLACEMENT_3D('',#913,#914,#915);
#917=PLANE('',#916);
#918=CARTESIAN_POINT('',(-134.023091316,-2.254271268,6.46074058));
#919=VERTEX_POINT('',#918);
#920=CARTESIAN_POINT('',(-134.023091316,-2.254271268,5.66074058));
#921=VERTEX_POINT('',#920);
#922=CARTESIAN_POINT('',(-134.023091316,-2.254271268,6.46074058));
#923=DIRECTION('',(0.,0.,-1.));
#924=VECTOR('',#923,0.8);
#925=LINE('',#922,#924);
#926=EDGE_CURVE('',#919,#921,#925,.T.);
#927=ORIENTED_EDGE('',*,*,#926,.T.);
#928=CARTESIAN_POINT('',(-141.053091316,-2.254271268,5.66074058));
#929=VERTEX_POINT('',#928);
#930=CARTESIAN_POINT('',(-134.023091316,-2.254271268,5.66074058));
#931=DIRECTION('',(-1.,0.,0.));
#932=VECTOR('',#931,7.03);
#933=LINE('',#930,#932);
#934=EDGE_CURVE('',#921,#929,#933,.T.);
#935=ORIENTED_EDGE('',*,*,#934,.T.);
#936=CARTESIAN_POINT('',(-141.053091316,-2.254271268,6.46074058));
#937=VERTEX_POINT('',#936);
#938=CARTESIAN_POINT('',(-141.053091316,-2.254271268,5.66074058));
#939=DIRECTION('',(-0.,-0.,1.));
#940=VECTOR('',#939,0.8);
#941=LINE('',#938,#940);
#942=EDGE_CURVE('',#929,#937,#941,.T.);
#943=ORIENTED_EDGE('',*,*,#942,.T.);
#944=CARTESIAN_POINT('',(-141.053091316,-2.254271268,6.46074058));
#945=DIRECTION('',(1.,0.,-0.));
#946=VECTOR('',#945,7.03);
#947=LINE('',#944,#946);
#948=EDGE_CURVE('',#937,#919,#947,.T.);
#949=ORIENTED_EDGE('',*,*,#948,.T.);
#950=EDGE_LOOP('',(#927,#935,#943,#949));
#951=FACE_BOUND('',#950,.T.);
#952=ADVANCED_FACE('',(#951),#917,.T.);
#953=CARTESIAN_POINT('',(0.4,-1.719207574,6.46074058));
#954=DIRECTION('',(0.,-0.,1.));
#955=DIRECTION('',(-1.,0.,0.));
#956=AXIS2_PLACEMENT_3D('',#953,#954,#955);
#957=PLANE('',#956);
#958=CARTESIAN_POINT('',(-142.019799365,7.701610635,6.46074058));
#959=VERTEX_POINT('',#958);
#960=CARTESIAN_POINT('',(-142.019799365,9.8,6.46074058));
#961=VERTEX_POINT('',#960);
#962=CARTESIAN_POINT('',(-142.019799365,7.701610635,6.46074058));
#963=DIRECTION('',(0.,1.,0.));
#964=VECTOR('',#963,2.098389365);
#965=LINE('',#962,#964);
#966=EDGE_CURVE('',#959,#961,#965,.T.);
#967=ORIENTED_EDGE('',*,*,#966,.F.);
#968=CARTESIAN_POINT('',(-141.053091316,7.445728732,6.46074058));
#969=DIRECTION('',(-0.,0.,-1.));
#970=DIRECTION('',(0.,-1.,-0.));
#971=AXIS2_PLACEMENT_3D('',#968,#969,#970);
#972=CIRCLE('',#971,1.);
#973=EDGE_CURVE('',#959,#839,#972,.T.);
#974=ORIENTED_EDGE('',*,*,#973,.T.);
#975=ORIENTED_EDGE('',*,*,#868,.F.);
#976=CARTESIAN_POINT('',(-134.023091316,7.445728732,6.46074058));
#977=DIRECTION('',(-0.,0.,-1.));
#978=DIRECTION('',(0.,-1.,-0.));
#979=AXIS2_PLACEMENT_3D('',#976,#977,#978);
#980=CIRCLE('',#979,1.);
#981=EDGE_CURVE('',#857,#897,#980,.T.);
#982=ORIENTED_EDGE('',*,*,#981,.T.);
#983=ORIENTED_EDGE('',*,*,#902,.F.);
#984=CARTESIAN_POINT('',(-134.023091316,-1.254271268,6.46074058));
#985=DIRECTION('',(-0.,0.,-1.));
#986=DIRECTION('',(0.,-1.,-0.));
#987=AXIS2_PLACEMENT_3D('',#984,#985,#986);
#988=CIRCLE('',#987,1.);
#989=EDGE_CURVE('',#889,#919,#988,.T.);
#990=ORIENTED_EDGE('',*,*,#989,.T.);
#991=ORIENTED_EDGE('',*,*,#948,.F.);
#992=CARTESIAN_POINT('',(-142.019799365,-1.510153171,6.46074058));
#993=VERTEX_POINT('',#992);
#994=CARTESIAN_POINT('',(-141.053091316,-1.254271268,6.46074058));
#995=DIRECTION('',(-0.,0.,-1.));
#996=DIRECTION('',(0.,-1.,-0.));
#997=AXIS2_PLACEMENT_3D('',#994,#995,#996);
#998=CIRCLE('',#997,1.);
#999=EDGE_CURVE('',#937,#993,#998,.T.);
#1000=ORIENTED_EDGE('',*,*,#999,.T.);
#1001=CARTESIAN_POINT('',(-142.019799365,-3.908542536,6.46074058));
#1002=VERTEX_POINT('',#1001);
#1003=CARTESIAN_POINT('',(-142.019799365,-3.908542536,6.46074058));
#1004=DIRECTION('',(0.,1.,0.));
#1005=VECTOR('',#1004,2.398389365);
#1006=LINE('',#1003,#1005);
#1007=EDGE_CURVE('',#1002,#993,#1006,.T.);
#1008=ORIENTED_EDGE('',*,*,#1007,.F.);
#1009=CARTESIAN_POINT('',(-141.019799365,-4.908542536,6.46074058));
#1010=VERTEX_POINT('',#1009);
#1011=CARTESIAN_POINT('',(-141.019799365,-3.908542536,6.46074058));
#1012=DIRECTION('',(0.,-0.,1.));
#1013=DIRECTION('',(0.,-1.,-0.));
#1014=AXIS2_PLACEMENT_3D('',#1011,#1012,#1013);
#1015=CIRCLE('',#1014,1.);
#1016=EDGE_CURVE('',#1002,#1010,#1015,.T.);
#1017=ORIENTED_EDGE('',*,*,#1016,.T.);
#1018=CARTESIAN_POINT('',(-133.,-4.908542536,6.46074058));
#1019=VERTEX_POINT('',#1018);
#1020=CARTESIAN_POINT('',(-133.,-4.908542536,6.46074058));
#1021=DIRECTION('',(-1.,0.,0.));
#1022=VECTOR('',#1021,8.019799365);
#1023=LINE('',#1020,#1022);
#1024=EDGE_CURVE('',#1019,#1010,#1023,.T.);
#1025=ORIENTED_EDGE('',*,*,#1024,.F.);
#1026=CARTESIAN_POINT('',(-132.,-3.908542536,6.46074058));
#1027=VERTEX_POINT('',#1026);
#1028=CARTESIAN_POINT('',(-133.,-3.908542536,6.46074058));
#1029=DIRECTION('',(0.,-0.,1.));
#1030=DIRECTION('',(0.,-1.,-0.));
#1031=AXIS2_PLACEMENT_3D('',#1028,#1029,#1030);
#1032=CIRCLE('',#1031,1.);
#1033=EDGE_CURVE('',#1019,#1027,#1032,.T.);
#1034=ORIENTED_EDGE('',*,*,#1033,.T.);
#1035=CARTESIAN_POINT('',(-132.,9.8,6.46074058));
#1036=VERTEX_POINT('',#1035);
#1037=CARTESIAN_POINT('',(-132.,9.8,6.46074058));
#1038=DIRECTION('',(0.,-1.,-0.));
#1039=VECTOR('',#1038,13.708542536);
#1040=LINE('',#1037,#1039);
#1041=EDGE_CURVE('',#1036,#1027,#1040,.T.);
#1042=ORIENTED_EDGE('',*,*,#1041,.F.);
#1043=CARTESIAN_POINT('',(-133.,10.8,6.46074058));
#1044=VERTEX_POINT('',#1043);
#1045=CARTESIAN_POINT('',(-133.,9.8,6.46074058));
#1046=DIRECTION('',(0.,-0.,1.));
#1047=DIRECTION('',(0.,-1.,-0.));
#1048=AXIS2_PLACEMENT_3D('',#1045,#1046,#1047);
#1049=CIRCLE('',#1048,1.);
#1050=EDGE_CURVE('',#1036,#1044,#1049,.T.);
#1051=ORIENTED_EDGE('',*,*,#1050,.T.);
#1052=CARTESIAN_POINT('',(-141.019799365,10.8,6.46074058));
#1053=VERTEX_POINT('',#1052);
#1054=CARTESIAN_POINT('',(-141.019799365,10.8,6.46074058));
#1055=DIRECTION('',(1.,0.,-0.));
#1056=VECTOR('',#1055,8.019799365);
#1057=LINE('',#1054,#1056);
#1058=EDGE_CURVE('',#1053,#1044,#1057,.T.);
#1059=ORIENTED_EDGE('',*,*,#1058,.F.);
#1060=CARTESIAN_POINT('',(-141.019799365,9.8,6.46074058));
#1061=DIRECTION('',(0.,-0.,1.));
#1062=DIRECTION('',(0.,-1.,-0.));
#1063=AXIS2_PLACEMENT_3D('',#1060,#1061,#1062);
#1064=CIRCLE('',#1063,1.);
#1065=EDGE_CURVE('',#1053,#961,#1064,.T.);
#1066=ORIENTED_EDGE('',*,*,#1065,.T.);
#1067=EDGE_LOOP('',(#967,#974,#975,#982,#983,#990,#991,#1000,#1008,#1017,#1025,#1034,#1042,#1051,#1059,#1066));
#1068=FACE_BOUND('',#1067,.T.);
#1069=ADVANCED_FACE('',(#1068),#957,.T.);
#1070=CARTESIAN_POINT('',(0.53500127,100.468892426,5.46074058));
#1071=DIRECTION('',(0.,-0.,1.));
#1072=DIRECTION('',(-1.,0.,0.));
#1073=AXIS2_PLACEMENT_3D('',#1070,#1071,#1072);
#1074=PLANE('',#1073);
#1075=CARTESIAN_POINT('',(-137.538091316,-4.954271268,5.46074058));
#1076=VERTEX_POINT('',#1075);
#1077=CARTESIAN_POINT('',(-137.538091316,-7.954271268,5.46074058));
#1078=VERTEX_POINT('',#1077);
#1079=CARTESIAN_POINT('',(-137.538091316,-6.454271268,5.46074058));
#1080=DIRECTION('',(-0.,0.,-1.));
#1081=DIRECTION('',(0.,-1.,-0.));
#1082=AXIS2_PLACEMENT_3D('',#1079,#1080,#1081);
#1083=CIRCLE('',#1082,1.5);
#1084=EDGE_CURVE('',#1076,#1078,#1083,.T.);
#1085=ORIENTED_EDGE('',*,*,#1084,.F.);
#1086=CARTESIAN_POINT('',(-137.538091316,-6.454271268,5.46074058));
#1087=DIRECTION('',(-0.,0.,-1.));
#1088=DIRECTION('',(0.,-1.,-0.));
#1089=AXIS2_PLACEMENT_3D('',#1086,#1087,#1088);
#1090=CIRCLE('',#1089,1.5);
#1091=EDGE_CURVE('',#1078,#1076,#1090,.T.);
#1092=ORIENTED_EDGE('',*,*,#1091,.F.);
#1093=EDGE_LOOP('',(#1085,#1092));
#1094=FACE_BOUND('',#1093,.T.);
#1095=CARTESIAN_POINT('',(-142.219799365,7.726428445,5.46074058));
#1096=VERTEX_POINT('',#1095);
#1097=CARTESIAN_POINT('',(-142.219799365,-1.534970981,5.46074058));
#1098=VERTEX_POINT('',#1097);
#1099=CARTESIAN_POINT('',(-142.219799365,7.726428445,5.46074058));
#1100=DIRECTION('',(0.,-1.,-0.));
#1101=VECTOR('',#1100,9.261399426);
#1102=LINE('',#1099,#1101);
#1103=EDGE_CURVE('',#1096,#1098,#1102,.T.);
#1104=ORIENTED_EDGE('',*,*,#1103,.T.);
#1105=CARTESIAN_POINT('',(-141.053091316,-2.454271268,5.46074058));
#1106=VERTEX_POINT('',#1105);
#1107=CARTESIAN_POINT('',(-141.053091316,-1.254271268,5.46074058));
#1108=DIRECTION('',(0.,-0.,1.));
#1109=DIRECTION('',(0.,-1.,-0.));
#1110=AXIS2_PLACEMENT_3D('',#1107,#1108,#1109);
#1111=CIRCLE('',#1110,1.2);
#1112=EDGE_CURVE('',#1098,#1106,#1111,.T.);
#1113=ORIENTED_EDGE('',*,*,#1112,.T.);
#1114=CARTESIAN_POINT('',(-134.023091316,-2.454271268,5.46074058));
#1115=VERTEX_POINT('',#1114);
#1116=CARTESIAN_POINT('',(-141.053091316,-2.454271268,5.46074058));
#1117=DIRECTION('',(1.,0.,-0.));
#1118=VECTOR('',#1117,7.03);
#1119=LINE('',#1116,#1118);
#1120=EDGE_CURVE('',#1106,#1115,#1119,.T.);
#1121=ORIENTED_EDGE('',*,*,#1120,.T.);
#1122=CARTESIAN_POINT('',(-132.823091316,-1.254271268,5.46074058));
#1123=VERTEX_POINT('',#1122);
#1124=CARTESIAN_POINT('',(-134.023091316,-1.254271268,5.46074058));
#1125=DIRECTION('',(0.,-0.,1.));
#1126=DIRECTION('',(0.,-1.,-0.));
#1127=AXIS2_PLACEMENT_3D('',#1124,#1125,#1126);
#1128=CIRCLE('',#1127,1.2);
#1129=EDGE_CURVE('',#1115,#1123,#1128,.T.);
#1130=ORIENTED_EDGE('',*,*,#1129,.T.);
#1131=CARTESIAN_POINT('',(-132.823091316,7.445728732,5.46074058));
#1132=VERTEX_POINT('',#1131);
#1133=CARTESIAN_POINT('',(-132.823091316,-1.254271268,5.46074058));
#1134=DIRECTION('',(0.,1.,0.));
#1135=VECTOR('',#1134,8.7);
#1136=LINE('',#1133,#1135);
#1137=EDGE_CURVE('',#1123,#1132,#1136,.T.);
#1138=ORIENTED_EDGE('',*,*,#1137,.T.);
#1139=CARTESIAN_POINT('',(-134.023091316,8.645728732,5.46074058));
#1140=VERTEX_POINT('',#1139);
#1141=CARTESIAN_POINT('',(-134.023091316,7.445728732,5.46074058));
#1142=DIRECTION('',(0.,-0.,1.));
#1143=DIRECTION('',(0.,-1.,-0.));
#1144=AXIS2_PLACEMENT_3D('',#1141,#1142,#1143);
#1145=CIRCLE('',#1144,1.2);
#1146=EDGE_CURVE('',#1132,#1140,#1145,.T.);
#1147=ORIENTED_EDGE('',*,*,#1146,.T.);
#1148=CARTESIAN_POINT('',(-141.053091316,8.645728732,5.46074058));
#1149=VERTEX_POINT('',#1148);
#1150=CARTESIAN_POINT('',(-134.023091316,8.645728732,5.46074058));
#1151=DIRECTION('',(-1.,0.,0.));
#1152=VECTOR('',#1151,7.03);
#1153=LINE('',#1150,#1152);
#1154=EDGE_CURVE('',#1140,#1149,#1153,.T.);
#1155=ORIENTED_EDGE('',*,*,#1154,.T.);
#1156=CARTESIAN_POINT('',(-141.053091316,7.445728732,5.46074058));
#1157=DIRECTION('',(0.,-0.,1.));
#1158=DIRECTION('',(0.,-1.,-0.));
#1159=AXIS2_PLACEMENT_3D('',#1156,#1157,#1158);
#1160=CIRCLE('',#1159,1.2);
#1161=EDGE_CURVE('',#1149,#1096,#1160,.T.);
#1162=ORIENTED_EDGE('',*,*,#1161,.T.);
#1163=EDGE_LOOP('',(#1104,#1113,#1121,#1130,#1138,#1147,#1155,#1162));
#1164=FACE_BOUND('',#1163,.T.);
#1165=CARTESIAN_POINT('',(-126.890204977,-46.163257574,5.46074058));
#1166=VERTEX_POINT('',#1165);
#1167=CARTESIAN_POINT('',(-126.890204977,-55.163257574,5.46074058));
#1168=VERTEX_POINT('',#1167);
#1169=CARTESIAN_POINT('',(-126.890204977,-46.163257574,5.46074058));
#1170=DIRECTION('',(0.,-1.,-0.));
#1171=VECTOR('',#1170,9.);
#1172=LINE('',#1169,#1171);
#1173=EDGE_CURVE('',#1166,#1168,#1172,.T.);
#1174=ORIENTED_EDGE('',*,*,#1173,.F.);
#1175=CARTESIAN_POINT('',(-127.390204977,-45.663257574,5.46074058));
#1176=VERTEX_POINT('',#1175);
#1177=CARTESIAN_POINT('',(-127.390204977,-46.163257574,5.46074058));
#1178=DIRECTION('',(0.,-0.,1.));
#1179=DIRECTION('',(0.,-1.,-0.));
#1180=AXIS2_PLACEMENT_3D('',#1177,#1178,#1179);
#1181=CIRCLE('',#1180,0.5);
#1182=EDGE_CURVE('',#1166,#1176,#1181,.T.);
#1183=ORIENTED_EDGE('',*,*,#1182,.T.);
#1184=CARTESIAN_POINT('',(-127.890204977,-46.163257574,5.46074058));
#1185=VERTEX_POINT('',#1184);
#1186=CARTESIAN_POINT('',(-127.390204977,-46.163257574,5.46074058));
#1187=DIRECTION('',(0.,-0.,1.));
#1188=DIRECTION('',(0.,-1.,-0.));
#1189=AXIS2_PLACEMENT_3D('',#1186,#1187,#1188);
#1190=CIRCLE('',#1189,0.5);
#1191=EDGE_CURVE('',#1176,#1185,#1190,.T.);
#1192=ORIENTED_EDGE('',*,*,#1191,.T.);
#1193=CARTESIAN_POINT('',(-127.890204977,-55.163257574,5.46074058));
#1194=VERTEX_POINT('',#1193);
#1195=CARTESIAN_POINT('',(-127.890204977,-46.163257574,5.46074058));
#1196=DIRECTION('',(0.,-1.,-0.));
#1197=VECTOR('',#1196,9.);
#1198=LINE('',#1195,#1197);
#1199=EDGE_CURVE('',#1185,#1194,#1198,.T.);
#1200=ORIENTED_EDGE('',*,*,#1199,.T.);
#1201=CARTESIAN_POINT('',(-127.390204977,-55.663257574,5.46074058));
#1202=VERTEX_POINT('',#1201);
#1203=CARTESIAN_POINT('',(-127.390204977,-55.163257574,5.46074058));
#1204=DIRECTION('',(0.,-0.,1.));
#1205=DIRECTION('',(0.,-1.,-0.));
#1206=AXIS2_PLACEMENT_3D('',#1203,#1204,#1205);
#1207=CIRCLE('',#1206,0.5);
#1208=EDGE_CURVE('',#1194,#1202,#1207,.T.);
#1209=ORIENTED_EDGE('',*,*,#1208,.T.);
#1210=CARTESIAN_POINT('',(-127.390204977,-55.163257574,5.46074058));
#1211=DIRECTION('',(0.,-0.,1.));
#1212=DIRECTION('',(0.,-1.,-0.));
#1213=AXIS2_PLACEMENT_3D('',#1210,#1211,#1212);
#1214=CIRCLE('',#1213,0.5);
#1215=EDGE_CURVE('',#1202,#1168,#1214,.T.);
#1216=ORIENTED_EDGE('',*,*,#1215,.T.);
#1217=EDGE_LOOP('',(#1174,#1183,#1192,#1200,#1209,#1216));
#1218=FACE_BOUND('',#1217,.T.);
#1219=CARTESIAN_POINT('',(-119.25,38.424842426,5.46074058));
#1220=VERTEX_POINT('',#1219);
#1221=CARTESIAN_POINT('',(-128.65,38.424842426,5.46074058));
#1222=VERTEX_POINT('',#1221);
#1223=CARTESIAN_POINT('',(-119.25,38.424842426,5.46074058));
#1224=DIRECTION('',(-1.,0.,0.));
#1225=VECTOR('',#1224,9.4);
#1226=LINE('',#1223,#1225);
#1227=EDGE_CURVE('',#1220,#1222,#1226,.T.);
#1228=ORIENTED_EDGE('',*,*,#1227,.F.);
#1229=CARTESIAN_POINT('',(-118.25,39.424842426,5.46074058));
#1230=VERTEX_POINT('',#1229);
#1231=CARTESIAN_POINT('',(-119.25,39.424842426,5.46074058));
#1232=DIRECTION('',(0.,-0.,1.));
#1233=DIRECTION('',(1.,0.,0.));
#1234=AXIS2_PLACEMENT_3D('',#1231,#1232,#1233);
#1235=CIRCLE('',#1234,1.);
#1236=EDGE_CURVE('',#1220,#1230,#1235,.T.);
#1237=ORIENTED_EDGE('',*,*,#1236,.T.);
#1238=CARTESIAN_POINT('',(-118.25,52.924842426,5.46074058));
#1239=VERTEX_POINT('',#1238);
#1240=CARTESIAN_POINT('',(-118.25,52.924842426,5.46074058));
#1241=DIRECTION('',(0.,-1.,-0.));
#1242=VECTOR('',#1241,13.5);
#1243=LINE('',#1240,#1242);
#1244=EDGE_CURVE('',#1239,#1230,#1243,.T.);
#1245=ORIENTED_EDGE('',*,*,#1244,.F.);
#1246=CARTESIAN_POINT('',(-82.760610588,52.924842426,5.46074058));
#1247=VERTEX_POINT('',#1246);
#1248=CARTESIAN_POINT('',(-118.25,52.924842426,5.46074058));
#1249=DIRECTION('',(1.,-0.,-0.));
#1250=VECTOR('',#1249,35.489389412);
#1251=LINE('',#1248,#1250);
#1252=EDGE_CURVE('',#1239,#1247,#1251,.T.);
#1253=ORIENTED_EDGE('',*,*,#1252,.T.);
#1254=CARTESIAN_POINT('',(-82.760610588,51.424842426,5.46074058));
#1255=VERTEX_POINT('',#1254);
#1256=CARTESIAN_POINT('',(-82.760610588,51.424842426,5.46074058));
#1257=DIRECTION('',(0.,1.,0.));
#1258=VECTOR('',#1257,1.5);
#1259=LINE('',#1256,#1258);
#1260=EDGE_CURVE('',#1255,#1247,#1259,.T.);
#1261=ORIENTED_EDGE('',*,*,#1260,.F.);
#1262=CARTESIAN_POINT('',(-84.510610588,51.424842426,5.46074058));
#1263=VERTEX_POINT('',#1262);
#1264=CARTESIAN_POINT('',(-82.760610588,51.424842426,5.46074058));
#1265=DIRECTION('',(-1.,0.,0.));
#1266=VECTOR('',#1265,1.75);
#1267=LINE('',#1264,#1266);
#1268=EDGE_CURVE('',#1255,#1263,#1267,.T.);
#1269=ORIENTED_EDGE('',*,*,#1268,.T.);
#1270=CARTESIAN_POINT('',(-84.510610588,52.024842426,5.46074058));
#1271=VERTEX_POINT('',#1270);
#1272=CARTESIAN_POINT('',(-84.510610588,51.424842426,5.46074058));
#1273=DIRECTION('',(-0.,1.,0.));
#1274=VECTOR('',#1273,0.6);
#1275=LINE('',#1272,#1274);
#1276=EDGE_CURVE('',#1263,#1271,#1275,.T.);
#1277=ORIENTED_EDGE('',*,*,#1276,.T.);
#1278=CARTESIAN_POINT('',(-86.810610588,52.024842426,5.46074058));
#1279=VERTEX_POINT('',#1278);
#1280=CARTESIAN_POINT('',(-84.510610588,52.024842426,5.46074058));
#1281=DIRECTION('',(-1.,0.,0.));
#1282=VECTOR('',#1281,2.3);
#1283=LINE('',#1280,#1282);
#1284=EDGE_CURVE('',#1271,#1279,#1283,.T.);
#1285=ORIENTED_EDGE('',*,*,#1284,.T.);
#1286=CARTESIAN_POINT('',(-86.810610588,47.824842426,5.46074058));
#1287=VERTEX_POINT('',#1286);
#1288=CARTESIAN_POINT('',(-86.810610588,47.824842426,5.46074058));
#1289=DIRECTION('',(0.,1.,0.));
#1290=VECTOR('',#1289,4.2);
#1291=LINE('',#1288,#1290);
#1292=EDGE_CURVE('',#1287,#1279,#1291,.T.);
#1293=ORIENTED_EDGE('',*,*,#1292,.F.);
#1294=CARTESIAN_POINT('',(-84.510610588,47.824842426,5.46074058));
#1295=VERTEX_POINT('',#1294);
#1296=CARTESIAN_POINT('',(-84.510610588,47.824842426,5.46074058));
#1297=DIRECTION('',(-1.,-0.,0.));
#1298=VECTOR('',#1297,2.3);
#1299=LINE('',#1296,#1298);
#1300=EDGE_CURVE('',#1295,#1287,#1299,.T.);
#1301=ORIENTED_EDGE('',*,*,#1300,.F.);
#1302=CARTESIAN_POINT('',(-84.510610588,48.424842426,5.46074058));
#1303=VERTEX_POINT('',#1302);
#1304=CARTESIAN_POINT('',(-84.510610588,48.424842426,5.46074058));
#1305=DIRECTION('',(-0.,-1.,-0.));
#1306=VECTOR('',#1305,0.6);
#1307=LINE('',#1304,#1306);
#1308=EDGE_CURVE('',#1303,#1295,#1307,.T.);
#1309=ORIENTED_EDGE('',*,*,#1308,.F.);
#1310=CARTESIAN_POINT('',(-82.760610588,48.424842426,5.46074058));
#1311=DIRECTION('',(-1.,-0.,0.));
#1312=VECTOR('',#1311,1.75);
#1313=LINE('',#1310,#1312);
#1314=EDGE_CURVE('',#87,#1303,#1313,.T.);
#1315=ORIENTED_EDGE('',*,*,#1314,.F.);
#1316=ORIENTED_EDGE('',*,*,#92,.F.);
#1317=CARTESIAN_POINT('',(-84.510610588,-52.063257574,5.46074058));
#1318=VERTEX_POINT('',#1317);
#1319=CARTESIAN_POINT('',(-82.760610588,-52.063257574,5.46074058));
#1320=DIRECTION('',(-1.,0.,0.));
#1321=VECTOR('',#1320,1.75);
#1322=LINE('',#1319,#1321);
#1323=EDGE_CURVE('',#79,#1318,#1322,.T.);
#1324=ORIENTED_EDGE('',*,*,#1323,.T.);
#1325=CARTESIAN_POINT('',(-84.510610588,-51.463257574,5.46074058));
#1326=VERTEX_POINT('',#1325);
#1327=CARTESIAN_POINT('',(-84.510610588,-52.063257574,5.46074058));
#1328=DIRECTION('',(-0.,1.,0.));
#1329=VECTOR('',#1328,0.6);
#1330=LINE('',#1327,#1329);
#1331=EDGE_CURVE('',#1318,#1326,#1330,.T.);
#1332=ORIENTED_EDGE('',*,*,#1331,.T.);
#1333=CARTESIAN_POINT('',(-86.810610588,-51.463257574,5.46074058));
#1334=VERTEX_POINT('',#1333);
#1335=CARTESIAN_POINT('',(-84.510610588,-51.463257574,5.46074058));
#1336=DIRECTION('',(-1.,0.,0.));
#1337=VECTOR('',#1336,2.3);
#1338=LINE('',#1335,#1337);
#1339=EDGE_CURVE('',#1326,#1334,#1338,.T.);
#1340=ORIENTED_EDGE('',*,*,#1339,.T.);
#1341=CARTESIAN_POINT('',(-86.810610588,-55.663257574,5.46074058));
#1342=VERTEX_POINT('',#1341);
#1343=CARTESIAN_POINT('',(-86.810610588,-51.463257574,5.46074058));
#1344=DIRECTION('',(0.,-1.,-0.));
#1345=VECTOR('',#1344,4.2);
#1346=LINE('',#1343,#1345);
#1347=EDGE_CURVE('',#1334,#1342,#1346,.T.);
#1348=ORIENTED_EDGE('',*,*,#1347,.T.);
#1349=CARTESIAN_POINT('',(-84.510610588,-55.663257574,5.46074058));
#1350=VERTEX_POINT('',#1349);
#1351=CARTESIAN_POINT('',(-86.810610588,-55.663257574,5.46074058));
#1352=DIRECTION('',(1.,-0.,-0.));
#1353=VECTOR('',#1352,2.3);
#1354=LINE('',#1351,#1353);
#1355=EDGE_CURVE('',#1342,#1350,#1354,.T.);
#1356=ORIENTED_EDGE('',*,*,#1355,.T.);
#1357=CARTESIAN_POINT('',(-84.510610588,-55.063257574,5.46074058));
#1358=VERTEX_POINT('',#1357);
#1359=CARTESIAN_POINT('',(-84.510610588,-55.063257574,5.46074058));
#1360=DIRECTION('',(-0.,-1.,-0.));
#1361=VECTOR('',#1360,0.6);
#1362=LINE('',#1359,#1361);
#1363=EDGE_CURVE('',#1358,#1350,#1362,.T.);
#1364=ORIENTED_EDGE('',*,*,#1363,.F.);
#1365=CARTESIAN_POINT('',(-82.760610588,-55.063257574,5.46074058));
#1366=DIRECTION('',(-1.,-0.,0.));
#1367=VECTOR('',#1366,1.75);
#1368=LINE('',#1365,#1367);
#1369=EDGE_CURVE('',#183,#1358,#1368,.T.);
#1370=ORIENTED_EDGE('',*,*,#1369,.F.);
#1371=ORIENTED_EDGE('',*,*,#188,.F.);
#1372=CARTESIAN_POINT('',(-141.019799365,-56.563257574,5.460740579));
#1373=VERTEX_POINT('',#1372);
#1374=CARTESIAN_POINT('',(-82.760610588,-56.563257574,5.46074058));
#1375=DIRECTION('',(-1.,0.,0.));
#1376=VECTOR('',#1375,58.259188777);
#1377=LINE('',#1374,#1376);
#1378=EDGE_CURVE('',#175,#1373,#1377,.T.);
#1379=ORIENTED_EDGE('',*,*,#1378,.T.);
#1380=CARTESIAN_POINT('',(-145.519799365,-52.063257574,5.46074058));
#1381=VERTEX_POINT('',#1380);
#1382=CARTESIAN_POINT('',(-141.019799365,-52.063257574,5.460740579));
#1383=DIRECTION('',(-0.,0.,-1.));
#1384=DIRECTION('',(1.,0.,0.));
#1385=AXIS2_PLACEMENT_3D('',#1382,#1383,#1384);
#1386=CIRCLE('',#1385,4.500000001);
#1387=EDGE_CURVE('',#1373,#1381,#1386,.T.);
#1388=ORIENTED_EDGE('',*,*,#1387,.T.);
#1389=CARTESIAN_POINT('',(-145.519799365,48.424842426,5.46074058));
#1390=VERTEX_POINT('',#1389);
#1391=CARTESIAN_POINT('',(-145.519799365,-52.063257574,5.46074058));
#1392=DIRECTION('',(-0.,1.,0.));
#1393=VECTOR('',#1392,100.4881);
#1394=LINE('',#1391,#1393);
#1395=EDGE_CURVE('',#1381,#1390,#1394,.T.);
#1396=ORIENTED_EDGE('',*,*,#1395,.T.);
#1397=CARTESIAN_POINT('',(-141.019799365,52.924842426,5.46074058));
#1398=VERTEX_POINT('',#1397);
#1399=CARTESIAN_POINT('',(-141.019799365,48.424842426,5.46074058));
#1400=DIRECTION('',(-0.,0.,-1.));
#1401=DIRECTION('',(1.,0.,0.));
#1402=AXIS2_PLACEMENT_3D('',#1399,#1400,#1401);
#1403=CIRCLE('',#1402,4.5);
#1404=EDGE_CURVE('',#1390,#1398,#1403,.T.);
#1405=ORIENTED_EDGE('',*,*,#1404,.T.);
#1406=CARTESIAN_POINT('',(-129.65,52.924842426,5.46074058));
#1407=VERTEX_POINT('',#1406);
#1408=CARTESIAN_POINT('',(-141.019799365,52.924842426,5.46074058));
#1409=DIRECTION('',(1.,-0.,-0.));
#1410=VECTOR('',#1409,11.369799365);
#1411=LINE('',#1408,#1410);
#1412=EDGE_CURVE('',#1398,#1407,#1411,.T.);
#1413=ORIENTED_EDGE('',*,*,#1412,.T.);
#1414=CARTESIAN_POINT('',(-129.65,39.424842426,5.46074058));
#1415=VERTEX_POINT('',#1414);
#1416=CARTESIAN_POINT('',(-129.65,52.924842426,5.46074058));
#1417=DIRECTION('',(0.,-1.,-0.));
#1418=VECTOR('',#1417,13.5);
#1419=LINE('',#1416,#1418);
#1420=EDGE_CURVE('',#1407,#1415,#1419,.T.);
#1421=ORIENTED_EDGE('',*,*,#1420,.T.);
#1422=CARTESIAN_POINT('',(-128.65,39.424842426,5.46074058));
#1423=DIRECTION('',(0.,-0.,1.));
#1424=DIRECTION('',(1.,0.,0.));
#1425=AXIS2_PLACEMENT_3D('',#1422,#1423,#1424);
#1426=CIRCLE('',#1425,1.);
#1427=EDGE_CURVE('',#1415,#1222,#1426,.T.);
#1428=ORIENTED_EDGE('',*,*,#1427,.T.);
#1429=EDGE_LOOP('',(#1228,#1237,#1245,#1253,#1261,#1269,#1277,#1285,#1293,#1301,#1309,#1315,#1316,#1324,#1332,#1340,#1348,#1356,#1364,#1370,#1371,#1379,#1388,#1396,#1405,#1413,
#1421,#1428));
#1430=FACE_BOUND('',#1429,.T.);
#1431=ADVANCED_FACE('',(#1094,#1164,#1218,#1430),#1074,.F.);
#1432=CARTESIAN_POINT('',(-84.760582803,-1.719207574,7.96074058));
#1433=DIRECTION('',(-0.707106781,-0.,0.707106781));
#1434=DIRECTION('',(-0.,1.,0.));
#1435=AXIS2_PLACEMENT_3D('',#1432,#1433,#1434);
#1436=PLANE('',#1435);
#1437=CARTESIAN_POINT('',(-84.760743301,-50.063234152,7.960646565));
#1438=VERTEX_POINT('',#1437);
#1439=CARTESIAN_POINT('',(-84.760582803,46.424842426,7.96074058));
#1440=VERTEX_POINT('',#1439);
#1441=CARTESIAN_POINT('',(-84.760762971,-50.063257573,7.960560412));
#1442=CARTESIAN_POINT('',(-84.760582803,46.424842426,7.96074058));
#1443=B_SPLINE_CURVE_WITH_KNOTS('',1,(#1441,#1442),.UNSPECIFIED.,.F.,.F.,(2,2),(-42.39094283,54.09715717),.UNSPECIFIED.);
#1444=EDGE_CURVE('',#1438,#1440,#1443,.T.);
#1445=ORIENTED_EDGE('',*,*,#1444,.T.);
#1446=CARTESIAN_POINT('',(-84.760582803,46.424842426,7.96074058));
#1447=DIRECTION('',(-0.577350269,-0.577350269,-0.577350269));
#1448=VECTOR('',#1447,0.866025404);
#1449=LINE('',#1446,#1448);
#1450=EDGE_CURVE('',#1440,#623,#1449,.T.);
#1451=ORIENTED_EDGE('',*,*,#1450,.T.);
#1452=ORIENTED_EDGE('',*,*,#630,.T.);
#1453=CARTESIAN_POINT('',(-85.260582803,-49.563257574,7.46074058));
#1454=DIRECTION('',(0.577350269,-0.577350269,0.577350269));
#1455=VECTOR('',#1454,0.865713345);
#1456=LINE('',#1453,#1455);
#1457=EDGE_CURVE('',#625,#1438,#1456,.T.);
#1458=ORIENTED_EDGE('',*,*,#1457,.T.);
#1459=EDGE_LOOP('',(#1445,#1451,#1452,#1458));
#1460=FACE_BOUND('',#1459,.T.);
#1461=ADVANCED_FACE('',(#1460),#1436,.T.);
#1462=CARTESIAN_POINT('',(-80.760610588,-23.540855365,7.96074058));
#1463=DIRECTION('',(0.,0.,-1.));
#1464=DIRECTION('',(-1.,0.,0.));
#1465=AXIS2_PLACEMENT_3D('',#1462,#1463,#1464);
#1466=PLANE('',#1465);
#1467=ORIENTED_EDGE('',*,*,#1444,.F.);
#1468=CARTESIAN_POINT('',(-84.760610588,-8.510268707,7.96074058));
#1469=VERTEX_POINT('',#1468);
#1470=CARTESIAN_POINT('',(-84.760610588,-8.510268707,7.96074058));
#1471=DIRECTION('',(-0.,-1.,-0.));
#1472=VECTOR('',#1471,41.552988866);
#1473=LINE('',#1470,#1472);
#1474=EDGE_CURVE('',#1469,#1438,#1473,.T.);
#1475=ORIENTED_EDGE('',*,*,#1474,.F.);
#1476=CARTESIAN_POINT('',(-80.760610588,-8.510268707,7.96074058));
#1477=VERTEX_POINT('',#1476);
#1478=CARTESIAN_POINT('',(-80.760610588,-8.510268707,7.96074058));
#1479=DIRECTION('',(-1.,-0.,0.));
#1480=VECTOR('',#1479,4.);
#1481=LINE('',#1478,#1480);
#1482=EDGE_CURVE('',#1477,#1469,#1481,.T.);
#1483=ORIENTED_EDGE('',*,*,#1482,.F.);
#1484=CARTESIAN_POINT('',(-80.760610588,46.434546845,7.96074058));
#1485=VERTEX_POINT('',#1484);
#1486=CARTESIAN_POINT('',(-80.760610588,-8.510268707,7.96074058));
#1487=DIRECTION('',(0.,1.,0.));
#1488=VECTOR('',#1487,54.944815552);
#1489=LINE('',#1486,#1488);
#1490=EDGE_CURVE('',#1477,#1485,#1489,.T.);
#1491=ORIENTED_EDGE('',*,*,#1490,.T.);
#1492=CARTESIAN_POINT('',(-80.760610588,46.434546845,7.96074058));
#1493=DIRECTION('',(-1.,0.,0.));
#1494=VECTOR('',#1493,2.);
#1495=LINE('',#1492,#1494);
#1496=EDGE_CURVE('',#1485,#119,#1495,.T.);
#1497=ORIENTED_EDGE('',*,*,#1496,.T.);
#1498=ORIENTED_EDGE('',*,*,#124,.T.);
#1499=CARTESIAN_POINT('',(-82.760610588,46.424842426,7.96074058));
#1500=DIRECTION('',(-1.,0.,0.));
#1501=VECTOR('',#1500,1.999972215);
#1502=LINE('',#1499,#1501);
#1503=EDGE_CURVE('',#111,#1440,#1502,.T.);
#1504=ORIENTED_EDGE('',*,*,#1503,.T.);
#1505=EDGE_LOOP('',(#1467,#1475,#1483,#1491,#1497,#1498,#1504));
#1506=FACE_BOUND('',#1505,.T.);
#1507=ADVANCED_FACE('',(#1506),#1466,.F.);
#1508=CARTESIAN_POINT('',(-84.260610588,-1.719207574,7.46074058));
#1509=DIRECTION('',(0.707106781,-0.,0.707106781));
#1510=DIRECTION('',(-0.,-1.,-0.));
#1511=AXIS2_PLACEMENT_3D('',#1508,#1509,#1510);
#1512=PLANE('',#1511);
#1513=ORIENTED_EDGE('',*,*,#1474,.T.);
#1514=CARTESIAN_POINT('',(-82.760610588,-50.063257574,5.96074058));
#1515=DIRECTION('',(-0.707106781,-0.,0.707106781));
#1516=VECTOR('',#1515,2.828461513);
#1517=LINE('',#1514,#1516);
#1518=EDGE_CURVE('',#63,#1438,#1517,.T.);
#1519=ORIENTED_EDGE('',*,*,#1518,.F.);
#1520=ORIENTED_EDGE('',*,*,#146,.T.);
#1521=CARTESIAN_POINT('',(-84.261531167,-8.091491349,7.461661159));
#1522=VERTEX_POINT('',#1521);
#1523=CARTESIAN_POINT('',(-84.261531167,-8.091491349,7.461661159));
#1524=DIRECTION('',(0.608120402,0.510273606,-0.608120402));
#1525=VECTOR('',#1524,2.46813061);
#1526=LINE('',#1523,#1525);
#1527=EDGE_CURVE('',#1522,#135,#1526,.T.);
#1528=ORIENTED_EDGE('',*,*,#1527,.F.);
#1529=CARTESIAN_POINT('',(-84.760610588,-8.510268707,7.96074058));
#1530=DIRECTION('',(0.608120402,0.510273606,-0.608120402));
#1531=VECTOR('',#1530,0.820691788);
#1532=LINE('',#1529,#1531);
#1533=EDGE_CURVE('',#1469,#1522,#1532,.T.);
#1534=ORIENTED_EDGE('',*,*,#1533,.F.);
#1535=EDGE_LOOP('',(#1513,#1519,#1520,#1528,#1534));
#1536=FACE_BOUND('',#1535,.T.);
#1537=ADVANCED_FACE('',(#1536),#1512,.T.);
#1538=CARTESIAN_POINT('',(0.267500635,-50.063257574,21.76074058));
#1539=DIRECTION('',(0.,-1.,-0.));
#1540=DIRECTION('',(0.,-0.,1.));
#1541=AXIS2_PLACEMENT_3D('',#1538,#1539,#1540);
#1542=PLANE('',#1541);
#1543=CARTESIAN_POINT('',(-82.760610588,-50.063257574,17.86074058));
#1544=VERTEX_POINT('',#1543);
#1545=CARTESIAN_POINT('',(-82.760610588,-50.063257574,10.264293971));
#1546=VERTEX_POINT('',#1545);
#1547=CARTESIAN_POINT('',(-82.760610588,-50.063257574,17.86074058));
#1548=DIRECTION('',(-0.,0.,-1.));
#1549=VECTOR('',#1548,7.596446609);
#1550=LINE('',#1547,#1549);
#1551=EDGE_CURVE('',#1544,#1546,#1550,.T.);
#1552=ORIENTED_EDGE('',*,*,#1551,.T.);
#1553=CARTESIAN_POINT('',(-81.907057197,-50.063257574,9.41074058));
#1554=VERTEX_POINT('',#1553);
#1555=CARTESIAN_POINT('',(-82.760610588,-50.063257574,10.264293971));
#1556=DIRECTION('',(0.707106781,0.,-0.707106781));
#1557=VECTOR('',#1556,1.207106781);
#1558=LINE('',#1555,#1557);
#1559=EDGE_CURVE('',#1546,#1554,#1558,.T.);
#1560=ORIENTED_EDGE('',*,*,#1559,.T.);
#1561=CARTESIAN_POINT('',(-81.907057197,-50.063257574,9.41074058));
#1562=DIRECTION('',(-0.707106781,0.,-0.707106781));
#1563=VECTOR('',#1562,1.207106781);
#1564=LINE('',#1561,#1563);
#1565=EDGE_CURVE('',#1554,#61,#1564,.T.);
#1566=ORIENTED_EDGE('',*,*,#1565,.T.);
#1567=ORIENTED_EDGE('',*,*,#68,.T.);
#1568=ORIENTED_EDGE('',*,*,#1518,.T.);
#1569=CARTESIAN_POINT('',(-141.019799365,-50.063257574,7.96074058));
#1570=VERTEX_POINT('',#1569);
#1571=CARTESIAN_POINT('',(-84.760743301,-50.063257574,7.96074058));
#1572=DIRECTION('',(-1.,0.,0.));
#1573=VECTOR('',#1572,56.259056064);
#1574=LINE('',#1571,#1573);
#1575=EDGE_CURVE('',#1438,#1570,#1574,.T.);
#1576=ORIENTED_EDGE('',*,*,#1575,.T.);
#1577=CARTESIAN_POINT('',(-141.019799365,-50.063257574,17.86074058));
#1578=VERTEX_POINT('',#1577);
#1579=CARTESIAN_POINT('',(-141.019799365,-50.063257574,7.96074058));
#1580=DIRECTION('',(0.,-0.,1.));
#1581=VECTOR('',#1580,9.9);
#1582=LINE('',#1579,#1581);
#1583=EDGE_CURVE('',#1570,#1578,#1582,.T.);
#1584=ORIENTED_EDGE('',*,*,#1583,.T.);
#1585=CARTESIAN_POINT('',(-115.630999999,-50.063257574,17.86074058));
#1586=VERTEX_POINT('',#1585);
#1587=CARTESIAN_POINT('',(-141.019799365,-50.063257574,17.86074058));
#1588=DIRECTION('',(1.,0.,-0.));
#1589=VECTOR('',#1588,25.388799366);
#1590=LINE('',#1587,#1589);
#1591=EDGE_CURVE('',#1578,#1586,#1590,.T.);
#1592=ORIENTED_EDGE('',*,*,#1591,.T.);
#1593=CARTESIAN_POINT('',(-113.930999999,-50.063257574,16.16074058));
#1594=DIRECTION('',(-0.707106781,-0.,0.707106781));
#1595=VECTOR('',#1594,2.404163056);
#1596=LINE('',#1593,#1595);
#1597=EDGE_CURVE('',#379,#1586,#1596,.T.);
#1598=ORIENTED_EDGE('',*,*,#1597,.F.);
#1599=ORIENTED_EDGE('',*,*,#384,.T.);
#1600=CARTESIAN_POINT('',(-112.930999999,-50.063257574,14.060740618));
#1601=DIRECTION('',(0.,-1.,-0.));
#1602=DIRECTION('',(0.,0.,-1.));
#1603=AXIS2_PLACEMENT_3D('',#1600,#1601,#1602);
#1604=CIRCLE('',#1603,1.);
#1605=EDGE_CURVE('',#371,#403,#1604,.T.);
#1606=ORIENTED_EDGE('',*,*,#1605,.T.);
#1607=ORIENTED_EDGE('',*,*,#408,.F.);
#1608=CARTESIAN_POINT('',(-102.2803,-50.063257574,14.060740618));
#1609=VERTEX_POINT('',#1608);
#1610=CARTESIAN_POINT('',(-103.2803,-50.063257574,14.060740618));
#1611=DIRECTION('',(0.,-1.,-0.));
#1612=DIRECTION('',(0.,0.,-1.));
#1613=AXIS2_PLACEMENT_3D('',#1610,#1611,#1612);
#1614=CIRCLE('',#1613,1.);
#1615=EDGE_CURVE('',#401,#1609,#1614,.T.);
#1616=ORIENTED_EDGE('',*,*,#1615,.T.);
#1617=CARTESIAN_POINT('',(-102.2803,-50.063257574,16.16074058));
#1618=VERTEX_POINT('',#1617);
#1619=CARTESIAN_POINT('',(-102.2803,-50.063257574,14.060740618));
#1620=DIRECTION('',(0.,-0.,1.));
#1621=VECTOR('',#1620,2.099999962);
#1622=LINE('',#1619,#1621);
#1623=EDGE_CURVE('',#1609,#1618,#1622,.T.);
#1624=ORIENTED_EDGE('',*,*,#1623,.T.);
#1625=CARTESIAN_POINT('',(-100.5803,-50.063257574,17.86074058));
#1626=VERTEX_POINT('',#1625);
#1627=CARTESIAN_POINT('',(-102.2803,-50.063257574,16.16074058));
#1628=DIRECTION('',(0.707106781,-0.,0.707106781));
#1629=VECTOR('',#1628,2.404163056);
#1630=LINE('',#1627,#1629);
#1631=EDGE_CURVE('',#1618,#1626,#1630,.T.);
#1632=ORIENTED_EDGE('',*,*,#1631,.T.);
#1633=CARTESIAN_POINT('',(-100.5803,-50.063257574,17.86074058));
#1634=DIRECTION('',(1.,0.,-0.));
#1635=VECTOR('',#1634,17.819689412);
#1636=LINE('',#1633,#1635);
#1637=EDGE_CURVE('',#1626,#1544,#1636,.T.);
#1638=ORIENTED_EDGE('',*,*,#1637,.T.);
#1639=EDGE_LOOP('',(#1552,#1560,#1566,#1567,#1568,#1576,#1584,#1592,#1598,#1599,#1606,#1607,#1616,#1624,#1632,#1638));
#1640=FACE_BOUND('',#1639,.T.);
#1641=ADVANCED_FACE('',(#1640),#1542,.F.);
#1642=CARTESIAN_POINT('',(-129.65,49.210904475,9.56074058));
#1643=DIRECTION('',(-1.,0.,0.));
#1644=DIRECTION('',(0.,-0.,1.));
#1645=AXIS2_PLACEMENT_3D('',#1642,#1643,#1644);
#1646=PLANE('',#1645);
#1647=CARTESIAN_POINT('',(-129.65,47.424842426,10.86074058));
#1648=VERTEX_POINT('',#1647);
#1649=CARTESIAN_POINT('',(-129.65,47.424842426,6.950638529));
#1650=VERTEX_POINT('',#1649);
#1651=CARTESIAN_POINT('',(-129.65,47.424842426,10.86074058));
#1652=DIRECTION('',(0.,0.,-1.));
#1653=VECTOR('',#1652,3.910102051);
#1654=LINE('',#1651,#1653);
#1655=EDGE_CURVE('',#1648,#1650,#1654,.T.);
#1656=ORIENTED_EDGE('',*,*,#1655,.T.);
#1657=CARTESIAN_POINT('',(-129.65,46.934944478,6.46074058));
#1658=VERTEX_POINT('',#1657);
#1659=CARTESIAN_POINT('',(-129.65,47.424842426,6.950638529));
#1660=DIRECTION('',(0.,-0.707106781,-0.707106781));
#1661=VECTOR('',#1660,0.692820323);
#1662=LINE('',#1659,#1661);
#1663=EDGE_CURVE('',#1650,#1658,#1662,.T.);
#1664=ORIENTED_EDGE('',*,*,#1663,.T.);
#1665=CARTESIAN_POINT('',(-129.65,39.424842426,6.46074058));
#1666=VERTEX_POINT('',#1665);
#1667=CARTESIAN_POINT('',(-129.65,46.934944478,6.46074058));
#1668=DIRECTION('',(0.,-1.,-0.));
#1669=VECTOR('',#1668,7.510102051);
#1670=LINE('',#1667,#1669);
#1671=EDGE_CURVE('',#1658,#1666,#1670,.T.);
#1672=ORIENTED_EDGE('',*,*,#1671,.T.);
#1673=CARTESIAN_POINT('',(-129.65,39.424842426,6.46074058));
#1674=DIRECTION('',(0.,0.,-1.));
#1675=VECTOR('',#1674,1.);
#1676=LINE('',#1673,#1675);
#1677=EDGE_CURVE('',#1666,#1415,#1676,.T.);
#1678=ORIENTED_EDGE('',*,*,#1677,.T.);
#1679=ORIENTED_EDGE('',*,*,#1420,.F.);
#1680=CARTESIAN_POINT('',(-129.65,52.924842426,10.86074058));
#1681=VERTEX_POINT('',#1680);
#1682=CARTESIAN_POINT('',(-129.65,52.924842426,5.46074058));
#1683=DIRECTION('',(0.,-0.,1.));
#1684=VECTOR('',#1683,5.4);
#1685=LINE('',#1682,#1684);
#1686=EDGE_CURVE('',#1407,#1681,#1685,.T.);
#1687=ORIENTED_EDGE('',*,*,#1686,.T.);
#1688=CARTESIAN_POINT('',(-129.65,52.924842426,10.86074058));
#1689=DIRECTION('',(-0.,-1.,-0.));
#1690=VECTOR('',#1689,5.5);
#1691=LINE('',#1688,#1690);
#1692=EDGE_CURVE('',#1681,#1648,#1691,.T.);
#1693=ORIENTED_EDGE('',*,*,#1692,.T.);
#1694=EDGE_LOOP('',(#1656,#1664,#1672,#1678,#1679,#1687,#1693));
#1695=FACE_BOUND('',#1694,.T.);
#1696=ADVANCED_FACE('',(#1695),#1646,.F.);
#1697=CARTESIAN_POINT('',(0.53500127,52.924842426,5.46074058));
#1698=DIRECTION('',(0.,0.707106781,-0.707106781));
#1699=DIRECTION('',(-1.,0.,0.));
#1700=AXIS2_PLACEMENT_3D('',#1697,#1698,#1699);
#1701=PLANE('',#1700);
#1702=ORIENTED_EDGE('',*,*,#1252,.F.);
#1703=CARTESIAN_POINT('',(-118.25,52.924842426,5.46074058));
#1704=DIRECTION('',(0.577350269,0.577350269,0.577350269));
#1705=VECTOR('',#1704,0.866025404);
#1706=LINE('',#1703,#1705);
#1707=EDGE_CURVE('',#1239,#265,#1706,.T.);
#1708=ORIENTED_EDGE('',*,*,#1707,.T.);
#1709=ORIENTED_EDGE('',*,*,#270,.F.);
#1710=CARTESIAN_POINT('',(-82.760610588,53.424842426,5.96074058));
#1711=DIRECTION('',(-0.,-0.707106781,-0.707106781));
#1712=VECTOR('',#1711,0.707106781);
#1713=LINE('',#1710,#1712);
#1714=EDGE_CURVE('',#257,#1247,#1713,.T.);
#1715=ORIENTED_EDGE('',*,*,#1714,.T.);
#1716=EDGE_LOOP('',(#1702,#1708,#1709,#1715));
#1717=FACE_BOUND('',#1716,.T.);
#1718=ADVANCED_FACE('',(#1717),#1701,.T.);
#1719=CARTESIAN_POINT('',(0.53500127,-1.919207574,18.36074058));
#1720=DIRECTION('',(0.,-0.,1.));
#1721=DIRECTION('',(-1.,0.,0.));
#1722=AXIS2_PLACEMENT_3D('',#1719,#1720,#1721);
#1723=PLANE('',#1722);
#1724=CARTESIAN_POINT('',(-83.260610588,52.924842426,18.36074058));
#1725=VERTEX_POINT('',#1724);
#1726=CARTESIAN_POINT('',(-96.0803,52.924842426,18.36074058));
#1727=VERTEX_POINT('',#1726);
#1728=CARTESIAN_POINT('',(-83.260610588,52.924842426,18.36074058));
#1729=DIRECTION('',(-1.,0.,0.));
#1730=VECTOR('',#1729,12.819689412);
#1731=LINE('',#1728,#1730);
#1732=EDGE_CURVE('',#1725,#1727,#1731,.T.);
#1733=ORIENTED_EDGE('',*,*,#1732,.T.);
#1734=CARTESIAN_POINT('',(-96.0803,46.924842426,18.36074058));
#1735=VERTEX_POINT('',#1734);
#1736=CARTESIAN_POINT('',(-96.0803,52.924842426,18.36074058));
#1737=DIRECTION('',(0.,-1.,-0.));
#1738=VECTOR('',#1737,6.);
#1739=LINE('',#1736,#1738);
#1740=EDGE_CURVE('',#1727,#1735,#1739,.T.);
#1741=ORIENTED_EDGE('',*,*,#1740,.T.);
#1742=CARTESIAN_POINT('',(-83.260610588,46.924842426,18.36074058));
#1743=VERTEX_POINT('',#1742);
#1744=CARTESIAN_POINT('',(-96.0803,46.924842426,18.36074058));
#1745=DIRECTION('',(1.,0.,-0.));
#1746=VECTOR('',#1745,12.819689412);
#1747=LINE('',#1744,#1746);
#1748=EDGE_CURVE('',#1735,#1743,#1747,.T.);
#1749=ORIENTED_EDGE('',*,*,#1748,.T.);
#1750=CARTESIAN_POINT('',(-83.260610588,48.424842426,18.36074058));
#1751=VERTEX_POINT('',#1750);
#1752=CARTESIAN_POINT('',(-83.260610588,46.924842426,18.36074058));
#1753=DIRECTION('',(-0.,1.,0.));
#1754=VECTOR('',#1753,1.5);
#1755=LINE('',#1752,#1754);
#1756=EDGE_CURVE('',#1743,#1751,#1755,.T.);
#1757=ORIENTED_EDGE('',*,*,#1756,.T.);
#1758=CARTESIAN_POINT('',(-84.510610588,48.424842426,18.36074058));
#1759=VERTEX_POINT('',#1758);
#1760=CARTESIAN_POINT('',(-83.260610588,48.424842426,18.36074058));
#1761=DIRECTION('',(-1.,0.,0.));
#1762=VECTOR('',#1761,1.25);
#1763=LINE('',#1760,#1762);
#1764=EDGE_CURVE('',#1751,#1759,#1763,.T.);
#1765=ORIENTED_EDGE('',*,*,#1764,.T.);
#1766=CARTESIAN_POINT('',(-84.510610588,47.824842426,18.36074058));
#1767=VERTEX_POINT('',#1766);
#1768=CARTESIAN_POINT('',(-84.510610588,48.424842426,18.36074058));
#1769=DIRECTION('',(0.,-1.,-0.));
#1770=VECTOR('',#1769,0.6);
#1771=LINE('',#1768,#1770);
#1772=EDGE_CURVE('',#1759,#1767,#1771,.T.);
#1773=ORIENTED_EDGE('',*,*,#1772,.T.);
#1774=CARTESIAN_POINT('',(-86.810610588,47.824842426,18.36074058));
#1775=VERTEX_POINT('',#1774);
#1776=CARTESIAN_POINT('',(-84.510610588,47.824842426,18.36074058));
#1777=DIRECTION('',(-1.,0.,0.));
#1778=VECTOR('',#1777,2.3);
#1779=LINE('',#1776,#1778);
#1780=EDGE_CURVE('',#1767,#1775,#1779,.T.);
#1781=ORIENTED_EDGE('',*,*,#1780,.T.);
#1782=CARTESIAN_POINT('',(-86.810610588,52.024842426,18.36074058));
#1783=VERTEX_POINT('',#1782);
#1784=CARTESIAN_POINT('',(-86.810610588,47.824842426,18.36074058));
#1785=DIRECTION('',(-0.,1.,0.));
#1786=VECTOR('',#1785,4.2);
#1787=LINE('',#1784,#1786);
#1788=EDGE_CURVE('',#1775,#1783,#1787,.T.);
#1789=ORIENTED_EDGE('',*,*,#1788,.T.);
#1790=CARTESIAN_POINT('',(-84.510610588,52.024842426,18.36074058));
#1791=VERTEX_POINT('',#1790);
#1792=CARTESIAN_POINT('',(-84.510610588,52.024842426,18.36074058));
#1793=DIRECTION('',(-1.,-0.,0.));
#1794=VECTOR('',#1793,2.3);
#1795=LINE('',#1792,#1794);
#1796=EDGE_CURVE('',#1791,#1783,#1795,.T.);
#1797=ORIENTED_EDGE('',*,*,#1796,.F.);
#1798=CARTESIAN_POINT('',(-84.510610588,51.424842426,18.36074058));
#1799=VERTEX_POINT('',#1798);
#1800=CARTESIAN_POINT('',(-84.510610588,51.424842426,18.36074058));
#1801=DIRECTION('',(0.,1.,0.));
#1802=VECTOR('',#1801,0.6);
#1803=LINE('',#1800,#1802);
#1804=EDGE_CURVE('',#1799,#1791,#1803,.T.);
#1805=ORIENTED_EDGE('',*,*,#1804,.F.);
#1806=CARTESIAN_POINT('',(-83.260610588,51.424842426,18.36074058));
#1807=VERTEX_POINT('',#1806);
#1808=CARTESIAN_POINT('',(-83.260610588,51.424842426,18.36074058));
#1809=DIRECTION('',(-1.,-0.,0.));
#1810=VECTOR('',#1809,1.25);
#1811=LINE('',#1808,#1810);
#1812=EDGE_CURVE('',#1807,#1799,#1811,.T.);
#1813=ORIENTED_EDGE('',*,*,#1812,.F.);
#1814=CARTESIAN_POINT('',(-83.260610588,51.424842426,18.36074058));
#1815=DIRECTION('',(-0.,1.,0.));
#1816=VECTOR('',#1815,1.5);
#1817=LINE('',#1814,#1816);
#1818=EDGE_CURVE('',#1807,#1725,#1817,.T.);
#1819=ORIENTED_EDGE('',*,*,#1818,.T.);
#1820=EDGE_LOOP('',(#1733,#1741,#1749,#1757,#1765,#1773,#1781,#1789,#1797,#1805,#1813,#1819));
#1821=FACE_BOUND('',#1820,.T.);
#1822=ADVANCED_FACE('',(#1821),#1723,.T.);
#1823=CARTESIAN_POINT('',(0.267500635,53.424842426,17.86074058));
#1824=DIRECTION('',(0.,-0.707106781,-0.707106781));
#1825=DIRECTION('',(1.,0.,0.));
#1826=AXIS2_PLACEMENT_3D('',#1823,#1824,#1825);
#1827=PLANE('',#1826);
#1828=CARTESIAN_POINT('',(-112.131,52.924842426,18.36074058));
#1829=VERTEX_POINT('',#1828);
#1830=CARTESIAN_POINT('',(-141.019799365,52.924842426,18.36074058));
#1831=VERTEX_POINT('',#1830);
#1832=CARTESIAN_POINT('',(-112.131,52.924842426,18.36074058));
#1833=DIRECTION('',(-1.,0.,0.));
#1834=VECTOR('',#1833,28.888799365);
#1835=LINE('',#1832,#1834);
#1836=EDGE_CURVE('',#1829,#1831,#1835,.T.);
#1837=ORIENTED_EDGE('',*,*,#1836,.F.);
#1838=CARTESIAN_POINT('',(-112.131,52.924842426,18.36074058));
#1839=DIRECTION('',(0.577350269,0.577350269,-0.577350269));
#1840=VECTOR('',#1839,0.866025404);
#1841=LINE('',#1838,#1840);
#1842=EDGE_CURVE('',#1829,#331,#1841,.T.);
#1843=ORIENTED_EDGE('',*,*,#1842,.T.);
#1844=ORIENTED_EDGE('',*,*,#336,.F.);
#1845=CARTESIAN_POINT('',(-141.019799365,52.924842426,18.36074058));
#1846=DIRECTION('',(0.,0.707106781,-0.707106781));
#1847=VECTOR('',#1846,0.707106781);
#1848=LINE('',#1845,#1847);
#1849=EDGE_CURVE('',#1831,#323,#1848,.T.);
#1850=ORIENTED_EDGE('',*,*,#1849,.F.);
#1851=EDGE_LOOP('',(#1837,#1843,#1844,#1850));
#1852=FACE_BOUND('',#1851,.T.);
#1853=ADVANCED_FACE('',(#1852),#1827,.F.);
#1854=CARTESIAN_POINT('',(0.267500635,46.424842426,17.86074058));
#1855=DIRECTION('',(0.,-0.707106781,0.707106781));
#1856=DIRECTION('',(1.,0.,0.));
#1857=AXIS2_PLACEMENT_3D('',#1854,#1855,#1856);
#1858=PLANE('',#1857);
#1859=CARTESIAN_POINT('',(-83.260610588,46.924842426,18.36074058));
#1860=DIRECTION('',(0.577350269,-0.577350269,-0.577350269));
#1861=VECTOR('',#1860,0.866025404);
#1862=LINE('',#1859,#1861);
#1863=EDGE_CURVE('',#1743,#103,#1862,.T.);
#1864=ORIENTED_EDGE('',*,*,#1863,.F.);
#1865=ORIENTED_EDGE('',*,*,#1748,.F.);
#1866=CARTESIAN_POINT('',(-96.5803,46.424842426,17.86074058));
#1867=VERTEX_POINT('',#1866);
#1868=CARTESIAN_POINT('',(-96.0803,46.924842426,18.36074058));
#1869=DIRECTION('',(-0.577350269,-0.577350269,-0.577350269));
#1870=VECTOR('',#1869,0.866025404);
#1871=LINE('',#1868,#1870);
#1872=EDGE_CURVE('',#1735,#1867,#1871,.T.);
#1873=ORIENTED_EDGE('',*,*,#1872,.T.);
#1874=CARTESIAN_POINT('',(-82.760610588,46.424842426,17.86074058));
#1875=DIRECTION('',(-1.,0.,0.));
#1876=VECTOR('',#1875,13.819689412);
#1877=LINE('',#1874,#1876);
#1878=EDGE_CURVE('',#103,#1867,#1877,.T.);
#1879=ORIENTED_EDGE('',*,*,#1878,.F.);
#1880=EDGE_LOOP('',(#1864,#1865,#1873,#1879));
#1881=FACE_BOUND('',#1880,.T.);
#1882=ADVANCED_FACE('',(#1881),#1858,.T.);
#1883=CARTESIAN_POINT('',(0.267500635,-50.063257574,17.86074058));
#1884=DIRECTION('',(0.,0.707106781,0.707106781));
#1885=DIRECTION('',(-1.,0.,0.));
#1886=AXIS2_PLACEMENT_3D('',#1883,#1884,#1885);
#1887=PLANE('',#1886);
#1888=CARTESIAN_POINT('',(-116.130999999,-50.563257574,18.36074058));
#1889=VERTEX_POINT('',#1888);
#1890=CARTESIAN_POINT('',(-141.019799365,-50.563257574,18.36074058));
#1891=VERTEX_POINT('',#1890);
#1892=CARTESIAN_POINT('',(-116.130999999,-50.563257574,18.36074058));
#1893=DIRECTION('',(-1.,0.,0.));
#1894=VECTOR('',#1893,24.888799366);
#1895=LINE('',#1892,#1894);
#1896=EDGE_CURVE('',#1889,#1891,#1895,.T.);
#1897=ORIENTED_EDGE('',*,*,#1896,.F.);
#1898=CARTESIAN_POINT('',(-116.130999999,-50.563257574,18.36074058));
#1899=DIRECTION('',(0.577350269,0.577350269,-0.577350269));
#1900=VECTOR('',#1899,0.866025404);
#1901=LINE('',#1898,#1900);
#1902=EDGE_CURVE('',#1889,#1586,#1901,.T.);
#1903=ORIENTED_EDGE('',*,*,#1902,.T.);
#1904=ORIENTED_EDGE('',*,*,#1591,.F.);
#1905=CARTESIAN_POINT('',(-141.019799365,-50.063257574,17.86074058));
#1906=DIRECTION('',(0.,-0.707106781,0.707106781));
#1907=VECTOR('',#1906,0.707106781);
#1908=LINE('',#1905,#1907);
#1909=EDGE_CURVE('',#1578,#1891,#1908,.T.);
#1910=ORIENTED_EDGE('',*,*,#1909,.T.);
#1911=EDGE_LOOP('',(#1897,#1903,#1904,#1910));
#1912=FACE_BOUND('',#1911,.T.);
#1913=ADVANCED_FACE('',(#1912),#1887,.T.);
#1914=CARTESIAN_POINT('',(0.53500127,-1.919207574,18.36074058));
#1915=DIRECTION('',(0.,-0.,1.));
#1916=DIRECTION('',(-1.,0.,0.));
#1917=AXIS2_PLACEMENT_3D('',#1914,#1915,#1916);
#1918=PLANE('',#1917);
#1919=CARTESIAN_POINT('',(-141.019799365,-56.563257574,18.36074058));
#1920=VERTEX_POINT('',#1919);
#1921=CARTESIAN_POINT('',(-116.131,-56.563257574,18.36074058));
#1922=VERTEX_POINT('',#1921);
#1923=CARTESIAN_POINT('',(-141.019799365,-56.563257574,18.36074058));
#1924=DIRECTION('',(1.,0.,-0.));
#1925=VECTOR('',#1924,24.888799365);
#1926=LINE('',#1923,#1925);
#1927=EDGE_CURVE('',#1920,#1922,#1926,.T.);
#1928=ORIENTED_EDGE('',*,*,#1927,.T.);
#1929=CARTESIAN_POINT('',(-116.131,-56.563257574,18.36074058));
#1930=DIRECTION('',(0.,1.,0.));
#1931=VECTOR('',#1930,6.);
#1932=LINE('',#1929,#1931);
#1933=EDGE_CURVE('',#1922,#1889,#1932,.T.);
#1934=ORIENTED_EDGE('',*,*,#1933,.T.);
#1935=ORIENTED_EDGE('',*,*,#1896,.T.);
#1936=CARTESIAN_POINT('',(-143.519799365,-48.063257574,18.36074058));
#1937=VERTEX_POINT('',#1936);
#1938=CARTESIAN_POINT('',(-141.019799365,-48.063257574,18.36074058));
#1939=DIRECTION('',(-0.,0.,-1.));
#1940=DIRECTION('',(1.,0.,0.));
#1941=AXIS2_PLACEMENT_3D('',#1938,#1939,#1940);
#1942=CIRCLE('',#1941,2.5);
#1943=EDGE_CURVE('',#1891,#1937,#1942,.T.);
#1944=ORIENTED_EDGE('',*,*,#1943,.T.);
#1945=CARTESIAN_POINT('',(-143.519799365,44.424842426,18.36074058));
#1946=VERTEX_POINT('',#1945);
#1947=CARTESIAN_POINT('',(-143.519799365,-48.063257574,18.36074058));
#1948=DIRECTION('',(0.,1.,0.));
#1949=VECTOR('',#1948,92.4881);
#1950=LINE('',#1947,#1949);
#1951=EDGE_CURVE('',#1937,#1946,#1950,.T.);
#1952=ORIENTED_EDGE('',*,*,#1951,.T.);
#1953=CARTESIAN_POINT('',(-141.019799365,46.924842426,18.36074058));
#1954=VERTEX_POINT('',#1953);
#1955=CARTESIAN_POINT('',(-141.019799365,44.424842426,18.36074058));
#1956=DIRECTION('',(-0.,0.,-1.));
#1957=DIRECTION('',(1.,0.,0.));
#1958=AXIS2_PLACEMENT_3D('',#1955,#1956,#1957);
#1959=CIRCLE('',#1958,2.5);
#1960=EDGE_CURVE('',#1946,#1954,#1959,.T.);
#1961=ORIENTED_EDGE('',*,*,#1960,.T.);
#1962=CARTESIAN_POINT('',(-112.131,46.924842426,18.36074058));
#1963=VERTEX_POINT('',#1962);
#1964=CARTESIAN_POINT('',(-141.019799365,46.924842426,18.36074058));
#1965=DIRECTION('',(1.,0.,-0.));
#1966=VECTOR('',#1965,28.888799365);
#1967=LINE('',#1964,#1966);
#1968=EDGE_CURVE('',#1954,#1963,#1967,.T.);
#1969=ORIENTED_EDGE('',*,*,#1968,.T.);
#1970=CARTESIAN_POINT('',(-112.131,46.924842426,18.36074058));
#1971=DIRECTION('',(0.,1.,0.));
#1972=VECTOR('',#1971,6.);
#1973=LINE('',#1970,#1972);
#1974=EDGE_CURVE('',#1963,#1829,#1973,.T.);
#1975=ORIENTED_EDGE('',*,*,#1974,.T.);
#1976=ORIENTED_EDGE('',*,*,#1836,.T.);
#1977=CARTESIAN_POINT('',(-145.519799365,48.424842426,18.36074058));
#1978=VERTEX_POINT('',#1977);
#1979=CARTESIAN_POINT('',(-141.019799365,48.424842426,18.36074058));
#1980=DIRECTION('',(0.,-0.,1.));
#1981=DIRECTION('',(1.,0.,0.));
#1982=AXIS2_PLACEMENT_3D('',#1979,#1980,#1981);
#1983=CIRCLE('',#1982,4.5);
#1984=EDGE_CURVE('',#1831,#1978,#1983,.T.);
#1985=ORIENTED_EDGE('',*,*,#1984,.T.);
#1986=CARTESIAN_POINT('',(-145.519799365,-52.063257574,18.36074058));
#1987=VERTEX_POINT('',#1986);
#1988=CARTESIAN_POINT('',(-145.519799365,48.424842426,18.36074058));
#1989=DIRECTION('',(0.,-1.,-0.));
#1990=VECTOR('',#1989,100.4881);
#1991=LINE('',#1988,#1990);
#1992=EDGE_CURVE('',#1978,#1987,#1991,.T.);
#1993=ORIENTED_EDGE('',*,*,#1992,.T.);
#1994=CARTESIAN_POINT('',(-141.019799365,-52.063257574,18.36074058));
#1995=DIRECTION('',(0.,-0.,1.));
#1996=DIRECTION('',(1.,0.,0.));
#1997=AXIS2_PLACEMENT_3D('',#1994,#1995,#1996);
#1998=CIRCLE('',#1997,4.5);
#1999=EDGE_CURVE('',#1987,#1920,#1998,.T.);
#2000=ORIENTED_EDGE('',*,*,#1999,.T.);
#2001=EDGE_LOOP('',(#1928,#1934,#1935,#1944,#1952,#1961,#1969,#1975,#1976,#1985,#1993,#2000));
#2002=FACE_BOUND('',#2001,.T.);
#2003=ADVANCED_FACE('',(#2002),#1918,.T.);
#2004=CARTESIAN_POINT('',(0.53500127,-56.563257574,18.36074058));
#2005=DIRECTION('',(0.,0.707106781,-0.707106781));
#2006=DIRECTION('',(1.,0.,0.));
#2007=AXIS2_PLACEMENT_3D('',#2004,#2005,#2006);
#2008=PLANE('',#2007);
#2009=CARTESIAN_POINT('',(-100.0803,-56.563257574,18.36074058));
#2010=VERTEX_POINT('',#2009);
#2011=CARTESIAN_POINT('',(-83.260610588,-56.563257574,18.36074058));
#2012=VERTEX_POINT('',#2011);
#2013=CARTESIAN_POINT('',(-100.0803,-56.563257574,18.36074058));
#2014=DIRECTION('',(1.,0.,-0.));
#2015=VECTOR('',#2014,16.819689412);
#2016=LINE('',#2013,#2015);
#2017=EDGE_CURVE('',#2010,#2012,#2016,.T.);
#2018=ORIENTED_EDGE('',*,*,#2017,.F.);
#2019=CARTESIAN_POINT('',(-100.5803,-57.063257574,17.86074058));
#2020=VERTEX_POINT('',#2019);
#2021=CARTESIAN_POINT('',(-100.0803,-56.563257574,18.36074058));
#2022=DIRECTION('',(-0.577350269,-0.577350269,-0.577350269));
#2023=VECTOR('',#2022,0.866025404);
#2024=LINE('',#2021,#2023);
#2025=EDGE_CURVE('',#2010,#2020,#2024,.T.);
#2026=ORIENTED_EDGE('',*,*,#2025,.T.);
#2027=CARTESIAN_POINT('',(-82.760610588,-57.063257574,17.86074058));
#2028=VERTEX_POINT('',#2027);
#2029=CARTESIAN_POINT('',(-82.760610588,-57.063257574,17.86074058));
#2030=DIRECTION('',(-1.,0.,0.));
#2031=VECTOR('',#2030,17.819689412);
#2032=LINE('',#2029,#2031);
#2033=EDGE_CURVE('',#2028,#2020,#2032,.T.);
#2034=ORIENTED_EDGE('',*,*,#2033,.F.);
#2035=CARTESIAN_POINT('',(-83.260610588,-56.563257574,18.36074058));
#2036=DIRECTION('',(0.577350269,-0.577350269,-0.577350269));
#2037=VECTOR('',#2036,0.866025404);
#2038=LINE('',#2035,#2037);
#2039=EDGE_CURVE('',#2012,#2028,#2038,.T.);
#2040=ORIENTED_EDGE('',*,*,#2039,.F.);
#2041=EDGE_LOOP('',(#2018,#2026,#2034,#2040));
#2042=FACE_BOUND('',#2041,.T.);
#2043=ADVANCED_FACE('',(#2042),#2008,.F.);
#2044=CARTESIAN_POINT('',(0.267500635,-57.063257574,21.76074058));
#2045=DIRECTION('',(0.,-1.,-0.));
#2046=DIRECTION('',(0.,-0.,1.));
#2047=AXIS2_PLACEMENT_3D('',#2044,#2045,#2046);
#2048=PLANE('',#2047);
#2049=ORIENTED_EDGE('',*,*,#172,.T.);
#2050=CARTESIAN_POINT('',(-81.907057197,-57.063257574,9.41074058));
#2051=VERTEX_POINT('',#2050);
#2052=CARTESIAN_POINT('',(-82.760610588,-57.063257574,8.557187189));
#2053=DIRECTION('',(0.707106781,-0.,0.707106781));
#2054=VECTOR('',#2053,1.207106781);
#2055=LINE('',#2052,#2054);
#2056=EDGE_CURVE('',#157,#2051,#2055,.T.);
#2057=ORIENTED_EDGE('',*,*,#2056,.T.);
#2058=CARTESIAN_POINT('',(-82.760610588,-57.063257574,10.264293971));
#2059=VERTEX_POINT('',#2058);
#2060=CARTESIAN_POINT('',(-81.907057197,-57.063257574,9.41074058));
#2061=DIRECTION('',(-0.707106781,-0.,0.707106781));
#2062=VECTOR('',#2061,1.207106781);
#2063=LINE('',#2060,#2062);
#2064=EDGE_CURVE('',#2051,#2059,#2063,.T.);
#2065=ORIENTED_EDGE('',*,*,#2064,.T.);
#2066=CARTESIAN_POINT('',(-82.760610588,-57.063257574,10.264293971));
#2067=DIRECTION('',(0.,-0.,1.));
#2068=VECTOR('',#2067,7.596446609);
#2069=LINE('',#2066,#2068);
#2070=EDGE_CURVE('',#2059,#2028,#2069,.T.);
#2071=ORIENTED_EDGE('',*,*,#2070,.T.);
#2072=ORIENTED_EDGE('',*,*,#2033,.T.);
#2073=CARTESIAN_POINT('',(-102.2803,-57.063257574,16.16074058));
#2074=VERTEX_POINT('',#2073);
#2075=CARTESIAN_POINT('',(-100.5803,-57.063257574,17.86074058));
#2076=DIRECTION('',(-0.707106781,0.,-0.707106781));
#2077=VECTOR('',#2076,2.404163056);
#2078=LINE('',#2075,#2077);
#2079=EDGE_CURVE('',#2020,#2074,#2078,.T.);
#2080=ORIENTED_EDGE('',*,*,#2079,.T.);
#2081=CARTESIAN_POINT('',(-102.2803,-57.063257574,14.06074062));
#2082=VERTEX_POINT('',#2081);
#2083=CARTESIAN_POINT('',(-102.2803,-57.063257574,16.16074058));
#2084=DIRECTION('',(0.,0.,-1.));
#2085=VECTOR('',#2084,2.09999996);
#2086=LINE('',#2083,#2085);
#2087=EDGE_CURVE('',#2074,#2082,#2086,.T.);
#2088=ORIENTED_EDGE('',*,*,#2087,.T.);
#2089=CARTESIAN_POINT('',(-103.2803,-57.063257574,14.06074062));
#2090=DIRECTION('',(-0.,1.,0.));
#2091=DIRECTION('',(0.,0.,-1.));
#2092=AXIS2_PLACEMENT_3D('',#2089,#2090,#2091);
#2093=CIRCLE('',#2092,1.);
#2094=EDGE_CURVE('',#2082,#419,#2093,.T.);
#2095=ORIENTED_EDGE('',*,*,#2094,.T.);
#2096=ORIENTED_EDGE('',*,*,#424,.T.);
#2097=CARTESIAN_POINT('',(-112.931,-57.063257574,14.06074062));
#2098=DIRECTION('',(-0.,1.,0.));
#2099=DIRECTION('',(0.,0.,-1.));
#2100=AXIS2_PLACEMENT_3D('',#2097,#2098,#2099);
#2101=CIRCLE('',#2100,1.);
#2102=EDGE_CURVE('',#411,#363,#2101,.T.);
#2103=ORIENTED_EDGE('',*,*,#2102,.T.);
#2104=ORIENTED_EDGE('',*,*,#368,.F.);
#2105=CARTESIAN_POINT('',(-115.631,-57.063257574,17.86074058));
#2106=VERTEX_POINT('',#2105);
#2107=CARTESIAN_POINT('',(-113.931,-57.063257574,16.16074058));
#2108=DIRECTION('',(-0.707106781,-0.,0.707106781));
#2109=VECTOR('',#2108,2.404163056);
#2110=LINE('',#2107,#2109);
#2111=EDGE_CURVE('',#361,#2106,#2110,.T.);
#2112=ORIENTED_EDGE('',*,*,#2111,.T.);
#2113=CARTESIAN_POINT('',(-141.019799365,-57.063257574,17.86074058));
#2114=VERTEX_POINT('',#2113);
#2115=CARTESIAN_POINT('',(-115.631,-57.063257574,17.86074058));
#2116=DIRECTION('',(-1.,0.,0.));
#2117=VECTOR('',#2116,25.388799365);
#2118=LINE('',#2115,#2117);
#2119=EDGE_CURVE('',#2106,#2114,#2118,.T.);
#2120=ORIENTED_EDGE('',*,*,#2119,.T.);
#2121=CARTESIAN_POINT('',(-141.019799365,-57.063257574,5.96074058));
#2122=VERTEX_POINT('',#2121);
#2123=CARTESIAN_POINT('',(-141.019799365,-57.063257574,17.86074058));
#2124=DIRECTION('',(-0.,0.,-1.));
#2125=VECTOR('',#2124,11.9);
#2126=LINE('',#2123,#2125);
#2127=EDGE_CURVE('',#2114,#2122,#2126,.T.);
#2128=ORIENTED_EDGE('',*,*,#2127,.T.);
#2129=CARTESIAN_POINT('',(-141.019799365,-57.063257574,5.96074058));
#2130=DIRECTION('',(1.,-0.,-0.));
#2131=VECTOR('',#2130,58.259188777);
#2132=LINE('',#2129,#2131);
#2133=EDGE_CURVE('',#2122,#167,#2132,.T.);
#2134=ORIENTED_EDGE('',*,*,#2133,.T.);
#2135=EDGE_LOOP('',(#2049,#2057,#2065,#2071,#2072,#2080,#2088,#2095,#2096,#2103,#2104,#2112,#2120,#2128,#2134));
#2136=FACE_BOUND('',#2135,.T.);
#2137=ADVANCED_FACE('',(#2136),#2048,.T.);
#2138=CARTESIAN_POINT('',(0.267500635,-50.063257574,17.86074058));
#2139=DIRECTION('',(0.,0.707106781,0.707106781));
#2140=DIRECTION('',(-1.,0.,0.));
#2141=AXIS2_PLACEMENT_3D('',#2138,#2139,#2140);
#2142=PLANE('',#2141);
#2143=ORIENTED_EDGE('',*,*,#1637,.F.);
#2144=CARTESIAN_POINT('',(-100.0803,-50.563257574,18.36074058));
#2145=VERTEX_POINT('',#2144);
#2146=CARTESIAN_POINT('',(-100.5803,-50.063257574,17.86074058));
#2147=DIRECTION('',(0.577350269,-0.577350269,0.577350269));
#2148=VECTOR('',#2147,0.866025404);
#2149=LINE('',#2146,#2148);
#2150=EDGE_CURVE('',#1626,#2145,#2149,.T.);
#2151=ORIENTED_EDGE('',*,*,#2150,.T.);
#2152=CARTESIAN_POINT('',(-83.260610588,-50.563257574,18.36074058));
#2153=VERTEX_POINT('',#2152);
#2154=CARTESIAN_POINT('',(-83.260610588,-50.563257574,18.36074058));
#2155=DIRECTION('',(-1.,0.,0.));
#2156=VECTOR('',#2155,16.819689412);
#2157=LINE('',#2154,#2156);
#2158=EDGE_CURVE('',#2153,#2145,#2157,.T.);
#2159=ORIENTED_EDGE('',*,*,#2158,.F.);
#2160=CARTESIAN_POINT('',(-82.760610588,-50.063257574,17.86074058));
#2161=DIRECTION('',(-0.577350269,-0.577350269,0.577350269));
#2162=VECTOR('',#2161,0.866025404);
#2163=LINE('',#2160,#2162);
#2164=EDGE_CURVE('',#1544,#2153,#2163,.T.);
#2165=ORIENTED_EDGE('',*,*,#2164,.F.);
#2166=EDGE_LOOP('',(#2143,#2151,#2159,#2165));
#2167=FACE_BOUND('',#2166,.T.);
#2168=ADVANCED_FACE('',(#2167),#2142,.T.);
#2169=CARTESIAN_POINT('',(0.53500127,-56.563257574,18.36074058));
#2170=DIRECTION('',(0.,0.707106781,-0.707106781));
#2171=DIRECTION('',(1.,0.,0.));
#2172=AXIS2_PLACEMENT_3D('',#2169,#2170,#2171);
#2173=PLANE('',#2172);
#2174=ORIENTED_EDGE('',*,*,#2119,.F.);
#2175=CARTESIAN_POINT('',(-115.631,-57.063257574,17.86074058));
#2176=DIRECTION('',(-0.577350269,0.577350269,0.577350269));
#2177=VECTOR('',#2176,0.866025404);
#2178=LINE('',#2175,#2177);
#2179=EDGE_CURVE('',#2106,#1922,#2178,.T.);
#2180=ORIENTED_EDGE('',*,*,#2179,.T.);
#2181=ORIENTED_EDGE('',*,*,#1927,.F.);
#2182=CARTESIAN_POINT('',(-141.019799365,-56.563257574,18.36074058));
#2183=DIRECTION('',(0.,-0.707106781,-0.707106781));
#2184=VECTOR('',#2183,0.707106781);
#2185=LINE('',#2182,#2184);
#2186=EDGE_CURVE('',#1920,#2114,#2185,.T.);
#2187=ORIENTED_EDGE('',*,*,#2186,.T.);
#2188=EDGE_LOOP('',(#2174,#2180,#2181,#2187));
#2189=FACE_BOUND('',#2188,.T.);
#2190=ADVANCED_FACE('',(#2189),#2173,.F.);
#2191=CARTESIAN_POINT('',(-146.019799365,-51.263257574,21.76074058));
#2192=DIRECTION('',(-1.,0.,0.));
#2193=DIRECTION('',(0.,0.,-1.));
#2194=AXIS2_PLACEMENT_3D('',#2191,#2192,#2193);
#2195=PLANE('',#2194);
#2196=CARTESIAN_POINT('',(-146.019799365,48.424842426,17.86074058));
#2197=VERTEX_POINT('',#2196);
#2198=CARTESIAN_POINT('',(-146.019799365,48.424790625,5.96074058));
#2199=VERTEX_POINT('',#2198);
#2200=CARTESIAN_POINT('',(-146.019799365,48.424842426,17.86074058));
#2201=DIRECTION('',(0.,0.,-1.));
#2202=VECTOR('',#2201,11.9);
#2203=LINE('',#2200,#2202);
#2204=EDGE_CURVE('',#2197,#2199,#2203,.T.);
#2205=ORIENTED_EDGE('',*,*,#2204,.T.);
#2206=CARTESIAN_POINT('',(-146.019799365,-52.063192257,5.96074058));
#2207=VERTEX_POINT('',#2206);
#2208=CARTESIAN_POINT('',(-146.019799365,48.424790625,5.96074058));
#2209=DIRECTION('',(0.,-1.,-0.));
#2210=VECTOR('',#2209,100.487982882);
#2211=LINE('',#2208,#2210);
#2212=EDGE_CURVE('',#2199,#2207,#2211,.T.);
#2213=ORIENTED_EDGE('',*,*,#2212,.T.);
#2214=CARTESIAN_POINT('',(-146.019799365,-52.063257574,17.86074058));
#2215=VERTEX_POINT('',#2214);
#2216=CARTESIAN_POINT('',(-146.019799365,-52.063257574,5.96074058));
#2217=DIRECTION('',(-0.,-0.,1.));
#2218=VECTOR('',#2217,11.9);
#2219=LINE('',#2216,#2218);
#2220=EDGE_CURVE('',#2207,#2215,#2219,.T.);
#2221=ORIENTED_EDGE('',*,*,#2220,.T.);
#2222=CARTESIAN_POINT('',(-146.019799365,-52.063257574,17.86074058));
#2223=DIRECTION('',(0.,1.,0.));
#2224=VECTOR('',#2223,100.4881);
#2225=LINE('',#2222,#2224);
#2226=EDGE_CURVE('',#2215,#2197,#2225,.T.);
#2227=ORIENTED_EDGE('',*,*,#2226,.T.);
#2228=EDGE_LOOP('',(#2205,#2213,#2221,#2227));
#2229=FACE_BOUND('',#2228,.T.);
#2230=CARTESIAN_POINT('',(-146.019799365,-44.497182574,10.27074058));
#2231=VERTEX_POINT('',#2230);
#2232=CARTESIAN_POINT('',(-146.019799365,-44.497182574,7.57074058));
#2233=VERTEX_POINT('',#2232);
#2234=CARTESIAN_POINT('',(-146.019799365,-44.497182574,10.27074058));
#2235=DIRECTION('',(0.,0.,-1.));
#2236=VECTOR('',#2235,2.7);
#2237=LINE('',#2234,#2236);
#2238=EDGE_CURVE('',#2231,#2233,#2237,.T.);
#2239=ORIENTED_EDGE('',*,*,#2238,.T.);
#2240=CARTESIAN_POINT('',(-146.019799365,-12.897182574,7.57074058));
#2241=VERTEX_POINT('',#2240);
#2242=CARTESIAN_POINT('',(-146.019799365,-44.497182574,7.57074058));
#2243=DIRECTION('',(-0.,1.,0.));
#2244=VECTOR('',#2243,31.6);
#2245=LINE('',#2242,#2244);
#2246=EDGE_CURVE('',#2233,#2241,#2245,.T.);
#2247=ORIENTED_EDGE('',*,*,#2246,.T.);
#2248=CARTESIAN_POINT('',(-146.019799365,-12.897182574,10.27074058));
#2249=VERTEX_POINT('',#2248);
#2250=CARTESIAN_POINT('',(-146.019799365,-12.897182574,7.57074058));
#2251=DIRECTION('',(-0.,-0.,1.));
#2252=VECTOR('',#2251,2.7);
#2253=LINE('',#2250,#2252);
#2254=EDGE_CURVE('',#2241,#2249,#2253,.T.);
#2255=ORIENTED_EDGE('',*,*,#2254,.T.);
#2256=CARTESIAN_POINT('',(-146.019799365,-12.897182574,10.27074058));
#2257=DIRECTION('',(0.,-1.,-0.));
#2258=VECTOR('',#2257,31.6);
#2259=LINE('',#2256,#2258);
#2260=EDGE_CURVE('',#2249,#2231,#2259,.T.);
#2261=ORIENTED_EDGE('',*,*,#2260,.T.);
#2262=EDGE_LOOP('',(#2239,#2247,#2255,#2261));
#2263=FACE_BOUND('',#2262,.T.);
#2264=CARTESIAN_POINT('',(-146.019799365,9.002817426,10.27074058));
#2265=VERTEX_POINT('',#2264);
#2266=CARTESIAN_POINT('',(-146.019799365,9.002817426,7.57074058));
#2267=VERTEX_POINT('',#2266);
#2268=CARTESIAN_POINT('',(-146.019799365,9.002817426,10.27074058));
#2269=DIRECTION('',(0.,0.,-1.));
#2270=VECTOR('',#2269,2.7);
#2271=LINE('',#2268,#2270);
#2272=EDGE_CURVE('',#2265,#2267,#2271,.T.);
#2273=ORIENTED_EDGE('',*,*,#2272,.T.);
#2274=CARTESIAN_POINT('',(-146.019799365,40.602817426,7.57074058));
#2275=VERTEX_POINT('',#2274);
#2276=CARTESIAN_POINT('',(-146.019799365,9.002817426,7.57074058));
#2277=DIRECTION('',(-0.,1.,0.));
#2278=VECTOR('',#2277,31.6);
#2279=LINE('',#2276,#2278);
#2280=EDGE_CURVE('',#2267,#2275,#2279,.T.);
#2281=ORIENTED_EDGE('',*,*,#2280,.T.);
#2282=CARTESIAN_POINT('',(-146.019799365,40.602817426,10.27074058));
#2283=VERTEX_POINT('',#2282);
#2284=CARTESIAN_POINT('',(-146.019799365,40.602817426,7.57074058));
#2285=DIRECTION('',(-0.,-0.,1.));
#2286=VECTOR('',#2285,2.7);
#2287=LINE('',#2284,#2286);
#2288=EDGE_CURVE('',#2275,#2283,#2287,.T.);
#2289=ORIENTED_EDGE('',*,*,#2288,.T.);
#2290=CARTESIAN_POINT('',(-146.019799365,40.602817426,10.27074058));
#2291=DIRECTION('',(0.,-1.,-0.));
#2292=VECTOR('',#2291,31.6);
#2293=LINE('',#2290,#2292);
#2294=EDGE_CURVE('',#2283,#2265,#2293,.T.);
#2295=ORIENTED_EDGE('',*,*,#2294,.T.);
#2296=EDGE_LOOP('',(#2273,#2281,#2289,#2295));
#2297=FACE_BOUND('',#2296,.T.);
#2298=ADVANCED_FACE('',(#2229,#2263,#2297),#2195,.T.);
#2299=CARTESIAN_POINT('',(0.53500127,-1.919207574,18.36074058));
#2300=DIRECTION('',(0.,-0.,1.));
#2301=DIRECTION('',(-1.,0.,0.));
#2302=AXIS2_PLACEMENT_3D('',#2299,#2300,#2301);
#2303=PLANE('',#2302);
#2304=ORIENTED_EDGE('',*,*,#2158,.T.);
#2305=CARTESIAN_POINT('',(-100.0803,-50.563257574,18.36074058));
#2306=DIRECTION('',(0.,-1.,-0.));
#2307=VECTOR('',#2306,6.);
#2308=LINE('',#2305,#2307);
#2309=EDGE_CURVE('',#2145,#2010,#2308,.T.);
#2310=ORIENTED_EDGE('',*,*,#2309,.T.);
#2311=ORIENTED_EDGE('',*,*,#2017,.T.);
#2312=CARTESIAN_POINT('',(-83.260610588,-55.063257574,18.36074058));
#2313=VERTEX_POINT('',#2312);
#2314=CARTESIAN_POINT('',(-83.260610588,-56.563257574,18.36074058));
#2315=DIRECTION('',(-0.,1.,0.));
#2316=VECTOR('',#2315,1.5);
#2317=LINE('',#2314,#2316);
#2318=EDGE_CURVE('',#2012,#2313,#2317,.T.);
#2319=ORIENTED_EDGE('',*,*,#2318,.T.);
#2320=CARTESIAN_POINT('',(-84.510610588,-55.063257574,18.36074058));
#2321=VERTEX_POINT('',#2320);
#2322=CARTESIAN_POINT('',(-83.260610588,-55.063257574,18.36074058));
#2323=DIRECTION('',(-1.,0.,0.));
#2324=VECTOR('',#2323,1.25);
#2325=LINE('',#2322,#2324);
#2326=EDGE_CURVE('',#2313,#2321,#2325,.T.);
#2327=ORIENTED_EDGE('',*,*,#2326,.T.);
#2328=CARTESIAN_POINT('',(-84.510610588,-55.663257574,18.36074058));
#2329=VERTEX_POINT('',#2328);
#2330=CARTESIAN_POINT('',(-84.510610588,-55.063257574,18.36074058));
#2331=DIRECTION('',(0.,-1.,-0.));
#2332=VECTOR('',#2331,0.6);
#2333=LINE('',#2330,#2332);
#2334=EDGE_CURVE('',#2321,#2329,#2333,.T.);
#2335=ORIENTED_EDGE('',*,*,#2334,.T.);
#2336=CARTESIAN_POINT('',(-88.810610588,-55.663257574,18.36074058));
#2337=VERTEX_POINT('',#2336);
#2338=CARTESIAN_POINT('',(-88.810610588,-55.663257574,18.36074058));
#2339=DIRECTION('',(1.,0.,-0.));
#2340=VECTOR('',#2339,4.3);
#2341=LINE('',#2338,#2340);
#2342=EDGE_CURVE('',#2337,#2329,#2341,.T.);
#2343=ORIENTED_EDGE('',*,*,#2342,.F.);
#2344=CARTESIAN_POINT('',(-88.810610588,-51.463257574,18.36074058));
#2345=VERTEX_POINT('',#2344);
#2346=CARTESIAN_POINT('',(-88.810610588,-51.463257574,18.36074058));
#2347=DIRECTION('',(-0.,-1.,-0.));
#2348=VECTOR('',#2347,4.2);
#2349=LINE('',#2346,#2348);
#2350=EDGE_CURVE('',#2345,#2337,#2349,.T.);
#2351=ORIENTED_EDGE('',*,*,#2350,.F.);
#2352=CARTESIAN_POINT('',(-84.510610588,-51.463257574,18.36074058));
#2353=VERTEX_POINT('',#2352);
#2354=CARTESIAN_POINT('',(-84.510610588,-51.463257574,18.36074058));
#2355=DIRECTION('',(-1.,-0.,0.));
#2356=VECTOR('',#2355,4.3);
#2357=LINE('',#2354,#2356);
#2358=EDGE_CURVE('',#2353,#2345,#2357,.T.);
#2359=ORIENTED_EDGE('',*,*,#2358,.F.);
#2360=CARTESIAN_POINT('',(-84.510610588,-52.063257574,18.36074058));
#2361=VERTEX_POINT('',#2360);
#2362=CARTESIAN_POINT('',(-84.510610588,-52.063257574,18.36074058));
#2363=DIRECTION('',(0.,1.,0.));
#2364=VECTOR('',#2363,0.6);
#2365=LINE('',#2362,#2364);
#2366=EDGE_CURVE('',#2361,#2353,#2365,.T.);
#2367=ORIENTED_EDGE('',*,*,#2366,.F.);
#2368=CARTESIAN_POINT('',(-83.260610588,-52.063257574,18.36074058));
#2369=VERTEX_POINT('',#2368);
#2370=CARTESIAN_POINT('',(-83.260610588,-52.063257574,18.36074058));
#2371=DIRECTION('',(-1.,-0.,0.));
#2372=VECTOR('',#2371,1.25);
#2373=LINE('',#2370,#2372);
#2374=EDGE_CURVE('',#2369,#2361,#2373,.T.);
#2375=ORIENTED_EDGE('',*,*,#2374,.F.);
#2376=CARTESIAN_POINT('',(-83.260610588,-52.063257574,18.36074058));
#2377=DIRECTION('',(-0.,1.,0.));
#2378=VECTOR('',#2377,1.5);
#2379=LINE('',#2376,#2378);
#2380=EDGE_CURVE('',#2369,#2153,#2379,.T.);
#2381=ORIENTED_EDGE('',*,*,#2380,.T.);
#2382=EDGE_LOOP('',(#2304,#2310,#2311,#2319,#2327,#2335,#2343,#2351,#2359,#2367,#2375,#2381));
#2383=FACE_BOUND('',#2382,.T.);
#2384=ADVANCED_FACE('',(#2383),#2303,.T.);
#2385=CARTESIAN_POINT('',(-80.760610588,-7.507274278,6.765418366));
#2386=DIRECTION('',(0.,0.766044443,0.64278761));
#2387=DIRECTION('',(0.,-0.64278761,0.766044443));
#2388=AXIS2_PLACEMENT_3D('',#2385,#2386,#2387);
#2389=PLANE('',#2388);
#2390=ORIENTED_EDGE('',*,*,#1482,.T.);
#2391=ORIENTED_EDGE('',*,*,#1533,.T.);
#2392=ORIENTED_EDGE('',*,*,#1527,.T.);
#2393=CARTESIAN_POINT('',(-82.760610588,-6.832069444,5.96074058));
#2394=DIRECTION('',(0.608120402,-0.510273606,0.608120402));
#2395=VECTOR('',#2394,3.288822398);
#2396=LINE('',#2393,#2395);
#2397=EDGE_CURVE('',#135,#1477,#2396,.T.);
#2398=ORIENTED_EDGE('',*,*,#2397,.T.);
#2399=EDGE_LOOP('',(#2390,#2391,#2392,#2398));
#2400=FACE_BOUND('',#2399,.T.);
#2401=ADVANCED_FACE('',(#2400),#2389,.F.);
#2402=CARTESIAN_POINT('',(-82.760610588,-5.904644437,-0.13925942));
#2403=DIRECTION('',(-1.,0.,0.));
#2404=DIRECTION('',(0.,-0.,1.));
#2405=AXIS2_PLACEMENT_3D('',#2402,#2403,#2404);
#2406=PLANE('',#2405);
#2407=CARTESIAN_POINT('',(-82.760610588,-52.063257574,17.86074058));
#2408=VERTEX_POINT('',#2407);
#2409=CARTESIAN_POINT('',(-82.760610588,-52.063257574,10.264293971));
#2410=VERTEX_POINT('',#2409);
#2411=CARTESIAN_POINT('',(-82.760610588,-52.063257574,17.86074058));
#2412=DIRECTION('',(-0.,0.,-1.));
#2413=VECTOR('',#2412,7.596446609);
#2414=LINE('',#2411,#2413);
#2415=EDGE_CURVE('',#2408,#2410,#2414,.T.);
#2416=ORIENTED_EDGE('',*,*,#2415,.T.);
#2417=CARTESIAN_POINT('',(-82.760610588,-52.063257574,10.264293971));
#2418=DIRECTION('',(-0.,1.,-0.));
#2419=VECTOR('',#2418,2.);
#2420=LINE('',#2417,#2419);
#2421=EDGE_CURVE('',#2410,#1546,#2420,.T.);
#2422=ORIENTED_EDGE('',*,*,#2421,.T.);
#2423=ORIENTED_EDGE('',*,*,#1551,.F.);
#2424=CARTESIAN_POINT('',(-82.760610588,-50.063257574,17.86074058));
#2425=DIRECTION('',(-0.,-1.,-0.));
#2426=VECTOR('',#2425,2.);
#2427=LINE('',#2424,#2426);
#2428=EDGE_CURVE('',#1544,#2408,#2427,.T.);
#2429=ORIENTED_EDGE('',*,*,#2428,.T.);
#2430=EDGE_LOOP('',(#2416,#2422,#2423,#2429));
#2431=FACE_BOUND('',#2430,.T.);
#2432=ADVANCED_FACE('',(#2431),#2406,.F.);
#2433=CARTESIAN_POINT('',(-83.260610588,-0.719207574,18.36074058));
#2434=DIRECTION('',(0.707106781,-0.,0.707106781));
#2435=DIRECTION('',(-0.,-1.,-0.));
#2436=AXIS2_PLACEMENT_3D('',#2433,#2434,#2435);
#2437=PLANE('',#2436);
#2438=CARTESIAN_POINT('',(-82.760610588,51.424842426,17.86074058));
#2439=VERTEX_POINT('',#2438);
#2440=CARTESIAN_POINT('',(-82.760610588,53.424842426,17.86074058));
#2441=DIRECTION('',(-0.,-1.,-0.));
#2442=VECTOR('',#2441,2.);
#2443=LINE('',#2440,#2442);
#2444=EDGE_CURVE('',#249,#2439,#2443,.T.);
#2445=ORIENTED_EDGE('',*,*,#2444,.F.);
#2446=CARTESIAN_POINT('',(-82.760610588,53.424842426,17.86074058));
#2447=DIRECTION('',(-0.577350269,-0.577350269,0.577350269));
#2448=VECTOR('',#2447,0.866025404);
#2449=LINE('',#2446,#2448);
#2450=EDGE_CURVE('',#249,#1725,#2449,.T.);
#2451=ORIENTED_EDGE('',*,*,#2450,.T.);
#2452=ORIENTED_EDGE('',*,*,#1818,.F.);
#2453=CARTESIAN_POINT('',(-83.260610588,51.424842426,18.36074058));
#2454=DIRECTION('',(0.707106781,0.,-0.707106781));
#2455=VECTOR('',#2454,0.707106781);
#2456=LINE('',#2453,#2455);
#2457=EDGE_CURVE('',#1807,#2439,#2456,.T.);
#2458=ORIENTED_EDGE('',*,*,#2457,.T.);
#2459=EDGE_LOOP('',(#2445,#2451,#2452,#2458));
#2460=FACE_BOUND('',#2459,.T.);
#2461=ADVANCED_FACE('',(#2460),#2437,.T.);
#2462=CARTESIAN_POINT('',(-82.760610588,-4.904644437,-0.13925942));
#2463=DIRECTION('',(-1.,0.,0.));
#2464=DIRECTION('',(0.,-0.,1.));
#2465=AXIS2_PLACEMENT_3D('',#2462,#2463,#2464);
#2466=PLANE('',#2465);
#2467=CARTESIAN_POINT('',(-82.760610588,51.424842426,17.86074058));
#2468=DIRECTION('',(-0.,0.,-1.));
#2469=VECTOR('',#2468,12.4);
#2470=LINE('',#2467,#2469);
#2471=EDGE_CURVE('',#2439,#1255,#2470,.T.);
#2472=ORIENTED_EDGE('',*,*,#2471,.T.);
#2473=ORIENTED_EDGE('',*,*,#1260,.T.);
#2474=ORIENTED_EDGE('',*,*,#1714,.F.);
#2475=ORIENTED_EDGE('',*,*,#262,.T.);
#2476=ORIENTED_EDGE('',*,*,#2444,.T.);
#2477=EDGE_LOOP('',(#2472,#2473,#2474,#2475,#2476));
#2478=FACE_BOUND('',#2477,.T.);
#2479=ADVANCED_FACE('',(#2478),#2466,.F.);
#2480=CARTESIAN_POINT('',(0.267500635,46.424842426,21.76074058));
#2481=DIRECTION('',(0.,1.,0.));
#2482=DIRECTION('',(0.,-0.,1.));
#2483=AXIS2_PLACEMENT_3D('',#2480,#2481,#2482);
#2484=PLANE('',#2483);
#2485=CARTESIAN_POINT('',(-117.25,46.424842426,10.86074058));
#2486=VERTEX_POINT('',#2485);
#2487=CARTESIAN_POINT('',(-117.25,46.424842426,7.96074058));
#2488=VERTEX_POINT('',#2487);
#2489=CARTESIAN_POINT('',(-117.25,46.424842426,10.86074058));
#2490=DIRECTION('',(0.,0.,-1.));
#2491=VECTOR('',#2490,2.9);
#2492=LINE('',#2489,#2491);
#2493=EDGE_CURVE('',#2486,#2488,#2492,.T.);
#2494=ORIENTED_EDGE('',*,*,#2493,.T.);
#2495=CARTESIAN_POINT('',(-117.25,46.424842426,7.96074058));
#2496=DIRECTION('',(1.,0.,-0.));
#2497=VECTOR('',#2496,32.489417197);
#2498=LINE('',#2495,#2497);
#2499=EDGE_CURVE('',#2488,#1440,#2498,.T.);
#2500=ORIENTED_EDGE('',*,*,#2499,.T.);
#2501=ORIENTED_EDGE('',*,*,#1503,.F.);
#2502=ORIENTED_EDGE('',*,*,#116,.F.);
#2503=ORIENTED_EDGE('',*,*,#1878,.T.);
#2504=CARTESIAN_POINT('',(-98.2803,46.424842426,16.16074058));
#2505=DIRECTION('',(0.707106781,-0.,0.707106781));
#2506=VECTOR('',#2505,2.404163056);
#2507=LINE('',#2504,#2506);
#2508=EDGE_CURVE('',#450,#1867,#2507,.T.);
#2509=ORIENTED_EDGE('',*,*,#2508,.F.);
#2510=ORIENTED_EDGE('',*,*,#455,.T.);
#2511=CARTESIAN_POINT('',(-99.2803,46.424842426,13.060740594));
#2512=VERTEX_POINT('',#2511);
#2513=CARTESIAN_POINT('',(-99.2803,46.424842426,14.060740594));
#2514=DIRECTION('',(0.,1.,0.));
#2515=DIRECTION('',(0.,-0.,1.));
#2516=AXIS2_PLACEMENT_3D('',#2513,#2514,#2515);
#2517=CIRCLE('',#2516,1.);
#2518=EDGE_CURVE('',#442,#2512,#2517,.T.);
#2519=ORIENTED_EDGE('',*,*,#2518,.T.);
#2520=CARTESIAN_POINT('',(-108.931,46.424842426,13.060740594));
#2521=VERTEX_POINT('',#2520);
#2522=CARTESIAN_POINT('',(-108.931,46.424842426,13.060740594));
#2523=DIRECTION('',(1.,0.,-0.));
#2524=VECTOR('',#2523,9.6507);
#2525=LINE('',#2522,#2524);
#2526=EDGE_CURVE('',#2521,#2512,#2525,.T.);
#2527=ORIENTED_EDGE('',*,*,#2526,.F.);
#2528=CARTESIAN_POINT('',(-108.931,46.424842426,14.060740594));
#2529=DIRECTION('',(0.,1.,0.));
#2530=DIRECTION('',(0.,-0.,1.));
#2531=AXIS2_PLACEMENT_3D('',#2528,#2529,#2530);
#2532=CIRCLE('',#2531,1.);
#2533=EDGE_CURVE('',#2521,#472,#2532,.T.);
#2534=ORIENTED_EDGE('',*,*,#2533,.T.);
#2535=ORIENTED_EDGE('',*,*,#492,.F.);
#2536=CARTESIAN_POINT('',(-111.631,46.424842426,17.86074058));
#2537=VERTEX_POINT('',#2536);
#2538=CARTESIAN_POINT('',(-109.931,46.424842426,16.16074058));
#2539=DIRECTION('',(-0.707106781,-0.,0.707106781));
#2540=VECTOR('',#2539,2.404163056);
#2541=LINE('',#2538,#2540);
#2542=EDGE_CURVE('',#481,#2537,#2541,.T.);
#2543=ORIENTED_EDGE('',*,*,#2542,.T.);
#2544=CARTESIAN_POINT('',(-141.019799365,46.424842426,17.86074058));
#2545=VERTEX_POINT('',#2544);
#2546=CARTESIAN_POINT('',(-111.631,46.424842426,17.86074058));
#2547=DIRECTION('',(-1.,0.,0.));
#2548=VECTOR('',#2547,29.388799365);
#2549=LINE('',#2546,#2548);
#2550=EDGE_CURVE('',#2537,#2545,#2549,.T.);
#2551=ORIENTED_EDGE('',*,*,#2550,.T.);
#2552=CARTESIAN_POINT('',(-141.019799365,46.424842426,7.96074058));
#2553=VERTEX_POINT('',#2552);
#2554=CARTESIAN_POINT('',(-141.019799365,46.424842426,17.86074058));
#2555=DIRECTION('',(-0.,0.,-1.));
#2556=VECTOR('',#2555,9.9);
#2557=LINE('',#2554,#2556);
#2558=EDGE_CURVE('',#2545,#2553,#2557,.T.);
#2559=ORIENTED_EDGE('',*,*,#2558,.T.);
#2560=CARTESIAN_POINT('',(-130.65,46.424842426,7.96074058));
#2561=VERTEX_POINT('',#2560);
#2562=CARTESIAN_POINT('',(-141.019799365,46.424842426,7.96074058));
#2563=DIRECTION('',(1.,0.,-0.));
#2564=VECTOR('',#2563,10.369799365);
#2565=LINE('',#2562,#2564);
#2566=EDGE_CURVE('',#2553,#2561,#2565,.T.);
#2567=ORIENTED_EDGE('',*,*,#2566,.T.);
#2568=CARTESIAN_POINT('',(-130.65,46.424842426,10.86074058));
#2569=VERTEX_POINT('',#2568);
#2570=CARTESIAN_POINT('',(-130.65,46.424842426,7.96074058));
#2571=DIRECTION('',(0.,-0.,1.));
#2572=VECTOR('',#2571,2.9);
#2573=LINE('',#2570,#2572);
#2574=EDGE_CURVE('',#2561,#2569,#2573,.T.);
#2575=ORIENTED_EDGE('',*,*,#2574,.T.);
#2576=CARTESIAN_POINT('',(-127.65,46.424842426,13.86074058));
#2577=VERTEX_POINT('',#2576);
#2578=CARTESIAN_POINT('',(-127.65,46.424842426,10.86074058));
#2579=DIRECTION('',(0.,1.,0.));
#2580=DIRECTION('',(0.,-0.,1.));
#2581=AXIS2_PLACEMENT_3D('',#2578,#2579,#2580);
#2582=CIRCLE('',#2581,3.);
#2583=EDGE_CURVE('',#2569,#2577,#2582,.T.);
#2584=ORIENTED_EDGE('',*,*,#2583,.T.);
#2585=CARTESIAN_POINT('',(-120.25,46.424842426,13.86074058));
#2586=VERTEX_POINT('',#2585);
#2587=CARTESIAN_POINT('',(-127.65,46.424842426,13.86074058));
#2588=DIRECTION('',(1.,0.,-0.));
#2589=VECTOR('',#2588,7.4);
#2590=LINE('',#2587,#2589);
#2591=EDGE_CURVE('',#2577,#2586,#2590,.T.);
#2592=ORIENTED_EDGE('',*,*,#2591,.T.);
#2593=CARTESIAN_POINT('',(-120.25,46.424842426,10.86074058));
#2594=DIRECTION('',(0.,1.,0.));
#2595=DIRECTION('',(0.,-0.,1.));
#2596=AXIS2_PLACEMENT_3D('',#2593,#2594,#2595);
#2597=CIRCLE('',#2596,3.);
#2598=EDGE_CURVE('',#2586,#2486,#2597,.T.);
#2599=ORIENTED_EDGE('',*,*,#2598,.T.);
#2600=EDGE_LOOP('',(#2494,#2500,#2501,#2502,#2503,#2509,#2510,#2519,#2527,#2534,#2535,#2543,#2551,#2559,#2567,#2575,#2584,#2592,#2599));
#2601=FACE_BOUND('',#2600,.T.);
#2602=ADVANCED_FACE('',(#2601),#2484,.F.);
#2603=CARTESIAN_POINT('',(-118.25,49.210904475,9.56074058));
#2604=DIRECTION('',(1.,0.,0.));
#2605=DIRECTION('',(0.,0.,-1.));
#2606=AXIS2_PLACEMENT_3D('',#2603,#2604,#2605);
#2607=PLANE('',#2606);
#2608=CARTESIAN_POINT('',(-118.25,52.924842426,10.86074058));
#2609=VERTEX_POINT('',#2608);
#2610=CARTESIAN_POINT('',(-118.25,52.924842426,10.86074058));
#2611=DIRECTION('',(0.,0.,-1.));
#2612=VECTOR('',#2611,5.4);
#2613=LINE('',#2610,#2612);
#2614=EDGE_CURVE('',#2609,#1239,#2613,.T.);
#2615=ORIENTED_EDGE('',*,*,#2614,.T.);
#2616=ORIENTED_EDGE('',*,*,#1244,.T.);
#2617=CARTESIAN_POINT('',(-118.25,39.424842426,6.46074058));
#2618=VERTEX_POINT('',#2617);
#2619=CARTESIAN_POINT('',(-118.25,39.424842426,5.46074058));
#2620=DIRECTION('',(-0.,-0.,1.));
#2621=VECTOR('',#2620,1.);
#2622=LINE('',#2619,#2621);
#2623=EDGE_CURVE('',#1230,#2618,#2622,.T.);
#2624=ORIENTED_EDGE('',*,*,#2623,.T.);
#2625=CARTESIAN_POINT('',(-118.25,46.934944478,6.46074058));
#2626=VERTEX_POINT('',#2625);
#2627=CARTESIAN_POINT('',(-118.25,39.424842426,6.46074058));
#2628=DIRECTION('',(0.,1.,0.));
#2629=VECTOR('',#2628,7.510102051);
#2630=LINE('',#2627,#2629);
#2631=EDGE_CURVE('',#2618,#2626,#2630,.T.);
#2632=ORIENTED_EDGE('',*,*,#2631,.T.);
#2633=CARTESIAN_POINT('',(-118.25,47.424842426,6.950638529));
#2634=VERTEX_POINT('',#2633);
#2635=CARTESIAN_POINT('',(-118.25,46.934944478,6.46074058));
#2636=DIRECTION('',(0.,0.707106781,0.707106781));
#2637=VECTOR('',#2636,0.692820323);
#2638=LINE('',#2635,#2637);
#2639=EDGE_CURVE('',#2626,#2634,#2638,.T.);
#2640=ORIENTED_EDGE('',*,*,#2639,.T.);
#2641=CARTESIAN_POINT('',(-118.25,47.424842426,10.86074058));
#2642=VERTEX_POINT('',#2641);
#2643=CARTESIAN_POINT('',(-118.25,47.424842426,6.950638529));
#2644=DIRECTION('',(0.,-0.,1.));
#2645=VECTOR('',#2644,3.910102051);
#2646=LINE('',#2643,#2645);
#2647=EDGE_CURVE('',#2634,#2642,#2646,.T.);
#2648=ORIENTED_EDGE('',*,*,#2647,.T.);
#2649=CARTESIAN_POINT('',(-118.25,47.424842426,10.86074058));
#2650=DIRECTION('',(0.,1.,0.));
#2651=VECTOR('',#2650,5.5);
#2652=LINE('',#2649,#2651);
#2653=EDGE_CURVE('',#2642,#2609,#2652,.T.);
#2654=ORIENTED_EDGE('',*,*,#2653,.T.);
#2655=EDGE_LOOP('',(#2615,#2616,#2624,#2632,#2640,#2648,#2654));
#2656=FACE_BOUND('',#2655,.T.);
#2657=ADVANCED_FACE('',(#2656),#2607,.F.);
#2658=CARTESIAN_POINT('',(-141.019799365,44.424842426,21.76074058));
#2659=DIRECTION('',(0.,-0.,1.));
#2660=DIRECTION('',(1.,0.,0.));
#2661=AXIS2_PLACEMENT_3D('',#2658,#2659,#2660);
#2662=CYLINDRICAL_SURFACE('',#2661,2.);
#2663=CARTESIAN_POINT('',(-143.019799365,44.424842426,7.96074058));
#2664=VERTEX_POINT('',#2663);
#2665=CARTESIAN_POINT('',(-143.019799365,44.424842426,17.86074058));
#2666=VERTEX_POINT('',#2665);
#2667=CARTESIAN_POINT('',(-143.019799365,44.424842426,7.96074058));
#2668=DIRECTION('',(-0.,-0.,1.));
#2669=VECTOR('',#2668,9.9);
#2670=LINE('',#2667,#2669);
#2671=EDGE_CURVE('',#2664,#2666,#2670,.T.);
#2672=ORIENTED_EDGE('',*,*,#2671,.F.);
#2673=CARTESIAN_POINT('',(-141.019799365,44.424842426,7.96074058));
#2674=DIRECTION('',(-0.,-0.,-1.));
#2675=DIRECTION('',(1.,0.,-0.));
#2676=AXIS2_PLACEMENT_3D('',#2673,#2674,#2675);
#2677=CIRCLE('',#2676,2.);
#2678=EDGE_CURVE('',#2664,#2553,#2677,.T.);
#2679=ORIENTED_EDGE('',*,*,#2678,.T.);
#2680=ORIENTED_EDGE('',*,*,#2558,.F.);
#2681=CARTESIAN_POINT('',(-141.019799365,44.424842426,17.86074058));
#2682=DIRECTION('',(0.,-0.,1.));
#2683=DIRECTION('',(0.,-1.,-0.));
#2684=AXIS2_PLACEMENT_3D('',#2681,#2682,#2683);
#2685=CIRCLE('',#2684,2.);
#2686=EDGE_CURVE('',#2545,#2666,#2685,.T.);
#2687=ORIENTED_EDGE('',*,*,#2686,.T.);
#2688=EDGE_LOOP('',(#2672,#2679,#2680,#2687));
#2689=FACE_BOUND('',#2688,.T.);
#2690=ADVANCED_FACE('',(#2689),#2662,.F.);
#2691=CARTESIAN_POINT('',(-83.777838082,46.434546845,11.06074058));
#2692=DIRECTION('',(0.,-1.,-0.));
#2693=DIRECTION('',(1.,0.,0.));
#2694=AXIS2_PLACEMENT_3D('',#2691,#2692,#2693);
#2695=PLANE('',#2694);
#2696=CARTESIAN_POINT('',(-80.760610588,46.434546845,7.96074058));
#2697=DIRECTION('',(-0.707106781,0.,-0.707106781));
#2698=VECTOR('',#2697,2.828427125);
#2699=LINE('',#2696,#2698);
#2700=EDGE_CURVE('',#1485,#127,#2699,.T.);
#2701=ORIENTED_EDGE('',*,*,#2700,.T.);
#2702=ORIENTED_EDGE('',*,*,#132,.F.);
#2703=ORIENTED_EDGE('',*,*,#1496,.F.);
#2704=EDGE_LOOP('',(#2701,#2702,#2703));
#2705=FACE_BOUND('',#2704,.T.);
#2706=ADVANCED_FACE('',(#2705),#2695,.F.);
#2707=CARTESIAN_POINT('',(-143.019799365,-1.819207574,21.76074058));
#2708=DIRECTION('',(-1.,0.,0.));
#2709=DIRECTION('',(0.,0.,-1.));
#2710=AXIS2_PLACEMENT_3D('',#2707,#2708,#2709);
#2711=PLANE('',#2710);
#2712=CARTESIAN_POINT('',(-143.019799365,-48.063257574,17.86074058));
#2713=VERTEX_POINT('',#2712);
#2714=CARTESIAN_POINT('',(-143.019799365,-48.063257574,7.96074058));
#2715=VERTEX_POINT('',#2714);
#2716=CARTESIAN_POINT('',(-143.019799365,-48.063257574,17.86074058));
#2717=DIRECTION('',(0.,0.,-1.));
#2718=VECTOR('',#2717,9.9);
#2719=LINE('',#2716,#2718);
#2720=EDGE_CURVE('',#2713,#2715,#2719,.T.);
#2721=ORIENTED_EDGE('',*,*,#2720,.T.);
#2722=CARTESIAN_POINT('',(-143.019799365,-48.063257574,7.96074058));
#2723=DIRECTION('',(0.,1.,0.));
#2724=VECTOR('',#2723,92.4881);
#2725=LINE('',#2722,#2724);
#2726=EDGE_CURVE('',#2715,#2664,#2725,.T.);
#2727=ORIENTED_EDGE('',*,*,#2726,.T.);
#2728=ORIENTED_EDGE('',*,*,#2671,.T.);
#2729=CARTESIAN_POINT('',(-143.019799365,44.424842426,17.86074058));
#2730=DIRECTION('',(0.,-1.,-0.));
#2731=VECTOR('',#2730,92.4881);
#2732=LINE('',#2729,#2731);
#2733=EDGE_CURVE('',#2666,#2713,#2732,.T.);
#2734=ORIENTED_EDGE('',*,*,#2733,.T.);
#2735=EDGE_LOOP('',(#2721,#2727,#2728,#2734));
#2736=FACE_BOUND('',#2735,.T.);
#2737=ADVANCED_FACE('',(#2736),#2711,.F.);
#2738=CARTESIAN_POINT('',(-141.019799365,48.424842426,21.76074058));
#2739=DIRECTION('',(0.,-0.,1.));
#2740=DIRECTION('',(1.,0.,0.));
#2741=AXIS2_PLACEMENT_3D('',#2738,#2739,#2740);
#2742=CYLINDRICAL_SURFACE('',#2741,5.);
#2743=CARTESIAN_POINT('',(-141.019799365,48.424842426,17.86074058));
#2744=DIRECTION('',(0.,0.,-1.));
#2745=DIRECTION('',(0.,1.,0.));
#2746=AXIS2_PLACEMENT_3D('',#2743,#2744,#2745);
#2747=CIRCLE('',#2746,5.);
#2748=EDGE_CURVE('',#2197,#323,#2747,.T.);
#2749=ORIENTED_EDGE('',*,*,#2748,.T.);
#2750=ORIENTED_EDGE('',*,*,#328,.F.);
#2751=CARTESIAN_POINT('',(-141.019799365,48.424842426,5.96074058));
#2752=DIRECTION('',(0.,-0.,1.));
#2753=DIRECTION('',(1.,0.,0.));
#2754=AXIS2_PLACEMENT_3D('',#2751,#2752,#2753);
#2755=CIRCLE('',#2754,5.);
#2756=EDGE_CURVE('',#315,#2199,#2755,.T.);
#2757=ORIENTED_EDGE('',*,*,#2756,.T.);
#2758=ORIENTED_EDGE('',*,*,#2204,.F.);
#2759=EDGE_LOOP('',(#2749,#2750,#2757,#2758));
#2760=FACE_BOUND('',#2759,.T.);
#2761=ADVANCED_FACE('',(#2760),#2742,.T.);
#2762=CARTESIAN_POINT('',(-145.519799365,-1.719207574,5.46074058));
#2763=DIRECTION('',(-0.707106781,0.,-0.707106781));
#2764=DIRECTION('',(-0.,-1.,-0.));
#2765=AXIS2_PLACEMENT_3D('',#2762,#2763,#2764);
#2766=PLANE('',#2765);
#2767=CARTESIAN_POINT('',(-145.519799365,-52.063192257,5.46074058));
#2768=DIRECTION('',(-0.707106781,-0.,0.707106781));
#2769=VECTOR('',#2768,0.707106782);
#2770=LINE('',#2767,#2769);
#2771=EDGE_CURVE('',#1381,#2207,#2770,.T.);
#2772=ORIENTED_EDGE('',*,*,#2771,.T.);
#2773=ORIENTED_EDGE('',*,*,#2212,.F.);
#2774=CARTESIAN_POINT('',(-145.519799365,48.424795618,5.46074058));
#2775=DIRECTION('',(-0.707106781,-0.,0.707106781));
#2776=VECTOR('',#2775,0.707106781);
#2777=LINE('',#2774,#2776);
#2778=EDGE_CURVE('',#1390,#2199,#2777,.T.);
#2779=ORIENTED_EDGE('',*,*,#2778,.F.);
#2780=ORIENTED_EDGE('',*,*,#1395,.F.);
#2781=EDGE_LOOP('',(#2772,#2773,#2779,#2780));
#2782=FACE_BOUND('',#2781,.T.);
#2783=ADVANCED_FACE('',(#2782),#2766,.T.);
#2784=CARTESIAN_POINT('',(-117.75,49.174842426,12.86074058));
#2785=DIRECTION('',(0.,-0.,1.));
#2786=DIRECTION('',(1.,0.,0.));
#2787=AXIS2_PLACEMENT_3D('',#2784,#2785,#2786);
#2788=PLANE('',#2787);
#2789=CARTESIAN_POINT('',(-120.25,52.924842426,12.86074058));
#2790=VERTEX_POINT('',#2789);
#2791=CARTESIAN_POINT('',(-120.25,47.424842426,12.86074058));
#2792=VERTEX_POINT('',#2791);
#2793=CARTESIAN_POINT('',(-120.25,52.924842426,12.86074058));
#2794=DIRECTION('',(-0.,-1.,-0.));
#2795=VECTOR('',#2794,5.5);
#2796=LINE('',#2793,#2795);
#2797=EDGE_CURVE('',#2790,#2792,#2796,.T.);
#2798=ORIENTED_EDGE('',*,*,#2797,.T.);
#2799=CARTESIAN_POINT('',(-127.65,47.424842426,12.86074058));
#2800=VERTEX_POINT('',#2799);
#2801=CARTESIAN_POINT('',(-120.25,47.424842426,12.86074058));
#2802=DIRECTION('',(-1.,0.,0.));
#2803=VECTOR('',#2802,7.4);
#2804=LINE('',#2801,#2803);
#2805=EDGE_CURVE('',#2792,#2800,#2804,.T.);
#2806=ORIENTED_EDGE('',*,*,#2805,.T.);
#2807=CARTESIAN_POINT('',(-127.65,52.924842426,12.86074058));
#2808=VERTEX_POINT('',#2807);
#2809=CARTESIAN_POINT('',(-127.65,47.424842426,12.86074058));
#2810=DIRECTION('',(0.,1.,0.));
#2811=VECTOR('',#2810,5.5);
#2812=LINE('',#2809,#2811);
#2813=EDGE_CURVE('',#2800,#2808,#2812,.T.);
#2814=ORIENTED_EDGE('',*,*,#2813,.T.);
#2815=CARTESIAN_POINT('',(-127.65,52.924842426,12.86074058));
#2816=DIRECTION('',(1.,0.,-0.));
#2817=VECTOR('',#2816,7.4);
#2818=LINE('',#2815,#2817);
#2819=EDGE_CURVE('',#2808,#2790,#2818,.T.);
#2820=ORIENTED_EDGE('',*,*,#2819,.T.);
#2821=EDGE_LOOP('',(#2798,#2806,#2814,#2820));
#2822=FACE_BOUND('',#2821,.T.);
#2823=ADVANCED_FACE('',(#2822),#2788,.F.);
#2824=CARTESIAN_POINT('',(-120.25,49.210904475,10.86074058));
#2825=DIRECTION('',(0.,-1.,-0.));
#2826=DIRECTION('',(0.,0.,-1.));
#2827=AXIS2_PLACEMENT_3D('',#2824,#2825,#2826);
#2828=CYLINDRICAL_SURFACE('',#2827,2.);
#2829=ORIENTED_EDGE('',*,*,#2653,.F.);
#2830=CARTESIAN_POINT('',(-120.25,47.424842426,10.86074058));
#2831=DIRECTION('',(-0.,-1.,-0.));
#2832=DIRECTION('',(0.,-0.,1.));
#2833=AXIS2_PLACEMENT_3D('',#2830,#2831,#2832);
#2834=CIRCLE('',#2833,2.);
#2835=EDGE_CURVE('',#2642,#2792,#2834,.T.);
#2836=ORIENTED_EDGE('',*,*,#2835,.T.);
#2837=ORIENTED_EDGE('',*,*,#2797,.F.);
#2838=CARTESIAN_POINT('',(-120.25,52.924842426,10.86074058));
#2839=DIRECTION('',(0.,1.,0.));
#2840=DIRECTION('',(0.,-0.,1.));
#2841=AXIS2_PLACEMENT_3D('',#2838,#2839,#2840);
#2842=CIRCLE('',#2841,2.);
#2843=EDGE_CURVE('',#2790,#2609,#2842,.T.);
#2844=ORIENTED_EDGE('',*,*,#2843,.T.);
#2845=EDGE_LOOP('',(#2829,#2836,#2837,#2844));
#2846=FACE_BOUND('',#2845,.T.);
#2847=ADVANCED_FACE('',(#2846),#2828,.F.);
#2848=CARTESIAN_POINT('',(-127.65,49.174842426,10.86074058));
#2849=DIRECTION('',(0.,-1.,-0.));
#2850=DIRECTION('',(0.,0.,-1.));
#2851=AXIS2_PLACEMENT_3D('',#2848,#2849,#2850);
#2852=CYLINDRICAL_SURFACE('',#2851,2.);
#2853=ORIENTED_EDGE('',*,*,#2813,.F.);
#2854=CARTESIAN_POINT('',(-127.65,47.424842426,10.86074058));
#2855=DIRECTION('',(-0.,-1.,-0.));
#2856=DIRECTION('',(0.,-0.,1.));
#2857=AXIS2_PLACEMENT_3D('',#2854,#2855,#2856);
#2858=CIRCLE('',#2857,2.);
#2859=EDGE_CURVE('',#2800,#1648,#2858,.T.);
#2860=ORIENTED_EDGE('',*,*,#2859,.T.);
#2861=ORIENTED_EDGE('',*,*,#1692,.F.);
#2862=CARTESIAN_POINT('',(-127.65,52.924842426,10.86074058));
#2863=DIRECTION('',(0.,1.,0.));
#2864=DIRECTION('',(0.,-0.,1.));
#2865=AXIS2_PLACEMENT_3D('',#2862,#2863,#2864);
#2866=CIRCLE('',#2865,2.);
#2867=EDGE_CURVE('',#1681,#2808,#2866,.T.);
#2868=ORIENTED_EDGE('',*,*,#2867,.T.);
#2869=EDGE_LOOP('',(#2853,#2860,#2861,#2868));
#2870=FACE_BOUND('',#2869,.T.);
#2871=ADVANCED_FACE('',(#2870),#2852,.F.);
#2872=CARTESIAN_POINT('',(-143.519799365,9.002817426,9.69074058));
#2873=DIRECTION('',(0.,1.,0.));
#2874=DIRECTION('',(-1.,0.,0.));
#2875=AXIS2_PLACEMENT_3D('',#2872,#2873,#2874);
#2876=PLANE('',#2875);
#2877=CARTESIAN_POINT('',(-143.319799365,9.002817426,7.57074058));
#2878=VERTEX_POINT('',#2877);
#2879=CARTESIAN_POINT('',(-146.019799365,9.002817426,10.27074058));
#2880=DIRECTION('',(0.707106781,0.,-0.707106781));
#2881=VECTOR('',#2880,3.818376618);
#2882=LINE('',#2879,#2881);
#2883=EDGE_CURVE('',#2265,#2878,#2882,.T.);
#2884=ORIENTED_EDGE('',*,*,#2883,.T.);
#2885=CARTESIAN_POINT('',(-143.319799365,9.002817426,7.57074058));
#2886=DIRECTION('',(-1.,0.,0.));
#2887=VECTOR('',#2886,2.7);
#2888=LINE('',#2885,#2887);
#2889=EDGE_CURVE('',#2878,#2267,#2888,.T.);
#2890=ORIENTED_EDGE('',*,*,#2889,.T.);
#2891=ORIENTED_EDGE('',*,*,#2272,.F.);
#2892=EDGE_LOOP('',(#2884,#2890,#2891));
#2893=FACE_BOUND('',#2892,.T.);
#2894=ADVANCED_FACE('',(#2893),#2876,.T.);
#2895=CARTESIAN_POINT('',(-143.519799365,40.602817426,9.69074058));
#2896=DIRECTION('',(0.,-1.,-0.));
#2897=DIRECTION('',(1.,0.,0.));
#2898=AXIS2_PLACEMENT_3D('',#2895,#2896,#2897);
#2899=PLANE('',#2898);
#2900=CARTESIAN_POINT('',(-143.319799365,40.602817426,7.57074058));
#2901=VERTEX_POINT('',#2900);
#2902=CARTESIAN_POINT('',(-143.319799365,40.602817426,7.57074058));
#2903=DIRECTION('',(-0.707106781,-0.,0.707106781));
#2904=VECTOR('',#2903,3.818376618);
#2905=LINE('',#2902,#2904);
#2906=EDGE_CURVE('',#2901,#2283,#2905,.T.);
#2907=ORIENTED_EDGE('',*,*,#2906,.T.);
#2908=ORIENTED_EDGE('',*,*,#2288,.F.);
#2909=CARTESIAN_POINT('',(-143.319799365,40.602817426,7.57074058));
#2910=DIRECTION('',(-1.,-0.,0.));
#2911=VECTOR('',#2910,2.7);
#2912=LINE('',#2909,#2911);
#2913=EDGE_CURVE('',#2901,#2275,#2912,.T.);
#2914=ORIENTED_EDGE('',*,*,#2913,.F.);
#2915=EDGE_LOOP('',(#2907,#2908,#2914));
#2916=FACE_BOUND('',#2915,.T.);
#2917=ADVANCED_FACE('',(#2916),#2899,.T.);
#2918=CARTESIAN_POINT('',(-143.519799365,24.702817426,7.57074058));
#2919=DIRECTION('',(0.,-0.,1.));
#2920=DIRECTION('',(1.,0.,0.));
#2921=AXIS2_PLACEMENT_3D('',#2918,#2919,#2920);
#2922=PLANE('',#2921);
#2923=ORIENTED_EDGE('',*,*,#2280,.F.);
#2924=ORIENTED_EDGE('',*,*,#2889,.F.);
#2925=CARTESIAN_POINT('',(-143.319799365,9.002817426,7.57074058));
#2926=DIRECTION('',(0.,1.,0.));
#2927=VECTOR('',#2926,31.6);
#2928=LINE('',#2925,#2927);
#2929=EDGE_CURVE('',#2878,#2901,#2928,.T.);
#2930=ORIENTED_EDGE('',*,*,#2929,.T.);
#2931=ORIENTED_EDGE('',*,*,#2913,.T.);
#2932=EDGE_LOOP('',(#2923,#2924,#2930,#2931));
#2933=FACE_BOUND('',#2932,.T.);
#2934=ADVANCED_FACE('',(#2933),#2922,.T.);
#2935=CARTESIAN_POINT('',(-146.119799365,24.702817426,10.37074058));
#2936=DIRECTION('',(-0.707106781,0.,-0.707106781));
#2937=DIRECTION('',(0.,1.,0.));
#2938=AXIS2_PLACEMENT_3D('',#2935,#2936,#2937);
#2939=PLANE('',#2938);
#2940=ORIENTED_EDGE('',*,*,#2294,.F.);
#2941=ORIENTED_EDGE('',*,*,#2906,.F.);
#2942=ORIENTED_EDGE('',*,*,#2929,.F.);
#2943=ORIENTED_EDGE('',*,*,#2883,.F.);
#2944=EDGE_LOOP('',(#2940,#2941,#2942,#2943));
#2945=FACE_BOUND('',#2944,.T.);
#2946=ADVANCED_FACE('',(#2945),#2939,.T.);
#2947=CARTESIAN_POINT('',(-141.019799365,48.424842426,5.96074058));
#2948=DIRECTION('',(0.,-0.,1.));
#2949=DIRECTION('',(1.,0.,0.));
#2950=AXIS2_PLACEMENT_3D('',#2947,#2948,#2949);
#2951=CONICAL_SURFACE('',#2950,5.,44.999999949);
#2952=ORIENTED_EDGE('',*,*,#2778,.T.);
#2953=ORIENTED_EDGE('',*,*,#2756,.F.);
#2954=CARTESIAN_POINT('',(-141.019799365,52.924842426,5.46074058));
#2955=DIRECTION('',(0.,0.707106781,0.707106781));
#2956=VECTOR('',#2955,0.707106782);
#2957=LINE('',#2954,#2956);
#2958=EDGE_CURVE('',#1398,#315,#2957,.T.);
#2959=ORIENTED_EDGE('',*,*,#2958,.F.);
#2960=ORIENTED_EDGE('',*,*,#1404,.F.);
#2961=EDGE_LOOP('',(#2952,#2953,#2959,#2960));
#2962=FACE_BOUND('',#2961,.T.);
#2963=ADVANCED_FACE('',(#2962),#2951,.T.);
#2964=CARTESIAN_POINT('',(-80.760610588,-1.719207574,7.96074058));
#2965=DIRECTION('',(0.707106781,0.,-0.707106781));
#2966=DIRECTION('',(0.,-1.,-0.));
#2967=AXIS2_PLACEMENT_3D('',#2964,#2965,#2966);
#2968=PLANE('',#2967);
#2969=ORIENTED_EDGE('',*,*,#1490,.F.);
#2970=ORIENTED_EDGE('',*,*,#2397,.F.);
#2971=ORIENTED_EDGE('',*,*,#140,.T.);
#2972=ORIENTED_EDGE('',*,*,#2700,.F.);
#2973=EDGE_LOOP('',(#2969,#2970,#2971,#2972));
#2974=FACE_BOUND('',#2973,.T.);
#2975=ADVANCED_FACE('',(#2974),#2968,.T.);
#2976=CARTESIAN_POINT('',(-83.260610588,-1.719207574,18.36074058));
#2977=DIRECTION('',(0.707106781,-0.,0.707106781));
#2978=DIRECTION('',(-0.,-1.,-0.));
#2979=AXIS2_PLACEMENT_3D('',#2976,#2977,#2978);
#2980=PLANE('',#2979);
#2981=ORIENTED_EDGE('',*,*,#1756,.F.);
#2982=ORIENTED_EDGE('',*,*,#1863,.T.);
#2983=ORIENTED_EDGE('',*,*,#108,.F.);
#2984=CARTESIAN_POINT('',(-83.260610588,48.424842426,18.36074058));
#2985=DIRECTION('',(0.707106781,0.,-0.707106781));
#2986=VECTOR('',#2985,0.707106781);
#2987=LINE('',#2984,#2986);
#2988=EDGE_CURVE('',#1751,#95,#2987,.T.);
#2989=ORIENTED_EDGE('',*,*,#2988,.F.);
#2990=EDGE_LOOP('',(#2981,#2982,#2983,#2989));
#2991=FACE_BOUND('',#2990,.T.);
#2992=ADVANCED_FACE('',(#2991),#2980,.T.);
#2993=CARTESIAN_POINT('',(0.53500127,52.924842426,5.46074058));
#2994=DIRECTION('',(0.,0.707106781,-0.707106781));
#2995=DIRECTION('',(-1.,0.,0.));
#2996=AXIS2_PLACEMENT_3D('',#2993,#2994,#2995);
#2997=PLANE('',#2996);
#2998=ORIENTED_EDGE('',*,*,#320,.F.);
#2999=CARTESIAN_POINT('',(-130.15,53.424842426,5.96074058));
#3000=DIRECTION('',(0.577350269,-0.577350269,-0.577350269));
#3001=VECTOR('',#3000,0.866025404);
#3002=LINE('',#2999,#3001);
#3003=EDGE_CURVE('',#307,#1407,#3002,.T.);
#3004=ORIENTED_EDGE('',*,*,#3003,.T.);
#3005=ORIENTED_EDGE('',*,*,#1412,.F.);
#3006=ORIENTED_EDGE('',*,*,#2958,.T.);
#3007=EDGE_LOOP('',(#2998,#3004,#3005,#3006));
#3008=FACE_BOUND('',#3007,.T.);
#3009=ADVANCED_FACE('',(#3008),#2997,.T.);
#3010=CARTESIAN_POINT('',(-83.885610588,48.424842426,0.46074058));
#3011=DIRECTION('',(0.,1.,0.));
#3012=DIRECTION('',(0.,-0.,1.));
#3013=AXIS2_PLACEMENT_3D('',#3010,#3011,#3012);
#3014=PLANE('',#3013);
#3015=CARTESIAN_POINT('',(-84.510610588,48.424842426,5.46074058));
#3016=DIRECTION('',(0.,-0.,1.));
#3017=VECTOR('',#3016,12.9);
#3018=LINE('',#3015,#3017);
#3019=EDGE_CURVE('',#1303,#1759,#3018,.T.);
#3020=ORIENTED_EDGE('',*,*,#3019,.T.);
#3021=ORIENTED_EDGE('',*,*,#1764,.F.);
#3022=ORIENTED_EDGE('',*,*,#2988,.T.);
#3023=ORIENTED_EDGE('',*,*,#100,.F.);
#3024=ORIENTED_EDGE('',*,*,#1314,.T.);
#3025=EDGE_LOOP('',(#3020,#3021,#3022,#3023,#3024));
#3026=FACE_BOUND('',#3025,.T.);
#3027=ADVANCED_FACE('',(#3026),#3014,.T.);
#3028=CARTESIAN_POINT('',(-83.885610588,51.424842426,0.46074058));
#3029=DIRECTION('',(0.,1.,0.));
#3030=DIRECTION('',(0.,-0.,1.));
#3031=AXIS2_PLACEMENT_3D('',#3028,#3029,#3030);
#3032=PLANE('',#3031);
#3033=ORIENTED_EDGE('',*,*,#1812,.T.);
#3034=CARTESIAN_POINT('',(-84.510610588,51.424842426,5.46074058));
#3035=DIRECTION('',(-0.,-0.,1.));
#3036=VECTOR('',#3035,12.9);
#3037=LINE('',#3034,#3036);
#3038=EDGE_CURVE('',#1263,#1799,#3037,.T.);
#3039=ORIENTED_EDGE('',*,*,#3038,.F.);
#3040=ORIENTED_EDGE('',*,*,#1268,.F.);
#3041=ORIENTED_EDGE('',*,*,#2471,.F.);
#3042=ORIENTED_EDGE('',*,*,#2457,.F.);
#3043=EDGE_LOOP('',(#3033,#3039,#3040,#3041,#3042));
#3044=FACE_BOUND('',#3043,.T.);
#3045=ADVANCED_FACE('',(#3044),#3032,.F.);
#3046=CARTESIAN_POINT('',(-84.510610588,51.724842426,0.46074058));
#3047=DIRECTION('',(1.,0.,0.));
#3048=DIRECTION('',(0.,0.,-1.));
#3049=AXIS2_PLACEMENT_3D('',#3046,#3047,#3048);
#3050=PLANE('',#3049);
#3051=ORIENTED_EDGE('',*,*,#1804,.T.);
#3052=CARTESIAN_POINT('',(-84.510610588,52.024842426,5.46074058));
#3053=DIRECTION('',(0.,-0.,1.));
#3054=VECTOR('',#3053,12.9);
#3055=LINE('',#3052,#3054);
#3056=EDGE_CURVE('',#1271,#1791,#3055,.T.);
#3057=ORIENTED_EDGE('',*,*,#3056,.F.);
#3058=ORIENTED_EDGE('',*,*,#1276,.F.);
#3059=ORIENTED_EDGE('',*,*,#3038,.T.);
#3060=EDGE_LOOP('',(#3051,#3057,#3058,#3059));
#3061=FACE_BOUND('',#3060,.T.);
#3062=ADVANCED_FACE('',(#3061),#3050,.F.);
#3063=CARTESIAN_POINT('',(-85.660610588,52.024842426,0.46074058));
#3064=DIRECTION('',(0.,1.,0.));
#3065=DIRECTION('',(0.,-0.,1.));
#3066=AXIS2_PLACEMENT_3D('',#3063,#3064,#3065);
#3067=PLANE('',#3066);
#3068=ORIENTED_EDGE('',*,*,#1796,.T.);
#3069=CARTESIAN_POINT('',(-86.810610588,52.024842426,5.46074058));
#3070=DIRECTION('',(-0.,-0.,1.));
#3071=VECTOR('',#3070,12.9);
#3072=LINE('',#3069,#3071);
#3073=EDGE_CURVE('',#1279,#1783,#3072,.T.);
#3074=ORIENTED_EDGE('',*,*,#3073,.F.);
#3075=ORIENTED_EDGE('',*,*,#1284,.F.);
#3076=ORIENTED_EDGE('',*,*,#3056,.T.);
#3077=EDGE_LOOP('',(#3068,#3074,#3075,#3076));
#3078=FACE_BOUND('',#3077,.T.);
#3079=ADVANCED_FACE('',(#3078),#3067,.F.);
#3080=CARTESIAN_POINT('',(-86.810610588,49.424842426,0.46074058));
#3081=DIRECTION('',(1.,0.,0.));
#3082=DIRECTION('',(0.,0.,-1.));
#3083=AXIS2_PLACEMENT_3D('',#3080,#3081,#3082);
#3084=PLANE('',#3083);
#3085=CARTESIAN_POINT('',(-86.810610588,47.824842426,18.36074058));
#3086=DIRECTION('',(0.,0.,-1.));
#3087=VECTOR('',#3086,12.9);
#3088=LINE('',#3085,#3087);
#3089=EDGE_CURVE('',#1775,#1287,#3088,.T.);
#3090=ORIENTED_EDGE('',*,*,#3089,.T.);
#3091=ORIENTED_EDGE('',*,*,#1292,.T.);
#3092=ORIENTED_EDGE('',*,*,#3073,.T.);
#3093=ORIENTED_EDGE('',*,*,#1788,.F.);
#3094=EDGE_LOOP('',(#3090,#3091,#3092,#3093));
#3095=FACE_BOUND('',#3094,.T.);
#3096=ADVANCED_FACE('',(#3095),#3084,.T.);
#3097=CARTESIAN_POINT('',(-85.660610588,47.824842426,0.46074058));
#3098=DIRECTION('',(0.,1.,0.));
#3099=DIRECTION('',(0.,-0.,1.));
#3100=AXIS2_PLACEMENT_3D('',#3097,#3098,#3099);
#3101=PLANE('',#3100);
#3102=ORIENTED_EDGE('',*,*,#1780,.F.);
#3103=CARTESIAN_POINT('',(-84.510610588,47.824842426,5.46074058));
#3104=DIRECTION('',(0.,-0.,1.));
#3105=VECTOR('',#3104,12.9);
#3106=LINE('',#3103,#3105);
#3107=EDGE_CURVE('',#1295,#1767,#3106,.T.);
#3108=ORIENTED_EDGE('',*,*,#3107,.F.);
#3109=ORIENTED_EDGE('',*,*,#1300,.T.);
#3110=ORIENTED_EDGE('',*,*,#3089,.F.);
#3111=EDGE_LOOP('',(#3102,#3108,#3109,#3110));
#3112=FACE_BOUND('',#3111,.T.);
#3113=ADVANCED_FACE('',(#3112),#3101,.T.);
#3114=CARTESIAN_POINT('',(-84.510610588,48.124842426,0.46074058));
#3115=DIRECTION('',(-1.,0.,0.));
#3116=DIRECTION('',(0.,-0.,1.));
#3117=AXIS2_PLACEMENT_3D('',#3114,#3115,#3116);
#3118=PLANE('',#3117);
#3119=ORIENTED_EDGE('',*,*,#1772,.F.);
#3120=ORIENTED_EDGE('',*,*,#3019,.F.);
#3121=ORIENTED_EDGE('',*,*,#1308,.T.);
#3122=ORIENTED_EDGE('',*,*,#3107,.T.);
#3123=EDGE_LOOP('',(#3119,#3120,#3121,#3122));
#3124=FACE_BOUND('',#3123,.T.);
#3125=ADVANCED_FACE('',(#3124),#3118,.T.);
#3126=CARTESIAN_POINT('',(-83.260610588,-2.919207574,18.36074058));
#3127=DIRECTION('',(0.707106781,-0.,0.707106781));
#3128=DIRECTION('',(-0.,-1.,-0.));
#3129=AXIS2_PLACEMENT_3D('',#3126,#3127,#3128);
#3130=PLANE('',#3129);
#3131=ORIENTED_EDGE('',*,*,#2318,.F.);
#3132=ORIENTED_EDGE('',*,*,#2039,.T.);
#3133=CARTESIAN_POINT('',(-82.760610588,-55.063257574,17.86074058));
#3134=VERTEX_POINT('',#3133);
#3135=CARTESIAN_POINT('',(-82.760610588,-55.063257574,17.86074058));
#3136=DIRECTION('',(-0.,-1.,-0.));
#3137=VECTOR('',#3136,2.);
#3138=LINE('',#3135,#3137);
#3139=EDGE_CURVE('',#3134,#2028,#3138,.T.);
#3140=ORIENTED_EDGE('',*,*,#3139,.F.);
#3141=CARTESIAN_POINT('',(-83.260610588,-55.063257574,18.36074058));
#3142=DIRECTION('',(0.707106781,0.,-0.707106781));
#3143=VECTOR('',#3142,0.707106781);
#3144=LINE('',#3141,#3143);
#3145=EDGE_CURVE('',#2313,#3134,#3144,.T.);
#3146=ORIENTED_EDGE('',*,*,#3145,.F.);
#3147=EDGE_LOOP('',(#3131,#3132,#3140,#3146));
#3148=FACE_BOUND('',#3147,.T.);
#3149=ADVANCED_FACE('',(#3148),#3130,.T.);
#3150=CARTESIAN_POINT('',(-86.810610588,-53.063257574,-0.33925942));
#3151=DIRECTION('',(-1.,0.,0.));
#3152=DIRECTION('',(0.,-0.,1.));
#3153=AXIS2_PLACEMENT_3D('',#3150,#3151,#3152);
#3154=PLANE('',#3153);
#3155=CARTESIAN_POINT('',(-86.810610588,-55.663257574,9.36074058));
#3156=VERTEX_POINT('',#3155);
#3157=CARTESIAN_POINT('',(-86.810610588,-55.663257574,9.36074058));
#3158=DIRECTION('',(-0.,0.,-1.));
#3159=VECTOR('',#3158,3.9);
#3160=LINE('',#3157,#3159);
#3161=EDGE_CURVE('',#3156,#1342,#3160,.T.);
#3162=ORIENTED_EDGE('',*,*,#3161,.T.);
#3163=ORIENTED_EDGE('',*,*,#1347,.F.);
#3164=CARTESIAN_POINT('',(-86.810610588,-51.463257574,9.36074058));
#3165=VERTEX_POINT('',#3164);
#3166=CARTESIAN_POINT('',(-86.810610588,-51.463257574,5.46074058));
#3167=DIRECTION('',(0.,-0.,1.));
#3168=VECTOR('',#3167,3.9);
#3169=LINE('',#3166,#3168);
#3170=EDGE_CURVE('',#1334,#3165,#3169,.T.);
#3171=ORIENTED_EDGE('',*,*,#3170,.T.);
#3172=CARTESIAN_POINT('',(-86.810610588,-51.463257574,9.36074058));
#3173=DIRECTION('',(-0.,-1.,-0.));
#3174=VECTOR('',#3173,4.2);
#3175=LINE('',#3172,#3174);
#3176=EDGE_CURVE('',#3165,#3156,#3175,.T.);
#3177=ORIENTED_EDGE('',*,*,#3176,.T.);
#3178=EDGE_LOOP('',(#3162,#3163,#3171,#3177));
#3179=FACE_BOUND('',#3178,.T.);
#3180=ADVANCED_FACE('',(#3179),#3154,.F.);
#3181=CARTESIAN_POINT('',(-90.193920374,-44.116112266,7.06074058));
#3182=DIRECTION('',(0.,-0.,1.));
#3183=DIRECTION('',(1.,0.,0.));
#3184=AXIS2_PLACEMENT_3D('',#3181,#3182,#3183);
#3185=PLANE('',#3184);
#3186=CARTESIAN_POINT('',(-92.756240233,-40.116112542,7.06074058));
#3187=VERTEX_POINT('',#3186);
#3188=CARTESIAN_POINT('',(-91.086673155,-40.116112542,7.06074058));
#3189=VERTEX_POINT('',#3188);
#3190=CARTESIAN_POINT('',(-92.756240233,-40.116112542,7.06074058));
#3191=DIRECTION('',(1.,0.,-0.));
#3192=VECTOR('',#3191,1.669567078);
#3193=LINE('',#3190,#3192);
#3194=EDGE_CURVE('',#3187,#3189,#3193,.T.);
#3195=ORIENTED_EDGE('',*,*,#3194,.F.);
#3196=CARTESIAN_POINT('',(-92.744643405,-48.11611199,7.06074058));
#3197=VERTEX_POINT('',#3196);
#3198=CARTESIAN_POINT('',(-92.744643405,-48.11611199,7.06074058));
#3199=DIRECTION('',(-0.001449602,0.999998949,0.));
#3200=VECTOR('',#3199,8.000007853);
#3201=LINE('',#3198,#3200);
#3202=EDGE_CURVE('',#3197,#3187,#3201,.T.);
#3203=ORIENTED_EDGE('',*,*,#3202,.F.);
#3204=CARTESIAN_POINT('',(-87.631600514,-48.11611199,7.06074058));
#3205=VERTEX_POINT('',#3204);
#3206=CARTESIAN_POINT('',(-87.631600514,-48.11611199,7.06074058));
#3207=DIRECTION('',(-1.,-0.,0.));
#3208=VECTOR('',#3207,5.113042891);
#3209=LINE('',#3206,#3208);
#3210=EDGE_CURVE('',#3205,#3197,#3209,.T.);
#3211=ORIENTED_EDGE('',*,*,#3210,.F.);
#3212=CARTESIAN_POINT('',(-87.631600514,-46.608865124,7.06074058));
#3213=VERTEX_POINT('',#3212);
#3214=CARTESIAN_POINT('',(-87.631600514,-46.608865124,7.06074058));
#3215=DIRECTION('',(-0.,-1.,-0.));
#3216=VECTOR('',#3215,1.507246866);
#3217=LINE('',#3214,#3216);
#3218=EDGE_CURVE('',#3213,#3205,#3217,.T.);
#3219=ORIENTED_EDGE('',*,*,#3218,.F.);
#3220=CARTESIAN_POINT('',(-91.086673155,-46.608865124,7.06074058));
#3221=VERTEX_POINT('',#3220);
#3222=CARTESIAN_POINT('',(-91.086673155,-46.608865124,7.06074058));
#3223=DIRECTION('',(1.,0.,-0.));
#3224=VECTOR('',#3223,3.455072641);
#3225=LINE('',#3222,#3224);
#3226=EDGE_CURVE('',#3221,#3213,#3225,.T.);
#3227=ORIENTED_EDGE('',*,*,#3226,.F.);
#3228=CARTESIAN_POINT('',(-91.086673155,-40.116112542,7.06074058));
#3229=DIRECTION('',(-0.,-1.,-0.));
#3230=VECTOR('',#3229,6.492752582);
#3231=LINE('',#3228,#3230);
#3232=EDGE_CURVE('',#3189,#3221,#3231,.T.);
#3233=ORIENTED_EDGE('',*,*,#3232,.F.);
#3234=EDGE_LOOP('',(#3195,#3203,#3211,#3219,#3227,#3233));
#3235=FACE_BOUND('',#3234,.T.);
#3236=ADVANCED_FACE('',(#3235),#3185,.T.);
#3237=CARTESIAN_POINT('',(0.267500635,-57.063257574,5.96074058));
#3238=DIRECTION('',(0.,-0.707106781,-0.707106781));
#3239=DIRECTION('',(-1.,0.,0.));
#3240=AXIS2_PLACEMENT_3D('',#3237,#3238,#3239);
#3241=PLANE('',#3240);
#3242=CARTESIAN_POINT('',(-141.019799365,-56.563257574,5.460740579));
#3243=DIRECTION('',(-0.,-0.70710678,0.707106782));
#3244=VECTOR('',#3243,0.707106782);
#3245=LINE('',#3242,#3244);
#3246=EDGE_CURVE('',#1373,#2122,#3245,.T.);
#3247=ORIENTED_EDGE('',*,*,#3246,.F.);
#3248=ORIENTED_EDGE('',*,*,#1378,.F.);
#3249=ORIENTED_EDGE('',*,*,#180,.T.);
#3250=ORIENTED_EDGE('',*,*,#2133,.F.);
#3251=EDGE_LOOP('',(#3247,#3248,#3249,#3250));
#3252=FACE_BOUND('',#3251,.T.);
#3253=ADVANCED_FACE('',(#3252),#3241,.T.);
#3254=CARTESIAN_POINT('',(-82.760610588,-6.904644437,-0.13925942));
#3255=DIRECTION('',(-1.,0.,0.));
#3256=DIRECTION('',(0.,-0.,1.));
#3257=AXIS2_PLACEMENT_3D('',#3254,#3255,#3256);
#3258=PLANE('',#3257);
#3259=ORIENTED_EDGE('',*,*,#2070,.F.);
#3260=CARTESIAN_POINT('',(-82.760610588,-55.063257574,10.264293971));
#3261=VERTEX_POINT('',#3260);
#3262=CARTESIAN_POINT('',(-82.760610588,-57.063257574,10.264293971));
#3263=DIRECTION('',(-0.,1.,-0.));
#3264=VECTOR('',#3263,2.);
#3265=LINE('',#3262,#3264);
#3266=EDGE_CURVE('',#2059,#3261,#3265,.T.);
#3267=ORIENTED_EDGE('',*,*,#3266,.T.);
#3268=CARTESIAN_POINT('',(-82.760610588,-55.063257574,10.264293971));
#3269=DIRECTION('',(0.,-0.,1.));
#3270=VECTOR('',#3269,7.596446609);
#3271=LINE('',#3268,#3270);
#3272=EDGE_CURVE('',#3261,#3134,#3271,.T.);
#3273=ORIENTED_EDGE('',*,*,#3272,.T.);
#3274=ORIENTED_EDGE('',*,*,#3139,.T.);
#3275=EDGE_LOOP('',(#3259,#3267,#3273,#3274));
#3276=FACE_BOUND('',#3275,.T.);
#3277=ADVANCED_FACE('',(#3276),#3258,.F.);
#3278=CARTESIAN_POINT('',(-83.885610588,-55.063257574,-0.33925942));
#3279=DIRECTION('',(0.,1.,0.));
#3280=DIRECTION('',(0.,-0.,1.));
#3281=AXIS2_PLACEMENT_3D('',#3278,#3279,#3280);
#3282=PLANE('',#3281);
#3283=CARTESIAN_POINT('',(-81.907057197,-55.063257574,9.41074058));
#3284=VERTEX_POINT('',#3283);
#3285=CARTESIAN_POINT('',(-82.760610588,-55.063257574,10.264293971));
#3286=DIRECTION('',(0.707106781,0.,-0.707106781));
#3287=VECTOR('',#3286,1.207106781);
#3288=LINE('',#3285,#3287);
#3289=EDGE_CURVE('',#3261,#3284,#3288,.T.);
#3290=ORIENTED_EDGE('',*,*,#3289,.T.);
#3291=CARTESIAN_POINT('',(-81.907057197,-55.063257574,9.41074058));
#3292=DIRECTION('',(-0.707106781,0.,-0.707106781));
#3293=VECTOR('',#3292,1.207106781);
#3294=LINE('',#3291,#3293);
#3295=EDGE_CURVE('',#3284,#159,#3294,.T.);
#3296=ORIENTED_EDGE('',*,*,#3295,.T.);
#3297=ORIENTED_EDGE('',*,*,#194,.F.);
#3298=ORIENTED_EDGE('',*,*,#1369,.T.);
#3299=CARTESIAN_POINT('',(-84.510610588,-55.063257574,5.46074058));
#3300=DIRECTION('',(0.,-0.,1.));
#3301=VECTOR('',#3300,12.9);
#3302=LINE('',#3299,#3301);
#3303=EDGE_CURVE('',#1358,#2321,#3302,.T.);
#3304=ORIENTED_EDGE('',*,*,#3303,.T.);
#3305=ORIENTED_EDGE('',*,*,#2326,.F.);
#3306=ORIENTED_EDGE('',*,*,#3145,.T.);
#3307=ORIENTED_EDGE('',*,*,#3272,.F.);
#3308=EDGE_LOOP('',(#3290,#3296,#3297,#3298,#3304,#3305,#3306,#3307));
#3309=FACE_BOUND('',#3308,.T.);
#3310=ADVANCED_FACE('',(#3309),#3282,.T.);
#3311=CARTESIAN_POINT('',(-84.510610588,-55.363257574,-0.33925942));
#3312=DIRECTION('',(-1.,0.,0.));
#3313=DIRECTION('',(0.,-0.,1.));
#3314=AXIS2_PLACEMENT_3D('',#3311,#3312,#3313);
#3315=PLANE('',#3314);
#3316=CARTESIAN_POINT('',(-84.510610588,-55.663257574,5.46074058));
#3317=DIRECTION('',(0.,-0.,1.));
#3318=VECTOR('',#3317,12.9);
#3319=LINE('',#3316,#3318);
#3320=EDGE_CURVE('',#1350,#2329,#3319,.T.);
#3321=ORIENTED_EDGE('',*,*,#3320,.T.);
#3322=ORIENTED_EDGE('',*,*,#2334,.F.);
#3323=ORIENTED_EDGE('',*,*,#3303,.F.);
#3324=ORIENTED_EDGE('',*,*,#1363,.T.);
#3325=EDGE_LOOP('',(#3321,#3322,#3323,#3324));
#3326=FACE_BOUND('',#3325,.T.);
#3327=ADVANCED_FACE('',(#3326),#3315,.T.);
#3328=CARTESIAN_POINT('',(-86.560610588,-55.663257574,-0.33925942));
#3329=DIRECTION('',(0.,-1.,-0.));
#3330=DIRECTION('',(0.,0.,-1.));
#3331=AXIS2_PLACEMENT_3D('',#3328,#3329,#3330);
#3332=PLANE('',#3331);
#3333=ORIENTED_EDGE('',*,*,#1355,.F.);
#3334=ORIENTED_EDGE('',*,*,#3161,.F.);
#3335=CARTESIAN_POINT('',(-88.810610588,-55.663257574,11.36074058));
#3336=VERTEX_POINT('',#3335);
#3337=CARTESIAN_POINT('',(-86.810610588,-55.663257574,9.36074058));
#3338=DIRECTION('',(-0.707106781,-0.,0.707106781));
#3339=VECTOR('',#3338,2.828427125);
#3340=LINE('',#3337,#3339);
#3341=EDGE_CURVE('',#3156,#3336,#3340,.T.);
#3342=ORIENTED_EDGE('',*,*,#3341,.T.);
#3343=CARTESIAN_POINT('',(-88.810610588,-55.663257574,18.36074058));
#3344=DIRECTION('',(-0.,0.,-1.));
#3345=VECTOR('',#3344,7.);
#3346=LINE('',#3343,#3345);
#3347=EDGE_CURVE('',#2337,#3336,#3346,.T.);
#3348=ORIENTED_EDGE('',*,*,#3347,.F.);
#3349=ORIENTED_EDGE('',*,*,#2342,.T.);
#3350=ORIENTED_EDGE('',*,*,#3320,.F.);
#3351=EDGE_LOOP('',(#3333,#3334,#3342,#3348,#3349,#3350));
#3352=FACE_BOUND('',#3351,.T.);
#3353=ADVANCED_FACE('',(#3352),#3332,.F.);
#3354=CARTESIAN_POINT('',(-85.410610588,-51.463257574,-0.33925942));
#3355=DIRECTION('',(0.,1.,0.));
#3356=DIRECTION('',(0.,-0.,1.));
#3357=AXIS2_PLACEMENT_3D('',#3354,#3355,#3356);
#3358=PLANE('',#3357);
#3359=CARTESIAN_POINT('',(-84.510610588,-51.463257574,5.46074058));
#3360=DIRECTION('',(0.,-0.,1.));
#3361=VECTOR('',#3360,12.9);
#3362=LINE('',#3359,#3361);
#3363=EDGE_CURVE('',#1326,#2353,#3362,.T.);
#3364=ORIENTED_EDGE('',*,*,#3363,.T.);
#3365=ORIENTED_EDGE('',*,*,#2358,.T.);
#3366=CARTESIAN_POINT('',(-88.810610588,-51.463257574,11.36074058));
#3367=VERTEX_POINT('',#3366);
#3368=CARTESIAN_POINT('',(-88.810610588,-51.463257574,18.36074058));
#3369=DIRECTION('',(-0.,0.,-1.));
#3370=VECTOR('',#3369,7.);
#3371=LINE('',#3368,#3370);
#3372=EDGE_CURVE('',#2345,#3367,#3371,.T.);
#3373=ORIENTED_EDGE('',*,*,#3372,.T.);
#3374=CARTESIAN_POINT('',(-88.810610588,-51.463257574,11.36074058));
#3375=DIRECTION('',(0.707106781,0.,-0.707106781));
#3376=VECTOR('',#3375,2.828427125);
#3377=LINE('',#3374,#3376);
#3378=EDGE_CURVE('',#3367,#3165,#3377,.T.);
#3379=ORIENTED_EDGE('',*,*,#3378,.T.);
#3380=ORIENTED_EDGE('',*,*,#3170,.F.);
#3381=ORIENTED_EDGE('',*,*,#1339,.F.);
#3382=EDGE_LOOP('',(#3364,#3365,#3373,#3379,#3380,#3381));
#3383=FACE_BOUND('',#3382,.T.);
#3384=ADVANCED_FACE('',(#3383),#3358,.F.);
#3385=CARTESIAN_POINT('',(-84.510610588,-51.763257574,-0.33925942));
#3386=DIRECTION('',(1.,0.,0.));
#3387=DIRECTION('',(0.,0.,-1.));
#3388=AXIS2_PLACEMENT_3D('',#3385,#3386,#3387);
#3389=PLANE('',#3388);
#3390=CARTESIAN_POINT('',(-84.510610588,-52.063257574,5.46074058));
#3391=DIRECTION('',(-0.,-0.,1.));
#3392=VECTOR('',#3391,12.9);
#3393=LINE('',#3390,#3392);
#3394=EDGE_CURVE('',#1318,#2361,#3393,.T.);
#3395=ORIENTED_EDGE('',*,*,#3394,.T.);
#3396=ORIENTED_EDGE('',*,*,#2366,.T.);
#3397=ORIENTED_EDGE('',*,*,#3363,.F.);
#3398=ORIENTED_EDGE('',*,*,#1331,.F.);
#3399=EDGE_LOOP('',(#3395,#3396,#3397,#3398));
#3400=FACE_BOUND('',#3399,.T.);
#3401=ADVANCED_FACE('',(#3400),#3389,.F.);
#3402=CARTESIAN_POINT('',(-141.019799365,-52.063257574,21.76074058));
#3403=DIRECTION('',(0.,-0.,1.));
#3404=DIRECTION('',(1.,0.,0.));
#3405=AXIS2_PLACEMENT_3D('',#3402,#3403,#3404);
#3406=CYLINDRICAL_SURFACE('',#3405,5.);
#3407=CARTESIAN_POINT('',(-141.019799365,-52.063257574,17.86074058));
#3408=DIRECTION('',(0.,0.,-1.));
#3409=DIRECTION('',(0.,1.,0.));
#3410=AXIS2_PLACEMENT_3D('',#3407,#3408,#3409);
#3411=CIRCLE('',#3410,5.);
#3412=EDGE_CURVE('',#2114,#2215,#3411,.T.);
#3413=ORIENTED_EDGE('',*,*,#3412,.T.);
#3414=ORIENTED_EDGE('',*,*,#2220,.F.);
#3415=CARTESIAN_POINT('',(-141.019799365,-52.063257574,5.96074058));
#3416=DIRECTION('',(0.,-0.,1.));
#3417=DIRECTION('',(1.,0.,0.));
#3418=AXIS2_PLACEMENT_3D('',#3415,#3416,#3417);
#3419=CIRCLE('',#3418,5.);
#3420=EDGE_CURVE('',#2207,#2122,#3419,.T.);
#3421=ORIENTED_EDGE('',*,*,#3420,.T.);
#3422=ORIENTED_EDGE('',*,*,#2127,.F.);
#3423=EDGE_LOOP('',(#3413,#3414,#3421,#3422));
#3424=FACE_BOUND('',#3423,.T.);
#3425=ADVANCED_FACE('',(#3424),#3406,.T.);
#3426=CARTESIAN_POINT('',(-143.519799365,-24.797182574,7.57074058));
#3427=DIRECTION('',(0.,-0.,1.));
#3428=DIRECTION('',(1.,0.,0.));
#3429=AXIS2_PLACEMENT_3D('',#3426,#3427,#3428);
#3430=PLANE('',#3429);
#3431=ORIENTED_EDGE('',*,*,#2246,.F.);
#3432=CARTESIAN_POINT('',(-143.319799365,-44.497182574,7.57074058));
#3433=VERTEX_POINT('',#3432);
#3434=CARTESIAN_POINT('',(-143.319799365,-44.497182574,7.57074058));
#3435=DIRECTION('',(-1.,0.,0.));
#3436=VECTOR('',#3435,2.7);
#3437=LINE('',#3434,#3436);
#3438=EDGE_CURVE('',#3433,#2233,#3437,.T.);
#3439=ORIENTED_EDGE('',*,*,#3438,.F.);
#3440=CARTESIAN_POINT('',(-143.319799365,-12.897182574,7.57074058));
#3441=VERTEX_POINT('',#3440);
#3442=CARTESIAN_POINT('',(-143.319799365,-44.497182574,7.57074058));
#3443=DIRECTION('',(0.,1.,0.));
#3444=VECTOR('',#3443,31.6);
#3445=LINE('',#3442,#3444);
#3446=EDGE_CURVE('',#3433,#3441,#3445,.T.);
#3447=ORIENTED_EDGE('',*,*,#3446,.T.);
#3448=CARTESIAN_POINT('',(-143.319799365,-12.897182574,7.57074058));
#3449=DIRECTION('',(-1.,-0.,0.));
#3450=VECTOR('',#3449,2.7);
#3451=LINE('',#3448,#3450);
#3452=EDGE_CURVE('',#3441,#2241,#3451,.T.);
#3453=ORIENTED_EDGE('',*,*,#3452,.T.);
#3454=EDGE_LOOP('',(#3431,#3439,#3447,#3453));
#3455=FACE_BOUND('',#3454,.T.);
#3456=ADVANCED_FACE('',(#3455),#3430,.T.);
#3457=CARTESIAN_POINT('',(-143.519799365,-44.497182574,9.69074058));
#3458=DIRECTION('',(0.,1.,0.));
#3459=DIRECTION('',(-1.,0.,0.));
#3460=AXIS2_PLACEMENT_3D('',#3457,#3458,#3459);
#3461=PLANE('',#3460);
#3462=CARTESIAN_POINT('',(-146.019799365,-44.497182574,10.27074058));
#3463=DIRECTION('',(0.707106781,0.,-0.707106781));
#3464=VECTOR('',#3463,3.818376618);
#3465=LINE('',#3462,#3464);
#3466=EDGE_CURVE('',#2231,#3433,#3465,.T.);
#3467=ORIENTED_EDGE('',*,*,#3466,.T.);
#3468=ORIENTED_EDGE('',*,*,#3438,.T.);
#3469=ORIENTED_EDGE('',*,*,#2238,.F.);
#3470=EDGE_LOOP('',(#3467,#3468,#3469));
#3471=FACE_BOUND('',#3470,.T.);
#3472=ADVANCED_FACE('',(#3471),#3461,.T.);
#3473=CARTESIAN_POINT('',(-146.119799365,-24.797182574,10.37074058));
#3474=DIRECTION('',(-0.707106781,0.,-0.707106781));
#3475=DIRECTION('',(0.,1.,0.));
#3476=AXIS2_PLACEMENT_3D('',#3473,#3474,#3475);
#3477=PLANE('',#3476);
#3478=CARTESIAN_POINT('',(-143.319799365,-12.897182574,7.57074058));
#3479=DIRECTION('',(-0.707106781,-0.,0.707106781));
#3480=VECTOR('',#3479,3.818376618);
#3481=LINE('',#3478,#3480);
#3482=EDGE_CURVE('',#3441,#2249,#3481,.T.);
#3483=ORIENTED_EDGE('',*,*,#3482,.F.);
#3484=ORIENTED_EDGE('',*,*,#3446,.F.);
#3485=ORIENTED_EDGE('',*,*,#3466,.F.);
#3486=ORIENTED_EDGE('',*,*,#2260,.F.);
#3487=EDGE_LOOP('',(#3483,#3484,#3485,#3486));
#3488=FACE_BOUND('',#3487,.T.);
#3489=ADVANCED_FACE('',(#3488),#3477,.T.);
#3490=CARTESIAN_POINT('',(-143.519799365,-12.897182574,9.69074058));
#3491=DIRECTION('',(0.,-1.,-0.));
#3492=DIRECTION('',(1.,0.,0.));
#3493=AXIS2_PLACEMENT_3D('',#3490,#3491,#3492);
#3494=PLANE('',#3493);
#3495=ORIENTED_EDGE('',*,*,#3452,.F.);
#3496=ORIENTED_EDGE('',*,*,#3482,.T.);
#3497=ORIENTED_EDGE('',*,*,#2254,.F.);
#3498=EDGE_LOOP('',(#3495,#3496,#3497));
#3499=FACE_BOUND('',#3498,.T.);
#3500=ADVANCED_FACE('',(#3499),#3494,.T.);
#3501=CARTESIAN_POINT('',(-141.019799365,-48.063257574,21.76074058));
#3502=DIRECTION('',(0.,-0.,1.));
#3503=DIRECTION('',(1.,0.,0.));
#3504=AXIS2_PLACEMENT_3D('',#3501,#3502,#3503);
#3505=CYLINDRICAL_SURFACE('',#3504,2.);
#3506=ORIENTED_EDGE('',*,*,#1583,.F.);
#3507=CARTESIAN_POINT('',(-141.019799365,-48.063257574,7.96074058));
#3508=DIRECTION('',(-0.,-0.,-1.));
#3509=DIRECTION('',(1.,0.,-0.));
#3510=AXIS2_PLACEMENT_3D('',#3507,#3508,#3509);
#3511=CIRCLE('',#3510,2.);
#3512=EDGE_CURVE('',#1570,#2715,#3511,.T.);
#3513=ORIENTED_EDGE('',*,*,#3512,.T.);
#3514=ORIENTED_EDGE('',*,*,#2720,.F.);
#3515=CARTESIAN_POINT('',(-141.019799365,-48.063257574,17.86074058));
#3516=DIRECTION('',(0.,-0.,1.));
#3517=DIRECTION('',(0.,-1.,-0.));
#3518=AXIS2_PLACEMENT_3D('',#3515,#3516,#3517);
#3519=CIRCLE('',#3518,2.);
#3520=EDGE_CURVE('',#2713,#1578,#3519,.T.);
#3521=ORIENTED_EDGE('',*,*,#3520,.T.);
#3522=EDGE_LOOP('',(#3506,#3513,#3514,#3521));
#3523=FACE_BOUND('',#3522,.T.);
#3524=ADVANCED_FACE('',(#3523),#3505,.F.);
#3525=CARTESIAN_POINT('',(-141.019799365,-52.063257574,5.96074058));
#3526=DIRECTION('',(0.,-0.,1.));
#3527=DIRECTION('',(1.,0.,0.));
#3528=AXIS2_PLACEMENT_3D('',#3525,#3526,#3527);
#3529=CONICAL_SURFACE('',#3528,5.,44.999999898);
#3530=ORIENTED_EDGE('',*,*,#3246,.T.);
#3531=ORIENTED_EDGE('',*,*,#3420,.F.);
#3532=ORIENTED_EDGE('',*,*,#2771,.F.);
#3533=ORIENTED_EDGE('',*,*,#1387,.F.);
#3534=EDGE_LOOP('',(#3530,#3531,#3532,#3533));
#3535=FACE_BOUND('',#3534,.T.);
#3536=ADVANCED_FACE('',(#3535),#3529,.T.);
#3537=CARTESIAN_POINT('',(-91.921456695,-40.116112542,7.06074058));
#3538=DIRECTION('',(0.,-1.,-0.));
#3539=DIRECTION('',(0.,0.,-1.));
#3540=AXIS2_PLACEMENT_3D('',#3537,#3538,#3539);
#3541=PLANE('',#3540);
#3542=ORIENTED_EDGE('',*,*,#618,.F.);
#3543=CARTESIAN_POINT('',(-92.756240233,-40.116112542,7.06074058));
#3544=DIRECTION('',(0.,-0.,1.));
#3545=VECTOR('',#3544,0.4);
#3546=LINE('',#3543,#3545);
#3547=EDGE_CURVE('',#3187,#607,#3546,.T.);
#3548=ORIENTED_EDGE('',*,*,#3547,.F.);
#3549=ORIENTED_EDGE('',*,*,#3194,.T.);
#3550=CARTESIAN_POINT('',(-91.086673155,-40.116112542,7.06074058));
#3551=DIRECTION('',(-0.,-0.,1.));
#3552=VECTOR('',#3551,0.4);
#3553=LINE('',#3550,#3552);
#3554=EDGE_CURVE('',#3189,#573,#3553,.T.);
#3555=ORIENTED_EDGE('',*,*,#3554,.T.);
#3556=EDGE_LOOP('',(#3542,#3548,#3549,#3555));
#3557=FACE_BOUND('',#3556,.T.);
#3558=ADVANCED_FACE('',(#3557),#3541,.T.);
#3559=CARTESIAN_POINT('',(-92.750441819,-44.116112266,7.06074058));
#3560=DIRECTION('',(0.999998949,0.001449602,0.));
#3561=DIRECTION('',(-0.001449602,0.999998949,0.));
#3562=AXIS2_PLACEMENT_3D('',#3559,#3560,#3561);
#3563=PLANE('',#3562);
#3564=ORIENTED_EDGE('',*,*,#3547,.T.);
#3565=ORIENTED_EDGE('',*,*,#612,.F.);
#3566=CARTESIAN_POINT('',(-92.744643405,-48.11611199,7.06074058));
#3567=DIRECTION('',(0.,-0.,1.));
#3568=VECTOR('',#3567,0.4);
#3569=LINE('',#3566,#3568);
#3570=EDGE_CURVE('',#3197,#599,#3569,.T.);
#3571=ORIENTED_EDGE('',*,*,#3570,.F.);
#3572=ORIENTED_EDGE('',*,*,#3202,.T.);
#3573=EDGE_LOOP('',(#3564,#3565,#3571,#3572));
#3574=FACE_BOUND('',#3573,.T.);
#3575=ADVANCED_FACE('',(#3574),#3563,.T.);
#3576=CARTESIAN_POINT('',(-90.18812196,-48.11611199,7.06074058));
#3577=DIRECTION('',(0.,1.,0.));
#3578=DIRECTION('',(0.,-0.,1.));
#3579=AXIS2_PLACEMENT_3D('',#3576,#3577,#3578);
#3580=PLANE('',#3579);
#3581=ORIENTED_EDGE('',*,*,#604,.F.);
#3582=CARTESIAN_POINT('',(-87.631600514,-48.11611199,7.06074058));
#3583=DIRECTION('',(0.,-0.,1.));
#3584=VECTOR('',#3583,0.4);
#3585=LINE('',#3582,#3584);
#3586=EDGE_CURVE('',#3205,#591,#3585,.T.);
#3587=ORIENTED_EDGE('',*,*,#3586,.F.);
#3588=ORIENTED_EDGE('',*,*,#3210,.T.);
#3589=ORIENTED_EDGE('',*,*,#3570,.T.);
#3590=EDGE_LOOP('',(#3581,#3587,#3588,#3589));
#3591=FACE_BOUND('',#3590,.T.);
#3592=ADVANCED_FACE('',(#3591),#3580,.T.);
#3593=CARTESIAN_POINT('',(-87.631600514,-47.362488557,7.06074058));
#3594=DIRECTION('',(-1.,0.,0.));
#3595=DIRECTION('',(0.,-0.,1.));
#3596=AXIS2_PLACEMENT_3D('',#3593,#3594,#3595);
#3597=PLANE('',#3596);
#3598=ORIENTED_EDGE('',*,*,#596,.F.);
#3599=CARTESIAN_POINT('',(-87.631600514,-46.608865124,7.06074058));
#3600=DIRECTION('',(-0.,-0.,1.));
#3601=VECTOR('',#3600,0.4);
#3602=LINE('',#3599,#3601);
#3603=EDGE_CURVE('',#3213,#583,#3602,.T.);
#3604=ORIENTED_EDGE('',*,*,#3603,.F.);
#3605=ORIENTED_EDGE('',*,*,#3218,.T.);
#3606=ORIENTED_EDGE('',*,*,#3586,.T.);
#3607=EDGE_LOOP('',(#3598,#3604,#3605,#3606));
#3608=FACE_BOUND('',#3607,.T.);
#3609=ADVANCED_FACE('',(#3608),#3597,.T.);
#3610=CARTESIAN_POINT('',(-89.359136835,-46.608865124,7.06074058));
#3611=DIRECTION('',(0.,-1.,-0.));
#3612=DIRECTION('',(0.,0.,-1.));
#3613=AXIS2_PLACEMENT_3D('',#3610,#3611,#3612);
#3614=PLANE('',#3613);
#3615=ORIENTED_EDGE('',*,*,#588,.F.);
#3616=CARTESIAN_POINT('',(-91.086673155,-46.608865124,7.06074058));
#3617=DIRECTION('',(0.,-0.,1.));
#3618=VECTOR('',#3617,0.4);
#3619=LINE('',#3616,#3618);
#3620=EDGE_CURVE('',#3221,#575,#3619,.T.);
#3621=ORIENTED_EDGE('',*,*,#3620,.F.);
#3622=ORIENTED_EDGE('',*,*,#3226,.T.);
#3623=ORIENTED_EDGE('',*,*,#3603,.T.);
#3624=EDGE_LOOP('',(#3615,#3621,#3622,#3623));
#3625=FACE_BOUND('',#3624,.T.);
#3626=ADVANCED_FACE('',(#3625),#3614,.T.);
#3627=CARTESIAN_POINT('',(-91.086673155,-43.362488833,7.06074058));
#3628=DIRECTION('',(-1.,0.,0.));
#3629=DIRECTION('',(0.,-0.,1.));
#3630=AXIS2_PLACEMENT_3D('',#3627,#3628,#3629);
#3631=PLANE('',#3630);
#3632=ORIENTED_EDGE('',*,*,#3232,.T.);
#3633=ORIENTED_EDGE('',*,*,#3620,.T.);
#3634=ORIENTED_EDGE('',*,*,#580,.F.);
#3635=ORIENTED_EDGE('',*,*,#3554,.F.);
#3636=EDGE_LOOP('',(#3632,#3633,#3634,#3635));
#3637=FACE_BOUND('',#3636,.T.);
#3638=ADVANCED_FACE('',(#3637),#3631,.T.);
#3639=CARTESIAN_POINT('',(-83.885610588,-52.063257574,-0.33925942));
#3640=DIRECTION('',(0.,1.,0.));
#3641=DIRECTION('',(0.,-0.,1.));
#3642=AXIS2_PLACEMENT_3D('',#3639,#3640,#3641);
#3643=PLANE('',#3642);
#3644=CARTESIAN_POINT('',(-81.907057197,-52.063257574,9.41074058));
#3645=VERTEX_POINT('',#3644);
#3646=CARTESIAN_POINT('',(-82.760610588,-52.063257574,8.55718719));
#3647=DIRECTION('',(0.707106781,-0.,0.707106781));
#3648=VECTOR('',#3647,1.207106781);
#3649=LINE('',#3646,#3648);
#3650=EDGE_CURVE('',#71,#3645,#3649,.T.);
#3651=ORIENTED_EDGE('',*,*,#3650,.T.);
#3652=CARTESIAN_POINT('',(-81.907057197,-52.063257574,9.41074058));
#3653=DIRECTION('',(-0.707106781,-0.,0.707106781));
#3654=VECTOR('',#3653,1.207106781);
#3655=LINE('',#3652,#3654);
#3656=EDGE_CURVE('',#3645,#2410,#3655,.T.);
#3657=ORIENTED_EDGE('',*,*,#3656,.T.);
#3658=ORIENTED_EDGE('',*,*,#2415,.F.);
#3659=CARTESIAN_POINT('',(-83.260610588,-52.063257574,18.36074058));
#3660=DIRECTION('',(0.707106781,0.,-0.707106781));
#3661=VECTOR('',#3660,0.707106781);
#3662=LINE('',#3659,#3661);
#3663=EDGE_CURVE('',#2369,#2408,#3662,.T.);
#3664=ORIENTED_EDGE('',*,*,#3663,.F.);
#3665=ORIENTED_EDGE('',*,*,#2374,.T.);
#3666=ORIENTED_EDGE('',*,*,#3394,.F.);
#3667=ORIENTED_EDGE('',*,*,#1323,.F.);
#3668=ORIENTED_EDGE('',*,*,#84,.F.);
#3669=EDGE_LOOP('',(#3651,#3657,#3658,#3664,#3665,#3666,#3667,#3668));
#3670=FACE_BOUND('',#3669,.T.);
#3671=ADVANCED_FACE('',(#3670),#3643,.F.);
#3672=CARTESIAN_POINT('',(-83.260610588,-1.919207574,18.36074058));
#3673=DIRECTION('',(0.707106781,-0.,0.707106781));
#3674=DIRECTION('',(-0.,-1.,-0.));
#3675=AXIS2_PLACEMENT_3D('',#3672,#3673,#3674);
#3676=PLANE('',#3675);
#3677=ORIENTED_EDGE('',*,*,#2428,.F.);
#3678=ORIENTED_EDGE('',*,*,#2164,.T.);
#3679=ORIENTED_EDGE('',*,*,#2380,.F.);
#3680=ORIENTED_EDGE('',*,*,#3663,.T.);
#3681=EDGE_LOOP('',(#3677,#3678,#3679,#3680));
#3682=FACE_BOUND('',#3681,.T.);
#3683=ADVANCED_FACE('',(#3682),#3676,.T.);
#3684=CARTESIAN_POINT('',(-88.810610588,-0.879702125,-0.225360581));
#3685=DIRECTION('',(1.,0.,0.));
#3686=DIRECTION('',(0.,1.,0.));
#3687=AXIS2_PLACEMENT_3D('',#3684,#3685,#3686);
#3688=PLANE('',#3687);
#3689=ORIENTED_EDGE('',*,*,#3372,.F.);
#3690=ORIENTED_EDGE('',*,*,#2350,.T.);
#3691=ORIENTED_EDGE('',*,*,#3347,.T.);
#3692=CARTESIAN_POINT('',(-88.810610588,-51.463257574,11.36074058));
#3693=DIRECTION('',(-0.,-1.,-0.));
#3694=VECTOR('',#3693,4.2);
#3695=LINE('',#3692,#3694);
#3696=EDGE_CURVE('',#3367,#3336,#3695,.T.);
#3697=ORIENTED_EDGE('',*,*,#3696,.F.);
#3698=EDGE_LOOP('',(#3689,#3690,#3691,#3697));
#3699=FACE_BOUND('',#3698,.T.);
#3700=ADVANCED_FACE('',(#3699),#3688,.T.);
#3701=CARTESIAN_POINT('',(-86.810610588,-53.063257574,9.36074058));
#3702=DIRECTION('',(0.707106781,-0.,0.707106781));
#3703=DIRECTION('',(0.,1.,0.));
#3704=AXIS2_PLACEMENT_3D('',#3701,#3702,#3703);
#3705=PLANE('',#3704);
#3706=ORIENTED_EDGE('',*,*,#3378,.F.);
#3707=ORIENTED_EDGE('',*,*,#3696,.T.);
#3708=ORIENTED_EDGE('',*,*,#3341,.F.);
#3709=ORIENTED_EDGE('',*,*,#3176,.F.);
#3710=EDGE_LOOP('',(#3706,#3707,#3708,#3709));
#3711=FACE_BOUND('',#3710,.T.);
#3712=ADVANCED_FACE('',(#3711),#3705,.T.);
#3713=CARTESIAN_POINT('',(0.267500635,46.424842426,17.86074058));
#3714=DIRECTION('',(0.,-0.707106781,0.707106781));
#3715=DIRECTION('',(1.,0.,0.));
#3716=AXIS2_PLACEMENT_3D('',#3713,#3714,#3715);
#3717=PLANE('',#3716);
#3718=ORIENTED_EDGE('',*,*,#2550,.F.);
#3719=CARTESIAN_POINT('',(-111.631,46.424842426,17.86074058));
#3720=DIRECTION('',(-0.577350269,0.577350269,0.577350269));
#3721=VECTOR('',#3720,0.866025404);
#3722=LINE('',#3719,#3721);
#3723=EDGE_CURVE('',#2537,#1963,#3722,.T.);
#3724=ORIENTED_EDGE('',*,*,#3723,.T.);
#3725=ORIENTED_EDGE('',*,*,#1968,.F.);
#3726=CARTESIAN_POINT('',(-141.019799365,46.424842426,17.86074058));
#3727=DIRECTION('',(0.,0.707106781,0.707106781));
#3728=VECTOR('',#3727,0.707106781);
#3729=LINE('',#3726,#3728);
#3730=EDGE_CURVE('',#2545,#1954,#3729,.T.);
#3731=ORIENTED_EDGE('',*,*,#3730,.F.);
#3732=EDGE_LOOP('',(#3718,#3724,#3725,#3731));
#3733=FACE_BOUND('',#3732,.T.);
#3734=ADVANCED_FACE('',(#3733),#3717,.T.);
#3735=CARTESIAN_POINT('',(-141.019799365,44.424842426,17.86074058));
#3736=DIRECTION('',(0.,-0.,1.));
#3737=DIRECTION('',(1.,0.,0.));
#3738=AXIS2_PLACEMENT_3D('',#3735,#3736,#3737);
#3739=CONICAL_SURFACE('',#3738,2.,45.);
#3740=ORIENTED_EDGE('',*,*,#3730,.T.);
#3741=ORIENTED_EDGE('',*,*,#1960,.F.);
#3742=CARTESIAN_POINT('',(-143.019799365,44.424842426,17.86074058));
#3743=DIRECTION('',(-0.707106781,-0.,0.707106781));
#3744=VECTOR('',#3743,0.707106781);
#3745=LINE('',#3742,#3744);
#3746=EDGE_CURVE('',#2666,#1946,#3745,.T.);
#3747=ORIENTED_EDGE('',*,*,#3746,.F.);
#3748=ORIENTED_EDGE('',*,*,#2686,.F.);
#3749=EDGE_LOOP('',(#3740,#3741,#3747,#3748));
#3750=FACE_BOUND('',#3749,.T.);
#3751=ADVANCED_FACE('',(#3750),#3739,.F.);
#3752=CARTESIAN_POINT('',(-143.019799365,-1.819207574,17.86074058));
#3753=DIRECTION('',(0.707106781,-0.,0.707106781));
#3754=DIRECTION('',(0.,1.,0.));
#3755=AXIS2_PLACEMENT_3D('',#3752,#3753,#3754);
#3756=PLANE('',#3755);
#3757=ORIENTED_EDGE('',*,*,#3746,.T.);
#3758=ORIENTED_EDGE('',*,*,#1951,.F.);
#3759=CARTESIAN_POINT('',(-143.019799365,-48.063257574,17.86074058));
#3760=DIRECTION('',(-0.707106781,0.,0.707106781));
#3761=VECTOR('',#3760,0.707106781);
#3762=LINE('',#3759,#3761);
#3763=EDGE_CURVE('',#2713,#1937,#3762,.T.);
#3764=ORIENTED_EDGE('',*,*,#3763,.F.);
#3765=ORIENTED_EDGE('',*,*,#2733,.F.);
#3766=EDGE_LOOP('',(#3757,#3758,#3764,#3765));
#3767=FACE_BOUND('',#3766,.T.);
#3768=ADVANCED_FACE('',(#3767),#3756,.T.);
#3769=CARTESIAN_POINT('',(-141.019799365,-48.063257574,17.86074058));
#3770=DIRECTION('',(0.,-0.,1.));
#3771=DIRECTION('',(1.,0.,0.));
#3772=AXIS2_PLACEMENT_3D('',#3769,#3770,#3771);
#3773=CONICAL_SURFACE('',#3772,2.,45.);
#3774=ORIENTED_EDGE('',*,*,#3763,.T.);
#3775=ORIENTED_EDGE('',*,*,#1943,.F.);
#3776=ORIENTED_EDGE('',*,*,#1909,.F.);
#3777=ORIENTED_EDGE('',*,*,#3520,.F.);
#3778=EDGE_LOOP('',(#3774,#3775,#3776,#3777));
#3779=FACE_BOUND('',#3778,.T.);
#3780=ADVANCED_FACE('',(#3779),#3773,.F.);
#3781=CARTESIAN_POINT('',(0.267500635,53.424842426,17.86074058));
#3782=DIRECTION('',(0.,-0.707106781,-0.707106781));
#3783=DIRECTION('',(1.,0.,0.));
#3784=AXIS2_PLACEMENT_3D('',#3781,#3782,#3783);
#3785=PLANE('',#3784);
#3786=ORIENTED_EDGE('',*,*,#2450,.F.);
#3787=ORIENTED_EDGE('',*,*,#254,.F.);
#3788=CARTESIAN_POINT('',(-96.5803,53.424842426,17.86074058));
#3789=DIRECTION('',(0.577350269,-0.577350269,0.577350269));
#3790=VECTOR('',#3789,0.866025404);
#3791=LINE('',#3788,#3790);
#3792=EDGE_CURVE('',#241,#1727,#3791,.T.);
#3793=ORIENTED_EDGE('',*,*,#3792,.T.);
#3794=ORIENTED_EDGE('',*,*,#1732,.F.);
#3795=EDGE_LOOP('',(#3786,#3787,#3793,#3794));
#3796=FACE_BOUND('',#3795,.T.);
#3797=ADVANCED_FACE('',(#3796),#3785,.F.);
#3798=CARTESIAN_POINT('',(-141.019799365,48.424842426,18.36074058));
#3799=DIRECTION('',(0.,0.,-1.));
#3800=DIRECTION('',(-1.,0.,0.));
#3801=AXIS2_PLACEMENT_3D('',#3798,#3799,#3800);
#3802=CONICAL_SURFACE('',#3801,4.5,45.);
#3803=ORIENTED_EDGE('',*,*,#1849,.T.);
#3804=ORIENTED_EDGE('',*,*,#2748,.F.);
#3805=CARTESIAN_POINT('',(-145.519799365,48.424842426,18.36074058));
#3806=DIRECTION('',(-0.707106781,0.,-0.707106781));
#3807=VECTOR('',#3806,0.707106781);
#3808=LINE('',#3805,#3807);
#3809=EDGE_CURVE('',#1978,#2197,#3808,.T.);
#3810=ORIENTED_EDGE('',*,*,#3809,.F.);
#3811=ORIENTED_EDGE('',*,*,#1984,.F.);
#3812=EDGE_LOOP('',(#3803,#3804,#3810,#3811));
#3813=FACE_BOUND('',#3812,.T.);
#3814=ADVANCED_FACE('',(#3813),#3802,.T.);
#3815=CARTESIAN_POINT('',(-145.519799365,-1.919207574,18.36074058));
#3816=DIRECTION('',(0.707106781,0.,-0.707106781));
#3817=DIRECTION('',(0.,-1.,-0.));
#3818=AXIS2_PLACEMENT_3D('',#3815,#3816,#3817);
#3819=PLANE('',#3818);
#3820=ORIENTED_EDGE('',*,*,#3809,.T.);
#3821=ORIENTED_EDGE('',*,*,#2226,.F.);
#3822=CARTESIAN_POINT('',(-145.519799365,-52.063257574,18.36074058));
#3823=DIRECTION('',(-0.707106781,0.,-0.707106781));
#3824=VECTOR('',#3823,0.707106781);
#3825=LINE('',#3822,#3824);
#3826=EDGE_CURVE('',#1987,#2215,#3825,.T.);
#3827=ORIENTED_EDGE('',*,*,#3826,.F.);
#3828=ORIENTED_EDGE('',*,*,#1992,.F.);
#3829=EDGE_LOOP('',(#3820,#3821,#3827,#3828));
#3830=FACE_BOUND('',#3829,.T.);
#3831=ADVANCED_FACE('',(#3830),#3819,.F.);
#3832=CARTESIAN_POINT('',(-141.019799365,-52.063257574,18.36074058));
#3833=DIRECTION('',(0.,0.,-1.));
#3834=DIRECTION('',(-1.,0.,0.));
#3835=AXIS2_PLACEMENT_3D('',#3832,#3833,#3834);
#3836=CONICAL_SURFACE('',#3835,4.5,45.);
#3837=ORIENTED_EDGE('',*,*,#3826,.T.);
#3838=ORIENTED_EDGE('',*,*,#3412,.F.);
#3839=ORIENTED_EDGE('',*,*,#2186,.F.);
#3840=ORIENTED_EDGE('',*,*,#1999,.F.);
#3841=EDGE_LOOP('',(#3837,#3838,#3839,#3840));
#3842=FACE_BOUND('',#3841,.T.);
#3843=ADVANCED_FACE('',(#3842),#3836,.T.);
#3844=CARTESIAN_POINT('',(-102.2803,-53.256055158,13.345272278));
#3845=DIRECTION('',(-1.,0.,0.));
#3846=DIRECTION('',(0.,-0.,1.));
#3847=AXIS2_PLACEMENT_3D('',#3844,#3845,#3846);
#3848=PLANE('',#3847);
#3849=ORIENTED_EDGE('',*,*,#1623,.F.);
#3850=CARTESIAN_POINT('',(-102.2803,-50.063257574,14.060740618));
#3851=DIRECTION('',(0.,-1.,0.));
#3852=VECTOR('',#3851,7.);
#3853=LINE('',#3850,#3852);
#3854=EDGE_CURVE('',#1609,#2082,#3853,.T.);
#3855=ORIENTED_EDGE('',*,*,#3854,.T.);
#3856=ORIENTED_EDGE('',*,*,#2087,.F.);
#3857=CARTESIAN_POINT('',(-102.2803,-57.063257574,16.16074058));
#3858=DIRECTION('',(-0.,1.,0.));
#3859=VECTOR('',#3858,7.);
#3860=LINE('',#3857,#3859);
#3861=EDGE_CURVE('',#2074,#1618,#3860,.T.);
#3862=ORIENTED_EDGE('',*,*,#3861,.T.);
#3863=EDGE_LOOP('',(#3849,#3855,#3856,#3862));
#3864=FACE_BOUND('',#3863,.T.);
#3865=ADVANCED_FACE('',(#3864),#3848,.T.);
#3866=CARTESIAN_POINT('',(0.,-0.137932193,13.060740606));
#3867=DIRECTION('',(0.,0.,1.));
#3868=DIRECTION('',(1.,0.,0.));
#3869=AXIS2_PLACEMENT_3D('',#3866,#3867,#3868);
#3870=PLANE('',#3869);
#3871=ORIENTED_EDGE('',*,*,#221,.F.);
#3872=CARTESIAN_POINT('',(-108.931,53.424842426,13.060740592));
#3873=DIRECTION('',(0.,-1.,0.));
#3874=VECTOR('',#3873,7.);
#3875=LINE('',#3872,#3874);
#3876=EDGE_CURVE('',#205,#2521,#3875,.T.);
#3877=ORIENTED_EDGE('',*,*,#3876,.T.);
#3878=ORIENTED_EDGE('',*,*,#2526,.T.);
#3879=CARTESIAN_POINT('',(-99.2803,46.424842426,13.060740594));
#3880=DIRECTION('',(0.,1.,-0.));
#3881=VECTOR('',#3880,7.);
#3882=LINE('',#3879,#3881);
#3883=EDGE_CURVE('',#2512,#216,#3882,.T.);
#3884=ORIENTED_EDGE('',*,*,#3883,.T.);
#3885=EDGE_LOOP('',(#3871,#3877,#3878,#3884));
#3886=FACE_BOUND('',#3885,.T.);
#3887=ADVANCED_FACE('',(#3886),#3870,.T.);
#3888=CARTESIAN_POINT('',(-97.0803,-1.919207574,17.36074058));
#3889=DIRECTION('',(-0.707106781,-0.,0.707106781));
#3890=DIRECTION('',(-0.,1.,0.));
#3891=AXIS2_PLACEMENT_3D('',#3888,#3889,#3890);
#3892=PLANE('',#3891);
#3893=ORIENTED_EDGE('',*,*,#246,.F.);
#3894=ORIENTED_EDGE('',*,*,#461,.F.);
#3895=ORIENTED_EDGE('',*,*,#2508,.T.);
#3896=ORIENTED_EDGE('',*,*,#1872,.F.);
#3897=ORIENTED_EDGE('',*,*,#1740,.F.);
#3898=ORIENTED_EDGE('',*,*,#3792,.F.);
#3899=EDGE_LOOP('',(#3893,#3894,#3895,#3896,#3897,#3898));
#3900=FACE_BOUND('',#3899,.T.);
#3901=ADVANCED_FACE('',(#3900),#3892,.T.);
#3902=CARTESIAN_POINT('',(-111.131,-1.919207574,17.36074058));
#3903=DIRECTION('',(0.707106781,-0.,0.707106781));
#3904=DIRECTION('',(-0.,-1.,-0.));
#3905=AXIS2_PLACEMENT_3D('',#3902,#3903,#3904);
#3906=PLANE('',#3905);
#3907=ORIENTED_EDGE('',*,*,#2542,.F.);
#3908=ORIENTED_EDGE('',*,*,#486,.F.);
#3909=ORIENTED_EDGE('',*,*,#344,.F.);
#3910=ORIENTED_EDGE('',*,*,#1842,.F.);
#3911=ORIENTED_EDGE('',*,*,#1974,.F.);
#3912=ORIENTED_EDGE('',*,*,#3723,.F.);
#3913=EDGE_LOOP('',(#3907,#3908,#3909,#3910,#3911,#3912));
#3914=FACE_BOUND('',#3913,.T.);
#3915=ADVANCED_FACE('',(#3914),#3906,.T.);
#3916=CARTESIAN_POINT('',(-114.131,-53.256055158,16.36074058));
#3917=DIRECTION('',(0.707106781,-0.,0.707106781));
#3918=DIRECTION('',(0.,1.,0.));
#3919=AXIS2_PLACEMENT_3D('',#3916,#3917,#3918);
#3920=PLANE('',#3919);
#3921=ORIENTED_EDGE('',*,*,#1902,.F.);
#3922=ORIENTED_EDGE('',*,*,#1933,.F.);
#3923=ORIENTED_EDGE('',*,*,#2179,.F.);
#3924=ORIENTED_EDGE('',*,*,#2111,.F.);
#3925=ORIENTED_EDGE('',*,*,#390,.F.);
#3926=ORIENTED_EDGE('',*,*,#1597,.T.);
#3927=EDGE_LOOP('',(#3921,#3922,#3923,#3924,#3925,#3926));
#3928=FACE_BOUND('',#3927,.T.);
#3929=ADVANCED_FACE('',(#3928),#3920,.T.);
#3930=CARTESIAN_POINT('',(-102.0803,-53.256055158,16.36074058));
#3931=DIRECTION('',(0.707106781,0.,-0.707106781));
#3932=DIRECTION('',(-0.,1.,0.));
#3933=AXIS2_PLACEMENT_3D('',#3930,#3931,#3932);
#3934=PLANE('',#3933);
#3935=ORIENTED_EDGE('',*,*,#2025,.F.);
#3936=ORIENTED_EDGE('',*,*,#2309,.F.);
#3937=ORIENTED_EDGE('',*,*,#2150,.F.);
#3938=ORIENTED_EDGE('',*,*,#1631,.F.);
#3939=ORIENTED_EDGE('',*,*,#3861,.F.);
#3940=ORIENTED_EDGE('',*,*,#2079,.F.);
#3941=EDGE_LOOP('',(#3935,#3936,#3937,#3938,#3939,#3940));
#3942=FACE_BOUND('',#3941,.T.);
#3943=ADVANCED_FACE('',(#3942),#3934,.F.);
#3944=CARTESIAN_POINT('',(-123.95,38.424842426,5.16074058));
#3945=DIRECTION('',(0.,1.,0.));
#3946=DIRECTION('',(0.,-0.,1.));
#3947=AXIS2_PLACEMENT_3D('',#3944,#3945,#3946);
#3948=PLANE('',#3947);
#3949=CARTESIAN_POINT('',(-128.65,38.424842426,6.46074058));
#3950=VERTEX_POINT('',#3949);
#3951=CARTESIAN_POINT('',(-128.65,38.424842426,5.46074058));
#3952=DIRECTION('',(-0.,-0.,1.));
#3953=VECTOR('',#3952,1.);
#3954=LINE('',#3951,#3953);
#3955=EDGE_CURVE('',#1222,#3950,#3954,.T.);
#3956=ORIENTED_EDGE('',*,*,#3955,.T.);
#3957=CARTESIAN_POINT('',(-119.25,38.424842426,6.46074058));
#3958=VERTEX_POINT('',#3957);
#3959=CARTESIAN_POINT('',(-128.65,38.424842426,6.46074058));
#3960=DIRECTION('',(1.,0.,-0.));
#3961=VECTOR('',#3960,9.4);
#3962=LINE('',#3959,#3961);
#3963=EDGE_CURVE('',#3950,#3958,#3962,.T.);
#3964=ORIENTED_EDGE('',*,*,#3963,.T.);
#3965=CARTESIAN_POINT('',(-119.25,38.424842426,6.46074058));
#3966=DIRECTION('',(0.,0.,-1.));
#3967=VECTOR('',#3966,1.);
#3968=LINE('',#3965,#3967);
#3969=EDGE_CURVE('',#3958,#1220,#3968,.T.);
#3970=ORIENTED_EDGE('',*,*,#3969,.T.);
#3971=ORIENTED_EDGE('',*,*,#1227,.T.);
#3972=EDGE_LOOP('',(#3956,#3964,#3970,#3971));
#3973=FACE_BOUND('',#3972,.T.);
#3974=ADVANCED_FACE('',(#3973),#3948,.T.);
#3975=CARTESIAN_POINT('',(-119.25,39.424842426,5.16074058));
#3976=DIRECTION('',(0.,0.,-1.));
#3977=DIRECTION('',(-1.,0.,0.));
#3978=AXIS2_PLACEMENT_3D('',#3975,#3976,#3977);
#3979=CYLINDRICAL_SURFACE('',#3978,1.);
#3980=ORIENTED_EDGE('',*,*,#3969,.F.);
#3981=CARTESIAN_POINT('',(-119.25,39.424842426,6.46074058));
#3982=DIRECTION('',(0.,-0.,1.));
#3983=DIRECTION('',(1.,0.,0.));
#3984=AXIS2_PLACEMENT_3D('',#3981,#3982,#3983);
#3985=CIRCLE('',#3984,1.);
#3986=EDGE_CURVE('',#3958,#2618,#3985,.T.);
#3987=ORIENTED_EDGE('',*,*,#3986,.T.);
#3988=ORIENTED_EDGE('',*,*,#2623,.F.);
#3989=ORIENTED_EDGE('',*,*,#1236,.F.);
#3990=EDGE_LOOP('',(#3980,#3987,#3988,#3989));
#3991=FACE_BOUND('',#3990,.T.);
#3992=ADVANCED_FACE('',(#3991),#3979,.F.);
#3993=CARTESIAN_POINT('',(-128.65,39.424842426,9.56074058));
#3994=DIRECTION('',(0.,0.,-1.));
#3995=DIRECTION('',(-1.,0.,0.));
#3996=AXIS2_PLACEMENT_3D('',#3993,#3994,#3995);
#3997=CYLINDRICAL_SURFACE('',#3996,1.);
#3998=ORIENTED_EDGE('',*,*,#1677,.F.);
#3999=CARTESIAN_POINT('',(-128.65,39.424842426,6.46074058));
#4000=DIRECTION('',(0.,-0.,1.));
#4001=DIRECTION('',(1.,0.,0.));
#4002=AXIS2_PLACEMENT_3D('',#3999,#4000,#4001);
#4003=CIRCLE('',#4002,1.);
#4004=EDGE_CURVE('',#1666,#3950,#4003,.T.);
#4005=ORIENTED_EDGE('',*,*,#4004,.T.);
#4006=ORIENTED_EDGE('',*,*,#3955,.F.);
#4007=ORIENTED_EDGE('',*,*,#1427,.F.);
#4008=EDGE_LOOP('',(#3998,#4005,#4006,#4007));
#4009=FACE_BOUND('',#4008,.T.);
#4010=ADVANCED_FACE('',(#4009),#3997,.F.);
#4011=CARTESIAN_POINT('',(-129.65,52.924842426,9.56074058));
#4012=DIRECTION('',(0.707106781,0.707106781,0.));
#4013=DIRECTION('',(0.,0.,-1.));
#4014=AXIS2_PLACEMENT_3D('',#4011,#4012,#4013);
#4015=PLANE('',#4014);
#4016=CARTESIAN_POINT('',(-129.65,52.924842426,10.86074058));
#4017=DIRECTION('',(-0.707106781,0.707106781,0.));
#4018=VECTOR('',#4017,0.707106781);
#4019=LINE('',#4016,#4018);
#4020=EDGE_CURVE('',#1681,#298,#4019,.T.);
#4021=ORIENTED_EDGE('',*,*,#4020,.F.);
#4022=ORIENTED_EDGE('',*,*,#1686,.F.);
#4023=ORIENTED_EDGE('',*,*,#3003,.F.);
#4024=ORIENTED_EDGE('',*,*,#312,.F.);
#4025=EDGE_LOOP('',(#4021,#4022,#4023,#4024));
#4026=FACE_BOUND('',#4025,.T.);
#4027=ADVANCED_FACE('',(#4026),#4015,.T.);
#4028=CARTESIAN_POINT('',(-127.65,52.924842426,10.86074058));
#4029=DIRECTION('',(0.,1.,0.));
#4030=DIRECTION('',(0.,-0.,1.));
#4031=AXIS2_PLACEMENT_3D('',#4028,#4029,#4030);
#4032=CONICAL_SURFACE('',#4031,2.,45.);
#4033=ORIENTED_EDGE('',*,*,#4020,.T.);
#4034=ORIENTED_EDGE('',*,*,#304,.F.);
#4035=CARTESIAN_POINT('',(-127.65,52.924842426,12.86074058));
#4036=DIRECTION('',(0.,0.707106781,0.707106781));
#4037=VECTOR('',#4036,0.707106781);
#4038=LINE('',#4035,#4037);
#4039=EDGE_CURVE('',#2808,#290,#4038,.T.);
#4040=ORIENTED_EDGE('',*,*,#4039,.F.);
#4041=ORIENTED_EDGE('',*,*,#2867,.F.);
#4042=EDGE_LOOP('',(#4033,#4034,#4040,#4041));
#4043=FACE_BOUND('',#4042,.T.);
#4044=ADVANCED_FACE('',(#4043),#4032,.F.);
#4045=CARTESIAN_POINT('',(-117.75,52.924842426,12.86074058));
#4046=DIRECTION('',(0.,0.707106781,-0.707106781));
#4047=DIRECTION('',(-1.,0.,0.));
#4048=AXIS2_PLACEMENT_3D('',#4045,#4046,#4047);
#4049=PLANE('',#4048);
#4050=ORIENTED_EDGE('',*,*,#4039,.T.);
#4051=ORIENTED_EDGE('',*,*,#295,.F.);
#4052=CARTESIAN_POINT('',(-120.25,52.924842426,12.86074058));
#4053=DIRECTION('',(0.,0.707106781,0.707106781));
#4054=VECTOR('',#4053,0.707106781);
#4055=LINE('',#4052,#4054);
#4056=EDGE_CURVE('',#2790,#281,#4055,.T.);
#4057=ORIENTED_EDGE('',*,*,#4056,.F.);
#4058=ORIENTED_EDGE('',*,*,#2819,.F.);
#4059=EDGE_LOOP('',(#4050,#4051,#4057,#4058));
#4060=FACE_BOUND('',#4059,.T.);
#4061=ADVANCED_FACE('',(#4060),#4049,.T.);
#4062=CARTESIAN_POINT('',(-120.25,53.424842426,10.86074058));
#4063=DIRECTION('',(0.,1.,0.));
#4064=DIRECTION('',(0.,-0.,1.));
#4065=AXIS2_PLACEMENT_3D('',#4062,#4063,#4064);
#4066=CONICAL_SURFACE('',#4065,2.5,45.);
#4067=ORIENTED_EDGE('',*,*,#4056,.T.);
#4068=ORIENTED_EDGE('',*,*,#287,.F.);
#4069=CARTESIAN_POINT('',(-118.25,52.924842426,10.86074058));
#4070=DIRECTION('',(0.707106781,0.707106781,0.));
#4071=VECTOR('',#4070,0.707106781);
#4072=LINE('',#4069,#4071);
#4073=EDGE_CURVE('',#2609,#273,#4072,.T.);
#4074=ORIENTED_EDGE('',*,*,#4073,.F.);
#4075=ORIENTED_EDGE('',*,*,#2843,.F.);
#4076=EDGE_LOOP('',(#4067,#4068,#4074,#4075));
#4077=FACE_BOUND('',#4076,.T.);
#4078=ADVANCED_FACE('',(#4077),#4066,.F.);
#4079=CARTESIAN_POINT('',(-117.75,53.424842426,21.76074058));
#4080=DIRECTION('',(-0.707106781,0.707106781,0.));
#4081=DIRECTION('',(-0.,0.,-1.));
#4082=AXIS2_PLACEMENT_3D('',#4079,#4080,#4081);
#4083=PLANE('',#4082);
#4084=ORIENTED_EDGE('',*,*,#4073,.T.);
#4085=ORIENTED_EDGE('',*,*,#278,.F.);
#4086=ORIENTED_EDGE('',*,*,#1707,.F.);
#4087=ORIENTED_EDGE('',*,*,#2614,.F.);
#4088=EDGE_LOOP('',(#4084,#4085,#4086,#4087));
#4089=FACE_BOUND('',#4088,.T.);
#4090=ADVANCED_FACE('',(#4089),#4083,.T.);
#4091=CARTESIAN_POINT('',(-129.65,47.424842426,9.56074058));
#4092=DIRECTION('',(-0.707106781,0.707106781,0.));
#4093=DIRECTION('',(-0.,0.,-1.));
#4094=AXIS2_PLACEMENT_3D('',#4091,#4092,#4093);
#4095=PLANE('',#4094);
#4096=CARTESIAN_POINT('',(-130.655051026,46.419791401,7.955689554));
#4097=VERTEX_POINT('',#4096);
#4098=CARTESIAN_POINT('',(-130.65,46.424842426,7.96074058));
#4099=DIRECTION('',(-0.577350269,-0.577350269,-0.577350269));
#4100=VECTOR('',#4099,0.008748633);
#4101=LINE('',#4098,#4100);
#4102=EDGE_CURVE('',#2561,#4097,#4101,.T.);
#4103=ORIENTED_EDGE('',*,*,#4102,.T.);
#4104=CARTESIAN_POINT('',(-130.655051026,46.419791401,7.955689554));
#4105=DIRECTION('',(0.577350269,0.577350269,-0.577350269));
#4106=VECTOR('',#4105,1.740799441);
#4107=LINE('',#4104,#4106);
#4108=EDGE_CURVE('',#4097,#1650,#4107,.T.);
#4109=ORIENTED_EDGE('',*,*,#4108,.T.);
#4110=ORIENTED_EDGE('',*,*,#1655,.F.);
#4111=CARTESIAN_POINT('',(-130.65,46.424842426,10.86074058));
#4112=DIRECTION('',(0.707106781,0.707106781,0.));
#4113=VECTOR('',#4112,1.414213562);
#4114=LINE('',#4111,#4113);
#4115=EDGE_CURVE('',#2569,#1648,#4114,.T.);
#4116=ORIENTED_EDGE('',*,*,#4115,.F.);
#4117=ORIENTED_EDGE('',*,*,#2574,.F.);
#4118=EDGE_LOOP('',(#4103,#4109,#4110,#4116,#4117));
#4119=FACE_BOUND('',#4118,.T.);
#4120=ADVANCED_FACE('',(#4119),#4095,.F.);
#4121=CARTESIAN_POINT('',(-127.65,46.424842426,10.86074058));
#4122=DIRECTION('',(0.,-1.,-0.));
#4123=DIRECTION('',(0.,0.,-1.));
#4124=AXIS2_PLACEMENT_3D('',#4121,#4122,#4123);
#4125=CONICAL_SURFACE('',#4124,3.,45.);
#4126=ORIENTED_EDGE('',*,*,#4115,.T.);
#4127=ORIENTED_EDGE('',*,*,#2859,.F.);
#4128=CARTESIAN_POINT('',(-127.65,46.424842426,13.86074058));
#4129=DIRECTION('',(0.,0.707106781,-0.707106781));
#4130=VECTOR('',#4129,1.414213562);
#4131=LINE('',#4128,#4130);
#4132=EDGE_CURVE('',#2577,#2800,#4131,.T.);
#4133=ORIENTED_EDGE('',*,*,#4132,.F.);
#4134=ORIENTED_EDGE('',*,*,#2583,.F.);
#4135=EDGE_LOOP('',(#4126,#4127,#4133,#4134));
#4136=FACE_BOUND('',#4135,.T.);
#4137=ADVANCED_FACE('',(#4136),#4125,.F.);
#4138=CARTESIAN_POINT('',(0.267500635,46.424842426,13.86074058));
#4139=DIRECTION('',(0.,0.707106781,0.707106781));
#4140=DIRECTION('',(1.,0.,0.));
#4141=AXIS2_PLACEMENT_3D('',#4138,#4139,#4140);
#4142=PLANE('',#4141);
#4143=ORIENTED_EDGE('',*,*,#4132,.T.);
#4144=ORIENTED_EDGE('',*,*,#2805,.F.);
#4145=CARTESIAN_POINT('',(-120.25,46.424842426,13.86074058));
#4146=DIRECTION('',(0.,0.707106781,-0.707106781));
#4147=VECTOR('',#4146,1.414213562);
#4148=LINE('',#4145,#4147);
#4149=EDGE_CURVE('',#2586,#2792,#4148,.T.);
#4150=ORIENTED_EDGE('',*,*,#4149,.F.);
#4151=ORIENTED_EDGE('',*,*,#2591,.F.);
#4152=EDGE_LOOP('',(#4143,#4144,#4150,#4151));
#4153=FACE_BOUND('',#4152,.T.);
#4154=ADVANCED_FACE('',(#4153),#4142,.F.);
#4155=CARTESIAN_POINT('',(-120.25,46.424842426,10.86074058));
#4156=DIRECTION('',(0.,-1.,-0.));
#4157=DIRECTION('',(0.,0.,-1.));
#4158=AXIS2_PLACEMENT_3D('',#4155,#4156,#4157);
#4159=CONICAL_SURFACE('',#4158,3.,45.);
#4160=ORIENTED_EDGE('',*,*,#4149,.T.);
#4161=ORIENTED_EDGE('',*,*,#2835,.F.);
#4162=CARTESIAN_POINT('',(-117.25,46.424842426,10.86074058));
#4163=DIRECTION('',(-0.707106781,0.707106781,0.));
#4164=VECTOR('',#4163,1.414213562);
#4165=LINE('',#4162,#4164);
#4166=EDGE_CURVE('',#2486,#2642,#4165,.T.);
#4167=ORIENTED_EDGE('',*,*,#4166,.F.);
#4168=ORIENTED_EDGE('',*,*,#2598,.F.);
#4169=EDGE_LOOP('',(#4160,#4161,#4167,#4168));
#4170=FACE_BOUND('',#4169,.T.);
#4171=ADVANCED_FACE('',(#4170),#4159,.F.);
#4172=CARTESIAN_POINT('',(-117.25,46.424842426,21.76074058));
#4173=DIRECTION('',(0.707106781,0.707106781,0.));
#4174=DIRECTION('',(0.,0.,-1.));
#4175=AXIS2_PLACEMENT_3D('',#4172,#4173,#4174);
#4176=PLANE('',#4175);
#4177=ORIENTED_EDGE('',*,*,#2647,.F.);
#4178=CARTESIAN_POINT('',(-117.244948974,46.419791401,7.955689554));
#4179=VERTEX_POINT('',#4178);
#4180=CARTESIAN_POINT('',(-118.25,47.424842426,6.950638529));
#4181=DIRECTION('',(0.577350269,-0.577350269,0.577350269));
#4182=VECTOR('',#4181,1.740799441);
#4183=LINE('',#4180,#4182);
#4184=EDGE_CURVE('',#2634,#4179,#4183,.T.);
#4185=ORIENTED_EDGE('',*,*,#4184,.T.);
#4186=CARTESIAN_POINT('',(-117.244948974,46.419791401,7.955689554));
#4187=DIRECTION('',(-0.577350269,0.577350269,0.577350269));
#4188=VECTOR('',#4187,0.008748633);
#4189=LINE('',#4186,#4188);
#4190=EDGE_CURVE('',#4179,#2488,#4189,.T.);
#4191=ORIENTED_EDGE('',*,*,#4190,.T.);
#4192=ORIENTED_EDGE('',*,*,#2493,.F.);
#4193=ORIENTED_EDGE('',*,*,#4166,.T.);
#4194=EDGE_LOOP('',(#4177,#4185,#4191,#4192,#4193));
#4195=FACE_BOUND('',#4194,.T.);
#4196=ADVANCED_FACE('',(#4195),#4176,.F.);
#4197=CARTESIAN_POINT('',(-117.25,-1.719207574,7.46074058));
#4198=DIRECTION('',(-0.707106781,-0.,0.707106781));
#4199=DIRECTION('',(0.,1.,0.));
#4200=AXIS2_PLACEMENT_3D('',#4197,#4198,#4199);
#4201=PLANE('',#4200);
#4202=CARTESIAN_POINT('',(-117.244948974,45.929893452,7.465791606));
#4203=VERTEX_POINT('',#4202);
#4204=CARTESIAN_POINT('',(-117.25,45.924842426,7.46074058));
#4205=DIRECTION('',(0.577350269,0.577350269,0.577350269));
#4206=VECTOR('',#4205,0.008748633);
#4207=LINE('',#4204,#4206);
#4208=EDGE_CURVE('',#633,#4203,#4207,.T.);
#4209=ORIENTED_EDGE('',*,*,#4208,.T.);
#4210=CARTESIAN_POINT('',(-117.244948974,45.929893452,7.465791606));
#4211=DIRECTION('',(-0.577350269,0.577350269,-0.577350269));
#4212=VECTOR('',#4211,1.740799441);
#4213=LINE('',#4210,#4212);
#4214=EDGE_CURVE('',#4203,#2626,#4213,.T.);
#4215=ORIENTED_EDGE('',*,*,#4214,.T.);
#4216=ORIENTED_EDGE('',*,*,#2631,.F.);
#4217=CARTESIAN_POINT('',(-117.25,39.424842426,7.46074058));
#4218=DIRECTION('',(-0.707106781,0.,-0.707106781));
#4219=VECTOR('',#4218,1.414213562);
#4220=LINE('',#4217,#4219);
#4221=EDGE_CURVE('',#641,#2618,#4220,.T.);
#4222=ORIENTED_EDGE('',*,*,#4221,.F.);
#4223=ORIENTED_EDGE('',*,*,#646,.F.);
#4224=EDGE_LOOP('',(#4209,#4215,#4216,#4222,#4223));
#4225=FACE_BOUND('',#4224,.T.);
#4226=ADVANCED_FACE('',(#4225),#4201,.T.);
#4227=CARTESIAN_POINT('',(-119.25,39.424842426,7.46074058));
#4228=DIRECTION('',(0.,-0.,1.));
#4229=DIRECTION('',(1.,0.,0.));
#4230=AXIS2_PLACEMENT_3D('',#4227,#4228,#4229);
#4231=CONICAL_SURFACE('',#4230,2.,45.);
#4232=ORIENTED_EDGE('',*,*,#4221,.T.);
#4233=ORIENTED_EDGE('',*,*,#3986,.F.);
#4234=CARTESIAN_POINT('',(-119.25,37.424842426,7.46074058));
#4235=DIRECTION('',(0.,0.707106781,-0.707106781));
#4236=VECTOR('',#4235,1.414213562);
#4237=LINE('',#4234,#4236);
#4238=EDGE_CURVE('',#649,#3958,#4237,.T.);
#4239=ORIENTED_EDGE('',*,*,#4238,.F.);
#4240=ORIENTED_EDGE('',*,*,#655,.F.);
#4241=EDGE_LOOP('',(#4232,#4233,#4239,#4240));
#4242=FACE_BOUND('',#4241,.T.);
#4243=ADVANCED_FACE('',(#4242),#4231,.F.);
#4244=CARTESIAN_POINT('',(-123.95,38.424842426,6.46074058));
#4245=DIRECTION('',(0.,-0.707106781,-0.707106781));
#4246=DIRECTION('',(1.,0.,0.));
#4247=AXIS2_PLACEMENT_3D('',#4244,#4245,#4246);
#4248=PLANE('',#4247);
#4249=ORIENTED_EDGE('',*,*,#4238,.T.);
#4250=ORIENTED_EDGE('',*,*,#3963,.F.);
#4251=CARTESIAN_POINT('',(-128.65,37.424842426,7.46074058));
#4252=DIRECTION('',(0.,0.707106781,-0.707106781));
#4253=VECTOR('',#4252,1.414213562);
#4254=LINE('',#4251,#4253);
#4255=EDGE_CURVE('',#658,#3950,#4254,.T.);
#4256=ORIENTED_EDGE('',*,*,#4255,.F.);
#4257=ORIENTED_EDGE('',*,*,#663,.F.);
#4258=EDGE_LOOP('',(#4249,#4250,#4256,#4257));
#4259=FACE_BOUND('',#4258,.T.);
#4260=ADVANCED_FACE('',(#4259),#4248,.F.);
#4261=CARTESIAN_POINT('',(-128.65,39.424842426,7.46074058));
#4262=DIRECTION('',(0.,-0.,1.));
#4263=DIRECTION('',(1.,0.,0.));
#4264=AXIS2_PLACEMENT_3D('',#4261,#4262,#4263);
#4265=CONICAL_SURFACE('',#4264,2.,45.);
#4266=ORIENTED_EDGE('',*,*,#4255,.T.);
#4267=ORIENTED_EDGE('',*,*,#4004,.F.);
#4268=CARTESIAN_POINT('',(-130.65,39.424842426,7.46074058));
#4269=DIRECTION('',(0.707106781,0.,-0.707106781));
#4270=VECTOR('',#4269,1.414213562);
#4271=LINE('',#4268,#4270);
#4272=EDGE_CURVE('',#666,#1666,#4271,.T.);
#4273=ORIENTED_EDGE('',*,*,#4272,.F.);
#4274=ORIENTED_EDGE('',*,*,#672,.F.);
#4275=EDGE_LOOP('',(#4266,#4267,#4273,#4274));
#4276=FACE_BOUND('',#4275,.T.);
#4277=ADVANCED_FACE('',(#4276),#4265,.F.);
#4278=CARTESIAN_POINT('',(-129.65,49.210904475,6.46074058));
#4279=DIRECTION('',(0.707106781,-0.,0.707106781));
#4280=DIRECTION('',(-0.,1.,0.));
#4281=AXIS2_PLACEMENT_3D('',#4278,#4279,#4280);
#4282=PLANE('',#4281);
#4283=ORIENTED_EDGE('',*,*,#1671,.F.);
#4284=CARTESIAN_POINT('',(-130.655051026,45.929893452,7.465791606));
#4285=VERTEX_POINT('',#4284);
#4286=CARTESIAN_POINT('',(-129.65,46.934944478,6.46074058));
#4287=DIRECTION('',(-0.577350269,-0.577350269,0.577350269));
#4288=VECTOR('',#4287,1.740799441);
#4289=LINE('',#4286,#4288);
#4290=EDGE_CURVE('',#1658,#4285,#4289,.T.);
#4291=ORIENTED_EDGE('',*,*,#4290,.T.);
#4292=CARTESIAN_POINT('',(-130.655051026,45.929893452,7.465791606));
#4293=DIRECTION('',(0.577350269,-0.577350269,-0.577350269));
#4294=VECTOR('',#4293,0.008748633);
#4295=LINE('',#4292,#4294);
#4296=EDGE_CURVE('',#4285,#675,#4295,.T.);
#4297=ORIENTED_EDGE('',*,*,#4296,.T.);
#4298=ORIENTED_EDGE('',*,*,#680,.F.);
#4299=ORIENTED_EDGE('',*,*,#4272,.T.);
#4300=EDGE_LOOP('',(#4283,#4291,#4297,#4298,#4299));
#4301=FACE_BOUND('',#4300,.T.);
#4302=ADVANCED_FACE('',(#4301),#4282,.T.);
#4303=CARTESIAN_POINT('',(-127.890204977,-46.363257574,5.86074058));
#4304=DIRECTION('',(1.,0.,0.));
#4305=DIRECTION('',(0.,-0.121869343,-0.992546152));
#4306=AXIS2_PLACEMENT_3D('',#4303,#4304,#4305);
#4307=PLANE('',#4306);
#4308=ORIENTED_EDGE('',*,*,#1199,.F.);
#4309=CARTESIAN_POINT('',(-127.890204977,-46.163257574,5.86074058));
#4310=VERTEX_POINT('',#4309);
#4311=CARTESIAN_POINT('',(-127.890204977,-46.163257574,5.46074058));
#4312=DIRECTION('',(-0.,-0.,1.));
#4313=VECTOR('',#4312,0.4);
#4314=LINE('',#4311,#4313);
#4315=EDGE_CURVE('',#1185,#4310,#4314,.T.);
#4316=ORIENTED_EDGE('',*,*,#4315,.T.);
#4317=CARTESIAN_POINT('',(-127.890204977,-55.163257574,5.86074058));
#4318=VERTEX_POINT('',#4317);
#4319=CARTESIAN_POINT('',(-127.890204977,-46.163257574,5.86074058));
#4320=DIRECTION('',(0.,-1.,-0.));
#4321=VECTOR('',#4320,9.);
#4322=LINE('',#4319,#4321);
#4323=EDGE_CURVE('',#4310,#4318,#4322,.T.);
#4324=ORIENTED_EDGE('',*,*,#4323,.T.);
#4325=CARTESIAN_POINT('',(-127.890204977,-55.163257574,5.86074058));
#4326=DIRECTION('',(0.,0.,-1.));
#4327=VECTOR('',#4326,0.4);
#4328=LINE('',#4325,#4327);
#4329=EDGE_CURVE('',#4318,#1194,#4328,.T.);
#4330=ORIENTED_EDGE('',*,*,#4329,.T.);
#4331=EDGE_LOOP('',(#4308,#4316,#4324,#4330));
#4332=FACE_BOUND('',#4331,.T.);
#4333=ADVANCED_FACE('',(#4332),#4307,.T.);
#4334=CARTESIAN_POINT('',(-126.890204977,-46.363257574,5.86074058));
#4335=DIRECTION('',(1.,0.,0.));
#4336=DIRECTION('',(0.,-0.121869343,-0.992546152));
#4337=AXIS2_PLACEMENT_3D('',#4334,#4335,#4336);
#4338=PLANE('',#4337);
#4339=CARTESIAN_POINT('',(-126.890204977,-46.163257574,5.86074058));
#4340=VERTEX_POINT('',#4339);
#4341=CARTESIAN_POINT('',(-126.890204977,-55.163257574,5.86074058));
#4342=VERTEX_POINT('',#4341);
#4343=CARTESIAN_POINT('',(-126.890204977,-46.163257574,5.86074058));
#4344=DIRECTION('',(0.,-1.,-0.));
#4345=VECTOR('',#4344,9.);
#4346=LINE('',#4343,#4345);
#4347=EDGE_CURVE('',#4340,#4342,#4346,.T.);
#4348=ORIENTED_EDGE('',*,*,#4347,.F.);
#4349=CARTESIAN_POINT('',(-126.890204977,-46.163257574,5.86074058));
#4350=DIRECTION('',(0.,0.,-1.));
#4351=VECTOR('',#4350,0.4);
#4352=LINE('',#4349,#4351);
#4353=EDGE_CURVE('',#4340,#1166,#4352,.T.);
#4354=ORIENTED_EDGE('',*,*,#4353,.T.);
#4355=ORIENTED_EDGE('',*,*,#1173,.T.);
#4356=CARTESIAN_POINT('',(-126.890204977,-55.163257574,5.46074058));
#4357=DIRECTION('',(-0.,-0.,1.));
#4358=VECTOR('',#4357,0.4);
#4359=LINE('',#4356,#4358);
#4360=EDGE_CURVE('',#1168,#4342,#4359,.T.);
#4361=ORIENTED_EDGE('',*,*,#4360,.T.);
#4362=EDGE_LOOP('',(#4348,#4354,#4355,#4361));
#4363=FACE_BOUND('',#4362,.T.);
#4364=ADVANCED_FACE('',(#4363),#4338,.F.);
#4365=CARTESIAN_POINT('',(0.,-1.010708156,5.86074058));
#4366=DIRECTION('',(0.,0.,-1.));
#4367=DIRECTION('',(-1.,0.,0.));
#4368=AXIS2_PLACEMENT_3D('',#4365,#4366,#4367);
#4369=PLANE('',#4368);
#4370=ORIENTED_EDGE('',*,*,#4323,.F.);
#4371=CARTESIAN_POINT('',(-127.390204977,-45.663257574,5.86074058));
#4372=VERTEX_POINT('',#4371);
#4373=CARTESIAN_POINT('',(-127.390204977,-46.163257574,5.86074058));
#4374=DIRECTION('',(0.,0.,-1.));
#4375=DIRECTION('',(0.,1.,0.));
#4376=AXIS2_PLACEMENT_3D('',#4373,#4374,#4375);
#4377=CIRCLE('',#4376,0.5);
#4378=EDGE_CURVE('',#4310,#4372,#4377,.T.);
#4379=ORIENTED_EDGE('',*,*,#4378,.T.);
#4380=CARTESIAN_POINT('',(-127.390204977,-46.163257574,5.86074058));
#4381=DIRECTION('',(0.,0.,-1.));
#4382=DIRECTION('',(0.,1.,0.));
#4383=AXIS2_PLACEMENT_3D('',#4380,#4381,#4382);
#4384=CIRCLE('',#4383,0.5);
#4385=EDGE_CURVE('',#4372,#4340,#4384,.T.);
#4386=ORIENTED_EDGE('',*,*,#4385,.T.);
#4387=ORIENTED_EDGE('',*,*,#4347,.T.);
#4388=CARTESIAN_POINT('',(-127.390204977,-55.663257574,5.86074058));
#4389=VERTEX_POINT('',#4388);
#4390=CARTESIAN_POINT('',(-127.390204977,-55.163257574,5.86074058));
#4391=DIRECTION('',(0.,0.,-1.));
#4392=DIRECTION('',(0.,1.,0.));
#4393=AXIS2_PLACEMENT_3D('',#4390,#4391,#4392);
#4394=CIRCLE('',#4393,0.5);
#4395=EDGE_CURVE('',#4342,#4389,#4394,.T.);
#4396=ORIENTED_EDGE('',*,*,#4395,.T.);
#4397=CARTESIAN_POINT('',(-127.390204977,-55.163257574,5.86074058));
#4398=DIRECTION('',(0.,0.,-1.));
#4399=DIRECTION('',(0.,1.,0.));
#4400=AXIS2_PLACEMENT_3D('',#4397,#4398,#4399);
#4401=CIRCLE('',#4400,0.5);
#4402=EDGE_CURVE('',#4389,#4318,#4401,.T.);
#4403=ORIENTED_EDGE('',*,*,#4402,.T.);
#4404=EDGE_LOOP('',(#4370,#4379,#4386,#4387,#4396,#4403));
#4405=FACE_BOUND('',#4404,.T.);
#4406=ADVANCED_FACE('',(#4405),#4369,.T.);
#4407=CARTESIAN_POINT('',(-127.390204977,-46.163257574,5.86074058));
#4408=DIRECTION('',(0.,0.,-1.));
#4409=DIRECTION('',(0.,1.,0.));
#4410=AXIS2_PLACEMENT_3D('',#4407,#4408,#4409);
#4411=CYLINDRICAL_SURFACE('',#4410,0.5);
#4412=ORIENTED_EDGE('',*,*,#4353,.F.);
#4413=ORIENTED_EDGE('',*,*,#4385,.F.);
#4414=CARTESIAN_POINT('',(-127.390204977,-45.663257574,5.46074058));
#4415=DIRECTION('',(-0.,-0.,1.));
#4416=VECTOR('',#4415,0.4);
#4417=LINE('',#4414,#4416);
#4418=EDGE_CURVE('',#1176,#4372,#4417,.T.);
#4419=ORIENTED_EDGE('',*,*,#4418,.F.);
#4420=ORIENTED_EDGE('',*,*,#1182,.F.);
#4421=EDGE_LOOP('',(#4412,#4413,#4419,#4420));
#4422=FACE_BOUND('',#4421,.T.);
#4423=ADVANCED_FACE('',(#4422),#4411,.F.);
#4424=CARTESIAN_POINT('',(-127.390204977,-46.163257574,5.86074058));
#4425=DIRECTION('',(0.,0.,1.));
#4426=DIRECTION('',(0.,-1.,0.));
#4427=AXIS2_PLACEMENT_3D('',#4424,#4425,#4426);
#4428=CYLINDRICAL_SURFACE('',#4427,0.5);
#4429=ORIENTED_EDGE('',*,*,#4378,.F.);
#4430=ORIENTED_EDGE('',*,*,#4315,.F.);
#4431=ORIENTED_EDGE('',*,*,#1191,.F.);
#4432=ORIENTED_EDGE('',*,*,#4418,.T.);
#4433=EDGE_LOOP('',(#4429,#4430,#4431,#4432));
#4434=FACE_BOUND('',#4433,.T.);
#4435=ADVANCED_FACE('',(#4434),#4428,.F.);
#4436=CARTESIAN_POINT('',(-127.390204977,-55.163257574,5.86074058));
#4437=DIRECTION('',(0.,0.,-1.));
#4438=DIRECTION('',(0.,1.,0.));
#4439=AXIS2_PLACEMENT_3D('',#4436,#4437,#4438);
#4440=CYLINDRICAL_SURFACE('',#4439,0.5);
#4441=CARTESIAN_POINT('',(-127.390204977,-55.663257574,5.86074058));
#4442=DIRECTION('',(0.,0.,-1.));
#4443=VECTOR('',#4442,0.4);
#4444=LINE('',#4441,#4443);
#4445=EDGE_CURVE('',#4389,#1202,#4444,.T.);
#4446=ORIENTED_EDGE('',*,*,#4445,.F.);
#4447=ORIENTED_EDGE('',*,*,#4395,.F.);
#4448=ORIENTED_EDGE('',*,*,#4360,.F.);
#4449=ORIENTED_EDGE('',*,*,#1215,.F.);
#4450=EDGE_LOOP('',(#4446,#4447,#4448,#4449));
#4451=FACE_BOUND('',#4450,.T.);
#4452=ADVANCED_FACE('',(#4451),#4440,.F.);
#4453=CARTESIAN_POINT('',(-127.390204977,-55.163257574,5.86074058));
#4454=DIRECTION('',(0.,0.,1.));
#4455=DIRECTION('',(0.,-1.,0.));
#4456=AXIS2_PLACEMENT_3D('',#4453,#4454,#4455);
#4457=CYLINDRICAL_SURFACE('',#4456,0.5);
#4458=ORIENTED_EDGE('',*,*,#4402,.F.);
#4459=ORIENTED_EDGE('',*,*,#4445,.T.);
#4460=ORIENTED_EDGE('',*,*,#1208,.F.);
#4461=ORIENTED_EDGE('',*,*,#4329,.F.);
#4462=EDGE_LOOP('',(#4458,#4459,#4460,#4461));
#4463=FACE_BOUND('',#4462,.T.);
#4464=ADVANCED_FACE('',(#4463),#4457,.F.);
#4465=CARTESIAN_POINT('',(0.4,45.924842426,7.46074058));
#4466=DIRECTION('',(0.,0.707106781,-0.707106781));
#4467=DIRECTION('',(-1.,0.,0.));
#4468=AXIS2_PLACEMENT_3D('',#4465,#4466,#4467);
#4469=PLANE('',#4468);
#4470=ORIENTED_EDGE('',*,*,#4102,.F.);
#4471=ORIENTED_EDGE('',*,*,#2566,.F.);
#4472=CARTESIAN_POINT('',(-141.019799365,45.924842426,7.46074058));
#4473=DIRECTION('',(0.,0.707106781,0.707106781));
#4474=VECTOR('',#4473,0.707106781);
#4475=LINE('',#4472,#4474);
#4476=EDGE_CURVE('',#683,#2553,#4475,.T.);
#4477=ORIENTED_EDGE('',*,*,#4476,.F.);
#4478=ORIENTED_EDGE('',*,*,#688,.F.);
#4479=ORIENTED_EDGE('',*,*,#4296,.F.);
#4480=CARTESIAN_POINT('',(-130.655051026,45.929893452,7.465791606));
#4481=DIRECTION('',(0.,0.707106781,0.707106781));
#4482=VECTOR('',#4481,0.692820323);
#4483=LINE('',#4480,#4482);
#4484=EDGE_CURVE('',#4285,#4097,#4483,.T.);
#4485=ORIENTED_EDGE('',*,*,#4484,.T.);
#4486=EDGE_LOOP('',(#4470,#4471,#4477,#4478,#4479,#4485));
#4487=FACE_BOUND('',#4486,.T.);
#4488=ADVANCED_FACE('',(#4487),#4469,.F.);
#4489=CARTESIAN_POINT('',(-141.019799365,44.424842426,7.46074058));
#4490=DIRECTION('',(0.,0.,1.));
#4491=DIRECTION('',(1.,0.,-0.));
#4492=AXIS2_PLACEMENT_3D('',#4489,#4490,#4491);
#4493=CONICAL_SURFACE('',#4492,1.5,45.);
#4494=ORIENTED_EDGE('',*,*,#4476,.T.);
#4495=ORIENTED_EDGE('',*,*,#2678,.F.);
#4496=CARTESIAN_POINT('',(-142.519799365,44.424842426,7.46074058));
#4497=DIRECTION('',(-0.707106781,0.,0.707106781));
#4498=VECTOR('',#4497,0.707106781);
#4499=LINE('',#4496,#4498);
#4500=EDGE_CURVE('',#691,#2664,#4499,.T.);
#4501=ORIENTED_EDGE('',*,*,#4500,.F.);
#4502=ORIENTED_EDGE('',*,*,#697,.F.);
#4503=EDGE_LOOP('',(#4494,#4495,#4501,#4502));
#4504=FACE_BOUND('',#4503,.T.);
#4505=ADVANCED_FACE('',(#4504),#4493,.F.);
#4506=CARTESIAN_POINT('',(-142.519799365,-1.719207574,7.46074058));
#4507=DIRECTION('',(-0.707106781,0.,-0.707106781));
#4508=DIRECTION('',(0.,-1.,-0.));
#4509=AXIS2_PLACEMENT_3D('',#4506,#4507,#4508);
#4510=PLANE('',#4509);
#4511=ORIENTED_EDGE('',*,*,#4500,.T.);
#4512=ORIENTED_EDGE('',*,*,#2726,.F.);
#4513=CARTESIAN_POINT('',(-142.519799365,-48.063257574,7.46074058));
#4514=DIRECTION('',(-0.707106781,0.,0.707106781));
#4515=VECTOR('',#4514,0.707106781);
#4516=LINE('',#4513,#4515);
#4517=EDGE_CURVE('',#700,#2715,#4516,.T.);
#4518=ORIENTED_EDGE('',*,*,#4517,.F.);
#4519=ORIENTED_EDGE('',*,*,#705,.F.);
#4520=EDGE_LOOP('',(#4511,#4512,#4518,#4519));
#4521=FACE_BOUND('',#4520,.T.);
#4522=ADVANCED_FACE('',(#4521),#4510,.F.);
#4523=CARTESIAN_POINT('',(-141.019799365,-48.063257574,7.46074058));
#4524=DIRECTION('',(0.,0.,1.));
#4525=DIRECTION('',(1.,0.,-0.));
#4526=AXIS2_PLACEMENT_3D('',#4523,#4524,#4525);
#4527=CONICAL_SURFACE('',#4526,1.5,45.);
#4528=ORIENTED_EDGE('',*,*,#4517,.T.);
#4529=ORIENTED_EDGE('',*,*,#3512,.F.);
#4530=CARTESIAN_POINT('',(-141.019799365,-49.563257574,7.46074058));
#4531=DIRECTION('',(0.,-0.707106781,0.707106781));
#4532=VECTOR('',#4531,0.707106781);
#4533=LINE('',#4530,#4532);
#4534=EDGE_CURVE('',#708,#1570,#4533,.T.);
#4535=ORIENTED_EDGE('',*,*,#4534,.F.);
#4536=ORIENTED_EDGE('',*,*,#714,.F.);
#4537=EDGE_LOOP('',(#4528,#4529,#4535,#4536));
#4538=FACE_BOUND('',#4537,.T.);
#4539=ADVANCED_FACE('',(#4538),#4527,.F.);
#4540=CARTESIAN_POINT('',(0.4,-49.563257574,7.46074058));
#4541=DIRECTION('',(0.,-0.707106781,-0.707106781));
#4542=DIRECTION('',(1.,0.,0.));
#4543=AXIS2_PLACEMENT_3D('',#4540,#4541,#4542);
#4544=PLANE('',#4543);
#4545=ORIENTED_EDGE('',*,*,#4534,.T.);
#4546=ORIENTED_EDGE('',*,*,#1575,.F.);
#4547=ORIENTED_EDGE('',*,*,#1457,.F.);
#4548=ORIENTED_EDGE('',*,*,#720,.F.);
#4549=EDGE_LOOP('',(#4545,#4546,#4547,#4548));
#4550=FACE_BOUND('',#4549,.T.);
#4551=ADVANCED_FACE('',(#4550),#4544,.F.);
#4552=CARTESIAN_POINT('',(0.267500635,46.424842426,7.96074058));
#4553=DIRECTION('',(0.,0.707106781,-0.707106781));
#4554=DIRECTION('',(1.,0.,0.));
#4555=AXIS2_PLACEMENT_3D('',#4552,#4553,#4554);
#4556=PLANE('',#4555);
#4557=ORIENTED_EDGE('',*,*,#4208,.F.);
#4558=ORIENTED_EDGE('',*,*,#638,.F.);
#4559=ORIENTED_EDGE('',*,*,#1450,.F.);
#4560=ORIENTED_EDGE('',*,*,#2499,.F.);
#4561=ORIENTED_EDGE('',*,*,#4190,.F.);
#4562=CARTESIAN_POINT('',(-117.244948974,46.419791401,7.955689554));
#4563=DIRECTION('',(0.,-0.707106781,-0.707106781));
#4564=VECTOR('',#4563,0.692820323);
#4565=LINE('',#4562,#4564);
#4566=EDGE_CURVE('',#4179,#4203,#4565,.T.);
#4567=ORIENTED_EDGE('',*,*,#4566,.T.);
#4568=EDGE_LOOP('',(#4557,#4558,#4559,#4560,#4561,#4567));
#4569=FACE_BOUND('',#4568,.T.);
#4570=ADVANCED_FACE('',(#4569),#4556,.F.);
#4571=CARTESIAN_POINT('',(-130.520034017,46.554808409,7.820672546));
#4572=DIRECTION('',(-0.816496581,0.40824829,-0.40824829));
#4573=DIRECTION('',(0.577350269,0.577350269,-0.577350269));
#4574=AXIS2_PLACEMENT_3D('',#4571,#4572,#4573);
#4575=PLANE('',#4574);
#4576=ORIENTED_EDGE('',*,*,#4484,.F.);
#4577=ORIENTED_EDGE('',*,*,#4290,.F.);
#4578=ORIENTED_EDGE('',*,*,#1663,.F.);
#4579=ORIENTED_EDGE('',*,*,#4108,.F.);
#4580=EDGE_LOOP('',(#4576,#4577,#4578,#4579));
#4581=FACE_BOUND('',#4580,.T.);
#4582=ADVANCED_FACE('',(#4581),#4575,.F.);
#4583=CARTESIAN_POINT('',(-112.64663265,41.821475076,12.554005879));
#4584=DIRECTION('',(0.816496581,0.40824829,-0.40824829));
#4585=DIRECTION('',(0.577350269,-0.577350269,0.577350269));
#4586=AXIS2_PLACEMENT_3D('',#4583,#4584,#4585);
#4587=PLANE('',#4586);
#4588=ORIENTED_EDGE('',*,*,#2639,.F.);
#4589=ORIENTED_EDGE('',*,*,#4214,.F.);
#4590=ORIENTED_EDGE('',*,*,#4566,.F.);
#4591=ORIENTED_EDGE('',*,*,#4184,.F.);
#4592=EDGE_LOOP('',(#4588,#4589,#4590,#4591));
#4593=FACE_BOUND('',#4592,.T.);
#4594=ADVANCED_FACE('',(#4593),#4587,.F.);
#4595=CARTESIAN_POINT('',(-137.023091316,10.8,6.46074058));
#4596=DIRECTION('',(0.,-1.,-0.));
#4597=DIRECTION('',(0.,0.,-1.));
#4598=AXIS2_PLACEMENT_3D('',#4595,#4596,#4597);
#4599=PLANE('',#4598);
#4600=CARTESIAN_POINT('',(-133.,10.8,7.26074058));
#4601=VERTEX_POINT('',#4600);
#4602=CARTESIAN_POINT('',(-133.,10.8,6.46074058));
#4603=DIRECTION('',(0.,-0.,1.));
#4604=VECTOR('',#4603,0.8);
#4605=LINE('',#4602,#4604);
#4606=EDGE_CURVE('',#1044,#4601,#4605,.T.);
#4607=ORIENTED_EDGE('',*,*,#4606,.T.);
#4608=CARTESIAN_POINT('',(-141.019799365,10.8,7.26074058));
#4609=VERTEX_POINT('',#4608);
#4610=CARTESIAN_POINT('',(-133.,10.8,7.26074058));
#4611=DIRECTION('',(-1.,0.,0.));
#4612=VECTOR('',#4611,8.019799365);
#4613=LINE('',#4610,#4612);
#4614=EDGE_CURVE('',#4601,#4609,#4613,.T.);
#4615=ORIENTED_EDGE('',*,*,#4614,.T.);
#4616=CARTESIAN_POINT('',(-141.019799365,10.8,7.26074058));
#4617=DIRECTION('',(-0.,0.,-1.));
#4618=VECTOR('',#4617,0.8);
#4619=LINE('',#4616,#4618);
#4620=EDGE_CURVE('',#4609,#1053,#4619,.T.);
#4621=ORIENTED_EDGE('',*,*,#4620,.T.);
#4622=ORIENTED_EDGE('',*,*,#1058,.T.);
#4623=EDGE_LOOP('',(#4607,#4615,#4621,#4622));
#4624=FACE_BOUND('',#4623,.T.);
#4625=ADVANCED_FACE('',(#4624),#4599,.T.);
#4626=CARTESIAN_POINT('',(-142.019799365,4.045728732,6.46074058));
#4627=DIRECTION('',(1.,0.,0.));
#4628=DIRECTION('',(0.,0.,-1.));
#4629=AXIS2_PLACEMENT_3D('',#4626,#4627,#4628);
#4630=PLANE('',#4629);
#4631=CARTESIAN_POINT('',(-142.019799365,-1.510153171,5.66074058));
#4632=VERTEX_POINT('',#4631);
#4633=CARTESIAN_POINT('',(-142.019799365,-1.510153171,5.66074058));
#4634=DIRECTION('',(0.,-0.,1.));
#4635=VECTOR('',#4634,0.8);
#4636=LINE('',#4633,#4635);
#4637=EDGE_CURVE('',#4632,#993,#4636,.T.);
#4638=ORIENTED_EDGE('',*,*,#4637,.F.);
#4639=CARTESIAN_POINT('',(-142.019799365,7.701610635,5.66074058));
#4640=VERTEX_POINT('',#4639);
#4641=CARTESIAN_POINT('',(-142.019799365,-1.510153171,5.66074058));
#4642=DIRECTION('',(0.,1.,0.));
#4643=VECTOR('',#4642,9.211763807);
#4644=LINE('',#4641,#4643);
#4645=EDGE_CURVE('',#4632,#4640,#4644,.T.);
#4646=ORIENTED_EDGE('',*,*,#4645,.T.);
#4647=CARTESIAN_POINT('',(-142.019799365,7.701610635,6.46074058));
#4648=DIRECTION('',(-0.,0.,-1.));
#4649=VECTOR('',#4648,0.8);
#4650=LINE('',#4647,#4649);
#4651=EDGE_CURVE('',#959,#4640,#4650,.T.);
#4652=ORIENTED_EDGE('',*,*,#4651,.F.);
#4653=ORIENTED_EDGE('',*,*,#966,.T.);
#4654=CARTESIAN_POINT('',(-142.019799365,9.8,7.26074058));
#4655=VERTEX_POINT('',#4654);
#4656=CARTESIAN_POINT('',(-142.019799365,9.8,6.46074058));
#4657=DIRECTION('',(0.,-0.,1.));
#4658=VECTOR('',#4657,0.8);
#4659=LINE('',#4656,#4658);
#4660=EDGE_CURVE('',#961,#4655,#4659,.T.);
#4661=ORIENTED_EDGE('',*,*,#4660,.T.);
#4662=CARTESIAN_POINT('',(-142.019799365,-3.908542536,7.26074058));
#4663=VERTEX_POINT('',#4662);
#4664=CARTESIAN_POINT('',(-142.019799365,9.8,7.26074058));
#4665=DIRECTION('',(0.,-1.,-0.));
#4666=VECTOR('',#4665,13.708542536);
#4667=LINE('',#4664,#4666);
#4668=EDGE_CURVE('',#4655,#4663,#4667,.T.);
#4669=ORIENTED_EDGE('',*,*,#4668,.T.);
#4670=CARTESIAN_POINT('',(-142.019799365,-3.908542536,7.26074058));
#4671=DIRECTION('',(-0.,0.,-1.));
#4672=VECTOR('',#4671,0.8);
#4673=LINE('',#4670,#4672);
#4674=EDGE_CURVE('',#4663,#1002,#4673,.T.);
#4675=ORIENTED_EDGE('',*,*,#4674,.T.);
#4676=ORIENTED_EDGE('',*,*,#1007,.T.);
#4677=EDGE_LOOP('',(#4638,#4646,#4652,#4653,#4661,#4669,#4675,#4676));
#4678=FACE_BOUND('',#4677,.T.);
#4679=ADVANCED_FACE('',(#4678),#4630,.T.);
#4680=CARTESIAN_POINT('',(-137.023091316,-4.908542536,6.46074058));
#4681=DIRECTION('',(0.,1.,0.));
#4682=DIRECTION('',(0.,-0.,1.));
#4683=AXIS2_PLACEMENT_3D('',#4680,#4681,#4682);
#4684=PLANE('',#4683);
#4685=CARTESIAN_POINT('',(-141.019799365,-4.908542536,7.26074058));
#4686=VERTEX_POINT('',#4685);
#4687=CARTESIAN_POINT('',(-141.019799365,-4.908542536,6.46074058));
#4688=DIRECTION('',(0.,-0.,1.));
#4689=VECTOR('',#4688,0.8);
#4690=LINE('',#4687,#4689);
#4691=EDGE_CURVE('',#1010,#4686,#4690,.T.);
#4692=ORIENTED_EDGE('',*,*,#4691,.T.);
#4693=CARTESIAN_POINT('',(-133.,-4.908542536,7.26074058));
#4694=VERTEX_POINT('',#4693);
#4695=CARTESIAN_POINT('',(-141.019799365,-4.908542536,7.26074058));
#4696=DIRECTION('',(1.,0.,-0.));
#4697=VECTOR('',#4696,8.019799365);
#4698=LINE('',#4695,#4697);
#4699=EDGE_CURVE('',#4686,#4694,#4698,.T.);
#4700=ORIENTED_EDGE('',*,*,#4699,.T.);
#4701=CARTESIAN_POINT('',(-133.,-4.908542536,7.26074058));
#4702=DIRECTION('',(-0.,0.,-1.));
#4703=VECTOR('',#4702,0.8);
#4704=LINE('',#4701,#4703);
#4705=EDGE_CURVE('',#4694,#1019,#4704,.T.);
#4706=ORIENTED_EDGE('',*,*,#4705,.T.);
#4707=ORIENTED_EDGE('',*,*,#1024,.T.);
#4708=EDGE_LOOP('',(#4692,#4700,#4706,#4707));
#4709=FACE_BOUND('',#4708,.T.);
#4710=ADVANCED_FACE('',(#4709),#4684,.T.);
#4711=CARTESIAN_POINT('',(-132.,3.045728732,6.46074058));
#4712=DIRECTION('',(-1.,0.,0.));
#4713=DIRECTION('',(0.,0.,1.));
#4714=AXIS2_PLACEMENT_3D('',#4711,#4712,#4713);
#4715=PLANE('',#4714);
#4716=CARTESIAN_POINT('',(-132.,-3.908542536,7.26074058));
#4717=VERTEX_POINT('',#4716);
#4718=CARTESIAN_POINT('',(-132.,-3.908542536,6.46074058));
#4719=DIRECTION('',(0.,-0.,1.));
#4720=VECTOR('',#4719,0.8);
#4721=LINE('',#4718,#4720);
#4722=EDGE_CURVE('',#1027,#4717,#4721,.T.);
#4723=ORIENTED_EDGE('',*,*,#4722,.T.);
#4724=CARTESIAN_POINT('',(-132.,9.8,7.26074058));
#4725=VERTEX_POINT('',#4724);
#4726=CARTESIAN_POINT('',(-132.,-3.908542536,7.26074058));
#4727=DIRECTION('',(0.,1.,0.));
#4728=VECTOR('',#4727,13.708542536);
#4729=LINE('',#4726,#4728);
#4730=EDGE_CURVE('',#4717,#4725,#4729,.T.);
#4731=ORIENTED_EDGE('',*,*,#4730,.T.);
#4732=CARTESIAN_POINT('',(-132.,9.8,7.26074058));
#4733=DIRECTION('',(-0.,0.,-1.));
#4734=VECTOR('',#4733,0.8);
#4735=LINE('',#4732,#4734);
#4736=EDGE_CURVE('',#4725,#1036,#4735,.T.);
#4737=ORIENTED_EDGE('',*,*,#4736,.T.);
#4738=ORIENTED_EDGE('',*,*,#1041,.T.);
#4739=EDGE_LOOP('',(#4723,#4731,#4737,#4738));
#4740=FACE_BOUND('',#4739,.T.);
#4741=ADVANCED_FACE('',(#4740),#4715,.T.);
#4742=CARTESIAN_POINT('',(-141.053091316,7.445728732,7.46074058));
#4743=DIRECTION('',(0.,-0.,1.));
#4744=DIRECTION('',(0.,-1.,-0.));
#4745=AXIS2_PLACEMENT_3D('',#4742,#4743,#4744);
#4746=CYLINDRICAL_SURFACE('',#4745,1.);
#4747=ORIENTED_EDGE('',*,*,#4651,.T.);
#4748=CARTESIAN_POINT('',(-141.053091316,7.445728732,5.66074058));
#4749=DIRECTION('',(-0.,-0.,-1.));
#4750=DIRECTION('',(1.,0.,-0.));
#4751=AXIS2_PLACEMENT_3D('',#4748,#4749,#4750);
#4752=CIRCLE('',#4751,1.);
#4753=EDGE_CURVE('',#4640,#841,#4752,.T.);
#4754=ORIENTED_EDGE('',*,*,#4753,.T.);
#4755=ORIENTED_EDGE('',*,*,#846,.F.);
#4756=ORIENTED_EDGE('',*,*,#973,.F.);
#4757=EDGE_LOOP('',(#4747,#4754,#4755,#4756));
#4758=FACE_BOUND('',#4757,.T.);
#4759=ADVANCED_FACE('',(#4758),#4746,.F.);
#4760=CARTESIAN_POINT('',(-141.053091316,-1.254271268,7.46074058));
#4761=DIRECTION('',(0.,-0.,1.));
#4762=DIRECTION('',(0.,-1.,-0.));
#4763=AXIS2_PLACEMENT_3D('',#4760,#4761,#4762);
#4764=CYLINDRICAL_SURFACE('',#4763,1.);
#4765=ORIENTED_EDGE('',*,*,#942,.F.);
#4766=CARTESIAN_POINT('',(-141.053091316,-1.254271268,5.66074058));
#4767=DIRECTION('',(-0.,-0.,-1.));
#4768=DIRECTION('',(1.,0.,-0.));
#4769=AXIS2_PLACEMENT_3D('',#4766,#4767,#4768);
#4770=CIRCLE('',#4769,1.);
#4771=EDGE_CURVE('',#929,#4632,#4770,.T.);
#4772=ORIENTED_EDGE('',*,*,#4771,.T.);
#4773=ORIENTED_EDGE('',*,*,#4637,.T.);
#4774=ORIENTED_EDGE('',*,*,#999,.F.);
#4775=EDGE_LOOP('',(#4765,#4772,#4773,#4774));
#4776=FACE_BOUND('',#4775,.T.);
#4777=ADVANCED_FACE('',(#4776),#4764,.F.);
#4778=CARTESIAN_POINT('',(-134.023091316,-1.254271268,7.46074058));
#4779=DIRECTION('',(0.,-0.,1.));
#4780=DIRECTION('',(0.,-1.,-0.));
#4781=AXIS2_PLACEMENT_3D('',#4778,#4779,#4780);
#4782=CYLINDRICAL_SURFACE('',#4781,1.);
#4783=ORIENTED_EDGE('',*,*,#894,.F.);
#4784=CARTESIAN_POINT('',(-134.023091316,-1.254271268,5.66074058));
#4785=DIRECTION('',(-0.,-0.,-1.));
#4786=DIRECTION('',(1.,0.,-0.));
#4787=AXIS2_PLACEMENT_3D('',#4784,#4785,#4786);
#4788=CIRCLE('',#4787,1.);
#4789=EDGE_CURVE('',#881,#921,#4788,.T.);
#4790=ORIENTED_EDGE('',*,*,#4789,.T.);
#4791=ORIENTED_EDGE('',*,*,#926,.F.);
#4792=ORIENTED_EDGE('',*,*,#989,.F.);
#4793=EDGE_LOOP('',(#4783,#4790,#4791,#4792));
#4794=FACE_BOUND('',#4793,.T.);
#4795=ADVANCED_FACE('',(#4794),#4782,.F.);
#4796=CARTESIAN_POINT('',(-134.023091316,7.445728732,7.46074058));
#4797=DIRECTION('',(0.,-0.,1.));
#4798=DIRECTION('',(0.,-1.,-0.));
#4799=AXIS2_PLACEMENT_3D('',#4796,#4797,#4798);
#4800=CYLINDRICAL_SURFACE('',#4799,1.);
#4801=ORIENTED_EDGE('',*,*,#862,.F.);
#4802=CARTESIAN_POINT('',(-134.023091316,7.445728732,5.66074058));
#4803=DIRECTION('',(-0.,-0.,-1.));
#4804=DIRECTION('',(1.,0.,-0.));
#4805=AXIS2_PLACEMENT_3D('',#4802,#4803,#4804);
#4806=CIRCLE('',#4805,1.);
#4807=EDGE_CURVE('',#849,#879,#4806,.T.);
#4808=ORIENTED_EDGE('',*,*,#4807,.T.);
#4809=ORIENTED_EDGE('',*,*,#908,.F.);
#4810=ORIENTED_EDGE('',*,*,#981,.F.);
#4811=EDGE_LOOP('',(#4801,#4808,#4809,#4810));
#4812=FACE_BOUND('',#4811,.T.);
#4813=ADVANCED_FACE('',(#4812),#4800,.F.);
#4814=CARTESIAN_POINT('',(-141.019799365,-3.908542536,6.46074058));
#4815=DIRECTION('',(0.,0.,-1.));
#4816=DIRECTION('',(0.,1.,0.));
#4817=AXIS2_PLACEMENT_3D('',#4814,#4815,#4816);
#4818=CYLINDRICAL_SURFACE('',#4817,1.);
#4819=ORIENTED_EDGE('',*,*,#4674,.F.);
#4820=CARTESIAN_POINT('',(-141.019799365,-3.908542536,7.26074058));
#4821=DIRECTION('',(0.,0.,1.));
#4822=DIRECTION('',(1.,0.,-0.));
#4823=AXIS2_PLACEMENT_3D('',#4820,#4821,#4822);
#4824=CIRCLE('',#4823,1.);
#4825=EDGE_CURVE('',#4663,#4686,#4824,.T.);
#4826=ORIENTED_EDGE('',*,*,#4825,.T.);
#4827=ORIENTED_EDGE('',*,*,#4691,.F.);
#4828=ORIENTED_EDGE('',*,*,#1016,.F.);
#4829=EDGE_LOOP('',(#4819,#4826,#4827,#4828));
#4830=FACE_BOUND('',#4829,.T.);
#4831=ADVANCED_FACE('',(#4830),#4818,.F.);
#4832=CARTESIAN_POINT('',(-133.,9.8,6.46074058));
#4833=DIRECTION('',(0.,0.,-1.));
#4834=DIRECTION('',(0.,1.,0.));
#4835=AXIS2_PLACEMENT_3D('',#4832,#4833,#4834);
#4836=CYLINDRICAL_SURFACE('',#4835,1.);
#4837=ORIENTED_EDGE('',*,*,#4736,.F.);
#4838=CARTESIAN_POINT('',(-133.,9.8,7.26074058));
#4839=DIRECTION('',(0.,0.,1.));
#4840=DIRECTION('',(1.,0.,-0.));
#4841=AXIS2_PLACEMENT_3D('',#4838,#4839,#4840);
#4842=CIRCLE('',#4841,1.);
#4843=EDGE_CURVE('',#4725,#4601,#4842,.T.);
#4844=ORIENTED_EDGE('',*,*,#4843,.T.);
#4845=ORIENTED_EDGE('',*,*,#4606,.F.);
#4846=ORIENTED_EDGE('',*,*,#1050,.F.);
#4847=EDGE_LOOP('',(#4837,#4844,#4845,#4846));
#4848=FACE_BOUND('',#4847,.T.);
#4849=ADVANCED_FACE('',(#4848),#4836,.F.);
#4850=CARTESIAN_POINT('',(-133.,-3.908542536,6.46074058));
#4851=DIRECTION('',(0.,0.,-1.));
#4852=DIRECTION('',(0.,1.,0.));
#4853=AXIS2_PLACEMENT_3D('',#4850,#4851,#4852);
#4854=CYLINDRICAL_SURFACE('',#4853,1.);
#4855=ORIENTED_EDGE('',*,*,#4705,.F.);
#4856=CARTESIAN_POINT('',(-133.,-3.908542536,7.26074058));
#4857=DIRECTION('',(0.,0.,1.));
#4858=DIRECTION('',(1.,0.,-0.));
#4859=AXIS2_PLACEMENT_3D('',#4856,#4857,#4858);
#4860=CIRCLE('',#4859,1.);
#4861=EDGE_CURVE('',#4694,#4717,#4860,.T.);
#4862=ORIENTED_EDGE('',*,*,#4861,.T.);
#4863=ORIENTED_EDGE('',*,*,#4722,.F.);
#4864=ORIENTED_EDGE('',*,*,#1033,.F.);
#4865=EDGE_LOOP('',(#4855,#4862,#4863,#4864));
#4866=FACE_BOUND('',#4865,.T.);
#4867=ADVANCED_FACE('',(#4866),#4854,.F.);
#4868=CARTESIAN_POINT('',(-141.019799365,9.8,6.46074058));
#4869=DIRECTION('',(0.,0.,-1.));
#4870=DIRECTION('',(0.,1.,0.));
#4871=AXIS2_PLACEMENT_3D('',#4868,#4869,#4870);
#4872=CYLINDRICAL_SURFACE('',#4871,1.);
#4873=ORIENTED_EDGE('',*,*,#4620,.F.);
#4874=CARTESIAN_POINT('',(-141.019799365,9.8,7.26074058));
#4875=DIRECTION('',(0.,0.,1.));
#4876=DIRECTION('',(1.,0.,-0.));
#4877=AXIS2_PLACEMENT_3D('',#4874,#4875,#4876);
#4878=CIRCLE('',#4877,1.);
#4879=EDGE_CURVE('',#4609,#4655,#4878,.T.);
#4880=ORIENTED_EDGE('',*,*,#4879,.T.);
#4881=ORIENTED_EDGE('',*,*,#4660,.F.);
#4882=ORIENTED_EDGE('',*,*,#1065,.F.);
#4883=EDGE_LOOP('',(#4873,#4880,#4881,#4882));
#4884=FACE_BOUND('',#4883,.T.);
#4885=ADVANCED_FACE('',(#4884),#4872,.F.);
#4886=CARTESIAN_POINT('',(-142.219799365,-0.719207574,7.46074058));
#4887=DIRECTION('',(-0.707106781,0.,-0.707106781));
#4888=DIRECTION('',(0.,1.,0.));
#4889=AXIS2_PLACEMENT_3D('',#4886,#4887,#4888);
#4890=PLANE('',#4889);
#4891=CARTESIAN_POINT('',(-142.019799365,-3.908542536,7.26074058));
#4892=DIRECTION('',(-0.707106781,0.,0.707106781));
#4893=VECTOR('',#4892,0.282842712);
#4894=LINE('',#4891,#4893);
#4895=EDGE_CURVE('',#4663,#539,#4894,.T.);
#4896=ORIENTED_EDGE('',*,*,#4895,.F.);
#4897=ORIENTED_EDGE('',*,*,#4668,.F.);
#4898=CARTESIAN_POINT('',(-142.219799365,9.8,7.46074058));
#4899=DIRECTION('',(0.707106781,-0.,-0.707106781));
#4900=VECTOR('',#4899,0.282842712);
#4901=LINE('',#4898,#4900);
#4902=EDGE_CURVE('',#548,#4655,#4901,.T.);
#4903=ORIENTED_EDGE('',*,*,#4902,.F.);
#4904=ORIENTED_EDGE('',*,*,#553,.F.);
#4905=EDGE_LOOP('',(#4896,#4897,#4903,#4904));
#4906=FACE_BOUND('',#4905,.T.);
#4907=ADVANCED_FACE('',(#4906),#4890,.F.);
#4908=CARTESIAN_POINT('',(-141.019799365,9.8,7.46074058));
#4909=DIRECTION('',(0.,0.,1.));
#4910=DIRECTION('',(1.,0.,-0.));
#4911=AXIS2_PLACEMENT_3D('',#4908,#4909,#4910);
#4912=CONICAL_SURFACE('',#4911,1.2,45.);
#4913=ORIENTED_EDGE('',*,*,#4902,.T.);
#4914=ORIENTED_EDGE('',*,*,#4879,.F.);
#4915=CARTESIAN_POINT('',(-141.019799365,11.,7.46074058));
#4916=DIRECTION('',(0.,-0.707106781,-0.707106781));
#4917=VECTOR('',#4916,0.282842712);
#4918=LINE('',#4915,#4917);
#4919=EDGE_CURVE('',#556,#4609,#4918,.T.);
#4920=ORIENTED_EDGE('',*,*,#4919,.F.);
#4921=ORIENTED_EDGE('',*,*,#562,.F.);
#4922=EDGE_LOOP('',(#4913,#4914,#4920,#4921));
#4923=FACE_BOUND('',#4922,.T.);
#4924=ADVANCED_FACE('',(#4923),#4912,.F.);
#4925=CARTESIAN_POINT('',(-141.019799365,-3.908542536,7.46074058));
#4926=DIRECTION('',(0.,0.,1.));
#4927=DIRECTION('',(1.,0.,-0.));
#4928=AXIS2_PLACEMENT_3D('',#4925,#4926,#4927);
#4929=CONICAL_SURFACE('',#4928,1.2,45.);
#4930=ORIENTED_EDGE('',*,*,#4895,.T.);
#4931=ORIENTED_EDGE('',*,*,#545,.F.);
#4932=CARTESIAN_POINT('',(-141.019799365,-4.908542536,7.26074058));
#4933=DIRECTION('',(0.,-0.707106781,0.707106781));
#4934=VECTOR('',#4933,0.282842712);
#4935=LINE('',#4932,#4934);
#4936=EDGE_CURVE('',#4686,#531,#4935,.T.);
#4937=ORIENTED_EDGE('',*,*,#4936,.F.);
#4938=ORIENTED_EDGE('',*,*,#4825,.F.);
#4939=EDGE_LOOP('',(#4930,#4931,#4937,#4938));
#4940=FACE_BOUND('',#4939,.T.);
#4941=ADVANCED_FACE('',(#4940),#4929,.F.);
#4942=CARTESIAN_POINT('',(0.4,11.,7.46074058));
#4943=DIRECTION('',(0.,0.707106781,-0.707106781));
#4944=DIRECTION('',(1.,0.,0.));
#4945=AXIS2_PLACEMENT_3D('',#4942,#4943,#4944);
#4946=PLANE('',#4945);
#4947=ORIENTED_EDGE('',*,*,#4919,.T.);
#4948=ORIENTED_EDGE('',*,*,#4614,.F.);
#4949=CARTESIAN_POINT('',(-133.,11.,7.46074058));
#4950=DIRECTION('',(-0.,-0.707106781,-0.707106781));
#4951=VECTOR('',#4950,0.282842712);
#4952=LINE('',#4949,#4951);
#4953=EDGE_CURVE('',#503,#4601,#4952,.T.);
#4954=ORIENTED_EDGE('',*,*,#4953,.F.);
#4955=ORIENTED_EDGE('',*,*,#568,.F.);
#4956=EDGE_LOOP('',(#4947,#4948,#4954,#4955));
#4957=FACE_BOUND('',#4956,.T.);
#4958=ADVANCED_FACE('',(#4957),#4946,.F.);
#4959=CARTESIAN_POINT('',(0.4,-5.108542536,7.46074058));
#4960=DIRECTION('',(0.,-0.707106781,-0.707106781));
#4961=DIRECTION('',(-1.,0.,0.));
#4962=AXIS2_PLACEMENT_3D('',#4959,#4960,#4961);
#4963=PLANE('',#4962);
#4964=ORIENTED_EDGE('',*,*,#4936,.T.);
#4965=ORIENTED_EDGE('',*,*,#536,.F.);
#4966=CARTESIAN_POINT('',(-133.,-4.908542536,7.26074058));
#4967=DIRECTION('',(0.,-0.707106781,0.707106781));
#4968=VECTOR('',#4967,0.282842712);
#4969=LINE('',#4966,#4968);
#4970=EDGE_CURVE('',#4694,#522,#4969,.T.);
#4971=ORIENTED_EDGE('',*,*,#4970,.F.);
#4972=ORIENTED_EDGE('',*,*,#4699,.F.);
#4973=EDGE_LOOP('',(#4964,#4965,#4971,#4972));
#4974=FACE_BOUND('',#4973,.T.);
#4975=ADVANCED_FACE('',(#4974),#4963,.F.);
#4976=CARTESIAN_POINT('',(-133.,9.8,7.46074058));
#4977=DIRECTION('',(0.,0.,1.));
#4978=DIRECTION('',(1.,0.,-0.));
#4979=AXIS2_PLACEMENT_3D('',#4976,#4977,#4978);
#4980=CONICAL_SURFACE('',#4979,1.2,45.);
#4981=ORIENTED_EDGE('',*,*,#4953,.T.);
#4982=ORIENTED_EDGE('',*,*,#4843,.F.);
#4983=CARTESIAN_POINT('',(-131.8,9.8,7.46074058));
#4984=DIRECTION('',(-0.707106781,-0.,-0.707106781));
#4985=VECTOR('',#4984,0.282842712);
#4986=LINE('',#4983,#4985);
#4987=EDGE_CURVE('',#505,#4725,#4986,.T.);
#4988=ORIENTED_EDGE('',*,*,#4987,.F.);
#4989=ORIENTED_EDGE('',*,*,#511,.F.);
#4990=EDGE_LOOP('',(#4981,#4982,#4988,#4989));
#4991=FACE_BOUND('',#4990,.T.);
#4992=ADVANCED_FACE('',(#4991),#4980,.F.);
#4993=CARTESIAN_POINT('',(-133.,-3.908542536,7.46074058));
#4994=DIRECTION('',(0.,0.,1.));
#4995=DIRECTION('',(1.,0.,-0.));
#4996=AXIS2_PLACEMENT_3D('',#4993,#4994,#4995);
#4997=CONICAL_SURFACE('',#4996,1.2,45.);
#4998=ORIENTED_EDGE('',*,*,#4970,.T.);
#4999=ORIENTED_EDGE('',*,*,#528,.F.);
#5000=CARTESIAN_POINT('',(-132.,-3.908542536,7.26074058));
#5001=DIRECTION('',(0.707106781,0.,0.707106781));
#5002=VECTOR('',#5001,0.282842712);
#5003=LINE('',#5000,#5002);
#5004=EDGE_CURVE('',#4717,#514,#5003,.T.);
#5005=ORIENTED_EDGE('',*,*,#5004,.F.);
#5006=ORIENTED_EDGE('',*,*,#4861,.F.);
#5007=EDGE_LOOP('',(#4998,#4999,#5005,#5006));
#5008=FACE_BOUND('',#5007,.T.);
#5009=ADVANCED_FACE('',(#5008),#4997,.F.);
#5010=CARTESIAN_POINT('',(-131.8,-1.719207574,7.46074058));
#5011=DIRECTION('',(0.707106781,0.,-0.707106781));
#5012=DIRECTION('',(-0.,-1.,-0.));
#5013=AXIS2_PLACEMENT_3D('',#5010,#5011,#5012);
#5014=PLANE('',#5013);
#5015=ORIENTED_EDGE('',*,*,#4987,.T.);
#5016=ORIENTED_EDGE('',*,*,#4730,.F.);
#5017=ORIENTED_EDGE('',*,*,#5004,.T.);
#5018=ORIENTED_EDGE('',*,*,#519,.F.);
#5019=EDGE_LOOP('',(#5015,#5016,#5017,#5018));
#5020=FACE_BOUND('',#5019,.T.);
#5021=ADVANCED_FACE('',(#5020),#5014,.F.);
#5022=CARTESIAN_POINT('',(-132.823091316,100.468892426,5.46074058));
#5023=DIRECTION('',(-0.707106781,0.,-0.707106781));
#5024=DIRECTION('',(0.,-1.,-0.));
#5025=AXIS2_PLACEMENT_3D('',#5022,#5023,#5024);
#5026=PLANE('',#5025);
#5027=ORIENTED_EDGE('',*,*,#1137,.F.);
#5028=CARTESIAN_POINT('',(-132.823091316,-1.254271268,5.46074058));
#5029=DIRECTION('',(-0.707106781,0.,0.707106781));
#5030=VECTOR('',#5029,0.282842712);
#5031=LINE('',#5028,#5030);
#5032=EDGE_CURVE('',#1123,#881,#5031,.T.);
#5033=ORIENTED_EDGE('',*,*,#5032,.T.);
#5034=ORIENTED_EDGE('',*,*,#886,.F.);
#5035=CARTESIAN_POINT('',(-132.823091316,7.445728732,5.46074058));
#5036=DIRECTION('',(-0.707106781,0.,0.707106781));
#5037=VECTOR('',#5036,0.282842712);
#5038=LINE('',#5035,#5037);
#5039=EDGE_CURVE('',#1132,#879,#5038,.T.);
#5040=ORIENTED_EDGE('',*,*,#5039,.F.);
#5041=EDGE_LOOP('',(#5027,#5033,#5034,#5040));
#5042=FACE_BOUND('',#5041,.T.);
#5043=ADVANCED_FACE('',(#5042),#5026,.T.);
#5044=CARTESIAN_POINT('',(-134.023091316,7.445728732,5.46074058));
#5045=DIRECTION('',(0.,0.,-1.));
#5046=DIRECTION('',(-1.,0.,0.));
#5047=AXIS2_PLACEMENT_3D('',#5044,#5045,#5046);
#5048=CONICAL_SURFACE('',#5047,1.2,45.);
#5049=ORIENTED_EDGE('',*,*,#5039,.T.);
#5050=ORIENTED_EDGE('',*,*,#4807,.F.);
#5051=CARTESIAN_POINT('',(-134.023091316,8.645728732,5.46074058));
#5052=DIRECTION('',(-0.,-0.707106781,0.707106781));
#5053=VECTOR('',#5052,0.282842712);
#5054=LINE('',#5051,#5053);
#5055=EDGE_CURVE('',#1140,#849,#5054,.T.);
#5056=ORIENTED_EDGE('',*,*,#5055,.F.);
#5057=ORIENTED_EDGE('',*,*,#1146,.F.);
#5058=EDGE_LOOP('',(#5049,#5050,#5056,#5057));
#5059=FACE_BOUND('',#5058,.T.);
#5060=ADVANCED_FACE('',(#5059),#5048,.F.);
#5061=CARTESIAN_POINT('',(0.53500127,8.645728732,5.46074058));
#5062=DIRECTION('',(0.,-0.707106781,-0.707106781));
#5063=DIRECTION('',(1.,0.,0.));
#5064=AXIS2_PLACEMENT_3D('',#5061,#5062,#5063);
#5065=PLANE('',#5064);
#5066=ORIENTED_EDGE('',*,*,#5055,.T.);
#5067=ORIENTED_EDGE('',*,*,#854,.F.);
#5068=CARTESIAN_POINT('',(-141.053091316,8.645728732,5.46074058));
#5069=DIRECTION('',(0.,-0.707106781,0.707106781));
#5070=VECTOR('',#5069,0.282842712);
#5071=LINE('',#5068,#5070);
#5072=EDGE_CURVE('',#1149,#841,#5071,.T.);
#5073=ORIENTED_EDGE('',*,*,#5072,.F.);
#5074=ORIENTED_EDGE('',*,*,#1154,.F.);
#5075=EDGE_LOOP('',(#5066,#5067,#5073,#5074));
#5076=FACE_BOUND('',#5075,.T.);
#5077=ADVANCED_FACE('',(#5076),#5065,.T.);
#5078=CARTESIAN_POINT('',(-141.053091316,7.445728732,5.46074058));
#5079=DIRECTION('',(0.,0.,-1.));
#5080=DIRECTION('',(-1.,0.,0.));
#5081=AXIS2_PLACEMENT_3D('',#5078,#5079,#5080);
#5082=CONICAL_SURFACE('',#5081,1.2,45.);
#5083=ORIENTED_EDGE('',*,*,#5072,.T.);
#5084=ORIENTED_EDGE('',*,*,#4753,.F.);
#5085=CARTESIAN_POINT('',(-142.019799365,7.701610635,5.66074058));
#5086=CARTESIAN_POINT('',(-142.086436941,7.710280633,5.594103004));
#5087=CARTESIAN_POINT('',(-142.153109328,7.718518777,5.527430617));
#5088=CARTESIAN_POINT('',(-142.219799365,7.726428445,5.46074058));
#5089=B_SPLINE_CURVE_WITH_KNOTS('',3,(#5085,#5086,#5087,#5088),.UNSPECIFIED.,.F.,.F.,(4,4),(0.001123732,0.001407728),.UNSPECIFIED.);
#5090=EDGE_CURVE('',#4640,#1096,#5089,.T.);
#5091=ORIENTED_EDGE('',*,*,#5090,.T.);
#5092=ORIENTED_EDGE('',*,*,#1161,.F.);
#5093=EDGE_LOOP('',(#5083,#5084,#5091,#5092));
#5094=FACE_BOUND('',#5093,.T.);
#5095=ADVANCED_FACE('',(#5094),#5082,.F.);
#5096=CARTESIAN_POINT('',(-142.019799365,3.045728732,5.66074058));
#5097=DIRECTION('',(0.707106781,0.,-0.707106781));
#5098=DIRECTION('',(-0.,-1.,-0.));
#5099=AXIS2_PLACEMENT_3D('',#5096,#5097,#5098);
#5100=PLANE('',#5099);
#5101=ORIENTED_EDGE('',*,*,#4645,.F.);
#5102=CARTESIAN_POINT('',(-142.219799365,-1.534970981,5.46074058));
#5103=CARTESIAN_POINT('',(-142.153102167,-1.527060464,5.527437778));
#5104=CARTESIAN_POINT('',(-142.086432519,-1.518823223,5.594107426));
#5105=CARTESIAN_POINT('',(-142.019799365,-1.510153172,5.66074058));
#5106=B_SPLINE_CURVE_WITH_KNOTS('',3,(#5102,#5103,#5104,#5105),.UNSPECIFIED.,.F.,.F.,(4,4),(0.001405999,0.001689942),.UNSPECIFIED.);
#5107=EDGE_CURVE('',#1098,#4632,#5106,.T.);
#5108=ORIENTED_EDGE('',*,*,#5107,.F.);
#5109=ORIENTED_EDGE('',*,*,#1103,.F.);
#5110=ORIENTED_EDGE('',*,*,#5090,.F.);
#5111=EDGE_LOOP('',(#5101,#5108,#5109,#5110));
#5112=FACE_BOUND('',#5111,.T.);
#5113=ADVANCED_FACE('',(#5112),#5100,.T.);
#5114=CARTESIAN_POINT('',(-137.011545658,-11.176323217,6.66074058));
#5115=DIRECTION('',(-1.,0.,0.));
#5116=DIRECTION('',(0.,0.,1.));
#5117=AXIS2_PLACEMENT_3D('',#5114,#5115,#5116);
#5118=PLANE('',#5117);
#5119=ORIENTED_EDGE('',*,*,#732,.T.);
#5120=CARTESIAN_POINT('',(-137.011545658,-14.277135634,7.06074058));
#5121=VERTEX_POINT('',#5120);
#5122=CARTESIAN_POINT('',(-137.011545658,-14.277135634,7.46074058));
#5123=DIRECTION('',(-0.,0.,-1.));
#5124=VECTOR('',#5123,0.4);
#5125=LINE('',#5122,#5124);
#5126=EDGE_CURVE('',#727,#5121,#5125,.T.);
#5127=ORIENTED_EDGE('',*,*,#5126,.T.);
#5128=CARTESIAN_POINT('',(-137.011545658,-8.075510799,7.06074058));
#5129=VERTEX_POINT('',#5128);
#5130=CARTESIAN_POINT('',(-137.011545658,-8.075510799,7.06074058));
#5131=DIRECTION('',(0.,-1.,-0.));
#5132=VECTOR('',#5131,6.201624835);
#5133=LINE('',#5130,#5132);
#5134=EDGE_CURVE('',#5129,#5121,#5133,.T.);
#5135=ORIENTED_EDGE('',*,*,#5134,.F.);
#5136=CARTESIAN_POINT('',(-137.011545658,-8.075510799,7.06074058));
#5137=DIRECTION('',(0.,-0.,1.));
#5138=VECTOR('',#5137,0.4);
#5139=LINE('',#5136,#5138);
#5140=EDGE_CURVE('',#5129,#725,#5139,.T.);
#5141=ORIENTED_EDGE('',*,*,#5140,.T.);
#5142=EDGE_LOOP('',(#5119,#5127,#5135,#5141));
#5143=FACE_BOUND('',#5142,.T.);
#5144=ADVANCED_FACE('',(#5143),#5118,.F.);
#5145=CARTESIAN_POINT('',(-136.011545658,-11.176323217,6.66074058));
#5146=DIRECTION('',(-1.,0.,0.));
#5147=DIRECTION('',(0.,0.,1.));
#5148=AXIS2_PLACEMENT_3D('',#5145,#5146,#5147);
#5149=PLANE('',#5148);
#5150=ORIENTED_EDGE('',*,*,#758,.F.);
#5151=CARTESIAN_POINT('',(-136.011545658,-8.075510799,7.06074058));
#5152=VERTEX_POINT('',#5151);
#5153=CARTESIAN_POINT('',(-136.011545658,-8.075510799,7.46074058));
#5154=DIRECTION('',(-0.,0.,-1.));
#5155=VECTOR('',#5154,0.4);
#5156=LINE('',#5153,#5155);
#5157=EDGE_CURVE('',#744,#5152,#5156,.T.);
#5158=ORIENTED_EDGE('',*,*,#5157,.T.);
#5159=CARTESIAN_POINT('',(-136.011545658,-14.277135634,7.06074058));
#5160=VERTEX_POINT('',#5159);
#5161=CARTESIAN_POINT('',(-136.011545658,-8.075510799,7.06074058));
#5162=DIRECTION('',(0.,-1.,-0.));
#5163=VECTOR('',#5162,6.201624835);
#5164=LINE('',#5161,#5163);
#5165=EDGE_CURVE('',#5152,#5160,#5164,.T.);
#5166=ORIENTED_EDGE('',*,*,#5165,.T.);
#5167=CARTESIAN_POINT('',(-136.011545658,-14.277135634,7.06074058));
#5168=DIRECTION('',(0.,-0.,1.));
#5169=VECTOR('',#5168,0.4);
#5170=LINE('',#5167,#5169);
#5171=EDGE_CURVE('',#5160,#753,#5170,.T.);
#5172=ORIENTED_EDGE('',*,*,#5171,.T.);
#5173=EDGE_LOOP('',(#5150,#5158,#5166,#5172));
#5174=FACE_BOUND('',#5173,.T.);
#5175=ADVANCED_FACE('',(#5174),#5149,.T.);
#5176=CARTESIAN_POINT('',(3.5,-1.8,7.06074058));
#5177=DIRECTION('',(0.,-0.,1.));
#5178=DIRECTION('',(1.,0.,0.));
#5179=AXIS2_PLACEMENT_3D('',#5176,#5177,#5178);
#5180=PLANE('',#5179);
#5181=ORIENTED_EDGE('',*,*,#5134,.T.);
#5182=CARTESIAN_POINT('',(-136.511545658,-14.777135634,7.06074058));
#5183=VERTEX_POINT('',#5182);
#5184=CARTESIAN_POINT('',(-136.511545658,-14.277135634,7.06074058));
#5185=DIRECTION('',(0.,-0.,1.));
#5186=DIRECTION('',(0.,-1.,-0.));
#5187=AXIS2_PLACEMENT_3D('',#5184,#5185,#5186);
#5188=CIRCLE('',#5187,0.5);
#5189=EDGE_CURVE('',#5121,#5183,#5188,.T.);
#5190=ORIENTED_EDGE('',*,*,#5189,.T.);
#5191=CARTESIAN_POINT('',(-136.511545658,-14.277135634,7.06074058));
#5192=DIRECTION('',(0.,-0.,1.));
#5193=DIRECTION('',(0.,-1.,-0.));
#5194=AXIS2_PLACEMENT_3D('',#5191,#5192,#5193);
#5195=CIRCLE('',#5194,0.5);
#5196=EDGE_CURVE('',#5183,#5160,#5195,.T.);
#5197=ORIENTED_EDGE('',*,*,#5196,.T.);
#5198=ORIENTED_EDGE('',*,*,#5165,.F.);
#5199=CARTESIAN_POINT('',(-136.511545658,-7.575510799,7.06074058));
#5200=VERTEX_POINT('',#5199);
#5201=CARTESIAN_POINT('',(-136.511545658,-8.075510799,7.06074058));
#5202=DIRECTION('',(0.,-0.,1.));
#5203=DIRECTION('',(0.,-1.,-0.));
#5204=AXIS2_PLACEMENT_3D('',#5201,#5202,#5203);
#5205=CIRCLE('',#5204,0.5);
#5206=EDGE_CURVE('',#5152,#5200,#5205,.T.);
#5207=ORIENTED_EDGE('',*,*,#5206,.T.);
#5208=CARTESIAN_POINT('',(-136.511545658,-8.075510799,7.06074058));
#5209=DIRECTION('',(0.,-0.,1.));
#5210=DIRECTION('',(0.,-1.,-0.));
#5211=AXIS2_PLACEMENT_3D('',#5208,#5209,#5210);
#5212=CIRCLE('',#5211,0.5);
#5213=EDGE_CURVE('',#5200,#5129,#5212,.T.);
#5214=ORIENTED_EDGE('',*,*,#5213,.T.);
#5215=EDGE_LOOP('',(#5181,#5190,#5197,#5198,#5207,#5214));
#5216=FACE_BOUND('',#5215,.T.);
#5217=ADVANCED_FACE('',(#5216),#5180,.T.);
#5218=CARTESIAN_POINT('',(-137.011545658,16.156984317,6.66074058));
#5219=DIRECTION('',(1.,0.,0.));
#5220=DIRECTION('',(0.,0.,-1.));
#5221=AXIS2_PLACEMENT_3D('',#5218,#5219,#5220);
#5222=PLANE('',#5221);
#5223=ORIENTED_EDGE('',*,*,#812,.F.);
#5224=CARTESIAN_POINT('',(-137.011545658,13.791104269,7.06074058));
#5225=VERTEX_POINT('',#5224);
#5226=CARTESIAN_POINT('',(-137.011545658,13.791104269,7.46074058));
#5227=DIRECTION('',(-0.,0.,-1.));
#5228=VECTOR('',#5227,0.4);
#5229=LINE('',#5226,#5228);
#5230=EDGE_CURVE('',#798,#5225,#5229,.T.);
#5231=ORIENTED_EDGE('',*,*,#5230,.T.);
#5232=CARTESIAN_POINT('',(-137.011545658,19.622864366,7.06074058));
#5233=VERTEX_POINT('',#5232);
#5234=CARTESIAN_POINT('',(-137.011545658,13.791104269,7.06074058));
#5235=DIRECTION('',(0.,1.,0.));
#5236=VECTOR('',#5235,5.831760097);
#5237=LINE('',#5234,#5236);
#5238=EDGE_CURVE('',#5225,#5233,#5237,.T.);
#5239=ORIENTED_EDGE('',*,*,#5238,.T.);
#5240=CARTESIAN_POINT('',(-137.011545658,19.622864366,7.06074058));
#5241=DIRECTION('',(0.,-0.,1.));
#5242=VECTOR('',#5241,0.4);
#5243=LINE('',#5240,#5242);
#5244=EDGE_CURVE('',#5233,#807,#5243,.T.);
#5245=ORIENTED_EDGE('',*,*,#5244,.T.);
#5246=EDGE_LOOP('',(#5223,#5231,#5239,#5245));
#5247=FACE_BOUND('',#5246,.T.);
#5248=ADVANCED_FACE('',(#5247),#5222,.T.);
#5249=CARTESIAN_POINT('',(-136.011545658,16.156984317,6.66074058));
#5250=DIRECTION('',(-1.,0.,0.));
#5251=DIRECTION('',(0.,0.,1.));
#5252=AXIS2_PLACEMENT_3D('',#5249,#5250,#5251);
#5253=PLANE('',#5252);
#5254=ORIENTED_EDGE('',*,*,#786,.F.);
#5255=CARTESIAN_POINT('',(-136.011545658,19.622864366,7.06074058));
#5256=VERTEX_POINT('',#5255);
#5257=CARTESIAN_POINT('',(-136.011545658,19.622864366,7.46074058));
#5258=DIRECTION('',(-0.,0.,-1.));
#5259=VECTOR('',#5258,0.4);
#5260=LINE('',#5257,#5259);
#5261=EDGE_CURVE('',#779,#5256,#5260,.T.);
#5262=ORIENTED_EDGE('',*,*,#5261,.T.);
#5263=CARTESIAN_POINT('',(-136.011545658,13.791104269,7.06074058));
#5264=VERTEX_POINT('',#5263);
#5265=CARTESIAN_POINT('',(-136.011545658,19.622864366,7.06074058));
#5266=DIRECTION('',(0.,-1.,-0.));
#5267=VECTOR('',#5266,5.831760097);
#5268=LINE('',#5265,#5267);
#5269=EDGE_CURVE('',#5256,#5264,#5268,.T.);
#5270=ORIENTED_EDGE('',*,*,#5269,.T.);
#5271=CARTESIAN_POINT('',(-136.011545658,13.791104269,7.06074058));
#5272=DIRECTION('',(0.,-0.,1.));
#5273=VECTOR('',#5272,0.4);
#5274=LINE('',#5271,#5273);
#5275=EDGE_CURVE('',#5264,#781,#5274,.T.);
#5276=ORIENTED_EDGE('',*,*,#5275,.T.);
#5277=EDGE_LOOP('',(#5254,#5262,#5270,#5276));
#5278=FACE_BOUND('',#5277,.T.);
#5279=ADVANCED_FACE('',(#5278),#5253,.T.);
#5280=CARTESIAN_POINT('',(3.5,-1.9,7.06074058));
#5281=DIRECTION('',(0.,-0.,1.));
#5282=DIRECTION('',(1.,0.,0.));
#5283=AXIS2_PLACEMENT_3D('',#5280,#5281,#5282);
#5284=PLANE('',#5283);
#5285=ORIENTED_EDGE('',*,*,#5269,.F.);
#5286=CARTESIAN_POINT('',(-136.511545658,20.122864366,7.06074058));
#5287=VERTEX_POINT('',#5286);
#5288=CARTESIAN_POINT('',(-136.511545658,19.622864366,7.06074058));
#5289=DIRECTION('',(0.,-0.,1.));
#5290=DIRECTION('',(0.,-1.,-0.));
#5291=AXIS2_PLACEMENT_3D('',#5288,#5289,#5290);
#5292=CIRCLE('',#5291,0.5);
#5293=EDGE_CURVE('',#5256,#5287,#5292,.T.);
#5294=ORIENTED_EDGE('',*,*,#5293,.T.);
#5295=CARTESIAN_POINT('',(-136.511545658,19.622864366,7.06074058));
#5296=DIRECTION('',(0.,-0.,1.));
#5297=DIRECTION('',(0.,-1.,-0.));
#5298=AXIS2_PLACEMENT_3D('',#5295,#5296,#5297);
#5299=CIRCLE('',#5298,0.5);
#5300=EDGE_CURVE('',#5287,#5233,#5299,.T.);
#5301=ORIENTED_EDGE('',*,*,#5300,.T.);
#5302=ORIENTED_EDGE('',*,*,#5238,.F.);
#5303=CARTESIAN_POINT('',(-136.511545658,13.291104269,7.06074058));
#5304=VERTEX_POINT('',#5303);
#5305=CARTESIAN_POINT('',(-136.511545658,13.791104269,7.06074058));
#5306=DIRECTION('',(0.,-0.,1.));
#5307=DIRECTION('',(0.,-1.,-0.));
#5308=AXIS2_PLACEMENT_3D('',#5305,#5306,#5307);
#5309=CIRCLE('',#5308,0.5);
#5310=EDGE_CURVE('',#5225,#5304,#5309,.T.);
#5311=ORIENTED_EDGE('',*,*,#5310,.T.);
#5312=CARTESIAN_POINT('',(-136.511545658,13.791104269,7.06074058));
#5313=DIRECTION('',(0.,-0.,1.));
#5314=DIRECTION('',(0.,-1.,-0.));
#5315=AXIS2_PLACEMENT_3D('',#5312,#5313,#5314);
#5316=CIRCLE('',#5315,0.5);
#5317=EDGE_CURVE('',#5304,#5264,#5316,.T.);
#5318=ORIENTED_EDGE('',*,*,#5317,.T.);
#5319=EDGE_LOOP('',(#5285,#5294,#5301,#5302,#5311,#5318));
#5320=FACE_BOUND('',#5319,.T.);
#5321=ADVANCED_FACE('',(#5320),#5284,.T.);
#5322=CARTESIAN_POINT('',(-136.511545658,-8.075510799,6.66074058));
#5323=DIRECTION('',(0.,-0.,1.));
#5324=DIRECTION('',(0.,-1.,-0.));
#5325=AXIS2_PLACEMENT_3D('',#5322,#5323,#5324);
#5326=CYLINDRICAL_SURFACE('',#5325,0.5);
#5327=ORIENTED_EDGE('',*,*,#5140,.F.);
#5328=ORIENTED_EDGE('',*,*,#5213,.F.);
#5329=CARTESIAN_POINT('',(-136.511545658,-7.575510799,7.46074058));
#5330=DIRECTION('',(-0.,0.,-1.));
#5331=VECTOR('',#5330,0.4);
#5332=LINE('',#5329,#5331);
#5333=EDGE_CURVE('',#735,#5200,#5332,.T.);
#5334=ORIENTED_EDGE('',*,*,#5333,.F.);
#5335=ORIENTED_EDGE('',*,*,#741,.F.);
#5336=EDGE_LOOP('',(#5327,#5328,#5334,#5335));
#5337=FACE_BOUND('',#5336,.T.);
#5338=ADVANCED_FACE('',(#5337),#5326,.F.);
#5339=CARTESIAN_POINT('',(-136.511545658,-8.075510799,6.66074058));
#5340=DIRECTION('',(0.,0.,-1.));
#5341=DIRECTION('',(0.,1.,0.));
#5342=AXIS2_PLACEMENT_3D('',#5339,#5340,#5341);
#5343=CYLINDRICAL_SURFACE('',#5342,0.5);
#5344=ORIENTED_EDGE('',*,*,#5206,.F.);
#5345=ORIENTED_EDGE('',*,*,#5157,.F.);
#5346=ORIENTED_EDGE('',*,*,#750,.F.);
#5347=ORIENTED_EDGE('',*,*,#5333,.T.);
#5348=EDGE_LOOP('',(#5344,#5345,#5346,#5347));
#5349=FACE_BOUND('',#5348,.T.);
#5350=ADVANCED_FACE('',(#5349),#5343,.F.);
#5351=CARTESIAN_POINT('',(-136.511545658,19.622864366,6.66074058));
#5352=DIRECTION('',(0.,0.,-1.));
#5353=DIRECTION('',(0.,1.,0.));
#5354=AXIS2_PLACEMENT_3D('',#5351,#5352,#5353);
#5355=CYLINDRICAL_SURFACE('',#5354,0.5);
#5356=ORIENTED_EDGE('',*,*,#5244,.F.);
#5357=ORIENTED_EDGE('',*,*,#5300,.F.);
#5358=CARTESIAN_POINT('',(-136.511545658,20.122864366,7.46074058));
#5359=DIRECTION('',(-0.,0.,-1.));
#5360=VECTOR('',#5359,0.4);
#5361=LINE('',#5358,#5360);
#5362=EDGE_CURVE('',#815,#5287,#5361,.T.);
#5363=ORIENTED_EDGE('',*,*,#5362,.F.);
#5364=ORIENTED_EDGE('',*,*,#821,.F.);
#5365=EDGE_LOOP('',(#5356,#5357,#5363,#5364));
#5366=FACE_BOUND('',#5365,.T.);
#5367=ADVANCED_FACE('',(#5366),#5355,.F.);
#5368=CARTESIAN_POINT('',(-136.511545658,19.622864366,6.66074058));
#5369=DIRECTION('',(0.,0.,-1.));
#5370=DIRECTION('',(0.,1.,0.));
#5371=AXIS2_PLACEMENT_3D('',#5368,#5369,#5370);
#5372=CYLINDRICAL_SURFACE('',#5371,0.5);
#5373=ORIENTED_EDGE('',*,*,#5293,.F.);
#5374=ORIENTED_EDGE('',*,*,#5261,.F.);
#5375=ORIENTED_EDGE('',*,*,#828,.F.);
#5376=ORIENTED_EDGE('',*,*,#5362,.T.);
#5377=EDGE_LOOP('',(#5373,#5374,#5375,#5376));
#5378=FACE_BOUND('',#5377,.T.);
#5379=ADVANCED_FACE('',(#5378),#5372,.F.);
#5380=CARTESIAN_POINT('',(-136.511545658,13.791104269,6.66074058));
#5381=DIRECTION('',(0.,-0.,1.));
#5382=DIRECTION('',(0.,-1.,-0.));
#5383=AXIS2_PLACEMENT_3D('',#5380,#5381,#5382);
#5384=CYLINDRICAL_SURFACE('',#5383,0.5);
#5385=ORIENTED_EDGE('',*,*,#5275,.F.);
#5386=ORIENTED_EDGE('',*,*,#5317,.F.);
#5387=CARTESIAN_POINT('',(-136.511545658,13.291104269,7.46074058));
#5388=DIRECTION('',(-0.,0.,-1.));
#5389=VECTOR('',#5388,0.4);
#5390=LINE('',#5387,#5389);
#5391=EDGE_CURVE('',#789,#5304,#5390,.T.);
#5392=ORIENTED_EDGE('',*,*,#5391,.F.);
#5393=ORIENTED_EDGE('',*,*,#795,.F.);
#5394=EDGE_LOOP('',(#5385,#5386,#5392,#5393));
#5395=FACE_BOUND('',#5394,.T.);
#5396=ADVANCED_FACE('',(#5395),#5384,.F.);
#5397=CARTESIAN_POINT('',(-136.511545658,13.791104269,6.66074058));
#5398=DIRECTION('',(0.,-0.,1.));
#5399=DIRECTION('',(0.,-1.,-0.));
#5400=AXIS2_PLACEMENT_3D('',#5397,#5398,#5399);
#5401=CYLINDRICAL_SURFACE('',#5400,0.5);
#5402=ORIENTED_EDGE('',*,*,#5310,.F.);
#5403=ORIENTED_EDGE('',*,*,#5230,.F.);
#5404=ORIENTED_EDGE('',*,*,#804,.F.);
#5405=ORIENTED_EDGE('',*,*,#5391,.T.);
#5406=EDGE_LOOP('',(#5402,#5403,#5404,#5405));
#5407=FACE_BOUND('',#5406,.T.);
#5408=ADVANCED_FACE('',(#5407),#5401,.F.);
#5409=CARTESIAN_POINT('',(-136.511545658,-14.277135634,6.66074058));
#5410=DIRECTION('',(0.,-0.,1.));
#5411=DIRECTION('',(0.,-1.,-0.));
#5412=AXIS2_PLACEMENT_3D('',#5409,#5410,#5411);
#5413=CYLINDRICAL_SURFACE('',#5412,0.5);
#5414=ORIENTED_EDGE('',*,*,#5171,.F.);
#5415=ORIENTED_EDGE('',*,*,#5196,.F.);
#5416=CARTESIAN_POINT('',(-136.511545658,-14.777135634,7.46074058));
#5417=DIRECTION('',(-0.,0.,-1.));
#5418=VECTOR('',#5417,0.4);
#5419=LINE('',#5416,#5418);
#5420=EDGE_CURVE('',#761,#5183,#5419,.T.);
#5421=ORIENTED_EDGE('',*,*,#5420,.F.);
#5422=ORIENTED_EDGE('',*,*,#767,.F.);
#5423=EDGE_LOOP('',(#5414,#5415,#5421,#5422));
#5424=FACE_BOUND('',#5423,.T.);
#5425=ADVANCED_FACE('',(#5424),#5413,.F.);
#5426=CARTESIAN_POINT('',(-136.511545658,-14.277135634,6.66074058));
#5427=DIRECTION('',(0.,0.,-1.));
#5428=DIRECTION('',(0.,1.,0.));
#5429=AXIS2_PLACEMENT_3D('',#5426,#5427,#5428);
#5430=CYLINDRICAL_SURFACE('',#5429,0.5);
#5431=ORIENTED_EDGE('',*,*,#5189,.F.);
#5432=ORIENTED_EDGE('',*,*,#5126,.F.);
#5433=ORIENTED_EDGE('',*,*,#774,.F.);
#5434=ORIENTED_EDGE('',*,*,#5420,.T.);
#5435=EDGE_LOOP('',(#5431,#5432,#5433,#5434));
#5436=FACE_BOUND('',#5435,.T.);
#5437=ADVANCED_FACE('',(#5436),#5430,.F.);
#5438=CARTESIAN_POINT('',(-99.2803,-0.137932192,14.060740606));
#5439=DIRECTION('',(0.,1.,-0.));
#5440=DIRECTION('',(0.,0.,1.));
#5441=AXIS2_PLACEMENT_3D('',#5438,#5439,#5440);
#5442=CYLINDRICAL_SURFACE('',#5441,1.);
#5443=ORIENTED_EDGE('',*,*,#230,.F.);
#5444=ORIENTED_EDGE('',*,*,#3883,.F.);
#5445=ORIENTED_EDGE('',*,*,#2518,.F.);
#5446=ORIENTED_EDGE('',*,*,#447,.F.);
#5447=EDGE_LOOP('',(#5443,#5444,#5445,#5446));
#5448=FACE_BOUND('',#5447,.T.);
#5449=ADVANCED_FACE('',(#5448),#5442,.F.);
#5450=CARTESIAN_POINT('',(-108.931,-0.137932192,14.060740606));
#5451=DIRECTION('',(0.,-1.,0.));
#5452=DIRECTION('',(0.,-0.,-1.));
#5453=AXIS2_PLACEMENT_3D('',#5450,#5451,#5452);
#5454=CYLINDRICAL_SURFACE('',#5453,1.);
#5455=ORIENTED_EDGE('',*,*,#3876,.F.);
#5456=ORIENTED_EDGE('',*,*,#213,.T.);
#5457=ORIENTED_EDGE('',*,*,#477,.F.);
#5458=ORIENTED_EDGE('',*,*,#2533,.F.);
#5459=EDGE_LOOP('',(#5455,#5456,#5457,#5458));
#5460=FACE_BOUND('',#5459,.T.);
#5461=ADVANCED_FACE('',(#5460),#5454,.F.);
#5462=CARTESIAN_POINT('',(-112.930999992,-0.137932177,14.060740606));
#5463=DIRECTION('',(-0.,-1.,0.));
#5464=DIRECTION('',(0.,-0.,-1.));
#5465=AXIS2_PLACEMENT_3D('',#5462,#5463,#5464);
#5466=CYLINDRICAL_SURFACE('',#5465,1.);
#5467=ORIENTED_EDGE('',*,*,#1605,.F.);
#5468=ORIENTED_EDGE('',*,*,#376,.F.);
#5469=ORIENTED_EDGE('',*,*,#2102,.F.);
#5470=ORIENTED_EDGE('',*,*,#416,.F.);
#5471=EDGE_LOOP('',(#5467,#5468,#5469,#5470));
#5472=FACE_BOUND('',#5471,.T.);
#5473=ADVANCED_FACE('',(#5472),#5466,.F.);
#5474=CARTESIAN_POINT('',(-103.2803,-53.256055158,14.060740619));
#5475=DIRECTION('',(0.,1.,-0.));
#5476=DIRECTION('',(0.,0.,1.));
#5477=AXIS2_PLACEMENT_3D('',#5474,#5475,#5476);
#5478=CYLINDRICAL_SURFACE('',#5477,1.);
#5479=ORIENTED_EDGE('',*,*,#1615,.F.);
#5480=ORIENTED_EDGE('',*,*,#430,.F.);
#5481=ORIENTED_EDGE('',*,*,#2094,.F.);
#5482=ORIENTED_EDGE('',*,*,#3854,.F.);
#5483=EDGE_LOOP('',(#5479,#5480,#5481,#5482));
#5484=FACE_BOUND('',#5483,.T.);
#5485=ADVANCED_FACE('',(#5484),#5478,.F.);
#5486=CARTESIAN_POINT('',(-141.053091316,-1.254271268,5.46074058));
#5487=DIRECTION('',(0.,0.,-1.));
#5488=DIRECTION('',(-1.,0.,0.));
#5489=AXIS2_PLACEMENT_3D('',#5486,#5487,#5488);
#5490=CONICAL_SURFACE('',#5489,1.2,45.);
#5491=ORIENTED_EDGE('',*,*,#1112,.F.);
#5492=ORIENTED_EDGE('',*,*,#5107,.T.);
#5493=ORIENTED_EDGE('',*,*,#4771,.F.);
#5494=CARTESIAN_POINT('',(-141.053091316,-2.454271268,5.46074058));
#5495=DIRECTION('',(0.,0.707106781,0.707106781));
#5496=VECTOR('',#5495,0.282842712);
#5497=LINE('',#5494,#5496);
#5498=EDGE_CURVE('',#1106,#929,#5497,.T.);
#5499=ORIENTED_EDGE('',*,*,#5498,.F.);
#5500=EDGE_LOOP('',(#5491,#5492,#5493,#5499));
#5501=FACE_BOUND('',#5500,.T.);
#5502=ADVANCED_FACE('',(#5501),#5490,.F.);
#5503=CARTESIAN_POINT('',(-137.023091316,-2.254271268,5.66074058));
#5504=DIRECTION('',(0.,0.707106781,-0.707106781));
#5505=DIRECTION('',(1.,0.,0.));
#5506=AXIS2_PLACEMENT_3D('',#5503,#5504,#5505);
#5507=PLANE('',#5506);
#5508=ORIENTED_EDGE('',*,*,#5498,.T.);
#5509=ORIENTED_EDGE('',*,*,#934,.F.);
#5510=CARTESIAN_POINT('',(-134.023091316,-2.454271268,5.46074058));
#5511=DIRECTION('',(0.,0.707106781,0.707106781));
#5512=VECTOR('',#5511,0.282842712);
#5513=LINE('',#5510,#5512);
#5514=EDGE_CURVE('',#1115,#921,#5513,.T.);
#5515=ORIENTED_EDGE('',*,*,#5514,.F.);
#5516=ORIENTED_EDGE('',*,*,#1120,.F.);
#5517=EDGE_LOOP('',(#5508,#5509,#5515,#5516));
#5518=FACE_BOUND('',#5517,.T.);
#5519=ADVANCED_FACE('',(#5518),#5507,.T.);
#5520=CARTESIAN_POINT('',(-134.023091316,-1.254271268,5.46074058));
#5521=DIRECTION('',(0.,0.,-1.));
#5522=DIRECTION('',(-1.,0.,0.));
#5523=AXIS2_PLACEMENT_3D('',#5520,#5521,#5522);
#5524=CONICAL_SURFACE('',#5523,1.2,45.);
#5525=ORIENTED_EDGE('',*,*,#5514,.T.);
#5526=ORIENTED_EDGE('',*,*,#4789,.F.);
#5527=ORIENTED_EDGE('',*,*,#5032,.F.);
#5528=ORIENTED_EDGE('',*,*,#1129,.F.);
#5529=EDGE_LOOP('',(#5525,#5526,#5527,#5528));
#5530=FACE_BOUND('',#5529,.T.);
#5531=ADVANCED_FACE('',(#5530),#5524,.F.);
#5532=CARTESIAN_POINT('',(-137.538091316,-6.454271268,5.86074058));
#5533=DIRECTION('',(0.,0.,-1.));
#5534=DIRECTION('',(0.,1.,0.));
#5535=AXIS2_PLACEMENT_3D('',#5532,#5533,#5534);
#5536=CYLINDRICAL_SURFACE('',#5535,1.5);
#5537=CARTESIAN_POINT('',(-137.538091316,-4.954271268,5.86074058));
#5538=VERTEX_POINT('',#5537);
#5539=CARTESIAN_POINT('',(-137.538091316,-4.954271268,5.46074058));
#5540=DIRECTION('',(-0.,-0.,1.));
#5541=VECTOR('',#5540,0.4);
#5542=LINE('',#5539,#5541);
#5543=EDGE_CURVE('',#1076,#5538,#5542,.T.);
#5544=ORIENTED_EDGE('',*,*,#5543,.F.);
#5545=ORIENTED_EDGE('',*,*,#1084,.T.);
#5546=ORIENTED_EDGE('',*,*,#1091,.T.);
#5547=ORIENTED_EDGE('',*,*,#5543,.T.);
#5548=CARTESIAN_POINT('',(-137.538091316,-6.454271268,5.86074058));
#5549=DIRECTION('',(0.,0.,-1.));
#5550=DIRECTION('',(0.,1.,0.));
#5551=AXIS2_PLACEMENT_3D('',#5548,#5549,#5550);
#5552=CIRCLE('',#5551,1.5);
#5553=EDGE_CURVE('',#5538,#5538,#5552,.T.);
#5554=ORIENTED_EDGE('',*,*,#5553,.F.);
#5555=EDGE_LOOP('',(#5544,#5545,#5546,#5547,#5554));
#5556=FACE_BOUND('',#5555,.T.);
#5557=ADVANCED_FACE('',(#5556),#5536,.F.);
#5558=CARTESIAN_POINT('',(0.,-0.,5.86074058));
#5559=DIRECTION('',(0.,0.,-1.));
#5560=DIRECTION('',(0.,-1.,-0.));
#5561=AXIS2_PLACEMENT_3D('',#5558,#5559,#5560);
#5562=PLANE('',#5561);
#5563=ORIENTED_EDGE('',*,*,#5553,.T.);
#5564=EDGE_LOOP('',(#5563));
#5565=FACE_BOUND('',#5564,.T.);
#5566=ADVANCED_FACE('',(#5565),#5562,.T.);
#5567=CARTESIAN_POINT('',(-82.583833893,-56.063257574,10.087517275));
#5568=DIRECTION('',(-0.707106781,0.,-0.707106781));
#5569=DIRECTION('',(0.,1.,0.));
#5570=AXIS2_PLACEMENT_3D('',#5567,#5568,#5569);
#5571=PLANE('',#5570);
#5572=ORIENTED_EDGE('',*,*,#3266,.F.);
#5573=ORIENTED_EDGE('',*,*,#2064,.F.);
#5574=CARTESIAN_POINT('',(-81.907057197,-55.063257574,9.41074058));
#5575=DIRECTION('',(0.,-1.,-0.));
#5576=VECTOR('',#5575,2.);
#5577=LINE('',#5574,#5576);
#5578=EDGE_CURVE('',#3284,#2051,#5577,.T.);
#5579=ORIENTED_EDGE('',*,*,#5578,.F.);
#5580=ORIENTED_EDGE('',*,*,#3289,.F.);
#5581=EDGE_LOOP('',(#5572,#5573,#5579,#5580));
#5582=FACE_BOUND('',#5581,.T.);
#5583=ADVANCED_FACE('',(#5582),#5571,.F.);
#5584=CARTESIAN_POINT('',(-82.083833893,-0.,9.233963885));
#5585=DIRECTION('',(0.707106781,0.,-0.707106781));
#5586=DIRECTION('',(0.,-1.,-0.));
#5587=AXIS2_PLACEMENT_3D('',#5584,#5585,#5586);
#5588=PLANE('',#5587);
#5589=ORIENTED_EDGE('',*,*,#2056,.F.);
#5590=ORIENTED_EDGE('',*,*,#164,.T.);
#5591=ORIENTED_EDGE('',*,*,#3295,.F.);
#5592=ORIENTED_EDGE('',*,*,#5578,.T.);
#5593=EDGE_LOOP('',(#5589,#5590,#5591,#5592));
#5594=FACE_BOUND('',#5593,.T.);
#5595=ADVANCED_FACE('',(#5594),#5588,.T.);
#5596=CARTESIAN_POINT('',(-82.583833893,-51.063257574,8.733963885));
#5597=DIRECTION('',(-0.707106781,0.,0.707106781));
#5598=DIRECTION('',(0.,-1.,0.));
#5599=AXIS2_PLACEMENT_3D('',#5596,#5597,#5598);
#5600=PLANE('',#5599);
#5601=CARTESIAN_POINT('',(-81.907057197,-52.063257574,9.41074058));
#5602=DIRECTION('',(0.,1.,-0.));
#5603=VECTOR('',#5602,2.);
#5604=LINE('',#5601,#5603);
#5605=EDGE_CURVE('',#3645,#1554,#5604,.T.);
#5606=ORIENTED_EDGE('',*,*,#5605,.F.);
#5607=ORIENTED_EDGE('',*,*,#3650,.F.);
#5608=ORIENTED_EDGE('',*,*,#76,.F.);
#5609=ORIENTED_EDGE('',*,*,#1565,.F.);
#5610=EDGE_LOOP('',(#5606,#5607,#5608,#5609));
#5611=FACE_BOUND('',#5610,.T.);
#5612=ADVANCED_FACE('',(#5611),#5600,.F.);
#5613=CARTESIAN_POINT('',(-82.583833893,-51.063257574,10.087517275));
#5614=DIRECTION('',(-0.707106781,0.,-0.707106781));
#5615=DIRECTION('',(0.,1.,0.));
#5616=AXIS2_PLACEMENT_3D('',#5613,#5614,#5615);
#5617=PLANE('',#5616);
#5618=ORIENTED_EDGE('',*,*,#3656,.F.);
#5619=ORIENTED_EDGE('',*,*,#5605,.T.);
#5620=ORIENTED_EDGE('',*,*,#1559,.F.);
#5621=ORIENTED_EDGE('',*,*,#2421,.F.);
#5622=EDGE_LOOP('',(#5618,#5619,#5620,#5621));
#5623=FACE_BOUND('',#5622,.T.);
#5624=ADVANCED_FACE('',(#5623),#5617,.F.);
#5625=CLOSED_SHELL('',(#150,#198,#354,#394,#434,#465,#496,#832,#872,#912,#952,#1069,#1431,#1461,#1507,#1537,#1641,#1696,#1718,#1822,#1853,#1882,#1913,#2003,#2043,#2137,
#2168,#2190,#2298,#2384,#2401,#2432,#2461,#2479,#2602,#2657,#2690,#2706,#2737,#2761,#2783,#2823,#2847,#2871,#2894,#2917,#2934,#2946,#2963,#2975,#2992,
#3009,#3027,#3045,#3062,#3079,#3096,#3113,#3125,#3149,#3180,#3236,#3253,#3277,#3310,#3327,#3353,#3384,#3401,#3425,#3456,#3472,#3489,#3500,#3524,#3536,
#3558,#3575,#3592,#3609,#3626,#3638,#3671,#3683,#3700,#3712,#3734,#3751,#3768,#3780,#3797,#3814,#3831,#3843,#3865,#3887,#3901,#3915,#3929,#3943,#3974,
#3992,#4010,#4027,#4044,#4061,#4078,#4090,#4120,#4137,#4154,#4171,#4196,#4226,#4243,#4260,#4277,#4302,#4333,#4364,#4406,#4423,#4435,#4452,#4464,#4488,
#4505,#4522,#4539,#4551,#4570,#4582,#4594,#4625,#4679,#4710,#4741,#4759,#4777,#4795,#4813,#4831,#4849,#4867,#4885,#4907,#4924,#4941,#4958,#4975,#4992,
#5009,#5021,#5043,#5060,#5077,#5095,#5113,#5144,#5175,#5217,#5248,#5279,#5321,#5338,#5350,#5367,#5379,#5396,#5408,#5425,#5437,#5449,#5461,#5473,#5485,
#5502,#5519,#5531,#5557,#5566,#5583,#5595,#5612,#5624));
#5626=MANIFOLD_SOLID_BREP('inner_case_left',#5625);
#5627=DRAUGHTING_PRE_DEFINED_COLOUR('white');
#5628=FILL_AREA_STYLE_COLOUR('',#5627);
#5629=FILL_AREA_STYLE('',(#5628));
#5630=SURFACE_STYLE_FILL_AREA(#5629);
#5631=SURFACE_SIDE_STYLE('',(#5630));
#5632=SURFACE_STYLE_USAGE(.BOTH.,#5631);
#5633=PRESENTATION_STYLE_ASSIGNMENT((#5632));
#54=STYLED_ITEM('',(#5633),#5626);
#35=SHAPE_REPRESENTATION('main_frame',(#15),#33);
#36=ADVANCED_BREP_SHAPE_REPRESENTATION('main_frame',(#5626),#33);
#5641=SHAPE_REPRESENTATION_RELATIONSHIP('','',#35,#36);
#5642=CARTESIAN_POINT('',(0.,0.,0.));
#5643=DIRECTION('',(0.,0.,1.));
#5644=DIRECTION('',(1.,0.,0.));
#5645=AXIS2_PLACEMENT_3D('',#5642,#5643,#5644);
#5647=MAPPED_ITEM('',#5646,#5645);
#5646=REPRESENTATION_MAP(#5645,#35);
#5648=APPLICATION_CONTEXT('Managed model based 3d engineering');
#5649=APPLICATION_PROTOCOL_DEFINITION('international standard','ap242_managed_model_based_3d_engineering',2014,#5648);
#5650=PRODUCT_CONTEXT('',#5648,'mechanical');
#5651=PRODUCT_DEFINITION_CONTEXT('part definition',#5648,'design');
#43=PRODUCT('main_frame','main_frame','',(#5650));
#5652=PRODUCT_RELATED_PRODUCT_CATEGORY('part','',(#43));
#5653=PRODUCT_DEFINITION_FORMATION_WITH_SPECIFIED_SOURCE('','',#43,.NOT_KNOWN.);
#44=PRODUCT_DEFINITION('design','',#5653,#5651);
#42=PRODUCT_DEFINITION_SHAPE('','',#44);
#5654=SHAPE_DEFINITION_REPRESENTATION(#42,#35);
#34=DRAUGHTING_MODEL('',(#5647),#33);
#16=SHAPE_REPRESENTATION('root',(#15,#48),#10);
#5655=CARTESIAN_POINT('',(0.,0.,0.));
#5656=DIRECTION('',(0.,0.,1.));
#5657=DIRECTION('',(1.,0.,0.));
#5658=AXIS2_PLACEMENT_3D('',#5655,#5656,#5657);
#5660=MAPPED_ITEM('',#5659,#5658);
#5659=REPRESENTATION_MAP(#5658,#16);
#24=PRODUCT('root','root','',(#5650));
#5661=PRODUCT_RELATED_PRODUCT_CATEGORY('part','',(#24));
#5662=PRODUCT_DEFINITION_FORMATION_WITH_SPECIFIED_SOURCE('','',#24,.NOT_KNOWN.);
#25=PRODUCT_DEFINITION('design','',#5662,#5651);
#23=PRODUCT_DEFINITION_SHAPE('','',#25);
#5663=SHAPE_DEFINITION_REPRESENTATION(#23,#16);
#11=DRAUGHTING_MODEL('',(#5660),#10);
#5664=DESCRIPTIVE_REPRESENTATION_ITEM('KEY','C:\\Users\\13271\\AppData\\Local\\Packages\\Shapr3D.Shapr3D_j403pzjkqtqbj\\TempState\\b10152db-9b34-4bcc-b390-8ae6bf4eb04d.tmp');
#5665=PROPERTY_DEFINITION('KEY','',#25);
#5666=REPRESENTATION('',(#5664),#10);
#5667=PROPERTY_DEFINITION_REPRESENTATION(#5665,#5666);
#5668=GENERAL_PROPERTY('','KEY','');
#5669=GENERAL_PROPERTY_ASSOCIATION('','',#5668,#5665);
#1=MECHANICAL_DESIGN_GEOMETRIC_PRESENTATION_REPRESENTATION('',(#54),#10);
ENDSEC;
END-ISO-10303-21;
