ISO-10303-21;
HEADER;

/* File generated by Shapr3D Version 5.980.9717.0 */

FILE_DESCRIPTION(('HOOPS Exchange Step'),'2;1');

FILE_NAME('C:\\Users\\13271\\AppData\\Local\\Packages\\Shapr3D.Shapr3D_j403pzjkqtqbj\\TempState\\export\\temp_export',
'2025-11-04T19:36:45+08:00',
('13271'),
('Shapr3D Limited'),
'HOOPS Exchange 2025.5',
'Shapr3D',
'Authorized');

FILE_SCHEMA( ('AP242_MANAGED_MODEL_BASED_3D_ENGINEERING_MIM_LF {1 0 10303 442 1 1 4}') );

ENDSEC;

DATA;
#3=(NAMED_UNIT(*)PLANE_ANGLE_UNIT()SI_UNIT($,.RADIAN.));
#4=PLANE_ANGLE_MEASURE_WITH_UNIT(PLANE_ANGLE_MEASURE(0.0174532925),#3);
#5=(CONVERSION_BASED_UNIT('DEGREE',#4)NAMED_UNIT(#6)PLANE_ANGLE_UNIT());
#6=DIMENSIONAL_EXPONENTS(0.,0.,0.,0.,0.,0.,0.);
#7=(NAMED_UNIT(*)SI_UNIT($,.STERADIAN.)SOLID_ANGLE_UNIT());
#8=(LENGTH_UNIT()NAMED_UNIT(*)SI_UNIT(.MILLI.,.METRE.));
#9=UNCERTAINTY_MEASURE_WITH_UNIT(LENGTH_MEASURE(1.000000E-03),#8,'DISTANCE_ACCURACY_VALUE','Maximum Tolerance applied to model');
#10=(GEOMETRIC_REPRESENTATION_CONTEXT(3)GLOBAL_UNCERTAINTY_ASSIGNED_CONTEXT((#9))GLOBAL_UNIT_ASSIGNED_CONTEXT((#8,#5,#7))REPRESENTATION_CONTEXT('','root'));
#12=CARTESIAN_POINT('',(0.,0.,0.));
#13=DIRECTION('',(0.,0.,1.));
#14=DIRECTION('',(1.,0.,0.));
#15=AXIS2_PLACEMENT_3D('',#12,#13,#14);
#26=(NAMED_UNIT(*)PLANE_ANGLE_UNIT()SI_UNIT($,.RADIAN.));
#27=PLANE_ANGLE_MEASURE_WITH_UNIT(PLANE_ANGLE_MEASURE(0.0174532925),#26);
#28=(CONVERSION_BASED_UNIT('DEGREE',#27)NAMED_UNIT(#29)PLANE_ANGLE_UNIT());
#29=DIMENSIONAL_EXPONENTS(0.,0.,0.,0.,0.,0.,0.);
#30=(NAMED_UNIT(*)SI_UNIT($,.STERADIAN.)SOLID_ANGLE_UNIT());
#31=(LENGTH_UNIT()NAMED_UNIT(*)SI_UNIT(.MILLI.,.METRE.));
#32=UNCERTAINTY_MEASURE_WITH_UNIT(LENGTH_MEASURE(1.000000E-05),#31,'DISTANCE_ACCURACY_VALUE','Maximum Tolerance applied to model');
#33=(GEOMETRIC_REPRESENTATION_CONTEXT(3)GLOBAL_UNCERTAINTY_ASSIGNED_CONTEXT((#32))GLOBAL_UNIT_ASSIGNED_CONTEXT((#31,#28,#30))REPRESENTATION_CONTEXT('','main_frame'));
#45=CARTESIAN_POINT('',(0.,0.,0.));
#46=DIRECTION('',(0.,0.,1.));
#47=DIRECTION('',(1.,0.,-0.));
#48=AXIS2_PLACEMENT_3D('',#45,#46,#47);
#49=ITEM_DEFINED_TRANSFORMATION('','',#48,#15);
#50=(REPRESENTATION_RELATIONSHIP('','',#35,#16)REPRESENTATION_RELATIONSHIP_WITH_TRANSFORMATION(#49)SHAPE_REPRESENTATION_RELATIONSHIP());
#51=NEXT_ASSEMBLY_USAGE_OCCURRENCE('main_frame_1','main_frame','main_frame',#25,#44,$);
#52=PRODUCT_DEFINITION_SHAPE('','',#51);
#53=CONTEXT_DEPENDENT_SHAPE_REPRESENTATION(#50,#52);
#55=CARTESIAN_POINT('',(-0.5,-5.344664515,7.370075373));
#56=DIRECTION('',(0.,-0.707106781,-0.707106781));
#57=DIRECTION('',(-1.,0.,0.));
#58=AXIS2_PLACEMENT_3D('',#55,#56,#57);
#59=PLANE('',#58);
#60=CARTESIAN_POINT('',(15.965,-4.844664515,6.870075373));
#61=VERTEX_POINT('',#60);
#62=CARTESIAN_POINT('',(16.465,-5.344664515,7.370075373));
#63=VERTEX_POINT('',#62);
#64=CARTESIAN_POINT('',(15.965,-4.844664515,6.870075373));
#65=DIRECTION('',(0.577350269,-0.577350269,0.577350269));
#66=VECTOR('',#65,0.866025404);
#67=LINE('',#64,#66);
#68=EDGE_CURVE('',#61,#63,#67,.T.);
#69=ORIENTED_EDGE('',*,*,#68,.T.);
#70=CARTESIAN_POINT('',(77.487613122,-5.344664515,7.370075373));
#71=VERTEX_POINT('',#70);
#72=CARTESIAN_POINT('',(77.487613122,-5.344664515,7.370075373));
#73=DIRECTION('',(-1.,-0.,0.));
#74=VECTOR('',#73,61.022613122);
#75=LINE('',#72,#74);
#76=EDGE_CURVE('',#71,#63,#75,.T.);
#77=ORIENTED_EDGE('',*,*,#76,.F.);
#78=CARTESIAN_POINT('',(76.987613122,-4.844664515,6.870075373));
#79=VERTEX_POINT('',#78);
#80=CARTESIAN_POINT('',(77.487613122,-5.344664515,7.370075373));
#81=DIRECTION('',(-0.577350269,0.577350269,-0.577350269));
#82=VECTOR('',#81,0.866025404);
#83=LINE('',#80,#82);
#84=EDGE_CURVE('',#71,#79,#83,.T.);
#85=ORIENTED_EDGE('',*,*,#84,.T.);
#86=CARTESIAN_POINT('',(15.965,-4.844664515,6.870075373));
#87=DIRECTION('',(1.,0.,-0.));
#88=VECTOR('',#87,61.022613122);
#89=LINE('',#86,#88);
#90=EDGE_CURVE('',#61,#79,#89,.T.);
#91=ORIENTED_EDGE('',*,*,#90,.F.);
#92=EDGE_LOOP('',(#69,#77,#85,#91));
#93=FACE_BOUND('',#92,.T.);
#94=ADVANCED_FACE('',(#93),#59,.F.);
#95=CARTESIAN_POINT('',(0.,-4.844664515,2.670075373));
#96=DIRECTION('',(0.,1.,-0.));
#97=DIRECTION('',(0.,0.,1.));
#98=AXIS2_PLACEMENT_3D('',#95,#96,#97);
#99=PLANE('',#98);
#100=CARTESIAN_POINT('',(-52.616015766,-4.844664515,6.07350163));
#101=VERTEX_POINT('',#100);
#102=CARTESIAN_POINT('',(-52.616015766,-4.844664515,4.064517396));
#103=VERTEX_POINT('',#102);
#104=CARTESIAN_POINT('',(-52.616015766,-4.844664515,6.07350163));
#105=DIRECTION('',(-0.,-0.,-1.));
#106=VECTOR('',#105,2.008984234);
#107=LINE('',#104,#106);
#108=EDGE_CURVE('',#101,#103,#107,.T.);
#109=ORIENTED_EDGE('',*,*,#108,.F.);
#110=CARTESIAN_POINT('',(-74.233984234,-4.844664515,6.07350163));
#111=VERTEX_POINT('',#110);
#112=CARTESIAN_POINT('',(-74.233984234,-4.844664515,6.07350163));
#113=DIRECTION('',(1.,0.,-0.));
#114=VECTOR('',#113,21.617968467);
#115=LINE('',#112,#114);
#116=EDGE_CURVE('',#111,#101,#115,.T.);
#117=ORIENTED_EDGE('',*,*,#116,.F.);
#118=CARTESIAN_POINT('',(-74.233984234,-4.844664515,4.064517396));
#119=VERTEX_POINT('',#118);
#120=CARTESIAN_POINT('',(-74.233984234,-4.844664515,4.064517396));
#121=DIRECTION('',(-0.,0.,1.));
#122=VECTOR('',#121,2.008984234);
#123=LINE('',#120,#122);
#124=EDGE_CURVE('',#119,#111,#123,.T.);
#125=ORIENTED_EDGE('',*,*,#124,.F.);
#126=CARTESIAN_POINT('',(-52.616015766,-4.844664515,4.064517396));
#127=DIRECTION('',(-1.,-0.,0.));
#128=VECTOR('',#127,21.617968467);
#129=LINE('',#126,#128);
#130=EDGE_CURVE('',#103,#119,#129,.T.);
#131=ORIENTED_EDGE('',*,*,#130,.F.);
#132=EDGE_LOOP('',(#109,#117,#125,#131));
#133=FACE_BOUND('',#132,.T.);
#134=CARTESIAN_POINT('',(74.733984234,-4.844664515,6.27350163));
#135=VERTEX_POINT('',#134);
#136=CARTESIAN_POINT('',(74.733984234,-4.844664515,4.181674684));
#137=VERTEX_POINT('',#136);
#138=CARTESIAN_POINT('',(74.733984234,-4.844664515,6.27350163));
#139=DIRECTION('',(-0.,-0.,-1.));
#140=VECTOR('',#139,2.091826946);
#141=LINE('',#138,#140);
#142=EDGE_CURVE('',#135,#137,#141,.T.);
#143=ORIENTED_EDGE('',*,*,#142,.F.);
#144=CARTESIAN_POINT('',(53.116015766,-4.844664515,6.27350163));
#145=VERTEX_POINT('',#144);
#146=CARTESIAN_POINT('',(53.116015766,-4.844664515,6.27350163));
#147=DIRECTION('',(1.,0.,-0.));
#148=VECTOR('',#147,21.617968467);
#149=LINE('',#146,#148);
#150=EDGE_CURVE('',#145,#135,#149,.T.);
#151=ORIENTED_EDGE('',*,*,#150,.F.);
#152=CARTESIAN_POINT('',(53.116015766,-4.844664515,4.181674684));
#153=VERTEX_POINT('',#152);
#154=CARTESIAN_POINT('',(53.116015766,-4.844664515,4.181674684));
#155=DIRECTION('',(-0.,0.,1.));
#156=VECTOR('',#155,2.091826946);
#157=LINE('',#154,#156);
#158=EDGE_CURVE('',#153,#145,#157,.T.);
#159=ORIENTED_EDGE('',*,*,#158,.F.);
#160=CARTESIAN_POINT('',(74.733984234,-4.844664515,4.181674684));
#161=DIRECTION('',(-1.,-0.,0.));
#162=VECTOR('',#161,21.617968467);
#163=LINE('',#160,#162);
#164=EDGE_CURVE('',#137,#153,#163,.T.);
#165=ORIENTED_EDGE('',*,*,#164,.F.);
#166=EDGE_LOOP('',(#143,#151,#159,#165));
#167=FACE_BOUND('',#166,.T.);
#168=CARTESIAN_POINT('',(-76.557613122,-4.844664515,6.870075373));
#169=VERTEX_POINT('',#168);
#170=CARTESIAN_POINT('',(-45.535,-4.844664515,6.870075373));
#171=VERTEX_POINT('',#170);
#172=CARTESIAN_POINT('',(-76.557613122,-4.844664515,6.870075373));
#173=DIRECTION('',(1.,0.,-0.));
#174=VECTOR('',#173,31.022613122);
#175=LINE('',#172,#174);
#176=EDGE_CURVE('',#169,#171,#175,.T.);
#177=ORIENTED_EDGE('',*,*,#176,.T.);
#178=CARTESIAN_POINT('',(-45.535,-4.844664515,5.370075373));
#179=VERTEX_POINT('',#178);
#180=CARTESIAN_POINT('',(-45.535,-4.844664515,6.870075373));
#181=DIRECTION('',(-0.,-0.,-1.));
#182=VECTOR('',#181,1.5);
#183=LINE('',#180,#182);
#184=EDGE_CURVE('',#171,#179,#183,.T.);
#185=ORIENTED_EDGE('',*,*,#184,.T.);
#186=CARTESIAN_POINT('',(15.965,-4.844664515,5.370075373));
#187=VERTEX_POINT('',#186);
#188=CARTESIAN_POINT('',(-45.535,-4.844664515,5.370075373));
#189=DIRECTION('',(1.,0.,0.));
#190=VECTOR('',#189,61.5);
#191=LINE('',#188,#190);
#192=EDGE_CURVE('',#179,#187,#191,.T.);
#193=ORIENTED_EDGE('',*,*,#192,.T.);
#194=CARTESIAN_POINT('',(15.965,-4.844664515,5.370075373));
#195=DIRECTION('',(-0.,0.,1.));
#196=VECTOR('',#195,1.5);
#197=LINE('',#194,#196);
#198=EDGE_CURVE('',#187,#61,#197,.T.);
#199=ORIENTED_EDGE('',*,*,#198,.T.);
#200=ORIENTED_EDGE('',*,*,#90,.T.);
#201=CARTESIAN_POINT('',(76.987613122,-4.844664515,3.059688171));
#202=VERTEX_POINT('',#201);
#203=CARTESIAN_POINT('',(76.987613122,-4.844664515,3.059688171));
#204=DIRECTION('',(0.,0.,1.));
#205=VECTOR('',#204,3.810387202);
#206=LINE('',#203,#205);
#207=EDGE_CURVE('',#202,#79,#206,.T.);
#208=ORIENTED_EDGE('',*,*,#207,.F.);
#209=CARTESIAN_POINT('',(-76.557613122,-4.844664515,3.059688171));
#210=VERTEX_POINT('',#209);
#211=CARTESIAN_POINT('',(76.987613122,-4.844664515,3.059688171));
#212=DIRECTION('',(-1.,-0.,0.));
#213=VECTOR('',#212,153.545226244);
#214=LINE('',#211,#213);
#215=EDGE_CURVE('',#202,#210,#214,.T.);
#216=ORIENTED_EDGE('',*,*,#215,.T.);
#217=CARTESIAN_POINT('',(-76.557613122,-4.844664515,3.059688171));
#218=DIRECTION('',(0.,0.,1.));
#219=VECTOR('',#218,3.810387202);
#220=LINE('',#217,#219);
#221=EDGE_CURVE('',#210,#169,#220,.T.);
#222=ORIENTED_EDGE('',*,*,#221,.T.);
#223=EDGE_LOOP('',(#177,#185,#193,#199,#200,#208,#216,#222));
#224=FACE_BOUND('',#223,.T.);
#225=ADVANCED_FACE('',(#133,#167,#224),#99,.T.);
#226=CARTESIAN_POINT('',(-57.747591941,39.121216348,-3.107332833));
#227=DIRECTION('',(-0.707106781,0.086174639,0.701836114));
#228=DIRECTION('',(0.,-0.992546152,0.121869343));
#229=AXIS2_PLACEMENT_3D('',#226,#227,#228);
#230=PLANE('',#229);
#231=CARTESIAN_POINT('',(-56.318302619,44.902412671,-2.377151449));
#232=VERTEX_POINT('',#231);
#233=CARTESIAN_POINT('',(-56.318302619,49.18748172,-2.903291771));
#234=VERTEX_POINT('',#233);
#235=CARTESIAN_POINT('',(-56.318302619,44.902412671,-2.377151449));
#236=DIRECTION('',(0.,0.992546152,-0.121869343));
#237=VECTOR('',#236,4.317249169);
#238=LINE('',#235,#237);
#239=EDGE_CURVE('',#232,#234,#238,.T.);
#240=ORIENTED_EDGE('',*,*,#239,.T.);
#241=CARTESIAN_POINT('',(-57.620294428,49.028808833,-4.19557873));
#242=VERTEX_POINT('',#241);
#243=CARTESIAN_POINT('',(-56.318302619,49.18748172,-2.903291771));
#244=DIRECTION('',(-0.707106781,-0.086174639,-0.701836114));
#245=VECTOR('',#244,1.841294474);
#246=LINE('',#243,#245);
#247=EDGE_CURVE('',#234,#242,#246,.T.);
#248=ORIENTED_EDGE('',*,*,#247,.T.);
#249=CARTESIAN_POINT('',(-57.627433369,49.020853087,-4.20179444));
#250=VERTEX_POINT('',#249);
#251=CARTESIAN_POINT('',(-57.620294428,49.028808833,-4.19557873));
#252=DIRECTION('',(-0.577350269,-0.643408086,-0.50268549));
#253=VECTOR('',#252,0.012365008);
#254=LINE('',#251,#253);
#255=EDGE_CURVE('',#242,#250,#254,.T.);
#256=ORIENTED_EDGE('',*,*,#255,.T.);
#257=CARTESIAN_POINT('',(-57.627433372,43.596569606,-3.535776177));
#258=VERTEX_POINT('',#257);
#259=CARTESIAN_POINT('',(-57.627433369,49.020853087,-4.20179444));
#260=DIRECTION('',(-0.,-0.992546152,0.121869343));
#261=VECTOR('',#260,5.465018902);
#262=LINE('',#259,#261);
#263=EDGE_CURVE('',#250,#258,#262,.T.);
#264=ORIENTED_EDGE('',*,*,#263,.T.);
#265=CARTESIAN_POINT('',(-56.32407113,44.899931848,-2.382658673));
#266=VERTEX_POINT('',#265);
#267=CARTESIAN_POINT('',(-57.627433372,43.596569606,-3.535776177));
#268=DIRECTION('',(0.599464927,0.599464927,0.530361766));
#269=VECTOR('',#268,2.174209338);
#270=LINE('',#267,#269);
#271=EDGE_CURVE('',#258,#266,#270,.T.);
#272=ORIENTED_EDGE('',*,*,#271,.T.);
#273=CARTESIAN_POINT('',(-56.32407113,44.899931848,-2.382658673));
#274=DIRECTION('',(0.690655273,0.297025358,0.659371845));
#275=VECTOR('',#274,0.008352228);
#276=LINE('',#273,#275);
#277=EDGE_CURVE('',#266,#232,#276,.T.);
#278=ORIENTED_EDGE('',*,*,#277,.T.);
#279=EDGE_LOOP('',(#240,#248,#256,#264,#272,#278));
#280=FACE_BOUND('',#279,.T.);
#281=ADVANCED_FACE('',(#280),#230,.T.);
#282=CARTESIAN_POINT('',(-71.118302619,0.,0.1));
#283=DIRECTION('',(-1.,0.,0.));
#284=DIRECTION('',(0.,-1.,0.));
#285=AXIS2_PLACEMENT_3D('',#282,#283,#284);
#286=PLANE('',#285);
#287=CARTESIAN_POINT('',(-71.118302619,49.18748172,-2.903291771));
#288=VERTEX_POINT('',#287);
#289=CARTESIAN_POINT('',(-71.118302619,44.902412671,-2.377151449));
#290=VERTEX_POINT('',#289);
#291=CARTESIAN_POINT('',(-71.118302619,49.18748172,-2.903291771));
#292=DIRECTION('',(-0.,-0.992546152,0.121869343));
#293=VECTOR('',#292,4.317249169);
#294=LINE('',#291,#293);
#295=EDGE_CURVE('',#288,#290,#294,.T.);
#296=ORIENTED_EDGE('',*,*,#295,.F.);
#297=CARTESIAN_POINT('',(-71.118302619,49.207558609,-2.881199991));
#298=VERTEX_POINT('',#297);
#299=CARTESIAN_POINT('',(-71.118302619,49.18748172,-2.903291771));
#300=DIRECTION('',(-0.,0.67255269,0.740049241));
#301=VECTOR('',#300,0.029851771);
#302=LINE('',#299,#301);
#303=EDGE_CURVE('',#288,#298,#302,.T.);
#304=ORIENTED_EDGE('',*,*,#303,.T.);
#305=CARTESIAN_POINT('',(-71.118302619,49.501376024,-0.488249172));
#306=VERTEX_POINT('',#305);
#307=CARTESIAN_POINT('',(-71.118302619,49.207558609,-2.881199991));
#308=DIRECTION('',(0.,0.121869343,0.992546152));
#309=VECTOR('',#308,2.410921462);
#310=LINE('',#307,#309);
#311=EDGE_CURVE('',#298,#306,#310,.T.);
#312=ORIENTED_EDGE('',*,*,#311,.T.);
#313=CARTESIAN_POINT('',(-71.118302619,49.475529316,-0.440175071));
#314=VERTEX_POINT('',#313);
#315=CARTESIAN_POINT('',(-71.118302619,49.475529316,-0.440175071));
#316=DIRECTION('',(0.,0.473540886,-0.880771837));
#317=VECTOR('',#316,0.054581787);
#318=LINE('',#315,#317);
#319=EDGE_CURVE('',#314,#306,#318,.T.);
#320=ORIENTED_EDGE('',*,*,#319,.F.);
#321=CARTESIAN_POINT('',(-71.118302619,45.968909493,-0.009616296));
#322=VERTEX_POINT('',#321);
#323=CARTESIAN_POINT('',(-71.118302619,45.968909493,-0.009616296));
#324=DIRECTION('',(0.,0.992546152,-0.121869343));
#325=VECTOR('',#324,3.532953926);
#326=LINE('',#323,#325);
#327=EDGE_CURVE('',#322,#314,#326,.T.);
#328=ORIENTED_EDGE('',*,*,#327,.F.);
#329=CARTESIAN_POINT('',(-71.118302619,45.968909493,-0.009616296));
#330=DIRECTION('',(-0.,-0.410718853,-0.911762044));
#331=VECTOR('',#330,2.596659041);
#332=LINE('',#329,#331);
#333=EDGE_CURVE('',#322,#290,#332,.T.);
#334=ORIENTED_EDGE('',*,*,#333,.T.);
#335=EDGE_LOOP('',(#296,#304,#312,#320,#328,#334));
#336=FACE_BOUND('',#335,.T.);
#337=ADVANCED_FACE('',(#336),#286,.F.);
#338=CARTESIAN_POINT('',(71.502408059,42.877836652,0.399429006));
#339=DIRECTION('',(0.707106781,0.086174639,0.701836114));
#340=DIRECTION('',(0.,0.992546152,-0.121869343));
#341=AXIS2_PLACEMENT_3D('',#338,#339,#340);
#342=PLANE('',#341);
#343=CARTESIAN_POINT('',(69.873118737,49.677659207,1.206040779));
#344=VERTEX_POINT('',#343);
#345=CARTESIAN_POINT('',(69.873118737,46.375698831,1.611470534));
#346=VERTEX_POINT('',#345);
#347=CARTESIAN_POINT('',(69.873118737,49.677659207,1.206040779));
#348=DIRECTION('',(0.,-0.992546152,0.121869343));
#349=VECTOR('',#348,3.326757522);
#350=LINE('',#347,#349);
#351=EDGE_CURVE('',#344,#346,#350,.T.);
#352=ORIENTED_EDGE('',*,*,#351,.F.);
#353=CARTESIAN_POINT('',(71.531697381,49.475529316,-0.440175071));
#354=VERTEX_POINT('',#353);
#355=CARTESIAN_POINT('',(69.873118737,49.677659207,1.206040779));
#356=DIRECTION('',(0.707106781,-0.086174639,-0.701836114));
#357=VECTOR('',#356,2.345584412);
#358=LINE('',#355,#357);
#359=EDGE_CURVE('',#344,#354,#358,.T.);
#360=ORIENTED_EDGE('',*,*,#359,.T.);
#361=CARTESIAN_POINT('',(71.531697381,45.968909493,-0.009616296));
#362=VERTEX_POINT('',#361);
#363=CARTESIAN_POINT('',(71.531697381,49.475529316,-0.440175071));
#364=DIRECTION('',(-0.,-0.992546152,0.121869343));
#365=VECTOR('',#364,3.532953926);
#366=LINE('',#363,#365);
#367=EDGE_CURVE('',#354,#362,#366,.T.);
#368=ORIENTED_EDGE('',*,*,#367,.T.);
#369=CARTESIAN_POINT('',(70.5858145,46.375698831,0.89342255));
#370=VERTEX_POINT('',#369);
#371=CARTESIAN_POINT('',(71.531697381,45.968909493,-0.009616296));
#372=DIRECTION('',(-0.690655273,0.297025358,0.659371845));
#373=VECTOR('',#372,1.369544138);
#374=LINE('',#371,#373);
#375=EDGE_CURVE('',#362,#370,#374,.T.);
#376=ORIENTED_EDGE('',*,*,#375,.T.);
#377=CARTESIAN_POINT('',(69.873118737,46.375698831,1.611470534));
#378=DIRECTION('',(0.70445666,-0.,-0.709747007));
#379=VECTOR('',#378,1.011695685);
#380=LINE('',#377,#379);
#381=EDGE_CURVE('',#346,#370,#380,.T.);
#382=ORIENTED_EDGE('',*,*,#381,.F.);
#383=EDGE_LOOP('',(#352,#360,#368,#376,#382));
#384=FACE_BOUND('',#383,.T.);
#385=ADVANCED_FACE('',(#384),#342,.F.);
#386=CARTESIAN_POINT('',(129.65,49.560114263,-3.292068223));
#387=DIRECTION('',(0.,0.992546152,-0.121869343));
#388=DIRECTION('',(-1.,0.,0.));
#389=AXIS2_PLACEMENT_3D('',#386,#387,#388);
#390=PLANE('',#389);
#391=CARTESIAN_POINT('',(58.576153423,50.05423742,0.732241946));
#392=VERTEX_POINT('',#391);
#393=CARTESIAN_POINT('',(57.131697381,49.878202511,-0.70144734));
#394=VERTEX_POINT('',#393);
#395=CARTESIAN_POINT('',(58.576153423,50.05423742,0.732241946));
#396=DIRECTION('',(-0.707106781,-0.086174639,-0.701836114));
#397=VECTOR('',#396,2.042769326);
#398=LINE('',#395,#397);
#399=EDGE_CURVE('',#392,#394,#398,.T.);
#400=ORIENTED_EDGE('',*,*,#399,.T.);
#401=CARTESIAN_POINT('',(57.131697381,49.624769043,-2.765497297));
#402=VERTEX_POINT('',#401);
#403=CARTESIAN_POINT('',(57.131697381,49.878202511,-0.70144734));
#404=DIRECTION('',(0.,-0.121869343,-0.992546152));
#405=VECTOR('',#404,2.079550612);
#406=LINE('',#403,#405);
#407=EDGE_CURVE('',#394,#402,#406,.T.);
#408=ORIENTED_EDGE('',*,*,#407,.T.);
#409=CARTESIAN_POINT('',(58.206513555,49.493781902,-3.832301955));
#410=VERTEX_POINT('',#409);
#411=CARTESIAN_POINT('',(57.131697381,49.624769043,-2.765497297));
#412=DIRECTION('',(0.707106781,-0.086174639,-0.701836114));
#413=VECTOR('',#412,1.520019611);
#414=LINE('',#411,#413);
#415=EDGE_CURVE('',#402,#410,#414,.T.);
#416=ORIENTED_EDGE('',*,*,#415,.T.);
#417=CARTESIAN_POINT('',(70.056881206,49.493781902,-3.832301955));
#418=VERTEX_POINT('',#417);
#419=CARTESIAN_POINT('',(58.206513555,49.493781902,-3.832301955));
#420=DIRECTION('',(1.,0.,-0.));
#421=VECTOR('',#420,11.850367651);
#422=LINE('',#419,#421);
#423=EDGE_CURVE('',#410,#418,#422,.T.);
#424=ORIENTED_EDGE('',*,*,#423,.T.);
#425=CARTESIAN_POINT('',(71.131697381,49.624769043,-2.765497297));
#426=VERTEX_POINT('',#425);
#427=CARTESIAN_POINT('',(70.056881206,49.493781902,-3.832301955));
#428=DIRECTION('',(0.707106781,0.086174639,0.701836114));
#429=VECTOR('',#428,1.520019611);
#430=LINE('',#427,#429);
#431=EDGE_CURVE('',#418,#426,#430,.T.);
#432=ORIENTED_EDGE('',*,*,#431,.T.);
#433=CARTESIAN_POINT('',(71.131697381,49.878202511,-0.70144734));
#434=VERTEX_POINT('',#433);
#435=CARTESIAN_POINT('',(71.131697381,49.624769043,-2.765497297));
#436=DIRECTION('',(0.,0.121869343,0.992546152));
#437=VECTOR('',#436,2.079550612);
#438=LINE('',#435,#437);
#439=EDGE_CURVE('',#426,#434,#438,.T.);
#440=ORIENTED_EDGE('',*,*,#439,.T.);
#441=CARTESIAN_POINT('',(69.687241338,50.05423742,0.732241946));
#442=VERTEX_POINT('',#441);
#443=CARTESIAN_POINT('',(71.131697381,49.878202511,-0.70144734));
#444=DIRECTION('',(-0.707106781,0.086174639,0.701836114));
#445=VECTOR('',#444,2.042769326);
#446=LINE('',#443,#445);
#447=EDGE_CURVE('',#434,#442,#446,.T.);
#448=ORIENTED_EDGE('',*,*,#447,.T.);
#449=CARTESIAN_POINT('',(69.687241338,50.05423742,0.732241946));
#450=DIRECTION('',(-1.,-0.,0.));
#451=VECTOR('',#450,11.111087915);
#452=LINE('',#449,#451);
#453=EDGE_CURVE('',#442,#392,#452,.T.);
#454=ORIENTED_EDGE('',*,*,#453,.T.);
#455=EDGE_LOOP('',(#400,#408,#416,#424,#432,#440,#448,#454));
#456=FACE_BOUND('',#455,.T.);
#457=ADVANCED_FACE('',(#456),#390,.F.);
#458=CARTESIAN_POINT('',(71.531697381,0.,0.1));
#459=DIRECTION('',(1.,0.,0.));
#460=DIRECTION('',(0.,1.,0.));
#461=AXIS2_PLACEMENT_3D('',#458,#459,#460);
#462=PLANE('',#461);
#463=ORIENTED_EDGE('',*,*,#367,.F.);
#464=CARTESIAN_POINT('',(71.531697381,49.501376024,-0.488249172));
#465=VERTEX_POINT('',#464);
#466=CARTESIAN_POINT('',(71.531697381,49.475529316,-0.440175071));
#467=DIRECTION('',(-0.,0.473540886,-0.880771837));
#468=VECTOR('',#467,0.054581787);
#469=LINE('',#466,#468);
#470=EDGE_CURVE('',#354,#465,#469,.T.);
#471=ORIENTED_EDGE('',*,*,#470,.T.);
#472=CARTESIAN_POINT('',(71.531697381,49.207558609,-2.881199991));
#473=VERTEX_POINT('',#472);
#474=CARTESIAN_POINT('',(71.531697381,49.501376024,-0.488249172));
#475=DIRECTION('',(0.,-0.121869343,-0.992546152));
#476=VECTOR('',#475,2.410921462);
#477=LINE('',#474,#476);
#478=EDGE_CURVE('',#465,#473,#477,.T.);
#479=ORIENTED_EDGE('',*,*,#478,.T.);
#480=CARTESIAN_POINT('',(71.531697381,49.18748172,-2.903291771));
#481=VERTEX_POINT('',#480);
#482=CARTESIAN_POINT('',(71.531697381,49.207558609,-2.881199991));
#483=DIRECTION('',(0.,-0.67255269,-0.740049241));
#484=VECTOR('',#483,0.029851771);
#485=LINE('',#482,#484);
#486=EDGE_CURVE('',#473,#481,#485,.T.);
#487=ORIENTED_EDGE('',*,*,#486,.T.);
#488=CARTESIAN_POINT('',(71.531697381,44.902412671,-2.377151449));
#489=VERTEX_POINT('',#488);
#490=CARTESIAN_POINT('',(71.531697381,44.902412671,-2.377151449));
#491=DIRECTION('',(0.,0.992546152,-0.121869343));
#492=VECTOR('',#491,4.317249169);
#493=LINE('',#490,#492);
#494=EDGE_CURVE('',#489,#481,#493,.T.);
#495=ORIENTED_EDGE('',*,*,#494,.F.);
#496=CARTESIAN_POINT('',(71.531697381,44.902412671,-2.377151449));
#497=DIRECTION('',(-0.,0.410718853,0.911762044));
#498=VECTOR('',#497,2.596659041);
#499=LINE('',#496,#498);
#500=EDGE_CURVE('',#489,#362,#499,.T.);
#501=ORIENTED_EDGE('',*,*,#500,.T.);
#502=EDGE_LOOP('',(#463,#471,#479,#487,#495,#501));
#503=FACE_BOUND('',#502,.T.);
#504=ADVANCED_FACE('',(#503),#462,.F.);
#505=CARTESIAN_POINT('',(70.102408059,39.121216348,-3.107332833));
#506=DIRECTION('',(-0.707106781,0.086174639,0.701836114));
#507=DIRECTION('',(0.,-0.992546152,0.121869343));
#508=AXIS2_PLACEMENT_3D('',#505,#506,#507);
#509=PLANE('',#508);
#510=ORIENTED_EDGE('',*,*,#494,.T.);
#511=CARTESIAN_POINT('',(70.229705572,49.028808833,-4.19557873));
#512=VERTEX_POINT('',#511);
#513=CARTESIAN_POINT('',(71.531697381,49.18748172,-2.903291771));
#514=DIRECTION('',(-0.707106781,-0.086174639,-0.701836114));
#515=VECTOR('',#514,1.841294474);
#516=LINE('',#513,#515);
#517=EDGE_CURVE('',#481,#512,#516,.T.);
#518=ORIENTED_EDGE('',*,*,#517,.T.);
#519=CARTESIAN_POINT('',(70.222566631,49.020853087,-4.20179444));
#520=VERTEX_POINT('',#519);
#521=CARTESIAN_POINT('',(70.229705572,49.028808833,-4.19557873));
#522=DIRECTION('',(-0.577350269,-0.643408086,-0.50268549));
#523=VECTOR('',#522,0.012365008);
#524=LINE('',#521,#523);
#525=EDGE_CURVE('',#512,#520,#524,.T.);
#526=ORIENTED_EDGE('',*,*,#525,.T.);
#527=CARTESIAN_POINT('',(70.222566628,43.596569606,-3.535776177));
#528=VERTEX_POINT('',#527);
#529=CARTESIAN_POINT('',(70.222566631,49.020853087,-4.20179444));
#530=DIRECTION('',(-0.,-0.992546152,0.121869343));
#531=VECTOR('',#530,5.465018902);
#532=LINE('',#529,#531);
#533=EDGE_CURVE('',#520,#528,#532,.T.);
#534=ORIENTED_EDGE('',*,*,#533,.T.);
#535=CARTESIAN_POINT('',(71.52592887,44.899931848,-2.382658673));
#536=VERTEX_POINT('',#535);
#537=CARTESIAN_POINT('',(70.222566628,43.596569606,-3.535776177));
#538=DIRECTION('',(0.599464927,0.599464927,0.530361766));
#539=VECTOR('',#538,2.174209338);
#540=LINE('',#537,#539);
#541=EDGE_CURVE('',#528,#536,#540,.T.);
#542=ORIENTED_EDGE('',*,*,#541,.T.);
#543=CARTESIAN_POINT('',(71.52592887,44.899931848,-2.382658673));
#544=DIRECTION('',(0.690655273,0.297025358,0.659371845));
#545=VECTOR('',#544,0.008352228);
#546=LINE('',#543,#545);
#547=EDGE_CURVE('',#536,#489,#546,.T.);
#548=ORIENTED_EDGE('',*,*,#547,.T.);
#549=EDGE_LOOP('',(#510,#518,#526,#534,#542,#548));
#550=FACE_BOUND('',#549,.T.);
#551=ADVANCED_FACE('',(#550),#509,.T.);
#552=CARTESIAN_POINT('',(0.,-1.344391255,1.982279948));
#553=DIRECTION('',(0.,0.121869343,0.992546152));
#554=DIRECTION('',(1.,0.,0.));
#555=AXIS2_PLACEMENT_3D('',#552,#553,#554);
#556=PLANE('',#555);
#557=CARTESIAN_POINT('',(0.214999998,42.501801269,-3.401355528));
#558=VERTEX_POINT('',#557);
#559=CARTESIAN_POINT('',(-1.614286082,40.68615041,-3.178421636));
#560=VERTEX_POINT('',#559);
#561=CARTESIAN_POINT('',(0.214999998,42.501801269,-3.401355528));
#562=DIRECTION('',(-0.707106781,-0.701836115,0.086174639));
#563=VECTOR('',#562,2.587001185);
#564=LINE('',#561,#563);
#565=EDGE_CURVE('',#558,#560,#564,.T.);
#566=ORIENTED_EDGE('',*,*,#565,.F.);
#567=CARTESIAN_POINT('',(2.044286079,40.68615041,-3.178421636));
#568=VERTEX_POINT('',#567);
#569=CARTESIAN_POINT('',(2.044286079,40.68615041,-3.178421636));
#570=DIRECTION('',(-0.707106781,0.701836115,-0.086174639));
#571=VECTOR('',#570,2.587001185);
#572=LINE('',#569,#571);
#573=EDGE_CURVE('',#568,#558,#572,.T.);
#574=ORIENTED_EDGE('',*,*,#573,.F.);
#575=CARTESIAN_POINT('',(1.973578642,40.516708966,-3.157616843));
#576=VERTEX_POINT('',#575);
#577=CARTESIAN_POINT('',(1.973578642,40.615963581,-3.169803777));
#578=DIRECTION('',(-0.,-0.121869343,-0.992546152));
#579=DIRECTION('',(0.,-0.992546152,0.121869343));
#580=AXIS2_PLACEMENT_3D('',#577,#578,#579);
#581=CIRCLE('',#580,0.1);
#582=EDGE_CURVE('',#568,#576,#581,.T.);
#583=ORIENTED_EDGE('',*,*,#582,.T.);
#584=CARTESIAN_POINT('',(1.214999998,40.516708966,-3.157616843));
#585=VERTEX_POINT('',#584);
#586=CARTESIAN_POINT('',(1.214999998,40.516708966,-3.157616843));
#587=DIRECTION('',(1.,0.,-0.));
#588=VECTOR('',#587,0.758578644);
#589=LINE('',#586,#588);
#590=EDGE_CURVE('',#585,#576,#589,.T.);
#591=ORIENTED_EDGE('',*,*,#590,.F.);
#592=CARTESIAN_POINT('',(1.214999998,38.630875883,-2.926065656));
#593=VERTEX_POINT('',#592);
#594=CARTESIAN_POINT('',(1.214999998,40.516708966,-3.157616843));
#595=DIRECTION('',(0.,-0.992546152,0.121869343));
#596=VECTOR('',#595,1.89999536);
#597=LINE('',#594,#596);
#598=EDGE_CURVE('',#585,#593,#597,.T.);
#599=ORIENTED_EDGE('',*,*,#598,.T.);
#600=CARTESIAN_POINT('',(1.114999998,38.531616663,-2.913878157));
#601=VERTEX_POINT('',#600);
#602=CARTESIAN_POINT('',(1.114999998,38.630871278,-2.926065091));
#603=DIRECTION('',(-0.,-0.121869343,-0.992546152));
#604=DIRECTION('',(0.,-0.992546152,0.121869343));
#605=AXIS2_PLACEMENT_3D('',#602,#603,#604);
#606=CIRCLE('',#605,0.1);
#607=EDGE_CURVE('',#593,#601,#606,.T.);
#608=ORIENTED_EDGE('',*,*,#607,.T.);
#609=CARTESIAN_POINT('',(-0.685000002,38.531616663,-2.913878157));
#610=VERTEX_POINT('',#609);
#611=CARTESIAN_POINT('',(1.114999998,38.531616663,-2.913878157));
#612=DIRECTION('',(-1.,0.,0.));
#613=VECTOR('',#612,1.8);
#614=LINE('',#611,#613);
#615=EDGE_CURVE('',#601,#610,#614,.T.);
#616=ORIENTED_EDGE('',*,*,#615,.T.);
#617=CARTESIAN_POINT('',(-0.785000002,38.630875883,-2.926065656));
#618=VERTEX_POINT('',#617);
#619=CARTESIAN_POINT('',(-0.685000002,38.630871278,-2.926065091));
#620=DIRECTION('',(-0.,-0.121869343,-0.992546152));
#621=DIRECTION('',(0.,-0.992546152,0.121869343));
#622=AXIS2_PLACEMENT_3D('',#619,#620,#621);
#623=CIRCLE('',#622,0.1);
#624=EDGE_CURVE('',#610,#618,#623,.T.);
#625=ORIENTED_EDGE('',*,*,#624,.T.);
#626=CARTESIAN_POINT('',(-0.785000002,40.417458956,-3.145430474));
#627=VERTEX_POINT('',#626);
#628=CARTESIAN_POINT('',(-0.785000002,38.630875883,-2.926065656));
#629=DIRECTION('',(0.,0.992546152,-0.121869343));
#630=VECTOR('',#629,1.8);
#631=LINE('',#628,#630);
#632=EDGE_CURVE('',#618,#627,#631,.T.);
#633=ORIENTED_EDGE('',*,*,#632,.T.);
#634=CARTESIAN_POINT('',(-0.885000002,40.516708966,-3.157616843));
#635=VERTEX_POINT('',#634);
#636=CARTESIAN_POINT('',(-0.885000002,40.417454351,-3.145429908));
#637=DIRECTION('',(0.,0.121869343,0.992546152));
#638=DIRECTION('',(0.,-0.992546152,0.121869343));
#639=AXIS2_PLACEMENT_3D('',#636,#637,#638);
#640=CIRCLE('',#639,0.1);
#641=EDGE_CURVE('',#627,#635,#640,.T.);
#642=ORIENTED_EDGE('',*,*,#641,.T.);
#643=CARTESIAN_POINT('',(-1.543578645,40.516708966,-3.157616843));
#644=VERTEX_POINT('',#643);
#645=CARTESIAN_POINT('',(-0.885000002,40.516708966,-3.157616843));
#646=DIRECTION('',(-1.,0.,0.));
#647=VECTOR('',#646,0.658578644);
#648=LINE('',#645,#647);
#649=EDGE_CURVE('',#635,#644,#648,.T.);
#650=ORIENTED_EDGE('',*,*,#649,.T.);
#651=CARTESIAN_POINT('',(-1.543578645,40.615963581,-3.169803777));
#652=DIRECTION('',(-0.,-0.121869343,-0.992546152));
#653=DIRECTION('',(0.,-0.992546152,0.121869343));
#654=AXIS2_PLACEMENT_3D('',#651,#652,#653);
#655=CIRCLE('',#654,0.1);
#656=EDGE_CURVE('',#644,#560,#655,.T.);
#657=ORIENTED_EDGE('',*,*,#656,.T.);
#658=EDGE_LOOP('',(#566,#574,#583,#591,#599,#608,#616,#625,#633,#642,#650,#657));
#659=FACE_BOUND('',#658,.T.);
#660=ORIENTED_EDGE('',*,*,#533,.F.);
#661=CARTESIAN_POINT('',(58.04082813,49.020853087,-4.20179444));
#662=VERTEX_POINT('',#661);
#663=CARTESIAN_POINT('',(70.222566631,49.020853087,-4.20179444));
#664=DIRECTION('',(-1.,0.,0.));
#665=VECTOR('',#664,12.181738501);
#666=LINE('',#663,#665);
#667=EDGE_CURVE('',#520,#662,#666,.T.);
#668=ORIENTED_EDGE('',*,*,#667,.T.);
#669=CARTESIAN_POINT('',(58.040828133,43.596569606,-3.535776177));
#670=VERTEX_POINT('',#669);
#671=CARTESIAN_POINT('',(58.04082813,49.020853087,-4.20179444));
#672=DIRECTION('',(0.,-0.992546152,0.121869343));
#673=VECTOR('',#672,5.465018902);
#674=LINE('',#671,#673);
#675=EDGE_CURVE('',#662,#670,#674,.T.);
#676=ORIENTED_EDGE('',*,*,#675,.T.);
#677=CARTESIAN_POINT('',(58.040828133,43.596569606,-3.535776177));
#678=DIRECTION('',(-1.,0.,0.));
#679=VECTOR('',#678,115.668261504);
#680=LINE('',#677,#679);
#681=EDGE_CURVE('',#670,#258,#680,.T.);
#682=ORIENTED_EDGE('',*,*,#681,.T.);
#683=ORIENTED_EDGE('',*,*,#263,.F.);
#684=CARTESIAN_POINT('',(-69.80917187,49.020853087,-4.20179444));
#685=VERTEX_POINT('',#684);
#686=CARTESIAN_POINT('',(-57.627433369,49.020853087,-4.20179444));
#687=DIRECTION('',(-1.,0.,0.));
#688=VECTOR('',#687,12.181738501);
#689=LINE('',#686,#688);
#690=EDGE_CURVE('',#250,#685,#689,.T.);
#691=ORIENTED_EDGE('',*,*,#690,.T.);
#692=CARTESIAN_POINT('',(-69.809171867,43.596569606,-3.535776177));
#693=VERTEX_POINT('',#692);
#694=CARTESIAN_POINT('',(-69.80917187,49.020853087,-4.20179444));
#695=DIRECTION('',(0.,-0.992546152,0.121869343));
#696=VECTOR('',#695,5.465018902);
#697=LINE('',#694,#696);
#698=EDGE_CURVE('',#685,#693,#697,.T.);
#699=ORIENTED_EDGE('',*,*,#698,.T.);
#700=CARTESIAN_POINT('',(-75.916191782,43.596569606,-3.535776177));
#701=VERTEX_POINT('',#700);
#702=CARTESIAN_POINT('',(-69.809171867,43.596569606,-3.535776177));
#703=DIRECTION('',(-1.,0.,0.));
#704=VECTOR('',#703,6.107019915);
#705=LINE('',#702,#704);
#706=EDGE_CURVE('',#693,#701,#705,.T.);
#707=ORIENTED_EDGE('',*,*,#706,.T.);
#708=CARTESIAN_POINT('',(-75.916191767,-4.226736519,2.336187444));
#709=VERTEX_POINT('',#708);
#710=CARTESIAN_POINT('',(-75.916191782,43.596569606,-3.535776177));
#711=DIRECTION('',(0.,-0.992546152,0.121869343));
#712=VECTOR('',#711,48.182450805);
#713=LINE('',#710,#712);
#714=EDGE_CURVE('',#701,#709,#713,.T.);
#715=ORIENTED_EDGE('',*,*,#714,.T.);
#716=CARTESIAN_POINT('',(76.346191767,-4.226736519,2.336187444));
#717=VERTEX_POINT('',#716);
#718=CARTESIAN_POINT('',(-75.916191767,-4.226736519,2.336187444));
#719=DIRECTION('',(1.,0.,-0.));
#720=VECTOR('',#719,152.262383533);
#721=LINE('',#718,#720);
#722=EDGE_CURVE('',#709,#717,#721,.T.);
#723=ORIENTED_EDGE('',*,*,#722,.T.);
#724=CARTESIAN_POINT('',(76.346191782,43.596569606,-3.535776177));
#725=VERTEX_POINT('',#724);
#726=CARTESIAN_POINT('',(76.346191767,-4.226736519,2.336187444));
#727=DIRECTION('',(0.,0.992546152,-0.121869343));
#728=VECTOR('',#727,48.182450805);
#729=LINE('',#726,#728);
#730=EDGE_CURVE('',#717,#725,#729,.T.);
#731=ORIENTED_EDGE('',*,*,#730,.T.);
#732=CARTESIAN_POINT('',(76.346191782,43.596569606,-3.535776177));
#733=DIRECTION('',(-1.,0.,0.));
#734=VECTOR('',#733,6.123625154);
#735=LINE('',#732,#734);
#736=EDGE_CURVE('',#725,#528,#735,.T.);
#737=ORIENTED_EDGE('',*,*,#736,.T.);
#738=EDGE_LOOP('',(#660,#668,#676,#682,#683,#691,#699,#707,#715,#723,#731,#737));
#739=FACE_BOUND('',#738,.T.);
#740=ADVANCED_FACE('',(#659,#739),#556,.T.);
#741=CARTESIAN_POINT('',(129.15,0.823222755,7.204611307));
#742=DIRECTION('',(0.,0.121869343,0.992546152));
#743=DIRECTION('',(1.,0.,0.));
#744=AXIS2_PLACEMENT_3D('',#741,#742,#743);
#745=PLANE('',#744);
#746=CARTESIAN_POINT('',(58.390276024,46.375698831,1.611470534));
#747=VERTEX_POINT('',#746);
#748=CARTESIAN_POINT('',(58.390276024,49.677659207,1.206040779));
#749=VERTEX_POINT('',#748);
#750=CARTESIAN_POINT('',(58.390276024,46.375698831,1.611470534));
#751=DIRECTION('',(0.,0.992546152,-0.121869343));
#752=VECTOR('',#751,3.326757522);
#753=LINE('',#750,#752);
#754=EDGE_CURVE('',#747,#749,#753,.T.);
#755=ORIENTED_EDGE('',*,*,#754,.T.);
#756=CARTESIAN_POINT('',(58.400372011,49.684744935,1.205170761));
#757=VERTEX_POINT('',#756);
#758=CARTESIAN_POINT('',(58.390276024,49.677659207,1.206040779));
#759=DIRECTION('',(0.816496581,0.573046788,-0.070361298));
#760=VECTOR('',#759,0.012365008);
#761=LINE('',#758,#760);
#762=EDGE_CURVE('',#749,#757,#761,.T.);
#763=ORIENTED_EDGE('',*,*,#762,.T.);
#764=CARTESIAN_POINT('',(69.86302275,49.684744935,1.205170761));
#765=VERTEX_POINT('',#764);
#766=CARTESIAN_POINT('',(58.400372011,49.684744935,1.205170761));
#767=DIRECTION('',(1.,-0.,-0.));
#768=VECTOR('',#767,11.462650739);
#769=LINE('',#766,#768);
#770=EDGE_CURVE('',#757,#765,#769,.T.);
#771=ORIENTED_EDGE('',*,*,#770,.T.);
#772=CARTESIAN_POINT('',(69.86302275,49.684744935,1.205170761));
#773=DIRECTION('',(0.816496581,-0.573046788,0.070361298));
#774=VECTOR('',#773,0.012365008);
#775=LINE('',#772,#774);
#776=EDGE_CURVE('',#765,#344,#775,.T.);
#777=ORIENTED_EDGE('',*,*,#776,.T.);
#778=ORIENTED_EDGE('',*,*,#351,.T.);
#779=CARTESIAN_POINT('',(69.873118737,46.375698831,1.611470534));
#780=DIRECTION('',(-1.,0.,0.));
#781=VECTOR('',#780,11.482842712);
#782=LINE('',#779,#781);
#783=EDGE_CURVE('',#346,#747,#782,.T.);
#784=ORIENTED_EDGE('',*,*,#783,.T.);
#785=EDGE_LOOP('',(#755,#763,#771,#777,#778,#784));
#786=FACE_BOUND('',#785,.T.);
#787=ADVANCED_FACE('',(#786),#745,.F.);
#788=CARTESIAN_POINT('',(56.760986702,41.8852905,0.521298349));
#789=DIRECTION('',(0.707106781,-0.086174639,-0.701836114));
#790=DIRECTION('',(0.,0.992546152,-0.121869343));
#791=AXIS2_PLACEMENT_3D('',#788,#789,#790);
#792=PLANE('',#791);
#793=CARTESIAN_POINT('',(56.731697381,45.968909493,-0.009616296));
#794=VERTEX_POINT('',#793);
#795=CARTESIAN_POINT('',(56.731697381,49.475529316,-0.440175071));
#796=VERTEX_POINT('',#795);
#797=CARTESIAN_POINT('',(56.731697381,45.968909493,-0.009616296));
#798=DIRECTION('',(0.,0.992546152,-0.121869343));
#799=VECTOR('',#798,3.532953926);
#800=LINE('',#797,#799);
#801=EDGE_CURVE('',#794,#796,#800,.T.);
#802=ORIENTED_EDGE('',*,*,#801,.T.);
#803=CARTESIAN_POINT('',(56.731697381,49.475529316,-0.440175071));
#804=DIRECTION('',(0.707106781,0.086174639,0.701836114));
#805=VECTOR('',#804,2.345584412);
#806=LINE('',#803,#805);
#807=EDGE_CURVE('',#796,#749,#806,.T.);
#808=ORIENTED_EDGE('',*,*,#807,.T.);
#809=ORIENTED_EDGE('',*,*,#754,.F.);
#810=CARTESIAN_POINT('',(57.677580261,46.375698831,0.89342255));
#811=VERTEX_POINT('',#810);
#812=CARTESIAN_POINT('',(57.677580261,46.375698831,0.89342255));
#813=DIRECTION('',(0.70445666,0.,0.709747007));
#814=VECTOR('',#813,1.011695685);
#815=LINE('',#812,#814);
#816=EDGE_CURVE('',#811,#747,#815,.T.);
#817=ORIENTED_EDGE('',*,*,#816,.F.);
#818=CARTESIAN_POINT('',(57.677580261,46.375698831,0.89342255));
#819=DIRECTION('',(-0.690655273,-0.297025358,-0.659371845));
#820=VECTOR('',#819,1.369544138);
#821=LINE('',#818,#820);
#822=EDGE_CURVE('',#811,#794,#821,.T.);
#823=ORIENTED_EDGE('',*,*,#822,.T.);
#824=EDGE_LOOP('',(#802,#808,#809,#817,#823));
#825=FACE_BOUND('',#824,.T.);
#826=ADVANCED_FACE('',(#825),#792,.T.);
#827=CARTESIAN_POINT('',(58.160986702,60.560213224,-5.73971065));
#828=DIRECTION('',(-0.707106781,-0.086174639,-0.701836114));
#829=DIRECTION('',(0.,-0.992546152,0.121869343));
#830=AXIS2_PLACEMENT_3D('',#827,#828,#829);
#831=PLANE('',#830);
#832=ORIENTED_EDGE('',*,*,#675,.F.);
#833=CARTESIAN_POINT('',(58.033689189,49.028808833,-4.19557873));
#834=VERTEX_POINT('',#833);
#835=CARTESIAN_POINT('',(58.04082813,49.020853087,-4.20179444));
#836=DIRECTION('',(-0.577350269,0.643408086,0.50268549));
#837=VECTOR('',#836,0.012365008);
#838=LINE('',#835,#837);
#839=EDGE_CURVE('',#662,#834,#838,.T.);
#840=ORIENTED_EDGE('',*,*,#839,.T.);
#841=CARTESIAN_POINT('',(56.731697381,49.18748172,-2.903291771));
#842=VERTEX_POINT('',#841);
#843=CARTESIAN_POINT('',(58.033689189,49.028808833,-4.19557873));
#844=DIRECTION('',(-0.707106781,0.086174639,0.701836114));
#845=VECTOR('',#844,1.841294474);
#846=LINE('',#843,#845);
#847=EDGE_CURVE('',#834,#842,#846,.T.);
#848=ORIENTED_EDGE('',*,*,#847,.T.);
#849=CARTESIAN_POINT('',(56.731697381,44.902412671,-2.377151449));
#850=VERTEX_POINT('',#849);
#851=CARTESIAN_POINT('',(56.731697381,49.18748172,-2.903291771));
#852=DIRECTION('',(-0.,-0.992546152,0.121869343));
#853=VECTOR('',#852,4.317249169);
#854=LINE('',#851,#853);
#855=EDGE_CURVE('',#842,#850,#854,.T.);
#856=ORIENTED_EDGE('',*,*,#855,.T.);
#857=CARTESIAN_POINT('',(56.737465891,44.899931848,-2.382658673));
#858=VERTEX_POINT('',#857);
#859=CARTESIAN_POINT('',(56.731697381,44.902412671,-2.377151449));
#860=DIRECTION('',(0.690655273,-0.297025358,-0.659371845));
#861=VECTOR('',#860,0.008352228);
#862=LINE('',#859,#861);
#863=EDGE_CURVE('',#850,#858,#862,.T.);
#864=ORIENTED_EDGE('',*,*,#863,.T.);
#865=CARTESIAN_POINT('',(56.737465891,44.899931848,-2.382658673));
#866=DIRECTION('',(0.599464927,-0.599464927,-0.530361766));
#867=VECTOR('',#866,2.174209338);
#868=LINE('',#865,#867);
#869=EDGE_CURVE('',#858,#670,#868,.T.);
#870=ORIENTED_EDGE('',*,*,#869,.T.);
#871=EDGE_LOOP('',(#832,#840,#848,#856,#864,#870));
#872=FACE_BOUND('',#871,.T.);
#873=ADVANCED_FACE('',(#872),#831,.F.);
#874=CARTESIAN_POINT('',(56.731697381,0.,0.1));
#875=DIRECTION('',(-1.,0.,0.));
#876=DIRECTION('',(0.,-1.,0.));
#877=AXIS2_PLACEMENT_3D('',#874,#875,#876);
#878=PLANE('',#877);
#879=ORIENTED_EDGE('',*,*,#855,.F.);
#880=CARTESIAN_POINT('',(56.731697381,49.207558609,-2.881199991));
#881=VERTEX_POINT('',#880);
#882=CARTESIAN_POINT('',(56.731697381,49.207558609,-2.881199991));
#883=DIRECTION('',(-0.,-0.67255269,-0.740049241));
#884=VECTOR('',#883,0.029851771);
#885=LINE('',#882,#884);
#886=EDGE_CURVE('',#881,#842,#885,.T.);
#887=ORIENTED_EDGE('',*,*,#886,.F.);
#888=CARTESIAN_POINT('',(56.731697381,49.501376024,-0.488249172));
#889=VERTEX_POINT('',#888);
#890=CARTESIAN_POINT('',(56.731697381,49.207558609,-2.881199991));
#891=DIRECTION('',(0.,0.121869343,0.992546152));
#892=VECTOR('',#891,2.410921462);
#893=LINE('',#890,#892);
#894=EDGE_CURVE('',#881,#889,#893,.T.);
#895=ORIENTED_EDGE('',*,*,#894,.T.);
#896=CARTESIAN_POINT('',(56.731697381,49.501376024,-0.488249172));
#897=DIRECTION('',(0.,-0.473540886,0.880771837));
#898=VECTOR('',#897,0.054581787);
#899=LINE('',#896,#898);
#900=EDGE_CURVE('',#889,#796,#899,.T.);
#901=ORIENTED_EDGE('',*,*,#900,.T.);
#902=ORIENTED_EDGE('',*,*,#801,.F.);
#903=CARTESIAN_POINT('',(56.731697381,45.968909493,-0.009616296));
#904=DIRECTION('',(-0.,-0.410718853,-0.911762044));
#905=VECTOR('',#904,2.596659041);
#906=LINE('',#903,#905);
#907=EDGE_CURVE('',#794,#850,#906,.T.);
#908=ORIENTED_EDGE('',*,*,#907,.T.);
#909=EDGE_LOOP('',(#879,#887,#895,#901,#902,#908));
#910=FACE_BOUND('',#909,.T.);
#911=ADVANCED_FACE('',(#910),#878,.F.);
#912=CARTESIAN_POINT('',(76.916902444,16.590991611,0.355088455));
#913=DIRECTION('',(-0.707106781,0.086174639,0.701836114));
#914=DIRECTION('',(0.,0.992546152,-0.121869343));
#915=AXIS2_PLACEMENT_3D('',#912,#913,#914);
#916=PLANE('',#915);
#917=CARTESIAN_POINT('',(76.987613122,44.237990946,-2.968294513));
#918=VERTEX_POINT('',#917);
#919=CARTESIAN_POINT('',(76.987613122,-4.843337888,3.058134891));
#920=VERTEX_POINT('',#919);
#921=CARTESIAN_POINT('',(76.987613122,44.237990946,-2.968294513));
#922=DIRECTION('',(0.,-0.992546152,0.121869343));
#923=VECTOR('',#922,49.449921046);
#924=LINE('',#921,#923);
#925=EDGE_CURVE('',#918,#920,#924,.T.);
#926=ORIENTED_EDGE('',*,*,#925,.F.);
#927=CARTESIAN_POINT('',(76.987613122,44.237990946,-2.968294513));
#928=DIRECTION('',(-0.599464927,-0.599464927,-0.530361766));
#929=VECTOR('',#928,1.069989771);
#930=LINE('',#927,#929);
#931=EDGE_CURVE('',#918,#725,#930,.T.);
#932=ORIENTED_EDGE('',*,*,#931,.T.);
#933=ORIENTED_EDGE('',*,*,#730,.F.);
#934=CARTESIAN_POINT('',(76.346191767,-4.226736519,2.336187445));
#935=DIRECTION('',(0.559808788,-0.538146824,0.630088976));
#936=VECTOR('',#935,1.145786506);
#937=LINE('',#934,#936);
#938=EDGE_CURVE('',#717,#920,#937,.T.);
#939=ORIENTED_EDGE('',*,*,#938,.T.);
#940=EDGE_LOOP('',(#926,#932,#933,#939));
#941=FACE_BOUND('',#940,.T.);
#942=ADVANCED_FACE('',(#941),#916,.T.);
#943=CARTESIAN_POINT('',(-76.486902444,16.590991611,0.355088455));
#944=DIRECTION('',(0.707106781,0.086174639,0.701836114));
#945=DIRECTION('',(0.,-0.992546152,0.121869343));
#946=AXIS2_PLACEMENT_3D('',#943,#944,#945);
#947=PLANE('',#946);
#948=ORIENTED_EDGE('',*,*,#714,.F.);
#949=CARTESIAN_POINT('',(-76.557613122,44.237990946,-2.968294513));
#950=VERTEX_POINT('',#949);
#951=CARTESIAN_POINT('',(-75.916191782,43.596569606,-3.535776177));
#952=DIRECTION('',(-0.599464927,0.599464927,0.530361766));
#953=VECTOR('',#952,1.069989771);
#954=LINE('',#951,#953);
#955=EDGE_CURVE('',#701,#950,#954,.T.);
#956=ORIENTED_EDGE('',*,*,#955,.T.);
#957=CARTESIAN_POINT('',(-76.557613122,-4.843337888,3.058134891));
#958=VERTEX_POINT('',#957);
#959=CARTESIAN_POINT('',(-76.557613122,-4.843337888,3.058134891));
#960=DIRECTION('',(0.,0.992546152,-0.121869343));
#961=VECTOR('',#960,49.449921046);
#962=LINE('',#959,#961);
#963=EDGE_CURVE('',#958,#950,#962,.T.);
#964=ORIENTED_EDGE('',*,*,#963,.F.);
#965=CARTESIAN_POINT('',(-75.916191767,-4.226736519,2.336187445));
#966=DIRECTION('',(-0.559808788,-0.538146824,0.630088976));
#967=VECTOR('',#966,1.145786507);
#968=LINE('',#965,#967);
#969=EDGE_CURVE('',#709,#958,#968,.T.);
#970=ORIENTED_EDGE('',*,*,#969,.F.);
#971=EDGE_LOOP('',(#948,#956,#964,#970));
#972=FACE_BOUND('',#971,.T.);
#973=ADVANCED_FACE('',(#972),#947,.T.);
#974=CARTESIAN_POINT('',(-124.777838082,46.375698831,13.670075373));
#975=DIRECTION('',(0.,-1.,0.));
#976=DIRECTION('',(1.,0.,0.));
#977=AXIS2_PLACEMENT_3D('',#974,#975,#976);
#978=PLANE('',#977);
#979=CARTESIAN_POINT('',(-76.557613122,46.375698831,0.89342255));
#980=VERTEX_POINT('',#979);
#981=CARTESIAN_POINT('',(-76.557613122,46.375698831,6.870075373));
#982=VERTEX_POINT('',#981);
#983=CARTESIAN_POINT('',(-76.557613122,46.375698831,0.89342255));
#984=DIRECTION('',(-0.,0.,1.));
#985=VECTOR('',#984,5.976652823);
#986=LINE('',#983,#985);
#987=EDGE_CURVE('',#980,#982,#986,.T.);
#988=ORIENTED_EDGE('',*,*,#987,.F.);
#989=CARTESIAN_POINT('',(-70.172419739,46.375698831,0.89342255));
#990=VERTEX_POINT('',#989);
#991=CARTESIAN_POINT('',(-76.557613122,46.375698831,0.89342255));
#992=DIRECTION('',(1.,-0.,-0.));
#993=VECTOR('',#992,6.385193383);
#994=LINE('',#991,#993);
#995=EDGE_CURVE('',#980,#990,#994,.T.);
#996=ORIENTED_EDGE('',*,*,#995,.T.);
#997=CARTESIAN_POINT('',(-69.359723976,46.375698831,1.712221517));
#998=VERTEX_POINT('',#997);
#999=CARTESIAN_POINT('',(-70.172419739,46.375698831,0.89342255));
#1000=DIRECTION('',(0.70445666,0.,0.709747007));
#1001=VECTOR('',#1000,1.153649059);
#1002=LINE('',#999,#1001);
#1003=EDGE_CURVE('',#990,#998,#1002,.T.);
#1004=ORIENTED_EDGE('',*,*,#1003,.T.);
#1005=CARTESIAN_POINT('',(-58.076881263,46.375698831,1.712221517));
#1006=VERTEX_POINT('',#1005);
#1007=CARTESIAN_POINT('',(-58.076881263,46.375698831,1.712221517));
#1008=DIRECTION('',(-1.,0.,0.));
#1009=VECTOR('',#1008,11.282842712);
#1010=LINE('',#1007,#1009);
#1011=EDGE_CURVE('',#1006,#998,#1010,.T.);
#1012=ORIENTED_EDGE('',*,*,#1011,.F.);
#1013=CARTESIAN_POINT('',(-57.2641855,46.375698831,0.89342255));
#1014=VERTEX_POINT('',#1013);
#1015=CARTESIAN_POINT('',(-58.076881263,46.375698831,1.712221517));
#1016=DIRECTION('',(0.70445666,-0.,-0.709747007));
#1017=VECTOR('',#1016,1.153649059);
#1018=LINE('',#1015,#1017);
#1019=EDGE_CURVE('',#1006,#1014,#1018,.T.);
#1020=ORIENTED_EDGE('',*,*,#1019,.T.);
#1021=CARTESIAN_POINT('',(-57.2641855,46.375698831,0.89342255));
#1022=DIRECTION('',(1.,-0.,-0.));
#1023=VECTOR('',#1022,114.94176576);
#1024=LINE('',#1021,#1023);
#1025=EDGE_CURVE('',#1014,#811,#1024,.T.);
#1026=ORIENTED_EDGE('',*,*,#1025,.T.);
#1027=ORIENTED_EDGE('',*,*,#816,.T.);
#1028=ORIENTED_EDGE('',*,*,#783,.F.);
#1029=ORIENTED_EDGE('',*,*,#381,.T.);
#1030=CARTESIAN_POINT('',(76.987613122,46.375698831,0.89342255));
#1031=VERTEX_POINT('',#1030);
#1032=CARTESIAN_POINT('',(70.5858145,46.375698831,0.89342255));
#1033=DIRECTION('',(1.,-0.,-0.));
#1034=VECTOR('',#1033,6.401798622);
#1035=LINE('',#1032,#1034);
#1036=EDGE_CURVE('',#370,#1031,#1035,.T.);
#1037=ORIENTED_EDGE('',*,*,#1036,.T.);
#1038=CARTESIAN_POINT('',(76.987613122,46.375698831,6.870075373));
#1039=VERTEX_POINT('',#1038);
#1040=CARTESIAN_POINT('',(76.987613122,46.375698831,6.870075373));
#1041=DIRECTION('',(-0.,-0.,-1.));
#1042=VECTOR('',#1041,5.976652823);
#1043=LINE('',#1040,#1042);
#1044=EDGE_CURVE('',#1039,#1031,#1043,.T.);
#1045=ORIENTED_EDGE('',*,*,#1044,.F.);
#1046=CARTESIAN_POINT('',(77.487613122,46.375698831,7.370075373));
#1047=VERTEX_POINT('',#1046);
#1048=CARTESIAN_POINT('',(76.987613122,46.375698831,6.870075373));
#1049=DIRECTION('',(0.707106781,0.,0.707106781));
#1050=VECTOR('',#1049,0.707106781);
#1051=LINE('',#1048,#1050);
#1052=EDGE_CURVE('',#1039,#1047,#1051,.T.);
#1053=ORIENTED_EDGE('',*,*,#1052,.T.);
#1054=CARTESIAN_POINT('',(79.587613122,46.375698831,7.370075373));
#1055=VERTEX_POINT('',#1054);
#1056=CARTESIAN_POINT('',(77.487613122,46.375698831,7.370075373));
#1057=DIRECTION('',(1.,0.,-0.));
#1058=VECTOR('',#1057,2.1);
#1059=LINE('',#1056,#1058);
#1060=EDGE_CURVE('',#1047,#1055,#1059,.T.);
#1061=ORIENTED_EDGE('',*,*,#1060,.T.);
#1062=CARTESIAN_POINT('',(80.087613122,46.375698831,7.870075373));
#1063=VERTEX_POINT('',#1062);
#1064=CARTESIAN_POINT('',(80.087613122,46.375698831,7.870075373));
#1065=DIRECTION('',(-0.707106781,0.,-0.707106781));
#1066=VECTOR('',#1065,0.707106781);
#1067=LINE('',#1064,#1066);
#1068=EDGE_CURVE('',#1063,#1055,#1067,.T.);
#1069=ORIENTED_EDGE('',*,*,#1068,.F.);
#1070=CARTESIAN_POINT('',(81.087613122,46.375698831,7.870075373));
#1071=VERTEX_POINT('',#1070);
#1072=CARTESIAN_POINT('',(80.087613122,46.375698831,7.870075373));
#1073=DIRECTION('',(1.,0.,-0.));
#1074=VECTOR('',#1073,1.);
#1075=LINE('',#1072,#1074);
#1076=EDGE_CURVE('',#1063,#1071,#1075,.T.);
#1077=ORIENTED_EDGE('',*,*,#1076,.T.);
#1078=CARTESIAN_POINT('',(83.087613122,46.375698831,5.870075373));
#1079=VERTEX_POINT('',#1078);
#1080=CARTESIAN_POINT('',(81.087613122,46.375698831,7.870075373));
#1081=DIRECTION('',(0.707106781,-0.,-0.707106781));
#1082=VECTOR('',#1081,2.828427125);
#1083=LINE('',#1080,#1082);
#1084=EDGE_CURVE('',#1071,#1079,#1083,.T.);
#1085=ORIENTED_EDGE('',*,*,#1084,.T.);
#1086=CARTESIAN_POINT('',(83.087613122,46.375698831,17.770075373));
#1087=VERTEX_POINT('',#1086);
#1088=CARTESIAN_POINT('',(83.087613122,46.375698831,5.870075373));
#1089=DIRECTION('',(0.,0.,1.));
#1090=VECTOR('',#1089,11.9);
#1091=LINE('',#1088,#1090);
#1092=EDGE_CURVE('',#1079,#1087,#1091,.T.);
#1093=ORIENTED_EDGE('',*,*,#1092,.T.);
#1094=CARTESIAN_POINT('',(55.3197,46.375698831,17.770075373));
#1095=VERTEX_POINT('',#1094);
#1096=CARTESIAN_POINT('',(83.087613122,46.375698831,17.770075373));
#1097=DIRECTION('',(-1.,-0.,0.));
#1098=VECTOR('',#1097,27.767913122);
#1099=LINE('',#1096,#1098);
#1100=EDGE_CURVE('',#1087,#1095,#1099,.T.);
#1101=ORIENTED_EDGE('',*,*,#1100,.T.);
#1102=CARTESIAN_POINT('',(53.6197,46.375698831,16.070075373));
#1103=VERTEX_POINT('',#1102);
#1104=CARTESIAN_POINT('',(53.6197,46.375698831,16.070075373));
#1105=DIRECTION('',(0.707106781,0.,0.707106781));
#1106=VECTOR('',#1105,2.404163056);
#1107=LINE('',#1104,#1106);
#1108=EDGE_CURVE('',#1103,#1095,#1107,.T.);
#1109=ORIENTED_EDGE('',*,*,#1108,.F.);
#1110=CARTESIAN_POINT('',(53.6197,46.375698831,13.970096905));
#1111=VERTEX_POINT('',#1110);
#1112=CARTESIAN_POINT('',(53.6197,46.375698831,16.070075373));
#1113=DIRECTION('',(0.,-0.,-1.));
#1114=VECTOR('',#1113,2.099978468);
#1115=LINE('',#1112,#1114);
#1116=EDGE_CURVE('',#1103,#1111,#1115,.T.);
#1117=ORIENTED_EDGE('',*,*,#1116,.T.);
#1118=CARTESIAN_POINT('',(52.6197,46.375698831,12.970096905));
#1119=VERTEX_POINT('',#1118);
#1120=CARTESIAN_POINT('',(52.6197,46.375698831,13.970096905));
#1121=DIRECTION('',(-0.,1.,-0.));
#1122=DIRECTION('',(0.,-0.,-1.));
#1123=AXIS2_PLACEMENT_3D('',#1120,#1121,#1122);
#1124=CIRCLE('',#1123,1.);
#1125=EDGE_CURVE('',#1111,#1119,#1124,.T.);
#1126=ORIENTED_EDGE('',*,*,#1125,.T.);
#1127=CARTESIAN_POINT('',(42.969,46.375698831,12.970096905));
#1128=VERTEX_POINT('',#1127);
#1129=CARTESIAN_POINT('',(52.6197,46.375698831,12.970096905));
#1130=DIRECTION('',(-1.,0.,0.));
#1131=VECTOR('',#1130,9.6507);
#1132=LINE('',#1129,#1131);
#1133=EDGE_CURVE('',#1119,#1128,#1132,.T.);
#1134=ORIENTED_EDGE('',*,*,#1133,.T.);
#1135=CARTESIAN_POINT('',(41.969,46.375698831,13.970096905));
#1136=VERTEX_POINT('',#1135);
#1137=CARTESIAN_POINT('',(42.969,46.375698831,13.970096905));
#1138=DIRECTION('',(-0.,1.,-0.));
#1139=DIRECTION('',(0.,-0.,-1.));
#1140=AXIS2_PLACEMENT_3D('',#1137,#1138,#1139);
#1141=CIRCLE('',#1140,1.);
#1142=EDGE_CURVE('',#1128,#1136,#1141,.T.);
#1143=ORIENTED_EDGE('',*,*,#1142,.T.);
#1144=CARTESIAN_POINT('',(41.969,46.375698831,16.070075373));
#1145=VERTEX_POINT('',#1144);
#1146=CARTESIAN_POINT('',(41.969,46.375698831,13.970096905));
#1147=DIRECTION('',(-0.,0.,1.));
#1148=VECTOR('',#1147,2.099978468);
#1149=LINE('',#1146,#1148);
#1150=EDGE_CURVE('',#1136,#1145,#1149,.T.);
#1151=ORIENTED_EDGE('',*,*,#1150,.T.);
#1152=CARTESIAN_POINT('',(40.269,46.375698831,17.770075373));
#1153=VERTEX_POINT('',#1152);
#1154=CARTESIAN_POINT('',(41.969,46.375698831,16.070075373));
#1155=DIRECTION('',(-0.707106781,0.,0.707106781));
#1156=VECTOR('',#1155,2.404163056);
#1157=LINE('',#1154,#1156);
#1158=EDGE_CURVE('',#1145,#1153,#1157,.T.);
#1159=ORIENTED_EDGE('',*,*,#1158,.T.);
#1160=CARTESIAN_POINT('',(-39.5803,46.375698831,17.770075373));
#1161=VERTEX_POINT('',#1160);
#1162=CARTESIAN_POINT('',(40.269,46.375698831,17.770075373));
#1163=DIRECTION('',(-1.,-0.,0.));
#1164=VECTOR('',#1163,79.8493);
#1165=LINE('',#1162,#1164);
#1166=EDGE_CURVE('',#1153,#1161,#1165,.T.);
#1167=ORIENTED_EDGE('',*,*,#1166,.T.);
#1168=CARTESIAN_POINT('',(-41.2803,46.375698831,16.070075373));
#1169=VERTEX_POINT('',#1168);
#1170=CARTESIAN_POINT('',(-41.2803,46.375698831,16.070075373));
#1171=DIRECTION('',(0.707106781,0.,0.707106781));
#1172=VECTOR('',#1171,2.404163056);
#1173=LINE('',#1170,#1172);
#1174=EDGE_CURVE('',#1169,#1161,#1173,.T.);
#1175=ORIENTED_EDGE('',*,*,#1174,.F.);
#1176=CARTESIAN_POINT('',(-41.2803,46.375698831,13.970096905));
#1177=VERTEX_POINT('',#1176);
#1178=CARTESIAN_POINT('',(-41.2803,46.375698831,13.970096905));
#1179=DIRECTION('',(-0.,0.,1.));
#1180=VECTOR('',#1179,2.099978468);
#1181=LINE('',#1178,#1180);
#1182=EDGE_CURVE('',#1177,#1169,#1181,.T.);
#1183=ORIENTED_EDGE('',*,*,#1182,.F.);
#1184=CARTESIAN_POINT('',(-42.2803,46.375698831,12.970096905));
#1185=VERTEX_POINT('',#1184);
#1186=CARTESIAN_POINT('',(-42.2803,46.375698831,13.970096905));
#1187=DIRECTION('',(-0.,1.,-0.));
#1188=DIRECTION('',(0.,-0.,-1.));
#1189=AXIS2_PLACEMENT_3D('',#1186,#1187,#1188);
#1190=CIRCLE('',#1189,1.);
#1191=EDGE_CURVE('',#1177,#1185,#1190,.T.);
#1192=ORIENTED_EDGE('',*,*,#1191,.T.);
#1193=CARTESIAN_POINT('',(-51.931,46.375698831,12.970096905));
#1194=VERTEX_POINT('',#1193);
#1195=CARTESIAN_POINT('',(-42.2803,46.375698831,12.970096905));
#1196=DIRECTION('',(-1.,0.,0.));
#1197=VECTOR('',#1196,9.6507);
#1198=LINE('',#1195,#1197);
#1199=EDGE_CURVE('',#1185,#1194,#1198,.T.);
#1200=ORIENTED_EDGE('',*,*,#1199,.T.);
#1201=CARTESIAN_POINT('',(-52.931,46.375698831,13.970096905));
#1202=VERTEX_POINT('',#1201);
#1203=CARTESIAN_POINT('',(-51.931,46.375698831,13.970096905));
#1204=DIRECTION('',(-0.,1.,-0.));
#1205=DIRECTION('',(0.,-0.,-1.));
#1206=AXIS2_PLACEMENT_3D('',#1203,#1204,#1205);
#1207=CIRCLE('',#1206,1.);
#1208=EDGE_CURVE('',#1194,#1202,#1207,.T.);
#1209=ORIENTED_EDGE('',*,*,#1208,.T.);
#1210=CARTESIAN_POINT('',(-52.931,46.375698831,16.070075373));
#1211=VERTEX_POINT('',#1210);
#1212=CARTESIAN_POINT('',(-52.931,46.375698831,13.970096905));
#1213=DIRECTION('',(0.,0.,1.));
#1214=VECTOR('',#1213,2.099978468);
#1215=LINE('',#1212,#1214);
#1216=EDGE_CURVE('',#1202,#1211,#1215,.T.);
#1217=ORIENTED_EDGE('',*,*,#1216,.T.);
#1218=CARTESIAN_POINT('',(-54.631,46.375698831,17.770075373));
#1219=VERTEX_POINT('',#1218);
#1220=CARTESIAN_POINT('',(-52.931,46.375698831,16.070075373));
#1221=DIRECTION('',(-0.707106781,0.,0.707106781));
#1222=VECTOR('',#1221,2.404163056);
#1223=LINE('',#1220,#1222);
#1224=EDGE_CURVE('',#1211,#1219,#1223,.T.);
#1225=ORIENTED_EDGE('',*,*,#1224,.T.);
#1226=CARTESIAN_POINT('',(-82.657613122,46.375698831,17.770075373));
#1227=VERTEX_POINT('',#1226);
#1228=CARTESIAN_POINT('',(-54.631,46.375698831,17.770075373));
#1229=DIRECTION('',(-1.,-0.,0.));
#1230=VECTOR('',#1229,28.026613122);
#1231=LINE('',#1228,#1230);
#1232=EDGE_CURVE('',#1219,#1227,#1231,.T.);
#1233=ORIENTED_EDGE('',*,*,#1232,.T.);
#1234=CARTESIAN_POINT('',(-82.657613122,46.375698831,5.860075373));
#1235=VERTEX_POINT('',#1234);
#1236=CARTESIAN_POINT('',(-82.657613122,46.375698831,5.860075373));
#1237=DIRECTION('',(-0.,0.,1.));
#1238=VECTOR('',#1237,11.91);
#1239=LINE('',#1236,#1238);
#1240=EDGE_CURVE('',#1235,#1227,#1239,.T.);
#1241=ORIENTED_EDGE('',*,*,#1240,.F.);
#1242=CARTESIAN_POINT('',(-80.647613122,46.375698831,7.870075373));
#1243=VERTEX_POINT('',#1242);
#1244=CARTESIAN_POINT('',(-80.647613122,46.375698831,7.870075373));
#1245=DIRECTION('',(-0.707106781,0.,-0.707106781));
#1246=VECTOR('',#1245,2.84256926);
#1247=LINE('',#1244,#1246);
#1248=EDGE_CURVE('',#1243,#1235,#1247,.T.);
#1249=ORIENTED_EDGE('',*,*,#1248,.F.);
#1250=CARTESIAN_POINT('',(-79.647613122,46.375698831,7.870075373));
#1251=VERTEX_POINT('',#1250);
#1252=CARTESIAN_POINT('',(-79.647613122,46.375698831,7.870075373));
#1253=DIRECTION('',(-1.,-0.,0.));
#1254=VECTOR('',#1253,1.);
#1255=LINE('',#1252,#1254);
#1256=EDGE_CURVE('',#1251,#1243,#1255,.T.);
#1257=ORIENTED_EDGE('',*,*,#1256,.F.);
#1258=CARTESIAN_POINT('',(-79.147613122,46.375698831,7.370075373));
#1259=VERTEX_POINT('',#1258);
#1260=CARTESIAN_POINT('',(-79.647613122,46.375698831,7.870075373));
#1261=DIRECTION('',(0.707106781,0.,-0.707106781));
#1262=VECTOR('',#1261,0.707106781);
#1263=LINE('',#1260,#1262);
#1264=EDGE_CURVE('',#1251,#1259,#1263,.T.);
#1265=ORIENTED_EDGE('',*,*,#1264,.T.);
#1266=CARTESIAN_POINT('',(-77.057613122,46.375698831,7.370075373));
#1267=VERTEX_POINT('',#1266);
#1268=CARTESIAN_POINT('',(-77.057613122,46.375698831,7.370075373));
#1269=DIRECTION('',(-1.,-0.,0.));
#1270=VECTOR('',#1269,2.09);
#1271=LINE('',#1268,#1270);
#1272=EDGE_CURVE('',#1267,#1259,#1271,.T.);
#1273=ORIENTED_EDGE('',*,*,#1272,.F.);
#1274=CARTESIAN_POINT('',(-76.557613122,46.375698831,6.870075373));
#1275=DIRECTION('',(-0.707106781,-0.,0.707106781));
#1276=VECTOR('',#1275,0.707106781);
#1277=LINE('',#1274,#1276);
#1278=EDGE_CURVE('',#982,#1267,#1277,.T.);
#1279=ORIENTED_EDGE('',*,*,#1278,.F.);
#1280=EDGE_LOOP('',(#988,#996,#1004,#1012,#1020,#1026,#1027,#1028,#1029,#1037,#1045,#1053,#1061,#1069,#1077,#1085,#1093,#1101,#1109,#1117,#1126,#1134,#1143,#1151,#1159,#1167,
#1175,#1183,#1192,#1200,#1209,#1217,#1225,#1233,#1241,#1249,#1257,#1265,#1273,#1279));
#1281=FACE_BOUND('',#1280,.T.);
#1282=CARTESIAN_POINT('',(-7.,46.375698831,10.870064071));
#1283=VERTEX_POINT('',#1282);
#1284=CARTESIAN_POINT('',(-7.,46.375698831,16.270075373));
#1285=VERTEX_POINT('',#1284);
#1286=CARTESIAN_POINT('',(-7.,46.375698831,10.870064071));
#1287=DIRECTION('',(0.,0.,1.));
#1288=VECTOR('',#1287,5.400011302);
#1289=LINE('',#1286,#1288);
#1290=EDGE_CURVE('',#1283,#1285,#1289,.T.);
#1291=ORIENTED_EDGE('',*,*,#1290,.T.);
#1292=CARTESIAN_POINT('',(-5.8,46.375698831,17.470075373));
#1293=VERTEX_POINT('',#1292);
#1294=CARTESIAN_POINT('',(-5.8,46.375698831,16.270075373));
#1295=DIRECTION('',(-0.,1.,-0.));
#1296=DIRECTION('',(0.,-0.,-1.));
#1297=AXIS2_PLACEMENT_3D('',#1294,#1295,#1296);
#1298=CIRCLE('',#1297,1.2);
#1299=EDGE_CURVE('',#1285,#1293,#1298,.T.);
#1300=ORIENTED_EDGE('',*,*,#1299,.T.);
#1301=CARTESIAN_POINT('',(6.2,46.375698831,17.470075373));
#1302=VERTEX_POINT('',#1301);
#1303=CARTESIAN_POINT('',(-5.8,46.375698831,17.470075373));
#1304=DIRECTION('',(1.,0.,-0.));
#1305=VECTOR('',#1304,12.);
#1306=LINE('',#1303,#1305);
#1307=EDGE_CURVE('',#1293,#1302,#1306,.T.);
#1308=ORIENTED_EDGE('',*,*,#1307,.T.);
#1309=CARTESIAN_POINT('',(7.4,46.375698831,16.270075373));
#1310=VERTEX_POINT('',#1309);
#1311=CARTESIAN_POINT('',(6.2,46.375698831,16.270075373));
#1312=DIRECTION('',(-0.,1.,-0.));
#1313=DIRECTION('',(0.,-0.,-1.));
#1314=AXIS2_PLACEMENT_3D('',#1311,#1312,#1313);
#1315=CIRCLE('',#1314,1.2);
#1316=EDGE_CURVE('',#1302,#1310,#1315,.T.);
#1317=ORIENTED_EDGE('',*,*,#1316,.T.);
#1318=CARTESIAN_POINT('',(7.4,46.375698831,10.870064071));
#1319=VERTEX_POINT('',#1318);
#1320=CARTESIAN_POINT('',(7.4,46.375698831,16.270075373));
#1321=DIRECTION('',(0.,-0.,-1.));
#1322=VECTOR('',#1321,5.400011302);
#1323=LINE('',#1320,#1322);
#1324=EDGE_CURVE('',#1310,#1319,#1323,.T.);
#1325=ORIENTED_EDGE('',*,*,#1324,.T.);
#1326=CARTESIAN_POINT('',(6.2,46.375698831,9.670064071));
#1327=VERTEX_POINT('',#1326);
#1328=CARTESIAN_POINT('',(6.2,46.375698831,10.870064071));
#1329=DIRECTION('',(-0.,1.,-0.));
#1330=DIRECTION('',(0.,-0.,-1.));
#1331=AXIS2_PLACEMENT_3D('',#1328,#1329,#1330);
#1332=CIRCLE('',#1331,1.2);
#1333=EDGE_CURVE('',#1319,#1327,#1332,.T.);
#1334=ORIENTED_EDGE('',*,*,#1333,.T.);
#1335=CARTESIAN_POINT('',(-5.8,46.375698831,9.670064071));
#1336=VERTEX_POINT('',#1335);
#1337=CARTESIAN_POINT('',(6.2,46.375698831,9.670064071));
#1338=DIRECTION('',(-1.,0.,0.));
#1339=VECTOR('',#1338,12.);
#1340=LINE('',#1337,#1339);
#1341=EDGE_CURVE('',#1327,#1336,#1340,.T.);
#1342=ORIENTED_EDGE('',*,*,#1341,.T.);
#1343=CARTESIAN_POINT('',(-5.8,46.375698831,10.870064071));
#1344=DIRECTION('',(-0.,1.,-0.));
#1345=DIRECTION('',(0.,-0.,-1.));
#1346=AXIS2_PLACEMENT_3D('',#1343,#1344,#1345);
#1347=CIRCLE('',#1346,1.2);
#1348=EDGE_CURVE('',#1336,#1283,#1347,.T.);
#1349=ORIENTED_EDGE('',*,*,#1348,.T.);
#1350=EDGE_LOOP('',(#1291,#1300,#1308,#1317,#1325,#1334,#1342,#1349));
#1351=FACE_BOUND('',#1350,.T.);
#1352=ADVANCED_FACE('',(#1281,#1351),#978,.T.);
#1353=CARTESIAN_POINT('',(143.754800635,53.375698831,24.370075373));
#1354=DIRECTION('',(0.,1.,-0.));
#1355=DIRECTION('',(0.,-0.,-1.));
#1356=AXIS2_PLACEMENT_3D('',#1353,#1354,#1355);
#1357=PLANE('',#1356);
#1358=CARTESIAN_POINT('',(-10.967197682,53.375698831,-0.394561484));
#1359=VERTEX_POINT('',#1358);
#1360=CARTESIAN_POINT('',(-11.271308031,53.375698831,-0.090451135));
#1361=VERTEX_POINT('',#1360);
#1362=CARTESIAN_POINT('',(-10.967197682,53.375698831,-0.394561484));
#1363=DIRECTION('',(-0.707106781,0.,0.707106781));
#1364=VECTOR('',#1363,0.430076979);
#1365=LINE('',#1362,#1364);
#1366=EDGE_CURVE('',#1359,#1361,#1365,.T.);
#1367=ORIENTED_EDGE('',*,*,#1366,.F.);
#1368=CARTESIAN_POINT('',(-10.786375817,53.375698831,-0.780862912));
#1369=VERTEX_POINT('',#1368);
#1370=CARTESIAN_POINT('',(-10.786375817,53.375698831,-0.780862912));
#1371=CARTESIAN_POINT('',(-10.786372091,53.375698831,-0.643876537));
#1372=CARTESIAN_POINT('',(-10.846651014,53.375698831,-0.515108152));
#1373=CARTESIAN_POINT('',(-10.967197682,53.375698831,-0.394561484));
#1374=B_SPLINE_CURVE_WITH_KNOTS('',3,(#1370,#1371,#1372,#1373),.UNSPECIFIED.,.F.,.F.,(4,4),(0.583331917,1.),.UNSPECIFIED.);
#1375=EDGE_CURVE('',#1369,#1359,#1374,.T.);
#1376=ORIENTED_EDGE('',*,*,#1375,.F.);
#1377=CARTESIAN_POINT('',(-11.148019548,53.375698831,-1.068533554));
#1378=VERTEX_POINT('',#1377);
#1379=CARTESIAN_POINT('',(-11.148019548,53.375698831,-1.068533554));
#1380=CARTESIAN_POINT('',(-10.906922485,53.375698831,-1.068533554));
#1381=CARTESIAN_POINT('',(-10.786372091,53.375698831,-0.972642719));
#1382=CARTESIAN_POINT('',(-10.786375817,53.375698831,-0.780862912));
#1383=B_SPLINE_CURVE_WITH_KNOTS('',3,(#1379,#1380,#1381,#1382),.UNSPECIFIED.,.F.,.F.,(4,4),(0.,0.583331917),.UNSPECIFIED.);
#1384=EDGE_CURVE('',#1378,#1369,#1383,.T.);
#1385=ORIENTED_EDGE('',*,*,#1384,.F.);
#1386=CARTESIAN_POINT('',(-12.980895903,53.375698831,-1.068533554));
#1387=VERTEX_POINT('',#1386);
#1388=CARTESIAN_POINT('',(-12.980895903,53.375698831,-1.068533554));
#1389=DIRECTION('',(1.,0.,-0.));
#1390=VECTOR('',#1389,1.832876354);
#1391=LINE('',#1388,#1390);
#1392=EDGE_CURVE('',#1387,#1378,#1391,.T.);
#1393=ORIENTED_EDGE('',*,*,#1392,.F.);
#1394=CARTESIAN_POINT('',(-10.186376836,53.375698831,-2.954835228));
#1395=VERTEX_POINT('',#1394);
#1396=CARTESIAN_POINT('',(-10.186376836,53.375698831,-2.954835228));
#1397=CARTESIAN_POINT('',(-10.25212821,53.375698831,-3.089081652));
#1398=CARTESIAN_POINT('',(-10.33843201,53.375698831,-3.194561384));
#1399=CARTESIAN_POINT('',(-10.445280786,53.375698831,-3.271273493));
#1400=CARTESIAN_POINT('',(-10.552125837,53.375698831,-3.347985602));
#1401=CARTESIAN_POINT('',(-10.694592114,53.375698831,-3.406889892));
#1402=CARTESIAN_POINT('',(-10.872675892,53.375698831,-3.447986364));
#1403=CARTESIAN_POINT('',(-11.050759669,53.375698831,-3.489081904));
#1404=CARTESIAN_POINT('',(-11.228839721,53.375698831,-3.51647862));
#1405=CARTESIAN_POINT('',(-11.406923499,53.375698831,-3.530177443));
#1406=CARTESIAN_POINT('',(-11.585003551,53.375698831,-3.543876267));
#1407=CARTESIAN_POINT('',(-11.802813824,53.375698831,-3.550725213));
#1408=CARTESIAN_POINT('',(-12.060346868,53.375698831,-3.550725213));
#1409=CARTESIAN_POINT('',(-12.334319617,53.375698831,-3.550725213));
#1410=CARTESIAN_POINT('',(-12.553497072,53.375698831,-3.546616218));
#1411=CARTESIAN_POINT('',(-12.717882957,53.375698831,-3.538396365));
#1412=CARTESIAN_POINT('',(-12.882265117,53.375698831,-3.530177443));
#1413=CARTESIAN_POINT('',(-13.075413968,53.375698831,-3.501410752));
#1414=CARTESIAN_POINT('',(-13.297336962,53.375698831,-3.452095359));
#1415=CARTESIAN_POINT('',(-13.51924878,53.375698831,-3.402779966));
#1416=CARTESIAN_POINT('',(-13.691852655,53.375698831,-3.334286778));
#1417=CARTESIAN_POINT('',(-13.815141137,53.375698831,-3.246615797));
#1418=CARTESIAN_POINT('',(-13.93842962,53.375698831,-3.158944815));
#1419=CARTESIAN_POINT('',(-14.045278396,53.375698831,-3.027437411));
#1420=CARTESIAN_POINT('',(-14.135691192,53.375698831,-2.852095447));
#1421=CARTESIAN_POINT('',(-14.226103987,53.375698831,-2.676752552));
#1422=CARTESIAN_POINT('',(-14.27130666,53.375698831,-2.465794019));
#1423=CARTESIAN_POINT('',(-14.27130666,53.375698831,-2.219217985));
#1424=CARTESIAN_POINT('',(-14.27130666,53.375698831,-1.852096214));
#1425=CARTESIAN_POINT('',(-14.158977981,53.375698831,-1.568534567));
#1426=CARTESIAN_POINT('',(-13.934320625,53.375698831,-1.368533044));
#1427=CARTESIAN_POINT('',(-13.709666993,53.375698831,-1.168533384));
#1428=CARTESIAN_POINT('',(-13.391855027,53.375698831,-1.068533554));
#1429=CARTESIAN_POINT('',(-12.980895903,53.375698831,-1.068533554));
#1430=B_SPLINE_CURVE_WITH_KNOTS('',3,(#1396,#1397,#1398,#1399,#1400,#1401,#1402,#1403,#1404,#1405,#1406,#1407,#1408,#1409,#1410,#1411,#1412,#1413,#1414,#1415,#1416,#1417,#1418,#1419,#1420,#1421,
#1422,#1423,#1424,#1425,#1426,#1427,#1428,#1429),.UNSPECIFIED.,.F.,.F.,(4,3,3,3,3,3,3,3,3,3,3,4),(0.311986542,0.367089035,0.422190259,0.477291421,0.532391437,0.59100878,0.649624782,0.70823797,0.766851159,0.825464594,0.91273288,1.),.UNSPECIFIED.);
#1431=EDGE_CURVE('',#1395,#1387,#1430,.T.);
#1432=ORIENTED_EDGE('',*,*,#1431,.F.);
#1433=CARTESIAN_POINT('',(-10.58911797,53.375698831,-1.594561308));
#1434=VERTEX_POINT('',#1433);
#1435=CARTESIAN_POINT('',(-10.58911797,53.375698831,-1.594561308));
#1436=CARTESIAN_POINT('',(-10.254868161,53.375698831,-1.824698567));
#1437=CARTESIAN_POINT('',(-10.08774605,53.375698831,-2.117849111));
#1438=CARTESIAN_POINT('',(-10.08774605,53.375698831,-2.47401294));
#1439=CARTESIAN_POINT('',(-10.08774605,53.375698831,-2.660314708));
#1440=CARTESIAN_POINT('',(-10.120621737,53.375698831,-2.820588804));
#1441=CARTESIAN_POINT('',(-10.186376836,53.375698831,-2.954835228));
#1442=B_SPLINE_CURVE_WITH_KNOTS('',3,(#1435,#1436,#1437,#1438,#1439,#1440,#1441),.UNSPECIFIED.,.F.,.F.,(4,3,4),(0.151539679,0.256883446,0.311986542),.UNSPECIFIED.);
#1443=EDGE_CURVE('',#1434,#1395,#1442,.T.);
#1444=ORIENTED_EDGE('',*,*,#1443,.F.);
#1445=CARTESIAN_POINT('',(-10.457609635,53.375698831,-0.147986382));
#1446=VERTEX_POINT('',#1445);
#1447=CARTESIAN_POINT('',(-10.457609635,53.375698831,-0.147986382));
#1448=CARTESIAN_POINT('',(-10.232950415,53.375698831,-0.372643738));
#1449=CARTESIAN_POINT('',(-10.120621737,53.375698831,-0.61921884));
#1450=CARTESIAN_POINT('',(-10.1206236,53.375698831,-0.887711688));
#1451=CARTESIAN_POINT('',(-10.120621737,53.375698831,-1.243875518));
#1452=CARTESIAN_POINT('',(-10.276785906,53.375698831,-1.479492678));
#1453=CARTESIAN_POINT('',(-10.58911797,53.375698831,-1.594561308));
#1454=B_SPLINE_CURVE_WITH_KNOTS('',3,(#1447,#1448,#1449,#1450,#1451,#1452,#1453),.UNSPECIFIED.,.F.,.F.,(4,3,4),(0.,0.065135492,0.151539679),.UNSPECIFIED.);
#1455=EDGE_CURVE('',#1446,#1434,#1454,.T.);
#1456=ORIENTED_EDGE('',*,*,#1455,.F.);
#1457=CARTESIAN_POINT('',(-10.786375817,53.375698831,0.180781663));
#1458=VERTEX_POINT('',#1457);
#1459=CARTESIAN_POINT('',(-10.786375817,53.375698831,0.180781663));
#1460=DIRECTION('',(0.707104778,-0.,-0.707108784));
#1461=VECTOR('',#1460,0.464946911);
#1462=LINE('',#1459,#1461);
#1463=EDGE_CURVE('',#1458,#1446,#1462,.T.);
#1464=ORIENTED_EDGE('',*,*,#1463,.F.);
#1465=CARTESIAN_POINT('',(-10.428842943,53.375698831,1.984891326));
#1466=VERTEX_POINT('',#1465);
#1467=CARTESIAN_POINT('',(-10.428842943,53.375698831,1.984891326));
#1468=CARTESIAN_POINT('',(-10.409663286,53.375698831,1.839685098));
#1469=CARTESIAN_POINT('',(-10.400074389,53.375698831,1.66845213));
#1470=CARTESIAN_POINT('',(-10.400074389,53.375698831,1.47119242));
#1471=CARTESIAN_POINT('',(-10.400074389,53.375698831,0.857493684));
#1472=CARTESIAN_POINT('',(-10.528842773,53.375698831,0.427356765));
#1473=CARTESIAN_POINT('',(-10.786375817,53.375698831,0.180781663));
#1474=B_SPLINE_CURVE_WITH_KNOTS('',3,(#1467,#1468,#1469,#1470,#1471,#1472,#1473),.UNSPECIFIED.,.F.,.F.,(4,3,4),(0.56061815,0.667494571,1.),.UNSPECIFIED.);
#1475=EDGE_CURVE('',#1466,#1458,#1474,.T.);
#1476=ORIENTED_EDGE('',*,*,#1475,.F.);
#1477=CARTESIAN_POINT('',(-13.153499778,53.375698831,2.999960289));
#1478=VERTEX_POINT('',#1477);
#1479=CARTESIAN_POINT('',(-13.153499778,53.375698831,2.999960289));
#1480=CARTESIAN_POINT('',(-12.890483107,53.375698831,3.104069114));
#1481=CARTESIAN_POINT('',(-12.564460601,53.375698831,3.156124458));
#1482=CARTESIAN_POINT('',(-12.17541736,53.375698831,3.156124458));
#1483=CARTESIAN_POINT('',(-11.863089021,53.375698831,3.156124458));
#1484=CARTESIAN_POINT('',(-11.595963355,53.375698831,3.124615953));
#1485=CARTESIAN_POINT('',(-11.374047812,53.375698831,3.061602668));
#1486=CARTESIAN_POINT('',(-11.152128543,53.375698831,2.998589382));
#1487=CARTESIAN_POINT('',(-10.979528393,53.375698831,2.917767347));
#1488=CARTESIAN_POINT('',(-10.856239911,53.375698831,2.819138423));
#1489=CARTESIAN_POINT('',(-10.732951429,53.375698831,2.720507637));
#1490=CARTESIAN_POINT('',(-10.635691549,53.375698831,2.59311016));
#1491=CARTESIAN_POINT('',(-10.564458411,53.375698831,2.43694599));
#1492=CARTESIAN_POINT('',(-10.493225273,53.375698831,2.280781821));
#1493=CARTESIAN_POINT('',(-10.448018875,53.375698831,2.130095691));
#1494=CARTESIAN_POINT('',(-10.428842943,53.375698831,1.984891326));
#1495=B_SPLINE_CURVE_WITH_KNOTS('',3,(#1479,#1480,#1481,#1482,#1483,#1484,#1485,#1486,#1487,#1488,#1489,#1490,#1491,#1492,#1493,#1494),.UNSPECIFIED.,.F.,.F.,(4,3,3,3,3,4),(0.,0.133122516,0.239994785,0.346868715,0.453743432,0.56061815),.UNSPECIFIED.);
#1496=EDGE_CURVE('',#1478,#1466,#1495,.T.);
#1497=ORIENTED_EDGE('',*,*,#1496,.F.);
#1498=CARTESIAN_POINT('',(-13.753502484,53.375698831,3.59995927));
#1499=VERTEX_POINT('',#1498);
#1500=CARTESIAN_POINT('',(-13.753502484,53.375698831,3.59995927));
#1501=DIRECTION('',(0.707108976,-0.,-0.707104586));
#1502=VECTOR('',#1501,0.84852933);
#1503=LINE('',#1500,#1502);
#1504=EDGE_CURVE('',#1499,#1478,#1503,.T.);
#1505=ORIENTED_EDGE('',*,*,#1504,.F.);
#1506=CARTESIAN_POINT('',(-14.221991267,53.375698831,3.123246909));
#1507=VERTEX_POINT('',#1506);
#1508=CARTESIAN_POINT('',(-14.221991267,53.375698831,3.123246909));
#1509=DIRECTION('',(0.700928178,0.,0.713231862));
#1510=VECTOR('',#1509,0.668383434);
#1511=LINE('',#1508,#1510);
#1512=EDGE_CURVE('',#1507,#1499,#1511,.T.);
#1513=ORIENTED_EDGE('',*,*,#1512,.F.);
#1514=CARTESIAN_POINT('',(-13.695965376,53.375698831,2.589001165));
#1515=VERTEX_POINT('',#1514);
#1516=CARTESIAN_POINT('',(-13.695965376,53.375698831,2.589001165));
#1517=DIRECTION('',(-0.701603787,0.,0.712567278));
#1518=VECTOR('',#1517,0.749747793);
#1519=LINE('',#1516,#1518);
#1520=EDGE_CURVE('',#1515,#1507,#1519,.T.);
#1521=ORIENTED_EDGE('',*,*,#1520,.F.);
#1522=CARTESIAN_POINT('',(-12.17541736,53.375698831,-0.213739618));
#1523=VERTEX_POINT('',#1522);
#1524=CARTESIAN_POINT('',(-12.17541736,53.375698831,-0.213739618));
#1525=CARTESIAN_POINT('',(-12.558980699,53.375698831,-0.213739618));
#1526=CARTESIAN_POINT('',(-12.875418033,53.375698831,-0.169904127));
#1527=CARTESIAN_POINT('',(-13.124729361,53.375698831,-0.082233145));
#1528=CARTESIAN_POINT('',(-13.374044414,53.375698831,0.005439699));
#1529=CARTESIAN_POINT('',(-13.556240912,53.375698831,0.136946172));
#1530=CARTESIAN_POINT('',(-13.671307679,53.375698831,0.312288136));
#1531=CARTESIAN_POINT('',(-13.786374446,53.375698831,0.4876301));
#1532=CARTESIAN_POINT('',(-13.861718442,53.375698831,0.661603019));
#1533=CARTESIAN_POINT('',(-13.897335943,53.375698831,0.834206895));
#1534=CARTESIAN_POINT('',(-13.932949718,53.375698831,1.006808908));
#1535=CARTESIAN_POINT('',(-13.950760331,53.375698831,1.219137416));
#1536=CARTESIAN_POINT('',(-13.950760331,53.375698831,1.47119242));
#1537=CARTESIAN_POINT('',(-13.950760331,53.375698831,1.975302429));
#1538=CARTESIAN_POINT('',(-13.865827437,53.375698831,2.347904102));
#1539=CARTESIAN_POINT('',(-13.695965376,53.375698831,2.589001165));
#1540=B_SPLINE_CURVE_WITH_KNOTS('',3,(#1524,#1525,#1526,#1527,#1528,#1529,#1530,#1531,#1532,#1533,#1534,#1535,#1536,#1537,#1538,#1539),.UNSPECIFIED.,.F.,.F.,(4,3,3,3,3,4),(0.,0.166665714,0.333334033,0.500002353,0.666668235,1.),.UNSPECIFIED.);
#1541=EDGE_CURVE('',#1523,#1515,#1540,.T.);
#1542=ORIENTED_EDGE('',*,*,#1541,.F.);
#1543=CARTESIAN_POINT('',(-11.271308031,53.375698831,-0.090451135));
#1544=CARTESIAN_POINT('',(-11.512405094,53.375698831,-0.172644078));
#1545=CARTESIAN_POINT('',(-11.813773628,53.375698831,-0.213739618));
#1546=CARTESIAN_POINT('',(-12.17541736,53.375698831,-0.213739618));
#1547=B_SPLINE_CURVE_WITH_KNOTS('',3,(#1543,#1544,#1545,#1546),.UNSPECIFIED.,.F.,.F.,(4,4),(0.,1.),.UNSPECIFIED.);
#1548=EDGE_CURVE('',#1361,#1523,#1547,.T.);
#1549=ORIENTED_EDGE('',*,*,#1548,.F.);
#1550=EDGE_LOOP('',(#1367,#1376,#1385,#1393,#1432,#1444,#1456,#1464,#1476,#1497,#1505,#1513,#1521,#1542,#1549));
#1551=FACE_BOUND('',#1550,.T.);
#1552=CARTESIAN_POINT('',(-8.032950427,53.375698831,4.746534706));
#1553=VERTEX_POINT('',#1552);
#1554=CARTESIAN_POINT('',(-8.641171124,53.375698831,3.743794591));
#1555=VERTEX_POINT('',#1554);
#1556=CARTESIAN_POINT('',(-8.032950427,53.375698831,4.746534706));
#1557=CARTESIAN_POINT('',(-7.956239249,53.375698831,4.683519558));
#1558=CARTESIAN_POINT('',(-7.911032852,53.375698831,4.617768184));
#1559=CARTESIAN_POINT('',(-7.897334959,53.375698831,4.549274997));
#1560=CARTESIAN_POINT('',(-7.883637067,53.375698831,4.480781809));
#1561=CARTESIAN_POINT('',(-7.87678812,53.375698831,4.386260018));
#1562=CARTESIAN_POINT('',(-7.87678812,53.375698831,4.26571335));
#1563=CARTESIAN_POINT('',(-7.87678812,53.375698831,4.15064472));
#1564=CARTESIAN_POINT('',(-7.883637067,53.375698831,4.058862881));
#1565=CARTESIAN_POINT('',(-7.897334959,53.375698831,3.990369693));
#1566=CARTESIAN_POINT('',(-7.911032852,53.375698831,3.921876506));
#1567=CARTESIAN_POINT('',(-7.956239249,53.375698831,3.856123269));
#1568=CARTESIAN_POINT('',(-8.032950427,53.375698831,3.793109984));
#1569=CARTESIAN_POINT('',(-8.109663468,53.375698831,3.730096699));
#1570=CARTESIAN_POINT('',(-8.219252195,53.375698831,3.698590056));
#1571=CARTESIAN_POINT('',(-8.361720335,53.375698831,3.698590056));
#1572=CARTESIAN_POINT('',(-8.476787101,53.375698831,3.698590056));
#1573=CARTESIAN_POINT('',(-8.569937985,53.375698831,3.713658855));
#1574=CARTESIAN_POINT('',(-8.641171124,53.375698831,3.743794591));
#1575=B_SPLINE_CURVE_WITH_KNOTS('',3,(#1556,#1557,#1558,#1559,#1560,#1561,#1562,#1563,#1564,#1565,#1566,#1567,#1568,#1569,#1570,#1571,#1572,#1573,#1574),.UNSPECIFIED.,.F.,.F.,(4,3,3,3,3,3,4),(0.535740182,0.618133782,0.700527383,0.779176745,0.857826108,0.936476611,1.),.UNSPECIFIED.);
#1576=EDGE_CURVE('',#1553,#1555,#1575,.T.);
#1577=ORIENTED_EDGE('',*,*,#1576,.F.);
#1578=CARTESIAN_POINT('',(-8.641171124,53.375698831,3.743794591));
#1579=CARTESIAN_POINT('',(-8.712402399,53.375698831,3.773932189));
#1580=CARTESIAN_POINT('',(-8.761717792,53.375698831,3.821876676));
#1581=CARTESIAN_POINT('',(-8.78911544,53.375698831,3.887629912));
#1582=CARTESIAN_POINT('',(-8.816513087,53.375698831,3.953385011));
#1583=CARTESIAN_POINT('',(-8.834321838,53.375698831,4.012289301));
#1584=CARTESIAN_POINT('',(-8.842539828,53.375698831,4.064342783));
#1585=CARTESIAN_POINT('',(-8.850757818,53.375698831,4.116396264));
#1586=CARTESIAN_POINT('',(-8.854870539,53.375698831,4.183520407));
#1587=CARTESIAN_POINT('',(-8.854870539,53.375698831,4.26571335));
#1588=CARTESIAN_POINT('',(-8.854870539,53.375698831,4.353384332));
#1589=CARTESIAN_POINT('',(-8.850757818,53.375698831,4.424615607));
#1590=CARTESIAN_POINT('',(-8.842539828,53.375698831,4.479410902));
#1591=CARTESIAN_POINT('',(-8.834321838,53.375698831,4.534206197));
#1592=CARTESIAN_POINT('',(-8.816513087,53.375698831,4.593110488));
#1593=CARTESIAN_POINT('',(-8.78911544,53.375698831,4.656123773));
#1594=CARTESIAN_POINT('',(-8.761717792,53.375698831,4.719137058));
#1595=CARTESIAN_POINT('',(-8.712402399,53.375698831,4.7657125));
#1596=CARTESIAN_POINT('',(-8.641171124,53.375698831,4.795850099));
#1597=CARTESIAN_POINT('',(-8.569937985,53.375698831,4.825985835));
#1598=CARTESIAN_POINT('',(-8.476787101,53.375698831,4.841054634));
#1599=CARTESIAN_POINT('',(-8.361720335,53.375698831,4.841054634));
#1600=CARTESIAN_POINT('',(-8.219252195,53.375698831,4.841054634));
#1601=CARTESIAN_POINT('',(-8.109663468,53.375698831,4.809547991));
#1602=CARTESIAN_POINT('',(-8.032950427,53.375698831,4.746534706));
#1603=B_SPLINE_CURVE_WITH_KNOTS('',3,(#1578,#1579,#1580,#1581,#1582,#1583,#1584,#1585,#1586,#1587,#1588,#1589,#1590,#1591,#1592,#1593,#1594,#1595,#1596,#1597,#1598,#1599,#1600,#1601,#1602),.UNSPECIFIED.,.F.,.F.,(4,3,3,3,3,3,3,3,4),(0.,0.062386322,0.124774149,0.187161977,0.253707862,0.320253747,0.386799632,0.453346368,0.535740182),.UNSPECIFIED.);
#1604=EDGE_CURVE('',#1555,#1553,#1603,.T.);
#1605=ORIENTED_EDGE('',*,*,#1604,.F.);
#1606=EDGE_LOOP('',(#1577,#1605));
#1607=FACE_BOUND('',#1606,.T.);
#1608=CARTESIAN_POINT('',(4.164309386,53.375698831,-1.241135567));
#1609=VERTEX_POINT('',#1608);
#1610=CARTESIAN_POINT('',(4.0656786,53.375698831,-1.660314544));
#1611=VERTEX_POINT('',#1610);
#1612=CARTESIAN_POINT('',(4.164309386,53.375698831,-1.241135567));
#1613=DIRECTION('',(-0.229040298,-0.,-0.973416941));
#1614=VECTOR('',#1613,0.430626343);
#1615=LINE('',#1612,#1614);
#1616=EDGE_CURVE('',#1609,#1611,#1615,.T.);
#1617=ORIENTED_EDGE('',*,*,#1616,.F.);
#1618=CARTESIAN_POINT('',(4.345131252,53.375698831,2.9259872));
#1619=VERTEX_POINT('',#1618);
#1620=CARTESIAN_POINT('',(4.345131252,53.375698831,2.9259872));
#1621=CARTESIAN_POINT('',(4.761570279,53.375698831,3.079411418));
#1622=CARTESIAN_POINT('',(5.16430955,53.375698831,3.156124458));
#1623=CARTESIAN_POINT('',(5.553349998,53.375698831,3.156124458));
#1624=CARTESIAN_POINT('',(5.871158239,53.375698831,3.156124458));
#1625=CARTESIAN_POINT('',(6.14513192,53.375698831,3.109549017));
#1626=CARTESIAN_POINT('',(6.375268247,53.375698831,3.016398133));
#1627=CARTESIAN_POINT('',(6.605405506,53.375698831,2.923247249));
#1628=CARTESIAN_POINT('',(6.784857396,53.375698831,2.805438668));
#1629=CARTESIAN_POINT('',(6.913623918,53.375698831,2.662974254));
#1630=CARTESIAN_POINT('',(7.042392303,53.375698831,2.520507977));
#1631=CARTESIAN_POINT('',(7.143761177,53.375698831,2.334206209));
#1632=CARTESIAN_POINT('',(7.217733335,53.375698831,2.104068951));
#1633=CARTESIAN_POINT('',(7.291706424,53.375698831,1.873931692));
#1634=CARTESIAN_POINT('',(7.339651842,53.375698831,1.65338333));
#1635=CARTESIAN_POINT('',(7.361569587,53.375698831,1.442425729));
#1636=CARTESIAN_POINT('',(7.383487333,53.375698831,1.231466264));
#1637=CARTESIAN_POINT('',(7.394446206,53.375698831,0.980782167));
#1638=CARTESIAN_POINT('',(7.394445274,53.375698831,0.690369711));
#1639=CARTESIAN_POINT('',(7.394446206,53.375698831,0.399959118));
#1640=CARTESIAN_POINT('',(7.383487333,53.375698831,0.149275021));
#1641=CARTESIAN_POINT('',(7.361569587,53.375698831,-0.061684444));
#1642=CARTESIAN_POINT('',(7.339651842,53.375698831,-0.272643908));
#1643=CARTESIAN_POINT('',(7.2930764,53.375698831,-0.49319227));
#1644=CARTESIAN_POINT('',(7.221843262,53.375698831,-0.723327666));
#1645=CARTESIAN_POINT('',(7.150611054,53.375698831,-0.953464925));
#1646=CARTESIAN_POINT('',(7.050611224,53.375698831,-1.139766692));
#1647=CARTESIAN_POINT('',(6.92184284,53.375698831,-1.282232969));
#1648=CARTESIAN_POINT('',(6.793076318,53.375698831,-1.424697383));
#1649=CARTESIAN_POINT('',(6.614994403,53.375698831,-1.542505964));
#1650=CARTESIAN_POINT('',(6.387597095,53.375698831,-1.635656848));
#1651=CARTESIAN_POINT('',(6.160200719,53.375698831,-1.728807732));
#1652=CARTESIAN_POINT('',(5.890336965,53.375698831,-1.775383174));
#1653=CARTESIAN_POINT('',(5.578007695,53.375698831,-1.775383174));
#1654=CARTESIAN_POINT('',(5.073898617,53.375698831,-1.775383174));
#1655=CARTESIAN_POINT('',(4.602666158,53.375698831,-1.597301259));
#1656=CARTESIAN_POINT('',(4.164309386,53.375698831,-1.241135567));
#1657=B_SPLINE_CURVE_WITH_KNOTS('',3,(#1620,#1621,#1622,#1623,#1624,#1625,#1626,#1627,#1628,#1629,#1630,#1631,#1632,#1633,#1634,#1635,#1636,#1637,#1638,#1639,#1640,#1641,#1642,#1643,#1644,#1645,
#1646,#1647,#1648,#1649,#1650,#1651,#1652,#1653,#1654,#1655,#1656),.UNSPECIFIED.,.F.,.F.,(4,3,3,3,3,3,3,3,3,3,3,3,4),(0.,0.09535001,0.173241702,0.251133665,0.329026695,0.406919817,0.484813619,0.562706922,0.640600225,0.718494014,0.796386736,0.874279185,1.),.UNSPECIFIED.);
#1658=EDGE_CURVE('',#1619,#1609,#1657,.T.);
#1659=ORIENTED_EDGE('',*,*,#1658,.F.);
#1660=CARTESIAN_POINT('',(4.345131252,53.375698831,3.879411922));
#1661=VERTEX_POINT('',#1660);
#1662=CARTESIAN_POINT('',(4.345131252,53.375698831,3.879411922));
#1663=DIRECTION('',(0.,-0.,-1.));
#1664=VECTOR('',#1663,0.953424722);
#1665=LINE('',#1662,#1664);
#1666=EDGE_CURVE('',#1661,#1619,#1665,.T.);
#1667=ORIENTED_EDGE('',*,*,#1666,.F.);
#1668=CARTESIAN_POINT('',(4.838281457,53.375698831,3.879411922));
#1669=VERTEX_POINT('',#1668);
#1670=CARTESIAN_POINT('',(4.838281457,53.375698831,3.879411922));
#1671=DIRECTION('',(-1.,0.,0.));
#1672=VECTOR('',#1671,0.493150204);
#1673=LINE('',#1670,#1672);
#1674=EDGE_CURVE('',#1669,#1661,#1673,.T.);
#1675=ORIENTED_EDGE('',*,*,#1674,.F.);
#1676=CARTESIAN_POINT('',(4.838281457,53.375698831,4.438315362));
#1677=VERTEX_POINT('',#1676);
#1678=CARTESIAN_POINT('',(4.838281457,53.375698831,4.438315362));
#1679=DIRECTION('',(0.,-0.,-1.));
#1680=VECTOR('',#1679,0.558903441);
#1681=LINE('',#1678,#1680);
#1682=EDGE_CURVE('',#1677,#1669,#1681,.T.);
#1683=ORIENTED_EDGE('',*,*,#1682,.F.);
#1684=CARTESIAN_POINT('',(3.51499315,53.375698831,4.438315362));
#1685=VERTEX_POINT('',#1684);
#1686=CARTESIAN_POINT('',(3.51499315,53.375698831,4.438315362));
#1687=DIRECTION('',(1.,0.,-0.));
#1688=VECTOR('',#1687,1.323288307);
#1689=LINE('',#1686,#1688);
#1690=EDGE_CURVE('',#1685,#1677,#1689,.T.);
#1691=ORIENTED_EDGE('',*,*,#1690,.F.);
#1692=CARTESIAN_POINT('',(3.51499315,53.375698831,-1.101411103));
#1693=VERTEX_POINT('',#1692);
#1694=CARTESIAN_POINT('',(3.51499315,53.375698831,-1.101411103));
#1695=DIRECTION('',(0.,0.,1.));
#1696=VECTOR('',#1695,5.539726466);
#1697=LINE('',#1694,#1696);
#1698=EDGE_CURVE('',#1693,#1685,#1697,.T.);
#1699=ORIENTED_EDGE('',*,*,#1698,.F.);
#1700=CARTESIAN_POINT('',(3.021842946,53.375698831,-1.101411103));
#1701=VERTEX_POINT('',#1700);
#1702=CARTESIAN_POINT('',(3.021842946,53.375698831,-1.101411103));
#1703=DIRECTION('',(1.,0.,-0.));
#1704=VECTOR('',#1703,0.493150204);
#1705=LINE('',#1702,#1704);
#1706=EDGE_CURVE('',#1701,#1693,#1705,.T.);
#1707=ORIENTED_EDGE('',*,*,#1706,.F.);
#1708=CARTESIAN_POINT('',(3.021842946,53.375698831,-1.660314544));
#1709=VERTEX_POINT('',#1708);
#1710=CARTESIAN_POINT('',(3.021842946,53.375698831,-1.660314544));
#1711=DIRECTION('',(0.,0.,1.));
#1712=VECTOR('',#1711,0.558903441);
#1713=LINE('',#1710,#1712);
#1714=EDGE_CURVE('',#1709,#1701,#1713,.T.);
#1715=ORIENTED_EDGE('',*,*,#1714,.F.);
#1716=CARTESIAN_POINT('',(4.0656786,53.375698831,-1.660314544));
#1717=DIRECTION('',(-1.,0.,0.));
#1718=VECTOR('',#1717,1.043835655);
#1719=LINE('',#1716,#1718);
#1720=EDGE_CURVE('',#1611,#1709,#1719,.T.);
#1721=ORIENTED_EDGE('',*,*,#1720,.F.);
#1722=EDGE_LOOP('',(#1617,#1659,#1667,#1675,#1683,#1691,#1699,#1707,#1715,#1721));
#1723=FACE_BOUND('',#1722,.T.);
#1724=CARTESIAN_POINT('',(-18.495964672,53.375698831,1.619136737));
#1725=VERTEX_POINT('',#1724);
#1726=CARTESIAN_POINT('',(-18.495964672,53.375698831,-1.101411103));
#1727=VERTEX_POINT('',#1726);
#1728=CARTESIAN_POINT('',(-18.495964672,53.375698831,1.619136737));
#1729=DIRECTION('',(0.,-0.,-1.));
#1730=VECTOR('',#1729,2.72054784);
#1731=LINE('',#1728,#1730);
#1732=EDGE_CURVE('',#1725,#1727,#1731,.T.);
#1733=ORIENTED_EDGE('',*,*,#1732,.F.);
#1734=CARTESIAN_POINT('',(-18.319255527,53.375698831,2.297219665));
#1735=VERTEX_POINT('',#1734);
#1736=CARTESIAN_POINT('',(-18.319255527,53.375698831,2.297219665));
#1737=CARTESIAN_POINT('',(-18.437060382,53.375698831,2.162973241));
#1738=CARTESIAN_POINT('',(-18.495964672,53.375698831,1.936944977));
#1739=CARTESIAN_POINT('',(-18.495964672,53.375698831,1.619136737));
#1740=B_SPLINE_CURVE_WITH_KNOTS('',3,(#1736,#1737,#1738,#1739),.UNSPECIFIED.,.F.,.F.,(4,4),(0.730163409,1.),.UNSPECIFIED.);
#1741=EDGE_CURVE('',#1735,#1725,#1740,.T.);
#1742=ORIENTED_EDGE('',*,*,#1741,.F.);
#1743=CARTESIAN_POINT('',(-16.358981695,53.375698831,1.989000321));
#1744=VERTEX_POINT('',#1743);
#1745=CARTESIAN_POINT('',(-16.358981695,53.375698831,1.989000321));
#1746=CARTESIAN_POINT('',(-16.791856702,53.375698831,2.328726307));
#1747=CARTESIAN_POINT('',(-17.246651318,53.375698831,2.498590232));
#1748=CARTESIAN_POINT('',(-17.723361816,53.375698831,2.498590232));
#1749=CARTESIAN_POINT('',(-18.002814468,53.375698831,2.498590232));
#1750=CARTESIAN_POINT('',(-18.201443221,53.375698831,2.431466088));
#1751=CARTESIAN_POINT('',(-18.319255527,53.375698831,2.297219665));
#1752=B_SPLINE_CURVE_WITH_KNOTS('',3,(#1745,#1746,#1747,#1748,#1749,#1750,#1751),.UNSPECIFIED.,.F.,.F.,(4,3,4),(0.,0.460319393,0.730163409),.UNSPECIFIED.);
#1753=EDGE_CURVE('',#1744,#1735,#1752,.T.);
#1754=ORIENTED_EDGE('',*,*,#1753,.F.);
#1755=CARTESIAN_POINT('',(-16.358981695,53.375698831,-1.101411103));
#1756=VERTEX_POINT('',#1755);
#1757=CARTESIAN_POINT('',(-16.358981695,53.375698831,-1.101411103));
#1758=DIRECTION('',(0.,0.,1.));
#1759=VECTOR('',#1758,3.090411425);
#1760=LINE('',#1757,#1759);
#1761=EDGE_CURVE('',#1756,#1744,#1760,.T.);
#1762=ORIENTED_EDGE('',*,*,#1761,.F.);
#1763=CARTESIAN_POINT('',(-16.819252487,53.375698831,-1.101411103));
#1764=VERTEX_POINT('',#1763);
#1765=CARTESIAN_POINT('',(-16.819252487,53.375698831,-1.101411103));
#1766=DIRECTION('',(1.,0.,-0.));
#1767=VECTOR('',#1766,0.460270792);
#1768=LINE('',#1765,#1767);
#1769=EDGE_CURVE('',#1764,#1756,#1768,.T.);
#1770=ORIENTED_EDGE('',*,*,#1769,.F.);
#1771=CARTESIAN_POINT('',(-16.819252487,53.375698831,-1.660314544));
#1772=VERTEX_POINT('',#1771);
#1773=CARTESIAN_POINT('',(-16.819252487,53.375698831,-1.660314544));
#1774=DIRECTION('',(0.,0.,1.));
#1775=VECTOR('',#1774,0.558903441);
#1776=LINE('',#1773,#1775);
#1777=EDGE_CURVE('',#1772,#1764,#1776,.T.);
#1778=ORIENTED_EDGE('',*,*,#1777,.F.);
#1779=CARTESIAN_POINT('',(-15.035691526,53.375698831,-1.660314544));
#1780=VERTEX_POINT('',#1779);
#1781=CARTESIAN_POINT('',(-15.035691526,53.375698831,-1.660314544));
#1782=DIRECTION('',(-1.,0.,0.));
#1783=VECTOR('',#1782,1.783560961);
#1784=LINE('',#1781,#1783);
#1785=EDGE_CURVE('',#1780,#1772,#1784,.T.);
#1786=ORIENTED_EDGE('',*,*,#1785,.F.);
#1787=CARTESIAN_POINT('',(-15.035691526,53.375698831,-1.101411103));
#1788=VERTEX_POINT('',#1787);
#1789=CARTESIAN_POINT('',(-15.035691526,53.375698831,-1.101411103));
#1790=DIRECTION('',(0.,-0.,-1.));
#1791=VECTOR('',#1790,0.558903441);
#1792=LINE('',#1789,#1791);
#1793=EDGE_CURVE('',#1788,#1780,#1792,.T.);
#1794=ORIENTED_EDGE('',*,*,#1793,.F.);
#1795=CARTESIAN_POINT('',(-15.528845455,53.375698831,-1.101411103));
#1796=VERTEX_POINT('',#1795);
#1797=CARTESIAN_POINT('',(-15.528845455,53.375698831,-1.101411103));
#1798=DIRECTION('',(1.,0.,-0.));
#1799=VECTOR('',#1798,0.49315393);
#1800=LINE('',#1797,#1799);
#1801=EDGE_CURVE('',#1796,#1788,#1800,.T.);
#1802=ORIENTED_EDGE('',*,*,#1801,.F.);
#1803=CARTESIAN_POINT('',(-15.528845455,53.375698831,2.482150526));
#1804=VERTEX_POINT('',#1803);
#1805=CARTESIAN_POINT('',(-15.528845455,53.375698831,2.482150526));
#1806=DIRECTION('',(0.,-0.,-1.));
#1807=VECTOR('',#1806,3.583561629);
#1808=LINE('',#1805,#1807);
#1809=EDGE_CURVE('',#1804,#1796,#1808,.T.);
#1810=ORIENTED_EDGE('',*,*,#1809,.F.);
#1811=CARTESIAN_POINT('',(-15.035691526,53.375698831,2.482150526));
#1812=VERTEX_POINT('',#1811);
#1813=CARTESIAN_POINT('',(-15.035691526,53.375698831,2.482150526));
#1814=DIRECTION('',(-1.,0.,0.));
#1815=VECTOR('',#1814,0.49315393);
#1816=LINE('',#1813,#1815);
#1817=EDGE_CURVE('',#1812,#1804,#1816,.T.);
#1818=ORIENTED_EDGE('',*,*,#1817,.F.);
#1819=CARTESIAN_POINT('',(-15.035691526,53.375698831,3.041055829));
#1820=VERTEX_POINT('',#1819);
#1821=CARTESIAN_POINT('',(-15.035691526,53.375698831,3.041055829));
#1822=DIRECTION('',(0.,-0.,-1.));
#1823=VECTOR('',#1822,0.558905303);
#1824=LINE('',#1821,#1823);
#1825=EDGE_CURVE('',#1820,#1812,#1824,.T.);
#1826=ORIENTED_EDGE('',*,*,#1825,.F.);
#1827=CARTESIAN_POINT('',(-15.980898257,53.375698831,3.041055829));
#1828=VERTEX_POINT('',#1827);
#1829=CARTESIAN_POINT('',(-15.980898257,53.375698831,3.041055829));
#1830=DIRECTION('',(1.,0.,-0.));
#1831=VECTOR('',#1830,0.945206732);
#1832=LINE('',#1829,#1831);
#1833=EDGE_CURVE('',#1828,#1820,#1832,.T.);
#1834=ORIENTED_EDGE('',*,*,#1833,.F.);
#1835=CARTESIAN_POINT('',(-16.235693212,53.375698831,2.572561458));
#1836=VERTEX_POINT('',#1835);
#1837=CARTESIAN_POINT('',(-16.235693212,53.375698831,2.572561458));
#1838=DIRECTION('',(0.477771616,0.,0.878484082));
#1839=VECTOR('',#1838,0.533298645);
#1840=LINE('',#1837,#1839);
#1841=EDGE_CURVE('',#1836,#1828,#1840,.T.);
#1842=ORIENTED_EDGE('',*,*,#1841,.F.);
#1843=CARTESIAN_POINT('',(-19.334322627,53.375698831,1.66845213));
#1844=VERTEX_POINT('',#1843);
#1845=CARTESIAN_POINT('',(-19.334322627,53.375698831,1.66845213));
#1846=CARTESIAN_POINT('',(-19.334322627,53.375698831,2.660234303));
#1847=CARTESIAN_POINT('',(-18.860350217,53.375698831,3.156124458));
#1848=CARTESIAN_POINT('',(-17.912405398,53.375698831,3.156124458));
#1849=CARTESIAN_POINT('',(-17.331584211,53.375698831,3.156124458));
#1850=CARTESIAN_POINT('',(-16.772678908,53.375698831,2.961602838));
#1851=CARTESIAN_POINT('',(-16.235693212,53.375698831,2.572561458));
#1852=B_SPLINE_CURVE_WITH_KNOTS('',3,(#1845,#1846,#1847,#1848,#1849,#1850,#1851),.UNSPECIFIED.,.F.,.F.,(4,3,4),(0.,0.620071885,1.),.UNSPECIFIED.);
#1853=EDGE_CURVE('',#1844,#1836,#1852,.T.);
#1854=ORIENTED_EDGE('',*,*,#1853,.F.);
#1855=CARTESIAN_POINT('',(-19.334322627,53.375698831,-1.101411103));
#1856=VERTEX_POINT('',#1855);
#1857=CARTESIAN_POINT('',(-19.334322627,53.375698831,-1.101411103));
#1858=DIRECTION('',(0.,0.,1.));
#1859=VECTOR('',#1858,2.769863233);
#1860=LINE('',#1857,#1859);
#1861=EDGE_CURVE('',#1856,#1844,#1860,.T.);
#1862=ORIENTED_EDGE('',*,*,#1861,.F.);
#1863=CARTESIAN_POINT('',(-19.827472832,53.375698831,-1.101411103));
#1864=VERTEX_POINT('',#1863);
#1865=CARTESIAN_POINT('',(-19.827472832,53.375698831,-1.101411103));
#1866=DIRECTION('',(1.,0.,-0.));
#1867=VECTOR('',#1866,0.493150204);
#1868=LINE('',#1865,#1867);
#1869=EDGE_CURVE('',#1864,#1856,#1868,.T.);
#1870=ORIENTED_EDGE('',*,*,#1869,.F.);
#1871=CARTESIAN_POINT('',(-19.827472832,53.375698831,-1.660314544));
#1872=VERTEX_POINT('',#1871);
#1873=CARTESIAN_POINT('',(-19.827472832,53.375698831,-1.660314544));
#1874=DIRECTION('',(0.,0.,1.));
#1875=VECTOR('',#1874,0.558903441);
#1876=LINE('',#1873,#1875);
#1877=EDGE_CURVE('',#1872,#1864,#1876,.T.);
#1878=ORIENTED_EDGE('',*,*,#1877,.F.);
#1879=CARTESIAN_POINT('',(-18.03569388,53.375698831,-1.660314544));
#1880=VERTEX_POINT('',#1879);
#1881=CARTESIAN_POINT('',(-18.03569388,53.375698831,-1.660314544));
#1882=DIRECTION('',(-1.,0.,0.));
#1883=VECTOR('',#1882,1.791778952);
#1884=LINE('',#1881,#1883);
#1885=EDGE_CURVE('',#1880,#1872,#1884,.T.);
#1886=ORIENTED_EDGE('',*,*,#1885,.F.);
#1887=CARTESIAN_POINT('',(-18.03569388,53.375698831,-1.101411103));
#1888=VERTEX_POINT('',#1887);
#1889=CARTESIAN_POINT('',(-18.03569388,53.375698831,-1.101411103));
#1890=DIRECTION('',(0.,-0.,-1.));
#1891=VECTOR('',#1890,0.558903441);
#1892=LINE('',#1889,#1891);
#1893=EDGE_CURVE('',#1888,#1880,#1892,.T.);
#1894=ORIENTED_EDGE('',*,*,#1893,.F.);
#1895=CARTESIAN_POINT('',(-18.495964672,53.375698831,-1.101411103));
#1896=DIRECTION('',(1.,0.,-0.));
#1897=VECTOR('',#1896,0.460270792);
#1898=LINE('',#1895,#1897);
#1899=EDGE_CURVE('',#1727,#1888,#1898,.T.);
#1900=ORIENTED_EDGE('',*,*,#1899,.F.);
#1901=EDGE_LOOP('',(#1733,#1742,#1754,#1762,#1770,#1778,#1786,#1794,#1802,#1810,#1818,#1826,#1834,#1842,#1854,#1862,#1870,#1878,#1886,#1894,#1900));
#1902=FACE_BOUND('',#1901,.T.);
#1903=CARTESIAN_POINT('',(11.536913138,53.375698831,-1.101411103));
#1904=VERTEX_POINT('',#1903);
#1905=CARTESIAN_POINT('',(11.997186724,53.375698831,-1.101411103));
#1906=VERTEX_POINT('',#1905);
#1907=CARTESIAN_POINT('',(11.536913138,53.375698831,-1.101411103));
#1908=DIRECTION('',(1.,0.,-0.));
#1909=VECTOR('',#1908,0.460273586);
#1910=LINE('',#1907,#1909);
#1911=EDGE_CURVE('',#1904,#1906,#1910,.T.);
#1912=ORIENTED_EDGE('',*,*,#1911,.F.);
#1913=CARTESIAN_POINT('',(11.536913138,53.375698831,1.619136737));
#1914=VERTEX_POINT('',#1913);
#1915=CARTESIAN_POINT('',(11.536913138,53.375698831,1.619136737));
#1916=DIRECTION('',(0.,-0.,-1.));
#1917=VECTOR('',#1916,2.72054784);
#1918=LINE('',#1915,#1917);
#1919=EDGE_CURVE('',#1914,#1904,#1918,.T.);
#1920=ORIENTED_EDGE('',*,*,#1919,.F.);
#1921=CARTESIAN_POINT('',(13.673898909,53.375698831,1.989000321));
#1922=VERTEX_POINT('',#1921);
#1923=CARTESIAN_POINT('',(13.673898909,53.375698831,1.989000321));
#1924=CARTESIAN_POINT('',(13.241022971,53.375698831,2.328726307));
#1925=CARTESIAN_POINT('',(12.786228355,53.375698831,2.498590232));
#1926=CARTESIAN_POINT('',(12.309515063,53.375698831,2.498590232));
#1927=CARTESIAN_POINT('',(12.030064274,53.375698831,2.498590232));
#1928=CARTESIAN_POINT('',(11.831433658,53.375698831,2.431466088));
#1929=CARTESIAN_POINT('',(11.713625077,53.375698831,2.297219665));
#1930=CARTESIAN_POINT('',(11.595817428,53.375698831,2.162973241));
#1931=CARTESIAN_POINT('',(11.536913138,53.375698831,1.936944977));
#1932=CARTESIAN_POINT('',(11.536913138,53.375698831,1.619136737));
#1933=B_SPLINE_CURVE_WITH_KNOTS('',3,(#1923,#1924,#1925,#1926,#1927,#1928,#1929,#1930,#1931,#1932),.UNSPECIFIED.,.F.,.F.,(4,3,3,4),(0.,0.460319515,0.730160221,1.),.UNSPECIFIED.);
#1934=EDGE_CURVE('',#1922,#1914,#1933,.T.);
#1935=ORIENTED_EDGE('',*,*,#1934,.F.);
#1936=CARTESIAN_POINT('',(13.673898909,53.375698831,-1.101411103));
#1937=VERTEX_POINT('',#1936);
#1938=CARTESIAN_POINT('',(13.673898909,53.375698831,-1.101411103));
#1939=DIRECTION('',(0.,0.,1.));
#1940=VECTOR('',#1939,3.090411425);
#1941=LINE('',#1938,#1940);
#1942=EDGE_CURVE('',#1937,#1922,#1941,.T.);
#1943=ORIENTED_EDGE('',*,*,#1942,.F.);
#1944=CARTESIAN_POINT('',(13.213624858,53.375698831,-1.101411103));
#1945=VERTEX_POINT('',#1944);
#1946=CARTESIAN_POINT('',(13.213624858,53.375698831,-1.101411103));
#1947=DIRECTION('',(1.,0.,-0.));
#1948=VECTOR('',#1947,0.460274052);
#1949=LINE('',#1946,#1948);
#1950=EDGE_CURVE('',#1945,#1937,#1949,.T.);
#1951=ORIENTED_EDGE('',*,*,#1950,.F.);
#1952=CARTESIAN_POINT('',(13.213624858,53.375698831,-1.660314544));
#1953=VERTEX_POINT('',#1952);
#1954=CARTESIAN_POINT('',(13.213624858,53.375698831,-1.660314544));
#1955=DIRECTION('',(0.,0.,1.));
#1956=VECTOR('',#1955,0.558903441);
#1957=LINE('',#1954,#1956);
#1958=EDGE_CURVE('',#1953,#1945,#1957,.T.);
#1959=ORIENTED_EDGE('',*,*,#1958,.F.);
#1960=CARTESIAN_POINT('',(14.99718675,53.375698831,-1.660314544));
#1961=VERTEX_POINT('',#1960);
#1962=CARTESIAN_POINT('',(14.99718675,53.375698831,-1.660314544));
#1963=DIRECTION('',(-1.,0.,0.));
#1964=VECTOR('',#1963,1.783561893);
#1965=LINE('',#1962,#1964);
#1966=EDGE_CURVE('',#1961,#1953,#1965,.T.);
#1967=ORIENTED_EDGE('',*,*,#1966,.F.);
#1968=CARTESIAN_POINT('',(14.99718675,53.375698831,-1.101411103));
#1969=VERTEX_POINT('',#1968);
#1970=CARTESIAN_POINT('',(14.99718675,53.375698831,-1.101411103));
#1971=DIRECTION('',(0.,-0.,-1.));
#1972=VECTOR('',#1971,0.558903441);
#1973=LINE('',#1970,#1972);
#1974=EDGE_CURVE('',#1969,#1961,#1973,.T.);
#1975=ORIENTED_EDGE('',*,*,#1974,.F.);
#1976=CARTESIAN_POINT('',(14.50403608,53.375698831,-1.101411103));
#1977=VERTEX_POINT('',#1976);
#1978=CARTESIAN_POINT('',(14.50403608,53.375698831,-1.101411103));
#1979=DIRECTION('',(1.,0.,-0.));
#1980=VECTOR('',#1979,0.49315067);
#1981=LINE('',#1978,#1980);
#1982=EDGE_CURVE('',#1977,#1969,#1981,.T.);
#1983=ORIENTED_EDGE('',*,*,#1982,.F.);
#1984=CARTESIAN_POINT('',(14.50403608,53.375698831,3.879411922));
#1985=VERTEX_POINT('',#1984);
#1986=CARTESIAN_POINT('',(14.50403608,53.375698831,3.879411922));
#1987=DIRECTION('',(0.,-0.,-1.));
#1988=VECTOR('',#1987,4.980823025);
#1989=LINE('',#1986,#1988);
#1990=EDGE_CURVE('',#1985,#1977,#1989,.T.);
#1991=ORIENTED_EDGE('',*,*,#1990,.F.);
#1992=CARTESIAN_POINT('',(14.99718675,53.375698831,3.879411922));
#1993=VERTEX_POINT('',#1992);
#1994=CARTESIAN_POINT('',(14.99718675,53.375698831,3.879411922));
#1995=DIRECTION('',(-1.,0.,0.));
#1996=VECTOR('',#1995,0.49315067);
#1997=LINE('',#1994,#1996);
#1998=EDGE_CURVE('',#1993,#1985,#1997,.T.);
#1999=ORIENTED_EDGE('',*,*,#1998,.F.);
#2000=CARTESIAN_POINT('',(14.99718675,53.375698831,4.438315362));
#2001=VERTEX_POINT('',#2000);
#2002=CARTESIAN_POINT('',(14.99718675,53.375698831,4.438315362));
#2003=DIRECTION('',(0.,-0.,-1.));
#2004=VECTOR('',#2003,0.558903441);
#2005=LINE('',#2002,#2004);
#2006=EDGE_CURVE('',#2001,#1993,#2005,.T.);
#2007=ORIENTED_EDGE('',*,*,#2006,.F.);
#2008=CARTESIAN_POINT('',(13.673898909,53.375698831,4.438315362));
#2009=VERTEX_POINT('',#2008);
#2010=CARTESIAN_POINT('',(13.673898909,53.375698831,4.438315362));
#2011=DIRECTION('',(1.,0.,-0.));
#2012=VECTOR('',#2011,1.323287841);
#2013=LINE('',#2010,#2012);
#2014=EDGE_CURVE('',#2009,#2001,#2013,.T.);
#2015=ORIENTED_EDGE('',*,*,#2014,.F.);
#2016=CARTESIAN_POINT('',(13.673898909,53.375698831,2.654754401));
#2017=VERTEX_POINT('',#2016);
#2018=CARTESIAN_POINT('',(13.673898909,53.375698831,2.654754401));
#2019=DIRECTION('',(0.,0.,1.));
#2020=VECTOR('',#2019,1.783560961);
#2021=LINE('',#2018,#2020);
#2022=EDGE_CURVE('',#2017,#2009,#2021,.T.);
#2023=ORIENTED_EDGE('',*,*,#2022,.F.);
#2024=CARTESIAN_POINT('',(10.698556114,53.375698831,1.66845213));
#2025=VERTEX_POINT('',#2024);
#2026=CARTESIAN_POINT('',(10.698556114,53.375698831,1.66845213));
#2027=CARTESIAN_POINT('',(10.698556114,53.375698831,2.660234303));
#2028=CARTESIAN_POINT('',(11.172529456,53.375698831,3.156124458));
#2029=CARTESIAN_POINT('',(12.120474275,53.375698831,3.156124458));
#2030=CARTESIAN_POINT('',(12.651981,53.375698831,3.156124458));
#2031=CARTESIAN_POINT('',(13.169789832,53.375698831,2.989000485));
#2032=CARTESIAN_POINT('',(13.673898909,53.375698831,2.654754401));
#2033=B_SPLINE_CURVE_WITH_KNOTS('',3,(#2026,#2027,#2028,#2029,#2030,#2031,#2032),.UNSPECIFIED.,.F.,.F.,(4,3,4),(0.,0.640740701,1.),.UNSPECIFIED.);
#2034=EDGE_CURVE('',#2025,#2017,#2033,.T.);
#2035=ORIENTED_EDGE('',*,*,#2034,.F.);
#2036=CARTESIAN_POINT('',(10.698556114,53.375698831,-1.101411103));
#2037=VERTEX_POINT('',#2036);
#2038=CARTESIAN_POINT('',(10.698556114,53.375698831,-1.101411103));
#2039=DIRECTION('',(0.,0.,1.));
#2040=VECTOR('',#2039,2.769863233);
#2041=LINE('',#2038,#2040);
#2042=EDGE_CURVE('',#2037,#2025,#2041,.T.);
#2043=ORIENTED_EDGE('',*,*,#2042,.F.);
#2044=CARTESIAN_POINT('',(10.20540591,53.375698831,-1.101411103));
#2045=VERTEX_POINT('',#2044);
#2046=CARTESIAN_POINT('',(10.20540591,53.375698831,-1.101411103));
#2047=DIRECTION('',(1.,0.,-0.));
#2048=VECTOR('',#2047,0.493150204);
#2049=LINE('',#2046,#2048);
#2050=EDGE_CURVE('',#2045,#2037,#2049,.T.);
#2051=ORIENTED_EDGE('',*,*,#2050,.F.);
#2052=CARTESIAN_POINT('',(10.20540591,53.375698831,-1.660314544));
#2053=VERTEX_POINT('',#2052);
#2054=CARTESIAN_POINT('',(10.20540591,53.375698831,-1.660314544));
#2055=DIRECTION('',(0.,0.,1.));
#2056=VECTOR('',#2055,0.558903441);
#2057=LINE('',#2054,#2056);
#2058=EDGE_CURVE('',#2053,#2045,#2057,.T.);
#2059=ORIENTED_EDGE('',*,*,#2058,.F.);
#2060=CARTESIAN_POINT('',(11.997186724,53.375698831,-1.660314544));
#2061=VERTEX_POINT('',#2060);
#2062=CARTESIAN_POINT('',(11.997186724,53.375698831,-1.660314544));
#2063=DIRECTION('',(-1.,0.,0.));
#2064=VECTOR('',#2063,1.791780815);
#2065=LINE('',#2062,#2064);
#2066=EDGE_CURVE('',#2061,#2053,#2065,.T.);
#2067=ORIENTED_EDGE('',*,*,#2066,.F.);
#2068=CARTESIAN_POINT('',(11.997186724,53.375698831,-1.101411103));
#2069=DIRECTION('',(0.,-0.,-1.));
#2070=VECTOR('',#2069,0.558903441);
#2071=LINE('',#2068,#2070);
#2072=EDGE_CURVE('',#1906,#2061,#2071,.T.);
#2073=ORIENTED_EDGE('',*,*,#2072,.F.);
#2074=EDGE_LOOP('',(#1912,#1920,#1935,#1943,#1951,#1959,#1967,#1975,#1983,#1991,#1999,#2007,#2015,#2023,#2035,#2043,#2051,#2059,#2067,#2073));
#2075=FACE_BOUND('',#2074,.T.);
#2076=CARTESIAN_POINT('',(-1.342541393,53.375698831,2.662974254));
#2077=VERTEX_POINT('',#2076);
#2078=CARTESIAN_POINT('',(1.928691898,53.375698831,2.104068951));
#2079=VERTEX_POINT('',#2078);
#2080=CARTESIAN_POINT('',(-1.342541393,53.375698831,2.662974254));
#2081=CARTESIAN_POINT('',(-1.205553155,53.375698831,2.805438668));
#2082=CARTESIAN_POINT('',(-1.013771485,53.375698831,2.923247249));
#2083=CARTESIAN_POINT('',(-0.767196383,53.375698831,3.016398133));
#2084=CARTESIAN_POINT('',(-0.520621281,53.375698831,3.109549017));
#2085=CARTESIAN_POINT('',(-0.224730786,53.375698831,3.156124458));
#2086=CARTESIAN_POINT('',(0.12047324,53.375698831,3.156124458));
#2087=CARTESIAN_POINT('',(0.465680991,53.375698831,3.156124458));
#2088=CARTESIAN_POINT('',(0.76294053,53.375698831,3.109549017));
#2089=CARTESIAN_POINT('',(1.012253721,53.375698831,3.016398133));
#2090=CARTESIAN_POINT('',(1.261570636,53.375698831,2.923247249));
#2091=CARTESIAN_POINT('',(1.456090395,53.375698831,2.805438668));
#2092=CARTESIAN_POINT('',(1.595814858,53.375698831,2.662974254));
#2093=CARTESIAN_POINT('',(1.735543046,53.375698831,2.520507977));
#2094=CARTESIAN_POINT('',(1.846502681,53.375698831,2.334206209));
#2095=CARTESIAN_POINT('',(1.928691898,53.375698831,2.104068951));
#2096=B_SPLINE_CURVE_WITH_KNOTS('',3,(#2080,#2081,#2082,#2083,#2084,#2085,#2086,#2087,#2088,#2089,#2090,#2091,#2092,#2093,#2094,#2095),.UNSPECIFIED.,.F.,.F.,(4,3,3,3,3,4),(0.143360301,0.191147398,0.238934495,0.286722107,0.334510346,0.382299529),.UNSPECIFIED.);
#2097=EDGE_CURVE('',#2077,#2079,#2096,.T.);
#2098=ORIENTED_EDGE('',*,*,#2097,.F.);
#2099=CARTESIAN_POINT('',(-1.663089584,53.375698831,2.104068951));
#2100=VERTEX_POINT('',#2099);
#2101=CARTESIAN_POINT('',(-1.663089584,53.375698831,2.104068951));
#2102=CARTESIAN_POINT('',(-1.586374681,53.375698831,2.334206209));
#2103=CARTESIAN_POINT('',(-1.479525905,53.375698831,2.520507977));
#2104=CARTESIAN_POINT('',(-1.342541393,53.375698831,2.662974254));
#2105=B_SPLINE_CURVE_WITH_KNOTS('',3,(#2101,#2102,#2103,#2104),.UNSPECIFIED.,.F.,.F.,(4,4),(0.095573504,0.143360301),.UNSPECIFIED.);
#2106=EDGE_CURVE('',#2100,#2077,#2105,.T.);
#2107=ORIENTED_EDGE('',*,*,#2106,.F.);
#2108=CARTESIAN_POINT('',(-1.843909587,53.375698831,0.690369711));
#2109=VERTEX_POINT('',#2108);
#2110=CARTESIAN_POINT('',(-1.843909587,53.375698831,0.690369711));
#2111=CARTESIAN_POINT('',(-1.843909587,53.375698831,0.980782167));
#2112=CARTESIAN_POINT('',(-1.832949783,53.375698831,1.231466264));
#2113=CARTESIAN_POINT('',(-1.811033901,53.375698831,1.442425729));
#2114=CARTESIAN_POINT('',(-1.789116155,53.375698831,1.65338333));
#2115=CARTESIAN_POINT('',(-1.739800762,53.375698831,1.873931692));
#2116=CARTESIAN_POINT('',(-1.663089584,53.375698831,2.104068951));
#2117=B_SPLINE_CURVE_WITH_KNOTS('',3,(#2110,#2111,#2112,#2113,#2114,#2115,#2116),.UNSPECIFIED.,.F.,.F.,(4,3,4),(0.,0.047786939,0.095573504),.UNSPECIFIED.);
#2118=EDGE_CURVE('',#2109,#2100,#2117,.T.);
#2119=ORIENTED_EDGE('',*,*,#2118,.F.);
#2120=CARTESIAN_POINT('',(-1.843909587,53.375698831,0.476672158));
#2121=VERTEX_POINT('',#2120);
#2122=CARTESIAN_POINT('',(-1.843909587,53.375698831,0.476672158));
#2123=DIRECTION('',(0.,0.,1.));
#2124=VECTOR('',#2123,0.213697553);
#2125=LINE('',#2122,#2124);
#2126=EDGE_CURVE('',#2121,#2109,#2125,.T.);
#2127=ORIENTED_EDGE('',*,*,#2126,.F.);
#2128=CARTESIAN_POINT('',(1.295815367,53.375698831,0.476672158));
#2129=VERTEX_POINT('',#2128);
#2130=CARTESIAN_POINT('',(1.295815367,53.375698831,0.476672158));
#2131=DIRECTION('',(-1.,0.,0.));
#2132=VECTOR('',#2131,3.139724955);
#2133=LINE('',#2130,#2132);
#2134=EDGE_CURVE('',#2129,#2121,#2133,.T.);
#2135=ORIENTED_EDGE('',*,*,#2134,.F.);
#2136=CARTESIAN_POINT('',(-1.087744575,53.375698831,-0.180862068));
#2137=VERTEX_POINT('',#2136);
#2138=CARTESIAN_POINT('',(-1.087744575,53.375698831,-0.180862068));
#2139=CARTESIAN_POINT('',(-1.065826829,53.375698831,-0.487712368));
#2140=CARTESIAN_POINT('',(-0.97404499,53.375698831,-0.720587715));
#2141=CARTESIAN_POINT('',(-0.812402781,53.375698831,-0.879491835));
#2142=CARTESIAN_POINT('',(-0.650756847,53.375698831,-1.038395955));
#2143=CARTESIAN_POINT('',(-0.356237259,53.375698831,-1.117848947));
#2144=CARTESIAN_POINT('',(0.071159709,53.375698831,-1.117848947));
#2145=CARTESIAN_POINT('',(0.542390306,53.375698831,-1.117848947));
#2146=CARTESIAN_POINT('',(0.861569453,53.375698831,-0.998671322));
#2147=CARTESIAN_POINT('',(1.028691564,53.375698831,-0.760314211));
#2148=CARTESIAN_POINT('',(1.195815537,53.375698831,-0.521958961));
#2149=CARTESIAN_POINT('',(1.284857426,53.375698831,-0.10962893));
#2150=CARTESIAN_POINT('',(1.295815367,53.375698831,0.476672158));
#2151=B_SPLINE_CURVE_WITH_KNOTS('',3,(#2138,#2139,#2140,#2141,#2142,#2143,#2144,#2145,#2146,#2147,#2148,#2149,#2150),.UNSPECIFIED.,.F.,.F.,(4,3,3,3,4),(0.,0.23780337,0.475609526,0.737804968,1.),.UNSPECIFIED.);
#2152=EDGE_CURVE('',#2137,#2129,#2151,.T.);
#2153=ORIENTED_EDGE('',*,*,#2152,.F.);
#2154=CARTESIAN_POINT('',(-1.769938361,53.375698831,-0.213739618));
#2155=VERTEX_POINT('',#2154);
#2156=CARTESIAN_POINT('',(-1.769938361,53.375698831,-0.213739618));
#2157=DIRECTION('',(0.998840695,0.,0.048137985));
#2158=VECTOR('',#2157,0.682985574);
#2159=LINE('',#2156,#2158);
#2160=EDGE_CURVE('',#2155,#2137,#2159,.T.);
#2161=ORIENTED_EDGE('',*,*,#2160,.F.);
#2162=CARTESIAN_POINT('',(1.928691898,53.375698831,2.104068951));
#2163=CARTESIAN_POINT('',(2.01088484,53.375698831,1.873931692));
#2164=CARTESIAN_POINT('',(2.062940184,53.375698831,1.65338333));
#2165=CARTESIAN_POINT('',(2.084856067,53.375698831,1.442425729));
#2166=CARTESIAN_POINT('',(2.106773813,53.375698831,1.231466264));
#2167=CARTESIAN_POINT('',(2.117733617,53.375698831,0.980782167));
#2168=CARTESIAN_POINT('',(2.117733617,53.375698831,0.690369711));
#2169=CARTESIAN_POINT('',(2.117733617,53.375698831,0.268452645));
#2170=CARTESIAN_POINT('',(2.088965062,53.375698831,-0.08634214));
#2171=CARTESIAN_POINT('',(2.031431679,53.375698831,-0.374012782));
#2172=CARTESIAN_POINT('',(1.973898296,53.375698831,-0.661685287));
#2173=CARTESIAN_POINT('',(1.872527559,53.375698831,-0.915109336));
#2174=CARTESIAN_POINT('',(1.727323193,53.375698831,-1.13428679));
#2175=CARTESIAN_POINT('',(1.582118828,53.375698831,-1.353466108));
#2176=CARTESIAN_POINT('',(1.375268359,53.375698831,-1.515108316));
#2177=CARTESIAN_POINT('',(1.106775511,53.375698831,-1.619219004));
#2178=CARTESIAN_POINT('',(0.838280801,53.375698831,-1.72332783));
#2179=CARTESIAN_POINT('',(0.498554815,53.375698831,-1.775383174));
#2180=CARTESIAN_POINT('',(0.08759569,53.375698831,-1.775383174));
#2181=CARTESIAN_POINT('',(-0.274046179,53.375698831,-1.775383174));
#2182=CARTESIAN_POINT('',(-0.578156527,53.375698831,-1.735656678));
#2183=CARTESIAN_POINT('',(-0.824731629,53.375698831,-1.656205549));
#2184=CARTESIAN_POINT('',(-1.071306731,53.375698831,-1.576752558));
#2185=CARTESIAN_POINT('',(-1.257608499,53.375698831,-1.458943977));
#2186=CARTESIAN_POINT('',(-1.38363507,53.375698831,-1.302779808));
#2187=CARTESIAN_POINT('',(-1.509663503,53.375698831,-1.146615639));
#2188=CARTESIAN_POINT('',(-1.600074436,53.375698831,-0.984971567));
#2189=CARTESIAN_POINT('',(-1.654867869,53.375698831,-0.817849457));
#2190=CARTESIAN_POINT('',(-1.709663164,53.375698831,-0.650725483));
#2191=CARTESIAN_POINT('',(-1.748018753,53.375698831,-0.449354916));
#2192=CARTESIAN_POINT('',(-1.769938361,53.375698831,-0.213739618));
#2193=B_SPLINE_CURVE_WITH_KNOTS('',3,(#2162,#2163,#2164,#2165,#2166,#2167,#2168,#2169,#2170,#2171,#2172,#2173,#2174,#2175,#2176,#2177,#2178,#2179,#2180,#2181,#2182,#2183,#2184,#2185,#2186,#2187,
#2188,#2189,#2190,#2191,#2192),.UNSPECIFIED.,.F.,.F.,(4,3,3,3,3,3,3,3,3,3,4),(0.382299529,0.430088956,0.477878844,0.547308956,0.6167395,0.686170455,0.755601665,0.816700766,0.877800001,0.938899592,1.),.UNSPECIFIED.);
#2194=EDGE_CURVE('',#2079,#2155,#2193,.T.);
#2195=ORIENTED_EDGE('',*,*,#2194,.F.);
#2196=EDGE_LOOP('',(#2098,#2107,#2119,#2127,#2135,#2153,#2161,#2195));
#2197=FACE_BOUND('',#2196,.T.);
#2198=CARTESIAN_POINT('',(8.808144514,53.375698831,-1.726067781));
#2199=VERTEX_POINT('',#2198);
#2200=CARTESIAN_POINT('',(8.808144514,53.375698831,-0.57538335));
#2201=VERTEX_POINT('',#2200);
#2202=CARTESIAN_POINT('',(8.808144514,53.375698831,-1.726067781));
#2203=CARTESIAN_POINT('',(8.599925932,53.375698831,-1.726067781));
#2204=CARTESIAN_POINT('',(8.464309532,53.375698831,-1.674012437));
#2205=CARTESIAN_POINT('',(8.401295316,53.375698831,-1.569903611));
#2206=CARTESIAN_POINT('',(8.33828203,53.375698831,-1.465794786));
#2207=CARTESIAN_POINT('',(8.306774456,53.375698831,-1.32606846));
#2208=CARTESIAN_POINT('',(8.306774456,53.375698831,-1.150724634));
#2209=CARTESIAN_POINT('',(8.306774456,53.375698831,-1.035657867));
#2210=CARTESIAN_POINT('',(8.314994309,53.375698831,-0.942506983));
#2211=CARTESIAN_POINT('',(8.331432153,53.375698831,-0.871273845));
#2212=CARTESIAN_POINT('',(8.347871859,53.375698831,-0.800040706));
#2213=CARTESIAN_POINT('',(8.394446369,53.375698831,-0.732916563));
#2214=CARTESIAN_POINT('',(8.471158479,53.375698831,-0.669903278));
#2215=CARTESIAN_POINT('',(8.547870588,53.375698831,-0.606889992));
#2216=CARTESIAN_POINT('',(8.660200197,53.375698831,-0.57538335));
#2217=CARTESIAN_POINT('',(8.808144514,53.375698831,-0.57538335));
#2218=B_SPLINE_CURVE_WITH_KNOTS('',3,(#2202,#2203,#2204,#2205,#2206,#2207,#2208,#2209,#2210,#2211,#2212,#2213,#2214,#2215,#2216,#2217),.UNSPECIFIED.,.F.,.F.,(4,3,3,3,3,4),(0.508458254,0.632312823,0.756166902,0.837444291,0.918722145,1.),.UNSPECIFIED.);
#2219=EDGE_CURVE('',#2199,#2201,#2218,.T.);
#2220=ORIENTED_EDGE('',*,*,#2219,.F.);
#2221=CARTESIAN_POINT('',(8.808144514,53.375698831,-0.57538335));
#2222=CARTESIAN_POINT('',(8.950610791,53.375698831,-0.57538335));
#2223=CARTESIAN_POINT('',(9.058829542,53.375698831,-0.606889992));
#2224=CARTESIAN_POINT('',(9.132801701,53.375698831,-0.669903278));
#2225=CARTESIAN_POINT('',(9.20677479,53.375698831,-0.732916563));
#2226=CARTESIAN_POINT('',(9.251980257,53.375698831,-0.800040706));
#2227=CARTESIAN_POINT('',(9.2684181,53.375698831,-0.871273845));
#2228=CARTESIAN_POINT('',(9.284857806,53.375698831,-0.942506983));
#2229=CARTESIAN_POINT('',(9.293075796,53.375698831,-1.035657867));
#2230=CARTESIAN_POINT('',(9.293075796,53.375698831,-1.150724634));
#2231=CARTESIAN_POINT('',(9.293075796,53.375698831,-1.265793263));
#2232=CARTESIAN_POINT('',(9.284857806,53.375698831,-1.358944147));
#2233=CARTESIAN_POINT('',(9.2684181,53.375698831,-1.430177286));
#2234=CARTESIAN_POINT('',(9.251980257,53.375698831,-1.501410424));
#2235=CARTESIAN_POINT('',(9.20677479,53.375698831,-1.568534567));
#2236=CARTESIAN_POINT('',(9.132801701,53.375698831,-1.631547853));
#2237=CARTESIAN_POINT('',(9.058829542,53.375698831,-1.694561138));
#2238=CARTESIAN_POINT('',(8.950610791,53.375698831,-1.726067781));
#2239=CARTESIAN_POINT('',(8.808144514,53.375698831,-1.726067781));
#2240=B_SPLINE_CURVE_WITH_KNOTS('',3,(#2221,#2222,#2223,#2224,#2225,#2226,#2227,#2228,#2229,#2230,#2231,#2232,#2233,#2234,#2235,#2236,#2237,#2238,#2239),.UNSPECIFIED.,.F.,.F.,(4,3,3,3,3,3,4),(0.,0.084741782,0.169484183,0.254227069,0.338971327,0.4237151,0.508458254),.UNSPECIFIED.);
#2241=EDGE_CURVE('',#2201,#2199,#2240,.T.);
#2242=ORIENTED_EDGE('',*,*,#2241,.F.);
#2243=EDGE_LOOP('',(#2220,#2242));
#2244=FACE_BOUND('',#2243,.T.);
#2245=CARTESIAN_POINT('',(-4.350759875,53.375698831,1.150644229));
#2246=VERTEX_POINT('',#2245);
#2247=CARTESIAN_POINT('',(-5.731581565,53.375698831,1.3479058));
#2248=VERTEX_POINT('',#2247);
#2249=CARTESIAN_POINT('',(-4.350759875,53.375698831,1.150644229));
#2250=CARTESIAN_POINT('',(-4.098703008,53.375698831,1.216397465));
#2251=CARTESIAN_POINT('',(-3.916513961,53.375698831,1.298588545));
#2252=CARTESIAN_POINT('',(-3.804185282,53.375698831,1.397219331));
#2253=CARTESIAN_POINT('',(-3.691854741,53.375698831,1.495850117));
#2254=CARTESIAN_POINT('',(-3.635690402,53.375698831,1.638314531));
#2255=CARTESIAN_POINT('',(-3.635690402,53.375698831,1.824616299));
#2256=CARTESIAN_POINT('',(-3.635690402,53.375698831,2.02735591));
#2257=CARTESIAN_POINT('',(-3.704181727,53.375698831,2.190370888));
#2258=CARTESIAN_POINT('',(-3.841169964,53.375698831,2.313657508));
#2259=CARTESIAN_POINT('',(-3.978156339,53.375698831,2.43694599));
#2260=CARTESIAN_POINT('',(-4.194595705,53.375698831,2.498590232));
#2261=CARTESIAN_POINT('',(-4.490486201,53.375698831,2.498590232));
#2262=CARTESIAN_POINT('',(-4.934321012,53.375698831,2.498590232));
#2263=CARTESIAN_POINT('',(-5.245278444,53.375698831,2.424617142));
#2264=CARTESIAN_POINT('',(-5.423362221,53.375698831,2.276672826));
#2265=CARTESIAN_POINT('',(-5.601444136,53.375698831,2.128726647));
#2266=CARTESIAN_POINT('',(-5.704182055,53.375698831,1.819138259));
#2267=CARTESIAN_POINT('',(-5.731581565,53.375698831,1.3479058));
#2268=B_SPLINE_CURVE_WITH_KNOTS('',3,(#2249,#2250,#2251,#2252,#2253,#2254,#2255,#2256,#2257,#2258,#2259,#2260,#2261,#2262,#2263,#2264,#2265,#2266,#2267),.UNSPECIFIED.,.F.,.F.,(4,3,3,3,3,3,4),(0.,0.134386742,0.268774742,0.415020111,0.561265371,0.7806328,1.),.UNSPECIFIED.);
#2269=EDGE_CURVE('',#2246,#2248,#2268,.T.);
#2270=ORIENTED_EDGE('',*,*,#2269,.F.);
#2271=CARTESIAN_POINT('',(-5.15624028,53.375698831,0.936946676));
#2272=VERTEX_POINT('',#2271);
#2273=CARTESIAN_POINT('',(-5.15624028,53.375698831,0.936946676));
#2274=DIRECTION('',(0.966561954,0.,0.256433207));
#2275=VECTOR('',#2274,0.833345863);
#2276=LINE('',#2273,#2275);
#2277=EDGE_CURVE('',#2272,#2246,#2276,.T.);
#2278=ORIENTED_EDGE('',*,*,#2277,.F.);
#2279=CARTESIAN_POINT('',(-6.126102846,53.375698831,0.472563163));
#2280=VERTEX_POINT('',#2279);
#2281=CARTESIAN_POINT('',(-6.126102846,53.375698831,0.472563163));
#2282=CARTESIAN_POINT('',(-5.923359509,53.375698831,0.667082921));
#2283=CARTESIAN_POINT('',(-5.600073229,53.375698831,0.821878047));
#2284=CARTESIAN_POINT('',(-5.15624028,53.375698831,0.936946676));
#2285=B_SPLINE_CURVE_WITH_KNOTS('',3,(#2281,#2282,#2283,#2284),.UNSPECIFIED.,.F.,.F.,(4,4),(0.824853847,1.),.UNSPECIFIED.);
#2286=EDGE_CURVE('',#2280,#2272,#2285,.T.);
#2287=ORIENTED_EDGE('',*,*,#2286,.F.);
#2288=CARTESIAN_POINT('',(-3.356239613,53.375698831,-1.17538233));
#2289=VERTEX_POINT('',#2288);
#2290=CARTESIAN_POINT('',(-3.356239613,53.375698831,-1.17538233));
#2291=CARTESIAN_POINT('',(-3.668567952,53.375698831,-1.575383513));
#2292=CARTESIAN_POINT('',(-4.142542224,53.375698831,-1.775383174));
#2293=CARTESIAN_POINT('',(-4.778156843,53.375698831,-1.775383174));
#2294=CARTESIAN_POINT('',(-5.879527744,53.375698831,-1.775383174));
#2295=CARTESIAN_POINT('',(-6.430211331,53.375698831,-1.317848607));
#2296=CARTESIAN_POINT('',(-6.430211331,53.375698831,-0.402779474));
#2297=CARTESIAN_POINT('',(-6.430211331,53.375698831,-0.013739958));
#2298=CARTESIAN_POINT('',(-6.328840595,53.375698831,0.278041542));
#2299=CARTESIAN_POINT('',(-6.126102846,53.375698831,0.472563163));
#2300=B_SPLINE_CURVE_WITH_KNOTS('',3,(#2290,#2291,#2292,#2293,#2294,#2295,#2296,#2297,#2298,#2299),.UNSPECIFIED.,.F.,.F.,(4,3,3,4),(0.,0.237747978,0.649709404,0.824853847),.UNSPECIFIED.);
#2301=EDGE_CURVE('',#2289,#2280,#2300,.T.);
#2302=ORIENTED_EDGE('',*,*,#2301,.F.);
#2303=CARTESIAN_POINT('',(-3.372677456,53.375698831,-1.660314544));
#2304=VERTEX_POINT('',#2303);
#2305=CARTESIAN_POINT('',(-3.372677456,53.375698831,-1.660314544));
#2306=DIRECTION('',(0.033877741,0.,0.999425985));
#2307=VECTOR('',#2306,0.485210732);
#2308=LINE('',#2305,#2307);
#2309=EDGE_CURVE('',#2304,#2289,#2308,.T.);
#2310=ORIENTED_EDGE('',*,*,#2309,.F.);
#2311=CARTESIAN_POINT('',(-2.805554162,53.375698831,-1.660314544));
#2312=VERTEX_POINT('',#2311);
#2313=CARTESIAN_POINT('',(-2.805554162,53.375698831,-1.660314544));
#2314=DIRECTION('',(-1.,0.,0.));
#2315=VECTOR('',#2314,0.567123294);
#2316=LINE('',#2313,#2315);
#2317=EDGE_CURVE('',#2312,#2304,#2316,.T.);
#2318=ORIENTED_EDGE('',*,*,#2317,.F.);
#2319=CARTESIAN_POINT('',(-2.805554162,53.375698831,0.032835484));
#2320=VERTEX_POINT('',#2319);
#2321=CARTESIAN_POINT('',(-2.805554162,53.375698831,0.032835484));
#2322=DIRECTION('',(0.,-0.,-1.));
#2323=VECTOR('',#2322,1.693150029);
#2324=LINE('',#2321,#2323);
#2325=EDGE_CURVE('',#2320,#2312,#2324,.T.);
#2326=ORIENTED_EDGE('',*,*,#2325,.F.);
#2327=CARTESIAN_POINT('',(-3.331581916,53.375698831,0.032835484));
#2328=VERTEX_POINT('',#2327);
#2329=CARTESIAN_POINT('',(-3.331581916,53.375698831,0.032835484));
#2330=DIRECTION('',(1.,0.,-0.));
#2331=VECTOR('',#2330,0.526027754);
#2332=LINE('',#2329,#2331);
#2333=EDGE_CURVE('',#2328,#2320,#2332,.T.);
#2334=ORIENTED_EDGE('',*,*,#2333,.F.);
#2335=CARTESIAN_POINT('',(-4.901443463,53.375698831,0.21365735));
#2336=VERTEX_POINT('',#2335);
#2337=CARTESIAN_POINT('',(-4.901443463,53.375698831,0.21365735));
#2338=CARTESIAN_POINT('',(-5.158978369,53.375698831,0.142424212));
#2339=CARTESIAN_POINT('',(-5.339802097,53.375698831,0.056124137));
#2340=CARTESIAN_POINT('',(-5.44390906,53.375698831,-0.0452466));
#2341=CARTESIAN_POINT('',(-5.548017885,53.375698831,-0.146615475));
#2342=CARTESIAN_POINT('',(-5.600073229,53.375698831,-0.279492854));
#2343=CARTESIAN_POINT('',(-5.600075092,53.375698831,-0.443876877));
#2344=CARTESIAN_POINT('',(-5.600073229,53.375698831,-0.89319159));
#2345=CARTESIAN_POINT('',(-5.274045136,53.375698831,-1.117848947));
#2346=CARTESIAN_POINT('',(-4.621992673,53.375698831,-1.117848947));
#2347=CARTESIAN_POINT('',(-3.838430013,53.375698831,-1.117848947));
#2348=CARTESIAN_POINT('',(-3.408293094,53.375698831,-0.73428747));
#2349=CARTESIAN_POINT('',(-3.331581916,53.375698831,0.032835484));
#2350=B_SPLINE_CURVE_WITH_KNOTS('',3,(#2337,#2338,#2339,#2340,#2341,#2342,#2343,#2344,#2345,#2346,#2347,#2348,#2349),.UNSPECIFIED.,.F.,.F.,(4,3,3,3,4),(0.,0.124720575,0.24944118,0.590342944,1.),.UNSPECIFIED.);
#2351=EDGE_CURVE('',#2336,#2328,#2350,.T.);
#2352=ORIENTED_EDGE('',*,*,#2351,.F.);
#2353=CARTESIAN_POINT('',(-4.095966782,53.375698831,0.419136912));
#2354=VERTEX_POINT('',#2353);
#2355=CARTESIAN_POINT('',(-4.095966782,53.375698831,0.419136912));
#2356=DIRECTION('',(-0.96896788,-0.,-0.247186667));
#2357=VECTOR('',#2356,0.831272839);
#2358=LINE('',#2355,#2357);
#2359=EDGE_CURVE('',#2354,#2336,#2358,.T.);
#2360=ORIENTED_EDGE('',*,*,#2359,.F.);
#2361=CARTESIAN_POINT('',(-3.109664511,53.375698831,0.899960131));
#2362=VERTEX_POINT('',#2361);
#2363=CARTESIAN_POINT('',(-3.109664511,53.375698831,0.899960131));
#2364=CARTESIAN_POINT('',(-3.312402259,53.375698831,0.710918412));
#2365=CARTESIAN_POINT('',(-3.641168441,53.375698831,0.550645248));
#2366=CARTESIAN_POINT('',(-4.095966782,53.375698831,0.419136912));
#2367=B_SPLINE_CURVE_WITH_KNOTS('',3,(#2363,#2364,#2365,#2366),.UNSPECIFIED.,.F.,.F.,(4,4),(0.793584165,1.),.UNSPECIFIED.);
#2368=EDGE_CURVE('',#2362,#2354,#2367,.T.);
#2369=ORIENTED_EDGE('',*,*,#2368,.F.);
#2370=CARTESIAN_POINT('',(-3.208295297,53.375698831,2.786260874));
#2371=VERTEX_POINT('',#2370);
#2372=CARTESIAN_POINT('',(-3.208295297,53.375698831,2.786260874));
#2373=CARTESIAN_POINT('',(-2.939798724,53.375698831,2.539685772));
#2374=CARTESIAN_POINT('',(-2.805554162,53.375698831,2.21913758));
#2375=CARTESIAN_POINT('',(-2.805554162,53.375698831,1.824616299));
#2376=CARTESIAN_POINT('',(-2.805554162,53.375698831,1.397219331));
#2377=CARTESIAN_POINT('',(-2.906923037,53.375698831,1.088999987));
#2378=CARTESIAN_POINT('',(-3.109664511,53.375698831,0.899960131));
#2379=B_SPLINE_CURVE_WITH_KNOTS('',3,(#2372,#2373,#2374,#2375,#2376,#2377,#2378),.UNSPECIFIED.,.F.,.F.,(4,3,4),(0.396628069,0.587167247,0.793584165),.UNSPECIFIED.);
#2380=EDGE_CURVE('',#2371,#2362,#2379,.T.);
#2381=ORIENTED_EDGE('',*,*,#2380,.F.);
#2382=CARTESIAN_POINT('',(-5.706923868,53.375698831,2.662974254));
#2383=VERTEX_POINT('',#2382);
#2384=CARTESIAN_POINT('',(-5.706923868,53.375698831,2.662974254));
#2385=CARTESIAN_POINT('',(-5.427473079,53.375698831,2.991740436));
#2386=CARTESIAN_POINT('',(-4.997334298,53.375698831,3.156124458));
#2387=CARTESIAN_POINT('',(-4.416513111,53.375698831,3.156124458));
#2388=CARTESIAN_POINT('',(-3.879527416,53.375698831,3.156124458));
#2389=CARTESIAN_POINT('',(-3.476786282,53.375698831,3.032835976));
#2390=CARTESIAN_POINT('',(-3.208295297,53.375698831,2.786260874));
#2391=B_SPLINE_CURVE_WITH_KNOTS('',3,(#2384,#2385,#2386,#2387,#2388,#2389,#2390),.UNSPECIFIED.,.F.,.F.,(4,3,4),(0.,0.206091043,0.396628069),.UNSPECIFIED.);
#2392=EDGE_CURVE('',#2383,#2371,#2391,.T.);
#2393=ORIENTED_EDGE('',*,*,#2392,.F.);
#2394=CARTESIAN_POINT('',(-5.698705878,53.375698831,3.041055829));
#2395=VERTEX_POINT('',#2394);
#2396=CARTESIAN_POINT('',(-5.698705878,53.375698831,3.041055829));
#2397=DIRECTION('',(-0.021730892,-0.,-0.999763856));
#2398=VECTOR('',#2397,0.378170878);
#2399=LINE('',#2396,#2398);
#2400=EDGE_CURVE('',#2395,#2383,#2399,.T.);
#2401=ORIENTED_EDGE('',*,*,#2400,.F.);
#2402=CARTESIAN_POINT('',(-6.265829172,53.375698831,3.041055829));
#2403=VERTEX_POINT('',#2402);
#2404=CARTESIAN_POINT('',(-6.265829172,53.375698831,3.041055829));
#2405=DIRECTION('',(1.,0.,-0.));
#2406=VECTOR('',#2405,0.567123294);
#2407=LINE('',#2404,#2406);
#2408=EDGE_CURVE('',#2403,#2395,#2407,.T.);
#2409=ORIENTED_EDGE('',*,*,#2408,.F.);
#2410=CARTESIAN_POINT('',(-6.265829172,53.375698831,1.3479058));
#2411=VERTEX_POINT('',#2410);
#2412=CARTESIAN_POINT('',(-6.265829172,53.375698831,1.3479058));
#2413=DIRECTION('',(0.,0.,1.));
#2414=VECTOR('',#2413,1.693150029);
#2415=LINE('',#2412,#2414);
#2416=EDGE_CURVE('',#2411,#2403,#2415,.T.);
#2417=ORIENTED_EDGE('',*,*,#2416,.F.);
#2418=CARTESIAN_POINT('',(-5.731581565,53.375698831,1.3479058));
#2419=DIRECTION('',(-1.,0.,0.));
#2420=VECTOR('',#2419,0.534247607);
#2421=LINE('',#2418,#2420);
#2422=EDGE_CURVE('',#2248,#2411,#2421,.T.);
#2423=ORIENTED_EDGE('',*,*,#2422,.F.);
#2424=EDGE_LOOP('',(#2270,#2278,#2287,#2302,#2310,#2318,#2326,#2334,#2352,#2360,#2369,#2381,#2393,#2401,#2409,#2417,#2423));
#2425=FACE_BOUND('',#2424,.T.);
#2426=CARTESIAN_POINT('',(18.934172957,53.375698831,-2.884972065));
#2427=VERTEX_POINT('',#2426);
#2428=CARTESIAN_POINT('',(18.934172957,53.375698831,-1.553465768));
#2429=VERTEX_POINT('',#2428);
#2430=CARTESIAN_POINT('',(18.934172957,53.375698831,-2.884972065));
#2431=DIRECTION('',(0.,0.,1.));
#2432=VECTOR('',#2431,1.331506297);
#2433=LINE('',#2430,#2432);
#2434=EDGE_CURVE('',#2427,#2429,#2433,.T.);
#2435=ORIENTED_EDGE('',*,*,#2434,.F.);
#2436=CARTESIAN_POINT('',(18.27663873,53.375698831,-2.884972065));
#2437=VERTEX_POINT('',#2436);
#2438=CARTESIAN_POINT('',(18.27663873,53.375698831,-2.884972065));
#2439=DIRECTION('',(1.,0.,-0.));
#2440=VECTOR('',#2439,0.657534227);
#2441=LINE('',#2438,#2440);
#2442=EDGE_CURVE('',#2437,#2427,#2441,.T.);
#2443=ORIENTED_EDGE('',*,*,#2442,.F.);
#2444=CARTESIAN_POINT('',(18.27663873,53.375698831,-3.435657515));
#2445=VERTEX_POINT('',#2444);
#2446=CARTESIAN_POINT('',(18.27663873,53.375698831,-3.435657515));
#2447=DIRECTION('',(0.,0.,1.));
#2448=VECTOR('',#2447,0.55068545);
#2449=LINE('',#2446,#2448);
#2450=EDGE_CURVE('',#2445,#2437,#2449,.T.);
#2451=ORIENTED_EDGE('',*,*,#2450,.F.);
#2452=CARTESIAN_POINT('',(20.257460739,53.375698831,-3.435657515));
#2453=VERTEX_POINT('',#2452);
#2454=CARTESIAN_POINT('',(20.257460739,53.375698831,-3.435657515));
#2455=DIRECTION('',(-1.,0.,0.));
#2456=VECTOR('',#2455,1.98082201);
#2457=LINE('',#2454,#2456);
#2458=EDGE_CURVE('',#2453,#2445,#2457,.T.);
#2459=ORIENTED_EDGE('',*,*,#2458,.F.);
#2460=CARTESIAN_POINT('',(20.257460739,53.375698831,-2.884972065));
#2461=VERTEX_POINT('',#2460);
#2462=CARTESIAN_POINT('',(20.257460739,53.375698831,-2.884972065));
#2463=DIRECTION('',(0.,-0.,-1.));
#2464=VECTOR('',#2463,0.55068545);
#2465=LINE('',#2462,#2464);
#2466=EDGE_CURVE('',#2461,#2453,#2465,.T.);
#2467=ORIENTED_EDGE('',*,*,#2466,.F.);
#2468=CARTESIAN_POINT('',(19.764310069,53.375698831,-2.884972065));
#2469=VERTEX_POINT('',#2468);
#2470=CARTESIAN_POINT('',(19.764310069,53.375698831,-2.884972065));
#2471=DIRECTION('',(1.,0.,-0.));
#2472=VECTOR('',#2471,0.49315067);
#2473=LINE('',#2470,#2472);
#2474=EDGE_CURVE('',#2469,#2461,#2473,.T.);
#2475=ORIENTED_EDGE('',*,*,#2474,.F.);
#2476=CARTESIAN_POINT('',(19.764310069,53.375698831,2.482150526));
#2477=VERTEX_POINT('',#2476);
#2478=CARTESIAN_POINT('',(19.764310069,53.375698831,2.482150526));
#2479=DIRECTION('',(0.,-0.,-1.));
#2480=VECTOR('',#2479,5.367122591);
#2481=LINE('',#2478,#2480);
#2482=EDGE_CURVE('',#2477,#2469,#2481,.T.);
#2483=ORIENTED_EDGE('',*,*,#2482,.F.);
#2484=CARTESIAN_POINT('',(20.257460739,53.375698831,2.482150526));
#2485=VERTEX_POINT('',#2484);
#2486=CARTESIAN_POINT('',(20.257460739,53.375698831,2.482150526));
#2487=DIRECTION('',(-1.,0.,0.));
#2488=VECTOR('',#2487,0.49315067);
#2489=LINE('',#2486,#2488);
#2490=EDGE_CURVE('',#2485,#2477,#2489,.T.);
#2491=ORIENTED_EDGE('',*,*,#2490,.F.);
#2492=CARTESIAN_POINT('',(20.257460739,53.375698831,3.041055829));
#2493=VERTEX_POINT('',#2492);
#2494=CARTESIAN_POINT('',(20.257460739,53.375698831,3.041055829));
#2495=DIRECTION('',(0.,-0.,-1.));
#2496=VECTOR('',#2495,0.558905303);
#2497=LINE('',#2494,#2496);
#2498=EDGE_CURVE('',#2493,#2485,#2497,.T.);
#2499=ORIENTED_EDGE('',*,*,#2498,.F.);
#2500=CARTESIAN_POINT('',(19.31225523,53.375698831,3.041055829));
#2501=VERTEX_POINT('',#2500);
#2502=CARTESIAN_POINT('',(19.31225523,53.375698831,3.041055829));
#2503=DIRECTION('',(1.,0.,-0.));
#2504=VECTOR('',#2503,0.945205509);
#2505=LINE('',#2502,#2504);
#2506=EDGE_CURVE('',#2501,#2493,#2505,.T.);
#2507=ORIENTED_EDGE('',*,*,#2506,.F.);
#2508=CARTESIAN_POINT('',(19.106775784,53.375698831,2.646534548));
#2509=VERTEX_POINT('',#2508);
#2510=CARTESIAN_POINT('',(19.106775784,53.375698831,2.646534548));
#2511=DIRECTION('',(0.461933733,0.,0.886914442));
#2512=VECTOR('',#2511,0.444824509);
#2513=LINE('',#2510,#2512);
#2514=EDGE_CURVE('',#2509,#2501,#2513,.T.);
#2515=ORIENTED_EDGE('',*,*,#2514,.F.);
#2516=CARTESIAN_POINT('',(18.934172957,53.375698831,-1.553465768));
#2517=CARTESIAN_POINT('',(18.528693734,53.375698831,-1.701410084));
#2518=CARTESIAN_POINT('',(18.125953997,53.375698831,-1.775383174));
#2519=CARTESIAN_POINT('',(17.725953745,53.375698831,-1.775383174));
#2520=CARTESIAN_POINT('',(17.40814597,53.375698831,-1.775383174));
#2521=CARTESIAN_POINT('',(17.13417322,53.375698831,-1.728807732));
#2522=CARTESIAN_POINT('',(16.904036194,53.375698831,-1.635656848));
#2523=CARTESIAN_POINT('',(16.673899401,53.375698831,-1.542505964));
#2524=CARTESIAN_POINT('',(16.494447045,53.375698831,-1.424697383));
#2525=CARTESIAN_POINT('',(16.365680058,53.375698831,-1.282232969));
#2526=CARTESIAN_POINT('',(16.23691307,53.375698831,-1.139766692));
#2527=CARTESIAN_POINT('',(16.135543265,53.375698831,-0.953464925));
#2528=CARTESIAN_POINT('',(16.061570641,53.375698831,-0.723327666));
#2529=CARTESIAN_POINT('',(15.987598017,53.375698831,-0.49319227));
#2530=CARTESIAN_POINT('',(15.9396526,53.375698831,-0.272643908));
#2531=CARTESIAN_POINT('',(15.917734388,53.375698831,-0.061684444));
#2532=CARTESIAN_POINT('',(15.895816643,53.375698831,0.149275021));
#2533=CARTESIAN_POINT('',(15.884858236,53.375698831,0.399959118));
#2534=CARTESIAN_POINT('',(15.88485777,53.375698831,0.690369711));
#2535=CARTESIAN_POINT('',(15.884858236,53.375698831,0.980782167));
#2536=CARTESIAN_POINT('',(15.895816643,53.375698831,1.231466264));
#2537=CARTESIAN_POINT('',(15.917734388,53.375698831,1.442425729));
#2538=CARTESIAN_POINT('',(15.9396526,53.375698831,1.65338333));
#2539=CARTESIAN_POINT('',(15.986227576,53.375698831,1.873931692));
#2540=CARTESIAN_POINT('',(16.057460714,53.375698831,2.104068951));
#2541=CARTESIAN_POINT('',(16.128693853,53.375698831,2.334206209));
#2542=CARTESIAN_POINT('',(16.227324173,53.375698831,2.520507977));
#2543=CARTESIAN_POINT('',(16.35335121,53.375698831,2.662974254));
#2544=CARTESIAN_POINT('',(16.479378712,53.375698831,2.805438668));
#2545=CARTESIAN_POINT('',(16.653351166,53.375698831,2.923247249));
#2546=CARTESIAN_POINT('',(16.875268804,53.375698831,3.016398133));
#2547=CARTESIAN_POINT('',(17.097186908,53.375698831,3.109549017));
#2548=CARTESIAN_POINT('',(17.364310246,53.375698831,3.156124458));
#2549=CARTESIAN_POINT('',(17.676638585,53.375698831,3.156124458));
#2550=CARTESIAN_POINT('',(18.175269157,53.375698831,3.156124458));
#2551=CARTESIAN_POINT('',(18.651981518,53.375698831,2.986260534));
#2552=CARTESIAN_POINT('',(19.106775784,53.375698831,2.646534548));
#2553=B_SPLINE_CURVE_WITH_KNOTS('',3,(#2516,#2517,#2518,#2519,#2520,#2521,#2522,#2523,#2524,#2525,#2526,#2527,#2528,#2529,#2530,#2531,#2532,#2533,#2534,#2535,#2536,#2537,#2538,#2539,#2540,#2541,
#2542,#2543,#2544,#2545,#2546,#2547,#2548,#2549,#2550,#2551,#2552),.UNSPECIFIED.,.F.,.F.,(4,3,3,3,3,3,3,3,3,3,3,3,4),(0.,0.097908537,0.175698724,0.253488843,0.331279522,0.40906963,0.486859721,0.564650311,0.642440239,0.720230166,0.79801965,0.875809272,1.),.UNSPECIFIED.);
#2554=EDGE_CURVE('',#2429,#2509,#2553,.T.);
#2555=ORIENTED_EDGE('',*,*,#2554,.F.);
#2556=EDGE_LOOP('',(#2435,#2443,#2451,#2459,#2467,#2475,#2483,#2491,#2499,#2507,#2515,#2555));
#2557=FACE_BOUND('',#2556,.T.);
#2558=CARTESIAN_POINT('',(-9.265827801,53.375698831,-1.101411103));
#2559=VERTEX_POINT('',#2558);
#2560=CARTESIAN_POINT('',(-8.772677596,53.375698831,-1.101411103));
#2561=VERTEX_POINT('',#2560);
#2562=CARTESIAN_POINT('',(-9.265827801,53.375698831,-1.101411103));
#2563=DIRECTION('',(1.,0.,-0.));
#2564=VECTOR('',#2563,0.493150204);
#2565=LINE('',#2562,#2564);
#2566=EDGE_CURVE('',#2559,#2561,#2565,.T.);
#2567=ORIENTED_EDGE('',*,*,#2566,.F.);
#2568=CARTESIAN_POINT('',(-9.265827801,53.375698831,-1.660314544));
#2569=VERTEX_POINT('',#2568);
#2570=CARTESIAN_POINT('',(-9.265827801,53.375698831,-1.660314544));
#2571=DIRECTION('',(0.,0.,1.));
#2572=VECTOR('',#2571,0.558903441);
#2573=LINE('',#2570,#2572);
#2574=EDGE_CURVE('',#2569,#2559,#2573,.T.);
#2575=ORIENTED_EDGE('',*,*,#2574,.F.);
#2576=CARTESIAN_POINT('',(-7.449391152,53.375698831,-1.660314544));
#2577=VERTEX_POINT('',#2576);
#2578=CARTESIAN_POINT('',(-7.449391152,53.375698831,-1.660314544));
#2579=DIRECTION('',(-1.,0.,0.));
#2580=VECTOR('',#2579,1.816436648);
#2581=LINE('',#2578,#2580);
#2582=EDGE_CURVE('',#2577,#2569,#2581,.T.);
#2583=ORIENTED_EDGE('',*,*,#2582,.F.);
#2584=CARTESIAN_POINT('',(-7.449391152,53.375698831,-1.101411103));
#2585=VERTEX_POINT('',#2584);
#2586=CARTESIAN_POINT('',(-7.449391152,53.375698831,-1.101411103));
#2587=DIRECTION('',(0.,-0.,-1.));
#2588=VECTOR('',#2587,0.558903441);
#2589=LINE('',#2586,#2588);
#2590=EDGE_CURVE('',#2585,#2577,#2589,.T.);
#2591=ORIENTED_EDGE('',*,*,#2590,.F.);
#2592=CARTESIAN_POINT('',(-7.942541357,53.375698831,-1.101411103));
#2593=VERTEX_POINT('',#2592);
#2594=CARTESIAN_POINT('',(-7.942541357,53.375698831,-1.101411103));
#2595=DIRECTION('',(1.,0.,-0.));
#2596=VECTOR('',#2595,0.493150204);
#2597=LINE('',#2594,#2596);
#2598=EDGE_CURVE('',#2593,#2585,#2597,.T.);
#2599=ORIENTED_EDGE('',*,*,#2598,.F.);
#2600=CARTESIAN_POINT('',(-7.942541357,53.375698831,2.482150526));
#2601=VERTEX_POINT('',#2600);
#2602=CARTESIAN_POINT('',(-7.942541357,53.375698831,2.482150526));
#2603=DIRECTION('',(0.,-0.,-1.));
#2604=VECTOR('',#2603,3.583561629);
#2605=LINE('',#2602,#2604);
#2606=EDGE_CURVE('',#2601,#2593,#2605,.T.);
#2607=ORIENTED_EDGE('',*,*,#2606,.F.);
#2608=CARTESIAN_POINT('',(-7.449391152,53.375698831,2.482150526));
#2609=VERTEX_POINT('',#2608);
#2610=CARTESIAN_POINT('',(-7.449391152,53.375698831,2.482150526));
#2611=DIRECTION('',(-1.,0.,0.));
#2612=VECTOR('',#2611,0.493150204);
#2613=LINE('',#2610,#2612);
#2614=EDGE_CURVE('',#2609,#2601,#2613,.T.);
#2615=ORIENTED_EDGE('',*,*,#2614,.F.);
#2616=CARTESIAN_POINT('',(-7.449391152,53.375698831,3.041055829));
#2617=VERTEX_POINT('',#2616);
#2618=CARTESIAN_POINT('',(-7.449391152,53.375698831,3.041055829));
#2619=DIRECTION('',(0.,-0.,-1.));
#2620=VECTOR('',#2619,0.558905303);
#2621=LINE('',#2618,#2620);
#2622=EDGE_CURVE('',#2617,#2609,#2621,.T.);
#2623=ORIENTED_EDGE('',*,*,#2622,.F.);
#2624=CARTESIAN_POINT('',(-8.772677596,53.375698831,3.041055829));
#2625=VERTEX_POINT('',#2624);
#2626=CARTESIAN_POINT('',(-8.772677596,53.375698831,3.041055829));
#2627=DIRECTION('',(1.,0.,-0.));
#2628=VECTOR('',#2627,1.323286444);
#2629=LINE('',#2626,#2628);
#2630=EDGE_CURVE('',#2625,#2617,#2629,.T.);
#2631=ORIENTED_EDGE('',*,*,#2630,.F.);
#2632=CARTESIAN_POINT('',(-8.772677596,53.375698831,-1.101411103));
#2633=DIRECTION('',(0.,0.,1.));
#2634=VECTOR('',#2633,4.142466933);
#2635=LINE('',#2632,#2634);
#2636=EDGE_CURVE('',#2561,#2625,#2635,.T.);
#2637=ORIENTED_EDGE('',*,*,#2636,.F.);
#2638=EDGE_LOOP('',(#2567,#2575,#2583,#2591,#2599,#2607,#2615,#2623,#2631,#2637));
#2639=FACE_BOUND('',#2638,.T.);
#2640=CARTESIAN_POINT('',(-39.5803,53.375698831,17.770075373));
#2641=VERTEX_POINT('',#2640);
#2642=CARTESIAN_POINT('',(40.269,53.375698831,17.770075373));
#2643=VERTEX_POINT('',#2642);
#2644=CARTESIAN_POINT('',(-39.5803,53.375698831,17.770075373));
#2645=DIRECTION('',(1.,-0.,-0.));
#2646=VECTOR('',#2645,79.8493);
#2647=LINE('',#2644,#2646);
#2648=EDGE_CURVE('',#2641,#2643,#2647,.T.);
#2649=ORIENTED_EDGE('',*,*,#2648,.T.);
#2650=CARTESIAN_POINT('',(41.969,53.375698831,16.070075373));
#2651=VERTEX_POINT('',#2650);
#2652=CARTESIAN_POINT('',(40.269,53.375698831,17.770075373));
#2653=DIRECTION('',(0.707106781,-0.,-0.707106781));
#2654=VECTOR('',#2653,2.404163056);
#2655=LINE('',#2652,#2654);
#2656=EDGE_CURVE('',#2643,#2651,#2655,.T.);
#2657=ORIENTED_EDGE('',*,*,#2656,.T.);
#2658=CARTESIAN_POINT('',(41.969,53.375698831,13.970096903));
#2659=VERTEX_POINT('',#2658);
#2660=CARTESIAN_POINT('',(41.969,53.375698831,13.970096903));
#2661=DIRECTION('',(-0.,0.,1.));
#2662=VECTOR('',#2661,2.09997847);
#2663=LINE('',#2660,#2662);
#2664=EDGE_CURVE('',#2659,#2651,#2663,.T.);
#2665=ORIENTED_EDGE('',*,*,#2664,.F.);
#2666=CARTESIAN_POINT('',(42.969,53.375698831,12.970096903));
#2667=VERTEX_POINT('',#2666);
#2668=CARTESIAN_POINT('',(42.969,53.375698831,13.970096903));
#2669=DIRECTION('',(-0.,-1.,0.));
#2670=DIRECTION('',(0.,0.,1.));
#2671=AXIS2_PLACEMENT_3D('',#2668,#2669,#2670);
#2672=CIRCLE('',#2671,1.);
#2673=EDGE_CURVE('',#2659,#2667,#2672,.T.);
#2674=ORIENTED_EDGE('',*,*,#2673,.T.);
#2675=CARTESIAN_POINT('',(52.6197,53.375698831,12.970096903));
#2676=VERTEX_POINT('',#2675);
#2677=CARTESIAN_POINT('',(42.969,53.375698831,12.970096903));
#2678=DIRECTION('',(1.,0.,-0.));
#2679=VECTOR('',#2678,9.6507);
#2680=LINE('',#2677,#2679);
#2681=EDGE_CURVE('',#2667,#2676,#2680,.T.);
#2682=ORIENTED_EDGE('',*,*,#2681,.T.);
#2683=CARTESIAN_POINT('',(53.6197,53.375698831,13.970096903));
#2684=VERTEX_POINT('',#2683);
#2685=CARTESIAN_POINT('',(52.6197,53.375698831,13.970096903));
#2686=DIRECTION('',(-0.,-1.,0.));
#2687=DIRECTION('',(0.,0.,1.));
#2688=AXIS2_PLACEMENT_3D('',#2685,#2686,#2687);
#2689=CIRCLE('',#2688,1.);
#2690=EDGE_CURVE('',#2676,#2684,#2689,.T.);
#2691=ORIENTED_EDGE('',*,*,#2690,.T.);
#2692=CARTESIAN_POINT('',(53.6197,53.375698831,16.070075373));
#2693=VERTEX_POINT('',#2692);
#2694=CARTESIAN_POINT('',(53.6197,53.375698831,16.070075373));
#2695=DIRECTION('',(0.,-0.,-1.));
#2696=VECTOR('',#2695,2.09997847);
#2697=LINE('',#2694,#2696);
#2698=EDGE_CURVE('',#2693,#2684,#2697,.T.);
#2699=ORIENTED_EDGE('',*,*,#2698,.F.);
#2700=CARTESIAN_POINT('',(55.3197,53.375698831,17.770075373));
#2701=VERTEX_POINT('',#2700);
#2702=CARTESIAN_POINT('',(53.6197,53.375698831,16.070075373));
#2703=DIRECTION('',(0.707106781,0.,0.707106781));
#2704=VECTOR('',#2703,2.404163056);
#2705=LINE('',#2702,#2704);
#2706=EDGE_CURVE('',#2693,#2701,#2705,.T.);
#2707=ORIENTED_EDGE('',*,*,#2706,.T.);
#2708=CARTESIAN_POINT('',(83.087613122,53.375698831,17.770075373));
#2709=VERTEX_POINT('',#2708);
#2710=CARTESIAN_POINT('',(55.3197,53.375698831,17.770075373));
#2711=DIRECTION('',(1.,-0.,-0.));
#2712=VECTOR('',#2711,27.767913122);
#2713=LINE('',#2710,#2712);
#2714=EDGE_CURVE('',#2701,#2709,#2713,.T.);
#2715=ORIENTED_EDGE('',*,*,#2714,.T.);
#2716=CARTESIAN_POINT('',(83.087613122,53.375698831,4.840075373));
#2717=VERTEX_POINT('',#2716);
#2718=CARTESIAN_POINT('',(83.087613122,53.375698831,17.770075373));
#2719=DIRECTION('',(0.,-0.,-1.));
#2720=VECTOR('',#2719,12.93);
#2721=LINE('',#2718,#2720);
#2722=EDGE_CURVE('',#2709,#2717,#2721,.T.);
#2723=ORIENTED_EDGE('',*,*,#2722,.T.);
#2724=CARTESIAN_POINT('',(86.587613122,53.375698831,4.840075373));
#2725=VERTEX_POINT('',#2724);
#2726=CARTESIAN_POINT('',(83.087613122,53.375698831,4.840075373));
#2727=DIRECTION('',(1.,-0.,-0.));
#2728=VECTOR('',#2727,3.5);
#2729=LINE('',#2726,#2728);
#2730=EDGE_CURVE('',#2717,#2725,#2729,.T.);
#2731=ORIENTED_EDGE('',*,*,#2730,.T.);
#2732=CARTESIAN_POINT('',(86.587613122,53.375698831,-4.67974505));
#2733=VERTEX_POINT('',#2732);
#2734=CARTESIAN_POINT('',(86.587613122,53.375698831,4.840075373));
#2735=DIRECTION('',(0.,-0.,-1.));
#2736=VECTOR('',#2735,9.519820423);
#2737=LINE('',#2734,#2736);
#2738=EDGE_CURVE('',#2725,#2733,#2737,.T.);
#2739=ORIENTED_EDGE('',*,*,#2738,.T.);
#2740=CARTESIAN_POINT('',(-86.157613122,53.375698831,-4.67974505));
#2741=VERTEX_POINT('',#2740);
#2742=CARTESIAN_POINT('',(86.587613122,53.375698831,-4.67974505));
#2743=DIRECTION('',(-1.,0.,0.));
#2744=VECTOR('',#2743,172.745226244);
#2745=LINE('',#2742,#2744);
#2746=EDGE_CURVE('',#2733,#2741,#2745,.T.);
#2747=ORIENTED_EDGE('',*,*,#2746,.T.);
#2748=CARTESIAN_POINT('',(-86.157613122,53.375698831,4.840075373));
#2749=VERTEX_POINT('',#2748);
#2750=CARTESIAN_POINT('',(-86.157613122,53.375698831,-4.67974505));
#2751=DIRECTION('',(-0.,0.,1.));
#2752=VECTOR('',#2751,9.519820423);
#2753=LINE('',#2750,#2752);
#2754=EDGE_CURVE('',#2741,#2749,#2753,.T.);
#2755=ORIENTED_EDGE('',*,*,#2754,.T.);
#2756=CARTESIAN_POINT('',(-82.657613122,53.375698831,4.840075373));
#2757=VERTEX_POINT('',#2756);
#2758=CARTESIAN_POINT('',(-86.157613122,53.375698831,4.840075373));
#2759=DIRECTION('',(1.,-0.,-0.));
#2760=VECTOR('',#2759,3.5);
#2761=LINE('',#2758,#2760);
#2762=EDGE_CURVE('',#2749,#2757,#2761,.T.);
#2763=ORIENTED_EDGE('',*,*,#2762,.T.);
#2764=CARTESIAN_POINT('',(-82.657613122,53.375698831,17.770075373));
#2765=VERTEX_POINT('',#2764);
#2766=CARTESIAN_POINT('',(-82.657613122,53.375698831,17.770075373));
#2767=DIRECTION('',(0.,-0.,-1.));
#2768=VECTOR('',#2767,12.93);
#2769=LINE('',#2766,#2768);
#2770=EDGE_CURVE('',#2765,#2757,#2769,.T.);
#2771=ORIENTED_EDGE('',*,*,#2770,.F.);
#2772=CARTESIAN_POINT('',(-54.631,53.375698831,17.770075373));
#2773=VERTEX_POINT('',#2772);
#2774=CARTESIAN_POINT('',(-82.657613122,53.375698831,17.770075373));
#2775=DIRECTION('',(1.,-0.,-0.));
#2776=VECTOR('',#2775,28.026613122);
#2777=LINE('',#2774,#2776);
#2778=EDGE_CURVE('',#2765,#2773,#2777,.T.);
#2779=ORIENTED_EDGE('',*,*,#2778,.T.);
#2780=CARTESIAN_POINT('',(-52.931,53.375698831,16.070075373));
#2781=VERTEX_POINT('',#2780);
#2782=CARTESIAN_POINT('',(-54.631,53.375698831,17.770075373));
#2783=DIRECTION('',(0.707106781,-0.,-0.707106781));
#2784=VECTOR('',#2783,2.404163056);
#2785=LINE('',#2782,#2784);
#2786=EDGE_CURVE('',#2773,#2781,#2785,.T.);
#2787=ORIENTED_EDGE('',*,*,#2786,.T.);
#2788=CARTESIAN_POINT('',(-52.931,53.375698831,13.970096903));
#2789=VERTEX_POINT('',#2788);
#2790=CARTESIAN_POINT('',(-52.931,53.375698831,13.970096903));
#2791=DIRECTION('',(0.,0.,1.));
#2792=VECTOR('',#2791,2.09997847);
#2793=LINE('',#2790,#2792);
#2794=EDGE_CURVE('',#2789,#2781,#2793,.T.);
#2795=ORIENTED_EDGE('',*,*,#2794,.F.);
#2796=CARTESIAN_POINT('',(-51.931,53.375698831,12.970096903));
#2797=VERTEX_POINT('',#2796);
#2798=CARTESIAN_POINT('',(-51.931,53.375698831,13.970096903));
#2799=DIRECTION('',(-0.,-1.,0.));
#2800=DIRECTION('',(0.,0.,1.));
#2801=AXIS2_PLACEMENT_3D('',#2798,#2799,#2800);
#2802=CIRCLE('',#2801,1.);
#2803=EDGE_CURVE('',#2789,#2797,#2802,.T.);
#2804=ORIENTED_EDGE('',*,*,#2803,.T.);
#2805=CARTESIAN_POINT('',(-42.2803,53.375698831,12.970096903));
#2806=VERTEX_POINT('',#2805);
#2807=CARTESIAN_POINT('',(-51.931,53.375698831,12.970096903));
#2808=DIRECTION('',(1.,0.,-0.));
#2809=VECTOR('',#2808,9.6507);
#2810=LINE('',#2807,#2809);
#2811=EDGE_CURVE('',#2797,#2806,#2810,.T.);
#2812=ORIENTED_EDGE('',*,*,#2811,.T.);
#2813=CARTESIAN_POINT('',(-41.2803,53.375698831,13.970096903));
#2814=VERTEX_POINT('',#2813);
#2815=CARTESIAN_POINT('',(-42.2803,53.375698831,13.970096903));
#2816=DIRECTION('',(-0.,-1.,0.));
#2817=DIRECTION('',(0.,0.,1.));
#2818=AXIS2_PLACEMENT_3D('',#2815,#2816,#2817);
#2819=CIRCLE('',#2818,1.);
#2820=EDGE_CURVE('',#2806,#2814,#2819,.T.);
#2821=ORIENTED_EDGE('',*,*,#2820,.T.);
#2822=CARTESIAN_POINT('',(-41.2803,53.375698831,16.070075373));
#2823=VERTEX_POINT('',#2822);
#2824=CARTESIAN_POINT('',(-41.2803,53.375698831,16.070075373));
#2825=DIRECTION('',(0.,-0.,-1.));
#2826=VECTOR('',#2825,2.09997847);
#2827=LINE('',#2824,#2826);
#2828=EDGE_CURVE('',#2823,#2814,#2827,.T.);
#2829=ORIENTED_EDGE('',*,*,#2828,.F.);
#2830=CARTESIAN_POINT('',(-41.2803,53.375698831,16.070075373));
#2831=DIRECTION('',(0.707106781,0.,0.707106781));
#2832=VECTOR('',#2831,2.404163056);
#2833=LINE('',#2830,#2832);
#2834=EDGE_CURVE('',#2823,#2641,#2833,.T.);
#2835=ORIENTED_EDGE('',*,*,#2834,.T.);
#2836=EDGE_LOOP('',(#2649,#2657,#2665,#2674,#2682,#2691,#2699,#2707,#2715,#2723,#2731,#2739,#2747,#2755,#2763,#2771,#2779,#2787,#2795,#2804,#2812,#2821,#2829,#2835));
#2837=FACE_BOUND('',#2836,.T.);
#2838=CARTESIAN_POINT('',(1.50478141,53.375698831,14.803866944));
#2839=VERTEX_POINT('',#2838);
#2840=CARTESIAN_POINT('',(1.50478141,53.375698831,15.803866944));
#2841=VERTEX_POINT('',#2840);
#2842=CARTESIAN_POINT('',(1.50478141,53.375698831,14.803866944));
#2843=DIRECTION('',(0.,0.,1.));
#2844=VECTOR('',#2843,1.);
#2845=LINE('',#2842,#2844);
#2846=EDGE_CURVE('',#2839,#2841,#2845,.T.);
#2847=ORIENTED_EDGE('',*,*,#2846,.T.);
#2848=CARTESIAN_POINT('',(1.00478141,53.375698831,16.303866944));
#2849=VERTEX_POINT('',#2848);
#2850=CARTESIAN_POINT('',(1.00478141,53.375698831,15.803866944));
#2851=DIRECTION('',(-0.,-1.,0.));
#2852=DIRECTION('',(0.,0.,1.));
#2853=AXIS2_PLACEMENT_3D('',#2850,#2851,#2852);
#2854=CIRCLE('',#2853,0.5);
#2855=EDGE_CURVE('',#2841,#2849,#2854,.T.);
#2856=ORIENTED_EDGE('',*,*,#2855,.T.);
#2857=CARTESIAN_POINT('',(-0.99521859,53.375698831,16.303866944));
#2858=VERTEX_POINT('',#2857);
#2859=CARTESIAN_POINT('',(1.00478141,53.375698831,16.303866944));
#2860=DIRECTION('',(-1.,0.,0.));
#2861=VECTOR('',#2860,2.);
#2862=LINE('',#2859,#2861);
#2863=EDGE_CURVE('',#2849,#2858,#2862,.T.);
#2864=ORIENTED_EDGE('',*,*,#2863,.T.);
#2865=CARTESIAN_POINT('',(-1.49521859,53.375698831,15.803866944));
#2866=VERTEX_POINT('',#2865);
#2867=CARTESIAN_POINT('',(-0.99521859,53.375698831,15.803866944));
#2868=DIRECTION('',(-0.,-1.,0.));
#2869=DIRECTION('',(0.,0.,1.));
#2870=AXIS2_PLACEMENT_3D('',#2867,#2868,#2869);
#2871=CIRCLE('',#2870,0.5);
#2872=EDGE_CURVE('',#2858,#2866,#2871,.T.);
#2873=ORIENTED_EDGE('',*,*,#2872,.T.);
#2874=CARTESIAN_POINT('',(-1.49521859,53.375698831,14.803866944));
#2875=VERTEX_POINT('',#2874);
#2876=CARTESIAN_POINT('',(-1.49521859,53.375698831,15.803866944));
#2877=DIRECTION('',(0.,-0.,-1.));
#2878=VECTOR('',#2877,1.);
#2879=LINE('',#2876,#2878);
#2880=EDGE_CURVE('',#2866,#2875,#2879,.T.);
#2881=ORIENTED_EDGE('',*,*,#2880,.T.);
#2882=CARTESIAN_POINT('',(-0.99521859,53.375698831,14.303866944));
#2883=VERTEX_POINT('',#2882);
#2884=CARTESIAN_POINT('',(-0.99521859,53.375698831,14.803866944));
#2885=DIRECTION('',(-0.,-1.,0.));
#2886=DIRECTION('',(0.,0.,1.));
#2887=AXIS2_PLACEMENT_3D('',#2884,#2885,#2886);
#2888=CIRCLE('',#2887,0.5);
#2889=EDGE_CURVE('',#2875,#2883,#2888,.T.);
#2890=ORIENTED_EDGE('',*,*,#2889,.T.);
#2891=CARTESIAN_POINT('',(1.00478141,53.375698831,14.303866944));
#2892=VERTEX_POINT('',#2891);
#2893=CARTESIAN_POINT('',(-0.99521859,53.375698831,14.303866944));
#2894=DIRECTION('',(1.,0.,-0.));
#2895=VECTOR('',#2894,2.);
#2896=LINE('',#2893,#2895);
#2897=EDGE_CURVE('',#2883,#2892,#2896,.T.);
#2898=ORIENTED_EDGE('',*,*,#2897,.T.);
#2899=CARTESIAN_POINT('',(1.00478141,53.375698831,14.803866944));
#2900=DIRECTION('',(-0.,-1.,0.));
#2901=DIRECTION('',(0.,0.,1.));
#2902=AXIS2_PLACEMENT_3D('',#2899,#2900,#2901);
#2903=CIRCLE('',#2902,0.5);
#2904=EDGE_CURVE('',#2892,#2839,#2903,.T.);
#2905=ORIENTED_EDGE('',*,*,#2904,.T.);
#2906=EDGE_LOOP('',(#2847,#2856,#2864,#2873,#2881,#2890,#2898,#2905));
#2907=FACE_BOUND('',#2906,.T.);
#2908=ADVANCED_FACE('',(#1551,#1607,#1723,#1902,#2075,#2197,#2244,#2425,#2557,#2639,#2837,#2907),#1357,.T.);
#2909=CARTESIAN_POINT('',(3.03500127,-1.443986758,0.382493018));
#2910=DIRECTION('',(0.,0.121869343,0.992546152));
#2911=DIRECTION('',(-1.,0.,0.));
#2912=AXIS2_PLACEMENT_3D('',#2909,#2910,#2911);
#2913=PLANE('',#2912);
#2914=CARTESIAN_POINT('',(-31.234280805,0.939368823,0.089853751));
#2915=VERTEX_POINT('',#2914);
#2916=CARTESIAN_POINT('',(-34.335732127,0.939368823,0.089853751));
#2917=VERTEX_POINT('',#2916);
#2918=CARTESIAN_POINT('',(-31.234280805,0.939368823,0.089853751));
#2919=DIRECTION('',(-1.,0.,0.));
#2920=VECTOR('',#2919,3.101451322);
#2921=LINE('',#2918,#2920);
#2922=EDGE_CURVE('',#2915,#2917,#2921,.T.);
#2923=ORIENTED_EDGE('',*,*,#2922,.T.);
#2924=CARTESIAN_POINT('',(-36.55312177,-1.261492734,0.36008557));
#2925=VERTEX_POINT('',#2924);
#2926=CARTESIAN_POINT('',(-34.335732127,0.939368823,0.089853751));
#2927=CARTESIAN_POINT('',(-35.813988785,0.939368823,0.089853751));
#2928=CARTESIAN_POINT('',(-36.553119908,0.205750769,0.179930721));
#2929=CARTESIAN_POINT('',(-36.55312177,-1.261492734,0.36008557));
#2930=B_SPLINE_CURVE_WITH_KNOTS('',3,(#2926,#2927,#2928,#2929),.UNSPECIFIED.,.F.,.F.,(4,4),(0.,1.),.UNSPECIFIED.);
#2931=EDGE_CURVE('',#2917,#2925,#2930,.T.);
#2932=ORIENTED_EDGE('',*,*,#2931,.T.);
#2933=CARTESIAN_POINT('',(-36.55312177,-2.757502963,0.543772528));
#2934=VERTEX_POINT('',#2933);
#2935=CARTESIAN_POINT('',(-36.55312177,-1.261492734,0.36008557));
#2936=DIRECTION('',(0.,-0.992546152,0.121869343));
#2937=VECTOR('',#2936,1.507245004);
#2938=LINE('',#2935,#2937);
#2939=EDGE_CURVE('',#2925,#2934,#2938,.T.);
#2940=ORIENTED_EDGE('',*,*,#2939,.T.);
#2941=CARTESIAN_POINT('',(-34.335732127,-4.958368218,0.814004801));
#2942=VERTEX_POINT('',#2941);
#2943=CARTESIAN_POINT('',(-36.55312177,-2.757502963,0.543772528));
#2944=CARTESIAN_POINT('',(-36.553119908,-4.224746466,0.723927377));
#2945=CARTESIAN_POINT('',(-35.813988785,-4.958368218,0.814004801));
#2946=CARTESIAN_POINT('',(-34.335732127,-4.958368218,0.814004801));
#2947=B_SPLINE_CURVE_WITH_KNOTS('',3,(#2943,#2944,#2945,#2946),.UNSPECIFIED.,.F.,.F.,(4,4),(0.,1.),.UNSPECIFIED.);
#2948=EDGE_CURVE('',#2934,#2942,#2947,.T.);
#2949=ORIENTED_EDGE('',*,*,#2948,.T.);
#2950=CARTESIAN_POINT('',(-32.24877421,-4.958368218,0.814004801));
#2951=VERTEX_POINT('',#2950);
#2952=CARTESIAN_POINT('',(-34.335732127,-4.958368218,0.814004801));
#2953=DIRECTION('',(1.,0.,-0.));
#2954=VECTOR('',#2953,2.086957917);
#2955=LINE('',#2952,#2954);
#2956=EDGE_CURVE('',#2942,#2951,#2955,.T.);
#2957=ORIENTED_EDGE('',*,*,#2956,.T.);
#2958=CARTESIAN_POINT('',(-30.031382705,-2.757502963,0.543772528));
#2959=VERTEX_POINT('',#2958);
#2960=CARTESIAN_POINT('',(-32.24877421,-4.958368218,0.814004801));
#2961=CARTESIAN_POINT('',(-30.770513827,-4.958368218,0.814004801));
#2962=CARTESIAN_POINT('',(-30.031380842,-4.224746466,0.723927377));
#2963=CARTESIAN_POINT('',(-30.031382705,-2.757502963,0.543772528));
#2964=B_SPLINE_CURVE_WITH_KNOTS('',3,(#2960,#2961,#2962,#2963),.UNSPECIFIED.,.F.,.F.,(4,4),(0.,1.),.UNSPECIFIED.);
#2965=EDGE_CURVE('',#2951,#2959,#2964,.T.);
#2966=ORIENTED_EDGE('',*,*,#2965,.T.);
#2967=CARTESIAN_POINT('',(-30.031382705,2.320304754,-0.079703861));
#2968=VERTEX_POINT('',#2967);
#2969=CARTESIAN_POINT('',(-30.031382705,-2.757502963,0.543772528));
#2970=DIRECTION('',(0.,0.992546152,-0.121869343));
#2971=VECTOR('',#2970,5.115941167);
#2972=LINE('',#2969,#2971);
#2973=EDGE_CURVE('',#2959,#2968,#2972,.T.);
#2974=ORIENTED_EDGE('',*,*,#2973,.T.);
#2975=CARTESIAN_POINT('',(-32.698049808,4.967094926,-0.404688829));
#2976=VERTEX_POINT('',#2975);
#2977=CARTESIAN_POINT('',(-30.031382705,2.320304754,-0.079703861));
#2978=CARTESIAN_POINT('',(-30.031380842,4.084829071,-0.296360203));
#2979=CARTESIAN_POINT('',(-30.920270497,4.967094926,-0.404688829));
#2980=CARTESIAN_POINT('',(-32.698049808,4.967094926,-0.404688829));
#2981=B_SPLINE_CURVE_WITH_KNOTS('',3,(#2977,#2978,#2979,#2980),.UNSPECIFIED.,.F.,.F.,(4,4),(0.,1.),.UNSPECIFIED.);
#2982=EDGE_CURVE('',#2968,#2976,#2981,.T.);
#2983=ORIENTED_EDGE('',*,*,#2982,.T.);
#2984=CARTESIAN_POINT('',(-35.321239049,4.967094926,-0.404688829));
#2985=VERTEX_POINT('',#2984);
#2986=CARTESIAN_POINT('',(-32.698049808,4.967094926,-0.404688829));
#2987=DIRECTION('',(-1.,0.,0.));
#2988=VECTOR('',#2987,2.623189241);
#2989=LINE('',#2986,#2988);
#2990=EDGE_CURVE('',#2976,#2985,#2989,.T.);
#2991=ORIENTED_EDGE('',*,*,#2990,.T.);
#2992=CARTESIAN_POINT('',(-35.97341072,4.463629163,-0.342871006));
#2993=VERTEX_POINT('',#2992);
#2994=CARTESIAN_POINT('',(-35.321239049,4.967094926,-0.404688829));
#2995=DIRECTION('',(-0.789351003,-0.609365942,0.074820729));
#2996=VECTOR('',#2995,0.826212507);
#2997=LINE('',#2994,#2996);
#2998=EDGE_CURVE('',#2985,#2993,#2997,.T.);
#2999=ORIENTED_EDGE('',*,*,#2998,.T.);
#3000=CARTESIAN_POINT('',(-35.97341072,3.873855829,-0.270455947));
#3001=VERTEX_POINT('',#3000);
#3002=CARTESIAN_POINT('',(-35.97341072,4.463629163,-0.342871006));
#3003=DIRECTION('',(0.,-0.992546152,0.121869343));
#3004=VECTOR('',#3003,0.594202429);
#3005=LINE('',#3002,#3004);
#3006=EDGE_CURVE('',#2993,#3001,#3005,.T.);
#3007=ORIENTED_EDGE('',*,*,#3006,.T.);
#3008=CARTESIAN_POINT('',(-32.640078703,3.873855829,-0.270455947));
#3009=VERTEX_POINT('',#3008);
#3010=CARTESIAN_POINT('',(-35.97341072,3.873855829,-0.270455947));
#3011=DIRECTION('',(1.,0.,-0.));
#3012=VECTOR('',#3011,3.333332017);
#3013=LINE('',#3010,#3012);
#3014=EDGE_CURVE('',#3001,#3009,#3013,.T.);
#3015=ORIENTED_EDGE('',*,*,#3014,.T.);
#3016=CARTESIAN_POINT('',(-31.248774047,2.492919897,-0.100898335));
#3017=VERTEX_POINT('',#3016);
#3018=CARTESIAN_POINT('',(-32.640078703,3.873855829,-0.270455947));
#3019=CARTESIAN_POINT('',(-31.702879483,3.873855829,-0.270455947));
#3020=CARTESIAN_POINT('',(-31.239110644,3.413543852,-0.213936743));
#3021=CARTESIAN_POINT('',(-31.248774047,2.492919897,-0.100898335));
#3022=B_SPLINE_CURVE_WITH_KNOTS('',3,(#3018,#3019,#3020,#3021),.UNSPECIFIED.,.F.,.F.,(4,4),(0.,1.),.UNSPECIFIED.);
#3023=EDGE_CURVE('',#3009,#3017,#3022,.T.);
#3024=ORIENTED_EDGE('',*,*,#3023,.T.);
#3025=CARTESIAN_POINT('',(-31.248774047,2.492919897,-0.100898335));
#3026=DIRECTION('',(0.009259171,-0.992503604,0.121864119));
#3027=VECTOR('',#3026,1.565285071);
#3028=LINE('',#3025,#3027);
#3029=EDGE_CURVE('',#3017,#2915,#3028,.T.);
#3030=ORIENTED_EDGE('',*,*,#3029,.T.);
#3031=EDGE_LOOP('',(#2923,#2932,#2940,#2949,#2957,#2966,#2974,#2983,#2991,#2999,#3007,#3015,#3024,#3030));
#3032=FACE_BOUND('',#3031,.T.);
#3033=CARTESIAN_POINT('',(-62.393705959,-1.649880503,0.407773591));
#3034=VERTEX_POINT('',#3033);
#3035=CARTESIAN_POINT('',(-57.335734034,-1.664263866,0.409539646));
#3036=VERTEX_POINT('',#3035);
#3037=CARTESIAN_POINT('',(-62.393705959,-1.649880503,0.407773591));
#3038=DIRECTION('',(0.999995896,-0.00284369,0.000349161));
#3039=VECTOR('',#3038,5.057992684);
#3040=LINE('',#3037,#3039);
#3041=EDGE_CURVE('',#3034,#3036,#3040,.T.);
#3042=ORIENTED_EDGE('',*,*,#3041,.T.);
#3043=CARTESIAN_POINT('',(-57.335734034,-2.944505166,0.566733511));
#3044=VERTEX_POINT('',#3043);
#3045=CARTESIAN_POINT('',(-57.335734034,-1.664263866,0.409539646));
#3046=DIRECTION('',(0.,-0.992546152,0.121869343));
#3047=VECTOR('',#3046,1.289855689);
#3048=LINE('',#3045,#3047);
#3049=EDGE_CURVE('',#3036,#3044,#3048,.T.);
#3050=ORIENTED_EDGE('',*,*,#3049,.T.);
#3051=CARTESIAN_POINT('',(-58.35022744,-3.951436692,0.690369156));
#3052=VERTEX_POINT('',#3051);
#3053=CARTESIAN_POINT('',(-57.335734034,-2.944505166,0.566733511));
#3054=CARTESIAN_POINT('',(-57.335734034,-3.615794082,0.649157426));
#3055=CARTESIAN_POINT('',(-57.673897261,-3.951436692,0.690369156));
#3056=CARTESIAN_POINT('',(-58.35022744,-3.951436692,0.690369156));
#3057=B_SPLINE_CURVE_WITH_KNOTS('',3,(#3053,#3054,#3055,#3056),.UNSPECIFIED.,.F.,.F.,(4,4),(0.,1.),.UNSPECIFIED.);
#3058=EDGE_CURVE('',#3044,#3052,#3057,.T.);
#3059=ORIENTED_EDGE('',*,*,#3058,.T.);
#3060=CARTESIAN_POINT('',(-62.103848571,-3.951436692,0.690369156));
#3061=VERTEX_POINT('',#3060);
#3062=CARTESIAN_POINT('',(-58.35022744,-3.951436692,0.690369156));
#3063=DIRECTION('',(-1.,0.,0.));
#3064=VECTOR('',#3063,3.753621131);
#3065=LINE('',#3062,#3064);
#3066=EDGE_CURVE('',#3052,#3061,#3065,.T.);
#3067=ORIENTED_EDGE('',*,*,#3066,.T.);
#3068=CARTESIAN_POINT('',(-62.118343676,-4.526826663,0.761018161));
#3069=VERTEX_POINT('',#3068);
#3070=CARTESIAN_POINT('',(-62.103848571,-3.951436692,0.690369156));
#3071=DIRECTION('',(-0.024996204,-0.992236027,0.121831264));
#3072=VECTOR('',#3071,0.579892239);
#3073=LINE('',#3070,#3072);
#3074=EDGE_CURVE('',#3061,#3069,#3073,.T.);
#3075=ORIENTED_EDGE('',*,*,#3074,.T.);
#3076=CARTESIAN_POINT('',(-61.538632626,-4.958368218,0.814004801));
#3077=VERTEX_POINT('',#3076);
#3078=CARTESIAN_POINT('',(-62.118343676,-4.526826663,0.761018161));
#3079=DIRECTION('',(0.800000617,-0.595526875,0.073121506));
#3080=VECTOR('',#3079,0.724638253);
#3081=LINE('',#3078,#3080);
#3082=EDGE_CURVE('',#3069,#3077,#3081,.T.);
#3083=ORIENTED_EDGE('',*,*,#3082,.T.);
#3084=CARTESIAN_POINT('',(-58.35022744,-4.958368218,0.814004801));
#3085=VERTEX_POINT('',#3084);
#3086=CARTESIAN_POINT('',(-61.538632626,-4.958368218,0.814004801));
#3087=DIRECTION('',(1.,0.,-0.));
#3088=VECTOR('',#3087,3.188405186);
#3089=LINE('',#3086,#3088);
#3090=EDGE_CURVE('',#3077,#3085,#3089,.T.);
#3091=ORIENTED_EDGE('',*,*,#3090,.T.);
#3092=CARTESIAN_POINT('',(-56.17631566,-2.800660446,0.549071601));
#3093=VERTEX_POINT('',#3092);
#3094=CARTESIAN_POINT('',(-58.35022744,-4.958368218,0.814004801));
#3095=CARTESIAN_POINT('',(-56.910611356,-4.958368218,0.814004801));
#3096=CARTESIAN_POINT('',(-56.185975338,-4.239133526,0.725693885));
#3097=CARTESIAN_POINT('',(-56.17631566,-2.800660446,0.549071601));
#3098=B_SPLINE_CURVE_WITH_KNOTS('',3,(#3094,#3095,#3096,#3097),.UNSPECIFIED.,.F.,.F.,(4,4),(0.,1.),.UNSPECIFIED.);
#3099=EDGE_CURVE('',#3085,#3093,#3098,.T.);
#3100=ORIENTED_EDGE('',*,*,#3099,.T.);
#3101=CARTESIAN_POINT('',(-56.17631566,0.363982549,0.160502301));
#3102=VERTEX_POINT('',#3101);
#3103=CARTESIAN_POINT('',(-56.17631566,-2.800660446,0.549071601));
#3104=DIRECTION('',(0.,0.992546152,-0.121869343));
#3105=VECTOR('',#3104,3.188408911);
#3106=LINE('',#3103,#3105);
#3107=EDGE_CURVE('',#3093,#3102,#3106,.T.);
#3108=ORIENTED_EDGE('',*,*,#3107,.T.);
#3109=CARTESIAN_POINT('',(-58.35022744,2.52169032,-0.104430899));
#3110=VERTEX_POINT('',#3109);
#3111=CARTESIAN_POINT('',(-56.17631566,0.363982549,0.160502301));
#3112=CARTESIAN_POINT('',(-56.185975338,1.792864255,-0.014942311));
#3113=CARTESIAN_POINT('',(-56.910611356,2.512098947,-0.103253226));
#3114=CARTESIAN_POINT('',(-58.35022744,2.52169032,-0.104430899));
#3115=B_SPLINE_CURVE_WITH_KNOTS('',3,(#3111,#3112,#3113,#3114),.UNSPECIFIED.,.F.,.F.,(4,4),(0.,1.),.UNSPECIFIED.);
#3116=EDGE_CURVE('',#3102,#3110,#3115,.T.);
#3117=ORIENTED_EDGE('',*,*,#3116,.T.);
#3118=CARTESIAN_POINT('',(-60.234285558,2.52169032,-0.104430899));
#3119=VERTEX_POINT('',#3118);
#3120=CARTESIAN_POINT('',(-58.35022744,2.52169032,-0.104430899));
#3121=DIRECTION('',(-1.,0.,0.));
#3122=VECTOR('',#3121,1.884058118);
#3123=LINE('',#3120,#3122);
#3124=EDGE_CURVE('',#3110,#3119,#3123,.T.);
#3125=ORIENTED_EDGE('',*,*,#3124,.T.);
#3126=CARTESIAN_POINT('',(-62.408201064,0.363982549,0.160502301));
#3127=VERTEX_POINT('',#3126);
#3128=CARTESIAN_POINT('',(-60.234285558,2.52169032,-0.104430899));
#3129=CARTESIAN_POINT('',(-61.673894192,2.512098947,-0.103253226));
#3130=CARTESIAN_POINT('',(-62.398533935,1.792864255,-0.014942311));
#3131=CARTESIAN_POINT('',(-62.408201064,0.363982549,0.160502301));
#3132=B_SPLINE_CURVE_WITH_KNOTS('',3,(#3128,#3129,#3130,#3131),.UNSPECIFIED.,.F.,.F.,(4,4),(0.,1.),.UNSPECIFIED.);
#3133=EDGE_CURVE('',#3119,#3127,#3132,.T.);
#3134=ORIENTED_EDGE('',*,*,#3133,.T.);
#3135=CARTESIAN_POINT('',(-62.408201064,0.363982549,0.160502301));
#3136=DIRECTION('',(0.007143829,-0.992520824,0.121866233));
#3137=VECTOR('',#3136,2.029038588);
#3138=LINE('',#3135,#3137);
#3139=EDGE_CURVE('',#3127,#3034,#3138,.T.);
#3140=ORIENTED_EDGE('',*,*,#3139,.T.);
#3141=EDGE_LOOP('',(#3042,#3050,#3059,#3067,#3075,#3083,#3091,#3100,#3108,#3117,#3125,#3134,#3140));
#3142=FACE_BOUND('',#3141,.T.);
#3143=CARTESIAN_POINT('',(-54.118342365,1.183911872,0.05982764));
#3144=VERTEX_POINT('',#3143);
#3145=CARTESIAN_POINT('',(-52.50964653,-0.945029174,0.32122873));
#3146=VERTEX_POINT('',#3145);
#3147=CARTESIAN_POINT('',(-54.118342365,1.183911872,0.05982764));
#3148=CARTESIAN_POINT('',(-54.118338639,-0.062767016,0.212900559));
#3149=CARTESIAN_POINT('',(-53.582105453,-0.772414032,0.300034256));
#3150=CARTESIAN_POINT('',(-52.50964653,-0.945029174,0.32122873));
#3151=B_SPLINE_CURVE_WITH_KNOTS('',3,(#3147,#3148,#3149,#3150),.UNSPECIFIED.,.F.,.F.,(4,4),(0.,1.),.UNSPECIFIED.);
#3152=EDGE_CURVE('',#3144,#3146,#3151,.T.);
#3153=ORIENTED_EDGE('',*,*,#3152,.T.);
#3154=CARTESIAN_POINT('',(-54.408196027,-4.670675081,0.778680525));
#3155=VERTEX_POINT('',#3154);
#3156=CARTESIAN_POINT('',(-52.50964653,-0.945029174,0.32122873));
#3157=DIRECTION('',(-0.451342868,-0.885699167,0.108750183));
#3158=VECTOR('',#3157,4.206446215);
#3159=LINE('',#3156,#3158);
#3160=EDGE_CURVE('',#3146,#3155,#3159,.T.);
#3161=ORIENTED_EDGE('',*,*,#3160,.T.);
#3162=CARTESIAN_POINT('',(-54.248775954,-4.958368218,0.814004801));
#3163=VERTEX_POINT('',#3162);
#3164=CARTESIAN_POINT('',(-54.408196027,-4.670675081,0.778680525));
#3165=DIRECTION('',(0.481920047,-0.86968402,0.10678377));
#3166=VECTOR('',#3165,0.330801912);
#3167=LINE('',#3164,#3166);
#3168=EDGE_CURVE('',#3155,#3163,#3167,.T.);
#3169=ORIENTED_EDGE('',*,*,#3168,.T.);
#3170=CARTESIAN_POINT('',(-53.219791169,-4.958368218,0.814004801));
#3171=VERTEX_POINT('',#3170);
#3172=CARTESIAN_POINT('',(-54.248775954,-4.958368218,0.814004801));
#3173=DIRECTION('',(1.,0.,-0.));
#3174=VECTOR('',#3173,1.028984785);
#3175=LINE('',#3172,#3174);
#3176=EDGE_CURVE('',#3163,#3171,#3175,.T.);
#3177=ORIENTED_EDGE('',*,*,#3176,.T.);
#3178=CARTESIAN_POINT('',(-51.205295736,-1.016953383,0.330059913));
#3179=VERTEX_POINT('',#3178);
#3180=CARTESIAN_POINT('',(-53.219791169,-4.958368218,0.814004801));
#3181=DIRECTION('',(0.452414162,0.885160552,-0.108684049));
#3182=VECTOR('',#3181,4.452768285);
#3183=LINE('',#3180,#3182);
#3184=EDGE_CURVE('',#3171,#3179,#3183,.T.);
#3185=ORIENTED_EDGE('',*,*,#3184,.T.);
#3186=CARTESIAN_POINT('',(-48.379212285,-1.016953383,0.330059913));
#3187=VERTEX_POINT('',#3186);
#3188=CARTESIAN_POINT('',(-51.205295736,-1.016953383,0.330059913));
#3189=DIRECTION('',(1.,0.,-0.));
#3190=VECTOR('',#3189,2.826083452);
#3191=LINE('',#3188,#3190);
#3192=EDGE_CURVE('',#3179,#3187,#3191,.T.);
#3193=ORIENTED_EDGE('',*,*,#3192,.T.);
#3194=CARTESIAN_POINT('',(-48.379212285,-4.958368218,0.814004801));
#3195=VERTEX_POINT('',#3194);
#3196=CARTESIAN_POINT('',(-48.379212285,-1.016953383,0.330059913));
#3197=DIRECTION('',(0.,-0.992546152,0.121869343));
#3198=VECTOR('',#3197,3.971014172);
#3199=LINE('',#3196,#3198);
#3200=EDGE_CURVE('',#3187,#3195,#3199,.T.);
#3201=ORIENTED_EDGE('',*,*,#3200,.T.);
#3202=CARTESIAN_POINT('',(-47.161817218,-4.958368218,0.814004801));
#3203=VERTEX_POINT('',#3202);
#3204=CARTESIAN_POINT('',(-48.379212285,-4.958368218,0.814004801));
#3205=DIRECTION('',(1.,0.,-0.));
#3206=VECTOR('',#3205,1.217395067);
#3207=LINE('',#3204,#3206);
#3208=EDGE_CURVE('',#3195,#3203,#3207,.T.);
#3209=ORIENTED_EDGE('',*,*,#3208,.T.);
#3210=CARTESIAN_POINT('',(-47.161817218,4.967094926,-0.404688829));
#3211=VERTEX_POINT('',#3210);
#3212=CARTESIAN_POINT('',(-47.161817218,-4.958368218,0.814004801));
#3213=DIRECTION('',(0.,0.992546152,-0.121869343));
#3214=VECTOR('',#3213,10.000001639);
#3215=LINE('',#3212,#3214);
#3216=EDGE_CURVE('',#3203,#3211,#3215,.T.);
#3217=ORIENTED_EDGE('',*,*,#3216,.T.);
#3218=CARTESIAN_POINT('',(-51.900952721,4.967094926,-0.404688829));
#3219=VERTEX_POINT('',#3218);
#3220=CARTESIAN_POINT('',(-47.161817218,4.967094926,-0.404688829));
#3221=DIRECTION('',(-1.,0.,0.));
#3222=VECTOR('',#3221,4.739135504);
#3223=LINE('',#3220,#3222);
#3224=EDGE_CURVE('',#3211,#3219,#3223,.T.);
#3225=ORIENTED_EDGE('',*,*,#3224,.T.);
#3226=CARTESIAN_POINT('',(-54.118342365,2.766229672,-0.134456556));
#3227=VERTEX_POINT('',#3226);
#3228=CARTESIAN_POINT('',(-51.900952721,4.967094926,-0.404688829));
#3229=CARTESIAN_POINT('',(-53.379207517,4.967094926,-0.404688829));
#3230=CARTESIAN_POINT('',(-54.118338639,4.233473175,-0.314611404));
#3231=CARTESIAN_POINT('',(-54.118342365,2.766229672,-0.134456556));
#3232=B_SPLINE_CURVE_WITH_KNOTS('',3,(#3228,#3229,#3230,#3231),.UNSPECIFIED.,.F.,.F.,(4,4),(0.,1.),.UNSPECIFIED.);
#3233=EDGE_CURVE('',#3219,#3227,#3232,.T.);
#3234=ORIENTED_EDGE('',*,*,#3233,.T.);
#3235=CARTESIAN_POINT('',(-54.118342365,2.766229672,-0.134456556));
#3236=DIRECTION('',(0.,-0.992546152,0.121869343));
#3237=VECTOR('',#3236,1.59420073);
#3238=LINE('',#3235,#3237);
#3239=EDGE_CURVE('',#3227,#3144,#3238,.T.);
#3240=ORIENTED_EDGE('',*,*,#3239,.T.);
#3241=EDGE_LOOP('',(#3153,#3161,#3169,#3177,#3185,#3193,#3201,#3209,#3217,#3225,#3234,#3240));
#3242=FACE_BOUND('',#3241,.T.);
#3243=CARTESIAN_POINT('',(-72.205301041,3.873855829,-0.270455947));
#3244=VERTEX_POINT('',#3243);
#3245=CARTESIAN_POINT('',(-72.205301041,4.463629163,-0.342871006));
#3246=VERTEX_POINT('',#3245);
#3247=CARTESIAN_POINT('',(-72.205301041,3.873855829,-0.270455947));
#3248=DIRECTION('',(0.,0.992546152,-0.121869343));
#3249=VECTOR('',#3248,0.594202429);
#3250=LINE('',#3247,#3249);
#3251=EDGE_CURVE('',#3244,#3246,#3250,.T.);
#3252=ORIENTED_EDGE('',*,*,#3251,.T.);
#3253=CARTESIAN_POINT('',(-72.857472713,4.967094926,-0.404688829));
#3254=VERTEX_POINT('',#3253);
#3255=CARTESIAN_POINT('',(-72.205301041,4.463629163,-0.342871006));
#3256=DIRECTION('',(-0.789351003,0.609365942,-0.074820729));
#3257=VECTOR('',#3256,0.826212507);
#3258=LINE('',#3255,#3257);
#3259=EDGE_CURVE('',#3246,#3254,#3258,.T.);
#3260=ORIENTED_EDGE('',*,*,#3259,.T.);
#3261=CARTESIAN_POINT('',(-76.219793076,4.967094926,-0.404688829));
#3262=VERTEX_POINT('',#3261);
#3263=CARTESIAN_POINT('',(-72.857472713,4.967094926,-0.404688829));
#3264=DIRECTION('',(-1.,0.,0.));
#3265=VECTOR('',#3264,3.362320364);
#3266=LINE('',#3263,#3265);
#3267=EDGE_CURVE('',#3254,#3262,#3266,.T.);
#3268=ORIENTED_EDGE('',*,*,#3267,.T.);
#3269=CARTESIAN_POINT('',(-78.437182719,2.766229672,-0.134456556));
#3270=VERTEX_POINT('',#3269);
#3271=CARTESIAN_POINT('',(-76.219793076,4.967094926,-0.404688829));
#3272=CARTESIAN_POINT('',(-77.698047871,4.967094926,-0.404688829));
#3273=CARTESIAN_POINT('',(-78.437182719,4.233473175,-0.314611404));
#3274=CARTESIAN_POINT('',(-78.437182719,2.766229672,-0.134456556));
#3275=B_SPLINE_CURVE_WITH_KNOTS('',3,(#3271,#3272,#3273,#3274),.UNSPECIFIED.,.F.,.F.,(4,4),(0.,1.),.UNSPECIFIED.);
#3276=EDGE_CURVE('',#3262,#3270,#3275,.T.);
#3277=ORIENTED_EDGE('',*,*,#3276,.T.);
#3278=CARTESIAN_POINT('',(-78.437182719,1.71614436,-0.005522292));
#3279=VERTEX_POINT('',#3278);
#3280=CARTESIAN_POINT('',(-78.437182719,2.766229672,-0.134456556));
#3281=DIRECTION('',(0.,-0.992546152,0.121869343));
#3282=VECTOR('',#3281,1.057971269);
#3283=LINE('',#3280,#3282);
#3284=EDGE_CURVE('',#3270,#3279,#3283,.T.);
#3285=ORIENTED_EDGE('',*,*,#3284,.T.);
#3286=CARTESIAN_POINT('',(-78.074860985,0.795524103,0.107515661));
#3287=VERTEX_POINT('',#3286);
#3288=CARTESIAN_POINT('',(-78.437182719,1.71614436,-0.005522292));
#3289=CARTESIAN_POINT('',(-78.437182719,1.342143652,0.04039922));
#3290=CARTESIAN_POINT('',(-78.316401357,1.035267768,0.078078841));
#3291=CARTESIAN_POINT('',(-78.074860985,0.795524103,0.107515661));
#3292=B_SPLINE_CURVE_WITH_KNOTS('',3,(#3288,#3289,#3290,#3291),.UNSPECIFIED.,.F.,.F.,(4,4),(0.,1.),.UNSPECIFIED.);
#3293=EDGE_CURVE('',#3279,#3287,#3292,.T.);
#3294=ORIENTED_EDGE('',*,*,#3293,.T.);
#3295=CARTESIAN_POINT('',(-77.567618007,0.29205834,0.169333484));
#3296=VERTEX_POINT('',#3295);
#3297=CARTESIAN_POINT('',(-78.074860985,0.795524103,0.107515661));
#3298=DIRECTION('',(0.707104185,-0.701838692,0.086174955));
#3299=VECTOR('',#3298,0.717352533);
#3300=LINE('',#3297,#3299);
#3301=EDGE_CURVE('',#3287,#3296,#3300,.T.);
#3302=ORIENTED_EDGE('',*,*,#3301,.T.);
#3303=CARTESIAN_POINT('',(-78.074860985,-0.211407423,0.231151306));
#3304=VERTEX_POINT('',#3303);
#3305=CARTESIAN_POINT('',(-77.567618007,0.29205834,0.169333484));
#3306=DIRECTION('',(-0.707104185,-0.701838692,0.086174955));
#3307=VECTOR('',#3306,0.717352533);
#3308=LINE('',#3305,#3307);
#3309=EDGE_CURVE('',#3296,#3304,#3308,.T.);
#3310=ORIENTED_EDGE('',*,*,#3309,.T.);
#3311=CARTESIAN_POINT('',(-78.437182719,-1.1608018,0.347722278));
#3312=VERTEX_POINT('',#3311);
#3313=CARTESIAN_POINT('',(-78.074860985,-0.211407423,0.231151306));
#3314=CARTESIAN_POINT('',(-78.316401357,-0.451154785,0.260588581));
#3315=CARTESIAN_POINT('',(-78.437182719,-0.767618345,0.29944542));
#3316=CARTESIAN_POINT('',(-78.437182719,-1.1608018,0.347722278));
#3317=B_SPLINE_CURVE_WITH_KNOTS('',3,(#3313,#3314,#3315,#3316),.UNSPECIFIED.,.F.,.F.,(4,4),(0.,1.),.UNSPECIFIED.);
#3318=EDGE_CURVE('',#3304,#3312,#3317,.T.);
#3319=ORIENTED_EDGE('',*,*,#3318,.T.);
#3320=CARTESIAN_POINT('',(-78.437182719,-2.757502963,0.543772528));
#3321=VERTEX_POINT('',#3320);
#3322=CARTESIAN_POINT('',(-78.437182719,-1.1608018,0.347722278));
#3323=DIRECTION('',(0.,-0.992546152,0.121869343));
#3324=VECTOR('',#3323,1.60869211);
#3325=LINE('',#3322,#3324);
#3326=EDGE_CURVE('',#3312,#3321,#3325,.T.);
#3327=ORIENTED_EDGE('',*,*,#3326,.T.);
#3328=CARTESIAN_POINT('',(-76.219793076,-4.958368218,0.814004801));
#3329=VERTEX_POINT('',#3328);
#3330=CARTESIAN_POINT('',(-78.437182719,-2.757502963,0.543772528));
#3331=CARTESIAN_POINT('',(-78.437182719,-4.224746466,0.723927377));
#3332=CARTESIAN_POINT('',(-77.698047871,-4.958368218,0.814004801));
#3333=CARTESIAN_POINT('',(-76.219793076,-4.958368218,0.814004801));
#3334=B_SPLINE_CURVE_WITH_KNOTS('',3,(#3330,#3331,#3332,#3333),.UNSPECIFIED.,.F.,.F.,(4,4),(0.,1.),.UNSPECIFIED.);
#3335=EDGE_CURVE('',#3321,#3329,#3334,.T.);
#3336=ORIENTED_EDGE('',*,*,#3335,.T.);
#3337=CARTESIAN_POINT('',(-72.712544019,-4.958368218,0.814004801));
#3338=VERTEX_POINT('',#3337);
#3339=CARTESIAN_POINT('',(-76.219793076,-4.958368218,0.814004801));
#3340=DIRECTION('',(1.,0.,-0.));
#3341=VECTOR('',#3340,3.507249057);
#3342=LINE('',#3339,#3341);
#3343=EDGE_CURVE('',#3329,#3338,#3342,.T.);
#3344=ORIENTED_EDGE('',*,*,#3343,.T.);
#3345=CARTESIAN_POINT('',(-72.060368622,-4.454902455,0.752186978));
#3346=VERTEX_POINT('',#3345);
#3347=CARTESIAN_POINT('',(-72.712544019,-4.958368218,0.814004801));
#3348=DIRECTION('',(0.789352703,0.609363774,-0.074820463));
#3349=VECTOR('',#3348,0.826215447);
#3350=LINE('',#3347,#3349);
#3351=EDGE_CURVE('',#3338,#3346,#3350,.T.);
#3352=ORIENTED_EDGE('',*,*,#3351,.T.);
#3353=CARTESIAN_POINT('',(-72.060368622,-3.86512912,0.679771919));
#3354=VERTEX_POINT('',#3353);
#3355=CARTESIAN_POINT('',(-72.060368622,-4.454902455,0.752186978));
#3356=DIRECTION('',(0.,0.992546152,-0.121869343));
#3357=VECTOR('',#3356,0.594202429);
#3358=LINE('',#3355,#3357);
#3359=EDGE_CURVE('',#3346,#3354,#3358,.T.);
#3360=ORIENTED_EDGE('',*,*,#3359,.T.);
#3361=CARTESIAN_POINT('',(-76.234284455,-3.86512912,0.679771919));
#3362=VERTEX_POINT('',#3361);
#3363=CARTESIAN_POINT('',(-72.060368622,-3.86512912,0.679771919));
#3364=DIRECTION('',(-1.,0.,0.));
#3365=VECTOR('',#3364,4.173915833);
#3366=LINE('',#3363,#3365);
#3367=EDGE_CURVE('',#3354,#3362,#3366,.T.);
#3368=ORIENTED_EDGE('',*,*,#3367,.T.);
#3369=CARTESIAN_POINT('',(-77.219787652,-2.886968018,0.559668838));
#3370=VERTEX_POINT('',#3369);
#3371=CARTESIAN_POINT('',(-76.234284455,-3.86512912,0.679771919));
#3372=CARTESIAN_POINT('',(-76.900947506,-3.86512912,0.679771919));
#3373=CARTESIAN_POINT('',(-77.229451055,-3.539074187,0.639737407));
#3374=CARTESIAN_POINT('',(-77.219787652,-2.886968018,0.559668838));
#3375=B_SPLINE_CURVE_WITH_KNOTS('',3,(#3371,#3372,#3373,#3374),.UNSPECIFIED.,.F.,.F.,(4,4),(0.,1.),.UNSPECIFIED.);
#3376=EDGE_CURVE('',#3362,#3370,#3375,.T.);
#3377=ORIENTED_EDGE('',*,*,#3376,.T.);
#3378=CARTESIAN_POINT('',(-77.219787652,-1.275876097,0.361851624));
#3379=VERTEX_POINT('',#3378);
#3380=CARTESIAN_POINT('',(-77.219787652,-2.886968018,0.559668838));
#3381=DIRECTION('',(0.,0.992546152,-0.121869343));
#3382=VECTOR('',#3381,1.623190939);
#3383=LINE('',#3380,#3382);
#3384=EDGE_CURVE('',#3370,#3379,#3383,.T.);
#3385=ORIENTED_EDGE('',*,*,#3384,.T.);
#3386=CARTESIAN_POINT('',(-76.234284455,-0.297718692,0.241748997));
#3387=VERTEX_POINT('',#3386);
#3388=CARTESIAN_POINT('',(-77.219787652,-1.275876097,0.361851624));
#3389=CARTESIAN_POINT('',(-77.229451055,-0.623769928,0.281783055));
#3390=CARTESIAN_POINT('',(-76.900947506,-0.297718692,0.241748997));
#3391=CARTESIAN_POINT('',(-76.234284455,-0.297718692,0.241748997));
#3392=B_SPLINE_CURVE_WITH_KNOTS('',3,(#3388,#3389,#3390,#3391),.UNSPECIFIED.,.F.,.F.,(4,4),(0.,1.),.UNSPECIFIED.);
#3393=EDGE_CURVE('',#3379,#3387,#3392,.T.);
#3394=ORIENTED_EDGE('',*,*,#3393,.T.);
#3395=CARTESIAN_POINT('',(-73.13283127,-0.297718692,0.241748997));
#3396=VERTEX_POINT('',#3395);
#3397=CARTESIAN_POINT('',(-76.234284455,-0.297718692,0.241748997));
#3398=DIRECTION('',(1.,0.,-0.));
#3399=VECTOR('',#3398,3.101453185);
#3400=LINE('',#3397,#3399);
#3401=EDGE_CURVE('',#3387,#3396,#3400,.T.);
#3402=ORIENTED_EDGE('',*,*,#3401,.T.);
#3403=CARTESIAN_POINT('',(-73.13283127,0.795524103,0.107515661));
#3404=VERTEX_POINT('',#3403);
#3405=CARTESIAN_POINT('',(-73.13283127,-0.297718692,0.241748997));
#3406=DIRECTION('',(0.,0.992546152,-0.121869343));
#3407=VECTOR('',#3406,1.101452857);
#3408=LINE('',#3405,#3407);
#3409=EDGE_CURVE('',#3396,#3404,#3408,.T.);
#3410=ORIENTED_EDGE('',*,*,#3409,.T.);
#3411=CARTESIAN_POINT('',(-76.234284455,0.795524103,0.107515661));
#3412=VERTEX_POINT('',#3411);
#3413=CARTESIAN_POINT('',(-73.13283127,0.795524103,0.107515661));
#3414=DIRECTION('',(-1.,0.,0.));
#3415=VECTOR('',#3414,3.101453185);
#3416=LINE('',#3413,#3415);
#3417=EDGE_CURVE('',#3404,#3412,#3416,.T.);
#3418=ORIENTED_EDGE('',*,*,#3417,.T.);
#3419=CARTESIAN_POINT('',(-77.219787652,1.773685206,-0.01258742));
#3420=VERTEX_POINT('',#3419);
#3421=CARTESIAN_POINT('',(-76.234284455,0.795524103,0.107515661));
#3422=CARTESIAN_POINT('',(-76.900947506,0.795520405,0.107516115));
#3423=CARTESIAN_POINT('',(-77.229451055,1.121575339,0.067481604));
#3424=CARTESIAN_POINT('',(-77.219787652,1.773685206,-0.01258742));
#3425=B_SPLINE_CURVE_WITH_KNOTS('',3,(#3421,#3422,#3423,#3424),.UNSPECIFIED.,.F.,.F.,(4,4),(0.,1.),.UNSPECIFIED.);
#3426=EDGE_CURVE('',#3412,#3420,#3425,.T.);
#3427=ORIENTED_EDGE('',*,*,#3426,.T.);
#3428=CARTESIAN_POINT('',(-77.219787652,2.895691029,-0.150352411));
#3429=VERTEX_POINT('',#3428);
#3430=CARTESIAN_POINT('',(-77.219787652,1.773685206,-0.01258742));
#3431=DIRECTION('',(0.,0.992546152,-0.121869343));
#3432=VECTOR('',#3431,1.13043189);
#3433=LINE('',#3430,#3432);
#3434=EDGE_CURVE('',#3420,#3429,#3433,.T.);
#3435=ORIENTED_EDGE('',*,*,#3434,.T.);
#3436=CARTESIAN_POINT('',(-76.234284455,3.873855829,-0.270455947));
#3437=VERTEX_POINT('',#3436);
#3438=CARTESIAN_POINT('',(-77.219787652,2.895691029,-0.150352411));
#3439=CARTESIAN_POINT('',(-77.229451055,3.547800895,-0.230421435));
#3440=CARTESIAN_POINT('',(-76.900947506,3.873855829,-0.270455947));
#3441=CARTESIAN_POINT('',(-76.234284455,3.873855829,-0.270455947));
#3442=B_SPLINE_CURVE_WITH_KNOTS('',3,(#3438,#3439,#3440,#3441),.UNSPECIFIED.,.F.,.F.,(4,4),(0.,1.),.UNSPECIFIED.);
#3443=EDGE_CURVE('',#3429,#3437,#3442,.T.);
#3444=ORIENTED_EDGE('',*,*,#3443,.T.);
#3445=CARTESIAN_POINT('',(-76.234284455,3.873855829,-0.270455947));
#3446=DIRECTION('',(1.,0.,-0.));
#3447=VECTOR('',#3446,4.028983414);
#3448=LINE('',#3445,#3447);
#3449=EDGE_CURVE('',#3437,#3244,#3448,.T.);
#3450=ORIENTED_EDGE('',*,*,#3449,.T.);
#3451=EDGE_LOOP('',(#3252,#3260,#3268,#3277,#3285,#3294,#3302,#3310,#3319,#3327,#3336,#3344,#3352,#3360,#3368,#3377,#3385,#3394,#3402,#3410,#3418,#3427,#3435,#3444,#3450));
#3452=FACE_BOUND('',#3451,.T.);
#3453=CARTESIAN_POINT('',(-18.089351843,2.766229672,-0.134456556));
#3454=VERTEX_POINT('',#3453);
#3455=CARTESIAN_POINT('',(-18.089351843,0.896215037,0.095152369));
#3456=VERTEX_POINT('',#3455);
#3457=CARTESIAN_POINT('',(-18.089351843,2.766229672,-0.134456556));
#3458=DIRECTION('',(0.,-0.992546152,0.121869343));
#3459=VECTOR('',#3458,1.884058118);
#3460=LINE('',#3457,#3459);
#3461=EDGE_CURVE('',#3454,#3456,#3460,.T.);
#3462=ORIENTED_EDGE('',*,*,#3461,.T.);
#3463=CARTESIAN_POINT('',(-15.871960337,-1.30464652,0.365384188));
#3464=VERTEX_POINT('',#3463);
#3465=CARTESIAN_POINT('',(-18.089351843,0.896215037,0.095152369));
#3466=CARTESIAN_POINT('',(-18.079689371,-0.571024769,0.275306764));
#3467=CARTESIAN_POINT('',(-17.340558714,-1.30464652,0.365384188));
#3468=CARTESIAN_POINT('',(-15.871960337,-1.30464652,0.365384188));
#3469=B_SPLINE_CURVE_WITH_KNOTS('',3,(#3465,#3466,#3467,#3468),.UNSPECIFIED.,.F.,.F.,(4,4),(0.,1.),.UNSPECIFIED.);
#3470=EDGE_CURVE('',#3456,#3464,#3469,.T.);
#3471=ORIENTED_EDGE('',*,*,#3470,.T.);
#3472=CARTESIAN_POINT('',(-12.350220832,-1.30464652,0.365384188));
#3473=VERTEX_POINT('',#3472);
#3474=CARTESIAN_POINT('',(-15.871960337,-1.30464652,0.365384188));
#3475=DIRECTION('',(1.,0.,-0.));
#3476=VECTOR('',#3475,3.521739505);
#3477=LINE('',#3474,#3476);
#3478=EDGE_CURVE('',#3464,#3473,#3477,.T.);
#3479=ORIENTED_EDGE('',*,*,#3478,.T.);
#3480=CARTESIAN_POINT('',(-12.350220832,-4.958368218,0.814004801));
#3481=VERTEX_POINT('',#3480);
#3482=CARTESIAN_POINT('',(-12.350220832,-1.30464652,0.365384188));
#3483=DIRECTION('',(0.,-0.992546152,0.121869343));
#3484=VECTOR('',#3483,3.68116051);
#3485=LINE('',#3482,#3484);
#3486=EDGE_CURVE('',#3473,#3481,#3485,.T.);
#3487=ORIENTED_EDGE('',*,*,#3486,.T.);
#3488=CARTESIAN_POINT('',(-11.147322149,-4.958368218,0.814004801));
#3489=VERTEX_POINT('',#3488);
#3490=CARTESIAN_POINT('',(-12.350220832,-4.958368218,0.814004801));
#3491=DIRECTION('',(1.,0.,-0.));
#3492=VECTOR('',#3491,1.202898682);
#3493=LINE('',#3490,#3492);
#3494=EDGE_CURVE('',#3481,#3489,#3493,.T.);
#3495=ORIENTED_EDGE('',*,*,#3494,.T.);
#3496=CARTESIAN_POINT('',(-11.132829373,4.967094926,-0.404688829));
#3497=VERTEX_POINT('',#3496);
#3498=CARTESIAN_POINT('',(-11.147322149,-4.958368218,0.814004801));
#3499=DIRECTION('',(0.001449276,0.992545109,-0.121869215));
#3500=VECTOR('',#3499,10.000012141);
#3501=LINE('',#3498,#3500);
#3502=EDGE_CURVE('',#3489,#3497,#3501,.T.);
#3503=ORIENTED_EDGE('',*,*,#3502,.T.);
#3504=CARTESIAN_POINT('',(-15.871960337,4.967094926,-0.404688829));
#3505=VERTEX_POINT('',#3504);
#3506=CARTESIAN_POINT('',(-11.132829373,4.967094926,-0.404688829));
#3507=DIRECTION('',(-1.,0.,0.));
#3508=VECTOR('',#3507,4.739130964);
#3509=LINE('',#3506,#3508);
#3510=EDGE_CURVE('',#3497,#3505,#3509,.T.);
#3511=ORIENTED_EDGE('',*,*,#3510,.T.);
#3512=CARTESIAN_POINT('',(-15.871960337,4.967094926,-0.404688829));
#3513=CARTESIAN_POINT('',(-17.340558714,4.967094926,-0.404688829));
#3514=CARTESIAN_POINT('',(-18.079689371,4.233473175,-0.314611404));
#3515=CARTESIAN_POINT('',(-18.089351843,2.766229672,-0.134456556));
#3516=B_SPLINE_CURVE_WITH_KNOTS('',3,(#3512,#3513,#3514,#3515),.UNSPECIFIED.,.F.,.F.,(4,4),(0.,1.),.UNSPECIFIED.);
#3517=EDGE_CURVE('',#3505,#3454,#3516,.T.);
#3518=ORIENTED_EDGE('',*,*,#3517,.T.);
#3519=EDGE_LOOP('',(#3462,#3471,#3479,#3487,#3495,#3503,#3511,#3518));
#3520=FACE_BOUND('',#3519,.T.);
#3521=CARTESIAN_POINT('',(-70.567618723,2.52169032,-0.104430899));
#3522=VERTEX_POINT('',#3521);
#3523=CARTESIAN_POINT('',(-70.698052312,2.320304754,-0.079703861));
#3524=VERTEX_POINT('',#3523);
#3525=CARTESIAN_POINT('',(-70.567618723,2.52169032,-0.104430899));
#3526=DIRECTION('',(-0.54075525,-0.834909953,0.102514052));
#3527=VECTOR('',#3526,0.24120633);
#3528=LINE('',#3525,#3527);
#3529=EDGE_CURVE('',#3522,#3524,#3528,.T.);
#3530=ORIENTED_EDGE('',*,*,#3529,.T.);
#3531=CARTESIAN_POINT('',(-68.161818797,-4.958368218,0.814004801));
#3532=VERTEX_POINT('',#3531);
#3533=CARTESIAN_POINT('',(-70.698052312,2.320304754,-0.079703861));
#3534=DIRECTION('',(0.326854094,-0.938030368,0.115175646));
#3535=VECTOR('',#3534,7.759528069);
#3536=LINE('',#3533,#3535);
#3537=EDGE_CURVE('',#3524,#3532,#3536,.T.);
#3538=ORIENTED_EDGE('',*,*,#3537,.T.);
#3539=CARTESIAN_POINT('',(-66.277760679,-4.958368218,0.814004801));
#3540=VERTEX_POINT('',#3539);
#3541=CARTESIAN_POINT('',(-68.161818797,-4.958368218,0.814004801));
#3542=DIRECTION('',(1.,0.,-0.));
#3543=VECTOR('',#3542,1.884058118);
#3544=LINE('',#3541,#3543);
#3545=EDGE_CURVE('',#3532,#3540,#3544,.T.);
#3546=ORIENTED_EDGE('',*,*,#3545,.T.);
#3547=CARTESIAN_POINT('',(-63.74153089,2.320304754,-0.079703861));
#3548=VERTEX_POINT('',#3547);
#3549=CARTESIAN_POINT('',(-66.277760679,-4.958368218,0.814004801));
#3550=DIRECTION('',(0.326853665,0.938030516,-0.115175665));
#3551=VECTOR('',#3550,7.759526851);
#3552=LINE('',#3549,#3551);
#3553=EDGE_CURVE('',#3540,#3548,#3552,.T.);
#3554=ORIENTED_EDGE('',*,*,#3553,.T.);
#3555=CARTESIAN_POINT('',(-63.871964479,2.52169032,-0.104430899));
#3556=VERTEX_POINT('',#3555);
#3557=CARTESIAN_POINT('',(-63.74153089,2.320304754,-0.079703861));
#3558=DIRECTION('',(-0.54075525,0.834909953,-0.102514052));
#3559=VECTOR('',#3558,0.24120633);
#3560=LINE('',#3557,#3559);
#3561=EDGE_CURVE('',#3548,#3556,#3560,.T.);
#3562=ORIENTED_EDGE('',*,*,#3561,.T.);
#3563=CARTESIAN_POINT('',(-64.871966506,2.52169032,-0.104430899));
#3564=VERTEX_POINT('',#3563);
#3565=CARTESIAN_POINT('',(-63.871964479,2.52169032,-0.104430899));
#3566=DIRECTION('',(-1.,0.,0.));
#3567=VECTOR('',#3566,1.000002027);
#3568=LINE('',#3565,#3567);
#3569=EDGE_CURVE('',#3556,#3564,#3568,.T.);
#3570=ORIENTED_EDGE('',*,*,#3569,.T.);
#3571=CARTESIAN_POINT('',(-67.07486477,-3.951436692,0.690369156));
#3572=VERTEX_POINT('',#3571);
#3573=CARTESIAN_POINT('',(-64.871966506,2.52169032,-0.104430899));
#3574=DIRECTION('',(-0.320014858,-0.940350655,0.115460542));
#3575=VECTOR('',#3574,6.883737444);
#3576=LINE('',#3573,#3575);
#3577=EDGE_CURVE('',#3564,#3572,#3576,.T.);
#3578=ORIENTED_EDGE('',*,*,#3577,.T.);
#3579=CARTESIAN_POINT('',(-67.364718432,-3.951436692,0.690369156));
#3580=VERTEX_POINT('',#3579);
#3581=CARTESIAN_POINT('',(-67.07486477,-3.951436692,0.690369156));
#3582=DIRECTION('',(-1.,0.,0.));
#3583=VECTOR('',#3582,0.289853662);
#3584=LINE('',#3581,#3583);
#3585=EDGE_CURVE('',#3572,#3580,#3584,.T.);
#3586=ORIENTED_EDGE('',*,*,#3585,.T.);
#3587=CARTESIAN_POINT('',(-69.567616696,2.52169032,-0.104430899));
#3588=VERTEX_POINT('',#3587);
#3589=CARTESIAN_POINT('',(-67.364718432,-3.951436692,0.690369156));
#3590=DIRECTION('',(-0.320014858,0.940350655,-0.115460542));
#3591=VECTOR('',#3590,6.883737444);
#3592=LINE('',#3589,#3591);
#3593=EDGE_CURVE('',#3580,#3588,#3592,.T.);
#3594=ORIENTED_EDGE('',*,*,#3593,.T.);
#3595=CARTESIAN_POINT('',(-69.567616696,2.52169032,-0.104430899));
#3596=DIRECTION('',(-1.,0.,0.));
#3597=VECTOR('',#3596,1.000002027);
#3598=LINE('',#3595,#3597);
#3599=EDGE_CURVE('',#3588,#3522,#3598,.T.);
#3600=ORIENTED_EDGE('',*,*,#3599,.T.);
#3601=EDGE_LOOP('',(#3530,#3538,#3546,#3554,#3562,#3570,#3578,#3586,#3594,#3600));
#3602=FACE_BOUND('',#3601,.T.);
#3603=CARTESIAN_POINT('',(-44.92993247,2.766229672,-0.134456556));
#3604=VERTEX_POINT('',#3603);
#3605=CARTESIAN_POINT('',(-44.92993247,-2.757502963,0.543772528));
#3606=VERTEX_POINT('',#3605);
#3607=CARTESIAN_POINT('',(-44.92993247,2.766229672,-0.134456556));
#3608=DIRECTION('',(0.,-0.992546152,0.121869343));
#3609=VECTOR('',#3608,5.565214902);
#3610=LINE('',#3607,#3609);
#3611=EDGE_CURVE('',#3604,#3606,#3610,.T.);
#3612=ORIENTED_EDGE('',*,*,#3611,.T.);
#3613=CARTESIAN_POINT('',(-42.712542827,-4.958368218,0.814004801));
#3614=VERTEX_POINT('',#3613);
#3615=CARTESIAN_POINT('',(-44.92993247,-2.757502963,0.543772528));
#3616=CARTESIAN_POINT('',(-44.92993247,-4.224746466,0.723927377));
#3617=CARTESIAN_POINT('',(-44.190805072,-4.958368218,0.814004801));
#3618=CARTESIAN_POINT('',(-42.712542827,-4.958368218,0.814004801));
#3619=B_SPLINE_CURVE_WITH_KNOTS('',3,(#3615,#3616,#3617,#3618),.UNSPECIFIED.,.F.,.F.,(4,4),(0.,1.),.UNSPECIFIED.);
#3620=EDGE_CURVE('',#3606,#3614,#3619,.T.);
#3621=ORIENTED_EDGE('',*,*,#3620,.T.);
#3622=CARTESIAN_POINT('',(-40.625586773,-4.958368218,0.814004801));
#3623=VERTEX_POINT('',#3622);
#3624=CARTESIAN_POINT('',(-42.712542827,-4.958368218,0.814004801));
#3625=DIRECTION('',(1.,0.,-0.));
#3626=VECTOR('',#3625,2.086956054);
#3627=LINE('',#3624,#3626);
#3628=EDGE_CURVE('',#3614,#3623,#3627,.T.);
#3629=ORIENTED_EDGE('',*,*,#3628,.T.);
#3630=CARTESIAN_POINT('',(-38.408195267,-2.757502963,0.543772528));
#3631=VERTEX_POINT('',#3630);
#3632=CARTESIAN_POINT('',(-40.625586773,-4.958368218,0.814004801));
#3633=CARTESIAN_POINT('',(-39.14732639,-4.958368218,0.814004801));
#3634=CARTESIAN_POINT('',(-38.408193404,-4.224746466,0.723927377));
#3635=CARTESIAN_POINT('',(-38.408195267,-2.757502963,0.543772528));
#3636=B_SPLINE_CURVE_WITH_KNOTS('',3,(#3632,#3633,#3634,#3635),.UNSPECIFIED.,.F.,.F.,(4,4),(0.,1.),.UNSPECIFIED.);
#3637=EDGE_CURVE('',#3623,#3631,#3636,.T.);
#3638=ORIENTED_EDGE('',*,*,#3637,.T.);
#3639=CARTESIAN_POINT('',(-38.408195267,2.766229672,-0.134456556));
#3640=VERTEX_POINT('',#3639);
#3641=CARTESIAN_POINT('',(-38.408195267,-2.757502963,0.543772528));
#3642=DIRECTION('',(0.,0.992546152,-0.121869343));
#3643=VECTOR('',#3642,5.565214902);
#3644=LINE('',#3641,#3643);
#3645=EDGE_CURVE('',#3631,#3640,#3644,.T.);
#3646=ORIENTED_EDGE('',*,*,#3645,.T.);
#3647=CARTESIAN_POINT('',(-40.625586773,4.967094926,-0.404688829));
#3648=VERTEX_POINT('',#3647);
#3649=CARTESIAN_POINT('',(-38.408195267,2.766229672,-0.134456556));
#3650=CARTESIAN_POINT('',(-38.408193404,4.233473175,-0.314611404));
#3651=CARTESIAN_POINT('',(-39.14732639,4.967094926,-0.404688829));
#3652=CARTESIAN_POINT('',(-40.625586773,4.967094926,-0.404688829));
#3653=B_SPLINE_CURVE_WITH_KNOTS('',3,(#3649,#3650,#3651,#3652),.UNSPECIFIED.,.F.,.F.,(4,4),(0.,1.),.UNSPECIFIED.);
#3654=EDGE_CURVE('',#3640,#3648,#3653,.T.);
#3655=ORIENTED_EDGE('',*,*,#3654,.T.);
#3656=CARTESIAN_POINT('',(-42.712542827,4.967094926,-0.404688829));
#3657=VERTEX_POINT('',#3656);
#3658=CARTESIAN_POINT('',(-40.625586773,4.967094926,-0.404688829));
#3659=DIRECTION('',(-1.,0.,0.));
#3660=VECTOR('',#3659,2.086956054);
#3661=LINE('',#3658,#3660);
#3662=EDGE_CURVE('',#3648,#3657,#3661,.T.);
#3663=ORIENTED_EDGE('',*,*,#3662,.T.);
#3664=CARTESIAN_POINT('',(-42.712542827,4.967094926,-0.404688829));
#3665=CARTESIAN_POINT('',(-44.190805072,4.967094926,-0.404688829));
#3666=CARTESIAN_POINT('',(-44.92993247,4.233473175,-0.314611404));
#3667=CARTESIAN_POINT('',(-44.92993247,2.766229672,-0.134456556));
#3668=B_SPLINE_CURVE_WITH_KNOTS('',3,(#3664,#3665,#3666,#3667),.UNSPECIFIED.,.F.,.F.,(4,4),(0.,1.),.UNSPECIFIED.);
#3669=EDGE_CURVE('',#3657,#3604,#3668,.T.);
#3670=ORIENTED_EDGE('',*,*,#3669,.T.);
#3671=EDGE_LOOP('',(#3612,#3621,#3629,#3638,#3646,#3655,#3663,#3670));
#3672=FACE_BOUND('',#3671,.T.);
#3673=CARTESIAN_POINT('',(-27.785004715,4.967094926,-0.404688829));
#3674=VERTEX_POINT('',#3673);
#3675=CARTESIAN_POINT('',(-27.799496094,-4.958368218,0.814004801));
#3676=VERTEX_POINT('',#3675);
#3677=CARTESIAN_POINT('',(-27.785004715,4.967094926,-0.404688829));
#3678=DIRECTION('',(-0.001449136,-0.99254511,0.121869215));
#3679=VECTOR('',#3678,10.000012139);
#3680=LINE('',#3677,#3679);
#3681=EDGE_CURVE('',#3674,#3676,#3680,.T.);
#3682=ORIENTED_EDGE('',*,*,#3681,.T.);
#3683=CARTESIAN_POINT('',(-26.582106615,-4.958368218,0.814004801));
#3684=VERTEX_POINT('',#3683);
#3685=CARTESIAN_POINT('',(-27.799496094,-4.958368218,0.814004801));
#3686=DIRECTION('',(1.,0.,-0.));
#3687=VECTOR('',#3686,1.217389479);
#3688=LINE('',#3685,#3687);
#3689=EDGE_CURVE('',#3676,#3684,#3688,.T.);
#3690=ORIENTED_EDGE('',*,*,#3689,.T.);
#3691=CARTESIAN_POINT('',(-26.582106615,-0.297718692,0.241748997));
#3692=VERTEX_POINT('',#3691);
#3693=CARTESIAN_POINT('',(-26.582106615,-4.958368218,0.814004801));
#3694=DIRECTION('',(0.,0.992546152,-0.121869343));
#3695=VECTOR('',#3694,4.69565019);
#3696=LINE('',#3693,#3695);
#3697=EDGE_CURVE('',#3684,#3692,#3696,.T.);
#3698=ORIENTED_EDGE('',*,*,#3697,.T.);
#3699=CARTESIAN_POINT('',(-21.480656827,-0.297718692,0.241748997));
#3700=VERTEX_POINT('',#3699);
#3701=CARTESIAN_POINT('',(-26.582106615,-0.297718692,0.241748997));
#3702=DIRECTION('',(1.,0.,-0.));
#3703=VECTOR('',#3702,5.101449788);
#3704=LINE('',#3701,#3703);
#3705=EDGE_CURVE('',#3692,#3700,#3704,.T.);
#3706=ORIENTED_EDGE('',*,*,#3705,.T.);
#3707=CARTESIAN_POINT('',(-21.480656827,-4.958368218,0.814004801));
#3708=VERTEX_POINT('',#3707);
#3709=CARTESIAN_POINT('',(-21.480656827,-0.297718692,0.241748997));
#3710=DIRECTION('',(0.,-0.992546152,0.121869343));
#3711=VECTOR('',#3710,4.69565019);
#3712=LINE('',#3709,#3711);
#3713=EDGE_CURVE('',#3700,#3708,#3712,.T.);
#3714=ORIENTED_EDGE('',*,*,#3713,.T.);
#3715=CARTESIAN_POINT('',(-20.277757796,-4.958368218,0.814004801));
#3716=VERTEX_POINT('',#3715);
#3717=CARTESIAN_POINT('',(-21.480656827,-4.958368218,0.814004801));
#3718=DIRECTION('',(1.,0.,-0.));
#3719=VECTOR('',#3718,1.202899031);
#3720=LINE('',#3717,#3719);
#3721=EDGE_CURVE('',#3708,#3716,#3720,.T.);
#3722=ORIENTED_EDGE('',*,*,#3721,.T.);
#3723=CARTESIAN_POINT('',(-20.263264554,4.967094926,-0.404688829));
#3724=VERTEX_POINT('',#3723);
#3725=CARTESIAN_POINT('',(-20.277757796,-4.958368218,0.814004801));
#3726=DIRECTION('',(0.001449322,0.992545109,-0.121869215));
#3727=VECTOR('',#3726,10.000012142);
#3728=LINE('',#3725,#3727);
#3729=EDGE_CURVE('',#3716,#3724,#3728,.T.);
#3730=ORIENTED_EDGE('',*,*,#3729,.T.);
#3731=CARTESIAN_POINT('',(-21.480656827,4.967094926,-0.404688829));
#3732=VERTEX_POINT('',#3731);
#3733=CARTESIAN_POINT('',(-20.263264554,4.967094926,-0.404688829));
#3734=DIRECTION('',(-1.,0.,0.));
#3735=VECTOR('',#3734,1.217392273);
#3736=LINE('',#3733,#3735);
#3737=EDGE_CURVE('',#3724,#3732,#3736,.T.);
#3738=ORIENTED_EDGE('',*,*,#3737,.T.);
#3739=CARTESIAN_POINT('',(-21.480656827,0.795524103,0.107515661));
#3740=VERTEX_POINT('',#3739);
#3741=CARTESIAN_POINT('',(-21.480656827,4.967094926,-0.404688829));
#3742=DIRECTION('',(0.,-0.992546152,0.121869343));
#3743=VECTOR('',#3742,4.202898592);
#3744=LINE('',#3741,#3743);
#3745=EDGE_CURVE('',#3732,#3740,#3744,.T.);
#3746=ORIENTED_EDGE('',*,*,#3745,.T.);
#3747=CARTESIAN_POINT('',(-26.582106615,0.795524103,0.107515661));
#3748=VERTEX_POINT('',#3747);
#3749=CARTESIAN_POINT('',(-21.480656827,0.795524103,0.107515661));
#3750=DIRECTION('',(-1.,0.,0.));
#3751=VECTOR('',#3750,5.101449788);
#3752=LINE('',#3749,#3751);
#3753=EDGE_CURVE('',#3740,#3748,#3752,.T.);
#3754=ORIENTED_EDGE('',*,*,#3753,.T.);
#3755=CARTESIAN_POINT('',(-26.582106615,4.967094926,-0.404688829));
#3756=VERTEX_POINT('',#3755);
#3757=CARTESIAN_POINT('',(-26.582106615,0.795524103,0.107515661));
#3758=DIRECTION('',(0.,0.992546152,-0.121869343));
#3759=VECTOR('',#3758,4.202898592);
#3760=LINE('',#3757,#3759);
#3761=EDGE_CURVE('',#3748,#3756,#3760,.T.);
#3762=ORIENTED_EDGE('',*,*,#3761,.T.);
#3763=CARTESIAN_POINT('',(-26.582106615,4.967094926,-0.404688829));
#3764=DIRECTION('',(-1.,0.,0.));
#3765=VECTOR('',#3764,1.2028981);
#3766=LINE('',#3763,#3765);
#3767=EDGE_CURVE('',#3756,#3674,#3766,.T.);
#3768=ORIENTED_EDGE('',*,*,#3767,.T.);
#3769=EDGE_LOOP('',(#3682,#3690,#3698,#3706,#3714,#3722,#3730,#3738,#3746,#3754,#3762,#3768));
#3770=FACE_BOUND('',#3769,.T.);
#3771=CARTESIAN_POINT('',(86.587613122,-11.082525812,1.565956802));
#3772=VERTEX_POINT('',#3771);
#3773=CARTESIAN_POINT('',(-86.157613122,-11.082525813,1.565956799));
#3774=VERTEX_POINT('',#3773);
#3775=CARTESIAN_POINT('',(86.587613122,-11.082525813,1.565956799));
#3776=DIRECTION('',(-1.,0.,0.));
#3777=VECTOR('',#3776,172.745226244);
#3778=LINE('',#3775,#3777);
#3779=EDGE_CURVE('',#3772,#3774,#3778,.T.);
#3780=ORIENTED_EDGE('',*,*,#3779,.T.);
#3781=CARTESIAN_POINT('',(-86.157613131,51.667404931,-6.138765874));
#3782=VERTEX_POINT('',#3781);
#3783=CARTESIAN_POINT('',(-86.157613122,-11.082525813,1.565956799));
#3784=DIRECTION('',(0.,0.992546152,-0.121869343));
#3785=VECTOR('',#3784,63.22117177);
#3786=LINE('',#3783,#3785);
#3787=EDGE_CURVE('',#3774,#3782,#3786,.T.);
#3788=ORIENTED_EDGE('',*,*,#3787,.T.);
#3789=CARTESIAN_POINT('',(86.587613131,51.667404943,-6.13876587));
#3790=VERTEX_POINT('',#3789);
#3791=CARTESIAN_POINT('',(-86.157613131,51.66740494,-6.138765867));
#3792=DIRECTION('',(1.,0.,-0.));
#3793=VECTOR('',#3792,172.745226262);
#3794=LINE('',#3791,#3793);
#3795=EDGE_CURVE('',#3782,#3790,#3794,.T.);
#3796=ORIENTED_EDGE('',*,*,#3795,.T.);
#3797=CARTESIAN_POINT('',(86.587613122,51.667404943,-6.138765867));
#3798=DIRECTION('',(0.,-0.992546152,0.121869343));
#3799=VECTOR('',#3798,63.22117178);
#3800=LINE('',#3797,#3799);
#3801=EDGE_CURVE('',#3790,#3772,#3800,.T.);
#3802=ORIENTED_EDGE('',*,*,#3801,.T.);
#3803=EDGE_LOOP('',(#3780,#3788,#3796,#3802));
#3804=FACE_BOUND('',#3803,.T.);
#3805=CARTESIAN_POINT('',(79.64928172,47.866057114,-5.672019045));
#3806=VERTEX_POINT('',#3805);
#3807=CARTESIAN_POINT('',(79.649281721,38.933189354,-4.575200803));
#3808=VERTEX_POINT('',#3807);
#3809=CARTESIAN_POINT('',(79.64928172,47.866057114,-5.672019045));
#3810=DIRECTION('',(0.,-0.992546152,0.121869343));
#3811=VECTOR('',#3810,8.999952038);
#3812=LINE('',#3809,#3811);
#3813=EDGE_CURVE('',#3806,#3808,#3812,.T.);
#3814=ORIENTED_EDGE('',*,*,#3813,.F.);
#3815=CARTESIAN_POINT('',(79.14928172,48.362330243,-5.732953723));
#3816=VERTEX_POINT('',#3815);
#3817=CARTESIAN_POINT('',(79.14928172,47.866057114,-5.672019045));
#3818=DIRECTION('',(0.,0.121869343,0.992546152));
#3819=DIRECTION('',(-0.000333587,0.992546096,-0.121869336));
#3820=AXIS2_PLACEMENT_3D('',#3817,#3818,#3819);
#3821=ELLIPSE('',#3820,0.500000053,0.5);
#3822=EDGE_CURVE('',#3806,#3816,#3821,.T.);
#3823=ORIENTED_EDGE('',*,*,#3822,.T.);
#3824=CARTESIAN_POINT('',(78.64928172,47.866057114,-5.672019045));
#3825=VERTEX_POINT('',#3824);
#3826=CARTESIAN_POINT('',(79.14928172,47.866057114,-5.672019045));
#3827=DIRECTION('',(0.,0.121869343,0.992546152));
#3828=DIRECTION('',(0.000333587,-0.992546096,0.121869336));
#3829=AXIS2_PLACEMENT_3D('',#3826,#3827,#3828);
#3830=ELLIPSE('',#3829,0.500000053,0.5);
#3831=EDGE_CURVE('',#3816,#3825,#3830,.T.);
#3832=ORIENTED_EDGE('',*,*,#3831,.T.);
#3833=CARTESIAN_POINT('',(78.649281721,38.933189354,-4.575200803));
#3834=VERTEX_POINT('',#3833);
#3835=CARTESIAN_POINT('',(78.64928172,47.866057114,-5.672019045));
#3836=DIRECTION('',(0.,-0.992546152,0.121869343));
#3837=VECTOR('',#3836,8.999952038);
#3838=LINE('',#3835,#3837);
#3839=EDGE_CURVE('',#3825,#3834,#3838,.T.);
#3840=ORIENTED_EDGE('',*,*,#3839,.T.);
#3841=CARTESIAN_POINT('',(79.149281815,38.436916225,-4.514266125));
#3842=VERTEX_POINT('',#3841);
#3843=CARTESIAN_POINT('',(79.149281815,38.933189354,-4.575200803));
#3844=DIRECTION('',(0.,0.121869343,0.992546152));
#3845=DIRECTION('',(0.000333587,-0.992546096,0.121869336));
#3846=AXIS2_PLACEMENT_3D('',#3843,#3844,#3845);
#3847=ELLIPSE('',#3846,0.500000053,0.5);
#3848=EDGE_CURVE('',#3834,#3842,#3847,.T.);
#3849=ORIENTED_EDGE('',*,*,#3848,.T.);
#3850=CARTESIAN_POINT('',(79.149281815,38.933189354,-4.575200803));
#3851=DIRECTION('',(0.,0.121869343,0.992546152));
#3852=DIRECTION('',(-0.000333587,0.992546096,-0.121869336));
#3853=AXIS2_PLACEMENT_3D('',#3850,#3851,#3852);
#3854=ELLIPSE('',#3853,0.500000053,0.5);
#3855=EDGE_CURVE('',#3842,#3808,#3854,.T.);
#3856=ORIENTED_EDGE('',*,*,#3855,.T.);
#3857=EDGE_LOOP('',(#3814,#3823,#3832,#3840,#3849,#3856));
#3858=FACE_BOUND('',#3857,.T.);
#3859=CARTESIAN_POINT('',(-79.487277966,38.933140268,-4.575194778));
#3860=VERTEX_POINT('',#3859);
#3861=CARTESIAN_POINT('',(-79.487277967,47.866057114,-5.672019045));
#3862=VERTEX_POINT('',#3861);
#3863=CARTESIAN_POINT('',(-79.487277966,38.933140268,-4.575194776));
#3864=DIRECTION('',(-0.,0.992546152,-0.121869343));
#3865=VECTOR('',#3864,9.000001492);
#3866=LINE('',#3863,#3865);
#3867=EDGE_CURVE('',#3860,#3862,#3866,.T.);
#3868=ORIENTED_EDGE('',*,*,#3867,.F.);
#3869=CARTESIAN_POINT('',(-78.987277966,38.436867139,-4.5142601));
#3870=VERTEX_POINT('',#3869);
#3871=CARTESIAN_POINT('',(-78.987277966,38.933140268,-4.575194778));
#3872=DIRECTION('',(0.,0.121869343,0.992546152));
#3873=DIRECTION('',(0.000333587,-0.992546096,0.121869336));
#3874=AXIS2_PLACEMENT_3D('',#3871,#3872,#3873);
#3875=ELLIPSE('',#3874,0.500000053,0.5);
#3876=EDGE_CURVE('',#3860,#3870,#3875,.T.);
#3877=ORIENTED_EDGE('',*,*,#3876,.T.);
#3878=CARTESIAN_POINT('',(-78.487277966,38.933140268,-4.575194778));
#3879=VERTEX_POINT('',#3878);
#3880=CARTESIAN_POINT('',(-78.987277966,38.933140268,-4.575194778));
#3881=DIRECTION('',(0.,0.121869343,0.992546152));
#3882=DIRECTION('',(0.000333587,-0.992546096,0.121869336));
#3883=AXIS2_PLACEMENT_3D('',#3880,#3881,#3882);
#3884=ELLIPSE('',#3883,0.500000053,0.5);
#3885=EDGE_CURVE('',#3870,#3879,#3884,.T.);
#3886=ORIENTED_EDGE('',*,*,#3885,.T.);
#3887=CARTESIAN_POINT('',(-78.487277967,47.866057114,-5.672019045));
#3888=VERTEX_POINT('',#3887);
#3889=CARTESIAN_POINT('',(-78.487277967,47.866057114,-5.672019045));
#3890=DIRECTION('',(0.,-0.992546152,0.121869343));
#3891=VECTOR('',#3890,9.000001492);
#3892=LINE('',#3889,#3891);
#3893=EDGE_CURVE('',#3888,#3879,#3892,.T.);
#3894=ORIENTED_EDGE('',*,*,#3893,.F.);
#3895=CARTESIAN_POINT('',(-78.987277967,48.362330243,-5.732953723));
#3896=VERTEX_POINT('',#3895);
#3897=CARTESIAN_POINT('',(-78.987277967,47.866057114,-5.672019045));
#3898=DIRECTION('',(0.,0.121869343,0.992546152));
#3899=DIRECTION('',(0.000333587,-0.992546096,0.121869336));
#3900=AXIS2_PLACEMENT_3D('',#3897,#3898,#3899);
#3901=ELLIPSE('',#3900,0.500000053,0.5);
#3902=EDGE_CURVE('',#3888,#3896,#3901,.T.);
#3903=ORIENTED_EDGE('',*,*,#3902,.T.);
#3904=CARTESIAN_POINT('',(-78.987277967,47.866057114,-5.672019045));
#3905=DIRECTION('',(0.,0.121869343,0.992546152));
#3906=DIRECTION('',(0.000333587,-0.992546096,0.121869336));
#3907=AXIS2_PLACEMENT_3D('',#3904,#3905,#3906);
#3908=ELLIPSE('',#3907,0.500000053,0.5);
#3909=EDGE_CURVE('',#3896,#3862,#3908,.T.);
#3910=ORIENTED_EDGE('',*,*,#3909,.T.);
#3911=EDGE_LOOP('',(#3868,#3877,#3886,#3894,#3903,#3910));
#3912=FACE_BOUND('',#3911,.T.);
#3913=ADVANCED_FACE('',(#3032,#3142,#3242,#3452,#3520,#3602,#3672,#3770,#3804,#3858,#3912),#2913,.F.);
#3914=CARTESIAN_POINT('',(76.987613122,16.655335485,2.670075373));
#3915=DIRECTION('',(-1.,0.,0.));
#3916=DIRECTION('',(0.,0.,1.));
#3917=AXIS2_PLACEMENT_3D('',#3914,#3915,#3916);
#3918=PLANE('',#3917);
#3919=ORIENTED_EDGE('',*,*,#1044,.T.);
#3920=CARTESIAN_POINT('',(76.987613122,44.899931848,-2.382658673));
#3921=VERTEX_POINT('',#3920);
#3922=CARTESIAN_POINT('',(76.987613122,46.375698831,0.89342255));
#3923=DIRECTION('',(-0.,-0.410718853,-0.911762044));
#3924=VECTOR('',#3923,3.593131833);
#3925=LINE('',#3922,#3924);
#3926=EDGE_CURVE('',#1031,#3921,#3925,.T.);
#3927=ORIENTED_EDGE('',*,*,#3926,.T.);
#3928=CARTESIAN_POINT('',(76.987613122,44.899931848,-2.382658673));
#3929=DIRECTION('',(-0.,-0.748955721,-0.662620048));
#3930=VECTOR('',#3929,0.883818474);
#3931=LINE('',#3928,#3930);
#3932=EDGE_CURVE('',#3921,#918,#3931,.T.);
#3933=ORIENTED_EDGE('',*,*,#3932,.T.);
#3934=ORIENTED_EDGE('',*,*,#925,.T.);
#3935=CARTESIAN_POINT('',(76.987613122,-4.844664515,3.059688171));
#3936=DIRECTION('',(0.,0.649448048,-0.760405966));
#3937=VECTOR('',#3936,0.002042699);
#3938=LINE('',#3935,#3937);
#3939=EDGE_CURVE('',#202,#920,#3938,.T.);
#3940=ORIENTED_EDGE('',*,*,#3939,.F.);
#3941=ORIENTED_EDGE('',*,*,#207,.T.);
#3942=CARTESIAN_POINT('',(76.987613122,-4.844664515,6.870075373));
#3943=DIRECTION('',(0.,1.,-0.));
#3944=VECTOR('',#3943,51.220363346);
#3945=LINE('',#3942,#3944);
#3946=EDGE_CURVE('',#79,#1039,#3945,.T.);
#3947=ORIENTED_EDGE('',*,*,#3946,.T.);
#3948=EDGE_LOOP('',(#3919,#3927,#3933,#3934,#3940,#3941,#3947));
#3949=FACE_BOUND('',#3948,.T.);
#3950=ADVANCED_FACE('',(#3949),#3918,.T.);
#3951=CARTESIAN_POINT('',(0.2,52.575698831,17.270064071));
#3952=DIRECTION('',(0.,-1.,0.));
#3953=DIRECTION('',(0.,-0.,-1.));
#3954=AXIS2_PLACEMENT_3D('',#3951,#3952,#3953);
#3955=PLANE('',#3954);
#3956=CARTESIAN_POINT('',(-6.6,52.575698831,10.870064071));
#3957=VERTEX_POINT('',#3956);
#3958=CARTESIAN_POINT('',(-5.8,52.575698831,10.070064071));
#3959=VERTEX_POINT('',#3958);
#3960=CARTESIAN_POINT('',(-5.8,52.575698831,10.870064071));
#3961=DIRECTION('',(0.,-1.,0.));
#3962=DIRECTION('',(0.,-0.,-1.));
#3963=AXIS2_PLACEMENT_3D('',#3960,#3961,#3962);
#3964=CIRCLE('',#3963,0.8);
#3965=EDGE_CURVE('',#3957,#3959,#3964,.T.);
#3966=ORIENTED_EDGE('',*,*,#3965,.T.);
#3967=CARTESIAN_POINT('',(6.2,52.575698831,10.070064071));
#3968=VERTEX_POINT('',#3967);
#3969=CARTESIAN_POINT('',(-5.8,52.575698831,10.070064071));
#3970=DIRECTION('',(1.,0.,-0.));
#3971=VECTOR('',#3970,12.);
#3972=LINE('',#3969,#3971);
#3973=EDGE_CURVE('',#3959,#3968,#3972,.T.);
#3974=ORIENTED_EDGE('',*,*,#3973,.T.);
#3975=CARTESIAN_POINT('',(7.,52.575698831,10.870064071));
#3976=VERTEX_POINT('',#3975);
#3977=CARTESIAN_POINT('',(6.2,52.575698831,10.870064071));
#3978=DIRECTION('',(0.,-1.,0.));
#3979=DIRECTION('',(0.,-0.,-1.));
#3980=AXIS2_PLACEMENT_3D('',#3977,#3978,#3979);
#3981=CIRCLE('',#3980,0.8);
#3982=EDGE_CURVE('',#3968,#3976,#3981,.T.);
#3983=ORIENTED_EDGE('',*,*,#3982,.T.);
#3984=CARTESIAN_POINT('',(7.,52.575698831,16.270075373));
#3985=VERTEX_POINT('',#3984);
#3986=CARTESIAN_POINT('',(7.,52.575698831,10.870064071));
#3987=DIRECTION('',(0.,0.,1.));
#3988=VECTOR('',#3987,5.400011302);
#3989=LINE('',#3986,#3988);
#3990=EDGE_CURVE('',#3976,#3985,#3989,.T.);
#3991=ORIENTED_EDGE('',*,*,#3990,.T.);
#3992=CARTESIAN_POINT('',(6.2,52.575698831,17.070075373));
#3993=VERTEX_POINT('',#3992);
#3994=CARTESIAN_POINT('',(6.2,52.575698831,16.270075373));
#3995=DIRECTION('',(0.,-1.,0.));
#3996=DIRECTION('',(0.,-0.,-1.));
#3997=AXIS2_PLACEMENT_3D('',#3994,#3995,#3996);
#3998=CIRCLE('',#3997,0.8);
#3999=EDGE_CURVE('',#3985,#3993,#3998,.T.);
#4000=ORIENTED_EDGE('',*,*,#3999,.T.);
#4001=CARTESIAN_POINT('',(-5.8,52.575698831,17.070075373));
#4002=VERTEX_POINT('',#4001);
#4003=CARTESIAN_POINT('',(6.2,52.575698831,17.070075373));
#4004=DIRECTION('',(-1.,0.,0.));
#4005=VECTOR('',#4004,12.);
#4006=LINE('',#4003,#4005);
#4007=EDGE_CURVE('',#3993,#4002,#4006,.T.);
#4008=ORIENTED_EDGE('',*,*,#4007,.T.);
#4009=CARTESIAN_POINT('',(-6.6,52.575698831,16.270075373));
#4010=VERTEX_POINT('',#4009);
#4011=CARTESIAN_POINT('',(-5.8,52.575698831,16.270075373));
#4012=DIRECTION('',(0.,-1.,0.));
#4013=DIRECTION('',(0.,-0.,-1.));
#4014=AXIS2_PLACEMENT_3D('',#4011,#4012,#4013);
#4015=CIRCLE('',#4014,0.8);
#4016=EDGE_CURVE('',#4002,#4010,#4015,.T.);
#4017=ORIENTED_EDGE('',*,*,#4016,.T.);
#4018=CARTESIAN_POINT('',(-6.6,52.575698831,16.270075373));
#4019=DIRECTION('',(0.,-0.,-1.));
#4020=VECTOR('',#4019,5.400011302);
#4021=LINE('',#4018,#4020);
#4022=EDGE_CURVE('',#4010,#3957,#4021,.T.);
#4023=ORIENTED_EDGE('',*,*,#4022,.T.);
#4024=EDGE_LOOP('',(#3966,#3974,#3983,#3991,#4000,#4008,#4017,#4023));
#4025=FACE_BOUND('',#4024,.T.);
#4026=CARTESIAN_POINT('',(-0.99521859,52.575698831,16.303866944));
#4027=VERTEX_POINT('',#4026);
#4028=CARTESIAN_POINT('',(1.00478141,52.575698831,16.303866944));
#4029=VERTEX_POINT('',#4028);
#4030=CARTESIAN_POINT('',(-0.99521859,52.575698831,16.303866944));
#4031=DIRECTION('',(1.,0.,-0.));
#4032=VECTOR('',#4031,2.);
#4033=LINE('',#4030,#4032);
#4034=EDGE_CURVE('',#4027,#4029,#4033,.T.);
#4035=ORIENTED_EDGE('',*,*,#4034,.T.);
#4036=CARTESIAN_POINT('',(1.50478141,52.575698831,15.803866944));
#4037=VERTEX_POINT('',#4036);
#4038=CARTESIAN_POINT('',(1.00478141,52.575698831,15.803866944));
#4039=DIRECTION('',(-0.,1.,-0.));
#4040=DIRECTION('',(0.,-0.,-1.));
#4041=AXIS2_PLACEMENT_3D('',#4038,#4039,#4040);
#4042=CIRCLE('',#4041,0.5);
#4043=EDGE_CURVE('',#4029,#4037,#4042,.T.);
#4044=ORIENTED_EDGE('',*,*,#4043,.T.);
#4045=CARTESIAN_POINT('',(1.50478141,52.575698831,14.803866944));
#4046=VERTEX_POINT('',#4045);
#4047=CARTESIAN_POINT('',(1.50478141,52.575698831,15.803866944));
#4048=DIRECTION('',(0.,-0.,-1.));
#4049=VECTOR('',#4048,1.);
#4050=LINE('',#4047,#4049);
#4051=EDGE_CURVE('',#4037,#4046,#4050,.T.);
#4052=ORIENTED_EDGE('',*,*,#4051,.T.);
#4053=CARTESIAN_POINT('',(1.00478141,52.575698831,14.303866944));
#4054=VERTEX_POINT('',#4053);
#4055=CARTESIAN_POINT('',(1.00478141,52.575698831,14.803866944));
#4056=DIRECTION('',(-0.,1.,-0.));
#4057=DIRECTION('',(0.,-0.,-1.));
#4058=AXIS2_PLACEMENT_3D('',#4055,#4056,#4057);
#4059=CIRCLE('',#4058,0.5);
#4060=EDGE_CURVE('',#4046,#4054,#4059,.T.);
#4061=ORIENTED_EDGE('',*,*,#4060,.T.);
#4062=CARTESIAN_POINT('',(-0.99521859,52.575698831,14.303866944));
#4063=VERTEX_POINT('',#4062);
#4064=CARTESIAN_POINT('',(1.00478141,52.575698831,14.303866944));
#4065=DIRECTION('',(-1.,0.,0.));
#4066=VECTOR('',#4065,2.);
#4067=LINE('',#4064,#4066);
#4068=EDGE_CURVE('',#4054,#4063,#4067,.T.);
#4069=ORIENTED_EDGE('',*,*,#4068,.T.);
#4070=CARTESIAN_POINT('',(-1.49521859,52.575698831,14.803866944));
#4071=VERTEX_POINT('',#4070);
#4072=CARTESIAN_POINT('',(-0.99521859,52.575698831,14.803866944));
#4073=DIRECTION('',(-0.,1.,-0.));
#4074=DIRECTION('',(0.,-0.,-1.));
#4075=AXIS2_PLACEMENT_3D('',#4072,#4073,#4074);
#4076=CIRCLE('',#4075,0.5);
#4077=EDGE_CURVE('',#4063,#4071,#4076,.T.);
#4078=ORIENTED_EDGE('',*,*,#4077,.T.);
#4079=CARTESIAN_POINT('',(-1.49521859,52.575698831,15.803866944));
#4080=VERTEX_POINT('',#4079);
#4081=CARTESIAN_POINT('',(-1.49521859,52.575698831,14.803866944));
#4082=DIRECTION('',(0.,0.,1.));
#4083=VECTOR('',#4082,1.);
#4084=LINE('',#4081,#4083);
#4085=EDGE_CURVE('',#4071,#4080,#4084,.T.);
#4086=ORIENTED_EDGE('',*,*,#4085,.T.);
#4087=CARTESIAN_POINT('',(-0.99521859,52.575698831,15.803866944));
#4088=DIRECTION('',(-0.,1.,-0.));
#4089=DIRECTION('',(0.,-0.,-1.));
#4090=AXIS2_PLACEMENT_3D('',#4087,#4088,#4089);
#4091=CIRCLE('',#4090,0.5);
#4092=EDGE_CURVE('',#4080,#4027,#4091,.T.);
#4093=ORIENTED_EDGE('',*,*,#4092,.T.);
#4094=EDGE_LOOP('',(#4035,#4044,#4052,#4061,#4069,#4078,#4086,#4093));
#4095=FACE_BOUND('',#4094,.T.);
#4096=ADVANCED_FACE('',(#4025,#4095),#3955,.T.);
#4097=CARTESIAN_POINT('',(-6.8,52.275698831,15.583964071));
#4098=DIRECTION('',(1.,0.,0.));
#4099=DIRECTION('',(0.,-0.,-1.));
#4100=AXIS2_PLACEMENT_3D('',#4097,#4098,#4099);
#4101=PLANE('',#4100);
#4102=CARTESIAN_POINT('',(-6.8,46.575698831,10.870064071));
#4103=VERTEX_POINT('',#4102);
#4104=CARTESIAN_POINT('',(-6.8,52.375698831,10.870064071));
#4105=VERTEX_POINT('',#4104);
#4106=CARTESIAN_POINT('',(-6.8,46.575698831,10.870064071));
#4107=DIRECTION('',(0.,1.,-0.));
#4108=VECTOR('',#4107,5.8);
#4109=LINE('',#4106,#4108);
#4110=EDGE_CURVE('',#4103,#4105,#4109,.T.);
#4111=ORIENTED_EDGE('',*,*,#4110,.T.);
#4112=CARTESIAN_POINT('',(-6.8,52.375698831,16.270075373));
#4113=VERTEX_POINT('',#4112);
#4114=CARTESIAN_POINT('',(-6.8,52.375698831,10.870064071));
#4115=DIRECTION('',(0.,0.,1.));
#4116=VECTOR('',#4115,5.400011302);
#4117=LINE('',#4114,#4116);
#4118=EDGE_CURVE('',#4105,#4113,#4117,.T.);
#4119=ORIENTED_EDGE('',*,*,#4118,.T.);
#4120=CARTESIAN_POINT('',(-6.8,46.575698831,16.270075373));
#4121=VERTEX_POINT('',#4120);
#4122=CARTESIAN_POINT('',(-6.8,52.375698831,16.270075373));
#4123=DIRECTION('',(-0.,-1.,0.));
#4124=VECTOR('',#4123,5.8);
#4125=LINE('',#4122,#4124);
#4126=EDGE_CURVE('',#4113,#4121,#4125,.T.);
#4127=ORIENTED_EDGE('',*,*,#4126,.T.);
#4128=CARTESIAN_POINT('',(-6.8,46.575698831,16.270075373));
#4129=DIRECTION('',(0.,-0.,-1.));
#4130=VECTOR('',#4129,5.400011302);
#4131=LINE('',#4128,#4130);
#4132=EDGE_CURVE('',#4121,#4103,#4131,.T.);
#4133=ORIENTED_EDGE('',*,*,#4132,.T.);
#4134=EDGE_LOOP('',(#4111,#4119,#4127,#4133));
#4135=FACE_BOUND('',#4134,.T.);
#4136=CARTESIAN_POINT('',(-6.8,47.042856119,15.945069722));
#4137=VERTEX_POINT('',#4136);
#4138=CARTESIAN_POINT('',(-6.8,48.108541544,15.945069722));
#4139=VERTEX_POINT('',#4138);
#4140=CARTESIAN_POINT('',(-6.8,47.042856119,15.945069722));
#4141=DIRECTION('',(0.,1.,0.));
#4142=VECTOR('',#4141,1.065685425);
#4143=LINE('',#4140,#4142);
#4144=EDGE_CURVE('',#4137,#4139,#4143,.T.);
#4145=ORIENTED_EDGE('',*,*,#4144,.T.);
#4146=CARTESIAN_POINT('',(-6.8,48.108541544,11.295069722));
#4147=VERTEX_POINT('',#4146);
#4148=CARTESIAN_POINT('',(-6.8,48.108541544,15.945069722));
#4149=DIRECTION('',(-0.,-0.,-1.));
#4150=VECTOR('',#4149,4.65);
#4151=LINE('',#4148,#4150);
#4152=EDGE_CURVE('',#4139,#4147,#4151,.T.);
#4153=ORIENTED_EDGE('',*,*,#4152,.T.);
#4154=CARTESIAN_POINT('',(-6.8,47.042856119,11.295069722));
#4155=VERTEX_POINT('',#4154);
#4156=CARTESIAN_POINT('',(-6.8,48.108541544,11.295069722));
#4157=DIRECTION('',(0.,-1.,0.));
#4158=VECTOR('',#4157,1.065685425);
#4159=LINE('',#4156,#4158);
#4160=EDGE_CURVE('',#4147,#4155,#4159,.T.);
#4161=ORIENTED_EDGE('',*,*,#4160,.T.);
#4162=CARTESIAN_POINT('',(-6.8,47.042856119,11.295069722));
#4163=DIRECTION('',(-0.,-0.,1.));
#4164=VECTOR('',#4163,4.65);
#4165=LINE('',#4162,#4164);
#4166=EDGE_CURVE('',#4155,#4137,#4165,.T.);
#4167=ORIENTED_EDGE('',*,*,#4166,.T.);
#4168=EDGE_LOOP('',(#4145,#4153,#4161,#4167));
#4169=FACE_BOUND('',#4168,.T.);
#4170=ADVANCED_FACE('',(#4135,#4169),#4101,.T.);
#4171=CARTESIAN_POINT('',(7.2,52.275698831,15.583964071));
#4172=DIRECTION('',(-1.,0.,0.));
#4173=DIRECTION('',(0.,0.,1.));
#4174=AXIS2_PLACEMENT_3D('',#4171,#4172,#4173);
#4175=PLANE('',#4174);
#4176=CARTESIAN_POINT('',(7.2,46.575698831,16.270075373));
#4177=VERTEX_POINT('',#4176);
#4178=CARTESIAN_POINT('',(7.2,52.375698831,16.270075373));
#4179=VERTEX_POINT('',#4178);
#4180=CARTESIAN_POINT('',(7.2,46.575698831,16.270075373));
#4181=DIRECTION('',(0.,1.,-0.));
#4182=VECTOR('',#4181,5.8);
#4183=LINE('',#4180,#4182);
#4184=EDGE_CURVE('',#4177,#4179,#4183,.T.);
#4185=ORIENTED_EDGE('',*,*,#4184,.T.);
#4186=CARTESIAN_POINT('',(7.2,52.375698831,10.870064071));
#4187=VERTEX_POINT('',#4186);
#4188=CARTESIAN_POINT('',(7.2,52.375698831,16.270075373));
#4189=DIRECTION('',(0.,-0.,-1.));
#4190=VECTOR('',#4189,5.400011302);
#4191=LINE('',#4188,#4190);
#4192=EDGE_CURVE('',#4179,#4187,#4191,.T.);
#4193=ORIENTED_EDGE('',*,*,#4192,.T.);
#4194=CARTESIAN_POINT('',(7.2,46.575698831,10.870064071));
#4195=VERTEX_POINT('',#4194);
#4196=CARTESIAN_POINT('',(7.2,52.375698831,10.870064071));
#4197=DIRECTION('',(-0.,-1.,0.));
#4198=VECTOR('',#4197,5.8);
#4199=LINE('',#4196,#4198);
#4200=EDGE_CURVE('',#4187,#4195,#4199,.T.);
#4201=ORIENTED_EDGE('',*,*,#4200,.T.);
#4202=CARTESIAN_POINT('',(7.2,46.575698831,10.870064071));
#4203=DIRECTION('',(0.,0.,1.));
#4204=VECTOR('',#4203,5.400011302);
#4205=LINE('',#4202,#4204);
#4206=EDGE_CURVE('',#4195,#4177,#4205,.T.);
#4207=ORIENTED_EDGE('',*,*,#4206,.T.);
#4208=EDGE_LOOP('',(#4185,#4193,#4201,#4207));
#4209=FACE_BOUND('',#4208,.T.);
#4210=CARTESIAN_POINT('',(7.2,48.108541544,15.945069722));
#4211=VERTEX_POINT('',#4210);
#4212=CARTESIAN_POINT('',(7.2,47.042856119,15.945069722));
#4213=VERTEX_POINT('',#4212);
#4214=CARTESIAN_POINT('',(7.2,48.108541544,15.945069722));
#4215=DIRECTION('',(0.,-1.,0.));
#4216=VECTOR('',#4215,1.065685425);
#4217=LINE('',#4214,#4216);
#4218=EDGE_CURVE('',#4211,#4213,#4217,.T.);
#4219=ORIENTED_EDGE('',*,*,#4218,.T.);
#4220=CARTESIAN_POINT('',(7.2,47.042856119,11.295069722));
#4221=VERTEX_POINT('',#4220);
#4222=CARTESIAN_POINT('',(7.2,47.042856119,15.945069722));
#4223=DIRECTION('',(-0.,-0.,-1.));
#4224=VECTOR('',#4223,4.65);
#4225=LINE('',#4222,#4224);
#4226=EDGE_CURVE('',#4213,#4221,#4225,.T.);
#4227=ORIENTED_EDGE('',*,*,#4226,.T.);
#4228=CARTESIAN_POINT('',(7.2,48.108541544,11.295069722));
#4229=VERTEX_POINT('',#4228);
#4230=CARTESIAN_POINT('',(7.2,47.042856119,11.295069722));
#4231=DIRECTION('',(0.,1.,0.));
#4232=VECTOR('',#4231,1.065685425);
#4233=LINE('',#4230,#4232);
#4234=EDGE_CURVE('',#4221,#4229,#4233,.T.);
#4235=ORIENTED_EDGE('',*,*,#4234,.T.);
#4236=CARTESIAN_POINT('',(7.2,48.108541544,11.295069722));
#4237=DIRECTION('',(-0.,-0.,1.));
#4238=VECTOR('',#4237,4.65);
#4239=LINE('',#4236,#4238);
#4240=EDGE_CURVE('',#4229,#4211,#4239,.T.);
#4241=ORIENTED_EDGE('',*,*,#4240,.T.);
#4242=EDGE_LOOP('',(#4219,#4227,#4235,#4241));
#4243=FACE_BOUND('',#4242,.T.);
#4244=ADVANCED_FACE('',(#4209,#4243),#4175,.T.);
#4245=CARTESIAN_POINT('',(0.2,52.275698831,9.870064071));
#4246=DIRECTION('',(0.,0.,1.));
#4247=DIRECTION('',(1.,0.,0.));
#4248=AXIS2_PLACEMENT_3D('',#4245,#4246,#4247);
#4249=PLANE('',#4248);
#4250=CARTESIAN_POINT('',(6.2,46.575698831,9.870064071));
#4251=VERTEX_POINT('',#4250);
#4252=CARTESIAN_POINT('',(6.2,52.375698831,9.870064071));
#4253=VERTEX_POINT('',#4252);
#4254=CARTESIAN_POINT('',(6.2,46.575698831,9.870064071));
#4255=DIRECTION('',(0.,1.,-0.));
#4256=VECTOR('',#4255,5.8);
#4257=LINE('',#4254,#4256);
#4258=EDGE_CURVE('',#4251,#4253,#4257,.T.);
#4259=ORIENTED_EDGE('',*,*,#4258,.T.);
#4260=CARTESIAN_POINT('',(-5.8,52.375698831,9.870064071));
#4261=VERTEX_POINT('',#4260);
#4262=CARTESIAN_POINT('',(6.2,52.375698831,9.870064071));
#4263=DIRECTION('',(-1.,0.,0.));
#4264=VECTOR('',#4263,12.);
#4265=LINE('',#4262,#4264);
#4266=EDGE_CURVE('',#4253,#4261,#4265,.T.);
#4267=ORIENTED_EDGE('',*,*,#4266,.T.);
#4268=CARTESIAN_POINT('',(-5.8,46.575698831,9.870064071));
#4269=VERTEX_POINT('',#4268);
#4270=CARTESIAN_POINT('',(-5.8,52.375698831,9.870064071));
#4271=DIRECTION('',(-0.,-1.,0.));
#4272=VECTOR('',#4271,5.8);
#4273=LINE('',#4270,#4272);
#4274=EDGE_CURVE('',#4261,#4269,#4273,.T.);
#4275=ORIENTED_EDGE('',*,*,#4274,.T.);
#4276=CARTESIAN_POINT('',(-5.8,46.575698831,9.870064071));
#4277=DIRECTION('',(1.,0.,-0.));
#4278=VECTOR('',#4277,12.);
#4279=LINE('',#4276,#4278);
#4280=EDGE_CURVE('',#4269,#4251,#4279,.T.);
#4281=ORIENTED_EDGE('',*,*,#4280,.T.);
#4282=EDGE_LOOP('',(#4259,#4267,#4275,#4281));
#4283=FACE_BOUND('',#4282,.T.);
#4284=ADVANCED_FACE('',(#4283),#4249,.T.);
#4285=CARTESIAN_POINT('',(-86.657613122,-1.344664515,-0.312744411));
#4286=DIRECTION('',(-1.,0.,0.));
#4287=DIRECTION('',(0.,-1.,0.));
#4288=AXIS2_PLACEMENT_3D('',#4285,#4286,#4287);
#4289=PLANE('',#4288);
#4290=CARTESIAN_POINT('',(-86.657613122,51.509974233,-5.615680894));
#4291=VERTEX_POINT('',#4290);
#4292=CARTESIAN_POINT('',(-86.657613122,-10.107569834,1.950002171));
#4293=VERTEX_POINT('',#4292);
#4294=CARTESIAN_POINT('',(-86.657613122,51.509974233,-5.615680894));
#4295=DIRECTION('',(0.,-0.992546152,0.121869343));
#4296=VECTOR('',#4295,62.080281065);
#4297=LINE('',#4294,#4296);
#4298=EDGE_CURVE('',#4291,#4293,#4297,.T.);
#4299=ORIENTED_EDGE('',*,*,#4298,.T.);
#4300=CARTESIAN_POINT('',(-86.657613122,-7.262960659,5.340075373));
#4301=VERTEX_POINT('',#4300);
#4302=CARTESIAN_POINT('',(-86.657613122,-10.107569834,1.950002171));
#4303=DIRECTION('',(0.,0.64278761,0.766044443));
#4304=VECTOR('',#4303,4.425426271);
#4305=LINE('',#4302,#4304);
#4306=EDGE_CURVE('',#4293,#4301,#4305,.T.);
#4307=ORIENTED_EDGE('',*,*,#4306,.T.);
#4308=CARTESIAN_POINT('',(-86.657613122,-3.103365058,5.340075373));
#4309=VERTEX_POINT('',#4308);
#4310=CARTESIAN_POINT('',(-86.657613122,-3.103365058,5.340075373));
#4311=DIRECTION('',(-0.,-1.,0.));
#4312=VECTOR('',#4311,4.159595601);
#4313=LINE('',#4310,#4312);
#4314=EDGE_CURVE('',#4309,#4301,#4313,.T.);
#4315=ORIENTED_EDGE('',*,*,#4314,.F.);
#4316=CARTESIAN_POINT('',(-86.657613122,-3.103365058,2.601258704));
#4317=VERTEX_POINT('',#4316);
#4318=CARTESIAN_POINT('',(-86.657613122,-3.103365058,5.340075373));
#4319=DIRECTION('',(-0.,-0.,-1.));
#4320=VECTOR('',#4319,2.738816669);
#4321=LINE('',#4318,#4320);
#4322=EDGE_CURVE('',#4309,#4317,#4321,.T.);
#4323=ORIENTED_EDGE('',*,*,#4322,.T.);
#4324=CARTESIAN_POINT('',(-86.657613122,41.425698832,-2.866222833));
#4325=VERTEX_POINT('',#4324);
#4326=CARTESIAN_POINT('',(-86.657613122,41.425698832,-2.866222833));
#4327=DIRECTION('',(-0.,-0.992546152,0.121869343));
#4328=VECTOR('',#4327,44.863469385);
#4329=LINE('',#4326,#4328);
#4330=EDGE_CURVE('',#4325,#4317,#4329,.T.);
#4331=ORIENTED_EDGE('',*,*,#4330,.F.);
#4332=CARTESIAN_POINT('',(-86.657613122,41.425698831,5.340075373));
#4333=VERTEX_POINT('',#4332);
#4334=CARTESIAN_POINT('',(-86.657613122,41.425698831,-2.866222833));
#4335=DIRECTION('',(0.,0.,1.));
#4336=VECTOR('',#4335,8.206298207);
#4337=LINE('',#4334,#4336);
#4338=EDGE_CURVE('',#4325,#4333,#4337,.T.);
#4339=ORIENTED_EDGE('',*,*,#4338,.T.);
#4340=CARTESIAN_POINT('',(-86.657613122,47.925698831,5.340075373));
#4341=VERTEX_POINT('',#4340);
#4342=CARTESIAN_POINT('',(-86.657613122,47.925698831,5.340075373));
#4343=DIRECTION('',(-0.,-1.,0.));
#4344=VECTOR('',#4343,6.5);
#4345=LINE('',#4342,#4344);
#4346=EDGE_CURVE('',#4341,#4333,#4345,.T.);
#4347=ORIENTED_EDGE('',*,*,#4346,.F.);
#4348=CARTESIAN_POINT('',(-86.657613122,47.925698831,18.270075373));
#4349=VERTEX_POINT('',#4348);
#4350=CARTESIAN_POINT('',(-86.657613122,47.925698831,18.270075373));
#4351=DIRECTION('',(0.,-0.,-1.));
#4352=VECTOR('',#4351,12.93);
#4353=LINE('',#4350,#4352);
#4354=EDGE_CURVE('',#4349,#4341,#4353,.T.);
#4355=ORIENTED_EDGE('',*,*,#4354,.F.);
#4356=CARTESIAN_POINT('',(-86.657613122,51.825698831,18.270075373));
#4357=VERTEX_POINT('',#4356);
#4358=CARTESIAN_POINT('',(-86.657613122,47.925698831,18.270075373));
#4359=DIRECTION('',(-0.,1.,-0.));
#4360=VECTOR('',#4359,3.9);
#4361=LINE('',#4358,#4360);
#4362=EDGE_CURVE('',#4349,#4357,#4361,.T.);
#4363=ORIENTED_EDGE('',*,*,#4362,.T.);
#4364=CARTESIAN_POINT('',(-86.657613122,51.825698831,4.840075373));
#4365=VERTEX_POINT('',#4364);
#4366=CARTESIAN_POINT('',(-86.657613122,51.825698831,18.270075373));
#4367=DIRECTION('',(-0.,-0.,-1.));
#4368=VECTOR('',#4367,13.43);
#4369=LINE('',#4366,#4368);
#4370=EDGE_CURVE('',#4357,#4365,#4369,.T.);
#4371=ORIENTED_EDGE('',*,*,#4370,.T.);
#4372=CARTESIAN_POINT('',(-86.657613122,52.875698831,4.840075373));
#4373=VERTEX_POINT('',#4372);
#4374=CARTESIAN_POINT('',(-86.657613122,51.825698831,4.840075373));
#4375=DIRECTION('',(-0.,1.,-0.));
#4376=VECTOR('',#4375,1.05);
#4377=LINE('',#4374,#4376);
#4378=EDGE_CURVE('',#4365,#4373,#4377,.T.);
#4379=ORIENTED_EDGE('',*,*,#4378,.T.);
#4380=CARTESIAN_POINT('',(-86.657613122,52.875698831,-4.449241893));
#4381=VERTEX_POINT('',#4380);
#4382=CARTESIAN_POINT('',(-86.657613122,52.875698831,4.840075373));
#4383=DIRECTION('',(-0.,-0.,-1.));
#4384=VECTOR('',#4383,9.289317266);
#4385=LINE('',#4382,#4384);
#4386=EDGE_CURVE('',#4373,#4381,#4385,.T.);
#4387=ORIENTED_EDGE('',*,*,#4386,.T.);
#4388=CARTESIAN_POINT('',(-86.657613122,52.875698831,-4.449241893));
#4389=DIRECTION('',(0.,-0.760405966,-0.649448048));
#4390=VECTOR('',#4389,1.796046664);
#4391=LINE('',#4388,#4390);
#4392=EDGE_CURVE('',#4381,#4291,#4391,.T.);
#4393=ORIENTED_EDGE('',*,*,#4392,.T.);
#4394=EDGE_LOOP('',(#4299,#4307,#4315,#4323,#4331,#4339,#4347,#4355,#4363,#4371,#4379,#4387,#4393));
#4395=FACE_BOUND('',#4394,.T.);
#4396=ADVANCED_FACE('',(#4395),#4289,.T.);
#4397=CARTESIAN_POINT('',(87.087613122,-1.344664515,-0.312744411));
#4398=DIRECTION('',(1.,0.,0.));
#4399=DIRECTION('',(0.,1.,-0.));
#4400=AXIS2_PLACEMENT_3D('',#4397,#4398,#4399);
#4401=PLANE('',#4400);
#4402=CARTESIAN_POINT('',(87.087613122,-7.262960669,5.340075373));
#4403=VERTEX_POINT('',#4402);
#4404=CARTESIAN_POINT('',(87.087613122,-10.107569839,1.950002175));
#4405=VERTEX_POINT('',#4404);
#4406=CARTESIAN_POINT('',(87.087613122,-7.262960669,5.340075373));
#4407=DIRECTION('',(0.,-0.64278761,-0.766044443));
#4408=VECTOR('',#4407,4.425426265);
#4409=LINE('',#4406,#4408);
#4410=EDGE_CURVE('',#4403,#4405,#4409,.T.);
#4411=ORIENTED_EDGE('',*,*,#4410,.T.);
#4412=CARTESIAN_POINT('',(87.087613122,51.509974221,-5.615680916));
#4413=VERTEX_POINT('',#4412);
#4414=CARTESIAN_POINT('',(87.087613122,-10.10756984,1.950002167));
#4415=DIRECTION('',(0.,0.992546152,-0.121869343));
#4416=VECTOR('',#4415,62.080281062);
#4417=LINE('',#4414,#4416);
#4418=EDGE_CURVE('',#4405,#4413,#4417,.T.);
#4419=ORIENTED_EDGE('',*,*,#4418,.T.);
#4420=CARTESIAN_POINT('',(87.087613122,52.875698831,-4.449241893));
#4421=VERTEX_POINT('',#4420);
#4422=CARTESIAN_POINT('',(87.087613122,51.509974215,-5.615680909));
#4423=DIRECTION('',(0.,0.760405966,0.649448048));
#4424=VECTOR('',#4423,1.796046688);
#4425=LINE('',#4422,#4424);
#4426=EDGE_CURVE('',#4413,#4421,#4425,.T.);
#4427=ORIENTED_EDGE('',*,*,#4426,.T.);
#4428=CARTESIAN_POINT('',(87.087613122,52.875698831,4.840075373));
#4429=VERTEX_POINT('',#4428);
#4430=CARTESIAN_POINT('',(87.087613122,52.875698831,-4.449241893));
#4431=DIRECTION('',(0.,0.,1.));
#4432=VECTOR('',#4431,9.289317266);
#4433=LINE('',#4430,#4432);
#4434=EDGE_CURVE('',#4421,#4429,#4433,.T.);
#4435=ORIENTED_EDGE('',*,*,#4434,.T.);
#4436=CARTESIAN_POINT('',(87.087613122,51.825698831,4.840075373));
#4437=VERTEX_POINT('',#4436);
#4438=CARTESIAN_POINT('',(87.087613122,52.875698831,4.840075373));
#4439=DIRECTION('',(-0.,-1.,0.));
#4440=VECTOR('',#4439,1.05);
#4441=LINE('',#4438,#4440);
#4442=EDGE_CURVE('',#4429,#4437,#4441,.T.);
#4443=ORIENTED_EDGE('',*,*,#4442,.T.);
#4444=CARTESIAN_POINT('',(87.087613122,51.825698831,18.270075373));
#4445=VERTEX_POINT('',#4444);
#4446=CARTESIAN_POINT('',(87.087613122,51.825698831,18.270075373));
#4447=DIRECTION('',(-0.,-0.,-1.));
#4448=VECTOR('',#4447,13.43);
#4449=LINE('',#4446,#4448);
#4450=EDGE_CURVE('',#4445,#4437,#4449,.T.);
#4451=ORIENTED_EDGE('',*,*,#4450,.F.);
#4452=CARTESIAN_POINT('',(87.087613122,47.925698831,18.270075373));
#4453=VERTEX_POINT('',#4452);
#4454=CARTESIAN_POINT('',(87.087613122,47.925698831,18.270075373));
#4455=DIRECTION('',(-0.,1.,-0.));
#4456=VECTOR('',#4455,3.9);
#4457=LINE('',#4454,#4456);
#4458=EDGE_CURVE('',#4453,#4445,#4457,.T.);
#4459=ORIENTED_EDGE('',*,*,#4458,.F.);
#4460=CARTESIAN_POINT('',(87.087613122,47.925698831,5.340075373));
#4461=VERTEX_POINT('',#4460);
#4462=CARTESIAN_POINT('',(87.087613122,47.925698831,5.340075373));
#4463=DIRECTION('',(0.,0.,1.));
#4464=VECTOR('',#4463,12.93);
#4465=LINE('',#4462,#4464);
#4466=EDGE_CURVE('',#4461,#4453,#4465,.T.);
#4467=ORIENTED_EDGE('',*,*,#4466,.F.);
#4468=CARTESIAN_POINT('',(87.087613122,41.425698831,5.340075373));
#4469=VERTEX_POINT('',#4468);
#4470=CARTESIAN_POINT('',(87.087613122,47.925698831,5.340075373));
#4471=DIRECTION('',(-0.,-1.,0.));
#4472=VECTOR('',#4471,6.5);
#4473=LINE('',#4470,#4472);
#4474=EDGE_CURVE('',#4461,#4469,#4473,.T.);
#4475=ORIENTED_EDGE('',*,*,#4474,.T.);
#4476=CARTESIAN_POINT('',(87.087613122,41.425698832,-2.866222843));
#4477=VERTEX_POINT('',#4476);
#4478=CARTESIAN_POINT('',(87.087613122,41.425698831,5.340075373));
#4479=DIRECTION('',(-0.,-0.,-1.));
#4480=VECTOR('',#4479,8.206298216);
#4481=LINE('',#4478,#4480);
#4482=EDGE_CURVE('',#4469,#4477,#4481,.T.);
#4483=ORIENTED_EDGE('',*,*,#4482,.T.);
#4484=CARTESIAN_POINT('',(87.087613122,-3.103365058,2.601258705));
#4485=VERTEX_POINT('',#4484);
#4486=CARTESIAN_POINT('',(87.087613122,41.42569883,-2.866222852));
#4487=DIRECTION('',(0.,-0.992546152,0.121869343));
#4488=VECTOR('',#4487,44.863469386);
#4489=LINE('',#4486,#4488);
#4490=EDGE_CURVE('',#4477,#4485,#4489,.T.);
#4491=ORIENTED_EDGE('',*,*,#4490,.T.);
#4492=CARTESIAN_POINT('',(87.087613122,-3.103365058,5.340075373));
#4493=VERTEX_POINT('',#4492);
#4494=CARTESIAN_POINT('',(87.087613122,-3.103365058,2.601258705));
#4495=DIRECTION('',(0.,0.,1.));
#4496=VECTOR('',#4495,2.738816669);
#4497=LINE('',#4494,#4496);
#4498=EDGE_CURVE('',#4485,#4493,#4497,.T.);
#4499=ORIENTED_EDGE('',*,*,#4498,.T.);
#4500=CARTESIAN_POINT('',(87.087613122,-3.103365058,5.340075373));
#4501=DIRECTION('',(-0.,-1.,0.));
#4502=VECTOR('',#4501,4.159595611);
#4503=LINE('',#4500,#4502);
#4504=EDGE_CURVE('',#4493,#4403,#4503,.T.);
#4505=ORIENTED_EDGE('',*,*,#4504,.T.);
#4506=EDGE_LOOP('',(#4411,#4419,#4427,#4435,#4443,#4451,#4459,#4467,#4475,#4483,#4491,#4499,#4505));
#4507=FACE_BOUND('',#4506,.T.);
#4508=ADVANCED_FACE('',(#4507),#4401,.T.);
#4509=CARTESIAN_POINT('',(87.087613122,-1.152430555,0.85044933));
#4510=DIRECTION('',(0.707106781,-0.086174639,-0.701836114));
#4511=DIRECTION('',(-0.,-0.992546152,0.121869343));
#4512=AXIS2_PLACEMENT_3D('',#4509,#4510,#4511);
#4513=PLANE('',#4512);
#4514=ORIENTED_EDGE('',*,*,#4418,.F.);
#4515=CARTESIAN_POINT('',(87.087613122,-10.10756984,1.950002174));
#4516=DIRECTION('',(-0.43064581,-0.83972141,-0.33077506));
#4517=VECTOR('',#4516,1.16104694);
#4518=LINE('',#4515,#4517);
#4519=EDGE_CURVE('',#4405,#3772,#4518,.T.);
#4520=ORIENTED_EDGE('',*,*,#4519,.T.);
#4521=ORIENTED_EDGE('',*,*,#3801,.F.);
#4522=CARTESIAN_POINT('',(86.587613132,51.667404932,-6.138765874));
#4523=DIRECTION('',(0.675181235,-0.212588519,0.706354317));
#4524=VECTOR('',#4523,0.740541891);
#4525=LINE('',#4522,#4524);
#4526=EDGE_CURVE('',#3790,#4413,#4525,.T.);
#4527=ORIENTED_EDGE('',*,*,#4526,.T.);
#4528=EDGE_LOOP('',(#4514,#4520,#4521,#4527));
#4529=FACE_BOUND('',#4528,.T.);
#4530=ADVANCED_FACE('',(#4529),#4513,.T.);
#4531=CARTESIAN_POINT('',(53.6197,50.144010826,13.254596904));
#4532=DIRECTION('',(1.,-0.,0.));
#4533=DIRECTION('',(0.,1.,-0.));
#4534=AXIS2_PLACEMENT_3D('',#4531,#4532,#4533);
#4535=PLANE('',#4534);
#4536=ORIENTED_EDGE('',*,*,#2698,.T.);
#4537=CARTESIAN_POINT('',(53.6197,53.375698831,13.970096903));
#4538=DIRECTION('',(-0.,-1.,0.));
#4539=VECTOR('',#4538,7.);
#4540=LINE('',#4537,#4539);
#4541=EDGE_CURVE('',#2684,#1111,#4540,.T.);
#4542=ORIENTED_EDGE('',*,*,#4541,.T.);
#4543=ORIENTED_EDGE('',*,*,#1116,.F.);
#4544=CARTESIAN_POINT('',(53.6197,46.375698831,16.070075373));
#4545=DIRECTION('',(0.,1.,-0.));
#4546=VECTOR('',#4545,7.);
#4547=LINE('',#4544,#4546);
#4548=EDGE_CURVE('',#1103,#2693,#4547,.T.);
#4549=ORIENTED_EDGE('',*,*,#4548,.T.);
#4550=EDGE_LOOP('',(#4536,#4542,#4543,#4549));
#4551=FACE_BOUND('',#4550,.T.);
#4552=ADVANCED_FACE('',(#4551),#4535,.F.);
#4553=CARTESIAN_POINT('',(-0.46499873,-1.968351169,18.270075373));
#4554=DIRECTION('',(0.,0.,1.));
#4555=DIRECTION('',(-1.,0.,0.));
#4556=AXIS2_PLACEMENT_3D('',#4553,#4554,#4555);
#4557=PLANE('',#4556);
#4558=CARTESIAN_POINT('',(-39.0803,46.875698831,18.270075373));
#4559=VERTEX_POINT('',#4558);
#4560=CARTESIAN_POINT('',(39.769,46.875698831,18.270075373));
#4561=VERTEX_POINT('',#4560);
#4562=CARTESIAN_POINT('',(-39.0803,46.875698831,18.270075373));
#4563=DIRECTION('',(1.,-0.,-0.));
#4564=VECTOR('',#4563,78.8493);
#4565=LINE('',#4562,#4564);
#4566=EDGE_CURVE('',#4559,#4561,#4565,.T.);
#4567=ORIENTED_EDGE('',*,*,#4566,.T.);
#4568=CARTESIAN_POINT('',(39.769,52.875698831,18.270075373));
#4569=VERTEX_POINT('',#4568);
#4570=CARTESIAN_POINT('',(39.769,46.875698831,18.270075373));
#4571=DIRECTION('',(0.,1.,-0.));
#4572=VECTOR('',#4571,6.);
#4573=LINE('',#4570,#4572);
#4574=EDGE_CURVE('',#4561,#4569,#4573,.T.);
#4575=ORIENTED_EDGE('',*,*,#4574,.T.);
#4576=CARTESIAN_POINT('',(-39.0803,52.875698831,18.270075373));
#4577=VERTEX_POINT('',#4576);
#4578=CARTESIAN_POINT('',(39.769,52.875698831,18.270075373));
#4579=DIRECTION('',(-1.,0.,0.));
#4580=VECTOR('',#4579,78.8493);
#4581=LINE('',#4578,#4580);
#4582=EDGE_CURVE('',#4569,#4577,#4581,.T.);
#4583=ORIENTED_EDGE('',*,*,#4582,.T.);
#4584=CARTESIAN_POINT('',(-39.0803,52.875698831,18.270075373));
#4585=DIRECTION('',(-0.,-1.,0.));
#4586=VECTOR('',#4585,6.);
#4587=LINE('',#4584,#4586);
#4588=EDGE_CURVE('',#4577,#4559,#4587,.T.);
#4589=ORIENTED_EDGE('',*,*,#4588,.T.);
#4590=EDGE_LOOP('',(#4567,#4575,#4583,#4589));
#4591=FACE_BOUND('',#4590,.T.);
#4592=ADVANCED_FACE('',(#4591),#4557,.T.);
#4593=CARTESIAN_POINT('',(-41.2803,50.170832916,13.254596904));
#4594=DIRECTION('',(1.,-0.,0.));
#4595=DIRECTION('',(0.,1.,-0.));
#4596=AXIS2_PLACEMENT_3D('',#4593,#4594,#4595);
#4597=PLANE('',#4596);
#4598=ORIENTED_EDGE('',*,*,#2828,.T.);
#4599=CARTESIAN_POINT('',(-41.2803,53.375698831,13.970096903));
#4600=DIRECTION('',(-0.,-1.,0.));
#4601=VECTOR('',#4600,7.);
#4602=LINE('',#4599,#4601);
#4603=EDGE_CURVE('',#2814,#1177,#4602,.T.);
#4604=ORIENTED_EDGE('',*,*,#4603,.T.);
#4605=ORIENTED_EDGE('',*,*,#1182,.T.);
#4606=CARTESIAN_POINT('',(-41.2803,46.375698831,16.070075373));
#4607=DIRECTION('',(0.,1.,-0.));
#4608=VECTOR('',#4607,7.);
#4609=LINE('',#4606,#4608);
#4610=EDGE_CURVE('',#1169,#2823,#4609,.T.);
#4611=ORIENTED_EDGE('',*,*,#4610,.T.);
#4612=EDGE_LOOP('',(#4598,#4604,#4605,#4611));
#4613=FACE_BOUND('',#4612,.T.);
#4614=ADVANCED_FACE('',(#4613),#4597,.F.);
#4615=CARTESIAN_POINT('',(-0.46499873,-1.968351169,18.270075373));
#4616=DIRECTION('',(0.,0.,1.));
#4617=DIRECTION('',(-1.,0.,0.));
#4618=AXIS2_PLACEMENT_3D('',#4615,#4616,#4617);
#4619=PLANE('',#4618);
#4620=CARTESIAN_POINT('',(-82.157613122,46.875698831,18.270075373));
#4621=VERTEX_POINT('',#4620);
#4622=CARTESIAN_POINT('',(-55.131,46.875698831,18.270075373));
#4623=VERTEX_POINT('',#4622);
#4624=CARTESIAN_POINT('',(-82.157613122,46.875698831,18.270075373));
#4625=DIRECTION('',(1.,-0.,-0.));
#4626=VECTOR('',#4625,27.026613122);
#4627=LINE('',#4624,#4626);
#4628=EDGE_CURVE('',#4621,#4623,#4627,.T.);
#4629=ORIENTED_EDGE('',*,*,#4628,.T.);
#4630=CARTESIAN_POINT('',(-55.131,52.875698831,18.270075373));
#4631=VERTEX_POINT('',#4630);
#4632=CARTESIAN_POINT('',(-55.131,46.875698831,18.270075373));
#4633=DIRECTION('',(-0.,1.,-0.));
#4634=VECTOR('',#4633,6.);
#4635=LINE('',#4632,#4634);
#4636=EDGE_CURVE('',#4623,#4631,#4635,.T.);
#4637=ORIENTED_EDGE('',*,*,#4636,.T.);
#4638=CARTESIAN_POINT('',(-82.157613122,52.875698831,18.270075373));
#4639=VERTEX_POINT('',#4638);
#4640=CARTESIAN_POINT('',(-55.131,52.875698831,18.270075373));
#4641=DIRECTION('',(-1.,0.,0.));
#4642=VECTOR('',#4641,27.026613122);
#4643=LINE('',#4640,#4642);
#4644=EDGE_CURVE('',#4631,#4639,#4643,.T.);
#4645=ORIENTED_EDGE('',*,*,#4644,.T.);
#4646=CARTESIAN_POINT('',(-82.157613122,51.225698831,18.270075373));
#4647=VERTEX_POINT('',#4646);
#4648=CARTESIAN_POINT('',(-82.157613122,52.875698831,18.270075373));
#4649=DIRECTION('',(0.,-1.,0.));
#4650=VECTOR('',#4649,1.65);
#4651=LINE('',#4648,#4650);
#4652=EDGE_CURVE('',#4639,#4647,#4651,.T.);
#4653=ORIENTED_EDGE('',*,*,#4652,.T.);
#4654=CARTESIAN_POINT('',(-84.657613122,51.225698831,18.270075373));
#4655=VERTEX_POINT('',#4654);
#4656=CARTESIAN_POINT('',(-84.657613122,51.225698831,18.270075373));
#4657=DIRECTION('',(1.,0.,-0.));
#4658=VECTOR('',#4657,2.5);
#4659=LINE('',#4656,#4658);
#4660=EDGE_CURVE('',#4655,#4647,#4659,.T.);
#4661=ORIENTED_EDGE('',*,*,#4660,.F.);
#4662=CARTESIAN_POINT('',(-84.657613122,51.825698831,18.270075373));
#4663=VERTEX_POINT('',#4662);
#4664=CARTESIAN_POINT('',(-84.657613122,51.825698831,18.270075373));
#4665=DIRECTION('',(-0.,-1.,0.));
#4666=VECTOR('',#4665,0.6);
#4667=LINE('',#4664,#4666);
#4668=EDGE_CURVE('',#4663,#4655,#4667,.T.);
#4669=ORIENTED_EDGE('',*,*,#4668,.F.);
#4670=CARTESIAN_POINT('',(-86.657613122,51.825698831,18.270075373));
#4671=DIRECTION('',(1.,0.,-0.));
#4672=VECTOR('',#4671,2.);
#4673=LINE('',#4670,#4672);
#4674=EDGE_CURVE('',#4357,#4663,#4673,.T.);
#4675=ORIENTED_EDGE('',*,*,#4674,.F.);
#4676=ORIENTED_EDGE('',*,*,#4362,.F.);
#4677=CARTESIAN_POINT('',(-84.657613122,47.925698831,18.270075373));
#4678=VERTEX_POINT('',#4677);
#4679=CARTESIAN_POINT('',(-86.657613122,47.925698831,18.270075373));
#4680=DIRECTION('',(1.,-0.,-0.));
#4681=VECTOR('',#4680,2.);
#4682=LINE('',#4679,#4681);
#4683=EDGE_CURVE('',#4349,#4678,#4682,.T.);
#4684=ORIENTED_EDGE('',*,*,#4683,.T.);
#4685=CARTESIAN_POINT('',(-84.657613122,48.525698831,18.270075373));
#4686=VERTEX_POINT('',#4685);
#4687=CARTESIAN_POINT('',(-84.657613122,47.925698831,18.270075373));
#4688=DIRECTION('',(-0.,1.,-0.));
#4689=VECTOR('',#4688,0.6);
#4690=LINE('',#4687,#4689);
#4691=EDGE_CURVE('',#4678,#4686,#4690,.T.);
#4692=ORIENTED_EDGE('',*,*,#4691,.T.);
#4693=CARTESIAN_POINT('',(-82.157613122,48.525698831,18.270075373));
#4694=VERTEX_POINT('',#4693);
#4695=CARTESIAN_POINT('',(-84.657613122,48.525698831,18.270075373));
#4696=DIRECTION('',(1.,-0.,-0.));
#4697=VECTOR('',#4696,2.5);
#4698=LINE('',#4695,#4697);
#4699=EDGE_CURVE('',#4686,#4694,#4698,.T.);
#4700=ORIENTED_EDGE('',*,*,#4699,.T.);
#4701=CARTESIAN_POINT('',(-82.157613122,48.525698831,18.270075373));
#4702=DIRECTION('',(0.,-1.,0.));
#4703=VECTOR('',#4702,1.65);
#4704=LINE('',#4701,#4703);
#4705=EDGE_CURVE('',#4694,#4621,#4704,.T.);
#4706=ORIENTED_EDGE('',*,*,#4705,.T.);
#4707=EDGE_LOOP('',(#4629,#4637,#4645,#4653,#4661,#4669,#4675,#4676,#4684,#4692,#4700,#4706));
#4708=FACE_BOUND('',#4707,.T.);
#4709=ADVANCED_FACE('',(#4708),#4619,.T.);
#4710=CARTESIAN_POINT('',(-0.46499873,46.875698831,18.270075373));
#4711=DIRECTION('',(0.,0.707106781,-0.707106781));
#4712=DIRECTION('',(1.,0.,0.));
#4713=AXIS2_PLACEMENT_3D('',#4710,#4711,#4712);
#4714=PLANE('',#4713);
#4715=CARTESIAN_POINT('',(55.8197,46.875698831,18.270075373));
#4716=VERTEX_POINT('',#4715);
#4717=CARTESIAN_POINT('',(82.587613122,46.875698831,18.270075373));
#4718=VERTEX_POINT('',#4717);
#4719=CARTESIAN_POINT('',(55.8197,46.875698831,18.270075373));
#4720=DIRECTION('',(1.,-0.,-0.));
#4721=VECTOR('',#4720,26.767913122);
#4722=LINE('',#4719,#4721);
#4723=EDGE_CURVE('',#4716,#4718,#4722,.T.);
#4724=ORIENTED_EDGE('',*,*,#4723,.F.);
#4725=CARTESIAN_POINT('',(55.8197,46.875698831,18.270075373));
#4726=DIRECTION('',(-0.577350269,-0.577350269,-0.577350269));
#4727=VECTOR('',#4726,0.866025404);
#4728=LINE('',#4725,#4727);
#4729=EDGE_CURVE('',#4716,#1095,#4728,.T.);
#4730=ORIENTED_EDGE('',*,*,#4729,.T.);
#4731=ORIENTED_EDGE('',*,*,#1100,.F.);
#4732=CARTESIAN_POINT('',(83.087613122,46.375698831,17.770075373));
#4733=DIRECTION('',(-0.577350269,0.577350269,0.577350269));
#4734=VECTOR('',#4733,0.866025404);
#4735=LINE('',#4732,#4734);
#4736=EDGE_CURVE('',#1087,#4718,#4735,.T.);
#4737=ORIENTED_EDGE('',*,*,#4736,.T.);
#4738=EDGE_LOOP('',(#4724,#4730,#4731,#4737));
#4739=FACE_BOUND('',#4738,.T.);
#4740=ADVANCED_FACE('',(#4739),#4714,.F.);
#4741=CARTESIAN_POINT('',(-0.46499873,46.875698831,18.270075373));
#4742=DIRECTION('',(0.,0.707106781,-0.707106781));
#4743=DIRECTION('',(1.,0.,0.));
#4744=AXIS2_PLACEMENT_3D('',#4741,#4742,#4743);
#4745=PLANE('',#4744);
#4746=ORIENTED_EDGE('',*,*,#1232,.F.);
#4747=CARTESIAN_POINT('',(-54.631,46.375698831,17.770075373));
#4748=DIRECTION('',(-0.577350269,0.577350269,0.577350269));
#4749=VECTOR('',#4748,0.866025404);
#4750=LINE('',#4747,#4749);
#4751=EDGE_CURVE('',#1219,#4623,#4750,.T.);
#4752=ORIENTED_EDGE('',*,*,#4751,.T.);
#4753=ORIENTED_EDGE('',*,*,#4628,.F.);
#4754=CARTESIAN_POINT('',(-82.157613122,46.875698831,18.270075373));
#4755=DIRECTION('',(-0.577350269,-0.577350269,-0.577350269));
#4756=VECTOR('',#4755,0.866025404);
#4757=LINE('',#4754,#4756);
#4758=EDGE_CURVE('',#4621,#1227,#4757,.T.);
#4759=ORIENTED_EDGE('',*,*,#4758,.T.);
#4760=EDGE_LOOP('',(#4746,#4752,#4753,#4759));
#4761=FACE_BOUND('',#4760,.T.);
#4762=ADVANCED_FACE('',(#4761),#4745,.F.);
#4763=CARTESIAN_POINT('',(143.754800635,53.375698831,17.770075373));
#4764=DIRECTION('',(0.,-0.707106781,-0.707106781));
#4765=DIRECTION('',(1.,0.,0.));
#4766=AXIS2_PLACEMENT_3D('',#4763,#4764,#4765);
#4767=PLANE('',#4766);
#4768=ORIENTED_EDGE('',*,*,#4582,.F.);
#4769=CARTESIAN_POINT('',(39.769,52.875698831,18.270075373));
#4770=DIRECTION('',(0.577350269,0.577350269,-0.577350269));
#4771=VECTOR('',#4770,0.866025404);
#4772=LINE('',#4769,#4771);
#4773=EDGE_CURVE('',#4569,#2643,#4772,.T.);
#4774=ORIENTED_EDGE('',*,*,#4773,.T.);
#4775=ORIENTED_EDGE('',*,*,#2648,.F.);
#4776=CARTESIAN_POINT('',(-39.5803,53.375698831,17.770075373));
#4777=DIRECTION('',(0.577350269,-0.577350269,0.577350269));
#4778=VECTOR('',#4777,0.866025404);
#4779=LINE('',#4776,#4778);
#4780=EDGE_CURVE('',#2641,#4577,#4779,.T.);
#4781=ORIENTED_EDGE('',*,*,#4780,.T.);
#4782=EDGE_LOOP('',(#4768,#4774,#4775,#4781));
#4783=FACE_BOUND('',#4782,.T.);
#4784=ADVANCED_FACE('',(#4783),#4767,.F.);
#4785=CARTESIAN_POINT('',(143.754800635,53.375698831,17.770075373));
#4786=DIRECTION('',(0.,-0.707106781,-0.707106781));
#4787=DIRECTION('',(1.,0.,0.));
#4788=AXIS2_PLACEMENT_3D('',#4785,#4786,#4787);
#4789=PLANE('',#4788);
#4790=ORIENTED_EDGE('',*,*,#2714,.F.);
#4791=CARTESIAN_POINT('',(55.8197,52.875698831,18.270075373));
#4792=VERTEX_POINT('',#4791);
#4793=CARTESIAN_POINT('',(55.3197,53.375698831,17.770075373));
#4794=DIRECTION('',(0.577350269,-0.577350269,0.577350269));
#4795=VECTOR('',#4794,0.866025404);
#4796=LINE('',#4793,#4795);
#4797=EDGE_CURVE('',#2701,#4792,#4796,.T.);
#4798=ORIENTED_EDGE('',*,*,#4797,.T.);
#4799=CARTESIAN_POINT('',(82.587613122,52.875698831,18.270075373));
#4800=VERTEX_POINT('',#4799);
#4801=CARTESIAN_POINT('',(82.587613122,52.875698831,18.270075373));
#4802=DIRECTION('',(-1.,0.,0.));
#4803=VECTOR('',#4802,26.767913122);
#4804=LINE('',#4801,#4803);
#4805=EDGE_CURVE('',#4800,#4792,#4804,.T.);
#4806=ORIENTED_EDGE('',*,*,#4805,.F.);
#4807=CARTESIAN_POINT('',(82.587613122,52.875698831,18.270075373));
#4808=DIRECTION('',(0.577350269,0.577350269,-0.577350269));
#4809=VECTOR('',#4808,0.866025404);
#4810=LINE('',#4807,#4809);
#4811=EDGE_CURVE('',#4800,#2709,#4810,.T.);
#4812=ORIENTED_EDGE('',*,*,#4811,.T.);
#4813=EDGE_LOOP('',(#4790,#4798,#4806,#4812));
#4814=FACE_BOUND('',#4813,.T.);
#4815=ADVANCED_FACE('',(#4814),#4789,.F.);
#4816=CARTESIAN_POINT('',(-0.46499873,-1.968351169,18.270075373));
#4817=DIRECTION('',(0.,0.,1.));
#4818=DIRECTION('',(-1.,0.,0.));
#4819=AXIS2_PLACEMENT_3D('',#4816,#4817,#4818);
#4820=PLANE('',#4819);
#4821=ORIENTED_EDGE('',*,*,#4805,.T.);
#4822=CARTESIAN_POINT('',(55.8197,52.875698831,18.270075373));
#4823=DIRECTION('',(-0.,-1.,0.));
#4824=VECTOR('',#4823,6.);
#4825=LINE('',#4822,#4824);
#4826=EDGE_CURVE('',#4792,#4716,#4825,.T.);
#4827=ORIENTED_EDGE('',*,*,#4826,.T.);
#4828=ORIENTED_EDGE('',*,*,#4723,.T.);
#4829=CARTESIAN_POINT('',(82.587613122,48.525698831,18.270075373));
#4830=VERTEX_POINT('',#4829);
#4831=CARTESIAN_POINT('',(82.587613122,46.875698831,18.270075373));
#4832=DIRECTION('',(0.,1.,-0.));
#4833=VECTOR('',#4832,1.65);
#4834=LINE('',#4831,#4833);
#4835=EDGE_CURVE('',#4718,#4830,#4834,.T.);
#4836=ORIENTED_EDGE('',*,*,#4835,.T.);
#4837=CARTESIAN_POINT('',(85.087613122,48.525698831,18.270075373));
#4838=VERTEX_POINT('',#4837);
#4839=CARTESIAN_POINT('',(85.087613122,48.525698831,18.270075373));
#4840=DIRECTION('',(-1.,-0.,0.));
#4841=VECTOR('',#4840,2.5);
#4842=LINE('',#4839,#4841);
#4843=EDGE_CURVE('',#4838,#4830,#4842,.T.);
#4844=ORIENTED_EDGE('',*,*,#4843,.F.);
#4845=CARTESIAN_POINT('',(85.087613122,47.925698831,18.270075373));
#4846=VERTEX_POINT('',#4845);
#4847=CARTESIAN_POINT('',(85.087613122,48.525698831,18.270075373));
#4848=DIRECTION('',(0.,-1.,0.));
#4849=VECTOR('',#4848,0.6);
#4850=LINE('',#4847,#4849);
#4851=EDGE_CURVE('',#4838,#4846,#4850,.T.);
#4852=ORIENTED_EDGE('',*,*,#4851,.T.);
#4853=CARTESIAN_POINT('',(87.087613122,47.925698831,18.270075373));
#4854=DIRECTION('',(-1.,-0.,0.));
#4855=VECTOR('',#4854,2.);
#4856=LINE('',#4853,#4855);
#4857=EDGE_CURVE('',#4453,#4846,#4856,.T.);
#4858=ORIENTED_EDGE('',*,*,#4857,.F.);
#4859=ORIENTED_EDGE('',*,*,#4458,.T.);
#4860=CARTESIAN_POINT('',(85.087613122,51.825698831,18.270075373));
#4861=VERTEX_POINT('',#4860);
#4862=CARTESIAN_POINT('',(87.087613122,51.825698831,18.270075373));
#4863=DIRECTION('',(-1.,0.,0.));
#4864=VECTOR('',#4863,2.);
#4865=LINE('',#4862,#4864);
#4866=EDGE_CURVE('',#4445,#4861,#4865,.T.);
#4867=ORIENTED_EDGE('',*,*,#4866,.T.);
#4868=CARTESIAN_POINT('',(85.087613122,51.225698831,18.270075373));
#4869=VERTEX_POINT('',#4868);
#4870=CARTESIAN_POINT('',(85.087613122,51.225698831,18.270075373));
#4871=DIRECTION('',(0.,1.,-0.));
#4872=VECTOR('',#4871,0.6);
#4873=LINE('',#4870,#4872);
#4874=EDGE_CURVE('',#4869,#4861,#4873,.T.);
#4875=ORIENTED_EDGE('',*,*,#4874,.F.);
#4876=CARTESIAN_POINT('',(82.587613122,51.225698831,18.270075373));
#4877=VERTEX_POINT('',#4876);
#4878=CARTESIAN_POINT('',(85.087613122,51.225698831,18.270075373));
#4879=DIRECTION('',(-1.,0.,0.));
#4880=VECTOR('',#4879,2.5);
#4881=LINE('',#4878,#4880);
#4882=EDGE_CURVE('',#4869,#4877,#4881,.T.);
#4883=ORIENTED_EDGE('',*,*,#4882,.T.);
#4884=CARTESIAN_POINT('',(82.587613122,51.225698831,18.270075373));
#4885=DIRECTION('',(0.,1.,-0.));
#4886=VECTOR('',#4885,1.65);
#4887=LINE('',#4884,#4886);
#4888=EDGE_CURVE('',#4877,#4800,#4887,.T.);
#4889=ORIENTED_EDGE('',*,*,#4888,.T.);
#4890=EDGE_LOOP('',(#4821,#4827,#4828,#4836,#4844,#4852,#4858,#4859,#4867,#4875,#4883,#4889));
#4891=FACE_BOUND('',#4890,.T.);
#4892=ADVANCED_FACE('',(#4891),#4820,.T.);
#4893=CARTESIAN_POINT('',(143.754800635,52.794568748,-5.17607703));
#4894=DIRECTION('',(0.,0.649448048,-0.760405966));
#4895=DIRECTION('',(1.,0.,0.));
#4896=AXIS2_PLACEMENT_3D('',#4893,#4894,#4895);
#4897=PLANE('',#4896);
#4898=ORIENTED_EDGE('',*,*,#2746,.F.);
#4899=CARTESIAN_POINT('',(86.587613122,53.375698831,-4.679745051));
#4900=DIRECTION('',(0.,-0.760405966,-0.649448048));
#4901=VECTOR('',#4900,2.246555088);
#4902=LINE('',#4899,#4901);
#4903=EDGE_CURVE('',#2733,#3790,#4902,.T.);
#4904=ORIENTED_EDGE('',*,*,#4903,.T.);
#4905=ORIENTED_EDGE('',*,*,#3795,.F.);
#4906=CARTESIAN_POINT('',(-86.157613122,51.667404932,-6.138765874));
#4907=DIRECTION('',(-0.,0.760405966,0.649448048));
#4908=VECTOR('',#4907,2.246555099);
#4909=LINE('',#4906,#4908);
#4910=EDGE_CURVE('',#3782,#2741,#4909,.T.);
#4911=ORIENTED_EDGE('',*,*,#4910,.T.);
#4912=EDGE_LOOP('',(#4898,#4904,#4905,#4911));
#4913=FACE_BOUND('',#4912,.T.);
#4914=ADVANCED_FACE('',(#4913),#4897,.T.);
#4915=CARTESIAN_POINT('',(0.,-4.705559847,2.896817531));
#4916=DIRECTION('',(0.,0.760405966,0.649448048));
#4917=DIRECTION('',(1.,0.,0.));
#4918=AXIS2_PLACEMENT_3D('',#4915,#4916,#4917);
#4919=PLANE('',#4918);
#4920=CARTESIAN_POINT('',(-76.557613122,-4.844664515,3.059688171));
#4921=DIRECTION('',(0.,0.64944805,-0.760405964));
#4922=VECTOR('',#4921,0.002042699);
#4923=LINE('',#4920,#4922);
#4924=EDGE_CURVE('',#210,#958,#4923,.T.);
#4925=ORIENTED_EDGE('',*,*,#4924,.F.);
#4926=ORIENTED_EDGE('',*,*,#215,.F.);
#4927=ORIENTED_EDGE('',*,*,#3939,.T.);
#4928=ORIENTED_EDGE('',*,*,#938,.F.);
#4929=ORIENTED_EDGE('',*,*,#722,.F.);
#4930=ORIENTED_EDGE('',*,*,#969,.T.);
#4931=EDGE_LOOP('',(#4925,#4926,#4927,#4928,#4929,#4930));
#4932=FACE_BOUND('',#4931,.T.);
#4933=ADVANCED_FACE('',(#4932),#4919,.T.);
#4934=CARTESIAN_POINT('',(-76.557613122,16.655335485,2.670075373));
#4935=DIRECTION('',(1.,0.,0.));
#4936=DIRECTION('',(0.,-0.,-1.));
#4937=AXIS2_PLACEMENT_3D('',#4934,#4935,#4936);
#4938=PLANE('',#4937);
#4939=CARTESIAN_POINT('',(-76.557613122,44.899931848,-2.382658673));
#4940=VERTEX_POINT('',#4939);
#4941=CARTESIAN_POINT('',(-76.557613122,44.237990946,-2.968294513));
#4942=DIRECTION('',(-0.,0.748955721,0.662620048));
#4943=VECTOR('',#4942,0.883818474);
#4944=LINE('',#4941,#4943);
#4945=EDGE_CURVE('',#950,#4940,#4944,.T.);
#4946=ORIENTED_EDGE('',*,*,#4945,.T.);
#4947=CARTESIAN_POINT('',(-76.557613122,44.899931848,-2.382658673));
#4948=DIRECTION('',(-0.,0.410718853,0.911762044));
#4949=VECTOR('',#4948,3.593131833);
#4950=LINE('',#4947,#4949);
#4951=EDGE_CURVE('',#4940,#980,#4950,.T.);
#4952=ORIENTED_EDGE('',*,*,#4951,.T.);
#4953=ORIENTED_EDGE('',*,*,#987,.T.);
#4954=CARTESIAN_POINT('',(-76.557613122,46.375698831,6.870075373));
#4955=DIRECTION('',(-0.,-1.,0.));
#4956=VECTOR('',#4955,51.220363346);
#4957=LINE('',#4954,#4956);
#4958=EDGE_CURVE('',#982,#169,#4957,.T.);
#4959=ORIENTED_EDGE('',*,*,#4958,.T.);
#4960=ORIENTED_EDGE('',*,*,#221,.F.);
#4961=ORIENTED_EDGE('',*,*,#4924,.T.);
#4962=ORIENTED_EDGE('',*,*,#963,.T.);
#4963=EDGE_LOOP('',(#4946,#4952,#4953,#4959,#4960,#4961,#4962));
#4964=FACE_BOUND('',#4963,.T.);
#4965=ADVANCED_FACE('',(#4964),#4938,.T.);
#4966=CARTESIAN_POINT('',(-86.657613122,-1.868351169,5.340075373));
#4967=DIRECTION('',(0.,-0.,-1.));
#4968=DIRECTION('',(-1.,0.,0.));
#4969=AXIS2_PLACEMENT_3D('',#4966,#4967,#4968);
#4970=PLANE('',#4969);
#4971=CARTESIAN_POINT('',(-84.657613122,47.925698831,5.340075373));
#4972=VERTEX_POINT('',#4971);
#4973=CARTESIAN_POINT('',(-86.657613122,47.925698831,5.340075373));
#4974=DIRECTION('',(1.,0.,-0.));
#4975=VECTOR('',#4974,2.);
#4976=LINE('',#4973,#4975);
#4977=EDGE_CURVE('',#4341,#4972,#4976,.T.);
#4978=ORIENTED_EDGE('',*,*,#4977,.F.);
#4979=ORIENTED_EDGE('',*,*,#4346,.T.);
#4980=CARTESIAN_POINT('',(-86.304059732,41.279252221,5.340075373));
#4981=VERTEX_POINT('',#4980);
#4982=CARTESIAN_POINT('',(-86.657613122,41.425698831,5.340075373));
#4983=DIRECTION('',(0.923879532,-0.382683433,0.));
#4984=VECTOR('',#4983,0.382683432);
#4985=LINE('',#4982,#4984);
#4986=EDGE_CURVE('',#4333,#4981,#4985,.T.);
#4987=ORIENTED_EDGE('',*,*,#4986,.T.);
#4988=CARTESIAN_POINT('',(-84.657613122,42.925698831,5.340075373));
#4989=VERTEX_POINT('',#4988);
#4990=CARTESIAN_POINT('',(-84.657613122,42.925698831,5.340075373));
#4991=DIRECTION('',(-0.707106781,-0.707106781,0.));
#4992=VECTOR('',#4991,2.328427125);
#4993=LINE('',#4990,#4992);
#4994=EDGE_CURVE('',#4989,#4981,#4993,.T.);
#4995=ORIENTED_EDGE('',*,*,#4994,.F.);
#4996=CARTESIAN_POINT('',(-82.657613122,40.925698831,5.340075373));
#4997=VERTEX_POINT('',#4996);
#4998=CARTESIAN_POINT('',(-84.657613122,42.925698831,5.340075373));
#4999=DIRECTION('',(0.707106781,-0.707106781,0.));
#5000=VECTOR('',#4999,2.828427125);
#5001=LINE('',#4998,#5000);
#5002=EDGE_CURVE('',#4989,#4997,#5001,.T.);
#5003=ORIENTED_EDGE('',*,*,#5002,.T.);
#5004=CARTESIAN_POINT('',(-82.657613122,48.525698831,5.340075373));
#5005=VERTEX_POINT('',#5004);
#5006=CARTESIAN_POINT('',(-82.657613122,40.925698831,5.340075373));
#5007=DIRECTION('',(0.,1.,-0.));
#5008=VECTOR('',#5007,7.6);
#5009=LINE('',#5006,#5008);
#5010=EDGE_CURVE('',#4997,#5005,#5009,.T.);
#5011=ORIENTED_EDGE('',*,*,#5010,.T.);
#5012=CARTESIAN_POINT('',(-84.657613122,48.525698831,5.340075373));
#5013=VERTEX_POINT('',#5012);
#5014=CARTESIAN_POINT('',(-84.657613122,48.525698831,5.340075373));
#5015=DIRECTION('',(1.,0.,-0.));
#5016=VECTOR('',#5015,2.);
#5017=LINE('',#5014,#5016);
#5018=EDGE_CURVE('',#5013,#5005,#5017,.T.);
#5019=ORIENTED_EDGE('',*,*,#5018,.F.);
#5020=CARTESIAN_POINT('',(-84.657613122,47.925698831,5.340075373));
#5021=DIRECTION('',(0.,1.,-0.));
#5022=VECTOR('',#5021,0.6);
#5023=LINE('',#5020,#5022);
#5024=EDGE_CURVE('',#4972,#5013,#5023,.T.);
#5025=ORIENTED_EDGE('',*,*,#5024,.F.);
#5026=EDGE_LOOP('',(#4978,#4979,#4987,#4995,#5003,#5011,#5019,#5025));
#5027=FACE_BOUND('',#5026,.T.);
#5028=ADVANCED_FACE('',(#5027),#4970,.F.);
#5029=CARTESIAN_POINT('',(87.087613122,-9.868351169,5.340075373));
#5030=DIRECTION('',(0.,-0.,-1.));
#5031=DIRECTION('',(0.,1.,-0.));
#5032=AXIS2_PLACEMENT_3D('',#5029,#5030,#5031);
#5033=PLANE('',#5032);
#5034=ORIENTED_EDGE('',*,*,#4314,.T.);
#5035=CARTESIAN_POINT('',(-86.157613123,-7.915664311,5.340075372));
#5036=VERTEX_POINT('',#5035);
#5037=CARTESIAN_POINT('',(-86.657613122,-7.262960659,5.340075373));
#5038=DIRECTION('',(0.608120402,-0.793844806,0.));
#5039=VECTOR('',#5038,0.822205604);
#5040=LINE('',#5037,#5039);
#5041=EDGE_CURVE('',#4301,#5036,#5040,.T.);
#5042=ORIENTED_EDGE('',*,*,#5041,.T.);
#5043=CARTESIAN_POINT('',(86.587613123,-7.915664311,5.340075372));
#5044=VERTEX_POINT('',#5043);
#5045=CARTESIAN_POINT('',(-86.157613123,-7.915664314,5.340075373));
#5046=DIRECTION('',(1.,0.,-0.));
#5047=VECTOR('',#5046,172.745226246);
#5048=LINE('',#5045,#5047);
#5049=EDGE_CURVE('',#5036,#5044,#5048,.T.);
#5050=ORIENTED_EDGE('',*,*,#5049,.T.);
#5051=CARTESIAN_POINT('',(86.587613124,-7.915664311,5.340075373));
#5052=DIRECTION('',(0.608120402,0.793844806,-0.));
#5053=VECTOR('',#5052,0.822205596);
#5054=LINE('',#5051,#5053);
#5055=EDGE_CURVE('',#5044,#4403,#5054,.T.);
#5056=ORIENTED_EDGE('',*,*,#5055,.T.);
#5057=ORIENTED_EDGE('',*,*,#4504,.F.);
#5058=CARTESIAN_POINT('',(86.734059732,-2.956918448,5.340075373));
#5059=VERTEX_POINT('',#5058);
#5060=CARTESIAN_POINT('',(87.087613122,-3.103365058,5.340075373));
#5061=DIRECTION('',(-0.923879532,0.382683433,0.));
#5062=VECTOR('',#5061,0.382683432);
#5063=LINE('',#5060,#5062);
#5064=EDGE_CURVE('',#4493,#5059,#5063,.T.);
#5065=ORIENTED_EDGE('',*,*,#5064,.T.);
#5066=CARTESIAN_POINT('',(85.087613122,-4.603365058,5.340075373));
#5067=VERTEX_POINT('',#5066);
#5068=CARTESIAN_POINT('',(85.087613122,-4.603365058,5.340075373));
#5069=DIRECTION('',(0.707106781,0.707106781,0.));
#5070=VECTOR('',#5069,2.328427125);
#5071=LINE('',#5068,#5070);
#5072=EDGE_CURVE('',#5067,#5059,#5071,.T.);
#5073=ORIENTED_EDGE('',*,*,#5072,.F.);
#5074=CARTESIAN_POINT('',(83.087613122,-2.603365058,5.340075373));
#5075=VERTEX_POINT('',#5074);
#5076=CARTESIAN_POINT('',(83.087613122,-2.603365058,5.340075373));
#5077=DIRECTION('',(0.707106781,-0.707106781,0.));
#5078=VECTOR('',#5077,2.828427125);
#5079=LINE('',#5076,#5078);
#5080=EDGE_CURVE('',#5075,#5067,#5079,.T.);
#5081=ORIENTED_EDGE('',*,*,#5080,.F.);
#5082=CARTESIAN_POINT('',(83.087613122,-6.441904026,5.340075372));
#5083=VERTEX_POINT('',#5082);
#5084=CARTESIAN_POINT('',(83.087613122,-2.603365058,5.340075373));
#5085=DIRECTION('',(-0.,-1.,0.));
#5086=VECTOR('',#5085,3.838538968);
#5087=LINE('',#5084,#5086);
#5088=EDGE_CURVE('',#5075,#5083,#5087,.T.);
#5089=ORIENTED_EDGE('',*,*,#5088,.T.);
#5090=CARTESIAN_POINT('',(-82.657613122,-6.441904026,5.340075372));
#5091=VERTEX_POINT('',#5090);
#5092=CARTESIAN_POINT('',(-82.657613122,-6.441904026,5.340075372));
#5093=DIRECTION('',(1.,0.,-0.));
#5094=VECTOR('',#5093,165.745226244);
#5095=LINE('',#5092,#5094);
#5096=EDGE_CURVE('',#5091,#5083,#5095,.T.);
#5097=ORIENTED_EDGE('',*,*,#5096,.F.);
#5098=CARTESIAN_POINT('',(-82.657613122,-2.603365058,5.340075373));
#5099=VERTEX_POINT('',#5098);
#5100=CARTESIAN_POINT('',(-82.657613122,-6.441904026,5.340075373));
#5101=DIRECTION('',(0.,1.,-0.));
#5102=VECTOR('',#5101,3.838538968);
#5103=LINE('',#5100,#5102);
#5104=EDGE_CURVE('',#5091,#5099,#5103,.T.);
#5105=ORIENTED_EDGE('',*,*,#5104,.T.);
#5106=CARTESIAN_POINT('',(-84.657613122,-4.603365058,5.340075373));
#5107=VERTEX_POINT('',#5106);
#5108=CARTESIAN_POINT('',(-84.657613122,-4.603365058,5.340075373));
#5109=DIRECTION('',(0.707106781,0.707106781,0.));
#5110=VECTOR('',#5109,2.828427125);
#5111=LINE('',#5108,#5110);
#5112=EDGE_CURVE('',#5107,#5099,#5111,.T.);
#5113=ORIENTED_EDGE('',*,*,#5112,.F.);
#5114=CARTESIAN_POINT('',(-86.304059731,-2.956918448,5.340075373));
#5115=VERTEX_POINT('',#5114);
#5116=CARTESIAN_POINT('',(-84.657613122,-4.603365058,5.340075373));
#5117=DIRECTION('',(-0.707106781,0.707106781,-0.));
#5118=VECTOR('',#5117,2.328427125);
#5119=LINE('',#5116,#5118);
#5120=EDGE_CURVE('',#5107,#5115,#5119,.T.);
#5121=ORIENTED_EDGE('',*,*,#5120,.T.);
#5122=CARTESIAN_POINT('',(-86.304059731,-2.956918448,5.340075373));
#5123=DIRECTION('',(-0.923879532,-0.382683433,0.));
#5124=VECTOR('',#5123,0.382683433);
#5125=LINE('',#5122,#5124);
#5126=EDGE_CURVE('',#5115,#4309,#5125,.T.);
#5127=ORIENTED_EDGE('',*,*,#5126,.T.);
#5128=EDGE_LOOP('',(#5034,#5042,#5050,#5056,#5057,#5065,#5073,#5081,#5089,#5097,#5105,#5113,#5121,#5127));
#5129=FACE_BOUND('',#5128,.T.);
#5130=ADVANCED_FACE('',(#5129),#5033,.F.);
#5131=CARTESIAN_POINT('',(87.087613122,-1.868351169,5.340075373));
#5132=DIRECTION('',(0.,-0.,-1.));
#5133=DIRECTION('',(0.,1.,-0.));
#5134=AXIS2_PLACEMENT_3D('',#5131,#5132,#5133);
#5135=PLANE('',#5134);
#5136=ORIENTED_EDGE('',*,*,#4474,.F.);
#5137=CARTESIAN_POINT('',(85.087613122,47.925698831,5.340075373));
#5138=VERTEX_POINT('',#5137);
#5139=CARTESIAN_POINT('',(87.087613122,47.925698831,5.340075373));
#5140=DIRECTION('',(-1.,-0.,0.));
#5141=VECTOR('',#5140,2.);
#5142=LINE('',#5139,#5141);
#5143=EDGE_CURVE('',#4461,#5138,#5142,.T.);
#5144=ORIENTED_EDGE('',*,*,#5143,.T.);
#5145=CARTESIAN_POINT('',(85.087613122,48.525698831,5.340075373));
#5146=VERTEX_POINT('',#5145);
#5147=CARTESIAN_POINT('',(85.087613122,48.525698831,5.340075373));
#5148=DIRECTION('',(-0.,-1.,0.));
#5149=VECTOR('',#5148,0.6);
#5150=LINE('',#5147,#5149);
#5151=EDGE_CURVE('',#5146,#5138,#5150,.T.);
#5152=ORIENTED_EDGE('',*,*,#5151,.F.);
#5153=CARTESIAN_POINT('',(83.087613122,48.525698831,5.340075373));
#5154=VERTEX_POINT('',#5153);
#5155=CARTESIAN_POINT('',(85.087613122,48.525698831,5.340075373));
#5156=DIRECTION('',(-1.,-0.,0.));
#5157=VECTOR('',#5156,2.);
#5158=LINE('',#5155,#5157);
#5159=EDGE_CURVE('',#5146,#5154,#5158,.T.);
#5160=ORIENTED_EDGE('',*,*,#5159,.T.);
#5161=CARTESIAN_POINT('',(83.087613122,40.925698831,5.340075373));
#5162=VERTEX_POINT('',#5161);
#5163=CARTESIAN_POINT('',(83.087613122,48.525698831,5.340075373));
#5164=DIRECTION('',(-0.,-1.,0.));
#5165=VECTOR('',#5164,7.6);
#5166=LINE('',#5163,#5165);
#5167=EDGE_CURVE('',#5154,#5162,#5166,.T.);
#5168=ORIENTED_EDGE('',*,*,#5167,.T.);
#5169=CARTESIAN_POINT('',(85.087613122,42.925698831,5.340075373));
#5170=VERTEX_POINT('',#5169);
#5171=CARTESIAN_POINT('',(85.087613122,42.925698831,5.340075373));
#5172=DIRECTION('',(-0.707106781,-0.707106781,0.));
#5173=VECTOR('',#5172,2.828427125);
#5174=LINE('',#5171,#5173);
#5175=EDGE_CURVE('',#5170,#5162,#5174,.T.);
#5176=ORIENTED_EDGE('',*,*,#5175,.F.);
#5177=CARTESIAN_POINT('',(86.734059732,41.279252221,5.340075373));
#5178=VERTEX_POINT('',#5177);
#5179=CARTESIAN_POINT('',(86.734059732,41.279252221,5.340075373));
#5180=DIRECTION('',(-0.707106781,0.707106781,0.));
#5181=VECTOR('',#5180,2.328427125);
#5182=LINE('',#5179,#5181);
#5183=EDGE_CURVE('',#5178,#5170,#5182,.T.);
#5184=ORIENTED_EDGE('',*,*,#5183,.F.);
#5185=CARTESIAN_POINT('',(86.734059732,41.279252221,5.340075373));
#5186=DIRECTION('',(0.923879532,0.382683433,-0.));
#5187=VECTOR('',#5186,0.382683432);
#5188=LINE('',#5185,#5187);
#5189=EDGE_CURVE('',#5178,#4469,#5188,.T.);
#5190=ORIENTED_EDGE('',*,*,#5189,.T.);
#5191=EDGE_LOOP('',(#5136,#5144,#5152,#5160,#5168,#5176,#5184,#5190));
#5192=FACE_BOUND('',#5191,.T.);
#5193=ADVANCED_FACE('',(#5192),#5135,.F.);
#5194=CARTESIAN_POINT('',(-84.657613122,51.225698831,10.055075373));
#5195=DIRECTION('',(0.,-1.,0.));
#5196=DIRECTION('',(0.,-0.,-1.));
#5197=AXIS2_PLACEMENT_3D('',#5194,#5195,#5196);
#5198=PLANE('',#5197);
#5199=ORIENTED_EDGE('',*,*,#4660,.T.);
#5200=CARTESIAN_POINT('',(-82.657613122,51.225698831,17.770075373));
#5201=VERTEX_POINT('',#5200);
#5202=CARTESIAN_POINT('',(-82.157613122,51.225698831,18.270075373));
#5203=DIRECTION('',(-0.707106781,-0.,-0.707106781));
#5204=VECTOR('',#5203,0.707106781);
#5205=LINE('',#5202,#5204);
#5206=EDGE_CURVE('',#4647,#5201,#5205,.T.);
#5207=ORIENTED_EDGE('',*,*,#5206,.T.);
#5208=CARTESIAN_POINT('',(-82.657613122,51.225698831,5.340075373));
#5209=VERTEX_POINT('',#5208);
#5210=CARTESIAN_POINT('',(-82.657613122,51.225698831,17.770075373));
#5211=DIRECTION('',(0.,-0.,-1.));
#5212=VECTOR('',#5211,12.43);
#5213=LINE('',#5210,#5212);
#5214=EDGE_CURVE('',#5201,#5209,#5213,.T.);
#5215=ORIENTED_EDGE('',*,*,#5214,.T.);
#5216=CARTESIAN_POINT('',(-84.657613122,51.225698831,5.340075373));
#5217=VERTEX_POINT('',#5216);
#5218=CARTESIAN_POINT('',(-84.657613122,51.225698831,5.340075373));
#5219=DIRECTION('',(1.,-0.,-0.));
#5220=VECTOR('',#5219,2.);
#5221=LINE('',#5218,#5220);
#5222=EDGE_CURVE('',#5217,#5209,#5221,.T.);
#5223=ORIENTED_EDGE('',*,*,#5222,.F.);
#5224=CARTESIAN_POINT('',(-84.657613122,51.225698831,18.270075373));
#5225=DIRECTION('',(-0.,-0.,-1.));
#5226=VECTOR('',#5225,12.93);
#5227=LINE('',#5224,#5226);
#5228=EDGE_CURVE('',#4655,#5217,#5227,.T.);
#5229=ORIENTED_EDGE('',*,*,#5228,.F.);
#5230=EDGE_LOOP('',(#5199,#5207,#5215,#5223,#5229));
#5231=FACE_BOUND('',#5230,.T.);
#5232=ADVANCED_FACE('',(#5231),#5198,.F.);
#5233=CARTESIAN_POINT('',(-84.657613122,48.525698831,10.055075373));
#5234=DIRECTION('',(0.,-1.,0.));
#5235=DIRECTION('',(0.,-0.,-1.));
#5236=AXIS2_PLACEMENT_3D('',#5233,#5234,#5235);
#5237=PLANE('',#5236);
#5238=CARTESIAN_POINT('',(-82.657613122,48.525698831,17.770075373));
#5239=VERTEX_POINT('',#5238);
#5240=CARTESIAN_POINT('',(-82.657613122,48.525698831,17.770075373));
#5241=DIRECTION('',(0.,-0.,-1.));
#5242=VECTOR('',#5241,12.43);
#5243=LINE('',#5240,#5242);
#5244=EDGE_CURVE('',#5239,#5005,#5243,.T.);
#5245=ORIENTED_EDGE('',*,*,#5244,.F.);
#5246=CARTESIAN_POINT('',(-82.657613122,48.525698831,17.770075373));
#5247=DIRECTION('',(0.707106781,-0.,0.707106781));
#5248=VECTOR('',#5247,0.707106781);
#5249=LINE('',#5246,#5248);
#5250=EDGE_CURVE('',#5239,#4694,#5249,.T.);
#5251=ORIENTED_EDGE('',*,*,#5250,.T.);
#5252=ORIENTED_EDGE('',*,*,#4699,.F.);
#5253=CARTESIAN_POINT('',(-84.657613122,48.525698831,18.270075373));
#5254=DIRECTION('',(0.,-0.,-1.));
#5255=VECTOR('',#5254,12.93);
#5256=LINE('',#5253,#5255);
#5257=EDGE_CURVE('',#4686,#5013,#5256,.T.);
#5258=ORIENTED_EDGE('',*,*,#5257,.T.);
#5259=ORIENTED_EDGE('',*,*,#5018,.T.);
#5260=EDGE_LOOP('',(#5245,#5251,#5252,#5258,#5259));
#5261=FACE_BOUND('',#5260,.T.);
#5262=ADVANCED_FACE('',(#5261),#5237,.T.);
#5263=CARTESIAN_POINT('',(-82.657613122,-1.915436302,-2.029924627));
#5264=DIRECTION('',(-1.,0.,0.));
#5265=DIRECTION('',(0.,-0.,-1.));
#5266=AXIS2_PLACEMENT_3D('',#5263,#5264,#5265);
#5267=PLANE('',#5266);
#5268=ORIENTED_EDGE('',*,*,#1240,.T.);
#5269=CARTESIAN_POINT('',(-82.657613122,46.375698831,17.770075373));
#5270=DIRECTION('',(0.,1.,-0.));
#5271=VECTOR('',#5270,2.15);
#5272=LINE('',#5269,#5271);
#5273=EDGE_CURVE('',#1227,#5239,#5272,.T.);
#5274=ORIENTED_EDGE('',*,*,#5273,.T.);
#5275=ORIENTED_EDGE('',*,*,#5244,.T.);
#5276=ORIENTED_EDGE('',*,*,#5010,.F.);
#5277=CARTESIAN_POINT('',(-82.657613122,40.925698831,-2.804830563));
#5278=VERTEX_POINT('',#5277);
#5279=CARTESIAN_POINT('',(-82.657613122,40.925698831,-2.804830563));
#5280=DIRECTION('',(0.,0.,1.));
#5281=VECTOR('',#5280,8.144905936);
#5282=LINE('',#5279,#5281);
#5283=EDGE_CURVE('',#5278,#4997,#5282,.T.);
#5284=ORIENTED_EDGE('',*,*,#5283,.F.);
#5285=CARTESIAN_POINT('',(-82.657613122,-2.603365058,2.539866423));
#5286=VERTEX_POINT('',#5285);
#5287=CARTESIAN_POINT('',(-82.657613122,-2.603365058,2.539866423));
#5288=DIRECTION('',(0.,0.992546152,-0.121869343));
#5289=VECTOR('',#5288,43.85595956);
#5290=LINE('',#5287,#5289);
#5291=EDGE_CURVE('',#5286,#5278,#5290,.T.);
#5292=ORIENTED_EDGE('',*,*,#5291,.F.);
#5293=CARTESIAN_POINT('',(-82.657613122,-2.603365058,2.539866423));
#5294=DIRECTION('',(-0.,0.,1.));
#5295=VECTOR('',#5294,2.80020895);
#5296=LINE('',#5293,#5295);
#5297=EDGE_CURVE('',#5286,#5099,#5296,.T.);
#5298=ORIENTED_EDGE('',*,*,#5297,.T.);
#5299=ORIENTED_EDGE('',*,*,#5104,.F.);
#5300=CARTESIAN_POINT('',(-82.657613122,-6.878235834,5.860075373));
#5301=VERTEX_POINT('',#5300);
#5302=CARTESIAN_POINT('',(-82.657613122,-6.878235835,5.860075372));
#5303=DIRECTION('',(0.,0.64278761,-0.766044443));
#5304=VECTOR('',#5303,0.678811791);
#5305=LINE('',#5302,#5304);
#5306=EDGE_CURVE('',#5301,#5091,#5305,.T.);
#5307=ORIENTED_EDGE('',*,*,#5306,.F.);
#5308=CARTESIAN_POINT('',(-82.657613122,-6.878235834,5.860075373));
#5309=DIRECTION('',(-0.,1.,-0.));
#5310=VECTOR('',#5309,53.253934665);
#5311=LINE('',#5308,#5310);
#5312=EDGE_CURVE('',#5301,#1235,#5311,.T.);
#5313=ORIENTED_EDGE('',*,*,#5312,.T.);
#5314=EDGE_LOOP('',(#5268,#5274,#5275,#5276,#5284,#5292,#5298,#5299,#5307,#5313));
#5315=FACE_BOUND('',#5314,.T.);
#5316=ADVANCED_FACE('',(#5315),#5267,.T.);
#5317=CARTESIAN_POINT('',(-86.657613122,-0.868351169,5.340075373));
#5318=DIRECTION('',(0.,-0.,-1.));
#5319=DIRECTION('',(-1.,0.,0.));
#5320=AXIS2_PLACEMENT_3D('',#5317,#5318,#5319);
#5321=PLANE('',#5320);
#5322=CARTESIAN_POINT('',(-82.657613122,52.875698831,5.340075373));
#5323=VERTEX_POINT('',#5322);
#5324=CARTESIAN_POINT('',(-86.157613122,52.875698831,5.340075373));
#5325=VERTEX_POINT('',#5324);
#5326=CARTESIAN_POINT('',(-82.657613122,52.875698831,5.340075373));
#5327=DIRECTION('',(-1.,0.,0.));
#5328=VECTOR('',#5327,3.5);
#5329=LINE('',#5326,#5328);
#5330=EDGE_CURVE('',#5323,#5325,#5329,.T.);
#5331=ORIENTED_EDGE('',*,*,#5330,.T.);
#5332=CARTESIAN_POINT('',(-86.157613122,51.825698831,5.340075373));
#5333=VERTEX_POINT('',#5332);
#5334=CARTESIAN_POINT('',(-86.157613122,52.875698831,5.340075373));
#5335=DIRECTION('',(-0.,-1.,0.));
#5336=VECTOR('',#5335,1.05);
#5337=LINE('',#5334,#5336);
#5338=EDGE_CURVE('',#5325,#5333,#5337,.T.);
#5339=ORIENTED_EDGE('',*,*,#5338,.T.);
#5340=CARTESIAN_POINT('',(-84.657613122,51.825698831,5.340075373));
#5341=VERTEX_POINT('',#5340);
#5342=CARTESIAN_POINT('',(-86.157613122,51.825698831,5.340075373));
#5343=DIRECTION('',(1.,-0.,-0.));
#5344=VECTOR('',#5343,1.5);
#5345=LINE('',#5342,#5344);
#5346=EDGE_CURVE('',#5333,#5341,#5345,.T.);
#5347=ORIENTED_EDGE('',*,*,#5346,.T.);
#5348=CARTESIAN_POINT('',(-84.657613122,51.825698831,5.340075373));
#5349=DIRECTION('',(-0.,-1.,0.));
#5350=VECTOR('',#5349,0.6);
#5351=LINE('',#5348,#5350);
#5352=EDGE_CURVE('',#5341,#5217,#5351,.T.);
#5353=ORIENTED_EDGE('',*,*,#5352,.T.);
#5354=ORIENTED_EDGE('',*,*,#5222,.T.);
#5355=CARTESIAN_POINT('',(-82.657613122,51.225698831,5.340075373));
#5356=DIRECTION('',(0.,1.,-0.));
#5357=VECTOR('',#5356,1.65);
#5358=LINE('',#5355,#5357);
#5359=EDGE_CURVE('',#5209,#5323,#5358,.T.);
#5360=ORIENTED_EDGE('',*,*,#5359,.T.);
#5361=EDGE_LOOP('',(#5331,#5339,#5347,#5353,#5354,#5360));
#5362=FACE_BOUND('',#5361,.T.);
#5363=ADVANCED_FACE('',(#5362),#5321,.F.);
#5364=CARTESIAN_POINT('',(87.087613122,-0.868351169,5.340075373));
#5365=DIRECTION('',(0.,-0.,-1.));
#5366=DIRECTION('',(0.,1.,-0.));
#5367=AXIS2_PLACEMENT_3D('',#5364,#5365,#5366);
#5368=PLANE('',#5367);
#5369=CARTESIAN_POINT('',(86.587613122,51.825698831,5.340075373));
#5370=VERTEX_POINT('',#5369);
#5371=CARTESIAN_POINT('',(86.587613122,52.875698831,5.340075373));
#5372=VERTEX_POINT('',#5371);
#5373=CARTESIAN_POINT('',(86.587613122,51.825698831,5.340075373));
#5374=DIRECTION('',(0.,1.,-0.));
#5375=VECTOR('',#5374,1.05);
#5376=LINE('',#5373,#5375);
#5377=EDGE_CURVE('',#5370,#5372,#5376,.T.);
#5378=ORIENTED_EDGE('',*,*,#5377,.T.);
#5379=CARTESIAN_POINT('',(83.087613122,52.875698831,5.340075373));
#5380=VERTEX_POINT('',#5379);
#5381=CARTESIAN_POINT('',(86.587613122,52.875698831,5.340075373));
#5382=DIRECTION('',(-1.,-0.,0.));
#5383=VECTOR('',#5382,3.5);
#5384=LINE('',#5381,#5383);
#5385=EDGE_CURVE('',#5372,#5380,#5384,.T.);
#5386=ORIENTED_EDGE('',*,*,#5385,.T.);
#5387=CARTESIAN_POINT('',(83.087613122,51.225698831,5.340075373));
#5388=VERTEX_POINT('',#5387);
#5389=CARTESIAN_POINT('',(83.087613122,52.875698831,5.340075373));
#5390=DIRECTION('',(-0.,-1.,0.));
#5391=VECTOR('',#5390,1.65);
#5392=LINE('',#5389,#5391);
#5393=EDGE_CURVE('',#5380,#5388,#5392,.T.);
#5394=ORIENTED_EDGE('',*,*,#5393,.T.);
#5395=CARTESIAN_POINT('',(85.087613122,51.225698831,5.340075373));
#5396=VERTEX_POINT('',#5395);
#5397=CARTESIAN_POINT('',(85.087613122,51.225698831,5.340075373));
#5398=DIRECTION('',(-1.,-0.,0.));
#5399=VECTOR('',#5398,2.);
#5400=LINE('',#5397,#5399);
#5401=EDGE_CURVE('',#5396,#5388,#5400,.T.);
#5402=ORIENTED_EDGE('',*,*,#5401,.F.);
#5403=CARTESIAN_POINT('',(85.087613122,51.825698831,5.340075373));
#5404=VERTEX_POINT('',#5403);
#5405=CARTESIAN_POINT('',(85.087613122,51.225698831,5.340075373));
#5406=DIRECTION('',(0.,1.,-0.));
#5407=VECTOR('',#5406,0.6);
#5408=LINE('',#5405,#5407);
#5409=EDGE_CURVE('',#5396,#5404,#5408,.T.);
#5410=ORIENTED_EDGE('',*,*,#5409,.T.);
#5411=CARTESIAN_POINT('',(86.587613122,51.825698831,5.340075373));
#5412=DIRECTION('',(-1.,-0.,0.));
#5413=VECTOR('',#5412,1.5);
#5414=LINE('',#5411,#5413);
#5415=EDGE_CURVE('',#5370,#5404,#5414,.T.);
#5416=ORIENTED_EDGE('',*,*,#5415,.F.);
#5417=EDGE_LOOP('',(#5378,#5386,#5394,#5402,#5410,#5416));
#5418=FACE_BOUND('',#5417,.T.);
#5419=ADVANCED_FACE('',(#5418),#5368,.F.);
#5420=CARTESIAN_POINT('',(83.087613122,-0.915436302,-0.429924627));
#5421=DIRECTION('',(1.,0.,0.));
#5422=DIRECTION('',(0.,-0.,-1.));
#5423=AXIS2_PLACEMENT_3D('',#5420,#5421,#5422);
#5424=PLANE('',#5423);
#5425=ORIENTED_EDGE('',*,*,#2722,.F.);
#5426=CARTESIAN_POINT('',(83.087613122,51.225698831,17.770075373));
#5427=VERTEX_POINT('',#5426);
#5428=CARTESIAN_POINT('',(83.087613122,53.375698831,17.770075373));
#5429=DIRECTION('',(0.,-1.,0.));
#5430=VECTOR('',#5429,2.15);
#5431=LINE('',#5428,#5430);
#5432=EDGE_CURVE('',#2709,#5427,#5431,.T.);
#5433=ORIENTED_EDGE('',*,*,#5432,.T.);
#5434=CARTESIAN_POINT('',(83.087613122,51.225698831,17.770075373));
#5435=DIRECTION('',(0.,-0.,-1.));
#5436=VECTOR('',#5435,12.43);
#5437=LINE('',#5434,#5436);
#5438=EDGE_CURVE('',#5427,#5388,#5437,.T.);
#5439=ORIENTED_EDGE('',*,*,#5438,.T.);
#5440=ORIENTED_EDGE('',*,*,#5393,.F.);
#5441=CARTESIAN_POINT('',(83.087613122,52.875698831,5.340075373));
#5442=DIRECTION('',(0.,0.707106781,-0.707106781));
#5443=VECTOR('',#5442,0.707106781);
#5444=LINE('',#5441,#5443);
#5445=EDGE_CURVE('',#5380,#2717,#5444,.T.);
#5446=ORIENTED_EDGE('',*,*,#5445,.T.);
#5447=EDGE_LOOP('',(#5425,#5433,#5439,#5440,#5446));
#5448=FACE_BOUND('',#5447,.T.);
#5449=ADVANCED_FACE('',(#5448),#5424,.T.);
#5450=CARTESIAN_POINT('',(83.087613122,-1.915436302,-0.429924627));
#5451=DIRECTION('',(1.,0.,0.));
#5452=DIRECTION('',(0.,-0.,-1.));
#5453=AXIS2_PLACEMENT_3D('',#5450,#5451,#5452);
#5454=PLANE('',#5453);
#5455=CARTESIAN_POINT('',(83.087613122,48.525698831,17.770075373));
#5456=VERTEX_POINT('',#5455);
#5457=CARTESIAN_POINT('',(83.087613122,48.525698831,17.770075373));
#5458=DIRECTION('',(0.,-0.,-1.));
#5459=VECTOR('',#5458,12.43);
#5460=LINE('',#5457,#5459);
#5461=EDGE_CURVE('',#5456,#5154,#5460,.T.);
#5462=ORIENTED_EDGE('',*,*,#5461,.F.);
#5463=CARTESIAN_POINT('',(83.087613122,48.525698831,17.770075373));
#5464=DIRECTION('',(0.,-1.,0.));
#5465=VECTOR('',#5464,2.15);
#5466=LINE('',#5463,#5465);
#5467=EDGE_CURVE('',#5456,#1087,#5466,.T.);
#5468=ORIENTED_EDGE('',*,*,#5467,.T.);
#5469=ORIENTED_EDGE('',*,*,#1092,.F.);
#5470=CARTESIAN_POINT('',(83.087613122,-6.886626831,5.870075372));
#5471=VERTEX_POINT('',#5470);
#5472=CARTESIAN_POINT('',(83.087613122,46.375698831,5.870075373));
#5473=DIRECTION('',(-0.,-1.,0.));
#5474=VECTOR('',#5473,53.262325662);
#5475=LINE('',#5472,#5474);
#5476=EDGE_CURVE('',#1079,#5471,#5475,.T.);
#5477=ORIENTED_EDGE('',*,*,#5476,.T.);
#5478=CARTESIAN_POINT('',(83.087613122,-6.441904026,5.340075372));
#5479=DIRECTION('',(-0.,-0.64278761,0.766044443));
#5480=VECTOR('',#5479,0.691865864);
#5481=LINE('',#5478,#5480);
#5482=EDGE_CURVE('',#5083,#5471,#5481,.T.);
#5483=ORIENTED_EDGE('',*,*,#5482,.F.);
#5484=ORIENTED_EDGE('',*,*,#5088,.F.);
#5485=CARTESIAN_POINT('',(83.087613122,-2.603365058,2.539866424));
#5486=VERTEX_POINT('',#5485);
#5487=CARTESIAN_POINT('',(83.087613122,-2.603365058,2.539866424));
#5488=DIRECTION('',(0.,0.,1.));
#5489=VECTOR('',#5488,2.800208949);
#5490=LINE('',#5487,#5489);
#5491=EDGE_CURVE('',#5486,#5075,#5490,.T.);
#5492=ORIENTED_EDGE('',*,*,#5491,.F.);
#5493=CARTESIAN_POINT('',(83.087613122,40.925698832,-2.804830553));
#5494=VERTEX_POINT('',#5493);
#5495=CARTESIAN_POINT('',(83.087613122,40.925698832,-2.804830553));
#5496=DIRECTION('',(-0.,-0.992546152,0.121869343));
#5497=VECTOR('',#5496,43.85595956);
#5498=LINE('',#5495,#5497);
#5499=EDGE_CURVE('',#5494,#5486,#5498,.T.);
#5500=ORIENTED_EDGE('',*,*,#5499,.F.);
#5501=CARTESIAN_POINT('',(83.087613122,40.925698831,-2.804830553));
#5502=DIRECTION('',(-0.,0.,1.));
#5503=VECTOR('',#5502,8.144905926);
#5504=LINE('',#5501,#5503);
#5505=EDGE_CURVE('',#5494,#5162,#5504,.T.);
#5506=ORIENTED_EDGE('',*,*,#5505,.T.);
#5507=ORIENTED_EDGE('',*,*,#5167,.F.);
#5508=EDGE_LOOP('',(#5462,#5468,#5469,#5477,#5483,#5484,#5492,#5500,#5506,#5507));
#5509=FACE_BOUND('',#5508,.T.);
#5510=ADVANCED_FACE('',(#5509),#5454,.T.);
#5511=CARTESIAN_POINT('',(-80.657613122,-1.768351169,7.860075373));
#5512=DIRECTION('',(0.707106781,0.,-0.707106781));
#5513=DIRECTION('',(0.,-1.,0.));
#5514=AXIS2_PLACEMENT_3D('',#5511,#5512,#5513);
#5515=PLANE('',#5514);
#5516=ORIENTED_EDGE('',*,*,#5312,.F.);
#5517=CARTESIAN_POINT('',(-80.647613122,-8.564826091,7.870075373));
#5518=VERTEX_POINT('',#5517);
#5519=CARTESIAN_POINT('',(-82.657613122,-6.878235833,5.860075373));
#5520=DIRECTION('',(0.608120402,-0.510273605,0.608120402));
#5521=VECTOR('',#5520,3.305266509);
#5522=LINE('',#5519,#5521);
#5523=EDGE_CURVE('',#5301,#5518,#5522,.T.);
#5524=ORIENTED_EDGE('',*,*,#5523,.T.);
#5525=CARTESIAN_POINT('',(-80.647613122,46.375698831,7.870075373));
#5526=DIRECTION('',(-0.,-1.,0.));
#5527=VECTOR('',#5526,54.940524922);
#5528=LINE('',#5525,#5527);
#5529=EDGE_CURVE('',#1243,#5518,#5528,.T.);
#5530=ORIENTED_EDGE('',*,*,#5529,.F.);
#5531=ORIENTED_EDGE('',*,*,#1248,.T.);
#5532=EDGE_LOOP('',(#5516,#5524,#5530,#5531));
#5533=FACE_BOUND('',#5532,.T.);
#5534=ADVANCED_FACE('',(#5533),#5515,.F.);
#5535=CARTESIAN_POINT('',(-0.5,0.231648831,7.370075373));
#5536=DIRECTION('',(0.,0.,1.));
#5537=DIRECTION('',(1.,0.,0.));
#5538=AXIS2_PLACEMENT_3D('',#5535,#5536,#5537);
#5539=PLANE('',#5538);
#5540=CARTESIAN_POINT('',(14.165,-3.044664515,7.370075373));
#5541=VERTEX_POINT('',#5540);
#5542=CARTESIAN_POINT('',(14.165,-3.044664515,7.370075373));
#5543=DIRECTION('',(0.707106781,-0.707106781,0.));
#5544=VECTOR('',#5543,3.252691193);
#5545=LINE('',#5542,#5544);
#5546=EDGE_CURVE('',#5541,#63,#5545,.T.);
#5547=ORIENTED_EDGE('',*,*,#5546,.F.);
#5548=CARTESIAN_POINT('',(-43.735,-3.044664515,7.370075373));
#5549=VERTEX_POINT('',#5548);
#5550=CARTESIAN_POINT('',(14.165,-3.044664515,7.370075373));
#5551=DIRECTION('',(-1.,0.,-0.));
#5552=VECTOR('',#5551,57.9);
#5553=LINE('',#5550,#5552);
#5554=EDGE_CURVE('',#5541,#5549,#5553,.T.);
#5555=ORIENTED_EDGE('',*,*,#5554,.T.);
#5556=CARTESIAN_POINT('',(-46.035,-5.344664515,7.370075373));
#5557=VERTEX_POINT('',#5556);
#5558=CARTESIAN_POINT('',(-43.735,-3.044664515,7.370075373));
#5559=DIRECTION('',(-0.707106781,-0.707106781,0.));
#5560=VECTOR('',#5559,3.252691193);
#5561=LINE('',#5558,#5560);
#5562=EDGE_CURVE('',#5549,#5557,#5561,.T.);
#5563=ORIENTED_EDGE('',*,*,#5562,.T.);
#5564=CARTESIAN_POINT('',(-77.057613122,-5.344664515,7.370075373));
#5565=VERTEX_POINT('',#5564);
#5566=CARTESIAN_POINT('',(-46.035,-5.344664515,7.370075373));
#5567=DIRECTION('',(-1.,-0.,0.));
#5568=VECTOR('',#5567,31.022613122);
#5569=LINE('',#5566,#5568);
#5570=EDGE_CURVE('',#5557,#5565,#5569,.T.);
#5571=ORIENTED_EDGE('',*,*,#5570,.T.);
#5572=CARTESIAN_POINT('',(-77.057613122,-5.344664515,7.370075373));
#5573=DIRECTION('',(0.,1.,-0.));
#5574=VECTOR('',#5573,51.720363346);
#5575=LINE('',#5572,#5574);
#5576=EDGE_CURVE('',#5565,#1267,#5575,.T.);
#5577=ORIENTED_EDGE('',*,*,#5576,.T.);
#5578=ORIENTED_EDGE('',*,*,#1272,.T.);
#5579=CARTESIAN_POINT('',(-79.147613122,-8.145276278,7.370075372));
#5580=VERTEX_POINT('',#5579);
#5581=CARTESIAN_POINT('',(-79.147613122,46.375698831,7.370075373));
#5582=DIRECTION('',(-0.,-1.,0.));
#5583=VECTOR('',#5582,54.520975109);
#5584=LINE('',#5581,#5583);
#5585=EDGE_CURVE('',#1259,#5580,#5584,.T.);
#5586=ORIENTED_EDGE('',*,*,#5585,.T.);
#5587=CARTESIAN_POINT('',(79.587613122,-8.145276278,7.370075372));
#5588=VERTEX_POINT('',#5587);
#5589=CARTESIAN_POINT('',(79.587613122,-8.145276278,7.370075371));
#5590=DIRECTION('',(-1.,-0.,0.));
#5591=VECTOR('',#5590,158.735226244);
#5592=LINE('',#5589,#5591);
#5593=EDGE_CURVE('',#5588,#5580,#5592,.T.);
#5594=ORIENTED_EDGE('',*,*,#5593,.F.);
#5595=CARTESIAN_POINT('',(79.587613122,46.375698831,7.370075373));
#5596=DIRECTION('',(-0.,-1.,0.));
#5597=VECTOR('',#5596,54.520975109);
#5598=LINE('',#5595,#5597);
#5599=EDGE_CURVE('',#1055,#5588,#5598,.T.);
#5600=ORIENTED_EDGE('',*,*,#5599,.F.);
#5601=ORIENTED_EDGE('',*,*,#1060,.F.);
#5602=CARTESIAN_POINT('',(77.487613122,46.375698831,7.370075373));
#5603=DIRECTION('',(-0.,-1.,0.));
#5604=VECTOR('',#5603,51.720363346);
#5605=LINE('',#5602,#5604);
#5606=EDGE_CURVE('',#1047,#71,#5605,.T.);
#5607=ORIENTED_EDGE('',*,*,#5606,.T.);
#5608=ORIENTED_EDGE('',*,*,#76,.T.);
#5609=EDGE_LOOP('',(#5547,#5555,#5563,#5571,#5577,#5578,#5586,#5594,#5600,#5601,#5607,#5608));
#5610=FACE_BOUND('',#5609,.T.);
#5611=ADVANCED_FACE('',(#5610),#5539,.T.);
#5612=CARTESIAN_POINT('',(-82.657613122,-0.915436302,-2.029924627));
#5613=DIRECTION('',(-1.,0.,0.));
#5614=DIRECTION('',(0.,-0.,-1.));
#5615=AXIS2_PLACEMENT_3D('',#5612,#5613,#5614);
#5616=PLANE('',#5615);
#5617=ORIENTED_EDGE('',*,*,#5214,.F.);
#5618=CARTESIAN_POINT('',(-82.657613122,51.225698831,17.770075373));
#5619=DIRECTION('',(0.,1.,-0.));
#5620=VECTOR('',#5619,2.15);
#5621=LINE('',#5618,#5620);
#5622=EDGE_CURVE('',#5201,#2765,#5621,.T.);
#5623=ORIENTED_EDGE('',*,*,#5622,.T.);
#5624=ORIENTED_EDGE('',*,*,#2770,.T.);
#5625=CARTESIAN_POINT('',(-82.657613122,53.375698831,4.840075373));
#5626=DIRECTION('',(0.,-0.707106781,0.707106781));
#5627=VECTOR('',#5626,0.707106781);
#5628=LINE('',#5625,#5627);
#5629=EDGE_CURVE('',#2757,#5323,#5628,.T.);
#5630=ORIENTED_EDGE('',*,*,#5629,.T.);
#5631=ORIENTED_EDGE('',*,*,#5359,.F.);
#5632=EDGE_LOOP('',(#5617,#5623,#5624,#5630,#5631));
#5633=FACE_BOUND('',#5632,.T.);
#5634=ADVANCED_FACE('',(#5633),#5616,.T.);
#5635=CARTESIAN_POINT('',(83.087613122,-1.915436302,5.870075373));
#5636=DIRECTION('',(-0.707106781,0.,-0.707106781));
#5637=DIRECTION('',(-0.,-1.,0.));
#5638=AXIS2_PLACEMENT_3D('',#5635,#5636,#5637);
#5639=PLANE('',#5638);
#5640=CARTESIAN_POINT('',(81.087613122,-8.564826094,7.870075372));
#5641=VERTEX_POINT('',#5640);
#5642=CARTESIAN_POINT('',(81.087613122,-8.564826094,7.870075373));
#5643=DIRECTION('',(0.,1.,-0.));
#5644=VECTOR('',#5643,54.940524925);
#5645=LINE('',#5642,#5644);
#5646=EDGE_CURVE('',#5641,#1071,#5645,.T.);
#5647=ORIENTED_EDGE('',*,*,#5646,.F.);
#5648=CARTESIAN_POINT('',(83.087613122,-6.886626831,5.870075372));
#5649=DIRECTION('',(-0.608120402,-0.510273606,0.608120402));
#5650=VECTOR('',#5649,3.288822398);
#5651=LINE('',#5648,#5650);
#5652=EDGE_CURVE('',#5471,#5641,#5651,.T.);
#5653=ORIENTED_EDGE('',*,*,#5652,.F.);
#5654=ORIENTED_EDGE('',*,*,#5476,.F.);
#5655=ORIENTED_EDGE('',*,*,#1084,.F.);
#5656=EDGE_LOOP('',(#5647,#5653,#5654,#5655));
#5657=FACE_BOUND('',#5656,.T.);
#5658=ADVANCED_FACE('',(#5657),#5639,.F.);
#5659=CARTESIAN_POINT('',(-40.,-1.768351169,7.870075373));
#5660=DIRECTION('',(0.,0.,1.));
#5661=DIRECTION('',(1.,0.,0.));
#5662=AXIS2_PLACEMENT_3D('',#5659,#5660,#5661);
#5663=PLANE('',#5662);
#5664=CARTESIAN_POINT('',(80.087613122,-8.564826094,7.870075372));
#5665=VERTEX_POINT('',#5664);
#5666=CARTESIAN_POINT('',(80.087613122,46.375698831,7.870075373));
#5667=DIRECTION('',(-0.,-1.,0.));
#5668=VECTOR('',#5667,54.940524925);
#5669=LINE('',#5666,#5668);
#5670=EDGE_CURVE('',#1063,#5665,#5669,.T.);
#5671=ORIENTED_EDGE('',*,*,#5670,.T.);
#5672=CARTESIAN_POINT('',(81.087613122,-8.564826093,7.870075371));
#5673=DIRECTION('',(-1.,-0.,0.));
#5674=VECTOR('',#5673,0.999999999);
#5675=LINE('',#5672,#5674);
#5676=EDGE_CURVE('',#5641,#5665,#5675,.T.);
#5677=ORIENTED_EDGE('',*,*,#5676,.F.);
#5678=ORIENTED_EDGE('',*,*,#5646,.T.);
#5679=ORIENTED_EDGE('',*,*,#1076,.F.);
#5680=EDGE_LOOP('',(#5671,#5677,#5678,#5679));
#5681=FACE_BOUND('',#5680,.T.);
#5682=ADVANCED_FACE('',(#5681),#5663,.T.);
#5683=CARTESIAN_POINT('',(80.087613122,-1.768351169,7.870075373));
#5684=DIRECTION('',(-0.707106781,0.,0.707106781));
#5685=DIRECTION('',(-0.,1.,-0.));
#5686=AXIS2_PLACEMENT_3D('',#5683,#5684,#5685);
#5687=PLANE('',#5686);
#5688=ORIENTED_EDGE('',*,*,#5599,.T.);
#5689=CARTESIAN_POINT('',(80.087613123,-8.564826094,7.870075372));
#5690=DIRECTION('',(-0.608120403,0.510273605,-0.608120402));
#5691=VECTOR('',#5690,0.822205599);
#5692=LINE('',#5689,#5691);
#5693=EDGE_CURVE('',#5665,#5588,#5692,.T.);
#5694=ORIENTED_EDGE('',*,*,#5693,.F.);
#5695=ORIENTED_EDGE('',*,*,#5670,.F.);
#5696=ORIENTED_EDGE('',*,*,#1068,.T.);
#5697=EDGE_LOOP('',(#5688,#5694,#5695,#5696));
#5698=FACE_BOUND('',#5697,.T.);
#5699=ADVANCED_FACE('',(#5698),#5687,.T.);
#5700=CARTESIAN_POINT('',(40.,-1.768351169,7.870075373));
#5701=DIRECTION('',(0.,0.,1.));
#5702=DIRECTION('',(1.,0.,0.));
#5703=AXIS2_PLACEMENT_3D('',#5700,#5701,#5702);
#5704=PLANE('',#5703);
#5705=ORIENTED_EDGE('',*,*,#5529,.T.);
#5706=CARTESIAN_POINT('',(-79.647613122,-8.564826093,7.870075373));
#5707=VERTEX_POINT('',#5706);
#5708=CARTESIAN_POINT('',(-80.647613122,-8.564826091,7.870075373));
#5709=DIRECTION('',(1.,0.,-0.));
#5710=VECTOR('',#5709,1.);
#5711=LINE('',#5708,#5710);
#5712=EDGE_CURVE('',#5518,#5707,#5711,.T.);
#5713=ORIENTED_EDGE('',*,*,#5712,.T.);
#5714=CARTESIAN_POINT('',(-79.647613122,-8.564826093,7.870075373));
#5715=DIRECTION('',(0.,1.,-0.));
#5716=VECTOR('',#5715,54.940524924);
#5717=LINE('',#5714,#5716);
#5718=EDGE_CURVE('',#5707,#1251,#5717,.T.);
#5719=ORIENTED_EDGE('',*,*,#5718,.T.);
#5720=ORIENTED_EDGE('',*,*,#1256,.T.);
#5721=EDGE_LOOP('',(#5705,#5713,#5719,#5720));
#5722=FACE_BOUND('',#5721,.T.);
#5723=ADVANCED_FACE('',(#5722),#5704,.T.);
#5724=CARTESIAN_POINT('',(-0.5,-5.344664515,7.370075373));
#5725=DIRECTION('',(0.,-0.707106781,-0.707106781));
#5726=DIRECTION('',(-1.,0.,0.));
#5727=AXIS2_PLACEMENT_3D('',#5724,#5725,#5726);
#5728=PLANE('',#5727);
#5729=ORIENTED_EDGE('',*,*,#5570,.F.);
#5730=CARTESIAN_POINT('',(-45.535,-4.844664515,6.870075373));
#5731=DIRECTION('',(-0.577350269,-0.577350269,0.577350269));
#5732=VECTOR('',#5731,0.866025404);
#5733=LINE('',#5730,#5732);
#5734=EDGE_CURVE('',#171,#5557,#5733,.T.);
#5735=ORIENTED_EDGE('',*,*,#5734,.F.);
#5736=ORIENTED_EDGE('',*,*,#176,.F.);
#5737=CARTESIAN_POINT('',(-76.557613122,-4.844664515,6.870075373));
#5738=DIRECTION('',(-0.577350269,-0.577350269,0.577350269));
#5739=VECTOR('',#5738,0.866025404);
#5740=LINE('',#5737,#5739);
#5741=EDGE_CURVE('',#169,#5565,#5740,.T.);
#5742=ORIENTED_EDGE('',*,*,#5741,.T.);
#5743=EDGE_LOOP('',(#5729,#5735,#5736,#5742));
#5744=FACE_BOUND('',#5743,.T.);
#5745=ADVANCED_FACE('',(#5744),#5728,.F.);
#5746=CARTESIAN_POINT('',(-77.057613122,-1.768351169,7.370075373));
#5747=DIRECTION('',(-0.707106781,0.,-0.707106781));
#5748=DIRECTION('',(0.,1.,-0.));
#5749=AXIS2_PLACEMENT_3D('',#5746,#5747,#5748);
#5750=PLANE('',#5749);
#5751=ORIENTED_EDGE('',*,*,#4958,.F.);
#5752=ORIENTED_EDGE('',*,*,#1278,.T.);
#5753=ORIENTED_EDGE('',*,*,#5576,.F.);
#5754=ORIENTED_EDGE('',*,*,#5741,.F.);
#5755=EDGE_LOOP('',(#5751,#5752,#5753,#5754));
#5756=FACE_BOUND('',#5755,.T.);
#5757=ADVANCED_FACE('',(#5756),#5750,.F.);
#5758=CARTESIAN_POINT('',(77.487613122,-1.768351169,7.370075373));
#5759=DIRECTION('',(0.707106781,0.,-0.707106781));
#5760=DIRECTION('',(0.,-1.,0.));
#5761=AXIS2_PLACEMENT_3D('',#5758,#5759,#5760);
#5762=PLANE('',#5761);
#5763=ORIENTED_EDGE('',*,*,#1052,.F.);
#5764=ORIENTED_EDGE('',*,*,#3946,.F.);
#5765=ORIENTED_EDGE('',*,*,#84,.F.);
#5766=ORIENTED_EDGE('',*,*,#5606,.F.);
#5767=EDGE_LOOP('',(#5763,#5764,#5765,#5766));
#5768=FACE_BOUND('',#5767,.T.);
#5769=ADVANCED_FACE('',(#5768),#5762,.F.);
#5770=CARTESIAN_POINT('',(85.087613122,-23.094626304,-12.749507111));
#5771=DIRECTION('',(0.,-0.766044443,0.64278761));
#5772=DIRECTION('',(1.,0.,0.));
#5773=AXIS2_PLACEMENT_3D('',#5770,#5771,#5772);
#5774=PLANE('',#5773);
#5775=ORIENTED_EDGE('',*,*,#5049,.F.);
#5776=CARTESIAN_POINT('',(-86.157613122,-7.915664307,5.340075369));
#5777=DIRECTION('',(0.,-0.64278761,-0.766044443));
#5778=VECTOR('',#5777,4.926761896);
#5779=LINE('',#5776,#5778);
#5780=EDGE_CURVE('',#5036,#3774,#5779,.T.);
#5781=ORIENTED_EDGE('',*,*,#5780,.T.);
#5782=ORIENTED_EDGE('',*,*,#3779,.F.);
#5783=CARTESIAN_POINT('',(86.587613122,-11.082525809,1.565956799));
#5784=DIRECTION('',(0.,0.64278761,0.766044443));
#5785=VECTOR('',#5784,4.926761893);
#5786=LINE('',#5783,#5785);
#5787=EDGE_CURVE('',#3772,#5044,#5786,.T.);
#5788=ORIENTED_EDGE('',*,*,#5787,.T.);
#5789=EDGE_LOOP('',(#5775,#5781,#5782,#5788));
#5790=FACE_BOUND('',#5789,.T.);
#5791=ADVANCED_FACE('',(#5790),#5774,.T.);
#5792=CARTESIAN_POINT('',(87.087613122,51.825698831,10.055075373));
#5793=DIRECTION('',(0.,1.,-0.));
#5794=DIRECTION('',(0.,0.,1.));
#5795=AXIS2_PLACEMENT_3D('',#5792,#5793,#5794);
#5796=PLANE('',#5795);
#5797=ORIENTED_EDGE('',*,*,#4866,.F.);
#5798=ORIENTED_EDGE('',*,*,#4450,.T.);
#5799=CARTESIAN_POINT('',(87.087613122,51.825698831,4.840075373));
#5800=DIRECTION('',(-0.707106781,0.,0.707106781));
#5801=VECTOR('',#5800,0.707106781);
#5802=LINE('',#5799,#5801);
#5803=EDGE_CURVE('',#4437,#5370,#5802,.T.);
#5804=ORIENTED_EDGE('',*,*,#5803,.T.);
#5805=ORIENTED_EDGE('',*,*,#5415,.T.);
#5806=CARTESIAN_POINT('',(85.087613122,51.825698831,18.270075373));
#5807=DIRECTION('',(0.,-0.,-1.));
#5808=VECTOR('',#5807,12.93);
#5809=LINE('',#5806,#5808);
#5810=EDGE_CURVE('',#4861,#5404,#5809,.T.);
#5811=ORIENTED_EDGE('',*,*,#5810,.F.);
#5812=EDGE_LOOP('',(#5797,#5798,#5804,#5805,#5811));
#5813=FACE_BOUND('',#5812,.T.);
#5814=ADVANCED_FACE('',(#5813),#5796,.T.);
#5815=CARTESIAN_POINT('',(87.087613122,47.925698831,10.055075373));
#5816=DIRECTION('',(0.,1.,-0.));
#5817=DIRECTION('',(0.,0.,1.));
#5818=AXIS2_PLACEMENT_3D('',#5815,#5816,#5817);
#5819=PLANE('',#5818);
#5820=ORIENTED_EDGE('',*,*,#5143,.F.);
#5821=ORIENTED_EDGE('',*,*,#4466,.T.);
#5822=ORIENTED_EDGE('',*,*,#4857,.T.);
#5823=CARTESIAN_POINT('',(85.087613122,47.925698831,18.270075373));
#5824=DIRECTION('',(-0.,-0.,-1.));
#5825=VECTOR('',#5824,12.93);
#5826=LINE('',#5823,#5825);
#5827=EDGE_CURVE('',#4846,#5138,#5826,.T.);
#5828=ORIENTED_EDGE('',*,*,#5827,.T.);
#5829=EDGE_LOOP('',(#5820,#5821,#5822,#5828));
#5830=FACE_BOUND('',#5829,.T.);
#5831=ADVANCED_FACE('',(#5830),#5819,.F.);
#5832=CARTESIAN_POINT('',(85.087613122,51.275698831,10.055075373));
#5833=DIRECTION('',(1.,0.,0.));
#5834=DIRECTION('',(0.,-0.,-1.));
#5835=AXIS2_PLACEMENT_3D('',#5832,#5833,#5834);
#5836=PLANE('',#5835);
#5837=ORIENTED_EDGE('',*,*,#5810,.T.);
#5838=ORIENTED_EDGE('',*,*,#5409,.F.);
#5839=CARTESIAN_POINT('',(85.087613122,51.225698831,18.270075373));
#5840=DIRECTION('',(-0.,-0.,-1.));
#5841=VECTOR('',#5840,12.93);
#5842=LINE('',#5839,#5841);
#5843=EDGE_CURVE('',#4869,#5396,#5842,.T.);
#5844=ORIENTED_EDGE('',*,*,#5843,.F.);
#5845=ORIENTED_EDGE('',*,*,#4874,.T.);
#5846=EDGE_LOOP('',(#5837,#5838,#5844,#5845));
#5847=FACE_BOUND('',#5846,.T.);
#5848=ADVANCED_FACE('',(#5847),#5836,.F.);
#5849=CARTESIAN_POINT('',(0.,51.225698831,-0.312744411));
#5850=DIRECTION('',(0.,1.,-0.));
#5851=DIRECTION('',(0.,0.,1.));
#5852=AXIS2_PLACEMENT_3D('',#5849,#5850,#5851);
#5853=PLANE('',#5852);
#5854=ORIENTED_EDGE('',*,*,#5438,.F.);
#5855=CARTESIAN_POINT('',(83.087613122,51.225698831,17.770075373));
#5856=DIRECTION('',(-0.707106781,-0.,0.707106781));
#5857=VECTOR('',#5856,0.707106781);
#5858=LINE('',#5855,#5857);
#5859=EDGE_CURVE('',#5427,#4877,#5858,.T.);
#5860=ORIENTED_EDGE('',*,*,#5859,.T.);
#5861=ORIENTED_EDGE('',*,*,#4882,.F.);
#5862=ORIENTED_EDGE('',*,*,#5843,.T.);
#5863=ORIENTED_EDGE('',*,*,#5401,.T.);
#5864=EDGE_LOOP('',(#5854,#5860,#5861,#5862,#5863));
#5865=FACE_BOUND('',#5864,.T.);
#5866=ADVANCED_FACE('',(#5865),#5853,.T.);
#5867=CARTESIAN_POINT('',(85.087613122,48.475698831,10.055075373));
#5868=DIRECTION('',(-1.,0.,0.));
#5869=DIRECTION('',(0.,0.,1.));
#5870=AXIS2_PLACEMENT_3D('',#5867,#5868,#5869);
#5871=PLANE('',#5870);
#5872=ORIENTED_EDGE('',*,*,#5827,.F.);
#5873=ORIENTED_EDGE('',*,*,#4851,.F.);
#5874=CARTESIAN_POINT('',(85.087613122,48.525698831,18.270075373));
#5875=DIRECTION('',(-0.,-0.,-1.));
#5876=VECTOR('',#5875,12.93);
#5877=LINE('',#5874,#5876);
#5878=EDGE_CURVE('',#4838,#5146,#5877,.T.);
#5879=ORIENTED_EDGE('',*,*,#5878,.T.);
#5880=ORIENTED_EDGE('',*,*,#5151,.T.);
#5881=EDGE_LOOP('',(#5872,#5873,#5879,#5880));
#5882=FACE_BOUND('',#5881,.T.);
#5883=ADVANCED_FACE('',(#5882),#5871,.T.);
#5884=CARTESIAN_POINT('',(0.,48.525698831,-0.312744411));
#5885=DIRECTION('',(0.,-1.,0.));
#5886=DIRECTION('',(0.,-0.,-1.));
#5887=AXIS2_PLACEMENT_3D('',#5884,#5885,#5886);
#5888=PLANE('',#5887);
#5889=ORIENTED_EDGE('',*,*,#4843,.T.);
#5890=CARTESIAN_POINT('',(82.587613122,48.525698831,18.270075373));
#5891=DIRECTION('',(0.707106781,-0.,-0.707106781));
#5892=VECTOR('',#5891,0.707106781);
#5893=LINE('',#5890,#5892);
#5894=EDGE_CURVE('',#4830,#5456,#5893,.T.);
#5895=ORIENTED_EDGE('',*,*,#5894,.T.);
#5896=ORIENTED_EDGE('',*,*,#5461,.T.);
#5897=ORIENTED_EDGE('',*,*,#5159,.F.);
#5898=ORIENTED_EDGE('',*,*,#5878,.F.);
#5899=EDGE_LOOP('',(#5889,#5895,#5896,#5897,#5898));
#5900=FACE_BOUND('',#5899,.T.);
#5901=ADVANCED_FACE('',(#5900),#5888,.T.);
#5902=CARTESIAN_POINT('',(86.587613122,-0.868351169,5.340075373));
#5903=DIRECTION('',(0.707106781,0.,0.707106781));
#5904=DIRECTION('',(-0.,-1.,0.));
#5905=AXIS2_PLACEMENT_3D('',#5902,#5903,#5904);
#5906=PLANE('',#5905);
#5907=ORIENTED_EDGE('',*,*,#5803,.F.);
#5908=ORIENTED_EDGE('',*,*,#4442,.F.);
#5909=CARTESIAN_POINT('',(86.587613122,52.875698831,5.340075373));
#5910=DIRECTION('',(0.707106781,0.,-0.707106781));
#5911=VECTOR('',#5910,0.707106781);
#5912=LINE('',#5909,#5911);
#5913=EDGE_CURVE('',#5372,#4429,#5912,.T.);
#5914=ORIENTED_EDGE('',*,*,#5913,.F.);
#5915=ORIENTED_EDGE('',*,*,#5377,.F.);
#5916=EDGE_LOOP('',(#5907,#5908,#5914,#5915));
#5917=FACE_BOUND('',#5916,.T.);
#5918=ADVANCED_FACE('',(#5917),#5906,.T.);
#5919=CARTESIAN_POINT('',(87.087613122,52.875698831,-0.312744411));
#5920=DIRECTION('',(-0.707106781,-0.707106781,0.));
#5921=DIRECTION('',(-0.,0.,1.));
#5922=AXIS2_PLACEMENT_3D('',#5919,#5920,#5921);
#5923=PLANE('',#5922);
#5924=ORIENTED_EDGE('',*,*,#4434,.F.);
#5925=CARTESIAN_POINT('',(87.087613122,52.875698831,-4.449241893));
#5926=DIRECTION('',(-0.67228857,0.67228857,-0.309929276));
#5927=VECTOR('',#5926,0.743728247);
#5928=LINE('',#5925,#5927);
#5929=EDGE_CURVE('',#4421,#2733,#5928,.T.);
#5930=ORIENTED_EDGE('',*,*,#5929,.T.);
#5931=ORIENTED_EDGE('',*,*,#2738,.F.);
#5932=CARTESIAN_POINT('',(87.087613122,52.875698831,4.840075373));
#5933=DIRECTION('',(-0.707106781,0.707106781,0.));
#5934=VECTOR('',#5933,0.707106781);
#5935=LINE('',#5932,#5934);
#5936=EDGE_CURVE('',#4429,#2725,#5935,.T.);
#5937=ORIENTED_EDGE('',*,*,#5936,.F.);
#5938=EDGE_LOOP('',(#5924,#5930,#5931,#5937));
#5939=FACE_BOUND('',#5938,.T.);
#5940=ADVANCED_FACE('',(#5939),#5923,.F.);
#5941=CARTESIAN_POINT('',(86.587613122,53.375698831,4.840075373));
#5942=DIRECTION('',(0.577350269,0.577350269,0.577350269));
#5943=DIRECTION('',(0.707106781,0.,-0.707106781));
#5944=AXIS2_PLACEMENT_3D('',#5941,#5942,#5943);
#5945=PLANE('',#5944);
#5946=ORIENTED_EDGE('',*,*,#5913,.T.);
#5947=ORIENTED_EDGE('',*,*,#5936,.T.);
#5948=CARTESIAN_POINT('',(86.587613122,52.875698831,5.340075373));
#5949=DIRECTION('',(0.,0.707106781,-0.707106781));
#5950=VECTOR('',#5949,0.707106781);
#5951=LINE('',#5948,#5950);
#5952=EDGE_CURVE('',#5372,#2725,#5951,.T.);
#5953=ORIENTED_EDGE('',*,*,#5952,.F.);
#5954=EDGE_LOOP('',(#5946,#5947,#5953));
#5955=FACE_BOUND('',#5954,.T.);
#5956=ADVANCED_FACE('',(#5955),#5945,.T.);
#5957=CARTESIAN_POINT('',(87.087613122,52.875698831,5.340075373));
#5958=DIRECTION('',(0.,0.707106781,0.707106781));
#5959=DIRECTION('',(1.,0.,0.));
#5960=AXIS2_PLACEMENT_3D('',#5957,#5958,#5959);
#5961=PLANE('',#5960);
#5962=ORIENTED_EDGE('',*,*,#5952,.T.);
#5963=ORIENTED_EDGE('',*,*,#2730,.F.);
#5964=ORIENTED_EDGE('',*,*,#5445,.F.);
#5965=ORIENTED_EDGE('',*,*,#5385,.F.);
#5966=EDGE_LOOP('',(#5962,#5963,#5964,#5965));
#5967=FACE_BOUND('',#5966,.T.);
#5968=ADVANCED_FACE('',(#5967),#5961,.T.);
#5969=CARTESIAN_POINT('',(-84.657613122,47.925698831,10.305075373));
#5970=DIRECTION('',(1.,0.,0.));
#5971=DIRECTION('',(0.,-0.,-1.));
#5972=AXIS2_PLACEMENT_3D('',#5969,#5970,#5971);
#5973=PLANE('',#5972);
#5974=ORIENTED_EDGE('',*,*,#5257,.F.);
#5975=ORIENTED_EDGE('',*,*,#4691,.F.);
#5976=CARTESIAN_POINT('',(-84.657613122,47.925698831,18.270075373));
#5977=DIRECTION('',(0.,-0.,-1.));
#5978=VECTOR('',#5977,12.93);
#5979=LINE('',#5976,#5978);
#5980=EDGE_CURVE('',#4678,#4972,#5979,.T.);
#5981=ORIENTED_EDGE('',*,*,#5980,.T.);
#5982=ORIENTED_EDGE('',*,*,#5024,.T.);
#5983=EDGE_LOOP('',(#5974,#5975,#5981,#5982));
#5984=FACE_BOUND('',#5983,.T.);
#5985=ADVANCED_FACE('',(#5984),#5973,.T.);
#5986=CARTESIAN_POINT('',(0.,47.925698831,-0.312744411));
#5987=DIRECTION('',(0.,-1.,0.));
#5988=DIRECTION('',(0.,-0.,-1.));
#5989=AXIS2_PLACEMENT_3D('',#5986,#5987,#5988);
#5990=PLANE('',#5989);
#5991=ORIENTED_EDGE('',*,*,#4683,.F.);
#5992=ORIENTED_EDGE('',*,*,#4354,.T.);
#5993=ORIENTED_EDGE('',*,*,#4977,.T.);
#5994=ORIENTED_EDGE('',*,*,#5980,.F.);
#5995=EDGE_LOOP('',(#5991,#5992,#5993,#5994));
#5996=FACE_BOUND('',#5995,.T.);
#5997=ADVANCED_FACE('',(#5996),#5990,.T.);
#5998=CARTESIAN_POINT('',(-84.657613122,51.825698831,10.305075373));
#5999=DIRECTION('',(-1.,0.,0.));
#6000=DIRECTION('',(0.,0.,1.));
#6001=AXIS2_PLACEMENT_3D('',#5998,#5999,#6000);
#6002=PLANE('',#6001);
#6003=ORIENTED_EDGE('',*,*,#5228,.T.);
#6004=ORIENTED_EDGE('',*,*,#5352,.F.);
#6005=CARTESIAN_POINT('',(-84.657613122,51.825698831,18.270075373));
#6006=DIRECTION('',(-0.,-0.,-1.));
#6007=VECTOR('',#6006,12.93);
#6008=LINE('',#6005,#6007);
#6009=EDGE_CURVE('',#4663,#5341,#6008,.T.);
#6010=ORIENTED_EDGE('',*,*,#6009,.F.);
#6011=ORIENTED_EDGE('',*,*,#4668,.T.);
#6012=EDGE_LOOP('',(#6003,#6004,#6010,#6011));
#6013=FACE_BOUND('',#6012,.T.);
#6014=ADVANCED_FACE('',(#6013),#6002,.F.);
#6015=CARTESIAN_POINT('',(0.,51.825698831,-0.312744411));
#6016=DIRECTION('',(0.,1.,-0.));
#6017=DIRECTION('',(0.,0.,1.));
#6018=AXIS2_PLACEMENT_3D('',#6015,#6016,#6017);
#6019=PLANE('',#6018);
#6020=ORIENTED_EDGE('',*,*,#4370,.F.);
#6021=ORIENTED_EDGE('',*,*,#4674,.T.);
#6022=ORIENTED_EDGE('',*,*,#6009,.T.);
#6023=ORIENTED_EDGE('',*,*,#5346,.F.);
#6024=CARTESIAN_POINT('',(-86.157613122,51.825698831,5.340075373));
#6025=DIRECTION('',(-0.707106781,0.,-0.707106781));
#6026=VECTOR('',#6025,0.707106781);
#6027=LINE('',#6024,#6026);
#6028=EDGE_CURVE('',#5333,#4365,#6027,.T.);
#6029=ORIENTED_EDGE('',*,*,#6028,.T.);
#6030=EDGE_LOOP('',(#6020,#6021,#6022,#6023,#6029));
#6031=FACE_BOUND('',#6030,.T.);
#6032=ADVANCED_FACE('',(#6031),#6019,.T.);
#6033=CARTESIAN_POINT('',(-86.657613122,52.875698831,5.340075373));
#6034=DIRECTION('',(0.,0.707106781,0.707106781));
#6035=DIRECTION('',(1.,0.,0.));
#6036=AXIS2_PLACEMENT_3D('',#6033,#6034,#6035);
#6037=PLANE('',#6036);
#6038=ORIENTED_EDGE('',*,*,#5629,.F.);
#6039=ORIENTED_EDGE('',*,*,#2762,.F.);
#6040=CARTESIAN_POINT('',(-86.157613122,52.875698831,5.340075373));
#6041=DIRECTION('',(0.,0.707106781,-0.707106781));
#6042=VECTOR('',#6041,0.707106781);
#6043=LINE('',#6040,#6042);
#6044=EDGE_CURVE('',#5325,#2749,#6043,.T.);
#6045=ORIENTED_EDGE('',*,*,#6044,.F.);
#6046=ORIENTED_EDGE('',*,*,#5330,.F.);
#6047=EDGE_LOOP('',(#6038,#6039,#6045,#6046));
#6048=FACE_BOUND('',#6047,.T.);
#6049=ADVANCED_FACE('',(#6048),#6037,.T.);
#6050=CARTESIAN_POINT('',(-86.157613122,-0.868351169,5.340075373));
#6051=DIRECTION('',(-0.707106781,0.,0.707106781));
#6052=DIRECTION('',(-0.,1.,-0.));
#6053=AXIS2_PLACEMENT_3D('',#6050,#6051,#6052);
#6054=PLANE('',#6053);
#6055=ORIENTED_EDGE('',*,*,#4378,.F.);
#6056=ORIENTED_EDGE('',*,*,#6028,.F.);
#6057=ORIENTED_EDGE('',*,*,#5338,.F.);
#6058=CARTESIAN_POINT('',(-86.657613122,52.875698831,4.840075373));
#6059=DIRECTION('',(0.707106781,0.,0.707106781));
#6060=VECTOR('',#6059,0.707106781);
#6061=LINE('',#6058,#6060);
#6062=EDGE_CURVE('',#4373,#5325,#6061,.T.);
#6063=ORIENTED_EDGE('',*,*,#6062,.F.);
#6064=EDGE_LOOP('',(#6055,#6056,#6057,#6063));
#6065=FACE_BOUND('',#6064,.T.);
#6066=ADVANCED_FACE('',(#6065),#6054,.T.);
#6067=CARTESIAN_POINT('',(-86.157613122,53.375698831,4.840075373));
#6068=DIRECTION('',(-0.577350269,0.577350269,0.577350269));
#6069=DIRECTION('',(0.707106781,-0.,0.707106781));
#6070=AXIS2_PLACEMENT_3D('',#6067,#6068,#6069);
#6071=PLANE('',#6070);
#6072=ORIENTED_EDGE('',*,*,#6062,.T.);
#6073=ORIENTED_EDGE('',*,*,#6044,.T.);
#6074=CARTESIAN_POINT('',(-86.657613122,52.875698831,4.840075373));
#6075=DIRECTION('',(0.707106781,0.707106781,-0.));
#6076=VECTOR('',#6075,0.707106781);
#6077=LINE('',#6074,#6076);
#6078=EDGE_CURVE('',#4373,#2749,#6077,.T.);
#6079=ORIENTED_EDGE('',*,*,#6078,.F.);
#6080=EDGE_LOOP('',(#6072,#6073,#6079));
#6081=FACE_BOUND('',#6080,.T.);
#6082=ADVANCED_FACE('',(#6081),#6071,.T.);
#6083=CARTESIAN_POINT('',(-86.157613122,53.375698831,24.370075373));
#6084=DIRECTION('',(0.707106781,-0.707106781,0.));
#6085=DIRECTION('',(0.,0.,1.));
#6086=AXIS2_PLACEMENT_3D('',#6083,#6084,#6085);
#6087=PLANE('',#6086);
#6088=ORIENTED_EDGE('',*,*,#2754,.F.);
#6089=CARTESIAN_POINT('',(-86.157613122,53.375698831,-4.67974505));
#6090=DIRECTION('',(-0.67228857,-0.67228857,0.309929276));
#6091=VECTOR('',#6090,0.743728247);
#6092=LINE('',#6089,#6091);
#6093=EDGE_CURVE('',#2741,#4381,#6092,.T.);
#6094=ORIENTED_EDGE('',*,*,#6093,.T.);
#6095=ORIENTED_EDGE('',*,*,#4386,.F.);
#6096=ORIENTED_EDGE('',*,*,#6078,.T.);
#6097=EDGE_LOOP('',(#6088,#6094,#6095,#6096));
#6098=FACE_BOUND('',#6097,.T.);
#6099=ADVANCED_FACE('',(#6098),#6087,.F.);
#6100=CARTESIAN_POINT('',(84.087613122,41.925698831,3.040075373));
#6101=DIRECTION('',(-0.707106781,0.707106781,0.));
#6102=DIRECTION('',(-0.707106781,-0.707106781,0.));
#6103=AXIS2_PLACEMENT_3D('',#6100,#6101,#6102);
#6104=PLANE('',#6103);
#6105=ORIENTED_EDGE('',*,*,#5175,.T.);
#6106=ORIENTED_EDGE('',*,*,#5505,.F.);
#6107=CARTESIAN_POINT('',(85.087613122,42.925698833,-3.050399674));
#6108=VERTEX_POINT('',#6107);
#6109=CARTESIAN_POINT('',(85.087613122,42.925698833,-3.050399674));
#6110=DIRECTION('',(-0.70445666,-0.70445666,0.086496401));
#6111=VECTOR('',#6110,2.839067487);
#6112=LINE('',#6109,#6111);
#6113=EDGE_CURVE('',#6108,#5494,#6112,.T.);
#6114=ORIENTED_EDGE('',*,*,#6113,.F.);
#6115=CARTESIAN_POINT('',(85.087613122,42.925698831,-3.050399674));
#6116=DIRECTION('',(0.,0.,1.));
#6117=VECTOR('',#6116,8.390475047);
#6118=LINE('',#6115,#6117);
#6119=EDGE_CURVE('',#6108,#5170,#6118,.T.);
#6120=ORIENTED_EDGE('',*,*,#6119,.T.);
#6121=EDGE_LOOP('',(#6105,#6106,#6114,#6120));
#6122=FACE_BOUND('',#6121,.T.);
#6123=ADVANCED_FACE('',(#6122),#6104,.F.);
#6124=CARTESIAN_POINT('',(84.087613122,-3.603365058,3.040075373));
#6125=DIRECTION('',(-0.707106781,-0.707106781,0.));
#6126=DIRECTION('',(0.707106781,-0.707106781,0.));
#6127=AXIS2_PLACEMENT_3D('',#6124,#6125,#6126);
#6128=PLANE('',#6127);
#6129=ORIENTED_EDGE('',*,*,#5080,.T.);
#6130=CARTESIAN_POINT('',(85.087613122,-4.603365058,2.785435545));
#6131=VERTEX_POINT('',#6130);
#6132=CARTESIAN_POINT('',(85.087613122,-4.603365058,2.785435545));
#6133=DIRECTION('',(0.,0.,1.));
#6134=VECTOR('',#6133,2.554639828);
#6135=LINE('',#6132,#6134);
#6136=EDGE_CURVE('',#6131,#5067,#6135,.T.);
#6137=ORIENTED_EDGE('',*,*,#6136,.F.);
#6138=CARTESIAN_POINT('',(83.087613122,-2.603365058,2.539866424));
#6139=DIRECTION('',(0.70445666,-0.70445666,0.086496401));
#6140=VECTOR('',#6139,2.839067487);
#6141=LINE('',#6138,#6140);
#6142=EDGE_CURVE('',#5486,#6131,#6141,.T.);
#6143=ORIENTED_EDGE('',*,*,#6142,.F.);
#6144=ORIENTED_EDGE('',*,*,#5491,.T.);
#6145=EDGE_LOOP('',(#6129,#6137,#6143,#6144));
#6146=FACE_BOUND('',#6145,.T.);
#6147=ADVANCED_FACE('',(#6146),#6128,.F.);
#6148=CARTESIAN_POINT('',(86.087613122,-3.603365058,3.040075373));
#6149=DIRECTION('',(0.707106781,-0.707106781,0.));
#6150=DIRECTION('',(0.707106781,0.707106781,0.));
#6151=AXIS2_PLACEMENT_3D('',#6148,#6149,#6150);
#6152=PLANE('',#6151);
#6153=ORIENTED_EDGE('',*,*,#5072,.T.);
#6154=CARTESIAN_POINT('',(86.734059731,-2.956918448,2.583277321));
#6155=VERTEX_POINT('',#6154);
#6156=CARTESIAN_POINT('',(86.734059731,-2.956918448,5.340075373));
#6157=DIRECTION('',(-0.,-0.,-1.));
#6158=VECTOR('',#6157,2.756798052);
#6159=LINE('',#6156,#6158);
#6160=EDGE_CURVE('',#5059,#6155,#6159,.T.);
#6161=ORIENTED_EDGE('',*,*,#6160,.T.);
#6162=CARTESIAN_POINT('',(85.087613122,-4.603365058,2.785435545));
#6163=DIRECTION('',(0.70445666,0.704456661,-0.086496401));
#6164=VECTOR('',#6163,2.337186519);
#6165=LINE('',#6162,#6164);
#6166=EDGE_CURVE('',#6131,#6155,#6165,.T.);
#6167=ORIENTED_EDGE('',*,*,#6166,.F.);
#6168=ORIENTED_EDGE('',*,*,#6136,.T.);
#6169=EDGE_LOOP('',(#6153,#6161,#6167,#6168));
#6170=FACE_BOUND('',#6169,.T.);
#6171=ADVANCED_FACE('',(#6170),#6152,.F.);
#6172=CARTESIAN_POINT('',(86.087613122,41.925698831,3.040075373));
#6173=DIRECTION('',(0.707106781,0.707106781,0.));
#6174=DIRECTION('',(-0.707106781,0.707106781,0.));
#6175=AXIS2_PLACEMENT_3D('',#6172,#6173,#6174);
#6176=PLANE('',#6175);
#6177=CARTESIAN_POINT('',(86.734059731,41.279252223,-2.84824145));
#6178=VERTEX_POINT('',#6177);
#6179=CARTESIAN_POINT('',(86.734059732,41.279252223,-2.84824145));
#6180=DIRECTION('',(-0.70445666,0.704456661,-0.086496401));
#6181=VECTOR('',#6180,2.337186519);
#6182=LINE('',#6179,#6181);
#6183=EDGE_CURVE('',#6178,#6108,#6182,.T.);
#6184=ORIENTED_EDGE('',*,*,#6183,.F.);
#6185=CARTESIAN_POINT('',(86.734059731,41.279252222,-2.84824145));
#6186=DIRECTION('',(0.,0.,1.));
#6187=VECTOR('',#6186,8.188316824);
#6188=LINE('',#6185,#6187);
#6189=EDGE_CURVE('',#6178,#5178,#6188,.T.);
#6190=ORIENTED_EDGE('',*,*,#6189,.T.);
#6191=ORIENTED_EDGE('',*,*,#5183,.T.);
#6192=ORIENTED_EDGE('',*,*,#6119,.F.);
#6193=EDGE_LOOP('',(#6184,#6190,#6191,#6192));
#6194=FACE_BOUND('',#6193,.T.);
#6195=ADVANCED_FACE('',(#6194),#6176,.F.);
#6196=CARTESIAN_POINT('',(0.,-1.352222894,2.386245483));
#6197=DIRECTION('',(0.,0.121869343,0.992546152));
#6198=DIRECTION('',(1.,0.,0.));
#6199=AXIS2_PLACEMENT_3D('',#6196,#6197,#6198);
#6200=PLANE('',#6199);
#6201=ORIENTED_EDGE('',*,*,#6113,.T.);
#6202=ORIENTED_EDGE('',*,*,#5499,.T.);
#6203=ORIENTED_EDGE('',*,*,#6142,.T.);
#6204=ORIENTED_EDGE('',*,*,#6166,.T.);
#6205=CARTESIAN_POINT('',(86.734059731,-2.956918448,2.583277321));
#6206=DIRECTION('',(0.92286133,-0.38226168,0.046935832));
#6207=VECTOR('',#6206,0.383105651);
#6208=LINE('',#6205,#6207);
#6209=EDGE_CURVE('',#6155,#4485,#6208,.T.);
#6210=ORIENTED_EDGE('',*,*,#6209,.T.);
#6211=ORIENTED_EDGE('',*,*,#4490,.F.);
#6212=CARTESIAN_POINT('',(87.087613122,41.425698833,-2.866222833));
#6213=DIRECTION('',(-0.922861331,-0.38226168,0.046935832));
#6214=VECTOR('',#6213,0.383105651);
#6215=LINE('',#6212,#6214);
#6216=EDGE_CURVE('',#4477,#6178,#6215,.T.);
#6217=ORIENTED_EDGE('',*,*,#6216,.T.);
#6218=ORIENTED_EDGE('',*,*,#6183,.T.);
#6219=EDGE_LOOP('',(#6201,#6202,#6203,#6204,#6210,#6211,#6217,#6218));
#6220=FACE_BOUND('',#6219,.T.);
#6221=ADVANCED_FACE('',(#6220),#6200,.T.);
#6222=CARTESIAN_POINT('',(87.087613122,-3.103365058,-0.312744411));
#6223=DIRECTION('',(0.382683432,0.923879533,-0.));
#6224=DIRECTION('',(-0.,-0.,-1.));
#6225=AXIS2_PLACEMENT_3D('',#6222,#6223,#6224);
#6226=PLANE('',#6225);
#6227=ORIENTED_EDGE('',*,*,#6209,.F.);
#6228=ORIENTED_EDGE('',*,*,#6160,.F.);
#6229=ORIENTED_EDGE('',*,*,#5064,.F.);
#6230=ORIENTED_EDGE('',*,*,#4498,.F.);
#6231=EDGE_LOOP('',(#6227,#6228,#6229,#6230));
#6232=FACE_BOUND('',#6231,.T.);
#6233=ADVANCED_FACE('',(#6232),#6226,.T.);
#6234=CARTESIAN_POINT('',(86.734059731,41.279252221,3.040075373));
#6235=DIRECTION('',(0.382683432,-0.923879533,0.));
#6236=DIRECTION('',(0.,-0.,-1.));
#6237=AXIS2_PLACEMENT_3D('',#6234,#6235,#6236);
#6238=PLANE('',#6237);
#6239=ORIENTED_EDGE('',*,*,#6216,.F.);
#6240=ORIENTED_EDGE('',*,*,#4482,.F.);
#6241=ORIENTED_EDGE('',*,*,#5189,.F.);
#6242=ORIENTED_EDGE('',*,*,#6189,.F.);
#6243=EDGE_LOOP('',(#6239,#6240,#6241,#6242));
#6244=FACE_BOUND('',#6243,.T.);
#6245=ADVANCED_FACE('',(#6244),#6238,.T.);
#6246=CARTESIAN_POINT('',(-85.657613122,-3.603365058,2.540075373));
#6247=DIRECTION('',(0.707106781,0.707106781,0.));
#6248=DIRECTION('',(-0.707106781,0.707106781,0.));
#6249=AXIS2_PLACEMENT_3D('',#6246,#6247,#6248);
#6250=PLANE('',#6249);
#6251=CARTESIAN_POINT('',(-84.657613122,-4.603365058,2.785435545));
#6252=VERTEX_POINT('',#6251);
#6253=CARTESIAN_POINT('',(-86.304059732,-2.956918448,2.583277322));
#6254=VERTEX_POINT('',#6253);
#6255=CARTESIAN_POINT('',(-84.657613122,-4.603365058,2.785435546));
#6256=DIRECTION('',(-0.70445666,0.70445666,-0.086496402));
#6257=VECTOR('',#6256,2.337186519);
#6258=LINE('',#6255,#6257);
#6259=EDGE_CURVE('',#6252,#6254,#6258,.T.);
#6260=ORIENTED_EDGE('',*,*,#6259,.T.);
#6261=CARTESIAN_POINT('',(-86.304059732,-2.956918448,2.583277322));
#6262=DIRECTION('',(0.,0.,1.));
#6263=VECTOR('',#6262,2.756798052);
#6264=LINE('',#6261,#6263);
#6265=EDGE_CURVE('',#6254,#5115,#6264,.T.);
#6266=ORIENTED_EDGE('',*,*,#6265,.T.);
#6267=ORIENTED_EDGE('',*,*,#5120,.F.);
#6268=CARTESIAN_POINT('',(-84.657613122,-4.603365058,2.785435545));
#6269=DIRECTION('',(0.,0.,1.));
#6270=VECTOR('',#6269,2.554639828);
#6271=LINE('',#6268,#6270);
#6272=EDGE_CURVE('',#6252,#5107,#6271,.T.);
#6273=ORIENTED_EDGE('',*,*,#6272,.F.);
#6274=EDGE_LOOP('',(#6260,#6266,#6267,#6273));
#6275=FACE_BOUND('',#6274,.T.);
#6276=ADVANCED_FACE('',(#6275),#6250,.T.);
#6277=CARTESIAN_POINT('',(-83.657613122,-3.603365058,2.540075373));
#6278=DIRECTION('',(0.707106781,-0.707106781,0.));
#6279=DIRECTION('',(0.707106781,0.707106781,0.));
#6280=AXIS2_PLACEMENT_3D('',#6277,#6278,#6279);
#6281=PLANE('',#6280);
#6282=ORIENTED_EDGE('',*,*,#5112,.T.);
#6283=ORIENTED_EDGE('',*,*,#5297,.F.);
#6284=CARTESIAN_POINT('',(-84.657613122,-4.603365058,2.785435544));
#6285=DIRECTION('',(0.70445666,0.70445666,-0.086496401));
#6286=VECTOR('',#6285,2.839067487);
#6287=LINE('',#6284,#6286);
#6288=EDGE_CURVE('',#6252,#5286,#6287,.T.);
#6289=ORIENTED_EDGE('',*,*,#6288,.F.);
#6290=ORIENTED_EDGE('',*,*,#6272,.T.);
#6291=EDGE_LOOP('',(#6282,#6283,#6289,#6290));
#6292=FACE_BOUND('',#6291,.T.);
#6293=ADVANCED_FACE('',(#6292),#6281,.F.);
#6294=CARTESIAN_POINT('',(-83.657613122,41.925698831,2.540075373));
#6295=DIRECTION('',(-0.707106781,-0.707106781,0.));
#6296=DIRECTION('',(0.707106781,-0.707106781,0.));
#6297=AXIS2_PLACEMENT_3D('',#6294,#6295,#6296);
#6298=PLANE('',#6297);
#6299=ORIENTED_EDGE('',*,*,#5002,.F.);
#6300=CARTESIAN_POINT('',(-84.657613122,42.925698831,-3.050399684));
#6301=VERTEX_POINT('',#6300);
#6302=CARTESIAN_POINT('',(-84.657613122,42.925698831,-3.050399684));
#6303=DIRECTION('',(0.,0.,1.));
#6304=VECTOR('',#6303,8.390475057);
#6305=LINE('',#6302,#6304);
#6306=EDGE_CURVE('',#6301,#4989,#6305,.T.);
#6307=ORIENTED_EDGE('',*,*,#6306,.F.);
#6308=CARTESIAN_POINT('',(-84.657613122,42.925698831,-3.050399694));
#6309=DIRECTION('',(0.70445666,-0.70445666,0.086496402));
#6310=VECTOR('',#6309,2.839067487);
#6311=LINE('',#6308,#6310);
#6312=EDGE_CURVE('',#6301,#5278,#6311,.T.);
#6313=ORIENTED_EDGE('',*,*,#6312,.T.);
#6314=ORIENTED_EDGE('',*,*,#5283,.T.);
#6315=EDGE_LOOP('',(#6299,#6307,#6313,#6314));
#6316=FACE_BOUND('',#6315,.T.);
#6317=ADVANCED_FACE('',(#6316),#6298,.T.);
#6318=CARTESIAN_POINT('',(-85.657613122,41.925698831,2.540075373));
#6319=DIRECTION('',(-0.707106781,0.707106781,0.));
#6320=DIRECTION('',(-0.707106781,-0.707106781,0.));
#6321=AXIS2_PLACEMENT_3D('',#6318,#6319,#6320);
#6322=PLANE('',#6321);
#6323=ORIENTED_EDGE('',*,*,#4994,.T.);
#6324=CARTESIAN_POINT('',(-86.304059731,41.279252223,-2.848241451));
#6325=VERTEX_POINT('',#6324);
#6326=CARTESIAN_POINT('',(-86.304059732,41.279252222,5.340075373));
#6327=DIRECTION('',(-0.,-0.,-1.));
#6328=VECTOR('',#6327,8.188316824);
#6329=LINE('',#6326,#6328);
#6330=EDGE_CURVE('',#4981,#6325,#6329,.T.);
#6331=ORIENTED_EDGE('',*,*,#6330,.T.);
#6332=CARTESIAN_POINT('',(-84.657613123,42.925698833,-3.050399674));
#6333=DIRECTION('',(-0.70445666,-0.704456661,0.086496401));
#6334=VECTOR('',#6333,2.337186519);
#6335=LINE('',#6332,#6334);
#6336=EDGE_CURVE('',#6301,#6325,#6335,.T.);
#6337=ORIENTED_EDGE('',*,*,#6336,.F.);
#6338=ORIENTED_EDGE('',*,*,#6306,.T.);
#6339=EDGE_LOOP('',(#6323,#6331,#6337,#6338));
#6340=FACE_BOUND('',#6339,.T.);
#6341=ADVANCED_FACE('',(#6340),#6322,.F.);
#6342=CARTESIAN_POINT('',(0.,-1.308969845,2.380934676));
#6343=DIRECTION('',(0.,0.121869343,0.992546152));
#6344=DIRECTION('',(1.,0.,0.));
#6345=AXIS2_PLACEMENT_3D('',#6342,#6343,#6344);
#6346=PLANE('',#6345);
#6347=ORIENTED_EDGE('',*,*,#6259,.F.);
#6348=ORIENTED_EDGE('',*,*,#6288,.T.);
#6349=ORIENTED_EDGE('',*,*,#5291,.T.);
#6350=ORIENTED_EDGE('',*,*,#6312,.F.);
#6351=ORIENTED_EDGE('',*,*,#6336,.T.);
#6352=CARTESIAN_POINT('',(-86.304059731,41.279252223,-2.848241451));
#6353=DIRECTION('',(-0.922861331,0.38226168,-0.046935832));
#6354=VECTOR('',#6353,0.383105651);
#6355=LINE('',#6352,#6354);
#6356=EDGE_CURVE('',#6325,#4325,#6355,.T.);
#6357=ORIENTED_EDGE('',*,*,#6356,.T.);
#6358=ORIENTED_EDGE('',*,*,#4330,.T.);
#6359=CARTESIAN_POINT('',(-86.657613122,-3.103365058,2.601258704));
#6360=DIRECTION('',(0.92286133,0.38226168,-0.046935832));
#6361=VECTOR('',#6360,0.383105651);
#6362=LINE('',#6359,#6361);
#6363=EDGE_CURVE('',#4317,#6254,#6362,.T.);
#6364=ORIENTED_EDGE('',*,*,#6363,.T.);
#6365=EDGE_LOOP('',(#6347,#6348,#6349,#6350,#6351,#6357,#6358,#6364));
#6366=FACE_BOUND('',#6365,.T.);
#6367=ADVANCED_FACE('',(#6366),#6346,.T.);
#6368=CARTESIAN_POINT('',(-86.657613122,41.425698831,-0.312744411));
#6369=DIRECTION('',(-0.382683432,-0.923879533,0.));
#6370=DIRECTION('',(-0.,-0.,-1.));
#6371=AXIS2_PLACEMENT_3D('',#6368,#6369,#6370);
#6372=PLANE('',#6371);
#6373=ORIENTED_EDGE('',*,*,#6356,.F.);
#6374=ORIENTED_EDGE('',*,*,#6330,.F.);
#6375=ORIENTED_EDGE('',*,*,#4986,.F.);
#6376=ORIENTED_EDGE('',*,*,#4338,.F.);
#6377=EDGE_LOOP('',(#6373,#6374,#6375,#6376));
#6378=FACE_BOUND('',#6377,.T.);
#6379=ADVANCED_FACE('',(#6378),#6372,.T.);
#6380=CARTESIAN_POINT('',(-86.304059731,-2.956918448,2.540075373));
#6381=DIRECTION('',(0.382683432,-0.923879533,0.));
#6382=DIRECTION('',(-0.,0.,1.));
#6383=AXIS2_PLACEMENT_3D('',#6380,#6381,#6382);
#6384=PLANE('',#6383);
#6385=ORIENTED_EDGE('',*,*,#6363,.F.);
#6386=ORIENTED_EDGE('',*,*,#4322,.F.);
#6387=ORIENTED_EDGE('',*,*,#5126,.F.);
#6388=ORIENTED_EDGE('',*,*,#6265,.F.);
#6389=EDGE_LOOP('',(#6385,#6386,#6387,#6388));
#6390=FACE_BOUND('',#6389,.T.);
#6391=ADVANCED_FACE('',(#6390),#6384,.F.);
#6392=CARTESIAN_POINT('',(0.,-3.054560468,1.30319652));
#6393=DIRECTION('',(0.,-0.766044443,-0.64278761));
#6394=DIRECTION('',(0.,0.64278761,-0.766044443));
#6395=AXIS2_PLACEMENT_3D('',#6392,#6393,#6394);
#6396=PLANE('',#6395);
#6397=ORIENTED_EDGE('',*,*,#5096,.T.);
#6398=ORIENTED_EDGE('',*,*,#5482,.T.);
#6399=ORIENTED_EDGE('',*,*,#5652,.T.);
#6400=ORIENTED_EDGE('',*,*,#5676,.T.);
#6401=ORIENTED_EDGE('',*,*,#5693,.T.);
#6402=ORIENTED_EDGE('',*,*,#5593,.T.);
#6403=CARTESIAN_POINT('',(-79.147613122,-8.145276278,7.370075372));
#6404=DIRECTION('',(-0.608120403,-0.510273605,0.608120402));
#6405=VECTOR('',#6404,0.822205599);
#6406=LINE('',#6403,#6405);
#6407=EDGE_CURVE('',#5580,#5707,#6406,.T.);
#6408=ORIENTED_EDGE('',*,*,#6407,.T.);
#6409=ORIENTED_EDGE('',*,*,#5712,.F.);
#6410=ORIENTED_EDGE('',*,*,#5523,.F.);
#6411=ORIENTED_EDGE('',*,*,#5306,.T.);
#6412=EDGE_LOOP('',(#6397,#6398,#6399,#6400,#6401,#6402,#6408,#6409,#6410,#6411));
#6413=FACE_BOUND('',#6412,.T.);
#6414=ADVANCED_FACE('',(#6413),#6396,.T.);
#6415=CARTESIAN_POINT('',(86.587613122,-23.094626304,-12.749507111));
#6416=DIRECTION('',(-0.707106781,0.54167522,-0.454519478));
#6417=DIRECTION('',(-0.,0.64278761,0.766044443));
#6418=AXIS2_PLACEMENT_3D('',#6415,#6416,#6417);
#6419=PLANE('',#6418);
#6420=ORIENTED_EDGE('',*,*,#4519,.F.);
#6421=ORIENTED_EDGE('',*,*,#4410,.F.);
#6422=ORIENTED_EDGE('',*,*,#5055,.F.);
#6423=ORIENTED_EDGE('',*,*,#5787,.F.);
#6424=EDGE_LOOP('',(#6420,#6421,#6422,#6423));
#6425=FACE_BOUND('',#6424,.T.);
#6426=ADVANCED_FACE('',(#6425),#6419,.F.);
#6427=CARTESIAN_POINT('',(-79.147613122,0.231648831,7.370075373));
#6428=DIRECTION('',(0.707106781,0.,0.707106781));
#6429=DIRECTION('',(0.,1.,-0.));
#6430=AXIS2_PLACEMENT_3D('',#6427,#6428,#6429);
#6431=PLANE('',#6430);
#6432=ORIENTED_EDGE('',*,*,#1264,.F.);
#6433=ORIENTED_EDGE('',*,*,#5718,.F.);
#6434=ORIENTED_EDGE('',*,*,#6407,.F.);
#6435=ORIENTED_EDGE('',*,*,#5585,.F.);
#6436=EDGE_LOOP('',(#6432,#6433,#6434,#6435));
#6437=FACE_BOUND('',#6436,.T.);
#6438=ADVANCED_FACE('',(#6437),#6431,.T.);
#6439=CARTESIAN_POINT('',(0.2,52.275698831,17.270075373));
#6440=DIRECTION('',(0.,-0.,-1.));
#6441=DIRECTION('',(-1.,0.,0.));
#6442=AXIS2_PLACEMENT_3D('',#6439,#6440,#6441);
#6443=PLANE('',#6442);
#6444=CARTESIAN_POINT('',(-5.8,46.575698831,17.270075373));
#6445=VERTEX_POINT('',#6444);
#6446=CARTESIAN_POINT('',(-5.8,52.375698831,17.270075373));
#6447=VERTEX_POINT('',#6446);
#6448=CARTESIAN_POINT('',(-5.8,46.575698831,17.270075373));
#6449=DIRECTION('',(0.,1.,-0.));
#6450=VECTOR('',#6449,5.8);
#6451=LINE('',#6448,#6450);
#6452=EDGE_CURVE('',#6445,#6447,#6451,.T.);
#6453=ORIENTED_EDGE('',*,*,#6452,.T.);
#6454=CARTESIAN_POINT('',(6.2,52.375698831,17.270075373));
#6455=VERTEX_POINT('',#6454);
#6456=CARTESIAN_POINT('',(-5.8,52.375698831,17.270075373));
#6457=DIRECTION('',(1.,0.,-0.));
#6458=VECTOR('',#6457,12.);
#6459=LINE('',#6456,#6458);
#6460=EDGE_CURVE('',#6447,#6455,#6459,.T.);
#6461=ORIENTED_EDGE('',*,*,#6460,.T.);
#6462=CARTESIAN_POINT('',(6.2,46.575698831,17.270075373));
#6463=VERTEX_POINT('',#6462);
#6464=CARTESIAN_POINT('',(6.2,52.375698831,17.270075373));
#6465=DIRECTION('',(-0.,-1.,0.));
#6466=VECTOR('',#6465,5.8);
#6467=LINE('',#6464,#6466);
#6468=EDGE_CURVE('',#6455,#6463,#6467,.T.);
#6469=ORIENTED_EDGE('',*,*,#6468,.T.);
#6470=CARTESIAN_POINT('',(6.2,46.575698831,17.270075373));
#6471=DIRECTION('',(-1.,0.,0.));
#6472=VECTOR('',#6471,12.);
#6473=LINE('',#6470,#6472);
#6474=EDGE_CURVE('',#6463,#6445,#6473,.T.);
#6475=ORIENTED_EDGE('',*,*,#6474,.T.);
#6476=EDGE_LOOP('',(#6453,#6461,#6469,#6475));
#6477=FACE_BOUND('',#6476,.T.);
#6478=ADVANCED_FACE('',(#6477),#6443,.T.);
#6479=CARTESIAN_POINT('',(143.754800635,53.375698831,17.770075373));
#6480=DIRECTION('',(0.,-0.707106781,-0.707106781));
#6481=DIRECTION('',(1.,0.,0.));
#6482=AXIS2_PLACEMENT_3D('',#6479,#6480,#6481);
#6483=PLANE('',#6482);
#6484=ORIENTED_EDGE('',*,*,#4644,.F.);
#6485=CARTESIAN_POINT('',(-55.131,52.875698831,18.270075373));
#6486=DIRECTION('',(0.577350269,0.577350269,-0.577350269));
#6487=VECTOR('',#6486,0.866025404);
#6488=LINE('',#6485,#6487);
#6489=EDGE_CURVE('',#4631,#2773,#6488,.T.);
#6490=ORIENTED_EDGE('',*,*,#6489,.T.);
#6491=ORIENTED_EDGE('',*,*,#2778,.F.);
#6492=CARTESIAN_POINT('',(-82.657613122,53.375698831,17.770075373));
#6493=DIRECTION('',(0.577350269,-0.577350269,0.577350269));
#6494=VECTOR('',#6493,0.866025404);
#6495=LINE('',#6492,#6494);
#6496=EDGE_CURVE('',#2765,#4639,#6495,.T.);
#6497=ORIENTED_EDGE('',*,*,#6496,.T.);
#6498=EDGE_LOOP('',(#6484,#6490,#6491,#6497));
#6499=FACE_BOUND('',#6498,.T.);
#6500=ADVANCED_FACE('',(#6499),#6483,.F.);
#6501=CARTESIAN_POINT('',(-0.46499873,46.875698831,18.270075373));
#6502=DIRECTION('',(0.,0.707106781,-0.707106781));
#6503=DIRECTION('',(1.,0.,0.));
#6504=AXIS2_PLACEMENT_3D('',#6501,#6502,#6503);
#6505=PLANE('',#6504);
#6506=ORIENTED_EDGE('',*,*,#1166,.F.);
#6507=CARTESIAN_POINT('',(40.269,46.375698831,17.770075373));
#6508=DIRECTION('',(-0.577350269,0.577350269,0.577350269));
#6509=VECTOR('',#6508,0.866025404);
#6510=LINE('',#6507,#6509);
#6511=EDGE_CURVE('',#1153,#4561,#6510,.T.);
#6512=ORIENTED_EDGE('',*,*,#6511,.T.);
#6513=ORIENTED_EDGE('',*,*,#4566,.F.);
#6514=CARTESIAN_POINT('',(-39.0803,46.875698831,18.270075373));
#6515=DIRECTION('',(-0.577350269,-0.577350269,-0.577350269));
#6516=VECTOR('',#6515,0.866025404);
#6517=LINE('',#6514,#6516);
#6518=EDGE_CURVE('',#4559,#1161,#6517,.T.);
#6519=ORIENTED_EDGE('',*,*,#6518,.T.);
#6520=EDGE_LOOP('',(#6506,#6512,#6513,#6519));
#6521=FACE_BOUND('',#6520,.T.);
#6522=ADVANCED_FACE('',(#6521),#6505,.F.);
#6523=CARTESIAN_POINT('',(-86.657613122,24.145552791,-28.987104717));
#6524=DIRECTION('',(0.707106781,-0.459229119,0.537688215));
#6525=DIRECTION('',(-0.,-0.760405966,-0.649448048));
#6526=AXIS2_PLACEMENT_3D('',#6523,#6524,#6525);
#6527=PLANE('',#6526);
#6528=ORIENTED_EDGE('',*,*,#4910,.F.);
#6529=CARTESIAN_POINT('',(-86.157613127,51.667404952,-6.138765863));
#6530=DIRECTION('',(-0.675181236,-0.212588519,0.706354317));
#6531=VECTOR('',#6530,0.740541905);
#6532=LINE('',#6529,#6531);
#6533=EDGE_CURVE('',#3782,#4291,#6532,.T.);
#6534=ORIENTED_EDGE('',*,*,#6533,.T.);
#6535=ORIENTED_EDGE('',*,*,#4392,.F.);
#6536=ORIENTED_EDGE('',*,*,#6093,.F.);
#6537=EDGE_LOOP('',(#6528,#6534,#6535,#6536));
#6538=FACE_BOUND('',#6537,.T.);
#6539=ADVANCED_FACE('',(#6538),#6527,.F.);
#6540=CARTESIAN_POINT('',(87.087613122,24.145552791,-28.987104717));
#6541=DIRECTION('',(-0.707106781,-0.459229119,0.537688215));
#6542=DIRECTION('',(-0.,0.760405966,0.649448048));
#6543=AXIS2_PLACEMENT_3D('',#6540,#6541,#6542);
#6544=PLANE('',#6543);
#6545=ORIENTED_EDGE('',*,*,#4526,.F.);
#6546=ORIENTED_EDGE('',*,*,#4903,.F.);
#6547=ORIENTED_EDGE('',*,*,#5929,.F.);
#6548=ORIENTED_EDGE('',*,*,#4426,.F.);
#6549=EDGE_LOOP('',(#6545,#6546,#6547,#6548));
#6550=FACE_BOUND('',#6549,.T.);
#6551=ADVANCED_FACE('',(#6550),#6544,.F.);
#6552=CARTESIAN_POINT('',(83.087613122,-0.915436302,17.770075373));
#6553=DIRECTION('',(-0.707106781,0.,-0.707106781));
#6554=DIRECTION('',(-0.,-1.,0.));
#6555=AXIS2_PLACEMENT_3D('',#6552,#6553,#6554);
#6556=PLANE('',#6555);
#6557=ORIENTED_EDGE('',*,*,#4811,.F.);
#6558=ORIENTED_EDGE('',*,*,#4888,.F.);
#6559=ORIENTED_EDGE('',*,*,#5859,.F.);
#6560=ORIENTED_EDGE('',*,*,#5432,.F.);
#6561=EDGE_LOOP('',(#6557,#6558,#6559,#6560));
#6562=FACE_BOUND('',#6561,.T.);
#6563=ADVANCED_FACE('',(#6562),#6556,.F.);
#6564=CARTESIAN_POINT('',(82.587613122,-1.968351169,18.270075373));
#6565=DIRECTION('',(-0.707106781,0.,-0.707106781));
#6566=DIRECTION('',(0.,1.,-0.));
#6567=AXIS2_PLACEMENT_3D('',#6564,#6565,#6566);
#6568=PLANE('',#6567);
#6569=ORIENTED_EDGE('',*,*,#4736,.F.);
#6570=ORIENTED_EDGE('',*,*,#5467,.F.);
#6571=ORIENTED_EDGE('',*,*,#5894,.F.);
#6572=ORIENTED_EDGE('',*,*,#4835,.F.);
#6573=EDGE_LOOP('',(#6569,#6570,#6571,#6572));
#6574=FACE_BOUND('',#6573,.T.);
#6575=ADVANCED_FACE('',(#6574),#6568,.F.);
#6576=CARTESIAN_POINT('',(-82.157613122,-0.968351169,18.270075373));
#6577=DIRECTION('',(0.707106781,0.,-0.707106781));
#6578=DIRECTION('',(0.,-1.,0.));
#6579=AXIS2_PLACEMENT_3D('',#6576,#6577,#6578);
#6580=PLANE('',#6579);
#6581=ORIENTED_EDGE('',*,*,#6496,.F.);
#6582=ORIENTED_EDGE('',*,*,#5622,.F.);
#6583=ORIENTED_EDGE('',*,*,#5206,.F.);
#6584=ORIENTED_EDGE('',*,*,#4652,.F.);
#6585=EDGE_LOOP('',(#6581,#6582,#6583,#6584));
#6586=FACE_BOUND('',#6585,.T.);
#6587=ADVANCED_FACE('',(#6586),#6580,.F.);
#6588=CARTESIAN_POINT('',(-82.657613122,-1.915436302,17.770075373));
#6589=DIRECTION('',(0.707106781,0.,-0.707106781));
#6590=DIRECTION('',(-0.,1.,-0.));
#6591=AXIS2_PLACEMENT_3D('',#6588,#6589,#6590);
#6592=PLANE('',#6591);
#6593=ORIENTED_EDGE('',*,*,#4758,.F.);
#6594=ORIENTED_EDGE('',*,*,#4705,.F.);
#6595=ORIENTED_EDGE('',*,*,#5250,.F.);
#6596=ORIENTED_EDGE('',*,*,#5273,.F.);
#6597=EDGE_LOOP('',(#6593,#6594,#6595,#6596));
#6598=FACE_BOUND('',#6597,.T.);
#6599=ADVANCED_FACE('',(#6598),#6592,.F.);
#6600=CARTESIAN_POINT('',(-52.931,50.170832916,13.254596904));
#6601=DIRECTION('',(-1.,-0.,0.));
#6602=DIRECTION('',(0.,-1.,0.));
#6603=AXIS2_PLACEMENT_3D('',#6600,#6601,#6602);
#6604=PLANE('',#6603);
#6605=ORIENTED_EDGE('',*,*,#1216,.F.);
#6606=CARTESIAN_POINT('',(-52.931,46.375698831,13.970096905));
#6607=DIRECTION('',(-0.,1.,-0.));
#6608=VECTOR('',#6607,7.);
#6609=LINE('',#6606,#6608);
#6610=EDGE_CURVE('',#1202,#2789,#6609,.T.);
#6611=ORIENTED_EDGE('',*,*,#6610,.T.);
#6612=ORIENTED_EDGE('',*,*,#2794,.T.);
#6613=CARTESIAN_POINT('',(-52.931,53.375698831,16.070075373));
#6614=DIRECTION('',(0.,-1.,0.));
#6615=VECTOR('',#6614,7.);
#6616=LINE('',#6613,#6615);
#6617=EDGE_CURVE('',#2781,#1211,#6616,.T.);
#6618=ORIENTED_EDGE('',*,*,#6617,.T.);
#6619=EDGE_LOOP('',(#6605,#6611,#6612,#6618));
#6620=FACE_BOUND('',#6619,.T.);
#6621=ADVANCED_FACE('',(#6620),#6604,.F.);
#6622=CARTESIAN_POINT('',(0.,-0.193937285,12.970096917));
#6623=DIRECTION('',(0.,0.,1.));
#6624=DIRECTION('',(1.,0.,0.));
#6625=AXIS2_PLACEMENT_3D('',#6622,#6623,#6624);
#6626=PLANE('',#6625);
#6627=ORIENTED_EDGE('',*,*,#1199,.F.);
#6628=CARTESIAN_POINT('',(-42.2803,46.375698831,12.970096905));
#6629=DIRECTION('',(0.,1.,-0.));
#6630=VECTOR('',#6629,7.);
#6631=LINE('',#6628,#6630);
#6632=EDGE_CURVE('',#1185,#2806,#6631,.T.);
#6633=ORIENTED_EDGE('',*,*,#6632,.T.);
#6634=ORIENTED_EDGE('',*,*,#2811,.F.);
#6635=CARTESIAN_POINT('',(-51.931,53.375698831,12.970096903));
#6636=DIRECTION('',(0.,-1.,0.));
#6637=VECTOR('',#6636,7.);
#6638=LINE('',#6635,#6637);
#6639=EDGE_CURVE('',#2797,#1194,#6638,.T.);
#6640=ORIENTED_EDGE('',*,*,#6639,.T.);
#6641=EDGE_LOOP('',(#6627,#6633,#6634,#6640));
#6642=FACE_BOUND('',#6641,.T.);
#6643=ADVANCED_FACE('',(#6642),#6626,.T.);
#6644=CARTESIAN_POINT('',(41.969,50.144010826,13.254596904));
#6645=DIRECTION('',(-1.,0.,-0.));
#6646=DIRECTION('',(-0.,-1.,0.));
#6647=AXIS2_PLACEMENT_3D('',#6644,#6645,#6646);
#6648=PLANE('',#6647);
#6649=ORIENTED_EDGE('',*,*,#1150,.F.);
#6650=CARTESIAN_POINT('',(41.969,46.375698831,13.970096905));
#6651=DIRECTION('',(0.,1.,-0.));
#6652=VECTOR('',#6651,7.);
#6653=LINE('',#6650,#6652);
#6654=EDGE_CURVE('',#1136,#2659,#6653,.T.);
#6655=ORIENTED_EDGE('',*,*,#6654,.T.);
#6656=ORIENTED_EDGE('',*,*,#2664,.T.);
#6657=CARTESIAN_POINT('',(41.969,53.375698831,16.070075373));
#6658=DIRECTION('',(-0.,-1.,0.));
#6659=VECTOR('',#6658,7.);
#6660=LINE('',#6657,#6659);
#6661=EDGE_CURVE('',#2651,#1145,#6660,.T.);
#6662=ORIENTED_EDGE('',*,*,#6661,.T.);
#6663=EDGE_LOOP('',(#6649,#6655,#6656,#6662));
#6664=FACE_BOUND('',#6663,.T.);
#6665=ADVANCED_FACE('',(#6664),#6648,.F.);
#6666=CARTESIAN_POINT('',(0.,-0.193937285,12.970096917));
#6667=DIRECTION('',(0.,0.,1.));
#6668=DIRECTION('',(1.,0.,0.));
#6669=AXIS2_PLACEMENT_3D('',#6666,#6667,#6668);
#6670=PLANE('',#6669);
#6671=ORIENTED_EDGE('',*,*,#2681,.F.);
#6672=CARTESIAN_POINT('',(42.969,53.375698831,12.970096903));
#6673=DIRECTION('',(-0.,-1.,0.));
#6674=VECTOR('',#6673,7.);
#6675=LINE('',#6672,#6674);
#6676=EDGE_CURVE('',#2667,#1128,#6675,.T.);
#6677=ORIENTED_EDGE('',*,*,#6676,.T.);
#6678=ORIENTED_EDGE('',*,*,#1133,.F.);
#6679=CARTESIAN_POINT('',(52.6197,46.375698831,12.970096905));
#6680=DIRECTION('',(0.,1.,-0.));
#6681=VECTOR('',#6680,7.);
#6682=LINE('',#6679,#6681);
#6683=EDGE_CURVE('',#1119,#2676,#6682,.T.);
#6684=ORIENTED_EDGE('',*,*,#6683,.T.);
#6685=EDGE_LOOP('',(#6671,#6677,#6678,#6684));
#6686=FACE_BOUND('',#6685,.T.);
#6687=ADVANCED_FACE('',(#6686),#6670,.T.);
#6688=CARTESIAN_POINT('',(41.769,50.144010826,16.270075373));
#6689=DIRECTION('',(0.707106781,-0.,0.707106781));
#6690=DIRECTION('',(0.,1.,-0.));
#6691=AXIS2_PLACEMENT_3D('',#6688,#6689,#6690);
#6692=PLANE('',#6691);
#6693=ORIENTED_EDGE('',*,*,#4773,.F.);
#6694=ORIENTED_EDGE('',*,*,#4574,.F.);
#6695=ORIENTED_EDGE('',*,*,#6511,.F.);
#6696=ORIENTED_EDGE('',*,*,#1158,.F.);
#6697=ORIENTED_EDGE('',*,*,#6661,.F.);
#6698=ORIENTED_EDGE('',*,*,#2656,.F.);
#6699=EDGE_LOOP('',(#6693,#6694,#6695,#6696,#6697,#6698));
#6700=FACE_BOUND('',#6699,.T.);
#6701=ADVANCED_FACE('',(#6700),#6692,.T.);
#6702=CARTESIAN_POINT('',(54.8197,-1.968351169,17.270075373));
#6703=DIRECTION('',(-0.707106781,0.,0.707106781));
#6704=DIRECTION('',(0.,1.,-0.));
#6705=AXIS2_PLACEMENT_3D('',#6702,#6703,#6704);
#6706=PLANE('',#6705);
#6707=ORIENTED_EDGE('',*,*,#2706,.F.);
#6708=ORIENTED_EDGE('',*,*,#4548,.F.);
#6709=ORIENTED_EDGE('',*,*,#1108,.T.);
#6710=ORIENTED_EDGE('',*,*,#4729,.F.);
#6711=ORIENTED_EDGE('',*,*,#4826,.F.);
#6712=ORIENTED_EDGE('',*,*,#4797,.F.);
#6713=EDGE_LOOP('',(#6707,#6708,#6709,#6710,#6711,#6712));
#6714=FACE_BOUND('',#6713,.T.);
#6715=ADVANCED_FACE('',(#6714),#6706,.T.);
#6716=CARTESIAN_POINT('',(-41.0803,50.170832916,16.270075373));
#6717=DIRECTION('',(-0.707106781,0.,0.707106781));
#6718=DIRECTION('',(-0.,-1.,0.));
#6719=AXIS2_PLACEMENT_3D('',#6716,#6717,#6718);
#6720=PLANE('',#6719);
#6721=ORIENTED_EDGE('',*,*,#6518,.F.);
#6722=ORIENTED_EDGE('',*,*,#4588,.F.);
#6723=ORIENTED_EDGE('',*,*,#4780,.F.);
#6724=ORIENTED_EDGE('',*,*,#2834,.F.);
#6725=ORIENTED_EDGE('',*,*,#4610,.F.);
#6726=ORIENTED_EDGE('',*,*,#1174,.T.);
#6727=EDGE_LOOP('',(#6721,#6722,#6723,#6724,#6725,#6726));
#6728=FACE_BOUND('',#6727,.T.);
#6729=ADVANCED_FACE('',(#6728),#6720,.T.);
#6730=CARTESIAN_POINT('',(-54.131,-1.968351169,17.270075373));
#6731=DIRECTION('',(0.707106781,0.,0.707106781));
#6732=DIRECTION('',(0.,-1.,-0.));
#6733=AXIS2_PLACEMENT_3D('',#6730,#6731,#6732);
#6734=PLANE('',#6733);
#6735=ORIENTED_EDGE('',*,*,#1224,.F.);
#6736=ORIENTED_EDGE('',*,*,#6617,.F.);
#6737=ORIENTED_EDGE('',*,*,#2786,.F.);
#6738=ORIENTED_EDGE('',*,*,#6489,.F.);
#6739=ORIENTED_EDGE('',*,*,#4636,.F.);
#6740=ORIENTED_EDGE('',*,*,#4751,.F.);
#6741=EDGE_LOOP('',(#6735,#6736,#6737,#6738,#6739,#6740));
#6742=FACE_BOUND('',#6741,.T.);
#6743=ADVANCED_FACE('',(#6742),#6734,.T.);
#6744=CARTESIAN_POINT('',(-18.089351843,1.879970091,0.377366368));
#6745=DIRECTION('',(1.,0.,0.));
#6746=DIRECTION('',(0.,-0.,-1.));
#6747=AXIS2_PLACEMENT_3D('',#6744,#6745,#6746);
#6748=PLANE('',#6747);
#6749=ORIENTED_EDGE('',*,*,#3461,.F.);
#6750=CARTESIAN_POINT('',(-18.089351843,2.814977409,0.262561905));
#6751=VERTEX_POINT('',#6750);
#6752=CARTESIAN_POINT('',(-18.089351843,2.814977409,0.262561905));
#6753=DIRECTION('',(0.,-0.121869343,-0.992546152));
#6754=VECTOR('',#6753,0.4);
#6755=LINE('',#6752,#6754);
#6756=EDGE_CURVE('',#6751,#3454,#6755,.T.);
#6757=ORIENTED_EDGE('',*,*,#6756,.F.);
#6758=CARTESIAN_POINT('',(-18.089351843,0.944962774,0.49217083));
#6759=VERTEX_POINT('',#6758);
#6760=CARTESIAN_POINT('',(-18.089351843,2.814977409,0.262561905));
#6761=DIRECTION('',(0.,-0.992546152,0.121869343));
#6762=VECTOR('',#6761,1.884058118);
#6763=LINE('',#6760,#6762);
#6764=EDGE_CURVE('',#6751,#6759,#6763,.T.);
#6765=ORIENTED_EDGE('',*,*,#6764,.T.);
#6766=CARTESIAN_POINT('',(-18.089351843,0.944962774,0.49217083));
#6767=DIRECTION('',(0.,-0.121869343,-0.992546152));
#6768=VECTOR('',#6767,0.4);
#6769=LINE('',#6766,#6768);
#6770=EDGE_CURVE('',#6759,#3456,#6769,.T.);
#6771=ORIENTED_EDGE('',*,*,#6770,.T.);
#6772=EDGE_LOOP('',(#6749,#6757,#6765,#6771));
#6773=FACE_BOUND('',#6772,.T.);
#6774=ADVANCED_FACE('',(#6773),#6748,.T.);
#6775=CARTESIAN_POINT('',(-15.871960337,5.015842663,-0.007670368));
#6776=CARTESIAN_POINT('',(-15.871960337,4.967094926,-0.404688829));
#6777=CARTESIAN_POINT('',(-17.340558714,5.015842663,-0.007670368));
#6778=CARTESIAN_POINT('',(-17.340558714,4.967094926,-0.404688829));
#6779=CARTESIAN_POINT('',(-18.079689371,4.282220912,0.082407056));
#6780=CARTESIAN_POINT('',(-18.079689371,4.233473175,-0.314611404));
#6781=CARTESIAN_POINT('',(-18.089351843,2.814977409,0.262561905));
#6782=CARTESIAN_POINT('',(-18.089351843,2.766229672,-0.134456556));
#6783=B_SPLINE_SURFACE_WITH_KNOTS('',3,1,((#6775,#6776),(#6777,#6778),(#6779,#6780),(#6781,#6782)),.UNSPECIFIED.,.F.,.F.,.U.,(4,4),(2,2),(0.,1.),(0.,1.),.UNSPECIFIED.);
#6784=ORIENTED_EDGE('',*,*,#3517,.F.);
#6785=CARTESIAN_POINT('',(-15.871960337,5.015842663,-0.007670368));
#6786=VERTEX_POINT('',#6785);
#6787=CARTESIAN_POINT('',(-15.871960337,5.015842663,-0.007670368));
#6788=DIRECTION('',(0.,-0.121869343,-0.992546152));
#6789=VECTOR('',#6788,0.4);
#6790=LINE('',#6787,#6789);
#6791=EDGE_CURVE('',#6786,#3505,#6790,.T.);
#6792=ORIENTED_EDGE('',*,*,#6791,.F.);
#6793=CARTESIAN_POINT('',(-15.871960337,5.015842663,-0.007670368));
#6794=CARTESIAN_POINT('',(-17.340558714,5.015842663,-0.007670368));
#6795=CARTESIAN_POINT('',(-18.079689371,4.282220912,0.082407056));
#6796=CARTESIAN_POINT('',(-18.089351843,2.814977409,0.262561905));
#6797=B_SPLINE_CURVE_WITH_KNOTS('',3,(#6793,#6794,#6795,#6796),.UNSPECIFIED.,.F.,.F.,(4,4),(0.,1.),.UNSPECIFIED.);
#6798=EDGE_CURVE('',#6786,#6751,#6797,.T.);
#6799=ORIENTED_EDGE('',*,*,#6798,.T.);
#6800=ORIENTED_EDGE('',*,*,#6756,.T.);
#6801=EDGE_LOOP('',(#6784,#6792,#6799,#6800));
#6802=FACE_BOUND('',#6801,.T.);
#6803=ADVANCED_FACE('',(#6802),#6783,.T.);
#6804=CARTESIAN_POINT('',(-13.502394855,5.015842663,-0.007670368));
#6805=DIRECTION('',(0.,-0.992546152,0.121869343));
#6806=DIRECTION('',(0.,-0.121869343,-0.992546152));
#6807=AXIS2_PLACEMENT_3D('',#6804,#6805,#6806);
#6808=PLANE('',#6807);
#6809=ORIENTED_EDGE('',*,*,#3510,.F.);
#6810=CARTESIAN_POINT('',(-11.132829373,5.015842663,-0.007670368));
#6811=VERTEX_POINT('',#6810);
#6812=CARTESIAN_POINT('',(-11.132829373,5.015842663,-0.007670368));
#6813=DIRECTION('',(0.,-0.121869343,-0.992546152));
#6814=VECTOR('',#6813,0.4);
#6815=LINE('',#6812,#6814);
#6816=EDGE_CURVE('',#6811,#3497,#6815,.T.);
#6817=ORIENTED_EDGE('',*,*,#6816,.F.);
#6818=CARTESIAN_POINT('',(-11.132829373,5.015842663,-0.007670368));
#6819=DIRECTION('',(-1.,0.,0.));
#6820=VECTOR('',#6819,4.739130964);
#6821=LINE('',#6818,#6820);
#6822=EDGE_CURVE('',#6811,#6786,#6821,.T.);
#6823=ORIENTED_EDGE('',*,*,#6822,.T.);
#6824=ORIENTED_EDGE('',*,*,#6791,.T.);
#6825=EDGE_LOOP('',(#6809,#6817,#6823,#6824));
#6826=FACE_BOUND('',#6825,.T.);
#6827=ADVANCED_FACE('',(#6826),#6808,.T.);
#6828=CARTESIAN_POINT('',(-11.140075761,0.053111091,0.601676447));
#6829=DIRECTION('',(-0.99999895,0.001438473,-0.000176622));
#6830=DIRECTION('',(-0.001438473,-0.999998965,0.));
#6831=AXIS2_PLACEMENT_3D('',#6828,#6829,#6830);
#6832=PLANE('',#6831);
#6833=ORIENTED_EDGE('',*,*,#3502,.F.);
#6834=CARTESIAN_POINT('',(-11.147322149,-4.90962048,1.211023262));
#6835=VERTEX_POINT('',#6834);
#6836=CARTESIAN_POINT('',(-11.147322149,-4.90962048,1.211023262));
#6837=DIRECTION('',(0.,-0.121869343,-0.992546152));
#6838=VECTOR('',#6837,0.4);
#6839=LINE('',#6836,#6838);
#6840=EDGE_CURVE('',#6835,#3489,#6839,.T.);
#6841=ORIENTED_EDGE('',*,*,#6840,.F.);
#6842=CARTESIAN_POINT('',(-11.147322149,-4.90962048,1.211023262));
#6843=DIRECTION('',(0.001449276,0.992545109,-0.121869215));
#6844=VECTOR('',#6843,10.000012141);
#6845=LINE('',#6842,#6844);
#6846=EDGE_CURVE('',#6835,#6811,#6845,.T.);
#6847=ORIENTED_EDGE('',*,*,#6846,.T.);
#6848=ORIENTED_EDGE('',*,*,#6816,.T.);
#6849=EDGE_LOOP('',(#6833,#6841,#6847,#6848));
#6850=FACE_BOUND('',#6849,.T.);
#6851=ADVANCED_FACE('',(#6850),#6832,.T.);
#6852=CARTESIAN_POINT('',(-11.748771491,-4.90962048,1.211023262));
#6853=DIRECTION('',(0.,0.992546152,-0.121869343));
#6854=DIRECTION('',(0.,0.121869343,0.992546152));
#6855=AXIS2_PLACEMENT_3D('',#6852,#6853,#6854);
#6856=PLANE('',#6855);
#6857=ORIENTED_EDGE('',*,*,#3494,.F.);
#6858=CARTESIAN_POINT('',(-12.350220832,-4.90962048,1.211023262));
#6859=VERTEX_POINT('',#6858);
#6860=CARTESIAN_POINT('',(-12.350220832,-4.90962048,1.211023262));
#6861=DIRECTION('',(0.,-0.121869343,-0.992546152));
#6862=VECTOR('',#6861,0.4);
#6863=LINE('',#6860,#6862);
#6864=EDGE_CURVE('',#6859,#3481,#6863,.T.);
#6865=ORIENTED_EDGE('',*,*,#6864,.F.);
#6866=CARTESIAN_POINT('',(-12.350220832,-4.90962048,1.211023262));
#6867=DIRECTION('',(1.,0.,-0.));
#6868=VECTOR('',#6867,1.202898682);
#6869=LINE('',#6866,#6868);
#6870=EDGE_CURVE('',#6859,#6835,#6869,.T.);
#6871=ORIENTED_EDGE('',*,*,#6870,.T.);
#6872=ORIENTED_EDGE('',*,*,#6840,.T.);
#6873=EDGE_LOOP('',(#6857,#6865,#6871,#6872));
#6874=FACE_BOUND('',#6873,.T.);
#6875=ADVANCED_FACE('',(#6874),#6856,.T.);
#6876=CARTESIAN_POINT('',(-12.350220832,-3.082759632,0.986712955));
#6877=DIRECTION('',(1.,0.,0.));
#6878=DIRECTION('',(0.,-0.,-1.));
#6879=AXIS2_PLACEMENT_3D('',#6876,#6877,#6878);
#6880=PLANE('',#6879);
#6881=ORIENTED_EDGE('',*,*,#3486,.F.);
#6882=CARTESIAN_POINT('',(-12.350220832,-1.255898783,0.762402649));
#6883=VERTEX_POINT('',#6882);
#6884=CARTESIAN_POINT('',(-12.350220832,-1.255898783,0.762402649));
#6885=DIRECTION('',(0.,-0.121869343,-0.992546152));
#6886=VECTOR('',#6885,0.4);
#6887=LINE('',#6884,#6886);
#6888=EDGE_CURVE('',#6883,#3473,#6887,.T.);
#6889=ORIENTED_EDGE('',*,*,#6888,.F.);
#6890=CARTESIAN_POINT('',(-12.350220832,-1.255898783,0.762402649));
#6891=DIRECTION('',(0.,-0.992546152,0.121869343));
#6892=VECTOR('',#6891,3.68116051);
#6893=LINE('',#6890,#6892);
#6894=EDGE_CURVE('',#6883,#6859,#6893,.T.);
#6895=ORIENTED_EDGE('',*,*,#6894,.T.);
#6896=ORIENTED_EDGE('',*,*,#6864,.T.);
#6897=EDGE_LOOP('',(#6881,#6889,#6895,#6896));
#6898=FACE_BOUND('',#6897,.T.);
#6899=ADVANCED_FACE('',(#6898),#6880,.T.);
#6900=CARTESIAN_POINT('',(-14.111090584,-1.255898783,0.762402649));
#6901=DIRECTION('',(0.,0.992546152,-0.121869343));
#6902=DIRECTION('',(0.,0.121869343,0.992546152));
#6903=AXIS2_PLACEMENT_3D('',#6900,#6901,#6902);
#6904=PLANE('',#6903);
#6905=ORIENTED_EDGE('',*,*,#3478,.F.);
#6906=CARTESIAN_POINT('',(-15.871960337,-1.255898783,0.762402649));
#6907=VERTEX_POINT('',#6906);
#6908=CARTESIAN_POINT('',(-15.871960337,-1.255898783,0.762402649));
#6909=DIRECTION('',(0.,-0.121869343,-0.992546152));
#6910=VECTOR('',#6909,0.4);
#6911=LINE('',#6908,#6910);
#6912=EDGE_CURVE('',#6907,#3464,#6911,.T.);
#6913=ORIENTED_EDGE('',*,*,#6912,.F.);
#6914=CARTESIAN_POINT('',(-15.871960337,-1.255898783,0.762402649));
#6915=DIRECTION('',(1.,0.,-0.));
#6916=VECTOR('',#6915,3.521739505);
#6917=LINE('',#6914,#6916);
#6918=EDGE_CURVE('',#6907,#6883,#6917,.T.);
#6919=ORIENTED_EDGE('',*,*,#6918,.T.);
#6920=ORIENTED_EDGE('',*,*,#6888,.T.);
#6921=EDGE_LOOP('',(#6905,#6913,#6919,#6920));
#6922=FACE_BOUND('',#6921,.T.);
#6923=ADVANCED_FACE('',(#6922),#6904,.T.);
#6924=CARTESIAN_POINT('',(-16.871960501,1.879970091,0.377366368));
#6925=DIRECTION('',(-1.,0.,0.));
#6926=DIRECTION('',(0.,0.,1.));
#6927=AXIS2_PLACEMENT_3D('',#6924,#6925,#6926);
#6928=PLANE('',#6927);
#6929=CARTESIAN_POINT('',(-16.871960501,0.76675368,0.111048225));
#6930=VERTEX_POINT('',#6929);
#6931=CARTESIAN_POINT('',(-16.871960501,2.895691029,-0.150352411));
#6932=VERTEX_POINT('',#6931);
#6933=CARTESIAN_POINT('',(-16.871960501,0.76675368,0.111048225));
#6934=DIRECTION('',(0.,0.992546152,-0.121869343));
#6935=VECTOR('',#6934,2.144925296);
#6936=LINE('',#6933,#6935);
#6937=EDGE_CURVE('',#6930,#6932,#6936,.T.);
#6938=ORIENTED_EDGE('',*,*,#6937,.F.);
#6939=CARTESIAN_POINT('',(-16.871960501,0.815501417,0.508066686));
#6940=VERTEX_POINT('',#6939);
#6941=CARTESIAN_POINT('',(-16.871960501,0.815501417,0.508066686));
#6942=DIRECTION('',(0.,-0.121869343,-0.992546152));
#6943=VECTOR('',#6942,0.4);
#6944=LINE('',#6941,#6943);
#6945=EDGE_CURVE('',#6940,#6930,#6944,.T.);
#6946=ORIENTED_EDGE('',*,*,#6945,.F.);
#6947=CARTESIAN_POINT('',(-16.871960501,2.944438766,0.246666049));
#6948=VERTEX_POINT('',#6947);
#6949=CARTESIAN_POINT('',(-16.871960501,0.815501417,0.508066686));
#6950=DIRECTION('',(0.,0.992546152,-0.121869343));
#6951=VECTOR('',#6950,2.144925296);
#6952=LINE('',#6949,#6951);
#6953=EDGE_CURVE('',#6940,#6948,#6952,.T.);
#6954=ORIENTED_EDGE('',*,*,#6953,.T.);
#6955=CARTESIAN_POINT('',(-16.871960501,2.944438766,0.246666049));
#6956=DIRECTION('',(0.,-0.121869343,-0.992546152));
#6957=VECTOR('',#6956,0.4);
#6958=LINE('',#6955,#6957);
#6959=EDGE_CURVE('',#6948,#6932,#6958,.T.);
#6960=ORIENTED_EDGE('',*,*,#6959,.T.);
#6961=EDGE_LOOP('',(#6938,#6946,#6954,#6960));
#6962=FACE_BOUND('',#6961,.T.);
#6963=ADVANCED_FACE('',(#6962),#6928,.T.);
#6964=CARTESIAN_POINT('',(-15.886452647,-0.162659686,0.628169767));
#6965=CARTESIAN_POINT('',(-15.886452647,-0.211407423,0.231151306));
#6966=CARTESIAN_POINT('',(-16.543457417,-0.162659686,0.628169767));
#6967=CARTESIAN_POINT('',(-16.543457417,-0.211407423,0.231151306));
#6968=CARTESIAN_POINT('',(-16.871960035,0.16339155,0.588135709));
#6969=CARTESIAN_POINT('',(-16.871960035,0.114643813,0.191117249));
#6970=CARTESIAN_POINT('',(-16.871960501,0.815501417,0.508066686));
#6971=CARTESIAN_POINT('',(-16.871960501,0.76675368,0.111048225));
#6972=B_SPLINE_SURFACE_WITH_KNOTS('',3,1,((#6964,#6965),(#6966,#6967),(#6968,#6969),(#6970,#6971)),.UNSPECIFIED.,.F.,.F.,.U.,(4,4),(2,2),(0.,1.),(0.,1.),.UNSPECIFIED.);
#6973=CARTESIAN_POINT('',(-15.886452647,-0.211407423,0.231151306));
#6974=VERTEX_POINT('',#6973);
#6975=CARTESIAN_POINT('',(-15.886452647,-0.211407423,0.231151306));
#6976=CARTESIAN_POINT('',(-16.543457417,-0.211407423,0.231151306));
#6977=CARTESIAN_POINT('',(-16.871960035,0.114643813,0.191117249));
#6978=CARTESIAN_POINT('',(-16.871960501,0.76675368,0.111048225));
#6979=B_SPLINE_CURVE_WITH_KNOTS('',3,(#6975,#6976,#6977,#6978),.UNSPECIFIED.,.F.,.F.,(4,4),(0.,1.),.UNSPECIFIED.);
#6980=EDGE_CURVE('',#6974,#6930,#6979,.T.);
#6981=ORIENTED_EDGE('',*,*,#6980,.F.);
#6982=CARTESIAN_POINT('',(-15.886452647,-0.162659686,0.628169767));
#6983=VERTEX_POINT('',#6982);
#6984=CARTESIAN_POINT('',(-15.886452647,-0.162659686,0.628169767));
#6985=DIRECTION('',(0.,-0.121869343,-0.992546152));
#6986=VECTOR('',#6985,0.4);
#6987=LINE('',#6984,#6986);
#6988=EDGE_CURVE('',#6983,#6974,#6987,.T.);
#6989=ORIENTED_EDGE('',*,*,#6988,.F.);
#6990=CARTESIAN_POINT('',(-15.886452647,-0.162659686,0.628169767));
#6991=CARTESIAN_POINT('',(-16.543457417,-0.162659686,0.628169767));
#6992=CARTESIAN_POINT('',(-16.871960035,0.16339155,0.588135709));
#6993=CARTESIAN_POINT('',(-16.871960501,0.815501417,0.508066686));
#6994=B_SPLINE_CURVE_WITH_KNOTS('',3,(#6990,#6991,#6992,#6993),.UNSPECIFIED.,.F.,.F.,(4,4),(0.,1.),.UNSPECIFIED.);
#6995=EDGE_CURVE('',#6983,#6940,#6994,.T.);
#6996=ORIENTED_EDGE('',*,*,#6995,.T.);
#6997=ORIENTED_EDGE('',*,*,#6945,.T.);
#6998=EDGE_LOOP('',(#6981,#6989,#6996,#6997));
#6999=FACE_BOUND('',#6998,.T.);
#7000=ADVANCED_FACE('',(#6999),#6972,.T.);
#7001=CARTESIAN_POINT('',(-14.118336739,-0.162659686,0.628169767));
#7002=DIRECTION('',(0.,-0.992546152,0.121869343));
#7003=DIRECTION('',(0.,-0.121869343,-0.992546152));
#7004=AXIS2_PLACEMENT_3D('',#7001,#7002,#7003);
#7005=PLANE('',#7004);
#7006=CARTESIAN_POINT('',(-12.350220832,-0.211407423,0.231151306));
#7007=VERTEX_POINT('',#7006);
#7008=CARTESIAN_POINT('',(-12.350220832,-0.211407423,0.231151306));
#7009=DIRECTION('',(-1.,0.,0.));
#7010=VECTOR('',#7009,3.536231816);
#7011=LINE('',#7008,#7010);
#7012=EDGE_CURVE('',#7007,#6974,#7011,.T.);
#7013=ORIENTED_EDGE('',*,*,#7012,.F.);
#7014=CARTESIAN_POINT('',(-12.350220832,-0.162659686,0.628169767));
#7015=VERTEX_POINT('',#7014);
#7016=CARTESIAN_POINT('',(-12.350220832,-0.162659686,0.628169767));
#7017=DIRECTION('',(0.,-0.121869343,-0.992546152));
#7018=VECTOR('',#7017,0.4);
#7019=LINE('',#7016,#7018);
#7020=EDGE_CURVE('',#7015,#7007,#7019,.T.);
#7021=ORIENTED_EDGE('',*,*,#7020,.F.);
#7022=CARTESIAN_POINT('',(-12.350220832,-0.162659686,0.628169767));
#7023=DIRECTION('',(-1.,0.,0.));
#7024=VECTOR('',#7023,3.536231816);
#7025=LINE('',#7022,#7024);
#7026=EDGE_CURVE('',#7015,#6983,#7025,.T.);
#7027=ORIENTED_EDGE('',*,*,#7026,.T.);
#7028=ORIENTED_EDGE('',*,*,#6988,.T.);
#7029=EDGE_LOOP('',(#7013,#7021,#7027,#7028));
#7030=FACE_BOUND('',#7029,.T.);
#7031=ADVANCED_FACE('',(#7030),#7005,.T.);
#7032=CARTESIAN_POINT('',(-12.350220832,1.87997194,0.377366141));
#7033=DIRECTION('',(1.,0.,0.));
#7034=DIRECTION('',(0.,-0.,-1.));
#7035=AXIS2_PLACEMENT_3D('',#7032,#7033,#7034);
#7036=PLANE('',#7035);
#7037=CARTESIAN_POINT('',(-12.350220832,3.873855829,-0.270455947));
#7038=VERTEX_POINT('',#7037);
#7039=CARTESIAN_POINT('',(-12.350220832,3.873855829,-0.270455947));
#7040=DIRECTION('',(0.,-0.992546152,0.121869343));
#7041=VECTOR('',#7040,4.115942866);
#7042=LINE('',#7039,#7041);
#7043=EDGE_CURVE('',#7038,#7007,#7042,.T.);
#7044=ORIENTED_EDGE('',*,*,#7043,.F.);
#7045=CARTESIAN_POINT('',(-12.350220832,3.922603566,0.126562514));
#7046=VERTEX_POINT('',#7045);
#7047=CARTESIAN_POINT('',(-12.350220832,3.922603566,0.126562514));
#7048=DIRECTION('',(0.,-0.121869343,-0.992546152));
#7049=VECTOR('',#7048,0.4);
#7050=LINE('',#7047,#7049);
#7051=EDGE_CURVE('',#7046,#7038,#7050,.T.);
#7052=ORIENTED_EDGE('',*,*,#7051,.F.);
#7053=CARTESIAN_POINT('',(-12.350220832,3.922603566,0.126562514));
#7054=DIRECTION('',(0.,-0.992546152,0.121869343));
#7055=VECTOR('',#7054,4.115942866);
#7056=LINE('',#7053,#7055);
#7057=EDGE_CURVE('',#7046,#7015,#7056,.T.);
#7058=ORIENTED_EDGE('',*,*,#7057,.T.);
#7059=ORIENTED_EDGE('',*,*,#7020,.T.);
#7060=EDGE_LOOP('',(#7044,#7052,#7058,#7059));
#7061=FACE_BOUND('',#7060,.T.);
#7062=ADVANCED_FACE('',(#7061),#7036,.T.);
#7063=CARTESIAN_POINT('',(-14.118336739,3.922603566,0.126562514));
#7064=DIRECTION('',(0.,0.992546152,-0.121869343));
#7065=DIRECTION('',(0.,0.121869343,0.992546152));
#7066=AXIS2_PLACEMENT_3D('',#7063,#7064,#7065);
#7067=PLANE('',#7066);
#7068=CARTESIAN_POINT('',(-15.886452647,3.873855829,-0.270455947));
#7069=VERTEX_POINT('',#7068);
#7070=CARTESIAN_POINT('',(-15.886452647,3.873855829,-0.270455947));
#7071=DIRECTION('',(1.,0.,-0.));
#7072=VECTOR('',#7071,3.536231816);
#7073=LINE('',#7070,#7072);
#7074=EDGE_CURVE('',#7069,#7038,#7073,.T.);
#7075=ORIENTED_EDGE('',*,*,#7074,.F.);
#7076=CARTESIAN_POINT('',(-15.886452647,3.922603566,0.126562514));
#7077=VERTEX_POINT('',#7076);
#7078=CARTESIAN_POINT('',(-15.886452647,3.922603566,0.126562514));
#7079=DIRECTION('',(0.,-0.121869343,-0.992546152));
#7080=VECTOR('',#7079,0.4);
#7081=LINE('',#7078,#7080);
#7082=EDGE_CURVE('',#7077,#7069,#7081,.T.);
#7083=ORIENTED_EDGE('',*,*,#7082,.F.);
#7084=CARTESIAN_POINT('',(-15.886452647,3.922603566,0.126562514));
#7085=DIRECTION('',(1.,0.,-0.));
#7086=VECTOR('',#7085,3.536231816);
#7087=LINE('',#7084,#7086);
#7088=EDGE_CURVE('',#7077,#7046,#7087,.T.);
#7089=ORIENTED_EDGE('',*,*,#7088,.T.);
#7090=ORIENTED_EDGE('',*,*,#7051,.T.);
#7091=EDGE_LOOP('',(#7075,#7083,#7089,#7090));
#7092=FACE_BOUND('',#7091,.T.);
#7093=ADVANCED_FACE('',(#7092),#7067,.T.);
#7094=CARTESIAN_POINT('',(-16.871960501,2.944438766,0.246666049));
#7095=CARTESIAN_POINT('',(-16.871960501,2.895691029,-0.150352411));
#7096=CARTESIAN_POINT('',(-16.871960035,3.596548633,0.166597026));
#7097=CARTESIAN_POINT('',(-16.871960035,3.547800895,-0.230421435));
#7098=CARTESIAN_POINT('',(-16.543457417,3.922603566,0.126562514));
#7099=CARTESIAN_POINT('',(-16.543457417,3.873855829,-0.270455947));
#7100=CARTESIAN_POINT('',(-15.886452647,3.922603566,0.126562514));
#7101=CARTESIAN_POINT('',(-15.886452647,3.873855829,-0.270455947));
#7102=B_SPLINE_SURFACE_WITH_KNOTS('',3,1,((#7094,#7095),(#7096,#7097),(#7098,#7099),(#7100,#7101)),.UNSPECIFIED.,.F.,.F.,.U.,(4,4),(2,2),(0.,1.),(0.,1.),.UNSPECIFIED.);
#7103=CARTESIAN_POINT('',(-16.871960501,2.895691029,-0.150352411));
#7104=CARTESIAN_POINT('',(-16.871960035,3.547800895,-0.230421435));
#7105=CARTESIAN_POINT('',(-16.543457417,3.873855829,-0.270455947));
#7106=CARTESIAN_POINT('',(-15.886452647,3.873855829,-0.270455947));
#7107=B_SPLINE_CURVE_WITH_KNOTS('',3,(#7103,#7104,#7105,#7106),.UNSPECIFIED.,.F.,.F.,(4,4),(0.,1.),.UNSPECIFIED.);
#7108=EDGE_CURVE('',#6932,#7069,#7107,.T.);
#7109=ORIENTED_EDGE('',*,*,#7108,.F.);
#7110=ORIENTED_EDGE('',*,*,#6959,.F.);
#7111=CARTESIAN_POINT('',(-16.871960501,2.944438766,0.246666049));
#7112=CARTESIAN_POINT('',(-16.871960035,3.596548633,0.166597026));
#7113=CARTESIAN_POINT('',(-16.543457417,3.922603566,0.126562514));
#7114=CARTESIAN_POINT('',(-15.886452647,3.922603566,0.126562514));
#7115=B_SPLINE_CURVE_WITH_KNOTS('',3,(#7111,#7112,#7113,#7114),.UNSPECIFIED.,.F.,.F.,(4,4),(0.,1.),.UNSPECIFIED.);
#7116=EDGE_CURVE('',#6948,#7077,#7115,.T.);
#7117=ORIENTED_EDGE('',*,*,#7116,.T.);
#7118=ORIENTED_EDGE('',*,*,#7082,.T.);
#7119=EDGE_LOOP('',(#7109,#7110,#7117,#7118));
#7120=FACE_BOUND('',#7119,.T.);
#7121=ADVANCED_FACE('',(#7120),#7102,.T.);
#7122=CARTESIAN_POINT('',(-18.089351843,0.944962774,0.49217083));
#7123=CARTESIAN_POINT('',(-18.089351843,0.896215037,0.095152369));
#7124=CARTESIAN_POINT('',(-18.079689371,-0.522277031,0.672325225));
#7125=CARTESIAN_POINT('',(-18.079689371,-0.571024769,0.275306764));
#7126=CARTESIAN_POINT('',(-17.340558714,-1.255898783,0.762402649));
#7127=CARTESIAN_POINT('',(-17.340558714,-1.30464652,0.365384188));
#7128=CARTESIAN_POINT('',(-15.871960337,-1.255898783,0.762402649));
#7129=CARTESIAN_POINT('',(-15.871960337,-1.30464652,0.365384188));
#7130=B_SPLINE_SURFACE_WITH_KNOTS('',3,1,((#7122,#7123),(#7124,#7125),(#7126,#7127),(#7128,#7129)),.UNSPECIFIED.,.F.,.F.,.U.,(4,4),(2,2),(0.,1.),(0.,1.),.UNSPECIFIED.);
#7131=ORIENTED_EDGE('',*,*,#3470,.F.);
#7132=ORIENTED_EDGE('',*,*,#6770,.F.);
#7133=CARTESIAN_POINT('',(-18.089351843,0.944962774,0.49217083));
#7134=CARTESIAN_POINT('',(-18.079689371,-0.522277031,0.672325225));
#7135=CARTESIAN_POINT('',(-17.340558714,-1.255898783,0.762402649));
#7136=CARTESIAN_POINT('',(-15.871960337,-1.255898783,0.762402649));
#7137=B_SPLINE_CURVE_WITH_KNOTS('',3,(#7133,#7134,#7135,#7136),.UNSPECIFIED.,.F.,.F.,(4,4),(0.,1.),.UNSPECIFIED.);
#7138=EDGE_CURVE('',#6759,#6907,#7137,.T.);
#7139=ORIENTED_EDGE('',*,*,#7138,.T.);
#7140=ORIENTED_EDGE('',*,*,#6912,.T.);
#7141=EDGE_LOOP('',(#7131,#7132,#7139,#7140));
#7142=FACE_BOUND('',#7141,.T.);
#7143=ADVANCED_FACE('',(#7142),#7130,.T.);
#7144=CARTESIAN_POINT('',(-44.785006046,0.053111091,0.601676447));
#7145=DIRECTION('',(0.,-0.121869343,-0.992546152));
#7146=DIRECTION('',(-1.,0.,0.));
#7147=AXIS2_PLACEMENT_3D('',#7144,#7145,#7146);
#7148=PLANE('',#7147);
#7149=ORIENTED_EDGE('',*,*,#6953,.F.);
#7150=ORIENTED_EDGE('',*,*,#6995,.F.);
#7151=ORIENTED_EDGE('',*,*,#7026,.F.);
#7152=ORIENTED_EDGE('',*,*,#7057,.F.);
#7153=ORIENTED_EDGE('',*,*,#7088,.F.);
#7154=ORIENTED_EDGE('',*,*,#7116,.F.);
#7155=EDGE_LOOP('',(#7149,#7150,#7151,#7152,#7153,#7154));
#7156=FACE_BOUND('',#7155,.T.);
#7157=ORIENTED_EDGE('',*,*,#6764,.F.);
#7158=ORIENTED_EDGE('',*,*,#6798,.F.);
#7159=ORIENTED_EDGE('',*,*,#6822,.F.);
#7160=ORIENTED_EDGE('',*,*,#6846,.F.);
#7161=ORIENTED_EDGE('',*,*,#6870,.F.);
#7162=ORIENTED_EDGE('',*,*,#6894,.F.);
#7163=ORIENTED_EDGE('',*,*,#6918,.F.);
#7164=ORIENTED_EDGE('',*,*,#7138,.F.);
#7165=EDGE_LOOP('',(#7157,#7158,#7159,#7160,#7161,#7162,#7163,#7164));
#7166=FACE_BOUND('',#7165,.T.);
#7167=ADVANCED_FACE('',(#7156,#7166),#7148,.T.);
#7168=CARTESIAN_POINT('',(3.03500127,-1.443986758,0.382493018));
#7169=DIRECTION('',(0.,0.121869343,0.992546152));
#7170=DIRECTION('',(-1.,0.,0.));
#7171=AXIS2_PLACEMENT_3D('',#7168,#7169,#7170);
#7172=PLANE('',#7171);
#7173=ORIENTED_EDGE('',*,*,#6937,.T.);
#7174=ORIENTED_EDGE('',*,*,#7108,.T.);
#7175=ORIENTED_EDGE('',*,*,#7074,.T.);
#7176=ORIENTED_EDGE('',*,*,#7043,.T.);
#7177=ORIENTED_EDGE('',*,*,#7012,.T.);
#7178=ORIENTED_EDGE('',*,*,#6980,.T.);
#7179=EDGE_LOOP('',(#7173,#7174,#7175,#7176,#7177,#7178));
#7180=FACE_BOUND('',#7179,.T.);
#7181=ADVANCED_FACE('',(#7180),#7172,.F.);
#7182=CARTESIAN_POINT('',(-72.205301041,4.217490233,0.090354984));
#7183=DIRECTION('',(-1.,0.,0.));
#7184=DIRECTION('',(0.,0.,1.));
#7185=AXIS2_PLACEMENT_3D('',#7182,#7183,#7184);
#7186=PLANE('',#7185);
#7187=ORIENTED_EDGE('',*,*,#3251,.F.);
#7188=CARTESIAN_POINT('',(-72.205301041,3.922603566,0.126562514));
#7189=VERTEX_POINT('',#7188);
#7190=CARTESIAN_POINT('',(-72.205301041,3.922603566,0.126562514));
#7191=DIRECTION('',(0.,-0.121869343,-0.992546152));
#7192=VECTOR('',#7191,0.4);
#7193=LINE('',#7190,#7192);
#7194=EDGE_CURVE('',#7189,#3244,#7193,.T.);
#7195=ORIENTED_EDGE('',*,*,#7194,.F.);
#7196=CARTESIAN_POINT('',(-72.205301041,4.5123769,0.054147455));
#7197=VERTEX_POINT('',#7196);
#7198=CARTESIAN_POINT('',(-72.205301041,3.922603566,0.126562514));
#7199=DIRECTION('',(0.,0.992546152,-0.121869343));
#7200=VECTOR('',#7199,0.594202429);
#7201=LINE('',#7198,#7200);
#7202=EDGE_CURVE('',#7189,#7197,#7201,.T.);
#7203=ORIENTED_EDGE('',*,*,#7202,.T.);
#7204=CARTESIAN_POINT('',(-72.205301041,4.5123769,0.054147455));
#7205=DIRECTION('',(0.,-0.121869343,-0.992546152));
#7206=VECTOR('',#7205,0.4);
#7207=LINE('',#7204,#7206);
#7208=EDGE_CURVE('',#7197,#3246,#7207,.T.);
#7209=ORIENTED_EDGE('',*,*,#7208,.T.);
#7210=EDGE_LOOP('',(#7187,#7195,#7203,#7209));
#7211=FACE_BOUND('',#7210,.T.);
#7212=ADVANCED_FACE('',(#7211),#7186,.T.);
#7213=CARTESIAN_POINT('',(-74.219792748,3.922603566,0.126562514));
#7214=DIRECTION('',(0.,0.992546152,-0.121869343));
#7215=DIRECTION('',(0.,0.121869343,0.992546152));
#7216=AXIS2_PLACEMENT_3D('',#7213,#7214,#7215);
#7217=PLANE('',#7216);
#7218=ORIENTED_EDGE('',*,*,#3449,.F.);
#7219=CARTESIAN_POINT('',(-76.234284455,3.922603566,0.126562514));
#7220=VERTEX_POINT('',#7219);
#7221=CARTESIAN_POINT('',(-76.234284455,3.922603566,0.126562514));
#7222=DIRECTION('',(0.,-0.121869343,-0.992546152));
#7223=VECTOR('',#7222,0.4);
#7224=LINE('',#7221,#7223);
#7225=EDGE_CURVE('',#7220,#3437,#7224,.T.);
#7226=ORIENTED_EDGE('',*,*,#7225,.F.);
#7227=CARTESIAN_POINT('',(-76.234284455,3.922603566,0.126562514));
#7228=DIRECTION('',(1.,0.,-0.));
#7229=VECTOR('',#7228,4.028983414);
#7230=LINE('',#7227,#7229);
#7231=EDGE_CURVE('',#7220,#7189,#7230,.T.);
#7232=ORIENTED_EDGE('',*,*,#7231,.T.);
#7233=ORIENTED_EDGE('',*,*,#7194,.T.);
#7234=EDGE_LOOP('',(#7218,#7226,#7232,#7233));
#7235=FACE_BOUND('',#7234,.T.);
#7236=ADVANCED_FACE('',(#7235),#7217,.T.);
#7237=CARTESIAN_POINT('',(-77.219787652,2.944438766,0.246666049));
#7238=CARTESIAN_POINT('',(-77.219787652,2.895691029,-0.150352411));
#7239=CARTESIAN_POINT('',(-77.229451055,3.596548633,0.166597026));
#7240=CARTESIAN_POINT('',(-77.229451055,3.547800895,-0.230421435));
#7241=CARTESIAN_POINT('',(-76.900947506,3.922603566,0.126562514));
#7242=CARTESIAN_POINT('',(-76.900947506,3.873855829,-0.270455947));
#7243=CARTESIAN_POINT('',(-76.234284455,3.922603566,0.126562514));
#7244=CARTESIAN_POINT('',(-76.234284455,3.873855829,-0.270455947));
#7245=B_SPLINE_SURFACE_WITH_KNOTS('',3,1,((#7237,#7238),(#7239,#7240),(#7241,#7242),(#7243,#7244)),.UNSPECIFIED.,.F.,.F.,.U.,(4,4),(2,2),(0.,1.),(0.,1.),.UNSPECIFIED.);
#7246=ORIENTED_EDGE('',*,*,#3443,.F.);
#7247=CARTESIAN_POINT('',(-77.219787652,2.944438766,0.246666049));
#7248=VERTEX_POINT('',#7247);
#7249=CARTESIAN_POINT('',(-77.219787652,2.944438766,0.246666049));
#7250=DIRECTION('',(0.,-0.121869343,-0.992546152));
#7251=VECTOR('',#7250,0.4);
#7252=LINE('',#7249,#7251);
#7253=EDGE_CURVE('',#7248,#3429,#7252,.T.);
#7254=ORIENTED_EDGE('',*,*,#7253,.F.);
#7255=CARTESIAN_POINT('',(-77.219787652,2.944438766,0.246666049));
#7256=CARTESIAN_POINT('',(-77.229451055,3.596548633,0.166597026));
#7257=CARTESIAN_POINT('',(-76.900947506,3.922603566,0.126562514));
#7258=CARTESIAN_POINT('',(-76.234284455,3.922603566,0.126562514));
#7259=B_SPLINE_CURVE_WITH_KNOTS('',3,(#7255,#7256,#7257,#7258),.UNSPECIFIED.,.F.,.F.,(4,4),(0.,1.),.UNSPECIFIED.);
#7260=EDGE_CURVE('',#7248,#7220,#7259,.T.);
#7261=ORIENTED_EDGE('',*,*,#7260,.T.);
#7262=ORIENTED_EDGE('',*,*,#7225,.T.);
#7263=EDGE_LOOP('',(#7246,#7254,#7261,#7262));
#7264=FACE_BOUND('',#7263,.T.);
#7265=ADVANCED_FACE('',(#7264),#7245,.T.);
#7266=CARTESIAN_POINT('',(-77.219787652,2.383435854,0.315548545));
#7267=DIRECTION('',(-1.,0.,0.));
#7268=DIRECTION('',(0.,0.,1.));
#7269=AXIS2_PLACEMENT_3D('',#7266,#7267,#7268);
#7270=PLANE('',#7269);
#7271=ORIENTED_EDGE('',*,*,#3434,.F.);
#7272=CARTESIAN_POINT('',(-77.219787652,1.822432943,0.384431041));
#7273=VERTEX_POINT('',#7272);
#7274=CARTESIAN_POINT('',(-77.219787652,1.822432943,0.384431041));
#7275=DIRECTION('',(0.,-0.121869343,-0.992546152));
#7276=VECTOR('',#7275,0.4);
#7277=LINE('',#7274,#7276);
#7278=EDGE_CURVE('',#7273,#3420,#7277,.T.);
#7279=ORIENTED_EDGE('',*,*,#7278,.F.);
#7280=CARTESIAN_POINT('',(-77.219787652,1.822432943,0.384431041));
#7281=DIRECTION('',(0.,0.992546152,-0.121869343));
#7282=VECTOR('',#7281,1.13043189);
#7283=LINE('',#7280,#7282);
#7284=EDGE_CURVE('',#7273,#7248,#7283,.T.);
#7285=ORIENTED_EDGE('',*,*,#7284,.T.);
#7286=ORIENTED_EDGE('',*,*,#7253,.T.);
#7287=EDGE_LOOP('',(#7271,#7279,#7285,#7286));
#7288=FACE_BOUND('',#7287,.T.);
#7289=ADVANCED_FACE('',(#7288),#7270,.T.);
#7290=CARTESIAN_POINT('',(-76.234284455,0.84427184,0.504534122));
#7291=CARTESIAN_POINT('',(-76.234284455,0.795524103,0.107515661));
#7292=CARTESIAN_POINT('',(-76.900947506,0.844268143,0.504534576));
#7293=CARTESIAN_POINT('',(-76.900947506,0.795520405,0.107516115));
#7294=CARTESIAN_POINT('',(-77.229451055,1.170323076,0.464500064));
#7295=CARTESIAN_POINT('',(-77.229451055,1.121575339,0.067481604));
#7296=CARTESIAN_POINT('',(-77.219787652,1.822432943,0.384431041));
#7297=CARTESIAN_POINT('',(-77.219787652,1.773685206,-0.01258742));
#7298=B_SPLINE_SURFACE_WITH_KNOTS('',3,1,((#7290,#7291),(#7292,#7293),(#7294,#7295),(#7296,#7297)),.UNSPECIFIED.,.F.,.F.,.U.,(4,4),(2,2),(0.,1.),(0.,1.),.UNSPECIFIED.);
#7299=ORIENTED_EDGE('',*,*,#3426,.F.);
#7300=CARTESIAN_POINT('',(-76.234284455,0.84427184,0.504534122));
#7301=VERTEX_POINT('',#7300);
#7302=CARTESIAN_POINT('',(-76.234284455,0.84427184,0.504534122));
#7303=DIRECTION('',(0.,-0.121869343,-0.992546152));
#7304=VECTOR('',#7303,0.4);
#7305=LINE('',#7302,#7304);
#7306=EDGE_CURVE('',#7301,#3412,#7305,.T.);
#7307=ORIENTED_EDGE('',*,*,#7306,.F.);
#7308=CARTESIAN_POINT('',(-76.234284455,0.84427184,0.504534122));
#7309=CARTESIAN_POINT('',(-76.900947506,0.844268143,0.504534576));
#7310=CARTESIAN_POINT('',(-77.229451055,1.170323076,0.464500064));
#7311=CARTESIAN_POINT('',(-77.219787652,1.822432943,0.384431041));
#7312=B_SPLINE_CURVE_WITH_KNOTS('',3,(#7308,#7309,#7310,#7311),.UNSPECIFIED.,.F.,.F.,(4,4),(0.,1.),.UNSPECIFIED.);
#7313=EDGE_CURVE('',#7301,#7273,#7312,.T.);
#7314=ORIENTED_EDGE('',*,*,#7313,.T.);
#7315=ORIENTED_EDGE('',*,*,#7278,.T.);
#7316=EDGE_LOOP('',(#7299,#7307,#7314,#7315));
#7317=FACE_BOUND('',#7316,.T.);
#7318=ADVANCED_FACE('',(#7317),#7298,.T.);
#7319=CARTESIAN_POINT('',(-74.683557863,0.84427184,0.504534122));
#7320=DIRECTION('',(0.,-0.992546152,0.121869343));
#7321=DIRECTION('',(0.,-0.121869343,-0.992546152));
#7322=AXIS2_PLACEMENT_3D('',#7319,#7320,#7321);
#7323=PLANE('',#7322);
#7324=ORIENTED_EDGE('',*,*,#3417,.F.);
#7325=CARTESIAN_POINT('',(-73.13283127,0.84427184,0.504534122));
#7326=VERTEX_POINT('',#7325);
#7327=CARTESIAN_POINT('',(-73.13283127,0.84427184,0.504534122));
#7328=DIRECTION('',(0.,-0.121869343,-0.992546152));
#7329=VECTOR('',#7328,0.4);
#7330=LINE('',#7327,#7329);
#7331=EDGE_CURVE('',#7326,#3404,#7330,.T.);
#7332=ORIENTED_EDGE('',*,*,#7331,.F.);
#7333=CARTESIAN_POINT('',(-73.13283127,0.84427184,0.504534122));
#7334=DIRECTION('',(-1.,0.,0.));
#7335=VECTOR('',#7334,3.101453185);
#7336=LINE('',#7333,#7335);
#7337=EDGE_CURVE('',#7326,#7301,#7336,.T.);
#7338=ORIENTED_EDGE('',*,*,#7337,.T.);
#7339=ORIENTED_EDGE('',*,*,#7306,.T.);
#7340=EDGE_LOOP('',(#7324,#7332,#7338,#7339));
#7341=FACE_BOUND('',#7340,.T.);
#7342=ADVANCED_FACE('',(#7341),#7323,.T.);
#7343=CARTESIAN_POINT('',(-73.13283127,0.297650443,0.57165079));
#7344=DIRECTION('',(-1.,0.,0.));
#7345=DIRECTION('',(0.,0.,1.));
#7346=AXIS2_PLACEMENT_3D('',#7343,#7344,#7345);
#7347=PLANE('',#7346);
#7348=ORIENTED_EDGE('',*,*,#3409,.F.);
#7349=CARTESIAN_POINT('',(-73.13283127,-0.248970955,0.638767458));
#7350=VERTEX_POINT('',#7349);
#7351=CARTESIAN_POINT('',(-73.13283127,-0.248970955,0.638767458));
#7352=DIRECTION('',(0.,-0.121869343,-0.992546152));
#7353=VECTOR('',#7352,0.4);
#7354=LINE('',#7351,#7353);
#7355=EDGE_CURVE('',#7350,#3396,#7354,.T.);
#7356=ORIENTED_EDGE('',*,*,#7355,.F.);
#7357=CARTESIAN_POINT('',(-73.13283127,-0.248970955,0.638767458));
#7358=DIRECTION('',(0.,0.992546152,-0.121869343));
#7359=VECTOR('',#7358,1.101452857);
#7360=LINE('',#7357,#7359);
#7361=EDGE_CURVE('',#7350,#7326,#7360,.T.);
#7362=ORIENTED_EDGE('',*,*,#7361,.T.);
#7363=ORIENTED_EDGE('',*,*,#7331,.T.);
#7364=EDGE_LOOP('',(#7348,#7356,#7362,#7363));
#7365=FACE_BOUND('',#7364,.T.);
#7366=ADVANCED_FACE('',(#7365),#7347,.T.);
#7367=CARTESIAN_POINT('',(-74.683557863,-0.248970955,0.638767458));
#7368=DIRECTION('',(0.,0.992546152,-0.121869343));
#7369=DIRECTION('',(0.,0.121869343,0.992546152));
#7370=AXIS2_PLACEMENT_3D('',#7367,#7368,#7369);
#7371=PLANE('',#7370);
#7372=ORIENTED_EDGE('',*,*,#3401,.F.);
#7373=CARTESIAN_POINT('',(-76.234284455,-0.248970955,0.638767458));
#7374=VERTEX_POINT('',#7373);
#7375=CARTESIAN_POINT('',(-76.234284455,-0.248970955,0.638767458));
#7376=DIRECTION('',(0.,-0.121869343,-0.992546152));
#7377=VECTOR('',#7376,0.4);
#7378=LINE('',#7375,#7377);
#7379=EDGE_CURVE('',#7374,#3387,#7378,.T.);
#7380=ORIENTED_EDGE('',*,*,#7379,.F.);
#7381=CARTESIAN_POINT('',(-76.234284455,-0.248970955,0.638767458));
#7382=DIRECTION('',(1.,0.,-0.));
#7383=VECTOR('',#7382,3.101453185);
#7384=LINE('',#7381,#7383);
#7385=EDGE_CURVE('',#7374,#7350,#7384,.T.);
#7386=ORIENTED_EDGE('',*,*,#7385,.T.);
#7387=ORIENTED_EDGE('',*,*,#7355,.T.);
#7388=EDGE_LOOP('',(#7372,#7380,#7386,#7387));
#7389=FACE_BOUND('',#7388,.T.);
#7390=ADVANCED_FACE('',(#7389),#7371,.T.);
#7391=CARTESIAN_POINT('',(-77.219787652,-1.22712836,0.758870085));
#7392=CARTESIAN_POINT('',(-77.219787652,-1.275876097,0.361851624));
#7393=CARTESIAN_POINT('',(-77.229451055,-0.575022191,0.678801516));
#7394=CARTESIAN_POINT('',(-77.229451055,-0.623769928,0.281783055));
#7395=CARTESIAN_POINT('',(-76.900947506,-0.248970955,0.638767458));
#7396=CARTESIAN_POINT('',(-76.900947506,-0.297718692,0.241748997));
#7397=CARTESIAN_POINT('',(-76.234284455,-0.248970955,0.638767458));
#7398=CARTESIAN_POINT('',(-76.234284455,-0.297718692,0.241748997));
#7399=B_SPLINE_SURFACE_WITH_KNOTS('',3,1,((#7391,#7392),(#7393,#7394),(#7395,#7396),(#7397,#7398)),.UNSPECIFIED.,.F.,.F.,.U.,(4,4),(2,2),(0.,1.),(0.,1.),.UNSPECIFIED.);
#7400=ORIENTED_EDGE('',*,*,#3393,.F.);
#7401=CARTESIAN_POINT('',(-77.219787652,-1.22712836,0.758870085));
#7402=VERTEX_POINT('',#7401);
#7403=CARTESIAN_POINT('',(-77.219787652,-1.22712836,0.758870085));
#7404=DIRECTION('',(0.,-0.121869343,-0.992546152));
#7405=VECTOR('',#7404,0.4);
#7406=LINE('',#7403,#7405);
#7407=EDGE_CURVE('',#7402,#3379,#7406,.T.);
#7408=ORIENTED_EDGE('',*,*,#7407,.F.);
#7409=CARTESIAN_POINT('',(-77.219787652,-1.22712836,0.758870085));
#7410=CARTESIAN_POINT('',(-77.229451055,-0.575022191,0.678801516));
#7411=CARTESIAN_POINT('',(-76.900947506,-0.248970955,0.638767458));
#7412=CARTESIAN_POINT('',(-76.234284455,-0.248970955,0.638767458));
#7413=B_SPLINE_CURVE_WITH_KNOTS('',3,(#7409,#7410,#7411,#7412),.UNSPECIFIED.,.F.,.F.,(4,4),(0.,1.),.UNSPECIFIED.);
#7414=EDGE_CURVE('',#7402,#7374,#7413,.T.);
#7415=ORIENTED_EDGE('',*,*,#7414,.T.);
#7416=ORIENTED_EDGE('',*,*,#7379,.T.);
#7417=EDGE_LOOP('',(#7400,#7408,#7415,#7416));
#7418=FACE_BOUND('',#7417,.T.);
#7419=ADVANCED_FACE('',(#7418),#7399,.T.);
#7420=CARTESIAN_POINT('',(-77.219787652,-2.03267432,0.857778692));
#7421=DIRECTION('',(-1.,0.,0.));
#7422=DIRECTION('',(0.,0.,1.));
#7423=AXIS2_PLACEMENT_3D('',#7420,#7421,#7422);
#7424=PLANE('',#7423);
#7425=ORIENTED_EDGE('',*,*,#3384,.F.);
#7426=CARTESIAN_POINT('',(-77.219787652,-2.83822028,0.956687298));
#7427=VERTEX_POINT('',#7426);
#7428=CARTESIAN_POINT('',(-77.219787652,-2.83822028,0.956687298));
#7429=DIRECTION('',(0.,-0.121869343,-0.992546152));
#7430=VECTOR('',#7429,0.4);
#7431=LINE('',#7428,#7430);
#7432=EDGE_CURVE('',#7427,#3370,#7431,.T.);
#7433=ORIENTED_EDGE('',*,*,#7432,.F.);
#7434=CARTESIAN_POINT('',(-77.219787652,-2.83822028,0.956687298));
#7435=DIRECTION('',(0.,0.992546152,-0.121869343));
#7436=VECTOR('',#7435,1.623190939);
#7437=LINE('',#7434,#7436);
#7438=EDGE_CURVE('',#7427,#7402,#7437,.T.);
#7439=ORIENTED_EDGE('',*,*,#7438,.T.);
#7440=ORIENTED_EDGE('',*,*,#7407,.T.);
#7441=EDGE_LOOP('',(#7425,#7433,#7439,#7440));
#7442=FACE_BOUND('',#7441,.T.);
#7443=ADVANCED_FACE('',(#7442),#7424,.T.);
#7444=CARTESIAN_POINT('',(-76.234284455,-3.816381383,1.07679038));
#7445=CARTESIAN_POINT('',(-76.234284455,-3.86512912,0.679771919));
#7446=CARTESIAN_POINT('',(-76.900947506,-3.816381383,1.07679038));
#7447=CARTESIAN_POINT('',(-76.900947506,-3.86512912,0.679771919));
#7448=CARTESIAN_POINT('',(-77.229451055,-3.49032645,1.036755868));
#7449=CARTESIAN_POINT('',(-77.229451055,-3.539074187,0.639737407));
#7450=CARTESIAN_POINT('',(-77.219787652,-2.83822028,0.956687298));
#7451=CARTESIAN_POINT('',(-77.219787652,-2.886968018,0.559668838));
#7452=B_SPLINE_SURFACE_WITH_KNOTS('',3,1,((#7444,#7445),(#7446,#7447),(#7448,#7449),(#7450,#7451)),.UNSPECIFIED.,.F.,.F.,.U.,(4,4),(2,2),(0.,1.),(0.,1.),.UNSPECIFIED.);
#7453=ORIENTED_EDGE('',*,*,#3376,.F.);
#7454=CARTESIAN_POINT('',(-76.234284455,-3.816381383,1.07679038));
#7455=VERTEX_POINT('',#7454);
#7456=CARTESIAN_POINT('',(-76.234284455,-3.816381383,1.07679038));
#7457=DIRECTION('',(0.,-0.121869343,-0.992546152));
#7458=VECTOR('',#7457,0.4);
#7459=LINE('',#7456,#7458);
#7460=EDGE_CURVE('',#7455,#3362,#7459,.T.);
#7461=ORIENTED_EDGE('',*,*,#7460,.F.);
#7462=CARTESIAN_POINT('',(-76.234284455,-3.816381383,1.07679038));
#7463=CARTESIAN_POINT('',(-76.900947506,-3.816381383,1.07679038));
#7464=CARTESIAN_POINT('',(-77.229451055,-3.49032645,1.036755868));
#7465=CARTESIAN_POINT('',(-77.219787652,-2.83822028,0.956687298));
#7466=B_SPLINE_CURVE_WITH_KNOTS('',3,(#7462,#7463,#7464,#7465),.UNSPECIFIED.,.F.,.F.,(4,4),(0.,1.),.UNSPECIFIED.);
#7467=EDGE_CURVE('',#7455,#7427,#7466,.T.);
#7468=ORIENTED_EDGE('',*,*,#7467,.T.);
#7469=ORIENTED_EDGE('',*,*,#7432,.T.);
#7470=EDGE_LOOP('',(#7453,#7461,#7468,#7469));
#7471=FACE_BOUND('',#7470,.T.);
#7472=ADVANCED_FACE('',(#7471),#7452,.T.);
#7473=CARTESIAN_POINT('',(-74.147326539,-3.816381383,1.07679038));
#7474=DIRECTION('',(0.,-0.992546152,0.121869343));
#7475=DIRECTION('',(0.,-0.121869343,-0.992546152));
#7476=AXIS2_PLACEMENT_3D('',#7473,#7474,#7475);
#7477=PLANE('',#7476);
#7478=ORIENTED_EDGE('',*,*,#3367,.F.);
#7479=CARTESIAN_POINT('',(-72.060368622,-3.816381383,1.07679038));
#7480=VERTEX_POINT('',#7479);
#7481=CARTESIAN_POINT('',(-72.060368622,-3.816381383,1.07679038));
#7482=DIRECTION('',(0.,-0.121869343,-0.992546152));
#7483=VECTOR('',#7482,0.4);
#7484=LINE('',#7481,#7483);
#7485=EDGE_CURVE('',#7480,#3354,#7484,.T.);
#7486=ORIENTED_EDGE('',*,*,#7485,.F.);
#7487=CARTESIAN_POINT('',(-72.060368622,-3.816381383,1.07679038));
#7488=DIRECTION('',(-1.,0.,0.));
#7489=VECTOR('',#7488,4.173915833);
#7490=LINE('',#7487,#7489);
#7491=EDGE_CURVE('',#7480,#7455,#7490,.T.);
#7492=ORIENTED_EDGE('',*,*,#7491,.T.);
#7493=ORIENTED_EDGE('',*,*,#7460,.T.);
#7494=EDGE_LOOP('',(#7478,#7486,#7492,#7493));
#7495=FACE_BOUND('',#7494,.T.);
#7496=ADVANCED_FACE('',(#7495),#7477,.T.);
#7497=CARTESIAN_POINT('',(-72.060368622,-4.11126805,1.112997909));
#7498=DIRECTION('',(-1.,0.,0.));
#7499=DIRECTION('',(0.,0.,1.));
#7500=AXIS2_PLACEMENT_3D('',#7497,#7498,#7499);
#7501=PLANE('',#7500);
#7502=ORIENTED_EDGE('',*,*,#3359,.F.);
#7503=CARTESIAN_POINT('',(-72.060368622,-4.406154718,1.149205439));
#7504=VERTEX_POINT('',#7503);
#7505=CARTESIAN_POINT('',(-72.060368622,-4.406154718,1.149205439));
#7506=DIRECTION('',(0.,-0.121869343,-0.992546152));
#7507=VECTOR('',#7506,0.4);
#7508=LINE('',#7505,#7507);
#7509=EDGE_CURVE('',#7504,#3346,#7508,.T.);
#7510=ORIENTED_EDGE('',*,*,#7509,.F.);
#7511=CARTESIAN_POINT('',(-72.060368622,-4.406154718,1.149205439));
#7512=DIRECTION('',(0.,0.992546152,-0.121869343));
#7513=VECTOR('',#7512,0.594202429);
#7514=LINE('',#7511,#7513);
#7515=EDGE_CURVE('',#7504,#7480,#7514,.T.);
#7516=ORIENTED_EDGE('',*,*,#7515,.T.);
#7517=ORIENTED_EDGE('',*,*,#7485,.T.);
#7518=EDGE_LOOP('',(#7502,#7510,#7516,#7517));
#7519=FACE_BOUND('',#7518,.T.);
#7520=ADVANCED_FACE('',(#7519),#7501,.T.);
#7521=CARTESIAN_POINT('',(-72.386456321,-4.657887599,1.18011435));
#7522=DIRECTION('',(-0.613939989,0.783468988,-0.096197895));
#7523=DIRECTION('',(-0.787119468,-0.61680057,0.));
#7524=AXIS2_PLACEMENT_3D('',#7521,#7522,#7523);
#7525=PLANE('',#7524);
#7526=ORIENTED_EDGE('',*,*,#3351,.F.);
#7527=CARTESIAN_POINT('',(-72.712544019,-4.90962048,1.211023262));
#7528=VERTEX_POINT('',#7527);
#7529=CARTESIAN_POINT('',(-72.712544019,-4.90962048,1.211023262));
#7530=DIRECTION('',(0.,-0.121869343,-0.992546152));
#7531=VECTOR('',#7530,0.4);
#7532=LINE('',#7529,#7531);
#7533=EDGE_CURVE('',#7528,#3338,#7532,.T.);
#7534=ORIENTED_EDGE('',*,*,#7533,.F.);
#7535=CARTESIAN_POINT('',(-72.712544019,-4.90962048,1.211023262));
#7536=DIRECTION('',(0.789352703,0.609363774,-0.074820463));
#7537=VECTOR('',#7536,0.826215447);
#7538=LINE('',#7535,#7537);
#7539=EDGE_CURVE('',#7528,#7504,#7538,.T.);
#7540=ORIENTED_EDGE('',*,*,#7539,.T.);
#7541=ORIENTED_EDGE('',*,*,#7509,.T.);
#7542=EDGE_LOOP('',(#7526,#7534,#7540,#7541));
#7543=FACE_BOUND('',#7542,.T.);
#7544=ADVANCED_FACE('',(#7543),#7525,.T.);
#7545=CARTESIAN_POINT('',(-74.466168548,-4.90962048,1.211023262));
#7546=DIRECTION('',(0.,0.992546152,-0.121869343));
#7547=DIRECTION('',(0.,0.121869343,0.992546152));
#7548=AXIS2_PLACEMENT_3D('',#7545,#7546,#7547);
#7549=PLANE('',#7548);
#7550=ORIENTED_EDGE('',*,*,#3343,.F.);
#7551=CARTESIAN_POINT('',(-76.219793076,-4.90962048,1.211023262));
#7552=VERTEX_POINT('',#7551);
#7553=CARTESIAN_POINT('',(-76.219793076,-4.90962048,1.211023262));
#7554=DIRECTION('',(0.,-0.121869343,-0.992546152));
#7555=VECTOR('',#7554,0.4);
#7556=LINE('',#7553,#7555);
#7557=EDGE_CURVE('',#7552,#3329,#7556,.T.);
#7558=ORIENTED_EDGE('',*,*,#7557,.F.);
#7559=CARTESIAN_POINT('',(-76.219793076,-4.90962048,1.211023262));
#7560=DIRECTION('',(1.,0.,-0.));
#7561=VECTOR('',#7560,3.507249057);
#7562=LINE('',#7559,#7561);
#7563=EDGE_CURVE('',#7552,#7528,#7562,.T.);
#7564=ORIENTED_EDGE('',*,*,#7563,.T.);
#7565=ORIENTED_EDGE('',*,*,#7533,.T.);
#7566=EDGE_LOOP('',(#7550,#7558,#7564,#7565));
#7567=FACE_BOUND('',#7566,.T.);
#7568=ADVANCED_FACE('',(#7567),#7549,.T.);
#7569=CARTESIAN_POINT('',(-78.437182719,-2.708755226,0.940790989));
#7570=CARTESIAN_POINT('',(-78.437182719,-2.757502963,0.543772528));
#7571=CARTESIAN_POINT('',(-78.437182719,-4.175998729,1.120945837));
#7572=CARTESIAN_POINT('',(-78.437182719,-4.224746466,0.723927377));
#7573=CARTESIAN_POINT('',(-77.698047871,-4.90962048,1.211023262));
#7574=CARTESIAN_POINT('',(-77.698047871,-4.958368218,0.814004801));
#7575=CARTESIAN_POINT('',(-76.219793076,-4.90962048,1.211023262));
#7576=CARTESIAN_POINT('',(-76.219793076,-4.958368218,0.814004801));
#7577=B_SPLINE_SURFACE_WITH_KNOTS('',3,1,((#7569,#7570),(#7571,#7572),(#7573,#7574),(#7575,#7576)),.UNSPECIFIED.,.F.,.F.,.U.,(4,4),(2,2),(0.,1.),(0.,1.),.UNSPECIFIED.);
#7578=ORIENTED_EDGE('',*,*,#3335,.F.);
#7579=CARTESIAN_POINT('',(-78.437182719,-2.708755226,0.940790989));
#7580=VERTEX_POINT('',#7579);
#7581=CARTESIAN_POINT('',(-78.437182719,-2.708755226,0.940790989));
#7582=DIRECTION('',(0.,-0.121869343,-0.992546152));
#7583=VECTOR('',#7582,0.4);
#7584=LINE('',#7581,#7583);
#7585=EDGE_CURVE('',#7580,#3321,#7584,.T.);
#7586=ORIENTED_EDGE('',*,*,#7585,.F.);
#7587=CARTESIAN_POINT('',(-78.437182719,-2.708755226,0.940790989));
#7588=CARTESIAN_POINT('',(-78.437182719,-4.175998729,1.120945837));
#7589=CARTESIAN_POINT('',(-77.698047871,-4.90962048,1.211023262));
#7590=CARTESIAN_POINT('',(-76.219793076,-4.90962048,1.211023262));
#7591=B_SPLINE_CURVE_WITH_KNOTS('',3,(#7587,#7588,#7589,#7590),.UNSPECIFIED.,.F.,.F.,(4,4),(0.,1.),.UNSPECIFIED.);
#7592=EDGE_CURVE('',#7580,#7552,#7591,.T.);
#7593=ORIENTED_EDGE('',*,*,#7592,.T.);
#7594=ORIENTED_EDGE('',*,*,#7557,.T.);
#7595=EDGE_LOOP('',(#7578,#7586,#7593,#7594));
#7596=FACE_BOUND('',#7595,.T.);
#7597=ADVANCED_FACE('',(#7596),#7577,.T.);
#7598=CARTESIAN_POINT('',(-78.437182719,-1.910404644,0.842765863));
#7599=DIRECTION('',(1.,0.,0.));
#7600=DIRECTION('',(0.,-0.,-1.));
#7601=AXIS2_PLACEMENT_3D('',#7598,#7599,#7600);
#7602=PLANE('',#7601);
#7603=ORIENTED_EDGE('',*,*,#3326,.F.);
#7604=CARTESIAN_POINT('',(-78.437182719,-1.112054063,0.744740738));
#7605=VERTEX_POINT('',#7604);
#7606=CARTESIAN_POINT('',(-78.437182719,-1.112054063,0.744740738));
#7607=DIRECTION('',(0.,-0.121869343,-0.992546152));
#7608=VECTOR('',#7607,0.4);
#7609=LINE('',#7606,#7608);
#7610=EDGE_CURVE('',#7605,#3312,#7609,.T.);
#7611=ORIENTED_EDGE('',*,*,#7610,.F.);
#7612=CARTESIAN_POINT('',(-78.437182719,-1.112054063,0.744740738));
#7613=DIRECTION('',(0.,-0.992546152,0.121869343));
#7614=VECTOR('',#7613,1.60869211);
#7615=LINE('',#7612,#7614);
#7616=EDGE_CURVE('',#7605,#7580,#7615,.T.);
#7617=ORIENTED_EDGE('',*,*,#7616,.T.);
#7618=ORIENTED_EDGE('',*,*,#7585,.T.);
#7619=EDGE_LOOP('',(#7603,#7611,#7617,#7618));
#7620=FACE_BOUND('',#7619,.T.);
#7621=ADVANCED_FACE('',(#7620),#7602,.T.);
#7622=CARTESIAN_POINT('',(-78.074860985,-0.162659686,0.628169767));
#7623=CARTESIAN_POINT('',(-78.074860985,-0.211407423,0.231151306));
#7624=CARTESIAN_POINT('',(-78.316401357,-0.402407048,0.657607041));
#7625=CARTESIAN_POINT('',(-78.316401357,-0.451154785,0.260588581));
#7626=CARTESIAN_POINT('',(-78.437182719,-0.718870608,0.69646388));
#7627=CARTESIAN_POINT('',(-78.437182719,-0.767618345,0.29944542));
#7628=CARTESIAN_POINT('',(-78.437182719,-1.112054063,0.744740738));
#7629=CARTESIAN_POINT('',(-78.437182719,-1.1608018,0.347722278));
#7630=B_SPLINE_SURFACE_WITH_KNOTS('',3,1,((#7622,#7623),(#7624,#7625),(#7626,#7627),(#7628,#7629)),.UNSPECIFIED.,.F.,.F.,.U.,(4,4),(2,2),(0.,1.),(0.,1.),.UNSPECIFIED.);
#7631=ORIENTED_EDGE('',*,*,#3318,.F.);
#7632=CARTESIAN_POINT('',(-78.074860985,-0.162659686,0.628169767));
#7633=VERTEX_POINT('',#7632);
#7634=CARTESIAN_POINT('',(-78.074860985,-0.162659686,0.628169767));
#7635=DIRECTION('',(0.,-0.121869343,-0.992546152));
#7636=VECTOR('',#7635,0.4);
#7637=LINE('',#7634,#7636);
#7638=EDGE_CURVE('',#7633,#3304,#7637,.T.);
#7639=ORIENTED_EDGE('',*,*,#7638,.F.);
#7640=CARTESIAN_POINT('',(-78.074860985,-0.162659686,0.628169767));
#7641=CARTESIAN_POINT('',(-78.316401357,-0.402407048,0.657607041));
#7642=CARTESIAN_POINT('',(-78.437182719,-0.718870608,0.69646388));
#7643=CARTESIAN_POINT('',(-78.437182719,-1.112054063,0.744740738));
#7644=B_SPLINE_CURVE_WITH_KNOTS('',3,(#7640,#7641,#7642,#7643),.UNSPECIFIED.,.F.,.F.,(4,4),(0.,1.),.UNSPECIFIED.);
#7645=EDGE_CURVE('',#7633,#7605,#7644,.T.);
#7646=ORIENTED_EDGE('',*,*,#7645,.T.);
#7647=ORIENTED_EDGE('',*,*,#7610,.T.);
#7648=EDGE_LOOP('',(#7631,#7639,#7646,#7647));
#7649=FACE_BOUND('',#7648,.T.);
#7650=ADVANCED_FACE('',(#7649),#7630,.T.);
#7651=CARTESIAN_POINT('',(-77.821239496,0.089073196,0.597260856));
#7652=DIRECTION('',(0.707109378,-0.701833537,0.086174322));
#7653=DIRECTION('',(0.704454054,0.709749594,-0.));
#7654=AXIS2_PLACEMENT_3D('',#7651,#7652,#7653);
#7655=PLANE('',#7654);
#7656=ORIENTED_EDGE('',*,*,#3309,.F.);
#7657=CARTESIAN_POINT('',(-77.567618007,0.340806077,0.566351944));
#7658=VERTEX_POINT('',#7657);
#7659=CARTESIAN_POINT('',(-77.567618007,0.340806077,0.566351944));
#7660=DIRECTION('',(0.,-0.121869343,-0.992546152));
#7661=VECTOR('',#7660,0.4);
#7662=LINE('',#7659,#7661);
#7663=EDGE_CURVE('',#7658,#3296,#7662,.T.);
#7664=ORIENTED_EDGE('',*,*,#7663,.F.);
#7665=CARTESIAN_POINT('',(-77.567618007,0.340806077,0.566351944));
#7666=DIRECTION('',(-0.707104185,-0.701838692,0.086174955));
#7667=VECTOR('',#7666,0.717352533);
#7668=LINE('',#7665,#7667);
#7669=EDGE_CURVE('',#7658,#7633,#7668,.T.);
#7670=ORIENTED_EDGE('',*,*,#7669,.T.);
#7671=ORIENTED_EDGE('',*,*,#7638,.T.);
#7672=EDGE_LOOP('',(#7656,#7664,#7670,#7671));
#7673=FACE_BOUND('',#7672,.T.);
#7674=ADVANCED_FACE('',(#7673),#7655,.T.);
#7675=CARTESIAN_POINT('',(-77.821239496,0.592538959,0.535443033));
#7676=DIRECTION('',(0.707109378,0.701833537,-0.086174322));
#7677=DIRECTION('',(-0.704454054,0.709749594,-0.));
#7678=AXIS2_PLACEMENT_3D('',#7675,#7676,#7677);
#7679=PLANE('',#7678);
#7680=ORIENTED_EDGE('',*,*,#3301,.F.);
#7681=CARTESIAN_POINT('',(-78.074860985,0.84427184,0.504534122));
#7682=VERTEX_POINT('',#7681);
#7683=CARTESIAN_POINT('',(-78.074860985,0.84427184,0.504534122));
#7684=DIRECTION('',(0.,-0.121869343,-0.992546152));
#7685=VECTOR('',#7684,0.4);
#7686=LINE('',#7683,#7685);
#7687=EDGE_CURVE('',#7682,#3287,#7686,.T.);
#7688=ORIENTED_EDGE('',*,*,#7687,.F.);
#7689=CARTESIAN_POINT('',(-78.074860985,0.84427184,0.504534122));
#7690=DIRECTION('',(0.707104185,-0.701838692,0.086174955));
#7691=VECTOR('',#7690,0.717352533);
#7692=LINE('',#7689,#7691);
#7693=EDGE_CURVE('',#7682,#7658,#7692,.T.);
#7694=ORIENTED_EDGE('',*,*,#7693,.T.);
#7695=ORIENTED_EDGE('',*,*,#7663,.T.);
#7696=EDGE_LOOP('',(#7680,#7688,#7694,#7695));
#7697=FACE_BOUND('',#7696,.T.);
#7698=ADVANCED_FACE('',(#7697),#7679,.T.);
#7699=CARTESIAN_POINT('',(-78.437182719,1.764892097,0.391496168));
#7700=CARTESIAN_POINT('',(-78.437182719,1.71614436,-0.005522292));
#7701=CARTESIAN_POINT('',(-78.437182719,1.390891389,0.437417681));
#7702=CARTESIAN_POINT('',(-78.437182719,1.342143652,0.04039922));
#7703=CARTESIAN_POINT('',(-78.316401357,1.084015505,0.475097302));
#7704=CARTESIAN_POINT('',(-78.316401357,1.035267768,0.078078841));
#7705=CARTESIAN_POINT('',(-78.074860985,0.84427184,0.504534122));
#7706=CARTESIAN_POINT('',(-78.074860985,0.795524103,0.107515661));
#7707=B_SPLINE_SURFACE_WITH_KNOTS('',3,1,((#7699,#7700),(#7701,#7702),(#7703,#7704),(#7705,#7706)),.UNSPECIFIED.,.F.,.F.,.U.,(4,4),(2,2),(0.,1.),(0.,1.),.UNSPECIFIED.);
#7708=ORIENTED_EDGE('',*,*,#3293,.F.);
#7709=CARTESIAN_POINT('',(-78.437182719,1.764892097,0.391496168));
#7710=VERTEX_POINT('',#7709);
#7711=CARTESIAN_POINT('',(-78.437182719,1.764892097,0.391496168));
#7712=DIRECTION('',(0.,-0.121869343,-0.992546152));
#7713=VECTOR('',#7712,0.4);
#7714=LINE('',#7711,#7713);
#7715=EDGE_CURVE('',#7710,#3279,#7714,.T.);
#7716=ORIENTED_EDGE('',*,*,#7715,.F.);
#7717=CARTESIAN_POINT('',(-78.437182719,1.764892097,0.391496168));
#7718=CARTESIAN_POINT('',(-78.437182719,1.390891389,0.437417681));
#7719=CARTESIAN_POINT('',(-78.316401357,1.084015505,0.475097302));
#7720=CARTESIAN_POINT('',(-78.074860985,0.84427184,0.504534122));
#7721=B_SPLINE_CURVE_WITH_KNOTS('',3,(#7717,#7718,#7719,#7720),.UNSPECIFIED.,.F.,.F.,(4,4),(0.,1.),.UNSPECIFIED.);
#7722=EDGE_CURVE('',#7710,#7682,#7721,.T.);
#7723=ORIENTED_EDGE('',*,*,#7722,.T.);
#7724=ORIENTED_EDGE('',*,*,#7687,.T.);
#7725=EDGE_LOOP('',(#7708,#7716,#7723,#7724));
#7726=FACE_BOUND('',#7725,.T.);
#7727=ADVANCED_FACE('',(#7726),#7707,.T.);
#7728=CARTESIAN_POINT('',(-78.437182719,2.289934753,0.327029037));
#7729=DIRECTION('',(1.,0.,0.));
#7730=DIRECTION('',(0.,-0.,-1.));
#7731=AXIS2_PLACEMENT_3D('',#7728,#7729,#7730);
#7732=PLANE('',#7731);
#7733=ORIENTED_EDGE('',*,*,#3284,.F.);
#7734=CARTESIAN_POINT('',(-78.437182719,2.814977409,0.262561905));
#7735=VERTEX_POINT('',#7734);
#7736=CARTESIAN_POINT('',(-78.437182719,2.814977409,0.262561905));
#7737=DIRECTION('',(0.,-0.121869343,-0.992546152));
#7738=VECTOR('',#7737,0.4);
#7739=LINE('',#7736,#7738);
#7740=EDGE_CURVE('',#7735,#3270,#7739,.T.);
#7741=ORIENTED_EDGE('',*,*,#7740,.F.);
#7742=CARTESIAN_POINT('',(-78.437182719,2.814977409,0.262561905));
#7743=DIRECTION('',(0.,-0.992546152,0.121869343));
#7744=VECTOR('',#7743,1.057971269);
#7745=LINE('',#7742,#7744);
#7746=EDGE_CURVE('',#7735,#7710,#7745,.T.);
#7747=ORIENTED_EDGE('',*,*,#7746,.T.);
#7748=ORIENTED_EDGE('',*,*,#7715,.T.);
#7749=EDGE_LOOP('',(#7733,#7741,#7747,#7748));
#7750=FACE_BOUND('',#7749,.T.);
#7751=ADVANCED_FACE('',(#7750),#7732,.T.);
#7752=CARTESIAN_POINT('',(-76.219793076,5.015842663,-0.007670368));
#7753=CARTESIAN_POINT('',(-76.219793076,4.967094926,-0.404688829));
#7754=CARTESIAN_POINT('',(-77.698047871,5.015842663,-0.007670368));
#7755=CARTESIAN_POINT('',(-77.698047871,4.967094926,-0.404688829));
#7756=CARTESIAN_POINT('',(-78.437182719,4.282220912,0.082407056));
#7757=CARTESIAN_POINT('',(-78.437182719,4.233473175,-0.314611404));
#7758=CARTESIAN_POINT('',(-78.437182719,2.814977409,0.262561905));
#7759=CARTESIAN_POINT('',(-78.437182719,2.766229672,-0.134456556));
#7760=B_SPLINE_SURFACE_WITH_KNOTS('',3,1,((#7752,#7753),(#7754,#7755),(#7756,#7757),(#7758,#7759)),.UNSPECIFIED.,.F.,.F.,.U.,(4,4),(2,2),(0.,1.),(0.,1.),.UNSPECIFIED.);
#7761=ORIENTED_EDGE('',*,*,#3276,.F.);
#7762=CARTESIAN_POINT('',(-76.219793076,5.015842663,-0.007670368));
#7763=VERTEX_POINT('',#7762);
#7764=CARTESIAN_POINT('',(-76.219793076,5.015842663,-0.007670368));
#7765=DIRECTION('',(0.,-0.121869343,-0.992546152));
#7766=VECTOR('',#7765,0.4);
#7767=LINE('',#7764,#7766);
#7768=EDGE_CURVE('',#7763,#3262,#7767,.T.);
#7769=ORIENTED_EDGE('',*,*,#7768,.F.);
#7770=CARTESIAN_POINT('',(-76.219793076,5.015842663,-0.007670368));
#7771=CARTESIAN_POINT('',(-77.698047871,5.015842663,-0.007670368));
#7772=CARTESIAN_POINT('',(-78.437182719,4.282220912,0.082407056));
#7773=CARTESIAN_POINT('',(-78.437182719,2.814977409,0.262561905));
#7774=B_SPLINE_CURVE_WITH_KNOTS('',3,(#7770,#7771,#7772,#7773),.UNSPECIFIED.,.F.,.F.,(4,4),(0.,1.),.UNSPECIFIED.);
#7775=EDGE_CURVE('',#7763,#7735,#7774,.T.);
#7776=ORIENTED_EDGE('',*,*,#7775,.T.);
#7777=ORIENTED_EDGE('',*,*,#7740,.T.);
#7778=EDGE_LOOP('',(#7761,#7769,#7776,#7777));
#7779=FACE_BOUND('',#7778,.T.);
#7780=ADVANCED_FACE('',(#7779),#7760,.T.);
#7781=CARTESIAN_POINT('',(-74.538632894,5.015842663,-0.007670368));
#7782=DIRECTION('',(0.,-0.992546152,0.121869343));
#7783=DIRECTION('',(0.,-0.121869343,-0.992546152));
#7784=AXIS2_PLACEMENT_3D('',#7781,#7782,#7783);
#7785=PLANE('',#7784);
#7786=ORIENTED_EDGE('',*,*,#3267,.F.);
#7787=CARTESIAN_POINT('',(-72.857472713,5.015842663,-0.007670368));
#7788=VERTEX_POINT('',#7787);
#7789=CARTESIAN_POINT('',(-72.857472713,5.015842663,-0.007670368));
#7790=DIRECTION('',(0.,-0.121869343,-0.992546152));
#7791=VECTOR('',#7790,0.4);
#7792=LINE('',#7789,#7791);
#7793=EDGE_CURVE('',#7788,#3254,#7792,.T.);
#7794=ORIENTED_EDGE('',*,*,#7793,.F.);
#7795=CARTESIAN_POINT('',(-72.857472713,5.015842663,-0.007670368));
#7796=DIRECTION('',(-1.,0.,0.));
#7797=VECTOR('',#7796,3.362320364);
#7798=LINE('',#7795,#7797);
#7799=EDGE_CURVE('',#7788,#7763,#7798,.T.);
#7800=ORIENTED_EDGE('',*,*,#7799,.T.);
#7801=ORIENTED_EDGE('',*,*,#7768,.T.);
#7802=EDGE_LOOP('',(#7786,#7794,#7800,#7801));
#7803=FACE_BOUND('',#7802,.T.);
#7804=ADVANCED_FACE('',(#7803),#7785,.T.);
#7805=CARTESIAN_POINT('',(-72.531386877,4.764109782,0.023238543));
#7806=DIRECTION('',(-0.613942174,-0.783467301,0.096197688));
#7807=DIRECTION('',(0.787117758,-0.616802752,-0.));
#7808=AXIS2_PLACEMENT_3D('',#7805,#7806,#7807);
#7809=PLANE('',#7808);
#7810=ORIENTED_EDGE('',*,*,#3259,.F.);
#7811=ORIENTED_EDGE('',*,*,#7208,.F.);
#7812=CARTESIAN_POINT('',(-72.205301041,4.5123769,0.054147455));
#7813=DIRECTION('',(-0.789351003,0.609365942,-0.074820729));
#7814=VECTOR('',#7813,0.826212507);
#7815=LINE('',#7812,#7814);
#7816=EDGE_CURVE('',#7197,#7788,#7815,.T.);
#7817=ORIENTED_EDGE('',*,*,#7816,.T.);
#7818=ORIENTED_EDGE('',*,*,#7793,.T.);
#7819=EDGE_LOOP('',(#7810,#7811,#7817,#7818));
#7820=FACE_BOUND('',#7819,.T.);
#7821=ADVANCED_FACE('',(#7820),#7809,.T.);
#7822=CARTESIAN_POINT('',(-44.785006046,0.053111091,0.601676447));
#7823=DIRECTION('',(0.,-0.121869343,-0.992546152));
#7824=DIRECTION('',(-1.,0.,0.));
#7825=AXIS2_PLACEMENT_3D('',#7822,#7823,#7824);
#7826=PLANE('',#7825);
#7827=ORIENTED_EDGE('',*,*,#7202,.F.);
#7828=ORIENTED_EDGE('',*,*,#7231,.F.);
#7829=ORIENTED_EDGE('',*,*,#7260,.F.);
#7830=ORIENTED_EDGE('',*,*,#7284,.F.);
#7831=ORIENTED_EDGE('',*,*,#7313,.F.);
#7832=ORIENTED_EDGE('',*,*,#7337,.F.);
#7833=ORIENTED_EDGE('',*,*,#7361,.F.);
#7834=ORIENTED_EDGE('',*,*,#7385,.F.);
#7835=ORIENTED_EDGE('',*,*,#7414,.F.);
#7836=ORIENTED_EDGE('',*,*,#7438,.F.);
#7837=ORIENTED_EDGE('',*,*,#7467,.F.);
#7838=ORIENTED_EDGE('',*,*,#7491,.F.);
#7839=ORIENTED_EDGE('',*,*,#7515,.F.);
#7840=ORIENTED_EDGE('',*,*,#7539,.F.);
#7841=ORIENTED_EDGE('',*,*,#7563,.F.);
#7842=ORIENTED_EDGE('',*,*,#7592,.F.);
#7843=ORIENTED_EDGE('',*,*,#7616,.F.);
#7844=ORIENTED_EDGE('',*,*,#7645,.F.);
#7845=ORIENTED_EDGE('',*,*,#7669,.F.);
#7846=ORIENTED_EDGE('',*,*,#7693,.F.);
#7847=ORIENTED_EDGE('',*,*,#7722,.F.);
#7848=ORIENTED_EDGE('',*,*,#7746,.F.);
#7849=ORIENTED_EDGE('',*,*,#7775,.F.);
#7850=ORIENTED_EDGE('',*,*,#7799,.F.);
#7851=ORIENTED_EDGE('',*,*,#7816,.F.);
#7852=EDGE_LOOP('',(#7827,#7828,#7829,#7830,#7831,#7832,#7833,#7834,#7835,#7836,#7837,#7838,#7839,#7840,#7841,#7842,#7843,#7844,#7845,#7846,#7847,#7848,#7849,#7850,#7851));
#7853=FACE_BOUND('',#7852,.T.);
#7854=ADVANCED_FACE('',(#7853),#7826,.T.);
#7855=CARTESIAN_POINT('',(-70.632835517,2.469745275,0.304951081));
#7856=DIRECTION('',(0.841179981,-0.536724542,0.065901487));
#7857=DIRECTION('',(0.537893851,0.843012577,-0.));
#7858=AXIS2_PLACEMENT_3D('',#7855,#7856,#7857);
#7859=PLANE('',#7858);
#7860=ORIENTED_EDGE('',*,*,#3529,.F.);
#7861=CARTESIAN_POINT('',(-70.567618723,2.570438057,0.292587562));
#7862=VERTEX_POINT('',#7861);
#7863=CARTESIAN_POINT('',(-70.567618723,2.570438057,0.292587562));
#7864=DIRECTION('',(0.,-0.121869343,-0.992546152));
#7865=VECTOR('',#7864,0.4);
#7866=LINE('',#7863,#7865);
#7867=EDGE_CURVE('',#7862,#3522,#7866,.T.);
#7868=ORIENTED_EDGE('',*,*,#7867,.F.);
#7869=CARTESIAN_POINT('',(-70.698052312,2.369052492,0.3173146));
#7870=VERTEX_POINT('',#7869);
#7871=CARTESIAN_POINT('',(-70.567618723,2.570438057,0.292587562));
#7872=DIRECTION('',(-0.54075525,-0.834909953,0.102514052));
#7873=VECTOR('',#7872,0.24120633);
#7874=LINE('',#7871,#7873);
#7875=EDGE_CURVE('',#7862,#7870,#7874,.T.);
#7876=ORIENTED_EDGE('',*,*,#7875,.T.);
#7877=CARTESIAN_POINT('',(-70.698052312,2.369052492,0.3173146));
#7878=DIRECTION('',(0.,-0.121869343,-0.992546152));
#7879=VECTOR('',#7878,0.4);
#7880=LINE('',#7877,#7879);
#7881=EDGE_CURVE('',#7870,#3524,#7880,.T.);
#7882=ORIENTED_EDGE('',*,*,#7881,.T.);
#7883=EDGE_LOOP('',(#7860,#7868,#7876,#7882));
#7884=FACE_BOUND('',#7883,.T.);
#7885=ADVANCED_FACE('',(#7884),#7859,.T.);
#7886=CARTESIAN_POINT('',(-70.067617709,2.570438057,0.292587562));
#7887=DIRECTION('',(0.,-0.992546152,0.121869343));
#7888=DIRECTION('',(0.,-0.121869343,-0.992546152));
#7889=AXIS2_PLACEMENT_3D('',#7886,#7887,#7888);
#7890=PLANE('',#7889);
#7891=ORIENTED_EDGE('',*,*,#3599,.F.);
#7892=CARTESIAN_POINT('',(-69.567616696,2.570438057,0.292587562));
#7893=VERTEX_POINT('',#7892);
#7894=CARTESIAN_POINT('',(-69.567616696,2.570438057,0.292587562));
#7895=DIRECTION('',(0.,-0.121869343,-0.992546152));
#7896=VECTOR('',#7895,0.4);
#7897=LINE('',#7894,#7896);
#7898=EDGE_CURVE('',#7893,#3588,#7897,.T.);
#7899=ORIENTED_EDGE('',*,*,#7898,.F.);
#7900=CARTESIAN_POINT('',(-69.567616696,2.570438057,0.292587562));
#7901=DIRECTION('',(-1.,0.,0.));
#7902=VECTOR('',#7901,1.000002027);
#7903=LINE('',#7900,#7902);
#7904=EDGE_CURVE('',#7893,#7862,#7903,.T.);
#7905=ORIENTED_EDGE('',*,*,#7904,.T.);
#7906=ORIENTED_EDGE('',*,*,#7867,.T.);
#7907=EDGE_LOOP('',(#7891,#7899,#7905,#7906));
#7908=FACE_BOUND('',#7907,.T.);
#7909=ADVANCED_FACE('',(#7908),#7890,.T.);
#7910=CARTESIAN_POINT('',(-68.466167564,-0.666125449,0.689987589));
#7911=DIRECTION('',(-0.947412524,-0.317629516,0.039000001));
#7912=DIRECTION('',(0.317871349,-0.948133854,0.));
#7913=AXIS2_PLACEMENT_3D('',#7910,#7911,#7912);
#7914=PLANE('',#7913);
#7915=ORIENTED_EDGE('',*,*,#3593,.F.);
#7916=CARTESIAN_POINT('',(-67.364718432,-3.902688955,1.087387617));
#7917=VERTEX_POINT('',#7916);
#7918=CARTESIAN_POINT('',(-67.364718432,-3.902688955,1.087387617));
#7919=DIRECTION('',(0.,-0.121869343,-0.992546152));
#7920=VECTOR('',#7919,0.4);
#7921=LINE('',#7918,#7920);
#7922=EDGE_CURVE('',#7917,#3580,#7921,.T.);
#7923=ORIENTED_EDGE('',*,*,#7922,.F.);
#7924=CARTESIAN_POINT('',(-67.364718432,-3.902688955,1.087387617));
#7925=DIRECTION('',(-0.320014858,0.940350655,-0.115460542));
#7926=VECTOR('',#7925,6.883737444);
#7927=LINE('',#7924,#7926);
#7928=EDGE_CURVE('',#7917,#7893,#7927,.T.);
#7929=ORIENTED_EDGE('',*,*,#7928,.T.);
#7930=ORIENTED_EDGE('',*,*,#7898,.T.);
#7931=EDGE_LOOP('',(#7915,#7923,#7929,#7930));
#7932=FACE_BOUND('',#7931,.T.);
#7933=ADVANCED_FACE('',(#7932),#7914,.T.);
#7934=CARTESIAN_POINT('',(-67.219791601,-3.902688955,1.087387617));
#7935=DIRECTION('',(0.,-0.992546152,0.121869343));
#7936=DIRECTION('',(0.,-0.121869343,-0.992546152));
#7937=AXIS2_PLACEMENT_3D('',#7934,#7935,#7936);
#7938=PLANE('',#7937);
#7939=ORIENTED_EDGE('',*,*,#3585,.F.);
#7940=CARTESIAN_POINT('',(-67.07486477,-3.902688955,1.087387617));
#7941=VERTEX_POINT('',#7940);
#7942=CARTESIAN_POINT('',(-67.07486477,-3.902688955,1.087387617));
#7943=DIRECTION('',(0.,-0.121869343,-0.992546152));
#7944=VECTOR('',#7943,0.4);
#7945=LINE('',#7942,#7944);
#7946=EDGE_CURVE('',#7941,#3572,#7945,.T.);
#7947=ORIENTED_EDGE('',*,*,#7946,.F.);
#7948=CARTESIAN_POINT('',(-67.07486477,-3.902688955,1.087387617));
#7949=DIRECTION('',(-1.,0.,0.));
#7950=VECTOR('',#7949,0.289853662);
#7951=LINE('',#7948,#7950);
#7952=EDGE_CURVE('',#7941,#7917,#7951,.T.);
#7953=ORIENTED_EDGE('',*,*,#7952,.T.);
#7954=ORIENTED_EDGE('',*,*,#7922,.T.);
#7955=EDGE_LOOP('',(#7939,#7947,#7953,#7954));
#7956=FACE_BOUND('',#7955,.T.);
#7957=ADVANCED_FACE('',(#7956),#7938,.T.);
#7958=CARTESIAN_POINT('',(-65.973415638,-0.666125449,0.689987589));
#7959=DIRECTION('',(0.947412524,-0.317629516,0.039000001));
#7960=DIRECTION('',(0.317871349,0.948133854,-0.));
#7961=AXIS2_PLACEMENT_3D('',#7958,#7959,#7960);
#7962=PLANE('',#7961);
#7963=ORIENTED_EDGE('',*,*,#3577,.F.);
#7964=CARTESIAN_POINT('',(-64.871966506,2.570438057,0.292587562));
#7965=VERTEX_POINT('',#7964);
#7966=CARTESIAN_POINT('',(-64.871966506,2.570438057,0.292587562));
#7967=DIRECTION('',(0.,-0.121869343,-0.992546152));
#7968=VECTOR('',#7967,0.4);
#7969=LINE('',#7966,#7968);
#7970=EDGE_CURVE('',#7965,#3564,#7969,.T.);
#7971=ORIENTED_EDGE('',*,*,#7970,.F.);
#7972=CARTESIAN_POINT('',(-64.871966506,2.570438057,0.292587562));
#7973=DIRECTION('',(-0.320014858,-0.940350655,0.115460542));
#7974=VECTOR('',#7973,6.883737444);
#7975=LINE('',#7972,#7974);
#7976=EDGE_CURVE('',#7965,#7941,#7975,.T.);
#7977=ORIENTED_EDGE('',*,*,#7976,.T.);
#7978=ORIENTED_EDGE('',*,*,#7946,.T.);
#7979=EDGE_LOOP('',(#7963,#7971,#7977,#7978));
#7980=FACE_BOUND('',#7979,.T.);
#7981=ADVANCED_FACE('',(#7980),#7962,.T.);
#7982=CARTESIAN_POINT('',(-64.371965493,2.570438057,0.292587562));
#7983=DIRECTION('',(0.,-0.992546152,0.121869343));
#7984=DIRECTION('',(0.,-0.121869343,-0.992546152));
#7985=AXIS2_PLACEMENT_3D('',#7982,#7983,#7984);
#7986=PLANE('',#7985);
#7987=ORIENTED_EDGE('',*,*,#3569,.F.);
#7988=CARTESIAN_POINT('',(-63.871964479,2.570438057,0.292587562));
#7989=VERTEX_POINT('',#7988);
#7990=CARTESIAN_POINT('',(-63.871964479,2.570438057,0.292587562));
#7991=DIRECTION('',(0.,-0.121869343,-0.992546152));
#7992=VECTOR('',#7991,0.4);
#7993=LINE('',#7990,#7992);
#7994=EDGE_CURVE('',#7989,#3556,#7993,.T.);
#7995=ORIENTED_EDGE('',*,*,#7994,.F.);
#7996=CARTESIAN_POINT('',(-63.871964479,2.570438057,0.292587562));
#7997=DIRECTION('',(-1.,0.,0.));
#7998=VECTOR('',#7997,1.000002027);
#7999=LINE('',#7996,#7998);
#8000=EDGE_CURVE('',#7989,#7965,#7999,.T.);
#8001=ORIENTED_EDGE('',*,*,#8000,.T.);
#8002=ORIENTED_EDGE('',*,*,#7970,.T.);
#8003=EDGE_LOOP('',(#7987,#7995,#8001,#8002));
#8004=FACE_BOUND('',#8003,.T.);
#8005=ADVANCED_FACE('',(#8004),#7986,.T.);
#8006=CARTESIAN_POINT('',(-63.806747685,2.469745275,0.304951081));
#8007=DIRECTION('',(-0.841179981,-0.536724542,0.065901487));
#8008=DIRECTION('',(0.537893851,-0.843012577,0.));
#8009=AXIS2_PLACEMENT_3D('',#8006,#8007,#8008);
#8010=PLANE('',#8009);
#8011=ORIENTED_EDGE('',*,*,#3561,.F.);
#8012=CARTESIAN_POINT('',(-63.74153089,2.369052492,0.3173146));
#8013=VERTEX_POINT('',#8012);
#8014=CARTESIAN_POINT('',(-63.74153089,2.369052492,0.3173146));
#8015=DIRECTION('',(0.,-0.121869343,-0.992546152));
#8016=VECTOR('',#8015,0.4);
#8017=LINE('',#8014,#8016);
#8018=EDGE_CURVE('',#8013,#3548,#8017,.T.);
#8019=ORIENTED_EDGE('',*,*,#8018,.F.);
#8020=CARTESIAN_POINT('',(-63.74153089,2.369052492,0.3173146));
#8021=DIRECTION('',(-0.54075525,0.834909953,-0.102514052));
#8022=VECTOR('',#8021,0.24120633);
#8023=LINE('',#8020,#8022);
#8024=EDGE_CURVE('',#8013,#7989,#8023,.T.);
#8025=ORIENTED_EDGE('',*,*,#8024,.T.);
#8026=ORIENTED_EDGE('',*,*,#7994,.T.);
#8027=EDGE_LOOP('',(#8011,#8019,#8025,#8026));
#8028=FACE_BOUND('',#8027,.T.);
#8029=ADVANCED_FACE('',(#8028),#8010,.T.);
#8030=CARTESIAN_POINT('',(-65.009645785,-1.270283994,0.764168931));
#8031=DIRECTION('',(-0.945074961,0.324417347,-0.039833441));
#8032=DIRECTION('',(-0.324675031,-0.945825631,0.));
#8033=AXIS2_PLACEMENT_3D('',#8030,#8031,#8032);
#8034=PLANE('',#8033);
#8035=ORIENTED_EDGE('',*,*,#3553,.F.);
#8036=CARTESIAN_POINT('',(-66.277760679,-4.90962048,1.211023262));
#8037=VERTEX_POINT('',#8036);
#8038=CARTESIAN_POINT('',(-66.277760679,-4.90962048,1.211023262));
#8039=DIRECTION('',(0.,-0.121869343,-0.992546152));
#8040=VECTOR('',#8039,0.4);
#8041=LINE('',#8038,#8040);
#8042=EDGE_CURVE('',#8037,#3540,#8041,.T.);
#8043=ORIENTED_EDGE('',*,*,#8042,.F.);
#8044=CARTESIAN_POINT('',(-66.277760679,-4.90962048,1.211023262));
#8045=DIRECTION('',(0.326853665,0.938030516,-0.115175665));
#8046=VECTOR('',#8045,7.759526851);
#8047=LINE('',#8044,#8046);
#8048=EDGE_CURVE('',#8037,#8013,#8047,.T.);
#8049=ORIENTED_EDGE('',*,*,#8048,.T.);
#8050=ORIENTED_EDGE('',*,*,#8018,.T.);
#8051=EDGE_LOOP('',(#8035,#8043,#8049,#8050));
#8052=FACE_BOUND('',#8051,.T.);
#8053=ADVANCED_FACE('',(#8052),#8034,.T.);
#8054=CARTESIAN_POINT('',(-67.219789738,-4.90962048,1.211023262));
#8055=DIRECTION('',(0.,0.992546152,-0.121869343));
#8056=DIRECTION('',(0.,0.121869343,0.992546152));
#8057=AXIS2_PLACEMENT_3D('',#8054,#8055,#8056);
#8058=PLANE('',#8057);
#8059=ORIENTED_EDGE('',*,*,#3545,.F.);
#8060=CARTESIAN_POINT('',(-68.161818797,-4.90962048,1.211023262));
#8061=VERTEX_POINT('',#8060);
#8062=CARTESIAN_POINT('',(-68.161818797,-4.90962048,1.211023262));
#8063=DIRECTION('',(0.,-0.121869343,-0.992546152));
#8064=VECTOR('',#8063,0.4);
#8065=LINE('',#8062,#8064);
#8066=EDGE_CURVE('',#8061,#3532,#8065,.T.);
#8067=ORIENTED_EDGE('',*,*,#8066,.F.);
#8068=CARTESIAN_POINT('',(-68.161818797,-4.90962048,1.211023262));
#8069=DIRECTION('',(1.,0.,-0.));
#8070=VECTOR('',#8069,1.884058118);
#8071=LINE('',#8068,#8070);
#8072=EDGE_CURVE('',#8061,#8037,#8071,.T.);
#8073=ORIENTED_EDGE('',*,*,#8072,.T.);
#8074=ORIENTED_EDGE('',*,*,#8042,.T.);
#8075=EDGE_LOOP('',(#8059,#8067,#8073,#8074));
#8076=FACE_BOUND('',#8075,.T.);
#8077=ADVANCED_FACE('',(#8076),#8058,.T.);
#8078=CARTESIAN_POINT('',(-69.429935555,-1.270283994,0.764168931));
#8079=DIRECTION('',(0.945074813,0.324417773,-0.039833494));
#8080=DIRECTION('',(-0.324675458,0.945825485,-0.));
#8081=AXIS2_PLACEMENT_3D('',#8078,#8079,#8080);
#8082=PLANE('',#8081);
#8083=ORIENTED_EDGE('',*,*,#3537,.F.);
#8084=ORIENTED_EDGE('',*,*,#7881,.F.);
#8085=CARTESIAN_POINT('',(-70.698052312,2.369052492,0.3173146));
#8086=DIRECTION('',(0.326854094,-0.938030368,0.115175646));
#8087=VECTOR('',#8086,7.759528069);
#8088=LINE('',#8085,#8087);
#8089=EDGE_CURVE('',#7870,#8061,#8088,.T.);
#8090=ORIENTED_EDGE('',*,*,#8089,.T.);
#8091=ORIENTED_EDGE('',*,*,#8066,.T.);
#8092=EDGE_LOOP('',(#8083,#8084,#8090,#8091));
#8093=FACE_BOUND('',#8092,.T.);
#8094=ADVANCED_FACE('',(#8093),#8082,.T.);
#8095=CARTESIAN_POINT('',(-44.785006046,0.053111091,0.601676447));
#8096=DIRECTION('',(0.,-0.121869343,-0.992546152));
#8097=DIRECTION('',(-1.,0.,0.));
#8098=AXIS2_PLACEMENT_3D('',#8095,#8096,#8097);
#8099=PLANE('',#8098);
#8100=ORIENTED_EDGE('',*,*,#7875,.F.);
#8101=ORIENTED_EDGE('',*,*,#7904,.F.);
#8102=ORIENTED_EDGE('',*,*,#7928,.F.);
#8103=ORIENTED_EDGE('',*,*,#7952,.F.);
#8104=ORIENTED_EDGE('',*,*,#7976,.F.);
#8105=ORIENTED_EDGE('',*,*,#8000,.F.);
#8106=ORIENTED_EDGE('',*,*,#8024,.F.);
#8107=ORIENTED_EDGE('',*,*,#8048,.F.);
#8108=ORIENTED_EDGE('',*,*,#8072,.F.);
#8109=ORIENTED_EDGE('',*,*,#8089,.F.);
#8110=EDGE_LOOP('',(#8100,#8101,#8102,#8103,#8104,#8105,#8106,#8107,#8108,#8109));
#8111=FACE_BOUND('',#8110,.T.);
#8112=ADVANCED_FACE('',(#8111),#8099,.T.);
#8113=CARTESIAN_POINT('',(-54.118342365,1.232659609,0.456846101));
#8114=CARTESIAN_POINT('',(-54.118342365,1.183911872,0.05982764));
#8115=CARTESIAN_POINT('',(-54.118338639,-0.014019279,0.60991902));
#8116=CARTESIAN_POINT('',(-54.118338639,-0.062767016,0.212900559));
#8117=CARTESIAN_POINT('',(-53.582105453,-0.723666295,0.697052717));
#8118=CARTESIAN_POINT('',(-53.582105453,-0.772414032,0.300034256));
#8119=CARTESIAN_POINT('',(-52.50964653,-0.896281437,0.718247191));
#8120=CARTESIAN_POINT('',(-52.50964653,-0.945029174,0.32122873));
#8121=B_SPLINE_SURFACE_WITH_KNOTS('',3,1,((#8113,#8114),(#8115,#8116),(#8117,#8118),(#8119,#8120)),.UNSPECIFIED.,.F.,.F.,.U.,(4,4),(2,2),(0.,1.),(0.,1.),.UNSPECIFIED.);
#8122=ORIENTED_EDGE('',*,*,#3152,.F.);
#8123=CARTESIAN_POINT('',(-54.118342365,1.232659609,0.456846101));
#8124=VERTEX_POINT('',#8123);
#8125=CARTESIAN_POINT('',(-54.118342365,1.232659609,0.456846101));
#8126=DIRECTION('',(0.,-0.121869343,-0.992546152));
#8127=VECTOR('',#8126,0.4);
#8128=LINE('',#8125,#8127);
#8129=EDGE_CURVE('',#8124,#3144,#8128,.T.);
#8130=ORIENTED_EDGE('',*,*,#8129,.F.);
#8131=CARTESIAN_POINT('',(-52.50964653,-0.896281437,0.718247191));
#8132=VERTEX_POINT('',#8131);
#8133=CARTESIAN_POINT('',(-54.118342365,1.232659609,0.456846101));
#8134=CARTESIAN_POINT('',(-54.118338639,-0.014019279,0.60991902));
#8135=CARTESIAN_POINT('',(-53.582105453,-0.723666295,0.697052717));
#8136=CARTESIAN_POINT('',(-52.50964653,-0.896281437,0.718247191));
#8137=B_SPLINE_CURVE_WITH_KNOTS('',3,(#8133,#8134,#8135,#8136),.UNSPECIFIED.,.F.,.F.,(4,4),(0.,1.),.UNSPECIFIED.);
#8138=EDGE_CURVE('',#8124,#8132,#8137,.T.);
#8139=ORIENTED_EDGE('',*,*,#8138,.T.);
#8140=CARTESIAN_POINT('',(-52.50964653,-0.896281437,0.718247191));
#8141=DIRECTION('',(0.,-0.121869343,-0.992546152));
#8142=VECTOR('',#8141,0.4);
#8143=LINE('',#8140,#8142);
#8144=EDGE_CURVE('',#8132,#3146,#8143,.T.);
#8145=ORIENTED_EDGE('',*,*,#8144,.T.);
#8146=EDGE_LOOP('',(#8122,#8130,#8139,#8145));
#8147=FACE_BOUND('',#8146,.T.);
#8148=ADVANCED_FACE('',(#8147),#8121,.T.);
#8149=CARTESIAN_POINT('',(-54.118342365,2.023818509,0.359704003));
#8150=DIRECTION('',(1.,0.,0.));
#8151=DIRECTION('',(0.,-0.,-1.));
#8152=AXIS2_PLACEMENT_3D('',#8149,#8150,#8151);
#8153=PLANE('',#8152);
#8154=ORIENTED_EDGE('',*,*,#3239,.F.);
#8155=CARTESIAN_POINT('',(-54.118342365,2.814977409,0.262561905));
#8156=VERTEX_POINT('',#8155);
#8157=CARTESIAN_POINT('',(-54.118342365,2.814977409,0.262561905));
#8158=DIRECTION('',(0.,-0.121869343,-0.992546152));
#8159=VECTOR('',#8158,0.4);
#8160=LINE('',#8157,#8159);
#8161=EDGE_CURVE('',#8156,#3227,#8160,.T.);
#8162=ORIENTED_EDGE('',*,*,#8161,.F.);
#8163=CARTESIAN_POINT('',(-54.118342365,2.814977409,0.262561905));
#8164=DIRECTION('',(0.,-0.992546152,0.121869343));
#8165=VECTOR('',#8164,1.59420073);
#8166=LINE('',#8163,#8165);
#8167=EDGE_CURVE('',#8156,#8124,#8166,.T.);
#8168=ORIENTED_EDGE('',*,*,#8167,.T.);
#8169=ORIENTED_EDGE('',*,*,#8129,.T.);
#8170=EDGE_LOOP('',(#8154,#8162,#8168,#8169));
#8171=FACE_BOUND('',#8170,.T.);
#8172=ADVANCED_FACE('',(#8171),#8153,.T.);
#8173=CARTESIAN_POINT('',(-51.900952721,5.015842663,-0.007670368));
#8174=CARTESIAN_POINT('',(-51.900952721,4.967094926,-0.404688829));
#8175=CARTESIAN_POINT('',(-53.379207517,5.015842663,-0.007670368));
#8176=CARTESIAN_POINT('',(-53.379207517,4.967094926,-0.404688829));
#8177=CARTESIAN_POINT('',(-54.118338639,4.282220912,0.082407056));
#8178=CARTESIAN_POINT('',(-54.118338639,4.233473175,-0.314611404));
#8179=CARTESIAN_POINT('',(-54.118342365,2.814977409,0.262561905));
#8180=CARTESIAN_POINT('',(-54.118342365,2.766229672,-0.134456556));
#8181=B_SPLINE_SURFACE_WITH_KNOTS('',3,1,((#8173,#8174),(#8175,#8176),(#8177,#8178),(#8179,#8180)),.UNSPECIFIED.,.F.,.F.,.U.,(4,4),(2,2),(0.,1.),(0.,1.),.UNSPECIFIED.);
#8182=ORIENTED_EDGE('',*,*,#3233,.F.);
#8183=CARTESIAN_POINT('',(-51.900952721,5.015842663,-0.007670368));
#8184=VERTEX_POINT('',#8183);
#8185=CARTESIAN_POINT('',(-51.900952721,5.015842663,-0.007670368));
#8186=DIRECTION('',(0.,-0.121869343,-0.992546152));
#8187=VECTOR('',#8186,0.4);
#8188=LINE('',#8185,#8187);
#8189=EDGE_CURVE('',#8184,#3219,#8188,.T.);
#8190=ORIENTED_EDGE('',*,*,#8189,.F.);
#8191=CARTESIAN_POINT('',(-51.900952721,5.015842663,-0.007670368));
#8192=CARTESIAN_POINT('',(-53.379207517,5.015842663,-0.007670368));
#8193=CARTESIAN_POINT('',(-54.118338639,4.282220912,0.082407056));
#8194=CARTESIAN_POINT('',(-54.118342365,2.814977409,0.262561905));
#8195=B_SPLINE_CURVE_WITH_KNOTS('',3,(#8191,#8192,#8193,#8194),.UNSPECIFIED.,.F.,.F.,(4,4),(0.,1.),.UNSPECIFIED.);
#8196=EDGE_CURVE('',#8184,#8156,#8195,.T.);
#8197=ORIENTED_EDGE('',*,*,#8196,.T.);
#8198=ORIENTED_EDGE('',*,*,#8161,.T.);
#8199=EDGE_LOOP('',(#8182,#8190,#8197,#8198));
#8200=FACE_BOUND('',#8199,.T.);
#8201=ADVANCED_FACE('',(#8200),#8181,.T.);
#8202=CARTESIAN_POINT('',(-49.53138497,5.015842663,-0.007670368));
#8203=DIRECTION('',(0.,-0.992546152,0.121869343));
#8204=DIRECTION('',(0.,-0.121869343,-0.992546152));
#8205=AXIS2_PLACEMENT_3D('',#8202,#8203,#8204);
#8206=PLANE('',#8205);
#8207=ORIENTED_EDGE('',*,*,#3224,.F.);
#8208=CARTESIAN_POINT('',(-47.161817218,5.015842663,-0.007670368));
#8209=VERTEX_POINT('',#8208);
#8210=CARTESIAN_POINT('',(-47.161817218,5.015842663,-0.007670368));
#8211=DIRECTION('',(0.,-0.121869343,-0.992546152));
#8212=VECTOR('',#8211,0.4);
#8213=LINE('',#8210,#8212);
#8214=EDGE_CURVE('',#8209,#3211,#8213,.T.);
#8215=ORIENTED_EDGE('',*,*,#8214,.F.);
#8216=CARTESIAN_POINT('',(-47.161817218,5.015842663,-0.007670368));
#8217=DIRECTION('',(-1.,0.,0.));
#8218=VECTOR('',#8217,4.739135504);
#8219=LINE('',#8216,#8218);
#8220=EDGE_CURVE('',#8209,#8184,#8219,.T.);
#8221=ORIENTED_EDGE('',*,*,#8220,.T.);
#8222=ORIENTED_EDGE('',*,*,#8189,.T.);
#8223=EDGE_LOOP('',(#8207,#8215,#8221,#8222));
#8224=FACE_BOUND('',#8223,.T.);
#8225=ADVANCED_FACE('',(#8224),#8206,.T.);
#8226=CARTESIAN_POINT('',(-47.161817218,0.053111091,0.601676447));
#8227=DIRECTION('',(-1.,0.,0.));
#8228=DIRECTION('',(0.,0.,1.));
#8229=AXIS2_PLACEMENT_3D('',#8226,#8227,#8228);
#8230=PLANE('',#8229);
#8231=ORIENTED_EDGE('',*,*,#3216,.F.);
#8232=CARTESIAN_POINT('',(-47.161817218,-4.90962048,1.211023262));
#8233=VERTEX_POINT('',#8232);
#8234=CARTESIAN_POINT('',(-47.161817218,-4.90962048,1.211023262));
#8235=DIRECTION('',(0.,-0.121869343,-0.992546152));
#8236=VECTOR('',#8235,0.4);
#8237=LINE('',#8234,#8236);
#8238=EDGE_CURVE('',#8233,#3203,#8237,.T.);
#8239=ORIENTED_EDGE('',*,*,#8238,.F.);
#8240=CARTESIAN_POINT('',(-47.161817218,-4.90962048,1.211023262));
#8241=DIRECTION('',(0.,0.992546152,-0.121869343));
#8242=VECTOR('',#8241,10.000001639);
#8243=LINE('',#8240,#8242);
#8244=EDGE_CURVE('',#8233,#8209,#8243,.T.);
#8245=ORIENTED_EDGE('',*,*,#8244,.T.);
#8246=ORIENTED_EDGE('',*,*,#8214,.T.);
#8247=EDGE_LOOP('',(#8231,#8239,#8245,#8246));
#8248=FACE_BOUND('',#8247,.T.);
#8249=ADVANCED_FACE('',(#8248),#8230,.T.);
#8250=CARTESIAN_POINT('',(-47.770514751,-4.90962048,1.211023262));
#8251=DIRECTION('',(0.,0.992546152,-0.121869343));
#8252=DIRECTION('',(0.,0.121869343,0.992546152));
#8253=AXIS2_PLACEMENT_3D('',#8250,#8251,#8252);
#8254=PLANE('',#8253);
#8255=ORIENTED_EDGE('',*,*,#3208,.F.);
#8256=CARTESIAN_POINT('',(-48.379212285,-4.90962048,1.211023262));
#8257=VERTEX_POINT('',#8256);
#8258=CARTESIAN_POINT('',(-48.379212285,-4.90962048,1.211023262));
#8259=DIRECTION('',(0.,-0.121869343,-0.992546152));
#8260=VECTOR('',#8259,0.4);
#8261=LINE('',#8258,#8260);
#8262=EDGE_CURVE('',#8257,#3195,#8261,.T.);
#8263=ORIENTED_EDGE('',*,*,#8262,.F.);
#8264=CARTESIAN_POINT('',(-48.379212285,-4.90962048,1.211023262));
#8265=DIRECTION('',(1.,0.,-0.));
#8266=VECTOR('',#8265,1.217395067);
#8267=LINE('',#8264,#8266);
#8268=EDGE_CURVE('',#8257,#8233,#8267,.T.);
#8269=ORIENTED_EDGE('',*,*,#8268,.T.);
#8270=ORIENTED_EDGE('',*,*,#8238,.T.);
#8271=EDGE_LOOP('',(#8255,#8263,#8269,#8270));
#8272=FACE_BOUND('',#8271,.T.);
#8273=ADVANCED_FACE('',(#8272),#8254,.T.);
#8274=CARTESIAN_POINT('',(-48.379212285,-2.938913063,0.969050818));
#8275=DIRECTION('',(1.,0.,0.));
#8276=DIRECTION('',(0.,-0.,-1.));
#8277=AXIS2_PLACEMENT_3D('',#8274,#8275,#8276);
#8278=PLANE('',#8277);
#8279=ORIENTED_EDGE('',*,*,#3200,.F.);
#8280=CARTESIAN_POINT('',(-48.379212285,-0.968205646,0.727078374));
#8281=VERTEX_POINT('',#8280);
#8282=CARTESIAN_POINT('',(-48.379212285,-0.968205646,0.727078374));
#8283=DIRECTION('',(0.,-0.121869343,-0.992546152));
#8284=VECTOR('',#8283,0.4);
#8285=LINE('',#8282,#8284);
#8286=EDGE_CURVE('',#8281,#3187,#8285,.T.);
#8287=ORIENTED_EDGE('',*,*,#8286,.F.);
#8288=CARTESIAN_POINT('',(-48.379212285,-0.968205646,0.727078374));
#8289=DIRECTION('',(0.,-0.992546152,0.121869343));
#8290=VECTOR('',#8289,3.971014172);
#8291=LINE('',#8288,#8290);
#8292=EDGE_CURVE('',#8281,#8257,#8291,.T.);
#8293=ORIENTED_EDGE('',*,*,#8292,.T.);
#8294=ORIENTED_EDGE('',*,*,#8262,.T.);
#8295=EDGE_LOOP('',(#8279,#8287,#8293,#8294));
#8296=FACE_BOUND('',#8295,.T.);
#8297=ADVANCED_FACE('',(#8296),#8278,.T.);
#8298=CARTESIAN_POINT('',(-49.792254011,-0.968205646,0.727078374));
#8299=DIRECTION('',(0.,0.992546152,-0.121869343));
#8300=DIRECTION('',(0.,0.121869343,0.992546152));
#8301=AXIS2_PLACEMENT_3D('',#8298,#8299,#8300);
#8302=PLANE('',#8301);
#8303=ORIENTED_EDGE('',*,*,#3192,.F.);
#8304=CARTESIAN_POINT('',(-51.205295736,-0.968205646,0.727078374));
#8305=VERTEX_POINT('',#8304);
#8306=CARTESIAN_POINT('',(-51.205295736,-0.968205646,0.727078374));
#8307=DIRECTION('',(0.,-0.121869343,-0.992546152));
#8308=VECTOR('',#8307,0.4);
#8309=LINE('',#8306,#8308);
#8310=EDGE_CURVE('',#8305,#3179,#8309,.T.);
#8311=ORIENTED_EDGE('',*,*,#8310,.F.);
#8312=CARTESIAN_POINT('',(-51.205295736,-0.968205646,0.727078374));
#8313=DIRECTION('',(1.,0.,-0.));
#8314=VECTOR('',#8313,2.826083452);
#8315=LINE('',#8312,#8314);
#8316=EDGE_CURVE('',#8305,#8281,#8315,.T.);
#8317=ORIENTED_EDGE('',*,*,#8316,.T.);
#8318=ORIENTED_EDGE('',*,*,#8286,.T.);
#8319=EDGE_LOOP('',(#8303,#8311,#8317,#8318));
#8320=FACE_BOUND('',#8319,.T.);
#8321=ADVANCED_FACE('',(#8320),#8302,.T.);
#8322=CARTESIAN_POINT('',(-52.212543453,-2.938913063,0.969050818));
#8323=DIRECTION('',(-0.891807954,0.449041935,-0.055135417));
#8324=DIRECTION('',(-0.44972602,-0.893166562,0.));
#8325=AXIS2_PLACEMENT_3D('',#8322,#8323,#8324);
#8326=PLANE('',#8325);
#8327=ORIENTED_EDGE('',*,*,#3184,.F.);
#8328=CARTESIAN_POINT('',(-53.219791169,-4.90962048,1.211023262));
#8329=VERTEX_POINT('',#8328);
#8330=CARTESIAN_POINT('',(-53.219791169,-4.90962048,1.211023262));
#8331=DIRECTION('',(0.,-0.121869343,-0.992546152));
#8332=VECTOR('',#8331,0.4);
#8333=LINE('',#8330,#8332);
#8334=EDGE_CURVE('',#8329,#3171,#8333,.T.);
#8335=ORIENTED_EDGE('',*,*,#8334,.F.);
#8336=CARTESIAN_POINT('',(-53.219791169,-4.90962048,1.211023262));
#8337=DIRECTION('',(0.452414162,0.885160552,-0.108684049));
#8338=VECTOR('',#8337,4.452768285);
#8339=LINE('',#8336,#8338);
#8340=EDGE_CURVE('',#8329,#8305,#8339,.T.);
#8341=ORIENTED_EDGE('',*,*,#8340,.T.);
#8342=ORIENTED_EDGE('',*,*,#8310,.T.);
#8343=EDGE_LOOP('',(#8327,#8335,#8341,#8342));
#8344=FACE_BOUND('',#8343,.T.);
#8345=ADVANCED_FACE('',(#8344),#8326,.T.);
#8346=CARTESIAN_POINT('',(-53.734283561,-4.90962048,1.211023262));
#8347=DIRECTION('',(0.,0.992546152,-0.121869343));
#8348=DIRECTION('',(0.,0.121869343,0.992546152));
#8349=AXIS2_PLACEMENT_3D('',#8346,#8347,#8348);
#8350=PLANE('',#8349);
#8351=ORIENTED_EDGE('',*,*,#3176,.F.);
#8352=CARTESIAN_POINT('',(-54.248775954,-4.90962048,1.211023262));
#8353=VERTEX_POINT('',#8352);
#8354=CARTESIAN_POINT('',(-54.248775954,-4.90962048,1.211023262));
#8355=DIRECTION('',(0.,-0.121869343,-0.992546152));
#8356=VECTOR('',#8355,0.4);
#8357=LINE('',#8354,#8356);
#8358=EDGE_CURVE('',#8353,#3163,#8357,.T.);
#8359=ORIENTED_EDGE('',*,*,#8358,.F.);
#8360=CARTESIAN_POINT('',(-54.248775954,-4.90962048,1.211023262));
#8361=DIRECTION('',(1.,0.,-0.));
#8362=VECTOR('',#8361,1.028984785);
#8363=LINE('',#8360,#8362);
#8364=EDGE_CURVE('',#8353,#8329,#8363,.T.);
#8365=ORIENTED_EDGE('',*,*,#8364,.T.);
#8366=ORIENTED_EDGE('',*,*,#8334,.T.);
#8367=EDGE_LOOP('',(#8351,#8359,#8365,#8366));
#8368=FACE_BOUND('',#8367,.T.);
#8369=ADVANCED_FACE('',(#8368),#8350,.T.);
#8370=CARTESIAN_POINT('',(-54.32848599,-4.765773912,1.193361124));
#8371=DIRECTION('',(0.876215195,0.478327888,-0.058731279));
#8372=DIRECTION('',(-0.479154991,0.877730308,-0.));
#8373=AXIS2_PLACEMENT_3D('',#8370,#8371,#8372);
#8374=PLANE('',#8373);
#8375=ORIENTED_EDGE('',*,*,#3168,.F.);
#8376=CARTESIAN_POINT('',(-54.408196027,-4.621927343,1.175698986));
#8377=VERTEX_POINT('',#8376);
#8378=CARTESIAN_POINT('',(-54.408196027,-4.621927343,1.175698986));
#8379=DIRECTION('',(0.,-0.121869343,-0.992546152));
#8380=VECTOR('',#8379,0.4);
#8381=LINE('',#8378,#8380);
#8382=EDGE_CURVE('',#8377,#3155,#8381,.T.);
#8383=ORIENTED_EDGE('',*,*,#8382,.F.);
#8384=CARTESIAN_POINT('',(-54.408196027,-4.621927343,1.175698986));
#8385=DIRECTION('',(0.481920047,-0.86968402,0.10678377));
#8386=VECTOR('',#8385,0.330801912);
#8387=LINE('',#8384,#8386);
#8388=EDGE_CURVE('',#8377,#8353,#8387,.T.);
#8389=ORIENTED_EDGE('',*,*,#8388,.T.);
#8390=ORIENTED_EDGE('',*,*,#8358,.T.);
#8391=EDGE_LOOP('',(#8375,#8383,#8389,#8390));
#8392=FACE_BOUND('',#8391,.T.);
#8393=ADVANCED_FACE('',(#8392),#8374,.T.);
#8394=CARTESIAN_POINT('',(-52.900951023,2.02381666,0.35970423));
#8395=DIRECTION('',(-1.,0.,0.));
#8396=DIRECTION('',(0.,0.,1.));
#8397=AXIS2_PLACEMENT_3D('',#8394,#8395,#8396);
#8398=PLANE('',#8397);
#8399=CARTESIAN_POINT('',(-52.900951023,1.054446817,0.07572395));
#8400=VERTEX_POINT('',#8399);
#8401=CARTESIAN_POINT('',(-52.900951023,2.895691029,-0.150352411));
#8402=VERTEX_POINT('',#8401);
#8403=CARTESIAN_POINT('',(-52.900951023,1.054446817,0.07572395));
#8404=DIRECTION('',(0.,0.992546152,-0.121869343));
#8405=VECTOR('',#8404,1.855071634);
#8406=LINE('',#8403,#8405);
#8407=EDGE_CURVE('',#8400,#8402,#8406,.T.);
#8408=ORIENTED_EDGE('',*,*,#8407,.F.);
#8409=CARTESIAN_POINT('',(-52.900951023,1.103194554,0.47274241));
#8410=VERTEX_POINT('',#8409);
#8411=CARTESIAN_POINT('',(-52.900951023,1.103194554,0.47274241));
#8412=DIRECTION('',(0.,-0.121869343,-0.992546152));
#8413=VECTOR('',#8412,0.4);
#8414=LINE('',#8411,#8413);
#8415=EDGE_CURVE('',#8410,#8400,#8414,.T.);
#8416=ORIENTED_EDGE('',*,*,#8415,.F.);
#8417=CARTESIAN_POINT('',(-52.900951023,2.944438766,0.246666049));
#8418=VERTEX_POINT('',#8417);
#8419=CARTESIAN_POINT('',(-52.900951023,1.103194554,0.47274241));
#8420=DIRECTION('',(0.,0.992546152,-0.121869343));
#8421=VECTOR('',#8420,1.855071634);
#8422=LINE('',#8419,#8421);
#8423=EDGE_CURVE('',#8410,#8418,#8422,.T.);
#8424=ORIENTED_EDGE('',*,*,#8423,.T.);
#8425=CARTESIAN_POINT('',(-52.900951023,2.944438766,0.246666049));
#8426=DIRECTION('',(0.,-0.121869343,-0.992546152));
#8427=VECTOR('',#8426,0.4);
#8428=LINE('',#8425,#8427);
#8429=EDGE_CURVE('',#8418,#8402,#8428,.T.);
#8430=ORIENTED_EDGE('',*,*,#8429,.T.);
#8431=EDGE_LOOP('',(#8408,#8416,#8424,#8430));
#8432=FACE_BOUND('',#8431,.T.);
#8433=ADVANCED_FACE('',(#8432),#8398,.T.);
#8434=CARTESIAN_POINT('',(-51.915444101,0.125033451,0.592845491));
#8435=CARTESIAN_POINT('',(-51.915444101,0.076285714,0.195827031));
#8436=CARTESIAN_POINT('',(-52.572447474,0.125033451,0.592845491));
#8437=CARTESIAN_POINT('',(-52.572447474,0.076285714,0.195827031));
#8438=CARTESIAN_POINT('',(-52.900951023,0.451088385,0.55281098));
#8439=CARTESIAN_POINT('',(-52.900951023,0.402340648,0.155792519));
#8440=CARTESIAN_POINT('',(-52.900951023,1.103194554,0.47274241));
#8441=CARTESIAN_POINT('',(-52.900951023,1.054446817,0.07572395));
#8442=B_SPLINE_SURFACE_WITH_KNOTS('',3,1,((#8434,#8435),(#8436,#8437),(#8438,#8439),(#8440,#8441)),.UNSPECIFIED.,.F.,.F.,.U.,(4,4),(2,2),(0.,1.),(0.,1.),.UNSPECIFIED.);
#8443=CARTESIAN_POINT('',(-51.915444101,0.076285714,0.195827031));
#8444=VERTEX_POINT('',#8443);
#8445=CARTESIAN_POINT('',(-51.915444101,0.076285714,0.195827031));
#8446=CARTESIAN_POINT('',(-52.572447474,0.076285714,0.195827031));
#8447=CARTESIAN_POINT('',(-52.900951023,0.402340648,0.155792519));
#8448=CARTESIAN_POINT('',(-52.900951023,1.054446817,0.07572395));
#8449=B_SPLINE_CURVE_WITH_KNOTS('',3,(#8445,#8446,#8447,#8448),.UNSPECIFIED.,.F.,.F.,(4,4),(0.,1.),.UNSPECIFIED.);
#8450=EDGE_CURVE('',#8444,#8400,#8449,.T.);
#8451=ORIENTED_EDGE('',*,*,#8450,.F.);
#8452=CARTESIAN_POINT('',(-51.915444101,0.125033451,0.592845491));
#8453=VERTEX_POINT('',#8452);
#8454=CARTESIAN_POINT('',(-51.915444101,0.125033451,0.592845491));
#8455=DIRECTION('',(0.,-0.121869343,-0.992546152));
#8456=VECTOR('',#8455,0.4);
#8457=LINE('',#8454,#8456);
#8458=EDGE_CURVE('',#8453,#8444,#8457,.T.);
#8459=ORIENTED_EDGE('',*,*,#8458,.F.);
#8460=CARTESIAN_POINT('',(-51.915444101,0.125033451,0.592845491));
#8461=CARTESIAN_POINT('',(-52.572447474,0.125033451,0.592845491));
#8462=CARTESIAN_POINT('',(-52.900951023,0.451088385,0.55281098));
#8463=CARTESIAN_POINT('',(-52.900951023,1.103194554,0.47274241));
#8464=B_SPLINE_CURVE_WITH_KNOTS('',3,(#8460,#8461,#8462,#8463),.UNSPECIFIED.,.F.,.F.,(4,4),(0.,1.),.UNSPECIFIED.);
#8465=EDGE_CURVE('',#8453,#8410,#8464,.T.);
#8466=ORIENTED_EDGE('',*,*,#8465,.T.);
#8467=ORIENTED_EDGE('',*,*,#8415,.T.);
#8468=EDGE_LOOP('',(#8451,#8459,#8466,#8467));
#8469=FACE_BOUND('',#8468,.T.);
#8470=ADVANCED_FACE('',(#8469),#8442,.T.);
#8471=CARTESIAN_POINT('',(-50.147328193,0.125033451,0.592845491));
#8472=DIRECTION('',(0.,-0.992546152,0.121869343));
#8473=DIRECTION('',(0.,-0.121869343,-0.992546152));
#8474=AXIS2_PLACEMENT_3D('',#8471,#8472,#8473);
#8475=PLANE('',#8474);
#8476=CARTESIAN_POINT('',(-48.379212285,0.076285714,0.195827031));
#8477=VERTEX_POINT('',#8476);
#8478=CARTESIAN_POINT('',(-48.379212285,0.076285714,0.195827031));
#8479=DIRECTION('',(-1.,0.,0.));
#8480=VECTOR('',#8479,3.536231816);
#8481=LINE('',#8478,#8480);
#8482=EDGE_CURVE('',#8477,#8444,#8481,.T.);
#8483=ORIENTED_EDGE('',*,*,#8482,.F.);
#8484=CARTESIAN_POINT('',(-48.379212285,0.125033451,0.592845491));
#8485=VERTEX_POINT('',#8484);
#8486=CARTESIAN_POINT('',(-48.379212285,0.125033451,0.592845491));
#8487=DIRECTION('',(0.,-0.121869343,-0.992546152));
#8488=VECTOR('',#8487,0.4);
#8489=LINE('',#8486,#8488);
#8490=EDGE_CURVE('',#8485,#8477,#8489,.T.);
#8491=ORIENTED_EDGE('',*,*,#8490,.F.);
#8492=CARTESIAN_POINT('',(-48.379212285,0.125033451,0.592845491));
#8493=DIRECTION('',(-1.,0.,0.));
#8494=VECTOR('',#8493,3.536231816);
#8495=LINE('',#8492,#8494);
#8496=EDGE_CURVE('',#8485,#8453,#8495,.T.);
#8497=ORIENTED_EDGE('',*,*,#8496,.T.);
#8498=ORIENTED_EDGE('',*,*,#8458,.T.);
#8499=EDGE_LOOP('',(#8483,#8491,#8497,#8498));
#8500=FACE_BOUND('',#8499,.T.);
#8501=ADVANCED_FACE('',(#8500),#8475,.T.);
#8502=CARTESIAN_POINT('',(-48.379212285,2.023818509,0.359704003));
#8503=DIRECTION('',(1.,0.,0.));
#8504=DIRECTION('',(0.,-0.,-1.));
#8505=AXIS2_PLACEMENT_3D('',#8502,#8503,#8504);
#8506=PLANE('',#8505);
#8507=CARTESIAN_POINT('',(-48.379212285,3.873855829,-0.270455947));
#8508=VERTEX_POINT('',#8507);
#8509=CARTESIAN_POINT('',(-48.379212285,3.873855829,-0.270455947));
#8510=DIRECTION('',(0.,-0.992546152,0.121869343));
#8511=VECTOR('',#8510,3.826089203);
#8512=LINE('',#8509,#8511);
#8513=EDGE_CURVE('',#8508,#8477,#8512,.T.);
#8514=ORIENTED_EDGE('',*,*,#8513,.F.);
#8515=CARTESIAN_POINT('',(-48.379212285,3.922603566,0.126562514));
#8516=VERTEX_POINT('',#8515);
#8517=CARTESIAN_POINT('',(-48.379212285,3.922603566,0.126562514));
#8518=DIRECTION('',(0.,-0.121869343,-0.992546152));
#8519=VECTOR('',#8518,0.4);
#8520=LINE('',#8517,#8519);
#8521=EDGE_CURVE('',#8516,#8508,#8520,.T.);
#8522=ORIENTED_EDGE('',*,*,#8521,.F.);
#8523=CARTESIAN_POINT('',(-48.379212285,3.922603566,0.126562514));
#8524=DIRECTION('',(0.,-0.992546152,0.121869343));
#8525=VECTOR('',#8524,3.826089203);
#8526=LINE('',#8523,#8525);
#8527=EDGE_CURVE('',#8516,#8485,#8526,.T.);
#8528=ORIENTED_EDGE('',*,*,#8527,.T.);
#8529=ORIENTED_EDGE('',*,*,#8490,.T.);
#8530=EDGE_LOOP('',(#8514,#8522,#8528,#8529));
#8531=FACE_BOUND('',#8530,.T.);
#8532=ADVANCED_FACE('',(#8531),#8506,.T.);
#8533=CARTESIAN_POINT('',(-50.147328193,3.922603566,0.126562514));
#8534=DIRECTION('',(0.,0.992546152,-0.121869343));
#8535=DIRECTION('',(0.,0.121869343,0.992546152));
#8536=AXIS2_PLACEMENT_3D('',#8533,#8534,#8535);
#8537=PLANE('',#8536);
#8538=CARTESIAN_POINT('',(-51.915444101,3.873855829,-0.270455947));
#8539=VERTEX_POINT('',#8538);
#8540=CARTESIAN_POINT('',(-51.915444101,3.873855829,-0.270455947));
#8541=DIRECTION('',(1.,0.,-0.));
#8542=VECTOR('',#8541,3.536231816);
#8543=LINE('',#8540,#8542);
#8544=EDGE_CURVE('',#8539,#8508,#8543,.T.);
#8545=ORIENTED_EDGE('',*,*,#8544,.F.);
#8546=CARTESIAN_POINT('',(-51.915444101,3.922603566,0.126562514));
#8547=VERTEX_POINT('',#8546);
#8548=CARTESIAN_POINT('',(-51.915444101,3.922603566,0.126562514));
#8549=DIRECTION('',(0.,-0.121869343,-0.992546152));
#8550=VECTOR('',#8549,0.4);
#8551=LINE('',#8548,#8550);
#8552=EDGE_CURVE('',#8547,#8539,#8551,.T.);
#8553=ORIENTED_EDGE('',*,*,#8552,.F.);
#8554=CARTESIAN_POINT('',(-51.915444101,3.922603566,0.126562514));
#8555=DIRECTION('',(1.,0.,-0.));
#8556=VECTOR('',#8555,3.536231816);
#8557=LINE('',#8554,#8556);
#8558=EDGE_CURVE('',#8547,#8516,#8557,.T.);
#8559=ORIENTED_EDGE('',*,*,#8558,.T.);
#8560=ORIENTED_EDGE('',*,*,#8521,.T.);
#8561=EDGE_LOOP('',(#8545,#8553,#8559,#8560));
#8562=FACE_BOUND('',#8561,.T.);
#8563=ADVANCED_FACE('',(#8562),#8537,.T.);
#8564=CARTESIAN_POINT('',(-52.900951023,2.944438766,0.246666049));
#8565=CARTESIAN_POINT('',(-52.900951023,2.895691029,-0.150352411));
#8566=CARTESIAN_POINT('',(-52.900951023,3.596548633,0.166597026));
#8567=CARTESIAN_POINT('',(-52.900951023,3.547800895,-0.230421435));
#8568=CARTESIAN_POINT('',(-52.572447474,3.922603566,0.126562514));
#8569=CARTESIAN_POINT('',(-52.572447474,3.873855829,-0.270455947));
#8570=CARTESIAN_POINT('',(-51.915444101,3.922603566,0.126562514));
#8571=CARTESIAN_POINT('',(-51.915444101,3.873855829,-0.270455947));
#8572=B_SPLINE_SURFACE_WITH_KNOTS('',3,1,((#8564,#8565),(#8566,#8567),(#8568,#8569),(#8570,#8571)),.UNSPECIFIED.,.F.,.F.,.U.,(4,4),(2,2),(0.,1.),(0.,1.),.UNSPECIFIED.);
#8573=CARTESIAN_POINT('',(-52.900951023,2.895691029,-0.150352411));
#8574=CARTESIAN_POINT('',(-52.900951023,3.547800895,-0.230421435));
#8575=CARTESIAN_POINT('',(-52.572447474,3.873855829,-0.270455947));
#8576=CARTESIAN_POINT('',(-51.915444101,3.873855829,-0.270455947));
#8577=B_SPLINE_CURVE_WITH_KNOTS('',3,(#8573,#8574,#8575,#8576),.UNSPECIFIED.,.F.,.F.,(4,4),(0.,1.),.UNSPECIFIED.);
#8578=EDGE_CURVE('',#8402,#8539,#8577,.T.);
#8579=ORIENTED_EDGE('',*,*,#8578,.F.);
#8580=ORIENTED_EDGE('',*,*,#8429,.F.);
#8581=CARTESIAN_POINT('',(-52.900951023,2.944438766,0.246666049));
#8582=CARTESIAN_POINT('',(-52.900951023,3.596548633,0.166597026));
#8583=CARTESIAN_POINT('',(-52.572447474,3.922603566,0.126562514));
#8584=CARTESIAN_POINT('',(-51.915444101,3.922603566,0.126562514));
#8585=B_SPLINE_CURVE_WITH_KNOTS('',3,(#8581,#8582,#8583,#8584),.UNSPECIFIED.,.F.,.F.,(4,4),(0.,1.),.UNSPECIFIED.);
#8586=EDGE_CURVE('',#8418,#8547,#8585,.T.);
#8587=ORIENTED_EDGE('',*,*,#8586,.T.);
#8588=ORIENTED_EDGE('',*,*,#8552,.T.);
#8589=EDGE_LOOP('',(#8579,#8580,#8587,#8588));
#8590=FACE_BOUND('',#8589,.T.);
#8591=ADVANCED_FACE('',(#8590),#8572,.T.);
#8592=CARTESIAN_POINT('',(-53.458921278,-2.75910439,0.946973089));
#8593=DIRECTION('',(0.892350613,-0.447978626,0.055004859));
#8594=DIRECTION('',(0.448657855,0.893703602,-0.));
#8595=AXIS2_PLACEMENT_3D('',#8592,#8593,#8594);
#8596=PLANE('',#8595);
#8597=ORIENTED_EDGE('',*,*,#3160,.F.);
#8598=ORIENTED_EDGE('',*,*,#8144,.F.);
#8599=CARTESIAN_POINT('',(-52.50964653,-0.896281437,0.718247191));
#8600=DIRECTION('',(-0.451342868,-0.885699167,0.108750183));
#8601=VECTOR('',#8600,4.206446215);
#8602=LINE('',#8599,#8601);
#8603=EDGE_CURVE('',#8132,#8377,#8602,.T.);
#8604=ORIENTED_EDGE('',*,*,#8603,.T.);
#8605=ORIENTED_EDGE('',*,*,#8382,.T.);
#8606=EDGE_LOOP('',(#8597,#8598,#8604,#8605));
#8607=FACE_BOUND('',#8606,.T.);
#8608=ADVANCED_FACE('',(#8607),#8596,.T.);
#8609=CARTESIAN_POINT('',(-44.785006046,0.053111091,0.601676447));
#8610=DIRECTION('',(0.,-0.121869343,-0.992546152));
#8611=DIRECTION('',(-1.,0.,0.));
#8612=AXIS2_PLACEMENT_3D('',#8609,#8610,#8611);
#8613=PLANE('',#8612);
#8614=ORIENTED_EDGE('',*,*,#8423,.F.);
#8615=ORIENTED_EDGE('',*,*,#8465,.F.);
#8616=ORIENTED_EDGE('',*,*,#8496,.F.);
#8617=ORIENTED_EDGE('',*,*,#8527,.F.);
#8618=ORIENTED_EDGE('',*,*,#8558,.F.);
#8619=ORIENTED_EDGE('',*,*,#8586,.F.);
#8620=EDGE_LOOP('',(#8614,#8615,#8616,#8617,#8618,#8619));
#8621=FACE_BOUND('',#8620,.T.);
#8622=ORIENTED_EDGE('',*,*,#8138,.F.);
#8623=ORIENTED_EDGE('',*,*,#8167,.F.);
#8624=ORIENTED_EDGE('',*,*,#8196,.F.);
#8625=ORIENTED_EDGE('',*,*,#8220,.F.);
#8626=ORIENTED_EDGE('',*,*,#8244,.F.);
#8627=ORIENTED_EDGE('',*,*,#8268,.F.);
#8628=ORIENTED_EDGE('',*,*,#8292,.F.);
#8629=ORIENTED_EDGE('',*,*,#8316,.F.);
#8630=ORIENTED_EDGE('',*,*,#8340,.F.);
#8631=ORIENTED_EDGE('',*,*,#8364,.F.);
#8632=ORIENTED_EDGE('',*,*,#8388,.F.);
#8633=ORIENTED_EDGE('',*,*,#8603,.F.);
#8634=EDGE_LOOP('',(#8622,#8623,#8624,#8625,#8626,#8627,#8628,#8629,#8630,#8631,#8632,#8633));
#8635=FACE_BOUND('',#8634,.T.);
#8636=ADVANCED_FACE('',(#8621,#8635),#8613,.T.);
#8637=CARTESIAN_POINT('',(3.03500127,-1.443986758,0.382493018));
#8638=DIRECTION('',(0.,0.121869343,0.992546152));
#8639=DIRECTION('',(-1.,0.,0.));
#8640=AXIS2_PLACEMENT_3D('',#8637,#8638,#8639);
#8641=PLANE('',#8640);
#8642=ORIENTED_EDGE('',*,*,#8407,.T.);
#8643=ORIENTED_EDGE('',*,*,#8578,.T.);
#8644=ORIENTED_EDGE('',*,*,#8544,.T.);
#8645=ORIENTED_EDGE('',*,*,#8513,.T.);
#8646=ORIENTED_EDGE('',*,*,#8482,.T.);
#8647=ORIENTED_EDGE('',*,*,#8450,.T.);
#8648=EDGE_LOOP('',(#8642,#8643,#8644,#8645,#8646,#8647));
#8649=FACE_BOUND('',#8648,.T.);
#8650=ADVANCED_FACE('',(#8649),#8641,.F.);
#8651=CARTESIAN_POINT('',(-44.92993247,0.053111091,0.601676447));
#8652=DIRECTION('',(1.,0.,0.));
#8653=DIRECTION('',(0.,-0.,-1.));
#8654=AXIS2_PLACEMENT_3D('',#8651,#8652,#8653);
#8655=PLANE('',#8654);
#8656=ORIENTED_EDGE('',*,*,#3611,.F.);
#8657=CARTESIAN_POINT('',(-44.92993247,2.814977409,0.262561905));
#8658=VERTEX_POINT('',#8657);
#8659=CARTESIAN_POINT('',(-44.92993247,2.814977409,0.262561905));
#8660=DIRECTION('',(0.,-0.121869343,-0.992546152));
#8661=VECTOR('',#8660,0.4);
#8662=LINE('',#8659,#8661);
#8663=EDGE_CURVE('',#8658,#3604,#8662,.T.);
#8664=ORIENTED_EDGE('',*,*,#8663,.F.);
#8665=CARTESIAN_POINT('',(-44.92993247,-2.708755226,0.940790989));
#8666=VERTEX_POINT('',#8665);
#8667=CARTESIAN_POINT('',(-44.92993247,2.814977409,0.262561905));
#8668=DIRECTION('',(0.,-0.992546152,0.121869343));
#8669=VECTOR('',#8668,5.565214902);
#8670=LINE('',#8667,#8669);
#8671=EDGE_CURVE('',#8658,#8666,#8670,.T.);
#8672=ORIENTED_EDGE('',*,*,#8671,.T.);
#8673=CARTESIAN_POINT('',(-44.92993247,-2.708755226,0.940790989));
#8674=DIRECTION('',(0.,-0.121869343,-0.992546152));
#8675=VECTOR('',#8674,0.4);
#8676=LINE('',#8673,#8675);
#8677=EDGE_CURVE('',#8666,#3606,#8676,.T.);
#8678=ORIENTED_EDGE('',*,*,#8677,.T.);
#8679=EDGE_LOOP('',(#8656,#8664,#8672,#8678));
#8680=FACE_BOUND('',#8679,.T.);
#8681=ADVANCED_FACE('',(#8680),#8655,.T.);
#8682=CARTESIAN_POINT('',(-42.712542827,5.015842663,-0.007670368));
#8683=CARTESIAN_POINT('',(-42.712542827,4.967094926,-0.404688829));
#8684=CARTESIAN_POINT('',(-44.190805072,5.015842663,-0.007670368));
#8685=CARTESIAN_POINT('',(-44.190805072,4.967094926,-0.404688829));
#8686=CARTESIAN_POINT('',(-44.92993247,4.282220912,0.082407056));
#8687=CARTESIAN_POINT('',(-44.92993247,4.233473175,-0.314611404));
#8688=CARTESIAN_POINT('',(-44.92993247,2.814977409,0.262561905));
#8689=CARTESIAN_POINT('',(-44.92993247,2.766229672,-0.134456556));
#8690=B_SPLINE_SURFACE_WITH_KNOTS('',3,1,((#8682,#8683),(#8684,#8685),(#8686,#8687),(#8688,#8689)),.UNSPECIFIED.,.F.,.F.,.U.,(4,4),(2,2),(0.,1.),(0.,1.),.UNSPECIFIED.);
#8691=ORIENTED_EDGE('',*,*,#3669,.F.);
#8692=CARTESIAN_POINT('',(-42.712542827,5.015842663,-0.007670368));
#8693=VERTEX_POINT('',#8692);
#8694=CARTESIAN_POINT('',(-42.712542827,5.015842663,-0.007670368));
#8695=DIRECTION('',(0.,-0.121869343,-0.992546152));
#8696=VECTOR('',#8695,0.4);
#8697=LINE('',#8694,#8696);
#8698=EDGE_CURVE('',#8693,#3657,#8697,.T.);
#8699=ORIENTED_EDGE('',*,*,#8698,.F.);
#8700=CARTESIAN_POINT('',(-42.712542827,5.015842663,-0.007670368));
#8701=CARTESIAN_POINT('',(-44.190805072,5.015842663,-0.007670368));
#8702=CARTESIAN_POINT('',(-44.92993247,4.282220912,0.082407056));
#8703=CARTESIAN_POINT('',(-44.92993247,2.814977409,0.262561905));
#8704=B_SPLINE_CURVE_WITH_KNOTS('',3,(#8700,#8701,#8702,#8703),.UNSPECIFIED.,.F.,.F.,(4,4),(0.,1.),.UNSPECIFIED.);
#8705=EDGE_CURVE('',#8693,#8658,#8704,.T.);
#8706=ORIENTED_EDGE('',*,*,#8705,.T.);
#8707=ORIENTED_EDGE('',*,*,#8663,.T.);
#8708=EDGE_LOOP('',(#8691,#8699,#8706,#8707));
#8709=FACE_BOUND('',#8708,.T.);
#8710=ADVANCED_FACE('',(#8709),#8690,.T.);
#8711=CARTESIAN_POINT('',(-41.6690648,5.015842663,-0.007670368));
#8712=DIRECTION('',(0.,-0.992546152,0.121869343));
#8713=DIRECTION('',(0.,-0.121869343,-0.992546152));
#8714=AXIS2_PLACEMENT_3D('',#8711,#8712,#8713);
#8715=PLANE('',#8714);
#8716=ORIENTED_EDGE('',*,*,#3662,.F.);
#8717=CARTESIAN_POINT('',(-40.625586773,5.015842663,-0.007670368));
#8718=VERTEX_POINT('',#8717);
#8719=CARTESIAN_POINT('',(-40.625586773,5.015842663,-0.007670368));
#8720=DIRECTION('',(0.,-0.121869343,-0.992546152));
#8721=VECTOR('',#8720,0.4);
#8722=LINE('',#8719,#8721);
#8723=EDGE_CURVE('',#8718,#3648,#8722,.T.);
#8724=ORIENTED_EDGE('',*,*,#8723,.F.);
#8725=CARTESIAN_POINT('',(-40.625586773,5.015842663,-0.007670368));
#8726=DIRECTION('',(-1.,0.,0.));
#8727=VECTOR('',#8726,2.086956054);
#8728=LINE('',#8725,#8727);
#8729=EDGE_CURVE('',#8718,#8693,#8728,.T.);
#8730=ORIENTED_EDGE('',*,*,#8729,.T.);
#8731=ORIENTED_EDGE('',*,*,#8698,.T.);
#8732=EDGE_LOOP('',(#8716,#8724,#8730,#8731));
#8733=FACE_BOUND('',#8732,.T.);
#8734=ADVANCED_FACE('',(#8733),#8715,.T.);
#8735=CARTESIAN_POINT('',(-38.408195267,2.814977409,0.262561905));
#8736=CARTESIAN_POINT('',(-38.408195267,2.766229672,-0.134456556));
#8737=CARTESIAN_POINT('',(-38.408193404,4.282220912,0.082407056));
#8738=CARTESIAN_POINT('',(-38.408193404,4.233473175,-0.314611404));
#8739=CARTESIAN_POINT('',(-39.14732639,5.015842663,-0.007670368));
#8740=CARTESIAN_POINT('',(-39.14732639,4.967094926,-0.404688829));
#8741=CARTESIAN_POINT('',(-40.625586773,5.015842663,-0.007670368));
#8742=CARTESIAN_POINT('',(-40.625586773,4.967094926,-0.404688829));
#8743=B_SPLINE_SURFACE_WITH_KNOTS('',3,1,((#8735,#8736),(#8737,#8738),(#8739,#8740),(#8741,#8742)),.UNSPECIFIED.,.F.,.F.,.U.,(4,4),(2,2),(0.,1.),(0.,1.),.UNSPECIFIED.);
#8744=ORIENTED_EDGE('',*,*,#3654,.F.);
#8745=CARTESIAN_POINT('',(-38.408195267,2.814977409,0.262561905));
#8746=VERTEX_POINT('',#8745);
#8747=CARTESIAN_POINT('',(-38.408195267,2.814977409,0.262561905));
#8748=DIRECTION('',(0.,-0.121869343,-0.992546152));
#8749=VECTOR('',#8748,0.4);
#8750=LINE('',#8747,#8749);
#8751=EDGE_CURVE('',#8746,#3640,#8750,.T.);
#8752=ORIENTED_EDGE('',*,*,#8751,.F.);
#8753=CARTESIAN_POINT('',(-38.408195267,2.814977409,0.262561905));
#8754=CARTESIAN_POINT('',(-38.408193404,4.282220912,0.082407056));
#8755=CARTESIAN_POINT('',(-39.14732639,5.015842663,-0.007670368));
#8756=CARTESIAN_POINT('',(-40.625586773,5.015842663,-0.007670368));
#8757=B_SPLINE_CURVE_WITH_KNOTS('',3,(#8753,#8754,#8755,#8756),.UNSPECIFIED.,.F.,.F.,(4,4),(0.,1.),.UNSPECIFIED.);
#8758=EDGE_CURVE('',#8746,#8718,#8757,.T.);
#8759=ORIENTED_EDGE('',*,*,#8758,.T.);
#8760=ORIENTED_EDGE('',*,*,#8723,.T.);
#8761=EDGE_LOOP('',(#8744,#8752,#8759,#8760));
#8762=FACE_BOUND('',#8761,.T.);
#8763=ADVANCED_FACE('',(#8762),#8743,.T.);
#8764=CARTESIAN_POINT('',(-38.408195267,0.053111091,0.601676447));
#8765=DIRECTION('',(-1.,0.,0.));
#8766=DIRECTION('',(0.,0.,1.));
#8767=AXIS2_PLACEMENT_3D('',#8764,#8765,#8766);
#8768=PLANE('',#8767);
#8769=ORIENTED_EDGE('',*,*,#3645,.F.);
#8770=CARTESIAN_POINT('',(-38.408195267,-2.708755226,0.940790989));
#8771=VERTEX_POINT('',#8770);
#8772=CARTESIAN_POINT('',(-38.408195267,-2.708755226,0.940790989));
#8773=DIRECTION('',(0.,-0.121869343,-0.992546152));
#8774=VECTOR('',#8773,0.4);
#8775=LINE('',#8772,#8774);
#8776=EDGE_CURVE('',#8771,#3631,#8775,.T.);
#8777=ORIENTED_EDGE('',*,*,#8776,.F.);
#8778=CARTESIAN_POINT('',(-38.408195267,-2.708755226,0.940790989));
#8779=DIRECTION('',(0.,0.992546152,-0.121869343));
#8780=VECTOR('',#8779,5.565214902);
#8781=LINE('',#8778,#8780);
#8782=EDGE_CURVE('',#8771,#8746,#8781,.T.);
#8783=ORIENTED_EDGE('',*,*,#8782,.T.);
#8784=ORIENTED_EDGE('',*,*,#8751,.T.);
#8785=EDGE_LOOP('',(#8769,#8777,#8783,#8784));
#8786=FACE_BOUND('',#8785,.T.);
#8787=ADVANCED_FACE('',(#8786),#8768,.T.);
#8788=CARTESIAN_POINT('',(-40.625586773,-4.90962048,1.211023262));
#8789=CARTESIAN_POINT('',(-40.625586773,-4.958368218,0.814004801));
#8790=CARTESIAN_POINT('',(-39.14732639,-4.90962048,1.211023262));
#8791=CARTESIAN_POINT('',(-39.14732639,-4.958368218,0.814004801));
#8792=CARTESIAN_POINT('',(-38.408193404,-4.175998729,1.120945837));
#8793=CARTESIAN_POINT('',(-38.408193404,-4.224746466,0.723927377));
#8794=CARTESIAN_POINT('',(-38.408195267,-2.708755226,0.940790989));
#8795=CARTESIAN_POINT('',(-38.408195267,-2.757502963,0.543772528));
#8796=B_SPLINE_SURFACE_WITH_KNOTS('',3,1,((#8788,#8789),(#8790,#8791),(#8792,#8793),(#8794,#8795)),.UNSPECIFIED.,.F.,.F.,.U.,(4,4),(2,2),(0.,1.),(0.,1.),.UNSPECIFIED.);
#8797=ORIENTED_EDGE('',*,*,#3637,.F.);
#8798=CARTESIAN_POINT('',(-40.625586773,-4.90962048,1.211023262));
#8799=VERTEX_POINT('',#8798);
#8800=CARTESIAN_POINT('',(-40.625586773,-4.90962048,1.211023262));
#8801=DIRECTION('',(0.,-0.121869343,-0.992546152));
#8802=VECTOR('',#8801,0.4);
#8803=LINE('',#8800,#8802);
#8804=EDGE_CURVE('',#8799,#3623,#8803,.T.);
#8805=ORIENTED_EDGE('',*,*,#8804,.F.);
#8806=CARTESIAN_POINT('',(-40.625586773,-4.90962048,1.211023262));
#8807=CARTESIAN_POINT('',(-39.14732639,-4.90962048,1.211023262));
#8808=CARTESIAN_POINT('',(-38.408193404,-4.175998729,1.120945837));
#8809=CARTESIAN_POINT('',(-38.408195267,-2.708755226,0.940790989));
#8810=B_SPLINE_CURVE_WITH_KNOTS('',3,(#8806,#8807,#8808,#8809),.UNSPECIFIED.,.F.,.F.,(4,4),(0.,1.),.UNSPECIFIED.);
#8811=EDGE_CURVE('',#8799,#8771,#8810,.T.);
#8812=ORIENTED_EDGE('',*,*,#8811,.T.);
#8813=ORIENTED_EDGE('',*,*,#8776,.T.);
#8814=EDGE_LOOP('',(#8797,#8805,#8812,#8813));
#8815=FACE_BOUND('',#8814,.T.);
#8816=ADVANCED_FACE('',(#8815),#8796,.T.);
#8817=CARTESIAN_POINT('',(-41.6690648,-4.90962048,1.211023262));
#8818=DIRECTION('',(0.,0.992546152,-0.121869343));
#8819=DIRECTION('',(0.,0.121869343,0.992546152));
#8820=AXIS2_PLACEMENT_3D('',#8817,#8818,#8819);
#8821=PLANE('',#8820);
#8822=ORIENTED_EDGE('',*,*,#3628,.F.);
#8823=CARTESIAN_POINT('',(-42.712542827,-4.90962048,1.211023262));
#8824=VERTEX_POINT('',#8823);
#8825=CARTESIAN_POINT('',(-42.712542827,-4.90962048,1.211023262));
#8826=DIRECTION('',(0.,-0.121869343,-0.992546152));
#8827=VECTOR('',#8826,0.4);
#8828=LINE('',#8825,#8827);
#8829=EDGE_CURVE('',#8824,#3614,#8828,.T.);
#8830=ORIENTED_EDGE('',*,*,#8829,.F.);
#8831=CARTESIAN_POINT('',(-42.712542827,-4.90962048,1.211023262));
#8832=DIRECTION('',(1.,0.,-0.));
#8833=VECTOR('',#8832,2.086956054);
#8834=LINE('',#8831,#8833);
#8835=EDGE_CURVE('',#8824,#8799,#8834,.T.);
#8836=ORIENTED_EDGE('',*,*,#8835,.T.);
#8837=ORIENTED_EDGE('',*,*,#8804,.T.);
#8838=EDGE_LOOP('',(#8822,#8830,#8836,#8837));
#8839=FACE_BOUND('',#8838,.T.);
#8840=ADVANCED_FACE('',(#8839),#8821,.T.);
#8841=CARTESIAN_POINT('',(-43.712544853,0.053109243,0.601676674));
#8842=DIRECTION('',(-1.,0.,0.));
#8843=DIRECTION('',(0.,0.,1.));
#8844=AXIS2_PLACEMENT_3D('',#8841,#8842,#8843);
#8845=PLANE('',#8844);
#8846=CARTESIAN_POINT('',(-43.712544853,-2.886968018,0.559668838));
#8847=VERTEX_POINT('',#8846);
#8848=CARTESIAN_POINT('',(-43.712544853,2.895691029,-0.150352411));
#8849=VERTEX_POINT('',#8848);
#8850=CARTESIAN_POINT('',(-43.712544853,-2.886968018,0.559668838));
#8851=DIRECTION('',(0.,0.992546152,-0.121869343));
#8852=VECTOR('',#8851,5.826085806);
#8853=LINE('',#8850,#8852);
#8854=EDGE_CURVE('',#8847,#8849,#8853,.T.);
#8855=ORIENTED_EDGE('',*,*,#8854,.F.);
#8856=CARTESIAN_POINT('',(-43.712544853,-2.83822028,0.956687298));
#8857=VERTEX_POINT('',#8856);
#8858=CARTESIAN_POINT('',(-43.712544853,-2.83822028,0.956687298));
#8859=DIRECTION('',(0.,-0.121869343,-0.992546152));
#8860=VECTOR('',#8859,0.4);
#8861=LINE('',#8858,#8860);
#8862=EDGE_CURVE('',#8857,#8847,#8861,.T.);
#8863=ORIENTED_EDGE('',*,*,#8862,.F.);
#8864=CARTESIAN_POINT('',(-43.712544853,2.944438766,0.246666049));
#8865=VERTEX_POINT('',#8864);
#8866=CARTESIAN_POINT('',(-43.712544853,-2.83822028,0.956687298));
#8867=DIRECTION('',(0.,0.992546152,-0.121869343));
#8868=VECTOR('',#8867,5.826085806);
#8869=LINE('',#8866,#8868);
#8870=EDGE_CURVE('',#8857,#8865,#8869,.T.);
#8871=ORIENTED_EDGE('',*,*,#8870,.T.);
#8872=CARTESIAN_POINT('',(-43.712544853,2.944438766,0.246666049));
#8873=DIRECTION('',(0.,-0.121869343,-0.992546152));
#8874=VECTOR('',#8873,0.4);
#8875=LINE('',#8872,#8874);
#8876=EDGE_CURVE('',#8865,#8849,#8875,.T.);
#8877=ORIENTED_EDGE('',*,*,#8876,.T.);
#8878=EDGE_LOOP('',(#8855,#8863,#8871,#8877));
#8879=FACE_BOUND('',#8878,.T.);
#8880=ADVANCED_FACE('',(#8879),#8845,.T.);
#8881=CARTESIAN_POINT('',(-42.727034206,-3.816381383,1.07679038));
#8882=CARTESIAN_POINT('',(-42.727034206,-3.86512912,0.679771919));
#8883=CARTESIAN_POINT('',(-43.384041304,-3.816381383,1.07679038));
#8884=CARTESIAN_POINT('',(-43.384041304,-3.86512912,0.679771919));
#8885=CARTESIAN_POINT('',(-43.712544853,-3.49032645,1.036755868));
#8886=CARTESIAN_POINT('',(-43.712544853,-3.539074187,0.639737407));
#8887=CARTESIAN_POINT('',(-43.712544853,-2.83822028,0.956687298));
#8888=CARTESIAN_POINT('',(-43.712544853,-2.886968018,0.559668838));
#8889=B_SPLINE_SURFACE_WITH_KNOTS('',3,1,((#8881,#8882),(#8883,#8884),(#8885,#8886),(#8887,#8888)),.UNSPECIFIED.,.F.,.F.,.U.,(4,4),(2,2),(0.,1.),(0.,1.),.UNSPECIFIED.);
#8890=CARTESIAN_POINT('',(-42.727034206,-3.86512912,0.679771919));
#8891=VERTEX_POINT('',#8890);
#8892=CARTESIAN_POINT('',(-42.727034206,-3.86512912,0.679771919));
#8893=CARTESIAN_POINT('',(-43.384041304,-3.86512912,0.679771919));
#8894=CARTESIAN_POINT('',(-43.712544853,-3.539074187,0.639737407));
#8895=CARTESIAN_POINT('',(-43.712544853,-2.886968018,0.559668838));
#8896=B_SPLINE_CURVE_WITH_KNOTS('',3,(#8892,#8893,#8894,#8895),.UNSPECIFIED.,.F.,.F.,(4,4),(0.,1.),.UNSPECIFIED.);
#8897=EDGE_CURVE('',#8891,#8847,#8896,.T.);
#8898=ORIENTED_EDGE('',*,*,#8897,.F.);
#8899=CARTESIAN_POINT('',(-42.727034206,-3.816381383,1.07679038));
#8900=VERTEX_POINT('',#8899);
#8901=CARTESIAN_POINT('',(-42.727034206,-3.816381383,1.07679038));
#8902=DIRECTION('',(0.,-0.121869343,-0.992546152));
#8903=VECTOR('',#8902,0.4);
#8904=LINE('',#8901,#8903);
#8905=EDGE_CURVE('',#8900,#8891,#8904,.T.);
#8906=ORIENTED_EDGE('',*,*,#8905,.F.);
#8907=CARTESIAN_POINT('',(-42.727034206,-3.816381383,1.07679038));
#8908=CARTESIAN_POINT('',(-43.384041304,-3.816381383,1.07679038));
#8909=CARTESIAN_POINT('',(-43.712544853,-3.49032645,1.036755868));
#8910=CARTESIAN_POINT('',(-43.712544853,-2.83822028,0.956687298));
#8911=B_SPLINE_CURVE_WITH_KNOTS('',3,(#8907,#8908,#8909,#8910),.UNSPECIFIED.,.F.,.F.,(4,4),(0.,1.),.UNSPECIFIED.);
#8912=EDGE_CURVE('',#8900,#8857,#8911,.T.);
#8913=ORIENTED_EDGE('',*,*,#8912,.T.);
#8914=ORIENTED_EDGE('',*,*,#8862,.T.);
#8915=EDGE_LOOP('',(#8898,#8906,#8913,#8914));
#8916=FACE_BOUND('',#8915,.T.);
#8917=ADVANCED_FACE('',(#8916),#8889,.T.);
#8918=CARTESIAN_POINT('',(-41.6690648,-3.816381383,1.07679038));
#8919=DIRECTION('',(0.,-0.992546152,0.121869343));
#8920=DIRECTION('',(0.,-0.121869343,-0.992546152));
#8921=AXIS2_PLACEMENT_3D('',#8918,#8919,#8920);
#8922=PLANE('',#8921);
#8923=CARTESIAN_POINT('',(-40.611095394,-3.86512912,0.679771919));
#8924=VERTEX_POINT('',#8923);
#8925=CARTESIAN_POINT('',(-40.611095394,-3.86512912,0.679771919));
#8926=DIRECTION('',(-1.,0.,0.));
#8927=VECTOR('',#8926,2.115938812);
#8928=LINE('',#8925,#8927);
#8929=EDGE_CURVE('',#8924,#8891,#8928,.T.);
#8930=ORIENTED_EDGE('',*,*,#8929,.F.);
#8931=CARTESIAN_POINT('',(-40.611095394,-3.816381383,1.07679038));
#8932=VERTEX_POINT('',#8931);
#8933=CARTESIAN_POINT('',(-40.611095394,-3.816381383,1.07679038));
#8934=DIRECTION('',(0.,-0.121869343,-0.992546152));
#8935=VECTOR('',#8934,0.4);
#8936=LINE('',#8933,#8935);
#8937=EDGE_CURVE('',#8932,#8924,#8936,.T.);
#8938=ORIENTED_EDGE('',*,*,#8937,.F.);
#8939=CARTESIAN_POINT('',(-40.611095394,-3.816381383,1.07679038));
#8940=DIRECTION('',(-1.,0.,0.));
#8941=VECTOR('',#8940,2.115938812);
#8942=LINE('',#8939,#8941);
#8943=EDGE_CURVE('',#8932,#8900,#8942,.T.);
#8944=ORIENTED_EDGE('',*,*,#8943,.T.);
#8945=ORIENTED_EDGE('',*,*,#8905,.T.);
#8946=EDGE_LOOP('',(#8930,#8938,#8944,#8945));
#8947=FACE_BOUND('',#8946,.T.);
#8948=ADVANCED_FACE('',(#8947),#8922,.T.);
#8949=CARTESIAN_POINT('',(-39.625586609,-2.83822028,0.956687298));
#8950=CARTESIAN_POINT('',(-39.625586609,-2.886968018,0.559668838));
#8951=CARTESIAN_POINT('',(-39.625586609,-3.49032645,1.036755868));
#8952=CARTESIAN_POINT('',(-39.625586609,-3.539074187,0.639737407));
#8953=CARTESIAN_POINT('',(-39.954090158,-3.816381383,1.07679038));
#8954=CARTESIAN_POINT('',(-39.954090158,-3.86512912,0.679771919));
#8955=CARTESIAN_POINT('',(-40.611095394,-3.816381383,1.07679038));
#8956=CARTESIAN_POINT('',(-40.611095394,-3.86512912,0.679771919));
#8957=B_SPLINE_SURFACE_WITH_KNOTS('',3,1,((#8949,#8950),(#8951,#8952),(#8953,#8954),(#8955,#8956)),.UNSPECIFIED.,.F.,.F.,.U.,(4,4),(2,2),(0.,1.),(0.,1.),.UNSPECIFIED.);
#8958=CARTESIAN_POINT('',(-39.625586609,-2.886968018,0.559668838));
#8959=VERTEX_POINT('',#8958);
#8960=CARTESIAN_POINT('',(-39.625586609,-2.886968018,0.559668838));
#8961=CARTESIAN_POINT('',(-39.625586609,-3.539074187,0.639737407));
#8962=CARTESIAN_POINT('',(-39.954090158,-3.86512912,0.679771919));
#8963=CARTESIAN_POINT('',(-40.611095394,-3.86512912,0.679771919));
#8964=B_SPLINE_CURVE_WITH_KNOTS('',3,(#8960,#8961,#8962,#8963),.UNSPECIFIED.,.F.,.F.,(4,4),(0.,1.),.UNSPECIFIED.);
#8965=EDGE_CURVE('',#8959,#8924,#8964,.T.);
#8966=ORIENTED_EDGE('',*,*,#8965,.F.);
#8967=CARTESIAN_POINT('',(-39.625586609,-2.83822028,0.956687298));
#8968=VERTEX_POINT('',#8967);
#8969=CARTESIAN_POINT('',(-39.625586609,-2.83822028,0.956687298));
#8970=DIRECTION('',(0.,-0.121869343,-0.992546152));
#8971=VECTOR('',#8970,0.4);
#8972=LINE('',#8969,#8971);
#8973=EDGE_CURVE('',#8968,#8959,#8972,.T.);
#8974=ORIENTED_EDGE('',*,*,#8973,.F.);
#8975=CARTESIAN_POINT('',(-39.625586609,-2.83822028,0.956687298));
#8976=CARTESIAN_POINT('',(-39.625586609,-3.49032645,1.036755868));
#8977=CARTESIAN_POINT('',(-39.954090158,-3.816381383,1.07679038));
#8978=CARTESIAN_POINT('',(-40.611095394,-3.816381383,1.07679038));
#8979=B_SPLINE_CURVE_WITH_KNOTS('',3,(#8975,#8976,#8977,#8978),.UNSPECIFIED.,.F.,.F.,(4,4),(0.,1.),.UNSPECIFIED.);
#8980=EDGE_CURVE('',#8968,#8932,#8979,.T.);
#8981=ORIENTED_EDGE('',*,*,#8980,.T.);
#8982=ORIENTED_EDGE('',*,*,#8937,.T.);
#8983=EDGE_LOOP('',(#8966,#8974,#8981,#8982));
#8984=FACE_BOUND('',#8983,.T.);
#8985=ADVANCED_FACE('',(#8984),#8957,.T.);
#8986=CARTESIAN_POINT('',(-39.625586609,0.053109243,0.601676674));
#8987=DIRECTION('',(1.,0.,0.));
#8988=DIRECTION('',(0.,-0.,-1.));
#8989=AXIS2_PLACEMENT_3D('',#8986,#8987,#8988);
#8990=PLANE('',#8989);
#8991=CARTESIAN_POINT('',(-39.625586609,2.895691029,-0.150352411));
#8992=VERTEX_POINT('',#8991);
#8993=CARTESIAN_POINT('',(-39.625586609,2.895691029,-0.150352411));
#8994=DIRECTION('',(0.,-0.992546152,0.121869343));
#8995=VECTOR('',#8994,5.826085806);
#8996=LINE('',#8993,#8995);
#8997=EDGE_CURVE('',#8992,#8959,#8996,.T.);
#8998=ORIENTED_EDGE('',*,*,#8997,.F.);
#8999=CARTESIAN_POINT('',(-39.625586609,2.944438766,0.246666049));
#9000=VERTEX_POINT('',#8999);
#9001=CARTESIAN_POINT('',(-39.625586609,2.944438766,0.246666049));
#9002=DIRECTION('',(0.,-0.121869343,-0.992546152));
#9003=VECTOR('',#9002,0.4);
#9004=LINE('',#9001,#9003);
#9005=EDGE_CURVE('',#9000,#8992,#9004,.T.);
#9006=ORIENTED_EDGE('',*,*,#9005,.F.);
#9007=CARTESIAN_POINT('',(-39.625586609,2.944438766,0.246666049));
#9008=DIRECTION('',(0.,-0.992546152,0.121869343));
#9009=VECTOR('',#9008,5.826085806);
#9010=LINE('',#9007,#9009);
#9011=EDGE_CURVE('',#9000,#8968,#9010,.T.);
#9012=ORIENTED_EDGE('',*,*,#9011,.T.);
#9013=ORIENTED_EDGE('',*,*,#8973,.T.);
#9014=EDGE_LOOP('',(#8998,#9006,#9012,#9013));
#9015=FACE_BOUND('',#9014,.T.);
#9016=ADVANCED_FACE('',(#9015),#8990,.T.);
#9017=CARTESIAN_POINT('',(-40.611095394,3.922603566,0.126562514));
#9018=CARTESIAN_POINT('',(-40.611095394,3.873855829,-0.270455947));
#9019=CARTESIAN_POINT('',(-39.954090158,3.922603566,0.126562514));
#9020=CARTESIAN_POINT('',(-39.954090158,3.873855829,-0.270455947));
#9021=CARTESIAN_POINT('',(-39.625586609,3.596548633,0.166597026));
#9022=CARTESIAN_POINT('',(-39.625586609,3.547800895,-0.230421435));
#9023=CARTESIAN_POINT('',(-39.625586609,2.944438766,0.246666049));
#9024=CARTESIAN_POINT('',(-39.625586609,2.895691029,-0.150352411));
#9025=B_SPLINE_SURFACE_WITH_KNOTS('',3,1,((#9017,#9018),(#9019,#9020),(#9021,#9022),(#9023,#9024)),.UNSPECIFIED.,.F.,.F.,.U.,(4,4),(2,2),(0.,1.),(0.,1.),.UNSPECIFIED.);
#9026=CARTESIAN_POINT('',(-40.611095394,3.873855829,-0.270455947));
#9027=VERTEX_POINT('',#9026);
#9028=CARTESIAN_POINT('',(-40.611095394,3.873855829,-0.270455947));
#9029=CARTESIAN_POINT('',(-39.954090158,3.873855829,-0.270455947));
#9030=CARTESIAN_POINT('',(-39.625586609,3.547800895,-0.230421435));
#9031=CARTESIAN_POINT('',(-39.625586609,2.895691029,-0.150352411));
#9032=B_SPLINE_CURVE_WITH_KNOTS('',3,(#9028,#9029,#9030,#9031),.UNSPECIFIED.,.F.,.F.,(4,4),(0.,1.),.UNSPECIFIED.);
#9033=EDGE_CURVE('',#9027,#8992,#9032,.T.);
#9034=ORIENTED_EDGE('',*,*,#9033,.F.);
#9035=CARTESIAN_POINT('',(-40.611095394,3.922603566,0.126562514));
#9036=VERTEX_POINT('',#9035);
#9037=CARTESIAN_POINT('',(-40.611095394,3.922603566,0.126562514));
#9038=DIRECTION('',(0.,-0.121869343,-0.992546152));
#9039=VECTOR('',#9038,0.4);
#9040=LINE('',#9037,#9039);
#9041=EDGE_CURVE('',#9036,#9027,#9040,.T.);
#9042=ORIENTED_EDGE('',*,*,#9041,.F.);
#9043=CARTESIAN_POINT('',(-40.611095394,3.922603566,0.126562514));
#9044=CARTESIAN_POINT('',(-39.954090158,3.922603566,0.126562514));
#9045=CARTESIAN_POINT('',(-39.625586609,3.596548633,0.166597026));
#9046=CARTESIAN_POINT('',(-39.625586609,2.944438766,0.246666049));
#9047=B_SPLINE_CURVE_WITH_KNOTS('',3,(#9043,#9044,#9045,#9046),.UNSPECIFIED.,.F.,.F.,(4,4),(0.,1.),.UNSPECIFIED.);
#9048=EDGE_CURVE('',#9036,#9000,#9047,.T.);
#9049=ORIENTED_EDGE('',*,*,#9048,.T.);
#9050=ORIENTED_EDGE('',*,*,#9005,.T.);
#9051=EDGE_LOOP('',(#9034,#9042,#9049,#9050));
#9052=FACE_BOUND('',#9051,.T.);
#9053=ADVANCED_FACE('',(#9052),#9025,.T.);
#9054=CARTESIAN_POINT('',(-41.6690648,3.922603566,0.126562514));
#9055=DIRECTION('',(0.,0.992546152,-0.121869343));
#9056=DIRECTION('',(0.,0.121869343,0.992546152));
#9057=AXIS2_PLACEMENT_3D('',#9054,#9055,#9056);
#9058=PLANE('',#9057);
#9059=CARTESIAN_POINT('',(-42.727034206,3.873855829,-0.270455947));
#9060=VERTEX_POINT('',#9059);
#9061=CARTESIAN_POINT('',(-42.727034206,3.873855829,-0.270455947));
#9062=DIRECTION('',(1.,0.,-0.));
#9063=VECTOR('',#9062,2.115938812);
#9064=LINE('',#9061,#9063);
#9065=EDGE_CURVE('',#9060,#9027,#9064,.T.);
#9066=ORIENTED_EDGE('',*,*,#9065,.F.);
#9067=CARTESIAN_POINT('',(-42.727034206,3.922603566,0.126562514));
#9068=VERTEX_POINT('',#9067);
#9069=CARTESIAN_POINT('',(-42.727034206,3.922603566,0.126562514));
#9070=DIRECTION('',(0.,-0.121869343,-0.992546152));
#9071=VECTOR('',#9070,0.4);
#9072=LINE('',#9069,#9071);
#9073=EDGE_CURVE('',#9068,#9060,#9072,.T.);
#9074=ORIENTED_EDGE('',*,*,#9073,.F.);
#9075=CARTESIAN_POINT('',(-42.727034206,3.922603566,0.126562514));
#9076=DIRECTION('',(1.,0.,-0.));
#9077=VECTOR('',#9076,2.115938812);
#9078=LINE('',#9075,#9077);
#9079=EDGE_CURVE('',#9068,#9036,#9078,.T.);
#9080=ORIENTED_EDGE('',*,*,#9079,.T.);
#9081=ORIENTED_EDGE('',*,*,#9041,.T.);
#9082=EDGE_LOOP('',(#9066,#9074,#9080,#9081));
#9083=FACE_BOUND('',#9082,.T.);
#9084=ADVANCED_FACE('',(#9083),#9058,.T.);
#9085=CARTESIAN_POINT('',(-43.712544853,2.944438766,0.246666049));
#9086=CARTESIAN_POINT('',(-43.712544853,2.895691029,-0.150352411));
#9087=CARTESIAN_POINT('',(-43.712544853,3.596548633,0.166597026));
#9088=CARTESIAN_POINT('',(-43.712544853,3.547800895,-0.230421435));
#9089=CARTESIAN_POINT('',(-43.384041304,3.922603566,0.126562514));
#9090=CARTESIAN_POINT('',(-43.384041304,3.873855829,-0.270455947));
#9091=CARTESIAN_POINT('',(-42.727034206,3.922603566,0.126562514));
#9092=CARTESIAN_POINT('',(-42.727034206,3.873855829,-0.270455947));
#9093=B_SPLINE_SURFACE_WITH_KNOTS('',3,1,((#9085,#9086),(#9087,#9088),(#9089,#9090),(#9091,#9092)),.UNSPECIFIED.,.F.,.F.,.U.,(4,4),(2,2),(0.,1.),(0.,1.),.UNSPECIFIED.);
#9094=CARTESIAN_POINT('',(-43.712544853,2.895691029,-0.150352411));
#9095=CARTESIAN_POINT('',(-43.712544853,3.547800895,-0.230421435));
#9096=CARTESIAN_POINT('',(-43.384041304,3.873855829,-0.270455947));
#9097=CARTESIAN_POINT('',(-42.727034206,3.873855829,-0.270455947));
#9098=B_SPLINE_CURVE_WITH_KNOTS('',3,(#9094,#9095,#9096,#9097),.UNSPECIFIED.,.F.,.F.,(4,4),(0.,1.),.UNSPECIFIED.);
#9099=EDGE_CURVE('',#8849,#9060,#9098,.T.);
#9100=ORIENTED_EDGE('',*,*,#9099,.F.);
#9101=ORIENTED_EDGE('',*,*,#8876,.F.);
#9102=CARTESIAN_POINT('',(-43.712544853,2.944438766,0.246666049));
#9103=CARTESIAN_POINT('',(-43.712544853,3.596548633,0.166597026));
#9104=CARTESIAN_POINT('',(-43.384041304,3.922603566,0.126562514));
#9105=CARTESIAN_POINT('',(-42.727034206,3.922603566,0.126562514));
#9106=B_SPLINE_CURVE_WITH_KNOTS('',3,(#9102,#9103,#9104,#9105),.UNSPECIFIED.,.F.,.F.,(4,4),(0.,1.),.UNSPECIFIED.);
#9107=EDGE_CURVE('',#8865,#9068,#9106,.T.);
#9108=ORIENTED_EDGE('',*,*,#9107,.T.);
#9109=ORIENTED_EDGE('',*,*,#9073,.T.);
#9110=EDGE_LOOP('',(#9100,#9101,#9108,#9109));
#9111=FACE_BOUND('',#9110,.T.);
#9112=ADVANCED_FACE('',(#9111),#9093,.T.);
#9113=CARTESIAN_POINT('',(-44.92993247,-2.708755226,0.940790989));
#9114=CARTESIAN_POINT('',(-44.92993247,-2.757502963,0.543772528));
#9115=CARTESIAN_POINT('',(-44.92993247,-4.175998729,1.120945837));
#9116=CARTESIAN_POINT('',(-44.92993247,-4.224746466,0.723927377));
#9117=CARTESIAN_POINT('',(-44.190805072,-4.90962048,1.211023262));
#9118=CARTESIAN_POINT('',(-44.190805072,-4.958368218,0.814004801));
#9119=CARTESIAN_POINT('',(-42.712542827,-4.90962048,1.211023262));
#9120=CARTESIAN_POINT('',(-42.712542827,-4.958368218,0.814004801));
#9121=B_SPLINE_SURFACE_WITH_KNOTS('',3,1,((#9113,#9114),(#9115,#9116),(#9117,#9118),(#9119,#9120)),.UNSPECIFIED.,.F.,.F.,.U.,(4,4),(2,2),(0.,1.),(0.,1.),.UNSPECIFIED.);
#9122=ORIENTED_EDGE('',*,*,#3620,.F.);
#9123=ORIENTED_EDGE('',*,*,#8677,.F.);
#9124=CARTESIAN_POINT('',(-44.92993247,-2.708755226,0.940790989));
#9125=CARTESIAN_POINT('',(-44.92993247,-4.175998729,1.120945837));
#9126=CARTESIAN_POINT('',(-44.190805072,-4.90962048,1.211023262));
#9127=CARTESIAN_POINT('',(-42.712542827,-4.90962048,1.211023262));
#9128=B_SPLINE_CURVE_WITH_KNOTS('',3,(#9124,#9125,#9126,#9127),.UNSPECIFIED.,.F.,.F.,(4,4),(0.,1.),.UNSPECIFIED.);
#9129=EDGE_CURVE('',#8666,#8824,#9128,.T.);
#9130=ORIENTED_EDGE('',*,*,#9129,.T.);
#9131=ORIENTED_EDGE('',*,*,#8829,.T.);
#9132=EDGE_LOOP('',(#9122,#9123,#9130,#9131));
#9133=FACE_BOUND('',#9132,.T.);
#9134=ADVANCED_FACE('',(#9133),#9121,.T.);
#9135=CARTESIAN_POINT('',(-44.785006046,0.053111091,0.601676447));
#9136=DIRECTION('',(0.,-0.121869343,-0.992546152));
#9137=DIRECTION('',(-1.,0.,0.));
#9138=AXIS2_PLACEMENT_3D('',#9135,#9136,#9137);
#9139=PLANE('',#9138);
#9140=ORIENTED_EDGE('',*,*,#8870,.F.);
#9141=ORIENTED_EDGE('',*,*,#8912,.F.);
#9142=ORIENTED_EDGE('',*,*,#8943,.F.);
#9143=ORIENTED_EDGE('',*,*,#8980,.F.);
#9144=ORIENTED_EDGE('',*,*,#9011,.F.);
#9145=ORIENTED_EDGE('',*,*,#9048,.F.);
#9146=ORIENTED_EDGE('',*,*,#9079,.F.);
#9147=ORIENTED_EDGE('',*,*,#9107,.F.);
#9148=EDGE_LOOP('',(#9140,#9141,#9142,#9143,#9144,#9145,#9146,#9147));
#9149=FACE_BOUND('',#9148,.T.);
#9150=ORIENTED_EDGE('',*,*,#8671,.F.);
#9151=ORIENTED_EDGE('',*,*,#8705,.F.);
#9152=ORIENTED_EDGE('',*,*,#8729,.F.);
#9153=ORIENTED_EDGE('',*,*,#8758,.F.);
#9154=ORIENTED_EDGE('',*,*,#8782,.F.);
#9155=ORIENTED_EDGE('',*,*,#8811,.F.);
#9156=ORIENTED_EDGE('',*,*,#8835,.F.);
#9157=ORIENTED_EDGE('',*,*,#9129,.F.);
#9158=EDGE_LOOP('',(#9150,#9151,#9152,#9153,#9154,#9155,#9156,#9157));
#9159=FACE_BOUND('',#9158,.T.);
#9160=ADVANCED_FACE('',(#9149,#9159),#9139,.T.);
#9161=CARTESIAN_POINT('',(3.03500127,-1.443986758,0.382493018));
#9162=DIRECTION('',(0.,0.121869343,0.992546152));
#9163=DIRECTION('',(-1.,0.,0.));
#9164=AXIS2_PLACEMENT_3D('',#9161,#9162,#9163);
#9165=PLANE('',#9164);
#9166=ORIENTED_EDGE('',*,*,#8854,.T.);
#9167=ORIENTED_EDGE('',*,*,#9099,.T.);
#9168=ORIENTED_EDGE('',*,*,#9065,.T.);
#9169=ORIENTED_EDGE('',*,*,#9033,.T.);
#9170=ORIENTED_EDGE('',*,*,#8997,.T.);
#9171=ORIENTED_EDGE('',*,*,#8965,.T.);
#9172=ORIENTED_EDGE('',*,*,#8929,.T.);
#9173=ORIENTED_EDGE('',*,*,#8897,.T.);
#9174=EDGE_LOOP('',(#9166,#9167,#9168,#9169,#9170,#9171,#9172,#9173));
#9175=FACE_BOUND('',#9174,.T.);
#9176=ADVANCED_FACE('',(#9175),#9165,.F.);
#9177=CARTESIAN_POINT('',(-59.864719997,-1.608324447,0.805675079));
#9178=DIRECTION('',(0.002865046,0.992542078,-0.121868843));
#9179=DIRECTION('',(0.,0.121869343,0.992546152));
#9180=AXIS2_PLACEMENT_3D('',#9177,#9178,#9179);
#9181=PLANE('',#9180);
#9182=ORIENTED_EDGE('',*,*,#3041,.F.);
#9183=CARTESIAN_POINT('',(-62.393705959,-1.601132766,0.804792052));
#9184=VERTEX_POINT('',#9183);
#9185=CARTESIAN_POINT('',(-62.393705959,-1.601132766,0.804792052));
#9186=DIRECTION('',(0.,-0.121869343,-0.992546152));
#9187=VECTOR('',#9186,0.4);
#9188=LINE('',#9185,#9187);
#9189=EDGE_CURVE('',#9184,#3034,#9188,.T.);
#9190=ORIENTED_EDGE('',*,*,#9189,.F.);
#9191=CARTESIAN_POINT('',(-57.335734034,-1.615516129,0.806558107));
#9192=VERTEX_POINT('',#9191);
#9193=CARTESIAN_POINT('',(-62.393705959,-1.601132766,0.804792052));
#9194=DIRECTION('',(0.999995896,-0.00284369,0.000349161));
#9195=VECTOR('',#9194,5.057992684);
#9196=LINE('',#9193,#9195);
#9197=EDGE_CURVE('',#9184,#9192,#9196,.T.);
#9198=ORIENTED_EDGE('',*,*,#9197,.T.);
#9199=CARTESIAN_POINT('',(-57.335734034,-1.615516129,0.806558107));
#9200=DIRECTION('',(0.,-0.121869343,-0.992546152));
#9201=VECTOR('',#9200,0.4);
#9202=LINE('',#9199,#9201);
#9203=EDGE_CURVE('',#9192,#3036,#9202,.T.);
#9204=ORIENTED_EDGE('',*,*,#9203,.T.);
#9205=EDGE_LOOP('',(#9182,#9190,#9198,#9204));
#9206=FACE_BOUND('',#9205,.T.);
#9207=ADVANCED_FACE('',(#9206),#9181,.T.);
#9208=CARTESIAN_POINT('',(-62.400953511,-0.59420124,0.681156407));
#9209=DIRECTION('',(0.999974483,0.00709058,-0.000870614));
#9210=DIRECTION('',(-0.007090583,0.999974862,-0.));
#9211=AXIS2_PLACEMENT_3D('',#9208,#9209,#9210);
#9212=PLANE('',#9211);
#9213=ORIENTED_EDGE('',*,*,#3139,.F.);
#9214=CARTESIAN_POINT('',(-62.408201064,0.412730286,0.557520762));
#9215=VERTEX_POINT('',#9214);
#9216=CARTESIAN_POINT('',(-62.408201064,0.412730286,0.557520762));
#9217=DIRECTION('',(0.,-0.121869343,-0.992546152));
#9218=VECTOR('',#9217,0.4);
#9219=LINE('',#9216,#9218);
#9220=EDGE_CURVE('',#9215,#3127,#9219,.T.);
#9221=ORIENTED_EDGE('',*,*,#9220,.F.);
#9222=CARTESIAN_POINT('',(-62.408201064,0.412730286,0.557520762));
#9223=DIRECTION('',(0.007143829,-0.992520824,0.121866233));
#9224=VECTOR('',#9223,2.029038588);
#9225=LINE('',#9222,#9224);
#9226=EDGE_CURVE('',#9215,#9184,#9225,.T.);
#9227=ORIENTED_EDGE('',*,*,#9226,.T.);
#9228=ORIENTED_EDGE('',*,*,#9189,.T.);
#9229=EDGE_LOOP('',(#9213,#9221,#9227,#9228));
#9230=FACE_BOUND('',#9229,.T.);
#9231=ADVANCED_FACE('',(#9230),#9212,.T.);
#9232=CARTESIAN_POINT('',(-60.234285558,2.570438057,0.292587562));
#9233=CARTESIAN_POINT('',(-60.234285558,2.52169032,-0.104430899));
#9234=CARTESIAN_POINT('',(-61.673894192,2.560846684,0.293765234));
#9235=CARTESIAN_POINT('',(-61.673894192,2.512098947,-0.103253226));
#9236=CARTESIAN_POINT('',(-62.398533935,1.841611993,0.38207615));
#9237=CARTESIAN_POINT('',(-62.398533935,1.792864255,-0.014942311));
#9238=CARTESIAN_POINT('',(-62.408201064,0.412730286,0.557520762));
#9239=CARTESIAN_POINT('',(-62.408201064,0.363982549,0.160502301));
#9240=B_SPLINE_SURFACE_WITH_KNOTS('',3,1,((#9232,#9233),(#9234,#9235),(#9236,#9237),(#9238,#9239)),.UNSPECIFIED.,.F.,.F.,.U.,(4,4),(2,2),(0.,1.),(0.,1.),.UNSPECIFIED.);
#9241=ORIENTED_EDGE('',*,*,#3133,.F.);
#9242=CARTESIAN_POINT('',(-60.234285558,2.570438057,0.292587562));
#9243=VERTEX_POINT('',#9242);
#9244=CARTESIAN_POINT('',(-60.234285558,2.570438057,0.292587562));
#9245=DIRECTION('',(0.,-0.121869343,-0.992546152));
#9246=VECTOR('',#9245,0.4);
#9247=LINE('',#9244,#9246);
#9248=EDGE_CURVE('',#9243,#3119,#9247,.T.);
#9249=ORIENTED_EDGE('',*,*,#9248,.F.);
#9250=CARTESIAN_POINT('',(-60.234285558,2.570438057,0.292587562));
#9251=CARTESIAN_POINT('',(-61.673894192,2.560846684,0.293765234));
#9252=CARTESIAN_POINT('',(-62.398533935,1.841611993,0.38207615));
#9253=CARTESIAN_POINT('',(-62.408201064,0.412730286,0.557520762));
#9254=B_SPLINE_CURVE_WITH_KNOTS('',3,(#9250,#9251,#9252,#9253),.UNSPECIFIED.,.F.,.F.,(4,4),(0.,1.),.UNSPECIFIED.);
#9255=EDGE_CURVE('',#9243,#9215,#9254,.T.);
#9256=ORIENTED_EDGE('',*,*,#9255,.T.);
#9257=ORIENTED_EDGE('',*,*,#9220,.T.);
#9258=EDGE_LOOP('',(#9241,#9249,#9256,#9257));
#9259=FACE_BOUND('',#9258,.T.);
#9260=ADVANCED_FACE('',(#9259),#9240,.T.);
#9261=CARTESIAN_POINT('',(-59.292256499,2.570438057,0.292587562));
#9262=DIRECTION('',(0.,-0.992546152,0.121869343));
#9263=DIRECTION('',(0.,-0.121869343,-0.992546152));
#9264=AXIS2_PLACEMENT_3D('',#9261,#9262,#9263);
#9265=PLANE('',#9264);
#9266=ORIENTED_EDGE('',*,*,#3124,.F.);
#9267=CARTESIAN_POINT('',(-58.35022744,2.570438057,0.292587562));
#9268=VERTEX_POINT('',#9267);
#9269=CARTESIAN_POINT('',(-58.35022744,2.570438057,0.292587562));
#9270=DIRECTION('',(0.,-0.121869343,-0.992546152));
#9271=VECTOR('',#9270,0.4);
#9272=LINE('',#9269,#9271);
#9273=EDGE_CURVE('',#9268,#3110,#9272,.T.);
#9274=ORIENTED_EDGE('',*,*,#9273,.F.);
#9275=CARTESIAN_POINT('',(-58.35022744,2.570438057,0.292587562));
#9276=DIRECTION('',(-1.,0.,0.));
#9277=VECTOR('',#9276,1.884058118);
#9278=LINE('',#9275,#9277);
#9279=EDGE_CURVE('',#9268,#9243,#9278,.T.);
#9280=ORIENTED_EDGE('',*,*,#9279,.T.);
#9281=ORIENTED_EDGE('',*,*,#9248,.T.);
#9282=EDGE_LOOP('',(#9266,#9274,#9280,#9281));
#9283=FACE_BOUND('',#9282,.T.);
#9284=ADVANCED_FACE('',(#9283),#9265,.T.);
#9285=CARTESIAN_POINT('',(-56.17631566,0.412730286,0.557520762));
#9286=CARTESIAN_POINT('',(-56.17631566,0.363982549,0.160502301));
#9287=CARTESIAN_POINT('',(-56.185975338,1.841611993,0.38207615));
#9288=CARTESIAN_POINT('',(-56.185975338,1.792864255,-0.014942311));
#9289=CARTESIAN_POINT('',(-56.910611356,2.560846684,0.293765234));
#9290=CARTESIAN_POINT('',(-56.910611356,2.512098947,-0.103253226));
#9291=CARTESIAN_POINT('',(-58.35022744,2.570438057,0.292587562));
#9292=CARTESIAN_POINT('',(-58.35022744,2.52169032,-0.104430899));
#9293=B_SPLINE_SURFACE_WITH_KNOTS('',3,1,((#9285,#9286),(#9287,#9288),(#9289,#9290),(#9291,#9292)),.UNSPECIFIED.,.F.,.F.,.U.,(4,4),(2,2),(0.,1.),(0.,1.),.UNSPECIFIED.);
#9294=ORIENTED_EDGE('',*,*,#3116,.F.);
#9295=CARTESIAN_POINT('',(-56.17631566,0.412730286,0.557520762));
#9296=VERTEX_POINT('',#9295);
#9297=CARTESIAN_POINT('',(-56.17631566,0.412730286,0.557520762));
#9298=DIRECTION('',(0.,-0.121869343,-0.992546152));
#9299=VECTOR('',#9298,0.4);
#9300=LINE('',#9297,#9299);
#9301=EDGE_CURVE('',#9296,#3102,#9300,.T.);
#9302=ORIENTED_EDGE('',*,*,#9301,.F.);
#9303=CARTESIAN_POINT('',(-56.17631566,0.412730286,0.557520762));
#9304=CARTESIAN_POINT('',(-56.185975338,1.841611993,0.38207615));
#9305=CARTESIAN_POINT('',(-56.910611356,2.560846684,0.293765234));
#9306=CARTESIAN_POINT('',(-58.35022744,2.570438057,0.292587562));
#9307=B_SPLINE_CURVE_WITH_KNOTS('',3,(#9303,#9304,#9305,#9306),.UNSPECIFIED.,.F.,.F.,(4,4),(0.,1.),.UNSPECIFIED.);
#9308=EDGE_CURVE('',#9296,#9268,#9307,.T.);
#9309=ORIENTED_EDGE('',*,*,#9308,.T.);
#9310=ORIENTED_EDGE('',*,*,#9273,.T.);
#9311=EDGE_LOOP('',(#9294,#9302,#9309,#9310));
#9312=FACE_BOUND('',#9311,.T.);
#9313=ADVANCED_FACE('',(#9312),#9293,.T.);
#9314=CARTESIAN_POINT('',(-56.17631566,-1.169591212,0.751805412));
#9315=DIRECTION('',(-1.,0.,0.));
#9316=DIRECTION('',(0.,0.,1.));
#9317=AXIS2_PLACEMENT_3D('',#9314,#9315,#9316);
#9318=PLANE('',#9317);
#9319=ORIENTED_EDGE('',*,*,#3107,.F.);
#9320=CARTESIAN_POINT('',(-56.17631566,-2.751912709,0.946090061));
#9321=VERTEX_POINT('',#9320);
#9322=CARTESIAN_POINT('',(-56.17631566,-2.751912709,0.946090061));
#9323=DIRECTION('',(0.,-0.121869343,-0.992546152));
#9324=VECTOR('',#9323,0.4);
#9325=LINE('',#9322,#9324);
#9326=EDGE_CURVE('',#9321,#3093,#9325,.T.);
#9327=ORIENTED_EDGE('',*,*,#9326,.F.);
#9328=CARTESIAN_POINT('',(-56.17631566,-2.751912709,0.946090061));
#9329=DIRECTION('',(0.,0.992546152,-0.121869343));
#9330=VECTOR('',#9329,3.188408911);
#9331=LINE('',#9328,#9330);
#9332=EDGE_CURVE('',#9321,#9296,#9331,.T.);
#9333=ORIENTED_EDGE('',*,*,#9332,.T.);
#9334=ORIENTED_EDGE('',*,*,#9301,.T.);
#9335=EDGE_LOOP('',(#9319,#9327,#9333,#9334));
#9336=FACE_BOUND('',#9335,.T.);
#9337=ADVANCED_FACE('',(#9336),#9318,.T.);
#9338=CARTESIAN_POINT('',(-58.35022744,-4.90962048,1.211023262));
#9339=CARTESIAN_POINT('',(-58.35022744,-4.958368218,0.814004801));
#9340=CARTESIAN_POINT('',(-56.910611356,-4.90962048,1.211023262));
#9341=CARTESIAN_POINT('',(-56.910611356,-4.958368218,0.814004801));
#9342=CARTESIAN_POINT('',(-56.185975338,-4.190385789,1.122712346));
#9343=CARTESIAN_POINT('',(-56.185975338,-4.239133526,0.725693885));
#9344=CARTESIAN_POINT('',(-56.17631566,-2.751912709,0.946090061));
#9345=CARTESIAN_POINT('',(-56.17631566,-2.800660446,0.549071601));
#9346=B_SPLINE_SURFACE_WITH_KNOTS('',3,1,((#9338,#9339),(#9340,#9341),(#9342,#9343),(#9344,#9345)),.UNSPECIFIED.,.F.,.F.,.U.,(4,4),(2,2),(0.,1.),(0.,1.),.UNSPECIFIED.);
#9347=ORIENTED_EDGE('',*,*,#3099,.F.);
#9348=CARTESIAN_POINT('',(-58.35022744,-4.90962048,1.211023262));
#9349=VERTEX_POINT('',#9348);
#9350=CARTESIAN_POINT('',(-58.35022744,-4.90962048,1.211023262));
#9351=DIRECTION('',(0.,-0.121869343,-0.992546152));
#9352=VECTOR('',#9351,0.4);
#9353=LINE('',#9350,#9352);
#9354=EDGE_CURVE('',#9349,#3085,#9353,.T.);
#9355=ORIENTED_EDGE('',*,*,#9354,.F.);
#9356=CARTESIAN_POINT('',(-58.35022744,-4.90962048,1.211023262));
#9357=CARTESIAN_POINT('',(-56.910611356,-4.90962048,1.211023262));
#9358=CARTESIAN_POINT('',(-56.185975338,-4.190385789,1.122712346));
#9359=CARTESIAN_POINT('',(-56.17631566,-2.751912709,0.946090061));
#9360=B_SPLINE_CURVE_WITH_KNOTS('',3,(#9356,#9357,#9358,#9359),.UNSPECIFIED.,.F.,.F.,(4,4),(0.,1.),.UNSPECIFIED.);
#9361=EDGE_CURVE('',#9349,#9321,#9360,.T.);
#9362=ORIENTED_EDGE('',*,*,#9361,.T.);
#9363=ORIENTED_EDGE('',*,*,#9326,.T.);
#9364=EDGE_LOOP('',(#9347,#9355,#9362,#9363));
#9365=FACE_BOUND('',#9364,.T.);
#9366=ADVANCED_FACE('',(#9365),#9346,.T.);
#9367=CARTESIAN_POINT('',(-59.944430033,-4.90962048,1.211023262));
#9368=DIRECTION('',(0.,0.992546152,-0.121869343));
#9369=DIRECTION('',(0.,0.121869343,0.992546152));
#9370=AXIS2_PLACEMENT_3D('',#9367,#9368,#9369);
#9371=PLANE('',#9370);
#9372=ORIENTED_EDGE('',*,*,#3090,.F.);
#9373=CARTESIAN_POINT('',(-61.538632626,-4.90962048,1.211023262));
#9374=VERTEX_POINT('',#9373);
#9375=CARTESIAN_POINT('',(-61.538632626,-4.90962048,1.211023262));
#9376=DIRECTION('',(0.,-0.121869343,-0.992546152));
#9377=VECTOR('',#9376,0.4);
#9378=LINE('',#9375,#9377);
#9379=EDGE_CURVE('',#9374,#3077,#9378,.T.);
#9380=ORIENTED_EDGE('',*,*,#9379,.F.);
#9381=CARTESIAN_POINT('',(-61.538632626,-4.90962048,1.211023262));
#9382=DIRECTION('',(1.,0.,-0.));
#9383=VECTOR('',#9382,3.188405186);
#9384=LINE('',#9381,#9383);
#9385=EDGE_CURVE('',#9374,#9349,#9384,.T.);
#9386=ORIENTED_EDGE('',*,*,#9385,.T.);
#9387=ORIENTED_EDGE('',*,*,#9354,.T.);
#9388=EDGE_LOOP('',(#9372,#9380,#9386,#9387));
#9389=FACE_BOUND('',#9388,.T.);
#9390=ADVANCED_FACE('',(#9389),#9371,.T.);
#9391=CARTESIAN_POINT('',(-61.828488151,-4.693849703,1.184529942));
#9392=DIRECTION('',(0.599999177,0.794037534,-0.09749555));
#9393=DIRECTION('',(-0.797838467,0.60287128,-0.));
#9394=AXIS2_PLACEMENT_3D('',#9391,#9392,#9393);
#9395=PLANE('',#9394);
#9396=ORIENTED_EDGE('',*,*,#3082,.F.);
#9397=CARTESIAN_POINT('',(-62.118343676,-4.478078926,1.158036621));
#9398=VERTEX_POINT('',#9397);
#9399=CARTESIAN_POINT('',(-62.118343676,-4.478078926,1.158036621));
#9400=DIRECTION('',(0.,-0.121869343,-0.992546152));
#9401=VECTOR('',#9400,0.4);
#9402=LINE('',#9399,#9401);
#9403=EDGE_CURVE('',#9398,#3069,#9402,.T.);
#9404=ORIENTED_EDGE('',*,*,#9403,.F.);
#9405=CARTESIAN_POINT('',(-62.118343676,-4.478078926,1.158036621));
#9406=DIRECTION('',(0.800000617,-0.595526875,0.073121506));
#9407=VECTOR('',#9406,0.724638253);
#9408=LINE('',#9405,#9407);
#9409=EDGE_CURVE('',#9398,#9374,#9408,.T.);
#9410=ORIENTED_EDGE('',*,*,#9409,.T.);
#9411=ORIENTED_EDGE('',*,*,#9379,.T.);
#9412=EDGE_LOOP('',(#9396,#9404,#9410,#9411));
#9413=FACE_BOUND('',#9412,.T.);
#9414=ADVANCED_FACE('',(#9413),#9395,.T.);
#9415=CARTESIAN_POINT('',(-62.111096124,-4.19038394,1.122712119));
#9416=DIRECTION('',(0.999687546,-0.024809886,0.003046271));
#9417=DIRECTION('',(0.024810001,0.999692185,0.));
#9418=AXIS2_PLACEMENT_3D('',#9415,#9416,#9417);
#9419=PLANE('',#9418);
#9420=ORIENTED_EDGE('',*,*,#3074,.F.);
#9421=CARTESIAN_POINT('',(-62.103848571,-3.902688955,1.087387617));
#9422=VERTEX_POINT('',#9421);
#9423=CARTESIAN_POINT('',(-62.103848571,-3.902688955,1.087387617));
#9424=DIRECTION('',(0.,-0.121869343,-0.992546152));
#9425=VECTOR('',#9424,0.4);
#9426=LINE('',#9423,#9425);
#9427=EDGE_CURVE('',#9422,#3061,#9426,.T.);
#9428=ORIENTED_EDGE('',*,*,#9427,.F.);
#9429=CARTESIAN_POINT('',(-62.103848571,-3.902688955,1.087387617));
#9430=DIRECTION('',(-0.024996204,-0.992236027,0.121831264));
#9431=VECTOR('',#9430,0.579892239);
#9432=LINE('',#9429,#9431);
#9433=EDGE_CURVE('',#9422,#9398,#9432,.T.);
#9434=ORIENTED_EDGE('',*,*,#9433,.T.);
#9435=ORIENTED_EDGE('',*,*,#9403,.T.);
#9436=EDGE_LOOP('',(#9420,#9428,#9434,#9435));
#9437=FACE_BOUND('',#9436,.T.);
#9438=ADVANCED_FACE('',(#9437),#9419,.T.);
#9439=CARTESIAN_POINT('',(-60.227038006,-3.902688955,1.087387617));
#9440=DIRECTION('',(0.,-0.992546152,0.121869343));
#9441=DIRECTION('',(0.,-0.121869343,-0.992546152));
#9442=AXIS2_PLACEMENT_3D('',#9439,#9440,#9441);
#9443=PLANE('',#9442);
#9444=ORIENTED_EDGE('',*,*,#3066,.F.);
#9445=CARTESIAN_POINT('',(-58.35022744,-3.902688955,1.087387617));
#9446=VERTEX_POINT('',#9445);
#9447=CARTESIAN_POINT('',(-58.35022744,-3.902688955,1.087387617));
#9448=DIRECTION('',(0.,-0.121869343,-0.992546152));
#9449=VECTOR('',#9448,0.4);
#9450=LINE('',#9447,#9449);
#9451=EDGE_CURVE('',#9446,#3052,#9450,.T.);
#9452=ORIENTED_EDGE('',*,*,#9451,.F.);
#9453=CARTESIAN_POINT('',(-58.35022744,-3.902688955,1.087387617));
#9454=DIRECTION('',(-1.,0.,0.));
#9455=VECTOR('',#9454,3.753621131);
#9456=LINE('',#9453,#9455);
#9457=EDGE_CURVE('',#9446,#9422,#9456,.T.);
#9458=ORIENTED_EDGE('',*,*,#9457,.T.);
#9459=ORIENTED_EDGE('',*,*,#9427,.T.);
#9460=EDGE_LOOP('',(#9444,#9452,#9458,#9459));
#9461=FACE_BOUND('',#9460,.T.);
#9462=ADVANCED_FACE('',(#9461),#9443,.T.);
#9463=CARTESIAN_POINT('',(-57.335734034,-2.895757429,0.963751972));
#9464=CARTESIAN_POINT('',(-57.335734034,-2.944505166,0.566733511));
#9465=CARTESIAN_POINT('',(-57.335734034,-3.567046345,1.046175886));
#9466=CARTESIAN_POINT('',(-57.335734034,-3.615794082,0.649157426));
#9467=CARTESIAN_POINT('',(-57.673897261,-3.902688955,1.087387617));
#9468=CARTESIAN_POINT('',(-57.673897261,-3.951436692,0.690369156));
#9469=CARTESIAN_POINT('',(-58.35022744,-3.902688955,1.087387617));
#9470=CARTESIAN_POINT('',(-58.35022744,-3.951436692,0.690369156));
#9471=B_SPLINE_SURFACE_WITH_KNOTS('',3,1,((#9463,#9464),(#9465,#9466),(#9467,#9468),(#9469,#9470)),.UNSPECIFIED.,.F.,.F.,.U.,(4,4),(2,2),(0.,1.),(0.,1.),.UNSPECIFIED.);
#9472=ORIENTED_EDGE('',*,*,#3058,.F.);
#9473=CARTESIAN_POINT('',(-57.335734034,-2.895757429,0.963751972));
#9474=VERTEX_POINT('',#9473);
#9475=CARTESIAN_POINT('',(-57.335734034,-2.895757429,0.963751972));
#9476=DIRECTION('',(0.,-0.121869343,-0.992546152));
#9477=VECTOR('',#9476,0.4);
#9478=LINE('',#9475,#9477);
#9479=EDGE_CURVE('',#9474,#3044,#9478,.T.);
#9480=ORIENTED_EDGE('',*,*,#9479,.F.);
#9481=CARTESIAN_POINT('',(-57.335734034,-2.895757429,0.963751972));
#9482=CARTESIAN_POINT('',(-57.335734034,-3.567046345,1.046175886));
#9483=CARTESIAN_POINT('',(-57.673897261,-3.902688955,1.087387617));
#9484=CARTESIAN_POINT('',(-58.35022744,-3.902688955,1.087387617));
#9485=B_SPLINE_CURVE_WITH_KNOTS('',3,(#9481,#9482,#9483,#9484),.UNSPECIFIED.,.F.,.F.,(4,4),(0.,1.),.UNSPECIFIED.);
#9486=EDGE_CURVE('',#9474,#9446,#9485,.T.);
#9487=ORIENTED_EDGE('',*,*,#9486,.T.);
#9488=ORIENTED_EDGE('',*,*,#9451,.T.);
#9489=EDGE_LOOP('',(#9472,#9480,#9487,#9488));
#9490=FACE_BOUND('',#9489,.T.);
#9491=ADVANCED_FACE('',(#9490),#9471,.T.);
#9492=CARTESIAN_POINT('',(-59.292256499,1.563506531,0.416223207));
#9493=DIRECTION('',(0.,0.992546152,-0.121869343));
#9494=DIRECTION('',(0.,0.121869343,0.992546152));
#9495=AXIS2_PLACEMENT_3D('',#9492,#9493,#9494);
#9496=PLANE('',#9495);
#9497=CARTESIAN_POINT('',(-60.234285558,1.514758794,0.019204746));
#9498=VERTEX_POINT('',#9497);
#9499=CARTESIAN_POINT('',(-58.35022744,1.514758794,0.019204746));
#9500=VERTEX_POINT('',#9499);
#9501=CARTESIAN_POINT('',(-60.234285558,1.514758794,0.019204746));
#9502=DIRECTION('',(1.,0.,-0.));
#9503=VECTOR('',#9502,1.884058118);
#9504=LINE('',#9501,#9503);
#9505=EDGE_CURVE('',#9498,#9500,#9504,.T.);
#9506=ORIENTED_EDGE('',*,*,#9505,.F.);
#9507=CARTESIAN_POINT('',(-60.234285558,1.563506531,0.416223207));
#9508=VERTEX_POINT('',#9507);
#9509=CARTESIAN_POINT('',(-60.234285558,1.563506531,0.416223207));
#9510=DIRECTION('',(0.,-0.121869343,-0.992546152));
#9511=VECTOR('',#9510,0.4);
#9512=LINE('',#9509,#9511);
#9513=EDGE_CURVE('',#9508,#9498,#9512,.T.);
#9514=ORIENTED_EDGE('',*,*,#9513,.F.);
#9515=CARTESIAN_POINT('',(-58.35022744,1.563506531,0.416223207));
#9516=VERTEX_POINT('',#9515);
#9517=CARTESIAN_POINT('',(-60.234285558,1.563506531,0.416223207));
#9518=DIRECTION('',(1.,0.,-0.));
#9519=VECTOR('',#9518,1.884058118);
#9520=LINE('',#9517,#9519);
#9521=EDGE_CURVE('',#9508,#9516,#9520,.T.);
#9522=ORIENTED_EDGE('',*,*,#9521,.T.);
#9523=CARTESIAN_POINT('',(-58.35022744,1.563506531,0.416223207));
#9524=DIRECTION('',(0.,-0.121869343,-0.992546152));
#9525=VECTOR('',#9524,0.4);
#9526=LINE('',#9523,#9525);
#9527=EDGE_CURVE('',#9516,#9500,#9526,.T.);
#9528=ORIENTED_EDGE('',*,*,#9527,.T.);
#9529=EDGE_LOOP('',(#9506,#9514,#9522,#9528));
#9530=FACE_BOUND('',#9529,.T.);
#9531=ADVANCED_FACE('',(#9530),#9496,.T.);
#9532=CARTESIAN_POINT('',(-61.248778964,0.556575006,0.539858851));
#9533=CARTESIAN_POINT('',(-61.248778964,0.507827268,0.142840391));
#9534=CARTESIAN_POINT('',(-61.248775239,1.227863922,0.457434937));
#9535=CARTESIAN_POINT('',(-61.248775239,1.179116185,0.060416476));
#9536=CARTESIAN_POINT('',(-60.910608287,1.563506531,0.416223207));
#9537=CARTESIAN_POINT('',(-60.910608287,1.514758794,0.019204746));
#9538=CARTESIAN_POINT('',(-60.234285558,1.563506531,0.416223207));
#9539=CARTESIAN_POINT('',(-60.234285558,1.514758794,0.019204746));
#9540=B_SPLINE_SURFACE_WITH_KNOTS('',3,1,((#9532,#9533),(#9534,#9535),(#9536,#9537),(#9538,#9539)),.UNSPECIFIED.,.F.,.F.,.U.,(4,4),(2,2),(0.,1.),(0.,1.),.UNSPECIFIED.);
#9541=CARTESIAN_POINT('',(-61.248778964,0.507827268,0.142840391));
#9542=VERTEX_POINT('',#9541);
#9543=CARTESIAN_POINT('',(-61.248778964,0.507827268,0.142840391));
#9544=CARTESIAN_POINT('',(-61.248775239,1.179116185,0.060416476));
#9545=CARTESIAN_POINT('',(-60.910608287,1.514758794,0.019204746));
#9546=CARTESIAN_POINT('',(-60.234285558,1.514758794,0.019204746));
#9547=B_SPLINE_CURVE_WITH_KNOTS('',3,(#9543,#9544,#9545,#9546),.UNSPECIFIED.,.F.,.F.,(4,4),(0.,1.),.UNSPECIFIED.);
#9548=EDGE_CURVE('',#9542,#9498,#9547,.T.);
#9549=ORIENTED_EDGE('',*,*,#9548,.F.);
#9550=CARTESIAN_POINT('',(-61.248778964,0.556575006,0.539858851));
#9551=VERTEX_POINT('',#9550);
#9552=CARTESIAN_POINT('',(-61.248778964,0.556575006,0.539858851));
#9553=DIRECTION('',(0.,-0.121869343,-0.992546152));
#9554=VECTOR('',#9553,0.4);
#9555=LINE('',#9552,#9554);
#9556=EDGE_CURVE('',#9551,#9542,#9555,.T.);
#9557=ORIENTED_EDGE('',*,*,#9556,.F.);
#9558=CARTESIAN_POINT('',(-61.248778964,0.556575006,0.539858851));
#9559=CARTESIAN_POINT('',(-61.248775239,1.227863922,0.457434937));
#9560=CARTESIAN_POINT('',(-60.910608287,1.563506531,0.416223207));
#9561=CARTESIAN_POINT('',(-60.234285558,1.563506531,0.416223207));
#9562=B_SPLINE_CURVE_WITH_KNOTS('',3,(#9558,#9559,#9560,#9561),.UNSPECIFIED.,.F.,.F.,(4,4),(0.,1.),.UNSPECIFIED.);
#9563=EDGE_CURVE('',#9551,#9508,#9562,.T.);
#9564=ORIENTED_EDGE('',*,*,#9563,.T.);
#9565=ORIENTED_EDGE('',*,*,#9513,.T.);
#9566=EDGE_LOOP('',(#9549,#9557,#9564,#9565));
#9567=FACE_BOUND('',#9566,.T.);
#9568=ADVANCED_FACE('',(#9567),#9540,.T.);
#9569=CARTESIAN_POINT('',(-61.248778964,-0.061966903,0.615806248));
#9570=DIRECTION('',(-1.,0.,0.));
#9571=DIRECTION('',(0.,0.,1.));
#9572=AXIS2_PLACEMENT_3D('',#9569,#9570,#9571);
#9573=PLANE('',#9572);
#9574=CARTESIAN_POINT('',(-61.248778964,-0.729256549,0.294735183));
#9575=VERTEX_POINT('',#9574);
#9576=CARTESIAN_POINT('',(-61.248778964,-0.729256549,0.294735183));
#9577=DIRECTION('',(0.,0.992546152,-0.121869343));
#9578=VECTOR('',#9577,1.2463741);
#9579=LINE('',#9576,#9578);
#9580=EDGE_CURVE('',#9575,#9542,#9579,.T.);
#9581=ORIENTED_EDGE('',*,*,#9580,.F.);
#9582=CARTESIAN_POINT('',(-61.248778964,-0.680508811,0.691753644));
#9583=VERTEX_POINT('',#9582);
#9584=CARTESIAN_POINT('',(-61.248778964,-0.680508811,0.691753644));
#9585=DIRECTION('',(0.,-0.121869343,-0.992546152));
#9586=VECTOR('',#9585,0.4);
#9587=LINE('',#9584,#9586);
#9588=EDGE_CURVE('',#9583,#9575,#9587,.T.);
#9589=ORIENTED_EDGE('',*,*,#9588,.F.);
#9590=CARTESIAN_POINT('',(-61.248778964,-0.680508811,0.691753644));
#9591=DIRECTION('',(0.,0.992546152,-0.121869343));
#9592=VECTOR('',#9591,1.2463741);
#9593=LINE('',#9590,#9592);
#9594=EDGE_CURVE('',#9583,#9551,#9593,.T.);
#9595=ORIENTED_EDGE('',*,*,#9594,.T.);
#9596=ORIENTED_EDGE('',*,*,#9556,.T.);
#9597=EDGE_LOOP('',(#9581,#9589,#9595,#9596));
#9598=FACE_BOUND('',#9597,.T.);
#9599=ADVANCED_FACE('',(#9598),#9573,.T.);
#9600=CARTESIAN_POINT('',(-59.292256499,-0.687702341,0.692636899));
#9601=DIRECTION('',(-0.003704278,-0.992539342,0.121868507));
#9602=DIRECTION('',(-0.,-0.121869343,-0.992546152));
#9603=AXIS2_PLACEMENT_3D('',#9600,#9601,#9602);
#9604=PLANE('',#9603);
#9605=CARTESIAN_POINT('',(-57.335734034,-0.743643609,0.296501692));
#9606=VERTEX_POINT('',#9605);
#9607=CARTESIAN_POINT('',(-57.335734034,-0.743643609,0.296501692));
#9608=DIRECTION('',(-0.999993139,0.003676667,-0.000451438));
#9609=VECTOR('',#9608,3.913071777);
#9610=LINE('',#9607,#9609);
#9611=EDGE_CURVE('',#9606,#9575,#9610,.T.);
#9612=ORIENTED_EDGE('',*,*,#9611,.F.);
#9613=CARTESIAN_POINT('',(-57.335734034,-0.694895872,0.693520153));
#9614=VERTEX_POINT('',#9613);
#9615=CARTESIAN_POINT('',(-57.335734034,-0.694895872,0.693520153));
#9616=DIRECTION('',(0.,-0.121869343,-0.992546152));
#9617=VECTOR('',#9616,0.4);
#9618=LINE('',#9615,#9617);
#9619=EDGE_CURVE('',#9614,#9606,#9618,.T.);
#9620=ORIENTED_EDGE('',*,*,#9619,.F.);
#9621=CARTESIAN_POINT('',(-57.335734034,-0.694895872,0.693520153));
#9622=DIRECTION('',(-0.999993139,0.003676667,-0.000451438));
#9623=VECTOR('',#9622,3.913071777);
#9624=LINE('',#9621,#9623);
#9625=EDGE_CURVE('',#9614,#9583,#9624,.T.);
#9626=ORIENTED_EDGE('',*,*,#9625,.T.);
#9627=ORIENTED_EDGE('',*,*,#9588,.T.);
#9628=EDGE_LOOP('',(#9612,#9620,#9626,#9627));
#9629=FACE_BOUND('',#9628,.T.);
#9630=ADVANCED_FACE('',(#9629),#9604,.T.);
#9631=CARTESIAN_POINT('',(-57.335734034,-0.069160433,0.616689502));
#9632=DIRECTION('',(1.,0.,0.));
#9633=DIRECTION('',(0.,-0.,-1.));
#9634=AXIS2_PLACEMENT_3D('',#9631,#9632,#9633);
#9635=PLANE('',#9634);
#9636=CARTESIAN_POINT('',(-57.335734034,0.507827268,0.142840391));
#9637=VERTEX_POINT('',#9636);
#9638=CARTESIAN_POINT('',(-57.335734034,0.507827268,0.142840391));
#9639=DIRECTION('',(0.,-0.992546152,0.121869343));
#9640=VECTOR('',#9639,1.260869205);
#9641=LINE('',#9638,#9640);
#9642=EDGE_CURVE('',#9637,#9606,#9641,.T.);
#9643=ORIENTED_EDGE('',*,*,#9642,.F.);
#9644=CARTESIAN_POINT('',(-57.335734034,0.556575006,0.539858851));
#9645=VERTEX_POINT('',#9644);
#9646=CARTESIAN_POINT('',(-57.335734034,0.556575006,0.539858851));
#9647=DIRECTION('',(0.,-0.121869343,-0.992546152));
#9648=VECTOR('',#9647,0.4);
#9649=LINE('',#9646,#9648);
#9650=EDGE_CURVE('',#9645,#9637,#9649,.T.);
#9651=ORIENTED_EDGE('',*,*,#9650,.F.);
#9652=CARTESIAN_POINT('',(-57.335734034,0.556575006,0.539858851));
#9653=DIRECTION('',(0.,-0.992546152,0.121869343));
#9654=VECTOR('',#9653,1.260869205);
#9655=LINE('',#9652,#9654);
#9656=EDGE_CURVE('',#9645,#9614,#9655,.T.);
#9657=ORIENTED_EDGE('',*,*,#9656,.T.);
#9658=ORIENTED_EDGE('',*,*,#9619,.T.);
#9659=EDGE_LOOP('',(#9643,#9651,#9657,#9658));
#9660=FACE_BOUND('',#9659,.T.);
#9661=ADVANCED_FACE('',(#9660),#9635,.T.);
#9662=CARTESIAN_POINT('',(-58.35022744,1.563506531,0.416223207));
#9663=CARTESIAN_POINT('',(-58.35022744,1.514758794,0.019204746));
#9664=CARTESIAN_POINT('',(-57.673897261,1.563506531,0.416223207));
#9665=CARTESIAN_POINT('',(-57.673897261,1.514758794,0.019204746));
#9666=CARTESIAN_POINT('',(-57.335734034,1.227863922,0.457434937));
#9667=CARTESIAN_POINT('',(-57.335734034,1.179116185,0.060416476));
#9668=CARTESIAN_POINT('',(-57.335734034,0.556575006,0.539858851));
#9669=CARTESIAN_POINT('',(-57.335734034,0.507827268,0.142840391));
#9670=B_SPLINE_SURFACE_WITH_KNOTS('',3,1,((#9662,#9663),(#9664,#9665),(#9666,#9667),(#9668,#9669)),.UNSPECIFIED.,.F.,.F.,.U.,(4,4),(2,2),(0.,1.),(0.,1.),.UNSPECIFIED.);
#9671=CARTESIAN_POINT('',(-58.35022744,1.514758794,0.019204746));
#9672=CARTESIAN_POINT('',(-57.673897261,1.514758794,0.019204746));
#9673=CARTESIAN_POINT('',(-57.335734034,1.179116185,0.060416476));
#9674=CARTESIAN_POINT('',(-57.335734034,0.507827268,0.142840391));
#9675=B_SPLINE_CURVE_WITH_KNOTS('',3,(#9671,#9672,#9673,#9674),.UNSPECIFIED.,.F.,.F.,(4,4),(0.,1.),.UNSPECIFIED.);
#9676=EDGE_CURVE('',#9500,#9637,#9675,.T.);
#9677=ORIENTED_EDGE('',*,*,#9676,.F.);
#9678=ORIENTED_EDGE('',*,*,#9527,.F.);
#9679=CARTESIAN_POINT('',(-58.35022744,1.563506531,0.416223207));
#9680=CARTESIAN_POINT('',(-57.673897261,1.563506531,0.416223207));
#9681=CARTESIAN_POINT('',(-57.335734034,1.227863922,0.457434937));
#9682=CARTESIAN_POINT('',(-57.335734034,0.556575006,0.539858851));
#9683=B_SPLINE_CURVE_WITH_KNOTS('',3,(#9679,#9680,#9681,#9682),.UNSPECIFIED.,.F.,.F.,(4,4),(0.,1.),.UNSPECIFIED.);
#9684=EDGE_CURVE('',#9516,#9645,#9683,.T.);
#9685=ORIENTED_EDGE('',*,*,#9684,.T.);
#9686=ORIENTED_EDGE('',*,*,#9650,.T.);
#9687=EDGE_LOOP('',(#9677,#9678,#9685,#9686));
#9688=FACE_BOUND('',#9687,.T.);
#9689=ADVANCED_FACE('',(#9688),#9670,.T.);
#9690=CARTESIAN_POINT('',(-57.335734034,-2.255636779,0.885155039));
#9691=DIRECTION('',(1.,0.,0.));
#9692=DIRECTION('',(0.,-0.,-1.));
#9693=AXIS2_PLACEMENT_3D('',#9690,#9691,#9692);
#9694=PLANE('',#9693);
#9695=ORIENTED_EDGE('',*,*,#3049,.F.);
#9696=ORIENTED_EDGE('',*,*,#9203,.F.);
#9697=CARTESIAN_POINT('',(-57.335734034,-1.615516129,0.806558107));
#9698=DIRECTION('',(0.,-0.992546152,0.121869343));
#9699=VECTOR('',#9698,1.289855689);
#9700=LINE('',#9697,#9699);
#9701=EDGE_CURVE('',#9192,#9474,#9700,.T.);
#9702=ORIENTED_EDGE('',*,*,#9701,.T.);
#9703=ORIENTED_EDGE('',*,*,#9479,.T.);
#9704=EDGE_LOOP('',(#9695,#9696,#9702,#9703));
#9705=FACE_BOUND('',#9704,.T.);
#9706=ADVANCED_FACE('',(#9705),#9694,.T.);
#9707=CARTESIAN_POINT('',(-44.785006046,0.053111091,0.601676447));
#9708=DIRECTION('',(0.,-0.121869343,-0.992546152));
#9709=DIRECTION('',(-1.,0.,0.));
#9710=AXIS2_PLACEMENT_3D('',#9707,#9708,#9709);
#9711=PLANE('',#9710);
#9712=ORIENTED_EDGE('',*,*,#9521,.F.);
#9713=ORIENTED_EDGE('',*,*,#9563,.F.);
#9714=ORIENTED_EDGE('',*,*,#9594,.F.);
#9715=ORIENTED_EDGE('',*,*,#9625,.F.);
#9716=ORIENTED_EDGE('',*,*,#9656,.F.);
#9717=ORIENTED_EDGE('',*,*,#9684,.F.);
#9718=EDGE_LOOP('',(#9712,#9713,#9714,#9715,#9716,#9717));
#9719=FACE_BOUND('',#9718,.T.);
#9720=ORIENTED_EDGE('',*,*,#9197,.F.);
#9721=ORIENTED_EDGE('',*,*,#9226,.F.);
#9722=ORIENTED_EDGE('',*,*,#9255,.F.);
#9723=ORIENTED_EDGE('',*,*,#9279,.F.);
#9724=ORIENTED_EDGE('',*,*,#9308,.F.);
#9725=ORIENTED_EDGE('',*,*,#9332,.F.);
#9726=ORIENTED_EDGE('',*,*,#9361,.F.);
#9727=ORIENTED_EDGE('',*,*,#9385,.F.);
#9728=ORIENTED_EDGE('',*,*,#9409,.F.);
#9729=ORIENTED_EDGE('',*,*,#9433,.F.);
#9730=ORIENTED_EDGE('',*,*,#9457,.F.);
#9731=ORIENTED_EDGE('',*,*,#9486,.F.);
#9732=ORIENTED_EDGE('',*,*,#9701,.F.);
#9733=EDGE_LOOP('',(#9720,#9721,#9722,#9723,#9724,#9725,#9726,#9727,#9728,#9729,#9730,#9731,#9732));
#9734=FACE_BOUND('',#9733,.T.);
#9735=ADVANCED_FACE('',(#9719,#9734),#9711,.T.);
#9736=CARTESIAN_POINT('',(3.03500127,-1.443986758,0.382493018));
#9737=DIRECTION('',(0.,0.121869343,0.992546152));
#9738=DIRECTION('',(-1.,0.,0.));
#9739=AXIS2_PLACEMENT_3D('',#9736,#9737,#9738);
#9740=PLANE('',#9739);
#9741=ORIENTED_EDGE('',*,*,#9505,.T.);
#9742=ORIENTED_EDGE('',*,*,#9676,.T.);
#9743=ORIENTED_EDGE('',*,*,#9642,.T.);
#9744=ORIENTED_EDGE('',*,*,#9611,.T.);
#9745=ORIENTED_EDGE('',*,*,#9580,.T.);
#9746=ORIENTED_EDGE('',*,*,#9548,.T.);
#9747=EDGE_LOOP('',(#9741,#9742,#9743,#9744,#9745,#9746));
#9748=FACE_BOUND('',#9747,.T.);
#9749=ADVANCED_FACE('',(#9748),#9740,.F.);
#9750=CARTESIAN_POINT('',(-27.792250405,0.053111091,0.601676447));
#9751=DIRECTION('',(0.99999895,-0.001438335,0.000176605));
#9752=DIRECTION('',(0.001438335,0.999998966,-0.));
#9753=AXIS2_PLACEMENT_3D('',#9750,#9751,#9752);
#9754=PLANE('',#9753);
#9755=ORIENTED_EDGE('',*,*,#3681,.F.);
#9756=CARTESIAN_POINT('',(-27.785004715,5.015842663,-0.007670368));
#9757=VERTEX_POINT('',#9756);
#9758=CARTESIAN_POINT('',(-27.785004715,5.015842663,-0.007670368));
#9759=DIRECTION('',(0.,-0.121869343,-0.992546152));
#9760=VECTOR('',#9759,0.4);
#9761=LINE('',#9758,#9760);
#9762=EDGE_CURVE('',#9757,#3674,#9761,.T.);
#9763=ORIENTED_EDGE('',*,*,#9762,.F.);
#9764=CARTESIAN_POINT('',(-27.799496094,-4.90962048,1.211023262));
#9765=VERTEX_POINT('',#9764);
#9766=CARTESIAN_POINT('',(-27.785004715,5.015842663,-0.007670368));
#9767=DIRECTION('',(-0.001449136,-0.99254511,0.121869215));
#9768=VECTOR('',#9767,10.000012139);
#9769=LINE('',#9766,#9768);
#9770=EDGE_CURVE('',#9757,#9765,#9769,.T.);
#9771=ORIENTED_EDGE('',*,*,#9770,.T.);
#9772=CARTESIAN_POINT('',(-27.799496094,-4.90962048,1.211023262));
#9773=DIRECTION('',(0.,-0.121869343,-0.992546152));
#9774=VECTOR('',#9773,0.4);
#9775=LINE('',#9772,#9774);
#9776=EDGE_CURVE('',#9765,#3676,#9775,.T.);
#9777=ORIENTED_EDGE('',*,*,#9776,.T.);
#9778=EDGE_LOOP('',(#9755,#9763,#9771,#9777));
#9779=FACE_BOUND('',#9778,.T.);
#9780=ADVANCED_FACE('',(#9779),#9754,.T.);
#9781=CARTESIAN_POINT('',(-27.183555665,5.015842663,-0.007670368));
#9782=DIRECTION('',(0.,-0.992546152,0.121869343));
#9783=DIRECTION('',(0.,-0.121869343,-0.992546152));
#9784=AXIS2_PLACEMENT_3D('',#9781,#9782,#9783);
#9785=PLANE('',#9784);
#9786=ORIENTED_EDGE('',*,*,#3767,.F.);
#9787=CARTESIAN_POINT('',(-26.582106615,5.015842663,-0.007670368));
#9788=VERTEX_POINT('',#9787);
#9789=CARTESIAN_POINT('',(-26.582106615,5.015842663,-0.007670368));
#9790=DIRECTION('',(0.,-0.121869343,-0.992546152));
#9791=VECTOR('',#9790,0.4);
#9792=LINE('',#9789,#9791);
#9793=EDGE_CURVE('',#9788,#3756,#9792,.T.);
#9794=ORIENTED_EDGE('',*,*,#9793,.F.);
#9795=CARTESIAN_POINT('',(-26.582106615,5.015842663,-0.007670368));
#9796=DIRECTION('',(-1.,0.,0.));
#9797=VECTOR('',#9796,1.2028981);
#9798=LINE('',#9795,#9797);
#9799=EDGE_CURVE('',#9788,#9757,#9798,.T.);
#9800=ORIENTED_EDGE('',*,*,#9799,.T.);
#9801=ORIENTED_EDGE('',*,*,#9762,.T.);
#9802=EDGE_LOOP('',(#9786,#9794,#9800,#9801));
#9803=FACE_BOUND('',#9802,.T.);
#9804=ADVANCED_FACE('',(#9803),#9785,.T.);
#9805=CARTESIAN_POINT('',(-26.582106615,2.930057252,0.248431877));
#9806=DIRECTION('',(-1.,0.,0.));
#9807=DIRECTION('',(0.,0.,1.));
#9808=AXIS2_PLACEMENT_3D('',#9805,#9806,#9807);
#9809=PLANE('',#9808);
#9810=ORIENTED_EDGE('',*,*,#3761,.F.);
#9811=CARTESIAN_POINT('',(-26.582106615,0.84427184,0.504534122));
#9812=VERTEX_POINT('',#9811);
#9813=CARTESIAN_POINT('',(-26.582106615,0.84427184,0.504534122));
#9814=DIRECTION('',(0.,-0.121869343,-0.992546152));
#9815=VECTOR('',#9814,0.4);
#9816=LINE('',#9813,#9815);
#9817=EDGE_CURVE('',#9812,#3748,#9816,.T.);
#9818=ORIENTED_EDGE('',*,*,#9817,.F.);
#9819=CARTESIAN_POINT('',(-26.582106615,0.84427184,0.504534122));
#9820=DIRECTION('',(0.,0.992546152,-0.121869343));
#9821=VECTOR('',#9820,4.202898592);
#9822=LINE('',#9819,#9821);
#9823=EDGE_CURVE('',#9812,#9788,#9822,.T.);
#9824=ORIENTED_EDGE('',*,*,#9823,.T.);
#9825=ORIENTED_EDGE('',*,*,#9793,.T.);
#9826=EDGE_LOOP('',(#9810,#9818,#9824,#9825));
#9827=FACE_BOUND('',#9826,.T.);
#9828=ADVANCED_FACE('',(#9827),#9809,.T.);
#9829=CARTESIAN_POINT('',(-24.031381721,0.84427184,0.504534122));
#9830=DIRECTION('',(0.,-0.992546152,0.121869343));
#9831=DIRECTION('',(0.,-0.121869343,-0.992546152));
#9832=AXIS2_PLACEMENT_3D('',#9829,#9830,#9831);
#9833=PLANE('',#9832);
#9834=ORIENTED_EDGE('',*,*,#3753,.F.);
#9835=CARTESIAN_POINT('',(-21.480656827,0.84427184,0.504534122));
#9836=VERTEX_POINT('',#9835);
#9837=CARTESIAN_POINT('',(-21.480656827,0.84427184,0.504534122));
#9838=DIRECTION('',(0.,-0.121869343,-0.992546152));
#9839=VECTOR('',#9838,0.4);
#9840=LINE('',#9837,#9839);
#9841=EDGE_CURVE('',#9836,#3740,#9840,.T.);
#9842=ORIENTED_EDGE('',*,*,#9841,.F.);
#9843=CARTESIAN_POINT('',(-21.480656827,0.84427184,0.504534122));
#9844=DIRECTION('',(-1.,0.,0.));
#9845=VECTOR('',#9844,5.101449788);
#9846=LINE('',#9843,#9845);
#9847=EDGE_CURVE('',#9836,#9812,#9846,.T.);
#9848=ORIENTED_EDGE('',*,*,#9847,.T.);
#9849=ORIENTED_EDGE('',*,*,#9817,.T.);
#9850=EDGE_LOOP('',(#9834,#9842,#9848,#9849));
#9851=FACE_BOUND('',#9850,.T.);
#9852=ADVANCED_FACE('',(#9851),#9833,.T.);
#9853=CARTESIAN_POINT('',(-21.480656827,2.930057252,0.248431877));
#9854=DIRECTION('',(1.,0.,0.));
#9855=DIRECTION('',(0.,-0.,-1.));
#9856=AXIS2_PLACEMENT_3D('',#9853,#9854,#9855);
#9857=PLANE('',#9856);
#9858=ORIENTED_EDGE('',*,*,#3745,.F.);
#9859=CARTESIAN_POINT('',(-21.480656827,5.015842663,-0.007670368));
#9860=VERTEX_POINT('',#9859);
#9861=CARTESIAN_POINT('',(-21.480656827,5.015842663,-0.007670368));
#9862=DIRECTION('',(0.,-0.121869343,-0.992546152));
#9863=VECTOR('',#9862,0.4);
#9864=LINE('',#9861,#9863);
#9865=EDGE_CURVE('',#9860,#3732,#9864,.T.);
#9866=ORIENTED_EDGE('',*,*,#9865,.F.);
#9867=CARTESIAN_POINT('',(-21.480656827,5.015842663,-0.007670368));
#9868=DIRECTION('',(0.,-0.992546152,0.121869343));
#9869=VECTOR('',#9868,4.202898592);
#9870=LINE('',#9867,#9869);
#9871=EDGE_CURVE('',#9860,#9836,#9870,.T.);
#9872=ORIENTED_EDGE('',*,*,#9871,.T.);
#9873=ORIENTED_EDGE('',*,*,#9841,.T.);
#9874=EDGE_LOOP('',(#9858,#9866,#9872,#9873));
#9875=FACE_BOUND('',#9874,.T.);
#9876=ADVANCED_FACE('',(#9875),#9857,.T.);
#9877=CARTESIAN_POINT('',(-20.871960691,5.015842663,-0.007670368));
#9878=DIRECTION('',(0.,-0.992546152,0.121869343));
#9879=DIRECTION('',(0.,-0.121869343,-0.992546152));
#9880=AXIS2_PLACEMENT_3D('',#9877,#9878,#9879);
#9881=PLANE('',#9880);
#9882=ORIENTED_EDGE('',*,*,#3737,.F.);
#9883=CARTESIAN_POINT('',(-20.263264554,5.015842663,-0.007670368));
#9884=VERTEX_POINT('',#9883);
#9885=CARTESIAN_POINT('',(-20.263264554,5.015842663,-0.007670368));
#9886=DIRECTION('',(0.,-0.121869343,-0.992546152));
#9887=VECTOR('',#9886,0.4);
#9888=LINE('',#9885,#9887);
#9889=EDGE_CURVE('',#9884,#3724,#9888,.T.);
#9890=ORIENTED_EDGE('',*,*,#9889,.F.);
#9891=CARTESIAN_POINT('',(-20.263264554,5.015842663,-0.007670368));
#9892=DIRECTION('',(-1.,0.,0.));
#9893=VECTOR('',#9892,1.217392273);
#9894=LINE('',#9891,#9893);
#9895=EDGE_CURVE('',#9884,#9860,#9894,.T.);
#9896=ORIENTED_EDGE('',*,*,#9895,.T.);
#9897=ORIENTED_EDGE('',*,*,#9865,.T.);
#9898=EDGE_LOOP('',(#9882,#9890,#9896,#9897));
#9899=FACE_BOUND('',#9898,.T.);
#9900=ADVANCED_FACE('',(#9899),#9881,.T.);
#9901=CARTESIAN_POINT('',(-20.270511175,0.053111091,0.601676447));
#9902=DIRECTION('',(-0.99999895,0.001438519,-0.000176628));
#9903=DIRECTION('',(-0.001438519,-0.999998965,-0.));
#9904=AXIS2_PLACEMENT_3D('',#9901,#9902,#9903);
#9905=PLANE('',#9904);
#9906=ORIENTED_EDGE('',*,*,#3729,.F.);
#9907=CARTESIAN_POINT('',(-20.277757796,-4.90962048,1.211023262));
#9908=VERTEX_POINT('',#9907);
#9909=CARTESIAN_POINT('',(-20.277757796,-4.90962048,1.211023262));
#9910=DIRECTION('',(0.,-0.121869343,-0.992546152));
#9911=VECTOR('',#9910,0.4);
#9912=LINE('',#9909,#9911);
#9913=EDGE_CURVE('',#9908,#3716,#9912,.T.);
#9914=ORIENTED_EDGE('',*,*,#9913,.F.);
#9915=CARTESIAN_POINT('',(-20.277757796,-4.90962048,1.211023262));
#9916=DIRECTION('',(0.001449322,0.992545109,-0.121869215));
#9917=VECTOR('',#9916,10.000012142);
#9918=LINE('',#9915,#9917);
#9919=EDGE_CURVE('',#9908,#9884,#9918,.T.);
#9920=ORIENTED_EDGE('',*,*,#9919,.T.);
#9921=ORIENTED_EDGE('',*,*,#9889,.T.);
#9922=EDGE_LOOP('',(#9906,#9914,#9920,#9921));
#9923=FACE_BOUND('',#9922,.T.);
#9924=ADVANCED_FACE('',(#9923),#9905,.T.);
#9925=CARTESIAN_POINT('',(-20.879207312,-4.90962048,1.211023262));
#9926=DIRECTION('',(0.,0.992546152,-0.121869343));
#9927=DIRECTION('',(0.,0.121869343,0.992546152));
#9928=AXIS2_PLACEMENT_3D('',#9925,#9926,#9927);
#9929=PLANE('',#9928);
#9930=ORIENTED_EDGE('',*,*,#3721,.F.);
#9931=CARTESIAN_POINT('',(-21.480656827,-4.90962048,1.211023262));
#9932=VERTEX_POINT('',#9931);
#9933=CARTESIAN_POINT('',(-21.480656827,-4.90962048,1.211023262));
#9934=DIRECTION('',(0.,-0.121869343,-0.992546152));
#9935=VECTOR('',#9934,0.4);
#9936=LINE('',#9933,#9935);
#9937=EDGE_CURVE('',#9932,#3708,#9936,.T.);
#9938=ORIENTED_EDGE('',*,*,#9937,.F.);
#9939=CARTESIAN_POINT('',(-21.480656827,-4.90962048,1.211023262));
#9940=DIRECTION('',(1.,0.,-0.));
#9941=VECTOR('',#9940,1.202899031);
#9942=LINE('',#9939,#9941);
#9943=EDGE_CURVE('',#9932,#9908,#9942,.T.);
#9944=ORIENTED_EDGE('',*,*,#9943,.T.);
#9945=ORIENTED_EDGE('',*,*,#9913,.T.);
#9946=EDGE_LOOP('',(#9930,#9938,#9944,#9945));
#9947=FACE_BOUND('',#9946,.T.);
#9948=ADVANCED_FACE('',(#9947),#9929,.T.);
#9949=CARTESIAN_POINT('',(-21.480656827,-2.579295718,0.92489536));
#9950=DIRECTION('',(1.,0.,0.));
#9951=DIRECTION('',(0.,-0.,-1.));
#9952=AXIS2_PLACEMENT_3D('',#9949,#9950,#9951);
#9953=PLANE('',#9952);
#9954=ORIENTED_EDGE('',*,*,#3713,.F.);
#9955=CARTESIAN_POINT('',(-21.480656827,-0.248970955,0.638767458));
#9956=VERTEX_POINT('',#9955);
#9957=CARTESIAN_POINT('',(-21.480656827,-0.248970955,0.638767458));
#9958=DIRECTION('',(0.,-0.121869343,-0.992546152));
#9959=VECTOR('',#9958,0.4);
#9960=LINE('',#9957,#9959);
#9961=EDGE_CURVE('',#9956,#3700,#9960,.T.);
#9962=ORIENTED_EDGE('',*,*,#9961,.F.);
#9963=CARTESIAN_POINT('',(-21.480656827,-0.248970955,0.638767458));
#9964=DIRECTION('',(0.,-0.992546152,0.121869343));
#9965=VECTOR('',#9964,4.69565019);
#9966=LINE('',#9963,#9965);
#9967=EDGE_CURVE('',#9956,#9932,#9966,.T.);
#9968=ORIENTED_EDGE('',*,*,#9967,.T.);
#9969=ORIENTED_EDGE('',*,*,#9937,.T.);
#9970=EDGE_LOOP('',(#9954,#9962,#9968,#9969));
#9971=FACE_BOUND('',#9970,.T.);
#9972=ADVANCED_FACE('',(#9971),#9953,.T.);
#9973=CARTESIAN_POINT('',(-24.031381721,-0.248970955,0.638767458));
#9974=DIRECTION('',(0.,0.992546152,-0.121869343));
#9975=DIRECTION('',(0.,0.121869343,0.992546152));
#9976=AXIS2_PLACEMENT_3D('',#9973,#9974,#9975);
#9977=PLANE('',#9976);
#9978=ORIENTED_EDGE('',*,*,#3705,.F.);
#9979=CARTESIAN_POINT('',(-26.582106615,-0.248970955,0.638767458));
#9980=VERTEX_POINT('',#9979);
#9981=CARTESIAN_POINT('',(-26.582106615,-0.248970955,0.638767458));
#9982=DIRECTION('',(0.,-0.121869343,-0.992546152));
#9983=VECTOR('',#9982,0.4);
#9984=LINE('',#9981,#9983);
#9985=EDGE_CURVE('',#9980,#3692,#9984,.T.);
#9986=ORIENTED_EDGE('',*,*,#9985,.F.);
#9987=CARTESIAN_POINT('',(-26.582106615,-0.248970955,0.638767458));
#9988=DIRECTION('',(1.,0.,-0.));
#9989=VECTOR('',#9988,5.101449788);
#9990=LINE('',#9987,#9989);
#9991=EDGE_CURVE('',#9980,#9956,#9990,.T.);
#9992=ORIENTED_EDGE('',*,*,#9991,.T.);
#9993=ORIENTED_EDGE('',*,*,#9961,.T.);
#9994=EDGE_LOOP('',(#9978,#9986,#9992,#9993));
#9995=FACE_BOUND('',#9994,.T.);
#9996=ADVANCED_FACE('',(#9995),#9977,.T.);
#9997=CARTESIAN_POINT('',(-26.582106615,-2.579295718,0.92489536));
#9998=DIRECTION('',(-1.,0.,0.));
#9999=DIRECTION('',(0.,0.,1.));
#10000=AXIS2_PLACEMENT_3D('',#9997,#9998,#9999);
#10001=PLANE('',#10000);
#10002=ORIENTED_EDGE('',*,*,#3697,.F.);
#10003=CARTESIAN_POINT('',(-26.582106615,-4.90962048,1.211023262));
#10004=VERTEX_POINT('',#10003);
#10005=CARTESIAN_POINT('',(-26.582106615,-4.90962048,1.211023262));
#10006=DIRECTION('',(0.,-0.121869343,-0.992546152));
#10007=VECTOR('',#10006,0.4);
#10008=LINE('',#10005,#10007);
#10009=EDGE_CURVE('',#10004,#3684,#10008,.T.);
#10010=ORIENTED_EDGE('',*,*,#10009,.F.);
#10011=CARTESIAN_POINT('',(-26.582106615,-4.90962048,1.211023262));
#10012=DIRECTION('',(0.,0.992546152,-0.121869343));
#10013=VECTOR('',#10012,4.69565019);
#10014=LINE('',#10011,#10013);
#10015=EDGE_CURVE('',#10004,#9980,#10014,.T.);
#10016=ORIENTED_EDGE('',*,*,#10015,.T.);
#10017=ORIENTED_EDGE('',*,*,#9985,.T.);
#10018=EDGE_LOOP('',(#10002,#10010,#10016,#10017));
#10019=FACE_BOUND('',#10018,.T.);
#10020=ADVANCED_FACE('',(#10019),#10001,.T.);
#10021=CARTESIAN_POINT('',(-27.190801355,-4.90962048,1.211023262));
#10022=DIRECTION('',(0.,0.992546152,-0.121869343));
#10023=DIRECTION('',(0.,0.121869343,0.992546152));
#10024=AXIS2_PLACEMENT_3D('',#10021,#10022,#10023);
#10025=PLANE('',#10024);
#10026=ORIENTED_EDGE('',*,*,#3689,.F.);
#10027=ORIENTED_EDGE('',*,*,#9776,.F.);
#10028=CARTESIAN_POINT('',(-27.799496094,-4.90962048,1.211023262));
#10029=DIRECTION('',(1.,0.,-0.));
#10030=VECTOR('',#10029,1.217389479);
#10031=LINE('',#10028,#10030);
#10032=EDGE_CURVE('',#9765,#10004,#10031,.T.);
#10033=ORIENTED_EDGE('',*,*,#10032,.T.);
#10034=ORIENTED_EDGE('',*,*,#10009,.T.);
#10035=EDGE_LOOP('',(#10026,#10027,#10033,#10034));
#10036=FACE_BOUND('',#10035,.T.);
#10037=ADVANCED_FACE('',(#10036),#10025,.T.);
#10038=CARTESIAN_POINT('',(-44.785006046,0.053111091,0.601676447));
#10039=DIRECTION('',(0.,-0.121869343,-0.992546152));
#10040=DIRECTION('',(-1.,0.,0.));
#10041=AXIS2_PLACEMENT_3D('',#10038,#10039,#10040);
#10042=PLANE('',#10041);
#10043=ORIENTED_EDGE('',*,*,#9770,.F.);
#10044=ORIENTED_EDGE('',*,*,#9799,.F.);
#10045=ORIENTED_EDGE('',*,*,#9823,.F.);
#10046=ORIENTED_EDGE('',*,*,#9847,.F.);
#10047=ORIENTED_EDGE('',*,*,#9871,.F.);
#10048=ORIENTED_EDGE('',*,*,#9895,.F.);
#10049=ORIENTED_EDGE('',*,*,#9919,.F.);
#10050=ORIENTED_EDGE('',*,*,#9943,.F.);
#10051=ORIENTED_EDGE('',*,*,#9967,.F.);
#10052=ORIENTED_EDGE('',*,*,#9991,.F.);
#10053=ORIENTED_EDGE('',*,*,#10015,.F.);
#10054=ORIENTED_EDGE('',*,*,#10032,.F.);
#10055=EDGE_LOOP('',(#10043,#10044,#10045,#10046,#10047,#10048,#10049,#10050,#10051,#10052,#10053,#10054));
#10056=FACE_BOUND('',#10055,.T.);
#10057=ADVANCED_FACE('',(#10056),#10042,.T.);
#10058=CARTESIAN_POINT('',(-32.785006466,0.98811656,0.486872211));
#10059=DIRECTION('',(0.,-0.992546152,0.121869343));
#10060=DIRECTION('',(0.,-0.121869343,-0.992546152));
#10061=AXIS2_PLACEMENT_3D('',#10058,#10059,#10060);
#10062=PLANE('',#10061);
#10063=ORIENTED_EDGE('',*,*,#2922,.F.);
#10064=CARTESIAN_POINT('',(-31.234280805,0.98811656,0.486872211));
#10065=VERTEX_POINT('',#10064);
#10066=CARTESIAN_POINT('',(-31.234280805,0.98811656,0.486872211));
#10067=DIRECTION('',(0.,-0.121869343,-0.992546152));
#10068=VECTOR('',#10067,0.4);
#10069=LINE('',#10066,#10068);
#10070=EDGE_CURVE('',#10065,#2915,#10069,.T.);
#10071=ORIENTED_EDGE('',*,*,#10070,.F.);
#10072=CARTESIAN_POINT('',(-34.335732127,0.98811656,0.486872211));
#10073=VERTEX_POINT('',#10072);
#10074=CARTESIAN_POINT('',(-31.234280805,0.98811656,0.486872211));
#10075=DIRECTION('',(-1.,0.,0.));
#10076=VECTOR('',#10075,3.101451322);
#10077=LINE('',#10074,#10076);
#10078=EDGE_CURVE('',#10065,#10073,#10077,.T.);
#10079=ORIENTED_EDGE('',*,*,#10078,.T.);
#10080=CARTESIAN_POINT('',(-34.335732127,0.98811656,0.486872211));
#10081=DIRECTION('',(0.,-0.121869343,-0.992546152));
#10082=VECTOR('',#10081,0.4);
#10083=LINE('',#10080,#10082);
#10084=EDGE_CURVE('',#10073,#2917,#10083,.T.);
#10085=ORIENTED_EDGE('',*,*,#10084,.T.);
#10086=EDGE_LOOP('',(#10063,#10071,#10079,#10085));
#10087=FACE_BOUND('',#10086,.T.);
#10088=ADVANCED_FACE('',(#10087),#10062,.T.);
#10089=CARTESIAN_POINT('',(-31.241527426,1.764892097,0.391496168));
#10090=DIRECTION('',(0.999957133,0.009190154,-0.001128409));
#10091=DIRECTION('',(-0.00919016,0.99995777,0.));
#10092=AXIS2_PLACEMENT_3D('',#10089,#10090,#10091);
#10093=PLANE('',#10092);
#10094=ORIENTED_EDGE('',*,*,#3029,.F.);
#10095=CARTESIAN_POINT('',(-31.248774047,2.541667634,0.296120126));
#10096=VERTEX_POINT('',#10095);
#10097=CARTESIAN_POINT('',(-31.248774047,2.541667634,0.296120126));
#10098=DIRECTION('',(0.,-0.121869343,-0.992546152));
#10099=VECTOR('',#10098,0.4);
#10100=LINE('',#10097,#10099);
#10101=EDGE_CURVE('',#10096,#3017,#10100,.T.);
#10102=ORIENTED_EDGE('',*,*,#10101,.F.);
#10103=CARTESIAN_POINT('',(-31.248774047,2.541667634,0.296120126));
#10104=DIRECTION('',(0.009259171,-0.992503604,0.121864119));
#10105=VECTOR('',#10104,1.565285071);
#10106=LINE('',#10103,#10105);
#10107=EDGE_CURVE('',#10096,#10065,#10106,.T.);
#10108=ORIENTED_EDGE('',*,*,#10107,.T.);
#10109=ORIENTED_EDGE('',*,*,#10070,.T.);
#10110=EDGE_LOOP('',(#10094,#10102,#10108,#10109));
#10111=FACE_BOUND('',#10110,.T.);
#10112=ADVANCED_FACE('',(#10111),#10093,.T.);
#10113=CARTESIAN_POINT('',(-32.640078703,3.922603566,0.126562514));
#10114=CARTESIAN_POINT('',(-32.640078703,3.873855829,-0.270455947));
#10115=CARTESIAN_POINT('',(-31.702879483,3.922603566,0.126562514));
#10116=CARTESIAN_POINT('',(-31.702879483,3.873855829,-0.270455947));
#10117=CARTESIAN_POINT('',(-31.239110644,3.462291589,0.183081718));
#10118=CARTESIAN_POINT('',(-31.239110644,3.413543852,-0.213936743));
#10119=CARTESIAN_POINT('',(-31.248774047,2.541667634,0.296120126));
#10120=CARTESIAN_POINT('',(-31.248774047,2.492919897,-0.100898335));
#10121=B_SPLINE_SURFACE_WITH_KNOTS('',3,1,((#10113,#10114),(#10115,#10116),(#10117,#10118),(#10119,#10120)),.UNSPECIFIED.,.F.,.F.,.U.,(4,4),(2,2),(0.,1.),(0.,1.),.UNSPECIFIED.);
#10122=ORIENTED_EDGE('',*,*,#3023,.F.);
#10123=CARTESIAN_POINT('',(-32.640078703,3.922603566,0.126562514));
#10124=VERTEX_POINT('',#10123);
#10125=CARTESIAN_POINT('',(-32.640078703,3.922603566,0.126562514));
#10126=DIRECTION('',(0.,-0.121869343,-0.992546152));
#10127=VECTOR('',#10126,0.4);
#10128=LINE('',#10125,#10127);
#10129=EDGE_CURVE('',#10124,#3009,#10128,.T.);
#10130=ORIENTED_EDGE('',*,*,#10129,.F.);
#10131=CARTESIAN_POINT('',(-32.640078703,3.922603566,0.126562514));
#10132=CARTESIAN_POINT('',(-31.702879483,3.922603566,0.126562514));
#10133=CARTESIAN_POINT('',(-31.239110644,3.462291589,0.183081718));
#10134=CARTESIAN_POINT('',(-31.248774047,2.541667634,0.296120126));
#10135=B_SPLINE_CURVE_WITH_KNOTS('',3,(#10131,#10132,#10133,#10134),.UNSPECIFIED.,.F.,.F.,(4,4),(0.,1.),.UNSPECIFIED.);
#10136=EDGE_CURVE('',#10124,#10096,#10135,.T.);
#10137=ORIENTED_EDGE('',*,*,#10136,.T.);
#10138=ORIENTED_EDGE('',*,*,#10101,.T.);
#10139=EDGE_LOOP('',(#10122,#10130,#10137,#10138));
#10140=FACE_BOUND('',#10139,.T.);
#10141=ADVANCED_FACE('',(#10140),#10121,.T.);
#10142=CARTESIAN_POINT('',(-34.306744712,3.922603566,0.126562514));
#10143=DIRECTION('',(0.,0.992546152,-0.121869343));
#10144=DIRECTION('',(0.,0.121869343,0.992546152));
#10145=AXIS2_PLACEMENT_3D('',#10142,#10143,#10144);
#10146=PLANE('',#10145);
#10147=ORIENTED_EDGE('',*,*,#3014,.F.);
#10148=CARTESIAN_POINT('',(-35.97341072,3.922603566,0.126562514));
#10149=VERTEX_POINT('',#10148);
#10150=CARTESIAN_POINT('',(-35.97341072,3.922603566,0.126562514));
#10151=DIRECTION('',(0.,-0.121869343,-0.992546152));
#10152=VECTOR('',#10151,0.4);
#10153=LINE('',#10150,#10152);
#10154=EDGE_CURVE('',#10149,#3001,#10153,.T.);
#10155=ORIENTED_EDGE('',*,*,#10154,.F.);
#10156=CARTESIAN_POINT('',(-35.97341072,3.922603566,0.126562514));
#10157=DIRECTION('',(1.,0.,-0.));
#10158=VECTOR('',#10157,3.333332017);
#10159=LINE('',#10156,#10158);
#10160=EDGE_CURVE('',#10149,#10124,#10159,.T.);
#10161=ORIENTED_EDGE('',*,*,#10160,.T.);
#10162=ORIENTED_EDGE('',*,*,#10129,.T.);
#10163=EDGE_LOOP('',(#10147,#10155,#10161,#10162));
#10164=FACE_BOUND('',#10163,.T.);
#10165=ADVANCED_FACE('',(#10164),#10146,.T.);
#10166=CARTESIAN_POINT('',(-35.97341072,4.217490233,0.090354984));
#10167=DIRECTION('',(1.,0.,0.));
#10168=DIRECTION('',(0.,-0.,-1.));
#10169=AXIS2_PLACEMENT_3D('',#10166,#10167,#10168);
#10170=PLANE('',#10169);
#10171=ORIENTED_EDGE('',*,*,#3006,.F.);
#10172=CARTESIAN_POINT('',(-35.97341072,4.5123769,0.054147455));
#10173=VERTEX_POINT('',#10172);
#10174=CARTESIAN_POINT('',(-35.97341072,4.5123769,0.054147455));
#10175=DIRECTION('',(0.,-0.121869343,-0.992546152));
#10176=VECTOR('',#10175,0.4);
#10177=LINE('',#10174,#10176);
#10178=EDGE_CURVE('',#10173,#2993,#10177,.T.);
#10179=ORIENTED_EDGE('',*,*,#10178,.F.);
#10180=CARTESIAN_POINT('',(-35.97341072,4.5123769,0.054147455));
#10181=DIRECTION('',(0.,-0.992546152,0.121869343));
#10182=VECTOR('',#10181,0.594202429);
#10183=LINE('',#10180,#10182);
#10184=EDGE_CURVE('',#10173,#10149,#10183,.T.);
#10185=ORIENTED_EDGE('',*,*,#10184,.T.);
#10186=ORIENTED_EDGE('',*,*,#10154,.T.);
#10187=EDGE_LOOP('',(#10171,#10179,#10185,#10186));
#10188=FACE_BOUND('',#10187,.T.);
#10189=ADVANCED_FACE('',(#10188),#10170,.T.);
#10190=CARTESIAN_POINT('',(-35.647324885,4.764109782,0.023238543));
#10191=DIRECTION('',(0.613942174,-0.783467301,0.096197688));
#10192=DIRECTION('',(0.787117758,0.616802752,-0.));
#10193=AXIS2_PLACEMENT_3D('',#10190,#10191,#10192);
#10194=PLANE('',#10193);
#10195=ORIENTED_EDGE('',*,*,#2998,.F.);
#10196=CARTESIAN_POINT('',(-35.321239049,5.015842663,-0.007670368));
#10197=VERTEX_POINT('',#10196);
#10198=CARTESIAN_POINT('',(-35.321239049,5.015842663,-0.007670368));
#10199=DIRECTION('',(0.,-0.121869343,-0.992546152));
#10200=VECTOR('',#10199,0.4);
#10201=LINE('',#10198,#10200);
#10202=EDGE_CURVE('',#10197,#2985,#10201,.T.);
#10203=ORIENTED_EDGE('',*,*,#10202,.F.);
#10204=CARTESIAN_POINT('',(-35.321239049,5.015842663,-0.007670368));
#10205=DIRECTION('',(-0.789351003,-0.609365942,0.074820729));
#10206=VECTOR('',#10205,0.826212507);
#10207=LINE('',#10204,#10206);
#10208=EDGE_CURVE('',#10197,#10173,#10207,.T.);
#10209=ORIENTED_EDGE('',*,*,#10208,.T.);
#10210=ORIENTED_EDGE('',*,*,#10178,.T.);
#10211=EDGE_LOOP('',(#10195,#10203,#10209,#10210));
#10212=FACE_BOUND('',#10211,.T.);
#10213=ADVANCED_FACE('',(#10212),#10194,.T.);
#10214=CARTESIAN_POINT('',(-34.009644429,5.015842663,-0.007670368));
#10215=DIRECTION('',(0.,-0.992546152,0.121869343));
#10216=DIRECTION('',(0.,-0.121869343,-0.992546152));
#10217=AXIS2_PLACEMENT_3D('',#10214,#10215,#10216);
#10218=PLANE('',#10217);
#10219=ORIENTED_EDGE('',*,*,#2990,.F.);
#10220=CARTESIAN_POINT('',(-32.698049808,5.015842663,-0.007670368));
#10221=VERTEX_POINT('',#10220);
#10222=CARTESIAN_POINT('',(-32.698049808,5.015842663,-0.007670368));
#10223=DIRECTION('',(0.,-0.121869343,-0.992546152));
#10224=VECTOR('',#10223,0.4);
#10225=LINE('',#10222,#10224);
#10226=EDGE_CURVE('',#10221,#2976,#10225,.T.);
#10227=ORIENTED_EDGE('',*,*,#10226,.F.);
#10228=CARTESIAN_POINT('',(-32.698049808,5.015842663,-0.007670368));
#10229=DIRECTION('',(-1.,0.,0.));
#10230=VECTOR('',#10229,2.623189241);
#10231=LINE('',#10228,#10230);
#10232=EDGE_CURVE('',#10221,#10197,#10231,.T.);
#10233=ORIENTED_EDGE('',*,*,#10232,.T.);
#10234=ORIENTED_EDGE('',*,*,#10202,.T.);
#10235=EDGE_LOOP('',(#10219,#10227,#10233,#10234));
#10236=FACE_BOUND('',#10235,.T.);
#10237=ADVANCED_FACE('',(#10236),#10218,.T.);
#10238=CARTESIAN_POINT('',(-30.031382705,2.369052492,0.3173146));
#10239=CARTESIAN_POINT('',(-30.031382705,2.320304754,-0.079703861));
#10240=CARTESIAN_POINT('',(-30.031380842,4.133576808,0.100658257));
#10241=CARTESIAN_POINT('',(-30.031380842,4.084829071,-0.296360203));
#10242=CARTESIAN_POINT('',(-30.920270497,5.015842663,-0.007670368));
#10243=CARTESIAN_POINT('',(-30.920270497,4.967094926,-0.404688829));
#10244=CARTESIAN_POINT('',(-32.698049808,5.015842663,-0.007670368));
#10245=CARTESIAN_POINT('',(-32.698049808,4.967094926,-0.404688829));
#10246=B_SPLINE_SURFACE_WITH_KNOTS('',3,1,((#10238,#10239),(#10240,#10241),(#10242,#10243),(#10244,#10245)),.UNSPECIFIED.,.F.,.F.,.U.,(4,4),(2,2),(0.,1.),(0.,1.),.UNSPECIFIED.);
#10247=ORIENTED_EDGE('',*,*,#2982,.F.);
#10248=CARTESIAN_POINT('',(-30.031382705,2.369052492,0.3173146));
#10249=VERTEX_POINT('',#10248);
#10250=CARTESIAN_POINT('',(-30.031382705,2.369052492,0.3173146));
#10251=DIRECTION('',(0.,-0.121869343,-0.992546152));
#10252=VECTOR('',#10251,0.4);
#10253=LINE('',#10250,#10252);
#10254=EDGE_CURVE('',#10249,#2968,#10253,.T.);
#10255=ORIENTED_EDGE('',*,*,#10254,.F.);
#10256=CARTESIAN_POINT('',(-30.031382705,2.369052492,0.3173146));
#10257=CARTESIAN_POINT('',(-30.031380842,4.133576808,0.100658257));
#10258=CARTESIAN_POINT('',(-30.920270497,5.015842663,-0.007670368));
#10259=CARTESIAN_POINT('',(-32.698049808,5.015842663,-0.007670368));
#10260=B_SPLINE_CURVE_WITH_KNOTS('',3,(#10256,#10257,#10258,#10259),.UNSPECIFIED.,.F.,.F.,(4,4),(0.,1.),.UNSPECIFIED.);
#10261=EDGE_CURVE('',#10249,#10221,#10260,.T.);
#10262=ORIENTED_EDGE('',*,*,#10261,.T.);
#10263=ORIENTED_EDGE('',*,*,#10226,.T.);
#10264=EDGE_LOOP('',(#10247,#10255,#10262,#10263));
#10265=FACE_BOUND('',#10264,.T.);
#10266=ADVANCED_FACE('',(#10265),#10246,.T.);
#10267=CARTESIAN_POINT('',(-30.031382705,-0.169851367,0.629052794));
#10268=DIRECTION('',(-1.,0.,0.));
#10269=DIRECTION('',(0.,0.,1.));
#10270=AXIS2_PLACEMENT_3D('',#10267,#10268,#10269);
#10271=PLANE('',#10270);
#10272=ORIENTED_EDGE('',*,*,#2973,.F.);
#10273=CARTESIAN_POINT('',(-30.031382705,-2.708755226,0.940790989));
#10274=VERTEX_POINT('',#10273);
#10275=CARTESIAN_POINT('',(-30.031382705,-2.708755226,0.940790989));
#10276=DIRECTION('',(0.,-0.121869343,-0.992546152));
#10277=VECTOR('',#10276,0.4);
#10278=LINE('',#10275,#10277);
#10279=EDGE_CURVE('',#10274,#2959,#10278,.T.);
#10280=ORIENTED_EDGE('',*,*,#10279,.F.);
#10281=CARTESIAN_POINT('',(-30.031382705,-2.708755226,0.940790989));
#10282=DIRECTION('',(0.,0.992546152,-0.121869343));
#10283=VECTOR('',#10282,5.115941167);
#10284=LINE('',#10281,#10283);
#10285=EDGE_CURVE('',#10274,#10249,#10284,.T.);
#10286=ORIENTED_EDGE('',*,*,#10285,.T.);
#10287=ORIENTED_EDGE('',*,*,#10254,.T.);
#10288=EDGE_LOOP('',(#10272,#10280,#10286,#10287));
#10289=FACE_BOUND('',#10288,.T.);
#10290=ADVANCED_FACE('',(#10289),#10271,.T.);
#10291=CARTESIAN_POINT('',(-32.24877421,-4.90962048,1.211023262));
#10292=CARTESIAN_POINT('',(-32.24877421,-4.958368218,0.814004801));
#10293=CARTESIAN_POINT('',(-30.770513827,-4.90962048,1.211023262));
#10294=CARTESIAN_POINT('',(-30.770513827,-4.958368218,0.814004801));
#10295=CARTESIAN_POINT('',(-30.031380842,-4.175998729,1.120945837));
#10296=CARTESIAN_POINT('',(-30.031380842,-4.224746466,0.723927377));
#10297=CARTESIAN_POINT('',(-30.031382705,-2.708755226,0.940790989));
#10298=CARTESIAN_POINT('',(-30.031382705,-2.757502963,0.543772528));
#10299=B_SPLINE_SURFACE_WITH_KNOTS('',3,1,((#10291,#10292),(#10293,#10294),(#10295,#10296),(#10297,#10298)),.UNSPECIFIED.,.F.,.F.,.U.,(4,4),(2,2),(0.,1.),(0.,1.),.UNSPECIFIED.);
#10300=ORIENTED_EDGE('',*,*,#2965,.F.);
#10301=CARTESIAN_POINT('',(-32.24877421,-4.90962048,1.211023262));
#10302=VERTEX_POINT('',#10301);
#10303=CARTESIAN_POINT('',(-32.24877421,-4.90962048,1.211023262));
#10304=DIRECTION('',(0.,-0.121869343,-0.992546152));
#10305=VECTOR('',#10304,0.4);
#10306=LINE('',#10303,#10305);
#10307=EDGE_CURVE('',#10302,#2951,#10306,.T.);
#10308=ORIENTED_EDGE('',*,*,#10307,.F.);
#10309=CARTESIAN_POINT('',(-32.24877421,-4.90962048,1.211023262));
#10310=CARTESIAN_POINT('',(-30.770513827,-4.90962048,1.211023262));
#10311=CARTESIAN_POINT('',(-30.031380842,-4.175998729,1.120945837));
#10312=CARTESIAN_POINT('',(-30.031382705,-2.708755226,0.940790989));
#10313=B_SPLINE_CURVE_WITH_KNOTS('',3,(#10309,#10310,#10311,#10312),.UNSPECIFIED.,.F.,.F.,(4,4),(0.,1.),.UNSPECIFIED.);
#10314=EDGE_CURVE('',#10302,#10274,#10313,.T.);
#10315=ORIENTED_EDGE('',*,*,#10314,.T.);
#10316=ORIENTED_EDGE('',*,*,#10279,.T.);
#10317=EDGE_LOOP('',(#10300,#10308,#10315,#10316));
#10318=FACE_BOUND('',#10317,.T.);
#10319=ADVANCED_FACE('',(#10318),#10299,.T.);
#10320=CARTESIAN_POINT('',(-33.292253169,-4.90962048,1.211023262));
#10321=DIRECTION('',(0.,0.992546152,-0.121869343));
#10322=DIRECTION('',(0.,0.121869343,0.992546152));
#10323=AXIS2_PLACEMENT_3D('',#10320,#10321,#10322);
#10324=PLANE('',#10323);
#10325=ORIENTED_EDGE('',*,*,#2956,.F.);
#10326=CARTESIAN_POINT('',(-34.335732127,-4.90962048,1.211023262));
#10327=VERTEX_POINT('',#10326);
#10328=CARTESIAN_POINT('',(-34.335732127,-4.90962048,1.211023262));
#10329=DIRECTION('',(0.,-0.121869343,-0.992546152));
#10330=VECTOR('',#10329,0.4);
#10331=LINE('',#10328,#10330);
#10332=EDGE_CURVE('',#10327,#2942,#10331,.T.);
#10333=ORIENTED_EDGE('',*,*,#10332,.F.);
#10334=CARTESIAN_POINT('',(-34.335732127,-4.90962048,1.211023262));
#10335=DIRECTION('',(1.,0.,-0.));
#10336=VECTOR('',#10335,2.086957917);
#10337=LINE('',#10334,#10336);
#10338=EDGE_CURVE('',#10327,#10302,#10337,.T.);
#10339=ORIENTED_EDGE('',*,*,#10338,.T.);
#10340=ORIENTED_EDGE('',*,*,#10307,.T.);
#10341=EDGE_LOOP('',(#10325,#10333,#10339,#10340));
#10342=FACE_BOUND('',#10341,.T.);
#10343=ADVANCED_FACE('',(#10342),#10324,.T.);
#10344=CARTESIAN_POINT('',(-36.55312177,-2.708755226,0.940790989));
#10345=CARTESIAN_POINT('',(-36.55312177,-2.757502963,0.543772528));
#10346=CARTESIAN_POINT('',(-36.553119908,-4.175998729,1.120945837));
#10347=CARTESIAN_POINT('',(-36.553119908,-4.224746466,0.723927377));
#10348=CARTESIAN_POINT('',(-35.813988785,-4.90962048,1.211023262));
#10349=CARTESIAN_POINT('',(-35.813988785,-4.958368218,0.814004801));
#10350=CARTESIAN_POINT('',(-34.335732127,-4.90962048,1.211023262));
#10351=CARTESIAN_POINT('',(-34.335732127,-4.958368218,0.814004801));
#10352=B_SPLINE_SURFACE_WITH_KNOTS('',3,1,((#10344,#10345),(#10346,#10347),(#10348,#10349),(#10350,#10351)),.UNSPECIFIED.,.F.,.F.,.U.,(4,4),(2,2),(0.,1.),(0.,1.),.UNSPECIFIED.);
#10353=ORIENTED_EDGE('',*,*,#2948,.F.);
#10354=CARTESIAN_POINT('',(-36.55312177,-2.708755226,0.940790989));
#10355=VERTEX_POINT('',#10354);
#10356=CARTESIAN_POINT('',(-36.55312177,-2.708755226,0.940790989));
#10357=DIRECTION('',(0.,-0.121869343,-0.992546152));
#10358=VECTOR('',#10357,0.4);
#10359=LINE('',#10356,#10358);
#10360=EDGE_CURVE('',#10355,#2934,#10359,.T.);
#10361=ORIENTED_EDGE('',*,*,#10360,.F.);
#10362=CARTESIAN_POINT('',(-36.55312177,-2.708755226,0.940790989));
#10363=CARTESIAN_POINT('',(-36.553119908,-4.175998729,1.120945837));
#10364=CARTESIAN_POINT('',(-35.813988785,-4.90962048,1.211023262));
#10365=CARTESIAN_POINT('',(-34.335732127,-4.90962048,1.211023262));
#10366=B_SPLINE_CURVE_WITH_KNOTS('',3,(#10362,#10363,#10364,#10365),.UNSPECIFIED.,.F.,.F.,(4,4),(0.,1.),.UNSPECIFIED.);
#10367=EDGE_CURVE('',#10355,#10327,#10366,.T.);
#10368=ORIENTED_EDGE('',*,*,#10367,.T.);
#10369=ORIENTED_EDGE('',*,*,#10332,.T.);
#10370=EDGE_LOOP('',(#10353,#10361,#10368,#10369));
#10371=FACE_BOUND('',#10370,.T.);
#10372=ADVANCED_FACE('',(#10371),#10352,.T.);
#10373=CARTESIAN_POINT('',(-36.55312177,-1.960750112,0.848947509));
#10374=DIRECTION('',(1.,0.,0.));
#10375=DIRECTION('',(0.,-0.,-1.));
#10376=AXIS2_PLACEMENT_3D('',#10373,#10374,#10375);
#10377=PLANE('',#10376);
#10378=ORIENTED_EDGE('',*,*,#2939,.F.);
#10379=CARTESIAN_POINT('',(-36.55312177,-1.212744997,0.75710403));
#10380=VERTEX_POINT('',#10379);
#10381=CARTESIAN_POINT('',(-36.55312177,-1.212744997,0.75710403));
#10382=DIRECTION('',(0.,-0.121869343,-0.992546152));
#10383=VECTOR('',#10382,0.4);
#10384=LINE('',#10381,#10383);
#10385=EDGE_CURVE('',#10380,#2925,#10384,.T.);
#10386=ORIENTED_EDGE('',*,*,#10385,.F.);
#10387=CARTESIAN_POINT('',(-36.55312177,-1.212744997,0.75710403));
#10388=DIRECTION('',(0.,-0.992546152,0.121869343));
#10389=VECTOR('',#10388,1.507245004);
#10390=LINE('',#10387,#10389);
#10391=EDGE_CURVE('',#10380,#10355,#10390,.T.);
#10392=ORIENTED_EDGE('',*,*,#10391,.T.);
#10393=ORIENTED_EDGE('',*,*,#10360,.T.);
#10394=EDGE_LOOP('',(#10378,#10386,#10392,#10393));
#10395=FACE_BOUND('',#10394,.T.);
#10396=ADVANCED_FACE('',(#10395),#10377,.T.);
#10397=CARTESIAN_POINT('',(-34.350223506,-3.816381383,1.07679038));
#10398=CARTESIAN_POINT('',(-34.350223506,-3.86512912,0.679771919));
#10399=CARTESIAN_POINT('',(-35.016890282,-3.816381383,1.07679038));
#10400=CARTESIAN_POINT('',(-35.016890282,-3.86512912,0.679771919));
#10401=CARTESIAN_POINT('',(-35.345391969,-3.49032645,1.036755868));
#10402=CARTESIAN_POINT('',(-35.345391969,-3.539074187,0.639737407));
#10403=CARTESIAN_POINT('',(-35.335732291,-2.83822028,0.956687298));
#10404=CARTESIAN_POINT('',(-35.335732291,-2.886968018,0.559668838));
#10405=B_SPLINE_SURFACE_WITH_KNOTS('',3,1,((#10397,#10398),(#10399,#10400),(#10401,#10402),(#10403,#10404)),.UNSPECIFIED.,.F.,.F.,.U.,(4,4),(2,2),(0.,1.),(0.,1.),.UNSPECIFIED.);
#10406=CARTESIAN_POINT('',(-34.350223506,-3.86512912,0.679771919));
#10407=VERTEX_POINT('',#10406);
#10408=CARTESIAN_POINT('',(-35.335732291,-2.886968018,0.559668838));
#10409=VERTEX_POINT('',#10408);
#10410=CARTESIAN_POINT('',(-34.350223506,-3.86512912,0.679771919));
#10411=CARTESIAN_POINT('',(-35.016890282,-3.86512912,0.679771919));
#10412=CARTESIAN_POINT('',(-35.345391969,-3.539074187,0.639737407));
#10413=CARTESIAN_POINT('',(-35.335732291,-2.886968018,0.559668838));
#10414=B_SPLINE_CURVE_WITH_KNOTS('',3,(#10410,#10411,#10412,#10413),.UNSPECIFIED.,.F.,.F.,(4,4),(0.,1.),.UNSPECIFIED.);
#10415=EDGE_CURVE('',#10407,#10409,#10414,.T.);
#10416=ORIENTED_EDGE('',*,*,#10415,.F.);
#10417=CARTESIAN_POINT('',(-34.350223506,-3.816381383,1.07679038));
#10418=VERTEX_POINT('',#10417);
#10419=CARTESIAN_POINT('',(-34.350223506,-3.816381383,1.07679038));
#10420=DIRECTION('',(0.,-0.121869343,-0.992546152));
#10421=VECTOR('',#10420,0.4);
#10422=LINE('',#10419,#10421);
#10423=EDGE_CURVE('',#10418,#10407,#10422,.T.);
#10424=ORIENTED_EDGE('',*,*,#10423,.F.);
#10425=CARTESIAN_POINT('',(-35.335732291,-2.83822028,0.956687298));
#10426=VERTEX_POINT('',#10425);
#10427=CARTESIAN_POINT('',(-34.350223506,-3.816381383,1.07679038));
#10428=CARTESIAN_POINT('',(-35.016890282,-3.816381383,1.07679038));
#10429=CARTESIAN_POINT('',(-35.345391969,-3.49032645,1.036755868));
#10430=CARTESIAN_POINT('',(-35.335732291,-2.83822028,0.956687298));
#10431=B_SPLINE_CURVE_WITH_KNOTS('',3,(#10427,#10428,#10429,#10430),.UNSPECIFIED.,.F.,.F.,(4,4),(0.,1.),.UNSPECIFIED.);
#10432=EDGE_CURVE('',#10418,#10426,#10431,.T.);
#10433=ORIENTED_EDGE('',*,*,#10432,.T.);
#10434=CARTESIAN_POINT('',(-35.335732291,-2.83822028,0.956687298));
#10435=DIRECTION('',(0.,-0.121869343,-0.992546152));
#10436=VECTOR('',#10435,0.4);
#10437=LINE('',#10434,#10436);
#10438=EDGE_CURVE('',#10426,#10409,#10437,.T.);
#10439=ORIENTED_EDGE('',*,*,#10438,.T.);
#10440=EDGE_LOOP('',(#10416,#10424,#10433,#10439));
#10441=FACE_BOUND('',#10440,.T.);
#10442=ADVANCED_FACE('',(#10441),#10405,.T.);
#10443=CARTESIAN_POINT('',(-33.292252237,-3.816381383,1.07679038));
#10444=DIRECTION('',(0.,-0.992546152,0.121869343));
#10445=DIRECTION('',(0.,-0.121869343,-0.992546152));
#10446=AXIS2_PLACEMENT_3D('',#10443,#10444,#10445);
#10447=PLANE('',#10446);
#10448=CARTESIAN_POINT('',(-32.234280969,-3.86512912,0.679771919));
#10449=VERTEX_POINT('',#10448);
#10450=CARTESIAN_POINT('',(-32.234280969,-3.86512912,0.679771919));
#10451=DIRECTION('',(-1.,0.,0.));
#10452=VECTOR('',#10451,2.115942538);
#10453=LINE('',#10450,#10452);
#10454=EDGE_CURVE('',#10449,#10407,#10453,.T.);
#10455=ORIENTED_EDGE('',*,*,#10454,.F.);
#10456=CARTESIAN_POINT('',(-32.234280969,-3.816381383,1.07679038));
#10457=VERTEX_POINT('',#10456);
#10458=CARTESIAN_POINT('',(-32.234280969,-3.816381383,1.07679038));
#10459=DIRECTION('',(0.,-0.121869343,-0.992546152));
#10460=VECTOR('',#10459,0.4);
#10461=LINE('',#10458,#10460);
#10462=EDGE_CURVE('',#10457,#10449,#10461,.T.);
#10463=ORIENTED_EDGE('',*,*,#10462,.F.);
#10464=CARTESIAN_POINT('',(-32.234280969,-3.816381383,1.07679038));
#10465=DIRECTION('',(-1.,0.,0.));
#10466=VECTOR('',#10465,2.115942538);
#10467=LINE('',#10464,#10466);
#10468=EDGE_CURVE('',#10457,#10418,#10467,.T.);
#10469=ORIENTED_EDGE('',*,*,#10468,.T.);
#10470=ORIENTED_EDGE('',*,*,#10423,.T.);
#10471=EDGE_LOOP('',(#10455,#10463,#10469,#10470));
#10472=FACE_BOUND('',#10471,.T.);
#10473=ADVANCED_FACE('',(#10472),#10447,.T.);
#10474=CARTESIAN_POINT('',(-31.248774047,-2.83822028,0.956687298));
#10475=CARTESIAN_POINT('',(-31.248774047,-2.886968018,0.559668838));
#10476=CARTESIAN_POINT('',(-31.239110644,-3.49032645,1.036755868));
#10477=CARTESIAN_POINT('',(-31.239110644,-3.539074187,0.639737407));
#10478=CARTESIAN_POINT('',(-31.567614193,-3.816381383,1.07679038));
#10479=CARTESIAN_POINT('',(-31.567614193,-3.86512912,0.679771919));
#10480=CARTESIAN_POINT('',(-32.234280969,-3.816381383,1.07679038));
#10481=CARTESIAN_POINT('',(-32.234280969,-3.86512912,0.679771919));
#10482=B_SPLINE_SURFACE_WITH_KNOTS('',3,1,((#10474,#10475),(#10476,#10477),(#10478,#10479),(#10480,#10481)),.UNSPECIFIED.,.F.,.F.,.U.,(4,4),(2,2),(0.,1.),(0.,1.),.UNSPECIFIED.);
#10483=CARTESIAN_POINT('',(-31.248774047,-2.886968018,0.559668838));
#10484=VERTEX_POINT('',#10483);
#10485=CARTESIAN_POINT('',(-31.248774047,-2.886968018,0.559668838));
#10486=CARTESIAN_POINT('',(-31.239110644,-3.539074187,0.639737407));
#10487=CARTESIAN_POINT('',(-31.567614193,-3.86512912,0.679771919));
#10488=CARTESIAN_POINT('',(-32.234280969,-3.86512912,0.679771919));
#10489=B_SPLINE_CURVE_WITH_KNOTS('',3,(#10485,#10486,#10487,#10488),.UNSPECIFIED.,.F.,.F.,(4,4),(0.,1.),.UNSPECIFIED.);
#10490=EDGE_CURVE('',#10484,#10449,#10489,.T.);
#10491=ORIENTED_EDGE('',*,*,#10490,.F.);
#10492=CARTESIAN_POINT('',(-31.248774047,-2.83822028,0.956687298));
#10493=VERTEX_POINT('',#10492);
#10494=CARTESIAN_POINT('',(-31.248774047,-2.83822028,0.956687298));
#10495=DIRECTION('',(0.,-0.121869343,-0.992546152));
#10496=VECTOR('',#10495,0.4);
#10497=LINE('',#10494,#10496);
#10498=EDGE_CURVE('',#10493,#10484,#10497,.T.);
#10499=ORIENTED_EDGE('',*,*,#10498,.F.);
#10500=CARTESIAN_POINT('',(-31.248774047,-2.83822028,0.956687298));
#10501=CARTESIAN_POINT('',(-31.239110644,-3.49032645,1.036755868));
#10502=CARTESIAN_POINT('',(-31.567614193,-3.816381383,1.07679038));
#10503=CARTESIAN_POINT('',(-32.234280969,-3.816381383,1.07679038));
#10504=B_SPLINE_CURVE_WITH_KNOTS('',3,(#10500,#10501,#10502,#10503),.UNSPECIFIED.,.F.,.F.,(4,4),(0.,1.),.UNSPECIFIED.);
#10505=EDGE_CURVE('',#10493,#10457,#10504,.T.);
#10506=ORIENTED_EDGE('',*,*,#10505,.T.);
#10507=ORIENTED_EDGE('',*,*,#10462,.T.);
#10508=EDGE_LOOP('',(#10491,#10499,#10506,#10507));
#10509=FACE_BOUND('',#10508,.T.);
#10510=ADVANCED_FACE('',(#10509),#10482,.T.);
#10511=CARTESIAN_POINT('',(-31.241527426,-1.471671409,0.788896196));
#10512=DIRECTION('',(0.999986149,-0.005224031,0.00064143));
#10513=DIRECTION('',(0.005224033,0.999986355,-0.));
#10514=AXIS2_PLACEMENT_3D('',#10511,#10512,#10513);
#10515=PLANE('',#10514);
#10516=CARTESIAN_POINT('',(-31.234280805,-0.153870274,0.224086633));
#10517=VERTEX_POINT('',#10516);
#10518=CARTESIAN_POINT('',(-31.234280805,-0.153870274,0.224086633));
#10519=DIRECTION('',(-0.005263263,-0.992532404,0.121867655));
#10520=VECTOR('',#10519,2.753660971);
#10521=LINE('',#10518,#10520);
#10522=EDGE_CURVE('',#10517,#10484,#10521,.T.);
#10523=ORIENTED_EDGE('',*,*,#10522,.F.);
#10524=CARTESIAN_POINT('',(-31.234280805,-0.105122537,0.621105093));
#10525=VERTEX_POINT('',#10524);
#10526=CARTESIAN_POINT('',(-31.234280805,-0.105122537,0.621105093));
#10527=DIRECTION('',(0.,-0.121869343,-0.992546152));
#10528=VECTOR('',#10527,0.4);
#10529=LINE('',#10526,#10528);
#10530=EDGE_CURVE('',#10525,#10517,#10529,.T.);
#10531=ORIENTED_EDGE('',*,*,#10530,.F.);
#10532=CARTESIAN_POINT('',(-31.234280805,-0.105122537,0.621105093));
#10533=DIRECTION('',(-0.005263263,-0.992532404,0.121867655));
#10534=VECTOR('',#10533,2.753660971);
#10535=LINE('',#10532,#10534);
#10536=EDGE_CURVE('',#10525,#10493,#10535,.T.);
#10537=ORIENTED_EDGE('',*,*,#10536,.T.);
#10538=ORIENTED_EDGE('',*,*,#10498,.T.);
#10539=EDGE_LOOP('',(#10523,#10531,#10537,#10538));
#10540=FACE_BOUND('',#10539,.T.);
#10541=ADVANCED_FACE('',(#10540),#10515,.T.);
#10542=CARTESIAN_POINT('',(-32.792252155,-0.105122537,0.621105093));
#10543=DIRECTION('',(0.,0.992546152,-0.121869343));
#10544=DIRECTION('',(0.,0.121869343,0.992546152));
#10545=AXIS2_PLACEMENT_3D('',#10542,#10543,#10544);
#10546=PLANE('',#10545);
#10547=CARTESIAN_POINT('',(-34.350223506,-0.153870274,0.224086633));
#10548=VERTEX_POINT('',#10547);
#10549=CARTESIAN_POINT('',(-34.350223506,-0.153870274,0.224086633));
#10550=DIRECTION('',(1.,0.,-0.));
#10551=VECTOR('',#10550,3.115942702);
#10552=LINE('',#10549,#10551);
#10553=EDGE_CURVE('',#10548,#10517,#10552,.T.);
#10554=ORIENTED_EDGE('',*,*,#10553,.F.);
#10555=CARTESIAN_POINT('',(-34.350223506,-0.105122537,0.621105093));
#10556=VERTEX_POINT('',#10555);
#10557=CARTESIAN_POINT('',(-34.350223506,-0.105122537,0.621105093));
#10558=DIRECTION('',(0.,-0.121869343,-0.992546152));
#10559=VECTOR('',#10558,0.4);
#10560=LINE('',#10557,#10559);
#10561=EDGE_CURVE('',#10556,#10548,#10560,.T.);
#10562=ORIENTED_EDGE('',*,*,#10561,.F.);
#10563=CARTESIAN_POINT('',(-34.350223506,-0.105122537,0.621105093));
#10564=DIRECTION('',(1.,0.,-0.));
#10565=VECTOR('',#10564,3.115942702);
#10566=LINE('',#10563,#10565);
#10567=EDGE_CURVE('',#10556,#10525,#10566,.T.);
#10568=ORIENTED_EDGE('',*,*,#10567,.T.);
#10569=ORIENTED_EDGE('',*,*,#10530,.T.);
#10570=EDGE_LOOP('',(#10554,#10562,#10568,#10569));
#10571=FACE_BOUND('',#10570,.T.);
#10572=ADVANCED_FACE('',(#10571),#10546,.T.);
#10573=CARTESIAN_POINT('',(-35.335732291,-1.08328364,0.741208174));
#10574=CARTESIAN_POINT('',(-35.335732291,-1.132031377,0.344189714));
#10575=CARTESIAN_POINT('',(-35.345391969,-0.431177471,0.661139605));
#10576=CARTESIAN_POINT('',(-35.345391969,-0.479925208,0.264121144));
#10577=CARTESIAN_POINT('',(-35.016890282,-0.105122537,0.621105093));
#10578=CARTESIAN_POINT('',(-35.016890282,-0.153870274,0.224086633));
#10579=CARTESIAN_POINT('',(-34.350223506,-0.105122537,0.621105093));
#10580=CARTESIAN_POINT('',(-34.350223506,-0.153870274,0.224086633));
#10581=B_SPLINE_SURFACE_WITH_KNOTS('',3,1,((#10573,#10574),(#10575,#10576),(#10577,#10578),(#10579,#10580)),.UNSPECIFIED.,.F.,.F.,.U.,(4,4),(2,2),(0.,1.),(0.,1.),.UNSPECIFIED.);
#10582=CARTESIAN_POINT('',(-35.335732291,-1.132031377,0.344189714));
#10583=VERTEX_POINT('',#10582);
#10584=CARTESIAN_POINT('',(-35.335732291,-1.132031377,0.344189714));
#10585=CARTESIAN_POINT('',(-35.345391969,-0.479925208,0.264121144));
#10586=CARTESIAN_POINT('',(-35.016890282,-0.153870274,0.224086633));
#10587=CARTESIAN_POINT('',(-34.350223506,-0.153870274,0.224086633));
#10588=B_SPLINE_CURVE_WITH_KNOTS('',3,(#10584,#10585,#10586,#10587),.UNSPECIFIED.,.F.,.F.,(4,4),(0.,1.),.UNSPECIFIED.);
#10589=EDGE_CURVE('',#10583,#10548,#10588,.T.);
#10590=ORIENTED_EDGE('',*,*,#10589,.F.);
#10591=CARTESIAN_POINT('',(-35.335732291,-1.08328364,0.741208174));
#10592=VERTEX_POINT('',#10591);
#10593=CARTESIAN_POINT('',(-35.335732291,-1.08328364,0.741208174));
#10594=DIRECTION('',(0.,-0.121869343,-0.992546152));
#10595=VECTOR('',#10594,0.4);
#10596=LINE('',#10593,#10595);
#10597=EDGE_CURVE('',#10592,#10583,#10596,.T.);
#10598=ORIENTED_EDGE('',*,*,#10597,.F.);
#10599=CARTESIAN_POINT('',(-35.335732291,-1.08328364,0.741208174));
#10600=CARTESIAN_POINT('',(-35.345391969,-0.431177471,0.661139605));
#10601=CARTESIAN_POINT('',(-35.016890282,-0.105122537,0.621105093));
#10602=CARTESIAN_POINT('',(-34.350223506,-0.105122537,0.621105093));
#10603=B_SPLINE_CURVE_WITH_KNOTS('',3,(#10599,#10600,#10601,#10602),.UNSPECIFIED.,.F.,.F.,(4,4),(0.,1.),.UNSPECIFIED.);
#10604=EDGE_CURVE('',#10592,#10556,#10603,.T.);
#10605=ORIENTED_EDGE('',*,*,#10604,.T.);
#10606=ORIENTED_EDGE('',*,*,#10561,.T.);
#10607=EDGE_LOOP('',(#10590,#10598,#10605,#10606));
#10608=FACE_BOUND('',#10607,.T.);
#10609=ADVANCED_FACE('',(#10608),#10581,.T.);
#10610=CARTESIAN_POINT('',(-35.335732291,-1.96075196,0.848947736));
#10611=DIRECTION('',(-1.,0.,0.));
#10612=DIRECTION('',(0.,0.,1.));
#10613=AXIS2_PLACEMENT_3D('',#10610,#10611,#10612);
#10614=PLANE('',#10613);
#10615=CARTESIAN_POINT('',(-35.335732291,-2.886968018,0.559668838));
#10616=DIRECTION('',(0.,0.992546152,-0.121869343));
#10617=VECTOR('',#10616,1.768115908);
#10618=LINE('',#10615,#10617);
#10619=EDGE_CURVE('',#10409,#10583,#10618,.T.);
#10620=ORIENTED_EDGE('',*,*,#10619,.F.);
#10621=ORIENTED_EDGE('',*,*,#10438,.F.);
#10622=CARTESIAN_POINT('',(-35.335732291,-2.83822028,0.956687298));
#10623=DIRECTION('',(0.,0.992546152,-0.121869343));
#10624=VECTOR('',#10623,1.768115908);
#10625=LINE('',#10622,#10624);
#10626=EDGE_CURVE('',#10426,#10592,#10625,.T.);
#10627=ORIENTED_EDGE('',*,*,#10626,.T.);
#10628=ORIENTED_EDGE('',*,*,#10597,.T.);
#10629=EDGE_LOOP('',(#10620,#10621,#10627,#10628));
#10630=FACE_BOUND('',#10629,.T.);
#10631=ADVANCED_FACE('',(#10630),#10614,.T.);
#10632=CARTESIAN_POINT('',(-34.335732127,0.98811656,0.486872211));
#10633=CARTESIAN_POINT('',(-34.335732127,0.939368823,0.089853751));
#10634=CARTESIAN_POINT('',(-35.813988785,0.98811656,0.486872211));
#10635=CARTESIAN_POINT('',(-35.813988785,0.939368823,0.089853751));
#10636=CARTESIAN_POINT('',(-36.553119908,0.254498506,0.576949182));
#10637=CARTESIAN_POINT('',(-36.553119908,0.205750769,0.179930721));
#10638=CARTESIAN_POINT('',(-36.55312177,-1.212744997,0.75710403));
#10639=CARTESIAN_POINT('',(-36.55312177,-1.261492734,0.36008557));
#10640=B_SPLINE_SURFACE_WITH_KNOTS('',3,1,((#10632,#10633),(#10634,#10635),(#10636,#10637),(#10638,#10639)),.UNSPECIFIED.,.F.,.F.,.U.,(4,4),(2,2),(0.,1.),(0.,1.),.UNSPECIFIED.);
#10641=ORIENTED_EDGE('',*,*,#2931,.F.);
#10642=ORIENTED_EDGE('',*,*,#10084,.F.);
#10643=CARTESIAN_POINT('',(-34.335732127,0.98811656,0.486872211));
#10644=CARTESIAN_POINT('',(-35.813988785,0.98811656,0.486872211));
#10645=CARTESIAN_POINT('',(-36.553119908,0.254498506,0.576949182));
#10646=CARTESIAN_POINT('',(-36.55312177,-1.212744997,0.75710403));
#10647=B_SPLINE_CURVE_WITH_KNOTS('',3,(#10643,#10644,#10645,#10646),.UNSPECIFIED.,.F.,.F.,(4,4),(0.,1.),.UNSPECIFIED.);
#10648=EDGE_CURVE('',#10073,#10380,#10647,.T.);
#10649=ORIENTED_EDGE('',*,*,#10648,.T.);
#10650=ORIENTED_EDGE('',*,*,#10385,.T.);
#10651=EDGE_LOOP('',(#10641,#10642,#10649,#10650));
#10652=FACE_BOUND('',#10651,.T.);
#10653=ADVANCED_FACE('',(#10652),#10640,.T.);
#10654=CARTESIAN_POINT('',(-44.785006046,0.053111091,0.601676447));
#10655=DIRECTION('',(0.,-0.121869343,-0.992546152));
#10656=DIRECTION('',(-1.,0.,0.));
#10657=AXIS2_PLACEMENT_3D('',#10654,#10655,#10656);
#10658=PLANE('',#10657);
#10659=ORIENTED_EDGE('',*,*,#10432,.F.);
#10660=ORIENTED_EDGE('',*,*,#10468,.F.);
#10661=ORIENTED_EDGE('',*,*,#10505,.F.);
#10662=ORIENTED_EDGE('',*,*,#10536,.F.);
#10663=ORIENTED_EDGE('',*,*,#10567,.F.);
#10664=ORIENTED_EDGE('',*,*,#10604,.F.);
#10665=ORIENTED_EDGE('',*,*,#10626,.F.);
#10666=EDGE_LOOP('',(#10659,#10660,#10661,#10662,#10663,#10664,#10665));
#10667=FACE_BOUND('',#10666,.T.);
#10668=ORIENTED_EDGE('',*,*,#10078,.F.);
#10669=ORIENTED_EDGE('',*,*,#10107,.F.);
#10670=ORIENTED_EDGE('',*,*,#10136,.F.);
#10671=ORIENTED_EDGE('',*,*,#10160,.F.);
#10672=ORIENTED_EDGE('',*,*,#10184,.F.);
#10673=ORIENTED_EDGE('',*,*,#10208,.F.);
#10674=ORIENTED_EDGE('',*,*,#10232,.F.);
#10675=ORIENTED_EDGE('',*,*,#10261,.F.);
#10676=ORIENTED_EDGE('',*,*,#10285,.F.);
#10677=ORIENTED_EDGE('',*,*,#10314,.F.);
#10678=ORIENTED_EDGE('',*,*,#10338,.F.);
#10679=ORIENTED_EDGE('',*,*,#10367,.F.);
#10680=ORIENTED_EDGE('',*,*,#10391,.F.);
#10681=ORIENTED_EDGE('',*,*,#10648,.F.);
#10682=EDGE_LOOP('',(#10668,#10669,#10670,#10671,#10672,#10673,#10674,#10675,#10676,#10677,#10678,#10679,#10680,#10681));
#10683=FACE_BOUND('',#10682,.T.);
#10684=ADVANCED_FACE('',(#10667,#10683),#10658,.T.);
#10685=CARTESIAN_POINT('',(3.03500127,-1.443986758,0.382493018));
#10686=DIRECTION('',(0.,0.121869343,0.992546152));
#10687=DIRECTION('',(-1.,0.,0.));
#10688=AXIS2_PLACEMENT_3D('',#10685,#10686,#10687);
#10689=PLANE('',#10688);
#10690=ORIENTED_EDGE('',*,*,#10415,.T.);
#10691=ORIENTED_EDGE('',*,*,#10619,.T.);
#10692=ORIENTED_EDGE('',*,*,#10589,.T.);
#10693=ORIENTED_EDGE('',*,*,#10553,.T.);
#10694=ORIENTED_EDGE('',*,*,#10522,.T.);
#10695=ORIENTED_EDGE('',*,*,#10490,.T.);
#10696=ORIENTED_EDGE('',*,*,#10454,.T.);
#10697=EDGE_LOOP('',(#10690,#10691,#10692,#10693,#10694,#10695,#10696));
#10698=FACE_BOUND('',#10697,.T.);
#10699=ADVANCED_FACE('',(#10698),#10689,.F.);
#10700=CARTESIAN_POINT('',(-1.285000002,40.438256955,-3.7965572));
#10701=DIRECTION('',(0.,0.992546152,-0.121869343));
#10702=DIRECTION('',(0.,0.121869343,0.992546152));
#10703=AXIS2_PLACEMENT_3D('',#10700,#10701,#10702);
#10704=PLANE('',#10703);
#10705=ORIENTED_EDGE('',*,*,#649,.F.);
#10706=CARTESIAN_POINT('',(-0.885000002,40.438256955,-3.7965572));
#10707=VERTEX_POINT('',#10706);
#10708=CARTESIAN_POINT('',(-0.885000002,40.516708966,-3.157616843));
#10709=DIRECTION('',(-0.,-0.121869343,-0.992546152));
#10710=VECTOR('',#10709,0.643738688);
#10711=LINE('',#10708,#10710);
#10712=EDGE_CURVE('',#635,#10707,#10711,.T.);
#10713=ORIENTED_EDGE('',*,*,#10712,.T.);
#10714=CARTESIAN_POINT('',(-1.543578645,40.438256955,-3.7965572));
#10715=VERTEX_POINT('',#10714);
#10716=CARTESIAN_POINT('',(-0.885000002,40.438256955,-3.7965572));
#10717=DIRECTION('',(-1.,0.,0.));
#10718=VECTOR('',#10717,0.658578644);
#10719=LINE('',#10716,#10718);
#10720=EDGE_CURVE('',#10707,#10715,#10719,.T.);
#10721=ORIENTED_EDGE('',*,*,#10720,.T.);
#10722=CARTESIAN_POINT('',(-1.543578645,40.438256955,-3.7965572));
#10723=DIRECTION('',(0.,0.121869343,0.992546152));
#10724=VECTOR('',#10723,0.643738688);
#10725=LINE('',#10722,#10724);
#10726=EDGE_CURVE('',#10715,#644,#10725,.T.);
#10727=ORIENTED_EDGE('',*,*,#10726,.T.);
#10728=EDGE_LOOP('',(#10705,#10713,#10721,#10727));
#10729=FACE_BOUND('',#10728,.T.);
#10730=ADVANCED_FACE('',(#10729),#10704,.T.);
#10731=CARTESIAN_POINT('',(-0.785000002,39.941983879,-3.735622529));
#10732=DIRECTION('',(1.,0.,0.));
#10733=DIRECTION('',(0.,-0.,-1.));
#10734=AXIS2_PLACEMENT_3D('',#10731,#10732,#10733);
#10735=PLANE('',#10734);
#10736=ORIENTED_EDGE('',*,*,#632,.F.);
#10737=CARTESIAN_POINT('',(-0.785000002,38.552419267,-3.565005449));
#10738=VERTEX_POINT('',#10737);
#10739=CARTESIAN_POINT('',(-0.785000002,38.630871278,-2.926065091));
#10740=DIRECTION('',(-0.,-0.121869343,-0.992546152));
#10741=VECTOR('',#10740,0.643738688);
#10742=LINE('',#10739,#10741);
#10743=EDGE_CURVE('',#618,#10738,#10742,.T.);
#10744=ORIENTED_EDGE('',*,*,#10743,.T.);
#10745=CARTESIAN_POINT('',(-0.785000002,40.33900234,-3.784370266));
#10746=VERTEX_POINT('',#10745);
#10747=CARTESIAN_POINT('',(-0.785000002,38.552419267,-3.565005449));
#10748=DIRECTION('',(0.,0.992546152,-0.121869343));
#10749=VECTOR('',#10748,1.8);
#10750=LINE('',#10747,#10749);
#10751=EDGE_CURVE('',#10738,#10746,#10750,.T.);
#10752=ORIENTED_EDGE('',*,*,#10751,.T.);
#10753=CARTESIAN_POINT('',(-0.785000002,40.33900234,-3.784370266));
#10754=DIRECTION('',(0.,0.121869343,0.992546152));
#10755=VECTOR('',#10754,0.643738688);
#10756=LINE('',#10753,#10755);
#10757=EDGE_CURVE('',#10746,#627,#10756,.T.);
#10758=ORIENTED_EDGE('',*,*,#10757,.T.);
#10759=EDGE_LOOP('',(#10736,#10744,#10752,#10758));
#10760=FACE_BOUND('',#10759,.T.);
#10761=ADVANCED_FACE('',(#10760),#10735,.T.);
#10762=CARTESIAN_POINT('',(0.214999998,38.453164652,-3.552818514));
#10763=DIRECTION('',(0.,0.992546152,-0.121869343));
#10764=DIRECTION('',(0.,0.121869343,0.992546152));
#10765=AXIS2_PLACEMENT_3D('',#10762,#10763,#10764);
#10766=PLANE('',#10765);
#10767=ORIENTED_EDGE('',*,*,#615,.F.);
#10768=CARTESIAN_POINT('',(1.114999998,38.453164652,-3.552818514));
#10769=VERTEX_POINT('',#10768);
#10770=CARTESIAN_POINT('',(1.114999998,38.531616663,-2.913878157));
#10771=DIRECTION('',(-0.,-0.121869343,-0.992546152));
#10772=VECTOR('',#10771,0.643738688);
#10773=LINE('',#10770,#10772);
#10774=EDGE_CURVE('',#601,#10769,#10773,.T.);
#10775=ORIENTED_EDGE('',*,*,#10774,.T.);
#10776=CARTESIAN_POINT('',(-0.685000002,38.453164652,-3.552818514));
#10777=VERTEX_POINT('',#10776);
#10778=CARTESIAN_POINT('',(1.114999998,38.453164652,-3.552818514));
#10779=DIRECTION('',(-1.,0.,0.));
#10780=VECTOR('',#10779,1.8);
#10781=LINE('',#10778,#10780);
#10782=EDGE_CURVE('',#10769,#10777,#10781,.T.);
#10783=ORIENTED_EDGE('',*,*,#10782,.T.);
#10784=CARTESIAN_POINT('',(-0.685000002,38.453164652,-3.552818514));
#10785=DIRECTION('',(0.,0.121869343,0.992546152));
#10786=VECTOR('',#10785,0.643738688);
#10787=LINE('',#10784,#10786);
#10788=EDGE_CURVE('',#10777,#610,#10787,.T.);
#10789=ORIENTED_EDGE('',*,*,#10788,.T.);
#10790=EDGE_LOOP('',(#10767,#10775,#10783,#10789));
#10791=FACE_BOUND('',#10790,.T.);
#10792=ADVANCED_FACE('',(#10791),#10766,.T.);
#10793=CARTESIAN_POINT('',(1.214999998,39.941983879,-3.735622529));
#10794=DIRECTION('',(-1.,0.,0.));
#10795=DIRECTION('',(0.,0.,1.));
#10796=AXIS2_PLACEMENT_3D('',#10793,#10794,#10795);
#10797=PLANE('',#10796);
#10798=CARTESIAN_POINT('',(1.214999998,40.438256955,-3.7965572));
#10799=VERTEX_POINT('',#10798);
#10800=CARTESIAN_POINT('',(1.214999998,38.552419267,-3.565005449));
#10801=VERTEX_POINT('',#10800);
#10802=CARTESIAN_POINT('',(1.214999998,40.438256955,-3.7965572));
#10803=DIRECTION('',(0.,-0.992546152,0.121869343));
#10804=VECTOR('',#10803,1.9);
#10805=LINE('',#10802,#10804);
#10806=EDGE_CURVE('',#10799,#10801,#10805,.T.);
#10807=ORIENTED_EDGE('',*,*,#10806,.T.);
#10808=CARTESIAN_POINT('',(1.214999998,38.552419267,-3.565005449));
#10809=DIRECTION('',(0.,0.121869343,0.992546152));
#10810=VECTOR('',#10809,0.643738688);
#10811=LINE('',#10808,#10810);
#10812=EDGE_CURVE('',#10801,#593,#10811,.T.);
#10813=ORIENTED_EDGE('',*,*,#10812,.T.);
#10814=ORIENTED_EDGE('',*,*,#598,.F.);
#10815=CARTESIAN_POINT('',(1.214999998,40.438256955,-3.7965572));
#10816=DIRECTION('',(0.,0.121869343,0.992546152));
#10817=VECTOR('',#10816,0.643738688);
#10818=LINE('',#10815,#10817);
#10819=EDGE_CURVE('',#10799,#585,#10818,.T.);
#10820=ORIENTED_EDGE('',*,*,#10819,.F.);
#10821=EDGE_LOOP('',(#10807,#10813,#10814,#10820));
#10822=FACE_BOUND('',#10821,.T.);
#10823=ADVANCED_FACE('',(#10822),#10797,.T.);
#10824=CARTESIAN_POINT('',(1.714999998,40.438256955,-3.7965572));
#10825=DIRECTION('',(0.,-0.992546152,0.121869343));
#10826=DIRECTION('',(0.,-0.121869343,-0.992546152));
#10827=AXIS2_PLACEMENT_3D('',#10824,#10825,#10826);
#10828=PLANE('',#10827);
#10829=ORIENTED_EDGE('',*,*,#590,.T.);
#10830=CARTESIAN_POINT('',(1.973578642,40.438256955,-3.7965572));
#10831=VERTEX_POINT('',#10830);
#10832=CARTESIAN_POINT('',(1.973578642,40.516708966,-3.157616843));
#10833=DIRECTION('',(-0.,-0.121869343,-0.992546152));
#10834=VECTOR('',#10833,0.643738688);
#10835=LINE('',#10832,#10834);
#10836=EDGE_CURVE('',#576,#10831,#10835,.T.);
#10837=ORIENTED_EDGE('',*,*,#10836,.T.);
#10838=CARTESIAN_POINT('',(1.214999998,40.438256955,-3.7965572));
#10839=DIRECTION('',(1.,0.,-0.));
#10840=VECTOR('',#10839,0.758578644);
#10841=LINE('',#10838,#10840);
#10842=EDGE_CURVE('',#10799,#10831,#10841,.T.);
#10843=ORIENTED_EDGE('',*,*,#10842,.F.);
#10844=ORIENTED_EDGE('',*,*,#10819,.T.);
#10845=EDGE_LOOP('',(#10829,#10837,#10843,#10844));
#10846=FACE_BOUND('',#10845,.T.);
#10847=ADVANCED_FACE('',(#10846),#10828,.F.);
#10848=CARTESIAN_POINT('',(0.714999998,41.927076183,-3.979361215));
#10849=DIRECTION('',(0.707106781,0.701836115,-0.086174639));
#10850=DIRECTION('',(-0.70445666,0.709747007,-0.));
#10851=AXIS2_PLACEMENT_3D('',#10848,#10849,#10850);
#10852=PLANE('',#10851);
#10853=ORIENTED_EDGE('',*,*,#573,.T.);
#10854=CARTESIAN_POINT('',(0.214999998,42.423349258,-4.040295886));
#10855=VERTEX_POINT('',#10854);
#10856=CARTESIAN_POINT('',(0.214999998,42.501801269,-3.401355528));
#10857=DIRECTION('',(-0.,-0.121869343,-0.992546152));
#10858=VECTOR('',#10857,0.643738688);
#10859=LINE('',#10856,#10858);
#10860=EDGE_CURVE('',#558,#10855,#10859,.T.);
#10861=ORIENTED_EDGE('',*,*,#10860,.T.);
#10862=CARTESIAN_POINT('',(2.04428932,40.607695182,-3.817361599));
#10863=VERTEX_POINT('',#10862);
#10864=CARTESIAN_POINT('',(2.04428932,40.607695182,-3.817361599));
#10865=DIRECTION('',(-0.707106781,0.701836115,-0.086174639));
#10866=VECTOR('',#10865,2.587005769);
#10867=LINE('',#10864,#10866);
#10868=EDGE_CURVE('',#10863,#10855,#10867,.T.);
#10869=ORIENTED_EDGE('',*,*,#10868,.F.);
#10870=CARTESIAN_POINT('',(2.04428932,40.607695182,-3.817361599));
#10871=DIRECTION('',(0.,0.121869343,0.992546152));
#10872=VECTOR('',#10871,0.643738688);
#10873=LINE('',#10870,#10872);
#10874=EDGE_CURVE('',#10863,#568,#10873,.T.);
#10875=ORIENTED_EDGE('',*,*,#10874,.T.);
#10876=EDGE_LOOP('',(#10853,#10861,#10869,#10875));
#10877=FACE_BOUND('',#10876,.T.);
#10878=ADVANCED_FACE('',(#10877),#10852,.F.);
#10879=CARTESIAN_POINT('',(-1.285000002,40.934530031,-3.857491872));
#10880=DIRECTION('',(-0.707106781,0.701836115,-0.086174639));
#10881=DIRECTION('',(-0.70445666,-0.709747007,0.));
#10882=AXIS2_PLACEMENT_3D('',#10879,#10880,#10881);
#10883=PLANE('',#10882);
#10884=ORIENTED_EDGE('',*,*,#10860,.F.);
#10885=ORIENTED_EDGE('',*,*,#565,.T.);
#10886=CARTESIAN_POINT('',(-1.614289323,40.607695182,-3.817361599));
#10887=VERTEX_POINT('',#10886);
#10888=CARTESIAN_POINT('',(-1.614289323,40.686147193,-3.178421241));
#10889=DIRECTION('',(0.,-0.121869343,-0.992546152));
#10890=VECTOR('',#10889,0.643738688);
#10891=LINE('',#10888,#10890);
#10892=EDGE_CURVE('',#560,#10887,#10891,.T.);
#10893=ORIENTED_EDGE('',*,*,#10892,.T.);
#10894=CARTESIAN_POINT('',(0.214999998,42.423349258,-4.040295886));
#10895=DIRECTION('',(-0.707106781,-0.701836115,0.086174639));
#10896=VECTOR('',#10895,2.587005769);
#10897=LINE('',#10894,#10896);
#10898=EDGE_CURVE('',#10855,#10887,#10897,.T.);
#10899=ORIENTED_EDGE('',*,*,#10898,.F.);
#10900=EDGE_LOOP('',(#10884,#10885,#10893,#10899));
#10901=FACE_BOUND('',#10900,.T.);
#10902=ADVANCED_FACE('',(#10901),#10883,.F.);
#10903=CARTESIAN_POINT('',(0.,3.47183786,0.74234832));
#10904=DIRECTION('',(0.,0.121869343,0.992546152));
#10905=DIRECTION('',(1.,0.,0.));
#10906=AXIS2_PLACEMENT_3D('',#10903,#10904,#10905);
#10907=PLANE('',#10906);
#10908=ORIENTED_EDGE('',*,*,#10782,.F.);
#10909=CARTESIAN_POINT('',(1.114999998,38.552419267,-3.565005449));
#10910=DIRECTION('',(0.,0.121869343,0.992546152));
#10911=DIRECTION('',(0.,-0.992546152,0.121869343));
#10912=AXIS2_PLACEMENT_3D('',#10909,#10910,#10911);
#10913=CIRCLE('',#10912,0.1);
#10914=EDGE_CURVE('',#10769,#10801,#10913,.T.);
#10915=ORIENTED_EDGE('',*,*,#10914,.T.);
#10916=ORIENTED_EDGE('',*,*,#10806,.F.);
#10917=ORIENTED_EDGE('',*,*,#10842,.T.);
#10918=CARTESIAN_POINT('',(1.973578642,40.53751157,-3.808744135));
#10919=DIRECTION('',(0.,0.121869343,0.992546152));
#10920=DIRECTION('',(0.,-0.992546152,0.121869343));
#10921=AXIS2_PLACEMENT_3D('',#10918,#10919,#10920);
#10922=CIRCLE('',#10921,0.1);
#10923=EDGE_CURVE('',#10831,#10863,#10922,.T.);
#10924=ORIENTED_EDGE('',*,*,#10923,.T.);
#10925=ORIENTED_EDGE('',*,*,#10868,.T.);
#10926=ORIENTED_EDGE('',*,*,#10898,.T.);
#10927=CARTESIAN_POINT('',(-1.543578645,40.53751157,-3.808744135));
#10928=DIRECTION('',(0.,0.121869343,0.992546152));
#10929=DIRECTION('',(0.,-0.992546152,0.121869343));
#10930=AXIS2_PLACEMENT_3D('',#10927,#10928,#10929);
#10931=CIRCLE('',#10930,0.1);
#10932=EDGE_CURVE('',#10887,#10715,#10931,.T.);
#10933=ORIENTED_EDGE('',*,*,#10932,.T.);
#10934=ORIENTED_EDGE('',*,*,#10720,.F.);
#10935=CARTESIAN_POINT('',(-0.885000002,40.33900234,-3.784370266));
#10936=DIRECTION('',(-0.,-0.121869343,-0.992546152));
#10937=DIRECTION('',(0.,-0.992546152,0.121869343));
#10938=AXIS2_PLACEMENT_3D('',#10935,#10936,#10937);
#10939=CIRCLE('',#10938,0.1);
#10940=EDGE_CURVE('',#10707,#10746,#10939,.T.);
#10941=ORIENTED_EDGE('',*,*,#10940,.T.);
#10942=ORIENTED_EDGE('',*,*,#10751,.F.);
#10943=CARTESIAN_POINT('',(-0.685000002,38.552419267,-3.565005449));
#10944=DIRECTION('',(0.,0.121869343,0.992546152));
#10945=DIRECTION('',(0.,-0.992546152,0.121869343));
#10946=AXIS2_PLACEMENT_3D('',#10943,#10944,#10945);
#10947=CIRCLE('',#10946,0.1);
#10948=EDGE_CURVE('',#10738,#10777,#10947,.T.);
#10949=ORIENTED_EDGE('',*,*,#10948,.T.);
#10950=EDGE_LOOP('',(#10908,#10915,#10916,#10917,#10924,#10925,#10926,#10933,#10934,#10941,#10942,#10949));
#10951=FACE_BOUND('',#10950,.T.);
#10952=ADVANCED_FACE('',(#10951),#10907,.T.);
#10953=CARTESIAN_POINT('',(1.114999998,38.552419267,-3.565005449));
#10954=DIRECTION('',(0.,-0.121869343,-0.992546152));
#10955=DIRECTION('',(0.,0.992546152,-0.121869343));
#10956=AXIS2_PLACEMENT_3D('',#10953,#10954,#10955);
#10957=CYLINDRICAL_SURFACE('',#10956,0.1);
#10958=ORIENTED_EDGE('',*,*,#10914,.F.);
#10959=ORIENTED_EDGE('',*,*,#10774,.F.);
#10960=ORIENTED_EDGE('',*,*,#607,.F.);
#10961=ORIENTED_EDGE('',*,*,#10812,.F.);
#10962=EDGE_LOOP('',(#10958,#10959,#10960,#10961));
#10963=FACE_BOUND('',#10962,.T.);
#10964=ADVANCED_FACE('',(#10963),#10957,.F.);
#10965=CARTESIAN_POINT('',(-0.685000002,38.552419267,-3.565005449));
#10966=DIRECTION('',(0.,-0.121869343,-0.992546152));
#10967=DIRECTION('',(0.,0.992546152,-0.121869343));
#10968=AXIS2_PLACEMENT_3D('',#10965,#10966,#10967);
#10969=CYLINDRICAL_SURFACE('',#10968,0.1);
#10970=ORIENTED_EDGE('',*,*,#10948,.F.);
#10971=ORIENTED_EDGE('',*,*,#10743,.F.);
#10972=ORIENTED_EDGE('',*,*,#624,.F.);
#10973=ORIENTED_EDGE('',*,*,#10788,.F.);
#10974=EDGE_LOOP('',(#10970,#10971,#10972,#10973));
#10975=FACE_BOUND('',#10974,.T.);
#10976=ADVANCED_FACE('',(#10975),#10969,.F.);
#10977=CARTESIAN_POINT('',(-0.885000002,40.33900234,-3.784370266));
#10978=DIRECTION('',(0.,0.121869343,0.992546152));
#10979=DIRECTION('',(0.,-0.992546152,0.121869343));
#10980=AXIS2_PLACEMENT_3D('',#10977,#10978,#10979);
#10981=CYLINDRICAL_SURFACE('',#10980,0.1);
#10982=ORIENTED_EDGE('',*,*,#10940,.F.);
#10983=ORIENTED_EDGE('',*,*,#10712,.F.);
#10984=ORIENTED_EDGE('',*,*,#641,.F.);
#10985=ORIENTED_EDGE('',*,*,#10757,.F.);
#10986=EDGE_LOOP('',(#10982,#10983,#10984,#10985));
#10987=FACE_BOUND('',#10986,.T.);
#10988=ADVANCED_FACE('',(#10987),#10981,.T.);
#10989=CARTESIAN_POINT('',(-1.543578645,40.53751157,-3.808744135));
#10990=DIRECTION('',(0.,0.121869343,0.992546152));
#10991=DIRECTION('',(0.,-0.992546152,0.121869343));
#10992=AXIS2_PLACEMENT_3D('',#10989,#10990,#10991);
#10993=CYLINDRICAL_SURFACE('',#10992,0.1);
#10994=ORIENTED_EDGE('',*,*,#10932,.F.);
#10995=ORIENTED_EDGE('',*,*,#10892,.F.);
#10996=ORIENTED_EDGE('',*,*,#656,.F.);
#10997=ORIENTED_EDGE('',*,*,#10726,.F.);
#10998=EDGE_LOOP('',(#10994,#10995,#10996,#10997));
#10999=FACE_BOUND('',#10998,.T.);
#11000=ADVANCED_FACE('',(#10999),#10993,.F.);
#11001=CARTESIAN_POINT('',(1.973578642,40.53751157,-3.808744135));
#11002=DIRECTION('',(-0.,-0.121869343,-0.992546152));
#11003=DIRECTION('',(0.,0.992546152,-0.121869343));
#11004=AXIS2_PLACEMENT_3D('',#11001,#11002,#11003);
#11005=CYLINDRICAL_SURFACE('',#11004,0.1);
#11006=ORIENTED_EDGE('',*,*,#10923,.F.);
#11007=ORIENTED_EDGE('',*,*,#10836,.F.);
#11008=ORIENTED_EDGE('',*,*,#582,.F.);
#11009=ORIENTED_EDGE('',*,*,#10874,.F.);
#11010=EDGE_LOOP('',(#11006,#11007,#11008,#11009));
#11011=FACE_BOUND('',#11010,.T.);
#11012=ADVANCED_FACE('',(#11011),#11005,.F.);
#11013=CARTESIAN_POINT('',(1.00478141,71.935381009,15.803866944));
#11014=DIRECTION('',(0.,-1.,0.));
#11015=DIRECTION('',(0.,0.,-1.));
#11016=AXIS2_PLACEMENT_3D('',#11013,#11014,#11015);
#11017=CYLINDRICAL_SURFACE('',#11016,0.5);
#11018=CARTESIAN_POINT('',(1.50478141,53.375698831,15.803866944));
#11019=DIRECTION('',(0.,-1.,0.));
#11020=VECTOR('',#11019,0.8);
#11021=LINE('',#11018,#11020);
#11022=EDGE_CURVE('',#2841,#4037,#11021,.T.);
#11023=ORIENTED_EDGE('',*,*,#11022,.T.);
#11024=ORIENTED_EDGE('',*,*,#4043,.F.);
#11025=CARTESIAN_POINT('',(1.00478141,53.375698831,16.303866944));
#11026=DIRECTION('',(0.,-1.,0.));
#11027=VECTOR('',#11026,0.8);
#11028=LINE('',#11025,#11027);
#11029=EDGE_CURVE('',#2849,#4029,#11028,.T.);
#11030=ORIENTED_EDGE('',*,*,#11029,.F.);
#11031=ORIENTED_EDGE('',*,*,#2855,.F.);
#11032=EDGE_LOOP('',(#11023,#11024,#11030,#11031));
#11033=FACE_BOUND('',#11032,.T.);
#11034=ADVANCED_FACE('',(#11033),#11017,.F.);
#11035=CARTESIAN_POINT('',(0.00478141,71.935381009,16.303866944));
#11036=DIRECTION('',(0.,0.,-1.));
#11037=DIRECTION('',(-1.,0.,0.));
#11038=AXIS2_PLACEMENT_3D('',#11035,#11036,#11037);
#11039=PLANE('',#11038);
#11040=ORIENTED_EDGE('',*,*,#11029,.T.);
#11041=ORIENTED_EDGE('',*,*,#4034,.F.);
#11042=CARTESIAN_POINT('',(-0.99521859,53.375698831,16.303866944));
#11043=DIRECTION('',(0.,-1.,0.));
#11044=VECTOR('',#11043,0.8);
#11045=LINE('',#11042,#11044);
#11046=EDGE_CURVE('',#2858,#4027,#11045,.T.);
#11047=ORIENTED_EDGE('',*,*,#11046,.F.);
#11048=ORIENTED_EDGE('',*,*,#2863,.F.);
#11049=EDGE_LOOP('',(#11040,#11041,#11047,#11048));
#11050=FACE_BOUND('',#11049,.T.);
#11051=ADVANCED_FACE('',(#11050),#11039,.T.);
#11052=CARTESIAN_POINT('',(-0.99521859,71.935381009,15.803866944));
#11053=DIRECTION('',(0.,-1.,0.));
#11054=DIRECTION('',(0.,0.,-1.));
#11055=AXIS2_PLACEMENT_3D('',#11052,#11053,#11054);
#11056=CYLINDRICAL_SURFACE('',#11055,0.5);
#11057=ORIENTED_EDGE('',*,*,#11046,.T.);
#11058=ORIENTED_EDGE('',*,*,#4092,.F.);
#11059=CARTESIAN_POINT('',(-1.49521859,53.375698831,15.803866944));
#11060=DIRECTION('',(0.,-1.,0.));
#11061=VECTOR('',#11060,0.8);
#11062=LINE('',#11059,#11061);
#11063=EDGE_CURVE('',#2866,#4080,#11062,.T.);
#11064=ORIENTED_EDGE('',*,*,#11063,.F.);
#11065=ORIENTED_EDGE('',*,*,#2872,.F.);
#11066=EDGE_LOOP('',(#11057,#11058,#11064,#11065));
#11067=FACE_BOUND('',#11066,.T.);
#11068=ADVANCED_FACE('',(#11067),#11056,.F.);
#11069=CARTESIAN_POINT('',(-1.49521859,71.935381009,15.303866944));
#11070=DIRECTION('',(1.,0.,0.));
#11071=DIRECTION('',(0.,0.,-1.));
#11072=AXIS2_PLACEMENT_3D('',#11069,#11070,#11071);
#11073=PLANE('',#11072);
#11074=ORIENTED_EDGE('',*,*,#11063,.T.);
#11075=ORIENTED_EDGE('',*,*,#4085,.F.);
#11076=CARTESIAN_POINT('',(-1.49521859,53.375698831,14.803866944));
#11077=DIRECTION('',(0.,-1.,0.));
#11078=VECTOR('',#11077,0.8);
#11079=LINE('',#11076,#11078);
#11080=EDGE_CURVE('',#2875,#4071,#11079,.T.);
#11081=ORIENTED_EDGE('',*,*,#11080,.F.);
#11082=ORIENTED_EDGE('',*,*,#2880,.F.);
#11083=EDGE_LOOP('',(#11074,#11075,#11081,#11082));
#11084=FACE_BOUND('',#11083,.T.);
#11085=ADVANCED_FACE('',(#11084),#11073,.T.);
#11086=CARTESIAN_POINT('',(-0.99521859,71.935381009,14.803866944));
#11087=DIRECTION('',(0.,-1.,0.));
#11088=DIRECTION('',(0.,0.,-1.));
#11089=AXIS2_PLACEMENT_3D('',#11086,#11087,#11088);
#11090=CYLINDRICAL_SURFACE('',#11089,0.5);
#11091=ORIENTED_EDGE('',*,*,#11080,.T.);
#11092=ORIENTED_EDGE('',*,*,#4077,.F.);
#11093=CARTESIAN_POINT('',(-0.99521859,53.375698831,14.303866944));
#11094=DIRECTION('',(0.,-1.,0.));
#11095=VECTOR('',#11094,0.8);
#11096=LINE('',#11093,#11095);
#11097=EDGE_CURVE('',#2883,#4063,#11096,.T.);
#11098=ORIENTED_EDGE('',*,*,#11097,.F.);
#11099=ORIENTED_EDGE('',*,*,#2889,.F.);
#11100=EDGE_LOOP('',(#11091,#11092,#11098,#11099));
#11101=FACE_BOUND('',#11100,.T.);
#11102=ADVANCED_FACE('',(#11101),#11090,.F.);
#11103=CARTESIAN_POINT('',(0.00478141,71.935381009,14.303866944));
#11104=DIRECTION('',(0.,0.,1.));
#11105=DIRECTION('',(1.,0.,0.));
#11106=AXIS2_PLACEMENT_3D('',#11103,#11104,#11105);
#11107=PLANE('',#11106);
#11108=ORIENTED_EDGE('',*,*,#11097,.T.);
#11109=ORIENTED_EDGE('',*,*,#4068,.F.);
#11110=CARTESIAN_POINT('',(1.00478141,53.375698831,14.303866944));
#11111=DIRECTION('',(0.,-1.,0.));
#11112=VECTOR('',#11111,0.8);
#11113=LINE('',#11110,#11112);
#11114=EDGE_CURVE('',#2892,#4054,#11113,.T.);
#11115=ORIENTED_EDGE('',*,*,#11114,.F.);
#11116=ORIENTED_EDGE('',*,*,#2897,.F.);
#11117=EDGE_LOOP('',(#11108,#11109,#11115,#11116));
#11118=FACE_BOUND('',#11117,.T.);
#11119=ADVANCED_FACE('',(#11118),#11107,.T.);
#11120=CARTESIAN_POINT('',(1.00478141,71.935381009,14.803866944));
#11121=DIRECTION('',(0.,-1.,0.));
#11122=DIRECTION('',(0.,0.,-1.));
#11123=AXIS2_PLACEMENT_3D('',#11120,#11121,#11122);
#11124=CYLINDRICAL_SURFACE('',#11123,0.5);
#11125=ORIENTED_EDGE('',*,*,#11114,.T.);
#11126=ORIENTED_EDGE('',*,*,#4060,.F.);
#11127=CARTESIAN_POINT('',(1.50478141,53.375698831,14.803866944));
#11128=DIRECTION('',(0.,-1.,0.));
#11129=VECTOR('',#11128,0.8);
#11130=LINE('',#11127,#11129);
#11131=EDGE_CURVE('',#2839,#4046,#11130,.T.);
#11132=ORIENTED_EDGE('',*,*,#11131,.F.);
#11133=ORIENTED_EDGE('',*,*,#2904,.F.);
#11134=EDGE_LOOP('',(#11125,#11126,#11132,#11133));
#11135=FACE_BOUND('',#11134,.T.);
#11136=ADVANCED_FACE('',(#11135),#11124,.F.);
#11137=CARTESIAN_POINT('',(1.50478141,71.935381009,15.303866944));
#11138=DIRECTION('',(-1.,0.,0.));
#11139=DIRECTION('',(0.,0.,1.));
#11140=AXIS2_PLACEMENT_3D('',#11137,#11138,#11139);
#11141=PLANE('',#11140);
#11142=ORIENTED_EDGE('',*,*,#11131,.T.);
#11143=ORIENTED_EDGE('',*,*,#4051,.F.);
#11144=ORIENTED_EDGE('',*,*,#11022,.F.);
#11145=ORIENTED_EDGE('',*,*,#2846,.F.);
#11146=EDGE_LOOP('',(#11142,#11143,#11144,#11145));
#11147=FACE_BOUND('',#11146,.T.);
#11148=ADVANCED_FACE('',(#11147),#11141,.T.);
#11149=CARTESIAN_POINT('',(6.2,52.275698831,10.870064071));
#11150=DIRECTION('',(0.,-1.,0.));
#11151=DIRECTION('',(0.,-0.,-1.));
#11152=AXIS2_PLACEMENT_3D('',#11149,#11150,#11151);
#11153=CYLINDRICAL_SURFACE('',#11152,1.);
#11154=ORIENTED_EDGE('',*,*,#4200,.F.);
#11155=CARTESIAN_POINT('',(6.2,52.375698831,10.870064071));
#11156=DIRECTION('',(-0.,1.,-0.));
#11157=DIRECTION('',(0.,0.,-1.));
#11158=AXIS2_PLACEMENT_3D('',#11155,#11156,#11157);
#11159=CIRCLE('',#11158,1.);
#11160=EDGE_CURVE('',#4187,#4253,#11159,.T.);
#11161=ORIENTED_EDGE('',*,*,#11160,.T.);
#11162=ORIENTED_EDGE('',*,*,#4258,.F.);
#11163=CARTESIAN_POINT('',(6.2,46.575698831,10.870064071));
#11164=DIRECTION('',(0.,-1.,0.));
#11165=DIRECTION('',(0.,0.,-1.));
#11166=AXIS2_PLACEMENT_3D('',#11163,#11164,#11165);
#11167=CIRCLE('',#11166,1.);
#11168=EDGE_CURVE('',#4251,#4195,#11167,.T.);
#11169=ORIENTED_EDGE('',*,*,#11168,.T.);
#11170=EDGE_LOOP('',(#11154,#11161,#11162,#11169));
#11171=FACE_BOUND('',#11170,.T.);
#11172=ADVANCED_FACE('',(#11171),#11153,.F.);
#11173=CARTESIAN_POINT('',(-5.8,52.275698831,16.270075373));
#11174=DIRECTION('',(0.,-1.,0.));
#11175=DIRECTION('',(0.,-0.,-1.));
#11176=AXIS2_PLACEMENT_3D('',#11173,#11174,#11175);
#11177=CYLINDRICAL_SURFACE('',#11176,1.);
#11178=ORIENTED_EDGE('',*,*,#4126,.F.);
#11179=CARTESIAN_POINT('',(-5.8,52.375698831,16.270075373));
#11180=DIRECTION('',(-0.,1.,-0.));
#11181=DIRECTION('',(0.,0.,-1.));
#11182=AXIS2_PLACEMENT_3D('',#11179,#11180,#11181);
#11183=CIRCLE('',#11182,1.);
#11184=EDGE_CURVE('',#4113,#6447,#11183,.T.);
#11185=ORIENTED_EDGE('',*,*,#11184,.T.);
#11186=ORIENTED_EDGE('',*,*,#6452,.F.);
#11187=CARTESIAN_POINT('',(-5.8,46.575698831,16.270075373));
#11188=DIRECTION('',(0.,-1.,0.));
#11189=DIRECTION('',(0.,0.,-1.));
#11190=AXIS2_PLACEMENT_3D('',#11187,#11188,#11189);
#11191=CIRCLE('',#11190,1.);
#11192=EDGE_CURVE('',#6445,#4121,#11191,.T.);
#11193=ORIENTED_EDGE('',*,*,#11192,.T.);
#11194=EDGE_LOOP('',(#11178,#11185,#11186,#11193));
#11195=FACE_BOUND('',#11194,.T.);
#11196=ADVANCED_FACE('',(#11195),#11177,.F.);
#11197=CARTESIAN_POINT('',(6.2,52.275698831,16.270075373));
#11198=DIRECTION('',(0.,-1.,0.));
#11199=DIRECTION('',(0.,-0.,-1.));
#11200=AXIS2_PLACEMENT_3D('',#11197,#11198,#11199);
#11201=CYLINDRICAL_SURFACE('',#11200,1.);
#11202=ORIENTED_EDGE('',*,*,#6468,.F.);
#11203=CARTESIAN_POINT('',(6.2,52.375698831,16.270075373));
#11204=DIRECTION('',(-0.,1.,-0.));
#11205=DIRECTION('',(0.,0.,-1.));
#11206=AXIS2_PLACEMENT_3D('',#11203,#11204,#11205);
#11207=CIRCLE('',#11206,1.);
#11208=EDGE_CURVE('',#6455,#4179,#11207,.T.);
#11209=ORIENTED_EDGE('',*,*,#11208,.T.);
#11210=ORIENTED_EDGE('',*,*,#4184,.F.);
#11211=CARTESIAN_POINT('',(6.2,46.575698831,16.270075373));
#11212=DIRECTION('',(0.,-1.,0.));
#11213=DIRECTION('',(0.,0.,-1.));
#11214=AXIS2_PLACEMENT_3D('',#11211,#11212,#11213);
#11215=CIRCLE('',#11214,1.);
#11216=EDGE_CURVE('',#4177,#6463,#11215,.T.);
#11217=ORIENTED_EDGE('',*,*,#11216,.T.);
#11218=EDGE_LOOP('',(#11202,#11209,#11210,#11217));
#11219=FACE_BOUND('',#11218,.T.);
#11220=ADVANCED_FACE('',(#11219),#11201,.F.);
#11221=CARTESIAN_POINT('',(-5.8,52.275698831,10.870064071));
#11222=DIRECTION('',(0.,-1.,0.));
#11223=DIRECTION('',(0.,-0.,-1.));
#11224=AXIS2_PLACEMENT_3D('',#11221,#11222,#11223);
#11225=CYLINDRICAL_SURFACE('',#11224,1.);
#11226=ORIENTED_EDGE('',*,*,#4274,.F.);
#11227=CARTESIAN_POINT('',(-5.8,52.375698831,10.870064071));
#11228=DIRECTION('',(-0.,1.,-0.));
#11229=DIRECTION('',(0.,0.,-1.));
#11230=AXIS2_PLACEMENT_3D('',#11227,#11228,#11229);
#11231=CIRCLE('',#11230,1.);
#11232=EDGE_CURVE('',#4261,#4105,#11231,.T.);
#11233=ORIENTED_EDGE('',*,*,#11232,.T.);
#11234=ORIENTED_EDGE('',*,*,#4110,.F.);
#11235=CARTESIAN_POINT('',(-5.8,46.575698831,10.870064071));
#11236=DIRECTION('',(0.,-1.,0.));
#11237=DIRECTION('',(0.,0.,-1.));
#11238=AXIS2_PLACEMENT_3D('',#11235,#11236,#11237);
#11239=CIRCLE('',#11238,1.);
#11240=EDGE_CURVE('',#4103,#4269,#11239,.T.);
#11241=ORIENTED_EDGE('',*,*,#11240,.T.);
#11242=EDGE_LOOP('',(#11226,#11233,#11234,#11241));
#11243=FACE_BOUND('',#11242,.T.);
#11244=ADVANCED_FACE('',(#11243),#11225,.F.);
#11245=CARTESIAN_POINT('',(6.2,46.375698831,10.870064071));
#11246=DIRECTION('',(0.,-1.,0.));
#11247=DIRECTION('',(0.,0.,-1.));
#11248=AXIS2_PLACEMENT_3D('',#11245,#11246,#11247);
#11249=CONICAL_SURFACE('',#11248,1.2,45.);
#11250=CARTESIAN_POINT('',(7.2,46.575698831,10.870064071));
#11251=DIRECTION('',(0.707106781,-0.707106781,-0.));
#11252=VECTOR('',#11251,0.282842712);
#11253=LINE('',#11250,#11252);
#11254=EDGE_CURVE('',#4195,#1319,#11253,.T.);
#11255=ORIENTED_EDGE('',*,*,#11254,.F.);
#11256=ORIENTED_EDGE('',*,*,#11168,.F.);
#11257=CARTESIAN_POINT('',(6.2,46.375698831,9.670064071));
#11258=DIRECTION('',(0.,0.707106781,0.707106781));
#11259=VECTOR('',#11258,0.282842712);
#11260=LINE('',#11257,#11259);
#11261=EDGE_CURVE('',#1327,#4251,#11260,.T.);
#11262=ORIENTED_EDGE('',*,*,#11261,.F.);
#11263=ORIENTED_EDGE('',*,*,#1333,.F.);
#11264=EDGE_LOOP('',(#11255,#11256,#11262,#11263));
#11265=FACE_BOUND('',#11264,.T.);
#11266=ADVANCED_FACE('',(#11265),#11249,.F.);
#11267=CARTESIAN_POINT('',(0.2,46.575698831,9.870064071));
#11268=DIRECTION('',(0.,0.707106781,-0.707106781));
#11269=DIRECTION('',(1.,0.,0.));
#11270=AXIS2_PLACEMENT_3D('',#11267,#11268,#11269);
#11271=PLANE('',#11270);
#11272=ORIENTED_EDGE('',*,*,#11261,.T.);
#11273=ORIENTED_EDGE('',*,*,#4280,.F.);
#11274=CARTESIAN_POINT('',(-5.8,46.375698831,9.670064071));
#11275=DIRECTION('',(0.,0.707106781,0.707106781));
#11276=VECTOR('',#11275,0.282842712);
#11277=LINE('',#11274,#11276);
#11278=EDGE_CURVE('',#1336,#4269,#11277,.T.);
#11279=ORIENTED_EDGE('',*,*,#11278,.F.);
#11280=ORIENTED_EDGE('',*,*,#1341,.F.);
#11281=EDGE_LOOP('',(#11272,#11273,#11279,#11280));
#11282=FACE_BOUND('',#11281,.T.);
#11283=ADVANCED_FACE('',(#11282),#11271,.F.);
#11284=CARTESIAN_POINT('',(7.2,46.575698831,15.583964071));
#11285=DIRECTION('',(0.707106781,0.707106781,-0.));
#11286=DIRECTION('',(-0.,0.,1.));
#11287=AXIS2_PLACEMENT_3D('',#11284,#11285,#11286);
#11288=PLANE('',#11287);
#11289=ORIENTED_EDGE('',*,*,#11254,.T.);
#11290=ORIENTED_EDGE('',*,*,#1324,.F.);
#11291=CARTESIAN_POINT('',(7.2,46.575698831,16.270075373));
#11292=DIRECTION('',(0.707106781,-0.707106781,-0.));
#11293=VECTOR('',#11292,0.282842712);
#11294=LINE('',#11291,#11293);
#11295=EDGE_CURVE('',#4177,#1310,#11294,.T.);
#11296=ORIENTED_EDGE('',*,*,#11295,.F.);
#11297=ORIENTED_EDGE('',*,*,#4206,.F.);
#11298=EDGE_LOOP('',(#11289,#11290,#11296,#11297));
#11299=FACE_BOUND('',#11298,.T.);
#11300=ADVANCED_FACE('',(#11299),#11288,.F.);
#11301=CARTESIAN_POINT('',(-5.8,46.375698831,10.870064071));
#11302=DIRECTION('',(0.,-1.,0.));
#11303=DIRECTION('',(0.,0.,-1.));
#11304=AXIS2_PLACEMENT_3D('',#11301,#11302,#11303);
#11305=CONICAL_SURFACE('',#11304,1.2,45.);
#11306=ORIENTED_EDGE('',*,*,#11278,.T.);
#11307=ORIENTED_EDGE('',*,*,#11240,.F.);
#11308=CARTESIAN_POINT('',(-7.,46.375698831,10.870064071));
#11309=DIRECTION('',(0.707106781,0.707106781,0.));
#11310=VECTOR('',#11309,0.282842712);
#11311=LINE('',#11308,#11310);
#11312=EDGE_CURVE('',#1283,#4103,#11311,.T.);
#11313=ORIENTED_EDGE('',*,*,#11312,.F.);
#11314=ORIENTED_EDGE('',*,*,#1348,.F.);
#11315=EDGE_LOOP('',(#11306,#11307,#11313,#11314));
#11316=FACE_BOUND('',#11315,.T.);
#11317=ADVANCED_FACE('',(#11316),#11305,.F.);
#11318=CARTESIAN_POINT('',(6.2,46.375698831,16.270075373));
#11319=DIRECTION('',(0.,-1.,0.));
#11320=DIRECTION('',(0.,0.,-1.));
#11321=AXIS2_PLACEMENT_3D('',#11318,#11319,#11320);
#11322=CONICAL_SURFACE('',#11321,1.2,45.);
#11323=ORIENTED_EDGE('',*,*,#11295,.T.);
#11324=ORIENTED_EDGE('',*,*,#1316,.F.);
#11325=CARTESIAN_POINT('',(6.2,46.575698831,17.270075373));
#11326=DIRECTION('',(0.,-0.707106781,0.707106781));
#11327=VECTOR('',#11326,0.282842712);
#11328=LINE('',#11325,#11327);
#11329=EDGE_CURVE('',#6463,#1302,#11328,.T.);
#11330=ORIENTED_EDGE('',*,*,#11329,.F.);
#11331=ORIENTED_EDGE('',*,*,#11216,.F.);
#11332=EDGE_LOOP('',(#11323,#11324,#11330,#11331));
#11333=FACE_BOUND('',#11332,.T.);
#11334=ADVANCED_FACE('',(#11333),#11322,.F.);
#11335=CARTESIAN_POINT('',(-6.8,46.575698831,15.583964071));
#11336=DIRECTION('',(-0.707106781,0.707106781,-0.));
#11337=DIRECTION('',(0.,-0.,-1.));
#11338=AXIS2_PLACEMENT_3D('',#11335,#11336,#11337);
#11339=PLANE('',#11338);
#11340=ORIENTED_EDGE('',*,*,#11312,.T.);
#11341=ORIENTED_EDGE('',*,*,#4132,.F.);
#11342=CARTESIAN_POINT('',(-7.,46.375698831,16.270075373));
#11343=DIRECTION('',(0.707106781,0.707106781,0.));
#11344=VECTOR('',#11343,0.282842712);
#11345=LINE('',#11342,#11344);
#11346=EDGE_CURVE('',#1285,#4121,#11345,.T.);
#11347=ORIENTED_EDGE('',*,*,#11346,.F.);
#11348=ORIENTED_EDGE('',*,*,#1290,.F.);
#11349=EDGE_LOOP('',(#11340,#11341,#11347,#11348));
#11350=FACE_BOUND('',#11349,.T.);
#11351=ADVANCED_FACE('',(#11350),#11339,.F.);
#11352=CARTESIAN_POINT('',(0.2,46.575698831,17.270075373));
#11353=DIRECTION('',(0.,0.707106781,0.707106781));
#11354=DIRECTION('',(-1.,0.,0.));
#11355=AXIS2_PLACEMENT_3D('',#11352,#11353,#11354);
#11356=PLANE('',#11355);
#11357=ORIENTED_EDGE('',*,*,#11329,.T.);
#11358=ORIENTED_EDGE('',*,*,#1307,.F.);
#11359=CARTESIAN_POINT('',(-5.8,46.575698831,17.270075373));
#11360=DIRECTION('',(0.,-0.707106781,0.707106781));
#11361=VECTOR('',#11360,0.282842712);
#11362=LINE('',#11359,#11361);
#11363=EDGE_CURVE('',#6445,#1293,#11362,.T.);
#11364=ORIENTED_EDGE('',*,*,#11363,.F.);
#11365=ORIENTED_EDGE('',*,*,#6474,.F.);
#11366=EDGE_LOOP('',(#11357,#11358,#11364,#11365));
#11367=FACE_BOUND('',#11366,.T.);
#11368=ADVANCED_FACE('',(#11367),#11356,.F.);
#11369=CARTESIAN_POINT('',(-5.8,46.375698831,16.270075373));
#11370=DIRECTION('',(0.,-1.,0.));
#11371=DIRECTION('',(0.,0.,-1.));
#11372=AXIS2_PLACEMENT_3D('',#11369,#11370,#11371);
#11373=CONICAL_SURFACE('',#11372,1.2,45.);
#11374=ORIENTED_EDGE('',*,*,#11346,.T.);
#11375=ORIENTED_EDGE('',*,*,#11192,.F.);
#11376=ORIENTED_EDGE('',*,*,#11363,.T.);
#11377=ORIENTED_EDGE('',*,*,#1299,.F.);
#11378=EDGE_LOOP('',(#11374,#11375,#11376,#11377));
#11379=FACE_BOUND('',#11378,.T.);
#11380=ADVANCED_FACE('',(#11379),#11373,.F.);
#11381=CARTESIAN_POINT('',(7.413388348,47.575698831,15.731681374));
#11382=DIRECTION('',(-0.707106781,0.,-0.707106781));
#11383=DIRECTION('',(-0.707106781,-0.,0.707106781));
#11384=AXIS2_PLACEMENT_3D('',#11381,#11382,#11383);
#11385=PLANE('',#11384);
#11386=CARTESIAN_POINT('',(7.732842712,47.575698831,15.41222701));
#11387=VERTEX_POINT('',#11386);
#11388=CARTESIAN_POINT('',(7.2,48.108541544,15.945069722));
#11389=DIRECTION('',(0.577350269,-0.577350269,-0.577350269));
#11390=VECTOR('',#11389,0.92291065);
#11391=LINE('',#11388,#11390);
#11392=EDGE_CURVE('',#4211,#11387,#11391,.T.);
#11393=ORIENTED_EDGE('',*,*,#11392,.T.);
#11394=CARTESIAN_POINT('',(7.732842712,47.575698831,15.41222701));
#11395=DIRECTION('',(-0.577350269,-0.577350269,0.577350269));
#11396=VECTOR('',#11395,0.92291065);
#11397=LINE('',#11394,#11396);
#11398=EDGE_CURVE('',#11387,#4213,#11397,.T.);
#11399=ORIENTED_EDGE('',*,*,#11398,.T.);
#11400=ORIENTED_EDGE('',*,*,#4218,.F.);
#11401=EDGE_LOOP('',(#11393,#11399,#11400));
#11402=FACE_BOUND('',#11401,.T.);
#11403=ADVANCED_FACE('',(#11402),#11385,.T.);
#11404=CARTESIAN_POINT('',(7.413388348,47.575698831,11.50845807));
#11405=DIRECTION('',(-0.707106781,-0.,0.707106781));
#11406=DIRECTION('',(0.707106781,-0.,0.707106781));
#11407=AXIS2_PLACEMENT_3D('',#11404,#11405,#11406);
#11408=PLANE('',#11407);
#11409=ORIENTED_EDGE('',*,*,#4234,.F.);
#11410=CARTESIAN_POINT('',(7.732842712,47.575698831,11.827912435));
#11411=VERTEX_POINT('',#11410);
#11412=CARTESIAN_POINT('',(7.2,47.042856119,11.295069722));
#11413=DIRECTION('',(0.577350269,0.577350269,0.577350269));
#11414=VECTOR('',#11413,0.92291065);
#11415=LINE('',#11412,#11414);
#11416=EDGE_CURVE('',#4221,#11411,#11415,.T.);
#11417=ORIENTED_EDGE('',*,*,#11416,.T.);
#11418=CARTESIAN_POINT('',(7.732842712,47.575698831,11.827912435));
#11419=DIRECTION('',(-0.577350269,0.577350269,-0.577350269));
#11420=VECTOR('',#11419,0.92291065);
#11421=LINE('',#11418,#11420);
#11422=EDGE_CURVE('',#11411,#4229,#11421,.T.);
#11423=ORIENTED_EDGE('',*,*,#11422,.T.);
#11424=EDGE_LOOP('',(#11409,#11417,#11423));
#11425=FACE_BOUND('',#11424,.T.);
#11426=ADVANCED_FACE('',(#11425),#11408,.T.);
#11427=CARTESIAN_POINT('',(7.341421356,47.967120187,14.820069722));
#11428=DIRECTION('',(-0.707106781,-0.707106781,-0.));
#11429=DIRECTION('',(0.,0.,-1.));
#11430=AXIS2_PLACEMENT_3D('',#11427,#11428,#11429);
#11431=PLANE('',#11430);
#11432=CARTESIAN_POINT('',(7.732842712,47.575698831,15.41222701));
#11433=DIRECTION('',(0.,0.,-1.));
#11434=VECTOR('',#11433,3.584314575);
#11435=LINE('',#11432,#11434);
#11436=EDGE_CURVE('',#11387,#11411,#11435,.T.);
#11437=ORIENTED_EDGE('',*,*,#11436,.F.);
#11438=ORIENTED_EDGE('',*,*,#11392,.F.);
#11439=ORIENTED_EDGE('',*,*,#4240,.F.);
#11440=ORIENTED_EDGE('',*,*,#11422,.F.);
#11441=EDGE_LOOP('',(#11437,#11438,#11439,#11440));
#11442=FACE_BOUND('',#11441,.T.);
#11443=ADVANCED_FACE('',(#11442),#11431,.T.);
#11444=CARTESIAN_POINT('',(7.341421356,47.184277475,14.820069722));
#11445=DIRECTION('',(-0.707106781,0.707106781,0.));
#11446=DIRECTION('',(0.,-0.,1.));
#11447=AXIS2_PLACEMENT_3D('',#11444,#11445,#11446);
#11448=PLANE('',#11447);
#11449=ORIENTED_EDGE('',*,*,#11398,.F.);
#11450=ORIENTED_EDGE('',*,*,#11436,.T.);
#11451=ORIENTED_EDGE('',*,*,#11416,.F.);
#11452=ORIENTED_EDGE('',*,*,#4226,.F.);
#11453=EDGE_LOOP('',(#11449,#11450,#11451,#11452));
#11454=FACE_BOUND('',#11453,.T.);
#11455=ADVANCED_FACE('',(#11454),#11448,.T.);
#11456=CARTESIAN_POINT('',(-7.013388348,47.575698831,15.731681374));
#11457=DIRECTION('',(0.707106781,0.,-0.707106781));
#11458=DIRECTION('',(-0.707106781,0.,-0.707106781));
#11459=AXIS2_PLACEMENT_3D('',#11456,#11457,#11458);
#11460=PLANE('',#11459);
#11461=ORIENTED_EDGE('',*,*,#4144,.F.);
#11462=CARTESIAN_POINT('',(-7.332842712,47.575698831,15.41222701));
#11463=VERTEX_POINT('',#11462);
#11464=CARTESIAN_POINT('',(-6.8,47.042856119,15.945069722));
#11465=DIRECTION('',(-0.577350269,0.577350269,-0.577350269));
#11466=VECTOR('',#11465,0.92291065);
#11467=LINE('',#11464,#11466);
#11468=EDGE_CURVE('',#4137,#11463,#11467,.T.);
#11469=ORIENTED_EDGE('',*,*,#11468,.T.);
#11470=CARTESIAN_POINT('',(-7.332842712,47.575698831,15.41222701));
#11471=DIRECTION('',(0.577350269,0.577350269,0.577350269));
#11472=VECTOR('',#11471,0.92291065);
#11473=LINE('',#11470,#11472);
#11474=EDGE_CURVE('',#11463,#4139,#11473,.T.);
#11475=ORIENTED_EDGE('',*,*,#11474,.T.);
#11476=EDGE_LOOP('',(#11461,#11469,#11475));
#11477=FACE_BOUND('',#11476,.T.);
#11478=ADVANCED_FACE('',(#11477),#11460,.T.);
#11479=CARTESIAN_POINT('',(-7.013388348,47.575698831,11.50845807));
#11480=DIRECTION('',(0.707106781,-0.,0.707106781));
#11481=DIRECTION('',(0.707106781,0.,-0.707106781));
#11482=AXIS2_PLACEMENT_3D('',#11479,#11480,#11481);
#11483=PLANE('',#11482);
#11484=CARTESIAN_POINT('',(-7.332842712,47.575698831,11.827912435));
#11485=VERTEX_POINT('',#11484);
#11486=CARTESIAN_POINT('',(-6.8,48.108541544,11.295069722));
#11487=DIRECTION('',(-0.577350269,-0.577350269,0.577350269));
#11488=VECTOR('',#11487,0.92291065);
#11489=LINE('',#11486,#11488);
#11490=EDGE_CURVE('',#4147,#11485,#11489,.T.);
#11491=ORIENTED_EDGE('',*,*,#11490,.T.);
#11492=CARTESIAN_POINT('',(-7.332842712,47.575698831,11.827912435));
#11493=DIRECTION('',(0.577350269,-0.577350269,-0.577350269));
#11494=VECTOR('',#11493,0.92291065);
#11495=LINE('',#11492,#11494);
#11496=EDGE_CURVE('',#11485,#4155,#11495,.T.);
#11497=ORIENTED_EDGE('',*,*,#11496,.T.);
#11498=ORIENTED_EDGE('',*,*,#4160,.F.);
#11499=EDGE_LOOP('',(#11491,#11497,#11498));
#11500=FACE_BOUND('',#11499,.T.);
#11501=ADVANCED_FACE('',(#11500),#11483,.T.);
#11502=CARTESIAN_POINT('',(-6.941421356,47.967120187,14.820069722));
#11503=DIRECTION('',(0.707106781,-0.707106781,-0.));
#11504=DIRECTION('',(0.,-0.,1.));
#11505=AXIS2_PLACEMENT_3D('',#11502,#11503,#11504);
#11506=PLANE('',#11505);
#11507=CARTESIAN_POINT('',(-7.332842712,47.575698831,11.827912435));
#11508=DIRECTION('',(0.,0.,1.));
#11509=VECTOR('',#11508,3.584314575);
#11510=LINE('',#11507,#11509);
#11511=EDGE_CURVE('',#11485,#11463,#11510,.T.);
#11512=ORIENTED_EDGE('',*,*,#11511,.F.);
#11513=ORIENTED_EDGE('',*,*,#11490,.F.);
#11514=ORIENTED_EDGE('',*,*,#4152,.F.);
#11515=ORIENTED_EDGE('',*,*,#11474,.F.);
#11516=EDGE_LOOP('',(#11512,#11513,#11514,#11515));
#11517=FACE_BOUND('',#11516,.T.);
#11518=ADVANCED_FACE('',(#11517),#11506,.T.);
#11519=CARTESIAN_POINT('',(-6.941421356,47.184277475,14.820069722));
#11520=DIRECTION('',(0.707106781,0.707106781,0.));
#11521=DIRECTION('',(0.,0.,-1.));
#11522=AXIS2_PLACEMENT_3D('',#11519,#11520,#11521);
#11523=PLANE('',#11522);
#11524=ORIENTED_EDGE('',*,*,#11496,.F.);
#11525=ORIENTED_EDGE('',*,*,#11511,.T.);
#11526=ORIENTED_EDGE('',*,*,#11468,.F.);
#11527=ORIENTED_EDGE('',*,*,#4166,.F.);
#11528=EDGE_LOOP('',(#11524,#11525,#11526,#11527));
#11529=FACE_BOUND('',#11528,.T.);
#11530=ADVANCED_FACE('',(#11529),#11523,.T.);
#11531=CARTESIAN_POINT('',(0.2,52.375698831,17.270075373));
#11532=DIRECTION('',(0.,-0.707106781,-0.707106781));
#11533=DIRECTION('',(-1.,0.,0.));
#11534=AXIS2_PLACEMENT_3D('',#11531,#11532,#11533);
#11535=PLANE('',#11534);
#11536=CARTESIAN_POINT('',(-5.8,52.575698831,17.070075373));
#11537=DIRECTION('',(0.,-0.707106781,0.707106781));
#11538=VECTOR('',#11537,0.282842712);
#11539=LINE('',#11536,#11538);
#11540=EDGE_CURVE('',#4002,#6447,#11539,.T.);
#11541=ORIENTED_EDGE('',*,*,#11540,.F.);
#11542=ORIENTED_EDGE('',*,*,#4007,.F.);
#11543=CARTESIAN_POINT('',(6.2,52.375698831,17.270075373));
#11544=DIRECTION('',(0.,0.707106781,-0.707106781));
#11545=VECTOR('',#11544,0.282842712);
#11546=LINE('',#11543,#11545);
#11547=EDGE_CURVE('',#6455,#3993,#11546,.T.);
#11548=ORIENTED_EDGE('',*,*,#11547,.F.);
#11549=ORIENTED_EDGE('',*,*,#6460,.F.);
#11550=EDGE_LOOP('',(#11541,#11542,#11548,#11549));
#11551=FACE_BOUND('',#11550,.T.);
#11552=ADVANCED_FACE('',(#11551),#11535,.T.);
#11553=CARTESIAN_POINT('',(6.2,52.575698831,16.270075373));
#11554=DIRECTION('',(0.,-1.,0.));
#11555=DIRECTION('',(0.,0.,-1.));
#11556=AXIS2_PLACEMENT_3D('',#11553,#11554,#11555);
#11557=CONICAL_SURFACE('',#11556,0.8,45.);
#11558=ORIENTED_EDGE('',*,*,#11547,.T.);
#11559=ORIENTED_EDGE('',*,*,#3999,.F.);
#11560=CARTESIAN_POINT('',(7.2,52.375698831,16.270075373));
#11561=DIRECTION('',(-0.707106781,0.707106781,0.));
#11562=VECTOR('',#11561,0.282842712);
#11563=LINE('',#11560,#11562);
#11564=EDGE_CURVE('',#4179,#3985,#11563,.T.);
#11565=ORIENTED_EDGE('',*,*,#11564,.F.);
#11566=ORIENTED_EDGE('',*,*,#11208,.F.);
#11567=EDGE_LOOP('',(#11558,#11559,#11565,#11566));
#11568=FACE_BOUND('',#11567,.T.);
#11569=ADVANCED_FACE('',(#11568),#11557,.F.);
#11570=CARTESIAN_POINT('',(-5.8,52.575698831,16.270075373));
#11571=DIRECTION('',(0.,-1.,0.));
#11572=DIRECTION('',(0.,0.,-1.));
#11573=AXIS2_PLACEMENT_3D('',#11570,#11571,#11572);
#11574=CONICAL_SURFACE('',#11573,0.8,45.);
#11575=ORIENTED_EDGE('',*,*,#11540,.T.);
#11576=ORIENTED_EDGE('',*,*,#11184,.F.);
#11577=CARTESIAN_POINT('',(-6.6,52.575698831,16.270075373));
#11578=DIRECTION('',(-0.707106781,-0.707106781,-0.));
#11579=VECTOR('',#11578,0.282842712);
#11580=LINE('',#11577,#11579);
#11581=EDGE_CURVE('',#4010,#4113,#11580,.T.);
#11582=ORIENTED_EDGE('',*,*,#11581,.F.);
#11583=ORIENTED_EDGE('',*,*,#4016,.F.);
#11584=EDGE_LOOP('',(#11575,#11576,#11582,#11583));
#11585=FACE_BOUND('',#11584,.T.);
#11586=ADVANCED_FACE('',(#11585),#11574,.F.);
#11587=CARTESIAN_POINT('',(7.2,52.375698831,15.583964071));
#11588=DIRECTION('',(-0.707106781,-0.707106781,0.));
#11589=DIRECTION('',(0.,0.,1.));
#11590=AXIS2_PLACEMENT_3D('',#11587,#11588,#11589);
#11591=PLANE('',#11590);
#11592=ORIENTED_EDGE('',*,*,#11564,.T.);
#11593=ORIENTED_EDGE('',*,*,#3990,.F.);
#11594=CARTESIAN_POINT('',(7.2,52.375698831,10.870064071));
#11595=DIRECTION('',(-0.707106781,0.707106781,0.));
#11596=VECTOR('',#11595,0.282842712);
#11597=LINE('',#11594,#11596);
#11598=EDGE_CURVE('',#4187,#3976,#11597,.T.);
#11599=ORIENTED_EDGE('',*,*,#11598,.F.);
#11600=ORIENTED_EDGE('',*,*,#4192,.F.);
#11601=EDGE_LOOP('',(#11592,#11593,#11599,#11600));
#11602=FACE_BOUND('',#11601,.T.);
#11603=ADVANCED_FACE('',(#11602),#11591,.T.);
#11604=CARTESIAN_POINT('',(-6.8,52.375698831,15.583964071));
#11605=DIRECTION('',(0.707106781,-0.707106781,0.));
#11606=DIRECTION('',(0.,-0.,-1.));
#11607=AXIS2_PLACEMENT_3D('',#11604,#11605,#11606);
#11608=PLANE('',#11607);
#11609=ORIENTED_EDGE('',*,*,#11581,.T.);
#11610=ORIENTED_EDGE('',*,*,#4118,.F.);
#11611=CARTESIAN_POINT('',(-6.6,52.575698831,10.870064071));
#11612=DIRECTION('',(-0.707106781,-0.707106781,-0.));
#11613=VECTOR('',#11612,0.282842712);
#11614=LINE('',#11611,#11613);
#11615=EDGE_CURVE('',#3957,#4105,#11614,.T.);
#11616=ORIENTED_EDGE('',*,*,#11615,.F.);
#11617=ORIENTED_EDGE('',*,*,#4022,.F.);
#11618=EDGE_LOOP('',(#11609,#11610,#11616,#11617));
#11619=FACE_BOUND('',#11618,.T.);
#11620=ADVANCED_FACE('',(#11619),#11608,.T.);
#11621=CARTESIAN_POINT('',(6.2,52.575698831,10.870064071));
#11622=DIRECTION('',(0.,-1.,0.));
#11623=DIRECTION('',(0.,0.,-1.));
#11624=AXIS2_PLACEMENT_3D('',#11621,#11622,#11623);
#11625=CONICAL_SURFACE('',#11624,0.8,45.);
#11626=ORIENTED_EDGE('',*,*,#11598,.T.);
#11627=ORIENTED_EDGE('',*,*,#3982,.F.);
#11628=CARTESIAN_POINT('',(6.2,52.375698831,9.870064071));
#11629=DIRECTION('',(0.,0.707106781,0.707106781));
#11630=VECTOR('',#11629,0.282842712);
#11631=LINE('',#11628,#11630);
#11632=EDGE_CURVE('',#4253,#3968,#11631,.T.);
#11633=ORIENTED_EDGE('',*,*,#11632,.F.);
#11634=ORIENTED_EDGE('',*,*,#11160,.F.);
#11635=EDGE_LOOP('',(#11626,#11627,#11633,#11634));
#11636=FACE_BOUND('',#11635,.T.);
#11637=ADVANCED_FACE('',(#11636),#11625,.F.);
#11638=CARTESIAN_POINT('',(-5.8,52.575698831,10.870064071));
#11639=DIRECTION('',(0.,-1.,0.));
#11640=DIRECTION('',(0.,0.,-1.));
#11641=AXIS2_PLACEMENT_3D('',#11638,#11639,#11640);
#11642=CONICAL_SURFACE('',#11641,0.8,45.);
#11643=ORIENTED_EDGE('',*,*,#11615,.T.);
#11644=ORIENTED_EDGE('',*,*,#11232,.F.);
#11645=CARTESIAN_POINT('',(-5.8,52.575698831,10.070064071));
#11646=DIRECTION('',(0.,-0.707106781,-0.707106781));
#11647=VECTOR('',#11646,0.282842712);
#11648=LINE('',#11645,#11647);
#11649=EDGE_CURVE('',#3959,#4261,#11648,.T.);
#11650=ORIENTED_EDGE('',*,*,#11649,.F.);
#11651=ORIENTED_EDGE('',*,*,#3965,.F.);
#11652=EDGE_LOOP('',(#11643,#11644,#11650,#11651));
#11653=FACE_BOUND('',#11652,.T.);
#11654=ADVANCED_FACE('',(#11653),#11642,.F.);
#11655=CARTESIAN_POINT('',(0.2,52.375698831,9.870064071));
#11656=DIRECTION('',(0.,-0.707106781,0.707106781));
#11657=DIRECTION('',(1.,0.,0.));
#11658=AXIS2_PLACEMENT_3D('',#11655,#11656,#11657);
#11659=PLANE('',#11658);
#11660=ORIENTED_EDGE('',*,*,#11632,.T.);
#11661=ORIENTED_EDGE('',*,*,#3973,.F.);
#11662=ORIENTED_EDGE('',*,*,#11649,.T.);
#11663=ORIENTED_EDGE('',*,*,#4266,.F.);
#11664=EDGE_LOOP('',(#11660,#11661,#11662,#11663));
#11665=FACE_BOUND('',#11664,.T.);
#11666=ADVANCED_FACE('',(#11665),#11659,.T.);
#11667=CARTESIAN_POINT('',(78.649281838,44.54648713,-6.036935243));
#11668=DIRECTION('',(-1.,-0.000000019,-0.000000153));
#11669=DIRECTION('',(-0.000000153,0.,1.));
#11670=AXIS2_PLACEMENT_3D('',#11667,#11668,#11669);
#11671=PLANE('',#11670);
#11672=ORIENTED_EDGE('',*,*,#3839,.F.);
#11673=CARTESIAN_POINT('',(78.649281654,47.918871977,-5.243511999));
#11674=VERTEX_POINT('',#11673);
#11675=CARTESIAN_POINT('',(78.64928172,47.866057114,-5.672019045));
#11676=DIRECTION('',(-0.000000154,0.122327538,0.992489785));
#11677=VECTOR('',#11676,0.431749577);
#11678=LINE('',#11675,#11677);
#11679=EDGE_CURVE('',#3825,#11674,#11678,.T.);
#11680=ORIENTED_EDGE('',*,*,#11679,.T.);
#11681=CARTESIAN_POINT('',(78.649281654,38.986512466,-4.142570142));
#11682=VERTEX_POINT('',#11681);
#11683=CARTESIAN_POINT('',(78.649281654,47.918871977,-5.243511999));
#11684=DIRECTION('',(0.,-0.992489785,0.122327538));
#11685=VECTOR('',#11684,8.999951079);
#11686=LINE('',#11683,#11685);
#11687=EDGE_CURVE('',#11674,#11682,#11686,.T.);
#11688=ORIENTED_EDGE('',*,*,#11687,.T.);
#11689=CARTESIAN_POINT('',(78.649281748,38.986512466,-4.142570142));
#11690=DIRECTION('',(0.000000154,-0.122327538,-0.992489785));
#11691=VECTOR('',#11690,0.435904397);
#11692=LINE('',#11689,#11691);
#11693=EDGE_CURVE('',#11682,#3834,#11692,.T.);
#11694=ORIENTED_EDGE('',*,*,#11693,.T.);
#11695=EDGE_LOOP('',(#11672,#11680,#11688,#11694));
#11696=FACE_BOUND('',#11695,.T.);
#11697=ADVANCED_FACE('',(#11696),#11671,.F.);
#11698=CARTESIAN_POINT('',(79.649281838,44.546487149,-6.03693509));
#11699=DIRECTION('',(-1.,-0.000000019,-0.000000153));
#11700=DIRECTION('',(-0.000000153,0.,1.));
#11701=AXIS2_PLACEMENT_3D('',#11698,#11699,#11700);
#11702=PLANE('',#11701);
#11703=ORIENTED_EDGE('',*,*,#3813,.T.);
#11704=CARTESIAN_POINT('',(79.649281654,38.986512484,-4.142569989));
#11705=VERTEX_POINT('',#11704);
#11706=CARTESIAN_POINT('',(79.649281815,38.933189354,-4.575200803));
#11707=DIRECTION('',(-0.000000154,0.122327538,0.992489785));
#11708=VECTOR('',#11707,0.435904551);
#11709=LINE('',#11706,#11708);
#11710=EDGE_CURVE('',#3808,#11705,#11709,.T.);
#11711=ORIENTED_EDGE('',*,*,#11710,.T.);
#11712=CARTESIAN_POINT('',(79.649281654,47.918871996,-5.243511847));
#11713=VERTEX_POINT('',#11712);
#11714=CARTESIAN_POINT('',(79.649281654,47.918871996,-5.243511847));
#11715=DIRECTION('',(-0.,-0.992489785,0.122327538));
#11716=VECTOR('',#11715,8.999951079);
#11717=LINE('',#11714,#11716);
#11718=EDGE_CURVE('',#11713,#11705,#11717,.T.);
#11719=ORIENTED_EDGE('',*,*,#11718,.F.);
#11720=CARTESIAN_POINT('',(79.649281654,47.918871996,-5.243511847));
#11721=DIRECTION('',(0.000000154,-0.122327538,-0.992489785));
#11722=VECTOR('',#11721,0.431749731);
#11723=LINE('',#11720,#11722);
#11724=EDGE_CURVE('',#11713,#3806,#11723,.T.);
#11725=ORIENTED_EDGE('',*,*,#11724,.T.);
#11726=EDGE_LOOP('',(#11703,#11711,#11719,#11725));
#11727=FACE_BOUND('',#11726,.T.);
#11728=ADVANCED_FACE('',(#11727),#11702,.T.);
#11729=CARTESIAN_POINT('',(7.49999993,0.047345514,0.656795595));
#11730=DIRECTION('',(0.000000154,-0.122327538,-0.992489785));
#11731=DIRECTION('',(-1.,-0.000000019,-0.000000153));
#11732=AXIS2_PLACEMENT_3D('',#11729,#11730,#11731);
#11733=PLANE('',#11732);
#11734=ORIENTED_EDGE('',*,*,#11687,.F.);
#11735=CARTESIAN_POINT('',(79.149281654,48.415116879,-5.304675692));
#11736=VERTEX_POINT('',#11735);
#11737=CARTESIAN_POINT('',(79.149281654,47.918871987,-5.243511923));
#11738=DIRECTION('',(0.000000154,-0.122327538,-0.992489785));
#11739=DIRECTION('',(0.,0.992489785,-0.122327538));
#11740=AXIS2_PLACEMENT_3D('',#11737,#11738,#11739);
#11741=CIRCLE('',#11740,0.5);
#11742=EDGE_CURVE('',#11674,#11736,#11741,.T.);
#11743=ORIENTED_EDGE('',*,*,#11742,.T.);
#11744=CARTESIAN_POINT('',(79.149281654,47.918871987,-5.243511923));
#11745=DIRECTION('',(0.000000154,-0.122327538,-0.992489785));
#11746=DIRECTION('',(0.,0.992489785,-0.122327538));
#11747=AXIS2_PLACEMENT_3D('',#11744,#11745,#11746);
#11748=CIRCLE('',#11747,0.5);
#11749=EDGE_CURVE('',#11736,#11713,#11748,.T.);
#11750=ORIENTED_EDGE('',*,*,#11749,.T.);
#11751=ORIENTED_EDGE('',*,*,#11718,.T.);
#11752=CARTESIAN_POINT('',(79.149281748,38.490267582,-4.081406296));
#11753=VERTEX_POINT('',#11752);
#11754=CARTESIAN_POINT('',(79.149281748,38.986512475,-4.142570065));
#11755=DIRECTION('',(0.000000154,-0.122327538,-0.992489785));
#11756=DIRECTION('',(0.,0.992489785,-0.122327538));
#11757=AXIS2_PLACEMENT_3D('',#11754,#11755,#11756);
#11758=CIRCLE('',#11757,0.5);
#11759=EDGE_CURVE('',#11705,#11753,#11758,.T.);
#11760=ORIENTED_EDGE('',*,*,#11759,.T.);
#11761=CARTESIAN_POINT('',(79.149281748,38.986512475,-4.142570065));
#11762=DIRECTION('',(0.000000154,-0.122327538,-0.992489785));
#11763=DIRECTION('',(0.,0.992489785,-0.122327538));
#11764=AXIS2_PLACEMENT_3D('',#11761,#11762,#11763);
#11765=CIRCLE('',#11764,0.5);
#11766=EDGE_CURVE('',#11753,#11682,#11765,.T.);
#11767=ORIENTED_EDGE('',*,*,#11766,.T.);
#11768=EDGE_LOOP('',(#11734,#11743,#11750,#11751,#11760,#11767));
#11769=FACE_BOUND('',#11768,.T.);
#11770=ADVANCED_FACE('',(#11769),#11733,.T.);
#11771=CARTESIAN_POINT('',(-79.487277695,36.980483508,-6.111990371));
#11772=DIRECTION('',(1.,0.000000019,0.000000153));
#11773=DIRECTION('',(0.000000153,-0.,-1.));
#11774=AXIS2_PLACEMENT_3D('',#11771,#11772,#11773);
#11775=PLANE('',#11774);
#11776=CARTESIAN_POINT('',(-79.487278033,38.986460686,-4.14258597));
#11777=VERTEX_POINT('',#11776);
#11778=CARTESIAN_POINT('',(-79.487278033,47.918869281,-5.243533877));
#11779=VERTEX_POINT('',#11778);
#11780=CARTESIAN_POINT('',(-79.487278033,38.986460686,-4.14258597));
#11781=DIRECTION('',(0.,0.992489785,-0.122327538));
#11782=VECTOR('',#11781,9.000000533);
#11783=LINE('',#11780,#11782);
#11784=EDGE_CURVE('',#11777,#11779,#11783,.T.);
#11785=ORIENTED_EDGE('',*,*,#11784,.F.);
#11786=CARTESIAN_POINT('',(-79.487278033,38.986460686,-4.14258597));
#11787=DIRECTION('',(0.000000154,-0.122327538,-0.992489785));
#11788=VECTOR('',#11787,0.435882379);
#11789=LINE('',#11786,#11788);
#11790=EDGE_CURVE('',#11777,#3860,#11789,.T.);
#11791=ORIENTED_EDGE('',*,*,#11790,.T.);
#11792=ORIENTED_EDGE('',*,*,#3867,.T.);
#11793=CARTESIAN_POINT('',(-79.487277967,47.866057114,-5.672019045));
#11794=DIRECTION('',(-0.000000154,0.122327538,0.992489785));
#11795=VECTOR('',#11794,0.431727534);
#11796=LINE('',#11793,#11795);
#11797=EDGE_CURVE('',#3862,#11779,#11796,.T.);
#11798=ORIENTED_EDGE('',*,*,#11797,.T.);
#11799=EDGE_LOOP('',(#11785,#11791,#11792,#11798));
#11800=FACE_BOUND('',#11799,.T.);
#11801=ADVANCED_FACE('',(#11800),#11775,.T.);
#11802=CARTESIAN_POINT('',(-78.487277695,36.980483527,-6.111990218));
#11803=DIRECTION('',(-1.,-0.000000019,-0.000000153));
#11804=DIRECTION('',(-0.000000153,0.,1.));
#11805=AXIS2_PLACEMENT_3D('',#11802,#11803,#11804);
#11806=PLANE('',#11805);
#11807=CARTESIAN_POINT('',(-78.487278033,47.9188693,-5.243533724));
#11808=VERTEX_POINT('',#11807);
#11809=CARTESIAN_POINT('',(-78.487278033,38.986460705,-4.142585817));
#11810=VERTEX_POINT('',#11809);
#11811=CARTESIAN_POINT('',(-78.487278033,47.9188693,-5.243533724));
#11812=DIRECTION('',(-0.,-0.992489785,0.122327538));
#11813=VECTOR('',#11812,9.000000533);
#11814=LINE('',#11811,#11813);
#11815=EDGE_CURVE('',#11808,#11810,#11814,.T.);
#11816=ORIENTED_EDGE('',*,*,#11815,.F.);
#11817=CARTESIAN_POINT('',(-78.487278033,47.9188693,-5.243533724));
#11818=DIRECTION('',(0.000000154,-0.122327538,-0.992489785));
#11819=VECTOR('',#11818,0.431727688);
#11820=LINE('',#11817,#11819);
#11821=EDGE_CURVE('',#11808,#3888,#11820,.T.);
#11822=ORIENTED_EDGE('',*,*,#11821,.T.);
#11823=ORIENTED_EDGE('',*,*,#3893,.T.);
#11824=CARTESIAN_POINT('',(-78.487277966,38.933140268,-4.575194778));
#11825=DIRECTION('',(-0.000000154,0.122327538,0.992489785));
#11826=VECTOR('',#11825,0.435882533);
#11827=LINE('',#11824,#11826);
#11828=EDGE_CURVE('',#3879,#11810,#11827,.T.);
#11829=ORIENTED_EDGE('',*,*,#11828,.T.);
#11830=EDGE_LOOP('',(#11816,#11822,#11823,#11829));
#11831=FACE_BOUND('',#11830,.T.);
#11832=ADVANCED_FACE('',(#11831),#11806,.T.);
#11833=CARTESIAN_POINT('',(-0.00000007,0.047345514,0.656795595));
#11834=DIRECTION('',(0.000000154,-0.122327538,-0.992489785));
#11835=DIRECTION('',(-1.,-0.000000019,-0.000000153));
#11836=AXIS2_PLACEMENT_3D('',#11833,#11834,#11835);
#11837=PLANE('',#11836);
#11838=ORIENTED_EDGE('',*,*,#11815,.T.);
#11839=CARTESIAN_POINT('',(-78.987278033,38.490215662,-4.081423271));
#11840=VERTEX_POINT('',#11839);
#11841=CARTESIAN_POINT('',(-78.987278033,38.986460555,-4.14258704));
#11842=DIRECTION('',(0.000000154,-0.122327538,-0.992489785));
#11843=DIRECTION('',(0.,0.992489785,-0.122327538));
#11844=AXIS2_PLACEMENT_3D('',#11841,#11842,#11843);
#11845=CIRCLE('',#11844,0.5);
#11846=EDGE_CURVE('',#11810,#11840,#11845,.T.);
#11847=ORIENTED_EDGE('',*,*,#11846,.T.);
#11848=CARTESIAN_POINT('',(-78.987278033,38.986460555,-4.14258704));
#11849=DIRECTION('',(0.000000154,-0.122327538,-0.992489785));
#11850=DIRECTION('',(0.,0.992489785,-0.122327538));
#11851=AXIS2_PLACEMENT_3D('',#11848,#11849,#11850);
#11852=CIRCLE('',#11851,0.5);
#11853=EDGE_CURVE('',#11840,#11777,#11852,.T.);
#11854=ORIENTED_EDGE('',*,*,#11853,.T.);
#11855=ORIENTED_EDGE('',*,*,#11784,.T.);
#11856=CARTESIAN_POINT('',(-78.987278033,48.415114183,-5.30469757));
#11857=VERTEX_POINT('',#11856);
#11858=CARTESIAN_POINT('',(-78.987278033,47.91886929,-5.243533801));
#11859=DIRECTION('',(0.000000154,-0.122327538,-0.992489785));
#11860=DIRECTION('',(0.,0.992489785,-0.122327538));
#11861=AXIS2_PLACEMENT_3D('',#11858,#11859,#11860);
#11862=CIRCLE('',#11861,0.5);
#11863=EDGE_CURVE('',#11779,#11857,#11862,.T.);
#11864=ORIENTED_EDGE('',*,*,#11863,.T.);
#11865=CARTESIAN_POINT('',(-78.987278033,47.91886929,-5.243533801));
#11866=DIRECTION('',(0.000000154,-0.122327538,-0.992489785));
#11867=DIRECTION('',(0.,0.992489785,-0.122327538));
#11868=AXIS2_PLACEMENT_3D('',#11865,#11866,#11867);
#11869=CIRCLE('',#11868,0.5);
#11870=EDGE_CURVE('',#11857,#11808,#11869,.T.);
#11871=ORIENTED_EDGE('',*,*,#11870,.T.);
#11872=EDGE_LOOP('',(#11838,#11847,#11854,#11855,#11864,#11871));
#11873=FACE_BOUND('',#11872,.T.);
#11874=ADVANCED_FACE('',(#11873),#11837,.T.);
#11875=CARTESIAN_POINT('',(-78.987277695,47.649748707,-7.427011328));
#11876=DIRECTION('',(0.000000154,-0.122327538,-0.992489785));
#11877=DIRECTION('',(0.,0.992489785,-0.122327538));
#11878=AXIS2_PLACEMENT_3D('',#11875,#11876,#11877);
#11879=CYLINDRICAL_SURFACE('',#11878,0.5);
#11880=ORIENTED_EDGE('',*,*,#11797,.F.);
#11881=ORIENTED_EDGE('',*,*,#3909,.F.);
#11882=CARTESIAN_POINT('',(-78.987278033,48.415114183,-5.30469757));
#11883=DIRECTION('',(0.000000154,-0.122327538,-0.992489785));
#11884=VECTOR('',#11883,0.431496787);
#11885=LINE('',#11882,#11884);
#11886=EDGE_CURVE('',#11857,#3896,#11885,.T.);
#11887=ORIENTED_EDGE('',*,*,#11886,.F.);
#11888=ORIENTED_EDGE('',*,*,#11863,.F.);
#11889=EDGE_LOOP('',(#11880,#11881,#11887,#11888));
#11890=FACE_BOUND('',#11889,.T.);
#11891=ADVANCED_FACE('',(#11890),#11879,.F.);
#11892=CARTESIAN_POINT('',(-78.987277695,47.649748707,-7.427011328));
#11893=DIRECTION('',(0.000000154,-0.122327538,-0.992489785));
#11894=DIRECTION('',(0.,0.992489785,-0.122327538));
#11895=AXIS2_PLACEMENT_3D('',#11892,#11893,#11894);
#11896=CYLINDRICAL_SURFACE('',#11895,0.5);
#11897=ORIENTED_EDGE('',*,*,#3902,.F.);
#11898=ORIENTED_EDGE('',*,*,#11821,.F.);
#11899=ORIENTED_EDGE('',*,*,#11870,.F.);
#11900=ORIENTED_EDGE('',*,*,#11886,.T.);
#11901=EDGE_LOOP('',(#11897,#11898,#11899,#11900));
#11902=FACE_BOUND('',#11901,.T.);
#11903=ADVANCED_FACE('',(#11902),#11896,.F.);
#11904=CARTESIAN_POINT('',(-78.987277695,38.717622474,-6.323772513));
#11905=DIRECTION('',(0.000000154,-0.122327538,-0.992489785));
#11906=DIRECTION('',(0.,0.992489785,-0.122327538));
#11907=AXIS2_PLACEMENT_3D('',#11904,#11905,#11906);
#11908=CYLINDRICAL_SURFACE('',#11907,0.5);
#11909=CARTESIAN_POINT('',(-78.987277966,38.436867139,-4.5142601));
#11910=DIRECTION('',(-0.000000154,0.122327538,0.992489785));
#11911=VECTOR('',#11910,0.436112126);
#11912=LINE('',#11909,#11911);
#11913=EDGE_CURVE('',#3870,#11840,#11912,.T.);
#11914=ORIENTED_EDGE('',*,*,#11913,.F.);
#11915=ORIENTED_EDGE('',*,*,#3876,.F.);
#11916=ORIENTED_EDGE('',*,*,#11790,.F.);
#11917=ORIENTED_EDGE('',*,*,#11853,.F.);
#11918=EDGE_LOOP('',(#11914,#11915,#11916,#11917));
#11919=FACE_BOUND('',#11918,.T.);
#11920=ADVANCED_FACE('',(#11919),#11908,.F.);
#11921=CARTESIAN_POINT('',(-78.987277695,38.717622474,-6.323772513));
#11922=DIRECTION('',(0.000000154,-0.122327538,-0.992489785));
#11923=DIRECTION('',(0.,0.992489785,-0.122327538));
#11924=AXIS2_PLACEMENT_3D('',#11921,#11922,#11923);
#11925=CYLINDRICAL_SURFACE('',#11924,0.5);
#11926=ORIENTED_EDGE('',*,*,#3885,.F.);
#11927=ORIENTED_EDGE('',*,*,#11913,.T.);
#11928=ORIENTED_EDGE('',*,*,#11846,.F.);
#11929=ORIENTED_EDGE('',*,*,#11828,.F.);
#11930=EDGE_LOOP('',(#11926,#11927,#11928,#11929));
#11931=FACE_BOUND('',#11930,.T.);
#11932=ADVANCED_FACE('',(#11931),#11925,.F.);
#11933=CARTESIAN_POINT('',(79.149281838,47.772078941,-6.434499665));
#11934=DIRECTION('',(-0.000000154,0.122327538,0.992489785));
#11935=DIRECTION('',(-0.,-0.992489785,0.122327538));
#11936=AXIS2_PLACEMENT_3D('',#11933,#11934,#11935);
#11937=CYLINDRICAL_SURFACE('',#11936,0.5);
#11938=CARTESIAN_POINT('',(79.14928172,48.362330243,-5.732953723));
#11939=DIRECTION('',(-0.000000154,0.122327538,0.992489785));
#11940=VECTOR('',#11939,0.43151883);
#11941=LINE('',#11938,#11940);
#11942=EDGE_CURVE('',#3816,#11736,#11941,.T.);
#11943=ORIENTED_EDGE('',*,*,#11942,.F.);
#11944=ORIENTED_EDGE('',*,*,#3822,.F.);
#11945=ORIENTED_EDGE('',*,*,#11724,.F.);
#11946=ORIENTED_EDGE('',*,*,#11749,.F.);
#11947=EDGE_LOOP('',(#11943,#11944,#11945,#11946));
#11948=FACE_BOUND('',#11947,.T.);
#11949=ADVANCED_FACE('',(#11948),#11937,.F.);
#11950=CARTESIAN_POINT('',(79.149281838,47.772078941,-6.434499665));
#11951=DIRECTION('',(0.000000154,-0.122327538,-0.992489785));
#11952=DIRECTION('',(0.,0.992489785,-0.122327538));
#11953=AXIS2_PLACEMENT_3D('',#11950,#11951,#11952);
#11954=CYLINDRICAL_SURFACE('',#11953,0.5);
#11955=ORIENTED_EDGE('',*,*,#3831,.F.);
#11956=ORIENTED_EDGE('',*,*,#11942,.T.);
#11957=ORIENTED_EDGE('',*,*,#11742,.F.);
#11958=ORIENTED_EDGE('',*,*,#11679,.F.);
#11959=EDGE_LOOP('',(#11955,#11956,#11957,#11958));
#11960=FACE_BOUND('',#11959,.T.);
#11961=ADVANCED_FACE('',(#11960),#11954,.F.);
#11962=CARTESIAN_POINT('',(79.149281838,38.914541685,-4.72649642));
#11963=DIRECTION('',(0.000000154,-0.122327538,-0.992489785));
#11964=DIRECTION('',(0.,0.992489785,-0.122327538));
#11965=AXIS2_PLACEMENT_3D('',#11962,#11963,#11964);
#11966=CYLINDRICAL_SURFACE('',#11965,0.5);
#11967=CARTESIAN_POINT('',(79.149281815,38.436916225,-4.514266125));
#11968=DIRECTION('',(-0.000000154,0.122327538,0.992489785));
#11969=VECTOR('',#11968,0.436135298);
#11970=LINE('',#11967,#11969);
#11971=EDGE_CURVE('',#3842,#11753,#11970,.T.);
#11972=ORIENTED_EDGE('',*,*,#11971,.F.);
#11973=ORIENTED_EDGE('',*,*,#3848,.F.);
#11974=ORIENTED_EDGE('',*,*,#11693,.F.);
#11975=ORIENTED_EDGE('',*,*,#11766,.F.);
#11976=EDGE_LOOP('',(#11972,#11973,#11974,#11975));
#11977=FACE_BOUND('',#11976,.T.);
#11978=ADVANCED_FACE('',(#11977),#11966,.F.);
#11979=CARTESIAN_POINT('',(79.149281838,38.914541685,-4.72649642));
#11980=DIRECTION('',(-0.000000154,0.122327538,0.992489785));
#11981=DIRECTION('',(-0.,-0.992489785,0.122327538));
#11982=AXIS2_PLACEMENT_3D('',#11979,#11980,#11981);
#11983=CYLINDRICAL_SURFACE('',#11982,0.5);
#11984=ORIENTED_EDGE('',*,*,#3855,.F.);
#11985=ORIENTED_EDGE('',*,*,#11971,.T.);
#11986=ORIENTED_EDGE('',*,*,#11759,.F.);
#11987=ORIENTED_EDGE('',*,*,#11710,.F.);
#11988=EDGE_LOOP('',(#11984,#11985,#11986,#11987));
#11989=FACE_BOUND('',#11988,.T.);
#11990=ADVANCED_FACE('',(#11989),#11983,.F.);
#11991=CARTESIAN_POINT('',(-9.019252699,52.975698831,-1.101411103));
#11992=DIRECTION('',(0.,0.,1.));
#11993=DIRECTION('',(0.,-1.,0.));
#11994=AXIS2_PLACEMENT_3D('',#11991,#11992,#11993);
#11995=PLANE('',#11994);
#11996=ORIENTED_EDGE('',*,*,#2566,.T.);
#11997=CARTESIAN_POINT('',(-8.772677596,52.975698831,-1.101411103));
#11998=VERTEX_POINT('',#11997);
#11999=CARTESIAN_POINT('',(-8.772677596,52.975698831,-1.101411103));
#12000=DIRECTION('',(0.,1.,-0.));
#12001=VECTOR('',#12000,0.4);
#12002=LINE('',#11999,#12001);
#12003=EDGE_CURVE('',#11998,#2561,#12002,.T.);
#12004=ORIENTED_EDGE('',*,*,#12003,.F.);
#12005=CARTESIAN_POINT('',(-9.265827801,52.975698831,-1.101411103));
#12006=VERTEX_POINT('',#12005);
#12007=CARTESIAN_POINT('',(-9.265827801,52.975698831,-1.101411103));
#12008=DIRECTION('',(1.,0.,-0.));
#12009=VECTOR('',#12008,0.493150204);
#12010=LINE('',#12007,#12009);
#12011=EDGE_CURVE('',#12006,#11998,#12010,.T.);
#12012=ORIENTED_EDGE('',*,*,#12011,.F.);
#12013=CARTESIAN_POINT('',(-9.265827801,52.975698831,-1.101411103));
#12014=DIRECTION('',(0.,1.,-0.));
#12015=VECTOR('',#12014,0.4);
#12016=LINE('',#12013,#12015);
#12017=EDGE_CURVE('',#12006,#2559,#12016,.T.);
#12018=ORIENTED_EDGE('',*,*,#12017,.T.);
#12019=EDGE_LOOP('',(#11996,#12004,#12012,#12018));
#12020=FACE_BOUND('',#12019,.T.);
#12021=ADVANCED_FACE('',(#12020),#11995,.F.);
#12022=CARTESIAN_POINT('',(-8.772677596,52.975698831,0.969822363));
#12023=DIRECTION('',(-1.,0.,0.));
#12024=DIRECTION('',(0.,0.,1.));
#12025=AXIS2_PLACEMENT_3D('',#12022,#12023,#12024);
#12026=PLANE('',#12025);
#12027=ORIENTED_EDGE('',*,*,#2636,.T.);
#12028=CARTESIAN_POINT('',(-8.772677596,52.975698831,3.041055829));
#12029=VERTEX_POINT('',#12028);
#12030=CARTESIAN_POINT('',(-8.772677596,52.975698831,3.041055829));
#12031=DIRECTION('',(0.,1.,-0.));
#12032=VECTOR('',#12031,0.4);
#12033=LINE('',#12030,#12032);
#12034=EDGE_CURVE('',#12029,#2625,#12033,.T.);
#12035=ORIENTED_EDGE('',*,*,#12034,.F.);
#12036=CARTESIAN_POINT('',(-8.772677596,52.975698831,-1.101411103));
#12037=DIRECTION('',(0.,0.,1.));
#12038=VECTOR('',#12037,4.142466933);
#12039=LINE('',#12036,#12038);
#12040=EDGE_CURVE('',#11998,#12029,#12039,.T.);
#12041=ORIENTED_EDGE('',*,*,#12040,.F.);
#12042=ORIENTED_EDGE('',*,*,#12003,.T.);
#12043=EDGE_LOOP('',(#12027,#12035,#12041,#12042));
#12044=FACE_BOUND('',#12043,.T.);
#12045=ADVANCED_FACE('',(#12044),#12026,.F.);
#12046=CARTESIAN_POINT('',(-8.111034374,52.975698831,3.041055829));
#12047=DIRECTION('',(0.,0.,1.));
#12048=DIRECTION('',(0.,-1.,0.));
#12049=AXIS2_PLACEMENT_3D('',#12046,#12047,#12048);
#12050=PLANE('',#12049);
#12051=ORIENTED_EDGE('',*,*,#2630,.T.);
#12052=CARTESIAN_POINT('',(-7.449391152,52.975698831,3.041055829));
#12053=VERTEX_POINT('',#12052);
#12054=CARTESIAN_POINT('',(-7.449391152,52.975698831,3.041055829));
#12055=DIRECTION('',(0.,1.,-0.));
#12056=VECTOR('',#12055,0.4);
#12057=LINE('',#12054,#12056);
#12058=EDGE_CURVE('',#12053,#2617,#12057,.T.);
#12059=ORIENTED_EDGE('',*,*,#12058,.F.);
#12060=CARTESIAN_POINT('',(-8.772677596,52.975698831,3.041055829));
#12061=DIRECTION('',(1.,0.,-0.));
#12062=VECTOR('',#12061,1.323286444);
#12063=LINE('',#12060,#12062);
#12064=EDGE_CURVE('',#12029,#12053,#12063,.T.);
#12065=ORIENTED_EDGE('',*,*,#12064,.F.);
#12066=ORIENTED_EDGE('',*,*,#12034,.T.);
#12067=EDGE_LOOP('',(#12051,#12059,#12065,#12066));
#12068=FACE_BOUND('',#12067,.T.);
#12069=ADVANCED_FACE('',(#12068),#12050,.F.);
#12070=CARTESIAN_POINT('',(-7.449391152,52.975698831,2.761603177));
#12071=DIRECTION('',(1.,0.,0.));
#12072=DIRECTION('',(0.,0.,-1.));
#12073=AXIS2_PLACEMENT_3D('',#12070,#12071,#12072);
#12074=PLANE('',#12073);
#12075=ORIENTED_EDGE('',*,*,#2622,.T.);
#12076=CARTESIAN_POINT('',(-7.449391152,52.975698831,2.482150526));
#12077=VERTEX_POINT('',#12076);
#12078=CARTESIAN_POINT('',(-7.449391152,52.975698831,2.482150526));
#12079=DIRECTION('',(0.,1.,-0.));
#12080=VECTOR('',#12079,0.4);
#12081=LINE('',#12078,#12080);
#12082=EDGE_CURVE('',#12077,#2609,#12081,.T.);
#12083=ORIENTED_EDGE('',*,*,#12082,.F.);
#12084=CARTESIAN_POINT('',(-7.449391152,52.975698831,3.041055829));
#12085=DIRECTION('',(0.,-0.,-1.));
#12086=VECTOR('',#12085,0.558905303);
#12087=LINE('',#12084,#12086);
#12088=EDGE_CURVE('',#12053,#12077,#12087,.T.);
#12089=ORIENTED_EDGE('',*,*,#12088,.F.);
#12090=ORIENTED_EDGE('',*,*,#12058,.T.);
#12091=EDGE_LOOP('',(#12075,#12083,#12089,#12090));
#12092=FACE_BOUND('',#12091,.T.);
#12093=ADVANCED_FACE('',(#12092),#12074,.F.);
#12094=CARTESIAN_POINT('',(-7.695966255,52.975698831,2.482150526));
#12095=DIRECTION('',(0.,-0.,-1.));
#12096=DIRECTION('',(0.,1.,-0.));
#12097=AXIS2_PLACEMENT_3D('',#12094,#12095,#12096);
#12098=PLANE('',#12097);
#12099=ORIENTED_EDGE('',*,*,#2614,.T.);
#12100=CARTESIAN_POINT('',(-7.942541357,52.975698831,2.482150526));
#12101=VERTEX_POINT('',#12100);
#12102=CARTESIAN_POINT('',(-7.942541357,52.975698831,2.482150526));
#12103=DIRECTION('',(0.,1.,-0.));
#12104=VECTOR('',#12103,0.4);
#12105=LINE('',#12102,#12104);
#12106=EDGE_CURVE('',#12101,#2601,#12105,.T.);
#12107=ORIENTED_EDGE('',*,*,#12106,.F.);
#12108=CARTESIAN_POINT('',(-7.449391152,52.975698831,2.482150526));
#12109=DIRECTION('',(-1.,0.,0.));
#12110=VECTOR('',#12109,0.493150204);
#12111=LINE('',#12108,#12110);
#12112=EDGE_CURVE('',#12077,#12101,#12111,.T.);
#12113=ORIENTED_EDGE('',*,*,#12112,.F.);
#12114=ORIENTED_EDGE('',*,*,#12082,.T.);
#12115=EDGE_LOOP('',(#12099,#12107,#12113,#12114));
#12116=FACE_BOUND('',#12115,.T.);
#12117=ADVANCED_FACE('',(#12116),#12098,.F.);
#12118=CARTESIAN_POINT('',(-7.942541357,52.975698831,0.690369711));
#12119=DIRECTION('',(1.,0.,0.));
#12120=DIRECTION('',(0.,0.,-1.));
#12121=AXIS2_PLACEMENT_3D('',#12118,#12119,#12120);
#12122=PLANE('',#12121);
#12123=ORIENTED_EDGE('',*,*,#2606,.T.);
#12124=CARTESIAN_POINT('',(-7.942541357,52.975698831,-1.101411103));
#12125=VERTEX_POINT('',#12124);
#12126=CARTESIAN_POINT('',(-7.942541357,52.975698831,-1.101411103));
#12127=DIRECTION('',(0.,1.,-0.));
#12128=VECTOR('',#12127,0.4);
#12129=LINE('',#12126,#12128);
#12130=EDGE_CURVE('',#12125,#2593,#12129,.T.);
#12131=ORIENTED_EDGE('',*,*,#12130,.F.);
#12132=CARTESIAN_POINT('',(-7.942541357,52.975698831,2.482150526));
#12133=DIRECTION('',(0.,-0.,-1.));
#12134=VECTOR('',#12133,3.583561629);
#12135=LINE('',#12132,#12134);
#12136=EDGE_CURVE('',#12101,#12125,#12135,.T.);
#12137=ORIENTED_EDGE('',*,*,#12136,.F.);
#12138=ORIENTED_EDGE('',*,*,#12106,.T.);
#12139=EDGE_LOOP('',(#12123,#12131,#12137,#12138));
#12140=FACE_BOUND('',#12139,.T.);
#12141=ADVANCED_FACE('',(#12140),#12122,.F.);
#12142=CARTESIAN_POINT('',(-7.695966255,52.975698831,-1.101411103));
#12143=DIRECTION('',(0.,0.,1.));
#12144=DIRECTION('',(0.,-1.,0.));
#12145=AXIS2_PLACEMENT_3D('',#12142,#12143,#12144);
#12146=PLANE('',#12145);
#12147=ORIENTED_EDGE('',*,*,#2598,.T.);
#12148=CARTESIAN_POINT('',(-7.449391152,52.975698831,-1.101411103));
#12149=VERTEX_POINT('',#12148);
#12150=CARTESIAN_POINT('',(-7.449391152,52.975698831,-1.101411103));
#12151=DIRECTION('',(0.,1.,-0.));
#12152=VECTOR('',#12151,0.4);
#12153=LINE('',#12150,#12152);
#12154=EDGE_CURVE('',#12149,#2585,#12153,.T.);
#12155=ORIENTED_EDGE('',*,*,#12154,.F.);
#12156=CARTESIAN_POINT('',(-7.942541357,52.975698831,-1.101411103));
#12157=DIRECTION('',(1.,0.,-0.));
#12158=VECTOR('',#12157,0.493150204);
#12159=LINE('',#12156,#12158);
#12160=EDGE_CURVE('',#12125,#12149,#12159,.T.);
#12161=ORIENTED_EDGE('',*,*,#12160,.F.);
#12162=ORIENTED_EDGE('',*,*,#12130,.T.);
#12163=EDGE_LOOP('',(#12147,#12155,#12161,#12162));
#12164=FACE_BOUND('',#12163,.T.);
#12165=ADVANCED_FACE('',(#12164),#12146,.F.);
#12166=CARTESIAN_POINT('',(-7.449391152,52.975698831,-1.380862824));
#12167=DIRECTION('',(1.,0.,0.));
#12168=DIRECTION('',(0.,0.,-1.));
#12169=AXIS2_PLACEMENT_3D('',#12166,#12167,#12168);
#12170=PLANE('',#12169);
#12171=ORIENTED_EDGE('',*,*,#2590,.T.);
#12172=CARTESIAN_POINT('',(-7.449391152,52.975698831,-1.660314544));
#12173=VERTEX_POINT('',#12172);
#12174=CARTESIAN_POINT('',(-7.449391152,52.975698831,-1.660314544));
#12175=DIRECTION('',(0.,1.,-0.));
#12176=VECTOR('',#12175,0.4);
#12177=LINE('',#12174,#12176);
#12178=EDGE_CURVE('',#12173,#2577,#12177,.T.);
#12179=ORIENTED_EDGE('',*,*,#12178,.F.);
#12180=CARTESIAN_POINT('',(-7.449391152,52.975698831,-1.101411103));
#12181=DIRECTION('',(0.,-0.,-1.));
#12182=VECTOR('',#12181,0.558903441);
#12183=LINE('',#12180,#12182);
#12184=EDGE_CURVE('',#12149,#12173,#12183,.T.);
#12185=ORIENTED_EDGE('',*,*,#12184,.F.);
#12186=ORIENTED_EDGE('',*,*,#12154,.T.);
#12187=EDGE_LOOP('',(#12171,#12179,#12185,#12186));
#12188=FACE_BOUND('',#12187,.T.);
#12189=ADVANCED_FACE('',(#12188),#12170,.F.);
#12190=CARTESIAN_POINT('',(-8.357609477,52.975698831,-1.660314544));
#12191=DIRECTION('',(0.,-0.,-1.));
#12192=DIRECTION('',(0.,1.,-0.));
#12193=AXIS2_PLACEMENT_3D('',#12190,#12191,#12192);
#12194=PLANE('',#12193);
#12195=ORIENTED_EDGE('',*,*,#2582,.T.);
#12196=CARTESIAN_POINT('',(-9.265827801,52.975698831,-1.660314544));
#12197=VERTEX_POINT('',#12196);
#12198=CARTESIAN_POINT('',(-9.265827801,52.975698831,-1.660314544));
#12199=DIRECTION('',(0.,1.,-0.));
#12200=VECTOR('',#12199,0.4);
#12201=LINE('',#12198,#12200);
#12202=EDGE_CURVE('',#12197,#2569,#12201,.T.);
#12203=ORIENTED_EDGE('',*,*,#12202,.F.);
#12204=CARTESIAN_POINT('',(-7.449391152,52.975698831,-1.660314544));
#12205=DIRECTION('',(-1.,0.,0.));
#12206=VECTOR('',#12205,1.816436648);
#12207=LINE('',#12204,#12206);
#12208=EDGE_CURVE('',#12173,#12197,#12207,.T.);
#12209=ORIENTED_EDGE('',*,*,#12208,.F.);
#12210=ORIENTED_EDGE('',*,*,#12178,.T.);
#12211=EDGE_LOOP('',(#12195,#12203,#12209,#12210));
#12212=FACE_BOUND('',#12211,.T.);
#12213=ADVANCED_FACE('',(#12212),#12194,.F.);
#12214=CARTESIAN_POINT('',(-9.265827801,52.975698831,-1.380862824));
#12215=DIRECTION('',(-1.,0.,0.));
#12216=DIRECTION('',(0.,0.,1.));
#12217=AXIS2_PLACEMENT_3D('',#12214,#12215,#12216);
#12218=PLANE('',#12217);
#12219=ORIENTED_EDGE('',*,*,#2574,.T.);
#12220=ORIENTED_EDGE('',*,*,#12017,.F.);
#12221=CARTESIAN_POINT('',(-9.265827801,52.975698831,-1.660314544));
#12222=DIRECTION('',(0.,0.,1.));
#12223=VECTOR('',#12222,0.558903441);
#12224=LINE('',#12221,#12223);
#12225=EDGE_CURVE('',#12197,#12006,#12224,.T.);
#12226=ORIENTED_EDGE('',*,*,#12225,.F.);
#12227=ORIENTED_EDGE('',*,*,#12202,.T.);
#12228=EDGE_LOOP('',(#12219,#12220,#12226,#12227));
#12229=FACE_BOUND('',#12228,.T.);
#12230=ADVANCED_FACE('',(#12229),#12218,.F.);
#12231=CARTESIAN_POINT('',(0.214993954,52.975698831,0.64516471));
#12232=DIRECTION('',(0.,1.,-0.));
#12233=DIRECTION('',(-1.,0.,0.));
#12234=AXIS2_PLACEMENT_3D('',#12231,#12232,#12233);
#12235=PLANE('',#12234);
#12236=ORIENTED_EDGE('',*,*,#12011,.T.);
#12237=ORIENTED_EDGE('',*,*,#12040,.T.);
#12238=ORIENTED_EDGE('',*,*,#12064,.T.);
#12239=ORIENTED_EDGE('',*,*,#12088,.T.);
#12240=ORIENTED_EDGE('',*,*,#12112,.T.);
#12241=ORIENTED_EDGE('',*,*,#12136,.T.);
#12242=ORIENTED_EDGE('',*,*,#12160,.T.);
#12243=ORIENTED_EDGE('',*,*,#12184,.T.);
#12244=ORIENTED_EDGE('',*,*,#12208,.T.);
#12245=ORIENTED_EDGE('',*,*,#12225,.T.);
#12246=EDGE_LOOP('',(#12236,#12237,#12238,#12239,#12240,#12241,#12242,#12243,#12244,#12245));
#12247=FACE_BOUND('',#12246,.T.);
#12248=ADVANCED_FACE('',(#12247),#12235,.T.);
#12249=CARTESIAN_POINT('',(18.934172957,52.975698831,2.1369465));
#12250=CARTESIAN_POINT('',(18.934172957,53.375698831,2.1369465));
#12251=CARTESIAN_POINT('',(18.583488098,52.975698831,2.3780417));
#12252=CARTESIAN_POINT('',(18.583488098,53.375698831,2.3780417));
#12253=CARTESIAN_POINT('',(18.22732357,52.975698831,2.498590232));
#12254=CARTESIAN_POINT('',(18.22732357,53.375698831,2.498590232));
#12255=CARTESIAN_POINT('',(17.865679838,52.975698831,2.498590232));
#12256=CARTESIAN_POINT('',(17.865679838,53.375698831,2.498590232));
#12257=B_SPLINE_SURFACE_WITH_KNOTS('',3,1,((#12249,#12250),(#12251,#12252),(#12253,#12254),(#12255,#12256)),.UNSPECIFIED.,.F.,.F.,.U.,(4,4),(2,2),(0.,1.),(0.,1.),.UNSPECIFIED.);
#12258=CARTESIAN_POINT('',(18.934172957,53.375698831,2.1369465));
#12259=VERTEX_POINT('',#12258);
#12260=CARTESIAN_POINT('',(17.865679838,53.375698831,2.498590232));
#12261=VERTEX_POINT('',#12260);
#12262=CARTESIAN_POINT('',(18.934172957,53.375698831,2.1369465));
#12263=CARTESIAN_POINT('',(18.583488098,53.375698831,2.3780417));
#12264=CARTESIAN_POINT('',(18.22732357,53.375698831,2.498590232));
#12265=CARTESIAN_POINT('',(17.865679838,53.375698831,2.498590232));
#12266=B_SPLINE_CURVE_WITH_KNOTS('',3,(#12262,#12263,#12264,#12265),.UNSPECIFIED.,.F.,.F.,(4,4),(0.,1.),.UNSPECIFIED.);
#12267=EDGE_CURVE('',#12259,#12261,#12266,.T.);
#12268=ORIENTED_EDGE('',*,*,#12267,.T.);
#12269=CARTESIAN_POINT('',(17.865679838,52.975698831,2.498590232));
#12270=VERTEX_POINT('',#12269);
#12271=CARTESIAN_POINT('',(17.865679838,52.975698831,2.498590232));
#12272=DIRECTION('',(0.,1.,-0.));
#12273=VECTOR('',#12272,0.4);
#12274=LINE('',#12271,#12273);
#12275=EDGE_CURVE('',#12270,#12261,#12274,.T.);
#12276=ORIENTED_EDGE('',*,*,#12275,.F.);
#12277=CARTESIAN_POINT('',(18.934172957,52.975698831,2.1369465));
#12278=VERTEX_POINT('',#12277);
#12279=CARTESIAN_POINT('',(18.934172957,52.975698831,2.1369465));
#12280=CARTESIAN_POINT('',(18.583488098,52.975698831,2.3780417));
#12281=CARTESIAN_POINT('',(18.22732357,52.975698831,2.498590232));
#12282=CARTESIAN_POINT('',(17.865679838,52.975698831,2.498590232));
#12283=B_SPLINE_CURVE_WITH_KNOTS('',3,(#12279,#12280,#12281,#12282),.UNSPECIFIED.,.F.,.F.,(4,4),(0.,1.),.UNSPECIFIED.);
#12284=EDGE_CURVE('',#12278,#12270,#12283,.T.);
#12285=ORIENTED_EDGE('',*,*,#12284,.F.);
#12286=CARTESIAN_POINT('',(18.934172957,52.975698831,2.1369465));
#12287=DIRECTION('',(0.,1.,-0.));
#12288=VECTOR('',#12287,0.4);
#12289=LINE('',#12286,#12288);
#12290=EDGE_CURVE('',#12278,#12259,#12289,.T.);
#12291=ORIENTED_EDGE('',*,*,#12290,.T.);
#12292=EDGE_LOOP('',(#12268,#12276,#12285,#12291));
#12293=FACE_BOUND('',#12292,.T.);
#12294=ADVANCED_FACE('',(#12293),#12257,.F.);
#12295=CARTESIAN_POINT('',(17.865679838,52.975698831,2.498590232));
#12296=CARTESIAN_POINT('',(17.865679838,53.375698831,2.498590232));
#12297=CARTESIAN_POINT('',(17.662940227,52.975698831,2.498590232));
#12298=CARTESIAN_POINT('',(17.662940227,53.375698831,2.498590232));
#12299=CARTESIAN_POINT('',(17.490337283,52.975698831,2.464343638));
#12300=CARTESIAN_POINT('',(17.490337283,53.375698831,2.464343638));
#12301=CARTESIAN_POINT('',(17.347871704,52.975698831,2.395850451));
#12302=CARTESIAN_POINT('',(17.347871704,53.375698831,2.395850451));
#12303=CARTESIAN_POINT('',(17.205405893,52.975698831,2.327357263));
#12304=CARTESIAN_POINT('',(17.205405893,53.375698831,2.327357263));
#12305=CARTESIAN_POINT('',(17.093077215,52.975698831,2.241055325));
#12306=CARTESIAN_POINT('',(17.093077215,53.375698831,2.241055325));
#12307=CARTESIAN_POINT('',(17.010885203,52.975698831,2.1369465));
#12308=CARTESIAN_POINT('',(17.010885203,53.375698831,2.1369465));
#12309=CARTESIAN_POINT('',(16.928693658,52.975698831,2.032835812));
#12310=CARTESIAN_POINT('',(16.928693658,53.375698831,2.032835812));
#12311=CARTESIAN_POINT('',(16.86568014,52.975698831,1.895849437));
#12312=CARTESIAN_POINT('',(16.86568014,53.375698831,1.895849437));
#12313=CARTESIAN_POINT('',(16.821844183,52.975698831,1.725987376));
#12314=CARTESIAN_POINT('',(16.821844183,53.375698831,1.725987376));
#12315=CARTESIAN_POINT('',(16.778008692,52.975698831,1.556123451));
#12316=CARTESIAN_POINT('',(16.778008692,53.375698831,1.556123451));
#12317=CARTESIAN_POINT('',(16.749241535,52.975698831,1.39447938));
#12318=CARTESIAN_POINT('',(16.749241535,53.375698831,1.39447938));
#12319=CARTESIAN_POINT('',(16.735543177,52.975698831,1.241055162));
#12320=CARTESIAN_POINT('',(16.735543177,53.375698831,1.241055162));
#12321=CARTESIAN_POINT('',(16.721844353,52.975698831,1.087630943));
#12322=CARTESIAN_POINT('',(16.721844353,53.375698831,1.087630943));
#12323=CARTESIAN_POINT('',(16.714994941,52.975698831,0.904069126));
#12324=CARTESIAN_POINT('',(16.714994941,53.375698831,0.904069126));
#12325=CARTESIAN_POINT('',(16.714994941,52.975698831,0.690369711));
#12326=CARTESIAN_POINT('',(16.714994941,53.375698831,0.690369711));
#12327=CARTESIAN_POINT('',(16.714994941,52.975698831,0.454754413));
#12328=CARTESIAN_POINT('',(16.714994941,53.375698831,0.454754413));
#12329=CARTESIAN_POINT('',(16.721844353,52.975698831,0.256123797));
#12330=CARTESIAN_POINT('',(16.721844353,53.375698831,0.256123797));
#12331=CARTESIAN_POINT('',(16.735543177,52.975698831,0.094479726));
#12332=CARTESIAN_POINT('',(16.735543177,53.375698831,0.094479726));
#12333=CARTESIAN_POINT('',(16.749241535,52.975698831,-0.067164346));
#12334=CARTESIAN_POINT('',(16.749241535,53.375698831,-0.067164346));
#12335=CARTESIAN_POINT('',(16.779378668,52.975698831,-0.230177461));
#12336=CARTESIAN_POINT('',(16.779378668,53.375698831,-0.230177461));
#12337=CARTESIAN_POINT('',(16.825953644,52.975698831,-0.394561484));
#12338=CARTESIAN_POINT('',(16.825953644,53.375698831,-0.394561484));
#12339=CARTESIAN_POINT('',(16.872529319,52.975698831,-0.558945506));
#12340=CARTESIAN_POINT('',(16.872529319,53.375698831,-0.558945506));
#12341=CARTESIAN_POINT('',(16.938283021,52.975698831,-0.690451979));
#12342=CARTESIAN_POINT('',(16.938283021,53.375698831,-0.690451979));
#12343=CARTESIAN_POINT('',(17.023214052,52.975698831,-0.789080902));
#12344=CARTESIAN_POINT('',(17.023214052,53.375698831,-0.789080902));
#12345=CARTESIAN_POINT('',(17.108145781,52.975698831,-0.887711688));
#12346=CARTESIAN_POINT('',(17.108145781,53.375698831,-0.887711688));
#12347=CARTESIAN_POINT('',(17.224584153,52.975698831,-0.96716468));
#12348=CARTESIAN_POINT('',(17.224584153,53.375698831,-0.96716468));
#12349=CARTESIAN_POINT('',(17.372529168,52.975698831,-1.027438014));
#12350=CARTESIAN_POINT('',(17.372529168,53.375698831,-1.027438014));
#12351=CARTESIAN_POINT('',(17.520474648,52.975698831,-1.087711348));
#12352=CARTESIAN_POINT('',(17.520474648,53.375698831,-1.087711348));
#12353=CARTESIAN_POINT('',(17.701296747,52.975698831,-1.117848947));
#12354=CARTESIAN_POINT('',(17.701296747,53.375698831,-1.117848947));
#12355=CARTESIAN_POINT('',(17.914994998,52.975698831,-1.117848947));
#12356=CARTESIAN_POINT('',(17.914994998,53.375698831,-1.117848947));
#12357=CARTESIAN_POINT('',(18.271159526,52.975698831,-1.117848947));
#12358=CARTESIAN_POINT('',(18.271159526,53.375698831,-1.117848947));
#12359=CARTESIAN_POINT('',(18.610885279,52.975698831,-1.054835662));
#12360=CARTESIAN_POINT('',(18.610885279,53.375698831,-1.054835662));
#12361=CARTESIAN_POINT('',(18.934172957,52.975698831,-0.928807228));
#12362=CARTESIAN_POINT('',(18.934172957,53.375698831,-0.928807228));
#12363=B_SPLINE_SURFACE_WITH_KNOTS('',3,1,((#12295,#12296),(#12297,#12298),(#12299,#12300),(#12301,#12302),(#12303,#12304),(#12305,#12306),(#12307,#12308),(#12309,#12310),(#12311,#12312),(#12313,#12314),(#12315,#12316),(#12317,#12318),(#12319,#12320),(#12321,#12322),(#12323,#12324),(#12325,#12326),(#12327,#12328),(#12329,#12330),(#12331,#12332),(#12333,#12334),(#12335,#12336),(#12337,#12338),(#12339,#12340),(#12341,#12342),(#12343,#12344),(#12345,#12346),
(#12347,#12348),(#12349,#12350),(#12351,#12352),(#12353,#12354),(#12355,#12356),(#12357,#12358),(#12359,#12360),(#12361,#12362)),.UNSPECIFIED.,.F.,.F.,.U.,(4,3,3,3,3,3,3,3,3,3,3,4),(2,2),(0.,0.080967479,0.161935065,0.242903368,0.323872449,0.404841552,0.494114419,0.583387264,0.672660208,0.761934433,0.851208899,1.),(0.,1.),.UNSPECIFIED.);
#12364=CARTESIAN_POINT('',(18.934172957,53.375698831,-0.928807228));
#12365=VERTEX_POINT('',#12364);
#12366=CARTESIAN_POINT('',(17.865679838,53.375698831,2.498590232));
#12367=CARTESIAN_POINT('',(17.662940227,53.375698831,2.498590232));
#12368=CARTESIAN_POINT('',(17.490337283,53.375698831,2.464343638));
#12369=CARTESIAN_POINT('',(17.347871704,53.375698831,2.395850451));
#12370=CARTESIAN_POINT('',(17.205405893,53.375698831,2.327357263));
#12371=CARTESIAN_POINT('',(17.093077215,53.375698831,2.241055325));
#12372=CARTESIAN_POINT('',(17.010885203,53.375698831,2.1369465));
#12373=CARTESIAN_POINT('',(16.928693658,53.375698831,2.032835812));
#12374=CARTESIAN_POINT('',(16.86568014,53.375698831,1.895849437));
#12375=CARTESIAN_POINT('',(16.821844183,53.375698831,1.725987376));
#12376=CARTESIAN_POINT('',(16.778008692,53.375698831,1.556123451));
#12377=CARTESIAN_POINT('',(16.749241535,53.375698831,1.39447938));
#12378=CARTESIAN_POINT('',(16.735543177,53.375698831,1.241055162));
#12379=CARTESIAN_POINT('',(16.721844353,53.375698831,1.087630943));
#12380=CARTESIAN_POINT('',(16.714994941,53.375698831,0.904069126));
#12381=CARTESIAN_POINT('',(16.714994941,53.375698831,0.690369711));
#12382=CARTESIAN_POINT('',(16.714994941,53.375698831,0.454754413));
#12383=CARTESIAN_POINT('',(16.721844353,53.375698831,0.256123797));
#12384=CARTESIAN_POINT('',(16.735543177,53.375698831,0.094479726));
#12385=CARTESIAN_POINT('',(16.749241535,53.375698831,-0.067164346));
#12386=CARTESIAN_POINT('',(16.779378668,53.375698831,-0.230177461));
#12387=CARTESIAN_POINT('',(16.825953644,53.375698831,-0.394561484));
#12388=CARTESIAN_POINT('',(16.872529319,53.375698831,-0.558945506));
#12389=CARTESIAN_POINT('',(16.938283021,53.375698831,-0.690451979));
#12390=CARTESIAN_POINT('',(17.023214052,53.375698831,-0.789080902));
#12391=CARTESIAN_POINT('',(17.108145781,53.375698831,-0.887711688));
#12392=CARTESIAN_POINT('',(17.224584153,53.375698831,-0.96716468));
#12393=CARTESIAN_POINT('',(17.372529168,53.375698831,-1.027438014));
#12394=CARTESIAN_POINT('',(17.520474648,53.375698831,-1.087711348));
#12395=CARTESIAN_POINT('',(17.701296747,53.375698831,-1.117848947));
#12396=CARTESIAN_POINT('',(17.914994998,53.375698831,-1.117848947));
#12397=CARTESIAN_POINT('',(18.271159526,53.375698831,-1.117848947));
#12398=CARTESIAN_POINT('',(18.610885279,53.375698831,-1.054835662));
#12399=CARTESIAN_POINT('',(18.934172957,53.375698831,-0.928807228));
#12400=B_SPLINE_CURVE_WITH_KNOTS('',3,(#12366,#12367,#12368,#12369,#12370,#12371,#12372,#12373,#12374,#12375,#12376,#12377,#12378,#12379,#12380,#12381,#12382,#12383,#12384,#12385,#12386,#12387,#12388,#12389,#12390,#12391,
#12392,#12393,#12394,#12395,#12396,#12397,#12398,#12399),.UNSPECIFIED.,.F.,.F.,(4,3,3,3,3,3,3,3,3,3,3,4),(0.,0.080967479,0.161935065,0.242903368,0.323872449,0.404841552,0.494114419,0.583387264,0.672660208,0.761934433,0.851208899,1.),.UNSPECIFIED.);
#12401=EDGE_CURVE('',#12261,#12365,#12400,.T.);
#12402=ORIENTED_EDGE('',*,*,#12401,.T.);
#12403=CARTESIAN_POINT('',(18.934172957,52.975698831,-0.928807228));
#12404=VERTEX_POINT('',#12403);
#12405=CARTESIAN_POINT('',(18.934172957,52.975698831,-0.928807228));
#12406=DIRECTION('',(0.,1.,-0.));
#12407=VECTOR('',#12406,0.4);
#12408=LINE('',#12405,#12407);
#12409=EDGE_CURVE('',#12404,#12365,#12408,.T.);
#12410=ORIENTED_EDGE('',*,*,#12409,.F.);
#12411=CARTESIAN_POINT('',(17.865679838,52.975698831,2.498590232));
#12412=CARTESIAN_POINT('',(17.662940227,52.975698831,2.498590232));
#12413=CARTESIAN_POINT('',(17.490337283,52.975698831,2.464343638));
#12414=CARTESIAN_POINT('',(17.347871704,52.975698831,2.395850451));
#12415=CARTESIAN_POINT('',(17.205405893,52.975698831,2.327357263));
#12416=CARTESIAN_POINT('',(17.093077215,52.975698831,2.241055325));
#12417=CARTESIAN_POINT('',(17.010885203,52.975698831,2.1369465));
#12418=CARTESIAN_POINT('',(16.928693658,52.975698831,2.032835812));
#12419=CARTESIAN_POINT('',(16.86568014,52.975698831,1.895849437));
#12420=CARTESIAN_POINT('',(16.821844183,52.975698831,1.725987376));
#12421=CARTESIAN_POINT('',(16.778008692,52.975698831,1.556123451));
#12422=CARTESIAN_POINT('',(16.749241535,52.975698831,1.39447938));
#12423=CARTESIAN_POINT('',(16.735543177,52.975698831,1.241055162));
#12424=CARTESIAN_POINT('',(16.721844353,52.975698831,1.087630943));
#12425=CARTESIAN_POINT('',(16.714994941,52.975698831,0.904069126));
#12426=CARTESIAN_POINT('',(16.714994941,52.975698831,0.690369711));
#12427=CARTESIAN_POINT('',(16.714994941,52.975698831,0.454754413));
#12428=CARTESIAN_POINT('',(16.721844353,52.975698831,0.256123797));
#12429=CARTESIAN_POINT('',(16.735543177,52.975698831,0.094479726));
#12430=CARTESIAN_POINT('',(16.749241535,52.975698831,-0.067164346));
#12431=CARTESIAN_POINT('',(16.779378668,52.975698831,-0.230177461));
#12432=CARTESIAN_POINT('',(16.825953644,52.975698831,-0.394561484));
#12433=CARTESIAN_POINT('',(16.872529319,52.975698831,-0.558945506));
#12434=CARTESIAN_POINT('',(16.938283021,52.975698831,-0.690451979));
#12435=CARTESIAN_POINT('',(17.023214052,52.975698831,-0.789080902));
#12436=CARTESIAN_POINT('',(17.108145781,52.975698831,-0.887711688));
#12437=CARTESIAN_POINT('',(17.224584153,52.975698831,-0.96716468));
#12438=CARTESIAN_POINT('',(17.372529168,52.975698831,-1.027438014));
#12439=CARTESIAN_POINT('',(17.520474648,52.975698831,-1.087711348));
#12440=CARTESIAN_POINT('',(17.701296747,52.975698831,-1.117848947));
#12441=CARTESIAN_POINT('',(17.914994998,52.975698831,-1.117848947));
#12442=CARTESIAN_POINT('',(18.271159526,52.975698831,-1.117848947));
#12443=CARTESIAN_POINT('',(18.610885279,52.975698831,-1.054835662));
#12444=CARTESIAN_POINT('',(18.934172957,52.975698831,-0.928807228));
#12445=B_SPLINE_CURVE_WITH_KNOTS('',3,(#12411,#12412,#12413,#12414,#12415,#12416,#12417,#12418,#12419,#12420,#12421,#12422,#12423,#12424,#12425,#12426,#12427,#12428,#12429,#12430,#12431,#12432,#12433,#12434,#12435,#12436,
#12437,#12438,#12439,#12440,#12441,#12442,#12443,#12444),.UNSPECIFIED.,.F.,.F.,(4,3,3,3,3,3,3,3,3,3,3,4),(0.,0.080967479,0.161935065,0.242903368,0.323872449,0.404841552,0.494114419,0.583387264,0.672660208,0.761934433,0.851208899,1.),.UNSPECIFIED.);
#12446=EDGE_CURVE('',#12270,#12404,#12445,.T.);
#12447=ORIENTED_EDGE('',*,*,#12446,.F.);
#12448=ORIENTED_EDGE('',*,*,#12275,.T.);
#12449=EDGE_LOOP('',(#12402,#12410,#12447,#12448));
#12450=FACE_BOUND('',#12449,.T.);
#12451=ADVANCED_FACE('',(#12450),#12363,.F.);
#12452=CARTESIAN_POINT('',(18.934172957,52.975698831,-2.219218916));
#12453=DIRECTION('',(-1.,0.,0.));
#12454=DIRECTION('',(0.,0.,1.));
#12455=AXIS2_PLACEMENT_3D('',#12452,#12453,#12454);
#12456=PLANE('',#12455);
#12457=ORIENTED_EDGE('',*,*,#2434,.T.);
#12458=CARTESIAN_POINT('',(18.934172957,52.975698831,-1.553465768));
#12459=VERTEX_POINT('',#12458);
#12460=CARTESIAN_POINT('',(18.934172957,52.975698831,-1.553465768));
#12461=DIRECTION('',(0.,1.,-0.));
#12462=VECTOR('',#12461,0.4);
#12463=LINE('',#12460,#12462);
#12464=EDGE_CURVE('',#12459,#2429,#12463,.T.);
#12465=ORIENTED_EDGE('',*,*,#12464,.F.);
#12466=CARTESIAN_POINT('',(18.934172957,52.975698831,-2.884972065));
#12467=VERTEX_POINT('',#12466);
#12468=CARTESIAN_POINT('',(18.934172957,52.975698831,-2.884972065));
#12469=DIRECTION('',(0.,0.,1.));
#12470=VECTOR('',#12469,1.331506297);
#12471=LINE('',#12468,#12470);
#12472=EDGE_CURVE('',#12467,#12459,#12471,.T.);
#12473=ORIENTED_EDGE('',*,*,#12472,.F.);
#12474=CARTESIAN_POINT('',(18.934172957,52.975698831,-2.884972065));
#12475=DIRECTION('',(0.,1.,-0.));
#12476=VECTOR('',#12475,0.4);
#12477=LINE('',#12474,#12476);
#12478=EDGE_CURVE('',#12467,#2427,#12477,.T.);
#12479=ORIENTED_EDGE('',*,*,#12478,.T.);
#12480=EDGE_LOOP('',(#12457,#12465,#12473,#12479));
#12481=FACE_BOUND('',#12480,.T.);
#12482=ADVANCED_FACE('',(#12481),#12456,.F.);
#12483=CARTESIAN_POINT('',(18.934172957,52.975698831,-1.553465768));
#12484=CARTESIAN_POINT('',(18.934172957,53.375698831,-1.553465768));
#12485=CARTESIAN_POINT('',(18.528693734,52.975698831,-1.701410084));
#12486=CARTESIAN_POINT('',(18.528693734,53.375698831,-1.701410084));
#12487=CARTESIAN_POINT('',(18.125953997,52.975698831,-1.775383174));
#12488=CARTESIAN_POINT('',(18.125953997,53.375698831,-1.775383174));
#12489=CARTESIAN_POINT('',(17.725953745,52.975698831,-1.775383174));
#12490=CARTESIAN_POINT('',(17.725953745,53.375698831,-1.775383174));
#12491=CARTESIAN_POINT('',(17.40814597,52.975698831,-1.775383174));
#12492=CARTESIAN_POINT('',(17.40814597,53.375698831,-1.775383174));
#12493=CARTESIAN_POINT('',(17.13417322,52.975698831,-1.728807732));
#12494=CARTESIAN_POINT('',(17.13417322,53.375698831,-1.728807732));
#12495=CARTESIAN_POINT('',(16.904036194,52.975698831,-1.635656848));
#12496=CARTESIAN_POINT('',(16.904036194,53.375698831,-1.635656848));
#12497=CARTESIAN_POINT('',(16.673899401,52.975698831,-1.542505964));
#12498=CARTESIAN_POINT('',(16.673899401,53.375698831,-1.542505964));
#12499=CARTESIAN_POINT('',(16.494447045,52.975698831,-1.424697383));
#12500=CARTESIAN_POINT('',(16.494447045,53.375698831,-1.424697383));
#12501=CARTESIAN_POINT('',(16.365680058,52.975698831,-1.282232969));
#12502=CARTESIAN_POINT('',(16.365680058,53.375698831,-1.282232969));
#12503=CARTESIAN_POINT('',(16.23691307,52.975698831,-1.139766692));
#12504=CARTESIAN_POINT('',(16.23691307,53.375698831,-1.139766692));
#12505=CARTESIAN_POINT('',(16.135543265,52.975698831,-0.953464925));
#12506=CARTESIAN_POINT('',(16.135543265,53.375698831,-0.953464925));
#12507=CARTESIAN_POINT('',(16.061570641,52.975698831,-0.723327666));
#12508=CARTESIAN_POINT('',(16.061570641,53.375698831,-0.723327666));
#12509=CARTESIAN_POINT('',(15.987598017,52.975698831,-0.49319227));
#12510=CARTESIAN_POINT('',(15.987598017,53.375698831,-0.49319227));
#12511=CARTESIAN_POINT('',(15.9396526,52.975698831,-0.272643908));
#12512=CARTESIAN_POINT('',(15.9396526,53.375698831,-0.272643908));
#12513=CARTESIAN_POINT('',(15.917734388,52.975698831,-0.061684444));
#12514=CARTESIAN_POINT('',(15.917734388,53.375698831,-0.061684444));
#12515=CARTESIAN_POINT('',(15.895816643,52.975698831,0.149275021));
#12516=CARTESIAN_POINT('',(15.895816643,53.375698831,0.149275021));
#12517=CARTESIAN_POINT('',(15.884858236,52.975698831,0.399959118));
#12518=CARTESIAN_POINT('',(15.884858236,53.375698831,0.399959118));
#12519=CARTESIAN_POINT('',(15.88485777,52.975698831,0.690369711));
#12520=CARTESIAN_POINT('',(15.88485777,53.375698831,0.690369711));
#12521=CARTESIAN_POINT('',(15.884858236,52.975698831,0.980782167));
#12522=CARTESIAN_POINT('',(15.884858236,53.375698831,0.980782167));
#12523=CARTESIAN_POINT('',(15.895816643,52.975698831,1.231466264));
#12524=CARTESIAN_POINT('',(15.895816643,53.375698831,1.231466264));
#12525=CARTESIAN_POINT('',(15.917734388,52.975698831,1.442425729));
#12526=CARTESIAN_POINT('',(15.917734388,53.375698831,1.442425729));
#12527=CARTESIAN_POINT('',(15.9396526,52.975698831,1.65338333));
#12528=CARTESIAN_POINT('',(15.9396526,53.375698831,1.65338333));
#12529=CARTESIAN_POINT('',(15.986227576,52.975698831,1.873931692));
#12530=CARTESIAN_POINT('',(15.986227576,53.375698831,1.873931692));
#12531=CARTESIAN_POINT('',(16.057460714,52.975698831,2.104068951));
#12532=CARTESIAN_POINT('',(16.057460714,53.375698831,2.104068951));
#12533=CARTESIAN_POINT('',(16.128693853,52.975698831,2.334206209));
#12534=CARTESIAN_POINT('',(16.128693853,53.375698831,2.334206209));
#12535=CARTESIAN_POINT('',(16.227324173,52.975698831,2.520507977));
#12536=CARTESIAN_POINT('',(16.227324173,53.375698831,2.520507977));
#12537=CARTESIAN_POINT('',(16.35335121,52.975698831,2.662974254));
#12538=CARTESIAN_POINT('',(16.35335121,53.375698831,2.662974254));
#12539=CARTESIAN_POINT('',(16.479378712,52.975698831,2.805438668));
#12540=CARTESIAN_POINT('',(16.479378712,53.375698831,2.805438668));
#12541=CARTESIAN_POINT('',(16.653351166,52.975698831,2.923247249));
#12542=CARTESIAN_POINT('',(16.653351166,53.375698831,2.923247249));
#12543=CARTESIAN_POINT('',(16.875268804,52.975698831,3.016398133));
#12544=CARTESIAN_POINT('',(16.875268804,53.375698831,3.016398133));
#12545=CARTESIAN_POINT('',(17.097186908,52.975698831,3.109549017));
#12546=CARTESIAN_POINT('',(17.097186908,53.375698831,3.109549017));
#12547=CARTESIAN_POINT('',(17.364310246,52.975698831,3.156124458));
#12548=CARTESIAN_POINT('',(17.364310246,53.375698831,3.156124458));
#12549=CARTESIAN_POINT('',(17.676638585,52.975698831,3.156124458));
#12550=CARTESIAN_POINT('',(17.676638585,53.375698831,3.156124458));
#12551=CARTESIAN_POINT('',(18.175269157,52.975698831,3.156124458));
#12552=CARTESIAN_POINT('',(18.175269157,53.375698831,3.156124458));
#12553=CARTESIAN_POINT('',(18.651981518,52.975698831,2.986260534));
#12554=CARTESIAN_POINT('',(18.651981518,53.375698831,2.986260534));
#12555=CARTESIAN_POINT('',(19.106775784,52.975698831,2.646534548));
#12556=CARTESIAN_POINT('',(19.106775784,53.375698831,2.646534548));
#12557=B_SPLINE_SURFACE_WITH_KNOTS('',3,1,((#12483,#12484),(#12485,#12486),(#12487,#12488),(#12489,#12490),(#12491,#12492),(#12493,#12494),(#12495,#12496),(#12497,#12498),(#12499,#12500),(#12501,#12502),(#12503,#12504),(#12505,#12506),(#12507,#12508),(#12509,#12510),(#12511,#12512),(#12513,#12514),(#12515,#12516),(#12517,#12518),(#12519,#12520),(#12521,#12522),(#12523,#12524),(#12525,#12526),(#12527,#12528),(#12529,#12530),(#12531,#12532),(#12533,#12534),
(#12535,#12536),(#12537,#12538),(#12539,#12540),(#12541,#12542),(#12543,#12544),(#12545,#12546),(#12547,#12548),(#12549,#12550),(#12551,#12552),(#12553,#12554),(#12555,#12556)),.UNSPECIFIED.,.F.,.F.,.U.,(4,3,3,3,3,3,3,3,3,3,3,3,4),(2,2),(0.,0.097908537,0.175698724,0.253488843,0.331279522,0.40906963,0.486859721,0.564650311,0.642440239,0.720230166,0.79801965,0.875809272,1.),(0.,1.),.UNSPECIFIED.);
#12558=ORIENTED_EDGE('',*,*,#2554,.T.);
#12559=CARTESIAN_POINT('',(19.106775784,52.975698831,2.646534548));
#12560=VERTEX_POINT('',#12559);
#12561=CARTESIAN_POINT('',(19.106775784,52.975698831,2.646534548));
#12562=DIRECTION('',(0.,1.,-0.));
#12563=VECTOR('',#12562,0.4);
#12564=LINE('',#12561,#12563);
#12565=EDGE_CURVE('',#12560,#2509,#12564,.T.);
#12566=ORIENTED_EDGE('',*,*,#12565,.F.);
#12567=CARTESIAN_POINT('',(18.934172957,52.975698831,-1.553465768));
#12568=CARTESIAN_POINT('',(18.528693734,52.975698831,-1.701410084));
#12569=CARTESIAN_POINT('',(18.125953997,52.975698831,-1.775383174));
#12570=CARTESIAN_POINT('',(17.725953745,52.975698831,-1.775383174));
#12571=CARTESIAN_POINT('',(17.40814597,52.975698831,-1.775383174));
#12572=CARTESIAN_POINT('',(17.13417322,52.975698831,-1.728807732));
#12573=CARTESIAN_POINT('',(16.904036194,52.975698831,-1.635656848));
#12574=CARTESIAN_POINT('',(16.673899401,52.975698831,-1.542505964));
#12575=CARTESIAN_POINT('',(16.494447045,52.975698831,-1.424697383));
#12576=CARTESIAN_POINT('',(16.365680058,52.975698831,-1.282232969));
#12577=CARTESIAN_POINT('',(16.23691307,52.975698831,-1.139766692));
#12578=CARTESIAN_POINT('',(16.135543265,52.975698831,-0.953464925));
#12579=CARTESIAN_POINT('',(16.061570641,52.975698831,-0.723327666));
#12580=CARTESIAN_POINT('',(15.987598017,52.975698831,-0.49319227));
#12581=CARTESIAN_POINT('',(15.9396526,52.975698831,-0.272643908));
#12582=CARTESIAN_POINT('',(15.917734388,52.975698831,-0.061684444));
#12583=CARTESIAN_POINT('',(15.895816643,52.975698831,0.149275021));
#12584=CARTESIAN_POINT('',(15.884858236,52.975698831,0.399959118));
#12585=CARTESIAN_POINT('',(15.88485777,52.975698831,0.690369711));
#12586=CARTESIAN_POINT('',(15.884858236,52.975698831,0.980782167));
#12587=CARTESIAN_POINT('',(15.895816643,52.975698831,1.231466264));
#12588=CARTESIAN_POINT('',(15.917734388,52.975698831,1.442425729));
#12589=CARTESIAN_POINT('',(15.9396526,52.975698831,1.65338333));
#12590=CARTESIAN_POINT('',(15.986227576,52.975698831,1.873931692));
#12591=CARTESIAN_POINT('',(16.057460714,52.975698831,2.104068951));
#12592=CARTESIAN_POINT('',(16.128693853,52.975698831,2.334206209));
#12593=CARTESIAN_POINT('',(16.227324173,52.975698831,2.520507977));
#12594=CARTESIAN_POINT('',(16.35335121,52.975698831,2.662974254));
#12595=CARTESIAN_POINT('',(16.479378712,52.975698831,2.805438668));
#12596=CARTESIAN_POINT('',(16.653351166,52.975698831,2.923247249));
#12597=CARTESIAN_POINT('',(16.875268804,52.975698831,3.016398133));
#12598=CARTESIAN_POINT('',(17.097186908,52.975698831,3.109549017));
#12599=CARTESIAN_POINT('',(17.364310246,52.975698831,3.156124458));
#12600=CARTESIAN_POINT('',(17.676638585,52.975698831,3.156124458));
#12601=CARTESIAN_POINT('',(18.175269157,52.975698831,3.156124458));
#12602=CARTESIAN_POINT('',(18.651981518,52.975698831,2.986260534));
#12603=CARTESIAN_POINT('',(19.106775784,52.975698831,2.646534548));
#12604=B_SPLINE_CURVE_WITH_KNOTS('',3,(#12567,#12568,#12569,#12570,#12571,#12572,#12573,#12574,#12575,#12576,#12577,#12578,#12579,#12580,#12581,#12582,#12583,#12584,#12585,#12586,#12587,#12588,#12589,#12590,#12591,#12592,
#12593,#12594,#12595,#12596,#12597,#12598,#12599,#12600,#12601,#12602,#12603),.UNSPECIFIED.,.F.,.F.,(4,3,3,3,3,3,3,3,3,3,3,3,4),(0.,0.097908537,0.175698724,0.253488843,0.331279522,0.40906963,0.486859721,0.564650311,0.642440239,0.720230166,0.79801965,0.875809272,1.),.UNSPECIFIED.);
#12605=EDGE_CURVE('',#12459,#12560,#12604,.T.);
#12606=ORIENTED_EDGE('',*,*,#12605,.F.);
#12607=ORIENTED_EDGE('',*,*,#12464,.T.);
#12608=EDGE_LOOP('',(#12558,#12566,#12606,#12607));
#12609=FACE_BOUND('',#12608,.T.);
#12610=ADVANCED_FACE('',(#12609),#12557,.F.);
#12611=CARTESIAN_POINT('',(19.209515507,52.975698831,2.843795189));
#12612=DIRECTION('',(-0.886914442,0.,0.461933733));
#12613=DIRECTION('',(0.461933733,0.,0.886914442));
#12614=AXIS2_PLACEMENT_3D('',#12611,#12612,#12613);
#12615=PLANE('',#12614);
#12616=ORIENTED_EDGE('',*,*,#2514,.T.);
#12617=CARTESIAN_POINT('',(19.31225523,52.975698831,3.041055829));
#12618=VERTEX_POINT('',#12617);
#12619=CARTESIAN_POINT('',(19.31225523,52.975698831,3.041055829));
#12620=DIRECTION('',(0.,1.,-0.));
#12621=VECTOR('',#12620,0.4);
#12622=LINE('',#12619,#12621);
#12623=EDGE_CURVE('',#12618,#2501,#12622,.T.);
#12624=ORIENTED_EDGE('',*,*,#12623,.F.);
#12625=CARTESIAN_POINT('',(19.106775784,52.975698831,2.646534548));
#12626=DIRECTION('',(0.461933733,0.,0.886914442));
#12627=VECTOR('',#12626,0.444824509);
#12628=LINE('',#12625,#12627);
#12629=EDGE_CURVE('',#12560,#12618,#12628,.T.);
#12630=ORIENTED_EDGE('',*,*,#12629,.F.);
#12631=ORIENTED_EDGE('',*,*,#12565,.T.);
#12632=EDGE_LOOP('',(#12616,#12624,#12630,#12631));
#12633=FACE_BOUND('',#12632,.T.);
#12634=ADVANCED_FACE('',(#12633),#12615,.F.);
#12635=CARTESIAN_POINT('',(19.53828265,52.975698831,3.041055829));
#12636=DIRECTION('',(0.,0.,1.));
#12637=DIRECTION('',(0.,-1.,0.));
#12638=AXIS2_PLACEMENT_3D('',#12635,#12636,#12637);
#12639=PLANE('',#12638);
#12640=ORIENTED_EDGE('',*,*,#2506,.T.);
#12641=CARTESIAN_POINT('',(20.257460739,52.975698831,3.041055829));
#12642=VERTEX_POINT('',#12641);
#12643=CARTESIAN_POINT('',(20.257460739,52.975698831,3.041055829));
#12644=DIRECTION('',(0.,1.,-0.));
#12645=VECTOR('',#12644,0.4);
#12646=LINE('',#12643,#12645);
#12647=EDGE_CURVE('',#12642,#2493,#12646,.T.);
#12648=ORIENTED_EDGE('',*,*,#12647,.F.);
#12649=CARTESIAN_POINT('',(19.31225523,52.975698831,3.041055829));
#12650=DIRECTION('',(1.,0.,-0.));
#12651=VECTOR('',#12650,0.945205509);
#12652=LINE('',#12649,#12651);
#12653=EDGE_CURVE('',#12618,#12642,#12652,.T.);
#12654=ORIENTED_EDGE('',*,*,#12653,.F.);
#12655=ORIENTED_EDGE('',*,*,#12623,.T.);
#12656=EDGE_LOOP('',(#12640,#12648,#12654,#12655));
#12657=FACE_BOUND('',#12656,.T.);
#12658=ADVANCED_FACE('',(#12657),#12639,.F.);
#12659=CARTESIAN_POINT('',(20.257460739,52.975698831,2.761603177));
#12660=DIRECTION('',(1.,0.,0.));
#12661=DIRECTION('',(0.,0.,-1.));
#12662=AXIS2_PLACEMENT_3D('',#12659,#12660,#12661);
#12663=PLANE('',#12662);
#12664=ORIENTED_EDGE('',*,*,#2498,.T.);
#12665=CARTESIAN_POINT('',(20.257460739,52.975698831,2.482150526));
#12666=VERTEX_POINT('',#12665);
#12667=CARTESIAN_POINT('',(20.257460739,52.975698831,2.482150526));
#12668=DIRECTION('',(0.,1.,-0.));
#12669=VECTOR('',#12668,0.4);
#12670=LINE('',#12667,#12669);
#12671=EDGE_CURVE('',#12666,#2485,#12670,.T.);
#12672=ORIENTED_EDGE('',*,*,#12671,.F.);
#12673=CARTESIAN_POINT('',(20.257460739,52.975698831,3.041055829));
#12674=DIRECTION('',(0.,-0.,-1.));
#12675=VECTOR('',#12674,0.558905303);
#12676=LINE('',#12673,#12675);
#12677=EDGE_CURVE('',#12642,#12666,#12676,.T.);
#12678=ORIENTED_EDGE('',*,*,#12677,.F.);
#12679=ORIENTED_EDGE('',*,*,#12647,.T.);
#12680=EDGE_LOOP('',(#12664,#12672,#12678,#12679));
#12681=FACE_BOUND('',#12680,.T.);
#12682=ADVANCED_FACE('',(#12681),#12663,.F.);
#12683=CARTESIAN_POINT('',(20.010885404,52.975698831,2.482150526));
#12684=DIRECTION('',(0.,-0.,-1.));
#12685=DIRECTION('',(0.,1.,-0.));
#12686=AXIS2_PLACEMENT_3D('',#12683,#12684,#12685);
#12687=PLANE('',#12686);
#12688=ORIENTED_EDGE('',*,*,#2490,.T.);
#12689=CARTESIAN_POINT('',(19.764310069,52.975698831,2.482150526));
#12690=VERTEX_POINT('',#12689);
#12691=CARTESIAN_POINT('',(19.764310069,52.975698831,2.482150526));
#12692=DIRECTION('',(0.,1.,-0.));
#12693=VECTOR('',#12692,0.4);
#12694=LINE('',#12691,#12693);
#12695=EDGE_CURVE('',#12690,#2477,#12694,.T.);
#12696=ORIENTED_EDGE('',*,*,#12695,.F.);
#12697=CARTESIAN_POINT('',(20.257460739,52.975698831,2.482150526));
#12698=DIRECTION('',(-1.,0.,0.));
#12699=VECTOR('',#12698,0.49315067);
#12700=LINE('',#12697,#12699);
#12701=EDGE_CURVE('',#12666,#12690,#12700,.T.);
#12702=ORIENTED_EDGE('',*,*,#12701,.F.);
#12703=ORIENTED_EDGE('',*,*,#12671,.T.);
#12704=EDGE_LOOP('',(#12688,#12696,#12702,#12703));
#12705=FACE_BOUND('',#12704,.T.);
#12706=ADVANCED_FACE('',(#12705),#12687,.F.);
#12707=CARTESIAN_POINT('',(19.764310069,52.975698831,-0.20141077));
#12708=DIRECTION('',(1.,0.,0.));
#12709=DIRECTION('',(0.,0.,-1.));
#12710=AXIS2_PLACEMENT_3D('',#12707,#12708,#12709);
#12711=PLANE('',#12710);
#12712=ORIENTED_EDGE('',*,*,#2482,.T.);
#12713=CARTESIAN_POINT('',(19.764310069,52.975698831,-2.884972065));
#12714=VERTEX_POINT('',#12713);
#12715=CARTESIAN_POINT('',(19.764310069,52.975698831,-2.884972065));
#12716=DIRECTION('',(0.,1.,-0.));
#12717=VECTOR('',#12716,0.4);
#12718=LINE('',#12715,#12717);
#12719=EDGE_CURVE('',#12714,#2469,#12718,.T.);
#12720=ORIENTED_EDGE('',*,*,#12719,.F.);
#12721=CARTESIAN_POINT('',(19.764310069,52.975698831,2.482150526));
#12722=DIRECTION('',(0.,-0.,-1.));
#12723=VECTOR('',#12722,5.367122591);
#12724=LINE('',#12721,#12723);
#12725=EDGE_CURVE('',#12690,#12714,#12724,.T.);
#12726=ORIENTED_EDGE('',*,*,#12725,.F.);
#12727=ORIENTED_EDGE('',*,*,#12695,.T.);
#12728=EDGE_LOOP('',(#12712,#12720,#12726,#12727));
#12729=FACE_BOUND('',#12728,.T.);
#12730=ADVANCED_FACE('',(#12729),#12711,.F.);
#12731=CARTESIAN_POINT('',(20.010885404,52.975698831,-2.884972065));
#12732=DIRECTION('',(0.,0.,1.));
#12733=DIRECTION('',(0.,-1.,0.));
#12734=AXIS2_PLACEMENT_3D('',#12731,#12732,#12733);
#12735=PLANE('',#12734);
#12736=ORIENTED_EDGE('',*,*,#2474,.T.);
#12737=CARTESIAN_POINT('',(20.257460739,52.975698831,-2.884972065));
#12738=VERTEX_POINT('',#12737);
#12739=CARTESIAN_POINT('',(20.257460739,52.975698831,-2.884972065));
#12740=DIRECTION('',(0.,1.,-0.));
#12741=VECTOR('',#12740,0.4);
#12742=LINE('',#12739,#12741);
#12743=EDGE_CURVE('',#12738,#2461,#12742,.T.);
#12744=ORIENTED_EDGE('',*,*,#12743,.F.);
#12745=CARTESIAN_POINT('',(19.764310069,52.975698831,-2.884972065));
#12746=DIRECTION('',(1.,0.,-0.));
#12747=VECTOR('',#12746,0.49315067);
#12748=LINE('',#12745,#12747);
#12749=EDGE_CURVE('',#12714,#12738,#12748,.T.);
#12750=ORIENTED_EDGE('',*,*,#12749,.F.);
#12751=ORIENTED_EDGE('',*,*,#12719,.T.);
#12752=EDGE_LOOP('',(#12736,#12744,#12750,#12751));
#12753=FACE_BOUND('',#12752,.T.);
#12754=ADVANCED_FACE('',(#12753),#12735,.F.);
#12755=CARTESIAN_POINT('',(20.257460739,52.975698831,-3.16031479));
#12756=DIRECTION('',(1.,0.,0.));
#12757=DIRECTION('',(0.,0.,-1.));
#12758=AXIS2_PLACEMENT_3D('',#12755,#12756,#12757);
#12759=PLANE('',#12758);
#12760=ORIENTED_EDGE('',*,*,#2466,.T.);
#12761=CARTESIAN_POINT('',(20.257460739,52.975698831,-3.435657515));
#12762=VERTEX_POINT('',#12761);
#12763=CARTESIAN_POINT('',(20.257460739,52.975698831,-3.435657515));
#12764=DIRECTION('',(0.,1.,-0.));
#12765=VECTOR('',#12764,0.4);
#12766=LINE('',#12763,#12765);
#12767=EDGE_CURVE('',#12762,#2453,#12766,.T.);
#12768=ORIENTED_EDGE('',*,*,#12767,.F.);
#12769=CARTESIAN_POINT('',(20.257460739,52.975698831,-2.884972065));
#12770=DIRECTION('',(0.,-0.,-1.));
#12771=VECTOR('',#12770,0.55068545);
#12772=LINE('',#12769,#12771);
#12773=EDGE_CURVE('',#12738,#12762,#12772,.T.);
#12774=ORIENTED_EDGE('',*,*,#12773,.F.);
#12775=ORIENTED_EDGE('',*,*,#12743,.T.);
#12776=EDGE_LOOP('',(#12760,#12768,#12774,#12775));
#12777=FACE_BOUND('',#12776,.T.);
#12778=ADVANCED_FACE('',(#12777),#12759,.F.);
#12779=CARTESIAN_POINT('',(19.267049734,52.975698831,-3.435657515));
#12780=DIRECTION('',(0.,-0.,-1.));
#12781=DIRECTION('',(0.,1.,-0.));
#12782=AXIS2_PLACEMENT_3D('',#12779,#12780,#12781);
#12783=PLANE('',#12782);
#12784=ORIENTED_EDGE('',*,*,#2458,.T.);
#12785=CARTESIAN_POINT('',(18.27663873,52.975698831,-3.435657515));
#12786=VERTEX_POINT('',#12785);
#12787=CARTESIAN_POINT('',(18.27663873,52.975698831,-3.435657515));
#12788=DIRECTION('',(0.,1.,-0.));
#12789=VECTOR('',#12788,0.4);
#12790=LINE('',#12787,#12789);
#12791=EDGE_CURVE('',#12786,#2445,#12790,.T.);
#12792=ORIENTED_EDGE('',*,*,#12791,.F.);
#12793=CARTESIAN_POINT('',(20.257460739,52.975698831,-3.435657515));
#12794=DIRECTION('',(-1.,0.,0.));
#12795=VECTOR('',#12794,1.98082201);
#12796=LINE('',#12793,#12795);
#12797=EDGE_CURVE('',#12762,#12786,#12796,.T.);
#12798=ORIENTED_EDGE('',*,*,#12797,.F.);
#12799=ORIENTED_EDGE('',*,*,#12767,.T.);
#12800=EDGE_LOOP('',(#12784,#12792,#12798,#12799));
#12801=FACE_BOUND('',#12800,.T.);
#12802=ADVANCED_FACE('',(#12801),#12783,.F.);
#12803=CARTESIAN_POINT('',(18.27663873,52.975698831,-3.16031479));
#12804=DIRECTION('',(-1.,0.,0.));
#12805=DIRECTION('',(0.,0.,1.));
#12806=AXIS2_PLACEMENT_3D('',#12803,#12804,#12805);
#12807=PLANE('',#12806);
#12808=ORIENTED_EDGE('',*,*,#2450,.T.);
#12809=CARTESIAN_POINT('',(18.27663873,52.975698831,-2.884972065));
#12810=VERTEX_POINT('',#12809);
#12811=CARTESIAN_POINT('',(18.27663873,52.975698831,-2.884972065));
#12812=DIRECTION('',(0.,1.,-0.));
#12813=VECTOR('',#12812,0.4);
#12814=LINE('',#12811,#12813);
#12815=EDGE_CURVE('',#12810,#2437,#12814,.T.);
#12816=ORIENTED_EDGE('',*,*,#12815,.F.);
#12817=CARTESIAN_POINT('',(18.27663873,52.975698831,-3.435657515));
#12818=DIRECTION('',(0.,0.,1.));
#12819=VECTOR('',#12818,0.55068545);
#12820=LINE('',#12817,#12819);
#12821=EDGE_CURVE('',#12786,#12810,#12820,.T.);
#12822=ORIENTED_EDGE('',*,*,#12821,.F.);
#12823=ORIENTED_EDGE('',*,*,#12791,.T.);
#12824=EDGE_LOOP('',(#12808,#12816,#12822,#12823));
#12825=FACE_BOUND('',#12824,.T.);
#12826=ADVANCED_FACE('',(#12825),#12807,.F.);
#12827=CARTESIAN_POINT('',(18.605405843,52.975698831,-2.884972065));
#12828=DIRECTION('',(0.,0.,1.));
#12829=DIRECTION('',(0.,-1.,0.));
#12830=AXIS2_PLACEMENT_3D('',#12827,#12828,#12829);
#12831=PLANE('',#12830);
#12832=ORIENTED_EDGE('',*,*,#2442,.T.);
#12833=ORIENTED_EDGE('',*,*,#12478,.F.);
#12834=CARTESIAN_POINT('',(18.27663873,52.975698831,-2.884972065));
#12835=DIRECTION('',(1.,0.,-0.));
#12836=VECTOR('',#12835,0.657534227);
#12837=LINE('',#12834,#12836);
#12838=EDGE_CURVE('',#12810,#12467,#12837,.T.);
#12839=ORIENTED_EDGE('',*,*,#12838,.F.);
#12840=ORIENTED_EDGE('',*,*,#12815,.T.);
#12841=EDGE_LOOP('',(#12832,#12833,#12839,#12840));
#12842=FACE_BOUND('',#12841,.T.);
#12843=ADVANCED_FACE('',(#12842),#12831,.F.);
#12844=CARTESIAN_POINT('',(18.934172957,52.975698831,0.604069636));
#12845=DIRECTION('',(-1.,0.,0.));
#12846=DIRECTION('',(0.,0.,1.));
#12847=AXIS2_PLACEMENT_3D('',#12844,#12845,#12846);
#12848=PLANE('',#12847);
#12849=CARTESIAN_POINT('',(18.934172957,53.375698831,-0.928807228));
#12850=DIRECTION('',(0.,0.,1.));
#12851=VECTOR('',#12850,3.065753728);
#12852=LINE('',#12849,#12851);
#12853=EDGE_CURVE('',#12365,#12259,#12852,.T.);
#12854=ORIENTED_EDGE('',*,*,#12853,.T.);
#12855=ORIENTED_EDGE('',*,*,#12290,.F.);
#12856=CARTESIAN_POINT('',(18.934172957,52.975698831,-0.928807228));
#12857=DIRECTION('',(0.,0.,1.));
#12858=VECTOR('',#12857,3.065753728);
#12859=LINE('',#12856,#12858);
#12860=EDGE_CURVE('',#12404,#12278,#12859,.T.);
#12861=ORIENTED_EDGE('',*,*,#12860,.F.);
#12862=ORIENTED_EDGE('',*,*,#12409,.T.);
#12863=EDGE_LOOP('',(#12854,#12855,#12861,#12862));
#12864=FACE_BOUND('',#12863,.T.);
#12865=ADVANCED_FACE('',(#12864),#12848,.F.);
#12866=CARTESIAN_POINT('',(0.214993954,52.975698831,0.64516471));
#12867=DIRECTION('',(0.,1.,-0.));
#12868=DIRECTION('',(-1.,0.,0.));
#12869=AXIS2_PLACEMENT_3D('',#12866,#12867,#12868);
#12870=PLANE('',#12869);
#12871=ORIENTED_EDGE('',*,*,#12472,.T.);
#12872=ORIENTED_EDGE('',*,*,#12605,.T.);
#12873=ORIENTED_EDGE('',*,*,#12629,.T.);
#12874=ORIENTED_EDGE('',*,*,#12653,.T.);
#12875=ORIENTED_EDGE('',*,*,#12677,.T.);
#12876=ORIENTED_EDGE('',*,*,#12701,.T.);
#12877=ORIENTED_EDGE('',*,*,#12725,.T.);
#12878=ORIENTED_EDGE('',*,*,#12749,.T.);
#12879=ORIENTED_EDGE('',*,*,#12773,.T.);
#12880=ORIENTED_EDGE('',*,*,#12797,.T.);
#12881=ORIENTED_EDGE('',*,*,#12821,.T.);
#12882=ORIENTED_EDGE('',*,*,#12838,.T.);
#12883=EDGE_LOOP('',(#12871,#12872,#12873,#12874,#12875,#12876,#12877,#12878,#12879,#12880,#12881,#12882));
#12884=FACE_BOUND('',#12883,.T.);
#12885=ORIENTED_EDGE('',*,*,#12284,.T.);
#12886=ORIENTED_EDGE('',*,*,#12446,.T.);
#12887=ORIENTED_EDGE('',*,*,#12860,.T.);
#12888=EDGE_LOOP('',(#12885,#12886,#12887));
#12889=FACE_BOUND('',#12888,.T.);
#12890=ADVANCED_FACE('',(#12884,#12889),#12870,.T.);
#12891=CARTESIAN_POINT('',(143.754800635,53.375698831,24.370075373));
#12892=DIRECTION('',(0.,1.,-0.));
#12893=DIRECTION('',(0.,-0.,-1.));
#12894=AXIS2_PLACEMENT_3D('',#12891,#12892,#12893);
#12895=PLANE('',#12894);
#12896=ORIENTED_EDGE('',*,*,#12267,.F.);
#12897=ORIENTED_EDGE('',*,*,#12853,.F.);
#12898=ORIENTED_EDGE('',*,*,#12401,.F.);
#12899=EDGE_LOOP('',(#12896,#12897,#12898));
#12900=FACE_BOUND('',#12899,.T.);
#12901=ADVANCED_FACE('',(#12900),#12895,.T.);
#12902=CARTESIAN_POINT('',(-4.350759875,52.975698831,1.150644229));
#12903=CARTESIAN_POINT('',(-4.350759875,53.375698831,1.150644229));
#12904=CARTESIAN_POINT('',(-4.098703008,52.975698831,1.216397465));
#12905=CARTESIAN_POINT('',(-4.098703008,53.375698831,1.216397465));
#12906=CARTESIAN_POINT('',(-3.916513961,52.975698831,1.298588545));
#12907=CARTESIAN_POINT('',(-3.916513961,53.375698831,1.298588545));
#12908=CARTESIAN_POINT('',(-3.804185282,52.975698831,1.397219331));
#12909=CARTESIAN_POINT('',(-3.804185282,53.375698831,1.397219331));
#12910=CARTESIAN_POINT('',(-3.691854741,52.975698831,1.495850117));
#12911=CARTESIAN_POINT('',(-3.691854741,53.375698831,1.495850117));
#12912=CARTESIAN_POINT('',(-3.635690402,52.975698831,1.638314531));
#12913=CARTESIAN_POINT('',(-3.635690402,53.375698831,1.638314531));
#12914=CARTESIAN_POINT('',(-3.635690402,52.975698831,1.824616299));
#12915=CARTESIAN_POINT('',(-3.635690402,53.375698831,1.824616299));
#12916=CARTESIAN_POINT('',(-3.635690402,52.975698831,2.02735591));
#12917=CARTESIAN_POINT('',(-3.635690402,53.375698831,2.02735591));
#12918=CARTESIAN_POINT('',(-3.704181727,52.975698831,2.190370888));
#12919=CARTESIAN_POINT('',(-3.704181727,53.375698831,2.190370888));
#12920=CARTESIAN_POINT('',(-3.841169964,52.975698831,2.313657508));
#12921=CARTESIAN_POINT('',(-3.841169964,53.375698831,2.313657508));
#12922=CARTESIAN_POINT('',(-3.978156339,52.975698831,2.43694599));
#12923=CARTESIAN_POINT('',(-3.978156339,53.375698831,2.43694599));
#12924=CARTESIAN_POINT('',(-4.194595705,52.975698831,2.498590232));
#12925=CARTESIAN_POINT('',(-4.194595705,53.375698831,2.498590232));
#12926=CARTESIAN_POINT('',(-4.490486201,52.975698831,2.498590232));
#12927=CARTESIAN_POINT('',(-4.490486201,53.375698831,2.498590232));
#12928=CARTESIAN_POINT('',(-4.934321012,52.975698831,2.498590232));
#12929=CARTESIAN_POINT('',(-4.934321012,53.375698831,2.498590232));
#12930=CARTESIAN_POINT('',(-5.245278444,52.975698831,2.424617142));
#12931=CARTESIAN_POINT('',(-5.245278444,53.375698831,2.424617142));
#12932=CARTESIAN_POINT('',(-5.423362221,52.975698831,2.276672826));
#12933=CARTESIAN_POINT('',(-5.423362221,53.375698831,2.276672826));
#12934=CARTESIAN_POINT('',(-5.601444136,52.975698831,2.128726647));
#12935=CARTESIAN_POINT('',(-5.601444136,53.375698831,2.128726647));
#12936=CARTESIAN_POINT('',(-5.704182055,52.975698831,1.819138259));
#12937=CARTESIAN_POINT('',(-5.704182055,53.375698831,1.819138259));
#12938=CARTESIAN_POINT('',(-5.731581565,52.975698831,1.3479058));
#12939=CARTESIAN_POINT('',(-5.731581565,53.375698831,1.3479058));
#12940=B_SPLINE_SURFACE_WITH_KNOTS('',3,1,((#12902,#12903),(#12904,#12905),(#12906,#12907),(#12908,#12909),(#12910,#12911),(#12912,#12913),(#12914,#12915),(#12916,#12917),(#12918,#12919),(#12920,#12921),(#12922,#12923),(#12924,#12925),(#12926,#12927),(#12928,#12929),(#12930,#12931),(#12932,#12933),(#12934,#12935),(#12936,#12937),(#12938,#12939)),.UNSPECIFIED.,.F.,.F.,.U.,(4,3,3,3,3,3,4),(2,2),(0.,0.134386742,0.268774742,0.415020111,0.561265371,0.7806328,1.),(0.,1.),.UNSPECIFIED.);
#12941=ORIENTED_EDGE('',*,*,#2269,.T.);
#12942=CARTESIAN_POINT('',(-5.731581565,52.975698831,1.3479058));
#12943=VERTEX_POINT('',#12942);
#12944=CARTESIAN_POINT('',(-5.731581565,52.975698831,1.3479058));
#12945=DIRECTION('',(0.,1.,-0.));
#12946=VECTOR('',#12945,0.4);
#12947=LINE('',#12944,#12946);
#12948=EDGE_CURVE('',#12943,#2248,#12947,.T.);
#12949=ORIENTED_EDGE('',*,*,#12948,.F.);
#12950=CARTESIAN_POINT('',(-4.350759875,52.975698831,1.150644229));
#12951=VERTEX_POINT('',#12950);
#12952=CARTESIAN_POINT('',(-4.350759875,52.975698831,1.150644229));
#12953=CARTESIAN_POINT('',(-4.098703008,52.975698831,1.216397465));
#12954=CARTESIAN_POINT('',(-3.916513961,52.975698831,1.298588545));
#12955=CARTESIAN_POINT('',(-3.804185282,52.975698831,1.397219331));
#12956=CARTESIAN_POINT('',(-3.691854741,52.975698831,1.495850117));
#12957=CARTESIAN_POINT('',(-3.635690402,52.975698831,1.638314531));
#12958=CARTESIAN_POINT('',(-3.635690402,52.975698831,1.824616299));
#12959=CARTESIAN_POINT('',(-3.635690402,52.975698831,2.02735591));
#12960=CARTESIAN_POINT('',(-3.704181727,52.975698831,2.190370888));
#12961=CARTESIAN_POINT('',(-3.841169964,52.975698831,2.313657508));
#12962=CARTESIAN_POINT('',(-3.978156339,52.975698831,2.43694599));
#12963=CARTESIAN_POINT('',(-4.194595705,52.975698831,2.498590232));
#12964=CARTESIAN_POINT('',(-4.490486201,52.975698831,2.498590232));
#12965=CARTESIAN_POINT('',(-4.934321012,52.975698831,2.498590232));
#12966=CARTESIAN_POINT('',(-5.245278444,52.975698831,2.424617142));
#12967=CARTESIAN_POINT('',(-5.423362221,52.975698831,2.276672826));
#12968=CARTESIAN_POINT('',(-5.601444136,52.975698831,2.128726647));
#12969=CARTESIAN_POINT('',(-5.704182055,52.975698831,1.819138259));
#12970=CARTESIAN_POINT('',(-5.731581565,52.975698831,1.3479058));
#12971=B_SPLINE_CURVE_WITH_KNOTS('',3,(#12952,#12953,#12954,#12955,#12956,#12957,#12958,#12959,#12960,#12961,#12962,#12963,#12964,#12965,#12966,#12967,#12968,#12969,#12970),.UNSPECIFIED.,.F.,.F.,(4,3,3,3,3,3,4),(0.,0.134386742,0.268774742,0.415020111,0.561265371,0.7806328,1.),.UNSPECIFIED.);
#12972=EDGE_CURVE('',#12951,#12943,#12971,.T.);
#12973=ORIENTED_EDGE('',*,*,#12972,.F.);
#12974=CARTESIAN_POINT('',(-4.350759875,52.975698831,1.150644229));
#12975=DIRECTION('',(0.,1.,-0.));
#12976=VECTOR('',#12975,0.4);
#12977=LINE('',#12974,#12976);
#12978=EDGE_CURVE('',#12951,#2246,#12977,.T.);
#12979=ORIENTED_EDGE('',*,*,#12978,.T.);
#12980=EDGE_LOOP('',(#12941,#12949,#12973,#12979));
#12981=FACE_BOUND('',#12980,.T.);
#12982=ADVANCED_FACE('',(#12981),#12940,.F.);
#12983=CARTESIAN_POINT('',(-5.998705368,52.975698831,1.3479058));
#12984=DIRECTION('',(0.,-0.,-1.));
#12985=DIRECTION('',(0.,1.,-0.));
#12986=AXIS2_PLACEMENT_3D('',#12983,#12984,#12985);
#12987=PLANE('',#12986);
#12988=ORIENTED_EDGE('',*,*,#2422,.T.);
#12989=CARTESIAN_POINT('',(-6.265829172,52.975698831,1.3479058));
#12990=VERTEX_POINT('',#12989);
#12991=CARTESIAN_POINT('',(-6.265829172,52.975698831,1.3479058));
#12992=DIRECTION('',(0.,1.,-0.));
#12993=VECTOR('',#12992,0.4);
#12994=LINE('',#12991,#12993);
#12995=EDGE_CURVE('',#12990,#2411,#12994,.T.);
#12996=ORIENTED_EDGE('',*,*,#12995,.F.);
#12997=CARTESIAN_POINT('',(-5.731581565,52.975698831,1.3479058));
#12998=DIRECTION('',(-1.,0.,0.));
#12999=VECTOR('',#12998,0.534247607);
#13000=LINE('',#12997,#12999);
#13001=EDGE_CURVE('',#12943,#12990,#13000,.T.);
#13002=ORIENTED_EDGE('',*,*,#13001,.F.);
#13003=ORIENTED_EDGE('',*,*,#12948,.T.);
#13004=EDGE_LOOP('',(#12988,#12996,#13002,#13003));
#13005=FACE_BOUND('',#13004,.T.);
#13006=ADVANCED_FACE('',(#13005),#12987,.F.);
#13007=CARTESIAN_POINT('',(-6.265829172,52.975698831,2.194480815));
#13008=DIRECTION('',(-1.,0.,0.));
#13009=DIRECTION('',(0.,0.,1.));
#13010=AXIS2_PLACEMENT_3D('',#13007,#13008,#13009);
#13011=PLANE('',#13010);
#13012=ORIENTED_EDGE('',*,*,#2416,.T.);
#13013=CARTESIAN_POINT('',(-6.265829172,52.975698831,3.041055829));
#13014=VERTEX_POINT('',#13013);
#13015=CARTESIAN_POINT('',(-6.265829172,52.975698831,3.041055829));
#13016=DIRECTION('',(0.,1.,-0.));
#13017=VECTOR('',#13016,0.4);
#13018=LINE('',#13015,#13017);
#13019=EDGE_CURVE('',#13014,#2403,#13018,.T.);
#13020=ORIENTED_EDGE('',*,*,#13019,.F.);
#13021=CARTESIAN_POINT('',(-6.265829172,52.975698831,1.3479058));
#13022=DIRECTION('',(0.,0.,1.));
#13023=VECTOR('',#13022,1.693150029);
#13024=LINE('',#13021,#13023);
#13025=EDGE_CURVE('',#12990,#13014,#13024,.T.);
#13026=ORIENTED_EDGE('',*,*,#13025,.F.);
#13027=ORIENTED_EDGE('',*,*,#12995,.T.);
#13028=EDGE_LOOP('',(#13012,#13020,#13026,#13027));
#13029=FACE_BOUND('',#13028,.T.);
#13030=ADVANCED_FACE('',(#13029),#13011,.F.);
#13031=CARTESIAN_POINT('',(-5.982267525,52.975698831,3.041055829));
#13032=DIRECTION('',(0.,0.,1.));
#13033=DIRECTION('',(0.,-1.,0.));
#13034=AXIS2_PLACEMENT_3D('',#13031,#13032,#13033);
#13035=PLANE('',#13034);
#13036=ORIENTED_EDGE('',*,*,#2408,.T.);
#13037=CARTESIAN_POINT('',(-5.698705878,52.975698831,3.041055829));
#13038=VERTEX_POINT('',#13037);
#13039=CARTESIAN_POINT('',(-5.698705878,52.975698831,3.041055829));
#13040=DIRECTION('',(0.,1.,-0.));
#13041=VECTOR('',#13040,0.4);
#13042=LINE('',#13039,#13041);
#13043=EDGE_CURVE('',#13038,#2395,#13042,.T.);
#13044=ORIENTED_EDGE('',*,*,#13043,.F.);
#13045=CARTESIAN_POINT('',(-6.265829172,52.975698831,3.041055829));
#13046=DIRECTION('',(1.,0.,-0.));
#13047=VECTOR('',#13046,0.567123294);
#13048=LINE('',#13045,#13047);
#13049=EDGE_CURVE('',#13014,#13038,#13048,.T.);
#13050=ORIENTED_EDGE('',*,*,#13049,.F.);
#13051=ORIENTED_EDGE('',*,*,#13019,.T.);
#13052=EDGE_LOOP('',(#13036,#13044,#13050,#13051));
#13053=FACE_BOUND('',#13052,.T.);
#13054=ADVANCED_FACE('',(#13053),#13035,.F.);
#13055=CARTESIAN_POINT('',(-5.702814873,52.975698831,2.852015042));
#13056=DIRECTION('',(0.999763856,-0.,-0.021730892));
#13057=DIRECTION('',(-0.021730892,0.,-0.999763856));
#13058=AXIS2_PLACEMENT_3D('',#13055,#13056,#13057);
#13059=PLANE('',#13058);
#13060=ORIENTED_EDGE('',*,*,#2400,.T.);
#13061=CARTESIAN_POINT('',(-5.706923868,52.975698831,2.662974254));
#13062=VERTEX_POINT('',#13061);
#13063=CARTESIAN_POINT('',(-5.706923868,52.975698831,2.662974254));
#13064=DIRECTION('',(0.,1.,-0.));
#13065=VECTOR('',#13064,0.4);
#13066=LINE('',#13063,#13065);
#13067=EDGE_CURVE('',#13062,#2383,#13066,.T.);
#13068=ORIENTED_EDGE('',*,*,#13067,.F.);
#13069=CARTESIAN_POINT('',(-5.698705878,52.975698831,3.041055829));
#13070=DIRECTION('',(-0.021730892,-0.,-0.999763856));
#13071=VECTOR('',#13070,0.378170878);
#13072=LINE('',#13069,#13071);
#13073=EDGE_CURVE('',#13038,#13062,#13072,.T.);
#13074=ORIENTED_EDGE('',*,*,#13073,.F.);
#13075=ORIENTED_EDGE('',*,*,#13043,.T.);
#13076=EDGE_LOOP('',(#13060,#13068,#13074,#13075));
#13077=FACE_BOUND('',#13076,.T.);
#13078=ADVANCED_FACE('',(#13077),#13059,.F.);
#13079=CARTESIAN_POINT('',(-5.706923868,52.975698831,2.662974254));
#13080=CARTESIAN_POINT('',(-5.706923868,53.375698831,2.662974254));
#13081=CARTESIAN_POINT('',(-5.427473079,52.975698831,2.991740436));
#13082=CARTESIAN_POINT('',(-5.427473079,53.375698831,2.991740436));
#13083=CARTESIAN_POINT('',(-4.997334298,52.975698831,3.156124458));
#13084=CARTESIAN_POINT('',(-4.997334298,53.375698831,3.156124458));
#13085=CARTESIAN_POINT('',(-4.416513111,52.975698831,3.156124458));
#13086=CARTESIAN_POINT('',(-4.416513111,53.375698831,3.156124458));
#13087=CARTESIAN_POINT('',(-3.879527416,52.975698831,3.156124458));
#13088=CARTESIAN_POINT('',(-3.879527416,53.375698831,3.156124458));
#13089=CARTESIAN_POINT('',(-3.476786282,52.975698831,3.032835976));
#13090=CARTESIAN_POINT('',(-3.476786282,53.375698831,3.032835976));
#13091=CARTESIAN_POINT('',(-3.208295297,52.975698831,2.786260874));
#13092=CARTESIAN_POINT('',(-3.208295297,53.375698831,2.786260874));
#13093=B_SPLINE_SURFACE_WITH_KNOTS('',3,1,((#13079,#13080),(#13081,#13082),(#13083,#13084),(#13085,#13086),(#13087,#13088),(#13089,#13090),(#13091,#13092)),.UNSPECIFIED.,.F.,.F.,.U.,(4,3,4),(2,2),(0.,0.206091043,0.396628069),(0.,1.),.UNSPECIFIED.);
#13094=ORIENTED_EDGE('',*,*,#2392,.T.);
#13095=CARTESIAN_POINT('',(-3.208295297,52.975698831,2.786260874));
#13096=VERTEX_POINT('',#13095);
#13097=CARTESIAN_POINT('',(-3.208295297,52.975698831,2.786260874));
#13098=DIRECTION('',(0.,1.,-0.));
#13099=VECTOR('',#13098,0.4);
#13100=LINE('',#13097,#13099);
#13101=EDGE_CURVE('',#13096,#2371,#13100,.T.);
#13102=ORIENTED_EDGE('',*,*,#13101,.F.);
#13103=CARTESIAN_POINT('',(-5.706923868,52.975698831,2.662974254));
#13104=CARTESIAN_POINT('',(-5.427473079,52.975698831,2.991740436));
#13105=CARTESIAN_POINT('',(-4.997334298,52.975698831,3.156124458));
#13106=CARTESIAN_POINT('',(-4.416513111,52.975698831,3.156124458));
#13107=CARTESIAN_POINT('',(-3.879527416,52.975698831,3.156124458));
#13108=CARTESIAN_POINT('',(-3.476786282,52.975698831,3.032835976));
#13109=CARTESIAN_POINT('',(-3.208295297,52.975698831,2.786260874));
#13110=B_SPLINE_CURVE_WITH_KNOTS('',3,(#13103,#13104,#13105,#13106,#13107,#13108,#13109),.UNSPECIFIED.,.F.,.F.,(4,3,4),(0.,0.206091043,0.396628069),.UNSPECIFIED.);
#13111=EDGE_CURVE('',#13062,#13096,#13110,.T.);
#13112=ORIENTED_EDGE('',*,*,#13111,.F.);
#13113=ORIENTED_EDGE('',*,*,#13067,.T.);
#13114=EDGE_LOOP('',(#13094,#13102,#13112,#13113));
#13115=FACE_BOUND('',#13114,.T.);
#13116=ADVANCED_FACE('',(#13115),#13093,.F.);
#13117=CARTESIAN_POINT('',(-3.208295297,52.975698831,2.786260874));
#13118=CARTESIAN_POINT('',(-3.208295297,53.375698831,2.786260874));
#13119=CARTESIAN_POINT('',(-2.939798724,52.975698831,2.539685772));
#13120=CARTESIAN_POINT('',(-2.939798724,53.375698831,2.539685772));
#13121=CARTESIAN_POINT('',(-2.805554162,52.975698831,2.21913758));
#13122=CARTESIAN_POINT('',(-2.805554162,53.375698831,2.21913758));
#13123=CARTESIAN_POINT('',(-2.805554162,52.975698831,1.824616299));
#13124=CARTESIAN_POINT('',(-2.805554162,53.375698831,1.824616299));
#13125=CARTESIAN_POINT('',(-2.805554162,52.975698831,1.397219331));
#13126=CARTESIAN_POINT('',(-2.805554162,53.375698831,1.397219331));
#13127=CARTESIAN_POINT('',(-2.906923037,52.975698831,1.088999987));
#13128=CARTESIAN_POINT('',(-2.906923037,53.375698831,1.088999987));
#13129=CARTESIAN_POINT('',(-3.109664511,52.975698831,0.899960131));
#13130=CARTESIAN_POINT('',(-3.109664511,53.375698831,0.899960131));
#13131=B_SPLINE_SURFACE_WITH_KNOTS('',3,1,((#13117,#13118),(#13119,#13120),(#13121,#13122),(#13123,#13124),(#13125,#13126),(#13127,#13128),(#13129,#13130)),.UNSPECIFIED.,.F.,.F.,.U.,(4,3,4),(2,2),(0.396628069,0.587167247,0.793584165),(0.,1.),.UNSPECIFIED.);
#13132=ORIENTED_EDGE('',*,*,#2380,.T.);
#13133=CARTESIAN_POINT('',(-3.109664511,52.975698831,0.899960131));
#13134=VERTEX_POINT('',#13133);
#13135=CARTESIAN_POINT('',(-3.109664511,52.975698831,0.899960131));
#13136=DIRECTION('',(0.,1.,-0.));
#13137=VECTOR('',#13136,0.4);
#13138=LINE('',#13135,#13137);
#13139=EDGE_CURVE('',#13134,#2362,#13138,.T.);
#13140=ORIENTED_EDGE('',*,*,#13139,.F.);
#13141=CARTESIAN_POINT('',(-3.208295297,52.975698831,2.786260874));
#13142=CARTESIAN_POINT('',(-2.939798724,52.975698831,2.539685772));
#13143=CARTESIAN_POINT('',(-2.805554162,52.975698831,2.21913758));
#13144=CARTESIAN_POINT('',(-2.805554162,52.975698831,1.824616299));
#13145=CARTESIAN_POINT('',(-2.805554162,52.975698831,1.397219331));
#13146=CARTESIAN_POINT('',(-2.906923037,52.975698831,1.088999987));
#13147=CARTESIAN_POINT('',(-3.109664511,52.975698831,0.899960131));
#13148=B_SPLINE_CURVE_WITH_KNOTS('',3,(#13141,#13142,#13143,#13144,#13145,#13146,#13147),.UNSPECIFIED.,.F.,.F.,(4,3,4),(0.396628069,0.587167247,0.793584165),.UNSPECIFIED.);
#13149=EDGE_CURVE('',#13096,#13134,#13148,.T.);
#13150=ORIENTED_EDGE('',*,*,#13149,.F.);
#13151=ORIENTED_EDGE('',*,*,#13101,.T.);
#13152=EDGE_LOOP('',(#13132,#13140,#13150,#13151));
#13153=FACE_BOUND('',#13152,.T.);
#13154=ADVANCED_FACE('',(#13153),#13131,.F.);
#13155=CARTESIAN_POINT('',(-3.109664511,52.975698831,0.899960131));
#13156=CARTESIAN_POINT('',(-3.109664511,53.375698831,0.899960131));
#13157=CARTESIAN_POINT('',(-3.312402259,52.975698831,0.710918412));
#13158=CARTESIAN_POINT('',(-3.312402259,53.375698831,0.710918412));
#13159=CARTESIAN_POINT('',(-3.641168441,52.975698831,0.550645248));
#13160=CARTESIAN_POINT('',(-3.641168441,53.375698831,0.550645248));
#13161=CARTESIAN_POINT('',(-4.095966782,52.975698831,0.419136912));
#13162=CARTESIAN_POINT('',(-4.095966782,53.375698831,0.419136912));
#13163=B_SPLINE_SURFACE_WITH_KNOTS('',3,1,((#13155,#13156),(#13157,#13158),(#13159,#13160),(#13161,#13162)),.UNSPECIFIED.,.F.,.F.,.U.,(4,4),(2,2),(0.793584165,1.),(0.,1.),.UNSPECIFIED.);
#13164=ORIENTED_EDGE('',*,*,#2368,.T.);
#13165=CARTESIAN_POINT('',(-4.095966782,52.975698831,0.419136912));
#13166=VERTEX_POINT('',#13165);
#13167=CARTESIAN_POINT('',(-4.095966782,52.975698831,0.419136912));
#13168=DIRECTION('',(0.,1.,-0.));
#13169=VECTOR('',#13168,0.4);
#13170=LINE('',#13167,#13169);
#13171=EDGE_CURVE('',#13166,#2354,#13170,.T.);
#13172=ORIENTED_EDGE('',*,*,#13171,.F.);
#13173=CARTESIAN_POINT('',(-3.109664511,52.975698831,0.899960131));
#13174=CARTESIAN_POINT('',(-3.312402259,52.975698831,0.710918412));
#13175=CARTESIAN_POINT('',(-3.641168441,52.975698831,0.550645248));
#13176=CARTESIAN_POINT('',(-4.095966782,52.975698831,0.419136912));
#13177=B_SPLINE_CURVE_WITH_KNOTS('',3,(#13173,#13174,#13175,#13176),.UNSPECIFIED.,.F.,.F.,(4,4),(0.793584165,1.),.UNSPECIFIED.);
#13178=EDGE_CURVE('',#13134,#13166,#13177,.T.);
#13179=ORIENTED_EDGE('',*,*,#13178,.F.);
#13180=ORIENTED_EDGE('',*,*,#13139,.T.);
#13181=EDGE_LOOP('',(#13164,#13172,#13179,#13180));
#13182=FACE_BOUND('',#13181,.T.);
#13183=ADVANCED_FACE('',(#13182),#13163,.F.);
#13184=CARTESIAN_POINT('',(-4.498705122,52.975698831,0.316397131));
#13185=DIRECTION('',(0.247186667,-0.,-0.96896788));
#13186=DIRECTION('',(-0.96896788,0.,-0.247186667));
#13187=AXIS2_PLACEMENT_3D('',#13184,#13185,#13186);
#13188=PLANE('',#13187);
#13189=ORIENTED_EDGE('',*,*,#2359,.T.);
#13190=CARTESIAN_POINT('',(-4.901443463,52.975698831,0.21365735));
#13191=VERTEX_POINT('',#13190);
#13192=CARTESIAN_POINT('',(-4.901443463,52.975698831,0.21365735));
#13193=DIRECTION('',(0.,1.,-0.));
#13194=VECTOR('',#13193,0.4);
#13195=LINE('',#13192,#13194);
#13196=EDGE_CURVE('',#13191,#2336,#13195,.T.);
#13197=ORIENTED_EDGE('',*,*,#13196,.F.);
#13198=CARTESIAN_POINT('',(-4.095966782,52.975698831,0.419136912));
#13199=DIRECTION('',(-0.96896788,-0.,-0.247186667));
#13200=VECTOR('',#13199,0.831272839);
#13201=LINE('',#13198,#13200);
#13202=EDGE_CURVE('',#13166,#13191,#13201,.T.);
#13203=ORIENTED_EDGE('',*,*,#13202,.F.);
#13204=ORIENTED_EDGE('',*,*,#13171,.T.);
#13205=EDGE_LOOP('',(#13189,#13197,#13203,#13204));
#13206=FACE_BOUND('',#13205,.T.);
#13207=ADVANCED_FACE('',(#13206),#13188,.F.);
#13208=CARTESIAN_POINT('',(-4.901443463,52.975698831,0.21365735));
#13209=CARTESIAN_POINT('',(-4.901443463,53.375698831,0.21365735));
#13210=CARTESIAN_POINT('',(-5.158978369,52.975698831,0.142424212));
#13211=CARTESIAN_POINT('',(-5.158978369,53.375698831,0.142424212));
#13212=CARTESIAN_POINT('',(-5.339802097,52.975698831,0.056124137));
#13213=CARTESIAN_POINT('',(-5.339802097,53.375698831,0.056124137));
#13214=CARTESIAN_POINT('',(-5.44390906,52.975698831,-0.0452466));
#13215=CARTESIAN_POINT('',(-5.44390906,53.375698831,-0.0452466));
#13216=CARTESIAN_POINT('',(-5.548017885,52.975698831,-0.146615475));
#13217=CARTESIAN_POINT('',(-5.548017885,53.375698831,-0.146615475));
#13218=CARTESIAN_POINT('',(-5.600073229,52.975698831,-0.279492854));
#13219=CARTESIAN_POINT('',(-5.600073229,53.375698831,-0.279492854));
#13220=CARTESIAN_POINT('',(-5.600075092,52.975698831,-0.443876877));
#13221=CARTESIAN_POINT('',(-5.600075092,53.375698831,-0.443876877));
#13222=CARTESIAN_POINT('',(-5.600073229,52.975698831,-0.89319159));
#13223=CARTESIAN_POINT('',(-5.600073229,53.375698831,-0.89319159));
#13224=CARTESIAN_POINT('',(-5.274045136,52.975698831,-1.117848947));
#13225=CARTESIAN_POINT('',(-5.274045136,53.375698831,-1.117848947));
#13226=CARTESIAN_POINT('',(-4.621992673,52.975698831,-1.117848947));
#13227=CARTESIAN_POINT('',(-4.621992673,53.375698831,-1.117848947));
#13228=CARTESIAN_POINT('',(-3.838430013,52.975698831,-1.117848947));
#13229=CARTESIAN_POINT('',(-3.838430013,53.375698831,-1.117848947));
#13230=CARTESIAN_POINT('',(-3.408293094,52.975698831,-0.73428747));
#13231=CARTESIAN_POINT('',(-3.408293094,53.375698831,-0.73428747));
#13232=CARTESIAN_POINT('',(-3.331581916,52.975698831,0.032835484));
#13233=CARTESIAN_POINT('',(-3.331581916,53.375698831,0.032835484));
#13234=B_SPLINE_SURFACE_WITH_KNOTS('',3,1,((#13208,#13209),(#13210,#13211),(#13212,#13213),(#13214,#13215),(#13216,#13217),(#13218,#13219),(#13220,#13221),(#13222,#13223),(#13224,#13225),(#13226,#13227),(#13228,#13229),(#13230,#13231),(#13232,#13233)),.UNSPECIFIED.,.F.,.F.,.U.,(4,3,3,3,4),(2,2),(0.,0.124720575,0.24944118,0.590342944,1.),(0.,1.),.UNSPECIFIED.);
#13235=ORIENTED_EDGE('',*,*,#2351,.T.);
#13236=CARTESIAN_POINT('',(-3.331581916,52.975698831,0.032835484));
#13237=VERTEX_POINT('',#13236);
#13238=CARTESIAN_POINT('',(-3.331581916,52.975698831,0.032835484));
#13239=DIRECTION('',(0.,1.,-0.));
#13240=VECTOR('',#13239,0.4);
#13241=LINE('',#13238,#13240);
#13242=EDGE_CURVE('',#13237,#2328,#13241,.T.);
#13243=ORIENTED_EDGE('',*,*,#13242,.F.);
#13244=CARTESIAN_POINT('',(-4.901443463,52.975698831,0.21365735));
#13245=CARTESIAN_POINT('',(-5.158978369,52.975698831,0.142424212));
#13246=CARTESIAN_POINT('',(-5.339802097,52.975698831,0.056124137));
#13247=CARTESIAN_POINT('',(-5.44390906,52.975698831,-0.0452466));
#13248=CARTESIAN_POINT('',(-5.548017885,52.975698831,-0.146615475));
#13249=CARTESIAN_POINT('',(-5.600073229,52.975698831,-0.279492854));
#13250=CARTESIAN_POINT('',(-5.600075092,52.975698831,-0.443876877));
#13251=CARTESIAN_POINT('',(-5.600073229,52.975698831,-0.89319159));
#13252=CARTESIAN_POINT('',(-5.274045136,52.975698831,-1.117848947));
#13253=CARTESIAN_POINT('',(-4.621992673,52.975698831,-1.117848947));
#13254=CARTESIAN_POINT('',(-3.838430013,52.975698831,-1.117848947));
#13255=CARTESIAN_POINT('',(-3.408293094,52.975698831,-0.73428747));
#13256=CARTESIAN_POINT('',(-3.331581916,52.975698831,0.032835484));
#13257=B_SPLINE_CURVE_WITH_KNOTS('',3,(#13244,#13245,#13246,#13247,#13248,#13249,#13250,#13251,#13252,#13253,#13254,#13255,#13256),.UNSPECIFIED.,.F.,.F.,(4,3,3,3,4),(0.,0.124720575,0.24944118,0.590342944,1.),.UNSPECIFIED.);
#13258=EDGE_CURVE('',#13191,#13237,#13257,.T.);
#13259=ORIENTED_EDGE('',*,*,#13258,.F.);
#13260=ORIENTED_EDGE('',*,*,#13196,.T.);
#13261=EDGE_LOOP('',(#13235,#13243,#13259,#13260));
#13262=FACE_BOUND('',#13261,.T.);
#13263=ADVANCED_FACE('',(#13262),#13234,.F.);
#13264=CARTESIAN_POINT('',(-3.068568039,52.975698831,0.032835484));
#13265=DIRECTION('',(0.,0.,1.));
#13266=DIRECTION('',(0.,-1.,0.));
#13267=AXIS2_PLACEMENT_3D('',#13264,#13265,#13266);
#13268=PLANE('',#13267);
#13269=ORIENTED_EDGE('',*,*,#2333,.T.);
#13270=CARTESIAN_POINT('',(-2.805554162,52.975698831,0.032835484));
#13271=VERTEX_POINT('',#13270);
#13272=CARTESIAN_POINT('',(-2.805554162,52.975698831,0.032835484));
#13273=DIRECTION('',(0.,1.,-0.));
#13274=VECTOR('',#13273,0.4);
#13275=LINE('',#13272,#13274);
#13276=EDGE_CURVE('',#13271,#2320,#13275,.T.);
#13277=ORIENTED_EDGE('',*,*,#13276,.F.);
#13278=CARTESIAN_POINT('',(-3.331581916,52.975698831,0.032835484));
#13279=DIRECTION('',(1.,0.,-0.));
#13280=VECTOR('',#13279,0.526027754);
#13281=LINE('',#13278,#13280);
#13282=EDGE_CURVE('',#13237,#13271,#13281,.T.);
#13283=ORIENTED_EDGE('',*,*,#13282,.F.);
#13284=ORIENTED_EDGE('',*,*,#13242,.T.);
#13285=EDGE_LOOP('',(#13269,#13277,#13283,#13284));
#13286=FACE_BOUND('',#13285,.T.);
#13287=ADVANCED_FACE('',(#13286),#13268,.F.);
#13288=CARTESIAN_POINT('',(-2.805554162,52.975698831,-0.81373953));
#13289=DIRECTION('',(1.,0.,0.));
#13290=DIRECTION('',(0.,0.,-1.));
#13291=AXIS2_PLACEMENT_3D('',#13288,#13289,#13290);
#13292=PLANE('',#13291);
#13293=ORIENTED_EDGE('',*,*,#2325,.T.);
#13294=CARTESIAN_POINT('',(-2.805554162,52.975698831,-1.660314544));
#13295=VERTEX_POINT('',#13294);
#13296=CARTESIAN_POINT('',(-2.805554162,52.975698831,-1.660314544));
#13297=DIRECTION('',(0.,1.,-0.));
#13298=VECTOR('',#13297,0.4);
#13299=LINE('',#13296,#13298);
#13300=EDGE_CURVE('',#13295,#2312,#13299,.T.);
#13301=ORIENTED_EDGE('',*,*,#13300,.F.);
#13302=CARTESIAN_POINT('',(-2.805554162,52.975698831,0.032835484));
#13303=DIRECTION('',(0.,-0.,-1.));
#13304=VECTOR('',#13303,1.693150029);
#13305=LINE('',#13302,#13304);
#13306=EDGE_CURVE('',#13271,#13295,#13305,.T.);
#13307=ORIENTED_EDGE('',*,*,#13306,.F.);
#13308=ORIENTED_EDGE('',*,*,#13276,.T.);
#13309=EDGE_LOOP('',(#13293,#13301,#13307,#13308));
#13310=FACE_BOUND('',#13309,.T.);
#13311=ADVANCED_FACE('',(#13310),#13292,.F.);
#13312=CARTESIAN_POINT('',(-3.089115809,52.975698831,-1.660314544));
#13313=DIRECTION('',(0.,-0.,-1.));
#13314=DIRECTION('',(0.,1.,-0.));
#13315=AXIS2_PLACEMENT_3D('',#13312,#13313,#13314);
#13316=PLANE('',#13315);
#13317=ORIENTED_EDGE('',*,*,#2317,.T.);
#13318=CARTESIAN_POINT('',(-3.372677456,52.975698831,-1.660314544));
#13319=VERTEX_POINT('',#13318);
#13320=CARTESIAN_POINT('',(-3.372677456,52.975698831,-1.660314544));
#13321=DIRECTION('',(0.,1.,-0.));
#13322=VECTOR('',#13321,0.4);
#13323=LINE('',#13320,#13322);
#13324=EDGE_CURVE('',#13319,#2304,#13323,.T.);
#13325=ORIENTED_EDGE('',*,*,#13324,.F.);
#13326=CARTESIAN_POINT('',(-2.805554162,52.975698831,-1.660314544));
#13327=DIRECTION('',(-1.,0.,0.));
#13328=VECTOR('',#13327,0.567123294);
#13329=LINE('',#13326,#13328);
#13330=EDGE_CURVE('',#13295,#13319,#13329,.T.);
#13331=ORIENTED_EDGE('',*,*,#13330,.F.);
#13332=ORIENTED_EDGE('',*,*,#13300,.T.);
#13333=EDGE_LOOP('',(#13317,#13325,#13331,#13332));
#13334=FACE_BOUND('',#13333,.T.);
#13335=ADVANCED_FACE('',(#13334),#13316,.F.);
#13336=CARTESIAN_POINT('',(-3.364458535,52.975698831,-1.417848437));
#13337=DIRECTION('',(-0.999425985,0.,0.033877741));
#13338=DIRECTION('',(0.033877741,-0.,0.999425985));
#13339=AXIS2_PLACEMENT_3D('',#13336,#13337,#13338);
#13340=PLANE('',#13339);
#13341=ORIENTED_EDGE('',*,*,#2309,.T.);
#13342=CARTESIAN_POINT('',(-3.356239613,52.975698831,-1.17538233));
#13343=VERTEX_POINT('',#13342);
#13344=CARTESIAN_POINT('',(-3.356239613,52.975698831,-1.17538233));
#13345=DIRECTION('',(0.,1.,-0.));
#13346=VECTOR('',#13345,0.4);
#13347=LINE('',#13344,#13346);
#13348=EDGE_CURVE('',#13343,#2289,#13347,.T.);
#13349=ORIENTED_EDGE('',*,*,#13348,.F.);
#13350=CARTESIAN_POINT('',(-3.372677456,52.975698831,-1.660314544));
#13351=DIRECTION('',(0.033877741,0.,0.999425985));
#13352=VECTOR('',#13351,0.485210732);
#13353=LINE('',#13350,#13352);
#13354=EDGE_CURVE('',#13319,#13343,#13353,.T.);
#13355=ORIENTED_EDGE('',*,*,#13354,.F.);
#13356=ORIENTED_EDGE('',*,*,#13324,.T.);
#13357=EDGE_LOOP('',(#13341,#13349,#13355,#13356));
#13358=FACE_BOUND('',#13357,.T.);
#13359=ADVANCED_FACE('',(#13358),#13340,.F.);
#13360=CARTESIAN_POINT('',(-3.356239613,52.975698831,-1.17538233));
#13361=CARTESIAN_POINT('',(-3.356239613,53.375698831,-1.17538233));
#13362=CARTESIAN_POINT('',(-3.668567952,52.975698831,-1.575383513));
#13363=CARTESIAN_POINT('',(-3.668567952,53.375698831,-1.575383513));
#13364=CARTESIAN_POINT('',(-4.142542224,52.975698831,-1.775383174));
#13365=CARTESIAN_POINT('',(-4.142542224,53.375698831,-1.775383174));
#13366=CARTESIAN_POINT('',(-4.778156843,52.975698831,-1.775383174));
#13367=CARTESIAN_POINT('',(-4.778156843,53.375698831,-1.775383174));
#13368=CARTESIAN_POINT('',(-5.879527744,52.975698831,-1.775383174));
#13369=CARTESIAN_POINT('',(-5.879527744,53.375698831,-1.775383174));
#13370=CARTESIAN_POINT('',(-6.430211331,52.975698831,-1.317848607));
#13371=CARTESIAN_POINT('',(-6.430211331,53.375698831,-1.317848607));
#13372=CARTESIAN_POINT('',(-6.430211331,52.975698831,-0.402779474));
#13373=CARTESIAN_POINT('',(-6.430211331,53.375698831,-0.402779474));
#13374=CARTESIAN_POINT('',(-6.430211331,52.975698831,-0.013739958));
#13375=CARTESIAN_POINT('',(-6.430211331,53.375698831,-0.013739958));
#13376=CARTESIAN_POINT('',(-6.328840595,52.975698831,0.278041542));
#13377=CARTESIAN_POINT('',(-6.328840595,53.375698831,0.278041542));
#13378=CARTESIAN_POINT('',(-6.126102846,52.975698831,0.472563163));
#13379=CARTESIAN_POINT('',(-6.126102846,53.375698831,0.472563163));
#13380=B_SPLINE_SURFACE_WITH_KNOTS('',3,1,((#13360,#13361),(#13362,#13363),(#13364,#13365),(#13366,#13367),(#13368,#13369),(#13370,#13371),(#13372,#13373),(#13374,#13375),(#13376,#13377),(#13378,#13379)),.UNSPECIFIED.,.F.,.F.,.U.,(4,3,3,4),(2,2),(0.,0.237747978,0.649709404,0.824853847),(0.,1.),.UNSPECIFIED.);
#13381=ORIENTED_EDGE('',*,*,#2301,.T.);
#13382=CARTESIAN_POINT('',(-6.126102846,52.975698831,0.472563163));
#13383=VERTEX_POINT('',#13382);
#13384=CARTESIAN_POINT('',(-6.126102846,52.975698831,0.472563163));
#13385=DIRECTION('',(0.,1.,-0.));
#13386=VECTOR('',#13385,0.4);
#13387=LINE('',#13384,#13386);
#13388=EDGE_CURVE('',#13383,#2280,#13387,.T.);
#13389=ORIENTED_EDGE('',*,*,#13388,.F.);
#13390=CARTESIAN_POINT('',(-3.356239613,52.975698831,-1.17538233));
#13391=CARTESIAN_POINT('',(-3.668567952,52.975698831,-1.575383513));
#13392=CARTESIAN_POINT('',(-4.142542224,52.975698831,-1.775383174));
#13393=CARTESIAN_POINT('',(-4.778156843,52.975698831,-1.775383174));
#13394=CARTESIAN_POINT('',(-5.879527744,52.975698831,-1.775383174));
#13395=CARTESIAN_POINT('',(-6.430211331,52.975698831,-1.317848607));
#13396=CARTESIAN_POINT('',(-6.430211331,52.975698831,-0.402779474));
#13397=CARTESIAN_POINT('',(-6.430211331,52.975698831,-0.013739958));
#13398=CARTESIAN_POINT('',(-6.328840595,52.975698831,0.278041542));
#13399=CARTESIAN_POINT('',(-6.126102846,52.975698831,0.472563163));
#13400=B_SPLINE_CURVE_WITH_KNOTS('',3,(#13390,#13391,#13392,#13393,#13394,#13395,#13396,#13397,#13398,#13399),.UNSPECIFIED.,.F.,.F.,(4,3,3,4),(0.,0.237747978,0.649709404,0.824853847),.UNSPECIFIED.);
#13401=EDGE_CURVE('',#13343,#13383,#13400,.T.);
#13402=ORIENTED_EDGE('',*,*,#13401,.F.);
#13403=ORIENTED_EDGE('',*,*,#13348,.T.);
#13404=EDGE_LOOP('',(#13381,#13389,#13402,#13403));
#13405=FACE_BOUND('',#13404,.T.);
#13406=ADVANCED_FACE('',(#13405),#13380,.F.);
#13407=CARTESIAN_POINT('',(-6.126102846,52.975698831,0.472563163));
#13408=CARTESIAN_POINT('',(-6.126102846,53.375698831,0.472563163));
#13409=CARTESIAN_POINT('',(-5.923359509,52.975698831,0.667082921));
#13410=CARTESIAN_POINT('',(-5.923359509,53.375698831,0.667082921));
#13411=CARTESIAN_POINT('',(-5.600073229,52.975698831,0.821878047));
#13412=CARTESIAN_POINT('',(-5.600073229,53.375698831,0.821878047));
#13413=CARTESIAN_POINT('',(-5.15624028,52.975698831,0.936946676));
#13414=CARTESIAN_POINT('',(-5.15624028,53.375698831,0.936946676));
#13415=B_SPLINE_SURFACE_WITH_KNOTS('',3,1,((#13407,#13408),(#13409,#13410),(#13411,#13412),(#13413,#13414)),.UNSPECIFIED.,.F.,.F.,.U.,(4,4),(2,2),(0.824853847,1.),(0.,1.),.UNSPECIFIED.);
#13416=ORIENTED_EDGE('',*,*,#2286,.T.);
#13417=CARTESIAN_POINT('',(-5.15624028,52.975698831,0.936946676));
#13418=VERTEX_POINT('',#13417);
#13419=CARTESIAN_POINT('',(-5.15624028,52.975698831,0.936946676));
#13420=DIRECTION('',(0.,1.,-0.));
#13421=VECTOR('',#13420,0.4);
#13422=LINE('',#13419,#13421);
#13423=EDGE_CURVE('',#13418,#2272,#13422,.T.);
#13424=ORIENTED_EDGE('',*,*,#13423,.F.);
#13425=CARTESIAN_POINT('',(-6.126102846,52.975698831,0.472563163));
#13426=CARTESIAN_POINT('',(-5.923359509,52.975698831,0.667082921));
#13427=CARTESIAN_POINT('',(-5.600073229,52.975698831,0.821878047));
#13428=CARTESIAN_POINT('',(-5.15624028,52.975698831,0.936946676));
#13429=B_SPLINE_CURVE_WITH_KNOTS('',3,(#13425,#13426,#13427,#13428),.UNSPECIFIED.,.F.,.F.,(4,4),(0.824853847,1.),.UNSPECIFIED.);
#13430=EDGE_CURVE('',#13383,#13418,#13429,.T.);
#13431=ORIENTED_EDGE('',*,*,#13430,.F.);
#13432=ORIENTED_EDGE('',*,*,#13388,.T.);
#13433=EDGE_LOOP('',(#13416,#13424,#13431,#13432));
#13434=FACE_BOUND('',#13433,.T.);
#13435=ADVANCED_FACE('',(#13434),#13415,.F.);
#13436=CARTESIAN_POINT('',(-4.753500078,52.975698831,1.043795452));
#13437=DIRECTION('',(-0.256433207,0.,0.966561954));
#13438=DIRECTION('',(0.966561954,0.,0.256433207));
#13439=AXIS2_PLACEMENT_3D('',#13436,#13437,#13438);
#13440=PLANE('',#13439);
#13441=ORIENTED_EDGE('',*,*,#2277,.T.);
#13442=ORIENTED_EDGE('',*,*,#12978,.F.);
#13443=CARTESIAN_POINT('',(-5.15624028,52.975698831,0.936946676));
#13444=DIRECTION('',(0.966561954,0.,0.256433207));
#13445=VECTOR('',#13444,0.833345863);
#13446=LINE('',#13443,#13445);
#13447=EDGE_CURVE('',#13418,#12951,#13446,.T.);
#13448=ORIENTED_EDGE('',*,*,#13447,.F.);
#13449=ORIENTED_EDGE('',*,*,#13423,.T.);
#13450=EDGE_LOOP('',(#13441,#13442,#13448,#13449));
#13451=FACE_BOUND('',#13450,.T.);
#13452=ADVANCED_FACE('',(#13451),#13440,.F.);
#13453=CARTESIAN_POINT('',(0.214993954,52.975698831,0.64516471));
#13454=DIRECTION('',(0.,1.,-0.));
#13455=DIRECTION('',(-1.,0.,0.));
#13456=AXIS2_PLACEMENT_3D('',#13453,#13454,#13455);
#13457=PLANE('',#13456);
#13458=ORIENTED_EDGE('',*,*,#12972,.T.);
#13459=ORIENTED_EDGE('',*,*,#13001,.T.);
#13460=ORIENTED_EDGE('',*,*,#13025,.T.);
#13461=ORIENTED_EDGE('',*,*,#13049,.T.);
#13462=ORIENTED_EDGE('',*,*,#13073,.T.);
#13463=ORIENTED_EDGE('',*,*,#13111,.T.);
#13464=ORIENTED_EDGE('',*,*,#13149,.T.);
#13465=ORIENTED_EDGE('',*,*,#13178,.T.);
#13466=ORIENTED_EDGE('',*,*,#13202,.T.);
#13467=ORIENTED_EDGE('',*,*,#13258,.T.);
#13468=ORIENTED_EDGE('',*,*,#13282,.T.);
#13469=ORIENTED_EDGE('',*,*,#13306,.T.);
#13470=ORIENTED_EDGE('',*,*,#13330,.T.);
#13471=ORIENTED_EDGE('',*,*,#13354,.T.);
#13472=ORIENTED_EDGE('',*,*,#13401,.T.);
#13473=ORIENTED_EDGE('',*,*,#13430,.T.);
#13474=ORIENTED_EDGE('',*,*,#13447,.T.);
#13475=EDGE_LOOP('',(#13458,#13459,#13460,#13461,#13462,#13463,#13464,#13465,#13466,#13467,#13468,#13469,#13470,#13471,#13472,#13473,#13474));
#13476=FACE_BOUND('',#13475,.T.);
#13477=ADVANCED_FACE('',(#13476),#13457,.T.);
#13478=CARTESIAN_POINT('',(8.808144514,52.975698831,-1.726067781));
#13479=CARTESIAN_POINT('',(8.808144514,53.375698831,-1.726067781));
#13480=CARTESIAN_POINT('',(8.599925932,52.975698831,-1.726067781));
#13481=CARTESIAN_POINT('',(8.599925932,53.375698831,-1.726067781));
#13482=CARTESIAN_POINT('',(8.464309532,52.975698831,-1.674012437));
#13483=CARTESIAN_POINT('',(8.464309532,53.375698831,-1.674012437));
#13484=CARTESIAN_POINT('',(8.401295316,52.975698831,-1.569903611));
#13485=CARTESIAN_POINT('',(8.401295316,53.375698831,-1.569903611));
#13486=CARTESIAN_POINT('',(8.33828203,52.975698831,-1.465794786));
#13487=CARTESIAN_POINT('',(8.33828203,53.375698831,-1.465794786));
#13488=CARTESIAN_POINT('',(8.306774456,52.975698831,-1.32606846));
#13489=CARTESIAN_POINT('',(8.306774456,53.375698831,-1.32606846));
#13490=CARTESIAN_POINT('',(8.306774456,52.975698831,-1.150724634));
#13491=CARTESIAN_POINT('',(8.306774456,53.375698831,-1.150724634));
#13492=CARTESIAN_POINT('',(8.306774456,52.975698831,-1.035657867));
#13493=CARTESIAN_POINT('',(8.306774456,53.375698831,-1.035657867));
#13494=CARTESIAN_POINT('',(8.314994309,52.975698831,-0.942506983));
#13495=CARTESIAN_POINT('',(8.314994309,53.375698831,-0.942506983));
#13496=CARTESIAN_POINT('',(8.331432153,52.975698831,-0.871273845));
#13497=CARTESIAN_POINT('',(8.331432153,53.375698831,-0.871273845));
#13498=CARTESIAN_POINT('',(8.347871859,52.975698831,-0.800040706));
#13499=CARTESIAN_POINT('',(8.347871859,53.375698831,-0.800040706));
#13500=CARTESIAN_POINT('',(8.394446369,52.975698831,-0.732916563));
#13501=CARTESIAN_POINT('',(8.394446369,53.375698831,-0.732916563));
#13502=CARTESIAN_POINT('',(8.471158479,52.975698831,-0.669903278));
#13503=CARTESIAN_POINT('',(8.471158479,53.375698831,-0.669903278));
#13504=CARTESIAN_POINT('',(8.547870588,52.975698831,-0.606889992));
#13505=CARTESIAN_POINT('',(8.547870588,53.375698831,-0.606889992));
#13506=CARTESIAN_POINT('',(8.660200197,52.975698831,-0.57538335));
#13507=CARTESIAN_POINT('',(8.660200197,53.375698831,-0.57538335));
#13508=CARTESIAN_POINT('',(8.808144514,52.975698831,-0.57538335));
#13509=CARTESIAN_POINT('',(8.808144514,53.375698831,-0.57538335));
#13510=B_SPLINE_SURFACE_WITH_KNOTS('',3,1,((#13478,#13479),(#13480,#13481),(#13482,#13483),(#13484,#13485),(#13486,#13487),(#13488,#13489),(#13490,#13491),(#13492,#13493),(#13494,#13495),(#13496,#13497),(#13498,#13499),(#13500,#13501),(#13502,#13503),(#13504,#13505),(#13506,#13507),(#13508,#13509)),.UNSPECIFIED.,.F.,.F.,.U.,(4,3,3,3,3,4),(2,2),(0.508458254,0.632312823,0.756166902,0.837444291,0.918722145,1.),(0.,1.),.UNSPECIFIED.);
#13511=ORIENTED_EDGE('',*,*,#2219,.T.);
#13512=CARTESIAN_POINT('',(8.808144514,52.975698831,-0.57538335));
#13513=VERTEX_POINT('',#13512);
#13514=CARTESIAN_POINT('',(8.808144514,52.975698831,-0.57538335));
#13515=DIRECTION('',(0.,1.,-0.));
#13516=VECTOR('',#13515,0.4);
#13517=LINE('',#13514,#13516);
#13518=EDGE_CURVE('',#13513,#2201,#13517,.T.);
#13519=ORIENTED_EDGE('',*,*,#13518,.F.);
#13520=CARTESIAN_POINT('',(8.808144514,52.975698831,-1.726067781));
#13521=VERTEX_POINT('',#13520);
#13522=CARTESIAN_POINT('',(8.808144514,52.975698831,-1.726067781));
#13523=CARTESIAN_POINT('',(8.599925932,52.975698831,-1.726067781));
#13524=CARTESIAN_POINT('',(8.464309532,52.975698831,-1.674012437));
#13525=CARTESIAN_POINT('',(8.401295316,52.975698831,-1.569903611));
#13526=CARTESIAN_POINT('',(8.33828203,52.975698831,-1.465794786));
#13527=CARTESIAN_POINT('',(8.306774456,52.975698831,-1.32606846));
#13528=CARTESIAN_POINT('',(8.306774456,52.975698831,-1.150724634));
#13529=CARTESIAN_POINT('',(8.306774456,52.975698831,-1.035657867));
#13530=CARTESIAN_POINT('',(8.314994309,52.975698831,-0.942506983));
#13531=CARTESIAN_POINT('',(8.331432153,52.975698831,-0.871273845));
#13532=CARTESIAN_POINT('',(8.347871859,52.975698831,-0.800040706));
#13533=CARTESIAN_POINT('',(8.394446369,52.975698831,-0.732916563));
#13534=CARTESIAN_POINT('',(8.471158479,52.975698831,-0.669903278));
#13535=CARTESIAN_POINT('',(8.547870588,52.975698831,-0.606889992));
#13536=CARTESIAN_POINT('',(8.660200197,52.975698831,-0.57538335));
#13537=CARTESIAN_POINT('',(8.808144514,52.975698831,-0.57538335));
#13538=B_SPLINE_CURVE_WITH_KNOTS('',3,(#13522,#13523,#13524,#13525,#13526,#13527,#13528,#13529,#13530,#13531,#13532,#13533,#13534,#13535,#13536,#13537),.UNSPECIFIED.,.F.,.F.,(4,3,3,3,3,4),(0.508458254,0.632312823,0.756166902,0.837444291,0.918722145,1.),.UNSPECIFIED.);
#13539=EDGE_CURVE('',#13521,#13513,#13538,.T.);
#13540=ORIENTED_EDGE('',*,*,#13539,.F.);
#13541=CARTESIAN_POINT('',(8.808144514,52.975698831,-1.726067781));
#13542=DIRECTION('',(0.,1.,-0.));
#13543=VECTOR('',#13542,0.4);
#13544=LINE('',#13541,#13543);
#13545=EDGE_CURVE('',#13521,#2199,#13544,.T.);
#13546=ORIENTED_EDGE('',*,*,#13545,.T.);
#13547=EDGE_LOOP('',(#13511,#13519,#13540,#13546));
#13548=FACE_BOUND('',#13547,.T.);
#13549=ADVANCED_FACE('',(#13548),#13510,.F.);
#13550=CARTESIAN_POINT('',(8.808144514,52.975698831,-0.57538335));
#13551=CARTESIAN_POINT('',(8.808144514,53.375698831,-0.57538335));
#13552=CARTESIAN_POINT('',(8.950610791,52.975698831,-0.57538335));
#13553=CARTESIAN_POINT('',(8.950610791,53.375698831,-0.57538335));
#13554=CARTESIAN_POINT('',(9.058829542,52.975698831,-0.606889992));
#13555=CARTESIAN_POINT('',(9.058829542,53.375698831,-0.606889992));
#13556=CARTESIAN_POINT('',(9.132801701,52.975698831,-0.669903278));
#13557=CARTESIAN_POINT('',(9.132801701,53.375698831,-0.669903278));
#13558=CARTESIAN_POINT('',(9.20677479,52.975698831,-0.732916563));
#13559=CARTESIAN_POINT('',(9.20677479,53.375698831,-0.732916563));
#13560=CARTESIAN_POINT('',(9.251980257,52.975698831,-0.800040706));
#13561=CARTESIAN_POINT('',(9.251980257,53.375698831,-0.800040706));
#13562=CARTESIAN_POINT('',(9.2684181,52.975698831,-0.871273845));
#13563=CARTESIAN_POINT('',(9.2684181,53.375698831,-0.871273845));
#13564=CARTESIAN_POINT('',(9.284857806,52.975698831,-0.942506983));
#13565=CARTESIAN_POINT('',(9.284857806,53.375698831,-0.942506983));
#13566=CARTESIAN_POINT('',(9.293075796,52.975698831,-1.035657867));
#13567=CARTESIAN_POINT('',(9.293075796,53.375698831,-1.035657867));
#13568=CARTESIAN_POINT('',(9.293075796,52.975698831,-1.150724634));
#13569=CARTESIAN_POINT('',(9.293075796,53.375698831,-1.150724634));
#13570=CARTESIAN_POINT('',(9.293075796,52.975698831,-1.265793263));
#13571=CARTESIAN_POINT('',(9.293075796,53.375698831,-1.265793263));
#13572=CARTESIAN_POINT('',(9.284857806,52.975698831,-1.358944147));
#13573=CARTESIAN_POINT('',(9.284857806,53.375698831,-1.358944147));
#13574=CARTESIAN_POINT('',(9.2684181,52.975698831,-1.430177286));
#13575=CARTESIAN_POINT('',(9.2684181,53.375698831,-1.430177286));
#13576=CARTESIAN_POINT('',(9.251980257,52.975698831,-1.501410424));
#13577=CARTESIAN_POINT('',(9.251980257,53.375698831,-1.501410424));
#13578=CARTESIAN_POINT('',(9.20677479,52.975698831,-1.568534567));
#13579=CARTESIAN_POINT('',(9.20677479,53.375698831,-1.568534567));
#13580=CARTESIAN_POINT('',(9.132801701,52.975698831,-1.631547853));
#13581=CARTESIAN_POINT('',(9.132801701,53.375698831,-1.631547853));
#13582=CARTESIAN_POINT('',(9.058829542,52.975698831,-1.694561138));
#13583=CARTESIAN_POINT('',(9.058829542,53.375698831,-1.694561138));
#13584=CARTESIAN_POINT('',(8.950610791,52.975698831,-1.726067781));
#13585=CARTESIAN_POINT('',(8.950610791,53.375698831,-1.726067781));
#13586=CARTESIAN_POINT('',(8.808144514,52.975698831,-1.726067781));
#13587=CARTESIAN_POINT('',(8.808144514,53.375698831,-1.726067781));
#13588=B_SPLINE_SURFACE_WITH_KNOTS('',3,1,((#13550,#13551),(#13552,#13553),(#13554,#13555),(#13556,#13557),(#13558,#13559),(#13560,#13561),(#13562,#13563),(#13564,#13565),(#13566,#13567),(#13568,#13569),(#13570,#13571),(#13572,#13573),(#13574,#13575),(#13576,#13577),(#13578,#13579),(#13580,#13581),(#13582,#13583),(#13584,#13585),(#13586,#13587)),.UNSPECIFIED.,.F.,.F.,.U.,(4,3,3,3,3,3,4),(2,2),(0.,0.084741782,0.169484183,0.254227069,0.338971327,0.4237151,0.508458254),(0.,1.),.UNSPECIFIED.);
#13589=ORIENTED_EDGE('',*,*,#2241,.T.);
#13590=ORIENTED_EDGE('',*,*,#13545,.F.);
#13591=CARTESIAN_POINT('',(8.808144514,52.975698831,-0.57538335));
#13592=CARTESIAN_POINT('',(8.950610791,52.975698831,-0.57538335));
#13593=CARTESIAN_POINT('',(9.058829542,52.975698831,-0.606889992));
#13594=CARTESIAN_POINT('',(9.132801701,52.975698831,-0.669903278));
#13595=CARTESIAN_POINT('',(9.20677479,52.975698831,-0.732916563));
#13596=CARTESIAN_POINT('',(9.251980257,52.975698831,-0.800040706));
#13597=CARTESIAN_POINT('',(9.2684181,52.975698831,-0.871273845));
#13598=CARTESIAN_POINT('',(9.284857806,52.975698831,-0.942506983));
#13599=CARTESIAN_POINT('',(9.293075796,52.975698831,-1.035657867));
#13600=CARTESIAN_POINT('',(9.293075796,52.975698831,-1.150724634));
#13601=CARTESIAN_POINT('',(9.293075796,52.975698831,-1.265793263));
#13602=CARTESIAN_POINT('',(9.284857806,52.975698831,-1.358944147));
#13603=CARTESIAN_POINT('',(9.2684181,52.975698831,-1.430177286));
#13604=CARTESIAN_POINT('',(9.251980257,52.975698831,-1.501410424));
#13605=CARTESIAN_POINT('',(9.20677479,52.975698831,-1.568534567));
#13606=CARTESIAN_POINT('',(9.132801701,52.975698831,-1.631547853));
#13607=CARTESIAN_POINT('',(9.058829542,52.975698831,-1.694561138));
#13608=CARTESIAN_POINT('',(8.950610791,52.975698831,-1.726067781));
#13609=CARTESIAN_POINT('',(8.808144514,52.975698831,-1.726067781));
#13610=B_SPLINE_CURVE_WITH_KNOTS('',3,(#13591,#13592,#13593,#13594,#13595,#13596,#13597,#13598,#13599,#13600,#13601,#13602,#13603,#13604,#13605,#13606,#13607,#13608,#13609),.UNSPECIFIED.,.F.,.F.,(4,3,3,3,3,3,4),(0.,0.084741782,0.169484183,0.254227069,0.338971327,0.4237151,0.508458254),.UNSPECIFIED.);
#13611=EDGE_CURVE('',#13513,#13521,#13610,.T.);
#13612=ORIENTED_EDGE('',*,*,#13611,.F.);
#13613=ORIENTED_EDGE('',*,*,#13518,.T.);
#13614=EDGE_LOOP('',(#13589,#13590,#13612,#13613));
#13615=FACE_BOUND('',#13614,.T.);
#13616=ADVANCED_FACE('',(#13615),#13588,.F.);
#13617=CARTESIAN_POINT('',(0.214993954,52.975698831,0.64516471));
#13618=DIRECTION('',(0.,1.,-0.));
#13619=DIRECTION('',(-1.,0.,0.));
#13620=AXIS2_PLACEMENT_3D('',#13617,#13618,#13619);
#13621=PLANE('',#13620);
#13622=ORIENTED_EDGE('',*,*,#13539,.T.);
#13623=ORIENTED_EDGE('',*,*,#13611,.T.);
#13624=EDGE_LOOP('',(#13622,#13623));
#13625=FACE_BOUND('',#13624,.T.);
#13626=ADVANCED_FACE('',(#13625),#13621,.T.);
#13627=CARTESIAN_POINT('',(0.132802088,52.975698831,1.076671139));
#13628=DIRECTION('',(0.,0.,1.));
#13629=DIRECTION('',(0.,-1.,0.));
#13630=AXIS2_PLACEMENT_3D('',#13627,#13628,#13629);
#13631=PLANE('',#13630);
#13632=CARTESIAN_POINT('',(-1.021993201,53.375698831,1.076671139));
#13633=VERTEX_POINT('',#13632);
#13634=CARTESIAN_POINT('',(1.287597377,53.375698831,1.076671139));
#13635=VERTEX_POINT('',#13634);
#13636=CARTESIAN_POINT('',(-1.021993201,53.375698831,1.076671139));
#13637=DIRECTION('',(1.,0.,-0.));
#13638=VECTOR('',#13637,2.309590578);
#13639=LINE('',#13636,#13638);
#13640=EDGE_CURVE('',#13633,#13635,#13639,.T.);
#13641=ORIENTED_EDGE('',*,*,#13640,.T.);
#13642=CARTESIAN_POINT('',(1.287597377,52.975698831,1.076671139));
#13643=VERTEX_POINT('',#13642);
#13644=CARTESIAN_POINT('',(1.287597377,52.975698831,1.076671139));
#13645=DIRECTION('',(0.,1.,-0.));
#13646=VECTOR('',#13645,0.4);
#13647=LINE('',#13644,#13646);
#13648=EDGE_CURVE('',#13643,#13635,#13647,.T.);
#13649=ORIENTED_EDGE('',*,*,#13648,.F.);
#13650=CARTESIAN_POINT('',(-1.021993201,52.975698831,1.076671139));
#13651=VERTEX_POINT('',#13650);
#13652=CARTESIAN_POINT('',(-1.021993201,52.975698831,1.076671139));
#13653=DIRECTION('',(1.,0.,-0.));
#13654=VECTOR('',#13653,2.309590578);
#13655=LINE('',#13652,#13654);
#13656=EDGE_CURVE('',#13651,#13643,#13655,.T.);
#13657=ORIENTED_EDGE('',*,*,#13656,.F.);
#13658=CARTESIAN_POINT('',(-1.021993201,52.975698831,1.076671139));
#13659=DIRECTION('',(0.,1.,-0.));
#13660=VECTOR('',#13659,0.4);
#13661=LINE('',#13658,#13660);
#13662=EDGE_CURVE('',#13651,#13633,#13661,.T.);
#13663=ORIENTED_EDGE('',*,*,#13662,.T.);
#13664=EDGE_LOOP('',(#13641,#13649,#13657,#13663));
#13665=FACE_BOUND('',#13664,.T.);
#13666=ADVANCED_FACE('',(#13665),#13631,.F.);
#13667=CARTESIAN_POINT('',(-1.342541393,52.975698831,2.662974254));
#13668=CARTESIAN_POINT('',(-1.342541393,53.375698831,2.662974254));
#13669=CARTESIAN_POINT('',(-1.205553155,52.975698831,2.805438668));
#13670=CARTESIAN_POINT('',(-1.205553155,53.375698831,2.805438668));
#13671=CARTESIAN_POINT('',(-1.013771485,52.975698831,2.923247249));
#13672=CARTESIAN_POINT('',(-1.013771485,53.375698831,2.923247249));
#13673=CARTESIAN_POINT('',(-0.767196383,52.975698831,3.016398133));
#13674=CARTESIAN_POINT('',(-0.767196383,53.375698831,3.016398133));
#13675=CARTESIAN_POINT('',(-0.520621281,52.975698831,3.109549017));
#13676=CARTESIAN_POINT('',(-0.520621281,53.375698831,3.109549017));
#13677=CARTESIAN_POINT('',(-0.224730786,52.975698831,3.156124458));
#13678=CARTESIAN_POINT('',(-0.224730786,53.375698831,3.156124458));
#13679=CARTESIAN_POINT('',(0.12047324,52.975698831,3.156124458));
#13680=CARTESIAN_POINT('',(0.12047324,53.375698831,3.156124458));
#13681=CARTESIAN_POINT('',(0.465680991,52.975698831,3.156124458));
#13682=CARTESIAN_POINT('',(0.465680991,53.375698831,3.156124458));
#13683=CARTESIAN_POINT('',(0.76294053,52.975698831,3.109549017));
#13684=CARTESIAN_POINT('',(0.76294053,53.375698831,3.109549017));
#13685=CARTESIAN_POINT('',(1.012253721,52.975698831,3.016398133));
#13686=CARTESIAN_POINT('',(1.012253721,53.375698831,3.016398133));
#13687=CARTESIAN_POINT('',(1.261570636,52.975698831,2.923247249));
#13688=CARTESIAN_POINT('',(1.261570636,53.375698831,2.923247249));
#13689=CARTESIAN_POINT('',(1.456090395,52.975698831,2.805438668));
#13690=CARTESIAN_POINT('',(1.456090395,53.375698831,2.805438668));
#13691=CARTESIAN_POINT('',(1.595814858,52.975698831,2.662974254));
#13692=CARTESIAN_POINT('',(1.595814858,53.375698831,2.662974254));
#13693=CARTESIAN_POINT('',(1.735543046,52.975698831,2.520507977));
#13694=CARTESIAN_POINT('',(1.735543046,53.375698831,2.520507977));
#13695=CARTESIAN_POINT('',(1.846502681,52.975698831,2.334206209));
#13696=CARTESIAN_POINT('',(1.846502681,53.375698831,2.334206209));
#13697=CARTESIAN_POINT('',(1.928691898,52.975698831,2.104068951));
#13698=CARTESIAN_POINT('',(1.928691898,53.375698831,2.104068951));
#13699=B_SPLINE_SURFACE_WITH_KNOTS('',3,1,((#13667,#13668),(#13669,#13670),(#13671,#13672),(#13673,#13674),(#13675,#13676),(#13677,#13678),(#13679,#13680),(#13681,#13682),(#13683,#13684),(#13685,#13686),(#13687,#13688),(#13689,#13690),(#13691,#13692),(#13693,#13694),(#13695,#13696),(#13697,#13698)),.UNSPECIFIED.,.F.,.F.,.U.,(4,3,3,3,3,4),(2,2),(0.143360301,0.191147398,0.238934495,0.286722107,0.334510346,0.382299529),(0.,1.),.UNSPECIFIED.);
#13700=ORIENTED_EDGE('',*,*,#2097,.T.);
#13701=CARTESIAN_POINT('',(1.928691898,52.975698831,2.104068951));
#13702=VERTEX_POINT('',#13701);
#13703=CARTESIAN_POINT('',(1.928691898,52.975698831,2.104068951));
#13704=DIRECTION('',(0.,1.,-0.));
#13705=VECTOR('',#13704,0.4);
#13706=LINE('',#13703,#13705);
#13707=EDGE_CURVE('',#13702,#2079,#13706,.T.);
#13708=ORIENTED_EDGE('',*,*,#13707,.F.);
#13709=CARTESIAN_POINT('',(-1.342541393,52.975698831,2.662974254));
#13710=VERTEX_POINT('',#13709);
#13711=CARTESIAN_POINT('',(-1.342541393,52.975698831,2.662974254));
#13712=CARTESIAN_POINT('',(-1.205553155,52.975698831,2.805438668));
#13713=CARTESIAN_POINT('',(-1.013771485,52.975698831,2.923247249));
#13714=CARTESIAN_POINT('',(-0.767196383,52.975698831,3.016398133));
#13715=CARTESIAN_POINT('',(-0.520621281,52.975698831,3.109549017));
#13716=CARTESIAN_POINT('',(-0.224730786,52.975698831,3.156124458));
#13717=CARTESIAN_POINT('',(0.12047324,52.975698831,3.156124458));
#13718=CARTESIAN_POINT('',(0.465680991,52.975698831,3.156124458));
#13719=CARTESIAN_POINT('',(0.76294053,52.975698831,3.109549017));
#13720=CARTESIAN_POINT('',(1.012253721,52.975698831,3.016398133));
#13721=CARTESIAN_POINT('',(1.261570636,52.975698831,2.923247249));
#13722=CARTESIAN_POINT('',(1.456090395,52.975698831,2.805438668));
#13723=CARTESIAN_POINT('',(1.595814858,52.975698831,2.662974254));
#13724=CARTESIAN_POINT('',(1.735543046,52.975698831,2.520507977));
#13725=CARTESIAN_POINT('',(1.846502681,52.975698831,2.334206209));
#13726=CARTESIAN_POINT('',(1.928691898,52.975698831,2.104068951));
#13727=B_SPLINE_CURVE_WITH_KNOTS('',3,(#13711,#13712,#13713,#13714,#13715,#13716,#13717,#13718,#13719,#13720,#13721,#13722,#13723,#13724,#13725,#13726),.UNSPECIFIED.,.F.,.F.,(4,3,3,3,3,4),(0.143360301,0.191147398,0.238934495,0.286722107,0.334510346,0.382299529),.UNSPECIFIED.);
#13728=EDGE_CURVE('',#13710,#13702,#13727,.T.);
#13729=ORIENTED_EDGE('',*,*,#13728,.F.);
#13730=CARTESIAN_POINT('',(-1.342541393,52.975698831,2.662974254));
#13731=DIRECTION('',(0.,1.,-0.));
#13732=VECTOR('',#13731,0.4);
#13733=LINE('',#13730,#13732);
#13734=EDGE_CURVE('',#13710,#2077,#13733,.T.);
#13735=ORIENTED_EDGE('',*,*,#13734,.T.);
#13736=EDGE_LOOP('',(#13700,#13708,#13729,#13735));
#13737=FACE_BOUND('',#13736,.T.);
#13738=ADVANCED_FACE('',(#13737),#13699,.F.);
#13739=CARTESIAN_POINT('',(1.928691898,52.975698831,2.104068951));
#13740=CARTESIAN_POINT('',(1.928691898,53.375698831,2.104068951));
#13741=CARTESIAN_POINT('',(2.01088484,52.975698831,1.873931692));
#13742=CARTESIAN_POINT('',(2.01088484,53.375698831,1.873931692));
#13743=CARTESIAN_POINT('',(2.062940184,52.975698831,1.65338333));
#13744=CARTESIAN_POINT('',(2.062940184,53.375698831,1.65338333));
#13745=CARTESIAN_POINT('',(2.084856067,52.975698831,1.442425729));
#13746=CARTESIAN_POINT('',(2.084856067,53.375698831,1.442425729));
#13747=CARTESIAN_POINT('',(2.106773813,52.975698831,1.231466264));
#13748=CARTESIAN_POINT('',(2.106773813,53.375698831,1.231466264));
#13749=CARTESIAN_POINT('',(2.117733617,52.975698831,0.980782167));
#13750=CARTESIAN_POINT('',(2.117733617,53.375698831,0.980782167));
#13751=CARTESIAN_POINT('',(2.117733617,52.975698831,0.690369711));
#13752=CARTESIAN_POINT('',(2.117733617,53.375698831,0.690369711));
#13753=CARTESIAN_POINT('',(2.117733617,52.975698831,0.268452645));
#13754=CARTESIAN_POINT('',(2.117733617,53.375698831,0.268452645));
#13755=CARTESIAN_POINT('',(2.088965062,52.975698831,-0.08634214));
#13756=CARTESIAN_POINT('',(2.088965062,53.375698831,-0.08634214));
#13757=CARTESIAN_POINT('',(2.031431679,52.975698831,-0.374012782));
#13758=CARTESIAN_POINT('',(2.031431679,53.375698831,-0.374012782));
#13759=CARTESIAN_POINT('',(1.973898296,52.975698831,-0.661685287));
#13760=CARTESIAN_POINT('',(1.973898296,53.375698831,-0.661685287));
#13761=CARTESIAN_POINT('',(1.872527559,52.975698831,-0.915109336));
#13762=CARTESIAN_POINT('',(1.872527559,53.375698831,-0.915109336));
#13763=CARTESIAN_POINT('',(1.727323193,52.975698831,-1.13428679));
#13764=CARTESIAN_POINT('',(1.727323193,53.375698831,-1.13428679));
#13765=CARTESIAN_POINT('',(1.582118828,52.975698831,-1.353466108));
#13766=CARTESIAN_POINT('',(1.582118828,53.375698831,-1.353466108));
#13767=CARTESIAN_POINT('',(1.375268359,52.975698831,-1.515108316));
#13768=CARTESIAN_POINT('',(1.375268359,53.375698831,-1.515108316));
#13769=CARTESIAN_POINT('',(1.106775511,52.975698831,-1.619219004));
#13770=CARTESIAN_POINT('',(1.106775511,53.375698831,-1.619219004));
#13771=CARTESIAN_POINT('',(0.838280801,52.975698831,-1.72332783));
#13772=CARTESIAN_POINT('',(0.838280801,53.375698831,-1.72332783));
#13773=CARTESIAN_POINT('',(0.498554815,52.975698831,-1.775383174));
#13774=CARTESIAN_POINT('',(0.498554815,53.375698831,-1.775383174));
#13775=CARTESIAN_POINT('',(0.08759569,52.975698831,-1.775383174));
#13776=CARTESIAN_POINT('',(0.08759569,53.375698831,-1.775383174));
#13777=CARTESIAN_POINT('',(-0.274046179,52.975698831,-1.775383174));
#13778=CARTESIAN_POINT('',(-0.274046179,53.375698831,-1.775383174));
#13779=CARTESIAN_POINT('',(-0.578156527,52.975698831,-1.735656678));
#13780=CARTESIAN_POINT('',(-0.578156527,53.375698831,-1.735656678));
#13781=CARTESIAN_POINT('',(-0.824731629,52.975698831,-1.656205549));
#13782=CARTESIAN_POINT('',(-0.824731629,53.375698831,-1.656205549));
#13783=CARTESIAN_POINT('',(-1.071306731,52.975698831,-1.576752558));
#13784=CARTESIAN_POINT('',(-1.071306731,53.375698831,-1.576752558));
#13785=CARTESIAN_POINT('',(-1.257608499,52.975698831,-1.458943977));
#13786=CARTESIAN_POINT('',(-1.257608499,53.375698831,-1.458943977));
#13787=CARTESIAN_POINT('',(-1.38363507,52.975698831,-1.302779808));
#13788=CARTESIAN_POINT('',(-1.38363507,53.375698831,-1.302779808));
#13789=CARTESIAN_POINT('',(-1.509663503,52.975698831,-1.146615639));
#13790=CARTESIAN_POINT('',(-1.509663503,53.375698831,-1.146615639));
#13791=CARTESIAN_POINT('',(-1.600074436,52.975698831,-0.984971567));
#13792=CARTESIAN_POINT('',(-1.600074436,53.375698831,-0.984971567));
#13793=CARTESIAN_POINT('',(-1.654867869,52.975698831,-0.817849457));
#13794=CARTESIAN_POINT('',(-1.654867869,53.375698831,-0.817849457));
#13795=CARTESIAN_POINT('',(-1.709663164,52.975698831,-0.650725483));
#13796=CARTESIAN_POINT('',(-1.709663164,53.375698831,-0.650725483));
#13797=CARTESIAN_POINT('',(-1.748018753,52.975698831,-0.449354916));
#13798=CARTESIAN_POINT('',(-1.748018753,53.375698831,-0.449354916));
#13799=CARTESIAN_POINT('',(-1.769938361,52.975698831,-0.213739618));
#13800=CARTESIAN_POINT('',(-1.769938361,53.375698831,-0.213739618));
#13801=B_SPLINE_SURFACE_WITH_KNOTS('',3,1,((#13739,#13740),(#13741,#13742),(#13743,#13744),(#13745,#13746),(#13747,#13748),(#13749,#13750),(#13751,#13752),(#13753,#13754),(#13755,#13756),(#13757,#13758),(#13759,#13760),(#13761,#13762),(#13763,#13764),(#13765,#13766),(#13767,#13768),(#13769,#13770),(#13771,#13772),(#13773,#13774),(#13775,#13776),(#13777,#13778),(#13779,#13780),(#13781,#13782),(#13783,#13784),(#13785,#13786),(#13787,#13788),(#13789,#13790),
(#13791,#13792),(#13793,#13794),(#13795,#13796),(#13797,#13798),(#13799,#13800)),.UNSPECIFIED.,.F.,.F.,.U.,(4,3,3,3,3,3,3,3,3,3,4),(2,2),(0.382299529,0.430088956,0.477878844,0.547308956,0.6167395,0.686170455,0.755601665,0.816700766,0.877800001,0.938899592,1.),(0.,1.),.UNSPECIFIED.);
#13802=ORIENTED_EDGE('',*,*,#2194,.T.);
#13803=CARTESIAN_POINT('',(-1.769938361,52.975698831,-0.213739618));
#13804=VERTEX_POINT('',#13803);
#13805=CARTESIAN_POINT('',(-1.769938361,52.975698831,-0.213739618));
#13806=DIRECTION('',(0.,1.,-0.));
#13807=VECTOR('',#13806,0.4);
#13808=LINE('',#13805,#13807);
#13809=EDGE_CURVE('',#13804,#2155,#13808,.T.);
#13810=ORIENTED_EDGE('',*,*,#13809,.F.);
#13811=CARTESIAN_POINT('',(1.928691898,52.975698831,2.104068951));
#13812=CARTESIAN_POINT('',(2.01088484,52.975698831,1.873931692));
#13813=CARTESIAN_POINT('',(2.062940184,52.975698831,1.65338333));
#13814=CARTESIAN_POINT('',(2.084856067,52.975698831,1.442425729));
#13815=CARTESIAN_POINT('',(2.106773813,52.975698831,1.231466264));
#13816=CARTESIAN_POINT('',(2.117733617,52.975698831,0.980782167));
#13817=CARTESIAN_POINT('',(2.117733617,52.975698831,0.690369711));
#13818=CARTESIAN_POINT('',(2.117733617,52.975698831,0.268452645));
#13819=CARTESIAN_POINT('',(2.088965062,52.975698831,-0.08634214));
#13820=CARTESIAN_POINT('',(2.031431679,52.975698831,-0.374012782));
#13821=CARTESIAN_POINT('',(1.973898296,52.975698831,-0.661685287));
#13822=CARTESIAN_POINT('',(1.872527559,52.975698831,-0.915109336));
#13823=CARTESIAN_POINT('',(1.727323193,52.975698831,-1.13428679));
#13824=CARTESIAN_POINT('',(1.582118828,52.975698831,-1.353466108));
#13825=CARTESIAN_POINT('',(1.375268359,52.975698831,-1.515108316));
#13826=CARTESIAN_POINT('',(1.106775511,52.975698831,-1.619219004));
#13827=CARTESIAN_POINT('',(0.838280801,52.975698831,-1.72332783));
#13828=CARTESIAN_POINT('',(0.498554815,52.975698831,-1.775383174));
#13829=CARTESIAN_POINT('',(0.08759569,52.975698831,-1.775383174));
#13830=CARTESIAN_POINT('',(-0.274046179,52.975698831,-1.775383174));
#13831=CARTESIAN_POINT('',(-0.578156527,52.975698831,-1.735656678));
#13832=CARTESIAN_POINT('',(-0.824731629,52.975698831,-1.656205549));
#13833=CARTESIAN_POINT('',(-1.071306731,52.975698831,-1.576752558));
#13834=CARTESIAN_POINT('',(-1.257608499,52.975698831,-1.458943977));
#13835=CARTESIAN_POINT('',(-1.38363507,52.975698831,-1.302779808));
#13836=CARTESIAN_POINT('',(-1.509663503,52.975698831,-1.146615639));
#13837=CARTESIAN_POINT('',(-1.600074436,52.975698831,-0.984971567));
#13838=CARTESIAN_POINT('',(-1.654867869,52.975698831,-0.817849457));
#13839=CARTESIAN_POINT('',(-1.709663164,52.975698831,-0.650725483));
#13840=CARTESIAN_POINT('',(-1.748018753,52.975698831,-0.449354916));
#13841=CARTESIAN_POINT('',(-1.769938361,52.975698831,-0.213739618));
#13842=B_SPLINE_CURVE_WITH_KNOTS('',3,(#13811,#13812,#13813,#13814,#13815,#13816,#13817,#13818,#13819,#13820,#13821,#13822,#13823,#13824,#13825,#13826,#13827,#13828,#13829,#13830,#13831,#13832,#13833,#13834,#13835,#13836,
#13837,#13838,#13839,#13840,#13841),.UNSPECIFIED.,.F.,.F.,(4,3,3,3,3,3,3,3,3,3,4),(0.382299529,0.430088956,0.477878844,0.547308956,0.6167395,0.686170455,0.755601665,0.816700766,0.877800001,0.938899592,1.),.UNSPECIFIED.);
#13843=EDGE_CURVE('',#13702,#13804,#13842,.T.);
#13844=ORIENTED_EDGE('',*,*,#13843,.F.);
#13845=ORIENTED_EDGE('',*,*,#13707,.T.);
#13846=EDGE_LOOP('',(#13802,#13810,#13844,#13845));
#13847=FACE_BOUND('',#13846,.T.);
#13848=ADVANCED_FACE('',(#13847),#13801,.F.);
#13849=CARTESIAN_POINT('',(-1.428841468,52.975698831,-0.197300843));
#13850=DIRECTION('',(-0.048137985,0.,0.998840695));
#13851=DIRECTION('',(0.998840695,0.,0.048137985));
#13852=AXIS2_PLACEMENT_3D('',#13849,#13850,#13851);
#13853=PLANE('',#13852);
#13854=ORIENTED_EDGE('',*,*,#2160,.T.);
#13855=CARTESIAN_POINT('',(-1.087744575,52.975698831,-0.180862068));
#13856=VERTEX_POINT('',#13855);
#13857=CARTESIAN_POINT('',(-1.087744575,52.975698831,-0.180862068));
#13858=DIRECTION('',(0.,1.,-0.));
#13859=VECTOR('',#13858,0.4);
#13860=LINE('',#13857,#13859);
#13861=EDGE_CURVE('',#13856,#2137,#13860,.T.);
#13862=ORIENTED_EDGE('',*,*,#13861,.F.);
#13863=CARTESIAN_POINT('',(-1.769938361,52.975698831,-0.213739618));
#13864=DIRECTION('',(0.998840695,0.,0.048137985));
#13865=VECTOR('',#13864,0.682985574);
#13866=LINE('',#13863,#13865);
#13867=EDGE_CURVE('',#13804,#13856,#13866,.T.);
#13868=ORIENTED_EDGE('',*,*,#13867,.F.);
#13869=ORIENTED_EDGE('',*,*,#13809,.T.);
#13870=EDGE_LOOP('',(#13854,#13862,#13868,#13869));
#13871=FACE_BOUND('',#13870,.T.);
#13872=ADVANCED_FACE('',(#13871),#13853,.F.);
#13873=CARTESIAN_POINT('',(-1.087744575,52.975698831,-0.180862068));
#13874=CARTESIAN_POINT('',(-1.087744575,53.375698831,-0.180862068));
#13875=CARTESIAN_POINT('',(-1.065826829,52.975698831,-0.487712368));
#13876=CARTESIAN_POINT('',(-1.065826829,53.375698831,-0.487712368));
#13877=CARTESIAN_POINT('',(-0.97404499,52.975698831,-0.720587715));
#13878=CARTESIAN_POINT('',(-0.97404499,53.375698831,-0.720587715));
#13879=CARTESIAN_POINT('',(-0.812402781,52.975698831,-0.879491835));
#13880=CARTESIAN_POINT('',(-0.812402781,53.375698831,-0.879491835));
#13881=CARTESIAN_POINT('',(-0.650756847,52.975698831,-1.038395955));
#13882=CARTESIAN_POINT('',(-0.650756847,53.375698831,-1.038395955));
#13883=CARTESIAN_POINT('',(-0.356237259,52.975698831,-1.117848947));
#13884=CARTESIAN_POINT('',(-0.356237259,53.375698831,-1.117848947));
#13885=CARTESIAN_POINT('',(0.071159709,52.975698831,-1.117848947));
#13886=CARTESIAN_POINT('',(0.071159709,53.375698831,-1.117848947));
#13887=CARTESIAN_POINT('',(0.542390306,52.975698831,-1.117848947));
#13888=CARTESIAN_POINT('',(0.542390306,53.375698831,-1.117848947));
#13889=CARTESIAN_POINT('',(0.861569453,52.975698831,-0.998671322));
#13890=CARTESIAN_POINT('',(0.861569453,53.375698831,-0.998671322));
#13891=CARTESIAN_POINT('',(1.028691564,52.975698831,-0.760314211));
#13892=CARTESIAN_POINT('',(1.028691564,53.375698831,-0.760314211));
#13893=CARTESIAN_POINT('',(1.195815537,52.975698831,-0.521958961));
#13894=CARTESIAN_POINT('',(1.195815537,53.375698831,-0.521958961));
#13895=CARTESIAN_POINT('',(1.284857426,52.975698831,-0.10962893));
#13896=CARTESIAN_POINT('',(1.284857426,53.375698831,-0.10962893));
#13897=CARTESIAN_POINT('',(1.295815367,52.975698831,0.476672158));
#13898=CARTESIAN_POINT('',(1.295815367,53.375698831,0.476672158));
#13899=B_SPLINE_SURFACE_WITH_KNOTS('',3,1,((#13873,#13874),(#13875,#13876),(#13877,#13878),(#13879,#13880),(#13881,#13882),(#13883,#13884),(#13885,#13886),(#13887,#13888),(#13889,#13890),(#13891,#13892),(#13893,#13894),(#13895,#13896),(#13897,#13898)),.UNSPECIFIED.,.F.,.F.,.U.,(4,3,3,3,4),(2,2),(0.,0.23780337,0.475609526,0.737804968,1.),(0.,1.),.UNSPECIFIED.);
#13900=ORIENTED_EDGE('',*,*,#2152,.T.);
#13901=CARTESIAN_POINT('',(1.295815367,52.975698831,0.476672158));
#13902=VERTEX_POINT('',#13901);
#13903=CARTESIAN_POINT('',(1.295815367,52.975698831,0.476672158));
#13904=DIRECTION('',(0.,1.,-0.));
#13905=VECTOR('',#13904,0.4);
#13906=LINE('',#13903,#13905);
#13907=EDGE_CURVE('',#13902,#2129,#13906,.T.);
#13908=ORIENTED_EDGE('',*,*,#13907,.F.);
#13909=CARTESIAN_POINT('',(-1.087744575,52.975698831,-0.180862068));
#13910=CARTESIAN_POINT('',(-1.065826829,52.975698831,-0.487712368));
#13911=CARTESIAN_POINT('',(-0.97404499,52.975698831,-0.720587715));
#13912=CARTESIAN_POINT('',(-0.812402781,52.975698831,-0.879491835));
#13913=CARTESIAN_POINT('',(-0.650756847,52.975698831,-1.038395955));
#13914=CARTESIAN_POINT('',(-0.356237259,52.975698831,-1.117848947));
#13915=CARTESIAN_POINT('',(0.071159709,52.975698831,-1.117848947));
#13916=CARTESIAN_POINT('',(0.542390306,52.975698831,-1.117848947));
#13917=CARTESIAN_POINT('',(0.861569453,52.975698831,-0.998671322));
#13918=CARTESIAN_POINT('',(1.028691564,52.975698831,-0.760314211));
#13919=CARTESIAN_POINT('',(1.195815537,52.975698831,-0.521958961));
#13920=CARTESIAN_POINT('',(1.284857426,52.975698831,-0.10962893));
#13921=CARTESIAN_POINT('',(1.295815367,52.975698831,0.476672158));
#13922=B_SPLINE_CURVE_WITH_KNOTS('',3,(#13909,#13910,#13911,#13912,#13913,#13914,#13915,#13916,#13917,#13918,#13919,#13920,#13921),.UNSPECIFIED.,.F.,.F.,(4,3,3,3,4),(0.,0.23780337,0.475609526,0.737804968,1.),.UNSPECIFIED.);
#13923=EDGE_CURVE('',#13856,#13902,#13922,.T.);
#13924=ORIENTED_EDGE('',*,*,#13923,.F.);
#13925=ORIENTED_EDGE('',*,*,#13861,.T.);
#13926=EDGE_LOOP('',(#13900,#13908,#13924,#13925));
#13927=FACE_BOUND('',#13926,.T.);
#13928=ADVANCED_FACE('',(#13927),#13899,.F.);
#13929=CARTESIAN_POINT('',(-0.27404711,52.975698831,0.476672158));
#13930=DIRECTION('',(0.,-0.,-1.));
#13931=DIRECTION('',(0.,1.,-0.));
#13932=AXIS2_PLACEMENT_3D('',#13929,#13930,#13931);
#13933=PLANE('',#13932);
#13934=ORIENTED_EDGE('',*,*,#2134,.T.);
#13935=CARTESIAN_POINT('',(-1.843909587,52.975698831,0.476672158));
#13936=VERTEX_POINT('',#13935);
#13937=CARTESIAN_POINT('',(-1.843909587,52.975698831,0.476672158));
#13938=DIRECTION('',(0.,1.,-0.));
#13939=VECTOR('',#13938,0.4);
#13940=LINE('',#13937,#13939);
#13941=EDGE_CURVE('',#13936,#2121,#13940,.T.);
#13942=ORIENTED_EDGE('',*,*,#13941,.F.);
#13943=CARTESIAN_POINT('',(1.295815367,52.975698831,0.476672158));
#13944=DIRECTION('',(-1.,0.,0.));
#13945=VECTOR('',#13944,3.139724955);
#13946=LINE('',#13943,#13945);
#13947=EDGE_CURVE('',#13902,#13936,#13946,.T.);
#13948=ORIENTED_EDGE('',*,*,#13947,.F.);
#13949=ORIENTED_EDGE('',*,*,#13907,.T.);
#13950=EDGE_LOOP('',(#13934,#13942,#13948,#13949));
#13951=FACE_BOUND('',#13950,.T.);
#13952=ADVANCED_FACE('',(#13951),#13933,.F.);
#13953=CARTESIAN_POINT('',(-1.843909587,52.975698831,0.583520935));
#13954=DIRECTION('',(-1.,0.,0.));
#13955=DIRECTION('',(0.,0.,1.));
#13956=AXIS2_PLACEMENT_3D('',#13953,#13954,#13955);
#13957=PLANE('',#13956);
#13958=ORIENTED_EDGE('',*,*,#2126,.T.);
#13959=CARTESIAN_POINT('',(-1.843909587,52.975698831,0.690369711));
#13960=VERTEX_POINT('',#13959);
#13961=CARTESIAN_POINT('',(-1.843909587,52.975698831,0.690369711));
#13962=DIRECTION('',(0.,1.,-0.));
#13963=VECTOR('',#13962,0.4);
#13964=LINE('',#13961,#13963);
#13965=EDGE_CURVE('',#13960,#2109,#13964,.T.);
#13966=ORIENTED_EDGE('',*,*,#13965,.F.);
#13967=CARTESIAN_POINT('',(-1.843909587,52.975698831,0.476672158));
#13968=DIRECTION('',(0.,0.,1.));
#13969=VECTOR('',#13968,0.213697553);
#13970=LINE('',#13967,#13969);
#13971=EDGE_CURVE('',#13936,#13960,#13970,.T.);
#13972=ORIENTED_EDGE('',*,*,#13971,.F.);
#13973=ORIENTED_EDGE('',*,*,#13941,.T.);
#13974=EDGE_LOOP('',(#13958,#13966,#13972,#13973));
#13975=FACE_BOUND('',#13974,.T.);
#13976=ADVANCED_FACE('',(#13975),#13957,.F.);
#13977=CARTESIAN_POINT('',(-1.843909587,52.975698831,0.690369711));
#13978=CARTESIAN_POINT('',(-1.843909587,53.375698831,0.690369711));
#13979=CARTESIAN_POINT('',(-1.843909587,52.975698831,0.980782167));
#13980=CARTESIAN_POINT('',(-1.843909587,53.375698831,0.980782167));
#13981=CARTESIAN_POINT('',(-1.832949783,52.975698831,1.231466264));
#13982=CARTESIAN_POINT('',(-1.832949783,53.375698831,1.231466264));
#13983=CARTESIAN_POINT('',(-1.811033901,52.975698831,1.442425729));
#13984=CARTESIAN_POINT('',(-1.811033901,53.375698831,1.442425729));
#13985=CARTESIAN_POINT('',(-1.789116155,52.975698831,1.65338333));
#13986=CARTESIAN_POINT('',(-1.789116155,53.375698831,1.65338333));
#13987=CARTESIAN_POINT('',(-1.739800762,52.975698831,1.873931692));
#13988=CARTESIAN_POINT('',(-1.739800762,53.375698831,1.873931692));
#13989=CARTESIAN_POINT('',(-1.663089584,52.975698831,2.104068951));
#13990=CARTESIAN_POINT('',(-1.663089584,53.375698831,2.104068951));
#13991=B_SPLINE_SURFACE_WITH_KNOTS('',3,1,((#13977,#13978),(#13979,#13980),(#13981,#13982),(#13983,#13984),(#13985,#13986),(#13987,#13988),(#13989,#13990)),.UNSPECIFIED.,.F.,.F.,.U.,(4,3,4),(2,2),(0.,0.047786939,0.095573504),(0.,1.),.UNSPECIFIED.);
#13992=ORIENTED_EDGE('',*,*,#2118,.T.);
#13993=CARTESIAN_POINT('',(-1.663089584,52.975698831,2.104068951));
#13994=VERTEX_POINT('',#13993);
#13995=CARTESIAN_POINT('',(-1.663089584,52.975698831,2.104068951));
#13996=DIRECTION('',(0.,1.,-0.));
#13997=VECTOR('',#13996,0.4);
#13998=LINE('',#13995,#13997);
#13999=EDGE_CURVE('',#13994,#2100,#13998,.T.);
#14000=ORIENTED_EDGE('',*,*,#13999,.F.);
#14001=CARTESIAN_POINT('',(-1.843909587,52.975698831,0.690369711));
#14002=CARTESIAN_POINT('',(-1.843909587,52.975698831,0.980782167));
#14003=CARTESIAN_POINT('',(-1.832949783,52.975698831,1.231466264));
#14004=CARTESIAN_POINT('',(-1.811033901,52.975698831,1.442425729));
#14005=CARTESIAN_POINT('',(-1.789116155,52.975698831,1.65338333));
#14006=CARTESIAN_POINT('',(-1.739800762,52.975698831,1.873931692));
#14007=CARTESIAN_POINT('',(-1.663089584,52.975698831,2.104068951));
#14008=B_SPLINE_CURVE_WITH_KNOTS('',3,(#14001,#14002,#14003,#14004,#14005,#14006,#14007),.UNSPECIFIED.,.F.,.F.,(4,3,4),(0.,0.047786939,0.095573504),.UNSPECIFIED.);
#14009=EDGE_CURVE('',#13960,#13994,#14008,.T.);
#14010=ORIENTED_EDGE('',*,*,#14009,.F.);
#14011=ORIENTED_EDGE('',*,*,#13965,.T.);
#14012=EDGE_LOOP('',(#13992,#14000,#14010,#14011));
#14013=FACE_BOUND('',#14012,.T.);
#14014=ADVANCED_FACE('',(#14013),#13991,.F.);
#14015=CARTESIAN_POINT('',(-1.663089584,52.975698831,2.104068951));
#14016=CARTESIAN_POINT('',(-1.663089584,53.375698831,2.104068951));
#14017=CARTESIAN_POINT('',(-1.586374681,52.975698831,2.334206209));
#14018=CARTESIAN_POINT('',(-1.586374681,53.375698831,2.334206209));
#14019=CARTESIAN_POINT('',(-1.479525905,52.975698831,2.520507977));
#14020=CARTESIAN_POINT('',(-1.479525905,53.375698831,2.520507977));
#14021=CARTESIAN_POINT('',(-1.342541393,52.975698831,2.662974254));
#14022=CARTESIAN_POINT('',(-1.342541393,53.375698831,2.662974254));
#14023=B_SPLINE_SURFACE_WITH_KNOTS('',3,1,((#14015,#14016),(#14017,#14018),(#14019,#14020),(#14021,#14022)),.UNSPECIFIED.,.F.,.F.,.U.,(4,4),(2,2),(0.095573504,0.143360301),(0.,1.),.UNSPECIFIED.);
#14024=ORIENTED_EDGE('',*,*,#2106,.T.);
#14025=ORIENTED_EDGE('',*,*,#13734,.F.);
#14026=CARTESIAN_POINT('',(-1.663089584,52.975698831,2.104068951));
#14027=CARTESIAN_POINT('',(-1.586374681,52.975698831,2.334206209));
#14028=CARTESIAN_POINT('',(-1.479525905,52.975698831,2.520507977));
#14029=CARTESIAN_POINT('',(-1.342541393,52.975698831,2.662974254));
#14030=B_SPLINE_CURVE_WITH_KNOTS('',3,(#14026,#14027,#14028,#14029),.UNSPECIFIED.,.F.,.F.,(4,4),(0.095573504,0.143360301),.UNSPECIFIED.);
#14031=EDGE_CURVE('',#13994,#13710,#14030,.T.);
#14032=ORIENTED_EDGE('',*,*,#14031,.F.);
#14033=ORIENTED_EDGE('',*,*,#13999,.T.);
#14034=EDGE_LOOP('',(#14024,#14025,#14032,#14033));
#14035=FACE_BOUND('',#14034,.T.);
#14036=ADVANCED_FACE('',(#14035),#14023,.F.);
#14037=CARTESIAN_POINT('',(1.287597377,52.975698831,1.076671139));
#14038=CARTESIAN_POINT('',(1.287597377,53.375698831,1.076671139));
#14039=CARTESIAN_POINT('',(1.271159534,52.975698831,1.5533835));
#14040=CARTESIAN_POINT('',(1.271159534,53.375698831,1.5533835));
#14041=CARTESIAN_POINT('',(1.182117645,52.975698831,1.909549192));
#14042=CARTESIAN_POINT('',(1.182117645,53.375698831,1.909549192));
#14043=CARTESIAN_POINT('',(1.020473574,52.975698831,2.14516449));
#14044=CARTESIAN_POINT('',(1.020473574,53.375698831,2.14516449));
#14045=CARTESIAN_POINT('',(0.858829502,52.975698831,2.380781651));
#14046=CARTESIAN_POINT('',(0.858829502,53.375698831,2.380781651));
#14047=CARTESIAN_POINT('',(0.561569963,52.975698831,2.498590232));
#14048=CARTESIAN_POINT('',(0.561569963,53.375698831,2.498590232));
#14049=CARTESIAN_POINT('',(0.128693093,52.975698831,2.498590232));
#14050=CARTESIAN_POINT('',(0.128693093,53.375698831,2.498590232));
#14051=CARTESIAN_POINT('',(-0.315141719,52.975698831,2.498590232));
#14052=CARTESIAN_POINT('',(-0.315141719,53.375698831,2.498590232));
#14053=CARTESIAN_POINT('',(-0.613772165,52.975698831,2.380781651));
#14054=CARTESIAN_POINT('',(-0.613772165,53.375698831,2.380781651));
#14055=CARTESIAN_POINT('',(-0.767196383,52.975698831,2.14516449));
#14056=CARTESIAN_POINT('',(-0.767196383,53.375698831,2.14516449));
#14057=CARTESIAN_POINT('',(-0.920622464,52.975698831,1.909549192));
#14058=CARTESIAN_POINT('',(-0.920622464,53.375698831,1.909549192));
#14059=CARTESIAN_POINT('',(-1.005553495,52.975698831,1.5533835));
#14060=CARTESIAN_POINT('',(-1.005553495,53.375698831,1.5533835));
#14061=CARTESIAN_POINT('',(-1.021993201,52.975698831,1.076671139));
#14062=CARTESIAN_POINT('',(-1.021993201,53.375698831,1.076671139));
#14063=B_SPLINE_SURFACE_WITH_KNOTS('',3,1,((#14037,#14038),(#14039,#14040),(#14041,#14042),(#14043,#14044),(#14045,#14046),(#14047,#14048),(#14049,#14050),(#14051,#14052),(#14053,#14054),(#14055,#14056),(#14057,#14058),(#14059,#14060),(#14061,#14062)),.UNSPECIFIED.,.F.,.F.,.U.,(4,3,3,3,4),(2,2),(0.,0.246874394,0.493750115,0.746875302,1.),(0.,1.),.UNSPECIFIED.);
#14064=CARTESIAN_POINT('',(1.287597377,53.375698831,1.076671139));
#14065=CARTESIAN_POINT('',(1.271159534,53.375698831,1.5533835));
#14066=CARTESIAN_POINT('',(1.182117645,53.375698831,1.909549192));
#14067=CARTESIAN_POINT('',(1.020473574,53.375698831,2.14516449));
#14068=CARTESIAN_POINT('',(0.858829502,53.375698831,2.380781651));
#14069=CARTESIAN_POINT('',(0.561569963,53.375698831,2.498590232));
#14070=CARTESIAN_POINT('',(0.128693093,53.375698831,2.498590232));
#14071=CARTESIAN_POINT('',(-0.315141719,53.375698831,2.498590232));
#14072=CARTESIAN_POINT('',(-0.613772165,53.375698831,2.380781651));
#14073=CARTESIAN_POINT('',(-0.767196383,53.375698831,2.14516449));
#14074=CARTESIAN_POINT('',(-0.920622464,53.375698831,1.909549192));
#14075=CARTESIAN_POINT('',(-1.005553495,53.375698831,1.5533835));
#14076=CARTESIAN_POINT('',(-1.021993201,53.375698831,1.076671139));
#14077=B_SPLINE_CURVE_WITH_KNOTS('',3,(#14064,#14065,#14066,#14067,#14068,#14069,#14070,#14071,#14072,#14073,#14074,#14075,#14076),.UNSPECIFIED.,.F.,.F.,(4,3,3,3,4),(0.,0.246874394,0.493750115,0.746875302,1.),.UNSPECIFIED.);
#14078=EDGE_CURVE('',#13635,#13633,#14077,.T.);
#14079=ORIENTED_EDGE('',*,*,#14078,.T.);
#14080=ORIENTED_EDGE('',*,*,#13662,.F.);
#14081=CARTESIAN_POINT('',(1.287597377,52.975698831,1.076671139));
#14082=CARTESIAN_POINT('',(1.271159534,52.975698831,1.5533835));
#14083=CARTESIAN_POINT('',(1.182117645,52.975698831,1.909549192));
#14084=CARTESIAN_POINT('',(1.020473574,52.975698831,2.14516449));
#14085=CARTESIAN_POINT('',(0.858829502,52.975698831,2.380781651));
#14086=CARTESIAN_POINT('',(0.561569963,52.975698831,2.498590232));
#14087=CARTESIAN_POINT('',(0.128693093,52.975698831,2.498590232));
#14088=CARTESIAN_POINT('',(-0.315141719,52.975698831,2.498590232));
#14089=CARTESIAN_POINT('',(-0.613772165,52.975698831,2.380781651));
#14090=CARTESIAN_POINT('',(-0.767196383,52.975698831,2.14516449));
#14091=CARTESIAN_POINT('',(-0.920622464,52.975698831,1.909549192));
#14092=CARTESIAN_POINT('',(-1.005553495,52.975698831,1.5533835));
#14093=CARTESIAN_POINT('',(-1.021993201,52.975698831,1.076671139));
#14094=B_SPLINE_CURVE_WITH_KNOTS('',3,(#14081,#14082,#14083,#14084,#14085,#14086,#14087,#14088,#14089,#14090,#14091,#14092,#14093),.UNSPECIFIED.,.F.,.F.,(4,3,3,3,4),(0.,0.246874394,0.493750115,0.746875302,1.),.UNSPECIFIED.);
#14095=EDGE_CURVE('',#13643,#13651,#14094,.T.);
#14096=ORIENTED_EDGE('',*,*,#14095,.F.);
#14097=ORIENTED_EDGE('',*,*,#13648,.T.);
#14098=EDGE_LOOP('',(#14079,#14080,#14096,#14097));
#14099=FACE_BOUND('',#14098,.T.);
#14100=ADVANCED_FACE('',(#14099),#14063,.F.);
#14101=CARTESIAN_POINT('',(0.214993954,52.975698831,0.64516471));
#14102=DIRECTION('',(0.,1.,-0.));
#14103=DIRECTION('',(-1.,0.,0.));
#14104=AXIS2_PLACEMENT_3D('',#14101,#14102,#14103);
#14105=PLANE('',#14104);
#14106=ORIENTED_EDGE('',*,*,#13728,.T.);
#14107=ORIENTED_EDGE('',*,*,#13843,.T.);
#14108=ORIENTED_EDGE('',*,*,#13867,.T.);
#14109=ORIENTED_EDGE('',*,*,#13923,.T.);
#14110=ORIENTED_EDGE('',*,*,#13947,.T.);
#14111=ORIENTED_EDGE('',*,*,#13971,.T.);
#14112=ORIENTED_EDGE('',*,*,#14009,.T.);
#14113=ORIENTED_EDGE('',*,*,#14031,.T.);
#14114=EDGE_LOOP('',(#14106,#14107,#14108,#14109,#14110,#14111,#14112,#14113));
#14115=FACE_BOUND('',#14114,.T.);
#14116=ORIENTED_EDGE('',*,*,#13656,.T.);
#14117=ORIENTED_EDGE('',*,*,#14095,.T.);
#14118=EDGE_LOOP('',(#14116,#14117));
#14119=FACE_BOUND('',#14118,.T.);
#14120=ADVANCED_FACE('',(#14115,#14119),#14105,.T.);
#14121=CARTESIAN_POINT('',(143.754800635,53.375698831,24.370075373));
#14122=DIRECTION('',(0.,1.,-0.));
#14123=DIRECTION('',(0.,-0.,-1.));
#14124=AXIS2_PLACEMENT_3D('',#14121,#14122,#14123);
#14125=PLANE('',#14124);
#14126=ORIENTED_EDGE('',*,*,#13640,.F.);
#14127=ORIENTED_EDGE('',*,*,#14078,.F.);
#14128=EDGE_LOOP('',(#14126,#14127));
#14129=FACE_BOUND('',#14128,.T.);
#14130=ADVANCED_FACE('',(#14129),#14125,.T.);
#14131=CARTESIAN_POINT('',(11.767049931,52.975698831,-1.101411103));
#14132=DIRECTION('',(0.,0.,1.));
#14133=DIRECTION('',(0.,-1.,0.));
#14134=AXIS2_PLACEMENT_3D('',#14131,#14132,#14133);
#14135=PLANE('',#14134);
#14136=ORIENTED_EDGE('',*,*,#1911,.T.);
#14137=CARTESIAN_POINT('',(11.997186724,52.975698831,-1.101411103));
#14138=VERTEX_POINT('',#14137);
#14139=CARTESIAN_POINT('',(11.997186724,52.975698831,-1.101411103));
#14140=DIRECTION('',(0.,1.,-0.));
#14141=VECTOR('',#14140,0.4);
#14142=LINE('',#14139,#14141);
#14143=EDGE_CURVE('',#14138,#1906,#14142,.T.);
#14144=ORIENTED_EDGE('',*,*,#14143,.F.);
#14145=CARTESIAN_POINT('',(11.536913138,52.975698831,-1.101411103));
#14146=VERTEX_POINT('',#14145);
#14147=CARTESIAN_POINT('',(11.536913138,52.975698831,-1.101411103));
#14148=DIRECTION('',(1.,0.,-0.));
#14149=VECTOR('',#14148,0.460273586);
#14150=LINE('',#14147,#14149);
#14151=EDGE_CURVE('',#14146,#14138,#14150,.T.);
#14152=ORIENTED_EDGE('',*,*,#14151,.F.);
#14153=CARTESIAN_POINT('',(11.536913138,52.975698831,-1.101411103));
#14154=DIRECTION('',(0.,1.,-0.));
#14155=VECTOR('',#14154,0.4);
#14156=LINE('',#14153,#14155);
#14157=EDGE_CURVE('',#14146,#1904,#14156,.T.);
#14158=ORIENTED_EDGE('',*,*,#14157,.T.);
#14159=EDGE_LOOP('',(#14136,#14144,#14152,#14158));
#14160=FACE_BOUND('',#14159,.T.);
#14161=ADVANCED_FACE('',(#14160),#14135,.F.);
#14162=CARTESIAN_POINT('',(11.997186724,52.975698831,-1.380862824));
#14163=DIRECTION('',(1.,0.,0.));
#14164=DIRECTION('',(0.,0.,-1.));
#14165=AXIS2_PLACEMENT_3D('',#14162,#14163,#14164);
#14166=PLANE('',#14165);
#14167=ORIENTED_EDGE('',*,*,#2072,.T.);
#14168=CARTESIAN_POINT('',(11.997186724,52.975698831,-1.660314544));
#14169=VERTEX_POINT('',#14168);
#14170=CARTESIAN_POINT('',(11.997186724,52.975698831,-1.660314544));
#14171=DIRECTION('',(0.,1.,-0.));
#14172=VECTOR('',#14171,0.4);
#14173=LINE('',#14170,#14172);
#14174=EDGE_CURVE('',#14169,#2061,#14173,.T.);
#14175=ORIENTED_EDGE('',*,*,#14174,.F.);
#14176=CARTESIAN_POINT('',(11.997186724,52.975698831,-1.101411103));
#14177=DIRECTION('',(0.,-0.,-1.));
#14178=VECTOR('',#14177,0.558903441);
#14179=LINE('',#14176,#14178);
#14180=EDGE_CURVE('',#14138,#14169,#14179,.T.);
#14181=ORIENTED_EDGE('',*,*,#14180,.F.);
#14182=ORIENTED_EDGE('',*,*,#14143,.T.);
#14183=EDGE_LOOP('',(#14167,#14175,#14181,#14182));
#14184=FACE_BOUND('',#14183,.T.);
#14185=ADVANCED_FACE('',(#14184),#14166,.F.);
#14186=CARTESIAN_POINT('',(11.101296317,52.975698831,-1.660314544));
#14187=DIRECTION('',(0.,-0.,-1.));
#14188=DIRECTION('',(0.,1.,-0.));
#14189=AXIS2_PLACEMENT_3D('',#14186,#14187,#14188);
#14190=PLANE('',#14189);
#14191=ORIENTED_EDGE('',*,*,#2066,.T.);
#14192=CARTESIAN_POINT('',(10.20540591,52.975698831,-1.660314544));
#14193=VERTEX_POINT('',#14192);
#14194=CARTESIAN_POINT('',(10.20540591,52.975698831,-1.660314544));
#14195=DIRECTION('',(0.,1.,-0.));
#14196=VECTOR('',#14195,0.4);
#14197=LINE('',#14194,#14196);
#14198=EDGE_CURVE('',#14193,#2053,#14197,.T.);
#14199=ORIENTED_EDGE('',*,*,#14198,.F.);
#14200=CARTESIAN_POINT('',(11.997186724,52.975698831,-1.660314544));
#14201=DIRECTION('',(-1.,0.,0.));
#14202=VECTOR('',#14201,1.791780815);
#14203=LINE('',#14200,#14202);
#14204=EDGE_CURVE('',#14169,#14193,#14203,.T.);
#14205=ORIENTED_EDGE('',*,*,#14204,.F.);
#14206=ORIENTED_EDGE('',*,*,#14174,.T.);
#14207=EDGE_LOOP('',(#14191,#14199,#14205,#14206));
#14208=FACE_BOUND('',#14207,.T.);
#14209=ADVANCED_FACE('',(#14208),#14190,.F.);
#14210=CARTESIAN_POINT('',(10.20540591,52.975698831,-1.380862824));
#14211=DIRECTION('',(-1.,0.,0.));
#14212=DIRECTION('',(0.,0.,1.));
#14213=AXIS2_PLACEMENT_3D('',#14210,#14211,#14212);
#14214=PLANE('',#14213);
#14215=ORIENTED_EDGE('',*,*,#2058,.T.);
#14216=CARTESIAN_POINT('',(10.20540591,52.975698831,-1.101411103));
#14217=VERTEX_POINT('',#14216);
#14218=CARTESIAN_POINT('',(10.20540591,52.975698831,-1.101411103));
#14219=DIRECTION('',(0.,1.,-0.));
#14220=VECTOR('',#14219,0.4);
#14221=LINE('',#14218,#14220);
#14222=EDGE_CURVE('',#14217,#2045,#14221,.T.);
#14223=ORIENTED_EDGE('',*,*,#14222,.F.);
#14224=CARTESIAN_POINT('',(10.20540591,52.975698831,-1.660314544));
#14225=DIRECTION('',(0.,0.,1.));
#14226=VECTOR('',#14225,0.558903441);
#14227=LINE('',#14224,#14226);
#14228=EDGE_CURVE('',#14193,#14217,#14227,.T.);
#14229=ORIENTED_EDGE('',*,*,#14228,.F.);
#14230=ORIENTED_EDGE('',*,*,#14198,.T.);
#14231=EDGE_LOOP('',(#14215,#14223,#14229,#14230));
#14232=FACE_BOUND('',#14231,.T.);
#14233=ADVANCED_FACE('',(#14232),#14214,.F.);
#14234=CARTESIAN_POINT('',(10.451981012,52.975698831,-1.101411103));
#14235=DIRECTION('',(0.,0.,1.));
#14236=DIRECTION('',(0.,-1.,0.));
#14237=AXIS2_PLACEMENT_3D('',#14234,#14235,#14236);
#14238=PLANE('',#14237);
#14239=ORIENTED_EDGE('',*,*,#2050,.T.);
#14240=CARTESIAN_POINT('',(10.698556114,52.975698831,-1.101411103));
#14241=VERTEX_POINT('',#14240);
#14242=CARTESIAN_POINT('',(10.698556114,52.975698831,-1.101411103));
#14243=DIRECTION('',(0.,1.,-0.));
#14244=VECTOR('',#14243,0.4);
#14245=LINE('',#14242,#14244);
#14246=EDGE_CURVE('',#14241,#2037,#14245,.T.);
#14247=ORIENTED_EDGE('',*,*,#14246,.F.);
#14248=CARTESIAN_POINT('',(10.20540591,52.975698831,-1.101411103));
#14249=DIRECTION('',(1.,0.,-0.));
#14250=VECTOR('',#14249,0.493150204);
#14251=LINE('',#14248,#14250);
#14252=EDGE_CURVE('',#14217,#14241,#14251,.T.);
#14253=ORIENTED_EDGE('',*,*,#14252,.F.);
#14254=ORIENTED_EDGE('',*,*,#14222,.T.);
#14255=EDGE_LOOP('',(#14239,#14247,#14253,#14254));
#14256=FACE_BOUND('',#14255,.T.);
#14257=ADVANCED_FACE('',(#14256),#14238,.F.);
#14258=CARTESIAN_POINT('',(10.698556114,52.975698831,0.283520513));
#14259=DIRECTION('',(-1.,0.,0.));
#14260=DIRECTION('',(0.,0.,1.));
#14261=AXIS2_PLACEMENT_3D('',#14258,#14259,#14260);
#14262=PLANE('',#14261);
#14263=ORIENTED_EDGE('',*,*,#2042,.T.);
#14264=CARTESIAN_POINT('',(10.698556114,52.975698831,1.66845213));
#14265=VERTEX_POINT('',#14264);
#14266=CARTESIAN_POINT('',(10.698556114,52.975698831,1.66845213));
#14267=DIRECTION('',(0.,1.,-0.));
#14268=VECTOR('',#14267,0.4);
#14269=LINE('',#14266,#14268);
#14270=EDGE_CURVE('',#14265,#2025,#14269,.T.);
#14271=ORIENTED_EDGE('',*,*,#14270,.F.);
#14272=CARTESIAN_POINT('',(10.698556114,52.975698831,-1.101411103));
#14273=DIRECTION('',(0.,0.,1.));
#14274=VECTOR('',#14273,2.769863233);
#14275=LINE('',#14272,#14274);
#14276=EDGE_CURVE('',#14241,#14265,#14275,.T.);
#14277=ORIENTED_EDGE('',*,*,#14276,.F.);
#14278=ORIENTED_EDGE('',*,*,#14246,.T.);
#14279=EDGE_LOOP('',(#14263,#14271,#14277,#14278));
#14280=FACE_BOUND('',#14279,.T.);
#14281=ADVANCED_FACE('',(#14280),#14262,.F.);
#14282=CARTESIAN_POINT('',(10.698556114,52.975698831,1.66845213));
#14283=CARTESIAN_POINT('',(10.698556114,53.375698831,1.66845213));
#14284=CARTESIAN_POINT('',(10.698556114,52.975698831,2.660234303));
#14285=CARTESIAN_POINT('',(10.698556114,53.375698831,2.660234303));
#14286=CARTESIAN_POINT('',(11.172529456,52.975698831,3.156124458));
#14287=CARTESIAN_POINT('',(11.172529456,53.375698831,3.156124458));
#14288=CARTESIAN_POINT('',(12.120474275,52.975698831,3.156124458));
#14289=CARTESIAN_POINT('',(12.120474275,53.375698831,3.156124458));
#14290=CARTESIAN_POINT('',(12.651981,52.975698831,3.156124458));
#14291=CARTESIAN_POINT('',(12.651981,53.375698831,3.156124458));
#14292=CARTESIAN_POINT('',(13.169789832,52.975698831,2.989000485));
#14293=CARTESIAN_POINT('',(13.169789832,53.375698831,2.989000485));
#14294=CARTESIAN_POINT('',(13.673898909,52.975698831,2.654754401));
#14295=CARTESIAN_POINT('',(13.673898909,53.375698831,2.654754401));
#14296=B_SPLINE_SURFACE_WITH_KNOTS('',3,1,((#14282,#14283),(#14284,#14285),(#14286,#14287),(#14288,#14289),(#14290,#14291),(#14292,#14293),(#14294,#14295)),.UNSPECIFIED.,.F.,.F.,.U.,(4,3,4),(2,2),(0.,0.640740701,1.),(0.,1.),.UNSPECIFIED.);
#14297=ORIENTED_EDGE('',*,*,#2034,.T.);
#14298=CARTESIAN_POINT('',(13.673898909,52.975698831,2.654754401));
#14299=VERTEX_POINT('',#14298);
#14300=CARTESIAN_POINT('',(13.673898909,52.975698831,2.654754401));
#14301=DIRECTION('',(0.,1.,-0.));
#14302=VECTOR('',#14301,0.4);
#14303=LINE('',#14300,#14302);
#14304=EDGE_CURVE('',#14299,#2017,#14303,.T.);
#14305=ORIENTED_EDGE('',*,*,#14304,.F.);
#14306=CARTESIAN_POINT('',(10.698556114,52.975698831,1.66845213));
#14307=CARTESIAN_POINT('',(10.698556114,52.975698831,2.660234303));
#14308=CARTESIAN_POINT('',(11.172529456,52.975698831,3.156124458));
#14309=CARTESIAN_POINT('',(12.120474275,52.975698831,3.156124458));
#14310=CARTESIAN_POINT('',(12.651981,52.975698831,3.156124458));
#14311=CARTESIAN_POINT('',(13.169789832,52.975698831,2.989000485));
#14312=CARTESIAN_POINT('',(13.673898909,52.975698831,2.654754401));
#14313=B_SPLINE_CURVE_WITH_KNOTS('',3,(#14306,#14307,#14308,#14309,#14310,#14311,#14312),.UNSPECIFIED.,.F.,.F.,(4,3,4),(0.,0.640740701,1.),.UNSPECIFIED.);
#14314=EDGE_CURVE('',#14265,#14299,#14313,.T.);
#14315=ORIENTED_EDGE('',*,*,#14314,.F.);
#14316=ORIENTED_EDGE('',*,*,#14270,.T.);
#14317=EDGE_LOOP('',(#14297,#14305,#14315,#14316));
#14318=FACE_BOUND('',#14317,.T.);
#14319=ADVANCED_FACE('',(#14318),#14296,.F.);
#14320=CARTESIAN_POINT('',(13.673898909,52.975698831,3.546534882));
#14321=DIRECTION('',(-1.,0.,0.));
#14322=DIRECTION('',(0.,0.,1.));
#14323=AXIS2_PLACEMENT_3D('',#14320,#14321,#14322);
#14324=PLANE('',#14323);
#14325=ORIENTED_EDGE('',*,*,#2022,.T.);
#14326=CARTESIAN_POINT('',(13.673898909,52.975698831,4.438315362));
#14327=VERTEX_POINT('',#14326);
#14328=CARTESIAN_POINT('',(13.673898909,52.975698831,4.438315362));
#14329=DIRECTION('',(0.,1.,-0.));
#14330=VECTOR('',#14329,0.4);
#14331=LINE('',#14328,#14330);
#14332=EDGE_CURVE('',#14327,#2009,#14331,.T.);
#14333=ORIENTED_EDGE('',*,*,#14332,.F.);
#14334=CARTESIAN_POINT('',(13.673898909,52.975698831,2.654754401));
#14335=DIRECTION('',(0.,0.,1.));
#14336=VECTOR('',#14335,1.783560961);
#14337=LINE('',#14334,#14336);
#14338=EDGE_CURVE('',#14299,#14327,#14337,.T.);
#14339=ORIENTED_EDGE('',*,*,#14338,.F.);
#14340=ORIENTED_EDGE('',*,*,#14304,.T.);
#14341=EDGE_LOOP('',(#14325,#14333,#14339,#14340));
#14342=FACE_BOUND('',#14341,.T.);
#14343=ADVANCED_FACE('',(#14342),#14324,.F.);
#14344=CARTESIAN_POINT('',(14.33554283,52.975698831,4.438315362));
#14345=DIRECTION('',(0.,0.,1.));
#14346=DIRECTION('',(0.,-1.,0.));
#14347=AXIS2_PLACEMENT_3D('',#14344,#14345,#14346);
#14348=PLANE('',#14347);
#14349=ORIENTED_EDGE('',*,*,#2014,.T.);
#14350=CARTESIAN_POINT('',(14.99718675,52.975698831,4.438315362));
#14351=VERTEX_POINT('',#14350);
#14352=CARTESIAN_POINT('',(14.99718675,52.975698831,4.438315362));
#14353=DIRECTION('',(0.,1.,-0.));
#14354=VECTOR('',#14353,0.4);
#14355=LINE('',#14352,#14354);
#14356=EDGE_CURVE('',#14351,#2001,#14355,.T.);
#14357=ORIENTED_EDGE('',*,*,#14356,.F.);
#14358=CARTESIAN_POINT('',(13.673898909,52.975698831,4.438315362));
#14359=DIRECTION('',(1.,0.,-0.));
#14360=VECTOR('',#14359,1.323287841);
#14361=LINE('',#14358,#14360);
#14362=EDGE_CURVE('',#14327,#14351,#14361,.T.);
#14363=ORIENTED_EDGE('',*,*,#14362,.F.);
#14364=ORIENTED_EDGE('',*,*,#14332,.T.);
#14365=EDGE_LOOP('',(#14349,#14357,#14363,#14364));
#14366=FACE_BOUND('',#14365,.T.);
#14367=ADVANCED_FACE('',(#14366),#14348,.F.);
#14368=CARTESIAN_POINT('',(14.99718675,52.975698831,4.158863642));
#14369=DIRECTION('',(1.,0.,0.));
#14370=DIRECTION('',(0.,0.,-1.));
#14371=AXIS2_PLACEMENT_3D('',#14368,#14369,#14370);
#14372=PLANE('',#14371);
#14373=ORIENTED_EDGE('',*,*,#2006,.T.);
#14374=CARTESIAN_POINT('',(14.99718675,52.975698831,3.879411922));
#14375=VERTEX_POINT('',#14374);
#14376=CARTESIAN_POINT('',(14.99718675,52.975698831,3.879411922));
#14377=DIRECTION('',(0.,1.,-0.));
#14378=VECTOR('',#14377,0.4);
#14379=LINE('',#14376,#14378);
#14380=EDGE_CURVE('',#14375,#1993,#14379,.T.);
#14381=ORIENTED_EDGE('',*,*,#14380,.F.);
#14382=CARTESIAN_POINT('',(14.99718675,52.975698831,4.438315362));
#14383=DIRECTION('',(0.,-0.,-1.));
#14384=VECTOR('',#14383,0.558903441);
#14385=LINE('',#14382,#14384);
#14386=EDGE_CURVE('',#14351,#14375,#14385,.T.);
#14387=ORIENTED_EDGE('',*,*,#14386,.F.);
#14388=ORIENTED_EDGE('',*,*,#14356,.T.);
#14389=EDGE_LOOP('',(#14373,#14381,#14387,#14388));
#14390=FACE_BOUND('',#14389,.T.);
#14391=ADVANCED_FACE('',(#14390),#14372,.F.);
#14392=CARTESIAN_POINT('',(14.750611415,52.975698831,3.879411922));
#14393=DIRECTION('',(0.,-0.,-1.));
#14394=DIRECTION('',(0.,1.,-0.));
#14395=AXIS2_PLACEMENT_3D('',#14392,#14393,#14394);
#14396=PLANE('',#14395);
#14397=ORIENTED_EDGE('',*,*,#1998,.T.);
#14398=CARTESIAN_POINT('',(14.50403608,52.975698831,3.879411922));
#14399=VERTEX_POINT('',#14398);
#14400=CARTESIAN_POINT('',(14.50403608,52.975698831,3.879411922));
#14401=DIRECTION('',(0.,1.,-0.));
#14402=VECTOR('',#14401,0.4);
#14403=LINE('',#14400,#14402);
#14404=EDGE_CURVE('',#14399,#1985,#14403,.T.);
#14405=ORIENTED_EDGE('',*,*,#14404,.F.);
#14406=CARTESIAN_POINT('',(14.99718675,52.975698831,3.879411922));
#14407=DIRECTION('',(-1.,0.,0.));
#14408=VECTOR('',#14407,0.49315067);
#14409=LINE('',#14406,#14408);
#14410=EDGE_CURVE('',#14375,#14399,#14409,.T.);
#14411=ORIENTED_EDGE('',*,*,#14410,.F.);
#14412=ORIENTED_EDGE('',*,*,#14380,.T.);
#14413=EDGE_LOOP('',(#14397,#14405,#14411,#14412));
#14414=FACE_BOUND('',#14413,.T.);
#14415=ADVANCED_FACE('',(#14414),#14396,.F.);
#14416=CARTESIAN_POINT('',(14.50403608,52.975698831,1.389000409));
#14417=DIRECTION('',(1.,0.,0.));
#14418=DIRECTION('',(0.,0.,-1.));
#14419=AXIS2_PLACEMENT_3D('',#14416,#14417,#14418);
#14420=PLANE('',#14419);
#14421=ORIENTED_EDGE('',*,*,#1990,.T.);
#14422=CARTESIAN_POINT('',(14.50403608,52.975698831,-1.101411103));
#14423=VERTEX_POINT('',#14422);
#14424=CARTESIAN_POINT('',(14.50403608,52.975698831,-1.101411103));
#14425=DIRECTION('',(0.,1.,-0.));
#14426=VECTOR('',#14425,0.4);
#14427=LINE('',#14424,#14426);
#14428=EDGE_CURVE('',#14423,#1977,#14427,.T.);
#14429=ORIENTED_EDGE('',*,*,#14428,.F.);
#14430=CARTESIAN_POINT('',(14.50403608,52.975698831,3.879411922));
#14431=DIRECTION('',(0.,-0.,-1.));
#14432=VECTOR('',#14431,4.980823025);
#14433=LINE('',#14430,#14432);
#14434=EDGE_CURVE('',#14399,#14423,#14433,.T.);
#14435=ORIENTED_EDGE('',*,*,#14434,.F.);
#14436=ORIENTED_EDGE('',*,*,#14404,.T.);
#14437=EDGE_LOOP('',(#14421,#14429,#14435,#14436));
#14438=FACE_BOUND('',#14437,.T.);
#14439=ADVANCED_FACE('',(#14438),#14420,.F.);
#14440=CARTESIAN_POINT('',(14.750611415,52.975698831,-1.101411103));
#14441=DIRECTION('',(0.,0.,1.));
#14442=DIRECTION('',(0.,-1.,0.));
#14443=AXIS2_PLACEMENT_3D('',#14440,#14441,#14442);
#14444=PLANE('',#14443);
#14445=ORIENTED_EDGE('',*,*,#1982,.T.);
#14446=CARTESIAN_POINT('',(14.99718675,52.975698831,-1.101411103));
#14447=VERTEX_POINT('',#14446);
#14448=CARTESIAN_POINT('',(14.99718675,52.975698831,-1.101411103));
#14449=DIRECTION('',(0.,1.,-0.));
#14450=VECTOR('',#14449,0.4);
#14451=LINE('',#14448,#14450);
#14452=EDGE_CURVE('',#14447,#1969,#14451,.T.);
#14453=ORIENTED_EDGE('',*,*,#14452,.F.);
#14454=CARTESIAN_POINT('',(14.50403608,52.975698831,-1.101411103));
#14455=DIRECTION('',(1.,0.,-0.));
#14456=VECTOR('',#14455,0.49315067);
#14457=LINE('',#14454,#14456);
#14458=EDGE_CURVE('',#14423,#14447,#14457,.T.);
#14459=ORIENTED_EDGE('',*,*,#14458,.F.);
#14460=ORIENTED_EDGE('',*,*,#14428,.T.);
#14461=EDGE_LOOP('',(#14445,#14453,#14459,#14460));
#14462=FACE_BOUND('',#14461,.T.);
#14463=ADVANCED_FACE('',(#14462),#14444,.F.);
#14464=CARTESIAN_POINT('',(14.99718675,52.975698831,-1.380862824));
#14465=DIRECTION('',(1.,0.,0.));
#14466=DIRECTION('',(0.,0.,-1.));
#14467=AXIS2_PLACEMENT_3D('',#14464,#14465,#14466);
#14468=PLANE('',#14467);
#14469=ORIENTED_EDGE('',*,*,#1974,.T.);
#14470=CARTESIAN_POINT('',(14.99718675,52.975698831,-1.660314544));
#14471=VERTEX_POINT('',#14470);
#14472=CARTESIAN_POINT('',(14.99718675,52.975698831,-1.660314544));
#14473=DIRECTION('',(0.,1.,-0.));
#14474=VECTOR('',#14473,0.4);
#14475=LINE('',#14472,#14474);
#14476=EDGE_CURVE('',#14471,#1961,#14475,.T.);
#14477=ORIENTED_EDGE('',*,*,#14476,.F.);
#14478=CARTESIAN_POINT('',(14.99718675,52.975698831,-1.101411103));
#14479=DIRECTION('',(0.,-0.,-1.));
#14480=VECTOR('',#14479,0.558903441);
#14481=LINE('',#14478,#14480);
#14482=EDGE_CURVE('',#14447,#14471,#14481,.T.);
#14483=ORIENTED_EDGE('',*,*,#14482,.F.);
#14484=ORIENTED_EDGE('',*,*,#14452,.T.);
#14485=EDGE_LOOP('',(#14469,#14477,#14483,#14484));
#14486=FACE_BOUND('',#14485,.T.);
#14487=ADVANCED_FACE('',(#14486),#14468,.F.);
#14488=CARTESIAN_POINT('',(14.105405804,52.975698831,-1.660314544));
#14489=DIRECTION('',(0.,-0.,-1.));
#14490=DIRECTION('',(0.,1.,-0.));
#14491=AXIS2_PLACEMENT_3D('',#14488,#14489,#14490);
#14492=PLANE('',#14491);
#14493=ORIENTED_EDGE('',*,*,#1966,.T.);
#14494=CARTESIAN_POINT('',(13.213624858,52.975698831,-1.660314544));
#14495=VERTEX_POINT('',#14494);
#14496=CARTESIAN_POINT('',(13.213624858,52.975698831,-1.660314544));
#14497=DIRECTION('',(0.,1.,-0.));
#14498=VECTOR('',#14497,0.4);
#14499=LINE('',#14496,#14498);
#14500=EDGE_CURVE('',#14495,#1953,#14499,.T.);
#14501=ORIENTED_EDGE('',*,*,#14500,.F.);
#14502=CARTESIAN_POINT('',(14.99718675,52.975698831,-1.660314544));
#14503=DIRECTION('',(-1.,0.,0.));
#14504=VECTOR('',#14503,1.783561893);
#14505=LINE('',#14502,#14504);
#14506=EDGE_CURVE('',#14471,#14495,#14505,.T.);
#14507=ORIENTED_EDGE('',*,*,#14506,.F.);
#14508=ORIENTED_EDGE('',*,*,#14476,.T.);
#14509=EDGE_LOOP('',(#14493,#14501,#14507,#14508));
#14510=FACE_BOUND('',#14509,.T.);
#14511=ADVANCED_FACE('',(#14510),#14492,.F.);
#14512=CARTESIAN_POINT('',(13.213624858,52.975698831,-1.380862824));
#14513=DIRECTION('',(-1.,0.,0.));
#14514=DIRECTION('',(0.,0.,1.));
#14515=AXIS2_PLACEMENT_3D('',#14512,#14513,#14514);
#14516=PLANE('',#14515);
#14517=ORIENTED_EDGE('',*,*,#1958,.T.);
#14518=CARTESIAN_POINT('',(13.213624858,52.975698831,-1.101411103));
#14519=VERTEX_POINT('',#14518);
#14520=CARTESIAN_POINT('',(13.213624858,52.975698831,-1.101411103));
#14521=DIRECTION('',(0.,1.,-0.));
#14522=VECTOR('',#14521,0.4);
#14523=LINE('',#14520,#14522);
#14524=EDGE_CURVE('',#14519,#1945,#14523,.T.);
#14525=ORIENTED_EDGE('',*,*,#14524,.F.);
#14526=CARTESIAN_POINT('',(13.213624858,52.975698831,-1.660314544));
#14527=DIRECTION('',(0.,0.,1.));
#14528=VECTOR('',#14527,0.558903441);
#14529=LINE('',#14526,#14528);
#14530=EDGE_CURVE('',#14495,#14519,#14529,.T.);
#14531=ORIENTED_EDGE('',*,*,#14530,.F.);
#14532=ORIENTED_EDGE('',*,*,#14500,.T.);
#14533=EDGE_LOOP('',(#14517,#14525,#14531,#14532));
#14534=FACE_BOUND('',#14533,.T.);
#14535=ADVANCED_FACE('',(#14534),#14516,.F.);
#14536=CARTESIAN_POINT('',(13.443761884,52.975698831,-1.101411103));
#14537=DIRECTION('',(0.,0.,1.));
#14538=DIRECTION('',(0.,-1.,0.));
#14539=AXIS2_PLACEMENT_3D('',#14536,#14537,#14538);
#14540=PLANE('',#14539);
#14541=ORIENTED_EDGE('',*,*,#1950,.T.);
#14542=CARTESIAN_POINT('',(13.673898909,52.975698831,-1.101411103));
#14543=VERTEX_POINT('',#14542);
#14544=CARTESIAN_POINT('',(13.673898909,52.975698831,-1.101411103));
#14545=DIRECTION('',(0.,1.,-0.));
#14546=VECTOR('',#14545,0.4);
#14547=LINE('',#14544,#14546);
#14548=EDGE_CURVE('',#14543,#1937,#14547,.T.);
#14549=ORIENTED_EDGE('',*,*,#14548,.F.);
#14550=CARTESIAN_POINT('',(13.213624858,52.975698831,-1.101411103));
#14551=DIRECTION('',(1.,0.,-0.));
#14552=VECTOR('',#14551,0.460274052);
#14553=LINE('',#14550,#14552);
#14554=EDGE_CURVE('',#14519,#14543,#14553,.T.);
#14555=ORIENTED_EDGE('',*,*,#14554,.F.);
#14556=ORIENTED_EDGE('',*,*,#14524,.T.);
#14557=EDGE_LOOP('',(#14541,#14549,#14555,#14556));
#14558=FACE_BOUND('',#14557,.T.);
#14559=ADVANCED_FACE('',(#14558),#14540,.F.);
#14560=CARTESIAN_POINT('',(13.673898909,52.975698831,0.443794609));
#14561=DIRECTION('',(-1.,0.,0.));
#14562=DIRECTION('',(0.,0.,1.));
#14563=AXIS2_PLACEMENT_3D('',#14560,#14561,#14562);
#14564=PLANE('',#14563);
#14565=ORIENTED_EDGE('',*,*,#1942,.T.);
#14566=CARTESIAN_POINT('',(13.673898909,52.975698831,1.989000321));
#14567=VERTEX_POINT('',#14566);
#14568=CARTESIAN_POINT('',(13.673898909,52.975698831,1.989000321));
#14569=DIRECTION('',(0.,1.,-0.));
#14570=VECTOR('',#14569,0.4);
#14571=LINE('',#14568,#14570);
#14572=EDGE_CURVE('',#14567,#1922,#14571,.T.);
#14573=ORIENTED_EDGE('',*,*,#14572,.F.);
#14574=CARTESIAN_POINT('',(13.673898909,52.975698831,-1.101411103));
#14575=DIRECTION('',(0.,0.,1.));
#14576=VECTOR('',#14575,3.090411425);
#14577=LINE('',#14574,#14576);
#14578=EDGE_CURVE('',#14543,#14567,#14577,.T.);
#14579=ORIENTED_EDGE('',*,*,#14578,.F.);
#14580=ORIENTED_EDGE('',*,*,#14548,.T.);
#14581=EDGE_LOOP('',(#14565,#14573,#14579,#14580));
#14582=FACE_BOUND('',#14581,.T.);
#14583=ADVANCED_FACE('',(#14582),#14564,.F.);
#14584=CARTESIAN_POINT('',(13.673898909,52.975698831,1.989000321));
#14585=CARTESIAN_POINT('',(13.673898909,53.375698831,1.989000321));
#14586=CARTESIAN_POINT('',(13.241022971,52.975698831,2.328726307));
#14587=CARTESIAN_POINT('',(13.241022971,53.375698831,2.328726307));
#14588=CARTESIAN_POINT('',(12.786228355,52.975698831,2.498590232));
#14589=CARTESIAN_POINT('',(12.786228355,53.375698831,2.498590232));
#14590=CARTESIAN_POINT('',(12.309515063,52.975698831,2.498590232));
#14591=CARTESIAN_POINT('',(12.309515063,53.375698831,2.498590232));
#14592=CARTESIAN_POINT('',(12.030064274,52.975698831,2.498590232));
#14593=CARTESIAN_POINT('',(12.030064274,53.375698831,2.498590232));
#14594=CARTESIAN_POINT('',(11.831433658,52.975698831,2.431466088));
#14595=CARTESIAN_POINT('',(11.831433658,53.375698831,2.431466088));
#14596=CARTESIAN_POINT('',(11.713625077,52.975698831,2.297219665));
#14597=CARTESIAN_POINT('',(11.713625077,53.375698831,2.297219665));
#14598=CARTESIAN_POINT('',(11.595817428,52.975698831,2.162973241));
#14599=CARTESIAN_POINT('',(11.595817428,53.375698831,2.162973241));
#14600=CARTESIAN_POINT('',(11.536913138,52.975698831,1.936944977));
#14601=CARTESIAN_POINT('',(11.536913138,53.375698831,1.936944977));
#14602=CARTESIAN_POINT('',(11.536913138,52.975698831,1.619136737));
#14603=CARTESIAN_POINT('',(11.536913138,53.375698831,1.619136737));
#14604=B_SPLINE_SURFACE_WITH_KNOTS('',3,1,((#14584,#14585),(#14586,#14587),(#14588,#14589),(#14590,#14591),(#14592,#14593),(#14594,#14595),(#14596,#14597),(#14598,#14599),(#14600,#14601),(#14602,#14603)),.UNSPECIFIED.,.F.,.F.,.U.,(4,3,3,4),(2,2),(0.,0.460319515,0.730160221,1.),(0.,1.),.UNSPECIFIED.);
#14605=ORIENTED_EDGE('',*,*,#1934,.T.);
#14606=CARTESIAN_POINT('',(11.536913138,52.975698831,1.619136737));
#14607=VERTEX_POINT('',#14606);
#14608=CARTESIAN_POINT('',(11.536913138,52.975698831,1.619136737));
#14609=DIRECTION('',(0.,1.,-0.));
#14610=VECTOR('',#14609,0.4);
#14611=LINE('',#14608,#14610);
#14612=EDGE_CURVE('',#14607,#1914,#14611,.T.);
#14613=ORIENTED_EDGE('',*,*,#14612,.F.);
#14614=CARTESIAN_POINT('',(13.673898909,52.975698831,1.989000321));
#14615=CARTESIAN_POINT('',(13.241022971,52.975698831,2.328726307));
#14616=CARTESIAN_POINT('',(12.786228355,52.975698831,2.498590232));
#14617=CARTESIAN_POINT('',(12.309515063,52.975698831,2.498590232));
#14618=CARTESIAN_POINT('',(12.030064274,52.975698831,2.498590232));
#14619=CARTESIAN_POINT('',(11.831433658,52.975698831,2.431466088));
#14620=CARTESIAN_POINT('',(11.713625077,52.975698831,2.297219665));
#14621=CARTESIAN_POINT('',(11.595817428,52.975698831,2.162973241));
#14622=CARTESIAN_POINT('',(11.536913138,52.975698831,1.936944977));
#14623=CARTESIAN_POINT('',(11.536913138,52.975698831,1.619136737));
#14624=B_SPLINE_CURVE_WITH_KNOTS('',3,(#14614,#14615,#14616,#14617,#14618,#14619,#14620,#14621,#14622,#14623),.UNSPECIFIED.,.F.,.F.,(4,3,3,4),(0.,0.460319515,0.730160221,1.),.UNSPECIFIED.);
#14625=EDGE_CURVE('',#14567,#14607,#14624,.T.);
#14626=ORIENTED_EDGE('',*,*,#14625,.F.);
#14627=ORIENTED_EDGE('',*,*,#14572,.T.);
#14628=EDGE_LOOP('',(#14605,#14613,#14626,#14627));
#14629=FACE_BOUND('',#14628,.T.);
#14630=ADVANCED_FACE('',(#14629),#14604,.F.);
#14631=CARTESIAN_POINT('',(11.536913138,52.975698831,0.258862817));
#14632=DIRECTION('',(1.,0.,0.));
#14633=DIRECTION('',(0.,0.,-1.));
#14634=AXIS2_PLACEMENT_3D('',#14631,#14632,#14633);
#14635=PLANE('',#14634);
#14636=ORIENTED_EDGE('',*,*,#1919,.T.);
#14637=ORIENTED_EDGE('',*,*,#14157,.F.);
#14638=CARTESIAN_POINT('',(11.536913138,52.975698831,1.619136737));
#14639=DIRECTION('',(0.,-0.,-1.));
#14640=VECTOR('',#14639,2.72054784);
#14641=LINE('',#14638,#14640);
#14642=EDGE_CURVE('',#14607,#14146,#14641,.T.);
#14643=ORIENTED_EDGE('',*,*,#14642,.F.);
#14644=ORIENTED_EDGE('',*,*,#14612,.T.);
#14645=EDGE_LOOP('',(#14636,#14637,#14643,#14644));
#14646=FACE_BOUND('',#14645,.T.);
#14647=ADVANCED_FACE('',(#14646),#14635,.F.);
#14648=CARTESIAN_POINT('',(0.214993954,52.975698831,0.64516471));
#14649=DIRECTION('',(0.,1.,-0.));
#14650=DIRECTION('',(-1.,0.,0.));
#14651=AXIS2_PLACEMENT_3D('',#14648,#14649,#14650);
#14652=PLANE('',#14651);
#14653=ORIENTED_EDGE('',*,*,#14151,.T.);
#14654=ORIENTED_EDGE('',*,*,#14180,.T.);
#14655=ORIENTED_EDGE('',*,*,#14204,.T.);
#14656=ORIENTED_EDGE('',*,*,#14228,.T.);
#14657=ORIENTED_EDGE('',*,*,#14252,.T.);
#14658=ORIENTED_EDGE('',*,*,#14276,.T.);
#14659=ORIENTED_EDGE('',*,*,#14314,.T.);
#14660=ORIENTED_EDGE('',*,*,#14338,.T.);
#14661=ORIENTED_EDGE('',*,*,#14362,.T.);
#14662=ORIENTED_EDGE('',*,*,#14386,.T.);
#14663=ORIENTED_EDGE('',*,*,#14410,.T.);
#14664=ORIENTED_EDGE('',*,*,#14434,.T.);
#14665=ORIENTED_EDGE('',*,*,#14458,.T.);
#14666=ORIENTED_EDGE('',*,*,#14482,.T.);
#14667=ORIENTED_EDGE('',*,*,#14506,.T.);
#14668=ORIENTED_EDGE('',*,*,#14530,.T.);
#14669=ORIENTED_EDGE('',*,*,#14554,.T.);
#14670=ORIENTED_EDGE('',*,*,#14578,.T.);
#14671=ORIENTED_EDGE('',*,*,#14625,.T.);
#14672=ORIENTED_EDGE('',*,*,#14642,.T.);
#14673=EDGE_LOOP('',(#14653,#14654,#14655,#14656,#14657,#14658,#14659,#14660,#14661,#14662,#14663,#14664,#14665,#14666,#14667,#14668,#14669,#14670,#14671,#14672));
#14674=FACE_BOUND('',#14673,.T.);
#14675=ADVANCED_FACE('',(#14674),#14652,.T.);
#14676=CARTESIAN_POINT('',(-18.495964672,52.975698831,0.258862817));
#14677=DIRECTION('',(1.,0.,0.));
#14678=DIRECTION('',(0.,0.,-1.));
#14679=AXIS2_PLACEMENT_3D('',#14676,#14677,#14678);
#14680=PLANE('',#14679);
#14681=ORIENTED_EDGE('',*,*,#1732,.T.);
#14682=CARTESIAN_POINT('',(-18.495964672,52.975698831,-1.101411103));
#14683=VERTEX_POINT('',#14682);
#14684=CARTESIAN_POINT('',(-18.495964672,52.975698831,-1.101411103));
#14685=DIRECTION('',(0.,1.,-0.));
#14686=VECTOR('',#14685,0.4);
#14687=LINE('',#14684,#14686);
#14688=EDGE_CURVE('',#14683,#1727,#14687,.T.);
#14689=ORIENTED_EDGE('',*,*,#14688,.F.);
#14690=CARTESIAN_POINT('',(-18.495964672,52.975698831,1.619136737));
#14691=VERTEX_POINT('',#14690);
#14692=CARTESIAN_POINT('',(-18.495964672,52.975698831,1.619136737));
#14693=DIRECTION('',(0.,-0.,-1.));
#14694=VECTOR('',#14693,2.72054784);
#14695=LINE('',#14692,#14694);
#14696=EDGE_CURVE('',#14691,#14683,#14695,.T.);
#14697=ORIENTED_EDGE('',*,*,#14696,.F.);
#14698=CARTESIAN_POINT('',(-18.495964672,52.975698831,1.619136737));
#14699=DIRECTION('',(0.,1.,-0.));
#14700=VECTOR('',#14699,0.4);
#14701=LINE('',#14698,#14700);
#14702=EDGE_CURVE('',#14691,#1725,#14701,.T.);
#14703=ORIENTED_EDGE('',*,*,#14702,.T.);
#14704=EDGE_LOOP('',(#14681,#14689,#14697,#14703));
#14705=FACE_BOUND('',#14704,.T.);
#14706=ADVANCED_FACE('',(#14705),#14680,.F.);
#14707=CARTESIAN_POINT('',(-18.265829276,52.975698831,-1.101411103));
#14708=DIRECTION('',(0.,0.,1.));
#14709=DIRECTION('',(0.,-1.,0.));
#14710=AXIS2_PLACEMENT_3D('',#14707,#14708,#14709);
#14711=PLANE('',#14710);
#14712=ORIENTED_EDGE('',*,*,#1899,.T.);
#14713=CARTESIAN_POINT('',(-18.03569388,52.975698831,-1.101411103));
#14714=VERTEX_POINT('',#14713);
#14715=CARTESIAN_POINT('',(-18.03569388,52.975698831,-1.101411103));
#14716=DIRECTION('',(0.,1.,-0.));
#14717=VECTOR('',#14716,0.4);
#14718=LINE('',#14715,#14717);
#14719=EDGE_CURVE('',#14714,#1888,#14718,.T.);
#14720=ORIENTED_EDGE('',*,*,#14719,.F.);
#14721=CARTESIAN_POINT('',(-18.495964672,52.975698831,-1.101411103));
#14722=DIRECTION('',(1.,0.,-0.));
#14723=VECTOR('',#14722,0.460270792);
#14724=LINE('',#14721,#14723);
#14725=EDGE_CURVE('',#14683,#14714,#14724,.T.);
#14726=ORIENTED_EDGE('',*,*,#14725,.F.);
#14727=ORIENTED_EDGE('',*,*,#14688,.T.);
#14728=EDGE_LOOP('',(#14712,#14720,#14726,#14727));
#14729=FACE_BOUND('',#14728,.T.);
#14730=ADVANCED_FACE('',(#14729),#14711,.F.);
#14731=CARTESIAN_POINT('',(-18.03569388,52.975698831,-1.380862824));
#14732=DIRECTION('',(1.,0.,0.));
#14733=DIRECTION('',(0.,0.,-1.));
#14734=AXIS2_PLACEMENT_3D('',#14731,#14732,#14733);
#14735=PLANE('',#14734);
#14736=ORIENTED_EDGE('',*,*,#1893,.T.);
#14737=CARTESIAN_POINT('',(-18.03569388,52.975698831,-1.660314544));
#14738=VERTEX_POINT('',#14737);
#14739=CARTESIAN_POINT('',(-18.03569388,52.975698831,-1.660314544));
#14740=DIRECTION('',(0.,1.,-0.));
#14741=VECTOR('',#14740,0.4);
#14742=LINE('',#14739,#14741);
#14743=EDGE_CURVE('',#14738,#1880,#14742,.T.);
#14744=ORIENTED_EDGE('',*,*,#14743,.F.);
#14745=CARTESIAN_POINT('',(-18.03569388,52.975698831,-1.101411103));
#14746=DIRECTION('',(0.,-0.,-1.));
#14747=VECTOR('',#14746,0.558903441);
#14748=LINE('',#14745,#14747);
#14749=EDGE_CURVE('',#14714,#14738,#14748,.T.);
#14750=ORIENTED_EDGE('',*,*,#14749,.F.);
#14751=ORIENTED_EDGE('',*,*,#14719,.T.);
#14752=EDGE_LOOP('',(#14736,#14744,#14750,#14751));
#14753=FACE_BOUND('',#14752,.T.);
#14754=ADVANCED_FACE('',(#14753),#14735,.F.);
#14755=CARTESIAN_POINT('',(-18.931583356,52.975698831,-1.660314544));
#14756=DIRECTION('',(0.,-0.,-1.));
#14757=DIRECTION('',(0.,1.,-0.));
#14758=AXIS2_PLACEMENT_3D('',#14755,#14756,#14757);
#14759=PLANE('',#14758);
#14760=ORIENTED_EDGE('',*,*,#1885,.T.);
#14761=CARTESIAN_POINT('',(-19.827472832,52.975698831,-1.660314544));
#14762=VERTEX_POINT('',#14761);
#14763=CARTESIAN_POINT('',(-19.827472832,52.975698831,-1.660314544));
#14764=DIRECTION('',(0.,1.,-0.));
#14765=VECTOR('',#14764,0.4);
#14766=LINE('',#14763,#14765);
#14767=EDGE_CURVE('',#14762,#1872,#14766,.T.);
#14768=ORIENTED_EDGE('',*,*,#14767,.F.);
#14769=CARTESIAN_POINT('',(-18.03569388,52.975698831,-1.660314544));
#14770=DIRECTION('',(-1.,0.,0.));
#14771=VECTOR('',#14770,1.791778952);
#14772=LINE('',#14769,#14771);
#14773=EDGE_CURVE('',#14738,#14762,#14772,.T.);
#14774=ORIENTED_EDGE('',*,*,#14773,.F.);
#14775=ORIENTED_EDGE('',*,*,#14743,.T.);
#14776=EDGE_LOOP('',(#14760,#14768,#14774,#14775));
#14777=FACE_BOUND('',#14776,.T.);
#14778=ADVANCED_FACE('',(#14777),#14759,.F.);
#14779=CARTESIAN_POINT('',(-19.827472832,52.975698831,-1.380862824));
#14780=DIRECTION('',(-1.,0.,0.));
#14781=DIRECTION('',(0.,0.,1.));
#14782=AXIS2_PLACEMENT_3D('',#14779,#14780,#14781);
#14783=PLANE('',#14782);
#14784=ORIENTED_EDGE('',*,*,#1877,.T.);
#14785=CARTESIAN_POINT('',(-19.827472832,52.975698831,-1.101411103));
#14786=VERTEX_POINT('',#14785);
#14787=CARTESIAN_POINT('',(-19.827472832,52.975698831,-1.101411103));
#14788=DIRECTION('',(0.,1.,-0.));
#14789=VECTOR('',#14788,0.4);
#14790=LINE('',#14787,#14789);
#14791=EDGE_CURVE('',#14786,#1864,#14790,.T.);
#14792=ORIENTED_EDGE('',*,*,#14791,.F.);
#14793=CARTESIAN_POINT('',(-19.827472832,52.975698831,-1.660314544));
#14794=DIRECTION('',(0.,0.,1.));
#14795=VECTOR('',#14794,0.558903441);
#14796=LINE('',#14793,#14795);
#14797=EDGE_CURVE('',#14762,#14786,#14796,.T.);
#14798=ORIENTED_EDGE('',*,*,#14797,.F.);
#14799=ORIENTED_EDGE('',*,*,#14767,.T.);
#14800=EDGE_LOOP('',(#14784,#14792,#14798,#14799));
#14801=FACE_BOUND('',#14800,.T.);
#14802=ADVANCED_FACE('',(#14801),#14783,.F.);
#14803=CARTESIAN_POINT('',(-19.58089773,52.975698831,-1.101411103));
#14804=DIRECTION('',(0.,0.,1.));
#14805=DIRECTION('',(0.,-1.,0.));
#14806=AXIS2_PLACEMENT_3D('',#14803,#14804,#14805);
#14807=PLANE('',#14806);
#14808=ORIENTED_EDGE('',*,*,#1869,.T.);
#14809=CARTESIAN_POINT('',(-19.334322627,52.975698831,-1.101411103));
#14810=VERTEX_POINT('',#14809);
#14811=CARTESIAN_POINT('',(-19.334322627,52.975698831,-1.101411103));
#14812=DIRECTION('',(0.,1.,-0.));
#14813=VECTOR('',#14812,0.4);
#14814=LINE('',#14811,#14813);
#14815=EDGE_CURVE('',#14810,#1856,#14814,.T.);
#14816=ORIENTED_EDGE('',*,*,#14815,.F.);
#14817=CARTESIAN_POINT('',(-19.827472832,52.975698831,-1.101411103));
#14818=DIRECTION('',(1.,0.,-0.));
#14819=VECTOR('',#14818,0.493150204);
#14820=LINE('',#14817,#14819);
#14821=EDGE_CURVE('',#14786,#14810,#14820,.T.);
#14822=ORIENTED_EDGE('',*,*,#14821,.F.);
#14823=ORIENTED_EDGE('',*,*,#14791,.T.);
#14824=EDGE_LOOP('',(#14808,#14816,#14822,#14823));
#14825=FACE_BOUND('',#14824,.T.);
#14826=ADVANCED_FACE('',(#14825),#14807,.F.);
#14827=CARTESIAN_POINT('',(-19.334322627,52.975698831,0.283520513));
#14828=DIRECTION('',(-1.,0.,0.));
#14829=DIRECTION('',(0.,0.,1.));
#14830=AXIS2_PLACEMENT_3D('',#14827,#14828,#14829);
#14831=PLANE('',#14830);
#14832=ORIENTED_EDGE('',*,*,#1861,.T.);
#14833=CARTESIAN_POINT('',(-19.334322627,52.975698831,1.66845213));
#14834=VERTEX_POINT('',#14833);
#14835=CARTESIAN_POINT('',(-19.334322627,52.975698831,1.66845213));
#14836=DIRECTION('',(0.,1.,-0.));
#14837=VECTOR('',#14836,0.4);
#14838=LINE('',#14835,#14837);
#14839=EDGE_CURVE('',#14834,#1844,#14838,.T.);
#14840=ORIENTED_EDGE('',*,*,#14839,.F.);
#14841=CARTESIAN_POINT('',(-19.334322627,52.975698831,-1.101411103));
#14842=DIRECTION('',(0.,0.,1.));
#14843=VECTOR('',#14842,2.769863233);
#14844=LINE('',#14841,#14843);
#14845=EDGE_CURVE('',#14810,#14834,#14844,.T.);
#14846=ORIENTED_EDGE('',*,*,#14845,.F.);
#14847=ORIENTED_EDGE('',*,*,#14815,.T.);
#14848=EDGE_LOOP('',(#14832,#14840,#14846,#14847));
#14849=FACE_BOUND('',#14848,.T.);
#14850=ADVANCED_FACE('',(#14849),#14831,.F.);
#14851=CARTESIAN_POINT('',(-19.334322627,52.975698831,1.66845213));
#14852=CARTESIAN_POINT('',(-19.334322627,53.375698831,1.66845213));
#14853=CARTESIAN_POINT('',(-19.334322627,52.975698831,2.660234303));
#14854=CARTESIAN_POINT('',(-19.334322627,53.375698831,2.660234303));
#14855=CARTESIAN_POINT('',(-18.860350217,52.975698831,3.156124458));
#14856=CARTESIAN_POINT('',(-18.860350217,53.375698831,3.156124458));
#14857=CARTESIAN_POINT('',(-17.912405398,52.975698831,3.156124458));
#14858=CARTESIAN_POINT('',(-17.912405398,53.375698831,3.156124458));
#14859=CARTESIAN_POINT('',(-17.331584211,52.975698831,3.156124458));
#14860=CARTESIAN_POINT('',(-17.331584211,53.375698831,3.156124458));
#14861=CARTESIAN_POINT('',(-16.772678908,52.975698831,2.961602838));
#14862=CARTESIAN_POINT('',(-16.772678908,53.375698831,2.961602838));
#14863=CARTESIAN_POINT('',(-16.235693212,52.975698831,2.572561458));
#14864=CARTESIAN_POINT('',(-16.235693212,53.375698831,2.572561458));
#14865=B_SPLINE_SURFACE_WITH_KNOTS('',3,1,((#14851,#14852),(#14853,#14854),(#14855,#14856),(#14857,#14858),(#14859,#14860),(#14861,#14862),(#14863,#14864)),.UNSPECIFIED.,.F.,.F.,.U.,(4,3,4),(2,2),(0.,0.620071885,1.),(0.,1.),.UNSPECIFIED.);
#14866=ORIENTED_EDGE('',*,*,#1853,.T.);
#14867=CARTESIAN_POINT('',(-16.235693212,52.975698831,2.572561458));
#14868=VERTEX_POINT('',#14867);
#14869=CARTESIAN_POINT('',(-16.235693212,52.975698831,2.572561458));
#14870=DIRECTION('',(0.,1.,-0.));
#14871=VECTOR('',#14870,0.4);
#14872=LINE('',#14869,#14871);
#14873=EDGE_CURVE('',#14868,#1836,#14872,.T.);
#14874=ORIENTED_EDGE('',*,*,#14873,.F.);
#14875=CARTESIAN_POINT('',(-19.334322627,52.975698831,1.66845213));
#14876=CARTESIAN_POINT('',(-19.334322627,52.975698831,2.660234303));
#14877=CARTESIAN_POINT('',(-18.860350217,52.975698831,3.156124458));
#14878=CARTESIAN_POINT('',(-17.912405398,52.975698831,3.156124458));
#14879=CARTESIAN_POINT('',(-17.331584211,52.975698831,3.156124458));
#14880=CARTESIAN_POINT('',(-16.772678908,52.975698831,2.961602838));
#14881=CARTESIAN_POINT('',(-16.235693212,52.975698831,2.572561458));
#14882=B_SPLINE_CURVE_WITH_KNOTS('',3,(#14875,#14876,#14877,#14878,#14879,#14880,#14881),.UNSPECIFIED.,.F.,.F.,(4,3,4),(0.,0.620071885,1.),.UNSPECIFIED.);
#14883=EDGE_CURVE('',#14834,#14868,#14882,.T.);
#14884=ORIENTED_EDGE('',*,*,#14883,.F.);
#14885=ORIENTED_EDGE('',*,*,#14839,.T.);
#14886=EDGE_LOOP('',(#14866,#14874,#14884,#14885));
#14887=FACE_BOUND('',#14886,.T.);
#14888=ADVANCED_FACE('',(#14887),#14865,.F.);
#14889=CARTESIAN_POINT('',(-16.108295735,52.975698831,2.806808644));
#14890=DIRECTION('',(-0.878484082,0.,0.477771616));
#14891=DIRECTION('',(0.477771616,0.,0.878484082));
#14892=AXIS2_PLACEMENT_3D('',#14889,#14890,#14891);
#14893=PLANE('',#14892);
#14894=ORIENTED_EDGE('',*,*,#1841,.T.);
#14895=CARTESIAN_POINT('',(-15.980898257,52.975698831,3.041055829));
#14896=VERTEX_POINT('',#14895);
#14897=CARTESIAN_POINT('',(-15.980898257,52.975698831,3.041055829));
#14898=DIRECTION('',(0.,1.,-0.));
#14899=VECTOR('',#14898,0.4);
#14900=LINE('',#14897,#14899);
#14901=EDGE_CURVE('',#14896,#1828,#14900,.T.);
#14902=ORIENTED_EDGE('',*,*,#14901,.F.);
#14903=CARTESIAN_POINT('',(-16.235693212,52.975698831,2.572561458));
#14904=DIRECTION('',(0.477771616,0.,0.878484082));
#14905=VECTOR('',#14904,0.533298645);
#14906=LINE('',#14903,#14905);
#14907=EDGE_CURVE('',#14868,#14896,#14906,.T.);
#14908=ORIENTED_EDGE('',*,*,#14907,.F.);
#14909=ORIENTED_EDGE('',*,*,#14873,.T.);
#14910=EDGE_LOOP('',(#14894,#14902,#14908,#14909));
#14911=FACE_BOUND('',#14910,.T.);
#14912=ADVANCED_FACE('',(#14911),#14893,.F.);
#14913=CARTESIAN_POINT('',(-15.508294891,52.975698831,3.041055829));
#14914=DIRECTION('',(0.,0.,1.));
#14915=DIRECTION('',(0.,-1.,0.));
#14916=AXIS2_PLACEMENT_3D('',#14913,#14914,#14915);
#14917=PLANE('',#14916);
#14918=ORIENTED_EDGE('',*,*,#1833,.T.);
#14919=CARTESIAN_POINT('',(-15.035691526,52.975698831,3.041055829));
#14920=VERTEX_POINT('',#14919);
#14921=CARTESIAN_POINT('',(-15.035691526,52.975698831,3.041055829));
#14922=DIRECTION('',(0.,1.,-0.));
#14923=VECTOR('',#14922,0.4);
#14924=LINE('',#14921,#14923);
#14925=EDGE_CURVE('',#14920,#1820,#14924,.T.);
#14926=ORIENTED_EDGE('',*,*,#14925,.F.);
#14927=CARTESIAN_POINT('',(-15.980898257,52.975698831,3.041055829));
#14928=DIRECTION('',(1.,0.,-0.));
#14929=VECTOR('',#14928,0.945206732);
#14930=LINE('',#14927,#14929);
#14931=EDGE_CURVE('',#14896,#14920,#14930,.T.);
#14932=ORIENTED_EDGE('',*,*,#14931,.F.);
#14933=ORIENTED_EDGE('',*,*,#14901,.T.);
#14934=EDGE_LOOP('',(#14918,#14926,#14932,#14933));
#14935=FACE_BOUND('',#14934,.T.);
#14936=ADVANCED_FACE('',(#14935),#14917,.F.);
#14937=CARTESIAN_POINT('',(-15.035691526,52.975698831,2.761603177));
#14938=DIRECTION('',(1.,0.,0.));
#14939=DIRECTION('',(0.,0.,-1.));
#14940=AXIS2_PLACEMENT_3D('',#14937,#14938,#14939);
#14941=PLANE('',#14940);
#14942=ORIENTED_EDGE('',*,*,#1825,.T.);
#14943=CARTESIAN_POINT('',(-15.035691526,52.975698831,2.482150526));
#14944=VERTEX_POINT('',#14943);
#14945=CARTESIAN_POINT('',(-15.035691526,52.975698831,2.482150526));
#14946=DIRECTION('',(0.,1.,-0.));
#14947=VECTOR('',#14946,0.4);
#14948=LINE('',#14945,#14947);
#14949=EDGE_CURVE('',#14944,#1812,#14948,.T.);
#14950=ORIENTED_EDGE('',*,*,#14949,.F.);
#14951=CARTESIAN_POINT('',(-15.035691526,52.975698831,3.041055829));
#14952=DIRECTION('',(0.,-0.,-1.));
#14953=VECTOR('',#14952,0.558905303);
#14954=LINE('',#14951,#14953);
#14955=EDGE_CURVE('',#14920,#14944,#14954,.T.);
#14956=ORIENTED_EDGE('',*,*,#14955,.F.);
#14957=ORIENTED_EDGE('',*,*,#14925,.T.);
#14958=EDGE_LOOP('',(#14942,#14950,#14956,#14957));
#14959=FACE_BOUND('',#14958,.T.);
#14960=ADVANCED_FACE('',(#14959),#14941,.F.);
#14961=CARTESIAN_POINT('',(-15.28226849,52.975698831,2.482150526));
#14962=DIRECTION('',(0.,-0.,-1.));
#14963=DIRECTION('',(0.,1.,-0.));
#14964=AXIS2_PLACEMENT_3D('',#14961,#14962,#14963);
#14965=PLANE('',#14964);
#14966=ORIENTED_EDGE('',*,*,#1817,.T.);
#14967=CARTESIAN_POINT('',(-15.528845455,52.975698831,2.482150526));
#14968=VERTEX_POINT('',#14967);
#14969=CARTESIAN_POINT('',(-15.528845455,52.975698831,2.482150526));
#14970=DIRECTION('',(0.,1.,-0.));
#14971=VECTOR('',#14970,0.4);
#14972=LINE('',#14969,#14971);
#14973=EDGE_CURVE('',#14968,#1804,#14972,.T.);
#14974=ORIENTED_EDGE('',*,*,#14973,.F.);
#14975=CARTESIAN_POINT('',(-15.035691526,52.975698831,2.482150526));
#14976=DIRECTION('',(-1.,0.,0.));
#14977=VECTOR('',#14976,0.49315393);
#14978=LINE('',#14975,#14977);
#14979=EDGE_CURVE('',#14944,#14968,#14978,.T.);
#14980=ORIENTED_EDGE('',*,*,#14979,.F.);
#14981=ORIENTED_EDGE('',*,*,#14949,.T.);
#14982=EDGE_LOOP('',(#14966,#14974,#14980,#14981));
#14983=FACE_BOUND('',#14982,.T.);
#14984=ADVANCED_FACE('',(#14983),#14965,.F.);
#14985=CARTESIAN_POINT('',(-15.528845455,52.975698831,0.690369711));
#14986=DIRECTION('',(1.,0.,0.));
#14987=DIRECTION('',(0.,0.,-1.));
#14988=AXIS2_PLACEMENT_3D('',#14985,#14986,#14987);
#14989=PLANE('',#14988);
#14990=ORIENTED_EDGE('',*,*,#1809,.T.);
#14991=CARTESIAN_POINT('',(-15.528845455,52.975698831,-1.101411103));
#14992=VERTEX_POINT('',#14991);
#14993=CARTESIAN_POINT('',(-15.528845455,52.975698831,-1.101411103));
#14994=DIRECTION('',(0.,1.,-0.));
#14995=VECTOR('',#14994,0.4);
#14996=LINE('',#14993,#14995);
#14997=EDGE_CURVE('',#14992,#1796,#14996,.T.);
#14998=ORIENTED_EDGE('',*,*,#14997,.F.);
#14999=CARTESIAN_POINT('',(-15.528845455,52.975698831,2.482150526));
#15000=DIRECTION('',(0.,-0.,-1.));
#15001=VECTOR('',#15000,3.583561629);
#15002=LINE('',#14999,#15001);
#15003=EDGE_CURVE('',#14968,#14992,#15002,.T.);
#15004=ORIENTED_EDGE('',*,*,#15003,.F.);
#15005=ORIENTED_EDGE('',*,*,#14973,.T.);
#15006=EDGE_LOOP('',(#14990,#14998,#15004,#15005));
#15007=FACE_BOUND('',#15006,.T.);
#15008=ADVANCED_FACE('',(#15007),#14989,.F.);
#15009=CARTESIAN_POINT('',(-15.28226849,52.975698831,-1.101411103));
#15010=DIRECTION('',(0.,0.,1.));
#15011=DIRECTION('',(0.,-1.,0.));
#15012=AXIS2_PLACEMENT_3D('',#15009,#15010,#15011);
#15013=PLANE('',#15012);
#15014=ORIENTED_EDGE('',*,*,#1801,.T.);
#15015=CARTESIAN_POINT('',(-15.035691526,52.975698831,-1.101411103));
#15016=VERTEX_POINT('',#15015);
#15017=CARTESIAN_POINT('',(-15.035691526,52.975698831,-1.101411103));
#15018=DIRECTION('',(0.,1.,-0.));
#15019=VECTOR('',#15018,0.4);
#15020=LINE('',#15017,#15019);
#15021=EDGE_CURVE('',#15016,#1788,#15020,.T.);
#15022=ORIENTED_EDGE('',*,*,#15021,.F.);
#15023=CARTESIAN_POINT('',(-15.528845455,52.975698831,-1.101411103));
#15024=DIRECTION('',(1.,0.,-0.));
#15025=VECTOR('',#15024,0.49315393);
#15026=LINE('',#15023,#15025);
#15027=EDGE_CURVE('',#14992,#15016,#15026,.T.);
#15028=ORIENTED_EDGE('',*,*,#15027,.F.);
#15029=ORIENTED_EDGE('',*,*,#14997,.T.);
#15030=EDGE_LOOP('',(#15014,#15022,#15028,#15029));
#15031=FACE_BOUND('',#15030,.T.);
#15032=ADVANCED_FACE('',(#15031),#15013,.F.);
#15033=CARTESIAN_POINT('',(-15.035691526,52.975698831,-1.380862824));
#15034=DIRECTION('',(1.,0.,0.));
#15035=DIRECTION('',(0.,0.,-1.));
#15036=AXIS2_PLACEMENT_3D('',#15033,#15034,#15035);
#15037=PLANE('',#15036);
#15038=ORIENTED_EDGE('',*,*,#1793,.T.);
#15039=CARTESIAN_POINT('',(-15.035691526,52.975698831,-1.660314544));
#15040=VERTEX_POINT('',#15039);
#15041=CARTESIAN_POINT('',(-15.035691526,52.975698831,-1.660314544));
#15042=DIRECTION('',(0.,1.,-0.));
#15043=VECTOR('',#15042,0.4);
#15044=LINE('',#15041,#15043);
#15045=EDGE_CURVE('',#15040,#1780,#15044,.T.);
#15046=ORIENTED_EDGE('',*,*,#15045,.F.);
#15047=CARTESIAN_POINT('',(-15.035691526,52.975698831,-1.101411103));
#15048=DIRECTION('',(0.,-0.,-1.));
#15049=VECTOR('',#15048,0.558903441);
#15050=LINE('',#15047,#15049);
#15051=EDGE_CURVE('',#15016,#15040,#15050,.T.);
#15052=ORIENTED_EDGE('',*,*,#15051,.F.);
#15053=ORIENTED_EDGE('',*,*,#15021,.T.);
#15054=EDGE_LOOP('',(#15038,#15046,#15052,#15053));
#15055=FACE_BOUND('',#15054,.T.);
#15056=ADVANCED_FACE('',(#15055),#15037,.F.);
#15057=CARTESIAN_POINT('',(-15.927472006,52.975698831,-1.660314544));
#15058=DIRECTION('',(0.,-0.,-1.));
#15059=DIRECTION('',(0.,1.,-0.));
#15060=AXIS2_PLACEMENT_3D('',#15057,#15058,#15059);
#15061=PLANE('',#15060);
#15062=ORIENTED_EDGE('',*,*,#1785,.T.);
#15063=CARTESIAN_POINT('',(-16.819252487,52.975698831,-1.660314544));
#15064=VERTEX_POINT('',#15063);
#15065=CARTESIAN_POINT('',(-16.819252487,52.975698831,-1.660314544));
#15066=DIRECTION('',(0.,1.,-0.));
#15067=VECTOR('',#15066,0.4);
#15068=LINE('',#15065,#15067);
#15069=EDGE_CURVE('',#15064,#1772,#15068,.T.);
#15070=ORIENTED_EDGE('',*,*,#15069,.F.);
#15071=CARTESIAN_POINT('',(-15.035691526,52.975698831,-1.660314544));
#15072=DIRECTION('',(-1.,0.,0.));
#15073=VECTOR('',#15072,1.783560961);
#15074=LINE('',#15071,#15073);
#15075=EDGE_CURVE('',#15040,#15064,#15074,.T.);
#15076=ORIENTED_EDGE('',*,*,#15075,.F.);
#15077=ORIENTED_EDGE('',*,*,#15045,.T.);
#15078=EDGE_LOOP('',(#15062,#15070,#15076,#15077));
#15079=FACE_BOUND('',#15078,.T.);
#15080=ADVANCED_FACE('',(#15079),#15061,.F.);
#15081=CARTESIAN_POINT('',(-16.819252487,52.975698831,-1.380862824));
#15082=DIRECTION('',(-1.,0.,0.));
#15083=DIRECTION('',(0.,0.,1.));
#15084=AXIS2_PLACEMENT_3D('',#15081,#15082,#15083);
#15085=PLANE('',#15084);
#15086=ORIENTED_EDGE('',*,*,#1777,.T.);
#15087=CARTESIAN_POINT('',(-16.819252487,52.975698831,-1.101411103));
#15088=VERTEX_POINT('',#15087);
#15089=CARTESIAN_POINT('',(-16.819252487,52.975698831,-1.101411103));
#15090=DIRECTION('',(0.,1.,-0.));
#15091=VECTOR('',#15090,0.4);
#15092=LINE('',#15089,#15091);
#15093=EDGE_CURVE('',#15088,#1764,#15092,.T.);
#15094=ORIENTED_EDGE('',*,*,#15093,.F.);
#15095=CARTESIAN_POINT('',(-16.819252487,52.975698831,-1.660314544));
#15096=DIRECTION('',(0.,0.,1.));
#15097=VECTOR('',#15096,0.558903441);
#15098=LINE('',#15095,#15097);
#15099=EDGE_CURVE('',#15064,#15088,#15098,.T.);
#15100=ORIENTED_EDGE('',*,*,#15099,.F.);
#15101=ORIENTED_EDGE('',*,*,#15069,.T.);
#15102=EDGE_LOOP('',(#15086,#15094,#15100,#15101));
#15103=FACE_BOUND('',#15102,.T.);
#15104=ADVANCED_FACE('',(#15103),#15085,.F.);
#15105=CARTESIAN_POINT('',(-16.589117091,52.975698831,-1.101411103));
#15106=DIRECTION('',(0.,0.,1.));
#15107=DIRECTION('',(0.,-1.,0.));
#15108=AXIS2_PLACEMENT_3D('',#15105,#15106,#15107);
#15109=PLANE('',#15108);
#15110=ORIENTED_EDGE('',*,*,#1769,.T.);
#15111=CARTESIAN_POINT('',(-16.358981695,52.975698831,-1.101411103));
#15112=VERTEX_POINT('',#15111);
#15113=CARTESIAN_POINT('',(-16.358981695,52.975698831,-1.101411103));
#15114=DIRECTION('',(0.,1.,-0.));
#15115=VECTOR('',#15114,0.4);
#15116=LINE('',#15113,#15115);
#15117=EDGE_CURVE('',#15112,#1756,#15116,.T.);
#15118=ORIENTED_EDGE('',*,*,#15117,.F.);
#15119=CARTESIAN_POINT('',(-16.819252487,52.975698831,-1.101411103));
#15120=DIRECTION('',(1.,0.,-0.));
#15121=VECTOR('',#15120,0.460270792);
#15122=LINE('',#15119,#15121);
#15123=EDGE_CURVE('',#15088,#15112,#15122,.T.);
#15124=ORIENTED_EDGE('',*,*,#15123,.F.);
#15125=ORIENTED_EDGE('',*,*,#15093,.T.);
#15126=EDGE_LOOP('',(#15110,#15118,#15124,#15125));
#15127=FACE_BOUND('',#15126,.T.);
#15128=ADVANCED_FACE('',(#15127),#15109,.F.);
#15129=CARTESIAN_POINT('',(-16.358981695,52.975698831,0.443794609));
#15130=DIRECTION('',(-1.,0.,0.));
#15131=DIRECTION('',(0.,0.,1.));
#15132=AXIS2_PLACEMENT_3D('',#15129,#15130,#15131);
#15133=PLANE('',#15132);
#15134=ORIENTED_EDGE('',*,*,#1761,.T.);
#15135=CARTESIAN_POINT('',(-16.358981695,52.975698831,1.989000321));
#15136=VERTEX_POINT('',#15135);
#15137=CARTESIAN_POINT('',(-16.358981695,52.975698831,1.989000321));
#15138=DIRECTION('',(0.,1.,-0.));
#15139=VECTOR('',#15138,0.4);
#15140=LINE('',#15137,#15139);
#15141=EDGE_CURVE('',#15136,#1744,#15140,.T.);
#15142=ORIENTED_EDGE('',*,*,#15141,.F.);
#15143=CARTESIAN_POINT('',(-16.358981695,52.975698831,-1.101411103));
#15144=DIRECTION('',(0.,0.,1.));
#15145=VECTOR('',#15144,3.090411425);
#15146=LINE('',#15143,#15145);
#15147=EDGE_CURVE('',#15112,#15136,#15146,.T.);
#15148=ORIENTED_EDGE('',*,*,#15147,.F.);
#15149=ORIENTED_EDGE('',*,*,#15117,.T.);
#15150=EDGE_LOOP('',(#15134,#15142,#15148,#15149));
#15151=FACE_BOUND('',#15150,.T.);
#15152=ADVANCED_FACE('',(#15151),#15133,.F.);
#15153=CARTESIAN_POINT('',(-16.358981695,52.975698831,1.989000321));
#15154=CARTESIAN_POINT('',(-16.358981695,53.375698831,1.989000321));
#15155=CARTESIAN_POINT('',(-16.791856702,52.975698831,2.328726307));
#15156=CARTESIAN_POINT('',(-16.791856702,53.375698831,2.328726307));
#15157=CARTESIAN_POINT('',(-17.246651318,52.975698831,2.498590232));
#15158=CARTESIAN_POINT('',(-17.246651318,53.375698831,2.498590232));
#15159=CARTESIAN_POINT('',(-17.723361816,52.975698831,2.498590232));
#15160=CARTESIAN_POINT('',(-17.723361816,53.375698831,2.498590232));
#15161=CARTESIAN_POINT('',(-18.002814468,52.975698831,2.498590232));
#15162=CARTESIAN_POINT('',(-18.002814468,53.375698831,2.498590232));
#15163=CARTESIAN_POINT('',(-18.201443221,52.975698831,2.431466088));
#15164=CARTESIAN_POINT('',(-18.201443221,53.375698831,2.431466088));
#15165=CARTESIAN_POINT('',(-18.319255527,52.975698831,2.297219665));
#15166=CARTESIAN_POINT('',(-18.319255527,53.375698831,2.297219665));
#15167=B_SPLINE_SURFACE_WITH_KNOTS('',3,1,((#15153,#15154),(#15155,#15156),(#15157,#15158),(#15159,#15160),(#15161,#15162),(#15163,#15164),(#15165,#15166)),.UNSPECIFIED.,.F.,.F.,.U.,(4,3,4),(2,2),(0.,0.460319393,0.730163409),(0.,1.),.UNSPECIFIED.);
#15168=ORIENTED_EDGE('',*,*,#1753,.T.);
#15169=CARTESIAN_POINT('',(-18.319255527,52.975698831,2.297219665));
#15170=VERTEX_POINT('',#15169);
#15171=CARTESIAN_POINT('',(-18.319255527,52.975698831,2.297219665));
#15172=DIRECTION('',(0.,1.,-0.));
#15173=VECTOR('',#15172,0.4);
#15174=LINE('',#15171,#15173);
#15175=EDGE_CURVE('',#15170,#1735,#15174,.T.);
#15176=ORIENTED_EDGE('',*,*,#15175,.F.);
#15177=CARTESIAN_POINT('',(-16.358981695,52.975698831,1.989000321));
#15178=CARTESIAN_POINT('',(-16.791856702,52.975698831,2.328726307));
#15179=CARTESIAN_POINT('',(-17.246651318,52.975698831,2.498590232));
#15180=CARTESIAN_POINT('',(-17.723361816,52.975698831,2.498590232));
#15181=CARTESIAN_POINT('',(-18.002814468,52.975698831,2.498590232));
#15182=CARTESIAN_POINT('',(-18.201443221,52.975698831,2.431466088));
#15183=CARTESIAN_POINT('',(-18.319255527,52.975698831,2.297219665));
#15184=B_SPLINE_CURVE_WITH_KNOTS('',3,(#15177,#15178,#15179,#15180,#15181,#15182,#15183),.UNSPECIFIED.,.F.,.F.,(4,3,4),(0.,0.460319393,0.730163409),.UNSPECIFIED.);
#15185=EDGE_CURVE('',#15136,#15170,#15184,.T.);
#15186=ORIENTED_EDGE('',*,*,#15185,.F.);
#15187=ORIENTED_EDGE('',*,*,#15141,.T.);
#15188=EDGE_LOOP('',(#15168,#15176,#15186,#15187));
#15189=FACE_BOUND('',#15188,.T.);
#15190=ADVANCED_FACE('',(#15189),#15167,.F.);
#15191=CARTESIAN_POINT('',(-18.319255527,52.975698831,2.297219665));
#15192=CARTESIAN_POINT('',(-18.319255527,53.375698831,2.297219665));
#15193=CARTESIAN_POINT('',(-18.437060382,52.975698831,2.162973241));
#15194=CARTESIAN_POINT('',(-18.437060382,53.375698831,2.162973241));
#15195=CARTESIAN_POINT('',(-18.495964672,52.975698831,1.936944977));
#15196=CARTESIAN_POINT('',(-18.495964672,53.375698831,1.936944977));
#15197=CARTESIAN_POINT('',(-18.495964672,52.975698831,1.619136737));
#15198=CARTESIAN_POINT('',(-18.495964672,53.375698831,1.619136737));
#15199=B_SPLINE_SURFACE_WITH_KNOTS('',3,1,((#15191,#15192),(#15193,#15194),(#15195,#15196),(#15197,#15198)),.UNSPECIFIED.,.F.,.F.,.U.,(4,4),(2,2),(0.730163409,1.),(0.,1.),.UNSPECIFIED.);
#15200=ORIENTED_EDGE('',*,*,#1741,.T.);
#15201=ORIENTED_EDGE('',*,*,#14702,.F.);
#15202=CARTESIAN_POINT('',(-18.319255527,52.975698831,2.297219665));
#15203=CARTESIAN_POINT('',(-18.437060382,52.975698831,2.162973241));
#15204=CARTESIAN_POINT('',(-18.495964672,52.975698831,1.936944977));
#15205=CARTESIAN_POINT('',(-18.495964672,52.975698831,1.619136737));
#15206=B_SPLINE_CURVE_WITH_KNOTS('',3,(#15202,#15203,#15204,#15205),.UNSPECIFIED.,.F.,.F.,(4,4),(0.730163409,1.),.UNSPECIFIED.);
#15207=EDGE_CURVE('',#15170,#14691,#15206,.T.);
#15208=ORIENTED_EDGE('',*,*,#15207,.F.);
#15209=ORIENTED_EDGE('',*,*,#15175,.T.);
#15210=EDGE_LOOP('',(#15200,#15201,#15208,#15209));
#15211=FACE_BOUND('',#15210,.T.);
#15212=ADVANCED_FACE('',(#15211),#15199,.F.);
#15213=CARTESIAN_POINT('',(0.214993954,52.975698831,0.64516471));
#15214=DIRECTION('',(0.,1.,-0.));
#15215=DIRECTION('',(-1.,0.,0.));
#15216=AXIS2_PLACEMENT_3D('',#15213,#15214,#15215);
#15217=PLANE('',#15216);
#15218=ORIENTED_EDGE('',*,*,#14696,.T.);
#15219=ORIENTED_EDGE('',*,*,#14725,.T.);
#15220=ORIENTED_EDGE('',*,*,#14749,.T.);
#15221=ORIENTED_EDGE('',*,*,#14773,.T.);
#15222=ORIENTED_EDGE('',*,*,#14797,.T.);
#15223=ORIENTED_EDGE('',*,*,#14821,.T.);
#15224=ORIENTED_EDGE('',*,*,#14845,.T.);
#15225=ORIENTED_EDGE('',*,*,#14883,.T.);
#15226=ORIENTED_EDGE('',*,*,#14907,.T.);
#15227=ORIENTED_EDGE('',*,*,#14931,.T.);
#15228=ORIENTED_EDGE('',*,*,#14955,.T.);
#15229=ORIENTED_EDGE('',*,*,#14979,.T.);
#15230=ORIENTED_EDGE('',*,*,#15003,.T.);
#15231=ORIENTED_EDGE('',*,*,#15027,.T.);
#15232=ORIENTED_EDGE('',*,*,#15051,.T.);
#15233=ORIENTED_EDGE('',*,*,#15075,.T.);
#15234=ORIENTED_EDGE('',*,*,#15099,.T.);
#15235=ORIENTED_EDGE('',*,*,#15123,.T.);
#15236=ORIENTED_EDGE('',*,*,#15147,.T.);
#15237=ORIENTED_EDGE('',*,*,#15185,.T.);
#15238=ORIENTED_EDGE('',*,*,#15207,.T.);
#15239=EDGE_LOOP('',(#15218,#15219,#15220,#15221,#15222,#15223,#15224,#15225,#15226,#15227,#15228,#15229,#15230,#15231,#15232,#15233,#15234,#15235,#15236,#15237,#15238));
#15240=FACE_BOUND('',#15239,.T.);
#15241=ADVANCED_FACE('',(#15240),#15217,.T.);
#15242=CARTESIAN_POINT('',(4.345131252,52.975698831,-0.739767372));
#15243=CARTESIAN_POINT('',(4.345131252,53.375698831,-0.739767372));
#15244=CARTESIAN_POINT('',(4.662939493,52.975698831,-0.991822376));
#15245=CARTESIAN_POINT('',(4.662939493,53.375698831,-0.991822376));
#15246=CARTESIAN_POINT('',(5.008145381,52.975698831,-1.117848947));
#15247=CARTESIAN_POINT('',(5.008145381,53.375698831,-1.117848947));
#15248=CARTESIAN_POINT('',(5.380747054,52.975698831,-1.117848947));
#15249=CARTESIAN_POINT('',(5.380747054,53.375698831,-1.117848947));
#15250=B_SPLINE_SURFACE_WITH_KNOTS('',3,1,((#15242,#15243),(#15244,#15245),(#15246,#15247),(#15248,#15249)),.UNSPECIFIED.,.F.,.F.,.U.,(4,4),(2,2),(0.,1.),(0.,1.),.UNSPECIFIED.);
#15251=CARTESIAN_POINT('',(4.345131252,53.375698831,-0.739767372));
#15252=VERTEX_POINT('',#15251);
#15253=CARTESIAN_POINT('',(5.380747054,53.375698831,-1.117848947));
#15254=VERTEX_POINT('',#15253);
#15255=CARTESIAN_POINT('',(4.345131252,53.375698831,-0.739767372));
#15256=CARTESIAN_POINT('',(4.662939493,53.375698831,-0.991822376));
#15257=CARTESIAN_POINT('',(5.008145381,53.375698831,-1.117848947));
#15258=CARTESIAN_POINT('',(5.380747054,53.375698831,-1.117848947));
#15259=B_SPLINE_CURVE_WITH_KNOTS('',3,(#15255,#15256,#15257,#15258),.UNSPECIFIED.,.F.,.F.,(4,4),(0.,1.),.UNSPECIFIED.);
#15260=EDGE_CURVE('',#15252,#15254,#15259,.T.);
#15261=ORIENTED_EDGE('',*,*,#15260,.T.);
#15262=CARTESIAN_POINT('',(5.380747054,52.975698831,-1.117848947));
#15263=VERTEX_POINT('',#15262);
#15264=CARTESIAN_POINT('',(5.380747054,52.975698831,-1.117848947));
#15265=DIRECTION('',(0.,1.,-0.));
#15266=VECTOR('',#15265,0.4);
#15267=LINE('',#15264,#15266);
#15268=EDGE_CURVE('',#15263,#15254,#15267,.T.);
#15269=ORIENTED_EDGE('',*,*,#15268,.F.);
#15270=CARTESIAN_POINT('',(4.345131252,52.975698831,-0.739767372));
#15271=VERTEX_POINT('',#15270);
#15272=CARTESIAN_POINT('',(4.345131252,52.975698831,-0.739767372));
#15273=CARTESIAN_POINT('',(4.662939493,52.975698831,-0.991822376));
#15274=CARTESIAN_POINT('',(5.008145381,52.975698831,-1.117848947));
#15275=CARTESIAN_POINT('',(5.380747054,52.975698831,-1.117848947));
#15276=B_SPLINE_CURVE_WITH_KNOTS('',3,(#15272,#15273,#15274,#15275),.UNSPECIFIED.,.F.,.F.,(4,4),(0.,1.),.UNSPECIFIED.);
#15277=EDGE_CURVE('',#15271,#15263,#15276,.T.);
#15278=ORIENTED_EDGE('',*,*,#15277,.F.);
#15279=CARTESIAN_POINT('',(4.345131252,52.975698831,-0.739767372));
#15280=DIRECTION('',(0.,1.,-0.));
#15281=VECTOR('',#15280,0.4);
#15282=LINE('',#15279,#15281);
#15283=EDGE_CURVE('',#15271,#15252,#15282,.T.);
#15284=ORIENTED_EDGE('',*,*,#15283,.T.);
#15285=EDGE_LOOP('',(#15261,#15269,#15278,#15284));
#15286=FACE_BOUND('',#15285,.T.);
#15287=ADVANCED_FACE('',(#15286),#15250,.F.);
#15288=CARTESIAN_POINT('',(5.380747054,52.975698831,-1.117848947));
#15289=CARTESIAN_POINT('',(5.380747054,53.375698831,-1.117848947));
#15290=CARTESIAN_POINT('',(5.583487597,52.975698831,-1.117848947));
#15291=CARTESIAN_POINT('',(5.583487597,53.375698831,-1.117848947));
#15292=CARTESIAN_POINT('',(5.757460516,52.975698831,-1.087711348));
#15293=CARTESIAN_POINT('',(5.757460516,53.375698831,-1.087711348));
#15294=CARTESIAN_POINT('',(5.902664881,52.975698831,-1.027438014));
#15295=CARTESIAN_POINT('',(5.902664881,53.375698831,-1.027438014));
#15296=CARTESIAN_POINT('',(6.047871109,52.975698831,-0.96716468));
#15297=CARTESIAN_POINT('',(6.047871109,53.375698831,-0.96716468));
#15298=CARTESIAN_POINT('',(6.162938807,52.975698831,-0.886342644));
#15299=CARTESIAN_POINT('',(6.162938807,53.375698831,-0.886342644));
#15300=CARTESIAN_POINT('',(6.247869838,52.975698831,-0.784971907));
#15301=CARTESIAN_POINT('',(6.247869838,53.375698831,-0.784971907));
#15302=CARTESIAN_POINT('',(6.332802732,52.975698831,-0.683603033));
#15303=CARTESIAN_POINT('',(6.332802732,53.375698831,-0.683603033));
#15304=CARTESIAN_POINT('',(6.398555968,52.975698831,-0.552094697));
#15305=CARTESIAN_POINT('',(6.398555968,53.375698831,-0.552094697));
#15306=CARTESIAN_POINT('',(6.445130479,52.975698831,-0.390452489));
#15307=CARTESIAN_POINT('',(6.445130479,53.375698831,-0.390452489));
#15308=CARTESIAN_POINT('',(6.491706852,52.975698831,-0.228808417));
#15309=CARTESIAN_POINT('',(6.491706852,53.375698831,-0.228808417));
#15310=CARTESIAN_POINT('',(6.523214426,52.975698831,-0.065793439));
#15311=CARTESIAN_POINT('',(6.523214426,53.375698831,-0.065793439));
#15312=CARTESIAN_POINT('',(6.539651338,52.975698831,0.098588721));
#15313=CARTESIAN_POINT('',(6.539651338,53.375698831,0.098588721));
#15314=CARTESIAN_POINT('',(6.556090113,52.975698831,0.262972743));
#15315=CARTESIAN_POINT('',(6.556090113,53.375698831,0.262972743));
#15316=CARTESIAN_POINT('',(6.564309035,52.975698831,0.460232452));
#15317=CARTESIAN_POINT('',(6.564309035,53.375698831,0.460232452));
#15318=CARTESIAN_POINT('',(6.564309035,52.975698831,0.690369711));
#15319=CARTESIAN_POINT('',(6.564309035,53.375698831,0.690369711));
#15320=CARTESIAN_POINT('',(6.564309035,52.975698831,0.925986872));
#15321=CARTESIAN_POINT('',(6.564309035,53.375698831,0.925986872));
#15322=CARTESIAN_POINT('',(6.556090113,52.975698831,1.127357439));
#15323=CARTESIAN_POINT('',(6.556090113,53.375698831,1.127357439));
#15324=CARTESIAN_POINT('',(6.539651338,52.975698831,1.29447955));
#15325=CARTESIAN_POINT('',(6.539651338,53.375698831,1.29447955));
#15326=CARTESIAN_POINT('',(6.523214426,52.975698831,1.461603523));
#15327=CARTESIAN_POINT('',(6.523214426,53.375698831,1.461603523));
#15328=CARTESIAN_POINT('',(6.490336877,52.975698831,1.625987545));
#15329=CARTESIAN_POINT('',(6.490336877,53.375698831,1.625987545));
#15330=CARTESIAN_POINT('',(6.441021484,52.975698831,1.787631617));
#15331=CARTESIAN_POINT('',(6.441021484,53.375698831,1.787631617));
#15332=CARTESIAN_POINT('',(6.391706091,52.975698831,1.949273825));
#15333=CARTESIAN_POINT('',(6.391706091,53.375698831,1.949273825));
#15334=CARTESIAN_POINT('',(6.323212903,52.975698831,2.079411254));
#15335=CARTESIAN_POINT('',(6.323212903,53.375698831,2.079411254));
#15336=CARTESIAN_POINT('',(6.235541921,52.975698831,2.17804204));
#15337=CARTESIAN_POINT('',(6.235541921,53.375698831,2.17804204));
#15338=CARTESIAN_POINT('',(6.147871871,52.975698831,2.276670963));
#15339=CARTESIAN_POINT('',(6.147871871,53.375698831,2.276670963));
#15340=CARTESIAN_POINT('',(6.031434197,52.975698831,2.354754911));
#15341=CARTESIAN_POINT('',(6.031434197,53.375698831,2.354754911));
#15342=CARTESIAN_POINT('',(5.886227038,52.975698831,2.412288294));
#15343=CARTESIAN_POINT('',(5.886227038,53.375698831,2.412288294));
#15344=CARTESIAN_POINT('',(5.741022673,52.975698831,2.469821677));
#15345=CARTESIAN_POINT('',(5.741022673,53.375698831,2.469821677));
#15346=CARTESIAN_POINT('',(5.567048822,52.975698831,2.498590232));
#15347=CARTESIAN_POINT('',(5.567048822,53.375698831,2.498590232));
#15348=CARTESIAN_POINT('',(5.364309211,52.975698831,2.498590232));
#15349=CARTESIAN_POINT('',(5.364309211,53.375698831,2.498590232));
#15350=CARTESIAN_POINT('',(5.019103322,52.975698831,2.498590232));
#15351=CARTESIAN_POINT('',(5.019103322,53.375698831,2.498590232));
#15352=CARTESIAN_POINT('',(4.679379199,52.975698831,2.432836995));
#15353=CARTESIAN_POINT('',(4.679379199,53.375698831,2.432836995));
#15354=CARTESIAN_POINT('',(4.345131252,52.975698831,2.301330522));
#15355=CARTESIAN_POINT('',(4.345131252,53.375698831,2.301330522));
#15356=B_SPLINE_SURFACE_WITH_KNOTS('',3,1,((#15288,#15289),(#15290,#15291),(#15292,#15293),(#15294,#15295),(#15296,#15297),(#15298,#15299),(#15300,#15301),(#15302,#15303),(#15304,#15305),(#15306,#15307),(#15308,#15309),(#15310,#15311),(#15312,#15313),(#15314,#15315),(#15316,#15317),(#15318,#15319),(#15320,#15321),(#15322,#15323),(#15324,#15325),(#15326,#15327),(#15328,#15329),(#15330,#15331),(#15332,#15333),(#15334,#15335),(#15336,#15337),(#15338,#15339),
(#15340,#15341),(#15342,#15343),(#15344,#15345),(#15346,#15347),(#15348,#15349),(#15350,#15351),(#15352,#15353),(#15354,#15355)),.UNSPECIFIED.,.F.,.F.,.U.,(4,3,3,3,3,3,3,3,3,3,3,4),(2,2),(0.,0.084299046,0.168599014,0.252898835,0.337199811,0.421501827,0.507811196,0.594121425,0.680430744,0.766738748,0.853045316,1.),(0.,1.),.UNSPECIFIED.);
#15357=CARTESIAN_POINT('',(4.345131252,53.375698831,2.301330522));
#15358=VERTEX_POINT('',#15357);
#15359=CARTESIAN_POINT('',(5.380747054,53.375698831,-1.117848947));
#15360=CARTESIAN_POINT('',(5.583487597,53.375698831,-1.117848947));
#15361=CARTESIAN_POINT('',(5.757460516,53.375698831,-1.087711348));
#15362=CARTESIAN_POINT('',(5.902664881,53.375698831,-1.027438014));
#15363=CARTESIAN_POINT('',(6.047871109,53.375698831,-0.96716468));
#15364=CARTESIAN_POINT('',(6.162938807,53.375698831,-0.886342644));
#15365=CARTESIAN_POINT('',(6.247869838,53.375698831,-0.784971907));
#15366=CARTESIAN_POINT('',(6.332802732,53.375698831,-0.683603033));
#15367=CARTESIAN_POINT('',(6.398555968,53.375698831,-0.552094697));
#15368=CARTESIAN_POINT('',(6.445130479,53.375698831,-0.390452489));
#15369=CARTESIAN_POINT('',(6.491706852,53.375698831,-0.228808417));
#15370=CARTESIAN_POINT('',(6.523214426,53.375698831,-0.065793439));
#15371=CARTESIAN_POINT('',(6.539651338,53.375698831,0.098588721));
#15372=CARTESIAN_POINT('',(6.556090113,53.375698831,0.262972743));
#15373=CARTESIAN_POINT('',(6.564309035,53.375698831,0.460232452));
#15374=CARTESIAN_POINT('',(6.564309035,53.375698831,0.690369711));
#15375=CARTESIAN_POINT('',(6.564309035,53.375698831,0.925986872));
#15376=CARTESIAN_POINT('',(6.556090113,53.375698831,1.127357439));
#15377=CARTESIAN_POINT('',(6.539651338,53.375698831,1.29447955));
#15378=CARTESIAN_POINT('',(6.523214426,53.375698831,1.461603523));
#15379=CARTESIAN_POINT('',(6.490336877,53.375698831,1.625987545));
#15380=CARTESIAN_POINT('',(6.441021484,53.375698831,1.787631617));
#15381=CARTESIAN_POINT('',(6.391706091,53.375698831,1.949273825));
#15382=CARTESIAN_POINT('',(6.323212903,53.375698831,2.079411254));
#15383=CARTESIAN_POINT('',(6.235541921,53.375698831,2.17804204));
#15384=CARTESIAN_POINT('',(6.147871871,53.375698831,2.276670963));
#15385=CARTESIAN_POINT('',(6.031434197,53.375698831,2.354754911));
#15386=CARTESIAN_POINT('',(5.886227038,53.375698831,2.412288294));
#15387=CARTESIAN_POINT('',(5.741022673,53.375698831,2.469821677));
#15388=CARTESIAN_POINT('',(5.567048822,53.375698831,2.498590232));
#15389=CARTESIAN_POINT('',(5.364309211,53.375698831,2.498590232));
#15390=CARTESIAN_POINT('',(5.019103322,53.375698831,2.498590232));
#15391=CARTESIAN_POINT('',(4.679379199,53.375698831,2.432836995));
#15392=CARTESIAN_POINT('',(4.345131252,53.375698831,2.301330522));
#15393=B_SPLINE_CURVE_WITH_KNOTS('',3,(#15359,#15360,#15361,#15362,#15363,#15364,#15365,#15366,#15367,#15368,#15369,#15370,#15371,#15372,#15373,#15374,#15375,#15376,#15377,#15378,#15379,#15380,#15381,#15382,#15383,#15384,
#15385,#15386,#15387,#15388,#15389,#15390,#15391,#15392),.UNSPECIFIED.,.F.,.F.,(4,3,3,3,3,3,3,3,3,3,3,4),(0.,0.084299046,0.168599014,0.252898835,0.337199811,0.421501827,0.507811196,0.594121425,0.680430744,0.766738748,0.853045316,1.),.UNSPECIFIED.);
#15394=EDGE_CURVE('',#15254,#15358,#15393,.T.);
#15395=ORIENTED_EDGE('',*,*,#15394,.T.);
#15396=CARTESIAN_POINT('',(4.345131252,52.975698831,2.301330522));
#15397=VERTEX_POINT('',#15396);
#15398=CARTESIAN_POINT('',(4.345131252,52.975698831,2.301330522));
#15399=DIRECTION('',(0.,1.,-0.));
#15400=VECTOR('',#15399,0.4);
#15401=LINE('',#15398,#15400);
#15402=EDGE_CURVE('',#15397,#15358,#15401,.T.);
#15403=ORIENTED_EDGE('',*,*,#15402,.F.);
#15404=CARTESIAN_POINT('',(5.380747054,52.975698831,-1.117848947));
#15405=CARTESIAN_POINT('',(5.583487597,52.975698831,-1.117848947));
#15406=CARTESIAN_POINT('',(5.757460516,52.975698831,-1.087711348));
#15407=CARTESIAN_POINT('',(5.902664881,52.975698831,-1.027438014));
#15408=CARTESIAN_POINT('',(6.047871109,52.975698831,-0.96716468));
#15409=CARTESIAN_POINT('',(6.162938807,52.975698831,-0.886342644));
#15410=CARTESIAN_POINT('',(6.247869838,52.975698831,-0.784971907));
#15411=CARTESIAN_POINT('',(6.332802732,52.975698831,-0.683603033));
#15412=CARTESIAN_POINT('',(6.398555968,52.975698831,-0.552094697));
#15413=CARTESIAN_POINT('',(6.445130479,52.975698831,-0.390452489));
#15414=CARTESIAN_POINT('',(6.491706852,52.975698831,-0.228808417));
#15415=CARTESIAN_POINT('',(6.523214426,52.975698831,-0.065793439));
#15416=CARTESIAN_POINT('',(6.539651338,52.975698831,0.098588721));
#15417=CARTESIAN_POINT('',(6.556090113,52.975698831,0.262972743));
#15418=CARTESIAN_POINT('',(6.564309035,52.975698831,0.460232452));
#15419=CARTESIAN_POINT('',(6.564309035,52.975698831,0.690369711));
#15420=CARTESIAN_POINT('',(6.564309035,52.975698831,0.925986872));
#15421=CARTESIAN_POINT('',(6.556090113,52.975698831,1.127357439));
#15422=CARTESIAN_POINT('',(6.539651338,52.975698831,1.29447955));
#15423=CARTESIAN_POINT('',(6.523214426,52.975698831,1.461603523));
#15424=CARTESIAN_POINT('',(6.490336877,52.975698831,1.625987545));
#15425=CARTESIAN_POINT('',(6.441021484,52.975698831,1.787631617));
#15426=CARTESIAN_POINT('',(6.391706091,52.975698831,1.949273825));
#15427=CARTESIAN_POINT('',(6.323212903,52.975698831,2.079411254));
#15428=CARTESIAN_POINT('',(6.235541921,52.975698831,2.17804204));
#15429=CARTESIAN_POINT('',(6.147871871,52.975698831,2.276670963));
#15430=CARTESIAN_POINT('',(6.031434197,52.975698831,2.354754911));
#15431=CARTESIAN_POINT('',(5.886227038,52.975698831,2.412288294));
#15432=CARTESIAN_POINT('',(5.741022673,52.975698831,2.469821677));
#15433=CARTESIAN_POINT('',(5.567048822,52.975698831,2.498590232));
#15434=CARTESIAN_POINT('',(5.364309211,52.975698831,2.498590232));
#15435=CARTESIAN_POINT('',(5.019103322,52.975698831,2.498590232));
#15436=CARTESIAN_POINT('',(4.679379199,52.975698831,2.432836995));
#15437=CARTESIAN_POINT('',(4.345131252,52.975698831,2.301330522));
#15438=B_SPLINE_CURVE_WITH_KNOTS('',3,(#15404,#15405,#15406,#15407,#15408,#15409,#15410,#15411,#15412,#15413,#15414,#15415,#15416,#15417,#15418,#15419,#15420,#15421,#15422,#15423,#15424,#15425,#15426,#15427,#15428,#15429,
#15430,#15431,#15432,#15433,#15434,#15435,#15436,#15437),.UNSPECIFIED.,.F.,.F.,(4,3,3,3,3,3,3,3,3,3,3,4),(0.,0.084299046,0.168599014,0.252898835,0.337199811,0.421501827,0.507811196,0.594121425,0.680430744,0.766738748,0.853045316,1.),.UNSPECIFIED.);
#15439=EDGE_CURVE('',#15263,#15397,#15438,.T.);
#15440=ORIENTED_EDGE('',*,*,#15439,.F.);
#15441=ORIENTED_EDGE('',*,*,#15268,.T.);
#15442=EDGE_LOOP('',(#15395,#15403,#15440,#15441));
#15443=FACE_BOUND('',#15442,.T.);
#15444=ADVANCED_FACE('',(#15443),#15356,.F.);
#15445=CARTESIAN_POINT('',(4.114993993,52.975698831,-1.450725055));
#15446=DIRECTION('',(0.973416941,-0.,-0.229040298));
#15447=DIRECTION('',(-0.229040298,0.,-0.973416941));
#15448=AXIS2_PLACEMENT_3D('',#15445,#15446,#15447);
#15449=PLANE('',#15448);
#15450=ORIENTED_EDGE('',*,*,#1616,.T.);
#15451=CARTESIAN_POINT('',(4.0656786,52.975698831,-1.660314544));
#15452=VERTEX_POINT('',#15451);
#15453=CARTESIAN_POINT('',(4.0656786,52.975698831,-1.660314544));
#15454=DIRECTION('',(0.,1.,-0.));
#15455=VECTOR('',#15454,0.4);
#15456=LINE('',#15453,#15455);
#15457=EDGE_CURVE('',#15452,#1611,#15456,.T.);
#15458=ORIENTED_EDGE('',*,*,#15457,.F.);
#15459=CARTESIAN_POINT('',(4.164309386,52.975698831,-1.241135567));
#15460=VERTEX_POINT('',#15459);
#15461=CARTESIAN_POINT('',(4.164309386,52.975698831,-1.241135567));
#15462=DIRECTION('',(-0.229040298,-0.,-0.973416941));
#15463=VECTOR('',#15462,0.430626343);
#15464=LINE('',#15461,#15463);
#15465=EDGE_CURVE('',#15460,#15452,#15464,.T.);
#15466=ORIENTED_EDGE('',*,*,#15465,.F.);
#15467=CARTESIAN_POINT('',(4.164309386,52.975698831,-1.241135567));
#15468=DIRECTION('',(0.,1.,-0.));
#15469=VECTOR('',#15468,0.4);
#15470=LINE('',#15467,#15469);
#15471=EDGE_CURVE('',#15460,#1609,#15470,.T.);
#15472=ORIENTED_EDGE('',*,*,#15471,.T.);
#15473=EDGE_LOOP('',(#15450,#15458,#15466,#15472));
#15474=FACE_BOUND('',#15473,.T.);
#15475=ADVANCED_FACE('',(#15474),#15449,.F.);
#15476=CARTESIAN_POINT('',(3.543760773,52.975698831,-1.660314544));
#15477=DIRECTION('',(0.,-0.,-1.));
#15478=DIRECTION('',(0.,1.,-0.));
#15479=AXIS2_PLACEMENT_3D('',#15476,#15477,#15478);
#15480=PLANE('',#15479);
#15481=ORIENTED_EDGE('',*,*,#1720,.T.);
#15482=CARTESIAN_POINT('',(3.021842946,52.975698831,-1.660314544));
#15483=VERTEX_POINT('',#15482);
#15484=CARTESIAN_POINT('',(3.021842946,52.975698831,-1.660314544));
#15485=DIRECTION('',(0.,1.,-0.));
#15486=VECTOR('',#15485,0.4);
#15487=LINE('',#15484,#15486);
#15488=EDGE_CURVE('',#15483,#1709,#15487,.T.);
#15489=ORIENTED_EDGE('',*,*,#15488,.F.);
#15490=CARTESIAN_POINT('',(4.0656786,52.975698831,-1.660314544));
#15491=DIRECTION('',(-1.,0.,0.));
#15492=VECTOR('',#15491,1.043835655);
#15493=LINE('',#15490,#15492);
#15494=EDGE_CURVE('',#15452,#15483,#15493,.T.);
#15495=ORIENTED_EDGE('',*,*,#15494,.F.);
#15496=ORIENTED_EDGE('',*,*,#15457,.T.);
#15497=EDGE_LOOP('',(#15481,#15489,#15495,#15496));
#15498=FACE_BOUND('',#15497,.T.);
#15499=ADVANCED_FACE('',(#15498),#15480,.F.);
#15500=CARTESIAN_POINT('',(3.021842946,52.975698831,-1.380862824));
#15501=DIRECTION('',(-1.,0.,0.));
#15502=DIRECTION('',(0.,0.,1.));
#15503=AXIS2_PLACEMENT_3D('',#15500,#15501,#15502);
#15504=PLANE('',#15503);
#15505=ORIENTED_EDGE('',*,*,#1714,.T.);
#15506=CARTESIAN_POINT('',(3.021842946,52.975698831,-1.101411103));
#15507=VERTEX_POINT('',#15506);
#15508=CARTESIAN_POINT('',(3.021842946,52.975698831,-1.101411103));
#15509=DIRECTION('',(0.,1.,-0.));
#15510=VECTOR('',#15509,0.4);
#15511=LINE('',#15508,#15510);
#15512=EDGE_CURVE('',#15507,#1701,#15511,.T.);
#15513=ORIENTED_EDGE('',*,*,#15512,.F.);
#15514=CARTESIAN_POINT('',(3.021842946,52.975698831,-1.660314544));
#15515=DIRECTION('',(0.,0.,1.));
#15516=VECTOR('',#15515,0.558903441);
#15517=LINE('',#15514,#15516);
#15518=EDGE_CURVE('',#15483,#15507,#15517,.T.);
#15519=ORIENTED_EDGE('',*,*,#15518,.F.);
#15520=ORIENTED_EDGE('',*,*,#15488,.T.);
#15521=EDGE_LOOP('',(#15505,#15513,#15519,#15520));
#15522=FACE_BOUND('',#15521,.T.);
#15523=ADVANCED_FACE('',(#15522),#15504,.F.);
#15524=CARTESIAN_POINT('',(3.268418048,52.975698831,-1.101411103));
#15525=DIRECTION('',(0.,0.,1.));
#15526=DIRECTION('',(0.,-1.,0.));
#15527=AXIS2_PLACEMENT_3D('',#15524,#15525,#15526);
#15528=PLANE('',#15527);
#15529=ORIENTED_EDGE('',*,*,#1706,.T.);
#15530=CARTESIAN_POINT('',(3.51499315,52.975698831,-1.101411103));
#15531=VERTEX_POINT('',#15530);
#15532=CARTESIAN_POINT('',(3.51499315,52.975698831,-1.101411103));
#15533=DIRECTION('',(0.,1.,-0.));
#15534=VECTOR('',#15533,0.4);
#15535=LINE('',#15532,#15534);
#15536=EDGE_CURVE('',#15531,#1693,#15535,.T.);
#15537=ORIENTED_EDGE('',*,*,#15536,.F.);
#15538=CARTESIAN_POINT('',(3.021842946,52.975698831,-1.101411103));
#15539=DIRECTION('',(1.,0.,-0.));
#15540=VECTOR('',#15539,0.493150204);
#15541=LINE('',#15538,#15540);
#15542=EDGE_CURVE('',#15507,#15531,#15541,.T.);
#15543=ORIENTED_EDGE('',*,*,#15542,.F.);
#15544=ORIENTED_EDGE('',*,*,#15512,.T.);
#15545=EDGE_LOOP('',(#15529,#15537,#15543,#15544));
#15546=FACE_BOUND('',#15545,.T.);
#15547=ADVANCED_FACE('',(#15546),#15528,.F.);
#15548=CARTESIAN_POINT('',(3.51499315,52.975698831,1.66845213));
#15549=DIRECTION('',(-1.,0.,0.));
#15550=DIRECTION('',(0.,0.,1.));
#15551=AXIS2_PLACEMENT_3D('',#15548,#15549,#15550);
#15552=PLANE('',#15551);
#15553=ORIENTED_EDGE('',*,*,#1698,.T.);
#15554=CARTESIAN_POINT('',(3.51499315,52.975698831,4.438315362));
#15555=VERTEX_POINT('',#15554);
#15556=CARTESIAN_POINT('',(3.51499315,52.975698831,4.438315362));
#15557=DIRECTION('',(0.,1.,-0.));
#15558=VECTOR('',#15557,0.4);
#15559=LINE('',#15556,#15558);
#15560=EDGE_CURVE('',#15555,#1685,#15559,.T.);
#15561=ORIENTED_EDGE('',*,*,#15560,.F.);
#15562=CARTESIAN_POINT('',(3.51499315,52.975698831,-1.101411103));
#15563=DIRECTION('',(0.,0.,1.));
#15564=VECTOR('',#15563,5.539726466);
#15565=LINE('',#15562,#15564);
#15566=EDGE_CURVE('',#15531,#15555,#15565,.T.);
#15567=ORIENTED_EDGE('',*,*,#15566,.F.);
#15568=ORIENTED_EDGE('',*,*,#15536,.T.);
#15569=EDGE_LOOP('',(#15553,#15561,#15567,#15568));
#15570=FACE_BOUND('',#15569,.T.);
#15571=ADVANCED_FACE('',(#15570),#15552,.F.);
#15572=CARTESIAN_POINT('',(4.176637303,52.975698831,4.438315362));
#15573=DIRECTION('',(0.,0.,1.));
#15574=DIRECTION('',(0.,-1.,0.));
#15575=AXIS2_PLACEMENT_3D('',#15572,#15573,#15574);
#15576=PLANE('',#15575);
#15577=ORIENTED_EDGE('',*,*,#1690,.T.);
#15578=CARTESIAN_POINT('',(4.838281457,52.975698831,4.438315362));
#15579=VERTEX_POINT('',#15578);
#15580=CARTESIAN_POINT('',(4.838281457,52.975698831,4.438315362));
#15581=DIRECTION('',(0.,1.,-0.));
#15582=VECTOR('',#15581,0.4);
#15583=LINE('',#15580,#15582);
#15584=EDGE_CURVE('',#15579,#1677,#15583,.T.);
#15585=ORIENTED_EDGE('',*,*,#15584,.F.);
#15586=CARTESIAN_POINT('',(3.51499315,52.975698831,4.438315362));
#15587=DIRECTION('',(1.,0.,-0.));
#15588=VECTOR('',#15587,1.323288307);
#15589=LINE('',#15586,#15588);
#15590=EDGE_CURVE('',#15555,#15579,#15589,.T.);
#15591=ORIENTED_EDGE('',*,*,#15590,.F.);
#15592=ORIENTED_EDGE('',*,*,#15560,.T.);
#15593=EDGE_LOOP('',(#15577,#15585,#15591,#15592));
#15594=FACE_BOUND('',#15593,.T.);
#15595=ADVANCED_FACE('',(#15594),#15576,.F.);
#15596=CARTESIAN_POINT('',(4.838281457,52.975698831,4.158863642));
#15597=DIRECTION('',(1.,0.,0.));
#15598=DIRECTION('',(0.,0.,-1.));
#15599=AXIS2_PLACEMENT_3D('',#15596,#15597,#15598);
#15600=PLANE('',#15599);
#15601=ORIENTED_EDGE('',*,*,#1682,.T.);
#15602=CARTESIAN_POINT('',(4.838281457,52.975698831,3.879411922));
#15603=VERTEX_POINT('',#15602);
#15604=CARTESIAN_POINT('',(4.838281457,52.975698831,3.879411922));
#15605=DIRECTION('',(0.,1.,-0.));
#15606=VECTOR('',#15605,0.4);
#15607=LINE('',#15604,#15606);
#15608=EDGE_CURVE('',#15603,#1669,#15607,.T.);
#15609=ORIENTED_EDGE('',*,*,#15608,.F.);
#15610=CARTESIAN_POINT('',(4.838281457,52.975698831,4.438315362));
#15611=DIRECTION('',(0.,-0.,-1.));
#15612=VECTOR('',#15611,0.558903441);
#15613=LINE('',#15610,#15612);
#15614=EDGE_CURVE('',#15579,#15603,#15613,.T.);
#15615=ORIENTED_EDGE('',*,*,#15614,.F.);
#15616=ORIENTED_EDGE('',*,*,#15584,.T.);
#15617=EDGE_LOOP('',(#15601,#15609,#15615,#15616));
#15618=FACE_BOUND('',#15617,.T.);
#15619=ADVANCED_FACE('',(#15618),#15600,.F.);
#15620=CARTESIAN_POINT('',(4.591706354,52.975698831,3.879411922));
#15621=DIRECTION('',(0.,-0.,-1.));
#15622=DIRECTION('',(0.,1.,-0.));
#15623=AXIS2_PLACEMENT_3D('',#15620,#15621,#15622);
#15624=PLANE('',#15623);
#15625=ORIENTED_EDGE('',*,*,#1674,.T.);
#15626=CARTESIAN_POINT('',(4.345131252,52.975698831,3.879411922));
#15627=VERTEX_POINT('',#15626);
#15628=CARTESIAN_POINT('',(4.345131252,52.975698831,3.879411922));
#15629=DIRECTION('',(0.,1.,-0.));
#15630=VECTOR('',#15629,0.4);
#15631=LINE('',#15628,#15630);
#15632=EDGE_CURVE('',#15627,#1661,#15631,.T.);
#15633=ORIENTED_EDGE('',*,*,#15632,.F.);
#15634=CARTESIAN_POINT('',(4.838281457,52.975698831,3.879411922));
#15635=DIRECTION('',(-1.,0.,0.));
#15636=VECTOR('',#15635,0.493150204);
#15637=LINE('',#15634,#15636);
#15638=EDGE_CURVE('',#15603,#15627,#15637,.T.);
#15639=ORIENTED_EDGE('',*,*,#15638,.F.);
#15640=ORIENTED_EDGE('',*,*,#15608,.T.);
#15641=EDGE_LOOP('',(#15625,#15633,#15639,#15640));
#15642=FACE_BOUND('',#15641,.T.);
#15643=ADVANCED_FACE('',(#15642),#15624,.F.);
#15644=CARTESIAN_POINT('',(4.345131252,52.975698831,3.402699561));
#15645=DIRECTION('',(1.,0.,0.));
#15646=DIRECTION('',(0.,0.,-1.));
#15647=AXIS2_PLACEMENT_3D('',#15644,#15645,#15646);
#15648=PLANE('',#15647);
#15649=ORIENTED_EDGE('',*,*,#1666,.T.);
#15650=CARTESIAN_POINT('',(4.345131252,52.975698831,2.9259872));
#15651=VERTEX_POINT('',#15650);
#15652=CARTESIAN_POINT('',(4.345131252,52.975698831,2.9259872));
#15653=DIRECTION('',(0.,1.,-0.));
#15654=VECTOR('',#15653,0.4);
#15655=LINE('',#15652,#15654);
#15656=EDGE_CURVE('',#15651,#1619,#15655,.T.);
#15657=ORIENTED_EDGE('',*,*,#15656,.F.);
#15658=CARTESIAN_POINT('',(4.345131252,52.975698831,3.879411922));
#15659=DIRECTION('',(0.,-0.,-1.));
#15660=VECTOR('',#15659,0.953424722);
#15661=LINE('',#15658,#15660);
#15662=EDGE_CURVE('',#15627,#15651,#15661,.T.);
#15663=ORIENTED_EDGE('',*,*,#15662,.F.);
#15664=ORIENTED_EDGE('',*,*,#15632,.T.);
#15665=EDGE_LOOP('',(#15649,#15657,#15663,#15664));
#15666=FACE_BOUND('',#15665,.T.);
#15667=ADVANCED_FACE('',(#15666),#15648,.F.);
#15668=CARTESIAN_POINT('',(4.345131252,52.975698831,2.9259872));
#15669=CARTESIAN_POINT('',(4.345131252,53.375698831,2.9259872));
#15670=CARTESIAN_POINT('',(4.761570279,52.975698831,3.079411418));
#15671=CARTESIAN_POINT('',(4.761570279,53.375698831,3.079411418));
#15672=CARTESIAN_POINT('',(5.16430955,52.975698831,3.156124458));
#15673=CARTESIAN_POINT('',(5.16430955,53.375698831,3.156124458));
#15674=CARTESIAN_POINT('',(5.553349998,52.975698831,3.156124458));
#15675=CARTESIAN_POINT('',(5.553349998,53.375698831,3.156124458));
#15676=CARTESIAN_POINT('',(5.871158239,52.975698831,3.156124458));
#15677=CARTESIAN_POINT('',(5.871158239,53.375698831,3.156124458));
#15678=CARTESIAN_POINT('',(6.14513192,52.975698831,3.109549017));
#15679=CARTESIAN_POINT('',(6.14513192,53.375698831,3.109549017));
#15680=CARTESIAN_POINT('',(6.375268247,52.975698831,3.016398133));
#15681=CARTESIAN_POINT('',(6.375268247,53.375698831,3.016398133));
#15682=CARTESIAN_POINT('',(6.605405506,52.975698831,2.923247249));
#15683=CARTESIAN_POINT('',(6.605405506,53.375698831,2.923247249));
#15684=CARTESIAN_POINT('',(6.784857396,52.975698831,2.805438668));
#15685=CARTESIAN_POINT('',(6.784857396,53.375698831,2.805438668));
#15686=CARTESIAN_POINT('',(6.913623918,52.975698831,2.662974254));
#15687=CARTESIAN_POINT('',(6.913623918,53.375698831,2.662974254));
#15688=CARTESIAN_POINT('',(7.042392303,52.975698831,2.520507977));
#15689=CARTESIAN_POINT('',(7.042392303,53.375698831,2.520507977));
#15690=CARTESIAN_POINT('',(7.143761177,52.975698831,2.334206209));
#15691=CARTESIAN_POINT('',(7.143761177,53.375698831,2.334206209));
#15692=CARTESIAN_POINT('',(7.217733335,52.975698831,2.104068951));
#15693=CARTESIAN_POINT('',(7.217733335,53.375698831,2.104068951));
#15694=CARTESIAN_POINT('',(7.291706424,52.975698831,1.873931692));
#15695=CARTESIAN_POINT('',(7.291706424,53.375698831,1.873931692));
#15696=CARTESIAN_POINT('',(7.339651842,52.975698831,1.65338333));
#15697=CARTESIAN_POINT('',(7.339651842,53.375698831,1.65338333));
#15698=CARTESIAN_POINT('',(7.361569587,52.975698831,1.442425729));
#15699=CARTESIAN_POINT('',(7.361569587,53.375698831,1.442425729));
#15700=CARTESIAN_POINT('',(7.383487333,52.975698831,1.231466264));
#15701=CARTESIAN_POINT('',(7.383487333,53.375698831,1.231466264));
#15702=CARTESIAN_POINT('',(7.394446206,52.975698831,0.980782167));
#15703=CARTESIAN_POINT('',(7.394446206,53.375698831,0.980782167));
#15704=CARTESIAN_POINT('',(7.394445274,52.975698831,0.690369711));
#15705=CARTESIAN_POINT('',(7.394445274,53.375698831,0.690369711));
#15706=CARTESIAN_POINT('',(7.394446206,52.975698831,0.399959118));
#15707=CARTESIAN_POINT('',(7.394446206,53.375698831,0.399959118));
#15708=CARTESIAN_POINT('',(7.383487333,52.975698831,0.149275021));
#15709=CARTESIAN_POINT('',(7.383487333,53.375698831,0.149275021));
#15710=CARTESIAN_POINT('',(7.361569587,52.975698831,-0.061684444));
#15711=CARTESIAN_POINT('',(7.361569587,53.375698831,-0.061684444));
#15712=CARTESIAN_POINT('',(7.339651842,52.975698831,-0.272643908));
#15713=CARTESIAN_POINT('',(7.339651842,53.375698831,-0.272643908));
#15714=CARTESIAN_POINT('',(7.2930764,52.975698831,-0.49319227));
#15715=CARTESIAN_POINT('',(7.2930764,53.375698831,-0.49319227));
#15716=CARTESIAN_POINT('',(7.221843262,52.975698831,-0.723327666));
#15717=CARTESIAN_POINT('',(7.221843262,53.375698831,-0.723327666));
#15718=CARTESIAN_POINT('',(7.150611054,52.975698831,-0.953464925));
#15719=CARTESIAN_POINT('',(7.150611054,53.375698831,-0.953464925));
#15720=CARTESIAN_POINT('',(7.050611224,52.975698831,-1.139766692));
#15721=CARTESIAN_POINT('',(7.050611224,53.375698831,-1.139766692));
#15722=CARTESIAN_POINT('',(6.92184284,52.975698831,-1.282232969));
#15723=CARTESIAN_POINT('',(6.92184284,53.375698831,-1.282232969));
#15724=CARTESIAN_POINT('',(6.793076318,52.975698831,-1.424697383));
#15725=CARTESIAN_POINT('',(6.793076318,53.375698831,-1.424697383));
#15726=CARTESIAN_POINT('',(6.614994403,52.975698831,-1.542505964));
#15727=CARTESIAN_POINT('',(6.614994403,53.375698831,-1.542505964));
#15728=CARTESIAN_POINT('',(6.387597095,52.975698831,-1.635656848));
#15729=CARTESIAN_POINT('',(6.387597095,53.375698831,-1.635656848));
#15730=CARTESIAN_POINT('',(6.160200719,52.975698831,-1.728807732));
#15731=CARTESIAN_POINT('',(6.160200719,53.375698831,-1.728807732));
#15732=CARTESIAN_POINT('',(5.890336965,52.975698831,-1.775383174));
#15733=CARTESIAN_POINT('',(5.890336965,53.375698831,-1.775383174));
#15734=CARTESIAN_POINT('',(5.578007695,52.975698831,-1.775383174));
#15735=CARTESIAN_POINT('',(5.578007695,53.375698831,-1.775383174));
#15736=CARTESIAN_POINT('',(5.073898617,52.975698831,-1.775383174));
#15737=CARTESIAN_POINT('',(5.073898617,53.375698831,-1.775383174));
#15738=CARTESIAN_POINT('',(4.602666158,52.975698831,-1.597301259));
#15739=CARTESIAN_POINT('',(4.602666158,53.375698831,-1.597301259));
#15740=CARTESIAN_POINT('',(4.164309386,52.975698831,-1.241135567));
#15741=CARTESIAN_POINT('',(4.164309386,53.375698831,-1.241135567));
#15742=B_SPLINE_SURFACE_WITH_KNOTS('',3,1,((#15668,#15669),(#15670,#15671),(#15672,#15673),(#15674,#15675),(#15676,#15677),(#15678,#15679),(#15680,#15681),(#15682,#15683),(#15684,#15685),(#15686,#15687),(#15688,#15689),(#15690,#15691),(#15692,#15693),(#15694,#15695),(#15696,#15697),(#15698,#15699),(#15700,#15701),(#15702,#15703),(#15704,#15705),(#15706,#15707),(#15708,#15709),(#15710,#15711),(#15712,#15713),(#15714,#15715),(#15716,#15717),(#15718,#15719),
(#15720,#15721),(#15722,#15723),(#15724,#15725),(#15726,#15727),(#15728,#15729),(#15730,#15731),(#15732,#15733),(#15734,#15735),(#15736,#15737),(#15738,#15739),(#15740,#15741)),.UNSPECIFIED.,.F.,.F.,.U.,(4,3,3,3,3,3,3,3,3,3,3,3,4),(2,2),(0.,0.09535001,0.173241702,0.251133665,0.329026695,0.406919817,0.484813619,0.562706922,0.640600225,0.718494014,0.796386736,0.874279185,1.),(0.,1.),.UNSPECIFIED.);
#15743=ORIENTED_EDGE('',*,*,#1658,.T.);
#15744=ORIENTED_EDGE('',*,*,#15471,.F.);
#15745=CARTESIAN_POINT('',(4.345131252,52.975698831,2.9259872));
#15746=CARTESIAN_POINT('',(4.761570279,52.975698831,3.079411418));
#15747=CARTESIAN_POINT('',(5.16430955,52.975698831,3.156124458));
#15748=CARTESIAN_POINT('',(5.553349998,52.975698831,3.156124458));
#15749=CARTESIAN_POINT('',(5.871158239,52.975698831,3.156124458));
#15750=CARTESIAN_POINT('',(6.14513192,52.975698831,3.109549017));
#15751=CARTESIAN_POINT('',(6.375268247,52.975698831,3.016398133));
#15752=CARTESIAN_POINT('',(6.605405506,52.975698831,2.923247249));
#15753=CARTESIAN_POINT('',(6.784857396,52.975698831,2.805438668));
#15754=CARTESIAN_POINT('',(6.913623918,52.975698831,2.662974254));
#15755=CARTESIAN_POINT('',(7.042392303,52.975698831,2.520507977));
#15756=CARTESIAN_POINT('',(7.143761177,52.975698831,2.334206209));
#15757=CARTESIAN_POINT('',(7.217733335,52.975698831,2.104068951));
#15758=CARTESIAN_POINT('',(7.291706424,52.975698831,1.873931692));
#15759=CARTESIAN_POINT('',(7.339651842,52.975698831,1.65338333));
#15760=CARTESIAN_POINT('',(7.361569587,52.975698831,1.442425729));
#15761=CARTESIAN_POINT('',(7.383487333,52.975698831,1.231466264));
#15762=CARTESIAN_POINT('',(7.394446206,52.975698831,0.980782167));
#15763=CARTESIAN_POINT('',(7.394445274,52.975698831,0.690369711));
#15764=CARTESIAN_POINT('',(7.394446206,52.975698831,0.399959118));
#15765=CARTESIAN_POINT('',(7.383487333,52.975698831,0.149275021));
#15766=CARTESIAN_POINT('',(7.361569587,52.975698831,-0.061684444));
#15767=CARTESIAN_POINT('',(7.339651842,52.975698831,-0.272643908));
#15768=CARTESIAN_POINT('',(7.2930764,52.975698831,-0.49319227));
#15769=CARTESIAN_POINT('',(7.221843262,52.975698831,-0.723327666));
#15770=CARTESIAN_POINT('',(7.150611054,52.975698831,-0.953464925));
#15771=CARTESIAN_POINT('',(7.050611224,52.975698831,-1.139766692));
#15772=CARTESIAN_POINT('',(6.92184284,52.975698831,-1.282232969));
#15773=CARTESIAN_POINT('',(6.793076318,52.975698831,-1.424697383));
#15774=CARTESIAN_POINT('',(6.614994403,52.975698831,-1.542505964));
#15775=CARTESIAN_POINT('',(6.387597095,52.975698831,-1.635656848));
#15776=CARTESIAN_POINT('',(6.160200719,52.975698831,-1.728807732));
#15777=CARTESIAN_POINT('',(5.890336965,52.975698831,-1.775383174));
#15778=CARTESIAN_POINT('',(5.578007695,52.975698831,-1.775383174));
#15779=CARTESIAN_POINT('',(5.073898617,52.975698831,-1.775383174));
#15780=CARTESIAN_POINT('',(4.602666158,52.975698831,-1.597301259));
#15781=CARTESIAN_POINT('',(4.164309386,52.975698831,-1.241135567));
#15782=B_SPLINE_CURVE_WITH_KNOTS('',3,(#15745,#15746,#15747,#15748,#15749,#15750,#15751,#15752,#15753,#15754,#15755,#15756,#15757,#15758,#15759,#15760,#15761,#15762,#15763,#15764,#15765,#15766,#15767,#15768,#15769,#15770,
#15771,#15772,#15773,#15774,#15775,#15776,#15777,#15778,#15779,#15780,#15781),.UNSPECIFIED.,.F.,.F.,(4,3,3,3,3,3,3,3,3,3,3,3,4),(0.,0.09535001,0.173241702,0.251133665,0.329026695,0.406919817,0.484813619,0.562706922,0.640600225,0.718494014,0.796386736,0.874279185,1.),.UNSPECIFIED.);
#15783=EDGE_CURVE('',#15651,#15460,#15782,.T.);
#15784=ORIENTED_EDGE('',*,*,#15783,.F.);
#15785=ORIENTED_EDGE('',*,*,#15656,.T.);
#15786=EDGE_LOOP('',(#15743,#15744,#15784,#15785));
#15787=FACE_BOUND('',#15786,.T.);
#15788=ADVANCED_FACE('',(#15787),#15742,.F.);
#15789=CARTESIAN_POINT('',(4.345131252,52.975698831,0.780781575));
#15790=DIRECTION('',(1.,0.,0.));
#15791=DIRECTION('',(0.,0.,-1.));
#15792=AXIS2_PLACEMENT_3D('',#15789,#15790,#15791);
#15793=PLANE('',#15792);
#15794=CARTESIAN_POINT('',(4.345131252,53.375698831,2.301330522));
#15795=DIRECTION('',(0.,-0.,-1.));
#15796=VECTOR('',#15795,3.041097894);
#15797=LINE('',#15794,#15796);
#15798=EDGE_CURVE('',#15358,#15252,#15797,.T.);
#15799=ORIENTED_EDGE('',*,*,#15798,.T.);
#15800=ORIENTED_EDGE('',*,*,#15283,.F.);
#15801=CARTESIAN_POINT('',(4.345131252,52.975698831,2.301330522));
#15802=DIRECTION('',(0.,-0.,-1.));
#15803=VECTOR('',#15802,3.041097894);
#15804=LINE('',#15801,#15803);
#15805=EDGE_CURVE('',#15397,#15271,#15804,.T.);
#15806=ORIENTED_EDGE('',*,*,#15805,.F.);
#15807=ORIENTED_EDGE('',*,*,#15402,.T.);
#15808=EDGE_LOOP('',(#15799,#15800,#15806,#15807));
#15809=FACE_BOUND('',#15808,.T.);
#15810=ADVANCED_FACE('',(#15809),#15793,.F.);
#15811=CARTESIAN_POINT('',(0.214993954,52.975698831,0.64516471));
#15812=DIRECTION('',(0.,1.,-0.));
#15813=DIRECTION('',(-1.,0.,0.));
#15814=AXIS2_PLACEMENT_3D('',#15811,#15812,#15813);
#15815=PLANE('',#15814);
#15816=ORIENTED_EDGE('',*,*,#15465,.T.);
#15817=ORIENTED_EDGE('',*,*,#15494,.T.);
#15818=ORIENTED_EDGE('',*,*,#15518,.T.);
#15819=ORIENTED_EDGE('',*,*,#15542,.T.);
#15820=ORIENTED_EDGE('',*,*,#15566,.T.);
#15821=ORIENTED_EDGE('',*,*,#15590,.T.);
#15822=ORIENTED_EDGE('',*,*,#15614,.T.);
#15823=ORIENTED_EDGE('',*,*,#15638,.T.);
#15824=ORIENTED_EDGE('',*,*,#15662,.T.);
#15825=ORIENTED_EDGE('',*,*,#15783,.T.);
#15826=EDGE_LOOP('',(#15816,#15817,#15818,#15819,#15820,#15821,#15822,#15823,#15824,#15825));
#15827=FACE_BOUND('',#15826,.T.);
#15828=ORIENTED_EDGE('',*,*,#15277,.T.);
#15829=ORIENTED_EDGE('',*,*,#15439,.T.);
#15830=ORIENTED_EDGE('',*,*,#15805,.T.);
#15831=EDGE_LOOP('',(#15828,#15829,#15830));
#15832=FACE_BOUND('',#15831,.T.);
#15833=ADVANCED_FACE('',(#15827,#15832),#15815,.T.);
#15834=CARTESIAN_POINT('',(143.754800635,53.375698831,24.370075373));
#15835=DIRECTION('',(0.,1.,-0.));
#15836=DIRECTION('',(0.,-0.,-1.));
#15837=AXIS2_PLACEMENT_3D('',#15834,#15835,#15836);
#15838=PLANE('',#15837);
#15839=ORIENTED_EDGE('',*,*,#15260,.F.);
#15840=ORIENTED_EDGE('',*,*,#15798,.F.);
#15841=ORIENTED_EDGE('',*,*,#15394,.F.);
#15842=EDGE_LOOP('',(#15839,#15840,#15841));
#15843=FACE_BOUND('',#15842,.T.);
#15844=ADVANCED_FACE('',(#15843),#15838,.T.);
#15845=CARTESIAN_POINT('',(-8.032950427,52.975698831,4.746534706));
#15846=CARTESIAN_POINT('',(-8.032950427,53.375698831,4.746534706));
#15847=CARTESIAN_POINT('',(-7.956239249,52.975698831,4.683519558));
#15848=CARTESIAN_POINT('',(-7.956239249,53.375698831,4.683519558));
#15849=CARTESIAN_POINT('',(-7.911032852,52.975698831,4.617768184));
#15850=CARTESIAN_POINT('',(-7.911032852,53.375698831,4.617768184));
#15851=CARTESIAN_POINT('',(-7.897334959,52.975698831,4.549274997));
#15852=CARTESIAN_POINT('',(-7.897334959,53.375698831,4.549274997));
#15853=CARTESIAN_POINT('',(-7.883637067,52.975698831,4.480781809));
#15854=CARTESIAN_POINT('',(-7.883637067,53.375698831,4.480781809));
#15855=CARTESIAN_POINT('',(-7.87678812,52.975698831,4.386260018));
#15856=CARTESIAN_POINT('',(-7.87678812,53.375698831,4.386260018));
#15857=CARTESIAN_POINT('',(-7.87678812,52.975698831,4.26571335));
#15858=CARTESIAN_POINT('',(-7.87678812,53.375698831,4.26571335));
#15859=CARTESIAN_POINT('',(-7.87678812,52.975698831,4.15064472));
#15860=CARTESIAN_POINT('',(-7.87678812,53.375698831,4.15064472));
#15861=CARTESIAN_POINT('',(-7.883637067,52.975698831,4.058862881));
#15862=CARTESIAN_POINT('',(-7.883637067,53.375698831,4.058862881));
#15863=CARTESIAN_POINT('',(-7.897334959,52.975698831,3.990369693));
#15864=CARTESIAN_POINT('',(-7.897334959,53.375698831,3.990369693));
#15865=CARTESIAN_POINT('',(-7.911032852,52.975698831,3.921876506));
#15866=CARTESIAN_POINT('',(-7.911032852,53.375698831,3.921876506));
#15867=CARTESIAN_POINT('',(-7.956239249,52.975698831,3.856123269));
#15868=CARTESIAN_POINT('',(-7.956239249,53.375698831,3.856123269));
#15869=CARTESIAN_POINT('',(-8.032950427,52.975698831,3.793109984));
#15870=CARTESIAN_POINT('',(-8.032950427,53.375698831,3.793109984));
#15871=CARTESIAN_POINT('',(-8.109663468,52.975698831,3.730096699));
#15872=CARTESIAN_POINT('',(-8.109663468,53.375698831,3.730096699));
#15873=CARTESIAN_POINT('',(-8.219252195,52.975698831,3.698590056));
#15874=CARTESIAN_POINT('',(-8.219252195,53.375698831,3.698590056));
#15875=CARTESIAN_POINT('',(-8.361720335,52.975698831,3.698590056));
#15876=CARTESIAN_POINT('',(-8.361720335,53.375698831,3.698590056));
#15877=CARTESIAN_POINT('',(-8.476787101,52.975698831,3.698590056));
#15878=CARTESIAN_POINT('',(-8.476787101,53.375698831,3.698590056));
#15879=CARTESIAN_POINT('',(-8.569937985,52.975698831,3.713658855));
#15880=CARTESIAN_POINT('',(-8.569937985,53.375698831,3.713658855));
#15881=CARTESIAN_POINT('',(-8.641171124,52.975698831,3.743794591));
#15882=CARTESIAN_POINT('',(-8.641171124,53.375698831,3.743794591));
#15883=B_SPLINE_SURFACE_WITH_KNOTS('',3,1,((#15845,#15846),(#15847,#15848),(#15849,#15850),(#15851,#15852),(#15853,#15854),(#15855,#15856),(#15857,#15858),(#15859,#15860),(#15861,#15862),(#15863,#15864),(#15865,#15866),(#15867,#15868),(#15869,#15870),(#15871,#15872),(#15873,#15874),(#15875,#15876),(#15877,#15878),(#15879,#15880),(#15881,#15882)),.UNSPECIFIED.,.F.,.F.,.U.,(4,3,3,3,3,3,4),(2,2),(0.535740182,0.618133782,0.700527383,0.779176745,0.857826108,0.936476611,1.),(0.,1.),.UNSPECIFIED.);
#15884=ORIENTED_EDGE('',*,*,#1576,.T.);
#15885=CARTESIAN_POINT('',(-8.641171124,52.975698831,3.743794591));
#15886=VERTEX_POINT('',#15885);
#15887=CARTESIAN_POINT('',(-8.641171124,52.975698831,3.743794591));
#15888=DIRECTION('',(0.,1.,-0.));
#15889=VECTOR('',#15888,0.4);
#15890=LINE('',#15887,#15889);
#15891=EDGE_CURVE('',#15886,#1555,#15890,.T.);
#15892=ORIENTED_EDGE('',*,*,#15891,.F.);
#15893=CARTESIAN_POINT('',(-8.032950427,52.975698831,4.746534706));
#15894=VERTEX_POINT('',#15893);
#15895=CARTESIAN_POINT('',(-8.032950427,52.975698831,4.746534706));
#15896=CARTESIAN_POINT('',(-7.956239249,52.975698831,4.683519558));
#15897=CARTESIAN_POINT('',(-7.911032852,52.975698831,4.617768184));
#15898=CARTESIAN_POINT('',(-7.897334959,52.975698831,4.549274997));
#15899=CARTESIAN_POINT('',(-7.883637067,52.975698831,4.480781809));
#15900=CARTESIAN_POINT('',(-7.87678812,52.975698831,4.386260018));
#15901=CARTESIAN_POINT('',(-7.87678812,52.975698831,4.26571335));
#15902=CARTESIAN_POINT('',(-7.87678812,52.975698831,4.15064472));
#15903=CARTESIAN_POINT('',(-7.883637067,52.975698831,4.058862881));
#15904=CARTESIAN_POINT('',(-7.897334959,52.975698831,3.990369693));
#15905=CARTESIAN_POINT('',(-7.911032852,52.975698831,3.921876506));
#15906=CARTESIAN_POINT('',(-7.956239249,52.975698831,3.856123269));
#15907=CARTESIAN_POINT('',(-8.032950427,52.975698831,3.793109984));
#15908=CARTESIAN_POINT('',(-8.109663468,52.975698831,3.730096699));
#15909=CARTESIAN_POINT('',(-8.219252195,52.975698831,3.698590056));
#15910=CARTESIAN_POINT('',(-8.361720335,52.975698831,3.698590056));
#15911=CARTESIAN_POINT('',(-8.476787101,52.975698831,3.698590056));
#15912=CARTESIAN_POINT('',(-8.569937985,52.975698831,3.713658855));
#15913=CARTESIAN_POINT('',(-8.641171124,52.975698831,3.743794591));
#15914=B_SPLINE_CURVE_WITH_KNOTS('',3,(#15895,#15896,#15897,#15898,#15899,#15900,#15901,#15902,#15903,#15904,#15905,#15906,#15907,#15908,#15909,#15910,#15911,#15912,#15913),.UNSPECIFIED.,.F.,.F.,(4,3,3,3,3,3,4),(0.535740182,0.618133782,0.700527383,0.779176745,0.857826108,0.936476611,1.),.UNSPECIFIED.);
#15915=EDGE_CURVE('',#15894,#15886,#15914,.T.);
#15916=ORIENTED_EDGE('',*,*,#15915,.F.);
#15917=CARTESIAN_POINT('',(-8.032950427,52.975698831,4.746534706));
#15918=DIRECTION('',(0.,1.,-0.));
#15919=VECTOR('',#15918,0.4);
#15920=LINE('',#15917,#15919);
#15921=EDGE_CURVE('',#15894,#1553,#15920,.T.);
#15922=ORIENTED_EDGE('',*,*,#15921,.T.);
#15923=EDGE_LOOP('',(#15884,#15892,#15916,#15922));
#15924=FACE_BOUND('',#15923,.T.);
#15925=ADVANCED_FACE('',(#15924),#15883,.F.);
#15926=CARTESIAN_POINT('',(-8.641171124,52.975698831,3.743794591));
#15927=CARTESIAN_POINT('',(-8.641171124,53.375698831,3.743794591));
#15928=CARTESIAN_POINT('',(-8.712402399,52.975698831,3.773932189));
#15929=CARTESIAN_POINT('',(-8.712402399,53.375698831,3.773932189));
#15930=CARTESIAN_POINT('',(-8.761717792,52.975698831,3.821876676));
#15931=CARTESIAN_POINT('',(-8.761717792,53.375698831,3.821876676));
#15932=CARTESIAN_POINT('',(-8.78911544,52.975698831,3.887629912));
#15933=CARTESIAN_POINT('',(-8.78911544,53.375698831,3.887629912));
#15934=CARTESIAN_POINT('',(-8.816513087,52.975698831,3.953385011));
#15935=CARTESIAN_POINT('',(-8.816513087,53.375698831,3.953385011));
#15936=CARTESIAN_POINT('',(-8.834321838,52.975698831,4.012289301));
#15937=CARTESIAN_POINT('',(-8.834321838,53.375698831,4.012289301));
#15938=CARTESIAN_POINT('',(-8.842539828,52.975698831,4.064342783));
#15939=CARTESIAN_POINT('',(-8.842539828,53.375698831,4.064342783));
#15940=CARTESIAN_POINT('',(-8.850757818,52.975698831,4.116396264));
#15941=CARTESIAN_POINT('',(-8.850757818,53.375698831,4.116396264));
#15942=CARTESIAN_POINT('',(-8.854870539,52.975698831,4.183520407));
#15943=CARTESIAN_POINT('',(-8.854870539,53.375698831,4.183520407));
#15944=CARTESIAN_POINT('',(-8.854870539,52.975698831,4.26571335));
#15945=CARTESIAN_POINT('',(-8.854870539,53.375698831,4.26571335));
#15946=CARTESIAN_POINT('',(-8.854870539,52.975698831,4.353384332));
#15947=CARTESIAN_POINT('',(-8.854870539,53.375698831,4.353384332));
#15948=CARTESIAN_POINT('',(-8.850757818,52.975698831,4.424615607));
#15949=CARTESIAN_POINT('',(-8.850757818,53.375698831,4.424615607));
#15950=CARTESIAN_POINT('',(-8.842539828,52.975698831,4.479410902));
#15951=CARTESIAN_POINT('',(-8.842539828,53.375698831,4.479410902));
#15952=CARTESIAN_POINT('',(-8.834321838,52.975698831,4.534206197));
#15953=CARTESIAN_POINT('',(-8.834321838,53.375698831,4.534206197));
#15954=CARTESIAN_POINT('',(-8.816513087,52.975698831,4.593110488));
#15955=CARTESIAN_POINT('',(-8.816513087,53.375698831,4.593110488));
#15956=CARTESIAN_POINT('',(-8.78911544,52.975698831,4.656123773));
#15957=CARTESIAN_POINT('',(-8.78911544,53.375698831,4.656123773));
#15958=CARTESIAN_POINT('',(-8.761717792,52.975698831,4.719137058));
#15959=CARTESIAN_POINT('',(-8.761717792,53.375698831,4.719137058));
#15960=CARTESIAN_POINT('',(-8.712402399,52.975698831,4.7657125));
#15961=CARTESIAN_POINT('',(-8.712402399,53.375698831,4.7657125));
#15962=CARTESIAN_POINT('',(-8.641171124,52.975698831,4.795850099));
#15963=CARTESIAN_POINT('',(-8.641171124,53.375698831,4.795850099));
#15964=CARTESIAN_POINT('',(-8.569937985,52.975698831,4.825985835));
#15965=CARTESIAN_POINT('',(-8.569937985,53.375698831,4.825985835));
#15966=CARTESIAN_POINT('',(-8.476787101,52.975698831,4.841054634));
#15967=CARTESIAN_POINT('',(-8.476787101,53.375698831,4.841054634));
#15968=CARTESIAN_POINT('',(-8.361720335,52.975698831,4.841054634));
#15969=CARTESIAN_POINT('',(-8.361720335,53.375698831,4.841054634));
#15970=CARTESIAN_POINT('',(-8.219252195,52.975698831,4.841054634));
#15971=CARTESIAN_POINT('',(-8.219252195,53.375698831,4.841054634));
#15972=CARTESIAN_POINT('',(-8.109663468,52.975698831,4.809547991));
#15973=CARTESIAN_POINT('',(-8.109663468,53.375698831,4.809547991));
#15974=CARTESIAN_POINT('',(-8.032950427,52.975698831,4.746534706));
#15975=CARTESIAN_POINT('',(-8.032950427,53.375698831,4.746534706));
#15976=B_SPLINE_SURFACE_WITH_KNOTS('',3,1,((#15926,#15927),(#15928,#15929),(#15930,#15931),(#15932,#15933),(#15934,#15935),(#15936,#15937),(#15938,#15939),(#15940,#15941),(#15942,#15943),(#15944,#15945),(#15946,#15947),(#15948,#15949),(#15950,#15951),(#15952,#15953),(#15954,#15955),(#15956,#15957),(#15958,#15959),(#15960,#15961),(#15962,#15963),(#15964,#15965),(#15966,#15967),(#15968,#15969),(#15970,#15971),(#15972,#15973),(#15974,#15975)),.UNSPECIFIED.,.F.,.F.,.U.,(4,3,3,3,3,3,3,3,4),(2,2),(0.,0.062386322,0.124774149,0.187161977,0.253707862,0.320253747,0.386799632,0.453346368,0.535740182),(0.,1.),.UNSPECIFIED.);
#15977=ORIENTED_EDGE('',*,*,#1604,.T.);
#15978=ORIENTED_EDGE('',*,*,#15921,.F.);
#15979=CARTESIAN_POINT('',(-8.641171124,52.975698831,3.743794591));
#15980=CARTESIAN_POINT('',(-8.712402399,52.975698831,3.773932189));
#15981=CARTESIAN_POINT('',(-8.761717792,52.975698831,3.821876676));
#15982=CARTESIAN_POINT('',(-8.78911544,52.975698831,3.887629912));
#15983=CARTESIAN_POINT('',(-8.816513087,52.975698831,3.953385011));
#15984=CARTESIAN_POINT('',(-8.834321838,52.975698831,4.012289301));
#15985=CARTESIAN_POINT('',(-8.842539828,52.975698831,4.064342783));
#15986=CARTESIAN_POINT('',(-8.850757818,52.975698831,4.116396264));
#15987=CARTESIAN_POINT('',(-8.854870539,52.975698831,4.183520407));
#15988=CARTESIAN_POINT('',(-8.854870539,52.975698831,4.26571335));
#15989=CARTESIAN_POINT('',(-8.854870539,52.975698831,4.353384332));
#15990=CARTESIAN_POINT('',(-8.850757818,52.975698831,4.424615607));
#15991=CARTESIAN_POINT('',(-8.842539828,52.975698831,4.479410902));
#15992=CARTESIAN_POINT('',(-8.834321838,52.975698831,4.534206197));
#15993=CARTESIAN_POINT('',(-8.816513087,52.975698831,4.593110488));
#15994=CARTESIAN_POINT('',(-8.78911544,52.975698831,4.656123773));
#15995=CARTESIAN_POINT('',(-8.761717792,52.975698831,4.719137058));
#15996=CARTESIAN_POINT('',(-8.712402399,52.975698831,4.7657125));
#15997=CARTESIAN_POINT('',(-8.641171124,52.975698831,4.795850099));
#15998=CARTESIAN_POINT('',(-8.569937985,52.975698831,4.825985835));
#15999=CARTESIAN_POINT('',(-8.476787101,52.975698831,4.841054634));
#16000=CARTESIAN_POINT('',(-8.361720335,52.975698831,4.841054634));
#16001=CARTESIAN_POINT('',(-8.219252195,52.975698831,4.841054634));
#16002=CARTESIAN_POINT('',(-8.109663468,52.975698831,4.809547991));
#16003=CARTESIAN_POINT('',(-8.032950427,52.975698831,4.746534706));
#16004=B_SPLINE_CURVE_WITH_KNOTS('',3,(#15979,#15980,#15981,#15982,#15983,#15984,#15985,#15986,#15987,#15988,#15989,#15990,#15991,#15992,#15993,#15994,#15995,#15996,#15997,#15998,#15999,#16000,#16001,#16002,#16003),.UNSPECIFIED.,.F.,.F.,(4,3,3,3,3,3,3,3,4),(0.,0.062386322,0.124774149,0.187161977,0.253707862,0.320253747,0.386799632,0.453346368,0.535740182),.UNSPECIFIED.);
#16005=EDGE_CURVE('',#15886,#15894,#16004,.T.);
#16006=ORIENTED_EDGE('',*,*,#16005,.F.);
#16007=ORIENTED_EDGE('',*,*,#15891,.T.);
#16008=EDGE_LOOP('',(#15977,#15978,#16006,#16007));
#16009=FACE_BOUND('',#16008,.T.);
#16010=ADVANCED_FACE('',(#16009),#15976,.F.);
#16011=CARTESIAN_POINT('',(0.214993954,52.975698831,0.64516471));
#16012=DIRECTION('',(0.,1.,-0.));
#16013=DIRECTION('',(-1.,0.,0.));
#16014=AXIS2_PLACEMENT_3D('',#16011,#16012,#16013);
#16015=PLANE('',#16014);
#16016=ORIENTED_EDGE('',*,*,#15915,.T.);
#16017=ORIENTED_EDGE('',*,*,#16005,.T.);
#16018=EDGE_LOOP('',(#16016,#16017));
#16019=FACE_BOUND('',#16018,.T.);
#16020=ADVANCED_FACE('',(#16019),#16015,.T.);
#16021=CARTESIAN_POINT('',(-11.382265802,52.975698831,0.636945323));
#16022=CARTESIAN_POINT('',(-11.382265802,53.375698831,0.636945323));
#16023=CARTESIAN_POINT('',(-11.25897732,52.975698831,0.815027238));
#16024=CARTESIAN_POINT('',(-11.25897732,53.375698831,0.815027238));
#16025=CARTESIAN_POINT('',(-11.197334941,52.975698831,1.093110845));
#16026=CARTESIAN_POINT('',(-11.197334941,53.375698831,1.093110845));
#16027=CARTESIAN_POINT('',(-11.197334941,52.975698831,1.47119242));
#16028=CARTESIAN_POINT('',(-11.197334941,53.375698831,1.47119242));
#16029=CARTESIAN_POINT('',(-11.197334941,52.975698831,1.849273995));
#16030=CARTESIAN_POINT('',(-11.197334941,53.375698831,1.849273995));
#16031=CARTESIAN_POINT('',(-11.25897732,52.975698831,2.12735574));
#16032=CARTESIAN_POINT('',(-11.25897732,53.375698831,2.12735574));
#16033=CARTESIAN_POINT('',(-11.382265802,52.975698831,2.305439518));
#16034=CARTESIAN_POINT('',(-11.382265802,53.375698831,2.305439518));
#16035=CARTESIAN_POINT('',(-11.505554285,52.975698831,2.483521432));
#16036=CARTESIAN_POINT('',(-11.505554285,53.375698831,2.483521432));
#16037=CARTESIAN_POINT('',(-11.769938137,52.975698831,2.572561458));
#16038=CARTESIAN_POINT('',(-11.769938137,53.375698831,2.572561458));
#16039=CARTESIAN_POINT('',(-12.17541736,52.975698831,2.572561458));
#16040=CARTESIAN_POINT('',(-12.17541736,53.375698831,2.572561458));
#16041=CARTESIAN_POINT('',(-12.580896582,52.975698831,2.572561458));
#16042=CARTESIAN_POINT('',(-12.580896582,53.375698831,2.572561458));
#16043=CARTESIAN_POINT('',(-12.845280435,52.975698831,2.483521432));
#16044=CARTESIAN_POINT('',(-12.845280435,53.375698831,2.483521432));
#16045=CARTESIAN_POINT('',(-12.968565192,52.975698831,2.305439518));
#16046=CARTESIAN_POINT('',(-12.968565192,53.375698831,2.305439518));
#16047=B_SPLINE_SURFACE_WITH_KNOTS('',3,1,((#16021,#16022),(#16023,#16024),(#16025,#16026),(#16027,#16028),(#16029,#16030),(#16031,#16032),(#16033,#16034),(#16035,#16036),(#16037,#16038),(#16039,#16040),(#16041,#16042),(#16043,#16044),(#16045,#16046)),.UNSPECIFIED.,.F.,.F.,.U.,(4,3,3,3,4),(2,2),(0.,0.124999915,0.24999983,0.374998861,0.499997892),(0.,1.),.UNSPECIFIED.);
#16048=CARTESIAN_POINT('',(-11.382265802,53.375698831,0.636945323));
#16049=VERTEX_POINT('',#16048);
#16050=CARTESIAN_POINT('',(-12.968565192,53.375698831,2.305439518));
#16051=VERTEX_POINT('',#16050);
#16052=CARTESIAN_POINT('',(-11.382265802,53.375698831,0.636945323));
#16053=CARTESIAN_POINT('',(-11.25897732,53.375698831,0.815027238));
#16054=CARTESIAN_POINT('',(-11.197334941,53.375698831,1.093110845));
#16055=CARTESIAN_POINT('',(-11.197334941,53.375698831,1.47119242));
#16056=CARTESIAN_POINT('',(-11.197334941,53.375698831,1.849273995));
#16057=CARTESIAN_POINT('',(-11.25897732,53.375698831,2.12735574));
#16058=CARTESIAN_POINT('',(-11.382265802,53.375698831,2.305439518));
#16059=CARTESIAN_POINT('',(-11.505554285,53.375698831,2.483521432));
#16060=CARTESIAN_POINT('',(-11.769938137,53.375698831,2.572561458));
#16061=CARTESIAN_POINT('',(-12.17541736,53.375698831,2.572561458));
#16062=CARTESIAN_POINT('',(-12.580896582,53.375698831,2.572561458));
#16063=CARTESIAN_POINT('',(-12.845280435,53.375698831,2.483521432));
#16064=CARTESIAN_POINT('',(-12.968565192,53.375698831,2.305439518));
#16065=B_SPLINE_CURVE_WITH_KNOTS('',3,(#16052,#16053,#16054,#16055,#16056,#16057,#16058,#16059,#16060,#16061,#16062,#16063,#16064),.UNSPECIFIED.,.F.,.F.,(4,3,3,3,4),(0.,0.124999915,0.24999983,0.374998861,0.499997892),.UNSPECIFIED.);
#16066=EDGE_CURVE('',#16049,#16051,#16065,.T.);
#16067=ORIENTED_EDGE('',*,*,#16066,.T.);
#16068=CARTESIAN_POINT('',(-12.968565192,52.975698831,2.305439518));
#16069=VERTEX_POINT('',#16068);
#16070=CARTESIAN_POINT('',(-12.968565192,52.975698831,2.305439518));
#16071=DIRECTION('',(0.,1.,-0.));
#16072=VECTOR('',#16071,0.4);
#16073=LINE('',#16070,#16072);
#16074=EDGE_CURVE('',#16069,#16051,#16073,.T.);
#16075=ORIENTED_EDGE('',*,*,#16074,.F.);
#16076=CARTESIAN_POINT('',(-11.382265802,52.975698831,0.636945323));
#16077=VERTEX_POINT('',#16076);
#16078=CARTESIAN_POINT('',(-11.382265802,52.975698831,0.636945323));
#16079=CARTESIAN_POINT('',(-11.25897732,52.975698831,0.815027238));
#16080=CARTESIAN_POINT('',(-11.197334941,52.975698831,1.093110845));
#16081=CARTESIAN_POINT('',(-11.197334941,52.975698831,1.47119242));
#16082=CARTESIAN_POINT('',(-11.197334941,52.975698831,1.849273995));
#16083=CARTESIAN_POINT('',(-11.25897732,52.975698831,2.12735574));
#16084=CARTESIAN_POINT('',(-11.382265802,52.975698831,2.305439518));
#16085=CARTESIAN_POINT('',(-11.505554285,52.975698831,2.483521432));
#16086=CARTESIAN_POINT('',(-11.769938137,52.975698831,2.572561458));
#16087=CARTESIAN_POINT('',(-12.17541736,52.975698831,2.572561458));
#16088=CARTESIAN_POINT('',(-12.580896582,52.975698831,2.572561458));
#16089=CARTESIAN_POINT('',(-12.845280435,52.975698831,2.483521432));
#16090=CARTESIAN_POINT('',(-12.968565192,52.975698831,2.305439518));
#16091=B_SPLINE_CURVE_WITH_KNOTS('',3,(#16078,#16079,#16080,#16081,#16082,#16083,#16084,#16085,#16086,#16087,#16088,#16089,#16090),.UNSPECIFIED.,.F.,.F.,(4,3,3,3,4),(0.,0.124999915,0.24999983,0.374998861,0.499997892),.UNSPECIFIED.);
#16092=EDGE_CURVE('',#16077,#16069,#16091,.T.);
#16093=ORIENTED_EDGE('',*,*,#16092,.F.);
#16094=CARTESIAN_POINT('',(-11.382265802,52.975698831,0.636945323));
#16095=DIRECTION('',(0.,1.,-0.));
#16096=VECTOR('',#16095,0.4);
#16097=LINE('',#16094,#16096);
#16098=EDGE_CURVE('',#16077,#16049,#16097,.T.);
#16099=ORIENTED_EDGE('',*,*,#16098,.T.);
#16100=EDGE_LOOP('',(#16067,#16075,#16093,#16099));
#16101=FACE_BOUND('',#16100,.T.);
#16102=ADVANCED_FACE('',(#16101),#16047,.F.);
#16103=CARTESIAN_POINT('',(-12.734322663,52.975698831,-1.660314544));
#16104=CARTESIAN_POINT('',(-12.734322663,53.375698831,-1.660314544));
#16105=CARTESIAN_POINT('',(-12.87678894,52.975698831,-1.660314544));
#16106=CARTESIAN_POINT('',(-12.87678894,53.375698831,-1.660314544));
#16107=CARTESIAN_POINT('',(-12.995964702,52.975698831,-1.669903442));
#16108=CARTESIAN_POINT('',(-12.995964702,53.375698831,-1.669903442));
#16109=CARTESIAN_POINT('',(-13.0918574,52.975698831,-1.689081236));
#16110=CARTESIAN_POINT('',(-13.0918574,53.375698831,-1.689081236));
#16111=CARTESIAN_POINT('',(-13.187746372,52.975698831,-1.70825903));
#16112=CARTESIAN_POINT('',(-13.187746372,53.375698831,-1.70825903));
#16113=CARTESIAN_POINT('',(-13.278155442,52.975698831,-1.763054325));
#16114=CARTESIAN_POINT('',(-13.278155442,53.375698831,-1.763054325));
#16115=CARTESIAN_POINT('',(-13.363088336,52.975698831,-1.853465258));
#16116=CARTESIAN_POINT('',(-13.363088336,53.375698831,-1.853465258));
#16117=CARTESIAN_POINT('',(-13.448017504,52.975698831,-1.943876191));
#16118=CARTESIAN_POINT('',(-13.448017504,53.375698831,-1.943876191));
#16119=CARTESIAN_POINT('',(-13.490482088,52.975698831,-2.068533718));
#16120=CARTESIAN_POINT('',(-13.490482088,53.375698831,-2.068533718));
#16121=CARTESIAN_POINT('',(-13.490485813,52.975698831,-2.227437838));
#16122=CARTESIAN_POINT('',(-13.490485813,53.375698831,-2.227437838));
#16123=B_SPLINE_SURFACE_WITH_KNOTS('',3,1,((#16103,#16104),(#16105,#16106),(#16107,#16108),(#16109,#16110),(#16111,#16112),(#16113,#16114),(#16115,#16116),(#16117,#16118),(#16119,#16120),(#16121,#16122)),.UNSPECIFIED.,.F.,.F.,.U.,(4,3,3,4),(2,2),(0.,0.078077094,0.156151271,0.234223843),(0.,1.),.UNSPECIFIED.);
#16124=CARTESIAN_POINT('',(-12.734322663,53.375698831,-1.660314544));
#16125=VERTEX_POINT('',#16124);
#16126=CARTESIAN_POINT('',(-13.490485813,53.375698831,-2.227437838));
#16127=VERTEX_POINT('',#16126);
#16128=CARTESIAN_POINT('',(-12.734322663,53.375698831,-1.660314544));
#16129=CARTESIAN_POINT('',(-12.87678894,53.375698831,-1.660314544));
#16130=CARTESIAN_POINT('',(-12.995964702,53.375698831,-1.669903442));
#16131=CARTESIAN_POINT('',(-13.0918574,53.375698831,-1.689081236));
#16132=CARTESIAN_POINT('',(-13.187746372,53.375698831,-1.70825903));
#16133=CARTESIAN_POINT('',(-13.278155442,53.375698831,-1.763054325));
#16134=CARTESIAN_POINT('',(-13.363088336,53.375698831,-1.853465258));
#16135=CARTESIAN_POINT('',(-13.448017504,53.375698831,-1.943876191));
#16136=CARTESIAN_POINT('',(-13.490482088,53.375698831,-2.068533718));
#16137=CARTESIAN_POINT('',(-13.490485813,53.375698831,-2.227437838));
#16138=B_SPLINE_CURVE_WITH_KNOTS('',3,(#16128,#16129,#16130,#16131,#16132,#16133,#16134,#16135,#16136,#16137),.UNSPECIFIED.,.F.,.F.,(4,3,3,4),(0.,0.078077094,0.156151271,0.234223843),.UNSPECIFIED.);
#16139=EDGE_CURVE('',#16125,#16127,#16138,.T.);
#16140=ORIENTED_EDGE('',*,*,#16139,.T.);
#16141=CARTESIAN_POINT('',(-13.490485813,52.975698831,-2.227437838));
#16142=VERTEX_POINT('',#16141);
#16143=CARTESIAN_POINT('',(-13.490485813,52.975698831,-2.227437838));
#16144=DIRECTION('',(0.,1.,-0.));
#16145=VECTOR('',#16144,0.4);
#16146=LINE('',#16143,#16145);
#16147=EDGE_CURVE('',#16142,#16127,#16146,.T.);
#16148=ORIENTED_EDGE('',*,*,#16147,.F.);
#16149=CARTESIAN_POINT('',(-12.734322663,52.975698831,-1.660314544));
#16150=VERTEX_POINT('',#16149);
#16151=CARTESIAN_POINT('',(-12.734322663,52.975698831,-1.660314544));
#16152=CARTESIAN_POINT('',(-12.87678894,52.975698831,-1.660314544));
#16153=CARTESIAN_POINT('',(-12.995964702,52.975698831,-1.669903442));
#16154=CARTESIAN_POINT('',(-13.0918574,52.975698831,-1.689081236));
#16155=CARTESIAN_POINT('',(-13.187746372,52.975698831,-1.70825903));
#16156=CARTESIAN_POINT('',(-13.278155442,52.975698831,-1.763054325));
#16157=CARTESIAN_POINT('',(-13.363088336,52.975698831,-1.853465258));
#16158=CARTESIAN_POINT('',(-13.448017504,52.975698831,-1.943876191));
#16159=CARTESIAN_POINT('',(-13.490482088,52.975698831,-2.068533718));
#16160=CARTESIAN_POINT('',(-13.490485813,52.975698831,-2.227437838));
#16161=B_SPLINE_CURVE_WITH_KNOTS('',3,(#16151,#16152,#16153,#16154,#16155,#16156,#16157,#16158,#16159,#16160),.UNSPECIFIED.,.F.,.F.,(4,3,3,4),(0.,0.078077094,0.156151271,0.234223843),.UNSPECIFIED.);
#16162=EDGE_CURVE('',#16150,#16142,#16161,.T.);
#16163=ORIENTED_EDGE('',*,*,#16162,.F.);
#16164=CARTESIAN_POINT('',(-12.734322663,52.975698831,-1.660314544));
#16165=DIRECTION('',(0.,1.,-0.));
#16166=VECTOR('',#16165,0.4);
#16167=LINE('',#16164,#16166);
#16168=EDGE_CURVE('',#16150,#16125,#16167,.T.);
#16169=ORIENTED_EDGE('',*,*,#16168,.T.);
#16170=EDGE_LOOP('',(#16140,#16148,#16163,#16169));
#16171=FACE_BOUND('',#16170,.T.);
#16172=ADVANCED_FACE('',(#16171),#16123,.F.);
#16173=CARTESIAN_POINT('',(-13.490485813,52.975698831,-2.227437838));
#16174=CARTESIAN_POINT('',(-13.490485813,53.375698831,-2.227437838));
#16175=CARTESIAN_POINT('',(-13.490482088,52.975698831,-2.364424213));
#16176=CARTESIAN_POINT('',(-13.490482088,53.375698831,-2.364424213));
#16177=CARTESIAN_POINT('',(-13.469937112,52.975698831,-2.476752891));
#16178=CARTESIAN_POINT('',(-13.469937112,53.375698831,-2.476752891));
#16179=CARTESIAN_POINT('',(-13.428843435,52.975698831,-2.564423873));
#16180=CARTESIAN_POINT('',(-13.428843435,53.375698831,-2.564423873));
#16181=B_SPLINE_SURFACE_WITH_KNOTS('',3,1,((#16173,#16174),(#16175,#16176),(#16177,#16178),(#16179,#16180)),.UNSPECIFIED.,.F.,.F.,.U.,(4,4),(2,2),(0.234223843,0.301527816),(0.,1.),.UNSPECIFIED.);
#16182=CARTESIAN_POINT('',(-13.428843435,53.375698831,-2.564423873));
#16183=VERTEX_POINT('',#16182);
#16184=CARTESIAN_POINT('',(-13.490485813,53.375698831,-2.227437838));
#16185=CARTESIAN_POINT('',(-13.490482088,53.375698831,-2.364424213));
#16186=CARTESIAN_POINT('',(-13.469937112,53.375698831,-2.476752891));
#16187=CARTESIAN_POINT('',(-13.428843435,53.375698831,-2.564423873));
#16188=B_SPLINE_CURVE_WITH_KNOTS('',3,(#16184,#16185,#16186,#16187),.UNSPECIFIED.,.F.,.F.,(4,4),(0.234223843,0.301527816),.UNSPECIFIED.);
#16189=EDGE_CURVE('',#16127,#16183,#16188,.T.);
#16190=ORIENTED_EDGE('',*,*,#16189,.T.);
#16191=CARTESIAN_POINT('',(-13.428843435,52.975698831,-2.564423873));
#16192=VERTEX_POINT('',#16191);
#16193=CARTESIAN_POINT('',(-13.428843435,52.975698831,-2.564423873));
#16194=DIRECTION('',(0.,1.,-0.));
#16195=VECTOR('',#16194,0.4);
#16196=LINE('',#16193,#16195);
#16197=EDGE_CURVE('',#16192,#16183,#16196,.T.);
#16198=ORIENTED_EDGE('',*,*,#16197,.F.);
#16199=CARTESIAN_POINT('',(-13.490485813,52.975698831,-2.227437838));
#16200=CARTESIAN_POINT('',(-13.490482088,52.975698831,-2.364424213));
#16201=CARTESIAN_POINT('',(-13.469937112,52.975698831,-2.476752891));
#16202=CARTESIAN_POINT('',(-13.428843435,52.975698831,-2.564423873));
#16203=B_SPLINE_CURVE_WITH_KNOTS('',3,(#16199,#16200,#16201,#16202),.UNSPECIFIED.,.F.,.F.,(4,4),(0.234223843,0.301527816),.UNSPECIFIED.);
#16204=EDGE_CURVE('',#16142,#16192,#16203,.T.);
#16205=ORIENTED_EDGE('',*,*,#16204,.F.);
#16206=ORIENTED_EDGE('',*,*,#16147,.T.);
#16207=EDGE_LOOP('',(#16190,#16198,#16205,#16206));
#16208=FACE_BOUND('',#16207,.T.);
#16209=ADVANCED_FACE('',(#16208),#16181,.F.);
#16210=CARTESIAN_POINT('',(-13.428843435,52.975698831,-2.564423873));
#16211=CARTESIAN_POINT('',(-13.428843435,53.375698831,-2.564423873));
#16212=CARTESIAN_POINT('',(-13.387746032,52.975698831,-2.652094855));
#16213=CARTESIAN_POINT('',(-13.387746032,53.375698831,-2.652094855));
#16214=CARTESIAN_POINT('',(-13.334317919,52.975698831,-2.721958018));
#16215=CARTESIAN_POINT('',(-13.334317919,53.375698831,-2.721958018));
#16216=CARTESIAN_POINT('',(-13.26857027,52.975698831,-2.774013362));
#16217=CARTESIAN_POINT('',(-13.26857027,53.375698831,-2.774013362));
#16218=B_SPLINE_SURFACE_WITH_KNOTS('',3,1,((#16210,#16211),(#16212,#16213),(#16214,#16215),(#16216,#16217)),.UNSPECIFIED.,.F.,.F.,.U.,(4,4),(2,2),(0.301527816,0.368832888),(0.,1.),.UNSPECIFIED.);
#16219=CARTESIAN_POINT('',(-13.26857027,53.375698831,-2.774013362));
#16220=VERTEX_POINT('',#16219);
#16221=CARTESIAN_POINT('',(-13.428843435,53.375698831,-2.564423873));
#16222=CARTESIAN_POINT('',(-13.387746032,53.375698831,-2.652094855));
#16223=CARTESIAN_POINT('',(-13.334317919,53.375698831,-2.721958018));
#16224=CARTESIAN_POINT('',(-13.26857027,53.375698831,-2.774013362));
#16225=B_SPLINE_CURVE_WITH_KNOTS('',3,(#16221,#16222,#16223,#16224),.UNSPECIFIED.,.F.,.F.,(4,4),(0.301527816,0.368832888),.UNSPECIFIED.);
#16226=EDGE_CURVE('',#16183,#16220,#16225,.T.);
#16227=ORIENTED_EDGE('',*,*,#16226,.T.);
#16228=CARTESIAN_POINT('',(-13.26857027,52.975698831,-2.774013362));
#16229=VERTEX_POINT('',#16228);
#16230=CARTESIAN_POINT('',(-13.26857027,52.975698831,-2.774013362));
#16231=DIRECTION('',(0.,1.,-0.));
#16232=VECTOR('',#16231,0.4);
#16233=LINE('',#16230,#16232);
#16234=EDGE_CURVE('',#16229,#16220,#16233,.T.);
#16235=ORIENTED_EDGE('',*,*,#16234,.F.);
#16236=CARTESIAN_POINT('',(-13.428843435,52.975698831,-2.564423873));
#16237=CARTESIAN_POINT('',(-13.387746032,52.975698831,-2.652094855));
#16238=CARTESIAN_POINT('',(-13.334317919,52.975698831,-2.721958018));
#16239=CARTESIAN_POINT('',(-13.26857027,52.975698831,-2.774013362));
#16240=B_SPLINE_CURVE_WITH_KNOTS('',3,(#16236,#16237,#16238,#16239),.UNSPECIFIED.,.F.,.F.,(4,4),(0.301527816,0.368832888),.UNSPECIFIED.);
#16241=EDGE_CURVE('',#16192,#16229,#16240,.T.);
#16242=ORIENTED_EDGE('',*,*,#16241,.F.);
#16243=ORIENTED_EDGE('',*,*,#16197,.T.);
#16244=EDGE_LOOP('',(#16227,#16235,#16242,#16243));
#16245=FACE_BOUND('',#16244,.T.);
#16246=ADVANCED_FACE('',(#16245),#16218,.F.);
#16247=CARTESIAN_POINT('',(-13.26857027,52.975698831,-2.774013362));
#16248=CARTESIAN_POINT('',(-13.26857027,53.375698831,-2.774013362));
#16249=CARTESIAN_POINT('',(-13.202815171,52.975698831,-2.826067775));
#16250=CARTESIAN_POINT('',(-13.202815171,53.375698831,-2.826067775));
#16251=CARTESIAN_POINT('',(-13.105555292,52.975698831,-2.86579427));
#16252=CARTESIAN_POINT('',(-13.105555292,53.375698831,-2.86579427));
#16253=CARTESIAN_POINT('',(-12.976786908,52.975698831,-2.893190987));
#16254=CARTESIAN_POINT('',(-12.976786908,53.375698831,-2.893190987));
#16255=CARTESIAN_POINT('',(-12.848022248,52.975698831,-2.920588634));
#16256=CARTESIAN_POINT('',(-12.848022248,53.375698831,-2.920588634));
#16257=CARTESIAN_POINT('',(-12.721991952,52.975698831,-2.937027409));
#16258=CARTESIAN_POINT('',(-12.721991952,53.375698831,-2.937027409));
#16259=CARTESIAN_POINT('',(-12.598707195,52.975698831,-2.94250638));
#16260=CARTESIAN_POINT('',(-12.598707195,53.375698831,-2.94250638));
#16261=CARTESIAN_POINT('',(-12.475414987,52.975698831,-2.94798535));
#16262=CARTESIAN_POINT('',(-12.475414987,53.375698831,-2.94798535));
#16263=CARTESIAN_POINT('',(-12.306923833,52.975698831,-2.950725301));
#16264=CARTESIAN_POINT('',(-12.306923833,53.375698831,-2.950725301));
#16265=CARTESIAN_POINT('',(-12.09322628,52.975698831,-2.950725301));
#16266=CARTESIAN_POINT('',(-12.09322628,53.375698831,-2.950725301));
#16267=CARTESIAN_POINT('',(-11.654867645,52.975698831,-2.950725301));
#16268=CARTESIAN_POINT('',(-11.654867645,53.375698831,-2.950725301));
#16269=CARTESIAN_POINT('',(-11.331579502,52.975698831,-2.913738757));
#16270=CARTESIAN_POINT('',(-11.331579502,53.375698831,-2.913738757));
#16271=CARTESIAN_POINT('',(-11.123361852,52.975698831,-2.839766598));
#16272=CARTESIAN_POINT('',(-11.123361852,53.375698831,-2.839766598));
#16273=CARTESIAN_POINT('',(-10.915144201,52.975698831,-2.76579444));
#16274=CARTESIAN_POINT('',(-10.915144201,53.375698831,-2.76579444));
#16275=CARTESIAN_POINT('',(-10.811033513,52.975698831,-2.602780394));
#16276=CARTESIAN_POINT('',(-10.811033513,53.375698831,-2.602780394));
#16277=CARTESIAN_POINT('',(-10.811033513,52.975698831,-2.350726321));
#16278=CARTESIAN_POINT('',(-10.811033513,53.375698831,-2.350726321));
#16279=CARTESIAN_POINT('',(-10.811033513,52.975698831,-2.071273669));
#16280=CARTESIAN_POINT('',(-10.811033513,53.375698831,-2.071273669));
#16281=CARTESIAN_POINT('',(-10.915144201,52.975698831,-1.84113641));
#16282=CARTESIAN_POINT('',(-10.915144201,53.375698831,-1.84113641));
#16283=CARTESIAN_POINT('',(-11.123361852,52.975698831,-1.660314544));
#16284=CARTESIAN_POINT('',(-11.123361852,53.375698831,-1.660314544));
#16285=B_SPLINE_SURFACE_WITH_KNOTS('',3,1,((#16247,#16248),(#16249,#16250),(#16251,#16252),(#16253,#16254),(#16255,#16256),(#16257,#16258),(#16259,#16260),(#16261,#16262),(#16263,#16264),(#16265,#16266),(#16267,#16268),(#16269,#16270),(#16271,#16272),(#16273,#16274),(#16275,#16276),(#16277,#16278),(#16279,#16280),(#16281,#16282),(#16283,#16284)),.UNSPECIFIED.,.F.,.F.,.U.,(4,3,3,3,3,3,4),(2,2),(0.368832888,0.436142185,0.503449718,0.57076131,0.708837845,0.84691438,1.),(0.,1.),.UNSPECIFIED.);
#16286=CARTESIAN_POINT('',(-11.123361852,53.375698831,-1.660314544));
#16287=VERTEX_POINT('',#16286);
#16288=CARTESIAN_POINT('',(-13.26857027,53.375698831,-2.774013362));
#16289=CARTESIAN_POINT('',(-13.202815171,53.375698831,-2.826067775));
#16290=CARTESIAN_POINT('',(-13.105555292,53.375698831,-2.86579427));
#16291=CARTESIAN_POINT('',(-12.976786908,53.375698831,-2.893190987));
#16292=CARTESIAN_POINT('',(-12.848022248,53.375698831,-2.920588634));
#16293=CARTESIAN_POINT('',(-12.721991952,53.375698831,-2.937027409));
#16294=CARTESIAN_POINT('',(-12.598707195,53.375698831,-2.94250638));
#16295=CARTESIAN_POINT('',(-12.475414987,53.375698831,-2.94798535));
#16296=CARTESIAN_POINT('',(-12.306923833,53.375698831,-2.950725301));
#16297=CARTESIAN_POINT('',(-12.09322628,53.375698831,-2.950725301));
#16298=CARTESIAN_POINT('',(-11.654867645,53.375698831,-2.950725301));
#16299=CARTESIAN_POINT('',(-11.331579502,53.375698831,-2.913738757));
#16300=CARTESIAN_POINT('',(-11.123361852,53.375698831,-2.839766598));
#16301=CARTESIAN_POINT('',(-10.915144201,53.375698831,-2.76579444));
#16302=CARTESIAN_POINT('',(-10.811033513,53.375698831,-2.602780394));
#16303=CARTESIAN_POINT('',(-10.811033513,53.375698831,-2.350726321));
#16304=CARTESIAN_POINT('',(-10.811033513,53.375698831,-2.071273669));
#16305=CARTESIAN_POINT('',(-10.915144201,53.375698831,-1.84113641));
#16306=CARTESIAN_POINT('',(-11.123361852,53.375698831,-1.660314544));
#16307=B_SPLINE_CURVE_WITH_KNOTS('',3,(#16288,#16289,#16290,#16291,#16292,#16293,#16294,#16295,#16296,#16297,#16298,#16299,#16300,#16301,#16302,#16303,#16304,#16305,#16306),.UNSPECIFIED.,.F.,.F.,(4,3,3,3,3,3,4),(0.368832888,0.436142185,0.503449718,0.57076131,0.708837845,0.84691438,1.),.UNSPECIFIED.);
#16308=EDGE_CURVE('',#16220,#16287,#16307,.T.);
#16309=ORIENTED_EDGE('',*,*,#16308,.T.);
#16310=CARTESIAN_POINT('',(-11.123361852,52.975698831,-1.660314544));
#16311=VERTEX_POINT('',#16310);
#16312=CARTESIAN_POINT('',(-11.123361852,52.975698831,-1.660314544));
#16313=DIRECTION('',(0.,1.,-0.));
#16314=VECTOR('',#16313,0.4);
#16315=LINE('',#16312,#16314);
#16316=EDGE_CURVE('',#16311,#16287,#16315,.T.);
#16317=ORIENTED_EDGE('',*,*,#16316,.F.);
#16318=CARTESIAN_POINT('',(-13.26857027,52.975698831,-2.774013362));
#16319=CARTESIAN_POINT('',(-13.202815171,52.975698831,-2.826067775));
#16320=CARTESIAN_POINT('',(-13.105555292,52.975698831,-2.86579427));
#16321=CARTESIAN_POINT('',(-12.976786908,52.975698831,-2.893190987));
#16322=CARTESIAN_POINT('',(-12.848022248,52.975698831,-2.920588634));
#16323=CARTESIAN_POINT('',(-12.721991952,52.975698831,-2.937027409));
#16324=CARTESIAN_POINT('',(-12.598707195,52.975698831,-2.94250638));
#16325=CARTESIAN_POINT('',(-12.475414987,52.975698831,-2.94798535));
#16326=CARTESIAN_POINT('',(-12.306923833,52.975698831,-2.950725301));
#16327=CARTESIAN_POINT('',(-12.09322628,52.975698831,-2.950725301));
#16328=CARTESIAN_POINT('',(-11.654867645,52.975698831,-2.950725301));
#16329=CARTESIAN_POINT('',(-11.331579502,52.975698831,-2.913738757));
#16330=CARTESIAN_POINT('',(-11.123361852,52.975698831,-2.839766598));
#16331=CARTESIAN_POINT('',(-10.915144201,52.975698831,-2.76579444));
#16332=CARTESIAN_POINT('',(-10.811033513,52.975698831,-2.602780394));
#16333=CARTESIAN_POINT('',(-10.811033513,52.975698831,-2.350726321));
#16334=CARTESIAN_POINT('',(-10.811033513,52.975698831,-2.071273669));
#16335=CARTESIAN_POINT('',(-10.915144201,52.975698831,-1.84113641));
#16336=CARTESIAN_POINT('',(-11.123361852,52.975698831,-1.660314544));
#16337=B_SPLINE_CURVE_WITH_KNOTS('',3,(#16318,#16319,#16320,#16321,#16322,#16323,#16324,#16325,#16326,#16327,#16328,#16329,#16330,#16331,#16332,#16333,#16334,#16335,#16336),.UNSPECIFIED.,.F.,.F.,(4,3,3,3,3,3,4),(0.368832888,0.436142185,0.503449718,0.57076131,0.708837845,0.84691438,1.),.UNSPECIFIED.);
#16338=EDGE_CURVE('',#16229,#16311,#16337,.T.);
#16339=ORIENTED_EDGE('',*,*,#16338,.F.);
#16340=ORIENTED_EDGE('',*,*,#16234,.T.);
#16341=EDGE_LOOP('',(#16309,#16317,#16339,#16340));
#16342=FACE_BOUND('',#16341,.T.);
#16343=ADVANCED_FACE('',(#16342),#16285,.F.);
#16344=CARTESIAN_POINT('',(-11.119252857,52.975698831,-0.24250631));
#16345=DIRECTION('',(-0.707106781,-0.,-0.707106781));
#16346=DIRECTION('',(-0.707106781,0.,0.707106781));
#16347=AXIS2_PLACEMENT_3D('',#16344,#16345,#16346);
#16348=PLANE('',#16347);
#16349=ORIENTED_EDGE('',*,*,#1366,.T.);
#16350=CARTESIAN_POINT('',(-11.271308031,52.975698831,-0.090451135));
#16351=VERTEX_POINT('',#16350);
#16352=CARTESIAN_POINT('',(-11.271308031,52.975698831,-0.090451135));
#16353=DIRECTION('',(0.,1.,-0.));
#16354=VECTOR('',#16353,0.4);
#16355=LINE('',#16352,#16354);
#16356=EDGE_CURVE('',#16351,#1361,#16355,.T.);
#16357=ORIENTED_EDGE('',*,*,#16356,.F.);
#16358=CARTESIAN_POINT('',(-10.967197682,52.975698831,-0.394561484));
#16359=VERTEX_POINT('',#16358);
#16360=CARTESIAN_POINT('',(-10.967197682,52.975698831,-0.394561484));
#16361=DIRECTION('',(-0.707106781,0.,0.707106781));
#16362=VECTOR('',#16361,0.430076979);
#16363=LINE('',#16360,#16362);
#16364=EDGE_CURVE('',#16359,#16351,#16363,.T.);
#16365=ORIENTED_EDGE('',*,*,#16364,.F.);
#16366=CARTESIAN_POINT('',(-10.967197682,52.975698831,-0.394561484));
#16367=DIRECTION('',(0.,1.,-0.));
#16368=VECTOR('',#16367,0.4);
#16369=LINE('',#16366,#16368);
#16370=EDGE_CURVE('',#16359,#1359,#16369,.T.);
#16371=ORIENTED_EDGE('',*,*,#16370,.T.);
#16372=EDGE_LOOP('',(#16349,#16357,#16365,#16371));
#16373=FACE_BOUND('',#16372,.T.);
#16374=ADVANCED_FACE('',(#16373),#16348,.F.);
#16375=CARTESIAN_POINT('',(-11.271308031,52.975698831,-0.090451135));
#16376=CARTESIAN_POINT('',(-11.271308031,53.375698831,-0.090451135));
#16377=CARTESIAN_POINT('',(-11.512405094,52.975698831,-0.172644078));
#16378=CARTESIAN_POINT('',(-11.512405094,53.375698831,-0.172644078));
#16379=CARTESIAN_POINT('',(-11.813773628,52.975698831,-0.213739618));
#16380=CARTESIAN_POINT('',(-11.813773628,53.375698831,-0.213739618));
#16381=CARTESIAN_POINT('',(-12.17541736,52.975698831,-0.213739618));
#16382=CARTESIAN_POINT('',(-12.17541736,53.375698831,-0.213739618));
#16383=B_SPLINE_SURFACE_WITH_KNOTS('',3,1,((#16375,#16376),(#16377,#16378),(#16379,#16380),(#16381,#16382)),.UNSPECIFIED.,.F.,.F.,.U.,(4,4),(2,2),(0.,1.),(0.,1.),.UNSPECIFIED.);
#16384=ORIENTED_EDGE('',*,*,#1548,.T.);
#16385=CARTESIAN_POINT('',(-12.17541736,52.975698831,-0.213739618));
#16386=VERTEX_POINT('',#16385);
#16387=CARTESIAN_POINT('',(-12.17541736,52.975698831,-0.213739618));
#16388=DIRECTION('',(0.,1.,-0.));
#16389=VECTOR('',#16388,0.4);
#16390=LINE('',#16387,#16389);
#16391=EDGE_CURVE('',#16386,#1523,#16390,.T.);
#16392=ORIENTED_EDGE('',*,*,#16391,.F.);
#16393=CARTESIAN_POINT('',(-11.271308031,52.975698831,-0.090451135));
#16394=CARTESIAN_POINT('',(-11.512405094,52.975698831,-0.172644078));
#16395=CARTESIAN_POINT('',(-11.813773628,52.975698831,-0.213739618));
#16396=CARTESIAN_POINT('',(-12.17541736,52.975698831,-0.213739618));
#16397=B_SPLINE_CURVE_WITH_KNOTS('',3,(#16393,#16394,#16395,#16396),.UNSPECIFIED.,.F.,.F.,(4,4),(0.,1.),.UNSPECIFIED.);
#16398=EDGE_CURVE('',#16351,#16386,#16397,.T.);
#16399=ORIENTED_EDGE('',*,*,#16398,.F.);
#16400=ORIENTED_EDGE('',*,*,#16356,.T.);
#16401=EDGE_LOOP('',(#16384,#16392,#16399,#16400));
#16402=FACE_BOUND('',#16401,.T.);
#16403=ADVANCED_FACE('',(#16402),#16383,.F.);
#16404=CARTESIAN_POINT('',(-12.17541736,52.975698831,-0.213739618));
#16405=CARTESIAN_POINT('',(-12.17541736,53.375698831,-0.213739618));
#16406=CARTESIAN_POINT('',(-12.558980699,52.975698831,-0.213739618));
#16407=CARTESIAN_POINT('',(-12.558980699,53.375698831,-0.213739618));
#16408=CARTESIAN_POINT('',(-12.875418033,52.975698831,-0.169904127));
#16409=CARTESIAN_POINT('',(-12.875418033,53.375698831,-0.169904127));
#16410=CARTESIAN_POINT('',(-13.124729361,52.975698831,-0.082233145));
#16411=CARTESIAN_POINT('',(-13.124729361,53.375698831,-0.082233145));
#16412=CARTESIAN_POINT('',(-13.374044414,52.975698831,0.005439699));
#16413=CARTESIAN_POINT('',(-13.374044414,53.375698831,0.005439699));
#16414=CARTESIAN_POINT('',(-13.556240912,52.975698831,0.136946172));
#16415=CARTESIAN_POINT('',(-13.556240912,53.375698831,0.136946172));
#16416=CARTESIAN_POINT('',(-13.671307679,52.975698831,0.312288136));
#16417=CARTESIAN_POINT('',(-13.671307679,53.375698831,0.312288136));
#16418=CARTESIAN_POINT('',(-13.786374446,52.975698831,0.4876301));
#16419=CARTESIAN_POINT('',(-13.786374446,53.375698831,0.4876301));
#16420=CARTESIAN_POINT('',(-13.861718442,52.975698831,0.661603019));
#16421=CARTESIAN_POINT('',(-13.861718442,53.375698831,0.661603019));
#16422=CARTESIAN_POINT('',(-13.897335943,52.975698831,0.834206895));
#16423=CARTESIAN_POINT('',(-13.897335943,53.375698831,0.834206895));
#16424=CARTESIAN_POINT('',(-13.932949718,52.975698831,1.006808908));
#16425=CARTESIAN_POINT('',(-13.932949718,53.375698831,1.006808908));
#16426=CARTESIAN_POINT('',(-13.950760331,52.975698831,1.219137416));
#16427=CARTESIAN_POINT('',(-13.950760331,53.375698831,1.219137416));
#16428=CARTESIAN_POINT('',(-13.950760331,52.975698831,1.47119242));
#16429=CARTESIAN_POINT('',(-13.950760331,53.375698831,1.47119242));
#16430=CARTESIAN_POINT('',(-13.950760331,52.975698831,1.975302429));
#16431=CARTESIAN_POINT('',(-13.950760331,53.375698831,1.975302429));
#16432=CARTESIAN_POINT('',(-13.865827437,52.975698831,2.347904102));
#16433=CARTESIAN_POINT('',(-13.865827437,53.375698831,2.347904102));
#16434=CARTESIAN_POINT('',(-13.695965376,52.975698831,2.589001165));
#16435=CARTESIAN_POINT('',(-13.695965376,53.375698831,2.589001165));
#16436=B_SPLINE_SURFACE_WITH_KNOTS('',3,1,((#16404,#16405),(#16406,#16407),(#16408,#16409),(#16410,#16411),(#16412,#16413),(#16414,#16415),(#16416,#16417),(#16418,#16419),(#16420,#16421),(#16422,#16423),(#16424,#16425),(#16426,#16427),(#16428,#16429),(#16430,#16431),(#16432,#16433),(#16434,#16435)),.UNSPECIFIED.,.F.,.F.,.U.,(4,3,3,3,3,4),(2,2),(0.,0.166665714,0.333334033,0.500002353,0.666668235,1.),(0.,1.),.UNSPECIFIED.);
#16437=ORIENTED_EDGE('',*,*,#1541,.T.);
#16438=CARTESIAN_POINT('',(-13.695965376,52.975698831,2.589001165));
#16439=VERTEX_POINT('',#16438);
#16440=CARTESIAN_POINT('',(-13.695965376,52.975698831,2.589001165));
#16441=DIRECTION('',(0.,1.,-0.));
#16442=VECTOR('',#16441,0.4);
#16443=LINE('',#16440,#16442);
#16444=EDGE_CURVE('',#16439,#1515,#16443,.T.);
#16445=ORIENTED_EDGE('',*,*,#16444,.F.);
#16446=CARTESIAN_POINT('',(-12.17541736,52.975698831,-0.213739618));
#16447=CARTESIAN_POINT('',(-12.558980699,52.975698831,-0.213739618));
#16448=CARTESIAN_POINT('',(-12.875418033,52.975698831,-0.169904127));
#16449=CARTESIAN_POINT('',(-13.124729361,52.975698831,-0.082233145));
#16450=CARTESIAN_POINT('',(-13.374044414,52.975698831,0.005439699));
#16451=CARTESIAN_POINT('',(-13.556240912,52.975698831,0.136946172));
#16452=CARTESIAN_POINT('',(-13.671307679,52.975698831,0.312288136));
#16453=CARTESIAN_POINT('',(-13.786374446,52.975698831,0.4876301));
#16454=CARTESIAN_POINT('',(-13.861718442,52.975698831,0.661603019));
#16455=CARTESIAN_POINT('',(-13.897335943,52.975698831,0.834206895));
#16456=CARTESIAN_POINT('',(-13.932949718,52.975698831,1.006808908));
#16457=CARTESIAN_POINT('',(-13.950760331,52.975698831,1.219137416));
#16458=CARTESIAN_POINT('',(-13.950760331,52.975698831,1.47119242));
#16459=CARTESIAN_POINT('',(-13.950760331,52.975698831,1.975302429));
#16460=CARTESIAN_POINT('',(-13.865827437,52.975698831,2.347904102));
#16461=CARTESIAN_POINT('',(-13.695965376,52.975698831,2.589001165));
#16462=B_SPLINE_CURVE_WITH_KNOTS('',3,(#16446,#16447,#16448,#16449,#16450,#16451,#16452,#16453,#16454,#16455,#16456,#16457,#16458,#16459,#16460,#16461),.UNSPECIFIED.,.F.,.F.,(4,3,3,3,3,4),(0.,0.166665714,0.333334033,0.500002353,0.666668235,1.),.UNSPECIFIED.);
#16463=EDGE_CURVE('',#16386,#16439,#16462,.T.);
#16464=ORIENTED_EDGE('',*,*,#16463,.F.);
#16465=ORIENTED_EDGE('',*,*,#16391,.T.);
#16466=EDGE_LOOP('',(#16437,#16445,#16464,#16465));
#16467=FACE_BOUND('',#16466,.T.);
#16468=ADVANCED_FACE('',(#16467),#16436,.F.);
#16469=CARTESIAN_POINT('',(-13.958978321,52.975698831,2.856124037));
#16470=DIRECTION('',(-0.712567278,-0.,-0.701603787));
#16471=DIRECTION('',(-0.701603787,0.,0.712567278));
#16472=AXIS2_PLACEMENT_3D('',#16469,#16470,#16471);
#16473=PLANE('',#16472);
#16474=ORIENTED_EDGE('',*,*,#1520,.T.);
#16475=CARTESIAN_POINT('',(-14.221991267,52.975698831,3.123246909));
#16476=VERTEX_POINT('',#16475);
#16477=CARTESIAN_POINT('',(-14.221991267,52.975698831,3.123246909));
#16478=DIRECTION('',(0.,1.,-0.));
#16479=VECTOR('',#16478,0.4);
#16480=LINE('',#16477,#16479);
#16481=EDGE_CURVE('',#16476,#1507,#16480,.T.);
#16482=ORIENTED_EDGE('',*,*,#16481,.F.);
#16483=CARTESIAN_POINT('',(-13.695965376,52.975698831,2.589001165));
#16484=DIRECTION('',(-0.701603787,0.,0.712567278));
#16485=VECTOR('',#16484,0.749747793);
#16486=LINE('',#16483,#16485);
#16487=EDGE_CURVE('',#16439,#16476,#16486,.T.);
#16488=ORIENTED_EDGE('',*,*,#16487,.F.);
#16489=ORIENTED_EDGE('',*,*,#16444,.T.);
#16490=EDGE_LOOP('',(#16474,#16482,#16488,#16489));
#16491=FACE_BOUND('',#16490,.T.);
#16492=ADVANCED_FACE('',(#16491),#16473,.F.);
#16493=CARTESIAN_POINT('',(-13.987746876,52.975698831,3.361603089));
#16494=DIRECTION('',(-0.713231862,0.,0.700928178));
#16495=DIRECTION('',(0.700928178,0.,0.713231862));
#16496=AXIS2_PLACEMENT_3D('',#16493,#16494,#16495);
#16497=PLANE('',#16496);
#16498=ORIENTED_EDGE('',*,*,#1512,.T.);
#16499=CARTESIAN_POINT('',(-13.753502484,52.975698831,3.59995927));
#16500=VERTEX_POINT('',#16499);
#16501=CARTESIAN_POINT('',(-13.753502484,52.975698831,3.59995927));
#16502=DIRECTION('',(0.,1.,-0.));
#16503=VECTOR('',#16502,0.4);
#16504=LINE('',#16501,#16503);
#16505=EDGE_CURVE('',#16500,#1499,#16504,.T.);
#16506=ORIENTED_EDGE('',*,*,#16505,.F.);
#16507=CARTESIAN_POINT('',(-14.221991267,52.975698831,3.123246909));
#16508=DIRECTION('',(0.700928178,0.,0.713231862));
#16509=VECTOR('',#16508,0.668383434);
#16510=LINE('',#16507,#16509);
#16511=EDGE_CURVE('',#16476,#16500,#16510,.T.);
#16512=ORIENTED_EDGE('',*,*,#16511,.F.);
#16513=ORIENTED_EDGE('',*,*,#16481,.T.);
#16514=EDGE_LOOP('',(#16498,#16506,#16512,#16513));
#16515=FACE_BOUND('',#16514,.T.);
#16516=ADVANCED_FACE('',(#16515),#16497,.F.);
#16517=CARTESIAN_POINT('',(-13.453501131,52.975698831,3.29995978));
#16518=DIRECTION('',(0.707104586,0.,0.707108976));
#16519=DIRECTION('',(0.707108976,0.,-0.707104586));
#16520=AXIS2_PLACEMENT_3D('',#16517,#16518,#16519);
#16521=PLANE('',#16520);
#16522=ORIENTED_EDGE('',*,*,#1504,.T.);
#16523=CARTESIAN_POINT('',(-13.153499778,52.975698831,2.999960289));
#16524=VERTEX_POINT('',#16523);
#16525=CARTESIAN_POINT('',(-13.153499778,52.975698831,2.999960289));
#16526=DIRECTION('',(0.,1.,-0.));
#16527=VECTOR('',#16526,0.4);
#16528=LINE('',#16525,#16527);
#16529=EDGE_CURVE('',#16524,#1478,#16528,.T.);
#16530=ORIENTED_EDGE('',*,*,#16529,.F.);
#16531=CARTESIAN_POINT('',(-13.753502484,52.975698831,3.59995927));
#16532=DIRECTION('',(0.707108976,-0.,-0.707104586));
#16533=VECTOR('',#16532,0.84852933);
#16534=LINE('',#16531,#16533);
#16535=EDGE_CURVE('',#16500,#16524,#16534,.T.);
#16536=ORIENTED_EDGE('',*,*,#16535,.F.);
#16537=ORIENTED_EDGE('',*,*,#16505,.T.);
#16538=EDGE_LOOP('',(#16522,#16530,#16536,#16537));
#16539=FACE_BOUND('',#16538,.T.);
#16540=ADVANCED_FACE('',(#16539),#16521,.F.);
#16541=CARTESIAN_POINT('',(-13.153499778,52.975698831,2.999960289));
#16542=CARTESIAN_POINT('',(-13.153499778,53.375698831,2.999960289));
#16543=CARTESIAN_POINT('',(-12.890483107,52.975698831,3.104069114));
#16544=CARTESIAN_POINT('',(-12.890483107,53.375698831,3.104069114));
#16545=CARTESIAN_POINT('',(-12.564460601,52.975698831,3.156124458));
#16546=CARTESIAN_POINT('',(-12.564460601,53.375698831,3.156124458));
#16547=CARTESIAN_POINT('',(-12.17541736,52.975698831,3.156124458));
#16548=CARTESIAN_POINT('',(-12.17541736,53.375698831,3.156124458));
#16549=CARTESIAN_POINT('',(-11.863089021,52.975698831,3.156124458));
#16550=CARTESIAN_POINT('',(-11.863089021,53.375698831,3.156124458));
#16551=CARTESIAN_POINT('',(-11.595963355,52.975698831,3.124615953));
#16552=CARTESIAN_POINT('',(-11.595963355,53.375698831,3.124615953));
#16553=CARTESIAN_POINT('',(-11.374047812,52.975698831,3.061602668));
#16554=CARTESIAN_POINT('',(-11.374047812,53.375698831,3.061602668));
#16555=CARTESIAN_POINT('',(-11.152128543,52.975698831,2.998589382));
#16556=CARTESIAN_POINT('',(-11.152128543,53.375698831,2.998589382));
#16557=CARTESIAN_POINT('',(-10.979528393,52.975698831,2.917767347));
#16558=CARTESIAN_POINT('',(-10.979528393,53.375698831,2.917767347));
#16559=CARTESIAN_POINT('',(-10.856239911,52.975698831,2.819138423));
#16560=CARTESIAN_POINT('',(-10.856239911,53.375698831,2.819138423));
#16561=CARTESIAN_POINT('',(-10.732951429,52.975698831,2.720507637));
#16562=CARTESIAN_POINT('',(-10.732951429,53.375698831,2.720507637));
#16563=CARTESIAN_POINT('',(-10.635691549,52.975698831,2.59311016));
#16564=CARTESIAN_POINT('',(-10.635691549,53.375698831,2.59311016));
#16565=CARTESIAN_POINT('',(-10.564458411,52.975698831,2.43694599));
#16566=CARTESIAN_POINT('',(-10.564458411,53.375698831,2.43694599));
#16567=CARTESIAN_POINT('',(-10.493225273,52.975698831,2.280781821));
#16568=CARTESIAN_POINT('',(-10.493225273,53.375698831,2.280781821));
#16569=CARTESIAN_POINT('',(-10.448018875,52.975698831,2.130095691));
#16570=CARTESIAN_POINT('',(-10.448018875,53.375698831,2.130095691));
#16571=CARTESIAN_POINT('',(-10.428842943,52.975698831,1.984891326));
#16572=CARTESIAN_POINT('',(-10.428842943,53.375698831,1.984891326));
#16573=B_SPLINE_SURFACE_WITH_KNOTS('',3,1,((#16541,#16542),(#16543,#16544),(#16545,#16546),(#16547,#16548),(#16549,#16550),(#16551,#16552),(#16553,#16554),(#16555,#16556),(#16557,#16558),(#16559,#16560),(#16561,#16562),(#16563,#16564),(#16565,#16566),(#16567,#16568),(#16569,#16570),(#16571,#16572)),.UNSPECIFIED.,.F.,.F.,.U.,(4,3,3,3,3,4),(2,2),(0.,0.133122516,0.239994785,0.346868715,0.453743432,0.56061815),(0.,1.),.UNSPECIFIED.);
#16574=ORIENTED_EDGE('',*,*,#1496,.T.);
#16575=CARTESIAN_POINT('',(-10.428842943,52.975698831,1.984891326));
#16576=VERTEX_POINT('',#16575);
#16577=CARTESIAN_POINT('',(-10.428842943,52.975698831,1.984891326));
#16578=DIRECTION('',(0.,1.,-0.));
#16579=VECTOR('',#16578,0.4);
#16580=LINE('',#16577,#16579);
#16581=EDGE_CURVE('',#16576,#1466,#16580,.T.);
#16582=ORIENTED_EDGE('',*,*,#16581,.F.);
#16583=CARTESIAN_POINT('',(-13.153499778,52.975698831,2.999960289));
#16584=CARTESIAN_POINT('',(-12.890483107,52.975698831,3.104069114));
#16585=CARTESIAN_POINT('',(-12.564460601,52.975698831,3.156124458));
#16586=CARTESIAN_POINT('',(-12.17541736,52.975698831,3.156124458));
#16587=CARTESIAN_POINT('',(-11.863089021,52.975698831,3.156124458));
#16588=CARTESIAN_POINT('',(-11.595963355,52.975698831,3.124615953));
#16589=CARTESIAN_POINT('',(-11.374047812,52.975698831,3.061602668));
#16590=CARTESIAN_POINT('',(-11.152128543,52.975698831,2.998589382));
#16591=CARTESIAN_POINT('',(-10.979528393,52.975698831,2.917767347));
#16592=CARTESIAN_POINT('',(-10.856239911,52.975698831,2.819138423));
#16593=CARTESIAN_POINT('',(-10.732951429,52.975698831,2.720507637));
#16594=CARTESIAN_POINT('',(-10.635691549,52.975698831,2.59311016));
#16595=CARTESIAN_POINT('',(-10.564458411,52.975698831,2.43694599));
#16596=CARTESIAN_POINT('',(-10.493225273,52.975698831,2.280781821));
#16597=CARTESIAN_POINT('',(-10.448018875,52.975698831,2.130095691));
#16598=CARTESIAN_POINT('',(-10.428842943,52.975698831,1.984891326));
#16599=B_SPLINE_CURVE_WITH_KNOTS('',3,(#16583,#16584,#16585,#16586,#16587,#16588,#16589,#16590,#16591,#16592,#16593,#16594,#16595,#16596,#16597,#16598),.UNSPECIFIED.,.F.,.F.,(4,3,3,3,3,4),(0.,0.133122516,0.239994785,0.346868715,0.453743432,0.56061815),.UNSPECIFIED.);
#16600=EDGE_CURVE('',#16524,#16576,#16599,.T.);
#16601=ORIENTED_EDGE('',*,*,#16600,.F.);
#16602=ORIENTED_EDGE('',*,*,#16529,.T.);
#16603=EDGE_LOOP('',(#16574,#16582,#16601,#16602));
#16604=FACE_BOUND('',#16603,.T.);
#16605=ADVANCED_FACE('',(#16604),#16573,.F.);
#16606=CARTESIAN_POINT('',(-10.428842943,52.975698831,1.984891326));
#16607=CARTESIAN_POINT('',(-10.428842943,53.375698831,1.984891326));
#16608=CARTESIAN_POINT('',(-10.409663286,52.975698831,1.839685098));
#16609=CARTESIAN_POINT('',(-10.409663286,53.375698831,1.839685098));
#16610=CARTESIAN_POINT('',(-10.400074389,52.975698831,1.66845213));
#16611=CARTESIAN_POINT('',(-10.400074389,53.375698831,1.66845213));
#16612=CARTESIAN_POINT('',(-10.400074389,52.975698831,1.47119242));
#16613=CARTESIAN_POINT('',(-10.400074389,53.375698831,1.47119242));
#16614=CARTESIAN_POINT('',(-10.400074389,52.975698831,0.857493684));
#16615=CARTESIAN_POINT('',(-10.400074389,53.375698831,0.857493684));
#16616=CARTESIAN_POINT('',(-10.528842773,52.975698831,0.427356765));
#16617=CARTESIAN_POINT('',(-10.528842773,53.375698831,0.427356765));
#16618=CARTESIAN_POINT('',(-10.786375817,52.975698831,0.180781663));
#16619=CARTESIAN_POINT('',(-10.786375817,53.375698831,0.180781663));
#16620=B_SPLINE_SURFACE_WITH_KNOTS('',3,1,((#16606,#16607),(#16608,#16609),(#16610,#16611),(#16612,#16613),(#16614,#16615),(#16616,#16617),(#16618,#16619)),.UNSPECIFIED.,.F.,.F.,.U.,(4,3,4),(2,2),(0.56061815,0.667494571,1.),(0.,1.),.UNSPECIFIED.);
#16621=ORIENTED_EDGE('',*,*,#1475,.T.);
#16622=CARTESIAN_POINT('',(-10.786375817,52.975698831,0.180781663));
#16623=VERTEX_POINT('',#16622);
#16624=CARTESIAN_POINT('',(-10.786375817,52.975698831,0.180781663));
#16625=DIRECTION('',(0.,1.,-0.));
#16626=VECTOR('',#16625,0.4);
#16627=LINE('',#16624,#16626);
#16628=EDGE_CURVE('',#16623,#1458,#16627,.T.);
#16629=ORIENTED_EDGE('',*,*,#16628,.F.);
#16630=CARTESIAN_POINT('',(-10.428842943,52.975698831,1.984891326));
#16631=CARTESIAN_POINT('',(-10.409663286,52.975698831,1.839685098));
#16632=CARTESIAN_POINT('',(-10.400074389,52.975698831,1.66845213));
#16633=CARTESIAN_POINT('',(-10.400074389,52.975698831,1.47119242));
#16634=CARTESIAN_POINT('',(-10.400074389,52.975698831,0.857493684));
#16635=CARTESIAN_POINT('',(-10.528842773,52.975698831,0.427356765));
#16636=CARTESIAN_POINT('',(-10.786375817,52.975698831,0.180781663));
#16637=B_SPLINE_CURVE_WITH_KNOTS('',3,(#16630,#16631,#16632,#16633,#16634,#16635,#16636),.UNSPECIFIED.,.F.,.F.,(4,3,4),(0.56061815,0.667494571,1.),.UNSPECIFIED.);
#16638=EDGE_CURVE('',#16576,#16623,#16637,.T.);
#16639=ORIENTED_EDGE('',*,*,#16638,.F.);
#16640=ORIENTED_EDGE('',*,*,#16581,.T.);
#16641=EDGE_LOOP('',(#16621,#16629,#16639,#16640));
#16642=FACE_BOUND('',#16641,.T.);
#16643=ADVANCED_FACE('',(#16642),#16620,.F.);
#16644=CARTESIAN_POINT('',(-10.621992726,52.975698831,0.016397641));
#16645=DIRECTION('',(0.707108784,0.,0.707104778));
#16646=DIRECTION('',(0.707104778,0.,-0.707108784));
#16647=AXIS2_PLACEMENT_3D('',#16644,#16645,#16646);
#16648=PLANE('',#16647);
#16649=ORIENTED_EDGE('',*,*,#1463,.T.);
#16650=CARTESIAN_POINT('',(-10.457609635,52.975698831,-0.147986382));
#16651=VERTEX_POINT('',#16650);
#16652=CARTESIAN_POINT('',(-10.457609635,52.975698831,-0.147986382));
#16653=DIRECTION('',(0.,1.,-0.));
#16654=VECTOR('',#16653,0.4);
#16655=LINE('',#16652,#16654);
#16656=EDGE_CURVE('',#16651,#1446,#16655,.T.);
#16657=ORIENTED_EDGE('',*,*,#16656,.F.);
#16658=CARTESIAN_POINT('',(-10.786375817,52.975698831,0.180781663));
#16659=DIRECTION('',(0.707104778,-0.,-0.707108784));
#16660=VECTOR('',#16659,0.464946911);
#16661=LINE('',#16658,#16660);
#16662=EDGE_CURVE('',#16623,#16651,#16661,.T.);
#16663=ORIENTED_EDGE('',*,*,#16662,.F.);
#16664=ORIENTED_EDGE('',*,*,#16628,.T.);
#16665=EDGE_LOOP('',(#16649,#16657,#16663,#16664));
#16666=FACE_BOUND('',#16665,.T.);
#16667=ADVANCED_FACE('',(#16666),#16648,.F.);
#16668=CARTESIAN_POINT('',(-10.457609635,52.975698831,-0.147986382));
#16669=CARTESIAN_POINT('',(-10.457609635,53.375698831,-0.147986382));
#16670=CARTESIAN_POINT('',(-10.232950415,52.975698831,-0.372643738));
#16671=CARTESIAN_POINT('',(-10.232950415,53.375698831,-0.372643738));
#16672=CARTESIAN_POINT('',(-10.120621737,52.975698831,-0.61921884));
#16673=CARTESIAN_POINT('',(-10.120621737,53.375698831,-0.61921884));
#16674=CARTESIAN_POINT('',(-10.1206236,52.975698831,-0.887711688));
#16675=CARTESIAN_POINT('',(-10.1206236,53.375698831,-0.887711688));
#16676=CARTESIAN_POINT('',(-10.120621737,52.975698831,-1.243875518));
#16677=CARTESIAN_POINT('',(-10.120621737,53.375698831,-1.243875518));
#16678=CARTESIAN_POINT('',(-10.276785906,52.975698831,-1.479492678));
#16679=CARTESIAN_POINT('',(-10.276785906,53.375698831,-1.479492678));
#16680=CARTESIAN_POINT('',(-10.58911797,52.975698831,-1.594561308));
#16681=CARTESIAN_POINT('',(-10.58911797,53.375698831,-1.594561308));
#16682=B_SPLINE_SURFACE_WITH_KNOTS('',3,1,((#16668,#16669),(#16670,#16671),(#16672,#16673),(#16674,#16675),(#16676,#16677),(#16678,#16679),(#16680,#16681)),.UNSPECIFIED.,.F.,.F.,.U.,(4,3,4),(2,2),(0.,0.065135492,0.151539679),(0.,1.),.UNSPECIFIED.);
#16683=ORIENTED_EDGE('',*,*,#1455,.T.);
#16684=CARTESIAN_POINT('',(-10.58911797,52.975698831,-1.594561308));
#16685=VERTEX_POINT('',#16684);
#16686=CARTESIAN_POINT('',(-10.58911797,52.975698831,-1.594561308));
#16687=DIRECTION('',(0.,1.,-0.));
#16688=VECTOR('',#16687,0.4);
#16689=LINE('',#16686,#16688);
#16690=EDGE_CURVE('',#16685,#1434,#16689,.T.);
#16691=ORIENTED_EDGE('',*,*,#16690,.F.);
#16692=CARTESIAN_POINT('',(-10.457609635,52.975698831,-0.147986382));
#16693=CARTESIAN_POINT('',(-10.232950415,52.975698831,-0.372643738));
#16694=CARTESIAN_POINT('',(-10.120621737,52.975698831,-0.61921884));
#16695=CARTESIAN_POINT('',(-10.1206236,52.975698831,-0.887711688));
#16696=CARTESIAN_POINT('',(-10.120621737,52.975698831,-1.243875518));
#16697=CARTESIAN_POINT('',(-10.276785906,52.975698831,-1.479492678));
#16698=CARTESIAN_POINT('',(-10.58911797,52.975698831,-1.594561308));
#16699=B_SPLINE_CURVE_WITH_KNOTS('',3,(#16692,#16693,#16694,#16695,#16696,#16697,#16698),.UNSPECIFIED.,.F.,.F.,(4,3,4),(0.,0.065135492,0.151539679),.UNSPECIFIED.);
#16700=EDGE_CURVE('',#16651,#16685,#16699,.T.);
#16701=ORIENTED_EDGE('',*,*,#16700,.F.);
#16702=ORIENTED_EDGE('',*,*,#16656,.T.);
#16703=EDGE_LOOP('',(#16683,#16691,#16701,#16702));
#16704=FACE_BOUND('',#16703,.T.);
#16705=ADVANCED_FACE('',(#16704),#16682,.F.);
#16706=CARTESIAN_POINT('',(-10.58911797,52.975698831,-1.594561308));
#16707=CARTESIAN_POINT('',(-10.58911797,53.375698831,-1.594561308));
#16708=CARTESIAN_POINT('',(-10.254868161,52.975698831,-1.824698567));
#16709=CARTESIAN_POINT('',(-10.254868161,53.375698831,-1.824698567));
#16710=CARTESIAN_POINT('',(-10.08774605,52.975698831,-2.117849111));
#16711=CARTESIAN_POINT('',(-10.08774605,53.375698831,-2.117849111));
#16712=CARTESIAN_POINT('',(-10.08774605,52.975698831,-2.47401294));
#16713=CARTESIAN_POINT('',(-10.08774605,53.375698831,-2.47401294));
#16714=CARTESIAN_POINT('',(-10.08774605,52.975698831,-2.660314708));
#16715=CARTESIAN_POINT('',(-10.08774605,53.375698831,-2.660314708));
#16716=CARTESIAN_POINT('',(-10.120621737,52.975698831,-2.820588804));
#16717=CARTESIAN_POINT('',(-10.120621737,53.375698831,-2.820588804));
#16718=CARTESIAN_POINT('',(-10.186376836,52.975698831,-2.954835228));
#16719=CARTESIAN_POINT('',(-10.186376836,53.375698831,-2.954835228));
#16720=B_SPLINE_SURFACE_WITH_KNOTS('',3,1,((#16706,#16707),(#16708,#16709),(#16710,#16711),(#16712,#16713),(#16714,#16715),(#16716,#16717),(#16718,#16719)),.UNSPECIFIED.,.F.,.F.,.U.,(4,3,4),(2,2),(0.151539679,0.256883446,0.311986542),(0.,1.),.UNSPECIFIED.);
#16721=ORIENTED_EDGE('',*,*,#1443,.T.);
#16722=CARTESIAN_POINT('',(-10.186376836,52.975698831,-2.954835228));
#16723=VERTEX_POINT('',#16722);
#16724=CARTESIAN_POINT('',(-10.186376836,52.975698831,-2.954835228));
#16725=DIRECTION('',(0.,1.,-0.));
#16726=VECTOR('',#16725,0.4);
#16727=LINE('',#16724,#16726);
#16728=EDGE_CURVE('',#16723,#1395,#16727,.T.);
#16729=ORIENTED_EDGE('',*,*,#16728,.F.);
#16730=CARTESIAN_POINT('',(-10.58911797,52.975698831,-1.594561308));
#16731=CARTESIAN_POINT('',(-10.254868161,52.975698831,-1.824698567));
#16732=CARTESIAN_POINT('',(-10.08774605,52.975698831,-2.117849111));
#16733=CARTESIAN_POINT('',(-10.08774605,52.975698831,-2.47401294));
#16734=CARTESIAN_POINT('',(-10.08774605,52.975698831,-2.660314708));
#16735=CARTESIAN_POINT('',(-10.120621737,52.975698831,-2.820588804));
#16736=CARTESIAN_POINT('',(-10.186376836,52.975698831,-2.954835228));
#16737=B_SPLINE_CURVE_WITH_KNOTS('',3,(#16730,#16731,#16732,#16733,#16734,#16735,#16736),.UNSPECIFIED.,.F.,.F.,(4,3,4),(0.151539679,0.256883446,0.311986542),.UNSPECIFIED.);
#16738=EDGE_CURVE('',#16685,#16723,#16737,.T.);
#16739=ORIENTED_EDGE('',*,*,#16738,.F.);
#16740=ORIENTED_EDGE('',*,*,#16690,.T.);
#16741=EDGE_LOOP('',(#16721,#16729,#16739,#16740));
#16742=FACE_BOUND('',#16741,.T.);
#16743=ADVANCED_FACE('',(#16742),#16720,.F.);
#16744=CARTESIAN_POINT('',(-10.186376836,52.975698831,-2.954835228));
#16745=CARTESIAN_POINT('',(-10.186376836,53.375698831,-2.954835228));
#16746=CARTESIAN_POINT('',(-10.25212821,52.975698831,-3.089081652));
#16747=CARTESIAN_POINT('',(-10.25212821,53.375698831,-3.089081652));
#16748=CARTESIAN_POINT('',(-10.33843201,52.975698831,-3.194561384));
#16749=CARTESIAN_POINT('',(-10.33843201,53.375698831,-3.194561384));
#16750=CARTESIAN_POINT('',(-10.445280786,52.975698831,-3.271273493));
#16751=CARTESIAN_POINT('',(-10.445280786,53.375698831,-3.271273493));
#16752=CARTESIAN_POINT('',(-10.552125837,52.975698831,-3.347985602));
#16753=CARTESIAN_POINT('',(-10.552125837,53.375698831,-3.347985602));
#16754=CARTESIAN_POINT('',(-10.694592114,52.975698831,-3.406889892));
#16755=CARTESIAN_POINT('',(-10.694592114,53.375698831,-3.406889892));
#16756=CARTESIAN_POINT('',(-10.872675892,52.975698831,-3.447986364));
#16757=CARTESIAN_POINT('',(-10.872675892,53.375698831,-3.447986364));
#16758=CARTESIAN_POINT('',(-11.050759669,52.975698831,-3.489081904));
#16759=CARTESIAN_POINT('',(-11.050759669,53.375698831,-3.489081904));
#16760=CARTESIAN_POINT('',(-11.228839721,52.975698831,-3.51647862));
#16761=CARTESIAN_POINT('',(-11.228839721,53.375698831,-3.51647862));
#16762=CARTESIAN_POINT('',(-11.406923499,52.975698831,-3.530177443));
#16763=CARTESIAN_POINT('',(-11.406923499,53.375698831,-3.530177443));
#16764=CARTESIAN_POINT('',(-11.585003551,52.975698831,-3.543876267));
#16765=CARTESIAN_POINT('',(-11.585003551,53.375698831,-3.543876267));
#16766=CARTESIAN_POINT('',(-11.802813824,52.975698831,-3.550725213));
#16767=CARTESIAN_POINT('',(-11.802813824,53.375698831,-3.550725213));
#16768=CARTESIAN_POINT('',(-12.060346868,52.975698831,-3.550725213));
#16769=CARTESIAN_POINT('',(-12.060346868,53.375698831,-3.550725213));
#16770=CARTESIAN_POINT('',(-12.334319617,52.975698831,-3.550725213));
#16771=CARTESIAN_POINT('',(-12.334319617,53.375698831,-3.550725213));
#16772=CARTESIAN_POINT('',(-12.553497072,52.975698831,-3.546616218));
#16773=CARTESIAN_POINT('',(-12.553497072,53.375698831,-3.546616218));
#16774=CARTESIAN_POINT('',(-12.717882957,52.975698831,-3.538396365));
#16775=CARTESIAN_POINT('',(-12.717882957,53.375698831,-3.538396365));
#16776=CARTESIAN_POINT('',(-12.882265117,52.975698831,-3.530177443));
#16777=CARTESIAN_POINT('',(-12.882265117,53.375698831,-3.530177443));
#16778=CARTESIAN_POINT('',(-13.075413968,52.975698831,-3.501410752));
#16779=CARTESIAN_POINT('',(-13.075413968,53.375698831,-3.501410752));
#16780=CARTESIAN_POINT('',(-13.297336962,52.975698831,-3.452095359));
#16781=CARTESIAN_POINT('',(-13.297336962,53.375698831,-3.452095359));
#16782=CARTESIAN_POINT('',(-13.51924878,52.975698831,-3.402779966));
#16783=CARTESIAN_POINT('',(-13.51924878,53.375698831,-3.402779966));
#16784=CARTESIAN_POINT('',(-13.691852655,52.975698831,-3.334286778));
#16785=CARTESIAN_POINT('',(-13.691852655,53.375698831,-3.334286778));
#16786=CARTESIAN_POINT('',(-13.815141137,52.975698831,-3.246615797));
#16787=CARTESIAN_POINT('',(-13.815141137,53.375698831,-3.246615797));
#16788=CARTESIAN_POINT('',(-13.93842962,52.975698831,-3.158944815));
#16789=CARTESIAN_POINT('',(-13.93842962,53.375698831,-3.158944815));
#16790=CARTESIAN_POINT('',(-14.045278396,52.975698831,-3.027437411));
#16791=CARTESIAN_POINT('',(-14.045278396,53.375698831,-3.027437411));
#16792=CARTESIAN_POINT('',(-14.135691192,52.975698831,-2.852095447));
#16793=CARTESIAN_POINT('',(-14.135691192,53.375698831,-2.852095447));
#16794=CARTESIAN_POINT('',(-14.226103987,52.975698831,-2.676752552));
#16795=CARTESIAN_POINT('',(-14.226103987,53.375698831,-2.676752552));
#16796=CARTESIAN_POINT('',(-14.27130666,52.975698831,-2.465794019));
#16797=CARTESIAN_POINT('',(-14.27130666,53.375698831,-2.465794019));
#16798=CARTESIAN_POINT('',(-14.27130666,52.975698831,-2.219217985));
#16799=CARTESIAN_POINT('',(-14.27130666,53.375698831,-2.219217985));
#16800=CARTESIAN_POINT('',(-14.27130666,52.975698831,-1.852096214));
#16801=CARTESIAN_POINT('',(-14.27130666,53.375698831,-1.852096214));
#16802=CARTESIAN_POINT('',(-14.158977981,52.975698831,-1.568534567));
#16803=CARTESIAN_POINT('',(-14.158977981,53.375698831,-1.568534567));
#16804=CARTESIAN_POINT('',(-13.934320625,52.975698831,-1.368533044));
#16805=CARTESIAN_POINT('',(-13.934320625,53.375698831,-1.368533044));
#16806=CARTESIAN_POINT('',(-13.709666993,52.975698831,-1.168533384));
#16807=CARTESIAN_POINT('',(-13.709666993,53.375698831,-1.168533384));
#16808=CARTESIAN_POINT('',(-13.391855027,52.975698831,-1.068533554));
#16809=CARTESIAN_POINT('',(-13.391855027,53.375698831,-1.068533554));
#16810=CARTESIAN_POINT('',(-12.980895903,52.975698831,-1.068533554));
#16811=CARTESIAN_POINT('',(-12.980895903,53.375698831,-1.068533554));
#16812=B_SPLINE_SURFACE_WITH_KNOTS('',3,1,((#16744,#16745),(#16746,#16747),(#16748,#16749),(#16750,#16751),(#16752,#16753),(#16754,#16755),(#16756,#16757),(#16758,#16759),(#16760,#16761),(#16762,#16763),(#16764,#16765),(#16766,#16767),(#16768,#16769),(#16770,#16771),(#16772,#16773),(#16774,#16775),(#16776,#16777),(#16778,#16779),(#16780,#16781),(#16782,#16783),(#16784,#16785),(#16786,#16787),(#16788,#16789),(#16790,#16791),(#16792,#16793),(#16794,#16795),
(#16796,#16797),(#16798,#16799),(#16800,#16801),(#16802,#16803),(#16804,#16805),(#16806,#16807),(#16808,#16809),(#16810,#16811)),.UNSPECIFIED.,.F.,.F.,.U.,(4,3,3,3,3,3,3,3,3,3,3,4),(2,2),(0.311986542,0.367089035,0.422190259,0.477291421,0.532391437,0.59100878,0.649624782,0.70823797,0.766851159,0.825464594,0.91273288,1.),(0.,1.),.UNSPECIFIED.);
#16813=ORIENTED_EDGE('',*,*,#1431,.T.);
#16814=CARTESIAN_POINT('',(-12.980895903,52.975698831,-1.068533554));
#16815=VERTEX_POINT('',#16814);
#16816=CARTESIAN_POINT('',(-12.980895903,52.975698831,-1.068533554));
#16817=DIRECTION('',(0.,1.,-0.));
#16818=VECTOR('',#16817,0.4);
#16819=LINE('',#16816,#16818);
#16820=EDGE_CURVE('',#16815,#1387,#16819,.T.);
#16821=ORIENTED_EDGE('',*,*,#16820,.F.);
#16822=CARTESIAN_POINT('',(-10.186376836,52.975698831,-2.954835228));
#16823=CARTESIAN_POINT('',(-10.25212821,52.975698831,-3.089081652));
#16824=CARTESIAN_POINT('',(-10.33843201,52.975698831,-3.194561384));
#16825=CARTESIAN_POINT('',(-10.445280786,52.975698831,-3.271273493));
#16826=CARTESIAN_POINT('',(-10.552125837,52.975698831,-3.347985602));
#16827=CARTESIAN_POINT('',(-10.694592114,52.975698831,-3.406889892));
#16828=CARTESIAN_POINT('',(-10.872675892,52.975698831,-3.447986364));
#16829=CARTESIAN_POINT('',(-11.050759669,52.975698831,-3.489081904));
#16830=CARTESIAN_POINT('',(-11.228839721,52.975698831,-3.51647862));
#16831=CARTESIAN_POINT('',(-11.406923499,52.975698831,-3.530177443));
#16832=CARTESIAN_POINT('',(-11.585003551,52.975698831,-3.543876267));
#16833=CARTESIAN_POINT('',(-11.802813824,52.975698831,-3.550725213));
#16834=CARTESIAN_POINT('',(-12.060346868,52.975698831,-3.550725213));
#16835=CARTESIAN_POINT('',(-12.334319617,52.975698831,-3.550725213));
#16836=CARTESIAN_POINT('',(-12.553497072,52.975698831,-3.546616218));
#16837=CARTESIAN_POINT('',(-12.717882957,52.975698831,-3.538396365));
#16838=CARTESIAN_POINT('',(-12.882265117,52.975698831,-3.530177443));
#16839=CARTESIAN_POINT('',(-13.075413968,52.975698831,-3.501410752));
#16840=CARTESIAN_POINT('',(-13.297336962,52.975698831,-3.452095359));
#16841=CARTESIAN_POINT('',(-13.51924878,52.975698831,-3.402779966));
#16842=CARTESIAN_POINT('',(-13.691852655,52.975698831,-3.334286778));
#16843=CARTESIAN_POINT('',(-13.815141137,52.975698831,-3.246615797));
#16844=CARTESIAN_POINT('',(-13.93842962,52.975698831,-3.158944815));
#16845=CARTESIAN_POINT('',(-14.045278396,52.975698831,-3.027437411));
#16846=CARTESIAN_POINT('',(-14.135691192,52.975698831,-2.852095447));
#16847=CARTESIAN_POINT('',(-14.226103987,52.975698831,-2.676752552));
#16848=CARTESIAN_POINT('',(-14.27130666,52.975698831,-2.465794019));
#16849=CARTESIAN_POINT('',(-14.27130666,52.975698831,-2.219217985));
#16850=CARTESIAN_POINT('',(-14.27130666,52.975698831,-1.852096214));
#16851=CARTESIAN_POINT('',(-14.158977981,52.975698831,-1.568534567));
#16852=CARTESIAN_POINT('',(-13.934320625,52.975698831,-1.368533044));
#16853=CARTESIAN_POINT('',(-13.709666993,52.975698831,-1.168533384));
#16854=CARTESIAN_POINT('',(-13.391855027,52.975698831,-1.068533554));
#16855=CARTESIAN_POINT('',(-12.980895903,52.975698831,-1.068533554));
#16856=B_SPLINE_CURVE_WITH_KNOTS('',3,(#16822,#16823,#16824,#16825,#16826,#16827,#16828,#16829,#16830,#16831,#16832,#16833,#16834,#16835,#16836,#16837,#16838,#16839,#16840,#16841,#16842,#16843,#16844,#16845,#16846,#16847,
#16848,#16849,#16850,#16851,#16852,#16853,#16854,#16855),.UNSPECIFIED.,.F.,.F.,(4,3,3,3,3,3,3,3,3,3,3,4),(0.311986542,0.367089035,0.422190259,0.477291421,0.532391437,0.59100878,0.649624782,0.70823797,0.766851159,0.825464594,0.91273288,1.),.UNSPECIFIED.);
#16857=EDGE_CURVE('',#16723,#16815,#16856,.T.);
#16858=ORIENTED_EDGE('',*,*,#16857,.F.);
#16859=ORIENTED_EDGE('',*,*,#16728,.T.);
#16860=EDGE_LOOP('',(#16813,#16821,#16858,#16859));
#16861=FACE_BOUND('',#16860,.T.);
#16862=ADVANCED_FACE('',(#16861),#16812,.F.);
#16863=CARTESIAN_POINT('',(-12.064457726,52.975698831,-1.068533554));
#16864=DIRECTION('',(0.,0.,1.));
#16865=DIRECTION('',(0.,-1.,0.));
#16866=AXIS2_PLACEMENT_3D('',#16863,#16864,#16865);
#16867=PLANE('',#16866);
#16868=ORIENTED_EDGE('',*,*,#1392,.T.);
#16869=CARTESIAN_POINT('',(-11.148019548,52.975698831,-1.068533554));
#16870=VERTEX_POINT('',#16869);
#16871=CARTESIAN_POINT('',(-11.148019548,52.975698831,-1.068533554));
#16872=DIRECTION('',(0.,1.,-0.));
#16873=VECTOR('',#16872,0.4);
#16874=LINE('',#16871,#16873);
#16875=EDGE_CURVE('',#16870,#1378,#16874,.T.);
#16876=ORIENTED_EDGE('',*,*,#16875,.F.);
#16877=CARTESIAN_POINT('',(-12.980895903,52.975698831,-1.068533554));
#16878=DIRECTION('',(1.,0.,-0.));
#16879=VECTOR('',#16878,1.832876354);
#16880=LINE('',#16877,#16879);
#16881=EDGE_CURVE('',#16815,#16870,#16880,.T.);
#16882=ORIENTED_EDGE('',*,*,#16881,.F.);
#16883=ORIENTED_EDGE('',*,*,#16820,.T.);
#16884=EDGE_LOOP('',(#16868,#16876,#16882,#16883));
#16885=FACE_BOUND('',#16884,.T.);
#16886=ADVANCED_FACE('',(#16885),#16867,.F.);
#16887=CARTESIAN_POINT('',(-11.148019548,52.975698831,-1.068533554));
#16888=CARTESIAN_POINT('',(-11.148019548,53.375698831,-1.068533554));
#16889=CARTESIAN_POINT('',(-10.906922485,52.975698831,-1.068533554));
#16890=CARTESIAN_POINT('',(-10.906922485,53.375698831,-1.068533554));
#16891=CARTESIAN_POINT('',(-10.786372091,52.975698831,-0.972642719));
#16892=CARTESIAN_POINT('',(-10.786372091,53.375698831,-0.972642719));
#16893=CARTESIAN_POINT('',(-10.786375817,52.975698831,-0.780862912));
#16894=CARTESIAN_POINT('',(-10.786375817,53.375698831,-0.780862912));
#16895=B_SPLINE_SURFACE_WITH_KNOTS('',3,1,((#16887,#16888),(#16889,#16890),(#16891,#16892),(#16893,#16894)),.UNSPECIFIED.,.F.,.F.,.U.,(4,4),(2,2),(0.,0.583331917),(0.,1.),.UNSPECIFIED.);
#16896=ORIENTED_EDGE('',*,*,#1384,.T.);
#16897=CARTESIAN_POINT('',(-10.786375817,52.975698831,-0.780862912));
#16898=VERTEX_POINT('',#16897);
#16899=CARTESIAN_POINT('',(-10.786375817,52.975698831,-0.780862912));
#16900=DIRECTION('',(0.,1.,-0.));
#16901=VECTOR('',#16900,0.4);
#16902=LINE('',#16899,#16901);
#16903=EDGE_CURVE('',#16898,#1369,#16902,.T.);
#16904=ORIENTED_EDGE('',*,*,#16903,.F.);
#16905=CARTESIAN_POINT('',(-11.148019548,52.975698831,-1.068533554));
#16906=CARTESIAN_POINT('',(-10.906922485,52.975698831,-1.068533554));
#16907=CARTESIAN_POINT('',(-10.786372091,52.975698831,-0.972642719));
#16908=CARTESIAN_POINT('',(-10.786375817,52.975698831,-0.780862912));
#16909=B_SPLINE_CURVE_WITH_KNOTS('',3,(#16905,#16906,#16907,#16908),.UNSPECIFIED.,.F.,.F.,(4,4),(0.,0.583331917),.UNSPECIFIED.);
#16910=EDGE_CURVE('',#16870,#16898,#16909,.T.);
#16911=ORIENTED_EDGE('',*,*,#16910,.F.);
#16912=ORIENTED_EDGE('',*,*,#16875,.T.);
#16913=EDGE_LOOP('',(#16896,#16904,#16911,#16912));
#16914=FACE_BOUND('',#16913,.T.);
#16915=ADVANCED_FACE('',(#16914),#16895,.F.);
#16916=CARTESIAN_POINT('',(-11.928842257,52.975698831,-1.660314544));
#16917=DIRECTION('',(0.,-0.,-1.));
#16918=DIRECTION('',(0.,1.,-0.));
#16919=AXIS2_PLACEMENT_3D('',#16916,#16917,#16918);
#16920=PLANE('',#16919);
#16921=CARTESIAN_POINT('',(-11.123361852,53.375698831,-1.660314544));
#16922=DIRECTION('',(-1.,0.,0.));
#16923=VECTOR('',#16922,1.610960811);
#16924=LINE('',#16921,#16923);
#16925=EDGE_CURVE('',#16287,#16125,#16924,.T.);
#16926=ORIENTED_EDGE('',*,*,#16925,.T.);
#16927=ORIENTED_EDGE('',*,*,#16168,.F.);
#16928=CARTESIAN_POINT('',(-11.123361852,52.975698831,-1.660314544));
#16929=DIRECTION('',(-1.,0.,0.));
#16930=VECTOR('',#16929,1.610960811);
#16931=LINE('',#16928,#16930);
#16932=EDGE_CURVE('',#16311,#16150,#16931,.T.);
#16933=ORIENTED_EDGE('',*,*,#16932,.F.);
#16934=ORIENTED_EDGE('',*,*,#16316,.T.);
#16935=EDGE_LOOP('',(#16926,#16927,#16933,#16934));
#16936=FACE_BOUND('',#16935,.T.);
#16937=ADVANCED_FACE('',(#16936),#16920,.F.);
#16938=CARTESIAN_POINT('',(-10.786375817,52.975698831,-0.780862912));
#16939=CARTESIAN_POINT('',(-10.786375817,53.375698831,-0.780862912));
#16940=CARTESIAN_POINT('',(-10.786372091,52.975698831,-0.643876537));
#16941=CARTESIAN_POINT('',(-10.786372091,53.375698831,-0.643876537));
#16942=CARTESIAN_POINT('',(-10.846651014,52.975698831,-0.515108152));
#16943=CARTESIAN_POINT('',(-10.846651014,53.375698831,-0.515108152));
#16944=CARTESIAN_POINT('',(-10.967197682,52.975698831,-0.394561484));
#16945=CARTESIAN_POINT('',(-10.967197682,53.375698831,-0.394561484));
#16946=B_SPLINE_SURFACE_WITH_KNOTS('',3,1,((#16938,#16939),(#16940,#16941),(#16942,#16943),(#16944,#16945)),.UNSPECIFIED.,.F.,.F.,.U.,(4,4),(2,2),(0.583331917,1.),(0.,1.),.UNSPECIFIED.);
#16947=ORIENTED_EDGE('',*,*,#1375,.T.);
#16948=ORIENTED_EDGE('',*,*,#16370,.F.);
#16949=CARTESIAN_POINT('',(-10.786375817,52.975698831,-0.780862912));
#16950=CARTESIAN_POINT('',(-10.786372091,52.975698831,-0.643876537));
#16951=CARTESIAN_POINT('',(-10.846651014,52.975698831,-0.515108152));
#16952=CARTESIAN_POINT('',(-10.967197682,52.975698831,-0.394561484));
#16953=B_SPLINE_CURVE_WITH_KNOTS('',3,(#16949,#16950,#16951,#16952),.UNSPECIFIED.,.F.,.F.,(4,4),(0.583331917,1.),.UNSPECIFIED.);
#16954=EDGE_CURVE('',#16898,#16359,#16953,.T.);
#16955=ORIENTED_EDGE('',*,*,#16954,.F.);
#16956=ORIENTED_EDGE('',*,*,#16903,.T.);
#16957=EDGE_LOOP('',(#16947,#16948,#16955,#16956));
#16958=FACE_BOUND('',#16957,.T.);
#16959=ADVANCED_FACE('',(#16958),#16946,.F.);
#16960=CARTESIAN_POINT('',(-12.968565192,52.975698831,2.305439518));
#16961=CARTESIAN_POINT('',(-12.968565192,53.375698831,2.305439518));
#16962=CARTESIAN_POINT('',(-13.091853674,52.975698831,2.12735574));
#16963=CARTESIAN_POINT('',(-13.091853674,53.375698831,2.12735574));
#16964=CARTESIAN_POINT('',(-13.153499778,52.975698831,1.849273995));
#16965=CARTESIAN_POINT('',(-13.153499778,53.375698831,1.849273995));
#16966=CARTESIAN_POINT('',(-13.153499778,52.975698831,1.47119242));
#16967=CARTESIAN_POINT('',(-13.153499778,53.375698831,1.47119242));
#16968=CARTESIAN_POINT('',(-13.153499778,52.975698831,1.093110845));
#16969=CARTESIAN_POINT('',(-13.153499778,53.375698831,1.093110845));
#16970=CARTESIAN_POINT('',(-13.091853674,52.975698831,0.815027238));
#16971=CARTESIAN_POINT('',(-13.091853674,53.375698831,0.815027238));
#16972=CARTESIAN_POINT('',(-12.968565192,52.975698831,0.636945323));
#16973=CARTESIAN_POINT('',(-12.968565192,53.375698831,0.636945323));
#16974=CARTESIAN_POINT('',(-12.845280435,52.975698831,0.458863408));
#16975=CARTESIAN_POINT('',(-12.845280435,53.375698831,0.458863408));
#16976=CARTESIAN_POINT('',(-12.580896582,52.975698831,0.369823382));
#16977=CARTESIAN_POINT('',(-12.580896582,53.375698831,0.369823382));
#16978=CARTESIAN_POINT('',(-12.17541736,52.975698831,0.369823382));
#16979=CARTESIAN_POINT('',(-12.17541736,53.375698831,0.369823382));
#16980=CARTESIAN_POINT('',(-11.769938137,52.975698831,0.369823382));
#16981=CARTESIAN_POINT('',(-11.769938137,53.375698831,0.369823382));
#16982=CARTESIAN_POINT('',(-11.505554285,52.975698831,0.458863408));
#16983=CARTESIAN_POINT('',(-11.505554285,53.375698831,0.458863408));
#16984=CARTESIAN_POINT('',(-11.382265802,52.975698831,0.636945323));
#16985=CARTESIAN_POINT('',(-11.382265802,53.375698831,0.636945323));
#16986=B_SPLINE_SURFACE_WITH_KNOTS('',3,1,((#16960,#16961),(#16962,#16963),(#16964,#16965),(#16966,#16967),(#16968,#16969),(#16970,#16971),(#16972,#16973),(#16974,#16975),(#16976,#16977),(#16978,#16979),(#16980,#16981),(#16982,#16983),(#16984,#16985)),.UNSPECIFIED.,.F.,.F.,.U.,(4,3,3,3,4),(2,2),(0.499997892,0.624999031,0.75000017,0.875000085,1.),(0.,1.),.UNSPECIFIED.);
#16987=CARTESIAN_POINT('',(-12.968565192,53.375698831,2.305439518));
#16988=CARTESIAN_POINT('',(-13.091853674,53.375698831,2.12735574));
#16989=CARTESIAN_POINT('',(-13.153499778,53.375698831,1.849273995));
#16990=CARTESIAN_POINT('',(-13.153499778,53.375698831,1.47119242));
#16991=CARTESIAN_POINT('',(-13.153499778,53.375698831,1.093110845));
#16992=CARTESIAN_POINT('',(-13.091853674,53.375698831,0.815027238));
#16993=CARTESIAN_POINT('',(-12.968565192,53.375698831,0.636945323));
#16994=CARTESIAN_POINT('',(-12.845280435,53.375698831,0.458863408));
#16995=CARTESIAN_POINT('',(-12.580896582,53.375698831,0.369823382));
#16996=CARTESIAN_POINT('',(-12.17541736,53.375698831,0.369823382));
#16997=CARTESIAN_POINT('',(-11.769938137,53.375698831,0.369823382));
#16998=CARTESIAN_POINT('',(-11.505554285,53.375698831,0.458863408));
#16999=CARTESIAN_POINT('',(-11.382265802,53.375698831,0.636945323));
#17000=B_SPLINE_CURVE_WITH_KNOTS('',3,(#16987,#16988,#16989,#16990,#16991,#16992,#16993,#16994,#16995,#16996,#16997,#16998,#16999),.UNSPECIFIED.,.F.,.F.,(4,3,3,3,4),(0.499997892,0.624999031,0.75000017,0.875000085,1.),.UNSPECIFIED.);
#17001=EDGE_CURVE('',#16051,#16049,#17000,.T.);
#17002=ORIENTED_EDGE('',*,*,#17001,.T.);
#17003=ORIENTED_EDGE('',*,*,#16098,.F.);
#17004=CARTESIAN_POINT('',(-12.968565192,52.975698831,2.305439518));
#17005=CARTESIAN_POINT('',(-13.091853674,52.975698831,2.12735574));
#17006=CARTESIAN_POINT('',(-13.153499778,52.975698831,1.849273995));
#17007=CARTESIAN_POINT('',(-13.153499778,52.975698831,1.47119242));
#17008=CARTESIAN_POINT('',(-13.153499778,52.975698831,1.093110845));
#17009=CARTESIAN_POINT('',(-13.091853674,52.975698831,0.815027238));
#17010=CARTESIAN_POINT('',(-12.968565192,52.975698831,0.636945323));
#17011=CARTESIAN_POINT('',(-12.845280435,52.975698831,0.458863408));
#17012=CARTESIAN_POINT('',(-12.580896582,52.975698831,0.369823382));
#17013=CARTESIAN_POINT('',(-12.17541736,52.975698831,0.369823382));
#17014=CARTESIAN_POINT('',(-11.769938137,52.975698831,0.369823382));
#17015=CARTESIAN_POINT('',(-11.505554285,52.975698831,0.458863408));
#17016=CARTESIAN_POINT('',(-11.382265802,52.975698831,0.636945323));
#17017=B_SPLINE_CURVE_WITH_KNOTS('',3,(#17004,#17005,#17006,#17007,#17008,#17009,#17010,#17011,#17012,#17013,#17014,#17015,#17016),.UNSPECIFIED.,.F.,.F.,(4,3,3,3,4),(0.499997892,0.624999031,0.75000017,0.875000085,1.),.UNSPECIFIED.);
#17018=EDGE_CURVE('',#16069,#16077,#17017,.T.);
#17019=ORIENTED_EDGE('',*,*,#17018,.F.);
#17020=ORIENTED_EDGE('',*,*,#16074,.T.);
#17021=EDGE_LOOP('',(#17002,#17003,#17019,#17020));
#17022=FACE_BOUND('',#17021,.T.);
#17023=ADVANCED_FACE('',(#17022),#16986,.F.);
#17024=CARTESIAN_POINT('',(0.214993954,52.975698831,0.64516471));
#17025=DIRECTION('',(0.,1.,-0.));
#17026=DIRECTION('',(-1.,0.,0.));
#17027=AXIS2_PLACEMENT_3D('',#17024,#17025,#17026);
#17028=PLANE('',#17027);
#17029=ORIENTED_EDGE('',*,*,#16364,.T.);
#17030=ORIENTED_EDGE('',*,*,#16398,.T.);
#17031=ORIENTED_EDGE('',*,*,#16463,.T.);
#17032=ORIENTED_EDGE('',*,*,#16487,.T.);
#17033=ORIENTED_EDGE('',*,*,#16511,.T.);
#17034=ORIENTED_EDGE('',*,*,#16535,.T.);
#17035=ORIENTED_EDGE('',*,*,#16600,.T.);
#17036=ORIENTED_EDGE('',*,*,#16638,.T.);
#17037=ORIENTED_EDGE('',*,*,#16662,.T.);
#17038=ORIENTED_EDGE('',*,*,#16700,.T.);
#17039=ORIENTED_EDGE('',*,*,#16738,.T.);
#17040=ORIENTED_EDGE('',*,*,#16857,.T.);
#17041=ORIENTED_EDGE('',*,*,#16881,.T.);
#17042=ORIENTED_EDGE('',*,*,#16910,.T.);
#17043=ORIENTED_EDGE('',*,*,#16954,.T.);
#17044=EDGE_LOOP('',(#17029,#17030,#17031,#17032,#17033,#17034,#17035,#17036,#17037,#17038,#17039,#17040,#17041,#17042,#17043));
#17045=FACE_BOUND('',#17044,.T.);
#17046=ORIENTED_EDGE('',*,*,#16162,.T.);
#17047=ORIENTED_EDGE('',*,*,#16204,.T.);
#17048=ORIENTED_EDGE('',*,*,#16241,.T.);
#17049=ORIENTED_EDGE('',*,*,#16338,.T.);
#17050=ORIENTED_EDGE('',*,*,#16932,.T.);
#17051=EDGE_LOOP('',(#17046,#17047,#17048,#17049,#17050));
#17052=FACE_BOUND('',#17051,.T.);
#17053=ORIENTED_EDGE('',*,*,#16092,.T.);
#17054=ORIENTED_EDGE('',*,*,#17018,.T.);
#17055=EDGE_LOOP('',(#17053,#17054));
#17056=FACE_BOUND('',#17055,.T.);
#17057=ADVANCED_FACE('',(#17045,#17052,#17056),#17028,.T.);
#17058=CARTESIAN_POINT('',(143.754800635,53.375698831,24.370075373));
#17059=DIRECTION('',(0.,1.,-0.));
#17060=DIRECTION('',(0.,-0.,-1.));
#17061=AXIS2_PLACEMENT_3D('',#17058,#17059,#17060);
#17062=PLANE('',#17061);
#17063=ORIENTED_EDGE('',*,*,#16139,.F.);
#17064=ORIENTED_EDGE('',*,*,#16925,.F.);
#17065=ORIENTED_EDGE('',*,*,#16308,.F.);
#17066=ORIENTED_EDGE('',*,*,#16226,.F.);
#17067=ORIENTED_EDGE('',*,*,#16189,.F.);
#17068=EDGE_LOOP('',(#17063,#17064,#17065,#17066,#17067));
#17069=FACE_BOUND('',#17068,.T.);
#17070=ADVANCED_FACE('',(#17069),#17062,.T.);
#17071=CARTESIAN_POINT('',(143.754800635,53.375698831,24.370075373));
#17072=DIRECTION('',(0.,1.,-0.));
#17073=DIRECTION('',(0.,-0.,-1.));
#17074=AXIS2_PLACEMENT_3D('',#17071,#17072,#17073);
#17075=PLANE('',#17074);
#17076=ORIENTED_EDGE('',*,*,#16066,.F.);
#17077=ORIENTED_EDGE('',*,*,#17001,.F.);
#17078=EDGE_LOOP('',(#17076,#17077));
#17079=FACE_BOUND('',#17078,.T.);
#17080=ADVANCED_FACE('',(#17079),#17075,.T.);
#17081=CARTESIAN_POINT('',(-71.089013298,41.8852905,0.521298349));
#17082=DIRECTION('',(0.707106781,-0.086174639,-0.701836114));
#17083=DIRECTION('',(0.,0.992546152,-0.121869343));
#17084=AXIS2_PLACEMENT_3D('',#17081,#17082,#17083);
#17085=PLANE('',#17084);
#17086=ORIENTED_EDGE('',*,*,#327,.T.);
#17087=CARTESIAN_POINT('',(-69.359723976,49.689846141,1.305295394));
#17088=VERTEX_POINT('',#17087);
#17089=CARTESIAN_POINT('',(-71.118302619,49.475529316,-0.440175071));
#17090=DIRECTION('',(0.707106781,0.086174639,0.701836114));
#17091=VECTOR('',#17090,2.487005769);
#17092=LINE('',#17089,#17091);
#17093=EDGE_CURVE('',#314,#17088,#17092,.T.);
#17094=ORIENTED_EDGE('',*,*,#17093,.T.);
#17095=CARTESIAN_POINT('',(-69.359723976,46.375698831,1.712221517));
#17096=DIRECTION('',(0.,0.992546152,-0.121869343));
#17097=VECTOR('',#17096,3.339035978);
#17098=LINE('',#17095,#17097);
#17099=EDGE_CURVE('',#998,#17088,#17098,.T.);
#17100=ORIENTED_EDGE('',*,*,#17099,.F.);
#17101=ORIENTED_EDGE('',*,*,#1003,.F.);
#17102=CARTESIAN_POINT('',(-70.172419739,46.375698831,0.89342255));
#17103=DIRECTION('',(-0.690655273,-0.297025358,-0.659371845));
#17104=VECTOR('',#17103,1.369544138);
#17105=LINE('',#17102,#17104);
#17106=EDGE_CURVE('',#990,#322,#17105,.T.);
#17107=ORIENTED_EDGE('',*,*,#17106,.T.);
#17108=EDGE_LOOP('',(#17086,#17094,#17100,#17101,#17107));
#17109=FACE_BOUND('',#17108,.T.);
#17110=ADVANCED_FACE('',(#17109),#17085,.T.);
#17111=CARTESIAN_POINT('',(1.8,49.560114263,-3.292068223));
#17112=DIRECTION('',(0.,0.992546152,-0.121869343));
#17113=DIRECTION('',(-1.,0.,0.));
#17114=AXIS2_PLACEMENT_3D('',#17111,#17112,#17113);
#17115=PLANE('',#17114);
#17116=CARTESIAN_POINT('',(-58.262758662,50.066424355,0.831496561));
#17117=VERTEX_POINT('',#17116);
#17118=CARTESIAN_POINT('',(-69.173846577,50.066424355,0.831496561));
#17119=VERTEX_POINT('',#17118);
#17120=CARTESIAN_POINT('',(-58.262758662,50.066424355,0.831496561));
#17121=DIRECTION('',(-1.,-0.,0.));
#17122=VECTOR('',#17121,10.911087915);
#17123=LINE('',#17120,#17122);
#17124=EDGE_CURVE('',#17117,#17119,#17123,.T.);
#17125=ORIENTED_EDGE('',*,*,#17124,.T.);
#17126=CARTESIAN_POINT('',(-70.718302619,49.878202511,-0.70144734));
#17127=VERTEX_POINT('',#17126);
#17128=CARTESIAN_POINT('',(-69.173846577,50.066424355,0.831496561));
#17129=DIRECTION('',(-0.707106781,-0.086174639,-0.701836114));
#17130=VECTOR('',#17129,2.184190682);
#17131=LINE('',#17128,#17130);
#17132=EDGE_CURVE('',#17119,#17127,#17131,.T.);
#17133=ORIENTED_EDGE('',*,*,#17132,.T.);
#17134=CARTESIAN_POINT('',(-70.718302619,49.624769043,-2.765497297));
#17135=VERTEX_POINT('',#17134);
#17136=CARTESIAN_POINT('',(-70.718302619,49.878202511,-0.70144734));
#17137=DIRECTION('',(0.,-0.121869343,-0.992546152));
#17138=VECTOR('',#17137,2.079550612);
#17139=LINE('',#17136,#17138);
#17140=EDGE_CURVE('',#17127,#17135,#17139,.T.);
#17141=ORIENTED_EDGE('',*,*,#17140,.T.);
#17142=CARTESIAN_POINT('',(-69.643486445,49.493781902,-3.832301955));
#17143=VERTEX_POINT('',#17142);
#17144=CARTESIAN_POINT('',(-70.718302619,49.624769043,-2.765497297));
#17145=DIRECTION('',(0.707106781,-0.086174639,-0.701836114));
#17146=VECTOR('',#17145,1.520019611);
#17147=LINE('',#17144,#17146);
#17148=EDGE_CURVE('',#17135,#17143,#17147,.T.);
#17149=ORIENTED_EDGE('',*,*,#17148,.T.);
#17150=CARTESIAN_POINT('',(-57.793118794,49.493781902,-3.832301955));
#17151=VERTEX_POINT('',#17150);
#17152=CARTESIAN_POINT('',(-69.643486445,49.493781902,-3.832301955));
#17153=DIRECTION('',(1.,0.,-0.));
#17154=VECTOR('',#17153,11.850367651);
#17155=LINE('',#17152,#17154);
#17156=EDGE_CURVE('',#17143,#17151,#17155,.T.);
#17157=ORIENTED_EDGE('',*,*,#17156,.T.);
#17158=CARTESIAN_POINT('',(-56.718302619,49.624769043,-2.765497297));
#17159=VERTEX_POINT('',#17158);
#17160=CARTESIAN_POINT('',(-57.793118794,49.493781902,-3.832301955));
#17161=DIRECTION('',(0.707106781,0.086174639,0.701836114));
#17162=VECTOR('',#17161,1.520019611);
#17163=LINE('',#17160,#17162);
#17164=EDGE_CURVE('',#17151,#17159,#17163,.T.);
#17165=ORIENTED_EDGE('',*,*,#17164,.T.);
#17166=CARTESIAN_POINT('',(-56.718302619,49.878202511,-0.70144734));
#17167=VERTEX_POINT('',#17166);
#17168=CARTESIAN_POINT('',(-56.718302619,49.624769043,-2.765497297));
#17169=DIRECTION('',(0.,0.121869343,0.992546152));
#17170=VECTOR('',#17169,2.079550612);
#17171=LINE('',#17168,#17170);
#17172=EDGE_CURVE('',#17159,#17167,#17171,.T.);
#17173=ORIENTED_EDGE('',*,*,#17172,.T.);
#17174=CARTESIAN_POINT('',(-56.718302619,49.878202511,-0.70144734));
#17175=DIRECTION('',(-0.707106781,0.086174639,0.701836114));
#17176=VECTOR('',#17175,2.184190682);
#17177=LINE('',#17174,#17176);
#17178=EDGE_CURVE('',#17167,#17117,#17177,.T.);
#17179=ORIENTED_EDGE('',*,*,#17178,.T.);
#17180=EDGE_LOOP('',(#17125,#17133,#17141,#17149,#17157,#17165,#17173,#17179));
#17181=FACE_BOUND('',#17180,.T.);
#17182=ADVANCED_FACE('',(#17181),#17115,.F.);
#17183=CARTESIAN_POINT('',(1.3,0.83540969,7.303865922));
#17184=DIRECTION('',(0.,0.121869343,0.992546152));
#17185=DIRECTION('',(1.,0.,0.));
#17186=AXIS2_PLACEMENT_3D('',#17183,#17184,#17185);
#17187=PLANE('',#17186);
#17188=ORIENTED_EDGE('',*,*,#17099,.T.);
#17189=CARTESIAN_POINT('',(-69.349627989,49.696931869,1.304425376));
#17190=VERTEX_POINT('',#17189);
#17191=CARTESIAN_POINT('',(-69.359723976,49.689846141,1.305295394));
#17192=DIRECTION('',(0.816496581,0.573046788,-0.070361298));
#17193=VECTOR('',#17192,0.012365008);
#17194=LINE('',#17191,#17193);
#17195=EDGE_CURVE('',#17088,#17190,#17194,.T.);
#17196=ORIENTED_EDGE('',*,*,#17195,.T.);
#17197=CARTESIAN_POINT('',(-58.08697725,49.696931869,1.304425376));
#17198=VERTEX_POINT('',#17197);
#17199=CARTESIAN_POINT('',(-69.349627989,49.696931869,1.304425376));
#17200=DIRECTION('',(1.,-0.,-0.));
#17201=VECTOR('',#17200,11.262650739);
#17202=LINE('',#17199,#17201);
#17203=EDGE_CURVE('',#17190,#17198,#17202,.T.);
#17204=ORIENTED_EDGE('',*,*,#17203,.T.);
#17205=CARTESIAN_POINT('',(-58.076881263,49.689846141,1.305295394));
#17206=VERTEX_POINT('',#17205);
#17207=CARTESIAN_POINT('',(-58.08697725,49.696931869,1.304425376));
#17208=DIRECTION('',(0.816496581,-0.573046788,0.070361298));
#17209=VECTOR('',#17208,0.012365008);
#17210=LINE('',#17207,#17209);
#17211=EDGE_CURVE('',#17198,#17206,#17210,.T.);
#17212=ORIENTED_EDGE('',*,*,#17211,.T.);
#17213=CARTESIAN_POINT('',(-58.076881263,49.689846141,1.305295394));
#17214=DIRECTION('',(0.,-0.992546152,0.121869343));
#17215=VECTOR('',#17214,3.339035978);
#17216=LINE('',#17213,#17215);
#17217=EDGE_CURVE('',#17206,#1006,#17216,.T.);
#17218=ORIENTED_EDGE('',*,*,#17217,.T.);
#17219=ORIENTED_EDGE('',*,*,#1011,.T.);
#17220=EDGE_LOOP('',(#17188,#17196,#17204,#17212,#17218,#17219));
#17221=FACE_BOUND('',#17220,.T.);
#17222=ADVANCED_FACE('',(#17221),#17187,.F.);
#17223=CARTESIAN_POINT('',(-69.689013298,60.560213224,-5.73971065));
#17224=DIRECTION('',(-0.707106781,-0.086174639,-0.701836114));
#17225=DIRECTION('',(0.,-0.992546152,0.121869343));
#17226=AXIS2_PLACEMENT_3D('',#17223,#17224,#17225);
#17227=PLANE('',#17226);
#17228=ORIENTED_EDGE('',*,*,#698,.F.);
#17229=CARTESIAN_POINT('',(-69.816310811,49.028808833,-4.19557873));
#17230=VERTEX_POINT('',#17229);
#17231=CARTESIAN_POINT('',(-69.80917187,49.020853087,-4.20179444));
#17232=DIRECTION('',(-0.577350269,0.643408086,0.50268549));
#17233=VECTOR('',#17232,0.012365008);
#17234=LINE('',#17231,#17233);
#17235=EDGE_CURVE('',#685,#17230,#17234,.T.);
#17236=ORIENTED_EDGE('',*,*,#17235,.T.);
#17237=CARTESIAN_POINT('',(-69.816310811,49.028808833,-4.19557873));
#17238=DIRECTION('',(-0.707106781,0.086174639,0.701836114));
#17239=VECTOR('',#17238,1.841294474);
#17240=LINE('',#17237,#17239);
#17241=EDGE_CURVE('',#17230,#288,#17240,.T.);
#17242=ORIENTED_EDGE('',*,*,#17241,.T.);
#17243=ORIENTED_EDGE('',*,*,#295,.T.);
#17244=CARTESIAN_POINT('',(-71.112534109,44.899931848,-2.382658673));
#17245=VERTEX_POINT('',#17244);
#17246=CARTESIAN_POINT('',(-71.118302619,44.902412671,-2.377151449));
#17247=DIRECTION('',(0.690655273,-0.297025358,-0.659371845));
#17248=VECTOR('',#17247,0.008352228);
#17249=LINE('',#17246,#17248);
#17250=EDGE_CURVE('',#290,#17245,#17249,.T.);
#17251=ORIENTED_EDGE('',*,*,#17250,.T.);
#17252=CARTESIAN_POINT('',(-71.112534109,44.899931848,-2.382658673));
#17253=DIRECTION('',(0.599464927,-0.599464927,-0.530361766));
#17254=VECTOR('',#17253,2.174209338);
#17255=LINE('',#17252,#17254);
#17256=EDGE_CURVE('',#17245,#693,#17255,.T.);
#17257=ORIENTED_EDGE('',*,*,#17256,.T.);
#17258=EDGE_LOOP('',(#17228,#17236,#17242,#17243,#17251,#17257));
#17259=FACE_BOUND('',#17258,.T.);
#17260=ADVANCED_FACE('',(#17259),#17227,.F.);
#17261=CARTESIAN_POINT('',(-56.318302619,0.,0.1));
#17262=DIRECTION('',(1.,0.,0.));
#17263=DIRECTION('',(0.,1.,0.));
#17264=AXIS2_PLACEMENT_3D('',#17261,#17262,#17263);
#17265=PLANE('',#17264);
#17266=CARTESIAN_POINT('',(-56.318302619,49.475529316,-0.440175071));
#17267=VERTEX_POINT('',#17266);
#17268=CARTESIAN_POINT('',(-56.318302619,45.968909493,-0.009616296));
#17269=VERTEX_POINT('',#17268);
#17270=CARTESIAN_POINT('',(-56.318302619,49.475529316,-0.440175071));
#17271=DIRECTION('',(-0.,-0.992546152,0.121869343));
#17272=VECTOR('',#17271,3.532953926);
#17273=LINE('',#17270,#17272);
#17274=EDGE_CURVE('',#17267,#17269,#17273,.T.);
#17275=ORIENTED_EDGE('',*,*,#17274,.F.);
#17276=CARTESIAN_POINT('',(-56.318302619,49.501376024,-0.488249172));
#17277=VERTEX_POINT('',#17276);
#17278=CARTESIAN_POINT('',(-56.318302619,49.475529316,-0.440175071));
#17279=DIRECTION('',(-0.,0.473540886,-0.880771837));
#17280=VECTOR('',#17279,0.054581787);
#17281=LINE('',#17278,#17280);
#17282=EDGE_CURVE('',#17267,#17277,#17281,.T.);
#17283=ORIENTED_EDGE('',*,*,#17282,.T.);
#17284=CARTESIAN_POINT('',(-56.318302619,49.207558609,-2.881199991));
#17285=VERTEX_POINT('',#17284);
#17286=CARTESIAN_POINT('',(-56.318302619,49.501376024,-0.488249172));
#17287=DIRECTION('',(0.,-0.121869343,-0.992546152));
#17288=VECTOR('',#17287,2.410921462);
#17289=LINE('',#17286,#17288);
#17290=EDGE_CURVE('',#17277,#17285,#17289,.T.);
#17291=ORIENTED_EDGE('',*,*,#17290,.T.);
#17292=CARTESIAN_POINT('',(-56.318302619,49.207558609,-2.881199991));
#17293=DIRECTION('',(0.,-0.67255269,-0.740049241));
#17294=VECTOR('',#17293,0.029851771);
#17295=LINE('',#17292,#17294);
#17296=EDGE_CURVE('',#17285,#234,#17295,.T.);
#17297=ORIENTED_EDGE('',*,*,#17296,.T.);
#17298=ORIENTED_EDGE('',*,*,#239,.F.);
#17299=CARTESIAN_POINT('',(-56.318302619,44.902412671,-2.377151449));
#17300=DIRECTION('',(-0.,0.410718853,0.911762044));
#17301=VECTOR('',#17300,2.596659041);
#17302=LINE('',#17299,#17301);
#17303=EDGE_CURVE('',#232,#17269,#17302,.T.);
#17304=ORIENTED_EDGE('',*,*,#17303,.T.);
#17305=EDGE_LOOP('',(#17275,#17283,#17291,#17297,#17298,#17304));
#17306=FACE_BOUND('',#17305,.T.);
#17307=ADVANCED_FACE('',(#17306),#17265,.F.);
#17308=CARTESIAN_POINT('',(-56.347591941,42.877836652,0.399429006));
#17309=DIRECTION('',(0.707106781,0.086174639,0.701836114));
#17310=DIRECTION('',(0.,0.992546152,-0.121869343));
#17311=AXIS2_PLACEMENT_3D('',#17308,#17309,#17310);
#17312=PLANE('',#17311);
#17313=ORIENTED_EDGE('',*,*,#17217,.F.);
#17314=CARTESIAN_POINT('',(-58.076881263,49.689846141,1.305295394));
#17315=DIRECTION('',(0.707106781,-0.086174639,-0.701836114));
#17316=VECTOR('',#17315,2.487005769);
#17317=LINE('',#17314,#17316);
#17318=EDGE_CURVE('',#17206,#17267,#17317,.T.);
#17319=ORIENTED_EDGE('',*,*,#17318,.T.);
#17320=ORIENTED_EDGE('',*,*,#17274,.T.);
#17321=CARTESIAN_POINT('',(-56.318302619,45.968909493,-0.009616296));
#17322=DIRECTION('',(-0.690655273,0.297025358,0.659371845));
#17323=VECTOR('',#17322,1.369544138);
#17324=LINE('',#17321,#17323);
#17325=EDGE_CURVE('',#17269,#1014,#17324,.T.);
#17326=ORIENTED_EDGE('',*,*,#17325,.T.);
#17327=ORIENTED_EDGE('',*,*,#1019,.F.);
#17328=EDGE_LOOP('',(#17313,#17319,#17320,#17326,#17327));
#17329=FACE_BOUND('',#17328,.T.);
#17330=ADVANCED_FACE('',(#17329),#17312,.F.);
#17331=CARTESIAN_POINT('',(0.,43.596569606,-3.535776177));
#17332=DIRECTION('',(0.,-0.662620048,0.748955721));
#17333=DIRECTION('',(1.,0.,0.));
#17334=AXIS2_PLACEMENT_3D('',#17331,#17332,#17333);
#17335=PLANE('',#17334);
#17336=ORIENTED_EDGE('',*,*,#17256,.F.);
#17337=CARTESIAN_POINT('',(-71.112534109,44.899931848,-2.382658673));
#17338=DIRECTION('',(-1.,0.,0.));
#17339=VECTOR('',#17338,5.445079013);
#17340=LINE('',#17337,#17339);
#17341=EDGE_CURVE('',#17245,#4940,#17340,.T.);
#17342=ORIENTED_EDGE('',*,*,#17341,.T.);
#17343=ORIENTED_EDGE('',*,*,#4945,.F.);
#17344=ORIENTED_EDGE('',*,*,#955,.F.);
#17345=ORIENTED_EDGE('',*,*,#706,.F.);
#17346=EDGE_LOOP('',(#17336,#17342,#17343,#17344,#17345));
#17347=FACE_BOUND('',#17346,.T.);
#17348=ADVANCED_FACE('',(#17347),#17335,.T.);
#17349=CARTESIAN_POINT('',(0.,43.596569606,-3.535776177));
#17350=DIRECTION('',(0.,-0.662620048,0.748955721));
#17351=DIRECTION('',(1.,0.,0.));
#17352=AXIS2_PLACEMENT_3D('',#17349,#17350,#17351);
#17353=PLANE('',#17352);
#17354=ORIENTED_EDGE('',*,*,#3932,.F.);
#17355=CARTESIAN_POINT('',(76.987613122,44.899931848,-2.382658673));
#17356=DIRECTION('',(-1.,0.,0.));
#17357=VECTOR('',#17356,5.461684252);
#17358=LINE('',#17355,#17357);
#17359=EDGE_CURVE('',#3921,#536,#17358,.T.);
#17360=ORIENTED_EDGE('',*,*,#17359,.T.);
#17361=ORIENTED_EDGE('',*,*,#541,.F.);
#17362=ORIENTED_EDGE('',*,*,#736,.F.);
#17363=ORIENTED_EDGE('',*,*,#931,.F.);
#17364=EDGE_LOOP('',(#17354,#17360,#17361,#17362,#17363));
#17365=FACE_BOUND('',#17364,.T.);
#17366=ADVANCED_FACE('',(#17365),#17353,.T.);
#17367=CARTESIAN_POINT('',(-124.777838082,46.375698831,-1.077010338));
#17368=DIRECTION('',(0.,-0.662620048,0.748955721));
#17369=DIRECTION('',(-1.,0.,0.));
#17370=AXIS2_PLACEMENT_3D('',#17367,#17368,#17369);
#17371=PLANE('',#17370);
#17372=ORIENTED_EDGE('',*,*,#869,.F.);
#17373=CARTESIAN_POINT('',(56.737465891,44.899931848,-2.382658673));
#17374=DIRECTION('',(-1.,0.,0.));
#17375=VECTOR('',#17374,113.06153702);
#17376=LINE('',#17373,#17375);
#17377=EDGE_CURVE('',#858,#266,#17376,.T.);
#17378=ORIENTED_EDGE('',*,*,#17377,.T.);
#17379=ORIENTED_EDGE('',*,*,#271,.F.);
#17380=ORIENTED_EDGE('',*,*,#681,.F.);
#17381=EDGE_LOOP('',(#17372,#17378,#17379,#17380));
#17382=FACE_BOUND('',#17381,.T.);
#17383=ADVANCED_FACE('',(#17382),#17371,.T.);
#17384=CARTESIAN_POINT('',(-124.777838082,46.311875488,0.751739982));
#17385=DIRECTION('',(0.,-0.911762044,0.410718853));
#17386=DIRECTION('',(-1.,0.,0.));
#17387=AXIS2_PLACEMENT_3D('',#17384,#17385,#17386);
#17388=PLANE('',#17387);
#17389=ORIENTED_EDGE('',*,*,#4951,.F.);
#17390=ORIENTED_EDGE('',*,*,#17341,.F.);
#17391=ORIENTED_EDGE('',*,*,#17250,.F.);
#17392=ORIENTED_EDGE('',*,*,#333,.F.);
#17393=ORIENTED_EDGE('',*,*,#17106,.F.);
#17394=ORIENTED_EDGE('',*,*,#995,.F.);
#17395=EDGE_LOOP('',(#17389,#17390,#17391,#17392,#17393,#17394));
#17396=FACE_BOUND('',#17395,.T.);
#17397=ADVANCED_FACE('',(#17396),#17388,.T.);
#17398=CARTESIAN_POINT('',(-124.777838082,46.311875488,0.751739982));
#17399=DIRECTION('',(0.,-0.911762044,0.410718853));
#17400=DIRECTION('',(-1.,0.,0.));
#17401=AXIS2_PLACEMENT_3D('',#17398,#17399,#17400);
#17402=PLANE('',#17401);
#17403=ORIENTED_EDGE('',*,*,#17303,.F.);
#17404=ORIENTED_EDGE('',*,*,#277,.F.);
#17405=ORIENTED_EDGE('',*,*,#17377,.F.);
#17406=ORIENTED_EDGE('',*,*,#863,.F.);
#17407=ORIENTED_EDGE('',*,*,#907,.F.);
#17408=ORIENTED_EDGE('',*,*,#822,.F.);
#17409=ORIENTED_EDGE('',*,*,#1025,.F.);
#17410=ORIENTED_EDGE('',*,*,#17325,.F.);
#17411=EDGE_LOOP('',(#17403,#17404,#17405,#17406,#17407,#17408,#17409,#17410));
#17412=FACE_BOUND('',#17411,.T.);
#17413=ADVANCED_FACE('',(#17412),#17402,.T.);
#17414=CARTESIAN_POINT('',(-124.777838082,46.311875488,0.751739982));
#17415=DIRECTION('',(0.,-0.911762044,0.410718853));
#17416=DIRECTION('',(-1.,0.,0.));
#17417=AXIS2_PLACEMENT_3D('',#17414,#17415,#17416);
#17418=PLANE('',#17417);
#17419=ORIENTED_EDGE('',*,*,#500,.F.);
#17420=ORIENTED_EDGE('',*,*,#547,.F.);
#17421=ORIENTED_EDGE('',*,*,#17359,.F.);
#17422=ORIENTED_EDGE('',*,*,#3926,.F.);
#17423=ORIENTED_EDGE('',*,*,#1036,.F.);
#17424=ORIENTED_EDGE('',*,*,#375,.F.);
#17425=EDGE_LOOP('',(#17419,#17420,#17421,#17422,#17423,#17424));
#17426=FACE_BOUND('',#17425,.T.);
#17427=ADVANCED_FACE('',(#17426),#17418,.T.);
#17428=CARTESIAN_POINT('',(-27.724414001,53.158235212,26.012275273));
#17429=DIRECTION('',(0.5,0.640901443,-0.582447715));
#17430=DIRECTION('',(0.707106781,0.086174639,0.701836114));
#17431=AXIS2_PLACEMENT_3D('',#17428,#17429,#17430);
#17432=PLANE('',#17431);
#17433=CARTESIAN_POINT('',(-57.620294428,49.028808833,-4.19557873));
#17434=DIRECTION('',(-0.281084637,0.75624051,0.590839841));
#17435=VECTOR('',#17434,0.614848137);
#17436=LINE('',#17433,#17435);
#17437=EDGE_CURVE('',#242,#17151,#17436,.T.);
#17438=ORIENTED_EDGE('',*,*,#17437,.F.);
#17439=ORIENTED_EDGE('',*,*,#247,.F.);
#17440=ORIENTED_EDGE('',*,*,#17296,.F.);
#17441=CARTESIAN_POINT('',(-56.718302619,49.624769043,-2.765497297));
#17442=DIRECTION('',(0.678598345,-0.707795776,-0.196289141));
#17443=VECTOR('',#17442,0.589450303);
#17444=LINE('',#17441,#17443);
#17445=EDGE_CURVE('',#17159,#17285,#17444,.T.);
#17446=ORIENTED_EDGE('',*,*,#17445,.F.);
#17447=ORIENTED_EDGE('',*,*,#17164,.F.);
#17448=EDGE_LOOP('',(#17438,#17439,#17440,#17446,#17447));
#17449=FACE_BOUND('',#17448,.T.);
#17450=ADVANCED_FACE('',(#17449),#17432,.F.);
#17451=CARTESIAN_POINT('',(-56.318302619,48.840300417,-5.872277929));
#17452=DIRECTION('',(-0.707106781,-0.701836114,0.086174639));
#17453=DIRECTION('',(0.,0.121869343,0.992546152));
#17454=AXIS2_PLACEMENT_3D('',#17451,#17452,#17453);
#17455=PLANE('',#17454);
#17456=ORIENTED_EDGE('',*,*,#17445,.T.);
#17457=ORIENTED_EDGE('',*,*,#17290,.F.);
#17458=CARTESIAN_POINT('',(-56.718302619,49.878202511,-0.70144734));
#17459=DIRECTION('',(0.678598345,-0.639284575,0.36168981));
#17460=VECTOR('',#17459,0.589450303);
#17461=LINE('',#17458,#17460);
#17462=EDGE_CURVE('',#17167,#17277,#17461,.T.);
#17463=ORIENTED_EDGE('',*,*,#17462,.F.);
#17464=ORIENTED_EDGE('',*,*,#17172,.F.);
#17465=EDGE_LOOP('',(#17456,#17457,#17463,#17464));
#17466=FACE_BOUND('',#17465,.T.);
#17467=ADVANCED_FACE('',(#17466),#17455,.T.);
#17468=CARTESIAN_POINT('',(1.8,49.493781902,-3.832301955));
#17469=DIRECTION('',(0.,0.615661476,-0.788010753));
#17470=DIRECTION('',(1.,0.,0.));
#17471=AXIS2_PLACEMENT_3D('',#17468,#17469,#17470);
#17472=PLANE('',#17471);
#17473=ORIENTED_EDGE('',*,*,#17437,.T.);
#17474=ORIENTED_EDGE('',*,*,#17156,.F.);
#17475=CARTESIAN_POINT('',(-69.816310811,49.028808833,-4.19557873));
#17476=DIRECTION('',(0.281084637,0.75624051,0.590839841));
#17477=VECTOR('',#17476,0.614848137);
#17478=LINE('',#17475,#17477);
#17479=EDGE_CURVE('',#17230,#17143,#17478,.T.);
#17480=ORIENTED_EDGE('',*,*,#17479,.F.);
#17481=ORIENTED_EDGE('',*,*,#17235,.F.);
#17482=ORIENTED_EDGE('',*,*,#690,.F.);
#17483=ORIENTED_EDGE('',*,*,#255,.F.);
#17484=EDGE_LOOP('',(#17473,#17474,#17480,#17481,#17482,#17483));
#17485=FACE_BOUND('',#17484,.T.);
#17486=ADVANCED_FACE('',(#17485),#17472,.F.);
#17487=CARTESIAN_POINT('',(-26.318152687,46.133373457,-30.800632464));
#17488=DIRECTION('',(-0.5,-0.762770786,-0.410098437));
#17489=DIRECTION('',(0.707106781,-0.086174639,-0.701836114));
#17490=AXIS2_PLACEMENT_3D('',#17487,#17488,#17489);
#17491=PLANE('',#17490);
#17492=ORIENTED_EDGE('',*,*,#17462,.T.);
#17493=ORIENTED_EDGE('',*,*,#17282,.F.);
#17494=ORIENTED_EDGE('',*,*,#17318,.F.);
#17495=ORIENTED_EDGE('',*,*,#17211,.F.);
#17496=CARTESIAN_POINT('',(-58.262758662,50.066424355,0.831496561));
#17497=DIRECTION('',(0.281084638,-0.590839841,0.75624051));
#17498=VECTOR('',#17497,0.625368264);
#17499=LINE('',#17496,#17498);
#17500=EDGE_CURVE('',#17117,#17198,#17499,.T.);
#17501=ORIENTED_EDGE('',*,*,#17500,.F.);
#17502=ORIENTED_EDGE('',*,*,#17178,.F.);
#17503=EDGE_LOOP('',(#17492,#17493,#17494,#17495,#17501,#17502));
#17504=FACE_BOUND('',#17503,.T.);
#17505=ADVANCED_FACE('',(#17504),#17491,.T.);
#17506=CARTESIAN_POINT('',(-69.689013298,49.033372057,-4.299835607));
#17507=DIRECTION('',(0.5,-0.640901443,0.582447715));
#17508=DIRECTION('',(0.707106781,-0.086174639,-0.701836114));
#17509=AXIS2_PLACEMENT_3D('',#17506,#17507,#17508);
#17510=PLANE('',#17509);
#17511=ORIENTED_EDGE('',*,*,#17479,.T.);
#17512=ORIENTED_EDGE('',*,*,#17148,.F.);
#17513=CARTESIAN_POINT('',(-71.118302619,49.207558609,-2.881199991));
#17514=DIRECTION('',(0.678598345,0.707795776,0.196289141));
#17515=VECTOR('',#17514,0.589450303);
#17516=LINE('',#17513,#17515);
#17517=EDGE_CURVE('',#298,#17135,#17516,.T.);
#17518=ORIENTED_EDGE('',*,*,#17517,.F.);
#17519=ORIENTED_EDGE('',*,*,#303,.F.);
#17520=ORIENTED_EDGE('',*,*,#17241,.F.);
#17521=EDGE_LOOP('',(#17511,#17512,#17518,#17519,#17520));
#17522=FACE_BOUND('',#17521,.T.);
#17523=ADVANCED_FACE('',(#17522),#17510,.T.);
#17524=CARTESIAN_POINT('',(1.3,49.675710107,1.331587993));
#17525=DIRECTION('',(0.,-0.788010754,-0.615661475));
#17526=DIRECTION('',(-1.,0.,0.));
#17527=AXIS2_PLACEMENT_3D('',#17524,#17525,#17526);
#17528=PLANE('',#17527);
#17529=ORIENTED_EDGE('',*,*,#17500,.T.);
#17530=ORIENTED_EDGE('',*,*,#17203,.F.);
#17531=CARTESIAN_POINT('',(-69.173846577,50.066424355,0.831496561));
#17532=DIRECTION('',(-0.281084638,-0.590839841,0.75624051));
#17533=VECTOR('',#17532,0.625368264);
#17534=LINE('',#17531,#17533);
#17535=EDGE_CURVE('',#17119,#17190,#17534,.T.);
#17536=ORIENTED_EDGE('',*,*,#17535,.F.);
#17537=ORIENTED_EDGE('',*,*,#17124,.F.);
#17538=EDGE_LOOP('',(#17529,#17530,#17536,#17537));
#17539=FACE_BOUND('',#17538,.T.);
#17540=ADVANCED_FACE('',(#17539),#17528,.T.);
#17541=CARTESIAN_POINT('',(-70.718302619,49.560114263,-3.292068223));
#17542=DIRECTION('',(0.707106781,-0.701836114,0.086174639));
#17543=DIRECTION('',(-0.,0.121869343,0.992546152));
#17544=AXIS2_PLACEMENT_3D('',#17541,#17542,#17543);
#17545=PLANE('',#17544);
#17546=ORIENTED_EDGE('',*,*,#17517,.T.);
#17547=ORIENTED_EDGE('',*,*,#17140,.F.);
#17548=CARTESIAN_POINT('',(-71.118302619,49.501376024,-0.488249172));
#17549=DIRECTION('',(0.678598345,0.639284575,-0.36168981));
#17550=VECTOR('',#17549,0.589450303);
#17551=LINE('',#17548,#17550);
#17552=EDGE_CURVE('',#306,#17127,#17551,.T.);
#17553=ORIENTED_EDGE('',*,*,#17552,.F.);
#17554=ORIENTED_EDGE('',*,*,#311,.F.);
#17555=EDGE_LOOP('',(#17546,#17547,#17553,#17554));
#17556=FACE_BOUND('',#17555,.T.);
#17557=ADVANCED_FACE('',(#17556),#17545,.T.);
#17558=CARTESIAN_POINT('',(-35.600149932,54.118045979,34.229306663));
#17559=DIRECTION('',(-0.5,0.762770786,0.410098437));
#17560=DIRECTION('',(-0.707106781,-0.086174639,-0.701836114));
#17561=AXIS2_PLACEMENT_3D('',#17558,#17559,#17560);
#17562=PLANE('',#17561);
#17563=ORIENTED_EDGE('',*,*,#17535,.T.);
#17564=ORIENTED_EDGE('',*,*,#17195,.F.);
#17565=ORIENTED_EDGE('',*,*,#17093,.F.);
#17566=ORIENTED_EDGE('',*,*,#319,.T.);
#17567=ORIENTED_EDGE('',*,*,#17552,.T.);
#17568=ORIENTED_EDGE('',*,*,#17132,.F.);
#17569=EDGE_LOOP('',(#17563,#17564,#17565,#17566,#17567,#17568));
#17570=FACE_BOUND('',#17569,.T.);
#17571=ADVANCED_FACE('',(#17570),#17562,.F.);
#17572=CARTESIAN_POINT('',(71.531697381,48.840300417,-5.872277929));
#17573=DIRECTION('',(-0.707106781,-0.701836114,0.086174639));
#17574=DIRECTION('',(0.,0.121869343,0.992546152));
#17575=AXIS2_PLACEMENT_3D('',#17572,#17573,#17574);
#17576=PLANE('',#17575);
#17577=CARTESIAN_POINT('',(71.531697381,49.207558609,-2.881199991));
#17578=DIRECTION('',(-0.678598345,0.707795776,0.196289141));
#17579=VECTOR('',#17578,0.589450303);
#17580=LINE('',#17577,#17579);
#17581=EDGE_CURVE('',#473,#426,#17580,.T.);
#17582=ORIENTED_EDGE('',*,*,#17581,.F.);
#17583=ORIENTED_EDGE('',*,*,#478,.F.);
#17584=CARTESIAN_POINT('',(71.131697381,49.878202511,-0.70144734));
#17585=DIRECTION('',(0.678598345,-0.639284575,0.36168981));
#17586=VECTOR('',#17585,0.589450303);
#17587=LINE('',#17584,#17586);
#17588=EDGE_CURVE('',#434,#465,#17587,.T.);
#17589=ORIENTED_EDGE('',*,*,#17588,.F.);
#17590=ORIENTED_EDGE('',*,*,#439,.F.);
#17591=EDGE_LOOP('',(#17582,#17583,#17589,#17590));
#17592=FACE_BOUND('',#17591,.T.);
#17593=ADVANCED_FACE('',(#17592),#17576,.T.);
#17594=CARTESIAN_POINT('',(101.531847313,46.133373457,-30.800632464));
#17595=DIRECTION('',(-0.5,-0.762770786,-0.410098437));
#17596=DIRECTION('',(0.707106781,-0.086174639,-0.701836114));
#17597=AXIS2_PLACEMENT_3D('',#17594,#17595,#17596);
#17598=PLANE('',#17597);
#17599=ORIENTED_EDGE('',*,*,#17588,.T.);
#17600=ORIENTED_EDGE('',*,*,#470,.F.);
#17601=ORIENTED_EDGE('',*,*,#359,.F.);
#17602=ORIENTED_EDGE('',*,*,#776,.F.);
#17603=CARTESIAN_POINT('',(69.687241338,50.05423742,0.732241946));
#17604=DIRECTION('',(0.281084638,-0.590839841,0.75624051));
#17605=VECTOR('',#17604,0.625368264);
#17606=LINE('',#17603,#17605);
#17607=EDGE_CURVE('',#442,#765,#17606,.T.);
#17608=ORIENTED_EDGE('',*,*,#17607,.F.);
#17609=ORIENTED_EDGE('',*,*,#447,.F.);
#17610=EDGE_LOOP('',(#17599,#17600,#17601,#17602,#17608,#17609));
#17611=FACE_BOUND('',#17610,.T.);
#17612=ADVANCED_FACE('',(#17611),#17598,.T.);
#17613=CARTESIAN_POINT('',(100.125585999,53.158235212,26.012275273));
#17614=DIRECTION('',(0.5,0.640901443,-0.582447715));
#17615=DIRECTION('',(0.707106781,0.086174639,0.701836114));
#17616=AXIS2_PLACEMENT_3D('',#17613,#17614,#17615);
#17617=PLANE('',#17616);
#17618=ORIENTED_EDGE('',*,*,#17581,.T.);
#17619=ORIENTED_EDGE('',*,*,#431,.F.);
#17620=CARTESIAN_POINT('',(70.229705572,49.028808833,-4.19557873));
#17621=DIRECTION('',(-0.281084637,0.75624051,0.590839841));
#17622=VECTOR('',#17621,0.614848137);
#17623=LINE('',#17620,#17622);
#17624=EDGE_CURVE('',#512,#418,#17623,.T.);
#17625=ORIENTED_EDGE('',*,*,#17624,.F.);
#17626=ORIENTED_EDGE('',*,*,#517,.F.);
#17627=ORIENTED_EDGE('',*,*,#486,.F.);
#17628=EDGE_LOOP('',(#17618,#17619,#17625,#17626,#17627));
#17629=FACE_BOUND('',#17628,.T.);
#17630=ADVANCED_FACE('',(#17629),#17617,.F.);
#17631=CARTESIAN_POINT('',(129.65,50.011793896,0.78656718));
#17632=DIRECTION('',(0.,-0.788010754,-0.615661475));
#17633=DIRECTION('',(1.,0.,0.));
#17634=AXIS2_PLACEMENT_3D('',#17631,#17632,#17633);
#17635=PLANE('',#17634);
#17636=ORIENTED_EDGE('',*,*,#17607,.T.);
#17637=ORIENTED_EDGE('',*,*,#770,.F.);
#17638=CARTESIAN_POINT('',(58.576153423,50.05423742,0.732241946));
#17639=DIRECTION('',(-0.281084638,-0.590839841,0.75624051));
#17640=VECTOR('',#17639,0.625368264);
#17641=LINE('',#17638,#17640);
#17642=EDGE_CURVE('',#392,#757,#17641,.T.);
#17643=ORIENTED_EDGE('',*,*,#17642,.F.);
#17644=ORIENTED_EDGE('',*,*,#453,.F.);
#17645=EDGE_LOOP('',(#17636,#17637,#17643,#17644));
#17646=FACE_BOUND('',#17645,.T.);
#17647=ADVANCED_FACE('',(#17646),#17635,.T.);
#17648=CARTESIAN_POINT('',(129.65,49.493781902,-3.832301955));
#17649=DIRECTION('',(0.,0.615661476,-0.788010753));
#17650=DIRECTION('',(1.,0.,0.));
#17651=AXIS2_PLACEMENT_3D('',#17648,#17649,#17650);
#17652=PLANE('',#17651);
#17653=ORIENTED_EDGE('',*,*,#17624,.T.);
#17654=ORIENTED_EDGE('',*,*,#423,.F.);
#17655=CARTESIAN_POINT('',(58.033689189,49.028808833,-4.19557873));
#17656=DIRECTION('',(0.281084637,0.75624051,0.590839841));
#17657=VECTOR('',#17656,0.614848137);
#17658=LINE('',#17655,#17657);
#17659=EDGE_CURVE('',#834,#410,#17658,.T.);
#17660=ORIENTED_EDGE('',*,*,#17659,.F.);
#17661=ORIENTED_EDGE('',*,*,#839,.F.);
#17662=ORIENTED_EDGE('',*,*,#667,.F.);
#17663=ORIENTED_EDGE('',*,*,#525,.F.);
#17664=EDGE_LOOP('',(#17653,#17654,#17660,#17661,#17662,#17663));
#17665=FACE_BOUND('',#17664,.T.);
#17666=ADVANCED_FACE('',(#17665),#17652,.F.);
#17667=CARTESIAN_POINT('',(56.760986702,49.464962753,-0.384811468));
#17668=DIRECTION('',(-0.5,0.762770786,0.410098437));
#17669=DIRECTION('',(0.707106781,0.086174639,0.701836114));
#17670=AXIS2_PLACEMENT_3D('',#17667,#17668,#17669);
#17671=PLANE('',#17670);
#17672=ORIENTED_EDGE('',*,*,#17642,.T.);
#17673=ORIENTED_EDGE('',*,*,#762,.F.);
#17674=ORIENTED_EDGE('',*,*,#807,.F.);
#17675=ORIENTED_EDGE('',*,*,#900,.F.);
#17676=CARTESIAN_POINT('',(57.131697381,49.878202511,-0.70144734));
#17677=DIRECTION('',(-0.678598345,-0.639284575,0.36168981));
#17678=VECTOR('',#17677,0.589450303);
#17679=LINE('',#17676,#17678);
#17680=EDGE_CURVE('',#394,#889,#17679,.T.);
#17681=ORIENTED_EDGE('',*,*,#17680,.F.);
#17682=ORIENTED_EDGE('',*,*,#399,.F.);
#17683=EDGE_LOOP('',(#17672,#17673,#17674,#17675,#17681,#17682));
#17684=FACE_BOUND('',#17683,.T.);
#17685=ADVANCED_FACE('',(#17684),#17671,.F.);
#17686=CARTESIAN_POINT('',(93.656111381,45.173562691,-39.017663854));
#17687=DIRECTION('',(0.5,-0.640901443,0.582447715));
#17688=DIRECTION('',(-0.707106781,0.086174639,0.701836114));
#17689=AXIS2_PLACEMENT_3D('',#17686,#17687,#17688);
#17690=PLANE('',#17689);
#17691=ORIENTED_EDGE('',*,*,#17659,.T.);
#17692=ORIENTED_EDGE('',*,*,#415,.F.);
#17693=CARTESIAN_POINT('',(56.731697381,49.207558609,-2.881199991));
#17694=DIRECTION('',(0.678598345,0.707795776,0.196289141));
#17695=VECTOR('',#17694,0.589450303);
#17696=LINE('',#17693,#17695);
#17697=EDGE_CURVE('',#881,#402,#17696,.T.);
#17698=ORIENTED_EDGE('',*,*,#17697,.F.);
#17699=ORIENTED_EDGE('',*,*,#886,.T.);
#17700=ORIENTED_EDGE('',*,*,#847,.F.);
#17701=EDGE_LOOP('',(#17691,#17692,#17698,#17699,#17700));
#17702=FACE_BOUND('',#17701,.T.);
#17703=ADVANCED_FACE('',(#17702),#17690,.T.);
#17704=CARTESIAN_POINT('',(57.131697381,49.560114263,-3.292068223));
#17705=DIRECTION('',(0.707106781,-0.701836114,0.086174639));
#17706=DIRECTION('',(-0.,0.121869343,0.992546152));
#17707=AXIS2_PLACEMENT_3D('',#17704,#17705,#17706);
#17708=PLANE('',#17707);
#17709=ORIENTED_EDGE('',*,*,#17680,.T.);
#17710=ORIENTED_EDGE('',*,*,#894,.F.);
#17711=ORIENTED_EDGE('',*,*,#17697,.T.);
#17712=ORIENTED_EDGE('',*,*,#407,.F.);
#17713=EDGE_LOOP('',(#17709,#17710,#17711,#17712));
#17714=FACE_BOUND('',#17713,.T.);
#17715=ADVANCED_FACE('',(#17714),#17708,.T.);
#17716=CARTESIAN_POINT('',(-43.901116524,-3.210781038,5.870075373));
#17717=DIRECTION('',(-0.707106781,0.707106781,0.));
#17718=DIRECTION('',(0.,0.,1.));
#17719=AXIS2_PLACEMENT_3D('',#17716,#17717,#17718);
#17720=PLANE('',#17719);
#17721=ORIENTED_EDGE('',*,*,#5562,.F.);
#17722=CARTESIAN_POINT('',(-43.676421356,-2.986085871,7.228654017));
#17723=VERTEX_POINT('',#17722);
#17724=CARTESIAN_POINT('',(-43.735,-3.044664515,7.370075373));
#17725=DIRECTION('',(0.357406744,0.357406744,-0.862856209));
#17726=VECTOR('',#17725,0.1638991);
#17727=LINE('',#17724,#17726);
#17728=EDGE_CURVE('',#5549,#17723,#17727,.T.);
#17729=ORIENTED_EDGE('',*,*,#17728,.T.);
#17730=CARTESIAN_POINT('',(-43.676421356,-2.986085871,7.228654017));
#17731=DIRECTION('',(-0.577350269,-0.577350269,-0.577350269));
#17732=VECTOR('',#17731,3.219152641);
#17733=LINE('',#17730,#17732);
#17734=EDGE_CURVE('',#17723,#179,#17733,.T.);
#17735=ORIENTED_EDGE('',*,*,#17734,.T.);
#17736=ORIENTED_EDGE('',*,*,#184,.F.);
#17737=ORIENTED_EDGE('',*,*,#5734,.T.);
#17738=EDGE_LOOP('',(#17721,#17729,#17735,#17736,#17737));
#17739=FACE_BOUND('',#17738,.T.);
#17740=ADVANCED_FACE('',(#17739),#17720,.T.);
#17741=CARTESIAN_POINT('',(14.331116524,-3.210781038,5.870075373));
#17742=DIRECTION('',(0.707106781,0.707106781,0.));
#17743=DIRECTION('',(0.,0.,-1.));
#17744=AXIS2_PLACEMENT_3D('',#17741,#17742,#17743);
#17745=PLANE('',#17744);
#17746=CARTESIAN_POINT('',(14.106421356,-2.986085871,7.228654017));
#17747=VERTEX_POINT('',#17746);
#17748=CARTESIAN_POINT('',(15.965,-4.844664515,5.370075373));
#17749=DIRECTION('',(-0.577350269,0.577350269,0.577350269));
#17750=VECTOR('',#17749,3.219152641);
#17751=LINE('',#17748,#17750);
#17752=EDGE_CURVE('',#187,#17747,#17751,.T.);
#17753=ORIENTED_EDGE('',*,*,#17752,.T.);
#17754=CARTESIAN_POINT('',(14.106421356,-2.986085871,7.228654017));
#17755=DIRECTION('',(0.357406744,-0.357406744,0.862856209));
#17756=VECTOR('',#17755,0.1638991);
#17757=LINE('',#17754,#17756);
#17758=EDGE_CURVE('',#17747,#5541,#17757,.T.);
#17759=ORIENTED_EDGE('',*,*,#17758,.T.);
#17760=ORIENTED_EDGE('',*,*,#5546,.T.);
#17761=ORIENTED_EDGE('',*,*,#68,.F.);
#17762=ORIENTED_EDGE('',*,*,#198,.F.);
#17763=EDGE_LOOP('',(#17753,#17759,#17760,#17761,#17762));
#17764=FACE_BOUND('',#17763,.T.);
#17765=ADVANCED_FACE('',(#17764),#17745,.T.);
#17766=CARTESIAN_POINT('',(0.215,-4.844664515,5.370075373));
#17767=DIRECTION('',(-0.,-0.707106781,0.707106781));
#17768=DIRECTION('',(1.,0.,0.));
#17769=AXIS2_PLACEMENT_3D('',#17766,#17767,#17768);
#17770=PLANE('',#17769);
#17771=ORIENTED_EDGE('',*,*,#17734,.F.);
#17772=CARTESIAN_POINT('',(-43.676421356,-2.986085871,7.228654017));
#17773=DIRECTION('',(1.,-0.,-0.));
#17774=VECTOR('',#17773,57.782842712);
#17775=LINE('',#17772,#17774);
#17776=EDGE_CURVE('',#17723,#17747,#17775,.T.);
#17777=ORIENTED_EDGE('',*,*,#17776,.T.);
#17778=ORIENTED_EDGE('',*,*,#17752,.F.);
#17779=ORIENTED_EDGE('',*,*,#192,.F.);
#17780=EDGE_LOOP('',(#17771,#17777,#17778,#17779));
#17781=FACE_BOUND('',#17780,.T.);
#17782=ADVANCED_FACE('',(#17781),#17770,.F.);
#17783=CARTESIAN_POINT('',(-0.5,-3.044664515,7.370075373));
#17784=DIRECTION('',(0.,0.923879533,0.382683432));
#17785=DIRECTION('',(1.,-0.,0.));
#17786=AXIS2_PLACEMENT_3D('',#17783,#17784,#17785);
#17787=PLANE('',#17786);
#17788=ORIENTED_EDGE('',*,*,#17758,.F.);
#17789=ORIENTED_EDGE('',*,*,#17776,.F.);
#17790=ORIENTED_EDGE('',*,*,#17728,.F.);
#17791=ORIENTED_EDGE('',*,*,#5554,.F.);
#17792=EDGE_LOOP('',(#17788,#17789,#17790,#17791));
#17793=FACE_BOUND('',#17792,.T.);
#17794=ADVANCED_FACE('',(#17793),#17787,.T.);
#17795=CARTESIAN_POINT('',(63.925,-4.595070105,3.932080274));
#17796=DIRECTION('',(0.,0.707106781,0.707106781));
#17797=DIRECTION('',(-1.,0.,0.));
#17798=AXIS2_PLACEMENT_3D('',#17795,#17796,#17797);
#17799=PLANE('',#17798);
#17800=ORIENTED_EDGE('',*,*,#164,.T.);
#17801=CARTESIAN_POINT('',(55.207842712,-6.936491461,6.27350163));
#17802=VERTEX_POINT('',#17801);
#17803=CARTESIAN_POINT('',(53.116015766,-4.844664515,4.181674684));
#17804=DIRECTION('',(0.577350269,-0.577350269,0.577350269));
#17805=VECTOR('',#17804,3.623150551);
#17806=LINE('',#17803,#17805);
#17807=EDGE_CURVE('',#153,#17802,#17806,.T.);
#17808=ORIENTED_EDGE('',*,*,#17807,.T.);
#17809=CARTESIAN_POINT('',(72.642157288,-6.936491461,6.27350163));
#17810=VERTEX_POINT('',#17809);
#17811=CARTESIAN_POINT('',(55.207842712,-6.936491461,6.27350163));
#17812=DIRECTION('',(1.,-0.,-0.));
#17813=VECTOR('',#17812,17.434314575);
#17814=LINE('',#17811,#17813);
#17815=EDGE_CURVE('',#17802,#17810,#17814,.T.);
#17816=ORIENTED_EDGE('',*,*,#17815,.T.);
#17817=CARTESIAN_POINT('',(72.642157288,-6.936491461,6.27350163));
#17818=DIRECTION('',(0.577350269,0.577350269,-0.577350269));
#17819=VECTOR('',#17818,3.623150551);
#17820=LINE('',#17817,#17819);
#17821=EDGE_CURVE('',#17810,#137,#17820,.T.);
#17822=ORIENTED_EDGE('',*,*,#17821,.T.);
#17823=EDGE_LOOP('',(#17800,#17808,#17816,#17822));
#17824=FACE_BOUND('',#17823,.T.);
#17825=ADVANCED_FACE('',(#17824),#17799,.T.);
#17826=CARTESIAN_POINT('',(54.432106781,-6.16075553,5.07350163));
#17827=DIRECTION('',(-0.707106781,-0.707106781,0.));
#17828=DIRECTION('',(0.,0.,1.));
#17829=AXIS2_PLACEMENT_3D('',#17826,#17827,#17828);
#17830=PLANE('',#17829);
#17831=ORIENTED_EDGE('',*,*,#158,.T.);
#17832=CARTESIAN_POINT('',(55.207842712,-6.936491461,6.27350163));
#17833=DIRECTION('',(-0.707106781,0.707106781,0.));
#17834=VECTOR('',#17833,2.958290037);
#17835=LINE('',#17832,#17834);
#17836=EDGE_CURVE('',#17802,#145,#17835,.T.);
#17837=ORIENTED_EDGE('',*,*,#17836,.F.);
#17838=ORIENTED_EDGE('',*,*,#17807,.F.);
#17839=EDGE_LOOP('',(#17831,#17837,#17838));
#17840=FACE_BOUND('',#17839,.T.);
#17841=ADVANCED_FACE('',(#17840),#17830,.F.);
#17842=CARTESIAN_POINT('',(63.925,-6.453648749,6.27350163));
#17843=DIRECTION('',(0.,0.,1.));
#17844=DIRECTION('',(1.,0.,0.));
#17845=AXIS2_PLACEMENT_3D('',#17842,#17843,#17844);
#17846=PLANE('',#17845);
#17847=ORIENTED_EDGE('',*,*,#150,.T.);
#17848=CARTESIAN_POINT('',(72.642157288,-6.936491461,6.27350163));
#17849=DIRECTION('',(0.707106781,0.707106781,0.));
#17850=VECTOR('',#17849,2.958290037);
#17851=LINE('',#17848,#17850);
#17852=EDGE_CURVE('',#17810,#135,#17851,.T.);
#17853=ORIENTED_EDGE('',*,*,#17852,.F.);
#17854=ORIENTED_EDGE('',*,*,#17815,.F.);
#17855=ORIENTED_EDGE('',*,*,#17836,.T.);
#17856=EDGE_LOOP('',(#17847,#17853,#17854,#17855));
#17857=FACE_BOUND('',#17856,.T.);
#17858=ADVANCED_FACE('',(#17857),#17846,.F.);
#17859=CARTESIAN_POINT('',(73.417893219,-6.16075553,5.07350163));
#17860=DIRECTION('',(0.707106781,-0.707106781,0.));
#17861=DIRECTION('',(0.,0.,-1.));
#17862=AXIS2_PLACEMENT_3D('',#17859,#17860,#17861);
#17863=PLANE('',#17862);
#17864=ORIENTED_EDGE('',*,*,#142,.T.);
#17865=ORIENTED_EDGE('',*,*,#17821,.F.);
#17866=ORIENTED_EDGE('',*,*,#17852,.T.);
#17867=EDGE_LOOP('',(#17864,#17865,#17866));
#17868=FACE_BOUND('',#17867,.T.);
#17869=ADVANCED_FACE('',(#17868),#17863,.F.);
#17870=CARTESIAN_POINT('',(-53.932106781,-6.16075553,4.87350163));
#17871=DIRECTION('',(0.707106781,-0.707106781,0.));
#17872=DIRECTION('',(0.,0.,-1.));
#17873=AXIS2_PLACEMENT_3D('',#17870,#17871,#17872);
#17874=PLANE('',#17873);
#17875=ORIENTED_EDGE('',*,*,#108,.T.);
#17876=CARTESIAN_POINT('',(-54.625,-6.853648749,6.07350163));
#17877=VERTEX_POINT('',#17876);
#17878=CARTESIAN_POINT('',(-54.625,-6.853648749,6.07350163));
#17879=DIRECTION('',(0.577350269,0.577350269,-0.577350269));
#17880=VECTOR('',#17879,3.479662764);
#17881=LINE('',#17878,#17880);
#17882=EDGE_CURVE('',#17877,#103,#17881,.T.);
#17883=ORIENTED_EDGE('',*,*,#17882,.F.);
#17884=CARTESIAN_POINT('',(-54.625,-6.853648749,6.07350163));
#17885=DIRECTION('',(0.707106781,0.707106781,0.));
#17886=VECTOR('',#17885,2.84113275);
#17887=LINE('',#17884,#17886);
#17888=EDGE_CURVE('',#17877,#101,#17887,.T.);
#17889=ORIENTED_EDGE('',*,*,#17888,.T.);
#17890=EDGE_LOOP('',(#17875,#17883,#17889));
#17891=FACE_BOUND('',#17890,.T.);
#17892=ADVANCED_FACE('',(#17891),#17874,.F.);
#17893=CARTESIAN_POINT('',(-63.425,-6.453648749,6.07350163));
#17894=DIRECTION('',(0.,0.,1.));
#17895=DIRECTION('',(1.,0.,0.));
#17896=AXIS2_PLACEMENT_3D('',#17893,#17894,#17895);
#17897=PLANE('',#17896);
#17898=ORIENTED_EDGE('',*,*,#116,.T.);
#17899=ORIENTED_EDGE('',*,*,#17888,.F.);
#17900=CARTESIAN_POINT('',(-72.225,-6.853648749,6.07350163));
#17901=VERTEX_POINT('',#17900);
#17902=CARTESIAN_POINT('',(-72.225,-6.853648749,6.07350163));
#17903=DIRECTION('',(1.,-0.,-0.));
#17904=VECTOR('',#17903,17.6);
#17905=LINE('',#17902,#17904);
#17906=EDGE_CURVE('',#17901,#17877,#17905,.T.);
#17907=ORIENTED_EDGE('',*,*,#17906,.F.);
#17908=CARTESIAN_POINT('',(-72.225,-6.853648749,6.07350163));
#17909=DIRECTION('',(-0.707106781,0.707106781,0.));
#17910=VECTOR('',#17909,2.84113275);
#17911=LINE('',#17908,#17910);
#17912=EDGE_CURVE('',#17901,#111,#17911,.T.);
#17913=ORIENTED_EDGE('',*,*,#17912,.T.);
#17914=EDGE_LOOP('',(#17898,#17899,#17907,#17913));
#17915=FACE_BOUND('',#17914,.T.);
#17916=ADVANCED_FACE('',(#17915),#17897,.F.);
#17917=CARTESIAN_POINT('',(-72.917893219,-6.16075553,4.87350163));
#17918=DIRECTION('',(-0.707106781,-0.707106781,0.));
#17919=DIRECTION('',(0.,0.,1.));
#17920=AXIS2_PLACEMENT_3D('',#17917,#17918,#17919);
#17921=PLANE('',#17920);
#17922=ORIENTED_EDGE('',*,*,#124,.T.);
#17923=ORIENTED_EDGE('',*,*,#17912,.F.);
#17924=CARTESIAN_POINT('',(-74.233984234,-4.844664515,4.064517396));
#17925=DIRECTION('',(0.577350269,-0.577350269,0.577350269));
#17926=VECTOR('',#17925,3.479662764);
#17927=LINE('',#17924,#17926);
#17928=EDGE_CURVE('',#119,#17901,#17927,.T.);
#17929=ORIENTED_EDGE('',*,*,#17928,.F.);
#17930=EDGE_LOOP('',(#17922,#17923,#17929));
#17931=FACE_BOUND('',#17930,.T.);
#17932=ADVANCED_FACE('',(#17931),#17921,.F.);
#17933=CARTESIAN_POINT('',(-63.425,-4.653648749,3.87350163));
#17934=DIRECTION('',(0.,0.707106781,0.707106781));
#17935=DIRECTION('',(-1.,0.,0.));
#17936=AXIS2_PLACEMENT_3D('',#17933,#17934,#17935);
#17937=PLANE('',#17936);
#17938=ORIENTED_EDGE('',*,*,#130,.T.);
#17939=ORIENTED_EDGE('',*,*,#17928,.T.);
#17940=ORIENTED_EDGE('',*,*,#17906,.T.);
#17941=ORIENTED_EDGE('',*,*,#17882,.T.);
#17942=EDGE_LOOP('',(#17938,#17939,#17940,#17941));
#17943=FACE_BOUND('',#17942,.T.);
#17944=ADVANCED_FACE('',(#17943),#17937,.T.);
#17945=CARTESIAN_POINT('',(-86.657613122,-1.201108413,0.85642622));
#17946=DIRECTION('',(-0.707106781,-0.086174639,-0.701836115));
#17947=DIRECTION('',(0.,0.992546152,-0.121869343));
#17948=AXIS2_PLACEMENT_3D('',#17945,#17946,#17947);
#17949=PLANE('',#17948);
#17950=ORIENTED_EDGE('',*,*,#3787,.F.);
#17951=CARTESIAN_POINT('',(-86.157613121,-11.082525812,1.565956798));
#17952=DIRECTION('',(-0.430645809,0.83972141,0.33077506));
#17953=VECTOR('',#17952,1.161046945);
#17954=LINE('',#17951,#17953);
#17955=EDGE_CURVE('',#3774,#4293,#17954,.T.);
#17956=ORIENTED_EDGE('',*,*,#17955,.T.);
#17957=ORIENTED_EDGE('',*,*,#4298,.F.);
#17958=ORIENTED_EDGE('',*,*,#6533,.F.);
#17959=EDGE_LOOP('',(#17950,#17956,#17957,#17958));
#17960=FACE_BOUND('',#17959,.T.);
#17961=ADVANCED_FACE('',(#17960),#17949,.T.);
#17962=CARTESIAN_POINT('',(-86.157613122,-23.094626304,-12.749507111));
#17963=DIRECTION('',(0.707106781,0.54167522,-0.454519478));
#17964=DIRECTION('',(-0.,-0.64278761,-0.766044443));
#17965=AXIS2_PLACEMENT_3D('',#17962,#17963,#17964);
#17966=PLANE('',#17965);
#17967=ORIENTED_EDGE('',*,*,#5041,.F.);
#17968=ORIENTED_EDGE('',*,*,#4306,.F.);
#17969=ORIENTED_EDGE('',*,*,#17955,.F.);
#17970=ORIENTED_EDGE('',*,*,#5780,.F.);
#17971=EDGE_LOOP('',(#17967,#17968,#17969,#17970));
#17972=FACE_BOUND('',#17971,.T.);
#17973=ADVANCED_FACE('',(#17972),#17966,.F.);
#17974=CARTESIAN_POINT('',(-42.2803,50.170832916,13.970096904));
#17975=DIRECTION('',(-0.,-1.,0.));
#17976=DIRECTION('',(0.,-0.,-1.));
#17977=AXIS2_PLACEMENT_3D('',#17974,#17975,#17976);
#17978=CYLINDRICAL_SURFACE('',#17977,1.);
#17979=ORIENTED_EDGE('',*,*,#2820,.F.);
#17980=ORIENTED_EDGE('',*,*,#6632,.F.);
#17981=ORIENTED_EDGE('',*,*,#1191,.F.);
#17982=ORIENTED_EDGE('',*,*,#4603,.F.);
#17983=EDGE_LOOP('',(#17979,#17980,#17981,#17982));
#17984=FACE_BOUND('',#17983,.T.);
#17985=ADVANCED_FACE('',(#17984),#17978,.F.);
#17986=CARTESIAN_POINT('',(-51.931,-0.193937285,13.970096917));
#17987=DIRECTION('',(0.,-1.,0.));
#17988=DIRECTION('',(0.,-0.,-1.));
#17989=AXIS2_PLACEMENT_3D('',#17986,#17987,#17988);
#17990=CYLINDRICAL_SURFACE('',#17989,1.);
#17991=ORIENTED_EDGE('',*,*,#2803,.F.);
#17992=ORIENTED_EDGE('',*,*,#6610,.F.);
#17993=ORIENTED_EDGE('',*,*,#1208,.F.);
#17994=ORIENTED_EDGE('',*,*,#6639,.F.);
#17995=EDGE_LOOP('',(#17991,#17992,#17993,#17994));
#17996=FACE_BOUND('',#17995,.T.);
#17997=ADVANCED_FACE('',(#17996),#17990,.F.);
#17998=CARTESIAN_POINT('',(42.969,-0.193937285,13.970096917));
#17999=DIRECTION('',(-0.,-1.,0.));
#18000=DIRECTION('',(0.,-0.,-1.));
#18001=AXIS2_PLACEMENT_3D('',#17998,#17999,#18000);
#18002=CYLINDRICAL_SURFACE('',#18001,1.);
#18003=ORIENTED_EDGE('',*,*,#2673,.F.);
#18004=ORIENTED_EDGE('',*,*,#6654,.F.);
#18005=ORIENTED_EDGE('',*,*,#1142,.F.);
#18006=ORIENTED_EDGE('',*,*,#6676,.F.);
#18007=EDGE_LOOP('',(#18003,#18004,#18005,#18006));
#18008=FACE_BOUND('',#18007,.T.);
#18009=ADVANCED_FACE('',(#18008),#18002,.F.);
#18010=CARTESIAN_POINT('',(52.6197,50.144010826,13.970096904));
#18011=DIRECTION('',(-0.,-1.,0.));
#18012=DIRECTION('',(0.,-0.,-1.));
#18013=AXIS2_PLACEMENT_3D('',#18010,#18011,#18012);
#18014=CYLINDRICAL_SURFACE('',#18013,1.);
#18015=ORIENTED_EDGE('',*,*,#2690,.F.);
#18016=ORIENTED_EDGE('',*,*,#6683,.F.);
#18017=ORIENTED_EDGE('',*,*,#1125,.F.);
#18018=ORIENTED_EDGE('',*,*,#4541,.F.);
#18019=EDGE_LOOP('',(#18015,#18016,#18017,#18018));
#18020=FACE_BOUND('',#18019,.T.);
#18021=ADVANCED_FACE('',(#18020),#18014,.F.);
#18022=CLOSED_SHELL('',(#94,#225,#281,#337,#385,#457,#504,#551,#740,#787,#826,#873,#911,#942,#973,#1352,#2908,#3913,#3950,#4096,#4170,#4244,#4284,#4396,#4508,#4530,
#4552,#4592,#4614,#4709,#4740,#4762,#4784,#4815,#4892,#4914,#4933,#4965,#5028,#5130,#5193,#5232,#5262,#5316,#5363,#5419,#5449,#5510,#5534,#5611,#5634,
#5658,#5682,#5699,#5723,#5745,#5757,#5769,#5791,#5814,#5831,#5848,#5866,#5883,#5901,#5918,#5940,#5956,#5968,#5985,#5997,#6014,#6032,#6049,#6066,#6082,
#6099,#6123,#6147,#6171,#6195,#6221,#6233,#6245,#6276,#6293,#6317,#6341,#6367,#6379,#6391,#6414,#6426,#6438,#6478,#6500,#6522,#6539,#6551,#6563,#6575,
#6587,#6599,#6621,#6643,#6665,#6687,#6701,#6715,#6729,#6743,#6774,#6803,#6827,#6851,#6875,#6899,#6923,#6963,#7000,#7031,#7062,#7093,#7121,#7143,#7167,
#7181,#7212,#7236,#7265,#7289,#7318,#7342,#7366,#7390,#7419,#7443,#7472,#7496,#7520,#7544,#7568,#7597,#7621,#7650,#7674,#7698,#7727,#7751,#7780,#7804,
#7821,#7854,#7885,#7909,#7933,#7957,#7981,#8005,#8029,#8053,#8077,#8094,#8112,#8148,#8172,#8201,#8225,#8249,#8273,#8297,#8321,#8345,#8369,#8393,#8433,
#8470,#8501,#8532,#8563,#8591,#8608,#8636,#8650,#8681,#8710,#8734,#8763,#8787,#8816,#8840,#8880,#8917,#8948,#8985,#9016,#9053,#9084,#9112,#9134,#9160,
#9176,#9207,#9231,#9260,#9284,#9313,#9337,#9366,#9390,#9414,#9438,#9462,#9491,#9531,#9568,#9599,#9630,#9661,#9689,#9706,#9735,#9749,#9780,#9804,#9828,
#9852,#9876,#9900,#9924,#9948,#9972,#9996,#10020,#10037,#10057,#10088,#10112,#10141,#10165,#10189,#10213,#10237,#10266,#10290,#10319,#10343,#10372,#10396,#10442,#10473,
#10510,#10541,#10572,#10609,#10631,#10653,#10684,#10699,#10730,#10761,#10792,#10823,#10847,#10878,#10902,#10952,#10964,#10976,#10988,#11000,#11012,#11034,#11051,#11068,#11085,
#11102,#11119,#11136,#11148,#11172,#11196,#11220,#11244,#11266,#11283,#11300,#11317,#11334,#11351,#11368,#11380,#11403,#11426,#11443,#11455,#11478,#11501,#11518,#11530,#11552,
#11569,#11586,#11603,#11620,#11637,#11654,#11666,#11697,#11728,#11770,#11801,#11832,#11874,#11891,#11903,#11920,#11932,#11949,#11961,#11978,#11990,#12021,#12045,#12069,#12093,
#12117,#12141,#12165,#12189,#12213,#12230,#12248,#12294,#12451,#12482,#12610,#12634,#12658,#12682,#12706,#12730,#12754,#12778,#12802,#12826,#12843,#12865,#12890,#12901,#12982,
#13006,#13030,#13054,#13078,#13116,#13154,#13183,#13207,#13263,#13287,#13311,#13335,#13359,#13406,#13435,#13452,#13477,#13549,#13616,#13626,#13666,#13738,#13848,#13872,#13928,
#13952,#13976,#14014,#14036,#14100,#14120,#14130,#14161,#14185,#14209,#14233,#14257,#14281,#14319,#14343,#14367,#14391,#14415,#14439,#14463,#14487,#14511,#14535,#14559,#14583,
#14630,#14647,#14675,#14706,#14730,#14754,#14778,#14802,#14826,#14850,#14888,#14912,#14936,#14960,#14984,#15008,#15032,#15056,#15080,#15104,#15128,#15152,#15190,#15212,#15241,
#15287,#15444,#15475,#15499,#15523,#15547,#15571,#15595,#15619,#15643,#15667,#15788,#15810,#15833,#15844,#15925,#16010,#16020,#16102,#16172,#16209,#16246,#16343,#16374,#16403,
#16468,#16492,#16516,#16540,#16605,#16643,#16667,#16705,#16743,#16862,#16886,#16915,#16937,#16959,#17023,#17057,#17070,#17080,#17110,#17182,#17222,#17260,#17307,#17330,#17348,
#17366,#17383,#17397,#17413,#17427,#17450,#17467,#17486,#17505,#17523,#17540,#17557,#17571,#17593,#17612,#17630,#17647,#17666,#17685,#17703,#17715,#17740,#17765,#17782,#17794,
#17825,#17841,#17858,#17869,#17892,#17916,#17932,#17944,#17961,#17973,#17985,#17997,#18009,#18021));
#18023=MANIFOLD_SOLID_BREP('inner_case_damp',#18022);
#18024=COLOUR_RGB('',0.517647088,0.800000012,1.);
#18025=FILL_AREA_STYLE_COLOUR('',#18024);
#18026=FILL_AREA_STYLE('',(#18025));
#18027=SURFACE_STYLE_FILL_AREA(#18026);
#18028=SURFACE_SIDE_STYLE('',(#18027));
#18029=SURFACE_STYLE_USAGE(.BOTH.,#18028);
#18030=PRESENTATION_STYLE_ASSIGNMENT((#18029));
#54=STYLED_ITEM('',(#18030),#18023);
#35=SHAPE_REPRESENTATION('main_frame',(#15),#33);
#36=ADVANCED_BREP_SHAPE_REPRESENTATION('main_frame',(#18023),#33);
#18038=SHAPE_REPRESENTATION_RELATIONSHIP('','',#35,#36);
#18039=CARTESIAN_POINT('',(0.,0.,0.));
#18040=DIRECTION('',(0.,0.,1.));
#18041=DIRECTION('',(1.,0.,0.));
#18042=AXIS2_PLACEMENT_3D('',#18039,#18040,#18041);
#18044=MAPPED_ITEM('',#18043,#18042);
#18043=REPRESENTATION_MAP(#18042,#35);
#18045=APPLICATION_CONTEXT('Managed model based 3d engineering');
#18046=APPLICATION_PROTOCOL_DEFINITION('international standard','ap242_managed_model_based_3d_engineering',2014,#18045);
#18047=PRODUCT_CONTEXT('',#18045,'mechanical');
#18048=PRODUCT_DEFINITION_CONTEXT('part definition',#18045,'design');
#43=PRODUCT('main_frame','main_frame','',(#18047));
#18049=PRODUCT_RELATED_PRODUCT_CATEGORY('part','',(#43));
#18050=PRODUCT_DEFINITION_FORMATION_WITH_SPECIFIED_SOURCE('','',#43,.NOT_KNOWN.);
#44=PRODUCT_DEFINITION('design','',#18050,#18048);
#42=PRODUCT_DEFINITION_SHAPE('','',#44);
#18051=SHAPE_DEFINITION_REPRESENTATION(#42,#35);
#34=DRAUGHTING_MODEL('',(#18044),#33);
#16=SHAPE_REPRESENTATION('root',(#15,#48),#10);
#18052=CARTESIAN_POINT('',(0.,0.,0.));
#18053=DIRECTION('',(0.,0.,1.));
#18054=DIRECTION('',(1.,0.,0.));
#18055=AXIS2_PLACEMENT_3D('',#18052,#18053,#18054);
#18057=MAPPED_ITEM('',#18056,#18055);
#18056=REPRESENTATION_MAP(#18055,#16);
#24=PRODUCT('root','root','',(#18047));
#18058=PRODUCT_RELATED_PRODUCT_CATEGORY('part','',(#24));
#18059=PRODUCT_DEFINITION_FORMATION_WITH_SPECIFIED_SOURCE('','',#24,.NOT_KNOWN.);
#25=PRODUCT_DEFINITION('design','',#18059,#18048);
#23=PRODUCT_DEFINITION_SHAPE('','',#25);
#18060=SHAPE_DEFINITION_REPRESENTATION(#23,#16);
#11=DRAUGHTING_MODEL('',(#18057),#10);
#18061=DESCRIPTIVE_REPRESENTATION_ITEM('KEY','C:\\Users\\13271\\AppData\\Local\\Packages\\Shapr3D.Shapr3D_j403pzjkqtqbj\\TempState\\70a46af3-f2be-4883-a502-d397c7825da0.tmp');
#18062=PROPERTY_DEFINITION('KEY','',#25);
#18063=REPRESENTATION('',(#18061),#10);
#18064=PROPERTY_DEFINITION_REPRESENTATION(#18062,#18063);
#18065=GENERAL_PROPERTY('','KEY','');
#18066=GENERAL_PROPERTY_ASSOCIATION('','',#18065,#18062);
#1=MECHANICAL_DESIGN_GEOMETRIC_PRESENTATION_REPRESENTATION('',(#54),#10);
ENDSEC;
END-ISO-10303-21;
