ISO-10303-21;
HEADER;

/* File generated by Shapr3D Version 5.980.9717.0 */

FILE_DESCRIPTION(('HOOPS Exchange Step'),'2;1');

FILE_NAME('C:\\Users\\13271\\AppData\\Local\\Packages\\Shapr3D.Shapr3D_j403pzjkqtqbj\\TempState\\export\\temp_export',
'2025-11-02T22:30:26+08:00',
('13271'),
('Shapr3D Limited'),
'HOOPS Exchange 2025.5',
'Shapr3D',
'Authorized');

FILE_SCHEMA( ('AP242_MANAGED_MODEL_BASED_3D_ENGINEERING_MIM_LF {1 0 10303 442 1 1 4}') );

ENDSEC;

DATA;
#3=(NAMED_UNIT(*)PLANE_ANGLE_UNIT()SI_UNIT($,.RADIAN.));
#4=PLANE_ANGLE_MEASURE_WITH_UNIT(PLANE_ANGLE_MEASURE(0.0174532925),#3);
#5=(CONVERSION_BASED_UNIT('DEGREE',#4)NAMED_UNIT(#6)PLANE_ANGLE_UNIT());
#6=DIMENSIONAL_EXPONENTS(0.,0.,0.,0.,0.,0.,0.);
#7=(NAMED_UNIT(*)SI_UNIT($,.STERADIAN.)SOLID_ANGLE_UNIT());
#8=(LENGTH_UNIT()NAMED_UNIT(*)SI_UNIT(.MILLI.,.METRE.));
#9=UNCERTAINTY_MEASURE_WITH_UNIT(LENGTH_MEASURE(1.000000E-03),#8,'DISTANCE_ACCURACY_VALUE','Maximum Tolerance applied to model');
#10=(GEOMETRIC_REPRESENTATION_CONTEXT(3)GLOBAL_UNCERTAINTY_ASSIGNED_CONTEXT((#9))GLOBAL_UNIT_ASSIGNED_CONTEXT((#8,#5,#7))REPRESENTATION_CONTEXT('','root'));
#12=CARTESIAN_POINT('',(0.,0.,0.));
#13=DIRECTION('',(0.,0.,1.));
#14=DIRECTION('',(1.,0.,0.));
#15=AXIS2_PLACEMENT_3D('',#12,#13,#14);
#26=(NAMED_UNIT(*)PLANE_ANGLE_UNIT()SI_UNIT($,.RADIAN.));
#27=PLANE_ANGLE_MEASURE_WITH_UNIT(PLANE_ANGLE_MEASURE(0.0174532925),#26);
#28=(CONVERSION_BASED_UNIT('DEGREE',#27)NAMED_UNIT(#29)PLANE_ANGLE_UNIT());
#29=DIMENSIONAL_EXPONENTS(0.,0.,0.,0.,0.,0.,0.);
#30=(NAMED_UNIT(*)SI_UNIT($,.STERADIAN.)SOLID_ANGLE_UNIT());
#31=(LENGTH_UNIT()NAMED_UNIT(*)SI_UNIT(.MILLI.,.METRE.));
#32=UNCERTAINTY_MEASURE_WITH_UNIT(LENGTH_MEASURE(1.000000E-03),#31,'DISTANCE_ACCURACY_VALUE','Maximum Tolerance applied to model');
#33=(GEOMETRIC_REPRESENTATION_CONTEXT(3)GLOBAL_UNCERTAINTY_ASSIGNED_CONTEXT((#32))GLOBAL_UNIT_ASSIGNED_CONTEXT((#31,#28,#30))REPRESENTATION_CONTEXT('','main_frame'));
#45=CARTESIAN_POINT('',(0.,0.,0.));
#46=DIRECTION('',(0.,0.,1.));
#47=DIRECTION('',(1.,0.,-0.));
#48=AXIS2_PLACEMENT_3D('',#45,#46,#47);
#49=ITEM_DEFINED_TRANSFORMATION('','',#48,#15);
#50=(REPRESENTATION_RELATIONSHIP('','',#35,#16)REPRESENTATION_RELATIONSHIP_WITH_TRANSFORMATION(#49)SHAPE_REPRESENTATION_RELATIONSHIP());
#51=NEXT_ASSEMBLY_USAGE_OCCURRENCE('main_frame_1','main_frame','main_frame',#25,#44,$);
#52=PRODUCT_DEFINITION_SHAPE('','',#51);
#53=CONTEXT_DEPENDENT_SHAPE_REPRESENTATION(#50,#52);
#54=(NAMED_UNIT(*)PLANE_ANGLE_UNIT()SI_UNIT($,.RADIAN.));
#55=PLANE_ANGLE_MEASURE_WITH_UNIT(PLANE_ANGLE_MEASURE(0.0174532925),#54);
#56=(CONVERSION_BASED_UNIT('DEGREE',#55)NAMED_UNIT(#57)PLANE_ANGLE_UNIT());
#57=DIMENSIONAL_EXPONENTS(0.,0.,0.,0.,0.,0.,0.);
#58=(NAMED_UNIT(*)SI_UNIT($,.STERADIAN.)SOLID_ANGLE_UNIT());
#59=(LENGTH_UNIT()NAMED_UNIT(*)SI_UNIT(.MILLI.,.METRE.));
#60=UNCERTAINTY_MEASURE_WITH_UNIT(LENGTH_MEASURE(1.000000E-05),#59,'DISTANCE_ACCURACY_VALUE','Maximum Tolerance applied to model');
#61=(GEOMETRIC_REPRESENTATION_CONTEXT(3)GLOBAL_UNCERTAINTY_ASSIGNED_CONTEXT((#60))GLOBAL_UNIT_ASSIGNED_CONTEXT((#59,#56,#58))REPRESENTATION_CONTEXT('','magnet_drawer'));
#73=CARTESIAN_POINT('',(0.,0.,0.));
#74=DIRECTION('',(0.,0.,1.));
#75=DIRECTION('',(1.,0.,-0.));
#76=AXIS2_PLACEMENT_3D('',#73,#74,#75);
#77=ITEM_DEFINED_TRANSFORMATION('','',#76,#15);
#78=(REPRESENTATION_RELATIONSHIP('','',#63,#35)REPRESENTATION_RELATIONSHIP_WITH_TRANSFORMATION(#77)SHAPE_REPRESENTATION_RELATIONSHIP());
#79=NEXT_ASSEMBLY_USAGE_OCCURRENCE('magnet_drawer_2','magnet_drawer','magnet_drawer',#44,#72,$);
#80=PRODUCT_DEFINITION_SHAPE('','',#79);
#81=CONTEXT_DEPENDENT_SHAPE_REPRESENTATION(#78,#80);
#83=CARTESIAN_POINT('',(0.430585992,-3.544859958,8.860750721));
#84=DIRECTION('',(0.,-0.,1.));
#85=DIRECTION('',(1.,-0.,-0.));
#86=AXIS2_PLACEMENT_3D('',#83,#84,#85);
#87=PLANE('',#86);
#88=CARTESIAN_POINT('',(-5.784707004,46.573603923,8.860750721));
#89=VERTEX_POINT('',#88);
#90=CARTESIAN_POINT('',(-5.784707004,51.973603923,8.860750721));
#91=VERTEX_POINT('',#90);
#92=CARTESIAN_POINT('',(-5.784707004,46.573603923,8.860750721));
#93=DIRECTION('',(0.,1.,0.));
#94=VECTOR('',#93,5.4);
#95=LINE('',#92,#94);
#96=EDGE_CURVE('',#89,#91,#95,.T.);
#97=ORIENTED_EDGE('',*,*,#96,.T.);
#98=CARTESIAN_POINT('',(6.215292996,51.973603923,8.860750721));
#99=VERTEX_POINT('',#98);
#100=CARTESIAN_POINT('',(-5.784707004,51.973603923,8.860750721));
#101=DIRECTION('',(1.,-0.,-0.));
#102=VECTOR('',#101,12.);
#103=LINE('',#100,#102);
#104=EDGE_CURVE('',#91,#99,#103,.T.);
#105=ORIENTED_EDGE('',*,*,#104,.T.);
#106=CARTESIAN_POINT('',(6.215292996,46.573603923,8.860750721));
#107=VERTEX_POINT('',#106);
#108=CARTESIAN_POINT('',(6.215292996,51.973603923,8.860750721));
#109=DIRECTION('',(-0.,-1.,-0.));
#110=VECTOR('',#109,5.4);
#111=LINE('',#108,#110);
#112=EDGE_CURVE('',#99,#107,#111,.T.);
#113=ORIENTED_EDGE('',*,*,#112,.T.);
#114=CARTESIAN_POINT('',(6.215292996,46.573603923,8.860750721));
#115=DIRECTION('',(-1.,0.,0.));
#116=VECTOR('',#115,12.);
#117=LINE('',#114,#116);
#118=EDGE_CURVE('',#107,#89,#117,.T.);
#119=ORIENTED_EDGE('',*,*,#118,.T.);
#120=EDGE_LOOP('',(#97,#105,#113,#119));
#121=FACE_BOUND('',#120,.T.);
#122=CARTESIAN_POINT('',(-1.284707004,49.073603923,8.860750721));
#123=VERTEX_POINT('',#122);
#124=CARTESIAN_POINT('',(-1.284707004,50.873603923,8.860750721));
#125=VERTEX_POINT('',#124);
#126=CARTESIAN_POINT('',(-1.284707004,49.073603923,8.860750721));
#127=DIRECTION('',(0.,1.,0.));
#128=VECTOR('',#127,1.8);
#129=LINE('',#126,#128);
#130=EDGE_CURVE('',#123,#125,#129,.T.);
#131=ORIENTED_EDGE('',*,*,#130,.F.);
#132=CARTESIAN_POINT('',(-0.784707004,48.573603923,8.860750721));
#133=VERTEX_POINT('',#132);
#134=CARTESIAN_POINT('',(-0.784707004,49.073603923,8.860750721));
#135=DIRECTION('',(0.,-0.,1.));
#136=DIRECTION('',(1.,0.,0.));
#137=AXIS2_PLACEMENT_3D('',#134,#135,#136);
#138=CIRCLE('',#137,0.5);
#139=EDGE_CURVE('',#123,#133,#138,.T.);
#140=ORIENTED_EDGE('',*,*,#139,.T.);
#141=CARTESIAN_POINT('',(1.215292996,48.573603923,8.860750721));
#142=VERTEX_POINT('',#141);
#143=CARTESIAN_POINT('',(1.215292996,48.573603923,8.860750721));
#144=DIRECTION('',(-1.,0.,0.));
#145=VECTOR('',#144,2.);
#146=LINE('',#143,#145);
#147=EDGE_CURVE('',#142,#133,#146,.T.);
#148=ORIENTED_EDGE('',*,*,#147,.F.);
#149=CARTESIAN_POINT('',(1.715292996,49.073603923,8.860750721));
#150=VERTEX_POINT('',#149);
#151=CARTESIAN_POINT('',(1.215292996,49.073603923,8.860750721));
#152=DIRECTION('',(0.,-0.,1.));
#153=DIRECTION('',(1.,0.,0.));
#154=AXIS2_PLACEMENT_3D('',#151,#152,#153);
#155=CIRCLE('',#154,0.5);
#156=EDGE_CURVE('',#142,#150,#155,.T.);
#157=ORIENTED_EDGE('',*,*,#156,.T.);
#158=CARTESIAN_POINT('',(1.715292996,50.873603923,8.860750721));
#159=VERTEX_POINT('',#158);
#160=CARTESIAN_POINT('',(1.715292996,50.873603923,8.860750721));
#161=DIRECTION('',(-0.,-1.,-0.));
#162=VECTOR('',#161,1.8);
#163=LINE('',#160,#162);
#164=EDGE_CURVE('',#159,#150,#163,.T.);
#165=ORIENTED_EDGE('',*,*,#164,.F.);
#166=CARTESIAN_POINT('',(1.215292996,51.373603923,8.860750721));
#167=VERTEX_POINT('',#166);
#168=CARTESIAN_POINT('',(1.215292996,50.873603923,8.860750721));
#169=DIRECTION('',(0.,-0.,1.));
#170=DIRECTION('',(1.,0.,0.));
#171=AXIS2_PLACEMENT_3D('',#168,#169,#170);
#172=CIRCLE('',#171,0.5);
#173=EDGE_CURVE('',#159,#167,#172,.T.);
#174=ORIENTED_EDGE('',*,*,#173,.T.);
#175=CARTESIAN_POINT('',(-0.784707004,51.373603923,8.860750721));
#176=VERTEX_POINT('',#175);
#177=CARTESIAN_POINT('',(-0.784707004,51.373603923,8.860750721));
#178=DIRECTION('',(1.,-0.,-0.));
#179=VECTOR('',#178,2.);
#180=LINE('',#177,#179);
#181=EDGE_CURVE('',#176,#167,#180,.T.);
#182=ORIENTED_EDGE('',*,*,#181,.F.);
#183=CARTESIAN_POINT('',(-0.784707004,50.873603923,8.860750721));
#184=DIRECTION('',(0.,-0.,1.));
#185=DIRECTION('',(1.,0.,0.));
#186=AXIS2_PLACEMENT_3D('',#183,#184,#185);
#187=CIRCLE('',#186,0.5);
#188=EDGE_CURVE('',#176,#125,#187,.T.);
#189=ORIENTED_EDGE('',*,*,#188,.T.);
#190=EDGE_LOOP('',(#131,#140,#148,#157,#165,#174,#182,#189));
#191=FACE_BOUND('',#190,.T.);
#192=ADVANCED_FACE('',(#121,#191),#87,.F.);
#193=CARTESIAN_POINT('',(0.430585992,-3.544859958,12.860750721));
#194=DIRECTION('',(0.,-0.,1.));
#195=DIRECTION('',(-1.,0.,0.));
#196=AXIS2_PLACEMENT_3D('',#193,#194,#195);
#197=PLANE('',#196);
#198=CARTESIAN_POINT('',(-4.884707004,47.373603923,12.860750721));
#199=VERTEX_POINT('',#198);
#200=CARTESIAN_POINT('',(-4.884707004,52.373603923,12.860750721));
#201=VERTEX_POINT('',#200);
#202=CARTESIAN_POINT('',(-4.884707004,47.373603923,12.860750721));
#203=DIRECTION('',(0.,1.,0.));
#204=VECTOR('',#203,5.);
#205=LINE('',#202,#204);
#206=EDGE_CURVE('',#199,#201,#205,.T.);
#207=ORIENTED_EDGE('',*,*,#206,.F.);
#208=CARTESIAN_POINT('',(5.315292996,47.373603923,12.860750721));
#209=VERTEX_POINT('',#208);
#210=CARTESIAN_POINT('',(5.315292996,47.373603923,12.860750721));
#211=DIRECTION('',(-1.,0.,0.));
#212=VECTOR('',#211,10.2);
#213=LINE('',#210,#212);
#214=EDGE_CURVE('',#209,#199,#213,.T.);
#215=ORIENTED_EDGE('',*,*,#214,.F.);
#216=CARTESIAN_POINT('',(5.315292996,52.373603923,12.860750721));
#217=VERTEX_POINT('',#216);
#218=CARTESIAN_POINT('',(5.315292996,52.373603923,12.860750721));
#219=DIRECTION('',(-0.,-1.,-0.));
#220=VECTOR('',#219,5.);
#221=LINE('',#218,#220);
#222=EDGE_CURVE('',#217,#209,#221,.T.);
#223=ORIENTED_EDGE('',*,*,#222,.F.);
#224=CARTESIAN_POINT('',(-4.884707004,52.373603923,12.860750721));
#225=DIRECTION('',(1.,-0.,-0.));
#226=VECTOR('',#225,10.2);
#227=LINE('',#224,#226);
#228=EDGE_CURVE('',#201,#217,#227,.T.);
#229=ORIENTED_EDGE('',*,*,#228,.F.);
#230=EDGE_LOOP('',(#207,#215,#223,#229));
#231=FACE_BOUND('',#230,.T.);
#232=CARTESIAN_POINT('',(1.715292996,50.873603923,12.860750721));
#233=VERTEX_POINT('',#232);
#234=CARTESIAN_POINT('',(1.715292996,49.073603923,12.860750721));
#235=VERTEX_POINT('',#234);
#236=CARTESIAN_POINT('',(1.715292996,50.873603923,12.860750721));
#237=DIRECTION('',(-0.,-1.,-0.));
#238=VECTOR('',#237,1.8);
#239=LINE('',#236,#238);
#240=EDGE_CURVE('',#233,#235,#239,.T.);
#241=ORIENTED_EDGE('',*,*,#240,.T.);
#242=CARTESIAN_POINT('',(1.215292996,48.573603923,12.860750721));
#243=VERTEX_POINT('',#242);
#244=CARTESIAN_POINT('',(1.215292996,49.073603923,12.860750721));
#245=DIRECTION('',(-0.,0.,-1.));
#246=DIRECTION('',(0.,-1.,-0.));
#247=AXIS2_PLACEMENT_3D('',#244,#245,#246);
#248=CIRCLE('',#247,0.5);
#249=EDGE_CURVE('',#235,#243,#248,.T.);
#250=ORIENTED_EDGE('',*,*,#249,.T.);
#251=CARTESIAN_POINT('',(-0.784707004,48.573603923,12.860750721));
#252=VERTEX_POINT('',#251);
#253=CARTESIAN_POINT('',(1.215292996,48.573603923,12.860750721));
#254=DIRECTION('',(-1.,0.,0.));
#255=VECTOR('',#254,2.);
#256=LINE('',#253,#255);
#257=EDGE_CURVE('',#243,#252,#256,.T.);
#258=ORIENTED_EDGE('',*,*,#257,.T.);
#259=CARTESIAN_POINT('',(-1.284707004,49.073603923,12.860750721));
#260=VERTEX_POINT('',#259);
#261=CARTESIAN_POINT('',(-0.784707004,49.073603923,12.860750721));
#262=DIRECTION('',(-0.,0.,-1.));
#263=DIRECTION('',(0.,-1.,-0.));
#264=AXIS2_PLACEMENT_3D('',#261,#262,#263);
#265=CIRCLE('',#264,0.5);
#266=EDGE_CURVE('',#252,#260,#265,.T.);
#267=ORIENTED_EDGE('',*,*,#266,.T.);
#268=CARTESIAN_POINT('',(-1.284707004,50.873603923,12.860750721));
#269=VERTEX_POINT('',#268);
#270=CARTESIAN_POINT('',(-1.284707004,49.073603923,12.860750721));
#271=DIRECTION('',(0.,1.,0.));
#272=VECTOR('',#271,1.8);
#273=LINE('',#270,#272);
#274=EDGE_CURVE('',#260,#269,#273,.T.);
#275=ORIENTED_EDGE('',*,*,#274,.T.);
#276=CARTESIAN_POINT('',(-0.784707004,51.373603923,12.860750721));
#277=VERTEX_POINT('',#276);
#278=CARTESIAN_POINT('',(-0.784707004,50.873603923,12.860750721));
#279=DIRECTION('',(-0.,0.,-1.));
#280=DIRECTION('',(0.,-1.,-0.));
#281=AXIS2_PLACEMENT_3D('',#278,#279,#280);
#282=CIRCLE('',#281,0.5);
#283=EDGE_CURVE('',#269,#277,#282,.T.);
#284=ORIENTED_EDGE('',*,*,#283,.T.);
#285=CARTESIAN_POINT('',(1.215292996,51.373603923,12.860750721));
#286=VERTEX_POINT('',#285);
#287=CARTESIAN_POINT('',(-0.784707004,51.373603923,12.860750721));
#288=DIRECTION('',(1.,-0.,-0.));
#289=VECTOR('',#288,2.);
#290=LINE('',#287,#289);
#291=EDGE_CURVE('',#277,#286,#290,.T.);
#292=ORIENTED_EDGE('',*,*,#291,.T.);
#293=CARTESIAN_POINT('',(1.215292996,50.873603923,12.860750721));
#294=DIRECTION('',(-0.,0.,-1.));
#295=DIRECTION('',(0.,-1.,-0.));
#296=AXIS2_PLACEMENT_3D('',#293,#294,#295);
#297=CIRCLE('',#296,0.5);
#298=EDGE_CURVE('',#286,#233,#297,.T.);
#299=ORIENTED_EDGE('',*,*,#298,.T.);
#300=EDGE_LOOP('',(#241,#250,#258,#267,#275,#284,#292,#299));
#301=FACE_BOUND('',#300,.T.);
#302=ADVANCED_FACE('',(#231,#301),#197,.T.);
#303=CARTESIAN_POINT('',(7.215292996,49.473603923,16.160750721));
#304=DIRECTION('',(1.,-0.,-0.));
#305=DIRECTION('',(-0.,-0.,1.));
#306=AXIS2_PLACEMENT_3D('',#303,#304,#305);
#307=PLANE('',#306);
#308=CARTESIAN_POINT('',(7.215292996,46.573603923,9.860750721));
#309=VERTEX_POINT('',#308);
#310=CARTESIAN_POINT('',(7.215292996,51.973603923,9.860750721));
#311=VERTEX_POINT('',#310);
#312=CARTESIAN_POINT('',(7.215292996,46.573603923,9.860750721));
#313=DIRECTION('',(0.,1.,0.));
#314=VECTOR('',#313,5.4);
#315=LINE('',#312,#314);
#316=EDGE_CURVE('',#309,#311,#315,.T.);
#317=ORIENTED_EDGE('',*,*,#316,.T.);
#318=CARTESIAN_POINT('',(7.215292996,51.973603923,14.960750721));
#319=VERTEX_POINT('',#318);
#320=CARTESIAN_POINT('',(7.215292996,51.973603923,9.860750721));
#321=DIRECTION('',(0.,-0.,1.));
#322=VECTOR('',#321,5.1);
#323=LINE('',#320,#322);
#324=EDGE_CURVE('',#311,#319,#323,.T.);
#325=ORIENTED_EDGE('',*,*,#324,.T.);
#326=CARTESIAN_POINT('',(7.215292996,46.573603923,14.960750721));
#327=VERTEX_POINT('',#326);
#328=CARTESIAN_POINT('',(7.215292996,51.973603923,14.960750721));
#329=DIRECTION('',(-0.,-1.,-0.));
#330=VECTOR('',#329,5.4);
#331=LINE('',#328,#330);
#332=EDGE_CURVE('',#319,#327,#331,.T.);
#333=ORIENTED_EDGE('',*,*,#332,.T.);
#334=CARTESIAN_POINT('',(7.215292996,46.573603923,14.960750721));
#335=DIRECTION('',(0.,0.,-1.));
#336=VECTOR('',#335,5.1);
#337=LINE('',#334,#336);
#338=EDGE_CURVE('',#327,#309,#337,.T.);
#339=ORIENTED_EDGE('',*,*,#338,.T.);
#340=EDGE_LOOP('',(#317,#325,#333,#339));
#341=FACE_BOUND('',#340,.T.);
#342=CARTESIAN_POINT('',(7.215292996,47.090761211,14.810750721));
#343=VERTEX_POINT('',#342);
#344=CARTESIAN_POINT('',(7.215292996,48.056446636,14.810750721));
#345=VERTEX_POINT('',#344);
#346=CARTESIAN_POINT('',(7.215292996,47.090761211,14.810750721));
#347=DIRECTION('',(0.,1.,0.));
#348=VECTOR('',#347,0.965685425);
#349=LINE('',#346,#348);
#350=EDGE_CURVE('',#343,#345,#349,.T.);
#351=ORIENTED_EDGE('',*,*,#350,.T.);
#352=CARTESIAN_POINT('',(7.215292996,48.056446636,10.210750721));
#353=VERTEX_POINT('',#352);
#354=CARTESIAN_POINT('',(7.215292996,48.056446636,14.810750721));
#355=DIRECTION('',(-0.,0.,-1.));
#356=VECTOR('',#355,4.6);
#357=LINE('',#354,#356);
#358=EDGE_CURVE('',#345,#353,#357,.T.);
#359=ORIENTED_EDGE('',*,*,#358,.T.);
#360=CARTESIAN_POINT('',(7.215292996,47.090761211,10.210750721));
#361=VERTEX_POINT('',#360);
#362=CARTESIAN_POINT('',(7.215292996,48.056446636,10.210750721));
#363=DIRECTION('',(-0.,-1.,-0.));
#364=VECTOR('',#363,0.965685425);
#365=LINE('',#362,#364);
#366=EDGE_CURVE('',#353,#361,#365,.T.);
#367=ORIENTED_EDGE('',*,*,#366,.T.);
#368=CARTESIAN_POINT('',(7.215292996,47.090761211,10.210750721));
#369=DIRECTION('',(-0.,-0.,1.));
#370=VECTOR('',#369,4.6);
#371=LINE('',#368,#370);
#372=EDGE_CURVE('',#361,#343,#371,.T.);
#373=ORIENTED_EDGE('',*,*,#372,.T.);
#374=EDGE_LOOP('',(#351,#359,#367,#373));
#375=FACE_BOUND('',#374,.T.);
#376=ADVANCED_FACE('',(#341,#375),#307,.T.);
#377=CARTESIAN_POINT('',(-6.784707004,49.473603923,16.160750721));
#378=DIRECTION('',(-1.,0.,0.));
#379=DIRECTION('',(0.,0.,-1.));
#380=AXIS2_PLACEMENT_3D('',#377,#378,#379);
#381=PLANE('',#380);
#382=CARTESIAN_POINT('',(-6.784707004,46.573603923,14.960750721));
#383=VERTEX_POINT('',#382);
#384=CARTESIAN_POINT('',(-6.784707004,51.973603923,14.960750721));
#385=VERTEX_POINT('',#384);
#386=CARTESIAN_POINT('',(-6.784707004,46.573603923,14.960750721));
#387=DIRECTION('',(0.,1.,0.));
#388=VECTOR('',#387,5.4);
#389=LINE('',#386,#388);
#390=EDGE_CURVE('',#383,#385,#389,.T.);
#391=ORIENTED_EDGE('',*,*,#390,.T.);
#392=CARTESIAN_POINT('',(-6.784707004,51.973603923,9.860750721));
#393=VERTEX_POINT('',#392);
#394=CARTESIAN_POINT('',(-6.784707004,51.973603923,14.960750721));
#395=DIRECTION('',(0.,0.,-1.));
#396=VECTOR('',#395,5.1);
#397=LINE('',#394,#396);
#398=EDGE_CURVE('',#385,#393,#397,.T.);
#399=ORIENTED_EDGE('',*,*,#398,.T.);
#400=CARTESIAN_POINT('',(-6.784707004,46.573603923,9.860750721));
#401=VERTEX_POINT('',#400);
#402=CARTESIAN_POINT('',(-6.784707004,51.973603923,9.860750721));
#403=DIRECTION('',(-0.,-1.,-0.));
#404=VECTOR('',#403,5.4);
#405=LINE('',#402,#404);
#406=EDGE_CURVE('',#393,#401,#405,.T.);
#407=ORIENTED_EDGE('',*,*,#406,.T.);
#408=CARTESIAN_POINT('',(-6.784707004,46.573603923,9.860750721));
#409=DIRECTION('',(0.,-0.,1.));
#410=VECTOR('',#409,5.1);
#411=LINE('',#408,#410);
#412=EDGE_CURVE('',#401,#383,#411,.T.);
#413=ORIENTED_EDGE('',*,*,#412,.T.);
#414=EDGE_LOOP('',(#391,#399,#407,#413));
#415=FACE_BOUND('',#414,.T.);
#416=CARTESIAN_POINT('',(-6.784707004,48.056446636,14.810750721));
#417=VERTEX_POINT('',#416);
#418=CARTESIAN_POINT('',(-6.784707004,47.090761211,14.810750721));
#419=VERTEX_POINT('',#418);
#420=CARTESIAN_POINT('',(-6.784707004,48.056446636,14.810750721));
#421=DIRECTION('',(-0.,-1.,-0.));
#422=VECTOR('',#421,0.965685425);
#423=LINE('',#420,#422);
#424=EDGE_CURVE('',#417,#419,#423,.T.);
#425=ORIENTED_EDGE('',*,*,#424,.T.);
#426=CARTESIAN_POINT('',(-6.784707004,47.090761211,10.210750721));
#427=VERTEX_POINT('',#426);
#428=CARTESIAN_POINT('',(-6.784707004,47.090761211,14.810750721));
#429=DIRECTION('',(-0.,0.,-1.));
#430=VECTOR('',#429,4.6);
#431=LINE('',#428,#430);
#432=EDGE_CURVE('',#419,#427,#431,.T.);
#433=ORIENTED_EDGE('',*,*,#432,.T.);
#434=CARTESIAN_POINT('',(-6.784707004,48.056446636,10.210750721));
#435=VERTEX_POINT('',#434);
#436=CARTESIAN_POINT('',(-6.784707004,47.090761211,10.210750721));
#437=DIRECTION('',(0.,1.,0.));
#438=VECTOR('',#437,0.965685425);
#439=LINE('',#436,#438);
#440=EDGE_CURVE('',#427,#435,#439,.T.);
#441=ORIENTED_EDGE('',*,*,#440,.T.);
#442=CARTESIAN_POINT('',(-6.784707004,48.056446636,10.210750721));
#443=DIRECTION('',(-0.,-0.,1.));
#444=VECTOR('',#443,4.6);
#445=LINE('',#442,#444);
#446=EDGE_CURVE('',#435,#417,#445,.T.);
#447=ORIENTED_EDGE('',*,*,#446,.T.);
#448=EDGE_LOOP('',(#425,#433,#441,#447));
#449=FACE_BOUND('',#448,.T.);
#450=ADVANCED_FACE('',(#415,#449),#381,.T.);
#451=CARTESIAN_POINT('',(0.430585992,-3.544859958,15.960750721));
#452=DIRECTION('',(0.,-0.,1.));
#453=DIRECTION('',(1.,-0.,-0.));
#454=AXIS2_PLACEMENT_3D('',#451,#452,#453);
#455=PLANE('',#454);
#456=CARTESIAN_POINT('',(-4.884707004,47.373603923,15.960750721));
#457=VERTEX_POINT('',#456);
#458=CARTESIAN_POINT('',(-4.884707004,51.973603923,15.960750721));
#459=VERTEX_POINT('',#458);
#460=CARTESIAN_POINT('',(-4.884707004,47.373603923,15.960750721));
#461=DIRECTION('',(0.,1.,0.));
#462=VECTOR('',#461,4.6);
#463=LINE('',#460,#462);
#464=EDGE_CURVE('',#457,#459,#463,.T.);
#465=ORIENTED_EDGE('',*,*,#464,.T.);
#466=CARTESIAN_POINT('',(-5.784707004,51.973603923,15.960750721));
#467=VERTEX_POINT('',#466);
#468=CARTESIAN_POINT('',(-4.884707004,51.973603923,15.960750721));
#469=DIRECTION('',(-1.,0.,0.));
#470=VECTOR('',#469,0.9);
#471=LINE('',#468,#470);
#472=EDGE_CURVE('',#459,#467,#471,.T.);
#473=ORIENTED_EDGE('',*,*,#472,.T.);
#474=CARTESIAN_POINT('',(-5.784707004,46.573603923,15.960750721));
#475=VERTEX_POINT('',#474);
#476=CARTESIAN_POINT('',(-5.784707004,51.973603923,15.960750721));
#477=DIRECTION('',(-0.,-1.,-0.));
#478=VECTOR('',#477,5.4);
#479=LINE('',#476,#478);
#480=EDGE_CURVE('',#467,#475,#479,.T.);
#481=ORIENTED_EDGE('',*,*,#480,.T.);
#482=CARTESIAN_POINT('',(6.215292996,46.573603923,15.960750721));
#483=VERTEX_POINT('',#482);
#484=CARTESIAN_POINT('',(-5.784707004,46.573603923,15.960750721));
#485=DIRECTION('',(1.,-0.,-0.));
#486=VECTOR('',#485,12.);
#487=LINE('',#484,#486);
#488=EDGE_CURVE('',#475,#483,#487,.T.);
#489=ORIENTED_EDGE('',*,*,#488,.T.);
#490=CARTESIAN_POINT('',(6.215292996,51.973603923,15.960750721));
#491=VERTEX_POINT('',#490);
#492=CARTESIAN_POINT('',(6.215292996,46.573603923,15.960750721));
#493=DIRECTION('',(0.,1.,0.));
#494=VECTOR('',#493,5.4);
#495=LINE('',#492,#494);
#496=EDGE_CURVE('',#483,#491,#495,.T.);
#497=ORIENTED_EDGE('',*,*,#496,.T.);
#498=CARTESIAN_POINT('',(5.315292996,51.973603923,15.960750721));
#499=VERTEX_POINT('',#498);
#500=CARTESIAN_POINT('',(6.215292996,51.973603923,15.960750721));
#501=DIRECTION('',(-1.,0.,0.));
#502=VECTOR('',#501,0.9);
#503=LINE('',#500,#502);
#504=EDGE_CURVE('',#491,#499,#503,.T.);
#505=ORIENTED_EDGE('',*,*,#504,.T.);
#506=CARTESIAN_POINT('',(5.315292996,47.373603923,15.960750721));
#507=VERTEX_POINT('',#506);
#508=CARTESIAN_POINT('',(5.315292996,51.973603923,15.960750721));
#509=DIRECTION('',(-0.,-1.,-0.));
#510=VECTOR('',#509,4.6);
#511=LINE('',#508,#510);
#512=EDGE_CURVE('',#499,#507,#511,.T.);
#513=ORIENTED_EDGE('',*,*,#512,.T.);
#514=CARTESIAN_POINT('',(5.315292996,47.373603923,15.960750721));
#515=DIRECTION('',(-1.,0.,0.));
#516=VECTOR('',#515,10.2);
#517=LINE('',#514,#516);
#518=EDGE_CURVE('',#507,#457,#517,.T.);
#519=ORIENTED_EDGE('',*,*,#518,.T.);
#520=EDGE_LOOP('',(#465,#473,#481,#489,#497,#505,#513,#519));
#521=FACE_BOUND('',#520,.T.);
#522=ADVANCED_FACE('',(#521),#455,.T.);
#523=CARTESIAN_POINT('',(0.215292996,52.373603923,16.160750721));
#524=DIRECTION('',(0.,1.,0.));
#525=DIRECTION('',(0.,0.,-1.));
#526=AXIS2_PLACEMENT_3D('',#523,#524,#525);
#527=PLANE('',#526);
#528=CARTESIAN_POINT('',(-6.384707004,52.373603923,14.960750721));
#529=VERTEX_POINT('',#528);
#530=CARTESIAN_POINT('',(-5.784707004,52.373603923,15.560750721));
#531=VERTEX_POINT('',#530);
#532=CARTESIAN_POINT('',(-5.784707004,52.373603923,14.960750721));
#533=DIRECTION('',(0.,1.,0.));
#534=DIRECTION('',(0.,0.,-1.));
#535=AXIS2_PLACEMENT_3D('',#532,#533,#534);
#536=CIRCLE('',#535,0.6);
#537=EDGE_CURVE('',#529,#531,#536,.T.);
#538=ORIENTED_EDGE('',*,*,#537,.T.);
#539=CARTESIAN_POINT('',(-4.884707004,52.373603923,15.560750721));
#540=VERTEX_POINT('',#539);
#541=CARTESIAN_POINT('',(-5.784707004,52.373603923,15.560750721));
#542=DIRECTION('',(1.,-0.,-0.));
#543=VECTOR('',#542,0.9);
#544=LINE('',#541,#543);
#545=EDGE_CURVE('',#531,#540,#544,.T.);
#546=ORIENTED_EDGE('',*,*,#545,.T.);
#547=CARTESIAN_POINT('',(-4.884707004,52.373603923,12.860750721));
#548=DIRECTION('',(0.,-0.,1.));
#549=VECTOR('',#548,2.7);
#550=LINE('',#547,#549);
#551=EDGE_CURVE('',#201,#540,#550,.T.);
#552=ORIENTED_EDGE('',*,*,#551,.F.);
#553=ORIENTED_EDGE('',*,*,#228,.T.);
#554=CARTESIAN_POINT('',(5.315292996,52.373603923,15.560750721));
#555=VERTEX_POINT('',#554);
#556=CARTESIAN_POINT('',(5.315292996,52.373603923,12.860750721));
#557=DIRECTION('',(0.,-0.,1.));
#558=VECTOR('',#557,2.7);
#559=LINE('',#556,#558);
#560=EDGE_CURVE('',#217,#555,#559,.T.);
#561=ORIENTED_EDGE('',*,*,#560,.T.);
#562=CARTESIAN_POINT('',(6.215292996,52.373603923,15.560750721));
#563=VERTEX_POINT('',#562);
#564=CARTESIAN_POINT('',(5.315292996,52.373603923,15.560750721));
#565=DIRECTION('',(1.,-0.,-0.));
#566=VECTOR('',#565,0.9);
#567=LINE('',#564,#566);
#568=EDGE_CURVE('',#555,#563,#567,.T.);
#569=ORIENTED_EDGE('',*,*,#568,.T.);
#570=CARTESIAN_POINT('',(6.815292996,52.373603923,14.960750721));
#571=VERTEX_POINT('',#570);
#572=CARTESIAN_POINT('',(6.215292996,52.373603923,14.960750721));
#573=DIRECTION('',(0.,1.,0.));
#574=DIRECTION('',(0.,0.,-1.));
#575=AXIS2_PLACEMENT_3D('',#572,#573,#574);
#576=CIRCLE('',#575,0.6);
#577=EDGE_CURVE('',#563,#571,#576,.T.);
#578=ORIENTED_EDGE('',*,*,#577,.T.);
#579=CARTESIAN_POINT('',(6.815292996,52.373603923,9.860750721));
#580=VERTEX_POINT('',#579);
#581=CARTESIAN_POINT('',(6.815292996,52.373603923,14.960750721));
#582=DIRECTION('',(0.,0.,-1.));
#583=VECTOR('',#582,5.1);
#584=LINE('',#581,#583);
#585=EDGE_CURVE('',#571,#580,#584,.T.);
#586=ORIENTED_EDGE('',*,*,#585,.T.);
#587=CARTESIAN_POINT('',(6.215292996,52.373603923,9.260750721));
#588=VERTEX_POINT('',#587);
#589=CARTESIAN_POINT('',(6.215292996,52.373603923,9.860750721));
#590=DIRECTION('',(0.,1.,0.));
#591=DIRECTION('',(0.,0.,-1.));
#592=AXIS2_PLACEMENT_3D('',#589,#590,#591);
#593=CIRCLE('',#592,0.6);
#594=EDGE_CURVE('',#580,#588,#593,.T.);
#595=ORIENTED_EDGE('',*,*,#594,.T.);
#596=CARTESIAN_POINT('',(-5.784707004,52.373603923,9.260750721));
#597=VERTEX_POINT('',#596);
#598=CARTESIAN_POINT('',(6.215292996,52.373603923,9.260750721));
#599=DIRECTION('',(-1.,0.,0.));
#600=VECTOR('',#599,12.);
#601=LINE('',#598,#600);
#602=EDGE_CURVE('',#588,#597,#601,.T.);
#603=ORIENTED_EDGE('',*,*,#602,.T.);
#604=CARTESIAN_POINT('',(-6.384707004,52.373603923,9.860750721));
#605=VERTEX_POINT('',#604);
#606=CARTESIAN_POINT('',(-5.784707004,52.373603923,9.860750721));
#607=DIRECTION('',(0.,1.,0.));
#608=DIRECTION('',(0.,0.,-1.));
#609=AXIS2_PLACEMENT_3D('',#606,#607,#608);
#610=CIRCLE('',#609,0.6);
#611=EDGE_CURVE('',#597,#605,#610,.T.);
#612=ORIENTED_EDGE('',*,*,#611,.T.);
#613=CARTESIAN_POINT('',(-6.384707004,52.373603923,9.860750721));
#614=DIRECTION('',(0.,-0.,1.));
#615=VECTOR('',#614,5.1);
#616=LINE('',#613,#615);
#617=EDGE_CURVE('',#605,#529,#616,.T.);
#618=ORIENTED_EDGE('',*,*,#617,.T.);
#619=EDGE_LOOP('',(#538,#546,#552,#553,#561,#569,#578,#586,#595,#603,#612,#618));
#620=FACE_BOUND('',#619,.T.);
#621=ADVANCED_FACE('',(#620),#527,.T.);
#622=CARTESIAN_POINT('',(0.215292996,46.373603923,16.160750721));
#623=DIRECTION('',(-0.,-1.,-0.));
#624=DIRECTION('',(0.,-0.,1.));
#625=AXIS2_PLACEMENT_3D('',#622,#623,#624);
#626=PLANE('',#625);
#627=CARTESIAN_POINT('',(-6.584707004,46.373603923,9.860750721));
#628=VERTEX_POINT('',#627);
#629=CARTESIAN_POINT('',(-5.784707004,46.373603923,9.060750721));
#630=VERTEX_POINT('',#629);
#631=CARTESIAN_POINT('',(-5.784707004,46.373603923,9.860750721));
#632=DIRECTION('',(-0.,-1.,-0.));
#633=DIRECTION('',(0.,-0.,1.));
#634=AXIS2_PLACEMENT_3D('',#631,#632,#633);
#635=CIRCLE('',#634,0.8);
#636=EDGE_CURVE('',#628,#630,#635,.T.);
#637=ORIENTED_EDGE('',*,*,#636,.T.);
#638=CARTESIAN_POINT('',(6.215292996,46.373603923,9.060750721));
#639=VERTEX_POINT('',#638);
#640=CARTESIAN_POINT('',(-5.784707004,46.373603923,9.060750721));
#641=DIRECTION('',(1.,-0.,-0.));
#642=VECTOR('',#641,12.);
#643=LINE('',#640,#642);
#644=EDGE_CURVE('',#630,#639,#643,.T.);
#645=ORIENTED_EDGE('',*,*,#644,.T.);
#646=CARTESIAN_POINT('',(7.015292996,46.373603923,9.860750721));
#647=VERTEX_POINT('',#646);
#648=CARTESIAN_POINT('',(6.215292996,46.373603923,9.860750721));
#649=DIRECTION('',(-0.,-1.,-0.));
#650=DIRECTION('',(0.,-0.,1.));
#651=AXIS2_PLACEMENT_3D('',#648,#649,#650);
#652=CIRCLE('',#651,0.8);
#653=EDGE_CURVE('',#639,#647,#652,.T.);
#654=ORIENTED_EDGE('',*,*,#653,.T.);
#655=CARTESIAN_POINT('',(7.015292996,46.373603923,14.960750721));
#656=VERTEX_POINT('',#655);
#657=CARTESIAN_POINT('',(7.015292996,46.373603923,9.860750721));
#658=DIRECTION('',(0.,-0.,1.));
#659=VECTOR('',#658,5.1);
#660=LINE('',#657,#659);
#661=EDGE_CURVE('',#647,#656,#660,.T.);
#662=ORIENTED_EDGE('',*,*,#661,.T.);
#663=CARTESIAN_POINT('',(6.215292996,46.373603923,15.760750721));
#664=VERTEX_POINT('',#663);
#665=CARTESIAN_POINT('',(6.215292996,46.373603923,14.960750721));
#666=DIRECTION('',(-0.,-1.,-0.));
#667=DIRECTION('',(0.,-0.,1.));
#668=AXIS2_PLACEMENT_3D('',#665,#666,#667);
#669=CIRCLE('',#668,0.8);
#670=EDGE_CURVE('',#656,#664,#669,.T.);
#671=ORIENTED_EDGE('',*,*,#670,.T.);
#672=CARTESIAN_POINT('',(-5.784707004,46.373603923,15.760750721));
#673=VERTEX_POINT('',#672);
#674=CARTESIAN_POINT('',(6.215292996,46.373603923,15.760750721));
#675=DIRECTION('',(-1.,0.,0.));
#676=VECTOR('',#675,12.);
#677=LINE('',#674,#676);
#678=EDGE_CURVE('',#664,#673,#677,.T.);
#679=ORIENTED_EDGE('',*,*,#678,.T.);
#680=CARTESIAN_POINT('',(-6.584707004,46.373603923,14.960750721));
#681=VERTEX_POINT('',#680);
#682=CARTESIAN_POINT('',(-5.784707004,46.373603923,14.960750721));
#683=DIRECTION('',(-0.,-1.,-0.));
#684=DIRECTION('',(0.,-0.,1.));
#685=AXIS2_PLACEMENT_3D('',#682,#683,#684);
#686=CIRCLE('',#685,0.8);
#687=EDGE_CURVE('',#673,#681,#686,.T.);
#688=ORIENTED_EDGE('',*,*,#687,.T.);
#689=CARTESIAN_POINT('',(-6.584707004,46.373603923,14.960750721));
#690=DIRECTION('',(0.,0.,-1.));
#691=VECTOR('',#690,5.1);
#692=LINE('',#689,#691);
#693=EDGE_CURVE('',#681,#628,#692,.T.);
#694=ORIENTED_EDGE('',*,*,#693,.T.);
#695=EDGE_LOOP('',(#637,#645,#654,#662,#671,#679,#688,#694));
#696=FACE_BOUND('',#695,.T.);
#697=ADVANCED_FACE('',(#696),#626,.T.);
#698=CARTESIAN_POINT('',(-4.884707004,49.473603923,13.160750721));
#699=DIRECTION('',(1.,-0.,-0.));
#700=DIRECTION('',(-0.,-0.,1.));
#701=AXIS2_PLACEMENT_3D('',#698,#699,#700);
#702=PLANE('',#701);
#703=ORIENTED_EDGE('',*,*,#551,.T.);
#704=CARTESIAN_POINT('',(-4.884707004,52.373603923,15.560750721));
#705=DIRECTION('',(-0.,-0.707106781,0.707106781));
#706=VECTOR('',#705,0.565685425);
#707=LINE('',#704,#706);
#708=EDGE_CURVE('',#540,#459,#707,.T.);
#709=ORIENTED_EDGE('',*,*,#708,.T.);
#710=ORIENTED_EDGE('',*,*,#464,.F.);
#711=CARTESIAN_POINT('',(-4.884707004,47.373603923,12.860750721));
#712=DIRECTION('',(0.,-0.,1.));
#713=VECTOR('',#712,3.1);
#714=LINE('',#711,#713);
#715=EDGE_CURVE('',#199,#457,#714,.T.);
#716=ORIENTED_EDGE('',*,*,#715,.F.);
#717=ORIENTED_EDGE('',*,*,#206,.T.);
#718=EDGE_LOOP('',(#703,#709,#710,#716,#717));
#719=FACE_BOUND('',#718,.T.);
#720=ADVANCED_FACE('',(#719),#702,.T.);
#721=CARTESIAN_POINT('',(0.215292996,47.373603923,13.160750721));
#722=DIRECTION('',(0.,1.,0.));
#723=DIRECTION('',(0.,0.,-1.));
#724=AXIS2_PLACEMENT_3D('',#721,#722,#723);
#725=PLANE('',#724);
#726=ORIENTED_EDGE('',*,*,#518,.F.);
#727=CARTESIAN_POINT('',(5.315292996,47.373603923,12.860750721));
#728=DIRECTION('',(0.,-0.,1.));
#729=VECTOR('',#728,3.1);
#730=LINE('',#727,#729);
#731=EDGE_CURVE('',#209,#507,#730,.T.);
#732=ORIENTED_EDGE('',*,*,#731,.F.);
#733=ORIENTED_EDGE('',*,*,#214,.T.);
#734=ORIENTED_EDGE('',*,*,#715,.T.);
#735=EDGE_LOOP('',(#726,#732,#733,#734));
#736=FACE_BOUND('',#735,.T.);
#737=ADVANCED_FACE('',(#736),#725,.T.);
#738=CARTESIAN_POINT('',(5.315292996,49.473603923,13.160750721));
#739=DIRECTION('',(-1.,0.,0.));
#740=DIRECTION('',(0.,0.,-1.));
#741=AXIS2_PLACEMENT_3D('',#738,#739,#740);
#742=PLANE('',#741);
#743=ORIENTED_EDGE('',*,*,#512,.F.);
#744=CARTESIAN_POINT('',(5.315292996,51.973603923,15.960750721));
#745=DIRECTION('',(0.,0.707106781,-0.707106781));
#746=VECTOR('',#745,0.565685425);
#747=LINE('',#744,#746);
#748=EDGE_CURVE('',#499,#555,#747,.T.);
#749=ORIENTED_EDGE('',*,*,#748,.T.);
#750=ORIENTED_EDGE('',*,*,#560,.F.);
#751=ORIENTED_EDGE('',*,*,#222,.T.);
#752=ORIENTED_EDGE('',*,*,#731,.T.);
#753=EDGE_LOOP('',(#743,#749,#750,#751,#752));
#754=FACE_BOUND('',#753,.T.);
#755=ADVANCED_FACE('',(#754),#742,.T.);
#756=CARTESIAN_POINT('',(-5.784707004,49.473603923,14.960750721));
#757=DIRECTION('',(0.,1.,0.));
#758=DIRECTION('',(0.,0.,-1.));
#759=AXIS2_PLACEMENT_3D('',#756,#757,#758);
#760=CYLINDRICAL_SURFACE('',#759,1.);
#761=ORIENTED_EDGE('',*,*,#480,.F.);
#762=CARTESIAN_POINT('',(-5.784707004,51.973603923,14.960750721));
#763=DIRECTION('',(-0.,-1.,-0.));
#764=DIRECTION('',(0.,-0.,1.));
#765=AXIS2_PLACEMENT_3D('',#762,#763,#764);
#766=CIRCLE('',#765,1.);
#767=EDGE_CURVE('',#467,#385,#766,.T.);
#768=ORIENTED_EDGE('',*,*,#767,.T.);
#769=ORIENTED_EDGE('',*,*,#390,.F.);
#770=CARTESIAN_POINT('',(-5.784707004,46.573603923,14.960750721));
#771=DIRECTION('',(0.,1.,0.));
#772=DIRECTION('',(0.,-0.,1.));
#773=AXIS2_PLACEMENT_3D('',#770,#771,#772);
#774=CIRCLE('',#773,1.);
#775=EDGE_CURVE('',#383,#475,#774,.T.);
#776=ORIENTED_EDGE('',*,*,#775,.T.);
#777=EDGE_LOOP('',(#761,#768,#769,#776));
#778=FACE_BOUND('',#777,.T.);
#779=ADVANCED_FACE('',(#778),#760,.T.);
#780=CARTESIAN_POINT('',(-5.784707004,-3.544859958,9.860750721));
#781=DIRECTION('',(-0.,-1.,-0.));
#782=DIRECTION('',(0.,-0.,1.));
#783=AXIS2_PLACEMENT_3D('',#780,#781,#782);
#784=CYLINDRICAL_SURFACE('',#783,1.);
#785=ORIENTED_EDGE('',*,*,#406,.F.);
#786=CARTESIAN_POINT('',(-5.784707004,51.973603923,9.860750721));
#787=DIRECTION('',(-0.,-1.,-0.));
#788=DIRECTION('',(0.,-0.,1.));
#789=AXIS2_PLACEMENT_3D('',#786,#787,#788);
#790=CIRCLE('',#789,1.);
#791=EDGE_CURVE('',#393,#91,#790,.T.);
#792=ORIENTED_EDGE('',*,*,#791,.T.);
#793=ORIENTED_EDGE('',*,*,#96,.F.);
#794=CARTESIAN_POINT('',(-5.784707004,46.573603923,9.860750721));
#795=DIRECTION('',(0.,1.,0.));
#796=DIRECTION('',(0.,-0.,1.));
#797=AXIS2_PLACEMENT_3D('',#794,#795,#796);
#798=CIRCLE('',#797,1.);
#799=EDGE_CURVE('',#89,#401,#798,.T.);
#800=ORIENTED_EDGE('',*,*,#799,.T.);
#801=EDGE_LOOP('',(#785,#792,#793,#800));
#802=FACE_BOUND('',#801,.T.);
#803=ADVANCED_FACE('',(#802),#784,.T.);
#804=CARTESIAN_POINT('',(6.215292996,49.473603923,14.960750721));
#805=DIRECTION('',(-0.,-1.,-0.));
#806=DIRECTION('',(0.,-0.,1.));
#807=AXIS2_PLACEMENT_3D('',#804,#805,#806);
#808=CYLINDRICAL_SURFACE('',#807,1.);
#809=ORIENTED_EDGE('',*,*,#332,.F.);
#810=CARTESIAN_POINT('',(6.215292996,51.973603923,14.960750721));
#811=DIRECTION('',(-0.,-1.,-0.));
#812=DIRECTION('',(0.,-0.,1.));
#813=AXIS2_PLACEMENT_3D('',#810,#811,#812);
#814=CIRCLE('',#813,1.);
#815=EDGE_CURVE('',#319,#491,#814,.T.);
#816=ORIENTED_EDGE('',*,*,#815,.T.);
#817=ORIENTED_EDGE('',*,*,#496,.F.);
#818=CARTESIAN_POINT('',(6.215292996,46.573603923,14.960750721));
#819=DIRECTION('',(0.,1.,0.));
#820=DIRECTION('',(0.,-0.,1.));
#821=AXIS2_PLACEMENT_3D('',#818,#819,#820);
#822=CIRCLE('',#821,1.);
#823=EDGE_CURVE('',#483,#327,#822,.T.);
#824=ORIENTED_EDGE('',*,*,#823,.T.);
#825=EDGE_LOOP('',(#809,#816,#817,#824));
#826=FACE_BOUND('',#825,.T.);
#827=ADVANCED_FACE('',(#826),#808,.T.);
#828=CARTESIAN_POINT('',(6.215292996,-3.544859958,9.860750721));
#829=DIRECTION('',(0.,1.,0.));
#830=DIRECTION('',(0.,0.,-1.));
#831=AXIS2_PLACEMENT_3D('',#828,#829,#830);
#832=CYLINDRICAL_SURFACE('',#831,1.);
#833=ORIENTED_EDGE('',*,*,#112,.F.);
#834=CARTESIAN_POINT('',(6.215292996,51.973603923,9.860750721));
#835=DIRECTION('',(-0.,-1.,-0.));
#836=DIRECTION('',(0.,-0.,1.));
#837=AXIS2_PLACEMENT_3D('',#834,#835,#836);
#838=CIRCLE('',#837,1.);
#839=EDGE_CURVE('',#99,#311,#838,.T.);
#840=ORIENTED_EDGE('',*,*,#839,.T.);
#841=ORIENTED_EDGE('',*,*,#316,.F.);
#842=CARTESIAN_POINT('',(6.215292996,46.573603923,9.860750721));
#843=DIRECTION('',(0.,1.,0.));
#844=DIRECTION('',(0.,-0.,1.));
#845=AXIS2_PLACEMENT_3D('',#842,#843,#844);
#846=CIRCLE('',#845,1.);
#847=EDGE_CURVE('',#309,#107,#846,.T.);
#848=ORIENTED_EDGE('',*,*,#847,.T.);
#849=EDGE_LOOP('',(#833,#840,#841,#848));
#850=FACE_BOUND('',#849,.T.);
#851=ADVANCED_FACE('',(#850),#832,.T.);
#852=CARTESIAN_POINT('',(0.215292996,46.373603923,15.760750721));
#853=DIRECTION('',(0.,0.707106781,-0.707106781));
#854=DIRECTION('',(-1.,0.,0.));
#855=AXIS2_PLACEMENT_3D('',#852,#853,#854);
#856=PLANE('',#855);
#857=CARTESIAN_POINT('',(-5.784707004,46.373603923,15.760750721));
#858=DIRECTION('',(0.,0.707106781,0.707106781));
#859=VECTOR('',#858,0.282842712);
#860=LINE('',#857,#859);
#861=EDGE_CURVE('',#673,#475,#860,.T.);
#862=ORIENTED_EDGE('',*,*,#861,.F.);
#863=ORIENTED_EDGE('',*,*,#678,.F.);
#864=CARTESIAN_POINT('',(6.215292996,46.573603923,15.960750721));
#865=DIRECTION('',(-0.,-0.707106781,-0.707106781));
#866=VECTOR('',#865,0.282842712);
#867=LINE('',#864,#866);
#868=EDGE_CURVE('',#483,#664,#867,.T.);
#869=ORIENTED_EDGE('',*,*,#868,.F.);
#870=ORIENTED_EDGE('',*,*,#488,.F.);
#871=EDGE_LOOP('',(#862,#863,#869,#870));
#872=FACE_BOUND('',#871,.T.);
#873=ADVANCED_FACE('',(#872),#856,.F.);
#874=CARTESIAN_POINT('',(6.215292996,46.373603923,14.960750721));
#875=DIRECTION('',(0.,1.,0.));
#876=DIRECTION('',(0.,0.,-1.));
#877=AXIS2_PLACEMENT_3D('',#874,#875,#876);
#878=CONICAL_SURFACE('',#877,0.8,45.);
#879=ORIENTED_EDGE('',*,*,#868,.T.);
#880=ORIENTED_EDGE('',*,*,#670,.F.);
#881=CARTESIAN_POINT('',(7.215292996,46.573603923,14.960750721));
#882=DIRECTION('',(-0.707106781,-0.707106781,-0.));
#883=VECTOR('',#882,0.282842712);
#884=LINE('',#881,#883);
#885=EDGE_CURVE('',#327,#656,#884,.T.);
#886=ORIENTED_EDGE('',*,*,#885,.F.);
#887=ORIENTED_EDGE('',*,*,#823,.F.);
#888=EDGE_LOOP('',(#879,#880,#886,#887));
#889=FACE_BOUND('',#888,.T.);
#890=ADVANCED_FACE('',(#889),#878,.T.);
#891=CARTESIAN_POINT('',(-5.784707004,46.373603923,14.960750721));
#892=DIRECTION('',(0.,1.,0.));
#893=DIRECTION('',(0.,0.,-1.));
#894=AXIS2_PLACEMENT_3D('',#891,#892,#893);
#895=CONICAL_SURFACE('',#894,0.8,45.);
#896=ORIENTED_EDGE('',*,*,#861,.T.);
#897=ORIENTED_EDGE('',*,*,#775,.F.);
#898=CARTESIAN_POINT('',(-6.584707004,46.373603923,14.960750721));
#899=DIRECTION('',(-0.707106781,0.707106781,0.));
#900=VECTOR('',#899,0.282842712);
#901=LINE('',#898,#900);
#902=EDGE_CURVE('',#681,#383,#901,.T.);
#903=ORIENTED_EDGE('',*,*,#902,.F.);
#904=ORIENTED_EDGE('',*,*,#687,.F.);
#905=EDGE_LOOP('',(#896,#897,#903,#904));
#906=FACE_BOUND('',#905,.T.);
#907=ADVANCED_FACE('',(#906),#895,.T.);
#908=CARTESIAN_POINT('',(7.215292996,46.573603923,16.160750721));
#909=DIRECTION('',(-0.707106781,0.707106781,0.));
#910=DIRECTION('',(0.,0.,-1.));
#911=AXIS2_PLACEMENT_3D('',#908,#909,#910);
#912=PLANE('',#911);
#913=ORIENTED_EDGE('',*,*,#885,.T.);
#914=ORIENTED_EDGE('',*,*,#661,.F.);
#915=CARTESIAN_POINT('',(7.215292996,46.573603923,9.860750721));
#916=DIRECTION('',(-0.707106781,-0.707106781,-0.));
#917=VECTOR('',#916,0.282842712);
#918=LINE('',#915,#917);
#919=EDGE_CURVE('',#309,#647,#918,.T.);
#920=ORIENTED_EDGE('',*,*,#919,.F.);
#921=ORIENTED_EDGE('',*,*,#338,.F.);
#922=EDGE_LOOP('',(#913,#914,#920,#921));
#923=FACE_BOUND('',#922,.T.);
#924=ADVANCED_FACE('',(#923),#912,.F.);
#925=CARTESIAN_POINT('',(-6.584707004,46.373603923,16.160750721));
#926=DIRECTION('',(0.707106781,0.707106781,0.));
#927=DIRECTION('',(-0.,0.,-1.));
#928=AXIS2_PLACEMENT_3D('',#925,#926,#927);
#929=PLANE('',#928);
#930=ORIENTED_EDGE('',*,*,#902,.T.);
#931=ORIENTED_EDGE('',*,*,#412,.F.);
#932=CARTESIAN_POINT('',(-6.584707004,46.373603923,9.860750721));
#933=DIRECTION('',(-0.707106781,0.707106781,0.));
#934=VECTOR('',#933,0.282842712);
#935=LINE('',#932,#934);
#936=EDGE_CURVE('',#628,#401,#935,.T.);
#937=ORIENTED_EDGE('',*,*,#936,.F.);
#938=ORIENTED_EDGE('',*,*,#693,.F.);
#939=EDGE_LOOP('',(#930,#931,#937,#938));
#940=FACE_BOUND('',#939,.T.);
#941=ADVANCED_FACE('',(#940),#929,.F.);
#942=CARTESIAN_POINT('',(6.215292996,46.373603923,9.860750721));
#943=DIRECTION('',(0.,1.,0.));
#944=DIRECTION('',(0.,0.,-1.));
#945=AXIS2_PLACEMENT_3D('',#942,#943,#944);
#946=CONICAL_SURFACE('',#945,0.8,45.);
#947=ORIENTED_EDGE('',*,*,#919,.T.);
#948=ORIENTED_EDGE('',*,*,#653,.F.);
#949=CARTESIAN_POINT('',(6.215292996,46.573603923,8.860750721));
#950=DIRECTION('',(-0.,-0.707106781,0.707106781));
#951=VECTOR('',#950,0.282842712);
#952=LINE('',#949,#951);
#953=EDGE_CURVE('',#107,#639,#952,.T.);
#954=ORIENTED_EDGE('',*,*,#953,.F.);
#955=ORIENTED_EDGE('',*,*,#847,.F.);
#956=EDGE_LOOP('',(#947,#948,#954,#955));
#957=FACE_BOUND('',#956,.T.);
#958=ADVANCED_FACE('',(#957),#946,.T.);
#959=CARTESIAN_POINT('',(-5.784707004,46.373603923,9.860750721));
#960=DIRECTION('',(0.,1.,0.));
#961=DIRECTION('',(0.,0.,-1.));
#962=AXIS2_PLACEMENT_3D('',#959,#960,#961);
#963=CONICAL_SURFACE('',#962,0.8,45.);
#964=ORIENTED_EDGE('',*,*,#936,.T.);
#965=ORIENTED_EDGE('',*,*,#799,.F.);
#966=CARTESIAN_POINT('',(-5.784707004,46.373603923,9.060750721));
#967=DIRECTION('',(0.,0.707106781,-0.707106781));
#968=VECTOR('',#967,0.282842712);
#969=LINE('',#966,#968);
#970=EDGE_CURVE('',#630,#89,#969,.T.);
#971=ORIENTED_EDGE('',*,*,#970,.F.);
#972=ORIENTED_EDGE('',*,*,#636,.F.);
#973=EDGE_LOOP('',(#964,#965,#971,#972));
#974=FACE_BOUND('',#973,.T.);
#975=ADVANCED_FACE('',(#974),#963,.T.);
#976=CARTESIAN_POINT('',(0.430585992,46.573603923,8.860750721));
#977=DIRECTION('',(-0.,-0.707106781,-0.707106781));
#978=DIRECTION('',(1.,-0.,0.));
#979=AXIS2_PLACEMENT_3D('',#976,#977,#978);
#980=PLANE('',#979);
#981=ORIENTED_EDGE('',*,*,#953,.T.);
#982=ORIENTED_EDGE('',*,*,#644,.F.);
#983=ORIENTED_EDGE('',*,*,#970,.T.);
#984=ORIENTED_EDGE('',*,*,#118,.F.);
#985=EDGE_LOOP('',(#981,#982,#983,#984));
#986=FACE_BOUND('',#985,.T.);
#987=ADVANCED_FACE('',(#986),#980,.T.);
#988=CARTESIAN_POINT('',(-7.096839038,47.573603923,14.498618687));
#989=DIRECTION('',(-0.707106781,0.,0.707106781));
#990=DIRECTION('',(-0.707106781,0.,-0.707106781));
#991=AXIS2_PLACEMENT_3D('',#988,#989,#990);
#992=PLANE('',#991);
#993=CARTESIAN_POINT('',(-7.267549716,47.573603923,14.327908009));
#994=VERTEX_POINT('',#993);
#995=CARTESIAN_POINT('',(-6.784707004,48.056446636,14.810750721));
#996=DIRECTION('',(-0.577350269,-0.577350269,-0.577350269));
#997=VECTOR('',#996,0.83630811);
#998=LINE('',#995,#997);
#999=EDGE_CURVE('',#417,#994,#998,.T.);
#1000=ORIENTED_EDGE('',*,*,#999,.T.);
#1001=CARTESIAN_POINT('',(-7.267549716,47.573603923,14.327908009));
#1002=DIRECTION('',(0.577350269,-0.577350269,0.577350269));
#1003=VECTOR('',#1002,0.83630811);
#1004=LINE('',#1001,#1003);
#1005=EDGE_CURVE('',#994,#419,#1004,.T.);
#1006=ORIENTED_EDGE('',*,*,#1005,.T.);
#1007=ORIENTED_EDGE('',*,*,#424,.F.);
#1008=EDGE_LOOP('',(#1000,#1006,#1007));
#1009=FACE_BOUND('',#1008,.T.);
#1010=ADVANCED_FACE('',(#1009),#992,.T.);
#1011=CARTESIAN_POINT('',(-7.096839038,47.573603923,10.522882755));
#1012=DIRECTION('',(-0.707106781,0.,-0.707106781));
#1013=DIRECTION('',(0.707106781,-0.,-0.707106781));
#1014=AXIS2_PLACEMENT_3D('',#1011,#1012,#1013);
#1015=PLANE('',#1014);
#1016=ORIENTED_EDGE('',*,*,#440,.F.);
#1017=CARTESIAN_POINT('',(-7.267549716,47.573603923,10.693593433));
#1018=VERTEX_POINT('',#1017);
#1019=CARTESIAN_POINT('',(-6.784707004,47.090761211,10.210750721));
#1020=DIRECTION('',(-0.577350269,0.577350269,0.577350269));
#1021=VECTOR('',#1020,0.83630811);
#1022=LINE('',#1019,#1021);
#1023=EDGE_CURVE('',#427,#1018,#1022,.T.);
#1024=ORIENTED_EDGE('',*,*,#1023,.T.);
#1025=CARTESIAN_POINT('',(-7.267549716,47.573603923,10.693593433));
#1026=DIRECTION('',(0.577350269,0.577350269,-0.577350269));
#1027=VECTOR('',#1026,0.83630811);
#1028=LINE('',#1025,#1027);
#1029=EDGE_CURVE('',#1018,#435,#1028,.T.);
#1030=ORIENTED_EDGE('',*,*,#1029,.T.);
#1031=EDGE_LOOP('',(#1016,#1024,#1030));
#1032=FACE_BOUND('',#1031,.T.);
#1033=ADVANCED_FACE('',(#1032),#1015,.T.);
#1034=CARTESIAN_POINT('',(-6.92612836,47.91502528,13.710750721));
#1035=DIRECTION('',(0.707106781,-0.707106781,0.));
#1036=DIRECTION('',(-0.,-0.,1.));
#1037=AXIS2_PLACEMENT_3D('',#1034,#1035,#1036);
#1038=PLANE('',#1037);
#1039=CARTESIAN_POINT('',(-7.267549716,47.573603923,14.327908009));
#1040=DIRECTION('',(0.,0.,-1.));
#1041=VECTOR('',#1040,3.634314575);
#1042=LINE('',#1039,#1041);
#1043=EDGE_CURVE('',#994,#1018,#1042,.T.);
#1044=ORIENTED_EDGE('',*,*,#1043,.F.);
#1045=ORIENTED_EDGE('',*,*,#999,.F.);
#1046=ORIENTED_EDGE('',*,*,#446,.F.);
#1047=ORIENTED_EDGE('',*,*,#1029,.F.);
#1048=EDGE_LOOP('',(#1044,#1045,#1046,#1047));
#1049=FACE_BOUND('',#1048,.T.);
#1050=ADVANCED_FACE('',(#1049),#1038,.F.);
#1051=CARTESIAN_POINT('',(-6.92612836,47.232182567,13.710750721));
#1052=DIRECTION('',(0.707106781,0.707106781,0.));
#1053=DIRECTION('',(-0.,0.,-1.));
#1054=AXIS2_PLACEMENT_3D('',#1051,#1052,#1053);
#1055=PLANE('',#1054);
#1056=ORIENTED_EDGE('',*,*,#1005,.F.);
#1057=ORIENTED_EDGE('',*,*,#1043,.T.);
#1058=ORIENTED_EDGE('',*,*,#1023,.F.);
#1059=ORIENTED_EDGE('',*,*,#432,.F.);
#1060=EDGE_LOOP('',(#1056,#1057,#1058,#1059));
#1061=FACE_BOUND('',#1060,.T.);
#1062=ADVANCED_FACE('',(#1061),#1055,.F.);
#1063=CARTESIAN_POINT('',(7.386003674,47.573603923,14.640040043));
#1064=DIRECTION('',(0.707106781,-0.,0.707106781));
#1065=DIRECTION('',(-0.707106781,0.,0.707106781));
#1066=AXIS2_PLACEMENT_3D('',#1063,#1064,#1065);
#1067=PLANE('',#1066);
#1068=ORIENTED_EDGE('',*,*,#350,.F.);
#1069=CARTESIAN_POINT('',(7.698135708,47.573603923,14.327908009));
#1070=VERTEX_POINT('',#1069);
#1071=CARTESIAN_POINT('',(7.215292996,47.090761211,14.810750721));
#1072=DIRECTION('',(0.577350269,0.577350269,-0.577350269));
#1073=VECTOR('',#1072,0.83630811);
#1074=LINE('',#1071,#1073);
#1075=EDGE_CURVE('',#343,#1070,#1074,.T.);
#1076=ORIENTED_EDGE('',*,*,#1075,.T.);
#1077=CARTESIAN_POINT('',(7.698135708,47.573603923,14.327908009));
#1078=DIRECTION('',(-0.577350269,0.577350269,0.577350269));
#1079=VECTOR('',#1078,0.83630811);
#1080=LINE('',#1077,#1079);
#1081=EDGE_CURVE('',#1070,#345,#1080,.T.);
#1082=ORIENTED_EDGE('',*,*,#1081,.T.);
#1083=EDGE_LOOP('',(#1068,#1076,#1082));
#1084=FACE_BOUND('',#1083,.T.);
#1085=ADVANCED_FACE('',(#1084),#1067,.T.);
#1086=CARTESIAN_POINT('',(7.386003674,47.573603923,10.381461399));
#1087=DIRECTION('',(0.707106781,-0.,-0.707106781));
#1088=DIRECTION('',(0.707106781,-0.,0.707106781));
#1089=AXIS2_PLACEMENT_3D('',#1086,#1087,#1088);
#1090=PLANE('',#1089);
#1091=CARTESIAN_POINT('',(7.698135708,47.573603923,10.693593433));
#1092=VERTEX_POINT('',#1091);
#1093=CARTESIAN_POINT('',(7.215292996,48.056446636,10.210750721));
#1094=DIRECTION('',(0.577350269,-0.577350269,0.577350269));
#1095=VECTOR('',#1094,0.83630811);
#1096=LINE('',#1093,#1095);
#1097=EDGE_CURVE('',#353,#1092,#1096,.T.);
#1098=ORIENTED_EDGE('',*,*,#1097,.T.);
#1099=CARTESIAN_POINT('',(7.698135708,47.573603923,10.693593433));
#1100=DIRECTION('',(-0.577350269,-0.577350269,-0.577350269));
#1101=VECTOR('',#1100,0.83630811);
#1102=LINE('',#1099,#1101);
#1103=EDGE_CURVE('',#1092,#361,#1102,.T.);
#1104=ORIENTED_EDGE('',*,*,#1103,.T.);
#1105=ORIENTED_EDGE('',*,*,#366,.F.);
#1106=EDGE_LOOP('',(#1098,#1104,#1105));
#1107=FACE_BOUND('',#1106,.T.);
#1108=ADVANCED_FACE('',(#1107),#1090,.T.);
#1109=CARTESIAN_POINT('',(7.356714352,47.91502528,13.710750721));
#1110=DIRECTION('',(-0.707106781,-0.707106781,-0.));
#1111=DIRECTION('',(-0.,0.,-1.));
#1112=AXIS2_PLACEMENT_3D('',#1109,#1110,#1111);
#1113=PLANE('',#1112);
#1114=CARTESIAN_POINT('',(7.698135708,47.573603923,10.693593433));
#1115=DIRECTION('',(0.,-0.,1.));
#1116=VECTOR('',#1115,3.634314575);
#1117=LINE('',#1114,#1116);
#1118=EDGE_CURVE('',#1092,#1070,#1117,.T.);
#1119=ORIENTED_EDGE('',*,*,#1118,.F.);
#1120=ORIENTED_EDGE('',*,*,#1097,.F.);
#1121=ORIENTED_EDGE('',*,*,#358,.F.);
#1122=ORIENTED_EDGE('',*,*,#1081,.F.);
#1123=EDGE_LOOP('',(#1119,#1120,#1121,#1122));
#1124=FACE_BOUND('',#1123,.T.);
#1125=ADVANCED_FACE('',(#1124),#1113,.F.);
#1126=CARTESIAN_POINT('',(7.356714352,47.232182567,13.710750721));
#1127=DIRECTION('',(-0.707106781,0.707106781,0.));
#1128=DIRECTION('',(-0.,-0.,1.));
#1129=AXIS2_PLACEMENT_3D('',#1126,#1127,#1128);
#1130=PLANE('',#1129);
#1131=ORIENTED_EDGE('',*,*,#1103,.F.);
#1132=ORIENTED_EDGE('',*,*,#1118,.T.);
#1133=ORIENTED_EDGE('',*,*,#1075,.F.);
#1134=ORIENTED_EDGE('',*,*,#372,.F.);
#1135=EDGE_LOOP('',(#1131,#1132,#1133,#1134));
#1136=FACE_BOUND('',#1135,.T.);
#1137=ADVANCED_FACE('',(#1136),#1130,.F.);
#1138=CARTESIAN_POINT('',(-1.284707004,50.073603923,3.260750721));
#1139=DIRECTION('',(1.,-0.,-0.));
#1140=DIRECTION('',(-0.,-0.,1.));
#1141=AXIS2_PLACEMENT_3D('',#1138,#1139,#1140);
#1142=PLANE('',#1141);
#1143=ORIENTED_EDGE('',*,*,#274,.F.);
#1144=CARTESIAN_POINT('',(-1.284707004,49.073603923,12.860750721));
#1145=DIRECTION('',(-0.,0.,-1.));
#1146=VECTOR('',#1145,4.);
#1147=LINE('',#1144,#1146);
#1148=EDGE_CURVE('',#260,#123,#1147,.T.);
#1149=ORIENTED_EDGE('',*,*,#1148,.T.);
#1150=ORIENTED_EDGE('',*,*,#130,.T.);
#1151=CARTESIAN_POINT('',(-1.284707004,50.873603923,8.860750721));
#1152=DIRECTION('',(0.,-0.,1.));
#1153=VECTOR('',#1152,4.);
#1154=LINE('',#1151,#1153);
#1155=EDGE_CURVE('',#125,#269,#1154,.T.);
#1156=ORIENTED_EDGE('',*,*,#1155,.T.);
#1157=EDGE_LOOP('',(#1143,#1149,#1150,#1156));
#1158=FACE_BOUND('',#1157,.T.);
#1159=ADVANCED_FACE('',(#1158),#1142,.T.);
#1160=CARTESIAN_POINT('',(0.215292996,48.573603923,3.260750721));
#1161=DIRECTION('',(0.,1.,0.));
#1162=DIRECTION('',(0.,0.,-1.));
#1163=AXIS2_PLACEMENT_3D('',#1160,#1161,#1162);
#1164=PLANE('',#1163);
#1165=ORIENTED_EDGE('',*,*,#257,.F.);
#1166=CARTESIAN_POINT('',(1.215292996,48.573603923,12.860750721));
#1167=DIRECTION('',(0.,0.,-1.));
#1168=VECTOR('',#1167,4.);
#1169=LINE('',#1166,#1168);
#1170=EDGE_CURVE('',#243,#142,#1169,.T.);
#1171=ORIENTED_EDGE('',*,*,#1170,.T.);
#1172=ORIENTED_EDGE('',*,*,#147,.T.);
#1173=CARTESIAN_POINT('',(-0.784707004,48.573603923,8.860750721));
#1174=DIRECTION('',(-0.,-0.,1.));
#1175=VECTOR('',#1174,4.);
#1176=LINE('',#1173,#1175);
#1177=EDGE_CURVE('',#133,#252,#1176,.T.);
#1178=ORIENTED_EDGE('',*,*,#1177,.T.);
#1179=EDGE_LOOP('',(#1165,#1171,#1172,#1178));
#1180=FACE_BOUND('',#1179,.T.);
#1181=ADVANCED_FACE('',(#1180),#1164,.T.);
#1182=CARTESIAN_POINT('',(1.715292996,50.073603923,3.260750721));
#1183=DIRECTION('',(-1.,0.,0.));
#1184=DIRECTION('',(0.,0.,-1.));
#1185=AXIS2_PLACEMENT_3D('',#1182,#1183,#1184);
#1186=PLANE('',#1185);
#1187=ORIENTED_EDGE('',*,*,#164,.T.);
#1188=CARTESIAN_POINT('',(1.715292996,49.073603923,8.860750721));
#1189=DIRECTION('',(-0.,-0.,1.));
#1190=VECTOR('',#1189,4.);
#1191=LINE('',#1188,#1190);
#1192=EDGE_CURVE('',#150,#235,#1191,.T.);
#1193=ORIENTED_EDGE('',*,*,#1192,.T.);
#1194=ORIENTED_EDGE('',*,*,#240,.F.);
#1195=CARTESIAN_POINT('',(1.715292996,50.873603923,12.860750721));
#1196=DIRECTION('',(0.,0.,-1.));
#1197=VECTOR('',#1196,4.);
#1198=LINE('',#1195,#1197);
#1199=EDGE_CURVE('',#233,#159,#1198,.T.);
#1200=ORIENTED_EDGE('',*,*,#1199,.T.);
#1201=EDGE_LOOP('',(#1187,#1193,#1194,#1200));
#1202=FACE_BOUND('',#1201,.T.);
#1203=ADVANCED_FACE('',(#1202),#1186,.T.);
#1204=CARTESIAN_POINT('',(0.215292996,51.373603923,3.260750721));
#1205=DIRECTION('',(-0.,-1.,-0.));
#1206=DIRECTION('',(-0.,-0.,1.));
#1207=AXIS2_PLACEMENT_3D('',#1204,#1205,#1206);
#1208=PLANE('',#1207);
#1209=ORIENTED_EDGE('',*,*,#181,.T.);
#1210=CARTESIAN_POINT('',(1.215292996,51.373603923,8.860750721));
#1211=DIRECTION('',(0.,-0.,1.));
#1212=VECTOR('',#1211,4.);
#1213=LINE('',#1210,#1212);
#1214=EDGE_CURVE('',#167,#286,#1213,.T.);
#1215=ORIENTED_EDGE('',*,*,#1214,.T.);
#1216=ORIENTED_EDGE('',*,*,#291,.F.);
#1217=CARTESIAN_POINT('',(-0.784707004,51.373603923,12.860750721));
#1218=DIRECTION('',(-0.,0.,-1.));
#1219=VECTOR('',#1218,4.);
#1220=LINE('',#1217,#1219);
#1221=EDGE_CURVE('',#277,#176,#1220,.T.);
#1222=ORIENTED_EDGE('',*,*,#1221,.T.);
#1223=EDGE_LOOP('',(#1209,#1215,#1216,#1222));
#1224=FACE_BOUND('',#1223,.T.);
#1225=ADVANCED_FACE('',(#1224),#1208,.T.);
#1226=CARTESIAN_POINT('',(1.215292996,49.073603923,3.260750721));
#1227=DIRECTION('',(0.,0.,-1.));
#1228=DIRECTION('',(1.,-0.,-0.));
#1229=AXIS2_PLACEMENT_3D('',#1226,#1227,#1228);
#1230=CYLINDRICAL_SURFACE('',#1229,0.5);
#1231=ORIENTED_EDGE('',*,*,#156,.F.);
#1232=ORIENTED_EDGE('',*,*,#1170,.F.);
#1233=ORIENTED_EDGE('',*,*,#249,.F.);
#1234=ORIENTED_EDGE('',*,*,#1192,.F.);
#1235=EDGE_LOOP('',(#1231,#1232,#1233,#1234));
#1236=FACE_BOUND('',#1235,.T.);
#1237=ADVANCED_FACE('',(#1236),#1230,.F.);
#1238=CARTESIAN_POINT('',(-0.784707004,49.073603923,3.260750721));
#1239=DIRECTION('',(0.,0.,-1.));
#1240=DIRECTION('',(1.,-0.,-0.));
#1241=AXIS2_PLACEMENT_3D('',#1238,#1239,#1240);
#1242=CYLINDRICAL_SURFACE('',#1241,0.5);
#1243=ORIENTED_EDGE('',*,*,#139,.F.);
#1244=ORIENTED_EDGE('',*,*,#1148,.F.);
#1245=ORIENTED_EDGE('',*,*,#266,.F.);
#1246=ORIENTED_EDGE('',*,*,#1177,.F.);
#1247=EDGE_LOOP('',(#1243,#1244,#1245,#1246));
#1248=FACE_BOUND('',#1247,.T.);
#1249=ADVANCED_FACE('',(#1248),#1242,.F.);
#1250=CARTESIAN_POINT('',(1.215292996,50.873603923,3.260750721));
#1251=DIRECTION('',(0.,0.,-1.));
#1252=DIRECTION('',(1.,-0.,-0.));
#1253=AXIS2_PLACEMENT_3D('',#1250,#1251,#1252);
#1254=CYLINDRICAL_SURFACE('',#1253,0.5);
#1255=ORIENTED_EDGE('',*,*,#173,.F.);
#1256=ORIENTED_EDGE('',*,*,#1199,.F.);
#1257=ORIENTED_EDGE('',*,*,#298,.F.);
#1258=ORIENTED_EDGE('',*,*,#1214,.F.);
#1259=EDGE_LOOP('',(#1255,#1256,#1257,#1258));
#1260=FACE_BOUND('',#1259,.T.);
#1261=ADVANCED_FACE('',(#1260),#1254,.F.);
#1262=CARTESIAN_POINT('',(-0.784707004,50.873603923,3.260750721));
#1263=DIRECTION('',(0.,0.,-1.));
#1264=DIRECTION('',(1.,-0.,-0.));
#1265=AXIS2_PLACEMENT_3D('',#1262,#1263,#1264);
#1266=CYLINDRICAL_SURFACE('',#1265,0.5);
#1267=ORIENTED_EDGE('',*,*,#188,.F.);
#1268=ORIENTED_EDGE('',*,*,#1221,.F.);
#1269=ORIENTED_EDGE('',*,*,#283,.F.);
#1270=ORIENTED_EDGE('',*,*,#1155,.F.);
#1271=EDGE_LOOP('',(#1267,#1268,#1269,#1270));
#1272=FACE_BOUND('',#1271,.T.);
#1273=ADVANCED_FACE('',(#1272),#1266,.F.);
#1274=CARTESIAN_POINT('',(0.315292996,52.373603923,15.560750721));
#1275=DIRECTION('',(-0.,-0.707106781,-0.707106781));
#1276=DIRECTION('',(1.,-0.,0.));
#1277=AXIS2_PLACEMENT_3D('',#1274,#1275,#1276);
#1278=PLANE('',#1277);
#1279=ORIENTED_EDGE('',*,*,#748,.F.);
#1280=ORIENTED_EDGE('',*,*,#504,.F.);
#1281=CARTESIAN_POINT('',(6.215292996,52.373603923,15.560750721));
#1282=DIRECTION('',(-0.,-0.707106781,0.707106781));
#1283=VECTOR('',#1282,0.565685425);
#1284=LINE('',#1281,#1283);
#1285=EDGE_CURVE('',#563,#491,#1284,.T.);
#1286=ORIENTED_EDGE('',*,*,#1285,.F.);
#1287=ORIENTED_EDGE('',*,*,#568,.F.);
#1288=EDGE_LOOP('',(#1279,#1280,#1286,#1287));
#1289=FACE_BOUND('',#1288,.T.);
#1290=ADVANCED_FACE('',(#1289),#1278,.F.);
#1291=CARTESIAN_POINT('',(6.215292996,52.373603923,14.960750721));
#1292=DIRECTION('',(-0.,-1.,-0.));
#1293=DIRECTION('',(0.,-0.,1.));
#1294=AXIS2_PLACEMENT_3D('',#1291,#1292,#1293);
#1295=CONICAL_SURFACE('',#1294,0.6,45.);
#1296=ORIENTED_EDGE('',*,*,#1285,.T.);
#1297=ORIENTED_EDGE('',*,*,#815,.F.);
#1298=CARTESIAN_POINT('',(6.815292996,52.373603923,14.960750721));
#1299=DIRECTION('',(0.707106781,-0.707106781,0.));
#1300=VECTOR('',#1299,0.565685425);
#1301=LINE('',#1298,#1300);
#1302=EDGE_CURVE('',#571,#319,#1301,.T.);
#1303=ORIENTED_EDGE('',*,*,#1302,.F.);
#1304=ORIENTED_EDGE('',*,*,#577,.F.);
#1305=EDGE_LOOP('',(#1296,#1297,#1303,#1304));
#1306=FACE_BOUND('',#1305,.T.);
#1307=ADVANCED_FACE('',(#1306),#1295,.T.);
#1308=CARTESIAN_POINT('',(6.815292996,52.373603923,16.160750721));
#1309=DIRECTION('',(-0.707106781,-0.707106781,0.));
#1310=DIRECTION('',(-0.,0.,-1.));
#1311=AXIS2_PLACEMENT_3D('',#1308,#1309,#1310);
#1312=PLANE('',#1311);
#1313=ORIENTED_EDGE('',*,*,#1302,.T.);
#1314=ORIENTED_EDGE('',*,*,#324,.F.);
#1315=CARTESIAN_POINT('',(6.815292996,52.373603923,9.860750721));
#1316=DIRECTION('',(0.707106781,-0.707106781,-0.));
#1317=VECTOR('',#1316,0.565685425);
#1318=LINE('',#1315,#1317);
#1319=EDGE_CURVE('',#580,#311,#1318,.T.);
#1320=ORIENTED_EDGE('',*,*,#1319,.F.);
#1321=ORIENTED_EDGE('',*,*,#585,.F.);
#1322=EDGE_LOOP('',(#1313,#1314,#1320,#1321));
#1323=FACE_BOUND('',#1322,.T.);
#1324=ADVANCED_FACE('',(#1323),#1312,.F.);
#1325=CARTESIAN_POINT('',(6.215292996,52.373603923,9.860750721));
#1326=DIRECTION('',(-0.,-1.,-0.));
#1327=DIRECTION('',(0.,-0.,1.));
#1328=AXIS2_PLACEMENT_3D('',#1325,#1326,#1327);
#1329=CONICAL_SURFACE('',#1328,0.6,45.);
#1330=ORIENTED_EDGE('',*,*,#1319,.T.);
#1331=ORIENTED_EDGE('',*,*,#839,.F.);
#1332=CARTESIAN_POINT('',(6.215292996,52.373603923,9.260750721));
#1333=DIRECTION('',(-0.,-0.707106781,-0.707106781));
#1334=VECTOR('',#1333,0.565685425);
#1335=LINE('',#1332,#1334);
#1336=EDGE_CURVE('',#588,#99,#1335,.T.);
#1337=ORIENTED_EDGE('',*,*,#1336,.F.);
#1338=ORIENTED_EDGE('',*,*,#594,.F.);
#1339=EDGE_LOOP('',(#1330,#1331,#1337,#1338));
#1340=FACE_BOUND('',#1339,.T.);
#1341=ADVANCED_FACE('',(#1340),#1329,.T.);
#1342=CARTESIAN_POINT('',(0.430585992,51.973603923,8.860750721));
#1343=DIRECTION('',(0.,0.707106781,-0.707106781));
#1344=DIRECTION('',(-1.,0.,0.));
#1345=AXIS2_PLACEMENT_3D('',#1342,#1343,#1344);
#1346=PLANE('',#1345);
#1347=ORIENTED_EDGE('',*,*,#1336,.T.);
#1348=ORIENTED_EDGE('',*,*,#104,.F.);
#1349=CARTESIAN_POINT('',(-5.784707004,52.373603923,9.260750721));
#1350=DIRECTION('',(-0.,-0.707106781,-0.707106781));
#1351=VECTOR('',#1350,0.565685425);
#1352=LINE('',#1349,#1351);
#1353=EDGE_CURVE('',#597,#91,#1352,.T.);
#1354=ORIENTED_EDGE('',*,*,#1353,.F.);
#1355=ORIENTED_EDGE('',*,*,#602,.F.);
#1356=EDGE_LOOP('',(#1347,#1348,#1354,#1355));
#1357=FACE_BOUND('',#1356,.T.);
#1358=ADVANCED_FACE('',(#1357),#1346,.T.);
#1359=CARTESIAN_POINT('',(-5.784707004,52.373603923,9.860750721));
#1360=DIRECTION('',(-0.,-1.,-0.));
#1361=DIRECTION('',(0.,-0.,1.));
#1362=AXIS2_PLACEMENT_3D('',#1359,#1360,#1361);
#1363=CONICAL_SURFACE('',#1362,0.6,45.);
#1364=ORIENTED_EDGE('',*,*,#1353,.T.);
#1365=ORIENTED_EDGE('',*,*,#791,.F.);
#1366=CARTESIAN_POINT('',(-6.384707004,52.373603923,9.860750721));
#1367=DIRECTION('',(-0.707106781,-0.707106781,-0.));
#1368=VECTOR('',#1367,0.565685425);
#1369=LINE('',#1366,#1368);
#1370=EDGE_CURVE('',#605,#393,#1369,.T.);
#1371=ORIENTED_EDGE('',*,*,#1370,.F.);
#1372=ORIENTED_EDGE('',*,*,#611,.F.);
#1373=EDGE_LOOP('',(#1364,#1365,#1371,#1372));
#1374=FACE_BOUND('',#1373,.T.);
#1375=ADVANCED_FACE('',(#1374),#1363,.T.);
#1376=CARTESIAN_POINT('',(-6.784707004,51.973603923,16.160750721));
#1377=DIRECTION('',(0.707106781,-0.707106781,-0.));
#1378=DIRECTION('',(0.,0.,-1.));
#1379=AXIS2_PLACEMENT_3D('',#1376,#1377,#1378);
#1380=PLANE('',#1379);
#1381=ORIENTED_EDGE('',*,*,#1370,.T.);
#1382=ORIENTED_EDGE('',*,*,#398,.F.);
#1383=CARTESIAN_POINT('',(-6.384707004,52.373603923,14.960750721));
#1384=DIRECTION('',(-0.707106781,-0.707106781,0.));
#1385=VECTOR('',#1384,0.565685425);
#1386=LINE('',#1383,#1385);
#1387=EDGE_CURVE('',#529,#385,#1386,.T.);
#1388=ORIENTED_EDGE('',*,*,#1387,.F.);
#1389=ORIENTED_EDGE('',*,*,#617,.F.);
#1390=EDGE_LOOP('',(#1381,#1382,#1388,#1389));
#1391=FACE_BOUND('',#1390,.T.);
#1392=ADVANCED_FACE('',(#1391),#1380,.F.);
#1393=CARTESIAN_POINT('',(-5.784707004,52.373603923,14.960750721));
#1394=DIRECTION('',(-0.,-1.,-0.));
#1395=DIRECTION('',(0.,-0.,1.));
#1396=AXIS2_PLACEMENT_3D('',#1393,#1394,#1395);
#1397=CONICAL_SURFACE('',#1396,0.6,45.);
#1398=ORIENTED_EDGE('',*,*,#1387,.T.);
#1399=ORIENTED_EDGE('',*,*,#767,.F.);
#1400=CARTESIAN_POINT('',(-5.784707004,52.373603923,15.560750721));
#1401=DIRECTION('',(-0.,-0.707106781,0.707106781));
#1402=VECTOR('',#1401,0.565685425);
#1403=LINE('',#1400,#1402);
#1404=EDGE_CURVE('',#531,#467,#1403,.T.);
#1405=ORIENTED_EDGE('',*,*,#1404,.F.);
#1406=ORIENTED_EDGE('',*,*,#537,.F.);
#1407=EDGE_LOOP('',(#1398,#1399,#1405,#1406));
#1408=FACE_BOUND('',#1407,.T.);
#1409=ADVANCED_FACE('',(#1408),#1397,.T.);
#1410=CARTESIAN_POINT('',(0.115292996,52.373603923,15.560750721));
#1411=DIRECTION('',(-0.,-0.707106781,-0.707106781));
#1412=DIRECTION('',(1.,-0.,0.));
#1413=AXIS2_PLACEMENT_3D('',#1410,#1411,#1412);
#1414=PLANE('',#1413);
#1415=ORIENTED_EDGE('',*,*,#1404,.T.);
#1416=ORIENTED_EDGE('',*,*,#472,.F.);
#1417=ORIENTED_EDGE('',*,*,#708,.F.);
#1418=ORIENTED_EDGE('',*,*,#545,.F.);
#1419=EDGE_LOOP('',(#1415,#1416,#1417,#1418));
#1420=FACE_BOUND('',#1419,.T.);
#1421=ADVANCED_FACE('',(#1420),#1414,.F.);
#1422=CLOSED_SHELL('',(#192,#302,#376,#450,#522,#621,#697,#720,#737,#755,#779,#803,#827,#851,#873,#890,#907,#924,#941,#958,#975,#987,#1010,#1033,#1050,#1062,
#1085,#1108,#1125,#1137,#1159,#1181,#1203,#1225,#1237,#1249,#1261,#1273,#1290,#1307,#1324,#1341,#1358,#1375,#1392,#1409,#1421));
#1423=MANIFOLD_SOLID_BREP('drawer',#1422);
#1424=DRAUGHTING_PRE_DEFINED_COLOUR('white');
#1425=FILL_AREA_STYLE_COLOUR('',#1424);
#1426=FILL_AREA_STYLE('',(#1425));
#1427=SURFACE_STYLE_FILL_AREA(#1426);
#1428=SURFACE_SIDE_STYLE('',(#1427));
#1429=SURFACE_STYLE_USAGE(.BOTH.,#1428);
#1430=PRESENTATION_STYLE_ASSIGNMENT((#1429));
#82=STYLED_ITEM('',(#1430),#1423);
#1432=CARTESIAN_POINT('',(131.680585992,-3.494859958,9.060750721));
#1433=DIRECTION('',(0.,-0.,1.));
#1434=DIRECTION('',(1.,-0.,-0.));
#1435=AXIS2_PLACEMENT_3D('',#1432,#1433,#1434);
#1436=PLANE('',#1435);
#1437=CARTESIAN_POINT('',(125.465292996,46.623603923,9.060750721));
#1438=VERTEX_POINT('',#1437);
#1439=CARTESIAN_POINT('',(125.465292996,52.023603923,9.060750721));
#1440=VERTEX_POINT('',#1439);
#1441=CARTESIAN_POINT('',(125.465292996,46.623603923,9.060750721));
#1442=DIRECTION('',(0.,1.,0.));
#1443=VECTOR('',#1442,5.4);
#1444=LINE('',#1441,#1443);
#1445=EDGE_CURVE('',#1438,#1440,#1444,.T.);
#1446=ORIENTED_EDGE('',*,*,#1445,.T.);
#1447=CARTESIAN_POINT('',(137.465292996,52.023603923,9.060750721));
#1448=VERTEX_POINT('',#1447);
#1449=CARTESIAN_POINT('',(125.465292996,52.023603923,9.060750721));
#1450=DIRECTION('',(1.,-0.,-0.));
#1451=VECTOR('',#1450,12.);
#1452=LINE('',#1449,#1451);
#1453=EDGE_CURVE('',#1440,#1448,#1452,.T.);
#1454=ORIENTED_EDGE('',*,*,#1453,.T.);
#1455=CARTESIAN_POINT('',(137.465292996,46.623603923,9.060750721));
#1456=VERTEX_POINT('',#1455);
#1457=CARTESIAN_POINT('',(137.465292996,52.023603923,9.060750721));
#1458=DIRECTION('',(-0.,-1.,-0.));
#1459=VECTOR('',#1458,5.4);
#1460=LINE('',#1457,#1459);
#1461=EDGE_CURVE('',#1448,#1456,#1460,.T.);
#1462=ORIENTED_EDGE('',*,*,#1461,.T.);
#1463=CARTESIAN_POINT('',(137.465292996,46.623603923,9.060750721));
#1464=DIRECTION('',(-1.,0.,0.));
#1465=VECTOR('',#1464,12.);
#1466=LINE('',#1463,#1465);
#1467=EDGE_CURVE('',#1456,#1438,#1466,.T.);
#1468=ORIENTED_EDGE('',*,*,#1467,.T.);
#1469=EDGE_LOOP('',(#1446,#1454,#1462,#1468));
#1470=FACE_BOUND('',#1469,.T.);
#1471=CARTESIAN_POINT('',(129.965292996,49.123603923,9.060750721));
#1472=VERTEX_POINT('',#1471);
#1473=CARTESIAN_POINT('',(129.965292996,50.923603923,9.060750721));
#1474=VERTEX_POINT('',#1473);
#1475=CARTESIAN_POINT('',(129.965292996,49.123603923,9.060750721));
#1476=DIRECTION('',(0.,1.,0.));
#1477=VECTOR('',#1476,1.8);
#1478=LINE('',#1475,#1477);
#1479=EDGE_CURVE('',#1472,#1474,#1478,.T.);
#1480=ORIENTED_EDGE('',*,*,#1479,.F.);
#1481=CARTESIAN_POINT('',(130.465292996,48.623603923,9.060750721));
#1482=VERTEX_POINT('',#1481);
#1483=CARTESIAN_POINT('',(130.465292996,49.123603923,9.060750721));
#1484=DIRECTION('',(0.,-0.,1.));
#1485=DIRECTION('',(1.,0.,0.));
#1486=AXIS2_PLACEMENT_3D('',#1483,#1484,#1485);
#1487=CIRCLE('',#1486,0.5);
#1488=EDGE_CURVE('',#1472,#1482,#1487,.T.);
#1489=ORIENTED_EDGE('',*,*,#1488,.T.);
#1490=CARTESIAN_POINT('',(132.465292996,48.623603923,9.060750721));
#1491=VERTEX_POINT('',#1490);
#1492=CARTESIAN_POINT('',(132.465292996,48.623603923,9.060750721));
#1493=DIRECTION('',(-1.,0.,0.));
#1494=VECTOR('',#1493,2.);
#1495=LINE('',#1492,#1494);
#1496=EDGE_CURVE('',#1491,#1482,#1495,.T.);
#1497=ORIENTED_EDGE('',*,*,#1496,.F.);
#1498=CARTESIAN_POINT('',(132.965292996,49.123603923,9.060750721));
#1499=VERTEX_POINT('',#1498);
#1500=CARTESIAN_POINT('',(132.465292996,49.123603923,9.060750721));
#1501=DIRECTION('',(0.,-0.,1.));
#1502=DIRECTION('',(1.,0.,0.));
#1503=AXIS2_PLACEMENT_3D('',#1500,#1501,#1502);
#1504=CIRCLE('',#1503,0.5);
#1505=EDGE_CURVE('',#1491,#1499,#1504,.T.);
#1506=ORIENTED_EDGE('',*,*,#1505,.T.);
#1507=CARTESIAN_POINT('',(132.965292996,50.923603923,9.060750721));
#1508=VERTEX_POINT('',#1507);
#1509=CARTESIAN_POINT('',(132.965292996,50.923603923,9.060750721));
#1510=DIRECTION('',(-0.,-1.,-0.));
#1511=VECTOR('',#1510,1.8);
#1512=LINE('',#1509,#1511);
#1513=EDGE_CURVE('',#1508,#1499,#1512,.T.);
#1514=ORIENTED_EDGE('',*,*,#1513,.F.);
#1515=CARTESIAN_POINT('',(132.465292996,51.423603923,9.060750721));
#1516=VERTEX_POINT('',#1515);
#1517=CARTESIAN_POINT('',(132.465292996,50.923603923,9.060750721));
#1518=DIRECTION('',(0.,-0.,1.));
#1519=DIRECTION('',(1.,0.,0.));
#1520=AXIS2_PLACEMENT_3D('',#1517,#1518,#1519);
#1521=CIRCLE('',#1520,0.5);
#1522=EDGE_CURVE('',#1508,#1516,#1521,.T.);
#1523=ORIENTED_EDGE('',*,*,#1522,.T.);
#1524=CARTESIAN_POINT('',(130.465292996,51.423603923,9.060750721));
#1525=VERTEX_POINT('',#1524);
#1526=CARTESIAN_POINT('',(130.465292996,51.423603923,9.060750721));
#1527=DIRECTION('',(1.,-0.,-0.));
#1528=VECTOR('',#1527,2.);
#1529=LINE('',#1526,#1528);
#1530=EDGE_CURVE('',#1525,#1516,#1529,.T.);
#1531=ORIENTED_EDGE('',*,*,#1530,.F.);
#1532=CARTESIAN_POINT('',(130.465292996,50.923603923,9.060750721));
#1533=DIRECTION('',(0.,-0.,1.));
#1534=DIRECTION('',(1.,0.,0.));
#1535=AXIS2_PLACEMENT_3D('',#1532,#1533,#1534);
#1536=CIRCLE('',#1535,0.5);
#1537=EDGE_CURVE('',#1525,#1474,#1536,.T.);
#1538=ORIENTED_EDGE('',*,*,#1537,.T.);
#1539=EDGE_LOOP('',(#1480,#1489,#1497,#1506,#1514,#1523,#1531,#1538));
#1540=FACE_BOUND('',#1539,.T.);
#1541=ADVANCED_FACE('',(#1470,#1540),#1436,.F.);
#1542=CARTESIAN_POINT('',(131.680585992,-3.494859958,13.060750721));
#1543=DIRECTION('',(0.,-0.,1.));
#1544=DIRECTION('',(-1.,0.,0.));
#1545=AXIS2_PLACEMENT_3D('',#1542,#1543,#1544);
#1546=PLANE('',#1545);
#1547=CARTESIAN_POINT('',(126.365292996,47.423603923,13.060750721));
#1548=VERTEX_POINT('',#1547);
#1549=CARTESIAN_POINT('',(126.365292996,52.423603923,13.060750721));
#1550=VERTEX_POINT('',#1549);
#1551=CARTESIAN_POINT('',(126.365292996,47.423603923,13.060750721));
#1552=DIRECTION('',(0.,1.,0.));
#1553=VECTOR('',#1552,5.);
#1554=LINE('',#1551,#1553);
#1555=EDGE_CURVE('',#1548,#1550,#1554,.T.);
#1556=ORIENTED_EDGE('',*,*,#1555,.F.);
#1557=CARTESIAN_POINT('',(136.565292996,47.423603923,13.060750721));
#1558=VERTEX_POINT('',#1557);
#1559=CARTESIAN_POINT('',(136.565292996,47.423603923,13.060750721));
#1560=DIRECTION('',(-1.,0.,0.));
#1561=VECTOR('',#1560,10.2);
#1562=LINE('',#1559,#1561);
#1563=EDGE_CURVE('',#1558,#1548,#1562,.T.);
#1564=ORIENTED_EDGE('',*,*,#1563,.F.);
#1565=CARTESIAN_POINT('',(136.565292996,52.423603923,13.060750721));
#1566=VERTEX_POINT('',#1565);
#1567=CARTESIAN_POINT('',(136.565292996,52.423603923,13.060750721));
#1568=DIRECTION('',(-0.,-1.,-0.));
#1569=VECTOR('',#1568,5.);
#1570=LINE('',#1567,#1569);
#1571=EDGE_CURVE('',#1566,#1558,#1570,.T.);
#1572=ORIENTED_EDGE('',*,*,#1571,.F.);
#1573=CARTESIAN_POINT('',(126.365292996,52.423603923,13.060750721));
#1574=DIRECTION('',(1.,-0.,-0.));
#1575=VECTOR('',#1574,10.2);
#1576=LINE('',#1573,#1575);
#1577=EDGE_CURVE('',#1550,#1566,#1576,.T.);
#1578=ORIENTED_EDGE('',*,*,#1577,.F.);
#1579=EDGE_LOOP('',(#1556,#1564,#1572,#1578));
#1580=FACE_BOUND('',#1579,.T.);
#1581=CARTESIAN_POINT('',(132.965292996,50.923603923,13.060750721));
#1582=VERTEX_POINT('',#1581);
#1583=CARTESIAN_POINT('',(132.965292996,49.123603923,13.060750721));
#1584=VERTEX_POINT('',#1583);
#1585=CARTESIAN_POINT('',(132.965292996,50.923603923,13.060750721));
#1586=DIRECTION('',(-0.,-1.,-0.));
#1587=VECTOR('',#1586,1.8);
#1588=LINE('',#1585,#1587);
#1589=EDGE_CURVE('',#1582,#1584,#1588,.T.);
#1590=ORIENTED_EDGE('',*,*,#1589,.T.);
#1591=CARTESIAN_POINT('',(132.465292996,48.623603923,13.060750721));
#1592=VERTEX_POINT('',#1591);
#1593=CARTESIAN_POINT('',(132.465292996,49.123603923,13.060750721));
#1594=DIRECTION('',(-0.,0.,-1.));
#1595=DIRECTION('',(0.,-1.,-0.));
#1596=AXIS2_PLACEMENT_3D('',#1593,#1594,#1595);
#1597=CIRCLE('',#1596,0.5);
#1598=EDGE_CURVE('',#1584,#1592,#1597,.T.);
#1599=ORIENTED_EDGE('',*,*,#1598,.T.);
#1600=CARTESIAN_POINT('',(130.465292996,48.623603923,13.060750721));
#1601=VERTEX_POINT('',#1600);
#1602=CARTESIAN_POINT('',(132.465292996,48.623603923,13.060750721));
#1603=DIRECTION('',(-1.,0.,0.));
#1604=VECTOR('',#1603,2.);
#1605=LINE('',#1602,#1604);
#1606=EDGE_CURVE('',#1592,#1601,#1605,.T.);
#1607=ORIENTED_EDGE('',*,*,#1606,.T.);
#1608=CARTESIAN_POINT('',(129.965292996,49.123603923,13.060750721));
#1609=VERTEX_POINT('',#1608);
#1610=CARTESIAN_POINT('',(130.465292996,49.123603923,13.060750721));
#1611=DIRECTION('',(-0.,0.,-1.));
#1612=DIRECTION('',(0.,-1.,-0.));
#1613=AXIS2_PLACEMENT_3D('',#1610,#1611,#1612);
#1614=CIRCLE('',#1613,0.5);
#1615=EDGE_CURVE('',#1601,#1609,#1614,.T.);
#1616=ORIENTED_EDGE('',*,*,#1615,.T.);
#1617=CARTESIAN_POINT('',(129.965292996,50.923603923,13.060750721));
#1618=VERTEX_POINT('',#1617);
#1619=CARTESIAN_POINT('',(129.965292996,49.123603923,13.060750721));
#1620=DIRECTION('',(0.,1.,0.));
#1621=VECTOR('',#1620,1.8);
#1622=LINE('',#1619,#1621);
#1623=EDGE_CURVE('',#1609,#1618,#1622,.T.);
#1624=ORIENTED_EDGE('',*,*,#1623,.T.);
#1625=CARTESIAN_POINT('',(130.465292996,51.423603923,13.060750721));
#1626=VERTEX_POINT('',#1625);
#1627=CARTESIAN_POINT('',(130.465292996,50.923603923,13.060750721));
#1628=DIRECTION('',(-0.,0.,-1.));
#1629=DIRECTION('',(0.,-1.,-0.));
#1630=AXIS2_PLACEMENT_3D('',#1627,#1628,#1629);
#1631=CIRCLE('',#1630,0.5);
#1632=EDGE_CURVE('',#1618,#1626,#1631,.T.);
#1633=ORIENTED_EDGE('',*,*,#1632,.T.);
#1634=CARTESIAN_POINT('',(132.465292996,51.423603923,13.060750721));
#1635=VERTEX_POINT('',#1634);
#1636=CARTESIAN_POINT('',(130.465292996,51.423603923,13.060750721));
#1637=DIRECTION('',(1.,-0.,-0.));
#1638=VECTOR('',#1637,2.);
#1639=LINE('',#1636,#1638);
#1640=EDGE_CURVE('',#1626,#1635,#1639,.T.);
#1641=ORIENTED_EDGE('',*,*,#1640,.T.);
#1642=CARTESIAN_POINT('',(132.465292996,50.923603923,13.060750721));
#1643=DIRECTION('',(-0.,0.,-1.));
#1644=DIRECTION('',(0.,-1.,-0.));
#1645=AXIS2_PLACEMENT_3D('',#1642,#1643,#1644);
#1646=CIRCLE('',#1645,0.5);
#1647=EDGE_CURVE('',#1635,#1582,#1646,.T.);
#1648=ORIENTED_EDGE('',*,*,#1647,.T.);
#1649=EDGE_LOOP('',(#1590,#1599,#1607,#1616,#1624,#1633,#1641,#1648));
#1650=FACE_BOUND('',#1649,.T.);
#1651=ADVANCED_FACE('',(#1580,#1650),#1546,.T.);
#1652=CARTESIAN_POINT('',(138.465292996,49.523603923,16.360750721));
#1653=DIRECTION('',(1.,-0.,-0.));
#1654=DIRECTION('',(-0.,-0.,1.));
#1655=AXIS2_PLACEMENT_3D('',#1652,#1653,#1654);
#1656=PLANE('',#1655);
#1657=CARTESIAN_POINT('',(138.465292996,46.623603923,10.060750721));
#1658=VERTEX_POINT('',#1657);
#1659=CARTESIAN_POINT('',(138.465292996,52.023603923,10.060750721));
#1660=VERTEX_POINT('',#1659);
#1661=CARTESIAN_POINT('',(138.465292996,46.623603923,10.060750721));
#1662=DIRECTION('',(0.,1.,0.));
#1663=VECTOR('',#1662,5.4);
#1664=LINE('',#1661,#1663);
#1665=EDGE_CURVE('',#1658,#1660,#1664,.T.);
#1666=ORIENTED_EDGE('',*,*,#1665,.T.);
#1667=CARTESIAN_POINT('',(138.465292996,52.023603923,15.160750721));
#1668=VERTEX_POINT('',#1667);
#1669=CARTESIAN_POINT('',(138.465292996,52.023603923,10.060750721));
#1670=DIRECTION('',(0.,-0.,1.));
#1671=VECTOR('',#1670,5.1);
#1672=LINE('',#1669,#1671);
#1673=EDGE_CURVE('',#1660,#1668,#1672,.T.);
#1674=ORIENTED_EDGE('',*,*,#1673,.T.);
#1675=CARTESIAN_POINT('',(138.465292996,46.623603923,15.160750721));
#1676=VERTEX_POINT('',#1675);
#1677=CARTESIAN_POINT('',(138.465292996,52.023603923,15.160750721));
#1678=DIRECTION('',(-0.,-1.,-0.));
#1679=VECTOR('',#1678,5.4);
#1680=LINE('',#1677,#1679);
#1681=EDGE_CURVE('',#1668,#1676,#1680,.T.);
#1682=ORIENTED_EDGE('',*,*,#1681,.T.);
#1683=CARTESIAN_POINT('',(138.465292996,46.623603923,15.160750721));
#1684=DIRECTION('',(0.,0.,-1.));
#1685=VECTOR('',#1684,5.1);
#1686=LINE('',#1683,#1685);
#1687=EDGE_CURVE('',#1676,#1658,#1686,.T.);
#1688=ORIENTED_EDGE('',*,*,#1687,.T.);
#1689=EDGE_LOOP('',(#1666,#1674,#1682,#1688));
#1690=FACE_BOUND('',#1689,.T.);
#1691=CARTESIAN_POINT('',(138.465292996,47.140761211,15.010750721));
#1692=VERTEX_POINT('',#1691);
#1693=CARTESIAN_POINT('',(138.465292996,48.106446636,15.010750721));
#1694=VERTEX_POINT('',#1693);
#1695=CARTESIAN_POINT('',(138.465292996,47.140761211,15.010750721));
#1696=DIRECTION('',(0.,1.,0.));
#1697=VECTOR('',#1696,0.965685425);
#1698=LINE('',#1695,#1697);
#1699=EDGE_CURVE('',#1692,#1694,#1698,.T.);
#1700=ORIENTED_EDGE('',*,*,#1699,.T.);
#1701=CARTESIAN_POINT('',(138.465292996,48.106446636,10.410750721));
#1702=VERTEX_POINT('',#1701);
#1703=CARTESIAN_POINT('',(138.465292996,48.106446636,15.010750721));
#1704=DIRECTION('',(-0.,0.,-1.));
#1705=VECTOR('',#1704,4.6);
#1706=LINE('',#1703,#1705);
#1707=EDGE_CURVE('',#1694,#1702,#1706,.T.);
#1708=ORIENTED_EDGE('',*,*,#1707,.T.);
#1709=CARTESIAN_POINT('',(138.465292996,47.140761211,10.410750721));
#1710=VERTEX_POINT('',#1709);
#1711=CARTESIAN_POINT('',(138.465292996,48.106446636,10.410750721));
#1712=DIRECTION('',(-0.,-1.,-0.));
#1713=VECTOR('',#1712,0.965685425);
#1714=LINE('',#1711,#1713);
#1715=EDGE_CURVE('',#1702,#1710,#1714,.T.);
#1716=ORIENTED_EDGE('',*,*,#1715,.T.);
#1717=CARTESIAN_POINT('',(138.465292996,47.140761211,10.410750721));
#1718=DIRECTION('',(-0.,-0.,1.));
#1719=VECTOR('',#1718,4.6);
#1720=LINE('',#1717,#1719);
#1721=EDGE_CURVE('',#1710,#1692,#1720,.T.);
#1722=ORIENTED_EDGE('',*,*,#1721,.T.);
#1723=EDGE_LOOP('',(#1700,#1708,#1716,#1722));
#1724=FACE_BOUND('',#1723,.T.);
#1725=ADVANCED_FACE('',(#1690,#1724),#1656,.T.);
#1726=CARTESIAN_POINT('',(124.465292996,49.523603923,16.360750721));
#1727=DIRECTION('',(-1.,0.,0.));
#1728=DIRECTION('',(0.,0.,-1.));
#1729=AXIS2_PLACEMENT_3D('',#1726,#1727,#1728);
#1730=PLANE('',#1729);
#1731=CARTESIAN_POINT('',(124.465292996,46.623603923,15.160750721));
#1732=VERTEX_POINT('',#1731);
#1733=CARTESIAN_POINT('',(124.465292996,52.023603923,15.160750721));
#1734=VERTEX_POINT('',#1733);
#1735=CARTESIAN_POINT('',(124.465292996,46.623603923,15.160750721));
#1736=DIRECTION('',(0.,1.,0.));
#1737=VECTOR('',#1736,5.4);
#1738=LINE('',#1735,#1737);
#1739=EDGE_CURVE('',#1732,#1734,#1738,.T.);
#1740=ORIENTED_EDGE('',*,*,#1739,.T.);
#1741=CARTESIAN_POINT('',(124.465292996,52.023603923,10.060750721));
#1742=VERTEX_POINT('',#1741);
#1743=CARTESIAN_POINT('',(124.465292996,52.023603923,15.160750721));
#1744=DIRECTION('',(0.,0.,-1.));
#1745=VECTOR('',#1744,5.1);
#1746=LINE('',#1743,#1745);
#1747=EDGE_CURVE('',#1734,#1742,#1746,.T.);
#1748=ORIENTED_EDGE('',*,*,#1747,.T.);
#1749=CARTESIAN_POINT('',(124.465292996,46.623603923,10.060750721));
#1750=VERTEX_POINT('',#1749);
#1751=CARTESIAN_POINT('',(124.465292996,52.023603923,10.060750721));
#1752=DIRECTION('',(-0.,-1.,-0.));
#1753=VECTOR('',#1752,5.4);
#1754=LINE('',#1751,#1753);
#1755=EDGE_CURVE('',#1742,#1750,#1754,.T.);
#1756=ORIENTED_EDGE('',*,*,#1755,.T.);
#1757=CARTESIAN_POINT('',(124.465292996,46.623603923,10.060750721));
#1758=DIRECTION('',(0.,-0.,1.));
#1759=VECTOR('',#1758,5.1);
#1760=LINE('',#1757,#1759);
#1761=EDGE_CURVE('',#1750,#1732,#1760,.T.);
#1762=ORIENTED_EDGE('',*,*,#1761,.T.);
#1763=EDGE_LOOP('',(#1740,#1748,#1756,#1762));
#1764=FACE_BOUND('',#1763,.T.);
#1765=CARTESIAN_POINT('',(124.465292996,48.106446636,15.010750721));
#1766=VERTEX_POINT('',#1765);
#1767=CARTESIAN_POINT('',(124.465292996,47.140761211,15.010750721));
#1768=VERTEX_POINT('',#1767);
#1769=CARTESIAN_POINT('',(124.465292996,48.106446636,15.010750721));
#1770=DIRECTION('',(-0.,-1.,-0.));
#1771=VECTOR('',#1770,0.965685425);
#1772=LINE('',#1769,#1771);
#1773=EDGE_CURVE('',#1766,#1768,#1772,.T.);
#1774=ORIENTED_EDGE('',*,*,#1773,.T.);
#1775=CARTESIAN_POINT('',(124.465292996,47.140761211,10.410750721));
#1776=VERTEX_POINT('',#1775);
#1777=CARTESIAN_POINT('',(124.465292996,47.140761211,15.010750721));
#1778=DIRECTION('',(-0.,0.,-1.));
#1779=VECTOR('',#1778,4.6);
#1780=LINE('',#1777,#1779);
#1781=EDGE_CURVE('',#1768,#1776,#1780,.T.);
#1782=ORIENTED_EDGE('',*,*,#1781,.T.);
#1783=CARTESIAN_POINT('',(124.465292996,48.106446636,10.410750721));
#1784=VERTEX_POINT('',#1783);
#1785=CARTESIAN_POINT('',(124.465292996,47.140761211,10.410750721));
#1786=DIRECTION('',(0.,1.,0.));
#1787=VECTOR('',#1786,0.965685425);
#1788=LINE('',#1785,#1787);
#1789=EDGE_CURVE('',#1776,#1784,#1788,.T.);
#1790=ORIENTED_EDGE('',*,*,#1789,.T.);
#1791=CARTESIAN_POINT('',(124.465292996,48.106446636,10.410750721));
#1792=DIRECTION('',(-0.,-0.,1.));
#1793=VECTOR('',#1792,4.6);
#1794=LINE('',#1791,#1793);
#1795=EDGE_CURVE('',#1784,#1766,#1794,.T.);
#1796=ORIENTED_EDGE('',*,*,#1795,.T.);
#1797=EDGE_LOOP('',(#1774,#1782,#1790,#1796));
#1798=FACE_BOUND('',#1797,.T.);
#1799=ADVANCED_FACE('',(#1764,#1798),#1730,.T.);
#1800=CARTESIAN_POINT('',(131.680585992,-3.494859958,16.160750721));
#1801=DIRECTION('',(0.,-0.,1.));
#1802=DIRECTION('',(1.,-0.,-0.));
#1803=AXIS2_PLACEMENT_3D('',#1800,#1801,#1802);
#1804=PLANE('',#1803);
#1805=CARTESIAN_POINT('',(126.365292996,47.423603923,16.160750721));
#1806=VERTEX_POINT('',#1805);
#1807=CARTESIAN_POINT('',(126.365292996,52.023603923,16.160750721));
#1808=VERTEX_POINT('',#1807);
#1809=CARTESIAN_POINT('',(126.365292996,47.423603923,16.160750721));
#1810=DIRECTION('',(0.,1.,0.));
#1811=VECTOR('',#1810,4.6);
#1812=LINE('',#1809,#1811);
#1813=EDGE_CURVE('',#1806,#1808,#1812,.T.);
#1814=ORIENTED_EDGE('',*,*,#1813,.T.);
#1815=CARTESIAN_POINT('',(125.465292996,52.023603923,16.160750721));
#1816=VERTEX_POINT('',#1815);
#1817=CARTESIAN_POINT('',(126.365292996,52.023603923,16.160750721));
#1818=DIRECTION('',(-1.,0.,0.));
#1819=VECTOR('',#1818,0.9);
#1820=LINE('',#1817,#1819);
#1821=EDGE_CURVE('',#1808,#1816,#1820,.T.);
#1822=ORIENTED_EDGE('',*,*,#1821,.T.);
#1823=CARTESIAN_POINT('',(125.465292996,46.623603923,16.160750721));
#1824=VERTEX_POINT('',#1823);
#1825=CARTESIAN_POINT('',(125.465292996,52.023603923,16.160750721));
#1826=DIRECTION('',(-0.,-1.,-0.));
#1827=VECTOR('',#1826,5.4);
#1828=LINE('',#1825,#1827);
#1829=EDGE_CURVE('',#1816,#1824,#1828,.T.);
#1830=ORIENTED_EDGE('',*,*,#1829,.T.);
#1831=CARTESIAN_POINT('',(137.465292996,46.623603923,16.160750721));
#1832=VERTEX_POINT('',#1831);
#1833=CARTESIAN_POINT('',(125.465292996,46.623603923,16.160750721));
#1834=DIRECTION('',(1.,-0.,-0.));
#1835=VECTOR('',#1834,12.);
#1836=LINE('',#1833,#1835);
#1837=EDGE_CURVE('',#1824,#1832,#1836,.T.);
#1838=ORIENTED_EDGE('',*,*,#1837,.T.);
#1839=CARTESIAN_POINT('',(137.465292996,52.023603923,16.160750721));
#1840=VERTEX_POINT('',#1839);
#1841=CARTESIAN_POINT('',(137.465292996,46.623603923,16.160750721));
#1842=DIRECTION('',(0.,1.,0.));
#1843=VECTOR('',#1842,5.4);
#1844=LINE('',#1841,#1843);
#1845=EDGE_CURVE('',#1832,#1840,#1844,.T.);
#1846=ORIENTED_EDGE('',*,*,#1845,.T.);
#1847=CARTESIAN_POINT('',(136.565292996,52.023603923,16.160750721));
#1848=VERTEX_POINT('',#1847);
#1849=CARTESIAN_POINT('',(137.465292996,52.023603923,16.160750721));
#1850=DIRECTION('',(-1.,0.,0.));
#1851=VECTOR('',#1850,0.9);
#1852=LINE('',#1849,#1851);
#1853=EDGE_CURVE('',#1840,#1848,#1852,.T.);
#1854=ORIENTED_EDGE('',*,*,#1853,.T.);
#1855=CARTESIAN_POINT('',(136.565292996,47.423603923,16.160750721));
#1856=VERTEX_POINT('',#1855);
#1857=CARTESIAN_POINT('',(136.565292996,52.023603923,16.160750721));
#1858=DIRECTION('',(-0.,-1.,-0.));
#1859=VECTOR('',#1858,4.6);
#1860=LINE('',#1857,#1859);
#1861=EDGE_CURVE('',#1848,#1856,#1860,.T.);
#1862=ORIENTED_EDGE('',*,*,#1861,.T.);
#1863=CARTESIAN_POINT('',(136.565292996,47.423603923,16.160750721));
#1864=DIRECTION('',(-1.,0.,0.));
#1865=VECTOR('',#1864,10.2);
#1866=LINE('',#1863,#1865);
#1867=EDGE_CURVE('',#1856,#1806,#1866,.T.);
#1868=ORIENTED_EDGE('',*,*,#1867,.T.);
#1869=EDGE_LOOP('',(#1814,#1822,#1830,#1838,#1846,#1854,#1862,#1868));
#1870=FACE_BOUND('',#1869,.T.);
#1871=ADVANCED_FACE('',(#1870),#1804,.T.);
#1872=CARTESIAN_POINT('',(131.465292996,52.423603923,16.360750721));
#1873=DIRECTION('',(0.,1.,0.));
#1874=DIRECTION('',(0.,0.,-1.));
#1875=AXIS2_PLACEMENT_3D('',#1872,#1873,#1874);
#1876=PLANE('',#1875);
#1877=CARTESIAN_POINT('',(124.865292996,52.423603923,15.160750721));
#1878=VERTEX_POINT('',#1877);
#1879=CARTESIAN_POINT('',(125.465292996,52.423603923,15.760750721));
#1880=VERTEX_POINT('',#1879);
#1881=CARTESIAN_POINT('',(125.465292996,52.423603923,15.160750721));
#1882=DIRECTION('',(0.,1.,0.));
#1883=DIRECTION('',(0.,0.,-1.));
#1884=AXIS2_PLACEMENT_3D('',#1881,#1882,#1883);
#1885=CIRCLE('',#1884,0.6);
#1886=EDGE_CURVE('',#1878,#1880,#1885,.T.);
#1887=ORIENTED_EDGE('',*,*,#1886,.T.);
#1888=CARTESIAN_POINT('',(126.365292996,52.423603923,15.760750721));
#1889=VERTEX_POINT('',#1888);
#1890=CARTESIAN_POINT('',(125.465292996,52.423603923,15.760750721));
#1891=DIRECTION('',(1.,-0.,-0.));
#1892=VECTOR('',#1891,0.9);
#1893=LINE('',#1890,#1892);
#1894=EDGE_CURVE('',#1880,#1889,#1893,.T.);
#1895=ORIENTED_EDGE('',*,*,#1894,.T.);
#1896=CARTESIAN_POINT('',(126.365292996,52.423603923,13.060750721));
#1897=DIRECTION('',(0.,-0.,1.));
#1898=VECTOR('',#1897,2.7);
#1899=LINE('',#1896,#1898);
#1900=EDGE_CURVE('',#1550,#1889,#1899,.T.);
#1901=ORIENTED_EDGE('',*,*,#1900,.F.);
#1902=ORIENTED_EDGE('',*,*,#1577,.T.);
#1903=CARTESIAN_POINT('',(136.565292996,52.423603923,15.760750721));
#1904=VERTEX_POINT('',#1903);
#1905=CARTESIAN_POINT('',(136.565292996,52.423603923,13.060750721));
#1906=DIRECTION('',(0.,-0.,1.));
#1907=VECTOR('',#1906,2.7);
#1908=LINE('',#1905,#1907);
#1909=EDGE_CURVE('',#1566,#1904,#1908,.T.);
#1910=ORIENTED_EDGE('',*,*,#1909,.T.);
#1911=CARTESIAN_POINT('',(137.465292996,52.423603923,15.760750721));
#1912=VERTEX_POINT('',#1911);
#1913=CARTESIAN_POINT('',(136.565292996,52.423603923,15.760750721));
#1914=DIRECTION('',(1.,-0.,-0.));
#1915=VECTOR('',#1914,0.9);
#1916=LINE('',#1913,#1915);
#1917=EDGE_CURVE('',#1904,#1912,#1916,.T.);
#1918=ORIENTED_EDGE('',*,*,#1917,.T.);
#1919=CARTESIAN_POINT('',(138.065292996,52.423603923,15.160750721));
#1920=VERTEX_POINT('',#1919);
#1921=CARTESIAN_POINT('',(137.465292996,52.423603923,15.160750721));
#1922=DIRECTION('',(0.,1.,0.));
#1923=DIRECTION('',(0.,0.,-1.));
#1924=AXIS2_PLACEMENT_3D('',#1921,#1922,#1923);
#1925=CIRCLE('',#1924,0.6);
#1926=EDGE_CURVE('',#1912,#1920,#1925,.T.);
#1927=ORIENTED_EDGE('',*,*,#1926,.T.);
#1928=CARTESIAN_POINT('',(138.065292996,52.423603923,10.060750721));
#1929=VERTEX_POINT('',#1928);
#1930=CARTESIAN_POINT('',(138.065292996,52.423603923,15.160750721));
#1931=DIRECTION('',(0.,0.,-1.));
#1932=VECTOR('',#1931,5.1);
#1933=LINE('',#1930,#1932);
#1934=EDGE_CURVE('',#1920,#1929,#1933,.T.);
#1935=ORIENTED_EDGE('',*,*,#1934,.T.);
#1936=CARTESIAN_POINT('',(137.465292996,52.423603923,9.460750721));
#1937=VERTEX_POINT('',#1936);
#1938=CARTESIAN_POINT('',(137.465292996,52.423603923,10.060750721));
#1939=DIRECTION('',(0.,1.,0.));
#1940=DIRECTION('',(0.,0.,-1.));
#1941=AXIS2_PLACEMENT_3D('',#1938,#1939,#1940);
#1942=CIRCLE('',#1941,0.6);
#1943=EDGE_CURVE('',#1929,#1937,#1942,.T.);
#1944=ORIENTED_EDGE('',*,*,#1943,.T.);
#1945=CARTESIAN_POINT('',(125.465292996,52.423603923,9.460750721));
#1946=VERTEX_POINT('',#1945);
#1947=CARTESIAN_POINT('',(137.465292996,52.423603923,9.460750721));
#1948=DIRECTION('',(-1.,0.,0.));
#1949=VECTOR('',#1948,12.);
#1950=LINE('',#1947,#1949);
#1951=EDGE_CURVE('',#1937,#1946,#1950,.T.);
#1952=ORIENTED_EDGE('',*,*,#1951,.T.);
#1953=CARTESIAN_POINT('',(124.865292996,52.423603923,10.060750721));
#1954=VERTEX_POINT('',#1953);
#1955=CARTESIAN_POINT('',(125.465292996,52.423603923,10.060750721));
#1956=DIRECTION('',(0.,1.,0.));
#1957=DIRECTION('',(0.,0.,-1.));
#1958=AXIS2_PLACEMENT_3D('',#1955,#1956,#1957);
#1959=CIRCLE('',#1958,0.6);
#1960=EDGE_CURVE('',#1946,#1954,#1959,.T.);
#1961=ORIENTED_EDGE('',*,*,#1960,.T.);
#1962=CARTESIAN_POINT('',(124.865292996,52.423603923,10.060750721));
#1963=DIRECTION('',(0.,-0.,1.));
#1964=VECTOR('',#1963,5.1);
#1965=LINE('',#1962,#1964);
#1966=EDGE_CURVE('',#1954,#1878,#1965,.T.);
#1967=ORIENTED_EDGE('',*,*,#1966,.T.);
#1968=EDGE_LOOP('',(#1887,#1895,#1901,#1902,#1910,#1918,#1927,#1935,#1944,#1952,#1961,#1967));
#1969=FACE_BOUND('',#1968,.T.);
#1970=ADVANCED_FACE('',(#1969),#1876,.T.);
#1971=CARTESIAN_POINT('',(131.465292996,46.423603923,16.360750721));
#1972=DIRECTION('',(-0.,-1.,-0.));
#1973=DIRECTION('',(0.,-0.,1.));
#1974=AXIS2_PLACEMENT_3D('',#1971,#1972,#1973);
#1975=PLANE('',#1974);
#1976=CARTESIAN_POINT('',(124.665292996,46.423603923,10.060750721));
#1977=VERTEX_POINT('',#1976);
#1978=CARTESIAN_POINT('',(125.465292996,46.423603923,9.260750721));
#1979=VERTEX_POINT('',#1978);
#1980=CARTESIAN_POINT('',(125.465292996,46.423603923,10.060750721));
#1981=DIRECTION('',(-0.,-1.,-0.));
#1982=DIRECTION('',(0.,-0.,1.));
#1983=AXIS2_PLACEMENT_3D('',#1980,#1981,#1982);
#1984=CIRCLE('',#1983,0.8);
#1985=EDGE_CURVE('',#1977,#1979,#1984,.T.);
#1986=ORIENTED_EDGE('',*,*,#1985,.T.);
#1987=CARTESIAN_POINT('',(137.465292996,46.423603923,9.260750721));
#1988=VERTEX_POINT('',#1987);
#1989=CARTESIAN_POINT('',(125.465292996,46.423603923,9.260750721));
#1990=DIRECTION('',(1.,-0.,-0.));
#1991=VECTOR('',#1990,12.);
#1992=LINE('',#1989,#1991);
#1993=EDGE_CURVE('',#1979,#1988,#1992,.T.);
#1994=ORIENTED_EDGE('',*,*,#1993,.T.);
#1995=CARTESIAN_POINT('',(138.265292996,46.423603923,10.060750721));
#1996=VERTEX_POINT('',#1995);
#1997=CARTESIAN_POINT('',(137.465292996,46.423603923,10.060750721));
#1998=DIRECTION('',(-0.,-1.,-0.));
#1999=DIRECTION('',(0.,-0.,1.));
#2000=AXIS2_PLACEMENT_3D('',#1997,#1998,#1999);
#2001=CIRCLE('',#2000,0.8);
#2002=EDGE_CURVE('',#1988,#1996,#2001,.T.);
#2003=ORIENTED_EDGE('',*,*,#2002,.T.);
#2004=CARTESIAN_POINT('',(138.265292996,46.423603923,15.160750721));
#2005=VERTEX_POINT('',#2004);
#2006=CARTESIAN_POINT('',(138.265292996,46.423603923,10.060750721));
#2007=DIRECTION('',(0.,-0.,1.));
#2008=VECTOR('',#2007,5.1);
#2009=LINE('',#2006,#2008);
#2010=EDGE_CURVE('',#1996,#2005,#2009,.T.);
#2011=ORIENTED_EDGE('',*,*,#2010,.T.);
#2012=CARTESIAN_POINT('',(137.465292996,46.423603923,15.960750721));
#2013=VERTEX_POINT('',#2012);
#2014=CARTESIAN_POINT('',(137.465292996,46.423603923,15.160750721));
#2015=DIRECTION('',(-0.,-1.,-0.));
#2016=DIRECTION('',(0.,-0.,1.));
#2017=AXIS2_PLACEMENT_3D('',#2014,#2015,#2016);
#2018=CIRCLE('',#2017,0.8);
#2019=EDGE_CURVE('',#2005,#2013,#2018,.T.);
#2020=ORIENTED_EDGE('',*,*,#2019,.T.);
#2021=CARTESIAN_POINT('',(125.465292996,46.423603923,15.960750721));
#2022=VERTEX_POINT('',#2021);
#2023=CARTESIAN_POINT('',(137.465292996,46.423603923,15.960750721));
#2024=DIRECTION('',(-1.,0.,0.));
#2025=VECTOR('',#2024,12.);
#2026=LINE('',#2023,#2025);
#2027=EDGE_CURVE('',#2013,#2022,#2026,.T.);
#2028=ORIENTED_EDGE('',*,*,#2027,.T.);
#2029=CARTESIAN_POINT('',(124.665292996,46.423603923,15.160750721));
#2030=VERTEX_POINT('',#2029);
#2031=CARTESIAN_POINT('',(125.465292996,46.423603923,15.160750721));
#2032=DIRECTION('',(-0.,-1.,-0.));
#2033=DIRECTION('',(0.,-0.,1.));
#2034=AXIS2_PLACEMENT_3D('',#2031,#2032,#2033);
#2035=CIRCLE('',#2034,0.8);
#2036=EDGE_CURVE('',#2022,#2030,#2035,.T.);
#2037=ORIENTED_EDGE('',*,*,#2036,.T.);
#2038=CARTESIAN_POINT('',(124.665292996,46.423603923,15.160750721));
#2039=DIRECTION('',(0.,0.,-1.));
#2040=VECTOR('',#2039,5.1);
#2041=LINE('',#2038,#2040);
#2042=EDGE_CURVE('',#2030,#1977,#2041,.T.);
#2043=ORIENTED_EDGE('',*,*,#2042,.T.);
#2044=EDGE_LOOP('',(#1986,#1994,#2003,#2011,#2020,#2028,#2037,#2043));
#2045=FACE_BOUND('',#2044,.T.);
#2046=ADVANCED_FACE('',(#2045),#1975,.T.);
#2047=CARTESIAN_POINT('',(126.365292996,49.523603923,13.360750721));
#2048=DIRECTION('',(1.,-0.,-0.));
#2049=DIRECTION('',(-0.,-0.,1.));
#2050=AXIS2_PLACEMENT_3D('',#2047,#2048,#2049);
#2051=PLANE('',#2050);
#2052=ORIENTED_EDGE('',*,*,#1900,.T.);
#2053=CARTESIAN_POINT('',(126.365292996,52.423603923,15.760750721));
#2054=DIRECTION('',(-0.,-0.707106781,0.707106781));
#2055=VECTOR('',#2054,0.565685425);
#2056=LINE('',#2053,#2055);
#2057=EDGE_CURVE('',#1889,#1808,#2056,.T.);
#2058=ORIENTED_EDGE('',*,*,#2057,.T.);
#2059=ORIENTED_EDGE('',*,*,#1813,.F.);
#2060=CARTESIAN_POINT('',(126.365292996,47.423603923,13.060750721));
#2061=DIRECTION('',(0.,-0.,1.));
#2062=VECTOR('',#2061,3.1);
#2063=LINE('',#2060,#2062);
#2064=EDGE_CURVE('',#1548,#1806,#2063,.T.);
#2065=ORIENTED_EDGE('',*,*,#2064,.F.);
#2066=ORIENTED_EDGE('',*,*,#1555,.T.);
#2067=EDGE_LOOP('',(#2052,#2058,#2059,#2065,#2066));
#2068=FACE_BOUND('',#2067,.T.);
#2069=ADVANCED_FACE('',(#2068),#2051,.T.);
#2070=CARTESIAN_POINT('',(131.465292996,47.423603923,13.360750721));
#2071=DIRECTION('',(0.,1.,0.));
#2072=DIRECTION('',(0.,0.,-1.));
#2073=AXIS2_PLACEMENT_3D('',#2070,#2071,#2072);
#2074=PLANE('',#2073);
#2075=ORIENTED_EDGE('',*,*,#1867,.F.);
#2076=CARTESIAN_POINT('',(136.565292996,47.423603923,13.060750721));
#2077=DIRECTION('',(0.,-0.,1.));
#2078=VECTOR('',#2077,3.1);
#2079=LINE('',#2076,#2078);
#2080=EDGE_CURVE('',#1558,#1856,#2079,.T.);
#2081=ORIENTED_EDGE('',*,*,#2080,.F.);
#2082=ORIENTED_EDGE('',*,*,#1563,.T.);
#2083=ORIENTED_EDGE('',*,*,#2064,.T.);
#2084=EDGE_LOOP('',(#2075,#2081,#2082,#2083));
#2085=FACE_BOUND('',#2084,.T.);
#2086=ADVANCED_FACE('',(#2085),#2074,.T.);
#2087=CARTESIAN_POINT('',(136.565292996,49.523603923,13.360750721));
#2088=DIRECTION('',(-1.,0.,0.));
#2089=DIRECTION('',(0.,0.,-1.));
#2090=AXIS2_PLACEMENT_3D('',#2087,#2088,#2089);
#2091=PLANE('',#2090);
#2092=ORIENTED_EDGE('',*,*,#1861,.F.);
#2093=CARTESIAN_POINT('',(136.565292996,52.023603923,16.160750721));
#2094=DIRECTION('',(0.,0.707106781,-0.707106781));
#2095=VECTOR('',#2094,0.565685425);
#2096=LINE('',#2093,#2095);
#2097=EDGE_CURVE('',#1848,#1904,#2096,.T.);
#2098=ORIENTED_EDGE('',*,*,#2097,.T.);
#2099=ORIENTED_EDGE('',*,*,#1909,.F.);
#2100=ORIENTED_EDGE('',*,*,#1571,.T.);
#2101=ORIENTED_EDGE('',*,*,#2080,.T.);
#2102=EDGE_LOOP('',(#2092,#2098,#2099,#2100,#2101));
#2103=FACE_BOUND('',#2102,.T.);
#2104=ADVANCED_FACE('',(#2103),#2091,.T.);
#2105=CARTESIAN_POINT('',(125.465292996,49.523603923,15.160750721));
#2106=DIRECTION('',(0.,1.,0.));
#2107=DIRECTION('',(0.,0.,-1.));
#2108=AXIS2_PLACEMENT_3D('',#2105,#2106,#2107);
#2109=CYLINDRICAL_SURFACE('',#2108,1.);
#2110=ORIENTED_EDGE('',*,*,#1829,.F.);
#2111=CARTESIAN_POINT('',(125.465292996,52.023603923,15.160750721));
#2112=DIRECTION('',(-0.,-1.,-0.));
#2113=DIRECTION('',(0.,-0.,1.));
#2114=AXIS2_PLACEMENT_3D('',#2111,#2112,#2113);
#2115=CIRCLE('',#2114,1.);
#2116=EDGE_CURVE('',#1816,#1734,#2115,.T.);
#2117=ORIENTED_EDGE('',*,*,#2116,.T.);
#2118=ORIENTED_EDGE('',*,*,#1739,.F.);
#2119=CARTESIAN_POINT('',(125.465292996,46.623603923,15.160750721));
#2120=DIRECTION('',(0.,1.,0.));
#2121=DIRECTION('',(0.,-0.,1.));
#2122=AXIS2_PLACEMENT_3D('',#2119,#2120,#2121);
#2123=CIRCLE('',#2122,1.);
#2124=EDGE_CURVE('',#1732,#1824,#2123,.T.);
#2125=ORIENTED_EDGE('',*,*,#2124,.T.);
#2126=EDGE_LOOP('',(#2110,#2117,#2118,#2125));
#2127=FACE_BOUND('',#2126,.T.);
#2128=ADVANCED_FACE('',(#2127),#2109,.T.);
#2129=CARTESIAN_POINT('',(125.465292996,-3.494859958,10.060750721));
#2130=DIRECTION('',(-0.,-1.,-0.));
#2131=DIRECTION('',(0.,-0.,1.));
#2132=AXIS2_PLACEMENT_3D('',#2129,#2130,#2131);
#2133=CYLINDRICAL_SURFACE('',#2132,1.);
#2134=ORIENTED_EDGE('',*,*,#1755,.F.);
#2135=CARTESIAN_POINT('',(125.465292996,52.023603923,10.060750721));
#2136=DIRECTION('',(-0.,-1.,-0.));
#2137=DIRECTION('',(0.,-0.,1.));
#2138=AXIS2_PLACEMENT_3D('',#2135,#2136,#2137);
#2139=CIRCLE('',#2138,1.);
#2140=EDGE_CURVE('',#1742,#1440,#2139,.T.);
#2141=ORIENTED_EDGE('',*,*,#2140,.T.);
#2142=ORIENTED_EDGE('',*,*,#1445,.F.);
#2143=CARTESIAN_POINT('',(125.465292996,46.623603923,10.060750721));
#2144=DIRECTION('',(0.,1.,0.));
#2145=DIRECTION('',(0.,-0.,1.));
#2146=AXIS2_PLACEMENT_3D('',#2143,#2144,#2145);
#2147=CIRCLE('',#2146,1.);
#2148=EDGE_CURVE('',#1438,#1750,#2147,.T.);
#2149=ORIENTED_EDGE('',*,*,#2148,.T.);
#2150=EDGE_LOOP('',(#2134,#2141,#2142,#2149));
#2151=FACE_BOUND('',#2150,.T.);
#2152=ADVANCED_FACE('',(#2151),#2133,.T.);
#2153=CARTESIAN_POINT('',(137.465292996,49.523603923,15.160750721));
#2154=DIRECTION('',(-0.,-1.,-0.));
#2155=DIRECTION('',(0.,-0.,1.));
#2156=AXIS2_PLACEMENT_3D('',#2153,#2154,#2155);
#2157=CYLINDRICAL_SURFACE('',#2156,1.);
#2158=ORIENTED_EDGE('',*,*,#1681,.F.);
#2159=CARTESIAN_POINT('',(137.465292996,52.023603923,15.160750721));
#2160=DIRECTION('',(-0.,-1.,-0.));
#2161=DIRECTION('',(0.,-0.,1.));
#2162=AXIS2_PLACEMENT_3D('',#2159,#2160,#2161);
#2163=CIRCLE('',#2162,1.);
#2164=EDGE_CURVE('',#1668,#1840,#2163,.T.);
#2165=ORIENTED_EDGE('',*,*,#2164,.T.);
#2166=ORIENTED_EDGE('',*,*,#1845,.F.);
#2167=CARTESIAN_POINT('',(137.465292996,46.623603923,15.160750721));
#2168=DIRECTION('',(0.,1.,0.));
#2169=DIRECTION('',(0.,-0.,1.));
#2170=AXIS2_PLACEMENT_3D('',#2167,#2168,#2169);
#2171=CIRCLE('',#2170,1.);
#2172=EDGE_CURVE('',#1832,#1676,#2171,.T.);
#2173=ORIENTED_EDGE('',*,*,#2172,.T.);
#2174=EDGE_LOOP('',(#2158,#2165,#2166,#2173));
#2175=FACE_BOUND('',#2174,.T.);
#2176=ADVANCED_FACE('',(#2175),#2157,.T.);
#2177=CARTESIAN_POINT('',(137.465292996,-3.494859958,10.060750721));
#2178=DIRECTION('',(0.,1.,0.));
#2179=DIRECTION('',(0.,0.,-1.));
#2180=AXIS2_PLACEMENT_3D('',#2177,#2178,#2179);
#2181=CYLINDRICAL_SURFACE('',#2180,1.);
#2182=ORIENTED_EDGE('',*,*,#1461,.F.);
#2183=CARTESIAN_POINT('',(137.465292996,52.023603923,10.060750721));
#2184=DIRECTION('',(-0.,-1.,-0.));
#2185=DIRECTION('',(0.,-0.,1.));
#2186=AXIS2_PLACEMENT_3D('',#2183,#2184,#2185);
#2187=CIRCLE('',#2186,1.);
#2188=EDGE_CURVE('',#1448,#1660,#2187,.T.);
#2189=ORIENTED_EDGE('',*,*,#2188,.T.);
#2190=ORIENTED_EDGE('',*,*,#1665,.F.);
#2191=CARTESIAN_POINT('',(137.465292996,46.623603923,10.060750721));
#2192=DIRECTION('',(0.,1.,0.));
#2193=DIRECTION('',(0.,-0.,1.));
#2194=AXIS2_PLACEMENT_3D('',#2191,#2192,#2193);
#2195=CIRCLE('',#2194,1.);
#2196=EDGE_CURVE('',#1658,#1456,#2195,.T.);
#2197=ORIENTED_EDGE('',*,*,#2196,.T.);
#2198=EDGE_LOOP('',(#2182,#2189,#2190,#2197));
#2199=FACE_BOUND('',#2198,.T.);
#2200=ADVANCED_FACE('',(#2199),#2181,.T.);
#2201=CARTESIAN_POINT('',(131.465292996,46.423603923,15.960750721));
#2202=DIRECTION('',(0.,0.707106781,-0.707106781));
#2203=DIRECTION('',(-1.,0.,0.));
#2204=AXIS2_PLACEMENT_3D('',#2201,#2202,#2203);
#2205=PLANE('',#2204);
#2206=CARTESIAN_POINT('',(125.465292996,46.423603923,15.960750721));
#2207=DIRECTION('',(0.,0.707106781,0.707106781));
#2208=VECTOR('',#2207,0.282842712);
#2209=LINE('',#2206,#2208);
#2210=EDGE_CURVE('',#2022,#1824,#2209,.T.);
#2211=ORIENTED_EDGE('',*,*,#2210,.F.);
#2212=ORIENTED_EDGE('',*,*,#2027,.F.);
#2213=CARTESIAN_POINT('',(137.465292996,46.623603923,16.160750721));
#2214=DIRECTION('',(-0.,-0.707106781,-0.707106781));
#2215=VECTOR('',#2214,0.282842712);
#2216=LINE('',#2213,#2215);
#2217=EDGE_CURVE('',#1832,#2013,#2216,.T.);
#2218=ORIENTED_EDGE('',*,*,#2217,.F.);
#2219=ORIENTED_EDGE('',*,*,#1837,.F.);
#2220=EDGE_LOOP('',(#2211,#2212,#2218,#2219));
#2221=FACE_BOUND('',#2220,.T.);
#2222=ADVANCED_FACE('',(#2221),#2205,.F.);
#2223=CARTESIAN_POINT('',(137.465292996,46.423603923,15.160750721));
#2224=DIRECTION('',(0.,1.,0.));
#2225=DIRECTION('',(0.,0.,-1.));
#2226=AXIS2_PLACEMENT_3D('',#2223,#2224,#2225);
#2227=CONICAL_SURFACE('',#2226,0.8,45.);
#2228=ORIENTED_EDGE('',*,*,#2217,.T.);
#2229=ORIENTED_EDGE('',*,*,#2019,.F.);
#2230=CARTESIAN_POINT('',(138.465292996,46.623603923,15.160750721));
#2231=DIRECTION('',(-0.707106781,-0.707106781,-0.));
#2232=VECTOR('',#2231,0.282842712);
#2233=LINE('',#2230,#2232);
#2234=EDGE_CURVE('',#1676,#2005,#2233,.T.);
#2235=ORIENTED_EDGE('',*,*,#2234,.F.);
#2236=ORIENTED_EDGE('',*,*,#2172,.F.);
#2237=EDGE_LOOP('',(#2228,#2229,#2235,#2236));
#2238=FACE_BOUND('',#2237,.T.);
#2239=ADVANCED_FACE('',(#2238),#2227,.T.);
#2240=CARTESIAN_POINT('',(125.465292996,46.423603923,15.160750721));
#2241=DIRECTION('',(0.,1.,0.));
#2242=DIRECTION('',(0.,0.,-1.));
#2243=AXIS2_PLACEMENT_3D('',#2240,#2241,#2242);
#2244=CONICAL_SURFACE('',#2243,0.8,45.);
#2245=ORIENTED_EDGE('',*,*,#2210,.T.);
#2246=ORIENTED_EDGE('',*,*,#2124,.F.);
#2247=CARTESIAN_POINT('',(124.665292996,46.423603923,15.160750721));
#2248=DIRECTION('',(-0.707106781,0.707106781,0.));
#2249=VECTOR('',#2248,0.282842712);
#2250=LINE('',#2247,#2249);
#2251=EDGE_CURVE('',#2030,#1732,#2250,.T.);
#2252=ORIENTED_EDGE('',*,*,#2251,.F.);
#2253=ORIENTED_EDGE('',*,*,#2036,.F.);
#2254=EDGE_LOOP('',(#2245,#2246,#2252,#2253));
#2255=FACE_BOUND('',#2254,.T.);
#2256=ADVANCED_FACE('',(#2255),#2244,.T.);
#2257=CARTESIAN_POINT('',(138.465292996,46.623603923,16.360750721));
#2258=DIRECTION('',(-0.707106781,0.707106781,0.));
#2259=DIRECTION('',(0.,0.,-1.));
#2260=AXIS2_PLACEMENT_3D('',#2257,#2258,#2259);
#2261=PLANE('',#2260);
#2262=ORIENTED_EDGE('',*,*,#2234,.T.);
#2263=ORIENTED_EDGE('',*,*,#2010,.F.);
#2264=CARTESIAN_POINT('',(138.465292996,46.623603923,10.060750721));
#2265=DIRECTION('',(-0.707106781,-0.707106781,-0.));
#2266=VECTOR('',#2265,0.282842712);
#2267=LINE('',#2264,#2266);
#2268=EDGE_CURVE('',#1658,#1996,#2267,.T.);
#2269=ORIENTED_EDGE('',*,*,#2268,.F.);
#2270=ORIENTED_EDGE('',*,*,#1687,.F.);
#2271=EDGE_LOOP('',(#2262,#2263,#2269,#2270));
#2272=FACE_BOUND('',#2271,.T.);
#2273=ADVANCED_FACE('',(#2272),#2261,.F.);
#2274=CARTESIAN_POINT('',(124.665292996,46.423603923,16.360750721));
#2275=DIRECTION('',(0.707106781,0.707106781,0.));
#2276=DIRECTION('',(-0.,0.,-1.));
#2277=AXIS2_PLACEMENT_3D('',#2274,#2275,#2276);
#2278=PLANE('',#2277);
#2279=ORIENTED_EDGE('',*,*,#2251,.T.);
#2280=ORIENTED_EDGE('',*,*,#1761,.F.);
#2281=CARTESIAN_POINT('',(124.665292996,46.423603923,10.060750721));
#2282=DIRECTION('',(-0.707106781,0.707106781,0.));
#2283=VECTOR('',#2282,0.282842712);
#2284=LINE('',#2281,#2283);
#2285=EDGE_CURVE('',#1977,#1750,#2284,.T.);
#2286=ORIENTED_EDGE('',*,*,#2285,.F.);
#2287=ORIENTED_EDGE('',*,*,#2042,.F.);
#2288=EDGE_LOOP('',(#2279,#2280,#2286,#2287));
#2289=FACE_BOUND('',#2288,.T.);
#2290=ADVANCED_FACE('',(#2289),#2278,.F.);
#2291=CARTESIAN_POINT('',(137.465292996,46.423603923,10.060750721));
#2292=DIRECTION('',(0.,1.,0.));
#2293=DIRECTION('',(0.,0.,-1.));
#2294=AXIS2_PLACEMENT_3D('',#2291,#2292,#2293);
#2295=CONICAL_SURFACE('',#2294,0.8,45.);
#2296=ORIENTED_EDGE('',*,*,#2268,.T.);
#2297=ORIENTED_EDGE('',*,*,#2002,.F.);
#2298=CARTESIAN_POINT('',(137.465292996,46.623603923,9.060750721));
#2299=DIRECTION('',(-0.,-0.707106781,0.707106781));
#2300=VECTOR('',#2299,0.282842712);
#2301=LINE('',#2298,#2300);
#2302=EDGE_CURVE('',#1456,#1988,#2301,.T.);
#2303=ORIENTED_EDGE('',*,*,#2302,.F.);
#2304=ORIENTED_EDGE('',*,*,#2196,.F.);
#2305=EDGE_LOOP('',(#2296,#2297,#2303,#2304));
#2306=FACE_BOUND('',#2305,.T.);
#2307=ADVANCED_FACE('',(#2306),#2295,.T.);
#2308=CARTESIAN_POINT('',(125.465292996,46.423603923,10.060750721));
#2309=DIRECTION('',(0.,1.,0.));
#2310=DIRECTION('',(0.,0.,-1.));
#2311=AXIS2_PLACEMENT_3D('',#2308,#2309,#2310);
#2312=CONICAL_SURFACE('',#2311,0.8,45.);
#2313=ORIENTED_EDGE('',*,*,#2285,.T.);
#2314=ORIENTED_EDGE('',*,*,#2148,.F.);
#2315=CARTESIAN_POINT('',(125.465292996,46.423603923,9.260750721));
#2316=DIRECTION('',(0.,0.707106781,-0.707106781));
#2317=VECTOR('',#2316,0.282842712);
#2318=LINE('',#2315,#2317);
#2319=EDGE_CURVE('',#1979,#1438,#2318,.T.);
#2320=ORIENTED_EDGE('',*,*,#2319,.F.);
#2321=ORIENTED_EDGE('',*,*,#1985,.F.);
#2322=EDGE_LOOP('',(#2313,#2314,#2320,#2321));
#2323=FACE_BOUND('',#2322,.T.);
#2324=ADVANCED_FACE('',(#2323),#2312,.T.);
#2325=CARTESIAN_POINT('',(131.680585992,46.623603923,9.060750721));
#2326=DIRECTION('',(-0.,-0.707106781,-0.707106781));
#2327=DIRECTION('',(1.,-0.,0.));
#2328=AXIS2_PLACEMENT_3D('',#2325,#2326,#2327);
#2329=PLANE('',#2328);
#2330=ORIENTED_EDGE('',*,*,#2302,.T.);
#2331=ORIENTED_EDGE('',*,*,#1993,.F.);
#2332=ORIENTED_EDGE('',*,*,#2319,.T.);
#2333=ORIENTED_EDGE('',*,*,#1467,.F.);
#2334=EDGE_LOOP('',(#2330,#2331,#2332,#2333));
#2335=FACE_BOUND('',#2334,.T.);
#2336=ADVANCED_FACE('',(#2335),#2329,.T.);
#2337=CARTESIAN_POINT('',(124.153160962,47.623603923,14.698618687));
#2338=DIRECTION('',(-0.707106781,0.,0.707106781));
#2339=DIRECTION('',(-0.707106781,0.,-0.707106781));
#2340=AXIS2_PLACEMENT_3D('',#2337,#2338,#2339);
#2341=PLANE('',#2340);
#2342=CARTESIAN_POINT('',(123.982450284,47.623603923,14.527908009));
#2343=VERTEX_POINT('',#2342);
#2344=CARTESIAN_POINT('',(124.465292996,48.106446636,15.010750721));
#2345=DIRECTION('',(-0.577350269,-0.577350269,-0.577350269));
#2346=VECTOR('',#2345,0.83630811);
#2347=LINE('',#2344,#2346);
#2348=EDGE_CURVE('',#1766,#2343,#2347,.T.);
#2349=ORIENTED_EDGE('',*,*,#2348,.T.);
#2350=CARTESIAN_POINT('',(123.982450284,47.623603923,14.527908009));
#2351=DIRECTION('',(0.577350269,-0.577350269,0.577350269));
#2352=VECTOR('',#2351,0.83630811);
#2353=LINE('',#2350,#2352);
#2354=EDGE_CURVE('',#2343,#1768,#2353,.T.);
#2355=ORIENTED_EDGE('',*,*,#2354,.T.);
#2356=ORIENTED_EDGE('',*,*,#1773,.F.);
#2357=EDGE_LOOP('',(#2349,#2355,#2356));
#2358=FACE_BOUND('',#2357,.T.);
#2359=ADVANCED_FACE('',(#2358),#2341,.T.);
#2360=CARTESIAN_POINT('',(124.153160962,47.623603923,10.722882755));
#2361=DIRECTION('',(-0.707106781,0.,-0.707106781));
#2362=DIRECTION('',(0.707106781,-0.,-0.707106781));
#2363=AXIS2_PLACEMENT_3D('',#2360,#2361,#2362);
#2364=PLANE('',#2363);
#2365=ORIENTED_EDGE('',*,*,#1789,.F.);
#2366=CARTESIAN_POINT('',(123.982450284,47.623603923,10.893593433));
#2367=VERTEX_POINT('',#2366);
#2368=CARTESIAN_POINT('',(124.465292996,47.140761211,10.410750721));
#2369=DIRECTION('',(-0.577350269,0.577350269,0.577350269));
#2370=VECTOR('',#2369,0.83630811);
#2371=LINE('',#2368,#2370);
#2372=EDGE_CURVE('',#1776,#2367,#2371,.T.);
#2373=ORIENTED_EDGE('',*,*,#2372,.T.);
#2374=CARTESIAN_POINT('',(123.982450284,47.623603923,10.893593433));
#2375=DIRECTION('',(0.577350269,0.577350269,-0.577350269));
#2376=VECTOR('',#2375,0.83630811);
#2377=LINE('',#2374,#2376);
#2378=EDGE_CURVE('',#2367,#1784,#2377,.T.);
#2379=ORIENTED_EDGE('',*,*,#2378,.T.);
#2380=EDGE_LOOP('',(#2365,#2373,#2379));
#2381=FACE_BOUND('',#2380,.T.);
#2382=ADVANCED_FACE('',(#2381),#2364,.T.);
#2383=CARTESIAN_POINT('',(124.32387164,47.96502528,13.910750721));
#2384=DIRECTION('',(0.707106781,-0.707106781,0.));
#2385=DIRECTION('',(-0.,-0.,1.));
#2386=AXIS2_PLACEMENT_3D('',#2383,#2384,#2385);
#2387=PLANE('',#2386);
#2388=CARTESIAN_POINT('',(123.982450284,47.623603923,14.527908009));
#2389=DIRECTION('',(0.,0.,-1.));
#2390=VECTOR('',#2389,3.634314575);
#2391=LINE('',#2388,#2390);
#2392=EDGE_CURVE('',#2343,#2367,#2391,.T.);
#2393=ORIENTED_EDGE('',*,*,#2392,.F.);
#2394=ORIENTED_EDGE('',*,*,#2348,.F.);
#2395=ORIENTED_EDGE('',*,*,#1795,.F.);
#2396=ORIENTED_EDGE('',*,*,#2378,.F.);
#2397=EDGE_LOOP('',(#2393,#2394,#2395,#2396));
#2398=FACE_BOUND('',#2397,.T.);
#2399=ADVANCED_FACE('',(#2398),#2387,.F.);
#2400=CARTESIAN_POINT('',(124.32387164,47.282182567,13.910750721));
#2401=DIRECTION('',(0.707106781,0.707106781,0.));
#2402=DIRECTION('',(-0.,0.,-1.));
#2403=AXIS2_PLACEMENT_3D('',#2400,#2401,#2402);
#2404=PLANE('',#2403);
#2405=ORIENTED_EDGE('',*,*,#2354,.F.);
#2406=ORIENTED_EDGE('',*,*,#2392,.T.);
#2407=ORIENTED_EDGE('',*,*,#2372,.F.);
#2408=ORIENTED_EDGE('',*,*,#1781,.F.);
#2409=EDGE_LOOP('',(#2405,#2406,#2407,#2408));
#2410=FACE_BOUND('',#2409,.T.);
#2411=ADVANCED_FACE('',(#2410),#2404,.F.);
#2412=CARTESIAN_POINT('',(138.636003674,47.623603923,14.840040043));
#2413=DIRECTION('',(0.707106781,-0.,0.707106781));
#2414=DIRECTION('',(-0.707106781,0.,0.707106781));
#2415=AXIS2_PLACEMENT_3D('',#2412,#2413,#2414);
#2416=PLANE('',#2415);
#2417=ORIENTED_EDGE('',*,*,#1699,.F.);
#2418=CARTESIAN_POINT('',(138.948135708,47.623603923,14.527908009));
#2419=VERTEX_POINT('',#2418);
#2420=CARTESIAN_POINT('',(138.465292996,47.140761211,15.010750721));
#2421=DIRECTION('',(0.577350269,0.577350269,-0.577350269));
#2422=VECTOR('',#2421,0.83630811);
#2423=LINE('',#2420,#2422);
#2424=EDGE_CURVE('',#1692,#2419,#2423,.T.);
#2425=ORIENTED_EDGE('',*,*,#2424,.T.);
#2426=CARTESIAN_POINT('',(138.948135708,47.623603923,14.527908009));
#2427=DIRECTION('',(-0.577350269,0.577350269,0.577350269));
#2428=VECTOR('',#2427,0.83630811);
#2429=LINE('',#2426,#2428);
#2430=EDGE_CURVE('',#2419,#1694,#2429,.T.);
#2431=ORIENTED_EDGE('',*,*,#2430,.T.);
#2432=EDGE_LOOP('',(#2417,#2425,#2431));
#2433=FACE_BOUND('',#2432,.T.);
#2434=ADVANCED_FACE('',(#2433),#2416,.T.);
#2435=CARTESIAN_POINT('',(138.636003674,47.623603923,10.581461399));
#2436=DIRECTION('',(0.707106781,-0.,-0.707106781));
#2437=DIRECTION('',(0.707106781,-0.,0.707106781));
#2438=AXIS2_PLACEMENT_3D('',#2435,#2436,#2437);
#2439=PLANE('',#2438);
#2440=CARTESIAN_POINT('',(138.948135708,47.623603923,10.893593433));
#2441=VERTEX_POINT('',#2440);
#2442=CARTESIAN_POINT('',(138.465292996,48.106446636,10.410750721));
#2443=DIRECTION('',(0.577350269,-0.577350269,0.577350269));
#2444=VECTOR('',#2443,0.83630811);
#2445=LINE('',#2442,#2444);
#2446=EDGE_CURVE('',#1702,#2441,#2445,.T.);
#2447=ORIENTED_EDGE('',*,*,#2446,.T.);
#2448=CARTESIAN_POINT('',(138.948135708,47.623603923,10.893593433));
#2449=DIRECTION('',(-0.577350269,-0.577350269,-0.577350269));
#2450=VECTOR('',#2449,0.83630811);
#2451=LINE('',#2448,#2450);
#2452=EDGE_CURVE('',#2441,#1710,#2451,.T.);
#2453=ORIENTED_EDGE('',*,*,#2452,.T.);
#2454=ORIENTED_EDGE('',*,*,#1715,.F.);
#2455=EDGE_LOOP('',(#2447,#2453,#2454));
#2456=FACE_BOUND('',#2455,.T.);
#2457=ADVANCED_FACE('',(#2456),#2439,.T.);
#2458=CARTESIAN_POINT('',(138.606714352,47.96502528,13.910750721));
#2459=DIRECTION('',(-0.707106781,-0.707106781,-0.));
#2460=DIRECTION('',(-0.,0.,-1.));
#2461=AXIS2_PLACEMENT_3D('',#2458,#2459,#2460);
#2462=PLANE('',#2461);
#2463=CARTESIAN_POINT('',(138.948135708,47.623603923,10.893593433));
#2464=DIRECTION('',(0.,-0.,1.));
#2465=VECTOR('',#2464,3.634314575);
#2466=LINE('',#2463,#2465);
#2467=EDGE_CURVE('',#2441,#2419,#2466,.T.);
#2468=ORIENTED_EDGE('',*,*,#2467,.F.);
#2469=ORIENTED_EDGE('',*,*,#2446,.F.);
#2470=ORIENTED_EDGE('',*,*,#1707,.F.);
#2471=ORIENTED_EDGE('',*,*,#2430,.F.);
#2472=EDGE_LOOP('',(#2468,#2469,#2470,#2471));
#2473=FACE_BOUND('',#2472,.T.);
#2474=ADVANCED_FACE('',(#2473),#2462,.F.);
#2475=CARTESIAN_POINT('',(138.606714352,47.282182567,13.910750721));
#2476=DIRECTION('',(-0.707106781,0.707106781,0.));
#2477=DIRECTION('',(-0.,-0.,1.));
#2478=AXIS2_PLACEMENT_3D('',#2475,#2476,#2477);
#2479=PLANE('',#2478);
#2480=ORIENTED_EDGE('',*,*,#2452,.F.);
#2481=ORIENTED_EDGE('',*,*,#2467,.T.);
#2482=ORIENTED_EDGE('',*,*,#2424,.F.);
#2483=ORIENTED_EDGE('',*,*,#1721,.F.);
#2484=EDGE_LOOP('',(#2480,#2481,#2482,#2483));
#2485=FACE_BOUND('',#2484,.T.);
#2486=ADVANCED_FACE('',(#2485),#2479,.F.);
#2487=CARTESIAN_POINT('',(129.965292996,50.123603923,3.460750721));
#2488=DIRECTION('',(1.,-0.,-0.));
#2489=DIRECTION('',(-0.,-0.,1.));
#2490=AXIS2_PLACEMENT_3D('',#2487,#2488,#2489);
#2491=PLANE('',#2490);
#2492=ORIENTED_EDGE('',*,*,#1623,.F.);
#2493=CARTESIAN_POINT('',(129.965292996,49.123603923,13.060750721));
#2494=DIRECTION('',(-0.,0.,-1.));
#2495=VECTOR('',#2494,4.);
#2496=LINE('',#2493,#2495);
#2497=EDGE_CURVE('',#1609,#1472,#2496,.T.);
#2498=ORIENTED_EDGE('',*,*,#2497,.T.);
#2499=ORIENTED_EDGE('',*,*,#1479,.T.);
#2500=CARTESIAN_POINT('',(129.965292996,50.923603923,9.060750721));
#2501=DIRECTION('',(0.,-0.,1.));
#2502=VECTOR('',#2501,4.);
#2503=LINE('',#2500,#2502);
#2504=EDGE_CURVE('',#1474,#1618,#2503,.T.);
#2505=ORIENTED_EDGE('',*,*,#2504,.T.);
#2506=EDGE_LOOP('',(#2492,#2498,#2499,#2505));
#2507=FACE_BOUND('',#2506,.T.);
#2508=ADVANCED_FACE('',(#2507),#2491,.T.);
#2509=CARTESIAN_POINT('',(131.465292996,48.623603923,3.460750721));
#2510=DIRECTION('',(0.,1.,0.));
#2511=DIRECTION('',(0.,0.,-1.));
#2512=AXIS2_PLACEMENT_3D('',#2509,#2510,#2511);
#2513=PLANE('',#2512);
#2514=ORIENTED_EDGE('',*,*,#1606,.F.);
#2515=CARTESIAN_POINT('',(132.465292996,48.623603923,13.060750721));
#2516=DIRECTION('',(0.,0.,-1.));
#2517=VECTOR('',#2516,4.);
#2518=LINE('',#2515,#2517);
#2519=EDGE_CURVE('',#1592,#1491,#2518,.T.);
#2520=ORIENTED_EDGE('',*,*,#2519,.T.);
#2521=ORIENTED_EDGE('',*,*,#1496,.T.);
#2522=CARTESIAN_POINT('',(130.465292996,48.623603923,9.060750721));
#2523=DIRECTION('',(-0.,-0.,1.));
#2524=VECTOR('',#2523,4.);
#2525=LINE('',#2522,#2524);
#2526=EDGE_CURVE('',#1482,#1601,#2525,.T.);
#2527=ORIENTED_EDGE('',*,*,#2526,.T.);
#2528=EDGE_LOOP('',(#2514,#2520,#2521,#2527));
#2529=FACE_BOUND('',#2528,.T.);
#2530=ADVANCED_FACE('',(#2529),#2513,.T.);
#2531=CARTESIAN_POINT('',(132.965292996,50.123603923,3.460750721));
#2532=DIRECTION('',(-1.,0.,0.));
#2533=DIRECTION('',(0.,0.,-1.));
#2534=AXIS2_PLACEMENT_3D('',#2531,#2532,#2533);
#2535=PLANE('',#2534);
#2536=ORIENTED_EDGE('',*,*,#1513,.T.);
#2537=CARTESIAN_POINT('',(132.965292996,49.123603923,9.060750721));
#2538=DIRECTION('',(-0.,-0.,1.));
#2539=VECTOR('',#2538,4.);
#2540=LINE('',#2537,#2539);
#2541=EDGE_CURVE('',#1499,#1584,#2540,.T.);
#2542=ORIENTED_EDGE('',*,*,#2541,.T.);
#2543=ORIENTED_EDGE('',*,*,#1589,.F.);
#2544=CARTESIAN_POINT('',(132.965292996,50.923603923,13.060750721));
#2545=DIRECTION('',(0.,0.,-1.));
#2546=VECTOR('',#2545,4.);
#2547=LINE('',#2544,#2546);
#2548=EDGE_CURVE('',#1582,#1508,#2547,.T.);
#2549=ORIENTED_EDGE('',*,*,#2548,.T.);
#2550=EDGE_LOOP('',(#2536,#2542,#2543,#2549));
#2551=FACE_BOUND('',#2550,.T.);
#2552=ADVANCED_FACE('',(#2551),#2535,.T.);
#2553=CARTESIAN_POINT('',(131.465292996,51.423603923,3.460750721));
#2554=DIRECTION('',(-0.,-1.,-0.));
#2555=DIRECTION('',(-0.,-0.,1.));
#2556=AXIS2_PLACEMENT_3D('',#2553,#2554,#2555);
#2557=PLANE('',#2556);
#2558=ORIENTED_EDGE('',*,*,#1530,.T.);
#2559=CARTESIAN_POINT('',(132.465292996,51.423603923,9.060750721));
#2560=DIRECTION('',(0.,-0.,1.));
#2561=VECTOR('',#2560,4.);
#2562=LINE('',#2559,#2561);
#2563=EDGE_CURVE('',#1516,#1635,#2562,.T.);
#2564=ORIENTED_EDGE('',*,*,#2563,.T.);
#2565=ORIENTED_EDGE('',*,*,#1640,.F.);
#2566=CARTESIAN_POINT('',(130.465292996,51.423603923,13.060750721));
#2567=DIRECTION('',(-0.,0.,-1.));
#2568=VECTOR('',#2567,4.);
#2569=LINE('',#2566,#2568);
#2570=EDGE_CURVE('',#1626,#1525,#2569,.T.);
#2571=ORIENTED_EDGE('',*,*,#2570,.T.);
#2572=EDGE_LOOP('',(#2558,#2564,#2565,#2571));
#2573=FACE_BOUND('',#2572,.T.);
#2574=ADVANCED_FACE('',(#2573),#2557,.T.);
#2575=CARTESIAN_POINT('',(132.465292996,49.123603923,3.460750721));
#2576=DIRECTION('',(0.,0.,-1.));
#2577=DIRECTION('',(1.,-0.,-0.));
#2578=AXIS2_PLACEMENT_3D('',#2575,#2576,#2577);
#2579=CYLINDRICAL_SURFACE('',#2578,0.5);
#2580=ORIENTED_EDGE('',*,*,#1505,.F.);
#2581=ORIENTED_EDGE('',*,*,#2519,.F.);
#2582=ORIENTED_EDGE('',*,*,#1598,.F.);
#2583=ORIENTED_EDGE('',*,*,#2541,.F.);
#2584=EDGE_LOOP('',(#2580,#2581,#2582,#2583));
#2585=FACE_BOUND('',#2584,.T.);
#2586=ADVANCED_FACE('',(#2585),#2579,.F.);
#2587=CARTESIAN_POINT('',(130.465292996,49.123603923,3.460750721));
#2588=DIRECTION('',(0.,0.,-1.));
#2589=DIRECTION('',(1.,-0.,-0.));
#2590=AXIS2_PLACEMENT_3D('',#2587,#2588,#2589);
#2591=CYLINDRICAL_SURFACE('',#2590,0.5);
#2592=ORIENTED_EDGE('',*,*,#1488,.F.);
#2593=ORIENTED_EDGE('',*,*,#2497,.F.);
#2594=ORIENTED_EDGE('',*,*,#1615,.F.);
#2595=ORIENTED_EDGE('',*,*,#2526,.F.);
#2596=EDGE_LOOP('',(#2592,#2593,#2594,#2595));
#2597=FACE_BOUND('',#2596,.T.);
#2598=ADVANCED_FACE('',(#2597),#2591,.F.);
#2599=CARTESIAN_POINT('',(132.465292996,50.923603923,3.460750721));
#2600=DIRECTION('',(0.,0.,-1.));
#2601=DIRECTION('',(1.,-0.,-0.));
#2602=AXIS2_PLACEMENT_3D('',#2599,#2600,#2601);
#2603=CYLINDRICAL_SURFACE('',#2602,0.5);
#2604=ORIENTED_EDGE('',*,*,#1522,.F.);
#2605=ORIENTED_EDGE('',*,*,#2548,.F.);
#2606=ORIENTED_EDGE('',*,*,#1647,.F.);
#2607=ORIENTED_EDGE('',*,*,#2563,.F.);
#2608=EDGE_LOOP('',(#2604,#2605,#2606,#2607));
#2609=FACE_BOUND('',#2608,.T.);
#2610=ADVANCED_FACE('',(#2609),#2603,.F.);
#2611=CARTESIAN_POINT('',(130.465292996,50.923603923,3.460750721));
#2612=DIRECTION('',(0.,0.,-1.));
#2613=DIRECTION('',(1.,-0.,-0.));
#2614=AXIS2_PLACEMENT_3D('',#2611,#2612,#2613);
#2615=CYLINDRICAL_SURFACE('',#2614,0.5);
#2616=ORIENTED_EDGE('',*,*,#1537,.F.);
#2617=ORIENTED_EDGE('',*,*,#2570,.F.);
#2618=ORIENTED_EDGE('',*,*,#1632,.F.);
#2619=ORIENTED_EDGE('',*,*,#2504,.F.);
#2620=EDGE_LOOP('',(#2616,#2617,#2618,#2619));
#2621=FACE_BOUND('',#2620,.T.);
#2622=ADVANCED_FACE('',(#2621),#2615,.F.);
#2623=CARTESIAN_POINT('',(131.565292996,52.423603923,15.760750721));
#2624=DIRECTION('',(-0.,-0.707106781,-0.707106781));
#2625=DIRECTION('',(1.,-0.,0.));
#2626=AXIS2_PLACEMENT_3D('',#2623,#2624,#2625);
#2627=PLANE('',#2626);
#2628=ORIENTED_EDGE('',*,*,#2097,.F.);
#2629=ORIENTED_EDGE('',*,*,#1853,.F.);
#2630=CARTESIAN_POINT('',(137.465292996,52.423603923,15.760750721));
#2631=DIRECTION('',(-0.,-0.707106781,0.707106781));
#2632=VECTOR('',#2631,0.565685425);
#2633=LINE('',#2630,#2632);
#2634=EDGE_CURVE('',#1912,#1840,#2633,.T.);
#2635=ORIENTED_EDGE('',*,*,#2634,.F.);
#2636=ORIENTED_EDGE('',*,*,#1917,.F.);
#2637=EDGE_LOOP('',(#2628,#2629,#2635,#2636));
#2638=FACE_BOUND('',#2637,.T.);
#2639=ADVANCED_FACE('',(#2638),#2627,.F.);
#2640=CARTESIAN_POINT('',(137.465292996,52.423603923,15.160750721));
#2641=DIRECTION('',(-0.,-1.,-0.));
#2642=DIRECTION('',(0.,-0.,1.));
#2643=AXIS2_PLACEMENT_3D('',#2640,#2641,#2642);
#2644=CONICAL_SURFACE('',#2643,0.6,45.);
#2645=ORIENTED_EDGE('',*,*,#2634,.T.);
#2646=ORIENTED_EDGE('',*,*,#2164,.F.);
#2647=CARTESIAN_POINT('',(138.065292996,52.423603923,15.160750721));
#2648=DIRECTION('',(0.707106781,-0.707106781,0.));
#2649=VECTOR('',#2648,0.565685425);
#2650=LINE('',#2647,#2649);
#2651=EDGE_CURVE('',#1920,#1668,#2650,.T.);
#2652=ORIENTED_EDGE('',*,*,#2651,.F.);
#2653=ORIENTED_EDGE('',*,*,#1926,.F.);
#2654=EDGE_LOOP('',(#2645,#2646,#2652,#2653));
#2655=FACE_BOUND('',#2654,.T.);
#2656=ADVANCED_FACE('',(#2655),#2644,.T.);
#2657=CARTESIAN_POINT('',(138.065292996,52.423603923,16.360750721));
#2658=DIRECTION('',(-0.707106781,-0.707106781,0.));
#2659=DIRECTION('',(-0.,0.,-1.));
#2660=AXIS2_PLACEMENT_3D('',#2657,#2658,#2659);
#2661=PLANE('',#2660);
#2662=ORIENTED_EDGE('',*,*,#2651,.T.);
#2663=ORIENTED_EDGE('',*,*,#1673,.F.);
#2664=CARTESIAN_POINT('',(138.065292996,52.423603923,10.060750721));
#2665=DIRECTION('',(0.707106781,-0.707106781,-0.));
#2666=VECTOR('',#2665,0.565685425);
#2667=LINE('',#2664,#2666);
#2668=EDGE_CURVE('',#1929,#1660,#2667,.T.);
#2669=ORIENTED_EDGE('',*,*,#2668,.F.);
#2670=ORIENTED_EDGE('',*,*,#1934,.F.);
#2671=EDGE_LOOP('',(#2662,#2663,#2669,#2670));
#2672=FACE_BOUND('',#2671,.T.);
#2673=ADVANCED_FACE('',(#2672),#2661,.F.);
#2674=CARTESIAN_POINT('',(137.465292996,52.423603923,10.060750721));
#2675=DIRECTION('',(-0.,-1.,-0.));
#2676=DIRECTION('',(0.,-0.,1.));
#2677=AXIS2_PLACEMENT_3D('',#2674,#2675,#2676);
#2678=CONICAL_SURFACE('',#2677,0.6,45.);
#2679=ORIENTED_EDGE('',*,*,#2668,.T.);
#2680=ORIENTED_EDGE('',*,*,#2188,.F.);
#2681=CARTESIAN_POINT('',(137.465292996,52.423603923,9.460750721));
#2682=DIRECTION('',(-0.,-0.707106781,-0.707106781));
#2683=VECTOR('',#2682,0.565685425);
#2684=LINE('',#2681,#2683);
#2685=EDGE_CURVE('',#1937,#1448,#2684,.T.);
#2686=ORIENTED_EDGE('',*,*,#2685,.F.);
#2687=ORIENTED_EDGE('',*,*,#1943,.F.);
#2688=EDGE_LOOP('',(#2679,#2680,#2686,#2687));
#2689=FACE_BOUND('',#2688,.T.);
#2690=ADVANCED_FACE('',(#2689),#2678,.T.);
#2691=CARTESIAN_POINT('',(131.680585992,52.023603923,9.060750721));
#2692=DIRECTION('',(0.,0.707106781,-0.707106781));
#2693=DIRECTION('',(-1.,0.,0.));
#2694=AXIS2_PLACEMENT_3D('',#2691,#2692,#2693);
#2695=PLANE('',#2694);
#2696=ORIENTED_EDGE('',*,*,#2685,.T.);
#2697=ORIENTED_EDGE('',*,*,#1453,.F.);
#2698=CARTESIAN_POINT('',(125.465292996,52.423603923,9.460750721));
#2699=DIRECTION('',(-0.,-0.707106781,-0.707106781));
#2700=VECTOR('',#2699,0.565685425);
#2701=LINE('',#2698,#2700);
#2702=EDGE_CURVE('',#1946,#1440,#2701,.T.);
#2703=ORIENTED_EDGE('',*,*,#2702,.F.);
#2704=ORIENTED_EDGE('',*,*,#1951,.F.);
#2705=EDGE_LOOP('',(#2696,#2697,#2703,#2704));
#2706=FACE_BOUND('',#2705,.T.);
#2707=ADVANCED_FACE('',(#2706),#2695,.T.);
#2708=CARTESIAN_POINT('',(125.465292996,52.423603923,10.060750721));
#2709=DIRECTION('',(-0.,-1.,-0.));
#2710=DIRECTION('',(0.,-0.,1.));
#2711=AXIS2_PLACEMENT_3D('',#2708,#2709,#2710);
#2712=CONICAL_SURFACE('',#2711,0.6,45.);
#2713=ORIENTED_EDGE('',*,*,#2702,.T.);
#2714=ORIENTED_EDGE('',*,*,#2140,.F.);
#2715=CARTESIAN_POINT('',(124.865292996,52.423603923,10.060750721));
#2716=DIRECTION('',(-0.707106781,-0.707106781,-0.));
#2717=VECTOR('',#2716,0.565685425);
#2718=LINE('',#2715,#2717);
#2719=EDGE_CURVE('',#1954,#1742,#2718,.T.);
#2720=ORIENTED_EDGE('',*,*,#2719,.F.);
#2721=ORIENTED_EDGE('',*,*,#1960,.F.);
#2722=EDGE_LOOP('',(#2713,#2714,#2720,#2721));
#2723=FACE_BOUND('',#2722,.T.);
#2724=ADVANCED_FACE('',(#2723),#2712,.T.);
#2725=CARTESIAN_POINT('',(124.465292996,52.023603923,16.360750721));
#2726=DIRECTION('',(0.707106781,-0.707106781,-0.));
#2727=DIRECTION('',(0.,0.,-1.));
#2728=AXIS2_PLACEMENT_3D('',#2725,#2726,#2727);
#2729=PLANE('',#2728);
#2730=ORIENTED_EDGE('',*,*,#2719,.T.);
#2731=ORIENTED_EDGE('',*,*,#1747,.F.);
#2732=CARTESIAN_POINT('',(124.865292996,52.423603923,15.160750721));
#2733=DIRECTION('',(-0.707106781,-0.707106781,0.));
#2734=VECTOR('',#2733,0.565685425);
#2735=LINE('',#2732,#2734);
#2736=EDGE_CURVE('',#1878,#1734,#2735,.T.);
#2737=ORIENTED_EDGE('',*,*,#2736,.F.);
#2738=ORIENTED_EDGE('',*,*,#1966,.F.);
#2739=EDGE_LOOP('',(#2730,#2731,#2737,#2738));
#2740=FACE_BOUND('',#2739,.T.);
#2741=ADVANCED_FACE('',(#2740),#2729,.F.);
#2742=CARTESIAN_POINT('',(125.465292996,52.423603923,15.160750721));
#2743=DIRECTION('',(-0.,-1.,-0.));
#2744=DIRECTION('',(0.,-0.,1.));
#2745=AXIS2_PLACEMENT_3D('',#2742,#2743,#2744);
#2746=CONICAL_SURFACE('',#2745,0.6,45.);
#2747=ORIENTED_EDGE('',*,*,#2736,.T.);
#2748=ORIENTED_EDGE('',*,*,#2116,.F.);
#2749=CARTESIAN_POINT('',(125.465292996,52.423603923,15.760750721));
#2750=DIRECTION('',(-0.,-0.707106781,0.707106781));
#2751=VECTOR('',#2750,0.565685425);
#2752=LINE('',#2749,#2751);
#2753=EDGE_CURVE('',#1880,#1816,#2752,.T.);
#2754=ORIENTED_EDGE('',*,*,#2753,.F.);
#2755=ORIENTED_EDGE('',*,*,#1886,.F.);
#2756=EDGE_LOOP('',(#2747,#2748,#2754,#2755));
#2757=FACE_BOUND('',#2756,.T.);
#2758=ADVANCED_FACE('',(#2757),#2746,.T.);
#2759=CARTESIAN_POINT('',(131.365292996,52.423603923,15.760750721));
#2760=DIRECTION('',(-0.,-0.707106781,-0.707106781));
#2761=DIRECTION('',(1.,-0.,0.));
#2762=AXIS2_PLACEMENT_3D('',#2759,#2760,#2761);
#2763=PLANE('',#2762);
#2764=ORIENTED_EDGE('',*,*,#2753,.T.);
#2765=ORIENTED_EDGE('',*,*,#1821,.F.);
#2766=ORIENTED_EDGE('',*,*,#2057,.F.);
#2767=ORIENTED_EDGE('',*,*,#1894,.F.);
#2768=EDGE_LOOP('',(#2764,#2765,#2766,#2767));
#2769=FACE_BOUND('',#2768,.T.);
#2770=ADVANCED_FACE('',(#2769),#2763,.F.);
#2771=CLOSED_SHELL('',(#1541,#1651,#1725,#1799,#1871,#1970,#2046,#2069,#2086,#2104,#2128,#2152,#2176,#2200,#2222,#2239,#2256,#2273,#2290,#2307,#2324,#2336,#2359,#2382,#2399,#2411,
#2434,#2457,#2474,#2486,#2508,#2530,#2552,#2574,#2586,#2598,#2610,#2622,#2639,#2656,#2673,#2690,#2707,#2724,#2741,#2758,#2770));
#2772=MANIFOLD_SOLID_BREP('drawer',#2771);
#2773=COLOUR_RGB('',0.517647088,0.800000012,1.);
#2774=FILL_AREA_STYLE_COLOUR('',#2773);
#2775=FILL_AREA_STYLE('',(#2774));
#2776=SURFACE_STYLE_FILL_AREA(#2775);
#2777=SURFACE_SIDE_STYLE('',(#2776));
#2778=SURFACE_STYLE_USAGE(.BOTH.,#2777);
#2779=PRESENTATION_STYLE_ASSIGNMENT((#2778));
#1431=STYLED_ITEM('',(#2779),#2772);
#2781=CARTESIAN_POINT('',(131.25,-0.137932196,9.060750721));
#2782=DIRECTION('',(0.,-0.,1.));
#2783=DIRECTION('',(-1.,0.,0.));
#2784=AXIS2_PLACEMENT_3D('',#2781,#2782,#2783);
#2785=PLANE('',#2784);
#2786=CARTESIAN_POINT('',(137.465292996,-50.256396077,9.060750721));
#2787=VERTEX_POINT('',#2786);
#2788=CARTESIAN_POINT('',(137.465292996,-55.656396077,9.060750721));
#2789=VERTEX_POINT('',#2788);
#2790=CARTESIAN_POINT('',(137.465292996,-50.256396077,9.060750721));
#2791=DIRECTION('',(0.,-1.,-0.));
#2792=VECTOR('',#2791,5.4);
#2793=LINE('',#2790,#2792);
#2794=EDGE_CURVE('',#2787,#2789,#2793,.T.);
#2795=ORIENTED_EDGE('',*,*,#2794,.T.);
#2796=CARTESIAN_POINT('',(125.465292996,-55.656396077,9.060750721));
#2797=VERTEX_POINT('',#2796);
#2798=CARTESIAN_POINT('',(137.465292996,-55.656396077,9.060750721));
#2799=DIRECTION('',(-1.,0.,0.));
#2800=VECTOR('',#2799,12.);
#2801=LINE('',#2798,#2800);
#2802=EDGE_CURVE('',#2789,#2797,#2801,.T.);
#2803=ORIENTED_EDGE('',*,*,#2802,.T.);
#2804=CARTESIAN_POINT('',(125.465292996,-50.256396077,9.060750721));
#2805=VERTEX_POINT('',#2804);
#2806=CARTESIAN_POINT('',(125.465292996,-55.656396077,9.060750721));
#2807=DIRECTION('',(0.,1.,0.));
#2808=VECTOR('',#2807,5.4);
#2809=LINE('',#2806,#2808);
#2810=EDGE_CURVE('',#2797,#2805,#2809,.T.);
#2811=ORIENTED_EDGE('',*,*,#2810,.T.);
#2812=CARTESIAN_POINT('',(125.465292996,-50.256396077,9.060750721));
#2813=DIRECTION('',(1.,0.,-0.));
#2814=VECTOR('',#2813,12.);
#2815=LINE('',#2812,#2814);
#2816=EDGE_CURVE('',#2805,#2787,#2815,.T.);
#2817=ORIENTED_EDGE('',*,*,#2816,.T.);
#2818=EDGE_LOOP('',(#2795,#2803,#2811,#2817));
#2819=FACE_BOUND('',#2818,.T.);
#2820=CARTESIAN_POINT('',(132.965292996,-52.756396077,9.060750721));
#2821=VERTEX_POINT('',#2820);
#2822=CARTESIAN_POINT('',(132.965292996,-54.556396077,9.060750721));
#2823=VERTEX_POINT('',#2822);
#2824=CARTESIAN_POINT('',(132.965292996,-52.756396077,9.060750721));
#2825=DIRECTION('',(0.,-1.,-0.));
#2826=VECTOR('',#2825,1.8);
#2827=LINE('',#2824,#2826);
#2828=EDGE_CURVE('',#2821,#2823,#2827,.T.);
#2829=ORIENTED_EDGE('',*,*,#2828,.F.);
#2830=CARTESIAN_POINT('',(132.465292996,-52.256396077,9.060750721));
#2831=VERTEX_POINT('',#2830);
#2832=CARTESIAN_POINT('',(132.465292996,-52.756396077,9.060750721));
#2833=DIRECTION('',(0.,-0.,1.));
#2834=DIRECTION('',(1.,0.,0.));
#2835=AXIS2_PLACEMENT_3D('',#2832,#2833,#2834);
#2836=CIRCLE('',#2835,0.5);
#2837=EDGE_CURVE('',#2821,#2831,#2836,.T.);
#2838=ORIENTED_EDGE('',*,*,#2837,.T.);
#2839=CARTESIAN_POINT('',(130.465292996,-52.256396077,9.060750721));
#2840=VERTEX_POINT('',#2839);
#2841=CARTESIAN_POINT('',(130.465292996,-52.256396077,9.060750721));
#2842=DIRECTION('',(1.,0.,-0.));
#2843=VECTOR('',#2842,2.);
#2844=LINE('',#2841,#2843);
#2845=EDGE_CURVE('',#2840,#2831,#2844,.T.);
#2846=ORIENTED_EDGE('',*,*,#2845,.F.);
#2847=CARTESIAN_POINT('',(129.965292996,-52.756396077,9.060750721));
#2848=VERTEX_POINT('',#2847);
#2849=CARTESIAN_POINT('',(130.465292996,-52.756396077,9.060750721));
#2850=DIRECTION('',(0.,-0.,1.));
#2851=DIRECTION('',(1.,0.,0.));
#2852=AXIS2_PLACEMENT_3D('',#2849,#2850,#2851);
#2853=CIRCLE('',#2852,0.5);
#2854=EDGE_CURVE('',#2840,#2848,#2853,.T.);
#2855=ORIENTED_EDGE('',*,*,#2854,.T.);
#2856=CARTESIAN_POINT('',(129.965292996,-54.556396077,9.060750721));
#2857=VERTEX_POINT('',#2856);
#2858=CARTESIAN_POINT('',(129.965292996,-54.556396077,9.060750721));
#2859=DIRECTION('',(0.,1.,0.));
#2860=VECTOR('',#2859,1.8);
#2861=LINE('',#2858,#2860);
#2862=EDGE_CURVE('',#2857,#2848,#2861,.T.);
#2863=ORIENTED_EDGE('',*,*,#2862,.F.);
#2864=CARTESIAN_POINT('',(130.465292996,-55.056396077,9.060750721));
#2865=VERTEX_POINT('',#2864);
#2866=CARTESIAN_POINT('',(130.465292996,-54.556396077,9.060750721));
#2867=DIRECTION('',(0.,-0.,1.));
#2868=DIRECTION('',(1.,0.,0.));
#2869=AXIS2_PLACEMENT_3D('',#2866,#2867,#2868);
#2870=CIRCLE('',#2869,0.5);
#2871=EDGE_CURVE('',#2857,#2865,#2870,.T.);
#2872=ORIENTED_EDGE('',*,*,#2871,.T.);
#2873=CARTESIAN_POINT('',(132.465292996,-55.056396077,9.060750721));
#2874=VERTEX_POINT('',#2873);
#2875=CARTESIAN_POINT('',(132.465292996,-55.056396077,9.060750721));
#2876=DIRECTION('',(-1.,0.,0.));
#2877=VECTOR('',#2876,2.);
#2878=LINE('',#2875,#2877);
#2879=EDGE_CURVE('',#2874,#2865,#2878,.T.);
#2880=ORIENTED_EDGE('',*,*,#2879,.F.);
#2881=CARTESIAN_POINT('',(132.465292996,-54.556396077,9.060750721));
#2882=DIRECTION('',(0.,-0.,1.));
#2883=DIRECTION('',(1.,0.,0.));
#2884=AXIS2_PLACEMENT_3D('',#2881,#2882,#2883);
#2885=CIRCLE('',#2884,0.5);
#2886=EDGE_CURVE('',#2874,#2823,#2885,.T.);
#2887=ORIENTED_EDGE('',*,*,#2886,.T.);
#2888=EDGE_LOOP('',(#2829,#2838,#2846,#2855,#2863,#2872,#2880,#2887));
#2889=FACE_BOUND('',#2888,.T.);
#2890=ADVANCED_FACE('',(#2819,#2889),#2785,.F.);
#2891=CARTESIAN_POINT('',(131.25,-0.137932196,13.060750721));
#2892=DIRECTION('',(0.,-0.,1.));
#2893=DIRECTION('',(1.,0.,0.));
#2894=AXIS2_PLACEMENT_3D('',#2891,#2892,#2893);
#2895=PLANE('',#2894);
#2896=CARTESIAN_POINT('',(136.565292996,-51.056396077,13.060750721));
#2897=VERTEX_POINT('',#2896);
#2898=CARTESIAN_POINT('',(136.565292996,-56.056396077,13.060750721));
#2899=VERTEX_POINT('',#2898);
#2900=CARTESIAN_POINT('',(136.565292996,-51.056396077,13.060750721));
#2901=DIRECTION('',(0.,-1.,-0.));
#2902=VECTOR('',#2901,5.);
#2903=LINE('',#2900,#2902);
#2904=EDGE_CURVE('',#2897,#2899,#2903,.T.);
#2905=ORIENTED_EDGE('',*,*,#2904,.F.);
#2906=CARTESIAN_POINT('',(126.365292996,-51.056396077,13.060750721));
#2907=VERTEX_POINT('',#2906);
#2908=CARTESIAN_POINT('',(126.365292996,-51.056396077,13.060750721));
#2909=DIRECTION('',(1.,0.,-0.));
#2910=VECTOR('',#2909,10.2);
#2911=LINE('',#2908,#2910);
#2912=EDGE_CURVE('',#2907,#2897,#2911,.T.);
#2913=ORIENTED_EDGE('',*,*,#2912,.F.);
#2914=CARTESIAN_POINT('',(126.365292996,-56.056396077,13.060750721));
#2915=VERTEX_POINT('',#2914);
#2916=CARTESIAN_POINT('',(126.365292996,-56.056396077,13.060750721));
#2917=DIRECTION('',(0.,1.,0.));
#2918=VECTOR('',#2917,5.);
#2919=LINE('',#2916,#2918);
#2920=EDGE_CURVE('',#2915,#2907,#2919,.T.);
#2921=ORIENTED_EDGE('',*,*,#2920,.F.);
#2922=CARTESIAN_POINT('',(136.565292996,-56.056396077,13.060750721));
#2923=DIRECTION('',(-1.,0.,0.));
#2924=VECTOR('',#2923,10.2);
#2925=LINE('',#2922,#2924);
#2926=EDGE_CURVE('',#2899,#2915,#2925,.T.);
#2927=ORIENTED_EDGE('',*,*,#2926,.F.);
#2928=EDGE_LOOP('',(#2905,#2913,#2921,#2927));
#2929=FACE_BOUND('',#2928,.T.);
#2930=CARTESIAN_POINT('',(129.965292996,-54.556396077,13.060750721));
#2931=VERTEX_POINT('',#2930);
#2932=CARTESIAN_POINT('',(129.965292996,-52.756396077,13.060750721));
#2933=VERTEX_POINT('',#2932);
#2934=CARTESIAN_POINT('',(129.965292996,-54.556396077,13.060750721));
#2935=DIRECTION('',(0.,1.,0.));
#2936=VECTOR('',#2935,1.8);
#2937=LINE('',#2934,#2936);
#2938=EDGE_CURVE('',#2931,#2933,#2937,.T.);
#2939=ORIENTED_EDGE('',*,*,#2938,.T.);
#2940=CARTESIAN_POINT('',(130.465292996,-52.256396077,13.060750721));
#2941=VERTEX_POINT('',#2940);
#2942=CARTESIAN_POINT('',(130.465292996,-52.756396077,13.060750721));
#2943=DIRECTION('',(-0.,0.,-1.));
#2944=DIRECTION('',(0.,-1.,-0.));
#2945=AXIS2_PLACEMENT_3D('',#2942,#2943,#2944);
#2946=CIRCLE('',#2945,0.5);
#2947=EDGE_CURVE('',#2933,#2941,#2946,.T.);
#2948=ORIENTED_EDGE('',*,*,#2947,.T.);
#2949=CARTESIAN_POINT('',(132.465292996,-52.256396077,13.060750721));
#2950=VERTEX_POINT('',#2949);
#2951=CARTESIAN_POINT('',(130.465292996,-52.256396077,13.060750721));
#2952=DIRECTION('',(1.,0.,-0.));
#2953=VECTOR('',#2952,2.);
#2954=LINE('',#2951,#2953);
#2955=EDGE_CURVE('',#2941,#2950,#2954,.T.);
#2956=ORIENTED_EDGE('',*,*,#2955,.T.);
#2957=CARTESIAN_POINT('',(132.965292996,-52.756396077,13.060750721));
#2958=VERTEX_POINT('',#2957);
#2959=CARTESIAN_POINT('',(132.465292996,-52.756396077,13.060750721));
#2960=DIRECTION('',(-0.,0.,-1.));
#2961=DIRECTION('',(0.,-1.,-0.));
#2962=AXIS2_PLACEMENT_3D('',#2959,#2960,#2961);
#2963=CIRCLE('',#2962,0.5);
#2964=EDGE_CURVE('',#2950,#2958,#2963,.T.);
#2965=ORIENTED_EDGE('',*,*,#2964,.T.);
#2966=CARTESIAN_POINT('',(132.965292996,-54.556396077,13.060750721));
#2967=VERTEX_POINT('',#2966);
#2968=CARTESIAN_POINT('',(132.965292996,-52.756396077,13.060750721));
#2969=DIRECTION('',(0.,-1.,-0.));
#2970=VECTOR('',#2969,1.8);
#2971=LINE('',#2968,#2970);
#2972=EDGE_CURVE('',#2958,#2967,#2971,.T.);
#2973=ORIENTED_EDGE('',*,*,#2972,.T.);
#2974=CARTESIAN_POINT('',(132.465292996,-55.056396077,13.060750721));
#2975=VERTEX_POINT('',#2974);
#2976=CARTESIAN_POINT('',(132.465292996,-54.556396077,13.060750721));
#2977=DIRECTION('',(-0.,0.,-1.));
#2978=DIRECTION('',(0.,-1.,-0.));
#2979=AXIS2_PLACEMENT_3D('',#2976,#2977,#2978);
#2980=CIRCLE('',#2979,0.5);
#2981=EDGE_CURVE('',#2967,#2975,#2980,.T.);
#2982=ORIENTED_EDGE('',*,*,#2981,.T.);
#2983=CARTESIAN_POINT('',(130.465292996,-55.056396077,13.060750721));
#2984=VERTEX_POINT('',#2983);
#2985=CARTESIAN_POINT('',(132.465292996,-55.056396077,13.060750721));
#2986=DIRECTION('',(-1.,0.,0.));
#2987=VECTOR('',#2986,2.);
#2988=LINE('',#2985,#2987);
#2989=EDGE_CURVE('',#2975,#2984,#2988,.T.);
#2990=ORIENTED_EDGE('',*,*,#2989,.T.);
#2991=CARTESIAN_POINT('',(130.465292996,-54.556396077,13.060750721));
#2992=DIRECTION('',(-0.,0.,-1.));
#2993=DIRECTION('',(0.,-1.,-0.));
#2994=AXIS2_PLACEMENT_3D('',#2991,#2992,#2993);
#2995=CIRCLE('',#2994,0.5);
#2996=EDGE_CURVE('',#2984,#2931,#2995,.T.);
#2997=ORIENTED_EDGE('',*,*,#2996,.T.);
#2998=EDGE_LOOP('',(#2939,#2948,#2956,#2965,#2973,#2982,#2990,#2997));
#2999=FACE_BOUND('',#2998,.T.);
#3000=ADVANCED_FACE('',(#2929,#2999),#2895,.T.);
#3001=CARTESIAN_POINT('',(124.465292996,-53.156396077,16.360750721));
#3002=DIRECTION('',(-1.,0.,0.));
#3003=DIRECTION('',(0.,-0.,1.));
#3004=AXIS2_PLACEMENT_3D('',#3001,#3002,#3003);
#3005=PLANE('',#3004);
#3006=CARTESIAN_POINT('',(124.465292996,-50.256396077,10.060750721));
#3007=VERTEX_POINT('',#3006);
#3008=CARTESIAN_POINT('',(124.465292996,-55.656396077,10.060750721));
#3009=VERTEX_POINT('',#3008);
#3010=CARTESIAN_POINT('',(124.465292996,-50.256396077,10.060750721));
#3011=DIRECTION('',(-0.,-1.,-0.));
#3012=VECTOR('',#3011,5.4);
#3013=LINE('',#3010,#3012);
#3014=EDGE_CURVE('',#3007,#3009,#3013,.T.);
#3015=ORIENTED_EDGE('',*,*,#3014,.T.);
#3016=CARTESIAN_POINT('',(124.465292996,-55.656396077,15.160750721));
#3017=VERTEX_POINT('',#3016);
#3018=CARTESIAN_POINT('',(124.465292996,-55.656396077,10.060750721));
#3019=DIRECTION('',(0.,-0.,1.));
#3020=VECTOR('',#3019,5.1);
#3021=LINE('',#3018,#3020);
#3022=EDGE_CURVE('',#3009,#3017,#3021,.T.);
#3023=ORIENTED_EDGE('',*,*,#3022,.T.);
#3024=CARTESIAN_POINT('',(124.465292996,-50.256396077,15.160750721));
#3025=VERTEX_POINT('',#3024);
#3026=CARTESIAN_POINT('',(124.465292996,-55.656396077,15.160750721));
#3027=DIRECTION('',(0.,1.,0.));
#3028=VECTOR('',#3027,5.4);
#3029=LINE('',#3026,#3028);
#3030=EDGE_CURVE('',#3017,#3025,#3029,.T.);
#3031=ORIENTED_EDGE('',*,*,#3030,.T.);
#3032=CARTESIAN_POINT('',(124.465292996,-50.256396077,15.160750721));
#3033=DIRECTION('',(0.,0.,-1.));
#3034=VECTOR('',#3033,5.1);
#3035=LINE('',#3032,#3034);
#3036=EDGE_CURVE('',#3025,#3007,#3035,.T.);
#3037=ORIENTED_EDGE('',*,*,#3036,.T.);
#3038=EDGE_LOOP('',(#3015,#3023,#3031,#3037));
#3039=FACE_BOUND('',#3038,.T.);
#3040=CARTESIAN_POINT('',(124.465292996,-50.773553364,15.010750721));
#3041=VERTEX_POINT('',#3040);
#3042=CARTESIAN_POINT('',(124.465292996,-51.739238789,15.010750721));
#3043=VERTEX_POINT('',#3042);
#3044=CARTESIAN_POINT('',(124.465292996,-50.773553364,15.010750721));
#3045=DIRECTION('',(0.,-1.,-0.));
#3046=VECTOR('',#3045,0.965685425);
#3047=LINE('',#3044,#3046);
#3048=EDGE_CURVE('',#3041,#3043,#3047,.T.);
#3049=ORIENTED_EDGE('',*,*,#3048,.T.);
#3050=CARTESIAN_POINT('',(124.465292996,-51.739238789,10.410750721));
#3051=VERTEX_POINT('',#3050);
#3052=CARTESIAN_POINT('',(124.465292996,-51.739238789,15.010750721));
#3053=DIRECTION('',(-0.,0.,-1.));
#3054=VECTOR('',#3053,4.6);
#3055=LINE('',#3052,#3054);
#3056=EDGE_CURVE('',#3043,#3051,#3055,.T.);
#3057=ORIENTED_EDGE('',*,*,#3056,.T.);
#3058=CARTESIAN_POINT('',(124.465292996,-50.773553364,10.410750721));
#3059=VERTEX_POINT('',#3058);
#3060=CARTESIAN_POINT('',(124.465292996,-51.739238789,10.410750721));
#3061=DIRECTION('',(0.,1.,0.));
#3062=VECTOR('',#3061,0.965685425);
#3063=LINE('',#3060,#3062);
#3064=EDGE_CURVE('',#3051,#3059,#3063,.T.);
#3065=ORIENTED_EDGE('',*,*,#3064,.T.);
#3066=CARTESIAN_POINT('',(124.465292996,-50.773553364,10.410750721));
#3067=DIRECTION('',(-0.,-0.,1.));
#3068=VECTOR('',#3067,4.6);
#3069=LINE('',#3066,#3068);
#3070=EDGE_CURVE('',#3059,#3041,#3069,.T.);
#3071=ORIENTED_EDGE('',*,*,#3070,.T.);
#3072=EDGE_LOOP('',(#3049,#3057,#3065,#3071));
#3073=FACE_BOUND('',#3072,.T.);
#3074=ADVANCED_FACE('',(#3039,#3073),#3005,.T.);
#3075=CARTESIAN_POINT('',(138.465292996,-53.156396077,16.360750721));
#3076=DIRECTION('',(1.,0.,0.));
#3077=DIRECTION('',(0.,0.,-1.));
#3078=AXIS2_PLACEMENT_3D('',#3075,#3076,#3077);
#3079=PLANE('',#3078);
#3080=CARTESIAN_POINT('',(138.465292996,-50.256396077,15.160750721));
#3081=VERTEX_POINT('',#3080);
#3082=CARTESIAN_POINT('',(138.465292996,-55.656396077,15.160750721));
#3083=VERTEX_POINT('',#3082);
#3084=CARTESIAN_POINT('',(138.465292996,-50.256396077,15.160750721));
#3085=DIRECTION('',(0.,-1.,-0.));
#3086=VECTOR('',#3085,5.4);
#3087=LINE('',#3084,#3086);
#3088=EDGE_CURVE('',#3081,#3083,#3087,.T.);
#3089=ORIENTED_EDGE('',*,*,#3088,.T.);
#3090=CARTESIAN_POINT('',(138.465292996,-55.656396077,10.060750721));
#3091=VERTEX_POINT('',#3090);
#3092=CARTESIAN_POINT('',(138.465292996,-55.656396077,15.160750721));
#3093=DIRECTION('',(0.,0.,-1.));
#3094=VECTOR('',#3093,5.1);
#3095=LINE('',#3092,#3094);
#3096=EDGE_CURVE('',#3083,#3091,#3095,.T.);
#3097=ORIENTED_EDGE('',*,*,#3096,.T.);
#3098=CARTESIAN_POINT('',(138.465292996,-50.256396077,10.060750721));
#3099=VERTEX_POINT('',#3098);
#3100=CARTESIAN_POINT('',(138.465292996,-55.656396077,10.060750721));
#3101=DIRECTION('',(-0.,1.,0.));
#3102=VECTOR('',#3101,5.4);
#3103=LINE('',#3100,#3102);
#3104=EDGE_CURVE('',#3091,#3099,#3103,.T.);
#3105=ORIENTED_EDGE('',*,*,#3104,.T.);
#3106=CARTESIAN_POINT('',(138.465292996,-50.256396077,10.060750721));
#3107=DIRECTION('',(0.,-0.,1.));
#3108=VECTOR('',#3107,5.1);
#3109=LINE('',#3106,#3108);
#3110=EDGE_CURVE('',#3099,#3081,#3109,.T.);
#3111=ORIENTED_EDGE('',*,*,#3110,.T.);
#3112=EDGE_LOOP('',(#3089,#3097,#3105,#3111));
#3113=FACE_BOUND('',#3112,.T.);
#3114=CARTESIAN_POINT('',(138.465292996,-51.739238789,15.010750721));
#3115=VERTEX_POINT('',#3114);
#3116=CARTESIAN_POINT('',(138.465292996,-50.773553364,15.010750721));
#3117=VERTEX_POINT('',#3116);
#3118=CARTESIAN_POINT('',(138.465292996,-51.739238789,15.010750721));
#3119=DIRECTION('',(0.,1.,0.));
#3120=VECTOR('',#3119,0.965685425);
#3121=LINE('',#3118,#3120);
#3122=EDGE_CURVE('',#3115,#3117,#3121,.T.);
#3123=ORIENTED_EDGE('',*,*,#3122,.T.);
#3124=CARTESIAN_POINT('',(138.465292996,-50.773553364,10.410750721));
#3125=VERTEX_POINT('',#3124);
#3126=CARTESIAN_POINT('',(138.465292996,-50.773553364,15.010750721));
#3127=DIRECTION('',(-0.,0.,-1.));
#3128=VECTOR('',#3127,4.6);
#3129=LINE('',#3126,#3128);
#3130=EDGE_CURVE('',#3117,#3125,#3129,.T.);
#3131=ORIENTED_EDGE('',*,*,#3130,.T.);
#3132=CARTESIAN_POINT('',(138.465292996,-51.739238789,10.410750721));
#3133=VERTEX_POINT('',#3132);
#3134=CARTESIAN_POINT('',(138.465292996,-50.773553364,10.410750721));
#3135=DIRECTION('',(0.,-1.,-0.));
#3136=VECTOR('',#3135,0.965685425);
#3137=LINE('',#3134,#3136);
#3138=EDGE_CURVE('',#3125,#3133,#3137,.T.);
#3139=ORIENTED_EDGE('',*,*,#3138,.T.);
#3140=CARTESIAN_POINT('',(138.465292996,-51.739238789,10.410750721));
#3141=DIRECTION('',(-0.,-0.,1.));
#3142=VECTOR('',#3141,4.6);
#3143=LINE('',#3140,#3142);
#3144=EDGE_CURVE('',#3133,#3115,#3143,.T.);
#3145=ORIENTED_EDGE('',*,*,#3144,.T.);
#3146=EDGE_LOOP('',(#3123,#3131,#3139,#3145));
#3147=FACE_BOUND('',#3146,.T.);
#3148=ADVANCED_FACE('',(#3113,#3147),#3079,.T.);
#3149=CARTESIAN_POINT('',(131.25,-0.137932196,16.160750721));
#3150=DIRECTION('',(0.,-0.,1.));
#3151=DIRECTION('',(-1.,0.,0.));
#3152=AXIS2_PLACEMENT_3D('',#3149,#3150,#3151);
#3153=PLANE('',#3152);
#3154=CARTESIAN_POINT('',(136.565292996,-51.056396077,16.160750721));
#3155=VERTEX_POINT('',#3154);
#3156=CARTESIAN_POINT('',(136.565292996,-55.656396077,16.160750721));
#3157=VERTEX_POINT('',#3156);
#3158=CARTESIAN_POINT('',(136.565292996,-51.056396077,16.160750721));
#3159=DIRECTION('',(0.,-1.,-0.));
#3160=VECTOR('',#3159,4.6);
#3161=LINE('',#3158,#3160);
#3162=EDGE_CURVE('',#3155,#3157,#3161,.T.);
#3163=ORIENTED_EDGE('',*,*,#3162,.T.);
#3164=CARTESIAN_POINT('',(137.465292996,-55.656396077,16.160750721));
#3165=VERTEX_POINT('',#3164);
#3166=CARTESIAN_POINT('',(136.565292996,-55.656396077,16.160750721));
#3167=DIRECTION('',(1.,0.,-0.));
#3168=VECTOR('',#3167,0.9);
#3169=LINE('',#3166,#3168);
#3170=EDGE_CURVE('',#3157,#3165,#3169,.T.);
#3171=ORIENTED_EDGE('',*,*,#3170,.T.);
#3172=CARTESIAN_POINT('',(137.465292996,-50.256396077,16.160750721));
#3173=VERTEX_POINT('',#3172);
#3174=CARTESIAN_POINT('',(137.465292996,-55.656396077,16.160750721));
#3175=DIRECTION('',(-0.,1.,0.));
#3176=VECTOR('',#3175,5.4);
#3177=LINE('',#3174,#3176);
#3178=EDGE_CURVE('',#3165,#3173,#3177,.T.);
#3179=ORIENTED_EDGE('',*,*,#3178,.T.);
#3180=CARTESIAN_POINT('',(125.465292996,-50.256396077,16.160750721));
#3181=VERTEX_POINT('',#3180);
#3182=CARTESIAN_POINT('',(137.465292996,-50.256396077,16.160750721));
#3183=DIRECTION('',(-1.,0.,0.));
#3184=VECTOR('',#3183,12.);
#3185=LINE('',#3182,#3184);
#3186=EDGE_CURVE('',#3173,#3181,#3185,.T.);
#3187=ORIENTED_EDGE('',*,*,#3186,.T.);
#3188=CARTESIAN_POINT('',(125.465292996,-55.656396077,16.160750721));
#3189=VERTEX_POINT('',#3188);
#3190=CARTESIAN_POINT('',(125.465292996,-50.256396077,16.160750721));
#3191=DIRECTION('',(-0.,-1.,-0.));
#3192=VECTOR('',#3191,5.4);
#3193=LINE('',#3190,#3192);
#3194=EDGE_CURVE('',#3181,#3189,#3193,.T.);
#3195=ORIENTED_EDGE('',*,*,#3194,.T.);
#3196=CARTESIAN_POINT('',(126.365292996,-55.656396077,16.160750721));
#3197=VERTEX_POINT('',#3196);
#3198=CARTESIAN_POINT('',(125.465292996,-55.656396077,16.160750721));
#3199=DIRECTION('',(1.,0.,-0.));
#3200=VECTOR('',#3199,0.9);
#3201=LINE('',#3198,#3200);
#3202=EDGE_CURVE('',#3189,#3197,#3201,.T.);
#3203=ORIENTED_EDGE('',*,*,#3202,.T.);
#3204=CARTESIAN_POINT('',(126.365292996,-51.056396077,16.160750721));
#3205=VERTEX_POINT('',#3204);
#3206=CARTESIAN_POINT('',(126.365292996,-55.656396077,16.160750721));
#3207=DIRECTION('',(0.,1.,0.));
#3208=VECTOR('',#3207,4.6);
#3209=LINE('',#3206,#3208);
#3210=EDGE_CURVE('',#3197,#3205,#3209,.T.);
#3211=ORIENTED_EDGE('',*,*,#3210,.T.);
#3212=CARTESIAN_POINT('',(126.365292996,-51.056396077,16.160750721));
#3213=DIRECTION('',(1.,0.,-0.));
#3214=VECTOR('',#3213,10.2);
#3215=LINE('',#3212,#3214);
#3216=EDGE_CURVE('',#3205,#3155,#3215,.T.);
#3217=ORIENTED_EDGE('',*,*,#3216,.T.);
#3218=EDGE_LOOP('',(#3163,#3171,#3179,#3187,#3195,#3203,#3211,#3217));
#3219=FACE_BOUND('',#3218,.T.);
#3220=ADVANCED_FACE('',(#3219),#3153,.T.);
#3221=CARTESIAN_POINT('',(131.465292996,-56.056396077,16.360750721));
#3222=DIRECTION('',(0.,-1.,-0.));
#3223=DIRECTION('',(0.,0.,-1.));
#3224=AXIS2_PLACEMENT_3D('',#3221,#3222,#3223);
#3225=PLANE('',#3224);
#3226=CARTESIAN_POINT('',(138.065292996,-56.056396077,15.160750721));
#3227=VERTEX_POINT('',#3226);
#3228=CARTESIAN_POINT('',(137.465292996,-56.056396077,15.760750721));
#3229=VERTEX_POINT('',#3228);
#3230=CARTESIAN_POINT('',(137.465292996,-56.056396077,15.160750721));
#3231=DIRECTION('',(0.,-1.,-0.));
#3232=DIRECTION('',(0.,0.,-1.));
#3233=AXIS2_PLACEMENT_3D('',#3230,#3231,#3232);
#3234=CIRCLE('',#3233,0.6);
#3235=EDGE_CURVE('',#3227,#3229,#3234,.T.);
#3236=ORIENTED_EDGE('',*,*,#3235,.T.);
#3237=CARTESIAN_POINT('',(136.565292996,-56.056396077,15.760750721));
#3238=VERTEX_POINT('',#3237);
#3239=CARTESIAN_POINT('',(137.465292996,-56.056396077,15.760750721));
#3240=DIRECTION('',(-1.,0.,0.));
#3241=VECTOR('',#3240,0.9);
#3242=LINE('',#3239,#3241);
#3243=EDGE_CURVE('',#3229,#3238,#3242,.T.);
#3244=ORIENTED_EDGE('',*,*,#3243,.T.);
#3245=CARTESIAN_POINT('',(136.565292996,-56.056396077,13.060750721));
#3246=DIRECTION('',(0.,-0.,1.));
#3247=VECTOR('',#3246,2.7);
#3248=LINE('',#3245,#3247);
#3249=EDGE_CURVE('',#2899,#3238,#3248,.T.);
#3250=ORIENTED_EDGE('',*,*,#3249,.F.);
#3251=ORIENTED_EDGE('',*,*,#2926,.T.);
#3252=CARTESIAN_POINT('',(126.365292996,-56.056396077,15.760750721));
#3253=VERTEX_POINT('',#3252);
#3254=CARTESIAN_POINT('',(126.365292996,-56.056396077,13.060750721));
#3255=DIRECTION('',(0.,-0.,1.));
#3256=VECTOR('',#3255,2.7);
#3257=LINE('',#3254,#3256);
#3258=EDGE_CURVE('',#2915,#3253,#3257,.T.);
#3259=ORIENTED_EDGE('',*,*,#3258,.T.);
#3260=CARTESIAN_POINT('',(125.465292996,-56.056396077,15.760750721));
#3261=VERTEX_POINT('',#3260);
#3262=CARTESIAN_POINT('',(126.365292996,-56.056396077,15.760750721));
#3263=DIRECTION('',(-1.,0.,0.));
#3264=VECTOR('',#3263,0.9);
#3265=LINE('',#3262,#3264);
#3266=EDGE_CURVE('',#3253,#3261,#3265,.T.);
#3267=ORIENTED_EDGE('',*,*,#3266,.T.);
#3268=CARTESIAN_POINT('',(124.865292996,-56.056396077,15.160750721));
#3269=VERTEX_POINT('',#3268);
#3270=CARTESIAN_POINT('',(125.465292996,-56.056396077,15.160750721));
#3271=DIRECTION('',(0.,-1.,-0.));
#3272=DIRECTION('',(0.,0.,-1.));
#3273=AXIS2_PLACEMENT_3D('',#3270,#3271,#3272);
#3274=CIRCLE('',#3273,0.6);
#3275=EDGE_CURVE('',#3261,#3269,#3274,.T.);
#3276=ORIENTED_EDGE('',*,*,#3275,.T.);
#3277=CARTESIAN_POINT('',(124.865292996,-56.056396077,10.060750721));
#3278=VERTEX_POINT('',#3277);
#3279=CARTESIAN_POINT('',(124.865292996,-56.056396077,15.160750721));
#3280=DIRECTION('',(0.,0.,-1.));
#3281=VECTOR('',#3280,5.1);
#3282=LINE('',#3279,#3281);
#3283=EDGE_CURVE('',#3269,#3278,#3282,.T.);
#3284=ORIENTED_EDGE('',*,*,#3283,.T.);
#3285=CARTESIAN_POINT('',(125.465292996,-56.056396077,9.460750721));
#3286=VERTEX_POINT('',#3285);
#3287=CARTESIAN_POINT('',(125.465292996,-56.056396077,10.060750721));
#3288=DIRECTION('',(0.,-1.,-0.));
#3289=DIRECTION('',(0.,0.,-1.));
#3290=AXIS2_PLACEMENT_3D('',#3287,#3288,#3289);
#3291=CIRCLE('',#3290,0.6);
#3292=EDGE_CURVE('',#3278,#3286,#3291,.T.);
#3293=ORIENTED_EDGE('',*,*,#3292,.T.);
#3294=CARTESIAN_POINT('',(137.465292996,-56.056396077,9.460750721));
#3295=VERTEX_POINT('',#3294);
#3296=CARTESIAN_POINT('',(125.465292996,-56.056396077,9.460750721));
#3297=DIRECTION('',(1.,0.,-0.));
#3298=VECTOR('',#3297,12.);
#3299=LINE('',#3296,#3298);
#3300=EDGE_CURVE('',#3286,#3295,#3299,.T.);
#3301=ORIENTED_EDGE('',*,*,#3300,.T.);
#3302=CARTESIAN_POINT('',(138.065292996,-56.056396077,10.060750721));
#3303=VERTEX_POINT('',#3302);
#3304=CARTESIAN_POINT('',(137.465292996,-56.056396077,10.060750721));
#3305=DIRECTION('',(0.,-1.,-0.));
#3306=DIRECTION('',(0.,0.,-1.));
#3307=AXIS2_PLACEMENT_3D('',#3304,#3305,#3306);
#3308=CIRCLE('',#3307,0.6);
#3309=EDGE_CURVE('',#3295,#3303,#3308,.T.);
#3310=ORIENTED_EDGE('',*,*,#3309,.T.);
#3311=CARTESIAN_POINT('',(138.065292996,-56.056396077,10.060750721));
#3312=DIRECTION('',(0.,-0.,1.));
#3313=VECTOR('',#3312,5.1);
#3314=LINE('',#3311,#3313);
#3315=EDGE_CURVE('',#3303,#3227,#3314,.T.);
#3316=ORIENTED_EDGE('',*,*,#3315,.T.);
#3317=EDGE_LOOP('',(#3236,#3244,#3250,#3251,#3259,#3267,#3276,#3284,#3293,#3301,#3310,#3316));
#3318=FACE_BOUND('',#3317,.T.);
#3319=ADVANCED_FACE('',(#3318),#3225,.T.);
#3320=CARTESIAN_POINT('',(131.465292996,-50.056396077,16.360750721));
#3321=DIRECTION('',(0.,1.,0.));
#3322=DIRECTION('',(0.,-0.,1.));
#3323=AXIS2_PLACEMENT_3D('',#3320,#3321,#3322);
#3324=PLANE('',#3323);
#3325=CARTESIAN_POINT('',(138.265292996,-50.056396077,10.060750721));
#3326=VERTEX_POINT('',#3325);
#3327=CARTESIAN_POINT('',(137.465292996,-50.056396077,9.260750721));
#3328=VERTEX_POINT('',#3327);
#3329=CARTESIAN_POINT('',(137.465292996,-50.056396077,10.060750721));
#3330=DIRECTION('',(0.,1.,0.));
#3331=DIRECTION('',(0.,-0.,1.));
#3332=AXIS2_PLACEMENT_3D('',#3329,#3330,#3331);
#3333=CIRCLE('',#3332,0.8);
#3334=EDGE_CURVE('',#3326,#3328,#3333,.T.);
#3335=ORIENTED_EDGE('',*,*,#3334,.T.);
#3336=CARTESIAN_POINT('',(125.465292996,-50.056396077,9.260750721));
#3337=VERTEX_POINT('',#3336);
#3338=CARTESIAN_POINT('',(137.465292996,-50.056396077,9.260750721));
#3339=DIRECTION('',(-1.,0.,0.));
#3340=VECTOR('',#3339,12.);
#3341=LINE('',#3338,#3340);
#3342=EDGE_CURVE('',#3328,#3337,#3341,.T.);
#3343=ORIENTED_EDGE('',*,*,#3342,.T.);
#3344=CARTESIAN_POINT('',(124.665292996,-50.056396077,10.060750721));
#3345=VERTEX_POINT('',#3344);
#3346=CARTESIAN_POINT('',(125.465292996,-50.056396077,10.060750721));
#3347=DIRECTION('',(0.,1.,0.));
#3348=DIRECTION('',(0.,-0.,1.));
#3349=AXIS2_PLACEMENT_3D('',#3346,#3347,#3348);
#3350=CIRCLE('',#3349,0.8);
#3351=EDGE_CURVE('',#3337,#3345,#3350,.T.);
#3352=ORIENTED_EDGE('',*,*,#3351,.T.);
#3353=CARTESIAN_POINT('',(124.665292996,-50.056396077,15.160750721));
#3354=VERTEX_POINT('',#3353);
#3355=CARTESIAN_POINT('',(124.665292996,-50.056396077,10.060750721));
#3356=DIRECTION('',(0.,-0.,1.));
#3357=VECTOR('',#3356,5.1);
#3358=LINE('',#3355,#3357);
#3359=EDGE_CURVE('',#3345,#3354,#3358,.T.);
#3360=ORIENTED_EDGE('',*,*,#3359,.T.);
#3361=CARTESIAN_POINT('',(125.465292996,-50.056396077,15.960750721));
#3362=VERTEX_POINT('',#3361);
#3363=CARTESIAN_POINT('',(125.465292996,-50.056396077,15.160750721));
#3364=DIRECTION('',(0.,1.,0.));
#3365=DIRECTION('',(0.,-0.,1.));
#3366=AXIS2_PLACEMENT_3D('',#3363,#3364,#3365);
#3367=CIRCLE('',#3366,0.8);
#3368=EDGE_CURVE('',#3354,#3362,#3367,.T.);
#3369=ORIENTED_EDGE('',*,*,#3368,.T.);
#3370=CARTESIAN_POINT('',(137.465292996,-50.056396077,15.960750721));
#3371=VERTEX_POINT('',#3370);
#3372=CARTESIAN_POINT('',(125.465292996,-50.056396077,15.960750721));
#3373=DIRECTION('',(1.,0.,-0.));
#3374=VECTOR('',#3373,12.);
#3375=LINE('',#3372,#3374);
#3376=EDGE_CURVE('',#3362,#3371,#3375,.T.);
#3377=ORIENTED_EDGE('',*,*,#3376,.T.);
#3378=CARTESIAN_POINT('',(138.265292996,-50.056396077,15.160750721));
#3379=VERTEX_POINT('',#3378);
#3380=CARTESIAN_POINT('',(137.465292996,-50.056396077,15.160750721));
#3381=DIRECTION('',(0.,1.,0.));
#3382=DIRECTION('',(0.,-0.,1.));
#3383=AXIS2_PLACEMENT_3D('',#3380,#3381,#3382);
#3384=CIRCLE('',#3383,0.8);
#3385=EDGE_CURVE('',#3371,#3379,#3384,.T.);
#3386=ORIENTED_EDGE('',*,*,#3385,.T.);
#3387=CARTESIAN_POINT('',(138.265292996,-50.056396077,15.160750721));
#3388=DIRECTION('',(0.,0.,-1.));
#3389=VECTOR('',#3388,5.1);
#3390=LINE('',#3387,#3389);
#3391=EDGE_CURVE('',#3379,#3326,#3390,.T.);
#3392=ORIENTED_EDGE('',*,*,#3391,.T.);
#3393=EDGE_LOOP('',(#3335,#3343,#3352,#3360,#3369,#3377,#3386,#3392));
#3394=FACE_BOUND('',#3393,.T.);
#3395=ADVANCED_FACE('',(#3394),#3324,.T.);
#3396=CARTESIAN_POINT('',(136.565292996,-53.156396077,13.360750721));
#3397=DIRECTION('',(-1.,0.,0.));
#3398=DIRECTION('',(0.,-0.,1.));
#3399=AXIS2_PLACEMENT_3D('',#3396,#3397,#3398);
#3400=PLANE('',#3399);
#3401=ORIENTED_EDGE('',*,*,#3249,.T.);
#3402=CARTESIAN_POINT('',(136.565292996,-56.056396077,15.760750721));
#3403=DIRECTION('',(-0.,0.707106781,0.707106781));
#3404=VECTOR('',#3403,0.565685425);
#3405=LINE('',#3402,#3404);
#3406=EDGE_CURVE('',#3238,#3157,#3405,.T.);
#3407=ORIENTED_EDGE('',*,*,#3406,.T.);
#3408=ORIENTED_EDGE('',*,*,#3162,.F.);
#3409=CARTESIAN_POINT('',(136.565292996,-51.056396077,13.060750721));
#3410=DIRECTION('',(0.,-0.,1.));
#3411=VECTOR('',#3410,3.1);
#3412=LINE('',#3409,#3411);
#3413=EDGE_CURVE('',#2897,#3155,#3412,.T.);
#3414=ORIENTED_EDGE('',*,*,#3413,.F.);
#3415=ORIENTED_EDGE('',*,*,#2904,.T.);
#3416=EDGE_LOOP('',(#3401,#3407,#3408,#3414,#3415));
#3417=FACE_BOUND('',#3416,.T.);
#3418=ADVANCED_FACE('',(#3417),#3400,.T.);
#3419=CARTESIAN_POINT('',(131.465292996,-51.056396077,13.360750721));
#3420=DIRECTION('',(0.,-1.,-0.));
#3421=DIRECTION('',(0.,0.,-1.));
#3422=AXIS2_PLACEMENT_3D('',#3419,#3420,#3421);
#3423=PLANE('',#3422);
#3424=ORIENTED_EDGE('',*,*,#3216,.F.);
#3425=CARTESIAN_POINT('',(126.365292996,-51.056396077,13.060750721));
#3426=DIRECTION('',(0.,-0.,1.));
#3427=VECTOR('',#3426,3.1);
#3428=LINE('',#3425,#3427);
#3429=EDGE_CURVE('',#2907,#3205,#3428,.T.);
#3430=ORIENTED_EDGE('',*,*,#3429,.F.);
#3431=ORIENTED_EDGE('',*,*,#2912,.T.);
#3432=ORIENTED_EDGE('',*,*,#3413,.T.);
#3433=EDGE_LOOP('',(#3424,#3430,#3431,#3432));
#3434=FACE_BOUND('',#3433,.T.);
#3435=ADVANCED_FACE('',(#3434),#3423,.T.);
#3436=CARTESIAN_POINT('',(126.365292996,-53.156396077,13.360750721));
#3437=DIRECTION('',(1.,0.,0.));
#3438=DIRECTION('',(0.,0.,-1.));
#3439=AXIS2_PLACEMENT_3D('',#3436,#3437,#3438);
#3440=PLANE('',#3439);
#3441=ORIENTED_EDGE('',*,*,#3210,.F.);
#3442=CARTESIAN_POINT('',(126.365292996,-55.656396077,16.160750721));
#3443=DIRECTION('',(-0.,-0.707106781,-0.707106781));
#3444=VECTOR('',#3443,0.565685425);
#3445=LINE('',#3442,#3444);
#3446=EDGE_CURVE('',#3197,#3253,#3445,.T.);
#3447=ORIENTED_EDGE('',*,*,#3446,.T.);
#3448=ORIENTED_EDGE('',*,*,#3258,.F.);
#3449=ORIENTED_EDGE('',*,*,#2920,.T.);
#3450=ORIENTED_EDGE('',*,*,#3429,.T.);
#3451=EDGE_LOOP('',(#3441,#3447,#3448,#3449,#3450));
#3452=FACE_BOUND('',#3451,.T.);
#3453=ADVANCED_FACE('',(#3452),#3440,.T.);
#3454=CARTESIAN_POINT('',(137.465292996,-53.156396077,15.160750721));
#3455=DIRECTION('',(0.,-1.,-0.));
#3456=DIRECTION('',(0.,0.,-1.));
#3457=AXIS2_PLACEMENT_3D('',#3454,#3455,#3456);
#3458=CYLINDRICAL_SURFACE('',#3457,1.);
#3459=ORIENTED_EDGE('',*,*,#3178,.F.);
#3460=CARTESIAN_POINT('',(137.465292996,-55.656396077,15.160750721));
#3461=DIRECTION('',(0.,1.,0.));
#3462=DIRECTION('',(0.,-0.,1.));
#3463=AXIS2_PLACEMENT_3D('',#3460,#3461,#3462);
#3464=CIRCLE('',#3463,1.);
#3465=EDGE_CURVE('',#3165,#3083,#3464,.T.);
#3466=ORIENTED_EDGE('',*,*,#3465,.T.);
#3467=ORIENTED_EDGE('',*,*,#3088,.F.);
#3468=CARTESIAN_POINT('',(137.465292996,-50.256396077,15.160750721));
#3469=DIRECTION('',(-0.,-1.,-0.));
#3470=DIRECTION('',(0.,-0.,1.));
#3471=AXIS2_PLACEMENT_3D('',#3468,#3469,#3470);
#3472=CIRCLE('',#3471,1.);
#3473=EDGE_CURVE('',#3081,#3173,#3472,.T.);
#3474=ORIENTED_EDGE('',*,*,#3473,.T.);
#3475=EDGE_LOOP('',(#3459,#3466,#3467,#3474));
#3476=FACE_BOUND('',#3475,.T.);
#3477=ADVANCED_FACE('',(#3476),#3458,.T.);
#3478=CARTESIAN_POINT('',(137.465292996,-0.137932196,10.060750721));
#3479=DIRECTION('',(0.,1.,0.));
#3480=DIRECTION('',(0.,-0.,1.));
#3481=AXIS2_PLACEMENT_3D('',#3478,#3479,#3480);
#3482=CYLINDRICAL_SURFACE('',#3481,1.);
#3483=ORIENTED_EDGE('',*,*,#3104,.F.);
#3484=CARTESIAN_POINT('',(137.465292996,-55.656396077,10.060750721));
#3485=DIRECTION('',(0.,1.,0.));
#3486=DIRECTION('',(0.,-0.,1.));
#3487=AXIS2_PLACEMENT_3D('',#3484,#3485,#3486);
#3488=CIRCLE('',#3487,1.);
#3489=EDGE_CURVE('',#3091,#2789,#3488,.T.);
#3490=ORIENTED_EDGE('',*,*,#3489,.T.);
#3491=ORIENTED_EDGE('',*,*,#2794,.F.);
#3492=CARTESIAN_POINT('',(137.465292996,-50.256396077,10.060750721));
#3493=DIRECTION('',(-0.,-1.,-0.));
#3494=DIRECTION('',(0.,-0.,1.));
#3495=AXIS2_PLACEMENT_3D('',#3492,#3493,#3494);
#3496=CIRCLE('',#3495,1.);
#3497=EDGE_CURVE('',#2787,#3099,#3496,.T.);
#3498=ORIENTED_EDGE('',*,*,#3497,.T.);
#3499=EDGE_LOOP('',(#3483,#3490,#3491,#3498));
#3500=FACE_BOUND('',#3499,.T.);
#3501=ADVANCED_FACE('',(#3500),#3482,.T.);
#3502=CARTESIAN_POINT('',(125.465292996,-53.156396077,15.160750721));
#3503=DIRECTION('',(0.,1.,0.));
#3504=DIRECTION('',(0.,-0.,1.));
#3505=AXIS2_PLACEMENT_3D('',#3502,#3503,#3504);
#3506=CYLINDRICAL_SURFACE('',#3505,1.);
#3507=ORIENTED_EDGE('',*,*,#3030,.F.);
#3508=CARTESIAN_POINT('',(125.465292996,-55.656396077,15.160750721));
#3509=DIRECTION('',(0.,1.,0.));
#3510=DIRECTION('',(0.,-0.,1.));
#3511=AXIS2_PLACEMENT_3D('',#3508,#3509,#3510);
#3512=CIRCLE('',#3511,1.);
#3513=EDGE_CURVE('',#3017,#3189,#3512,.T.);
#3514=ORIENTED_EDGE('',*,*,#3513,.T.);
#3515=ORIENTED_EDGE('',*,*,#3194,.F.);
#3516=CARTESIAN_POINT('',(125.465292996,-50.256396077,15.160750721));
#3517=DIRECTION('',(-0.,-1.,-0.));
#3518=DIRECTION('',(0.,-0.,1.));
#3519=AXIS2_PLACEMENT_3D('',#3516,#3517,#3518);
#3520=CIRCLE('',#3519,1.);
#3521=EDGE_CURVE('',#3181,#3025,#3520,.T.);
#3522=ORIENTED_EDGE('',*,*,#3521,.T.);
#3523=EDGE_LOOP('',(#3507,#3514,#3515,#3522));
#3524=FACE_BOUND('',#3523,.T.);
#3525=ADVANCED_FACE('',(#3524),#3506,.T.);
#3526=CARTESIAN_POINT('',(125.465292996,-0.137932196,10.060750721));
#3527=DIRECTION('',(0.,-1.,-0.));
#3528=DIRECTION('',(0.,0.,-1.));
#3529=AXIS2_PLACEMENT_3D('',#3526,#3527,#3528);
#3530=CYLINDRICAL_SURFACE('',#3529,1.);
#3531=ORIENTED_EDGE('',*,*,#2810,.F.);
#3532=CARTESIAN_POINT('',(125.465292996,-55.656396077,10.060750721));
#3533=DIRECTION('',(0.,1.,0.));
#3534=DIRECTION('',(0.,-0.,1.));
#3535=AXIS2_PLACEMENT_3D('',#3532,#3533,#3534);
#3536=CIRCLE('',#3535,1.);
#3537=EDGE_CURVE('',#2797,#3009,#3536,.T.);
#3538=ORIENTED_EDGE('',*,*,#3537,.T.);
#3539=ORIENTED_EDGE('',*,*,#3014,.F.);
#3540=CARTESIAN_POINT('',(125.465292996,-50.256396077,10.060750721));
#3541=DIRECTION('',(-0.,-1.,-0.));
#3542=DIRECTION('',(0.,-0.,1.));
#3543=AXIS2_PLACEMENT_3D('',#3540,#3541,#3542);
#3544=CIRCLE('',#3543,1.);
#3545=EDGE_CURVE('',#3007,#2805,#3544,.T.);
#3546=ORIENTED_EDGE('',*,*,#3545,.T.);
#3547=EDGE_LOOP('',(#3531,#3538,#3539,#3546));
#3548=FACE_BOUND('',#3547,.T.);
#3549=ADVANCED_FACE('',(#3548),#3530,.T.);
#3550=CARTESIAN_POINT('',(131.465292996,-50.056396077,15.960750721));
#3551=DIRECTION('',(0.,-0.707106781,-0.707106781));
#3552=DIRECTION('',(1.,0.,0.));
#3553=AXIS2_PLACEMENT_3D('',#3550,#3551,#3552);
#3554=PLANE('',#3553);
#3555=CARTESIAN_POINT('',(137.465292996,-50.056396077,15.960750721));
#3556=DIRECTION('',(0.,-0.707106781,0.707106781));
#3557=VECTOR('',#3556,0.282842712);
#3558=LINE('',#3555,#3557);
#3559=EDGE_CURVE('',#3371,#3173,#3558,.T.);
#3560=ORIENTED_EDGE('',*,*,#3559,.F.);
#3561=ORIENTED_EDGE('',*,*,#3376,.F.);
#3562=CARTESIAN_POINT('',(125.465292996,-50.256396077,16.160750721));
#3563=DIRECTION('',(-0.,0.707106781,-0.707106781));
#3564=VECTOR('',#3563,0.282842712);
#3565=LINE('',#3562,#3564);
#3566=EDGE_CURVE('',#3181,#3362,#3565,.T.);
#3567=ORIENTED_EDGE('',*,*,#3566,.F.);
#3568=ORIENTED_EDGE('',*,*,#3186,.F.);
#3569=EDGE_LOOP('',(#3560,#3561,#3567,#3568));
#3570=FACE_BOUND('',#3569,.T.);
#3571=ADVANCED_FACE('',(#3570),#3554,.F.);
#3572=CARTESIAN_POINT('',(125.465292996,-50.056396077,15.160750721));
#3573=DIRECTION('',(0.,-1.,-0.));
#3574=DIRECTION('',(0.,0.,-1.));
#3575=AXIS2_PLACEMENT_3D('',#3572,#3573,#3574);
#3576=CONICAL_SURFACE('',#3575,0.8,45.);
#3577=ORIENTED_EDGE('',*,*,#3566,.T.);
#3578=ORIENTED_EDGE('',*,*,#3368,.F.);
#3579=CARTESIAN_POINT('',(124.465292996,-50.256396077,15.160750721));
#3580=DIRECTION('',(0.707106781,0.707106781,0.));
#3581=VECTOR('',#3580,0.282842712);
#3582=LINE('',#3579,#3581);
#3583=EDGE_CURVE('',#3025,#3354,#3582,.T.);
#3584=ORIENTED_EDGE('',*,*,#3583,.F.);
#3585=ORIENTED_EDGE('',*,*,#3521,.F.);
#3586=EDGE_LOOP('',(#3577,#3578,#3584,#3585));
#3587=FACE_BOUND('',#3586,.T.);
#3588=ADVANCED_FACE('',(#3587),#3576,.T.);
#3589=CARTESIAN_POINT('',(137.465292996,-50.056396077,15.160750721));
#3590=DIRECTION('',(0.,-1.,-0.));
#3591=DIRECTION('',(0.,0.,-1.));
#3592=AXIS2_PLACEMENT_3D('',#3589,#3590,#3591);
#3593=CONICAL_SURFACE('',#3592,0.8,45.);
#3594=ORIENTED_EDGE('',*,*,#3559,.T.);
#3595=ORIENTED_EDGE('',*,*,#3473,.F.);
#3596=CARTESIAN_POINT('',(138.265292996,-50.056396077,15.160750721));
#3597=DIRECTION('',(0.707106781,-0.707106781,-0.));
#3598=VECTOR('',#3597,0.282842712);
#3599=LINE('',#3596,#3598);
#3600=EDGE_CURVE('',#3379,#3081,#3599,.T.);
#3601=ORIENTED_EDGE('',*,*,#3600,.F.);
#3602=ORIENTED_EDGE('',*,*,#3385,.F.);
#3603=EDGE_LOOP('',(#3594,#3595,#3601,#3602));
#3604=FACE_BOUND('',#3603,.T.);
#3605=ADVANCED_FACE('',(#3604),#3593,.T.);
#3606=CARTESIAN_POINT('',(124.465292996,-50.256396077,16.360750721));
#3607=DIRECTION('',(0.707106781,-0.707106781,0.));
#3608=DIRECTION('',(0.,0.,-1.));
#3609=AXIS2_PLACEMENT_3D('',#3606,#3607,#3608);
#3610=PLANE('',#3609);
#3611=ORIENTED_EDGE('',*,*,#3583,.T.);
#3612=ORIENTED_EDGE('',*,*,#3359,.F.);
#3613=CARTESIAN_POINT('',(124.465292996,-50.256396077,10.060750721));
#3614=DIRECTION('',(0.707106781,0.707106781,0.));
#3615=VECTOR('',#3614,0.282842712);
#3616=LINE('',#3613,#3615);
#3617=EDGE_CURVE('',#3007,#3345,#3616,.T.);
#3618=ORIENTED_EDGE('',*,*,#3617,.F.);
#3619=ORIENTED_EDGE('',*,*,#3036,.F.);
#3620=EDGE_LOOP('',(#3611,#3612,#3618,#3619));
#3621=FACE_BOUND('',#3620,.T.);
#3622=ADVANCED_FACE('',(#3621),#3610,.F.);
#3623=CARTESIAN_POINT('',(138.265292996,-50.056396077,16.360750721));
#3624=DIRECTION('',(-0.707106781,-0.707106781,0.));
#3625=DIRECTION('',(-0.,0.,-1.));
#3626=AXIS2_PLACEMENT_3D('',#3623,#3624,#3625);
#3627=PLANE('',#3626);
#3628=ORIENTED_EDGE('',*,*,#3600,.T.);
#3629=ORIENTED_EDGE('',*,*,#3110,.F.);
#3630=CARTESIAN_POINT('',(138.265292996,-50.056396077,10.060750721));
#3631=DIRECTION('',(0.707106781,-0.707106781,-0.));
#3632=VECTOR('',#3631,0.282842712);
#3633=LINE('',#3630,#3632);
#3634=EDGE_CURVE('',#3326,#3099,#3633,.T.);
#3635=ORIENTED_EDGE('',*,*,#3634,.F.);
#3636=ORIENTED_EDGE('',*,*,#3391,.F.);
#3637=EDGE_LOOP('',(#3628,#3629,#3635,#3636));
#3638=FACE_BOUND('',#3637,.T.);
#3639=ADVANCED_FACE('',(#3638),#3627,.F.);
#3640=CARTESIAN_POINT('',(125.465292996,-50.056396077,10.060750721));
#3641=DIRECTION('',(0.,-1.,-0.));
#3642=DIRECTION('',(0.,0.,-1.));
#3643=AXIS2_PLACEMENT_3D('',#3640,#3641,#3642);
#3644=CONICAL_SURFACE('',#3643,0.8,45.);
#3645=ORIENTED_EDGE('',*,*,#3617,.T.);
#3646=ORIENTED_EDGE('',*,*,#3351,.F.);
#3647=CARTESIAN_POINT('',(125.465292996,-50.256396077,9.060750721));
#3648=DIRECTION('',(-0.,0.707106781,0.707106781));
#3649=VECTOR('',#3648,0.282842712);
#3650=LINE('',#3647,#3649);
#3651=EDGE_CURVE('',#2805,#3337,#3650,.T.);
#3652=ORIENTED_EDGE('',*,*,#3651,.F.);
#3653=ORIENTED_EDGE('',*,*,#3545,.F.);
#3654=EDGE_LOOP('',(#3645,#3646,#3652,#3653));
#3655=FACE_BOUND('',#3654,.T.);
#3656=ADVANCED_FACE('',(#3655),#3644,.T.);
#3657=CARTESIAN_POINT('',(137.465292996,-50.056396077,10.060750721));
#3658=DIRECTION('',(0.,-1.,-0.));
#3659=DIRECTION('',(0.,0.,-1.));
#3660=AXIS2_PLACEMENT_3D('',#3657,#3658,#3659);
#3661=CONICAL_SURFACE('',#3660,0.8,45.);
#3662=ORIENTED_EDGE('',*,*,#3634,.T.);
#3663=ORIENTED_EDGE('',*,*,#3497,.F.);
#3664=CARTESIAN_POINT('',(137.465292996,-50.056396077,9.260750721));
#3665=DIRECTION('',(0.,-0.707106781,-0.707106781));
#3666=VECTOR('',#3665,0.282842712);
#3667=LINE('',#3664,#3666);
#3668=EDGE_CURVE('',#3328,#2787,#3667,.T.);
#3669=ORIENTED_EDGE('',*,*,#3668,.F.);
#3670=ORIENTED_EDGE('',*,*,#3334,.F.);
#3671=EDGE_LOOP('',(#3662,#3663,#3669,#3670));
#3672=FACE_BOUND('',#3671,.T.);
#3673=ADVANCED_FACE('',(#3672),#3661,.T.);
#3674=CARTESIAN_POINT('',(131.25,-50.256396077,9.060750721));
#3675=DIRECTION('',(0.,0.707106781,-0.707106781));
#3676=DIRECTION('',(-1.,0.,0.));
#3677=AXIS2_PLACEMENT_3D('',#3674,#3675,#3676);
#3678=PLANE('',#3677);
#3679=ORIENTED_EDGE('',*,*,#3651,.T.);
#3680=ORIENTED_EDGE('',*,*,#3342,.F.);
#3681=ORIENTED_EDGE('',*,*,#3668,.T.);
#3682=ORIENTED_EDGE('',*,*,#2816,.F.);
#3683=EDGE_LOOP('',(#3679,#3680,#3681,#3682));
#3684=FACE_BOUND('',#3683,.T.);
#3685=ADVANCED_FACE('',(#3684),#3678,.T.);
#3686=CARTESIAN_POINT('',(138.77742503,-51.256396077,14.698618687));
#3687=DIRECTION('',(0.707106781,-0.,0.707106781));
#3688=DIRECTION('',(0.707106781,0.,-0.707106781));
#3689=AXIS2_PLACEMENT_3D('',#3686,#3687,#3688);
#3690=PLANE('',#3689);
#3691=CARTESIAN_POINT('',(138.948135708,-51.256396077,14.527908009));
#3692=VERTEX_POINT('',#3691);
#3693=CARTESIAN_POINT('',(138.465292996,-51.739238789,15.010750721));
#3694=DIRECTION('',(0.577350269,0.577350269,-0.577350269));
#3695=VECTOR('',#3694,0.83630811);
#3696=LINE('',#3693,#3695);
#3697=EDGE_CURVE('',#3115,#3692,#3696,.T.);
#3698=ORIENTED_EDGE('',*,*,#3697,.T.);
#3699=CARTESIAN_POINT('',(138.948135708,-51.256396077,14.527908009));
#3700=DIRECTION('',(-0.577350269,0.577350269,0.577350269));
#3701=VECTOR('',#3700,0.83630811);
#3702=LINE('',#3699,#3701);
#3703=EDGE_CURVE('',#3692,#3117,#3702,.T.);
#3704=ORIENTED_EDGE('',*,*,#3703,.T.);
#3705=ORIENTED_EDGE('',*,*,#3122,.F.);
#3706=EDGE_LOOP('',(#3698,#3704,#3705));
#3707=FACE_BOUND('',#3706,.T.);
#3708=ADVANCED_FACE('',(#3707),#3690,.T.);
#3709=CARTESIAN_POINT('',(138.77742503,-51.256396077,10.722882755));
#3710=DIRECTION('',(0.707106781,0.,-0.707106781));
#3711=DIRECTION('',(-0.707106781,0.,-0.707106781));
#3712=AXIS2_PLACEMENT_3D('',#3709,#3710,#3711);
#3713=PLANE('',#3712);
#3714=ORIENTED_EDGE('',*,*,#3138,.F.);
#3715=CARTESIAN_POINT('',(138.948135708,-51.256396077,10.893593433));
#3716=VERTEX_POINT('',#3715);
#3717=CARTESIAN_POINT('',(138.465292996,-50.773553364,10.410750721));
#3718=DIRECTION('',(0.577350269,-0.577350269,0.577350269));
#3719=VECTOR('',#3718,0.83630811);
#3720=LINE('',#3717,#3719);
#3721=EDGE_CURVE('',#3125,#3716,#3720,.T.);
#3722=ORIENTED_EDGE('',*,*,#3721,.T.);
#3723=CARTESIAN_POINT('',(138.948135708,-51.256396077,10.893593433));
#3724=DIRECTION('',(-0.577350269,-0.577350269,-0.577350269));
#3725=VECTOR('',#3724,0.83630811);
#3726=LINE('',#3723,#3725);
#3727=EDGE_CURVE('',#3716,#3133,#3726,.T.);
#3728=ORIENTED_EDGE('',*,*,#3727,.T.);
#3729=EDGE_LOOP('',(#3714,#3722,#3728));
#3730=FACE_BOUND('',#3729,.T.);
#3731=ADVANCED_FACE('',(#3730),#3713,.T.);
#3732=CARTESIAN_POINT('',(138.606714352,-51.597817433,13.910750721));
#3733=DIRECTION('',(-0.707106781,0.707106781,0.));
#3734=DIRECTION('',(-0.,-0.,1.));
#3735=AXIS2_PLACEMENT_3D('',#3732,#3733,#3734);
#3736=PLANE('',#3735);
#3737=CARTESIAN_POINT('',(138.948135708,-51.256396077,14.527908009));
#3738=DIRECTION('',(0.,0.,-1.));
#3739=VECTOR('',#3738,3.634314575);
#3740=LINE('',#3737,#3739);
#3741=EDGE_CURVE('',#3692,#3716,#3740,.T.);
#3742=ORIENTED_EDGE('',*,*,#3741,.F.);
#3743=ORIENTED_EDGE('',*,*,#3697,.F.);
#3744=ORIENTED_EDGE('',*,*,#3144,.F.);
#3745=ORIENTED_EDGE('',*,*,#3727,.F.);
#3746=EDGE_LOOP('',(#3742,#3743,#3744,#3745));
#3747=FACE_BOUND('',#3746,.T.);
#3748=ADVANCED_FACE('',(#3747),#3736,.F.);
#3749=CARTESIAN_POINT('',(138.606714352,-50.91497472,13.910750721));
#3750=DIRECTION('',(-0.707106781,-0.707106781,0.));
#3751=DIRECTION('',(-0.,0.,-1.));
#3752=AXIS2_PLACEMENT_3D('',#3749,#3750,#3751);
#3753=PLANE('',#3752);
#3754=ORIENTED_EDGE('',*,*,#3703,.F.);
#3755=ORIENTED_EDGE('',*,*,#3741,.T.);
#3756=ORIENTED_EDGE('',*,*,#3721,.F.);
#3757=ORIENTED_EDGE('',*,*,#3130,.F.);
#3758=EDGE_LOOP('',(#3754,#3755,#3756,#3757));
#3759=FACE_BOUND('',#3758,.T.);
#3760=ADVANCED_FACE('',(#3759),#3753,.F.);
#3761=CARTESIAN_POINT('',(124.294582318,-51.256396077,14.840040043));
#3762=DIRECTION('',(-0.707106781,-0.,0.707106781));
#3763=DIRECTION('',(0.707106781,-0.,0.707106781));
#3764=AXIS2_PLACEMENT_3D('',#3761,#3762,#3763);
#3765=PLANE('',#3764);
#3766=ORIENTED_EDGE('',*,*,#3048,.F.);
#3767=CARTESIAN_POINT('',(123.982450284,-51.256396077,14.527908009));
#3768=VERTEX_POINT('',#3767);
#3769=CARTESIAN_POINT('',(124.465292996,-50.773553364,15.010750721));
#3770=DIRECTION('',(-0.577350269,-0.577350269,-0.577350269));
#3771=VECTOR('',#3770,0.83630811);
#3772=LINE('',#3769,#3771);
#3773=EDGE_CURVE('',#3041,#3768,#3772,.T.);
#3774=ORIENTED_EDGE('',*,*,#3773,.T.);
#3775=CARTESIAN_POINT('',(123.982450284,-51.256396077,14.527908009));
#3776=DIRECTION('',(0.577350269,-0.577350269,0.577350269));
#3777=VECTOR('',#3776,0.83630811);
#3778=LINE('',#3775,#3777);
#3779=EDGE_CURVE('',#3768,#3043,#3778,.T.);
#3780=ORIENTED_EDGE('',*,*,#3779,.T.);
#3781=EDGE_LOOP('',(#3766,#3774,#3780));
#3782=FACE_BOUND('',#3781,.T.);
#3783=ADVANCED_FACE('',(#3782),#3765,.T.);
#3784=CARTESIAN_POINT('',(124.294582318,-51.256396077,10.581461399));
#3785=DIRECTION('',(-0.707106781,0.,-0.707106781));
#3786=DIRECTION('',(-0.707106781,-0.,0.707106781));
#3787=AXIS2_PLACEMENT_3D('',#3784,#3785,#3786);
#3788=PLANE('',#3787);
#3789=CARTESIAN_POINT('',(123.982450284,-51.256396077,10.893593433));
#3790=VERTEX_POINT('',#3789);
#3791=CARTESIAN_POINT('',(124.465292996,-51.739238789,10.410750721));
#3792=DIRECTION('',(-0.577350269,0.577350269,0.577350269));
#3793=VECTOR('',#3792,0.83630811);
#3794=LINE('',#3791,#3793);
#3795=EDGE_CURVE('',#3051,#3790,#3794,.T.);
#3796=ORIENTED_EDGE('',*,*,#3795,.T.);
#3797=CARTESIAN_POINT('',(123.982450284,-51.256396077,10.893593433));
#3798=DIRECTION('',(0.577350269,0.577350269,-0.577350269));
#3799=VECTOR('',#3798,0.83630811);
#3800=LINE('',#3797,#3799);
#3801=EDGE_CURVE('',#3790,#3059,#3800,.T.);
#3802=ORIENTED_EDGE('',*,*,#3801,.T.);
#3803=ORIENTED_EDGE('',*,*,#3064,.F.);
#3804=EDGE_LOOP('',(#3796,#3802,#3803));
#3805=FACE_BOUND('',#3804,.T.);
#3806=ADVANCED_FACE('',(#3805),#3788,.T.);
#3807=CARTESIAN_POINT('',(124.32387164,-51.597817433,13.910750721));
#3808=DIRECTION('',(0.707106781,0.707106781,0.));
#3809=DIRECTION('',(-0.,0.,-1.));
#3810=AXIS2_PLACEMENT_3D('',#3807,#3808,#3809);
#3811=PLANE('',#3810);
#3812=CARTESIAN_POINT('',(123.982450284,-51.256396077,10.893593433));
#3813=DIRECTION('',(0.,-0.,1.));
#3814=VECTOR('',#3813,3.634314575);
#3815=LINE('',#3812,#3814);
#3816=EDGE_CURVE('',#3790,#3768,#3815,.T.);
#3817=ORIENTED_EDGE('',*,*,#3816,.F.);
#3818=ORIENTED_EDGE('',*,*,#3795,.F.);
#3819=ORIENTED_EDGE('',*,*,#3056,.F.);
#3820=ORIENTED_EDGE('',*,*,#3779,.F.);
#3821=EDGE_LOOP('',(#3817,#3818,#3819,#3820));
#3822=FACE_BOUND('',#3821,.T.);
#3823=ADVANCED_FACE('',(#3822),#3811,.F.);
#3824=CARTESIAN_POINT('',(124.32387164,-50.91497472,13.910750721));
#3825=DIRECTION('',(0.707106781,-0.707106781,0.));
#3826=DIRECTION('',(-0.,-0.,1.));
#3827=AXIS2_PLACEMENT_3D('',#3824,#3825,#3826);
#3828=PLANE('',#3827);
#3829=ORIENTED_EDGE('',*,*,#3801,.F.);
#3830=ORIENTED_EDGE('',*,*,#3816,.T.);
#3831=ORIENTED_EDGE('',*,*,#3773,.F.);
#3832=ORIENTED_EDGE('',*,*,#3070,.F.);
#3833=EDGE_LOOP('',(#3829,#3830,#3831,#3832));
#3834=FACE_BOUND('',#3833,.T.);
#3835=ADVANCED_FACE('',(#3834),#3828,.F.);
#3836=CARTESIAN_POINT('',(132.965292996,-53.756396077,3.460750721));
#3837=DIRECTION('',(-1.,0.,0.));
#3838=DIRECTION('',(0.,-0.,1.));
#3839=AXIS2_PLACEMENT_3D('',#3836,#3837,#3838);
#3840=PLANE('',#3839);
#3841=ORIENTED_EDGE('',*,*,#2972,.F.);
#3842=CARTESIAN_POINT('',(132.965292996,-52.756396077,13.060750721));
#3843=DIRECTION('',(-0.,0.,-1.));
#3844=VECTOR('',#3843,4.);
#3845=LINE('',#3842,#3844);
#3846=EDGE_CURVE('',#2958,#2821,#3845,.T.);
#3847=ORIENTED_EDGE('',*,*,#3846,.T.);
#3848=ORIENTED_EDGE('',*,*,#2828,.T.);
#3849=CARTESIAN_POINT('',(132.965292996,-54.556396077,9.060750721));
#3850=DIRECTION('',(0.,-0.,1.));
#3851=VECTOR('',#3850,4.);
#3852=LINE('',#3849,#3851);
#3853=EDGE_CURVE('',#2823,#2967,#3852,.T.);
#3854=ORIENTED_EDGE('',*,*,#3853,.T.);
#3855=EDGE_LOOP('',(#3841,#3847,#3848,#3854));
#3856=FACE_BOUND('',#3855,.T.);
#3857=ADVANCED_FACE('',(#3856),#3840,.T.);
#3858=CARTESIAN_POINT('',(131.465292996,-52.256396077,3.460750721));
#3859=DIRECTION('',(0.,-1.,-0.));
#3860=DIRECTION('',(0.,0.,-1.));
#3861=AXIS2_PLACEMENT_3D('',#3858,#3859,#3860);
#3862=PLANE('',#3861);
#3863=ORIENTED_EDGE('',*,*,#2955,.F.);
#3864=CARTESIAN_POINT('',(130.465292996,-52.256396077,13.060750721));
#3865=DIRECTION('',(0.,0.,-1.));
#3866=VECTOR('',#3865,4.);
#3867=LINE('',#3864,#3866);
#3868=EDGE_CURVE('',#2941,#2840,#3867,.T.);
#3869=ORIENTED_EDGE('',*,*,#3868,.T.);
#3870=ORIENTED_EDGE('',*,*,#2845,.T.);
#3871=CARTESIAN_POINT('',(132.465292996,-52.256396077,9.060750721));
#3872=DIRECTION('',(-0.,-0.,1.));
#3873=VECTOR('',#3872,4.);
#3874=LINE('',#3871,#3873);
#3875=EDGE_CURVE('',#2831,#2950,#3874,.T.);
#3876=ORIENTED_EDGE('',*,*,#3875,.T.);
#3877=EDGE_LOOP('',(#3863,#3869,#3870,#3876));
#3878=FACE_BOUND('',#3877,.T.);
#3879=ADVANCED_FACE('',(#3878),#3862,.T.);
#3880=CARTESIAN_POINT('',(129.965292996,-53.756396077,3.460750721));
#3881=DIRECTION('',(1.,0.,0.));
#3882=DIRECTION('',(0.,0.,-1.));
#3883=AXIS2_PLACEMENT_3D('',#3880,#3881,#3882);
#3884=PLANE('',#3883);
#3885=ORIENTED_EDGE('',*,*,#2862,.T.);
#3886=CARTESIAN_POINT('',(129.965292996,-52.756396077,9.060750721));
#3887=DIRECTION('',(-0.,-0.,1.));
#3888=VECTOR('',#3887,4.);
#3889=LINE('',#3886,#3888);
#3890=EDGE_CURVE('',#2848,#2933,#3889,.T.);
#3891=ORIENTED_EDGE('',*,*,#3890,.T.);
#3892=ORIENTED_EDGE('',*,*,#2938,.F.);
#3893=CARTESIAN_POINT('',(129.965292996,-54.556396077,13.060750721));
#3894=DIRECTION('',(0.,0.,-1.));
#3895=VECTOR('',#3894,4.);
#3896=LINE('',#3893,#3895);
#3897=EDGE_CURVE('',#2931,#2857,#3896,.T.);
#3898=ORIENTED_EDGE('',*,*,#3897,.T.);
#3899=EDGE_LOOP('',(#3885,#3891,#3892,#3898));
#3900=FACE_BOUND('',#3899,.T.);
#3901=ADVANCED_FACE('',(#3900),#3884,.T.);
#3902=CARTESIAN_POINT('',(131.465292996,-55.056396077,3.460750721));
#3903=DIRECTION('',(0.,1.,0.));
#3904=DIRECTION('',(0.,-0.,1.));
#3905=AXIS2_PLACEMENT_3D('',#3902,#3903,#3904);
#3906=PLANE('',#3905);
#3907=ORIENTED_EDGE('',*,*,#2879,.T.);
#3908=CARTESIAN_POINT('',(130.465292996,-55.056396077,9.060750721));
#3909=DIRECTION('',(0.,-0.,1.));
#3910=VECTOR('',#3909,4.);
#3911=LINE('',#3908,#3910);
#3912=EDGE_CURVE('',#2865,#2984,#3911,.T.);
#3913=ORIENTED_EDGE('',*,*,#3912,.T.);
#3914=ORIENTED_EDGE('',*,*,#2989,.F.);
#3915=CARTESIAN_POINT('',(132.465292996,-55.056396077,13.060750721));
#3916=DIRECTION('',(-0.,0.,-1.));
#3917=VECTOR('',#3916,4.);
#3918=LINE('',#3915,#3917);
#3919=EDGE_CURVE('',#2975,#2874,#3918,.T.);
#3920=ORIENTED_EDGE('',*,*,#3919,.T.);
#3921=EDGE_LOOP('',(#3907,#3913,#3914,#3920));
#3922=FACE_BOUND('',#3921,.T.);
#3923=ADVANCED_FACE('',(#3922),#3906,.T.);
#3924=CARTESIAN_POINT('',(130.465292996,-52.756396077,3.460750721));
#3925=DIRECTION('',(0.,0.,-1.));
#3926=DIRECTION('',(-1.,0.,0.));
#3927=AXIS2_PLACEMENT_3D('',#3924,#3925,#3926);
#3928=CYLINDRICAL_SURFACE('',#3927,0.5);
#3929=ORIENTED_EDGE('',*,*,#2854,.F.);
#3930=ORIENTED_EDGE('',*,*,#3868,.F.);
#3931=ORIENTED_EDGE('',*,*,#2947,.F.);
#3932=ORIENTED_EDGE('',*,*,#3890,.F.);
#3933=EDGE_LOOP('',(#3929,#3930,#3931,#3932));
#3934=FACE_BOUND('',#3933,.T.);
#3935=ADVANCED_FACE('',(#3934),#3928,.F.);
#3936=CARTESIAN_POINT('',(132.465292996,-52.756396077,3.460750721));
#3937=DIRECTION('',(0.,0.,-1.));
#3938=DIRECTION('',(-1.,0.,0.));
#3939=AXIS2_PLACEMENT_3D('',#3936,#3937,#3938);
#3940=CYLINDRICAL_SURFACE('',#3939,0.5);
#3941=ORIENTED_EDGE('',*,*,#2837,.F.);
#3942=ORIENTED_EDGE('',*,*,#3846,.F.);
#3943=ORIENTED_EDGE('',*,*,#2964,.F.);
#3944=ORIENTED_EDGE('',*,*,#3875,.F.);
#3945=EDGE_LOOP('',(#3941,#3942,#3943,#3944));
#3946=FACE_BOUND('',#3945,.T.);
#3947=ADVANCED_FACE('',(#3946),#3940,.F.);
#3948=CARTESIAN_POINT('',(130.465292996,-54.556396077,3.460750721));
#3949=DIRECTION('',(0.,0.,-1.));
#3950=DIRECTION('',(-1.,0.,0.));
#3951=AXIS2_PLACEMENT_3D('',#3948,#3949,#3950);
#3952=CYLINDRICAL_SURFACE('',#3951,0.5);
#3953=ORIENTED_EDGE('',*,*,#2871,.F.);
#3954=ORIENTED_EDGE('',*,*,#3897,.F.);
#3955=ORIENTED_EDGE('',*,*,#2996,.F.);
#3956=ORIENTED_EDGE('',*,*,#3912,.F.);
#3957=EDGE_LOOP('',(#3953,#3954,#3955,#3956));
#3958=FACE_BOUND('',#3957,.T.);
#3959=ADVANCED_FACE('',(#3958),#3952,.F.);
#3960=CARTESIAN_POINT('',(132.465292996,-54.556396077,3.460750721));
#3961=DIRECTION('',(0.,0.,-1.));
#3962=DIRECTION('',(-1.,0.,0.));
#3963=AXIS2_PLACEMENT_3D('',#3960,#3961,#3962);
#3964=CYLINDRICAL_SURFACE('',#3963,0.5);
#3965=ORIENTED_EDGE('',*,*,#2886,.F.);
#3966=ORIENTED_EDGE('',*,*,#3919,.F.);
#3967=ORIENTED_EDGE('',*,*,#2981,.F.);
#3968=ORIENTED_EDGE('',*,*,#3853,.F.);
#3969=EDGE_LOOP('',(#3965,#3966,#3967,#3968));
#3970=FACE_BOUND('',#3969,.T.);
#3971=ADVANCED_FACE('',(#3970),#3964,.F.);
#3972=CARTESIAN_POINT('',(131.365292996,-56.056396077,15.760750721));
#3973=DIRECTION('',(0.,0.707106781,-0.707106781));
#3974=DIRECTION('',(-1.,0.,0.));
#3975=AXIS2_PLACEMENT_3D('',#3972,#3973,#3974);
#3976=PLANE('',#3975);
#3977=ORIENTED_EDGE('',*,*,#3446,.F.);
#3978=ORIENTED_EDGE('',*,*,#3202,.F.);
#3979=CARTESIAN_POINT('',(125.465292996,-56.056396077,15.760750721));
#3980=DIRECTION('',(0.,0.707106781,0.707106781));
#3981=VECTOR('',#3980,0.565685425);
#3982=LINE('',#3979,#3981);
#3983=EDGE_CURVE('',#3261,#3189,#3982,.T.);
#3984=ORIENTED_EDGE('',*,*,#3983,.F.);
#3985=ORIENTED_EDGE('',*,*,#3266,.F.);
#3986=EDGE_LOOP('',(#3977,#3978,#3984,#3985));
#3987=FACE_BOUND('',#3986,.T.);
#3988=ADVANCED_FACE('',(#3987),#3976,.F.);
#3989=CARTESIAN_POINT('',(125.465292996,-56.056396077,15.160750721));
#3990=DIRECTION('',(0.,1.,0.));
#3991=DIRECTION('',(0.,-0.,1.));
#3992=AXIS2_PLACEMENT_3D('',#3989,#3990,#3991);
#3993=CONICAL_SURFACE('',#3992,0.6,45.);
#3994=ORIENTED_EDGE('',*,*,#3983,.T.);
#3995=ORIENTED_EDGE('',*,*,#3513,.F.);
#3996=CARTESIAN_POINT('',(124.865292996,-56.056396077,15.160750721));
#3997=DIRECTION('',(-0.707106781,0.707106781,0.));
#3998=VECTOR('',#3997,0.565685425);
#3999=LINE('',#3996,#3998);
#4000=EDGE_CURVE('',#3269,#3017,#3999,.T.);
#4001=ORIENTED_EDGE('',*,*,#4000,.F.);
#4002=ORIENTED_EDGE('',*,*,#3275,.F.);
#4003=EDGE_LOOP('',(#3994,#3995,#4001,#4002));
#4004=FACE_BOUND('',#4003,.T.);
#4005=ADVANCED_FACE('',(#4004),#3993,.T.);
#4006=CARTESIAN_POINT('',(124.865292996,-56.056396077,16.360750721));
#4007=DIRECTION('',(0.707106781,0.707106781,0.));
#4008=DIRECTION('',(-0.,0.,-1.));
#4009=AXIS2_PLACEMENT_3D('',#4006,#4007,#4008);
#4010=PLANE('',#4009);
#4011=ORIENTED_EDGE('',*,*,#4000,.T.);
#4012=ORIENTED_EDGE('',*,*,#3022,.F.);
#4013=CARTESIAN_POINT('',(124.865292996,-56.056396077,10.060750721));
#4014=DIRECTION('',(-0.707106781,0.707106781,0.));
#4015=VECTOR('',#4014,0.565685425);
#4016=LINE('',#4013,#4015);
#4017=EDGE_CURVE('',#3278,#3009,#4016,.T.);
#4018=ORIENTED_EDGE('',*,*,#4017,.F.);
#4019=ORIENTED_EDGE('',*,*,#3283,.F.);
#4020=EDGE_LOOP('',(#4011,#4012,#4018,#4019));
#4021=FACE_BOUND('',#4020,.T.);
#4022=ADVANCED_FACE('',(#4021),#4010,.F.);
#4023=CARTESIAN_POINT('',(125.465292996,-56.056396077,10.060750721));
#4024=DIRECTION('',(0.,1.,0.));
#4025=DIRECTION('',(0.,-0.,1.));
#4026=AXIS2_PLACEMENT_3D('',#4023,#4024,#4025);
#4027=CONICAL_SURFACE('',#4026,0.6,45.);
#4028=ORIENTED_EDGE('',*,*,#4017,.T.);
#4029=ORIENTED_EDGE('',*,*,#3537,.F.);
#4030=CARTESIAN_POINT('',(125.465292996,-56.056396077,9.460750721));
#4031=DIRECTION('',(0.,0.707106781,-0.707106781));
#4032=VECTOR('',#4031,0.565685425);
#4033=LINE('',#4030,#4032);
#4034=EDGE_CURVE('',#3286,#2797,#4033,.T.);
#4035=ORIENTED_EDGE('',*,*,#4034,.F.);
#4036=ORIENTED_EDGE('',*,*,#3292,.F.);
#4037=EDGE_LOOP('',(#4028,#4029,#4035,#4036));
#4038=FACE_BOUND('',#4037,.T.);
#4039=ADVANCED_FACE('',(#4038),#4027,.T.);
#4040=CARTESIAN_POINT('',(131.25,-55.656396077,9.060750721));
#4041=DIRECTION('',(0.,-0.707106781,-0.707106781));
#4042=DIRECTION('',(1.,0.,0.));
#4043=AXIS2_PLACEMENT_3D('',#4040,#4041,#4042);
#4044=PLANE('',#4043);
#4045=ORIENTED_EDGE('',*,*,#4034,.T.);
#4046=ORIENTED_EDGE('',*,*,#2802,.F.);
#4047=CARTESIAN_POINT('',(137.465292996,-56.056396077,9.460750721));
#4048=DIRECTION('',(0.,0.707106781,-0.707106781));
#4049=VECTOR('',#4048,0.565685425);
#4050=LINE('',#4047,#4049);
#4051=EDGE_CURVE('',#3295,#2789,#4050,.T.);
#4052=ORIENTED_EDGE('',*,*,#4051,.F.);
#4053=ORIENTED_EDGE('',*,*,#3300,.F.);
#4054=EDGE_LOOP('',(#4045,#4046,#4052,#4053));
#4055=FACE_BOUND('',#4054,.T.);
#4056=ADVANCED_FACE('',(#4055),#4044,.T.);
#4057=CARTESIAN_POINT('',(137.465292996,-56.056396077,10.060750721));
#4058=DIRECTION('',(0.,1.,0.));
#4059=DIRECTION('',(0.,-0.,1.));
#4060=AXIS2_PLACEMENT_3D('',#4057,#4058,#4059);
#4061=CONICAL_SURFACE('',#4060,0.6,45.);
#4062=ORIENTED_EDGE('',*,*,#4051,.T.);
#4063=ORIENTED_EDGE('',*,*,#3489,.F.);
#4064=CARTESIAN_POINT('',(138.065292996,-56.056396077,10.060750721));
#4065=DIRECTION('',(0.707106781,0.707106781,0.));
#4066=VECTOR('',#4065,0.565685425);
#4067=LINE('',#4064,#4066);
#4068=EDGE_CURVE('',#3303,#3091,#4067,.T.);
#4069=ORIENTED_EDGE('',*,*,#4068,.F.);
#4070=ORIENTED_EDGE('',*,*,#3309,.F.);
#4071=EDGE_LOOP('',(#4062,#4063,#4069,#4070));
#4072=FACE_BOUND('',#4071,.T.);
#4073=ADVANCED_FACE('',(#4072),#4061,.T.);
#4074=CARTESIAN_POINT('',(138.465292996,-55.656396077,16.360750721));
#4075=DIRECTION('',(-0.707106781,0.707106781,0.));
#4076=DIRECTION('',(0.,0.,-1.));
#4077=AXIS2_PLACEMENT_3D('',#4074,#4075,#4076);
#4078=PLANE('',#4077);
#4079=ORIENTED_EDGE('',*,*,#4068,.T.);
#4080=ORIENTED_EDGE('',*,*,#3096,.F.);
#4081=CARTESIAN_POINT('',(138.065292996,-56.056396077,15.160750721));
#4082=DIRECTION('',(0.707106781,0.707106781,0.));
#4083=VECTOR('',#4082,0.565685425);
#4084=LINE('',#4081,#4083);
#4085=EDGE_CURVE('',#3227,#3083,#4084,.T.);
#4086=ORIENTED_EDGE('',*,*,#4085,.F.);
#4087=ORIENTED_EDGE('',*,*,#3315,.F.);
#4088=EDGE_LOOP('',(#4079,#4080,#4086,#4087));
#4089=FACE_BOUND('',#4088,.T.);
#4090=ADVANCED_FACE('',(#4089),#4078,.F.);
#4091=CARTESIAN_POINT('',(137.465292996,-56.056396077,15.160750721));
#4092=DIRECTION('',(0.,1.,0.));
#4093=DIRECTION('',(0.,-0.,1.));
#4094=AXIS2_PLACEMENT_3D('',#4091,#4092,#4093);
#4095=CONICAL_SURFACE('',#4094,0.6,45.);
#4096=ORIENTED_EDGE('',*,*,#4085,.T.);
#4097=ORIENTED_EDGE('',*,*,#3465,.F.);
#4098=CARTESIAN_POINT('',(137.465292996,-56.056396077,15.760750721));
#4099=DIRECTION('',(0.,0.707106781,0.707106781));
#4100=VECTOR('',#4099,0.565685425);
#4101=LINE('',#4098,#4100);
#4102=EDGE_CURVE('',#3229,#3165,#4101,.T.);
#4103=ORIENTED_EDGE('',*,*,#4102,.F.);
#4104=ORIENTED_EDGE('',*,*,#3235,.F.);
#4105=EDGE_LOOP('',(#4096,#4097,#4103,#4104));
#4106=FACE_BOUND('',#4105,.T.);
#4107=ADVANCED_FACE('',(#4106),#4095,.T.);
#4108=CARTESIAN_POINT('',(131.565292996,-56.056396077,15.760750721));
#4109=DIRECTION('',(0.,0.707106781,-0.707106781));
#4110=DIRECTION('',(-1.,0.,0.));
#4111=AXIS2_PLACEMENT_3D('',#4108,#4109,#4110);
#4112=PLANE('',#4111);
#4113=ORIENTED_EDGE('',*,*,#4102,.T.);
#4114=ORIENTED_EDGE('',*,*,#3170,.F.);
#4115=ORIENTED_EDGE('',*,*,#3406,.F.);
#4116=ORIENTED_EDGE('',*,*,#3243,.F.);
#4117=EDGE_LOOP('',(#4113,#4114,#4115,#4116));
#4118=FACE_BOUND('',#4117,.T.);
#4119=ADVANCED_FACE('',(#4118),#4112,.F.);
#4120=CLOSED_SHELL('',(#2890,#3000,#3074,#3148,#3220,#3319,#3395,#3418,#3435,#3453,#3477,#3501,#3525,#3549,#3571,#3588,#3605,#3622,#3639,#3656,#3673,#3685,#3708,#3731,#3748,#3760,
#3783,#3806,#3823,#3835,#3857,#3879,#3901,#3923,#3935,#3947,#3959,#3971,#3988,#4005,#4022,#4039,#4056,#4073,#4090,#4107,#4119));
#4121=MANIFOLD_SOLID_BREP('drawer',#4120);
#2780=STYLED_ITEM('',(#2779),#4121);
#4123=CARTESIAN_POINT('',(0.,-0.137932196,9.060750721));
#4124=DIRECTION('',(0.,-0.,1.));
#4125=DIRECTION('',(-1.,0.,0.));
#4126=AXIS2_PLACEMENT_3D('',#4123,#4124,#4125);
#4127=PLANE('',#4126);
#4128=CARTESIAN_POINT('',(6.215292996,-50.256396077,9.060750721));
#4129=VERTEX_POINT('',#4128);
#4130=CARTESIAN_POINT('',(6.215292996,-55.656396077,9.060750721));
#4131=VERTEX_POINT('',#4130);
#4132=CARTESIAN_POINT('',(6.215292996,-50.256396077,9.060750721));
#4133=DIRECTION('',(0.,-1.,-0.));
#4134=VECTOR('',#4133,5.4);
#4135=LINE('',#4132,#4134);
#4136=EDGE_CURVE('',#4129,#4131,#4135,.T.);
#4137=ORIENTED_EDGE('',*,*,#4136,.T.);
#4138=CARTESIAN_POINT('',(-5.784707004,-55.656396077,9.060750721));
#4139=VERTEX_POINT('',#4138);
#4140=CARTESIAN_POINT('',(6.215292996,-55.656396077,9.060750721));
#4141=DIRECTION('',(-1.,0.,0.));
#4142=VECTOR('',#4141,12.);
#4143=LINE('',#4140,#4142);
#4144=EDGE_CURVE('',#4131,#4139,#4143,.T.);
#4145=ORIENTED_EDGE('',*,*,#4144,.T.);
#4146=CARTESIAN_POINT('',(-5.784707004,-50.256396077,9.060750721));
#4147=VERTEX_POINT('',#4146);
#4148=CARTESIAN_POINT('',(-5.784707004,-55.656396077,9.060750721));
#4149=DIRECTION('',(0.,1.,0.));
#4150=VECTOR('',#4149,5.4);
#4151=LINE('',#4148,#4150);
#4152=EDGE_CURVE('',#4139,#4147,#4151,.T.);
#4153=ORIENTED_EDGE('',*,*,#4152,.T.);
#4154=CARTESIAN_POINT('',(-5.784707004,-50.256396077,9.060750721));
#4155=DIRECTION('',(1.,0.,-0.));
#4156=VECTOR('',#4155,12.);
#4157=LINE('',#4154,#4156);
#4158=EDGE_CURVE('',#4147,#4129,#4157,.T.);
#4159=ORIENTED_EDGE('',*,*,#4158,.T.);
#4160=EDGE_LOOP('',(#4137,#4145,#4153,#4159));
#4161=FACE_BOUND('',#4160,.T.);
#4162=CARTESIAN_POINT('',(1.715292996,-52.756396077,9.060750721));
#4163=VERTEX_POINT('',#4162);
#4164=CARTESIAN_POINT('',(1.715292996,-54.556396077,9.060750721));
#4165=VERTEX_POINT('',#4164);
#4166=CARTESIAN_POINT('',(1.715292996,-52.756396077,9.060750721));
#4167=DIRECTION('',(0.,-1.,-0.));
#4168=VECTOR('',#4167,1.8);
#4169=LINE('',#4166,#4168);
#4170=EDGE_CURVE('',#4163,#4165,#4169,.T.);
#4171=ORIENTED_EDGE('',*,*,#4170,.F.);
#4172=CARTESIAN_POINT('',(1.215292996,-52.256396077,9.060750721));
#4173=VERTEX_POINT('',#4172);
#4174=CARTESIAN_POINT('',(1.215292996,-52.756396077,9.060750721));
#4175=DIRECTION('',(0.,-0.,1.));
#4176=DIRECTION('',(1.,0.,0.));
#4177=AXIS2_PLACEMENT_3D('',#4174,#4175,#4176);
#4178=CIRCLE('',#4177,0.5);
#4179=EDGE_CURVE('',#4163,#4173,#4178,.T.);
#4180=ORIENTED_EDGE('',*,*,#4179,.T.);
#4181=CARTESIAN_POINT('',(-0.784707004,-52.256396077,9.060750721));
#4182=VERTEX_POINT('',#4181);
#4183=CARTESIAN_POINT('',(-0.784707004,-52.256396077,9.060750721));
#4184=DIRECTION('',(1.,0.,-0.));
#4185=VECTOR('',#4184,2.);
#4186=LINE('',#4183,#4185);
#4187=EDGE_CURVE('',#4182,#4173,#4186,.T.);
#4188=ORIENTED_EDGE('',*,*,#4187,.F.);
#4189=CARTESIAN_POINT('',(-1.284707004,-52.756396077,9.060750721));
#4190=VERTEX_POINT('',#4189);
#4191=CARTESIAN_POINT('',(-0.784707004,-52.756396077,9.060750721));
#4192=DIRECTION('',(0.,-0.,1.));
#4193=DIRECTION('',(1.,0.,0.));
#4194=AXIS2_PLACEMENT_3D('',#4191,#4192,#4193);
#4195=CIRCLE('',#4194,0.5);
#4196=EDGE_CURVE('',#4182,#4190,#4195,.T.);
#4197=ORIENTED_EDGE('',*,*,#4196,.T.);
#4198=CARTESIAN_POINT('',(-1.284707004,-54.556396077,9.060750721));
#4199=VERTEX_POINT('',#4198);
#4200=CARTESIAN_POINT('',(-1.284707004,-54.556396077,9.060750721));
#4201=DIRECTION('',(0.,1.,0.));
#4202=VECTOR('',#4201,1.8);
#4203=LINE('',#4200,#4202);
#4204=EDGE_CURVE('',#4199,#4190,#4203,.T.);
#4205=ORIENTED_EDGE('',*,*,#4204,.F.);
#4206=CARTESIAN_POINT('',(-0.784707004,-55.056396077,9.060750721));
#4207=VERTEX_POINT('',#4206);
#4208=CARTESIAN_POINT('',(-0.784707004,-54.556396077,9.060750721));
#4209=DIRECTION('',(0.,-0.,1.));
#4210=DIRECTION('',(1.,0.,0.));
#4211=AXIS2_PLACEMENT_3D('',#4208,#4209,#4210);
#4212=CIRCLE('',#4211,0.5);
#4213=EDGE_CURVE('',#4199,#4207,#4212,.T.);
#4214=ORIENTED_EDGE('',*,*,#4213,.T.);
#4215=CARTESIAN_POINT('',(1.215292996,-55.056396077,9.060750721));
#4216=VERTEX_POINT('',#4215);
#4217=CARTESIAN_POINT('',(1.215292996,-55.056396077,9.060750721));
#4218=DIRECTION('',(-1.,0.,0.));
#4219=VECTOR('',#4218,2.);
#4220=LINE('',#4217,#4219);
#4221=EDGE_CURVE('',#4216,#4207,#4220,.T.);
#4222=ORIENTED_EDGE('',*,*,#4221,.F.);
#4223=CARTESIAN_POINT('',(1.215292996,-54.556396077,9.060750721));
#4224=DIRECTION('',(0.,-0.,1.));
#4225=DIRECTION('',(1.,0.,0.));
#4226=AXIS2_PLACEMENT_3D('',#4223,#4224,#4225);
#4227=CIRCLE('',#4226,0.5);
#4228=EDGE_CURVE('',#4216,#4165,#4227,.T.);
#4229=ORIENTED_EDGE('',*,*,#4228,.T.);
#4230=EDGE_LOOP('',(#4171,#4180,#4188,#4197,#4205,#4214,#4222,#4229));
#4231=FACE_BOUND('',#4230,.T.);
#4232=ADVANCED_FACE('',(#4161,#4231),#4127,.F.);
#4233=CARTESIAN_POINT('',(0.,-0.137932196,13.060750721));
#4234=DIRECTION('',(0.,-0.,1.));
#4235=DIRECTION('',(1.,0.,0.));
#4236=AXIS2_PLACEMENT_3D('',#4233,#4234,#4235);
#4237=PLANE('',#4236);
#4238=CARTESIAN_POINT('',(5.315292996,-51.056396077,13.060750721));
#4239=VERTEX_POINT('',#4238);
#4240=CARTESIAN_POINT('',(5.315292996,-56.056396077,13.060750721));
#4241=VERTEX_POINT('',#4240);
#4242=CARTESIAN_POINT('',(5.315292996,-51.056396077,13.060750721));
#4243=DIRECTION('',(0.,-1.,-0.));
#4244=VECTOR('',#4243,5.);
#4245=LINE('',#4242,#4244);
#4246=EDGE_CURVE('',#4239,#4241,#4245,.T.);
#4247=ORIENTED_EDGE('',*,*,#4246,.F.);
#4248=CARTESIAN_POINT('',(-4.884707004,-51.056396077,13.060750721));
#4249=VERTEX_POINT('',#4248);
#4250=CARTESIAN_POINT('',(-4.884707004,-51.056396077,13.060750721));
#4251=DIRECTION('',(1.,0.,-0.));
#4252=VECTOR('',#4251,10.2);
#4253=LINE('',#4250,#4252);
#4254=EDGE_CURVE('',#4249,#4239,#4253,.T.);
#4255=ORIENTED_EDGE('',*,*,#4254,.F.);
#4256=CARTESIAN_POINT('',(-4.884707004,-56.056396077,13.060750721));
#4257=VERTEX_POINT('',#4256);
#4258=CARTESIAN_POINT('',(-4.884707004,-56.056396077,13.060750721));
#4259=DIRECTION('',(0.,1.,0.));
#4260=VECTOR('',#4259,5.);
#4261=LINE('',#4258,#4260);
#4262=EDGE_CURVE('',#4257,#4249,#4261,.T.);
#4263=ORIENTED_EDGE('',*,*,#4262,.F.);
#4264=CARTESIAN_POINT('',(5.315292996,-56.056396077,13.060750721));
#4265=DIRECTION('',(-1.,0.,0.));
#4266=VECTOR('',#4265,10.2);
#4267=LINE('',#4264,#4266);
#4268=EDGE_CURVE('',#4241,#4257,#4267,.T.);
#4269=ORIENTED_EDGE('',*,*,#4268,.F.);
#4270=EDGE_LOOP('',(#4247,#4255,#4263,#4269));
#4271=FACE_BOUND('',#4270,.T.);
#4272=CARTESIAN_POINT('',(-1.284707004,-54.556396077,13.060750721));
#4273=VERTEX_POINT('',#4272);
#4274=CARTESIAN_POINT('',(-1.284707004,-52.756396077,13.060750721));
#4275=VERTEX_POINT('',#4274);
#4276=CARTESIAN_POINT('',(-1.284707004,-54.556396077,13.060750721));
#4277=DIRECTION('',(0.,1.,0.));
#4278=VECTOR('',#4277,1.8);
#4279=LINE('',#4276,#4278);
#4280=EDGE_CURVE('',#4273,#4275,#4279,.T.);
#4281=ORIENTED_EDGE('',*,*,#4280,.T.);
#4282=CARTESIAN_POINT('',(-0.784707004,-52.256396077,13.060750721));
#4283=VERTEX_POINT('',#4282);
#4284=CARTESIAN_POINT('',(-0.784707004,-52.756396077,13.060750721));
#4285=DIRECTION('',(-0.,0.,-1.));
#4286=DIRECTION('',(0.,-1.,-0.));
#4287=AXIS2_PLACEMENT_3D('',#4284,#4285,#4286);
#4288=CIRCLE('',#4287,0.5);
#4289=EDGE_CURVE('',#4275,#4283,#4288,.T.);
#4290=ORIENTED_EDGE('',*,*,#4289,.T.);
#4291=CARTESIAN_POINT('',(1.215292996,-52.256396077,13.060750721));
#4292=VERTEX_POINT('',#4291);
#4293=CARTESIAN_POINT('',(-0.784707004,-52.256396077,13.060750721));
#4294=DIRECTION('',(1.,0.,-0.));
#4295=VECTOR('',#4294,2.);
#4296=LINE('',#4293,#4295);
#4297=EDGE_CURVE('',#4283,#4292,#4296,.T.);
#4298=ORIENTED_EDGE('',*,*,#4297,.T.);
#4299=CARTESIAN_POINT('',(1.715292996,-52.756396077,13.060750721));
#4300=VERTEX_POINT('',#4299);
#4301=CARTESIAN_POINT('',(1.215292996,-52.756396077,13.060750721));
#4302=DIRECTION('',(-0.,0.,-1.));
#4303=DIRECTION('',(0.,-1.,-0.));
#4304=AXIS2_PLACEMENT_3D('',#4301,#4302,#4303);
#4305=CIRCLE('',#4304,0.5);
#4306=EDGE_CURVE('',#4292,#4300,#4305,.T.);
#4307=ORIENTED_EDGE('',*,*,#4306,.T.);
#4308=CARTESIAN_POINT('',(1.715292996,-54.556396077,13.060750721));
#4309=VERTEX_POINT('',#4308);
#4310=CARTESIAN_POINT('',(1.715292996,-52.756396077,13.060750721));
#4311=DIRECTION('',(0.,-1.,-0.));
#4312=VECTOR('',#4311,1.8);
#4313=LINE('',#4310,#4312);
#4314=EDGE_CURVE('',#4300,#4309,#4313,.T.);
#4315=ORIENTED_EDGE('',*,*,#4314,.T.);
#4316=CARTESIAN_POINT('',(1.215292996,-55.056396077,13.060750721));
#4317=VERTEX_POINT('',#4316);
#4318=CARTESIAN_POINT('',(1.215292996,-54.556396077,13.060750721));
#4319=DIRECTION('',(-0.,0.,-1.));
#4320=DIRECTION('',(0.,-1.,-0.));
#4321=AXIS2_PLACEMENT_3D('',#4318,#4319,#4320);
#4322=CIRCLE('',#4321,0.5);
#4323=EDGE_CURVE('',#4309,#4317,#4322,.T.);
#4324=ORIENTED_EDGE('',*,*,#4323,.T.);
#4325=CARTESIAN_POINT('',(-0.784707004,-55.056396077,13.060750721));
#4326=VERTEX_POINT('',#4325);
#4327=CARTESIAN_POINT('',(1.215292996,-55.056396077,13.060750721));
#4328=DIRECTION('',(-1.,0.,0.));
#4329=VECTOR('',#4328,2.);
#4330=LINE('',#4327,#4329);
#4331=EDGE_CURVE('',#4317,#4326,#4330,.T.);
#4332=ORIENTED_EDGE('',*,*,#4331,.T.);
#4333=CARTESIAN_POINT('',(-0.784707004,-54.556396077,13.060750721));
#4334=DIRECTION('',(-0.,0.,-1.));
#4335=DIRECTION('',(0.,-1.,-0.));
#4336=AXIS2_PLACEMENT_3D('',#4333,#4334,#4335);
#4337=CIRCLE('',#4336,0.5);
#4338=EDGE_CURVE('',#4326,#4273,#4337,.T.);
#4339=ORIENTED_EDGE('',*,*,#4338,.T.);
#4340=EDGE_LOOP('',(#4281,#4290,#4298,#4307,#4315,#4324,#4332,#4339));
#4341=FACE_BOUND('',#4340,.T.);
#4342=ADVANCED_FACE('',(#4271,#4341),#4237,.T.);
#4343=CARTESIAN_POINT('',(-6.784707004,-53.156396077,16.360750721));
#4344=DIRECTION('',(-1.,0.,0.));
#4345=DIRECTION('',(0.,-0.,1.));
#4346=AXIS2_PLACEMENT_3D('',#4343,#4344,#4345);
#4347=PLANE('',#4346);
#4348=CARTESIAN_POINT('',(-6.784707004,-50.256396077,10.060750721));
#4349=VERTEX_POINT('',#4348);
#4350=CARTESIAN_POINT('',(-6.784707004,-55.656396077,10.060750721));
#4351=VERTEX_POINT('',#4350);
#4352=CARTESIAN_POINT('',(-6.784707004,-50.256396077,10.060750721));
#4353=DIRECTION('',(-0.,-1.,-0.));
#4354=VECTOR('',#4353,5.4);
#4355=LINE('',#4352,#4354);
#4356=EDGE_CURVE('',#4349,#4351,#4355,.T.);
#4357=ORIENTED_EDGE('',*,*,#4356,.T.);
#4358=CARTESIAN_POINT('',(-6.784707004,-55.656396077,15.160750721));
#4359=VERTEX_POINT('',#4358);
#4360=CARTESIAN_POINT('',(-6.784707004,-55.656396077,10.060750721));
#4361=DIRECTION('',(0.,-0.,1.));
#4362=VECTOR('',#4361,5.1);
#4363=LINE('',#4360,#4362);
#4364=EDGE_CURVE('',#4351,#4359,#4363,.T.);
#4365=ORIENTED_EDGE('',*,*,#4364,.T.);
#4366=CARTESIAN_POINT('',(-6.784707004,-50.256396077,15.160750721));
#4367=VERTEX_POINT('',#4366);
#4368=CARTESIAN_POINT('',(-6.784707004,-55.656396077,15.160750721));
#4369=DIRECTION('',(0.,1.,0.));
#4370=VECTOR('',#4369,5.4);
#4371=LINE('',#4368,#4370);
#4372=EDGE_CURVE('',#4359,#4367,#4371,.T.);
#4373=ORIENTED_EDGE('',*,*,#4372,.T.);
#4374=CARTESIAN_POINT('',(-6.784707004,-50.256396077,15.160750721));
#4375=DIRECTION('',(0.,0.,-1.));
#4376=VECTOR('',#4375,5.1);
#4377=LINE('',#4374,#4376);
#4378=EDGE_CURVE('',#4367,#4349,#4377,.T.);
#4379=ORIENTED_EDGE('',*,*,#4378,.T.);
#4380=EDGE_LOOP('',(#4357,#4365,#4373,#4379));
#4381=FACE_BOUND('',#4380,.T.);
#4382=CARTESIAN_POINT('',(-6.784707004,-50.773553364,15.010750721));
#4383=VERTEX_POINT('',#4382);
#4384=CARTESIAN_POINT('',(-6.784707004,-51.739238789,15.010750721));
#4385=VERTEX_POINT('',#4384);
#4386=CARTESIAN_POINT('',(-6.784707004,-50.773553364,15.010750721));
#4387=DIRECTION('',(0.,-1.,-0.));
#4388=VECTOR('',#4387,0.965685425);
#4389=LINE('',#4386,#4388);
#4390=EDGE_CURVE('',#4383,#4385,#4389,.T.);
#4391=ORIENTED_EDGE('',*,*,#4390,.T.);
#4392=CARTESIAN_POINT('',(-6.784707004,-51.739238789,10.410750721));
#4393=VERTEX_POINT('',#4392);
#4394=CARTESIAN_POINT('',(-6.784707004,-51.739238789,15.010750721));
#4395=DIRECTION('',(-0.,0.,-1.));
#4396=VECTOR('',#4395,4.6);
#4397=LINE('',#4394,#4396);
#4398=EDGE_CURVE('',#4385,#4393,#4397,.T.);
#4399=ORIENTED_EDGE('',*,*,#4398,.T.);
#4400=CARTESIAN_POINT('',(-6.784707004,-50.773553364,10.410750721));
#4401=VERTEX_POINT('',#4400);
#4402=CARTESIAN_POINT('',(-6.784707004,-51.739238789,10.410750721));
#4403=DIRECTION('',(0.,1.,0.));
#4404=VECTOR('',#4403,0.965685425);
#4405=LINE('',#4402,#4404);
#4406=EDGE_CURVE('',#4393,#4401,#4405,.T.);
#4407=ORIENTED_EDGE('',*,*,#4406,.T.);
#4408=CARTESIAN_POINT('',(-6.784707004,-50.773553364,10.410750721));
#4409=DIRECTION('',(-0.,-0.,1.));
#4410=VECTOR('',#4409,4.6);
#4411=LINE('',#4408,#4410);
#4412=EDGE_CURVE('',#4401,#4383,#4411,.T.);
#4413=ORIENTED_EDGE('',*,*,#4412,.T.);
#4414=EDGE_LOOP('',(#4391,#4399,#4407,#4413));
#4415=FACE_BOUND('',#4414,.T.);
#4416=ADVANCED_FACE('',(#4381,#4415),#4347,.T.);
#4417=CARTESIAN_POINT('',(7.215292996,-53.156396077,16.360750721));
#4418=DIRECTION('',(1.,0.,0.));
#4419=DIRECTION('',(0.,0.,-1.));
#4420=AXIS2_PLACEMENT_3D('',#4417,#4418,#4419);
#4421=PLANE('',#4420);
#4422=CARTESIAN_POINT('',(7.215292996,-50.256396077,15.160750721));
#4423=VERTEX_POINT('',#4422);
#4424=CARTESIAN_POINT('',(7.215292996,-55.656396077,15.160750721));
#4425=VERTEX_POINT('',#4424);
#4426=CARTESIAN_POINT('',(7.215292996,-50.256396077,15.160750721));
#4427=DIRECTION('',(0.,-1.,-0.));
#4428=VECTOR('',#4427,5.4);
#4429=LINE('',#4426,#4428);
#4430=EDGE_CURVE('',#4423,#4425,#4429,.T.);
#4431=ORIENTED_EDGE('',*,*,#4430,.T.);
#4432=CARTESIAN_POINT('',(7.215292996,-55.656396077,10.060750721));
#4433=VERTEX_POINT('',#4432);
#4434=CARTESIAN_POINT('',(7.215292996,-55.656396077,15.160750721));
#4435=DIRECTION('',(0.,0.,-1.));
#4436=VECTOR('',#4435,5.1);
#4437=LINE('',#4434,#4436);
#4438=EDGE_CURVE('',#4425,#4433,#4437,.T.);
#4439=ORIENTED_EDGE('',*,*,#4438,.T.);
#4440=CARTESIAN_POINT('',(7.215292996,-50.256396077,10.060750721));
#4441=VERTEX_POINT('',#4440);
#4442=CARTESIAN_POINT('',(7.215292996,-55.656396077,10.060750721));
#4443=DIRECTION('',(-0.,1.,0.));
#4444=VECTOR('',#4443,5.4);
#4445=LINE('',#4442,#4444);
#4446=EDGE_CURVE('',#4433,#4441,#4445,.T.);
#4447=ORIENTED_EDGE('',*,*,#4446,.T.);
#4448=CARTESIAN_POINT('',(7.215292996,-50.256396077,10.060750721));
#4449=DIRECTION('',(0.,-0.,1.));
#4450=VECTOR('',#4449,5.1);
#4451=LINE('',#4448,#4450);
#4452=EDGE_CURVE('',#4441,#4423,#4451,.T.);
#4453=ORIENTED_EDGE('',*,*,#4452,.T.);
#4454=EDGE_LOOP('',(#4431,#4439,#4447,#4453));
#4455=FACE_BOUND('',#4454,.T.);
#4456=CARTESIAN_POINT('',(7.215292996,-51.739238789,15.010750721));
#4457=VERTEX_POINT('',#4456);
#4458=CARTESIAN_POINT('',(7.215292996,-50.773553364,15.010750721));
#4459=VERTEX_POINT('',#4458);
#4460=CARTESIAN_POINT('',(7.215292996,-51.739238789,15.010750721));
#4461=DIRECTION('',(0.,1.,0.));
#4462=VECTOR('',#4461,0.965685425);
#4463=LINE('',#4460,#4462);
#4464=EDGE_CURVE('',#4457,#4459,#4463,.T.);
#4465=ORIENTED_EDGE('',*,*,#4464,.T.);
#4466=CARTESIAN_POINT('',(7.215292996,-50.773553364,10.410750721));
#4467=VERTEX_POINT('',#4466);
#4468=CARTESIAN_POINT('',(7.215292996,-50.773553364,15.010750721));
#4469=DIRECTION('',(-0.,0.,-1.));
#4470=VECTOR('',#4469,4.6);
#4471=LINE('',#4468,#4470);
#4472=EDGE_CURVE('',#4459,#4467,#4471,.T.);
#4473=ORIENTED_EDGE('',*,*,#4472,.T.);
#4474=CARTESIAN_POINT('',(7.215292996,-51.739238789,10.410750721));
#4475=VERTEX_POINT('',#4474);
#4476=CARTESIAN_POINT('',(7.215292996,-50.773553364,10.410750721));
#4477=DIRECTION('',(0.,-1.,-0.));
#4478=VECTOR('',#4477,0.965685425);
#4479=LINE('',#4476,#4478);
#4480=EDGE_CURVE('',#4467,#4475,#4479,.T.);
#4481=ORIENTED_EDGE('',*,*,#4480,.T.);
#4482=CARTESIAN_POINT('',(7.215292996,-51.739238789,10.410750721));
#4483=DIRECTION('',(-0.,-0.,1.));
#4484=VECTOR('',#4483,4.6);
#4485=LINE('',#4482,#4484);
#4486=EDGE_CURVE('',#4475,#4457,#4485,.T.);
#4487=ORIENTED_EDGE('',*,*,#4486,.T.);
#4488=EDGE_LOOP('',(#4465,#4473,#4481,#4487));
#4489=FACE_BOUND('',#4488,.T.);
#4490=ADVANCED_FACE('',(#4455,#4489),#4421,.T.);
#4491=CARTESIAN_POINT('',(0.,-0.137932196,16.160750721));
#4492=DIRECTION('',(0.,-0.,1.));
#4493=DIRECTION('',(-1.,0.,0.));
#4494=AXIS2_PLACEMENT_3D('',#4491,#4492,#4493);
#4495=PLANE('',#4494);
#4496=CARTESIAN_POINT('',(5.315292996,-51.056396077,16.160750721));
#4497=VERTEX_POINT('',#4496);
#4498=CARTESIAN_POINT('',(5.315292996,-55.656396077,16.160750721));
#4499=VERTEX_POINT('',#4498);
#4500=CARTESIAN_POINT('',(5.315292996,-51.056396077,16.160750721));
#4501=DIRECTION('',(0.,-1.,-0.));
#4502=VECTOR('',#4501,4.6);
#4503=LINE('',#4500,#4502);
#4504=EDGE_CURVE('',#4497,#4499,#4503,.T.);
#4505=ORIENTED_EDGE('',*,*,#4504,.T.);
#4506=CARTESIAN_POINT('',(6.215292996,-55.656396077,16.160750721));
#4507=VERTEX_POINT('',#4506);
#4508=CARTESIAN_POINT('',(5.315292996,-55.656396077,16.160750721));
#4509=DIRECTION('',(1.,0.,-0.));
#4510=VECTOR('',#4509,0.9);
#4511=LINE('',#4508,#4510);
#4512=EDGE_CURVE('',#4499,#4507,#4511,.T.);
#4513=ORIENTED_EDGE('',*,*,#4512,.T.);
#4514=CARTESIAN_POINT('',(6.215292996,-50.256396077,16.160750721));
#4515=VERTEX_POINT('',#4514);
#4516=CARTESIAN_POINT('',(6.215292996,-55.656396077,16.160750721));
#4517=DIRECTION('',(-0.,1.,0.));
#4518=VECTOR('',#4517,5.4);
#4519=LINE('',#4516,#4518);
#4520=EDGE_CURVE('',#4507,#4515,#4519,.T.);
#4521=ORIENTED_EDGE('',*,*,#4520,.T.);
#4522=CARTESIAN_POINT('',(-5.784707004,-50.256396077,16.160750721));
#4523=VERTEX_POINT('',#4522);
#4524=CARTESIAN_POINT('',(6.215292996,-50.256396077,16.160750721));
#4525=DIRECTION('',(-1.,0.,0.));
#4526=VECTOR('',#4525,12.);
#4527=LINE('',#4524,#4526);
#4528=EDGE_CURVE('',#4515,#4523,#4527,.T.);
#4529=ORIENTED_EDGE('',*,*,#4528,.T.);
#4530=CARTESIAN_POINT('',(-5.784707004,-55.656396077,16.160750721));
#4531=VERTEX_POINT('',#4530);
#4532=CARTESIAN_POINT('',(-5.784707004,-50.256396077,16.160750721));
#4533=DIRECTION('',(-0.,-1.,-0.));
#4534=VECTOR('',#4533,5.4);
#4535=LINE('',#4532,#4534);
#4536=EDGE_CURVE('',#4523,#4531,#4535,.T.);
#4537=ORIENTED_EDGE('',*,*,#4536,.T.);
#4538=CARTESIAN_POINT('',(-4.884707004,-55.656396077,16.160750721));
#4539=VERTEX_POINT('',#4538);
#4540=CARTESIAN_POINT('',(-5.784707004,-55.656396077,16.160750721));
#4541=DIRECTION('',(1.,0.,-0.));
#4542=VECTOR('',#4541,0.9);
#4543=LINE('',#4540,#4542);
#4544=EDGE_CURVE('',#4531,#4539,#4543,.T.);
#4545=ORIENTED_EDGE('',*,*,#4544,.T.);
#4546=CARTESIAN_POINT('',(-4.884707004,-51.056396077,16.160750721));
#4547=VERTEX_POINT('',#4546);
#4548=CARTESIAN_POINT('',(-4.884707004,-55.656396077,16.160750721));
#4549=DIRECTION('',(0.,1.,0.));
#4550=VECTOR('',#4549,4.6);
#4551=LINE('',#4548,#4550);
#4552=EDGE_CURVE('',#4539,#4547,#4551,.T.);
#4553=ORIENTED_EDGE('',*,*,#4552,.T.);
#4554=CARTESIAN_POINT('',(-4.884707004,-51.056396077,16.160750721));
#4555=DIRECTION('',(1.,0.,-0.));
#4556=VECTOR('',#4555,10.2);
#4557=LINE('',#4554,#4556);
#4558=EDGE_CURVE('',#4547,#4497,#4557,.T.);
#4559=ORIENTED_EDGE('',*,*,#4558,.T.);
#4560=EDGE_LOOP('',(#4505,#4513,#4521,#4529,#4537,#4545,#4553,#4559));
#4561=FACE_BOUND('',#4560,.T.);
#4562=ADVANCED_FACE('',(#4561),#4495,.T.);
#4563=CARTESIAN_POINT('',(0.215292996,-56.056396077,16.360750721));
#4564=DIRECTION('',(0.,-1.,-0.));
#4565=DIRECTION('',(0.,0.,-1.));
#4566=AXIS2_PLACEMENT_3D('',#4563,#4564,#4565);
#4567=PLANE('',#4566);
#4568=CARTESIAN_POINT('',(6.815292996,-56.056396077,15.160750721));
#4569=VERTEX_POINT('',#4568);
#4570=CARTESIAN_POINT('',(6.215292996,-56.056396077,15.760750721));
#4571=VERTEX_POINT('',#4570);
#4572=CARTESIAN_POINT('',(6.215292996,-56.056396077,15.160750721));
#4573=DIRECTION('',(0.,-1.,-0.));
#4574=DIRECTION('',(0.,0.,-1.));
#4575=AXIS2_PLACEMENT_3D('',#4572,#4573,#4574);
#4576=CIRCLE('',#4575,0.6);
#4577=EDGE_CURVE('',#4569,#4571,#4576,.T.);
#4578=ORIENTED_EDGE('',*,*,#4577,.T.);
#4579=CARTESIAN_POINT('',(5.315292996,-56.056396077,15.760750721));
#4580=VERTEX_POINT('',#4579);
#4581=CARTESIAN_POINT('',(6.215292996,-56.056396077,15.760750721));
#4582=DIRECTION('',(-1.,0.,0.));
#4583=VECTOR('',#4582,0.9);
#4584=LINE('',#4581,#4583);
#4585=EDGE_CURVE('',#4571,#4580,#4584,.T.);
#4586=ORIENTED_EDGE('',*,*,#4585,.T.);
#4587=CARTESIAN_POINT('',(5.315292996,-56.056396077,13.060750721));
#4588=DIRECTION('',(0.,-0.,1.));
#4589=VECTOR('',#4588,2.7);
#4590=LINE('',#4587,#4589);
#4591=EDGE_CURVE('',#4241,#4580,#4590,.T.);
#4592=ORIENTED_EDGE('',*,*,#4591,.F.);
#4593=ORIENTED_EDGE('',*,*,#4268,.T.);
#4594=CARTESIAN_POINT('',(-4.884707004,-56.056396077,15.760750721));
#4595=VERTEX_POINT('',#4594);
#4596=CARTESIAN_POINT('',(-4.884707004,-56.056396077,13.060750721));
#4597=DIRECTION('',(0.,-0.,1.));
#4598=VECTOR('',#4597,2.7);
#4599=LINE('',#4596,#4598);
#4600=EDGE_CURVE('',#4257,#4595,#4599,.T.);
#4601=ORIENTED_EDGE('',*,*,#4600,.T.);
#4602=CARTESIAN_POINT('',(-5.784707004,-56.056396077,15.760750721));
#4603=VERTEX_POINT('',#4602);
#4604=CARTESIAN_POINT('',(-4.884707004,-56.056396077,15.760750721));
#4605=DIRECTION('',(-1.,0.,0.));
#4606=VECTOR('',#4605,0.9);
#4607=LINE('',#4604,#4606);
#4608=EDGE_CURVE('',#4595,#4603,#4607,.T.);
#4609=ORIENTED_EDGE('',*,*,#4608,.T.);
#4610=CARTESIAN_POINT('',(-6.384707004,-56.056396077,15.160750721));
#4611=VERTEX_POINT('',#4610);
#4612=CARTESIAN_POINT('',(-5.784707004,-56.056396077,15.160750721));
#4613=DIRECTION('',(0.,-1.,-0.));
#4614=DIRECTION('',(0.,0.,-1.));
#4615=AXIS2_PLACEMENT_3D('',#4612,#4613,#4614);
#4616=CIRCLE('',#4615,0.6);
#4617=EDGE_CURVE('',#4603,#4611,#4616,.T.);
#4618=ORIENTED_EDGE('',*,*,#4617,.T.);
#4619=CARTESIAN_POINT('',(-6.384707004,-56.056396077,10.060750721));
#4620=VERTEX_POINT('',#4619);
#4621=CARTESIAN_POINT('',(-6.384707004,-56.056396077,15.160750721));
#4622=DIRECTION('',(0.,0.,-1.));
#4623=VECTOR('',#4622,5.1);
#4624=LINE('',#4621,#4623);
#4625=EDGE_CURVE('',#4611,#4620,#4624,.T.);
#4626=ORIENTED_EDGE('',*,*,#4625,.T.);
#4627=CARTESIAN_POINT('',(-5.784707004,-56.056396077,9.460750721));
#4628=VERTEX_POINT('',#4627);
#4629=CARTESIAN_POINT('',(-5.784707004,-56.056396077,10.060750721));
#4630=DIRECTION('',(0.,-1.,-0.));
#4631=DIRECTION('',(0.,0.,-1.));
#4632=AXIS2_PLACEMENT_3D('',#4629,#4630,#4631);
#4633=CIRCLE('',#4632,0.6);
#4634=EDGE_CURVE('',#4620,#4628,#4633,.T.);
#4635=ORIENTED_EDGE('',*,*,#4634,.T.);
#4636=CARTESIAN_POINT('',(6.215292996,-56.056396077,9.460750721));
#4637=VERTEX_POINT('',#4636);
#4638=CARTESIAN_POINT('',(-5.784707004,-56.056396077,9.460750721));
#4639=DIRECTION('',(1.,0.,-0.));
#4640=VECTOR('',#4639,12.);
#4641=LINE('',#4638,#4640);
#4642=EDGE_CURVE('',#4628,#4637,#4641,.T.);
#4643=ORIENTED_EDGE('',*,*,#4642,.T.);
#4644=CARTESIAN_POINT('',(6.815292996,-56.056396077,10.060750721));
#4645=VERTEX_POINT('',#4644);
#4646=CARTESIAN_POINT('',(6.215292996,-56.056396077,10.060750721));
#4647=DIRECTION('',(0.,-1.,-0.));
#4648=DIRECTION('',(0.,0.,-1.));
#4649=AXIS2_PLACEMENT_3D('',#4646,#4647,#4648);
#4650=CIRCLE('',#4649,0.6);
#4651=EDGE_CURVE('',#4637,#4645,#4650,.T.);
#4652=ORIENTED_EDGE('',*,*,#4651,.T.);
#4653=CARTESIAN_POINT('',(6.815292996,-56.056396077,10.060750721));
#4654=DIRECTION('',(0.,-0.,1.));
#4655=VECTOR('',#4654,5.1);
#4656=LINE('',#4653,#4655);
#4657=EDGE_CURVE('',#4645,#4569,#4656,.T.);
#4658=ORIENTED_EDGE('',*,*,#4657,.T.);
#4659=EDGE_LOOP('',(#4578,#4586,#4592,#4593,#4601,#4609,#4618,#4626,#4635,#4643,#4652,#4658));
#4660=FACE_BOUND('',#4659,.T.);
#4661=ADVANCED_FACE('',(#4660),#4567,.T.);
#4662=CARTESIAN_POINT('',(0.215292996,-50.056396077,16.360750721));
#4663=DIRECTION('',(0.,1.,0.));
#4664=DIRECTION('',(0.,-0.,1.));
#4665=AXIS2_PLACEMENT_3D('',#4662,#4663,#4664);
#4666=PLANE('',#4665);
#4667=CARTESIAN_POINT('',(7.015292996,-50.056396077,10.060750721));
#4668=VERTEX_POINT('',#4667);
#4669=CARTESIAN_POINT('',(6.215292996,-50.056396077,9.260750721));
#4670=VERTEX_POINT('',#4669);
#4671=CARTESIAN_POINT('',(6.215292996,-50.056396077,10.060750721));
#4672=DIRECTION('',(0.,1.,0.));
#4673=DIRECTION('',(0.,-0.,1.));
#4674=AXIS2_PLACEMENT_3D('',#4671,#4672,#4673);
#4675=CIRCLE('',#4674,0.8);
#4676=EDGE_CURVE('',#4668,#4670,#4675,.T.);
#4677=ORIENTED_EDGE('',*,*,#4676,.T.);
#4678=CARTESIAN_POINT('',(-5.784707004,-50.056396077,9.260750721));
#4679=VERTEX_POINT('',#4678);
#4680=CARTESIAN_POINT('',(6.215292996,-50.056396077,9.260750721));
#4681=DIRECTION('',(-1.,0.,0.));
#4682=VECTOR('',#4681,12.);
#4683=LINE('',#4680,#4682);
#4684=EDGE_CURVE('',#4670,#4679,#4683,.T.);
#4685=ORIENTED_EDGE('',*,*,#4684,.T.);
#4686=CARTESIAN_POINT('',(-6.584707004,-50.056396077,10.060750721));
#4687=VERTEX_POINT('',#4686);
#4688=CARTESIAN_POINT('',(-5.784707004,-50.056396077,10.060750721));
#4689=DIRECTION('',(0.,1.,0.));
#4690=DIRECTION('',(0.,-0.,1.));
#4691=AXIS2_PLACEMENT_3D('',#4688,#4689,#4690);
#4692=CIRCLE('',#4691,0.8);
#4693=EDGE_CURVE('',#4679,#4687,#4692,.T.);
#4694=ORIENTED_EDGE('',*,*,#4693,.T.);
#4695=CARTESIAN_POINT('',(-6.584707004,-50.056396077,15.160750721));
#4696=VERTEX_POINT('',#4695);
#4697=CARTESIAN_POINT('',(-6.584707004,-50.056396077,10.060750721));
#4698=DIRECTION('',(0.,-0.,1.));
#4699=VECTOR('',#4698,5.1);
#4700=LINE('',#4697,#4699);
#4701=EDGE_CURVE('',#4687,#4696,#4700,.T.);
#4702=ORIENTED_EDGE('',*,*,#4701,.T.);
#4703=CARTESIAN_POINT('',(-5.784707004,-50.056396077,15.960750721));
#4704=VERTEX_POINT('',#4703);
#4705=CARTESIAN_POINT('',(-5.784707004,-50.056396077,15.160750721));
#4706=DIRECTION('',(0.,1.,0.));
#4707=DIRECTION('',(0.,-0.,1.));
#4708=AXIS2_PLACEMENT_3D('',#4705,#4706,#4707);
#4709=CIRCLE('',#4708,0.8);
#4710=EDGE_CURVE('',#4696,#4704,#4709,.T.);
#4711=ORIENTED_EDGE('',*,*,#4710,.T.);
#4712=CARTESIAN_POINT('',(6.215292996,-50.056396077,15.960750721));
#4713=VERTEX_POINT('',#4712);
#4714=CARTESIAN_POINT('',(-5.784707004,-50.056396077,15.960750721));
#4715=DIRECTION('',(1.,0.,-0.));
#4716=VECTOR('',#4715,12.);
#4717=LINE('',#4714,#4716);
#4718=EDGE_CURVE('',#4704,#4713,#4717,.T.);
#4719=ORIENTED_EDGE('',*,*,#4718,.T.);
#4720=CARTESIAN_POINT('',(7.015292996,-50.056396077,15.160750721));
#4721=VERTEX_POINT('',#4720);
#4722=CARTESIAN_POINT('',(6.215292996,-50.056396077,15.160750721));
#4723=DIRECTION('',(0.,1.,0.));
#4724=DIRECTION('',(0.,-0.,1.));
#4725=AXIS2_PLACEMENT_3D('',#4722,#4723,#4724);
#4726=CIRCLE('',#4725,0.8);
#4727=EDGE_CURVE('',#4713,#4721,#4726,.T.);
#4728=ORIENTED_EDGE('',*,*,#4727,.T.);
#4729=CARTESIAN_POINT('',(7.015292996,-50.056396077,15.160750721));
#4730=DIRECTION('',(0.,0.,-1.));
#4731=VECTOR('',#4730,5.1);
#4732=LINE('',#4729,#4731);
#4733=EDGE_CURVE('',#4721,#4668,#4732,.T.);
#4734=ORIENTED_EDGE('',*,*,#4733,.T.);
#4735=EDGE_LOOP('',(#4677,#4685,#4694,#4702,#4711,#4719,#4728,#4734));
#4736=FACE_BOUND('',#4735,.T.);
#4737=ADVANCED_FACE('',(#4736),#4666,.T.);
#4738=CARTESIAN_POINT('',(5.315292996,-53.156396077,13.360750721));
#4739=DIRECTION('',(-1.,0.,0.));
#4740=DIRECTION('',(0.,-0.,1.));
#4741=AXIS2_PLACEMENT_3D('',#4738,#4739,#4740);
#4742=PLANE('',#4741);
#4743=ORIENTED_EDGE('',*,*,#4591,.T.);
#4744=CARTESIAN_POINT('',(5.315292996,-56.056396077,15.760750721));
#4745=DIRECTION('',(-0.,0.707106781,0.707106781));
#4746=VECTOR('',#4745,0.565685425);
#4747=LINE('',#4744,#4746);
#4748=EDGE_CURVE('',#4580,#4499,#4747,.T.);
#4749=ORIENTED_EDGE('',*,*,#4748,.T.);
#4750=ORIENTED_EDGE('',*,*,#4504,.F.);
#4751=CARTESIAN_POINT('',(5.315292996,-51.056396077,13.060750721));
#4752=DIRECTION('',(0.,-0.,1.));
#4753=VECTOR('',#4752,3.1);
#4754=LINE('',#4751,#4753);
#4755=EDGE_CURVE('',#4239,#4497,#4754,.T.);
#4756=ORIENTED_EDGE('',*,*,#4755,.F.);
#4757=ORIENTED_EDGE('',*,*,#4246,.T.);
#4758=EDGE_LOOP('',(#4743,#4749,#4750,#4756,#4757));
#4759=FACE_BOUND('',#4758,.T.);
#4760=ADVANCED_FACE('',(#4759),#4742,.T.);
#4761=CARTESIAN_POINT('',(0.215292996,-51.056396077,13.360750721));
#4762=DIRECTION('',(0.,-1.,-0.));
#4763=DIRECTION('',(0.,0.,-1.));
#4764=AXIS2_PLACEMENT_3D('',#4761,#4762,#4763);
#4765=PLANE('',#4764);
#4766=ORIENTED_EDGE('',*,*,#4558,.F.);
#4767=CARTESIAN_POINT('',(-4.884707004,-51.056396077,13.060750721));
#4768=DIRECTION('',(0.,-0.,1.));
#4769=VECTOR('',#4768,3.1);
#4770=LINE('',#4767,#4769);
#4771=EDGE_CURVE('',#4249,#4547,#4770,.T.);
#4772=ORIENTED_EDGE('',*,*,#4771,.F.);
#4773=ORIENTED_EDGE('',*,*,#4254,.T.);
#4774=ORIENTED_EDGE('',*,*,#4755,.T.);
#4775=EDGE_LOOP('',(#4766,#4772,#4773,#4774));
#4776=FACE_BOUND('',#4775,.T.);
#4777=ADVANCED_FACE('',(#4776),#4765,.T.);
#4778=CARTESIAN_POINT('',(-4.884707004,-53.156396077,13.360750721));
#4779=DIRECTION('',(1.,0.,0.));
#4780=DIRECTION('',(0.,0.,-1.));
#4781=AXIS2_PLACEMENT_3D('',#4778,#4779,#4780);
#4782=PLANE('',#4781);
#4783=ORIENTED_EDGE('',*,*,#4552,.F.);
#4784=CARTESIAN_POINT('',(-4.884707004,-55.656396077,16.160750721));
#4785=DIRECTION('',(-0.,-0.707106781,-0.707106781));
#4786=VECTOR('',#4785,0.565685425);
#4787=LINE('',#4784,#4786);
#4788=EDGE_CURVE('',#4539,#4595,#4787,.T.);
#4789=ORIENTED_EDGE('',*,*,#4788,.T.);
#4790=ORIENTED_EDGE('',*,*,#4600,.F.);
#4791=ORIENTED_EDGE('',*,*,#4262,.T.);
#4792=ORIENTED_EDGE('',*,*,#4771,.T.);
#4793=EDGE_LOOP('',(#4783,#4789,#4790,#4791,#4792));
#4794=FACE_BOUND('',#4793,.T.);
#4795=ADVANCED_FACE('',(#4794),#4782,.T.);
#4796=CARTESIAN_POINT('',(6.215292996,-53.156396077,15.160750721));
#4797=DIRECTION('',(0.,-1.,-0.));
#4798=DIRECTION('',(0.,0.,-1.));
#4799=AXIS2_PLACEMENT_3D('',#4796,#4797,#4798);
#4800=CYLINDRICAL_SURFACE('',#4799,1.);
#4801=ORIENTED_EDGE('',*,*,#4520,.F.);
#4802=CARTESIAN_POINT('',(6.215292996,-55.656396077,15.160750721));
#4803=DIRECTION('',(0.,1.,0.));
#4804=DIRECTION('',(0.,-0.,1.));
#4805=AXIS2_PLACEMENT_3D('',#4802,#4803,#4804);
#4806=CIRCLE('',#4805,1.);
#4807=EDGE_CURVE('',#4507,#4425,#4806,.T.);
#4808=ORIENTED_EDGE('',*,*,#4807,.T.);
#4809=ORIENTED_EDGE('',*,*,#4430,.F.);
#4810=CARTESIAN_POINT('',(6.215292996,-50.256396077,15.160750721));
#4811=DIRECTION('',(-0.,-1.,-0.));
#4812=DIRECTION('',(0.,-0.,1.));
#4813=AXIS2_PLACEMENT_3D('',#4810,#4811,#4812);
#4814=CIRCLE('',#4813,1.);
#4815=EDGE_CURVE('',#4423,#4515,#4814,.T.);
#4816=ORIENTED_EDGE('',*,*,#4815,.T.);
#4817=EDGE_LOOP('',(#4801,#4808,#4809,#4816));
#4818=FACE_BOUND('',#4817,.T.);
#4819=ADVANCED_FACE('',(#4818),#4800,.T.);
#4820=CARTESIAN_POINT('',(6.215292996,-0.137932196,10.060750721));
#4821=DIRECTION('',(0.,1.,0.));
#4822=DIRECTION('',(0.,-0.,1.));
#4823=AXIS2_PLACEMENT_3D('',#4820,#4821,#4822);
#4824=CYLINDRICAL_SURFACE('',#4823,1.);
#4825=ORIENTED_EDGE('',*,*,#4446,.F.);
#4826=CARTESIAN_POINT('',(6.215292996,-55.656396077,10.060750721));
#4827=DIRECTION('',(0.,1.,0.));
#4828=DIRECTION('',(0.,-0.,1.));
#4829=AXIS2_PLACEMENT_3D('',#4826,#4827,#4828);
#4830=CIRCLE('',#4829,1.);
#4831=EDGE_CURVE('',#4433,#4131,#4830,.T.);
#4832=ORIENTED_EDGE('',*,*,#4831,.T.);
#4833=ORIENTED_EDGE('',*,*,#4136,.F.);
#4834=CARTESIAN_POINT('',(6.215292996,-50.256396077,10.060750721));
#4835=DIRECTION('',(-0.,-1.,-0.));
#4836=DIRECTION('',(0.,-0.,1.));
#4837=AXIS2_PLACEMENT_3D('',#4834,#4835,#4836);
#4838=CIRCLE('',#4837,1.);
#4839=EDGE_CURVE('',#4129,#4441,#4838,.T.);
#4840=ORIENTED_EDGE('',*,*,#4839,.T.);
#4841=EDGE_LOOP('',(#4825,#4832,#4833,#4840));
#4842=FACE_BOUND('',#4841,.T.);
#4843=ADVANCED_FACE('',(#4842),#4824,.T.);
#4844=CARTESIAN_POINT('',(-5.784707004,-53.156396077,15.160750721));
#4845=DIRECTION('',(0.,1.,0.));
#4846=DIRECTION('',(0.,-0.,1.));
#4847=AXIS2_PLACEMENT_3D('',#4844,#4845,#4846);
#4848=CYLINDRICAL_SURFACE('',#4847,1.);
#4849=ORIENTED_EDGE('',*,*,#4372,.F.);
#4850=CARTESIAN_POINT('',(-5.784707004,-55.656396077,15.160750721));
#4851=DIRECTION('',(0.,1.,0.));
#4852=DIRECTION('',(0.,-0.,1.));
#4853=AXIS2_PLACEMENT_3D('',#4850,#4851,#4852);
#4854=CIRCLE('',#4853,1.);
#4855=EDGE_CURVE('',#4359,#4531,#4854,.T.);
#4856=ORIENTED_EDGE('',*,*,#4855,.T.);
#4857=ORIENTED_EDGE('',*,*,#4536,.F.);
#4858=CARTESIAN_POINT('',(-5.784707004,-50.256396077,15.160750721));
#4859=DIRECTION('',(-0.,-1.,-0.));
#4860=DIRECTION('',(0.,-0.,1.));
#4861=AXIS2_PLACEMENT_3D('',#4858,#4859,#4860);
#4862=CIRCLE('',#4861,1.);
#4863=EDGE_CURVE('',#4523,#4367,#4862,.T.);
#4864=ORIENTED_EDGE('',*,*,#4863,.T.);
#4865=EDGE_LOOP('',(#4849,#4856,#4857,#4864));
#4866=FACE_BOUND('',#4865,.T.);
#4867=ADVANCED_FACE('',(#4866),#4848,.T.);
#4868=CARTESIAN_POINT('',(-5.784707004,-0.137932196,10.060750721));
#4869=DIRECTION('',(0.,-1.,-0.));
#4870=DIRECTION('',(0.,0.,-1.));
#4871=AXIS2_PLACEMENT_3D('',#4868,#4869,#4870);
#4872=CYLINDRICAL_SURFACE('',#4871,1.);
#4873=ORIENTED_EDGE('',*,*,#4152,.F.);
#4874=CARTESIAN_POINT('',(-5.784707004,-55.656396077,10.060750721));
#4875=DIRECTION('',(0.,1.,0.));
#4876=DIRECTION('',(0.,-0.,1.));
#4877=AXIS2_PLACEMENT_3D('',#4874,#4875,#4876);
#4878=CIRCLE('',#4877,1.);
#4879=EDGE_CURVE('',#4139,#4351,#4878,.T.);
#4880=ORIENTED_EDGE('',*,*,#4879,.T.);
#4881=ORIENTED_EDGE('',*,*,#4356,.F.);
#4882=CARTESIAN_POINT('',(-5.784707004,-50.256396077,10.060750721));
#4883=DIRECTION('',(-0.,-1.,-0.));
#4884=DIRECTION('',(0.,-0.,1.));
#4885=AXIS2_PLACEMENT_3D('',#4882,#4883,#4884);
#4886=CIRCLE('',#4885,1.);
#4887=EDGE_CURVE('',#4349,#4147,#4886,.T.);
#4888=ORIENTED_EDGE('',*,*,#4887,.T.);
#4889=EDGE_LOOP('',(#4873,#4880,#4881,#4888));
#4890=FACE_BOUND('',#4889,.T.);
#4891=ADVANCED_FACE('',(#4890),#4872,.T.);
#4892=CARTESIAN_POINT('',(0.215292996,-50.056396077,15.960750721));
#4893=DIRECTION('',(0.,-0.707106781,-0.707106781));
#4894=DIRECTION('',(1.,0.,0.));
#4895=AXIS2_PLACEMENT_3D('',#4892,#4893,#4894);
#4896=PLANE('',#4895);
#4897=CARTESIAN_POINT('',(6.215292996,-50.056396077,15.960750721));
#4898=DIRECTION('',(0.,-0.707106781,0.707106781));
#4899=VECTOR('',#4898,0.282842712);
#4900=LINE('',#4897,#4899);
#4901=EDGE_CURVE('',#4713,#4515,#4900,.T.);
#4902=ORIENTED_EDGE('',*,*,#4901,.F.);
#4903=ORIENTED_EDGE('',*,*,#4718,.F.);
#4904=CARTESIAN_POINT('',(-5.784707004,-50.256396077,16.160750721));
#4905=DIRECTION('',(-0.,0.707106781,-0.707106781));
#4906=VECTOR('',#4905,0.282842712);
#4907=LINE('',#4904,#4906);
#4908=EDGE_CURVE('',#4523,#4704,#4907,.T.);
#4909=ORIENTED_EDGE('',*,*,#4908,.F.);
#4910=ORIENTED_EDGE('',*,*,#4528,.F.);
#4911=EDGE_LOOP('',(#4902,#4903,#4909,#4910));
#4912=FACE_BOUND('',#4911,.T.);
#4913=ADVANCED_FACE('',(#4912),#4896,.F.);
#4914=CARTESIAN_POINT('',(-5.784707004,-50.056396077,15.160750721));
#4915=DIRECTION('',(0.,-1.,-0.));
#4916=DIRECTION('',(0.,0.,-1.));
#4917=AXIS2_PLACEMENT_3D('',#4914,#4915,#4916);
#4918=CONICAL_SURFACE('',#4917,0.8,45.);
#4919=ORIENTED_EDGE('',*,*,#4908,.T.);
#4920=ORIENTED_EDGE('',*,*,#4710,.F.);
#4921=CARTESIAN_POINT('',(-6.784707004,-50.256396077,15.160750721));
#4922=DIRECTION('',(0.707106781,0.707106781,0.));
#4923=VECTOR('',#4922,0.282842712);
#4924=LINE('',#4921,#4923);
#4925=EDGE_CURVE('',#4367,#4696,#4924,.T.);
#4926=ORIENTED_EDGE('',*,*,#4925,.F.);
#4927=ORIENTED_EDGE('',*,*,#4863,.F.);
#4928=EDGE_LOOP('',(#4919,#4920,#4926,#4927));
#4929=FACE_BOUND('',#4928,.T.);
#4930=ADVANCED_FACE('',(#4929),#4918,.T.);
#4931=CARTESIAN_POINT('',(6.215292996,-50.056396077,15.160750721));
#4932=DIRECTION('',(0.,-1.,-0.));
#4933=DIRECTION('',(0.,0.,-1.));
#4934=AXIS2_PLACEMENT_3D('',#4931,#4932,#4933);
#4935=CONICAL_SURFACE('',#4934,0.8,45.);
#4936=ORIENTED_EDGE('',*,*,#4901,.T.);
#4937=ORIENTED_EDGE('',*,*,#4815,.F.);
#4938=CARTESIAN_POINT('',(7.015292996,-50.056396077,15.160750721));
#4939=DIRECTION('',(0.707106781,-0.707106781,-0.));
#4940=VECTOR('',#4939,0.282842712);
#4941=LINE('',#4938,#4940);
#4942=EDGE_CURVE('',#4721,#4423,#4941,.T.);
#4943=ORIENTED_EDGE('',*,*,#4942,.F.);
#4944=ORIENTED_EDGE('',*,*,#4727,.F.);
#4945=EDGE_LOOP('',(#4936,#4937,#4943,#4944));
#4946=FACE_BOUND('',#4945,.T.);
#4947=ADVANCED_FACE('',(#4946),#4935,.T.);
#4948=CARTESIAN_POINT('',(-6.784707004,-50.256396077,16.360750721));
#4949=DIRECTION('',(0.707106781,-0.707106781,0.));
#4950=DIRECTION('',(0.,0.,-1.));
#4951=AXIS2_PLACEMENT_3D('',#4948,#4949,#4950);
#4952=PLANE('',#4951);
#4953=ORIENTED_EDGE('',*,*,#4925,.T.);
#4954=ORIENTED_EDGE('',*,*,#4701,.F.);
#4955=CARTESIAN_POINT('',(-6.784707004,-50.256396077,10.060750721));
#4956=DIRECTION('',(0.707106781,0.707106781,0.));
#4957=VECTOR('',#4956,0.282842712);
#4958=LINE('',#4955,#4957);
#4959=EDGE_CURVE('',#4349,#4687,#4958,.T.);
#4960=ORIENTED_EDGE('',*,*,#4959,.F.);
#4961=ORIENTED_EDGE('',*,*,#4378,.F.);
#4962=EDGE_LOOP('',(#4953,#4954,#4960,#4961));
#4963=FACE_BOUND('',#4962,.T.);
#4964=ADVANCED_FACE('',(#4963),#4952,.F.);
#4965=CARTESIAN_POINT('',(7.015292996,-50.056396077,16.360750721));
#4966=DIRECTION('',(-0.707106781,-0.707106781,0.));
#4967=DIRECTION('',(-0.,0.,-1.));
#4968=AXIS2_PLACEMENT_3D('',#4965,#4966,#4967);
#4969=PLANE('',#4968);
#4970=ORIENTED_EDGE('',*,*,#4942,.T.);
#4971=ORIENTED_EDGE('',*,*,#4452,.F.);
#4972=CARTESIAN_POINT('',(7.015292996,-50.056396077,10.060750721));
#4973=DIRECTION('',(0.707106781,-0.707106781,-0.));
#4974=VECTOR('',#4973,0.282842712);
#4975=LINE('',#4972,#4974);
#4976=EDGE_CURVE('',#4668,#4441,#4975,.T.);
#4977=ORIENTED_EDGE('',*,*,#4976,.F.);
#4978=ORIENTED_EDGE('',*,*,#4733,.F.);
#4979=EDGE_LOOP('',(#4970,#4971,#4977,#4978));
#4980=FACE_BOUND('',#4979,.T.);
#4981=ADVANCED_FACE('',(#4980),#4969,.F.);
#4982=CARTESIAN_POINT('',(-5.784707004,-50.056396077,10.060750721));
#4983=DIRECTION('',(0.,-1.,-0.));
#4984=DIRECTION('',(0.,0.,-1.));
#4985=AXIS2_PLACEMENT_3D('',#4982,#4983,#4984);
#4986=CONICAL_SURFACE('',#4985,0.8,45.);
#4987=ORIENTED_EDGE('',*,*,#4959,.T.);
#4988=ORIENTED_EDGE('',*,*,#4693,.F.);
#4989=CARTESIAN_POINT('',(-5.784707004,-50.256396077,9.060750721));
#4990=DIRECTION('',(-0.,0.707106781,0.707106781));
#4991=VECTOR('',#4990,0.282842712);
#4992=LINE('',#4989,#4991);
#4993=EDGE_CURVE('',#4147,#4679,#4992,.T.);
#4994=ORIENTED_EDGE('',*,*,#4993,.F.);
#4995=ORIENTED_EDGE('',*,*,#4887,.F.);
#4996=EDGE_LOOP('',(#4987,#4988,#4994,#4995));
#4997=FACE_BOUND('',#4996,.T.);
#4998=ADVANCED_FACE('',(#4997),#4986,.T.);
#4999=CARTESIAN_POINT('',(6.215292996,-50.056396077,10.060750721));
#5000=DIRECTION('',(0.,-1.,-0.));
#5001=DIRECTION('',(0.,0.,-1.));
#5002=AXIS2_PLACEMENT_3D('',#4999,#5000,#5001);
#5003=CONICAL_SURFACE('',#5002,0.8,45.);
#5004=ORIENTED_EDGE('',*,*,#4976,.T.);
#5005=ORIENTED_EDGE('',*,*,#4839,.F.);
#5006=CARTESIAN_POINT('',(6.215292996,-50.056396077,9.260750721));
#5007=DIRECTION('',(0.,-0.707106781,-0.707106781));
#5008=VECTOR('',#5007,0.282842712);
#5009=LINE('',#5006,#5008);
#5010=EDGE_CURVE('',#4670,#4129,#5009,.T.);
#5011=ORIENTED_EDGE('',*,*,#5010,.F.);
#5012=ORIENTED_EDGE('',*,*,#4676,.F.);
#5013=EDGE_LOOP('',(#5004,#5005,#5011,#5012));
#5014=FACE_BOUND('',#5013,.T.);
#5015=ADVANCED_FACE('',(#5014),#5003,.T.);
#5016=CARTESIAN_POINT('',(0.,-50.256396077,9.060750721));
#5017=DIRECTION('',(0.,0.707106781,-0.707106781));
#5018=DIRECTION('',(-1.,0.,0.));
#5019=AXIS2_PLACEMENT_3D('',#5016,#5017,#5018);
#5020=PLANE('',#5019);
#5021=ORIENTED_EDGE('',*,*,#4993,.T.);
#5022=ORIENTED_EDGE('',*,*,#4684,.F.);
#5023=ORIENTED_EDGE('',*,*,#5010,.T.);
#5024=ORIENTED_EDGE('',*,*,#4158,.F.);
#5025=EDGE_LOOP('',(#5021,#5022,#5023,#5024));
#5026=FACE_BOUND('',#5025,.T.);
#5027=ADVANCED_FACE('',(#5026),#5020,.T.);
#5028=CARTESIAN_POINT('',(7.52742503,-51.256396077,14.698618687));
#5029=DIRECTION('',(0.707106781,-0.,0.707106781));
#5030=DIRECTION('',(0.707106781,0.,-0.707106781));
#5031=AXIS2_PLACEMENT_3D('',#5028,#5029,#5030);
#5032=PLANE('',#5031);
#5033=CARTESIAN_POINT('',(7.698135708,-51.256396077,14.527908009));
#5034=VERTEX_POINT('',#5033);
#5035=CARTESIAN_POINT('',(7.215292996,-51.739238789,15.010750721));
#5036=DIRECTION('',(0.577350269,0.577350269,-0.577350269));
#5037=VECTOR('',#5036,0.83630811);
#5038=LINE('',#5035,#5037);
#5039=EDGE_CURVE('',#4457,#5034,#5038,.T.);
#5040=ORIENTED_EDGE('',*,*,#5039,.T.);
#5041=CARTESIAN_POINT('',(7.698135708,-51.256396077,14.527908009));
#5042=DIRECTION('',(-0.577350269,0.577350269,0.577350269));
#5043=VECTOR('',#5042,0.83630811);
#5044=LINE('',#5041,#5043);
#5045=EDGE_CURVE('',#5034,#4459,#5044,.T.);
#5046=ORIENTED_EDGE('',*,*,#5045,.T.);
#5047=ORIENTED_EDGE('',*,*,#4464,.F.);
#5048=EDGE_LOOP('',(#5040,#5046,#5047));
#5049=FACE_BOUND('',#5048,.T.);
#5050=ADVANCED_FACE('',(#5049),#5032,.T.);
#5051=CARTESIAN_POINT('',(7.52742503,-51.256396077,10.722882755));
#5052=DIRECTION('',(0.707106781,0.,-0.707106781));
#5053=DIRECTION('',(-0.707106781,0.,-0.707106781));
#5054=AXIS2_PLACEMENT_3D('',#5051,#5052,#5053);
#5055=PLANE('',#5054);
#5056=ORIENTED_EDGE('',*,*,#4480,.F.);
#5057=CARTESIAN_POINT('',(7.698135708,-51.256396077,10.893593433));
#5058=VERTEX_POINT('',#5057);
#5059=CARTESIAN_POINT('',(7.215292996,-50.773553364,10.410750721));
#5060=DIRECTION('',(0.577350269,-0.577350269,0.577350269));
#5061=VECTOR('',#5060,0.83630811);
#5062=LINE('',#5059,#5061);
#5063=EDGE_CURVE('',#4467,#5058,#5062,.T.);
#5064=ORIENTED_EDGE('',*,*,#5063,.T.);
#5065=CARTESIAN_POINT('',(7.698135708,-51.256396077,10.893593433));
#5066=DIRECTION('',(-0.577350269,-0.577350269,-0.577350269));
#5067=VECTOR('',#5066,0.83630811);
#5068=LINE('',#5065,#5067);
#5069=EDGE_CURVE('',#5058,#4475,#5068,.T.);
#5070=ORIENTED_EDGE('',*,*,#5069,.T.);
#5071=EDGE_LOOP('',(#5056,#5064,#5070));
#5072=FACE_BOUND('',#5071,.T.);
#5073=ADVANCED_FACE('',(#5072),#5055,.T.);
#5074=CARTESIAN_POINT('',(7.356714352,-51.597817433,13.910750721));
#5075=DIRECTION('',(-0.707106781,0.707106781,0.));
#5076=DIRECTION('',(-0.,-0.,1.));
#5077=AXIS2_PLACEMENT_3D('',#5074,#5075,#5076);
#5078=PLANE('',#5077);
#5079=CARTESIAN_POINT('',(7.698135708,-51.256396077,14.527908009));
#5080=DIRECTION('',(0.,0.,-1.));
#5081=VECTOR('',#5080,3.634314575);
#5082=LINE('',#5079,#5081);
#5083=EDGE_CURVE('',#5034,#5058,#5082,.T.);
#5084=ORIENTED_EDGE('',*,*,#5083,.F.);
#5085=ORIENTED_EDGE('',*,*,#5039,.F.);
#5086=ORIENTED_EDGE('',*,*,#4486,.F.);
#5087=ORIENTED_EDGE('',*,*,#5069,.F.);
#5088=EDGE_LOOP('',(#5084,#5085,#5086,#5087));
#5089=FACE_BOUND('',#5088,.T.);
#5090=ADVANCED_FACE('',(#5089),#5078,.F.);
#5091=CARTESIAN_POINT('',(7.356714352,-50.91497472,13.910750721));
#5092=DIRECTION('',(-0.707106781,-0.707106781,0.));
#5093=DIRECTION('',(-0.,0.,-1.));
#5094=AXIS2_PLACEMENT_3D('',#5091,#5092,#5093);
#5095=PLANE('',#5094);
#5096=ORIENTED_EDGE('',*,*,#5045,.F.);
#5097=ORIENTED_EDGE('',*,*,#5083,.T.);
#5098=ORIENTED_EDGE('',*,*,#5063,.F.);
#5099=ORIENTED_EDGE('',*,*,#4472,.F.);
#5100=EDGE_LOOP('',(#5096,#5097,#5098,#5099));
#5101=FACE_BOUND('',#5100,.T.);
#5102=ADVANCED_FACE('',(#5101),#5095,.F.);
#5103=CARTESIAN_POINT('',(-6.955417682,-51.256396077,14.840040043));
#5104=DIRECTION('',(-0.707106781,-0.,0.707106781));
#5105=DIRECTION('',(0.707106781,-0.,0.707106781));
#5106=AXIS2_PLACEMENT_3D('',#5103,#5104,#5105);
#5107=PLANE('',#5106);
#5108=ORIENTED_EDGE('',*,*,#4390,.F.);
#5109=CARTESIAN_POINT('',(-7.267549716,-51.256396077,14.527908009));
#5110=VERTEX_POINT('',#5109);
#5111=CARTESIAN_POINT('',(-6.784707004,-50.773553364,15.010750721));
#5112=DIRECTION('',(-0.577350269,-0.577350269,-0.577350269));
#5113=VECTOR('',#5112,0.83630811);
#5114=LINE('',#5111,#5113);
#5115=EDGE_CURVE('',#4383,#5110,#5114,.T.);
#5116=ORIENTED_EDGE('',*,*,#5115,.T.);
#5117=CARTESIAN_POINT('',(-7.267549716,-51.256396077,14.527908009));
#5118=DIRECTION('',(0.577350269,-0.577350269,0.577350269));
#5119=VECTOR('',#5118,0.83630811);
#5120=LINE('',#5117,#5119);
#5121=EDGE_CURVE('',#5110,#4385,#5120,.T.);
#5122=ORIENTED_EDGE('',*,*,#5121,.T.);
#5123=EDGE_LOOP('',(#5108,#5116,#5122));
#5124=FACE_BOUND('',#5123,.T.);
#5125=ADVANCED_FACE('',(#5124),#5107,.T.);
#5126=CARTESIAN_POINT('',(-6.955417682,-51.256396077,10.581461399));
#5127=DIRECTION('',(-0.707106781,0.,-0.707106781));
#5128=DIRECTION('',(-0.707106781,-0.,0.707106781));
#5129=AXIS2_PLACEMENT_3D('',#5126,#5127,#5128);
#5130=PLANE('',#5129);
#5131=CARTESIAN_POINT('',(-7.267549716,-51.256396077,10.893593433));
#5132=VERTEX_POINT('',#5131);
#5133=CARTESIAN_POINT('',(-6.784707004,-51.739238789,10.410750721));
#5134=DIRECTION('',(-0.577350269,0.577350269,0.577350269));
#5135=VECTOR('',#5134,0.83630811);
#5136=LINE('',#5133,#5135);
#5137=EDGE_CURVE('',#4393,#5132,#5136,.T.);
#5138=ORIENTED_EDGE('',*,*,#5137,.T.);
#5139=CARTESIAN_POINT('',(-7.267549716,-51.256396077,10.893593433));
#5140=DIRECTION('',(0.577350269,0.577350269,-0.577350269));
#5141=VECTOR('',#5140,0.83630811);
#5142=LINE('',#5139,#5141);
#5143=EDGE_CURVE('',#5132,#4401,#5142,.T.);
#5144=ORIENTED_EDGE('',*,*,#5143,.T.);
#5145=ORIENTED_EDGE('',*,*,#4406,.F.);
#5146=EDGE_LOOP('',(#5138,#5144,#5145));
#5147=FACE_BOUND('',#5146,.T.);
#5148=ADVANCED_FACE('',(#5147),#5130,.T.);
#5149=CARTESIAN_POINT('',(-6.92612836,-51.597817433,13.910750721));
#5150=DIRECTION('',(0.707106781,0.707106781,0.));
#5151=DIRECTION('',(-0.,0.,-1.));
#5152=AXIS2_PLACEMENT_3D('',#5149,#5150,#5151);
#5153=PLANE('',#5152);
#5154=CARTESIAN_POINT('',(-7.267549716,-51.256396077,10.893593433));
#5155=DIRECTION('',(0.,-0.,1.));
#5156=VECTOR('',#5155,3.634314575);
#5157=LINE('',#5154,#5156);
#5158=EDGE_CURVE('',#5132,#5110,#5157,.T.);
#5159=ORIENTED_EDGE('',*,*,#5158,.F.);
#5160=ORIENTED_EDGE('',*,*,#5137,.F.);
#5161=ORIENTED_EDGE('',*,*,#4398,.F.);
#5162=ORIENTED_EDGE('',*,*,#5121,.F.);
#5163=EDGE_LOOP('',(#5159,#5160,#5161,#5162));
#5164=FACE_BOUND('',#5163,.T.);
#5165=ADVANCED_FACE('',(#5164),#5153,.F.);
#5166=CARTESIAN_POINT('',(-6.92612836,-50.91497472,13.910750721));
#5167=DIRECTION('',(0.707106781,-0.707106781,0.));
#5168=DIRECTION('',(-0.,-0.,1.));
#5169=AXIS2_PLACEMENT_3D('',#5166,#5167,#5168);
#5170=PLANE('',#5169);
#5171=ORIENTED_EDGE('',*,*,#5143,.F.);
#5172=ORIENTED_EDGE('',*,*,#5158,.T.);
#5173=ORIENTED_EDGE('',*,*,#5115,.F.);
#5174=ORIENTED_EDGE('',*,*,#4412,.F.);
#5175=EDGE_LOOP('',(#5171,#5172,#5173,#5174));
#5176=FACE_BOUND('',#5175,.T.);
#5177=ADVANCED_FACE('',(#5176),#5170,.F.);
#5178=CARTESIAN_POINT('',(1.715292996,-53.756396077,3.460750721));
#5179=DIRECTION('',(-1.,0.,0.));
#5180=DIRECTION('',(0.,-0.,1.));
#5181=AXIS2_PLACEMENT_3D('',#5178,#5179,#5180);
#5182=PLANE('',#5181);
#5183=ORIENTED_EDGE('',*,*,#4314,.F.);
#5184=CARTESIAN_POINT('',(1.715292996,-52.756396077,13.060750721));
#5185=DIRECTION('',(-0.,0.,-1.));
#5186=VECTOR('',#5185,4.);
#5187=LINE('',#5184,#5186);
#5188=EDGE_CURVE('',#4300,#4163,#5187,.T.);
#5189=ORIENTED_EDGE('',*,*,#5188,.T.);
#5190=ORIENTED_EDGE('',*,*,#4170,.T.);
#5191=CARTESIAN_POINT('',(1.715292996,-54.556396077,9.060750721));
#5192=DIRECTION('',(0.,-0.,1.));
#5193=VECTOR('',#5192,4.);
#5194=LINE('',#5191,#5193);
#5195=EDGE_CURVE('',#4165,#4309,#5194,.T.);
#5196=ORIENTED_EDGE('',*,*,#5195,.T.);
#5197=EDGE_LOOP('',(#5183,#5189,#5190,#5196));
#5198=FACE_BOUND('',#5197,.T.);
#5199=ADVANCED_FACE('',(#5198),#5182,.T.);
#5200=CARTESIAN_POINT('',(0.215292996,-52.256396077,3.460750721));
#5201=DIRECTION('',(0.,-1.,-0.));
#5202=DIRECTION('',(0.,0.,-1.));
#5203=AXIS2_PLACEMENT_3D('',#5200,#5201,#5202);
#5204=PLANE('',#5203);
#5205=ORIENTED_EDGE('',*,*,#4297,.F.);
#5206=CARTESIAN_POINT('',(-0.784707004,-52.256396077,13.060750721));
#5207=DIRECTION('',(0.,0.,-1.));
#5208=VECTOR('',#5207,4.);
#5209=LINE('',#5206,#5208);
#5210=EDGE_CURVE('',#4283,#4182,#5209,.T.);
#5211=ORIENTED_EDGE('',*,*,#5210,.T.);
#5212=ORIENTED_EDGE('',*,*,#4187,.T.);
#5213=CARTESIAN_POINT('',(1.215292996,-52.256396077,9.060750721));
#5214=DIRECTION('',(-0.,-0.,1.));
#5215=VECTOR('',#5214,4.);
#5216=LINE('',#5213,#5215);
#5217=EDGE_CURVE('',#4173,#4292,#5216,.T.);
#5218=ORIENTED_EDGE('',*,*,#5217,.T.);
#5219=EDGE_LOOP('',(#5205,#5211,#5212,#5218));
#5220=FACE_BOUND('',#5219,.T.);
#5221=ADVANCED_FACE('',(#5220),#5204,.T.);
#5222=CARTESIAN_POINT('',(-1.284707004,-53.756396077,3.460750721));
#5223=DIRECTION('',(1.,0.,0.));
#5224=DIRECTION('',(0.,0.,-1.));
#5225=AXIS2_PLACEMENT_3D('',#5222,#5223,#5224);
#5226=PLANE('',#5225);
#5227=ORIENTED_EDGE('',*,*,#4204,.T.);
#5228=CARTESIAN_POINT('',(-1.284707004,-52.756396077,9.060750721));
#5229=DIRECTION('',(-0.,-0.,1.));
#5230=VECTOR('',#5229,4.);
#5231=LINE('',#5228,#5230);
#5232=EDGE_CURVE('',#4190,#4275,#5231,.T.);
#5233=ORIENTED_EDGE('',*,*,#5232,.T.);
#5234=ORIENTED_EDGE('',*,*,#4280,.F.);
#5235=CARTESIAN_POINT('',(-1.284707004,-54.556396077,13.060750721));
#5236=DIRECTION('',(0.,0.,-1.));
#5237=VECTOR('',#5236,4.);
#5238=LINE('',#5235,#5237);
#5239=EDGE_CURVE('',#4273,#4199,#5238,.T.);
#5240=ORIENTED_EDGE('',*,*,#5239,.T.);
#5241=EDGE_LOOP('',(#5227,#5233,#5234,#5240));
#5242=FACE_BOUND('',#5241,.T.);
#5243=ADVANCED_FACE('',(#5242),#5226,.T.);
#5244=CARTESIAN_POINT('',(0.215292996,-55.056396077,3.460750721));
#5245=DIRECTION('',(0.,1.,0.));
#5246=DIRECTION('',(0.,-0.,1.));
#5247=AXIS2_PLACEMENT_3D('',#5244,#5245,#5246);
#5248=PLANE('',#5247);
#5249=ORIENTED_EDGE('',*,*,#4221,.T.);
#5250=CARTESIAN_POINT('',(-0.784707004,-55.056396077,9.060750721));
#5251=DIRECTION('',(0.,-0.,1.));
#5252=VECTOR('',#5251,4.);
#5253=LINE('',#5250,#5252);
#5254=EDGE_CURVE('',#4207,#4326,#5253,.T.);
#5255=ORIENTED_EDGE('',*,*,#5254,.T.);
#5256=ORIENTED_EDGE('',*,*,#4331,.F.);
#5257=CARTESIAN_POINT('',(1.215292996,-55.056396077,13.060750721));
#5258=DIRECTION('',(-0.,0.,-1.));
#5259=VECTOR('',#5258,4.);
#5260=LINE('',#5257,#5259);
#5261=EDGE_CURVE('',#4317,#4216,#5260,.T.);
#5262=ORIENTED_EDGE('',*,*,#5261,.T.);
#5263=EDGE_LOOP('',(#5249,#5255,#5256,#5262));
#5264=FACE_BOUND('',#5263,.T.);
#5265=ADVANCED_FACE('',(#5264),#5248,.T.);
#5266=CARTESIAN_POINT('',(-0.784707004,-52.756396077,3.460750721));
#5267=DIRECTION('',(0.,0.,-1.));
#5268=DIRECTION('',(-1.,0.,0.));
#5269=AXIS2_PLACEMENT_3D('',#5266,#5267,#5268);
#5270=CYLINDRICAL_SURFACE('',#5269,0.5);
#5271=ORIENTED_EDGE('',*,*,#4196,.F.);
#5272=ORIENTED_EDGE('',*,*,#5210,.F.);
#5273=ORIENTED_EDGE('',*,*,#4289,.F.);
#5274=ORIENTED_EDGE('',*,*,#5232,.F.);
#5275=EDGE_LOOP('',(#5271,#5272,#5273,#5274));
#5276=FACE_BOUND('',#5275,.T.);
#5277=ADVANCED_FACE('',(#5276),#5270,.F.);
#5278=CARTESIAN_POINT('',(1.215292996,-52.756396077,3.460750721));
#5279=DIRECTION('',(0.,0.,-1.));
#5280=DIRECTION('',(-1.,0.,0.));
#5281=AXIS2_PLACEMENT_3D('',#5278,#5279,#5280);
#5282=CYLINDRICAL_SURFACE('',#5281,0.5);
#5283=ORIENTED_EDGE('',*,*,#4179,.F.);
#5284=ORIENTED_EDGE('',*,*,#5188,.F.);
#5285=ORIENTED_EDGE('',*,*,#4306,.F.);
#5286=ORIENTED_EDGE('',*,*,#5217,.F.);
#5287=EDGE_LOOP('',(#5283,#5284,#5285,#5286));
#5288=FACE_BOUND('',#5287,.T.);
#5289=ADVANCED_FACE('',(#5288),#5282,.F.);
#5290=CARTESIAN_POINT('',(-0.784707004,-54.556396077,3.460750721));
#5291=DIRECTION('',(0.,0.,-1.));
#5292=DIRECTION('',(-1.,0.,0.));
#5293=AXIS2_PLACEMENT_3D('',#5290,#5291,#5292);
#5294=CYLINDRICAL_SURFACE('',#5293,0.5);
#5295=ORIENTED_EDGE('',*,*,#4213,.F.);
#5296=ORIENTED_EDGE('',*,*,#5239,.F.);
#5297=ORIENTED_EDGE('',*,*,#4338,.F.);
#5298=ORIENTED_EDGE('',*,*,#5254,.F.);
#5299=EDGE_LOOP('',(#5295,#5296,#5297,#5298));
#5300=FACE_BOUND('',#5299,.T.);
#5301=ADVANCED_FACE('',(#5300),#5294,.F.);
#5302=CARTESIAN_POINT('',(1.215292996,-54.556396077,3.460750721));
#5303=DIRECTION('',(0.,0.,-1.));
#5304=DIRECTION('',(-1.,0.,0.));
#5305=AXIS2_PLACEMENT_3D('',#5302,#5303,#5304);
#5306=CYLINDRICAL_SURFACE('',#5305,0.5);
#5307=ORIENTED_EDGE('',*,*,#4228,.F.);
#5308=ORIENTED_EDGE('',*,*,#5261,.F.);
#5309=ORIENTED_EDGE('',*,*,#4323,.F.);
#5310=ORIENTED_EDGE('',*,*,#5195,.F.);
#5311=EDGE_LOOP('',(#5307,#5308,#5309,#5310));
#5312=FACE_BOUND('',#5311,.T.);
#5313=ADVANCED_FACE('',(#5312),#5306,.F.);
#5314=CARTESIAN_POINT('',(0.115292996,-56.056396077,15.760750721));
#5315=DIRECTION('',(0.,0.707106781,-0.707106781));
#5316=DIRECTION('',(-1.,0.,0.));
#5317=AXIS2_PLACEMENT_3D('',#5314,#5315,#5316);
#5318=PLANE('',#5317);
#5319=ORIENTED_EDGE('',*,*,#4788,.F.);
#5320=ORIENTED_EDGE('',*,*,#4544,.F.);
#5321=CARTESIAN_POINT('',(-5.784707004,-56.056396077,15.760750721));
#5322=DIRECTION('',(0.,0.707106781,0.707106781));
#5323=VECTOR('',#5322,0.565685425);
#5324=LINE('',#5321,#5323);
#5325=EDGE_CURVE('',#4603,#4531,#5324,.T.);
#5326=ORIENTED_EDGE('',*,*,#5325,.F.);
#5327=ORIENTED_EDGE('',*,*,#4608,.F.);
#5328=EDGE_LOOP('',(#5319,#5320,#5326,#5327));
#5329=FACE_BOUND('',#5328,.T.);
#5330=ADVANCED_FACE('',(#5329),#5318,.F.);
#5331=CARTESIAN_POINT('',(-5.784707004,-56.056396077,15.160750721));
#5332=DIRECTION('',(0.,1.,0.));
#5333=DIRECTION('',(0.,-0.,1.));
#5334=AXIS2_PLACEMENT_3D('',#5331,#5332,#5333);
#5335=CONICAL_SURFACE('',#5334,0.6,45.);
#5336=ORIENTED_EDGE('',*,*,#5325,.T.);
#5337=ORIENTED_EDGE('',*,*,#4855,.F.);
#5338=CARTESIAN_POINT('',(-6.384707004,-56.056396077,15.160750721));
#5339=DIRECTION('',(-0.707106781,0.707106781,0.));
#5340=VECTOR('',#5339,0.565685425);
#5341=LINE('',#5338,#5340);
#5342=EDGE_CURVE('',#4611,#4359,#5341,.T.);
#5343=ORIENTED_EDGE('',*,*,#5342,.F.);
#5344=ORIENTED_EDGE('',*,*,#4617,.F.);
#5345=EDGE_LOOP('',(#5336,#5337,#5343,#5344));
#5346=FACE_BOUND('',#5345,.T.);
#5347=ADVANCED_FACE('',(#5346),#5335,.T.);
#5348=CARTESIAN_POINT('',(-6.384707004,-56.056396077,16.360750721));
#5349=DIRECTION('',(0.707106781,0.707106781,0.));
#5350=DIRECTION('',(-0.,0.,-1.));
#5351=AXIS2_PLACEMENT_3D('',#5348,#5349,#5350);
#5352=PLANE('',#5351);
#5353=ORIENTED_EDGE('',*,*,#5342,.T.);
#5354=ORIENTED_EDGE('',*,*,#4364,.F.);
#5355=CARTESIAN_POINT('',(-6.384707004,-56.056396077,10.060750721));
#5356=DIRECTION('',(-0.707106781,0.707106781,0.));
#5357=VECTOR('',#5356,0.565685425);
#5358=LINE('',#5355,#5357);
#5359=EDGE_CURVE('',#4620,#4351,#5358,.T.);
#5360=ORIENTED_EDGE('',*,*,#5359,.F.);
#5361=ORIENTED_EDGE('',*,*,#4625,.F.);
#5362=EDGE_LOOP('',(#5353,#5354,#5360,#5361));
#5363=FACE_BOUND('',#5362,.T.);
#5364=ADVANCED_FACE('',(#5363),#5352,.F.);
#5365=CARTESIAN_POINT('',(-5.784707004,-56.056396077,10.060750721));
#5366=DIRECTION('',(0.,1.,0.));
#5367=DIRECTION('',(0.,-0.,1.));
#5368=AXIS2_PLACEMENT_3D('',#5365,#5366,#5367);
#5369=CONICAL_SURFACE('',#5368,0.6,45.);
#5370=ORIENTED_EDGE('',*,*,#5359,.T.);
#5371=ORIENTED_EDGE('',*,*,#4879,.F.);
#5372=CARTESIAN_POINT('',(-5.784707004,-56.056396077,9.460750721));
#5373=DIRECTION('',(0.,0.707106781,-0.707106781));
#5374=VECTOR('',#5373,0.565685425);
#5375=LINE('',#5372,#5374);
#5376=EDGE_CURVE('',#4628,#4139,#5375,.T.);
#5377=ORIENTED_EDGE('',*,*,#5376,.F.);
#5378=ORIENTED_EDGE('',*,*,#4634,.F.);
#5379=EDGE_LOOP('',(#5370,#5371,#5377,#5378));
#5380=FACE_BOUND('',#5379,.T.);
#5381=ADVANCED_FACE('',(#5380),#5369,.T.);
#5382=CARTESIAN_POINT('',(0.,-55.656396077,9.060750721));
#5383=DIRECTION('',(0.,-0.707106781,-0.707106781));
#5384=DIRECTION('',(1.,0.,0.));
#5385=AXIS2_PLACEMENT_3D('',#5382,#5383,#5384);
#5386=PLANE('',#5385);
#5387=ORIENTED_EDGE('',*,*,#5376,.T.);
#5388=ORIENTED_EDGE('',*,*,#4144,.F.);
#5389=CARTESIAN_POINT('',(6.215292996,-56.056396077,9.460750721));
#5390=DIRECTION('',(0.,0.707106781,-0.707106781));
#5391=VECTOR('',#5390,0.565685425);
#5392=LINE('',#5389,#5391);
#5393=EDGE_CURVE('',#4637,#4131,#5392,.T.);
#5394=ORIENTED_EDGE('',*,*,#5393,.F.);
#5395=ORIENTED_EDGE('',*,*,#4642,.F.);
#5396=EDGE_LOOP('',(#5387,#5388,#5394,#5395));
#5397=FACE_BOUND('',#5396,.T.);
#5398=ADVANCED_FACE('',(#5397),#5386,.T.);
#5399=CARTESIAN_POINT('',(6.215292996,-56.056396077,10.060750721));
#5400=DIRECTION('',(0.,1.,0.));
#5401=DIRECTION('',(0.,-0.,1.));
#5402=AXIS2_PLACEMENT_3D('',#5399,#5400,#5401);
#5403=CONICAL_SURFACE('',#5402,0.6,45.);
#5404=ORIENTED_EDGE('',*,*,#5393,.T.);
#5405=ORIENTED_EDGE('',*,*,#4831,.F.);
#5406=CARTESIAN_POINT('',(6.815292996,-56.056396077,10.060750721));
#5407=DIRECTION('',(0.707106781,0.707106781,0.));
#5408=VECTOR('',#5407,0.565685425);
#5409=LINE('',#5406,#5408);
#5410=EDGE_CURVE('',#4645,#4433,#5409,.T.);
#5411=ORIENTED_EDGE('',*,*,#5410,.F.);
#5412=ORIENTED_EDGE('',*,*,#4651,.F.);
#5413=EDGE_LOOP('',(#5404,#5405,#5411,#5412));
#5414=FACE_BOUND('',#5413,.T.);
#5415=ADVANCED_FACE('',(#5414),#5403,.T.);
#5416=CARTESIAN_POINT('',(7.215292996,-55.656396077,16.360750721));
#5417=DIRECTION('',(-0.707106781,0.707106781,0.));
#5418=DIRECTION('',(0.,0.,-1.));
#5419=AXIS2_PLACEMENT_3D('',#5416,#5417,#5418);
#5420=PLANE('',#5419);
#5421=ORIENTED_EDGE('',*,*,#5410,.T.);
#5422=ORIENTED_EDGE('',*,*,#4438,.F.);
#5423=CARTESIAN_POINT('',(6.815292996,-56.056396077,15.160750721));
#5424=DIRECTION('',(0.707106781,0.707106781,0.));
#5425=VECTOR('',#5424,0.565685425);
#5426=LINE('',#5423,#5425);
#5427=EDGE_CURVE('',#4569,#4425,#5426,.T.);
#5428=ORIENTED_EDGE('',*,*,#5427,.F.);
#5429=ORIENTED_EDGE('',*,*,#4657,.F.);
#5430=EDGE_LOOP('',(#5421,#5422,#5428,#5429));
#5431=FACE_BOUND('',#5430,.T.);
#5432=ADVANCED_FACE('',(#5431),#5420,.F.);
#5433=CARTESIAN_POINT('',(6.215292996,-56.056396077,15.160750721));
#5434=DIRECTION('',(0.,1.,0.));
#5435=DIRECTION('',(0.,-0.,1.));
#5436=AXIS2_PLACEMENT_3D('',#5433,#5434,#5435);
#5437=CONICAL_SURFACE('',#5436,0.6,45.);
#5438=ORIENTED_EDGE('',*,*,#5427,.T.);
#5439=ORIENTED_EDGE('',*,*,#4807,.F.);
#5440=CARTESIAN_POINT('',(6.215292996,-56.056396077,15.760750721));
#5441=DIRECTION('',(0.,0.707106781,0.707106781));
#5442=VECTOR('',#5441,0.565685425);
#5443=LINE('',#5440,#5442);
#5444=EDGE_CURVE('',#4571,#4507,#5443,.T.);
#5445=ORIENTED_EDGE('',*,*,#5444,.F.);
#5446=ORIENTED_EDGE('',*,*,#4577,.F.);
#5447=EDGE_LOOP('',(#5438,#5439,#5445,#5446));
#5448=FACE_BOUND('',#5447,.T.);
#5449=ADVANCED_FACE('',(#5448),#5437,.T.);
#5450=CARTESIAN_POINT('',(0.315292996,-56.056396077,15.760750721));
#5451=DIRECTION('',(0.,0.707106781,-0.707106781));
#5452=DIRECTION('',(-1.,0.,0.));
#5453=AXIS2_PLACEMENT_3D('',#5450,#5451,#5452);
#5454=PLANE('',#5453);
#5455=ORIENTED_EDGE('',*,*,#5444,.T.);
#5456=ORIENTED_EDGE('',*,*,#4512,.F.);
#5457=ORIENTED_EDGE('',*,*,#4748,.F.);
#5458=ORIENTED_EDGE('',*,*,#4585,.F.);
#5459=EDGE_LOOP('',(#5455,#5456,#5457,#5458));
#5460=FACE_BOUND('',#5459,.T.);
#5461=ADVANCED_FACE('',(#5460),#5454,.F.);
#5462=CLOSED_SHELL('',(#4232,#4342,#4416,#4490,#4562,#4661,#4737,#4760,#4777,#4795,#4819,#4843,#4867,#4891,#4913,#4930,#4947,#4964,#4981,#4998,#5015,#5027,#5050,#5073,#5090,#5102,
#5125,#5148,#5165,#5177,#5199,#5221,#5243,#5265,#5277,#5289,#5301,#5313,#5330,#5347,#5364,#5381,#5398,#5415,#5432,#5449,#5461));
#5463=MANIFOLD_SOLID_BREP('drawer',#5462);
#4122=STYLED_ITEM('',(#2779),#5463);
#63=SHAPE_REPRESENTATION('magnet_drawer',(#15),#61);
#64=ADVANCED_BREP_SHAPE_REPRESENTATION('magnet_drawer',(#1423,#2772,#4121,#5463),#61);
#5471=SHAPE_REPRESENTATION_RELATIONSHIP('','',#63,#64);
#5472=CARTESIAN_POINT('',(0.,0.,0.));
#5473=DIRECTION('',(0.,0.,1.));
#5474=DIRECTION('',(1.,0.,0.));
#5475=AXIS2_PLACEMENT_3D('',#5472,#5473,#5474);
#5477=MAPPED_ITEM('',#5476,#5475);
#5476=REPRESENTATION_MAP(#5475,#63);
#5478=APPLICATION_CONTEXT('Managed model based 3d engineering');
#5479=APPLICATION_PROTOCOL_DEFINITION('international standard','ap242_managed_model_based_3d_engineering',2014,#5478);
#5480=PRODUCT_CONTEXT('',#5478,'mechanical');
#5481=PRODUCT_DEFINITION_CONTEXT('part definition',#5478,'design');
#71=PRODUCT('magnet_drawer','magnet_drawer','',(#5480));
#5482=PRODUCT_RELATED_PRODUCT_CATEGORY('part','',(#71));
#5483=PRODUCT_DEFINITION_FORMATION_WITH_SPECIFIED_SOURCE('','',#71,.NOT_KNOWN.);
#72=PRODUCT_DEFINITION('design','',#5483,#5481);
#70=PRODUCT_DEFINITION_SHAPE('','',#72);
#5484=SHAPE_DEFINITION_REPRESENTATION(#70,#63);
#62=DRAUGHTING_MODEL('',(#5477),#61);
#35=SHAPE_REPRESENTATION('main_frame',(#15,#76),#33);
#5485=CARTESIAN_POINT('',(0.,0.,0.));
#5486=DIRECTION('',(0.,0.,1.));
#5487=DIRECTION('',(1.,0.,0.));
#5488=AXIS2_PLACEMENT_3D('',#5485,#5486,#5487);
#5490=MAPPED_ITEM('',#5489,#5488);
#5489=REPRESENTATION_MAP(#5488,#35);
#43=PRODUCT('main_frame','main_frame','',(#5480));
#5491=PRODUCT_RELATED_PRODUCT_CATEGORY('part','',(#43));
#5492=PRODUCT_DEFINITION_FORMATION_WITH_SPECIFIED_SOURCE('','',#43,.NOT_KNOWN.);
#44=PRODUCT_DEFINITION('design','',#5492,#5481);
#42=PRODUCT_DEFINITION_SHAPE('','',#44);
#5493=SHAPE_DEFINITION_REPRESENTATION(#42,#35);
#34=DRAUGHTING_MODEL('',(#5490),#33);
#16=SHAPE_REPRESENTATION('root',(#15,#48),#10);
#5494=CARTESIAN_POINT('',(0.,0.,0.));
#5495=DIRECTION('',(0.,0.,1.));
#5496=DIRECTION('',(1.,0.,0.));
#5497=AXIS2_PLACEMENT_3D('',#5494,#5495,#5496);
#5499=MAPPED_ITEM('',#5498,#5497);
#5498=REPRESENTATION_MAP(#5497,#16);
#24=PRODUCT('root','root','',(#5480));
#5500=PRODUCT_RELATED_PRODUCT_CATEGORY('part','',(#24));
#5501=PRODUCT_DEFINITION_FORMATION_WITH_SPECIFIED_SOURCE('','',#24,.NOT_KNOWN.);
#25=PRODUCT_DEFINITION('design','',#5501,#5481);
#23=PRODUCT_DEFINITION_SHAPE('','',#25);
#5502=SHAPE_DEFINITION_REPRESENTATION(#23,#16);
#11=DRAUGHTING_MODEL('',(#5499),#10);
#5503=DESCRIPTIVE_REPRESENTATION_ITEM('KEY','C:\\Users\\13271\\AppData\\Local\\Packages\\Shapr3D.Shapr3D_j403pzjkqtqbj\\TempState\\4c4ca505-9fd5-4321-8edc-11200c89ce70.tmp');
#5504=PROPERTY_DEFINITION('KEY','',#25);
#5505=REPRESENTATION('',(#5503),#10);
#5506=PROPERTY_DEFINITION_REPRESENTATION(#5504,#5505);
#5507=GENERAL_PROPERTY('','KEY','');
#5508=GENERAL_PROPERTY_ASSOCIATION('','',#5507,#5504);
#1=MECHANICAL_DESIGN_GEOMETRIC_PRESENTATION_REPRESENTATION('',(#82,#1431,#2780,#4122),#10);
ENDSEC;
END-ISO-10303-21;
