ISO-10303-21;
HEADER;
FILE_DESCRIPTION (( 'STEP AP203' ),
    '1' );
FILE_NAME ('outer_case_hhkb_1.STEP',
    '2025-11-27T02:28:14',
    ( '' ),
    ( '' ),
    'SwSTEP 2.0',
    'SolidWorks 2018',
    '' );
FILE_SCHEMA (( 'CONFIG_CONTROL_DESIGN' ));
ENDSEC;

DATA;
#1 = LINE ( 'NONE', #961, #2666 ) ;
#2 = VECTOR ( 'NONE', #3085, 1000.000000000000114 ) ;
#3 = CARTESIAN_POINT ( 'NONE',  ( 149.0298505060000025, 48.74066122100000342, 24.25745920299999980 ) ) ;
#4 = VECTOR ( 'NONE', #491, 1000.000000000000000 ) ;
#5 = ORIENTED_EDGE ( 'NONE', *, *, #1206, .F. ) ;
#6 = EDGE_CURVE ( 'NONE', #1897, #141, #2278, .T. ) ;
#7 = VECTOR ( 'NONE', #111, 1000.000000000000114 ) ;
#8 = PLANE ( 'NONE',  #2807 ) ;
#9 = CARTESIAN_POINT ( 'NONE',  ( -143.5198000000000036, 0.000000000000000000, 18.45745920200000256 ) ) ;
#10 = ORIENTED_EDGE ( 'NONE', *, *, #439, .F. ) ;
#11 = CIRCLE ( 'NONE', #2100, 5.200000000000009948 ) ;
#12 = DIRECTION ( 'NONE',  ( -1.000000000000000000, 0.000000000000000000, 0.000000000000000000 ) ) ;
#13 = ADVANCED_FACE ( 'NONE', ( #1256 ), #1360, .F. ) ;
#14 = AXIS2_PLACEMENT_3D ( 'NONE', #1771, #2015, #554 ) ;
#15 = EDGE_LOOP ( 'NONE', ( #2174, #2044, #1326, #1934 ) ) ;
#16 = PLANE ( 'NONE',  #1064 ) ;
#17 = LINE ( 'NONE', #2355, #635 ) ;
#18 = PLANE ( 'NONE',  #2864 ) ;
#19 = EDGE_LOOP ( 'NONE', ( #2535, #61, #643, #418 ) ) ;
#20 = ORIENTED_EDGE ( 'NONE', *, *, #2892, .T. ) ;
#21 = ORIENTED_EDGE ( 'NONE', *, *, #268, .F. ) ;
#22 = EDGE_CURVE ( 'NONE', #2538, #1801, #256, .T. ) ;
#23 = ORIENTED_EDGE ( 'NONE', *, *, #2565, .T. ) ;
#24 = ORIENTED_EDGE ( 'NONE', *, *, #1044, .F. ) ;
#25 = CARTESIAN_POINT ( 'NONE',  ( 126.4299060519999927, 52.74066122099999632, 22.65745920200000185 ) ) ;
#26 = ADVANCED_FACE ( 'NONE', ( #1633 ), #3045, .F. ) ;
#27 = ORIENTED_EDGE ( 'NONE', *, *, #940, .F. ) ;
#28 = CARTESIAN_POINT ( 'NONE',  ( -130.6391931409999927, 53.64066122100000200, 5.557459201999999543 ) ) ;
#29 = CARTESIAN_POINT ( 'NONE',  ( -143.4197999999999809, 55.74066122199999995, 7.264565983999999865 ) ) ;
#30 = CARTESIAN_POINT ( 'NONE',  ( 144.0198000000000036, 48.74066122100000342, 22.26750970299999821 ) ) ;
#31 = AXIS2_PLACEMENT_3D ( 'NONE', #1547, #609, #93 ) ;
#32 = EDGE_LOOP ( 'NONE', ( #436, #2936, #636 ) ) ;
#33 = DIRECTION ( 'NONE',  ( -1.000000000000000000, -0.000000000000000000, -0.000000000000000000 ) ) ;
#34 = CARTESIAN_POINT ( 'NONE',  ( -143.4197999999999809, 48.74066122100000342, 23.76248445499999917 ) ) ;
#35 = EDGE_CURVE ( 'NONE', #2388, #1281, #2322, .T. ) ;
#36 = DIRECTION ( 'NONE',  ( -0.7071067811865474617, 7.301397222301813129E-17, -0.7071067811865474617 ) ) ;
#37 = CARTESIAN_POINT ( 'NONE',  ( -143.3197999999999865, 0.000000000000000000, 23.65745920200000185 ) ) ;
#38 = VECTOR ( 'NONE', #2705, 1000.000000000000000 ) ;
#39 = VECTOR ( 'NONE', #1109, 1000.000000000000000 ) ;
#40 = AXIS2_PLACEMENT_3D ( 'NONE', #761, #1734, #1462 ) ;
#41 = CARTESIAN_POINT ( 'NONE',  ( -146.5198000000000036, 39.01863622100000129, 10.77030191500000100 ) ) ;
#42 = ADVANCED_FACE ( 'NONE', ( #1992 ), #263, .F. ) ;
#43 = DIRECTION ( 'NONE',  ( 0.000000000000000000, 0.000000000000000000, 1.000000000000000000 ) ) ;
#44 = VECTOR ( 'NONE', #1411, 1000.000000000000114 ) ;
#45 = CARTESIAN_POINT ( 'NONE',  ( 143.9197999999999809, -2.003388778999999786, -0.7425407980000000574 ) ) ;
#46 = CONICAL_SURFACE ( 'NONE', #568, 2.000000000000001776, 0.7853981625000003852 ) ;
#47 = CARTESIAN_POINT ( 'NONE',  ( -148.2698000000000036, 1.600000000000000089, 22.66750970500000051 ) ) ;
#48 = LINE ( 'NONE', #244, #1716 ) ;
#49 = DIRECTION ( 'NONE',  ( 1.000000000000000000, 0.000000000000000000, 0.000000000000000000 ) ) ;
#50 = LINE ( 'NONE', #939, #1962 ) ;
#51 = DIRECTION ( 'NONE',  ( 0.000000000000000000, 0.000000000000000000, -1.000000000000000000 ) ) ;
#52 = CARTESIAN_POINT ( 'NONE',  ( 146.7198000000000206, 25.36863622099999915, 5.757459202000000609 ) ) ;
#53 = ORIENTED_EDGE ( 'NONE', *, *, #2084, .T. ) ;
#54 = EDGE_CURVE ( 'NONE', #138, #2803, #1339, .T. ) ;
#55 = ORIENTED_EDGE ( 'NONE', *, *, #2736, .F. ) ;
#56 = ADVANCED_FACE ( 'NONE', ( #2859 ), #1597, .F. ) ;
#57 = PLANE ( 'NONE',  #1505 ) ;
#58 = ORIENTED_EDGE ( 'NONE', *, *, #2678, .F. ) ;
#59 = CARTESIAN_POINT ( 'NONE',  ( 5.255700000000000038, 52.74066122099999632, 19.65745920200000185 ) ) ;
#60 = ORIENTED_EDGE ( 'NONE', *, *, #323, .T. ) ;
#61 = ORIENTED_EDGE ( 'NONE', *, *, #577, .F. ) ;
#62 = CARTESIAN_POINT ( 'NONE',  ( 136.5099060519999625, 52.74066122099999632, 19.65745920200000185 ) ) ;
#63 = CARTESIAN_POINT ( 'NONE',  ( -141.3197999999999865, 46.44066122099999916, 18.45745920200000256 ) ) ;
#64 = EDGE_CURVE ( 'NONE', #1964, #637, #1144, .T. ) ;
#65 = VERTEX_POINT ( 'NONE', #2078 ) ;
#66 = EDGE_CURVE ( 'NONE', #2020, #186, #75, .T. ) ;
#67 = DIRECTION ( 'NONE',  ( -1.000000000000000000, 0.000000000000000000, 0.000000000000000000 ) ) ;
#68 = DIRECTION ( 'NONE',  ( 1.000000000000000000, 0.000000000000000000, 0.000000000000000000 ) ) ;
#69 = EDGE_LOOP ( 'NONE', ( #282, #2541, #1952, #484 ) ) ;
#70 = CARTESIAN_POINT ( 'NONE',  ( -116.0391931409999842, 55.74066122100000342, 7.264565983999999865 ) ) ;
#71 = AXIS2_PLACEMENT_3D ( 'NONE', #1786, #337, #1800 ) ;
#72 = CARTESIAN_POINT ( 'NONE',  ( -146.5198000000000036, 48.44066122099999916, 5.757459202000000609 ) ) ;
#73 = LINE ( 'NONE', #493, #576 ) ;
#74 = PLANE ( 'NONE',  #1380 ) ;
#75 = LINE ( 'NONE', #404, #806 ) ;
#76 = DIRECTION ( 'NONE',  ( -0.7071067811865475727, 0.000000000000000000, 0.7071067811865475727 ) ) ;
#77 = FACE_OUTER_BOUND ( 'NONE', #2382, .T. ) ;
#78 = ORIENTED_EDGE ( 'NONE', *, *, #167, .F. ) ;
#79 = DIRECTION ( 'NONE',  ( 0.7071067811865475727, 0.000000000000000000, -0.7071067811865475727 ) ) ;
#80 = LINE ( 'NONE', #3039, #157 ) ;
#81 = CARTESIAN_POINT ( 'NONE',  ( 5.255700000000000038, 46.24066122099999632, 19.65745920200000185 ) ) ;
#82 = LOCAL_TIME ( 10, 28, 14.00000000000000000, #1300 ) ;
#83 = FACE_OUTER_BOUND ( 'NONE', #1849, .T. ) ;
#84 = CC_DESIGN_APPROVAL ( #1181, ( #1609 ) ) ;
#85 = VECTOR ( 'NONE', #1005, 1000.000000000000000 ) ;
#86 = FACE_OUTER_BOUND ( 'NONE', #1582, .T. ) ;
#87 = DIRECTION ( 'NONE',  ( -1.000000000000000000, 0.000000000000000000, 0.000000000000000000 ) ) ;
#88 = LINE ( 'NONE', #419, #199 ) ;
#89 = CARTESIAN_POINT ( 'NONE',  ( 149.6662466089999839, -1.803388779000000053, 5.911012592999999704 ) ) ;
#90 = ORIENTED_EDGE ( 'NONE', *, *, #2583, .T. ) ;
#91 = AXIS2_PLACEMENT_3D ( 'NONE', #2454, #2956, #2196 ) ;
#92 = VECTOR ( 'NONE', #1096, 1000.000000000000000 ) ;
#93 = DIRECTION ( 'NONE',  ( 0.000000000000000000, -1.000000000000000000, 0.000000000000000000 ) ) ;
#94 = ORIENTED_EDGE ( 'NONE', *, *, #621, .F. ) ;
#95 = EDGE_LOOP ( 'NONE', ( #2872, #1482, #720, #1969, #1387 ) ) ;
#96 = VERTEX_POINT ( 'NONE', #107 ) ;
#97 = EDGE_CURVE ( 'NONE', #3046, #2465, #578, .T. ) ;
#98 = DIRECTION ( 'NONE',  ( -0.000000000000000000, 0.7071067811865475727, 0.7071067811865475727 ) ) ;
#99 = ORIENTED_EDGE ( 'NONE', *, *, #2568, .F. ) ;
#100 = EDGE_LOOP ( 'NONE', ( #2460, #1207, #325, #2345 ) ) ;
#101 = CARTESIAN_POINT ( 'NONE',  ( -4.825699999999999434, 46.24066122099999632, 19.65745920200000185 ) ) ;
#102 = ORIENTED_EDGE ( 'NONE', *, *, #2919, .T. ) ;
#103 = ORIENTED_EDGE ( 'NONE', *, *, #889, .F. ) ;
#104 = CARTESIAN_POINT ( 'NONE',  ( -148.2698000000000036, 2.449293598294755841E-17, 27.09770821127732177 ) ) ;
#105 = CARTESIAN_POINT ( 'NONE',  ( -130.1391931409999927, 54.04066122100000058, 6.057459202000000431 ) ) ;
#106 = DIRECTION ( 'NONE',  ( 0.000000000000000000, -1.000000000000000000, 0.000000000000000000 ) ) ;
#107 = CARTESIAN_POINT ( 'NONE',  ( -131.8391931410000097, 55.74066122100000342, 7.264565983999999865 ) ) ;
#108 =( NAMED_UNIT ( * ) SI_UNIT ( $, .STERADIAN. ) SOLID_ANGLE_UNIT ( ) );
#109 = CARTESIAN_POINT ( 'NONE',  ( -145.2269067809999967, 39.71863622099999702, 8.487459202000001923 ) ) ;
#110 = DIRECTION ( 'NONE',  ( 0.000000000000000000, -1.000000000000000000, 0.000000000000000000 ) ) ;
#111 = DIRECTION ( 'NONE',  ( 0.7071067811865474617, 0.000000000000000000, -0.7071067811865474617 ) ) ;
#112 = EDGE_CURVE ( 'NONE', #1728, #1355, #497, .T. ) ;
#113 = PERSON_AND_ORGANIZATION_ROLE ( 'creator' ) ;
#114 = VECTOR ( 'NONE', #2208, 1000.000000000000000 ) ;
#115 = ORIENTED_EDGE ( 'NONE', *, *, #1334, .F. ) ;
#116 = DIRECTION ( 'NONE',  ( 1.000000000000000000, 0.000000000000000000, 0.000000000000000000 ) ) ;
#117 = FACE_OUTER_BOUND ( 'NONE', #1928, .T. ) ;
#118 = DIRECTION ( 'NONE',  ( 0.000000000000000000, -1.000000000000000000, 0.000000000000000000 ) ) ;
#119 = CARTESIAN_POINT ( 'NONE',  ( 146.2198000000000206, 16.99661122099999844, 5.757459202000000609 ) ) ;
#120 = LINE ( 'NONE', #863, #812 ) ;
#121 = DIRECTION ( 'NONE',  ( 0.000000000000000000, -0.7071067811865475727, -0.7071067811865475727 ) ) ;
#122 = ADVANCED_FACE ( 'NONE', ( #2107 ), #2343, .F. ) ;
#123 = EDGE_CURVE ( 'NONE', #1579, #3035, #2163, .T. ) ;
#124 = VECTOR ( 'NONE', #2206, 1000.000000000000000 ) ;
#125 = CARTESIAN_POINT ( 'NONE',  ( 143.9197999999999809, 16.49661122099999844, 18.65745920200000185 ) ) ;
#126 = EDGE_CURVE ( 'NONE', #2875, #2798, #1219, .T. ) ;
#127 = LINE ( 'NONE', #1921, #2330 ) ;
#128 = CARTESIAN_POINT ( 'NONE',  ( -148.9697999999999922, 3.200000000000000178, 22.66750970500000051 ) ) ;
#129 = EDGE_LOOP ( 'NONE', ( #1532, #1413, #1051, #2530 ) ) ;
#130 = CARTESIAN_POINT ( 'NONE',  ( -131.8391931410000097, 55.74066122100000342, 7.264565983999999865 ) ) ;
#131 = DIRECTION ( 'NONE',  ( 0.000000000000000000, 1.000000000000000000, -0.000000000000000000 ) ) ;
#132 = EDGE_LOOP ( 'NONE', ( #2768, #2804, #2694, #1661 ) ) ;
#133 = AXIS2_PLACEMENT_3D ( 'NONE', #2423, #972, #1699 ) ;
#134 = ORIENTED_EDGE ( 'NONE', *, *, #2707, .T. ) ;
#135 = PLANE ( 'NONE',  #502 ) ;
#136 = ORIENTED_EDGE ( 'NONE', *, *, #139, .F. ) ;
#137 = DATE_TIME_ROLE ( 'creation_date' ) ;
#138 = VERTEX_POINT ( 'NONE', #654 ) ;
#139 = EDGE_CURVE ( 'NONE', #985, #758, #1061, .T. ) ;
#140 = ADVANCED_FACE ( 'NONE', ( #1631 ), #663, .F. ) ;
#141 = VERTEX_POINT ( 'NONE', #1368 ) ;
#142 = VERTEX_POINT ( 'NONE', #3159 ) ;
#143 = CARTESIAN_POINT ( 'NONE',  ( 0.2999999999999999889, 46.84066122100000484, 24.25745920200000327 ) ) ;
#144 = DIRECTION ( 'NONE',  ( 0.000000000000000000, -0.7071067811865475727, 0.7071067811865475727 ) ) ;
#145 = AXIS2_PLACEMENT_3D ( 'NONE', #1305, #818, #1557 ) ;
#146 = VERTEX_POINT ( 'NONE', #3052 ) ;
#147 = CARTESIAN_POINT ( 'NONE',  ( 146.1697999999999809, 1.850000000000000311, 5.557459201999999543 ) ) ;
#148 = AXIS2_PLACEMENT_3D ( 'NONE', #1792, #831, #2857 ) ;
#149 = CARTESIAN_POINT ( 'NONE',  ( -146.5198000000000036, 0.000000000000000000, 18.25745920199999972 ) ) ;
#150 = PLANE ( 'NONE',  #2660 ) ;
#151 = VECTOR ( 'NONE', #1200, 1000.000000000000000 ) ;
#152 = CARTESIAN_POINT ( 'NONE',  ( 149.0298505060000025, 48.74066122100000342, 24.25745920299999980 ) ) ;
#153 = FACE_OUTER_BOUND ( 'NONE', #2176, .T. ) ;
#154 = DIRECTION ( 'NONE',  ( 0.000000000000000000, 0.000000000000000000, 1.000000000000000000 ) ) ;
#155 = LINE ( 'NONE', #2914, #2669 ) ;
#156 = EDGE_CURVE ( 'NONE', #1324, #2121, #918, .T. ) ;
#157 = VECTOR ( 'NONE', #2095, 1000.000000000000000 ) ;
#158 = DATE_AND_TIME ( #313, #958 ) ;
#159 = LINE ( 'NONE', #41, #2672 ) ;
#160 = FACE_OUTER_BOUND ( 'NONE', #2841, .T. ) ;
#161 = FACE_OUTER_BOUND ( 'NONE', #2116, .T. ) ;
#162 = CARTESIAN_POINT ( 'NONE',  ( 0.000000000000000000, 0.000000000000000000, 0.000000000000000000 ) ) ;
#163 = LINE ( 'NONE', #1108, #2492 ) ;
#164 = CARTESIAN_POINT ( 'NONE',  ( -130.4788356844377972, 53.64066122086810395, 5.557459202131909137 ) ) ;
#165 = VERTEX_POINT ( 'NONE', #3074 ) ;
#166 = VECTOR ( 'NONE', #154, 1000.000000000000000 ) ;
#167 = EDGE_CURVE ( 'NONE', #920, #2653, #2593, .T. ) ;
#168 = ORIENTED_EDGE ( 'NONE', *, *, #469, .F. ) ;
#169 = ADVANCED_FACE ( 'NONE', ( #3092 ), #2074, .F. ) ;
#170 = EDGE_LOOP ( 'NONE', ( #1718, #2506, #707, #2700, #1622, #825, #874, #1436, #514, #1129, #2418, #2257, #5, #1805, #1193 ) ) ;
#171 = ORIENTED_EDGE ( 'NONE', *, *, #888, .F. ) ;
#172 = CARTESIAN_POINT ( 'NONE',  ( 144.0198000000000036, 48.74066122100000342, 18.95745920199999901 ) ) ;
#173 = AXIS2_PLACEMENT_3D ( 'NONE', #3036, #1354, #1091 ) ;
#174 = CARTESIAN_POINT ( 'NONE',  ( -141.3197999999999865, 44.24066122100000342, 23.65745920200000185 ) ) ;
#175 = DIRECTION ( 'NONE',  ( -0.8628562095508410801, -0.3574067442281659845, 0.3574067442281659845 ) ) ;
#176 = ORIENTED_EDGE ( 'NONE', *, *, #181, .F. ) ;
#177 = ORIENTED_EDGE ( 'NONE', *, *, #304, .T. ) ;
#178 = CARTESIAN_POINT ( 'NONE',  ( 144.0198000000000036, 48.74066122100000342, 23.76248445499999917 ) ) ;
#179 = ORIENTED_EDGE ( 'NONE', *, *, #1927, .F. ) ;
#180 = DIRECTION ( 'NONE',  ( 0.000000000000000000, -1.000000000000000000, 0.000000000000000000 ) ) ;
#181 = EDGE_CURVE ( 'NONE', #2187, #368, #80, .T. ) ;
#182 = ADVANCED_FACE ( 'NONE', ( #221 ), #1587, .F. ) ;
#183 = PLANE ( 'NONE',  #1133 ) ;
#184 = CARTESIAN_POINT ( 'NONE',  ( 143.9197999999999809, 44.24066122100000342, 18.65745920200000185 ) ) ;
#185 = CIRCLE ( 'NONE', #1476, 5.010050506000007786 ) ;
#186 = VERTEX_POINT ( 'NONE', #357 ) ;
#187 = DIRECTION ( 'NONE',  ( 0.000000000000000000, -0.7071067811865474617, 0.7071067811865474617 ) ) ;
#188 = VECTOR ( 'NONE', #1898, 1000.000000000000000 ) ;
#189 = DIRECTION ( 'NONE',  ( 0.000000000000000000, -0.7071067811865475727, 0.7071067811865475727 ) ) ;
#190 = ORIENTED_EDGE ( 'NONE', *, *, #123, .T. ) ;
#191 = CARTESIAN_POINT ( 'NONE',  ( 141.9198000000000093, 46.84066122100000484, 24.25745920200000327 ) ) ;
#192 = VECTOR ( 'NONE', #2285, 1000.000000000000000 ) ;
#193 = LINE ( 'NONE', #3051, #1344 ) ;
#194 = DIRECTION ( 'NONE',  ( 0.000000000000000000, -1.000000000000000000, 0.000000000000000000 ) ) ;
#195 = EDGE_CURVE ( 'NONE', #481, #1391, #1376, .T. ) ;
#196 = VECTOR ( 'NONE', #36, 1000.000000000000114 ) ;
#197 = ADVANCED_FACE ( 'NONE', ( #2102 ), #1871, .F. ) ;
#198 = AXIS2_PLACEMENT_3D ( 'NONE', #2271, #2741, #2057 ) ;
#199 = VECTOR ( 'NONE', #3097, 1000.000000000000114 ) ;
#200 = EDGE_LOOP ( 'NONE', ( #2251, #1553, #1896, #1497, #2472, #2953, #2877, #598 ) ) ;
#201 = CARTESIAN_POINT ( 'NONE',  ( 141.7198000000000206, 53.44066122100000626, 5.757459202000000609 ) ) ;
#202 = CARTESIAN_POINT ( 'NONE',  ( -143.4197999999999809, 48.74066122100000342, 24.25745920299999980 ) ) ;
#203 = VERTEX_POINT ( 'NONE', #2821 ) ;
#204 = PLANE ( 'NONE',  #1635 ) ;
#205 = ORIENTED_EDGE ( 'NONE', *, *, #1838, .F. ) ;
#206 = ORIENTED_EDGE ( 'NONE', *, *, #1584, .F. ) ;
#207 = VERTEX_POINT ( 'NONE', #1564 ) ;
#208 = CARTESIAN_POINT ( 'NONE',  ( 149.5697999999999865, 3.700000000000000178, 22.66750970500000051 ) ) ;
#209 = VERTEX_POINT ( 'NONE', #1093 ) ;
#210 = CARTESIAN_POINT ( 'NONE',  ( 149.3126932200000283, 48.74066122199999995, 5.557459200000000266 ) ) ;
#211 = DIRECTION ( 'NONE',  ( -1.000000000000000000, 0.000000000000000000, 0.000000000000000000 ) ) ;
#212 = EDGE_CURVE ( 'NONE', #1396, #1127, #1703, .T. ) ;
#213 = ADVANCED_FACE ( 'NONE', ( #153 ), #2294, .F. ) ;
#214 = ORIENTED_EDGE ( 'NONE', *, *, #2083, .F. ) ;
#215 = DIRECTION ( 'NONE',  ( 1.000000000000000000, 0.000000000000000000, 0.000000000000000000 ) ) ;
#216 = EDGE_CURVE ( 'NONE', #1726, #241, #989, .T. ) ;
#217 = CARTESIAN_POINT ( 'NONE',  ( -148.7126932200000056, 48.74066122100000342, 5.557459200000000266 ) ) ;
#218 = FACE_OUTER_BOUND ( 'NONE', #2200, .T. ) ;
#219 = EDGE_CURVE ( 'NONE', #2965, #2880, #658, .T. ) ;
#220 = EDGE_CURVE ( 'NONE', #2370, #3115, #2855, .T. ) ;
#221 = FACE_OUTER_BOUND ( 'NONE', #456, .T. ) ;
#222 = CARTESIAN_POINT ( 'NONE',  ( 149.5697999999999865, 1.850000000000000089, 22.66750970500000051 ) ) ;
#223 = FACE_OUTER_BOUND ( 'NONE', #2837, .T. ) ;
#224 = LINE ( 'NONE', #3119, #2747 ) ;
#225 = LOCAL_TIME ( 10, 28, 14.00000000000000000, #2168 ) ;
#226 = LINE ( 'NONE', #2810, #1956 ) ;
#227 = AXIS2_PLACEMENT_3D ( 'NONE', #2529, #1107, #875 ) ;
#228 = CARTESIAN_POINT ( 'NONE',  ( -0.05000000000000000278, -1.803388779000000053, 5.557459201999999543 ) ) ;
#229 = FACE_OUTER_BOUND ( 'NONE', #3043, .T. ) ;
#230 = DIRECTION ( 'NONE',  ( 1.000000000000000000, 0.000000000000000000, 0.000000000000000000 ) ) ;
#231 = LINE ( 'NONE', #1247, #3137 ) ;
#232 = VECTOR ( 'NONE', #1406, 1000.000000000000000 ) ;
#233 = CARTESIAN_POINT ( 'NONE',  ( 149.3126932179999926, 1.850000000000000089, 5.557459202000002207 ) ) ;
#234 = ORIENTED_EDGE ( 'NONE', *, *, #1838, .T. ) ;
#235 = VECTOR ( 'NONE', #2533, 1000.000000000000114 ) ;
#236 = VERTEX_POINT ( 'NONE', #388 ) ;
#237 = ORIENTED_EDGE ( 'NONE', *, *, #2891, .F. ) ;
#238 = AXIS2_PLACEMENT_3D ( 'NONE', #338, #587, #1518 ) ;
#239 = VERTEX_POINT ( 'NONE', #2317 ) ;
#240 = CARTESIAN_POINT ( 'NONE',  ( -130.6391931409999927, 54.03355444000000318, 5.557459201999999543 ) ) ;
#241 = VERTEX_POINT ( 'NONE', #2584 ) ;
#242 = ADVANCED_FACE ( 'NONE', ( #1948 ), #3050, .T. ) ;
#243 = ORIENTED_EDGE ( 'NONE', *, *, #2092, .T. ) ;
#244 = CARTESIAN_POINT ( 'NONE',  ( 144.0198000000000036, 55.74066122199999995, 7.264565983999999865 ) ) ;
#245 = CARTESIAN_POINT ( 'NONE',  ( -130.2821042170000112, 54.18357229699999777, 5.707477059999999547 ) ) ;
#246 = CARTESIAN_POINT ( 'NONE',  ( -143.9197999999999809, -29.19743877900000228, 24.25745920200000327 ) ) ;
#247 = ORIENTED_EDGE ( 'NONE', *, *, #1690, .T. ) ;
#248 = ORIENTED_EDGE ( 'NONE', *, *, #1362, .F. ) ;
#249 = AXIS2_PLACEMENT_3D ( 'NONE', #2719, #992, #1018 ) ;
#250 = DIRECTION ( 'NONE',  ( 0.000000000000000000, -1.000000000000000000, 0.000000000000000000 ) ) ;
#251 = VERTEX_POINT ( 'NONE', #2549 ) ;
#252 = DIRECTION ( 'NONE',  ( 0.000000000000000000, -0.7071067811865475727, 0.7071067811865475727 ) ) ;
#253 = CARTESIAN_POINT ( 'NONE',  ( -4.825699999999999434, 52.74066122099999632, 22.65745920200000185 ) ) ;
#254 = VERTEX_POINT ( 'NONE', #1827 ) ;
#255 = EDGE_CURVE ( 'NONE', #2965, #2500, #1560, .T. ) ;
#256 = B_SPLINE_CURVE_WITH_KNOTS ( 'NONE', 1,
 ( #152, #2794 ),
 .UNSPECIFIED., .F., .F.,
 ( 2, 2 ),
 ( 0.000000000000000000, 1.000000000000000000 ),
 .UNSPECIFIED. ) ;
#257 = DIRECTION ( 'NONE',  ( 0.000000000000000000, 0.000000000000000000, 1.000000000000000000 ) ) ;
#258 = CARTESIAN_POINT ( 'NONE',  ( -146.5198000000000036, 3.200000000000000178, 22.66750970500000051 ) ) ;
#259 = CARTESIAN_POINT ( 'NONE',  ( -146.5198000000000036, 10.41863622099999986, 10.77030191500000100 ) ) ;
#260 = ADVANCED_FACE ( 'NONE', ( #1448 ), #2601, .F. ) ;
#261 = VECTOR ( 'NONE', #2037, 1000.000000000000000 ) ;
#262 =( BOUNDED_CURVE ( )  B_SPLINE_CURVE ( 3, ( #1438, #2419, #942, #2663 ),
 .UNSPECIFIED., .F., .F. ) 
 B_SPLINE_CURVE_WITH_KNOTS ( ( 4, 4 ),
 ( 2.214297435742614617, 3.141592653589793116 ),
 .UNSPECIFIED. ) 
 CURVE ( )  GEOMETRIC_REPRESENTATION_ITEM ( )  RATIONAL_B_SPLINE_CURVE ( ( 1.000000000000000000, 0.9296181273562988956, 0.9296181273562988956, 1.000000000000000000 ) ) 
 REPRESENTATION_ITEM ( '' )  );
#263 = CONICAL_SURFACE ( 'NONE', #2269, 2.200000000000007283, 0.7853981625000003852 ) ;
#264 = CARTESIAN_POINT ( 'NONE',  ( -148.9697999999999922, 1.600000000000000089, 5.557459201999999543 ) ) ;
#265 = CARTESIAN_POINT ( 'NONE',  ( -117.5009509578308808, 54.08630538337241944, 5.610210146372422102 ) ) ;
#266 = ORIENTED_EDGE ( 'NONE', *, *, #2379, .F. ) ;
#267 = ORIENTED_EDGE ( 'NONE', *, *, #2409, .T. ) ;
#268 = EDGE_CURVE ( 'NONE', #165, #523, #421, .T. ) ;
#269 = DIRECTION ( 'NONE',  ( 0.000000000000000000, -1.000000000000000000, 0.000000000000000000 ) ) ;
#270 = DIRECTION ( 'NONE',  ( 1.000000000000000000, 0.000000000000000000, -0.000000000000000000 ) ) ;
#271 = FACE_OUTER_BOUND ( 'NONE', #531, .T. ) ;
#272 = CARTESIAN_POINT ( 'NONE',  ( 6.000000000000000000, 52.74066122099999632, 5.157459202000000076 ) ) ;
#273 = CARTESIAN_POINT ( 'NONE',  ( -143.3197999999999865, 44.24066122100000342, 18.65745920200000185 ) ) ;
#274 = LINE ( 'NONE', #2036, #3016 ) ;
#275 = VECTOR ( 'NONE', #381, 1000.000000000000000 ) ;
#276 = DIRECTION ( 'NONE',  ( -0.2810846378042149429, 0.6785983445273328085, 0.6785983445273328085 ) ) ;
#277 = VECTOR ( 'NONE', #2708, 1000.000000000000000 ) ;
#278 = EDGE_CURVE ( 'NONE', #1391, #1138, #1373, .T. ) ;
#279 = DIRECTION ( 'NONE',  ( 0.000000000000000000, 0.000000000000000000, 1.000000000000000000 ) ) ;
#280 = LINE ( 'NONE', #3065, #815 ) ;
#281 = DIRECTION ( 'NONE',  ( -1.000000000000000000, 0.000000000000000000, 0.000000000000000000 ) ) ;
#282 = ORIENTED_EDGE ( 'NONE', *, *, #2579, .F. ) ;
#283 = DIRECTION ( 'NONE',  ( 0.000000000000000000, 0.000000000000000000, 1.000000000000000000 ) ) ;
#284 = DIRECTION ( 'NONE',  ( 0.000000000000000000, 0.000000000000000000, -1.000000000000000000 ) ) ;
#285 = VERTEX_POINT ( 'NONE', #650 ) ;
#286 = DIRECTION ( 'NONE',  ( 0.000000000000000000, 0.000000000000000000, 1.000000000000000000 ) ) ;
#287 = CARTESIAN_POINT ( 'NONE',  ( -120.2391931410000012, 54.04066122100000058, 13.26660615500000162 ) ) ;
#288 = EDGE_CURVE ( 'NONE', #2880, #2508, #1787, .T. ) ;
#289 = VERTEX_POINT ( 'NONE', #2115 ) ;
#290 = ORIENTED_EDGE ( 'NONE', *, *, #1799, .F. ) ;
#291 = EDGE_LOOP ( 'NONE', ( #322, #552, #2620, #2181, #2623 ) ) ;
#292 = EDGE_CURVE ( 'NONE', #1279, #254, #2434, .T. ) ;
#293 = EDGE_LOOP ( 'NONE', ( #1250, #2428, #2191, #2190 ) ) ;
#294 = ORIENTED_EDGE ( 'NONE', *, *, #369, .F. ) ;
#295 = CARTESIAN_POINT ( 'NONE',  ( -130.1391931409999927, 54.04066122100000058, 10.76660615499999984 ) ) ;
#296 = ORIENTED_EDGE ( 'NONE', *, *, #2579, .T. ) ;
#297 = AXIS2_PLACEMENT_3D ( 'NONE', #45, #2452, #2019 ) ;
#298 = CARTESIAN_POINT ( 'NONE',  ( -117.7391931410000012, 54.04066122100000058, 10.76660615499999984 ) ) ;
#299 = ADVANCED_FACE ( 'NONE', ( #726 ), #923, .F. ) ;
#300 = AXIS2_PLACEMENT_3D ( 'NONE', #367, #380, #2570 ) ;
#301 = DIRECTION ( 'NONE',  ( -0.7071067811865475727, 0.000000000000000000, 0.7071067811865475727 ) ) ;
#302 = EDGE_LOOP ( 'NONE', ( #2354, #339, #1205, #679, #1930, #1356, #1611, #2769, #177, #1463, #387, #2300, #971 ) ) ;
#303 = DIRECTION ( 'NONE',  ( 1.000000000000000000, 0.000000000000000000, 0.000000000000000000 ) ) ;
#304 = EDGE_CURVE ( 'NONE', #3111, #1790, #2274, .T. ) ;
#305 = CARTESIAN_POINT ( 'NONE',  ( 148.7697999999999752, 0.000000000000000000, 5.557459201999999543 ) ) ;
#306 = CARTESIAN_POINT ( 'NONE',  ( 143.9197999999999809, -2.003388778999999786, 18.65745920200000185 ) ) ;
#307 = LINE ( 'NONE', #2930, #801 ) ;
#308 = LINE ( 'NONE', #684, #2361 ) ;
#309 = CC_DESIGN_DATE_AND_TIME_ASSIGNMENT ( #158, #3023, ( #1609 ) ) ;
#310 = DIRECTION ( 'NONE',  ( 1.000000000000000000, 0.000000000000000000, 0.000000000000000000 ) ) ;
#311 = CARTESIAN_POINT ( 'NONE',  ( 149.6662466089999839, 1.850000000000000311, 5.911012592999999704 ) ) ;
#312 = VECTOR ( 'NONE', #3156, 1000.000000000000000 ) ;
#313 = CALENDAR_DATE ( 2025, 27, 11 ) ;
#314 = DIRECTION ( 'NONE',  ( 0.000000000000000000, 0.000000000000000000, -1.000000000000000000 ) ) ;
#315 = VECTOR ( 'NONE', #1308, 1000.000000000000114 ) ;
#316 = ADVANCED_FACE ( 'NONE', ( #2028 ), #2777, .F. ) ;
#317 = EDGE_LOOP ( 'NONE', ( #1165, #335, #1686, #1980 ) ) ;
#318 = DIRECTION ( 'NONE',  ( 0.000000000000000000, 0.000000000000000000, -1.000000000000000000 ) ) ;
#319 = FACE_OUTER_BOUND ( 'NONE', #200, .T. ) ;
#320 = LINE ( 'NONE', #1670, #896 ) ;
#321 = CARTESIAN_POINT ( 'NONE',  ( -146.5198000000000036, 9.718636221000000575, 9.780352420999999907 ) ) ;
#322 = ORIENTED_EDGE ( 'NONE', *, *, #1442, .F. ) ;
#323 = EDGE_CURVE ( 'NONE', #1817, #2438, #1521, .T. ) ;
#324 = LINE ( 'NONE', #1842, #1851 ) ;
#325 = ORIENTED_EDGE ( 'NONE', *, *, #1240, .F. ) ;
#326 = CARTESIAN_POINT ( 'NONE',  ( 5.255700000000000038, 48.24066122100000342, 20.80745920200000043 ) ) ;
#327 = ORIENTED_EDGE ( 'NONE', *, *, #3059, .T. ) ;
#328 = EDGE_LOOP ( 'NONE', ( #847, #753, #171, #3055 ) ) ;
#329 = DIRECTION ( 'NONE',  ( 0.000000000000000000, 0.000000000000000000, -1.000000000000000000 ) ) ;
#330 = ORIENTED_EDGE ( 'NONE', *, *, #2611, .T. ) ;
#331 = ORIENTED_EDGE ( 'NONE', *, *, #2104, .T. ) ;
#332 = PLANE ( 'NONE',  #14 ) ;
#333 = ADVANCED_FACE ( 'NONE', ( #2670 ), #2868, .T. ) ;
#334 = EDGE_LOOP ( 'NONE', ( #3010, #1613, #2622, #2130, #2572, #978 ) ) ;
#335 = ORIENTED_EDGE ( 'NONE', *, *, #2205, .F. ) ;
#336 = EDGE_CURVE ( 'NONE', #1281, #2695, #224, .T. ) ;
#337 = DIRECTION ( 'NONE',  ( 0.000000000000000000, 0.000000000000000000, -1.000000000000000000 ) ) ;
#338 = CARTESIAN_POINT ( 'NONE',  ( -127.6391931410000069, 54.04066122100000058, 10.76660615499999984 ) ) ;
#339 = ORIENTED_EDGE ( 'NONE', *, *, #3067, .T. ) ;
#340 = CARTESIAN_POINT ( 'NONE',  ( -143.4197999999999809, 48.74066122100000342, 7.264565985000000836 ) ) ;
#341 = AXIS2_PLACEMENT_3D ( 'NONE', #1833, #364, #2564 ) ;
#342 = ORIENTED_EDGE ( 'NONE', *, *, #2229, .F. ) ;
#343 = AXIS2_PLACEMENT_3D ( 'NONE', #2882, #2353, #3141 ) ;
#344 = VECTOR ( 'NONE', #1671, 1000.000000000000000 ) ;
#345 = PLANE ( 'NONE',  #631 ) ;
#346 = VECTOR ( 'NONE', #628, 1000.000000000000000 ) ;
#347 = CARTESIAN_POINT ( 'NONE',  ( 141.9198000000000093, 46.24066122099999632, 23.65745920200000185 ) ) ;
#348 = VECTOR ( 'NONE', #363, 1000.000000000000000 ) ;
#349 = ORIENTED_EDGE ( 'NONE', *, *, #2475, .F. ) ;
#350 = CARTESIAN_POINT ( 'NONE',  ( 144.4197999999999809, 16.99661122099999844, 18.45745920200000256 ) ) ;
#351 = EDGE_CURVE ( 'NONE', #3071, #241, #730, .T. ) ;
#352 = VECTOR ( 'NONE', #1276, 1000.000000000000114 ) ;
#353 = CARTESIAN_POINT ( 'NONE',  ( -143.3197999999999865, 44.24066122100000342, 23.65745920200000185 ) ) ;
#354 = APPROVAL_ROLE ( '' ) ;
#355 = VECTOR ( 'NONE', #1546, 1000.000000000000000 ) ;
#356 = FACE_OUTER_BOUND ( 'NONE', #129, .T. ) ;
#357 = CARTESIAN_POINT ( 'NONE',  ( -4.825699999999999434, 46.24066122099999632, 22.65745920200000185 ) ) ;
#358 = LINE ( 'NONE', #2463, #2933 ) ;
#359 = DIRECTION ( 'NONE',  ( -1.000000000000000000, 0.000000000000000000, 0.000000000000000000 ) ) ;
#360 = CARTESIAN_POINT ( 'NONE',  ( 136.5099060519999625, 46.24066122099999632, 22.65745920200000185 ) ) ;
#361 = AXIS2_PLACEMENT_3D ( 'NONE', #1973, #533, #269 ) ;
#362 = VECTOR ( 'NONE', #1856, 1000.000000000000000 ) ;
#363 = DIRECTION ( 'NONE',  ( 0.000000000000000000, -1.000000000000000000, 0.000000000000000000 ) ) ;
#364 = DIRECTION ( 'NONE',  ( 0.000000000000000000, -1.000000000000000000, 0.000000000000000000 ) ) ;
#365 = ORIENTED_EDGE ( 'NONE', *, *, #1039, .T. ) ;
#366 = EDGE_LOOP ( 'NONE', ( #1769, #3038, #862, #3157 ) ) ;
#367 = CARTESIAN_POINT ( 'NONE',  ( -127.6391931410000069, 55.74066122100000342, 10.76660615499999984 ) ) ;
#368 = VERTEX_POINT ( 'NONE', #701 ) ;
#369 = EDGE_CURVE ( 'NONE', #2636, #65, #308, .T. ) ;
#370 =( BOUNDED_CURVE ( )  B_SPLINE_CURVE ( 3, ( #3151, #727, #2910, #240 ),
 .UNSPECIFIED., .F., .F. ) 
 B_SPLINE_CURVE_WITH_KNOTS ( ( 4, 4 ),
 ( 5.487736466820101633, 6.283185307179586232 ),
 .UNSPECIFIED. ) 
 CURVE ( )  GEOMETRIC_REPRESENTATION_ITEM ( )  RATIONAL_B_SPLINE_CURVE ( ( 1.000000000000000000, 0.9479631740081666536, 0.9479631740081666536, 1.000000000000000000 ) ) 
 REPRESENTATION_ITEM ( '' )  );
#371 = ORIENTED_EDGE ( 'NONE', *, *, #2698, .T. ) ;
#372 = CARTESIAN_POINT ( 'NONE',  ( 141.7198000000000206, 48.44066122099999916, 18.25745920199999972 ) ) ;
#373 = ORIENTED_EDGE ( 'NONE', *, *, #1911, .T. ) ;
#374 = ORIENTED_EDGE ( 'NONE', *, *, #2796, .T. ) ;
#375 = CC_DESIGN_APPROVAL ( #2323, ( #906 ) ) ;
#376 = CARTESIAN_POINT ( 'NONE',  ( -144.0198000010000214, 39.21863622099999702, 7.987459202000001035 ) ) ;
#377 = VERTEX_POINT ( 'NONE', #689 ) ;
#378 = PLANE ( 'NONE',  #173 ) ;
#379 = APPLICATION_CONTEXT ( 'configuration controlled 3d designs of mechanical parts and assemblies' ) ;
#380 = DIRECTION ( 'NONE',  ( 0.000000000000000000, 1.000000000000000000, 0.000000000000000000 ) ) ;
#381 = DIRECTION ( 'NONE',  ( 0.000000000000000000, 0.000000000000000000, 1.000000000000000000 ) ) ;
#382 = DIRECTION ( 'NONE',  ( -1.000000000000000000, 1.032573497605246785E-16, 0.000000000000000000 ) ) ;
#383 = ADVANCED_FACE ( 'NONE', ( #1149 ), #2617, .T. ) ;
#384 = CARTESIAN_POINT ( 'NONE',  ( 145.3697999999999979, 3.700000000000000622, 28.66483049266259897 ) ) ;
#385 = EDGE_CURVE ( 'NONE', #2849, #2582, #501, .T. ) ;
#386 = CIRCLE ( 'NONE', #2038, 5.292893220999989268 ) ;
#387 = ORIENTED_EDGE ( 'NONE', *, *, #2568, .T. ) ;
#388 = CARTESIAN_POINT ( 'NONE',  ( -146.5198000000000036, 9.718636221000000575, 8.487459202000001923 ) ) ;
#389 = VECTOR ( 'NONE', #535, 1000.000000000000000 ) ;
#390 = CARTESIAN_POINT ( 'NONE',  ( -143.3197999999999865, 44.24066122100000342, 18.65745920200000185 ) ) ;
#391 = DIRECTION ( 'NONE',  ( -1.000000000000000000, 0.000000000000000000, 0.000000000000000000 ) ) ;
#392 = PERSON_AND_ORGANIZATION ( #1915, #1569 ) ;
#393 = CIRCLE ( 'NONE', #2959, 4.999999999999997335 ) ;
#394 = ORIENTED_EDGE ( 'NONE', *, *, #2222, .T. ) ;
#395 = EDGE_CURVE ( 'NONE', #285, #2292, #2440, .T. ) ;
#396 = FACE_OUTER_BOUND ( 'NONE', #1861, .T. ) ;
#397 = EDGE_CURVE ( 'NONE', #2880, #481, #2598, .T. ) ;
#398 = LINE ( 'NONE', #1087, #859 ) ;
#399 = ADVANCED_FACE ( 'NONE', ( #584 ), #1185, .F. ) ;
#400 = ORIENTED_EDGE ( 'NONE', *, *, #1799, .T. ) ;
#401 = CYLINDRICAL_SURFACE ( 'NONE', #1007, 2.000000000000001776 ) ;
#402 = DIRECTION ( 'NONE',  ( 0.000000000000000000, 0.000000000000000000, 1.000000000000000000 ) ) ;
#403 = DIRECTION ( 'NONE',  ( -1.000000000000000000, 0.000000000000000000, 0.000000000000000000 ) ) ;
#404 = CARTESIAN_POINT ( 'NONE',  ( 5.255700000000000038, 46.24066122099999632, 22.65745920200000185 ) ) ;
#405 = EDGE_LOOP ( 'NONE', ( #248, #478, #2723, #1402 ) ) ;
#406 = AXIS2_PLACEMENT_3D ( 'NONE', #2007, #2254, #1037 ) ;
#407 = ORIENTED_EDGE ( 'NONE', *, *, #3126, .F. ) ;
#408 = CARTESIAN_POINT ( 'NONE',  ( 5.255700000000000038, 52.74066122099999632, 22.65745920200000185 ) ) ;
#409 = ORIENTED_EDGE ( 'NONE', *, *, #1015, .F. ) ;
#410 = VERTEX_POINT ( 'NONE', #943 ) ;
#411 = DIRECTION ( 'NONE',  ( 0.000000000000000000, -1.000000000000000000, 0.000000000000000000 ) ) ;
#412 = ORIENTED_EDGE ( 'NONE', *, *, #2094, .F. ) ;
#413 = ORIENTED_EDGE ( 'NONE', *, *, #2507, .T. ) ;
#414 = CARTESIAN_POINT ( 'NONE',  ( -130.1391931409999927, 53.44066122100000626, 10.76660615499999984 ) ) ;
#415 = CARTESIAN_POINT ( 'NONE',  ( -143.4197999980000020, 55.74066122100000342, 22.26750970799999862 ) ) ;
#416 = CC_DESIGN_PERSON_AND_ORGANIZATION_ASSIGNMENT ( #1601, #113, ( #906 ) ) ;
#417 = ORIENTED_EDGE ( 'NONE', *, *, #3072, .F. ) ;
#418 = ORIENTED_EDGE ( 'NONE', *, *, #1630, .F. ) ;
#419 = CARTESIAN_POINT ( 'NONE',  ( -143.7369572869999672, 39.01863621999999765, 7.987459202000001035 ) ) ;
#420 = VECTOR ( 'NONE', #1970, 1000.000000000000000 ) ;
#421 = LINE ( 'NONE', #1130, #2 ) ;
#422 = DIRECTION ( 'NONE',  ( -1.000000000000000000, 0.000000000000000000, 0.000000000000000000 ) ) ;
#423 = CARTESIAN_POINT ( 'NONE',  ( -130.2391931410000154, 53.44066122100000626, 5.757459202000000609 ) ) ;
#424 = VECTOR ( 'NONE', #2270, 1000.000000000000114 ) ;
#425 = ORIENTED_EDGE ( 'NONE', *, *, #1666, .F. ) ;
#426 = PLANE ( 'NONE',  #566 ) ;
#427 = EDGE_CURVE ( 'NONE', #520, #2626, #1299, .T. ) ;
#428 = FACE_OUTER_BOUND ( 'NONE', #170, .T. ) ;
#429 = VECTOR ( 'NONE', #1963, 1000.000000000000114 ) ;
#430 = FACE_OUTER_BOUND ( 'NONE', #3078, .T. ) ;
#431 = CC_DESIGN_SECURITY_CLASSIFICATION ( #1609, ( #906 ) ) ;
#432 = DIRECTION ( 'NONE',  ( 0.000000000000000000, 0.000000000000000000, -1.000000000000000000 ) ) ;
#433 = CIRCLE ( 'NONE', #91, 4.799999999999998934 ) ;
#434 = DIRECTION ( 'NONE',  ( 0.000000000000000000, -1.000000000000000000, 0.000000000000000000 ) ) ;
#435 = CARTESIAN_POINT ( 'NONE',  ( 141.9198000000000093, 44.24066122100000342, -0.1425407980000000241 ) ) ;
#436 = ORIENTED_EDGE ( 'NONE', *, *, #1929, .F. ) ;
#437 = LINE ( 'NONE', #1122, #2870 ) ;
#438 = PLANE ( 'NONE',  #3136 ) ;
#439 = EDGE_CURVE ( 'NONE', #1391, #824, #2520, .T. ) ;
#440 = ORIENTED_EDGE ( 'NONE', *, *, #2302, .T. ) ;
#441 = ORIENTED_EDGE ( 'NONE', *, *, #1666, .T. ) ;
#442 = VERTEX_POINT ( 'NONE', #3153 ) ;
#443 = DIRECTION ( 'NONE',  ( 1.000000000000000000, -2.710505431213777355E-16, 0.000000000000000000 ) ) ;
#444 = ORIENTED_EDGE ( 'NONE', *, *, #625, .F. ) ;
#445 = DIRECTION ( 'NONE',  ( 0.000000000000000000, 1.000000000000000000, 0.000000000000000000 ) ) ;
#446 = EDGE_CURVE ( 'NONE', #2217, #2907, #1874, .T. ) ;
#447 = ADVANCED_FACE ( 'NONE', ( #3011 ), #887, .F. ) ;
#448 = ORIENTED_EDGE ( 'NONE', *, *, #905, .T. ) ;
#449 = ORIENTED_EDGE ( 'NONE', *, *, #2887, .F. ) ;
#450 = DIRECTION ( 'NONE',  ( 0.000000000000000000, 0.000000000000000000, 1.000000000000000000 ) ) ;
#451 = EDGE_LOOP ( 'NONE', ( #2376, #649, #2909, #243, #3095, #1083, #660, #1046, #1076, #1855, #932, #2838 ) ) ;
#452 = ORIENTED_EDGE ( 'NONE', *, *, #3103, .F. ) ;
#453 = VERTEX_POINT ( 'NONE', #1145 ) ;
#454 = EDGE_CURVE ( 'NONE', #937, #821, #2133, .T. ) ;
#455 = CARTESIAN_POINT ( 'NONE',  ( -141.5198000000000036, 53.24066122099999632, 18.45745920200000256 ) ) ;
#456 = EDGE_LOOP ( 'NONE', ( #2916, #968, #714, #2178 ) ) ;
#457 = DIRECTION ( 'NONE',  ( 0.000000000000000000, -0.7071067811865474617, 0.7071067811865474617 ) ) ;
#458 = EDGE_CURVE ( 'NONE', #3035, #1004, #3096, .T. ) ;
#459 = ADVANCED_FACE ( 'NONE', ( #3102 ), #1209, .F. ) ;
#460 = ADVANCED_FACE ( 'NONE', ( #86 ), #2446, .F. ) ;
#461 = LINE ( 'NONE', #1251, #2742 ) ;
#462 = VERTEX_POINT ( 'NONE', #1038 ) ;
#463 = AXIS2_PLACEMENT_3D ( 'NONE', #2086, #116, #2537 ) ;
#464 = CARTESIAN_POINT ( 'NONE',  ( 141.7198000000000206, 53.44066122100000626, 18.25745920199999972 ) ) ;
#465 = LINE ( 'NONE', #1931, #1675 ) ;
#466 = CARTESIAN_POINT ( 'NONE',  ( 145.3697999999999979, 1.850000000000000533, 5.557459201999999543 ) ) ;
#467 = PERSON_AND_ORGANIZATION ( #1915, #1569 ) ;
#468 = FACE_OUTER_BOUND ( 'NONE', #506, .T. ) ;
#469 = EDGE_CURVE ( 'NONE', #824, #2983, #737, .T. ) ;
#470 = FACE_OUTER_BOUND ( 'NONE', #19, .T. ) ;
#471 = FACE_OUTER_BOUND ( 'NONE', #2412, .T. ) ;
#472 = CARTESIAN_POINT ( 'NONE',  ( -143.3197999999999865, 0.000000000000000000, 18.65745920200000185 ) ) ;
#473 = VERTEX_POINT ( 'NONE', #1287 ) ;
#474 = CARTESIAN_POINT ( 'NONE',  ( -143.9197999999999809, -2.003388778999999786, 24.25745920200000327 ) ) ;
#475 = FACE_OUTER_BOUND ( 'NONE', #1762, .T. ) ;
#476 = ADVANCED_FACE ( 'NONE', ( #356 ), #556, .F. ) ;
#477 = ORIENTED_EDGE ( 'NONE', *, *, #1604, .F. ) ;
#478 = ORIENTED_EDGE ( 'NONE', *, *, #1911, .F. ) ;
#479 = VERTEX_POINT ( 'NONE', #2986 ) ;
#480 = ORIENTED_EDGE ( 'NONE', *, *, #385, .F. ) ;
#481 = VERTEX_POINT ( 'NONE', #72 ) ;
#482 = ORIENTED_EDGE ( 'NONE', *, *, #3070, .T. ) ;
#483 = DIRECTION ( 'NONE',  ( 0.000000000000000000, 0.000000000000000000, -1.000000000000000000 ) ) ;
#484 = ORIENTED_EDGE ( 'NONE', *, *, #1072, .T. ) ;
#485 = ORIENTED_EDGE ( 'NONE', *, *, #1940, .T. ) ;
#486 = EDGE_CURVE ( 'NONE', #3046, #1315, #1262, .T. ) ;
#487 = ORIENTED_EDGE ( 'NONE', *, *, #933, .F. ) ;
#488 = VERTEX_POINT ( 'NONE', #321 ) ;
#489 = CARTESIAN_POINT ( 'NONE',  ( 146.1697999999999809, 3.061616997868373280E-16, 5.557459201999999543 ) ) ;
#490 = ORIENTED_EDGE ( 'NONE', *, *, #2092, .F. ) ;
#491 = DIRECTION ( 'NONE',  ( 0.000000000000000000, 1.000000000000000000, 0.000000000000000000 ) ) ;
#492 = DIRECTION ( 'NONE',  ( 0.000000000000000000, 0.000000000000000000, -1.000000000000000000 ) ) ;
#493 = CARTESIAN_POINT ( 'NONE',  ( 5.255700000000000038, 52.74066122099999632, 19.65745920200000185 ) ) ;
#494 = VECTOR ( 'NONE', #575, 1000.000000000000000 ) ;
#495 = EDGE_CURVE ( 'NONE', #920, #1281, #2676, .T. ) ;
#496 = CARTESIAN_POINT ( 'NONE',  ( 150.5248252529999888, 0.000000000000000000, 22.76248445500000273 ) ) ;
#497 = LINE ( 'NONE', #415, #2744 ) ;
#498 = LINE ( 'NONE', #1403, #188 ) ;
#499 = ORIENTED_EDGE ( 'NONE', *, *, #2884, .T. ) ;
#500 = CARTESIAN_POINT ( 'NONE',  ( 141.9198000000000093, 44.24066122100000342, 23.65745920200000185 ) ) ;
#501 = CIRCLE ( 'NONE', #3007, 2.599999999999998312 ) ;
#502 = AXIS2_PLACEMENT_3D ( 'NONE', #2546, #1811, #1080 ) ;
#503 = VECTOR ( 'NONE', #3022, 1000.000000000000000 ) ;
#504 = AXIS2_PLACEMENT_3D ( 'NONE', #2349, #1140, #892 ) ;
#505 = DIRECTION ( 'NONE',  ( 0.7071067811865474617, -0.000000000000000000, 0.7071067811865474617 ) ) ;
#506 = EDGE_LOOP ( 'NONE', ( #2536, #342, #2927, #2455 ) ) ;
#507 = VECTOR ( 'NONE', #1806, 1000.000000000000000 ) ;
#508 = CARTESIAN_POINT ( 'NONE',  ( 144.1197999999999979, 16.69661122100000128, 18.45745920200000256 ) ) ;
#509 = VECTOR ( 'NONE', #2962, 1000.000000000000000 ) ;
#510 = ADVANCED_FACE ( 'NONE', ( #774 ), #589, .T. ) ;
#511 = B_SPLINE_CURVE_WITH_KNOTS ( 'NONE', 1,
 ( #2825, #2339 ),
 .UNSPECIFIED., .F., .F.,
 ( 2, 2 ),
 ( 0.000000000000000000, 1.000000000000000000 ),
 .UNSPECIFIED. ) ;
#512 = CARTESIAN_POINT ( 'NONE',  ( -143.5198000000000036, 44.24066122100000342, 18.45745920200000256 ) ) ;
#513 = VECTOR ( 'NONE', #1490, 1000.000000000000114 ) ;
#514 = ORIENTED_EDGE ( 'NONE', *, *, #1922, .T. ) ;
#515 = VECTOR ( 'NONE', #1352, 1000.000000000000000 ) ;
#516 = DIRECTION ( 'NONE',  ( 1.000000000000000000, 0.000000000000000000, 0.000000000000000000 ) ) ;
#517 = VERTEX_POINT ( 'NONE', #765 ) ;
#518 = EDGE_CURVE ( 'NONE', #1394, #1626, #1798, .T. ) ;
#519 = ORIENTED_EDGE ( 'NONE', *, *, #2246, .T. ) ;
#520 = VERTEX_POINT ( 'NONE', #2000 ) ;
#521 = ORIENTED_EDGE ( 'NONE', *, *, #2488, .T. ) ;
#522 = DIRECTION ( 'NONE',  ( 0.000000000000000000, 0.000000000000000000, 1.000000000000000000 ) ) ;
#523 = VERTEX_POINT ( 'NONE', #63 ) ;
#524 = CARTESIAN_POINT ( 'NONE',  ( 148.7697999999999752, 1.850000000000000089, 28.66483049266259897 ) ) ;
#525 = VERTEX_POINT ( 'NONE', #2461 ) ;
#526 = EDGE_LOOP ( 'NONE', ( #2421, #1311, #546, #2380 ) ) ;
#527 = DIRECTION ( 'NONE',  ( 1.000000000000000000, 0.000000000000000000, 0.000000000000000000 ) ) ;
#528 = DIRECTION ( 'NONE',  ( 0.000000000000000000, 1.000000000000000000, -0.000000000000000000 ) ) ;
#529 = ORIENTED_EDGE ( 'NONE', *, *, #1880, .T. ) ;
#530 = DIRECTION ( 'NONE',  ( -0.7071067811865474617, -0.7071067811865474617, 0.000000000000000000 ) ) ;
#531 = EDGE_LOOP ( 'NONE', ( #2186, #1501, #3152, #1297 ) ) ;
#532 = EDGE_CURVE ( 'NONE', #1211, #2610, #894, .T. ) ;
#533 = DIRECTION ( 'NONE',  ( 0.000000000000000000, 0.000000000000000000, -1.000000000000000000 ) ) ;
#534 = DIRECTION ( 'NONE',  ( -0.000000000000000000, -0.000000000000000000, -1.000000000000000000 ) ) ;
#535 = DIRECTION ( 'NONE',  ( -0.000000000000000000, -0.000000000000000000, -1.000000000000000000 ) ) ;
#536 = PLANE ( 'NONE',  #1159 ) ;
#537 = VECTOR ( 'NONE', #2721, 1000.000000000000114 ) ;
#538 = DIRECTION ( 'NONE',  ( 0.000000000000000000, 0.000000000000000000, -1.000000000000000000 ) ) ;
#539 = ORIENTED_EDGE ( 'NONE', *, *, #195, .F. ) ;
#540 = ADVANCED_FACE ( 'NONE', ( #2640 ), #536, .T. ) ;
#541 = CARTESIAN_POINT ( 'NONE',  ( 149.6662466089999839, 3.700000000000000178, 5.911012592999999704 ) ) ;
#542 = LINE ( 'NONE', #964, #1341 ) ;
#543 =( BOUNDED_CURVE ( )  B_SPLINE_CURVE ( 3, ( #1984, #755, #265, #2739 ),
 .UNSPECIFIED., .F., .F. ) 
 B_SPLINE_CURVE_WITH_KNOTS ( ( 4, 4 ),
 ( 0.000000000000000000, 0.7954488403594979218 ),
 .UNSPECIFIED. ) 
 CURVE ( )  GEOMETRIC_REPRESENTATION_ITEM ( )  RATIONAL_B_SPLINE_CURVE ( ( 1.000000000000000000, 0.9479631740081648772, 0.9479631740081648772, 1.000000000000000000 ) ) 
 REPRESENTATION_ITEM ( '' )  );
#544 = DATE_AND_TIME ( #2031, #82 ) ;
#545 = CIRCLE ( 'NONE', #2685, 2.500000000000000444 ) ;
#546 = ORIENTED_EDGE ( 'NONE', *, *, #2650, .F. ) ;
#547 = VECTOR ( 'NONE', #597, 1000.000000000000000 ) ;
#548 = EDGE_CURVE ( 'NONE', #1127, #2787, #231, .T. ) ;
#549 = FACE_OUTER_BOUND ( 'NONE', #526, .T. ) ;
#550 = ORIENTED_EDGE ( 'NONE', *, *, #3120, .T. ) ;
#551 = VECTOR ( 'NONE', #3110, 1000.000000000000000 ) ;
#552 = ORIENTED_EDGE ( 'NONE', *, *, #532, .F. ) ;
#553 = ORIENTED_EDGE ( 'NONE', *, *, #2048, .F. ) ;
#554 = DIRECTION ( 'NONE',  ( 1.000000000000000000, 0.000000000000000000, 0.000000000000000000 ) ) ;
#555 = ADVANCED_FACE ( 'NONE', ( #2865 ), #2016, .T. ) ;
#556 = PLANE ( 'NONE',  #1981 ) ;
#557 = EDGE_CURVE ( 'NONE', #473, #3046, #2604, .T. ) ;
#558 = ORIENTED_EDGE ( 'NONE', *, *, #813, .F. ) ;
#559 = ORIENTED_EDGE ( 'NONE', *, *, #1057, .T. ) ;
#560 = EDGE_LOOP ( 'NONE', ( #1543, #1016, #21, #2731 ) ) ;
#561 = EDGE_CURVE ( 'NONE', #141, #2316, #1959, .T. ) ;
#562 = EDGE_CURVE ( 'NONE', #1324, #2686, #2562, .T. ) ;
#563 = CARTESIAN_POINT ( 'NONE',  ( -117.7391931410000012, 53.44066122100000626, 10.76660615499999984 ) ) ;
#564 = ORIENTED_EDGE ( 'NONE', *, *, #2083, .T. ) ;
#565 = VERTEX_POINT ( 'NONE', #2940 ) ;
#566 = AXIS2_PLACEMENT_3D ( 'NONE', #2069, #2389, #928 ) ;
#567 = CARTESIAN_POINT ( 'NONE',  ( -141.5198000000000036, 48.44066122099999916, 18.25745920199999972 ) ) ;
#568 = AXIS2_PLACEMENT_3D ( 'NONE', #2076, #2771, #1816 ) ;
#569 = DIRECTION ( 'NONE',  ( 0.7071067811865474617, 0.000000000000000000, 0.7071067811865474617 ) ) ;
#570 = ORIENTED_EDGE ( 'NONE', *, *, #982, .T. ) ;
#571 = DIRECTION ( 'NONE',  ( 1.000000000000000000, 0.000000000000000000, 0.000000000000000000 ) ) ;
#572 = CARTESIAN_POINT ( 'NONE',  ( 148.7697999999999752, 0.000000000000000000, 5.557459201999999543 ) ) ;
#573 = ADVANCED_FACE ( 'NONE', ( #430 ), #1507, .T. ) ;
#574 = DIRECTION ( 'NONE',  ( 0.000000000000000000, -1.000000000000000000, 0.000000000000000000 ) ) ;
#575 = DIRECTION ( 'NONE',  ( -1.000000000000000000, 0.000000000000000000, 0.000000000000000000 ) ) ;
#576 = VECTOR ( 'NONE', #2188, 1000.000000000000000 ) ;
#577 = EDGE_CURVE ( 'NONE', #2311, #2292, #11, .T. ) ;
#578 = LINE ( 'NONE', #2282, #2820 ) ;
#579 = AXIS2_PLACEMENT_3D ( 'NONE', #2783, #855, #1088 ) ;
#580 = CARTESIAN_POINT ( 'NONE',  ( -148.4298505059999798, 48.74066122100000342, 24.25745920200000327 ) ) ;
#581 = CARTESIAN_POINT ( 'NONE',  ( 141.7198000000000206, 48.44066122099999916, 5.557459201999999543 ) ) ;
#582 = VECTOR ( 'NONE', #1332, 1000.000000000000000 ) ;
#583 = ORIENTED_EDGE ( 'NONE', *, *, #2665, .T. ) ;
#584 = FACE_OUTER_BOUND ( 'NONE', #899, .T. ) ;
#585 = DIRECTION ( 'NONE',  ( -0.000000000000000000, -0.000000000000000000, -1.000000000000000000 ) ) ;
#586 = LINE ( 'NONE', #1549, #2139 ) ;
#587 = DIRECTION ( 'NONE',  ( 0.000000000000000000, 1.000000000000000000, 0.000000000000000000 ) ) ;
#588 = CIRCLE ( 'NONE', #145, 4.200000000000000178 ) ;
#589 = CYLINDRICAL_SURFACE ( 'NONE', #1323, 0.4999999999999995559 ) ;
#590 = CARTESIAN_POINT ( 'NONE',  ( -117.7391931410000012, 53.44066122100000626, 10.76660615499999984 ) ) ;
#591 = APPLICATION_PROTOCOL_DEFINITION ( 'international standard', 'config_control_design', 1994, #379 ) ;
#592 = ORIENTED_EDGE ( 'NONE', *, *, #557, .T. ) ;
#593 = VECTOR ( 'NONE', #2272, 1000.000000000000114 ) ;
#594 = CARTESIAN_POINT ( 'NONE',  ( -127.6391931410000069, 53.44066122100000626, 10.76660615499999984 ) ) ;
#595 = EDGE_CURVE ( 'NONE', #2384, #2370, #996, .T. ) ;
#596 = ORIENTED_EDGE ( 'NONE', *, *, #721, .T. ) ;
#597 = DIRECTION ( 'NONE',  ( 0.000000000000000000, -1.000000000000000000, 0.000000000000000000 ) ) ;
#598 = ORIENTED_EDGE ( 'NONE', *, *, #336, .F. ) ;
#599 = VERTEX_POINT ( 'NONE', #1295 ) ;
#600 = CARTESIAN_POINT ( 'NONE',  ( 141.9198000000000093, 46.44066122099999916, 18.45745920200000256 ) ) ;
#601 = ORIENTED_EDGE ( 'NONE', *, *, #2048, .T. ) ;
#602 = SECURITY_CLASSIFICATION_LEVEL ( 'unclassified' ) ;
#603 = VERTEX_POINT ( 'NONE', #1050 ) ;
#604 = EDGE_LOOP ( 'NONE', ( #3084, #2046, #1013, #640 ) ) ;
#605 = DIRECTION ( 'NONE',  ( 1.000000000000000000, 0.000000000000000000, 0.000000000000000000 ) ) ;
#606 = DIRECTION ( 'NONE',  ( 0.000000000000000000, -1.000000000000000000, 0.000000000000000000 ) ) ;
#607 = EDGE_LOOP ( 'NONE', ( #23, #924, #27, #790 ) ) ;
#608 = CARTESIAN_POINT ( 'NONE',  ( 0.2999999999999999889, 46.24066122099999632, -0.1425407980000000241 ) ) ;
#609 = DIRECTION ( 'NONE',  ( 0.000000000000000000, 0.000000000000000000, -1.000000000000000000 ) ) ;
#610 = ADVANCED_FACE ( 'NONE', ( #2204 ), #1309, .F. ) ;
#611 = DIRECTION ( 'NONE',  ( 0.000000000000000000, 0.000000000000000000, -1.000000000000000000 ) ) ;
#612 = CARTESIAN_POINT ( 'NONE',  ( -148.9697999999999922, 1.600000000000000089, 22.66750970500000051 ) ) ;
#613 = EDGE_CURVE ( 'NONE', #251, #520, #1878, .T. ) ;
#614 = PERSON_AND_ORGANIZATION_ROLE ( 'creator' ) ;
#615 = CARTESIAN_POINT ( 'NONE',  ( 141.7198000000000206, 53.44066122100000626, 18.25745920199999972 ) ) ;
#616 = CARTESIAN_POINT ( 'NONE',  ( 141.9198000000000093, 46.44066122099999916, 18.45745920200000256 ) ) ;
#617 = DIRECTION ( 'NONE',  ( 1.000000000000000000, -0.000000000000000000, 0.000000000000000000 ) ) ;
#618 = CIRCLE ( 'NONE', #2237, 5.000000000000004441 ) ;
#619 = ORIENTED_EDGE ( 'NONE', *, *, #668, .F. ) ;
#620 = CARTESIAN_POINT ( 'NONE',  ( -117.2391931410000012, 53.64066122100000200, 5.557459201999999543 ) ) ;
#621 = EDGE_CURVE ( 'NONE', #165, #1964, #2035, .T. ) ;
#622 = CIRCLE ( 'NONE', #2352, 5.292893220000011389 ) ;
#623 = CARTESIAN_POINT ( 'NONE',  ( 149.5697999999999865, 3.700000000000000178, 5.557459201999999543 ) ) ;
#624 = DIRECTION ( 'NONE',  ( 0.000000000000000000, 0.000000000000000000, 1.000000000000000000 ) ) ;
#625 = EDGE_CURVE ( 'NONE', #599, #2787, #193, .T. ) ;
#626 = LINE ( 'NONE', #295, #2485 ) ;
#627 = CONICAL_SURFACE ( 'NONE', #1659, 6.646446608999989181, 0.7853981607197643156 ) ;
#628 = DIRECTION ( 'NONE',  ( 0.000000000000000000, 1.000000000000000000, -0.000000000000000000 ) ) ;
#629 = ADVANCED_FACE ( 'NONE', ( #1570 ), #2063, .F. ) ;
#630 = LINE ( 'NONE', #2922, #1846 ) ;
#631 = AXIS2_PLACEMENT_3D ( 'NONE', #2259, #2032, #814 ) ;
#632 = FACE_OUTER_BOUND ( 'NONE', #2085, .T. ) ;
#633 = DIRECTION ( 'NONE',  ( 0.000000000000000000, 0.000000000000000000, -1.000000000000000000 ) ) ;
#634 = EDGE_LOOP ( 'NONE', ( #485, #2613, #1318, #913 ) ) ;
#635 = VECTOR ( 'NONE', #175, 999.9999999999997726 ) ;
#636 = ORIENTED_EDGE ( 'NONE', *, *, #826, .T. ) ;
#637 = VERTEX_POINT ( 'NONE', #616 ) ;
#638 = DIRECTION ( 'NONE',  ( 0.000000000000000000, 0.000000000000000000, 1.000000000000000000 ) ) ;
#639 = EDGE_CURVE ( 'NONE', #3035, #2626, #1714, .T. ) ;
#640 = ORIENTED_EDGE ( 'NONE', *, *, #2881, .F. ) ;
#641 = DIRECTION ( 'NONE',  ( -1.000000000000000000, 0.000000000000000000, 0.000000000000000000 ) ) ;
#642 = ORIENTED_EDGE ( 'NONE', *, *, #861, .F. ) ;
#643 = ORIENTED_EDGE ( 'NONE', *, *, #1899, .F. ) ;
#644 = DIRECTION ( 'NONE',  ( 0.000000000000000000, 0.000000000000000000, 1.000000000000000000 ) ) ;
#645 = CC_DESIGN_PERSON_AND_ORGANIZATION_ASSIGNMENT ( #2034, #835, ( #2396 ) ) ;
#646 = CARTESIAN_POINT ( 'NONE',  ( -116.0391931409999842, 55.74066122100000342, 7.264565983999999865 ) ) ;
#647 = ADVANCED_FACE ( 'NONE', ( #1997 ), #46, .F. ) ;
#648 = ORIENTED_EDGE ( 'NONE', *, *, #710, .F. ) ;
#649 = ORIENTED_EDGE ( 'NONE', *, *, #1267, .T. ) ;
#650 = CARTESIAN_POINT ( 'NONE',  ( 141.7198000000000206, 53.44066122100000626, 5.757459202000000609 ) ) ;
#651 = VERTEX_POINT ( 'NONE', #2559 ) ;
#652 = DIRECTION ( 'NONE',  ( 0.5773502691896257311, -0.5773502691896257311, -0.5773502691896257311 ) ) ;
#653 = CARTESIAN_POINT ( 'NONE',  ( 141.7198000000000206, 53.64066122100000200, 5.557459201999999543 ) ) ;
#654 = CARTESIAN_POINT ( 'NONE',  ( 126.4299060519999927, 46.24066122099999632, 19.65745920200000185 ) ) ;
#655 = CARTESIAN_POINT ( 'NONE',  ( 146.1697999999999809, 1.850000000000000311, 28.66483049266259897 ) ) ;
#656 = EDGE_CURVE ( 'NONE', #3115, #473, #2527, .T. ) ;
#657 = FACE_OUTER_BOUND ( 'NONE', #100, .T. ) ;
#658 = CIRCLE ( 'NONE', #1695, 5.200000000000009948 ) ;
#659 = LINE ( 'NONE', #2950, #4 ) ;
#660 = ORIENTED_EDGE ( 'NONE', *, *, #1253, .F. ) ;
#661 = VECTOR ( 'NONE', #2544, 1000.000000000000000 ) ;
#662 = DIRECTION ( 'NONE',  ( 0.000000000000000000, -0.000000000000000000, 1.000000000000000000 ) ) ;
#663 = PLANE ( 'NONE',  #2240 ) ;
#664 = APPROVAL_PERSON_ORGANIZATION ( #2969, #1124, #354 ) ;
#665 = VECTOR ( 'NONE', #976, 1000.000000000000000 ) ;
#666 = DIRECTION ( 'NONE',  ( -1.000000000000000000, 0.000000000000000000, 0.000000000000000000 ) ) ;
#667 = VECTOR ( 'NONE', #1058, 1000.000000000000000 ) ;
#668 = EDGE_CURVE ( 'NONE', #96, #1457, #1071, .T. ) ;
#669 = FACE_OUTER_BOUND ( 'NONE', #678, .T. ) ;
#670 = ORIENTED_EDGE ( 'NONE', *, *, #3058, .T. ) ;
#671 = FACE_OUTER_BOUND ( 'NONE', #2295, .T. ) ;
#672 = CARTESIAN_POINT ( 'NONE',  ( -143.3197999999999865, 44.24066122100000342, 23.65745920200000185 ) ) ;
#673 = AXIS2_PLACEMENT_3D ( 'NONE', #2025, #2275, #310 ) ;
#674 = ORIENTED_EDGE ( 'NONE', *, *, #156, .T. ) ;
#675 = DIRECTION ( 'NONE',  ( 0.000000000000000000, 1.000000000000000000, -0.000000000000000000 ) ) ;
#676 = ORIENTED_EDGE ( 'NONE', *, *, #548, .T. ) ;
#677 = CARTESIAN_POINT ( 'NONE',  ( -143.3197999999999865, -2.003388778999999786, 0.2574592019999999981 ) ) ;
#678 = EDGE_LOOP ( 'NONE', ( #2726, #1135, #1891, #2346 ) ) ;
#679 = ORIENTED_EDGE ( 'NONE', *, *, #2678, .T. ) ;
#680 = EDGE_LOOP ( 'NONE', ( #974, #1043, #2497, #570 ) ) ;
#681 = PLANE ( 'NONE',  #1890 ) ;
#682 = EDGE_CURVE ( 'NONE', #2907, #138, #1917, .T. ) ;
#683 = VERTEX_POINT ( 'NONE', #1062 ) ;
#684 = CARTESIAN_POINT ( 'NONE',  ( 143.9197999999999809, -29.19405000000000072, 23.65745920200000185 ) ) ;
#685 = CARTESIAN_POINT ( 'NONE',  ( -148.9697999999999922, 3.200000000000000178, 27.09770821127732177 ) ) ;
#686 = ORIENTED_EDGE ( 'NONE', *, *, #2167, .T. ) ;
#687 = DIRECTION ( 'NONE',  ( 0.000000000000000000, -1.000000000000000000, 0.000000000000000000 ) ) ;
#688 = ADVANCED_FACE ( 'NONE', ( #2113 ), #627, .T. ) ;
#689 = CARTESIAN_POINT ( 'NONE',  ( -117.7391931410000012, 53.44066122100000626, 6.057459202000000431 ) ) ;
#690 = CARTESIAN_POINT ( 'NONE',  ( -146.5198000000000036, 10.21863622100000057, 7.987459202000001035 ) ) ;
#691 = FACE_OUTER_BOUND ( 'NONE', #2911, .T. ) ;
#692 = EDGE_LOOP ( 'NONE', ( #1198, #1873, #10, #3083, #836 ) ) ;
#693 = EDGE_CURVE ( 'NONE', #520, #2582, #2789, .T. ) ;
#694 = VECTOR ( 'NONE', #2131, 1000.000000000000000 ) ;
#695 = LINE ( 'NONE', #2693, #2602 ) ;
#696 = VECTOR ( 'NONE', #569, 1000.000000000000114 ) ;
#697 = AXIS2_PLACEMENT_3D ( 'NONE', #340, #2531, #2022 ) ;
#698 = DIRECTION ( 'NONE',  ( -1.000000000000000000, 0.000000000000000000, 0.000000000000000000 ) ) ;
#699 = MANIFOLD_SOLID_BREP ( '切除-拉伸3', #1361 ) ;
#700 = VECTOR ( 'NONE', #522, 1000.000000000000000 ) ;
#701 = CARTESIAN_POINT ( 'NONE',  ( 146.1697999999999809, 0.000000000000000000, 22.66750970500000051 ) ) ;
#702 = CIRCLE ( 'NONE', #1453, 4.200000000000000178 ) ;
#703 = CARTESIAN_POINT ( 'NONE',  ( 144.0198000000000036, 55.74066122400000012, 22.26750970500000193 ) ) ;
#704 = ORIENTED_EDGE ( 'NONE', *, *, #64, .T. ) ;
#705 = EDGE_LOOP ( 'NONE', ( #784, #2260, #2332, #1503, #2347 ) ) ;
#706 = CARTESIAN_POINT ( 'NONE',  ( -143.9197999999999809, 0.000000000000000000, 24.25745920200000327 ) ) ;
#707 = ORIENTED_EDGE ( 'NONE', *, *, #1583, .T. ) ;
#708 = DIRECTION ( 'NONE',  ( 0.000000000000000000, 1.000000000000000000, 0.000000000000000000 ) ) ;
#709 = DIRECTION ( 'NONE',  ( -0.7071067811865475727, 0.000000000000000000, 0.7071067811865475727 ) ) ;
#710 = EDGE_CURVE ( 'NONE', #1897, #1726, #2713, .T. ) ;
#711 = ORIENTED_EDGE ( 'NONE', *, *, #2156, .F. ) ;
#712 = ORIENTED_EDGE ( 'NONE', *, *, #1282, .F. ) ;
#713 = DIRECTION ( 'NONE',  ( -0.000000000000000000, -0.000000000000000000, -1.000000000000000000 ) ) ;
#714 = ORIENTED_EDGE ( 'NONE', *, *, #97, .F. ) ;
#715 = ADVANCED_FACE ( 'NONE', ( #1384 ), #1357, .T. ) ;
#716 = ADVANCED_FACE ( 'NONE', ( #2141 ), #1829, .F. ) ;
#717 = DIRECTION ( 'NONE',  ( -1.000000000000000000, 0.000000000000000000, 0.000000000000000000 ) ) ;
#718 = EDGE_CURVE ( 'NONE', #442, #2384, #1154, .T. ) ;
#719 = CARTESIAN_POINT ( 'NONE',  ( -141.3197999999999865, 44.24066122100000342, -0.1425407980000000241 ) ) ;
#720 = ORIENTED_EDGE ( 'NONE', *, *, #304, .F. ) ;
#721 = EDGE_CURVE ( 'NONE', #2614, #1355, #854, .T. ) ;
#722 = EDGE_CURVE ( 'NONE', #1353, #2438, #120, .T. ) ;
#723 = CARTESIAN_POINT ( 'NONE',  ( -130.6391931409999927, 54.03355444000000318, 5.557459201999999543 ) ) ;
#724 = LINE ( 'NONE', #2194, #1059 ) ;
#725 = AXIS2_PLACEMENT_3D ( 'NONE', #2456, #994, #1723 ) ;
#726 = FACE_OUTER_BOUND ( 'NONE', #2720, .T. ) ;
#727 = CARTESIAN_POINT ( 'NONE',  ( -130.3774353241691131, 54.08630538337243365, 5.610210146372420326 ) ) ;
#728 = VECTOR ( 'NONE', #215, 1000.000000000000000 ) ;
#729 = CARTESIAN_POINT ( 'NONE',  ( -146.5198000000000036, 9.718636221000000575, 9.780352420999999907 ) ) ;
#730 = LINE ( 'NONE', #455, #2886 ) ;
#731 = ADVANCED_FACE ( 'NONE', ( #1416 ), #3028, .T. ) ;
#732 = DATE_AND_TIME ( #1955, #1379 ) ;
#733 = VECTOR ( 'NONE', #2972, 1000.000000000000114 ) ;
#734 = DIRECTION ( 'NONE',  ( 0.000000000000000000, 0.000000000000000000, -1.000000000000000000 ) ) ;
#735 = CARTESIAN_POINT ( 'NONE',  ( 146.1697999999999809, 1.850000000000000311, 22.66750970500000051 ) ) ;
#736 = VECTOR ( 'NONE', #2249, 1000.000000000000000 ) ;
#737 = LINE ( 'NONE', #2735, #1228 ) ;
#738 = CARTESIAN_POINT ( 'NONE',  ( 149.3126932200000283, 48.74066122199999995, 5.557459200000000266 ) ) ;
#739 = EDGE_CURVE ( 'NONE', #96, #2503, #1034, .T. ) ;
#740 = CC_DESIGN_APPROVAL ( #1124, ( #1942 ) ) ;
#741 = CIRCLE ( 'NONE', #1291, 2.200000000000000622 ) ;
#742 = ORIENTED_EDGE ( 'NONE', *, *, #54, .T. ) ;
#743 = VECTOR ( 'NONE', #2129, 1000.000000000000000 ) ;
#744 = CARTESIAN_POINT ( 'NONE',  ( -146.5198000000000036, 39.71863622099999702, 9.780352420999999907 ) ) ;
#745 = ORIENTED_EDGE ( 'NONE', *, *, #1899, .T. ) ;
#746 = CARTESIAN_POINT ( 'NONE',  ( -141.3197999999999865, 46.84066122100000484, 24.25745920200000327 ) ) ;
#747 = CARTESIAN_POINT ( 'NONE',  ( -143.9197999999999809, 0.000000000000000000, 24.25745920200000327 ) ) ;
#748 = ORIENTED_EDGE ( 'NONE', *, *, #126, .T. ) ;
#749 = AXIS2_PLACEMENT_3D ( 'NONE', #884, #2578, #1114 ) ;
#750 = ADVANCED_FACE ( 'NONE', ( #2238 ), #880, .F. ) ;
#751 = ORIENTED_EDGE ( 'NONE', *, *, #2736, .T. ) ;
#752 = CARTESIAN_POINT ( 'NONE',  ( -146.5198000000000036, 25.36863622099999915, 18.96745920200000413 ) ) ;
#753 = ORIENTED_EDGE ( 'NONE', *, *, #1072, .F. ) ;
#754 = ORIENTED_EDGE ( 'NONE', *, *, #1427, .F. ) ;
#755 = CARTESIAN_POINT ( 'NONE',  ( -117.3753873866103845, 54.03355443913191181, 5.557459202131908249 ) ) ;
#756 = EDGE_CURVE ( 'NONE', #207, #1728, #511, .T. ) ;
#757 = B_SPLINE_CURVE_WITH_KNOTS ( 'NONE', 1,
 ( #217, #2175 ),
 .UNSPECIFIED., .F., .F.,
 ( 2, 2 ),
 ( 0.000000000000000000, 1.000000000000000000 ),
 .UNSPECIFIED. ) ;
#758 = VERTEX_POINT ( 'NONE', #149 ) ;
#759 = CARTESIAN_POINT ( 'NONE',  ( 144.1197999999999979, 44.24066122100000342, 18.45745920200000256 ) ) ;
#760 = DIRECTION ( 'NONE',  ( 0.000000000000000000, 1.000000000000000000, 0.000000000000000000 ) ) ;
#761 = CARTESIAN_POINT ( 'NONE',  ( 136.5099060519999625, 47.25256122100000056, 27.95745920199999901 ) ) ;
#762 = ORIENTED_EDGE ( 'NONE', *, *, #1015, .T. ) ;
#763 = CC_DESIGN_PERSON_AND_ORGANIZATION_ASSIGNMENT ( #2402, #871, ( #1609 ) ) ;
#764 = CARTESIAN_POINT ( 'NONE',  ( -74.80989999999999895, 55.74066122100000342, 18.95745920199999901 ) ) ;
#765 = CARTESIAN_POINT ( 'NONE',  ( 151.0198000000000036, 0.000000000000000000, 22.26750970799997731 ) ) ;
#766 = CARTESIAN_POINT ( 'NONE',  ( 144.0198000000000036, 53.75071172700000233, 24.25745920299999980 ) ) ;
#767 = CARTESIAN_POINT ( 'NONE',  ( 5.255700000000000038, 46.24066122099999632, 19.65745920200000185 ) ) ;
#768 = EDGE_LOOP ( 'NONE', ( #1174, #1563 ) ) ;
#769 = CARTESIAN_POINT ( 'NONE',  ( 136.5099060519999625, 52.74066122099999632, 19.65745920200000185 ) ) ;
#770 = DIRECTION ( 'NONE',  ( 0.000000000000000000, -1.000000000000000000, 0.000000000000000000 ) ) ;
#771 = LINE ( 'NONE', #3104, #694 ) ;
#772 = EDGE_CURVE ( 'NONE', #1658, #2180, #2011, .T. ) ;
#773 = DIRECTION ( 'NONE',  ( 0.000000000000000000, 1.000000000000000000, 0.000000000000000000 ) ) ;
#774 = FACE_OUTER_BOUND ( 'NONE', #1544, .T. ) ;
#775 = CARTESIAN_POINT ( 'NONE',  ( 126.4299060519999927, 52.74066122099999632, 19.65745920200000185 ) ) ;
#776 = LINE ( 'NONE', #512, #277 ) ;
#777 = CARTESIAN_POINT ( 'NONE',  ( -143.4197999999999809, 48.74066122100000342, 18.95745920199999901 ) ) ;
#778 = LINE ( 'NONE', #2149, #2607 ) ;
#779 = CARTESIAN_POINT ( 'NONE',  ( -146.5198000000000036, 9.718636221000000575, 8.487459202000001923 ) ) ;
#780 = ADVANCED_FACE ( 'NONE', ( #1636 ), #332, .F. ) ;
#781 = DIRECTION ( 'NONE',  ( -0.000000000000000000, -0.000000000000000000, -1.000000000000000000 ) ) ;
#782 = EDGE_CURVE ( 'NONE', #2729, #1801, #2110, .T. ) ;
#783 = VERTEX_POINT ( 'NONE', #298 ) ;
#784 = ORIENTED_EDGE ( 'NONE', *, *, #1032, .F. ) ;
#785 = EDGE_CURVE ( 'NONE', #651, #1391, #393, .T. ) ;
#786 = PLANE ( 'NONE',  #3118 ) ;
#787 = PLANE ( 'NONE',  #1113 ) ;
#788 = ORIENTED_EDGE ( 'NONE', *, *, #495, .F. ) ;
#789 = PLANE ( 'NONE',  #3089 ) ;
#790 = ORIENTED_EDGE ( 'NONE', *, *, #1593, .F. ) ;
#791 = VERTEX_POINT ( 'NONE', #2745 ) ;
#792 = AXIS2_PLACEMENT_3D ( 'NONE', #904, #2846, #1378 ) ;
#793 = ORIENTED_EDGE ( 'NONE', *, *, #469, .T. ) ;
#794 = CARTESIAN_POINT ( 'NONE',  ( -143.3197999999999865, 0.000000000000000000, 18.65745920200000185 ) ) ;
#795 = EDGE_CURVE ( 'NONE', #3082, #3122, #2522, .T. ) ;
#796 = ORIENTED_EDGE ( 'NONE', *, *, #668, .T. ) ;
#797 = CARTESIAN_POINT ( 'NONE',  ( -148.7126932209999666, 0.000000000000000000, 5.557459201999999543 ) ) ;
#798 = AXIS2_PLACEMENT_3D ( 'NONE', #89, #76, #2978 ) ;
#799 = CARTESIAN_POINT ( 'NONE',  ( 144.0198000000000036, 55.74066122100000342, 7.264565983999999865 ) ) ;
#800 = CARTESIAN_POINT ( 'NONE',  ( -117.2391931410000012, -0.8033887789999999418, 6.057459202000000431 ) ) ;
#801 = VECTOR ( 'NONE', #1516, 1000.000000000000114 ) ;
#802 = DIRECTION ( 'NONE',  ( 1.000000000000000000, 0.000000000000000000, 0.000000000000000000 ) ) ;
#803 = VECTOR ( 'NONE', #2790, 1000.000000000000000 ) ;
#804 = VECTOR ( 'NONE', #110, 1000.000000000000000 ) ;
#805 = DIRECTION ( 'NONE',  ( 0.000000000000000000, 0.000000000000000000, -1.000000000000000000 ) ) ;
#806 = VECTOR ( 'NONE', #2806, 1000.000000000000000 ) ;
#807 = PERSON_AND_ORGANIZATION ( #1915, #1569 ) ;
#808 = LINE ( 'NONE', #2799, #2327 ) ;
#809 = DIRECTION ( 'NONE',  ( -0.000000000000000000, -0.000000000000000000, -1.000000000000000000 ) ) ;
#810 = DIRECTION ( 'NONE',  ( -1.000000000000000000, 0.000000000000000000, 0.000000000000000000 ) ) ;
#811 = VECTOR ( 'NONE', #2935, 1000.000000000000000 ) ;
#812 = VECTOR ( 'NONE', #1327, 1000.000000000000000 ) ;
#813 = EDGE_CURVE ( 'NONE', #2292, #525, #1710, .T. ) ;
#814 = DIRECTION ( 'NONE',  ( 0.000000000000000000, 0.000000000000000000, -1.000000000000000000 ) ) ;
#815 = VECTOR ( 'NONE', #2587, 1000.000000000000000 ) ;
#816 = CARTESIAN_POINT ( 'NONE',  ( 143.9197999999999809, 0.000000000000000000, 5.757459202000000609 ) ) ;
#817 = EDGE_LOOP ( 'NONE', ( #674, #2350, #2800, #2153 ) ) ;
#818 = DIRECTION ( 'NONE',  ( 0.000000000000000000, -1.000000000000000000, 0.000000000000000000 ) ) ;
#819 = VECTOR ( 'NONE', #2366, 1000.000000000000000 ) ;
#820 = CARTESIAN_POINT ( 'NONE',  ( 144.5198000000000036, 0.000000000000000000, 24.25745920200000327 ) ) ;
#821 = VERTEX_POINT ( 'NONE', #62 ) ;
#822 = PLANE ( 'NONE',  #988 ) ;
#823 = DIRECTION ( 'NONE',  ( 0.000000000000000000, -1.000000000000000000, 0.000000000000000000 ) ) ;
#824 = VERTEX_POINT ( 'NONE', #1755 ) ;
#825 = ORIENTED_EDGE ( 'NONE', *, *, #956, .T. ) ;
#826 = EDGE_CURVE ( 'NONE', #239, #488, #586, .T. ) ;
#827 = ADVANCED_FACE ( 'NONE', ( #271 ), #2280, .F. ) ;
#828 = ORIENTED_EDGE ( 'NONE', *, *, #3145, .T. ) ;
#829 = EDGE_LOOP ( 'NONE', ( #2214, #1691, #1828, #2631 ) ) ;
#830 = DIRECTION ( 'NONE',  ( -0.7071067811865475727, 0.000000000000000000, 0.7071067811865475727 ) ) ;
#831 = DIRECTION ( 'NONE',  ( 0.000000000000000000, 0.000000000000000000, 1.000000000000000000 ) ) ;
#832 = CARTESIAN_POINT ( 'NONE',  ( 151.0198000000000036, 48.74066122100000342, 7.264565985000000836 ) ) ;
#833 = AXIS2_PLACEMENT_3D ( 'NONE', #594, #1345, #638 ) ;
#834 = ORIENTED_EDGE ( 'NONE', *, *, #916, .F. ) ;
#835 = PERSON_AND_ORGANIZATION_ROLE ( 'design_owner' ) ;
#836 = ORIENTED_EDGE ( 'NONE', *, *, #2831, .F. ) ;
#837 = DIRECTION ( 'NONE',  ( 0.000000000000000000, -0.7071067811865475727, 0.7071067811865475727 ) ) ;
#838 = DIRECTION ( 'NONE',  ( 0.000000000000000000, 1.000000000000000000, 0.000000000000000000 ) ) ;
#839 = DIRECTION ( 'NONE',  ( 1.000000000000000000, 0.000000000000000000, 0.000000000000000000 ) ) ;
#840 = CARTESIAN_POINT ( 'NONE',  ( -148.7126932180000267, 3.199999999999999734, 5.557459202000002207 ) ) ;
#841 = DIRECTION ( 'NONE',  ( 0.000000000000000000, 0.7071067811865474617, 0.7071067811865474617 ) ) ;
#842 = DIRECTION ( 'NONE',  ( 0.000000000000000000, 0.000000000000000000, -1.000000000000000000 ) ) ;
#843 = CARTESIAN_POINT ( 'NONE',  ( 5.255700000000000038, 52.74066122099999632, 22.65745920200000185 ) ) ;
#844 = EDGE_CURVE ( 'NONE', #2187, #1614, #2970, .T. ) ;
#845 = DIRECTION ( 'NONE',  ( 0.000000000000000000, 1.000000000000000000, 0.000000000000000000 ) ) ;
#846 = LINE ( 'NONE', #1994, #2136 ) ;
#847 = ORIENTED_EDGE ( 'NONE', *, *, #2814, .F. ) ;
#848 = ADVANCED_FACE ( 'NONE', ( #1793 ), #822, .F. ) ;
#849 = LINE ( 'NONE', #1068, #315 ) ;
#850 = ORIENTED_EDGE ( 'NONE', *, *, #1972, .F. ) ;
#851 = DIRECTION ( 'NONE',  ( 0.000000000000000000, 1.000000000000000000, 0.000000000000000000 ) ) ;
#852 = DIRECTION ( 'NONE',  ( 0.000000000000000000, 0.000000000000000000, 1.000000000000000000 ) ) ;
#853 = CONICAL_SURFACE ( 'NONE', #2252, 5.200000000000009948, 0.7853981625000003852 ) ;
#854 = LINE ( 'NONE', #2319, #1844 ) ;
#855 = DIRECTION ( 'NONE',  ( 0.000000000000000000, 1.000000000000000000, 0.000000000000000000 ) ) ;
#856 = CARTESIAN_POINT ( 'NONE',  ( 143.9197999999999809, 44.24066122100000342, 18.65745920200000185 ) ) ;
#857 = DIRECTION ( 'NONE',  ( 1.000000000000000000, 0.000000000000000000, 0.000000000000000000 ) ) ;
#858 = VECTOR ( 'NONE', #2991, 1000.000000000000000 ) ;
#859 = VECTOR ( 'NONE', #617, 1000.000000000000000 ) ;
#860 = DIRECTION ( 'NONE',  ( 0.000000000000000000, 0.000000000000000000, 1.000000000000000000 ) ) ;
#861 = EDGE_CURVE ( 'NONE', #1012, #2954, #2828, .T. ) ;
#862 = ORIENTED_EDGE ( 'NONE', *, *, #2167, .F. ) ;
#863 = CARTESIAN_POINT ( 'NONE',  ( -146.5198000000000036, 39.71863622099999702, 9.780352420999999907 ) ) ;
#864 = DIRECTION ( 'NONE',  ( -0.7071067811865475727, 0.000000000000000000, 0.7071067811865475727 ) ) ;
#865 = ORIENTED_EDGE ( 'NONE', *, *, #1735, .T. ) ;
#866 = CC_DESIGN_DATE_AND_TIME_ASSIGNMENT ( #544, #137, ( #1942 ) ) ;
#867 = ADVANCED_FACE ( 'NONE', ( #993 ), #2985, .F. ) ;
#868 = ORIENTED_EDGE ( 'NONE', *, *, #2246, .F. ) ;
#869 = DIRECTION ( 'NONE',  ( 0.5773502691896257311, 0.5773502691896257311, -0.5773502691896257311 ) ) ;
#870 = ORIENTED_EDGE ( 'NONE', *, *, #1298, .F. ) ;
#871 = PERSON_AND_ORGANIZATION_ROLE ( 'classification_officer' ) ;
#872 = ORIENTED_EDGE ( 'NONE', *, *, #66, .T. ) ;
#873 = DIRECTION ( 'NONE',  ( -1.000000000000000000, 0.000000000000000000, 0.000000000000000000 ) ) ;
#874 = ORIENTED_EDGE ( 'NONE', *, *, #577, .T. ) ;
#875 = DIRECTION ( 'NONE',  ( 0.000000000000000000, 1.000000000000000000, 0.000000000000000000 ) ) ;
#876 = ORIENTED_EDGE ( 'NONE', *, *, #2227, .T. ) ;
#877 = ORIENTED_EDGE ( 'NONE', *, *, #2633, .T. ) ;
#878 = EDGE_CURVE ( 'NONE', #2508, #2983, #849, .T. ) ;
#879 = ADVANCED_FACE ( 'NONE', ( #468 ), #959, .F. ) ;
#880 = PLANE ( 'NONE',  #2961 ) ;
#881 = VECTOR ( 'NONE', #1053, 1000.000000000000000 ) ;
#882 = CARTESIAN_POINT ( 'NONE',  ( 141.9198000000000093, 46.24066122099999632, 18.65745920200000185 ) ) ;
#883 = VECTOR ( 'NONE', #1117, 1000.000000000000000 ) ;
#884 = CARTESIAN_POINT ( 'NONE',  ( -116.0391931409999842, 55.74066122100000342, 18.95745920199999901 ) ) ;
#885 = EDGE_CURVE ( 'NONE', #1941, #599, #2442, .T. ) ;
#886 = VECTOR ( 'NONE', #1998, 1000.000000000000114 ) ;
#887 = CYLINDRICAL_SURFACE ( 'NONE', #3138, 2.000000000000001776 ) ;
#888 = EDGE_CURVE ( 'NONE', #565, #65, #1067, .T. ) ;
#889 = EDGE_CURVE ( 'NONE', #3046, #783, #545, .T. ) ;
#890 = COORDINATED_UNIVERSAL_TIME_OFFSET ( 8, 0, .AHEAD. ) ;
#891 = VECTOR ( 'NONE', #1496, 1000.000000000000114 ) ;
#892 = DIRECTION ( 'NONE',  ( 0.000000000000000000, -0.000000000000000000, 1.000000000000000000 ) ) ;
#893 = LINE ( 'NONE', #1724, #1227 ) ;
#894 = LINE ( 'NONE', #1513, #1188 ) ;
#895 = DIRECTION ( 'NONE',  ( 0.000000000000000000, 1.000000000000000000, 0.000000000000000000 ) ) ;
#896 = VECTOR ( 'NONE', #1968, 1000.000000000000000 ) ;
#897 = ORIENTED_EDGE ( 'NONE', *, *, #2030, .F. ) ;
#898 = LINE ( 'NONE', #1883, #743 ) ;
#899 = EDGE_LOOP ( 'NONE', ( #331, #136, #711, #3132 ) ) ;
#900 = ORIENTED_EDGE ( 'NONE', *, *, #1736, .T. ) ;
#901 = DIRECTION ( 'NONE',  ( 0.7071067811865474617, 0.000000000000000000, 0.7071067811865474617 ) ) ;
#902 = ORIENTED_EDGE ( 'NONE', *, *, #2770, .F. ) ;
#903 = ORIENTED_EDGE ( 'NONE', *, *, #998, .F. ) ;
#904 = CARTESIAN_POINT ( 'NONE',  ( 0.8000000000000000444, -2.003388778999999786, 18.45745920200000256 ) ) ;
#905 = EDGE_CURVE ( 'NONE', #2336, #2316, #3098, .T. ) ;
#906 = PRODUCT_DEFINITION_FORMATION_WITH_SPECIFIED_SOURCE ( '任何', '', #2396, .NOT_KNOWN. ) ;
#907 = DIRECTION ( 'NONE',  ( 0.000000000000000000, 0.000000000000000000, -1.000000000000000000 ) ) ;
#908 = DIRECTION ( 'NONE',  ( -0.000000000000000000, 1.000000000000000000, 0.000000000000000000 ) ) ;
#909 = ORIENTED_EDGE ( 'NONE', *, *, #1604, .T. ) ;
#910 = EDGE_LOOP ( 'NONE', ( #3124, #1239, #1359, #941 ) ) ;
#911 = ADVANCED_FACE ( 'NONE', ( #428 ), #135, .T. ) ;
#912 = AXIS2_PLACEMENT_3D ( 'NONE', #202, #2394, #1408 ) ;
#913 = ORIENTED_EDGE ( 'NONE', *, *, #323, .F. ) ;
#914 = CARTESIAN_POINT ( 'NONE',  ( 136.5099060519999625, 52.74066122099999632, 22.65745920200000185 ) ) ;
#915 = CARTESIAN_POINT ( 'NONE',  ( 144.5198000000000036, -2.003388778999999786, 24.25745920200000327 ) ) ;
#916 = EDGE_CURVE ( 'NONE', #1011, #410, #2862, .T. ) ;
#917 = LINE ( 'NONE', #1208, #2273 ) ;
#918 = LINE ( 'NONE', #104, #803 ) ;
#919 = CIRCLE ( 'NONE', #725, 0.4999999999999995559 ) ;
#920 = VERTEX_POINT ( 'NONE', #612 ) ;
#921 = PRODUCT_RELATED_PRODUCT_CATEGORY ( 'detail', '', ( #2396 ) ) ;
#922 = VECTOR ( 'NONE', #652, 1000.000000000000114 ) ;
#923 = PLANE ( 'NONE',  #1538 ) ;
#924 = ORIENTED_EDGE ( 'NONE', *, *, #1042, .T. ) ;
#925 = ADVANCED_FACE ( 'NONE', ( #2403 ), #378, .F. ) ;
#926 = LINE ( 'NONE', #2519, #1957 ) ;
#927 = VECTOR ( 'NONE', #641, 1000.000000000000000 ) ;
#928 = DIRECTION ( 'NONE',  ( 1.000000000000000000, 0.000000000000000000, 0.000000000000000000 ) ) ;
#929 = CIRCLE ( 'NONE', #361, 2.599999999999998312 ) ;
#930 = FACE_BOUND ( 'NONE', #2306, .T. ) ;
#931 = CARTESIAN_POINT ( 'NONE',  ( -116.0391931409999842, 55.74066122100000342, 10.76660615499999984 ) ) ;
#932 = ORIENTED_EDGE ( 'NONE', *, *, #2728, .T. ) ;
#933 = EDGE_CURVE ( 'NONE', #2464, #1790, #1381, .T. ) ;
#934 = CARTESIAN_POINT ( 'NONE',  ( 148.7697999999999752, 0.000000000000000000, 22.66750970500000051 ) ) ;
#935 = ORIENTED_EDGE ( 'NONE', *, *, #1763, .F. ) ;
#936 = ORIENTED_EDGE ( 'NONE', *, *, #1584, .T. ) ;
#937 = VERTEX_POINT ( 'NONE', #1834 ) ;
#938 = ORIENTED_EDGE ( 'NONE', *, *, #2565, .F. ) ;
#939 = CARTESIAN_POINT ( 'NONE',  ( 126.4299060519999927, 52.74066122099999632, 22.65745920200000185 ) ) ;
#940 = EDGE_CURVE ( 'NONE', #1211, #2840, #2750, .T. ) ;
#941 = ORIENTED_EDGE ( 'NONE', *, *, #1488, .F. ) ;
#942 = CARTESIAN_POINT ( 'NONE',  ( -117.3995505975621967, 53.64066122086809685, 5.557459202131909137 ) ) ;
#943 = CARTESIAN_POINT ( 'NONE',  ( 149.3126932179999926, 3.700000000000000178, 5.557459202000002207 ) ) ;
#944 = CARTESIAN_POINT ( 'NONE',  ( 0.2149999999999999967, 48.24066122100000342, 19.65745920200000185 ) ) ;
#945 = ORIENTED_EDGE ( 'NONE', *, *, #486, .T. ) ;
#946 = EDGE_CURVE ( 'NONE', #2056, #1457, #1523, .T. ) ;
#947 = DIRECTION ( 'NONE',  ( 0.7071067811865475727, 0.000000000000000000, -0.7071067811865475727 ) ) ;
#948 = ORIENTED_EDGE ( 'NONE', *, *, #878, .F. ) ;
#949 = AXIS2_PLACEMENT_3D ( 'NONE', #2473, #286, #2938 ) ;
#950 = AXIS2_PLACEMENT_3D ( 'NONE', #1831, #2826, #644 ) ;
#951 = DIRECTION ( 'NONE',  ( 0.000000000000000000, 0.000000000000000000, 1.000000000000000000 ) ) ;
#952 = CARTESIAN_POINT ( 'NONE',  ( 131.4699060519999989, 47.25256122100000056, 19.65745920200000185 ) ) ;
#953 = FACE_OUTER_BOUND ( 'NONE', #2341, .T. ) ;
#954 = VECTOR ( 'NONE', #2408, 1000.000000000000000 ) ;
#955 = CARTESIAN_POINT ( 'NONE',  ( -148.9248252529999945, 48.74066122100000342, 23.76248445499999917 ) ) ;
#956 = EDGE_CURVE ( 'NONE', #2336, #2311, #808, .T. ) ;
#957 = LINE ( 'NONE', #1252, #389 ) ;
#958 = LOCAL_TIME ( 10, 28, 14.00000000000000000, #1748 ) ;
#959 = CONICAL_SURFACE ( 'NONE', #2743, 5.200000000000009948, 0.7853981625000003852 ) ;
#960 = LINE ( 'NONE', #2233, #2407 ) ;
#961 = CARTESIAN_POINT ( 'NONE',  ( 144.5026427120000108, 16.79661122099999915, 5.557459201999999543 ) ) ;
#962 = CARTESIAN_POINT ( 'NONE',  ( -143.3197999999999865, 44.24066122100000342, 18.65745920200000185 ) ) ;
#963 = FACE_OUTER_BOUND ( 'NONE', #2656, .T. ) ;
#964 = CARTESIAN_POINT ( 'NONE',  ( -148.2698000000000036, 2.449293598294755841E-17, 22.66750970500000051 ) ) ;
#965 = ORIENTED_EDGE ( 'NONE', *, *, #1470, .T. ) ;
#966 = LINE ( 'NONE', #2595, #2904 ) ;
#967 = ORIENTED_EDGE ( 'NONE', *, *, #1240, .T. ) ;
#968 = ORIENTED_EDGE ( 'NONE', *, *, #1624, .F. ) ;
#969 = ORIENTED_EDGE ( 'NONE', *, *, #518, .T. ) ;
#970 = EDGE_CURVE ( 'NONE', #1127, #3106, #2600, .T. ) ;
#971 = ORIENTED_EDGE ( 'NONE', *, *, #2318, .T. ) ;
#972 = DIRECTION ( 'NONE',  ( 0.000000000000000000, 0.000000000000000000, -1.000000000000000000 ) ) ;
#973 = CARTESIAN_POINT ( 'NONE',  ( -146.5198000000000036, 10.41863622099999986, 10.77030191500000100 ) ) ;
#974 = ORIENTED_EDGE ( 'NONE', *, *, #2942, .F. ) ;
#975 = ORIENTED_EDGE ( 'NONE', *, *, #1420, .T. ) ;
#976 = DIRECTION ( 'NONE',  ( -0.000000000000000000, 1.000000000000000000, -0.000000000000000000 ) ) ;
#977 = ORIENTED_EDGE ( 'NONE', *, *, #2363, .T. ) ;
#978 = ORIENTED_EDGE ( 'NONE', *, *, #1404, .F. ) ;
#979 = DIRECTION ( 'NONE',  ( 0.000000000000000000, -0.7071067811865475727, -0.7071067811865475727 ) ) ;
#980 = DIRECTION ( 'NONE',  ( -0.7071067811865474617, 0.000000000000000000, -0.7071067811865474617 ) ) ;
#981 = ORIENTED_EDGE ( 'NONE', *, *, #2638, .F. ) ;
#982 = EDGE_CURVE ( 'NONE', #2626, #2849, #1602, .T. ) ;
#983 = DIRECTION ( 'NONE',  ( 0.000000000000000000, -0.7071067811865475727, -0.7071067811865475727 ) ) ;
#984 = DIRECTION ( 'NONE',  ( 0.000000000000000000, 1.000000000000000000, 0.000000000000000000 ) ) ;
#985 = VERTEX_POINT ( 'NONE', #2555 ) ;
#986 = DIRECTION ( 'NONE',  ( 1.000000000000000000, 0.000000000000000000, 0.000000000000000000 ) ) ;
#987 = VECTOR ( 'NONE', #2913, 1000.000000000000114 ) ;
#988 = AXIS2_PLACEMENT_3D ( 'NONE', #3005, #1294, #2049 ) ;
#989 = LINE ( 'NONE', #615, #1444 ) ;
#990 = FACE_OUTER_BOUND ( 'NONE', #1730, .T. ) ;
#991 = ORIENTED_EDGE ( 'NONE', *, *, #1583, .F. ) ;
#992 = DIRECTION ( 'NONE',  ( 0.000000000000000000, 0.000000000000000000, 1.000000000000000000 ) ) ;
#993 = FACE_OUTER_BOUND ( 'NONE', #1132, .T. ) ;
#994 = DIRECTION ( 'NONE',  ( 0.000000000000000000, -1.000000000000000000, 0.000000000000000000 ) ) ;
#995 = CIRCLE ( 'NONE', #697, 7.000000000000006217 ) ;
#996 = LINE ( 'NONE', #1539, #1640 ) ;
#997 = ADVANCED_FACE ( 'NONE', ( #83 ), #1342, .F. ) ;
#998 = EDGE_CURVE ( 'NONE', #821, #1028, #1875, .T. ) ;
#999 = FACE_OUTER_BOUND ( 'NONE', #2757, .T. ) ;
#1000 = ORIENTED_EDGE ( 'NONE', *, *, #2410, .F. ) ;
#1001 = CARTESIAN_POINT ( 'NONE',  ( -146.5198000000000036, 10.41863622099999986, 10.77030191500000100 ) ) ;
#1002 = LINE ( 'NONE', #408, #551 ) ;
#1003 = CARTESIAN_POINT ( 'NONE',  ( -150.4197999999999809, -6.938893903907228378E-15, 22.26750970799999862 ) ) ;
#1004 = VERTEX_POINT ( 'NONE', #1263 ) ;
#1005 = DIRECTION ( 'NONE',  ( 0.000000000000000000, 0.000000000000000000, -1.000000000000000000 ) ) ;
#1006 = ORIENTED_EDGE ( 'NONE', *, *, #3145, .F. ) ;
#1007 = AXIS2_PLACEMENT_3D ( 'NONE', #435, #3128, #3142 ) ;
#1008 = CARTESIAN_POINT ( 'NONE',  ( -141.3197999999999865, 44.24066122100000342, 18.65745920200000185 ) ) ;
#1009 = ORIENTED_EDGE ( 'NONE', *, *, #2887, .T. ) ;
#1010 = DIRECTION ( 'NONE',  ( 1.000000000000000000, 0.000000000000000000, 0.000000000000000000 ) ) ;
#1011 = VERTEX_POINT ( 'NONE', #738 ) ;
#1012 = VERTEX_POINT ( 'NONE', #2447 ) ;
#1013 = ORIENTED_EDGE ( 'NONE', *, *, #3040, .F. ) ;
#1014 = DIRECTION ( 'NONE',  ( 0.000000000000000000, 1.000000000000000000, 0.000000000000000000 ) ) ;
#1015 = EDGE_CURVE ( 'NONE', #2983, #481, #226, .T. ) ;
#1016 = ORIENTED_EDGE ( 'NONE', *, *, #2318, .F. ) ;
#1017 = ORIENTED_EDGE ( 'NONE', *, *, #1196, .F. ) ;
#1018 = DIRECTION ( 'NONE',  ( 1.000000000000000000, 0.000000000000000000, 0.000000000000000000 ) ) ;
#1019 = CARTESIAN_POINT ( 'NONE',  ( 141.7198000000000206, 48.44066122099999916, 18.95745920199999901 ) ) ;
#1020 = DIRECTION ( 'NONE',  ( 0.000000000000000000, 0.000000000000000000, 1.000000000000000000 ) ) ;
#1021 = ORIENTED_EDGE ( 'NONE', *, *, #446, .T. ) ;
#1022 = CC_DESIGN_PERSON_AND_ORGANIZATION_ASSIGNMENT ( #807, #1102, ( #906 ) ) ;
#1023 = DIRECTION ( 'NONE',  ( 0.000000000000000000, 0.000000000000000000, -1.000000000000000000 ) ) ;
#1024 = ORIENTED_EDGE ( 'NONE', *, *, #1404, .T. ) ;
#1025 = DIRECTION ( 'NONE',  ( 1.000000000000000000, 0.000000000000000000, 0.000000000000000000 ) ) ;
#1026 = PLANE ( 'NONE',  #2654 ) ;
#1027 = VECTOR ( 'NONE', #760, 1000.000000000000000 ) ;
#1028 = VERTEX_POINT ( 'NONE', #2696 ) ;
#1029 = CARTESIAN_POINT ( 'NONE',  ( 146.9197999999999809, 16.79661122099999915, 5.557459201999999543 ) ) ;
#1030 = ADVANCED_FACE ( 'NONE', ( #1450 ), #2928, .T. ) ;
#1031 = LINE ( 'NONE', #2860, #582 ) ;
#1032 = EDGE_CURVE ( 'NONE', #142, #1353, #159, .T. ) ;
#1033 = CARTESIAN_POINT ( 'NONE',  ( -131.8391931410000097, 55.74066122100000342, 10.76660615499999984 ) ) ;
#1034 = LINE ( 'NONE', #1863, #922 ) ;
#1035 = VECTOR ( 'NONE', #1025, 1000.000000000000000 ) ;
#1036 = FACE_OUTER_BOUND ( 'NONE', #1902, .T. ) ;
#1037 = DIRECTION ( 'NONE',  ( 0.000000000000000000, 0.000000000000000000, -1.000000000000000000 ) ) ;
#1038 = CARTESIAN_POINT ( 'NONE',  ( -143.7369572879999851, 10.41863622199999995, 7.987459202000001035 ) ) ;
#1039 = EDGE_CURVE ( 'NONE', #3037, #462, #1566, .T. ) ;
#1040 = ORIENTED_EDGE ( 'NONE', *, *, #3059, .F. ) ;
#1041 = VECTOR ( 'NONE', #1649, 1000.000000000000000 ) ;
#1042 = EDGE_CURVE ( 'NONE', #1758, #2840, #1750, .T. ) ;
#1043 = ORIENTED_EDGE ( 'NONE', *, *, #2988, .T. ) ;
#1044 = EDGE_CURVE ( 'NONE', #1790, #2682, #659, .T. ) ;
#1045 = ORIENTED_EDGE ( 'NONE', *, *, #2223, .T. ) ;
#1046 = ORIENTED_EDGE ( 'NONE', *, *, #2942, .T. ) ;
#1047 = DIRECTION ( 'NONE',  ( 0.000000000000000000, -1.000000000000000000, 0.000000000000000000 ) ) ;
#1048 = ORIENTED_EDGE ( 'NONE', *, *, #639, .T. ) ;
#1049 = AXIS2_PLACEMENT_3D ( 'NONE', #474, #2160, #709 ) ;
#1050 = CARTESIAN_POINT ( 'NONE',  ( 5.255700000000000038, 52.74066122099999632, 19.65745920200000185 ) ) ;
#1051 = ORIENTED_EDGE ( 'NONE', *, *, #6, .T. ) ;
#1052 = EDGE_LOOP ( 'NONE', ( #2225, #592, #945, #1654 ) ) ;
#1053 = DIRECTION ( 'NONE',  ( -1.000000000000000000, 0.000000000000000000, 0.000000000000000000 ) ) ;
#1054 = ORIENTED_EDGE ( 'NONE', *, *, #2302, .F. ) ;
#1055 = CARTESIAN_POINT ( 'NONE',  ( 0.8000000000000000444, 0.000000000000000000, 18.45745920200000256 ) ) ;
#1056 = CARTESIAN_POINT ( 'NONE',  ( -72.80989999999999895, 53.44066122100000626, 5.757459202000000609 ) ) ;
#1057 = EDGE_CURVE ( 'NONE', #783, #2360, #1910, .T. ) ;
#1058 = DIRECTION ( 'NONE',  ( 1.000000000000000000, 0.000000000000000000, 0.000000000000000000 ) ) ;
#1059 = VECTOR ( 'NONE', #980, 1000.000000000000114 ) ;
#1060 = CARTESIAN_POINT ( 'NONE',  ( -149.9248252529999945, 28.86863622099999915, 22.76248445500000273 ) ) ;
#1061 = LINE ( 'NONE', #1619, #1517 ) ;
#1062 = CARTESIAN_POINT ( 'NONE',  ( -130.2391931410000154, 53.44066122100000626, 5.757459202000000609 ) ) ;
#1063 = LINE ( 'NONE', #1778, #424 ) ;
#1064 = AXIS2_PLACEMENT_3D ( 'NONE', #1447, #3160, #1184 ) ;
#1065 = ORIENTED_EDGE ( 'NONE', *, *, #722, .T. ) ;
#1066 = CARTESIAN_POINT ( 'NONE',  ( -143.7369572879999851, 39.01863621999999765, 7.987459202000001035 ) ) ;
#1067 = LINE ( 'NONE', #2734, #352 ) ;
#1068 = CARTESIAN_POINT ( 'NONE',  ( -146.5198000000000036, 3.200000000000001510, 5.757459202000000609 ) ) ;
#1069 = APPROVAL_STATUS ( 'not_yet_approved' ) ;
#1070 = LINE ( 'NONE', #246, #811 ) ;
#1071 = LINE ( 'NONE', #130, #2931 ) ;
#1072 = EDGE_CURVE ( 'NONE', #65, #251, #1412, .T. ) ;
#1073 = LINE ( 'NONE', #2224, #700 ) ;
#1074 = CARTESIAN_POINT ( 'NONE',  ( 146.5198000000000036, 16.99661122099999844, 18.45745920200000256 ) ) ;
#1075 = DIRECTION ( 'NONE',  ( -0.7071067811865474617, 0.000000000000000000, 0.7071067811865474617 ) ) ;
#1076 = ORIENTED_EDGE ( 'NONE', *, *, #385, .T. ) ;
#1077 = LINE ( 'NONE', #2152, #1041 ) ;
#1078 = PLANE ( 'NONE',  #2980 ) ;
#1079 = ORIENTED_EDGE ( 'NONE', *, *, #2698, .F. ) ;
#1080 = DIRECTION ( 'NONE',  ( 0.000000000000000000, -1.000000000000000000, 0.000000000000000000 ) ) ;
#1081 = VERTEX_POINT ( 'NONE', #1233 ) ;
#1082 = CARTESIAN_POINT ( 'NONE',  ( -74.80989999999999895, 55.74066122100000342, 14.96660615500000091 ) ) ;
#1083 = ORIENTED_EDGE ( 'NONE', *, *, #885, .T. ) ;
#1084 = ORIENTED_EDGE ( 'NONE', *, *, #1362, .T. ) ;
#1085 = ORIENTED_EDGE ( 'NONE', *, *, #1591, .T. ) ;
#1086 = ORIENTED_EDGE ( 'NONE', *, *, #1528, .T. ) ;
#1087 = CARTESIAN_POINT ( 'NONE',  ( -0.05000000000000000278, 0.000000000000000000, 5.557459201999999543 ) ) ;
#1088 = DIRECTION ( 'NONE',  ( 0.000000000000000000, 0.000000000000000000, 1.000000000000000000 ) ) ;
#1089 = DIRECTION ( 'NONE',  ( 1.000000000000000000, 0.000000000000000000, 0.000000000000000000 ) ) ;
#1090 = ORIENTED_EDGE ( 'NONE', *, *, #2633, .F. ) ;
#1091 = DIRECTION ( 'NONE',  ( -0.7071067811865475727, 0.7071067811865475727, 0.000000000000000000 ) ) ;
#1092 = EDGE_CURVE ( 'NONE', #368, #1279, #957, .T. ) ;
#1093 = CARTESIAN_POINT ( 'NONE',  ( 146.7198000000000206, 16.99661122099999844, 18.25745920199999972 ) ) ;
#1094 = ADVANCED_FACE ( 'NONE', ( #117 ), #2164, .T. ) ;
#1095 = CARTESIAN_POINT ( 'NONE',  ( 148.7697999999999752, 0.000000000000000000, 28.66483049266259897 ) ) ;
#1096 = DIRECTION ( 'NONE',  ( 0.000000000000000000, 0.000000000000000000, -1.000000000000000000 ) ) ;
#1097 = CARTESIAN_POINT ( 'NONE',  ( -149.0662466089999896, 1.600000000000000089, 5.911012592999999704 ) ) ;
#1098 = CARTESIAN_POINT ( 'NONE',  ( 151.0198000000000036, 0.000000000000000000, 7.264565985000000836 ) ) ;
#1099 = EDGE_CURVE ( 'NONE', #236, #239, #1840, .T. ) ;
#1100 = CARTESIAN_POINT ( 'NONE',  ( -146.5198000000000036, 0.000000000000000000, 18.25745920199999972 ) ) ;
#1101 = CARTESIAN_POINT ( 'NONE',  ( 149.3126932190000105, 48.74066122199999995, 5.557459201999999543 ) ) ;
#1102 = PERSON_AND_ORGANIZATION_ROLE ( 'design_supplier' ) ;
#1103 = VECTOR ( 'NONE', #1733, 1000.000000000000000 ) ;
#1104 = EDGE_CURVE ( 'NONE', #3035, #165, #2517, .T. ) ;
#1105 = ORIENTED_EDGE ( 'NONE', *, *, #2892, .F. ) ;
#1106 = LINE ( 'NONE', #2303, #2746 ) ;
#1107 = DIRECTION ( 'NONE',  ( 1.000000000000000000, 0.000000000000000000, 0.000000000000000000 ) ) ;
#1108 = CARTESIAN_POINT ( 'NONE',  ( 149.3126932190000105, 48.74066122199999995, 5.557459201999999543 ) ) ;
#1109 = DIRECTION ( 'NONE',  ( 0.000000000000000000, 0.000000000000000000, 1.000000000000000000 ) ) ;
#1110 = APPROVAL_DATE_TIME ( #2236, #2323 ) ;
#1111 = AXIS2_PLACEMENT_3D ( 'NONE', #2170, #1939, #984 ) ;
#1112 = VECTOR ( 'NONE', #2567, 1000.000000000000114 ) ;
#1113 = AXIS2_PLACEMENT_3D ( 'NONE', #1732, #983, #2489 ) ;
#1114 = DIRECTION ( 'NONE',  ( 0.000000000000000000, 0.000000000000000000, -1.000000000000000000 ) ) ;
#1115 = LINE ( 'NONE', #1764, #3021 ) ;
#1116 = FACE_OUTER_BOUND ( 'NONE', #317, .T. ) ;
#1117 = DIRECTION ( 'NONE',  ( 0.000000000000000000, 0.000000000000000000, 1.000000000000000000 ) ) ;
#1118 = EDGE_CURVE ( 'NONE', #1028, #1504, #2823, .T. ) ;
#1119 = VERTEX_POINT ( 'NONE', #1715 ) ;
#1120 = VECTOR ( 'NONE', #2122, 1000.000000000000000 ) ;
#1121 = CARTESIAN_POINT ( 'NONE',  ( -117.5962820649999969, 54.18357229699999777, 5.707477059999999547 ) ) ;
#1122 = CARTESIAN_POINT ( 'NONE',  ( -146.5198000000000036, 39.21863622099999702, 7.987459202000001035 ) ) ;
#1123 = EDGE_LOOP ( 'NONE', ( #373, #102, #3154, #3041, #2883, #2171, #1976, #1498 ) ) ;
#1124 = APPROVAL ( #1835, '未指定' ) ;
#1125 = ORIENTED_EDGE ( 'NONE', *, *, #1869, .F. ) ;
#1126 = CARTESIAN_POINT ( 'NONE',  ( 148.7697999999999752, 1.850000000000000089, 28.66483049266259897 ) ) ;
#1127 = VERTEX_POINT ( 'NONE', #1483 ) ;
#1128 = EDGE_LOOP ( 'NONE', ( #1651, #936, #1283, #2093, #1045 ) ) ;
#1129 = ORIENTED_EDGE ( 'NONE', *, *, #2842, .T. ) ;
#1130 = CARTESIAN_POINT ( 'NONE',  ( -141.3197999999999865, 46.24066122099999632, 18.65745920200000185 ) ) ;
#1131 = ORIENTED_EDGE ( 'NONE', *, *, #2390, .T. ) ;
#1132 = EDGE_LOOP ( 'NONE', ( #529, #3014, #751, #2008, #330, #1741, #1320, #1024, #1330, #1275, #90, #1086 ) ) ;
#1133 = AXIS2_PLACEMENT_3D ( 'NONE', #2648, #1895, #1186 ) ;
#1134 = CARTESIAN_POINT ( 'NONE',  ( 145.3697999999999979, 3.700000000000000622, 28.66483049266259897 ) ) ;
#1135 = ORIENTED_EDGE ( 'NONE', *, *, #889, .T. ) ;
#1136 = EDGE_LOOP ( 'NONE', ( #2815, #1859, #2811, #2338 ) ) ;
#1137 = DIRECTION ( 'NONE',  ( 1.000000000000000000, 0.000000000000000000, 0.000000000000000000 ) ) ;
#1138 = VERTEX_POINT ( 'NONE', #2714 ) ;
#1139 = EDGE_CURVE ( 'NONE', #1394, #479, #2068, .T. ) ;
#1140 = DIRECTION ( 'NONE',  ( 0.000000000000000000, 1.000000000000000000, 0.000000000000000000 ) ) ;
#1141 = CARTESIAN_POINT ( 'NONE',  ( -146.5198000000000036, 39.71863622099999702, 8.487459202000001923 ) ) ;
#1142 = VECTOR ( 'NONE', #3001, 1000.000000000000114 ) ;
#1143 = CARTESIAN_POINT ( 'NONE',  ( -143.3197999999999865, -29.19743877900000228, 18.65745920200000185 ) ) ;
#1144 = LINE ( 'NONE', #882, #1599 ) ;
#1145 = CARTESIAN_POINT ( 'NONE',  ( 144.1197999999999979, 0.000000000000000000, 5.557459201999999543 ) ) ;
#1146 = ADVANCED_FACE ( 'NONE', ( #223 ), #1987, .F. ) ;
#1147 = LINE ( 'NONE', #1171, #804 ) ;
#1148 = VECTOR ( 'NONE', #1568, 1000.000000000000000 ) ;
#1149 = FACE_OUTER_BOUND ( 'NONE', #32, .T. ) ;
#1150 = EDGE_CURVE ( 'NONE', #2695, #2875, #1993, .T. ) ;
#1151 = VECTOR ( 'NONE', #2305, 1000.000000000000000 ) ;
#1152 = ORIENTED_EDGE ( 'NONE', *, *, #1434, .F. ) ;
#1153 = FACE_OUTER_BOUND ( 'NONE', #1623, .T. ) ;
#1154 = LINE ( 'NONE', #105, #275 ) ;
#1155 = CARTESIAN_POINT ( 'NONE',  ( 149.0298505060000025, 0.000000000000000000, 24.25745920200000327 ) ) ;
#1156 = AXIS2_PLACEMENT_3D ( 'NONE', #272, #1480, #2946 ) ;
#1157 = ORIENTED_EDGE ( 'NONE', *, *, #772, .T. ) ;
#1158 = LINE ( 'NONE', #744, #513 ) ;
#1159 = AXIS2_PLACEMENT_3D ( 'NONE', #2725, #2474, #2241 ) ;
#1160 = ORIENTED_EDGE ( 'NONE', *, *, #1744, .T. ) ;
#1161 = LINE ( 'NONE', #3056, #2043 ) ;
#1162 = VERTEX_POINT ( 'NONE', #2377 ) ;
#1163 = ADVANCED_FACE ( 'NONE', ( #1221 ), #1519, .T. ) ;
#1164 = ORIENTED_EDGE ( 'NONE', *, *, #2842, .F. ) ;
#1165 = ORIENTED_EDGE ( 'NONE', *, *, #2177, .T. ) ;
#1166 = EDGE_CURVE ( 'NONE', #1725, #603, #1106, .T. ) ;
#1167 = ORIENTED_EDGE ( 'NONE', *, *, #2854, .F. ) ;
#1168 = CARTESIAN_POINT ( 'NONE',  ( -145.2269067809999967, 39.71863622099999702, 8.487459202000001923 ) ) ;
#1169 = EDGE_LOOP ( 'NONE', ( #686, #58, #3031, #2307 ) ) ;
#1170 = ORIENTED_EDGE ( 'NONE', *, *, #216, .F. ) ;
#1171 = CARTESIAN_POINT ( 'NONE',  ( 136.5099060519999625, 52.74066122099999632, 19.65745920200000185 ) ) ;
#1172 = ORIENTED_EDGE ( 'NONE', *, *, #1224, .F. ) ;
#1173 = VERTEX_POINT ( 'NONE', #2554 ) ;
#1174 = ORIENTED_EDGE ( 'NONE', *, *, #1646, .F. ) ;
#1175 = DIRECTION ( 'NONE',  ( 0.000000000000000000, -1.000000000000000000, 0.000000000000000000 ) ) ;
#1176 = PLANE ( 'NONE',  #1903 ) ;
#1177 = DIRECTION ( 'NONE',  ( -0.7071067792931390317, 0.000000000000000000, -0.7071067830799560028 ) ) ;
#1178 = EDGE_CURVE ( 'NONE', #254, #1758, #1031, .T. ) ;
#1179 = VECTOR ( 'NONE', #530, 1000.000000000000114 ) ;
#1180 = ORIENTED_EDGE ( 'NONE', *, *, #1166, .T. ) ;
#1181 = APPROVAL ( #1069, '未指定' ) ;
#1182 = DIRECTION ( 'NONE',  ( -2.710505431213777355E-16, -1.000000000000000000, 0.000000000000000000 ) ) ;
#1183 = VECTOR ( 'NONE', #33, 1000.000000000000000 ) ;
#1184 = DIRECTION ( 'NONE',  ( 0.000000000000000000, 0.000000000000000000, 1.000000000000000000 ) ) ;
#1185 = PLANE ( 'NONE',  #343 ) ;
#1186 = DIRECTION ( 'NONE',  ( 1.000000000000000000, 0.000000000000000000, -0.000000000000000000 ) ) ;
#1187 = CIRCLE ( 'NONE', #2971, 6.999999999999999112 ) ;
#1188 = VECTOR ( 'NONE', #1484, 1000.000000000000000 ) ;
#1189 = CARTESIAN_POINT ( 'NONE',  ( 146.5198000000000036, -2.003388778999999786, 18.45745920200000256 ) ) ;
#1190 = LINE ( 'NONE', #1804, #2144 ) ;
#1191 = LINE ( 'NONE', #1466, #1269 ) ;
#1192 = CARTESIAN_POINT ( 'NONE',  ( -141.5198000000000036, 53.44066122100000626, 5.757459202000000609 ) ) ;
#1193 = ORIENTED_EDGE ( 'NONE', *, *, #1178, .F. ) ;
#1194 = DIRECTION ( 'NONE',  ( 1.000000000000000000, 0.000000000000000000, 0.000000000000000000 ) ) ;
#1195 = DIRECTION ( 'NONE',  ( 0.000000000000000000, 0.000000000000000000, -1.000000000000000000 ) ) ;
#1196 = EDGE_CURVE ( 'NONE', #2451, #2187, #2558, .T. ) ;
#1197 = VECTOR ( 'NONE', #852, 1000.000000000000000 ) ;
#1198 = ORIENTED_EDGE ( 'NONE', *, *, #1212, .F. ) ;
#1199 = EDGE_LOOP ( 'NONE', ( #2193, #2762, #938, #897 ) ) ;
#1200 = DIRECTION ( 'NONE',  ( 0.000000000000000000, 1.000000000000000000, 0.000000000000000000 ) ) ;
#1201 = ORIENTED_EDGE ( 'NONE', *, *, #785, .T. ) ;
#1202 = VERTEX_POINT ( 'NONE', #2850 ) ;
#1203 = ORIENTED_EDGE ( 'NONE', *, *, #1681, .F. ) ;
#1204 = DIRECTION ( 'NONE',  ( 0.000000000000000000, 0.000000000000000000, 1.000000000000000000 ) ) ;
#1205 = ORIENTED_EDGE ( 'NONE', *, *, #2831, .T. ) ;
#1206 = EDGE_CURVE ( 'NONE', #2840, #410, #2888, .T. ) ;
#1207 = ORIENTED_EDGE ( 'NONE', *, *, #682, .F. ) ;
#1208 = CARTESIAN_POINT ( 'NONE',  ( -0.05000000000000000278, 0.000000000000000000, 5.557459201999999543 ) ) ;
#1209 = PLANE ( 'NONE',  #1049 ) ;
#1210 = ADVANCED_FACE ( 'NONE', ( #77 ), #438, .F. ) ;
#1211 = VERTEX_POINT ( 'NONE', #1887 ) ;
#1212 = EDGE_CURVE ( 'NONE', #758, #1162, #1745, .T. ) ;
#1213 = EDGE_CURVE ( 'NONE', #1173, #1011, #622, .T. ) ;
#1214 = CARTESIAN_POINT ( 'NONE',  ( -143.4197999999999809, 48.74066122100000342, 5.557459200000000266 ) ) ;
#1215 = ORIENTED_EDGE ( 'NONE', *, *, #369, .T. ) ;
#1216 = AXIS2_PLACEMENT_3D ( 'NONE', #1595, #1841, #1616 ) ;
#1217 = DIRECTION ( 'NONE',  ( 0.000000000000000000, -1.000000000000000000, 0.000000000000000000 ) ) ;
#1218 = VECTOR ( 'NONE', #1429, 1000.000000000000000 ) ;
#1219 = LINE ( 'NONE', #2351, #2515 ) ;
#1220 = CARTESIAN_POINT ( 'NONE',  ( -120.2391931410000012, 53.44066122100000626, 13.26660615500000162 ) ) ;
#1221 = FACE_OUTER_BOUND ( 'NONE', #910, .T. ) ;
#1222 = VECTOR ( 'NONE', #1075, 1000.000000000000114 ) ;
#1223 = VECTOR ( 'NONE', #1195, 1000.000000000000000 ) ;
#1224 = EDGE_CURVE ( 'NONE', #1862, #517, #1789, .T. ) ;
#1225 = VECTOR ( 'NONE', #2239, 1000.000000000000000 ) ;
#1226 = CARTESIAN_POINT ( 'NONE',  ( -127.6391931410000069, 55.74066122100000342, 10.76660615499999984 ) ) ;
#1227 = VECTOR ( 'NONE', #1995, 1000.000000000000000 ) ;
#1228 = VECTOR ( 'NONE', #781, 1000.000000000000000 ) ;
#1229 = VECTOR ( 'NONE', #1788, 1000.000000000000000 ) ;
#1230 = DIRECTION ( 'NONE',  ( 0.000000000000000000, 0.000000000000000000, -1.000000000000000000 ) ) ;
#1231 = VERTEX_POINT ( 'NONE', #184 ) ;
#1232 = LINE ( 'NONE', #3090, #2532 ) ;
#1233 = CARTESIAN_POINT ( 'NONE',  ( -144.0198000000000036, 10.21863622100000057, 7.987459202000001035 ) ) ;
#1234 = ORIENTED_EDGE ( 'NONE', *, *, #1784, .F. ) ;
#1235 = CARTESIAN_POINT ( 'NONE',  ( 141.9198000000000093, 46.24066122099999632, 18.65745920200000185 ) ) ;
#1236 = EDGE_LOOP ( 'NONE', ( #2760, #1776, #2689, #1152 ) ) ;
#1237 = CARTESIAN_POINT ( 'NONE',  ( 146.5198000000000036, 48.44066122099999916, 18.45745920200000256 ) ) ;
#1238 = ADVANCED_FACE ( 'NONE', ( #3093 ), #426, .F. ) ;
#1239 = ORIENTED_EDGE ( 'NONE', *, *, #2952, .F. ) ;
#1240 = EDGE_CURVE ( 'NONE', #821, #2907, #1147, .T. ) ;
#1241 = PLANE ( 'NONE',  #1156 ) ;
#1242 = PLANE ( 'NONE',  #1405 ) ;
#1243 = ORIENTED_EDGE ( 'NONE', *, *, #2192, .F. ) ;
#1244 = EDGE_LOOP ( 'NONE', ( #1540, #1180, #327, #2017 ) ) ;
#1245 = AXIS2_PLACEMENT_3D ( 'NONE', #3000, #79, #2968 ) ;
#1246 = CARTESIAN_POINT ( 'NONE',  ( 148.7697999999999752, 1.850000000000000089, 5.557459201999999543 ) ) ;
#1247 = CARTESIAN_POINT ( 'NONE',  ( -150.4197999999999809, 0.000000000000000000, 18.95745920199999901 ) ) ;
#1248 = EDGE_LOOP ( 'NONE', ( #55, #400, #558, #2137 ) ) ;
#1249 = PLANE ( 'NONE',  #3094 ) ;
#1250 = ORIENTED_EDGE ( 'NONE', *, *, #6, .F. ) ;
#1251 = CARTESIAN_POINT ( 'NONE',  ( -148.2698000000000036, 1.600000000000000089, 27.09770821127732177 ) ) ;
#1252 = CARTESIAN_POINT ( 'NONE',  ( 146.1697999999999809, 3.061616997868373280E-16, 28.66483049266259897 ) ) ;
#1253 = EDGE_CURVE ( 'NONE', #2577, #599, #771, .T. ) ;
#1254 = LINE ( 'NONE', #2749, #881 ) ;
#1255 = CARTESIAN_POINT ( 'NONE',  ( 144.4197999999999809, 16.99661122099999844, 5.757459202000000609 ) ) ;
#1256 = FACE_OUTER_BOUND ( 'NONE', #291, .T. ) ;
#1257 = CARTESIAN_POINT ( 'NONE',  ( -141.5198000000000036, 53.44066122100000626, 5.757459202000000609 ) ) ;
#1258 = VECTOR ( 'NONE', #2201, 1000.000000000000000 ) ;
#1259 = DIRECTION ( 'NONE',  ( -0.7071067811865475727, 0.000000000000000000, -0.7071067811865475727 ) ) ;
#1260 = CARTESIAN_POINT ( 'NONE',  ( 148.7697999999999752, 1.850000000000000089, 22.66750970500000051 ) ) ;
#1261 = LINE ( 'NONE', #2722, #85 ) ;
#1262 = LINE ( 'NONE', #287, #2073 ) ;
#1263 = CARTESIAN_POINT ( 'NONE',  ( -143.5198000000000036, 44.24066122100000342, 18.45745920200000256 ) ) ;
#1264 = EDGE_CURVE ( 'NONE', #377, #1467, #3134, .T. ) ;
#1265 = LINE ( 'NONE', #2994, #547 ) ;
#1266 = EDGE_CURVE ( 'NONE', #2787, #146, #498, .T. ) ;
#1267 = EDGE_CURVE ( 'NONE', #2397, #2538, #1600, .T. ) ;
#1268 = CARTESIAN_POINT ( 'NONE',  ( 149.5697999999999865, 1.850000000000000089, 28.66483049266259897 ) ) ;
#1269 = VECTOR ( 'NONE', #2450, 1000.000000000000000 ) ;
#1270 = DIRECTION ( 'NONE',  ( 0.000000000000000000, -0.7071067811865474617, -0.7071067811865474617 ) ) ;
#1271 = ORIENTED_EDGE ( 'NONE', *, *, #1224, .T. ) ;
#1272 = DIRECTION ( 'NONE',  ( -0.7071067811865475727, 0.000000000000000000, -0.7071067811865475727 ) ) ;
#1273 = VECTOR ( 'NONE', #1580, 1000.000000000000000 ) ;
#1274 = EDGE_LOOP ( 'NONE', ( #2581, #449, #2184, #2298 ) ) ;
#1275 = ORIENTED_EDGE ( 'NONE', *, *, #220, .T. ) ;
#1276 = DIRECTION ( 'NONE',  ( -0.7071067811865474617, 0.000000000000000000, -0.7071067811865474617 ) ) ;
#1277 = AXIS2_PLACEMENT_3D ( 'NONE', #2166, #1866, #1655 ) ;
#1278 = CARTESIAN_POINT ( 'NONE',  ( 146.7198000000000206, 48.44066122099999916, 5.757459202000000609 ) ) ;
#1279 = VERTEX_POINT ( 'NONE', #489 ) ;
#1280 = VERTEX_POINT ( 'NONE', #1949 ) ;
#1281 = VERTEX_POINT ( 'NONE', #2179 ) ;
#1282 = EDGE_CURVE ( 'NONE', #1967, #2370, #3057, .T. ) ;
#1283 = ORIENTED_EDGE ( 'NONE', *, *, #1331, .F. ) ;
#1284 = EDGE_LOOP ( 'NONE', ( #1131, #519, #1854, #2050 ) ) ;
#1285 = CARTESIAN_POINT ( 'NONE',  ( -141.5198000000000036, 53.24066122099999632, 18.45745920200000256 ) ) ;
#1286 = ADVANCED_FACE ( 'NONE', ( #2709 ), #2027, .T. ) ;
#1287 = CARTESIAN_POINT ( 'NONE',  ( -127.6391931410000069, 54.04066122100000058, 13.26660615500000162 ) ) ;
#1288 = ORIENTED_EDGE ( 'NONE', *, *, #613, .F. ) ;
#1289 = CARTESIAN_POINT ( 'NONE',  ( 149.5697999999999865, 3.700000000000000178, 5.814565983999982812 ) ) ;
#1290 = CARTESIAN_POINT ( 'NONE',  ( 126.4299060519999927, 46.24066122099999632, 22.65745920200000185 ) ) ;
#1291 = AXIS2_PLACEMENT_3D ( 'NONE', #2836, #1853, #1377 ) ;
#1292 = LINE ( 'NONE', #101, #1870 ) ;
#1293 = VECTOR ( 'NONE', #2802, 1000.000000000000000 ) ;
#1294 = DIRECTION ( 'NONE',  ( -1.000000000000000000, 0.000000000000000000, 0.000000000000000000 ) ) ;
#1295 = CARTESIAN_POINT ( 'NONE',  ( -148.4298505059999798, 0.000000000000000000, 24.25745920200000327 ) ) ;
#1296 = LINE ( 'NONE', #2668, #151 ) ;
#1297 = ORIENTED_EDGE ( 'NONE', *, *, #220, .F. ) ;
#1298 = EDGE_CURVE ( 'NONE', #1941, #146, #2484, .T. ) ;
#1299 = CIRCLE ( 'NONE', #2687, 2.000000000000001776 ) ;
#1300 = COORDINATED_UNIVERSAL_TIME_OFFSET ( 8, 0, .AHEAD. ) ;
#1301 = FACE_OUTER_BOUND ( 'NONE', #1592, .T. ) ;
#1302 = CARTESIAN_POINT ( 'NONE',  ( 141.7198000000000206, 48.44066122099999916, 5.557459201999999543 ) ) ;
#1303 = FACE_BOUND ( 'NONE', #1358, .T. ) ;
#1304 = VECTOR ( 'NONE', #2312, 1000.000000000000000 ) ;
#1305 = CARTESIAN_POINT ( 'NONE',  ( -120.2391931410000012, 55.74066122100000342, 10.76660615499999984 ) ) ;
#1306 = DIRECTION ( 'NONE',  ( 1.000000000000000000, 0.000000000000000000, 0.000000000000000000 ) ) ;
#1307 = FACE_OUTER_BOUND ( 'NONE', #1410, .T. ) ;
#1308 = DIRECTION ( 'NONE',  ( 0.7071067811865474617, 0.000000000000000000, 0.7071067811865474617 ) ) ;
#1309 = PLANE ( 'NONE',  #3081 ) ;
#1310 = CARTESIAN_POINT ( 'NONE',  ( 0.000000000000000000, 0.000000000000000000, 0.000000000000000000 ) ) ;
#1311 = ORIENTED_EDGE ( 'NONE', *, *, #2003, .T. ) ;
#1312 = FACE_OUTER_BOUND ( 'NONE', #1673, .T. ) ;
#1313 = EDGE_CURVE ( 'NONE', #985, #1324, #542, .T. ) ;
#1314 = CARTESIAN_POINT ( 'NONE',  ( -148.4298505059999798, 48.74061562600000030, 24.25745920200000327 ) ) ;
#1315 = VERTEX_POINT ( 'NONE', #1220 ) ;
#1316 = DIRECTION ( 'NONE',  ( 0.000000000000000000, 0.000000000000000000, 1.000000000000000000 ) ) ;
#1317 = CARTESIAN_POINT ( 'NONE',  ( -143.3197999999999865, -2.003388778999999786, 18.65745920200000185 ) ) ;
#1318 = ORIENTED_EDGE ( 'NONE', *, *, #1435, .F. ) ;
#1319 = CARTESIAN_POINT ( 'NONE',  ( -144.0198000000000036, 10.21863622100000057, 7.987459202000001035 ) ) ;
#1320 = ORIENTED_EDGE ( 'NONE', *, *, #2650, .T. ) ;
#1321 = AXIS2_PLACEMENT_3D ( 'NONE', #677, #3133, #1665 ) ;
#1322 = CARTESIAN_POINT ( 'NONE',  ( -141.5198000000000036, 48.44066122099999916, 5.557459201999999543 ) ) ;
#1323 = AXIS2_PLACEMENT_3D ( 'NONE', #800, #1727, #1023 ) ;
#1324 = VERTEX_POINT ( 'NONE', #1423 ) ;
#1325 = VERTEX_POINT ( 'NONE', #222 ) ;
#1326 = ORIENTED_EDGE ( 'NONE', *, *, #1652, .F. ) ;
#1327 = DIRECTION ( 'NONE',  ( 0.000000000000000000, 0.000000000000000000, -1.000000000000000000 ) ) ;
#1328 = ORIENTED_EDGE ( 'NONE', *, *, #1988, .F. ) ;
#1329 = DIRECTION ( 'NONE',  ( -1.000000000000000000, 0.000000000000000000, 0.000000000000000000 ) ) ;
#1330 = ORIENTED_EDGE ( 'NONE', *, *, #1282, .T. ) ;
#1331 = EDGE_CURVE ( 'NONE', #2316, #209, #155, .T. ) ;
#1332 = DIRECTION ( 'NONE',  ( -1.000000000000000000, 2.710505431213777355E-16, -0.000000000000000000 ) ) ;
#1333 = CARTESIAN_POINT ( 'NONE',  ( -120.2391931410000012, 54.04066122100000058, 10.76660615499999984 ) ) ;
#1334 = EDGE_CURVE ( 'NONE', #2582, #2157, #2399, .T. ) ;
#1335 = CARTESIAN_POINT ( 'NONE',  ( -117.7391931410000012, 54.04066122100000058, 6.057459202000000431 ) ) ;
#1336 = LINE ( 'NONE', #1001, #38 ) ;
#1337 = DIRECTION ( 'NONE',  ( 0.000000000000000000, 0.000000000000000000, -1.000000000000000000 ) ) ;
#1338 = AXIS2_PLACEMENT_3D ( 'NONE', #952, #2165, #1194 ) ;
#1339 = LINE ( 'NONE', #2781, #39 ) ;
#1340 = DIRECTION ( 'NONE',  ( 0.000000000000000000, 1.000000000000000000, 0.000000000000000000 ) ) ;
#1341 = VECTOR ( 'NONE', #2155, 1000.000000000000000 ) ;
#1342 = PLANE ( 'NONE',  #2287 ) ;
#1343 = CYLINDRICAL_SURFACE ( 'NONE', #2383, 7.000000000000006217 ) ;
#1344 = VECTOR ( 'NONE', #1852, 1000.000000000000114 ) ;
#1345 = DIRECTION ( 'NONE',  ( 0.000000000000000000, 1.000000000000000000, 0.000000000000000000 ) ) ;
#1346 = EDGE_CURVE ( 'NONE', #146, #1728, #1375, .T. ) ;
#1347 = LINE ( 'NONE', #2772, #1491 ) ;
#1348 = DIRECTION ( 'NONE',  ( -1.000000000000000000, 0.000000000000000000, 0.000000000000000000 ) ) ;
#1349 = CARTESIAN_POINT ( 'NONE',  ( 149.5697999999999865, 3.700000000000000178, 28.66483049266259897 ) ) ;
#1350 = AXIS2_PLACEMENT_3D ( 'NONE', #2995, #329, #2763 ) ;
#1351 = LINE ( 'NONE', #2662, #2977 ) ;
#1352 = DIRECTION ( 'NONE',  ( 0.000000000000000000, 1.000000000000000000, 0.000000000000000000 ) ) ;
#1353 = VERTEX_POINT ( 'NONE', #1674 ) ;
#1354 = DIRECTION ( 'NONE',  ( -0.7071067811865475727, -0.7071067811865475727, 0.000000000000000000 ) ) ;
#1355 = VERTEX_POINT ( 'NONE', #703 ) ;
#1356 = ORIENTED_EDGE ( 'NONE', *, *, #3072, .T. ) ;
#1357 = PLANE ( 'NONE',  #2315 ) ;
#1358 = EDGE_LOOP ( 'NONE', ( #3158, #1768, #2161, #2087 ) ) ;
#1359 = ORIENTED_EDGE ( 'NONE', *, *, #721, .F. ) ;
#1360 = PLANE ( 'NONE',  #2786 ) ;
#1361 = CLOSED_SHELL ( 'NONE', ( #1506, #2571, #1901, #3034, #1578, #715, #3148, #1238, #2908, #476, #122, #2629, #213, #1475, #911, #2553, #2851, #2822, #1677, #2245, #867, #1146, #299, #3114, #997, #1414, #1946, #2135, #447, #2401, #2939, #242, #1621, #169, #629, #2356, #827, #1914, #540, #3006, #1795, #1431, #1094, #688, #1163, #1668, #1286, #1966, #383, #3129, #2808, #2400, #780, #555, #2697, #848, #1605, #731, #2453, #879, #3086, #1839, #2890, #573, #610, #333, #56, #1401, #316, #2724, #1650, #1386, #925, #197, #182, #3163, #2080, #510, #1030, #647, #1210, #2267, #2677, #459, #2879, #42, #1884, #460, #3100, #260, #2432, #2920, #13, #1590, #140, #716, #1986, #2387, #750, #2096, #1708, #2310, #2324, #26, #399 ) ) ;
#1362 = EDGE_CURVE ( 'NONE', #1325, #1626, #465, .T. ) ;
#1363 = ORIENTED_EDGE ( 'NONE', *, *, #2393, .T. ) ;
#1364 = CARTESIAN_POINT ( 'NONE',  ( 146.2198000000000206, 16.99661122099999844, 2.057459201999999987 ) ) ;
#1365 = ORIENTED_EDGE ( 'NONE', *, *, #595, .T. ) ;
#1366 = CARTESIAN_POINT ( 'NONE',  ( -117.7391931408680961, 54.04066122113190573, 5.924888642927866655 ) ) ;
#1367 = DIRECTION ( 'NONE',  ( 0.000000000000000000, 0.7071067811865475727, -0.7071067811865475727 ) ) ;
#1368 = CARTESIAN_POINT ( 'NONE',  ( 146.7198000000000206, 48.44066122099999916, 5.757459202000000609 ) ) ;
#1369 = VERTEX_POINT ( 'NONE', #723 ) ;
#1370 = VECTOR ( 'NONE', #2902, 1000.000000000000114 ) ;
#1371 = EDGE_CURVE ( 'NONE', #209, #1897, #1296, .T. ) ;
#1372 = EDGE_CURVE ( 'NONE', #2798, #2056, #386, .T. ) ;
#1373 = LINE ( 'NONE', #2103, #2667 ) ;
#1374 = CARTESIAN_POINT ( 'NONE',  ( -146.7198000000000206, 48.44066122099999916, 5.557459201999999543 ) ) ;
#1375 = CIRCLE ( 'NONE', #1111, 6.999999999999999112 ) ;
#1376 = LINE ( 'NONE', #1813, #883 ) ;
#1377 = DIRECTION ( 'NONE',  ( 0.000000000000000000, -1.000000000000000000, 0.000000000000000000 ) ) ;
#1378 = DIRECTION ( 'NONE',  ( 1.000000000000000000, 0.000000000000000000, 0.000000000000000000 ) ) ;
#1379 = LOCAL_TIME ( 10, 28, 14.00000000000000000, #2599 ) ;
#1380 = AXIS2_PLACEMENT_3D ( 'NONE', #1060, #2657, #708 ) ;
#1381 = LINE ( 'NONE', #125, #2033 ) ;
#1382 = DIRECTION ( 'NONE',  ( 0.000000000000000000, 1.000000000000000000, 0.000000000000000000 ) ) ;
#1383 = CIRCLE ( 'NONE', #1350, 4.799999999999998934 ) ;
#1384 = FACE_OUTER_BOUND ( 'NONE', #451, .T. ) ;
#1385 = VECTOR ( 'NONE', #1892, 1000.000000000000000 ) ;
#1386 = ADVANCED_FACE ( 'NONE', ( #2325 ), #8, .T. ) ;
#1387 = ORIENTED_EDGE ( 'NONE', *, *, #1500, .T. ) ;
#1388 = VECTOR ( 'NONE', #1662, 1000.000000000000000 ) ;
#1389 = CARTESIAN_POINT ( 'NONE',  ( 0.000000000000000000, 0.000000000000000000, 22.66750970500000051 ) ) ;
#1390 = EDGE_CURVE ( 'NONE', #442, #2503, #3143, .T. ) ;
#1391 = VERTEX_POINT ( 'NONE', #1451 ) ;
#1392 = CARTESIAN_POINT ( 'NONE',  ( 5.255700000000000038, 46.24066122099999632, 22.65745920200000185 ) ) ;
#1393 = ORIENTED_EDGE ( 'NONE', *, *, #3131, .T. ) ;
#1394 = VERTEX_POINT ( 'NONE', #233 ) ;
#1395 = ORIENTED_EDGE ( 'NONE', *, *, #1922, .F. ) ;
#1396 = VERTEX_POINT ( 'NONE', #2398 ) ;
#1397 = AXIS2_PLACEMENT_3D ( 'NONE', #2869, #283, #2391 ) ;
#1398 = DIRECTION ( 'NONE',  ( 0.000000000000000000, -1.000000000000000000, 0.000000000000000000 ) ) ;
#1399 = CARTESIAN_POINT ( 'NONE',  ( 144.4197999999999809, 16.99661122099999844, 18.45745920200000256 ) ) ;
#1400 = EDGE_LOOP ( 'NONE', ( #1581, #412, #78, #1937 ) ) ;
#1401 = ADVANCED_FACE ( 'NONE', ( #1562 ), #204, .T. ) ;
#1402 = ORIENTED_EDGE ( 'NONE', *, *, #2333, .F. ) ;
#1403 = CARTESIAN_POINT ( 'NONE',  ( -150.4197999999999809, -52.74743877900000655, 22.26750970799999862 ) ) ;
#1404 = EDGE_CURVE ( 'NONE', #683, #1967, #919, .T. ) ;
#1405 = AXIS2_PLACEMENT_3D ( 'NONE', #524, #2711, #2216 ) ;
#1406 = DIRECTION ( 'NONE',  ( 0.000000000000000000, 0.000000000000000000, -1.000000000000000000 ) ) ;
#1407 = CARTESIAN_POINT ( 'NONE',  ( 0.2999999999999999889, 54.38710783000000504, 5.911012592999999704 ) ) ;
#1408 = DIRECTION ( 'NONE',  ( -1.000000000000000000, 0.000000000000000000, 0.000000000000000000 ) ) ;
#1409 = VECTOR ( 'NONE', #773, 1000.000000000000000 ) ;
#1410 = EDGE_LOOP ( 'NONE', ( #2805, #1971, #1167, #2597 ) ) ;
#1411 = DIRECTION ( 'NONE',  ( 0.7071067811865474617, -0.000000000000000000, 0.7071067811865474617 ) ) ;
#1412 = CIRCLE ( 'NONE', #3003, 2.000000000000001776 ) ;
#1413 = ORIENTED_EDGE ( 'NONE', *, *, #1371, .T. ) ;
#1414 = ADVANCED_FACE ( 'NONE', ( #2819 ), #1740, .F. ) ;
#1415 = LINE ( 'NONE', #747, #429 ) ;
#1416 = FACE_OUTER_BOUND ( 'NONE', #1244, .T. ) ;
#1417 = DIRECTION ( 'NONE',  ( 0.000000000000000000, 0.000000000000000000, -1.000000000000000000 ) ) ;
#1418 = LINE ( 'NONE', #305, #3064 ) ;
#1419 = DIRECTION ( 'NONE',  ( -0.8164965808559235816, 0.000000000000000000, 0.5773502692911697265 ) ) ;
#1420 = EDGE_CURVE ( 'NONE', #2686, #2932, #461, .T. ) ;
#1421 = DIRECTION ( 'NONE',  ( 0.000000000000000000, -1.000000000000000000, 0.000000000000000000 ) ) ;
#1422 = VECTOR ( 'NONE', #432, 1000.000000000000000 ) ;
#1423 = CARTESIAN_POINT ( 'NONE',  ( -148.2698000000000036, 0.000000000000000000, 22.66750970500000051 ) ) ;
#1424 = ORIENTED_EDGE ( 'NONE', *, *, #1104, .T. ) ;
#1425 = ORIENTED_EDGE ( 'NONE', *, *, #2084, .F. ) ;
#1426 = DIRECTION ( 'NONE',  ( 0.000000000000000000, -1.000000000000000000, 0.000000000000000000 ) ) ;
#1427 = EDGE_CURVE ( 'NONE', #1081, #462, #1632, .T. ) ;
#1428 = EDGE_LOOP ( 'NONE', ( #176, #2873, #2973, #1203, #1271, #1979, #2415, #179, #2510, #237, #2422, #2773 ) ) ;
#1429 = DIRECTION ( 'NONE',  ( 1.000000000000000000, 0.000000000000000000, 0.000000000000000000 ) ) ;
#1430 = CARTESIAN_POINT ( 'NONE',  ( -148.2698000000000036, 2.449293598294755841E-17, 5.557459201999999543 ) ) ;
#1431 = ADVANCED_FACE ( 'NONE', ( #1704 ), #1241, .F. ) ;
#1432 = ORIENTED_EDGE ( 'NONE', *, *, #1702, .T. ) ;
#1433 = ORIENTED_EDGE ( 'NONE', *, *, #2891, .T. ) ;
#1434 = EDGE_CURVE ( 'NONE', #2316, #2006, #1515, .T. ) ;
#1435 = EDGE_CURVE ( 'NONE', #2438, #1202, #2780, .T. ) ;
#1436 = ORIENTED_EDGE ( 'NONE', *, *, #813, .T. ) ;
#1437 = CARTESIAN_POINT ( 'NONE',  ( -130.2821042170000112, 54.18357229699999777, 5.707477059999999547 ) ) ;
#1438 = CARTESIAN_POINT ( 'NONE',  ( -117.6391931409999927, 53.44066122100000626, 5.757459202000000609 ) ) ;
#1439 = DIRECTION ( 'NONE',  ( -1.000000000000000000, 0.000000000000000000, 0.000000000000000000 ) ) ;
#1440 = ORIENTED_EDGE ( 'NONE', *, *, #1313, .F. ) ;
#1441 = DIRECTION ( 'NONE',  ( 0.000000000000000000, -1.000000000000000000, 0.000000000000000000 ) ) ;
#1442 = EDGE_CURVE ( 'NONE', #2610, #1629, #846, .T. ) ;
#1443 = FACE_OUTER_BOUND ( 'NONE', #768, .T. ) ;
#1444 = VECTOR ( 'NONE', #1594, 1000.000000000000114 ) ;
#1445 = CC_DESIGN_PERSON_AND_ORGANIZATION_ASSIGNMENT ( #392, #614, ( #1942 ) ) ;
#1446 = VECTOR ( 'NONE', #2138, 1000.000000000000114 ) ;
#1447 = CARTESIAN_POINT ( 'NONE',  ( -148.2698000000000036, 1.600000000000000089, 27.09770821127732177 ) ) ;
#1448 = FACE_OUTER_BOUND ( 'NONE', #1729, .T. ) ;
#1449 = LOCAL_TIME ( 10, 28, 14.00000000000000000, #890 ) ;
#1450 = FACE_OUTER_BOUND ( 'NONE', #334, .T. ) ;
#1451 = CARTESIAN_POINT ( 'NONE',  ( -146.5198000000000036, 48.44066122099999916, 18.25745920199999972 ) ) ;
#1452 = LINE ( 'NONE', #2543, #192 ) ;
#1453 = AXIS2_PLACEMENT_3D ( 'NONE', #1226, #1217, #2655 ) ;
#1454 = VECTOR ( 'NONE', #2974, 1000.000000000000000 ) ;
#1455 = VECTOR ( 'NONE', #118, 1000.000000000000000 ) ;
#1456 = DIRECTION ( 'NONE',  ( 1.000000000000000000, 0.000000000000000000, 0.000000000000000000 ) ) ;
#1457 = VERTEX_POINT ( 'NONE', #29 ) ;
#1458 = CARTESIAN_POINT ( 'NONE',  ( 151.0198000000000036, 48.74066122100000342, 7.264565985000000836 ) ) ;
#1459 = LINE ( 'NONE', #914, #1120 ) ;
#1460 = EDGE_LOOP ( 'NONE', ( #1079, #190, #1048, #1885 ) ) ;
#1461 = DIRECTION ( 'NONE',  ( 1.000000000000000000, 0.000000000000000000, 0.000000000000000000 ) ) ;
#1462 = DIRECTION ( 'NONE',  ( 0.000000000000000000, 0.000000000000000000, 1.000000000000000000 ) ) ;
#1463 = ORIENTED_EDGE ( 'NONE', *, *, #1044, .T. ) ;
#1464 = CARTESIAN_POINT ( 'NONE',  ( 126.4299060519999927, 52.74066122099999632, 19.65745920200000185 ) ) ;
#1465 = VERTEX_POINT ( 'NONE', #1472 ) ;
#1466 = CARTESIAN_POINT ( 'NONE',  ( -146.5198000000000036, 39.21863622099999702, 7.987459202000001035 ) ) ;
#1467 = VERTEX_POINT ( 'NONE', #2198 ) ;
#1468 = ORIENTED_EDGE ( 'NONE', *, *, #439, .T. ) ;
#1469 = CARTESIAN_POINT ( 'NONE',  ( 144.1197999999999979, 16.41376850899999695, 5.557459201999999543 ) ) ;
#1470 = EDGE_CURVE ( 'NONE', #1967, #442, #2704, .T. ) ;
#1471 = CARTESIAN_POINT ( 'NONE',  ( 151.0198000000000036, 48.74066122100000342, 7.264565985000000836 ) ) ;
#1472 = CARTESIAN_POINT ( 'NONE',  ( -4.825699999999999434, 52.74066122099999632, 22.65745920200000185 ) ) ;
#1473 = DIRECTION ( 'NONE',  ( -1.000000000000000000, 0.000000000000000000, 0.000000000000000000 ) ) ;
#1474 = DIRECTION ( 'NONE',  ( 0.000000000000000000, 0.000000000000000000, -1.000000000000000000 ) ) ;
#1475 = ADVANCED_FACE ( 'NONE', ( #2885 ), #1974, .T. ) ;
#1476 = AXIS2_PLACEMENT_3D ( 'NONE', #2964, #2486, #67 ) ;
#1477 = VECTOR ( 'NONE', #1680, 1000.000000000000114 ) ;
#1478 = AXIS2_PLACEMENT_3D ( 'NONE', #1364, #2052, #1577 ) ;
#1479 = DIRECTION ( 'NONE',  ( -1.000000000000000000, 0.000000000000000000, 0.000000000000000000 ) ) ;
#1480 = DIRECTION ( 'NONE',  ( -0.000000000000000000, 1.000000000000000000, 0.000000000000000000 ) ) ;
#1481 = VECTOR ( 'NONE', #1509, 1000.000000000000000 ) ;
#1482 = ORIENTED_EDGE ( 'NONE', *, *, #933, .T. ) ;
#1483 = CARTESIAN_POINT ( 'NONE',  ( -150.4197999999999809, 0.000000000000000000, 7.264565985000000836 ) ) ;
#1484 = DIRECTION ( 'NONE',  ( 1.000000000000000000, -1.032573497605246785E-16, 0.000000000000000000 ) ) ;
#1485 = EDGE_CURVE ( 'NONE', #1923, #2020, #2321, .T. ) ;
#1486 = VECTOR ( 'NONE', #2070, 1000.000000000000000 ) ;
#1487 = EDGE_LOOP ( 'NONE', ( #2089, #902, #1810, #2576 ) ) ;
#1488 = EDGE_CURVE ( 'NONE', #2538, #2614, #185, .T. ) ;
#1489 = VECTOR ( 'NONE', #528, 1000.000000000000000 ) ;
#1490 = DIRECTION ( 'NONE',  ( 0.7071067811865474617, 0.000000000000000000, -0.7071067811865474617 ) ) ;
#1491 = VECTOR ( 'NONE', #2281, 1000.000000000000000 ) ;
#1492 = CARTESIAN_POINT ( 'NONE',  ( -130.1391931409999927, 53.44066122100000626, 6.057459202000000431 ) ) ;
#1493 = CARTESIAN_POINT ( 'NONE',  ( -117.7391931410000012, 53.44066122100000626, 10.76660615499999984 ) ) ;
#1494 = AXIS2_PLACEMENT_3D ( 'NONE', #2588, #908, #1589 ) ;
#1495 = LINE ( 'NONE', #3088, #1881 ) ;
#1496 = DIRECTION ( 'NONE',  ( 0.7071067811865474617, 0.000000000000000000, -0.7071067811865474617 ) ) ;
#1497 = ORIENTED_EDGE ( 'NONE', *, *, #212, .F. ) ;
#1498 = ORIENTED_EDGE ( 'NONE', *, *, #532, .T. ) ;
#1499 = CARTESIAN_POINT ( 'NONE',  ( 143.9197999999999809, 16.49661122099999844, 5.757459202000000609 ) ) ;
#1500 = EDGE_CURVE ( 'NONE', #2006, #2954, #2065, .T. ) ;
#1501 = ORIENTED_EDGE ( 'NONE', *, *, #2881, .T. ) ;
#1502 = DIRECTION ( 'NONE',  ( 0.000000000000000000, 0.7071067811865474617, 0.7071067811865474617 ) ) ;
#1503 = ORIENTED_EDGE ( 'NONE', *, *, #1940, .F. ) ;
#1504 = VERTEX_POINT ( 'NONE', #25 ) ;
#1505 = AXIS2_PLACEMENT_3D ( 'NONE', #2542, #2751, #2045 ) ;
#1506 = ADVANCED_FACE ( 'NONE', ( #1443 ), #2630, .T. ) ;
#1507 = PLANE ( 'NONE',  #2291 ) ;
#1508 = ORIENTED_EDGE ( 'NONE', *, *, #2550, .F. ) ;
#1509 = DIRECTION ( 'NONE',  ( 0.000000000000000000, 1.000000000000000000, 0.000000000000000000 ) ) ;
#1510 = AXIS2_PLACEMENT_3D ( 'NONE', #1056, #121, #2058 ) ;
#1511 = ORIENTED_EDGE ( 'NONE', *, *, #156, .F. ) ;
#1512 = DIRECTION ( 'NONE',  ( -0.6785983445273328085, 0.2810846378042149429, 0.6785983445273328085 ) ) ;
#1513 = CARTESIAN_POINT ( 'NONE',  ( 149.5697999999999865, 3.700000000000000178, 22.66750970500000051 ) ) ;
#1514 = EDGE_CURVE ( 'NONE', #2945, #783, #3130, .T. ) ;
#1515 = LINE ( 'NONE', #2924, #114 ) ;
#1516 = DIRECTION ( 'NONE',  ( 0.7071067811865474617, 0.000000000000000000, -0.7071067811865474617 ) ) ;
#1517 = VECTOR ( 'NONE', #2120, 1000.000000000000000 ) ;
#1518 = DIRECTION ( 'NONE',  ( 0.000000000000000000, 0.000000000000000000, -1.000000000000000000 ) ) ;
#1519 = CONICAL_SURFACE ( 'NONE', #2521, 5.505025253000006558, 0.7853981607197643156 ) ;
#1520 = CARTESIAN_POINT ( 'NONE',  ( 144.0198000000000036, 55.74066122199999995, 7.264565983999999865 ) ) ;
#1521 = LINE ( 'NONE', #1168, #2232 ) ;
#1522 = CALENDAR_DATE ( 2025, 27, 11 ) ;
#1523 = LINE ( 'NONE', #2059, #1112 ) ;
#1524 = CARTESIAN_POINT ( 'NONE',  ( 144.1197999999999979, 16.41376850899999695, 5.557459201999999543 ) ) ;
#1525 = CARTESIAN_POINT ( 'NONE',  ( 146.7198000000000206, 25.36863622099999915, 18.95745920199999901 ) ) ;
#1526 = LINE ( 'NONE', #1074, #1229 ) ;
#1527 = DIRECTION ( 'NONE',  ( -1.000000000000000000, 0.000000000000000000, 0.000000000000000000 ) ) ;
#1528 = EDGE_CURVE ( 'NONE', #1315, #2945, #2199, .T. ) ;
#1529 = CARTESIAN_POINT ( 'NONE',  ( -117.5962820649999969, 54.18357229699999777, 5.707477059999999547 ) ) ;
#1530 = VECTOR ( 'NONE', #187, 1000.000000000000114 ) ;
#1531 = DIRECTION ( 'NONE',  ( 0.7071067811865475727, 0.000000000000000000, -0.7071067811865475727 ) ) ;
#1532 = ORIENTED_EDGE ( 'NONE', *, *, #1331, .T. ) ;
#1533 = DIRECTION ( 'NONE',  ( -0.7071067811865475727, 0.000000000000000000, 0.7071067811865475727 ) ) ;
#1534 = LINE ( 'NONE', #2817, #92 ) ;
#1535 = CARTESIAN_POINT ( 'NONE',  ( 146.7198000000000206, 48.44066122099999916, 5.757459202000000609 ) ) ;
#1536 = EDGE_LOOP ( 'NONE', ( #870, #2261, #1781, #2378 ) ) ;
#1537 = ORIENTED_EDGE ( 'NONE', *, *, #1435, .T. ) ;
#1538 = AXIS2_PLACEMENT_3D ( 'NONE', #1407, #189, #422 ) ;
#1539 = CARTESIAN_POINT ( 'NONE',  ( -130.1391931409999927, 54.04066122100000058, 10.76660615499999984 ) ) ;
#1540 = ORIENTED_EDGE ( 'NONE', *, *, #2955, .T. ) ;
#1541 = EDGE_LOOP ( 'NONE', ( #601, #499, #2874, #1017 ) ) ;
#1542 = CARTESIAN_POINT ( 'NONE',  ( 141.7198000000000206, 48.44066122099999916, 5.757459202000000609 ) ) ;
#1543 = ORIENTED_EDGE ( 'NONE', *, *, #458, .T. ) ;
#1544 = EDGE_LOOP ( 'NONE', ( #2248, #868, #2876, #3149, #1395, #290 ) ) ;
#1545 = CARTESIAN_POINT ( 'NONE',  ( -149.0662466089999896, -1.803388779000000053, 5.911012592999999704 ) ) ;
#1546 = DIRECTION ( 'NONE',  ( 0.000000000000000000, -1.000000000000000000, 0.000000000000000000 ) ) ;
#1547 = CARTESIAN_POINT ( 'NONE',  ( -0.05000000000000000278, -1.803388779000000053, 5.557459201999999543 ) ) ;
#1548 = EDGE_CURVE ( 'NONE', #2712, #1658, #543, .T. ) ;
#1549 = CARTESIAN_POINT ( 'NONE',  ( -145.2269067809999967, 9.718636221000000575, 8.487459202000001923 ) ) ;
#1550 = MECHANICAL_CONTEXT ( 'NONE', #2812, 'mechanical' ) ;
#1551 = VERTEX_POINT ( 'NONE', #1237 ) ;
#1552 = PLANE ( 'NONE',  #1598 ) ;
#1553 = ORIENTED_EDGE ( 'NONE', *, *, #1990, .F. ) ;
#1554 = DIRECTION ( 'NONE',  ( 0.000000000000000000, 1.000000000000000000, 0.000000000000000000 ) ) ;
#1555 = DIRECTION ( 'NONE',  ( 0.000000000000000000, 0.7071067811865474617, 0.7071067811865474617 ) ) ;
#1556 = AXIS2_PLACEMENT_3D ( 'NONE', #2297, #2574, #391 ) ;
#1557 = DIRECTION ( 'NONE',  ( 0.000000000000000000, 0.000000000000000000, -1.000000000000000000 ) ) ;
#1558 = DIRECTION ( 'NONE',  ( 0.000000000000000000, 0.000000000000000000, 1.000000000000000000 ) ) ;
#1559 = LINE ( 'NONE', #729, #420 ) ;
#1560 = LINE ( 'NONE', #2337, #2024 ) ;
#1561 = DIRECTION ( 'NONE',  ( 0.000000000000000000, 0.000000000000000000, 1.000000000000000000 ) ) ;
#1562 = FACE_OUTER_BOUND ( 'NONE', #2004, .T. ) ;
#1563 = ORIENTED_EDGE ( 'NONE', *, *, #1298, .T. ) ;
#1564 = CARTESIAN_POINT ( 'NONE',  ( -143.4197999999999809, 53.75071172799999886, 24.25745920299999980 ) ) ;
#1565 = EDGE_CURVE ( 'NONE', #2954, #1280, #3054, .T. ) ;
#1566 = LINE ( 'NONE', #259, #891 ) ;
#1567 = CARTESIAN_POINT ( 'NONE',  ( -127.6391931410000069, 55.74066122100000342, 14.96660615500000091 ) ) ;
#1568 = DIRECTION ( 'NONE',  ( 0.000000000000000000, 0.000000000000000000, -1.000000000000000000 ) ) ;
#1569 = ORGANIZATION ( '未指定', '未指定', '' ) ;
#1570 = FACE_OUTER_BOUND ( 'NONE', #1284, .T. ) ;
#1571 =( LENGTH_UNIT ( ) NAMED_UNIT ( * ) SI_UNIT ( .MILLI., .METRE. ) );
#1572 = PLANE ( 'NONE',  #31 ) ;
#1573 = CARTESIAN_POINT ( 'NONE',  ( 144.0198000000000036, 48.74066122100000342, 5.557459200000000266 ) ) ;
#1574 = VECTOR ( 'NONE', #2441, 1000.000000000000114 ) ;
#1575 = DIRECTION ( 'NONE',  ( 0.000000000000000000, 1.000000000000000000, 0.000000000000000000 ) ) ;
#1576 = FACE_OUTER_BOUND ( 'NONE', #1889, .T. ) ;
#1577 = DIRECTION ( 'NONE',  ( 1.000000000000000000, 0.000000000000000000, 0.000000000000000000 ) ) ;
#1578 = ADVANCED_FACE ( 'NONE', ( #691 ), #1749, .T. ) ;
#1579 = VERTEX_POINT ( 'NONE', #794 ) ;
#1580 = DIRECTION ( 'NONE',  ( 0.000000000000000000, 0.000000000000000000, -1.000000000000000000 ) ) ;
#1581 = ORIENTED_EDGE ( 'NONE', *, *, #336, .T. ) ;
#1582 = EDGE_LOOP ( 'NONE', ( #704, #99, #205, #935 ) ) ;
#1583 = EDGE_CURVE ( 'NONE', #453, #1012, #2478, .T. ) ;
#1584 = EDGE_CURVE ( 'NONE', #2941, #209, #307, .T. ) ;
#1585 = EDGE_LOOP ( 'NONE', ( #234, #24, #487, #1508 ) ) ;
#1586 = ORIENTED_EDGE ( 'NONE', *, *, #2475, .T. ) ;
#1587 = PLANE ( 'NONE',  #2524 ) ;
#1588 = ORIENTED_EDGE ( 'NONE', *, *, #2062, .T. ) ;
#1589 = DIRECTION ( 'NONE',  ( 1.000000000000000000, 0.000000000000000000, 0.000000000000000000 ) ) ;
#1590 = ADVANCED_FACE ( 'NONE', ( #2858 ), #786, .F. ) ;
#1591 = EDGE_CURVE ( 'NONE', #3037, #142, #1336, .T. ) ;
#1592 = EDGE_LOOP ( 'NONE', ( #2997, #440, #1234, #2414 ) ) ;
#1593 = EDGE_CURVE ( 'NONE', #3116, #1211, #2556, .T. ) ;
#1594 = DIRECTION ( 'NONE',  ( 0.000000000000000000, -0.7071067811865474617, 0.7071067811865474617 ) ) ;
#1595 = CARTESIAN_POINT ( 'NONE',  ( 0.000000000000000000, 52.74066122099999632, 6.274639419000000551 ) ) ;
#1596 = FACE_OUTER_BOUND ( 'NONE', #1169, .T. ) ;
#1597 = PLANE ( 'NONE',  #2899 ) ;
#1598 = AXIS2_PLACEMENT_3D ( 'NONE', #2279, #98, #2053 ) ;
#1599 = VECTOR ( 'NONE', #1608, 1000.000000000000114 ) ;
#1600 = LINE ( 'NONE', #3123, #2634 ) ;
#1601 = PERSON_AND_ORGANIZATION ( #1915, #1569 ) ;
#1602 = LINE ( 'NONE', #353, #3013 ) ;
#1603 = DIRECTION ( 'NONE',  ( 0.000000000000000000, 0.000000000000000000, 1.000000000000000000 ) ) ;
#1604 = EDGE_CURVE ( 'NONE', #3150, #96, #2162, .T. ) ;
#1605 = ADVANCED_FACE ( 'NONE', ( #218 ), #2496, .F. ) ;
#1606 = VECTOR ( 'NONE', #1555, 1000.000000000000114 ) ;
#1607 = CARTESIAN_POINT ( 'NONE',  ( -117.7391931410000012, 54.04066122100000058, 6.057459202000000431 ) ) ;
#1608 = DIRECTION ( 'NONE',  ( 0.000000000000000000, 0.7071067811865474617, -0.7071067811865474617 ) ) ;
#1609 = SECURITY_CLASSIFICATION ( '', '', #602 ) ;
#1610 = CIRCLE ( 'NONE', #2263, 2.200000000000000622 ) ;
#1611 = ORIENTED_EDGE ( 'NONE', *, *, #3103, .T. ) ;
#1612 = FACE_OUTER_BOUND ( 'NONE', #15, .T. ) ;
#1613 = ORIENTED_EDGE ( 'NONE', *, *, #3131, .F. ) ;
#1614 = VERTEX_POINT ( 'NONE', #572 ) ;
#1615 = ORIENTED_EDGE ( 'NONE', *, *, #288, .T. ) ;
#1616 = DIRECTION ( 'NONE',  ( 0.000000000000000000, 0.000000000000000000, -1.000000000000000000 ) ) ;
#1617 = ORIENTED_EDGE ( 'NONE', *, *, #139, .T. ) ;
#1618 = CARTESIAN_POINT ( 'NONE',  ( -146.5198000000000036, 3.200000000000000178, 22.66750970500000051 ) ) ;
#1619 = CARTESIAN_POINT ( 'NONE',  ( -146.5198000000000036, 0.000000000000000000, 27.09770821127732177 ) ) ;
#1620 = DIRECTION ( 'NONE',  ( 0.000000000000000000, 0.000000000000000000, 1.000000000000000000 ) ) ;
#1621 = ADVANCED_FACE ( 'NONE', ( #1907 ), #345, .F. ) ;
#1622 = ORIENTED_EDGE ( 'NONE', *, *, #2476, .T. ) ;
#1623 = EDGE_LOOP ( 'NONE', ( #2646, #2730, #2426, #967 ) ) ;
#1624 = EDGE_CURVE ( 'NONE', #2465, #2809, #1254, .T. ) ;
#1625 = EDGE_LOOP ( 'NONE', ( #3068, #553, #1826, #1084, #1796 ) ) ;
#1626 = VERTEX_POINT ( 'NONE', #2514 ) ;
#1627 = DIRECTION ( 'NONE',  ( 0.000000000000000000, 1.000000000000000000, 0.000000000000000000 ) ) ;
#1628 = CARTESIAN_POINT ( 'NONE',  ( -141.3197999999999865, 44.24066122100000342, 24.25745920200000327 ) ) ;
#1629 = VERTEX_POINT ( 'NONE', #1289 ) ;
#1630 = EDGE_CURVE ( 'NONE', #285, #141, #618, .T. ) ;
#1631 = FACE_OUTER_BOUND ( 'NONE', #1123, .T. ) ;
#1632 = LINE ( 'NONE', #2710, #1103 ) ;
#1633 = FACE_OUTER_BOUND ( 'NONE', #2448, .T. ) ;
#1634 = CARTESIAN_POINT ( 'NONE',  ( 148.7697999999999752, 1.850000000000000089, 22.66750970500000051 ) ) ;
#1635 = AXIS2_PLACEMENT_3D ( 'NONE', #1189, #1259, #2702 ) ;
#1636 = FACE_OUTER_BOUND ( 'NONE', #1136, .T. ) ;
#1637 = DIRECTION ( 'NONE',  ( 1.000000000000000000, 0.000000000000000000, 0.000000000000000000 ) ) ;
#1638 = DIRECTION ( 'NONE',  ( -0.000000000000000000, -0.000000000000000000, -1.000000000000000000 ) ) ;
#1639 = FACE_OUTER_BOUND ( 'NONE', #2557, .T. ) ;
#1640 = VECTOR ( 'NONE', #823, 1000.000000000000000 ) ;
#1641 = DIRECTION ( 'NONE',  ( 1.000000000000000000, -1.032573497605246908E-16, -0.000000000000000000 ) ) ;
#1642 = FACE_OUTER_BOUND ( 'NONE', #366, .T. ) ;
#1643 = ORIENTED_EDGE ( 'NONE', *, *, #756, .F. ) ;
#1644 = CIRCLE ( 'NONE', #1397, 7.000000000000006217 ) ;
#1645 = CARTESIAN_POINT ( 'NONE',  ( -72.80989999999999895, 53.44066122100000626, 5.757459202000000609 ) ) ;
#1646 = EDGE_CURVE ( 'NONE', #1941, #146, #2228, .T. ) ;
#1647 = ORIENTED_EDGE ( 'NONE', *, *, #2192, .T. ) ;
#1648 = DIRECTION ( 'NONE',  ( 0.000000000000000000, 0.000000000000000000, -1.000000000000000000 ) ) ;
#1649 = DIRECTION ( 'NONE',  ( 0.000000000000000000, -1.000000000000000000, 0.000000000000000000 ) ) ;
#1650 = ADVANCED_FACE ( 'NONE', ( #1596 ), #2926, .F. ) ;
#1651 = ORIENTED_EDGE ( 'NONE', *, *, #2871, .F. ) ;
#1652 = EDGE_CURVE ( 'NONE', #2979, #254, #3009, .T. ) ;
#1653 = DIRECTION ( 'NONE',  ( 1.000000000000000000, 0.000000000000000000, 0.000000000000000000 ) ) ;
#1654 = ORIENTED_EDGE ( 'NONE', *, *, #2583, .F. ) ;
#1655 = DIRECTION ( 'NONE',  ( -1.000000000000000000, 0.000000000000000000, 0.000000000000000000 ) ) ;
#1656 = ORIENTED_EDGE ( 'NONE', *, *, #885, .F. ) ;
#1657 = EDGE_LOOP ( 'NONE', ( #2984, #1201, #539, #2182 ) ) ;
#1658 = VERTEX_POINT ( 'NONE', #1529 ) ;
#1659 = AXIS2_PLACEMENT_3D ( 'NONE', #2573, #1316, #605 ) ;
#1660 = DIRECTION ( 'NONE',  ( 0.000000000000000000, 0.000000000000000000, -1.000000000000000000 ) ) ;
#1661 = ORIENTED_EDGE ( 'NONE', *, *, #1747, .F. ) ;
#1662 = DIRECTION ( 'NONE',  ( 0.000000000000000000, 0.000000000000000000, -1.000000000000000000 ) ) ;
#1663 = ORIENTED_EDGE ( 'NONE', *, *, #167, .T. ) ;
#1664 = B_SPLINE_CURVE_WITH_KNOTS ( 'NONE', 1,
 ( #1458, #210 ),
 .UNSPECIFIED., .F., .F.,
 ( 2, 2 ),
 ( 0.000000000000000000, 1.000000000000000000 ),
 .UNSPECIFIED. ) ;
#1665 = DIRECTION ( 'NONE',  ( 0.000000000000000000, 1.000000000000000000, 0.000000000000000000 ) ) ;
#1666 = EDGE_CURVE ( 'NONE', #1658, #3122, #1063, .T. ) ;
#1667 = ORIENTED_EDGE ( 'NONE', *, *, #1702, .F. ) ;
#1668 = ADVANCED_FACE ( 'NONE', ( #990 ), #1552, .T. ) ;
#1669 = AXIS2_PLACEMENT_3D ( 'NONE', #306, #1272, #1533 ) ;
#1670 = CARTESIAN_POINT ( 'NONE',  ( 145.3697999999999979, 1.850000000000000533, 28.66483049266259897 ) ) ;
#1671 = DIRECTION ( 'NONE',  ( 0.000000000000000000, -1.000000000000000000, 0.000000000000000000 ) ) ;
#1672 = VECTOR ( 'NONE', #2231, 1000.000000000000000 ) ;
#1673 = EDGE_LOOP ( 'NONE', ( #2009, #981, #1864, #1687 ) ) ;
#1674 = CARTESIAN_POINT ( 'NONE',  ( -146.5198000000000036, 39.71863622099999702, 9.780352420999999907 ) ) ;
#1675 = VECTOR ( 'NONE', #713, 1000.000000000000000 ) ;
#1676 = AXIS2_PLACEMENT_3D ( 'NONE', #1808, #2563, #3048 ) ;
#1677 = ADVANCED_FACE ( 'NONE', ( #953 ), #74, .T. ) ;
#1678 = FACE_OUTER_BOUND ( 'NONE', #3117, .T. ) ;
#1679 = CARTESIAN_POINT ( 'NONE',  ( 141.7198000000000206, 53.44066122100000626, 18.25745920199999972 ) ) ;
#1680 = DIRECTION ( 'NONE',  ( -0.7071067811865474617, 0.000000000000000000, -0.7071067811865474617 ) ) ;
#1681 = EDGE_CURVE ( 'NONE', #1862, #289, #724, .T. ) ;
#1682 = LINE ( 'NONE', #1618, #2002 ) ;
#1683 = DIRECTION ( 'NONE',  ( 0.000000000000000000, 1.000000000000000000, 0.000000000000000000 ) ) ;
#1684 = ORIENTED_EDGE ( 'NONE', *, *, #946, .F. ) ;
#1685 = LINE ( 'NONE', #1126, #819 ) ;
#1686 = ORIENTED_EDGE ( 'NONE', *, *, #2952, .T. ) ;
#1687 = ORIENTED_EDGE ( 'NONE', *, *, #2998, .T. ) ;
#1688 = ORIENTED_EDGE ( 'NONE', *, *, #1313, .T. ) ;
#1689 = EDGE_LOOP ( 'NONE', ( #3146, #903, #2545, #1000 ) ) ;
#1690 = EDGE_CURVE ( 'NONE', #603, #1923, #73, .T. ) ;
#1691 = ORIENTED_EDGE ( 'NONE', *, *, #1213, .F. ) ;
#1692 = ORIENTED_EDGE ( 'NONE', *, *, #1858, .F. ) ;
#1693 = ORIENTED_EDGE ( 'NONE', *, *, #212, .T. ) ;
#1694 = AXIS2_PLACEMENT_3D ( 'NONE', #1019, #257, #2692 ) ;
#1695 = AXIS2_PLACEMENT_3D ( 'NONE', #2309, #860, #873 ) ;
#1696 = CARTESIAN_POINT ( 'NONE',  ( 143.9197999999999809, 16.49661122099999844, 18.65745920200000185 ) ) ;
#1697 = CARTESIAN_POINT ( 'NONE',  ( -130.6391931409999927, 53.64066122100000200, 5.557459201999999543 ) ) ;
#1698 = ORIENTED_EDGE ( 'NONE', *, *, #2379, .T. ) ;
#1699 = DIRECTION ( 'NONE',  ( -1.000000000000000000, 0.000000000000000000, 0.000000000000000000 ) ) ;
#1700 = CARTESIAN_POINT ( 'NONE',  ( -141.5198000000000036, 53.64066122100000200, 5.557459201999999543 ) ) ;
#1701 = LINE ( 'NONE', #253, #344 ) ;
#1702 = EDGE_CURVE ( 'NONE', #1897, #1551, #2433, .T. ) ;
#1703 = LINE ( 'NONE', #2061, #1293 ) ;
#1704 = FACE_OUTER_BOUND ( 'NONE', #1689, .T. ) ;
#1705 = DIRECTION ( 'NONE',  ( 0.000000000000000000, 0.000000000000000000, -1.000000000000000000 ) ) ;
#1706 = VERTEX_POINT ( 'NONE', #1697 ) ;
#1707 = VECTOR ( 'NONE', #2608, 1000.000000000000114 ) ;
#1708 = ADVANCED_FACE ( 'NONE', ( #2357 ), #16, .F. ) ;
#1709 = CARTESIAN_POINT ( 'NONE',  ( -143.8197999999999865, 39.71863622099999702, 8.487459202000001923 ) ) ;
#1710 = LINE ( 'NONE', #1794, #3061 ) ;
#1711 = CARTESIAN_POINT ( 'NONE',  ( 143.9197999999999809, 16.49661122099999844, 5.757459202000000609 ) ) ;
#1712 = VECTOR ( 'NONE', #1473, 1000.000000000000000 ) ;
#1713 = AXIS2_PLACEMENT_3D ( 'NONE', #172, #1417, #698 ) ;
#1714 = LINE ( 'NONE', #390, #1304 ) ;
#1715 = CARTESIAN_POINT ( 'NONE',  ( 5.255700000000000038, 52.74066122099999632, 22.65745920200000185 ) ) ;
#1716 = VECTOR ( 'NONE', #1270, 1000.000000000000114 ) ;
#1717 = DIRECTION ( 'NONE',  ( 0.000000000000000000, 1.000000000000000000, 0.000000000000000000 ) ) ;
#1718 = ORIENTED_EDGE ( 'NONE', *, *, #292, .F. ) ;
#1719 = DIRECTION ( 'NONE',  ( 0.000000000000000000, 0.000000000000000000, -1.000000000000000000 ) ) ;
#1720 = VECTOR ( 'NONE', #1421, 1000.000000000000000 ) ;
#1721 = EDGE_CURVE ( 'NONE', #2798, #1396, #757, .T. ) ;
#1722 = EDGE_LOOP ( 'NONE', ( #2082, #1814, #2213, #103 ) ) ;
#1723 = DIRECTION ( 'NONE',  ( 0.000000000000000000, 0.000000000000000000, 1.000000000000000000 ) ) ;
#1724 = CARTESIAN_POINT ( 'NONE',  ( 126.4299060519999927, 52.74066122099999632, 22.65745920200000185 ) ) ;
#1725 = VERTEX_POINT ( 'NONE', #1958 ) ;
#1726 = VERTEX_POINT ( 'NONE', #1679 ) ;
#1727 = DIRECTION ( 'NONE',  ( 0.000000000000000000, -1.000000000000000000, 0.000000000000000000 ) ) ;
#1728 = VERTEX_POINT ( 'NONE', #2647 ) ;
#1729 = EDGE_LOOP ( 'NONE', ( #1933, #1511, #1440, #1617, #2480, #1888, #1977, #371, #2661, #2504, #2124, #2256, #2782 ) ) ;
#1730 = EDGE_LOOP ( 'NONE', ( #1643, #490, #596, #2467 ) ) ;
#1731 = ORIENTED_EDGE ( 'NONE', *, *, #112, .T. ) ;
#1732 = CARTESIAN_POINT ( 'NONE',  ( -72.80989999999999895, 53.44066122100000626, 18.25745920199999972 ) ) ;
#1733 = DIRECTION ( 'NONE',  ( 0.8164965802364702041, 0.5773502701672091897, 1.000000000289614193E-09 ) ) ;
#1734 = DIRECTION ( 'NONE',  ( -1.000000000000000000, 0.000000000000000000, 0.000000000000000000 ) ) ;
#1735 = EDGE_CURVE ( 'NONE', #2425, #1923, #2921, .T. ) ;
#1736 = EDGE_CURVE ( 'NONE', #1465, #186, #1701, .T. ) ;
#1737 = CARTESIAN_POINT ( 'NONE',  ( 144.1197999999999979, -20.22054606600000071, 5.557459201999999543 ) ) ;
#1738 = CARTESIAN_POINT ( 'NONE',  ( -148.9697999999999922, 3.199999999999999734, 5.814565983999985477 ) ) ;
#1739 = DIRECTION ( 'NONE',  ( 0.000000000000000000, 1.000000000000000000, 0.000000000000000000 ) ) ;
#1740 = CYLINDRICAL_SURFACE ( 'NONE', #1694, 5.000000000000004441 ) ;
#1741 = ORIENTED_EDGE ( 'NONE', *, *, #2966, .T. ) ;
#1742 = DIRECTION ( 'NONE',  ( 0.000000000000000000, -1.000000000000000000, 0.000000000000000000 ) ) ;
#1743 = DIRECTION ( 'NONE',  ( -0.7071067811865475727, 0.000000000000000000, -0.7071067811865475727 ) ) ;
#1744 = EDGE_CURVE ( 'NONE', #488, #3037, #1559, .T. ) ;
#1745 = LINE ( 'NONE', #1100, #44 ) ;
#1746 = EDGE_CURVE ( 'NONE', #2729, #1011, #1664, .T. ) ;
#1747 = EDGE_CURVE ( 'NONE', #1012, #791, #3091, .T. ) ;
#1748 = COORDINATED_UNIVERSAL_TIME_OFFSET ( 8, 0, .AHEAD. ) ;
#1749 = PLANE ( 'NONE',  #297 ) ;
#1750 = LINE ( 'NONE', #2431, #665 ) ;
#1751 = DIRECTION ( 'NONE',  ( 0.000000000000000000, -1.000000000000000000, 0.000000000000000000 ) ) ;
#1752 = LINE ( 'NONE', #28, #124 ) ;
#1753 = CARTESIAN_POINT ( 'NONE',  ( -120.2391931410000012, 54.04066122100000058, 13.26660615500000162 ) ) ;
#1754 = LINE ( 'NONE', #2605, #1422 ) ;
#1755 = CARTESIAN_POINT ( 'NONE',  ( -146.5198000000000036, 3.200000000000000178, 18.25745920199999972 ) ) ;
#1756 = AXIS2_PLACEMENT_3D ( 'NONE', #2385, #2145, #1419 ) ;
#1757 = CARTESIAN_POINT ( 'NONE',  ( -148.9697999999999922, 1.600000000000000089, 27.09770821127732177 ) ) ;
#1758 = VERTEX_POINT ( 'NONE', #466 ) ;
#1759 = LINE ( 'NONE', #620, #515 ) ;
#1760 = ORIENTED_EDGE ( 'NONE', *, *, #621, .T. ) ;
#1761 = DIRECTION ( 'NONE',  ( 0.000000000000000000, 1.000000000000000000, -0.000000000000000000 ) ) ;
#1762 = EDGE_LOOP ( 'NONE', ( #425, #1157, #2148, #559, #214 ) ) ;
#1763 = EDGE_CURVE ( 'NONE', #1964, #1231, #2592, .T. ) ;
#1764 = CARTESIAN_POINT ( 'NONE',  ( 151.0198000000000036, -52.74743877900000655, 7.264565985000000836 ) ) ;
#1765 = ORIENTED_EDGE ( 'NONE', *, *, #1746, .F. ) ;
#1766 = ORIENTED_EDGE ( 'NONE', *, *, #1927, .T. ) ;
#1767 = DIRECTION ( 'NONE',  ( -1.000000000000000000, 0.000000000000000000, 0.000000000000000000 ) ) ;
#1768 = ORIENTED_EDGE ( 'NONE', *, *, #1825, .T. ) ;
#1769 = ORIENTED_EDGE ( 'NONE', *, *, #216, .T. ) ;
#1770 = AXIS2_PLACEMENT_3D ( 'NONE', #1310, #624, #2276 ) ;
#1771 = CARTESIAN_POINT ( 'NONE',  ( -143.8197999999999865, 10.21863622100000057, 7.987459202000001035 ) ) ;
#1772 = CARTESIAN_POINT ( 'NONE',  ( -144.8233533910000119, 39.71863622099999702, 8.083905811000001052 ) ) ;
#1773 = ORIENTED_EDGE ( 'NONE', *, *, #2156, .T. ) ;
#1774 = ORIENTED_EDGE ( 'NONE', *, *, #1485, .T. ) ;
#1775 = ORIENTED_EDGE ( 'NONE', *, *, #1565, .T. ) ;
#1776 = ORIENTED_EDGE ( 'NONE', *, *, #2476, .F. ) ;
#1777 = CARTESIAN_POINT ( 'NONE',  ( -143.3197999999999865, 44.24066122100000342, 23.65745920200000185 ) ) ;
#1778 = CARTESIAN_POINT ( 'NONE',  ( -117.5962820649999969, 54.18357229699999777, 5.707477059999999547 ) ) ;
#1779 = DIRECTION ( 'NONE',  ( 0.000000000000000000, 1.000000000000000000, 0.000000000000000000 ) ) ;
#1780 = AXIS2_PLACEMENT_3D ( 'NONE', #752, #717, #1204 ) ;
#1781 = ORIENTED_EDGE ( 'NONE', *, *, #756, .T. ) ;
#1782 = PLANE ( 'NONE',  #1669 ) ;
#1783 = DIRECTION ( 'NONE',  ( 0.8164965802364696490, -0.5773502701672098558, 0.000000000000000000 ) ) ;
#1784 = EDGE_CURVE ( 'NONE', #1614, #289, #917, .T. ) ;
#1785 = LINE ( 'NONE', #856, #1142 ) ;
#1786 = CARTESIAN_POINT ( 'NONE',  ( -141.5198000000000036, 48.44066122099999916, 18.25745920199999972 ) ) ;
#1787 = LINE ( 'NONE', #1374, #3004 ) ;
#1788 = DIRECTION ( 'NONE',  ( -1.000000000000000000, 0.000000000000000000, 0.000000000000000000 ) ) ;
#1789 = LINE ( 'NONE', #2797, #2234 ) ;
#1790 = VERTEX_POINT ( 'NONE', #508 ) ;
#1791 = VECTOR ( 'NONE', #1175, 1000.000000000000000 ) ;
#1792 = CARTESIAN_POINT ( 'NONE',  ( -141.5198000000000036, 48.44066122099999916, 18.95745920199999901 ) ) ;
#1793 = FACE_OUTER_BOUND ( 'NONE', #2912, .T. ) ;
#1794 = CARTESIAN_POINT ( 'NONE',  ( 141.7198000000000206, 53.64066122100000200, 5.557459201999999543 ) ) ;
#1795 = ADVANCED_FACE ( 'NONE', ( #657 ), #2437, .T. ) ;
#1796 = ORIENTED_EDGE ( 'NONE', *, *, #518, .F. ) ;
#1797 = FACE_OUTER_BOUND ( 'NONE', #3063, .T. ) ;
#1798 = LINE ( 'NONE', #311, #696 ) ;
#1799 = EDGE_CURVE ( 'NONE', #1467, #525, #262, .T. ) ;
#1800 = DIRECTION ( 'NONE',  ( -1.000000000000000000, 0.000000000000000000, 0.000000000000000000 ) ) ;
#1801 = VERTEX_POINT ( 'NONE', #1945 ) ;
#1802 = FACE_OUTER_BOUND ( 'NONE', #634, .T. ) ;
#1803 = DIRECTION ( 'NONE',  ( 0.000000000000000000, 0.000000000000000000, 1.000000000000000000 ) ) ;
#1804 = CARTESIAN_POINT ( 'NONE',  ( -146.3197999999999865, -52.24743877900000655, 18.45745920200000256 ) ) ;
#1805 = ORIENTED_EDGE ( 'NONE', *, *, #1042, .F. ) ;
#1806 = DIRECTION ( 'NONE',  ( -1.000000000000000000, 0.000000000000000000, 0.000000000000000000 ) ) ;
#1807 = LINE ( 'NONE', #685, #3025 ) ;
#1808 = CARTESIAN_POINT ( 'NONE',  ( 0.2999999999999999889, 46.24066122099999632, 18.65745920200000185 ) ) ;
#1809 = AXIS2_PLACEMENT_3D ( 'NONE', #34, #538, #2717 ) ;
#1810 = ORIENTED_EDGE ( 'NONE', *, *, #458, .F. ) ;
#1811 = DIRECTION ( 'NONE',  ( 0.000000000000000000, 0.000000000000000000, -1.000000000000000000 ) ) ;
#1812 = ORIENTED_EDGE ( 'NONE', *, *, #1988, .T. ) ;
#1813 = CARTESIAN_POINT ( 'NONE',  ( -146.5198000000000036, 48.44066122099999916, 5.757459202000000609 ) ) ;
#1814 = ORIENTED_EDGE ( 'NONE', *, *, #3070, .F. ) ;
#1815 = ORIENTED_EDGE ( 'NONE', *, *, #2409, .F. ) ;
#1816 = DIRECTION ( 'NONE',  ( 1.000000000000000000, 0.000000000000000000, 0.000000000000000000 ) ) ;
#1817 = VERTEX_POINT ( 'NONE', #2675 ) ;
#1818 = ORIENTED_EDGE ( 'NONE', *, *, #982, .F. ) ;
#1819 = PLANE ( 'NONE',  #2117 ) ;
#1820 =( NAMED_UNIT ( * ) PLANE_ANGLE_UNIT ( ) SI_UNIT ( $, .RADIAN. ) );
#1821 = CARTESIAN_POINT ( 'NONE',  ( -146.5198000000000036, 9.718636221000000575, 8.487459202000001923 ) ) ;
#1822 = EDGE_CURVE ( 'NONE', #791, #2006, #1, .T. ) ;
#1823 = ORIENTED_EDGE ( 'NONE', *, *, #1427, .T. ) ;
#1824 = DIRECTION ( 'NONE',  ( -0.7071067811865474617, 0.000000000000000000, 0.7071067811865474617 ) ) ;
#1825 = EDGE_CURVE ( 'NONE', #2425, #186, #1292, .T. ) ;
#1826 = ORIENTED_EDGE ( 'NONE', *, *, #2919, .F. ) ;
#1827 = CARTESIAN_POINT ( 'NONE',  ( 146.1697999999999809, 1.850000000000000311, 5.557459201999999543 ) ) ;
#1828 = ORIENTED_EDGE ( 'NONE', *, *, #2738, .F. ) ;
#1829 = PLANE ( 'NONE',  #2482 ) ;
#1830 = DIRECTION ( 'NONE',  ( 0.000000000000000000, -1.000000000000000000, 0.000000000000000000 ) ) ;
#1831 = CARTESIAN_POINT ( 'NONE',  ( -146.5198000000000036, 3.200000000000000178, 27.09770821127732177 ) ) ;
#1832 = PLANE ( 'NONE',  #1676 ) ;
#1833 = CARTESIAN_POINT ( 'NONE',  ( -117.2391931410000012, 53.44066122100000626, 6.057459202000000431 ) ) ;
#1834 = CARTESIAN_POINT ( 'NONE',  ( 136.5099060519999625, 52.74066122099999632, 22.65745920200000185 ) ) ;
#1835 = APPROVAL_STATUS ( 'not_yet_approved' ) ;
#1836 = VECTOR ( 'NONE', #2759, 1000.000000000000114 ) ;
#1837 = ORIENTED_EDGE ( 'NONE', *, *, #2308, .F. ) ;
#1838 = EDGE_CURVE ( 'NONE', #1231, #2682, #1785, .T. ) ;
#1839 = ADVANCED_FACE ( 'NONE', ( #2023 ), #2265, .T. ) ;
#1840 = LINE ( 'NONE', #779, #1872 ) ;
#1841 = DIRECTION ( 'NONE',  ( 0.000000000000000000, -1.000000000000000000, 0.000000000000000000 ) ) ;
#1842 = CARTESIAN_POINT ( 'NONE',  ( 144.4197999999999809, 16.99661122099999844, 5.757459202000000609 ) ) ;
#1843 = FACE_BOUND ( 'NONE', #1868, .T. ) ;
#1844 = VECTOR ( 'NONE', #2778, 1000.000000000000114 ) ;
#1845 = CARTESIAN_POINT ( 'NONE',  ( 144.4197999999999809, 16.99661122099999844, 5.757459202000000609 ) ) ;
#1846 = VECTOR ( 'NONE', #281, 1000.000000000000000 ) ;
#1847 = APPROVAL_ROLE ( '' ) ;
#1848 = LINE ( 'NONE', #2616, #1385 ) ;
#1849 = EDGE_LOOP ( 'NONE', ( #2989, #564, #482, #3109, #413, #909, #796, #394, #1731, #3079 ) ) ;
#1850 = AXIS2_PLACEMENT_3D ( 'NONE', #1645, #979, #252 ) ;
#1851 = VECTOR ( 'NONE', #2342, 1000.000000000000000 ) ;
#1852 = DIRECTION ( 'NONE',  ( -0.7071067811865474617, 0.000000000000000000, -0.7071067811865474617 ) ) ;
#1853 = DIRECTION ( 'NONE',  ( 0.000000000000000000, 0.000000000000000000, 1.000000000000000000 ) ) ;
#1854 = ORIENTED_EDGE ( 'NONE', *, *, #1880, .F. ) ;
#1855 = ORIENTED_EDGE ( 'NONE', *, *, #1334, .T. ) ;
#1856 = DIRECTION ( 'NONE',  ( -1.000000000000000000, 0.000000000000000000, 0.000000000000000000 ) ) ;
#1857 = VERTEX_POINT ( 'NONE', #1066 ) ;
#1858 = EDGE_CURVE ( 'NONE', #637, #523, #3002, .T. ) ;
#1859 = ORIENTED_EDGE ( 'NONE', *, *, #1099, .F. ) ;
#1860 = ORIENTED_EDGE ( 'NONE', *, *, #1565, .F. ) ;
#1861 = EDGE_LOOP ( 'NONE', ( #2125, #365, #266, #1363 ) ) ;
#1862 = VERTEX_POINT ( 'NONE', #1098 ) ;
#1863 = CARTESIAN_POINT ( 'NONE',  ( -131.8391931410000097, 55.74066122100000342, 7.264565983999999865 ) ) ;
#1864 = ORIENTED_EDGE ( 'NONE', *, *, #1118, .T. ) ;
#1865 = CARTESIAN_POINT ( 'NONE',  ( 146.9197999999999809, 16.79661122099999915, 5.557459201999999543 ) ) ;
#1866 = DIRECTION ( 'NONE',  ( 0.000000000000000000, 0.000000000000000000, -1.000000000000000000 ) ) ;
#1867 = CARTESIAN_POINT ( 'NONE',  ( 141.9198000000000093, 46.24066122099999632, 18.65745920200000185 ) ) ;
#1868 = EDGE_LOOP ( 'NONE', ( #2505, #742, #1009, #1021 ) ) ;
#1869 = EDGE_CURVE ( 'NONE', #2056, #1369, #2853, .T. ) ;
#1870 = VECTOR ( 'NONE', #1558, 1000.000000000000000 ) ;
#1871 = CONICAL_SURFACE ( 'NONE', #300, 4.199999999999999289, 0.7853981625000003852 ) ;
#1872 = VECTOR ( 'NONE', #986, 1000.000000000000000 ) ;
#1873 = ORIENTED_EDGE ( 'NONE', *, *, #2104, .F. ) ;
#1874 = LINE ( 'NONE', #2664, #1223 ) ;
#1875 = LINE ( 'NONE', #769, #2169 ) ;
#1876 = ORIENTED_EDGE ( 'NONE', *, *, #2146, .T. ) ;
#1877 = FACE_OUTER_BOUND ( 'NONE', #2829, .T. ) ;
#1878 = LINE ( 'NONE', #3008, #2284 ) ;
#1879 = CARTESIAN_POINT ( 'NONE',  ( -120.2391931410000012, 49.74066122100000342, 10.76660615499999984 ) ) ;
#1880 = EDGE_CURVE ( 'NONE', #2945, #377, #2512, .T. ) ;
#1881 = VECTOR ( 'NONE', #131, 1000.000000000000000 ) ;
#1882 = DIRECTION ( 'NONE',  ( 0.7071067811865474617, 0.000000000000000000, 0.7071067811865474617 ) ) ;
#1883 = CARTESIAN_POINT ( 'NONE',  ( 145.3697999999999979, 1.850000000000000533, 22.66750970500000051 ) ) ;
#1884 = ADVANCED_FACE ( 'NONE', ( #161 ), #1832, .T. ) ;
#1885 = ORIENTED_EDGE ( 'NONE', *, *, #2348, .T. ) ;
#1886 = FACE_OUTER_BOUND ( 'NONE', #1657, .T. ) ;
#1887 = CARTESIAN_POINT ( 'NONE',  ( 145.3697999999999979, 3.700000000000000622, 22.66750970500000051 ) ) ;
#1888 = ORIENTED_EDGE ( 'NONE', *, *, #3067, .F. ) ;
#1889 = EDGE_LOOP ( 'NONE', ( #2071, #2010, #850, #1823, #3024 ) ) ;
#1890 = AXIS2_PLACEMENT_3D ( 'NONE', #2132, #2119, #2624 ) ;
#1891 = ORIENTED_EDGE ( 'NONE', *, *, #1514, .F. ) ;
#1892 = DIRECTION ( 'NONE',  ( 0.000000000000000000, 0.000000000000000000, 1.000000000000000000 ) ) ;
#1893 = DIRECTION ( 'NONE',  ( 0.000000000000000000, 0.000000000000000000, 1.000000000000000000 ) ) ;
#1894 = DIRECTION ( 'NONE',  ( -0.000000000000000000, 1.000000000000000000, -0.000000000000000000 ) ) ;
#1895 = DIRECTION ( 'NONE',  ( 0.000000000000000000, 0.000000000000000000, 1.000000000000000000 ) ) ;
#1896 = ORIENTED_EDGE ( 'NONE', *, *, #970, .F. ) ;
#1897 = VERTEX_POINT ( 'NONE', #2775 ) ;
#1898 = DIRECTION ( 'NONE',  ( 0.000000000000000000, 1.000000000000000000, 0.000000000000000000 ) ) ;
#1899 = EDGE_CURVE ( 'NONE', #141, #2311, #1950, .T. ) ;
#1900 = ORIENTED_EDGE ( 'NONE', *, *, #561, .F. ) ;
#1901 = ADVANCED_FACE ( 'NONE', ( #1301 ), #1572, .T. ) ;
#1902 = EDGE_LOOP ( 'NONE', ( #2340, #1837, #2154, #1090 ) ) ;
#1903 = AXIS2_PLACEMENT_3D ( 'NONE', #944, #2767, #2925 ) ;
#1904 = PLANE ( 'NONE',  #2915 ) ;
#1905 = CARTESIAN_POINT ( 'NONE',  ( -130.1391931409999927, 53.44066122100000626, 6.057459202000000431 ) ) ;
#1906 = EDGE_CURVE ( 'NONE', #2518, #1857, #2195, .T. ) ;
#1907 = FACE_OUTER_BOUND ( 'NONE', #95, .T. ) ;
#1908 = ORIENTED_EDGE ( 'NONE', *, *, #3058, .F. ) ;
#1909 = DIRECTION ( 'NONE',  ( 0.000000000000000000, -1.000000000000000000, 0.000000000000000000 ) ) ;
#1910 = LINE ( 'NONE', #1978, #886 ) ;
#1911 = EDGE_CURVE ( 'NONE', #2610, #1325, #2277, .T. ) ;
#1912 = CARTESIAN_POINT ( 'NONE',  ( -143.8197999999999865, 9.718636221000000575, 9.087459202000001568 ) ) ;
#1913 = EDGE_CURVE ( 'NONE', #1119, #1465, #2596, .T. ) ;
#1914 = ADVANCED_FACE ( 'NONE', ( #1312 ), #1078, .T. ) ;
#1915 = PERSON ( '未指定', '未指定', '未指定', ('未指定'), ('未指定'), ('未指定') ) ;
#1916 = LINE ( 'NONE', #2681, #2445 ) ;
#1917 = LINE ( 'NONE', #2329, #927 ) ;
#1918 = DIRECTION ( 'NONE',  ( 0.000000000000000000, 0.000000000000000000, 1.000000000000000000 ) ) ;
#1919 = VECTOR ( 'NONE', #2703, 1000.000000000000000 ) ;
#1920 = LINE ( 'NONE', #2866, #1530 ) ;
#1921 = CARTESIAN_POINT ( 'NONE',  ( -141.3197999999999865, 46.24066122099999632, 23.65745920200000185 ) ) ;
#1922 = EDGE_CURVE ( 'NONE', #525, #2712, #1759, .T. ) ;
#1923 = VERTEX_POINT ( 'NONE', #81 ) ;
#1924 = CARTESIAN_POINT ( 'NONE',  ( 146.7198000000000206, 48.44066122099999916, 18.25745920199999972 ) ) ;
#1925 = DIRECTION ( 'NONE',  ( 0.000000000000000000, -1.000000000000000000, 0.000000000000000000 ) ) ;
#1926 = LINE ( 'NONE', #2793, #1273 ) ;
#1927 = EDGE_CURVE ( 'NONE', #2636, #203, #1965, .T. ) ;
#1928 = EDGE_LOOP ( 'NONE', ( #2147, #1908, #1684, #2987 ) ) ;
#1929 = EDGE_CURVE ( 'NONE', #236, #488, #2413, .T. ) ;
#1930 = ORIENTED_EDGE ( 'NONE', *, *, #351, .T. ) ;
#1931 = CARTESIAN_POINT ( 'NONE',  ( 149.5697999999999865, 1.850000000000000089, 28.66483049266259897 ) ) ;
#1932 = ORIENTED_EDGE ( 'NONE', *, *, #613, .T. ) ;
#1933 = ORIENTED_EDGE ( 'NONE', *, *, #2308, .T. ) ;
#1934 = ORIENTED_EDGE ( 'NONE', *, *, #1960, .F. ) ;
#1935 = AXIS2_PLACEMENT_3D ( 'NONE', #2466, #1014, #279 ) ;
#1936 = ORIENTED_EDGE ( 'NONE', *, *, #219, .T. ) ;
#1937 = ORIENTED_EDGE ( 'NONE', *, *, #495, .T. ) ;
#1938 = DIRECTION ( 'NONE',  ( 1.000000000000000000, -0.000000000000000000, 0.000000000000000000 ) ) ;
#1939 = DIRECTION ( 'NONE',  ( 0.000000000000000000, 0.000000000000000000, -1.000000000000000000 ) ) ;
#1940 = EDGE_CURVE ( 'NONE', #1817, #2518, #2758, .T. ) ;
#1941 = VERTEX_POINT ( 'NONE', #2111 ) ;
#1942 = PRODUCT_DEFINITION ( '未知', '', #906, #2833 ) ;
#1943 = ORIENTED_EDGE ( 'NONE', *, *, #739, .T. ) ;
#1944 = DIRECTION ( 'NONE',  ( 0.000000000000000000, -1.000000000000000000, 0.000000000000000000 ) ) ;
#1945 = CARTESIAN_POINT ( 'NONE',  ( 151.0197999970000069, 48.74066121900000326, 22.26750970500000193 ) ) ;
#1946 = ADVANCED_FACE ( 'NONE', ( #1886 ), #2118, .F. ) ;
#1947 = VECTOR ( 'NONE', #1089, 1000.000000000000000 ) ;
#1948 = FACE_OUTER_BOUND ( 'NONE', #1128, .T. ) ;
#1949 = CARTESIAN_POINT ( 'NONE',  ( 143.9197999999999809, 0.000000000000000000, 5.757459202000000609 ) ) ;
#1950 = LINE ( 'NONE', #1535, #2395 ) ;
#1951 = AXIS2_PLACEMENT_3D ( 'NONE', #2313, #1830, #2551 ) ;
#1952 = ORIENTED_EDGE ( 'NONE', *, *, #2062, .F. ) ;
#1953 = DIRECTION ( 'NONE',  ( 0.000000000000000000, 0.000000000000000000, 1.000000000000000000 ) ) ;
#1954 = VECTOR ( 'NONE', #1882, 1000.000000000000114 ) ;
#1955 = CALENDAR_DATE ( 2025, 27, 11 ) ;
#1956 = VECTOR ( 'NONE', #2459, 1000.000000000000000 ) ;
#1957 = VECTOR ( 'NONE', #1047, 1000.000000000000000 ) ;
#1958 = CARTESIAN_POINT ( 'NONE',  ( -4.825699999999999434, 52.74066122099999632, 19.65745920200000185 ) ) ;
#1959 = LINE ( 'NONE', #1278, #509 ) ;
#1960 = EDGE_CURVE ( 'NONE', #368, #2979, #966, .T. ) ;
#1961 = CARTESIAN_POINT ( 'NONE',  ( -117.6391931409999927, 53.44066122100000626, 5.757459202000000609 ) ) ;
#1962 = VECTOR ( 'NONE', #2127, 1000.000000000000000 ) ;
#1963 = DIRECTION ( 'NONE',  ( 0.7071067811865474617, 0.000000000000000000, -0.7071067811865474617 ) ) ;
#1964 = VERTEX_POINT ( 'NONE', #1867 ) ;
#1965 = LINE ( 'NONE', #820, #593 ) ;
#1966 = ADVANCED_FACE ( 'NONE', ( #3107 ), #2618, .T. ) ;
#1967 = VERTEX_POINT ( 'NONE', #2344 ) ;
#1968 = DIRECTION ( 'NONE',  ( -0.000000000000000000, -0.000000000000000000, -1.000000000000000000 ) ) ;
#1969 = ORIENTED_EDGE ( 'NONE', *, *, #2223, .F. ) ;
#1970 = DIRECTION ( 'NONE',  ( 0.000000000000000000, 0.5773502690291379968, 0.8164965810412080360 ) ) ;
#1971 = ORIENTED_EDGE ( 'NONE', *, *, #2801, .T. ) ;
#1972 = EDGE_CURVE ( 'NONE', #1081, #239, #17, .T. ) ;
#1973 = CARTESIAN_POINT ( 'NONE',  ( 141.9198000000000093, 44.24066122100000342, 24.25745920200000327 ) ) ;
#1974 = PLANE ( 'NONE',  #1321 ) ;
#1975 = DIRECTION ( 'NONE',  ( 0.000000000000000000, 0.000000000000000000, -1.000000000000000000 ) ) ;
#1976 = ORIENTED_EDGE ( 'NONE', *, *, #1593, .T. ) ;
#1977 = ORIENTED_EDGE ( 'NONE', *, *, #2513, .T. ) ;
#1978 = CARTESIAN_POINT ( 'NONE',  ( -117.7391931410000012, 54.04066122100000058, 10.76660615499999984 ) ) ;
#1979 = ORIENTED_EDGE ( 'NONE', *, *, #2801, .F. ) ;
#1980 = ORIENTED_EDGE ( 'NONE', *, *, #782, .F. ) ;
#1981 = AXIS2_PLACEMENT_3D ( 'NONE', #1525, #1010, #2212 ) ;
#1982 = DIRECTION ( 'NONE',  ( 1.000000000000000000, -0.000000000000000000, 0.000000000000000000 ) ) ;
#1983 = ORIENTED_EDGE ( 'NONE', *, *, #718, .F. ) ;
#1984 = CARTESIAN_POINT ( 'NONE',  ( -117.2391931410000012, 54.03355443899999955, 5.557459201999999543 ) ) ;
#1985 = ORIENTED_EDGE ( 'NONE', *, *, #1150, .T. ) ;
#1986 = ADVANCED_FACE ( 'NONE', ( #1612 ), #2839, .F. ) ;
#1987 = PLANE ( 'NONE',  #2642 ) ;
#1988 = EDGE_CURVE ( 'NONE', #2686, #920, #1232, .T. ) ;
#1989 = VECTOR ( 'NONE', #1991, 1000.000000000000000 ) ;
#1990 = EDGE_CURVE ( 'NONE', #3106, #2388, #3147, .T. ) ;
#1991 = DIRECTION ( 'NONE',  ( 0.000000000000000000, 0.000000000000000000, 1.000000000000000000 ) ) ;
#1992 = FACE_OUTER_BOUND ( 'NONE', #560, .T. ) ;
#1993 = LINE ( 'NONE', #2621, #1446 ) ;
#1994 = CARTESIAN_POINT ( 'NONE',  ( 149.5697999999999865, 3.700000000000000178, 28.66483049266259897 ) ) ;
#1995 = DIRECTION ( 'NONE',  ( 0.000000000000000000, -1.000000000000000000, 0.000000000000000000 ) ) ;
#1996 = LINE ( 'NONE', #59, #2863 ) ;
#1997 = FACE_OUTER_BOUND ( 'NONE', #328, .T. ) ;
#1998 = DIRECTION ( 'NONE',  ( 0.7071067811865474617, 0.7071067811865474617, 0.000000000000000000 ) ) ;
#1999 = AXIS2_PLACEMENT_3D ( 'NONE', #372, #3015, #1554 ) ;
#2000 = CARTESIAN_POINT ( 'NONE',  ( -141.3197999999999865, 46.24066122099999632, 23.65745920200000185 ) ) ;
#2001 = LINE ( 'NONE', #775, #2867 ) ;
#2002 = VECTOR ( 'NONE', #3108, 1000.000000000000000 ) ;
#2003 = EDGE_CURVE ( 'NONE', #1706, #683, #2951, .T. ) ;
#2004 = EDGE_LOOP ( 'NONE', ( #206, #452, #1667, #2493 ) ) ;
#2005 = DIRECTION ( 'NONE',  ( -0.7071067811865474617, 0.7071067811865474617, 0.000000000000000000 ) ) ;
#2006 = VERTEX_POINT ( 'NONE', #1845 ) ;
#2007 = CARTESIAN_POINT ( 'NONE',  ( -127.6391931410000069, 49.74066122100000342, 10.76660615499999984 ) ) ;
#2008 = ORIENTED_EDGE ( 'NONE', *, *, #2439, .T. ) ;
#2009 = ORIENTED_EDGE ( 'NONE', *, *, #54, .F. ) ;
#2010 = ORIENTED_EDGE ( 'NONE', *, *, #826, .F. ) ;
#2011 =( BOUNDED_CURVE ( )  B_SPLINE_CURVE ( 3, ( #1121, #2106, #1366, #1607 ),
 .UNSPECIFIED., .F., .F. ) 
 B_SPLINE_CURVE_WITH_KNOTS ( ( 4, 4 ),
 ( 5.507837820245872429, 6.283185307179586232 ),
 .UNSPECIFIED. ) 
 CURVE ( )  GEOMETRIC_REPRESENTATION_ITEM ( )  RATIONAL_B_SPLINE_CURVE ( ( 1.000000000000000000, 0.9505273148578120557, 0.9505273148578120557, 1.000000000000000000 ) ) 
 REPRESENTATION_ITEM ( '' )  );
#2012 = EDGE_LOOP ( 'NONE', ( #1983, #2126, #2495, #477, #2906 ) ) ;
#2013 = CARTESIAN_POINT ( 'NONE',  ( 145.3697999999999979, 3.700000000000000622, 5.557459201999999543 ) ) ;
#2014 = CARTESIAN_POINT ( 'NONE',  ( 146.5198000000000036, 48.44066122099999916, 18.45745920200000256 ) ) ;
#2015 = DIRECTION ( 'NONE',  ( -0.000000000000000000, 0.7071067811865475727, 0.7071067811865475727 ) ) ;
#2016 = PLANE ( 'NONE',  #2185 ) ;
#2017 = ORIENTED_EDGE ( 'NONE', *, *, #1913, .T. ) ;
#2018 = EDGE_CURVE ( 'NONE', #937, #2217, #1459, .T. ) ;
#2019 = DIRECTION ( 'NONE',  ( 0.000000000000000000, 0.000000000000000000, 1.000000000000000000 ) ) ;
#2020 = VERTEX_POINT ( 'NONE', #1392 ) ;
#2021 = DIRECTION ( 'NONE',  ( -0.7071067811865475727, 0.000000000000000000, -0.7071067811865475727 ) ) ;
#2022 = DIRECTION ( 'NONE',  ( 1.000000000000000000, 0.000000000000000000, 0.000000000000000000 ) ) ;
#2023 = FACE_OUTER_BOUND ( 'NONE', #1248, .T. ) ;
#2024 = VECTOR ( 'NONE', #2590, 1000.000000000000114 ) ;
#2025 = CARTESIAN_POINT ( 'NONE',  ( -72.80989999999999895, 53.44066122100000626, 18.95745920199999901 ) ) ;
#2026 = DIRECTION ( 'NONE',  ( 0.7071067811865475727, 0.000000000000000000, -0.7071067811865475727 ) ) ;
#2027 = CONICAL_SURFACE ( 'NONE', #133, 5.505025253000006558, 0.7853981607197643156 ) ;
#2028 = FACE_OUTER_BOUND ( 'NONE', #3155, .T. ) ;
#2029 = CARTESIAN_POINT ( 'NONE',  ( 151.0198000000000036, 31.86863622100000271, 18.95745920199999901 ) ) ;
#2030 = EDGE_CURVE ( 'NONE', #2979, #3116, #898, .T. ) ;
#2031 = CALENDAR_DATE ( 2025, 27, 11 ) ;
#2032 = DIRECTION ( 'NONE',  ( 0.7071067811865475727, -0.7071067811865475727, 0.000000000000000000 ) ) ;
#2033 = VECTOR ( 'NONE', #869, 1000.000000000000114 ) ;
#2034 = PERSON_AND_ORGANIZATION ( #1915, #1569 ) ;
#2035 = LINE ( 'NONE', #2996, #667 ) ;
#2036 = CARTESIAN_POINT ( 'NONE',  ( -4.825699999999999434, 52.74066122099999632, 19.65745920200000185 ) ) ;
#2037 = DIRECTION ( 'NONE',  ( 0.000000000000000000, 0.000000000000000000, -1.000000000000000000 ) ) ;
#2038 = AXIS2_PLACEMENT_3D ( 'NONE', #1214, #734, #1461 ) ;
#2039 = VECTOR ( 'NONE', #505, 1000.000000000000114 ) ;
#2040 = DIRECTION ( 'NONE',  ( 0.000000000000000000, 0.000000000000000000, -1.000000000000000000 ) ) ;
#2041 = DIRECTION ( 'NONE',  ( 0.7071067811865475727, 0.000000000000000000, 0.7071067811865475727 ) ) ;
#2042 = ORIENTED_EDGE ( 'NONE', *, *, #35, .T. ) ;
#2043 = VECTOR ( 'NONE', #633, 1000.000000000000000 ) ;
#2044 = ORIENTED_EDGE ( 'NONE', *, *, #292, .T. ) ;
#2045 = DIRECTION ( 'NONE',  ( -0.7071067811865475727, 0.000000000000000000, 0.7071067811865475727 ) ) ;
#2046 = ORIENTED_EDGE ( 'NONE', *, *, #2507, .F. ) ;
#2047 = ORIENTED_EDGE ( 'NONE', *, *, #1346, .T. ) ;
#2048 = EDGE_CURVE ( 'NONE', #2451, #479, #1685, .T. ) ;
#2049 = DIRECTION ( 'NONE',  ( 0.000000000000000000, 0.000000000000000000, 1.000000000000000000 ) ) ;
#2050 = ORIENTED_EDGE ( 'NONE', *, *, #1514, .T. ) ;
#2051 = ORIENTED_EDGE ( 'NONE', *, *, #1736, .F. ) ;
#2052 = DIRECTION ( 'NONE',  ( -0.000000000000000000, 1.000000000000000000, 0.000000000000000000 ) ) ;
#2053 = DIRECTION ( 'NONE',  ( 1.000000000000000000, 0.000000000000000000, 0.000000000000000000 ) ) ;
#2054 = DIRECTION ( 'NONE',  ( 1.000000000000000000, 0.000000000000000000, 0.000000000000000000 ) ) ;
#2055 = CARTESIAN_POINT ( 'NONE',  ( -143.9197999999999809, 44.24066122100000342, 24.25745920200000327 ) ) ;
#2056 = VERTEX_POINT ( 'NONE', #2331 ) ;
#2057 = DIRECTION ( 'NONE',  ( -1.000000000000000000, 0.000000000000000000, 0.000000000000000000 ) ) ;
#2058 = DIRECTION ( 'NONE',  ( 0.000000000000000000, -0.7071067811865475727, 0.7071067811865475727 ) ) ;
#2059 = CARTESIAN_POINT ( 'NONE',  ( -143.4197999999999809, 54.03355443899999955, 5.557459201000000348 ) ) ;
#2060 = ORIENTED_EDGE ( 'NONE', *, *, #1266, .T. ) ;
#2061 = CARTESIAN_POINT ( 'NONE',  ( -150.4197999999999809, 48.74066122100000342, 7.264565983999999865 ) ) ;
#2062 = EDGE_CURVE ( 'NONE', #65, #1231, #1161, .T. ) ;
#2063 = PLANE ( 'NONE',  #227 ) ;
#2064 = CARTESIAN_POINT ( 'NONE',  ( 150.5248252529999888, 28.86863622099999915, 22.76248445500000273 ) ) ;
#2065 = LINE ( 'NONE', #1255, #1179 ) ;
#2066 = ORIENTED_EDGE ( 'NONE', *, *, #562, .T. ) ;
#2067 = DIRECTION ( 'NONE',  ( 0.000000000000000000, 0.000000000000000000, 1.000000000000000000 ) ) ;
#2068 = LINE ( 'NONE', #1246, #1183 ) ;
#2069 = CARTESIAN_POINT ( 'NONE',  ( 0.2149999999999999967, 48.24066122100000342, 22.65745920200000185 ) ) ;
#2070 = DIRECTION ( 'NONE',  ( 0.000000000000000000, -1.000000000000000000, 0.000000000000000000 ) ) ;
#2071 = ORIENTED_EDGE ( 'NONE', *, *, #1744, .F. ) ;
#2072 = LINE ( 'NONE', #1055, #507 ) ;
#2073 = VECTOR ( 'NONE', #770, 1000.000000000000000 ) ;
#2074 = PLANE ( 'NONE',  #2416 ) ;
#2075 = LINE ( 'NONE', #1961, #1035 ) ;
#2076 = CARTESIAN_POINT ( 'NONE',  ( 141.9198000000000093, 44.24066122100000342, 23.65745920200000185 ) ) ;
#2077 = CARTESIAN_POINT ( 'NONE',  ( -143.4197999999999809, 55.74066122100000342, 7.264565983999999865 ) ) ;
#2078 = CARTESIAN_POINT ( 'NONE',  ( 143.9197999999999809, 44.24066122100000342, 23.65745920200000185 ) ) ;
#2079 = CIRCLE ( 'NONE', #1556, 5.000000000000004441 ) ;
#2080 = ADVANCED_FACE ( 'NONE', ( #475 ), #2091, .F. ) ;
#2081 = DIRECTION ( 'NONE',  ( -1.000000000000000000, 0.000000000000000000, 0.000000000000000000 ) ) ;
#2082 = ORIENTED_EDGE ( 'NONE', *, *, #97, .T. ) ;
#2083 = EDGE_CURVE ( 'NONE', #3122, #2360, #2982, .T. ) ;
#2084 = EDGE_CURVE ( 'NONE', #1119, #2020, #1002, .T. ) ;
#2085 = EDGE_LOOP ( 'NONE', ( #2042, #788, #1328, #975, #877 ) ) ;
#2086 = CARTESIAN_POINT ( 'NONE',  ( -150.4197999999999809, 28.86863622099999915, 18.95745920199999901 ) ) ;
#2087 = ORIENTED_EDGE ( 'NONE', *, *, #1485, .F. ) ;
#2088 = ORIENTED_EDGE ( 'NONE', *, *, #2406, .F. ) ;
#2089 = ORIENTED_EDGE ( 'NONE', *, *, #2513, .F. ) ;
#2090 = CARTESIAN_POINT ( 'NONE',  ( -141.3197999999999865, 44.24066122100000342, 18.45745920200000256 ) ) ;
#2091 = PLANE ( 'NONE',  #749 ) ;
#2092 = EDGE_CURVE ( 'NONE', #2614, #207, #2612, .T. ) ;
#2093 = ORIENTED_EDGE ( 'NONE', *, *, #1434, .T. ) ;
#2094 = EDGE_CURVE ( 'NONE', #2653, #2695, #1807, .T. ) ;
#2095 = DIRECTION ( 'NONE',  ( -1.000000000000000000, 1.177544999180147646E-16, 0.000000000000000000 ) ) ;
#2096 = ADVANCED_FACE ( 'NONE', ( #671 ), #183, .F. ) ;
#2097 = VERTEX_POINT ( 'NONE', #690 ) ;
#2098 = DIRECTION ( 'NONE',  ( -0.7071067811865475727, 0.000000000000000000, -0.7071067811865475727 ) ) ;
#2099 = DIRECTION ( 'NONE',  ( -1.000000000000000000, 0.000000000000000000, 0.000000000000000000 ) ) ;
#2100 = AXIS2_PLACEMENT_3D ( 'NONE', #581, #2511, #2268 ) ;
#2101 = VECTOR ( 'NONE', #314, 1000.000000000000000 ) ;
#2102 = FACE_OUTER_BOUND ( 'NONE', #604, .T. ) ;
#2103 = CARTESIAN_POINT ( 'NONE',  ( -146.5198000000000036, 48.44066122099999916, 18.25745920199999972 ) ) ;
#2104 = EDGE_CURVE ( 'NONE', #824, #758, #2683, .T. ) ;
#2105 = VECTOR ( 'NONE', #1641, 1000.000000000000000 ) ;
#2106 = CARTESIAN_POINT ( 'NONE',  ( -117.6890767218513929, 54.09077764014862311, 5.802156016147882234 ) ) ;
#2107 = FACE_OUTER_BOUND ( 'NONE', #302, .T. ) ;
#2108 = CARTESIAN_POINT ( 'NONE',  ( 146.9197999999999809, 48.44066122099999916, 5.557459201999999543 ) ) ;
#2109 = APPROVAL_PERSON_ORGANIZATION ( #2326, #2323, #1847 ) ;
#2110 = LINE ( 'NONE', #832, #1225 ) ;
#2111 = CARTESIAN_POINT ( 'NONE',  ( -148.4298505059999798, 48.74066122100000342, 24.25745920200000327 ) ) ;
#2112 = LINE ( 'NONE', #1319, #2203 ) ;
#2113 = FACE_OUTER_BOUND ( 'NONE', #829, .T. ) ;
#2114 = CYLINDRICAL_SURFACE ( 'NONE', #2824, 2.500000000000000444 ) ;
#2115 = CARTESIAN_POINT ( 'NONE',  ( 149.3126932200000283, 0.000000000000000000, 5.557459201999999543 ) ) ;
#2116 = EDGE_LOOP ( 'NONE', ( #3075, #1692, #2944, #94 ) ) ;
#2117 = AXIS2_PLACEMENT_3D ( 'NONE', #2560, #1348, #3053 ) ;
#2118 = CYLINDRICAL_SURFACE ( 'NONE', #148, 5.000000000000004441 ) ;
#2119 = DIRECTION ( 'NONE',  ( 0.5000000000659545751, -0.7071067810932735176, 0.5000000000659547972 ) ) ;
#2120 = DIRECTION ( 'NONE',  ( -0.000000000000000000, -0.000000000000000000, -1.000000000000000000 ) ) ;
#2121 = VERTEX_POINT ( 'NONE', #1430 ) ;
#2122 = DIRECTION ( 'NONE',  ( 0.000000000000000000, -1.000000000000000000, 0.000000000000000000 ) ) ;
#2123 = EDGE_LOOP ( 'NONE', ( #2943, #2047, #2218, #670 ) ) ;
#2124 = ORIENTED_EDGE ( 'NONE', *, *, #625, .T. ) ;
#2125 = ORIENTED_EDGE ( 'NONE', *, *, #1591, .F. ) ;
#2126 = ORIENTED_EDGE ( 'NONE', *, *, #1390, .T. ) ;
#2127 = DIRECTION ( 'NONE',  ( 1.000000000000000000, 0.000000000000000000, 0.000000000000000000 ) ) ;
#2128 = CARTESIAN_POINT ( 'NONE',  ( 141.7198000000000206, 48.44066122099999916, 18.25745920199999972 ) ) ;
#2129 = DIRECTION ( 'NONE',  ( -1.000000000000000000, 2.710505431213777355E-16, 0.000000000000000000 ) ) ;
#2130 = ORIENTED_EDGE ( 'NONE', *, *, #1390, .F. ) ;
#2131 = DIRECTION ( 'NONE',  ( -1.000000000000000000, 0.000000000000000000, 0.000000000000000000 ) ) ;
#2132 = CARTESIAN_POINT ( 'NONE',  ( -144.8233533910000119, 9.718636221000000575, 8.083905811000001052 ) ) ;
#2133 = LINE ( 'NONE', #2903, #954 ) ;
#2134 = DIRECTION ( 'NONE',  ( -0.7071067811865474617, -0.7071067811865474617, 0.000000000000000000 ) ) ;
#2135 = ADVANCED_FACE ( 'NONE', ( #2494 ), #401, .F. ) ;
#2136 = VECTOR ( 'NONE', #2934, 1000.000000000000000 ) ;
#2137 = ORIENTED_EDGE ( 'NONE', *, *, #395, .F. ) ;
#2138 = DIRECTION ( 'NONE',  ( 0.7071067811865474617, -0.000000000000000000, -0.7071067811865474617 ) ) ;
#2139 = VECTOR ( 'NONE', #2509, 1000.000000000000114 ) ;
#2140 = FACE_OUTER_BOUND ( 'NONE', #1722, .T. ) ;
#2141 = FACE_OUTER_BOUND ( 'NONE', #1541, .T. ) ;
#2142 = CARTESIAN_POINT ( 'NONE',  ( -130.1391931409999927, 54.04066122100000058, 10.76660615499999984 ) ) ;
#2143 = EDGE_CURVE ( 'NONE', #207, #1941, #2372, .T. ) ;
#2144 = VECTOR ( 'NONE', #2498, 1000.000000000000000 ) ;
#2145 = DIRECTION ( 'NONE',  ( -0.5000000000659547972, 0.5000000000659545751, -0.7071067810932735176 ) ) ;
#2146 = EDGE_CURVE ( 'NONE', #146, #1396, #2250, .T. ) ;
#2147 = ORIENTED_EDGE ( 'NONE', *, *, #1721, .T. ) ;
#2148 = ORIENTED_EDGE ( 'NONE', *, *, #2390, .F. ) ;
#2149 = CARTESIAN_POINT ( 'NONE',  ( 144.5198000000000036, 44.24066122100000342, 24.25745920200000327 ) ) ;
#2150 = ORIENTED_EDGE ( 'NONE', *, *, #2955, .F. ) ;
#2151 = DIRECTION ( 'NONE',  ( -1.000000000000000000, 0.000000000000000000, 0.000000000000000000 ) ) ;
#2152 = CARTESIAN_POINT ( 'NONE',  ( -146.5198000000000036, 0.000000000000000000, 22.66750970500000051 ) ) ;
#2153 = ORIENTED_EDGE ( 'NONE', *, *, #562, .F. ) ;
#2154 = ORIENTED_EDGE ( 'NONE', *, *, #1990, .T. ) ;
#2155 = DIRECTION ( 'NONE',  ( -1.000000000000000000, 1.399596341882716523E-17, 0.000000000000000000 ) ) ;
#2156 = EDGE_CURVE ( 'NONE', #2990, #985, #1077, .T. ) ;
#2157 = VERTEX_POINT ( 'NONE', #191 ) ;
#2158 = ORIENTED_EDGE ( 'NONE', *, *, #1032, .T. ) ;
#2159 = DIRECTION ( 'NONE',  ( 0.000000000000000000, -1.000000000000000000, 0.000000000000000000 ) ) ;
#2160 = DIRECTION ( 'NONE',  ( -0.7071067811865475727, 0.000000000000000000, -0.7071067811865475727 ) ) ;
#2161 = ORIENTED_EDGE ( 'NONE', *, *, #66, .F. ) ;
#2162 = LINE ( 'NONE', #1033, #2101 ) ;
#2163 = LINE ( 'NONE', #1143, #2358 ) ;
#2164 = CONICAL_SURFACE ( 'NONE', #949, 6.646446608999989181, 0.7853981607197643156 ) ;
#2165 = DIRECTION ( 'NONE',  ( 0.000000000000000000, 0.000000000000000000, 1.000000000000000000 ) ) ;
#2166 = CARTESIAN_POINT ( 'NONE',  ( 141.9198000000000093, 44.24066122100000342, 18.45745920200000256 ) ) ;
#2167 = EDGE_CURVE ( 'NONE', #651, #3071, #3069, .T. ) ;
#2168 = COORDINATED_UNIVERSAL_TIME_OFFSET ( 8, 0, .AHEAD. ) ;
#2169 = VECTOR ( 'NONE', #12, 1000.000000000000000 ) ;
#2170 = CARTESIAN_POINT ( 'NONE',  ( -143.4197999999999809, 48.74066122100000342, 22.26750970299999821 ) ) ;
#2171 = ORIENTED_EDGE ( 'NONE', *, *, #2030, .T. ) ;
#2172 = LINE ( 'NONE', #816, #2641 ) ;
#2173 = FACE_OUTER_BOUND ( 'NONE', #1400, .T. ) ;
#2174 = ORIENTED_EDGE ( 'NONE', *, *, #1092, .T. ) ;
#2175 = CARTESIAN_POINT ( 'NONE',  ( -150.4197999999999809, 48.74066122100000342, 7.264565983999999865 ) ) ;
#2176 = EDGE_LOOP ( 'NONE', ( #1693, #676, #2060, #1876 ) ) ;
#2177 = EDGE_CURVE ( 'NONE', #2729, #3082, #1644, .T. ) ;
#2178 = ORIENTED_EDGE ( 'NONE', *, *, #557, .F. ) ;
#2179 = CARTESIAN_POINT ( 'NONE',  ( -148.9697999999999922, 1.600000000000000089, 5.814565983999982812 ) ) ;
#2180 = VERTEX_POINT ( 'NONE', #2637 ) ;
#2181 = ORIENTED_EDGE ( 'NONE', *, *, #1206, .T. ) ;
#2182 = ORIENTED_EDGE ( 'NONE', *, *, #2229, .T. ) ;
#2183 = AXIS2_PLACEMENT_3D ( 'NONE', #2960, #250, #2481 ) ;
#2184 = ORIENTED_EDGE ( 'NONE', *, *, #2998, .F. ) ;
#2185 = AXIS2_PLACEMENT_3D ( 'NONE', #1772, #2220, #2026 ) ;
#2186 = ORIENTED_EDGE ( 'NONE', *, *, #595, .F. ) ;
#2187 = VERTEX_POINT ( 'NONE', #934 ) ;
#2188 = DIRECTION ( 'NONE',  ( 0.000000000000000000, -1.000000000000000000, 0.000000000000000000 ) ) ;
#2189 = DIRECTION ( 'NONE',  ( 1.000000000000000000, 0.000000000000000000, 0.000000000000000000 ) ) ;
#2190 = ORIENTED_EDGE ( 'NONE', *, *, #1630, .T. ) ;
#2191 = ORIENTED_EDGE ( 'NONE', *, *, #2439, .F. ) ;
#2192 = EDGE_CURVE ( 'NONE', #1202, #2097, #437, .T. ) ;
#2193 = ORIENTED_EDGE ( 'NONE', *, *, #1652, .T. ) ;
#2194 = CARTESIAN_POINT ( 'NONE',  ( 149.6662466089999839, 0.000000000000000000, 5.911012592999999704 ) ) ;
#2195 = LINE ( 'NONE', #376, #2753 ) ;
#2196 = DIRECTION ( 'NONE',  ( 1.000000000000000000, 0.000000000000000000, 0.000000000000000000 ) ) ;
#2197 = VECTOR ( 'NONE', #2134, 1000.000000000000114 ) ;
#2198 = CARTESIAN_POINT ( 'NONE',  ( -117.6391931409999927, 53.44066122100000626, 5.757459202000000609 ) ) ;
#2199 = CIRCLE ( 'NONE', #1935, 2.500000000000000444 ) ;
#2200 = EDGE_LOOP ( 'NONE', ( #247, #1774, #1425, #1040 ) ) ;
#2201 = DIRECTION ( 'NONE',  ( 0.000000000000000000, 0.000000000000000000, 1.000000000000000000 ) ) ;
#2202 = CARTESIAN_POINT ( 'NONE',  ( 143.9198000000000093, 0.000000000000000000, 23.65745920200000185 ) ) ;
#2203 = VECTOR ( 'NONE', #1767, 1000.000000000000000 ) ;
#2204 = FACE_OUTER_BOUND ( 'NONE', #2896, .T. ) ;
#2205 = EDGE_CURVE ( 'NONE', #1355, #3082, #1926, .T. ) ;
#2206 = DIRECTION ( 'NONE',  ( -1.000000000000000000, 0.000000000000000000, 0.000000000000000000 ) ) ;
#2207 = LINE ( 'NONE', #1235, #2449 ) ;
#2208 = DIRECTION ( 'NONE',  ( -1.000000000000000000, 0.000000000000000000, 0.000000000000000000 ) ) ;
#2209 = CARTESIAN_POINT ( 'NONE',  ( -146.5198000000000036, 3.200000000000000178, 5.757459201999999721 ) ) ;
#2210 = AXIS2_PLACEMENT_3D ( 'NONE', #1317, #1531, #1751 ) ;
#2211 = APPROVAL_DATE_TIME ( #2671, #1181 ) ;
#2212 = DIRECTION ( 'NONE',  ( 0.000000000000000000, 1.000000000000000000, 0.000000000000000000 ) ) ;
#2213 = ORIENTED_EDGE ( 'NONE', *, *, #1057, .F. ) ;
#2214 = ORIENTED_EDGE ( 'NONE', *, *, #1746, .T. ) ;
#2215 = ORIENTED_EDGE ( 'NONE', *, *, #693, .F. ) ;
#2216 = DIRECTION ( 'NONE',  ( 0.000000000000000000, -0.000000000000000000, -1.000000000000000000 ) ) ;
#2217 = VERTEX_POINT ( 'NONE', #360 ) ;
#2218 = ORIENTED_EDGE ( 'NONE', *, *, #2222, .F. ) ;
#2219 = CARTESIAN_POINT ( 'NONE',  ( -130.1391931409999927, 49.74066122100000342, 11.06726787100000031 ) ) ;
#2220 = DIRECTION ( 'NONE',  ( 0.5000000000659546862, 0.7071067810932736286, 0.5000000000659546862 ) ) ;
#2221 = ORIENTED_EDGE ( 'NONE', *, *, #2230, .F. ) ;
#2222 = EDGE_CURVE ( 'NONE', #1457, #1728, #2835, .T. ) ;
#2223 = EDGE_CURVE ( 'NONE', #2006, #3111, #324, .T. ) ;
#2224 = CARTESIAN_POINT ( 'NONE',  ( -143.3197999999999865, 0.000000000000000000, 0.2574592019999999981 ) ) ;
#2225 = ORIENTED_EDGE ( 'NONE', *, *, #656, .T. ) ;
#2226 = CARTESIAN_POINT ( 'NONE',  ( -148.2698000000000036, 1.600000000000000089, 22.66750970500000051 ) ) ;
#2227 = EDGE_CURVE ( 'NONE', #2464, #2954, #1534, .T. ) ;
#2228 = LINE ( 'NONE', #1314, #1836 ) ;
#2229 = EDGE_CURVE ( 'NONE', #481, #2500, #2079, .T. ) ;
#2230 = EDGE_CURVE ( 'NONE', #2990, #824, #280, .T. ) ;
#2231 = DIRECTION ( 'NONE',  ( 0.000000000000000000, -1.000000000000000000, 0.000000000000000000 ) ) ;
#2232 = VECTOR ( 'NONE', #2151, 1000.000000000000000 ) ;
#2233 = CARTESIAN_POINT ( 'NONE',  ( 126.4299060519999927, 46.24066122099999632, 22.65745920200000185 ) ) ;
#2234 = VECTOR ( 'NONE', #450, 1000.000000000000000 ) ;
#2235 = PLANE ( 'NONE',  #1245 ) ;
#2236 = DATE_AND_TIME ( #1522, #1449 ) ;
#2237 = AXIS2_PLACEMENT_3D ( 'NONE', #1542, #2243, #87 ) ;
#2238 = FACE_OUTER_BOUND ( 'NONE', #607, .T. ) ;
#2239 = DIRECTION ( 'NONE',  ( 0.000000000000000000, 0.000000000000000000, 1.000000000000000000 ) ) ;
#2240 = AXIS2_PLACEMENT_3D ( 'NONE', #1389, #1893, #270 ) ;
#2241 = DIRECTION ( 'NONE',  ( 0.000000000000000000, -1.000000000000000000, 0.000000000000000000 ) ) ;
#2242 = VECTOR ( 'NONE', #2189, 1000.000000000000000 ) ;
#2243 = DIRECTION ( 'NONE',  ( 0.000000000000000000, 0.000000000000000000, -1.000000000000000000 ) ) ;
#2244 = LINE ( 'NONE', #472, #2039 ) ;
#2245 = ADVANCED_FACE ( 'NONE', ( #1307 ), #150, .F. ) ;
#2246 = EDGE_CURVE ( 'NONE', #2180, #377, #2755, .T. ) ;
#2247 = DIRECTION ( 'NONE',  ( -1.000000000000000000, 0.000000000000000000, 0.000000000000000000 ) ) ;
#2248 = ORIENTED_EDGE ( 'NONE', *, *, #1264, .F. ) ;
#2249 = DIRECTION ( 'NONE',  ( 1.000000000000000000, -0.000000000000000000, -0.000000000000000000 ) ) ;
#2250 = LINE ( 'NONE', #2375, #1388 ) ;
#2251 = ORIENTED_EDGE ( 'NONE', *, *, #35, .F. ) ;
#2252 = AXIS2_PLACEMENT_3D ( 'NONE', #1302, #318, #2247 ) ;
#2253 = ORIENTED_EDGE ( 'NONE', *, *, #1825, .F. ) ;
#2254 = DIRECTION ( 'NONE',  ( 0.000000000000000000, -1.000000000000000000, 0.000000000000000000 ) ) ;
#2255 = CARTESIAN_POINT ( 'NONE',  ( 143.9197999999999809, -2.003388778999999786, 5.757459202000000609 ) ) ;
#2256 = ORIENTED_EDGE ( 'NONE', *, *, #548, .F. ) ;
#2257 = ORIENTED_EDGE ( 'NONE', *, *, #916, .T. ) ;
#2258 = CARTESIAN_POINT ( 'NONE',  ( -141.3197999999999865, 46.84066122100000484, 24.25745920200000327 ) ) ;
#2259 = CARTESIAN_POINT ( 'NONE',  ( 144.4197999999999809, 16.99661122099999844, 2.057459201999999987 ) ) ;
#2260 = ORIENTED_EDGE ( 'NONE', *, *, #2393, .F. ) ;
#2261 = ORIENTED_EDGE ( 'NONE', *, *, #2143, .F. ) ;
#2262 = CARTESIAN_POINT ( 'NONE',  ( 136.5099060519999625, 46.24066122099999632, 19.65745920200000185 ) ) ;
#2263 = AXIS2_PLACEMENT_3D ( 'NONE', #2688, #2435, #2159 ) ;
#2264 = CARTESIAN_POINT ( 'NONE',  ( 145.3697999999999979, 1.850000000000000533, 22.66750970500000051 ) ) ;
#2265 = PLANE ( 'NONE',  #1510 ) ;
#2266 = DIRECTION ( 'NONE',  ( 0.000000000000000000, 1.000000000000000000, 0.000000000000000000 ) ) ;
#2267 = ADVANCED_FACE ( 'NONE', ( #471 ), #2320, .F. ) ;
#2268 = DIRECTION ( 'NONE',  ( -1.000000000000000000, 0.000000000000000000, 0.000000000000000000 ) ) ;
#2269 = AXIS2_PLACEMENT_3D ( 'NONE', #2090, #1337, #1329 ) ;
#2270 = DIRECTION ( 'NONE',  ( 0.5773502691896257311, 0.5773502691896257311, 0.5773502691896257311 ) ) ;
#2271 = CARTESIAN_POINT ( 'NONE',  ( 0.2999999999999999889, 54.38710783000000504, 5.911012592999999704 ) ) ;
#2272 = DIRECTION ( 'NONE',  ( 0.7071067811865474617, -0.000000000000000000, 0.7071067811865474617 ) ) ;
#2273 = VECTOR ( 'NONE', #1938, 1000.000000000000000 ) ;
#2274 = LINE ( 'NONE', #1399, #2197 ) ;
#2275 = DIRECTION ( 'NONE',  ( -0.000000000000000000, 1.000000000000000000, 0.000000000000000000 ) ) ;
#2276 = DIRECTION ( 'NONE',  ( 1.000000000000000000, 0.000000000000000000, 0.000000000000000000 ) ) ;
#2277 = LINE ( 'NONE', #2765, #348 ) ;
#2278 = LINE ( 'NONE', #3030, #1148 ) ;
#2279 = CARTESIAN_POINT ( 'NONE',  ( -74.80989999999999895, 55.24568647400000287, 22.76248445500000273 ) ) ;
#2280 = CYLINDRICAL_SURFACE ( 'NONE', #406, 2.500000000000000444 ) ;
#2281 = DIRECTION ( 'NONE',  ( 1.000000000000000000, 0.000000000000000000, 0.000000000000000000 ) ) ;
#2282 = CARTESIAN_POINT ( 'NONE',  ( -120.2391931410000012, 54.04066122100000058, 13.26660615500000162 ) ) ;
#2283 = CONICAL_SURFACE ( 'NONE', #579, 4.199999999999999289, 0.7853981625000003852 ) ;
#2284 = VECTOR ( 'NONE', #810, 1000.000000000000000 ) ;
#2285 = DIRECTION ( 'NONE',  ( -0.000000000000000000, 1.000000000000000000, -0.000000000000000000 ) ) ;
#2286 = DIRECTION ( 'NONE',  ( 0.7071067811865474617, 0.000000000000000000, -0.7071067811865474617 ) ) ;
#2287 = AXIS2_PLACEMENT_3D ( 'NONE', #764, #1742, #51 ) ;
#2288 = ORIENTED_EDGE ( 'NONE', *, *, #427, .T. ) ;
#2289 = LINE ( 'NONE', #264, #1919 ) ;
#2290 = CARTESIAN_POINT ( 'NONE',  ( -149.0662466089999896, 0.000000000000000000, 5.911012592999999704 ) ) ;
#2291 = AXIS2_PLACEMENT_3D ( 'NONE', #52, #1743, #301 ) ;
#2292 = VERTEX_POINT ( 'NONE', #653 ) ;
#2293 = VECTOR ( 'NONE', #2067, 1000.000000000000000 ) ;
#2294 = PLANE ( 'NONE',  #463 ) ;
#2295 = EDGE_LOOP ( 'NONE', ( #1688, #2066, #1812, #1663, #267, #1773 ) ) ;
#2296 = DIRECTION ( 'NONE',  ( 0.000000000000000000, 0.7071067811865474617, 0.7071067811865474617 ) ) ;
#2297 = CARTESIAN_POINT ( 'NONE',  ( -141.5198000000000036, 48.44066122099999916, 5.757459202000000609 ) ) ;
#2298 = ORIENTED_EDGE ( 'NONE', *, *, #2410, .T. ) ;
#2299 = DIRECTION ( 'NONE',  ( 0.000000000000000000, -1.000000000000000000, 0.000000000000000000 ) ) ;
#2300 = ORIENTED_EDGE ( 'NONE', *, *, #1858, .T. ) ;
#2301 = CARTESIAN_POINT ( 'NONE',  ( 126.4299060519999927, 47.25256122100000056, 27.95745920199999901 ) ) ;
#2302 = EDGE_CURVE ( 'NONE', #1394, #289, #163, .T. ) ;
#2303 = CARTESIAN_POINT ( 'NONE',  ( -4.825699999999999434, 52.74066122099999632, 19.65745920200000185 ) ) ;
#2304 = ORIENTED_EDGE ( 'NONE', *, *, #946, .T. ) ;
#2305 = DIRECTION ( 'NONE',  ( -0.000000000000000000, -0.000000000000000000, -1.000000000000000000 ) ) ;
#2306 = EDGE_LOOP ( 'NONE', ( #2706, #1160, #1085, #2158, #1065, #1537, #1647, #977 ) ) ;
#2307 = ORIENTED_EDGE ( 'NONE', *, *, #785, .F. ) ;
#2308 = EDGE_CURVE ( 'NONE', #3106, #2121, #398, .T. ) ;
#2309 = CARTESIAN_POINT ( 'NONE',  ( -141.5198000000000036, 48.44066122099999916, 5.557459201999999543 ) ) ;
#2310 = ADVANCED_FACE ( 'NONE', ( #632 ), #2591, .F. ) ;
#2311 = VERTEX_POINT ( 'NONE', #2108 ) ;
#2312 = DIRECTION ( 'NONE',  ( 0.000000000000000000, 0.000000000000000000, 1.000000000000000000 ) ) ;
#2313 = CARTESIAN_POINT ( 'NONE',  ( -148.9697999999999922, 1.600000000000000089, 27.09770821127732177 ) ) ;
#2314 = AXIS2_PLACEMENT_3D ( 'NONE', #2889, #1705, #230 ) ;
#2315 = AXIS2_PLACEMENT_3D ( 'NONE', #3042, #1803, #2054 ) ;
#2316 = VERTEX_POINT ( 'NONE', #3044 ) ;
#2317 = CARTESIAN_POINT ( 'NONE',  ( -145.2269067809999967, 9.718636221000000575, 8.487459202000001923 ) ) ;
#2318 = EDGE_CURVE ( 'NONE', #523, #1004, #741, .T. ) ;
#2319 = CARTESIAN_POINT ( 'NONE',  ( 144.0198000000000036, 53.75071172700000233, 24.25745920299999980 ) ) ;
#2320 = PLANE ( 'NONE',  #2501 ) ;
#2321 = LINE ( 'NONE', #767, #1989 ) ;
#2322 = LINE ( 'NONE', #1097, #1222 ) ;
#2323 = APPROVAL ( #2547, '未指定' ) ;
#2324 = ADVANCED_FACE ( 'NONE', ( #2173 ), #1819, .F. ) ;
#2325 = FACE_OUTER_BOUND ( 'NONE', #692, .T. ) ;
#2326 = PERSON_AND_ORGANIZATION ( #1915, #1569 ) ;
#2327 = VECTOR ( 'NONE', #1575, 1000.000000000000000 ) ;
#2328 = LINE ( 'NONE', #2404, #858 ) ;
#2329 = CARTESIAN_POINT ( 'NONE',  ( 136.5099060519999625, 46.24066122099999632, 19.65745920200000185 ) ) ;
#2330 = VECTOR ( 'NONE', #492, 1000.000000000000000 ) ;
#2331 = CARTESIAN_POINT ( 'NONE',  ( -143.4197999999999809, 54.03355443899999955, 5.557459201000000348 ) ) ;
#2332 = ORIENTED_EDGE ( 'NONE', *, *, #1906, .F. ) ;
#2333 = EDGE_CURVE ( 'NONE', #1626, #1629, #1495, .T. ) ;
#2334 = VECTOR ( 'NONE', #1382, 1000.000000000000000 ) ;
#2335 = EDGE_LOOP ( 'NONE', ( #1698, #754, #550, #1243, #521, #2499 ) ) ;
#2336 = VERTEX_POINT ( 'NONE', #1865 ) ;
#2337 = CARTESIAN_POINT ( 'NONE',  ( -141.5198000000000036, 53.64066122100000200, 5.557459201999999543 ) ) ;
#2338 = ORIENTED_EDGE ( 'NONE', *, *, #3120, .F. ) ;
#2339 = CARTESIAN_POINT ( 'NONE',  ( -143.4197999980000020, 55.74066121900000326, 22.26750970500000193 ) ) ;
#2340 = ORIENTED_EDGE ( 'NONE', *, *, #3162, .F. ) ;
#2341 = EDGE_LOOP ( 'NONE', ( #444, #1656, #2992, #2589 ) ) ;
#2342 = DIRECTION ( 'NONE',  ( 0.000000000000000000, 0.000000000000000000, 1.000000000000000000 ) ) ;
#2343 = PLANE ( 'NONE',  #792 ) ;
#2344 = CARTESIAN_POINT ( 'NONE',  ( -130.1391931409999927, 53.44066122100000626, 6.057459202000000431 ) ) ;
#2345 = ORIENTED_EDGE ( 'NONE', *, *, #998, .T. ) ;
#2346 = ORIENTED_EDGE ( 'NONE', *, *, #1528, .F. ) ;
#2347 = ORIENTED_EDGE ( 'NONE', *, *, #2707, .F. ) ;
#2348 = EDGE_CURVE ( 'NONE', #2626, #2948, #3144, .T. ) ;
#2349 = CARTESIAN_POINT ( 'NONE',  ( 0.000000000000000000, 0.000000000000000000, 0.000000000000000000 ) ) ;
#2350 = ORIENTED_EDGE ( 'NONE', *, *, #3162, .T. ) ;
#2351 = CARTESIAN_POINT ( 'NONE',  ( -148.7126932189999877, -52.74743877900000655, 5.557459201999999543 ) ) ;
#2352 = AXIS2_PLACEMENT_3D ( 'NONE', #1573, #611, #1653 ) ;
#2353 = DIRECTION ( 'NONE',  ( 1.000000000000000000, 0.000000000000000000, 0.000000000000000000 ) ) ;
#2354 = ORIENTED_EDGE ( 'NONE', *, *, #2770, .T. ) ;
#2355 = CARTESIAN_POINT ( 'NONE',  ( -144.0198000000000036, 10.21863622100000057, 7.987459202000001035 ) ) ;
#2356 = ADVANCED_FACE ( 'NONE', ( #669 ), #2114, .F. ) ;
#2357 = FACE_OUTER_BOUND ( 'NONE', #817, .T. ) ;
#2358 = VECTOR ( 'NONE', #2606, 1000.000000000000000 ) ;
#2359 = VECTOR ( 'NONE', #585, 1000.000000000000000 ) ;
#2360 = VERTEX_POINT ( 'NONE', #931 ) ;
#2361 = VECTOR ( 'NONE', #445, 1000.000000000000000 ) ;
#2362 = CARTESIAN_POINT ( 'NONE',  ( 145.3697999999999979, 1.850000000000000533, 28.66483049266259897 ) ) ;
#2363 = EDGE_CURVE ( 'NONE', #2097, #236, #1920, .T. ) ;
#2364 = VECTOR ( 'NONE', #2776, 1000.000000000000000 ) ;
#2365 = DIRECTION ( 'NONE',  ( 0.000000000000000000, 1.000000000000000000, 0.000000000000000000 ) ) ;
#2366 = DIRECTION ( 'NONE',  ( -0.000000000000000000, -0.000000000000000000, -1.000000000000000000 ) ) ;
#2367 = FACE_OUTER_BOUND ( 'NONE', #2123, .T. ) ;
#2368 = VECTOR ( 'NONE', #851, 1000.000000000000000 ) ;
#2369 = LINE ( 'NONE', #464, #2566 ) ;
#2370 = VERTEX_POINT ( 'NONE', #414 ) ;
#2371 = AXIS2_PLACEMENT_3D ( 'NONE', #2362, #1182, #443 ) ;
#2372 = CIRCLE ( 'NONE', #912, 5.010050506000007786 ) ;
#2373 = PLANE ( 'NONE',  #1850 ) ;
#2374 = ORIENTED_EDGE ( 'NONE', *, *, #1166, .F. ) ;
#2375 = CARTESIAN_POINT ( 'NONE',  ( -150.4197999999999809, 48.74066122100000342, 22.26750970799999862 ) ) ;
#2376 = ORIENTED_EDGE ( 'NONE', *, *, #2727, .F. ) ;
#2377 = CARTESIAN_POINT ( 'NONE',  ( -146.3197999999999865, 0.000000000000000000, 18.45745920200000256 ) ) ;
#2378 = ORIENTED_EDGE ( 'NONE', *, *, #1346, .F. ) ;
#2379 = EDGE_CURVE ( 'NONE', #1857, #462, #2832, .T. ) ;
#2380 = ORIENTED_EDGE ( 'NONE', *, *, #255, .F. ) ;
#2381 = ORIENTED_EDGE ( 'NONE', *, *, #2534, .T. ) ;
#2382 = EDGE_LOOP ( 'NONE', ( #294, #1766, #2088, #2471 ) ) ;
#2383 = AXIS2_PLACEMENT_3D ( 'NONE', #777, #1020, #49 ) ;
#2384 = VERTEX_POINT ( 'NONE', #2142 ) ;
#2385 = CARTESIAN_POINT ( 'NONE',  ( 144.4197999999999809, 16.99661122099999844, 5.757459202000000609 ) ) ;
#2386 = CARTESIAN_POINT ( 'NONE',  ( -141.5198000000000036, 53.44066122100000626, 18.25745920199999972 ) ) ;
#2387 = ADVANCED_FACE ( 'NONE', ( #2898 ), #3125, .F. ) ;
#2388 = VERTEX_POINT ( 'NONE', #2845 ) ;
#2389 = DIRECTION ( 'NONE',  ( 0.000000000000000000, 0.000000000000000000, 1.000000000000000000 ) ) ;
#2390 = EDGE_CURVE ( 'NONE', #783, #2180, #2643, .T. ) ;
#2391 = DIRECTION ( 'NONE',  ( -1.000000000000000000, 0.000000000000000000, 0.000000000000000000 ) ) ;
#2392 = CARTESIAN_POINT ( 'NONE',  ( -146.7198000000000206, 48.44066122099999916, 5.557459201999999543 ) ) ;
#2393 = EDGE_CURVE ( 'NONE', #1857, #142, #88, .T. ) ;
#2394 = DIRECTION ( 'NONE',  ( 0.000000000000000000, 0.000000000000000000, 1.000000000000000000 ) ) ;
#2395 = VECTOR ( 'NONE', #2286, 1000.000000000000114 ) ;
#2396 = PRODUCT ( 'outer_case_hhkb_1', 'outer_case_hhkb_1', '', ( #1550 ) ) ;
#2397 = VERTEX_POINT ( 'NONE', #1155 ) ;
#2398 = CARTESIAN_POINT ( 'NONE',  ( -150.4197999999999809, 48.74066122100000342, 7.264565983999999865 ) ) ;
#2399 = LINE ( 'NONE', #746, #728 ) ;
#2400 = ADVANCED_FACE ( 'NONE', ( #1576 ), #681, .T. ) ;
#2401 = ADVANCED_FACE ( 'NONE', ( #1116 ), #2411, .T. ) ;
#2402 = PERSON_AND_ORGANIZATION ( #1915, #1569 ) ;
#2403 = FACE_OUTER_BOUND ( 'NONE', #2012, .T. ) ;
#2404 = CARTESIAN_POINT ( 'NONE',  ( -127.6391931410000069, 53.44066122100000626, 13.26660615500000162 ) ) ;
#2405 = ORIENTED_EDGE ( 'NONE', *, *, #795, .F. ) ;
#2406 = EDGE_CURVE ( 'NONE', #565, #203, #778, .T. ) ;
#2407 = VECTOR ( 'NONE', #68, 1000.000000000000000 ) ;
#2408 = DIRECTION ( 'NONE',  ( 0.000000000000000000, 0.000000000000000000, -1.000000000000000000 ) ) ;
#2409 = EDGE_CURVE ( 'NONE', #2653, #2990, #1682, .T. ) ;
#2410 = EDGE_CURVE ( 'NONE', #1504, #937, #50, .T. ) ;
#2411 = CYLINDRICAL_SURFACE ( 'NONE', #1713, 7.000000000000006217 ) ;
#2412 = EDGE_LOOP ( 'NONE', ( #3161, #115, #2215, #1288 ) ) ;
#2413 = LINE ( 'NONE', #1821, #2293 ) ;
#2414 = ORIENTED_EDGE ( 'NONE', *, *, #2884, .F. ) ;
#2415 = ORIENTED_EDGE ( 'NONE', *, *, #2727, .T. ) ;
#2416 = AXIS2_PLACEMENT_3D ( 'NONE', #3026, #1603, #3062 ) ;
#2417 = CARTESIAN_POINT ( 'NONE',  ( -146.7198000000000206, 3.200000000000000622, 5.557459201999998655 ) ) ;
#2418 = ORIENTED_EDGE ( 'NONE', *, *, #1213, .T. ) ;
#2419 = CARTESIAN_POINT ( 'NONE',  ( -117.5429786669965466, 53.56894718618367790, 5.629173236816320092 ) ) ;
#2420 = DIRECTION ( 'NONE',  ( 1.000000000000000000, 0.000000000000000000, 0.000000000000000000 ) ) ;
#2421 = ORIENTED_EDGE ( 'NONE', *, *, #2796, .F. ) ;
#2422 = ORIENTED_EDGE ( 'NONE', *, *, #2627, .T. ) ;
#2423 = CARTESIAN_POINT ( 'NONE',  ( -143.4197999999999809, 48.74066122100000342, 23.76248445499999917 ) ) ;
#2424 = EDGE_LOOP ( 'NONE', ( #1054, #969, #2585, #583, #834, #1765, #1105, #2834 ) ) ;
#2425 = VERTEX_POINT ( 'NONE', #2645 ) ;
#2426 = ORIENTED_EDGE ( 'NONE', *, *, #454, .T. ) ;
#2427 = CARTESIAN_POINT ( 'NONE',  ( 143.9197999999999809, 44.24066122100000342, 18.65745920200000185 ) ) ;
#2428 = ORIENTED_EDGE ( 'NONE', *, *, #710, .T. ) ;
#2429 = CARTESIAN_POINT ( 'NONE',  ( -130.1391931411319263, 54.04066122113191284, 5.924888642927863991 ) ) ;
#2430 = PLANE ( 'NONE',  #2552 ) ;
#2431 = CARTESIAN_POINT ( 'NONE',  ( 145.3697999999999979, 3.700000000000000622, 5.557459201999999543 ) ) ;
#2432 = ADVANCED_FACE ( 'NONE', ( #2679 ), #1904, .F. ) ;
#2433 = LINE ( 'NONE', #1924, #1370 ) ;
#2434 = LINE ( 'NONE', #147, #2923 ) ;
#2435 = DIRECTION ( 'NONE',  ( 0.000000000000000000, 0.000000000000000000, 1.000000000000000000 ) ) ;
#2436 = VECTOR ( 'NONE', #687, 1000.000000000000000 ) ;
#2437 = PLANE ( 'NONE',  #1338 ) ;
#2438 = VERTEX_POINT ( 'NONE', #1141 ) ;
#2439 = EDGE_CURVE ( 'NONE', #285, #1726, #1848, .T. ) ;
#2440 = LINE ( 'NONE', #201, #1707 ) ;
#2441 = DIRECTION ( 'NONE',  ( 0.7071067811865474617, 0.000000000000000000, -0.7071067811865474617 ) ) ;
#2442 = LINE ( 'NONE', #580, #503 ) ;
#2443 = DIRECTION ( 'NONE',  ( 0.000000000000000000, -1.000000000000000000, 0.000000000000000000 ) ) ;
#2444 = ORIENTED_EDGE ( 'NONE', *, *, #956, .F. ) ;
#2445 = VECTOR ( 'NONE', #284, 1000.000000000000000 ) ;
#2446 = CONICAL_SURFACE ( 'NONE', #1277, 2.200000000000007283, 0.7853981625000003852 ) ;
#2447 = CARTESIAN_POINT ( 'NONE',  ( 144.1197999999999979, 16.41376850899999695, 5.557459201999999543 ) ) ;
#2448 = EDGE_LOOP ( 'NONE', ( #1985, #3033, #2580, #168, #2221, #1815, #2905 ) ) ;
#2449 = VECTOR ( 'NONE', #951, 1000.000000000000000 ) ;
#2450 = DIRECTION ( 'NONE',  ( 1.000000000000000000, 0.000000000000000000, 0.000000000000000000 ) ) ;
#2451 = VERTEX_POINT ( 'NONE', #1634 ) ;
#2452 = DIRECTION ( 'NONE',  ( -1.000000000000000000, 0.000000000000000000, 0.000000000000000000 ) ) ;
#2453 = ADVANCED_FACE ( 'NONE', ( #549 ), #2373, .T. ) ;
#2454 = CARTESIAN_POINT ( 'NONE',  ( -141.5198000000000036, 48.44066122099999916, 18.45745920200000256 ) ) ;
#2455 = ORIENTED_EDGE ( 'NONE', *, *, #219, .F. ) ;
#2456 = CARTESIAN_POINT ( 'NONE',  ( -130.6391931409999927, 53.44066122100000626, 6.057459202000000431 ) ) ;
#2457 = CARTESIAN_POINT ( 'NONE',  ( -0.05000000000000000278, -1.803388779000000053, 5.557459201999999543 ) ) ;
#2458 = ORIENTED_EDGE ( 'NONE', *, *, #718, .T. ) ;
#2459 = DIRECTION ( 'NONE',  ( 0.000000000000000000, 1.000000000000000000, 0.000000000000000000 ) ) ;
#2460 = ORIENTED_EDGE ( 'NONE', *, *, #2638, .T. ) ;
#2461 = CARTESIAN_POINT ( 'NONE',  ( -117.2391931410000012, 53.64066122100000200, 5.557459201999999543 ) ) ;
#2462 = EDGE_CURVE ( 'NONE', #2636, #1280, #1754, .T. ) ;
#2463 = CARTESIAN_POINT ( 'NONE',  ( -0.05000000000000000278, 0.000000000000000000, 5.557459201999999543 ) ) ;
#2464 = VERTEX_POINT ( 'NONE', #1696 ) ;
#2465 = VERTEX_POINT ( 'NONE', #2699 ) ;
#2466 = CARTESIAN_POINT ( 'NONE',  ( -120.2391931410000012, 53.44066122100000626, 10.76660615499999984 ) ) ;
#2467 = ORIENTED_EDGE ( 'NONE', *, *, #112, .F. ) ;
#2468 = CARTESIAN_POINT ( 'NONE',  ( -148.7126932200000056, 48.74066122100000342, 5.557459200000000266 ) ) ;
#2469 = CARTESIAN_POINT ( 'NONE',  ( -146.5198000000000036, 39.71863622099999702, 8.487459202000001923 ) ) ;
#2470 = CARTESIAN_POINT ( 'NONE',  ( 146.5198000000000036, 16.99661122099999844, 18.45745920200000256 ) ) ;
#2471 = ORIENTED_EDGE ( 'NONE', *, *, #888, .T. ) ;
#2472 = ORIENTED_EDGE ( 'NONE', *, *, #1721, .F. ) ;
#2473 = CARTESIAN_POINT ( 'NONE',  ( -143.4197999999999809, 48.74066122100000342, 6.911012592999999704 ) ) ;
#2474 = DIRECTION ( 'NONE',  ( 0.000000000000000000, 0.000000000000000000, -1.000000000000000000 ) ) ;
#2475 = EDGE_CURVE ( 'NONE', #520, #165, #127, .T. ) ;
#2476 = EDGE_CURVE ( 'NONE', #791, #2336, #1351, .T. ) ;
#2477 = DIRECTION ( 'NONE',  ( 0.000000000000000000, -1.000000000000000000, 0.000000000000000000 ) ) ;
#2478 = LINE ( 'NONE', #1737, #1481 ) ;
#2479 = AXIS2_PLACEMENT_3D ( 'NONE', #1008, #1474, #516 ) ;
#2480 = ORIENTED_EDGE ( 'NONE', *, *, #1212, .T. ) ;
#2481 = DIRECTION ( 'NONE',  ( 0.000000000000000000, 0.000000000000000000, -1.000000000000000000 ) ) ;
#2482 = AXIS2_PLACEMENT_3D ( 'NONE', #1095, #839, #2539 ) ;
#2483 = DIRECTION ( 'NONE',  ( 1.000000000000000000, 0.000000000000000000, 0.000000000000000000 ) ) ;
#2484 = LINE ( 'NONE', #955, #2967 ) ;
#2485 = VECTOR ( 'NONE', #2005, 1000.000000000000114 ) ;
#2486 = DIRECTION ( 'NONE',  ( 0.000000000000000000, 0.000000000000000000, 1.000000000000000000 ) ) ;
#2487 = VECTOR ( 'NONE', #2296, 1000.000000000000114 ) ;
#2488 = EDGE_CURVE ( 'NONE', #1202, #2518, #1191, .T. ) ;
#2489 = DIRECTION ( 'NONE',  ( 0.000000000000000000, -0.7071067811865475727, 0.7071067811865475727 ) ) ;
#2490 = CIRCLE ( 'NONE', #238, 2.500000000000000444 ) ;
#2491 = DIRECTION ( 'NONE',  ( 0.000000000000000000, -1.000000000000000000, 0.000000000000000000 ) ) ;
#2492 = VECTOR ( 'NONE', #606, 1000.000000000000000 ) ;
#2493 = ORIENTED_EDGE ( 'NONE', *, *, #1371, .F. ) ;
#2494 = FACE_OUTER_BOUND ( 'NONE', #69, .T. ) ;
#2495 = ORIENTED_EDGE ( 'NONE', *, *, #739, .F. ) ;
#2496 = PLANE ( 'NONE',  #3080 ) ;
#2497 = ORIENTED_EDGE ( 'NONE', *, *, #2348, .F. ) ;
#2498 = DIRECTION ( 'NONE',  ( 0.000000000000000000, 1.000000000000000000, 0.000000000000000000 ) ) ;
#2499 = ORIENTED_EDGE ( 'NONE', *, *, #1906, .T. ) ;
#2500 = VERTEX_POINT ( 'NONE', #1192 ) ;
#2501 = AXIS2_PLACEMENT_3D ( 'NONE', #143, #1367, #403 ) ;
#2502 = CARTESIAN_POINT ( 'NONE',  ( -131.8391931410000097, 55.74066122100000342, 10.76660615499999984 ) ) ;
#2503 = VERTEX_POINT ( 'NONE', #1437 ) ;
#2504 = ORIENTED_EDGE ( 'NONE', *, *, #1253, .T. ) ;
#2505 = ORIENTED_EDGE ( 'NONE', *, *, #682, .T. ) ;
#2506 = ORIENTED_EDGE ( 'NONE', *, *, #2627, .F. ) ;
#2507 = EDGE_CURVE ( 'NONE', #2809, #3150, #702, .T. ) ;
#2508 = VERTEX_POINT ( 'NONE', #2417 ) ;
#2509 = DIRECTION ( 'NONE',  ( -0.7071067811865474617, 0.000000000000000000, 0.7071067811865474617 ) ) ;
#2510 = ORIENTED_EDGE ( 'NONE', *, *, #2462, .T. ) ;
#2511 = DIRECTION ( 'NONE',  ( 0.000000000000000000, 0.000000000000000000, 1.000000000000000000 ) ) ;
#2512 = LINE ( 'NONE', #590, #261 ) ;
#2513 = EDGE_CURVE ( 'NONE', #2949, #1579, #2244, .T. ) ;
#2514 = CARTESIAN_POINT ( 'NONE',  ( 149.5697999999999865, 1.850000000000000089, 5.814565983999982812 ) ) ;
#2515 = VECTOR ( 'NONE', #895, 1000.000000000000000 ) ;
#2516 = DIRECTION ( 'NONE',  ( -0.7071067811865474617, 0.000000000000000000, 0.7071067811865474617 ) ) ;
#2517 = CIRCLE ( 'NONE', #2479, 2.000000000000001776 ) ;
#2518 = VERTEX_POINT ( 'NONE', #3139 ) ;
#2519 = CARTESIAN_POINT ( 'NONE',  ( -130.6391931409999927, 54.03355444000000318, 5.557459201999999543 ) ) ;
#2520 = LINE ( 'NONE', #2635, #1791 ) ;
#2521 = AXIS2_PLACEMENT_3D ( 'NONE', #178, #2785, #2081 ) ;
#2522 = LINE ( 'NONE', #799, #2364 ) ;
#2523 = DIRECTION ( 'NONE',  ( -1.000000000000000000, 0.000000000000000000, 0.000000000000000000 ) ) ;
#2524 = AXIS2_PLACEMENT_3D ( 'NONE', #1082, #837, #2813 ) ;
#2525 = DIRECTION ( 'NONE',  ( 0.000000000000000000, -1.000000000000000000, 0.000000000000000000 ) ) ;
#2526 = APPLICATION_PROTOCOL_DEFINITION ( 'international standard', 'config_control_design', 1994, #2812 ) ;
#2527 = LINE ( 'NONE', #2792, #2368 ) ;
#2528 = VECTOR ( 'NONE', #1944, 1000.000000000000000 ) ;
#2529 = CARTESIAN_POINT ( 'NONE',  ( -117.7391931410000012, 49.74066122100000342, 11.06726787100000031 ) ) ;
#2530 = ORIENTED_EDGE ( 'NONE', *, *, #561, .T. ) ;
#2531 = DIRECTION ( 'NONE',  ( 0.000000000000000000, 0.000000000000000000, 1.000000000000000000 ) ) ;
#2532 = VECTOR ( 'NONE', #2848, 1000.000000000000000 ) ;
#2533 = DIRECTION ( 'NONE',  ( 0.8628562089340598984, -0.3574067449726864854, -0.3574067449726864854 ) ) ;
#2534 = EDGE_CURVE ( 'NONE', #2503, #1369, #370, .T. ) ;
#2535 = ORIENTED_EDGE ( 'NONE', *, *, #395, .T. ) ;
#2536 = ORIENTED_EDGE ( 'NONE', *, *, #255, .T. ) ;
#2537 = DIRECTION ( 'NONE',  ( 0.000000000000000000, 1.000000000000000000, 0.000000000000000000 ) ) ;
#2538 = VERTEX_POINT ( 'NONE', #3 ) ;
#2539 = DIRECTION ( 'NONE',  ( 0.000000000000000000, 0.000000000000000000, -1.000000000000000000 ) ) ;
#2540 = ORIENTED_EDGE ( 'NONE', *, *, #1372, .T. ) ;
#2541 = ORIENTED_EDGE ( 'NONE', *, *, #1763, .T. ) ;
#2542 = CARTESIAN_POINT ( 'NONE',  ( -146.2783786440000142, 24.71863622100000057, 10.52888055899999920 ) ) ;
#2543 = CARTESIAN_POINT ( 'NONE',  ( -148.2698000000000036, 1.600000000000000089, 5.557459201999999543 ) ) ;
#2544 = DIRECTION ( 'NONE',  ( -1.000000000000000000, 0.000000000000000000, 0.000000000000000000 ) ) ;
#2545 = ORIENTED_EDGE ( 'NONE', *, *, #454, .F. ) ;
#2546 = CARTESIAN_POINT ( 'NONE',  ( -0.05000000000000000278, -1.803388779000000053, 5.557459201999999543 ) ) ;
#2547 = APPROVAL_STATUS ( 'not_yet_approved' ) ;
#2548 = ORIENTED_EDGE ( 'NONE', *, *, #288, .F. ) ;
#2549 = CARTESIAN_POINT ( 'NONE',  ( 141.9198000000000093, 46.24066122099999632, 23.65745920200000185 ) ) ;
#2550 = EDGE_CURVE ( 'NONE', #1231, #2464, #2569, .T. ) ;
#2551 = DIRECTION ( 'NONE',  ( 0.000000000000000000, -0.000000000000000000, -1.000000000000000000 ) ) ;
#2552 = AXIS2_PLACEMENT_3D ( 'NONE', #2457, #1230, #2443 ) ;
#2553 = ADVANCED_FACE ( 'NONE', ( #963, #930 ), #2917, .F. ) ;
#2554 = CARTESIAN_POINT ( 'NONE',  ( 144.0198000000000036, 54.03355443800000302, 5.557459201000000348 ) ) ;
#2555 = CARTESIAN_POINT ( 'NONE',  ( -146.5198000000000036, 0.000000000000000000, 22.66750970500000051 ) ) ;
#2556 = LINE ( 'NONE', #2976, #2963 ) ;
#2557 = EDGE_LOOP ( 'NONE', ( #948, #2548, #2957, #409 ) ) ;
#2558 = LINE ( 'NONE', #3112, #2436 ) ;
#2559 = CARTESIAN_POINT ( 'NONE',  ( -141.5198000000000036, 53.44066122100000626, 18.25745920199999972 ) ) ;
#2560 = CARTESIAN_POINT ( 'NONE',  ( -148.9697999999999922, 3.200000000000000178, 27.09770821127732177 ) ) ;
#2561 = DIRECTION ( 'NONE',  ( 1.032573497605246785E-16, 1.000000000000000000, -0.000000000000000000 ) ) ;
#2562 = LINE ( 'NONE', #2226, #1489 ) ;
#2563 = DIRECTION ( 'NONE',  ( 0.000000000000000000, -0.7071067811865475727, -0.7071067811865475727 ) ) ;
#2564 = DIRECTION ( 'NONE',  ( 0.000000000000000000, 0.000000000000000000, 1.000000000000000000 ) ) ;
#2565 = EDGE_CURVE ( 'NONE', #3116, #1758, #320, .T. ) ;
#2566 = VECTOR ( 'NONE', #1527, 1000.000000000000000 ) ;
#2567 = DIRECTION ( 'NONE',  ( 0.000000000000000000, 0.7071067811865474617, 0.7071067811865474617 ) ) ;
#2568 = EDGE_CURVE ( 'NONE', #2682, #637, #1610, .T. ) ;
#2569 = LINE ( 'NONE', #2427, #2528 ) ;
#2570 = DIRECTION ( 'NONE',  ( 0.000000000000000000, 0.000000000000000000, 1.000000000000000000 ) ) ;
#2571 = ADVANCED_FACE ( 'NONE', ( #1036 ), #2900, .T. ) ;
#2572 = ORIENTED_EDGE ( 'NONE', *, *, #1470, .F. ) ;
#2573 = CARTESIAN_POINT ( 'NONE',  ( 144.0198000000000036, 48.74066122100000342, 6.911012592999999704 ) ) ;
#2574 = DIRECTION ( 'NONE',  ( 0.000000000000000000, 0.000000000000000000, -1.000000000000000000 ) ) ;
#2575 = UNCERTAINTY_MEASURE_WITH_UNIT (LENGTH_MEASURE( 1.000000000000000082E-05 ), #1571, 'distance_accuracy_value', 'NONE');
#2576 = ORIENTED_EDGE ( 'NONE', *, *, #123, .F. ) ;
#2577 = VERTEX_POINT ( 'NONE', #706 ) ;
#2578 = DIRECTION ( 'NONE',  ( 0.7071067811865475727, -0.7071067811865475727, 0.000000000000000000 ) ) ;
#2579 = EDGE_CURVE ( 'NONE', #1964, #251, #2207, .T. ) ;
#2580 = ORIENTED_EDGE ( 'NONE', *, *, #878, .T. ) ;
#2581 = ORIENTED_EDGE ( 'NONE', *, *, #2018, .T. ) ;
#2582 = VERTEX_POINT ( 'NONE', #2258 ) ;
#2583 = EDGE_CURVE ( 'NONE', #3115, #1315, #2328, .T. ) ;
#2584 = CARTESIAN_POINT ( 'NONE',  ( 141.7198000000000206, 53.24066122099999632, 18.45745920200000256 ) ) ;
#2585 = ORIENTED_EDGE ( 'NONE', *, *, #2333, .T. ) ;
#2586 = DIRECTION ( 'NONE',  ( -1.000000000000000000, 0.000000000000000000, 0.000000000000000000 ) ) ;
#2587 = DIRECTION ( 'NONE',  ( -0.000000000000000000, -0.000000000000000000, -1.000000000000000000 ) ) ;
#2588 = CARTESIAN_POINT ( 'NONE',  ( -143.8197999999999865, 39.71863622099999702, 9.087459202000001568 ) ) ;
#2589 = ORIENTED_EDGE ( 'NONE', *, *, #1266, .F. ) ;
#2590 = DIRECTION ( 'NONE',  ( 0.000000000000000000, -0.7071067811865474617, 0.7071067811865474617 ) ) ;
#2591 = PLANE ( 'NONE',  #1951 ) ;
#2592 = CIRCLE ( 'NONE', #2314, 2.000000000000001776 ) ;
#2593 = LINE ( 'NONE', #128, #346 ) ;
#2594 =( GEOMETRIC_REPRESENTATION_CONTEXT ( 3 ) GLOBAL_UNCERTAINTY_ASSIGNED_CONTEXT ( ( #2575 ) ) GLOBAL_UNIT_ASSIGNED_CONTEXT ( ( #1571, #1820, #108 ) ) REPRESENTATION_CONTEXT ( 'NONE', 'WORKASPACE' ) );
#2595 = CARTESIAN_POINT ( 'NONE',  ( 146.1697999999999809, 1.850000000000000311, 22.66750970500000051 ) ) ;
#2596 = LINE ( 'NONE', #843, #661 ) ;
#2597 = ORIENTED_EDGE ( 'NONE', *, *, #22, .F. ) ;
#2598 = LINE ( 'NONE', #2392, #1954 ) ;
#2599 = COORDINATED_UNIVERSAL_TIME_OFFSET ( 8, 0, .AHEAD. ) ;
#2600 = LINE ( 'NONE', #2290, #7 ) ;
#2601 = PLANE ( 'NONE',  #504 ) ;
#2602 = VECTOR ( 'NONE', #1502, 1000.000000000000114 ) ;
#2603 = AXIS2_PLACEMENT_3D ( 'NONE', #655, #666, #1620 ) ;
#2604 = LINE ( 'NONE', #2715, #3017 ) ;
#2605 = CARTESIAN_POINT ( 'NONE',  ( 143.9197999999999809, 0.000000000000000000, -0.7425407980000000574 ) ) ;
#2606 = DIRECTION ( 'NONE',  ( 0.000000000000000000, 1.000000000000000000, 0.000000000000000000 ) ) ;
#2607 = VECTOR ( 'NONE', #1398, 1000.000000000000000 ) ;
#2608 = DIRECTION ( 'NONE',  ( 0.000000000000000000, 0.7071067811865474617, -0.7071067811865474617 ) ) ;
#2609 = CARTESIAN_POINT ( 'NONE',  ( -130.6391931409999927, 53.64066122100000200, 5.557459201999999543 ) ) ;
#2610 = VERTEX_POINT ( 'NONE', #208 ) ;
#2611 = EDGE_CURVE ( 'NONE', #1726, #651, #2369, .T. ) ;
#2612 = LINE ( 'NONE', #3066, #362 ) ;
#2613 = ORIENTED_EDGE ( 'NONE', *, *, #2488, .F. ) ;
#2614 = VERTEX_POINT ( 'NONE', #766 ) ;
#2615 = EDGE_LOOP ( 'NONE', ( #134, #60, #2844 ) ) ;
#2616 = CARTESIAN_POINT ( 'NONE',  ( 141.7198000000000206, 53.44066122100000626, 5.757459202000000609 ) ) ;
#2617 = PLANE ( 'NONE',  #2644 ) ;
#2618 = PLANE ( 'NONE',  #1494 ) ;
#2619 = ORIENTED_EDGE ( 'NONE', *, *, #1690, .F. ) ;
#2620 = ORIENTED_EDGE ( 'NONE', *, *, #940, .T. ) ;
#2621 = CARTESIAN_POINT ( 'NONE',  ( -149.0662466089999896, 3.199999999999999734, 5.911012592999999704 ) ) ;
#2622 = ORIENTED_EDGE ( 'NONE', *, *, #2534, .F. ) ;
#2623 = ORIENTED_EDGE ( 'NONE', *, *, #2665, .F. ) ;
#2624 = DIRECTION ( 'NONE',  ( 0.000000000000000000, -0.5773502692911697265, -0.8164965808559235816 ) ) ;
#2625 = DIRECTION ( 'NONE',  ( 1.000000000000000000, 0.000000000000000000, 0.000000000000000000 ) ) ;
#2626 = VERTEX_POINT ( 'NONE', #1777 ) ;
#2627 = EDGE_CURVE ( 'NONE', #453, #1279, #358, .T. ) ;
#2628 = DIRECTION ( 'NONE',  ( 0.7071067811865475727, 0.000000000000000000, -0.7071067811865475727 ) ) ;
#2629 = ADVANCED_FACE ( 'NONE', ( #999 ), #1249, .T. ) ;
#2630 = CONICAL_SURFACE ( 'NONE', #1809, 5.505025253000006558, 0.7853981607197643156 ) ;
#2631 = ORIENTED_EDGE ( 'NONE', *, *, #2177, .F. ) ;
#2632 = CARTESIAN_POINT ( 'NONE',  ( -143.7369572879999851, 39.01863621999999765, 7.987459202000001035 ) ) ;
#2633 = EDGE_CURVE ( 'NONE', #2932, #2388, #2289, .T. ) ;
#2634 = VECTOR ( 'NONE', #1683, 1000.000000000000000 ) ;
#2635 = CARTESIAN_POINT ( 'NONE',  ( -146.5198000000000036, 48.44066122099999916, 18.25745920199999972 ) ) ;
#2636 = VERTEX_POINT ( 'NONE', #2202 ) ;
#2637 = CARTESIAN_POINT ( 'NONE',  ( -117.7391931410000012, 54.04066122100000058, 6.057459202000000431 ) ) ;
#2638 = EDGE_CURVE ( 'NONE', #1028, #138, #2001, .T. ) ;
#2639 = SHAPE_DEFINITION_REPRESENTATION ( #2878, #2861 ) ;
#2640 = FACE_OUTER_BOUND ( 'NONE', #1274, .T. ) ;
#2641 = VECTOR ( 'NONE', #2516, 1000.000000000000114 ) ;
#2642 = AXIS2_PLACEMENT_3D ( 'NONE', #2219, #1439, #402 ) ;
#2643 = LINE ( 'NONE', #2852, #232 ) ;
#2644 = AXIS2_PLACEMENT_3D ( 'NONE', #1912, #434, #1648 ) ;
#2645 = CARTESIAN_POINT ( 'NONE',  ( -4.825699999999999434, 46.24066122099999632, 19.65745920200000185 ) ) ;
#2646 = ORIENTED_EDGE ( 'NONE', *, *, #446, .F. ) ;
#2647 = CARTESIAN_POINT ( 'NONE',  ( -143.4197999980000020, 55.74066121900000326, 22.26750970500000193 ) ) ;
#2648 = CARTESIAN_POINT ( 'NONE',  ( 0.000000000000000000, 0.000000000000000000, 22.66750970500000051 ) ) ;
#2649 = ORIENTED_EDGE ( 'NONE', *, *, #2738, .T. ) ;
#2650 = EDGE_CURVE ( 'NONE', #2500, #683, #2716, .T. ) ;
#2651 = ORIENTED_EDGE ( 'NONE', *, *, #782, .T. ) ;
#2652 = ORIENTED_EDGE ( 'NONE', *, *, #1869, .T. ) ;
#2653 = VERTEX_POINT ( 'NONE', #2732 ) ;
#2654 = AXIS2_PLACEMENT_3D ( 'NONE', #608, #2299, #842 ) ;
#2655 = DIRECTION ( 'NONE',  ( 0.000000000000000000, 0.000000000000000000, -1.000000000000000000 ) ) ;
#2656 = EDGE_LOOP ( 'NONE', ( #1468, #793, #762, #3113 ) ) ;
#2657 = DIRECTION ( 'NONE',  ( -0.7071067811865475727, 0.000000000000000000, 0.7071067811865475727 ) ) ;
#2658 = DIRECTION ( 'NONE',  ( 0.000000000000000000, 0.000000000000000000, 1.000000000000000000 ) ) ;
#2659 = CARTESIAN_POINT ( 'NONE',  ( -146.5198000000000036, 25.36863622099999915, 18.25745920199999972 ) ) ;
#2660 = AXIS2_PLACEMENT_3D ( 'NONE', #2064, #2098, #864 ) ;
#2661 = ORIENTED_EDGE ( 'NONE', *, *, #2988, .F. ) ;
#2662 = CARTESIAN_POINT ( 'NONE',  ( 144.5026427120000108, 16.79661122099999915, 5.557459201999999543 ) ) ;
#2663 = CARTESIAN_POINT ( 'NONE',  ( -117.2391931410000012, 53.64066122100000200, 5.557459201999999543 ) ) ;
#2664 = CARTESIAN_POINT ( 'NONE',  ( 136.5099060519999625, 46.24066122099999632, 22.65745920200000185 ) ) ;
#2665 = EDGE_CURVE ( 'NONE', #1629, #410, #2975, .T. ) ;
#2666 = VECTOR ( 'NONE', #276, 1000.000000000000000 ) ;
#2667 = VECTOR ( 'NONE', #901, 1000.000000000000114 ) ;
#2668 = CARTESIAN_POINT ( 'NONE',  ( 146.7198000000000206, 16.99661122099999844, 18.25745920199999972 ) ) ;
#2669 = VECTOR ( 'NONE', #1918, 1000.000000000000000 ) ;
#2670 = FACE_OUTER_BOUND ( 'NONE', #132, .T. ) ;
#2671 = DATE_AND_TIME ( #2748, #225 ) ;
#2672 = VECTOR ( 'NONE', #2684, 1000.000000000000000 ) ;
#2673 = DIRECTION ( 'NONE',  ( 0.000000000000000000, -1.000000000000000000, 0.000000000000000000 ) ) ;
#2674 = LINE ( 'NONE', #2733, #736 ) ;
#2675 = CARTESIAN_POINT ( 'NONE',  ( -145.2269067809999967, 39.71863622099999702, 8.487459202000001923 ) ) ;
#2676 = LINE ( 'NONE', #1757, #1454 ) ;
#2677 = ADVANCED_FACE ( 'NONE', ( #1678 ), #2830, .F. ) ;
#2678 = EDGE_CURVE ( 'NONE', #1138, #3071, #433, .T. ) ;
#2679 = FACE_OUTER_BOUND ( 'NONE', #1428, .T. ) ;
#2680 = CARTESIAN_POINT ( 'NONE',  ( -130.1893095601485868, 54.09077764014861600, 5.802156016147879569 ) ) ;
#2681 = CARTESIAN_POINT ( 'NONE',  ( -141.5198000000000036, 53.44066122100000626, 18.25745920199999972 ) ) ;
#2682 = VERTEX_POINT ( 'NONE', #759 ) ;
#2683 = LINE ( 'NONE', #3121, #1720 ) ;
#2684 = DIRECTION ( 'NONE',  ( 0.000000000000000000, 0.5773502690291379968, -0.8164965810412080360 ) ) ;
#2685 = AXIS2_PLACEMENT_3D ( 'NONE', #1333, #845, #3049 ) ;
#2686 = VERTEX_POINT ( 'NONE', #47 ) ;
#2687 = AXIS2_PLACEMENT_3D ( 'NONE', #174, #2856, #1637 ) ;
#2688 = CARTESIAN_POINT ( 'NONE',  ( 141.9198000000000093, 44.24066122100000342, 18.45745920200000256 ) ) ;
#2689 = ORIENTED_EDGE ( 'NONE', *, *, #1822, .T. ) ;
#2690 = EDGE_LOOP ( 'NONE', ( #2993, #1424, #349, #2288 ) ) ;
#2691 = CARTESIAN_POINT ( 'NONE',  ( -117.2391931410000012, 54.03355443899999955, 5.557459201999999543 ) ) ;
#2692 = DIRECTION ( 'NONE',  ( 1.000000000000000000, 0.000000000000000000, 0.000000000000000000 ) ) ;
#2693 = CARTESIAN_POINT ( 'NONE',  ( -127.6391931410000069, 54.04066122100000058, 13.26660615500000162 ) ) ;
#2694 = ORIENTED_EDGE ( 'NONE', *, *, #1822, .F. ) ;
#2695 = VERTEX_POINT ( 'NONE', #1738 ) ;
#2696 = CARTESIAN_POINT ( 'NONE',  ( 126.4299060519999927, 52.74066122099999632, 19.65745920200000185 ) ) ;
#2697 = ADVANCED_FACE ( 'NONE', ( #1802 ), #18, .F. ) ;
#2698 = EDGE_CURVE ( 'NONE', #1579, #2948, #1073, .T. ) ;
#2699 = CARTESIAN_POINT ( 'NONE',  ( -120.2391931410000012, 55.74066122100000342, 14.96660615500000091 ) ) ;
#2700 = ORIENTED_EDGE ( 'NONE', *, *, #1747, .T. ) ;
#2701 = DIRECTION ( 'NONE',  ( 0.000000000000000000, -0.7071067811865475727, 0.7071067811865475727 ) ) ;
#2702 = DIRECTION ( 'NONE',  ( -0.7071067811865475727, 0.000000000000000000, 0.7071067811865475727 ) ) ;
#2703 = DIRECTION ( 'NONE',  ( -1.000000000000000000, -0.000000000000000000, -0.000000000000000000 ) ) ;
#2704 = LINE ( 'NONE', #1492, #1027 ) ;
#2705 = DIRECTION ( 'NONE',  ( 0.000000000000000000, 1.000000000000000000, 0.000000000000000000 ) ) ;
#2706 = ORIENTED_EDGE ( 'NONE', *, *, #1929, .T. ) ;
#2707 = EDGE_CURVE ( 'NONE', #1353, #1817, #1158, .T. ) ;
#2708 = DIRECTION ( 'NONE',  ( 0.000000000000000000, -1.000000000000000000, 0.000000000000000000 ) ) ;
#2709 = FACE_OUTER_BOUND ( 'NONE', #1536, .T. ) ;
#2710 = CARTESIAN_POINT ( 'NONE',  ( -144.0198000010000214, 10.21863622200000066, 7.987459202000001035 ) ) ;
#2711 = DIRECTION ( 'NONE',  ( 0.000000000000000000, -1.000000000000000000, 0.000000000000000000 ) ) ;
#2712 = VERTEX_POINT ( 'NONE', #2691 ) ;
#2713 = CIRCLE ( 'NONE', #1999, 4.999999999999997335 ) ;
#2714 = CARTESIAN_POINT ( 'NONE',  ( -146.3197999999999865, 48.44066122099999916, 18.45745920200000256 ) ) ;
#2715 = CARTESIAN_POINT ( 'NONE',  ( -127.6391931410000069, 54.04066122100000058, 13.26660615500000162 ) ) ;
#2716 = LINE ( 'NONE', #1257, #2242 ) ;
#2717 = DIRECTION ( 'NONE',  ( -1.000000000000000000, 0.000000000000000000, 0.000000000000000000 ) ) ;
#2718 = VECTOR ( 'NONE', #1426, 1000.000000000000000 ) ;
#2719 = CARTESIAN_POINT ( 'NONE',  ( -141.3197999999999865, 44.24066122100000342, 23.65745920200000185 ) ) ;
#2720 = EDGE_LOOP ( 'NONE', ( #1164, #2901, #441, #2405, #2649 ) ) ;
#2721 = DIRECTION ( 'NONE',  ( 0.000000000000000000, -0.7071067811865474617, -0.7071067811865474617 ) ) ;
#2722 = CARTESIAN_POINT ( 'NONE',  ( -4.825699999999999434, 52.74066122099999632, 22.65745920200000185 ) ) ;
#2723 = ORIENTED_EDGE ( 'NONE', *, *, #1442, .T. ) ;
#2724 = ADVANCED_FACE ( 'NONE', ( #1642 ), #787, .T. ) ;
#2725 = CARTESIAN_POINT ( 'NONE',  ( 131.4699060519999989, 47.25256122100000056, 22.65745920200000185 ) ) ;
#2726 = ORIENTED_EDGE ( 'NONE', *, *, #486, .F. ) ;
#2727 = EDGE_CURVE ( 'NONE', #2397, #203, #630, .T. ) ;
#2728 = EDGE_CURVE ( 'NONE', #2157, #565, #929, .T. ) ;
#2729 = VERTEX_POINT ( 'NONE', #1471 ) ;
#2730 = ORIENTED_EDGE ( 'NONE', *, *, #2018, .F. ) ;
#2731 = ORIENTED_EDGE ( 'NONE', *, *, #1104, .F. ) ;
#2732 = CARTESIAN_POINT ( 'NONE',  ( -148.9697999999999922, 3.200000000000000178, 22.66750970500000051 ) ) ;
#2733 = CARTESIAN_POINT ( 'NONE',  ( -146.5198000000000036, 3.200000000000000178, 5.557459201999999543 ) ) ;
#2734 = CARTESIAN_POINT ( 'NONE',  ( 144.5198000000000036, 44.24066122100000342, 24.25745920200000327 ) ) ;
#2735 = CARTESIAN_POINT ( 'NONE',  ( -146.5198000000000036, 3.200000000000000178, 27.09770821127732177 ) ) ;
#2736 = EDGE_CURVE ( 'NONE', #1467, #285, #2075, .T. ) ;
#2737 = ORIENTED_EDGE ( 'NONE', *, *, #2854, .T. ) ;
#2738 = EDGE_CURVE ( 'NONE', #3082, #1173, #48, .T. ) ;
#2739 = CARTESIAN_POINT ( 'NONE',  ( -117.5962820649999969, 54.18357229699999777, 5.707477059999999547 ) ) ;
#2740 = DIRECTION ( 'NONE',  ( -0.000000000000000000, -1.000000000000000000, -0.000000000000000000 ) ) ;
#2741 = DIRECTION ( 'NONE',  ( 0.000000000000000000, -0.7071067811865475727, 0.7071067811865475727 ) ) ;
#2742 = VECTOR ( 'NONE', #534, 1000.000000000000000 ) ;
#2743 = AXIS2_PLACEMENT_3D ( 'NONE', #1322, #2040, #2766 ) ;
#2744 = VECTOR ( 'NONE', #1137, 1000.000000000000000 ) ;
#2745 = CARTESIAN_POINT ( 'NONE',  ( 144.5026427120000108, 16.79661122099999915, 5.557459201999999543 ) ) ;
#2746 = VECTOR ( 'NONE', #857, 1000.000000000000000 ) ;
#2747 = VECTOR ( 'NONE', #2365, 1000.000000000000000 ) ;
#2748 = CALENDAR_DATE ( 2025, 27, 11 ) ;
#2749 = CARTESIAN_POINT ( 'NONE',  ( -120.2391931410000012, 55.74066122100000342, 14.96660615500000091 ) ) ;
#2750 = LINE ( 'NONE', #384, #1151 ) ;
#2751 = DIRECTION ( 'NONE',  ( -0.7071067811865475727, 0.000000000000000000, -0.7071067811865475727 ) ) ;
#2752 = LINE ( 'NONE', #2014, #355 ) ;
#2753 = VECTOR ( 'NONE', #1783, 1000.000000000000114 ) ;
#2754 = DIRECTION ( 'NONE',  ( 0.000000000000000000, 0.000000000000000000, 1.000000000000000000 ) ) ;
#2755 = LINE ( 'NONE', #1335, #1455 ) ;
#2756 = CARTESIAN_POINT ( 'NONE',  ( 148.7697999999999752, 0.000000000000000000, 28.66483049266259897 ) ) ;
#2757 = EDGE_LOOP ( 'NONE', ( #1172, #20, #2651, #2737 ) ) ;
#2758 = LINE ( 'NONE', #109, #235 ) ;
#2759 = DIRECTION ( 'NONE',  ( -0.7071067811865474617, 0.000000000000000000, -0.7071067811865474617 ) ) ;
#2760 = ORIENTED_EDGE ( 'NONE', *, *, #905, .F. ) ;
#2761 = PLANE ( 'NONE',  #798 ) ;
#2762 = ORIENTED_EDGE ( 'NONE', *, *, #1178, .T. ) ;
#2763 = DIRECTION ( 'NONE',  ( 1.000000000000000000, 0.000000000000000000, 0.000000000000000000 ) ) ;
#2764 = ORIENTED_EDGE ( 'NONE', *, *, #427, .F. ) ;
#2765 = CARTESIAN_POINT ( 'NONE',  ( 149.5697999999999865, 1.850000000000000089, 22.66750970500000051 ) ) ;
#2766 = DIRECTION ( 'NONE',  ( -1.000000000000000000, 0.000000000000000000, 0.000000000000000000 ) ) ;
#2767 = DIRECTION ( 'NONE',  ( 0.000000000000000000, 0.000000000000000000, -1.000000000000000000 ) ) ;
#2768 = ORIENTED_EDGE ( 'NONE', *, *, #861, .T. ) ;
#2769 = ORIENTED_EDGE ( 'NONE', *, *, #2871, .T. ) ;
#2770 = EDGE_CURVE ( 'NONE', #1004, #2949, #776, .T. ) ;
#2771 = DIRECTION ( 'NONE',  ( 0.000000000000000000, 0.000000000000000000, 1.000000000000000000 ) ) ;
#2772 = CARTESIAN_POINT ( 'NONE',  ( -117.2391931410000012, 54.03355443899999955, 5.557459201999999543 ) ) ;
#2773 = ORIENTED_EDGE ( 'NONE', *, *, #1092, .F. ) ;
#2774 = PLANE ( 'NONE',  #198 ) ;
#2775 = CARTESIAN_POINT ( 'NONE',  ( 146.7198000000000206, 48.44066122099999916, 18.25745920199999972 ) ) ;
#2776 = DIRECTION ( 'NONE',  ( -1.000000000000000000, 0.000000000000000000, 0.000000000000000000 ) ) ;
#2777 = CONICAL_SURFACE ( 'NONE', #2847, 5.000000000000004441, 0.7853981625000003852 ) ;
#2778 = DIRECTION ( 'NONE',  ( 0.000000000000000000, 0.7071067811865474617, -0.7071067811865474617 ) ) ;
#2779 = CARTESIAN_POINT ( 'NONE',  ( -146.7198000000000206, 48.44066122099999916, 5.557459201999999543 ) ) ;
#2780 = LINE ( 'NONE', #2469, #537 ) ;
#2781 = CARTESIAN_POINT ( 'NONE',  ( 126.4299060519999927, 46.24066122099999632, 19.65745920200000185 ) ) ;
#2782 = ORIENTED_EDGE ( 'NONE', *, *, #970, .T. ) ;
#2783 = CARTESIAN_POINT ( 'NONE',  ( -120.2391931410000012, 55.74066122100000342, 10.76660615499999984 ) ) ;
#2784 = VECTOR ( 'NONE', #809, 1000.000000000000000 ) ;
#2785 = DIRECTION ( 'NONE',  ( 0.000000000000000000, 0.000000000000000000, -1.000000000000000000 ) ) ;
#2786 = AXIS2_PLACEMENT_3D ( 'NONE', #1349, #2561, #382 ) ;
#2787 = VERTEX_POINT ( 'NONE', #1003 ) ;
#2788 = FACE_OUTER_BOUND ( 'NONE', #2335, .T. ) ;
#2789 = LINE ( 'NONE', #2816, #2487 ) ;
#2790 = DIRECTION ( 'NONE',  ( -0.000000000000000000, -0.000000000000000000, -1.000000000000000000 ) ) ;
#2791 = FACE_OUTER_BOUND ( 'NONE', #1487, .T. ) ;
#2792 = CARTESIAN_POINT ( 'NONE',  ( -127.6391931410000069, 53.44066122100000626, 13.26660615500000162 ) ) ;
#2793 = CARTESIAN_POINT ( 'NONE',  ( 144.0198000000000036, 55.74066122100000342, 22.26750970500000193 ) ) ;
#2794 = CARTESIAN_POINT ( 'NONE',  ( 151.0197999970000069, 48.74066121900000326, 22.26750970500000193 ) ) ;
#2795 = VECTOR ( 'NONE', #1909, 1000.000000000000000 ) ;
#2796 = EDGE_CURVE ( 'NONE', #1706, #2965, #1752, .T. ) ;
#2797 = CARTESIAN_POINT ( 'NONE',  ( 151.0198000000000036, 0.000000000000000000, 18.95745920199999901 ) ) ;
#2798 = VERTEX_POINT ( 'NONE', #2468 ) ;
#2799 = CARTESIAN_POINT ( 'NONE',  ( 146.9197999999999809, 16.79661122099999915, 5.557459201999999543 ) ) ;
#2800 = ORIENTED_EDGE ( 'NONE', *, *, #1420, .F. ) ;
#2801 = EDGE_CURVE ( 'NONE', #2397, #517, #3105, .T. ) ;
#2802 = DIRECTION ( 'NONE',  ( 0.000000000000000000, -1.000000000000000000, 0.000000000000000000 ) ) ;
#2803 = VERTEX_POINT ( 'NONE', #1290 ) ;
#2804 = ORIENTED_EDGE ( 'NONE', *, *, #1500, .F. ) ;
#2805 = ORIENTED_EDGE ( 'NONE', *, *, #1267, .F. ) ;
#2806 = DIRECTION ( 'NONE',  ( -1.000000000000000000, 0.000000000000000000, 0.000000000000000000 ) ) ;
#2807 = AXIS2_PLACEMENT_3D ( 'NONE', #2659, #947, #1441 ) ;
#2808 = ADVANCED_FACE ( 'NONE', ( #396 ), #57, .F. ) ;
#2809 = VERTEX_POINT ( 'NONE', #1567 ) ;
#2810 = CARTESIAN_POINT ( 'NONE',  ( -146.5198000000000036, -52.24743877900000655, 5.757459202000000609 ) ) ;
#2811 = ORIENTED_EDGE ( 'NONE', *, *, #2363, .F. ) ;
#2812 = APPLICATION_CONTEXT ( 'configuration controlled 3d designs of mechanical parts and assemblies' ) ;
#2813 = DIRECTION ( 'NONE',  ( -1.000000000000000000, 0.000000000000000000, 0.000000000000000000 ) ) ;
#2814 = EDGE_CURVE ( 'NONE', #251, #2157, #3140, .T. ) ;
#2815 = ORIENTED_EDGE ( 'NONE', *, *, #1972, .T. ) ;
#2816 = CARTESIAN_POINT ( 'NONE',  ( -141.3197999999999865, 46.24066122099999632, 23.65745920200000185 ) ) ;
#2817 = CARTESIAN_POINT ( 'NONE',  ( 143.9197999999999809, 16.49661122099999844, 18.65745920200000185 ) ) ;
#2818 = CARTESIAN_POINT ( 'NONE',  ( -148.7126932189999877, -52.74743877900000655, 5.557459201999999543 ) ) ;
#2819 = FACE_OUTER_BOUND ( 'NONE', #293, .T. ) ;
#2820 = VECTOR ( 'NONE', #841, 1000.000000000000114 ) ;
#2821 = CARTESIAN_POINT ( 'NONE',  ( 144.5198000000000036, 0.000000000000000000, 24.25745920200000327 ) ) ;
#2822 = ADVANCED_FACE ( 'NONE', ( #319 ), #2999, .T. ) ;
#2823 = LINE ( 'NONE', #1464, #1258 ) ;
#2824 = AXIS2_PLACEMENT_3D ( 'NONE', #1879, #180, #1660 ) ;
#2825 = CARTESIAN_POINT ( 'NONE',  ( -143.4197999999999809, 53.75071172799999886, 24.25745920299999980 ) ) ;
#2826 = DIRECTION ( 'NONE',  ( 0.000000000000000000, 1.000000000000000000, -0.000000000000000000 ) ) ;
#2827 = APPROVAL_PERSON_ORGANIZATION ( #467, #1181, #3060 ) ;
#2828 = LINE ( 'NONE', #1524, #2894 ) ;
#2829 = EDGE_LOOP ( 'NONE', ( #407, #748, #2540, #2652, #1393, #374, #1936, #1615 ) ) ;
#2830 = CONICAL_SURFACE ( 'NONE', #249, 2.000000000000001776, 0.7853981625000003852 ) ;
#2831 = EDGE_CURVE ( 'NONE', #1162, #1138, #1190, .T. ) ;
#2832 = LINE ( 'NONE', #2632, #2795 ) ;
#2833 = DESIGN_CONTEXT ( 'detailed design', #379, 'design' ) ;
#2834 = ORIENTED_EDGE ( 'NONE', *, *, #1681, .T. ) ;
#2835 = LINE ( 'NONE', #2077, #1197 ) ;
#2836 = CARTESIAN_POINT ( 'NONE',  ( -141.3197999999999865, 44.24066122100000342, 18.45745920200000256 ) ) ;
#2837 = EDGE_LOOP ( 'NONE', ( #712, #965, #2458, #1365 ) ) ;
#2838 = ORIENTED_EDGE ( 'NONE', *, *, #2406, .T. ) ;
#2839 = PLANE ( 'NONE',  #2603 ) ;
#2840 = VERTEX_POINT ( 'NONE', #2013 ) ;
#2841 = EDGE_LOOP ( 'NONE', ( #1586, #1760, #296, #1932 ) ) ;
#2842 = EDGE_CURVE ( 'NONE', #2712, #1173, #1347, .T. ) ;
#2843 = ORIENTED_EDGE ( 'NONE', *, *, #693, .T. ) ;
#2844 = ORIENTED_EDGE ( 'NONE', *, *, #722, .F. ) ;
#2845 = CARTESIAN_POINT ( 'NONE',  ( -148.7126932180000267, 1.600000000000000089, 5.557459202000002207 ) ) ;
#2846 = DIRECTION ( 'NONE',  ( 0.000000000000000000, 0.000000000000000000, 1.000000000000000000 ) ) ;
#2847 = AXIS2_PLACEMENT_3D ( 'NONE', #2128, #907, #211 ) ;
#2848 = DIRECTION ( 'NONE',  ( -1.000000000000000000, 0.000000000000000000, 0.000000000000000000 ) ) ;
#2849 = VERTEX_POINT ( 'NONE', #2055 ) ;
#2850 = CARTESIAN_POINT ( 'NONE',  ( -146.5198000000000036, 39.21863622099999702, 7.987459202000001035 ) ) ;
#2851 = ADVANCED_FACE ( 'NONE', ( #2897 ), #2761, .F. ) ;
#2852 = CARTESIAN_POINT ( 'NONE',  ( -117.7391931410000012, 54.04066122100000058, 10.76660615499999984 ) ) ;
#2853 = LINE ( 'NONE', #3019, #1947 ) ;
#2854 = EDGE_CURVE ( 'NONE', #1801, #517, #1265, .T. ) ;
#2855 = CIRCLE ( 'NONE', #833, 2.500000000000000444 ) ;
#2856 = DIRECTION ( 'NONE',  ( 0.000000000000000000, 0.000000000000000000, 1.000000000000000000 ) ) ;
#2857 = DIRECTION ( 'NONE',  ( 1.000000000000000000, 0.000000000000000000, 0.000000000000000000 ) ) ;
#2858 = FACE_OUTER_BOUND ( 'NONE', #405, .T. ) ;
#2859 = FACE_OUTER_BOUND ( 'NONE', #1236, .T. ) ;
#2860 = CARTESIAN_POINT ( 'NONE',  ( 145.3697999999999979, 1.850000000000000533, 5.557459201999999543 ) ) ;
#2861 = ADVANCED_BREP_SHAPE_REPRESENTATION ( 'outer_case_hhkb_1', ( #699, #1770 ), #2594 ) ;
#2862 = LINE ( 'NONE', #1101, #1486 ) ;
#2863 = VECTOR ( 'NONE', #2754, 1000.000000000000000 ) ;
#2864 = AXIS2_PLACEMENT_3D ( 'NONE', #1709, #2701, #1479 ) ;
#2865 = FACE_OUTER_BOUND ( 'NONE', #705, .T. ) ;
#2866 = CARTESIAN_POINT ( 'NONE',  ( -146.5198000000000036, 10.21863622100000057, 7.987459202000001035 ) ) ;
#2867 = VECTOR ( 'NONE', #2477, 1000.000000000000000 ) ;
#2868 = PLANE ( 'NONE',  #1756 ) ;
#2869 = CARTESIAN_POINT ( 'NONE',  ( 144.0198000000000036, 48.74066122100000342, 7.264565985000000836 ) ) ;
#2870 = VECTOR ( 'NONE', #106, 1000.000000000000000 ) ;
#2871 = EDGE_CURVE ( 'NONE', #2941, #3111, #1526, .T. ) ;
#2872 = ORIENTED_EDGE ( 'NONE', *, *, #2227, .F. ) ;
#2873 = ORIENTED_EDGE ( 'NONE', *, *, #844, .T. ) ;
#2874 = ORIENTED_EDGE ( 'NONE', *, *, #844, .F. ) ;
#2875 = VERTEX_POINT ( 'NONE', #840 ) ;
#2876 = ORIENTED_EDGE ( 'NONE', *, *, #772, .F. ) ;
#2877 = ORIENTED_EDGE ( 'NONE', *, *, #1150, .F. ) ;
#2878 = PRODUCT_DEFINITION_SHAPE ( 'NONE', 'NONE',  #1942 ) ;
#2879 = ADVANCED_FACE ( 'NONE', ( #2791 ), #3029, .T. ) ;
#2880 = VERTEX_POINT ( 'NONE', #2779 ) ;
#2881 = EDGE_CURVE ( 'NONE', #2384, #473, #2490, .T. ) ;
#2882 = CARTESIAN_POINT ( 'NONE',  ( -146.5198000000000036, 0.000000000000000000, 27.09770821127732177 ) ) ;
#2883 = ORIENTED_EDGE ( 'NONE', *, *, #1960, .T. ) ;
#2884 = EDGE_CURVE ( 'NONE', #479, #1614, #1418, .T. ) ;
#2885 = FACE_OUTER_BOUND ( 'NONE', #1460, .T. ) ;
#2886 = VECTOR ( 'NONE', #2625, 1000.000000000000000 ) ;
#2887 = EDGE_CURVE ( 'NONE', #2803, #2217, #960, .T. ) ;
#2888 = LINE ( 'NONE', #623, #2105 ) ;
#2889 = CARTESIAN_POINT ( 'NONE',  ( 141.9198000000000093, 44.24066122100000342, 18.65745920200000185 ) ) ;
#2890 = ADVANCED_FACE ( 'NONE', ( #470 ), #853, .F. ) ;
#2891 = EDGE_CURVE ( 'NONE', #453, #1280, #2172, .T. ) ;
#2892 = EDGE_CURVE ( 'NONE', #1862, #2729, #1115, .T. ) ;
#2893 = APPROVAL_DATE_TIME ( #732, #1124 ) ;
#2894 = VECTOR ( 'NONE', #1512, 1000.000000000000000 ) ;
#2895 = CARTESIAN_POINT ( 'NONE',  ( -130.1391931409999927, 54.04066122100000058, 6.057459202000000431 ) ) ;
#2896 = EDGE_LOOP ( 'NONE', ( #991, #1433, #1860, #642 ) ) ;
#2897 = FACE_OUTER_BOUND ( 'NONE', #2424, .T. ) ;
#2898 = FACE_OUTER_BOUND ( 'NONE', #1199, .T. ) ;
#2899 = AXIS2_PLACEMENT_3D ( 'NONE', #119, #144, #2099 ) ;
#2900 = PLANE ( 'NONE',  #3032 ) ;
#2901 = ORIENTED_EDGE ( 'NONE', *, *, #1548, .T. ) ;
#2902 = DIRECTION ( 'NONE',  ( -0.7071067811865474617, 0.000000000000000000, 0.7071067811865474617 ) ) ;
#2903 = CARTESIAN_POINT ( 'NONE',  ( 136.5099060519999625, 52.74066122099999632, 22.65745920200000185 ) ) ;
#2904 = VECTOR ( 'NONE', #675, 1000.000000000000000 ) ;
#2905 = ORIENTED_EDGE ( 'NONE', *, *, #2094, .T. ) ;
#2906 = ORIENTED_EDGE ( 'NONE', *, *, #3020, .F. ) ;
#2907 = VERTEX_POINT ( 'NONE', #2262 ) ;
#2908 = ADVANCED_FACE ( 'NONE', ( #1797 ), #1176, .F. ) ;
#2909 = ORIENTED_EDGE ( 'NONE', *, *, #1488, .T. ) ;
#2910 = CARTESIAN_POINT ( 'NONE',  ( -130.5029988953896520, 54.03355443913191181, 5.557459202131910025 ) ) ;
#2911 = EDGE_LOOP ( 'NONE', ( #3087, #1215, #1588, #3076, #876, #1775 ) ) ;
#2912 = EDGE_LOOP ( 'NONE', ( #2253, #1006, #2150, #900 ) ) ;
#2913 = DIRECTION ( 'NONE',  ( 0.7071067811865474617, 0.7071067811865474617, 0.000000000000000000 ) ) ;
#2914 = CARTESIAN_POINT ( 'NONE',  ( 146.7198000000000206, 16.99661122099999844, 5.757459202000000609 ) ) ;
#2915 = AXIS2_PLACEMENT_3D ( 'NONE', #162, #1627, #662 ) ;
#2916 = ORIENTED_EDGE ( 'NONE', *, *, #3040, .T. ) ;
#2917 = PLANE ( 'NONE',  #1780 ) ;
#2918 = CARTESIAN_POINT ( 'NONE',  ( -4.825699999999999434, 46.24066122099999632, 19.65745920200000185 ) ) ;
#2919 = EDGE_CURVE ( 'NONE', #1325, #2451, #3135, .T. ) ;
#2920 = ADVANCED_FACE ( 'NONE', ( #2929 ), #1242, .F. ) ;
#2921 = LINE ( 'NONE', #2918, #1218 ) ;
#2922 = CARTESIAN_POINT ( 'NONE',  ( 0.2999999999999999889, 0.000000000000000000, 24.25745920200000327 ) ) ;
#2923 = VECTOR ( 'NONE', #1894, 1000.000000000000000 ) ;
#2924 = CARTESIAN_POINT ( 'NONE',  ( 146.7198000000000206, 16.99661122099999844, 5.757459202000000609 ) ) ;
#2925 = DIRECTION ( 'NONE',  ( 0.000000000000000000, -1.000000000000000000, 0.000000000000000000 ) ) ;
#2926 = CONICAL_SURFACE ( 'NONE', #71, 5.000000000000004441, 0.7853981625000003852 ) ;
#2927 = ORIENTED_EDGE ( 'NONE', *, *, #397, .F. ) ;
#2928 = CYLINDRICAL_SURFACE ( 'NONE', #2183, 0.4999999999999995559 ) ;
#2929 = FACE_OUTER_BOUND ( 'NONE', #1625, .T. ) ;
#2930 = CARTESIAN_POINT ( 'NONE',  ( 146.5198000000000036, 16.99661122099999844, 18.45745920200000256 ) ) ;
#2931 = VECTOR ( 'NONE', #359, 1000.000000000000000 ) ;
#2932 = VERTEX_POINT ( 'NONE', #2958 ) ;
#2933 = VECTOR ( 'NONE', #1982, 1000.000000000000000 ) ;
#2934 = DIRECTION ( 'NONE',  ( -0.000000000000000000, -0.000000000000000000, -1.000000000000000000 ) ) ;
#2935 = DIRECTION ( 'NONE',  ( 0.000000000000000000, 1.000000000000000000, 0.000000000000000000 ) ) ;
#2936 = ORIENTED_EDGE ( 'NONE', *, *, #1099, .T. ) ;
#2937 = VECTOR ( 'NONE', #457, 1000.000000000000114 ) ;
#2938 = DIRECTION ( 'NONE',  ( 1.000000000000000000, 0.000000000000000000, 0.000000000000000000 ) ) ;
#2939 = ADVANCED_FACE ( 'NONE', ( #2367 ), #1343, .T. ) ;
#2940 = CARTESIAN_POINT ( 'NONE',  ( 144.5198000000000036, 44.24066122100000342, 24.25745920200000327 ) ) ;
#2941 = VERTEX_POINT ( 'NONE', #2470 ) ;
#2942 = EDGE_CURVE ( 'NONE', #2577, #2849, #1070, .T. ) ;
#2943 = ORIENTED_EDGE ( 'NONE', *, *, #2146, .F. ) ;
#2944 = ORIENTED_EDGE ( 'NONE', *, *, #64, .F. ) ;
#2945 = VERTEX_POINT ( 'NONE', #1493 ) ;
#2946 = DIRECTION ( 'NONE',  ( 1.000000000000000000, 0.000000000000000000, 0.000000000000000000 ) ) ;
#2947 = PLANE ( 'NONE',  #40 ) ;
#2948 = VERTEX_POINT ( 'NONE', #37 ) ;
#2949 = VERTEX_POINT ( 'NONE', #9 ) ;
#2950 = CARTESIAN_POINT ( 'NONE',  ( 144.1197999999999979, 16.69661122100000128, 18.45745920200000256 ) ) ;
#2951 =( BOUNDED_CURVE ( )  B_SPLINE_CURVE ( 3, ( #2609, #164, #3099, #423 ),
 .UNSPECIFIED., .F., .F. ) 
 B_SPLINE_CURVE_WITH_KNOTS ( ( 4, 4 ),
 ( 3.141592653589793116, 4.068887871436961845 ),
 .UNSPECIFIED. ) 
 CURVE ( )  GEOMETRIC_REPRESENTATION_ITEM ( )  RATIONAL_B_SPLINE_CURVE ( ( 1.000000000000000000, 0.9296181273563002279, 0.9296181273563002279, 1.000000000000000000 ) ) 
 REPRESENTATION_ITEM ( '' )  );
#2952 = EDGE_CURVE ( 'NONE', #1355, #1801, #1187, .T. ) ;
#2953 = ORIENTED_EDGE ( 'NONE', *, *, #126, .F. ) ;
#2954 = VERTEX_POINT ( 'NONE', #1711 ) ;
#2955 = EDGE_CURVE ( 'NONE', #1465, #1725, #1261, .T. ) ;
#2956 = DIRECTION ( 'NONE',  ( 0.000000000000000000, 0.000000000000000000, -1.000000000000000000 ) ) ;
#2957 = ORIENTED_EDGE ( 'NONE', *, *, #397, .T. ) ;
#2958 = CARTESIAN_POINT ( 'NONE',  ( -148.2698000000000036, 1.600000000000000089, 5.557459201999999543 ) ) ;
#2959 = AXIS2_PLACEMENT_3D ( 'NONE', #567, #1561, #2266 ) ;
#2960 = CARTESIAN_POINT ( 'NONE',  ( -130.6391931409999927, 49.74066122100000342, 6.057459202000000431 ) ) ;
#2961 = AXIS2_PLACEMENT_3D ( 'NONE', #1134, #2586, #3077 ) ;
#2962 = DIRECTION ( 'NONE',  ( 0.000000000000000000, -1.000000000000000000, 0.000000000000000000 ) ) ;
#2963 = VECTOR ( 'NONE', #1761, 1000.000000000000000 ) ;
#2964 = CARTESIAN_POINT ( 'NONE',  ( 144.0198000000000036, 48.74066122100000342, 24.25745920299999980 ) ) ;
#2965 = VERTEX_POINT ( 'NONE', #1700 ) ;
#2966 = EDGE_CURVE ( 'NONE', #651, #2500, #1916, .T. ) ;
#2967 = VECTOR ( 'NONE', #1177, 1000.000000000000114 ) ;
#2968 = DIRECTION ( 'NONE',  ( 0.000000000000000000, -1.000000000000000000, 0.000000000000000000 ) ) ;
#2969 = PERSON_AND_ORGANIZATION ( #1915, #1569 ) ;
#2970 = LINE ( 'NONE', #2756, #2784 ) ;
#2971 = AXIS2_PLACEMENT_3D ( 'NONE', #30, #1975, #1739 ) ;
#2972 = DIRECTION ( 'NONE',  ( -0.5773502691896257311, 0.5773502691896257311, 0.5773502691896257311 ) ) ;
#2973 = ORIENTED_EDGE ( 'NONE', *, *, #1784, .T. ) ;
#2974 = DIRECTION ( 'NONE',  ( -0.000000000000000000, -0.000000000000000000, -1.000000000000000000 ) ) ;
#2975 = LINE ( 'NONE', #541, #196 ) ;
#2976 = CARTESIAN_POINT ( 'NONE',  ( 145.3697999999999979, 3.700000000000000622, 22.66750970500000051 ) ) ;
#2977 = VECTOR ( 'NONE', #1456, 1000.000000000000000 ) ;
#2978 = DIRECTION ( 'NONE',  ( 0.000000000000000000, 1.000000000000000000, 0.000000000000000000 ) ) ;
#2979 = VERTEX_POINT ( 'NONE', #735 ) ;
#2980 = AXIS2_PLACEMENT_3D ( 'NONE', #2301, #1306, #1340 ) ;
#2981 = CARTESIAN_POINT ( 'NONE',  ( -127.6391931410000069, 53.44066122100000626, 13.26660615500000162 ) ) ;
#2982 = LINE ( 'NONE', #646, #166 ) ;
#2983 = VERTEX_POINT ( 'NONE', #2209 ) ;
#2984 = ORIENTED_EDGE ( 'NONE', *, *, #2966, .F. ) ;
#2985 = PLANE ( 'NONE',  #673 ) ;
#2986 = CARTESIAN_POINT ( 'NONE',  ( 148.7697999999999752, 1.850000000000000089, 5.557459201999999543 ) ) ;
#2987 = ORIENTED_EDGE ( 'NONE', *, *, #1372, .F. ) ;
#2988 = EDGE_CURVE ( 'NONE', #2577, #2948, #1415, .T. ) ;
#2989 = ORIENTED_EDGE ( 'NONE', *, *, #795, .T. ) ;
#2990 = VERTEX_POINT ( 'NONE', #258 ) ;
#2991 = DIRECTION ( 'NONE',  ( 1.000000000000000000, 0.000000000000000000, 0.000000000000000000 ) ) ;
#2992 = ORIENTED_EDGE ( 'NONE', *, *, #1646, .T. ) ;
#2993 = ORIENTED_EDGE ( 'NONE', *, *, #639, .F. ) ;
#2994 = CARTESIAN_POINT ( 'NONE',  ( 151.0198000000000036, 48.74066121900000326, 22.26750970799999862 ) ) ;
#2995 = CARTESIAN_POINT ( 'NONE',  ( 141.7198000000000206, 48.44066122099999916, 18.45745920200000256 ) ) ;
#2996 = CARTESIAN_POINT ( 'NONE',  ( -141.3197999999999865, 46.24066122099999632, 18.65745920200000185 ) ) ;
#2997 = ORIENTED_EDGE ( 'NONE', *, *, #1139, .F. ) ;
#2998 = EDGE_CURVE ( 'NONE', #1504, #2803, #893, .T. ) ;
#2999 = PLANE ( 'NONE',  #3047 ) ;
#3000 = CARTESIAN_POINT ( 'NONE',  ( -146.5198000000000036, 25.36863622099999915, 5.757459202000000609 ) ) ;
#3001 = DIRECTION ( 'NONE',  ( 0.7071067811865474617, 0.000000000000000000, -0.7071067811865474617 ) ) ;
#3002 = LINE ( 'NONE', #600, #494 ) ;
#3003 = AXIS2_PLACEMENT_3D ( 'NONE', #500, #1953, #527 ) ;
#3004 = VECTOR ( 'NONE', #411, 1000.000000000000000 ) ;
#3005 = CARTESIAN_POINT ( 'NONE',  ( -4.825699999999999434, 48.24066122100000342, 20.80745920200000043 ) ) ;
#3006 = ADVANCED_FACE ( 'NONE', ( #1153 ), #2947, .T. ) ;
#3007 = AXIS2_PLACEMENT_3D ( 'NONE', #1628, #3127, #1925 ) ;
#3008 = CARTESIAN_POINT ( 'NONE',  ( 141.9198000000000093, 46.24066122099999632, 23.65745920200000185 ) ) ;
#3009 = LINE ( 'NONE', #3012, #2359 ) ;
#3010 = ORIENTED_EDGE ( 'NONE', *, *, #2003, .F. ) ;
#3011 = FACE_OUTER_BOUND ( 'NONE', #2690, .T. ) ;
#3012 = CARTESIAN_POINT ( 'NONE',  ( 146.1697999999999809, 1.850000000000000311, 28.66483049266259897 ) ) ;
#3013 = VECTOR ( 'NONE', #1824, 1000.000000000000114 ) ;
#3014 = ORIENTED_EDGE ( 'NONE', *, *, #1264, .T. ) ;
#3015 = DIRECTION ( 'NONE',  ( 0.000000000000000000, 0.000000000000000000, 1.000000000000000000 ) ) ;
#3016 = VECTOR ( 'NONE', #574, 1000.000000000000000 ) ;
#3017 = VECTOR ( 'NONE', #2483, 1000.000000000000000 ) ;
#3018 = CARTESIAN_POINT ( 'NONE',  ( -143.8197999999999865, 24.41863622099999986, 7.987459202000001035 ) ) ;
#3019 = CARTESIAN_POINT ( 'NONE',  ( -143.4197999999999809, 54.03355444000000318, 5.557459201999999543 ) ) ;
#3020 = EDGE_CURVE ( 'NONE', #2384, #3150, #626, .T. ) ;
#3021 = VECTOR ( 'NONE', #1779, 1000.000000000000000 ) ;
#3022 = DIRECTION ( 'NONE',  ( 0.000000000000000000, -1.000000000000000000, 0.000000000000000000 ) ) ;
#3023 = DATE_TIME_ROLE ( 'classification_date' ) ;
#3024 = ORIENTED_EDGE ( 'NONE', *, *, #1039, .F. ) ;
#3025 = VECTOR ( 'NONE', #1638, 1000.000000000000000 ) ;
#3026 = CARTESIAN_POINT ( 'NONE',  ( -123.9891931410000012, 49.74066122100000342, 13.26660615500000162 ) ) ;
#3027 = ORIENTED_EDGE ( 'NONE', *, *, #1913, .F. ) ;
#3028 = PLANE ( 'NONE',  #1216 ) ;
#3029 = PLANE ( 'NONE',  #2210 ) ;
#3030 = CARTESIAN_POINT ( 'NONE',  ( 146.7198000000000206, 48.44066122099999916, 18.25745920199999972 ) ) ;
#3031 = ORIENTED_EDGE ( 'NONE', *, *, #278, .F. ) ;
#3032 = AXIS2_PLACEMENT_3D ( 'NONE', #228, #483, #2673 ) ;
#3033 = ORIENTED_EDGE ( 'NONE', *, *, #3126, .T. ) ;
#3034 = ADVANCED_FACE ( 'NONE', ( #1877 ), #2430, .T. ) ;
#3035 = VERTEX_POINT ( 'NONE', #273 ) ;
#3036 = CARTESIAN_POINT ( 'NONE',  ( -130.1391931409999927, 54.04066122100000058, 11.06726787100000031 ) ) ;
#3037 = VERTEX_POINT ( 'NONE', #973 ) ;
#3038 = ORIENTED_EDGE ( 'NONE', *, *, #351, .F. ) ;
#3039 = CARTESIAN_POINT ( 'NONE',  ( 146.1697999999999809, 3.061616997868373280E-16, 22.66750970500000051 ) ) ;
#3040 = EDGE_CURVE ( 'NONE', #473, #2809, #695, .T. ) ;
#3041 = ORIENTED_EDGE ( 'NONE', *, *, #181, .T. ) ;
#3042 = CARTESIAN_POINT ( 'NONE',  ( 0.2999999999999999889, -2.003388778999999786, 24.25745920200000327 ) ) ;
#3043 = EDGE_LOOP ( 'NONE', ( #1943, #2381, #1125, #2304, #619 ) ) ;
#3044 = CARTESIAN_POINT ( 'NONE',  ( 146.7198000000000206, 16.99661122099999844, 5.757459202000000609 ) ) ;
#3045 = PLANE ( 'NONE',  #950 ) ;
#3046 = VERTEX_POINT ( 'NONE', #1753 ) ;
#3047 = AXIS2_PLACEMENT_3D ( 'NONE', #1545, #2021, #830 ) ;
#3048 = DIRECTION ( 'NONE',  ( 0.000000000000000000, -0.7071067811865475727, 0.7071067811865475727 ) ) ;
#3049 = DIRECTION ( 'NONE',  ( 0.000000000000000000, 0.000000000000000000, -1.000000000000000000 ) ) ;
#3050 = PLANE ( 'NONE',  #1478 ) ;
#3051 = CARTESIAN_POINT ( 'NONE',  ( -149.9248252529999945, 0.000000000000000000, 22.76248445500000273 ) ) ;
#3052 = CARTESIAN_POINT ( 'NONE',  ( -150.4197999999999809, 48.74061562600000030, 22.26750970799999862 ) ) ;
#3053 = DIRECTION ( 'NONE',  ( 0.000000000000000000, 0.000000000000000000, 1.000000000000000000 ) ) ;
#3054 = LINE ( 'NONE', #1499, #1672 ) ;
#3055 = ORIENTED_EDGE ( 'NONE', *, *, #2728, .F. ) ;
#3056 = CARTESIAN_POINT ( 'NONE',  ( 143.9197999999999809, 44.24066122100000342, 23.65745920200000185 ) ) ;
#3057 = LINE ( 'NONE', #1905, #312 ) ;
#3058 = EDGE_CURVE ( 'NONE', #1457, #1396, #995, .T. ) ;
#3059 = EDGE_CURVE ( 'NONE', #603, #1119, #1996, .T. ) ;
#3060 = APPROVAL_ROLE ( '' ) ;
#3061 = VECTOR ( 'NONE', #2523, 1000.000000000000000 ) ;
#3062 = DIRECTION ( 'NONE',  ( 1.000000000000000000, 0.000000000000000000, 0.000000000000000000 ) ) ;
#3063 = EDGE_LOOP ( 'NONE', ( #865, #2619, #2374, #828 ) ) ;
#3064 = VECTOR ( 'NONE', #2740, 1000.000000000000000 ) ;
#3065 = CARTESIAN_POINT ( 'NONE',  ( -146.5198000000000036, 3.200000000000000178, 27.09770821127732177 ) ) ;
#3066 = CARTESIAN_POINT ( 'NONE',  ( 144.0198000000000036, 53.75071172700000233, 24.25745920200000327 ) ) ;
#3067 = EDGE_CURVE ( 'NONE', #2949, #1162, #2072, .T. ) ;
#3068 = ORIENTED_EDGE ( 'NONE', *, *, #1139, .T. ) ;
#3069 = LINE ( 'NONE', #2386, #2937 ) ;
#3070 = EDGE_CURVE ( 'NONE', #2360, #2465, #588, .T. ) ;
#3071 = VERTEX_POINT ( 'NONE', #1285 ) ;
#3072 = EDGE_CURVE ( 'NONE', #241, #1551, #1383, .T. ) ;
#3073 = EDGE_LOOP ( 'NONE', ( #872, #2051, #3027, #53 ) ) ;
#3074 = CARTESIAN_POINT ( 'NONE',  ( -141.3197999999999865, 46.24066122099999632, 18.65745920200000185 ) ) ;
#3075 = ORIENTED_EDGE ( 'NONE', *, *, #268, .T. ) ;
#3076 = ORIENTED_EDGE ( 'NONE', *, *, #2550, .T. ) ;
#3077 = DIRECTION ( 'NONE',  ( 0.000000000000000000, 0.000000000000000000, 1.000000000000000000 ) ) ;
#3078 = EDGE_LOOP ( 'NONE', ( #745, #2444, #448, #1900 ) ) ;
#3079 = ORIENTED_EDGE ( 'NONE', *, *, #2205, .T. ) ;
#3080 = AXIS2_PLACEMENT_3D ( 'NONE', #326, #802, #838 ) ;
#3081 = AXIS2_PLACEMENT_3D ( 'NONE', #2255, #2041, #2525 ) ;
#3082 = VERTEX_POINT ( 'NONE', #1520 ) ;
#3083 = ORIENTED_EDGE ( 'NONE', *, *, #278, .T. ) ;
#3084 = ORIENTED_EDGE ( 'NONE', *, *, #3020, .T. ) ;
#3085 = DIRECTION ( 'NONE',  ( 0.000000000000000000, 0.7071067811865474617, -0.7071067811865474617 ) ) ;
#3086 = ADVANCED_FACE ( 'NONE', ( #1639 ), #2235, .T. ) ;
#3087 = ORIENTED_EDGE ( 'NONE', *, *, #2462, .F. ) ;
#3088 = CARTESIAN_POINT ( 'NONE',  ( 149.5697999999999865, -1.803388779000000053, 5.814565983999982812 ) ) ;
#3089 = AXIS2_PLACEMENT_3D ( 'NONE', #3018, #805, #2491 ) ;
#3090 = CARTESIAN_POINT ( 'NONE',  ( -148.9697999999999922, 1.600000000000000089, 22.66750970500000051 ) ) ;
#3091 = LINE ( 'NONE', #1469, #987 ) ;
#3092 = FACE_OUTER_BOUND ( 'NONE', #1052, .T. ) ;
#3093 = FACE_OUTER_BOUND ( 'NONE', #3073, .T. ) ;
#3094 = AXIS2_PLACEMENT_3D ( 'NONE', #2029, #571, #1717 ) ;
#3095 = ORIENTED_EDGE ( 'NONE', *, *, #2143, .T. ) ;
#3096 = LINE ( 'NONE', #962, #1477 ) ;
#3097 = DIRECTION ( 'NONE',  ( -0.7071067811865474617, 0.000000000000000000, 0.7071067811865474617 ) ) ;
#3098 = LINE ( 'NONE', #1029, #733 ) ;
#3099 = CARTESIAN_POINT ( 'NONE',  ( -130.3354076150034757, 53.56894718618368501, 5.629173236816318315 ) ) ;
#3100 = ADVANCED_FACE ( 'NONE', ( #3101 ), #1782, .T. ) ;
#3101 = FACE_OUTER_BOUND ( 'NONE', #1585, .T. ) ;
#3102 = FACE_OUTER_BOUND ( 'NONE', #680, .T. ) ;
#3103 = EDGE_CURVE ( 'NONE', #1551, #2941, #2752, .T. ) ;
#3104 = CARTESIAN_POINT ( 'NONE',  ( 0.2999999999999999889, 0.000000000000000000, 24.25745920200000327 ) ) ;
#3105 = LINE ( 'NONE', #496, #1574 ) ;
#3106 = VERTEX_POINT ( 'NONE', #797 ) ;
#3107 = FACE_OUTER_BOUND ( 'NONE', #2615, .T. ) ;
#3108 = DIRECTION ( 'NONE',  ( 1.000000000000000000, -0.000000000000000000, 0.000000000000000000 ) ) ;
#3109 = ORIENTED_EDGE ( 'NONE', *, *, #1624, .T. ) ;
#3110 = DIRECTION ( 'NONE',  ( 0.000000000000000000, -1.000000000000000000, 0.000000000000000000 ) ) ;
#3111 = VERTEX_POINT ( 'NONE', #350 ) ;
#3112 = CARTESIAN_POINT ( 'NONE',  ( 148.7697999999999752, 0.000000000000000000, 22.66750970500000051 ) ) ;
#3113 = ORIENTED_EDGE ( 'NONE', *, *, #195, .T. ) ;
#3114 = ADVANCED_FACE ( 'NONE', ( #229 ), #2774, .F. ) ;
#3115 = VERTEX_POINT ( 'NONE', #2981 ) ;
#3116 = VERTEX_POINT ( 'NONE', #2264 ) ;
#3117 = EDGE_LOOP ( 'NONE', ( #2843, #480, #1818, #2764 ) ) ;
#3118 = AXIS2_PLACEMENT_3D ( 'NONE', #1268, #303, #1719 ) ;
#3119 = CARTESIAN_POINT ( 'NONE',  ( -148.9697999999999922, -1.803388779000000053, 5.814565983999982812 ) ) ;
#3120 = EDGE_CURVE ( 'NONE', #1081, #2097, #2112, .T. ) ;
#3121 = CARTESIAN_POINT ( 'NONE',  ( -146.5198000000000036, 25.36863622099999915, 18.25745920199999972 ) ) ;
#3122 = VERTEX_POINT ( 'NONE', #70 ) ;
#3123 = CARTESIAN_POINT ( 'NONE',  ( 149.0298505060000025, -52.74743877900000655, 24.25745920200000327 ) ) ;
#3124 = ORIENTED_EDGE ( 'NONE', *, *, #22, .T. ) ;
#3125 = PLANE ( 'NONE',  #2371 ) ;
#3126 = EDGE_CURVE ( 'NONE', #2875, #2508, #2674, .T. ) ;
#3127 = DIRECTION ( 'NONE',  ( 0.000000000000000000, 0.000000000000000000, -1.000000000000000000 ) ) ;
#3128 = DIRECTION ( 'NONE',  ( 0.000000000000000000, 0.000000000000000000, 1.000000000000000000 ) ) ;
#3129 = ADVANCED_FACE ( 'NONE', ( #2788 ), #789, .T. ) ;
#3130 = LINE ( 'NONE', #563, #1409 ) ;
#3131 = EDGE_CURVE ( 'NONE', #1369, #1706, #926, .T. ) ;
#3132 = ORIENTED_EDGE ( 'NONE', *, *, #2230, .T. ) ;
#3133 = DIRECTION ( 'NONE',  ( 1.000000000000000000, 0.000000000000000000, 0.000000000000000000 ) ) ;
#3134 = CIRCLE ( 'NONE', #341, 0.4999999999999995559 ) ;
#3135 = LINE ( 'NONE', #1260, #1712 ) ;
#3136 = AXIS2_PLACEMENT_3D ( 'NONE', #915, #2628, #194 ) ;
#3137 = VECTOR ( 'NONE', #43, 1000.000000000000000 ) ;
#3138 = AXIS2_PLACEMENT_3D ( 'NONE', #719, #2658, #2420 ) ;
#3139 = CARTESIAN_POINT ( 'NONE',  ( -144.0198000010000214, 39.21863622099999702, 7.987459202000001035 ) ) ;
#3140 = LINE ( 'NONE', #347, #1606 ) ;
#3141 = DIRECTION ( 'NONE',  ( 0.000000000000000000, 0.000000000000000000, -1.000000000000000000 ) ) ;
#3142 = DIRECTION ( 'NONE',  ( 1.000000000000000000, 0.000000000000000000, 0.000000000000000000 ) ) ;
#3143 =( BOUNDED_CURVE ( )  B_SPLINE_CURVE ( 3, ( #2895, #2429, #2680, #245 ),
 .UNSPECIFIED., .F., .F. ) 
 B_SPLINE_CURVE_WITH_KNOTS ( ( 4, 4 ),
 ( 0.000000000000000000, 0.7753474869337272368 ),
 .UNSPECIFIED. ) 
 CURVE ( )  GEOMETRIC_REPRESENTATION_ITEM ( )  RATIONAL_B_SPLINE_CURVE ( ( 1.000000000000000000, 0.9505273148578103903, 0.9505273148578103903, 1.000000000000000000 ) ) 
 REPRESENTATION_ITEM ( '' )  );
#3144 = LINE ( 'NONE', #672, #2718 ) ;
#3145 = EDGE_CURVE ( 'NONE', #1725, #2425, #274, .T. ) ;
#3146 = ORIENTED_EDGE ( 'NONE', *, *, #1118, .F. ) ;
#3147 = LINE ( 'NONE', #2818, #2334 ) ;
#3148 = ADVANCED_FACE ( 'NONE', ( #160, #1843, #1303 ), #1026, .T. ) ;
#3149 = ORIENTED_EDGE ( 'NONE', *, *, #1548, .F. ) ;
#3150 = VERTEX_POINT ( 'NONE', #2502 ) ;
#3151 = CARTESIAN_POINT ( 'NONE',  ( -130.2821042170000112, 54.18357229699999777, 5.707477059999999547 ) ) ;
#3152 = ORIENTED_EDGE ( 'NONE', *, *, #656, .F. ) ;
#3153 = CARTESIAN_POINT ( 'NONE',  ( -130.1391931409999927, 54.04066122100000058, 6.057459202000000431 ) ) ;
#3154 = ORIENTED_EDGE ( 'NONE', *, *, #1196, .T. ) ;
#3155 = EDGE_LOOP ( 'NONE', ( #1432, #417, #1170, #648 ) ) ;
#3156 = DIRECTION ( 'NONE',  ( 0.000000000000000000, 0.000000000000000000, 1.000000000000000000 ) ) ;
#3157 = ORIENTED_EDGE ( 'NONE', *, *, #2611, .F. ) ;
#3158 = ORIENTED_EDGE ( 'NONE', *, *, #1735, .F. ) ;
#3159 = CARTESIAN_POINT ( 'NONE',  ( -146.5198000000000036, 39.01863622100000129, 10.77030191500000100 ) ) ;
#3160 = DIRECTION ( 'NONE',  ( -1.000000000000000000, 0.000000000000000000, 0.000000000000000000 ) ) ;
#3161 = ORIENTED_EDGE ( 'NONE', *, *, #2814, .T. ) ;
#3162 = EDGE_CURVE ( 'NONE', #2121, #2932, #1452, .T. ) ;
#3163 = ADVANCED_FACE ( 'NONE', ( #2140 ), #2283, .F. ) ;
ENDSEC;
END-ISO-10303-21;
