ISO-10303-21;
HEADER;

/* File generated by Shapr3D Version 5.1000.9900.0 */

FILE_DESCRIPTION(('HOOPS Exchange Step'),'2;1');

FILE_NAME('C:\\Users\\13271\\AppData\\Local\\Packages\\Shapr3D.Shapr3D_dvv5p1vgwv6mp\\TempState\\export\\temp_export',
'2025-12-02T18:56:27+08:00',
('13271'),
('Shapr3D Limited'),
'HOOPS Exchange 2025.7',
'Shapr3D',
'Authorized');

FILE_SCHEMA( ('AP242_MANAGED_MODEL_BASED_3D_ENGINEERING_MIM_LF {1 0 10303 442 1 1 4}') );

ENDSEC;

DATA;
#3=(NAMED_UNIT(*)PLANE_ANGLE_UNIT()SI_UNIT($,.RADIAN.));
#4=PLANE_ANGLE_MEASURE_WITH_UNIT(PLANE_ANGLE_MEASURE(0.0174532925),#3);
#5=(CONVERSION_BASED_UNIT('DEGREE',#4)NAMED_UNIT(#6)PLANE_ANGLE_UNIT());
#6=DIMENSIONAL_EXPONENTS(0.,0.,0.,0.,0.,0.,0.);
#7=(NAMED_UNIT(*)SI_UNIT($,.STERADIAN.)SOLID_ANGLE_UNIT());
#8=(LENGTH_UNIT()NAMED_UNIT(*)SI_UNIT(.MILLI.,.METRE.));
#9=UNCERTAINTY_MEASURE_WITH_UNIT(LENGTH_MEASURE(1.000000E-03),#8,'DISTANCE_ACCURACY_VALUE','Maximum Tolerance applied to model');
#10=(GEOMETRIC_REPRESENTATION_CONTEXT(3)GLOBAL_UNCERTAINTY_ASSIGNED_CONTEXT((#9))GLOBAL_UNIT_ASSIGNED_CONTEXT((#8,#5,#7))REPRESENTATION_CONTEXT('','root'));
#12=CARTESIAN_POINT('',(0.,0.,0.));
#13=DIRECTION('',(0.,0.,1.));
#14=DIRECTION('',(1.,0.,0.));
#15=AXIS2_PLACEMENT_3D('',#12,#13,#14);
#26=(NAMED_UNIT(*)PLANE_ANGLE_UNIT()SI_UNIT($,.RADIAN.));
#27=PLANE_ANGLE_MEASURE_WITH_UNIT(PLANE_ANGLE_MEASURE(0.0174532925),#26);
#28=(CONVERSION_BASED_UNIT('DEGREE',#27)NAMED_UNIT(#29)PLANE_ANGLE_UNIT());
#29=DIMENSIONAL_EXPONENTS(0.,0.,0.,0.,0.,0.,0.);
#30=(NAMED_UNIT(*)SI_UNIT($,.STERADIAN.)SOLID_ANGLE_UNIT());
#31=(LENGTH_UNIT()NAMED_UNIT(*)SI_UNIT(.MILLI.,.METRE.));
#32=UNCERTAINTY_MEASURE_WITH_UNIT(LENGTH_MEASURE(1.000000E-05),#31,'DISTANCE_ACCURACY_VALUE','Maximum Tolerance applied to model');
#33=(GEOMETRIC_REPRESENTATION_CONTEXT(3)GLOBAL_UNCERTAINTY_ASSIGNED_CONTEXT((#32))GLOBAL_UNIT_ASSIGNED_CONTEXT((#31,#28,#30))REPRESENTATION_CONTEXT('','main_frame'));
#45=CARTESIAN_POINT('',(0.,0.,0.));
#46=DIRECTION('',(0.,0.,1.));
#47=DIRECTION('',(1.,0.,-0.));
#48=AXIS2_PLACEMENT_3D('',#45,#46,#47);
#49=ITEM_DEFINED_TRANSFORMATION('','',#48,#15);
#50=(REPRESENTATION_RELATIONSHIP('','',#35,#16)REPRESENTATION_RELATIONSHIP_WITH_TRANSFORMATION(#49)SHAPE_REPRESENTATION_RELATIONSHIP());
#51=NEXT_ASSEMBLY_USAGE_OCCURRENCE('main_frame_1','main_frame','main_frame',#25,#44,$);
#52=PRODUCT_DEFINITION_SHAPE('','',#51);
#53=CONTEXT_DEPENDENT_SHAPE_REPRESENTATION(#50,#52);
#55=CARTESIAN_POINT('',(-148.5698,3.2,33.097708211));
#56=DIRECTION('',(-1.,0.,0.));
#57=DIRECTION('',(0.,0.,1.));
#58=AXIS2_PLACEMENT_3D('',#55,#56,#57);
#59=PLANE('',#58);
#60=CARTESIAN_POINT('',(-148.5698,3.,11.557459202));
#61=VERTEX_POINT('',#60);
#62=CARTESIAN_POINT('',(-148.5698,1.8,11.557459202));
#63=VERTEX_POINT('',#62);
#64=CARTESIAN_POINT('',(-148.5698,3.,11.557459202));
#65=DIRECTION('',(0.,-1.,0.));
#66=VECTOR('',#65,1.2);
#67=LINE('',#64,#66);
#68=EDGE_CURVE('',#61,#63,#67,.T.);
#69=ORIENTED_EDGE('',*,*,#68,.F.);
#70=CARTESIAN_POINT('',(-148.5698,3.,23.072638574));
#71=VERTEX_POINT('',#70);
#72=CARTESIAN_POINT('',(-148.5698,3.,11.557459202));
#73=DIRECTION('',(-0.,-0.,1.));
#74=VECTOR('',#73,11.515179372);
#75=LINE('',#72,#74);
#76=EDGE_CURVE('',#61,#71,#75,.T.);
#77=ORIENTED_EDGE('',*,*,#76,.T.);
#78=CARTESIAN_POINT('',(-148.5698,1.8,25.151099543));
#79=VERTEX_POINT('',#78);
#80=CARTESIAN_POINT('',(-148.5698,1.8,25.151099543));
#81=DIRECTION('',(0.,0.5,-0.866025404));
#82=VECTOR('',#81,2.4);
#83=LINE('',#80,#82);
#84=EDGE_CURVE('',#79,#71,#83,.T.);
#85=ORIENTED_EDGE('',*,*,#84,.F.);
#86=CARTESIAN_POINT('',(-148.5698,1.8,25.151099543));
#87=DIRECTION('',(0.,0.,-1.));
#88=VECTOR('',#87,13.593640341);
#89=LINE('',#86,#88);
#90=EDGE_CURVE('',#79,#63,#89,.T.);
#91=ORIENTED_EDGE('',*,*,#90,.T.);
#92=EDGE_LOOP('',(#69,#77,#85,#91));
#93=FACE_BOUND('',#92,.T.);
#94=ADVANCED_FACE('',(#93),#59,.F.);
#95=CARTESIAN_POINT('',(-149.066246609,-1.803388779,11.911012593));
#96=DIRECTION('',(-0.707106781,0.,-0.707106781));
#97=DIRECTION('',(-0.707106781,0.,0.707106781));
#98=AXIS2_PLACEMENT_3D('',#95,#96,#97);
#99=PLANE('',#98);
#100=CARTESIAN_POINT('',(-148.71269322,48.740661221,11.557459199));
#101=VERTEX_POINT('',#100);
#102=CARTESIAN_POINT('',(-150.4198,48.740661221,13.264565984));
#103=VERTEX_POINT('',#102);
#104=CARTESIAN_POINT('',(-148.712693217,48.740661221,11.557459201));
#105=CARTESIAN_POINT('',(-150.4198,48.740661221,13.264565984));
#106=B_SPLINE_CURVE_WITH_KNOTS('',1,(#104,#105),.UNSPECIFIED.,.F.,.F.,(2,2),(0.,1.),.UNSPECIFIED.);
#107=EDGE_CURVE('NONE',#101,#103,#106,.T.);
#108=ORIENTED_EDGE('',*,*,#107,.F.);
#109=CARTESIAN_POINT('',(-148.712693221,0.,11.557459202));
#110=VERTEX_POINT('',#109);
#111=CARTESIAN_POINT('',(-148.712693218,0.,11.557459202));
#112=DIRECTION('',(0.,1.,0.));
#113=VECTOR('',#112,48.740661221);
#114=LINE('',#111,#113);
#115=EDGE_CURVE('NONE',#110,#101,#114,.T.);
#116=ORIENTED_EDGE('',*,*,#115,.F.);
#117=CARTESIAN_POINT('',(-150.4198,0.,13.264565985));
#118=VERTEX_POINT('',#117);
#119=CARTESIAN_POINT('',(-150.4198,0.,13.264565985));
#120=DIRECTION('',(0.70710678,0.,-0.707106782));
#121=VECTOR('',#120,2.414213562);
#122=LINE('',#119,#121);
#123=EDGE_CURVE('NONE',#118,#110,#122,.T.);
#124=ORIENTED_EDGE('',*,*,#123,.F.);
#125=CARTESIAN_POINT('',(-150.4198,48.740661221,13.264565984));
#126=DIRECTION('',(-0.,-1.,-0.));
#127=VECTOR('',#126,48.740661221);
#128=LINE('',#125,#127);
#129=EDGE_CURVE('NONE',#103,#118,#128,.T.);
#130=ORIENTED_EDGE('',*,*,#129,.F.);
#131=EDGE_LOOP('',(#108,#116,#124,#130));
#132=FACE_BOUND('',#131,.T.);
#133=ADVANCED_FACE('',(#132),#99,.T.);
#134=CARTESIAN_POINT('',(149.666246609,-1.803388779,11.911012593));
#135=DIRECTION('',(-0.707106781,0.,0.707106781));
#136=DIRECTION('',(0.,1.,0.));
#137=AXIS2_PLACEMENT_3D('',#134,#135,#136);
#138=PLANE('',#137);
#139=CARTESIAN_POINT('',(149.312693221,48.740661222,11.557459198));
#140=VERTEX_POINT('',#139);
#141=CARTESIAN_POINT('',(149.312693218,0.,11.557459202));
#142=VERTEX_POINT('',#141);
#143=CARTESIAN_POINT('',(149.312693218,48.740661222,11.557459202));
#144=DIRECTION('',(0.,-1.,0.));
#145=VECTOR('',#144,48.740661222);
#146=LINE('',#143,#145);
#147=EDGE_CURVE('NONE',#140,#142,#146,.T.);
#148=ORIENTED_EDGE('',*,*,#147,.F.);
#149=CARTESIAN_POINT('',(151.0198,48.740661221,13.264565985));
#150=VERTEX_POINT('',#149);
#151=CARTESIAN_POINT('',(151.0198,48.740661221,13.264565985));
#152=CARTESIAN_POINT('',(149.312693217,48.740661222,11.557459201));
#153=B_SPLINE_CURVE_WITH_KNOTS('',1,(#151,#152),.UNSPECIFIED.,.F.,.F.,(2,2),(0.,1.),.UNSPECIFIED.);
#154=EDGE_CURVE('NONE',#150,#140,#153,.T.);
#155=ORIENTED_EDGE('',*,*,#154,.F.);
#156=CARTESIAN_POINT('',(151.0198,0.,13.264565985));
#157=VERTEX_POINT('',#156);
#158=CARTESIAN_POINT('',(151.0198,0.,13.264565985));
#159=DIRECTION('',(0.,1.,0.));
#160=VECTOR('',#159,48.740661221);
#161=LINE('',#158,#160);
#162=EDGE_CURVE('NONE',#157,#150,#161,.T.);
#163=ORIENTED_EDGE('',*,*,#162,.F.);
#164=CARTESIAN_POINT('',(151.0198,0.,13.264565984));
#165=DIRECTION('',(-0.707106781,0.,-0.707106781));
#166=VECTOR('',#165,2.414213564);
#167=LINE('',#164,#166);
#168=EDGE_CURVE('NONE',#157,#142,#167,.T.);
#169=ORIENTED_EDGE('',*,*,#168,.T.);
#170=EDGE_LOOP('',(#148,#155,#163,#169));
#171=FACE_BOUND('',#170,.T.);
#172=ADVANCED_FACE('',(#171),#138,.F.);
#173=CARTESIAN_POINT('',(149.1698,1.85,34.664830493));
#174=DIRECTION('',(1.,0.,0.));
#175=DIRECTION('',(0.,0.,-1.));
#176=AXIS2_PLACEMENT_3D('',#173,#174,#175);
#177=PLANE('',#176);
#178=CARTESIAN_POINT('',(149.1698,1.89,11.557459202));
#179=VERTEX_POINT('',#178);
#180=CARTESIAN_POINT('',(149.1698,3.5,11.557459202));
#181=VERTEX_POINT('',#180);
#182=CARTESIAN_POINT('',(149.1698,1.89,11.557459202));
#183=DIRECTION('',(0.,1.,0.));
#184=VECTOR('',#183,1.61);
#185=LINE('',#182,#184);
#186=EDGE_CURVE('',#179,#181,#185,.T.);
#187=ORIENTED_EDGE('',*,*,#186,.F.);
#188=CARTESIAN_POINT('',(149.1698,1.89,24.998227673));
#189=VERTEX_POINT('',#188);
#190=CARTESIAN_POINT('',(149.1698,1.89,11.557459202));
#191=DIRECTION('',(-0.,-0.,1.));
#192=VECTOR('',#191,13.440768471);
#193=LINE('',#190,#192);
#194=EDGE_CURVE('',#179,#189,#193,.T.);
#195=ORIENTED_EDGE('',*,*,#194,.T.);
#196=CARTESIAN_POINT('',(149.1698,3.5,22.209625873));
#197=VERTEX_POINT('',#196);
#198=CARTESIAN_POINT('',(149.1698,3.5,22.209625873));
#199=DIRECTION('',(-0.,-0.5,0.866025404));
#200=VECTOR('',#199,3.22);
#201=LINE('',#198,#200);
#202=EDGE_CURVE('',#197,#189,#201,.T.);
#203=ORIENTED_EDGE('',*,*,#202,.F.);
#204=CARTESIAN_POINT('',(149.1698,3.5,22.209625873));
#205=DIRECTION('',(0.,0.,-1.));
#206=VECTOR('',#205,10.652166671);
#207=LINE('',#204,#206);
#208=EDGE_CURVE('',#197,#181,#207,.T.);
#209=ORIENTED_EDGE('',*,*,#208,.T.);
#210=EDGE_LOOP('',(#187,#195,#203,#209));
#211=FACE_BOUND('',#210,.T.);
#212=ADVANCED_FACE('',(#211),#177,.F.);
#213=CARTESIAN_POINT('',(-0.05,-1.803388779,11.557459202));
#214=DIRECTION('',(0.,0.,-1.));
#215=DIRECTION('',(0.,-1.,0.));
#216=AXIS2_PLACEMENT_3D('',#213,#214,#215);
#217=PLANE('',#216);
#218=CARTESIAN_POINT('',(-148.0698,1.6,11.557459202));
#219=VERTEX_POINT('',#218);
#220=CARTESIAN_POINT('',(-148.3698,1.6,11.557459202));
#221=VERTEX_POINT('',#220);
#222=CARTESIAN_POINT('',(-148.0698,1.6,11.557459202));
#223=DIRECTION('',(-1.,-0.,0.));
#224=VECTOR('',#223,0.3);
#225=LINE('',#222,#224);
#226=EDGE_CURVE('',#219,#221,#225,.T.);
#227=ORIENTED_EDGE('',*,*,#226,.F.);
#228=CARTESIAN_POINT('',(-147.8698,1.4,11.557459202));
#229=VERTEX_POINT('',#228);
#230=CARTESIAN_POINT('',(-148.0698,1.4,11.557459202));
#231=DIRECTION('',(0.,0.,-1.));
#232=DIRECTION('',(-1.,0.,0.));
#233=AXIS2_PLACEMENT_3D('',#230,#231,#232);
#234=CIRCLE('',#233,0.2);
#235=EDGE_CURVE('',#219,#229,#234,.T.);
#236=ORIENTED_EDGE('',*,*,#235,.T.);
#237=CARTESIAN_POINT('',(-147.8698,0.2,11.557459202));
#238=VERTEX_POINT('',#237);
#239=CARTESIAN_POINT('',(-147.8698,0.2,11.557459202));
#240=DIRECTION('',(0.,1.,0.));
#241=VECTOR('',#240,1.2);
#242=LINE('',#239,#241);
#243=EDGE_CURVE('',#238,#229,#242,.T.);
#244=ORIENTED_EDGE('',*,*,#243,.F.);
#245=CARTESIAN_POINT('',(-148.0698,0.,11.557459202));
#246=VERTEX_POINT('',#245);
#247=CARTESIAN_POINT('',(-148.0698,0.2,11.557459202));
#248=DIRECTION('',(0.,0.,-1.));
#249=DIRECTION('',(-1.,0.,0.));
#250=AXIS2_PLACEMENT_3D('',#247,#248,#249);
#251=CIRCLE('',#250,0.2);
#252=EDGE_CURVE('',#238,#246,#251,.T.);
#253=ORIENTED_EDGE('',*,*,#252,.T.);
#254=CARTESIAN_POINT('',(-148.712693221,0.,11.557459202));
#255=DIRECTION('',(1.,0.,-0.));
#256=VECTOR('',#255,0.642893221);
#257=LINE('',#254,#256);
#258=EDGE_CURVE('NONE',#110,#246,#257,.T.);
#259=ORIENTED_EDGE('',*,*,#258,.F.);
#260=ORIENTED_EDGE('',*,*,#115,.T.);
#261=CARTESIAN_POINT('',(-143.4198,54.033554438,11.5574592));
#262=VERTEX_POINT('',#261);
#263=CARTESIAN_POINT('',(-143.4198,48.740661221,11.557459198));
#264=DIRECTION('',(-0.,-0.,-1.));
#265=DIRECTION('',(1.,0.,-0.));
#266=AXIS2_PLACEMENT_3D('',#263,#264,#265);
#267=CIRCLE('',#266,5.292893222);
#268=EDGE_CURVE('NONE',#101,#262,#267,.T.);
#269=ORIENTED_EDGE('',*,*,#268,.T.);
#270=CARTESIAN_POINT('',(-130.639193141,54.03355444,11.557459202));
#271=VERTEX_POINT('',#270);
#272=CARTESIAN_POINT('',(-143.4198,54.033554441,11.557459202));
#273=DIRECTION('',(1.,-0.,-0.));
#274=VECTOR('',#273,12.780606859);
#275=LINE('',#272,#274);
#276=EDGE_CURVE('NONE',#262,#271,#275,.T.);
#277=ORIENTED_EDGE('',*,*,#276,.T.);
#278=CARTESIAN_POINT('',(-130.639193141,53.640661221,11.557459202));
#279=VERTEX_POINT('',#278);
#280=CARTESIAN_POINT('',(-130.639193141,54.03355444,11.557459202));
#281=DIRECTION('',(0.,-1.,0.));
#282=VECTOR('',#281,0.392893219);
#283=LINE('',#280,#282);
#284=EDGE_CURVE('NONE',#271,#279,#283,.T.);
#285=ORIENTED_EDGE('',*,*,#284,.T.);
#286=CARTESIAN_POINT('',(-141.5198,53.640661221,11.557459202));
#287=VERTEX_POINT('',#286);
#288=CARTESIAN_POINT('',(-130.639193141,53.640661221,11.557459202));
#289=DIRECTION('',(-1.,0.,0.));
#290=VECTOR('',#289,10.880606859);
#291=LINE('',#288,#290);
#292=EDGE_CURVE('NONE',#279,#287,#291,.T.);
#293=ORIENTED_EDGE('',*,*,#292,.T.);
#294=CARTESIAN_POINT('',(-146.7198,48.440661221,11.557459202));
#295=VERTEX_POINT('',#294);
#296=CARTESIAN_POINT('',(-141.5198,48.440661221,11.557459202));
#297=DIRECTION('',(-0.,-0.,1.));
#298=DIRECTION('',(-1.,0.,0.));
#299=AXIS2_PLACEMENT_3D('',#296,#297,#298);
#300=CIRCLE('',#299,5.2);
#301=EDGE_CURVE('NONE',#287,#295,#300,.T.);
#302=ORIENTED_EDGE('',*,*,#301,.T.);
#303=CARTESIAN_POINT('',(-146.7198,3.2,11.557459202));
#304=VERTEX_POINT('',#303);
#305=CARTESIAN_POINT('',(-146.7198,48.440661221,11.557459202));
#306=DIRECTION('',(0.,-1.,0.));
#307=VECTOR('',#306,45.240661221);
#308=LINE('',#305,#307);
#309=EDGE_CURVE('NONE',#295,#304,#308,.T.);
#310=ORIENTED_EDGE('',*,*,#309,.T.);
#311=CARTESIAN_POINT('',(-148.3698,3.2,11.557459202));
#312=VERTEX_POINT('',#311);
#313=CARTESIAN_POINT('',(-148.3698,3.2,11.557459202));
#314=DIRECTION('',(1.,0.,-0.));
#315=VECTOR('',#314,1.65);
#316=LINE('',#313,#315);
#317=EDGE_CURVE('',#312,#304,#316,.T.);
#318=ORIENTED_EDGE('',*,*,#317,.F.);
#319=CARTESIAN_POINT('',(-148.3698,3.,11.557459202));
#320=DIRECTION('',(-0.,-0.,1.));
#321=DIRECTION('',(-1.,0.,0.));
#322=AXIS2_PLACEMENT_3D('',#319,#320,#321);
#323=CIRCLE('',#322,0.2);
#324=EDGE_CURVE('',#312,#61,#323,.T.);
#325=ORIENTED_EDGE('',*,*,#324,.T.);
#326=ORIENTED_EDGE('',*,*,#68,.T.);
#327=CARTESIAN_POINT('',(-148.3698,1.8,11.557459202));
#328=DIRECTION('',(-0.,-0.,1.));
#329=DIRECTION('',(-1.,0.,0.));
#330=AXIS2_PLACEMENT_3D('',#327,#328,#329);
#331=CIRCLE('',#330,0.2);
#332=EDGE_CURVE('',#63,#221,#331,.T.);
#333=ORIENTED_EDGE('',*,*,#332,.T.);
#334=EDGE_LOOP('',(#227,#236,#244,#253,#259,#260,#269,#277,#285,#293,#302,#310,#318,#325,#326,#333));
#335=FACE_BOUND('',#334,.T.);
#336=ADVANCED_FACE('NONE',(#335),#217,.T.);
#337=CARTESIAN_POINT('',(143.9198,-2.003388779,5.257459202));
#338=DIRECTION('',(-1.,0.,0.));
#339=DIRECTION('',(0.,0.,1.));
#340=AXIS2_PLACEMENT_3D('',#337,#338,#339);
#341=PLANE('',#340);
#342=CARTESIAN_POINT('',(143.9198,0.,29.657459202));
#343=VERTEX_POINT('',#342);
#344=CARTESIAN_POINT('',(143.9198,0.,11.757459202));
#345=VERTEX_POINT('',#344);
#346=CARTESIAN_POINT('',(143.9198,0.,29.657459202));
#347=DIRECTION('',(-0.,-0.,-1.));
#348=VECTOR('',#347,17.9);
#349=LINE('',#346,#348);
#350=EDGE_CURVE('NONE',#343,#345,#349,.T.);
#351=ORIENTED_EDGE('',*,*,#350,.F.);
#352=CARTESIAN_POINT('',(143.9198,44.240661221,29.657459202));
#353=VERTEX_POINT('',#352);
#354=CARTESIAN_POINT('',(143.9198,0.,29.657459202));
#355=DIRECTION('',(0.,1.,0.));
#356=VECTOR('',#355,44.240661221);
#357=LINE('',#354,#356);
#358=EDGE_CURVE('NONE',#343,#353,#357,.T.);
#359=ORIENTED_EDGE('',*,*,#358,.T.);
#360=CARTESIAN_POINT('',(143.9198,44.240661221,24.657459202));
#361=VERTEX_POINT('',#360);
#362=CARTESIAN_POINT('',(143.9198,44.240661221,29.657459202));
#363=DIRECTION('',(-0.,-0.,-1.));
#364=VECTOR('',#363,5.);
#365=LINE('',#362,#364);
#366=EDGE_CURVE('NONE',#353,#361,#365,.T.);
#367=ORIENTED_EDGE('',*,*,#366,.T.);
#368=CARTESIAN_POINT('',(143.9198,16.496611221,24.657459202));
#369=VERTEX_POINT('',#368);
#370=CARTESIAN_POINT('',(143.9198,44.240661221,24.657459202));
#371=DIRECTION('',(-0.,-1.,-0.));
#372=VECTOR('',#371,27.74405);
#373=LINE('',#370,#372);
#374=EDGE_CURVE('NONE',#361,#369,#373,.T.);
#375=ORIENTED_EDGE('',*,*,#374,.T.);
#376=CARTESIAN_POINT('',(143.9198,16.496611221,11.757459202));
#377=VERTEX_POINT('',#376);
#378=CARTESIAN_POINT('',(143.9198,16.496611221,24.657459202));
#379=DIRECTION('',(-0.,-0.,-1.));
#380=VECTOR('',#379,12.9);
#381=LINE('',#378,#380);
#382=EDGE_CURVE('NONE',#369,#377,#381,.T.);
#383=ORIENTED_EDGE('',*,*,#382,.T.);
#384=CARTESIAN_POINT('',(143.9198,16.496611221,11.757459202));
#385=DIRECTION('',(-0.,-1.,-0.));
#386=VECTOR('',#385,16.496611221);
#387=LINE('',#384,#386);
#388=EDGE_CURVE('NONE',#377,#345,#387,.T.);
#389=ORIENTED_EDGE('',*,*,#388,.T.);
#390=EDGE_LOOP('',(#351,#359,#367,#375,#383,#389));
#391=FACE_BOUND('',#390,.T.);
#392=ADVANCED_FACE('NONE',(#391),#341,.T.);
#393=CARTESIAN_POINT('',(0.3,-2.003388779,30.257459202));
#394=DIRECTION('',(0.,0.,1.));
#395=DIRECTION('',(1.,0.,0.));
#396=AXIS2_PLACEMENT_3D('',#393,#394,#395);
#397=PLANE('',#396);
#398=CARTESIAN_POINT('',(149.029850506,-0.,30.257459202));
#399=VERTEX_POINT('',#398);
#400=CARTESIAN_POINT('',(144.5198,0.,30.257459202));
#401=VERTEX_POINT('',#400);
#402=CARTESIAN_POINT('',(149.029850506,0.,30.257459202));
#403=DIRECTION('',(-1.,-0.,0.));
#404=VECTOR('',#403,4.510050506);
#405=LINE('',#402,#404);
#406=EDGE_CURVE('NONE',#399,#401,#405,.T.);
#407=ORIENTED_EDGE('',*,*,#406,.F.);
#408=CARTESIAN_POINT('',(149.029850506,48.740661221,30.257459204));
#409=VERTEX_POINT('',#408);
#410=CARTESIAN_POINT('',(149.029850506,-0.,30.257459202));
#411=DIRECTION('',(0.,1.,0.));
#412=VECTOR('',#411,48.740661221);
#413=LINE('',#410,#412);
#414=EDGE_CURVE('NONE',#399,#409,#413,.T.);
#415=ORIENTED_EDGE('',*,*,#414,.T.);
#416=CARTESIAN_POINT('',(144.0198,53.750711726,30.257459203));
#417=VERTEX_POINT('',#416);
#418=CARTESIAN_POINT('',(144.0198,48.740661221,30.257459204));
#419=DIRECTION('',(-0.,-0.,1.));
#420=DIRECTION('',(-1.,0.,0.));
#421=AXIS2_PLACEMENT_3D('',#418,#419,#420);
#422=CIRCLE('',#421,5.010050507);
#423=EDGE_CURVE('NONE',#409,#417,#422,.T.);
#424=ORIENTED_EDGE('',*,*,#423,.T.);
#425=CARTESIAN_POINT('',(-143.4198,53.750711728,30.257459204));
#426=VERTEX_POINT('',#425);
#427=CARTESIAN_POINT('',(144.0198,53.750711727,30.257459202));
#428=DIRECTION('',(-1.,-0.,0.));
#429=VECTOR('',#428,287.4396);
#430=LINE('',#427,#429);
#431=EDGE_CURVE('NONE',#417,#426,#430,.T.);
#432=ORIENTED_EDGE('',*,*,#431,.T.);
#433=CARTESIAN_POINT('',(-148.429850506,48.740661221,30.257459203));
#434=VERTEX_POINT('',#433);
#435=CARTESIAN_POINT('',(-143.4198,48.740661221,30.257459204));
#436=DIRECTION('',(-0.,-0.,1.));
#437=DIRECTION('',(-1.,0.,0.));
#438=AXIS2_PLACEMENT_3D('',#435,#436,#437);
#439=CIRCLE('',#438,5.010050507);
#440=EDGE_CURVE('NONE',#426,#434,#439,.T.);
#441=ORIENTED_EDGE('',*,*,#440,.T.);
#442=CARTESIAN_POINT('',(-148.429850506,0.,30.257459202));
#443=VERTEX_POINT('',#442);
#444=CARTESIAN_POINT('',(-148.429850506,48.740661221,30.257459202));
#445=DIRECTION('',(-0.,-1.,-0.));
#446=VECTOR('',#445,48.740661221);
#447=LINE('',#444,#446);
#448=EDGE_CURVE('NONE',#434,#443,#447,.T.);
#449=ORIENTED_EDGE('',*,*,#448,.T.);
#450=CARTESIAN_POINT('',(-143.9198,0.,30.257459202));
#451=VERTEX_POINT('',#450);
#452=CARTESIAN_POINT('',(-143.9198,0.,30.257459202));
#453=DIRECTION('',(-1.,-0.,0.));
#454=VECTOR('',#453,4.510050506);
#455=LINE('',#452,#454);
#456=EDGE_CURVE('NONE',#451,#443,#455,.T.);
#457=ORIENTED_EDGE('',*,*,#456,.F.);
#458=CARTESIAN_POINT('',(-143.9198,44.240661221,30.257459202));
#459=VERTEX_POINT('',#458);
#460=CARTESIAN_POINT('',(-143.9198,0.,30.257459202));
#461=DIRECTION('',(0.,1.,0.));
#462=VECTOR('',#461,44.240661221);
#463=LINE('',#460,#462);
#464=EDGE_CURVE('NONE',#451,#459,#463,.T.);
#465=ORIENTED_EDGE('',*,*,#464,.T.);
#466=CARTESIAN_POINT('',(-141.3198,46.84066122,30.257459202));
#467=VERTEX_POINT('',#466);
#468=CARTESIAN_POINT('',(-141.3198,44.240661221,30.257459202));
#469=DIRECTION('',(-0.,-0.,-1.));
#470=DIRECTION('',(1.,0.,-0.));
#471=AXIS2_PLACEMENT_3D('',#468,#469,#470);
#472=CIRCLE('',#471,2.599999999);
#473=EDGE_CURVE('NONE',#459,#467,#472,.T.);
#474=ORIENTED_EDGE('',*,*,#473,.T.);
#475=CARTESIAN_POINT('',(141.9198,46.840661221,30.257459202));
#476=VERTEX_POINT('',#475);
#477=CARTESIAN_POINT('',(-141.3198,46.840661221,30.257459202));
#478=DIRECTION('',(1.,0.,-0.));
#479=VECTOR('',#478,283.2396);
#480=LINE('',#477,#479);
#481=EDGE_CURVE('NONE',#467,#476,#480,.T.);
#482=ORIENTED_EDGE('',*,*,#481,.T.);
#483=CARTESIAN_POINT('',(144.5198,44.240661221,30.257459202));
#484=VERTEX_POINT('',#483);
#485=CARTESIAN_POINT('',(141.9198,44.240661221,30.257459202));
#486=DIRECTION('',(-0.,-0.,-1.));
#487=DIRECTION('',(1.,0.,-0.));
#488=AXIS2_PLACEMENT_3D('',#485,#486,#487);
#489=CIRCLE('',#488,2.599999999);
#490=EDGE_CURVE('NONE',#476,#484,#489,.T.);
#491=ORIENTED_EDGE('',*,*,#490,.T.);
#492=CARTESIAN_POINT('',(144.5198,44.240661221,30.257459202));
#493=DIRECTION('',(-0.,-1.,-0.));
#494=VECTOR('',#493,44.240661221);
#495=LINE('',#492,#494);
#496=EDGE_CURVE('NONE',#484,#401,#495,.T.);
#497=ORIENTED_EDGE('',*,*,#496,.T.);
#498=EDGE_LOOP('',(#407,#415,#424,#432,#441,#449,#457,#465,#474,#482,#491,#497));
#499=FACE_BOUND('',#498,.T.);
#500=ADVANCED_FACE('NONE',(#499),#397,.T.);
#501=CARTESIAN_POINT('',(0.3,46.240661221,5.857459202));
#502=DIRECTION('',(0.,-1.,0.));
#503=DIRECTION('',(0.,0.,-1.));
#504=AXIS2_PLACEMENT_3D('',#501,#502,#503);
#505=PLANE('',#504);
#506=CARTESIAN_POINT('',(-141.3198,46.240661221,29.657459202));
#507=VERTEX_POINT('',#506);
#508=CARTESIAN_POINT('',(-141.3198,46.240661221,24.657459202));
#509=VERTEX_POINT('',#508);
#510=CARTESIAN_POINT('',(-141.3198,46.240661221,29.657459202));
#511=DIRECTION('',(0.,0.,-1.));
#512=VECTOR('',#511,5.);
#513=LINE('',#510,#512);
#514=EDGE_CURVE('NONE',#507,#509,#513,.T.);
#515=ORIENTED_EDGE('',*,*,#514,.T.);
#516=CARTESIAN_POINT('',(141.9198,46.240661221,24.657459202));
#517=VERTEX_POINT('',#516);
#518=CARTESIAN_POINT('',(-141.3198,46.240661221,24.657459202));
#519=DIRECTION('',(1.,0.,-0.));
#520=VECTOR('',#519,283.2396);
#521=LINE('',#518,#520);
#522=EDGE_CURVE('NONE',#509,#517,#521,.T.);
#523=ORIENTED_EDGE('',*,*,#522,.T.);
#524=CARTESIAN_POINT('',(141.9198,46.240661221,29.657459202));
#525=VERTEX_POINT('',#524);
#526=CARTESIAN_POINT('',(141.9198,46.240661221,24.657459202));
#527=DIRECTION('',(-0.,-0.,1.));
#528=VECTOR('',#527,5.);
#529=LINE('',#526,#528);
#530=EDGE_CURVE('NONE',#517,#525,#529,.T.);
#531=ORIENTED_EDGE('',*,*,#530,.T.);
#532=CARTESIAN_POINT('',(141.9198,46.240661221,29.657459202));
#533=DIRECTION('',(-1.,-0.,0.));
#534=VECTOR('',#533,283.2396);
#535=LINE('',#532,#534);
#536=EDGE_CURVE('NONE',#525,#507,#535,.T.);
#537=ORIENTED_EDGE('',*,*,#536,.T.);
#538=EDGE_LOOP('',(#515,#523,#531,#537));
#539=FACE_BOUND('',#538,.T.);
#540=CARTESIAN_POINT('',(136.509906052,46.240661221,25.657459202));
#541=VERTEX_POINT('',#540);
#542=CARTESIAN_POINT('',(126.429906052,46.240661221,25.657459202));
#543=VERTEX_POINT('',#542);
#544=CARTESIAN_POINT('',(136.509906052,46.240661221,25.657459202));
#545=DIRECTION('',(-1.,-0.,0.));
#546=VECTOR('',#545,10.08);
#547=LINE('',#544,#546);
#548=EDGE_CURVE('NONE',#541,#543,#547,.T.);
#549=ORIENTED_EDGE('',*,*,#548,.T.);
#550=CARTESIAN_POINT('',(126.429906052,46.240661221,28.657459202));
#551=VERTEX_POINT('',#550);
#552=CARTESIAN_POINT('',(126.429906052,46.240661221,25.657459202));
#553=DIRECTION('',(-0.,-0.,1.));
#554=VECTOR('',#553,3.);
#555=LINE('',#552,#554);
#556=EDGE_CURVE('NONE',#543,#551,#555,.T.);
#557=ORIENTED_EDGE('',*,*,#556,.T.);
#558=CARTESIAN_POINT('',(136.509906052,46.240661221,28.657459202));
#559=VERTEX_POINT('',#558);
#560=CARTESIAN_POINT('',(126.429906052,46.240661221,28.657459202));
#561=DIRECTION('',(1.,0.,-0.));
#562=VECTOR('',#561,10.08);
#563=LINE('',#560,#562);
#564=EDGE_CURVE('NONE',#551,#559,#563,.T.);
#565=ORIENTED_EDGE('',*,*,#564,.T.);
#566=CARTESIAN_POINT('',(136.509906052,46.240661221,28.657459202));
#567=DIRECTION('',(0.,0.,-1.));
#568=VECTOR('',#567,3.);
#569=LINE('',#566,#568);
#570=EDGE_CURVE('NONE',#559,#541,#569,.T.);
#571=ORIENTED_EDGE('',*,*,#570,.T.);
#572=EDGE_LOOP('',(#549,#557,#565,#571));
#573=FACE_BOUND('',#572,.T.);
#574=CARTESIAN_POINT('',(-4.8257,46.240661221,25.657459202));
#575=VERTEX_POINT('',#574);
#576=CARTESIAN_POINT('',(5.2557,46.240661221,25.657459202));
#577=VERTEX_POINT('',#576);
#578=CARTESIAN_POINT('',(-4.8257,46.240661221,25.657459202));
#579=DIRECTION('',(1.,-0.,-0.));
#580=VECTOR('',#579,10.0814);
#581=LINE('',#578,#580);
#582=EDGE_CURVE('NONE',#575,#577,#581,.T.);
#583=ORIENTED_EDGE('',*,*,#582,.F.);
#584=CARTESIAN_POINT('',(-4.8257,46.240661221,28.657459202));
#585=VERTEX_POINT('',#584);
#586=CARTESIAN_POINT('',(-4.8257,46.240661221,25.657459202));
#587=DIRECTION('',(-0.,-0.,1.));
#588=VECTOR('',#587,3.);
#589=LINE('',#586,#588);
#590=EDGE_CURVE('NONE',#575,#585,#589,.T.);
#591=ORIENTED_EDGE('',*,*,#590,.T.);
#592=CARTESIAN_POINT('',(5.2557,46.240661221,28.657459202));
#593=VERTEX_POINT('',#592);
#594=CARTESIAN_POINT('',(5.2557,46.240661221,28.657459202));
#595=DIRECTION('',(-1.,-0.,0.));
#596=VECTOR('',#595,10.0814);
#597=LINE('',#594,#596);
#598=EDGE_CURVE('NONE',#593,#585,#597,.T.);
#599=ORIENTED_EDGE('',*,*,#598,.F.);
#600=CARTESIAN_POINT('',(5.2557,46.240661221,25.657459202));
#601=DIRECTION('',(0.,0.,1.));
#602=VECTOR('',#601,3.);
#603=LINE('',#600,#602);
#604=EDGE_CURVE('NONE',#577,#593,#603,.T.);
#605=ORIENTED_EDGE('',*,*,#604,.F.);
#606=EDGE_LOOP('',(#583,#591,#599,#605));
#607=FACE_BOUND('',#606,.T.);
#608=ADVANCED_FACE('NONE',(#539,#573,#607),#505,.T.);
#609=CARTESIAN_POINT('',(0.215,48.240661221,28.657459202));
#610=DIRECTION('',(0.,0.,1.));
#611=DIRECTION('',(1.,0.,0.));
#612=AXIS2_PLACEMENT_3D('',#609,#610,#611);
#613=PLANE('',#612);
#614=ORIENTED_EDGE('',*,*,#598,.T.);
#615=CARTESIAN_POINT('',(-4.8257,52.740661221,28.657459202));
#616=VERTEX_POINT('',#615);
#617=CARTESIAN_POINT('',(-4.8257,52.740661221,28.657459202));
#618=DIRECTION('',(-0.,-1.,-0.));
#619=VECTOR('',#618,6.5);
#620=LINE('',#617,#619);
#621=EDGE_CURVE('NONE',#616,#585,#620,.T.);
#622=ORIENTED_EDGE('',*,*,#621,.F.);
#623=CARTESIAN_POINT('',(5.2557,52.740661221,28.657459202));
#624=VERTEX_POINT('',#623);
#625=CARTESIAN_POINT('',(5.2557,52.740661221,28.657459202));
#626=DIRECTION('',(-1.,-0.,0.));
#627=VECTOR('',#626,10.0814);
#628=LINE('',#625,#627);
#629=EDGE_CURVE('NONE',#624,#616,#628,.T.);
#630=ORIENTED_EDGE('',*,*,#629,.F.);
#631=CARTESIAN_POINT('',(5.2557,52.740661221,28.657459202));
#632=DIRECTION('',(-0.,-1.,-0.));
#633=VECTOR('',#632,6.5);
#634=LINE('',#631,#633);
#635=EDGE_CURVE('NONE',#624,#593,#634,.T.);
#636=ORIENTED_EDGE('',*,*,#635,.T.);
#637=EDGE_LOOP('',(#614,#622,#630,#636));
#638=FACE_BOUND('',#637,.T.);
#639=ADVANCED_FACE('NONE',(#638),#613,.F.);
#640=CARTESIAN_POINT('',(0.215,48.240661221,25.657459202));
#641=DIRECTION('',(0.,0.,-1.));
#642=DIRECTION('',(0.,-1.,0.));
#643=AXIS2_PLACEMENT_3D('',#640,#641,#642);
#644=PLANE('',#643);
#645=ORIENTED_EDGE('',*,*,#582,.T.);
#646=CARTESIAN_POINT('',(5.2557,52.740661221,25.657459202));
#647=VERTEX_POINT('',#646);
#648=CARTESIAN_POINT('',(5.2557,52.740661221,25.657459202));
#649=DIRECTION('',(-0.,-1.,-0.));
#650=VECTOR('',#649,6.5);
#651=LINE('',#648,#650);
#652=EDGE_CURVE('NONE',#647,#577,#651,.T.);
#653=ORIENTED_EDGE('',*,*,#652,.F.);
#654=CARTESIAN_POINT('',(-4.8257,52.740661221,25.657459202));
#655=VERTEX_POINT('',#654);
#656=CARTESIAN_POINT('',(-4.8257,52.740661221,25.657459202));
#657=DIRECTION('',(1.,0.,-0.));
#658=VECTOR('',#657,10.0814);
#659=LINE('',#656,#658);
#660=EDGE_CURVE('NONE',#655,#647,#659,.T.);
#661=ORIENTED_EDGE('',*,*,#660,.F.);
#662=CARTESIAN_POINT('',(-4.8257,52.740661221,25.657459202));
#663=DIRECTION('',(0.,-1.,0.));
#664=VECTOR('',#663,6.5);
#665=LINE('',#662,#664);
#666=EDGE_CURVE('NONE',#655,#575,#665,.T.);
#667=ORIENTED_EDGE('',*,*,#666,.T.);
#668=EDGE_LOOP('',(#645,#653,#661,#667));
#669=FACE_BOUND('',#668,.T.);
#670=ADVANCED_FACE('NONE',(#669),#644,.F.);
#671=CARTESIAN_POINT('',(146.7198,25.368636221,24.957459202));
#672=DIRECTION('',(1.,0.,0.));
#673=DIRECTION('',(0.,1.,0.));
#674=AXIS2_PLACEMENT_3D('',#671,#672,#673);
#675=PLANE('',#674);
#676=CARTESIAN_POINT('',(146.7198,16.996611221,11.757459202));
#677=VERTEX_POINT('',#676);
#678=CARTESIAN_POINT('',(146.7198,16.996611221,24.257459202));
#679=VERTEX_POINT('',#678);
#680=CARTESIAN_POINT('',(146.7198,16.996611221,11.757459202));
#681=DIRECTION('',(0.,0.,1.));
#682=VECTOR('',#681,12.5);
#683=LINE('',#680,#682);
#684=EDGE_CURVE('NONE',#677,#679,#683,.T.);
#685=ORIENTED_EDGE('',*,*,#684,.T.);
#686=CARTESIAN_POINT('',(146.7198,48.440661221,24.257459202));
#687=VERTEX_POINT('',#686);
#688=CARTESIAN_POINT('',(146.7198,16.996611221,24.257459202));
#689=DIRECTION('',(0.,1.,0.));
#690=VECTOR('',#689,31.44405);
#691=LINE('',#688,#690);
#692=EDGE_CURVE('NONE',#679,#687,#691,.T.);
#693=ORIENTED_EDGE('',*,*,#692,.T.);
#694=CARTESIAN_POINT('',(146.7198,48.440661221,11.757459202));
#695=VERTEX_POINT('',#694);
#696=CARTESIAN_POINT('',(146.7198,48.440661221,24.257459202));
#697=DIRECTION('',(-0.,-0.,-1.));
#698=VECTOR('',#697,12.5);
#699=LINE('',#696,#698);
#700=EDGE_CURVE('NONE',#687,#695,#699,.T.);
#701=ORIENTED_EDGE('',*,*,#700,.T.);
#702=CARTESIAN_POINT('',(146.7198,48.440661221,11.757459202));
#703=DIRECTION('',(-0.,-1.,-0.));
#704=VECTOR('',#703,31.44405);
#705=LINE('',#702,#704);
#706=EDGE_CURVE('NONE',#695,#677,#705,.T.);
#707=ORIENTED_EDGE('',*,*,#706,.T.);
#708=EDGE_LOOP('',(#685,#693,#701,#707));
#709=FACE_BOUND('',#708,.T.);
#710=ADVANCED_FACE('NONE',(#709),#675,.F.);
#711=CARTESIAN_POINT('',(0.8,-2.003388779,24.457459202));
#712=DIRECTION('',(0.,0.,1.));
#713=DIRECTION('',(1.,0.,0.));
#714=AXIS2_PLACEMENT_3D('',#711,#712,#713);
#715=PLANE('',#714);
#716=CARTESIAN_POINT('',(-143.5198,44.240661221,24.457459202));
#717=VERTEX_POINT('',#716);
#718=CARTESIAN_POINT('',(-143.5198,0.,24.457459202));
#719=VERTEX_POINT('',#718);
#720=CARTESIAN_POINT('',(-143.5198,44.240661221,24.457459202));
#721=DIRECTION('',(-0.,-1.,-0.));
#722=VECTOR('',#721,44.240661221);
#723=LINE('',#720,#722);
#724=EDGE_CURVE('NONE',#717,#719,#723,.T.);
#725=ORIENTED_EDGE('',*,*,#724,.T.);
#726=CARTESIAN_POINT('',(-146.3198,0.,24.457459202));
#727=VERTEX_POINT('',#726);
#728=CARTESIAN_POINT('',(-143.5198,0.,24.457459202));
#729=DIRECTION('',(-1.,-0.,0.));
#730=VECTOR('',#729,2.8);
#731=LINE('',#728,#730);
#732=EDGE_CURVE('NONE',#719,#727,#731,.T.);
#733=ORIENTED_EDGE('',*,*,#732,.T.);
#734=CARTESIAN_POINT('',(-146.3198,48.440661221,24.457459202));
#735=VERTEX_POINT('',#734);
#736=CARTESIAN_POINT('',(-146.3198,0.,24.457459202));
#737=DIRECTION('',(0.,1.,0.));
#738=VECTOR('',#737,48.440661221);
#739=LINE('',#736,#738);
#740=EDGE_CURVE('NONE',#727,#735,#739,.T.);
#741=ORIENTED_EDGE('',*,*,#740,.T.);
#742=CARTESIAN_POINT('',(-141.5198,53.240661221,24.457459202));
#743=VERTEX_POINT('',#742);
#744=CARTESIAN_POINT('',(-141.5198,48.440661221,24.457459202));
#745=DIRECTION('',(0.,0.,-1.));
#746=DIRECTION('',(-1.,0.,0.));
#747=AXIS2_PLACEMENT_3D('',#744,#745,#746);
#748=CIRCLE('',#747,4.8);
#749=EDGE_CURVE('NONE',#735,#743,#748,.T.);
#750=ORIENTED_EDGE('',*,*,#749,.T.);
#751=CARTESIAN_POINT('',(141.7198,53.240661221,24.457459202));
#752=VERTEX_POINT('',#751);
#753=CARTESIAN_POINT('',(-141.5198,53.240661221,24.457459202));
#754=DIRECTION('',(1.,0.,-0.));
#755=VECTOR('',#754,283.2396);
#756=LINE('',#753,#755);
#757=EDGE_CURVE('NONE',#743,#752,#756,.T.);
#758=ORIENTED_EDGE('',*,*,#757,.T.);
#759=CARTESIAN_POINT('',(146.5198,48.440661221,24.457459202));
#760=VERTEX_POINT('',#759);
#761=CARTESIAN_POINT('',(141.7198,48.440661221,24.457459202));
#762=DIRECTION('',(0.,0.,-1.));
#763=DIRECTION('',(-1.,0.,0.));
#764=AXIS2_PLACEMENT_3D('',#761,#762,#763);
#765=CIRCLE('',#764,4.8);
#766=EDGE_CURVE('NONE',#752,#760,#765,.T.);
#767=ORIENTED_EDGE('',*,*,#766,.T.);
#768=CARTESIAN_POINT('',(146.5198,16.996611221,24.457459202));
#769=VERTEX_POINT('',#768);
#770=CARTESIAN_POINT('',(146.5198,48.440661221,24.457459202));
#771=DIRECTION('',(-0.,-1.,-0.));
#772=VECTOR('',#771,31.44405);
#773=LINE('',#770,#772);
#774=EDGE_CURVE('NONE',#760,#769,#773,.T.);
#775=ORIENTED_EDGE('',*,*,#774,.T.);
#776=CARTESIAN_POINT('',(144.4198,16.996611221,24.457459202));
#777=VERTEX_POINT('',#776);
#778=CARTESIAN_POINT('',(146.5198,16.996611221,24.457459202));
#779=DIRECTION('',(-1.,-0.,0.));
#780=VECTOR('',#779,2.1);
#781=LINE('',#778,#780);
#782=EDGE_CURVE('NONE',#769,#777,#781,.T.);
#783=ORIENTED_EDGE('',*,*,#782,.T.);
#784=CARTESIAN_POINT('',(144.1198,16.696611221,24.457459202));
#785=VERTEX_POINT('',#784);
#786=CARTESIAN_POINT('',(144.4198,16.996611221,24.457459202));
#787=DIRECTION('',(-0.707106781,-0.707106781,0.));
#788=VECTOR('',#787,0.424264069);
#789=LINE('',#786,#788);
#790=EDGE_CURVE('NONE',#777,#785,#789,.T.);
#791=ORIENTED_EDGE('',*,*,#790,.T.);
#792=CARTESIAN_POINT('',(144.1198,44.240661221,24.457459202));
#793=VERTEX_POINT('',#792);
#794=CARTESIAN_POINT('',(144.1198,16.696611221,24.457459202));
#795=DIRECTION('',(0.,1.,0.));
#796=VECTOR('',#795,27.54405);
#797=LINE('',#794,#796);
#798=EDGE_CURVE('NONE',#785,#793,#797,.T.);
#799=ORIENTED_EDGE('',*,*,#798,.T.);
#800=CARTESIAN_POINT('',(141.9198,46.440661221,24.457459202));
#801=VERTEX_POINT('',#800);
#802=CARTESIAN_POINT('',(141.9198,44.240661221,24.457459202));
#803=DIRECTION('',(-0.,-0.,1.));
#804=DIRECTION('',(-1.,0.,0.));
#805=AXIS2_PLACEMENT_3D('',#802,#803,#804);
#806=CIRCLE('',#805,2.2);
#807=EDGE_CURVE('NONE',#793,#801,#806,.T.);
#808=ORIENTED_EDGE('',*,*,#807,.T.);
#809=CARTESIAN_POINT('',(-141.3198,46.440661221,24.457459202));
#810=VERTEX_POINT('',#809);
#811=CARTESIAN_POINT('',(141.9198,46.440661221,24.457459202));
#812=DIRECTION('',(-1.,-0.,0.));
#813=VECTOR('',#812,283.2396);
#814=LINE('',#811,#813);
#815=EDGE_CURVE('NONE',#801,#810,#814,.T.);
#816=ORIENTED_EDGE('',*,*,#815,.T.);
#817=CARTESIAN_POINT('',(-141.3198,44.240661221,24.457459202));
#818=DIRECTION('',(-0.,-0.,1.));
#819=DIRECTION('',(-1.,0.,0.));
#820=AXIS2_PLACEMENT_3D('',#817,#818,#819);
#821=CIRCLE('',#820,2.2);
#822=EDGE_CURVE('NONE',#810,#717,#821,.T.);
#823=ORIENTED_EDGE('',*,*,#822,.T.);
#824=EDGE_LOOP('',(#725,#733,#741,#750,#758,#767,#775,#783,#791,#799,#808,#816,#823));
#825=FACE_BOUND('',#824,.T.);
#826=ADVANCED_FACE('NONE',(#825),#715,.F.);
#827=CARTESIAN_POINT('',(151.0198,31.868636221,24.957459202));
#828=DIRECTION('',(1.,0.,0.));
#829=DIRECTION('',(0.,1.,0.));
#830=AXIS2_PLACEMENT_3D('',#827,#828,#829);
#831=PLANE('',#830);
#832=CARTESIAN_POINT('',(151.0198,-0.,28.267509706));
#833=VERTEX_POINT('',#832);
#834=CARTESIAN_POINT('',(151.0198,0.,13.264565985));
#835=DIRECTION('',(0.,0.,1.));
#836=VECTOR('',#835,15.002943722);
#837=LINE('',#834,#836);
#838=EDGE_CURVE('NONE',#157,#833,#837,.T.);
#839=ORIENTED_EDGE('',*,*,#838,.F.);
#840=ORIENTED_EDGE('',*,*,#162,.T.);
#841=CARTESIAN_POINT('',(151.019799998,48.740661219,28.267509704));
#842=VERTEX_POINT('',#841);
#843=CARTESIAN_POINT('',(151.0198,48.740661221,13.264565985));
#844=DIRECTION('',(0.,0.,1.));
#845=VECTOR('',#844,15.002943719);
#846=LINE('',#843,#845);
#847=EDGE_CURVE('NONE',#150,#842,#846,.T.);
#848=ORIENTED_EDGE('',*,*,#847,.T.);
#849=CARTESIAN_POINT('',(151.0198,48.740661219,28.267509705));
#850=DIRECTION('',(-0.,-1.,-0.));
#851=VECTOR('',#850,48.740661219);
#852=LINE('',#849,#851);
#853=EDGE_CURVE('NONE',#842,#833,#852,.T.);
#854=ORIENTED_EDGE('',*,*,#853,.T.);
#855=EDGE_LOOP('',(#839,#840,#848,#854));
#856=FACE_BOUND('',#855,.T.);
#857=ADVANCED_FACE('NONE',(#856),#831,.T.);
#858=CARTESIAN_POINT('',(-150.4198,28.868636221,24.957459202));
#859=DIRECTION('',(1.,0.,0.));
#860=DIRECTION('',(0.,1.,0.));
#861=AXIS2_PLACEMENT_3D('',#858,#859,#860);
#862=PLANE('',#861);
#863=ORIENTED_EDGE('',*,*,#129,.T.);
#864=CARTESIAN_POINT('',(-150.4198,0.,28.267509708));
#865=VERTEX_POINT('',#864);
#866=CARTESIAN_POINT('',(-150.4198,0.,13.264565985));
#867=DIRECTION('',(0.,0.,1.));
#868=VECTOR('',#867,15.002943723);
#869=LINE('',#866,#868);
#870=EDGE_CURVE('NONE',#118,#865,#869,.T.);
#871=ORIENTED_EDGE('',*,*,#870,.T.);
#872=CARTESIAN_POINT('',(-150.419799998,48.740615626,28.267509708));
#873=VERTEX_POINT('',#872);
#874=CARTESIAN_POINT('',(-150.4198,0.,28.267509708));
#875=DIRECTION('',(0.,1.,0.));
#876=VECTOR('',#875,48.740615626);
#877=LINE('',#874,#876);
#878=EDGE_CURVE('NONE',#865,#873,#877,.T.);
#879=ORIENTED_EDGE('',*,*,#878,.T.);
#880=CARTESIAN_POINT('',(-150.4198,48.740615626,28.267509708));
#881=DIRECTION('',(0.,0.000003039,-1.));
#882=VECTOR('',#881,15.002943723);
#883=LINE('',#880,#882);
#884=EDGE_CURVE('NONE',#873,#103,#883,.T.);
#885=ORIENTED_EDGE('',*,*,#884,.T.);
#886=EDGE_LOOP('',(#863,#871,#879,#885));
#887=FACE_BOUND('',#886,.T.);
#888=ADVANCED_FACE('NONE',(#887),#862,.F.);
#889=CARTESIAN_POINT('',(-143.3198,-2.003388779,6.257459202));
#890=DIRECTION('',(1.,0.,0.));
#891=DIRECTION('',(0.,1.,0.));
#892=AXIS2_PLACEMENT_3D('',#889,#890,#891);
#893=PLANE('',#892);
#894=CARTESIAN_POINT('',(-143.3198,0.,24.657459202));
#895=VERTEX_POINT('',#894);
#896=CARTESIAN_POINT('',(-143.3198,0.,29.657459202));
#897=VERTEX_POINT('',#896);
#898=CARTESIAN_POINT('',(-143.3198,0.,24.657459202));
#899=DIRECTION('',(0.,0.,1.));
#900=VECTOR('',#899,5.);
#901=LINE('',#898,#900);
#902=EDGE_CURVE('NONE',#895,#897,#901,.T.);
#903=ORIENTED_EDGE('',*,*,#902,.F.);
#904=CARTESIAN_POINT('',(-143.3198,44.240661221,24.657459202));
#905=VERTEX_POINT('',#904);
#906=CARTESIAN_POINT('',(-143.3198,0.,24.657459202));
#907=DIRECTION('',(0.,1.,0.));
#908=VECTOR('',#907,44.240661221);
#909=LINE('',#906,#908);
#910=EDGE_CURVE('NONE',#895,#905,#909,.T.);
#911=ORIENTED_EDGE('',*,*,#910,.T.);
#912=CARTESIAN_POINT('',(-143.3198,44.240661221,29.657459202));
#913=VERTEX_POINT('',#912);
#914=CARTESIAN_POINT('',(-143.3198,44.240661221,24.657459202));
#915=DIRECTION('',(0.,0.,1.));
#916=VECTOR('',#915,5.);
#917=LINE('',#914,#916);
#918=EDGE_CURVE('NONE',#905,#913,#917,.T.);
#919=ORIENTED_EDGE('',*,*,#918,.T.);
#920=CARTESIAN_POINT('',(-143.3198,44.240661221,29.657459202));
#921=DIRECTION('',(-0.,-1.,-0.));
#922=VECTOR('',#921,44.240661221);
#923=LINE('',#920,#922);
#924=EDGE_CURVE('NONE',#913,#897,#923,.T.);
#925=ORIENTED_EDGE('',*,*,#924,.T.);
#926=EDGE_LOOP('',(#903,#911,#919,#925));
#927=FACE_BOUND('',#926,.T.);
#928=ADVANCED_FACE('NONE',(#927),#893,.T.);
#929=CARTESIAN_POINT('',(-0.05,-1.803388779,11.557459202));
#930=DIRECTION('',(0.,0.,-1.));
#931=DIRECTION('',(0.,-1.,0.));
#932=AXIS2_PLACEMENT_3D('',#929,#930,#931);
#933=PLANE('',#932);
#934=CARTESIAN_POINT('',(148.3698,1.49,11.557459202));
#935=VERTEX_POINT('',#934);
#936=CARTESIAN_POINT('',(148.3698,0.2,11.557459202));
#937=VERTEX_POINT('',#936);
#938=CARTESIAN_POINT('',(148.3698,1.49,11.557459202));
#939=DIRECTION('',(-0.,-1.,-0.));
#940=VECTOR('',#939,1.29);
#941=LINE('',#938,#940);
#942=EDGE_CURVE('',#935,#937,#941,.T.);
#943=ORIENTED_EDGE('',*,*,#942,.F.);
#944=CARTESIAN_POINT('',(148.5698,1.69,11.557459202));
#945=VERTEX_POINT('',#944);
#946=CARTESIAN_POINT('',(148.5698,1.49,11.557459202));
#947=DIRECTION('',(0.,0.,-1.));
#948=DIRECTION('',(-1.,0.,0.));
#949=AXIS2_PLACEMENT_3D('',#946,#947,#948);
#950=CIRCLE('',#949,0.2);
#951=EDGE_CURVE('',#935,#945,#950,.T.);
#952=ORIENTED_EDGE('',*,*,#951,.T.);
#953=CARTESIAN_POINT('',(148.9698,1.69,11.557459202));
#954=VERTEX_POINT('',#953);
#955=CARTESIAN_POINT('',(148.9698,1.69,11.557459202));
#956=DIRECTION('',(-1.,0.,0.));
#957=VECTOR('',#956,0.4);
#958=LINE('',#955,#957);
#959=EDGE_CURVE('',#954,#945,#958,.T.);
#960=ORIENTED_EDGE('',*,*,#959,.F.);
#961=CARTESIAN_POINT('',(148.9698,1.89,11.557459202));
#962=DIRECTION('',(-0.,-0.,1.));
#963=DIRECTION('',(-1.,0.,0.));
#964=AXIS2_PLACEMENT_3D('',#961,#962,#963);
#965=CIRCLE('',#964,0.2);
#966=EDGE_CURVE('',#954,#179,#965,.T.);
#967=ORIENTED_EDGE('',*,*,#966,.T.);
#968=ORIENTED_EDGE('',*,*,#186,.T.);
#969=CARTESIAN_POINT('',(148.9698,3.7,11.557459202));
#970=VERTEX_POINT('',#969);
#971=CARTESIAN_POINT('',(148.9698,3.5,11.557459202));
#972=DIRECTION('',(-0.,-0.,1.));
#973=DIRECTION('',(-1.,0.,0.));
#974=AXIS2_PLACEMENT_3D('',#971,#972,#973);
#975=CIRCLE('',#974,0.2);
#976=EDGE_CURVE('',#181,#970,#975,.T.);
#977=ORIENTED_EDGE('',*,*,#976,.T.);
#978=CARTESIAN_POINT('',(145.1698,3.7,11.557459202));
#979=VERTEX_POINT('',#978);
#980=CARTESIAN_POINT('',(145.1698,3.7,11.557459202));
#981=DIRECTION('',(1.,-0.,-0.));
#982=VECTOR('',#981,3.8);
#983=LINE('',#980,#982);
#984=EDGE_CURVE('',#979,#970,#983,.T.);
#985=ORIENTED_EDGE('',*,*,#984,.F.);
#986=CARTESIAN_POINT('',(144.9698,3.5,11.557459202));
#987=VERTEX_POINT('',#986);
#988=CARTESIAN_POINT('',(145.1698,3.5,11.557459202));
#989=DIRECTION('',(-0.,-0.,1.));
#990=DIRECTION('',(-1.,0.,0.));
#991=AXIS2_PLACEMENT_3D('',#988,#989,#990);
#992=CIRCLE('',#991,0.2);
#993=EDGE_CURVE('',#979,#987,#992,.T.);
#994=ORIENTED_EDGE('',*,*,#993,.T.);
#995=CARTESIAN_POINT('',(144.9698,1.89,11.557459202));
#996=VERTEX_POINT('',#995);
#997=CARTESIAN_POINT('',(144.9698,1.89,11.557459202));
#998=DIRECTION('',(0.,1.,0.));
#999=VECTOR('',#998,1.61);
#1000=LINE('',#997,#999);
#1001=EDGE_CURVE('',#996,#987,#1000,.T.);
#1002=ORIENTED_EDGE('',*,*,#1001,.F.);
#1003=CARTESIAN_POINT('',(145.1698,1.69,11.557459202));
#1004=VERTEX_POINT('',#1003);
#1005=CARTESIAN_POINT('',(145.1698,1.89,11.557459202));
#1006=DIRECTION('',(-0.,-0.,1.));
#1007=DIRECTION('',(-1.,0.,0.));
#1008=AXIS2_PLACEMENT_3D('',#1005,#1006,#1007);
#1009=CIRCLE('',#1008,0.2);
#1010=EDGE_CURVE('',#996,#1004,#1009,.T.);
#1011=ORIENTED_EDGE('',*,*,#1010,.T.);
#1012=CARTESIAN_POINT('',(145.5698,1.69,11.557459202));
#1013=VERTEX_POINT('',#1012);
#1014=CARTESIAN_POINT('',(145.5698,1.69,11.557459202));
#1015=DIRECTION('',(-1.,0.,0.));
#1016=VECTOR('',#1015,0.4);
#1017=LINE('',#1014,#1016);
#1018=EDGE_CURVE('',#1013,#1004,#1017,.T.);
#1019=ORIENTED_EDGE('',*,*,#1018,.F.);
#1020=CARTESIAN_POINT('',(145.7698,1.49,11.557459202));
#1021=VERTEX_POINT('',#1020);
#1022=CARTESIAN_POINT('',(145.5698,1.49,11.557459202));
#1023=DIRECTION('',(0.,0.,-1.));
#1024=DIRECTION('',(-1.,0.,0.));
#1025=AXIS2_PLACEMENT_3D('',#1022,#1023,#1024);
#1026=CIRCLE('',#1025,0.2);
#1027=EDGE_CURVE('',#1013,#1021,#1026,.T.);
#1028=ORIENTED_EDGE('',*,*,#1027,.T.);
#1029=CARTESIAN_POINT('',(145.7698,0.2,11.557459202));
#1030=VERTEX_POINT('',#1029);
#1031=CARTESIAN_POINT('',(145.7698,0.2,11.557459202));
#1032=DIRECTION('',(0.,1.,0.));
#1033=VECTOR('',#1032,1.29);
#1034=LINE('',#1031,#1033);
#1035=EDGE_CURVE('',#1030,#1021,#1034,.T.);
#1036=ORIENTED_EDGE('',*,*,#1035,.F.);
#1037=CARTESIAN_POINT('',(145.5698,0.,11.557459202));
#1038=VERTEX_POINT('',#1037);
#1039=CARTESIAN_POINT('',(145.5698,0.2,11.557459202));
#1040=DIRECTION('',(0.,0.,-1.));
#1041=DIRECTION('',(-1.,0.,0.));
#1042=AXIS2_PLACEMENT_3D('',#1039,#1040,#1041);
#1043=CIRCLE('',#1042,0.2);
#1044=EDGE_CURVE('',#1030,#1038,#1043,.T.);
#1045=ORIENTED_EDGE('',*,*,#1044,.T.);
#1046=CARTESIAN_POINT('',(144.1198,0.,11.557459202));
#1047=VERTEX_POINT('',#1046);
#1048=CARTESIAN_POINT('',(144.1198,0.,11.557459202));
#1049=DIRECTION('',(1.,0.,-0.));
#1050=VECTOR('',#1049,1.45);
#1051=LINE('',#1048,#1050);
#1052=EDGE_CURVE('NONE',#1047,#1038,#1051,.T.);
#1053=ORIENTED_EDGE('',*,*,#1052,.F.);
#1054=CARTESIAN_POINT('',(144.1198,16.413768509,11.557459202));
#1055=VERTEX_POINT('',#1054);
#1056=CARTESIAN_POINT('',(144.1198,-0.,11.557459202));
#1057=DIRECTION('',(-0.,1.,-0.));
#1058=VECTOR('',#1057,16.413768509);
#1059=LINE('',#1056,#1058);
#1060=EDGE_CURVE('NONE',#1047,#1055,#1059,.T.);
#1061=ORIENTED_EDGE('',*,*,#1060,.T.);
#1062=CARTESIAN_POINT('',(144.502642712,16.796611221,11.557459202));
#1063=VERTEX_POINT('',#1062);
#1064=CARTESIAN_POINT('',(144.1198,16.413768509,11.557459202));
#1065=DIRECTION('',(0.707106781,0.707106781,0.));
#1066=VECTOR('',#1065,0.541421356);
#1067=LINE('',#1064,#1066);
#1068=EDGE_CURVE('NONE',#1055,#1063,#1067,.T.);
#1069=ORIENTED_EDGE('',*,*,#1068,.T.);
#1070=CARTESIAN_POINT('',(146.9198,16.796611221,11.557459202));
#1071=VERTEX_POINT('',#1070);
#1072=CARTESIAN_POINT('',(144.502642712,16.796611221,11.557459202));
#1073=DIRECTION('',(1.,-0.,-0.));
#1074=VECTOR('',#1073,2.417157288);
#1075=LINE('',#1072,#1074);
#1076=EDGE_CURVE('NONE',#1063,#1071,#1075,.T.);
#1077=ORIENTED_EDGE('',*,*,#1076,.T.);
#1078=CARTESIAN_POINT('',(146.9198,48.440661221,11.557459202));
#1079=VERTEX_POINT('',#1078);
#1080=CARTESIAN_POINT('',(146.9198,16.796611221,11.557459202));
#1081=DIRECTION('',(-0.,1.,-0.));
#1082=VECTOR('',#1081,31.64405);
#1083=LINE('',#1080,#1082);
#1084=EDGE_CURVE('NONE',#1071,#1079,#1083,.T.);
#1085=ORIENTED_EDGE('',*,*,#1084,.T.);
#1086=CARTESIAN_POINT('',(141.7198,53.640661221,11.557459202));
#1087=VERTEX_POINT('',#1086);
#1088=CARTESIAN_POINT('',(141.7198,48.440661221,11.557459202));
#1089=DIRECTION('',(-0.,-0.,1.));
#1090=DIRECTION('',(-1.,0.,0.));
#1091=AXIS2_PLACEMENT_3D('',#1088,#1089,#1090);
#1092=CIRCLE('',#1091,5.2);
#1093=EDGE_CURVE('NONE',#1079,#1087,#1092,.T.);
#1094=ORIENTED_EDGE('',*,*,#1093,.T.);
#1095=CARTESIAN_POINT('',(-117.239193141,53.640661221,11.557459202));
#1096=VERTEX_POINT('',#1095);
#1097=CARTESIAN_POINT('',(141.7198,53.640661221,11.557459202));
#1098=DIRECTION('',(-1.,0.,0.));
#1099=VECTOR('',#1098,258.958993141);
#1100=LINE('',#1097,#1099);
#1101=EDGE_CURVE('NONE',#1087,#1096,#1100,.T.);
#1102=ORIENTED_EDGE('',*,*,#1101,.T.);
#1103=CARTESIAN_POINT('',(-117.239193141,54.033554439,11.557459202));
#1104=VERTEX_POINT('',#1103);
#1105=CARTESIAN_POINT('',(-117.239193141,53.640661221,11.557459202));
#1106=DIRECTION('',(-0.,1.,-0.));
#1107=VECTOR('',#1106,0.392893218);
#1108=LINE('',#1105,#1107);
#1109=EDGE_CURVE('NONE',#1096,#1104,#1108,.T.);
#1110=ORIENTED_EDGE('',*,*,#1109,.T.);
#1111=CARTESIAN_POINT('',(144.0198,54.033554437,11.5574592));
#1112=VERTEX_POINT('',#1111);
#1113=CARTESIAN_POINT('',(-117.239193141,54.033554439,11.557459202));
#1114=DIRECTION('',(1.,-0.,-0.));
#1115=VECTOR('',#1114,261.258993141);
#1116=LINE('',#1113,#1115);
#1117=EDGE_CURVE('NONE',#1104,#1112,#1116,.T.);
#1118=ORIENTED_EDGE('',*,*,#1117,.T.);
#1119=CARTESIAN_POINT('',(144.0198,48.740661221,11.557459198));
#1120=DIRECTION('',(-0.,-0.,-1.));
#1121=DIRECTION('',(1.,0.,-0.));
#1122=AXIS2_PLACEMENT_3D('',#1119,#1120,#1121);
#1123=CIRCLE('',#1122,5.292893221);
#1124=EDGE_CURVE('NONE',#1112,#140,#1123,.T.);
#1125=ORIENTED_EDGE('',*,*,#1124,.T.);
#1126=ORIENTED_EDGE('',*,*,#147,.T.);
#1127=CARTESIAN_POINT('',(148.5698,0.,11.557459202));
#1128=VERTEX_POINT('',#1127);
#1129=CARTESIAN_POINT('',(148.5698,0.,11.557459202));
#1130=DIRECTION('',(1.,0.,-0.));
#1131=VECTOR('',#1130,0.742893218);
#1132=LINE('',#1129,#1131);
#1133=EDGE_CURVE('',#1128,#142,#1132,.T.);
#1134=ORIENTED_EDGE('',*,*,#1133,.F.);
#1135=CARTESIAN_POINT('',(148.5698,0.2,11.557459202));
#1136=DIRECTION('',(0.,0.,-1.));
#1137=DIRECTION('',(-1.,0.,0.));
#1138=AXIS2_PLACEMENT_3D('',#1135,#1136,#1137);
#1139=CIRCLE('',#1138,0.2);
#1140=EDGE_CURVE('',#1128,#937,#1139,.T.);
#1141=ORIENTED_EDGE('',*,*,#1140,.T.);
#1142=EDGE_LOOP('',(#943,#952,#960,#967,#968,#977,#985,#994,#1002,#1011,#1019,#1028,#1036,#1045,#1053,#1061,#1069,#1077,#1085,#1094,#1102,#1110,#1118,#1125,#1126,#1134,
#1141));
#1143=FACE_BOUND('',#1142,.T.);
#1144=ADVANCED_FACE('NONE',(#1143),#933,.T.);
#1145=CARTESIAN_POINT('',(-146.5198,25.368636221,24.967459202));
#1146=DIRECTION('',(-1.,0.,0.));
#1147=DIRECTION('',(0.,0.,1.));
#1148=AXIS2_PLACEMENT_3D('',#1145,#1146,#1147);
#1149=PLANE('',#1148);
#1150=CARTESIAN_POINT('',(-146.5198,3.2,22.726228413));
#1151=VERTEX_POINT('',#1150);
#1152=CARTESIAN_POINT('',(-146.5198,3.2,11.757459202));
#1153=VERTEX_POINT('',#1152);
#1154=CARTESIAN_POINT('',(-146.5198,3.2,22.726228413));
#1155=DIRECTION('',(-0.,-0.,-1.));
#1156=VECTOR('',#1155,10.968769211);
#1157=LINE('',#1154,#1156);
#1158=EDGE_CURVE('NONE',#1151,#1153,#1157,.T.);
#1159=ORIENTED_EDGE('',*,*,#1158,.T.);
#1160=CARTESIAN_POINT('',(-146.5198,48.440661221,11.757459202));
#1161=VERTEX_POINT('',#1160);
#1162=CARTESIAN_POINT('',(-146.5198,3.2,11.757459202));
#1163=DIRECTION('',(0.,1.,0.));
#1164=VECTOR('',#1163,45.240661221);
#1165=LINE('',#1162,#1164);
#1166=EDGE_CURVE('NONE',#1153,#1161,#1165,.T.);
#1167=ORIENTED_EDGE('',*,*,#1166,.T.);
#1168=CARTESIAN_POINT('',(-146.5198,48.440661221,24.257459202));
#1169=VERTEX_POINT('',#1168);
#1170=CARTESIAN_POINT('',(-146.5198,48.440661221,11.757459202));
#1171=DIRECTION('',(0.,0.,1.));
#1172=VECTOR('',#1171,12.5);
#1173=LINE('',#1170,#1172);
#1174=EDGE_CURVE('NONE',#1161,#1169,#1173,.T.);
#1175=ORIENTED_EDGE('',*,*,#1174,.T.);
#1176=CARTESIAN_POINT('',(-146.5198,2.315943492,24.257459202));
#1177=VERTEX_POINT('',#1176);
#1178=CARTESIAN_POINT('',(-146.5198,48.440661221,24.257459202));
#1179=DIRECTION('',(-0.,-1.,-0.));
#1180=VECTOR('',#1179,46.124717729);
#1181=LINE('',#1178,#1180);
#1182=EDGE_CURVE('NONE',#1169,#1177,#1181,.T.);
#1183=ORIENTED_EDGE('',*,*,#1182,.T.);
#1184=CARTESIAN_POINT('',(-146.5198,3.2,22.726228413));
#1185=DIRECTION('',(-0.,-0.5,0.866025404));
#1186=VECTOR('',#1185,1.768113017);
#1187=LINE('',#1184,#1186);
#1188=EDGE_CURVE('',#1151,#1177,#1187,.T.);
#1189=ORIENTED_EDGE('',*,*,#1188,.F.);
#1190=EDGE_LOOP('',(#1159,#1167,#1175,#1183,#1189));
#1191=FACE_BOUND('',#1190,.T.);
#1192=CARTESIAN_POINT('',(-146.5198,9.718636221,14.487459202));
#1193=VERTEX_POINT('',#1192);
#1194=CARTESIAN_POINT('',(-146.5198,9.718636221,15.780352421));
#1195=VERTEX_POINT('',#1194);
#1196=CARTESIAN_POINT('',(-146.5198,9.718636221,14.487459202));
#1197=DIRECTION('',(0.,0.,1.));
#1198=VECTOR('',#1197,1.292893219);
#1199=LINE('',#1196,#1198);
#1200=EDGE_CURVE('NONE',#1193,#1195,#1199,.T.);
#1201=ORIENTED_EDGE('',*,*,#1200,.T.);
#1202=CARTESIAN_POINT('',(-146.5198,10.418636221,16.770301915));
#1203=VERTEX_POINT('',#1202);
#1204=CARTESIAN_POINT('',(-146.5198,9.718636221,15.780352421));
#1205=DIRECTION('',(0.,0.577350269,0.816496581));
#1206=VECTOR('',#1205,1.212435566);
#1207=LINE('',#1204,#1206);
#1208=EDGE_CURVE('NONE',#1195,#1203,#1207,.T.);
#1209=ORIENTED_EDGE('',*,*,#1208,.T.);
#1210=CARTESIAN_POINT('',(-146.5198,39.01863622,16.770301915));
#1211=VERTEX_POINT('',#1210);
#1212=CARTESIAN_POINT('',(-146.5198,10.418636221,16.770301915));
#1213=DIRECTION('',(0.,1.,0.));
#1214=VECTOR('',#1213,28.599999999);
#1215=LINE('',#1212,#1214);
#1216=EDGE_CURVE('NONE',#1203,#1211,#1215,.T.);
#1217=ORIENTED_EDGE('',*,*,#1216,.T.);
#1218=CARTESIAN_POINT('',(-146.5198,39.718636221,15.780352421));
#1219=VERTEX_POINT('',#1218);
#1220=CARTESIAN_POINT('',(-146.5198,39.018636221,16.770301915));
#1221=DIRECTION('',(0.,0.577350269,-0.816496581));
#1222=VECTOR('',#1221,1.212435566);
#1223=LINE('',#1220,#1222);
#1224=EDGE_CURVE('NONE',#1211,#1219,#1223,.T.);
#1225=ORIENTED_EDGE('',*,*,#1224,.T.);
#1226=CARTESIAN_POINT('',(-146.5198,39.718636221,14.487459202));
#1227=VERTEX_POINT('',#1226);
#1228=CARTESIAN_POINT('',(-146.5198,39.718636221,15.780352421));
#1229=DIRECTION('',(-0.,-0.,-1.));
#1230=VECTOR('',#1229,1.292893219);
#1231=LINE('',#1228,#1230);
#1232=EDGE_CURVE('NONE',#1219,#1227,#1231,.T.);
#1233=ORIENTED_EDGE('',*,*,#1232,.T.);
#1234=CARTESIAN_POINT('',(-146.5198,39.218636221,13.987459202));
#1235=VERTEX_POINT('',#1234);
#1236=CARTESIAN_POINT('',(-146.5198,39.718636221,14.487459202));
#1237=DIRECTION('',(0.,-0.707106781,-0.707106781));
#1238=VECTOR('',#1237,0.707106781);
#1239=LINE('',#1236,#1238);
#1240=EDGE_CURVE('NONE',#1227,#1235,#1239,.T.);
#1241=ORIENTED_EDGE('',*,*,#1240,.T.);
#1242=CARTESIAN_POINT('',(-146.5198,10.218636221,13.987459202));
#1243=VERTEX_POINT('',#1242);
#1244=CARTESIAN_POINT('',(-146.5198,39.218636221,13.987459202));
#1245=DIRECTION('',(-0.,-1.,-0.));
#1246=VECTOR('',#1245,29.);
#1247=LINE('',#1244,#1246);
#1248=EDGE_CURVE('NONE',#1235,#1243,#1247,.T.);
#1249=ORIENTED_EDGE('',*,*,#1248,.T.);
#1250=CARTESIAN_POINT('',(-146.5198,10.218636221,13.987459202));
#1251=DIRECTION('',(0.,-0.707106781,0.707106781));
#1252=VECTOR('',#1251,0.707106781);
#1253=LINE('',#1250,#1252);
#1254=EDGE_CURVE('NONE',#1243,#1193,#1253,.T.);
#1255=ORIENTED_EDGE('',*,*,#1254,.T.);
#1256=EDGE_LOOP('',(#1201,#1209,#1217,#1225,#1233,#1241,#1249,#1255));
#1257=FACE_BOUND('',#1256,.T.);
#1258=ADVANCED_FACE('NONE',(#1191,#1257),#1149,.F.);
#1259=CARTESIAN_POINT('',(-149.924825253,28.868636221,28.762484455));
#1260=DIRECTION('',(-0.707106781,0.,0.707106781));
#1261=DIRECTION('',(0.,1.,0.));
#1262=AXIS2_PLACEMENT_3D('',#1259,#1260,#1261);
#1263=PLANE('',#1262);
#1264=ORIENTED_EDGE('',*,*,#878,.F.);
#1265=CARTESIAN_POINT('',(-148.429850506,0.,30.257459202));
#1266=DIRECTION('',(-0.707106781,0.,-0.707106781));
#1267=VECTOR('',#1266,2.814213563);
#1268=LINE('',#1265,#1267);
#1269=EDGE_CURVE('NONE',#443,#865,#1268,.T.);
#1270=ORIENTED_EDGE('',*,*,#1269,.F.);
#1271=ORIENTED_EDGE('',*,*,#448,.F.);
#1272=CARTESIAN_POINT('',(-148.429850506,48.740661221,30.257459202));
#1273=DIRECTION('',(-0.707106781,-0.000016202,-0.707106781));
#1274=VECTOR('',#1273,2.814213562);
#1275=LINE('',#1272,#1274);
#1276=EDGE_CURVE('NONE',#434,#873,#1275,.T.);
#1277=ORIENTED_EDGE('',*,*,#1276,.T.);
#1278=EDGE_LOOP('',(#1264,#1270,#1271,#1277));
#1279=FACE_BOUND('',#1278,.T.);
#1280=ADVANCED_FACE('NONE',(#1279),#1263,.T.);
#1281=CARTESIAN_POINT('',(150.524825253,28.868636221,28.762484455));
#1282=DIRECTION('',(-0.707106781,0.,-0.707106781));
#1283=DIRECTION('',(-0.707106781,0.,0.707106781));
#1284=AXIS2_PLACEMENT_3D('',#1281,#1282,#1283);
#1285=PLANE('',#1284);
#1286=ORIENTED_EDGE('',*,*,#853,.F.);
#1287=CARTESIAN_POINT('',(149.029850507,48.740661221,30.257459204));
#1288=CARTESIAN_POINT('',(149.693167003,48.74066122,29.594142704));
#1289=CARTESIAN_POINT('',(150.3564835,48.740661219,28.930826204));
#1290=CARTESIAN_POINT('',(151.019799996,48.740661218,28.267509703));
#1291=B_SPLINE_CURVE_WITH_KNOTS('',3,(#1287,#1288,#1289,#1290),.UNSPECIFIED.,.F.,.F.,(4,4),(0.,1.),.UNSPECIFIED.);
#1292=EDGE_CURVE('NONE',#409,#842,#1291,.T.);
#1293=ORIENTED_EDGE('',*,*,#1292,.F.);
#1294=ORIENTED_EDGE('',*,*,#414,.F.);
#1295=CARTESIAN_POINT('',(149.029850506,-0.,30.257459202));
#1296=DIRECTION('',(0.707106781,-0.,-0.707106781));
#1297=VECTOR('',#1296,2.814213564);
#1298=LINE('',#1295,#1297);
#1299=EDGE_CURVE('NONE',#399,#833,#1298,.T.);
#1300=ORIENTED_EDGE('',*,*,#1299,.T.);
#1301=EDGE_LOOP('',(#1286,#1293,#1294,#1300));
#1302=FACE_BOUND('',#1301,.T.);
#1303=ADVANCED_FACE('NONE',(#1302),#1285,.F.);
#1304=CARTESIAN_POINT('',(-72.8099,53.440661221,24.957459202));
#1305=DIRECTION('',(0.,1.,0.));
#1306=DIRECTION('',(1.,0.,0.));
#1307=AXIS2_PLACEMENT_3D('',#1304,#1305,#1306);
#1308=PLANE('',#1307);
#1309=CARTESIAN_POINT('',(-117.739193141,53.440661221,16.766606155));
#1310=VERTEX_POINT('',#1309);
#1311=CARTESIAN_POINT('',(-117.739193141,53.440661221,12.057459202));
#1312=VERTEX_POINT('',#1311);
#1313=CARTESIAN_POINT('',(-117.739193141,53.440661221,16.766606155));
#1314=DIRECTION('',(0.,0.,-1.));
#1315=VECTOR('',#1314,4.709146953);
#1316=LINE('',#1313,#1315);
#1317=EDGE_CURVE('NONE',#1310,#1312,#1316,.T.);
#1318=ORIENTED_EDGE('',*,*,#1317,.T.);
#1319=CARTESIAN_POINT('',(-117.639193141,53.440661221,11.757459202));
#1320=VERTEX_POINT('',#1319);
#1321=CARTESIAN_POINT('',(-117.239193141,53.440661221,12.057459202));
#1322=DIRECTION('',(0.,-1.,0.));
#1323=DIRECTION('',(0.,0.,-1.));
#1324=AXIS2_PLACEMENT_3D('',#1321,#1322,#1323);
#1325=CIRCLE('',#1324,0.5);
#1326=EDGE_CURVE('NONE',#1312,#1320,#1325,.T.);
#1327=ORIENTED_EDGE('',*,*,#1326,.T.);
#1328=CARTESIAN_POINT('',(141.7198,53.440661221,11.757459202));
#1329=VERTEX_POINT('',#1328);
#1330=CARTESIAN_POINT('',(-117.639193141,53.440661221,11.757459202));
#1331=DIRECTION('',(1.,0.,-0.));
#1332=VECTOR('',#1331,259.358993141);
#1333=LINE('',#1330,#1332);
#1334=EDGE_CURVE('NONE',#1320,#1329,#1333,.T.);
#1335=ORIENTED_EDGE('',*,*,#1334,.T.);
#1336=CARTESIAN_POINT('',(141.7198,53.440661221,24.257459202));
#1337=VERTEX_POINT('',#1336);
#1338=CARTESIAN_POINT('',(141.7198,53.440661221,11.757459202));
#1339=DIRECTION('',(-0.,-0.,1.));
#1340=VECTOR('',#1339,12.5);
#1341=LINE('',#1338,#1340);
#1342=EDGE_CURVE('NONE',#1329,#1337,#1341,.T.);
#1343=ORIENTED_EDGE('',*,*,#1342,.T.);
#1344=CARTESIAN_POINT('',(-141.5198,53.440661221,24.257459202));
#1345=VERTEX_POINT('',#1344);
#1346=CARTESIAN_POINT('',(141.7198,53.440661221,24.257459202));
#1347=DIRECTION('',(-1.,-0.,0.));
#1348=VECTOR('',#1347,283.2396);
#1349=LINE('',#1346,#1348);
#1350=EDGE_CURVE('NONE',#1337,#1345,#1349,.T.);
#1351=ORIENTED_EDGE('',*,*,#1350,.T.);
#1352=CARTESIAN_POINT('',(-141.5198,53.440661221,11.757459202));
#1353=VERTEX_POINT('',#1352);
#1354=CARTESIAN_POINT('',(-141.5198,53.440661221,24.257459202));
#1355=DIRECTION('',(0.,0.,-1.));
#1356=VECTOR('',#1355,12.5);
#1357=LINE('',#1354,#1356);
#1358=EDGE_CURVE('NONE',#1345,#1353,#1357,.T.);
#1359=ORIENTED_EDGE('',*,*,#1358,.T.);
#1360=CARTESIAN_POINT('',(-130.239193141,53.440661221,11.757459202));
#1361=VERTEX_POINT('',#1360);
#1362=CARTESIAN_POINT('',(-141.5198,53.440661221,11.757459202));
#1363=DIRECTION('',(1.,0.,-0.));
#1364=VECTOR('',#1363,11.280606859);
#1365=LINE('',#1362,#1364);
#1366=EDGE_CURVE('NONE',#1353,#1361,#1365,.T.);
#1367=ORIENTED_EDGE('',*,*,#1366,.T.);
#1368=CARTESIAN_POINT('',(-130.139193141,53.440661221,12.057459202));
#1369=VERTEX_POINT('',#1368);
#1370=CARTESIAN_POINT('',(-130.639193141,53.440661221,12.057459202));
#1371=DIRECTION('',(0.,-1.,0.));
#1372=DIRECTION('',(0.,0.,-1.));
#1373=AXIS2_PLACEMENT_3D('',#1370,#1371,#1372);
#1374=CIRCLE('',#1373,0.5);
#1375=EDGE_CURVE('NONE',#1361,#1369,#1374,.T.);
#1376=ORIENTED_EDGE('',*,*,#1375,.T.);
#1377=CARTESIAN_POINT('',(-130.139193141,53.440661221,16.766606155));
#1378=VERTEX_POINT('',#1377);
#1379=CARTESIAN_POINT('',(-130.139193141,53.440661221,12.057459202));
#1380=DIRECTION('',(-0.,-0.,1.));
#1381=VECTOR('',#1380,4.709146953);
#1382=LINE('',#1379,#1381);
#1383=EDGE_CURVE('NONE',#1369,#1378,#1382,.T.);
#1384=ORIENTED_EDGE('',*,*,#1383,.T.);
#1385=CARTESIAN_POINT('',(-127.639193141,53.440661221,19.266606155));
#1386=VERTEX_POINT('',#1385);
#1387=CARTESIAN_POINT('',(-127.639193141,53.440661221,16.766606155));
#1388=DIRECTION('',(-0.,1.,-0.));
#1389=DIRECTION('',(0.,0.,-1.));
#1390=AXIS2_PLACEMENT_3D('',#1387,#1388,#1389);
#1391=CIRCLE('',#1390,2.5);
#1392=EDGE_CURVE('NONE',#1378,#1386,#1391,.T.);
#1393=ORIENTED_EDGE('',*,*,#1392,.T.);
#1394=CARTESIAN_POINT('',(-120.239193141,53.440661221,19.266606155));
#1395=VERTEX_POINT('',#1394);
#1396=CARTESIAN_POINT('',(-127.639193141,53.440661221,19.266606155));
#1397=DIRECTION('',(1.,0.,-0.));
#1398=VECTOR('',#1397,7.4);
#1399=LINE('',#1396,#1398);
#1400=EDGE_CURVE('NONE',#1386,#1395,#1399,.T.);
#1401=ORIENTED_EDGE('',*,*,#1400,.T.);
#1402=CARTESIAN_POINT('',(-120.239193141,53.440661221,16.766606155));
#1403=DIRECTION('',(-0.,1.,-0.));
#1404=DIRECTION('',(0.,0.,-1.));
#1405=AXIS2_PLACEMENT_3D('',#1402,#1403,#1404);
#1406=CIRCLE('',#1405,2.5);
#1407=EDGE_CURVE('NONE',#1395,#1310,#1406,.T.);
#1408=ORIENTED_EDGE('',*,*,#1407,.T.);
#1409=EDGE_LOOP('',(#1318,#1327,#1335,#1343,#1351,#1359,#1367,#1376,#1384,#1393,#1401,#1408));
#1410=FACE_BOUND('',#1409,.T.);
#1411=ADVANCED_FACE('NONE',(#1410),#1308,.F.);
#1412=CARTESIAN_POINT('',(-130.139193141,49.740661221,17.067267871));
#1413=DIRECTION('',(-1.,0.,0.));
#1414=DIRECTION('',(0.,0.,1.));
#1415=AXIS2_PLACEMENT_3D('',#1412,#1413,#1414);
#1416=PLANE('',#1415);
#1417=ORIENTED_EDGE('',*,*,#1383,.F.);
#1418=CARTESIAN_POINT('',(-130.139193141,54.040661221,12.057459202));
#1419=VERTEX_POINT('',#1418);
#1420=CARTESIAN_POINT('',(-130.139193141,53.440661221,12.057459202));
#1421=DIRECTION('',(0.,1.,0.));
#1422=VECTOR('',#1421,0.6);
#1423=LINE('',#1420,#1422);
#1424=EDGE_CURVE('NONE',#1369,#1419,#1423,.T.);
#1425=ORIENTED_EDGE('',*,*,#1424,.T.);
#1426=CARTESIAN_POINT('',(-130.139193143,54.040661219,16.766606155));
#1427=VERTEX_POINT('',#1426);
#1428=CARTESIAN_POINT('',(-130.139193141,54.040661221,12.057459202));
#1429=DIRECTION('',(0.,0.,1.));
#1430=VECTOR('',#1429,4.709146953);
#1431=LINE('',#1428,#1430);
#1432=EDGE_CURVE('NONE',#1419,#1427,#1431,.T.);
#1433=ORIENTED_EDGE('',*,*,#1432,.T.);
#1434=CARTESIAN_POINT('',(-130.139193141,54.040661219,16.766606155));
#1435=DIRECTION('',(-0.,-1.,-0.));
#1436=VECTOR('',#1435,0.599999998);
#1437=LINE('',#1434,#1436);
#1438=EDGE_CURVE('NONE',#1427,#1378,#1437,.T.);
#1439=ORIENTED_EDGE('',*,*,#1438,.T.);
#1440=EDGE_LOOP('',(#1417,#1425,#1433,#1439));
#1441=FACE_BOUND('',#1440,.T.);
#1442=ADVANCED_FACE('NONE',(#1441),#1416,.F.);
#1443=CARTESIAN_POINT('',(0.3,54.38710783,11.911012593));
#1444=DIRECTION('',(0.,-0.707106781,0.707106781));
#1445=DIRECTION('',(-1.,0.,0.));
#1446=AXIS2_PLACEMENT_3D('',#1443,#1444,#1445);
#1447=PLANE('',#1446);
#1448=ORIENTED_EDGE('',*,*,#1117,.F.);
#1449=CARTESIAN_POINT('',(-117.596282065,54.183572297,11.70747706));
#1450=VERTEX_POINT('',#1449);
#1451=CARTESIAN_POINT('',(-117.239193141,54.033554439,11.557459202));
#1452=CARTESIAN_POINT('',(-117.303746706,54.033554439,11.557459202));
#1453=CARTESIAN_POINT('',(-117.370921961,54.046563646,11.570468409));
#1454=CARTESIAN_POINT('',(-117.432853835,54.072582059,11.596486822));
#1455=CARTESIAN_POINT('',(-117.494785709,54.098600472,11.622505235));
#1456=CARTESIAN_POINT('',(-117.551096876,54.137469571,11.661374334));
#1457=CARTESIAN_POINT('',(-117.596282065,54.183572297,11.70747706));
#1458=B_SPLINE_CURVE_WITH_KNOTS('',3,(#1451,#1452,#1453,#1454,#1455,#1456,#1457),.UNSPECIFIED.,.F.,.F.,(4,3,4),(0.,0.39772442,0.79544884),.UNSPECIFIED.);
#1459=EDGE_CURVE('NONE',#1104,#1450,#1458,.T.);
#1460=ORIENTED_EDGE('',*,*,#1459,.T.);
#1461=CARTESIAN_POINT('',(-116.039193141,55.740661221,13.264565984));
#1462=VERTEX_POINT('',#1461);
#1463=CARTESIAN_POINT('',(-117.596282065,54.183572297,11.70747706));
#1464=DIRECTION('',(0.577350269,0.577350269,0.577350269));
#1465=VECTOR('',#1464,2.696957128);
#1466=LINE('',#1463,#1465);
#1467=EDGE_CURVE('NONE',#1450,#1462,#1466,.T.);
#1468=ORIENTED_EDGE('',*,*,#1467,.T.);
#1469=CARTESIAN_POINT('',(144.0198,55.740661222,13.264565985));
#1470=VERTEX_POINT('',#1469);
#1471=CARTESIAN_POINT('',(144.0198,55.740661221,13.264565984));
#1472=DIRECTION('',(-1.,-0.,0.));
#1473=VECTOR('',#1472,260.058993141);
#1474=LINE('',#1471,#1473);
#1475=EDGE_CURVE('NONE',#1470,#1462,#1474,.T.);
#1476=ORIENTED_EDGE('',*,*,#1475,.F.);
#1477=CARTESIAN_POINT('',(144.0198,55.740661222,13.264565985));
#1478=DIRECTION('',(0.,-0.707106781,-0.707106781));
#1479=VECTOR('',#1478,2.414213567);
#1480=LINE('',#1477,#1479);
#1481=EDGE_CURVE('NONE',#1470,#1112,#1480,.T.);
#1482=ORIENTED_EDGE('',*,*,#1481,.T.);
#1483=EDGE_LOOP('',(#1448,#1460,#1468,#1476,#1482));
#1484=FACE_BOUND('',#1483,.T.);
#1485=ADVANCED_FACE('NONE',(#1484),#1447,.F.);
#1486=CARTESIAN_POINT('',(0.3,54.38710783,11.911012593));
#1487=DIRECTION('',(0.,-0.707106781,0.707106781));
#1488=DIRECTION('',(-1.,0.,0.));
#1489=AXIS2_PLACEMENT_3D('',#1486,#1487,#1488);
#1490=PLANE('',#1489);
#1491=CARTESIAN_POINT('',(-131.839193141,55.740661221,13.264565984));
#1492=VERTEX_POINT('',#1491);
#1493=CARTESIAN_POINT('',(-130.282104217,54.183572297,11.70747706));
#1494=VERTEX_POINT('',#1493);
#1495=CARTESIAN_POINT('',(-131.839193141,55.740661221,13.264565984));
#1496=DIRECTION('',(0.577350269,-0.577350269,-0.577350269));
#1497=VECTOR('',#1496,2.696957128);
#1498=LINE('',#1495,#1497);
#1499=EDGE_CURVE('NONE',#1492,#1494,#1498,.T.);
#1500=ORIENTED_EDGE('',*,*,#1499,.T.);
#1501=CARTESIAN_POINT('',(-130.282104217,54.183572297,11.70747706));
#1502=CARTESIAN_POINT('',(-130.327289406,54.137469571,11.661374334));
#1503=CARTESIAN_POINT('',(-130.383600573,54.098600472,11.622505235));
#1504=CARTESIAN_POINT('',(-130.445532447,54.072582059,11.596486822));
#1505=CARTESIAN_POINT('',(-130.507464321,54.046563646,11.570468409));
#1506=CARTESIAN_POINT('',(-130.574639576,54.033554439,11.557459202));
#1507=CARTESIAN_POINT('',(-130.639193141,54.03355444,11.557459203));
#1508=B_SPLINE_CURVE_WITH_KNOTS('',3,(#1501,#1502,#1503,#1504,#1505,#1506,#1507),.UNSPECIFIED.,.F.,.F.,(4,3,4),(5.487736467,5.885460887,6.283185307),.UNSPECIFIED.);
#1509=EDGE_CURVE('NONE',#1494,#271,#1508,.T.);
#1510=ORIENTED_EDGE('',*,*,#1509,.T.);
#1511=ORIENTED_EDGE('',*,*,#276,.F.);
#1512=CARTESIAN_POINT('',(-143.4198,55.740661221,13.264565984));
#1513=VERTEX_POINT('',#1512);
#1514=CARTESIAN_POINT('',(-143.4198,54.033554438,11.557459201));
#1515=DIRECTION('',(-0.,0.707106781,0.707106781));
#1516=VECTOR('',#1515,2.414213566);
#1517=LINE('',#1514,#1516);
#1518=EDGE_CURVE('NONE',#262,#1513,#1517,.T.);
#1519=ORIENTED_EDGE('',*,*,#1518,.T.);
#1520=CARTESIAN_POINT('',(-131.839193141,55.740661221,13.264565984));
#1521=DIRECTION('',(-1.,-0.,0.));
#1522=VECTOR('',#1521,11.580606859);
#1523=LINE('',#1520,#1522);
#1524=EDGE_CURVE('NONE',#1492,#1513,#1523,.T.);
#1525=ORIENTED_EDGE('',*,*,#1524,.F.);
#1526=EDGE_LOOP('',(#1500,#1510,#1511,#1519,#1525));
#1527=FACE_BOUND('',#1526,.T.);
#1528=ADVANCED_FACE('NONE',(#1527),#1490,.F.);
#1529=CARTESIAN_POINT('',(-74.8099,55.740661221,24.957459202));
#1530=DIRECTION('',(0.,-1.,0.));
#1531=DIRECTION('',(0.,0.,-1.));
#1532=AXIS2_PLACEMENT_3D('',#1529,#1530,#1531);
#1533=PLANE('',#1532);
#1534=ORIENTED_EDGE('',*,*,#1475,.T.);
#1535=CARTESIAN_POINT('',(-116.039193141,55.740661221,16.766606155));
#1536=VERTEX_POINT('',#1535);
#1537=CARTESIAN_POINT('',(-116.039193141,55.740661221,13.264565984));
#1538=DIRECTION('',(-0.,-0.,1.));
#1539=VECTOR('',#1538,3.502040171);
#1540=LINE('',#1537,#1539);
#1541=EDGE_CURVE('NONE',#1462,#1536,#1540,.T.);
#1542=ORIENTED_EDGE('',*,*,#1541,.T.);
#1543=CARTESIAN_POINT('',(-120.239193141,55.740661221,20.966606155));
#1544=VERTEX_POINT('',#1543);
#1545=CARTESIAN_POINT('',(-120.239193141,55.740661221,16.766606155));
#1546=DIRECTION('',(-0.,-1.,-0.));
#1547=DIRECTION('',(0.,-0.,1.));
#1548=AXIS2_PLACEMENT_3D('',#1545,#1546,#1547);
#1549=CIRCLE('',#1548,4.2);
#1550=EDGE_CURVE('NONE',#1536,#1544,#1549,.T.);
#1551=ORIENTED_EDGE('',*,*,#1550,.T.);
#1552=CARTESIAN_POINT('',(-127.639193141,55.740661221,20.966606155));
#1553=VERTEX_POINT('',#1552);
#1554=CARTESIAN_POINT('',(-120.239193141,55.740661221,20.966606155));
#1555=DIRECTION('',(-1.,-0.,0.));
#1556=VECTOR('',#1555,7.4);
#1557=LINE('',#1554,#1556);
#1558=EDGE_CURVE('NONE',#1544,#1553,#1557,.T.);
#1559=ORIENTED_EDGE('',*,*,#1558,.T.);
#1560=CARTESIAN_POINT('',(-131.839193141,55.740661221,16.766606155));
#1561=VERTEX_POINT('',#1560);
#1562=CARTESIAN_POINT('',(-127.639193141,55.740661221,16.766606155));
#1563=DIRECTION('',(-0.,-1.,-0.));
#1564=DIRECTION('',(0.,-0.,1.));
#1565=AXIS2_PLACEMENT_3D('',#1562,#1563,#1564);
#1566=CIRCLE('',#1565,4.2);
#1567=EDGE_CURVE('NONE',#1553,#1561,#1566,.T.);
#1568=ORIENTED_EDGE('',*,*,#1567,.T.);
#1569=CARTESIAN_POINT('',(-131.839193141,55.740661221,16.766606155));
#1570=DIRECTION('',(0.,0.,-1.));
#1571=VECTOR('',#1570,3.502040171);
#1572=LINE('',#1569,#1571);
#1573=EDGE_CURVE('NONE',#1561,#1492,#1572,.T.);
#1574=ORIENTED_EDGE('',*,*,#1573,.T.);
#1575=ORIENTED_EDGE('',*,*,#1524,.T.);
#1576=CARTESIAN_POINT('',(-143.419799999,55.740661219,28.267509704));
#1577=VERTEX_POINT('',#1576);
#1578=CARTESIAN_POINT('',(-143.4198,55.740661221,13.264565984));
#1579=DIRECTION('',(-0.,-0.,1.));
#1580=VECTOR('',#1579,15.00294372);
#1581=LINE('',#1578,#1580);
#1582=EDGE_CURVE('NONE',#1513,#1577,#1581,.T.);
#1583=ORIENTED_EDGE('',*,*,#1582,.T.);
#1584=CARTESIAN_POINT('',(144.0198,55.740661223,28.267509706));
#1585=VERTEX_POINT('',#1584);
#1586=CARTESIAN_POINT('',(-143.419799999,55.740661221,28.267509705));
#1587=DIRECTION('',(1.,0.,-0.));
#1588=VECTOR('',#1587,287.439599999);
#1589=LINE('',#1586,#1588);
#1590=EDGE_CURVE('NONE',#1577,#1585,#1589,.T.);
#1591=ORIENTED_EDGE('',*,*,#1590,.T.);
#1592=CARTESIAN_POINT('',(144.0198,55.740661221,28.267509706));
#1593=DIRECTION('',(0.,0.,-1.));
#1594=VECTOR('',#1593,15.002943721);
#1595=LINE('',#1592,#1594);
#1596=EDGE_CURVE('NONE',#1585,#1470,#1595,.T.);
#1597=ORIENTED_EDGE('',*,*,#1596,.T.);
#1598=EDGE_LOOP('',(#1534,#1542,#1551,#1559,#1568,#1574,#1575,#1583,#1591,#1597));
#1599=FACE_BOUND('',#1598,.T.);
#1600=ADVANCED_FACE('NONE',(#1599),#1533,.F.);
#1601=CARTESIAN_POINT('',(141.7198,48.440661221,24.957459202));
#1602=DIRECTION('',(0.,0.,1.));
#1603=DIRECTION('',(1.,0.,-0.));
#1604=AXIS2_PLACEMENT_3D('',#1601,#1602,#1603);
#1605=CYLINDRICAL_SURFACE('',#1604,5.);
#1606=ORIENTED_EDGE('',*,*,#700,.F.);
#1607=CARTESIAN_POINT('',(141.7198,48.440661221,24.257459202));
#1608=DIRECTION('',(0.,0.,1.));
#1609=DIRECTION('',(1.,0.,-0.));
#1610=AXIS2_PLACEMENT_3D('',#1607,#1608,#1609);
#1611=CIRCLE('',#1610,5.);
#1612=EDGE_CURVE('NONE',#687,#1337,#1611,.T.);
#1613=ORIENTED_EDGE('',*,*,#1612,.T.);
#1614=ORIENTED_EDGE('',*,*,#1342,.F.);
#1615=CARTESIAN_POINT('',(141.7198,48.440661221,11.757459202));
#1616=DIRECTION('',(-0.,-0.,-1.));
#1617=DIRECTION('',(1.,0.,-0.));
#1618=AXIS2_PLACEMENT_3D('',#1615,#1616,#1617);
#1619=CIRCLE('',#1618,5.);
#1620=EDGE_CURVE('NONE',#1329,#695,#1619,.T.);
#1621=ORIENTED_EDGE('',*,*,#1620,.T.);
#1622=EDGE_LOOP('',(#1606,#1613,#1614,#1621));
#1623=FACE_BOUND('',#1622,.T.);
#1624=ADVANCED_FACE('NONE',(#1623),#1605,.F.);
#1625=CARTESIAN_POINT('',(-141.5198,48.440661221,24.957459202));
#1626=DIRECTION('',(0.,0.,1.));
#1627=DIRECTION('',(1.,0.,-0.));
#1628=AXIS2_PLACEMENT_3D('',#1625,#1626,#1627);
#1629=CYLINDRICAL_SURFACE('',#1628,5.);
#1630=ORIENTED_EDGE('',*,*,#1358,.F.);
#1631=CARTESIAN_POINT('',(-141.5198,48.440661221,24.257459202));
#1632=DIRECTION('',(0.,0.,1.));
#1633=DIRECTION('',(1.,0.,-0.));
#1634=AXIS2_PLACEMENT_3D('',#1631,#1632,#1633);
#1635=CIRCLE('',#1634,5.);
#1636=EDGE_CURVE('NONE',#1345,#1169,#1635,.T.);
#1637=ORIENTED_EDGE('',*,*,#1636,.T.);
#1638=ORIENTED_EDGE('',*,*,#1174,.F.);
#1639=CARTESIAN_POINT('',(-141.5198,48.440661221,11.757459202));
#1640=DIRECTION('',(-0.,-0.,-1.));
#1641=DIRECTION('',(1.,0.,-0.));
#1642=AXIS2_PLACEMENT_3D('',#1639,#1640,#1641);
#1643=CIRCLE('',#1642,5.);
#1644=EDGE_CURVE('NONE',#1161,#1353,#1643,.T.);
#1645=ORIENTED_EDGE('',*,*,#1644,.T.);
#1646=EDGE_LOOP('',(#1630,#1637,#1638,#1645));
#1647=FACE_BOUND('',#1646,.T.);
#1648=ADVANCED_FACE('NONE',(#1647),#1629,.F.);
#1649=CARTESIAN_POINT('',(141.9198,44.240661221,5.857459202));
#1650=DIRECTION('',(0.,0.,1.));
#1651=DIRECTION('',(1.,0.,-0.));
#1652=AXIS2_PLACEMENT_3D('',#1649,#1650,#1651);
#1653=CYLINDRICAL_SURFACE('',#1652,2.);
#1654=ORIENTED_EDGE('',*,*,#530,.F.);
#1655=CARTESIAN_POINT('',(141.9198,44.240661221,24.657459202));
#1656=DIRECTION('',(-0.,-0.,-1.));
#1657=DIRECTION('',(1.,0.,-0.));
#1658=AXIS2_PLACEMENT_3D('',#1655,#1656,#1657);
#1659=CIRCLE('',#1658,2.);
#1660=EDGE_CURVE('NONE',#517,#361,#1659,.T.);
#1661=ORIENTED_EDGE('',*,*,#1660,.T.);
#1662=ORIENTED_EDGE('',*,*,#366,.F.);
#1663=CARTESIAN_POINT('',(141.9198,44.240661221,29.657459202));
#1664=DIRECTION('',(0.,0.,1.));
#1665=DIRECTION('',(1.,0.,-0.));
#1666=AXIS2_PLACEMENT_3D('',#1663,#1664,#1665);
#1667=CIRCLE('',#1666,2.);
#1668=EDGE_CURVE('NONE',#353,#525,#1667,.T.);
#1669=ORIENTED_EDGE('',*,*,#1668,.T.);
#1670=EDGE_LOOP('',(#1654,#1661,#1662,#1669));
#1671=FACE_BOUND('',#1670,.T.);
#1672=ADVANCED_FACE('NONE',(#1671),#1653,.F.);
#1673=CARTESIAN_POINT('',(-141.3198,44.240661221,5.857459202));
#1674=DIRECTION('',(0.,0.,1.));
#1675=DIRECTION('',(1.,0.,-0.));
#1676=AXIS2_PLACEMENT_3D('',#1673,#1674,#1675);
#1677=CYLINDRICAL_SURFACE('',#1676,2.);
#1678=ORIENTED_EDGE('',*,*,#918,.F.);
#1679=CARTESIAN_POINT('',(-141.3198,44.240661221,24.657459202));
#1680=DIRECTION('',(-0.,-0.,-1.));
#1681=DIRECTION('',(1.,0.,-0.));
#1682=AXIS2_PLACEMENT_3D('',#1679,#1680,#1681);
#1683=CIRCLE('',#1682,2.);
#1684=EDGE_CURVE('NONE',#905,#509,#1683,.T.);
#1685=ORIENTED_EDGE('',*,*,#1684,.T.);
#1686=ORIENTED_EDGE('',*,*,#514,.F.);
#1687=CARTESIAN_POINT('',(-141.3198,44.240661221,29.657459202));
#1688=DIRECTION('',(0.,0.,1.));
#1689=DIRECTION('',(1.,0.,-0.));
#1690=AXIS2_PLACEMENT_3D('',#1687,#1688,#1689);
#1691=CIRCLE('',#1690,2.);
#1692=EDGE_CURVE('NONE',#507,#913,#1691,.T.);
#1693=ORIENTED_EDGE('',*,*,#1692,.T.);
#1694=EDGE_LOOP('',(#1678,#1685,#1686,#1693));
#1695=FACE_BOUND('',#1694,.T.);
#1696=ADVANCED_FACE('NONE',(#1695),#1677,.F.);
#1697=CARTESIAN_POINT('',(144.0198,48.740661221,24.957459202));
#1698=DIRECTION('',(0.,0.,-1.));
#1699=DIRECTION('',(-1.,0.,0.));
#1700=AXIS2_PLACEMENT_3D('',#1697,#1698,#1699);
#1701=CYLINDRICAL_SURFACE('',#1700,7.);
#1702=CARTESIAN_POINT('',(144.0198,48.740661221,13.264565985));
#1703=DIRECTION('',(-0.,-0.,1.));
#1704=DIRECTION('',(-1.,0.,0.));
#1705=AXIS2_PLACEMENT_3D('',#1702,#1703,#1704);
#1706=CIRCLE('',#1705,7.);
#1707=EDGE_CURVE('NONE',#150,#1470,#1706,.T.);
#1708=ORIENTED_EDGE('',*,*,#1707,.T.);
#1709=ORIENTED_EDGE('',*,*,#1596,.F.);
#1710=CARTESIAN_POINT('',(144.0198,48.740661221,28.267509704));
#1711=DIRECTION('',(0.,0.,-1.));
#1712=DIRECTION('',(-1.,0.,0.));
#1713=AXIS2_PLACEMENT_3D('',#1710,#1711,#1712);
#1714=CIRCLE('',#1713,7.);
#1715=EDGE_CURVE('NONE',#1585,#842,#1714,.T.);
#1716=ORIENTED_EDGE('',*,*,#1715,.T.);
#1717=ORIENTED_EDGE('',*,*,#847,.F.);
#1718=EDGE_LOOP('',(#1708,#1709,#1716,#1717));
#1719=FACE_BOUND('',#1718,.T.);
#1720=ADVANCED_FACE('NONE',(#1719),#1701,.T.);
#1721=CARTESIAN_POINT('',(-143.4198,48.740661221,24.957459202));
#1722=DIRECTION('',(0.,0.,1.));
#1723=DIRECTION('',(1.,0.,-0.));
#1724=AXIS2_PLACEMENT_3D('',#1721,#1722,#1723);
#1725=CYLINDRICAL_SURFACE('',#1724,7.);
#1726=CARTESIAN_POINT('',(-143.4198,48.740661221,28.267509706));
#1727=DIRECTION('',(-0.,-0.,-1.));
#1728=DIRECTION('',(1.,0.,-0.));
#1729=AXIS2_PLACEMENT_3D('',#1726,#1727,#1728);
#1730=CIRCLE('',#1729,7.);
#1731=EDGE_CURVE('NONE',#873,#1577,#1730,.T.);
#1732=ORIENTED_EDGE('',*,*,#1731,.T.);
#1733=ORIENTED_EDGE('',*,*,#1582,.F.);
#1734=CARTESIAN_POINT('',(-143.4198,48.740661221,13.264565985));
#1735=DIRECTION('',(0.,0.,1.));
#1736=DIRECTION('',(1.,0.,-0.));
#1737=AXIS2_PLACEMENT_3D('',#1734,#1735,#1736);
#1738=CIRCLE('',#1737,7.);
#1739=EDGE_CURVE('NONE',#1513,#103,#1738,.T.);
#1740=ORIENTED_EDGE('',*,*,#1739,.T.);
#1741=ORIENTED_EDGE('',*,*,#884,.F.);
#1742=EDGE_LOOP('',(#1732,#1733,#1740,#1741));
#1743=FACE_BOUND('',#1742,.T.);
#1744=ADVANCED_FACE('NONE',(#1743),#1725,.T.);
#1745=CARTESIAN_POINT('',(146.2198,16.996611221,8.057459202));
#1746=DIRECTION('',(0.,1.,0.));
#1747=DIRECTION('',(1.,0.,0.));
#1748=AXIS2_PLACEMENT_3D('',#1745,#1746,#1747);
#1749=PLANE('',#1748);
#1750=ORIENTED_EDGE('',*,*,#782,.F.);
#1751=CARTESIAN_POINT('',(146.5198,16.996611221,24.457459202));
#1752=DIRECTION('',(0.707106781,0.,-0.707106781));
#1753=VECTOR('',#1752,0.282842712);
#1754=LINE('',#1751,#1753);
#1755=EDGE_CURVE('NONE',#769,#679,#1754,.T.);
#1756=ORIENTED_EDGE('',*,*,#1755,.T.);
#1757=ORIENTED_EDGE('',*,*,#684,.F.);
#1758=CARTESIAN_POINT('',(144.4198,16.996611221,11.757459202));
#1759=VERTEX_POINT('',#1758);
#1760=CARTESIAN_POINT('',(146.7198,16.996611221,11.757459202));
#1761=DIRECTION('',(-1.,-0.,0.));
#1762=VECTOR('',#1761,2.3);
#1763=LINE('',#1760,#1762);
#1764=EDGE_CURVE('NONE',#677,#1759,#1763,.T.);
#1765=ORIENTED_EDGE('',*,*,#1764,.T.);
#1766=CARTESIAN_POINT('',(144.4198,16.996611221,11.757459202));
#1767=DIRECTION('',(-0.,-0.,1.));
#1768=VECTOR('',#1767,12.7);
#1769=LINE('',#1766,#1768);
#1770=EDGE_CURVE('NONE',#1759,#777,#1769,.T.);
#1771=ORIENTED_EDGE('',*,*,#1770,.T.);
#1772=EDGE_LOOP('',(#1750,#1756,#1757,#1765,#1771));
#1773=FACE_BOUND('',#1772,.T.);
#1774=ADVANCED_FACE('NONE',(#1773),#1749,.T.);
#1775=CARTESIAN_POINT('',(144.4198,16.996611221,8.057459202));
#1776=DIRECTION('',(0.707106781,-0.707106781,0.));
#1777=DIRECTION('',(0.,0.,-1.));
#1778=AXIS2_PLACEMENT_3D('',#1775,#1776,#1777);
#1779=PLANE('',#1778);
#1780=ORIENTED_EDGE('',*,*,#382,.F.);
#1781=CARTESIAN_POINT('',(143.9198,16.496611221,24.657459202));
#1782=DIRECTION('',(0.577350269,0.577350269,-0.577350269));
#1783=VECTOR('',#1782,0.346410162);
#1784=LINE('',#1781,#1783);
#1785=EDGE_CURVE('NONE',#369,#785,#1784,.T.);
#1786=ORIENTED_EDGE('',*,*,#1785,.T.);
#1787=ORIENTED_EDGE('',*,*,#790,.F.);
#1788=ORIENTED_EDGE('',*,*,#1770,.F.);
#1789=CARTESIAN_POINT('',(144.4198,16.996611221,11.757459202));
#1790=DIRECTION('',(-0.707106781,-0.707106781,-0.));
#1791=VECTOR('',#1790,0.707106781);
#1792=LINE('',#1789,#1791);
#1793=EDGE_CURVE('NONE',#1759,#377,#1792,.T.);
#1794=ORIENTED_EDGE('',*,*,#1793,.T.);
#1795=EDGE_LOOP('',(#1780,#1786,#1787,#1788,#1794));
#1796=FACE_BOUND('',#1795,.T.);
#1797=ADVANCED_FACE('NONE',(#1796),#1779,.F.);
#1798=CARTESIAN_POINT('',(-123.989193141,49.740661221,19.266606155));
#1799=DIRECTION('',(0.,0.,1.));
#1800=DIRECTION('',(1.,0.,0.));
#1801=AXIS2_PLACEMENT_3D('',#1798,#1799,#1800);
#1802=PLANE('',#1801);
#1803=CARTESIAN_POINT('',(-127.639193141,54.040661221,19.266606155));
#1804=VERTEX_POINT('',#1803);
#1805=CARTESIAN_POINT('',(-127.639193141,53.440661221,19.266606155));
#1806=DIRECTION('',(0.,1.,0.));
#1807=VECTOR('',#1806,0.6);
#1808=LINE('',#1805,#1807);
#1809=EDGE_CURVE('NONE',#1386,#1804,#1808,.T.);
#1810=ORIENTED_EDGE('',*,*,#1809,.T.);
#1811=CARTESIAN_POINT('',(-120.239193141,54.040661219,19.266606157));
#1812=VERTEX_POINT('',#1811);
#1813=CARTESIAN_POINT('',(-127.639193141,54.040661221,19.266606155));
#1814=DIRECTION('',(1.,0.,-0.));
#1815=VECTOR('',#1814,7.4);
#1816=LINE('',#1813,#1815);
#1817=EDGE_CURVE('NONE',#1804,#1812,#1816,.T.);
#1818=ORIENTED_EDGE('',*,*,#1817,.T.);
#1819=CARTESIAN_POINT('',(-120.239193141,54.040661219,19.266606155));
#1820=DIRECTION('',(-0.,-1.,-0.));
#1821=VECTOR('',#1820,0.599999998);
#1822=LINE('',#1819,#1821);
#1823=EDGE_CURVE('NONE',#1812,#1395,#1822,.T.);
#1824=ORIENTED_EDGE('',*,*,#1823,.T.);
#1825=ORIENTED_EDGE('',*,*,#1400,.F.);
#1826=EDGE_LOOP('',(#1810,#1818,#1824,#1825));
#1827=FACE_BOUND('',#1826,.T.);
#1828=ADVANCED_FACE('NONE',(#1827),#1802,.F.);
#1829=CARTESIAN_POINT('',(-117.739193141,49.740661221,17.067267871));
#1830=DIRECTION('',(1.,0.,0.));
#1831=DIRECTION('',(0.,1.,0.));
#1832=AXIS2_PLACEMENT_3D('',#1829,#1830,#1831);
#1833=PLANE('',#1832);
#1834=CARTESIAN_POINT('',(-117.739193141,54.040661221,16.766606155));
#1835=VERTEX_POINT('',#1834);
#1836=CARTESIAN_POINT('',(-117.739193141,54.040661221,12.057459202));
#1837=VERTEX_POINT('',#1836);
#1838=CARTESIAN_POINT('',(-117.739193141,54.040661221,16.766606155));
#1839=DIRECTION('',(-0.,-0.,-1.));
#1840=VECTOR('',#1839,4.709146953);
#1841=LINE('',#1838,#1840);
#1842=EDGE_CURVE('NONE',#1835,#1837,#1841,.T.);
#1843=ORIENTED_EDGE('',*,*,#1842,.T.);
#1844=CARTESIAN_POINT('',(-117.739193141,54.040661221,12.057459202));
#1845=DIRECTION('',(-0.,-1.,-0.));
#1846=VECTOR('',#1845,0.6);
#1847=LINE('',#1844,#1846);
#1848=EDGE_CURVE('NONE',#1837,#1312,#1847,.T.);
#1849=ORIENTED_EDGE('',*,*,#1848,.T.);
#1850=ORIENTED_EDGE('',*,*,#1317,.F.);
#1851=CARTESIAN_POINT('',(-117.739193141,53.440661221,16.766606155));
#1852=DIRECTION('',(0.,1.,0.));
#1853=VECTOR('',#1852,0.6);
#1854=LINE('',#1851,#1853);
#1855=EDGE_CURVE('NONE',#1310,#1835,#1854,.T.);
#1856=ORIENTED_EDGE('',*,*,#1855,.T.);
#1857=EDGE_LOOP('',(#1843,#1849,#1850,#1856));
#1858=FACE_BOUND('',#1857,.T.);
#1859=ADVANCED_FACE('NONE',(#1858),#1833,.F.);
#1860=CARTESIAN_POINT('',(-120.239193141,49.740661221,16.766606155));
#1861=DIRECTION('',(0.,-1.,0.));
#1862=DIRECTION('',(0.,0.,-1.));
#1863=AXIS2_PLACEMENT_3D('',#1860,#1861,#1862);
#1864=CYLINDRICAL_SURFACE('',#1863,2.5);
#1865=ORIENTED_EDGE('',*,*,#1823,.F.);
#1866=CARTESIAN_POINT('',(-120.239193141,54.040661221,16.766606155));
#1867=DIRECTION('',(-0.,1.,-0.));
#1868=DIRECTION('',(0.,0.,-1.));
#1869=AXIS2_PLACEMENT_3D('',#1866,#1867,#1868);
#1870=CIRCLE('',#1869,2.5);
#1871=EDGE_CURVE('NONE',#1812,#1835,#1870,.T.);
#1872=ORIENTED_EDGE('',*,*,#1871,.T.);
#1873=ORIENTED_EDGE('',*,*,#1855,.F.);
#1874=ORIENTED_EDGE('',*,*,#1407,.F.);
#1875=EDGE_LOOP('',(#1865,#1872,#1873,#1874));
#1876=FACE_BOUND('',#1875,.T.);
#1877=ADVANCED_FACE('NONE',(#1876),#1864,.F.);
#1878=CARTESIAN_POINT('',(-127.639193141,49.740661221,16.766606155));
#1879=DIRECTION('',(0.,-1.,0.));
#1880=DIRECTION('',(0.,0.,-1.));
#1881=AXIS2_PLACEMENT_3D('',#1878,#1879,#1880);
#1882=CYLINDRICAL_SURFACE('',#1881,2.5);
#1883=ORIENTED_EDGE('',*,*,#1438,.F.);
#1884=CARTESIAN_POINT('',(-127.639193141,54.040661221,16.766606155));
#1885=DIRECTION('',(-0.,1.,-0.));
#1886=DIRECTION('',(0.,0.,-1.));
#1887=AXIS2_PLACEMENT_3D('',#1884,#1885,#1886);
#1888=CIRCLE('',#1887,2.5);
#1889=EDGE_CURVE('NONE',#1427,#1804,#1888,.T.);
#1890=ORIENTED_EDGE('',*,*,#1889,.T.);
#1891=ORIENTED_EDGE('',*,*,#1809,.F.);
#1892=ORIENTED_EDGE('',*,*,#1392,.F.);
#1893=EDGE_LOOP('',(#1883,#1890,#1891,#1892));
#1894=FACE_BOUND('',#1893,.T.);
#1895=ADVANCED_FACE('NONE',(#1894),#1882,.F.);
#1896=CARTESIAN_POINT('',(126.429906052,47.252561221,33.957459202));
#1897=DIRECTION('',(1.,0.,0.));
#1898=DIRECTION('',(0.,1.,0.));
#1899=AXIS2_PLACEMENT_3D('',#1896,#1897,#1898);
#1900=PLANE('',#1899);
#1901=ORIENTED_EDGE('',*,*,#556,.F.);
#1902=CARTESIAN_POINT('',(126.429906052,52.740661221,25.657459202));
#1903=VERTEX_POINT('',#1902);
#1904=CARTESIAN_POINT('',(126.429906052,52.740661221,25.657459202));
#1905=DIRECTION('',(-0.,-1.,-0.));
#1906=VECTOR('',#1905,6.5);
#1907=LINE('',#1904,#1906);
#1908=EDGE_CURVE('NONE',#1903,#543,#1907,.T.);
#1909=ORIENTED_EDGE('',*,*,#1908,.F.);
#1910=CARTESIAN_POINT('',(126.429906052,52.740661221,28.657459202));
#1911=VERTEX_POINT('',#1910);
#1912=CARTESIAN_POINT('',(126.429906052,52.740661221,25.657459202));
#1913=DIRECTION('',(0.,0.,1.));
#1914=VECTOR('',#1913,3.);
#1915=LINE('',#1912,#1914);
#1916=EDGE_CURVE('NONE',#1903,#1911,#1915,.T.);
#1917=ORIENTED_EDGE('',*,*,#1916,.T.);
#1918=CARTESIAN_POINT('',(126.429906052,52.740661221,28.657459202));
#1919=DIRECTION('',(-0.,-1.,-0.));
#1920=VECTOR('',#1919,6.5);
#1921=LINE('',#1918,#1920);
#1922=EDGE_CURVE('NONE',#1911,#551,#1921,.T.);
#1923=ORIENTED_EDGE('',*,*,#1922,.T.);
#1924=EDGE_LOOP('',(#1901,#1909,#1917,#1923));
#1925=FACE_BOUND('',#1924,.T.);
#1926=ADVANCED_FACE('NONE',(#1925),#1900,.T.);
#1927=CARTESIAN_POINT('',(131.469906052,47.252561221,28.657459202));
#1928=DIRECTION('',(0.,0.,-1.));
#1929=DIRECTION('',(0.,-1.,0.));
#1930=AXIS2_PLACEMENT_3D('',#1927,#1928,#1929);
#1931=PLANE('',#1930);
#1932=CARTESIAN_POINT('',(136.509906052,52.740661221,28.657459202));
#1933=VERTEX_POINT('',#1932);
#1934=CARTESIAN_POINT('',(136.509906052,52.740661221,28.657459202));
#1935=DIRECTION('',(0.,-1.,0.));
#1936=VECTOR('',#1935,6.5);
#1937=LINE('',#1934,#1936);
#1938=EDGE_CURVE('NONE',#1933,#559,#1937,.T.);
#1939=ORIENTED_EDGE('',*,*,#1938,.T.);
#1940=ORIENTED_EDGE('',*,*,#564,.F.);
#1941=ORIENTED_EDGE('',*,*,#1922,.F.);
#1942=CARTESIAN_POINT('',(126.429906052,52.740661221,28.657459202));
#1943=DIRECTION('',(1.,-0.,-0.));
#1944=VECTOR('',#1943,10.08);
#1945=LINE('',#1942,#1944);
#1946=EDGE_CURVE('NONE',#1911,#1933,#1945,.T.);
#1947=ORIENTED_EDGE('',*,*,#1946,.T.);
#1948=EDGE_LOOP('',(#1939,#1940,#1941,#1947));
#1949=FACE_BOUND('',#1948,.T.);
#1950=ADVANCED_FACE('NONE',(#1949),#1931,.T.);
#1951=CARTESIAN_POINT('',(136.509906052,47.252561221,33.957459202));
#1952=DIRECTION('',(-1.,0.,0.));
#1953=DIRECTION('',(0.,0.,1.));
#1954=AXIS2_PLACEMENT_3D('',#1951,#1952,#1953);
#1955=PLANE('',#1954);
#1956=ORIENTED_EDGE('',*,*,#570,.F.);
#1957=ORIENTED_EDGE('',*,*,#1938,.F.);
#1958=CARTESIAN_POINT('',(136.509906052,52.740661221,25.657459202));
#1959=VERTEX_POINT('',#1958);
#1960=CARTESIAN_POINT('',(136.509906052,52.740661221,28.657459202));
#1961=DIRECTION('',(-0.,-0.,-1.));
#1962=VECTOR('',#1961,3.);
#1963=LINE('',#1960,#1962);
#1964=EDGE_CURVE('NONE',#1933,#1959,#1963,.T.);
#1965=ORIENTED_EDGE('',*,*,#1964,.T.);
#1966=CARTESIAN_POINT('',(136.509906052,52.740661221,25.657459202));
#1967=DIRECTION('',(-0.,-1.,-0.));
#1968=VECTOR('',#1967,6.5);
#1969=LINE('',#1966,#1968);
#1970=EDGE_CURVE('NONE',#1959,#541,#1969,.T.);
#1971=ORIENTED_EDGE('',*,*,#1970,.T.);
#1972=EDGE_LOOP('',(#1956,#1957,#1965,#1971));
#1973=FACE_BOUND('',#1972,.T.);
#1974=ADVANCED_FACE('NONE',(#1973),#1955,.T.);
#1975=CARTESIAN_POINT('',(131.469906052,47.252561221,25.657459202));
#1976=DIRECTION('',(0.,0.,1.));
#1977=DIRECTION('',(1.,0.,0.));
#1978=AXIS2_PLACEMENT_3D('',#1975,#1976,#1977);
#1979=PLANE('',#1978);
#1980=ORIENTED_EDGE('',*,*,#1908,.T.);
#1981=ORIENTED_EDGE('',*,*,#548,.F.);
#1982=ORIENTED_EDGE('',*,*,#1970,.F.);
#1983=CARTESIAN_POINT('',(136.509906052,52.740661221,25.657459202));
#1984=DIRECTION('',(-1.,-0.,0.));
#1985=VECTOR('',#1984,10.08);
#1986=LINE('',#1983,#1985);
#1987=EDGE_CURVE('NONE',#1959,#1903,#1986,.T.);
#1988=ORIENTED_EDGE('',*,*,#1987,.T.);
#1989=EDGE_LOOP('',(#1980,#1981,#1982,#1988));
#1990=FACE_BOUND('',#1989,.T.);
#1991=ADVANCED_FACE('NONE',(#1990),#1979,.T.);
#1992=CARTESIAN_POINT('',(6.,52.740661221,11.157459202));
#1993=DIRECTION('',(0.,1.,0.));
#1994=DIRECTION('',(1.,0.,0.));
#1995=AXIS2_PLACEMENT_3D('',#1992,#1993,#1994);
#1996=PLANE('',#1995);
#1997=ORIENTED_EDGE('',*,*,#1916,.F.);
#1998=ORIENTED_EDGE('',*,*,#1987,.F.);
#1999=ORIENTED_EDGE('',*,*,#1964,.F.);
#2000=ORIENTED_EDGE('',*,*,#1946,.F.);
#2001=EDGE_LOOP('',(#1997,#1998,#1999,#2000));
#2002=FACE_BOUND('',#2001,.T.);
#2003=ADVANCED_FACE('NONE',(#2002),#1996,.F.);
#2004=CARTESIAN_POINT('',(-143.4198,48.740661221,12.911012593));
#2005=DIRECTION('',(0.,0.,1.));
#2006=DIRECTION('',(1.,0.,-0.));
#2007=AXIS2_PLACEMENT_3D('',#2004,#2005,#2006);
#2008=CONICAL_SURFACE('',#2007,6.646446609,44.999999847);
#2009=ORIENTED_EDGE('',*,*,#107,.T.);
#2010=ORIENTED_EDGE('',*,*,#1739,.F.);
#2011=ORIENTED_EDGE('',*,*,#1518,.F.);
#2012=ORIENTED_EDGE('',*,*,#268,.F.);
#2013=EDGE_LOOP('',(#2009,#2010,#2011,#2012));
#2014=FACE_BOUND('',#2013,.T.);
#2015=ADVANCED_FACE('NONE',(#2014),#2008,.T.);
#2016=CARTESIAN_POINT('',(144.0198,48.740661221,12.911012593));
#2017=DIRECTION('',(0.,0.,1.));
#2018=DIRECTION('',(1.,0.,-0.));
#2019=AXIS2_PLACEMENT_3D('',#2016,#2017,#2018);
#2020=CONICAL_SURFACE('',#2019,6.646446609,44.999999847);
#2021=ORIENTED_EDGE('',*,*,#154,.T.);
#2022=ORIENTED_EDGE('',*,*,#1124,.F.);
#2023=ORIENTED_EDGE('',*,*,#1481,.F.);
#2024=ORIENTED_EDGE('',*,*,#1707,.F.);
#2025=EDGE_LOOP('',(#2021,#2022,#2023,#2024));
#2026=FACE_BOUND('',#2025,.T.);
#2027=ADVANCED_FACE('NONE',(#2026),#2020,.T.);
#2028=CARTESIAN_POINT('',(144.0198,48.740661221,29.762484455));
#2029=DIRECTION('',(0.,0.,-1.));
#2030=DIRECTION('',(-1.,0.,0.));
#2031=AXIS2_PLACEMENT_3D('',#2028,#2029,#2030);
#2032=CONICAL_SURFACE('',#2031,5.505025253,44.999999847);
#2033=ORIENTED_EDGE('',*,*,#1292,.T.);
#2034=ORIENTED_EDGE('',*,*,#1715,.F.);
#2035=CARTESIAN_POINT('',(144.0198,53.750711726,30.257459203));
#2036=DIRECTION('',(0.,0.707106781,-0.707106781));
#2037=VECTOR('',#2036,2.814213567);
#2038=LINE('',#2035,#2037);
#2039=EDGE_CURVE('NONE',#417,#1585,#2038,.T.);
#2040=ORIENTED_EDGE('',*,*,#2039,.F.);
#2041=ORIENTED_EDGE('',*,*,#423,.F.);
#2042=EDGE_LOOP('',(#2033,#2034,#2040,#2041));
#2043=FACE_BOUND('',#2042,.T.);
#2044=ADVANCED_FACE('NONE',(#2043),#2032,.T.);
#2045=CARTESIAN_POINT('',(-74.8099,55.245686474,28.762484455));
#2046=DIRECTION('',(0.,0.707106781,0.707106781));
#2047=DIRECTION('',(1.,0.,0.));
#2048=AXIS2_PLACEMENT_3D('',#2045,#2046,#2047);
#2049=PLANE('',#2048);
#2050=CARTESIAN_POINT('',(-143.4198,53.750711728,30.257459204));
#2051=CARTESIAN_POINT('',(-143.419799999,54.414028225,29.594142703));
#2052=CARTESIAN_POINT('',(-143.419799999,55.077344721,28.930826203));
#2053=CARTESIAN_POINT('',(-143.419799998,55.740661218,28.267509703));
#2054=B_SPLINE_CURVE_WITH_KNOTS('',3,(#2050,#2051,#2052,#2053),.UNSPECIFIED.,.F.,.F.,(4,4),(0.,1.),.UNSPECIFIED.);
#2055=EDGE_CURVE('NONE',#426,#1577,#2054,.T.);
#2056=ORIENTED_EDGE('',*,*,#2055,.F.);
#2057=ORIENTED_EDGE('',*,*,#431,.F.);
#2058=ORIENTED_EDGE('',*,*,#2039,.T.);
#2059=ORIENTED_EDGE('',*,*,#1590,.F.);
#2060=EDGE_LOOP('',(#2056,#2057,#2058,#2059));
#2061=FACE_BOUND('',#2060,.T.);
#2062=ADVANCED_FACE('NONE',(#2061),#2049,.T.);
#2063=CARTESIAN_POINT('',(-143.4198,48.740661221,29.762484455));
#2064=DIRECTION('',(0.,0.,-1.));
#2065=DIRECTION('',(-1.,0.,0.));
#2066=AXIS2_PLACEMENT_3D('',#2063,#2064,#2065);
#2067=CONICAL_SURFACE('',#2066,5.505025253,44.999999847);
#2068=ORIENTED_EDGE('',*,*,#1731,.F.);
#2069=ORIENTED_EDGE('',*,*,#1276,.F.);
#2070=ORIENTED_EDGE('',*,*,#440,.F.);
#2071=ORIENTED_EDGE('',*,*,#2055,.T.);
#2072=EDGE_LOOP('',(#2068,#2069,#2070,#2071));
#2073=FACE_BOUND('',#2072,.T.);
#2074=ADVANCED_FACE('NONE',(#2073),#2067,.T.);
#2075=CARTESIAN_POINT('',(-143.8198,39.718636221,15.087459202));
#2076=DIRECTION('',(0.,1.,0.));
#2077=DIRECTION('',(1.,0.,0.));
#2078=AXIS2_PLACEMENT_3D('',#2075,#2076,#2077);
#2079=PLANE('',#2078);
#2080=CARTESIAN_POINT('',(-145.226906781,39.718636221,14.487459202));
#2081=VERTEX_POINT('',#2080);
#2082=CARTESIAN_POINT('',(-146.5198,39.718636221,15.780352421));
#2083=DIRECTION('',(0.707106781,0.,-0.707106781));
#2084=VECTOR('',#2083,1.828427125);
#2085=LINE('',#2082,#2084);
#2086=EDGE_CURVE('NONE',#1219,#2081,#2085,.T.);
#2087=ORIENTED_EDGE('',*,*,#2086,.T.);
#2088=CARTESIAN_POINT('',(-145.226906781,39.718636221,14.487459202));
#2089=DIRECTION('',(-1.,-0.,0.));
#2090=VECTOR('',#2089,1.292893219);
#2091=LINE('',#2088,#2090);
#2092=EDGE_CURVE('NONE',#2081,#1227,#2091,.T.);
#2093=ORIENTED_EDGE('',*,*,#2092,.T.);
#2094=ORIENTED_EDGE('',*,*,#1232,.F.);
#2095=EDGE_LOOP('',(#2087,#2093,#2094));
#2096=FACE_BOUND('',#2095,.T.);
#2097=ADVANCED_FACE('NONE',(#2096),#2079,.T.);
#2098=CARTESIAN_POINT('',(-143.8198,9.718636221,15.087459202));
#2099=DIRECTION('',(0.,-1.,0.));
#2100=DIRECTION('',(0.,0.,-1.));
#2101=AXIS2_PLACEMENT_3D('',#2098,#2099,#2100);
#2102=PLANE('',#2101);
#2103=ORIENTED_EDGE('',*,*,#1200,.F.);
#2104=CARTESIAN_POINT('',(-145.226906781,9.718636221,14.487459202));
#2105=VERTEX_POINT('',#2104);
#2106=CARTESIAN_POINT('',(-146.5198,9.718636221,14.487459202));
#2107=DIRECTION('',(1.,0.,-0.));
#2108=VECTOR('',#2107,1.292893219);
#2109=LINE('',#2106,#2108);
#2110=EDGE_CURVE('NONE',#1193,#2105,#2109,.T.);
#2111=ORIENTED_EDGE('',*,*,#2110,.T.);
#2112=CARTESIAN_POINT('',(-145.226906781,9.718636221,14.487459202));
#2113=DIRECTION('',(-0.707106781,0.,0.707106781));
#2114=VECTOR('',#2113,1.828427125);
#2115=LINE('',#2112,#2114);
#2116=EDGE_CURVE('NONE',#2105,#1195,#2115,.T.);
#2117=ORIENTED_EDGE('',*,*,#2116,.T.);
#2118=EDGE_LOOP('',(#2103,#2111,#2117));
#2119=FACE_BOUND('',#2118,.T.);
#2120=ADVANCED_FACE('NONE',(#2119),#2102,.T.);
#2121=CARTESIAN_POINT('',(-143.8198,24.418636221,13.987459202));
#2122=DIRECTION('',(0.,0.,-1.));
#2123=DIRECTION('',(0.,-1.,0.));
#2124=AXIS2_PLACEMENT_3D('',#2121,#2122,#2123);
#2125=PLANE('',#2124);
#2126=CARTESIAN_POINT('',(-143.736957288,39.01863622,13.987459202));
#2127=VERTEX_POINT('',#2126);
#2128=CARTESIAN_POINT('',(-143.736957288,10.418636221,13.987459202));
#2129=VERTEX_POINT('',#2128);
#2130=CARTESIAN_POINT('',(-143.736957288,39.01863622,13.987459202));
#2131=DIRECTION('',(0.,-1.,0.));
#2132=VECTOR('',#2131,28.599999999);
#2133=LINE('',#2130,#2132);
#2134=EDGE_CURVE('NONE',#2127,#2129,#2133,.T.);
#2135=ORIENTED_EDGE('',*,*,#2134,.T.);
#2136=CARTESIAN_POINT('',(-144.0198,10.218636221,13.987459202));
#2137=VERTEX_POINT('',#2136);
#2138=CARTESIAN_POINT('',(-144.019800001,10.218636221,13.987459202));
#2139=DIRECTION('',(0.81649658,0.57735027,0.000000001));
#2140=VECTOR('',#2139,0.346410162);
#2141=LINE('',#2138,#2140);
#2142=EDGE_CURVE('NONE',#2137,#2129,#2141,.T.);
#2143=ORIENTED_EDGE('',*,*,#2142,.F.);
#2144=CARTESIAN_POINT('',(-144.0198,10.218636221,13.987459202));
#2145=DIRECTION('',(-1.,0.,0.));
#2146=VECTOR('',#2145,2.5);
#2147=LINE('',#2144,#2146);
#2148=EDGE_CURVE('NONE',#2137,#1243,#2147,.T.);
#2149=ORIENTED_EDGE('',*,*,#2148,.T.);
#2150=ORIENTED_EDGE('',*,*,#1248,.F.);
#2151=CARTESIAN_POINT('',(-144.019800001,39.218636221,13.987459202));
#2152=VERTEX_POINT('',#2151);
#2153=CARTESIAN_POINT('',(-146.5198,39.218636221,13.987459202));
#2154=DIRECTION('',(1.,-0.,-0.));
#2155=VECTOR('',#2154,2.499999999);
#2156=LINE('',#2153,#2155);
#2157=EDGE_CURVE('NONE',#1235,#2152,#2156,.T.);
#2158=ORIENTED_EDGE('',*,*,#2157,.T.);
#2159=CARTESIAN_POINT('',(-144.019800001,39.218636221,13.987459202));
#2160=DIRECTION('',(0.81649658,-0.57735027,0.));
#2161=VECTOR('',#2160,0.346410163);
#2162=LINE('',#2159,#2161);
#2163=EDGE_CURVE('NONE',#2152,#2127,#2162,.T.);
#2164=ORIENTED_EDGE('',*,*,#2163,.T.);
#2165=EDGE_LOOP('',(#2135,#2143,#2149,#2150,#2158,#2164));
#2166=FACE_BOUND('',#2165,.T.);
#2167=ADVANCED_FACE('NONE',(#2166),#2125,.T.);
#2168=CARTESIAN_POINT('',(-146.278378644,24.718636221,16.528880559));
#2169=DIRECTION('',(-0.707106781,0.,-0.707106781));
#2170=DIRECTION('',(-0.707106781,0.,0.707106781));
#2171=AXIS2_PLACEMENT_3D('',#2168,#2169,#2170);
#2172=PLANE('',#2171);
#2173=ORIENTED_EDGE('',*,*,#1216,.F.);
#2174=CARTESIAN_POINT('',(-146.5198,10.418636221,16.770301915));
#2175=DIRECTION('',(0.707106781,-0.,-0.707106781));
#2176=VECTOR('',#2175,3.935533906);
#2177=LINE('',#2174,#2176);
#2178=EDGE_CURVE('NONE',#1203,#2129,#2177,.T.);
#2179=ORIENTED_EDGE('',*,*,#2178,.T.);
#2180=ORIENTED_EDGE('',*,*,#2134,.F.);
#2181=CARTESIAN_POINT('',(-143.736957287,39.01863622,13.987459202));
#2182=DIRECTION('',(-0.707106781,0.,0.707106781));
#2183=VECTOR('',#2182,3.935533906);
#2184=LINE('',#2181,#2183);
#2185=EDGE_CURVE('NONE',#2127,#1211,#2184,.T.);
#2186=ORIENTED_EDGE('',*,*,#2185,.T.);
#2187=EDGE_LOOP('',(#2173,#2179,#2180,#2186));
#2188=FACE_BOUND('',#2187,.T.);
#2189=ADVANCED_FACE('NONE',(#2188),#2172,.F.);
#2190=CARTESIAN_POINT('',(-144.823353391,9.718636221,14.083905811));
#2191=DIRECTION('',(0.5,-0.707106781,0.5));
#2192=DIRECTION('',(0.,-0.577350269,-0.816496581));
#2193=AXIS2_PLACEMENT_3D('',#2190,#2191,#2192);
#2194=PLANE('',#2193);
#2195=ORIENTED_EDGE('',*,*,#1208,.F.);
#2196=ORIENTED_EDGE('',*,*,#2116,.F.);
#2197=CARTESIAN_POINT('',(-144.0198,10.218636221,13.987459202));
#2198=DIRECTION('',(-0.862856209,-0.357406744,0.357406744));
#2199=VECTOR('',#2198,1.398966326);
#2200=LINE('',#2197,#2199);
#2201=EDGE_CURVE('NONE',#2137,#2105,#2200,.T.);
#2202=ORIENTED_EDGE('',*,*,#2201,.F.);
#2203=ORIENTED_EDGE('',*,*,#2142,.T.);
#2204=ORIENTED_EDGE('',*,*,#2178,.F.);
#2205=EDGE_LOOP('',(#2195,#2196,#2202,#2203,#2204));
#2206=FACE_BOUND('',#2205,.T.);
#2207=ADVANCED_FACE('NONE',(#2206),#2194,.T.);
#2208=CARTESIAN_POINT('',(-143.8198,10.218636221,13.987459202));
#2209=DIRECTION('',(0.,0.707106781,0.707106781));
#2210=DIRECTION('',(1.,0.,0.));
#2211=AXIS2_PLACEMENT_3D('',#2208,#2209,#2210);
#2212=PLANE('',#2211);
#2213=ORIENTED_EDGE('',*,*,#2201,.T.);
#2214=ORIENTED_EDGE('',*,*,#2110,.F.);
#2215=ORIENTED_EDGE('',*,*,#1254,.F.);
#2216=ORIENTED_EDGE('',*,*,#2148,.F.);
#2217=EDGE_LOOP('',(#2213,#2214,#2215,#2216));
#2218=FACE_BOUND('',#2217,.T.);
#2219=ADVANCED_FACE('NONE',(#2218),#2212,.F.);
#2220=CARTESIAN_POINT('',(-144.823353391,39.718636221,14.083905811));
#2221=DIRECTION('',(0.5,0.707106781,0.5));
#2222=DIRECTION('',(0.707106781,0.,-0.707106781));
#2223=AXIS2_PLACEMENT_3D('',#2220,#2221,#2222);
#2224=PLANE('',#2223);
#2225=ORIENTED_EDGE('',*,*,#1224,.F.);
#2226=ORIENTED_EDGE('',*,*,#2185,.F.);
#2227=ORIENTED_EDGE('',*,*,#2163,.F.);
#2228=CARTESIAN_POINT('',(-145.226906781,39.718636221,14.487459202));
#2229=DIRECTION('',(0.862856209,-0.357406745,-0.357406745));
#2230=VECTOR('',#2229,1.398966325);
#2231=LINE('',#2228,#2230);
#2232=EDGE_CURVE('NONE',#2081,#2152,#2231,.T.);
#2233=ORIENTED_EDGE('',*,*,#2232,.F.);
#2234=ORIENTED_EDGE('',*,*,#2086,.F.);
#2235=EDGE_LOOP('',(#2225,#2226,#2227,#2233,#2234));
#2236=FACE_BOUND('',#2235,.T.);
#2237=ADVANCED_FACE('NONE',(#2236),#2224,.T.);
#2238=CARTESIAN_POINT('',(-143.8198,39.718636221,14.487459202));
#2239=DIRECTION('',(0.,-0.707106781,0.707106781));
#2240=DIRECTION('',(-1.,0.,0.));
#2241=AXIS2_PLACEMENT_3D('',#2238,#2239,#2240);
#2242=PLANE('',#2241);
#2243=ORIENTED_EDGE('',*,*,#2232,.T.);
#2244=ORIENTED_EDGE('',*,*,#2157,.F.);
#2245=ORIENTED_EDGE('',*,*,#1240,.F.);
#2246=ORIENTED_EDGE('',*,*,#2092,.F.);
#2247=EDGE_LOOP('',(#2243,#2244,#2245,#2246));
#2248=FACE_BOUND('',#2247,.T.);
#2249=ADVANCED_FACE('NONE',(#2248),#2242,.F.);
#2250=CARTESIAN_POINT('',(-4.8257,48.240661221,26.807459202));
#2251=DIRECTION('',(-1.,0.,0.));
#2252=DIRECTION('',(0.,0.,1.));
#2253=AXIS2_PLACEMENT_3D('',#2250,#2251,#2252);
#2254=PLANE('',#2253);
#2255=ORIENTED_EDGE('',*,*,#590,.F.);
#2256=ORIENTED_EDGE('',*,*,#666,.F.);
#2257=CARTESIAN_POINT('',(-4.8257,52.740661221,28.657459202));
#2258=DIRECTION('',(0.,0.,-1.));
#2259=VECTOR('',#2258,3.);
#2260=LINE('',#2257,#2259);
#2261=EDGE_CURVE('NONE',#616,#655,#2260,.T.);
#2262=ORIENTED_EDGE('',*,*,#2261,.F.);
#2263=ORIENTED_EDGE('',*,*,#621,.T.);
#2264=EDGE_LOOP('',(#2255,#2256,#2262,#2263));
#2265=FACE_BOUND('',#2264,.T.);
#2266=ADVANCED_FACE('NONE',(#2265),#2254,.F.);
#2267=CARTESIAN_POINT('',(5.2557,48.240661221,26.807459202));
#2268=DIRECTION('',(1.,0.,0.));
#2269=DIRECTION('',(0.,1.,0.));
#2270=AXIS2_PLACEMENT_3D('',#2267,#2268,#2269);
#2271=PLANE('',#2270);
#2272=ORIENTED_EDGE('',*,*,#652,.T.);
#2273=ORIENTED_EDGE('',*,*,#604,.T.);
#2274=ORIENTED_EDGE('',*,*,#635,.F.);
#2275=CARTESIAN_POINT('',(5.2557,52.740661221,25.657459202));
#2276=DIRECTION('',(-0.,-0.,1.));
#2277=VECTOR('',#2276,3.);
#2278=LINE('',#2275,#2277);
#2279=EDGE_CURVE('NONE',#647,#624,#2278,.T.);
#2280=ORIENTED_EDGE('',*,*,#2279,.F.);
#2281=EDGE_LOOP('',(#2272,#2273,#2274,#2280));
#2282=FACE_BOUND('',#2281,.T.);
#2283=ADVANCED_FACE('NONE',(#2282),#2271,.F.);
#2284=CARTESIAN_POINT('',(0.,52.740661221,12.274639419));
#2285=DIRECTION('',(0.,-1.,0.));
#2286=DIRECTION('',(0.,0.,-1.));
#2287=AXIS2_PLACEMENT_3D('',#2284,#2285,#2286);
#2288=PLANE('',#2287);
#2289=ORIENTED_EDGE('',*,*,#2261,.T.);
#2290=ORIENTED_EDGE('',*,*,#660,.T.);
#2291=ORIENTED_EDGE('',*,*,#2279,.T.);
#2292=ORIENTED_EDGE('',*,*,#629,.T.);
#2293=EDGE_LOOP('',(#2289,#2290,#2291,#2292));
#2294=FACE_BOUND('',#2293,.T.);
#2295=ADVANCED_FACE('NONE',(#2294),#2288,.T.);
#2296=CARTESIAN_POINT('',(-72.8099,53.440661221,11.757459202));
#2297=DIRECTION('',(0.,-0.707106781,-0.707106781));
#2298=DIRECTION('',(0.,-0.707106781,0.707106781));
#2299=AXIS2_PLACEMENT_3D('',#2296,#2297,#2298);
#2300=PLANE('',#2299);
#2301=ORIENTED_EDGE('',*,*,#292,.F.);
#2302=CARTESIAN_POINT('',(-130.639193141,53.640661221,11.557459202));
#2303=CARTESIAN_POINT('',(-130.564657542,53.640661221,11.557459202));
#2304=CARTESIAN_POINT('',(-130.485968216,53.623065753,11.57505467));
#2305=CARTESIAN_POINT('',(-130.415586343,53.587874816,11.610245607));
#2306=CARTESIAN_POINT('',(-130.345204471,53.55268388,11.645436543));
#2307=CARTESIAN_POINT('',(-130.283914501,53.5002897,11.697830723));
#2308=CARTESIAN_POINT('',(-130.239193141,53.440661221,11.757459202));
#2309=B_SPLINE_CURVE_WITH_KNOTS('',3,(#2302,#2303,#2304,#2305,#2306,#2307,#2308),.UNSPECIFIED.,.F.,.F.,(4,3,4),(3.141592654,3.605240263,4.068887871),.UNSPECIFIED.);
#2310=EDGE_CURVE('NONE',#279,#1361,#2309,.T.);
#2311=ORIENTED_EDGE('',*,*,#2310,.T.);
#2312=ORIENTED_EDGE('',*,*,#1366,.F.);
#2313=CARTESIAN_POINT('',(-141.5198,53.640661221,11.557459202));
#2314=CARTESIAN_POINT('',(-141.5198,53.573994554,11.624125869));
#2315=CARTESIAN_POINT('',(-141.5198,53.507327888,11.690792535));
#2316=CARTESIAN_POINT('',(-141.5198,53.440661221,11.757459202));
#2317=B_SPLINE_CURVE_WITH_KNOTS('',3,(#2313,#2314,#2315,#2316),.UNSPECIFIED.,.F.,.F.,(4,4),(0.,0.282842712),.UNSPECIFIED.);
#2318=EDGE_CURVE('NONE',#287,#1353,#2317,.T.);
#2319=ORIENTED_EDGE('',*,*,#2318,.F.);
#2320=EDGE_LOOP('',(#2301,#2311,#2312,#2319));
#2321=FACE_BOUND('',#2320,.T.);
#2322=ADVANCED_FACE('NONE',(#2321),#2300,.T.);
#2323=CARTESIAN_POINT('',(-141.5198,48.440661221,11.557459202));
#2324=DIRECTION('',(0.,0.,-1.));
#2325=DIRECTION('',(-1.,0.,0.));
#2326=AXIS2_PLACEMENT_3D('',#2323,#2324,#2325);
#2327=CONICAL_SURFACE('',#2326,5.2,44.999999949);
#2328=ORIENTED_EDGE('',*,*,#2318,.T.);
#2329=ORIENTED_EDGE('',*,*,#1644,.F.);
#2330=CARTESIAN_POINT('',(-146.7198,48.440661221,11.557459202));
#2331=DIRECTION('',(0.707106781,-0.,0.707106781));
#2332=VECTOR('',#2331,0.282842712);
#2333=LINE('',#2330,#2332);
#2334=EDGE_CURVE('NONE',#295,#1161,#2333,.T.);
#2335=ORIENTED_EDGE('',*,*,#2334,.F.);
#2336=ORIENTED_EDGE('',*,*,#301,.F.);
#2337=EDGE_LOOP('',(#2328,#2329,#2335,#2336));
#2338=FACE_BOUND('',#2337,.T.);
#2339=ADVANCED_FACE('NONE',(#2338),#2327,.F.);
#2340=CARTESIAN_POINT('',(-146.5198,25.368636221,11.757459202));
#2341=DIRECTION('',(0.707106781,0.,-0.707106781));
#2342=DIRECTION('',(0.,-1.,0.));
#2343=AXIS2_PLACEMENT_3D('',#2340,#2341,#2342);
#2344=PLANE('',#2343);
#2345=ORIENTED_EDGE('',*,*,#2334,.T.);
#2346=ORIENTED_EDGE('',*,*,#1166,.F.);
#2347=CARTESIAN_POINT('',(-146.7198,3.2,11.557459202));
#2348=DIRECTION('',(0.707106781,0.,0.707106781));
#2349=VECTOR('',#2348,0.282842712);
#2350=LINE('',#2347,#2349);
#2351=EDGE_CURVE('NONE',#304,#1153,#2350,.T.);
#2352=ORIENTED_EDGE('',*,*,#2351,.F.);
#2353=ORIENTED_EDGE('',*,*,#309,.F.);
#2354=EDGE_LOOP('',(#2345,#2346,#2352,#2353));
#2355=FACE_BOUND('',#2354,.T.);
#2356=ADVANCED_FACE('NONE',(#2355),#2344,.T.);
#2357=CARTESIAN_POINT('',(-72.8099,53.440661221,11.757459202));
#2358=DIRECTION('',(0.,-0.707106781,-0.707106781));
#2359=DIRECTION('',(0.,-0.707106781,0.707106781));
#2360=AXIS2_PLACEMENT_3D('',#2357,#2358,#2359);
#2361=PLANE('',#2360);
#2362=ORIENTED_EDGE('',*,*,#1334,.F.);
#2363=CARTESIAN_POINT('',(-117.639193141,53.440661221,11.757459202));
#2364=CARTESIAN_POINT('',(-117.594471781,53.5002897,11.697830723));
#2365=CARTESIAN_POINT('',(-117.533181811,53.55268388,11.645436543));
#2366=CARTESIAN_POINT('',(-117.462799939,53.587874816,11.610245607));
#2367=CARTESIAN_POINT('',(-117.392418066,53.623065753,11.57505467));
#2368=CARTESIAN_POINT('',(-117.31372874,53.640661221,11.557459202));
#2369=CARTESIAN_POINT('',(-117.239193141,53.640661221,11.557459202));
#2370=B_SPLINE_CURVE_WITH_KNOTS('',3,(#2363,#2364,#2365,#2366,#2367,#2368,#2369),.UNSPECIFIED.,.F.,.F.,(4,3,4),(2.214297436,2.677945045,3.141592654),.UNSPECIFIED.);
#2371=EDGE_CURVE('NONE',#1320,#1096,#2370,.T.);
#2372=ORIENTED_EDGE('',*,*,#2371,.T.);
#2373=ORIENTED_EDGE('',*,*,#1101,.F.);
#2374=CARTESIAN_POINT('',(141.7198,53.440661221,11.757459202));
#2375=DIRECTION('',(0.,0.707106781,-0.707106782));
#2376=VECTOR('',#2375,0.282842712);
#2377=LINE('',#2374,#2376);
#2378=EDGE_CURVE('NONE',#1329,#1087,#2377,.T.);
#2379=ORIENTED_EDGE('',*,*,#2378,.F.);
#2380=EDGE_LOOP('',(#2362,#2372,#2373,#2379));
#2381=FACE_BOUND('',#2380,.T.);
#2382=ADVANCED_FACE('NONE',(#2381),#2361,.T.);
#2383=CARTESIAN_POINT('',(141.7198,48.440661221,11.557459202));
#2384=DIRECTION('',(0.,0.,-1.));
#2385=DIRECTION('',(-1.,0.,0.));
#2386=AXIS2_PLACEMENT_3D('',#2383,#2384,#2385);
#2387=CONICAL_SURFACE('',#2386,5.2,44.999999949);
#2388=ORIENTED_EDGE('',*,*,#2378,.T.);
#2389=ORIENTED_EDGE('',*,*,#1093,.F.);
#2390=CARTESIAN_POINT('',(146.7198,48.440661221,11.757459202));
#2391=DIRECTION('',(0.707106781,-0.,-0.707106781));
#2392=VECTOR('',#2391,0.282842712);
#2393=LINE('',#2390,#2392);
#2394=EDGE_CURVE('NONE',#695,#1079,#2393,.T.);
#2395=ORIENTED_EDGE('',*,*,#2394,.F.);
#2396=ORIENTED_EDGE('',*,*,#1620,.F.);
#2397=EDGE_LOOP('',(#2388,#2389,#2395,#2396));
#2398=FACE_BOUND('',#2397,.T.);
#2399=ADVANCED_FACE('NONE',(#2398),#2387,.F.);
#2400=CARTESIAN_POINT('',(146.7198,25.368636221,11.757459202));
#2401=DIRECTION('',(-0.707106781,0.,-0.707106781));
#2402=DIRECTION('',(-0.707106781,0.,0.707106781));
#2403=AXIS2_PLACEMENT_3D('',#2400,#2401,#2402);
#2404=PLANE('',#2403);
#2405=ORIENTED_EDGE('',*,*,#2394,.T.);
#2406=ORIENTED_EDGE('',*,*,#1084,.F.);
#2407=CARTESIAN_POINT('',(146.9198,16.796611221,11.557459202));
#2408=DIRECTION('',(-0.577350269,0.577350269,0.577350269));
#2409=VECTOR('',#2408,0.346410162);
#2410=LINE('',#2407,#2409);
#2411=EDGE_CURVE('NONE',#1071,#677,#2410,.T.);
#2412=ORIENTED_EDGE('',*,*,#2411,.T.);
#2413=ORIENTED_EDGE('',*,*,#706,.F.);
#2414=EDGE_LOOP('',(#2405,#2406,#2412,#2413));
#2415=FACE_BOUND('',#2414,.T.);
#2416=ADVANCED_FACE('NONE',(#2415),#2404,.T.);
#2417=CARTESIAN_POINT('',(143.9198,-2.003388779,11.757459202));
#2418=DIRECTION('',(0.707106781,0.,0.707106781));
#2419=DIRECTION('',(0.,-1.,0.));
#2420=AXIS2_PLACEMENT_3D('',#2417,#2418,#2419);
#2421=PLANE('',#2420);
#2422=ORIENTED_EDGE('',*,*,#1060,.F.);
#2423=CARTESIAN_POINT('',(144.1198,0.,11.557459202));
#2424=DIRECTION('',(-0.707106781,-0.,0.707106781));
#2425=VECTOR('',#2424,0.282842712);
#2426=LINE('',#2423,#2425);
#2427=EDGE_CURVE('NONE',#1047,#345,#2426,.T.);
#2428=ORIENTED_EDGE('',*,*,#2427,.T.);
#2429=ORIENTED_EDGE('',*,*,#388,.F.);
#2430=CARTESIAN_POINT('',(144.1198,16.413768509,11.557459202));
#2431=DIRECTION('',(-0.678598345,0.281084637,0.678598344));
#2432=VECTOR('',#2431,0.294725152);
#2433=LINE('',#2430,#2432);
#2434=EDGE_CURVE('NONE',#1055,#377,#2433,.T.);
#2435=ORIENTED_EDGE('',*,*,#2434,.F.);
#2436=EDGE_LOOP('',(#2422,#2428,#2429,#2435));
#2437=FACE_BOUND('',#2436,.T.);
#2438=ADVANCED_FACE('NONE',(#2437),#2421,.F.);
#2439=CARTESIAN_POINT('',(144.4198,16.996611221,11.757459202));
#2440=DIRECTION('',(-0.5,0.5,-0.707106781));
#2441=DIRECTION('',(-0.816496581,-0.,0.577350269));
#2442=AXIS2_PLACEMENT_3D('',#2439,#2440,#2441);
#2443=PLANE('',#2442);
#2444=ORIENTED_EDGE('',*,*,#2434,.T.);
#2445=ORIENTED_EDGE('',*,*,#1793,.F.);
#2446=CARTESIAN_POINT('',(144.502642712,16.796611221,11.557459202));
#2447=DIRECTION('',(-0.281084636,0.678598345,0.678598345));
#2448=VECTOR('',#2447,0.294725152);
#2449=LINE('',#2446,#2448);
#2450=EDGE_CURVE('NONE',#1063,#1759,#2449,.T.);
#2451=ORIENTED_EDGE('',*,*,#2450,.F.);
#2452=ORIENTED_EDGE('',*,*,#1068,.F.);
#2453=EDGE_LOOP('',(#2444,#2445,#2451,#2452));
#2454=FACE_BOUND('',#2453,.T.);
#2455=ADVANCED_FACE('NONE',(#2454),#2443,.T.);
#2456=CARTESIAN_POINT('',(146.2198,16.996611221,11.757459202));
#2457=DIRECTION('',(0.,-0.707106781,0.707106781));
#2458=DIRECTION('',(-1.,0.,0.));
#2459=AXIS2_PLACEMENT_3D('',#2456,#2457,#2458);
#2460=PLANE('',#2459);
#2461=ORIENTED_EDGE('',*,*,#2411,.F.);
#2462=ORIENTED_EDGE('',*,*,#1076,.F.);
#2463=ORIENTED_EDGE('',*,*,#2450,.T.);
#2464=ORIENTED_EDGE('',*,*,#1764,.F.);
#2465=EDGE_LOOP('',(#2461,#2462,#2463,#2464));
#2466=FACE_BOUND('',#2465,.T.);
#2467=ADVANCED_FACE('NONE',(#2466),#2460,.F.);
#2468=CARTESIAN_POINT('',(146.5198,-2.003388779,24.457459202));
#2469=DIRECTION('',(-0.707106781,0.,-0.707106781));
#2470=DIRECTION('',(-0.707106781,0.,0.707106781));
#2471=AXIS2_PLACEMENT_3D('',#2468,#2469,#2470);
#2472=PLANE('',#2471);
#2473=ORIENTED_EDGE('',*,*,#1755,.F.);
#2474=ORIENTED_EDGE('',*,*,#774,.F.);
#2475=CARTESIAN_POINT('',(146.7198,48.440661221,24.257459202));
#2476=CARTESIAN_POINT('',(146.653133333,48.440661221,24.324125869));
#2477=CARTESIAN_POINT('',(146.586466667,48.440661221,24.390792535));
#2478=CARTESIAN_POINT('',(146.5198,48.440661221,24.457459202));
#2479=B_SPLINE_CURVE_WITH_KNOTS('',3,(#2475,#2476,#2477,#2478),.UNSPECIFIED.,.F.,.F.,(4,4),(0.,0.282842712),.UNSPECIFIED.);
#2480=EDGE_CURVE('NONE',#687,#760,#2479,.T.);
#2481=ORIENTED_EDGE('',*,*,#2480,.F.);
#2482=ORIENTED_EDGE('',*,*,#692,.F.);
#2483=EDGE_LOOP('',(#2473,#2474,#2481,#2482));
#2484=FACE_BOUND('',#2483,.T.);
#2485=ADVANCED_FACE('NONE',(#2484),#2472,.T.);
#2486=CARTESIAN_POINT('',(141.7198,48.440661221,24.257459202));
#2487=DIRECTION('',(0.,0.,-1.));
#2488=DIRECTION('',(-1.,0.,0.));
#2489=AXIS2_PLACEMENT_3D('',#2486,#2487,#2488);
#2490=CONICAL_SURFACE('',#2489,5.,44.999999949);
#2491=ORIENTED_EDGE('',*,*,#2480,.T.);
#2492=ORIENTED_EDGE('',*,*,#766,.F.);
#2493=CARTESIAN_POINT('',(141.7198,53.440661221,24.257459202));
#2494=DIRECTION('',(0.,-0.707106781,0.707106781));
#2495=VECTOR('',#2494,0.282842713);
#2496=LINE('',#2493,#2495);
#2497=EDGE_CURVE('NONE',#1337,#752,#2496,.T.);
#2498=ORIENTED_EDGE('',*,*,#2497,.F.);
#2499=ORIENTED_EDGE('',*,*,#1612,.F.);
#2500=EDGE_LOOP('',(#2491,#2492,#2498,#2499));
#2501=FACE_BOUND('',#2500,.T.);
#2502=ADVANCED_FACE('NONE',(#2501),#2490,.F.);
#2503=CARTESIAN_POINT('',(-72.8099,53.440661221,24.257459202));
#2504=DIRECTION('',(0.,-0.707106781,-0.707106781));
#2505=DIRECTION('',(0.,-0.707106781,0.707106781));
#2506=AXIS2_PLACEMENT_3D('',#2503,#2504,#2505);
#2507=PLANE('',#2506);
#2508=ORIENTED_EDGE('',*,*,#2497,.T.);
#2509=ORIENTED_EDGE('',*,*,#757,.F.);
#2510=CARTESIAN_POINT('',(-141.5198,53.440661221,24.257459202));
#2511=CARTESIAN_POINT('',(-141.5198,53.373994554,24.324125869));
#2512=CARTESIAN_POINT('',(-141.5198,53.307327888,24.390792535));
#2513=CARTESIAN_POINT('',(-141.5198,53.240661221,24.457459202));
#2514=B_SPLINE_CURVE_WITH_KNOTS('',3,(#2510,#2511,#2512,#2513),.UNSPECIFIED.,.F.,.F.,(4,4),(0.,0.282842712),.UNSPECIFIED.);
#2515=EDGE_CURVE('NONE',#1345,#743,#2514,.T.);
#2516=ORIENTED_EDGE('',*,*,#2515,.F.);
#2517=ORIENTED_EDGE('',*,*,#1350,.F.);
#2518=EDGE_LOOP('',(#2508,#2509,#2516,#2517));
#2519=FACE_BOUND('',#2518,.T.);
#2520=ADVANCED_FACE('NONE',(#2519),#2507,.T.);
#2521=CARTESIAN_POINT('',(-141.5198,48.440661221,24.257459202));
#2522=DIRECTION('',(0.,0.,-1.));
#2523=DIRECTION('',(-1.,0.,0.));
#2524=AXIS2_PLACEMENT_3D('',#2521,#2522,#2523);
#2525=CONICAL_SURFACE('',#2524,5.,44.999999949);
#2526=ORIENTED_EDGE('',*,*,#2515,.T.);
#2527=ORIENTED_EDGE('',*,*,#749,.F.);
#2528=CARTESIAN_POINT('',(-146.5198,48.440661221,24.257459202));
#2529=DIRECTION('',(0.707106781,-0.,0.707106781));
#2530=VECTOR('',#2529,0.282842713);
#2531=LINE('',#2528,#2530);
#2532=EDGE_CURVE('NONE',#1169,#735,#2531,.T.);
#2533=ORIENTED_EDGE('',*,*,#2532,.F.);
#2534=ORIENTED_EDGE('',*,*,#1636,.F.);
#2535=EDGE_LOOP('',(#2526,#2527,#2533,#2534));
#2536=FACE_BOUND('',#2535,.T.);
#2537=ADVANCED_FACE('NONE',(#2536),#2525,.F.);
#2538=CARTESIAN_POINT('',(-146.5198,25.368636221,24.257459202));
#2539=DIRECTION('',(0.707106781,0.,-0.707106781));
#2540=DIRECTION('',(0.,-1.,0.));
#2541=AXIS2_PLACEMENT_3D('',#2538,#2539,#2540);
#2542=PLANE('',#2541);
#2543=CARTESIAN_POINT('',(-146.5198,0.,24.257459202));
#2544=VERTEX_POINT('',#2543);
#2545=CARTESIAN_POINT('',(-146.5198,0.,24.257459202));
#2546=DIRECTION('',(0.707106781,0.,0.707106781));
#2547=VECTOR('',#2546,0.282842712);
#2548=LINE('',#2545,#2547);
#2549=EDGE_CURVE('NONE',#2544,#727,#2548,.T.);
#2550=ORIENTED_EDGE('',*,*,#2549,.F.);
#2551=CARTESIAN_POINT('',(-146.5198,2.315943492,24.257459202));
#2552=DIRECTION('',(-0.,-1.,-0.));
#2553=VECTOR('',#2552,2.315943492);
#2554=LINE('',#2551,#2553);
#2555=EDGE_CURVE('',#1177,#2544,#2554,.T.);
#2556=ORIENTED_EDGE('',*,*,#2555,.F.);
#2557=ORIENTED_EDGE('',*,*,#1182,.F.);
#2558=ORIENTED_EDGE('',*,*,#2532,.T.);
#2559=ORIENTED_EDGE('',*,*,#740,.F.);
#2560=EDGE_LOOP('',(#2550,#2556,#2557,#2558,#2559));
#2561=FACE_BOUND('',#2560,.T.);
#2562=ADVANCED_FACE('NONE',(#2561),#2542,.T.);
#2563=CARTESIAN_POINT('',(-130.139193141,54.040661221,17.067267871));
#2564=DIRECTION('',(-0.707106781,-0.707106781,0.));
#2565=DIRECTION('',(-0.707106781,0.707106781,0.));
#2566=AXIS2_PLACEMENT_3D('',#2563,#2564,#2565);
#2567=PLANE('',#2566);
#2568=ORIENTED_EDGE('',*,*,#1432,.F.);
#2569=CARTESIAN_POINT('',(-130.139193141,54.040661221,12.057459202));
#2570=CARTESIAN_POINT('',(-130.139193141,54.040661221,11.994453233));
#2571=CARTESIAN_POINT('',(-130.151561312,54.053029392,11.929019373));
#2572=CARTESIAN_POINT('',(-130.176297655,54.077765735,11.868441296));
#2573=CARTESIAN_POINT('',(-130.201033998,54.102502078,11.807863219));
#2574=CARTESIAN_POINT('',(-130.238002289,54.139470369,11.752474527));
#2575=CARTESIAN_POINT('',(-130.282104217,54.183572297,11.70747706));
#2576=B_SPLINE_CURVE_WITH_KNOTS('',3,(#2569,#2570,#2571,#2572,#2573,#2574,#2575),.UNSPECIFIED.,.F.,.F.,(4,3,4),(0.,0.387673743,0.775347487),.UNSPECIFIED.);
#2577=EDGE_CURVE('NONE',#1419,#1494,#2576,.T.);
#2578=ORIENTED_EDGE('',*,*,#2577,.T.);
#2579=ORIENTED_EDGE('',*,*,#1499,.F.);
#2580=ORIENTED_EDGE('',*,*,#1573,.F.);
#2581=CARTESIAN_POINT('',(-130.139193143,54.040661219,16.766606155));
#2582=DIRECTION('',(-0.707106781,0.707106782,-0.));
#2583=VECTOR('',#2582,2.404163056);
#2584=LINE('',#2581,#2583);
#2585=EDGE_CURVE('NONE',#1427,#1561,#2584,.T.);
#2586=ORIENTED_EDGE('',*,*,#2585,.F.);
#2587=EDGE_LOOP('',(#2568,#2578,#2579,#2580,#2586));
#2588=FACE_BOUND('',#2587,.T.);
#2589=ADVANCED_FACE('NONE',(#2588),#2567,.F.);
#2590=CARTESIAN_POINT('',(-127.639193141,55.740661221,16.766606155));
#2591=DIRECTION('',(0.,1.,0.));
#2592=DIRECTION('',(0.,-0.,1.));
#2593=AXIS2_PLACEMENT_3D('',#2590,#2591,#2592);
#2594=CONICAL_SURFACE('',#2593,4.2,44.999999949);
#2595=ORIENTED_EDGE('',*,*,#2585,.T.);
#2596=ORIENTED_EDGE('',*,*,#1567,.F.);
#2597=CARTESIAN_POINT('',(-127.639193141,54.040661221,19.266606155));
#2598=DIRECTION('',(-0.,0.707106781,0.707106781));
#2599=VECTOR('',#2598,2.404163056);
#2600=LINE('',#2597,#2599);
#2601=EDGE_CURVE('NONE',#1804,#1553,#2600,.T.);
#2602=ORIENTED_EDGE('',*,*,#2601,.F.);
#2603=ORIENTED_EDGE('',*,*,#1889,.F.);
#2604=EDGE_LOOP('',(#2595,#2596,#2602,#2603));
#2605=FACE_BOUND('',#2604,.T.);
#2606=ADVANCED_FACE('NONE',(#2605),#2594,.F.);
#2607=CARTESIAN_POINT('',(-74.8099,55.740661221,20.966606155));
#2608=DIRECTION('',(0.,-0.707106781,0.707106781));
#2609=DIRECTION('',(-1.,0.,0.));
#2610=AXIS2_PLACEMENT_3D('',#2607,#2608,#2609);
#2611=PLANE('',#2610);
#2612=ORIENTED_EDGE('',*,*,#2601,.T.);
#2613=ORIENTED_EDGE('',*,*,#1558,.F.);
#2614=CARTESIAN_POINT('',(-120.239193141,54.040661219,19.266606157));
#2615=DIRECTION('',(0.,0.707106782,0.707106781));
#2616=VECTOR('',#2615,2.404163056);
#2617=LINE('',#2614,#2616);
#2618=EDGE_CURVE('NONE',#1812,#1544,#2617,.T.);
#2619=ORIENTED_EDGE('',*,*,#2618,.F.);
#2620=ORIENTED_EDGE('',*,*,#1817,.F.);
#2621=EDGE_LOOP('',(#2612,#2613,#2619,#2620));
#2622=FACE_BOUND('',#2621,.T.);
#2623=ADVANCED_FACE('NONE',(#2622),#2611,.F.);
#2624=CARTESIAN_POINT('',(-120.239193141,55.740661221,16.766606155));
#2625=DIRECTION('',(0.,1.,0.));
#2626=DIRECTION('',(0.,-0.,1.));
#2627=AXIS2_PLACEMENT_3D('',#2624,#2625,#2626);
#2628=CONICAL_SURFACE('',#2627,4.2,44.999999949);
#2629=ORIENTED_EDGE('',*,*,#2618,.T.);
#2630=ORIENTED_EDGE('',*,*,#1550,.F.);
#2631=CARTESIAN_POINT('',(-117.739193141,54.040661221,16.766606155));
#2632=DIRECTION('',(0.707106781,0.707106781,0.));
#2633=VECTOR('',#2632,2.404163056);
#2634=LINE('',#2631,#2633);
#2635=EDGE_CURVE('NONE',#1835,#1536,#2634,.T.);
#2636=ORIENTED_EDGE('',*,*,#2635,.F.);
#2637=ORIENTED_EDGE('',*,*,#1871,.F.);
#2638=EDGE_LOOP('',(#2629,#2630,#2636,#2637));
#2639=FACE_BOUND('',#2638,.T.);
#2640=ADVANCED_FACE('NONE',(#2639),#2628,.F.);
#2641=CARTESIAN_POINT('',(-116.039193141,55.740661221,24.957459202));
#2642=DIRECTION('',(0.707106781,-0.707106781,0.));
#2643=DIRECTION('',(0.,0.,-1.));
#2644=AXIS2_PLACEMENT_3D('',#2641,#2642,#2643);
#2645=PLANE('',#2644);
#2646=ORIENTED_EDGE('',*,*,#1467,.F.);
#2647=CARTESIAN_POINT('',(-117.596282065,54.183572297,11.70747706));
#2648=CARTESIAN_POINT('',(-117.640383993,54.139470369,11.752474527));
#2649=CARTESIAN_POINT('',(-117.677352284,54.102502078,11.807863219));
#2650=CARTESIAN_POINT('',(-117.702088627,54.077765735,11.868441296));
#2651=CARTESIAN_POINT('',(-117.72682497,54.053029392,11.929019373));
#2652=CARTESIAN_POINT('',(-117.739193141,54.040661221,11.994453233));
#2653=CARTESIAN_POINT('',(-117.739193141,54.040661221,12.057459202));
#2654=B_SPLINE_CURVE_WITH_KNOTS('',3,(#2647,#2648,#2649,#2650,#2651,#2652,#2653),.UNSPECIFIED.,.F.,.F.,(4,3,4),(5.50783782,5.895511564,6.283185307),.UNSPECIFIED.);
#2655=EDGE_CURVE('NONE',#1450,#1837,#2654,.T.);
#2656=ORIENTED_EDGE('',*,*,#2655,.T.);
#2657=ORIENTED_EDGE('',*,*,#1842,.F.);
#2658=ORIENTED_EDGE('',*,*,#2635,.T.);
#2659=ORIENTED_EDGE('',*,*,#1541,.F.);
#2660=EDGE_LOOP('',(#2646,#2656,#2657,#2658,#2659));
#2661=FACE_BOUND('',#2660,.T.);
#2662=ADVANCED_FACE('NONE',(#2661),#2645,.F.);
#2663=CARTESIAN_POINT('',(-117.239193141,-0.803388779,12.057459202));
#2664=DIRECTION('',(0.,-1.,0.));
#2665=DIRECTION('',(0.,0.,-1.));
#2666=AXIS2_PLACEMENT_3D('',#2663,#2664,#2665);
#2667=CYLINDRICAL_SURFACE('',#2666,0.5);
#2668=ORIENTED_EDGE('',*,*,#1326,.F.);
#2669=ORIENTED_EDGE('',*,*,#1848,.F.);
#2670=ORIENTED_EDGE('',*,*,#2655,.F.);
#2671=ORIENTED_EDGE('',*,*,#1459,.F.);
#2672=ORIENTED_EDGE('',*,*,#1109,.F.);
#2673=ORIENTED_EDGE('',*,*,#2371,.F.);
#2674=EDGE_LOOP('',(#2668,#2669,#2670,#2671,#2672,#2673));
#2675=FACE_BOUND('',#2674,.T.);
#2676=ADVANCED_FACE('NONE',(#2675),#2667,.T.);
#2677=CARTESIAN_POINT('',(-130.639193141,49.740661221,12.057459202));
#2678=DIRECTION('',(0.,-1.,0.));
#2679=DIRECTION('',(0.,0.,-1.));
#2680=AXIS2_PLACEMENT_3D('',#2677,#2678,#2679);
#2681=CYLINDRICAL_SURFACE('',#2680,0.5);
#2682=ORIENTED_EDGE('',*,*,#2310,.F.);
#2683=ORIENTED_EDGE('',*,*,#284,.F.);
#2684=ORIENTED_EDGE('',*,*,#1509,.F.);
#2685=ORIENTED_EDGE('',*,*,#2577,.F.);
#2686=ORIENTED_EDGE('',*,*,#1424,.F.);
#2687=ORIENTED_EDGE('',*,*,#1375,.F.);
#2688=EDGE_LOOP('',(#2682,#2683,#2684,#2685,#2686,#2687));
#2689=FACE_BOUND('',#2688,.T.);
#2690=ADVANCED_FACE('NONE',(#2689),#2681,.T.);
#2691=CARTESIAN_POINT('',(141.9198,44.240661221,29.657459202));
#2692=DIRECTION('',(0.,0.,1.));
#2693=DIRECTION('',(1.,0.,-0.));
#2694=AXIS2_PLACEMENT_3D('',#2691,#2692,#2693);
#2695=CONICAL_SURFACE('',#2694,2.,44.999999949);
#2696=CARTESIAN_POINT('',(141.9198,46.240661221,29.657459202));
#2697=DIRECTION('',(0.,0.707106781,0.707106781));
#2698=VECTOR('',#2697,0.848528137);
#2699=LINE('',#2696,#2698);
#2700=EDGE_CURVE('NONE',#525,#476,#2699,.T.);
#2701=ORIENTED_EDGE('',*,*,#2700,.F.);
#2702=ORIENTED_EDGE('',*,*,#1668,.F.);
#2703=CARTESIAN_POINT('',(144.5198,44.240661221,30.257459202));
#2704=DIRECTION('',(-0.707106781,0.,-0.707106781));
#2705=VECTOR('',#2704,0.848528137);
#2706=LINE('',#2703,#2705);
#2707=EDGE_CURVE('NONE',#484,#353,#2706,.T.);
#2708=ORIENTED_EDGE('',*,*,#2707,.F.);
#2709=ORIENTED_EDGE('',*,*,#490,.F.);
#2710=EDGE_LOOP('',(#2701,#2702,#2708,#2709));
#2711=FACE_BOUND('',#2710,.T.);
#2712=ADVANCED_FACE('NONE',(#2711),#2695,.F.);
#2713=CARTESIAN_POINT('',(144.5198,-2.003388779,30.257459202));
#2714=DIRECTION('',(0.707106781,0.,-0.707106781));
#2715=DIRECTION('',(0.,-1.,0.));
#2716=AXIS2_PLACEMENT_3D('',#2713,#2714,#2715);
#2717=PLANE('',#2716);
#2718=ORIENTED_EDGE('',*,*,#358,.F.);
#2719=CARTESIAN_POINT('',(143.9198,0.,29.657459202));
#2720=DIRECTION('',(0.707106781,-0.,0.707106781));
#2721=VECTOR('',#2720,0.848528137);
#2722=LINE('',#2719,#2721);
#2723=EDGE_CURVE('NONE',#343,#401,#2722,.T.);
#2724=ORIENTED_EDGE('',*,*,#2723,.T.);
#2725=ORIENTED_EDGE('',*,*,#496,.F.);
#2726=ORIENTED_EDGE('',*,*,#2707,.T.);
#2727=EDGE_LOOP('',(#2718,#2724,#2725,#2726));
#2728=FACE_BOUND('',#2727,.T.);
#2729=ADVANCED_FACE('NONE',(#2728),#2717,.F.);
#2730=CARTESIAN_POINT('',(0.3,46.840661221,30.257459202));
#2731=DIRECTION('',(0.,0.707106781,-0.707106781));
#2732=DIRECTION('',(-1.,0.,0.));
#2733=AXIS2_PLACEMENT_3D('',#2730,#2731,#2732);
#2734=PLANE('',#2733);
#2735=ORIENTED_EDGE('',*,*,#2700,.T.);
#2736=ORIENTED_EDGE('',*,*,#481,.F.);
#2737=CARTESIAN_POINT('',(-141.3198,46.240661221,29.657459202));
#2738=CARTESIAN_POINT('',(-141.3198,46.440661221,29.857459202));
#2739=CARTESIAN_POINT('',(-141.3198,46.64066122,30.057459202));
#2740=CARTESIAN_POINT('',(-141.319799999,46.84066122,30.257459202));
#2741=B_SPLINE_CURVE_WITH_KNOTS('',3,(#2737,#2738,#2739,#2740),.UNSPECIFIED.,.F.,.F.,(4,4),(0.,0.848528137),.UNSPECIFIED.);
#2742=EDGE_CURVE('NONE',#507,#467,#2741,.T.);
#2743=ORIENTED_EDGE('',*,*,#2742,.F.);
#2744=ORIENTED_EDGE('',*,*,#536,.F.);
#2745=EDGE_LOOP('',(#2735,#2736,#2743,#2744));
#2746=FACE_BOUND('',#2745,.T.);
#2747=ADVANCED_FACE('NONE',(#2746),#2734,.F.);
#2748=CARTESIAN_POINT('',(-141.3198,44.240661221,29.657459202));
#2749=DIRECTION('',(0.,0.,1.));
#2750=DIRECTION('',(1.,0.,-0.));
#2751=AXIS2_PLACEMENT_3D('',#2748,#2749,#2750);
#2752=CONICAL_SURFACE('',#2751,2.,44.999999949);
#2753=ORIENTED_EDGE('',*,*,#2742,.T.);
#2754=ORIENTED_EDGE('',*,*,#473,.F.);
#2755=CARTESIAN_POINT('',(-143.3198,44.240661221,29.657459202));
#2756=DIRECTION('',(-0.707106781,0.,0.707106781));
#2757=VECTOR('',#2756,0.848528137);
#2758=LINE('',#2755,#2757);
#2759=EDGE_CURVE('NONE',#913,#459,#2758,.T.);
#2760=ORIENTED_EDGE('',*,*,#2759,.F.);
#2761=ORIENTED_EDGE('',*,*,#1692,.F.);
#2762=EDGE_LOOP('',(#2753,#2754,#2760,#2761));
#2763=FACE_BOUND('',#2762,.T.);
#2764=ADVANCED_FACE('NONE',(#2763),#2752,.F.);
#2765=CARTESIAN_POINT('',(-143.9198,-2.003388779,30.257459202));
#2766=DIRECTION('',(-0.707106781,0.,-0.707106781));
#2767=DIRECTION('',(-0.707106781,0.,0.707106781));
#2768=AXIS2_PLACEMENT_3D('',#2765,#2766,#2767);
#2769=PLANE('',#2768);
#2770=ORIENTED_EDGE('',*,*,#464,.F.);
#2771=CARTESIAN_POINT('',(-143.9198,0.,30.257459202));
#2772=DIRECTION('',(0.707106781,-0.,-0.707106781));
#2773=VECTOR('',#2772,0.848528137);
#2774=LINE('',#2771,#2773);
#2775=EDGE_CURVE('NONE',#451,#897,#2774,.T.);
#2776=ORIENTED_EDGE('',*,*,#2775,.T.);
#2777=ORIENTED_EDGE('',*,*,#924,.F.);
#2778=ORIENTED_EDGE('',*,*,#2759,.T.);
#2779=EDGE_LOOP('',(#2770,#2776,#2777,#2778));
#2780=FACE_BOUND('',#2779,.T.);
#2781=ADVANCED_FACE('NONE',(#2780),#2769,.F.);
#2782=CARTESIAN_POINT('',(-143.3198,-2.003388779,24.657459202));
#2783=DIRECTION('',(0.707106781,0.,-0.707106781));
#2784=DIRECTION('',(0.,-1.,0.));
#2785=AXIS2_PLACEMENT_3D('',#2782,#2783,#2784);
#2786=PLANE('',#2785);
#2787=CARTESIAN_POINT('',(-143.5198,0.,24.457459202));
#2788=DIRECTION('',(0.707106781,0.,0.707106781));
#2789=VECTOR('',#2788,0.282842712);
#2790=LINE('',#2787,#2789);
#2791=EDGE_CURVE('NONE',#719,#895,#2790,.T.);
#2792=ORIENTED_EDGE('',*,*,#2791,.F.);
#2793=ORIENTED_EDGE('',*,*,#724,.F.);
#2794=CARTESIAN_POINT('',(-143.3198,44.240661221,24.657459202));
#2795=DIRECTION('',(-0.707106781,0.,-0.707106782));
#2796=VECTOR('',#2795,0.282842712);
#2797=LINE('',#2794,#2796);
#2798=EDGE_CURVE('NONE',#905,#717,#2797,.T.);
#2799=ORIENTED_EDGE('',*,*,#2798,.F.);
#2800=ORIENTED_EDGE('',*,*,#910,.F.);
#2801=EDGE_LOOP('',(#2792,#2793,#2799,#2800));
#2802=FACE_BOUND('',#2801,.T.);
#2803=ADVANCED_FACE('NONE',(#2802),#2786,.T.);
#2804=CARTESIAN_POINT('',(-141.3198,44.240661221,24.457459202));
#2805=DIRECTION('',(0.,0.,-1.));
#2806=DIRECTION('',(-1.,0.,0.));
#2807=AXIS2_PLACEMENT_3D('',#2804,#2805,#2806);
#2808=CONICAL_SURFACE('',#2807,2.2,44.999999949);
#2809=ORIENTED_EDGE('',*,*,#2798,.T.);
#2810=ORIENTED_EDGE('',*,*,#822,.F.);
#2811=CARTESIAN_POINT('',(-141.3198,46.240661221,24.657459202));
#2812=DIRECTION('',(-0.,0.707106781,-0.707106781));
#2813=VECTOR('',#2812,0.282842712);
#2814=LINE('',#2811,#2813);
#2815=EDGE_CURVE('NONE',#509,#810,#2814,.T.);
#2816=ORIENTED_EDGE('',*,*,#2815,.F.);
#2817=ORIENTED_EDGE('',*,*,#1684,.F.);
#2818=EDGE_LOOP('',(#2809,#2810,#2816,#2817));
#2819=FACE_BOUND('',#2818,.T.);
#2820=ADVANCED_FACE('NONE',(#2819),#2808,.F.);
#2821=CARTESIAN_POINT('',(0.3,46.240661221,24.657459202));
#2822=DIRECTION('',(0.,-0.707106781,-0.707106781));
#2823=DIRECTION('',(0.,-0.707106781,0.707106781));
#2824=AXIS2_PLACEMENT_3D('',#2821,#2822,#2823);
#2825=PLANE('',#2824);
#2826=ORIENTED_EDGE('',*,*,#2815,.T.);
#2827=ORIENTED_EDGE('',*,*,#815,.F.);
#2828=CARTESIAN_POINT('',(141.9198,46.240661221,24.657459202));
#2829=DIRECTION('',(0.,0.707106781,-0.707106782));
#2830=VECTOR('',#2829,0.282842712);
#2831=LINE('',#2828,#2830);
#2832=EDGE_CURVE('NONE',#517,#801,#2831,.T.);
#2833=ORIENTED_EDGE('',*,*,#2832,.F.);
#2834=ORIENTED_EDGE('',*,*,#522,.F.);
#2835=EDGE_LOOP('',(#2826,#2827,#2833,#2834));
#2836=FACE_BOUND('',#2835,.T.);
#2837=ADVANCED_FACE('NONE',(#2836),#2825,.T.);
#2838=CARTESIAN_POINT('',(141.9198,44.240661221,24.457459202));
#2839=DIRECTION('',(0.,0.,-1.));
#2840=DIRECTION('',(-1.,0.,0.));
#2841=AXIS2_PLACEMENT_3D('',#2838,#2839,#2840);
#2842=CONICAL_SURFACE('',#2841,2.2,44.999999949);
#2843=ORIENTED_EDGE('',*,*,#2832,.T.);
#2844=ORIENTED_EDGE('',*,*,#807,.F.);
#2845=CARTESIAN_POINT('',(143.9198,44.240661221,24.657459202));
#2846=DIRECTION('',(0.707106781,-0.,-0.707106781));
#2847=VECTOR('',#2846,0.282842712);
#2848=LINE('',#2845,#2847);
#2849=EDGE_CURVE('NONE',#361,#793,#2848,.T.);
#2850=ORIENTED_EDGE('',*,*,#2849,.F.);
#2851=ORIENTED_EDGE('',*,*,#1660,.F.);
#2852=EDGE_LOOP('',(#2843,#2844,#2850,#2851));
#2853=FACE_BOUND('',#2852,.T.);
#2854=ADVANCED_FACE('NONE',(#2853),#2842,.F.);
#2855=CARTESIAN_POINT('',(143.9198,-2.003388779,24.657459202));
#2856=DIRECTION('',(-0.707106781,0.,-0.707106781));
#2857=DIRECTION('',(-0.707106781,0.,0.707106781));
#2858=AXIS2_PLACEMENT_3D('',#2855,#2856,#2857);
#2859=PLANE('',#2858);
#2860=ORIENTED_EDGE('',*,*,#2849,.T.);
#2861=ORIENTED_EDGE('',*,*,#798,.F.);
#2862=ORIENTED_EDGE('',*,*,#1785,.F.);
#2863=ORIENTED_EDGE('',*,*,#374,.F.);
#2864=EDGE_LOOP('',(#2860,#2861,#2862,#2863));
#2865=FACE_BOUND('',#2864,.T.);
#2866=ADVANCED_FACE('NONE',(#2865),#2859,.T.);
#2867=CARTESIAN_POINT('',(0.,0.,6.));
#2868=DIRECTION('',(0.,1.,0.));
#2869=DIRECTION('',(0.,0.,1.));
#2870=AXIS2_PLACEMENT_3D('',#2867,#2868,#2869);
#2871=PLANE('',#2870);
#2872=ORIENTED_EDGE('',*,*,#258,.T.);
#2873=CARTESIAN_POINT('',(-148.0698,0.,28.268790997));
#2874=VERTEX_POINT('',#2873);
#2875=CARTESIAN_POINT('',(-148.0698,0.,11.557459202));
#2876=DIRECTION('',(-0.,-0.,1.));
#2877=VECTOR('',#2876,16.711331795);
#2878=LINE('',#2875,#2877);
#2879=EDGE_CURVE('',#246,#2874,#2878,.T.);
#2880=ORIENTED_EDGE('',*,*,#2879,.T.);
#2881=CARTESIAN_POINT('',(-146.5198,0.,28.268790997));
#2882=VERTEX_POINT('',#2881);
#2883=CARTESIAN_POINT('',(-146.5198,0.,28.268790997));
#2884=DIRECTION('',(-1.,0.,0.));
#2885=VECTOR('',#2884,1.55);
#2886=LINE('',#2883,#2885);
#2887=EDGE_CURVE('NONE',#2882,#2874,#2886,.T.);
#2888=ORIENTED_EDGE('',*,*,#2887,.F.);
#2889=CARTESIAN_POINT('',(-146.5198,0.,28.268790997));
#2890=DIRECTION('',(-0.,-0.,-1.));
#2891=VECTOR('',#2890,4.011331795);
#2892=LINE('',#2889,#2891);
#2893=EDGE_CURVE('NONE',#2882,#2544,#2892,.T.);
#2894=ORIENTED_EDGE('',*,*,#2893,.T.);
#2895=ORIENTED_EDGE('',*,*,#2549,.T.);
#2896=ORIENTED_EDGE('',*,*,#732,.F.);
#2897=ORIENTED_EDGE('',*,*,#2791,.T.);
#2898=ORIENTED_EDGE('',*,*,#902,.T.);
#2899=ORIENTED_EDGE('',*,*,#2775,.F.);
#2900=ORIENTED_EDGE('',*,*,#456,.T.);
#2901=ORIENTED_EDGE('',*,*,#1269,.T.);
#2902=ORIENTED_EDGE('',*,*,#870,.F.);
#2903=ORIENTED_EDGE('',*,*,#123,.T.);
#2904=EDGE_LOOP('',(#2872,#2880,#2888,#2894,#2895,#2896,#2897,#2898,#2899,#2900,#2901,#2902,#2903));
#2905=FACE_BOUND('',#2904,.T.);
#2906=ADVANCED_FACE('NONE',(#2905),#2871,.F.);
#2907=CARTESIAN_POINT('',(0.,0.,6.));
#2908=DIRECTION('',(0.,1.,0.));
#2909=DIRECTION('',(0.,0.,1.));
#2910=AXIS2_PLACEMENT_3D('',#2907,#2908,#2909);
#2911=PLANE('',#2910);
#2912=ORIENTED_EDGE('',*,*,#1052,.T.);
#2913=CARTESIAN_POINT('',(145.5698,0.,28.271803699));
#2914=VERTEX_POINT('',#2913);
#2915=CARTESIAN_POINT('',(145.5698,0.,11.557459202));
#2916=DIRECTION('',(-0.,-0.,1.));
#2917=VECTOR('',#2916,16.714344497);
#2918=LINE('',#2915,#2917);
#2919=EDGE_CURVE('',#1038,#2914,#2918,.T.);
#2920=ORIENTED_EDGE('',*,*,#2919,.T.);
#2921=CARTESIAN_POINT('',(148.5698,0.,28.271803699));
#2922=VERTEX_POINT('',#2921);
#2923=CARTESIAN_POINT('',(148.5698,0.,28.271803699));
#2924=DIRECTION('',(-1.,0.,0.));
#2925=VECTOR('',#2924,3.);
#2926=LINE('',#2923,#2925);
#2927=EDGE_CURVE('NONE',#2922,#2914,#2926,.T.);
#2928=ORIENTED_EDGE('',*,*,#2927,.F.);
#2929=CARTESIAN_POINT('',(148.5698,0.,28.271803699));
#2930=DIRECTION('',(0.,0.,-1.));
#2931=VECTOR('',#2930,16.714344497);
#2932=LINE('',#2929,#2931);
#2933=EDGE_CURVE('',#2922,#1128,#2932,.T.);
#2934=ORIENTED_EDGE('',*,*,#2933,.T.);
#2935=ORIENTED_EDGE('',*,*,#1133,.T.);
#2936=ORIENTED_EDGE('',*,*,#168,.F.);
#2937=ORIENTED_EDGE('',*,*,#838,.T.);
#2938=ORIENTED_EDGE('',*,*,#1299,.F.);
#2939=ORIENTED_EDGE('',*,*,#406,.T.);
#2940=ORIENTED_EDGE('',*,*,#2723,.F.);
#2941=ORIENTED_EDGE('',*,*,#350,.T.);
#2942=ORIENTED_EDGE('',*,*,#2427,.F.);
#2943=EDGE_LOOP('',(#2912,#2920,#2928,#2934,#2935,#2936,#2937,#2938,#2939,#2940,#2941,#2942));
#2944=FACE_BOUND('',#2943,.T.);
#2945=ADVANCED_FACE('NONE',(#2944),#2911,.F.);
#2946=CARTESIAN_POINT('',(148.3698,1.69,34.664830493));
#2947=DIRECTION('',(0.,-1.,0.));
#2948=DIRECTION('',(0.,0.,-1.));
#2949=AXIS2_PLACEMENT_3D('',#2946,#2947,#2948);
#2950=PLANE('',#2949);
#2951=CARTESIAN_POINT('',(148.9698,1.69,25.344637834));
#2952=VERTEX_POINT('',#2951);
#2953=CARTESIAN_POINT('',(148.5698,1.69,25.344637834));
#2954=VERTEX_POINT('',#2953);
#2955=CARTESIAN_POINT('',(148.9698,1.69,25.344637834));
#2956=DIRECTION('',(-1.,0.,0.));
#2957=VECTOR('',#2956,0.4);
#2958=LINE('',#2955,#2957);
#2959=EDGE_CURVE('',#2952,#2954,#2958,.T.);
#2960=ORIENTED_EDGE('',*,*,#2959,.F.);
#2961=CARTESIAN_POINT('',(148.9698,1.69,25.344637834));
#2962=DIRECTION('',(0.,0.,-1.));
#2963=VECTOR('',#2962,13.787178632);
#2964=LINE('',#2961,#2963);
#2965=EDGE_CURVE('',#2952,#954,#2964,.T.);
#2966=ORIENTED_EDGE('',*,*,#2965,.T.);
#2967=ORIENTED_EDGE('',*,*,#959,.T.);
#2968=CARTESIAN_POINT('',(148.5698,1.69,11.557459202));
#2969=DIRECTION('',(-0.,-0.,1.));
#2970=VECTOR('',#2969,13.787178632);
#2971=LINE('',#2968,#2970);
#2972=EDGE_CURVE('',#945,#2954,#2971,.T.);
#2973=ORIENTED_EDGE('',*,*,#2972,.T.);
#2974=EDGE_LOOP('',(#2960,#2966,#2967,#2973));
#2975=FACE_BOUND('',#2974,.T.);
#2976=ADVANCED_FACE('NONE',(#2975),#2950,.F.);
#2977=CARTESIAN_POINT('',(149.1698,3.7,34.664830493));
#2978=DIRECTION('',(0.,1.,0.));
#2979=DIRECTION('',(-1.,0.,0.));
#2980=AXIS2_PLACEMENT_3D('',#2977,#2978,#2979);
#2981=PLANE('',#2980);
#2982=ORIENTED_EDGE('',*,*,#984,.T.);
#2983=CARTESIAN_POINT('',(148.9698,3.7,21.863215711));
#2984=VERTEX_POINT('',#2983);
#2985=CARTESIAN_POINT('',(148.9698,3.7,11.557459202));
#2986=DIRECTION('',(-0.,-0.,1.));
#2987=VECTOR('',#2986,10.305756509);
#2988=LINE('',#2985,#2987);
#2989=EDGE_CURVE('',#970,#2984,#2988,.T.);
#2990=ORIENTED_EDGE('',*,*,#2989,.T.);
#2991=CARTESIAN_POINT('',(145.1698,3.7,21.863215711));
#2992=VERTEX_POINT('',#2991);
#2993=CARTESIAN_POINT('',(145.1698,3.7,21.863215711));
#2994=DIRECTION('',(1.,-0.,0.));
#2995=VECTOR('',#2994,3.8);
#2996=LINE('',#2993,#2995);
#2997=EDGE_CURVE('',#2992,#2984,#2996,.T.);
#2998=ORIENTED_EDGE('',*,*,#2997,.F.);
#2999=CARTESIAN_POINT('',(145.1698,3.7,21.863215711));
#3000=DIRECTION('',(0.,0.,-1.));
#3001=VECTOR('',#3000,10.305756509);
#3002=LINE('',#2999,#3001);
#3003=EDGE_CURVE('',#2992,#979,#3002,.T.);
#3004=ORIENTED_EDGE('',*,*,#3003,.T.);
#3005=EDGE_LOOP('',(#2982,#2990,#2998,#3004));
#3006=FACE_BOUND('',#3005,.T.);
#3007=ADVANCED_FACE('NONE',(#3006),#2981,.F.);
#3008=CARTESIAN_POINT('',(-0.4,0.925,26.669656702));
#3009=DIRECTION('',(0.,0.866025404,0.5));
#3010=DIRECTION('',(1.,0.,0.));
#3011=AXIS2_PLACEMENT_3D('',#3008,#3009,#3010);
#3012=PLANE('',#3011);
#3013=ORIENTED_EDGE('',*,*,#202,.T.);
#3014=CARTESIAN_POINT('',(148.9698,1.89,24.998227673));
#3015=DIRECTION('',(-0.,-0.866025404,-0.5));
#3016=DIRECTION('',(0.,-0.5,0.866025404));
#3017=AXIS2_PLACEMENT_3D('',#3014,#3015,#3016);
#3018=ELLIPSE('',#3017,0.4,0.2);
#3019=EDGE_CURVE('',#189,#2952,#3018,.T.);
#3020=ORIENTED_EDGE('',*,*,#3019,.T.);
#3021=ORIENTED_EDGE('',*,*,#2959,.T.);
#3022=CARTESIAN_POINT('',(148.3698,1.49,25.691047996));
#3023=VERTEX_POINT('',#3022);
#3024=CARTESIAN_POINT('',(148.5698,1.49,25.691047996));
#3025=DIRECTION('',(0.,0.866025404,0.5));
#3026=DIRECTION('',(0.,0.5,-0.866025404));
#3027=AXIS2_PLACEMENT_3D('',#3024,#3025,#3026);
#3028=ELLIPSE('',#3027,0.4,0.2);
#3029=EDGE_CURVE('',#2954,#3023,#3028,.T.);
#3030=ORIENTED_EDGE('',*,*,#3029,.T.);
#3031=CARTESIAN_POINT('',(148.3698,0.2,27.925393537));
#3032=VERTEX_POINT('',#3031);
#3033=CARTESIAN_POINT('',(148.3698,1.49,25.691047996));
#3034=DIRECTION('',(-0.,-0.5,0.866025404));
#3035=VECTOR('',#3034,2.58);
#3036=LINE('',#3033,#3035);
#3037=EDGE_CURVE('',#3023,#3032,#3036,.T.);
#3038=ORIENTED_EDGE('',*,*,#3037,.T.);
#3039=CARTESIAN_POINT('',(148.5698,0.2,27.925393537));
#3040=DIRECTION('',(0.,0.866025404,0.5));
#3041=DIRECTION('',(0.,0.5,-0.866025404));
#3042=AXIS2_PLACEMENT_3D('',#3039,#3040,#3041);
#3043=ELLIPSE('',#3042,0.4,0.2);
#3044=EDGE_CURVE('',#3032,#2922,#3043,.T.);
#3045=ORIENTED_EDGE('',*,*,#3044,.T.);
#3046=ORIENTED_EDGE('',*,*,#2927,.T.);
#3047=CARTESIAN_POINT('',(145.7698,0.2,27.925393537));
#3048=VERTEX_POINT('',#3047);
#3049=CARTESIAN_POINT('',(145.5698,0.2,27.925393537));
#3050=DIRECTION('',(0.,0.866025404,0.5));
#3051=DIRECTION('',(0.,0.5,-0.866025404));
#3052=AXIS2_PLACEMENT_3D('',#3049,#3050,#3051);
#3053=ELLIPSE('',#3052,0.4,0.2);
#3054=EDGE_CURVE('',#2914,#3048,#3053,.T.);
#3055=ORIENTED_EDGE('',*,*,#3054,.T.);
#3056=CARTESIAN_POINT('',(145.7698,1.49,25.691047996));
#3057=VERTEX_POINT('',#3056);
#3058=CARTESIAN_POINT('',(145.7698,0.2,27.925393537));
#3059=DIRECTION('',(0.,0.5,-0.866025404));
#3060=VECTOR('',#3059,2.58);
#3061=LINE('',#3058,#3060);
#3062=EDGE_CURVE('',#3048,#3057,#3061,.T.);
#3063=ORIENTED_EDGE('',*,*,#3062,.T.);
#3064=CARTESIAN_POINT('',(145.5698,1.69,25.344637834));
#3065=VERTEX_POINT('',#3064);
#3066=CARTESIAN_POINT('',(145.5698,1.49,25.691047996));
#3067=DIRECTION('',(0.,0.866025404,0.5));
#3068=DIRECTION('',(0.,0.5,-0.866025404));
#3069=AXIS2_PLACEMENT_3D('',#3066,#3067,#3068);
#3070=ELLIPSE('',#3069,0.4,0.2);
#3071=EDGE_CURVE('',#3057,#3065,#3070,.T.);
#3072=ORIENTED_EDGE('',*,*,#3071,.T.);
#3073=CARTESIAN_POINT('',(145.1698,1.69,25.344637834));
#3074=VERTEX_POINT('',#3073);
#3075=CARTESIAN_POINT('',(145.5698,1.69,25.344637834));
#3076=DIRECTION('',(-1.,0.,-0.));
#3077=VECTOR('',#3076,0.4);
#3078=LINE('',#3075,#3077);
#3079=EDGE_CURVE('',#3065,#3074,#3078,.T.);
#3080=ORIENTED_EDGE('',*,*,#3079,.T.);
#3081=CARTESIAN_POINT('',(144.9698,1.89,24.998227673));
#3082=VERTEX_POINT('',#3081);
#3083=CARTESIAN_POINT('',(145.1698,1.89,24.998227673));
#3084=DIRECTION('',(-0.,-0.866025404,-0.5));
#3085=DIRECTION('',(0.,-0.5,0.866025404));
#3086=AXIS2_PLACEMENT_3D('',#3083,#3084,#3085);
#3087=ELLIPSE('',#3086,0.4,0.2);
#3088=EDGE_CURVE('',#3074,#3082,#3087,.T.);
#3089=ORIENTED_EDGE('',*,*,#3088,.T.);
#3090=CARTESIAN_POINT('',(144.9698,3.5,22.209625873));
#3091=VERTEX_POINT('',#3090);
#3092=CARTESIAN_POINT('',(144.9698,1.89,24.998227673));
#3093=DIRECTION('',(0.,0.5,-0.866025404));
#3094=VECTOR('',#3093,3.22);
#3095=LINE('',#3092,#3094);
#3096=EDGE_CURVE('',#3082,#3091,#3095,.T.);
#3097=ORIENTED_EDGE('',*,*,#3096,.T.);
#3098=CARTESIAN_POINT('',(145.1698,3.5,22.209625873));
#3099=DIRECTION('',(-0.,-0.866025404,-0.5));
#3100=DIRECTION('',(0.,-0.5,0.866025404));
#3101=AXIS2_PLACEMENT_3D('',#3098,#3099,#3100);
#3102=ELLIPSE('',#3101,0.4,0.2);
#3103=EDGE_CURVE('',#3091,#2992,#3102,.T.);
#3104=ORIENTED_EDGE('',*,*,#3103,.T.);
#3105=ORIENTED_EDGE('',*,*,#2997,.T.);
#3106=CARTESIAN_POINT('',(148.9698,3.5,22.209625873));
#3107=DIRECTION('',(-0.,-0.866025404,-0.5));
#3108=DIRECTION('',(0.,-0.5,0.866025404));
#3109=AXIS2_PLACEMENT_3D('',#3106,#3107,#3108);
#3110=ELLIPSE('',#3109,0.4,0.2);
#3111=EDGE_CURVE('',#2984,#197,#3110,.T.);
#3112=ORIENTED_EDGE('',*,*,#3111,.T.);
#3113=EDGE_LOOP('',(#3013,#3020,#3021,#3030,#3038,#3045,#3046,#3055,#3063,#3072,#3080,#3089,#3097,#3104,#3105,#3112));
#3114=FACE_BOUND('',#3113,.T.);
#3115=ADVANCED_FACE('NONE',(#3114),#3012,.F.);
#3116=CARTESIAN_POINT('',(148.3698,0.,34.664830493));
#3117=DIRECTION('',(1.,0.,0.));
#3118=DIRECTION('',(0.,0.,-1.));
#3119=AXIS2_PLACEMENT_3D('',#3116,#3117,#3118);
#3120=PLANE('',#3119);
#3121=ORIENTED_EDGE('',*,*,#3037,.F.);
#3122=CARTESIAN_POINT('',(148.3698,1.49,25.691047996));
#3123=DIRECTION('',(0.,0.,-1.));
#3124=VECTOR('',#3123,14.133588794);
#3125=LINE('',#3122,#3124);
#3126=EDGE_CURVE('',#3023,#935,#3125,.T.);
#3127=ORIENTED_EDGE('',*,*,#3126,.T.);
#3128=ORIENTED_EDGE('',*,*,#942,.T.);
#3129=CARTESIAN_POINT('',(148.3698,0.2,11.557459202));
#3130=DIRECTION('',(-0.,-0.,1.));
#3131=VECTOR('',#3130,16.367934335);
#3132=LINE('',#3129,#3131);
#3133=EDGE_CURVE('',#937,#3032,#3132,.T.);
#3134=ORIENTED_EDGE('',*,*,#3133,.T.);
#3135=EDGE_LOOP('',(#3121,#3127,#3128,#3134));
#3136=FACE_BOUND('',#3135,.T.);
#3137=ADVANCED_FACE('NONE',(#3136),#3120,.F.);
#3138=CARTESIAN_POINT('',(145.7698,1.85,34.664830493));
#3139=DIRECTION('',(-1.,0.,0.));
#3140=DIRECTION('',(0.,0.,1.));
#3141=AXIS2_PLACEMENT_3D('',#3138,#3139,#3140);
#3142=PLANE('',#3141);
#3143=ORIENTED_EDGE('',*,*,#3062,.F.);
#3144=CARTESIAN_POINT('',(145.7698,0.2,27.925393537));
#3145=DIRECTION('',(0.,0.,-1.));
#3146=VECTOR('',#3145,16.367934335);
#3147=LINE('',#3144,#3146);
#3148=EDGE_CURVE('',#3048,#1030,#3147,.T.);
#3149=ORIENTED_EDGE('',*,*,#3148,.T.);
#3150=ORIENTED_EDGE('',*,*,#1035,.T.);
#3151=CARTESIAN_POINT('',(145.7698,1.49,11.557459202));
#3152=DIRECTION('',(-0.,-0.,1.));
#3153=VECTOR('',#3152,14.133588794);
#3154=LINE('',#3151,#3153);
#3155=EDGE_CURVE('',#1021,#3057,#3154,.T.);
#3156=ORIENTED_EDGE('',*,*,#3155,.T.);
#3157=EDGE_LOOP('',(#3143,#3149,#3150,#3156));
#3158=FACE_BOUND('',#3157,.T.);
#3159=ADVANCED_FACE('NONE',(#3158),#3142,.F.);
#3160=CARTESIAN_POINT('',(144.9698,1.69,34.664830493));
#3161=DIRECTION('',(-0.,-1.,0.));
#3162=DIRECTION('',(1.,-0.,0.));
#3163=AXIS2_PLACEMENT_3D('',#3160,#3161,#3162);
#3164=PLANE('',#3163);
#3165=ORIENTED_EDGE('',*,*,#3079,.F.);
#3166=CARTESIAN_POINT('',(145.5698,1.69,25.344637834));
#3167=DIRECTION('',(0.,0.,-1.));
#3168=VECTOR('',#3167,13.787178632);
#3169=LINE('',#3166,#3168);
#3170=EDGE_CURVE('',#3065,#1013,#3169,.T.);
#3171=ORIENTED_EDGE('',*,*,#3170,.T.);
#3172=ORIENTED_EDGE('',*,*,#1018,.T.);
#3173=CARTESIAN_POINT('',(145.1698,1.69,11.557459202));
#3174=DIRECTION('',(-0.,-0.,1.));
#3175=VECTOR('',#3174,13.787178632);
#3176=LINE('',#3173,#3175);
#3177=EDGE_CURVE('',#1004,#3074,#3176,.T.);
#3178=ORIENTED_EDGE('',*,*,#3177,.T.);
#3179=EDGE_LOOP('',(#3165,#3171,#3172,#3178));
#3180=FACE_BOUND('',#3179,.T.);
#3181=ADVANCED_FACE('NONE',(#3180),#3164,.F.);
#3182=CARTESIAN_POINT('',(144.9698,3.7,34.664830493));
#3183=DIRECTION('',(-1.,0.,0.));
#3184=DIRECTION('',(0.,0.,1.));
#3185=AXIS2_PLACEMENT_3D('',#3182,#3183,#3184);
#3186=PLANE('',#3185);
#3187=ORIENTED_EDGE('',*,*,#3096,.F.);
#3188=CARTESIAN_POINT('',(144.9698,1.89,24.998227673));
#3189=DIRECTION('',(0.,0.,-1.));
#3190=VECTOR('',#3189,13.440768471);
#3191=LINE('',#3188,#3190);
#3192=EDGE_CURVE('',#3082,#996,#3191,.T.);
#3193=ORIENTED_EDGE('',*,*,#3192,.T.);
#3194=ORIENTED_EDGE('',*,*,#1001,.T.);
#3195=CARTESIAN_POINT('',(144.9698,3.5,11.557459202));
#3196=DIRECTION('',(-0.,-0.,1.));
#3197=VECTOR('',#3196,10.652166671);
#3198=LINE('',#3195,#3197);
#3199=EDGE_CURVE('',#987,#3091,#3198,.T.);
#3200=ORIENTED_EDGE('',*,*,#3199,.T.);
#3201=EDGE_LOOP('',(#3187,#3193,#3194,#3200));
#3202=FACE_BOUND('',#3201,.T.);
#3203=ADVANCED_FACE('NONE',(#3202),#3186,.F.);
#3204=CARTESIAN_POINT('',(0.,0.8,26.883150351));
#3205=DIRECTION('',(0.,0.866025404,0.5));
#3206=DIRECTION('',(1.,0.,0.));
#3207=AXIS2_PLACEMENT_3D('',#3204,#3205,#3206);
#3208=PLANE('',#3207);
#3209=ORIENTED_EDGE('',*,*,#84,.T.);
#3210=CARTESIAN_POINT('',(-148.3698,3.2,22.726228413));
#3211=VERTEX_POINT('',#3210);
#3212=CARTESIAN_POINT('',(-148.3698,3.,23.072638574));
#3213=DIRECTION('',(-0.,-0.866025404,-0.5));
#3214=DIRECTION('',(0.,-0.5,0.866025404));
#3215=AXIS2_PLACEMENT_3D('',#3212,#3213,#3214);
#3216=ELLIPSE('',#3215,0.4,0.2);
#3217=EDGE_CURVE('',#71,#3211,#3216,.T.);
#3218=ORIENTED_EDGE('',*,*,#3217,.T.);
#3219=CARTESIAN_POINT('',(-148.3698,3.2,22.726228413));
#3220=DIRECTION('',(1.,0.,-0.));
#3221=VECTOR('',#3220,1.85);
#3222=LINE('',#3219,#3221);
#3223=EDGE_CURVE('',#3211,#1151,#3222,.T.);
#3224=ORIENTED_EDGE('',*,*,#3223,.T.);
#3225=ORIENTED_EDGE('',*,*,#1188,.T.);
#3226=CARTESIAN_POINT('',(-146.5198,2.315943492,24.257459202));
#3227=DIRECTION('',(-0.,-0.5,0.866025404));
#3228=VECTOR('',#3227,4.631886983);
#3229=LINE('',#3226,#3228);
#3230=EDGE_CURVE('NONE',#1177,#2882,#3229,.T.);
#3231=ORIENTED_EDGE('',*,*,#3230,.T.);
#3232=ORIENTED_EDGE('',*,*,#2887,.T.);
#3233=CARTESIAN_POINT('',(-147.8698,0.2,27.922380836));
#3234=VERTEX_POINT('',#3233);
#3235=CARTESIAN_POINT('',(-148.0698,0.2,27.922380836));
#3236=DIRECTION('',(0.,0.866025404,0.5));
#3237=DIRECTION('',(0.,0.5,-0.866025404));
#3238=AXIS2_PLACEMENT_3D('',#3235,#3236,#3237);
#3239=ELLIPSE('',#3238,0.4,0.2);
#3240=EDGE_CURVE('',#2874,#3234,#3239,.T.);
#3241=ORIENTED_EDGE('',*,*,#3240,.T.);
#3242=CARTESIAN_POINT('',(-147.8698,1.4,25.843919867));
#3243=VERTEX_POINT('',#3242);
#3244=CARTESIAN_POINT('',(-147.8698,0.2,27.922380836));
#3245=DIRECTION('',(0.,0.5,-0.866025404));
#3246=VECTOR('',#3245,2.4);
#3247=LINE('',#3244,#3246);
#3248=EDGE_CURVE('',#3234,#3243,#3247,.T.);
#3249=ORIENTED_EDGE('',*,*,#3248,.T.);
#3250=CARTESIAN_POINT('',(-148.0698,1.6,25.497509705));
#3251=VERTEX_POINT('',#3250);
#3252=CARTESIAN_POINT('',(-148.0698,1.4,25.843919867));
#3253=DIRECTION('',(0.,0.866025404,0.5));
#3254=DIRECTION('',(0.,0.5,-0.866025404));
#3255=AXIS2_PLACEMENT_3D('',#3252,#3253,#3254);
#3256=ELLIPSE('',#3255,0.4,0.2);
#3257=EDGE_CURVE('',#3243,#3251,#3256,.T.);
#3258=ORIENTED_EDGE('',*,*,#3257,.T.);
#3259=CARTESIAN_POINT('',(-148.3698,1.6,25.497509705));
#3260=VERTEX_POINT('',#3259);
#3261=CARTESIAN_POINT('',(-148.0698,1.6,25.497509705));
#3262=DIRECTION('',(-1.,-0.,0.));
#3263=VECTOR('',#3262,0.3);
#3264=LINE('',#3261,#3263);
#3265=EDGE_CURVE('',#3251,#3260,#3264,.T.);
#3266=ORIENTED_EDGE('',*,*,#3265,.T.);
#3267=CARTESIAN_POINT('',(-148.3698,1.8,25.151099543));
#3268=DIRECTION('',(-0.,-0.866025404,-0.5));
#3269=DIRECTION('',(0.,-0.5,0.866025404));
#3270=AXIS2_PLACEMENT_3D('',#3267,#3268,#3269);
#3271=ELLIPSE('',#3270,0.4,0.2);
#3272=EDGE_CURVE('',#3260,#79,#3271,.T.);
#3273=ORIENTED_EDGE('',*,*,#3272,.T.);
#3274=EDGE_LOOP('',(#3209,#3218,#3224,#3225,#3231,#3232,#3241,#3249,#3258,#3266,#3273));
#3275=FACE_BOUND('',#3274,.T.);
#3276=ADVANCED_FACE('NONE',(#3275),#3208,.F.);
#3277=CARTESIAN_POINT('',(-147.8698,1.6,33.097708211));
#3278=DIRECTION('',(-1.,0.,0.));
#3279=DIRECTION('',(0.,0.,1.));
#3280=AXIS2_PLACEMENT_3D('',#3277,#3278,#3279);
#3281=PLANE('',#3280);
#3282=ORIENTED_EDGE('',*,*,#243,.T.);
#3283=CARTESIAN_POINT('',(-147.8698,1.4,11.557459202));
#3284=DIRECTION('',(-0.,-0.,1.));
#3285=VECTOR('',#3284,14.286460665);
#3286=LINE('',#3283,#3285);
#3287=EDGE_CURVE('',#229,#3243,#3286,.T.);
#3288=ORIENTED_EDGE('',*,*,#3287,.T.);
#3289=ORIENTED_EDGE('',*,*,#3248,.F.);
#3290=CARTESIAN_POINT('',(-147.8698,0.2,27.922380836));
#3291=DIRECTION('',(0.,0.,-1.));
#3292=VECTOR('',#3291,16.364921634);
#3293=LINE('',#3290,#3292);
#3294=EDGE_CURVE('',#3234,#238,#3293,.T.);
#3295=ORIENTED_EDGE('',*,*,#3294,.T.);
#3296=EDGE_LOOP('',(#3282,#3288,#3289,#3295));
#3297=FACE_BOUND('',#3296,.T.);
#3298=ADVANCED_FACE('NONE',(#3297),#3281,.F.);
#3299=CARTESIAN_POINT('',(-148.5698,1.6,33.097708211));
#3300=DIRECTION('',(0.,-1.,0.));
#3301=DIRECTION('',(0.,0.,-1.));
#3302=AXIS2_PLACEMENT_3D('',#3299,#3300,#3301);
#3303=PLANE('',#3302);
#3304=ORIENTED_EDGE('',*,*,#3265,.F.);
#3305=CARTESIAN_POINT('',(-148.0698,1.6,25.497509705));
#3306=DIRECTION('',(0.,0.,-1.));
#3307=VECTOR('',#3306,13.940050503);
#3308=LINE('',#3305,#3307);
#3309=EDGE_CURVE('',#3251,#219,#3308,.T.);
#3310=ORIENTED_EDGE('',*,*,#3309,.T.);
#3311=ORIENTED_EDGE('',*,*,#226,.T.);
#3312=CARTESIAN_POINT('',(-148.3698,1.6,11.557459202));
#3313=DIRECTION('',(-0.,-0.,1.));
#3314=VECTOR('',#3313,13.940050503);
#3315=LINE('',#3312,#3314);
#3316=EDGE_CURVE('',#221,#3260,#3315,.T.);
#3317=ORIENTED_EDGE('',*,*,#3316,.T.);
#3318=EDGE_LOOP('',(#3304,#3310,#3311,#3317));
#3319=FACE_BOUND('',#3318,.T.);
#3320=ADVANCED_FACE('NONE',(#3319),#3303,.F.);
#3321=CARTESIAN_POINT('',(-146.5198,3.2,33.097708211));
#3322=DIRECTION('',(0.,1.,0.));
#3323=DIRECTION('',(0.,0.,1.));
#3324=AXIS2_PLACEMENT_3D('',#3321,#3322,#3323);
#3325=PLANE('',#3324);
#3326=ORIENTED_EDGE('',*,*,#3223,.F.);
#3327=CARTESIAN_POINT('',(-148.3698,3.2,22.726228413));
#3328=DIRECTION('',(0.,0.,-1.));
#3329=VECTOR('',#3328,11.168769211);
#3330=LINE('',#3327,#3329);
#3331=EDGE_CURVE('',#3211,#312,#3330,.T.);
#3332=ORIENTED_EDGE('',*,*,#3331,.T.);
#3333=ORIENTED_EDGE('',*,*,#317,.T.);
#3334=ORIENTED_EDGE('',*,*,#2351,.T.);
#3335=ORIENTED_EDGE('',*,*,#1158,.F.);
#3336=EDGE_LOOP('',(#3326,#3332,#3333,#3334,#3335));
#3337=FACE_BOUND('',#3336,.T.);
#3338=ADVANCED_FACE('NONE',(#3337),#3325,.F.);
#3339=CARTESIAN_POINT('',(-146.5198,0.,33.097708211));
#3340=DIRECTION('',(1.,0.,0.));
#3341=DIRECTION('',(0.,0.,-1.));
#3342=AXIS2_PLACEMENT_3D('',#3339,#3340,#3341);
#3343=PLANE('',#3342);
#3344=ORIENTED_EDGE('',*,*,#3230,.F.);
#3345=ORIENTED_EDGE('',*,*,#2555,.T.);
#3346=ORIENTED_EDGE('',*,*,#2893,.F.);
#3347=EDGE_LOOP('',(#3344,#3345,#3346));
#3348=FACE_BOUND('',#3347,.T.);
#3349=ADVANCED_FACE('NONE',(#3348),#3343,.F.);
#3350=CARTESIAN_POINT('',(-148.3698,3.,33.097708211));
#3351=DIRECTION('',(0.,0.,1.));
#3352=DIRECTION('',(1.,0.,-0.));
#3353=AXIS2_PLACEMENT_3D('',#3350,#3351,#3352);
#3354=CYLINDRICAL_SURFACE('',#3353,0.2);
#3355=ORIENTED_EDGE('',*,*,#3217,.F.);
#3356=ORIENTED_EDGE('',*,*,#76,.F.);
#3357=ORIENTED_EDGE('',*,*,#324,.F.);
#3358=ORIENTED_EDGE('',*,*,#3331,.F.);
#3359=EDGE_LOOP('',(#3355,#3356,#3357,#3358));
#3360=FACE_BOUND('',#3359,.T.);
#3361=ADVANCED_FACE('',(#3360),#3354,.F.);
#3362=CARTESIAN_POINT('',(-148.0698,1.4,33.097708211));
#3363=DIRECTION('',(0.,0.,-1.));
#3364=DIRECTION('',(-1.,0.,0.));
#3365=AXIS2_PLACEMENT_3D('',#3362,#3363,#3364);
#3366=CYLINDRICAL_SURFACE('',#3365,0.2);
#3367=ORIENTED_EDGE('',*,*,#3257,.F.);
#3368=ORIENTED_EDGE('',*,*,#3287,.F.);
#3369=ORIENTED_EDGE('',*,*,#235,.F.);
#3370=ORIENTED_EDGE('',*,*,#3309,.F.);
#3371=EDGE_LOOP('',(#3367,#3368,#3369,#3370));
#3372=FACE_BOUND('',#3371,.T.);
#3373=ADVANCED_FACE('',(#3372),#3366,.T.);
#3374=CARTESIAN_POINT('',(-148.3698,1.8,33.097708211));
#3375=DIRECTION('',(0.,0.,1.));
#3376=DIRECTION('',(1.,0.,-0.));
#3377=AXIS2_PLACEMENT_3D('',#3374,#3375,#3376);
#3378=CYLINDRICAL_SURFACE('',#3377,0.2);
#3379=ORIENTED_EDGE('',*,*,#3272,.F.);
#3380=ORIENTED_EDGE('',*,*,#3316,.F.);
#3381=ORIENTED_EDGE('',*,*,#332,.F.);
#3382=ORIENTED_EDGE('',*,*,#90,.F.);
#3383=EDGE_LOOP('',(#3379,#3380,#3381,#3382));
#3384=FACE_BOUND('',#3383,.T.);
#3385=ADVANCED_FACE('',(#3384),#3378,.F.);
#3386=CARTESIAN_POINT('',(-148.0698,0.2,33.097708211));
#3387=DIRECTION('',(0.,0.,-1.));
#3388=DIRECTION('',(-1.,0.,0.));
#3389=AXIS2_PLACEMENT_3D('',#3386,#3387,#3388);
#3390=CYLINDRICAL_SURFACE('',#3389,0.2);
#3391=ORIENTED_EDGE('',*,*,#3240,.F.);
#3392=ORIENTED_EDGE('',*,*,#2879,.F.);
#3393=ORIENTED_EDGE('',*,*,#252,.F.);
#3394=ORIENTED_EDGE('',*,*,#3294,.F.);
#3395=EDGE_LOOP('',(#3391,#3392,#3393,#3394));
#3396=FACE_BOUND('',#3395,.T.);
#3397=ADVANCED_FACE('',(#3396),#3390,.T.);
#3398=CARTESIAN_POINT('',(148.9698,1.89,34.664830493));
#3399=DIRECTION('',(0.,0.,1.));
#3400=DIRECTION('',(1.,0.,-0.));
#3401=AXIS2_PLACEMENT_3D('',#3398,#3399,#3400);
#3402=CYLINDRICAL_SURFACE('',#3401,0.2);
#3403=ORIENTED_EDGE('',*,*,#3019,.F.);
#3404=ORIENTED_EDGE('',*,*,#194,.F.);
#3405=ORIENTED_EDGE('',*,*,#966,.F.);
#3406=ORIENTED_EDGE('',*,*,#2965,.F.);
#3407=EDGE_LOOP('',(#3403,#3404,#3405,#3406));
#3408=FACE_BOUND('',#3407,.T.);
#3409=ADVANCED_FACE('',(#3408),#3402,.F.);
#3410=CARTESIAN_POINT('',(148.9698,3.5,34.664830493));
#3411=DIRECTION('',(0.,0.,1.));
#3412=DIRECTION('',(1.,0.,-0.));
#3413=AXIS2_PLACEMENT_3D('',#3410,#3411,#3412);
#3414=CYLINDRICAL_SURFACE('',#3413,0.2);
#3415=ORIENTED_EDGE('',*,*,#3111,.F.);
#3416=ORIENTED_EDGE('',*,*,#2989,.F.);
#3417=ORIENTED_EDGE('',*,*,#976,.F.);
#3418=ORIENTED_EDGE('',*,*,#208,.F.);
#3419=EDGE_LOOP('',(#3415,#3416,#3417,#3418));
#3420=FACE_BOUND('',#3419,.T.);
#3421=ADVANCED_FACE('',(#3420),#3414,.F.);
#3422=CARTESIAN_POINT('',(148.5698,1.49,34.664830493));
#3423=DIRECTION('',(0.,0.,-1.));
#3424=DIRECTION('',(-1.,0.,0.));
#3425=AXIS2_PLACEMENT_3D('',#3422,#3423,#3424);
#3426=CYLINDRICAL_SURFACE('',#3425,0.2);
#3427=ORIENTED_EDGE('',*,*,#3029,.F.);
#3428=ORIENTED_EDGE('',*,*,#2972,.F.);
#3429=ORIENTED_EDGE('',*,*,#951,.F.);
#3430=ORIENTED_EDGE('',*,*,#3126,.F.);
#3431=EDGE_LOOP('',(#3427,#3428,#3429,#3430));
#3432=FACE_BOUND('',#3431,.T.);
#3433=ADVANCED_FACE('',(#3432),#3426,.T.);
#3434=CARTESIAN_POINT('',(145.5698,0.2,34.664830493));
#3435=DIRECTION('',(0.,0.,-1.));
#3436=DIRECTION('',(-1.,0.,0.));
#3437=AXIS2_PLACEMENT_3D('',#3434,#3435,#3436);
#3438=CYLINDRICAL_SURFACE('',#3437,0.2);
#3439=ORIENTED_EDGE('',*,*,#3054,.F.);
#3440=ORIENTED_EDGE('',*,*,#2919,.F.);
#3441=ORIENTED_EDGE('',*,*,#1044,.F.);
#3442=ORIENTED_EDGE('',*,*,#3148,.F.);
#3443=EDGE_LOOP('',(#3439,#3440,#3441,#3442));
#3444=FACE_BOUND('',#3443,.T.);
#3445=ADVANCED_FACE('',(#3444),#3438,.T.);
#3446=CARTESIAN_POINT('',(145.5698,1.49,34.664830493));
#3447=DIRECTION('',(0.,0.,-1.));
#3448=DIRECTION('',(-1.,0.,0.));
#3449=AXIS2_PLACEMENT_3D('',#3446,#3447,#3448);
#3450=CYLINDRICAL_SURFACE('',#3449,0.2);
#3451=ORIENTED_EDGE('',*,*,#3071,.F.);
#3452=ORIENTED_EDGE('',*,*,#3155,.F.);
#3453=ORIENTED_EDGE('',*,*,#1027,.F.);
#3454=ORIENTED_EDGE('',*,*,#3170,.F.);
#3455=EDGE_LOOP('',(#3451,#3452,#3453,#3454));
#3456=FACE_BOUND('',#3455,.T.);
#3457=ADVANCED_FACE('',(#3456),#3450,.T.);
#3458=CARTESIAN_POINT('',(145.1698,1.89,34.664830493));
#3459=DIRECTION('',(0.,0.,1.));
#3460=DIRECTION('',(1.,0.,-0.));
#3461=AXIS2_PLACEMENT_3D('',#3458,#3459,#3460);
#3462=CYLINDRICAL_SURFACE('',#3461,0.2);
#3463=ORIENTED_EDGE('',*,*,#3088,.F.);
#3464=ORIENTED_EDGE('',*,*,#3177,.F.);
#3465=ORIENTED_EDGE('',*,*,#1010,.F.);
#3466=ORIENTED_EDGE('',*,*,#3192,.F.);
#3467=EDGE_LOOP('',(#3463,#3464,#3465,#3466));
#3468=FACE_BOUND('',#3467,.T.);
#3469=ADVANCED_FACE('',(#3468),#3462,.F.);
#3470=CARTESIAN_POINT('',(145.1698,3.5,34.664830493));
#3471=DIRECTION('',(0.,0.,1.));
#3472=DIRECTION('',(1.,0.,-0.));
#3473=AXIS2_PLACEMENT_3D('',#3470,#3471,#3472);
#3474=CYLINDRICAL_SURFACE('',#3473,0.2);
#3475=ORIENTED_EDGE('',*,*,#3103,.F.);
#3476=ORIENTED_EDGE('',*,*,#3199,.F.);
#3477=ORIENTED_EDGE('',*,*,#993,.F.);
#3478=ORIENTED_EDGE('',*,*,#3003,.F.);
#3479=EDGE_LOOP('',(#3475,#3476,#3477,#3478));
#3480=FACE_BOUND('',#3479,.T.);
#3481=ADVANCED_FACE('',(#3480),#3474,.F.);
#3482=CARTESIAN_POINT('',(148.5698,0.2,6.));
#3483=DIRECTION('',(0.,0.,-1.));
#3484=DIRECTION('',(-1.,0.,0.));
#3485=AXIS2_PLACEMENT_3D('',#3482,#3483,#3484);
#3486=CYLINDRICAL_SURFACE('',#3485,0.2);
#3487=ORIENTED_EDGE('',*,*,#3044,.F.);
#3488=ORIENTED_EDGE('',*,*,#3133,.F.);
#3489=ORIENTED_EDGE('',*,*,#1140,.F.);
#3490=ORIENTED_EDGE('',*,*,#2933,.F.);
#3491=EDGE_LOOP('',(#3487,#3488,#3489,#3490));
#3492=FACE_BOUND('',#3491,.T.);
#3493=ADVANCED_FACE('',(#3492),#3486,.T.);
#3494=CLOSED_SHELL('',(#94,#133,#172,#212,#336,#392,#500,#608,#639,#670,#710,#826,#857,#888,#928,#1144,#1258,#1280,#1303,#1411,#1442,#1485,#1528,#1600,#1624,#1648,
#1672,#1696,#1720,#1744,#1774,#1797,#1828,#1859,#1877,#1895,#1926,#1950,#1974,#1991,#2003,#2015,#2027,#2044,#2062,#2074,#2097,#2120,#2167,#2189,#2207,
#2219,#2237,#2249,#2266,#2283,#2295,#2322,#2339,#2356,#2382,#2399,#2416,#2438,#2455,#2467,#2485,#2502,#2520,#2537,#2562,#2589,#2606,#2623,#2640,#2662,
#2676,#2690,#2712,#2729,#2747,#2764,#2781,#2803,#2820,#2837,#2854,#2866,#2906,#2945,#2976,#3007,#3115,#3137,#3159,#3181,#3203,#3276,#3298,#3320,#3338,
#3349,#3361,#3373,#3385,#3397,#3409,#3421,#3433,#3445,#3457,#3469,#3481,#3493));
#3495=MANIFOLD_SOLID_BREP('outer_case_split_f ',#3494);
#3496=COLOUR_RGB('',0.517647088,0.800000012,1.);
#3497=FILL_AREA_STYLE_COLOUR('',#3496);
#3498=FILL_AREA_STYLE('',(#3497));
#3499=SURFACE_STYLE_FILL_AREA(#3498);
#3500=SURFACE_SIDE_STYLE('',(#3499));
#3501=SURFACE_STYLE_USAGE(.BOTH.,#3500);
#3502=PRESENTATION_STYLE_ASSIGNMENT((#3501));
#54=STYLED_ITEM('',(#3502),#3495);
#35=SHAPE_REPRESENTATION('main_frame',(#15),#33);
#36=ADVANCED_BREP_SHAPE_REPRESENTATION('main_frame',(#3495),#33);
#3510=SHAPE_REPRESENTATION_RELATIONSHIP('','',#35,#36);
#3511=CARTESIAN_POINT('',(0.,0.,0.));
#3512=DIRECTION('',(0.,0.,1.));
#3513=DIRECTION('',(1.,0.,0.));
#3514=AXIS2_PLACEMENT_3D('',#3511,#3512,#3513);
#3516=MAPPED_ITEM('',#3515,#3514);
#3515=REPRESENTATION_MAP(#3514,#35);
#3517=APPLICATION_CONTEXT('Managed model based 3d engineering');
#3518=APPLICATION_PROTOCOL_DEFINITION('international standard','ap242_managed_model_based_3d_engineering',2014,#3517);
#3519=PRODUCT_CONTEXT('',#3517,'mechanical');
#3520=PRODUCT_DEFINITION_CONTEXT('part definition',#3517,'design');
#43=PRODUCT('main_frame','main_frame','',(#3519));
#3521=PRODUCT_RELATED_PRODUCT_CATEGORY('part','',(#43));
#3522=PRODUCT_DEFINITION_FORMATION_WITH_SPECIFIED_SOURCE('','',#43,.NOT_KNOWN.);
#44=PRODUCT_DEFINITION('design','',#3522,#3520);
#42=PRODUCT_DEFINITION_SHAPE('','',#44);
#3523=SHAPE_DEFINITION_REPRESENTATION(#42,#35);
#34=DRAUGHTING_MODEL('',(#3516),#33);
#16=SHAPE_REPRESENTATION('root',(#15,#48),#10);
#3524=CARTESIAN_POINT('',(0.,0.,0.));
#3525=DIRECTION('',(0.,0.,1.));
#3526=DIRECTION('',(1.,0.,0.));
#3527=AXIS2_PLACEMENT_3D('',#3524,#3525,#3526);
#3529=MAPPED_ITEM('',#3528,#3527);
#3528=REPRESENTATION_MAP(#3527,#16);
#24=PRODUCT('root','root','',(#3519));
#3530=PRODUCT_RELATED_PRODUCT_CATEGORY('part','',(#24));
#3531=PRODUCT_DEFINITION_FORMATION_WITH_SPECIFIED_SOURCE('','',#24,.NOT_KNOWN.);
#25=PRODUCT_DEFINITION('design','',#3531,#3520);
#23=PRODUCT_DEFINITION_SHAPE('','',#25);
#3532=SHAPE_DEFINITION_REPRESENTATION(#23,#16);
#11=DRAUGHTING_MODEL('',(#3529),#10);
#3533=DESCRIPTIVE_REPRESENTATION_ITEM('KEY','C:\\Users\\13271\\AppData\\Local\\Packages\\Shapr3D.Shapr3D_dvv5p1vgwv6mp\\TempState\\9ee46b03-fc68-476b-8c63-315ca5782101.tmp');
#3534=PROPERTY_DEFINITION('KEY','',#25);
#3535=REPRESENTATION('',(#3533),#10);
#3536=PROPERTY_DEFINITION_REPRESENTATION(#3534,#3535);
#3537=GENERAL_PROPERTY('','KEY','');
#3538=GENERAL_PROPERTY_ASSOCIATION('','',#3537,#3534);
#1=MECHANICAL_DESIGN_GEOMETRIC_PRESENTATION_REPRESENTATION('',(#54),#10);
ENDSEC;
END-ISO-10303-21;
