ISO-10303-21;
HEADER;

/* File generated by Shapr3D Version 5.1010.9989.0 */

FILE_DESCRIPTION(('HOOPS Exchange Step'),'2;1');

FILE_NAME('C:\\Users\\13271\\AppData\\Local\\Packages\\Shapr3D.Shapr3D_dvv5p1vgwv6mp\\TempState\\export\\temp_export',
'2025-12-16T15:26:36+08:00',
('13271'),
('Shapr3D Limited'),
'HOOPS Exchange 2025.7',
'Shapr3D',
'Authorized');

FILE_SCHEMA( ('AP242_MANAGED_MODEL_BASED_3D_ENGINEERING_MIM_LF {1 0 10303 442 1 1 4}') );

ENDSEC;

DATA;
#3=(NAMED_UNIT(*)PLANE_ANGLE_UNIT()SI_UNIT($,.RADIAN.));
#4=PLANE_ANGLE_MEASURE_WITH_UNIT(PLANE_ANGLE_MEASURE(0.0174532925),#3);
#5=(CONVERSION_BASED_UNIT('DEGREE',#4)NAMED_UNIT(#6)PLANE_ANGLE_UNIT());
#6=DIMENSIONAL_EXPONENTS(0.,0.,0.,0.,0.,0.,0.);
#7=(NAMED_UNIT(*)SI_UNIT($,.STERADIAN.)SOLID_ANGLE_UNIT());
#8=(LENGTH_UNIT()NAMED_UNIT(*)SI_UNIT(.MILLI.,.METRE.));
#9=UNCERTAINTY_MEASURE_WITH_UNIT(LENGTH_MEASURE(1.000000E-03),#8,'DISTANCE_ACCURACY_VALUE','Maximum Tolerance applied to model');
#10=(GEOMETRIC_REPRESENTATION_CONTEXT(3)GLOBAL_UNCERTAINTY_ASSIGNED_CONTEXT((#9))GLOBAL_UNIT_ASSIGNED_CONTEXT((#8,#5,#7))REPRESENTATION_CONTEXT('','root'));
#12=CARTESIAN_POINT('',(0.,0.,0.));
#13=DIRECTION('',(0.,0.,1.));
#14=DIRECTION('',(1.,0.,0.));
#15=AXIS2_PLACEMENT_3D('',#12,#13,#14);
#26=(NAMED_UNIT(*)PLANE_ANGLE_UNIT()SI_UNIT($,.RADIAN.));
#27=PLANE_ANGLE_MEASURE_WITH_UNIT(PLANE_ANGLE_MEASURE(0.0174532925),#26);
#28=(CONVERSION_BASED_UNIT('DEGREE',#27)NAMED_UNIT(#29)PLANE_ANGLE_UNIT());
#29=DIMENSIONAL_EXPONENTS(0.,0.,0.,0.,0.,0.,0.);
#30=(NAMED_UNIT(*)SI_UNIT($,.STERADIAN.)SOLID_ANGLE_UNIT());
#31=(LENGTH_UNIT()NAMED_UNIT(*)SI_UNIT(.MILLI.,.METRE.));
#32=UNCERTAINTY_MEASURE_WITH_UNIT(LENGTH_MEASURE(1.000000E-05),#31,'DISTANCE_ACCURACY_VALUE','Maximum Tolerance applied to model');
#33=(GEOMETRIC_REPRESENTATION_CONTEXT(3)GLOBAL_UNCERTAINTY_ASSIGNED_CONTEXT((#32))GLOBAL_UNIT_ASSIGNED_CONTEXT((#31,#28,#30))REPRESENTATION_CONTEXT('','main_frame'));
#45=CARTESIAN_POINT('',(0.,0.,0.));
#46=DIRECTION('',(0.,0.,1.));
#47=DIRECTION('',(1.,0.,-0.));
#48=AXIS2_PLACEMENT_3D('',#45,#46,#47);
#49=ITEM_DEFINED_TRANSFORMATION('','',#48,#15);
#50=(REPRESENTATION_RELATIONSHIP('','',#35,#16)REPRESENTATION_RELATIONSHIP_WITH_TRANSFORMATION(#49)SHAPE_REPRESENTATION_RELATIONSHIP());
#51=NEXT_ASSEMBLY_USAGE_OCCURRENCE('main_frame_1','main_frame','main_frame',#25,#44,$);
#52=PRODUCT_DEFINITION_SHAPE('','',#51);
#53=CONTEXT_DEPENDENT_SHAPE_REPRESENTATION(#50,#52);
#55=CARTESIAN_POINT('',(0.3,-2.003388779,30.257459202));
#56=DIRECTION('',(0.,-0.,1.));
#57=DIRECTION('',(1.,0.,0.));
#58=AXIS2_PLACEMENT_3D('',#55,#56,#57);
#59=PLANE('',#58);
#60=CARTESIAN_POINT('',(144.5198,-48.247438779,30.257459202));
#61=VERTEX_POINT('',#60);
#62=CARTESIAN_POINT('',(141.9198,-50.847438779,30.257459202));
#63=VERTEX_POINT('',#62);
#64=CARTESIAN_POINT('',(141.9198,-48.247438779,30.257459202));
#65=DIRECTION('',(-0.,0.,-1.));
#66=DIRECTION('',(0.,-1.,-0.));
#67=AXIS2_PLACEMENT_3D('',#64,#65,#66);
#68=CIRCLE('',#67,2.6);
#69=EDGE_CURVE('',#61,#63,#68,.T.);
#70=ORIENTED_EDGE('',*,*,#69,.T.);
#71=CARTESIAN_POINT('',(-141.3198,-50.847438779,30.257459202));
#72=VERTEX_POINT('',#71);
#73=CARTESIAN_POINT('',(141.9198,-50.847438779,30.257459202));
#74=DIRECTION('',(-1.,0.,0.));
#75=VECTOR('',#74,283.2396);
#76=LINE('',#73,#75);
#77=EDGE_CURVE('',#63,#72,#76,.T.);
#78=ORIENTED_EDGE('',*,*,#77,.T.);
#79=CARTESIAN_POINT('',(-143.9198,-48.247438779,30.257459202));
#80=VERTEX_POINT('',#79);
#81=CARTESIAN_POINT('',(-141.3198,-48.247438779,30.257459202));
#82=DIRECTION('',(-0.,0.,-1.));
#83=DIRECTION('',(0.,-1.,-0.));
#84=AXIS2_PLACEMENT_3D('',#81,#82,#83);
#85=CIRCLE('',#84,2.6);
#86=EDGE_CURVE('',#72,#80,#85,.T.);
#87=ORIENTED_EDGE('',*,*,#86,.T.);
#88=CARTESIAN_POINT('',(-143.9198,44.240661221,30.257459202));
#89=VERTEX_POINT('',#88);
#90=CARTESIAN_POINT('',(-143.9198,-48.247438779,30.257459202));
#91=DIRECTION('',(0.,1.,0.));
#92=VECTOR('',#91,92.4881);
#93=LINE('',#90,#92);
#94=EDGE_CURVE('',#80,#89,#93,.T.);
#95=ORIENTED_EDGE('',*,*,#94,.T.);
#96=CARTESIAN_POINT('',(-141.3198,46.840661221,30.257459202));
#97=VERTEX_POINT('',#96);
#98=CARTESIAN_POINT('',(-141.3198,44.240661221,30.257459202));
#99=DIRECTION('',(-0.,0.,-1.));
#100=DIRECTION('',(0.,-1.,-0.));
#101=AXIS2_PLACEMENT_3D('',#98,#99,#100);
#102=CIRCLE('',#101,2.6);
#103=EDGE_CURVE('',#89,#97,#102,.T.);
#104=ORIENTED_EDGE('',*,*,#103,.T.);
#105=CARTESIAN_POINT('',(141.9198,46.840661221,30.257459202));
#106=VERTEX_POINT('',#105);
#107=CARTESIAN_POINT('',(-141.3198,46.840661221,30.257459202));
#108=DIRECTION('',(1.,0.,-0.));
#109=VECTOR('',#108,283.2396);
#110=LINE('',#107,#109);
#111=EDGE_CURVE('',#97,#106,#110,.T.);
#112=ORIENTED_EDGE('',*,*,#111,.T.);
#113=CARTESIAN_POINT('',(144.5198,44.240661221,30.257459202));
#114=VERTEX_POINT('',#113);
#115=CARTESIAN_POINT('',(141.9198,44.240661221,30.257459202));
#116=DIRECTION('',(-0.,0.,-1.));
#117=DIRECTION('',(0.,-1.,-0.));
#118=AXIS2_PLACEMENT_3D('',#115,#116,#117);
#119=CIRCLE('',#118,2.6);
#120=EDGE_CURVE('',#106,#114,#119,.T.);
#121=ORIENTED_EDGE('',*,*,#120,.T.);
#122=CARTESIAN_POINT('',(144.5198,44.240661221,30.257459202));
#123=DIRECTION('',(0.,-1.,-0.));
#124=VECTOR('',#123,92.4881);
#125=LINE('',#122,#124);
#126=EDGE_CURVE('',#114,#61,#125,.T.);
#127=ORIENTED_EDGE('',*,*,#126,.T.);
#128=EDGE_LOOP('',(#70,#78,#87,#95,#104,#112,#121,#127));
#129=FACE_BOUND('',#128,.T.);
#130=CARTESIAN_POINT('',(149.029850506,-52.747438779,30.257459204));
#131=VERTEX_POINT('',#130);
#132=CARTESIAN_POINT('',(149.029850506,48.740661221,30.257459203));
#133=VERTEX_POINT('',#132);
#134=CARTESIAN_POINT('',(149.029850506,-52.747438779,30.257459202));
#135=DIRECTION('',(0.,1.,0.));
#136=VECTOR('',#135,101.4881);
#137=LINE('',#134,#136);
#138=EDGE_CURVE('',#131,#133,#137,.T.);
#139=ORIENTED_EDGE('',*,*,#138,.T.);
#140=CARTESIAN_POINT('',(144.0198,53.750711727,30.257459203));
#141=VERTEX_POINT('',#140);
#142=CARTESIAN_POINT('',(144.0198,48.740661221,30.257459203));
#143=DIRECTION('',(-0.,-0.,1.));
#144=DIRECTION('',(-1.,0.,0.));
#145=AXIS2_PLACEMENT_3D('',#142,#143,#144);
#146=CIRCLE('',#145,5.010050506);
#147=EDGE_CURVE('',#133,#141,#146,.T.);
#148=ORIENTED_EDGE('',*,*,#147,.T.);
#149=CARTESIAN_POINT('',(-143.4198,53.750711728,30.257459203));
#150=VERTEX_POINT('',#149);
#151=CARTESIAN_POINT('',(144.0198,53.750711727,30.257459202));
#152=DIRECTION('',(-1.,-0.,0.));
#153=VECTOR('',#152,287.4396);
#154=LINE('',#151,#153);
#155=EDGE_CURVE('',#141,#150,#154,.T.);
#156=ORIENTED_EDGE('',*,*,#155,.T.);
#157=CARTESIAN_POINT('',(-148.429850506,48.740661221,30.257459202));
#158=VERTEX_POINT('',#157);
#159=CARTESIAN_POINT('',(-143.4198,48.740661221,30.257459203));
#160=DIRECTION('',(-0.,-0.,1.));
#161=DIRECTION('',(-1.,0.,0.));
#162=AXIS2_PLACEMENT_3D('',#159,#160,#161);
#163=CIRCLE('',#162,5.010050506);
#164=EDGE_CURVE('',#150,#158,#163,.T.);
#165=ORIENTED_EDGE('',*,*,#164,.T.);
#166=CARTESIAN_POINT('',(-148.429850506,-52.747438779,30.257459203));
#167=VERTEX_POINT('',#166);
#168=CARTESIAN_POINT('',(-148.429850506,48.740661221,30.257459202));
#169=DIRECTION('',(-0.,-1.,-0.));
#170=VECTOR('',#169,101.4881);
#171=LINE('',#168,#170);
#172=EDGE_CURVE('',#158,#167,#171,.T.);
#173=ORIENTED_EDGE('',*,*,#172,.T.);
#174=CARTESIAN_POINT('',(-143.4198,-57.757489284,30.257459203));
#175=VERTEX_POINT('',#174);
#176=CARTESIAN_POINT('',(-143.4198,-52.747438779,30.257459203));
#177=DIRECTION('',(-0.,-0.,1.));
#178=DIRECTION('',(-1.,0.,0.));
#179=AXIS2_PLACEMENT_3D('',#176,#177,#178);
#180=CIRCLE('',#179,5.010050506);
#181=EDGE_CURVE('',#167,#175,#180,.T.);
#182=ORIENTED_EDGE('',*,*,#181,.T.);
#183=CARTESIAN_POINT('',(144.0198,-57.757489283,30.257459203));
#184=VERTEX_POINT('',#183);
#185=CARTESIAN_POINT('',(-143.4198,-57.757489285,30.257459202));
#186=DIRECTION('',(1.,0.,-0.));
#187=VECTOR('',#186,287.4396);
#188=LINE('',#185,#187);
#189=EDGE_CURVE('',#175,#184,#188,.T.);
#190=ORIENTED_EDGE('',*,*,#189,.T.);
#191=CARTESIAN_POINT('',(144.0198,-52.747438779,30.257459204));
#192=DIRECTION('',(-0.,-0.,1.));
#193=DIRECTION('',(-1.,0.,0.));
#194=AXIS2_PLACEMENT_3D('',#191,#192,#193);
#195=CIRCLE('',#194,5.010050505);
#196=EDGE_CURVE('',#184,#131,#195,.T.);
#197=ORIENTED_EDGE('',*,*,#196,.T.);
#198=EDGE_LOOP('',(#139,#148,#156,#165,#173,#182,#190,#197));
#199=FACE_BOUND('',#198,.T.);
#200=ADVANCED_FACE('',(#129,#199),#59,.T.);
#201=CARTESIAN_POINT('',(0.215,-51.447438779,25.657459202));
#202=DIRECTION('',(0.,0.,-1.));
#203=DIRECTION('',(-1.,0.,0.));
#204=AXIS2_PLACEMENT_3D('',#201,#202,#203);
#205=PLANE('',#204);
#206=CARTESIAN_POINT('',(5.26,-50.247438779,25.657459202));
#207=VERTEX_POINT('',#206);
#208=CARTESIAN_POINT('',(-4.83,-50.247438779,25.657459202));
#209=VERTEX_POINT('',#208);
#210=CARTESIAN_POINT('',(5.26,-50.247438779,25.657459202));
#211=DIRECTION('',(-1.,0.,0.));
#212=VECTOR('',#211,10.09);
#213=LINE('',#210,#212);
#214=EDGE_CURVE('',#207,#209,#213,.T.);
#215=ORIENTED_EDGE('',*,*,#214,.T.);
#216=CARTESIAN_POINT('',(-4.83,-56.747438779,25.657459202));
#217=VERTEX_POINT('',#216);
#218=CARTESIAN_POINT('',(-4.83,-56.747438779,25.657459202));
#219=DIRECTION('',(0.,1.,0.));
#220=VECTOR('',#219,6.5);
#221=LINE('',#218,#220);
#222=EDGE_CURVE('',#217,#209,#221,.T.);
#223=ORIENTED_EDGE('',*,*,#222,.F.);
#224=CARTESIAN_POINT('',(5.26,-56.747438779,25.657459202));
#225=VERTEX_POINT('',#224);
#226=CARTESIAN_POINT('',(5.26,-56.747438779,25.657459202));
#227=DIRECTION('',(-1.,0.,0.));
#228=VECTOR('',#227,10.09);
#229=LINE('',#226,#228);
#230=EDGE_CURVE('',#225,#217,#229,.T.);
#231=ORIENTED_EDGE('',*,*,#230,.F.);
#232=CARTESIAN_POINT('',(5.26,-56.747438779,25.657459202));
#233=DIRECTION('',(0.,1.,0.));
#234=VECTOR('',#233,6.5);
#235=LINE('',#232,#234);
#236=EDGE_CURVE('',#225,#207,#235,.T.);
#237=ORIENTED_EDGE('',*,*,#236,.T.);
#238=EDGE_LOOP('',(#215,#223,#231,#237));
#239=FACE_BOUND('',#238,.T.);
#240=ADVANCED_FACE('',(#239),#205,.F.);
#241=CARTESIAN_POINT('',(0.215,-51.447438779,28.657459202));
#242=DIRECTION('',(0.,-0.,1.));
#243=DIRECTION('',(1.,0.,0.));
#244=AXIS2_PLACEMENT_3D('',#241,#242,#243);
#245=PLANE('',#244);
#246=CARTESIAN_POINT('',(-4.83,-50.247438779,28.657459202));
#247=VERTEX_POINT('',#246);
#248=CARTESIAN_POINT('',(5.26,-50.247438779,28.657459202));
#249=VERTEX_POINT('',#248);
#250=CARTESIAN_POINT('',(-4.83,-50.247438779,28.657459202));
#251=DIRECTION('',(1.,0.,-0.));
#252=VECTOR('',#251,10.09);
#253=LINE('',#250,#252);
#254=EDGE_CURVE('',#247,#249,#253,.T.);
#255=ORIENTED_EDGE('',*,*,#254,.T.);
#256=CARTESIAN_POINT('',(5.26,-56.747438779,28.657459202));
#257=VERTEX_POINT('',#256);
#258=CARTESIAN_POINT('',(5.26,-56.747438779,28.657459202));
#259=DIRECTION('',(0.,1.,0.));
#260=VECTOR('',#259,6.5);
#261=LINE('',#258,#260);
#262=EDGE_CURVE('',#257,#249,#261,.T.);
#263=ORIENTED_EDGE('',*,*,#262,.F.);
#264=CARTESIAN_POINT('',(-4.83,-56.747438779,28.657459202));
#265=VERTEX_POINT('',#264);
#266=CARTESIAN_POINT('',(-4.83,-56.747438779,28.657459202));
#267=DIRECTION('',(1.,0.,-0.));
#268=VECTOR('',#267,10.09);
#269=LINE('',#266,#268);
#270=EDGE_CURVE('',#265,#257,#269,.T.);
#271=ORIENTED_EDGE('',*,*,#270,.F.);
#272=CARTESIAN_POINT('',(-4.83,-56.747438779,28.657459202));
#273=DIRECTION('',(0.,1.,0.));
#274=VECTOR('',#273,6.5);
#275=LINE('',#272,#274);
#276=EDGE_CURVE('',#265,#247,#275,.T.);
#277=ORIENTED_EDGE('',*,*,#276,.T.);
#278=EDGE_LOOP('',(#255,#263,#271,#277));
#279=FACE_BOUND('',#278,.T.);
#280=ADVANCED_FACE('',(#279),#245,.F.);
#281=CARTESIAN_POINT('',(164.269906052,-57.147438779,28.657459202));
#282=DIRECTION('',(0.,-0.,1.));
#283=DIRECTION('',(1.,0.,0.));
#284=AXIS2_PLACEMENT_3D('',#281,#282,#283);
#285=PLANE('',#284);
#286=CARTESIAN_POINT('',(126.424906052,-50.247438779,28.657459202));
#287=VERTEX_POINT('',#286);
#288=CARTESIAN_POINT('',(136.514906052,-50.247438779,28.657459202));
#289=VERTEX_POINT('',#288);
#290=CARTESIAN_POINT('',(126.424906052,-50.247438779,28.657459202));
#291=DIRECTION('',(1.,0.,-0.));
#292=VECTOR('',#291,10.09);
#293=LINE('',#290,#292);
#294=EDGE_CURVE('',#287,#289,#293,.T.);
#295=ORIENTED_EDGE('',*,*,#294,.T.);
#296=CARTESIAN_POINT('',(136.514906052,-56.747438779,28.657459202));
#297=VERTEX_POINT('',#296);
#298=CARTESIAN_POINT('',(136.514906052,-56.747438779,28.657459202));
#299=DIRECTION('',(0.,1.,0.));
#300=VECTOR('',#299,6.5);
#301=LINE('',#298,#300);
#302=EDGE_CURVE('',#297,#289,#301,.T.);
#303=ORIENTED_EDGE('',*,*,#302,.F.);
#304=CARTESIAN_POINT('',(126.424906052,-56.747438779,28.657459202));
#305=VERTEX_POINT('',#304);
#306=CARTESIAN_POINT('',(126.424906052,-56.747438779,28.657459202));
#307=DIRECTION('',(1.,0.,-0.));
#308=VECTOR('',#307,10.09);
#309=LINE('',#306,#308);
#310=EDGE_CURVE('',#305,#297,#309,.T.);
#311=ORIENTED_EDGE('',*,*,#310,.F.);
#312=CARTESIAN_POINT('',(126.424906052,-56.747438779,28.657459202));
#313=DIRECTION('',(0.,1.,0.));
#314=VECTOR('',#313,6.5);
#315=LINE('',#312,#314);
#316=EDGE_CURVE('',#305,#287,#315,.T.);
#317=ORIENTED_EDGE('',*,*,#316,.T.);
#318=EDGE_LOOP('',(#295,#303,#311,#317));
#319=FACE_BOUND('',#318,.T.);
#320=ADVANCED_FACE('',(#319),#285,.F.);
#321=CARTESIAN_POINT('',(164.269906052,-57.147438779,25.657459202));
#322=DIRECTION('',(0.,0.,-1.));
#323=DIRECTION('',(-1.,0.,0.));
#324=AXIS2_PLACEMENT_3D('',#321,#322,#323);
#325=PLANE('',#324);
#326=CARTESIAN_POINT('',(136.514906052,-50.247438779,25.657459202));
#327=VERTEX_POINT('',#326);
#328=CARTESIAN_POINT('',(126.424906052,-50.247438779,25.657459202));
#329=VERTEX_POINT('',#328);
#330=CARTESIAN_POINT('',(136.514906052,-50.247438779,25.657459202));
#331=DIRECTION('',(-1.,0.,0.));
#332=VECTOR('',#331,10.09);
#333=LINE('',#330,#332);
#334=EDGE_CURVE('',#327,#329,#333,.T.);
#335=ORIENTED_EDGE('',*,*,#334,.T.);
#336=CARTESIAN_POINT('',(126.424906052,-56.747438779,25.657459202));
#337=VERTEX_POINT('',#336);
#338=CARTESIAN_POINT('',(126.424906052,-56.747438779,25.657459202));
#339=DIRECTION('',(0.,1.,0.));
#340=VECTOR('',#339,6.5);
#341=LINE('',#338,#340);
#342=EDGE_CURVE('',#337,#329,#341,.T.);
#343=ORIENTED_EDGE('',*,*,#342,.F.);
#344=CARTESIAN_POINT('',(136.514906052,-56.747438779,25.657459202));
#345=VERTEX_POINT('',#344);
#346=CARTESIAN_POINT('',(136.514906052,-56.747438779,25.657459202));
#347=DIRECTION('',(-1.,0.,0.));
#348=VECTOR('',#347,10.09);
#349=LINE('',#346,#348);
#350=EDGE_CURVE('',#345,#337,#349,.T.);
#351=ORIENTED_EDGE('',*,*,#350,.F.);
#352=CARTESIAN_POINT('',(136.514906052,-56.747438779,25.657459202));
#353=DIRECTION('',(0.,1.,0.));
#354=VECTOR('',#353,6.5);
#355=LINE('',#352,#354);
#356=EDGE_CURVE('',#345,#327,#355,.T.);
#357=ORIENTED_EDGE('',*,*,#356,.T.);
#358=EDGE_LOOP('',(#335,#343,#351,#357));
#359=FACE_BOUND('',#358,.T.);
#360=ADVANCED_FACE('',(#359),#325,.F.);
#361=CARTESIAN_POINT('',(0.3,46.240661221,5.857459202));
#362=DIRECTION('',(0.,-1.,-0.));
#363=DIRECTION('',(0.,0.,-1.));
#364=AXIS2_PLACEMENT_3D('',#361,#362,#363);
#365=PLANE('',#364);
#366=CARTESIAN_POINT('',(141.9198,46.240661221,24.657459202));
#367=VERTEX_POINT('',#366);
#368=CARTESIAN_POINT('',(141.9198,46.240661221,29.657459202));
#369=VERTEX_POINT('',#368);
#370=CARTESIAN_POINT('',(141.9198,46.240661221,24.657459202));
#371=DIRECTION('',(-0.,-0.,1.));
#372=VECTOR('',#371,5.);
#373=LINE('',#370,#372);
#374=EDGE_CURVE('',#367,#369,#373,.T.);
#375=ORIENTED_EDGE('',*,*,#374,.T.);
#376=CARTESIAN_POINT('',(-141.3198,46.240661221,29.657459202));
#377=VERTEX_POINT('',#376);
#378=CARTESIAN_POINT('',(141.9198,46.240661221,29.657459202));
#379=DIRECTION('',(-1.,0.,0.));
#380=VECTOR('',#379,283.2396);
#381=LINE('',#378,#380);
#382=EDGE_CURVE('',#369,#377,#381,.T.);
#383=ORIENTED_EDGE('',*,*,#382,.T.);
#384=CARTESIAN_POINT('',(-141.3198,46.240661221,24.657459202));
#385=VERTEX_POINT('',#384);
#386=CARTESIAN_POINT('',(-141.3198,46.240661221,29.657459202));
#387=DIRECTION('',(0.,0.,-1.));
#388=VECTOR('',#387,5.);
#389=LINE('',#386,#388);
#390=EDGE_CURVE('',#377,#385,#389,.T.);
#391=ORIENTED_EDGE('',*,*,#390,.T.);
#392=CARTESIAN_POINT('',(-141.3198,46.240661221,24.657459202));
#393=DIRECTION('',(1.,0.,-0.));
#394=VECTOR('',#393,283.2396);
#395=LINE('',#392,#394);
#396=EDGE_CURVE('',#385,#367,#395,.T.);
#397=ORIENTED_EDGE('',*,*,#396,.T.);
#398=EDGE_LOOP('',(#375,#383,#391,#397));
#399=FACE_BOUND('',#398,.T.);
#400=CARTESIAN_POINT('',(136.509906052,46.240661221,25.657459202));
#401=VERTEX_POINT('',#400);
#402=CARTESIAN_POINT('',(126.429906052,46.240661221,25.657459202));
#403=VERTEX_POINT('',#402);
#404=CARTESIAN_POINT('',(136.509906052,46.240661221,25.657459202));
#405=DIRECTION('',(-1.,0.,0.));
#406=VECTOR('',#405,10.08);
#407=LINE('',#404,#406);
#408=EDGE_CURVE('',#401,#403,#407,.T.);
#409=ORIENTED_EDGE('',*,*,#408,.T.);
#410=CARTESIAN_POINT('',(126.429906052,46.240661221,28.657459202));
#411=VERTEX_POINT('',#410);
#412=CARTESIAN_POINT('',(126.429906052,46.240661221,25.657459202));
#413=DIRECTION('',(0.,-0.,1.));
#414=VECTOR('',#413,3.);
#415=LINE('',#412,#414);
#416=EDGE_CURVE('',#403,#411,#415,.T.);
#417=ORIENTED_EDGE('',*,*,#416,.T.);
#418=CARTESIAN_POINT('',(136.509906052,46.240661221,28.657459202));
#419=VERTEX_POINT('',#418);
#420=CARTESIAN_POINT('',(126.429906052,46.240661221,28.657459202));
#421=DIRECTION('',(1.,0.,-0.));
#422=VECTOR('',#421,10.08);
#423=LINE('',#420,#422);
#424=EDGE_CURVE('',#411,#419,#423,.T.);
#425=ORIENTED_EDGE('',*,*,#424,.T.);
#426=CARTESIAN_POINT('',(136.509906052,46.240661221,28.657459202));
#427=DIRECTION('',(0.,0.,-1.));
#428=VECTOR('',#427,3.);
#429=LINE('',#426,#428);
#430=EDGE_CURVE('',#419,#401,#429,.T.);
#431=ORIENTED_EDGE('',*,*,#430,.T.);
#432=EDGE_LOOP('',(#409,#417,#425,#431));
#433=FACE_BOUND('',#432,.T.);
#434=CARTESIAN_POINT('',(-4.8257,46.240661221,25.657459202));
#435=VERTEX_POINT('',#434);
#436=CARTESIAN_POINT('',(5.2557,46.240661221,25.657459202));
#437=VERTEX_POINT('',#436);
#438=CARTESIAN_POINT('',(-4.8257,46.240661221,25.657459202));
#439=DIRECTION('',(1.,0.,-0.));
#440=VECTOR('',#439,10.0814);
#441=LINE('',#438,#440);
#442=EDGE_CURVE('',#435,#437,#441,.T.);
#443=ORIENTED_EDGE('',*,*,#442,.F.);
#444=CARTESIAN_POINT('',(-4.8257,46.240661221,28.657459202));
#445=VERTEX_POINT('',#444);
#446=CARTESIAN_POINT('',(-4.8257,46.240661221,25.657459202));
#447=DIRECTION('',(0.,-0.,1.));
#448=VECTOR('',#447,3.);
#449=LINE('',#446,#448);
#450=EDGE_CURVE('',#435,#445,#449,.T.);
#451=ORIENTED_EDGE('',*,*,#450,.T.);
#452=CARTESIAN_POINT('',(5.2557,46.240661221,28.657459202));
#453=VERTEX_POINT('',#452);
#454=CARTESIAN_POINT('',(5.2557,46.240661221,28.657459202));
#455=DIRECTION('',(-1.,0.,0.));
#456=VECTOR('',#455,10.0814);
#457=LINE('',#454,#456);
#458=EDGE_CURVE('',#453,#445,#457,.T.);
#459=ORIENTED_EDGE('',*,*,#458,.F.);
#460=CARTESIAN_POINT('',(5.2557,46.240661221,25.657459202));
#461=DIRECTION('',(0.,-0.,1.));
#462=VECTOR('',#461,3.);
#463=LINE('',#460,#462);
#464=EDGE_CURVE('',#437,#453,#463,.T.);
#465=ORIENTED_EDGE('',*,*,#464,.F.);
#466=EDGE_LOOP('',(#443,#451,#459,#465));
#467=FACE_BOUND('',#466,.T.);
#468=ADVANCED_FACE('',(#399,#433,#467),#365,.T.);
#469=CARTESIAN_POINT('',(0.215,48.240661221,28.657459202));
#470=DIRECTION('',(0.,-0.,1.));
#471=DIRECTION('',(1.,0.,0.));
#472=AXIS2_PLACEMENT_3D('',#469,#470,#471);
#473=PLANE('',#472);
#474=ORIENTED_EDGE('',*,*,#458,.T.);
#475=CARTESIAN_POINT('',(-4.8257,52.740661221,28.657459202));
#476=VERTEX_POINT('',#475);
#477=CARTESIAN_POINT('',(-4.8257,52.740661221,28.657459202));
#478=DIRECTION('',(0.,-1.,-0.));
#479=VECTOR('',#478,6.5);
#480=LINE('',#477,#479);
#481=EDGE_CURVE('',#476,#445,#480,.T.);
#482=ORIENTED_EDGE('',*,*,#481,.F.);
#483=CARTESIAN_POINT('',(5.2557,52.740661221,28.657459202));
#484=VERTEX_POINT('',#483);
#485=CARTESIAN_POINT('',(5.2557,52.740661221,28.657459202));
#486=DIRECTION('',(-1.,0.,0.));
#487=VECTOR('',#486,10.0814);
#488=LINE('',#485,#487);
#489=EDGE_CURVE('',#484,#476,#488,.T.);
#490=ORIENTED_EDGE('',*,*,#489,.F.);
#491=CARTESIAN_POINT('',(5.2557,52.740661221,28.657459202));
#492=DIRECTION('',(0.,-1.,-0.));
#493=VECTOR('',#492,6.5);
#494=LINE('',#491,#493);
#495=EDGE_CURVE('',#484,#453,#494,.T.);
#496=ORIENTED_EDGE('',*,*,#495,.T.);
#497=EDGE_LOOP('',(#474,#482,#490,#496));
#498=FACE_BOUND('',#497,.T.);
#499=ADVANCED_FACE('',(#498),#473,.F.);
#500=CARTESIAN_POINT('',(0.215,48.240661221,25.657459202));
#501=DIRECTION('',(0.,0.,-1.));
#502=DIRECTION('',(-1.,0.,0.));
#503=AXIS2_PLACEMENT_3D('',#500,#501,#502);
#504=PLANE('',#503);
#505=ORIENTED_EDGE('',*,*,#442,.T.);
#506=CARTESIAN_POINT('',(5.2557,52.740661221,25.657459202));
#507=VERTEX_POINT('',#506);
#508=CARTESIAN_POINT('',(5.2557,52.740661221,25.657459202));
#509=DIRECTION('',(0.,-1.,-0.));
#510=VECTOR('',#509,6.5);
#511=LINE('',#508,#510);
#512=EDGE_CURVE('',#507,#437,#511,.T.);
#513=ORIENTED_EDGE('',*,*,#512,.F.);
#514=CARTESIAN_POINT('',(-4.8257,52.740661221,25.657459202));
#515=VERTEX_POINT('',#514);
#516=CARTESIAN_POINT('',(-4.8257,52.740661221,25.657459202));
#517=DIRECTION('',(1.,0.,-0.));
#518=VECTOR('',#517,10.0814);
#519=LINE('',#516,#518);
#520=EDGE_CURVE('',#515,#507,#519,.T.);
#521=ORIENTED_EDGE('',*,*,#520,.F.);
#522=CARTESIAN_POINT('',(-4.8257,52.740661221,25.657459202));
#523=DIRECTION('',(0.,-1.,-0.));
#524=VECTOR('',#523,6.5);
#525=LINE('',#522,#524);
#526=EDGE_CURVE('',#515,#435,#525,.T.);
#527=ORIENTED_EDGE('',*,*,#526,.T.);
#528=EDGE_LOOP('',(#505,#513,#521,#527));
#529=FACE_BOUND('',#528,.T.);
#530=ADVANCED_FACE('',(#529),#504,.F.);
#531=CARTESIAN_POINT('',(146.7198,25.368636221,24.957459202));
#532=DIRECTION('',(1.,0.,0.));
#533=DIRECTION('',(0.,0.,-1.));
#534=AXIS2_PLACEMENT_3D('',#531,#532,#533);
#535=PLANE('',#534);
#536=CARTESIAN_POINT('',(146.7198,16.996611221,11.757459202));
#537=VERTEX_POINT('',#536);
#538=CARTESIAN_POINT('',(146.7198,16.996611221,24.257459202));
#539=VERTEX_POINT('',#538);
#540=CARTESIAN_POINT('',(146.7198,16.996611221,11.757459202));
#541=DIRECTION('',(-0.,-0.,1.));
#542=VECTOR('',#541,12.5);
#543=LINE('',#540,#542);
#544=EDGE_CURVE('',#537,#539,#543,.T.);
#545=ORIENTED_EDGE('',*,*,#544,.T.);
#546=CARTESIAN_POINT('',(146.7198,48.440661221,24.257459202));
#547=VERTEX_POINT('',#546);
#548=CARTESIAN_POINT('',(146.7198,16.996611221,24.257459202));
#549=DIRECTION('',(0.,1.,0.));
#550=VECTOR('',#549,31.44405);
#551=LINE('',#548,#550);
#552=EDGE_CURVE('',#539,#547,#551,.T.);
#553=ORIENTED_EDGE('',*,*,#552,.T.);
#554=CARTESIAN_POINT('',(146.7198,48.440661221,11.757459202));
#555=VERTEX_POINT('',#554);
#556=CARTESIAN_POINT('',(146.7198,48.440661221,24.257459202));
#557=DIRECTION('',(0.,0.,-1.));
#558=VECTOR('',#557,12.5);
#559=LINE('',#556,#558);
#560=EDGE_CURVE('',#547,#555,#559,.T.);
#561=ORIENTED_EDGE('',*,*,#560,.T.);
#562=CARTESIAN_POINT('',(146.7198,48.440661221,11.757459202));
#563=DIRECTION('',(0.,-1.,-0.));
#564=VECTOR('',#563,31.44405);
#565=LINE('',#562,#564);
#566=EDGE_CURVE('',#555,#537,#565,.T.);
#567=ORIENTED_EDGE('',*,*,#566,.T.);
#568=EDGE_LOOP('',(#545,#553,#561,#567));
#569=FACE_BOUND('',#568,.T.);
#570=ADVANCED_FACE('',(#569),#535,.F.);
#571=CARTESIAN_POINT('',(146.7198,25.368636221,24.957459202));
#572=DIRECTION('',(1.,0.,0.));
#573=DIRECTION('',(0.,0.,-1.));
#574=AXIS2_PLACEMENT_3D('',#571,#572,#573);
#575=PLANE('',#574);
#576=CARTESIAN_POINT('',(146.7198,-52.147438779,11.757459202));
#577=VERTEX_POINT('',#576);
#578=CARTESIAN_POINT('',(146.7198,-52.147438779,24.257459202));
#579=VERTEX_POINT('',#578);
#580=CARTESIAN_POINT('',(146.7198,-52.147438779,11.757459202));
#581=DIRECTION('',(-0.,-0.,1.));
#582=VECTOR('',#581,12.5);
#583=LINE('',#580,#582);
#584=EDGE_CURVE('',#577,#579,#583,.T.);
#585=ORIENTED_EDGE('',*,*,#584,.T.);
#586=CARTESIAN_POINT('',(146.7198,-21.003388779,24.257459202));
#587=VERTEX_POINT('',#586);
#588=CARTESIAN_POINT('',(146.7198,-52.147438779,24.257459202));
#589=DIRECTION('',(0.,1.,0.));
#590=VECTOR('',#589,31.14405);
#591=LINE('',#588,#590);
#592=EDGE_CURVE('',#579,#587,#591,.T.);
#593=ORIENTED_EDGE('',*,*,#592,.T.);
#594=CARTESIAN_POINT('',(146.7198,-21.003388779,11.757459202));
#595=VERTEX_POINT('',#594);
#596=CARTESIAN_POINT('',(146.7198,-21.003388779,11.757459202));
#597=DIRECTION('',(0.,-0.,1.));
#598=VECTOR('',#597,12.5);
#599=LINE('',#596,#598);
#600=EDGE_CURVE('',#595,#587,#599,.T.);
#601=ORIENTED_EDGE('',*,*,#600,.F.);
#602=CARTESIAN_POINT('',(146.7198,-21.003388779,11.757459202));
#603=DIRECTION('',(0.,-1.,-0.));
#604=VECTOR('',#603,31.14405);
#605=LINE('',#602,#604);
#606=EDGE_CURVE('',#595,#577,#605,.T.);
#607=ORIENTED_EDGE('',*,*,#606,.T.);
#608=EDGE_LOOP('',(#585,#593,#601,#607));
#609=FACE_BOUND('',#608,.T.);
#610=ADVANCED_FACE('',(#609),#575,.F.);
#611=CARTESIAN_POINT('',(0.3,-50.247438779,6.257459202));
#612=DIRECTION('',(0.,1.,0.));
#613=DIRECTION('',(0.,-0.,1.));
#614=AXIS2_PLACEMENT_3D('',#611,#612,#613);
#615=PLANE('',#614);
#616=CARTESIAN_POINT('',(5.26,-50.247438779,28.657459202));
#617=DIRECTION('',(0.,0.,-1.));
#618=VECTOR('',#617,3.);
#619=LINE('',#616,#618);
#620=EDGE_CURVE('',#249,#207,#619,.T.);
#621=ORIENTED_EDGE('',*,*,#620,.F.);
#622=ORIENTED_EDGE('',*,*,#254,.F.);
#623=CARTESIAN_POINT('',(-4.83,-50.247438779,28.657459202));
#624=DIRECTION('',(0.,0.,-1.));
#625=VECTOR('',#624,3.);
#626=LINE('',#623,#625);
#627=EDGE_CURVE('',#247,#209,#626,.T.);
#628=ORIENTED_EDGE('',*,*,#627,.T.);
#629=ORIENTED_EDGE('',*,*,#214,.F.);
#630=EDGE_LOOP('',(#621,#622,#628,#629));
#631=FACE_BOUND('',#630,.T.);
#632=CARTESIAN_POINT('',(126.424906052,-50.247438779,25.657459202));
#633=DIRECTION('',(0.,-0.,1.));
#634=VECTOR('',#633,3.);
#635=LINE('',#632,#634);
#636=EDGE_CURVE('',#329,#287,#635,.T.);
#637=ORIENTED_EDGE('',*,*,#636,.F.);
#638=ORIENTED_EDGE('',*,*,#334,.F.);
#639=CARTESIAN_POINT('',(136.514906052,-50.247438779,25.657459202));
#640=DIRECTION('',(0.,-0.,1.));
#641=VECTOR('',#640,3.);
#642=LINE('',#639,#641);
#643=EDGE_CURVE('',#327,#289,#642,.T.);
#644=ORIENTED_EDGE('',*,*,#643,.T.);
#645=ORIENTED_EDGE('',*,*,#294,.F.);
#646=EDGE_LOOP('',(#637,#638,#644,#645));
#647=FACE_BOUND('',#646,.T.);
#648=CARTESIAN_POINT('',(-141.3198,-50.247438779,24.657459202));
#649=VERTEX_POINT('',#648);
#650=CARTESIAN_POINT('',(-141.3198,-50.247438779,29.657459202));
#651=VERTEX_POINT('',#650);
#652=CARTESIAN_POINT('',(-141.3198,-50.247438779,24.657459202));
#653=DIRECTION('',(0.,-0.,1.));
#654=VECTOR('',#653,5.);
#655=LINE('',#652,#654);
#656=EDGE_CURVE('',#649,#651,#655,.T.);
#657=ORIENTED_EDGE('',*,*,#656,.T.);
#658=CARTESIAN_POINT('',(141.9198,-50.247438779,29.657459202));
#659=VERTEX_POINT('',#658);
#660=CARTESIAN_POINT('',(-141.3198,-50.247438779,29.657459202));
#661=DIRECTION('',(1.,0.,-0.));
#662=VECTOR('',#661,283.2396);
#663=LINE('',#660,#662);
#664=EDGE_CURVE('',#651,#659,#663,.T.);
#665=ORIENTED_EDGE('',*,*,#664,.T.);
#666=CARTESIAN_POINT('',(141.9198,-50.247438779,24.657459202));
#667=VERTEX_POINT('',#666);
#668=CARTESIAN_POINT('',(141.9198,-50.247438779,29.657459202));
#669=DIRECTION('',(0.,0.,-1.));
#670=VECTOR('',#669,5.);
#671=LINE('',#668,#670);
#672=EDGE_CURVE('',#659,#667,#671,.T.);
#673=ORIENTED_EDGE('',*,*,#672,.T.);
#674=CARTESIAN_POINT('',(141.9198,-50.247438779,24.657459202));
#675=DIRECTION('',(-1.,0.,0.));
#676=VECTOR('',#675,283.2396);
#677=LINE('',#674,#676);
#678=EDGE_CURVE('',#667,#649,#677,.T.);
#679=ORIENTED_EDGE('',*,*,#678,.T.);
#680=EDGE_LOOP('',(#657,#665,#673,#679));
#681=FACE_BOUND('',#680,.T.);
#682=ADVANCED_FACE('',(#631,#647,#681),#615,.T.);
#683=CARTESIAN_POINT('',(0.8,-2.003388779,24.457459202));
#684=DIRECTION('',(0.,-0.,1.));
#685=DIRECTION('',(1.,0.,0.));
#686=AXIS2_PLACEMENT_3D('',#683,#684,#685);
#687=PLANE('',#686);
#688=CARTESIAN_POINT('',(146.5198,-21.003388779,24.457459202));
#689=VERTEX_POINT('',#688);
#690=CARTESIAN_POINT('',(144.6198,-21.003388779,24.457459202));
#691=VERTEX_POINT('',#690);
#692=CARTESIAN_POINT('',(146.5198,-21.003388779,24.457459202));
#693=DIRECTION('',(-1.,0.,0.));
#694=VECTOR('',#693,1.9);
#695=LINE('',#692,#694);
#696=EDGE_CURVE('',#689,#691,#695,.T.);
#697=ORIENTED_EDGE('',*,*,#696,.F.);
#698=CARTESIAN_POINT('',(146.5198,-52.147438779,24.457459202));
#699=VERTEX_POINT('',#698);
#700=CARTESIAN_POINT('',(146.5198,-21.003388779,24.457459202));
#701=DIRECTION('',(0.,-1.,-0.));
#702=VECTOR('',#701,31.14405);
#703=LINE('',#700,#702);
#704=EDGE_CURVE('',#689,#699,#703,.T.);
#705=ORIENTED_EDGE('',*,*,#704,.T.);
#706=CARTESIAN_POINT('',(141.6198,-57.047438779,24.457459202));
#707=VERTEX_POINT('',#706);
#708=CARTESIAN_POINT('',(141.6198,-52.147438779,24.457459202));
#709=DIRECTION('',(-0.,0.,-1.));
#710=DIRECTION('',(1.,0.,0.));
#711=AXIS2_PLACEMENT_3D('',#708,#709,#710);
#712=CIRCLE('',#711,4.9);
#713=EDGE_CURVE('',#699,#707,#712,.T.);
#714=ORIENTED_EDGE('',*,*,#713,.T.);
#715=CARTESIAN_POINT('',(-141.5198,-57.047438779,24.457459202));
#716=VERTEX_POINT('',#715);
#717=CARTESIAN_POINT('',(141.6198,-57.047438779,24.457459202));
#718=DIRECTION('',(-1.,0.,0.));
#719=VECTOR('',#718,283.1396);
#720=LINE('',#717,#719);
#721=EDGE_CURVE('',#707,#716,#720,.T.);
#722=ORIENTED_EDGE('',*,*,#721,.T.);
#723=CARTESIAN_POINT('',(-146.3198,-52.247438779,24.457459202));
#724=VERTEX_POINT('',#723);
#725=CARTESIAN_POINT('',(-141.5198,-52.247438779,24.457459202));
#726=DIRECTION('',(-0.,0.,-1.));
#727=DIRECTION('',(1.,0.,0.));
#728=AXIS2_PLACEMENT_3D('',#725,#726,#727);
#729=CIRCLE('',#728,4.8);
#730=EDGE_CURVE('',#716,#724,#729,.T.);
#731=ORIENTED_EDGE('',*,*,#730,.T.);
#732=CARTESIAN_POINT('',(-146.3198,48.440661221,24.457459202));
#733=VERTEX_POINT('',#732);
#734=CARTESIAN_POINT('',(-146.3198,-52.247438779,24.457459202));
#735=DIRECTION('',(0.,1.,0.));
#736=VECTOR('',#735,100.6881);
#737=LINE('',#734,#736);
#738=EDGE_CURVE('',#724,#733,#737,.T.);
#739=ORIENTED_EDGE('',*,*,#738,.T.);
#740=CARTESIAN_POINT('',(-141.5198,53.240661221,24.457459202));
#741=VERTEX_POINT('',#740);
#742=CARTESIAN_POINT('',(-141.5198,48.440661221,24.457459202));
#743=DIRECTION('',(-0.,0.,-1.));
#744=DIRECTION('',(1.,0.,0.));
#745=AXIS2_PLACEMENT_3D('',#742,#743,#744);
#746=CIRCLE('',#745,4.8);
#747=EDGE_CURVE('',#733,#741,#746,.T.);
#748=ORIENTED_EDGE('',*,*,#747,.T.);
#749=CARTESIAN_POINT('',(141.7198,53.240661221,24.457459202));
#750=VERTEX_POINT('',#749);
#751=CARTESIAN_POINT('',(-141.5198,53.240661221,24.457459202));
#752=DIRECTION('',(1.,0.,-0.));
#753=VECTOR('',#752,283.2396);
#754=LINE('',#751,#753);
#755=EDGE_CURVE('',#741,#750,#754,.T.);
#756=ORIENTED_EDGE('',*,*,#755,.T.);
#757=CARTESIAN_POINT('',(146.5198,48.440661221,24.457459202));
#758=VERTEX_POINT('',#757);
#759=CARTESIAN_POINT('',(141.7198,48.440661221,24.457459202));
#760=DIRECTION('',(-0.,0.,-1.));
#761=DIRECTION('',(1.,0.,0.));
#762=AXIS2_PLACEMENT_3D('',#759,#760,#761);
#763=CIRCLE('',#762,4.8);
#764=EDGE_CURVE('',#750,#758,#763,.T.);
#765=ORIENTED_EDGE('',*,*,#764,.T.);
#766=CARTESIAN_POINT('',(146.5198,16.996611221,24.457459202));
#767=VERTEX_POINT('',#766);
#768=CARTESIAN_POINT('',(146.5198,48.440661221,24.457459202));
#769=DIRECTION('',(0.,-1.,-0.));
#770=VECTOR('',#769,31.44405);
#771=LINE('',#768,#770);
#772=EDGE_CURVE('',#758,#767,#771,.T.);
#773=ORIENTED_EDGE('',*,*,#772,.T.);
#774=CARTESIAN_POINT('',(144.4198,16.996611221,24.457459202));
#775=VERTEX_POINT('',#774);
#776=CARTESIAN_POINT('',(146.5198,16.996611221,24.457459202));
#777=DIRECTION('',(-1.,0.,0.));
#778=VECTOR('',#777,2.1);
#779=LINE('',#776,#778);
#780=EDGE_CURVE('',#767,#775,#779,.T.);
#781=ORIENTED_EDGE('',*,*,#780,.T.);
#782=CARTESIAN_POINT('',(144.1198,16.696611221,24.457459202));
#783=VERTEX_POINT('',#782);
#784=CARTESIAN_POINT('',(144.4198,16.996611221,24.457459202));
#785=DIRECTION('',(-0.707106781,-0.707106781,-0.));
#786=VECTOR('',#785,0.424264069);
#787=LINE('',#784,#786);
#788=EDGE_CURVE('',#775,#783,#787,.T.);
#789=ORIENTED_EDGE('',*,*,#788,.T.);
#790=CARTESIAN_POINT('',(144.1198,44.240661221,24.457459202));
#791=VERTEX_POINT('',#790);
#792=CARTESIAN_POINT('',(144.1198,16.696611221,24.457459202));
#793=DIRECTION('',(0.,1.,0.));
#794=VECTOR('',#793,27.54405);
#795=LINE('',#792,#794);
#796=EDGE_CURVE('',#783,#791,#795,.T.);
#797=ORIENTED_EDGE('',*,*,#796,.T.);
#798=CARTESIAN_POINT('',(141.9198,46.440661221,24.457459202));
#799=VERTEX_POINT('',#798);
#800=CARTESIAN_POINT('',(141.9198,44.240661221,24.457459202));
#801=DIRECTION('',(0.,-0.,1.));
#802=DIRECTION('',(1.,0.,0.));
#803=AXIS2_PLACEMENT_3D('',#800,#801,#802);
#804=CIRCLE('',#803,2.2);
#805=EDGE_CURVE('',#791,#799,#804,.T.);
#806=ORIENTED_EDGE('',*,*,#805,.T.);
#807=CARTESIAN_POINT('',(-141.3198,46.440661221,24.457459202));
#808=VERTEX_POINT('',#807);
#809=CARTESIAN_POINT('',(141.9198,46.440661221,24.457459202));
#810=DIRECTION('',(-1.,0.,0.));
#811=VECTOR('',#810,283.2396);
#812=LINE('',#809,#811);
#813=EDGE_CURVE('',#799,#808,#812,.T.);
#814=ORIENTED_EDGE('',*,*,#813,.T.);
#815=CARTESIAN_POINT('',(-143.5198,44.240661221,24.457459202));
#816=VERTEX_POINT('',#815);
#817=CARTESIAN_POINT('',(-141.3198,44.240661221,24.457459202));
#818=DIRECTION('',(0.,-0.,1.));
#819=DIRECTION('',(1.,0.,0.));
#820=AXIS2_PLACEMENT_3D('',#817,#818,#819);
#821=CIRCLE('',#820,2.2);
#822=EDGE_CURVE('',#808,#816,#821,.T.);
#823=ORIENTED_EDGE('',*,*,#822,.T.);
#824=CARTESIAN_POINT('',(-143.5198,-48.247438779,24.457459202));
#825=VERTEX_POINT('',#824);
#826=CARTESIAN_POINT('',(-143.5198,44.240661221,24.457459202));
#827=DIRECTION('',(0.,-1.,-0.));
#828=VECTOR('',#827,92.4881);
#829=LINE('',#826,#828);
#830=EDGE_CURVE('',#816,#825,#829,.T.);
#831=ORIENTED_EDGE('',*,*,#830,.T.);
#832=CARTESIAN_POINT('',(-141.3198,-50.447438779,24.457459202));
#833=VERTEX_POINT('',#832);
#834=CARTESIAN_POINT('',(-141.3198,-48.247438779,24.457459202));
#835=DIRECTION('',(0.,-0.,1.));
#836=DIRECTION('',(1.,0.,0.));
#837=AXIS2_PLACEMENT_3D('',#834,#835,#836);
#838=CIRCLE('',#837,2.2);
#839=EDGE_CURVE('',#825,#833,#838,.T.);
#840=ORIENTED_EDGE('',*,*,#839,.T.);
#841=CARTESIAN_POINT('',(141.9198,-50.447438779,24.457459202));
#842=VERTEX_POINT('',#841);
#843=CARTESIAN_POINT('',(-141.3198,-50.447438779,24.457459202));
#844=DIRECTION('',(1.,0.,-0.));
#845=VECTOR('',#844,283.2396);
#846=LINE('',#843,#845);
#847=EDGE_CURVE('',#833,#842,#846,.T.);
#848=ORIENTED_EDGE('',*,*,#847,.T.);
#849=CARTESIAN_POINT('',(144.1198,-48.247438779,24.457459202));
#850=VERTEX_POINT('',#849);
#851=CARTESIAN_POINT('',(141.9198,-48.247438779,24.457459202));
#852=DIRECTION('',(0.,-0.,1.));
#853=DIRECTION('',(1.,0.,0.));
#854=AXIS2_PLACEMENT_3D('',#851,#852,#853);
#855=CIRCLE('',#854,2.2);
#856=EDGE_CURVE('',#842,#850,#855,.T.);
#857=ORIENTED_EDGE('',*,*,#856,.T.);
#858=CARTESIAN_POINT('',(144.1198,-20.503388779,24.457459202));
#859=VERTEX_POINT('',#858);
#860=CARTESIAN_POINT('',(144.1198,-48.247438779,24.457459202));
#861=DIRECTION('',(0.,1.,0.));
#862=VECTOR('',#861,27.74405);
#863=LINE('',#860,#862);
#864=EDGE_CURVE('',#850,#859,#863,.T.);
#865=ORIENTED_EDGE('',*,*,#864,.T.);
#866=CARTESIAN_POINT('',(144.1198,-20.503388779,24.457459202));
#867=DIRECTION('',(0.707106781,-0.707106781,-0.));
#868=VECTOR('',#867,0.707106781);
#869=LINE('',#866,#868);
#870=EDGE_CURVE('',#859,#691,#869,.T.);
#871=ORIENTED_EDGE('',*,*,#870,.T.);
#872=EDGE_LOOP('',(#697,#705,#714,#722,#731,#739,#748,#756,#765,#773,#781,#789,#797,#806,#814,#823,#831,#840,#848,#857,#865,#871));
#873=FACE_BOUND('',#872,.T.);
#874=ADVANCED_FACE('',(#873),#687,.F.);
#875=CARTESIAN_POINT('',(-72.8099,-57.247438779,24.957459202));
#876=DIRECTION('',(0.,-1.,-0.));
#877=DIRECTION('',(0.,0.,-1.));
#878=AXIS2_PLACEMENT_3D('',#875,#876,#877);
#879=PLANE('',#878);
#880=CARTESIAN_POINT('',(-141.5198,-57.247438779,11.757459202));
#881=VERTEX_POINT('',#880);
#882=CARTESIAN_POINT('',(-141.5198,-57.247438779,24.257459202));
#883=VERTEX_POINT('',#882);
#884=CARTESIAN_POINT('',(-141.5198,-57.247438779,11.757459202));
#885=DIRECTION('',(-0.,-0.,1.));
#886=VECTOR('',#885,12.5);
#887=LINE('',#884,#886);
#888=EDGE_CURVE('',#881,#883,#887,.T.);
#889=ORIENTED_EDGE('',*,*,#888,.T.);
#890=CARTESIAN_POINT('',(141.6198,-57.247438779,24.257459202));
#891=VERTEX_POINT('',#890);
#892=CARTESIAN_POINT('',(-141.5198,-57.247438779,24.257459202));
#893=DIRECTION('',(1.,0.,-0.));
#894=VECTOR('',#893,283.1396);
#895=LINE('',#892,#894);
#896=EDGE_CURVE('',#883,#891,#895,.T.);
#897=ORIENTED_EDGE('',*,*,#896,.T.);
#898=CARTESIAN_POINT('',(141.6198,-57.247438779,11.757459202));
#899=VERTEX_POINT('',#898);
#900=CARTESIAN_POINT('',(141.6198,-57.247438779,24.257459202));
#901=DIRECTION('',(0.,0.,-1.));
#902=VECTOR('',#901,12.5);
#903=LINE('',#900,#902);
#904=EDGE_CURVE('',#891,#899,#903,.T.);
#905=ORIENTED_EDGE('',*,*,#904,.T.);
#906=CARTESIAN_POINT('',(141.6198,-57.247438779,11.757459202));
#907=DIRECTION('',(-1.,0.,0.));
#908=VECTOR('',#907,283.1396);
#909=LINE('',#906,#908);
#910=EDGE_CURVE('',#899,#881,#909,.T.);
#911=ORIENTED_EDGE('',*,*,#910,.T.);
#912=EDGE_LOOP('',(#889,#897,#905,#911));
#913=FACE_BOUND('',#912,.T.);
#914=ADVANCED_FACE('',(#913),#879,.F.);
#915=CARTESIAN_POINT('',(-141.3198,-48.247438779,6.257459202));
#916=DIRECTION('',(0.,-0.,1.));
#917=DIRECTION('',(1.,0.,0.));
#918=AXIS2_PLACEMENT_3D('',#915,#916,#917);
#919=CYLINDRICAL_SURFACE('',#918,2.);
#920=CARTESIAN_POINT('',(-143.3198,-48.247438779,29.657459202));
#921=VERTEX_POINT('',#920);
#922=CARTESIAN_POINT('',(-143.3198,-48.247438779,24.657459202));
#923=VERTEX_POINT('',#922);
#924=CARTESIAN_POINT('',(-143.3198,-48.247438779,29.657459202));
#925=DIRECTION('',(-0.,0.,-1.));
#926=VECTOR('',#925,5.);
#927=LINE('',#924,#926);
#928=EDGE_CURVE('',#921,#923,#927,.T.);
#929=ORIENTED_EDGE('',*,*,#928,.F.);
#930=CARTESIAN_POINT('',(-141.3198,-48.247438779,29.657459202));
#931=DIRECTION('',(0.,0.,1.));
#932=DIRECTION('',(1.,0.,-0.));
#933=AXIS2_PLACEMENT_3D('',#930,#931,#932);
#934=CIRCLE('',#933,2.);
#935=EDGE_CURVE('',#921,#651,#934,.T.);
#936=ORIENTED_EDGE('',*,*,#935,.T.);
#937=ORIENTED_EDGE('',*,*,#656,.F.);
#938=CARTESIAN_POINT('',(-141.3198,-48.247438779,24.657459202));
#939=DIRECTION('',(-0.,0.,-1.));
#940=DIRECTION('',(1.,0.,0.));
#941=AXIS2_PLACEMENT_3D('',#938,#939,#940);
#942=CIRCLE('',#941,2.);
#943=EDGE_CURVE('',#649,#923,#942,.T.);
#944=ORIENTED_EDGE('',*,*,#943,.T.);
#945=EDGE_LOOP('',(#929,#936,#937,#944));
#946=FACE_BOUND('',#945,.T.);
#947=ADVANCED_FACE('',(#946),#919,.F.);
#948=CARTESIAN_POINT('',(141.6198,-52.147438779,24.957459202));
#949=DIRECTION('',(0.,-0.,1.));
#950=DIRECTION('',(1.,0.,0.));
#951=AXIS2_PLACEMENT_3D('',#948,#949,#950);
#952=CYLINDRICAL_SURFACE('',#951,5.1);
#953=ORIENTED_EDGE('',*,*,#904,.F.);
#954=CARTESIAN_POINT('',(141.6198,-52.147438779,24.257459202));
#955=DIRECTION('',(-0.,-0.,1.));
#956=DIRECTION('',(0.,1.,0.));
#957=AXIS2_PLACEMENT_3D('',#954,#955,#956);
#958=CIRCLE('',#957,5.1);
#959=EDGE_CURVE('',#891,#579,#958,.T.);
#960=ORIENTED_EDGE('',*,*,#959,.T.);
#961=ORIENTED_EDGE('',*,*,#584,.F.);
#962=CARTESIAN_POINT('',(141.6198,-52.147438779,11.757459202));
#963=DIRECTION('',(0.,0.,-1.));
#964=DIRECTION('',(-1.,0.,0.));
#965=AXIS2_PLACEMENT_3D('',#962,#963,#964);
#966=CIRCLE('',#965,5.1);
#967=EDGE_CURVE('',#577,#899,#966,.T.);
#968=ORIENTED_EDGE('',*,*,#967,.T.);
#969=EDGE_LOOP('',(#953,#960,#961,#968));
#970=FACE_BOUND('',#969,.T.);
#971=ADVANCED_FACE('',(#970),#952,.F.);
#972=CARTESIAN_POINT('',(-141.5198,-52.247438779,24.967459202));
#973=DIRECTION('',(0.,-0.,1.));
#974=DIRECTION('',(1.,0.,0.));
#975=AXIS2_PLACEMENT_3D('',#972,#973,#974);
#976=CYLINDRICAL_SURFACE('',#975,5.);
#977=CARTESIAN_POINT('',(-146.5198,-52.247438779,24.257459202));
#978=VERTEX_POINT('',#977);
#979=CARTESIAN_POINT('',(-146.5198,-52.247438779,11.757459202));
#980=VERTEX_POINT('',#979);
#981=CARTESIAN_POINT('',(-146.5198,-52.247438779,24.257459202));
#982=DIRECTION('',(-0.,0.,-1.));
#983=VECTOR('',#982,12.5);
#984=LINE('',#981,#983);
#985=EDGE_CURVE('',#978,#980,#984,.T.);
#986=ORIENTED_EDGE('',*,*,#985,.F.);
#987=CARTESIAN_POINT('',(-141.5198,-52.247438779,24.257459202));
#988=DIRECTION('',(-0.,-0.,1.));
#989=DIRECTION('',(0.,1.,0.));
#990=AXIS2_PLACEMENT_3D('',#987,#988,#989);
#991=CIRCLE('',#990,5.);
#992=EDGE_CURVE('',#978,#883,#991,.T.);
#993=ORIENTED_EDGE('',*,*,#992,.T.);
#994=ORIENTED_EDGE('',*,*,#888,.F.);
#995=CARTESIAN_POINT('',(-141.5198,-52.247438779,11.757459202));
#996=DIRECTION('',(0.,0.,-1.));
#997=DIRECTION('',(-1.,0.,0.));
#998=AXIS2_PLACEMENT_3D('',#995,#996,#997);
#999=CIRCLE('',#998,5.);
#1000=EDGE_CURVE('',#881,#980,#999,.T.);
#1001=ORIENTED_EDGE('',*,*,#1000,.T.);
#1002=EDGE_LOOP('',(#986,#993,#994,#1001));
#1003=FACE_BOUND('',#1002,.T.);
#1004=ADVANCED_FACE('',(#1003),#976,.F.);
#1005=CARTESIAN_POINT('',(151.0198,31.868636221,24.957459202));
#1006=DIRECTION('',(1.,0.,0.));
#1007=DIRECTION('',(0.,0.,-1.));
#1008=AXIS2_PLACEMENT_3D('',#1005,#1006,#1007);
#1009=PLANE('',#1008);
#1010=CARTESIAN_POINT('',(151.019799998,-52.747438779,13.264565985));
#1011=VERTEX_POINT('',#1010);
#1012=CARTESIAN_POINT('',(151.0198,48.740661221,13.264565985));
#1013=VERTEX_POINT('',#1012);
#1014=CARTESIAN_POINT('',(151.0198,-52.747438779,13.264565985));
#1015=DIRECTION('',(0.,1.,0.));
#1016=VECTOR('',#1015,101.4881);
#1017=LINE('',#1014,#1016);
#1018=EDGE_CURVE('',#1011,#1013,#1017,.T.);
#1019=ORIENTED_EDGE('',*,*,#1018,.T.);
#1020=CARTESIAN_POINT('',(151.019799997,48.740661219,28.267509705));
#1021=VERTEX_POINT('',#1020);
#1022=CARTESIAN_POINT('',(151.0198,48.740661221,13.264565985));
#1023=DIRECTION('',(-0.,-0.,1.));
#1024=VECTOR('',#1023,15.002943721);
#1025=LINE('',#1022,#1024);
#1026=EDGE_CURVE('',#1013,#1021,#1025,.T.);
#1027=ORIENTED_EDGE('',*,*,#1026,.T.);
#1028=CARTESIAN_POINT('',(151.0198,-52.747438779,28.267509705));
#1029=VERTEX_POINT('',#1028);
#1030=CARTESIAN_POINT('',(151.0198,48.740661219,28.267509708));
#1031=DIRECTION('',(-0.,-1.,-0.));
#1032=VECTOR('',#1031,101.488099998);
#1033=LINE('',#1030,#1032);
#1034=EDGE_CURVE('',#1021,#1029,#1033,.T.);
#1035=ORIENTED_EDGE('',*,*,#1034,.T.);
#1036=CARTESIAN_POINT('',(151.0198,-52.747438779,28.267509705));
#1037=DIRECTION('',(0.,0.,-1.));
#1038=VECTOR('',#1037,15.00294372);
#1039=LINE('',#1036,#1038);
#1040=EDGE_CURVE('',#1029,#1011,#1039,.T.);
#1041=ORIENTED_EDGE('',*,*,#1040,.T.);
#1042=EDGE_LOOP('',(#1019,#1027,#1035,#1041));
#1043=FACE_BOUND('',#1042,.T.);
#1044=ADVANCED_FACE('',(#1043),#1009,.T.);
#1045=CARTESIAN_POINT('',(-150.4198,28.868636221,24.957459202));
#1046=DIRECTION('',(1.,0.,0.));
#1047=DIRECTION('',(0.,0.,-1.));
#1048=AXIS2_PLACEMENT_3D('',#1045,#1046,#1047);
#1049=PLANE('',#1048);
#1050=CARTESIAN_POINT('',(-150.419799999,-52.747438779,13.264565986));
#1051=VERTEX_POINT('',#1050);
#1052=CARTESIAN_POINT('',(-150.419799997,-52.747438779,28.267509705));
#1053=VERTEX_POINT('',#1052);
#1054=CARTESIAN_POINT('',(-150.4198,-52.747438779,13.264565986));
#1055=DIRECTION('',(-0.,-0.,1.));
#1056=VECTOR('',#1055,15.002943719);
#1057=LINE('',#1054,#1056);
#1058=EDGE_CURVE('',#1051,#1053,#1057,.T.);
#1059=ORIENTED_EDGE('',*,*,#1058,.T.);
#1060=CARTESIAN_POINT('',(-150.4198,48.740615626,28.267509708));
#1061=VERTEX_POINT('',#1060);
#1062=CARTESIAN_POINT('',(-150.4198,-52.747438779,28.267509708));
#1063=DIRECTION('',(0.,1.,0.));
#1064=VECTOR('',#1063,101.488054405);
#1065=LINE('',#1062,#1064);
#1066=EDGE_CURVE('',#1053,#1061,#1065,.T.);
#1067=ORIENTED_EDGE('',*,*,#1066,.T.);
#1068=CARTESIAN_POINT('',(-150.4198,48.740661221,13.264565984));
#1069=VERTEX_POINT('',#1068);
#1070=CARTESIAN_POINT('',(-150.4198,48.740661221,28.267509708));
#1071=DIRECTION('',(0.,0.,-1.));
#1072=VECTOR('',#1071,15.002943724);
#1073=LINE('',#1070,#1072);
#1074=EDGE_CURVE('',#1061,#1069,#1073,.T.);
#1075=ORIENTED_EDGE('',*,*,#1074,.T.);
#1076=CARTESIAN_POINT('',(-150.4198,48.740661221,13.264565984));
#1077=DIRECTION('',(-0.,-1.,-0.));
#1078=VECTOR('',#1077,101.4881);
#1079=LINE('',#1076,#1078);
#1080=EDGE_CURVE('',#1069,#1051,#1079,.T.);
#1081=ORIENTED_EDGE('',*,*,#1080,.T.);
#1082=EDGE_LOOP('',(#1059,#1067,#1075,#1081));
#1083=FACE_BOUND('',#1082,.T.);
#1084=ADVANCED_FACE('',(#1083),#1049,.F.);
#1085=CARTESIAN_POINT('',(-143.3198,-2.003388779,6.257459202));
#1086=DIRECTION('',(1.,0.,0.));
#1087=DIRECTION('',(0.,1.,0.));
#1088=AXIS2_PLACEMENT_3D('',#1085,#1086,#1087);
#1089=PLANE('',#1088);
#1090=CARTESIAN_POINT('',(-143.3198,44.240661221,24.657459202));
#1091=VERTEX_POINT('',#1090);
#1092=CARTESIAN_POINT('',(-143.3198,44.240661221,29.657459202));
#1093=VERTEX_POINT('',#1092);
#1094=CARTESIAN_POINT('',(-143.3198,44.240661221,24.657459202));
#1095=DIRECTION('',(0.,-0.,1.));
#1096=VECTOR('',#1095,5.);
#1097=LINE('',#1094,#1096);
#1098=EDGE_CURVE('',#1091,#1093,#1097,.T.);
#1099=ORIENTED_EDGE('',*,*,#1098,.T.);
#1100=CARTESIAN_POINT('',(-143.3198,44.240661221,29.657459202));
#1101=DIRECTION('',(0.,-1.,-0.));
#1102=VECTOR('',#1101,92.4881);
#1103=LINE('',#1100,#1102);
#1104=EDGE_CURVE('',#1093,#921,#1103,.T.);
#1105=ORIENTED_EDGE('',*,*,#1104,.T.);
#1106=ORIENTED_EDGE('',*,*,#928,.T.);
#1107=CARTESIAN_POINT('',(-143.3198,-48.247438779,24.657459202));
#1108=DIRECTION('',(0.,1.,0.));
#1109=VECTOR('',#1108,92.4881);
#1110=LINE('',#1107,#1109);
#1111=EDGE_CURVE('',#923,#1091,#1110,.T.);
#1112=ORIENTED_EDGE('',*,*,#1111,.T.);
#1113=EDGE_LOOP('',(#1099,#1105,#1106,#1112));
#1114=FACE_BOUND('',#1113,.T.);
#1115=ADVANCED_FACE('',(#1114),#1089,.T.);
#1116=CARTESIAN_POINT('',(143.9198,-2.003388779,5.257459202));
#1117=DIRECTION('',(-1.,0.,0.));
#1118=DIRECTION('',(0.,-1.,-0.));
#1119=AXIS2_PLACEMENT_3D('',#1116,#1117,#1118);
#1120=PLANE('',#1119);
#1121=CARTESIAN_POINT('',(143.9198,-48.247438779,24.657459202));
#1122=VERTEX_POINT('',#1121);
#1123=CARTESIAN_POINT('',(143.9198,-48.247438779,29.657459202));
#1124=VERTEX_POINT('',#1123);
#1125=CARTESIAN_POINT('',(143.9198,-48.247438779,24.657459202));
#1126=DIRECTION('',(-0.,-0.,1.));
#1127=VECTOR('',#1126,5.);
#1128=LINE('',#1125,#1127);
#1129=EDGE_CURVE('',#1122,#1124,#1128,.T.);
#1130=ORIENTED_EDGE('',*,*,#1129,.T.);
#1131=CARTESIAN_POINT('',(143.9198,44.240661221,29.657459202));
#1132=VERTEX_POINT('',#1131);
#1133=CARTESIAN_POINT('',(143.9198,-48.247438779,29.657459202));
#1134=DIRECTION('',(0.,1.,0.));
#1135=VECTOR('',#1134,92.4881);
#1136=LINE('',#1133,#1135);
#1137=EDGE_CURVE('',#1124,#1132,#1136,.T.);
#1138=ORIENTED_EDGE('',*,*,#1137,.T.);
#1139=CARTESIAN_POINT('',(143.9198,44.240661221,24.657459202));
#1140=VERTEX_POINT('',#1139);
#1141=CARTESIAN_POINT('',(143.9198,44.240661221,29.657459202));
#1142=DIRECTION('',(-0.,0.,-1.));
#1143=VECTOR('',#1142,5.);
#1144=LINE('',#1141,#1143);
#1145=EDGE_CURVE('',#1132,#1140,#1144,.T.);
#1146=ORIENTED_EDGE('',*,*,#1145,.T.);
#1147=CARTESIAN_POINT('',(143.9198,16.496611221,24.657459202));
#1148=VERTEX_POINT('',#1147);
#1149=CARTESIAN_POINT('',(143.9198,44.240661221,24.657459202));
#1150=DIRECTION('',(0.,-1.,-0.));
#1151=VECTOR('',#1150,27.74405);
#1152=LINE('',#1149,#1151);
#1153=EDGE_CURVE('',#1140,#1148,#1152,.T.);
#1154=ORIENTED_EDGE('',*,*,#1153,.T.);
#1155=CARTESIAN_POINT('',(143.9198,16.496611221,11.757459202));
#1156=VERTEX_POINT('',#1155);
#1157=CARTESIAN_POINT('',(143.9198,16.496611221,24.657459202));
#1158=DIRECTION('',(-0.,0.,-1.));
#1159=VECTOR('',#1158,12.9);
#1160=LINE('',#1157,#1159);
#1161=EDGE_CURVE('',#1148,#1156,#1160,.T.);
#1162=ORIENTED_EDGE('',*,*,#1161,.T.);
#1163=CARTESIAN_POINT('',(143.9198,-20.303388779,11.757459202));
#1164=VERTEX_POINT('',#1163);
#1165=CARTESIAN_POINT('',(143.9198,16.496611221,11.757459202));
#1166=DIRECTION('',(0.,-1.,-0.));
#1167=VECTOR('',#1166,36.8);
#1168=LINE('',#1165,#1167);
#1169=EDGE_CURVE('',#1156,#1164,#1168,.T.);
#1170=ORIENTED_EDGE('',*,*,#1169,.T.);
#1171=CARTESIAN_POINT('',(143.9198,-20.303388779,24.657459202));
#1172=VERTEX_POINT('',#1171);
#1173=CARTESIAN_POINT('',(143.9198,-20.303388779,11.757459202));
#1174=DIRECTION('',(0.,-0.,1.));
#1175=VECTOR('',#1174,12.9);
#1176=LINE('',#1173,#1175);
#1177=EDGE_CURVE('',#1164,#1172,#1176,.T.);
#1178=ORIENTED_EDGE('',*,*,#1177,.T.);
#1179=CARTESIAN_POINT('',(143.9198,-20.303388779,24.657459202));
#1180=DIRECTION('',(0.,-1.,-0.));
#1181=VECTOR('',#1180,27.94405);
#1182=LINE('',#1179,#1181);
#1183=EDGE_CURVE('',#1172,#1122,#1182,.T.);
#1184=ORIENTED_EDGE('',*,*,#1183,.T.);
#1185=EDGE_LOOP('',(#1130,#1138,#1146,#1154,#1162,#1170,#1178,#1184));
#1186=FACE_BOUND('',#1185,.T.);
#1187=ADVANCED_FACE('',(#1186),#1120,.T.);
#1188=CARTESIAN_POINT('',(-0.05,-1.803388779,11.557459202));
#1189=DIRECTION('',(0.,0.,-1.));
#1190=DIRECTION('',(-1.,0.,0.));
#1191=AXIS2_PLACEMENT_3D('',#1188,#1189,#1190);
#1192=PLANE('',#1191);
#1193=CARTESIAN_POINT('',(141.7198,53.640661221,11.557459202));
#1194=VERTEX_POINT('',#1193);
#1195=CARTESIAN_POINT('',(-117.239193141,53.640661221,11.557459202));
#1196=VERTEX_POINT('',#1195);
#1197=CARTESIAN_POINT('',(141.7198,53.640661221,11.557459202));
#1198=DIRECTION('',(-1.,0.,0.));
#1199=VECTOR('',#1198,258.958993141);
#1200=LINE('',#1197,#1199);
#1201=EDGE_CURVE('',#1194,#1196,#1200,.T.);
#1202=ORIENTED_EDGE('',*,*,#1201,.T.);
#1203=CARTESIAN_POINT('',(-117.239193141,54.033554439,11.557459202));
#1204=VERTEX_POINT('',#1203);
#1205=CARTESIAN_POINT('',(-117.239193141,53.640661221,11.557459202));
#1206=DIRECTION('',(0.,1.,0.));
#1207=VECTOR('',#1206,0.392893218);
#1208=LINE('',#1205,#1207);
#1209=EDGE_CURVE('',#1196,#1204,#1208,.T.);
#1210=ORIENTED_EDGE('',*,*,#1209,.T.);
#1211=CARTESIAN_POINT('',(144.0198,54.033554438,11.557459201));
#1212=VERTEX_POINT('',#1211);
#1213=CARTESIAN_POINT('',(-117.239193141,54.033554439,11.557459202));
#1214=DIRECTION('',(1.,-0.,-0.));
#1215=VECTOR('',#1214,261.258993141);
#1216=LINE('',#1213,#1215);
#1217=EDGE_CURVE('',#1204,#1212,#1216,.T.);
#1218=ORIENTED_EDGE('',*,*,#1217,.T.);
#1219=CARTESIAN_POINT('',(149.31269322,48.740661222,11.5574592));
#1220=VERTEX_POINT('',#1219);
#1221=CARTESIAN_POINT('',(144.0198,48.740661221,11.5574592));
#1222=DIRECTION('',(-0.,0.,-1.));
#1223=DIRECTION('',(1.,0.,0.));
#1224=AXIS2_PLACEMENT_3D('',#1221,#1222,#1223);
#1225=CIRCLE('',#1224,5.29289322);
#1226=EDGE_CURVE('',#1212,#1220,#1225,.T.);
#1227=ORIENTED_EDGE('',*,*,#1226,.T.);
#1228=CARTESIAN_POINT('',(149.312693219,-52.747438779,11.557459202));
#1229=VERTEX_POINT('',#1228);
#1230=CARTESIAN_POINT('',(149.312693219,48.740661222,11.557459202));
#1231=DIRECTION('',(-0.,-1.,-0.));
#1232=VECTOR('',#1231,101.488100001);
#1233=LINE('',#1230,#1232);
#1234=EDGE_CURVE('',#1220,#1229,#1233,.T.);
#1235=ORIENTED_EDGE('',*,*,#1234,.T.);
#1236=CARTESIAN_POINT('',(144.0198,-58.040331997,11.557459202));
#1237=VERTEX_POINT('',#1236);
#1238=CARTESIAN_POINT('',(144.0198,-52.747438779,11.557459202));
#1239=DIRECTION('',(-0.,0.,-1.));
#1240=DIRECTION('',(1.,0.,0.));
#1241=AXIS2_PLACEMENT_3D('',#1238,#1239,#1240);
#1242=CIRCLE('',#1241,5.29289322);
#1243=EDGE_CURVE('',#1229,#1237,#1242,.T.);
#1244=ORIENTED_EDGE('',*,*,#1243,.T.);
#1245=CARTESIAN_POINT('',(-143.4198,-58.040331997,11.557459202));
#1246=VERTEX_POINT('',#1245);
#1247=CARTESIAN_POINT('',(144.0198,-58.040331998,11.557459202));
#1248=DIRECTION('',(-1.,0.,0.));
#1249=VECTOR('',#1248,287.4396);
#1250=LINE('',#1247,#1249);
#1251=EDGE_CURVE('',#1237,#1246,#1250,.T.);
#1252=ORIENTED_EDGE('',*,*,#1251,.T.);
#1253=CARTESIAN_POINT('',(-148.712693219,-52.747438779,11.557459202));
#1254=VERTEX_POINT('',#1253);
#1255=CARTESIAN_POINT('',(-143.4198,-52.747438779,11.557459202));
#1256=DIRECTION('',(-0.,0.,-1.));
#1257=DIRECTION('',(1.,0.,0.));
#1258=AXIS2_PLACEMENT_3D('',#1255,#1256,#1257);
#1259=CIRCLE('',#1258,5.292893219);
#1260=EDGE_CURVE('',#1246,#1254,#1259,.T.);
#1261=ORIENTED_EDGE('',*,*,#1260,.T.);
#1262=CARTESIAN_POINT('',(-148.71269322,48.740661221,11.5574592));
#1263=VERTEX_POINT('',#1262);
#1264=CARTESIAN_POINT('',(-148.712693219,-52.747438779,11.557459202));
#1265=DIRECTION('',(0.,1.,0.));
#1266=VECTOR('',#1265,101.4881);
#1267=LINE('',#1264,#1266);
#1268=EDGE_CURVE('',#1254,#1263,#1267,.T.);
#1269=ORIENTED_EDGE('',*,*,#1268,.T.);
#1270=CARTESIAN_POINT('',(-143.4198,54.033554439,11.557459201));
#1271=VERTEX_POINT('',#1270);
#1272=CARTESIAN_POINT('',(-143.4198,48.740661221,11.5574592));
#1273=DIRECTION('',(-0.,0.,-1.));
#1274=DIRECTION('',(1.,0.,0.));
#1275=AXIS2_PLACEMENT_3D('',#1272,#1273,#1274);
#1276=CIRCLE('',#1275,5.292893221);
#1277=EDGE_CURVE('',#1263,#1271,#1276,.T.);
#1278=ORIENTED_EDGE('',*,*,#1277,.T.);
#1279=CARTESIAN_POINT('',(-130.639193141,54.03355444,11.557459202));
#1280=VERTEX_POINT('',#1279);
#1281=CARTESIAN_POINT('',(-143.4198,54.03355444,11.557459202));
#1282=DIRECTION('',(1.,-0.,-0.));
#1283=VECTOR('',#1282,12.780606859);
#1284=LINE('',#1281,#1283);
#1285=EDGE_CURVE('',#1271,#1280,#1284,.T.);
#1286=ORIENTED_EDGE('',*,*,#1285,.T.);
#1287=CARTESIAN_POINT('',(-130.639193141,53.640661221,11.557459202));
#1288=VERTEX_POINT('',#1287);
#1289=CARTESIAN_POINT('',(-130.639193141,54.03355444,11.557459202));
#1290=DIRECTION('',(-0.,-1.,-0.));
#1291=VECTOR('',#1290,0.392893219);
#1292=LINE('',#1289,#1291);
#1293=EDGE_CURVE('',#1280,#1288,#1292,.T.);
#1294=ORIENTED_EDGE('',*,*,#1293,.T.);
#1295=CARTESIAN_POINT('',(-141.5198,53.640661221,11.557459202));
#1296=VERTEX_POINT('',#1295);
#1297=CARTESIAN_POINT('',(-130.639193141,53.640661221,11.557459202));
#1298=DIRECTION('',(-1.,0.,0.));
#1299=VECTOR('',#1298,10.880606859);
#1300=LINE('',#1297,#1299);
#1301=EDGE_CURVE('',#1288,#1296,#1300,.T.);
#1302=ORIENTED_EDGE('',*,*,#1301,.T.);
#1303=CARTESIAN_POINT('',(-146.7198,48.440661221,11.557459202));
#1304=VERTEX_POINT('',#1303);
#1305=CARTESIAN_POINT('',(-141.5198,48.440661221,11.557459202));
#1306=DIRECTION('',(-0.,-0.,1.));
#1307=DIRECTION('',(-1.,0.,0.));
#1308=AXIS2_PLACEMENT_3D('',#1305,#1306,#1307);
#1309=CIRCLE('',#1308,5.2);
#1310=EDGE_CURVE('',#1296,#1304,#1309,.T.);
#1311=ORIENTED_EDGE('',*,*,#1310,.T.);
#1312=CARTESIAN_POINT('',(-146.7198,-52.247438779,11.557459202));
#1313=VERTEX_POINT('',#1312);
#1314=CARTESIAN_POINT('',(-146.7198,48.440661221,11.557459202));
#1315=DIRECTION('',(0.,-1.,-0.));
#1316=VECTOR('',#1315,100.6881);
#1317=LINE('',#1314,#1316);
#1318=EDGE_CURVE('',#1304,#1313,#1317,.T.);
#1319=ORIENTED_EDGE('',*,*,#1318,.T.);
#1320=CARTESIAN_POINT('',(-141.5198,-57.447438779,11.557459202));
#1321=VERTEX_POINT('',#1320);
#1322=CARTESIAN_POINT('',(-141.5198,-52.247438779,11.557459202));
#1323=DIRECTION('',(-0.,-0.,1.));
#1324=DIRECTION('',(-1.,0.,0.));
#1325=AXIS2_PLACEMENT_3D('',#1322,#1323,#1324);
#1326=CIRCLE('',#1325,5.2);
#1327=EDGE_CURVE('',#1313,#1321,#1326,.T.);
#1328=ORIENTED_EDGE('',*,*,#1327,.T.);
#1329=CARTESIAN_POINT('',(141.6198,-57.447438779,11.557459202));
#1330=VERTEX_POINT('',#1329);
#1331=CARTESIAN_POINT('',(-141.5198,-57.447438779,11.557459202));
#1332=DIRECTION('',(1.,0.,-0.));
#1333=VECTOR('',#1332,283.1396);
#1334=LINE('',#1331,#1333);
#1335=EDGE_CURVE('',#1321,#1330,#1334,.T.);
#1336=ORIENTED_EDGE('',*,*,#1335,.T.);
#1337=CARTESIAN_POINT('',(146.9198,-52.147438779,11.557459202));
#1338=VERTEX_POINT('',#1337);
#1339=CARTESIAN_POINT('',(141.6198,-52.147438779,11.557459202));
#1340=DIRECTION('',(-0.,-0.,1.));
#1341=DIRECTION('',(-1.,0.,0.));
#1342=AXIS2_PLACEMENT_3D('',#1339,#1340,#1341);
#1343=CIRCLE('',#1342,5.3);
#1344=EDGE_CURVE('',#1330,#1338,#1343,.T.);
#1345=ORIENTED_EDGE('',*,*,#1344,.T.);
#1346=CARTESIAN_POINT('',(146.9198,-20.803388779,11.557459202));
#1347=VERTEX_POINT('',#1346);
#1348=CARTESIAN_POINT('',(146.9198,-52.147438779,11.557459202));
#1349=DIRECTION('',(0.,1.,0.));
#1350=VECTOR('',#1349,31.34405);
#1351=LINE('',#1348,#1350);
#1352=EDGE_CURVE('',#1338,#1347,#1351,.T.);
#1353=ORIENTED_EDGE('',*,*,#1352,.T.);
#1354=CARTESIAN_POINT('',(144.702642712,-20.803388779,11.557459202));
#1355=VERTEX_POINT('',#1354);
#1356=CARTESIAN_POINT('',(146.9198,-20.803388779,11.557459202));
#1357=DIRECTION('',(-1.,0.,0.));
#1358=VECTOR('',#1357,2.217157288);
#1359=LINE('',#1356,#1358);
#1360=EDGE_CURVE('',#1347,#1355,#1359,.T.);
#1361=ORIENTED_EDGE('',*,*,#1360,.T.);
#1362=CARTESIAN_POINT('',(144.1198,-20.220546066,11.557459202));
#1363=VERTEX_POINT('',#1362);
#1364=CARTESIAN_POINT('',(144.702642712,-20.803388779,11.557459202));
#1365=DIRECTION('',(-0.707106781,0.707106781,0.));
#1366=VECTOR('',#1365,0.824264069);
#1367=LINE('',#1364,#1366);
#1368=EDGE_CURVE('',#1355,#1363,#1367,.T.);
#1369=ORIENTED_EDGE('',*,*,#1368,.T.);
#1370=CARTESIAN_POINT('',(144.1198,16.413768509,11.557459202));
#1371=VERTEX_POINT('',#1370);
#1372=CARTESIAN_POINT('',(144.1198,-20.220546066,11.557459202));
#1373=DIRECTION('',(0.,1.,0.));
#1374=VECTOR('',#1373,36.634314575);
#1375=LINE('',#1372,#1374);
#1376=EDGE_CURVE('',#1363,#1371,#1375,.T.);
#1377=ORIENTED_EDGE('',*,*,#1376,.T.);
#1378=CARTESIAN_POINT('',(144.502642712,16.796611221,11.557459202));
#1379=VERTEX_POINT('',#1378);
#1380=CARTESIAN_POINT('',(144.1198,16.413768509,11.557459202));
#1381=DIRECTION('',(0.707106781,0.707106781,0.));
#1382=VECTOR('',#1381,0.541421356);
#1383=LINE('',#1380,#1382);
#1384=EDGE_CURVE('',#1371,#1379,#1383,.T.);
#1385=ORIENTED_EDGE('',*,*,#1384,.T.);
#1386=CARTESIAN_POINT('',(146.9198,16.796611221,11.557459202));
#1387=VERTEX_POINT('',#1386);
#1388=CARTESIAN_POINT('',(144.502642712,16.796611221,11.557459202));
#1389=DIRECTION('',(1.,0.,-0.));
#1390=VECTOR('',#1389,2.417157288);
#1391=LINE('',#1388,#1390);
#1392=EDGE_CURVE('',#1379,#1387,#1391,.T.);
#1393=ORIENTED_EDGE('',*,*,#1392,.T.);
#1394=CARTESIAN_POINT('',(146.9198,48.440661221,11.557459202));
#1395=VERTEX_POINT('',#1394);
#1396=CARTESIAN_POINT('',(146.9198,16.796611221,11.557459202));
#1397=DIRECTION('',(0.,1.,0.));
#1398=VECTOR('',#1397,31.64405);
#1399=LINE('',#1396,#1398);
#1400=EDGE_CURVE('',#1387,#1395,#1399,.T.);
#1401=ORIENTED_EDGE('',*,*,#1400,.T.);
#1402=CARTESIAN_POINT('',(141.7198,48.440661221,11.557459202));
#1403=DIRECTION('',(-0.,-0.,1.));
#1404=DIRECTION('',(-1.,0.,0.));
#1405=AXIS2_PLACEMENT_3D('',#1402,#1403,#1404);
#1406=CIRCLE('',#1405,5.2);
#1407=EDGE_CURVE('',#1395,#1194,#1406,.T.);
#1408=ORIENTED_EDGE('',*,*,#1407,.T.);
#1409=EDGE_LOOP('',(#1202,#1210,#1218,#1227,#1235,#1244,#1252,#1261,#1269,#1278,#1286,#1294,#1302,#1311,#1319,#1328,#1336,#1345,#1353,#1361,#1369,#1377,#1385,#1393,#1401,#1408));
#1410=FACE_BOUND('',#1409,.T.);
#1411=ADVANCED_FACE('',(#1410),#1192,.T.);
#1412=CARTESIAN_POINT('',(-146.5198,25.368636221,24.967459202));
#1413=DIRECTION('',(-1.,0.,0.));
#1414=DIRECTION('',(0.,-0.,1.));
#1415=AXIS2_PLACEMENT_3D('',#1412,#1413,#1414);
#1416=PLANE('',#1415);
#1417=CARTESIAN_POINT('',(-146.5198,48.440661221,11.757459202));
#1418=VERTEX_POINT('',#1417);
#1419=CARTESIAN_POINT('',(-146.5198,48.440661221,24.257459202));
#1420=VERTEX_POINT('',#1419);
#1421=CARTESIAN_POINT('',(-146.5198,48.440661221,11.757459202));
#1422=DIRECTION('',(0.,-0.,1.));
#1423=VECTOR('',#1422,12.5);
#1424=LINE('',#1421,#1423);
#1425=EDGE_CURVE('',#1418,#1420,#1424,.T.);
#1426=ORIENTED_EDGE('',*,*,#1425,.T.);
#1427=CARTESIAN_POINT('',(-146.5198,48.440661221,24.257459202));
#1428=DIRECTION('',(0.,-1.,-0.));
#1429=VECTOR('',#1428,100.6881);
#1430=LINE('',#1427,#1429);
#1431=EDGE_CURVE('',#1420,#978,#1430,.T.);
#1432=ORIENTED_EDGE('',*,*,#1431,.T.);
#1433=ORIENTED_EDGE('',*,*,#985,.T.);
#1434=CARTESIAN_POINT('',(-146.5198,-52.247438779,11.757459202));
#1435=DIRECTION('',(0.,1.,0.));
#1436=VECTOR('',#1435,100.6881);
#1437=LINE('',#1434,#1436);
#1438=EDGE_CURVE('',#980,#1418,#1437,.T.);
#1439=ORIENTED_EDGE('',*,*,#1438,.T.);
#1440=EDGE_LOOP('',(#1426,#1432,#1433,#1439));
#1441=FACE_BOUND('',#1440,.T.);
#1442=CARTESIAN_POINT('',(-146.5198,-43.625413779,14.487459202));
#1443=VERTEX_POINT('',#1442);
#1444=CARTESIAN_POINT('',(-146.5198,-43.625413779,15.782484455));
#1445=VERTEX_POINT('',#1444);
#1446=CARTESIAN_POINT('',(-146.5198,-43.625413779,14.487459202));
#1447=DIRECTION('',(0.,-0.,1.));
#1448=VECTOR('',#1447,1.295025253);
#1449=LINE('',#1446,#1448);
#1450=EDGE_CURVE('',#1443,#1445,#1449,.T.);
#1451=ORIENTED_EDGE('',*,*,#1450,.T.);
#1452=CARTESIAN_POINT('',(-146.5198,-42.925413779,16.772433949));
#1453=VERTEX_POINT('',#1452);
#1454=CARTESIAN_POINT('',(-146.5198,-43.625413779,15.782484455));
#1455=DIRECTION('',(0.,0.577350269,0.816496581));
#1456=VECTOR('',#1455,1.212435566);
#1457=LINE('',#1454,#1456);
#1458=EDGE_CURVE('',#1445,#1453,#1457,.T.);
#1459=ORIENTED_EDGE('',*,*,#1458,.T.);
#1460=CARTESIAN_POINT('',(-146.5198,-14.325413778,16.772433949));
#1461=VERTEX_POINT('',#1460);
#1462=CARTESIAN_POINT('',(-146.5198,-42.925413779,16.772433949));
#1463=DIRECTION('',(0.,1.,0.));
#1464=VECTOR('',#1463,28.600000001);
#1465=LINE('',#1462,#1464);
#1466=EDGE_CURVE('',#1453,#1461,#1465,.T.);
#1467=ORIENTED_EDGE('',*,*,#1466,.T.);
#1468=CARTESIAN_POINT('',(-146.5198,-13.625413779,15.782484455));
#1469=VERTEX_POINT('',#1468);
#1470=CARTESIAN_POINT('',(-146.5198,-14.325413778,16.772433949));
#1471=DIRECTION('',(0.,0.577350269,-0.816496581));
#1472=VECTOR('',#1471,1.212435565);
#1473=LINE('',#1470,#1472);
#1474=EDGE_CURVE('',#1461,#1469,#1473,.T.);
#1475=ORIENTED_EDGE('',*,*,#1474,.T.);
#1476=CARTESIAN_POINT('',(-146.5198,-13.625413779,14.487459202));
#1477=VERTEX_POINT('',#1476);
#1478=CARTESIAN_POINT('',(-146.5198,-13.625413779,15.782484455));
#1479=DIRECTION('',(-0.,0.,-1.));
#1480=VECTOR('',#1479,1.295025253);
#1481=LINE('',#1478,#1480);
#1482=EDGE_CURVE('',#1469,#1477,#1481,.T.);
#1483=ORIENTED_EDGE('',*,*,#1482,.T.);
#1484=CARTESIAN_POINT('',(-146.5198,-14.125413779,13.987459202));
#1485=VERTEX_POINT('',#1484);
#1486=CARTESIAN_POINT('',(-146.5198,-13.625413779,14.487459202));
#1487=DIRECTION('',(0.,-0.707106781,-0.707106781));
#1488=VECTOR('',#1487,0.707106781);
#1489=LINE('',#1486,#1488);
#1490=EDGE_CURVE('',#1477,#1485,#1489,.T.);
#1491=ORIENTED_EDGE('',*,*,#1490,.T.);
#1492=CARTESIAN_POINT('',(-146.5198,-43.125413779,13.987459202));
#1493=VERTEX_POINT('',#1492);
#1494=CARTESIAN_POINT('',(-146.5198,-14.125413779,13.987459202));
#1495=DIRECTION('',(-0.,-1.,-0.));
#1496=VECTOR('',#1495,29.);
#1497=LINE('',#1494,#1496);
#1498=EDGE_CURVE('',#1485,#1493,#1497,.T.);
#1499=ORIENTED_EDGE('',*,*,#1498,.T.);
#1500=CARTESIAN_POINT('',(-146.5198,-43.125413779,13.987459202));
#1501=DIRECTION('',(0.,-0.707106781,0.707106781));
#1502=VECTOR('',#1501,0.707106781);
#1503=LINE('',#1500,#1502);
#1504=EDGE_CURVE('',#1493,#1443,#1503,.T.);
#1505=ORIENTED_EDGE('',*,*,#1504,.T.);
#1506=EDGE_LOOP('',(#1451,#1459,#1467,#1475,#1483,#1491,#1499,#1505));
#1507=FACE_BOUND('',#1506,.T.);
#1508=CARTESIAN_POINT('',(-146.5198,9.718636221,14.487459202));
#1509=VERTEX_POINT('',#1508);
#1510=CARTESIAN_POINT('',(-146.5198,9.718636221,15.780352421));
#1511=VERTEX_POINT('',#1510);
#1512=CARTESIAN_POINT('',(-146.5198,9.718636221,14.487459202));
#1513=DIRECTION('',(0.,-0.,1.));
#1514=VECTOR('',#1513,1.292893219);
#1515=LINE('',#1512,#1514);
#1516=EDGE_CURVE('',#1509,#1511,#1515,.T.);
#1517=ORIENTED_EDGE('',*,*,#1516,.T.);
#1518=CARTESIAN_POINT('',(-146.5198,10.418636221,16.770301915));
#1519=VERTEX_POINT('',#1518);
#1520=CARTESIAN_POINT('',(-146.5198,9.718636221,15.780352421));
#1521=DIRECTION('',(0.,0.577350269,0.816496581));
#1522=VECTOR('',#1521,1.212435566);
#1523=LINE('',#1520,#1522);
#1524=EDGE_CURVE('',#1511,#1519,#1523,.T.);
#1525=ORIENTED_EDGE('',*,*,#1524,.T.);
#1526=CARTESIAN_POINT('',(-146.5198,39.018636221,16.770301915));
#1527=VERTEX_POINT('',#1526);
#1528=CARTESIAN_POINT('',(-146.5198,10.418636221,16.770301915));
#1529=DIRECTION('',(0.,1.,0.));
#1530=VECTOR('',#1529,28.6);
#1531=LINE('',#1528,#1530);
#1532=EDGE_CURVE('',#1519,#1527,#1531,.T.);
#1533=ORIENTED_EDGE('',*,*,#1532,.T.);
#1534=CARTESIAN_POINT('',(-146.5198,39.718636221,15.780352421));
#1535=VERTEX_POINT('',#1534);
#1536=CARTESIAN_POINT('',(-146.5198,39.018636221,16.770301915));
#1537=DIRECTION('',(0.,0.577350269,-0.816496581));
#1538=VECTOR('',#1537,1.212435566);
#1539=LINE('',#1536,#1538);
#1540=EDGE_CURVE('',#1527,#1535,#1539,.T.);
#1541=ORIENTED_EDGE('',*,*,#1540,.T.);
#1542=CARTESIAN_POINT('',(-146.5198,39.718636221,14.487459202));
#1543=VERTEX_POINT('',#1542);
#1544=CARTESIAN_POINT('',(-146.5198,39.718636221,15.780352421));
#1545=DIRECTION('',(-0.,0.,-1.));
#1546=VECTOR('',#1545,1.292893219);
#1547=LINE('',#1544,#1546);
#1548=EDGE_CURVE('',#1535,#1543,#1547,.T.);
#1549=ORIENTED_EDGE('',*,*,#1548,.T.);
#1550=CARTESIAN_POINT('',(-146.5198,39.218636221,13.987459202));
#1551=VERTEX_POINT('',#1550);
#1552=CARTESIAN_POINT('',(-146.5198,39.718636221,14.487459202));
#1553=DIRECTION('',(0.,-0.707106781,-0.707106781));
#1554=VECTOR('',#1553,0.707106781);
#1555=LINE('',#1552,#1554);
#1556=EDGE_CURVE('',#1543,#1551,#1555,.T.);
#1557=ORIENTED_EDGE('',*,*,#1556,.T.);
#1558=CARTESIAN_POINT('',(-146.5198,10.218636221,13.987459202));
#1559=VERTEX_POINT('',#1558);
#1560=CARTESIAN_POINT('',(-146.5198,39.218636221,13.987459202));
#1561=DIRECTION('',(-0.,-1.,-0.));
#1562=VECTOR('',#1561,29.);
#1563=LINE('',#1560,#1562);
#1564=EDGE_CURVE('',#1551,#1559,#1563,.T.);
#1565=ORIENTED_EDGE('',*,*,#1564,.T.);
#1566=CARTESIAN_POINT('',(-146.5198,10.218636221,13.987459202));
#1567=DIRECTION('',(0.,-0.707106781,0.707106781));
#1568=VECTOR('',#1567,0.707106781);
#1569=LINE('',#1566,#1568);
#1570=EDGE_CURVE('',#1559,#1509,#1569,.T.);
#1571=ORIENTED_EDGE('',*,*,#1570,.T.);
#1572=EDGE_LOOP('',(#1517,#1525,#1533,#1541,#1549,#1557,#1565,#1571));
#1573=FACE_BOUND('',#1572,.T.);
#1574=ADVANCED_FACE('',(#1441,#1507,#1573),#1416,.F.);
#1575=CARTESIAN_POINT('',(144.0198,-52.747438779,24.957459202));
#1576=DIRECTION('',(0.,-0.,1.));
#1577=DIRECTION('',(1.,0.,0.));
#1578=AXIS2_PLACEMENT_3D('',#1575,#1576,#1577);
#1579=CYLINDRICAL_SURFACE('',#1578,7.);
#1580=CARTESIAN_POINT('',(144.0198,-59.74743878,13.264565985));
#1581=VERTEX_POINT('',#1580);
#1582=CARTESIAN_POINT('',(144.0198,-52.747438779,13.264565986));
#1583=DIRECTION('',(0.,-0.,1.));
#1584=DIRECTION('',(1.,0.,0.));
#1585=AXIS2_PLACEMENT_3D('',#1582,#1583,#1584);
#1586=CIRCLE('',#1585,7.);
#1587=EDGE_CURVE('',#1581,#1011,#1586,.T.);
#1588=ORIENTED_EDGE('',*,*,#1587,.T.);
#1589=ORIENTED_EDGE('',*,*,#1040,.F.);
#1590=CARTESIAN_POINT('',(144.0198,-59.747438779,28.267509705));
#1591=VERTEX_POINT('',#1590);
#1592=CARTESIAN_POINT('',(144.0198,-52.747438779,28.267509703));
#1593=DIRECTION('',(0.,0.,-1.));
#1594=DIRECTION('',(0.,1.,0.));
#1595=AXIS2_PLACEMENT_3D('',#1592,#1593,#1594);
#1596=CIRCLE('',#1595,7.);
#1597=EDGE_CURVE('',#1029,#1591,#1596,.T.);
#1598=ORIENTED_EDGE('',*,*,#1597,.T.);
#1599=CARTESIAN_POINT('',(144.0198,-59.747438779,13.264565985));
#1600=DIRECTION('',(0.,-0.,1.));
#1601=VECTOR('',#1600,15.00294372);
#1602=LINE('',#1599,#1601);
#1603=EDGE_CURVE('',#1581,#1591,#1602,.T.);
#1604=ORIENTED_EDGE('',*,*,#1603,.F.);
#1605=EDGE_LOOP('',(#1588,#1589,#1598,#1604));
#1606=FACE_BOUND('',#1605,.T.);
#1607=ADVANCED_FACE('',(#1606),#1579,.T.);
#1608=CARTESIAN_POINT('',(-143.4198,-52.747438779,24.957459202));
#1609=DIRECTION('',(0.,0.,-1.));
#1610=DIRECTION('',(-1.,0.,0.));
#1611=AXIS2_PLACEMENT_3D('',#1608,#1609,#1610);
#1612=CYLINDRICAL_SURFACE('',#1611,7.);
#1613=CARTESIAN_POINT('',(-143.4198,-59.747438781,28.267509705));
#1614=VERTEX_POINT('',#1613);
#1615=CARTESIAN_POINT('',(-143.4198,-59.747438779,13.264565985));
#1616=VERTEX_POINT('',#1615);
#1617=CARTESIAN_POINT('',(-143.4198,-59.747438779,28.267509705));
#1618=DIRECTION('',(-0.,0.,-1.));
#1619=VECTOR('',#1618,15.00294372);
#1620=LINE('',#1617,#1619);
#1621=EDGE_CURVE('',#1614,#1616,#1620,.T.);
#1622=ORIENTED_EDGE('',*,*,#1621,.F.);
#1623=CARTESIAN_POINT('',(-143.4198,-52.747438779,28.267509703));
#1624=DIRECTION('',(0.,0.,-1.));
#1625=DIRECTION('',(0.,1.,0.));
#1626=AXIS2_PLACEMENT_3D('',#1623,#1624,#1625);
#1627=CIRCLE('',#1626,7.);
#1628=EDGE_CURVE('',#1614,#1053,#1627,.T.);
#1629=ORIENTED_EDGE('',*,*,#1628,.T.);
#1630=ORIENTED_EDGE('',*,*,#1058,.F.);
#1631=CARTESIAN_POINT('',(-143.4198,-52.747438779,13.264565986));
#1632=DIRECTION('',(-0.,-0.,1.));
#1633=DIRECTION('',(-1.,0.,0.));
#1634=AXIS2_PLACEMENT_3D('',#1631,#1632,#1633);
#1635=CIRCLE('',#1634,7.);
#1636=EDGE_CURVE('',#1051,#1616,#1635,.T.);
#1637=ORIENTED_EDGE('',*,*,#1636,.T.);
#1638=EDGE_LOOP('',(#1622,#1629,#1630,#1637));
#1639=FACE_BOUND('',#1638,.T.);
#1640=ADVANCED_FACE('',(#1639),#1612,.T.);
#1641=CARTESIAN_POINT('',(141.9198,-48.247438779,6.257459202));
#1642=DIRECTION('',(0.,-0.,1.));
#1643=DIRECTION('',(1.,0.,0.));
#1644=AXIS2_PLACEMENT_3D('',#1641,#1642,#1643);
#1645=CYLINDRICAL_SURFACE('',#1644,2.);
#1646=ORIENTED_EDGE('',*,*,#672,.F.);
#1647=CARTESIAN_POINT('',(141.9198,-48.247438779,29.657459202));
#1648=DIRECTION('',(0.,0.,1.));
#1649=DIRECTION('',(1.,0.,-0.));
#1650=AXIS2_PLACEMENT_3D('',#1647,#1648,#1649);
#1651=CIRCLE('',#1650,2.);
#1652=EDGE_CURVE('',#659,#1124,#1651,.T.);
#1653=ORIENTED_EDGE('',*,*,#1652,.T.);
#1654=ORIENTED_EDGE('',*,*,#1129,.F.);
#1655=CARTESIAN_POINT('',(141.9198,-48.247438779,24.657459202));
#1656=DIRECTION('',(-0.,0.,-1.));
#1657=DIRECTION('',(1.,0.,0.));
#1658=AXIS2_PLACEMENT_3D('',#1655,#1656,#1657);
#1659=CIRCLE('',#1658,2.);
#1660=EDGE_CURVE('',#1122,#667,#1659,.T.);
#1661=ORIENTED_EDGE('',*,*,#1660,.T.);
#1662=EDGE_LOOP('',(#1646,#1653,#1654,#1661));
#1663=FACE_BOUND('',#1662,.T.);
#1664=ADVANCED_FACE('',(#1663),#1645,.F.);
#1665=CARTESIAN_POINT('',(146.2198,-21.003388779,8.057459202));
#1666=DIRECTION('',(0.,1.,0.));
#1667=DIRECTION('',(-1.,0.,0.));
#1668=AXIS2_PLACEMENT_3D('',#1665,#1666,#1667);
#1669=PLANE('',#1668);
#1670=ORIENTED_EDGE('',*,*,#600,.T.);
#1671=CARTESIAN_POINT('',(146.7198,-21.003388779,24.257459202));
#1672=DIRECTION('',(-0.707106781,-0.,0.707106781));
#1673=VECTOR('',#1672,0.282842712);
#1674=LINE('',#1671,#1673);
#1675=EDGE_CURVE('',#587,#689,#1674,.T.);
#1676=ORIENTED_EDGE('',*,*,#1675,.T.);
#1677=ORIENTED_EDGE('',*,*,#696,.T.);
#1678=CARTESIAN_POINT('',(144.6198,-21.003388779,11.757459202));
#1679=VERTEX_POINT('',#1678);
#1680=CARTESIAN_POINT('',(144.6198,-21.003388779,24.457459202));
#1681=DIRECTION('',(-0.,0.,-1.));
#1682=VECTOR('',#1681,12.7);
#1683=LINE('',#1680,#1682);
#1684=EDGE_CURVE('',#691,#1679,#1683,.T.);
#1685=ORIENTED_EDGE('',*,*,#1684,.T.);
#1686=CARTESIAN_POINT('',(144.6198,-21.003388779,11.757459202));
#1687=DIRECTION('',(1.,0.,-0.));
#1688=VECTOR('',#1687,2.1);
#1689=LINE('',#1686,#1688);
#1690=EDGE_CURVE('',#1679,#595,#1689,.T.);
#1691=ORIENTED_EDGE('',*,*,#1690,.T.);
#1692=EDGE_LOOP('',(#1670,#1676,#1677,#1685,#1691));
#1693=FACE_BOUND('',#1692,.T.);
#1694=ADVANCED_FACE('',(#1693),#1669,.F.);
#1695=CARTESIAN_POINT('',(144.1198,-20.503388779,5.257459202));
#1696=DIRECTION('',(-0.707106781,-0.707106781,-0.));
#1697=DIRECTION('',(0.,0.,-1.));
#1698=AXIS2_PLACEMENT_3D('',#1695,#1696,#1697);
#1699=PLANE('',#1698);
#1700=ORIENTED_EDGE('',*,*,#870,.F.);
#1701=CARTESIAN_POINT('',(144.1198,-20.503388779,24.457459202));
#1702=DIRECTION('',(-0.577350269,0.577350269,0.577350269));
#1703=VECTOR('',#1702,0.346410162);
#1704=LINE('',#1701,#1703);
#1705=EDGE_CURVE('',#859,#1172,#1704,.T.);
#1706=ORIENTED_EDGE('',*,*,#1705,.T.);
#1707=ORIENTED_EDGE('',*,*,#1177,.F.);
#1708=CARTESIAN_POINT('',(143.9198,-20.303388779,11.757459202));
#1709=DIRECTION('',(0.707106781,-0.707106781,-0.));
#1710=VECTOR('',#1709,0.989949494);
#1711=LINE('',#1708,#1710);
#1712=EDGE_CURVE('',#1164,#1679,#1711,.T.);
#1713=ORIENTED_EDGE('',*,*,#1712,.T.);
#1714=ORIENTED_EDGE('',*,*,#1684,.F.);
#1715=EDGE_LOOP('',(#1700,#1706,#1707,#1713,#1714));
#1716=FACE_BOUND('',#1715,.T.);
#1717=ADVANCED_FACE('',(#1716),#1699,.T.);
#1718=CARTESIAN_POINT('',(126.424906052,-57.147438779,32.157459202));
#1719=DIRECTION('',(-1.,0.,0.));
#1720=DIRECTION('',(0.,-0.,1.));
#1721=AXIS2_PLACEMENT_3D('',#1718,#1719,#1720);
#1722=PLANE('',#1721);
#1723=ORIENTED_EDGE('',*,*,#342,.T.);
#1724=ORIENTED_EDGE('',*,*,#636,.T.);
#1725=ORIENTED_EDGE('',*,*,#316,.F.);
#1726=CARTESIAN_POINT('',(126.424906052,-56.747438779,25.657459202));
#1727=DIRECTION('',(0.,-0.,1.));
#1728=VECTOR('',#1727,3.);
#1729=LINE('',#1726,#1728);
#1730=EDGE_CURVE('',#337,#305,#1729,.T.);
#1731=ORIENTED_EDGE('',*,*,#1730,.F.);
#1732=EDGE_LOOP('',(#1723,#1724,#1725,#1731));
#1733=FACE_BOUND('',#1732,.T.);
#1734=ADVANCED_FACE('',(#1733),#1722,.F.);
#1735=CARTESIAN_POINT('',(136.514906052,-57.147438779,32.157459202));
#1736=DIRECTION('',(1.,0.,0.));
#1737=DIRECTION('',(0.,0.,-1.));
#1738=AXIS2_PLACEMENT_3D('',#1735,#1736,#1737);
#1739=PLANE('',#1738);
#1740=ORIENTED_EDGE('',*,*,#643,.F.);
#1741=ORIENTED_EDGE('',*,*,#356,.F.);
#1742=CARTESIAN_POINT('',(136.514906052,-56.747438779,28.657459202));
#1743=DIRECTION('',(0.,0.,-1.));
#1744=VECTOR('',#1743,3.);
#1745=LINE('',#1742,#1744);
#1746=EDGE_CURVE('',#297,#345,#1745,.T.);
#1747=ORIENTED_EDGE('',*,*,#1746,.F.);
#1748=ORIENTED_EDGE('',*,*,#302,.T.);
#1749=EDGE_LOOP('',(#1740,#1741,#1747,#1748));
#1750=FACE_BOUND('',#1749,.T.);
#1751=ADVANCED_FACE('',(#1750),#1739,.F.);
#1752=CARTESIAN_POINT('',(38.8,-56.747438779,9.357459202));
#1753=DIRECTION('',(0.,1.,0.));
#1754=DIRECTION('',(0.,-0.,1.));
#1755=AXIS2_PLACEMENT_3D('',#1752,#1753,#1754);
#1756=PLANE('',#1755);
#1757=ORIENTED_EDGE('',*,*,#1730,.T.);
#1758=ORIENTED_EDGE('',*,*,#310,.T.);
#1759=ORIENTED_EDGE('',*,*,#1746,.T.);
#1760=ORIENTED_EDGE('',*,*,#350,.T.);
#1761=EDGE_LOOP('',(#1757,#1758,#1759,#1760));
#1762=FACE_BOUND('',#1761,.T.);
#1763=ADVANCED_FACE('',(#1762),#1756,.T.);
#1764=CARTESIAN_POINT('',(149.666246609,-1.803388779,11.911012593));
#1765=DIRECTION('',(-0.707106781,-0.,0.707106781));
#1766=DIRECTION('',(0.,-1.,-0.));
#1767=AXIS2_PLACEMENT_3D('',#1764,#1765,#1766);
#1768=PLANE('',#1767);
#1769=ORIENTED_EDGE('',*,*,#1234,.F.);
#1770=CARTESIAN_POINT('',(151.0198,48.740661221,13.264565984));
#1771=CARTESIAN_POINT('',(149.312693218,48.740661222,11.557459202));
#1772=B_SPLINE_CURVE_WITH_KNOTS('',1,(#1770,#1771),.UNSPECIFIED.,.F.,.F.,(2,2),(0.,1.),.UNSPECIFIED.);
#1773=EDGE_CURVE('',#1013,#1220,#1772,.T.);
#1774=ORIENTED_EDGE('',*,*,#1773,.F.);
#1775=ORIENTED_EDGE('',*,*,#1018,.F.);
#1776=CARTESIAN_POINT('',(149.312693219,-52.747438779,11.557459203));
#1777=CARTESIAN_POINT('',(151.019799999,-52.747438777,13.264565983));
#1778=B_SPLINE_CURVE_WITH_KNOTS('',1,(#1776,#1777),.UNSPECIFIED.,.F.,.F.,(2,2),(0.,1.),.UNSPECIFIED.);
#1779=EDGE_CURVE('',#1229,#1011,#1778,.T.);
#1780=ORIENTED_EDGE('',*,*,#1779,.F.);
#1781=EDGE_LOOP('',(#1769,#1774,#1775,#1780));
#1782=FACE_BOUND('',#1781,.T.);
#1783=ADVANCED_FACE('',(#1782),#1768,.F.);
#1784=CARTESIAN_POINT('',(-149.066246609,-1.803388779,11.911012593));
#1785=DIRECTION('',(-0.707106781,0.,-0.707106781));
#1786=DIRECTION('',(-0.,-1.,-0.));
#1787=AXIS2_PLACEMENT_3D('',#1784,#1785,#1786);
#1788=PLANE('',#1787);
#1789=ORIENTED_EDGE('',*,*,#1080,.F.);
#1790=CARTESIAN_POINT('',(-148.712693219,48.740661221,11.557459203));
#1791=CARTESIAN_POINT('',(-150.4198,48.740661221,13.264565984));
#1792=B_SPLINE_CURVE_WITH_KNOTS('',1,(#1790,#1791),.UNSPECIFIED.,.F.,.F.,(2,2),(0.,1.),.UNSPECIFIED.);
#1793=EDGE_CURVE('',#1263,#1069,#1792,.T.);
#1794=ORIENTED_EDGE('',*,*,#1793,.F.);
#1795=ORIENTED_EDGE('',*,*,#1268,.F.);
#1796=CARTESIAN_POINT('',(-150.419799999,-52.747438779,13.264565983));
#1797=CARTESIAN_POINT('',(-148.712693218,-52.747438779,11.557459202));
#1798=B_SPLINE_CURVE_WITH_KNOTS('',1,(#1796,#1797),.UNSPECIFIED.,.F.,.F.,(2,2),(0.,1.),.UNSPECIFIED.);
#1799=EDGE_CURVE('',#1051,#1254,#1798,.T.);
#1800=ORIENTED_EDGE('',*,*,#1799,.F.);
#1801=EDGE_LOOP('',(#1789,#1794,#1795,#1800));
#1802=FACE_BOUND('',#1801,.T.);
#1803=ADVANCED_FACE('',(#1802),#1788,.T.);
#1804=CARTESIAN_POINT('',(144.0198,-52.747438779,11.911012593));
#1805=DIRECTION('',(0.,-0.,1.));
#1806=DIRECTION('',(1.,0.,0.));
#1807=AXIS2_PLACEMENT_3D('',#1804,#1805,#1806);
#1808=CONICAL_SURFACE('',#1807,5.646446609,44.999999898);
#1809=ORIENTED_EDGE('',*,*,#1779,.T.);
#1810=ORIENTED_EDGE('',*,*,#1587,.F.);
#1811=CARTESIAN_POINT('',(144.0198,-58.040331997,11.557459203));
#1812=DIRECTION('',(0.,-0.707106781,0.707106781));
#1813=VECTOR('',#1812,2.414213564);
#1814=LINE('',#1811,#1813);
#1815=EDGE_CURVE('',#1237,#1581,#1814,.T.);
#1816=ORIENTED_EDGE('',*,*,#1815,.F.);
#1817=ORIENTED_EDGE('',*,*,#1243,.F.);
#1818=EDGE_LOOP('',(#1809,#1810,#1816,#1817));
#1819=FACE_BOUND('',#1818,.T.);
#1820=ADVANCED_FACE('',(#1819),#1808,.T.);
#1821=CARTESIAN_POINT('',(-143.4198,-52.747438779,11.911012593));
#1822=DIRECTION('',(0.,-0.,1.));
#1823=DIRECTION('',(1.,0.,0.));
#1824=AXIS2_PLACEMENT_3D('',#1821,#1822,#1823);
#1825=CONICAL_SURFACE('',#1824,5.646446609,44.999999898);
#1826=ORIENTED_EDGE('',*,*,#1799,.T.);
#1827=ORIENTED_EDGE('',*,*,#1260,.F.);
#1828=CARTESIAN_POINT('',(-143.4198,-59.747438779,13.264565985));
#1829=DIRECTION('',(-0.,0.707106781,-0.707106781));
#1830=VECTOR('',#1829,2.414213564);
#1831=LINE('',#1828,#1830);
#1832=EDGE_CURVE('',#1616,#1246,#1831,.T.);
#1833=ORIENTED_EDGE('',*,*,#1832,.F.);
#1834=ORIENTED_EDGE('',*,*,#1636,.F.);
#1835=EDGE_LOOP('',(#1826,#1827,#1833,#1834));
#1836=FACE_BOUND('',#1835,.T.);
#1837=ADVANCED_FACE('',(#1836),#1825,.T.);
#1838=CARTESIAN_POINT('',(0.,-58.393885388,11.911012593));
#1839=DIRECTION('',(0.,0.707106781,0.707106781));
#1840=DIRECTION('',(-1.,0.,0.));
#1841=AXIS2_PLACEMENT_3D('',#1838,#1839,#1840);
#1842=PLANE('',#1841);
#1843=ORIENTED_EDGE('',*,*,#1815,.T.);
#1844=CARTESIAN_POINT('',(-143.4198,-59.747438779,13.264565985));
#1845=DIRECTION('',(1.,0.,-0.));
#1846=VECTOR('',#1845,287.4396);
#1847=LINE('',#1844,#1846);
#1848=EDGE_CURVE('',#1616,#1581,#1847,.T.);
#1849=ORIENTED_EDGE('',*,*,#1848,.F.);
#1850=ORIENTED_EDGE('',*,*,#1832,.T.);
#1851=ORIENTED_EDGE('',*,*,#1251,.F.);
#1852=EDGE_LOOP('',(#1843,#1849,#1850,#1851));
#1853=FACE_BOUND('',#1852,.T.);
#1854=ADVANCED_FACE('',(#1853),#1842,.F.);
#1855=CARTESIAN_POINT('',(-149.924825253,28.868636221,28.762484455));
#1856=DIRECTION('',(-0.707106781,-0.,0.707106781));
#1857=DIRECTION('',(0.,-1.,-0.));
#1858=AXIS2_PLACEMENT_3D('',#1855,#1856,#1857);
#1859=PLANE('',#1858);
#1860=ORIENTED_EDGE('',*,*,#172,.F.);
#1861=CARTESIAN_POINT('',(-148.429850506,48.740615626,30.257459202));
#1862=DIRECTION('',(-0.707106781,0.,-0.707106781));
#1863=VECTOR('',#1862,2.814213563);
#1864=LINE('',#1861,#1863);
#1865=EDGE_CURVE('',#158,#1061,#1864,.T.);
#1866=ORIENTED_EDGE('',*,*,#1865,.T.);
#1867=ORIENTED_EDGE('',*,*,#1066,.F.);
#1868=CARTESIAN_POINT('',(-148.429850506,-52.747438779,30.257459203));
#1869=CARTESIAN_POINT('',(-150.419799997,-52.747438774,28.267509711));
#1870=B_SPLINE_CURVE_WITH_KNOTS('',1,(#1868,#1869),.UNSPECIFIED.,.F.,.F.,(2,2),(0.,1.),.UNSPECIFIED.);
#1871=EDGE_CURVE('',#167,#1053,#1870,.T.);
#1872=ORIENTED_EDGE('',*,*,#1871,.F.);
#1873=EDGE_LOOP('',(#1860,#1866,#1867,#1872));
#1874=FACE_BOUND('',#1873,.T.);
#1875=ADVANCED_FACE('',(#1874),#1859,.T.);
#1876=CARTESIAN_POINT('',(150.524825253,28.868636221,28.762484455));
#1877=DIRECTION('',(-0.707106781,0.,-0.707106781));
#1878=DIRECTION('',(-0.,-1.,-0.));
#1879=AXIS2_PLACEMENT_3D('',#1876,#1877,#1878);
#1880=PLANE('',#1879);
#1881=ORIENTED_EDGE('',*,*,#1034,.F.);
#1882=CARTESIAN_POINT('',(149.029850506,48.740661221,30.257459203));
#1883=CARTESIAN_POINT('',(151.019799997,48.740661217,28.267509711));
#1884=B_SPLINE_CURVE_WITH_KNOTS('',1,(#1882,#1883),.UNSPECIFIED.,.F.,.F.,(2,2),(0.,1.),.UNSPECIFIED.);
#1885=EDGE_CURVE('',#133,#1021,#1884,.T.);
#1886=ORIENTED_EDGE('',*,*,#1885,.F.);
#1887=ORIENTED_EDGE('',*,*,#138,.F.);
#1888=CARTESIAN_POINT('',(151.019799997,-52.747438779,28.267509711));
#1889=CARTESIAN_POINT('',(149.029850504,-52.747438779,30.257459204));
#1890=B_SPLINE_CURVE_WITH_KNOTS('',1,(#1888,#1889),.UNSPECIFIED.,.F.,.F.,(2,2),(0.,1.),.UNSPECIFIED.);
#1891=EDGE_CURVE('',#1029,#131,#1890,.T.);
#1892=ORIENTED_EDGE('',*,*,#1891,.F.);
#1893=EDGE_LOOP('',(#1881,#1886,#1887,#1892));
#1894=FACE_BOUND('',#1893,.T.);
#1895=ADVANCED_FACE('',(#1894),#1880,.F.);
#1896=CARTESIAN_POINT('',(-143.4198,-52.747438779,29.762484455));
#1897=DIRECTION('',(0.,0.,-1.));
#1898=DIRECTION('',(-1.,0.,0.));
#1899=AXIS2_PLACEMENT_3D('',#1896,#1897,#1898);
#1900=CONICAL_SURFACE('',#1899,5.505025253,44.999999898);
#1901=ORIENTED_EDGE('',*,*,#1871,.T.);
#1902=ORIENTED_EDGE('',*,*,#1628,.F.);
#1903=CARTESIAN_POINT('',(-143.4198,-57.757489284,30.257459203));
#1904=DIRECTION('',(0.,-0.707106781,-0.707106781));
#1905=VECTOR('',#1904,2.814213568);
#1906=LINE('',#1903,#1905);
#1907=EDGE_CURVE('',#175,#1614,#1906,.T.);
#1908=ORIENTED_EDGE('',*,*,#1907,.F.);
#1909=ORIENTED_EDGE('',*,*,#181,.F.);
#1910=EDGE_LOOP('',(#1901,#1902,#1908,#1909));
#1911=FACE_BOUND('',#1910,.T.);
#1912=ADVANCED_FACE('',(#1911),#1900,.T.);
#1913=CARTESIAN_POINT('',(144.0198,-52.747438779,29.762484455));
#1914=DIRECTION('',(0.,0.,-1.));
#1915=DIRECTION('',(-1.,0.,0.));
#1916=AXIS2_PLACEMENT_3D('',#1913,#1914,#1915);
#1917=CONICAL_SURFACE('',#1916,5.505025253,44.999999898);
#1918=ORIENTED_EDGE('',*,*,#1891,.T.);
#1919=ORIENTED_EDGE('',*,*,#196,.F.);
#1920=CARTESIAN_POINT('',(144.0198,-59.74743878,28.267509707));
#1921=DIRECTION('',(-0.,0.707106781,0.707106781));
#1922=VECTOR('',#1921,2.814213566);
#1923=LINE('',#1920,#1922);
#1924=EDGE_CURVE('',#1591,#184,#1923,.T.);
#1925=ORIENTED_EDGE('',*,*,#1924,.F.);
#1926=ORIENTED_EDGE('',*,*,#1597,.F.);
#1927=EDGE_LOOP('',(#1918,#1919,#1925,#1926));
#1928=FACE_BOUND('',#1927,.T.);
#1929=ADVANCED_FACE('',(#1928),#1917,.T.);
#1930=CARTESIAN_POINT('',(0.3,-58.252464032,29.762484455));
#1931=DIRECTION('',(0.,0.707106781,-0.707106781));
#1932=DIRECTION('',(1.,0.,0.));
#1933=AXIS2_PLACEMENT_3D('',#1930,#1931,#1932);
#1934=PLANE('',#1933);
#1935=ORIENTED_EDGE('',*,*,#1907,.T.);
#1936=CARTESIAN_POINT('',(144.0198,-59.747438779,28.267509708));
#1937=DIRECTION('',(-1.,-0.,0.));
#1938=VECTOR('',#1937,287.4396);
#1939=LINE('',#1936,#1938);
#1940=EDGE_CURVE('',#1591,#1614,#1939,.T.);
#1941=ORIENTED_EDGE('',*,*,#1940,.F.);
#1942=ORIENTED_EDGE('',*,*,#1924,.T.);
#1943=ORIENTED_EDGE('',*,*,#189,.F.);
#1944=EDGE_LOOP('',(#1935,#1941,#1942,#1943));
#1945=FACE_BOUND('',#1944,.T.);
#1946=ADVANCED_FACE('',(#1945),#1934,.F.);
#1947=CARTESIAN_POINT('',(110.299990177,-59.747438779,20.307457932));
#1948=DIRECTION('',(0.,-1.,-0.));
#1949=DIRECTION('',(1.,0.,0.));
#1950=AXIS2_PLACEMENT_3D('',#1947,#1948,#1949);
#1951=PLANE('',#1950);
#1952=ORIENTED_EDGE('',*,*,#1603,.T.);
#1953=ORIENTED_EDGE('',*,*,#1940,.T.);
#1954=ORIENTED_EDGE('',*,*,#1621,.T.);
#1955=ORIENTED_EDGE('',*,*,#1848,.T.);
#1956=EDGE_LOOP('',(#1952,#1953,#1954,#1955));
#1957=FACE_BOUND('',#1956,.T.);
#1958=ADVANCED_FACE('',(#1957),#1951,.T.);
#1959=CARTESIAN_POINT('',(-144.0198,-13.625413779,14.987459202));
#1960=DIRECTION('',(0.,1.,0.));
#1961=DIRECTION('',(0.,-0.,1.));
#1962=AXIS2_PLACEMENT_3D('',#1959,#1960,#1961);
#1963=PLANE('',#1962);
#1964=CARTESIAN_POINT('',(-145.224774747,-13.625413779,14.487459202));
#1965=VERTEX_POINT('',#1964);
#1966=CARTESIAN_POINT('',(-146.5198,-13.625413779,15.782484455));
#1967=DIRECTION('',(0.707106781,0.,-0.707106781));
#1968=VECTOR('',#1967,1.831442276);
#1969=LINE('',#1966,#1968);
#1970=EDGE_CURVE('',#1469,#1965,#1969,.T.);
#1971=ORIENTED_EDGE('',*,*,#1970,.T.);
#1972=CARTESIAN_POINT('',(-145.224774747,-13.625413779,14.487459202));
#1973=DIRECTION('',(-1.,-0.,0.));
#1974=VECTOR('',#1973,1.295025253);
#1975=LINE('',#1972,#1974);
#1976=EDGE_CURVE('',#1965,#1477,#1975,.T.);
#1977=ORIENTED_EDGE('',*,*,#1976,.T.);
#1978=ORIENTED_EDGE('',*,*,#1482,.F.);
#1979=EDGE_LOOP('',(#1971,#1977,#1978));
#1980=FACE_BOUND('',#1979,.T.);
#1981=ADVANCED_FACE('',(#1980),#1963,.T.);
#1982=CARTESIAN_POINT('',(-144.0198,-43.625413779,14.987459202));
#1983=DIRECTION('',(0.,-1.,-0.));
#1984=DIRECTION('',(0.,0.,-1.));
#1985=AXIS2_PLACEMENT_3D('',#1982,#1983,#1984);
#1986=PLANE('',#1985);
#1987=CARTESIAN_POINT('',(-145.224774747,-43.625413779,14.487459202));
#1988=VERTEX_POINT('',#1987);
#1989=CARTESIAN_POINT('',(-146.5198,-43.625413779,14.487459202));
#1990=DIRECTION('',(1.,0.,-0.));
#1991=VECTOR('',#1990,1.295025253);
#1992=LINE('',#1989,#1991);
#1993=EDGE_CURVE('',#1443,#1988,#1992,.T.);
#1994=ORIENTED_EDGE('',*,*,#1993,.T.);
#1995=CARTESIAN_POINT('',(-145.224774747,-43.625413779,14.487459202));
#1996=DIRECTION('',(-0.707106781,0.,0.707106781));
#1997=VECTOR('',#1996,1.831442277);
#1998=LINE('',#1995,#1997);
#1999=EDGE_CURVE('',#1988,#1445,#1998,.T.);
#2000=ORIENTED_EDGE('',*,*,#1999,.T.);
#2001=ORIENTED_EDGE('',*,*,#1450,.F.);
#2002=EDGE_LOOP('',(#1994,#2000,#2001));
#2003=FACE_BOUND('',#2002,.T.);
#2004=ADVANCED_FACE('',(#2003),#1986,.T.);
#2005=CARTESIAN_POINT('',(-144.0198,-28.625413779,13.987459202));
#2006=DIRECTION('',(0.,0.,-1.));
#2007=DIRECTION('',(-1.,0.,0.));
#2008=AXIS2_PLACEMENT_3D('',#2005,#2006,#2007);
#2009=PLANE('',#2008);
#2010=CARTESIAN_POINT('',(-143.734825254,-14.325413778,13.987459202));
#2011=VERTEX_POINT('',#2010);
#2012=CARTESIAN_POINT('',(-143.734825253,-42.925413779,13.987459202));
#2013=VERTEX_POINT('',#2012);
#2014=CARTESIAN_POINT('',(-143.734825254,-14.325413778,13.987459202));
#2015=DIRECTION('',(-0.,-1.,-0.));
#2016=VECTOR('',#2015,28.600000001);
#2017=LINE('',#2014,#2016);
#2018=EDGE_CURVE('',#2011,#2013,#2017,.T.);
#2019=ORIENTED_EDGE('',*,*,#2018,.T.);
#2020=CARTESIAN_POINT('',(-144.017667965,-43.125413779,13.987459202));
#2021=VERTEX_POINT('',#2020);
#2022=CARTESIAN_POINT('',(-144.017667965,-43.125413779,13.987459202));
#2023=DIRECTION('',(0.816496581,0.577350269,-0.));
#2024=VECTOR('',#2023,0.34641016);
#2025=LINE('',#2022,#2024);
#2026=EDGE_CURVE('',#2021,#2013,#2025,.T.);
#2027=ORIENTED_EDGE('',*,*,#2026,.F.);
#2028=CARTESIAN_POINT('',(-144.017667965,-43.125413779,13.987459202));
#2029=DIRECTION('',(-1.,0.,0.));
#2030=VECTOR('',#2029,2.502132035);
#2031=LINE('',#2028,#2030);
#2032=EDGE_CURVE('',#2021,#1493,#2031,.T.);
#2033=ORIENTED_EDGE('',*,*,#2032,.T.);
#2034=ORIENTED_EDGE('',*,*,#1498,.F.);
#2035=CARTESIAN_POINT('',(-144.017667965,-14.125413779,13.987459202));
#2036=VERTEX_POINT('',#2035);
#2037=CARTESIAN_POINT('',(-146.5198,-14.125413779,13.987459202));
#2038=DIRECTION('',(1.,-0.,-0.));
#2039=VECTOR('',#2038,2.502132035);
#2040=LINE('',#2037,#2039);
#2041=EDGE_CURVE('',#1485,#2036,#2040,.T.);
#2042=ORIENTED_EDGE('',*,*,#2041,.T.);
#2043=CARTESIAN_POINT('',(-144.017667965,-14.125413779,13.987459202));
#2044=DIRECTION('',(0.816496581,-0.577350269,-0.));
#2045=VECTOR('',#2044,0.34641016);
#2046=LINE('',#2043,#2045);
#2047=EDGE_CURVE('',#2036,#2011,#2046,.T.);
#2048=ORIENTED_EDGE('',*,*,#2047,.T.);
#2049=EDGE_LOOP('',(#2019,#2027,#2033,#2034,#2042,#2048));
#2050=FACE_BOUND('',#2049,.T.);
#2051=ADVANCED_FACE('',(#2050),#2009,.T.);
#2052=CARTESIAN_POINT('',(-68.302412627,-1.803388779,-61.444953424));
#2053=DIRECTION('',(0.707106781,-0.,0.707106781));
#2054=DIRECTION('',(0.707106781,0.,-0.707106781));
#2055=AXIS2_PLACEMENT_3D('',#2052,#2053,#2054);
#2056=PLANE('',#2055);
#2057=ORIENTED_EDGE('',*,*,#1466,.F.);
#2058=CARTESIAN_POINT('',(-146.5198,-42.925413779,16.772433949));
#2059=DIRECTION('',(0.707106781,0.,-0.707106781));
#2060=VECTOR('',#2059,3.938549058);
#2061=LINE('',#2058,#2060);
#2062=EDGE_CURVE('',#1453,#2013,#2061,.T.);
#2063=ORIENTED_EDGE('',*,*,#2062,.T.);
#2064=ORIENTED_EDGE('',*,*,#2018,.F.);
#2065=CARTESIAN_POINT('',(-143.734825253,-14.325413778,13.987459202));
#2066=DIRECTION('',(-0.707106781,-0.,0.707106781));
#2067=VECTOR('',#2066,3.938549058);
#2068=LINE('',#2065,#2067);
#2069=EDGE_CURVE('',#2011,#1461,#2068,.T.);
#2070=ORIENTED_EDGE('',*,*,#2069,.T.);
#2071=EDGE_LOOP('',(#2057,#2063,#2064,#2070));
#2072=FACE_BOUND('',#2071,.T.);
#2073=ADVANCED_FACE('',(#2072),#2056,.T.);
#2074=CARTESIAN_POINT('',(-144.0198,-43.125413779,13.987459202));
#2075=DIRECTION('',(0.,0.707106781,0.707106781));
#2076=DIRECTION('',(-1.,0.,0.));
#2077=AXIS2_PLACEMENT_3D('',#2074,#2075,#2076);
#2078=PLANE('',#2077);
#2079=ORIENTED_EDGE('',*,*,#1504,.F.);
#2080=ORIENTED_EDGE('',*,*,#2032,.F.);
#2081=CARTESIAN_POINT('',(-145.224774746,-43.625413779,14.487459202));
#2082=DIRECTION('',(0.862856209,0.357406744,-0.357406744));
#2083=VECTOR('',#2082,1.398966326);
#2084=LINE('',#2081,#2083);
#2085=EDGE_CURVE('',#1988,#2021,#2084,.T.);
#2086=ORIENTED_EDGE('',*,*,#2085,.F.);
#2087=ORIENTED_EDGE('',*,*,#1993,.F.);
#2088=EDGE_LOOP('',(#2079,#2080,#2086,#2087));
#2089=FACE_BOUND('',#2088,.T.);
#2090=ADVANCED_FACE('',(#2089),#2078,.F.);
#2091=CARTESIAN_POINT('',(-144.872287373,-43.625413779,14.134971829));
#2092=DIRECTION('',(-0.5,0.707106781,-0.5));
#2093=DIRECTION('',(-0.707106781,0.,0.707106781));
#2094=AXIS2_PLACEMENT_3D('',#2091,#2092,#2093);
#2095=PLANE('',#2094);
#2096=ORIENTED_EDGE('',*,*,#2085,.T.);
#2097=ORIENTED_EDGE('',*,*,#2026,.T.);
#2098=ORIENTED_EDGE('',*,*,#2062,.F.);
#2099=ORIENTED_EDGE('',*,*,#1458,.F.);
#2100=ORIENTED_EDGE('',*,*,#1999,.F.);
#2101=EDGE_LOOP('',(#2096,#2097,#2098,#2099,#2100));
#2102=FACE_BOUND('',#2101,.T.);
#2103=ADVANCED_FACE('',(#2102),#2095,.F.);
#2104=CARTESIAN_POINT('',(-144.872287373,-13.625413779,14.134971829));
#2105=DIRECTION('',(-0.5,-0.707106781,-0.5));
#2106=DIRECTION('',(0.707106781,0.,-0.707106781));
#2107=AXIS2_PLACEMENT_3D('',#2104,#2105,#2106);
#2108=PLANE('',#2107);
#2109=ORIENTED_EDGE('',*,*,#1474,.F.);
#2110=ORIENTED_EDGE('',*,*,#2069,.F.);
#2111=ORIENTED_EDGE('',*,*,#2047,.F.);
#2112=CARTESIAN_POINT('',(-145.224774747,-13.625413779,14.487459202));
#2113=DIRECTION('',(0.86285621,-0.357406744,-0.357406744));
#2114=VECTOR('',#2113,1.398966327);
#2115=LINE('',#2112,#2114);
#2116=EDGE_CURVE('',#1965,#2036,#2115,.T.);
#2117=ORIENTED_EDGE('',*,*,#2116,.F.);
#2118=ORIENTED_EDGE('',*,*,#1970,.F.);
#2119=EDGE_LOOP('',(#2109,#2110,#2111,#2117,#2118));
#2120=FACE_BOUND('',#2119,.T.);
#2121=ADVANCED_FACE('',(#2120),#2108,.F.);
#2122=CARTESIAN_POINT('',(-144.0198,-13.625413779,14.487459202));
#2123=DIRECTION('',(0.,-0.707106781,0.707106781));
#2124=DIRECTION('',(-1.,0.,0.));
#2125=AXIS2_PLACEMENT_3D('',#2122,#2123,#2124);
#2126=PLANE('',#2125);
#2127=ORIENTED_EDGE('',*,*,#2116,.T.);
#2128=ORIENTED_EDGE('',*,*,#2041,.F.);
#2129=ORIENTED_EDGE('',*,*,#1490,.F.);
#2130=ORIENTED_EDGE('',*,*,#1976,.F.);
#2131=EDGE_LOOP('',(#2127,#2128,#2129,#2130));
#2132=FACE_BOUND('',#2131,.T.);
#2133=ADVANCED_FACE('',(#2132),#2126,.F.);
#2134=CARTESIAN_POINT('',(-4.83,-51.447438779,26.807459202));
#2135=DIRECTION('',(-1.,0.,0.));
#2136=DIRECTION('',(0.,-0.,1.));
#2137=AXIS2_PLACEMENT_3D('',#2134,#2135,#2136);
#2138=PLANE('',#2137);
#2139=ORIENTED_EDGE('',*,*,#627,.F.);
#2140=ORIENTED_EDGE('',*,*,#276,.F.);
#2141=CARTESIAN_POINT('',(-4.83,-56.747438779,25.657459202));
#2142=DIRECTION('',(0.,-0.,1.));
#2143=VECTOR('',#2142,3.);
#2144=LINE('',#2141,#2143);
#2145=EDGE_CURVE('',#217,#265,#2144,.T.);
#2146=ORIENTED_EDGE('',*,*,#2145,.F.);
#2147=ORIENTED_EDGE('',*,*,#222,.T.);
#2148=EDGE_LOOP('',(#2139,#2140,#2146,#2147));
#2149=FACE_BOUND('',#2148,.T.);
#2150=ADVANCED_FACE('',(#2149),#2138,.F.);
#2151=CARTESIAN_POINT('',(5.26,-51.447438779,26.807459202));
#2152=DIRECTION('',(1.,0.,0.));
#2153=DIRECTION('',(0.,0.,-1.));
#2154=AXIS2_PLACEMENT_3D('',#2151,#2152,#2153);
#2155=PLANE('',#2154);
#2156=ORIENTED_EDGE('',*,*,#262,.T.);
#2157=ORIENTED_EDGE('',*,*,#620,.T.);
#2158=ORIENTED_EDGE('',*,*,#236,.F.);
#2159=CARTESIAN_POINT('',(5.26,-56.747438779,28.657459202));
#2160=DIRECTION('',(0.,0.,-1.));
#2161=VECTOR('',#2160,3.);
#2162=LINE('',#2159,#2161);
#2163=EDGE_CURVE('',#257,#225,#2162,.T.);
#2164=ORIENTED_EDGE('',*,*,#2163,.F.);
#2165=EDGE_LOOP('',(#2156,#2157,#2158,#2164));
#2166=FACE_BOUND('',#2165,.T.);
#2167=ADVANCED_FACE('',(#2166),#2155,.F.);
#2168=CARTESIAN_POINT('',(0.,-56.747438779,12.274639419));
#2169=DIRECTION('',(0.,1.,0.));
#2170=DIRECTION('',(0.,-0.,1.));
#2171=AXIS2_PLACEMENT_3D('',#2168,#2169,#2170);
#2172=PLANE('',#2171);
#2173=ORIENTED_EDGE('',*,*,#2145,.T.);
#2174=ORIENTED_EDGE('',*,*,#270,.T.);
#2175=ORIENTED_EDGE('',*,*,#2163,.T.);
#2176=ORIENTED_EDGE('',*,*,#230,.T.);
#2177=EDGE_LOOP('',(#2173,#2174,#2175,#2176));
#2178=FACE_BOUND('',#2177,.T.);
#2179=ADVANCED_FACE('',(#2178),#2172,.T.);
#2180=CARTESIAN_POINT('',(-72.8099,53.440661221,24.957459202));
#2181=DIRECTION('',(0.,1.,0.));
#2182=DIRECTION('',(0.,-0.,1.));
#2183=AXIS2_PLACEMENT_3D('',#2180,#2181,#2182);
#2184=PLANE('',#2183);
#2185=CARTESIAN_POINT('',(-117.739193141,53.440661221,16.766606155));
#2186=VERTEX_POINT('',#2185);
#2187=CARTESIAN_POINT('',(-117.739193141,53.440661221,12.057459202));
#2188=VERTEX_POINT('',#2187);
#2189=CARTESIAN_POINT('',(-117.739193141,53.440661221,16.766606155));
#2190=DIRECTION('',(-0.,0.,-1.));
#2191=VECTOR('',#2190,4.709146953);
#2192=LINE('',#2189,#2191);
#2193=EDGE_CURVE('',#2186,#2188,#2192,.T.);
#2194=ORIENTED_EDGE('',*,*,#2193,.T.);
#2195=CARTESIAN_POINT('',(-117.639193141,53.440661221,11.757459202));
#2196=VERTEX_POINT('',#2195);
#2197=CARTESIAN_POINT('',(-117.239193141,53.440661221,12.057459202));
#2198=DIRECTION('',(-0.,-1.,-0.));
#2199=DIRECTION('',(0.,-0.,1.));
#2200=AXIS2_PLACEMENT_3D('',#2197,#2198,#2199);
#2201=CIRCLE('',#2200,0.5);
#2202=EDGE_CURVE('',#2188,#2196,#2201,.T.);
#2203=ORIENTED_EDGE('',*,*,#2202,.T.);
#2204=CARTESIAN_POINT('',(141.7198,53.440661221,11.757459202));
#2205=VERTEX_POINT('',#2204);
#2206=CARTESIAN_POINT('',(-117.639193141,53.440661221,11.757459202));
#2207=DIRECTION('',(1.,0.,-0.));
#2208=VECTOR('',#2207,259.358993141);
#2209=LINE('',#2206,#2208);
#2210=EDGE_CURVE('',#2196,#2205,#2209,.T.);
#2211=ORIENTED_EDGE('',*,*,#2210,.T.);
#2212=CARTESIAN_POINT('',(141.7198,53.440661221,24.257459202));
#2213=VERTEX_POINT('',#2212);
#2214=CARTESIAN_POINT('',(141.7198,53.440661221,11.757459202));
#2215=DIRECTION('',(0.,-0.,1.));
#2216=VECTOR('',#2215,12.5);
#2217=LINE('',#2214,#2216);
#2218=EDGE_CURVE('',#2205,#2213,#2217,.T.);
#2219=ORIENTED_EDGE('',*,*,#2218,.T.);
#2220=CARTESIAN_POINT('',(-141.5198,53.440661221,24.257459202));
#2221=VERTEX_POINT('',#2220);
#2222=CARTESIAN_POINT('',(141.7198,53.440661221,24.257459202));
#2223=DIRECTION('',(-1.,0.,0.));
#2224=VECTOR('',#2223,283.2396);
#2225=LINE('',#2222,#2224);
#2226=EDGE_CURVE('',#2213,#2221,#2225,.T.);
#2227=ORIENTED_EDGE('',*,*,#2226,.T.);
#2228=CARTESIAN_POINT('',(-141.5198,53.440661221,11.757459202));
#2229=VERTEX_POINT('',#2228);
#2230=CARTESIAN_POINT('',(-141.5198,53.440661221,24.257459202));
#2231=DIRECTION('',(-0.,0.,-1.));
#2232=VECTOR('',#2231,12.5);
#2233=LINE('',#2230,#2232);
#2234=EDGE_CURVE('',#2221,#2229,#2233,.T.);
#2235=ORIENTED_EDGE('',*,*,#2234,.T.);
#2236=CARTESIAN_POINT('',(-130.239193141,53.440661221,11.757459202));
#2237=VERTEX_POINT('',#2236);
#2238=CARTESIAN_POINT('',(-141.5198,53.440661221,11.757459202));
#2239=DIRECTION('',(1.,0.,-0.));
#2240=VECTOR('',#2239,11.280606859);
#2241=LINE('',#2238,#2240);
#2242=EDGE_CURVE('',#2229,#2237,#2241,.T.);
#2243=ORIENTED_EDGE('',*,*,#2242,.T.);
#2244=CARTESIAN_POINT('',(-130.139193141,53.440661221,12.057459202));
#2245=VERTEX_POINT('',#2244);
#2246=CARTESIAN_POINT('',(-130.639193141,53.440661221,12.057459202));
#2247=DIRECTION('',(-0.,-1.,-0.));
#2248=DIRECTION('',(0.,-0.,1.));
#2249=AXIS2_PLACEMENT_3D('',#2246,#2247,#2248);
#2250=CIRCLE('',#2249,0.5);
#2251=EDGE_CURVE('',#2237,#2245,#2250,.T.);
#2252=ORIENTED_EDGE('',*,*,#2251,.T.);
#2253=CARTESIAN_POINT('',(-130.139193141,53.440661221,16.766606155));
#2254=VERTEX_POINT('',#2253);
#2255=CARTESIAN_POINT('',(-130.139193141,53.440661221,12.057459202));
#2256=DIRECTION('',(0.,-0.,1.));
#2257=VECTOR('',#2256,4.709146953);
#2258=LINE('',#2255,#2257);
#2259=EDGE_CURVE('',#2245,#2254,#2258,.T.);
#2260=ORIENTED_EDGE('',*,*,#2259,.T.);
#2261=CARTESIAN_POINT('',(-127.639193141,53.440661221,19.266606155));
#2262=VERTEX_POINT('',#2261);
#2263=CARTESIAN_POINT('',(-127.639193141,53.440661221,16.766606155));
#2264=DIRECTION('',(0.,1.,0.));
#2265=DIRECTION('',(0.,-0.,1.));
#2266=AXIS2_PLACEMENT_3D('',#2263,#2264,#2265);
#2267=CIRCLE('',#2266,2.5);
#2268=EDGE_CURVE('',#2254,#2262,#2267,.T.);
#2269=ORIENTED_EDGE('',*,*,#2268,.T.);
#2270=CARTESIAN_POINT('',(-120.239193141,53.440661221,19.266606155));
#2271=VERTEX_POINT('',#2270);
#2272=CARTESIAN_POINT('',(-127.639193141,53.440661221,19.266606155));
#2273=DIRECTION('',(1.,0.,-0.));
#2274=VECTOR('',#2273,7.4);
#2275=LINE('',#2272,#2274);
#2276=EDGE_CURVE('',#2262,#2271,#2275,.T.);
#2277=ORIENTED_EDGE('',*,*,#2276,.T.);
#2278=CARTESIAN_POINT('',(-120.239193141,53.440661221,16.766606155));
#2279=DIRECTION('',(0.,1.,0.));
#2280=DIRECTION('',(0.,-0.,1.));
#2281=AXIS2_PLACEMENT_3D('',#2278,#2279,#2280);
#2282=CIRCLE('',#2281,2.5);
#2283=EDGE_CURVE('',#2271,#2186,#2282,.T.);
#2284=ORIENTED_EDGE('',*,*,#2283,.T.);
#2285=EDGE_LOOP('',(#2194,#2203,#2211,#2219,#2227,#2235,#2243,#2252,#2260,#2269,#2277,#2284));
#2286=FACE_BOUND('',#2285,.T.);
#2287=ADVANCED_FACE('',(#2286),#2184,.F.);
#2288=CARTESIAN_POINT('',(-130.139193141,49.740661221,17.067267871));
#2289=DIRECTION('',(-1.,0.,0.));
#2290=DIRECTION('',(0.,-0.,1.));
#2291=AXIS2_PLACEMENT_3D('',#2288,#2289,#2290);
#2292=PLANE('',#2291);
#2293=ORIENTED_EDGE('',*,*,#2259,.F.);
#2294=CARTESIAN_POINT('',(-130.139193141,54.040661221,12.057459202));
#2295=VERTEX_POINT('',#2294);
#2296=CARTESIAN_POINT('',(-130.139193141,53.440661221,12.057459202));
#2297=DIRECTION('',(0.,1.,0.));
#2298=VECTOR('',#2297,0.6);
#2299=LINE('',#2296,#2298);
#2300=EDGE_CURVE('',#2245,#2295,#2299,.T.);
#2301=ORIENTED_EDGE('',*,*,#2300,.T.);
#2302=CARTESIAN_POINT('',(-130.139193141,54.040661221,16.766606155));
#2303=VERTEX_POINT('',#2302);
#2304=CARTESIAN_POINT('',(-130.139193141,54.040661221,12.057459202));
#2305=DIRECTION('',(0.,-0.,1.));
#2306=VECTOR('',#2305,4.709146953);
#2307=LINE('',#2304,#2306);
#2308=EDGE_CURVE('',#2295,#2303,#2307,.T.);
#2309=ORIENTED_EDGE('',*,*,#2308,.T.);
#2310=CARTESIAN_POINT('',(-130.139193141,54.040661221,16.766606155));
#2311=DIRECTION('',(-0.,-1.,-0.));
#2312=VECTOR('',#2311,0.6);
#2313=LINE('',#2310,#2312);
#2314=EDGE_CURVE('',#2303,#2254,#2313,.T.);
#2315=ORIENTED_EDGE('',*,*,#2314,.T.);
#2316=EDGE_LOOP('',(#2293,#2301,#2309,#2315));
#2317=FACE_BOUND('',#2316,.T.);
#2318=ADVANCED_FACE('',(#2317),#2292,.F.);
#2319=CARTESIAN_POINT('',(0.3,54.38710783,11.911012593));
#2320=DIRECTION('',(0.,-0.707106781,0.707106781));
#2321=DIRECTION('',(1.,0.,0.));
#2322=AXIS2_PLACEMENT_3D('',#2319,#2320,#2321);
#2323=PLANE('',#2322);
#2324=ORIENTED_EDGE('',*,*,#1217,.F.);
#2325=CARTESIAN_POINT('',(-117.596282065,54.183572297,11.70747706));
#2326=VERTEX_POINT('',#2325);
#2327=CARTESIAN_POINT('',(-117.239193141,54.533554439,12.057459202));
#2328=DIRECTION('',(-0.,0.707106781,-0.707106781));
#2329=DIRECTION('',(0.,-0.707106781,-0.707106781));
#2330=AXIS2_PLACEMENT_3D('',#2327,#2328,#2329);
#2331=ELLIPSE('',#2330,0.707106781,0.5);
#2332=EDGE_CURVE('',#1204,#2326,#2331,.T.);
#2333=ORIENTED_EDGE('',*,*,#2332,.T.);
#2334=CARTESIAN_POINT('',(-116.039193141,55.740661221,13.264565984));
#2335=VERTEX_POINT('',#2334);
#2336=CARTESIAN_POINT('',(-117.596282065,54.183572297,11.70747706));
#2337=DIRECTION('',(0.577350269,0.577350269,0.577350269));
#2338=VECTOR('',#2337,2.696957129);
#2339=LINE('',#2336,#2338);
#2340=EDGE_CURVE('',#2326,#2335,#2339,.T.);
#2341=ORIENTED_EDGE('',*,*,#2340,.T.);
#2342=CARTESIAN_POINT('',(144.0198,55.740661222,13.264565984));
#2343=VERTEX_POINT('',#2342);
#2344=CARTESIAN_POINT('',(144.0198,55.740661221,13.264565984));
#2345=DIRECTION('',(-1.,-0.,0.));
#2346=VECTOR('',#2345,260.058993141);
#2347=LINE('',#2344,#2346);
#2348=EDGE_CURVE('',#2343,#2335,#2347,.T.);
#2349=ORIENTED_EDGE('',*,*,#2348,.F.);
#2350=CARTESIAN_POINT('',(144.0198,55.740661222,13.264565984));
#2351=DIRECTION('',(-0.,-0.707106781,-0.707106781));
#2352=VECTOR('',#2351,2.414213566);
#2353=LINE('',#2350,#2352);
#2354=EDGE_CURVE('',#2343,#1212,#2353,.T.);
#2355=ORIENTED_EDGE('',*,*,#2354,.T.);
#2356=EDGE_LOOP('',(#2324,#2333,#2341,#2349,#2355));
#2357=FACE_BOUND('',#2356,.T.);
#2358=ADVANCED_FACE('',(#2357),#2323,.F.);
#2359=CARTESIAN_POINT('',(0.3,54.38710783,11.911012593));
#2360=DIRECTION('',(0.,-0.707106781,0.707106781));
#2361=DIRECTION('',(1.,0.,0.));
#2362=AXIS2_PLACEMENT_3D('',#2359,#2360,#2361);
#2363=PLANE('',#2362);
#2364=CARTESIAN_POINT('',(-131.839193141,55.740661221,13.264565984));
#2365=VERTEX_POINT('',#2364);
#2366=CARTESIAN_POINT('',(-130.282104217,54.183572297,11.70747706));
#2367=VERTEX_POINT('',#2366);
#2368=CARTESIAN_POINT('',(-131.839193141,55.740661221,13.264565984));
#2369=DIRECTION('',(0.577350269,-0.577350269,-0.577350269));
#2370=VECTOR('',#2369,2.696957129);
#2371=LINE('',#2368,#2370);
#2372=EDGE_CURVE('',#2365,#2367,#2371,.T.);
#2373=ORIENTED_EDGE('',*,*,#2372,.T.);
#2374=CARTESIAN_POINT('',(-130.639193141,54.533554439,12.057459202));
#2375=DIRECTION('',(-0.,0.707106781,-0.707106781));
#2376=DIRECTION('',(0.,-0.707106781,-0.707106781));
#2377=AXIS2_PLACEMENT_3D('',#2374,#2375,#2376);
#2378=ELLIPSE('',#2377,0.707106781,0.5);
#2379=EDGE_CURVE('',#2367,#1280,#2378,.T.);
#2380=ORIENTED_EDGE('',*,*,#2379,.T.);
#2381=ORIENTED_EDGE('',*,*,#1285,.F.);
#2382=CARTESIAN_POINT('',(-143.4198,55.740661222,13.264565984));
#2383=VERTEX_POINT('',#2382);
#2384=CARTESIAN_POINT('',(-143.4198,54.033554439,11.557459201));
#2385=DIRECTION('',(0.,0.707106781,0.707106781));
#2386=VECTOR('',#2385,2.414213565);
#2387=LINE('',#2384,#2386);
#2388=EDGE_CURVE('',#1271,#2383,#2387,.T.);
#2389=ORIENTED_EDGE('',*,*,#2388,.T.);
#2390=CARTESIAN_POINT('',(-131.839193141,55.740661221,13.264565984));
#2391=DIRECTION('',(-1.,-0.,0.));
#2392=VECTOR('',#2391,11.580606859);
#2393=LINE('',#2390,#2392);
#2394=EDGE_CURVE('',#2365,#2383,#2393,.T.);
#2395=ORIENTED_EDGE('',*,*,#2394,.F.);
#2396=EDGE_LOOP('',(#2373,#2380,#2381,#2389,#2395));
#2397=FACE_BOUND('',#2396,.T.);
#2398=ADVANCED_FACE('',(#2397),#2363,.F.);
#2399=CARTESIAN_POINT('',(-74.8099,55.740661221,24.957459202));
#2400=DIRECTION('',(0.,-1.,-0.));
#2401=DIRECTION('',(0.,0.,-1.));
#2402=AXIS2_PLACEMENT_3D('',#2399,#2400,#2401);
#2403=PLANE('',#2402);
#2404=ORIENTED_EDGE('',*,*,#2348,.T.);
#2405=CARTESIAN_POINT('',(-116.039193141,55.740661221,16.766606155));
#2406=VERTEX_POINT('',#2405);
#2407=CARTESIAN_POINT('',(-116.039193141,55.740661221,13.264565984));
#2408=DIRECTION('',(0.,-0.,1.));
#2409=VECTOR('',#2408,3.502040171);
#2410=LINE('',#2407,#2409);
#2411=EDGE_CURVE('',#2335,#2406,#2410,.T.);
#2412=ORIENTED_EDGE('',*,*,#2411,.T.);
#2413=CARTESIAN_POINT('',(-120.239193141,55.740661221,20.966606155));
#2414=VERTEX_POINT('',#2413);
#2415=CARTESIAN_POINT('',(-120.239193141,55.740661221,16.766606155));
#2416=DIRECTION('',(0.,-1.,-0.));
#2417=DIRECTION('',(0.,0.,-1.));
#2418=AXIS2_PLACEMENT_3D('',#2415,#2416,#2417);
#2419=CIRCLE('',#2418,4.2);
#2420=EDGE_CURVE('',#2406,#2414,#2419,.T.);
#2421=ORIENTED_EDGE('',*,*,#2420,.T.);
#2422=CARTESIAN_POINT('',(-127.639193141,55.740661221,20.966606155));
#2423=VERTEX_POINT('',#2422);
#2424=CARTESIAN_POINT('',(-120.239193141,55.740661221,20.966606155));
#2425=DIRECTION('',(-1.,0.,0.));
#2426=VECTOR('',#2425,7.4);
#2427=LINE('',#2424,#2426);
#2428=EDGE_CURVE('',#2414,#2423,#2427,.T.);
#2429=ORIENTED_EDGE('',*,*,#2428,.T.);
#2430=CARTESIAN_POINT('',(-131.839193141,55.740661221,16.766606155));
#2431=VERTEX_POINT('',#2430);
#2432=CARTESIAN_POINT('',(-127.639193141,55.740661221,16.766606155));
#2433=DIRECTION('',(0.,-1.,-0.));
#2434=DIRECTION('',(0.,0.,-1.));
#2435=AXIS2_PLACEMENT_3D('',#2432,#2433,#2434);
#2436=CIRCLE('',#2435,4.2);
#2437=EDGE_CURVE('',#2423,#2431,#2436,.T.);
#2438=ORIENTED_EDGE('',*,*,#2437,.T.);
#2439=CARTESIAN_POINT('',(-131.839193141,55.740661221,16.766606155));
#2440=DIRECTION('',(0.,0.,-1.));
#2441=VECTOR('',#2440,3.502040171);
#2442=LINE('',#2439,#2441);
#2443=EDGE_CURVE('',#2431,#2365,#2442,.T.);
#2444=ORIENTED_EDGE('',*,*,#2443,.T.);
#2445=ORIENTED_EDGE('',*,*,#2394,.T.);
#2446=CARTESIAN_POINT('',(-143.419799998,55.740661219,28.267509705));
#2447=VERTEX_POINT('',#2446);
#2448=CARTESIAN_POINT('',(-143.4198,55.740661221,13.264565984));
#2449=DIRECTION('',(-0.,-0.,1.));
#2450=VECTOR('',#2449,15.002943721);
#2451=LINE('',#2448,#2450);
#2452=EDGE_CURVE('',#2383,#2447,#2451,.T.);
#2453=ORIENTED_EDGE('',*,*,#2452,.T.);
#2454=CARTESIAN_POINT('',(144.0198,55.740661224,28.267509705));
#2455=VERTEX_POINT('',#2454);
#2456=CARTESIAN_POINT('',(-143.419799998,55.740661221,28.267509708));
#2457=DIRECTION('',(1.,0.,-0.));
#2458=VECTOR('',#2457,287.439599998);
#2459=LINE('',#2456,#2458);
#2460=EDGE_CURVE('',#2447,#2455,#2459,.T.);
#2461=ORIENTED_EDGE('',*,*,#2460,.T.);
#2462=CARTESIAN_POINT('',(144.0198,55.740661221,28.267509705));
#2463=DIRECTION('',(0.,0.,-1.));
#2464=VECTOR('',#2463,15.002943721);
#2465=LINE('',#2462,#2464);
#2466=EDGE_CURVE('',#2455,#2343,#2465,.T.);
#2467=ORIENTED_EDGE('',*,*,#2466,.T.);
#2468=EDGE_LOOP('',(#2404,#2412,#2421,#2429,#2438,#2444,#2445,#2453,#2461,#2467));
#2469=FACE_BOUND('',#2468,.T.);
#2470=ADVANCED_FACE('',(#2469),#2403,.F.);
#2471=CARTESIAN_POINT('',(141.7198,48.440661221,24.957459202));
#2472=DIRECTION('',(0.,-0.,1.));
#2473=DIRECTION('',(1.,0.,0.));
#2474=AXIS2_PLACEMENT_3D('',#2471,#2472,#2473);
#2475=CYLINDRICAL_SURFACE('',#2474,5.);
#2476=ORIENTED_EDGE('',*,*,#560,.F.);
#2477=CARTESIAN_POINT('',(141.7198,48.440661221,24.257459202));
#2478=DIRECTION('',(-0.,-0.,1.));
#2479=DIRECTION('',(0.,1.,0.));
#2480=AXIS2_PLACEMENT_3D('',#2477,#2478,#2479);
#2481=CIRCLE('',#2480,5.);
#2482=EDGE_CURVE('',#547,#2213,#2481,.T.);
#2483=ORIENTED_EDGE('',*,*,#2482,.T.);
#2484=ORIENTED_EDGE('',*,*,#2218,.F.);
#2485=CARTESIAN_POINT('',(141.7198,48.440661221,11.757459202));
#2486=DIRECTION('',(0.,0.,-1.));
#2487=DIRECTION('',(-1.,0.,0.));
#2488=AXIS2_PLACEMENT_3D('',#2485,#2486,#2487);
#2489=CIRCLE('',#2488,5.);
#2490=EDGE_CURVE('',#2205,#555,#2489,.T.);
#2491=ORIENTED_EDGE('',*,*,#2490,.T.);
#2492=EDGE_LOOP('',(#2476,#2483,#2484,#2491));
#2493=FACE_BOUND('',#2492,.T.);
#2494=ADVANCED_FACE('',(#2493),#2475,.F.);
#2495=CARTESIAN_POINT('',(-141.5198,48.440661221,24.957459202));
#2496=DIRECTION('',(0.,-0.,1.));
#2497=DIRECTION('',(1.,0.,0.));
#2498=AXIS2_PLACEMENT_3D('',#2495,#2496,#2497);
#2499=CYLINDRICAL_SURFACE('',#2498,5.);
#2500=ORIENTED_EDGE('',*,*,#2234,.F.);
#2501=CARTESIAN_POINT('',(-141.5198,48.440661221,24.257459202));
#2502=DIRECTION('',(-0.,-0.,1.));
#2503=DIRECTION('',(0.,1.,0.));
#2504=AXIS2_PLACEMENT_3D('',#2501,#2502,#2503);
#2505=CIRCLE('',#2504,5.);
#2506=EDGE_CURVE('',#2221,#1420,#2505,.T.);
#2507=ORIENTED_EDGE('',*,*,#2506,.T.);
#2508=ORIENTED_EDGE('',*,*,#1425,.F.);
#2509=CARTESIAN_POINT('',(-141.5198,48.440661221,11.757459202));
#2510=DIRECTION('',(0.,0.,-1.));
#2511=DIRECTION('',(-1.,0.,0.));
#2512=AXIS2_PLACEMENT_3D('',#2509,#2510,#2511);
#2513=CIRCLE('',#2512,5.);
#2514=EDGE_CURVE('',#1418,#2229,#2513,.T.);
#2515=ORIENTED_EDGE('',*,*,#2514,.T.);
#2516=EDGE_LOOP('',(#2500,#2507,#2508,#2515));
#2517=FACE_BOUND('',#2516,.T.);
#2518=ADVANCED_FACE('',(#2517),#2499,.F.);
#2519=CARTESIAN_POINT('',(141.9198,44.240661221,5.857459202));
#2520=DIRECTION('',(0.,-0.,1.));
#2521=DIRECTION('',(1.,0.,0.));
#2522=AXIS2_PLACEMENT_3D('',#2519,#2520,#2521);
#2523=CYLINDRICAL_SURFACE('',#2522,2.);
#2524=ORIENTED_EDGE('',*,*,#1145,.F.);
#2525=CARTESIAN_POINT('',(141.9198,44.240661221,29.657459202));
#2526=DIRECTION('',(0.,0.,1.));
#2527=DIRECTION('',(1.,0.,-0.));
#2528=AXIS2_PLACEMENT_3D('',#2525,#2526,#2527);
#2529=CIRCLE('',#2528,2.);
#2530=EDGE_CURVE('',#1132,#369,#2529,.T.);
#2531=ORIENTED_EDGE('',*,*,#2530,.T.);
#2532=ORIENTED_EDGE('',*,*,#374,.F.);
#2533=CARTESIAN_POINT('',(141.9198,44.240661221,24.657459202));
#2534=DIRECTION('',(-0.,0.,-1.));
#2535=DIRECTION('',(1.,0.,0.));
#2536=AXIS2_PLACEMENT_3D('',#2533,#2534,#2535);
#2537=CIRCLE('',#2536,2.);
#2538=EDGE_CURVE('',#367,#1140,#2537,.T.);
#2539=ORIENTED_EDGE('',*,*,#2538,.T.);
#2540=EDGE_LOOP('',(#2524,#2531,#2532,#2539));
#2541=FACE_BOUND('',#2540,.T.);
#2542=ADVANCED_FACE('',(#2541),#2523,.F.);
#2543=CARTESIAN_POINT('',(-141.3198,44.240661221,5.857459202));
#2544=DIRECTION('',(0.,-0.,1.));
#2545=DIRECTION('',(1.,0.,0.));
#2546=AXIS2_PLACEMENT_3D('',#2543,#2544,#2545);
#2547=CYLINDRICAL_SURFACE('',#2546,2.);
#2548=ORIENTED_EDGE('',*,*,#390,.F.);
#2549=CARTESIAN_POINT('',(-141.3198,44.240661221,29.657459202));
#2550=DIRECTION('',(0.,0.,1.));
#2551=DIRECTION('',(1.,0.,-0.));
#2552=AXIS2_PLACEMENT_3D('',#2549,#2550,#2551);
#2553=CIRCLE('',#2552,2.);
#2554=EDGE_CURVE('',#377,#1093,#2553,.T.);
#2555=ORIENTED_EDGE('',*,*,#2554,.T.);
#2556=ORIENTED_EDGE('',*,*,#1098,.F.);
#2557=CARTESIAN_POINT('',(-141.3198,44.240661221,24.657459202));
#2558=DIRECTION('',(-0.,0.,-1.));
#2559=DIRECTION('',(1.,0.,0.));
#2560=AXIS2_PLACEMENT_3D('',#2557,#2558,#2559);
#2561=CIRCLE('',#2560,2.);
#2562=EDGE_CURVE('',#1091,#385,#2561,.T.);
#2563=ORIENTED_EDGE('',*,*,#2562,.T.);
#2564=EDGE_LOOP('',(#2548,#2555,#2556,#2563));
#2565=FACE_BOUND('',#2564,.T.);
#2566=ADVANCED_FACE('',(#2565),#2547,.F.);
#2567=CARTESIAN_POINT('',(144.0198,48.740661221,24.957459202));
#2568=DIRECTION('',(0.,0.,-1.));
#2569=DIRECTION('',(-1.,0.,0.));
#2570=AXIS2_PLACEMENT_3D('',#2567,#2568,#2569);
#2571=CYLINDRICAL_SURFACE('',#2570,7.);
#2572=CARTESIAN_POINT('',(144.0198,48.740661221,13.264565985));
#2573=DIRECTION('',(-0.,-0.,1.));
#2574=DIRECTION('',(-1.,0.,0.));
#2575=AXIS2_PLACEMENT_3D('',#2572,#2573,#2574);
#2576=CIRCLE('',#2575,7.);
#2577=EDGE_CURVE('',#1013,#2343,#2576,.T.);
#2578=ORIENTED_EDGE('',*,*,#2577,.T.);
#2579=ORIENTED_EDGE('',*,*,#2466,.F.);
#2580=CARTESIAN_POINT('',(144.0198,48.740661221,28.267509703));
#2581=DIRECTION('',(0.,0.,-1.));
#2582=DIRECTION('',(0.,1.,0.));
#2583=AXIS2_PLACEMENT_3D('',#2580,#2581,#2582);
#2584=CIRCLE('',#2583,7.);
#2585=EDGE_CURVE('',#2455,#1021,#2584,.T.);
#2586=ORIENTED_EDGE('',*,*,#2585,.T.);
#2587=ORIENTED_EDGE('',*,*,#1026,.F.);
#2588=EDGE_LOOP('',(#2578,#2579,#2586,#2587));
#2589=FACE_BOUND('',#2588,.T.);
#2590=ADVANCED_FACE('',(#2589),#2571,.T.);
#2591=CARTESIAN_POINT('',(-143.4198,48.740661221,24.957459202));
#2592=DIRECTION('',(0.,-0.,1.));
#2593=DIRECTION('',(1.,0.,0.));
#2594=AXIS2_PLACEMENT_3D('',#2591,#2592,#2593);
#2595=CYLINDRICAL_SURFACE('',#2594,7.);
#2596=ORIENTED_EDGE('',*,*,#1074,.F.);
#2597=CARTESIAN_POINT('',(-143.4198,48.740661221,28.267509703));
#2598=DIRECTION('',(0.,0.,-1.));
#2599=DIRECTION('',(0.,1.,0.));
#2600=AXIS2_PLACEMENT_3D('',#2597,#2598,#2599);
#2601=CIRCLE('',#2600,7.);
#2602=EDGE_CURVE('',#1061,#2447,#2601,.T.);
#2603=ORIENTED_EDGE('',*,*,#2602,.T.);
#2604=ORIENTED_EDGE('',*,*,#2452,.F.);
#2605=CARTESIAN_POINT('',(-143.4198,48.740661221,13.264565985));
#2606=DIRECTION('',(0.,-0.,1.));
#2607=DIRECTION('',(1.,0.,0.));
#2608=AXIS2_PLACEMENT_3D('',#2605,#2606,#2607);
#2609=CIRCLE('',#2608,7.);
#2610=EDGE_CURVE('',#2383,#1069,#2609,.T.);
#2611=ORIENTED_EDGE('',*,*,#2610,.T.);
#2612=EDGE_LOOP('',(#2596,#2603,#2604,#2611));
#2613=FACE_BOUND('',#2612,.T.);
#2614=ADVANCED_FACE('',(#2613),#2595,.T.);
#2615=CARTESIAN_POINT('',(146.2198,16.996611221,8.057459202));
#2616=DIRECTION('',(0.,1.,0.));
#2617=DIRECTION('',(-1.,0.,0.));
#2618=AXIS2_PLACEMENT_3D('',#2615,#2616,#2617);
#2619=PLANE('',#2618);
#2620=ORIENTED_EDGE('',*,*,#780,.F.);
#2621=CARTESIAN_POINT('',(146.5198,16.996611221,24.457459202));
#2622=DIRECTION('',(0.707106781,0.,-0.707106781));
#2623=VECTOR('',#2622,0.282842712);
#2624=LINE('',#2621,#2623);
#2625=EDGE_CURVE('',#767,#539,#2624,.T.);
#2626=ORIENTED_EDGE('',*,*,#2625,.T.);
#2627=ORIENTED_EDGE('',*,*,#544,.F.);
#2628=CARTESIAN_POINT('',(144.4198,16.996611221,11.757459202));
#2629=VERTEX_POINT('',#2628);
#2630=CARTESIAN_POINT('',(146.7198,16.996611221,11.757459202));
#2631=DIRECTION('',(-1.,0.,0.));
#2632=VECTOR('',#2631,2.3);
#2633=LINE('',#2630,#2632);
#2634=EDGE_CURVE('',#537,#2629,#2633,.T.);
#2635=ORIENTED_EDGE('',*,*,#2634,.T.);
#2636=CARTESIAN_POINT('',(144.4198,16.996611221,11.757459202));
#2637=DIRECTION('',(0.,-0.,1.));
#2638=VECTOR('',#2637,12.7);
#2639=LINE('',#2636,#2638);
#2640=EDGE_CURVE('',#2629,#775,#2639,.T.);
#2641=ORIENTED_EDGE('',*,*,#2640,.T.);
#2642=EDGE_LOOP('',(#2620,#2626,#2627,#2635,#2641));
#2643=FACE_BOUND('',#2642,.T.);
#2644=ADVANCED_FACE('',(#2643),#2619,.T.);
#2645=CARTESIAN_POINT('',(144.4198,16.996611221,8.057459202));
#2646=DIRECTION('',(0.707106781,-0.707106781,-0.));
#2647=DIRECTION('',(0.,-0.,1.));
#2648=AXIS2_PLACEMENT_3D('',#2645,#2646,#2647);
#2649=PLANE('',#2648);
#2650=ORIENTED_EDGE('',*,*,#1161,.F.);
#2651=CARTESIAN_POINT('',(143.9198,16.496611221,24.657459202));
#2652=DIRECTION('',(0.577350269,0.577350269,-0.577350269));
#2653=VECTOR('',#2652,0.346410162);
#2654=LINE('',#2651,#2653);
#2655=EDGE_CURVE('',#1148,#783,#2654,.T.);
#2656=ORIENTED_EDGE('',*,*,#2655,.T.);
#2657=ORIENTED_EDGE('',*,*,#788,.F.);
#2658=ORIENTED_EDGE('',*,*,#2640,.F.);
#2659=CARTESIAN_POINT('',(144.4198,16.996611221,11.757459202));
#2660=DIRECTION('',(-0.707106781,-0.707106781,-0.));
#2661=VECTOR('',#2660,0.707106781);
#2662=LINE('',#2659,#2661);
#2663=EDGE_CURVE('',#2629,#1156,#2662,.T.);
#2664=ORIENTED_EDGE('',*,*,#2663,.T.);
#2665=EDGE_LOOP('',(#2650,#2656,#2657,#2658,#2664));
#2666=FACE_BOUND('',#2665,.T.);
#2667=ADVANCED_FACE('',(#2666),#2649,.F.);
#2668=CARTESIAN_POINT('',(-123.989193141,49.740661221,19.266606155));
#2669=DIRECTION('',(0.,-0.,1.));
#2670=DIRECTION('',(1.,0.,0.));
#2671=AXIS2_PLACEMENT_3D('',#2668,#2669,#2670);
#2672=PLANE('',#2671);
#2673=CARTESIAN_POINT('',(-127.639193141,54.040661221,19.266606155));
#2674=VERTEX_POINT('',#2673);
#2675=CARTESIAN_POINT('',(-127.639193141,53.440661221,19.266606155));
#2676=DIRECTION('',(0.,1.,0.));
#2677=VECTOR('',#2676,0.6);
#2678=LINE('',#2675,#2677);
#2679=EDGE_CURVE('',#2262,#2674,#2678,.T.);
#2680=ORIENTED_EDGE('',*,*,#2679,.T.);
#2681=CARTESIAN_POINT('',(-120.239193141,54.040661221,19.266606155));
#2682=VERTEX_POINT('',#2681);
#2683=CARTESIAN_POINT('',(-127.639193141,54.040661221,19.266606155));
#2684=DIRECTION('',(1.,0.,-0.));
#2685=VECTOR('',#2684,7.4);
#2686=LINE('',#2683,#2685);
#2687=EDGE_CURVE('',#2674,#2682,#2686,.T.);
#2688=ORIENTED_EDGE('',*,*,#2687,.T.);
#2689=CARTESIAN_POINT('',(-120.239193141,54.040661221,19.266606155));
#2690=DIRECTION('',(-0.,-1.,-0.));
#2691=VECTOR('',#2690,0.6);
#2692=LINE('',#2689,#2691);
#2693=EDGE_CURVE('',#2682,#2271,#2692,.T.);
#2694=ORIENTED_EDGE('',*,*,#2693,.T.);
#2695=ORIENTED_EDGE('',*,*,#2276,.F.);
#2696=EDGE_LOOP('',(#2680,#2688,#2694,#2695));
#2697=FACE_BOUND('',#2696,.T.);
#2698=ADVANCED_FACE('',(#2697),#2672,.F.);
#2699=CARTESIAN_POINT('',(-117.739193141,49.740661221,17.067267871));
#2700=DIRECTION('',(1.,0.,0.));
#2701=DIRECTION('',(0.,0.,-1.));
#2702=AXIS2_PLACEMENT_3D('',#2699,#2700,#2701);
#2703=PLANE('',#2702);
#2704=CARTESIAN_POINT('',(-117.739193141,54.040661221,16.766606155));
#2705=VERTEX_POINT('',#2704);
#2706=CARTESIAN_POINT('',(-117.739193141,54.040661221,12.057459202));
#2707=VERTEX_POINT('',#2706);
#2708=CARTESIAN_POINT('',(-117.739193141,54.040661221,16.766606155));
#2709=DIRECTION('',(0.,0.,-1.));
#2710=VECTOR('',#2709,4.709146953);
#2711=LINE('',#2708,#2710);
#2712=EDGE_CURVE('',#2705,#2707,#2711,.T.);
#2713=ORIENTED_EDGE('',*,*,#2712,.T.);
#2714=CARTESIAN_POINT('',(-117.739193141,54.040661221,12.057459202));
#2715=DIRECTION('',(-0.,-1.,-0.));
#2716=VECTOR('',#2715,0.6);
#2717=LINE('',#2714,#2716);
#2718=EDGE_CURVE('',#2707,#2188,#2717,.T.);
#2719=ORIENTED_EDGE('',*,*,#2718,.T.);
#2720=ORIENTED_EDGE('',*,*,#2193,.F.);
#2721=CARTESIAN_POINT('',(-117.739193141,53.440661221,16.766606155));
#2722=DIRECTION('',(0.,1.,0.));
#2723=VECTOR('',#2722,0.6);
#2724=LINE('',#2721,#2723);
#2725=EDGE_CURVE('',#2186,#2705,#2724,.T.);
#2726=ORIENTED_EDGE('',*,*,#2725,.T.);
#2727=EDGE_LOOP('',(#2713,#2719,#2720,#2726));
#2728=FACE_BOUND('',#2727,.T.);
#2729=ADVANCED_FACE('',(#2728),#2703,.F.);
#2730=CARTESIAN_POINT('',(-120.239193141,49.740661221,16.766606155));
#2731=DIRECTION('',(0.,-1.,-0.));
#2732=DIRECTION('',(0.,0.,-1.));
#2733=AXIS2_PLACEMENT_3D('',#2730,#2731,#2732);
#2734=CYLINDRICAL_SURFACE('',#2733,2.5);
#2735=ORIENTED_EDGE('',*,*,#2693,.F.);
#2736=CARTESIAN_POINT('',(-120.239193141,54.040661221,16.766606155));
#2737=DIRECTION('',(-0.,1.,0.));
#2738=DIRECTION('',(0.,0.,-1.));
#2739=AXIS2_PLACEMENT_3D('',#2736,#2737,#2738);
#2740=CIRCLE('',#2739,2.5);
#2741=EDGE_CURVE('',#2682,#2705,#2740,.T.);
#2742=ORIENTED_EDGE('',*,*,#2741,.T.);
#2743=ORIENTED_EDGE('',*,*,#2725,.F.);
#2744=ORIENTED_EDGE('',*,*,#2283,.F.);
#2745=EDGE_LOOP('',(#2735,#2742,#2743,#2744));
#2746=FACE_BOUND('',#2745,.T.);
#2747=ADVANCED_FACE('',(#2746),#2734,.F.);
#2748=CARTESIAN_POINT('',(-127.639193141,49.740661221,16.766606155));
#2749=DIRECTION('',(0.,-1.,-0.));
#2750=DIRECTION('',(0.,0.,-1.));
#2751=AXIS2_PLACEMENT_3D('',#2748,#2749,#2750);
#2752=CYLINDRICAL_SURFACE('',#2751,2.5);
#2753=ORIENTED_EDGE('',*,*,#2314,.F.);
#2754=CARTESIAN_POINT('',(-127.639193141,54.040661221,16.766606155));
#2755=DIRECTION('',(-0.,1.,0.));
#2756=DIRECTION('',(0.,0.,-1.));
#2757=AXIS2_PLACEMENT_3D('',#2754,#2755,#2756);
#2758=CIRCLE('',#2757,2.5);
#2759=EDGE_CURVE('',#2303,#2674,#2758,.T.);
#2760=ORIENTED_EDGE('',*,*,#2759,.T.);
#2761=ORIENTED_EDGE('',*,*,#2679,.F.);
#2762=ORIENTED_EDGE('',*,*,#2268,.F.);
#2763=EDGE_LOOP('',(#2753,#2760,#2761,#2762));
#2764=FACE_BOUND('',#2763,.T.);
#2765=ADVANCED_FACE('',(#2764),#2752,.F.);
#2766=CARTESIAN_POINT('',(126.429906052,47.252561221,33.957459202));
#2767=DIRECTION('',(1.,0.,0.));
#2768=DIRECTION('',(0.,0.,-1.));
#2769=AXIS2_PLACEMENT_3D('',#2766,#2767,#2768);
#2770=PLANE('',#2769);
#2771=ORIENTED_EDGE('',*,*,#416,.F.);
#2772=CARTESIAN_POINT('',(126.429906052,52.740661221,25.657459202));
#2773=VERTEX_POINT('',#2772);
#2774=CARTESIAN_POINT('',(126.429906052,52.740661221,25.657459202));
#2775=DIRECTION('',(0.,-1.,-0.));
#2776=VECTOR('',#2775,6.5);
#2777=LINE('',#2774,#2776);
#2778=EDGE_CURVE('',#2773,#403,#2777,.T.);
#2779=ORIENTED_EDGE('',*,*,#2778,.F.);
#2780=CARTESIAN_POINT('',(126.429906052,52.740661221,28.657459202));
#2781=VERTEX_POINT('',#2780);
#2782=CARTESIAN_POINT('',(126.429906052,52.740661221,25.657459202));
#2783=DIRECTION('',(0.,-0.,1.));
#2784=VECTOR('',#2783,3.);
#2785=LINE('',#2782,#2784);
#2786=EDGE_CURVE('',#2773,#2781,#2785,.T.);
#2787=ORIENTED_EDGE('',*,*,#2786,.T.);
#2788=CARTESIAN_POINT('',(126.429906052,52.740661221,28.657459202));
#2789=DIRECTION('',(0.,-1.,-0.));
#2790=VECTOR('',#2789,6.5);
#2791=LINE('',#2788,#2790);
#2792=EDGE_CURVE('',#2781,#411,#2791,.T.);
#2793=ORIENTED_EDGE('',*,*,#2792,.T.);
#2794=EDGE_LOOP('',(#2771,#2779,#2787,#2793));
#2795=FACE_BOUND('',#2794,.T.);
#2796=ADVANCED_FACE('',(#2795),#2770,.T.);
#2797=CARTESIAN_POINT('',(131.469906052,47.252561221,28.657459202));
#2798=DIRECTION('',(0.,0.,-1.));
#2799=DIRECTION('',(-1.,0.,0.));
#2800=AXIS2_PLACEMENT_3D('',#2797,#2798,#2799);
#2801=PLANE('',#2800);
#2802=CARTESIAN_POINT('',(136.509906052,52.740661221,28.657459202));
#2803=VERTEX_POINT('',#2802);
#2804=CARTESIAN_POINT('',(136.509906052,52.740661221,28.657459202));
#2805=DIRECTION('',(0.,-1.,-0.));
#2806=VECTOR('',#2805,6.5);
#2807=LINE('',#2804,#2806);
#2808=EDGE_CURVE('',#2803,#419,#2807,.T.);
#2809=ORIENTED_EDGE('',*,*,#2808,.T.);
#2810=ORIENTED_EDGE('',*,*,#424,.F.);
#2811=ORIENTED_EDGE('',*,*,#2792,.F.);
#2812=CARTESIAN_POINT('',(126.429906052,52.740661221,28.657459202));
#2813=DIRECTION('',(1.,0.,-0.));
#2814=VECTOR('',#2813,10.08);
#2815=LINE('',#2812,#2814);
#2816=EDGE_CURVE('',#2781,#2803,#2815,.T.);
#2817=ORIENTED_EDGE('',*,*,#2816,.T.);
#2818=EDGE_LOOP('',(#2809,#2810,#2811,#2817));
#2819=FACE_BOUND('',#2818,.T.);
#2820=ADVANCED_FACE('',(#2819),#2801,.T.);
#2821=CARTESIAN_POINT('',(136.509906052,47.252561221,33.957459202));
#2822=DIRECTION('',(-1.,0.,0.));
#2823=DIRECTION('',(0.,-0.,1.));
#2824=AXIS2_PLACEMENT_3D('',#2821,#2822,#2823);
#2825=PLANE('',#2824);
#2826=ORIENTED_EDGE('',*,*,#430,.F.);
#2827=ORIENTED_EDGE('',*,*,#2808,.F.);
#2828=CARTESIAN_POINT('',(136.509906052,52.740661221,25.657459202));
#2829=VERTEX_POINT('',#2828);
#2830=CARTESIAN_POINT('',(136.509906052,52.740661221,28.657459202));
#2831=DIRECTION('',(0.,0.,-1.));
#2832=VECTOR('',#2831,3.);
#2833=LINE('',#2830,#2832);
#2834=EDGE_CURVE('',#2803,#2829,#2833,.T.);
#2835=ORIENTED_EDGE('',*,*,#2834,.T.);
#2836=CARTESIAN_POINT('',(136.509906052,52.740661221,25.657459202));
#2837=DIRECTION('',(0.,-1.,-0.));
#2838=VECTOR('',#2837,6.5);
#2839=LINE('',#2836,#2838);
#2840=EDGE_CURVE('',#2829,#401,#2839,.T.);
#2841=ORIENTED_EDGE('',*,*,#2840,.T.);
#2842=EDGE_LOOP('',(#2826,#2827,#2835,#2841));
#2843=FACE_BOUND('',#2842,.T.);
#2844=ADVANCED_FACE('',(#2843),#2825,.T.);
#2845=CARTESIAN_POINT('',(131.469906052,47.252561221,25.657459202));
#2846=DIRECTION('',(0.,-0.,1.));
#2847=DIRECTION('',(1.,0.,0.));
#2848=AXIS2_PLACEMENT_3D('',#2845,#2846,#2847);
#2849=PLANE('',#2848);
#2850=ORIENTED_EDGE('',*,*,#2778,.T.);
#2851=ORIENTED_EDGE('',*,*,#408,.F.);
#2852=ORIENTED_EDGE('',*,*,#2840,.F.);
#2853=CARTESIAN_POINT('',(136.509906052,52.740661221,25.657459202));
#2854=DIRECTION('',(-1.,0.,0.));
#2855=VECTOR('',#2854,10.08);
#2856=LINE('',#2853,#2855);
#2857=EDGE_CURVE('',#2829,#2773,#2856,.T.);
#2858=ORIENTED_EDGE('',*,*,#2857,.T.);
#2859=EDGE_LOOP('',(#2850,#2851,#2852,#2858));
#2860=FACE_BOUND('',#2859,.T.);
#2861=ADVANCED_FACE('',(#2860),#2849,.T.);
#2862=CARTESIAN_POINT('',(6.,52.740661221,11.157459202));
#2863=DIRECTION('',(0.,1.,0.));
#2864=DIRECTION('',(0.,-0.,1.));
#2865=AXIS2_PLACEMENT_3D('',#2862,#2863,#2864);
#2866=PLANE('',#2865);
#2867=ORIENTED_EDGE('',*,*,#2786,.F.);
#2868=ORIENTED_EDGE('',*,*,#2857,.F.);
#2869=ORIENTED_EDGE('',*,*,#2834,.F.);
#2870=ORIENTED_EDGE('',*,*,#2816,.F.);
#2871=EDGE_LOOP('',(#2867,#2868,#2869,#2870));
#2872=FACE_BOUND('',#2871,.T.);
#2873=ADVANCED_FACE('',(#2872),#2866,.F.);
#2874=CARTESIAN_POINT('',(-143.4198,48.740661221,12.911012593));
#2875=DIRECTION('',(0.,-0.,1.));
#2876=DIRECTION('',(1.,0.,0.));
#2877=AXIS2_PLACEMENT_3D('',#2874,#2875,#2876);
#2878=CONICAL_SURFACE('',#2877,6.646446609,44.999999898);
#2879=ORIENTED_EDGE('',*,*,#1793,.T.);
#2880=ORIENTED_EDGE('',*,*,#2610,.F.);
#2881=ORIENTED_EDGE('',*,*,#2388,.F.);
#2882=ORIENTED_EDGE('',*,*,#1277,.F.);
#2883=EDGE_LOOP('',(#2879,#2880,#2881,#2882));
#2884=FACE_BOUND('',#2883,.T.);
#2885=ADVANCED_FACE('',(#2884),#2878,.T.);
#2886=CARTESIAN_POINT('',(144.0198,48.740661221,12.911012593));
#2887=DIRECTION('',(0.,-0.,1.));
#2888=DIRECTION('',(1.,0.,0.));
#2889=AXIS2_PLACEMENT_3D('',#2886,#2887,#2888);
#2890=CONICAL_SURFACE('',#2889,6.646446609,44.999999898);
#2891=ORIENTED_EDGE('',*,*,#1773,.T.);
#2892=ORIENTED_EDGE('',*,*,#1226,.F.);
#2893=ORIENTED_EDGE('',*,*,#2354,.F.);
#2894=ORIENTED_EDGE('',*,*,#2577,.F.);
#2895=EDGE_LOOP('',(#2891,#2892,#2893,#2894));
#2896=FACE_BOUND('',#2895,.T.);
#2897=ADVANCED_FACE('',(#2896),#2890,.T.);
#2898=CARTESIAN_POINT('',(144.0198,48.740661221,29.762484455));
#2899=DIRECTION('',(0.,0.,-1.));
#2900=DIRECTION('',(-1.,0.,0.));
#2901=AXIS2_PLACEMENT_3D('',#2898,#2899,#2900);
#2902=CONICAL_SURFACE('',#2901,5.505025253,44.999999898);
#2903=ORIENTED_EDGE('',*,*,#1885,.T.);
#2904=ORIENTED_EDGE('',*,*,#2585,.F.);
#2905=CARTESIAN_POINT('',(144.0198,53.750711727,30.257459203));
#2906=DIRECTION('',(-0.,0.707106781,-0.707106781));
#2907=VECTOR('',#2906,2.814213568);
#2908=LINE('',#2905,#2907);
#2909=EDGE_CURVE('',#141,#2455,#2908,.T.);
#2910=ORIENTED_EDGE('',*,*,#2909,.F.);
#2911=ORIENTED_EDGE('',*,*,#147,.F.);
#2912=EDGE_LOOP('',(#2903,#2904,#2910,#2911));
#2913=FACE_BOUND('',#2912,.T.);
#2914=ADVANCED_FACE('',(#2913),#2902,.T.);
#2915=CARTESIAN_POINT('',(-74.8099,55.245686474,28.762484455));
#2916=DIRECTION('',(0.,0.707106781,0.707106781));
#2917=DIRECTION('',(-1.,0.,0.));
#2918=AXIS2_PLACEMENT_3D('',#2915,#2916,#2917);
#2919=PLANE('',#2918);
#2920=CARTESIAN_POINT('',(-143.4198,53.750711727,30.257459203));
#2921=CARTESIAN_POINT('',(-143.419799995,55.740661219,28.267509711));
#2922=B_SPLINE_CURVE_WITH_KNOTS('',1,(#2920,#2921),.UNSPECIFIED.,.F.,.F.,(2,2),(0.,1.),.UNSPECIFIED.);
#2923=EDGE_CURVE('',#150,#2447,#2922,.T.);
#2924=ORIENTED_EDGE('',*,*,#2923,.F.);
#2925=ORIENTED_EDGE('',*,*,#155,.F.);
#2926=ORIENTED_EDGE('',*,*,#2909,.T.);
#2927=ORIENTED_EDGE('',*,*,#2460,.F.);
#2928=EDGE_LOOP('',(#2924,#2925,#2926,#2927));
#2929=FACE_BOUND('',#2928,.T.);
#2930=ADVANCED_FACE('',(#2929),#2919,.T.);
#2931=CARTESIAN_POINT('',(-143.4198,48.740661221,29.762484455));
#2932=DIRECTION('',(0.,0.,-1.));
#2933=DIRECTION('',(-1.,0.,0.));
#2934=AXIS2_PLACEMENT_3D('',#2931,#2932,#2933);
#2935=CONICAL_SURFACE('',#2934,5.505025253,44.999999898);
#2936=ORIENTED_EDGE('',*,*,#164,.F.);
#2937=ORIENTED_EDGE('',*,*,#2923,.T.);
#2938=ORIENTED_EDGE('',*,*,#2602,.F.);
#2939=ORIENTED_EDGE('',*,*,#1865,.F.);
#2940=EDGE_LOOP('',(#2936,#2937,#2938,#2939));
#2941=FACE_BOUND('',#2940,.T.);
#2942=ADVANCED_FACE('',(#2941),#2935,.T.);
#2943=CARTESIAN_POINT('',(-143.8198,39.718636221,15.087459202));
#2944=DIRECTION('',(0.,1.,0.));
#2945=DIRECTION('',(0.,-0.,1.));
#2946=AXIS2_PLACEMENT_3D('',#2943,#2944,#2945);
#2947=PLANE('',#2946);
#2948=CARTESIAN_POINT('',(-145.226906781,39.718636221,14.487459202));
#2949=VERTEX_POINT('',#2948);
#2950=CARTESIAN_POINT('',(-146.5198,39.718636221,15.780352421));
#2951=DIRECTION('',(0.707106781,0.,-0.707106781));
#2952=VECTOR('',#2951,1.828427125);
#2953=LINE('',#2950,#2952);
#2954=EDGE_CURVE('',#1535,#2949,#2953,.T.);
#2955=ORIENTED_EDGE('',*,*,#2954,.T.);
#2956=CARTESIAN_POINT('',(-145.226906781,39.718636221,14.487459202));
#2957=DIRECTION('',(-1.,-0.,0.));
#2958=VECTOR('',#2957,1.292893219);
#2959=LINE('',#2956,#2958);
#2960=EDGE_CURVE('',#2949,#1543,#2959,.T.);
#2961=ORIENTED_EDGE('',*,*,#2960,.T.);
#2962=ORIENTED_EDGE('',*,*,#1548,.F.);
#2963=EDGE_LOOP('',(#2955,#2961,#2962));
#2964=FACE_BOUND('',#2963,.T.);
#2965=ADVANCED_FACE('',(#2964),#2947,.T.);
#2966=CARTESIAN_POINT('',(-143.8198,9.718636221,15.087459202));
#2967=DIRECTION('',(0.,-1.,-0.));
#2968=DIRECTION('',(0.,0.,-1.));
#2969=AXIS2_PLACEMENT_3D('',#2966,#2967,#2968);
#2970=PLANE('',#2969);
#2971=ORIENTED_EDGE('',*,*,#1516,.F.);
#2972=CARTESIAN_POINT('',(-145.226906781,9.718636221,14.487459202));
#2973=VERTEX_POINT('',#2972);
#2974=CARTESIAN_POINT('',(-146.5198,9.718636221,14.487459202));
#2975=DIRECTION('',(1.,0.,-0.));
#2976=VECTOR('',#2975,1.292893219);
#2977=LINE('',#2974,#2976);
#2978=EDGE_CURVE('',#1509,#2973,#2977,.T.);
#2979=ORIENTED_EDGE('',*,*,#2978,.T.);
#2980=CARTESIAN_POINT('',(-145.226906781,9.718636221,14.487459202));
#2981=DIRECTION('',(-0.707106781,-0.,0.707106781));
#2982=VECTOR('',#2981,1.828427125);
#2983=LINE('',#2980,#2982);
#2984=EDGE_CURVE('',#2973,#1511,#2983,.T.);
#2985=ORIENTED_EDGE('',*,*,#2984,.T.);
#2986=EDGE_LOOP('',(#2971,#2979,#2985));
#2987=FACE_BOUND('',#2986,.T.);
#2988=ADVANCED_FACE('',(#2987),#2970,.T.);
#2989=CARTESIAN_POINT('',(-143.8198,24.418636221,13.987459202));
#2990=DIRECTION('',(0.,0.,-1.));
#2991=DIRECTION('',(-1.,0.,0.));
#2992=AXIS2_PLACEMENT_3D('',#2989,#2990,#2991);
#2993=PLANE('',#2992);
#2994=CARTESIAN_POINT('',(-143.736957288,39.01863622,13.987459202));
#2995=VERTEX_POINT('',#2994);
#2996=CARTESIAN_POINT('',(-143.736957288,10.418636222,13.987459202));
#2997=VERTEX_POINT('',#2996);
#2998=CARTESIAN_POINT('',(-143.736957288,39.01863622,13.987459202));
#2999=DIRECTION('',(-0.,-1.,-0.));
#3000=VECTOR('',#2999,28.599999999);
#3001=LINE('',#2998,#3000);
#3002=EDGE_CURVE('',#2995,#2997,#3001,.T.);
#3003=ORIENTED_EDGE('',*,*,#3002,.T.);
#3004=CARTESIAN_POINT('',(-144.0198,10.218636221,13.987459202));
#3005=VERTEX_POINT('',#3004);
#3006=CARTESIAN_POINT('',(-144.019800001,10.218636222,13.987459202));
#3007=DIRECTION('',(0.81649658,0.57735027,0.000000001));
#3008=VECTOR('',#3007,0.346410162);
#3009=LINE('',#3006,#3008);
#3010=EDGE_CURVE('',#3005,#2997,#3009,.T.);
#3011=ORIENTED_EDGE('',*,*,#3010,.F.);
#3012=CARTESIAN_POINT('',(-144.0198,10.218636221,13.987459202));
#3013=DIRECTION('',(-1.,0.,0.));
#3014=VECTOR('',#3013,2.5);
#3015=LINE('',#3012,#3014);
#3016=EDGE_CURVE('',#3005,#1559,#3015,.T.);
#3017=ORIENTED_EDGE('',*,*,#3016,.T.);
#3018=ORIENTED_EDGE('',*,*,#1564,.F.);
#3019=CARTESIAN_POINT('',(-144.019800001,39.218636221,13.987459202));
#3020=VERTEX_POINT('',#3019);
#3021=CARTESIAN_POINT('',(-146.5198,39.218636221,13.987459202));
#3022=DIRECTION('',(1.,-0.,-0.));
#3023=VECTOR('',#3022,2.499999999);
#3024=LINE('',#3021,#3023);
#3025=EDGE_CURVE('',#1551,#3020,#3024,.T.);
#3026=ORIENTED_EDGE('',*,*,#3025,.T.);
#3027=CARTESIAN_POINT('',(-144.019800001,39.218636221,13.987459202));
#3028=DIRECTION('',(0.81649658,-0.57735027,-0.));
#3029=VECTOR('',#3028,0.346410163);
#3030=LINE('',#3027,#3029);
#3031=EDGE_CURVE('',#3020,#2995,#3030,.T.);
#3032=ORIENTED_EDGE('',*,*,#3031,.T.);
#3033=EDGE_LOOP('',(#3003,#3011,#3017,#3018,#3026,#3032));
#3034=FACE_BOUND('',#3033,.T.);
#3035=ADVANCED_FACE('',(#3034),#2993,.T.);
#3036=CARTESIAN_POINT('',(-146.278378644,24.718636221,16.528880559));
#3037=DIRECTION('',(-0.707106781,0.,-0.707106781));
#3038=DIRECTION('',(0.,1.,0.));
#3039=AXIS2_PLACEMENT_3D('',#3036,#3037,#3038);
#3040=PLANE('',#3039);
#3041=ORIENTED_EDGE('',*,*,#1532,.F.);
#3042=CARTESIAN_POINT('',(-146.5198,10.418636221,16.770301915));
#3043=DIRECTION('',(0.707106781,0.,-0.707106781));
#3044=VECTOR('',#3043,3.935533906);
#3045=LINE('',#3042,#3044);
#3046=EDGE_CURVE('',#1519,#2997,#3045,.T.);
#3047=ORIENTED_EDGE('',*,*,#3046,.T.);
#3048=ORIENTED_EDGE('',*,*,#3002,.F.);
#3049=CARTESIAN_POINT('',(-143.736957287,39.01863622,13.987459202));
#3050=DIRECTION('',(-0.707106781,-0.,0.707106781));
#3051=VECTOR('',#3050,3.935533906);
#3052=LINE('',#3049,#3051);
#3053=EDGE_CURVE('',#2995,#1527,#3052,.T.);
#3054=ORIENTED_EDGE('',*,*,#3053,.T.);
#3055=EDGE_LOOP('',(#3041,#3047,#3048,#3054));
#3056=FACE_BOUND('',#3055,.T.);
#3057=ADVANCED_FACE('',(#3056),#3040,.F.);
#3058=CARTESIAN_POINT('',(-144.823353391,9.718636221,14.083905811));
#3059=DIRECTION('',(0.5,-0.707106781,0.5));
#3060=DIRECTION('',(0.707106781,-0.,-0.707106781));
#3061=AXIS2_PLACEMENT_3D('',#3058,#3059,#3060);
#3062=PLANE('',#3061);
#3063=ORIENTED_EDGE('',*,*,#1524,.F.);
#3064=ORIENTED_EDGE('',*,*,#2984,.F.);
#3065=CARTESIAN_POINT('',(-144.0198,10.218636221,13.987459202));
#3066=DIRECTION('',(-0.862856209,-0.357406744,0.357406744));
#3067=VECTOR('',#3066,1.398966326);
#3068=LINE('',#3065,#3067);
#3069=EDGE_CURVE('',#3005,#2973,#3068,.T.);
#3070=ORIENTED_EDGE('',*,*,#3069,.F.);
#3071=ORIENTED_EDGE('',*,*,#3010,.T.);
#3072=ORIENTED_EDGE('',*,*,#3046,.F.);
#3073=EDGE_LOOP('',(#3063,#3064,#3070,#3071,#3072));
#3074=FACE_BOUND('',#3073,.T.);
#3075=ADVANCED_FACE('',(#3074),#3062,.T.);
#3076=CARTESIAN_POINT('',(-143.8198,10.218636221,13.987459202));
#3077=DIRECTION('',(0.,0.707106781,0.707106781));
#3078=DIRECTION('',(-1.,0.,0.));
#3079=AXIS2_PLACEMENT_3D('',#3076,#3077,#3078);
#3080=PLANE('',#3079);
#3081=ORIENTED_EDGE('',*,*,#3069,.T.);
#3082=ORIENTED_EDGE('',*,*,#2978,.F.);
#3083=ORIENTED_EDGE('',*,*,#1570,.F.);
#3084=ORIENTED_EDGE('',*,*,#3016,.F.);
#3085=EDGE_LOOP('',(#3081,#3082,#3083,#3084));
#3086=FACE_BOUND('',#3085,.T.);
#3087=ADVANCED_FACE('',(#3086),#3080,.F.);
#3088=CARTESIAN_POINT('',(-144.823353391,39.718636221,14.083905811));
#3089=DIRECTION('',(0.5,0.707106781,0.5));
#3090=DIRECTION('',(-0.707106781,-0.,0.707106781));
#3091=AXIS2_PLACEMENT_3D('',#3088,#3089,#3090);
#3092=PLANE('',#3091);
#3093=ORIENTED_EDGE('',*,*,#1540,.F.);
#3094=ORIENTED_EDGE('',*,*,#3053,.F.);
#3095=ORIENTED_EDGE('',*,*,#3031,.F.);
#3096=CARTESIAN_POINT('',(-145.226906781,39.718636221,14.487459202));
#3097=DIRECTION('',(0.862856209,-0.357406745,-0.357406745));
#3098=VECTOR('',#3097,1.398966325);
#3099=LINE('',#3096,#3098);
#3100=EDGE_CURVE('',#2949,#3020,#3099,.T.);
#3101=ORIENTED_EDGE('',*,*,#3100,.F.);
#3102=ORIENTED_EDGE('',*,*,#2954,.F.);
#3103=EDGE_LOOP('',(#3093,#3094,#3095,#3101,#3102));
#3104=FACE_BOUND('',#3103,.T.);
#3105=ADVANCED_FACE('',(#3104),#3092,.T.);
#3106=CARTESIAN_POINT('',(-143.8198,39.718636221,14.487459202));
#3107=DIRECTION('',(0.,-0.707106781,0.707106781));
#3108=DIRECTION('',(-1.,0.,0.));
#3109=AXIS2_PLACEMENT_3D('',#3106,#3107,#3108);
#3110=PLANE('',#3109);
#3111=ORIENTED_EDGE('',*,*,#3100,.T.);
#3112=ORIENTED_EDGE('',*,*,#3025,.F.);
#3113=ORIENTED_EDGE('',*,*,#1556,.F.);
#3114=ORIENTED_EDGE('',*,*,#2960,.F.);
#3115=EDGE_LOOP('',(#3111,#3112,#3113,#3114));
#3116=FACE_BOUND('',#3115,.T.);
#3117=ADVANCED_FACE('',(#3116),#3110,.F.);
#3118=CARTESIAN_POINT('',(-4.8257,48.240661221,26.807459202));
#3119=DIRECTION('',(-1.,0.,0.));
#3120=DIRECTION('',(0.,-0.,1.));
#3121=AXIS2_PLACEMENT_3D('',#3118,#3119,#3120);
#3122=PLANE('',#3121);
#3123=ORIENTED_EDGE('',*,*,#450,.F.);
#3124=ORIENTED_EDGE('',*,*,#526,.F.);
#3125=CARTESIAN_POINT('',(-4.8257,52.740661221,28.657459202));
#3126=DIRECTION('',(0.,0.,-1.));
#3127=VECTOR('',#3126,3.);
#3128=LINE('',#3125,#3127);
#3129=EDGE_CURVE('',#476,#515,#3128,.T.);
#3130=ORIENTED_EDGE('',*,*,#3129,.F.);
#3131=ORIENTED_EDGE('',*,*,#481,.T.);
#3132=EDGE_LOOP('',(#3123,#3124,#3130,#3131));
#3133=FACE_BOUND('',#3132,.T.);
#3134=ADVANCED_FACE('',(#3133),#3122,.F.);
#3135=CARTESIAN_POINT('',(5.2557,48.240661221,26.807459202));
#3136=DIRECTION('',(1.,0.,0.));
#3137=DIRECTION('',(0.,0.,-1.));
#3138=AXIS2_PLACEMENT_3D('',#3135,#3136,#3137);
#3139=PLANE('',#3138);
#3140=ORIENTED_EDGE('',*,*,#512,.T.);
#3141=ORIENTED_EDGE('',*,*,#464,.T.);
#3142=ORIENTED_EDGE('',*,*,#495,.F.);
#3143=CARTESIAN_POINT('',(5.2557,52.740661221,25.657459202));
#3144=DIRECTION('',(0.,-0.,1.));
#3145=VECTOR('',#3144,3.);
#3146=LINE('',#3143,#3145);
#3147=EDGE_CURVE('',#507,#484,#3146,.T.);
#3148=ORIENTED_EDGE('',*,*,#3147,.F.);
#3149=EDGE_LOOP('',(#3140,#3141,#3142,#3148));
#3150=FACE_BOUND('',#3149,.T.);
#3151=ADVANCED_FACE('',(#3150),#3139,.F.);
#3152=CARTESIAN_POINT('',(0.,52.740661221,12.274639419));
#3153=DIRECTION('',(0.,-1.,-0.));
#3154=DIRECTION('',(0.,0.,-1.));
#3155=AXIS2_PLACEMENT_3D('',#3152,#3153,#3154);
#3156=PLANE('',#3155);
#3157=ORIENTED_EDGE('',*,*,#3129,.T.);
#3158=ORIENTED_EDGE('',*,*,#520,.T.);
#3159=ORIENTED_EDGE('',*,*,#3147,.T.);
#3160=ORIENTED_EDGE('',*,*,#489,.T.);
#3161=EDGE_LOOP('',(#3157,#3158,#3159,#3160));
#3162=FACE_BOUND('',#3161,.T.);
#3163=ADVANCED_FACE('',(#3162),#3156,.T.);
#3164=CARTESIAN_POINT('',(-72.8099,53.440661221,11.757459202));
#3165=DIRECTION('',(0.,-0.707106781,-0.707106781));
#3166=DIRECTION('',(-1.,0.,0.));
#3167=AXIS2_PLACEMENT_3D('',#3164,#3165,#3166);
#3168=PLANE('',#3167);
#3169=ORIENTED_EDGE('',*,*,#1301,.F.);
#3170=CARTESIAN_POINT('',(-130.639193141,53.140661221,12.057459202));
#3171=DIRECTION('',(0.,-0.707106781,-0.707106781));
#3172=DIRECTION('',(0.,-0.707106781,0.707106781));
#3173=AXIS2_PLACEMENT_3D('',#3170,#3171,#3172);
#3174=ELLIPSE('',#3173,0.707106781,0.5);
#3175=EDGE_CURVE('',#1288,#2237,#3174,.T.);
#3176=ORIENTED_EDGE('',*,*,#3175,.T.);
#3177=ORIENTED_EDGE('',*,*,#2242,.F.);
#3178=CARTESIAN_POINT('',(-141.5198,53.640661221,11.557459202));
#3179=DIRECTION('',(0.,-0.707106781,0.707106781));
#3180=VECTOR('',#3179,0.282842712);
#3181=LINE('',#3178,#3180);
#3182=EDGE_CURVE('',#1296,#2229,#3181,.T.);
#3183=ORIENTED_EDGE('',*,*,#3182,.F.);
#3184=EDGE_LOOP('',(#3169,#3176,#3177,#3183));
#3185=FACE_BOUND('',#3184,.T.);
#3186=ADVANCED_FACE('',(#3185),#3168,.T.);
#3187=CARTESIAN_POINT('',(-141.5198,48.440661221,11.557459202));
#3188=DIRECTION('',(0.,0.,-1.));
#3189=DIRECTION('',(-1.,0.,0.));
#3190=AXIS2_PLACEMENT_3D('',#3187,#3188,#3189);
#3191=CONICAL_SURFACE('',#3190,5.2,45.);
#3192=ORIENTED_EDGE('',*,*,#3182,.T.);
#3193=ORIENTED_EDGE('',*,*,#2514,.F.);
#3194=CARTESIAN_POINT('',(-146.7198,48.440661221,11.557459202));
#3195=DIRECTION('',(0.707106781,-0.,0.707106781));
#3196=VECTOR('',#3195,0.282842712);
#3197=LINE('',#3194,#3196);
#3198=EDGE_CURVE('',#1304,#1418,#3197,.T.);
#3199=ORIENTED_EDGE('',*,*,#3198,.F.);
#3200=ORIENTED_EDGE('',*,*,#1310,.F.);
#3201=EDGE_LOOP('',(#3192,#3193,#3199,#3200));
#3202=FACE_BOUND('',#3201,.T.);
#3203=ADVANCED_FACE('',(#3202),#3191,.F.);
#3204=CARTESIAN_POINT('',(-146.5198,25.368636221,11.757459202));
#3205=DIRECTION('',(0.707106781,0.,-0.707106781));
#3206=DIRECTION('',(0.,-1.,-0.));
#3207=AXIS2_PLACEMENT_3D('',#3204,#3205,#3206);
#3208=PLANE('',#3207);
#3209=ORIENTED_EDGE('',*,*,#3198,.T.);
#3210=ORIENTED_EDGE('',*,*,#1438,.F.);
#3211=CARTESIAN_POINT('',(-146.7198,-52.247438779,11.557459202));
#3212=DIRECTION('',(0.707106781,-0.,0.707106781));
#3213=VECTOR('',#3212,0.282842712);
#3214=LINE('',#3211,#3213);
#3215=EDGE_CURVE('',#1313,#980,#3214,.T.);
#3216=ORIENTED_EDGE('',*,*,#3215,.F.);
#3217=ORIENTED_EDGE('',*,*,#1318,.F.);
#3218=EDGE_LOOP('',(#3209,#3210,#3216,#3217));
#3219=FACE_BOUND('',#3218,.T.);
#3220=ADVANCED_FACE('',(#3219),#3208,.T.);
#3221=CARTESIAN_POINT('',(-141.5198,-52.247438779,11.557459202));
#3222=DIRECTION('',(0.,0.,-1.));
#3223=DIRECTION('',(-1.,0.,0.));
#3224=AXIS2_PLACEMENT_3D('',#3221,#3222,#3223);
#3225=CONICAL_SURFACE('',#3224,5.2,45.);
#3226=ORIENTED_EDGE('',*,*,#3215,.T.);
#3227=ORIENTED_EDGE('',*,*,#1000,.F.);
#3228=CARTESIAN_POINT('',(-141.5198,-57.447438779,11.557459202));
#3229=DIRECTION('',(0.,0.707106781,0.707106781));
#3230=VECTOR('',#3229,0.282842712);
#3231=LINE('',#3228,#3230);
#3232=EDGE_CURVE('',#1321,#881,#3231,.T.);
#3233=ORIENTED_EDGE('',*,*,#3232,.F.);
#3234=ORIENTED_EDGE('',*,*,#1327,.F.);
#3235=EDGE_LOOP('',(#3226,#3227,#3233,#3234));
#3236=FACE_BOUND('',#3235,.T.);
#3237=ADVANCED_FACE('',(#3236),#3225,.F.);
#3238=CARTESIAN_POINT('',(-72.8099,-57.247438779,11.757459202));
#3239=DIRECTION('',(0.,0.707106781,-0.707106781));
#3240=DIRECTION('',(1.,0.,0.));
#3241=AXIS2_PLACEMENT_3D('',#3238,#3239,#3240);
#3242=PLANE('',#3241);
#3243=ORIENTED_EDGE('',*,*,#3232,.T.);
#3244=ORIENTED_EDGE('',*,*,#910,.F.);
#3245=CARTESIAN_POINT('',(141.6198,-57.447438779,11.557459202));
#3246=DIRECTION('',(0.,0.707106781,0.707106781));
#3247=VECTOR('',#3246,0.282842712);
#3248=LINE('',#3245,#3247);
#3249=EDGE_CURVE('',#1330,#899,#3248,.T.);
#3250=ORIENTED_EDGE('',*,*,#3249,.F.);
#3251=ORIENTED_EDGE('',*,*,#1335,.F.);
#3252=EDGE_LOOP('',(#3243,#3244,#3250,#3251));
#3253=FACE_BOUND('',#3252,.T.);
#3254=ADVANCED_FACE('',(#3253),#3242,.T.);
#3255=CARTESIAN_POINT('',(141.6198,-52.147438779,11.557459202));
#3256=DIRECTION('',(0.,0.,-1.));
#3257=DIRECTION('',(-1.,0.,0.));
#3258=AXIS2_PLACEMENT_3D('',#3255,#3256,#3257);
#3259=CONICAL_SURFACE('',#3258,5.3,45.);
#3260=ORIENTED_EDGE('',*,*,#3249,.T.);
#3261=ORIENTED_EDGE('',*,*,#967,.F.);
#3262=CARTESIAN_POINT('',(146.9198,-52.147438779,11.557459202));
#3263=DIRECTION('',(-0.707106781,-0.,0.707106781));
#3264=VECTOR('',#3263,0.282842712);
#3265=LINE('',#3262,#3264);
#3266=EDGE_CURVE('',#1338,#577,#3265,.T.);
#3267=ORIENTED_EDGE('',*,*,#3266,.F.);
#3268=ORIENTED_EDGE('',*,*,#1344,.F.);
#3269=EDGE_LOOP('',(#3260,#3261,#3267,#3268));
#3270=FACE_BOUND('',#3269,.T.);
#3271=ADVANCED_FACE('',(#3270),#3259,.F.);
#3272=CARTESIAN_POINT('',(146.7198,25.368636221,11.757459202));
#3273=DIRECTION('',(-0.707106781,0.,-0.707106781));
#3274=DIRECTION('',(0.,1.,0.));
#3275=AXIS2_PLACEMENT_3D('',#3272,#3273,#3274);
#3276=PLANE('',#3275);
#3277=ORIENTED_EDGE('',*,*,#606,.F.);
#3278=CARTESIAN_POINT('',(146.7198,-21.003388779,11.757459202));
#3279=DIRECTION('',(0.577350269,0.577350269,-0.577350269));
#3280=VECTOR('',#3279,0.346410162);
#3281=LINE('',#3278,#3280);
#3282=EDGE_CURVE('',#595,#1347,#3281,.T.);
#3283=ORIENTED_EDGE('',*,*,#3282,.T.);
#3284=ORIENTED_EDGE('',*,*,#1352,.F.);
#3285=ORIENTED_EDGE('',*,*,#3266,.T.);
#3286=EDGE_LOOP('',(#3277,#3283,#3284,#3285));
#3287=FACE_BOUND('',#3286,.T.);
#3288=ADVANCED_FACE('',(#3287),#3276,.T.);
#3289=CARTESIAN_POINT('',(-72.8099,53.440661221,11.757459202));
#3290=DIRECTION('',(0.,-0.707106781,-0.707106781));
#3291=DIRECTION('',(-1.,0.,0.));
#3292=AXIS2_PLACEMENT_3D('',#3289,#3290,#3291);
#3293=PLANE('',#3292);
#3294=ORIENTED_EDGE('',*,*,#2210,.F.);
#3295=CARTESIAN_POINT('',(-117.239193141,53.140661221,12.057459202));
#3296=DIRECTION('',(0.,-0.707106781,-0.707106781));
#3297=DIRECTION('',(0.,-0.707106781,0.707106781));
#3298=AXIS2_PLACEMENT_3D('',#3295,#3296,#3297);
#3299=ELLIPSE('',#3298,0.707106781,0.5);
#3300=EDGE_CURVE('',#2196,#1196,#3299,.T.);
#3301=ORIENTED_EDGE('',*,*,#3300,.T.);
#3302=ORIENTED_EDGE('',*,*,#1201,.F.);
#3303=CARTESIAN_POINT('',(141.7198,53.440661221,11.757459202));
#3304=DIRECTION('',(0.,0.707106781,-0.707106781));
#3305=VECTOR('',#3304,0.282842712);
#3306=LINE('',#3303,#3305);
#3307=EDGE_CURVE('',#2205,#1194,#3306,.T.);
#3308=ORIENTED_EDGE('',*,*,#3307,.F.);
#3309=EDGE_LOOP('',(#3294,#3301,#3302,#3308));
#3310=FACE_BOUND('',#3309,.T.);
#3311=ADVANCED_FACE('',(#3310),#3293,.T.);
#3312=CARTESIAN_POINT('',(141.7198,48.440661221,11.557459202));
#3313=DIRECTION('',(0.,0.,-1.));
#3314=DIRECTION('',(-1.,0.,0.));
#3315=AXIS2_PLACEMENT_3D('',#3312,#3313,#3314);
#3316=CONICAL_SURFACE('',#3315,5.2,45.);
#3317=ORIENTED_EDGE('',*,*,#3307,.T.);
#3318=ORIENTED_EDGE('',*,*,#1407,.F.);
#3319=CARTESIAN_POINT('',(146.7198,48.440661221,11.757459202));
#3320=DIRECTION('',(0.707106781,0.,-0.707106781));
#3321=VECTOR('',#3320,0.282842712);
#3322=LINE('',#3319,#3321);
#3323=EDGE_CURVE('',#555,#1395,#3322,.T.);
#3324=ORIENTED_EDGE('',*,*,#3323,.F.);
#3325=ORIENTED_EDGE('',*,*,#2490,.F.);
#3326=EDGE_LOOP('',(#3317,#3318,#3324,#3325));
#3327=FACE_BOUND('',#3326,.T.);
#3328=ADVANCED_FACE('',(#3327),#3316,.F.);
#3329=CARTESIAN_POINT('',(146.7198,25.368636221,11.757459202));
#3330=DIRECTION('',(-0.707106781,-0.,-0.707106781));
#3331=DIRECTION('',(-0.,1.,0.));
#3332=AXIS2_PLACEMENT_3D('',#3329,#3330,#3331);
#3333=PLANE('',#3332);
#3334=ORIENTED_EDGE('',*,*,#3323,.T.);
#3335=ORIENTED_EDGE('',*,*,#1400,.F.);
#3336=CARTESIAN_POINT('',(146.9198,16.796611221,11.557459202));
#3337=DIRECTION('',(-0.577350269,0.577350269,0.577350269));
#3338=VECTOR('',#3337,0.346410162);
#3339=LINE('',#3336,#3338);
#3340=EDGE_CURVE('',#1387,#537,#3339,.T.);
#3341=ORIENTED_EDGE('',*,*,#3340,.T.);
#3342=ORIENTED_EDGE('',*,*,#566,.F.);
#3343=EDGE_LOOP('',(#3334,#3335,#3341,#3342));
#3344=FACE_BOUND('',#3343,.T.);
#3345=ADVANCED_FACE('',(#3344),#3333,.T.);
#3346=CARTESIAN_POINT('',(146.2198,-21.003388779,11.757459202));
#3347=DIRECTION('',(0.,-0.707106781,-0.707106781));
#3348=DIRECTION('',(-1.,0.,0.));
#3349=AXIS2_PLACEMENT_3D('',#3346,#3347,#3348);
#3350=PLANE('',#3349);
#3351=ORIENTED_EDGE('',*,*,#3282,.F.);
#3352=ORIENTED_EDGE('',*,*,#1690,.F.);
#3353=CARTESIAN_POINT('',(144.702642712,-20.803388779,11.557459202));
#3354=DIRECTION('',(-0.281084638,-0.678598345,0.678598345));
#3355=VECTOR('',#3354,0.294725152);
#3356=LINE('',#3353,#3355);
#3357=EDGE_CURVE('',#1355,#1679,#3356,.T.);
#3358=ORIENTED_EDGE('',*,*,#3357,.F.);
#3359=ORIENTED_EDGE('',*,*,#1360,.F.);
#3360=EDGE_LOOP('',(#3351,#3352,#3358,#3359));
#3361=FACE_BOUND('',#3360,.T.);
#3362=ADVANCED_FACE('',(#3361),#3350,.T.);
#3363=CARTESIAN_POINT('',(62.826321356,61.072932578,11.557459202));
#3364=DIRECTION('',(0.5,0.5,0.707106781));
#3365=DIRECTION('',(-0.707106781,0.707106781,0.));
#3366=AXIS2_PLACEMENT_3D('',#3363,#3364,#3365);
#3367=PLANE('',#3366);
#3368=ORIENTED_EDGE('',*,*,#3357,.T.);
#3369=ORIENTED_EDGE('',*,*,#1712,.F.);
#3370=CARTESIAN_POINT('',(144.1198,-20.220546066,11.557459202));
#3371=DIRECTION('',(-0.678598345,-0.281084638,0.678598345));
#3372=VECTOR('',#3371,0.294725152);
#3373=LINE('',#3370,#3372);
#3374=EDGE_CURVE('',#1363,#1164,#3373,.T.);
#3375=ORIENTED_EDGE('',*,*,#3374,.F.);
#3376=ORIENTED_EDGE('',*,*,#1368,.F.);
#3377=EDGE_LOOP('',(#3368,#3369,#3375,#3376));
#3378=FACE_BOUND('',#3377,.T.);
#3379=ADVANCED_FACE('',(#3378),#3367,.F.);
#3380=CARTESIAN_POINT('',(143.9198,-2.003388779,11.757459202));
#3381=DIRECTION('',(0.707106781,0.,0.707106781));
#3382=DIRECTION('',(0.,-1.,-0.));
#3383=AXIS2_PLACEMENT_3D('',#3380,#3381,#3382);
#3384=PLANE('',#3383);
#3385=ORIENTED_EDGE('',*,*,#3374,.T.);
#3386=ORIENTED_EDGE('',*,*,#1169,.F.);
#3387=CARTESIAN_POINT('',(144.1198,16.413768509,11.557459202));
#3388=DIRECTION('',(-0.678598345,0.281084638,0.678598345));
#3389=VECTOR('',#3388,0.294725152);
#3390=LINE('',#3387,#3389);
#3391=EDGE_CURVE('',#1371,#1156,#3390,.T.);
#3392=ORIENTED_EDGE('',*,*,#3391,.F.);
#3393=ORIENTED_EDGE('',*,*,#1376,.F.);
#3394=EDGE_LOOP('',(#3385,#3386,#3392,#3393));
#3395=FACE_BOUND('',#3394,.T.);
#3396=ADVANCED_FACE('',(#3395),#3384,.F.);
#3397=CARTESIAN_POINT('',(144.4198,16.996611221,11.757459202));
#3398=DIRECTION('',(-0.5,0.5,-0.707106781));
#3399=DIRECTION('',(0.707106781,0.707106781,0.));
#3400=AXIS2_PLACEMENT_3D('',#3397,#3398,#3399);
#3401=PLANE('',#3400);
#3402=ORIENTED_EDGE('',*,*,#3391,.T.);
#3403=ORIENTED_EDGE('',*,*,#2663,.F.);
#3404=CARTESIAN_POINT('',(144.502642712,16.796611221,11.557459202));
#3405=DIRECTION('',(-0.281084638,0.678598345,0.678598345));
#3406=VECTOR('',#3405,0.294725152);
#3407=LINE('',#3404,#3406);
#3408=EDGE_CURVE('',#1379,#2629,#3407,.T.);
#3409=ORIENTED_EDGE('',*,*,#3408,.F.);
#3410=ORIENTED_EDGE('',*,*,#1384,.F.);
#3411=EDGE_LOOP('',(#3402,#3403,#3409,#3410));
#3412=FACE_BOUND('',#3411,.T.);
#3413=ADVANCED_FACE('',(#3412),#3401,.T.);
#3414=CARTESIAN_POINT('',(146.2198,16.996611221,11.757459202));
#3415=DIRECTION('',(0.,-0.707106781,0.707106781));
#3416=DIRECTION('',(-1.,0.,0.));
#3417=AXIS2_PLACEMENT_3D('',#3414,#3415,#3416);
#3418=PLANE('',#3417);
#3419=ORIENTED_EDGE('',*,*,#3340,.F.);
#3420=ORIENTED_EDGE('',*,*,#1392,.F.);
#3421=ORIENTED_EDGE('',*,*,#3408,.T.);
#3422=ORIENTED_EDGE('',*,*,#2634,.F.);
#3423=EDGE_LOOP('',(#3419,#3420,#3421,#3422));
#3424=FACE_BOUND('',#3423,.T.);
#3425=ADVANCED_FACE('',(#3424),#3418,.F.);
#3426=CARTESIAN_POINT('',(146.5198,-2.003388779,24.457459202));
#3427=DIRECTION('',(-0.707106781,0.,-0.707106781));
#3428=DIRECTION('',(0.,1.,0.));
#3429=AXIS2_PLACEMENT_3D('',#3426,#3427,#3428);
#3430=PLANE('',#3429);
#3431=ORIENTED_EDGE('',*,*,#2625,.F.);
#3432=ORIENTED_EDGE('',*,*,#772,.F.);
#3433=CARTESIAN_POINT('',(146.7198,48.440661221,24.257459202));
#3434=DIRECTION('',(-0.707106781,-0.,0.707106781));
#3435=VECTOR('',#3434,0.282842712);
#3436=LINE('',#3433,#3435);
#3437=EDGE_CURVE('',#547,#758,#3436,.T.);
#3438=ORIENTED_EDGE('',*,*,#3437,.F.);
#3439=ORIENTED_EDGE('',*,*,#552,.F.);
#3440=EDGE_LOOP('',(#3431,#3432,#3438,#3439));
#3441=FACE_BOUND('',#3440,.T.);
#3442=ADVANCED_FACE('',(#3441),#3430,.T.);
#3443=CARTESIAN_POINT('',(141.7198,48.440661221,24.257459202));
#3444=DIRECTION('',(0.,0.,-1.));
#3445=DIRECTION('',(-1.,0.,0.));
#3446=AXIS2_PLACEMENT_3D('',#3443,#3444,#3445);
#3447=CONICAL_SURFACE('',#3446,5.,45.);
#3448=ORIENTED_EDGE('',*,*,#3437,.T.);
#3449=ORIENTED_EDGE('',*,*,#764,.F.);
#3450=CARTESIAN_POINT('',(141.7198,53.440661221,24.257459202));
#3451=DIRECTION('',(0.,-0.707106781,0.707106781));
#3452=VECTOR('',#3451,0.282842712);
#3453=LINE('',#3450,#3452);
#3454=EDGE_CURVE('',#2213,#750,#3453,.T.);
#3455=ORIENTED_EDGE('',*,*,#3454,.F.);
#3456=ORIENTED_EDGE('',*,*,#2482,.F.);
#3457=EDGE_LOOP('',(#3448,#3449,#3455,#3456));
#3458=FACE_BOUND('',#3457,.T.);
#3459=ADVANCED_FACE('',(#3458),#3447,.F.);
#3460=CARTESIAN_POINT('',(-72.8099,53.440661221,24.257459202));
#3461=DIRECTION('',(0.,-0.707106781,-0.707106781));
#3462=DIRECTION('',(1.,0.,0.));
#3463=AXIS2_PLACEMENT_3D('',#3460,#3461,#3462);
#3464=PLANE('',#3463);
#3465=ORIENTED_EDGE('',*,*,#3454,.T.);
#3466=ORIENTED_EDGE('',*,*,#755,.F.);
#3467=CARTESIAN_POINT('',(-141.5198,53.440661221,24.257459202));
#3468=DIRECTION('',(0.,-0.707106781,0.707106781));
#3469=VECTOR('',#3468,0.282842712);
#3470=LINE('',#3467,#3469);
#3471=EDGE_CURVE('',#2221,#741,#3470,.T.);
#3472=ORIENTED_EDGE('',*,*,#3471,.F.);
#3473=ORIENTED_EDGE('',*,*,#2226,.F.);
#3474=EDGE_LOOP('',(#3465,#3466,#3472,#3473));
#3475=FACE_BOUND('',#3474,.T.);
#3476=ADVANCED_FACE('',(#3475),#3464,.T.);
#3477=CARTESIAN_POINT('',(-141.5198,48.440661221,24.257459202));
#3478=DIRECTION('',(0.,0.,-1.));
#3479=DIRECTION('',(-1.,0.,0.));
#3480=AXIS2_PLACEMENT_3D('',#3477,#3478,#3479);
#3481=CONICAL_SURFACE('',#3480,5.,45.);
#3482=ORIENTED_EDGE('',*,*,#3471,.T.);
#3483=ORIENTED_EDGE('',*,*,#747,.F.);
#3484=CARTESIAN_POINT('',(-146.5198,48.440661221,24.257459202));
#3485=DIRECTION('',(0.707106781,-0.,0.707106781));
#3486=VECTOR('',#3485,0.282842712);
#3487=LINE('',#3484,#3486);
#3488=EDGE_CURVE('',#1420,#733,#3487,.T.);
#3489=ORIENTED_EDGE('',*,*,#3488,.F.);
#3490=ORIENTED_EDGE('',*,*,#2506,.F.);
#3491=EDGE_LOOP('',(#3482,#3483,#3489,#3490));
#3492=FACE_BOUND('',#3491,.T.);
#3493=ADVANCED_FACE('',(#3492),#3481,.F.);
#3494=CARTESIAN_POINT('',(-146.5198,25.368636221,24.257459202));
#3495=DIRECTION('',(0.707106781,-0.,-0.707106781));
#3496=DIRECTION('',(0.,1.,0.));
#3497=AXIS2_PLACEMENT_3D('',#3494,#3495,#3496);
#3498=PLANE('',#3497);
#3499=ORIENTED_EDGE('',*,*,#3488,.T.);
#3500=ORIENTED_EDGE('',*,*,#738,.F.);
#3501=CARTESIAN_POINT('',(-146.5198,-52.247438779,24.257459202));
#3502=DIRECTION('',(0.707106781,-0.,0.707106781));
#3503=VECTOR('',#3502,0.282842712);
#3504=LINE('',#3501,#3503);
#3505=EDGE_CURVE('',#978,#724,#3504,.T.);
#3506=ORIENTED_EDGE('',*,*,#3505,.F.);
#3507=ORIENTED_EDGE('',*,*,#1431,.F.);
#3508=EDGE_LOOP('',(#3499,#3500,#3506,#3507));
#3509=FACE_BOUND('',#3508,.T.);
#3510=ADVANCED_FACE('',(#3509),#3498,.T.);
#3511=CARTESIAN_POINT('',(-141.5198,-52.247438779,24.257459202));
#3512=DIRECTION('',(0.,0.,-1.));
#3513=DIRECTION('',(-1.,0.,0.));
#3514=AXIS2_PLACEMENT_3D('',#3511,#3512,#3513);
#3515=CONICAL_SURFACE('',#3514,5.,45.);
#3516=ORIENTED_EDGE('',*,*,#3505,.T.);
#3517=ORIENTED_EDGE('',*,*,#730,.F.);
#3518=CARTESIAN_POINT('',(-141.5198,-57.247438779,24.257459202));
#3519=DIRECTION('',(0.,0.707106781,0.707106781));
#3520=VECTOR('',#3519,0.282842712);
#3521=LINE('',#3518,#3520);
#3522=EDGE_CURVE('',#883,#716,#3521,.T.);
#3523=ORIENTED_EDGE('',*,*,#3522,.F.);
#3524=ORIENTED_EDGE('',*,*,#992,.F.);
#3525=EDGE_LOOP('',(#3516,#3517,#3523,#3524));
#3526=FACE_BOUND('',#3525,.T.);
#3527=ADVANCED_FACE('',(#3526),#3515,.F.);
#3528=CARTESIAN_POINT('',(-72.8099,-57.247438779,24.257459202));
#3529=DIRECTION('',(0.,0.707106781,-0.707106781));
#3530=DIRECTION('',(-1.,0.,0.));
#3531=AXIS2_PLACEMENT_3D('',#3528,#3529,#3530);
#3532=PLANE('',#3531);
#3533=ORIENTED_EDGE('',*,*,#3522,.T.);
#3534=ORIENTED_EDGE('',*,*,#721,.F.);
#3535=CARTESIAN_POINT('',(141.6198,-57.247438779,24.257459202));
#3536=DIRECTION('',(0.,0.707106781,0.707106781));
#3537=VECTOR('',#3536,0.282842712);
#3538=LINE('',#3535,#3537);
#3539=EDGE_CURVE('',#891,#707,#3538,.T.);
#3540=ORIENTED_EDGE('',*,*,#3539,.F.);
#3541=ORIENTED_EDGE('',*,*,#896,.F.);
#3542=EDGE_LOOP('',(#3533,#3534,#3540,#3541));
#3543=FACE_BOUND('',#3542,.T.);
#3544=ADVANCED_FACE('',(#3543),#3532,.T.);
#3545=CARTESIAN_POINT('',(141.6198,-52.147438779,24.257459202));
#3546=DIRECTION('',(0.,0.,-1.));
#3547=DIRECTION('',(-1.,0.,0.));
#3548=AXIS2_PLACEMENT_3D('',#3545,#3546,#3547);
#3549=CONICAL_SURFACE('',#3548,5.1,45.);
#3550=ORIENTED_EDGE('',*,*,#3539,.T.);
#3551=ORIENTED_EDGE('',*,*,#713,.F.);
#3552=CARTESIAN_POINT('',(146.7198,-52.147438779,24.257459202));
#3553=DIRECTION('',(-0.707106781,-0.,0.707106781));
#3554=VECTOR('',#3553,0.282842712);
#3555=LINE('',#3552,#3554);
#3556=EDGE_CURVE('',#579,#699,#3555,.T.);
#3557=ORIENTED_EDGE('',*,*,#3556,.F.);
#3558=ORIENTED_EDGE('',*,*,#959,.F.);
#3559=EDGE_LOOP('',(#3550,#3551,#3557,#3558));
#3560=FACE_BOUND('',#3559,.T.);
#3561=ADVANCED_FACE('',(#3560),#3549,.F.);
#3562=CARTESIAN_POINT('',(146.7198,25.368636221,24.257459202));
#3563=DIRECTION('',(-0.707106781,-0.,-0.707106781));
#3564=DIRECTION('',(0.,-1.,-0.));
#3565=AXIS2_PLACEMENT_3D('',#3562,#3563,#3564);
#3566=PLANE('',#3565);
#3567=ORIENTED_EDGE('',*,*,#3556,.T.);
#3568=ORIENTED_EDGE('',*,*,#704,.F.);
#3569=ORIENTED_EDGE('',*,*,#1675,.F.);
#3570=ORIENTED_EDGE('',*,*,#592,.F.);
#3571=EDGE_LOOP('',(#3567,#3568,#3569,#3570));
#3572=FACE_BOUND('',#3571,.T.);
#3573=ADVANCED_FACE('',(#3572),#3566,.T.);
#3574=CARTESIAN_POINT('',(143.9198,-2.003388779,24.657459202));
#3575=DIRECTION('',(-0.707106781,0.,-0.707106781));
#3576=DIRECTION('',(0.,1.,0.));
#3577=AXIS2_PLACEMENT_3D('',#3574,#3575,#3576);
#3578=PLANE('',#3577);
#3579=ORIENTED_EDGE('',*,*,#1705,.F.);
#3580=ORIENTED_EDGE('',*,*,#864,.F.);
#3581=CARTESIAN_POINT('',(143.9198,-48.247438779,24.657459202));
#3582=DIRECTION('',(0.707106781,0.,-0.707106781));
#3583=VECTOR('',#3582,0.282842712);
#3584=LINE('',#3581,#3583);
#3585=EDGE_CURVE('',#1122,#850,#3584,.T.);
#3586=ORIENTED_EDGE('',*,*,#3585,.F.);
#3587=ORIENTED_EDGE('',*,*,#1183,.F.);
#3588=EDGE_LOOP('',(#3579,#3580,#3586,#3587));
#3589=FACE_BOUND('',#3588,.T.);
#3590=ADVANCED_FACE('',(#3589),#3578,.T.);
#3591=CARTESIAN_POINT('',(141.9198,-48.247438779,24.657459202));
#3592=DIRECTION('',(0.,0.,-1.));
#3593=DIRECTION('',(-1.,0.,0.));
#3594=AXIS2_PLACEMENT_3D('',#3591,#3592,#3593);
#3595=CONICAL_SURFACE('',#3594,2.,45.);
#3596=ORIENTED_EDGE('',*,*,#3585,.T.);
#3597=ORIENTED_EDGE('',*,*,#856,.F.);
#3598=CARTESIAN_POINT('',(141.9198,-50.247438779,24.657459202));
#3599=DIRECTION('',(0.,-0.707106781,-0.707106781));
#3600=VECTOR('',#3599,0.282842712);
#3601=LINE('',#3598,#3600);
#3602=EDGE_CURVE('',#667,#842,#3601,.T.);
#3603=ORIENTED_EDGE('',*,*,#3602,.F.);
#3604=ORIENTED_EDGE('',*,*,#1660,.F.);
#3605=EDGE_LOOP('',(#3596,#3597,#3603,#3604));
#3606=FACE_BOUND('',#3605,.T.);
#3607=ADVANCED_FACE('',(#3606),#3595,.F.);
#3608=CARTESIAN_POINT('',(0.3,-50.247438779,24.657459202));
#3609=DIRECTION('',(0.,0.707106781,-0.707106781));
#3610=DIRECTION('',(1.,0.,0.));
#3611=AXIS2_PLACEMENT_3D('',#3608,#3609,#3610);
#3612=PLANE('',#3611);
#3613=ORIENTED_EDGE('',*,*,#3602,.T.);
#3614=ORIENTED_EDGE('',*,*,#847,.F.);
#3615=CARTESIAN_POINT('',(-141.3198,-50.247438779,24.657459202));
#3616=DIRECTION('',(0.,-0.707106781,-0.707106781));
#3617=VECTOR('',#3616,0.282842712);
#3618=LINE('',#3615,#3617);
#3619=EDGE_CURVE('',#649,#833,#3618,.T.);
#3620=ORIENTED_EDGE('',*,*,#3619,.F.);
#3621=ORIENTED_EDGE('',*,*,#678,.F.);
#3622=EDGE_LOOP('',(#3613,#3614,#3620,#3621));
#3623=FACE_BOUND('',#3622,.T.);
#3624=ADVANCED_FACE('',(#3623),#3612,.T.);
#3625=CARTESIAN_POINT('',(-141.3198,-48.247438779,24.457459202));
#3626=DIRECTION('',(0.,0.,-1.));
#3627=DIRECTION('',(-1.,0.,0.));
#3628=AXIS2_PLACEMENT_3D('',#3625,#3626,#3627);
#3629=CONICAL_SURFACE('',#3628,2.2,45.);
#3630=ORIENTED_EDGE('',*,*,#3619,.T.);
#3631=ORIENTED_EDGE('',*,*,#839,.F.);
#3632=CARTESIAN_POINT('',(-143.3198,-48.247438779,24.657459202));
#3633=DIRECTION('',(-0.707106781,0.,-0.707106781));
#3634=VECTOR('',#3633,0.282842712);
#3635=LINE('',#3632,#3634);
#3636=EDGE_CURVE('',#923,#825,#3635,.T.);
#3637=ORIENTED_EDGE('',*,*,#3636,.F.);
#3638=ORIENTED_EDGE('',*,*,#943,.F.);
#3639=EDGE_LOOP('',(#3630,#3631,#3637,#3638));
#3640=FACE_BOUND('',#3639,.T.);
#3641=ADVANCED_FACE('',(#3640),#3629,.F.);
#3642=CARTESIAN_POINT('',(-143.3198,-2.003388779,24.657459202));
#3643=DIRECTION('',(0.707106781,0.,-0.707106781));
#3644=DIRECTION('',(0.,-1.,-0.));
#3645=AXIS2_PLACEMENT_3D('',#3642,#3643,#3644);
#3646=PLANE('',#3645);
#3647=ORIENTED_EDGE('',*,*,#3636,.T.);
#3648=ORIENTED_EDGE('',*,*,#830,.F.);
#3649=CARTESIAN_POINT('',(-143.3198,44.240661221,24.657459202));
#3650=DIRECTION('',(-0.707106781,0.,-0.707106781));
#3651=VECTOR('',#3650,0.282842712);
#3652=LINE('',#3649,#3651);
#3653=EDGE_CURVE('',#1091,#816,#3652,.T.);
#3654=ORIENTED_EDGE('',*,*,#3653,.F.);
#3655=ORIENTED_EDGE('',*,*,#1111,.F.);
#3656=EDGE_LOOP('',(#3647,#3648,#3654,#3655));
#3657=FACE_BOUND('',#3656,.T.);
#3658=ADVANCED_FACE('',(#3657),#3646,.T.);
#3659=CARTESIAN_POINT('',(-141.3198,44.240661221,24.457459202));
#3660=DIRECTION('',(0.,0.,-1.));
#3661=DIRECTION('',(-1.,0.,0.));
#3662=AXIS2_PLACEMENT_3D('',#3659,#3660,#3661);
#3663=CONICAL_SURFACE('',#3662,2.2,45.);
#3664=ORIENTED_EDGE('',*,*,#3653,.T.);
#3665=ORIENTED_EDGE('',*,*,#822,.F.);
#3666=CARTESIAN_POINT('',(-141.3198,46.240661221,24.657459202));
#3667=DIRECTION('',(0.,0.707106781,-0.707106781));
#3668=VECTOR('',#3667,0.282842712);
#3669=LINE('',#3666,#3668);
#3670=EDGE_CURVE('',#385,#808,#3669,.T.);
#3671=ORIENTED_EDGE('',*,*,#3670,.F.);
#3672=ORIENTED_EDGE('',*,*,#2562,.F.);
#3673=EDGE_LOOP('',(#3664,#3665,#3671,#3672));
#3674=FACE_BOUND('',#3673,.T.);
#3675=ADVANCED_FACE('',(#3674),#3663,.F.);
#3676=CARTESIAN_POINT('',(0.3,46.240661221,24.657459202));
#3677=DIRECTION('',(0.,-0.707106781,-0.707106781));
#3678=DIRECTION('',(-1.,0.,0.));
#3679=AXIS2_PLACEMENT_3D('',#3676,#3677,#3678);
#3680=PLANE('',#3679);
#3681=ORIENTED_EDGE('',*,*,#3670,.T.);
#3682=ORIENTED_EDGE('',*,*,#813,.F.);
#3683=CARTESIAN_POINT('',(141.9198,46.240661221,24.657459202));
#3684=DIRECTION('',(0.,0.707106781,-0.707106781));
#3685=VECTOR('',#3684,0.282842712);
#3686=LINE('',#3683,#3685);
#3687=EDGE_CURVE('',#367,#799,#3686,.T.);
#3688=ORIENTED_EDGE('',*,*,#3687,.F.);
#3689=ORIENTED_EDGE('',*,*,#396,.F.);
#3690=EDGE_LOOP('',(#3681,#3682,#3688,#3689));
#3691=FACE_BOUND('',#3690,.T.);
#3692=ADVANCED_FACE('',(#3691),#3680,.T.);
#3693=CARTESIAN_POINT('',(141.9198,44.240661221,24.457459202));
#3694=DIRECTION('',(0.,0.,-1.));
#3695=DIRECTION('',(-1.,0.,0.));
#3696=AXIS2_PLACEMENT_3D('',#3693,#3694,#3695);
#3697=CONICAL_SURFACE('',#3696,2.2,45.);
#3698=ORIENTED_EDGE('',*,*,#3687,.T.);
#3699=ORIENTED_EDGE('',*,*,#805,.F.);
#3700=CARTESIAN_POINT('',(143.9198,44.240661221,24.657459202));
#3701=DIRECTION('',(0.707106781,0.,-0.707106781));
#3702=VECTOR('',#3701,0.282842712);
#3703=LINE('',#3700,#3702);
#3704=EDGE_CURVE('',#1140,#791,#3703,.T.);
#3705=ORIENTED_EDGE('',*,*,#3704,.F.);
#3706=ORIENTED_EDGE('',*,*,#2538,.F.);
#3707=EDGE_LOOP('',(#3698,#3699,#3705,#3706));
#3708=FACE_BOUND('',#3707,.T.);
#3709=ADVANCED_FACE('',(#3708),#3697,.F.);
#3710=CARTESIAN_POINT('',(143.9198,-2.003388779,24.657459202));
#3711=DIRECTION('',(-0.707106781,0.,-0.707106781));
#3712=DIRECTION('',(0.,1.,0.));
#3713=AXIS2_PLACEMENT_3D('',#3710,#3711,#3712);
#3714=PLANE('',#3713);
#3715=ORIENTED_EDGE('',*,*,#3704,.T.);
#3716=ORIENTED_EDGE('',*,*,#796,.F.);
#3717=ORIENTED_EDGE('',*,*,#2655,.F.);
#3718=ORIENTED_EDGE('',*,*,#1153,.F.);
#3719=EDGE_LOOP('',(#3715,#3716,#3717,#3718));
#3720=FACE_BOUND('',#3719,.T.);
#3721=ADVANCED_FACE('',(#3720),#3714,.T.);
#3722=CARTESIAN_POINT('',(-130.139193141,54.040661221,17.067267871));
#3723=DIRECTION('',(-0.707106781,-0.707106781,0.));
#3724=DIRECTION('',(0.,-0.,1.));
#3725=AXIS2_PLACEMENT_3D('',#3722,#3723,#3724);
#3726=PLANE('',#3725);
#3727=ORIENTED_EDGE('',*,*,#2308,.F.);
#3728=CARTESIAN_POINT('',(-130.639193141,54.540661221,12.057459202));
#3729=DIRECTION('',(0.707106781,0.707106781,-0.));
#3730=DIRECTION('',(0.707106781,-0.707106781,-0.));
#3731=AXIS2_PLACEMENT_3D('',#3728,#3729,#3730);
#3732=ELLIPSE('',#3731,0.707106781,0.5);
#3733=EDGE_CURVE('',#2295,#2367,#3732,.T.);
#3734=ORIENTED_EDGE('',*,*,#3733,.T.);
#3735=ORIENTED_EDGE('',*,*,#2372,.F.);
#3736=ORIENTED_EDGE('',*,*,#2443,.F.);
#3737=CARTESIAN_POINT('',(-130.139193141,54.040661221,16.766606155));
#3738=DIRECTION('',(-0.707106781,0.707106781,0.));
#3739=VECTOR('',#3738,2.404163056);
#3740=LINE('',#3737,#3739);
#3741=EDGE_CURVE('',#2303,#2431,#3740,.T.);
#3742=ORIENTED_EDGE('',*,*,#3741,.F.);
#3743=EDGE_LOOP('',(#3727,#3734,#3735,#3736,#3742));
#3744=FACE_BOUND('',#3743,.T.);
#3745=ADVANCED_FACE('',(#3744),#3726,.F.);
#3746=CARTESIAN_POINT('',(-127.639193141,55.740661221,16.766606155));
#3747=DIRECTION('',(0.,1.,0.));
#3748=DIRECTION('',(0.,-0.,1.));
#3749=AXIS2_PLACEMENT_3D('',#3746,#3747,#3748);
#3750=CONICAL_SURFACE('',#3749,4.2,45.);
#3751=ORIENTED_EDGE('',*,*,#3741,.T.);
#3752=ORIENTED_EDGE('',*,*,#2437,.F.);
#3753=CARTESIAN_POINT('',(-127.639193141,54.040661221,19.266606155));
#3754=DIRECTION('',(0.,0.707106781,0.707106781));
#3755=VECTOR('',#3754,2.404163056);
#3756=LINE('',#3753,#3755);
#3757=EDGE_CURVE('',#2674,#2423,#3756,.T.);
#3758=ORIENTED_EDGE('',*,*,#3757,.F.);
#3759=ORIENTED_EDGE('',*,*,#2759,.F.);
#3760=EDGE_LOOP('',(#3751,#3752,#3758,#3759));
#3761=FACE_BOUND('',#3760,.T.);
#3762=ADVANCED_FACE('',(#3761),#3750,.F.);
#3763=CARTESIAN_POINT('',(-74.8099,55.740661221,20.966606155));
#3764=DIRECTION('',(0.,-0.707106781,0.707106781));
#3765=DIRECTION('',(-1.,0.,0.));
#3766=AXIS2_PLACEMENT_3D('',#3763,#3764,#3765);
#3767=PLANE('',#3766);
#3768=ORIENTED_EDGE('',*,*,#3757,.T.);
#3769=ORIENTED_EDGE('',*,*,#2428,.F.);
#3770=CARTESIAN_POINT('',(-120.239193141,54.040661221,19.266606155));
#3771=DIRECTION('',(0.,0.707106781,0.707106781));
#3772=VECTOR('',#3771,2.404163056);
#3773=LINE('',#3770,#3772);
#3774=EDGE_CURVE('',#2682,#2414,#3773,.T.);
#3775=ORIENTED_EDGE('',*,*,#3774,.F.);
#3776=ORIENTED_EDGE('',*,*,#2687,.F.);
#3777=EDGE_LOOP('',(#3768,#3769,#3775,#3776));
#3778=FACE_BOUND('',#3777,.T.);
#3779=ADVANCED_FACE('',(#3778),#3767,.F.);
#3780=CARTESIAN_POINT('',(-120.239193141,55.740661221,16.766606155));
#3781=DIRECTION('',(0.,1.,0.));
#3782=DIRECTION('',(0.,-0.,1.));
#3783=AXIS2_PLACEMENT_3D('',#3780,#3781,#3782);
#3784=CONICAL_SURFACE('',#3783,4.2,45.);
#3785=ORIENTED_EDGE('',*,*,#3774,.T.);
#3786=ORIENTED_EDGE('',*,*,#2420,.F.);
#3787=CARTESIAN_POINT('',(-117.739193141,54.040661221,16.766606155));
#3788=DIRECTION('',(0.707106781,0.707106781,0.));
#3789=VECTOR('',#3788,2.404163056);
#3790=LINE('',#3787,#3789);
#3791=EDGE_CURVE('',#2705,#2406,#3790,.T.);
#3792=ORIENTED_EDGE('',*,*,#3791,.F.);
#3793=ORIENTED_EDGE('',*,*,#2741,.F.);
#3794=EDGE_LOOP('',(#3785,#3786,#3792,#3793));
#3795=FACE_BOUND('',#3794,.T.);
#3796=ADVANCED_FACE('',(#3795),#3784,.F.);
#3797=CARTESIAN_POINT('',(-116.039193141,55.740661221,24.957459202));
#3798=DIRECTION('',(0.707106781,-0.707106781,0.));
#3799=DIRECTION('',(-0.,-0.,1.));
#3800=AXIS2_PLACEMENT_3D('',#3797,#3798,#3799);
#3801=PLANE('',#3800);
#3802=ORIENTED_EDGE('',*,*,#2340,.F.);
#3803=CARTESIAN_POINT('',(-117.239193141,54.540661221,12.057459202));
#3804=DIRECTION('',(-0.707106781,0.707106781,-0.));
#3805=DIRECTION('',(-0.707106781,-0.707106781,-0.));
#3806=AXIS2_PLACEMENT_3D('',#3803,#3804,#3805);
#3807=ELLIPSE('',#3806,0.707106781,0.5);
#3808=EDGE_CURVE('',#2326,#2707,#3807,.T.);
#3809=ORIENTED_EDGE('',*,*,#3808,.T.);
#3810=ORIENTED_EDGE('',*,*,#2712,.F.);
#3811=ORIENTED_EDGE('',*,*,#3791,.T.);
#3812=ORIENTED_EDGE('',*,*,#2411,.F.);
#3813=EDGE_LOOP('',(#3802,#3809,#3810,#3811,#3812));
#3814=FACE_BOUND('',#3813,.T.);
#3815=ADVANCED_FACE('',(#3814),#3801,.F.);
#3816=CARTESIAN_POINT('',(-117.239193141,-0.803388779,12.057459202));
#3817=DIRECTION('',(0.,-1.,-0.));
#3818=DIRECTION('',(0.,0.,-1.));
#3819=AXIS2_PLACEMENT_3D('',#3816,#3817,#3818);
#3820=CYLINDRICAL_SURFACE('',#3819,0.5);
#3821=ORIENTED_EDGE('',*,*,#2202,.F.);
#3822=ORIENTED_EDGE('',*,*,#2718,.F.);
#3823=ORIENTED_EDGE('',*,*,#3808,.F.);
#3824=ORIENTED_EDGE('',*,*,#2332,.F.);
#3825=ORIENTED_EDGE('',*,*,#1209,.F.);
#3826=ORIENTED_EDGE('',*,*,#3300,.F.);
#3827=EDGE_LOOP('',(#3821,#3822,#3823,#3824,#3825,#3826));
#3828=FACE_BOUND('',#3827,.T.);
#3829=ADVANCED_FACE('',(#3828),#3820,.T.);
#3830=CARTESIAN_POINT('',(-130.639193141,49.740661221,12.057459202));
#3831=DIRECTION('',(0.,-1.,-0.));
#3832=DIRECTION('',(0.,0.,-1.));
#3833=AXIS2_PLACEMENT_3D('',#3830,#3831,#3832);
#3834=CYLINDRICAL_SURFACE('',#3833,0.5);
#3835=ORIENTED_EDGE('',*,*,#3175,.F.);
#3836=ORIENTED_EDGE('',*,*,#1293,.F.);
#3837=ORIENTED_EDGE('',*,*,#2379,.F.);
#3838=ORIENTED_EDGE('',*,*,#3733,.F.);
#3839=ORIENTED_EDGE('',*,*,#2300,.F.);
#3840=ORIENTED_EDGE('',*,*,#2251,.F.);
#3841=EDGE_LOOP('',(#3835,#3836,#3837,#3838,#3839,#3840));
#3842=FACE_BOUND('',#3841,.T.);
#3843=ADVANCED_FACE('',(#3842),#3834,.T.);
#3844=CARTESIAN_POINT('',(0.3,46.840661221,30.257459202));
#3845=DIRECTION('',(0.,0.707106781,-0.707106781));
#3846=DIRECTION('',(1.,0.,0.));
#3847=AXIS2_PLACEMENT_3D('',#3844,#3845,#3846);
#3848=PLANE('',#3847);
#3849=CARTESIAN_POINT('',(141.9198,46.840661221,30.257459202));
#3850=DIRECTION('',(0.,-0.707106781,-0.707106781));
#3851=VECTOR('',#3850,0.848528137);
#3852=LINE('',#3849,#3851);
#3853=EDGE_CURVE('',#106,#369,#3852,.T.);
#3854=ORIENTED_EDGE('',*,*,#3853,.F.);
#3855=ORIENTED_EDGE('',*,*,#111,.F.);
#3856=CARTESIAN_POINT('',(-141.3198,46.240661221,29.657459202));
#3857=DIRECTION('',(0.,0.707106781,0.707106781));
#3858=VECTOR('',#3857,0.848528137);
#3859=LINE('',#3856,#3858);
#3860=EDGE_CURVE('',#377,#97,#3859,.T.);
#3861=ORIENTED_EDGE('',*,*,#3860,.F.);
#3862=ORIENTED_EDGE('',*,*,#382,.F.);
#3863=EDGE_LOOP('',(#3854,#3855,#3861,#3862));
#3864=FACE_BOUND('',#3863,.T.);
#3865=ADVANCED_FACE('',(#3864),#3848,.F.);
#3866=CARTESIAN_POINT('',(-141.3198,44.240661221,29.657459202));
#3867=DIRECTION('',(0.,0.,1.));
#3868=DIRECTION('',(1.,0.,-0.));
#3869=AXIS2_PLACEMENT_3D('',#3866,#3867,#3868);
#3870=CONICAL_SURFACE('',#3869,2.,45.);
#3871=ORIENTED_EDGE('',*,*,#3860,.T.);
#3872=ORIENTED_EDGE('',*,*,#103,.F.);
#3873=CARTESIAN_POINT('',(-143.3198,44.240661221,29.657459202));
#3874=DIRECTION('',(-0.707106781,0.,0.707106781));
#3875=VECTOR('',#3874,0.848528137);
#3876=LINE('',#3873,#3875);
#3877=EDGE_CURVE('',#1093,#89,#3876,.T.);
#3878=ORIENTED_EDGE('',*,*,#3877,.F.);
#3879=ORIENTED_EDGE('',*,*,#2554,.F.);
#3880=EDGE_LOOP('',(#3871,#3872,#3878,#3879));
#3881=FACE_BOUND('',#3880,.T.);
#3882=ADVANCED_FACE('',(#3881),#3870,.F.);
#3883=CARTESIAN_POINT('',(141.9198,44.240661221,29.657459202));
#3884=DIRECTION('',(0.,0.,1.));
#3885=DIRECTION('',(1.,0.,-0.));
#3886=AXIS2_PLACEMENT_3D('',#3883,#3884,#3885);
#3887=CONICAL_SURFACE('',#3886,2.,45.);
#3888=ORIENTED_EDGE('',*,*,#3853,.T.);
#3889=ORIENTED_EDGE('',*,*,#2530,.F.);
#3890=CARTESIAN_POINT('',(144.5198,44.240661221,30.257459202));
#3891=DIRECTION('',(-0.707106781,0.,-0.707106781));
#3892=VECTOR('',#3891,0.848528137);
#3893=LINE('',#3890,#3892);
#3894=EDGE_CURVE('',#114,#1132,#3893,.T.);
#3895=ORIENTED_EDGE('',*,*,#3894,.F.);
#3896=ORIENTED_EDGE('',*,*,#120,.F.);
#3897=EDGE_LOOP('',(#3888,#3889,#3895,#3896));
#3898=FACE_BOUND('',#3897,.T.);
#3899=ADVANCED_FACE('',(#3898),#3887,.F.);
#3900=CARTESIAN_POINT('',(-143.9198,-2.003388779,30.257459202));
#3901=DIRECTION('',(-0.707106781,0.,-0.707106781));
#3902=DIRECTION('',(0.,1.,0.));
#3903=AXIS2_PLACEMENT_3D('',#3900,#3901,#3902);
#3904=PLANE('',#3903);
#3905=ORIENTED_EDGE('',*,*,#3877,.T.);
#3906=ORIENTED_EDGE('',*,*,#94,.F.);
#3907=CARTESIAN_POINT('',(-143.3198,-48.247438779,29.657459202));
#3908=DIRECTION('',(-0.707106781,0.,0.707106781));
#3909=VECTOR('',#3908,0.848528137);
#3910=LINE('',#3907,#3909);
#3911=EDGE_CURVE('',#921,#80,#3910,.T.);
#3912=ORIENTED_EDGE('',*,*,#3911,.F.);
#3913=ORIENTED_EDGE('',*,*,#1104,.F.);
#3914=EDGE_LOOP('',(#3905,#3906,#3912,#3913));
#3915=FACE_BOUND('',#3914,.T.);
#3916=ADVANCED_FACE('',(#3915),#3904,.F.);
#3917=CARTESIAN_POINT('',(144.5198,-2.003388779,30.257459202));
#3918=DIRECTION('',(0.707106781,0.,-0.707106781));
#3919=DIRECTION('',(0.,-1.,-0.));
#3920=AXIS2_PLACEMENT_3D('',#3917,#3918,#3919);
#3921=PLANE('',#3920);
#3922=ORIENTED_EDGE('',*,*,#3894,.T.);
#3923=ORIENTED_EDGE('',*,*,#1137,.F.);
#3924=CARTESIAN_POINT('',(144.5198,-48.247438779,30.257459202));
#3925=DIRECTION('',(-0.707106781,0.,-0.707106781));
#3926=VECTOR('',#3925,0.848528137);
#3927=LINE('',#3924,#3926);
#3928=EDGE_CURVE('',#61,#1124,#3927,.T.);
#3929=ORIENTED_EDGE('',*,*,#3928,.F.);
#3930=ORIENTED_EDGE('',*,*,#126,.F.);
#3931=EDGE_LOOP('',(#3922,#3923,#3929,#3930));
#3932=FACE_BOUND('',#3931,.T.);
#3933=ADVANCED_FACE('',(#3932),#3921,.F.);
#3934=CARTESIAN_POINT('',(-141.3198,-48.247438779,30.257459202));
#3935=DIRECTION('',(0.,0.,1.));
#3936=DIRECTION('',(1.,0.,-0.));
#3937=AXIS2_PLACEMENT_3D('',#3934,#3935,#3936);
#3938=CONICAL_SURFACE('',#3937,2.6,45.);
#3939=ORIENTED_EDGE('',*,*,#3911,.T.);
#3940=ORIENTED_EDGE('',*,*,#86,.F.);
#3941=CARTESIAN_POINT('',(-141.3198,-50.247438779,29.657459202));
#3942=DIRECTION('',(0.,-0.707106781,0.707106781));
#3943=VECTOR('',#3942,0.848528137);
#3944=LINE('',#3941,#3943);
#3945=EDGE_CURVE('',#651,#72,#3944,.T.);
#3946=ORIENTED_EDGE('',*,*,#3945,.F.);
#3947=ORIENTED_EDGE('',*,*,#935,.F.);
#3948=EDGE_LOOP('',(#3939,#3940,#3946,#3947));
#3949=FACE_BOUND('',#3948,.T.);
#3950=ADVANCED_FACE('',(#3949),#3938,.F.);
#3951=CARTESIAN_POINT('',(141.9198,-48.247438779,29.657459202));
#3952=DIRECTION('',(0.,0.,1.));
#3953=DIRECTION('',(1.,0.,-0.));
#3954=AXIS2_PLACEMENT_3D('',#3951,#3952,#3953);
#3955=CONICAL_SURFACE('',#3954,2.,45.);
#3956=ORIENTED_EDGE('',*,*,#3928,.T.);
#3957=ORIENTED_EDGE('',*,*,#1652,.F.);
#3958=CARTESIAN_POINT('',(141.9198,-50.847438779,30.257459202));
#3959=DIRECTION('',(0.,0.707106781,-0.707106781));
#3960=VECTOR('',#3959,0.848528137);
#3961=LINE('',#3958,#3960);
#3962=EDGE_CURVE('',#63,#659,#3961,.T.);
#3963=ORIENTED_EDGE('',*,*,#3962,.F.);
#3964=ORIENTED_EDGE('',*,*,#69,.F.);
#3965=EDGE_LOOP('',(#3956,#3957,#3963,#3964));
#3966=FACE_BOUND('',#3965,.T.);
#3967=ADVANCED_FACE('',(#3966),#3955,.F.);
#3968=CARTESIAN_POINT('',(0.3,-50.247438779,29.657459202));
#3969=DIRECTION('',(0.,-0.707106781,-0.707106781));
#3970=DIRECTION('',(1.,0.,0.));
#3971=AXIS2_PLACEMENT_3D('',#3968,#3969,#3970);
#3972=PLANE('',#3971);
#3973=ORIENTED_EDGE('',*,*,#3945,.T.);
#3974=ORIENTED_EDGE('',*,*,#77,.F.);
#3975=ORIENTED_EDGE('',*,*,#3962,.T.);
#3976=ORIENTED_EDGE('',*,*,#664,.F.);
#3977=EDGE_LOOP('',(#3973,#3974,#3975,#3976));
#3978=FACE_BOUND('',#3977,.T.);
#3979=ADVANCED_FACE('',(#3978),#3972,.F.);
#3980=CLOSED_SHELL('',(#200,#240,#280,#320,#360,#468,#499,#530,#570,#610,#682,#874,#914,#947,#971,#1004,#1044,#1084,#1115,#1187,#1411,#1574,#1607,#1640,#1664,#1694,
#1717,#1734,#1751,#1763,#1783,#1803,#1820,#1837,#1854,#1875,#1895,#1912,#1929,#1946,#1958,#1981,#2004,#2051,#2073,#2090,#2103,#2121,#2133,#2150,#2167,
#2179,#2287,#2318,#2358,#2398,#2470,#2494,#2518,#2542,#2566,#2590,#2614,#2644,#2667,#2698,#2729,#2747,#2765,#2796,#2820,#2844,#2861,#2873,#2885,#2897,
#2914,#2930,#2942,#2965,#2988,#3035,#3057,#3075,#3087,#3105,#3117,#3134,#3151,#3163,#3186,#3203,#3220,#3237,#3254,#3271,#3288,#3311,#3328,#3345,#3362,
#3379,#3396,#3413,#3425,#3442,#3459,#3476,#3493,#3510,#3527,#3544,#3561,#3573,#3590,#3607,#3624,#3641,#3658,#3675,#3692,#3709,#3721,#3745,#3762,#3779,
#3796,#3815,#3829,#3843,#3865,#3882,#3899,#3916,#3933,#3950,#3967,#3979));
#3981=MANIFOLD_SOLID_BREP('outer_case',#3980);
#3982=COLOUR_RGB('',0.517647088,0.800000012,1.);
#3983=FILL_AREA_STYLE_COLOUR('',#3982);
#3984=FILL_AREA_STYLE('',(#3983));
#3985=SURFACE_STYLE_FILL_AREA(#3984);
#3986=SURFACE_SIDE_STYLE('',(#3985));
#3987=SURFACE_STYLE_USAGE(.BOTH.,#3986);
#3988=PRESENTATION_STYLE_ASSIGNMENT((#3987));
#54=STYLED_ITEM('',(#3988),#3981);
#35=SHAPE_REPRESENTATION('main_frame',(#15),#33);
#36=ADVANCED_BREP_SHAPE_REPRESENTATION('main_frame',(#3981),#33);
#3996=SHAPE_REPRESENTATION_RELATIONSHIP('','',#35,#36);
#3997=CARTESIAN_POINT('',(0.,0.,0.));
#3998=DIRECTION('',(0.,0.,1.));
#3999=DIRECTION('',(1.,0.,0.));
#4000=AXIS2_PLACEMENT_3D('',#3997,#3998,#3999);
#4002=MAPPED_ITEM('',#4001,#4000);
#4001=REPRESENTATION_MAP(#4000,#35);
#4003=APPLICATION_CONTEXT('Managed model based 3d engineering');
#4004=APPLICATION_PROTOCOL_DEFINITION('international standard','ap242_managed_model_based_3d_engineering',2014,#4003);
#4005=PRODUCT_CONTEXT('',#4003,'mechanical');
#4006=PRODUCT_DEFINITION_CONTEXT('part definition',#4003,'design');
#43=PRODUCT('main_frame','main_frame','',(#4005));
#4007=PRODUCT_RELATED_PRODUCT_CATEGORY('part','',(#43));
#4008=PRODUCT_DEFINITION_FORMATION_WITH_SPECIFIED_SOURCE('','',#43,.NOT_KNOWN.);
#44=PRODUCT_DEFINITION('design','',#4008,#4006);
#42=PRODUCT_DEFINITION_SHAPE('','',#44);
#4009=SHAPE_DEFINITION_REPRESENTATION(#42,#35);
#34=DRAUGHTING_MODEL('',(#4002),#33);
#16=SHAPE_REPRESENTATION('root',(#15,#48),#10);
#4010=CARTESIAN_POINT('',(0.,0.,0.));
#4011=DIRECTION('',(0.,0.,1.));
#4012=DIRECTION('',(1.,0.,0.));
#4013=AXIS2_PLACEMENT_3D('',#4010,#4011,#4012);
#4015=MAPPED_ITEM('',#4014,#4013);
#4014=REPRESENTATION_MAP(#4013,#16);
#24=PRODUCT('root','root','',(#4005));
#4016=PRODUCT_RELATED_PRODUCT_CATEGORY('part','',(#24));
#4017=PRODUCT_DEFINITION_FORMATION_WITH_SPECIFIED_SOURCE('','',#24,.NOT_KNOWN.);
#25=PRODUCT_DEFINITION('design','',#4017,#4006);
#23=PRODUCT_DEFINITION_SHAPE('','',#25);
#4018=SHAPE_DEFINITION_REPRESENTATION(#23,#16);
#11=DRAUGHTING_MODEL('',(#4015),#10);
#4019=DESCRIPTIVE_REPRESENTATION_ITEM('KEY','C:\\Users\\13271\\AppData\\Local\\Packages\\Shapr3D.Shapr3D_dvv5p1vgwv6mp\\TempState\\76b18fe6-511e-4643-b6d6-cdf5cf068906.tmp');
#4020=PROPERTY_DEFINITION('KEY','',#25);
#4021=REPRESENTATION('',(#4019),#10);
#4022=PROPERTY_DEFINITION_REPRESENTATION(#4020,#4021);
#4023=GENERAL_PROPERTY('','KEY','');
#4024=GENERAL_PROPERTY_ASSOCIATION('','',#4023,#4020);
#1=MECHANICAL_DESIGN_GEOMETRIC_PRESENTATION_REPRESENTATION('',(#54),#10);
ENDSEC;
END-ISO-10303-21;
