ISO-10303-21;
HEADER;

/* File generated by Shapr3D Version 5.1010.9989.0 */

FILE_DESCRIPTION(('HOOPS Exchange Step'),'2;1');

FILE_NAME('C:\\Users\\13271\\AppData\\Local\\Packages\\Shapr3D.Shapr3D_dvv5p1vgwv6mp\\TempState\\export\\temp_export',
'2025-12-16T15:33:05+08:00',
('13271'),
('Shapr3D Limited'),
'HOOPS Exchange 2025.7',
'Shapr3D',
'Authorized');

FILE_SCHEMA( ('AP242_MANAGED_MODEL_BASED_3D_ENGINEERING_MIM_LF {1 0 10303 442 1 1 4}') );

ENDSEC;

DATA;
#3=(NAMED_UNIT(*)PLANE_ANGLE_UNIT()SI_UNIT($,.RADIAN.));
#4=PLANE_ANGLE_MEASURE_WITH_UNIT(PLANE_ANGLE_MEASURE(0.0174532925),#3);
#5=(CONVERSION_BASED_UNIT('DEGREE',#4)NAMED_UNIT(#6)PLANE_ANGLE_UNIT());
#6=DIMENSIONAL_EXPONENTS(0.,0.,0.,0.,0.,0.,0.);
#7=(NAMED_UNIT(*)SI_UNIT($,.STERADIAN.)SOLID_ANGLE_UNIT());
#8=(LENGTH_UNIT()NAMED_UNIT(*)SI_UNIT(.MILLI.,.METRE.));
#9=UNCERTAINTY_MEASURE_WITH_UNIT(LENGTH_MEASURE(1.000000E-03),#8,'DISTANCE_ACCURACY_VALUE','Maximum Tolerance applied to model');
#10=(GEOMETRIC_REPRESENTATION_CONTEXT(3)GLOBAL_UNCERTAINTY_ASSIGNED_CONTEXT((#9))GLOBAL_UNIT_ASSIGNED_CONTEXT((#8,#5,#7))REPRESENTATION_CONTEXT('','root'));
#12=CARTESIAN_POINT('',(0.,0.,0.));
#13=DIRECTION('',(0.,0.,1.));
#14=DIRECTION('',(1.,0.,0.));
#15=AXIS2_PLACEMENT_3D('',#12,#13,#14);
#26=(NAMED_UNIT(*)PLANE_ANGLE_UNIT()SI_UNIT($,.RADIAN.));
#27=PLANE_ANGLE_MEASURE_WITH_UNIT(PLANE_ANGLE_MEASURE(0.0174532925),#26);
#28=(CONVERSION_BASED_UNIT('DEGREE',#27)NAMED_UNIT(#29)PLANE_ANGLE_UNIT());
#29=DIMENSIONAL_EXPONENTS(0.,0.,0.,0.,0.,0.,0.);
#30=(NAMED_UNIT(*)SI_UNIT($,.STERADIAN.)SOLID_ANGLE_UNIT());
#31=(LENGTH_UNIT()NAMED_UNIT(*)SI_UNIT(.MILLI.,.METRE.));
#32=UNCERTAINTY_MEASURE_WITH_UNIT(LENGTH_MEASURE(1.000000E-03),#31,'DISTANCE_ACCURACY_VALUE','Maximum Tolerance applied to model');
#33=(GEOMETRIC_REPRESENTATION_CONTEXT(3)GLOBAL_UNCERTAINTY_ASSIGNED_CONTEXT((#32))GLOBAL_UNIT_ASSIGNED_CONTEXT((#31,#28,#30))REPRESENTATION_CONTEXT('','plate'));
#45=CARTESIAN_POINT('',(0.,0.,0.));
#46=DIRECTION('',(0.,0.,1.));
#47=DIRECTION('',(1.,0.,-0.));
#48=AXIS2_PLACEMENT_3D('',#45,#46,#47);
#49=ITEM_DEFINED_TRANSFORMATION('','',#48,#15);
#50=(REPRESENTATION_RELATIONSHIP('','',#35,#16)REPRESENTATION_RELATIONSHIP_WITH_TRANSFORMATION(#49)SHAPE_REPRESENTATION_RELATIONSHIP());
#51=NEXT_ASSEMBLY_USAGE_OCCURRENCE('plate_1','plate','plate',#25,#44,$);
#52=PRODUCT_DEFINITION_SHAPE('','',#51);
#53=CONTEXT_DEPENDENT_SHAPE_REPRESENTATION(#50,#52);
#35=SHAPE_REPRESENTATION('plate',(#15),#33);
#54=CARTESIAN_POINT('',(0.,0.,0.));
#55=DIRECTION('',(0.,0.,1.));
#56=DIRECTION('',(1.,0.,0.));
#57=AXIS2_PLACEMENT_3D('',#54,#55,#56);
#59=MAPPED_ITEM('',#58,#57);
#58=REPRESENTATION_MAP(#57,#35);
#60=APPLICATION_CONTEXT('Managed model based 3d engineering');
#61=APPLICATION_PROTOCOL_DEFINITION('international standard','ap242_managed_model_based_3d_engineering',2014,#60);
#62=PRODUCT_CONTEXT('',#60,'mechanical');
#63=PRODUCT_DEFINITION_CONTEXT('part definition',#60,'design');
#43=PRODUCT('plate','plate','',(#62));
#64=PRODUCT_RELATED_PRODUCT_CATEGORY('part','',(#43));
#65=PRODUCT_DEFINITION_FORMATION_WITH_SPECIFIED_SOURCE('','',#43,.NOT_KNOWN.);
#44=PRODUCT_DEFINITION('design','',#65,#63);
#42=PRODUCT_DEFINITION_SHAPE('','',#44);
#66=SHAPE_DEFINITION_REPRESENTATION(#42,#35);
#34=DRAUGHTING_MODEL('',(#59),#33);
#67=(NAMED_UNIT(*)PLANE_ANGLE_UNIT()SI_UNIT($,.RADIAN.));
#68=PLANE_ANGLE_MEASURE_WITH_UNIT(PLANE_ANGLE_MEASURE(0.0174532925),#67);
#69=(CONVERSION_BASED_UNIT('DEGREE',#68)NAMED_UNIT(#70)PLANE_ANGLE_UNIT());
#70=DIMENSIONAL_EXPONENTS(0.,0.,0.,0.,0.,0.,0.);
#71=(NAMED_UNIT(*)SI_UNIT($,.STERADIAN.)SOLID_ANGLE_UNIT());
#72=(LENGTH_UNIT()NAMED_UNIT(*)SI_UNIT(.MILLI.,.METRE.));
#73=UNCERTAINTY_MEASURE_WITH_UNIT(LENGTH_MEASURE(1.000000E-05),#72,'DISTANCE_ACCURACY_VALUE','Maximum Tolerance applied to model');
#74=(GEOMETRIC_REPRESENTATION_CONTEXT(3)GLOBAL_UNCERTAINTY_ASSIGNED_CONTEXT((#73))GLOBAL_UNIT_ASSIGNED_CONTEXT((#72,#69,#71))REPRESENTATION_CONTEXT('','main_frame'));
#86=CARTESIAN_POINT('',(0.,0.,0.));
#87=DIRECTION('',(0.,0.,1.));
#88=DIRECTION('',(1.,0.,-0.));
#89=AXIS2_PLACEMENT_3D('',#86,#87,#88);
#90=ITEM_DEFINED_TRANSFORMATION('','',#89,#15);
#91=(REPRESENTATION_RELATIONSHIP('','',#76,#16)REPRESENTATION_RELATIONSHIP_WITH_TRANSFORMATION(#90)SHAPE_REPRESENTATION_RELATIONSHIP());
#92=NEXT_ASSEMBLY_USAGE_OCCURRENCE('main_frame_2','main_frame','main_frame',#25,#85,$);
#93=PRODUCT_DEFINITION_SHAPE('','',#92);
#94=CONTEXT_DEPENDENT_SHAPE_REPRESENTATION(#91,#93);
#96=CARTESIAN_POINT('',(143.9198,-2.003388779,5.257459202));
#97=DIRECTION('',(-1.,0.,0.));
#98=DIRECTION('',(0.,0.,1.));
#99=AXIS2_PLACEMENT_3D('',#96,#97,#98);
#100=PLANE('',#99);
#101=CARTESIAN_POINT('',(143.9198,-29.19405,29.657459202));
#102=VERTEX_POINT('',#101);
#103=CARTESIAN_POINT('',(143.9198,-0.1,29.657459202));
#104=VERTEX_POINT('',#103);
#105=CARTESIAN_POINT('',(143.9198,-29.19405,29.657459202));
#106=DIRECTION('',(0.,1.,0.));
#107=VECTOR('',#106,29.09405);
#108=LINE('',#105,#107);
#109=EDGE_CURVE('NONE',#102,#104,#108,.T.);
#110=ORIENTED_EDGE('',*,*,#109,.T.);
#111=CARTESIAN_POINT('',(143.9198,-0.1,11.757459202));
#112=VERTEX_POINT('',#111);
#113=CARTESIAN_POINT('',(143.9198,-0.1,29.657459202));
#114=DIRECTION('',(0.,0.,-1.));
#115=VECTOR('',#114,17.9);
#116=LINE('',#113,#115);
#117=EDGE_CURVE('NONE',#104,#112,#116,.T.);
#118=ORIENTED_EDGE('',*,*,#117,.T.);
#119=CARTESIAN_POINT('',(143.9198,-20.303388779,11.757459202));
#120=VERTEX_POINT('',#119);
#121=CARTESIAN_POINT('',(143.9198,-0.1,11.757459202));
#122=DIRECTION('',(-0.,-1.,-0.));
#123=VECTOR('',#122,20.203388779);
#124=LINE('',#121,#123);
#125=EDGE_CURVE('NONE',#112,#120,#124,.T.);
#126=ORIENTED_EDGE('',*,*,#125,.T.);
#127=CARTESIAN_POINT('',(143.9198,-20.303388779,24.657459202));
#128=VERTEX_POINT('',#127);
#129=CARTESIAN_POINT('',(143.9198,-20.303388779,11.757459202));
#130=DIRECTION('',(0.,0.,1.));
#131=VECTOR('',#130,12.9);
#132=LINE('',#129,#131);
#133=EDGE_CURVE('NONE',#120,#128,#132,.T.);
#134=ORIENTED_EDGE('',*,*,#133,.T.);
#135=CARTESIAN_POINT('',(143.9198,-29.19405,24.657459202));
#136=VERTEX_POINT('',#135);
#137=CARTESIAN_POINT('',(143.9198,-20.303388779,24.657459202));
#138=DIRECTION('',(-0.,-1.,-0.));
#139=VECTOR('',#138,8.890661221);
#140=LINE('',#137,#139);
#141=EDGE_CURVE('NONE',#128,#136,#140,.T.);
#142=ORIENTED_EDGE('',*,*,#141,.T.);
#143=CARTESIAN_POINT('',(143.9198,-29.19405,24.657459202));
#144=DIRECTION('',(0.,0.,1.));
#145=VECTOR('',#144,5.);
#146=LINE('',#143,#145);
#147=EDGE_CURVE('NONE',#136,#102,#146,.T.);
#148=ORIENTED_EDGE('',*,*,#147,.T.);
#149=EDGE_LOOP('',(#110,#118,#126,#134,#142,#148));
#150=FACE_BOUND('',#149,.T.);
#151=ADVANCED_FACE('NONE',(#150),#100,.T.);
#152=CARTESIAN_POINT('',(0.3,-2.003388779,30.257459202));
#153=DIRECTION('',(0.,0.,1.));
#154=DIRECTION('',(1.,0.,0.));
#155=AXIS2_PLACEMENT_3D('',#152,#153,#154);
#156=PLANE('',#155);
#157=CARTESIAN_POINT('',(-143.9198,-29.197438779,30.257459202));
#158=VERTEX_POINT('',#157);
#159=CARTESIAN_POINT('',(-143.9198,-0.1,30.257459202));
#160=VERTEX_POINT('',#159);
#161=CARTESIAN_POINT('',(-143.9198,-29.197438779,30.257459202));
#162=DIRECTION('',(0.,1.,0.));
#163=VECTOR('',#162,29.097438779);
#164=LINE('',#161,#163);
#165=EDGE_CURVE('NONE',#158,#160,#164,.T.);
#166=ORIENTED_EDGE('',*,*,#165,.T.);
#167=CARTESIAN_POINT('',(-148.429850506,-0.1,30.257459202));
#168=VERTEX_POINT('',#167);
#169=CARTESIAN_POINT('',(-143.9198,-0.1,30.257459202));
#170=DIRECTION('',(-1.,0.,0.));
#171=VECTOR('',#170,4.510050506);
#172=LINE('',#169,#171);
#173=EDGE_CURVE('NONE',#160,#168,#172,.T.);
#174=ORIENTED_EDGE('',*,*,#173,.T.);
#175=CARTESIAN_POINT('',(-148.429850506,-52.747438779,30.257459204));
#176=VERTEX_POINT('',#175);
#177=CARTESIAN_POINT('',(-148.429850506,-0.1,30.257459202));
#178=DIRECTION('',(-0.,-1.,-0.));
#179=VECTOR('',#178,52.647438779);
#180=LINE('',#177,#179);
#181=EDGE_CURVE('NONE',#168,#176,#180,.T.);
#182=ORIENTED_EDGE('',*,*,#181,.T.);
#183=CARTESIAN_POINT('',(-143.4198,-57.757489284,30.257459203));
#184=VERTEX_POINT('',#183);
#185=CARTESIAN_POINT('',(-143.4198,-52.747438779,30.257459204));
#186=DIRECTION('',(-0.,-0.,1.));
#187=DIRECTION('',(-1.,0.,0.));
#188=AXIS2_PLACEMENT_3D('',#185,#186,#187);
#189=CIRCLE('',#188,5.010050507);
#190=EDGE_CURVE('NONE',#176,#184,#189,.T.);
#191=ORIENTED_EDGE('',*,*,#190,.T.);
#192=CARTESIAN_POINT('',(144.0198,-57.757489283,30.257459203));
#193=VERTEX_POINT('',#192);
#194=CARTESIAN_POINT('',(-143.4198,-57.757489285,30.257459202));
#195=DIRECTION('',(1.,0.,-0.));
#196=VECTOR('',#195,287.4396);
#197=LINE('',#194,#196);
#198=EDGE_CURVE('NONE',#184,#193,#197,.T.);
#199=ORIENTED_EDGE('',*,*,#198,.T.);
#200=CARTESIAN_POINT('',(149.029850506,-52.747438779,30.257459205));
#201=VERTEX_POINT('',#200);
#202=CARTESIAN_POINT('',(144.0198,-52.747438779,30.257459205));
#203=DIRECTION('',(-0.,-0.,1.));
#204=DIRECTION('',(-1.,0.,0.));
#205=AXIS2_PLACEMENT_3D('',#202,#203,#204);
#206=CIRCLE('',#205,5.010050506);
#207=EDGE_CURVE('NONE',#193,#201,#206,.T.);
#208=ORIENTED_EDGE('',*,*,#207,.T.);
#209=CARTESIAN_POINT('',(149.029850506,-0.1,30.257459202));
#210=VERTEX_POINT('',#209);
#211=CARTESIAN_POINT('',(149.029850506,-52.747438779,30.257459202));
#212=DIRECTION('',(0.,1.,0.));
#213=VECTOR('',#212,52.647438779);
#214=LINE('',#211,#213);
#215=EDGE_CURVE('NONE',#201,#210,#214,.T.);
#216=ORIENTED_EDGE('',*,*,#215,.T.);
#217=CARTESIAN_POINT('',(144.5198,-0.1,30.257459202));
#218=VERTEX_POINT('',#217);
#219=CARTESIAN_POINT('',(149.029850506,-0.1,30.257459202));
#220=DIRECTION('',(-1.,0.,0.));
#221=VECTOR('',#220,4.510050505);
#222=LINE('',#219,#221);
#223=EDGE_CURVE('NONE',#210,#218,#222,.T.);
#224=ORIENTED_EDGE('',*,*,#223,.T.);
#225=CARTESIAN_POINT('',(144.5198,-29.19405,30.257459202));
#226=VERTEX_POINT('',#225);
#227=CARTESIAN_POINT('',(144.5198,-0.1,30.257459202));
#228=DIRECTION('',(-0.,-1.,-0.));
#229=VECTOR('',#228,29.09405);
#230=LINE('',#227,#229);
#231=EDGE_CURVE('NONE',#218,#226,#230,.T.);
#232=ORIENTED_EDGE('',*,*,#231,.T.);
#233=CARTESIAN_POINT('',(141.9198,-31.79405,30.257459202));
#234=VERTEX_POINT('',#233);
#235=CARTESIAN_POINT('',(141.9198,-29.19405,30.257459202));
#236=DIRECTION('',(-0.,-0.,-1.));
#237=DIRECTION('',(1.,0.,-0.));
#238=AXIS2_PLACEMENT_3D('',#235,#236,#237);
#239=CIRCLE('',#238,2.6);
#240=EDGE_CURVE('NONE',#226,#234,#239,.T.);
#241=ORIENTED_EDGE('',*,*,#240,.T.);
#242=CARTESIAN_POINT('',(98.470790219,-31.79405,30.257459202));
#243=VERTEX_POINT('',#242);
#244=CARTESIAN_POINT('',(141.9198,-31.79405,30.257459202));
#245=DIRECTION('',(-1.,-0.,0.));
#246=VECTOR('',#245,43.449009781);
#247=LINE('',#244,#246);
#248=EDGE_CURVE('NONE',#234,#243,#247,.T.);
#249=ORIENTED_EDGE('',*,*,#248,.T.);
#250=CARTESIAN_POINT('',(97.070790219,-33.19405,30.257459202));
#251=VERTEX_POINT('',#250);
#252=CARTESIAN_POINT('',(98.470790219,-33.19405,30.257459202));
#253=DIRECTION('',(-0.,-0.,1.));
#254=DIRECTION('',(-1.,0.,0.));
#255=AXIS2_PLACEMENT_3D('',#252,#253,#254);
#256=CIRCLE('',#255,1.4);
#257=EDGE_CURVE('NONE',#243,#251,#256,.T.);
#258=ORIENTED_EDGE('',*,*,#257,.T.);
#259=CARTESIAN_POINT('',(97.070790219,-48.247438779,30.257459202));
#260=VERTEX_POINT('',#259);
#261=CARTESIAN_POINT('',(97.070790219,-33.19405,30.257459202));
#262=DIRECTION('',(-0.,-1.,-0.));
#263=VECTOR('',#262,15.053388779);
#264=LINE('',#261,#263);
#265=EDGE_CURVE('NONE',#251,#260,#264,.T.);
#266=ORIENTED_EDGE('',*,*,#265,.T.);
#267=CARTESIAN_POINT('',(94.470790219,-50.847438779,30.257459202));
#268=VERTEX_POINT('',#267);
#269=CARTESIAN_POINT('',(94.470790219,-48.247438779,30.257459202));
#270=DIRECTION('',(-0.,-0.,-1.));
#271=DIRECTION('',(1.,0.,-0.));
#272=AXIS2_PLACEMENT_3D('',#269,#270,#271);
#273=CIRCLE('',#272,2.6);
#274=EDGE_CURVE('NONE',#260,#268,#273,.T.);
#275=ORIENTED_EDGE('',*,*,#274,.T.);
#276=CARTESIAN_POINT('',(-112.9198,-50.847438779,30.257459202));
#277=VERTEX_POINT('',#276);
#278=CARTESIAN_POINT('',(94.470790219,-50.847438779,30.257459202));
#279=DIRECTION('',(-1.,-0.,0.));
#280=VECTOR('',#279,207.390590219);
#281=LINE('',#278,#280);
#282=EDGE_CURVE('NONE',#268,#277,#281,.T.);
#283=ORIENTED_EDGE('',*,*,#282,.T.);
#284=CARTESIAN_POINT('',(-115.5198,-48.247438779,30.257459202));
#285=VERTEX_POINT('',#284);
#286=CARTESIAN_POINT('',(-112.9198,-48.247438779,30.257459202));
#287=DIRECTION('',(-0.,-0.,-1.));
#288=DIRECTION('',(1.,0.,-0.));
#289=AXIS2_PLACEMENT_3D('',#286,#287,#288);
#290=CIRCLE('',#289,2.6);
#291=EDGE_CURVE('NONE',#277,#285,#290,.T.);
#292=ORIENTED_EDGE('',*,*,#291,.T.);
#293=CARTESIAN_POINT('',(-115.5198,-33.197438779,30.257459202));
#294=VERTEX_POINT('',#293);
#295=CARTESIAN_POINT('',(-115.5198,-48.247438779,30.257459202));
#296=DIRECTION('',(0.,1.,0.));
#297=VECTOR('',#296,15.05);
#298=LINE('',#295,#297);
#299=EDGE_CURVE('NONE',#285,#294,#298,.T.);
#300=ORIENTED_EDGE('',*,*,#299,.T.);
#301=CARTESIAN_POINT('',(-116.9198,-31.797438779,30.257459202));
#302=VERTEX_POINT('',#301);
#303=CARTESIAN_POINT('',(-116.9198,-33.197438779,30.257459202));
#304=DIRECTION('',(-0.,-0.,1.));
#305=DIRECTION('',(-1.,0.,0.));
#306=AXIS2_PLACEMENT_3D('',#303,#304,#305);
#307=CIRCLE('',#306,1.4);
#308=EDGE_CURVE('NONE',#294,#302,#307,.T.);
#309=ORIENTED_EDGE('',*,*,#308,.T.);
#310=CARTESIAN_POINT('',(-141.3198,-31.797438779,30.257459202));
#311=VERTEX_POINT('',#310);
#312=CARTESIAN_POINT('',(-116.9198,-31.797438779,30.257459202));
#313=DIRECTION('',(-1.,-0.,0.));
#314=VECTOR('',#313,24.4);
#315=LINE('',#312,#314);
#316=EDGE_CURVE('NONE',#302,#311,#315,.T.);
#317=ORIENTED_EDGE('',*,*,#316,.T.);
#318=CARTESIAN_POINT('',(-141.3198,-29.197438779,30.257459202));
#319=DIRECTION('',(-0.,-0.,-1.));
#320=DIRECTION('',(1.,0.,-0.));
#321=AXIS2_PLACEMENT_3D('',#318,#319,#320);
#322=CIRCLE('',#321,2.6);
#323=EDGE_CURVE('NONE',#311,#158,#322,.T.);
#324=ORIENTED_EDGE('',*,*,#323,.T.);
#325=EDGE_LOOP('',(#166,#174,#182,#191,#199,#208,#216,#224,#232,#241,#249,#258,#266,#275,#283,#292,#300,#309,#317,#324));
#326=FACE_BOUND('',#325,.T.);
#327=ADVANCED_FACE('NONE',(#326),#156,.T.);
#328=CARTESIAN_POINT('',(0.8,-2.003388779,24.457459202));
#329=DIRECTION('',(0.,0.,1.));
#330=DIRECTION('',(1.,0.,0.));
#331=AXIS2_PLACEMENT_3D('',#328,#329,#330);
#332=PLANE('',#331);
#333=CARTESIAN_POINT('',(125.424906052,-41.247438779,24.457459202));
#334=VERTEX_POINT('',#333);
#335=CARTESIAN_POINT('',(125.424906052,-50.247438779,24.457459202));
#336=VERTEX_POINT('',#335);
#337=CARTESIAN_POINT('',(125.424906052,-41.247438779,24.457459202));
#338=DIRECTION('',(-0.,-1.,-0.));
#339=VECTOR('',#338,9.);
#340=LINE('',#337,#339);
#341=EDGE_CURVE('NONE',#334,#336,#340,.T.);
#342=ORIENTED_EDGE('',*,*,#341,.T.);
#343=CARTESIAN_POINT('',(137.514906052,-50.247438779,24.457459202));
#344=VERTEX_POINT('',#343);
#345=CARTESIAN_POINT('',(137.514906052,-50.247438779,24.457459202));
#346=DIRECTION('',(-1.,-0.,0.));
#347=VECTOR('',#346,12.09);
#348=LINE('',#345,#347);
#349=EDGE_CURVE('NONE',#344,#336,#348,.T.);
#350=ORIENTED_EDGE('',*,*,#349,.F.);
#351=CARTESIAN_POINT('',(137.514906052,-41.247438779,24.457459202));
#352=VERTEX_POINT('',#351);
#353=CARTESIAN_POINT('',(137.514906052,-50.247438779,24.457459202));
#354=DIRECTION('',(0.,1.,0.));
#355=VECTOR('',#354,9.);
#356=LINE('',#353,#355);
#357=EDGE_CURVE('NONE',#344,#352,#356,.T.);
#358=ORIENTED_EDGE('',*,*,#357,.T.);
#359=CARTESIAN_POINT('',(137.514906052,-41.247438779,24.457459202));
#360=DIRECTION('',(-1.,-0.,0.));
#361=VECTOR('',#360,12.09);
#362=LINE('',#359,#361);
#363=EDGE_CURVE('NONE',#352,#334,#362,.T.);
#364=ORIENTED_EDGE('',*,*,#363,.T.);
#365=EDGE_LOOP('',(#342,#350,#358,#364));
#366=FACE_BOUND('',#365,.T.);
#367=CARTESIAN_POINT('',(-143.5198,-0.1,24.457459202));
#368=VERTEX_POINT('',#367);
#369=CARTESIAN_POINT('',(-146.3198,-0.1,24.457459202));
#370=VERTEX_POINT('',#369);
#371=CARTESIAN_POINT('',(-143.5198,-0.1,24.457459202));
#372=DIRECTION('',(-1.,0.,0.));
#373=VECTOR('',#372,2.8);
#374=LINE('',#371,#373);
#375=EDGE_CURVE('NONE',#368,#370,#374,.T.);
#376=ORIENTED_EDGE('',*,*,#375,.F.);
#377=CARTESIAN_POINT('',(-143.5198,-29.197438779,24.457459202));
#378=VERTEX_POINT('',#377);
#379=CARTESIAN_POINT('',(-143.5198,-0.1,24.457459202));
#380=DIRECTION('',(-0.,-1.,-0.));
#381=VECTOR('',#380,29.097438779);
#382=LINE('',#379,#381);
#383=EDGE_CURVE('NONE',#368,#378,#382,.T.);
#384=ORIENTED_EDGE('',*,*,#383,.T.);
#385=CARTESIAN_POINT('',(-141.3198,-31.397438779,24.457459202));
#386=VERTEX_POINT('',#385);
#387=CARTESIAN_POINT('',(-141.3198,-29.197438779,24.457459202));
#388=DIRECTION('',(-0.,-0.,1.));
#389=DIRECTION('',(-1.,0.,0.));
#390=AXIS2_PLACEMENT_3D('',#387,#388,#389);
#391=CIRCLE('',#390,2.2);
#392=EDGE_CURVE('NONE',#378,#386,#391,.T.);
#393=ORIENTED_EDGE('',*,*,#392,.T.);
#394=CARTESIAN_POINT('',(-116.9198,-31.397438779,24.457459202));
#395=VERTEX_POINT('',#394);
#396=CARTESIAN_POINT('',(-141.3198,-31.397438779,24.457459202));
#397=DIRECTION('',(1.,0.,-0.));
#398=VECTOR('',#397,24.4);
#399=LINE('',#396,#398);
#400=EDGE_CURVE('NONE',#386,#395,#399,.T.);
#401=ORIENTED_EDGE('',*,*,#400,.T.);
#402=CARTESIAN_POINT('',(-115.1198,-33.197438779,24.457459202));
#403=VERTEX_POINT('',#402);
#404=CARTESIAN_POINT('',(-116.9198,-33.197438779,24.457459202));
#405=DIRECTION('',(-0.,-0.,-1.));
#406=DIRECTION('',(1.,0.,-0.));
#407=AXIS2_PLACEMENT_3D('',#404,#405,#406);
#408=CIRCLE('',#407,1.8);
#409=EDGE_CURVE('NONE',#395,#403,#408,.T.);
#410=ORIENTED_EDGE('',*,*,#409,.T.);
#411=CARTESIAN_POINT('',(-115.1198,-48.247438779,24.457459202));
#412=VERTEX_POINT('',#411);
#413=CARTESIAN_POINT('',(-115.1198,-33.197438779,24.457459202));
#414=DIRECTION('',(-0.,-1.,-0.));
#415=VECTOR('',#414,15.05);
#416=LINE('',#413,#415);
#417=EDGE_CURVE('NONE',#403,#412,#416,.T.);
#418=ORIENTED_EDGE('',*,*,#417,.T.);
#419=CARTESIAN_POINT('',(-112.9198,-50.447438779,24.457459202));
#420=VERTEX_POINT('',#419);
#421=CARTESIAN_POINT('',(-112.9198,-48.247438779,24.457459202));
#422=DIRECTION('',(-0.,-0.,1.));
#423=DIRECTION('',(-1.,0.,0.));
#424=AXIS2_PLACEMENT_3D('',#421,#422,#423);
#425=CIRCLE('',#424,2.2);
#426=EDGE_CURVE('NONE',#412,#420,#425,.T.);
#427=ORIENTED_EDGE('',*,*,#426,.T.);
#428=CARTESIAN_POINT('',(94.470790219,-50.447438779,24.457459202));
#429=VERTEX_POINT('',#428);
#430=CARTESIAN_POINT('',(-112.9198,-50.447438779,24.457459202));
#431=DIRECTION('',(1.,0.,-0.));
#432=VECTOR('',#431,207.390590219);
#433=LINE('',#430,#432);
#434=EDGE_CURVE('NONE',#420,#429,#433,.T.);
#435=ORIENTED_EDGE('',*,*,#434,.T.);
#436=CARTESIAN_POINT('',(96.670790219,-48.247438779,24.457459202));
#437=VERTEX_POINT('',#436);
#438=CARTESIAN_POINT('',(94.470790219,-48.247438779,24.457459202));
#439=DIRECTION('',(-0.,-0.,1.));
#440=DIRECTION('',(-1.,0.,0.));
#441=AXIS2_PLACEMENT_3D('',#438,#439,#440);
#442=CIRCLE('',#441,2.2);
#443=EDGE_CURVE('NONE',#429,#437,#442,.T.);
#444=ORIENTED_EDGE('',*,*,#443,.T.);
#445=CARTESIAN_POINT('',(96.670790219,-33.19405,24.457459202));
#446=VERTEX_POINT('',#445);
#447=CARTESIAN_POINT('',(96.670790219,-48.247438779,24.457459202));
#448=DIRECTION('',(0.,1.,0.));
#449=VECTOR('',#448,15.053388779);
#450=LINE('',#447,#449);
#451=EDGE_CURVE('NONE',#437,#446,#450,.T.);
#452=ORIENTED_EDGE('',*,*,#451,.T.);
#453=CARTESIAN_POINT('',(98.470790219,-31.39405,24.457459202));
#454=VERTEX_POINT('',#453);
#455=CARTESIAN_POINT('',(98.470790219,-33.19405,24.457459202));
#456=DIRECTION('',(-0.,-0.,-1.));
#457=DIRECTION('',(1.,0.,-0.));
#458=AXIS2_PLACEMENT_3D('',#455,#456,#457);
#459=CIRCLE('',#458,1.8);
#460=EDGE_CURVE('NONE',#446,#454,#459,.T.);
#461=ORIENTED_EDGE('',*,*,#460,.T.);
#462=CARTESIAN_POINT('',(141.9198,-31.39405,24.457459202));
#463=VERTEX_POINT('',#462);
#464=CARTESIAN_POINT('',(98.470790219,-31.39405,24.457459202));
#465=DIRECTION('',(1.,0.,-0.));
#466=VECTOR('',#465,43.449009781);
#467=LINE('',#464,#466);
#468=EDGE_CURVE('NONE',#454,#463,#467,.T.);
#469=ORIENTED_EDGE('',*,*,#468,.T.);
#470=CARTESIAN_POINT('',(144.1198,-29.19405,24.457459202));
#471=VERTEX_POINT('',#470);
#472=CARTESIAN_POINT('',(141.9198,-29.19405,24.457459202));
#473=DIRECTION('',(-0.,-0.,1.));
#474=DIRECTION('',(-1.,0.,0.));
#475=AXIS2_PLACEMENT_3D('',#472,#473,#474);
#476=CIRCLE('',#475,2.2);
#477=EDGE_CURVE('NONE',#463,#471,#476,.T.);
#478=ORIENTED_EDGE('',*,*,#477,.T.);
#479=CARTESIAN_POINT('',(144.1198,-20.503388779,24.457459202));
#480=VERTEX_POINT('',#479);
#481=CARTESIAN_POINT('',(144.1198,-29.19405,24.457459202));
#482=DIRECTION('',(0.,1.,0.));
#483=VECTOR('',#482,8.690661221);
#484=LINE('',#481,#483);
#485=EDGE_CURVE('NONE',#471,#480,#484,.T.);
#486=ORIENTED_EDGE('',*,*,#485,.T.);
#487=CARTESIAN_POINT('',(144.6198,-21.003388779,24.457459202));
#488=VERTEX_POINT('',#487);
#489=CARTESIAN_POINT('',(144.1198,-20.503388779,24.457459202));
#490=DIRECTION('',(0.707106781,-0.707106781,0.));
#491=VECTOR('',#490,0.707106781);
#492=LINE('',#489,#491);
#493=EDGE_CURVE('NONE',#480,#488,#492,.T.);
#494=ORIENTED_EDGE('',*,*,#493,.T.);
#495=CARTESIAN_POINT('',(146.5198,-21.003388779,24.457459202));
#496=VERTEX_POINT('',#495);
#497=CARTESIAN_POINT('',(146.5198,-21.003388779,24.457459202));
#498=DIRECTION('',(-1.,-0.,0.));
#499=VECTOR('',#498,1.9);
#500=LINE('',#497,#499);
#501=EDGE_CURVE('NONE',#496,#488,#500,.T.);
#502=ORIENTED_EDGE('',*,*,#501,.F.);
#503=CARTESIAN_POINT('',(146.5198,-52.147438779,24.457459202));
#504=VERTEX_POINT('',#503);
#505=CARTESIAN_POINT('',(146.5198,-21.003388779,24.457459202));
#506=DIRECTION('',(-0.,-1.,-0.));
#507=VECTOR('',#506,31.14405);
#508=LINE('',#505,#507);
#509=EDGE_CURVE('NONE',#496,#504,#508,.T.);
#510=ORIENTED_EDGE('',*,*,#509,.T.);
#511=CARTESIAN_POINT('',(141.6198,-57.047438779,24.457459202));
#512=VERTEX_POINT('',#511);
#513=CARTESIAN_POINT('',(141.6198,-52.147438779,24.457459202));
#514=DIRECTION('',(0.,0.,-1.));
#515=DIRECTION('',(-1.,0.,0.));
#516=AXIS2_PLACEMENT_3D('',#513,#514,#515);
#517=CIRCLE('',#516,4.9);
#518=EDGE_CURVE('NONE',#504,#512,#517,.T.);
#519=ORIENTED_EDGE('',*,*,#518,.T.);
#520=CARTESIAN_POINT('',(-141.5198,-57.047438779,24.457459202));
#521=VERTEX_POINT('',#520);
#522=CARTESIAN_POINT('',(141.6198,-57.047438779,24.457459202));
#523=DIRECTION('',(-1.,-0.,0.));
#524=VECTOR('',#523,283.1396);
#525=LINE('',#522,#524);
#526=EDGE_CURVE('NONE',#512,#521,#525,.T.);
#527=ORIENTED_EDGE('',*,*,#526,.T.);
#528=CARTESIAN_POINT('',(-146.3198,-52.247438779,24.457459202));
#529=VERTEX_POINT('',#528);
#530=CARTESIAN_POINT('',(-141.5198,-52.247438779,24.457459202));
#531=DIRECTION('',(0.,0.,-1.));
#532=DIRECTION('',(-1.,0.,0.));
#533=AXIS2_PLACEMENT_3D('',#530,#531,#532);
#534=CIRCLE('',#533,4.8);
#535=EDGE_CURVE('NONE',#521,#529,#534,.T.);
#536=ORIENTED_EDGE('',*,*,#535,.T.);
#537=CARTESIAN_POINT('',(-146.3198,-52.247438779,24.457459202));
#538=DIRECTION('',(0.,1.,0.));
#539=VECTOR('',#538,52.147438779);
#540=LINE('',#537,#539);
#541=EDGE_CURVE('NONE',#529,#370,#540,.T.);
#542=ORIENTED_EDGE('',*,*,#541,.T.);
#543=EDGE_LOOP('',(#376,#384,#393,#401,#410,#418,#427,#435,#444,#452,#461,#469,#478,#486,#494,#502,#510,#519,#527,#536,#542));
#544=FACE_BOUND('',#543,.T.);
#545=ADVANCED_FACE('NONE',(#366,#544),#332,.F.);
#546=CARTESIAN_POINT('',(151.0198,31.868636221,24.957459202));
#547=DIRECTION('',(1.,0.,0.));
#548=DIRECTION('',(0.,1.,0.));
#549=AXIS2_PLACEMENT_3D('',#546,#547,#548);
#550=PLANE('',#549);
#551=CARTESIAN_POINT('',(151.0198,-0.1,13.264565985));
#552=VERTEX_POINT('',#551);
#553=CARTESIAN_POINT('',(151.0198,-0.1,28.267509708));
#554=VERTEX_POINT('',#553);
#555=CARTESIAN_POINT('',(151.0198,-0.1,13.264565985));
#556=DIRECTION('',(0.,0.,1.));
#557=VECTOR('',#556,15.002943723);
#558=LINE('',#555,#557);
#559=EDGE_CURVE('NONE',#552,#554,#558,.T.);
#560=ORIENTED_EDGE('',*,*,#559,.T.);
#561=CARTESIAN_POINT('',(151.0198,-52.747438779,28.267509704));
#562=VERTEX_POINT('',#561);
#563=CARTESIAN_POINT('',(151.0198,-0.1,28.267509708));
#564=DIRECTION('',(-0.,-1.,-0.));
#565=VECTOR('',#564,52.647438779);
#566=LINE('',#563,#565);
#567=EDGE_CURVE('NONE',#554,#562,#566,.T.);
#568=ORIENTED_EDGE('',*,*,#567,.T.);
#569=CARTESIAN_POINT('',(151.019799997,-52.747438777,13.264565985));
#570=VERTEX_POINT('',#569);
#571=CARTESIAN_POINT('',(151.0198,-52.747438779,28.267509704));
#572=DIRECTION('',(-0.,-0.,-1.));
#573=VECTOR('',#572,15.002943718);
#574=LINE('',#571,#573);
#575=EDGE_CURVE('NONE',#562,#570,#574,.T.);
#576=ORIENTED_EDGE('',*,*,#575,.T.);
#577=CARTESIAN_POINT('',(151.0198,-52.747438777,13.264565985));
#578=DIRECTION('',(0.,1.,0.));
#579=VECTOR('',#578,52.647438777);
#580=LINE('',#577,#579);
#581=EDGE_CURVE('NONE',#570,#552,#580,.T.);
#582=ORIENTED_EDGE('',*,*,#581,.T.);
#583=EDGE_LOOP('',(#560,#568,#576,#582));
#584=FACE_BOUND('',#583,.T.);
#585=ADVANCED_FACE('NONE',(#584),#550,.T.);
#586=CARTESIAN_POINT('',(-150.4198,28.868636221,24.957459202));
#587=DIRECTION('',(1.,0.,0.));
#588=DIRECTION('',(0.,1.,0.));
#589=AXIS2_PLACEMENT_3D('',#586,#587,#588);
#590=PLANE('',#589);
#591=CARTESIAN_POINT('',(-150.419799998,-52.747438778,28.267509704));
#592=VERTEX_POINT('',#591);
#593=CARTESIAN_POINT('',(-150.4198,-0.1,28.267509705));
#594=VERTEX_POINT('',#593);
#595=CARTESIAN_POINT('',(-150.4198,-52.747438778,28.267509705));
#596=DIRECTION('',(0.,1.,0.));
#597=VECTOR('',#596,52.647438778);
#598=LINE('',#595,#597);
#599=EDGE_CURVE('NONE',#592,#594,#598,.T.);
#600=ORIENTED_EDGE('',*,*,#599,.T.);
#601=CARTESIAN_POINT('',(-150.4198,-0.1,13.264565985));
#602=VERTEX_POINT('',#601);
#603=CARTESIAN_POINT('',(-150.4198,-0.1,13.264565985));
#604=DIRECTION('',(0.,0.,1.));
#605=VECTOR('',#604,15.00294372);
#606=LINE('',#603,#605);
#607=EDGE_CURVE('NONE',#602,#594,#606,.T.);
#608=ORIENTED_EDGE('',*,*,#607,.F.);
#609=CARTESIAN_POINT('',(-150.419799997,-52.747438779,13.264565989));
#610=VERTEX_POINT('',#609);
#611=CARTESIAN_POINT('',(-150.4198,-0.1,13.264565985));
#612=DIRECTION('',(-0.,-1.,-0.));
#613=VECTOR('',#612,52.647438779);
#614=LINE('',#611,#613);
#615=EDGE_CURVE('NONE',#602,#610,#614,.T.);
#616=ORIENTED_EDGE('',*,*,#615,.T.);
#617=CARTESIAN_POINT('',(-150.4198,-52.747438779,13.264565989));
#618=DIRECTION('',(0.,0.,1.));
#619=VECTOR('',#618,15.002943716);
#620=LINE('',#617,#619);
#621=EDGE_CURVE('NONE',#610,#592,#620,.T.);
#622=ORIENTED_EDGE('',*,*,#621,.T.);
#623=EDGE_LOOP('',(#600,#608,#616,#622));
#624=FACE_BOUND('',#623,.T.);
#625=ADVANCED_FACE('NONE',(#624),#590,.F.);
#626=CARTESIAN_POINT('',(-143.3198,-2.003388779,6.257459202));
#627=DIRECTION('',(1.,0.,0.));
#628=DIRECTION('',(0.,1.,0.));
#629=AXIS2_PLACEMENT_3D('',#626,#627,#628);
#630=PLANE('',#629);
#631=CARTESIAN_POINT('',(-143.3198,-0.1,24.657459202));
#632=VERTEX_POINT('',#631);
#633=CARTESIAN_POINT('',(-143.3198,-0.1,29.657459202));
#634=VERTEX_POINT('',#633);
#635=CARTESIAN_POINT('',(-143.3198,-0.1,24.657459202));
#636=DIRECTION('',(0.,0.,1.));
#637=VECTOR('',#636,5.);
#638=LINE('',#635,#637);
#639=EDGE_CURVE('NONE',#632,#634,#638,.T.);
#640=ORIENTED_EDGE('',*,*,#639,.T.);
#641=CARTESIAN_POINT('',(-143.319800001,-29.197438779,29.657459201));
#642=VERTEX_POINT('',#641);
#643=CARTESIAN_POINT('',(-143.3198,-0.1,29.657459202));
#644=DIRECTION('',(-0.,-1.,-0.));
#645=VECTOR('',#644,29.097438779);
#646=LINE('',#643,#645);
#647=EDGE_CURVE('NONE',#634,#642,#646,.T.);
#648=ORIENTED_EDGE('',*,*,#647,.T.);
#649=CARTESIAN_POINT('',(-143.3198,-29.197438779,24.657459202));
#650=VERTEX_POINT('',#649);
#651=CARTESIAN_POINT('',(-143.3198,-29.197438779,29.657459201));
#652=DIRECTION('',(-0.,-0.,-1.));
#653=VECTOR('',#652,4.999999999);
#654=LINE('',#651,#653);
#655=EDGE_CURVE('NONE',#642,#650,#654,.T.);
#656=ORIENTED_EDGE('',*,*,#655,.T.);
#657=CARTESIAN_POINT('',(-143.3198,-29.197438779,24.657459202));
#658=DIRECTION('',(0.,1.,0.));
#659=VECTOR('',#658,29.097438779);
#660=LINE('',#657,#659);
#661=EDGE_CURVE('NONE',#650,#632,#660,.T.);
#662=ORIENTED_EDGE('',*,*,#661,.T.);
#663=EDGE_LOOP('',(#640,#648,#656,#662));
#664=FACE_BOUND('',#663,.T.);
#665=ADVANCED_FACE('NONE',(#664),#630,.T.);
#666=CARTESIAN_POINT('',(-0.05,-1.803388779,11.557459202));
#667=DIRECTION('',(0.,0.,-1.));
#668=DIRECTION('',(0.,-1.,0.));
#669=AXIS2_PLACEMENT_3D('',#666,#667,#668);
#670=PLANE('',#669);
#671=CARTESIAN_POINT('',(145.869799999,1.8,11.557459202));
#672=VERTEX_POINT('',#671);
#673=CARTESIAN_POINT('',(145.269799999,1.8,11.557459202));
#674=VERTEX_POINT('',#673);
#675=CARTESIAN_POINT('',(145.869799999,1.8,11.557459202));
#676=DIRECTION('',(-1.,0.,0.));
#677=VECTOR('',#676,0.6);
#678=LINE('',#675,#677);
#679=EDGE_CURVE('',#672,#674,#678,.T.);
#680=ORIENTED_EDGE('',*,*,#679,.T.);
#681=CARTESIAN_POINT('',(145.069799999,2.,11.557459202));
#682=VERTEX_POINT('',#681);
#683=CARTESIAN_POINT('',(145.269799999,2.,11.557459202));
#684=DIRECTION('',(0.,0.,-1.));
#685=DIRECTION('',(-1.,0.,0.));
#686=AXIS2_PLACEMENT_3D('',#683,#684,#685);
#687=CIRCLE('',#686,0.2);
#688=EDGE_CURVE('',#674,#682,#687,.T.);
#689=ORIENTED_EDGE('',*,*,#688,.T.);
#690=CARTESIAN_POINT('',(145.069799999,3.4,11.557459202));
#691=VERTEX_POINT('',#690);
#692=CARTESIAN_POINT('',(145.069799999,2.,11.557459202));
#693=DIRECTION('',(-0.,1.,-0.));
#694=VECTOR('',#693,1.4);
#695=LINE('',#692,#694);
#696=EDGE_CURVE('',#682,#691,#695,.T.);
#697=ORIENTED_EDGE('',*,*,#696,.T.);
#698=CARTESIAN_POINT('',(145.269799999,3.6,11.557459202));
#699=VERTEX_POINT('',#698);
#700=CARTESIAN_POINT('',(145.269799999,3.4,11.557459202));
#701=DIRECTION('',(0.,0.,-1.));
#702=DIRECTION('',(-1.,0.,0.));
#703=AXIS2_PLACEMENT_3D('',#700,#701,#702);
#704=CIRCLE('',#703,0.2);
#705=EDGE_CURVE('',#691,#699,#704,.T.);
#706=ORIENTED_EDGE('',*,*,#705,.T.);
#707=CARTESIAN_POINT('',(148.869799999,3.6,11.557459202));
#708=VERTEX_POINT('',#707);
#709=CARTESIAN_POINT('',(145.269799999,3.6,11.557459202));
#710=DIRECTION('',(1.,-0.,-0.));
#711=VECTOR('',#710,3.6);
#712=LINE('',#709,#711);
#713=EDGE_CURVE('',#699,#708,#712,.T.);
#714=ORIENTED_EDGE('',*,*,#713,.T.);
#715=CARTESIAN_POINT('',(149.069799999,3.4,11.557459202));
#716=VERTEX_POINT('',#715);
#717=CARTESIAN_POINT('',(148.869799999,3.4,11.557459202));
#718=DIRECTION('',(0.,0.,-1.));
#719=DIRECTION('',(-1.,0.,0.));
#720=AXIS2_PLACEMENT_3D('',#717,#718,#719);
#721=CIRCLE('',#720,0.2);
#722=EDGE_CURVE('',#708,#716,#721,.T.);
#723=ORIENTED_EDGE('',*,*,#722,.T.);
#724=CARTESIAN_POINT('',(149.069799999,2.,11.557459202));
#725=VERTEX_POINT('',#724);
#726=CARTESIAN_POINT('',(149.069799999,3.4,11.557459202));
#727=DIRECTION('',(0.,-1.,0.));
#728=VECTOR('',#727,1.4);
#729=LINE('',#726,#728);
#730=EDGE_CURVE('',#716,#725,#729,.T.);
#731=ORIENTED_EDGE('',*,*,#730,.T.);
#732=CARTESIAN_POINT('',(148.869799999,1.8,11.557459202));
#733=VERTEX_POINT('',#732);
#734=CARTESIAN_POINT('',(148.869799999,2.,11.557459202));
#735=DIRECTION('',(0.,0.,-1.));
#736=DIRECTION('',(-1.,0.,0.));
#737=AXIS2_PLACEMENT_3D('',#734,#735,#736);
#738=CIRCLE('',#737,0.2);
#739=EDGE_CURVE('',#725,#733,#738,.T.);
#740=ORIENTED_EDGE('',*,*,#739,.T.);
#741=CARTESIAN_POINT('',(148.469799999,1.8,11.557459202));
#742=VERTEX_POINT('',#741);
#743=CARTESIAN_POINT('',(148.869799999,1.8,11.557459202));
#744=DIRECTION('',(-1.,0.,0.));
#745=VECTOR('',#744,0.4);
#746=LINE('',#743,#745);
#747=EDGE_CURVE('',#733,#742,#746,.T.);
#748=ORIENTED_EDGE('',*,*,#747,.T.);
#749=CARTESIAN_POINT('',(148.269799999,1.6,11.557459202));
#750=VERTEX_POINT('',#749);
#751=CARTESIAN_POINT('',(148.469799999,1.6,11.557459202));
#752=DIRECTION('',(-0.,-0.,1.));
#753=DIRECTION('',(-1.,0.,0.));
#754=AXIS2_PLACEMENT_3D('',#751,#752,#753);
#755=CIRCLE('',#754,0.2);
#756=EDGE_CURVE('',#742,#750,#755,.T.);
#757=ORIENTED_EDGE('',*,*,#756,.T.);
#758=CARTESIAN_POINT('',(148.269799999,0.1,11.557459202));
#759=VERTEX_POINT('',#758);
#760=CARTESIAN_POINT('',(148.269799999,1.6,11.557459202));
#761=DIRECTION('',(0.,-1.,0.));
#762=VECTOR('',#761,1.5);
#763=LINE('',#760,#762);
#764=EDGE_CURVE('',#750,#759,#763,.T.);
#765=ORIENTED_EDGE('',*,*,#764,.T.);
#766=CARTESIAN_POINT('',(148.469799999,-0.1,11.557459202));
#767=VERTEX_POINT('',#766);
#768=CARTESIAN_POINT('',(148.469799999,0.1,11.557459202));
#769=DIRECTION('',(-0.,-0.,1.));
#770=DIRECTION('',(-1.,0.,0.));
#771=AXIS2_PLACEMENT_3D('',#768,#769,#770);
#772=CIRCLE('',#771,0.2);
#773=EDGE_CURVE('',#759,#767,#772,.T.);
#774=ORIENTED_EDGE('',*,*,#773,.T.);
#775=CARTESIAN_POINT('',(149.31269322,-0.1,11.557459202));
#776=VERTEX_POINT('',#775);
#777=CARTESIAN_POINT('',(148.469799999,-0.1,11.557459202));
#778=DIRECTION('',(1.,0.,-0.));
#779=VECTOR('',#778,0.842893221);
#780=LINE('',#777,#779);
#781=EDGE_CURVE('',#767,#776,#780,.T.);
#782=ORIENTED_EDGE('',*,*,#781,.T.);
#783=CARTESIAN_POINT('',(149.31269322,-52.747438779,11.557459202));
#784=VERTEX_POINT('',#783);
#785=CARTESIAN_POINT('',(149.31269322,-0.1,11.557459202));
#786=DIRECTION('',(0.,-1.,0.));
#787=VECTOR('',#786,52.647438779);
#788=LINE('',#785,#787);
#789=EDGE_CURVE('NONE',#776,#784,#788,.T.);
#790=ORIENTED_EDGE('',*,*,#789,.T.);
#791=CARTESIAN_POINT('',(144.0198,-58.040331997,11.557459202));
#792=VERTEX_POINT('',#791);
#793=CARTESIAN_POINT('',(144.0198,-52.747438779,11.557459202));
#794=DIRECTION('',(-0.,-0.,-1.));
#795=DIRECTION('',(1.,0.,-0.));
#796=AXIS2_PLACEMENT_3D('',#793,#794,#795);
#797=CIRCLE('',#796,5.292893219);
#798=EDGE_CURVE('NONE',#784,#792,#797,.T.);
#799=ORIENTED_EDGE('',*,*,#798,.T.);
#800=CARTESIAN_POINT('',(-143.4198,-58.040331997,11.557459201));
#801=VERTEX_POINT('',#800);
#802=CARTESIAN_POINT('',(144.0198,-58.040331998,11.557459202));
#803=DIRECTION('',(-1.,0.,0.));
#804=VECTOR('',#803,287.4396);
#805=LINE('',#802,#804);
#806=EDGE_CURVE('NONE',#792,#801,#805,.T.);
#807=ORIENTED_EDGE('',*,*,#806,.T.);
#808=CARTESIAN_POINT('',(-148.712693219,-52.747438779,11.5574592));
#809=VERTEX_POINT('',#808);
#810=CARTESIAN_POINT('',(-143.4198,-52.747438779,11.5574592));
#811=DIRECTION('',(-0.,-0.,-1.));
#812=DIRECTION('',(1.,0.,-0.));
#813=AXIS2_PLACEMENT_3D('',#810,#811,#812);
#814=CIRCLE('',#813,5.292893218);
#815=EDGE_CURVE('NONE',#801,#809,#814,.T.);
#816=ORIENTED_EDGE('',*,*,#815,.T.);
#817=CARTESIAN_POINT('',(-148.712693219,-0.1,11.557459202));
#818=VERTEX_POINT('',#817);
#819=CARTESIAN_POINT('',(-148.712693219,-52.747438779,11.557459202));
#820=DIRECTION('',(-0.,1.,-0.));
#821=VECTOR('',#820,52.647438779);
#822=LINE('',#819,#821);
#823=EDGE_CURVE('NONE',#809,#818,#822,.T.);
#824=ORIENTED_EDGE('',*,*,#823,.T.);
#825=CARTESIAN_POINT('',(-147.9698,-0.1,11.557459202));
#826=VERTEX_POINT('',#825);
#827=CARTESIAN_POINT('',(-148.712693219,-0.1,11.557459202));
#828=DIRECTION('',(1.,0.,-0.));
#829=VECTOR('',#828,0.742893219);
#830=LINE('',#827,#829);
#831=EDGE_CURVE('NONE',#818,#826,#830,.T.);
#832=ORIENTED_EDGE('',*,*,#831,.T.);
#833=CARTESIAN_POINT('',(-147.7698,0.1,11.557459202));
#834=VERTEX_POINT('',#833);
#835=CARTESIAN_POINT('',(-147.9698,0.1,11.557459202));
#836=DIRECTION('',(-0.,-0.,1.));
#837=DIRECTION('',(-1.,0.,0.));
#838=AXIS2_PLACEMENT_3D('',#835,#836,#837);
#839=CIRCLE('',#838,0.2);
#840=EDGE_CURVE('',#826,#834,#839,.T.);
#841=ORIENTED_EDGE('',*,*,#840,.T.);
#842=CARTESIAN_POINT('',(-147.7698,1.5,11.557459202));
#843=VERTEX_POINT('',#842);
#844=CARTESIAN_POINT('',(-147.7698,0.1,11.557459202));
#845=DIRECTION('',(0.,1.,0.));
#846=VECTOR('',#845,1.4);
#847=LINE('',#844,#846);
#848=EDGE_CURVE('',#834,#843,#847,.T.);
#849=ORIENTED_EDGE('',*,*,#848,.T.);
#850=CARTESIAN_POINT('',(-147.9698,1.7,11.557459202));
#851=VERTEX_POINT('',#850);
#852=CARTESIAN_POINT('',(-147.9698,1.5,11.557459202));
#853=DIRECTION('',(-0.,-0.,1.));
#854=DIRECTION('',(-1.,0.,0.));
#855=AXIS2_PLACEMENT_3D('',#852,#853,#854);
#856=CIRCLE('',#855,0.2);
#857=EDGE_CURVE('',#843,#851,#856,.T.);
#858=ORIENTED_EDGE('',*,*,#857,.T.);
#859=CARTESIAN_POINT('',(-148.2698,1.7,11.557459202));
#860=VERTEX_POINT('',#859);
#861=CARTESIAN_POINT('',(-147.9698,1.7,11.557459202));
#862=DIRECTION('',(-1.,0.,0.));
#863=VECTOR('',#862,0.3);
#864=LINE('',#861,#863);
#865=EDGE_CURVE('',#851,#860,#864,.T.);
#866=ORIENTED_EDGE('',*,*,#865,.T.);
#867=CARTESIAN_POINT('',(-148.4698,1.9,11.557459202));
#868=VERTEX_POINT('',#867);
#869=CARTESIAN_POINT('',(-148.2698,1.9,11.557459202));
#870=DIRECTION('',(0.,0.,-1.));
#871=DIRECTION('',(-1.,0.,0.));
#872=AXIS2_PLACEMENT_3D('',#869,#870,#871);
#873=CIRCLE('',#872,0.2);
#874=EDGE_CURVE('',#860,#868,#873,.T.);
#875=ORIENTED_EDGE('',*,*,#874,.T.);
#876=CARTESIAN_POINT('',(-148.4698,2.9,11.557459202));
#877=VERTEX_POINT('',#876);
#878=CARTESIAN_POINT('',(-148.4698,1.9,11.557459202));
#879=DIRECTION('',(0.,1.,0.));
#880=VECTOR('',#879,1.);
#881=LINE('',#878,#880);
#882=EDGE_CURVE('',#868,#877,#881,.T.);
#883=ORIENTED_EDGE('',*,*,#882,.T.);
#884=CARTESIAN_POINT('',(-148.2698,3.1,11.557459202));
#885=VERTEX_POINT('',#884);
#886=CARTESIAN_POINT('',(-148.2698,2.9,11.557459202));
#887=DIRECTION('',(0.,0.,-1.));
#888=DIRECTION('',(-1.,0.,0.));
#889=AXIS2_PLACEMENT_3D('',#886,#887,#888);
#890=CIRCLE('',#889,0.2);
#891=EDGE_CURVE('',#877,#885,#890,.T.);
#892=ORIENTED_EDGE('',*,*,#891,.T.);
#893=CARTESIAN_POINT('',(-146.7198,3.1,11.557459202));
#894=VERTEX_POINT('',#893);
#895=CARTESIAN_POINT('',(-148.2698,3.1,11.557459202));
#896=DIRECTION('',(1.,-0.,-0.));
#897=VECTOR('',#896,1.55);
#898=LINE('',#895,#897);
#899=EDGE_CURVE('',#885,#894,#898,.T.);
#900=ORIENTED_EDGE('',*,*,#899,.T.);
#901=CARTESIAN_POINT('',(-146.7198,-52.247438779,11.557459202));
#902=VERTEX_POINT('',#901);
#903=CARTESIAN_POINT('',(-146.7198,3.1,11.557459202));
#904=DIRECTION('',(0.,-1.,0.));
#905=VECTOR('',#904,55.347438779);
#906=LINE('',#903,#905);
#907=EDGE_CURVE('NONE',#894,#902,#906,.T.);
#908=ORIENTED_EDGE('',*,*,#907,.T.);
#909=CARTESIAN_POINT('',(-141.5198,-57.447438779,11.557459202));
#910=VERTEX_POINT('',#909);
#911=CARTESIAN_POINT('',(-141.5198,-52.247438779,11.557459202));
#912=DIRECTION('',(-0.,-0.,1.));
#913=DIRECTION('',(-1.,0.,0.));
#914=AXIS2_PLACEMENT_3D('',#911,#912,#913);
#915=CIRCLE('',#914,5.2);
#916=EDGE_CURVE('NONE',#902,#910,#915,.T.);
#917=ORIENTED_EDGE('',*,*,#916,.T.);
#918=CARTESIAN_POINT('',(141.6198,-57.447438779,11.557459202));
#919=VERTEX_POINT('',#918);
#920=CARTESIAN_POINT('',(-141.5198,-57.447438779,11.557459202));
#921=DIRECTION('',(1.,-0.,-0.));
#922=VECTOR('',#921,283.1396);
#923=LINE('',#920,#922);
#924=EDGE_CURVE('NONE',#910,#919,#923,.T.);
#925=ORIENTED_EDGE('',*,*,#924,.T.);
#926=CARTESIAN_POINT('',(146.9198,-52.147438779,11.557459202));
#927=VERTEX_POINT('',#926);
#928=CARTESIAN_POINT('',(141.6198,-52.147438779,11.557459202));
#929=DIRECTION('',(-0.,-0.,1.));
#930=DIRECTION('',(-1.,0.,0.));
#931=AXIS2_PLACEMENT_3D('',#928,#929,#930);
#932=CIRCLE('',#931,5.3);
#933=EDGE_CURVE('NONE',#919,#927,#932,.T.);
#934=ORIENTED_EDGE('',*,*,#933,.T.);
#935=CARTESIAN_POINT('',(146.9198,-20.803388779,11.557459202));
#936=VERTEX_POINT('',#935);
#937=CARTESIAN_POINT('',(146.9198,-52.147438779,11.557459202));
#938=DIRECTION('',(-0.,1.,-0.));
#939=VECTOR('',#938,31.34405);
#940=LINE('',#937,#939);
#941=EDGE_CURVE('NONE',#927,#936,#940,.T.);
#942=ORIENTED_EDGE('',*,*,#941,.T.);
#943=CARTESIAN_POINT('',(144.702642712,-20.803388779,11.557459202));
#944=VERTEX_POINT('',#943);
#945=CARTESIAN_POINT('',(146.9198,-20.803388779,11.557459202));
#946=DIRECTION('',(-1.,0.,0.));
#947=VECTOR('',#946,2.217157288);
#948=LINE('',#945,#947);
#949=EDGE_CURVE('NONE',#936,#944,#948,.T.);
#950=ORIENTED_EDGE('',*,*,#949,.T.);
#951=CARTESIAN_POINT('',(144.1198,-20.220546066,11.557459202));
#952=VERTEX_POINT('',#951);
#953=CARTESIAN_POINT('',(144.702642712,-20.803388779,11.557459202));
#954=DIRECTION('',(-0.707106781,0.707106782,0.));
#955=VECTOR('',#954,0.824264069);
#956=LINE('',#953,#955);
#957=EDGE_CURVE('NONE',#944,#952,#956,.T.);
#958=ORIENTED_EDGE('',*,*,#957,.T.);
#959=CARTESIAN_POINT('',(144.1198,-0.1,11.557459202));
#960=VERTEX_POINT('',#959);
#961=CARTESIAN_POINT('',(144.1198,-20.220546066,11.557459202));
#962=DIRECTION('',(-0.,1.,-0.));
#963=VECTOR('',#962,20.120546066);
#964=LINE('',#961,#963);
#965=EDGE_CURVE('NONE',#952,#960,#964,.T.);
#966=ORIENTED_EDGE('',*,*,#965,.T.);
#967=CARTESIAN_POINT('',(145.669799999,-0.1,11.557459202));
#968=VERTEX_POINT('',#967);
#969=CARTESIAN_POINT('',(144.1198,-0.1,11.557459202));
#970=DIRECTION('',(1.,0.,-0.));
#971=VECTOR('',#970,1.549999999);
#972=LINE('',#969,#971);
#973=EDGE_CURVE('NONE',#960,#968,#972,.T.);
#974=ORIENTED_EDGE('',*,*,#973,.T.);
#975=CARTESIAN_POINT('',(145.869799999,0.1,11.557459202));
#976=VERTEX_POINT('',#975);
#977=CARTESIAN_POINT('',(145.669799999,0.1,11.557459202));
#978=DIRECTION('',(-0.,-0.,1.));
#979=DIRECTION('',(-1.,0.,0.));
#980=AXIS2_PLACEMENT_3D('',#977,#978,#979);
#981=CIRCLE('',#980,0.2);
#982=EDGE_CURVE('',#968,#976,#981,.T.);
#983=ORIENTED_EDGE('',*,*,#982,.T.);
#984=CARTESIAN_POINT('',(145.869799999,0.1,11.557459202));
#985=DIRECTION('',(-0.,1.,-0.));
#986=VECTOR('',#985,1.7);
#987=LINE('',#984,#986);
#988=EDGE_CURVE('',#976,#672,#987,.T.);
#989=ORIENTED_EDGE('',*,*,#988,.T.);
#990=EDGE_LOOP('',(#680,#689,#697,#706,#714,#723,#731,#740,#748,#757,#765,#774,#782,#790,#799,#807,#816,#824,#832,#841,#849,#858,#866,#875,#883,#892,
#900,#908,#917,#925,#934,#942,#950,#958,#966,#974,#983,#989));
#991=FACE_BOUND('',#990,.T.);
#992=ADVANCED_FACE('NONE',(#991),#670,.T.);
#993=CARTESIAN_POINT('',(-146.5198,25.368636221,24.967459202));
#994=DIRECTION('',(-1.,0.,0.));
#995=DIRECTION('',(0.,0.,1.));
#996=AXIS2_PLACEMENT_3D('',#993,#994,#995);
#997=PLANE('',#996);
#998=CARTESIAN_POINT('',(-146.5198,-43.625413779,14.487459202));
#999=VERTEX_POINT('',#998);
#1000=CARTESIAN_POINT('',(-146.5198,-43.625413779,15.782484455));
#1001=VERTEX_POINT('',#1000);
#1002=CARTESIAN_POINT('',(-146.5198,-43.625413779,14.487459202));
#1003=DIRECTION('',(0.,0.,1.));
#1004=VECTOR('',#1003,1.295025253);
#1005=LINE('',#1002,#1004);
#1006=EDGE_CURVE('NONE',#999,#1001,#1005,.T.);
#1007=ORIENTED_EDGE('',*,*,#1006,.T.);
#1008=CARTESIAN_POINT('',(-146.5198,-42.925413779,16.772433949));
#1009=VERTEX_POINT('',#1008);
#1010=CARTESIAN_POINT('',(-146.5198,-43.625413779,15.782484455));
#1011=DIRECTION('',(0.,0.577350269,0.816496581));
#1012=VECTOR('',#1011,1.212435566);
#1013=LINE('',#1010,#1012);
#1014=EDGE_CURVE('NONE',#1001,#1009,#1013,.T.);
#1015=ORIENTED_EDGE('',*,*,#1014,.T.);
#1016=CARTESIAN_POINT('',(-146.5198,-14.325413778,16.772433949));
#1017=VERTEX_POINT('',#1016);
#1018=CARTESIAN_POINT('',(-146.5198,-42.925413779,16.772433949));
#1019=DIRECTION('',(0.,1.,0.));
#1020=VECTOR('',#1019,28.600000001);
#1021=LINE('',#1018,#1020);
#1022=EDGE_CURVE('NONE',#1009,#1017,#1021,.T.);
#1023=ORIENTED_EDGE('',*,*,#1022,.T.);
#1024=CARTESIAN_POINT('',(-146.5198,-13.625413779,15.782484455));
#1025=VERTEX_POINT('',#1024);
#1026=CARTESIAN_POINT('',(-146.5198,-14.325413778,16.772433949));
#1027=DIRECTION('',(0.,0.577350269,-0.816496581));
#1028=VECTOR('',#1027,1.212435565);
#1029=LINE('',#1026,#1028);
#1030=EDGE_CURVE('NONE',#1017,#1025,#1029,.T.);
#1031=ORIENTED_EDGE('',*,*,#1030,.T.);
#1032=CARTESIAN_POINT('',(-146.5198,-13.625413779,14.487459202));
#1033=VERTEX_POINT('',#1032);
#1034=CARTESIAN_POINT('',(-146.5198,-13.625413779,15.782484455));
#1035=DIRECTION('',(-0.,-0.,-1.));
#1036=VECTOR('',#1035,1.295025253);
#1037=LINE('',#1034,#1036);
#1038=EDGE_CURVE('NONE',#1025,#1033,#1037,.T.);
#1039=ORIENTED_EDGE('',*,*,#1038,.T.);
#1040=CARTESIAN_POINT('',(-146.5198,-14.125413779,13.987459202));
#1041=VERTEX_POINT('',#1040);
#1042=CARTESIAN_POINT('',(-146.5198,-13.625413779,14.487459202));
#1043=DIRECTION('',(0.,-0.707106781,-0.707106781));
#1044=VECTOR('',#1043,0.707106781);
#1045=LINE('',#1042,#1044);
#1046=EDGE_CURVE('NONE',#1033,#1041,#1045,.T.);
#1047=ORIENTED_EDGE('',*,*,#1046,.T.);
#1048=CARTESIAN_POINT('',(-146.5198,-43.125413779,13.987459202));
#1049=VERTEX_POINT('',#1048);
#1050=CARTESIAN_POINT('',(-146.5198,-14.125413779,13.987459202));
#1051=DIRECTION('',(-0.,-1.,-0.));
#1052=VECTOR('',#1051,29.);
#1053=LINE('',#1050,#1052);
#1054=EDGE_CURVE('NONE',#1041,#1049,#1053,.T.);
#1055=ORIENTED_EDGE('',*,*,#1054,.T.);
#1056=CARTESIAN_POINT('',(-146.5198,-43.125413779,13.987459202));
#1057=DIRECTION('',(0.,-0.707106781,0.707106781));
#1058=VECTOR('',#1057,0.707106781);
#1059=LINE('',#1056,#1058);
#1060=EDGE_CURVE('NONE',#1049,#999,#1059,.T.);
#1061=ORIENTED_EDGE('',*,*,#1060,.T.);
#1062=EDGE_LOOP('',(#1007,#1015,#1023,#1031,#1039,#1047,#1055,#1061));
#1063=FACE_BOUND('',#1062,.T.);
#1064=CARTESIAN_POINT('',(-146.5198,3.1,22.669228416));
#1065=VERTEX_POINT('',#1064);
#1066=CARTESIAN_POINT('',(-146.5198,3.1,11.757459202));
#1067=VERTEX_POINT('',#1066);
#1068=CARTESIAN_POINT('',(-146.5198,3.1,22.669228416));
#1069=DIRECTION('',(-0.,-0.,-1.));
#1070=VECTOR('',#1069,10.911769214);
#1071=LINE('',#1068,#1070);
#1072=EDGE_CURVE('NONE',#1065,#1067,#1071,.T.);
#1073=ORIENTED_EDGE('',*,*,#1072,.F.);
#1074=CARTESIAN_POINT('',(-146.5198,-0.1,28.211791));
#1075=VERTEX_POINT('',#1074);
#1076=CARTESIAN_POINT('',(-146.5198,3.1,22.669228416));
#1077=DIRECTION('',(0.,-0.5,0.866025404));
#1078=VECTOR('',#1077,6.4);
#1079=LINE('',#1076,#1078);
#1080=EDGE_CURVE('NONE',#1065,#1075,#1079,.T.);
#1081=ORIENTED_EDGE('',*,*,#1080,.T.);
#1082=CARTESIAN_POINT('',(-146.5198,-0.1,24.257459202));
#1083=VERTEX_POINT('',#1082);
#1084=CARTESIAN_POINT('',(-146.5198,-0.1,28.211791));
#1085=DIRECTION('',(0.,0.,-1.));
#1086=VECTOR('',#1085,3.954331798);
#1087=LINE('',#1084,#1086);
#1088=EDGE_CURVE('',#1075,#1083,#1087,.T.);
#1089=ORIENTED_EDGE('',*,*,#1088,.T.);
#1090=CARTESIAN_POINT('',(-146.5198,-52.247438779,24.257459202));
#1091=VERTEX_POINT('',#1090);
#1092=CARTESIAN_POINT('',(-146.5198,-0.1,24.257459202));
#1093=DIRECTION('',(-0.,-1.,-0.));
#1094=VECTOR('',#1093,52.147438779);
#1095=LINE('',#1092,#1094);
#1096=EDGE_CURVE('NONE',#1083,#1091,#1095,.T.);
#1097=ORIENTED_EDGE('',*,*,#1096,.T.);
#1098=CARTESIAN_POINT('',(-146.5198,-52.247438779,11.757459202));
#1099=VERTEX_POINT('',#1098);
#1100=CARTESIAN_POINT('',(-146.5198,-52.247438779,24.257459202));
#1101=DIRECTION('',(-0.,-0.,-1.));
#1102=VECTOR('',#1101,12.5);
#1103=LINE('',#1100,#1102);
#1104=EDGE_CURVE('NONE',#1091,#1099,#1103,.T.);
#1105=ORIENTED_EDGE('',*,*,#1104,.T.);
#1106=CARTESIAN_POINT('',(-146.5198,-52.247438779,11.757459202));
#1107=DIRECTION('',(0.,1.,0.));
#1108=VECTOR('',#1107,55.347438779);
#1109=LINE('',#1106,#1108);
#1110=EDGE_CURVE('NONE',#1099,#1067,#1109,.T.);
#1111=ORIENTED_EDGE('',*,*,#1110,.T.);
#1112=EDGE_LOOP('',(#1073,#1081,#1089,#1097,#1105,#1111));
#1113=FACE_BOUND('',#1112,.T.);
#1114=ADVANCED_FACE('NONE',(#1063,#1113),#997,.F.);
#1115=CARTESIAN_POINT('',(149.666246609,-1.803388779,11.911012593));
#1116=DIRECTION('',(-0.707106781,0.,0.707106781));
#1117=DIRECTION('',(0.,1.,0.));
#1118=AXIS2_PLACEMENT_3D('',#1115,#1116,#1117);
#1119=PLANE('',#1118);
#1120=CARTESIAN_POINT('',(151.0198,-0.1,13.264565984));
#1121=DIRECTION('',(-0.707106781,0.,-0.707106781));
#1122=VECTOR('',#1121,2.414213563);
#1123=LINE('',#1120,#1122);
#1124=EDGE_CURVE('NONE',#552,#776,#1123,.T.);
#1125=ORIENTED_EDGE('',*,*,#1124,.F.);
#1126=ORIENTED_EDGE('',*,*,#581,.F.);
#1127=CARTESIAN_POINT('',(149.31269322,-52.747438779,11.557459202));
#1128=CARTESIAN_POINT('',(149.881728811,-52.747438778,12.126494797));
#1129=CARTESIAN_POINT('',(150.450764403,-52.747438777,12.695530391));
#1130=CARTESIAN_POINT('',(151.019799995,-52.747438775,13.264565986));
#1131=B_SPLINE_CURVE_WITH_KNOTS('',3,(#1127,#1128,#1129,#1130),.UNSPECIFIED.,.F.,.F.,(4,4),(0.,1.),.UNSPECIFIED.);
#1132=EDGE_CURVE('NONE',#784,#570,#1131,.T.);
#1133=ORIENTED_EDGE('',*,*,#1132,.F.);
#1134=ORIENTED_EDGE('',*,*,#789,.F.);
#1135=EDGE_LOOP('',(#1125,#1126,#1133,#1134));
#1136=FACE_BOUND('',#1135,.T.);
#1137=ADVANCED_FACE('NONE',(#1136),#1119,.F.);
#1138=CARTESIAN_POINT('',(-149.066246609,-1.803388779,11.911012593));
#1139=DIRECTION('',(-0.707106781,0.,-0.707106781));
#1140=DIRECTION('',(-0.707106781,0.,0.707106781));
#1141=AXIS2_PLACEMENT_3D('',#1138,#1139,#1140);
#1142=PLANE('',#1141);
#1143=ORIENTED_EDGE('',*,*,#615,.F.);
#1144=CARTESIAN_POINT('',(-150.4198,-0.1,13.264565984));
#1145=DIRECTION('',(0.707106781,0.,-0.707106781));
#1146=VECTOR('',#1145,2.414213564);
#1147=LINE('',#1144,#1146);
#1148=EDGE_CURVE('NONE',#602,#818,#1147,.T.);
#1149=ORIENTED_EDGE('',*,*,#1148,.T.);
#1150=ORIENTED_EDGE('',*,*,#823,.F.);
#1151=CARTESIAN_POINT('',(-150.419799995,-52.747438779,13.264565986));
#1152=CARTESIAN_POINT('',(-149.850764403,-52.747438779,12.695530391));
#1153=CARTESIAN_POINT('',(-149.281728811,-52.747438779,12.126494796));
#1154=CARTESIAN_POINT('',(-148.712693218,-52.747438779,11.5574592));
#1155=B_SPLINE_CURVE_WITH_KNOTS('',3,(#1151,#1152,#1153,#1154),.UNSPECIFIED.,.F.,.F.,(4,4),(0.,1.),.UNSPECIFIED.);
#1156=EDGE_CURVE('NONE',#610,#809,#1155,.T.);
#1157=ORIENTED_EDGE('',*,*,#1156,.F.);
#1158=EDGE_LOOP('',(#1143,#1149,#1150,#1157));
#1159=FACE_BOUND('',#1158,.T.);
#1160=ADVANCED_FACE('NONE',(#1159),#1142,.T.);
#1161=CARTESIAN_POINT('',(-149.924825253,28.868636221,28.762484455));
#1162=DIRECTION('',(-0.707106781,0.,0.707106781));
#1163=DIRECTION('',(0.,1.,0.));
#1164=AXIS2_PLACEMENT_3D('',#1161,#1162,#1163);
#1165=PLANE('',#1164);
#1166=CARTESIAN_POINT('',(-148.429850507,-52.747438779,30.257459204));
#1167=CARTESIAN_POINT('',(-149.093167003,-52.747438778,29.594142704));
#1168=CARTESIAN_POINT('',(-149.7564835,-52.747438778,28.930826204));
#1169=CARTESIAN_POINT('',(-150.419799996,-52.747438777,28.267509703));
#1170=B_SPLINE_CURVE_WITH_KNOTS('',3,(#1166,#1167,#1168,#1169),.UNSPECIFIED.,.F.,.F.,(4,4),(0.,1.),.UNSPECIFIED.);
#1171=EDGE_CURVE('NONE',#176,#592,#1170,.T.);
#1172=ORIENTED_EDGE('',*,*,#1171,.F.);
#1173=ORIENTED_EDGE('',*,*,#181,.F.);
#1174=CARTESIAN_POINT('',(-148.429850506,-0.1,30.257459202));
#1175=DIRECTION('',(-0.707106781,0.,-0.707106781));
#1176=VECTOR('',#1175,2.814213565);
#1177=LINE('',#1174,#1176);
#1178=EDGE_CURVE('NONE',#168,#594,#1177,.T.);
#1179=ORIENTED_EDGE('',*,*,#1178,.T.);
#1180=ORIENTED_EDGE('',*,*,#599,.F.);
#1181=EDGE_LOOP('',(#1172,#1173,#1179,#1180));
#1182=FACE_BOUND('',#1181,.T.);
#1183=ADVANCED_FACE('NONE',(#1182),#1165,.T.);
#1184=CARTESIAN_POINT('',(150.524825253,28.868636221,28.762484455));
#1185=DIRECTION('',(-0.707106781,0.,-0.707106781));
#1186=DIRECTION('',(-0.707106781,0.,0.707106781));
#1187=AXIS2_PLACEMENT_3D('',#1184,#1185,#1186);
#1188=PLANE('',#1187);
#1189=CARTESIAN_POINT('',(151.019799997,-52.747438779,28.267509703));
#1190=CARTESIAN_POINT('',(150.3564835,-52.747438779,28.930826204));
#1191=CARTESIAN_POINT('',(149.693167003,-52.74743878,29.594142704));
#1192=CARTESIAN_POINT('',(149.029850506,-52.74743878,30.257459205));
#1193=B_SPLINE_CURVE_WITH_KNOTS('',3,(#1189,#1190,#1191,#1192),.UNSPECIFIED.,.F.,.F.,(4,4),(0.,1.),.UNSPECIFIED.);
#1194=EDGE_CURVE('NONE',#562,#201,#1193,.T.);
#1195=ORIENTED_EDGE('',*,*,#1194,.F.);
#1196=ORIENTED_EDGE('',*,*,#567,.F.);
#1197=CARTESIAN_POINT('',(149.029850506,-0.1,30.257459202));
#1198=DIRECTION('',(0.707106781,0.,-0.707106781));
#1199=VECTOR('',#1198,2.814213563);
#1200=LINE('',#1197,#1199);
#1201=EDGE_CURVE('NONE',#210,#554,#1200,.T.);
#1202=ORIENTED_EDGE('',*,*,#1201,.F.);
#1203=ORIENTED_EDGE('',*,*,#215,.F.);
#1204=EDGE_LOOP('',(#1195,#1196,#1202,#1203));
#1205=FACE_BOUND('',#1204,.T.);
#1206=ADVANCED_FACE('NONE',(#1205),#1188,.F.);
#1207=CARTESIAN_POINT('',(-146.5198,25.368636221,11.757459202));
#1208=DIRECTION('',(0.707106781,0.,-0.707106781));
#1209=DIRECTION('',(0.,-1.,0.));
#1210=AXIS2_PLACEMENT_3D('',#1207,#1208,#1209);
#1211=PLANE('',#1210);
#1212=ORIENTED_EDGE('',*,*,#907,.F.);
#1213=CARTESIAN_POINT('',(-146.7198,3.1,11.557459202));
#1214=DIRECTION('',(0.707106781,-0.,0.707106781));
#1215=VECTOR('',#1214,0.282842712);
#1216=LINE('',#1213,#1215);
#1217=EDGE_CURVE('NONE',#894,#1067,#1216,.T.);
#1218=ORIENTED_EDGE('',*,*,#1217,.T.);
#1219=ORIENTED_EDGE('',*,*,#1110,.F.);
#1220=CARTESIAN_POINT('',(-146.7198,-52.247438779,11.557459202));
#1221=CARTESIAN_POINT('',(-146.653133333,-52.247438779,11.624125869));
#1222=CARTESIAN_POINT('',(-146.586466667,-52.247438779,11.690792535));
#1223=CARTESIAN_POINT('',(-146.5198,-52.247438779,11.757459202));
#1224=B_SPLINE_CURVE_WITH_KNOTS('',3,(#1220,#1221,#1222,#1223),.UNSPECIFIED.,.F.,.F.,(4,4),(0.,0.282842712),.UNSPECIFIED.);
#1225=EDGE_CURVE('NONE',#902,#1099,#1224,.T.);
#1226=ORIENTED_EDGE('',*,*,#1225,.F.);
#1227=EDGE_LOOP('',(#1212,#1218,#1219,#1226));
#1228=FACE_BOUND('',#1227,.T.);
#1229=ADVANCED_FACE('NONE',(#1228),#1211,.T.);
#1230=CARTESIAN_POINT('',(143.9198,-2.003388779,11.757459202));
#1231=DIRECTION('',(0.707106781,0.,0.707106781));
#1232=DIRECTION('',(0.,-1.,0.));
#1233=AXIS2_PLACEMENT_3D('',#1230,#1231,#1232);
#1234=PLANE('',#1233);
#1235=CARTESIAN_POINT('',(144.1198,-0.1,11.557459202));
#1236=DIRECTION('',(-0.707106781,0.,0.707106781));
#1237=VECTOR('',#1236,0.282842712);
#1238=LINE('',#1235,#1237);
#1239=EDGE_CURVE('NONE',#960,#112,#1238,.T.);
#1240=ORIENTED_EDGE('',*,*,#1239,.F.);
#1241=ORIENTED_EDGE('',*,*,#965,.F.);
#1242=CARTESIAN_POINT('',(144.1198,-20.220546066,11.557459202));
#1243=DIRECTION('',(-0.678598344,-0.281084639,0.678598344));
#1244=VECTOR('',#1243,0.294725152);
#1245=LINE('',#1242,#1244);
#1246=EDGE_CURVE('NONE',#952,#120,#1245,.T.);
#1247=ORIENTED_EDGE('',*,*,#1246,.T.);
#1248=ORIENTED_EDGE('',*,*,#125,.F.);
#1249=EDGE_LOOP('',(#1240,#1241,#1247,#1248));
#1250=FACE_BOUND('',#1249,.T.);
#1251=ADVANCED_FACE('NONE',(#1250),#1234,.F.);
#1252=CARTESIAN_POINT('',(-146.5198,25.368636221,24.257459202));
#1253=DIRECTION('',(0.707106781,0.,-0.707106781));
#1254=DIRECTION('',(0.,-1.,0.));
#1255=AXIS2_PLACEMENT_3D('',#1252,#1253,#1254);
#1256=PLANE('',#1255);
#1257=ORIENTED_EDGE('',*,*,#1096,.F.);
#1258=CARTESIAN_POINT('',(-146.5198,-0.1,24.257459202));
#1259=DIRECTION('',(0.707106781,0.,0.707106781));
#1260=VECTOR('',#1259,0.282842712);
#1261=LINE('',#1258,#1260);
#1262=EDGE_CURVE('NONE',#1083,#370,#1261,.T.);
#1263=ORIENTED_EDGE('',*,*,#1262,.T.);
#1264=ORIENTED_EDGE('',*,*,#541,.F.);
#1265=CARTESIAN_POINT('',(-146.5198,-52.247438779,24.257459202));
#1266=CARTESIAN_POINT('',(-146.453133333,-52.247438779,24.324125869));
#1267=CARTESIAN_POINT('',(-146.386466667,-52.247438779,24.390792535));
#1268=CARTESIAN_POINT('',(-146.3198,-52.247438779,24.457459202));
#1269=B_SPLINE_CURVE_WITH_KNOTS('',3,(#1265,#1266,#1267,#1268),.UNSPECIFIED.,.F.,.F.,(4,4),(0.,0.282842712),.UNSPECIFIED.);
#1270=EDGE_CURVE('NONE',#1091,#529,#1269,.T.);
#1271=ORIENTED_EDGE('',*,*,#1270,.F.);
#1272=EDGE_LOOP('',(#1257,#1263,#1264,#1271));
#1273=FACE_BOUND('',#1272,.T.);
#1274=ADVANCED_FACE('NONE',(#1273),#1256,.T.);
#1275=CARTESIAN_POINT('',(144.5198,-2.003388779,30.257459202));
#1276=DIRECTION('',(0.707106781,0.,-0.707106781));
#1277=DIRECTION('',(0.,-1.,0.));
#1278=AXIS2_PLACEMENT_3D('',#1275,#1276,#1277);
#1279=PLANE('',#1278);
#1280=CARTESIAN_POINT('',(144.5198,-29.19405,30.257459202));
#1281=CARTESIAN_POINT('',(144.3198,-29.19405,30.057459202));
#1282=CARTESIAN_POINT('',(144.1198,-29.19405,29.857459202));
#1283=CARTESIAN_POINT('',(143.919800001,-29.19405,29.657459201));
#1284=B_SPLINE_CURVE_WITH_KNOTS('',3,(#1280,#1281,#1282,#1283),.UNSPECIFIED.,.F.,.F.,(4,4),(0.,0.848528137),.UNSPECIFIED.);
#1285=EDGE_CURVE('NONE',#226,#102,#1284,.T.);
#1286=ORIENTED_EDGE('',*,*,#1285,.F.);
#1287=ORIENTED_EDGE('',*,*,#231,.F.);
#1288=CARTESIAN_POINT('',(143.9198,-0.1,29.657459202));
#1289=DIRECTION('',(0.707106781,0.,0.707106781));
#1290=VECTOR('',#1289,0.848528137);
#1291=LINE('',#1288,#1290);
#1292=EDGE_CURVE('NONE',#104,#218,#1291,.T.);
#1293=ORIENTED_EDGE('',*,*,#1292,.F.);
#1294=ORIENTED_EDGE('',*,*,#109,.F.);
#1295=EDGE_LOOP('',(#1286,#1287,#1293,#1294));
#1296=FACE_BOUND('',#1295,.T.);
#1297=ADVANCED_FACE('NONE',(#1296),#1279,.F.);
#1298=CARTESIAN_POINT('',(-143.9198,-2.003388779,30.257459202));
#1299=DIRECTION('',(-0.707106781,0.,-0.707106781));
#1300=DIRECTION('',(-0.707106781,0.,0.707106781));
#1301=AXIS2_PLACEMENT_3D('',#1298,#1299,#1300);
#1302=PLANE('',#1301);
#1303=CARTESIAN_POINT('',(-143.319800001,-29.197438779,29.657459201));
#1304=DIRECTION('',(-0.707106781,0.,0.707106782));
#1305=VECTOR('',#1304,0.848528137);
#1306=LINE('',#1303,#1305);
#1307=EDGE_CURVE('NONE',#642,#158,#1306,.T.);
#1308=ORIENTED_EDGE('',*,*,#1307,.F.);
#1309=ORIENTED_EDGE('',*,*,#647,.F.);
#1310=CARTESIAN_POINT('',(-143.9198,-0.1,30.257459202));
#1311=DIRECTION('',(0.707106781,0.,-0.707106781));
#1312=VECTOR('',#1311,0.848528137);
#1313=LINE('',#1310,#1312);
#1314=EDGE_CURVE('NONE',#160,#634,#1313,.T.);
#1315=ORIENTED_EDGE('',*,*,#1314,.F.);
#1316=ORIENTED_EDGE('',*,*,#165,.F.);
#1317=EDGE_LOOP('',(#1308,#1309,#1315,#1316));
#1318=FACE_BOUND('',#1317,.T.);
#1319=ADVANCED_FACE('NONE',(#1318),#1302,.F.);
#1320=CARTESIAN_POINT('',(-143.3198,-2.003388779,24.657459202));
#1321=DIRECTION('',(0.707106781,0.,-0.707106781));
#1322=DIRECTION('',(0.,-1.,0.));
#1323=AXIS2_PLACEMENT_3D('',#1320,#1321,#1322);
#1324=PLANE('',#1323);
#1325=ORIENTED_EDGE('',*,*,#383,.F.);
#1326=CARTESIAN_POINT('',(-143.5198,-0.1,24.457459202));
#1327=DIRECTION('',(0.707106781,0.,0.707106781));
#1328=VECTOR('',#1327,0.282842712);
#1329=LINE('',#1326,#1328);
#1330=EDGE_CURVE('NONE',#368,#632,#1329,.T.);
#1331=ORIENTED_EDGE('',*,*,#1330,.T.);
#1332=ORIENTED_EDGE('',*,*,#661,.F.);
#1333=CARTESIAN_POINT('',(-143.3198,-29.197438779,24.657459202));
#1334=DIRECTION('',(-0.707106781,0.,-0.707106781));
#1335=VECTOR('',#1334,0.282842712);
#1336=LINE('',#1333,#1335);
#1337=EDGE_CURVE('NONE',#650,#378,#1336,.T.);
#1338=ORIENTED_EDGE('',*,*,#1337,.T.);
#1339=EDGE_LOOP('',(#1325,#1331,#1332,#1338));
#1340=FACE_BOUND('',#1339,.T.);
#1341=ADVANCED_FACE('NONE',(#1340),#1324,.T.);
#1342=CARTESIAN_POINT('',(0.3,-50.247438779,6.257459202));
#1343=DIRECTION('',(0.,1.,0.));
#1344=DIRECTION('',(1.,0.,0.));
#1345=AXIS2_PLACEMENT_3D('',#1342,#1343,#1344);
#1346=PLANE('',#1345);
#1347=ORIENTED_EDGE('',*,*,#349,.T.);
#1348=CARTESIAN_POINT('',(126.424906052,-50.247438779,25.457459202));
#1349=VERTEX_POINT('',#1348);
#1350=CARTESIAN_POINT('',(125.424906052,-50.247438779,24.457459202));
#1351=DIRECTION('',(0.707106781,0.,0.707106781));
#1352=VECTOR('',#1351,1.414213562);
#1353=LINE('',#1350,#1352);
#1354=EDGE_CURVE('NONE',#336,#1349,#1353,.T.);
#1355=ORIENTED_EDGE('',*,*,#1354,.T.);
#1356=CARTESIAN_POINT('',(126.424906052,-50.247438779,25.657459202));
#1357=VERTEX_POINT('',#1356);
#1358=CARTESIAN_POINT('',(126.424906052,-50.247438779,25.457459202));
#1359=DIRECTION('',(-0.,-0.,1.));
#1360=VECTOR('',#1359,0.2);
#1361=LINE('',#1358,#1360);
#1362=EDGE_CURVE('NONE',#1349,#1357,#1361,.T.);
#1363=ORIENTED_EDGE('',*,*,#1362,.T.);
#1364=CARTESIAN_POINT('',(136.514906052,-50.247438779,25.657459202));
#1365=VERTEX_POINT('',#1364);
#1366=CARTESIAN_POINT('',(136.514906052,-50.247438779,25.657459202));
#1367=DIRECTION('',(-1.,0.,0.));
#1368=VECTOR('',#1367,10.09);
#1369=LINE('',#1366,#1368);
#1370=EDGE_CURVE('NONE',#1365,#1357,#1369,.T.);
#1371=ORIENTED_EDGE('',*,*,#1370,.F.);
#1372=CARTESIAN_POINT('',(136.514906052,-50.247438779,25.457459202));
#1373=VERTEX_POINT('',#1372);
#1374=CARTESIAN_POINT('',(136.514906052,-50.247438779,25.457459202));
#1375=DIRECTION('',(0.,0.,1.));
#1376=VECTOR('',#1375,0.2);
#1377=LINE('',#1374,#1376);
#1378=EDGE_CURVE('NONE',#1373,#1365,#1377,.T.);
#1379=ORIENTED_EDGE('',*,*,#1378,.F.);
#1380=CARTESIAN_POINT('',(136.514906052,-50.247438779,25.457459202));
#1381=DIRECTION('',(0.707106781,0.,-0.707106781));
#1382=VECTOR('',#1381,1.414213562);
#1383=LINE('',#1380,#1382);
#1384=EDGE_CURVE('NONE',#1373,#344,#1383,.T.);
#1385=ORIENTED_EDGE('',*,*,#1384,.T.);
#1386=EDGE_LOOP('',(#1347,#1355,#1363,#1371,#1379,#1385));
#1387=FACE_BOUND('',#1386,.T.);
#1388=ADVANCED_FACE('NONE',(#1387),#1346,.T.);
#1389=CARTESIAN_POINT('',(0.3,-50.247438779,6.257459202));
#1390=DIRECTION('',(0.,1.,0.));
#1391=DIRECTION('',(1.,0.,0.));
#1392=AXIS2_PLACEMENT_3D('',#1389,#1390,#1391);
#1393=PLANE('',#1392);
#1394=CARTESIAN_POINT('',(94.470824772,-50.247438779,29.657459202));
#1395=VERTEX_POINT('',#1394);
#1396=CARTESIAN_POINT('',(94.470790219,-50.247438779,24.657459202));
#1397=VERTEX_POINT('',#1396);
#1398=CARTESIAN_POINT('',(94.470790219,-50.247438779,29.657459202));
#1399=DIRECTION('',(0.,0.,-1.));
#1400=VECTOR('',#1399,5.);
#1401=LINE('',#1398,#1400);
#1402=EDGE_CURVE('NONE',#1395,#1397,#1401,.T.);
#1403=ORIENTED_EDGE('',*,*,#1402,.T.);
#1404=CARTESIAN_POINT('',(-112.9198,-50.247438779,24.657459202));
#1405=VERTEX_POINT('',#1404);
#1406=CARTESIAN_POINT('',(94.470790219,-50.247438779,24.657459202));
#1407=DIRECTION('',(-1.,-0.,0.));
#1408=VECTOR('',#1407,207.390590219);
#1409=LINE('',#1406,#1408);
#1410=EDGE_CURVE('NONE',#1397,#1405,#1409,.T.);
#1411=ORIENTED_EDGE('',*,*,#1410,.T.);
#1412=CARTESIAN_POINT('',(-112.9198,-50.247438779,29.657459202));
#1413=VERTEX_POINT('',#1412);
#1414=CARTESIAN_POINT('',(-112.9198,-50.247438779,24.657459202));
#1415=DIRECTION('',(-0.,-0.,1.));
#1416=VECTOR('',#1415,5.);
#1417=LINE('',#1414,#1416);
#1418=EDGE_CURVE('NONE',#1405,#1413,#1417,.T.);
#1419=ORIENTED_EDGE('',*,*,#1418,.T.);
#1420=CARTESIAN_POINT('',(-112.9198,-50.247438779,29.657459202));
#1421=DIRECTION('',(1.,0.,-0.));
#1422=VECTOR('',#1421,207.390624772);
#1423=LINE('',#1420,#1422);
#1424=EDGE_CURVE('NONE',#1413,#1395,#1423,.T.);
#1425=ORIENTED_EDGE('',*,*,#1424,.T.);
#1426=EDGE_LOOP('',(#1403,#1411,#1419,#1425));
#1427=FACE_BOUND('',#1426,.T.);
#1428=CARTESIAN_POINT('',(5.26,-50.247438779,28.657459202));
#1429=VERTEX_POINT('',#1428);
#1430=CARTESIAN_POINT('',(5.26,-50.247438779,25.657459202));
#1431=VERTEX_POINT('',#1430);
#1432=CARTESIAN_POINT('',(5.26,-50.247438779,28.657459202));
#1433=DIRECTION('',(-0.,-0.,-1.));
#1434=VECTOR('',#1433,3.);
#1435=LINE('',#1432,#1434);
#1436=EDGE_CURVE('NONE',#1429,#1431,#1435,.T.);
#1437=ORIENTED_EDGE('',*,*,#1436,.F.);
#1438=CARTESIAN_POINT('',(-4.83,-50.247438779,28.657459202));
#1439=VERTEX_POINT('',#1438);
#1440=CARTESIAN_POINT('',(-4.83,-50.247438779,28.657459202));
#1441=DIRECTION('',(1.,0.,-0.));
#1442=VECTOR('',#1441,10.09);
#1443=LINE('',#1440,#1442);
#1444=EDGE_CURVE('NONE',#1439,#1429,#1443,.T.);
#1445=ORIENTED_EDGE('',*,*,#1444,.F.);
#1446=CARTESIAN_POINT('',(-4.83,-50.247438779,25.657459202));
#1447=VERTEX_POINT('',#1446);
#1448=CARTESIAN_POINT('',(-4.83,-50.247438779,28.657459202));
#1449=DIRECTION('',(0.,0.,-1.));
#1450=VECTOR('',#1449,3.);
#1451=LINE('',#1448,#1450);
#1452=EDGE_CURVE('NONE',#1439,#1447,#1451,.T.);
#1453=ORIENTED_EDGE('',*,*,#1452,.T.);
#1454=CARTESIAN_POINT('',(5.26,-50.247438779,25.657459202));
#1455=DIRECTION('',(-1.,0.,0.));
#1456=VECTOR('',#1455,10.09);
#1457=LINE('',#1454,#1456);
#1458=EDGE_CURVE('NONE',#1431,#1447,#1457,.T.);
#1459=ORIENTED_EDGE('',*,*,#1458,.F.);
#1460=EDGE_LOOP('',(#1437,#1445,#1453,#1459));
#1461=FACE_BOUND('',#1460,.T.);
#1462=ADVANCED_FACE('NONE',(#1427,#1461),#1393,.T.);
#1463=CARTESIAN_POINT('',(0.215,-51.447438779,25.657459202));
#1464=DIRECTION('',(0.,0.,-1.));
#1465=DIRECTION('',(0.,-1.,0.));
#1466=AXIS2_PLACEMENT_3D('',#1463,#1464,#1465);
#1467=PLANE('',#1466);
#1468=ORIENTED_EDGE('',*,*,#1458,.T.);
#1469=CARTESIAN_POINT('',(-4.83,-56.747438779,25.657459202));
#1470=VERTEX_POINT('',#1469);
#1471=CARTESIAN_POINT('',(-4.83,-56.747438779,25.657459202));
#1472=DIRECTION('',(0.,1.,0.));
#1473=VECTOR('',#1472,6.5);
#1474=LINE('',#1471,#1473);
#1475=EDGE_CURVE('NONE',#1470,#1447,#1474,.T.);
#1476=ORIENTED_EDGE('',*,*,#1475,.F.);
#1477=CARTESIAN_POINT('',(5.26,-56.747438779,25.657459202));
#1478=VERTEX_POINT('',#1477);
#1479=CARTESIAN_POINT('',(5.26,-56.747438779,25.657459202));
#1480=DIRECTION('',(-1.,-0.,0.));
#1481=VECTOR('',#1480,10.09);
#1482=LINE('',#1479,#1481);
#1483=EDGE_CURVE('NONE',#1478,#1470,#1482,.T.);
#1484=ORIENTED_EDGE('',*,*,#1483,.F.);
#1485=CARTESIAN_POINT('',(5.26,-56.747438779,25.657459202));
#1486=DIRECTION('',(-0.,1.,-0.));
#1487=VECTOR('',#1486,6.5);
#1488=LINE('',#1485,#1487);
#1489=EDGE_CURVE('NONE',#1478,#1431,#1488,.T.);
#1490=ORIENTED_EDGE('',*,*,#1489,.T.);
#1491=EDGE_LOOP('',(#1468,#1476,#1484,#1490));
#1492=FACE_BOUND('',#1491,.T.);
#1493=ADVANCED_FACE('NONE',(#1492),#1467,.F.);
#1494=CARTESIAN_POINT('',(0.215,-51.447438779,28.657459202));
#1495=DIRECTION('',(0.,0.,1.));
#1496=DIRECTION('',(1.,0.,0.));
#1497=AXIS2_PLACEMENT_3D('',#1494,#1495,#1496);
#1498=PLANE('',#1497);
#1499=ORIENTED_EDGE('',*,*,#1444,.T.);
#1500=CARTESIAN_POINT('',(5.26,-56.747438779,28.657459202));
#1501=VERTEX_POINT('',#1500);
#1502=CARTESIAN_POINT('',(5.26,-56.747438779,28.657459202));
#1503=DIRECTION('',(0.,1.,0.));
#1504=VECTOR('',#1503,6.5);
#1505=LINE('',#1502,#1504);
#1506=EDGE_CURVE('NONE',#1501,#1429,#1505,.T.);
#1507=ORIENTED_EDGE('',*,*,#1506,.F.);
#1508=CARTESIAN_POINT('',(-4.83,-56.747438779,28.657459202));
#1509=VERTEX_POINT('',#1508);
#1510=CARTESIAN_POINT('',(-4.83,-56.747438779,28.657459202));
#1511=DIRECTION('',(1.,0.,-0.));
#1512=VECTOR('',#1511,10.09);
#1513=LINE('',#1510,#1512);
#1514=EDGE_CURVE('NONE',#1509,#1501,#1513,.T.);
#1515=ORIENTED_EDGE('',*,*,#1514,.F.);
#1516=CARTESIAN_POINT('',(-4.83,-56.747438779,28.657459202));
#1517=DIRECTION('',(0.,1.,0.));
#1518=VECTOR('',#1517,6.5);
#1519=LINE('',#1516,#1518);
#1520=EDGE_CURVE('NONE',#1509,#1439,#1519,.T.);
#1521=ORIENTED_EDGE('',*,*,#1520,.T.);
#1522=EDGE_LOOP('',(#1499,#1507,#1515,#1521));
#1523=FACE_BOUND('',#1522,.T.);
#1524=ADVANCED_FACE('NONE',(#1523),#1498,.F.);
#1525=CARTESIAN_POINT('',(164.269906052,-57.147438779,28.657459202));
#1526=DIRECTION('',(0.,0.,1.));
#1527=DIRECTION('',(1.,0.,0.));
#1528=AXIS2_PLACEMENT_3D('',#1525,#1526,#1527);
#1529=PLANE('',#1528);
#1530=CARTESIAN_POINT('',(126.424906052,-56.747438779,28.657459202));
#1531=VERTEX_POINT('',#1530);
#1532=CARTESIAN_POINT('',(126.424906052,-42.247438779,28.657459202));
#1533=VERTEX_POINT('',#1532);
#1534=CARTESIAN_POINT('',(126.424906052,-56.747438779,28.657459202));
#1535=DIRECTION('',(0.,1.,0.));
#1536=VECTOR('',#1535,14.5);
#1537=LINE('',#1534,#1536);
#1538=EDGE_CURVE('NONE',#1531,#1533,#1537,.T.);
#1539=ORIENTED_EDGE('',*,*,#1538,.T.);
#1540=CARTESIAN_POINT('',(136.514906052,-42.247438779,28.657459202));
#1541=VERTEX_POINT('',#1540);
#1542=CARTESIAN_POINT('',(136.514906052,-42.247438779,28.657459202));
#1543=DIRECTION('',(-1.,-0.,0.));
#1544=VECTOR('',#1543,10.09);
#1545=LINE('',#1542,#1544);
#1546=EDGE_CURVE('NONE',#1541,#1533,#1545,.T.);
#1547=ORIENTED_EDGE('',*,*,#1546,.F.);
#1548=CARTESIAN_POINT('',(136.514906052,-56.747438779,28.657459202));
#1549=VERTEX_POINT('',#1548);
#1550=CARTESIAN_POINT('',(136.514906052,-56.747438779,28.657459202));
#1551=DIRECTION('',(0.,1.,0.));
#1552=VECTOR('',#1551,14.5);
#1553=LINE('',#1550,#1552);
#1554=EDGE_CURVE('NONE',#1549,#1541,#1553,.T.);
#1555=ORIENTED_EDGE('',*,*,#1554,.F.);
#1556=CARTESIAN_POINT('',(126.424906052,-56.747438779,28.657459202));
#1557=DIRECTION('',(1.,0.,-0.));
#1558=VECTOR('',#1557,10.09);
#1559=LINE('',#1556,#1558);
#1560=EDGE_CURVE('NONE',#1531,#1549,#1559,.T.);
#1561=ORIENTED_EDGE('',*,*,#1560,.F.);
#1562=EDGE_LOOP('',(#1539,#1547,#1555,#1561));
#1563=FACE_BOUND('',#1562,.T.);
#1564=ADVANCED_FACE('NONE',(#1563),#1529,.F.);
#1565=CARTESIAN_POINT('',(164.269906052,-57.147438779,25.657459202));
#1566=DIRECTION('',(0.,0.,-1.));
#1567=DIRECTION('',(0.,-1.,0.));
#1568=AXIS2_PLACEMENT_3D('',#1565,#1566,#1567);
#1569=PLANE('',#1568);
#1570=ORIENTED_EDGE('',*,*,#1370,.T.);
#1571=CARTESIAN_POINT('',(126.424906052,-56.747438779,25.657459202));
#1572=VERTEX_POINT('',#1571);
#1573=CARTESIAN_POINT('',(126.424906052,-56.747438779,25.657459202));
#1574=DIRECTION('',(0.,1.,0.));
#1575=VECTOR('',#1574,6.5);
#1576=LINE('',#1573,#1575);
#1577=EDGE_CURVE('NONE',#1572,#1357,#1576,.T.);
#1578=ORIENTED_EDGE('',*,*,#1577,.F.);
#1579=CARTESIAN_POINT('',(136.514906052,-56.747438779,25.657459202));
#1580=VERTEX_POINT('',#1579);
#1581=CARTESIAN_POINT('',(136.514906052,-56.747438779,25.657459202));
#1582=DIRECTION('',(-1.,-0.,0.));
#1583=VECTOR('',#1582,10.09);
#1584=LINE('',#1581,#1583);
#1585=EDGE_CURVE('NONE',#1580,#1572,#1584,.T.);
#1586=ORIENTED_EDGE('',*,*,#1585,.F.);
#1587=CARTESIAN_POINT('',(136.514906052,-56.747438779,25.657459202));
#1588=DIRECTION('',(-0.,1.,-0.));
#1589=VECTOR('',#1588,6.5);
#1590=LINE('',#1587,#1589);
#1591=EDGE_CURVE('NONE',#1580,#1365,#1590,.T.);
#1592=ORIENTED_EDGE('',*,*,#1591,.T.);
#1593=EDGE_LOOP('',(#1570,#1578,#1586,#1592));
#1594=FACE_BOUND('',#1593,.T.);
#1595=ADVANCED_FACE('NONE',(#1594),#1569,.F.);
#1596=CARTESIAN_POINT('',(146.7198,25.368636221,24.957459202));
#1597=DIRECTION('',(1.,0.,0.));
#1598=DIRECTION('',(0.,1.,0.));
#1599=AXIS2_PLACEMENT_3D('',#1596,#1597,#1598);
#1600=PLANE('',#1599);
#1601=CARTESIAN_POINT('',(146.7198,-52.147438779,11.757459202));
#1602=VERTEX_POINT('',#1601);
#1603=CARTESIAN_POINT('',(146.7198,-52.147438779,24.257459202));
#1604=VERTEX_POINT('',#1603);
#1605=CARTESIAN_POINT('',(146.7198,-52.147438779,11.757459202));
#1606=DIRECTION('',(0.,0.,1.));
#1607=VECTOR('',#1606,12.5);
#1608=LINE('',#1605,#1607);
#1609=EDGE_CURVE('NONE',#1602,#1604,#1608,.T.);
#1610=ORIENTED_EDGE('',*,*,#1609,.T.);
#1611=CARTESIAN_POINT('',(146.7198,-21.003388779,24.257459202));
#1612=VERTEX_POINT('',#1611);
#1613=CARTESIAN_POINT('',(146.7198,-52.147438779,24.257459202));
#1614=DIRECTION('',(0.,1.,0.));
#1615=VECTOR('',#1614,31.14405);
#1616=LINE('',#1613,#1615);
#1617=EDGE_CURVE('NONE',#1604,#1612,#1616,.T.);
#1618=ORIENTED_EDGE('',*,*,#1617,.T.);
#1619=CARTESIAN_POINT('',(146.7198,-21.003388779,11.757459202));
#1620=VERTEX_POINT('',#1619);
#1621=CARTESIAN_POINT('',(146.7198,-21.003388779,11.757459202));
#1622=DIRECTION('',(-0.,-0.,1.));
#1623=VECTOR('',#1622,12.5);
#1624=LINE('',#1621,#1623);
#1625=EDGE_CURVE('NONE',#1620,#1612,#1624,.T.);
#1626=ORIENTED_EDGE('',*,*,#1625,.F.);
#1627=CARTESIAN_POINT('',(146.7198,-21.003388779,11.757459202));
#1628=DIRECTION('',(-0.,-1.,-0.));
#1629=VECTOR('',#1628,31.14405);
#1630=LINE('',#1627,#1629);
#1631=EDGE_CURVE('NONE',#1620,#1602,#1630,.T.);
#1632=ORIENTED_EDGE('',*,*,#1631,.T.);
#1633=EDGE_LOOP('',(#1610,#1618,#1626,#1632));
#1634=FACE_BOUND('',#1633,.T.);
#1635=ADVANCED_FACE('NONE',(#1634),#1600,.F.);
#1636=CARTESIAN_POINT('',(-72.8099,-57.247438779,24.957459202));
#1637=DIRECTION('',(0.,-1.,0.));
#1638=DIRECTION('',(0.,0.,-1.));
#1639=AXIS2_PLACEMENT_3D('',#1636,#1637,#1638);
#1640=PLANE('',#1639);
#1641=CARTESIAN_POINT('',(-141.5198,-57.247438779,11.757459202));
#1642=VERTEX_POINT('',#1641);
#1643=CARTESIAN_POINT('',(-141.5198,-57.247438779,24.257459202));
#1644=VERTEX_POINT('',#1643);
#1645=CARTESIAN_POINT('',(-141.5198,-57.247438779,11.757459202));
#1646=DIRECTION('',(-0.,-0.,1.));
#1647=VECTOR('',#1646,12.5);
#1648=LINE('',#1645,#1647);
#1649=EDGE_CURVE('NONE',#1642,#1644,#1648,.T.);
#1650=ORIENTED_EDGE('',*,*,#1649,.T.);
#1651=CARTESIAN_POINT('',(141.6198,-57.247438779,24.257459202));
#1652=VERTEX_POINT('',#1651);
#1653=CARTESIAN_POINT('',(-141.5198,-57.247438779,24.257459202));
#1654=DIRECTION('',(1.,0.,-0.));
#1655=VECTOR('',#1654,283.1396);
#1656=LINE('',#1653,#1655);
#1657=EDGE_CURVE('NONE',#1644,#1652,#1656,.T.);
#1658=ORIENTED_EDGE('',*,*,#1657,.T.);
#1659=CARTESIAN_POINT('',(141.6198,-57.247438779,11.757459202));
#1660=VERTEX_POINT('',#1659);
#1661=CARTESIAN_POINT('',(141.6198,-57.247438779,24.257459202));
#1662=DIRECTION('',(0.,0.,-1.));
#1663=VECTOR('',#1662,12.5);
#1664=LINE('',#1661,#1663);
#1665=EDGE_CURVE('NONE',#1652,#1660,#1664,.T.);
#1666=ORIENTED_EDGE('',*,*,#1665,.T.);
#1667=CARTESIAN_POINT('',(141.6198,-57.247438779,11.757459202));
#1668=DIRECTION('',(-1.,-0.,0.));
#1669=VECTOR('',#1668,283.1396);
#1670=LINE('',#1667,#1669);
#1671=EDGE_CURVE('NONE',#1660,#1642,#1670,.T.);
#1672=ORIENTED_EDGE('',*,*,#1671,.T.);
#1673=EDGE_LOOP('',(#1650,#1658,#1666,#1672));
#1674=FACE_BOUND('',#1673,.T.);
#1675=ADVANCED_FACE('NONE',(#1674),#1640,.F.);
#1676=CARTESIAN_POINT('',(141.6198,-52.147438779,24.957459202));
#1677=DIRECTION('',(0.,0.,1.));
#1678=DIRECTION('',(1.,0.,-0.));
#1679=AXIS2_PLACEMENT_3D('',#1676,#1677,#1678);
#1680=CYLINDRICAL_SURFACE('',#1679,5.1);
#1681=ORIENTED_EDGE('',*,*,#1665,.F.);
#1682=CARTESIAN_POINT('',(141.6198,-52.147438779,24.257459202));
#1683=DIRECTION('',(0.,0.,1.));
#1684=DIRECTION('',(1.,0.,-0.));
#1685=AXIS2_PLACEMENT_3D('',#1682,#1683,#1684);
#1686=CIRCLE('',#1685,5.1);
#1687=EDGE_CURVE('NONE',#1652,#1604,#1686,.T.);
#1688=ORIENTED_EDGE('',*,*,#1687,.T.);
#1689=ORIENTED_EDGE('',*,*,#1609,.F.);
#1690=CARTESIAN_POINT('',(141.6198,-52.147438779,11.757459202));
#1691=DIRECTION('',(-0.,-0.,-1.));
#1692=DIRECTION('',(1.,0.,-0.));
#1693=AXIS2_PLACEMENT_3D('',#1690,#1691,#1692);
#1694=CIRCLE('',#1693,5.1);
#1695=EDGE_CURVE('NONE',#1602,#1660,#1694,.T.);
#1696=ORIENTED_EDGE('',*,*,#1695,.T.);
#1697=EDGE_LOOP('',(#1681,#1688,#1689,#1696));
#1698=FACE_BOUND('',#1697,.T.);
#1699=ADVANCED_FACE('NONE',(#1698),#1680,.F.);
#1700=CARTESIAN_POINT('',(-141.5198,-52.247438779,24.967459202));
#1701=DIRECTION('',(0.,0.,1.));
#1702=DIRECTION('',(1.,0.,-0.));
#1703=AXIS2_PLACEMENT_3D('',#1700,#1701,#1702);
#1704=CYLINDRICAL_SURFACE('',#1703,5.);
#1705=ORIENTED_EDGE('',*,*,#1104,.F.);
#1706=CARTESIAN_POINT('',(-141.5198,-52.247438779,24.257459202));
#1707=DIRECTION('',(0.,0.,1.));
#1708=DIRECTION('',(1.,0.,-0.));
#1709=AXIS2_PLACEMENT_3D('',#1706,#1707,#1708);
#1710=CIRCLE('',#1709,5.);
#1711=EDGE_CURVE('NONE',#1091,#1644,#1710,.T.);
#1712=ORIENTED_EDGE('',*,*,#1711,.T.);
#1713=ORIENTED_EDGE('',*,*,#1649,.F.);
#1714=CARTESIAN_POINT('',(-141.5198,-52.247438779,11.757459202));
#1715=DIRECTION('',(-0.,-0.,-1.));
#1716=DIRECTION('',(1.,0.,-0.));
#1717=AXIS2_PLACEMENT_3D('',#1714,#1715,#1716);
#1718=CIRCLE('',#1717,5.);
#1719=EDGE_CURVE('NONE',#1642,#1099,#1718,.T.);
#1720=ORIENTED_EDGE('',*,*,#1719,.T.);
#1721=EDGE_LOOP('',(#1705,#1712,#1713,#1720));
#1722=FACE_BOUND('',#1721,.T.);
#1723=ADVANCED_FACE('NONE',(#1722),#1704,.F.);
#1724=CARTESIAN_POINT('',(144.0198,-52.747438779,24.957459202));
#1725=DIRECTION('',(0.,0.,1.));
#1726=DIRECTION('',(1.,0.,-0.));
#1727=AXIS2_PLACEMENT_3D('',#1724,#1725,#1726);
#1728=CYLINDRICAL_SURFACE('',#1727,7.);
#1729=CARTESIAN_POINT('',(144.0198,-59.74743878,13.264565985));
#1730=VERTEX_POINT('',#1729);
#1731=CARTESIAN_POINT('',(144.0198,-52.747438779,13.264565985));
#1732=DIRECTION('',(0.,0.,1.));
#1733=DIRECTION('',(1.,0.,-0.));
#1734=AXIS2_PLACEMENT_3D('',#1731,#1732,#1733);
#1735=CIRCLE('',#1734,7.);
#1736=EDGE_CURVE('NONE',#1730,#570,#1735,.T.);
#1737=ORIENTED_EDGE('',*,*,#1736,.T.);
#1738=ORIENTED_EDGE('',*,*,#575,.F.);
#1739=CARTESIAN_POINT('',(144.0198,-59.747438781,28.267509706));
#1740=VERTEX_POINT('',#1739);
#1741=CARTESIAN_POINT('',(144.0198,-52.747438779,28.267509704));
#1742=DIRECTION('',(-0.,-0.,-1.));
#1743=DIRECTION('',(1.,0.,-0.));
#1744=AXIS2_PLACEMENT_3D('',#1741,#1742,#1743);
#1745=CIRCLE('',#1744,7.);
#1746=EDGE_CURVE('NONE',#562,#1740,#1745,.T.);
#1747=ORIENTED_EDGE('',*,*,#1746,.T.);
#1748=CARTESIAN_POINT('',(144.0198,-59.747438779,13.264565985));
#1749=DIRECTION('',(-0.,-0.,1.));
#1750=VECTOR('',#1749,15.002943721);
#1751=LINE('',#1748,#1750);
#1752=EDGE_CURVE('NONE',#1730,#1740,#1751,.T.);
#1753=ORIENTED_EDGE('',*,*,#1752,.F.);
#1754=EDGE_LOOP('',(#1737,#1738,#1747,#1753));
#1755=FACE_BOUND('',#1754,.T.);
#1756=ADVANCED_FACE('NONE',(#1755),#1728,.T.);
#1757=CARTESIAN_POINT('',(-143.4198,-52.747438779,24.957459202));
#1758=DIRECTION('',(0.,0.,-1.));
#1759=DIRECTION('',(-1.,0.,0.));
#1760=AXIS2_PLACEMENT_3D('',#1757,#1758,#1759);
#1761=CYLINDRICAL_SURFACE('',#1760,7.);
#1762=CARTESIAN_POINT('',(-143.4198,-59.747438781,28.267509706));
#1763=VERTEX_POINT('',#1762);
#1764=CARTESIAN_POINT('',(-143.4198,-59.74743878,13.264565985));
#1765=VERTEX_POINT('',#1764);
#1766=CARTESIAN_POINT('',(-143.4198,-59.747438779,28.267509706));
#1767=DIRECTION('',(0.,0.,-1.));
#1768=VECTOR('',#1767,15.002943721);
#1769=LINE('',#1766,#1768);
#1770=EDGE_CURVE('NONE',#1763,#1765,#1769,.T.);
#1771=ORIENTED_EDGE('',*,*,#1770,.F.);
#1772=CARTESIAN_POINT('',(-143.4198,-52.747438779,28.267509704));
#1773=DIRECTION('',(0.,0.,-1.));
#1774=DIRECTION('',(-1.,0.,0.));
#1775=AXIS2_PLACEMENT_3D('',#1772,#1773,#1774);
#1776=CIRCLE('',#1775,7.);
#1777=EDGE_CURVE('NONE',#1763,#592,#1776,.T.);
#1778=ORIENTED_EDGE('',*,*,#1777,.T.);
#1779=ORIENTED_EDGE('',*,*,#621,.F.);
#1780=CARTESIAN_POINT('',(-143.4198,-52.747438779,13.264565986));
#1781=DIRECTION('',(-0.,-0.,1.));
#1782=DIRECTION('',(-1.,0.,0.));
#1783=AXIS2_PLACEMENT_3D('',#1780,#1781,#1782);
#1784=CIRCLE('',#1783,7.);
#1785=EDGE_CURVE('NONE',#610,#1765,#1784,.T.);
#1786=ORIENTED_EDGE('',*,*,#1785,.T.);
#1787=EDGE_LOOP('',(#1771,#1778,#1779,#1786));
#1788=FACE_BOUND('',#1787,.T.);
#1789=ADVANCED_FACE('NONE',(#1788),#1761,.T.);
#1790=CARTESIAN_POINT('',(146.2198,-21.003388779,8.057459202));
#1791=DIRECTION('',(0.,1.,0.));
#1792=DIRECTION('',(1.,0.,0.));
#1793=AXIS2_PLACEMENT_3D('',#1790,#1791,#1792);
#1794=PLANE('',#1793);
#1795=ORIENTED_EDGE('',*,*,#1625,.T.);
#1796=CARTESIAN_POINT('',(146.7198,-21.003388779,24.257459202));
#1797=DIRECTION('',(-0.707106781,0.,0.707106781));
#1798=VECTOR('',#1797,0.282842712);
#1799=LINE('',#1796,#1798);
#1800=EDGE_CURVE('NONE',#1612,#496,#1799,.T.);
#1801=ORIENTED_EDGE('',*,*,#1800,.T.);
#1802=ORIENTED_EDGE('',*,*,#501,.T.);
#1803=CARTESIAN_POINT('',(144.6198,-21.003388779,11.757459202));
#1804=VERTEX_POINT('',#1803);
#1805=CARTESIAN_POINT('',(144.6198,-21.003388779,24.457459202));
#1806=DIRECTION('',(0.,0.,-1.));
#1807=VECTOR('',#1806,12.7);
#1808=LINE('',#1805,#1807);
#1809=EDGE_CURVE('NONE',#488,#1804,#1808,.T.);
#1810=ORIENTED_EDGE('',*,*,#1809,.T.);
#1811=CARTESIAN_POINT('',(144.6198,-21.003388779,11.757459202));
#1812=DIRECTION('',(1.,0.,-0.));
#1813=VECTOR('',#1812,2.1);
#1814=LINE('',#1811,#1813);
#1815=EDGE_CURVE('NONE',#1804,#1620,#1814,.T.);
#1816=ORIENTED_EDGE('',*,*,#1815,.T.);
#1817=EDGE_LOOP('',(#1795,#1801,#1802,#1810,#1816));
#1818=FACE_BOUND('',#1817,.T.);
#1819=ADVANCED_FACE('NONE',(#1818),#1794,.F.);
#1820=CARTESIAN_POINT('',(144.1198,-20.503388779,5.257459202));
#1821=DIRECTION('',(-0.707106781,-0.707106781,0.));
#1822=DIRECTION('',(-0.707106781,0.707106781,0.));
#1823=AXIS2_PLACEMENT_3D('',#1820,#1821,#1822);
#1824=PLANE('',#1823);
#1825=ORIENTED_EDGE('',*,*,#493,.F.);
#1826=CARTESIAN_POINT('',(144.1198,-20.503388779,24.457459202));
#1827=DIRECTION('',(-0.577350269,0.577350269,0.577350269));
#1828=VECTOR('',#1827,0.346410162);
#1829=LINE('',#1826,#1828);
#1830=EDGE_CURVE('NONE',#480,#128,#1829,.T.);
#1831=ORIENTED_EDGE('',*,*,#1830,.T.);
#1832=ORIENTED_EDGE('',*,*,#133,.F.);
#1833=CARTESIAN_POINT('',(143.9198,-20.303388779,11.757459202));
#1834=DIRECTION('',(0.707106781,-0.707106781,-0.));
#1835=VECTOR('',#1834,0.989949494);
#1836=LINE('',#1833,#1835);
#1837=EDGE_CURVE('NONE',#120,#1804,#1836,.T.);
#1838=ORIENTED_EDGE('',*,*,#1837,.T.);
#1839=ORIENTED_EDGE('',*,*,#1809,.F.);
#1840=EDGE_LOOP('',(#1825,#1831,#1832,#1838,#1839));
#1841=FACE_BOUND('',#1840,.T.);
#1842=ADVANCED_FACE('NONE',(#1841),#1824,.T.);
#1843=CARTESIAN_POINT('',(126.424906052,-57.147438779,32.157459202));
#1844=DIRECTION('',(-1.,0.,0.));
#1845=DIRECTION('',(0.,0.,1.));
#1846=AXIS2_PLACEMENT_3D('',#1843,#1844,#1845);
#1847=PLANE('',#1846);
#1848=ORIENTED_EDGE('',*,*,#1362,.F.);
#1849=CARTESIAN_POINT('',(126.424906052,-42.247438779,25.457459202));
#1850=VERTEX_POINT('',#1849);
#1851=CARTESIAN_POINT('',(126.424906052,-50.247438779,25.457459202));
#1852=DIRECTION('',(0.,1.,0.));
#1853=VECTOR('',#1852,8.);
#1854=LINE('',#1851,#1853);
#1855=EDGE_CURVE('NONE',#1349,#1850,#1854,.T.);
#1856=ORIENTED_EDGE('',*,*,#1855,.T.);
#1857=CARTESIAN_POINT('',(126.424906052,-42.247438779,25.457459202));
#1858=DIRECTION('',(0.,0.,1.));
#1859=VECTOR('',#1858,3.2);
#1860=LINE('',#1857,#1859);
#1861=EDGE_CURVE('NONE',#1850,#1533,#1860,.T.);
#1862=ORIENTED_EDGE('',*,*,#1861,.T.);
#1863=ORIENTED_EDGE('',*,*,#1538,.F.);
#1864=CARTESIAN_POINT('',(126.424906052,-56.747438779,25.657459202));
#1865=DIRECTION('',(-0.,-0.,1.));
#1866=VECTOR('',#1865,3.);
#1867=LINE('',#1864,#1866);
#1868=EDGE_CURVE('NONE',#1572,#1531,#1867,.T.);
#1869=ORIENTED_EDGE('',*,*,#1868,.F.);
#1870=ORIENTED_EDGE('',*,*,#1577,.T.);
#1871=EDGE_LOOP('',(#1848,#1856,#1862,#1863,#1869,#1870));
#1872=FACE_BOUND('',#1871,.T.);
#1873=ADVANCED_FACE('NONE',(#1872),#1847,.F.);
#1874=CARTESIAN_POINT('',(136.514906052,-57.147438779,32.157459202));
#1875=DIRECTION('',(1.,0.,0.));
#1876=DIRECTION('',(0.,1.,0.));
#1877=AXIS2_PLACEMENT_3D('',#1874,#1875,#1876);
#1878=PLANE('',#1877);
#1879=CARTESIAN_POINT('',(136.514906052,-42.247438779,25.457459202));
#1880=VERTEX_POINT('',#1879);
#1881=CARTESIAN_POINT('',(136.514906052,-42.247438779,25.457459202));
#1882=DIRECTION('',(-0.,-0.,1.));
#1883=VECTOR('',#1882,3.2);
#1884=LINE('',#1881,#1883);
#1885=EDGE_CURVE('NONE',#1880,#1541,#1884,.T.);
#1886=ORIENTED_EDGE('',*,*,#1885,.F.);
#1887=CARTESIAN_POINT('',(136.514906052,-42.247438779,25.457459202));
#1888=DIRECTION('',(-0.,-1.,-0.));
#1889=VECTOR('',#1888,8.);
#1890=LINE('',#1887,#1889);
#1891=EDGE_CURVE('NONE',#1880,#1373,#1890,.T.);
#1892=ORIENTED_EDGE('',*,*,#1891,.T.);
#1893=ORIENTED_EDGE('',*,*,#1378,.T.);
#1894=ORIENTED_EDGE('',*,*,#1591,.F.);
#1895=CARTESIAN_POINT('',(136.514906052,-56.747438779,28.657459202));
#1896=DIRECTION('',(0.,0.,-1.));
#1897=VECTOR('',#1896,3.);
#1898=LINE('',#1895,#1897);
#1899=EDGE_CURVE('NONE',#1549,#1580,#1898,.T.);
#1900=ORIENTED_EDGE('',*,*,#1899,.F.);
#1901=ORIENTED_EDGE('',*,*,#1554,.T.);
#1902=EDGE_LOOP('',(#1886,#1892,#1893,#1894,#1900,#1901));
#1903=FACE_BOUND('',#1902,.T.);
#1904=ADVANCED_FACE('NONE',(#1903),#1878,.F.);
#1905=CARTESIAN_POINT('',(38.8,-56.747438779,9.357459202));
#1906=DIRECTION('',(0.,1.,0.));
#1907=DIRECTION('',(1.,0.,0.));
#1908=AXIS2_PLACEMENT_3D('',#1905,#1906,#1907);
#1909=PLANE('',#1908);
#1910=ORIENTED_EDGE('',*,*,#1868,.T.);
#1911=ORIENTED_EDGE('',*,*,#1560,.T.);
#1912=ORIENTED_EDGE('',*,*,#1899,.T.);
#1913=ORIENTED_EDGE('',*,*,#1585,.T.);
#1914=EDGE_LOOP('',(#1910,#1911,#1912,#1913));
#1915=FACE_BOUND('',#1914,.T.);
#1916=ADVANCED_FACE('NONE',(#1915),#1909,.T.);
#1917=CARTESIAN_POINT('',(144.0198,-52.747438779,11.911012593));
#1918=DIRECTION('',(0.,0.,1.));
#1919=DIRECTION('',(1.,0.,-0.));
#1920=AXIS2_PLACEMENT_3D('',#1917,#1918,#1919);
#1921=CONICAL_SURFACE('',#1920,5.646446609,44.999999847);
#1922=ORIENTED_EDGE('',*,*,#1132,.T.);
#1923=ORIENTED_EDGE('',*,*,#1736,.F.);
#1924=CARTESIAN_POINT('',(144.0198,-58.040331997,11.557459202));
#1925=DIRECTION('',(-0.,-0.707106781,0.707106781));
#1926=VECTOR('',#1925,2.414213565);
#1927=LINE('',#1924,#1926);
#1928=EDGE_CURVE('NONE',#792,#1730,#1927,.T.);
#1929=ORIENTED_EDGE('',*,*,#1928,.F.);
#1930=ORIENTED_EDGE('',*,*,#798,.F.);
#1931=EDGE_LOOP('',(#1922,#1923,#1929,#1930));
#1932=FACE_BOUND('',#1931,.T.);
#1933=ADVANCED_FACE('NONE',(#1932),#1921,.T.);
#1934=CARTESIAN_POINT('',(-143.4198,-52.747438779,11.911012593));
#1935=DIRECTION('',(0.,0.,1.));
#1936=DIRECTION('',(1.,0.,-0.));
#1937=AXIS2_PLACEMENT_3D('',#1934,#1935,#1936);
#1938=CONICAL_SURFACE('',#1937,5.646446609,44.999999847);
#1939=ORIENTED_EDGE('',*,*,#1156,.T.);
#1940=ORIENTED_EDGE('',*,*,#815,.F.);
#1941=CARTESIAN_POINT('',(-143.4198,-59.74743878,13.264565985));
#1942=DIRECTION('',(0.,0.707106781,-0.707106781));
#1943=VECTOR('',#1942,2.414213566);
#1944=LINE('',#1941,#1943);
#1945=EDGE_CURVE('NONE',#1765,#801,#1944,.T.);
#1946=ORIENTED_EDGE('',*,*,#1945,.F.);
#1947=ORIENTED_EDGE('',*,*,#1785,.F.);
#1948=EDGE_LOOP('',(#1939,#1940,#1946,#1947));
#1949=FACE_BOUND('',#1948,.T.);
#1950=ADVANCED_FACE('NONE',(#1949),#1938,.T.);
#1951=CARTESIAN_POINT('',(0.,-58.393885388,11.911012593));
#1952=DIRECTION('',(0.,0.707106781,0.707106781));
#1953=DIRECTION('',(1.,0.,0.));
#1954=AXIS2_PLACEMENT_3D('',#1951,#1952,#1953);
#1955=PLANE('',#1954);
#1956=ORIENTED_EDGE('',*,*,#1928,.T.);
#1957=CARTESIAN_POINT('',(-143.4198,-59.747438779,13.264565985));
#1958=DIRECTION('',(1.,0.,-0.));
#1959=VECTOR('',#1958,287.4396);
#1960=LINE('',#1957,#1959);
#1961=EDGE_CURVE('NONE',#1765,#1730,#1960,.T.);
#1962=ORIENTED_EDGE('',*,*,#1961,.F.);
#1963=ORIENTED_EDGE('',*,*,#1945,.T.);
#1964=ORIENTED_EDGE('',*,*,#806,.F.);
#1965=EDGE_LOOP('',(#1956,#1962,#1963,#1964));
#1966=FACE_BOUND('',#1965,.T.);
#1967=ADVANCED_FACE('NONE',(#1966),#1955,.F.);
#1968=CARTESIAN_POINT('',(-143.4198,-52.747438779,29.762484455));
#1969=DIRECTION('',(0.,0.,-1.));
#1970=DIRECTION('',(-1.,0.,0.));
#1971=AXIS2_PLACEMENT_3D('',#1968,#1969,#1970);
#1972=CONICAL_SURFACE('',#1971,5.505025253,44.999999847);
#1973=ORIENTED_EDGE('',*,*,#1171,.T.);
#1974=ORIENTED_EDGE('',*,*,#1777,.F.);
#1975=CARTESIAN_POINT('',(-143.4198,-57.757489284,30.257459203));
#1976=DIRECTION('',(-0.,-0.707106781,-0.707106781));
#1977=VECTOR('',#1976,2.814213567);
#1978=LINE('',#1975,#1977);
#1979=EDGE_CURVE('NONE',#184,#1763,#1978,.T.);
#1980=ORIENTED_EDGE('',*,*,#1979,.F.);
#1981=ORIENTED_EDGE('',*,*,#190,.F.);
#1982=EDGE_LOOP('',(#1973,#1974,#1980,#1981));
#1983=FACE_BOUND('',#1982,.T.);
#1984=ADVANCED_FACE('NONE',(#1983),#1972,.T.);
#1985=CARTESIAN_POINT('',(144.0198,-52.747438779,29.762484455));
#1986=DIRECTION('',(0.,0.,-1.));
#1987=DIRECTION('',(-1.,0.,0.));
#1988=AXIS2_PLACEMENT_3D('',#1985,#1986,#1987);
#1989=CONICAL_SURFACE('',#1988,5.505025253,44.999999847);
#1990=ORIENTED_EDGE('',*,*,#1194,.T.);
#1991=ORIENTED_EDGE('',*,*,#207,.F.);
#1992=CARTESIAN_POINT('',(144.0198,-59.747438781,28.267509706));
#1993=DIRECTION('',(0.,0.707106781,0.707106781));
#1994=VECTOR('',#1993,2.814213568);
#1995=LINE('',#1992,#1994);
#1996=EDGE_CURVE('NONE',#1740,#193,#1995,.T.);
#1997=ORIENTED_EDGE('',*,*,#1996,.F.);
#1998=ORIENTED_EDGE('',*,*,#1746,.F.);
#1999=EDGE_LOOP('',(#1990,#1991,#1997,#1998));
#2000=FACE_BOUND('',#1999,.T.);
#2001=ADVANCED_FACE('NONE',(#2000),#1989,.T.);
#2002=CARTESIAN_POINT('',(0.3,-58.252464032,29.762484455));
#2003=DIRECTION('',(0.,0.707106781,-0.707106781));
#2004=DIRECTION('',(-1.,0.,0.));
#2005=AXIS2_PLACEMENT_3D('',#2002,#2003,#2004);
#2006=PLANE('',#2005);
#2007=ORIENTED_EDGE('',*,*,#1979,.T.);
#2008=CARTESIAN_POINT('',(144.0198,-59.747438779,28.267509705));
#2009=DIRECTION('',(-1.,-0.,0.));
#2010=VECTOR('',#2009,287.4396);
#2011=LINE('',#2008,#2010);
#2012=EDGE_CURVE('NONE',#1740,#1763,#2011,.T.);
#2013=ORIENTED_EDGE('',*,*,#2012,.F.);
#2014=ORIENTED_EDGE('',*,*,#1996,.T.);
#2015=ORIENTED_EDGE('',*,*,#198,.F.);
#2016=EDGE_LOOP('',(#2007,#2013,#2014,#2015));
#2017=FACE_BOUND('',#2016,.T.);
#2018=ADVANCED_FACE('NONE',(#2017),#2006,.F.);
#2019=CARTESIAN_POINT('',(110.299990177,-59.747438779,20.307457932));
#2020=DIRECTION('',(0.,-1.,0.));
#2021=DIRECTION('',(0.,0.,-1.));
#2022=AXIS2_PLACEMENT_3D('',#2019,#2020,#2021);
#2023=PLANE('',#2022);
#2024=ORIENTED_EDGE('',*,*,#1752,.T.);
#2025=ORIENTED_EDGE('',*,*,#2012,.T.);
#2026=ORIENTED_EDGE('',*,*,#1770,.T.);
#2027=ORIENTED_EDGE('',*,*,#1961,.T.);
#2028=EDGE_LOOP('',(#2024,#2025,#2026,#2027));
#2029=FACE_BOUND('',#2028,.T.);
#2030=ADVANCED_FACE('NONE',(#2029),#2023,.T.);
#2031=CARTESIAN_POINT('',(-144.0198,-13.625413779,14.987459202));
#2032=DIRECTION('',(0.,1.,0.));
#2033=DIRECTION('',(1.,0.,0.));
#2034=AXIS2_PLACEMENT_3D('',#2031,#2032,#2033);
#2035=PLANE('',#2034);
#2036=CARTESIAN_POINT('',(-145.224774747,-13.625413779,14.487459202));
#2037=VERTEX_POINT('',#2036);
#2038=CARTESIAN_POINT('',(-146.5198,-13.625413779,15.782484455));
#2039=DIRECTION('',(0.707106781,0.,-0.707106781));
#2040=VECTOR('',#2039,1.831442276);
#2041=LINE('',#2038,#2040);
#2042=EDGE_CURVE('NONE',#1025,#2037,#2041,.T.);
#2043=ORIENTED_EDGE('',*,*,#2042,.T.);
#2044=CARTESIAN_POINT('',(-145.224774747,-13.625413779,14.487459202));
#2045=DIRECTION('',(-1.,-0.,0.));
#2046=VECTOR('',#2045,1.295025253);
#2047=LINE('',#2044,#2046);
#2048=EDGE_CURVE('NONE',#2037,#1033,#2047,.T.);
#2049=ORIENTED_EDGE('',*,*,#2048,.T.);
#2050=ORIENTED_EDGE('',*,*,#1038,.F.);
#2051=EDGE_LOOP('',(#2043,#2049,#2050));
#2052=FACE_BOUND('',#2051,.T.);
#2053=ADVANCED_FACE('NONE',(#2052),#2035,.T.);
#2054=CARTESIAN_POINT('',(-144.0198,-43.625413779,14.987459202));
#2055=DIRECTION('',(0.,-1.,0.));
#2056=DIRECTION('',(0.,0.,-1.));
#2057=AXIS2_PLACEMENT_3D('',#2054,#2055,#2056);
#2058=PLANE('',#2057);
#2059=CARTESIAN_POINT('',(-145.224774747,-43.625413779,14.487459202));
#2060=VERTEX_POINT('',#2059);
#2061=CARTESIAN_POINT('',(-146.5198,-43.625413779,14.487459202));
#2062=DIRECTION('',(1.,0.,-0.));
#2063=VECTOR('',#2062,1.295025253);
#2064=LINE('',#2061,#2063);
#2065=EDGE_CURVE('NONE',#999,#2060,#2064,.T.);
#2066=ORIENTED_EDGE('',*,*,#2065,.T.);
#2067=CARTESIAN_POINT('',(-145.224774747,-43.625413779,14.487459202));
#2068=DIRECTION('',(-0.707106781,0.,0.707106781));
#2069=VECTOR('',#2068,1.831442277);
#2070=LINE('',#2067,#2069);
#2071=EDGE_CURVE('NONE',#2060,#1001,#2070,.T.);
#2072=ORIENTED_EDGE('',*,*,#2071,.T.);
#2073=ORIENTED_EDGE('',*,*,#1006,.F.);
#2074=EDGE_LOOP('',(#2066,#2072,#2073));
#2075=FACE_BOUND('',#2074,.T.);
#2076=ADVANCED_FACE('NONE',(#2075),#2058,.T.);
#2077=CARTESIAN_POINT('',(-144.0198,-28.625413779,13.987459202));
#2078=DIRECTION('',(0.,0.,-1.));
#2079=DIRECTION('',(0.,-1.,0.));
#2080=AXIS2_PLACEMENT_3D('',#2077,#2078,#2079);
#2081=PLANE('',#2080);
#2082=CARTESIAN_POINT('',(-143.734825254,-14.325413778,13.987459202));
#2083=VERTEX_POINT('',#2082);
#2084=CARTESIAN_POINT('',(-143.734825253,-42.925413779,13.987459202));
#2085=VERTEX_POINT('',#2084);
#2086=CARTESIAN_POINT('',(-143.734825254,-14.325413778,13.987459202));
#2087=DIRECTION('',(0.,-1.,0.));
#2088=VECTOR('',#2087,28.600000001);
#2089=LINE('',#2086,#2088);
#2090=EDGE_CURVE('NONE',#2083,#2085,#2089,.T.);
#2091=ORIENTED_EDGE('',*,*,#2090,.T.);
#2092=CARTESIAN_POINT('',(-144.017667965,-43.125413779,13.987459202));
#2093=VERTEX_POINT('',#2092);
#2094=CARTESIAN_POINT('',(-144.017667965,-43.125413779,13.987459202));
#2095=DIRECTION('',(0.816496581,0.577350269,0.));
#2096=VECTOR('',#2095,0.34641016);
#2097=LINE('',#2094,#2096);
#2098=EDGE_CURVE('NONE',#2093,#2085,#2097,.T.);
#2099=ORIENTED_EDGE('',*,*,#2098,.F.);
#2100=CARTESIAN_POINT('',(-144.017667965,-43.125413779,13.987459202));
#2101=DIRECTION('',(-1.,0.,0.));
#2102=VECTOR('',#2101,2.502132035);
#2103=LINE('',#2100,#2102);
#2104=EDGE_CURVE('NONE',#2093,#1049,#2103,.T.);
#2105=ORIENTED_EDGE('',*,*,#2104,.T.);
#2106=ORIENTED_EDGE('',*,*,#1054,.F.);
#2107=CARTESIAN_POINT('',(-144.017667965,-14.125413779,13.987459202));
#2108=VERTEX_POINT('',#2107);
#2109=CARTESIAN_POINT('',(-146.5198,-14.125413779,13.987459202));
#2110=DIRECTION('',(1.,-0.,-0.));
#2111=VECTOR('',#2110,2.502132035);
#2112=LINE('',#2109,#2111);
#2113=EDGE_CURVE('NONE',#1041,#2108,#2112,.T.);
#2114=ORIENTED_EDGE('',*,*,#2113,.T.);
#2115=CARTESIAN_POINT('',(-144.017667965,-14.125413779,13.987459202));
#2116=DIRECTION('',(0.816496581,-0.577350269,0.));
#2117=VECTOR('',#2116,0.34641016);
#2118=LINE('',#2115,#2117);
#2119=EDGE_CURVE('NONE',#2108,#2083,#2118,.T.);
#2120=ORIENTED_EDGE('',*,*,#2119,.T.);
#2121=EDGE_LOOP('',(#2091,#2099,#2105,#2106,#2114,#2120));
#2122=FACE_BOUND('',#2121,.T.);
#2123=ADVANCED_FACE('NONE',(#2122),#2081,.T.);
#2124=CARTESIAN_POINT('',(-68.302412627,-1.803388779,-61.444953424));
#2125=DIRECTION('',(0.707106781,0.,0.707106781));
#2126=DIRECTION('',(0.,-1.,0.));
#2127=AXIS2_PLACEMENT_3D('',#2124,#2125,#2126);
#2128=PLANE('',#2127);
#2129=ORIENTED_EDGE('',*,*,#1022,.F.);
#2130=CARTESIAN_POINT('',(-146.5198,-42.925413779,16.772433949));
#2131=DIRECTION('',(0.707106781,0.,-0.707106781));
#2132=VECTOR('',#2131,3.938549058);
#2133=LINE('',#2130,#2132);
#2134=EDGE_CURVE('NONE',#1009,#2085,#2133,.T.);
#2135=ORIENTED_EDGE('',*,*,#2134,.T.);
#2136=ORIENTED_EDGE('',*,*,#2090,.F.);
#2137=CARTESIAN_POINT('',(-143.734825253,-14.325413778,13.987459202));
#2138=DIRECTION('',(-0.707106781,-0.,0.707106781));
#2139=VECTOR('',#2138,3.938549058);
#2140=LINE('',#2137,#2139);
#2141=EDGE_CURVE('NONE',#2083,#1017,#2140,.T.);
#2142=ORIENTED_EDGE('',*,*,#2141,.T.);
#2143=EDGE_LOOP('',(#2129,#2135,#2136,#2142));
#2144=FACE_BOUND('',#2143,.T.);
#2145=ADVANCED_FACE('NONE',(#2144),#2128,.T.);
#2146=CARTESIAN_POINT('',(-144.0198,-43.125413779,13.987459202));
#2147=DIRECTION('',(0.,0.707106781,0.707106781));
#2148=DIRECTION('',(1.,0.,0.));
#2149=AXIS2_PLACEMENT_3D('',#2146,#2147,#2148);
#2150=PLANE('',#2149);
#2151=ORIENTED_EDGE('',*,*,#1060,.F.);
#2152=ORIENTED_EDGE('',*,*,#2104,.F.);
#2153=CARTESIAN_POINT('',(-145.224774746,-43.625413779,14.487459202));
#2154=DIRECTION('',(0.862856209,0.357406744,-0.357406744));
#2155=VECTOR('',#2154,1.398966326);
#2156=LINE('',#2153,#2155);
#2157=EDGE_CURVE('NONE',#2060,#2093,#2156,.T.);
#2158=ORIENTED_EDGE('',*,*,#2157,.F.);
#2159=ORIENTED_EDGE('',*,*,#2065,.F.);
#2160=EDGE_LOOP('',(#2151,#2152,#2158,#2159));
#2161=FACE_BOUND('',#2160,.T.);
#2162=ADVANCED_FACE('NONE',(#2161),#2150,.F.);
#2163=CARTESIAN_POINT('',(-144.872287373,-43.625413779,14.134971829));
#2164=DIRECTION('',(-0.5,0.707106781,-0.5));
#2165=DIRECTION('',(-0.707106781,0.,0.707106781));
#2166=AXIS2_PLACEMENT_3D('',#2163,#2164,#2165);
#2167=PLANE('',#2166);
#2168=ORIENTED_EDGE('',*,*,#2157,.T.);
#2169=ORIENTED_EDGE('',*,*,#2098,.T.);
#2170=ORIENTED_EDGE('',*,*,#2134,.F.);
#2171=ORIENTED_EDGE('',*,*,#1014,.F.);
#2172=ORIENTED_EDGE('',*,*,#2071,.F.);
#2173=EDGE_LOOP('',(#2168,#2169,#2170,#2171,#2172));
#2174=FACE_BOUND('',#2173,.T.);
#2175=ADVANCED_FACE('NONE',(#2174),#2167,.F.);
#2176=CARTESIAN_POINT('',(-144.872287373,-13.625413779,14.134971829));
#2177=DIRECTION('',(-0.5,-0.707106781,-0.5));
#2178=DIRECTION('',(0.,0.577350269,-0.816496581));
#2179=AXIS2_PLACEMENT_3D('',#2176,#2177,#2178);
#2180=PLANE('',#2179);
#2181=ORIENTED_EDGE('',*,*,#1030,.F.);
#2182=ORIENTED_EDGE('',*,*,#2141,.F.);
#2183=ORIENTED_EDGE('',*,*,#2119,.F.);
#2184=CARTESIAN_POINT('',(-145.224774747,-13.625413779,14.487459202));
#2185=DIRECTION('',(0.86285621,-0.357406744,-0.357406744));
#2186=VECTOR('',#2185,1.398966327);
#2187=LINE('',#2184,#2186);
#2188=EDGE_CURVE('NONE',#2037,#2108,#2187,.T.);
#2189=ORIENTED_EDGE('',*,*,#2188,.F.);
#2190=ORIENTED_EDGE('',*,*,#2042,.F.);
#2191=EDGE_LOOP('',(#2181,#2182,#2183,#2189,#2190));
#2192=FACE_BOUND('',#2191,.T.);
#2193=ADVANCED_FACE('NONE',(#2192),#2180,.F.);
#2194=CARTESIAN_POINT('',(-144.0198,-13.625413779,14.487459202));
#2195=DIRECTION('',(0.,-0.707106781,0.707106781));
#2196=DIRECTION('',(-1.,0.,0.));
#2197=AXIS2_PLACEMENT_3D('',#2194,#2195,#2196);
#2198=PLANE('',#2197);
#2199=ORIENTED_EDGE('',*,*,#2188,.T.);
#2200=ORIENTED_EDGE('',*,*,#2113,.F.);
#2201=ORIENTED_EDGE('',*,*,#1046,.F.);
#2202=ORIENTED_EDGE('',*,*,#2048,.F.);
#2203=EDGE_LOOP('',(#2199,#2200,#2201,#2202));
#2204=FACE_BOUND('',#2203,.T.);
#2205=ADVANCED_FACE('NONE',(#2204),#2198,.F.);
#2206=CARTESIAN_POINT('',(-4.83,-51.447438779,26.807459202));
#2207=DIRECTION('',(-1.,0.,0.));
#2208=DIRECTION('',(0.,0.,1.));
#2209=AXIS2_PLACEMENT_3D('',#2206,#2207,#2208);
#2210=PLANE('',#2209);
#2211=ORIENTED_EDGE('',*,*,#1452,.F.);
#2212=ORIENTED_EDGE('',*,*,#1520,.F.);
#2213=CARTESIAN_POINT('',(-4.83,-56.747438779,25.657459202));
#2214=DIRECTION('',(-0.,-0.,1.));
#2215=VECTOR('',#2214,3.);
#2216=LINE('',#2213,#2215);
#2217=EDGE_CURVE('NONE',#1470,#1509,#2216,.T.);
#2218=ORIENTED_EDGE('',*,*,#2217,.F.);
#2219=ORIENTED_EDGE('',*,*,#1475,.T.);
#2220=EDGE_LOOP('',(#2211,#2212,#2218,#2219));
#2221=FACE_BOUND('',#2220,.T.);
#2222=ADVANCED_FACE('NONE',(#2221),#2210,.F.);
#2223=CARTESIAN_POINT('',(5.26,-51.447438779,26.807459202));
#2224=DIRECTION('',(1.,0.,0.));
#2225=DIRECTION('',(0.,1.,0.));
#2226=AXIS2_PLACEMENT_3D('',#2223,#2224,#2225);
#2227=PLANE('',#2226);
#2228=ORIENTED_EDGE('',*,*,#1506,.T.);
#2229=ORIENTED_EDGE('',*,*,#1436,.T.);
#2230=ORIENTED_EDGE('',*,*,#1489,.F.);
#2231=CARTESIAN_POINT('',(5.26,-56.747438779,28.657459202));
#2232=DIRECTION('',(0.,0.,-1.));
#2233=VECTOR('',#2232,3.);
#2234=LINE('',#2231,#2233);
#2235=EDGE_CURVE('NONE',#1501,#1478,#2234,.T.);
#2236=ORIENTED_EDGE('',*,*,#2235,.F.);
#2237=EDGE_LOOP('',(#2228,#2229,#2230,#2236));
#2238=FACE_BOUND('',#2237,.T.);
#2239=ADVANCED_FACE('NONE',(#2238),#2227,.F.);
#2240=CARTESIAN_POINT('',(0.,-56.747438779,12.274639419));
#2241=DIRECTION('',(0.,1.,0.));
#2242=DIRECTION('',(1.,0.,0.));
#2243=AXIS2_PLACEMENT_3D('',#2240,#2241,#2242);
#2244=PLANE('',#2243);
#2245=ORIENTED_EDGE('',*,*,#2217,.T.);
#2246=ORIENTED_EDGE('',*,*,#1514,.T.);
#2247=ORIENTED_EDGE('',*,*,#2235,.T.);
#2248=ORIENTED_EDGE('',*,*,#1483,.T.);
#2249=EDGE_LOOP('',(#2245,#2246,#2247,#2248));
#2250=FACE_BOUND('',#2249,.T.);
#2251=ADVANCED_FACE('NONE',(#2250),#2244,.T.);
#2252=CARTESIAN_POINT('',(-141.5198,-52.247438779,11.557459202));
#2253=DIRECTION('',(0.,0.,-1.));
#2254=DIRECTION('',(-1.,0.,0.));
#2255=AXIS2_PLACEMENT_3D('',#2252,#2253,#2254);
#2256=CONICAL_SURFACE('',#2255,5.2,44.999999949);
#2257=ORIENTED_EDGE('',*,*,#1225,.T.);
#2258=ORIENTED_EDGE('',*,*,#1719,.F.);
#2259=CARTESIAN_POINT('',(-141.5198,-57.447438779,11.557459202));
#2260=DIRECTION('',(0.,0.707106781,0.707106781));
#2261=VECTOR('',#2260,0.282842712);
#2262=LINE('',#2259,#2261);
#2263=EDGE_CURVE('NONE',#910,#1642,#2262,.T.);
#2264=ORIENTED_EDGE('',*,*,#2263,.F.);
#2265=ORIENTED_EDGE('',*,*,#916,.F.);
#2266=EDGE_LOOP('',(#2257,#2258,#2264,#2265));
#2267=FACE_BOUND('',#2266,.T.);
#2268=ADVANCED_FACE('NONE',(#2267),#2256,.F.);
#2269=CARTESIAN_POINT('',(-72.8099,-57.247438779,11.757459202));
#2270=DIRECTION('',(0.,0.707106781,-0.707106781));
#2271=DIRECTION('',(-1.,0.,0.));
#2272=AXIS2_PLACEMENT_3D('',#2269,#2270,#2271);
#2273=PLANE('',#2272);
#2274=ORIENTED_EDGE('',*,*,#2263,.T.);
#2275=ORIENTED_EDGE('',*,*,#1671,.F.);
#2276=CARTESIAN_POINT('',(141.6198,-57.447438779,11.557459202));
#2277=CARTESIAN_POINT('',(141.6198,-57.380772112,11.624125869));
#2278=CARTESIAN_POINT('',(141.6198,-57.314105446,11.690792535));
#2279=CARTESIAN_POINT('',(141.6198,-57.247438779,11.757459202));
#2280=B_SPLINE_CURVE_WITH_KNOTS('',3,(#2276,#2277,#2278,#2279),.UNSPECIFIED.,.F.,.F.,(4,4),(0.,0.282842712),.UNSPECIFIED.);
#2281=EDGE_CURVE('NONE',#919,#1660,#2280,.T.);
#2282=ORIENTED_EDGE('',*,*,#2281,.F.);
#2283=ORIENTED_EDGE('',*,*,#924,.F.);
#2284=EDGE_LOOP('',(#2274,#2275,#2282,#2283));
#2285=FACE_BOUND('',#2284,.T.);
#2286=ADVANCED_FACE('NONE',(#2285),#2273,.T.);
#2287=CARTESIAN_POINT('',(141.6198,-52.147438779,11.557459202));
#2288=DIRECTION('',(0.,0.,-1.));
#2289=DIRECTION('',(-1.,0.,0.));
#2290=AXIS2_PLACEMENT_3D('',#2287,#2288,#2289);
#2291=CONICAL_SURFACE('',#2290,5.3,44.999999949);
#2292=ORIENTED_EDGE('',*,*,#2281,.T.);
#2293=ORIENTED_EDGE('',*,*,#1695,.F.);
#2294=CARTESIAN_POINT('',(146.9198,-52.147438779,11.557459202));
#2295=DIRECTION('',(-0.707106781,0.,0.707106781));
#2296=VECTOR('',#2295,0.282842712);
#2297=LINE('',#2294,#2296);
#2298=EDGE_CURVE('NONE',#927,#1602,#2297,.T.);
#2299=ORIENTED_EDGE('',*,*,#2298,.F.);
#2300=ORIENTED_EDGE('',*,*,#933,.F.);
#2301=EDGE_LOOP('',(#2292,#2293,#2299,#2300));
#2302=FACE_BOUND('',#2301,.T.);
#2303=ADVANCED_FACE('NONE',(#2302),#2291,.F.);
#2304=CARTESIAN_POINT('',(146.7198,25.368636221,11.757459202));
#2305=DIRECTION('',(-0.707106781,0.,-0.707106781));
#2306=DIRECTION('',(-0.707106781,0.,0.707106781));
#2307=AXIS2_PLACEMENT_3D('',#2304,#2305,#2306);
#2308=PLANE('',#2307);
#2309=ORIENTED_EDGE('',*,*,#1631,.F.);
#2310=CARTESIAN_POINT('',(146.7198,-21.003388779,11.757459202));
#2311=DIRECTION('',(0.577350269,0.577350269,-0.577350269));
#2312=VECTOR('',#2311,0.346410162);
#2313=LINE('',#2310,#2312);
#2314=EDGE_CURVE('NONE',#1620,#936,#2313,.T.);
#2315=ORIENTED_EDGE('',*,*,#2314,.T.);
#2316=ORIENTED_EDGE('',*,*,#941,.F.);
#2317=ORIENTED_EDGE('',*,*,#2298,.T.);
#2318=EDGE_LOOP('',(#2309,#2315,#2316,#2317));
#2319=FACE_BOUND('',#2318,.T.);
#2320=ADVANCED_FACE('NONE',(#2319),#2308,.T.);
#2321=CARTESIAN_POINT('',(146.2198,-21.003388779,11.757459202));
#2322=DIRECTION('',(0.,-0.707106781,-0.707106781));
#2323=DIRECTION('',(0.,-0.707106781,0.707106781));
#2324=AXIS2_PLACEMENT_3D('',#2321,#2322,#2323);
#2325=PLANE('',#2324);
#2326=ORIENTED_EDGE('',*,*,#2314,.F.);
#2327=ORIENTED_EDGE('',*,*,#1815,.F.);
#2328=CARTESIAN_POINT('',(144.702642712,-20.803388779,11.557459202));
#2329=DIRECTION('',(-0.281084637,-0.678598345,0.678598344));
#2330=VECTOR('',#2329,0.294725152);
#2331=LINE('',#2328,#2330);
#2332=EDGE_CURVE('NONE',#944,#1804,#2331,.T.);
#2333=ORIENTED_EDGE('',*,*,#2332,.F.);
#2334=ORIENTED_EDGE('',*,*,#949,.F.);
#2335=EDGE_LOOP('',(#2326,#2327,#2333,#2334));
#2336=FACE_BOUND('',#2335,.T.);
#2337=ADVANCED_FACE('NONE',(#2336),#2325,.T.);
#2338=CARTESIAN_POINT('',(62.826321356,61.072932578,11.557459202));
#2339=DIRECTION('',(0.5,0.5,0.707106781));
#2340=DIRECTION('',(0.707106781,-0.707106781,0.));
#2341=AXIS2_PLACEMENT_3D('',#2338,#2339,#2340);
#2342=PLANE('',#2341);
#2343=ORIENTED_EDGE('',*,*,#2332,.T.);
#2344=ORIENTED_EDGE('',*,*,#1837,.F.);
#2345=ORIENTED_EDGE('',*,*,#1246,.F.);
#2346=ORIENTED_EDGE('',*,*,#957,.F.);
#2347=EDGE_LOOP('',(#2343,#2344,#2345,#2346));
#2348=FACE_BOUND('',#2347,.T.);
#2349=ADVANCED_FACE('NONE',(#2348),#2342,.F.);
#2350=CARTESIAN_POINT('',(-141.5198,-52.247438779,24.257459202));
#2351=DIRECTION('',(0.,0.,-1.));
#2352=DIRECTION('',(-1.,0.,0.));
#2353=AXIS2_PLACEMENT_3D('',#2350,#2351,#2352);
#2354=CONICAL_SURFACE('',#2353,5.,44.999999949);
#2355=ORIENTED_EDGE('',*,*,#1270,.T.);
#2356=ORIENTED_EDGE('',*,*,#535,.F.);
#2357=CARTESIAN_POINT('',(-141.5198,-57.247438779,24.257459202));
#2358=DIRECTION('',(0.,0.707106781,0.707106781));
#2359=VECTOR('',#2358,0.282842713);
#2360=LINE('',#2357,#2359);
#2361=EDGE_CURVE('NONE',#1644,#521,#2360,.T.);
#2362=ORIENTED_EDGE('',*,*,#2361,.F.);
#2363=ORIENTED_EDGE('',*,*,#1711,.F.);
#2364=EDGE_LOOP('',(#2355,#2356,#2362,#2363));
#2365=FACE_BOUND('',#2364,.T.);
#2366=ADVANCED_FACE('NONE',(#2365),#2354,.F.);
#2367=CARTESIAN_POINT('',(-72.8099,-57.247438779,24.257459202));
#2368=DIRECTION('',(0.,0.707106781,-0.707106781));
#2369=DIRECTION('',(-1.,0.,0.));
#2370=AXIS2_PLACEMENT_3D('',#2367,#2368,#2369);
#2371=PLANE('',#2370);
#2372=ORIENTED_EDGE('',*,*,#2361,.T.);
#2373=ORIENTED_EDGE('',*,*,#526,.F.);
#2374=CARTESIAN_POINT('',(141.6198,-57.247438779,24.257459202));
#2375=CARTESIAN_POINT('',(141.6198,-57.180772112,24.324125869));
#2376=CARTESIAN_POINT('',(141.6198,-57.114105446,24.390792535));
#2377=CARTESIAN_POINT('',(141.6198,-57.047438779,24.457459202));
#2378=B_SPLINE_CURVE_WITH_KNOTS('',3,(#2374,#2375,#2376,#2377),.UNSPECIFIED.,.F.,.F.,(4,4),(0.,0.282842712),.UNSPECIFIED.);
#2379=EDGE_CURVE('NONE',#1652,#512,#2378,.T.);
#2380=ORIENTED_EDGE('',*,*,#2379,.F.);
#2381=ORIENTED_EDGE('',*,*,#1657,.F.);
#2382=EDGE_LOOP('',(#2372,#2373,#2380,#2381));
#2383=FACE_BOUND('',#2382,.T.);
#2384=ADVANCED_FACE('NONE',(#2383),#2371,.T.);
#2385=CARTESIAN_POINT('',(141.6198,-52.147438779,24.257459202));
#2386=DIRECTION('',(0.,0.,-1.));
#2387=DIRECTION('',(-1.,0.,0.));
#2388=AXIS2_PLACEMENT_3D('',#2385,#2386,#2387);
#2389=CONICAL_SURFACE('',#2388,5.1,44.999999949);
#2390=ORIENTED_EDGE('',*,*,#2379,.T.);
#2391=ORIENTED_EDGE('',*,*,#518,.F.);
#2392=CARTESIAN_POINT('',(146.7198,-52.147438779,24.257459202));
#2393=DIRECTION('',(-0.707106781,0.,0.707106781));
#2394=VECTOR('',#2393,0.282842713);
#2395=LINE('',#2392,#2394);
#2396=EDGE_CURVE('NONE',#1604,#504,#2395,.T.);
#2397=ORIENTED_EDGE('',*,*,#2396,.F.);
#2398=ORIENTED_EDGE('',*,*,#1687,.F.);
#2399=EDGE_LOOP('',(#2390,#2391,#2397,#2398));
#2400=FACE_BOUND('',#2399,.T.);
#2401=ADVANCED_FACE('NONE',(#2400),#2389,.F.);
#2402=CARTESIAN_POINT('',(146.7198,25.368636221,24.257459202));
#2403=DIRECTION('',(-0.707106781,0.,-0.707106781));
#2404=DIRECTION('',(-0.707106781,0.,0.707106781));
#2405=AXIS2_PLACEMENT_3D('',#2402,#2403,#2404);
#2406=PLANE('',#2405);
#2407=ORIENTED_EDGE('',*,*,#2396,.T.);
#2408=ORIENTED_EDGE('',*,*,#509,.F.);
#2409=ORIENTED_EDGE('',*,*,#1800,.F.);
#2410=ORIENTED_EDGE('',*,*,#1617,.F.);
#2411=EDGE_LOOP('',(#2407,#2408,#2409,#2410));
#2412=FACE_BOUND('',#2411,.T.);
#2413=ADVANCED_FACE('NONE',(#2412),#2406,.T.);
#2414=CARTESIAN_POINT('',(129.970295109,-31.19405,28.657459202));
#2415=DIRECTION('',(0.,1.,0.));
#2416=DIRECTION('',(1.,0.,0.));
#2417=AXIS2_PLACEMENT_3D('',#2414,#2415,#2416);
#2418=PLANE('',#2417);
#2419=CARTESIAN_POINT('',(141.9198,-31.19405,29.657459202));
#2420=VERTEX_POINT('',#2419);
#2421=CARTESIAN_POINT('',(141.9198,-31.19405,24.657459202));
#2422=VERTEX_POINT('',#2421);
#2423=CARTESIAN_POINT('',(141.9198,-31.19405,29.657459202));
#2424=DIRECTION('',(0.,0.,-1.));
#2425=VECTOR('',#2424,5.);
#2426=LINE('',#2423,#2425);
#2427=EDGE_CURVE('NONE',#2420,#2422,#2426,.T.);
#2428=ORIENTED_EDGE('',*,*,#2427,.T.);
#2429=CARTESIAN_POINT('',(98.473335121,-31.19405076,24.657459454));
#2430=VERTEX_POINT('',#2429);
#2431=CARTESIAN_POINT('',(141.9198,-31.19405,24.657459202));
#2432=DIRECTION('',(-1.,-0.,0.));
#2433=VECTOR('',#2432,43.445828653);
#2434=LINE('',#2431,#2433);
#2435=EDGE_CURVE('NONE',#2422,#2430,#2434,.T.);
#2436=ORIENTED_EDGE('',*,*,#2435,.T.);
#2437=CARTESIAN_POINT('',(98.470790219,-31.194050001,29.657459202));
#2438=VERTEX_POINT('',#2437);
#2439=CARTESIAN_POINT('',(98.470790219,-31.19405,24.657459202));
#2440=DIRECTION('',(-0.,-0.,1.));
#2441=VECTOR('',#2440,5.);
#2442=LINE('',#2439,#2441);
#2443=EDGE_CURVE('NONE',#2430,#2438,#2442,.T.);
#2444=ORIENTED_EDGE('',*,*,#2443,.T.);
#2445=CARTESIAN_POINT('',(98.470790219,-31.19405,29.657459202));
#2446=DIRECTION('',(1.,0.,-0.));
#2447=VECTOR('',#2446,43.449009781);
#2448=LINE('',#2445,#2447);
#2449=EDGE_CURVE('NONE',#2438,#2420,#2448,.T.);
#2450=ORIENTED_EDGE('',*,*,#2449,.T.);
#2451=EDGE_LOOP('',(#2428,#2436,#2444,#2450));
#2452=FACE_BOUND('',#2451,.T.);
#2453=ADVANCED_FACE('NONE',(#2452),#2418,.T.);
#2454=CARTESIAN_POINT('',(96.470790219,-40.970744389,28.657459202));
#2455=DIRECTION('',(-1.,0.,0.));
#2456=DIRECTION('',(0.,0.,1.));
#2457=AXIS2_PLACEMENT_3D('',#2454,#2455,#2456);
#2458=PLANE('',#2457);
#2459=CARTESIAN_POINT('',(96.470790219,-33.19405,29.657459202));
#2460=VERTEX_POINT('',#2459);
#2461=CARTESIAN_POINT('',(96.470790219,-33.19405,24.657459202));
#2462=VERTEX_POINT('',#2461);
#2463=CARTESIAN_POINT('',(96.470790219,-33.19405,29.657459202));
#2464=DIRECTION('',(-0.,-0.,-1.));
#2465=VECTOR('',#2464,5.);
#2466=LINE('',#2463,#2465);
#2467=EDGE_CURVE('NONE',#2460,#2462,#2466,.T.);
#2468=ORIENTED_EDGE('',*,*,#2467,.T.);
#2469=CARTESIAN_POINT('',(96.470790219,-48.247438779,24.657459202));
#2470=VERTEX_POINT('',#2469);
#2471=CARTESIAN_POINT('',(96.470790219,-33.19405,24.657459202));
#2472=DIRECTION('',(-0.,-1.,-0.));
#2473=VECTOR('',#2472,15.053388779);
#2474=LINE('',#2471,#2473);
#2475=EDGE_CURVE('NONE',#2462,#2470,#2474,.T.);
#2476=ORIENTED_EDGE('',*,*,#2475,.T.);
#2477=CARTESIAN_POINT('',(96.470790219,-48.247438779,29.657459202));
#2478=VERTEX_POINT('',#2477);
#2479=CARTESIAN_POINT('',(96.470790219,-48.247438779,24.657459202));
#2480=DIRECTION('',(0.,0.,1.));
#2481=VECTOR('',#2480,5.);
#2482=LINE('',#2479,#2481);
#2483=EDGE_CURVE('NONE',#2470,#2478,#2482,.T.);
#2484=ORIENTED_EDGE('',*,*,#2483,.T.);
#2485=CARTESIAN_POINT('',(96.470790219,-48.247438779,29.657459202));
#2486=DIRECTION('',(0.,1.,0.));
#2487=VECTOR('',#2486,15.053388779);
#2488=LINE('',#2485,#2487);
#2489=EDGE_CURVE('NONE',#2478,#2460,#2488,.T.);
#2490=ORIENTED_EDGE('',*,*,#2489,.T.);
#2491=EDGE_LOOP('',(#2468,#2476,#2484,#2490));
#2492=FACE_BOUND('',#2491,.T.);
#2493=ADVANCED_FACE('NONE',(#2492),#2458,.T.);
#2494=CARTESIAN_POINT('',(131.469906052,-42.247438779,26.857459202));
#2495=DIRECTION('',(0.,1.,0.));
#2496=DIRECTION('',(1.,0.,0.));
#2497=AXIS2_PLACEMENT_3D('',#2494,#2495,#2496);
#2498=PLANE('',#2497);
#2499=ORIENTED_EDGE('',*,*,#1861,.F.);
#2500=CARTESIAN_POINT('',(126.424906052,-42.247438779,25.457459202));
#2501=DIRECTION('',(1.,0.,-0.));
#2502=VECTOR('',#2501,10.09);
#2503=LINE('',#2500,#2502);
#2504=EDGE_CURVE('NONE',#1850,#1880,#2503,.T.);
#2505=ORIENTED_EDGE('',*,*,#2504,.T.);
#2506=ORIENTED_EDGE('',*,*,#1885,.T.);
#2507=ORIENTED_EDGE('',*,*,#1546,.T.);
#2508=EDGE_LOOP('',(#2499,#2505,#2506,#2507));
#2509=FACE_BOUND('',#2508,.T.);
#2510=ADVANCED_FACE('NONE',(#2509),#2498,.F.);
#2511=CARTESIAN_POINT('',(-114.9198,-40.722438779,27.657459202));
#2512=DIRECTION('',(1.,0.,0.));
#2513=DIRECTION('',(0.,1.,0.));
#2514=AXIS2_PLACEMENT_3D('',#2511,#2512,#2513);
#2515=PLANE('',#2514);
#2516=CARTESIAN_POINT('',(-114.919800001,-48.247438779,29.657459201));
#2517=VERTEX_POINT('',#2516);
#2518=CARTESIAN_POINT('',(-114.9198,-48.247438779,24.657459202));
#2519=VERTEX_POINT('',#2518);
#2520=CARTESIAN_POINT('',(-114.9198,-48.247438779,29.657459201));
#2521=DIRECTION('',(-0.,-0.,-1.));
#2522=VECTOR('',#2521,4.999999999);
#2523=LINE('',#2520,#2522);
#2524=EDGE_CURVE('NONE',#2517,#2519,#2523,.T.);
#2525=ORIENTED_EDGE('',*,*,#2524,.T.);
#2526=CARTESIAN_POINT('',(-114.9198,-33.197438779,24.657459202));
#2527=VERTEX_POINT('',#2526);
#2528=CARTESIAN_POINT('',(-114.9198,-48.247438779,24.657459202));
#2529=DIRECTION('',(0.,1.,0.));
#2530=VECTOR('',#2529,15.05);
#2531=LINE('',#2528,#2530);
#2532=EDGE_CURVE('NONE',#2519,#2527,#2531,.T.);
#2533=ORIENTED_EDGE('',*,*,#2532,.T.);
#2534=CARTESIAN_POINT('',(-114.9198,-33.197438779,29.657459202));
#2535=VERTEX_POINT('',#2534);
#2536=CARTESIAN_POINT('',(-114.9198,-33.197438779,24.657459202));
#2537=DIRECTION('',(0.,0.,1.));
#2538=VECTOR('',#2537,5.);
#2539=LINE('',#2536,#2538);
#2540=EDGE_CURVE('NONE',#2527,#2535,#2539,.T.);
#2541=ORIENTED_EDGE('',*,*,#2540,.T.);
#2542=CARTESIAN_POINT('',(-114.9198,-33.197438779,29.657459202));
#2543=DIRECTION('',(-0.,-1.,-0.));
#2544=VECTOR('',#2543,15.05);
#2545=LINE('',#2542,#2544);
#2546=EDGE_CURVE('NONE',#2535,#2517,#2545,.T.);
#2547=ORIENTED_EDGE('',*,*,#2546,.T.);
#2548=EDGE_LOOP('',(#2525,#2533,#2541,#2547));
#2549=FACE_BOUND('',#2548,.T.);
#2550=ADVANCED_FACE('NONE',(#2549),#2515,.T.);
#2551=CARTESIAN_POINT('',(-129.1198,-31.197438779,27.657459202));
#2552=DIRECTION('',(0.,1.,0.));
#2553=DIRECTION('',(1.,0.,0.));
#2554=AXIS2_PLACEMENT_3D('',#2551,#2552,#2553);
#2555=PLANE('',#2554);
#2556=CARTESIAN_POINT('',(-116.9198,-31.19743878,29.657459201));
#2557=VERTEX_POINT('',#2556);
#2558=CARTESIAN_POINT('',(-116.9198,-31.197438779,24.657459202));
#2559=VERTEX_POINT('',#2558);
#2560=CARTESIAN_POINT('',(-116.9198,-31.197438779,29.657459201));
#2561=DIRECTION('',(0.,0.,-1.));
#2562=VECTOR('',#2561,4.999999999);
#2563=LINE('',#2560,#2562);
#2564=EDGE_CURVE('NONE',#2557,#2559,#2563,.T.);
#2565=ORIENTED_EDGE('',*,*,#2564,.T.);
#2566=CARTESIAN_POINT('',(-141.3198,-31.197438779,24.657459202));
#2567=VERTEX_POINT('',#2566);
#2568=CARTESIAN_POINT('',(-116.9198,-31.197438779,24.657459202));
#2569=DIRECTION('',(-1.,-0.,0.));
#2570=VECTOR('',#2569,24.4);
#2571=LINE('',#2568,#2570);
#2572=EDGE_CURVE('NONE',#2559,#2567,#2571,.T.);
#2573=ORIENTED_EDGE('',*,*,#2572,.T.);
#2574=CARTESIAN_POINT('',(-141.3198,-31.197438779,29.657459202));
#2575=VERTEX_POINT('',#2574);
#2576=CARTESIAN_POINT('',(-141.3198,-31.197438779,24.657459202));
#2577=DIRECTION('',(-0.,-0.,1.));
#2578=VECTOR('',#2577,5.);
#2579=LINE('',#2576,#2578);
#2580=EDGE_CURVE('NONE',#2567,#2575,#2579,.T.);
#2581=ORIENTED_EDGE('',*,*,#2580,.T.);
#2582=CARTESIAN_POINT('',(-141.3198,-31.197438779,29.657459202));
#2583=DIRECTION('',(1.,0.,-0.));
#2584=VECTOR('',#2583,24.4);
#2585=LINE('',#2582,#2584);
#2586=EDGE_CURVE('NONE',#2575,#2557,#2585,.T.);
#2587=ORIENTED_EDGE('',*,*,#2586,.T.);
#2588=EDGE_LOOP('',(#2565,#2573,#2581,#2587));
#2589=FACE_BOUND('',#2588,.T.);
#2590=ADVANCED_FACE('NONE',(#2589),#2555,.T.);
#2591=CARTESIAN_POINT('',(141.9198,-29.19405,6.257459202));
#2592=DIRECTION('',(0.,0.,-1.));
#2593=DIRECTION('',(0.,1.,0.));
#2594=AXIS2_PLACEMENT_3D('',#2591,#2592,#2593);
#2595=CYLINDRICAL_SURFACE('',#2594,2.);
#2596=ORIENTED_EDGE('',*,*,#147,.F.);
#2597=CARTESIAN_POINT('',(141.9198,-29.19405,24.657459202));
#2598=DIRECTION('',(0.,0.,-1.));
#2599=DIRECTION('',(-1.,0.,0.));
#2600=AXIS2_PLACEMENT_3D('',#2597,#2598,#2599);
#2601=CIRCLE('',#2600,2.);
#2602=EDGE_CURVE('NONE',#136,#2422,#2601,.T.);
#2603=ORIENTED_EDGE('',*,*,#2602,.T.);
#2604=ORIENTED_EDGE('',*,*,#2427,.F.);
#2605=CARTESIAN_POINT('',(141.9198,-29.19405,29.657459202));
#2606=DIRECTION('',(-0.,-0.,1.));
#2607=DIRECTION('',(-1.,0.,0.));
#2608=AXIS2_PLACEMENT_3D('',#2605,#2606,#2607);
#2609=CIRCLE('',#2608,2.);
#2610=EDGE_CURVE('NONE',#2420,#102,#2609,.T.);
#2611=ORIENTED_EDGE('',*,*,#2610,.T.);
#2612=EDGE_LOOP('',(#2596,#2603,#2604,#2611));
#2613=FACE_BOUND('',#2612,.T.);
#2614=ADVANCED_FACE('NONE',(#2613),#2595,.F.);
#2615=CARTESIAN_POINT('',(98.470790219,-33.19405,28.657459202));
#2616=DIRECTION('',(0.,0.,1.));
#2617=DIRECTION('',(0.,-1.,0.));
#2618=AXIS2_PLACEMENT_3D('',#2615,#2616,#2617);
#2619=CYLINDRICAL_SURFACE('',#2618,2.);
#2620=ORIENTED_EDGE('',*,*,#2443,.F.);
#2621=CARTESIAN_POINT('',(98.470790219,-33.19405,24.657459202));
#2622=DIRECTION('',(0.,0.,1.));
#2623=DIRECTION('',(1.,0.,-0.));
#2624=AXIS2_PLACEMENT_3D('',#2621,#2622,#2623);
#2625=CIRCLE('',#2624,2.);
#2626=EDGE_CURVE('NONE',#2430,#2462,#2625,.T.);
#2627=ORIENTED_EDGE('',*,*,#2626,.T.);
#2628=ORIENTED_EDGE('',*,*,#2467,.F.);
#2629=CARTESIAN_POINT('',(98.470790219,-33.19405,29.657459202));
#2630=DIRECTION('',(-0.,-0.,-1.));
#2631=DIRECTION('',(1.,0.,-0.));
#2632=AXIS2_PLACEMENT_3D('',#2629,#2630,#2631);
#2633=CIRCLE('',#2632,2.);
#2634=EDGE_CURVE('NONE',#2460,#2438,#2633,.T.);
#2635=ORIENTED_EDGE('',*,*,#2634,.T.);
#2636=EDGE_LOOP('',(#2620,#2627,#2628,#2635));
#2637=FACE_BOUND('',#2636,.T.);
#2638=ADVANCED_FACE('NONE',(#2637),#2619,.T.);
#2639=CARTESIAN_POINT('',(-112.9198,-48.247438779,6.257459202));
#2640=DIRECTION('',(0.,0.,-1.));
#2641=DIRECTION('',(0.,1.,0.));
#2642=AXIS2_PLACEMENT_3D('',#2639,#2640,#2641);
#2643=CYLINDRICAL_SURFACE('',#2642,2.);
#2644=ORIENTED_EDGE('',*,*,#1418,.F.);
#2645=CARTESIAN_POINT('',(-112.9198,-48.247438779,24.657459202));
#2646=DIRECTION('',(0.,0.,-1.));
#2647=DIRECTION('',(-1.,0.,0.));
#2648=AXIS2_PLACEMENT_3D('',#2645,#2646,#2647);
#2649=CIRCLE('',#2648,2.);
#2650=EDGE_CURVE('NONE',#1405,#2519,#2649,.T.);
#2651=ORIENTED_EDGE('',*,*,#2650,.T.);
#2652=ORIENTED_EDGE('',*,*,#2524,.F.);
#2653=CARTESIAN_POINT('',(-112.9198,-48.247438779,29.657459202));
#2654=DIRECTION('',(-0.,-0.,1.));
#2655=DIRECTION('',(-1.,0.,0.));
#2656=AXIS2_PLACEMENT_3D('',#2653,#2654,#2655);
#2657=CIRCLE('',#2656,2.);
#2658=EDGE_CURVE('NONE',#2517,#1413,#2657,.T.);
#2659=ORIENTED_EDGE('',*,*,#2658,.T.);
#2660=EDGE_LOOP('',(#2644,#2651,#2652,#2659));
#2661=FACE_BOUND('',#2660,.T.);
#2662=ADVANCED_FACE('NONE',(#2661),#2643,.F.);
#2663=CARTESIAN_POINT('',(-141.3198,-29.197438779,27.657459202));
#2664=DIRECTION('',(0.,0.,-1.));
#2665=DIRECTION('',(0.,1.,0.));
#2666=AXIS2_PLACEMENT_3D('',#2663,#2664,#2665);
#2667=CYLINDRICAL_SURFACE('',#2666,2.);
#2668=ORIENTED_EDGE('',*,*,#2580,.F.);
#2669=CARTESIAN_POINT('',(-141.3198,-29.197438779,24.657459202));
#2670=DIRECTION('',(0.,0.,-1.));
#2671=DIRECTION('',(-1.,0.,0.));
#2672=AXIS2_PLACEMENT_3D('',#2669,#2670,#2671);
#2673=CIRCLE('',#2672,2.);
#2674=EDGE_CURVE('NONE',#2567,#650,#2673,.T.);
#2675=ORIENTED_EDGE('',*,*,#2674,.T.);
#2676=ORIENTED_EDGE('',*,*,#655,.F.);
#2677=CARTESIAN_POINT('',(-141.3198,-29.197438779,29.657459202));
#2678=DIRECTION('',(-0.,-0.,1.));
#2679=DIRECTION('',(-1.,0.,0.));
#2680=AXIS2_PLACEMENT_3D('',#2677,#2678,#2679);
#2681=CIRCLE('',#2680,2.);
#2682=EDGE_CURVE('NONE',#642,#2575,#2681,.T.);
#2683=ORIENTED_EDGE('',*,*,#2682,.T.);
#2684=EDGE_LOOP('',(#2668,#2675,#2676,#2683));
#2685=FACE_BOUND('',#2684,.T.);
#2686=ADVANCED_FACE('NONE',(#2685),#2667,.F.);
#2687=CARTESIAN_POINT('',(-116.9198,-33.197438779,27.657459202));
#2688=DIRECTION('',(0.,0.,1.));
#2689=DIRECTION('',(0.,-1.,0.));
#2690=AXIS2_PLACEMENT_3D('',#2687,#2688,#2689);
#2691=CYLINDRICAL_SURFACE('',#2690,2.);
#2692=ORIENTED_EDGE('',*,*,#2540,.F.);
#2693=CARTESIAN_POINT('',(-116.9198,-33.197438779,24.657459202));
#2694=DIRECTION('',(0.,0.,1.));
#2695=DIRECTION('',(1.,0.,-0.));
#2696=AXIS2_PLACEMENT_3D('',#2693,#2694,#2695);
#2697=CIRCLE('',#2696,2.);
#2698=EDGE_CURVE('NONE',#2527,#2559,#2697,.T.);
#2699=ORIENTED_EDGE('',*,*,#2698,.T.);
#2700=ORIENTED_EDGE('',*,*,#2564,.F.);
#2701=CARTESIAN_POINT('',(-116.9198,-33.197438779,29.657459202));
#2702=DIRECTION('',(-0.,-0.,-1.));
#2703=DIRECTION('',(1.,0.,-0.));
#2704=AXIS2_PLACEMENT_3D('',#2701,#2702,#2703);
#2705=CIRCLE('',#2704,2.);
#2706=EDGE_CURVE('NONE',#2557,#2535,#2705,.T.);
#2707=ORIENTED_EDGE('',*,*,#2706,.T.);
#2708=EDGE_LOOP('',(#2692,#2699,#2700,#2707));
#2709=FACE_BOUND('',#2708,.T.);
#2710=ADVANCED_FACE('NONE',(#2709),#2691,.T.);
#2711=CARTESIAN_POINT('',(94.470790219,-48.247438779,28.657459202));
#2712=DIRECTION('',(0.,0.,-1.));
#2713=DIRECTION('',(0.,1.,0.));
#2714=AXIS2_PLACEMENT_3D('',#2711,#2712,#2713);
#2715=CYLINDRICAL_SURFACE('',#2714,2.);
#2716=ORIENTED_EDGE('',*,*,#2483,.F.);
#2717=CARTESIAN_POINT('',(94.470790219,-48.247438779,24.657459202));
#2718=DIRECTION('',(0.,0.,-1.));
#2719=DIRECTION('',(-1.,0.,0.));
#2720=AXIS2_PLACEMENT_3D('',#2717,#2718,#2719);
#2721=CIRCLE('',#2720,2.);
#2722=EDGE_CURVE('NONE',#2470,#1397,#2721,.T.);
#2723=ORIENTED_EDGE('',*,*,#2722,.T.);
#2724=ORIENTED_EDGE('',*,*,#1402,.F.);
#2725=CARTESIAN_POINT('',(94.470790219,-48.247438779,29.657459202));
#2726=DIRECTION('',(-0.,-0.,1.));
#2727=DIRECTION('',(-1.,0.,0.));
#2728=AXIS2_PLACEMENT_3D('',#2725,#2726,#2727);
#2729=CIRCLE('',#2728,2.);
#2730=EDGE_CURVE('NONE',#1395,#2478,#2729,.T.);
#2731=ORIENTED_EDGE('',*,*,#2730,.T.);
#2732=EDGE_LOOP('',(#2716,#2723,#2724,#2731));
#2733=FACE_BOUND('',#2732,.T.);
#2734=ADVANCED_FACE('NONE',(#2733),#2715,.F.);
#2735=CARTESIAN_POINT('',(141.9198,-29.19405,30.257459202));
#2736=DIRECTION('',(0.,0.,1.));
#2737=DIRECTION('',(1.,0.,-0.));
#2738=AXIS2_PLACEMENT_3D('',#2735,#2736,#2737);
#2739=CONICAL_SURFACE('',#2738,2.6,44.999999949);
#2740=ORIENTED_EDGE('',*,*,#1285,.T.);
#2741=ORIENTED_EDGE('',*,*,#2610,.F.);
#2742=CARTESIAN_POINT('',(141.9198,-31.79405,30.257459202));
#2743=DIRECTION('',(-0.,0.707106781,-0.707106781));
#2744=VECTOR('',#2743,0.848528137);
#2745=LINE('',#2742,#2744);
#2746=EDGE_CURVE('NONE',#234,#2420,#2745,.T.);
#2747=ORIENTED_EDGE('',*,*,#2746,.F.);
#2748=ORIENTED_EDGE('',*,*,#240,.F.);
#2749=EDGE_LOOP('',(#2740,#2741,#2747,#2748));
#2750=FACE_BOUND('',#2749,.T.);
#2751=ADVANCED_FACE('NONE',(#2750),#2739,.F.);
#2752=CARTESIAN_POINT('',(0.3,-31.79405,30.257459202));
#2753=DIRECTION('',(0.,-0.707106781,-0.707106781));
#2754=DIRECTION('',(0.,-0.707106781,0.707106781));
#2755=AXIS2_PLACEMENT_3D('',#2752,#2753,#2754);
#2756=PLANE('',#2755);
#2757=ORIENTED_EDGE('',*,*,#2746,.T.);
#2758=ORIENTED_EDGE('',*,*,#2449,.F.);
#2759=CARTESIAN_POINT('',(98.470790219,-31.79405,30.257459202));
#2760=CARTESIAN_POINT('',(98.47079022,-31.194050001,29.657459203));
#2761=B_SPLINE_CURVE_WITH_KNOTS('',1,(#2759,#2760),.UNSPECIFIED.,.F.,.F.,(2,2),(0.,1.),.UNSPECIFIED.);
#2762=EDGE_CURVE('NONE',#243,#2438,#2761,.T.);
#2763=ORIENTED_EDGE('',*,*,#2762,.F.);
#2764=ORIENTED_EDGE('',*,*,#248,.F.);
#2765=EDGE_LOOP('',(#2757,#2758,#2763,#2764));
#2766=FACE_BOUND('',#2765,.T.);
#2767=ADVANCED_FACE('NONE',(#2766),#2756,.F.);
#2768=CARTESIAN_POINT('',(98.470790219,-33.19405,30.257459202));
#2769=DIRECTION('',(0.,0.,-1.));
#2770=DIRECTION('',(-1.,0.,0.));
#2771=AXIS2_PLACEMENT_3D('',#2768,#2769,#2770);
#2772=CONICAL_SURFACE('',#2771,1.4,44.999999949);
#2773=ORIENTED_EDGE('',*,*,#2762,.T.);
#2774=ORIENTED_EDGE('',*,*,#2634,.F.);
#2775=CARTESIAN_POINT('',(97.070790219,-33.19405,30.257459202));
#2776=DIRECTION('',(-0.707106781,0.,-0.707106781));
#2777=VECTOR('',#2776,0.848528137);
#2778=LINE('',#2775,#2777);
#2779=EDGE_CURVE('NONE',#251,#2460,#2778,.T.);
#2780=ORIENTED_EDGE('',*,*,#2779,.F.);
#2781=ORIENTED_EDGE('',*,*,#257,.F.);
#2782=EDGE_LOOP('',(#2773,#2774,#2780,#2781));
#2783=FACE_BOUND('',#2782,.T.);
#2784=ADVANCED_FACE('NONE',(#2783),#2772,.T.);
#2785=CARTESIAN_POINT('',(-141.3198,-29.197438779,30.257459202));
#2786=DIRECTION('',(0.,0.,1.));
#2787=DIRECTION('',(1.,0.,-0.));
#2788=AXIS2_PLACEMENT_3D('',#2785,#2786,#2787);
#2789=CONICAL_SURFACE('',#2788,2.6,44.999999949);
#2790=ORIENTED_EDGE('',*,*,#1307,.T.);
#2791=ORIENTED_EDGE('',*,*,#323,.F.);
#2792=CARTESIAN_POINT('',(-141.3198,-31.197438779,29.657459202));
#2793=DIRECTION('',(0.,-0.707106781,0.707106781));
#2794=VECTOR('',#2793,0.848528137);
#2795=LINE('',#2792,#2794);
#2796=EDGE_CURVE('NONE',#2575,#311,#2795,.T.);
#2797=ORIENTED_EDGE('',*,*,#2796,.F.);
#2798=ORIENTED_EDGE('',*,*,#2682,.F.);
#2799=EDGE_LOOP('',(#2790,#2791,#2797,#2798));
#2800=FACE_BOUND('',#2799,.T.);
#2801=ADVANCED_FACE('NONE',(#2800),#2789,.F.);
#2802=CARTESIAN_POINT('',(97.070790219,-2.003388779,30.257459202));
#2803=DIRECTION('',(0.707106781,0.,-0.707106781));
#2804=DIRECTION('',(0.,-1.,0.));
#2805=AXIS2_PLACEMENT_3D('',#2802,#2803,#2804);
#2806=PLANE('',#2805);
#2807=ORIENTED_EDGE('',*,*,#2779,.T.);
#2808=ORIENTED_EDGE('',*,*,#2489,.F.);
#2809=CARTESIAN_POINT('',(97.070790219,-48.247438779,30.257459202));
#2810=CARTESIAN_POINT('',(96.470790219,-48.247438779,29.657459202));
#2811=B_SPLINE_CURVE_WITH_KNOTS('',1,(#2809,#2810),.UNSPECIFIED.,.F.,.F.,(2,2),(0.,1.),.UNSPECIFIED.);
#2812=EDGE_CURVE('NONE',#260,#2478,#2811,.T.);
#2813=ORIENTED_EDGE('',*,*,#2812,.F.);
#2814=ORIENTED_EDGE('',*,*,#265,.F.);
#2815=EDGE_LOOP('',(#2807,#2808,#2813,#2814));
#2816=FACE_BOUND('',#2815,.T.);
#2817=ADVANCED_FACE('NONE',(#2816),#2806,.F.);
#2818=CARTESIAN_POINT('',(0.3,-31.797438779,30.257459202));
#2819=DIRECTION('',(0.,-0.707106781,-0.707106781));
#2820=DIRECTION('',(0.,-0.707106781,0.707106781));
#2821=AXIS2_PLACEMENT_3D('',#2818,#2819,#2820);
#2822=PLANE('',#2821);
#2823=ORIENTED_EDGE('',*,*,#2796,.T.);
#2824=ORIENTED_EDGE('',*,*,#316,.F.);
#2825=CARTESIAN_POINT('',(-116.9198,-31.19743878,29.657459201));
#2826=DIRECTION('',(-0.,-0.707106781,0.707106782));
#2827=VECTOR('',#2826,0.848528138);
#2828=LINE('',#2825,#2827);
#2829=EDGE_CURVE('NONE',#2557,#302,#2828,.T.);
#2830=ORIENTED_EDGE('',*,*,#2829,.F.);
#2831=ORIENTED_EDGE('',*,*,#2586,.F.);
#2832=EDGE_LOOP('',(#2823,#2824,#2830,#2831));
#2833=FACE_BOUND('',#2832,.T.);
#2834=ADVANCED_FACE('NONE',(#2833),#2822,.F.);
#2835=CARTESIAN_POINT('',(94.470790219,-48.247438779,30.257459202));
#2836=DIRECTION('',(0.,0.,1.));
#2837=DIRECTION('',(1.,0.,-0.));
#2838=AXIS2_PLACEMENT_3D('',#2835,#2836,#2837);
#2839=CONICAL_SURFACE('',#2838,2.6,44.999999949);
#2840=ORIENTED_EDGE('',*,*,#2812,.T.);
#2841=ORIENTED_EDGE('',*,*,#2730,.F.);
#2842=CARTESIAN_POINT('',(94.470824772,-50.847438779,30.257459202));
#2843=DIRECTION('',(-0.,0.707106781,-0.707106781));
#2844=VECTOR('',#2843,0.848528137);
#2845=LINE('',#2842,#2844);
#2846=EDGE_CURVE('NONE',#268,#1395,#2845,.T.);
#2847=ORIENTED_EDGE('',*,*,#2846,.F.);
#2848=ORIENTED_EDGE('',*,*,#274,.F.);
#2849=EDGE_LOOP('',(#2840,#2841,#2847,#2848));
#2850=FACE_BOUND('',#2849,.T.);
#2851=ADVANCED_FACE('NONE',(#2850),#2839,.F.);
#2852=CARTESIAN_POINT('',(-116.9198,-33.197438779,30.257459202));
#2853=DIRECTION('',(0.,0.,-1.));
#2854=DIRECTION('',(-1.,0.,0.));
#2855=AXIS2_PLACEMENT_3D('',#2852,#2853,#2854);
#2856=CONICAL_SURFACE('',#2855,1.4,44.999999949);
#2857=ORIENTED_EDGE('',*,*,#2829,.T.);
#2858=ORIENTED_EDGE('',*,*,#308,.F.);
#2859=CARTESIAN_POINT('',(-114.9198,-33.197438779,29.657459202));
#2860=DIRECTION('',(-0.707106781,0.,0.707106781));
#2861=VECTOR('',#2860,0.848528138);
#2862=LINE('',#2859,#2861);
#2863=EDGE_CURVE('NONE',#2535,#294,#2862,.T.);
#2864=ORIENTED_EDGE('',*,*,#2863,.F.);
#2865=ORIENTED_EDGE('',*,*,#2706,.F.);
#2866=EDGE_LOOP('',(#2857,#2858,#2864,#2865));
#2867=FACE_BOUND('',#2866,.T.);
#2868=ADVANCED_FACE('NONE',(#2867),#2856,.T.);
#2869=CARTESIAN_POINT('',(0.3,-50.847438779,30.257459202));
#2870=DIRECTION('',(0.,-0.707106781,-0.707106781));
#2871=DIRECTION('',(0.,-0.707106781,0.707106781));
#2872=AXIS2_PLACEMENT_3D('',#2869,#2870,#2871);
#2873=PLANE('',#2872);
#2874=ORIENTED_EDGE('',*,*,#2846,.T.);
#2875=ORIENTED_EDGE('',*,*,#1424,.F.);
#2876=CARTESIAN_POINT('',(-112.9198,-50.847438779,30.257459202));
#2877=CARTESIAN_POINT('',(-112.9198,-50.647438779,30.057459202));
#2878=CARTESIAN_POINT('',(-112.9198,-50.447438779,29.857459202));
#2879=CARTESIAN_POINT('',(-112.9198,-50.24743878,29.657459201));
#2880=B_SPLINE_CURVE_WITH_KNOTS('',3,(#2876,#2877,#2878,#2879),.UNSPECIFIED.,.F.,.F.,(4,4),(0.,0.848528137),.UNSPECIFIED.);
#2881=EDGE_CURVE('NONE',#277,#1413,#2880,.T.);
#2882=ORIENTED_EDGE('',*,*,#2881,.F.);
#2883=ORIENTED_EDGE('',*,*,#282,.F.);
#2884=EDGE_LOOP('',(#2874,#2875,#2882,#2883));
#2885=FACE_BOUND('',#2884,.T.);
#2886=ADVANCED_FACE('NONE',(#2885),#2873,.F.);
#2887=CARTESIAN_POINT('',(-115.5198,-2.003388779,30.257459202));
#2888=DIRECTION('',(-0.707106781,0.,-0.707106781));
#2889=DIRECTION('',(-0.707106781,0.,0.707106781));
#2890=AXIS2_PLACEMENT_3D('',#2887,#2888,#2889);
#2891=PLANE('',#2890);
#2892=ORIENTED_EDGE('',*,*,#2863,.T.);
#2893=ORIENTED_EDGE('',*,*,#299,.F.);
#2894=CARTESIAN_POINT('',(-114.919800001,-48.247438779,29.657459201));
#2895=DIRECTION('',(-0.707106781,0.,0.707106782));
#2896=VECTOR('',#2895,0.848528137);
#2897=LINE('',#2894,#2896);
#2898=EDGE_CURVE('NONE',#2517,#285,#2897,.T.);
#2899=ORIENTED_EDGE('',*,*,#2898,.F.);
#2900=ORIENTED_EDGE('',*,*,#2546,.F.);
#2901=EDGE_LOOP('',(#2892,#2893,#2899,#2900));
#2902=FACE_BOUND('',#2901,.T.);
#2903=ADVANCED_FACE('NONE',(#2902),#2891,.F.);
#2904=CARTESIAN_POINT('',(-112.9198,-48.247438779,30.257459202));
#2905=DIRECTION('',(0.,0.,1.));
#2906=DIRECTION('',(1.,0.,-0.));
#2907=AXIS2_PLACEMENT_3D('',#2904,#2905,#2906);
#2908=CONICAL_SURFACE('',#2907,2.6,44.999999949);
#2909=ORIENTED_EDGE('',*,*,#2881,.T.);
#2910=ORIENTED_EDGE('',*,*,#2658,.F.);
#2911=ORIENTED_EDGE('',*,*,#2898,.T.);
#2912=ORIENTED_EDGE('',*,*,#291,.F.);
#2913=EDGE_LOOP('',(#2909,#2910,#2911,#2912));
#2914=FACE_BOUND('',#2913,.T.);
#2915=ADVANCED_FACE('NONE',(#2914),#2908,.F.);
#2916=CARTESIAN_POINT('',(143.9198,-2.003388779,24.657459202));
#2917=DIRECTION('',(-0.707106781,0.,-0.707106781));
#2918=DIRECTION('',(-0.707106781,0.,0.707106781));
#2919=AXIS2_PLACEMENT_3D('',#2916,#2917,#2918);
#2920=PLANE('',#2919);
#2921=ORIENTED_EDGE('',*,*,#1830,.F.);
#2922=ORIENTED_EDGE('',*,*,#485,.F.);
#2923=CARTESIAN_POINT('',(143.9198,-29.19405,24.657459202));
#2924=DIRECTION('',(0.707106781,0.,-0.707106782));
#2925=VECTOR('',#2924,0.282842712);
#2926=LINE('',#2923,#2925);
#2927=EDGE_CURVE('NONE',#136,#471,#2926,.T.);
#2928=ORIENTED_EDGE('',*,*,#2927,.F.);
#2929=ORIENTED_EDGE('',*,*,#141,.F.);
#2930=EDGE_LOOP('',(#2921,#2922,#2928,#2929));
#2931=FACE_BOUND('',#2930,.T.);
#2932=ADVANCED_FACE('NONE',(#2931),#2920,.T.);
#2933=CARTESIAN_POINT('',(141.9198,-29.19405,24.457459202));
#2934=DIRECTION('',(0.,0.,-1.));
#2935=DIRECTION('',(-1.,0.,0.));
#2936=AXIS2_PLACEMENT_3D('',#2933,#2934,#2935);
#2937=CONICAL_SURFACE('',#2936,2.2,44.999999949);
#2938=ORIENTED_EDGE('',*,*,#2927,.T.);
#2939=ORIENTED_EDGE('',*,*,#477,.F.);
#2940=CARTESIAN_POINT('',(141.9198,-31.19405,24.657459202));
#2941=DIRECTION('',(-0.,-0.707106781,-0.707106781));
#2942=VECTOR('',#2941,0.282842712);
#2943=LINE('',#2940,#2942);
#2944=EDGE_CURVE('NONE',#2422,#463,#2943,.T.);
#2945=ORIENTED_EDGE('',*,*,#2944,.F.);
#2946=ORIENTED_EDGE('',*,*,#2602,.F.);
#2947=EDGE_LOOP('',(#2938,#2939,#2945,#2946));
#2948=FACE_BOUND('',#2947,.T.);
#2949=ADVANCED_FACE('NONE',(#2948),#2937,.F.);
#2950=CARTESIAN_POINT('',(129.970295109,-31.19405,24.657459202));
#2951=DIRECTION('',(0.,0.707106781,-0.707106781));
#2952=DIRECTION('',(-1.,0.,0.));
#2953=AXIS2_PLACEMENT_3D('',#2950,#2951,#2952);
#2954=PLANE('',#2953);
#2955=ORIENTED_EDGE('',*,*,#2944,.T.);
#2956=ORIENTED_EDGE('',*,*,#468,.F.);
#2957=CARTESIAN_POINT('',(98.473971349,-31.194050002,24.6574592));
#2958=CARTESIAN_POINT('',(98.473392118,-31.200714167,24.650795035));
#2959=CARTESIAN_POINT('',(98.472233402,-31.214045399,24.637463803));
#2960=CARTESIAN_POINT('',(98.472034135,-31.234137084,24.617372118));
#2961=CARTESIAN_POINT('',(98.464300997,-31.254039089,24.597470113));
#2962=CARTESIAN_POINT('',(98.472571291,-31.273958967,24.577550235));
#2963=CARTESIAN_POINT('',(98.46883626,-31.294063102,24.5574461));
#2964=CARTESIAN_POINT('',(98.470536706,-31.314033186,24.537476016));
#2965=CARTESIAN_POINT('',(98.472234595,-31.334132185,24.517377017));
#2966=CARTESIAN_POINT('',(98.465056448,-31.3540522,24.497457002));
#2967=CARTESIAN_POINT('',(98.472253694,-31.373968052,24.47754115));
#2968=CARTESIAN_POINT('',(98.471280222,-31.387371679,24.464137523));
#2969=CARTESIAN_POINT('',(98.470795193,-31.394050002,24.4574592));
#2970=B_SPLINE_CURVE_WITH_KNOTS('',3,(#2957,#2958,#2959,#2960,#2961,#2962,#2963,#2964,#2965,#2966,#2967,#2968,#2969),.UNSPECIFIED.,.F.,.F.,(4,1,1,1,1,1,1,1,1,1,4),(0.,0.099787674,0.199618816,0.300171955,0.400628144,0.500322869,0.600013366,0.699667679,0.799996674,0.900348852,1.),.UNSPECIFIED.);
#2971=EDGE_CURVE('NONE',#2430,#454,#2970,.T.);
#2972=ORIENTED_EDGE('',*,*,#2971,.F.);
#2973=ORIENTED_EDGE('',*,*,#2435,.F.);
#2974=EDGE_LOOP('',(#2955,#2956,#2972,#2973));
#2975=FACE_BOUND('',#2974,.T.);
#2976=ADVANCED_FACE('NONE',(#2975),#2954,.T.);
#2977=CARTESIAN_POINT('',(98.470790219,-33.19405,24.457459202));
#2978=DIRECTION('',(0.,0.,1.));
#2979=DIRECTION('',(1.,0.,-0.));
#2980=AXIS2_PLACEMENT_3D('',#2977,#2978,#2979);
#2981=CONICAL_SURFACE('',#2980,1.8,44.999999949);
#2982=ORIENTED_EDGE('',*,*,#2971,.T.);
#2983=ORIENTED_EDGE('',*,*,#460,.F.);
#2984=CARTESIAN_POINT('',(96.470790219,-33.19405,24.657459202));
#2985=DIRECTION('',(0.707106781,-0.,-0.707106781));
#2986=VECTOR('',#2985,0.282842713);
#2987=LINE('',#2984,#2986);
#2988=EDGE_CURVE('NONE',#2462,#446,#2987,.T.);
#2989=ORIENTED_EDGE('',*,*,#2988,.F.);
#2990=ORIENTED_EDGE('',*,*,#2626,.F.);
#2991=EDGE_LOOP('',(#2982,#2983,#2989,#2990));
#2992=FACE_BOUND('',#2991,.T.);
#2993=ADVANCED_FACE('NONE',(#2992),#2981,.T.);
#2994=CARTESIAN_POINT('',(96.470790219,-40.970744389,24.657459202));
#2995=DIRECTION('',(-0.707106781,0.,-0.707106781));
#2996=DIRECTION('',(-0.707106781,0.,0.707106781));
#2997=AXIS2_PLACEMENT_3D('',#2994,#2995,#2996);
#2998=PLANE('',#2997);
#2999=ORIENTED_EDGE('',*,*,#2988,.T.);
#3000=ORIENTED_EDGE('',*,*,#451,.F.);
#3001=CARTESIAN_POINT('',(96.470790219,-48.247438779,24.657459202));
#3002=DIRECTION('',(0.707106781,0.,-0.707106782));
#3003=VECTOR('',#3002,0.282842712);
#3004=LINE('',#3001,#3003);
#3005=EDGE_CURVE('NONE',#2470,#437,#3004,.T.);
#3006=ORIENTED_EDGE('',*,*,#3005,.F.);
#3007=ORIENTED_EDGE('',*,*,#2475,.F.);
#3008=EDGE_LOOP('',(#2999,#3000,#3006,#3007));
#3009=FACE_BOUND('',#3008,.T.);
#3010=ADVANCED_FACE('NONE',(#3009),#2998,.T.);
#3011=CARTESIAN_POINT('',(94.470790219,-48.247438779,24.457459202));
#3012=DIRECTION('',(0.,0.,-1.));
#3013=DIRECTION('',(-1.,0.,0.));
#3014=AXIS2_PLACEMENT_3D('',#3011,#3012,#3013);
#3015=CONICAL_SURFACE('',#3014,2.2,44.999999949);
#3016=ORIENTED_EDGE('',*,*,#3005,.T.);
#3017=ORIENTED_EDGE('',*,*,#443,.F.);
#3018=CARTESIAN_POINT('',(94.470810695,-50.247438779,24.657459202));
#3019=DIRECTION('',(-0.,-0.707106781,-0.707106781));
#3020=VECTOR('',#3019,0.282842712);
#3021=LINE('',#3018,#3020);
#3022=EDGE_CURVE('NONE',#1397,#429,#3021,.T.);
#3023=ORIENTED_EDGE('',*,*,#3022,.F.);
#3024=ORIENTED_EDGE('',*,*,#2722,.F.);
#3025=EDGE_LOOP('',(#3016,#3017,#3023,#3024));
#3026=FACE_BOUND('',#3025,.T.);
#3027=ADVANCED_FACE('NONE',(#3026),#3015,.F.);
#3028=CARTESIAN_POINT('',(0.3,-50.247438779,24.657459202));
#3029=DIRECTION('',(0.,0.707106781,-0.707106781));
#3030=DIRECTION('',(-1.,0.,0.));
#3031=AXIS2_PLACEMENT_3D('',#3028,#3029,#3030);
#3032=PLANE('',#3031);
#3033=ORIENTED_EDGE('',*,*,#3022,.T.);
#3034=ORIENTED_EDGE('',*,*,#434,.F.);
#3035=CARTESIAN_POINT('',(-112.9198,-50.247438779,24.657459202));
#3036=DIRECTION('',(0.,-0.707106781,-0.707106782));
#3037=VECTOR('',#3036,0.282842712);
#3038=LINE('',#3035,#3037);
#3039=EDGE_CURVE('NONE',#1405,#420,#3038,.T.);
#3040=ORIENTED_EDGE('',*,*,#3039,.F.);
#3041=ORIENTED_EDGE('',*,*,#1410,.F.);
#3042=EDGE_LOOP('',(#3033,#3034,#3040,#3041));
#3043=FACE_BOUND('',#3042,.T.);
#3044=ADVANCED_FACE('NONE',(#3043),#3032,.T.);
#3045=CARTESIAN_POINT('',(-112.9198,-48.247438779,24.457459202));
#3046=DIRECTION('',(0.,0.,-1.));
#3047=DIRECTION('',(-1.,0.,0.));
#3048=AXIS2_PLACEMENT_3D('',#3045,#3046,#3047);
#3049=CONICAL_SURFACE('',#3048,2.2,44.999999949);
#3050=ORIENTED_EDGE('',*,*,#3039,.T.);
#3051=ORIENTED_EDGE('',*,*,#426,.F.);
#3052=CARTESIAN_POINT('',(-114.9198,-48.247438779,24.657459202));
#3053=DIRECTION('',(-0.707106781,0.,-0.707106781));
#3054=VECTOR('',#3053,0.282842712);
#3055=LINE('',#3052,#3054);
#3056=EDGE_CURVE('NONE',#2519,#412,#3055,.T.);
#3057=ORIENTED_EDGE('',*,*,#3056,.F.);
#3058=ORIENTED_EDGE('',*,*,#2650,.F.);
#3059=EDGE_LOOP('',(#3050,#3051,#3057,#3058));
#3060=FACE_BOUND('',#3059,.T.);
#3061=ADVANCED_FACE('NONE',(#3060),#3049,.F.);
#3062=CARTESIAN_POINT('',(-114.9198,-40.722438779,24.657459202));
#3063=DIRECTION('',(0.707106781,0.,-0.707106781));
#3064=DIRECTION('',(0.,-1.,0.));
#3065=AXIS2_PLACEMENT_3D('',#3062,#3063,#3064);
#3066=PLANE('',#3065);
#3067=ORIENTED_EDGE('',*,*,#3056,.T.);
#3068=ORIENTED_EDGE('',*,*,#417,.F.);
#3069=CARTESIAN_POINT('',(-114.9198,-33.197438779,24.657459202));
#3070=DIRECTION('',(-0.707106781,-0.,-0.707106782));
#3071=VECTOR('',#3070,0.282842713);
#3072=LINE('',#3069,#3071);
#3073=EDGE_CURVE('NONE',#2527,#403,#3072,.T.);
#3074=ORIENTED_EDGE('',*,*,#3073,.F.);
#3075=ORIENTED_EDGE('',*,*,#2532,.F.);
#3076=EDGE_LOOP('',(#3067,#3068,#3074,#3075));
#3077=FACE_BOUND('',#3076,.T.);
#3078=ADVANCED_FACE('NONE',(#3077),#3066,.T.);
#3079=CARTESIAN_POINT('',(-116.9198,-33.197438779,24.457459202));
#3080=DIRECTION('',(0.,0.,1.));
#3081=DIRECTION('',(1.,0.,-0.));
#3082=AXIS2_PLACEMENT_3D('',#3079,#3080,#3081);
#3083=CONICAL_SURFACE('',#3082,1.8,44.999999949);
#3084=ORIENTED_EDGE('',*,*,#3073,.T.);
#3085=ORIENTED_EDGE('',*,*,#409,.F.);
#3086=CARTESIAN_POINT('',(-116.9198,-31.197438779,24.657459202));
#3087=DIRECTION('',(-0.,-0.707106781,-0.707106781));
#3088=VECTOR('',#3087,0.282842713);
#3089=LINE('',#3086,#3088);
#3090=EDGE_CURVE('NONE',#2559,#395,#3089,.T.);
#3091=ORIENTED_EDGE('',*,*,#3090,.F.);
#3092=ORIENTED_EDGE('',*,*,#2698,.F.);
#3093=EDGE_LOOP('',(#3084,#3085,#3091,#3092));
#3094=FACE_BOUND('',#3093,.T.);
#3095=ADVANCED_FACE('NONE',(#3094),#3083,.T.);
#3096=CARTESIAN_POINT('',(-129.1198,-31.197438779,24.657459202));
#3097=DIRECTION('',(0.,0.707106781,-0.707106781));
#3098=DIRECTION('',(-1.,0.,0.));
#3099=AXIS2_PLACEMENT_3D('',#3096,#3097,#3098);
#3100=PLANE('',#3099);
#3101=ORIENTED_EDGE('',*,*,#3090,.T.);
#3102=ORIENTED_EDGE('',*,*,#400,.F.);
#3103=CARTESIAN_POINT('',(-141.3198,-31.197438779,24.657459202));
#3104=DIRECTION('',(0.,-0.707106781,-0.707106782));
#3105=VECTOR('',#3104,0.282842712);
#3106=LINE('',#3103,#3105);
#3107=EDGE_CURVE('NONE',#2567,#386,#3106,.T.);
#3108=ORIENTED_EDGE('',*,*,#3107,.F.);
#3109=ORIENTED_EDGE('',*,*,#2572,.F.);
#3110=EDGE_LOOP('',(#3101,#3102,#3108,#3109));
#3111=FACE_BOUND('',#3110,.T.);
#3112=ADVANCED_FACE('NONE',(#3111),#3100,.T.);
#3113=CARTESIAN_POINT('',(-141.3198,-29.197438779,24.457459202));
#3114=DIRECTION('',(0.,0.,-1.));
#3115=DIRECTION('',(-1.,0.,0.));
#3116=AXIS2_PLACEMENT_3D('',#3113,#3114,#3115);
#3117=CONICAL_SURFACE('',#3116,2.2,44.999999949);
#3118=ORIENTED_EDGE('',*,*,#3107,.T.);
#3119=ORIENTED_EDGE('',*,*,#392,.F.);
#3120=ORIENTED_EDGE('',*,*,#1337,.F.);
#3121=ORIENTED_EDGE('',*,*,#2674,.F.);
#3122=EDGE_LOOP('',(#3118,#3119,#3120,#3121));
#3123=FACE_BOUND('',#3122,.T.);
#3124=ADVANCED_FACE('NONE',(#3123),#3117,.F.);
#3125=CARTESIAN_POINT('',(137.514906052,-2.003388779,24.457459202));
#3126=DIRECTION('',(0.707106781,0.,0.707106781));
#3127=DIRECTION('',(0.,-1.,0.));
#3128=AXIS2_PLACEMENT_3D('',#3125,#3126,#3127);
#3129=PLANE('',#3128);
#3130=ORIENTED_EDGE('',*,*,#1384,.F.);
#3131=ORIENTED_EDGE('',*,*,#1891,.F.);
#3132=CARTESIAN_POINT('',(137.514906052,-41.247438779,24.457459202));
#3133=DIRECTION('',(-0.577350269,-0.577350269,0.577350269));
#3134=VECTOR('',#3133,1.732050808);
#3135=LINE('',#3132,#3134);
#3136=EDGE_CURVE('NONE',#352,#1880,#3135,.T.);
#3137=ORIENTED_EDGE('',*,*,#3136,.F.);
#3138=ORIENTED_EDGE('',*,*,#357,.F.);
#3139=EDGE_LOOP('',(#3130,#3131,#3137,#3138));
#3140=FACE_BOUND('',#3139,.T.);
#3141=ADVANCED_FACE('NONE',(#3140),#3129,.F.);
#3142=CARTESIAN_POINT('',(0.8,-41.247438779,24.457459202));
#3143=DIRECTION('',(0.,0.707106781,0.707106781));
#3144=DIRECTION('',(1.,0.,0.));
#3145=AXIS2_PLACEMENT_3D('',#3142,#3143,#3144);
#3146=PLANE('',#3145);
#3147=ORIENTED_EDGE('',*,*,#3136,.T.);
#3148=ORIENTED_EDGE('',*,*,#2504,.F.);
#3149=CARTESIAN_POINT('',(125.424906052,-41.247438779,24.457459202));
#3150=DIRECTION('',(0.577350269,-0.577350269,0.577350269));
#3151=VECTOR('',#3150,1.732050808);
#3152=LINE('',#3149,#3151);
#3153=EDGE_CURVE('NONE',#334,#1850,#3152,.T.);
#3154=ORIENTED_EDGE('',*,*,#3153,.F.);
#3155=ORIENTED_EDGE('',*,*,#363,.F.);
#3156=EDGE_LOOP('',(#3147,#3148,#3154,#3155));
#3157=FACE_BOUND('',#3156,.T.);
#3158=ADVANCED_FACE('NONE',(#3157),#3146,.F.);
#3159=CARTESIAN_POINT('',(126.424906052,-57.147438779,25.457459202));
#3160=DIRECTION('',(-0.707106781,0.,0.707106781));
#3161=DIRECTION('',(0.,1.,0.));
#3162=AXIS2_PLACEMENT_3D('',#3159,#3160,#3161);
#3163=PLANE('',#3162);
#3164=ORIENTED_EDGE('',*,*,#1354,.F.);
#3165=ORIENTED_EDGE('',*,*,#341,.F.);
#3166=ORIENTED_EDGE('',*,*,#3153,.T.);
#3167=ORIENTED_EDGE('',*,*,#1855,.F.);
#3168=EDGE_LOOP('',(#3164,#3165,#3166,#3167));
#3169=FACE_BOUND('',#3168,.T.);
#3170=ADVANCED_FACE('NONE',(#3169),#3163,.F.);
#3171=CARTESIAN_POINT('',(0.,-0.1,6.));
#3172=DIRECTION('',(0.,1.,0.));
#3173=DIRECTION('',(0.,0.,1.));
#3174=AXIS2_PLACEMENT_3D('',#3171,#3172,#3173);
#3175=PLANE('',#3174);
#3176=CARTESIAN_POINT('',(-147.9698,-0.1,28.211791));
#3177=VERTEX_POINT('',#3176);
#3178=CARTESIAN_POINT('',(-147.9698,-0.1,28.211791));
#3179=DIRECTION('',(1.,0.,-0.));
#3180=VECTOR('',#3179,1.45);
#3181=LINE('',#3178,#3180);
#3182=EDGE_CURVE('',#3177,#1075,#3181,.T.);
#3183=ORIENTED_EDGE('',*,*,#3182,.F.);
#3184=CARTESIAN_POINT('',(-147.9698,-0.1,28.211791));
#3185=DIRECTION('',(0.,0.,-1.));
#3186=VECTOR('',#3185,16.654331798);
#3187=LINE('',#3184,#3186);
#3188=EDGE_CURVE('',#3177,#826,#3187,.T.);
#3189=ORIENTED_EDGE('',*,*,#3188,.T.);
#3190=ORIENTED_EDGE('',*,*,#831,.F.);
#3191=ORIENTED_EDGE('',*,*,#1148,.F.);
#3192=ORIENTED_EDGE('',*,*,#607,.T.);
#3193=ORIENTED_EDGE('',*,*,#1178,.F.);
#3194=ORIENTED_EDGE('',*,*,#173,.F.);
#3195=ORIENTED_EDGE('',*,*,#1314,.T.);
#3196=ORIENTED_EDGE('',*,*,#639,.F.);
#3197=ORIENTED_EDGE('',*,*,#1330,.F.);
#3198=ORIENTED_EDGE('',*,*,#375,.T.);
#3199=ORIENTED_EDGE('',*,*,#1262,.F.);
#3200=ORIENTED_EDGE('',*,*,#1088,.F.);
#3201=EDGE_LOOP('',(#3183,#3189,#3190,#3191,#3192,#3193,#3194,#3195,#3196,#3197,#3198,#3199,#3200));
#3202=FACE_BOUND('',#3201,.T.);
#3203=ADVANCED_FACE('NONE',(#3202),#3175,.T.);
#3204=CARTESIAN_POINT('',(0.,-0.1,6.));
#3205=DIRECTION('',(0.,1.,0.));
#3206=DIRECTION('',(0.,0.,1.));
#3207=AXIS2_PLACEMENT_3D('',#3204,#3205,#3206);
#3208=PLANE('',#3207);
#3209=CARTESIAN_POINT('',(145.669799999,-0.1,28.211996081));
#3210=VERTEX_POINT('',#3209);
#3211=CARTESIAN_POINT('',(148.469799999,-0.1,28.211996081));
#3212=VERTEX_POINT('',#3211);
#3213=CARTESIAN_POINT('',(145.669799999,-0.1,28.211996081));
#3214=DIRECTION('',(1.,0.,-0.));
#3215=VECTOR('',#3214,2.8);
#3216=LINE('',#3213,#3215);
#3217=EDGE_CURVE('',#3210,#3212,#3216,.T.);
#3218=ORIENTED_EDGE('',*,*,#3217,.F.);
#3219=CARTESIAN_POINT('',(145.669799999,-0.1,28.211996081));
#3220=DIRECTION('',(0.,0.,-1.));
#3221=VECTOR('',#3220,16.654536879);
#3222=LINE('',#3219,#3221);
#3223=EDGE_CURVE('',#3210,#968,#3222,.T.);
#3224=ORIENTED_EDGE('',*,*,#3223,.T.);
#3225=ORIENTED_EDGE('',*,*,#973,.F.);
#3226=ORIENTED_EDGE('',*,*,#1239,.T.);
#3227=ORIENTED_EDGE('',*,*,#117,.F.);
#3228=ORIENTED_EDGE('',*,*,#1292,.T.);
#3229=ORIENTED_EDGE('',*,*,#223,.F.);
#3230=ORIENTED_EDGE('',*,*,#1201,.T.);
#3231=ORIENTED_EDGE('',*,*,#559,.F.);
#3232=ORIENTED_EDGE('',*,*,#1124,.T.);
#3233=ORIENTED_EDGE('',*,*,#781,.F.);
#3234=CARTESIAN_POINT('',(148.469799999,-0.1,11.557459202));
#3235=DIRECTION('',(-0.,-0.,1.));
#3236=VECTOR('',#3235,16.654536879);
#3237=LINE('',#3234,#3236);
#3238=EDGE_CURVE('',#767,#3212,#3237,.T.);
#3239=ORIENTED_EDGE('',*,*,#3238,.T.);
#3240=EDGE_LOOP('',(#3218,#3224,#3225,#3226,#3227,#3228,#3229,#3230,#3231,#3232,#3233,#3239));
#3241=FACE_BOUND('',#3240,.T.);
#3242=ADVANCED_FACE('NONE',(#3241),#3208,.T.);
#3243=CARTESIAN_POINT('',(148.269799999,0.,28.267509708));
#3244=DIRECTION('',(1.,0.,0.));
#3245=DIRECTION('',(0.,0.,-1.));
#3246=AXIS2_PLACEMENT_3D('',#3243,#3244,#3245);
#3247=PLANE('',#3246);
#3248=ORIENTED_EDGE('',*,*,#764,.F.);
#3249=CARTESIAN_POINT('',(148.269799999,1.6,25.267509708));
#3250=VERTEX_POINT('',#3249);
#3251=CARTESIAN_POINT('',(148.269799999,1.6,11.557459202));
#3252=DIRECTION('',(-0.,-0.,1.));
#3253=VECTOR('',#3252,13.710050506);
#3254=LINE('',#3251,#3253);
#3255=EDGE_CURVE('',#750,#3250,#3254,.T.);
#3256=ORIENTED_EDGE('',*,*,#3255,.T.);
#3257=CARTESIAN_POINT('',(148.269799999,0.1,27.865585919));
#3258=VERTEX_POINT('',#3257);
#3259=CARTESIAN_POINT('',(148.269799999,1.6,25.267509708));
#3260=DIRECTION('',(0.,-0.5,0.866025404));
#3261=VECTOR('',#3260,3.);
#3262=LINE('',#3259,#3261);
#3263=EDGE_CURVE('',#3250,#3258,#3262,.T.);
#3264=ORIENTED_EDGE('',*,*,#3263,.T.);
#3265=CARTESIAN_POINT('',(148.269799999,0.1,27.865585919));
#3266=DIRECTION('',(0.,0.,-1.));
#3267=VECTOR('',#3266,16.308126717);
#3268=LINE('',#3265,#3267);
#3269=EDGE_CURVE('',#3258,#759,#3268,.T.);
#3270=ORIENTED_EDGE('',*,*,#3269,.T.);
#3271=EDGE_LOOP('',(#3248,#3256,#3264,#3270));
#3272=FACE_BOUND('',#3271,.T.);
#3273=ADVANCED_FACE('NONE',(#3272),#3247,.T.);
#3274=CARTESIAN_POINT('',(148.269799999,1.8,28.267509708));
#3275=DIRECTION('',(0.,-1.,0.));
#3276=DIRECTION('',(0.,0.,-1.));
#3277=AXIS2_PLACEMENT_3D('',#3274,#3275,#3276);
#3278=PLANE('',#3277);
#3279=CARTESIAN_POINT('',(148.869799999,1.8,24.921099546));
#3280=VERTEX_POINT('',#3279);
#3281=CARTESIAN_POINT('',(148.469799999,1.8,24.921099546));
#3282=VERTEX_POINT('',#3281);
#3283=CARTESIAN_POINT('',(148.869799999,1.8,24.921099546));
#3284=DIRECTION('',(-1.,-0.,0.));
#3285=VECTOR('',#3284,0.4);
#3286=LINE('',#3283,#3285);
#3287=EDGE_CURVE('',#3280,#3282,#3286,.T.);
#3288=ORIENTED_EDGE('',*,*,#3287,.T.);
#3289=CARTESIAN_POINT('',(148.469799999,1.8,24.921099546));
#3290=DIRECTION('',(0.,0.,-1.));
#3291=VECTOR('',#3290,13.363640344);
#3292=LINE('',#3289,#3291);
#3293=EDGE_CURVE('',#3282,#742,#3292,.T.);
#3294=ORIENTED_EDGE('',*,*,#3293,.T.);
#3295=ORIENTED_EDGE('',*,*,#747,.F.);
#3296=CARTESIAN_POINT('',(148.869799999,1.8,11.557459202));
#3297=DIRECTION('',(-0.,-0.,1.));
#3298=VECTOR('',#3297,13.363640344);
#3299=LINE('',#3296,#3298);
#3300=EDGE_CURVE('',#733,#3280,#3299,.T.);
#3301=ORIENTED_EDGE('',*,*,#3300,.T.);
#3302=EDGE_LOOP('',(#3288,#3294,#3295,#3301));
#3303=FACE_BOUND('',#3302,.T.);
#3304=ADVANCED_FACE('NONE',(#3303),#3278,.T.);
#3305=CARTESIAN_POINT('',(149.069799999,1.8,28.267509708));
#3306=DIRECTION('',(1.,0.,0.));
#3307=DIRECTION('',(0.,0.,-1.));
#3308=AXIS2_PLACEMENT_3D('',#3305,#3306,#3307);
#3309=PLANE('',#3308);
#3310=ORIENTED_EDGE('',*,*,#730,.F.);
#3311=CARTESIAN_POINT('',(149.069799999,3.4,22.149818254));
#3312=VERTEX_POINT('',#3311);
#3313=CARTESIAN_POINT('',(149.069799999,3.4,11.557459202));
#3314=DIRECTION('',(-0.,-0.,1.));
#3315=VECTOR('',#3314,10.592359052);
#3316=LINE('',#3313,#3315);
#3317=EDGE_CURVE('',#716,#3312,#3316,.T.);
#3318=ORIENTED_EDGE('',*,*,#3317,.T.);
#3319=CARTESIAN_POINT('',(149.069799999,2.,24.574689385));
#3320=VERTEX_POINT('',#3319);
#3321=CARTESIAN_POINT('',(149.069799999,3.4,22.149818254));
#3322=DIRECTION('',(0.,-0.5,0.866025404));
#3323=VECTOR('',#3322,2.8);
#3324=LINE('',#3321,#3323);
#3325=EDGE_CURVE('',#3312,#3320,#3324,.T.);
#3326=ORIENTED_EDGE('',*,*,#3325,.T.);
#3327=CARTESIAN_POINT('',(149.069799999,2.,24.574689385));
#3328=DIRECTION('',(0.,0.,-1.));
#3329=VECTOR('',#3328,13.017230183);
#3330=LINE('',#3327,#3329);
#3331=EDGE_CURVE('',#3320,#725,#3330,.T.);
#3332=ORIENTED_EDGE('',*,*,#3331,.T.);
#3333=EDGE_LOOP('',(#3310,#3318,#3326,#3332));
#3334=FACE_BOUND('',#3333,.T.);
#3335=ADVANCED_FACE('NONE',(#3334),#3309,.T.);
#3336=CARTESIAN_POINT('',(149.069799999,3.6,28.267509708));
#3337=DIRECTION('',(0.,1.,0.));
#3338=DIRECTION('',(0.,0.,1.));
#3339=AXIS2_PLACEMENT_3D('',#3336,#3337,#3338);
#3340=PLANE('',#3339);
#3341=ORIENTED_EDGE('',*,*,#713,.F.);
#3342=CARTESIAN_POINT('',(145.269799999,3.6,21.803408093));
#3343=VERTEX_POINT('',#3342);
#3344=CARTESIAN_POINT('',(145.269799999,3.6,11.557459202));
#3345=DIRECTION('',(-0.,-0.,1.));
#3346=VECTOR('',#3345,10.245948891);
#3347=LINE('',#3344,#3346);
#3348=EDGE_CURVE('',#699,#3343,#3347,.T.);
#3349=ORIENTED_EDGE('',*,*,#3348,.T.);
#3350=CARTESIAN_POINT('',(148.869799999,3.6,21.803408093));
#3351=VERTEX_POINT('',#3350);
#3352=CARTESIAN_POINT('',(145.269799999,3.6,21.803408093));
#3353=DIRECTION('',(1.,0.,-0.));
#3354=VECTOR('',#3353,3.6);
#3355=LINE('',#3352,#3354);
#3356=EDGE_CURVE('',#3343,#3351,#3355,.T.);
#3357=ORIENTED_EDGE('',*,*,#3356,.T.);
#3358=CARTESIAN_POINT('',(148.869799999,3.6,21.803408093));
#3359=DIRECTION('',(0.,0.,-1.));
#3360=VECTOR('',#3359,10.245948891);
#3361=LINE('',#3358,#3360);
#3362=EDGE_CURVE('',#3351,#708,#3361,.T.);
#3363=ORIENTED_EDGE('',*,*,#3362,.T.);
#3364=EDGE_LOOP('',(#3341,#3349,#3357,#3363));
#3365=FACE_BOUND('',#3364,.T.);
#3366=ADVANCED_FACE('NONE',(#3365),#3340,.T.);
#3367=CARTESIAN_POINT('',(145.069799999,3.6,28.267509708));
#3368=DIRECTION('',(-1.,0.,0.));
#3369=DIRECTION('',(0.,0.,1.));
#3370=AXIS2_PLACEMENT_3D('',#3367,#3368,#3369);
#3371=PLANE('',#3370);
#3372=ORIENTED_EDGE('',*,*,#696,.F.);
#3373=CARTESIAN_POINT('',(145.069799999,2.,24.574689385));
#3374=VERTEX_POINT('',#3373);
#3375=CARTESIAN_POINT('',(145.069799999,2.,11.557459202));
#3376=DIRECTION('',(-0.,-0.,1.));
#3377=VECTOR('',#3376,13.017230183);
#3378=LINE('',#3375,#3377);
#3379=EDGE_CURVE('',#682,#3374,#3378,.T.);
#3380=ORIENTED_EDGE('',*,*,#3379,.T.);
#3381=CARTESIAN_POINT('',(145.069799999,3.4,22.149818254));
#3382=VERTEX_POINT('',#3381);
#3383=CARTESIAN_POINT('',(145.069799999,2.,24.574689385));
#3384=DIRECTION('',(0.,0.5,-0.866025404));
#3385=VECTOR('',#3384,2.8);
#3386=LINE('',#3383,#3385);
#3387=EDGE_CURVE('',#3374,#3382,#3386,.T.);
#3388=ORIENTED_EDGE('',*,*,#3387,.T.);
#3389=CARTESIAN_POINT('',(145.069799999,3.4,22.149818254));
#3390=DIRECTION('',(0.,0.,-1.));
#3391=VECTOR('',#3390,10.592359052);
#3392=LINE('',#3389,#3391);
#3393=EDGE_CURVE('',#3382,#691,#3392,.T.);
#3394=ORIENTED_EDGE('',*,*,#3393,.T.);
#3395=EDGE_LOOP('',(#3372,#3380,#3388,#3394));
#3396=FACE_BOUND('',#3395,.T.);
#3397=ADVANCED_FACE('NONE',(#3396),#3371,.T.);
#3398=CARTESIAN_POINT('',(145.069799999,1.8,28.267509708));
#3399=DIRECTION('',(0.,-1.,0.));
#3400=DIRECTION('',(0.,0.,-1.));
#3401=AXIS2_PLACEMENT_3D('',#3398,#3399,#3400);
#3402=PLANE('',#3401);
#3403=CARTESIAN_POINT('',(145.869799999,1.8,24.921099546));
#3404=VERTEX_POINT('',#3403);
#3405=CARTESIAN_POINT('',(145.269799999,1.8,24.921099546));
#3406=VERTEX_POINT('',#3405);
#3407=CARTESIAN_POINT('',(145.869799999,1.8,24.921099546));
#3408=DIRECTION('',(-1.,-0.,0.));
#3409=VECTOR('',#3408,0.6);
#3410=LINE('',#3407,#3409);
#3411=EDGE_CURVE('',#3404,#3406,#3410,.T.);
#3412=ORIENTED_EDGE('',*,*,#3411,.T.);
#3413=CARTESIAN_POINT('',(145.269799999,1.8,24.921099546));
#3414=DIRECTION('',(0.,0.,-1.));
#3415=VECTOR('',#3414,13.363640344);
#3416=LINE('',#3413,#3415);
#3417=EDGE_CURVE('',#3406,#674,#3416,.T.);
#3418=ORIENTED_EDGE('',*,*,#3417,.T.);
#3419=ORIENTED_EDGE('',*,*,#679,.F.);
#3420=CARTESIAN_POINT('',(145.869799999,1.8,24.921099546));
#3421=DIRECTION('',(0.,0.,-1.));
#3422=VECTOR('',#3421,13.363640344);
#3423=LINE('',#3420,#3422);
#3424=EDGE_CURVE('',#3404,#672,#3423,.T.);
#3425=ORIENTED_EDGE('',*,*,#3424,.F.);
#3426=EDGE_LOOP('',(#3412,#3418,#3419,#3425));
#3427=FACE_BOUND('',#3426,.T.);
#3428=ADVANCED_FACE('NONE',(#3427),#3402,.T.);
#3429=CARTESIAN_POINT('',(145.869799999,1.8,28.267509708));
#3430=DIRECTION('',(-1.,0.,0.));
#3431=DIRECTION('',(0.,0.,1.));
#3432=AXIS2_PLACEMENT_3D('',#3429,#3430,#3431);
#3433=PLANE('',#3432);
#3434=ORIENTED_EDGE('',*,*,#988,.F.);
#3435=CARTESIAN_POINT('',(145.869799999,0.1,27.865585919));
#3436=VERTEX_POINT('',#3435);
#3437=CARTESIAN_POINT('',(145.869799999,0.1,11.557459202));
#3438=DIRECTION('',(-0.,-0.,1.));
#3439=VECTOR('',#3438,16.308126717);
#3440=LINE('',#3437,#3439);
#3441=EDGE_CURVE('',#976,#3436,#3440,.T.);
#3442=ORIENTED_EDGE('',*,*,#3441,.T.);
#3443=CARTESIAN_POINT('',(145.869799999,1.8,24.921099546));
#3444=DIRECTION('',(0.,-0.5,0.866025404));
#3445=VECTOR('',#3444,3.4);
#3446=LINE('',#3443,#3445);
#3447=EDGE_CURVE('',#3404,#3436,#3446,.T.);
#3448=ORIENTED_EDGE('',*,*,#3447,.F.);
#3449=ORIENTED_EDGE('',*,*,#3424,.T.);
#3450=EDGE_LOOP('',(#3434,#3442,#3448,#3449));
#3451=FACE_BOUND('',#3450,.T.);
#3452=ADVANCED_FACE('NONE',(#3451),#3433,.T.);
#3453=CARTESIAN_POINT('',(-146.5198,3.1,28.267509708));
#3454=DIRECTION('',(0.,1.,0.));
#3455=DIRECTION('',(0.,0.,1.));
#3456=AXIS2_PLACEMENT_3D('',#3453,#3454,#3455);
#3457=PLANE('',#3456);
#3458=ORIENTED_EDGE('',*,*,#899,.F.);
#3459=CARTESIAN_POINT('',(-148.2698,3.1,22.669228416));
#3460=VERTEX_POINT('',#3459);
#3461=CARTESIAN_POINT('',(-148.2698,3.1,11.557459202));
#3462=DIRECTION('',(-0.,-0.,1.));
#3463=VECTOR('',#3462,11.111769214);
#3464=LINE('',#3461,#3463);
#3465=EDGE_CURVE('',#885,#3460,#3464,.T.);
#3466=ORIENTED_EDGE('',*,*,#3465,.T.);
#3467=CARTESIAN_POINT('',(-148.2698,3.1,22.669228416));
#3468=DIRECTION('',(1.,0.,-0.));
#3469=VECTOR('',#3468,1.75);
#3470=LINE('',#3467,#3469);
#3471=EDGE_CURVE('',#3460,#1065,#3470,.T.);
#3472=ORIENTED_EDGE('',*,*,#3471,.T.);
#3473=ORIENTED_EDGE('',*,*,#1072,.T.);
#3474=ORIENTED_EDGE('',*,*,#1217,.F.);
#3475=EDGE_LOOP('',(#3458,#3466,#3472,#3473,#3474));
#3476=FACE_BOUND('',#3475,.T.);
#3477=ADVANCED_FACE('NONE',(#3476),#3457,.T.);
#3478=CARTESIAN_POINT('',(-148.4698,3.1,28.267509708));
#3479=DIRECTION('',(-1.,0.,0.));
#3480=DIRECTION('',(0.,0.,1.));
#3481=AXIS2_PLACEMENT_3D('',#3478,#3479,#3480);
#3482=PLANE('',#3481);
#3483=CARTESIAN_POINT('',(-148.4698,1.9,24.747689385));
#3484=VERTEX_POINT('',#3483);
#3485=CARTESIAN_POINT('',(-148.4698,2.9,23.015638577));
#3486=VERTEX_POINT('',#3485);
#3487=CARTESIAN_POINT('',(-148.4698,1.9,24.747689385));
#3488=DIRECTION('',(0.,0.5,-0.866025404));
#3489=VECTOR('',#3488,2.);
#3490=LINE('',#3487,#3489);
#3491=EDGE_CURVE('',#3484,#3486,#3490,.T.);
#3492=ORIENTED_EDGE('',*,*,#3491,.T.);
#3493=CARTESIAN_POINT('',(-148.4698,2.9,23.015638577));
#3494=DIRECTION('',(0.,0.,-1.));
#3495=VECTOR('',#3494,11.458179375);
#3496=LINE('',#3493,#3495);
#3497=EDGE_CURVE('',#3486,#877,#3496,.T.);
#3498=ORIENTED_EDGE('',*,*,#3497,.T.);
#3499=ORIENTED_EDGE('',*,*,#882,.F.);
#3500=CARTESIAN_POINT('',(-148.4698,1.9,11.557459202));
#3501=DIRECTION('',(-0.,-0.,1.));
#3502=VECTOR('',#3501,13.190230183);
#3503=LINE('',#3500,#3502);
#3504=EDGE_CURVE('',#868,#3484,#3503,.T.);
#3505=ORIENTED_EDGE('',*,*,#3504,.T.);
#3506=EDGE_LOOP('',(#3492,#3498,#3499,#3505));
#3507=FACE_BOUND('',#3506,.T.);
#3508=ADVANCED_FACE('NONE',(#3507),#3482,.T.);
#3509=CARTESIAN_POINT('',(-148.4698,1.7,28.267509708));
#3510=DIRECTION('',(0.,-1.,0.));
#3511=DIRECTION('',(0.,0.,-1.));
#3512=AXIS2_PLACEMENT_3D('',#3509,#3510,#3511);
#3513=PLANE('',#3512);
#3514=CARTESIAN_POINT('',(-147.9698,1.7,25.094099546));
#3515=VERTEX_POINT('',#3514);
#3516=CARTESIAN_POINT('',(-148.2698,1.7,25.094099546));
#3517=VERTEX_POINT('',#3516);
#3518=CARTESIAN_POINT('',(-147.9698,1.7,25.094099546));
#3519=DIRECTION('',(-1.,0.,0.));
#3520=VECTOR('',#3519,0.3);
#3521=LINE('',#3518,#3520);
#3522=EDGE_CURVE('',#3515,#3517,#3521,.T.);
#3523=ORIENTED_EDGE('',*,*,#3522,.T.);
#3524=CARTESIAN_POINT('',(-148.2698,1.7,25.094099546));
#3525=DIRECTION('',(0.,0.,-1.));
#3526=VECTOR('',#3525,13.536640344);
#3527=LINE('',#3524,#3526);
#3528=EDGE_CURVE('',#3517,#860,#3527,.T.);
#3529=ORIENTED_EDGE('',*,*,#3528,.T.);
#3530=ORIENTED_EDGE('',*,*,#865,.F.);
#3531=CARTESIAN_POINT('',(-147.9698,1.7,11.557459202));
#3532=DIRECTION('',(-0.,-0.,1.));
#3533=VECTOR('',#3532,13.536640344);
#3534=LINE('',#3531,#3533);
#3535=EDGE_CURVE('',#851,#3515,#3534,.T.);
#3536=ORIENTED_EDGE('',*,*,#3535,.T.);
#3537=EDGE_LOOP('',(#3523,#3529,#3530,#3536));
#3538=FACE_BOUND('',#3537,.T.);
#3539=ADVANCED_FACE('NONE',(#3538),#3513,.T.);
#3540=CARTESIAN_POINT('',(-147.7698,1.55,28.267509708));
#3541=DIRECTION('',(-1.,0.,0.));
#3542=DIRECTION('',(0.,0.,1.));
#3543=AXIS2_PLACEMENT_3D('',#3540,#3541,#3542);
#3544=PLANE('',#3543);
#3545=ORIENTED_EDGE('',*,*,#848,.F.);
#3546=CARTESIAN_POINT('',(-147.7698,0.1,27.865380839));
#3547=VERTEX_POINT('',#3546);
#3548=CARTESIAN_POINT('',(-147.7698,0.1,11.557459202));
#3549=DIRECTION('',(-0.,-0.,1.));
#3550=VECTOR('',#3549,16.307921637);
#3551=LINE('',#3548,#3550);
#3552=EDGE_CURVE('',#834,#3547,#3551,.T.);
#3553=ORIENTED_EDGE('',*,*,#3552,.T.);
#3554=CARTESIAN_POINT('',(-147.7698,1.5,25.440509708));
#3555=VERTEX_POINT('',#3554);
#3556=CARTESIAN_POINT('',(-147.7698,0.1,27.865380839));
#3557=DIRECTION('',(0.,0.5,-0.866025404));
#3558=VECTOR('',#3557,2.8);
#3559=LINE('',#3556,#3558);
#3560=EDGE_CURVE('',#3547,#3555,#3559,.T.);
#3561=ORIENTED_EDGE('',*,*,#3560,.T.);
#3562=CARTESIAN_POINT('',(-147.7698,1.5,25.440509708));
#3563=DIRECTION('',(0.,0.,-1.));
#3564=VECTOR('',#3563,13.883050506);
#3565=LINE('',#3562,#3564);
#3566=EDGE_CURVE('',#3555,#843,#3565,.T.);
#3567=ORIENTED_EDGE('',*,*,#3566,.T.);
#3568=EDGE_LOOP('',(#3545,#3553,#3561,#3567));
#3569=FACE_BOUND('',#3568,.T.);
#3570=ADVANCED_FACE('NONE',(#3569),#3544,.T.);
#3571=CARTESIAN_POINT('',(-146.5198,3.1,22.669228416));
#3572=DIRECTION('',(0.,-0.866025404,-0.5));
#3573=DIRECTION('',(1.,0.,0.));
#3574=AXIS2_PLACEMENT_3D('',#3571,#3572,#3573);
#3575=PLANE('',#3574);
#3576=ORIENTED_EDGE('',*,*,#3471,.F.);
#3577=CARTESIAN_POINT('',(-148.2698,2.9,23.015638577));
#3578=DIRECTION('',(-0.,0.866025404,0.5));
#3579=DIRECTION('',(0.,0.5,-0.866025404));
#3580=AXIS2_PLACEMENT_3D('',#3577,#3578,#3579);
#3581=ELLIPSE('',#3580,0.4,0.2);
#3582=EDGE_CURVE('',#3460,#3486,#3581,.T.);
#3583=ORIENTED_EDGE('',*,*,#3582,.T.);
#3584=ORIENTED_EDGE('',*,*,#3491,.F.);
#3585=CARTESIAN_POINT('',(-148.2698,1.9,24.747689385));
#3586=DIRECTION('',(-0.,0.866025404,0.5));
#3587=DIRECTION('',(0.,0.5,-0.866025404));
#3588=AXIS2_PLACEMENT_3D('',#3585,#3586,#3587);
#3589=ELLIPSE('',#3588,0.4,0.2);
#3590=EDGE_CURVE('',#3484,#3517,#3589,.T.);
#3591=ORIENTED_EDGE('',*,*,#3590,.T.);
#3592=ORIENTED_EDGE('',*,*,#3522,.F.);
#3593=CARTESIAN_POINT('',(-147.9698,1.5,25.440509708));
#3594=DIRECTION('',(0.,-0.866025404,-0.5));
#3595=DIRECTION('',(0.,-0.5,0.866025404));
#3596=AXIS2_PLACEMENT_3D('',#3593,#3594,#3595);
#3597=ELLIPSE('',#3596,0.4,0.2);
#3598=EDGE_CURVE('',#3515,#3555,#3597,.T.);
#3599=ORIENTED_EDGE('',*,*,#3598,.T.);
#3600=ORIENTED_EDGE('',*,*,#3560,.F.);
#3601=CARTESIAN_POINT('',(-147.9698,0.1,27.865380839));
#3602=DIRECTION('',(0.,-0.866025404,-0.5));
#3603=DIRECTION('',(0.,-0.5,0.866025404));
#3604=AXIS2_PLACEMENT_3D('',#3601,#3602,#3603);
#3605=ELLIPSE('',#3604,0.4,0.2);
#3606=EDGE_CURVE('',#3547,#3177,#3605,.T.);
#3607=ORIENTED_EDGE('',*,*,#3606,.T.);
#3608=ORIENTED_EDGE('',*,*,#3182,.T.);
#3609=ORIENTED_EDGE('',*,*,#1080,.F.);
#3610=EDGE_LOOP('',(#3576,#3583,#3584,#3591,#3592,#3599,#3600,#3607,#3608,#3609));
#3611=FACE_BOUND('',#3610,.T.);
#3612=ADVANCED_FACE('NONE',(#3611),#3575,.F.);
#3613=CARTESIAN_POINT('',(149.069799999,3.6,21.803408093));
#3614=DIRECTION('',(0.,-0.866025404,-0.5));
#3615=DIRECTION('',(1.,0.,0.));
#3616=AXIS2_PLACEMENT_3D('',#3613,#3614,#3615);
#3617=PLANE('',#3616);
#3618=ORIENTED_EDGE('',*,*,#3387,.F.);
#3619=CARTESIAN_POINT('',(145.269799999,2.,24.574689385));
#3620=DIRECTION('',(-0.,0.866025404,0.5));
#3621=DIRECTION('',(0.,0.5,-0.866025404));
#3622=AXIS2_PLACEMENT_3D('',#3619,#3620,#3621);
#3623=ELLIPSE('',#3622,0.4,0.2);
#3624=EDGE_CURVE('',#3374,#3406,#3623,.T.);
#3625=ORIENTED_EDGE('',*,*,#3624,.T.);
#3626=ORIENTED_EDGE('',*,*,#3411,.F.);
#3627=ORIENTED_EDGE('',*,*,#3447,.T.);
#3628=CARTESIAN_POINT('',(145.669799999,0.1,27.865585919));
#3629=DIRECTION('',(0.,-0.866025404,-0.5));
#3630=DIRECTION('',(0.,-0.5,0.866025404));
#3631=AXIS2_PLACEMENT_3D('',#3628,#3629,#3630);
#3632=ELLIPSE('',#3631,0.4,0.2);
#3633=EDGE_CURVE('',#3436,#3210,#3632,.T.);
#3634=ORIENTED_EDGE('',*,*,#3633,.T.);
#3635=ORIENTED_EDGE('',*,*,#3217,.T.);
#3636=CARTESIAN_POINT('',(148.469799999,0.1,27.865585919));
#3637=DIRECTION('',(0.,-0.866025404,-0.5));
#3638=DIRECTION('',(0.,-0.5,0.866025404));
#3639=AXIS2_PLACEMENT_3D('',#3636,#3637,#3638);
#3640=ELLIPSE('',#3639,0.4,0.2);
#3641=EDGE_CURVE('',#3212,#3258,#3640,.T.);
#3642=ORIENTED_EDGE('',*,*,#3641,.T.);
#3643=ORIENTED_EDGE('',*,*,#3263,.F.);
#3644=CARTESIAN_POINT('',(148.469799999,1.6,25.267509708));
#3645=DIRECTION('',(0.,-0.866025404,-0.5));
#3646=DIRECTION('',(0.,-0.5,0.866025404));
#3647=AXIS2_PLACEMENT_3D('',#3644,#3645,#3646);
#3648=ELLIPSE('',#3647,0.4,0.2);
#3649=EDGE_CURVE('',#3250,#3282,#3648,.T.);
#3650=ORIENTED_EDGE('',*,*,#3649,.T.);
#3651=ORIENTED_EDGE('',*,*,#3287,.F.);
#3652=CARTESIAN_POINT('',(148.869799999,2.,24.574689385));
#3653=DIRECTION('',(-0.,0.866025404,0.5));
#3654=DIRECTION('',(0.,0.5,-0.866025404));
#3655=AXIS2_PLACEMENT_3D('',#3652,#3653,#3654);
#3656=ELLIPSE('',#3655,0.4,0.2);
#3657=EDGE_CURVE('',#3280,#3320,#3656,.T.);
#3658=ORIENTED_EDGE('',*,*,#3657,.T.);
#3659=ORIENTED_EDGE('',*,*,#3325,.F.);
#3660=CARTESIAN_POINT('',(148.869799999,3.4,22.149818254));
#3661=DIRECTION('',(-0.,0.866025404,0.5));
#3662=DIRECTION('',(0.,0.5,-0.866025404));
#3663=AXIS2_PLACEMENT_3D('',#3660,#3661,#3662);
#3664=ELLIPSE('',#3663,0.4,0.2);
#3665=EDGE_CURVE('',#3312,#3351,#3664,.T.);
#3666=ORIENTED_EDGE('',*,*,#3665,.T.);
#3667=ORIENTED_EDGE('',*,*,#3356,.F.);
#3668=CARTESIAN_POINT('',(145.269799999,3.4,22.149818254));
#3669=DIRECTION('',(-0.,0.866025404,0.5));
#3670=DIRECTION('',(0.,0.5,-0.866025404));
#3671=AXIS2_PLACEMENT_3D('',#3668,#3669,#3670);
#3672=ELLIPSE('',#3671,0.4,0.2);
#3673=EDGE_CURVE('',#3343,#3382,#3672,.T.);
#3674=ORIENTED_EDGE('',*,*,#3673,.T.);
#3675=EDGE_LOOP('',(#3618,#3625,#3626,#3627,#3634,#3635,#3642,#3643,#3650,#3651,#3658,#3659,#3666,#3667,#3674));
#3676=FACE_BOUND('',#3675,.T.);
#3677=ADVANCED_FACE('NONE',(#3676),#3617,.F.);
#3678=CARTESIAN_POINT('',(-148.2698,2.9,28.267509708));
#3679=DIRECTION('',(0.,0.,-1.));
#3680=DIRECTION('',(-1.,0.,0.));
#3681=AXIS2_PLACEMENT_3D('',#3678,#3679,#3680);
#3682=CYLINDRICAL_SURFACE('',#3681,0.2);
#3683=ORIENTED_EDGE('',*,*,#3582,.F.);
#3684=ORIENTED_EDGE('',*,*,#3465,.F.);
#3685=ORIENTED_EDGE('',*,*,#891,.F.);
#3686=ORIENTED_EDGE('',*,*,#3497,.F.);
#3687=EDGE_LOOP('',(#3683,#3684,#3685,#3686));
#3688=FACE_BOUND('',#3687,.T.);
#3689=ADVANCED_FACE('',(#3688),#3682,.T.);
#3690=CARTESIAN_POINT('',(-147.9698,0.1,6.));
#3691=DIRECTION('',(0.,0.,1.));
#3692=DIRECTION('',(1.,0.,-0.));
#3693=AXIS2_PLACEMENT_3D('',#3690,#3691,#3692);
#3694=CYLINDRICAL_SURFACE('',#3693,0.2);
#3695=ORIENTED_EDGE('',*,*,#3606,.F.);
#3696=ORIENTED_EDGE('',*,*,#3552,.F.);
#3697=ORIENTED_EDGE('',*,*,#840,.F.);
#3698=ORIENTED_EDGE('',*,*,#3188,.F.);
#3699=EDGE_LOOP('',(#3695,#3696,#3697,#3698));
#3700=FACE_BOUND('',#3699,.T.);
#3701=ADVANCED_FACE('',(#3700),#3694,.F.);
#3702=CARTESIAN_POINT('',(-148.2698,1.9,28.267509708));
#3703=DIRECTION('',(0.,0.,-1.));
#3704=DIRECTION('',(-1.,0.,0.));
#3705=AXIS2_PLACEMENT_3D('',#3702,#3703,#3704);
#3706=CYLINDRICAL_SURFACE('',#3705,0.2);
#3707=ORIENTED_EDGE('',*,*,#3590,.F.);
#3708=ORIENTED_EDGE('',*,*,#3504,.F.);
#3709=ORIENTED_EDGE('',*,*,#874,.F.);
#3710=ORIENTED_EDGE('',*,*,#3528,.F.);
#3711=EDGE_LOOP('',(#3707,#3708,#3709,#3710));
#3712=FACE_BOUND('',#3711,.T.);
#3713=ADVANCED_FACE('',(#3712),#3706,.T.);
#3714=CARTESIAN_POINT('',(-147.9698,1.5,28.267509708));
#3715=DIRECTION('',(0.,0.,1.));
#3716=DIRECTION('',(1.,0.,-0.));
#3717=AXIS2_PLACEMENT_3D('',#3714,#3715,#3716);
#3718=CYLINDRICAL_SURFACE('',#3717,0.2);
#3719=ORIENTED_EDGE('',*,*,#3598,.F.);
#3720=ORIENTED_EDGE('',*,*,#3535,.F.);
#3721=ORIENTED_EDGE('',*,*,#857,.F.);
#3722=ORIENTED_EDGE('',*,*,#3566,.F.);
#3723=EDGE_LOOP('',(#3719,#3720,#3721,#3722));
#3724=FACE_BOUND('',#3723,.T.);
#3725=ADVANCED_FACE('',(#3724),#3718,.F.);
#3726=CARTESIAN_POINT('',(148.469799999,1.6,28.267509708));
#3727=DIRECTION('',(0.,0.,1.));
#3728=DIRECTION('',(1.,0.,-0.));
#3729=AXIS2_PLACEMENT_3D('',#3726,#3727,#3728);
#3730=CYLINDRICAL_SURFACE('',#3729,0.2);
#3731=ORIENTED_EDGE('',*,*,#3649,.F.);
#3732=ORIENTED_EDGE('',*,*,#3255,.F.);
#3733=ORIENTED_EDGE('',*,*,#756,.F.);
#3734=ORIENTED_EDGE('',*,*,#3293,.F.);
#3735=EDGE_LOOP('',(#3731,#3732,#3733,#3734));
#3736=FACE_BOUND('',#3735,.T.);
#3737=ADVANCED_FACE('',(#3736),#3730,.F.);
#3738=CARTESIAN_POINT('',(145.269799999,2.,28.267509708));
#3739=DIRECTION('',(0.,0.,-1.));
#3740=DIRECTION('',(-1.,0.,0.));
#3741=AXIS2_PLACEMENT_3D('',#3738,#3739,#3740);
#3742=CYLINDRICAL_SURFACE('',#3741,0.2);
#3743=ORIENTED_EDGE('',*,*,#3624,.F.);
#3744=ORIENTED_EDGE('',*,*,#3379,.F.);
#3745=ORIENTED_EDGE('',*,*,#688,.F.);
#3746=ORIENTED_EDGE('',*,*,#3417,.F.);
#3747=EDGE_LOOP('',(#3743,#3744,#3745,#3746));
#3748=FACE_BOUND('',#3747,.T.);
#3749=ADVANCED_FACE('',(#3748),#3742,.T.);
#3750=CARTESIAN_POINT('',(145.669799999,0.1,6.));
#3751=DIRECTION('',(0.,0.,1.));
#3752=DIRECTION('',(1.,0.,-0.));
#3753=AXIS2_PLACEMENT_3D('',#3750,#3751,#3752);
#3754=CYLINDRICAL_SURFACE('',#3753,0.2);
#3755=ORIENTED_EDGE('',*,*,#3633,.F.);
#3756=ORIENTED_EDGE('',*,*,#3441,.F.);
#3757=ORIENTED_EDGE('',*,*,#982,.F.);
#3758=ORIENTED_EDGE('',*,*,#3223,.F.);
#3759=EDGE_LOOP('',(#3755,#3756,#3757,#3758));
#3760=FACE_BOUND('',#3759,.T.);
#3761=ADVANCED_FACE('',(#3760),#3754,.F.);
#3762=CARTESIAN_POINT('',(145.269799999,3.4,28.267509708));
#3763=DIRECTION('',(0.,0.,-1.));
#3764=DIRECTION('',(-1.,0.,0.));
#3765=AXIS2_PLACEMENT_3D('',#3762,#3763,#3764);
#3766=CYLINDRICAL_SURFACE('',#3765,0.2);
#3767=ORIENTED_EDGE('',*,*,#3673,.F.);
#3768=ORIENTED_EDGE('',*,*,#3348,.F.);
#3769=ORIENTED_EDGE('',*,*,#705,.F.);
#3770=ORIENTED_EDGE('',*,*,#3393,.F.);
#3771=EDGE_LOOP('',(#3767,#3768,#3769,#3770));
#3772=FACE_BOUND('',#3771,.T.);
#3773=ADVANCED_FACE('',(#3772),#3766,.T.);
#3774=CARTESIAN_POINT('',(148.869799999,3.4,28.267509708));
#3775=DIRECTION('',(0.,0.,-1.));
#3776=DIRECTION('',(-1.,0.,0.));
#3777=AXIS2_PLACEMENT_3D('',#3774,#3775,#3776);
#3778=CYLINDRICAL_SURFACE('',#3777,0.2);
#3779=ORIENTED_EDGE('',*,*,#3665,.F.);
#3780=ORIENTED_EDGE('',*,*,#3317,.F.);
#3781=ORIENTED_EDGE('',*,*,#722,.F.);
#3782=ORIENTED_EDGE('',*,*,#3362,.F.);
#3783=EDGE_LOOP('',(#3779,#3780,#3781,#3782));
#3784=FACE_BOUND('',#3783,.T.);
#3785=ADVANCED_FACE('',(#3784),#3778,.T.);
#3786=CARTESIAN_POINT('',(148.469799999,0.1,28.267509708));
#3787=DIRECTION('',(0.,0.,1.));
#3788=DIRECTION('',(1.,0.,-0.));
#3789=AXIS2_PLACEMENT_3D('',#3786,#3787,#3788);
#3790=CYLINDRICAL_SURFACE('',#3789,0.2);
#3791=ORIENTED_EDGE('',*,*,#3641,.F.);
#3792=ORIENTED_EDGE('',*,*,#3238,.F.);
#3793=ORIENTED_EDGE('',*,*,#773,.F.);
#3794=ORIENTED_EDGE('',*,*,#3269,.F.);
#3795=EDGE_LOOP('',(#3791,#3792,#3793,#3794));
#3796=FACE_BOUND('',#3795,.T.);
#3797=ADVANCED_FACE('',(#3796),#3790,.F.);
#3798=CARTESIAN_POINT('',(148.869799999,2.,28.267509708));
#3799=DIRECTION('',(0.,0.,-1.));
#3800=DIRECTION('',(-1.,0.,0.));
#3801=AXIS2_PLACEMENT_3D('',#3798,#3799,#3800);
#3802=CYLINDRICAL_SURFACE('',#3801,0.2);
#3803=ORIENTED_EDGE('',*,*,#3657,.F.);
#3804=ORIENTED_EDGE('',*,*,#3300,.F.);
#3805=ORIENTED_EDGE('',*,*,#739,.F.);
#3806=ORIENTED_EDGE('',*,*,#3331,.F.);
#3807=EDGE_LOOP('',(#3803,#3804,#3805,#3806));
#3808=FACE_BOUND('',#3807,.T.);
#3809=ADVANCED_FACE('',(#3808),#3802,.T.);
#3810=CLOSED_SHELL('',(#151,#327,#545,#585,#625,#665,#992,#1114,#1137,#1160,#1183,#1206,#1229,#1251,#1274,#1297,#1319,#1341,#1388,#1462,#1493,#1524,#1564,#1595,#1635,#1675,
#1699,#1723,#1756,#1789,#1819,#1842,#1873,#1904,#1916,#1933,#1950,#1967,#1984,#2001,#2018,#2030,#2053,#2076,#2123,#2145,#2162,#2175,#2193,#2205,#2222,
#2239,#2251,#2268,#2286,#2303,#2320,#2337,#2349,#2366,#2384,#2401,#2413,#2453,#2493,#2510,#2550,#2590,#2614,#2638,#2662,#2686,#2710,#2734,#2751,#2767,
#2784,#2801,#2817,#2834,#2851,#2868,#2886,#2903,#2915,#2932,#2949,#2976,#2993,#3010,#3027,#3044,#3061,#3078,#3095,#3112,#3124,#3141,#3158,#3170,#3203,
#3242,#3273,#3304,#3335,#3366,#3397,#3428,#3452,#3477,#3508,#3539,#3570,#3612,#3677,#3689,#3701,#3713,#3725,#3737,#3749,#3761,#3773,#3785,#3797,#3809));
#3811=MANIFOLD_SOLID_BREP('outer_case_hhkb_6u_split_b (1)',#3810);
#3812=COLOUR_RGB('',0.517647088,0.800000012,1.);
#3813=FILL_AREA_STYLE_COLOUR('',#3812);
#3814=FILL_AREA_STYLE('',(#3813));
#3815=SURFACE_STYLE_FILL_AREA(#3814);
#3816=SURFACE_SIDE_STYLE('',(#3815));
#3817=SURFACE_STYLE_USAGE(.BOTH.,#3816);
#3818=PRESENTATION_STYLE_ASSIGNMENT((#3817));
#95=STYLED_ITEM('',(#3818),#3811);
#76=SHAPE_REPRESENTATION('main_frame',(#15),#74);
#77=ADVANCED_BREP_SHAPE_REPRESENTATION('main_frame',(#3811),#74);
#3826=SHAPE_REPRESENTATION_RELATIONSHIP('','',#76,#77);
#3827=CARTESIAN_POINT('',(0.,0.,0.));
#3828=DIRECTION('',(0.,0.,1.));
#3829=DIRECTION('',(1.,0.,0.));
#3830=AXIS2_PLACEMENT_3D('',#3827,#3828,#3829);
#3832=MAPPED_ITEM('',#3831,#3830);
#3831=REPRESENTATION_MAP(#3830,#76);
#84=PRODUCT('main_frame','main_frame','',(#62));
#3833=PRODUCT_RELATED_PRODUCT_CATEGORY('part','',(#84));
#3834=PRODUCT_DEFINITION_FORMATION_WITH_SPECIFIED_SOURCE('','',#84,.NOT_KNOWN.);
#85=PRODUCT_DEFINITION('design','',#3834,#63);
#83=PRODUCT_DEFINITION_SHAPE('','',#85);
#3835=SHAPE_DEFINITION_REPRESENTATION(#83,#76);
#75=DRAUGHTING_MODEL('',(#3832),#74);
#16=SHAPE_REPRESENTATION('root',(#15,#48,#89),#10);
#3836=CARTESIAN_POINT('',(0.,0.,0.));
#3837=DIRECTION('',(0.,0.,1.));
#3838=DIRECTION('',(1.,0.,0.));
#3839=AXIS2_PLACEMENT_3D('',#3836,#3837,#3838);
#3841=MAPPED_ITEM('',#3840,#3839);
#3840=REPRESENTATION_MAP(#3839,#16);
#24=PRODUCT('root','root','',(#62));
#3842=PRODUCT_RELATED_PRODUCT_CATEGORY('part','',(#24));
#3843=PRODUCT_DEFINITION_FORMATION_WITH_SPECIFIED_SOURCE('','',#24,.NOT_KNOWN.);
#25=PRODUCT_DEFINITION('design','',#3843,#63);
#23=PRODUCT_DEFINITION_SHAPE('','',#25);
#3844=SHAPE_DEFINITION_REPRESENTATION(#23,#16);
#11=DRAUGHTING_MODEL('',(#3841),#10);
#3845=DESCRIPTIVE_REPRESENTATION_ITEM('KEY','C:\\Users\\13271\\AppData\\Local\\Packages\\Shapr3D.Shapr3D_dvv5p1vgwv6mp\\TempState\\eb77d255-7ce2-49a2-9782-53b1c5b404a9.tmp');
#3846=PROPERTY_DEFINITION('KEY','',#25);
#3847=REPRESENTATION('',(#3845),#10);
#3848=PROPERTY_DEFINITION_REPRESENTATION(#3846,#3847);
#3849=GENERAL_PROPERTY('','KEY','');
#3850=GENERAL_PROPERTY_ASSOCIATION('','',#3849,#3846);
#1=MECHANICAL_DESIGN_GEOMETRIC_PRESENTATION_REPRESENTATION('',(#95),#10);
ENDSEC;
END-ISO-10303-21;
