ISO-10303-21;
HEADER;
FILE_DESCRIPTION (( 'STEP AP203' ),
    '1' );
FILE_NAME ('outer_case_hhkb_2.STEP',
    '2025-11-26T03:18:25',
    ( '' ),
    ( '' ),
    'SwSTEP 2.0',
    'SolidWorks 2018',
    '' );
FILE_SCHEMA (( 'CONFIG_CONTROL_DESIGN' ));
ENDSEC;

DATA;
#1 = EDGE_CURVE ( 'NONE', #3482, #425, #169, .T. ) ;
#2 = LINE ( 'NONE', #1078, #2145 ) ;
#3 = CARTESIAN_POINT ( 'NONE',  ( 115.5207902189999913, -33.19405000000000427, 23.65745920200000185 ) ) ;
#4 = LINE ( 'NONE', #338, #1296 ) ;
#5 = ADVANCED_FACE ( 'NONE', ( #1709 ), #2602, .F. ) ;
#6 = CARTESIAN_POINT ( 'NONE',  ( -146.5198000000000036, -14.12541377900000050, 7.987459202000001035 ) ) ;
#7 = ORIENTED_EDGE ( 'NONE', *, *, #2176, .T. ) ;
#8 = LINE ( 'NONE', #441, #610 ) ;
#9 = VECTOR ( 'NONE', #3488, 1000.000000000000000 ) ;
#10 = CARTESIAN_POINT ( 'NONE',  ( 141.9198000000000093, -31.39405000000000001, 18.45745920200000256 ) ) ;
#11 = VECTOR ( 'NONE', #908, 1000.000000000000000 ) ;
#12 = EDGE_LOOP ( 'NONE', ( #209, #927, #3364, #2411 ) ) ;
#13 = AXIS2_PLACEMENT_3D ( 'NONE', #1351, #543, #3526 ) ;
#14 = LINE ( 'NONE', #1880, #489 ) ;
#15 = VECTOR ( 'NONE', #2990, 1000.000000000000114 ) ;
#16 = VERTEX_POINT ( 'NONE', #2573 ) ;
#17 = VECTOR ( 'NONE', #2621, 1000.000000000000000 ) ;
#18 = DIRECTION ( 'NONE',  ( 0.000000000000000000, 0.000000000000000000, -1.000000000000000000 ) ) ;
#19 = AXIS2_PLACEMENT_3D ( 'NONE', #2516, #1138, #880 ) ;
#20 = EDGE_CURVE ( 'NONE', #1650, #2955, #731, .T. ) ;
#21 = DIRECTION ( 'NONE',  ( 1.000000000000000000, -0.000000000000000000, 0.000000000000000000 ) ) ;
#22 = EDGE_LOOP ( 'NONE', ( #646, #2126, #2107, #1350, #3498, #765, #1646, #1317, #128, #2509, #1827, #629, #2512 ) ) ;
#23 = ORIENTED_EDGE ( 'NONE', *, *, #225, .T. ) ;
#24 = ADVANCED_FACE ( 'NONE', ( #1151 ), #3142, .F. ) ;
#25 = DIRECTION ( 'NONE',  ( 0.000000000000000000, 0.000000000000000000, 1.000000000000000000 ) ) ;
#26 = ORIENTED_EDGE ( 'NONE', *, *, #1900, .T. ) ;
#27 = DIRECTION ( 'NONE',  ( -1.000000000000000000, 0.000000000000000000, 0.000000000000000000 ) ) ;
#28 = ORIENTED_EDGE ( 'NONE', *, *, #1435, .F. ) ;
#29 = ORIENTED_EDGE ( 'NONE', *, *, #2860, .F. ) ;
#30 = VECTOR ( 'NONE', #1033, 1000.000000000000114 ) ;
#31 = LINE ( 'NONE', #3234, #3239 ) ;
#32 = ORIENTED_EDGE ( 'NONE', *, *, #834, .F. ) ;
#33 = EDGE_CURVE ( 'NONE', #3359, #1877, #394, .T. ) ;
#34 = DIRECTION ( 'NONE',  ( 0.000000000000000000, 0.000000000000000000, 1.000000000000000000 ) ) ;
#35 = PLANE ( 'NONE',  #1417 ) ;
#36 = FACE_OUTER_BOUND ( 'NONE', #3242, .T. ) ;
#37 = VECTOR ( 'NONE', #2251, 1000.000000000000114 ) ;
#38 = LINE ( 'NONE', #187, #3371 ) ;
#39 = LINE ( 'NONE', #2066, #429 ) ;
#40 = AXIS2_PLACEMENT_3D ( 'NONE', #1997, #3078, #2288 ) ;
#41 = CARTESIAN_POINT ( 'NONE',  ( 146.7198000000000206, -21.00338877899999801, 5.757459202000000609 ) ) ;
#42 = LINE ( 'NONE', #3305, #1459 ) ;
#43 = VERTEX_POINT ( 'NONE', #2036 ) ;
#44 = DIRECTION ( 'NONE',  ( -1.000000000000000000, 0.000000000000000000, 0.000000000000000000 ) ) ;
#45 = VECTOR ( 'NONE', #3307, 1000.000000000000000 ) ;
#46 = CIRCLE ( 'NONE', #2033, 2.000000000000001776 ) ;
#47 = VECTOR ( 'NONE', #2124, 1000.000000000000000 ) ;
#48 = CARTESIAN_POINT ( 'NONE',  ( 144.5198000000000036, 0.000000000000000000, 24.25745920200000327 ) ) ;
#49 = EDGE_LOOP ( 'NONE', ( #2307, #267, #141, #2841 ) ) ;
#50 = LINE ( 'NONE', #3484, #1934 ) ;
#51 = EDGE_CURVE ( 'NONE', #1298, #1653, #3490, .T. ) ;
#52 = VECTOR ( 'NONE', #2310, 1000.000000000000000 ) ;
#53 = CONICAL_SURFACE ( 'NONE', #157, 2.200000000000007283, 0.7853981625000003852 ) ;
#54 = ORIENTED_EDGE ( 'NONE', *, *, #3451, .T. ) ;
#55 = DIRECTION ( 'NONE',  ( 0.000000000000000000, 0.000000000000000000, -1.000000000000000000 ) ) ;
#56 = CARTESIAN_POINT ( 'NONE',  ( -146.5198000000000036, 3.100000000000000089, 19.49622841588981714 ) ) ;
#57 = AXIS2_PLACEMENT_3D ( 'NONE', #2750, #329, #2230 ) ;
#58 = VECTOR ( 'NONE', #2244, 1000.000000000000000 ) ;
#59 = EDGE_LOOP ( 'NONE', ( #1806, #527, #3162, #1918 ) ) ;
#60 = CARTESIAN_POINT ( 'NONE',  ( -148.8697999999999979, 1.550000000000000044, 22.18090716762157300 ) ) ;
#61 = ORIENTED_EDGE ( 'NONE', *, *, #890, .F. ) ;
#62 = DIRECTION ( 'NONE',  ( -0.000000000000000000, 1.000000000000000000, 0.000000000000000000 ) ) ;
#63 = EDGE_CURVE ( 'NONE', #1704, #972, #2519, .T. ) ;
#64 = CARTESIAN_POINT ( 'NONE',  ( -0.05000000000000000278, 0.000000000000000000, 5.557459201999999543 ) ) ;
#65 = VERTEX_POINT ( 'NONE', #1840 ) ;
#66 = VECTOR ( 'NONE', #2855, 1000.000000000000000 ) ;
#67 = DIRECTION ( 'NONE',  ( 0.7071067811865474617, -0.7071067811865474617, 0.000000000000000000 ) ) ;
#68 = ORIENTED_EDGE ( 'NONE', *, *, #1501, .T. ) ;
#69 = EDGE_LOOP ( 'NONE', ( #679, #2223, #293, #28 ) ) ;
#70 = VERTEX_POINT ( 'NONE', #2384 ) ;
#71 = VECTOR ( 'NONE', #923, 1000.000000000000000 ) ;
#72 = DIRECTION ( 'NONE',  ( 0.000000000000000000, 0.000000000000000000, 1.000000000000000000 ) ) ;
#73 = VERTEX_POINT ( 'NONE', #1590 ) ;
#74 = CARTESIAN_POINT ( 'NONE',  ( -141.3197999999999865, -29.19743877900000228, 18.45745920200000256 ) ) ;
#75 = DIRECTION ( 'NONE',  ( 0.000000000000000000, 0.000000000000000000, -1.000000000000000000 ) ) ;
#76 = EDGE_CURVE ( 'NONE', #1719, #105, #2770, .T. ) ;
#77 = CYLINDRICAL_SURFACE ( 'NONE', #680, 7.000000000000006217 ) ;
#78 = DIRECTION ( 'NONE',  ( 0.000000000000000000, 0.000000000000000000, 1.000000000000000000 ) ) ;
#79 = EDGE_CURVE ( 'NONE', #1639, #2431, #1191, .T. ) ;
#80 = LINE ( 'NONE', #2065, #2903 ) ;
#81 = LINE ( 'NONE', #2227, #2194 ) ;
#82 = LINE ( 'NONE', #3064, #851 ) ;
#83 = PLANE ( 'NONE',  #346 ) ;
#84 = ORIENTED_EDGE ( 'NONE', *, *, #591, .T. ) ;
#85 = VECTOR ( 'NONE', #837, 1000.000000000000000 ) ;
#86 = FACE_OUTER_BOUND ( 'NONE', #375, .T. ) ;
#87 = DIRECTION ( 'NONE',  ( 0.000000000000000000, 0.000000000000000000, -1.000000000000000000 ) ) ;
#88 = LINE ( 'NONE', #3395, #3045 ) ;
#89 = ORIENTED_EDGE ( 'NONE', *, *, #2200, .F. ) ;
#90 = VECTOR ( 'NONE', #2878, 1000.000000000000114 ) ;
#91 = DIRECTION ( 'NONE',  ( 1.000000000000000000, 0.000000000000000000, 0.000000000000000000 ) ) ;
#92 = LINE ( 'NONE', #2696, #534 ) ;
#93 = VERTEX_POINT ( 'NONE', #501 ) ;
#94 = EDGE_CURVE ( 'NONE', #973, #2663, #2190, .T. ) ;
#95 = LINE ( 'NONE', #2080, #2627 ) ;
#96 = DIRECTION ( 'NONE',  ( 0.000000000000000000, 0.000000000000000000, 1.000000000000000000 ) ) ;
#97 = DIRECTION ( 'NONE',  ( 0.000000000000000000, 0.000000000000000000, 1.000000000000000000 ) ) ;
#98 = ORIENTED_EDGE ( 'NONE', *, *, #144, .T. ) ;
#99 = DIRECTION ( 'NONE',  ( -1.000000000000000000, 0.000000000000000000, 0.000000000000000000 ) ) ;
#100 = VERTEX_POINT ( 'NONE', #213 ) ;
#101 = DIRECTION ( 'NONE',  ( -1.000000000000000000, 0.000000000000000000, 0.000000000000000000 ) ) ;
#102 = ORIENTED_EDGE ( 'NONE', *, *, #2995, .F. ) ;
#103 = EDGE_CURVE ( 'NONE', #1199, #2687, #3158, .T. ) ;
#104 = AXIS2_PLACEMENT_3D ( 'NONE', #2192, #1919, #264 ) ;
#105 = VERTEX_POINT ( 'NONE', #1019 ) ;
#106 = B_SPLINE_CURVE_WITH_KNOTS ( 'NONE', 1,
 ( #1734, #1481 ),
 .UNSPECIFIED., .F., .F.,
 ( 2, 2 ),
 ( 0.000000000000000000, 1.000000000000000000 ),
 .UNSPECIFIED. ) ;
#107 = CARTESIAN_POINT ( 'NONE',  ( 136.5149060519999864, -42.24743877899999944, 19.45745920199999901 ) ) ;
#108 = ORIENTED_EDGE ( 'NONE', *, *, #902, .T. ) ;
#109 = ADVANCED_FACE ( 'NONE', ( #2949 ), #735, .T. ) ;
#110 = DIRECTION ( 'NONE',  ( 1.000000000000000000, 0.000000000000000000, 0.000000000000000000 ) ) ;
#111 = VECTOR ( 'NONE', #3202, 1000.000000000000000 ) ;
#112 = DIRECTION ( 'NONE',  ( -1.000000000000000000, 0.000000000000000000, 0.000000000000000000 ) ) ;
#113 = ORIENTED_EDGE ( 'NONE', *, *, #389, .F. ) ;
#114 = ORIENTED_EDGE ( 'NONE', *, *, #3462, .F. ) ;
#115 = ORIENTED_EDGE ( 'NONE', *, *, #2580, .T. ) ;
#116 = PLANE ( 'NONE',  #1447 ) ;
#117 = ORIENTED_EDGE ( 'NONE', *, *, #2616, .F. ) ;
#118 = CARTESIAN_POINT ( 'NONE',  ( -146.5198000000000036, -13.62541377900000050, 9.782484455000000523 ) ) ;
#119 = DIRECTION ( 'NONE',  ( 1.000000000000000000, 0.000000000000000000, 0.000000000000000000 ) ) ;
#120 = PLANE ( 'NONE',  #929 ) ;
#121 = EDGE_LOOP ( 'NONE', ( #3525, #2385, #1139, #1168, #2762 ) ) ;
#122 = AXIS2_PLACEMENT_3D ( 'NONE', #3432, #3444, #3196 ) ;
#123 = CARTESIAN_POINT ( 'NONE',  ( 141.6197999999999979, -52.14743877899999802, 5.557459201999999543 ) ) ;
#124 = DIRECTION ( 'NONE',  ( -0.000000000000000000, -1.000000000000000000, -0.000000000000000000 ) ) ;
#125 = CIRCLE ( 'NONE', #3440, 1.800000000000002931 ) ;
#126 = EDGE_CURVE ( 'NONE', #972, #2039, #595, .T. ) ;
#127 = CARTESIAN_POINT ( 'NONE',  ( 126.4249060519999972, -42.24743877899999944, 22.65745920200000185 ) ) ;
#128 = ORIENTED_EDGE ( 'NONE', *, *, #2088, .T. ) ;
#129 = CARTESIAN_POINT ( 'NONE',  ( -114.9198000000000093, -33.19743877900000228, 23.65745920200000185 ) ) ;
#130 = VECTOR ( 'NONE', #3044, 1000.000000000000114 ) ;
#131 = LINE ( 'NONE', #2630, #2747 ) ;
#132 = ORIENTED_EDGE ( 'NONE', *, *, #3321, .F. ) ;
#133 = PERSON ( '未指定', '未指定', '未指定', ('未指定'), ('未指定'), ('未指定') ) ;
#134 = CARTESIAN_POINT ( 'NONE',  ( -138.2647747469999899, 3.100000000000000089, 14.01248445499989437 ) ) ;
#135 = LINE ( 'NONE', #2673, #3500 ) ;
#136 = VECTOR ( 'NONE', #1764, 1000.000000000000000 ) ;
#137 = DIRECTION ( 'NONE',  ( 0.000000000000000000, 0.000000000000000000, -1.000000000000000000 ) ) ;
#138 = LINE ( 'NONE', #247, #2964 ) ;
#139 = ORIENTED_EDGE ( 'NONE', *, *, #1249, .F. ) ;
#140 = DIRECTION ( 'NONE',  ( 0.000000000000000000, 0.000000000000000000, 1.000000000000000000 ) ) ;
#141 = ORIENTED_EDGE ( 'NONE', *, *, #2595, .F. ) ;
#142 = DIRECTION ( 'NONE',  ( 0.000000000000000000, 0.7071067811865475727, -0.7071067811865475727 ) ) ;
#143 = DIRECTION ( 'NONE',  ( 0.000000000000000000, 0.000000000000000000, -1.000000000000000000 ) ) ;
#144 = EDGE_CURVE ( 'NONE', #145, #1293, #3366, .T. ) ;
#145 = VERTEX_POINT ( 'NONE', #1031 ) ;
#146 = PERSON_AND_ORGANIZATION_ROLE ( 'creator' ) ;
#147 = ADVANCED_FACE ( 'NONE', ( #3404 ), #1566, .T. ) ;
#148 = CARTESIAN_POINT ( 'NONE',  ( -145.2247747469999979, -13.62541377900000050, 8.487459202000001923 ) ) ;
#149 = ORIENTED_EDGE ( 'NONE', *, *, #33, .F. ) ;
#150 = AXIS2_PLACEMENT_3D ( 'NONE', #1443, #1697, #3068 ) ;
#151 = ORIENTED_EDGE ( 'NONE', *, *, #2652, .F. ) ;
#152 = PLANE ( 'NONE',  #2262 ) ;
#153 = DIRECTION ( 'NONE',  ( 0.000000000000000000, 1.000000000000000000, 0.000000000000000000 ) ) ;
#154 = VERTEX_POINT ( 'NONE', #2915 ) ;
#155 = ORIENTED_EDGE ( 'NONE', *, *, #1314, .T. ) ;
#156 = CARTESIAN_POINT ( 'NONE',  ( 125.4249060519999972, -41.24743877899999944, 18.45745920200000256 ) ) ;
#157 = AXIS2_PLACEMENT_3D ( 'NONE', #2112, #1064, #2925 ) ;
#158 = DIRECTION ( 'NONE',  ( 0.000000000000000000, 0.000000000000000000, -1.000000000000000000 ) ) ;
#159 = CARTESIAN_POINT ( 'NONE',  ( -112.9197999999999951, -48.24743877899999944, 18.45745920200000256 ) ) ;
#160 = ORIENTED_EDGE ( 'NONE', *, *, #2495, .F. ) ;
#161 = CONICAL_SURFACE ( 'NONE', #150, 5.000000000000004441, 0.7853981625000003852 ) ;
#162 = DIRECTION ( 'NONE',  ( 0.8628562098063201624, -0.3574067439197750051, -0.3574067439197750051 ) ) ;
#163 = VERTEX_POINT ( 'NONE', #1577 ) ;
#164 = ADVANCED_FACE ( 'NONE', ( #36 ), #2415, .F. ) ;
#165 = VECTOR ( 'NONE', #2646, 1000.000000000000000 ) ;
#166 = CARTESIAN_POINT ( 'NONE',  ( -146.7198000000000206, 48.44066122099999916, 5.557459201999999543 ) ) ;
#167 = EDGE_CURVE ( 'NONE', #936, #3491, #3286, .T. ) ;
#168 = DIRECTION ( 'NONE',  ( -0.5000000000659545751, -0.7071067810932735176, -0.5000000000659547972 ) ) ;
#169 = LINE ( 'NONE', #2332, #1542 ) ;
#170 = DIRECTION ( 'NONE',  ( 0.000000000000000000, -1.000000000000000000, 0.000000000000000000 ) ) ;
#171 = LINE ( 'NONE', #41, #2994 ) ;
#172 = DIRECTION ( 'NONE',  ( 0.000000000000000000, 0.000000000000000000, -1.000000000000000000 ) ) ;
#173 = AXIS2_PLACEMENT_3D ( 'NONE', #807, #1673, #2754 ) ;
#174 = DIRECTION ( 'NONE',  ( 0.000000000000000000, 1.000000000000000000, 0.000000000000000000 ) ) ;
#175 = CARTESIAN_POINT ( 'NONE',  ( 141.9198000000000093, -31.79404999999999859, 24.25745920200000327 ) ) ;
#176 = ORIENTED_EDGE ( 'NONE', *, *, #20, .F. ) ;
#177 = DIRECTION ( 'NONE',  ( -1.000000000000000000, 0.000000000000000000, -0.000000000000000000 ) ) ;
#178 = EDGE_CURVE ( 'NONE', #1338, #3200, #2988, .T. ) ;
#179 = VECTOR ( 'NONE', #1692, 1000.000000000000114 ) ;
#180 = LINE ( 'NONE', #1478, #3173 ) ;
#181 = CARTESIAN_POINT ( 'NONE',  ( 146.7198000000000206, -52.14743877899999802, 5.757459202000000609 ) ) ;
#182 = AXIS2_PLACEMENT_3D ( 'NONE', #2850, #393, #1753 ) ;
#183 = LINE ( 'NONE', #2362, #2574 ) ;
#184 = FACE_OUTER_BOUND ( 'NONE', #3092, .T. ) ;
#185 = VERTEX_POINT ( 'NONE', #3168 ) ;
#186 = DIRECTION ( 'NONE',  ( 0.000000000000000000, 1.000000000000000000, 0.000000000000000000 ) ) ;
#187 = CARTESIAN_POINT ( 'NONE',  ( -145.2247747460000085, -43.62541377899999873, 8.487459202000001923 ) ) ;
#188 = VECTOR ( 'NONE', #401, 1000.000000000000000 ) ;
#189 = EDGE_LOOP ( 'NONE', ( #2219, #1343, #2797, #1133 ) ) ;
#190 = DIRECTION ( 'NONE',  ( -0.7071067811865474617, 0.000000000000000000, -0.7071067811865474617 ) ) ;
#191 = LINE ( 'NONE', #2000, #1009 ) ;
#192 = ORIENTED_EDGE ( 'NONE', *, *, #565, .T. ) ;
#193 = CARTESIAN_POINT ( 'NONE',  ( -114.9198000000000093, -33.19743877900000228, 23.65745920200000185 ) ) ;
#194 = ORIENTED_EDGE ( 'NONE', *, *, #1938, .F. ) ;
#195 = LINE ( 'NONE', #148, #1273 ) ;
#196 = DIRECTION ( 'NONE',  ( 1.000000000000000000, -0.000000000000000000, 0.000000000000000000 ) ) ;
#197 = DIRECTION ( 'NONE',  ( 0.7071067811865474617, 0.000000000000000000, 0.7071067811865474617 ) ) ;
#198 = AXIS2_PLACEMENT_3D ( 'NONE', #3221, #2468, #2684 ) ;
#199 = ORIENTED_EDGE ( 'NONE', *, *, #2563, .T. ) ;
#200 = CARTESIAN_POINT ( 'NONE',  ( -146.3197999999999865, 0.000000000000000000, 18.45745920200000256 ) ) ;
#201 = ORIENTED_EDGE ( 'NONE', *, *, #337, .F. ) ;
#202 = ORIENTED_EDGE ( 'NONE', *, *, #1346, .F. ) ;
#203 = AXIS2_PLACEMENT_3D ( 'NONE', #2050, #403, #91 ) ;
#204 = EDGE_CURVE ( 'NONE', #3435, #2934, #3324, .T. ) ;
#205 = LINE ( 'NONE', #470, #3361 ) ;
#206 = ADVANCED_FACE ( 'NONE', ( #808 ), #2093, .T. ) ;
#207 = ORIENTED_EDGE ( 'NONE', *, *, #342, .T. ) ;
#208 = DIRECTION ( 'NONE',  ( 1.000000000000000000, 0.000000000000000000, 0.000000000000000000 ) ) ;
#209 = ORIENTED_EDGE ( 'NONE', *, *, #617, .T. ) ;
#210 = DIRECTION ( 'NONE',  ( 0.000000000000000000, -1.000000000000000000, 0.000000000000000000 ) ) ;
#211 = ORIENTED_EDGE ( 'NONE', *, *, #1952, .T. ) ;
#212 = CARTESIAN_POINT ( 'NONE',  ( -144.0176679650000153, -43.12541377899999873, 7.987459202000001035 ) ) ;
#213 = CARTESIAN_POINT ( 'NONE',  ( 146.2697999989999857, 2.694222958124194756E-16, 22.26750970799997731 ) ) ;
#214 = CARTESIAN_POINT ( 'NONE',  ( 149.4697999990000028, 3.600000000000000089, 5.557459201999999543 ) ) ;
#215 = ORIENTED_EDGE ( 'NONE', *, *, #756, .T. ) ;
#216 = DIRECTION ( 'NONE',  ( -0.7071067811865475727, 0.000000000000000000, 0.7071067811865475727 ) ) ;
#217 = CARTESIAN_POINT ( 'NONE',  ( 144.0198000000000036, -58.04033199799999920, 5.557459201999999543 ) ) ;
#218 = ORIENTED_EDGE ( 'NONE', *, *, #723, .T. ) ;
#219 = CARTESIAN_POINT ( 'NONE',  ( -116.9198000000000093, -31.19743877900000228, 18.65745920200000185 ) ) ;
#220 = LINE ( 'NONE', #1533, #2312 ) ;
#221 = EDGE_CURVE ( 'NONE', #1653, #2035, #1793, .T. ) ;
#222 = DIRECTION ( 'NONE',  ( 0.000000000000000000, 0.000000000000000000, -1.000000000000000000 ) ) ;
#223 = ORIENTED_EDGE ( 'NONE', *, *, #2235, .F. ) ;
#224 = ADVANCED_FACE ( 'NONE', ( #433 ), #2944, .F. ) ;
#225 = EDGE_CURVE ( 'NONE', #2139, #3275, #727, .T. ) ;
#226 = CARTESIAN_POINT ( 'NONE',  ( -148.7126932189999877, -52.74743877900000655, 5.557459201999999543 ) ) ;
#227 = VECTOR ( 'NONE', #2048, 1000.000000000000114 ) ;
#228 = ORIENTED_EDGE ( 'NONE', *, *, #524, .F. ) ;
#229 = EDGE_LOOP ( 'NONE', ( #3265, #2883, #1767, #1059 ) ) ;
#230 = FACE_OUTER_BOUND ( 'NONE', #1106, .T. ) ;
#231 = LINE ( 'NONE', #2023, #356 ) ;
#232 = VECTOR ( 'NONE', #3066, 1000.000000000000114 ) ;
#233 = CARTESIAN_POINT ( 'NONE',  ( 144.0198000000000036, -59.74743877900000655, 22.26750970500000193 ) ) ;
#234 = LINE ( 'NONE', #3243, #1606 ) ;
#235 = ORIENTED_EDGE ( 'NONE', *, *, #1942, .F. ) ;
#236 = CARTESIAN_POINT ( 'NONE',  ( -146.5198000000000036, 25.36863622099999915, 18.96745920200000413 ) ) ;
#237 = CALENDAR_DATE ( 2025, 26, 11 ) ;
#238 = CARTESIAN_POINT ( 'NONE',  ( 144.0198000000000036, -52.74743877900000655, 18.95745920199999901 ) ) ;
#239 = EDGE_LOOP ( 'NONE', ( #3481, #3079, #54, #2839, #893, #2765, #1536, #1860, #2031, #670, #1624, #3049, #1085, #627, #3046, #619, #2801, #2933, #695, #1572 ) ) ;
#240 = DIRECTION ( 'NONE',  ( -0.000000000000000000, 1.000000000000000000, 0.000000000000000000 ) ) ;
#241 = EDGE_LOOP ( 'NONE', ( #3074, #1830, #308, #653 ) ) ;
#242 = EDGE_CURVE ( 'NONE', #1954, #377, #684, .T. ) ;
#243 = ORIENTED_EDGE ( 'NONE', *, *, #733, .F. ) ;
#244 = ADVANCED_FACE ( 'NONE', ( #2853 ), #2693, .T. ) ;
#245 = CARTESIAN_POINT ( 'NONE',  ( -141.3197999999999865, -31.19743877900000228, 23.65745920200000185 ) ) ;
#246 = LINE ( 'NONE', #965, #2337 ) ;
#247 = CARTESIAN_POINT ( 'NONE',  ( 117.5207902190000055, -31.19405000000000072, 18.65745920200000185 ) ) ;
#248 = ORIENTED_EDGE ( 'NONE', *, *, #1900, .F. ) ;
#249 = VECTOR ( 'NONE', #3362, 1000.000000000000114 ) ;
#250 = AXIS2_PLACEMENT_3D ( 'NONE', #1156, #3386, #3365 ) ;
#251 = DIRECTION ( 'NONE',  ( 0.000000000000000000, -1.000000000000000000, 0.000000000000000000 ) ) ;
#252 = EDGE_LOOP ( 'NONE', ( #3343, #2914, #228, #2735 ) ) ;
#253 = ORIENTED_EDGE ( 'NONE', *, *, #51, .T. ) ;
#254 = CIRCLE ( 'NONE', #2778, 5.000000000000004441 ) ;
#255 = DIRECTION ( 'NONE',  ( 0.000000000000000000, 0.000000000000000000, 1.000000000000000000 ) ) ;
#256 = ORIENTED_EDGE ( 'NONE', *, *, #2505, .T. ) ;
#257 = EDGE_CURVE ( 'NONE', #2663, #93, #1884, .T. ) ;
#258 = DIRECTION ( 'NONE',  ( -0.7071067811865474617, 0.000000000000000000, 0.7071067811865474617 ) ) ;
#259 = ORIENTED_EDGE ( 'NONE', *, *, #3036, .F. ) ;
#260 = DIRECTION ( 'NONE',  ( 1.000000000000000000, 0.000000000000000000, 0.000000000000000000 ) ) ;
#261 = PRODUCT_RELATED_PRODUCT_CATEGORY ( 'detail', '', ( #907 ) ) ;
#262 = LINE ( 'NONE', #1283, #1728 ) ;
#263 = ADVANCED_FACE ( 'NONE', ( #1240 ), #77, .T. ) ;
#264 = DIRECTION ( 'NONE',  ( 1.000000000000000000, 0.000000000000000000, 0.000000000000000000 ) ) ;
#265 = LINE ( 'NONE', #385, #3069 ) ;
#266 = VECTOR ( 'NONE', #2852, 1000.000000000000000 ) ;
#267 = ORIENTED_EDGE ( 'NONE', *, *, #1221, .F. ) ;
#268 = CARTESIAN_POINT ( 'NONE',  ( 143.9197999999999809, -29.19405000000000072, 18.65745920200000185 ) ) ;
#269 = LINE ( 'NONE', #1142, #348 ) ;
#270 = VERTEX_POINT ( 'NONE', #1067 ) ;
#271 = DIRECTION ( 'NONE',  ( -1.000000000000000000, 0.000000000000000000, 0.000000000000000000 ) ) ;
#272 = EDGE_CURVE ( 'NONE', #1026, #270, #3248, .T. ) ;
#273 = ORIENTED_EDGE ( 'NONE', *, *, #1870, .T. ) ;
#274 = LINE ( 'NONE', #980, #227 ) ;
#275 = DIRECTION ( 'NONE',  ( 0.000000000000000000, 1.000000000000000000, 0.000000000000000000 ) ) ;
#276 = AXIS2_PLACEMENT_3D ( 'NONE', #3376, #3141, #418 ) ;
#277 = VECTOR ( 'NONE', #1776, 1000.000000000000000 ) ;
#278 = ORIENTED_EDGE ( 'NONE', *, *, #3290, .F. ) ;
#279 = EDGE_CURVE ( 'NONE', #1877, #1129, #2898, .T. ) ;
#280 = VECTOR ( 'NONE', #1136, 1000.000000000000000 ) ;
#281 = EDGE_LOOP ( 'NONE', ( #3145, #378, #202, #1047 ) ) ;
#282 = FACE_OUTER_BOUND ( 'NONE', #1280, .T. ) ;
#283 = ADVANCED_FACE ( 'NONE', ( #2439 ), #285, .F. ) ;
#284 = VERTEX_POINT ( 'NONE', #814 ) ;
#285 = PLANE ( 'NONE',  #1112 ) ;
#286 = ORIENTED_EDGE ( 'NONE', *, *, #1435, .T. ) ;
#287 = LINE ( 'NONE', #1802, #1015 ) ;
#288 = DIRECTION ( 'NONE',  ( 0.000000000000000000, -0.000000000000000000, -1.000000000000000000 ) ) ;
#289 = ORIENTED_EDGE ( 'NONE', *, *, #1835, .T. ) ;
#290 = EDGE_CURVE ( 'NONE', #2136, #2704, #2, .T. ) ;
#291 = ORIENTED_EDGE ( 'NONE', *, *, #3288, .T. ) ;
#292 = DIRECTION ( 'NONE',  ( -0.7071067811865475727, 0.000000000000000000, -0.7071067811865475727 ) ) ;
#293 = ORIENTED_EDGE ( 'NONE', *, *, #971, .T. ) ;
#294 = FACE_OUTER_BOUND ( 'NONE', #1479, .T. ) ;
#295 = EDGE_LOOP ( 'NONE', ( #2457, #1703, #1743, #2557 ) ) ;
#296 = ORIENTED_EDGE ( 'NONE', *, *, #1488, .T. ) ;
#297 = EDGE_CURVE ( 'NONE', #1326, #789, #1373, .T. ) ;
#298 = ADVANCED_FACE ( 'NONE', ( #2737 ), #2166, .T. ) ;
#299 = DIRECTION ( 'NONE',  ( 0.7071067811865455743, 0.000000000000000000, 0.7071067811865493491 ) ) ;
#300 = CARTESIAN_POINT ( 'NONE',  ( -148.8697999999999979, 1.550000000000000044, 22.26750970799999862 ) ) ;
#301 = EDGE_CURVE ( 'NONE', #3062, #1704, #3446, .T. ) ;
#302 = EDGE_LOOP ( 'NONE', ( #3396, #1329, #98, #347, #3522, #1813, #3008, #1491 ) ) ;
#303 = DIRECTION ( 'NONE',  ( 0.000000000000000000, 0.000000000000000000, 1.000000000000000000 ) ) ;
#304 = ORIENTED_EDGE ( 'NONE', *, *, #1049, .F. ) ;
#305 = CYLINDRICAL_SURFACE ( 'NONE', #2723, 2.000000000000001776 ) ;
#306 = CARTESIAN_POINT ( 'NONE',  ( 148.6697999990000199, 1.800000000000000044, 5.557459201999999543 ) ) ;
#307 = CARTESIAN_POINT ( 'NONE',  ( -143.5198000000000036, 0.000000000000000000, 18.45745920200000256 ) ) ;
#308 = ORIENTED_EDGE ( 'NONE', *, *, #659, .F. ) ;
#309 = VECTOR ( 'NONE', #2579, 1000.000000000000000 ) ;
#310 = ADVANCED_FACE ( 'NONE', ( #2809 ), #1885, .F. ) ;
#311 = DIRECTION ( 'NONE',  ( -0.000000000000000000, -0.5000000000000004441, 0.8660254037844383745 ) ) ;
#312 = ORIENTED_EDGE ( 'NONE', *, *, #1930, .F. ) ;
#313 = AXIS2_PLACEMENT_3D ( 'NONE', #3453, #2634, #3478 ) ;
#314 = VECTOR ( 'NONE', #787, 1000.000000000000000 ) ;
#315 = FACE_OUTER_BOUND ( 'NONE', #2376, .T. ) ;
#316 = CIRCLE ( 'NONE', #250, 7.000000000000006217 ) ;
#317 = DIRECTION ( 'NONE',  ( -0.7071067811865475727, 0.7071067811865475727, 0.000000000000000000 ) ) ;
#318 = LINE ( 'NONE', #1810, #1897 ) ;
#319 = ORIENTED_EDGE ( 'NONE', *, *, #553, .T. ) ;
#320 = LOCAL_TIME ( 11, 18, 25.00000000000000000, #2916 ) ;
#321 = CARTESIAN_POINT ( 'NONE',  ( 136.5149060519999864, -42.24743877899999944, 19.45745920199999901 ) ) ;
#322 = EDGE_CURVE ( 'NONE', #2039, #3011, #3493, .T. ) ;
#323 = PLANE ( 'NONE',  #2821 ) ;
#324 = ORIENTED_EDGE ( 'NONE', *, *, #1334, .F. ) ;
#325 = CARTESIAN_POINT ( 'NONE',  ( 126.4249060519999972, -50.24743877899999944, 19.45745920199999901 ) ) ;
#326 = ORIENTED_EDGE ( 'NONE', *, *, #834, .T. ) ;
#327 = DIRECTION ( 'NONE',  ( -1.000000000000000000, 1.122592899218408236E-16, 0.000000000000000000 ) ) ;
#328 = EDGE_LOOP ( 'NONE', ( #1892, #468, #2720, #2542 ) ) ;
#329 = DIRECTION ( 'NONE',  ( 0.000000000000000000, 0.000000000000000000, -1.000000000000000000 ) ) ;
#330 = CARTESIAN_POINT ( 'NONE',  ( 146.7198000000000206, -21.00338877899999801, 5.757459202000000609 ) ) ;
#331 = ORIENTED_EDGE ( 'NONE', *, *, #1671, .F. ) ;
#332 = LINE ( 'NONE', #3367, #1107 ) ;
#333 = DIRECTION ( 'NONE',  ( 0.000000000000000000, 1.000000000000000000, 0.000000000000000000 ) ) ;
#334 = EDGE_LOOP ( 'NONE', ( #578, #2921, #2084, #139, #3134 ) ) ;
#335 = ORIENTED_EDGE ( 'NONE', *, *, #1889, .F. ) ;
#336 = ADVANCED_FACE ( 'NONE', ( #3121 ), #3514, .F. ) ;
#337 = EDGE_CURVE ( 'NONE', #2663, #1618, #995, .T. ) ;
#338 = CARTESIAN_POINT ( 'NONE',  ( -143.9197999999999809, 0.000000000000000000, 24.25745920200000327 ) ) ;
#339 = CARTESIAN_POINT ( 'NONE',  ( 117.5207902190000055, -33.19405000000000427, 18.65745920200000185 ) ) ;
#340 = VERTEX_POINT ( 'NONE', #577 ) ;
#341 = CARTESIAN_POINT ( 'NONE',  ( -155.9712718615000711, 3.100000000000000089, 12.81603784650047295 ) ) ;
#342 = EDGE_CURVE ( 'NONE', #719, #1665, #1201, .T. ) ;
#343 = CARTESIAN_POINT ( 'NONE',  ( 126.4249060519999972, -56.74743877899999944, 19.65745920200000185 ) ) ;
#344 = DIRECTION ( 'NONE',  ( 0.000000000000000000, -1.000000000000000000, 0.000000000000000000 ) ) ;
#345 = LINE ( 'NONE', #2119, #983 ) ;
#346 = AXIS2_PLACEMENT_3D ( 'NONE', #1455, #2586, #1188 ) ;
#347 = ORIENTED_EDGE ( 'NONE', *, *, #2446, .T. ) ;
#348 = VECTOR ( 'NONE', #605, 1000.000000000000000 ) ;
#349 = ORIENTED_EDGE ( 'NONE', *, *, #2359, .T. ) ;
#350 = ADVANCED_FACE ( 'NONE', ( #2016 ), #1423, .F. ) ;
#351 = CARTESIAN_POINT ( 'NONE',  ( 115.5207902189999913, -40.97074438900000359, 18.65745920200000185 ) ) ;
#352 = PLANE ( 'NONE',  #1040 ) ;
#353 = ORIENTED_EDGE ( 'NONE', *, *, #1076, .T. ) ;
#354 = CARTESIAN_POINT ( 'NONE',  ( 5.259999999999999787, -56.74743877899999944, 22.65745920200000185 ) ) ;
#355 = LINE ( 'NONE', #226, #1048 ) ;
#356 = VECTOR ( 'NONE', #1195, 1000.000000000000114 ) ;
#357 = EDGE_CURVE ( 'NONE', #2173, #1398, #2320, .T. ) ;
#358 = LINE ( 'NONE', #2847, #1428 ) ;
#359 = EDGE_LOOP ( 'NONE', ( #2639, #1949, #2675, #2714 ) ) ;
#360 = COORDINATED_UNIVERSAL_TIME_OFFSET ( 8, 0, .AHEAD. ) ;
#361 = CARTESIAN_POINT ( 'NONE',  ( 62.82632135600000112, 61.07293257800000674, 5.557459201999999543 ) ) ;
#362 = DIRECTION ( 'NONE',  ( 0.000000000000000000, 0.000000000000000000, -1.000000000000000000 ) ) ;
#363 = AXIS2_PLACEMENT_3D ( 'NONE', #746, #1858, #3492 ) ;
#364 = FACE_OUTER_BOUND ( 'NONE', #1685, .T. ) ;
#365 = ORIENTED_EDGE ( 'NONE', *, *, #930, .F. ) ;
#366 = EDGE_CURVE ( 'NONE', #2213, #1653, #2447, .T. ) ;
#367 = VECTOR ( 'NONE', #1731, 1000.000000000000000 ) ;
#368 = DIRECTION ( 'NONE',  ( -1.000000000000000000, 0.000000000000000000, 0.000000000000000000 ) ) ;
#369 = EDGE_LOOP ( 'NONE', ( #1887, #1955, #2238, #947 ) ) ;
#370 = DIRECTION ( 'NONE',  ( 1.000000000000000000, 0.000000000000000000, 0.000000000000000000 ) ) ;
#371 = EDGE_CURVE ( 'NONE', #1750, #1719, #3001, .T. ) ;
#372 = CARTESIAN_POINT ( 'NONE',  ( -4.830000000000000071, -50.24743877899999944, 22.65745920200000185 ) ) ;
#373 = DIRECTION ( 'NONE',  ( 0.000000000000000000, 0.000000000000000000, -1.000000000000000000 ) ) ;
#374 = CIRCLE ( 'NONE', #953, 5.099999999999993427 ) ;
#375 = EDGE_LOOP ( 'NONE', ( #3354, #2887, #1118, #1937 ) ) ;
#376 = MANIFOLD_SOLID_BREP ( '倒角5', #2598 ) ;
#377 = VERTEX_POINT ( 'NONE', #306 ) ;
#378 = ORIENTED_EDGE ( 'NONE', *, *, #2051, .T. ) ;
#379 = EDGE_LOOP ( 'NONE', ( #1131, #3316, #3411, #2116 ) ) ;
#380 = DIRECTION ( 'NONE',  ( 0.000000000000000000, -0.7071067811865475727, 0.7071067811865475727 ) ) ;
#381 = LINE ( 'NONE', #2056, #71 ) ;
#382 = PLANE ( 'NONE',  #714 ) ;
#383 = ORIENTED_EDGE ( 'NONE', *, *, #2224, .F. ) ;
#384 = AXIS2_PLACEMENT_3D ( 'NONE', #1475, #72, #2019 ) ;
#385 = CARTESIAN_POINT ( 'NONE',  ( 144.0198000000000036, -59.74743877900000655, 7.264565985000000836 ) ) ;
#386 = DIRECTION ( 'NONE',  ( 0.000000000000000000, 0.000000000000000000, 1.000000000000000000 ) ) ;
#387 = PLANE ( 'NONE',  #2575 ) ;
#388 = AXIS2_PLACEMENT_3D ( 'NONE', #361, #3322, #1457 ) ;
#389 = EDGE_CURVE ( 'NONE', #1623, #16, #820, .T. ) ;
#390 = ORIENTED_EDGE ( 'NONE', *, *, #2848, .F. ) ;
#391 = CARTESIAN_POINT ( 'NONE',  ( 143.9197999999999809, -29.19405000000000072, 18.65745920200000185 ) ) ;
#392 = CIRCLE ( 'NONE', #2996, 5.200000000000009948 ) ;
#393 = DIRECTION ( 'NONE',  ( 0.000000000000000000, 0.000000000000000000, -1.000000000000000000 ) ) ;
#394 = B_SPLINE_CURVE_WITH_KNOTS ( 'NONE', 1,
 ( #1493, #687 ),
 .UNSPECIFIED., .F., .F.,
 ( 2, 2 ),
 ( 0.000000000000000000, 1.000000000000000000 ),
 .UNSPECIFIED. ) ;
#395 = DIRECTION ( 'NONE',  ( 0.000000000000000000, -1.000000000000000000, 0.000000000000000000 ) ) ;
#396 = EDGE_LOOP ( 'NONE', ( #335, #2475, #1775, #192 ) ) ;
#397 = DIRECTION ( 'NONE',  ( 1.000000000000000000, 0.000000000000000000, 0.000000000000000000 ) ) ;
#398 = LINE ( 'NONE', #193, #2491 ) ;
#399 = EDGE_LOOP ( 'NONE', ( #3090, #259, #3228, #2395 ) ) ;
#400 = VECTOR ( 'NONE', #3236, 1000.000000000000000 ) ;
#401 = DIRECTION ( 'NONE',  ( 0.000000000000000000, 0.000000000000000000, -1.000000000000000000 ) ) ;
#402 = LINE ( 'NONE', #625, #52 ) ;
#403 = DIRECTION ( 'NONE',  ( 0.000000000000000000, 0.000000000000000000, 1.000000000000000000 ) ) ;
#404 = VECTOR ( 'NONE', #2076, 1000.000000000000000 ) ;
#405 = ORIENTED_EDGE ( 'NONE', *, *, #981, .T. ) ;
#406 = EDGE_CURVE ( 'NONE', #836, #1665, #1300, .T. ) ;
#407 = COORDINATED_UNIVERSAL_TIME_OFFSET ( 8, 0, .AHEAD. ) ;
#408 = ADVANCED_FACE ( 'NONE', ( #2817 ), #1947, .T. ) ;
#409 = CARTESIAN_POINT ( 'NONE',  ( -116.9198000000000093, -33.19743877900000228, 18.45745920200000256 ) ) ;
#410 = CARTESIAN_POINT ( 'NONE',  ( -115.5198000000000036, -33.19743877900000228, 24.25745920200000327 ) ) ;
#411 = ORIENTED_EDGE ( 'NONE', *, *, #1975, .F. ) ;
#412 = CARTESIAN_POINT ( 'NONE',  ( -141.3197999999999865, -31.19743877900000228, 18.65745920200000185 ) ) ;
#413 = AXIS2_PLACEMENT_3D ( 'NONE', #1271, #2597, #1255 ) ;
#414 = EDGE_CURVE ( 'NONE', #2431, #70, #692, .T. ) ;
#415 = EDGE_LOOP ( 'NONE', ( #3278, #840, #1172, #2549, #1783 ) ) ;
#416 = CARTESIAN_POINT ( 'NONE',  ( 129.9702951089999772, -31.19405000000000072, 18.65745920200000185 ) ) ;
#417 = ORIENTED_EDGE ( 'NONE', *, *, #371, .F. ) ;
#418 = DIRECTION ( 'NONE',  ( 0.000000000000000000, 1.000000000000000000, 0.000000000000000000 ) ) ;
#419 = AXIS2_PLACEMENT_3D ( 'NONE', #1115, #2514, #3022 ) ;
#420 = CARTESIAN_POINT ( 'NONE',  ( 141.6197999999999979, -57.44743877900000228, 5.557459201999999543 ) ) ;
#421 = ORIENTED_EDGE ( 'NONE', *, *, #167, .T. ) ;
#422 = DIRECTION ( 'NONE',  ( 0.000000000000000000, 0.000000000000000000, -1.000000000000000000 ) ) ;
#423 = DIRECTION ( 'NONE',  ( 0.000000000000000000, 1.000000000000000000, 0.000000000000000000 ) ) ;
#424 = ORIENTED_EDGE ( 'NONE', *, *, #2924, .T. ) ;
#425 = VERTEX_POINT ( 'NONE', #1966 ) ;
#426 = FACE_OUTER_BOUND ( 'NONE', #870, .T. ) ;
#427 = ADVANCED_FACE ( 'NONE', ( #2110 ), #3287, .T. ) ;
#428 = DIRECTION ( 'NONE',  ( -1.000000000000000000, 0.000000000000000000, 0.000000000000000000 ) ) ;
#429 = VECTOR ( 'NONE', #681, 1000.000000000000114 ) ;
#430 = EDGE_CURVE ( 'NONE', #1993, #2556, #739, .T. ) ;
#431 = VERTEX_POINT ( 'NONE', #2212 ) ;
#432 = DIRECTION ( 'NONE',  ( 0.000000000000000000, 0.000000000000000000, -1.000000000000000000 ) ) ;
#433 = FACE_OUTER_BOUND ( 'NONE', #241, .T. ) ;
#434 = AXIS2_PLACEMENT_3D ( 'NONE', #2263, #3075, #1204 ) ;
#435 = CARTESIAN_POINT ( 'NONE',  ( -146.7198000000000206, 3.100000000000000089, 5.557459201999995990 ) ) ;
#436 = LINE ( 'NONE', #1851, #2229 ) ;
#437 = CARTESIAN_POINT ( 'NONE',  ( -143.4197999999999809, -52.74743877900000655, 24.25745920299999980 ) ) ;
#438 = VECTOR ( 'NONE', #2608, 1000.000000000000000 ) ;
#439 = EDGE_CURVE ( 'NONE', #1422, #866, #1928, .T. ) ;
#440 = ORIENTED_EDGE ( 'NONE', *, *, #1824, .T. ) ;
#441 = CARTESIAN_POINT ( 'NONE',  ( -141.3197999999999865, -31.19743877900000228, 18.65745920200000185 ) ) ;
#442 = LINE ( 'NONE', #1380, #3254 ) ;
#443 = VERTEX_POINT ( 'NONE', #1399 ) ;
#444 = PERSON_AND_ORGANIZATION_ROLE ( 'creator' ) ;
#445 = ADVANCED_FACE ( 'NONE', ( #1256 ), #35, .T. ) ;
#446 = FACE_OUTER_BOUND ( 'NONE', #3019, .T. ) ;
#447 = FACE_OUTER_BOUND ( 'NONE', #3194, .T. ) ;
#448 = FACE_OUTER_BOUND ( 'NONE', #2168, .T. ) ;
#449 = ORIENTED_EDGE ( 'NONE', *, *, #1440, .T. ) ;
#450 = DIRECTION ( 'NONE',  ( 0.000000000000000000, 0.000000000000000000, 1.000000000000000000 ) ) ;
#451 = LINE ( 'NONE', #321, #2167 ) ;
#452 = ORIENTED_EDGE ( 'NONE', *, *, #2314, .F. ) ;
#453 = CARTESIAN_POINT ( 'NONE',  ( -112.9197999999999951, -50.84743877900000086, 24.25745920200000327 ) ) ;
#454 = DIRECTION ( 'NONE',  ( -1.000000000000000000, 0.000000000000000000, 0.000000000000000000 ) ) ;
#455 = EDGE_CURVE ( 'NONE', #431, #2331, #3295, .T. ) ;
#456 = VERTEX_POINT ( 'NONE', #1145 ) ;
#457 = CARTESIAN_POINT ( 'NONE',  ( 117.5207902190000055, -33.19405000000000427, 24.25745920200000327 ) ) ;
#458 = DIRECTION ( 'NONE',  ( 0.000000000000000000, 0.000000000000000000, -1.000000000000000000 ) ) ;
#459 = ORIENTED_EDGE ( 'NONE', *, *, #63, .T. ) ;
#460 = EDGE_CURVE ( 'NONE', #456, #1232, #2961, .T. ) ;
#461 = VECTOR ( 'NONE', #1238, 1000.000000000000114 ) ;
#462 = ORIENTED_EDGE ( 'NONE', *, *, #2286, .T. ) ;
#463 = ADVANCED_FACE ( 'NONE', ( #1347 ), #2546, .T. ) ;
#464 = EDGE_LOOP ( 'NONE', ( #993, #194, #2930, #89 ) ) ;
#465 = EDGE_LOOP ( 'NONE', ( #331, #2794, #29, #1567, #2135, #3136, #117, #2625 ) ) ;
#466 = DIRECTION ( 'NONE',  ( -0.000000000000000000, 1.000000000000000000, -0.000000000000000000 ) ) ;
#467 = ORIENTED_EDGE ( 'NONE', *, *, #1501, .F. ) ;
#468 = ORIENTED_EDGE ( 'NONE', *, *, #3072, .F. ) ;
#469 = VECTOR ( 'NONE', #333, 1000.000000000000000 ) ;
#470 = CARTESIAN_POINT ( 'NONE',  ( -150.4197999999999809, -52.74743877900000655, 22.26750970799999862 ) ) ;
#471 = PLANE ( 'NONE',  #413 ) ;
#472 = DIRECTION ( 'NONE',  ( 0.000000000000000000, 0.000000000000000000, 1.000000000000000000 ) ) ;
#473 = EDGE_CURVE ( 'NONE', #2420, #712, #2070, .T. ) ;
#474 = DIRECTION ( 'NONE',  ( 0.000000000000000000, 1.000000000000000000, 0.000000000000000000 ) ) ;
#475 = ORIENTED_EDGE ( 'NONE', *, *, #3238, .F. ) ;
#476 = ADVANCED_FACE ( 'NONE', ( #1123 ), #2811, .T. ) ;
#477 = CONICAL_SURFACE ( 'NONE', #2632, 1.399999999999998579, 0.7853981625000003852 ) ;
#478 = AXIS2_PLACEMENT_3D ( 'NONE', #2725, #2460, #1093 ) ;
#479 = CARTESIAN_POINT ( 'NONE',  ( -141.5198000000000036, -52.24743877900000655, 5.557459201999999543 ) ) ;
#480 = DIRECTION ( 'NONE',  ( 0.000000000000000000, 0.000000000000000000, -1.000000000000000000 ) ) ;
#481 = ORIENTED_EDGE ( 'NONE', *, *, #1739, .F. ) ;
#482 = PLANE ( 'NONE',  #1935 ) ;
#483 = EDGE_CURVE ( 'NONE', #2233, #3201, #572, .T. ) ;
#484 = CARTESIAN_POINT ( 'NONE',  ( -112.9197999999999951, -50.24743877899999944, 18.65745920200000185 ) ) ;
#485 = AXIS2_PLACEMENT_3D ( 'NONE', #1896, #2970, #251 ) ;
#486 = FACE_OUTER_BOUND ( 'NONE', #499, .T. ) ;
#487 = CARTESIAN_POINT ( 'NONE',  ( -144.8722873730000060, -13.62541377900000050, 8.134971828999999488 ) ) ;
#488 = ORIENTED_EDGE ( 'NONE', *, *, #1686, .T. ) ;
#489 = VECTOR ( 'NONE', #480, 1000.000000000000000 ) ;
#490 = DIRECTION ( 'NONE',  ( 0.000000000000000000, 0.000000000000000000, 1.000000000000000000 ) ) ;
#491 = LINE ( 'NONE', #2202, #2919 ) ;
#492 = ORIENTED_EDGE ( 'NONE', *, *, #3326, .F. ) ;
#493 = DIRECTION ( 'NONE',  ( -1.000000000000000000, 0.000000000000000000, 0.000000000000000000 ) ) ;
#494 = FACE_OUTER_BOUND ( 'NONE', #2180, .T. ) ;
#495 = VERTEX_POINT ( 'NONE', #1981 ) ;
#496 = EDGE_CURVE ( 'NONE', #93, #2061, #316, .T. ) ;
#497 = ADVANCED_FACE ( 'NONE', ( #3128 ), #387, .T. ) ;
#498 = CARTESIAN_POINT ( 'NONE',  ( -141.3197999999999865, -29.19743877900000228, 24.25745920200000327 ) ) ;
#499 = EDGE_LOOP ( 'NONE', ( #1838, #2560, #966, #736 ) ) ;
#500 = CARTESIAN_POINT ( 'NONE',  ( 113.5207902189999913, -50.44743877900000228, 18.45745920200000256 ) ) ;
#501 = CARTESIAN_POINT ( 'NONE',  ( 144.0198000000000036, -59.74743878000000308, 7.264565985000000836 ) ) ;
#502 = AXIS2_PLACEMENT_3D ( 'NONE', #3276, #3000, #3244 ) ;
#503 = ORIENTED_EDGE ( 'NONE', *, *, #2327, .T. ) ;
#504 = CARTESIAN_POINT ( 'NONE',  ( -112.9197999999999951, -50.24743877899999944, 18.65745920200000185 ) ) ;
#505 = ORIENTED_EDGE ( 'NONE', *, *, #79, .T. ) ;
#506 = EDGE_CURVE ( 'NONE', #70, #2681, #402, .T. ) ;
#507 = VERTEX_POINT ( 'NONE', #2521 ) ;
#508 = DIRECTION ( 'NONE',  ( 0.000000000000000000, 0.000000000000000000, 1.000000000000000000 ) ) ;
#509 = ORIENTED_EDGE ( 'NONE', *, *, #2971, .F. ) ;
#510 = DIRECTION ( 'NONE',  ( -1.000000000000000000, 0.000000000000000000, 0.000000000000000000 ) ) ;
#511 = CARTESIAN_POINT ( 'NONE',  ( 149.4697999990000028, 3.600000000000000089, 18.80340809286220605 ) ) ;
#512 = ADVANCED_FACE ( 'NONE', ( #447 ), #1181, .F. ) ;
#513 = DIRECTION ( 'NONE',  ( 0.000000000000000000, 1.000000000000000000, 0.000000000000000000 ) ) ;
#514 = PLANE ( 'NONE',  #2057 ) ;
#515 = VECTOR ( 'NONE', #2191, 1000.000000000000000 ) ;
#516 = FACE_OUTER_BOUND ( 'NONE', #1055, .T. ) ;
#517 = DIRECTION ( 'NONE',  ( -0.7071067811865279218, 0.000000000000000000, 0.7071067811865670016 ) ) ;
#518 = EDGE_CURVE ( 'NONE', #1199, #3491, #1088, .T. ) ;
#519 = VECTOR ( 'NONE', #2476, 1000.000000000000000 ) ;
#520 = ORIENTED_EDGE ( 'NONE', *, *, #3462, .T. ) ;
#521 = CARTESIAN_POINT ( 'NONE',  ( 110.2999901769999980, -59.74743877900000655, 14.30745793200000016 ) ) ;
#522 = AXIS2_PLACEMENT_3D ( 'NONE', #1370, #303, #1074 ) ;
#523 = LINE ( 'NONE', #2953, #2489 ) ;
#524 = EDGE_CURVE ( 'NONE', #73, #1298, #1248, .T. ) ;
#525 = PLANE ( 'NONE',  #1982 ) ;
#526 = FACE_OUTER_BOUND ( 'NONE', #1530, .T. ) ;
#527 = ORIENTED_EDGE ( 'NONE', *, *, #496, .F. ) ;
#528 = LINE ( 'NONE', #3388, #136 ) ;
#529 = ADVANCED_FACE ( 'NONE', ( #1207 ), #2617, .F. ) ;
#530 = CARTESIAN_POINT ( 'NONE',  ( -146.5198000000000036, 25.36863622099999915, 18.25745920199999972 ) ) ;
#531 = FACE_OUTER_BOUND ( 'NONE', #1269, .T. ) ;
#532 = ORIENTED_EDGE ( 'NONE', *, *, #2995, .T. ) ;
#533 = CARTESIAN_POINT ( 'NONE',  ( 141.6197999999999979, -52.14743877899999802, 18.45745920200000256 ) ) ;
#534 = VECTOR ( 'NONE', #1619, 1000.000000000000114 ) ;
#535 = ORIENTED_EDGE ( 'NONE', *, *, #2764, .T. ) ;
#536 = VECTOR ( 'NONE', #3170, 1000.000000000000000 ) ;
#537 = PLANE ( 'NONE',  #2189 ) ;
#538 = ORIENTED_EDGE ( 'NONE', *, *, #473, .T. ) ;
#539 = EDGE_CURVE ( 'NONE', #3272, #1933, #3043, .T. ) ;
#540 = ORIENTED_EDGE ( 'NONE', *, *, #1573, .F. ) ;
#541 = CARTESIAN_POINT ( 'NONE',  ( -150.4197999999999809, 0.000000000000000000, 18.95745920199999901 ) ) ;
#542 = ORIENTED_EDGE ( 'NONE', *, *, #322, .T. ) ;
#543 = DIRECTION ( 'NONE',  ( 0.000000000000000000, -0.7071067811865475727, -0.7071067811865475727 ) ) ;
#544 = AXIS2_PLACEMENT_3D ( 'NONE', #3241, #2148, #1062 ) ;
#545 = ADVANCED_FACE ( 'NONE', ( #1683 ), #1714, .T. ) ;
#546 = DIRECTION ( 'NONE',  ( -0.5000000000659546862, 0.7071067810932736286, -0.5000000000659546862 ) ) ;
#547 = EDGE_LOOP ( 'NONE', ( #2959, #797, #1368, #289 ) ) ;
#548 = ORIENTED_EDGE ( 'NONE', *, *, #1328, .T. ) ;
#549 = DIRECTION ( 'NONE',  ( 1.000000000000000000, 0.000000000000000000, 0.000000000000000000 ) ) ;
#550 = FACE_OUTER_BOUND ( 'NONE', #2072, .T. ) ;
#551 = VERTEX_POINT ( 'NONE', #1724 ) ;
#552 = ORIENTED_EDGE ( 'NONE', *, *, #1076, .F. ) ;
#553 = EDGE_CURVE ( 'NONE', #3119, #3271, #1895, .T. ) ;
#554 = AXIS2_PLACEMENT_3D ( 'NONE', #3116, #1799, #1531 ) ;
#555 = CARTESIAN_POINT ( 'NONE',  ( -112.9197999999999951, -48.24743877899999944, 18.65745920200000185 ) ) ;
#556 = VERTEX_POINT ( 'NONE', #876 ) ;
#557 = DIRECTION ( 'NONE',  ( -0.7071067811865474617, 0.000000000000000000, -0.7071067811865474617 ) ) ;
#558 = CARTESIAN_POINT ( 'NONE',  ( 141.6197999999999979, -52.14743877899999802, 18.25745920199999972 ) ) ;
#559 = FACE_OUTER_BOUND ( 'NONE', #1821, .T. ) ;
#560 = LINE ( 'NONE', #3146, #2651 ) ;
#561 = EDGE_LOOP ( 'NONE', ( #349, #674, #3165, #776 ) ) ;
#562 = CONICAL_SURFACE ( 'NONE', #734, 2.600000000000004974, 0.7853981625000003852 ) ;
#563 = ADVANCED_FACE ( 'NONE', ( #3336 ), #2659, .F. ) ;
#564 = DIRECTION ( 'NONE',  ( 0.000000000000000000, -0.7071067811865474617, 0.7071067811865474617 ) ) ;
#565 = EDGE_CURVE ( 'NONE', #712, #3028, #2156, .T. ) ;
#566 = ORIENTED_EDGE ( 'NONE', *, *, #1632, .F. ) ;
#567 = VECTOR ( 'NONE', #3179, 1000.000000000000000 ) ;
#568 = CARTESIAN_POINT ( 'NONE',  ( -114.9198000000000093, -48.24743877899999944, 18.65745920200000185 ) ) ;
#569 = AXIS2_PLACEMENT_3D ( 'NONE', #2353, #750, #1041 ) ;
#570 = EDGE_LOOP ( 'NONE', ( #1571, #102, #624, #390 ) ) ;
#571 = EDGE_CURVE ( 'NONE', #495, #2233, #1679, .T. ) ;
#572 = CIRCLE ( 'NONE', #384, 1.399999999999998579 ) ;
#573 = VECTOR ( 'NONE', #1431, 1000.000000000000000 ) ;
#574 = VERTEX_POINT ( 'NONE', #710 ) ;
#575 = VECTOR ( 'NONE', #1480, 1000.000000000000000 ) ;
#576 = VERTEX_POINT ( 'NONE', #1219 ) ;
#577 = CARTESIAN_POINT ( 'NONE',  ( -146.5198000000000036, 3.100000000000000533, 5.757459202000003273 ) ) ;
#578 = ORIENTED_EDGE ( 'NONE', *, *, #2446, .F. ) ;
#579 = ADVANCED_FACE ( 'NONE', ( #946 ), #696, .T. ) ;
#580 = CARTESIAN_POINT ( 'NONE',  ( -148.0698000000000150, 0.000000000000000000, 22.26750970799999862 ) ) ;
#581 = DIRECTION ( 'NONE',  ( 0.000000000000000000, 0.000000000000000000, -1.000000000000000000 ) ) ;
#582 = ORIENTED_EDGE ( 'NONE', *, *, #2195, .F. ) ;
#583 = EDGE_CURVE ( 'NONE', #2681, #2173, #2321, .T. ) ;
#584 = ORIENTED_EDGE ( 'NONE', *, *, #1183, .F. ) ;
#585 = CARTESIAN_POINT ( 'NONE',  ( -144.0198000000000036, -13.62541377900000050, 8.487459202000001923 ) ) ;
#586 = LINE ( 'NONE', #3040, #1787 ) ;
#587 = ORIENTED_EDGE ( 'NONE', *, *, #608, .F. ) ;
#588 = ORIENTED_EDGE ( 'NONE', *, *, #2195, .T. ) ;
#589 = VECTOR ( 'NONE', #3407, 1000.000000000000000 ) ;
#590 = AXIS2_PLACEMENT_3D ( 'NONE', #1177, #3096, #397 ) ;
#591 = EDGE_CURVE ( 'NONE', #1072, #3469, #2449, .T. ) ;
#592 = VERTEX_POINT ( 'NONE', #2099 ) ;
#593 = CARTESIAN_POINT ( 'NONE',  ( 151.0197999979999963, -52.74743877900000655, 7.264565985000000836 ) ) ;
#594 = CARTESIAN_POINT ( 'NONE',  ( 113.5207902189999913, -48.24743877899999944, 24.25745920200000327 ) ) ;
#595 = LINE ( 'NONE', #987, #1498 ) ;
#596 = LINE ( 'NONE', #1294, #773 ) ;
#597 = LINE ( 'NONE', #2013, #1962 ) ;
#598 = ADVANCED_FACE ( 'NONE', ( #854 ), #2087, .F. ) ;
#599 = CARTESIAN_POINT ( 'NONE',  ( -143.4197999999999809, -59.74743877900000655, 7.264565985000000836 ) ) ;
#600 = LINE ( 'NONE', #1128, #2772 ) ;
#601 = PLANE ( 'NONE',  #1466 ) ;
#602 = ORIENTED_EDGE ( 'NONE', *, *, #2277, .F. ) ;
#603 = EDGE_CURVE ( 'NONE', #760, #154, #1854, .T. ) ;
#604 = LINE ( 'NONE', #2739, #1805 ) ;
#605 = DIRECTION ( 'NONE',  ( 0.000000000000000000, 0.000000000000000000, -1.000000000000000000 ) ) ;
#606 = VERTEX_POINT ( 'NONE', #940 ) ;
#607 = CARTESIAN_POINT ( 'NONE',  ( 141.9198000000000093, -31.19405000000000072, 18.65745920200000185 ) ) ;
#608 = EDGE_CURVE ( 'NONE', #2584, #2005, #3002, .T. ) ;
#609 = LINE ( 'NONE', #3006, #1384 ) ;
#610 = VECTOR ( 'NONE', #2383, 1000.000000000000114 ) ;
#611 = VECTOR ( 'NONE', #915, 1000.000000000000000 ) ;
#612 = CARTESIAN_POINT ( 'NONE',  ( 148.6697999990000199, 0.000000000000000000, 22.26750970799997731 ) ) ;
#613 = LINE ( 'NONE', #2899, #277 ) ;
#614 = VERTEX_POINT ( 'NONE', #1807 ) ;
#615 = PERSON_AND_ORGANIZATION ( #133, #2968 ) ;
#616 = CARTESIAN_POINT ( 'NONE',  ( 113.5207902189999913, -50.24743877899999944, 23.65745920200000185 ) ) ;
#617 = EDGE_CURVE ( 'NONE', #3255, #2556, #3122, .T. ) ;
#618 = VECTOR ( 'NONE', #2231, 1000.000000000000114 ) ;
#619 = ORIENTED_EDGE ( 'NONE', *, *, #3310, .T. ) ;
#620 = VECTOR ( 'NONE', #2317, 1000.000000000000000 ) ;
#621 = DIRECTION ( 'NONE',  ( 0.000000000000000000, 0.000000000000000000, -1.000000000000000000 ) ) ;
#622 = ORIENTED_EDGE ( 'NONE', *, *, #3094, .T. ) ;
#623 = DIRECTION ( 'NONE',  ( 0.000000000000000000, -0.7071067811865475727, -0.7071067811865475727 ) ) ;
#624 = ORIENTED_EDGE ( 'NONE', *, *, #1011, .F. ) ;
#625 = CARTESIAN_POINT ( 'NONE',  ( -148.8697999999999979, 1.900000000000007905, 21.57468938497245503 ) ) ;
#626 = CARTESIAN_POINT ( 'NONE',  ( 0.2999999999999999889, -50.24743877899999944, 0.2574592019999999981 ) ) ;
#627 = ORIENTED_EDGE ( 'NONE', *, *, #1975, .T. ) ;
#628 = DIRECTION ( 'NONE',  ( 0.000000000000000000, -0.000000000000000000, 1.000000000000000000 ) ) ;
#629 = ORIENTED_EDGE ( 'NONE', *, *, #2495, .T. ) ;
#630 = DIRECTION ( 'NONE',  ( 1.000000000000000000, 0.000000000000000000, 0.000000000000000000 ) ) ;
#631 = VERTEX_POINT ( 'NONE', #3163 ) ;
#632 = EDGE_CURVE ( 'NONE', #2428, #1902, #131, .T. ) ;
#633 = DIRECTION ( 'NONE',  ( 0.000000000000000000, 0.000000000000000000, 1.000000000000000000 ) ) ;
#634 = ADVANCED_FACE ( 'NONE', ( #998 ), #1468, .T. ) ;
#635 = EDGE_LOOP ( 'NONE', ( #986, #1790, #3425, #793, #2258 ) ) ;
#636 = DIRECTION ( 'NONE',  ( 1.000000000000000000, 0.000000000000000000, 0.000000000000000000 ) ) ;
#637 = AXIS2_PLACEMENT_3D ( 'NONE', #1189, #1688, #2269 ) ;
#638 = EDGE_CURVE ( 'NONE', #2763, #1094, #3377, .T. ) ;
#639 = CARTESIAN_POINT ( 'NONE',  ( 0.2999999999999999889, -2.003388778999999786, 24.25745920200000327 ) ) ;
#640 = CARTESIAN_POINT ( 'NONE',  ( -143.4197999999999809, -58.04033199699999557, 5.557459201999999543 ) ) ;
#641 = B_SPLINE_CURVE_WITH_KNOTS ( 'NONE', 1,
 ( #1992, #1956 ),
 .UNSPECIFIED., .F., .F.,
 ( 2, 2 ),
 ( 0.000000000000000000, 1.000000000000000000 ),
 .UNSPECIFIED. ) ;
#642 = ORIENTED_EDGE ( 'NONE', *, *, #2525, .F. ) ;
#643 = CARTESIAN_POINT ( 'NONE',  ( 137.5149060519999864, -2.003388778999999786, 18.45745920200000256 ) ) ;
#644 = DIRECTION ( 'NONE',  ( -1.000000000000000000, 0.000000000000000000, 0.000000000000000000 ) ) ;
#645 = DIRECTION ( 'NONE',  ( 0.000000000000000000, -0.7071067811865474617, -0.7071067811865474617 ) ) ;
#646 = ORIENTED_EDGE ( 'NONE', *, *, #1288, .F. ) ;
#647 = DIRECTION ( 'NONE',  ( 0.000000000000000000, -1.000000000000000000, 0.000000000000000000 ) ) ;
#648 = CYLINDRICAL_SURFACE ( 'NONE', #1920, 7.000000000000006217 ) ;
#649 = EDGE_CURVE ( 'NONE', #3390, #836, #2413, .T. ) ;
#650 = CIRCLE ( 'NONE', #1284, 5.292893219000005089 ) ;
#651 = CARTESIAN_POINT ( 'NONE',  ( 143.9197999999999809, 0.000000000000000000, -0.7425407980000000574 ) ) ;
#652 = VECTOR ( 'NONE', #2011, 1000.000000000000000 ) ;
#653 = ORIENTED_EDGE ( 'NONE', *, *, #3451, .F. ) ;
#654 = DIRECTION ( 'NONE',  ( 0.000000000000000000, 0.000000000000000000, 1.000000000000000000 ) ) ;
#655 = VECTOR ( 'NONE', #3024, 1000.000000000000000 ) ;
#656 = AXIS2_PLACEMENT_3D ( 'NONE', #3229, #1337, #3192 ) ;
#657 = LINE ( 'NONE', #2022, #3383 ) ;
#658 = ORIENTED_EDGE ( 'NONE', *, *, #2140, .F. ) ;
#659 = EDGE_CURVE ( 'NONE', #1035, #1382, #274, .T. ) ;
#660 = VECTOR ( 'NONE', #1718, 1000.000000000000114 ) ;
#661 = DIRECTION ( 'NONE',  ( -1.000000000000000000, 0.000000000000000000, 0.000000000000000000 ) ) ;
#662 = ORIENTED_EDGE ( 'NONE', *, *, #2724, .T. ) ;
#663 = PLANE ( 'NONE',  #2730 ) ;
#664 = EDGE_CURVE ( 'NONE', #1072, #105, #183, .T. ) ;
#665 = AXIS2_PLACEMENT_3D ( 'NONE', #3340, #2481, #299 ) ;
#666 = DIRECTION ( 'NONE',  ( 0.7071067811865475727, 0.000000000000000000, -0.7071067811865475727 ) ) ;
#667 = CARTESIAN_POINT ( 'NONE',  ( 113.5207902189999913, -50.84743877900000086, 24.25745920200000327 ) ) ;
#668 = ORIENTED_EDGE ( 'NONE', *, *, #290, .T. ) ;
#669 = VERTEX_POINT ( 'NONE', #2612 ) ;
#670 = ORIENTED_EDGE ( 'NONE', *, *, #1149, .T. ) ;
#671 = ADVANCED_FACE ( 'NONE', ( #898 ), #152, .T. ) ;
#672 = CARTESIAN_POINT ( 'NONE',  ( 144.7026427119999994, -20.80338877899999872, 5.557459201999999543 ) ) ;
#673 = EDGE_CURVE ( 'NONE', #1950, #1993, #1931, .T. ) ;
#674 = ORIENTED_EDGE ( 'NONE', *, *, #1359, .F. ) ;
#675 = ORIENTED_EDGE ( 'NONE', *, *, #1104, .F. ) ;
#676 = CIRCLE ( 'NONE', #2181, 2.200000000000000622 ) ;
#677 = CARTESIAN_POINT ( 'NONE',  ( 131.4699060519999989, -42.24743877899999944, 20.85745920200000114 ) ) ;
#678 = DIRECTION ( 'NONE',  ( -1.000000000000000000, 0.000000000000000000, 0.000000000000000000 ) ) ;
#679 = ORIENTED_EDGE ( 'NONE', *, *, #1440, .F. ) ;
#680 = AXIS2_PLACEMENT_3D ( 'NONE', #238, #3263, #2152 ) ;
#681 = DIRECTION ( 'NONE',  ( 0.7071067811865474617, 0.000000000000000000, -0.7071067811865474617 ) ) ;
#682 = CARTESIAN_POINT ( 'NONE',  ( -112.9197999999999951, -50.44743877900000228, 18.45745920200000256 ) ) ;
#683 = EDGE_CURVE ( 'NONE', #1398, #2197, #1303, .T. ) ;
#684 = LINE ( 'NONE', #3231, #1416 ) ;
#685 = CARTESIAN_POINT ( 'NONE',  ( 126.4249060519999972, -56.74743877899999944, 22.65745920200000185 ) ) ;
#686 = PLANE ( 'NONE',  #276 ) ;
#687 = CARTESIAN_POINT ( 'NONE',  ( 149.0298505060000025, -52.74743877900000655, 24.25745920400000344 ) ) ;
#688 = DIRECTION ( 'NONE',  ( -0.7071067811865475727, 0.000000000000000000, 0.7071067811865475727 ) ) ;
#689 = ADVANCED_FACE ( 'NONE', ( #3082 ), #822, .F. ) ;
#690 = DIRECTION ( 'NONE',  ( 0.000000000000000000, -1.000000000000000000, 0.000000000000000000 ) ) ;
#691 = ORIENTED_EDGE ( 'NONE', *, *, #1420, .F. ) ;
#692 = LINE ( 'NONE', #60, #45 ) ;
#693 = LINE ( 'NONE', #2587, #438 ) ;
#694 = VECTOR ( 'NONE', #957, 1000.000000000000114 ) ;
#695 = ORIENTED_EDGE ( 'NONE', *, *, #406, .T. ) ;
#696 = PLANE ( 'NONE',  #2758 ) ;
#697 = VECTOR ( 'NONE', #190, 1000.000000000000114 ) ;
#698 = LINE ( 'NONE', #3167, #1465 ) ;
#699 = LINE ( 'NONE', #2406, #2787 ) ;
#700 = EDGE_LOOP ( 'NONE', ( #2079, #1474, #1042, #3394 ) ) ;
#701 = EDGE_CURVE ( 'NONE', #950, #1186, #1597, .T. ) ;
#702 = DATE_AND_TIME ( #1430, #1687 ) ;
#703 = SECURITY_CLASSIFICATION_LEVEL ( 'unclassified' ) ;
#704 = CARTESIAN_POINT ( 'NONE',  ( -143.5198000000000036, -29.19743877900000228, 18.45745920200000256 ) ) ;
#705 = CARTESIAN_POINT ( 'NONE',  ( -148.4298505059999798, 0.000000000000000000, 24.25745920200000327 ) ) ;
#706 = VECTOR ( 'NONE', #275, 1000.000000000000000 ) ;
#707 = ORIENTED_EDGE ( 'NONE', *, *, #3032, .T. ) ;
#708 = AXIS2_PLACEMENT_3D ( 'NONE', #3292, #25, #1932 ) ;
#709 = ORIENTED_EDGE ( 'NONE', *, *, #1733, .T. ) ;
#710 = CARTESIAN_POINT ( 'NONE',  ( 145.4697999990000028, 3.600000000000000089, 5.557459201999999543 ) ) ;
#711 = DIRECTION ( 'NONE',  ( 1.000000000000000000, 0.000000000000000000, 0.000000000000000000 ) ) ;
#712 = VERTEX_POINT ( 'NONE', #778 ) ;
#713 = DIRECTION ( 'NONE',  ( 0.5773502691896257311, -0.5773502691896257311, 0.5773502691896257311 ) ) ;
#714 = AXIS2_PLACEMENT_3D ( 'NONE', #2840, #666, #1988 ) ;
#715 = DIRECTION ( 'NONE',  ( 1.000000000000000000, 0.000000000000000000, 0.000000000000000000 ) ) ;
#716 = ORIENTED_EDGE ( 'NONE', *, *, #1915, .T. ) ;
#717 = ORIENTED_EDGE ( 'NONE', *, *, #1796, .F. ) ;
#718 = ORIENTED_EDGE ( 'NONE', *, *, #2773, .F. ) ;
#719 = VERTEX_POINT ( 'NONE', #233 ) ;
#720 = CARTESIAN_POINT ( 'NONE',  ( -72.80989999999999895, -57.24743877899999944, 5.757459202000000609 ) ) ;
#721 = LINE ( 'NONE', #918, #589 ) ;
#722 = DIRECTION ( 'NONE',  ( -1.000000000000000000, 0.000000000000000000, 0.000000000000000000 ) ) ;
#723 = EDGE_CURVE ( 'NONE', #73, #1338, #1555, .T. ) ;
#724 = ADVANCED_FACE ( 'NONE', ( #86 ), #1325, .F. ) ;
#725 = CARTESIAN_POINT ( 'NONE',  ( 145.4697999990000028, 1.800000000000000266, 21.92109954648619663 ) ) ;
#726 = PLANE ( 'NONE',  #1990 ) ;
#727 = CIRCLE ( 'NONE', #1668, 4.899999999999987921 ) ;
#728 = DIRECTION ( 'NONE',  ( 0.7071067811865475727, 0.000000000000000000, 0.7071067811865475727 ) ) ;
#729 = EDGE_CURVE ( 'NONE', #2334, #2863, #2201, .T. ) ;
#730 = CARTESIAN_POINT ( 'NONE',  ( 146.9197999999999809, -20.80338877899999872, 5.557459201999999543 ) ) ;
#731 = LINE ( 'NONE', #1225, #1147 ) ;
#732 = DIRECTION ( 'NONE',  ( 0.000000000000000000, 0.000000000000000000, -1.000000000000000000 ) ) ;
#733 = EDGE_CURVE ( 'NONE', #2157, #3085, #1508, .T. ) ;
#734 = AXIS2_PLACEMENT_3D ( 'NONE', #2685, #2130, #764 ) ;
#735 = PLANE ( 'NONE',  #122 ) ;
#736 = ORIENTED_EDGE ( 'NONE', *, *, #871, .F. ) ;
#737 = CARTESIAN_POINT ( 'NONE',  ( -149.9248252529999945, 28.86863622099999915, 22.76248445500000273 ) ) ;
#738 = CARTESIAN_POINT ( 'NONE',  ( 149.4697999990000028, 3.599999999999999201, 5.714565981999999877 ) ) ;
#739 = LINE ( 'NONE', #2479, #2234 ) ;
#740 = LINE ( 'NONE', #2396, #2785 ) ;
#741 = CARTESIAN_POINT ( 'NONE',  ( 149.3126932190000105, 17.00000000000000000, 5.557459201999999543 ) ) ;
#742 = LINE ( 'NONE', #245, #9 ) ;
#743 = LINE ( 'NONE', #1213, #11 ) ;
#744 = EDGE_LOOP ( 'NONE', ( #1492, #2973, #1180, #2802 ) ) ;
#745 = ADVANCED_FACE ( 'NONE', ( #2911 ), #2138, .F. ) ;
#746 = CARTESIAN_POINT ( 'NONE',  ( -144.0198000000000036, -43.12541377899999873, 7.987459202000001035 ) ) ;
#747 = VECTOR ( 'NONE', #3012, 1000.000000000000000 ) ;
#748 = ORIENTED_EDGE ( 'NONE', *, *, #1642, .T. ) ;
#749 = VECTOR ( 'NONE', #271, 1000.000000000000000 ) ;
#750 = DIRECTION ( 'NONE',  ( 0.000000000000000000, 0.7071067811865475727, -0.7071067811865475727 ) ) ;
#751 = AXIS2_PLACEMENT_3D ( 'NONE', #1383, #827, #44 ) ;
#752 = ORIENTED_EDGE ( 'NONE', *, *, #770, .F. ) ;
#753 = DATE_TIME_ROLE ( 'classification_date' ) ;
#754 = PLANE ( 'NONE',  #1631 ) ;
#755 = EDGE_LOOP ( 'NONE', ( #2424, #2271, #32, #2721 ) ) ;
#756 = EDGE_CURVE ( 'NONE', #1979, #2835, #742, .T. ) ;
#757 = ORIENTED_EDGE ( 'NONE', *, *, #733, .T. ) ;
#758 = DIRECTION ( 'NONE',  ( -1.000000000000000000, 0.000000000000000000, 0.000000000000000000 ) ) ;
#759 = DIRECTION ( 'NONE',  ( -0.7071067811865455743, 0.000000000000000000, -0.7071067811865493491 ) ) ;
#760 = VERTEX_POINT ( 'NONE', #3449 ) ;
#761 = EDGE_LOOP ( 'NONE', ( #1598, #3439, #2204, #3454 ) ) ;
#762 = ADVANCED_FACE ( 'NONE', ( #2236 ), #482, .F. ) ;
#763 = DIRECTION ( 'NONE',  ( -0.7071067811865475727, 0.000000000000000000, -0.7071067811865475727 ) ) ;
#764 = DIRECTION ( 'NONE',  ( 1.000000000000000000, 0.000000000000000000, 0.000000000000000000 ) ) ;
#765 = ORIENTED_EDGE ( 'NONE', *, *, #817, .T. ) ;
#766 = EDGE_LOOP ( 'NONE', ( #424, #1108, #1144, #1995 ) ) ;
#767 = CARTESIAN_POINT ( 'NONE',  ( 143.9197999999999809, -29.19405000000000072, 23.65745920200000185 ) ) ;
#768 = DIRECTION ( 'NONE',  ( 0.7071067811865475727, 0.000000000000000000, 0.7071067811865475727 ) ) ;
#769 = DIRECTION ( 'NONE',  ( 1.000000000000000000, 0.000000000000000000, 0.000000000000000000 ) ) ;
#770 = EDGE_CURVE ( 'NONE', #592, #3419, #2113, .T. ) ;
#771 = CARTESIAN_POINT ( 'NONE',  ( 117.5207902190000055, -31.19405000000000072, 23.65745920200000185 ) ) ;
#772 = VECTOR ( 'NONE', #466, 1000.000000000000000 ) ;
#773 = VECTOR ( 'NONE', #1032, 1000.000000000000000 ) ;
#774 = AXIS2_PLACEMENT_3D ( 'NONE', #3174, #458, #2373 ) ;
#775 = LINE ( 'NONE', #3511, #1379 ) ;
#776 = ORIENTED_EDGE ( 'NONE', *, *, #1654, .T. ) ;
#777 = ADVANCED_FACE ( 'NONE', ( #3218 ), #2819, .T. ) ;
#778 = CARTESIAN_POINT ( 'NONE',  ( 136.5149060519999864, -42.24743877899999944, 22.65745920200000185 ) ) ;
#779 = LINE ( 'NONE', #771, #1929 ) ;
#780 = AXIS2_PLACEMENT_3D ( 'NONE', #3516, #546, #815 ) ;
#781 = VECTOR ( 'NONE', #1786, 1000.000000000000114 ) ;
#782 = ORIENTED_EDGE ( 'NONE', *, *, #1208, .F. ) ;
#783 = DIRECTION ( 'NONE',  ( -1.000000000000000000, 0.000000000000000000, 0.000000000000000000 ) ) ;
#784 = LINE ( 'NONE', #504, #1603 ) ;
#785 = LINE ( 'NONE', #2434, #1645 ) ;
#786 = ORIENTED_EDGE ( 'NONE', *, *, #770, .T. ) ;
#787 = DIRECTION ( 'NONE',  ( 0.000000000000000000, 1.000000000000000000, 0.000000000000000000 ) ) ;
#788 = LINE ( 'NONE', #1660, #747 ) ;
#789 = VERTEX_POINT ( 'NONE', #2963 ) ;
#790 = EDGE_CURVE ( 'NONE', #1618, #507, #650, .T. ) ;
#791 = DIRECTION ( 'NONE',  ( 0.000000000000000000, 0.7071067811865474617, 0.7071067811865474617 ) ) ;
#792 = CARTESIAN_POINT ( 'NONE',  ( 144.6197999999999979, -21.00338877899999801, 18.45745920200000256 ) ) ;
#793 = ORIENTED_EDGE ( 'NONE', *, *, #2724, .F. ) ;
#794 = EDGE_LOOP ( 'NONE', ( #1658, #2871, #1274, #215 ) ) ;
#795 = ADVANCED_FACE ( 'NONE', ( #486 ), #2374, .T. ) ;
#796 = DIRECTION ( 'NONE',  ( 0.000000000000000000, 0.000000000000000000, -1.000000000000000000 ) ) ;
#797 = ORIENTED_EDGE ( 'NONE', *, *, #922, .T. ) ;
#798 = EDGE_CURVE ( 'NONE', #3071, #2233, #398, .T. ) ;
#799 = ORIENTED_EDGE ( 'NONE', *, *, #1104, .T. ) ;
#800 = CARTESIAN_POINT ( 'NONE',  ( -143.3197999999999865, 0.000000000000000000, 23.65745920200000185 ) ) ;
#801 = ORIENTED_EDGE ( 'NONE', *, *, #1208, .T. ) ;
#802 = DIRECTION ( 'NONE',  ( -0.7071067811865474617, 0.000000000000000000, 0.7071067811865474617 ) ) ;
#803 = ORIENTED_EDGE ( 'NONE', *, *, #1394, .F. ) ;
#804 = CC_DESIGN_PERSON_AND_ORGANIZATION_ASSIGNMENT ( #1126, #2904, ( #907 ) ) ;
#805 = DIRECTION ( 'NONE',  ( 0.000000000000000000, 0.000000000000000000, -1.000000000000000000 ) ) ;
#806 = VERTEX_POINT ( 'NONE', #2662 ) ;
#807 = CARTESIAN_POINT ( 'NONE',  ( -148.7126932169999805, 17.00000000000000000, 5.557459201999998655 ) ) ;
#808 = FACE_OUTER_BOUND ( 'NONE', #1226, .T. ) ;
#809 = ADVANCED_FACE ( 'NONE', ( #3296 ), #2717, .T. ) ;
#810 = CARTESIAN_POINT ( 'NONE',  ( -143.4197999999999809, -57.75748928400000182, 24.25745920299999980 ) ) ;
#811 = ORIENTED_EDGE ( 'NONE', *, *, #1002, .F. ) ;
#812 = EDGE_CURVE ( 'NONE', #3515, #963, #1250, .T. ) ;
#813 = FACE_OUTER_BOUND ( 'NONE', #1020, .T. ) ;
#814 = CARTESIAN_POINT ( 'NONE',  ( 146.9197999999999809, -52.14743877899999802, 5.557459201999999543 ) ) ;
#815 = DIRECTION ( 'NONE',  ( -0.7071067811865475727, 0.000000000000000000, 0.7071067811865475727 ) ) ;
#816 = AXIS2_PLACEMENT_3D ( 'NONE', #643, #1414, #3313 ) ;
#817 = EDGE_CURVE ( 'NONE', #2884, #2704, #1157, .T. ) ;
#818 = CARTESIAN_POINT ( 'NONE',  ( -141.5198000000000036, -52.24743877900000655, 5.757459202000000609 ) ) ;
#819 = ORIENTED_EDGE ( 'NONE', *, *, #1777, .F. ) ;
#820 = LINE ( 'NONE', #3010, #2198 ) ;
#821 = FACE_OUTER_BOUND ( 'NONE', #2792, .T. ) ;
#822 = CONICAL_SURFACE ( 'NONE', #2082, 2.599999999999991207, 0.7853981625000003852 ) ;
#823 = DIRECTION ( 'NONE',  ( 0.000000000000000000, 1.000000000000000000, 0.000000000000000000 ) ) ;
#824 = FACE_OUTER_BOUND ( 'NONE', #1442, .T. ) ;
#825 = VERTEX_POINT ( 'NONE', #1348 ) ;
#826 = VECTOR ( 'NONE', #2565, 1000.000000000000000 ) ;
#827 = DIRECTION ( 'NONE',  ( 0.000000000000000000, 0.000000000000000000, -1.000000000000000000 ) ) ;
#828 = VECTOR ( 'NONE', #1762, 1000.000000000000000 ) ;
#829 = ORIENTED_EDGE ( 'NONE', *, *, #2305, .T. ) ;
#830 = ADVANCED_FACE ( 'NONE', ( #2703, #526 ), #2998, .F. ) ;
#831 = DIRECTION ( 'NONE',  ( 0.000000000000000000, 0.000000000000000000, -1.000000000000000000 ) ) ;
#832 = DIRECTION ( 'NONE',  ( 0.000000000000000000, -1.000000000000000000, 0.000000000000000000 ) ) ;
#833 = VERTEX_POINT ( 'NONE', #2441 ) ;
#834 = EDGE_CURVE ( 'NONE', #950, #1998, #604, .T. ) ;
#835 = ORIENTED_EDGE ( 'NONE', *, *, #3406, .T. ) ;
#836 = VERTEX_POINT ( 'NONE', #810 ) ;
#837 = DIRECTION ( 'NONE',  ( 1.000000000000000000, 0.000000000000000000, 0.000000000000000000 ) ) ;
#838 = AXIS2_PLACEMENT_3D ( 'NONE', #1656, #292, #1097 ) ;
#839 = DIRECTION ( 'NONE',  ( 0.000000000000000000, 0.000000000000000000, -1.000000000000000000 ) ) ;
#840 = ORIENTED_EDGE ( 'NONE', *, *, #272, .T. ) ;
#841 = ORIENTED_EDGE ( 'NONE', *, *, #1625, .F. ) ;
#842 = CARTESIAN_POINT ( 'NONE',  ( 144.7026427119999994, -20.80338877899999872, 5.557459201999999543 ) ) ;
#843 = ORIENTED_EDGE ( 'NONE', *, *, #2102, .F. ) ;
#844 = EDGE_CURVE ( 'NONE', #2588, #2349, #442, .T. ) ;
#845 = AXIS2_PLACEMENT_3D ( 'NONE', #2264, #370, #2570 ) ;
#846 = ADVANCED_FACE ( 'NONE', ( #1968 ), #1397, .F. ) ;
#847 = ORIENTED_EDGE ( 'NONE', *, *, #3262, .T. ) ;
#848 = CARTESIAN_POINT ( 'NONE',  ( -116.9198000000000093, -31.19743877900000228, 23.65745920200000185 ) ) ;
#849 = PLANE ( 'NONE',  #2558 ) ;
#850 = EDGE_CURVE ( 'NONE', #3130, #3435, #3115, .T. ) ;
#851 = VECTOR ( 'NONE', #2774, 1000.000000000000000 ) ;
#852 = CARTESIAN_POINT ( 'NONE',  ( -150.4197999990000199, -52.74743877900000655, 7.264565986000000031 ) ) ;
#853 = DIRECTION ( 'NONE',  ( -0.7071067811865475727, 0.000000000000000000, -0.7071067811865475727 ) ) ;
#854 = FACE_OUTER_BOUND ( 'NONE', #369, .T. ) ;
#855 = DIRECTION ( 'NONE',  ( 0.000000000000000000, -1.000000000000000000, 0.000000000000000000 ) ) ;
#856 = VERTEX_POINT ( 'NONE', #10 ) ;
#857 = ORIENTED_EDGE ( 'NONE', *, *, #2182, .F. ) ;
#858 = EDGE_CURVE ( 'NONE', #3435, #2139, #775, .T. ) ;
#859 = VECTOR ( 'NONE', #3209, 1000.000000000000000 ) ;
#860 = VECTOR ( 'NONE', #2590, 1000.000000000000000 ) ;
#861 = ORIENTED_EDGE ( 'NONE', *, *, #1260, .F. ) ;
#862 = PERSON_AND_ORGANIZATION ( #133, #2968 ) ;
#863 = DIRECTION ( 'NONE',  ( 0.7071067811865474617, 0.000000000000000000, -0.7071067811865474617 ) ) ;
#864 = DIRECTION ( 'NONE',  ( 0.000000000000000000, -0.7071067811865475727, 0.7071067811865475727 ) ) ;
#865 = CC_DESIGN_DATE_AND_TIME_ASSIGNMENT ( #2243, #1791, ( #2041 ) ) ;
#866 = VERTEX_POINT ( 'NONE', #3 ) ;
#867 = DIRECTION ( 'NONE',  ( 0.7071067811865279218, 0.000000000000000000, -0.7071067811865670016 ) ) ;
#868 = ORIENTED_EDGE ( 'NONE', *, *, #2483, .T. ) ;
#869 = PLANE ( 'NONE',  #2498 ) ;
#870 = EDGE_LOOP ( 'NONE', ( #910, #1946, #1927, #1575, #2025, #881 ) ) ;
#871 = EDGE_CURVE ( 'NONE', #3359, #719, #2698, .T. ) ;
#872 = DIRECTION ( 'NONE',  ( 1.000000000000000000, 0.000000000000000000, 0.000000000000000000 ) ) ;
#873 = VERTEX_POINT ( 'NONE', #3018 ) ;
#874 = ORIENTED_EDGE ( 'NONE', *, *, #2327, .F. ) ;
#875 = ORIENTED_EDGE ( 'NONE', *, *, #3389, .F. ) ;
#876 = CARTESIAN_POINT ( 'NONE',  ( -146.3197999999999865, -52.24743877900000655, 18.45745920200000256 ) ) ;
#877 = AXIS2_PLACEMENT_3D ( 'NONE', #1341, #240, #3213 ) ;
#878 = PLANE ( 'NONE',  #665 ) ;
#879 = EDGE_LOOP ( 'NONE', ( #1408, #2992, #2045, #925 ) ) ;
#880 = DIRECTION ( 'NONE',  ( 1.000000000000000000, 0.000000000000000000, 0.000000000000000000 ) ) ;
#881 = ORIENTED_EDGE ( 'NONE', *, *, #1538, .T. ) ;
#882 = CARTESIAN_POINT ( 'NONE',  ( 144.1197999999999979, -20.50338877899999801, 18.45745920200000256 ) ) ;
#883 = LINE ( 'NONE', #56, #1499 ) ;
#884 = DIRECTION ( 'NONE',  ( 0.000000000000000000, -0.000000000000000000, -1.000000000000000000 ) ) ;
#885 = ORIENTED_EDGE ( 'NONE', *, *, #2652, .T. ) ;
#886 = DIRECTION ( 'NONE',  ( 1.000000000000000000, 0.000000000000000000, 0.000000000000000000 ) ) ;
#887 = FACE_OUTER_BOUND ( 'NONE', #359, .T. ) ;
#888 = CARTESIAN_POINT ( 'NONE',  ( 143.9197999999999809, -20.30338877899999872, 18.65745920200000185 ) ) ;
#889 = VERTEX_POINT ( 'NONE', #800 ) ;
#890 = EDGE_CURVE ( 'NONE', #1471, #1722, #2151, .T. ) ;
#891 = DIRECTION ( 'NONE',  ( 0.000000000000000000, 0.000000000000000000, 1.000000000000000000 ) ) ;
#892 = DIRECTION ( 'NONE',  ( 0.000000000000000000, -1.000000000000000000, 0.000000000000000000 ) ) ;
#893 = ORIENTED_EDGE ( 'NONE', *, *, #297, .T. ) ;
#894 = CARTESIAN_POINT ( 'NONE',  ( 144.1197999999999979, 0.000000000000000000, 5.557459201999999543 ) ) ;
#895 = AXIS2_PLACEMENT_3D ( 'NONE', #585, #1702, #1448 ) ;
#896 = VECTOR ( 'NONE', #1110, 1000.000000000000114 ) ;
#897 = EDGE_CURVE ( 'NONE', #3200, #3513, #2360, .T. ) ;
#898 = FACE_OUTER_BOUND ( 'NONE', #761, .T. ) ;
#899 = CARTESIAN_POINT ( 'NONE',  ( 141.6197999999999979, -52.14743877899999802, 5.557459201999999543 ) ) ;
#900 = LINE ( 'NONE', #1836, #1771 ) ;
#901 = ORIENTED_EDGE ( 'NONE', *, *, #76, .T. ) ;
#902 = EDGE_CURVE ( 'NONE', #3329, #2128, #1243, .T. ) ;
#903 = DIRECTION ( 'NONE',  ( 0.000000000000000000, 1.000000000000000000, 0.000000000000000000 ) ) ;
#904 = LINE ( 'NONE', #2006, #188 ) ;
#905 = ORIENTED_EDGE ( 'NONE', *, *, #94, .F. ) ;
#906 = AXIS2_PLACEMENT_3D ( 'NONE', #2888, #985, #474 ) ;
#907 = PRODUCT ( 'outer_case_hhkb_2', 'outer_case_hhkb_2', '', ( #1815 ) ) ;
#908 = DIRECTION ( 'NONE',  ( 0.000000000000000000, 1.000000000000000000, 0.000000000000000000 ) ) ;
#909 = DIRECTION ( 'NONE',  ( 1.000000000000000000, 0.000000000000000000, 0.000000000000000000 ) ) ;
#910 = ORIENTED_EDGE ( 'NONE', *, *, #1372, .T. ) ;
#911 = PLANE ( 'NONE',  #1878 ) ;
#912 = ORIENTED_EDGE ( 'NONE', *, *, #2465, .T. ) ;
#913 = VECTOR ( 'NONE', #1482, 1000.000000000000000 ) ;
#914 = ADVANCED_FACE ( 'NONE', ( #887 ), #3258, .F. ) ;
#915 = DIRECTION ( 'NONE',  ( -0.000000000000000000, -1.000000000000000000, -0.000000000000000000 ) ) ;
#916 = PLANE ( 'NONE',  #845 ) ;
#917 = ORIENTED_EDGE ( 'NONE', *, *, #3262, .F. ) ;
#918 = CARTESIAN_POINT ( 'NONE',  ( -146.5198000000000036, 48.44066122099999916, 18.25745920199999972 ) ) ;
#919 = EDGE_LOOP ( 'NONE', ( #3357, #505, #440, #1393, #1735 ) ) ;
#920 = DIRECTION ( 'NONE',  ( 1.000000000000000000, 0.000000000000000000, 0.000000000000000000 ) ) ;
#921 = ORIENTED_EDGE ( 'NONE', *, *, #1249, .T. ) ;
#922 = EDGE_CURVE ( 'NONE', #1902, #2213, #1153, .T. ) ;
#923 = DIRECTION ( 'NONE',  ( 0.000000000000000000, 1.000000000000000000, 0.000000000000000000 ) ) ;
#924 = EDGE_LOOP ( 'NONE', ( #3520, #1611, #2290, #1726 ) ) ;
#925 = ORIENTED_EDGE ( 'NONE', *, *, #430, .T. ) ;
#926 = LINE ( 'NONE', #1464, #1581 ) ;
#927 = ORIENTED_EDGE ( 'NONE', *, *, #430, .F. ) ;
#928 = CARTESIAN_POINT ( 'NONE',  ( -146.5198000000000036, 0.000000000000000000, 22.26750970799999862 ) ) ;
#929 = AXIS2_PLACEMENT_3D ( 'NONE', #3409, #949, #2054 ) ;
#930 = EDGE_CURVE ( 'NONE', #185, #2934, #171, .T. ) ;
#931 = PLANE ( 'NONE',  #1700 ) ;
#932 = ORIENTED_EDGE ( 'NONE', *, *, #2890, .F. ) ;
#933 = CARTESIAN_POINT ( 'NONE',  ( 5.259999999999999787, -56.74743877899999944, 22.65745920200000185 ) ) ;
#934 = PLANE ( 'NONE',  #554 ) ;
#935 = CC_DESIGN_DATE_AND_TIME_ASSIGNMENT ( #1609, #753, ( #2291 ) ) ;
#936 = VERTEX_POINT ( 'NONE', #2790 ) ;
#937 = DIRECTION ( 'NONE',  ( 1.000000000000000000, 0.000000000000000000, 0.000000000000000000 ) ) ;
#938 = DIRECTION ( 'NONE',  ( 0.000000000000000000, -1.000000000000000000, 0.000000000000000000 ) ) ;
#939 = VECTOR ( 'NONE', #1721, 1000.000000000000114 ) ;
#940 = CARTESIAN_POINT ( 'NONE',  ( -146.5198000000000036, -13.62541377900000050, 9.782484455000000523 ) ) ;
#941 = CARTESIAN_POINT ( 'NONE',  ( -146.5198000000000036, 3.100000000000000089, 22.26750970799999862 ) ) ;
#942 = ORIENTED_EDGE ( 'NONE', *, *, #2691, .F. ) ;
#943 = DIRECTION ( 'NONE',  ( 0.000000000000000000, -1.000000000000000000, 0.000000000000000000 ) ) ;
#944 = DIRECTION ( 'NONE',  ( 0.000000000000000000, 1.000000000000000000, 0.000000000000000000 ) ) ;
#945 = EDGE_CURVE ( 'NONE', #2123, #1994, #81, .T. ) ;
#946 = FACE_OUTER_BOUND ( 'NONE', #69, .T. ) ;
#947 = ORIENTED_EDGE ( 'NONE', *, *, #890, .T. ) ;
#948 = PLANE ( 'NONE',  #1943 ) ;
#949 = DIRECTION ( 'NONE',  ( 0.000000000000000000, 0.000000000000000000, 1.000000000000000000 ) ) ;
#950 = VERTEX_POINT ( 'NONE', #3053 ) ;
#951 = LINE ( 'NONE', #2134, #1510 ) ;
#952 = VECTOR ( 'NONE', #713, 1000.000000000000114 ) ;
#953 = AXIS2_PLACEMENT_3D ( 'NONE', #2569, #137, #99 ) ;
#954 = LINE ( 'NONE', #982, #2071 ) ;
#955 = ORIENTED_EDGE ( 'NONE', *, *, #2910, .F. ) ;
#956 = LOCAL_TIME ( 11, 18, 25.00000000000000000, #360 ) ;
#957 = DIRECTION ( 'NONE',  ( 0.000000000000000000, 0.7071067811865474617, -0.7071067811865474617 ) ) ;
#958 = ORIENTED_EDGE ( 'NONE', *, *, #1159, .F. ) ;
#959 = DIRECTION ( 'NONE',  ( 1.000000000000000000, 0.000000000000000000, 0.000000000000000000 ) ) ;
#960 = CARTESIAN_POINT ( 'NONE',  ( 149.3126932190000105, 48.74066122199999995, 5.557459201999999543 ) ) ;
#961 = AXIS2_PLACEMENT_3D ( 'NONE', #558, #831, #27 ) ;
#962 = CARTESIAN_POINT ( 'NONE',  ( 141.9198000000000093, -29.19405000000000072, 0.2574592019999999981 ) ) ;
#963 = VERTEX_POINT ( 'NONE', #3323 ) ;
#964 =( LENGTH_UNIT ( ) NAMED_UNIT ( * ) SI_UNIT ( .MILLI., .METRE. ) );
#965 = CARTESIAN_POINT ( 'NONE',  ( -114.9198000000000093, -33.19743877900000228, 18.65745920200000185 ) ) ;
#966 = ORIENTED_EDGE ( 'NONE', *, *, #342, .F. ) ;
#967 = VECTOR ( 'NONE', #2335, 1000.000000000000114 ) ;
#968 = ORIENTED_EDGE ( 'NONE', *, *, #3389, .T. ) ;
#969 = CARTESIAN_POINT ( 'NONE',  ( 113.5207902189999913, -50.84743877900000086, 24.25745920200000327 ) ) ;
#970 = CARTESIAN_POINT ( 'NONE',  ( 144.0198000000000036, -52.74743877900000655, 5.911012592999999704 ) ) ;
#971 = EDGE_CURVE ( 'NONE', #1026, #574, #42, .T. ) ;
#972 = VERTEX_POINT ( 'NONE', #1166 ) ;
#973 = VERTEX_POINT ( 'NONE', #852 ) ;
#974 = CARTESIAN_POINT ( 'NONE',  ( 143.9197999999999809, -2.003388778999999786, 18.65745920200000185 ) ) ;
#975 =( NAMED_UNIT ( * ) SI_UNIT ( $, .STERADIAN. ) SOLID_ANGLE_UNIT ( ) );
#976 = ADVANCED_FACE ( 'NONE', ( #813 ), #1438, .F. ) ;
#977 = CARTESIAN_POINT ( 'NONE',  ( 113.5207902189999913, -48.24743877899999944, 24.25745920200000327 ) ) ;
#978 = VERTEX_POINT ( 'NONE', #3347 ) ;
#979 = DIRECTION ( 'NONE',  ( 1.000000000000000000, 0.000000000000000000, 0.000000000000000000 ) ) ;
#980 = CARTESIAN_POINT ( 'NONE',  ( 144.5198000000000036, -29.19405000000000072, 24.25745920200000327 ) ) ;
#981 = EDGE_CURVE ( 'NONE', #3232, #3272, #883, .T. ) ;
#982 = CARTESIAN_POINT ( 'NONE',  ( -4.830000000000000071, -50.24743877899999944, 22.65745920200000185 ) ) ;
#983 = VECTOR ( 'NONE', #490, 1000.000000000000000 ) ;
#984 = VECTOR ( 'NONE', #1043, 1000.000000000000114 ) ;
#985 = DIRECTION ( 'NONE',  ( 1.000000000000000000, 0.000000000000000000, 0.000000000000000000 ) ) ;
#986 = ORIENTED_EDGE ( 'NONE', *, *, #2440, .F. ) ;
#987 = CARTESIAN_POINT ( 'NONE',  ( 125.4249060519999972, -50.24743877899999944, 18.45745920200000256 ) ) ;
#988 = DIRECTION ( 'NONE',  ( -1.000000000000000000, 0.000000000000000000, 0.000000000000000000 ) ) ;
#989 = CARTESIAN_POINT ( 'NONE',  ( -141.5198000000000036, -57.44743877900000228, 5.557459201999999543 ) ) ;
#990 = ORIENTED_EDGE ( 'NONE', *, *, #3217, .T. ) ;
#991 = DIRECTION ( 'NONE',  ( 0.000000000000000000, -1.000000000000000000, 0.000000000000000000 ) ) ;
#992 = FACE_OUTER_BOUND ( 'NONE', #2242, .T. ) ;
#993 = ORIENTED_EDGE ( 'NONE', *, *, #496, .T. ) ;
#994 = DIRECTION ( 'NONE',  ( 0.000000000000000000, 0.7071067811865475727, -0.7071067811865475727 ) ) ;
#995 = LINE ( 'NONE', #599, #179 ) ;
#996 = VECTOR ( 'NONE', #196, 1000.000000000000000 ) ;
#997 = CARTESIAN_POINT ( 'NONE',  ( 144.0198000000000036, -52.74743877900000655, 5.557459201999999543 ) ) ;
#998 = FACE_OUTER_BOUND ( 'NONE', #755, .T. ) ;
#999 = FACE_OUTER_BOUND ( 'NONE', #2408, .T. ) ;
#1000 = ORIENTED_EDGE ( 'NONE', *, *, #2410, .T. ) ;
#1001 = CARTESIAN_POINT ( 'NONE',  ( -0.05000000000000000278, 0.000000000000000000, 5.557459201999999543 ) ) ;
#1002 = EDGE_CURVE ( 'NONE', #1600, #1279, #2311, .T. ) ;
#1003 = FACE_OUTER_BOUND ( 'NONE', #2301, .T. ) ;
#1004 = APPLICATION_PROTOCOL_DEFINITION ( 'international standard', 'config_control_design', 1994, #2386 ) ;
#1005 = DIRECTION ( 'NONE',  ( 0.000000000000000000, -1.000000000000000000, 0.000000000000000000 ) ) ;
#1006 = CYLINDRICAL_SURFACE ( 'NONE', #2541, 2.000000000000001776 ) ;
#1007 = VERTEX_POINT ( 'NONE', #1143 ) ;
#1008 = CARTESIAN_POINT ( 'NONE',  ( 116.1207902189999999, -33.19405000000000427, 24.25745920200000327 ) ) ;
#1009 = VECTOR ( 'NONE', #988, 1000.000000000000000 ) ;
#1010 = VECTOR ( 'NONE', #2736, 1000.000000000000000 ) ;
#1011 = EDGE_CURVE ( 'NONE', #2428, #856, #3477, .T. ) ;
#1012 = ORIENTED_EDGE ( 'NONE', *, *, #3125, .T. ) ;
#1013 = DIRECTION ( 'NONE',  ( 1.000000000000000000, 0.000000000000000000, 0.000000000000000000 ) ) ;
#1014 = CARTESIAN_POINT ( 'NONE',  ( 115.5207902189999913, -33.19405000000000427, 23.65745920200000185 ) ) ;
#1015 = VECTOR ( 'NONE', #1523, 1000.000000000000114 ) ;
#1016 = DIRECTION ( 'NONE',  ( 0.000000000000000000, 0.000000000000000000, -1.000000000000000000 ) ) ;
#1017 = CC_DESIGN_APPROVAL ( #3065, ( #1066 ) ) ;
#1018 = VECTOR ( 'NONE', #1520, 1000.000000000000000 ) ;
#1019 = CARTESIAN_POINT ( 'NONE',  ( 149.3126932200000283, 0.000000000000000000, 5.557459201999999543 ) ) ;
#1020 = EDGE_LOOP ( 'NONE', ( #921, #243, #1534, #3009 ) ) ;
#1021 = ADVANCED_FACE ( 'NONE', ( #426 ), #2500, .T. ) ;
#1022 = DIRECTION ( 'NONE',  ( -1.000000000000000000, 0.000000000000000000, 0.000000000000000000 ) ) ;
#1023 = ORIENTED_EDGE ( 'NONE', *, *, #2745, .F. ) ;
#1024 = ORIENTED_EDGE ( 'NONE', *, *, #1694, .T. ) ;
#1025 = VECTOR ( 'NONE', #3027, 1000.000000000000114 ) ;
#1026 = VERTEX_POINT ( 'NONE', #1415 ) ;
#1027 = ORIENTED_EDGE ( 'NONE', *, *, #664, .T. ) ;
#1028 = CARTESIAN_POINT ( 'NONE',  ( -148.4298505059999798, 48.74066122100000342, 24.25745920200000327 ) ) ;
#1029 = EDGE_CURVE ( 'NONE', #973, #576, #586, .T. ) ;
#1030 = DIRECTION ( 'NONE',  ( -0.000000000000000000, -1.000000000000000000, -0.000000000000000000 ) ) ;
#1031 = CARTESIAN_POINT ( 'NONE',  ( -146.5198000000000036, -42.92541377899999588, 10.77243394899999984 ) ) ;
#1032 = DIRECTION ( 'NONE',  ( 0.000000000000000000, 1.000000000000000000, 0.000000000000000000 ) ) ;
#1033 = DIRECTION ( 'NONE',  ( 0.000000000000000000, -0.7071067811865474617, 0.7071067811865474617 ) ) ;
#1034 = DIRECTION ( 'NONE',  ( 1.000000000000000000, 0.000000000000000000, -0.000000000000000000 ) ) ;
#1035 = VERTEX_POINT ( 'NONE', #2800 ) ;
#1036 = DIRECTION ( 'NONE',  ( 0.000000000000000000, 1.000000000000000000, 0.000000000000000000 ) ) ;
#1037 = VECTOR ( 'NONE', #1285, 1000.000000000000000 ) ;
#1038 = EDGE_CURVE ( 'NONE', #1750, #100, #2935, .T. ) ;
#1039 = DIRECTION ( 'NONE',  ( -0.7071067811865475727, 0.000000000000000000, 0.7071067811865475727 ) ) ;
#1040 = AXIS2_PLACEMENT_3D ( 'NONE', #416, #142, #722 ) ;
#1041 = DIRECTION ( 'NONE',  ( -1.000000000000000000, 0.000000000000000000, 0.000000000000000000 ) ) ;
#1042 = ORIENTED_EDGE ( 'NONE', *, *, #2595, .T. ) ;
#1043 = DIRECTION ( 'NONE',  ( -0.000000000000000000, 0.4999999999999985012, -0.8660254037844394848 ) ) ;
#1044 = DIRECTION ( 'NONE',  ( 0.000000000000000000, 0.000000000000000000, -1.000000000000000000 ) ) ;
#1045 = DIRECTION ( 'NONE',  ( 0.7071067811865474617, 0.000000000000000000, -0.7071067811865474617 ) ) ;
#1046 = LINE ( 'NONE', #2670, #2347 ) ;
#1047 = ORIENTED_EDGE ( 'NONE', *, *, #3217, .F. ) ;
#1048 = VECTOR ( 'NONE', #2144, 1000.000000000000000 ) ;
#1049 = EDGE_CURVE ( 'NONE', #3390, #576, #641, .T. ) ;
#1050 = FACE_OUTER_BOUND ( 'NONE', #59, .T. ) ;
#1051 = ORIENTED_EDGE ( 'NONE', *, *, #1915, .F. ) ;
#1052 = LOCAL_TIME ( 11, 18, 25.00000000000000000, #2535 ) ;
#1053 = DIRECTION ( 'NONE',  ( 1.000000000000000000, 0.000000000000000000, 0.000000000000000000 ) ) ;
#1054 = AXIS2_PLACEMENT_3D ( 'NONE', #2706, #1366, #1098 ) ;
#1055 = EDGE_LOOP ( 'NONE', ( #3035, #1607, #1137, #3349, #2816, #538 ) ) ;
#1056 = ADVANCED_FACE ( 'NONE', ( #2298 ), #2239, .F. ) ;
#1057 = CARTESIAN_POINT ( 'NONE',  ( 145.4697999990000028, 2.099999999999996092, 21.40148430421553982 ) ) ;
#1058 = DIRECTION ( 'NONE',  ( 0.000000000000000000, 0.000000000000000000, -1.000000000000000000 ) ) ;
#1059 = ORIENTED_EDGE ( 'NONE', *, *, #1377, .F. ) ;
#1060 = EDGE_CURVE ( 'NONE', #3419, #712, #1487, .T. ) ;
#1061 = VERTEX_POINT ( 'NONE', #1407 ) ;
#1062 = DIRECTION ( 'NONE',  ( 0.000000000000000000, -1.000000000000000000, 0.000000000000000000 ) ) ;
#1063 = CIRCLE ( 'NONE', #3031, 4.999999999999997335 ) ;
#1064 = DIRECTION ( 'NONE',  ( 0.000000000000000000, 0.000000000000000000, -1.000000000000000000 ) ) ;
#1065 = ORIENTED_EDGE ( 'NONE', *, *, #1029, .F. ) ;
#1066 = PRODUCT_DEFINITION_FORMATION_WITH_SPECIFIED_SOURCE ( '任何', '', #907, .NOT_KNOWN. ) ;
#1067 = CARTESIAN_POINT ( 'NONE',  ( 149.4697999990000028, 3.600000000000000089, 18.80340809286220605 ) ) ;
#1068 = DIRECTION ( 'NONE',  ( 0.000000000000000000, -1.000000000000000000, 0.000000000000000000 ) ) ;
#1069 = EDGE_LOOP ( 'NONE', ( #1389, #3315, #3430, #2577 ) ) ;
#1070 = ORIENTED_EDGE ( 'NONE', *, *, #3152, .F. ) ;
#1071 = CARTESIAN_POINT ( 'NONE',  ( 126.4249060519999972, -50.24743877899999944, 19.45745920199999901 ) ) ;
#1072 = VERTEX_POINT ( 'NONE', #1120 ) ;
#1073 = ADVANCED_FACE ( 'NONE', ( #3147 ), #2467, .F. ) ;
#1074 = DIRECTION ( 'NONE',  ( 1.000000000000000000, 0.000000000000000000, 0.000000000000000000 ) ) ;
#1075 = ORIENTED_EDGE ( 'NONE', *, *, #1286, .T. ) ;
#1076 = EDGE_CURVE ( 'NONE', #789, #669, #2429, .T. ) ;
#1077 = VECTOR ( 'NONE', #2425, 1000.000000000000000 ) ;
#1078 = CARTESIAN_POINT ( 'NONE',  ( -149.9248252529999945, 0.000000000000000000, 22.76248445500000273 ) ) ;
#1079 = APPROVAL_STATUS ( 'not_yet_approved' ) ;
#1080 = EDGE_CURVE ( 'NONE', #270, #2571, #2977, .T. ) ;
#1081 = ORIENTED_EDGE ( 'NONE', *, *, #1733, .F. ) ;
#1082 = DIRECTION ( 'NONE',  ( 0.000000000000000000, -0.7071067811865474617, -0.7071067811865474617 ) ) ;
#1083 = VECTOR ( 'NONE', #55, 1000.000000000000000 ) ;
#1084 = CARTESIAN_POINT ( 'NONE',  ( 126.4249060519999972, -56.74743877899999944, 19.65745920200000185 ) ) ;
#1085 = ORIENTED_EDGE ( 'NONE', *, *, #1183, .T. ) ;
#1086 = CARTESIAN_POINT ( 'NONE',  ( 0.000000000000000000, -58.39388538800000106, 5.911012592999999704 ) ) ;
#1087 = CIRCLE ( 'NONE', #1670, 2.000000000000001776 ) ;
#1088 = LINE ( 'NONE', #1761, #2161 ) ;
#1089 = ADVANCED_FACE ( 'NONE', ( #3056 ), #911, .F. ) ;
#1090 = CARTESIAN_POINT ( 'NONE',  ( -150.4197999999999809, -6.938893903907228378E-15, 22.26750970799999862 ) ) ;
#1091 = VECTOR ( 'NONE', #959, 1000.000000000000000 ) ;
#1092 = ORIENTED_EDGE ( 'NONE', *, *, #2410, .F. ) ;
#1093 = DIRECTION ( 'NONE',  ( 1.000000000000000000, 0.000000000000000000, 0.000000000000000000 ) ) ;
#1094 = VERTEX_POINT ( 'NONE', #3120 ) ;
#1095 = EDGE_CURVE ( 'NONE', #2934, #3150, #1620, .T. ) ;
#1096 = LINE ( 'NONE', #1084, #2822 ) ;
#1097 = DIRECTION ( 'NONE',  ( -0.7071067811865475727, 0.000000000000000000, 0.7071067811865475727 ) ) ;
#1098 = DIRECTION ( 'NONE',  ( -0.7071067811865475727, 0.000000000000000000, 0.7071067811865475727 ) ) ;
#1099 = EDGE_CURVE ( 'NONE', #2593, #556, #3350, .T. ) ;
#1100 = ORIENTED_EDGE ( 'NONE', *, *, #297, .F. ) ;
#1101 = CARTESIAN_POINT ( 'NONE',  ( 143.9197999999999809, 0.000000000000000000, 5.757459202000000609 ) ) ;
#1102 = VECTOR ( 'NONE', #1230, 1000.000000000000114 ) ;
#1103 = EDGE_LOOP ( 'NONE', ( #1360, #3225, #811, #1715 ) ) ;
#1104 = EDGE_CURVE ( 'NONE', #2259, #2629, #1657, .T. ) ;
#1105 = ORIENTED_EDGE ( 'NONE', *, *, #2890, .T. ) ;
#1106 = EDGE_LOOP ( 'NONE', ( #1321, #2341, #1898, #3524 ) ) ;
#1107 = VECTOR ( 'NONE', #2504, 1000.000000000000000 ) ;
#1108 = ORIENTED_EDGE ( 'NONE', *, *, #2133, .F. ) ;
#1109 = VERTEX_POINT ( 'NONE', #894 ) ;
#1110 = DIRECTION ( 'NONE',  ( 0.7071067811865474617, 0.000000000000000000, -0.7071067811865474617 ) ) ;
#1111 = CARTESIAN_POINT ( 'NONE',  ( 144.6197999999999979, -21.00338877899999801, 5.757459202000000609 ) ) ;
#1112 = AXIS2_PLACEMENT_3D ( 'NONE', #1873, #1053, #2455 ) ;
#1113 = DIRECTION ( 'NONE',  ( 1.000000000000000000, 0.000000000000000000, 0.000000000000000000 ) ) ;
#1114 = ADVANCED_FACE ( 'NONE', ( #2975 ), #1223, .T. ) ;
#1115 = CARTESIAN_POINT ( 'NONE',  ( 148.6697999990000199, 0.000000000000000000, 22.26750970799997731 ) ) ;
#1116 = EDGE_CURVE ( 'NONE', #2466, #1639, #1699, .T. ) ;
#1117 = CARTESIAN_POINT ( 'NONE',  ( 146.5198000000000036, -21.00338877899999801, 18.45745920200000256 ) ) ;
#1118 = ORIENTED_EDGE ( 'NONE', *, *, #2305, .F. ) ;
#1119 = VECTOR ( 'NONE', #2338, 1000.000000000000000 ) ;
#1120 = CARTESIAN_POINT ( 'NONE',  ( 151.0198000000000036, 0.000000000000000000, 7.264565985000000836 ) ) ;
#1121 = ORIENTED_EDGE ( 'NONE', *, *, #1346, .T. ) ;
#1122 = LINE ( 'NONE', #217, #1344 ) ;
#1123 = FACE_OUTER_BOUND ( 'NONE', #1371, .T. ) ;
#1124 = CARTESIAN_POINT ( 'NONE',  ( 144.1197999999999979, -20.50338877899999801, -0.7425407980000000574 ) ) ;
#1125 = ORIENTED_EDGE ( 'NONE', *, *, #3288, .F. ) ;
#1126 = PERSON_AND_ORGANIZATION ( #133, #2968 ) ;
#1127 = DIRECTION ( 'NONE',  ( 0.7071067811865475727, 0.000000000000000000, -0.7071067811865475727 ) ) ;
#1128 = CARTESIAN_POINT ( 'NONE',  ( 5.259999999999999787, -56.74743877899999944, 19.65745920200000185 ) ) ;
#1129 = VERTEX_POINT ( 'NONE', #2293 ) ;
#1130 = EDGE_CURVE ( 'NONE', #2556, #1422, #2798, .T. ) ;
#1131 = ORIENTED_EDGE ( 'NONE', *, *, #1538, .F. ) ;
#1132 = CARTESIAN_POINT ( 'NONE',  ( -143.3197999999999865, -29.19743877900000228, 23.65745920200000185 ) ) ;
#1133 = ORIENTED_EDGE ( 'NONE', *, *, #2796, .F. ) ;
#1134 = CARTESIAN_POINT ( 'NONE',  ( -148.0698000000000150, 1.550000000000000044, 22.18090716762157300 ) ) ;
#1135 = AXIS2_PLACEMENT_3D ( 'NONE', #2388, #1819, #979 ) ;
#1136 = DIRECTION ( 'NONE',  ( 0.000000000000000000, 0.000000000000000000, -1.000000000000000000 ) ) ;
#1137 = ORIENTED_EDGE ( 'NONE', *, *, #2392, .T. ) ;
#1138 = DIRECTION ( 'NONE',  ( -0.000000000000000000, 1.000000000000000000, 0.000000000000000000 ) ) ;
#1139 = ORIENTED_EDGE ( 'NONE', *, *, #518, .T. ) ;
#1140 = ORIENTED_EDGE ( 'NONE', *, *, #221, .F. ) ;
#1141 = AXIS2_PLACEMENT_3D ( 'NONE', #3164, #1235, #2364 ) ;
#1142 = CARTESIAN_POINT ( 'NONE',  ( 5.259999999999999787, -50.24743877899999944, 22.65745920200000185 ) ) ;
#1143 = CARTESIAN_POINT ( 'NONE',  ( -148.7126932209999666, 0.000000000000000000, 5.557459201999999543 ) ) ;
#1144 = ORIENTED_EDGE ( 'NONE', *, *, #460, .F. ) ;
#1145 = CARTESIAN_POINT ( 'NONE',  ( 5.259999999999999787, -56.74743877899999944, 19.65745920200000185 ) ) ;
#1146 = DIRECTION ( 'NONE',  ( 0.000000000000000000, 0.000000000000000000, 1.000000000000000000 ) ) ;
#1147 = VECTOR ( 'NONE', #3131, 1000.000000000000000 ) ;
#1148 = PLANE ( 'NONE',  #3504 ) ;
#1149 = EDGE_CURVE ( 'NONE', #1950, #495, #3235, .T. ) ;
#1150 = ADVANCED_FACE ( 'NONE', ( #2085 ), #3517, .F. ) ;
#1151 = FACE_OUTER_BOUND ( 'NONE', #1509, .T. ) ;
#1152 = DIRECTION ( 'NONE',  ( 0.000000000000000000, 0.000000000000000000, 1.000000000000000000 ) ) ;
#1153 = CIRCLE ( 'NONE', #2131, 2.000000000000001776 ) ;
#1154 = AXIS2_PLACEMENT_3D ( 'NONE', #2601, #2857, #3137 ) ;
#1155 = ORIENTED_EDGE ( 'NONE', *, *, #524, .T. ) ;
#1156 = CARTESIAN_POINT ( 'NONE',  ( 144.0198000000000036, -52.74743877900000655, 7.264565986000000031 ) ) ;
#1157 = LINE ( 'NONE', #541, #1891 ) ;
#1158 = ORIENTED_EDGE ( 'NONE', *, *, #1099, .T. ) ;
#1159 = EDGE_CURVE ( 'NONE', #3130, #963, #374, .T. ) ;
#1160 = CARTESIAN_POINT ( 'NONE',  ( 137.5149060519999864, -50.24743877899999944, 18.45745920200000256 ) ) ;
#1161 = VECTOR ( 'NONE', #1427, 1000.000000000000000 ) ;
#1162 = LINE ( 'NONE', #1028, #1812 ) ;
#1163 = ORIENTED_EDGE ( 'NONE', *, *, #204, .F. ) ;
#1164 = SHAPE_DEFINITION_REPRESENTATION ( #2539, #2450 ) ;
#1165 = PLANE ( 'NONE',  #2409 ) ;
#1166 = CARTESIAN_POINT ( 'NONE',  ( 125.4249060519999972, -50.24743877899999944, 18.45745920200000256 ) ) ;
#1167 = LINE ( 'NONE', #580, #2537 ) ;
#1168 = ORIENTED_EDGE ( 'NONE', *, *, #167, .F. ) ;
#1169 = ORIENTED_EDGE ( 'NONE', *, *, #1260, .T. ) ;
#1170 = CARTESIAN_POINT ( 'NONE',  ( -4.830000000000000071, -50.24743877899999944, 22.65745920200000185 ) ) ;
#1171 = DIRECTION ( 'NONE',  ( 0.000000000000000000, 0.000000000000000000, -1.000000000000000000 ) ) ;
#1172 = ORIENTED_EDGE ( 'NONE', *, *, #1420, .T. ) ;
#1173 = CARTESIAN_POINT ( 'NONE',  ( -141.5198000000000036, -52.24743877900000655, 18.96745920200000413 ) ) ;
#1174 = VECTOR ( 'NONE', #2029, 1000.000000000000114 ) ;
#1175 = EDGE_CURVE ( 'NONE', #1398, #2482, #2545, .T. ) ;
#1176 = CARTESIAN_POINT ( 'NONE',  ( 150.5248252529999888, 0.000000000000000000, 22.76248445500000273 ) ) ;
#1177 = CARTESIAN_POINT ( 'NONE',  ( 113.5207902189999913, -48.24743877899999944, 23.65745920200000185 ) ) ;
#1178 = VERTEX_POINT ( 'NONE', #1190 ) ;
#1179 = ORIENTED_EDGE ( 'NONE', *, *, #3036, .T. ) ;
#1180 = ORIENTED_EDGE ( 'NONE', *, *, #337, .T. ) ;
#1181 = PLANE ( 'NONE',  #1712 ) ;
#1182 = AXIS2_PLACEMENT_3D ( 'NONE', #2881, #3369, #423 ) ;
#1183 = EDGE_CURVE ( 'NONE', #3201, #3397, #1363, .T. ) ;
#1184 = VECTOR ( 'NONE', #2931, 1000.000000000000000 ) ;
#1185 = ORIENTED_EDGE ( 'NONE', *, *, #1463, .T. ) ;
#1186 = VERTEX_POINT ( 'NONE', #412 ) ;
#1187 = CARTESIAN_POINT ( 'NONE',  ( -143.4197999999999809, -57.75748928400000182, 24.25745920299999980 ) ) ;
#1188 = DIRECTION ( 'NONE',  ( 0.000000000000000000, -0.7071067811865475727, 0.7071067811865475727 ) ) ;
#1189 = CARTESIAN_POINT ( 'NONE',  ( 144.0198000000000036, -52.74743877900000655, 24.25745920400000344 ) ) ;
#1190 = CARTESIAN_POINT ( 'NONE',  ( 146.2697999989999857, 1.599999999999997868, 22.26750970799997731 ) ) ;
#1191 = LINE ( 'NONE', #2143, #2055 ) ;
#1192 = LINE ( 'NONE', #3171, #266 ) ;
#1193 = CARTESIAN_POINT ( 'NONE',  ( 136.5149060519999864, -56.74743877899999944, 22.65745920200000185 ) ) ;
#1194 = DIRECTION ( 'NONE',  ( 0.000000000000000000, 0.000000000000000000, -1.000000000000000000 ) ) ;
#1195 = DIRECTION ( 'NONE',  ( 0.000000000000000000, -0.7071067811865474617, -0.7071067811865474617 ) ) ;
#1196 = EDGE_CURVE ( 'NONE', #3200, #2584, #3013, .T. ) ;
#1197 = CARTESIAN_POINT ( 'NONE',  ( 0.2999999999999999889, 0.000000000000000000, 24.25745920200000327 ) ) ;
#1198 = CARTESIAN_POINT ( 'NONE',  ( 113.5207902189999913, -48.24743877899999944, 18.45745920200000256 ) ) ;
#1199 = VERTEX_POINT ( 'NONE', #2309 ) ;
#1200 = AXIS2_PLACEMENT_3D ( 'NONE', #1506, #362, #2002 ) ;
#1201 = LINE ( 'NONE', #3318, #130 ) ;
#1202 = EDGE_CURVE ( 'NONE', #185, #1322, #2507, .T. ) ;
#1203 = VECTOR ( 'NONE', #2391, 1000.000000000000000 ) ;
#1204 = DIRECTION ( 'NONE',  ( -0.000000000000000000, 0.000000000000000000, 1.000000000000000000 ) ) ;
#1205 = LINE ( 'NONE', #1071, #3381 ) ;
#1206 = CARTESIAN_POINT ( 'NONE',  ( 126.4249060519999972, -50.24743877899999944, 19.65745920200000185 ) ) ;
#1207 = FACE_OUTER_BOUND ( 'NONE', #3154, .T. ) ;
#1208 = EDGE_CURVE ( 'NONE', #2763, #2453, #1989, .T. ) ;
#1209 = FACE_OUTER_BOUND ( 'NONE', #1505, .T. ) ;
#1210 = ORIENTED_EDGE ( 'NONE', *, *, #790, .T. ) ;
#1211 = AXIS2_PLACEMENT_3D ( 'NONE', #1846, #1302, #1039 ) ;
#1212 = VECTOR ( 'NONE', #1469, 1000.000000000000000 ) ;
#1213 = CARTESIAN_POINT ( 'NONE',  ( 126.4249060519999972, -56.74743877899999944, 22.65745920200000185 ) ) ;
#1214 = DIRECTION ( 'NONE',  ( 0.000000000000000000, 0.000000000000000000, -1.000000000000000000 ) ) ;
#1215 = PLANE ( 'NONE',  #3373 ) ;
#1216 = ORIENTED_EDGE ( 'NONE', *, *, #103, .T. ) ;
#1217 = CARTESIAN_POINT ( 'NONE',  ( -148.7126932169999805, 17.00000000000000000, 5.557459201999998655 ) ) ;
#1218 = ORIENTED_EDGE ( 'NONE', *, *, #1116, .F. ) ;
#1219 = CARTESIAN_POINT ( 'NONE',  ( -150.4197999970000126, -52.74743877900000655, 22.26750970500000193 ) ) ;
#1220 = DIRECTION ( 'NONE',  ( 0.000000000000000000, 1.000000000000000000, 0.000000000000000000 ) ) ;
#1221 = EDGE_CURVE ( 'NONE', #2942, #1913, #287, .T. ) ;
#1222 = ORIENTED_EDGE ( 'NONE', *, *, #683, .F. ) ;
#1223 = CYLINDRICAL_SURFACE ( 'NONE', #1648, 2.000000000000001776 ) ;
#1224 = CARTESIAN_POINT ( 'NONE',  ( 0.2999999999999999889, -31.79743877900000015, 24.25745920200000327 ) ) ;
#1225 = CARTESIAN_POINT ( 'NONE',  ( 143.9197999999999809, -20.30338877899999872, 18.65745920200000185 ) ) ;
#1226 = EDGE_LOOP ( 'NONE', ( #417, #3214, #199, #1462, #3303, #1917, #2752, #2162, #2686, #2939, #1027, #3289 ) ) ;
#1227 = CARTESIAN_POINT ( 'NONE',  ( 141.6197999999999979, -57.24743877899999944, 18.25745920199999972 ) ) ;
#1228 = ORIENTED_EDGE ( 'NONE', *, *, #673, .T. ) ;
#1229 = CARTESIAN_POINT ( 'NONE',  ( -148.7126932169999805, 1.550000000000000044, 5.557459201999999543 ) ) ;
#1230 = DIRECTION ( 'NONE',  ( 0.000000000000000000, -0.7071067811865474617, -0.7071067811865474617 ) ) ;
#1231 = VERTEX_POINT ( 'NONE', #3412 ) ;
#1232 = VERTEX_POINT ( 'NONE', #2069 ) ;
#1233 = EDGE_LOOP ( 'NONE', ( #1369, #2221, #3312, #1527, #1259, #1548 ) ) ;
#1234 = EDGE_CURVE ( 'NONE', #2593, #443, #1063, .T. ) ;
#1235 = DIRECTION ( 'NONE',  ( 0.7071067811865475727, 0.000000000000000000, -0.7071067811865475727 ) ) ;
#1236 = CARTESIAN_POINT ( 'NONE',  ( 136.5149060519999864, -50.24743877899999944, 19.65745920200000185 ) ) ;
#1237 = APPLICATION_PROTOCOL_DEFINITION ( 'international standard', 'config_control_design', 1994, #1826 ) ;
#1238 = DIRECTION ( 'NONE',  ( -0.7071067811865474617, 0.000000000000000000, 0.7071067811865474617 ) ) ;
#1239 = CC_DESIGN_PERSON_AND_ORGANIZATION_ASSIGNMENT ( #2499, #2607, ( #2291 ) ) ;
#1240 = FACE_OUTER_BOUND ( 'NONE', #464, .T. ) ;
#1241 = CARTESIAN_POINT ( 'NONE',  ( -112.9197999999999951, -48.24743877899999944, 0.2574592019999999981 ) ) ;
#1242 = DIRECTION ( 'NONE',  ( 0.000000000000000000, 0.000000000000000000, 1.000000000000000000 ) ) ;
#1243 = LINE ( 'NONE', #1362, #519 ) ;
#1244 = ADVANCED_FACE ( 'NONE', ( #1528 ), #471, .F. ) ;
#1245 = DIRECTION ( 'NONE',  ( 0.000000000000000000, 0.000000000000000000, -1.000000000000000000 ) ) ;
#1246 = EDGE_LOOP ( 'NONE', ( #716, #1784, #2513, #452 ) ) ;
#1247 = PLANE ( 'NONE',  #1837 ) ;
#1248 = LINE ( 'NONE', #3351, #232 ) ;
#1249 = EDGE_CURVE ( 'NONE', #3119, #3085, #195, .T. ) ;
#1250 = LINE ( 'NONE', #2187, #1342 ) ;
#1251 = ORIENTED_EDGE ( 'NONE', *, *, #506, .T. ) ;
#1252 = DIRECTION ( 'NONE',  ( 0.000000000000000000, 0.000000000000000000, 1.000000000000000000 ) ) ;
#1253 = VECTOR ( 'NONE', #2402, 1000.000000000000000 ) ;
#1254 = LINE ( 'NONE', #2912, #859 ) ;
#1255 = DIRECTION ( 'NONE',  ( 1.000000000000000000, 0.000000000000000000, 0.000000000000000000 ) ) ;
#1256 = FACE_OUTER_BOUND ( 'NONE', #3414, .T. ) ;
#1257 = AXIS2_PLACEMENT_3D ( 'NONE', #2329, #2289, #2572 ) ;
#1258 = VECTOR ( 'NONE', #2909, 1000.000000000000000 ) ;
#1259 = ORIENTED_EDGE ( 'NONE', *, *, #506, .F. ) ;
#1260 = EDGE_CURVE ( 'NONE', #1623, #3071, #246, .T. ) ;
#1261 = DIRECTION ( 'NONE',  ( -0.7071067811865474617, 0.000000000000000000, -0.7071067811865474617 ) ) ;
#1262 = FACE_OUTER_BOUND ( 'NONE', #2986, .T. ) ;
#1263 = ORIENTED_EDGE ( 'NONE', *, *, #2339, .F. ) ;
#1264 = CARTESIAN_POINT ( 'NONE',  ( 146.2697999989999857, 1.800000000000000266, 22.26750970799997731 ) ) ;
#1265 = LINE ( 'NONE', #2647, #536 ) ;
#1266 = DIRECTION ( 'NONE',  ( -0.000000000000000000, 0.7071067811865475727, 0.7071067811865475727 ) ) ;
#1267 = AXIS2_PLACEMENT_3D ( 'NONE', #677, #3378, #920 ) ;
#1268 = CARTESIAN_POINT ( 'NONE',  ( 113.5207902189999913, -50.24743877899999944, 18.65745920200000185 ) ) ;
#1269 = EDGE_LOOP ( 'NONE', ( #2506, #3393, #2470, #1163 ) ) ;
#1270 = CARTESIAN_POINT ( 'NONE',  ( -145.2247747469999979, -43.62541377899999873, 8.487459202000001923 ) ) ;
#1271 = CARTESIAN_POINT ( 'NONE',  ( -146.5198000000000036, 3.100000000000000089, 19.49622841588981714 ) ) ;
#1272 = ORIENTED_EDGE ( 'NONE', *, *, #3025, .F. ) ;
#1273 = VECTOR ( 'NONE', #162, 1000.000000000000114 ) ;
#1274 = ORIENTED_EDGE ( 'NONE', *, *, #3486, .T. ) ;
#1275 = CARTESIAN_POINT ( 'NONE',  ( -115.5198000000000036, -48.24743877899999944, 24.25745920200000327 ) ) ;
#1276 = VECTOR ( 'NONE', #1782, 1000.000000000000114 ) ;
#1277 = CARTESIAN_POINT ( 'NONE',  ( -112.9197999999999951, -48.24743877899999944, 18.45745920200000256 ) ) ;
#1278 = EDGE_CURVE ( 'NONE', #1944, #972, #2283, .T. ) ;
#1279 = VERTEX_POINT ( 'NONE', #3459 ) ;
#1280 = EDGE_LOOP ( 'NONE', ( #3442, #668, #1834, #304 ) ) ;
#1281 = PLANE ( 'NONE',  #569 ) ;
#1282 = DIRECTION ( 'NONE',  ( 0.000000000000000000, 0.000000000000000000, -1.000000000000000000 ) ) ;
#1283 = CARTESIAN_POINT ( 'NONE',  ( -144.0176679650000153, -14.12541377900000050, 7.987459202000001035 ) ) ;
#1284 = AXIS2_PLACEMENT_3D ( 'NONE', #2377, #732, #1013 ) ;
#1285 = DIRECTION ( 'NONE',  ( 0.000000000000000000, 0.000000000000000000, 1.000000000000000000 ) ) ;
#1286 = EDGE_CURVE ( 'NONE', #1623, #950, #2628, .T. ) ;
#1287 = DIRECTION ( 'NONE',  ( 0.000000000000000000, 0.7071067811865475727, -0.7071067811865475727 ) ) ;
#1288 = EDGE_CURVE ( 'NONE', #1933, #2588, #1689, .T. ) ;
#1289 = VECTOR ( 'NONE', #2117, 1000.000000000000000 ) ;
#1290 = DIRECTION ( 'NONE',  ( 0.000000000000000000, 0.000000000000000000, 1.000000000000000000 ) ) ;
#1291 = AXIS2_PLACEMENT_3D ( 'NONE', #2104, #1309, #3212 ) ;
#1292 = CARTESIAN_POINT ( 'NONE',  ( 117.5207902190000055, -31.19405000000000072, 18.65745920200000185 ) ) ;
#1293 = VERTEX_POINT ( 'NONE', #2083 ) ;
#1294 = CARTESIAN_POINT ( 'NONE',  ( -146.3197999999999865, -52.24743877900000655, 18.45745920200000256 ) ) ;
#1295 = LINE ( 'NONE', #667, #3112 ) ;
#1296 = VECTOR ( 'NONE', #1425, 1000.000000000000114 ) ;
#1297 = DIRECTION ( 'NONE',  ( -0.000000000000000000, -1.000000000000000000, -0.000000000000000000 ) ) ;
#1298 = VERTEX_POINT ( 'NONE', #2650 ) ;
#1299 = CARTESIAN_POINT ( 'NONE',  ( -146.5198000000000036, 3.100000000000000089, 5.557459201999999543 ) ) ;
#1300 = LINE ( 'NONE', #1957, #85 ) ;
#1301 = LINE ( 'NONE', #156, #952 ) ;
#1302 = DIRECTION ( 'NONE',  ( -0.7071067811865475727, 0.000000000000000000, -0.7071067811865475727 ) ) ;
#1303 = LINE ( 'NONE', #1299, #1203 ) ;
#1304 = ORIENTED_EDGE ( 'NONE', *, *, #1401, .T. ) ;
#1305 = DIRECTION ( 'NONE',  ( -1.000000000000000000, 0.000000000000000000, 0.000000000000000000 ) ) ;
#1306 = VECTOR ( 'NONE', #1681, 1000.000000000000000 ) ;
#1307 = ADVANCED_FACE ( 'NONE', ( #1003 ), #2105, .T. ) ;
#1308 = CARTESIAN_POINT ( 'NONE',  ( 144.1197999999999979, -20.22054606600000071, 5.557459201999999543 ) ) ;
#1309 = DIRECTION ( 'NONE',  ( 0.000000000000000000, 0.000000000000000000, 1.000000000000000000 ) ) ;
#1310 = LINE ( 'NONE', #3048, #573 ) ;
#1311 = ORIENTED_EDGE ( 'NONE', *, *, #798, .F. ) ;
#1312 = DIRECTION ( 'NONE',  ( 0.000000000000000000, 1.000000000000000000, 0.000000000000000000 ) ) ;
#1313 = VECTOR ( 'NONE', #2306, 1000.000000000000114 ) ;
#1314 = EDGE_CURVE ( 'NONE', #2835, #3071, #3042, .T. ) ;
#1315 = EDGE_LOOP ( 'NONE', ( #2876, #588, #1169, #3169 ) ) ;
#1316 = CARTESIAN_POINT ( 'NONE',  ( 157.3462718620000089, 1.800000000000000044, 13.59103784500003620 ) ) ;
#1317 = ORIENTED_EDGE ( 'NONE', *, *, #3310, .F. ) ;
#1318 = CARTESIAN_POINT ( 'NONE',  ( 126.4249060519999972, -42.24743877899999944, 19.45745920199999901 ) ) ;
#1319 = EDGE_LOOP ( 'NONE', ( #861, #1075, #3338, #155 ) ) ;
#1320 = CARTESIAN_POINT ( 'NONE',  ( 141.9198000000000093, -31.19405000000000072, 23.65745920200000185 ) ) ;
#1321 = ORIENTED_EDGE ( 'NONE', *, *, #3025, .T. ) ;
#1322 = VERTEX_POINT ( 'NONE', #730 ) ;
#1323 = ADVANCED_FACE ( 'NONE', ( #446 ), #1843, .T. ) ;
#1324 = ORIENTED_EDGE ( 'NONE', *, *, #2824, .F. ) ;
#1325 = PLANE ( 'NONE',  #363 ) ;
#1326 = VERTEX_POINT ( 'NONE', #175 ) ;
#1327 = CARTESIAN_POINT ( 'NONE',  ( -157.1462718614999972, 1.550000000000000044, 13.99103784650046656 ) ) ;
#1328 = EDGE_CURVE ( 'NONE', #1450, #866, #1972, .T. ) ;
#1329 = ORIENTED_EDGE ( 'NONE', *, *, #3290, .T. ) ;
#1330 = CARTESIAN_POINT ( 'NONE',  ( -112.9197999999999951, -50.24743877899999944, 23.65745920200000185 ) ) ;
#1331 = CARTESIAN_POINT ( 'NONE',  ( 141.9198000000000093, -31.79404999999999859, 24.25745920200000327 ) ) ;
#1332 = DIRECTION ( 'NONE',  ( 0.000000000000000000, 0.000000000000000000, -1.000000000000000000 ) ) ;
#1333 = AXIS2_PLACEMENT_3D ( 'NONE', #2155, #1853, #1312 ) ;
#1334 = EDGE_CURVE ( 'NONE', #2044, #614, #2325, .T. ) ;
#1335 = CARTESIAN_POINT ( 'NONE',  ( -141.5198000000000036, -57.24743877899999944, 18.25745920199999972 ) ) ;
#1336 = VECTOR ( 'NONE', #783, 1000.000000000000000 ) ;
#1337 = DIRECTION ( 'NONE',  ( 0.000000000000000000, 0.000000000000000000, -1.000000000000000000 ) ) ;
#1338 = VERTEX_POINT ( 'NONE', #1608 ) ;
#1339 = ADVANCED_FACE ( 'NONE', ( #1768 ), #1621, .T. ) ;
#1340 = CARTESIAN_POINT ( 'NONE',  ( 145.4697999990000028, 1.800000000000000266, 21.92109954648619663 ) ) ;
#1341 = CARTESIAN_POINT ( 'NONE',  ( -129.1197999999999979, -31.19743877900000228, 21.65745920200000185 ) ) ;
#1342 = VECTOR ( 'NONE', #791, 1000.000000000000114 ) ;
#1343 = ORIENTED_EDGE ( 'NONE', *, *, #225, .F. ) ;
#1344 = VECTOR ( 'NONE', #493, 1000.000000000000000 ) ;
#1345 = FACE_OUTER_BOUND ( 'NONE', #2348, .T. ) ;
#1346 = EDGE_CURVE ( 'NONE', #507, #1007, #355, .T. ) ;
#1347 = FACE_OUTER_BOUND ( 'NONE', #3485, .T. ) ;
#1348 = CARTESIAN_POINT ( 'NONE',  ( 144.1197999999999979, -29.19405000000000072, 18.45745920200000256 ) ) ;
#1349 = VECTOR ( 'NONE', #153, 1000.000000000000000 ) ;
#1350 = ORIENTED_EDGE ( 'NONE', *, *, #1642, .F. ) ;
#1351 = CARTESIAN_POINT ( 'NONE',  ( 146.2198000000000206, -21.00338877899999801, 5.757459202000000609 ) ) ;
#1352 = AXIS2_PLACEMENT_3D ( 'NONE', #1774, #450, #1537 ) ;
#1353 = FACE_OUTER_BOUND ( 'NONE', #281, .T. ) ;
#1354 = ORIENTED_EDGE ( 'NONE', *, *, #2235, .T. ) ;
#1355 = LINE ( 'NONE', #1197, #620 ) ;
#1356 = DIRECTION ( 'NONE',  ( -1.000000000000000000, -0.000000000000000000, -0.000000000000000000 ) ) ;
#1357 = CARTESIAN_POINT ( 'NONE',  ( -148.7126932169999805, 3.100000000000000533, 5.557459201999998655 ) ) ;
#1358 = ORIENTED_EDGE ( 'NONE', *, *, #632, .F. ) ;
#1359 = EDGE_CURVE ( 'NONE', #2863, #3011, #2960, .T. ) ;
#1360 = ORIENTED_EDGE ( 'NONE', *, *, #2088, .F. ) ;
#1361 = ADVANCED_FACE ( 'NONE', ( #2661 ), #3246, .F. ) ;
#1362 = CARTESIAN_POINT ( 'NONE',  ( -143.7348252539999862, -14.32541377799999971, 7.987459202000001035 ) ) ;
#1363 = LINE ( 'NONE', #3110, #913 ) ;
#1364 = CARTESIAN_POINT ( 'NONE',  ( -114.9198000000000093, -48.24743877899999944, 23.65745920200000185 ) ) ;
#1365 = EDGE_LOOP ( 'NONE', ( #2849, #1655, #847, #235 ) ) ;
#1366 = DIRECTION ( 'NONE',  ( -0.7071067811865475727, 0.000000000000000000, -0.7071067811865475727 ) ) ;
#1367 = PLANE ( 'NONE',  #3037 ) ;
#1368 = ORIENTED_EDGE ( 'NONE', *, *, #3143, .F. ) ;
#1369 = ORIENTED_EDGE ( 'NONE', *, *, #79, .F. ) ;
#1370 = CARTESIAN_POINT ( 'NONE',  ( 0.8000000000000000444, -2.003388778999999786, 18.45745920200000256 ) ) ;
#1371 = EDGE_LOOP ( 'NONE', ( #1908, #1216, #449, #566 ) ) ;
#1372 = EDGE_CURVE ( 'NONE', #1382, #1615, #951, .T. ) ;
#1373 = LINE ( 'NONE', #1331, #1336 ) ;
#1374 = DIRECTION ( 'NONE',  ( 0.000000000000000000, 0.000000000000000000, 1.000000000000000000 ) ) ;
#1375 = CARTESIAN_POINT ( 'NONE',  ( -143.4197999999999809, -59.74743877900000655, 7.264565985000000836 ) ) ;
#1376 = AXIS2_PLACEMENT_3D ( 'NONE', #3159, #1044, #2371 ) ;
#1377 = EDGE_CURVE ( 'NONE', #2039, #3299, #1205, .T. ) ;
#1378 = CARTESIAN_POINT ( 'NONE',  ( -144.0176679650000153, -43.12541377899999873, 7.987459202000001035 ) ) ;
#1379 = VECTOR ( 'NONE', #258, 1000.000000000000114 ) ;
#1380 = CARTESIAN_POINT ( 'NONE',  ( -146.5198000000000036, 0.000000000000000000, 18.25745920199999972 ) ) ;
#1381 = AXIS2_PLACEMENT_3D ( 'NONE', #3434, #1282, #1529 ) ;
#1382 = VERTEX_POINT ( 'NONE', #767 ) ;
#1383 = CARTESIAN_POINT ( 'NONE',  ( 113.5207902189999913, -48.24743877899999944, 18.45745920200000256 ) ) ;
#1384 = VECTOR ( 'NONE', #1663, 1000.000000000000000 ) ;
#1385 = VECTOR ( 'NONE', #1514, 1000.000000000000114 ) ;
#1386 = VECTOR ( 'NONE', #1881, 1000.000000000000114 ) ;
#1387 = PLANE ( 'NONE',  #780 ) ;
#1388 = CONICAL_SURFACE ( 'NONE', #1765, 5.646446608999989181, 0.7853981607197643156 ) ;
#1389 = ORIENTED_EDGE ( 'NONE', *, *, #817, .F. ) ;
#1390 = DIRECTION ( 'NONE',  ( 0.000000000000000000, -1.000000000000000000, 0.000000000000000000 ) ) ;
#1391 = VECTOR ( 'NONE', #2972, 1000.000000000000000 ) ;
#1392 = FACE_BOUND ( 'NONE', #328, .T. ) ;
#1393 = ORIENTED_EDGE ( 'NONE', *, *, #3507, .F. ) ;
#1394 = EDGE_CURVE ( 'NONE', #3200, #1993, #784, .T. ) ;
#1395 = CONICAL_SURFACE ( 'NONE', #1814, 1.399999999999998579, 0.7853981625000003852 ) ;
#1396 = ADVANCED_FACE ( 'NONE', ( #1682 ), #514, .T. ) ;
#1397 = PLANE ( 'NONE',  #838 ) ;
#1398 = VERTEX_POINT ( 'NONE', #1357 ) ;
#1399 = CARTESIAN_POINT ( 'NONE',  ( -141.5198000000000036, -57.24743877899999944, 18.25745920199999972 ) ) ;
#1400 = AXIS2_PLACEMENT_3D ( 'NONE', #2196, #1634, #2174 ) ;
#1401 = EDGE_CURVE ( 'NONE', #1061, #1618, #1122, .T. ) ;
#1402 = ORIENTED_EDGE ( 'NONE', *, *, #2380, .T. ) ;
#1403 = CARTESIAN_POINT ( 'NONE',  ( 116.1207902189999999, -48.24743877899999944, 24.25745920200000327 ) ) ;
#1404 = ORIENTED_EDGE ( 'NONE', *, *, #2490, .F. ) ;
#1405 = EDGE_CURVE ( 'NONE', #606, #3119, #135, .T. ) ;
#1406 = VERTEX_POINT ( 'NONE', #2947 ) ;
#1407 = CARTESIAN_POINT ( 'NONE',  ( 144.0198000000000036, -58.04033199699999557, 5.557459201999999543 ) ) ;
#1408 = ORIENTED_EDGE ( 'NONE', *, *, #2874, .T. ) ;
#1409 = ORIENTED_EDGE ( 'NONE', *, *, #2423, .F. ) ;
#1410 = VERTEX_POINT ( 'NONE', #1320 ) ;
#1411 = DIRECTION ( 'NONE',  ( -0.7071067811865475727, -0.7071067811865475727, 0.000000000000000000 ) ) ;
#1412 = DIRECTION ( 'NONE',  ( 0.000000000000000000, 1.000000000000000000, 0.000000000000000000 ) ) ;
#1413 = EDGE_CURVE ( 'NONE', #163, #2942, #2021, .T. ) ;
#1414 = DIRECTION ( 'NONE',  ( 0.7071067811865475727, 0.000000000000000000, 0.7071067811865475727 ) ) ;
#1415 = CARTESIAN_POINT ( 'NONE',  ( 145.4697999990000028, 3.600000000000000089, 18.80340809286220605 ) ) ;
#1416 = VECTOR ( 'NONE', #805, 1000.000000000000000 ) ;
#1417 = AXIS2_PLACEMENT_3D ( 'NONE', #1669, #853, #2769 ) ;
#1418 = CARTESIAN_POINT ( 'NONE',  ( 115.5207902189999913, -33.19405000000000427, 18.65745920200000185 ) ) ;
#1419 = CARTESIAN_POINT ( 'NONE',  ( 141.9198000000000093, -29.19405000000000072, 18.65745920200000185 ) ) ;
#1420 = EDGE_CURVE ( 'NONE', #270, #2259, #50, .T. ) ;
#1421 = CARTESIAN_POINT ( 'NONE',  ( 149.3126932190000105, -52.74743877900000655, 5.557459201999999543 ) ) ;
#1422 = VERTEX_POINT ( 'NONE', #2957 ) ;
#1423 = CONICAL_SURFACE ( 'NONE', #751, 2.199999999999993516, 0.7853981625000003852 ) ;
#1424 = CIRCLE ( 'NONE', #637, 5.010050505000002374 ) ;
#1425 = DIRECTION ( 'NONE',  ( 0.7071067811865474617, 0.000000000000000000, -0.7071067811865474617 ) ) ;
#1426 = LINE ( 'NONE', #2438, #1253 ) ;
#1427 = DIRECTION ( 'NONE',  ( 0.000000000000000000, 1.000000000000000000, 0.000000000000000000 ) ) ;
#1428 = VECTOR ( 'NONE', #2836, 1000.000000000000000 ) ;
#1429 = ORIENTED_EDGE ( 'NONE', *, *, #2985, .F. ) ;
#1430 = CALENDAR_DATE ( 2025, 26, 11 ) ;
#1431 = DIRECTION ( 'NONE',  ( -1.000000000000000000, 0.000000000000000000, 0.000000000000000000 ) ) ;
#1432 = DIRECTION ( 'NONE',  ( -1.000000000000000000, 0.000000000000000000, 0.000000000000000000 ) ) ;
#1433 = FACE_OUTER_BOUND ( 'NONE', #3039, .T. ) ;
#1434 = EDGE_LOOP ( 'NONE', ( #108, #1630, #3041, #540, #757, #2086 ) ) ;
#1435 = EDGE_CURVE ( 'NONE', #3317, #574, #2867, .T. ) ;
#1436 = PLANE ( 'NONE',  #816 ) ;
#1437 = ORIENTED_EDGE ( 'NONE', *, *, #3441, .T. ) ;
#1438 = PLANE ( 'NONE',  #895 ) ;
#1439 = CARTESIAN_POINT ( 'NONE',  ( 0.2999999999999999889, -50.24743877899999944, 18.65745920200000185 ) ) ;
#1440 = EDGE_CURVE ( 'NONE', #2687, #3317, #14, .T. ) ;
#1441 = DIRECTION ( 'NONE',  ( -1.000000000000000000, 0.000000000000000000, 0.000000000000000000 ) ) ;
#1442 = EDGE_LOOP ( 'NONE', ( #2399, #718, #3095, #1358 ) ) ;
#1443 = CARTESIAN_POINT ( 'NONE',  ( -141.5198000000000036, -52.24743877900000655, 18.25745920199999972 ) ) ;
#1444 = ORIENTED_EDGE ( 'NONE', *, *, #1221, .T. ) ;
#1445 = CARTESIAN_POINT ( 'NONE',  ( 151.0198000000000036, -52.74743877900000655, 22.26750970500000193 ) ) ;
#1446 = ORIENTED_EDGE ( 'NONE', *, *, #608, .T. ) ;
#1447 = AXIS2_PLACEMENT_3D ( 'NONE', #639, #2300, #886 ) ;
#1448 = DIRECTION ( 'NONE',  ( -1.000000000000000000, 0.000000000000000000, 0.000000000000000000 ) ) ;
#1449 = VECTOR ( 'NONE', #647, 1000.000000000000000 ) ;
#1450 = VERTEX_POINT ( 'NONE', #2697 ) ;
#1451 = CARTESIAN_POINT ( 'NONE',  ( -145.2247747469999979, -13.62541377900000050, 8.487459202000001923 ) ) ;
#1452 = VECTOR ( 'NONE', #2732, 1000.000000000000000 ) ;
#1453 = CARTESIAN_POINT ( 'NONE',  ( 148.6697999990000199, 0.000000000000000000, 5.557459201999999543 ) ) ;
#1454 = EDGE_CURVE ( 'NONE', #806, #1750, #1426, .T. ) ;
#1455 = CARTESIAN_POINT ( 'NONE',  ( 0.2999999999999999889, -50.84743877900000086, 24.25745920200000327 ) ) ;
#1456 = LINE ( 'NONE', #2308, #1539 ) ;
#1457 = DIRECTION ( 'NONE',  ( 0.7071067811865475727, -0.7071067811865475727, 0.000000000000000000 ) ) ;
#1458 = CARTESIAN_POINT ( 'NONE',  ( -148.0698000000000150, 1.550000000000000044, 22.26750970799999862 ) ) ;
#1459 = VECTOR ( 'NONE', #2218, 1000.000000000000000 ) ;
#1460 = AXIS2_PLACEMENT_3D ( 'NONE', #3160, #2626, #2894 ) ;
#1461 = DIRECTION ( 'NONE',  ( 0.000000000000000000, 0.000000000000000000, -1.000000000000000000 ) ) ;
#1462 = ORIENTED_EDGE ( 'NONE', *, *, #1870, .F. ) ;
#1463 = EDGE_CURVE ( 'NONE', #631, #576, #2159, .T. ) ;
#1464 = CARTESIAN_POINT ( 'NONE',  ( 146.2697999989999857, 1.649999999999998579, 22.18090716762153036 ) ) ;
#1465 = VECTOR ( 'NONE', #1016, 1000.000000000000000 ) ;
#1466 = AXIS2_PLACEMENT_3D ( 'NONE', #2245, #1171, #2232 ) ;
#1467 = CARTESIAN_POINT ( 'NONE',  ( 141.9198000000000093, -31.19405000000000072, 18.65745920200000185 ) ) ;
#1468 = CONICAL_SURFACE ( 'NONE', #1154, 1.799999999999996048, 0.7853981625000003852 ) ;
#1469 = DIRECTION ( 'NONE',  ( 0.000000000000000000, 1.000000000000000000, 0.000000000000000000 ) ) ;
#1470 = LINE ( 'NONE', #2442, #749 ) ;
#1471 = VERTEX_POINT ( 'NONE', #2171 ) ;
#1472 = CARTESIAN_POINT ( 'NONE',  ( -116.9198000000000093, -33.19743877900000228, 24.25745920200000327 ) ) ;
#1473 = VECTOR ( 'NONE', #1356, 1000.000000000000000 ) ;
#1474 = ORIENTED_EDGE ( 'NONE', *, *, #2158, .F. ) ;
#1475 = CARTESIAN_POINT ( 'NONE',  ( -116.9198000000000093, -33.19743877900000228, 24.25745920200000327 ) ) ;
#1476 = ORIENTED_EDGE ( 'NONE', *, *, #1334, .T. ) ;
#1477 = CARTESIAN_POINT ( 'NONE',  ( -150.4197999999999809, 0.000000000000000000, 7.264565985000000836 ) ) ;
#1478 = CARTESIAN_POINT ( 'NONE',  ( -146.5198000000000036, -43.12541377899999873, 7.987459202000001035 ) ) ;
#1479 = EDGE_LOOP ( 'NONE', ( #3475, #1024, #1741, #1640 ) ) ;
#1480 = DIRECTION ( 'NONE',  ( 0.000000000000000000, 1.000000000000000000, 0.000000000000000000 ) ) ;
#1481 = CARTESIAN_POINT ( 'NONE',  ( 151.0197999979999963, -52.74743877900000655, 7.264565985000000836 ) ) ;
#1482 = DIRECTION ( 'NONE',  ( -1.000000000000000000, 0.000000000000000000, 0.000000000000000000 ) ) ;
#1483 = ORIENTED_EDGE ( 'NONE', *, *, #1610, .T. ) ;
#1484 = ORIENTED_EDGE ( 'NONE', *, *, #3486, .F. ) ;
#1485 = ORIENTED_EDGE ( 'NONE', *, *, #371, .T. ) ;
#1486 = AXIS2_PLACEMENT_3D ( 'NONE', #487, #168, #2092 ) ;
#1487 = LINE ( 'NONE', #1977, #3059 ) ;
#1488 = EDGE_CURVE ( 'NONE', #443, #2296, #2784, .T. ) ;
#1489 = LINE ( 'NONE', #2672, #1916 ) ;
#1490 = CARTESIAN_POINT ( 'NONE',  ( 143.9197999999999809, -20.30338877899999872, 5.757459202000000609 ) ) ;
#1491 = ORIENTED_EDGE ( 'NONE', *, *, #1804, .T. ) ;
#1492 = ORIENTED_EDGE ( 'NONE', *, *, #1547, .T. ) ;
#1493 = CARTESIAN_POINT ( 'NONE',  ( 151.0198000000000036, -52.74743877900000655, 22.26750970500000193 ) ) ;
#1494 = DIRECTION ( 'NONE',  ( 0.000000000000000000, 0.000000000000000000, -1.000000000000000000 ) ) ;
#1495 = CC_DESIGN_PERSON_AND_ORGANIZATION_ASSIGNMENT ( #615, #444, ( #2041 ) ) ;
#1496 = VERTEX_POINT ( 'NONE', #2494 ) ;
#1497 = ADVANCED_FACE ( 'NONE', ( #1893 ), #2711, .F. ) ;
#1498 = VECTOR ( 'NONE', #197, 1000.000000000000114 ) ;
#1499 = VECTOR ( 'NONE', #311, 1000.000000000000000 ) ;
#1500 = DIRECTION ( 'NONE',  ( -0.7071067811865474617, 0.000000000000000000, 0.7071067811865474617 ) ) ;
#1501 = EDGE_CURVE ( 'NONE', #1913, #185, #3300, .T. ) ;
#1502 = CARTESIAN_POINT ( 'NONE',  ( 144.5198000000000036, 44.24066122100000342, 24.25745920200000327 ) ) ;
#1503 = DIRECTION ( 'NONE',  ( 0.000000000000000000, -1.000000000000000000, 0.000000000000000000 ) ) ;
#1504 = DIRECTION ( 'NONE',  ( 0.000000000000000000, 0.000000000000000000, 1.000000000000000000 ) ) ;
#1505 = EDGE_LOOP ( 'NONE', ( #2394, #462, #2250, #26 ) ) ;
#1506 = CARTESIAN_POINT ( 'NONE',  ( 141.9198000000000093, -29.19405000000000072, 18.45745920200000256 ) ) ;
#1507 = AXIS2_PLACEMENT_3D ( 'NONE', #555, #3523, #3285 ) ;
#1508 = LINE ( 'NONE', #1844, #47 ) ;
#1509 = EDGE_LOOP ( 'NONE', ( #2497, #3279, #2211, #2426, #68 ) ) ;
#1510 = VECTOR ( 'NONE', #3253, 1000.000000000000000 ) ;
#1511 = FACE_OUTER_BOUND ( 'NONE', #334, .T. ) ;
#1512 = DIRECTION ( 'NONE',  ( 0.000000000000000000, -1.000000000000000000, 0.000000000000000000 ) ) ;
#1513 = VECTOR ( 'NONE', #3057, 1000.000000000000000 ) ;
#1514 = DIRECTION ( 'NONE',  ( 0.7071067811865474617, -0.000000000000000000, 0.7071067811865474617 ) ) ;
#1515 = LINE ( 'NONE', #1170, #404 ) ;
#1516 = ORIENTED_EDGE ( 'NONE', *, *, #1586, .F. ) ;
#1517 = APPROVAL_DATE_TIME ( #2620, #3422 ) ;
#1518 = VECTOR ( 'NONE', #1541, 1000.000000000000000 ) ;
#1519 = ADVANCED_FACE ( 'NONE', ( #3461 ), #849, .T. ) ;
#1520 = DIRECTION ( 'NONE',  ( -1.000000000000000000, 0.000000000000000000, 0.000000000000000000 ) ) ;
#1521 = LINE ( 'NONE', #1886, #706 ) ;
#1522 = ORIENTED_EDGE ( 'NONE', *, *, #439, .F. ) ;
#1523 = DIRECTION ( 'NONE',  ( 0.7071067811865474617, -0.7071067811865474617, 0.000000000000000000 ) ) ;
#1524 = ORIENTED_EDGE ( 'NONE', *, *, #539, .T. ) ;
#1525 = DIRECTION ( 'NONE',  ( -1.000000000000000000, 0.000000000000000000, 0.000000000000000000 ) ) ;
#1526 = EDGE_CURVE ( 'NONE', #3150, #2139, #2067, .T. ) ;
#1527 = ORIENTED_EDGE ( 'NONE', *, *, #3247, .F. ) ;
#1528 = FACE_OUTER_BOUND ( 'NONE', #1233, .T. ) ;
#1529 = DIRECTION ( 'NONE',  ( -1.000000000000000000, 0.000000000000000000, 0.000000000000000000 ) ) ;
#1530 = EDGE_LOOP ( 'NONE', ( #160, #801, #488, #3099, #868, #520, #1179, #1446, #2324, #253, #3230, #3052, #532, #885, #2445, #3139, #2551, #23, #2564, #968, #115 ) ) ;
#1531 = DIRECTION ( 'NONE',  ( 0.000000000000000000, -0.000000000000000000, 1.000000000000000000 ) ) ;
#1532 = AXIS2_PLACEMENT_3D ( 'NONE', #437, #3429, #1525 ) ;
#1533 = CARTESIAN_POINT ( 'NONE',  ( 141.6197999999999979, -57.04743877900000371, 18.45745920200000256 ) ) ;
#1534 = ORIENTED_EDGE ( 'NONE', *, *, #1788, .F. ) ;
#1535 = ORIENTED_EDGE ( 'NONE', *, *, #1196, .F. ) ;
#1536 = ORIENTED_EDGE ( 'NONE', *, *, #2985, .T. ) ;
#1537 = DIRECTION ( 'NONE',  ( 1.000000000000000000, 0.000000000000000000, 0.000000000000000000 ) ) ;
#1538 = EDGE_CURVE ( 'NONE', #2955, #1382, #3417, .T. ) ;
#1539 = VECTOR ( 'NONE', #2292, 1000.000000000000000 ) ;
#1540 = CARTESIAN_POINT ( 'NONE',  ( -114.9198000000000093, -33.19743877900000228, 23.65745920200000185 ) ) ;
#1541 = DIRECTION ( 'NONE',  ( 0.000000000000000000, 0.000000000000000000, -1.000000000000000000 ) ) ;
#1542 = VECTOR ( 'NONE', #1500, 1000.000000000000114 ) ;
#1543 = DIRECTION ( 'NONE',  ( -1.000000000000000000, 0.000000000000000000, 0.000000000000000000 ) ) ;
#1544 = DIRECTION ( 'NONE',  ( 1.000000000000000000, 0.000000000000000000, 0.000000000000000000 ) ) ;
#1545 = CARTESIAN_POINT ( 'NONE',  ( 144.6197999999999979, -21.00338877899999801, 5.757459202000000609 ) ) ;
#1546 = CARTESIAN_POINT ( 'NONE',  ( 146.7198000000000206, -52.14743877899999802, 18.25745920199999972 ) ) ;
#1547 = EDGE_CURVE ( 'NONE', #1061, #93, #2118, .T. ) ;
#1548 = ORIENTED_EDGE ( 'NONE', *, *, #414, .F. ) ;
#1549 = DIRECTION ( 'NONE',  ( 0.000000000000000000, 1.000000000000000000, 0.000000000000000000 ) ) ;
#1550 = ADVANCED_FACE ( 'NONE', ( #230 ), #2183, .T. ) ;
#1551 = DIRECTION ( 'NONE',  ( 0.000000000000000000, 0.000000000000000000, 1.000000000000000000 ) ) ;
#1552 = VECTOR ( 'NONE', #1677, 1000.000000000000000 ) ;
#1553 = VECTOR ( 'NONE', #2009, 1000.000000000000114 ) ;
#1554 = CARTESIAN_POINT ( 'NONE',  ( 125.4249060519999972, -41.24743877899999944, 18.45745920200000256 ) ) ;
#1555 = CIRCLE ( 'NONE', #2622, 2.000000000000001776 ) ;
#1556 = AXIS2_PLACEMENT_3D ( 'NONE', #2278, #621, #2527 ) ;
#1557 = FACE_BOUND ( 'NONE', #302, .T. ) ;
#1558 = VERTEX_POINT ( 'NONE', #1922 ) ;
#1559 = EDGE_CURVE ( 'NONE', #760, #1913, #2786, .T. ) ;
#1560 = LOCAL_TIME ( 11, 18, 25.00000000000000000, #407 ) ;
#1561 = DIRECTION ( 'NONE',  ( -1.000000000000000000, 0.000000000000000000, 0.000000000000000000 ) ) ;
#1562 = LINE ( 'NONE', #2562, #828 ) ;
#1563 = ORIENTED_EDGE ( 'NONE', *, *, #2948, .T. ) ;
#1564 = VECTOR ( 'NONE', #3420, 1000.000000000000000 ) ;
#1565 = VECTOR ( 'NONE', #991, 1000.000000000000000 ) ;
#1566 = PLANE ( 'NONE',  #313 ) ;
#1567 = ORIENTED_EDGE ( 'NONE', *, *, #3166, .F. ) ;
#1568 = APPROVAL_ROLE ( '' ) ;
#1569 = CARTESIAN_POINT ( 'NONE',  ( -146.5198000000000036, 0.000000000000000000, 18.25745920199999972 ) ) ;
#1570 = DIRECTION ( 'NONE',  ( 0.000000000000000000, 0.000000000000000000, 1.000000000000000000 ) ) ;
#1571 = ORIENTED_EDGE ( 'NONE', *, *, #3326, .T. ) ;
#1572 = ORIENTED_EDGE ( 'NONE', *, *, #1999, .T. ) ;
#1573 = EDGE_CURVE ( 'NONE', #2157, #2635, #2526, .T. ) ;
#1574 = VERTEX_POINT ( 'NONE', #1403 ) ;
#1575 = ORIENTED_EDGE ( 'NONE', *, *, #2971, .T. ) ;
#1576 = CARTESIAN_POINT ( 'NONE',  ( -143.4197999999999809, -52.74743877900000655, 18.95745920199999901 ) ) ;
#1577 = CARTESIAN_POINT ( 'NONE',  ( 143.9197999999999809, 0.000000000000000000, 5.757459202000000609 ) ) ;
#1578 = LINE ( 'NONE', #2892, #1832 ) ;
#1579 = DIRECTION ( 'NONE',  ( 0.000000000000000000, 1.000000000000000000, 0.000000000000000000 ) ) ;
#1580 = ORIENTED_EDGE ( 'NONE', *, *, #1942, .T. ) ;
#1581 = VECTOR ( 'NONE', #2771, 1000.000000000000114 ) ;
#1582 = CARTESIAN_POINT ( 'NONE',  ( -68.30241262699999538, -1.803388779000000053, -67.44495342399999060 ) ) ;
#1583 = EDGE_CURVE ( 'NONE', #456, #65, #600, .T. ) ;
#1584 = CARTESIAN_POINT ( 'NONE',  ( 126.4249060519999972, -56.74743877899999944, 19.65745920200000185 ) ) ;
#1585 = DIRECTION ( 'NONE',  ( 0.000000000000000000, 0.7071067811865474617, -0.7071067811865474617 ) ) ;
#1586 = EDGE_CURVE ( 'NONE', #1994, #2331, #254, .T. ) ;
#1587 = CARTESIAN_POINT ( 'NONE',  ( 141.6197999999999979, -57.04743877900000371, 18.45745920200000256 ) ) ;
#1588 = CARTESIAN_POINT ( 'NONE',  ( -141.3197999999999865, -29.19743877900000228, 24.25745920200000327 ) ) ;
#1589 = EDGE_LOOP ( 'NONE', ( #1941, #1251, #2379, #1580 ) ) ;
#1590 = CARTESIAN_POINT ( 'NONE',  ( 115.5207902189999913, -48.24743877899999944, 18.65745920200000185 ) ) ;
#1591 = ADVANCED_FACE ( 'NONE', ( #2741 ), #3528, .T. ) ;
#1592 = CARTESIAN_POINT ( 'NONE',  ( 146.2697999989999857, 2.694222958124194756E-16, 22.26750970799997731 ) ) ;
#1593 = CIRCLE ( 'NONE', #3204, 2.200000000000000622 ) ;
#1594 = ORIENTED_EDGE ( 'NONE', *, *, #1234, .F. ) ;
#1595 = EDGE_CURVE ( 'NONE', #1496, #2635, #3190, .T. ) ;
#1596 = CARTESIAN_POINT ( 'NONE',  ( 113.5207902189999913, -50.84743877900000086, 24.25745920200000327 ) ) ;
#1597 = LINE ( 'NONE', #219, #3497 ) ;
#1598 = ORIENTED_EDGE ( 'NONE', *, *, #945, .T. ) ;
#1599 = DIRECTION ( 'NONE',  ( 1.000000000000000000, 0.000000000000000000, 0.000000000000000000 ) ) ;
#1600 = VERTEX_POINT ( 'NONE', #1652 ) ;
#1601 = CARTESIAN_POINT ( 'NONE',  ( -143.4197999999999809, -59.74743877900000655, 7.264565985000000836 ) ) ;
#1602 = EDGE_CURVE ( 'NONE', #3299, #3419, #609, .T. ) ;
#1603 = VECTOR ( 'NONE', #1865, 1000.000000000000000 ) ;
#1604 = FACE_OUTER_BOUND ( 'NONE', #229, .T. ) ;
#1605 = CARTESIAN_POINT ( 'NONE',  ( -146.5198000000000036, -52.24743877900000655, 18.25745920199999972 ) ) ;
#1606 = VECTOR ( 'NONE', #3495, 1000.000000000000000 ) ;
#1607 = ORIENTED_EDGE ( 'NONE', *, *, #2779, .T. ) ;
#1608 = CARTESIAN_POINT ( 'NONE',  ( 113.5207902189999913, -50.24743877899999944, 18.65745920200000185 ) ) ;
#1609 = DATE_AND_TIME ( #3132, #320 ) ;
#1610 = EDGE_CURVE ( 'NONE', #70, #551, #2328, .T. ) ;
#1611 = ORIENTED_EDGE ( 'NONE', *, *, #63, .F. ) ;
#1612 = ADVANCED_FACE ( 'NONE', ( #2873 ), #1148, .T. ) ;
#1613 = CARTESIAN_POINT ( 'NONE',  ( 113.5207902189999913, -48.24743877899999944, 18.65745920200000185 ) ) ;
#1614 = DIRECTION ( 'NONE',  ( 1.000000000000000000, 0.000000000000000000, 0.000000000000000000 ) ) ;
#1615 = VERTEX_POINT ( 'NONE', #2214 ) ;
#1616 = CC_DESIGN_PERSON_AND_ORGANIZATION_ASSIGNMENT ( #2419, #2343, ( #1066 ) ) ;
#1617 = CARTESIAN_POINT ( 'NONE',  ( 126.4249060519999972, -50.24743877899999944, 19.45745920199999901 ) ) ;
#1618 = VERTEX_POINT ( 'NONE', #640 ) ;
#1619 = DIRECTION ( 'NONE',  ( 0.7071067811865455743, -0.000000000000000000, 0.7071067811865493491 ) ) ;
#1620 = LINE ( 'NONE', #3370, #3140 ) ;
#1621 = PLANE ( 'NONE',  #877 ) ;
#1622 = ORIENTED_EDGE ( 'NONE', *, *, #723, .F. ) ;
#1623 = VERTEX_POINT ( 'NONE', #3341 ) ;
#1624 = ORIENTED_EDGE ( 'NONE', *, *, #571, .T. ) ;
#1625 = EDGE_CURVE ( 'NONE', #836, #631, #2175, .T. ) ;
#1626 = EDGE_LOOP ( 'NONE', ( #2294, #467, #1672, #1867 ) ) ;
#1627 = LINE ( 'NONE', #354, #2940 ) ;
#1628 = ADVANCED_FACE ( 'NONE', ( #2485 ), #323, .T. ) ;
#1629 = CARTESIAN_POINT ( 'NONE',  ( -146.5198000000000036, -43.12541377899999873, 7.987459202000001035 ) ) ;
#1630 = ORIENTED_EDGE ( 'NONE', *, *, #1952, .F. ) ;
#1631 = AXIS2_PLACEMENT_3D ( 'NONE', #2657, #3172, #2623 ) ;
#1632 = EDGE_CURVE ( 'NONE', #3491, #3317, #332, .T. ) ;
#1633 = VECTOR ( 'NONE', #944, 1000.000000000000000 ) ;
#1634 = DIRECTION ( 'NONE',  ( 0.000000000000000000, 0.000000000000000000, -1.000000000000000000 ) ) ;
#1635 = FACE_OUTER_BOUND ( 'NONE', #22, .T. ) ;
#1636 = CARTESIAN_POINT ( 'NONE',  ( 145.4697999990000028, 1.800000000000000266, 5.557459201999999543 ) ) ;
#1637 = AXIS2_PLACEMENT_3D ( 'NONE', #1173, #96, #630 ) ;
#1638 = ORIENTED_EDGE ( 'NONE', *, *, #2738, .F. ) ;
#1639 = VERTEX_POINT ( 'NONE', #1951 ) ;
#1640 = ORIENTED_EDGE ( 'NONE', *, *, #1038, .F. ) ;
#1641 = LINE ( 'NONE', #2861, #1385 ) ;
#1642 = EDGE_CURVE ( 'NONE', #1007, #1558, #2991, .T. ) ;
#1643 = VECTOR ( 'NONE', #2059, 1000.000000000000114 ) ;
#1644 = ADVANCED_FACE ( 'NONE', ( #559 ), #161, .F. ) ;
#1645 = VECTOR ( 'NONE', #802, 1000.000000000000114 ) ;
#1646 = ORIENTED_EDGE ( 'NONE', *, *, #290, .F. ) ;
#1647 = COORDINATED_UNIVERSAL_TIME_OFFSET ( 8, 0, .AHEAD. ) ;
#1648 = AXIS2_PLACEMENT_3D ( 'NONE', #2279, #386, #3135 ) ;
#1649 = VECTOR ( 'NONE', #3111, 1000.000000000000000 ) ;
#1650 = VERTEX_POINT ( 'NONE', #888 ) ;
#1651 = DIRECTION ( 'NONE',  ( 0.000000000000000000, 1.000000000000000000, 0.000000000000000000 ) ) ;
#1652 = CARTESIAN_POINT ( 'NONE',  ( -143.3197999999999865, -29.19743877900000228, 23.65745920200000185 ) ) ;
#1653 = VERTEX_POINT ( 'NONE', #1961 ) ;
#1654 = EDGE_CURVE ( 'NONE', #2334, #1778, #3483, .T. ) ;
#1655 = ORIENTED_EDGE ( 'NONE', *, *, #1175, .T. ) ;
#1656 = CARTESIAN_POINT ( 'NONE',  ( -143.9197999999999809, -2.003388778999999786, 24.25745920200000327 ) ) ;
#1657 = LINE ( 'NONE', #1747, #1868 ) ;
#1658 = ORIENTED_EDGE ( 'NONE', *, *, #2008, .T. ) ;
#1659 = ADVANCED_FACE ( 'NONE', ( #2688 ), #601, .F. ) ;
#1660 = CARTESIAN_POINT ( 'NONE',  ( 141.9198000000000093, -31.19405000000000072, 23.65745920200000185 ) ) ;
#1661 = ORIENTED_EDGE ( 'NONE', *, *, #3269, .T. ) ;
#1662 = ORIENTED_EDGE ( 'NONE', *, *, #3060, .F. ) ;
#1663 = DIRECTION ( 'NONE',  ( 1.000000000000000000, 0.000000000000000000, 0.000000000000000000 ) ) ;
#1664 = VECTOR ( 'NONE', #1214, 1000.000000000000000 ) ;
#1665 = VERTEX_POINT ( 'NONE', #3356 ) ;
#1666 = ORIENTED_EDGE ( 'NONE', *, *, #2779, .F. ) ;
#1667 = DIRECTION ( 'NONE',  ( 0.7071067811865475727, 0.000000000000000000, -0.7071067811865475727 ) ) ;
#1668 = AXIS2_PLACEMENT_3D ( 'NONE', #533, #2436, #2443 ) ;
#1669 = CARTESIAN_POINT ( 'NONE',  ( 146.7198000000000206, 25.36863622099999915, 5.757459202000000609 ) ) ;
#1670 = AXIS2_PLACEMENT_3D ( 'NONE', #2062, #432, #2342 ) ;
#1671 = EDGE_CURVE ( 'NONE', #1178, #1199, #926, .T. ) ;
#1672 = ORIENTED_EDGE ( 'NONE', *, *, #1559, .F. ) ;
#1673 = DIRECTION ( 'NONE',  ( 0.7071067811865671127, -0.000000000000000000, 0.7071067811865280328 ) ) ;
#1674 = ADVANCED_FACE ( 'NONE', ( #2185 ), #2813, .T. ) ;
#1675 = DIRECTION ( 'NONE',  ( 0.000000000000000000, 0.7071067811865474617, 0.7071067811865474617 ) ) ;
#1676 = VERTEX_POINT ( 'NONE', #1421 ) ;
#1677 = DIRECTION ( 'NONE',  ( 0.000000000000000000, 0.000000000000000000, -1.000000000000000000 ) ) ;
#1678 = CIRCLE ( 'NONE', #2010, 2.599999999999998312 ) ;
#1679 = LINE ( 'NONE', #1275, #567 ) ;
#1680 = ORIENTED_EDGE ( 'NONE', *, *, #790, .F. ) ;
#1681 = DIRECTION ( 'NONE',  ( 0.000000000000000000, -1.000000000000000000, 0.000000000000000000 ) ) ;
#1682 = FACE_OUTER_BOUND ( 'NONE', #3108, .T. ) ;
#1683 = FACE_OUTER_BOUND ( 'NONE', #919, .T. ) ;
#1684 = FACE_OUTER_BOUND ( 'NONE', #2503, .T. ) ;
#1685 = EDGE_LOOP ( 'NONE', ( #548, #1522, #2252, #1429 ) ) ;
#1686 = EDGE_CURVE ( 'NONE', #2453, #2533, #676, .T. ) ;
#1687 = LOCAL_TIME ( 11, 18, 25.00000000000000000, #1647 ) ;
#1688 = DIRECTION ( 'NONE',  ( 0.000000000000000000, 0.000000000000000000, 1.000000000000000000 ) ) ;
#1689 = LINE ( 'NONE', #3437, #1518 ) ;
#1690 = CARTESIAN_POINT ( 'NONE',  ( 148.6697999990000199, 0.000000000000000000, 22.26750970799997731 ) ) ;
#1691 = ORIENTED_EDGE ( 'NONE', *, *, #1625, .T. ) ;
#1692 = DIRECTION ( 'NONE',  ( 0.000000000000000000, 0.7071067811865474617, -0.7071067811865474617 ) ) ;
#1693 = AXIS2_PLACEMENT_3D ( 'NONE', #3034, #1899, #1412 ) ;
#1694 = EDGE_CURVE ( 'NONE', #806, #1178, #2767, .T. ) ;
#1695 = ORIENTED_EDGE ( 'NONE', *, *, #3416, .F. ) ;
#1696 = DIRECTION ( 'NONE',  ( 0.000000000000000000, -1.000000000000000000, 0.000000000000000000 ) ) ;
#1697 = DIRECTION ( 'NONE',  ( 0.000000000000000000, 0.000000000000000000, -1.000000000000000000 ) ) ;
#1698 = ORIENTED_EDGE ( 'NONE', *, *, #3284, .T. ) ;
#1699 = LINE ( 'NONE', #1458, #1910 ) ;
#1700 = AXIS2_PLACEMENT_3D ( 'NONE', #3353, #3093, #2548 ) ;
#1701 = DIRECTION ( 'NONE',  ( -1.000000000000000000, 0.000000000000000000, 0.000000000000000000 ) ) ;
#1702 = DIRECTION ( 'NONE',  ( 0.000000000000000000, -0.7071067811865475727, 0.7071067811865475727 ) ) ;
#1703 = ORIENTED_EDGE ( 'NONE', *, *, #1754, .T. ) ;
#1704 = VERTEX_POINT ( 'NONE', #1160 ) ;
#1705 = ORIENTED_EDGE ( 'NONE', *, *, #2472, .T. ) ;
#1706 = CARTESIAN_POINT ( 'NONE',  ( -146.7198000000000206, -52.24743877900000655, 5.557459201999999543 ) ) ;
#1707 = ORIENTED_EDGE ( 'NONE', *, *, #3094, .F. ) ;
#1708 = EDGE_CURVE ( 'NONE', #833, #456, #1627, .T. ) ;
#1709 = FACE_OUTER_BOUND ( 'NONE', #379, .T. ) ;
#1710 = DIRECTION ( 'NONE',  ( 0.000000000000000000, -0.8660254037844394848, -0.4999999999999985012 ) ) ;
#1711 = VECTOR ( 'NONE', #2583, 1000.000000000000000 ) ;
#1712 = AXIS2_PLACEMENT_3D ( 'NONE', #1738, #661, #3091 ) ;
#1713 = CIRCLE ( 'NONE', #1376, 2.000000000000001776 ) ;
#1714 = PLANE ( 'NONE',  #434 ) ;
#1715 = ORIENTED_EDGE ( 'NONE', *, *, #3050, .F. ) ;
#1716 = PLANE ( 'NONE',  #2393 ) ;
#1717 = EDGE_CURVE ( 'NONE', #3306, #1993, #2984, .T. ) ;
#1718 = DIRECTION ( 'NONE',  ( 0.000000000000000000, -0.7071067811865474617, -0.7071067811865474617 ) ) ;
#1719 = VERTEX_POINT ( 'NONE', #1453 ) ;
#1720 = DIRECTION ( 'NONE',  ( 1.000000000000000000, 0.000000000000000000, 0.000000000000000000 ) ) ;
#1721 = DIRECTION ( 'NONE',  ( 0.7071067811865474617, 0.000000000000000000, -0.7071067811865474617 ) ) ;
#1722 = VERTEX_POINT ( 'NONE', #372 ) ;
#1723 = FACE_OUTER_BOUND ( 'NONE', #561, .T. ) ;
#1724 = CARTESIAN_POINT ( 'NONE',  ( -148.8697999999999979, 1.549999999999999378, 5.714565985000024106 ) ) ;
#1725 = CIRCLE ( 'NONE', #2902, 5.292893220000011389 ) ;
#1726 = ORIENTED_EDGE ( 'NONE', *, *, #2838, .T. ) ;
#1727 = DIRECTION ( 'NONE',  ( 1.000000000000000000, -0.000000000000000000, 0.000000000000000000 ) ) ;
#1728 = VECTOR ( 'NONE', #2459, 1000.000000000000000 ) ;
#1729 = ORIENTED_EDGE ( 'NONE', *, *, #2058, .F. ) ;
#1730 = LINE ( 'NONE', #933, #1212 ) ;
#1731 = DIRECTION ( 'NONE',  ( 0.000000000000000000, 0.000000000000000000, -1.000000000000000000 ) ) ;
#1732 = ADVANCED_FACE ( 'NONE', ( #3283 ), #2273, .F. ) ;
#1733 = EDGE_CURVE ( 'NONE', #2588, #2593, #721, .T. ) ;
#1734 = CARTESIAN_POINT ( 'NONE',  ( 149.3126932190000105, -52.74743877900000655, 5.557459201999999543 ) ) ;
#1735 = ORIENTED_EDGE ( 'NONE', *, *, #2805, .F. ) ;
#1736 = DIRECTION ( 'NONE',  ( -0.000000000000000000, 1.000000000000000000, -0.000000000000000000 ) ) ;
#1737 = ORIENTED_EDGE ( 'NONE', *, *, #2265, .F. ) ;
#1738 = CARTESIAN_POINT ( 'NONE',  ( -4.830000000000000071, -51.44743877900000228, 20.80745920200000043 ) ) ;
#1739 = EDGE_CURVE ( 'NONE', #105, #1676, #2806, .T. ) ;
#1740 = PLANE ( 'NONE',  #40 ) ;
#1741 = ORIENTED_EDGE ( 'NONE', *, *, #3014, .F. ) ;
#1742 = CARTESIAN_POINT ( 'NONE',  ( 115.5207902189999913, -33.19405000000000427, 18.65745920200000185 ) ) ;
#1743 = ORIENTED_EDGE ( 'NONE', *, *, #2277, .T. ) ;
#1744 = CARTESIAN_POINT ( 'NONE',  ( -148.4298505059999798, -52.74743877900000655, 24.25745920299999980 ) ) ;
#1745 = ORIENTED_EDGE ( 'NONE', *, *, #2224, .T. ) ;
#1746 = DIRECTION ( 'NONE',  ( -1.000000000000000000, 0.000000000000000000, 0.000000000000000000 ) ) ;
#1747 = CARTESIAN_POINT ( 'NONE',  ( 149.4697999990000028, 17.00000000000000000, 5.714565981999999877 ) ) ;
#1748 = ORIENTED_EDGE ( 'NONE', *, *, #2796, .T. ) ;
#1749 = EDGE_LOOP ( 'NONE', ( #353, #2655, #2256, #1638 ) ) ;
#1750 = VERTEX_POINT ( 'NONE', #2827 ) ;
#1751 = CARTESIAN_POINT ( 'NONE',  ( 145.4697999990000028, 1.800000000000000266, 22.26750970799997731 ) ) ;
#1752 = CARTESIAN_POINT ( 'NONE',  ( 146.7198000000000206, -21.00338877899999801, 18.25745920199999972 ) ) ;
#1753 = DIRECTION ( 'NONE',  ( 0.000000000000000000, -1.000000000000000000, 0.000000000000000000 ) ) ;
#1754 = EDGE_CURVE ( 'NONE', #2213, #73, #1769, .T. ) ;
#1755 = CARTESIAN_POINT ( 'NONE',  ( -115.1197999999999979, -33.19743877900000228, 18.45745920200000256 ) ) ;
#1756 = ORIENTED_EDGE ( 'NONE', *, *, #2599, .T. ) ;
#1757 = DIRECTION ( 'NONE',  ( 0.000000000000000000, 0.000000000000000000, 1.000000000000000000 ) ) ;
#1758 = LINE ( 'NONE', #2649, #1037 ) ;
#1759 = FACE_OUTER_BOUND ( 'NONE', #49, .T. ) ;
#1760 = AXIS2_PLACEMENT_3D ( 'NONE', #530, #1667, #1904 ) ;
#1761 = CARTESIAN_POINT ( 'NONE',  ( 146.2697999989999857, 1.800000000000000266, 22.26750970799997731 ) ) ;
#1762 = DIRECTION ( 'NONE',  ( -1.000000000000000000, -0.000000000000000000, -0.000000000000000000 ) ) ;
#1763 = EDGE_CURVE ( 'NONE', #1406, #3275, #3126, .T. ) ;
#1764 = DIRECTION ( 'NONE',  ( 0.000000000000000000, 0.000000000000000000, -1.000000000000000000 ) ) ;
#1765 = AXIS2_PLACEMENT_3D ( 'NONE', #2718, #1905, #260 ) ;
#1766 = VECTOR ( 'NONE', #581, 1000.000000000000000 ) ;
#1767 = ORIENTED_EDGE ( 'NONE', *, *, #1930, .T. ) ;
#1768 = FACE_OUTER_BOUND ( 'NONE', #794, .T. ) ;
#1769 = LINE ( 'NONE', #1742, #826 ) ;
#1770 = CARTESIAN_POINT ( 'NONE',  ( -112.9197999999999951, -48.24743877899999944, 24.25745920200000327 ) ) ;
#1771 = VECTOR ( 'NONE', #769, 1000.000000000000000 ) ;
#1772 = ORIENTED_EDGE ( 'NONE', *, *, #3238, .T. ) ;
#1773 = APPROVAL_DATE_TIME ( #702, #3065 ) ;
#1774 = CARTESIAN_POINT ( 'NONE',  ( 0.2149999999999999967, -51.44743877900000228, 22.65745920200000185 ) ) ;
#1775 = ORIENTED_EDGE ( 'NONE', *, *, #1060, .T. ) ;
#1776 = DIRECTION ( 'NONE',  ( 0.000000000000000000, 0.000000000000000000, 1.000000000000000000 ) ) ;
#1777 = EDGE_CURVE ( 'NONE', #606, #3271, #1809, .T. ) ;
#1778 = VERTEX_POINT ( 'NONE', #1236 ) ;
#1779 = DIRECTION ( 'NONE',  ( -1.000000000000000000, 0.000000000000000000, 0.000000000000000000 ) ) ;
#1780 = CARTESIAN_POINT ( 'NONE',  ( 149.4697999990000028, 1.800000000000000044, 22.26750970799997731 ) ) ;
#1781 = AXIS2_PLACEMENT_3D ( 'NONE', #1124, #1411, #317 ) ;
#1782 = DIRECTION ( 'NONE',  ( -0.000000000000000000, -0.4999999999999985012, 0.8660254037844394848 ) ) ;
#1783 = ORIENTED_EDGE ( 'NONE', *, *, #2599, .F. ) ;
#1784 = ORIENTED_EDGE ( 'NONE', *, *, #1686, .F. ) ;
#1785 = ADVANCED_FACE ( 'NONE', ( #1723 ), #3398, .F. ) ;
#1786 = DIRECTION ( 'NONE',  ( 0.7071067811865474617, -0.000000000000000000, 0.7071067811865474617 ) ) ;
#1787 = VECTOR ( 'NONE', #3334, 1000.000000000000000 ) ;
#1788 = EDGE_CURVE ( 'NONE', #3271, #2157, #231, .T. ) ;
#1789 = EDGE_LOOP ( 'NONE', ( #3189, #2501, #365, #2350 ) ) ;
#1790 = ORIENTED_EDGE ( 'NONE', *, *, #3166, .T. ) ;
#1791 = DATE_TIME_ROLE ( 'creation_date' ) ;
#1792 = DIRECTION ( 'NONE',  ( -1.000000000000000000, 0.000000000000000000, 0.000000000000000000 ) ) ;
#1793 = CIRCLE ( 'NONE', #3348, 1.800000000000002931 ) ;
#1794 = DIRECTION ( 'NONE',  ( 0.000000000000000000, 0.7071067811865474617, -0.7071067811865474617 ) ) ;
#1795 = ORIENTED_EDGE ( 'NONE', *, *, #3374, .T. ) ;
#1796 = EDGE_CURVE ( 'NONE', #3306, #495, #2326, .T. ) ;
#1797 =( NAMED_UNIT ( * ) PLANE_ANGLE_UNIT ( ) SI_UNIT ( $, .RADIAN. ) );
#1798 = ADVANCED_FACE ( 'NONE', ( #1604 ), #686, .F. ) ;
#1799 = DIRECTION ( 'NONE',  ( 0.000000000000000000, 1.000000000000000000, 0.000000000000000000 ) ) ;
#1800 = PLANE ( 'NONE',  #2285 ) ;
#1801 = ORIENTED_EDGE ( 'NONE', *, *, #2133, .T. ) ;
#1802 = CARTESIAN_POINT ( 'NONE',  ( 143.9197999999999809, -20.30338877899999872, 5.757459202000000609 ) ) ;
#1803 = FACE_OUTER_BOUND ( 'NONE', #2432, .T. ) ;
#1804 = EDGE_CURVE ( 'NONE', #2635, #2028, #180, .T. ) ;
#1805 = VECTOR ( 'NONE', #1082, 1000.000000000000114 ) ;
#1806 = ORIENTED_EDGE ( 'NONE', *, *, #2140, .T. ) ;
#1807 = CARTESIAN_POINT ( 'NONE',  ( 149.3126932190000105, 1.799999999999999600, 5.557459201999999543 ) ) ;
#1808 = VECTOR ( 'NONE', #1297, 1000.000000000000000 ) ;
#1809 = LINE ( 'NONE', #118, #3256 ) ;
#1810 = CARTESIAN_POINT ( 'NONE',  ( -4.830000000000000071, -56.74743877899999944, 22.65745920200000185 ) ) ;
#1811 = DIRECTION ( 'NONE',  ( 0.000000000000000000, 0.000000000000000000, -1.000000000000000000 ) ) ;
#1812 = VECTOR ( 'NONE', #210, 1000.000000000000000 ) ;
#1813 = ORIENTED_EDGE ( 'NONE', *, *, #1788, .T. ) ;
#1814 = AXIS2_PLACEMENT_3D ( 'NONE', #457, #158, #2891 ) ;
#1815 = MECHANICAL_CONTEXT ( 'NONE', #2386, 'mechanical' ) ;
#1816 = DIRECTION ( 'NONE',  ( 0.000000000000000000, 0.5773502690291379968, -0.8164965810412080360 ) ) ;
#1817 = LINE ( 'NONE', #3033, #618 ) ;
#1818 = VERTEX_POINT ( 'NONE', #2303 ) ;
#1819 = DIRECTION ( 'NONE',  ( -0.000000000000000000, 1.000000000000000000, 0.000000000000000000 ) ) ;
#1820 = LINE ( 'NONE', #651, #3184 ) ;
#1821 = EDGE_LOOP ( 'NONE', ( #1158, #875, #3182, #1594 ) ) ;
#1822 = ADVANCED_FACE ( 'NONE', ( #821 ), #1247, .F. ) ;
#1823 = CARTESIAN_POINT ( 'NONE',  ( -148.8697999999999979, 3.100000000000000089, 22.26750970799999862 ) ) ;
#1824 = EDGE_CURVE ( 'NONE', #2431, #1818, #528, .T. ) ;
#1825 = CARTESIAN_POINT ( 'NONE',  ( 146.2697999989999857, 1.800000000000000266, 5.557459201999999543 ) ) ;
#1826 = APPLICATION_CONTEXT ( 'configuration controlled 3d designs of mechanical parts and assemblies' ) ;
#1827 = ORIENTED_EDGE ( 'NONE', *, *, #638, .F. ) ;
#1828 = CARTESIAN_POINT ( 'NONE',  ( -143.3197999999999865, 0.000000000000000000, 0.2574592019999999981 ) ) ;
#1829 = EDGE_CURVE ( 'NONE', #3071, #3306, #2908, .T. ) ;
#1830 = ORIENTED_EDGE ( 'NONE', *, *, #1372, .F. ) ;
#1831 = ORIENTED_EDGE ( 'NONE', *, *, #242, .F. ) ;
#1832 = VECTOR ( 'NONE', #1816, 1000.000000000000000 ) ;
#1833 = ORIENTED_EDGE ( 'NONE', *, *, #756, .F. ) ;
#1834 = ORIENTED_EDGE ( 'NONE', *, *, #2387, .F. ) ;
#1835 = EDGE_CURVE ( 'NONE', #866, #669, #1087, .T. ) ;
#1836 = CARTESIAN_POINT ( 'NONE',  ( -146.5198000000000036, 3.100000000000000089, 19.49622841588981714 ) ) ;
#1837 = AXIS2_PLACEMENT_3D ( 'NONE', #1224, #3155, #380 ) ;
#1838 = ORIENTED_EDGE ( 'NONE', *, *, #33, .T. ) ;
#1839 = CARTESIAN_POINT ( 'NONE',  ( -148.8697999999999979, 17.00000000000000000, 5.714565985000024106 ) ) ;
#1840 = CARTESIAN_POINT ( 'NONE',  ( 5.259999999999999787, -50.24743877899999944, 19.65745920200000185 ) ) ;
#1841 = CARTESIAN_POINT ( 'NONE',  ( -141.3197999999999865, -31.39743877900000157, 18.45745920200000256 ) ) ;
#1842 = CARTESIAN_POINT ( 'NONE',  ( 136.5149060519999864, -56.74743877899999944, 19.65745920200000185 ) ) ;
#1843 = PLANE ( 'NONE',  #2004 ) ;
#1844 = CARTESIAN_POINT ( 'NONE',  ( -146.5198000000000036, -14.12541377900000050, 7.987459202000001035 ) ) ;
#1845 = FACE_OUTER_BOUND ( 'NONE', #2674, .T. ) ;
#1846 = CARTESIAN_POINT ( 'NONE',  ( 146.7198000000000206, 25.36863622099999915, 18.25745920199999972 ) ) ;
#1847 = CARTESIAN_POINT ( 'NONE',  ( -0.05000000000000000278, 0.000000000000000000, 5.557459201999999543 ) ) ;
#1848 = DIRECTION ( 'NONE',  ( 0.000000000000000000, 0.000000000000000000, 1.000000000000000000 ) ) ;
#1849 = ORIENTED_EDGE ( 'NONE', *, *, #1717, .F. ) ;
#1850 = DIRECTION ( 'NONE',  ( -0.6785983445273328085, -0.2810846378042149429, 0.6785983445273328085 ) ) ;
#1851 = CARTESIAN_POINT ( 'NONE',  ( 136.5149060519999864, -50.24743877899999944, 19.65745920200000185 ) ) ;
#1852 = VECTOR ( 'NONE', #863, 1000.000000000000114 ) ;
#1853 = DIRECTION ( 'NONE',  ( 1.000000000000000000, 0.000000000000000000, 0.000000000000000000 ) ) ;
#1854 = LINE ( 'NONE', #672, #1643 ) ;
#1855 = ORIENTED_EDGE ( 'NONE', *, *, #2359, .F. ) ;
#1856 = EDGE_CURVE ( 'NONE', #1615, #2803, #1641, .T. ) ;
#1857 = VECTOR ( 'NONE', #3372, 1000.000000000000000 ) ;
#1858 = DIRECTION ( 'NONE',  ( -0.000000000000000000, 0.7071067811865475727, 0.7071067811865475727 ) ) ;
#1859 = FACE_OUTER_BOUND ( 'NONE', #1246, .T. ) ;
#1860 = ORIENTED_EDGE ( 'NONE', *, *, #2490, .T. ) ;
#1861 = DIRECTION ( 'NONE',  ( 0.000000000000000000, -1.000000000000000000, 0.000000000000000000 ) ) ;
#1862 = VECTOR ( 'NONE', #75, 1000.000000000000000 ) ;
#1863 = ORIENTED_EDGE ( 'NONE', *, *, #2550, .T. ) ;
#1864 = CARTESIAN_POINT ( 'NONE',  ( 137.5149060519999864, -50.24743877899999944, 18.45745920200000256 ) ) ;
#1865 = DIRECTION ( 'NONE',  ( 0.000000000000000000, 0.000000000000000000, 1.000000000000000000 ) ) ;
#1866 = ORIENTED_EDGE ( 'NONE', *, *, #301, .F. ) ;
#1867 = ORIENTED_EDGE ( 'NONE', *, *, #3521, .F. ) ;
#1868 = VECTOR ( 'NONE', #124, 1000.000000000000000 ) ;
#1869 = CARTESIAN_POINT ( 'NONE',  ( 146.5198000000000036, -21.00338877899999801, 18.45745920200000256 ) ) ;
#1870 = EDGE_CURVE ( 'NONE', #1109, #936, #2530, .T. ) ;
#1871 = ORIENTED_EDGE ( 'NONE', *, *, #583, .F. ) ;
#1872 = CARTESIAN_POINT ( 'NONE',  ( -116.9198000000000093, -31.19743877900000228, 23.65745920200000185 ) ) ;
#1873 = CARTESIAN_POINT ( 'NONE',  ( -150.4197999999999809, 28.86863622099999915, 18.95745920199999901 ) ) ;
#1874 = ADVANCED_FACE ( 'NONE', ( #2017 ), #3452, .T. ) ;
#1875 = DIRECTION ( 'NONE',  ( 1.000000000000000000, -0.000000000000000000, -0.000000000000000000 ) ) ;
#1876 = ORIENTED_EDGE ( 'NONE', *, *, #3507, .T. ) ;
#1877 = VERTEX_POINT ( 'NONE', #2645 ) ;
#1878 = AXIS2_PLACEMENT_3D ( 'NONE', #3088, #2834, #112 ) ;
#1879 = EDGE_CURVE ( 'NONE', #2028, #3482, #2448, .T. ) ;
#1880 = CARTESIAN_POINT ( 'NONE',  ( 145.4697999990000028, 1.800000000000000266, 22.26750970799997731 ) ) ;
#1881 = DIRECTION ( 'NONE',  ( -0.5773502691896257311, -0.5773502691896257311, 0.5773502691896257311 ) ) ;
#1882 = CARTESIAN_POINT ( 'NONE',  ( -146.5198000000000036, 1.500000000000008882, 22.26750970799999862 ) ) ;
#1883 = AXIS2_PLACEMENT_3D ( 'NONE', #2734, #3003, #1651 ) ;
#1884 = LINE ( 'NONE', #1601, #515 ) ;
#1885 = PLANE ( 'NONE',  #1054 ) ;
#1886 = CARTESIAN_POINT ( 'NONE',  ( 144.1197999999999979, -29.19405000000000072, 18.45745920200000256 ) ) ;
#1887 = ORIENTED_EDGE ( 'NONE', *, *, #3072, .T. ) ;
#1888 = ORIENTED_EDGE ( 'NONE', *, *, #2206, .F. ) ;
#1889 = EDGE_CURVE ( 'NONE', #3299, #3028, #2068, .T. ) ;
#1890 = ADVANCED_FACE ( 'NONE', ( #2199 ), #2114, .F. ) ;
#1891 = VECTOR ( 'NONE', #2451, 1000.000000000000000 ) ;
#1892 = ORIENTED_EDGE ( 'NONE', *, *, #2125, .F. ) ;
#1893 = FACE_OUTER_BOUND ( 'NONE', #1365, .T. ) ;
#1894 = VECTOR ( 'NONE', #3476, 1000.000000000000114 ) ;
#1895 = LINE ( 'NONE', #1451, #3257 ) ;
#1896 = CARTESIAN_POINT ( 'NONE',  ( 141.9198000000000093, -29.19405000000000072, 24.25745920200000327 ) ) ;
#1897 = VECTOR ( 'NONE', #2340, 1000.000000000000000 ) ;
#1898 = ORIENTED_EDGE ( 'NONE', *, *, #1708, .T. ) ;
#1899 = DIRECTION ( 'NONE',  ( 0.000000000000000000, 0.000000000000000000, -1.000000000000000000 ) ) ;
#1900 = EDGE_CURVE ( 'NONE', #1600, #978, #698, .T. ) ;
#1901 = FACE_OUTER_BOUND ( 'NONE', #2336, .T. ) ;
#1902 = VERTEX_POINT ( 'NONE', #1292 ) ;
#1903 = FACE_OUTER_BOUND ( 'NONE', #12, .T. ) ;
#1904 = DIRECTION ( 'NONE',  ( 0.000000000000000000, -1.000000000000000000, 0.000000000000000000 ) ) ;
#1905 = DIRECTION ( 'NONE',  ( 0.000000000000000000, 0.000000000000000000, 1.000000000000000000 ) ) ;
#1906 = ORIENTED_EDGE ( 'NONE', *, *, #1879, .T. ) ;
#1907 = DIRECTION ( 'NONE',  ( 0.000000000000000000, -1.000000000000000000, 0.000000000000000000 ) ) ;
#1908 = ORIENTED_EDGE ( 'NONE', *, *, #518, .F. ) ;
#1909 = ADVANCED_FACE ( 'NONE', ( #3501 ), #1281, .T. ) ;
#1910 = VECTOR ( 'NONE', #1736, 1000.000000000000000 ) ;
#1911 = CARTESIAN_POINT ( 'NONE',  ( 149.4697999990000028, 1.800000000000000044, 22.26750970799997731 ) ) ;
#1912 = EDGE_LOOP ( 'NONE', ( #2710, #2731, #1437, #3124 ) ) ;
#1913 = VERTEX_POINT ( 'NONE', #1545 ) ;
#1914 = ORIENTED_EDGE ( 'NONE', *, *, #3247, .T. ) ;
#1915 = EDGE_CURVE ( 'NONE', #1186, #2533, #8, .T. ) ;
#1916 = VECTOR ( 'NONE', #2097, 1000.000000000000000 ) ;
#1917 = ORIENTED_EDGE ( 'NONE', *, *, #3355, .F. ) ;
#1918 = ORIENTED_EDGE ( 'NONE', *, *, #3077, .F. ) ;
#1919 = DIRECTION ( 'NONE',  ( 0.000000000000000000, 0.000000000000000000, 1.000000000000000000 ) ) ;
#1920 = AXIS2_PLACEMENT_3D ( 'NONE', #1576, #1811, #3185 ) ;
#1921 = EDGE_CURVE ( 'NONE', #1994, #443, #740, .T. ) ;
#1922 = CARTESIAN_POINT ( 'NONE',  ( -148.0698000000000150, 0.000000000000000000, 5.557459201999999543 ) ) ;
#1923 = ADVANCED_FACE ( 'NONE', ( #2372 ), #648, .T. ) ;
#1924 = CC_DESIGN_PERSON_AND_ORGANIZATION_ASSIGNMENT ( #3339, #146, ( #1066 ) ) ;
#1925 = DIRECTION ( 'NONE',  ( -0.7071067811865474617, 0.000000000000000000, -0.7071067811865474617 ) ) ;
#1926 = CARTESIAN_POINT ( 'NONE',  ( 117.5207902190000055, -33.19405000000000427, 24.25745920200000327 ) ) ;
#1927 = ORIENTED_EDGE ( 'NONE', *, *, #1413, .T. ) ;
#1928 = LINE ( 'NONE', #3325, #1161 ) ;
#1929 = VECTOR ( 'NONE', #1599, 1000.000000000000000 ) ;
#1930 = EDGE_CURVE ( 'NONE', #1944, #3299, #1301, .T. ) ;
#1931 = LINE ( 'NONE', #2421, #2958 ) ;
#1932 = DIRECTION ( 'NONE',  ( 1.000000000000000000, 0.000000000000000000, 0.000000000000000000 ) ) ;
#1933 = VERTEX_POINT ( 'NONE', #2618 ) ;
#1934 = VECTOR ( 'NONE', #1058, 1000.000000000000000 ) ;
#1935 = AXIS2_PLACEMENT_3D ( 'NONE', #3206, #2950, #1036 ) ;
#1936 = FACE_OUTER_BOUND ( 'NONE', #879, .T. ) ;
#1937 = ORIENTED_EDGE ( 'NONE', *, *, #1879, .F. ) ;
#1938 = EDGE_CURVE ( 'NONE', #3359, #2061, #1254, .T. ) ;
#1939 = LINE ( 'NONE', #1502, #17 ) ;
#1940 = ADVANCED_FACE ( 'NONE', ( #1511 ), #3195, .F. ) ;
#1941 = ORIENTED_EDGE ( 'NONE', *, *, #1610, .F. ) ;
#1942 = EDGE_CURVE ( 'NONE', #2173, #551, #2707, .T. ) ;
#1943 = AXIS2_PLACEMENT_3D ( 'NONE', #2274, #119, #2851 ) ;
#1944 = VERTEX_POINT ( 'NONE', #2407 ) ;
#1945 = DIRECTION ( 'NONE',  ( 1.000000000000000000, 0.000000000000000000, 0.000000000000000000 ) ) ;
#1946 = ORIENTED_EDGE ( 'NONE', *, *, #3355, .T. ) ;
#1947 = PLANE ( 'NONE',  #1781 ) ;
#1948 = DIRECTION ( 'NONE',  ( -0.7071067811865474617, 0.000000000000000000, -0.7071067811865474617 ) ) ;
#1949 = ORIENTED_EDGE ( 'NONE', *, *, #565, .F. ) ;
#1950 = VERTEX_POINT ( 'NONE', #453 ) ;
#1951 = CARTESIAN_POINT ( 'NONE',  ( -148.0698000000000150, 1.500000000000009326, 22.26750970799999862 ) ) ;
#1952 = EDGE_CURVE ( 'NONE', #1496, #2128, #2818, .T. ) ;
#1953 = VECTOR ( 'NONE', #1850, 1000.000000000000000 ) ;
#1954 = VERTEX_POINT ( 'NONE', #2366 ) ;
#1955 = ORIENTED_EDGE ( 'NONE', *, *, #3374, .F. ) ;
#1956 = CARTESIAN_POINT ( 'NONE',  ( -150.4197999970000126, -52.74743877900000655, 22.26750970500000193 ) ) ;
#1957 = CARTESIAN_POINT ( 'NONE',  ( -143.4197999999999809, -57.75748928499999835, 24.25745920200000327 ) ) ;
#1958 = DIRECTION ( 'NONE',  ( 0.000000000000000000, 1.000000000000000000, 0.000000000000000000 ) ) ;
#1959 = EDGE_CURVE ( 'NONE', #978, #2453, #2614, .T. ) ;
#1960 = VECTOR ( 'NONE', #1305, 1000.000000000000000 ) ;
#1961 = CARTESIAN_POINT ( 'NONE',  ( 115.7207902190000084, -33.19405000000000427, 18.45745920200000256 ) ) ;
#1962 = VECTOR ( 'NONE', #3148, 1000.000000000000000 ) ;
#1963 = CARTESIAN_POINT ( 'NONE',  ( -141.5198000000000036, -57.44743877900000228, 5.557459201999999543 ) ) ;
#1964 = CC_DESIGN_APPROVAL ( #2165, ( #2041 ) ) ;
#1965 = ORIENTED_EDGE ( 'NONE', *, *, #1175, .F. ) ;
#1966 = CARTESIAN_POINT ( 'NONE',  ( -146.5198000000000036, -43.62541377899999873, 9.782484455000000523 ) ) ;
#1967 = VECTOR ( 'NONE', #3294, 1000.000000000000114 ) ;
#1968 = FACE_OUTER_BOUND ( 'NONE', #1103, .T. ) ;
#1969 = DIRECTION ( 'NONE',  ( 1.000000000000000000, 0.000000000000000000, 0.000000000000000000 ) ) ;
#1970 = ORIENTED_EDGE ( 'NONE', *, *, #638, .T. ) ;
#1971 = CARTESIAN_POINT ( 'NONE',  ( 149.4697999990000028, 3.600000000000000089, 22.26750970799997731 ) ) ;
#1972 = LINE ( 'NONE', #1008, #697 ) ;
#1973 = LINE ( 'NONE', #166, #1258 ) ;
#1974 = ORIENTED_EDGE ( 'NONE', *, *, #178, .F. ) ;
#1975 = EDGE_CURVE ( 'NONE', #3397, #1279, #1678, .T. ) ;
#1976 = CARTESIAN_POINT ( 'NONE',  ( 149.4697999990000028, 3.600000000000000089, 18.80340809286220605 ) ) ;
#1977 = CARTESIAN_POINT ( 'NONE',  ( 136.5149060519999864, -42.24743877899999944, 19.45745920199999901 ) ) ;
#1978 = CIRCLE ( 'NONE', #3291, 2.000000000000001776 ) ;
#1979 = VERTEX_POINT ( 'NONE', #2928 ) ;
#1980 = VECTOR ( 'NONE', #2064, 1000.000000000000000 ) ;
#1981 = CARTESIAN_POINT ( 'NONE',  ( -115.5198000000000036, -48.24743877899999944, 24.25745920200000327 ) ) ;
#1982 = AXIS2_PLACEMENT_3D ( 'NONE', #974, #763, #216 ) ;
#1983 = EDGE_CURVE ( 'NONE', #669, #1410, #779, .T. ) ;
#1984 = ORIENTED_EDGE ( 'NONE', *, *, #1602, .F. ) ;
#1985 = CARTESIAN_POINT ( 'NONE',  ( 116.1207902189999999, -33.19405000000000427, 24.25745920200000327 ) ) ;
#1986 = CARTESIAN_POINT ( 'NONE',  ( 136.5149060519999864, -56.74743877899999944, 19.65745920200000185 ) ) ;
#1987 = ORIENTED_EDGE ( 'NONE', *, *, #1824, .F. ) ;
#1988 = DIRECTION ( 'NONE',  ( 0.000000000000000000, -1.000000000000000000, 0.000000000000000000 ) ) ;
#1989 = LINE ( 'NONE', #2610, #2253 ) ;
#1990 = AXIS2_PLACEMENT_3D ( 'NONE', #737, #688, #1549 ) ;
#1991 = CARTESIAN_POINT ( 'NONE',  ( 149.3126932190000105, 3.600000000000000089, 5.557459202000000431 ) ) ;
#1992 = CARTESIAN_POINT ( 'NONE',  ( -148.4298505059999798, -52.74743877900000655, 24.25745920299999980 ) ) ;
#1993 = VERTEX_POINT ( 'NONE', #1330 ) ;
#1994 = VERTEX_POINT ( 'NONE', #2142 ) ;
#1995 = ORIENTED_EDGE ( 'NONE', *, *, #1583, .T. ) ;
#1996 = FACE_OUTER_BOUND ( 'NONE', #2478, .T. ) ;
#1997 = CARTESIAN_POINT ( 'NONE',  ( -149.0662466089999896, -1.803388779000000053, 5.911012592999999704 ) ) ;
#1998 = VERTEX_POINT ( 'NONE', #2683 ) ;
#1999 = EDGE_CURVE ( 'NONE', #1665, #1877, #1424, .T. ) ;
#2000 = CARTESIAN_POINT ( 'NONE',  ( 146.5198000000000036, -21.00338877899999801, 18.45745920200000256 ) ) ;
#2001 = CARTESIAN_POINT ( 'NONE',  ( -143.3197999999999865, -2.003388778999999786, 18.65745920200000185 ) ) ;
#2002 = DIRECTION ( 'NONE',  ( -1.000000000000000000, 0.000000000000000000, 0.000000000000000000 ) ) ;
#2003 = VECTOR ( 'NONE', #3499, 1000.000000000000114 ) ;
#2004 = AXIS2_PLACEMENT_3D ( 'NONE', #2637, #1287, #3447 ) ;
#2005 = VERTEX_POINT ( 'NONE', #500 ) ;
#2006 = CARTESIAN_POINT ( 'NONE',  ( -143.4197999999999809, -59.74743877900000655, 22.26750970500000193 ) ) ;
#2007 = VECTOR ( 'NONE', #1570, 1000.000000000000000 ) ;
#2008 = EDGE_CURVE ( 'NONE', #2835, #950, #3413, .T. ) ;
#2009 = DIRECTION ( 'NONE',  ( -0.7071067811865474617, 0.000000000000000000, 0.7071067811865474617 ) ) ;
#2010 = AXIS2_PLACEMENT_3D ( 'NONE', #1588, #222, #3489 ) ;
#2011 = DIRECTION ( 'NONE',  ( 0.000000000000000000, 0.000000000000000000, 1.000000000000000000 ) ) ;
#2012 = ADVANCED_FACE ( 'NONE', ( #992 ), #1436, .F. ) ;
#2013 = CARTESIAN_POINT ( 'NONE',  ( -114.9198000000000093, -48.24743877899999944, 18.65745920200000185 ) ) ;
#2014 = ORIENTED_EDGE ( 'NONE', *, *, #1159, .T. ) ;
#2015 = DIRECTION ( 'NONE',  ( 1.000000000000000000, 0.000000000000000000, 0.000000000000000000 ) ) ;
#2016 = FACE_OUTER_BOUND ( 'NONE', #3193, .T. ) ;
#2017 = FACE_OUTER_BOUND ( 'NONE', #2179, .T. ) ;
#2018 = VECTOR ( 'NONE', #3270, 1000.000000000000000 ) ;
#2019 = DIRECTION ( 'NONE',  ( 0.000000000000000000, -1.000000000000000000, 0.000000000000000000 ) ) ;
#2020 = ORIENTED_EDGE ( 'NONE', *, *, #1049, .T. ) ;
#2021 = LINE ( 'NONE', #3226, #1391 ) ;
#2022 = CARTESIAN_POINT ( 'NONE',  ( 113.5207902189999913, -50.24743877899999944, 18.65745920200000185 ) ) ;
#2023 = CARTESIAN_POINT ( 'NONE',  ( -146.5198000000000036, -13.62541377900000050, 8.487459202000001923 ) ) ;
#2024 = LINE ( 'NONE', #1101, #15 ) ;
#2025 = ORIENTED_EDGE ( 'NONE', *, *, #20, .T. ) ;
#2026 = LINE ( 'NONE', #3261, #1313 ) ;
#2027 = AXIS2_PLACEMENT_3D ( 'NONE', #1439, #2032, #644 ) ;
#2028 = VERTEX_POINT ( 'NONE', #2799 ) ;
#2029 = DIRECTION ( 'NONE',  ( 0.7071067811865474617, 0.000000000000000000, 0.7071067811865474617 ) ) ;
#2030 = CONICAL_SURFACE ( 'NONE', #3268, 2.199999999999993516, 0.7853981625000003852 ) ;
#2031 = ORIENTED_EDGE ( 'NONE', *, *, #2257, .T. ) ;
#2032 = DIRECTION ( 'NONE',  ( 0.000000000000000000, 0.7071067811865475727, -0.7071067811865475727 ) ) ;
#2033 = AXIS2_PLACEMENT_3D ( 'NONE', #2237, #633, #909 ) ;
#2034 = EDGE_CURVE ( 'NONE', #963, #1994, #523, .T. ) ;
#2035 = VERTEX_POINT ( 'NONE', #2508 ) ;
#2036 = CARTESIAN_POINT ( 'NONE',  ( 126.4249060519999972, -56.74743877899999944, 22.65745920200000185 ) ) ;
#2037 = ORIENTED_EDGE ( 'NONE', *, *, #844, .T. ) ;
#2038 = CARTESIAN_POINT ( 'NONE',  ( 117.5207902190000055, -31.19405000000000072, 18.65745920200000185 ) ) ;
#2039 = VERTEX_POINT ( 'NONE', #325 ) ;
#2040 = CARTESIAN_POINT ( 'NONE',  ( -148.0698000000000150, 0.000000000000000000, 22.26750970799999862 ) ) ;
#2041 = PRODUCT_DEFINITION ( '未知', '', #1066, #2591 ) ;
#2042 = CARTESIAN_POINT ( 'NONE',  ( -4.830000000000000071, -56.74743877899999944, 19.65745920200000185 ) ) ;
#2043 = CARTESIAN_POINT ( 'NONE',  ( -112.9197999999999951, -50.24743877899999944, 18.65745920200000185 ) ) ;
#2044 = VERTEX_POINT ( 'NONE', #1991 ) ;
#2045 = ORIENTED_EDGE ( 'NONE', *, *, #1394, .T. ) ;
#2046 = VECTOR ( 'NONE', #1432, 1000.000000000000000 ) ;
#2047 = EDGE_LOOP ( 'NONE', ( #3375, #2538, #1707, #942 ) ) ;
#2048 = DIRECTION ( 'NONE',  ( -0.7071067811865474617, 0.000000000000000000, -0.7071067811865474617 ) ) ;
#2049 = DIRECTION ( 'NONE',  ( 0.000000000000000000, -1.000000000000000000, 0.000000000000000000 ) ) ;
#2050 = CARTESIAN_POINT ( 'NONE',  ( -112.9197999999999951, -48.24743877899999944, 23.65745920200000185 ) ) ;
#2051 = EDGE_CURVE ( 'NONE', #2884, #1007, #2658, .T. ) ;
#2052 = APPROVAL_ROLE ( '' ) ;
#2053 = ADVANCED_FACE ( 'NONE', ( #1803 ), #2486, .F. ) ;
#2054 = DIRECTION ( 'NONE',  ( 1.000000000000000000, 0.000000000000000000, -0.000000000000000000 ) ) ;
#2055 = VECTOR ( 'NONE', #2654, 1000.000000000000000 ) ;
#2056 = CARTESIAN_POINT ( 'NONE',  ( 144.1197999999999979, -20.22054606600000071, 5.557459201999999543 ) ) ;
#2057 = AXIS2_PLACEMENT_3D ( 'NONE', #3519, #255, #1034 ) ;
#2058 = EDGE_CURVE ( 'NONE', #1600, #1979, #46, .T. ) ;
#2059 = DIRECTION ( 'NONE',  ( -0.7071067811865474617, 0.7071067811865474617, 0.000000000000000000 ) ) ;
#2060 = CARTESIAN_POINT ( 'NONE',  ( 146.9197999999999809, -52.14743877899999802, 5.557459201999999543 ) ) ;
#2061 = VERTEX_POINT ( 'NONE', #593 ) ;
#2062 = CARTESIAN_POINT ( 'NONE',  ( 117.5207902190000055, -33.19405000000000427, 23.65745920200000185 ) ) ;
#2063 = AXIS2_PLACEMENT_3D ( 'NONE', #941, #1220, #3127 ) ;
#2064 = DIRECTION ( 'NONE',  ( 0.000000000000000000, -1.000000000000000000, 0.000000000000000000 ) ) ;
#2065 = CARTESIAN_POINT ( 'NONE',  ( -148.0698000000000150, 0.000000000000000000, 22.26750970799999862 ) ) ;
#2066 = CARTESIAN_POINT ( 'NONE',  ( -146.5198000000000036, -42.92541377899999588, 10.77243394899999984 ) ) ;
#2067 = LINE ( 'NONE', #1117, #1306 ) ;
#2068 = LINE ( 'NONE', #1318, #2868 ) ;
#2069 = CARTESIAN_POINT ( 'NONE',  ( -4.830000000000000071, -56.74743877899999944, 19.65745920200000185 ) ) ;
#2070 = LINE ( 'NONE', #1193, #1857 ) ;
#2071 = VECTOR ( 'NONE', #3183, 1000.000000000000000 ) ;
#2072 = EDGE_LOOP ( 'NONE', ( #2295, #2749, #2700, #256 ) ) ;
#2073 = ADVANCED_FACE ( 'NONE', ( #3076 ), #1165, .T. ) ;
#2074 = VECTOR ( 'NONE', #1948, 1000.000000000000114 ) ;
#2075 = ORIENTED_EDGE ( 'NONE', *, *, #2200, .T. ) ;
#2076 = DIRECTION ( 'NONE',  ( 0.000000000000000000, 0.000000000000000000, -1.000000000000000000 ) ) ;
#2077 = EDGE_CURVE ( 'NONE', #2744, #3240, #3494, .T. ) ;
#2078 = CIRCLE ( 'NONE', #2926, 4.799999999999998934 ) ;
#2079 = ORIENTED_EDGE ( 'NONE', *, *, #2699, .F. ) ;
#2080 = CARTESIAN_POINT ( 'NONE',  ( 146.9197999999999809, -20.80338877899999872, 5.557459201999999543 ) ) ;
#2081 = DIRECTION ( 'NONE',  ( 0.000000000000000000, 0.000000000000000000, -1.000000000000000000 ) ) ;
#2082 = AXIS2_PLACEMENT_3D ( 'NONE', #498, #508, #2404 ) ;
#2083 = CARTESIAN_POINT ( 'NONE',  ( -146.5198000000000036, -14.32541377799999971, 10.77243394899999984 ) ) ;
#2084 = ORIENTED_EDGE ( 'NONE', *, *, #2631, .F. ) ;
#2085 = FACE_OUTER_BOUND ( 'NONE', #570, .T. ) ;
#2086 = ORIENTED_EDGE ( 'NONE', *, *, #2631, .T. ) ;
#2087 = PLANE ( 'NONE',  #1352 ) ;
#2088 = EDGE_CURVE ( 'NONE', #3384, #889, #4, .T. ) ;
#2089 = CARTESIAN_POINT ( 'NONE',  ( -145.2247747469999979, -13.62541377900000050, 8.487459202000001923 ) ) ;
#2090 = ORIENTED_EDGE ( 'NONE', *, *, #812, .T. ) ;
#2091 = ORIENTED_EDGE ( 'NONE', *, *, #2745, .T. ) ;
#2092 = DIRECTION ( 'NONE',  ( 0.000000000000000000, 0.5773502692911697265, -0.8164965808559235816 ) ) ;
#2093 = PLANE ( 'NONE',  #2945 ) ;
#2094 = APPROVAL_STATUS ( 'not_yet_approved' ) ;
#2095 = CARTESIAN_POINT ( 'NONE',  ( 149.4697999990000028, 1.800000000000000044, 21.92109954648619663 ) ) ;
#2096 = ORIENTED_EDGE ( 'NONE', *, *, #539, .F. ) ;
#2097 = DIRECTION ( 'NONE',  ( 0.000000000000000000, 0.000000000000000000, 1.000000000000000000 ) ) ;
#2098 = ORIENTED_EDGE ( 'NONE', *, *, #798, .T. ) ;
#2099 = CARTESIAN_POINT ( 'NONE',  ( 137.5149060519999864, -41.24743877899999944, 18.45745920200000256 ) ) ;
#2100 = LINE ( 'NONE', #1057, #984 ) ;
#2101 = DIRECTION ( 'NONE',  ( 0.000000000000000000, -0.000000000000000000, 1.000000000000000000 ) ) ;
#2102 = EDGE_CURVE ( 'NONE', #3240, #1913, #82, .T. ) ;
#2103 = CARTESIAN_POINT ( 'NONE',  ( 116.1207902189999999, -48.24743877899999944, 24.25745920200000327 ) ) ;
#2104 = CARTESIAN_POINT ( 'NONE',  ( 141.6197999999999979, -52.14743877899999802, 18.95745920199999901 ) ) ;
#2105 = PLANE ( 'NONE',  #1135 ) ;
#2106 = EDGE_CURVE ( 'NONE', #1129, #3469, #2906, .T. ) ;
#2107 = ORIENTED_EDGE ( 'NONE', *, *, #2805, .T. ) ;
#2108 = ADVANCED_FACE ( 'NONE', ( #1759 ), #3087, .F. ) ;
#2109 = CARTESIAN_POINT ( 'NONE',  ( 143.9197999999999809, -2.003388778999999786, 5.757459202000000609 ) ) ;
#2110 = FACE_OUTER_BOUND ( 'NONE', #1434, .T. ) ;
#2111 = VECTOR ( 'NONE', #2127, 1000.000000000000000 ) ;
#2112 = CARTESIAN_POINT ( 'NONE',  ( -141.3197999999999865, -29.19743877900000228, 18.45745920200000256 ) ) ;
#2113 = LINE ( 'NONE', #2677, #1386 ) ;
#2114 = PLANE ( 'NONE',  #2531 ) ;
#2115 = FACE_OUTER_BOUND ( 'NONE', #1315, .T. ) ;
#2116 = ORIENTED_EDGE ( 'NONE', *, *, #2719, .T. ) ;
#2117 = DIRECTION ( 'NONE',  ( 0.000000000000000000, 1.000000000000000000, 0.000000000000000000 ) ) ;
#2118 = LINE ( 'NONE', #2193, #3222 ) ;
#2119 = CARTESIAN_POINT ( 'NONE',  ( 115.5207902189999913, -48.24743877899999944, 18.65745920200000185 ) ) ;
#2120 = LINE ( 'NONE', #616, #280 ) ;
#2121 = ORIENTED_EDGE ( 'NONE', *, *, #2534, .F. ) ;
#2122 = VECTOR ( 'NONE', #2880, 1000.000000000000114 ) ;
#2123 = VERTEX_POINT ( 'NONE', #1963 ) ;
#2124 = DIRECTION ( 'NONE',  ( 1.000000000000000000, 0.000000000000000000, 0.000000000000000000 ) ) ;
#2125 = EDGE_CURVE ( 'NONE', #2172, #65, #269, .T. ) ;
#2126 = ORIENTED_EDGE ( 'NONE', *, *, #2534, .T. ) ;
#2127 = DIRECTION ( 'NONE',  ( 0.8164965810412080360, 0.5773502690291379968, 0.000000000000000000 ) ) ;
#2128 = VERTEX_POINT ( 'NONE', #3051 ) ;
#2129 = ADVANCED_FACE ( 'NONE', ( #2313 ), #2517, .F. ) ;
#2130 = DIRECTION ( 'NONE',  ( 0.000000000000000000, 0.000000000000000000, 1.000000000000000000 ) ) ;
#2131 = AXIS2_PLACEMENT_3D ( 'NONE', #339, #3314, #1945 ) ;
#2132 = CARTESIAN_POINT ( 'NONE',  ( 144.1197999999999979, -20.50338877899999801, 18.45745920200000256 ) ) ;
#2133 = EDGE_CURVE ( 'NONE', #1232, #873, #3030, .T. ) ;
#2134 = CARTESIAN_POINT ( 'NONE',  ( 143.9197999999999809, -29.19405000000000072, 23.65745920200000185 ) ) ;
#2135 = ORIENTED_EDGE ( 'NONE', *, *, #1080, .F. ) ;
#2136 = VERTEX_POINT ( 'NONE', #705 ) ;
#2137 = ORIENTED_EDGE ( 'NONE', *, *, #2392, .F. ) ;
#2138 = PLANE ( 'NONE',  #3455 ) ;
#2139 = VERTEX_POINT ( 'NONE', #2249 ) ;
#2140 = EDGE_CURVE ( 'NONE', #1676, #2061, #106, .T. ) ;
#2141 = CARTESIAN_POINT ( 'NONE',  ( -150.4197999990000199, -52.74743877900000655, 7.264565986000000031 ) ) ;
#2142 = CARTESIAN_POINT ( 'NONE',  ( -141.5198000000000036, -57.24743877899999944, 5.757459202000000609 ) ) ;
#2143 = CARTESIAN_POINT ( 'NONE',  ( -148.0698000000000150, 1.512500000000006839, 22.24585907290539311 ) ) ;
#2144 = DIRECTION ( 'NONE',  ( 0.000000000000000000, 1.000000000000000000, 0.000000000000000000 ) ) ;
#2145 = VECTOR ( 'NONE', #557, 1000.000000000000114 ) ;
#2146 = EDGE_CURVE ( 'NONE', #145, #2128, #39, .T. ) ;
#2147 = ADVANCED_FACE ( 'NONE', ( #2900 ), #2240, .T. ) ;
#2148 = DIRECTION ( 'NONE',  ( 0.000000000000000000, 0.000000000000000000, 1.000000000000000000 ) ) ;
#2149 = FACE_OUTER_BOUND ( 'NONE', #2859, .T. ) ;
#2150 = PLANE ( 'NONE',  #1211 ) ;
#2151 = LINE ( 'NONE', #2464, #2524 ) ;
#2152 = DIRECTION ( 'NONE',  ( 1.000000000000000000, 0.000000000000000000, 0.000000000000000000 ) ) ;
#2153 = ORIENTED_EDGE ( 'NONE', *, *, #406, .F. ) ;
#2154 = CARTESIAN_POINT ( 'NONE',  ( 144.1197999999999979, -20.50338877899999801, 18.45745920200000256 ) ) ;
#2155 = CARTESIAN_POINT ( 'NONE',  ( 146.7198000000000206, 25.36863622099999915, 18.95745920199999901 ) ) ;
#2156 = LINE ( 'NONE', #3153, #2780 ) ;
#2157 = VERTEX_POINT ( 'NONE', #3118 ) ;
#2158 = EDGE_CURVE ( 'NONE', #154, #1109, #381, .T. ) ;
#2159 = CIRCLE ( 'NONE', #1693, 6.999999999999999112 ) ;
#2160 = VECTOR ( 'NONE', #1030, 1000.000000000000000 ) ;
#2161 = VECTOR ( 'NONE', #1461, 1000.000000000000000 ) ;
#2162 = ORIENTED_EDGE ( 'NONE', *, *, #3458, .F. ) ;
#2163 = DIRECTION ( 'NONE',  ( 0.000000000000000000, -0.7071067811865474617, -0.7071067811865474617 ) ) ;
#2164 = PERSON_AND_ORGANIZATION ( #133, #2968 ) ;
#2165 = APPROVAL ( #2094, '未指定' ) ;
#2166 = PLANE ( 'NONE',  #502 ) ;
#2167 = VECTOR ( 'NONE', #1696, 1000.000000000000000 ) ;
#2168 = EDGE_LOOP ( 'NONE', ( #3055, #405, #1524, #3097, #709, #1661, #2276 ) ) ;
#2169 = ADVANCED_FACE ( 'NONE', ( #3301 ), #2367, .F. ) ;
#2170 = CARTESIAN_POINT ( 'NONE',  ( 148.6697999990000199, 1.800000000000000044, 5.557459201999999543 ) ) ;
#2171 = CARTESIAN_POINT ( 'NONE',  ( -4.830000000000000071, -56.74743877899999944, 22.65745920200000185 ) ) ;
#2172 = VERTEX_POINT ( 'NONE', #3380 ) ;
#2173 = VERTEX_POINT ( 'NONE', #2596 ) ;
#2174 = DIRECTION ( 'NONE',  ( 0.000000000000000000, 1.000000000000000000, 0.000000000000000000 ) ) ;
#2175 = LINE ( 'NONE', #1187, #660 ) ;
#2176 = EDGE_CURVE ( 'NONE', #2061, #1072, #693, .T. ) ;
#2177 = EDGE_LOOP ( 'NONE', ( #2098, #2474, #717, #3346 ) ) ;
#2178 = CARTESIAN_POINT ( 'NONE',  ( 149.0298505060000025, -52.74743877900000655, 24.25745920200000327 ) ) ;
#2179 = EDGE_LOOP ( 'NONE', ( #7, #84, #3104, #2400 ) ) ;
#2180 = EDGE_LOOP ( 'NONE', ( #2247, #3260, #3438, #3464 ) ) ;
#2181 = AXIS2_PLACEMENT_3D ( 'NONE', #74, #3061, #344 ) ;
#2182 = EDGE_CURVE ( 'NONE', #2533, #1998, #1456, .T. ) ;
#2183 = PLANE ( 'NONE',  #478 ) ;
#2184 = EDGE_LOOP ( 'NONE', ( #2965, #411, #1409, #1729 ) ) ;
#2185 = FACE_OUTER_BOUND ( 'NONE', #1912, .T. ) ;
#2186 = ADVANCED_FACE ( 'NONE', ( #315 ), #477, .T. ) ;
#2187 = CARTESIAN_POINT ( 'NONE',  ( 141.6197999999999979, -57.44743877900000228, 5.557459201999999543 ) ) ;
#2188 = EDGE_LOOP ( 'NONE', ( #3207, #2976, #509, #1444, #843 ) ) ;
#2189 = AXIS2_PLACEMENT_3D ( 'NONE', #3277, #1068, #3503 ) ;
#2190 = CIRCLE ( 'NONE', #3245, 7.000000000000006217 ) ;
#2191 = DIRECTION ( 'NONE',  ( 1.000000000000000000, 0.000000000000000000, 0.000000000000000000 ) ) ;
#2192 = CARTESIAN_POINT ( 'NONE',  ( 141.9198000000000093, -29.19405000000000072, 23.65745920200000185 ) ) ;
#2193 = CARTESIAN_POINT ( 'NONE',  ( 144.0198000000000036, -58.04033199699999557, 5.557459203000000514 ) ) ;
#2194 = VECTOR ( 'NONE', #1675, 1000.000000000000114 ) ;
#2195 = EDGE_CURVE ( 'NONE', #3513, #1623, #597, .T. ) ;
#2196 = CARTESIAN_POINT ( 'NONE',  ( 144.0198000000000036, -52.74743877900000655, 22.26750970299999821 ) ) ;
#2197 = VERTEX_POINT ( 'NONE', #435 ) ;
#2198 = VECTOR ( 'NONE', #1925, 1000.000000000000114 ) ;
#2199 = FACE_OUTER_BOUND ( 'NONE', #2389, .T. ) ;
#2200 = EDGE_CURVE ( 'NONE', #93, #719, #265, .T. ) ;
#2201 = LINE ( 'NONE', #3215, #3038 ) ;
#2202 = CARTESIAN_POINT ( 'NONE',  ( 144.0198000000000036, -59.74743877900000655, 22.26750970799999862 ) ) ;
#2203 = CONICAL_SURFACE ( 'NONE', #3274, 5.646446608999989181, 0.7853981607197643156 ) ;
#2204 = ORIENTED_EDGE ( 'NONE', *, *, #812, .F. ) ;
#2205 = DIRECTION ( 'NONE',  ( 0.000000000000000000, 0.000000000000000000, -1.000000000000000000 ) ) ;
#2206 = EDGE_CURVE ( 'NONE', #2005, #1298, #1593, .T. ) ;
#2207 = VECTOR ( 'NONE', #101, 1000.000000000000000 ) ;
#2208 = ORIENTED_EDGE ( 'NONE', *, *, #1130, .T. ) ;
#2209 = AXIS2_PLACEMENT_3D ( 'NONE', #3360, #97, #110 ) ;
#2210 = CARTESIAN_POINT ( 'NONE',  ( 146.7198000000000206, -52.14743877899999802, 5.757459202000000609 ) ) ;
#2211 = ORIENTED_EDGE ( 'NONE', *, *, #3479, .T. ) ;
#2212 = CARTESIAN_POINT ( 'NONE',  ( -146.7198000000000206, -52.24743877900000655, 5.557459201999999543 ) ) ;
#2213 = VERTEX_POINT ( 'NONE', #2568 ) ;
#2214 = CARTESIAN_POINT ( 'NONE',  ( 143.9197999999999809, 0.000000000000000000, 23.65745920200000185 ) ) ;
#2215 = EDGE_LOOP ( 'NONE', ( #3363, #3021, #658, #481 ) ) ;
#2216 = ADVANCED_FACE ( 'NONE', ( #516 ), #1215, .F. ) ;
#2217 = ORIENTED_EDGE ( 'NONE', *, *, #2034, .T. ) ;
#2218 = DIRECTION ( 'NONE',  ( 0.000000000000000000, 0.000000000000000000, -1.000000000000000000 ) ) ;
#2219 = ORIENTED_EDGE ( 'NONE', *, *, #1763, .T. ) ;
#2220 = AXIS2_PLACEMENT_3D ( 'NONE', #1751, #3101, #884 ) ;
#2221 = ORIENTED_EDGE ( 'NONE', *, *, #2465, .F. ) ;
#2222 = DIRECTION ( 'NONE',  ( -0.000000000000000000, 0.7071067811865475727, 0.7071067811865475727 ) ) ;
#2223 = ORIENTED_EDGE ( 'NONE', *, *, #2616, .T. ) ;
#2224 = EDGE_CURVE ( 'NONE', #2197, #340, #2520, .T. ) ;
#2225 = DIRECTION ( 'NONE',  ( 0.000000000000000000, 0.000000000000000000, -1.000000000000000000 ) ) ;
#2226 = ORIENTED_EDGE ( 'NONE', *, *, #701, .F. ) ;
#2227 = CARTESIAN_POINT ( 'NONE',  ( -141.5198000000000036, -57.44743877900000228, 5.557459201999999543 ) ) ;
#2228 = VECTOR ( 'NONE', #3210, 1000.000000000000000 ) ;
#2229 = VECTOR ( 'NONE', #2357, 1000.000000000000000 ) ;
#2230 = DIRECTION ( 'NONE',  ( 0.000000000000000000, -1.000000000000000000, 0.000000000000000000 ) ) ;
#2231 = DIRECTION ( 'NONE',  ( -0.000000000000000000, -0.4999999999999985012, 0.8660254037844394848 ) ) ;
#2232 = DIRECTION ( 'NONE',  ( 0.000000000000000000, -1.000000000000000000, 0.000000000000000000 ) ) ;
#2233 = VERTEX_POINT ( 'NONE', #410 ) ;
#2234 = VECTOR ( 'NONE', #1113, 1000.000000000000000 ) ;
#2235 = EDGE_CURVE ( 'NONE', #3515, #284, #2604, .T. ) ;
#2236 = FACE_OUTER_BOUND ( 'NONE', #2215, .T. ) ;
#2237 = CARTESIAN_POINT ( 'NONE',  ( -141.3197999999999865, -29.19743877900000228, 23.65745920200000185 ) ) ;
#2238 = ORIENTED_EDGE ( 'NONE', *, *, #3106, .F. ) ;
#2239 = PLANE ( 'NONE',  #2846 ) ;
#2240 = CONICAL_SURFACE ( 'NONE', #2209, 1.799999999999996048, 0.7853981625000003852 ) ;
#2241 = LINE ( 'NONE', #1985, #3004 ) ;
#2242 = EDGE_LOOP ( 'NONE', ( #1866, #1666, #752, #642 ) ) ;
#2243 = DATE_AND_TIME ( #2333, #1052 ) ;
#2244 = DIRECTION ( 'NONE',  ( 0.000000000000000000, -1.000000000000000000, 0.000000000000000000 ) ) ;
#2245 = CARTESIAN_POINT ( 'NONE',  ( 0.2149999999999999967, -51.44743877900000228, 19.65745920200000185 ) ) ;
#2246 = LINE ( 'NONE', #568, #2074 ) ;
#2247 = ORIENTED_EDGE ( 'NONE', *, *, #3269, .F. ) ;
#2248 = AXIS2_PLACEMENT_3D ( 'NONE', #3443, #3405, #2644 ) ;
#2249 = CARTESIAN_POINT ( 'NONE',  ( 146.5198000000000036, -52.14743877899999802, 18.45745920200000256 ) ) ;
#2250 = ORIENTED_EDGE ( 'NONE', *, *, #3050, .T. ) ;
#2251 = DIRECTION ( 'NONE',  ( -0.7071067811865474617, 0.000000000000000000, 0.7071067811865474617 ) ) ;
#2252 = ORIENTED_EDGE ( 'NONE', *, *, #3496, .F. ) ;
#2253 = VECTOR ( 'NONE', #3426, 1000.000000000000000 ) ;
#2254 = ADVANCED_FACE ( 'NONE', ( #1845 ), #305, .F. ) ;
#2255 = DIRECTION ( 'NONE',  ( 1.000000000000000000, 0.000000000000000000, 0.000000000000000000 ) ) ;
#2256 = ORIENTED_EDGE ( 'NONE', *, *, #1328, .F. ) ;
#2257 = EDGE_CURVE ( 'NONE', #3255, #1950, #1295, .T. ) ;
#2258 = ORIENTED_EDGE ( 'NONE', *, *, #3205, .F. ) ;
#2259 = VERTEX_POINT ( 'NONE', #738 ) ;
#2260 = CARTESIAN_POINT ( 'NONE',  ( -149.0662466089999896, 0.000000000000000000, 5.911012592999999704 ) ) ;
#2261 = ORIENTED_EDGE ( 'NONE', *, *, #301, .T. ) ;
#2262 = AXIS2_PLACEMENT_3D ( 'NONE', #720, #994, #758 ) ;
#2263 = CARTESIAN_POINT ( 'NONE',  ( -148.0698000000000150, 1.550000000000000044, 22.26750970799999862 ) ) ;
#2264 = CARTESIAN_POINT ( 'NONE',  ( -143.3197999999999865, -2.003388778999999786, 0.2574592019999999981 ) ) ;
#2265 = EDGE_CURVE ( 'NONE', #2028, #425, #1758, .T. ) ;
#2266 = CARTESIAN_POINT ( 'NONE',  ( -143.9197999999999809, -29.19743877900000228, 24.25745920200000327 ) ) ;
#2267 = VECTOR ( 'NONE', #1727, 1000.000000000000000 ) ;
#2268 = ORIENTED_EDGE ( 'NONE', *, *, #1583, .F. ) ;
#2269 = DIRECTION ( 'NONE',  ( -1.000000000000000000, 0.000000000000000000, 0.000000000000000000 ) ) ;
#2270 = DIRECTION ( 'NONE',  ( 1.000000000000000000, 0.000000000000000000, 0.000000000000000000 ) ) ;
#2271 = ORIENTED_EDGE ( 'NONE', *, *, #2483, .F. ) ;
#2272 = UNCERTAINTY_MEASURE_WITH_UNIT (LENGTH_MEASURE( 1.000000000000000082E-05 ), #964, 'distance_accuracy_value', 'NONE');
#2273 = PLANE ( 'NONE',  #1257 ) ;
#2274 = CARTESIAN_POINT ( 'NONE',  ( -114.9198000000000093, -40.72243877900000086, 21.65745920200000185 ) ) ;
#2275 = LINE ( 'NONE', #685, #1091 ) ;
#2276 = ORIENTED_EDGE ( 'NONE', *, *, #3152, .T. ) ;
#2277 = EDGE_CURVE ( 'NONE', #73, #1422, #345, .T. ) ;
#2278 = CARTESIAN_POINT ( 'NONE',  ( -141.5198000000000036, -52.24743877900000655, 5.557459201999999543 ) ) ;
#2279 = CARTESIAN_POINT ( 'NONE',  ( -116.9198000000000093, -33.19743877900000228, 21.65745920200000185 ) ) ;
#2280 = FACE_OUTER_BOUND ( 'NONE', #239, .T. ) ;
#2281 = EDGE_LOOP ( 'NONE', ( #602, #218, #2287, #2208 ) ) ;
#2282 = FACE_OUTER_BOUND ( 'NONE', #1749, .T. ) ;
#2283 = LINE ( 'NONE', #1554, #1565 ) ;
#2284 = DIRECTION ( 'NONE',  ( -1.000000000000000000, 0.000000000000000000, 0.000000000000000000 ) ) ;
#2285 = AXIS2_PLACEMENT_3D ( 'NONE', #1582, #728, #1005 ) ;
#2286 = EDGE_CURVE ( 'NONE', #1094, #889, #2358, .T. ) ;
#2287 = ORIENTED_EDGE ( 'NONE', *, *, #2874, .F. ) ;
#2288 = DIRECTION ( 'NONE',  ( -0.7071067811865475727, 0.000000000000000000, 0.7071067811865475727 ) ) ;
#2289 = DIRECTION ( 'NONE',  ( -0.7071067811865475727, 0.000000000000000000, -0.7071067811865475727 ) ) ;
#2290 = ORIENTED_EDGE ( 'NONE', *, *, #2525, .T. ) ;
#2291 = SECURITY_CLASSIFICATION ( '', '', #703 ) ;
#2292 = DIRECTION ( 'NONE',  ( 1.000000000000000000, 0.000000000000000000, 0.000000000000000000 ) ) ;
#2293 = CARTESIAN_POINT ( 'NONE',  ( 149.0298505060000025, 0.000000000000000000, 24.25745920200000327 ) ) ;
#2294 = ORIENTED_EDGE ( 'NONE', *, *, #1202, .F. ) ;
#2295 = ORIENTED_EDGE ( 'NONE', *, *, #144, .F. ) ;
#2296 = VERTEX_POINT ( 'NONE', #2932 ) ;
#2297 = DIRECTION ( 'NONE',  ( -0.7071067811865475727, 0.000000000000000000, -0.7071067811865475727 ) ) ;
#2298 = FACE_OUTER_BOUND ( 'NONE', #3472, .T. ) ;
#2299 = LINE ( 'NONE', #1592, #1184 ) ;
#2300 = DIRECTION ( 'NONE',  ( 0.000000000000000000, 0.000000000000000000, 1.000000000000000000 ) ) ;
#2301 = EDGE_LOOP ( 'NONE', ( #3428, #707, #1863, #2895 ) ) ;
#2302 = EDGE_LOOP ( 'NONE', ( #782, #1970, #3191, #3460 ) ) ;
#2303 = CARTESIAN_POINT ( 'NONE',  ( -148.0698000000000150, 1.550000000000000044, 5.557459201999999543 ) ) ;
#2304 = DIRECTION ( 'NONE',  ( 1.000000000000000000, 0.000000000000000000, 0.000000000000000000 ) ) ;
#2305 = EDGE_CURVE ( 'NONE', #3482, #1496, #38, .T. ) ;
#2306 = DIRECTION ( 'NONE',  ( 0.7071067811865474617, 0.000000000000000000, -0.7071067811865474617 ) ) ;
#2307 = ORIENTED_EDGE ( 'NONE', *, *, #1559, .T. ) ;
#2308 = CARTESIAN_POINT ( 'NONE',  ( -141.3197999999999865, -31.39743877900000157, 18.45745920200000256 ) ) ;
#2309 = CARTESIAN_POINT ( 'NONE',  ( 146.2697999989999857, 1.800000000000000266, 21.92109954648619663 ) ) ;
#2310 = DIRECTION ( 'NONE',  ( -0.000000000000000000, 0.5000000000000004441, -0.8660254037844383745 ) ) ;
#2311 = LINE ( 'NONE', #1132, #37 ) ;
#2312 = VECTOR ( 'NONE', #1022, 1000.000000000000000 ) ;
#2313 = FACE_OUTER_BOUND ( 'NONE', #465, .T. ) ;
#2314 = EDGE_CURVE ( 'NONE', #1186, #978, #1713, .T. ) ;
#2315 = CARTESIAN_POINT ( 'NONE',  ( 141.6197999999999979, -57.24743877899999944, 18.25745920199999972 ) ) ;
#2316 = CARTESIAN_POINT ( 'NONE',  ( 115.7207902190000084, -48.24743877899999944, 18.45745920200000256 ) ) ;
#2317 = DIRECTION ( 'NONE',  ( -1.000000000000000000, 0.000000000000000000, 0.000000000000000000 ) ) ;
#2318 = EDGE_LOOP ( 'NONE', ( #1484, #3149, #248, #2981 ) ) ;
#2319 = VECTOR ( 'NONE', #1875, 1000.000000000000000 ) ;
#2320 = LINE ( 'NONE', #341, #2956 ) ;
#2321 = LINE ( 'NONE', #1823, #309 ) ;
#2322 = ORIENTED_EDGE ( 'NONE', *, *, #3433, .T. ) ;
#2323 = CARTESIAN_POINT ( 'NONE',  ( 151.0198000000000036, 0.000000000000000000, 18.95745920199999901 ) ) ;
#2324 = ORIENTED_EDGE ( 'NONE', *, *, #2206, .T. ) ;
#2325 = LINE ( 'NONE', #741, #1808 ) ;
#2326 = LINE ( 'NONE', #2605, #1553 ) ;
#2327 = EDGE_CURVE ( 'NONE', #431, #2123, #392, .T. ) ;
#2328 = LINE ( 'NONE', #300, #1766 ) ;
#2329 = CARTESIAN_POINT ( 'NONE',  ( 150.5248252529999888, 28.86863622099999915, 22.76248445500000273 ) ) ;
#2330 = LINE ( 'NONE', #2060, #1349 ) ;
#2331 = VERTEX_POINT ( 'NONE', #3423 ) ;
#2332 = CARTESIAN_POINT ( 'NONE',  ( -145.2247747469999979, -43.62541377899999873, 8.487459202000001923 ) ) ;
#2333 = CALENDAR_DATE ( 2025, 26, 11 ) ;
#2334 = VERTEX_POINT ( 'NONE', #1842 ) ;
#2335 = DIRECTION ( 'NONE',  ( 0.5773502691896257311, 0.5773502691896257311, -0.5773502691896257311 ) ) ;
#2336 = EDGE_LOOP ( 'NONE', ( #1831, #2788, #2522, #1485, #2493 ) ) ;
#2337 = VECTOR ( 'NONE', #1242, 1000.000000000000000 ) ;
#2338 = DIRECTION ( 'NONE',  ( 1.000000000000000000, 0.000000000000000000, 0.000000000000000000 ) ) ;
#2339 = EDGE_CURVE ( 'NONE', #2744, #1650, #2951, .T. ) ;
#2340 = DIRECTION ( 'NONE',  ( 1.000000000000000000, 0.000000000000000000, 0.000000000000000000 ) ) ;
#2341 = ORIENTED_EDGE ( 'NONE', *, *, #3106, .T. ) ;
#2342 = DIRECTION ( 'NONE',  ( 1.000000000000000000, 0.000000000000000000, 0.000000000000000000 ) ) ;
#2343 = PERSON_AND_ORGANIZATION_ROLE ( 'design_supplier' ) ;
#2344 = ORIENTED_EDGE ( 'NONE', *, *, #2354, .F. ) ;
#2345 = DIRECTION ( 'NONE',  ( -1.000000000000000000, -0.000000000000000000, -0.000000000000000000 ) ) ;
#2346 = CARTESIAN_POINT ( 'NONE',  ( 136.5149060519999864, -57.14743877899999802, 26.15745920200000185 ) ) ;
#2347 = VECTOR ( 'NONE', #1332, 1000.000000000000000 ) ;
#2348 = EDGE_LOOP ( 'NONE', ( #1228, #1849, #2980, #2553 ) ) ;
#2349 = VERTEX_POINT ( 'NONE', #200 ) ;
#2350 = ORIENTED_EDGE ( 'NONE', *, *, #2824, .T. ) ;
#2351 = DIRECTION ( 'NONE',  ( -0.000000000000000000, 0.000000000000000000, 1.000000000000000000 ) ) ;
#2352 = DIRECTION ( 'NONE',  ( 0.000000000000000000, 0.000000000000000000, 1.000000000000000000 ) ) ;
#2353 = CARTESIAN_POINT ( 'NONE',  ( -129.1197999999999979, -31.19743877900000228, 18.65745920200000185 ) ) ;
#2354 = EDGE_CURVE ( 'NONE', #3275, #2296, #220, .T. ) ;
#2355 = APPROVAL_STATUS ( 'not_yet_approved' ) ;
#2356 = CARTESIAN_POINT ( 'NONE',  ( 0.8000000000000000444, 0.000000000000000000, 18.45745920200000256 ) ) ;
#2357 = DIRECTION ( 'NONE',  ( -1.000000000000000000, 0.000000000000000000, 0.000000000000000000 ) ) ;
#2358 = LINE ( 'NONE', #1828, #2007 ) ;
#2359 = EDGE_CURVE ( 'NONE', #1778, #3011, #436, .T. ) ;
#2360 = CIRCLE ( 'NONE', #1507, 2.000000000000001776 ) ;
#2361 = ADVANCED_FACE ( 'NONE', ( #2149 ), #754, .F. ) ;
#2362 = CARTESIAN_POINT ( 'NONE',  ( 149.6662466089999839, 0.000000000000000000, 5.911012592999999704 ) ) ;
#2363 = VECTOR ( 'NONE', #3109, 1000.000000000000000 ) ;
#2364 = DIRECTION ( 'NONE',  ( 0.000000000000000000, -1.000000000000000000, 0.000000000000000000 ) ) ;
#2365 = ORIENTED_EDGE ( 'NONE', *, *, #94, .T. ) ;
#2366 = CARTESIAN_POINT ( 'NONE',  ( 148.6697999990000199, 1.800000000000000044, 21.92109954648619663 ) ) ;
#2367 = CYLINDRICAL_SURFACE ( 'NONE', #1182, 2.000000000000001776 ) ;
#2368 = AXIS2_PLACEMENT_3D ( 'NONE', #1277, #1290, #2049 ) ;
#2369 = ORIENTED_EDGE ( 'NONE', *, *, #357, .F. ) ;
#2370 = CARTESIAN_POINT ( 'NONE',  ( 146.2697999989999857, 1.800000000000000266, 5.557459201999999543 ) ) ;
#2371 = DIRECTION ( 'NONE',  ( 1.000000000000000000, 0.000000000000000000, 0.000000000000000000 ) ) ;
#2372 = FACE_OUTER_BOUND ( 'NONE', #3058, .T. ) ;
#2373 = DIRECTION ( 'NONE',  ( 1.000000000000000000, 0.000000000000000000, 0.000000000000000000 ) ) ;
#2374 = CONICAL_SURFACE ( 'NONE', #656, 5.505025253000006558, 0.7853981607197643156 ) ;
#2375 = VECTOR ( 'NONE', #517, 1000.000000000000114 ) ;
#2376 = EDGE_LOOP ( 'NONE', ( #1000, #2528, #1311, #2999 ) ) ;
#2377 = CARTESIAN_POINT ( 'NONE',  ( -143.4197999999999809, -52.74743877900000655, 5.557459201999999543 ) ) ;
#2378 = VECTOR ( 'NONE', #2781, 1000.000000000000000 ) ;
#2379 = ORIENTED_EDGE ( 'NONE', *, *, #583, .T. ) ;
#2380 = EDGE_CURVE ( 'NONE', #2123, #3515, #3280, .T. ) ;
#2381 = LINE ( 'NONE', #2103, #2122 ) ;
#2382 = ADVANCED_FACE ( 'NONE', ( #1996 ), #2936, .F. ) ;
#2383 = DIRECTION ( 'NONE',  ( 0.000000000000000000, -0.7071067811865474617, -0.7071067811865474617 ) ) ;
#2384 = CARTESIAN_POINT ( 'NONE',  ( -148.8697999999999979, 1.550000000000000044, 22.18090716762157300 ) ) ;
#2385 = ORIENTED_EDGE ( 'NONE', *, *, #1671, .T. ) ;
#2386 = APPLICATION_CONTEXT ( 'configuration controlled 3d designs of mechanical parts and assemblies' ) ;
#2387 = EDGE_CURVE ( 'NONE', #576, #2704, #205, .T. ) ;
#2388 = CARTESIAN_POINT ( 'NONE',  ( 38.80000000000000426, -56.74743877899999944, 3.357459202000000253 ) ) ;
#2389 = EDGE_LOOP ( 'NONE', ( #786, #1984, #312, #2606 ) ) ;
#2390 = ORIENTED_EDGE ( 'NONE', *, *, #279, .F. ) ;
#2391 = DIRECTION ( 'NONE',  ( 1.000000000000000000, -0.000000000000000000, -0.000000000000000000 ) ) ;
#2392 = EDGE_CURVE ( 'NONE', #3062, #1778, #1489, .T. ) ;
#2393 = AXIS2_PLACEMENT_3D ( 'NONE', #2761, #1127, #855 ) ;
#2394 = ORIENTED_EDGE ( 'NONE', *, *, #2897, .T. ) ;
#2395 = ORIENTED_EDGE ( 'NONE', *, *, #897, .F. ) ;
#2396 = CARTESIAN_POINT ( 'NONE',  ( -141.5198000000000036, -57.24743877899999944, 5.757459202000000609 ) ) ;
#2397 = DIRECTION ( 'NONE',  ( 0.000000000000000000, 1.000000000000000000, 0.000000000000000000 ) ) ;
#2398 = VECTOR ( 'NONE', #564, 1000.000000000000114 ) ;
#2399 = ORIENTED_EDGE ( 'NONE', *, *, #1011, .T. ) ;
#2400 = ORIENTED_EDGE ( 'NONE', *, *, #1938, .T. ) ;
#2401 = DIRECTION ( 'NONE',  ( -0.5773502691896257311, 0.5773502691896257311, 0.5773502691896257311 ) ) ;
#2402 = DIRECTION ( 'NONE',  ( -0.000000000000000000, -1.000000000000000000, -0.000000000000000000 ) ) ;
#2403 = ADVANCED_FACE ( 'NONE', ( #550 ), #1800, .T. ) ;
#2404 = DIRECTION ( 'NONE',  ( 1.000000000000000000, 0.000000000000000000, 0.000000000000000000 ) ) ;
#2405 = ORIENTED_EDGE ( 'NONE', *, *, #3496, .T. ) ;
#2406 = CARTESIAN_POINT ( 'NONE',  ( -146.5198000000000036, -52.24743877900000655, 5.757459202000000609 ) ) ;
#2407 = CARTESIAN_POINT ( 'NONE',  ( 125.4249060519999972, -41.24743877899999944, 18.45745920200000256 ) ) ;
#2408 = EDGE_LOOP ( 'NONE', ( #2845, #1012, #503, #1402, #1354, #2974, #3392, #2418, #3023, #273, #421, #2907, #286, #1756, #1476, #662, #1705, #901, #3020, #2682, #1304, #1210, #1121, #748, #1876, #2690, #1965 ) ) ;
#2409 = AXIS2_PLACEMENT_3D ( 'NONE', #2001, #3332, #892 ) ;
#2410 = EDGE_CURVE ( 'NONE', #2835, #3201, #2554, .T. ) ;
#2411 = ORIENTED_EDGE ( 'NONE', *, *, #2257, .F. ) ;
#2412 = DIRECTION ( 'NONE',  ( 0.000000000000000000, 0.000000000000000000, -1.000000000000000000 ) ) ;
#2413 = CIRCLE ( 'NONE', #1532, 5.010050506000007786 ) ;
#2414 = ORIENTED_EDGE ( 'NONE', *, *, #414, .T. ) ;
#2415 = PLANE ( 'NONE',  #3197 ) ;
#2416 = DIRECTION ( 'NONE',  ( 0.000000000000000000, -1.000000000000000000, 0.000000000000000000 ) ) ;
#2417 = LINE ( 'NONE', #2702, #3418 ) ;
#2418 = ORIENTED_EDGE ( 'NONE', *, *, #603, .T. ) ;
#2419 = PERSON_AND_ORGANIZATION ( #133, #2968 ) ;
#2420 = VERTEX_POINT ( 'NONE', #3471 ) ;
#2421 = CARTESIAN_POINT ( 'NONE',  ( -112.9197999999999951, -50.84743877900000086, 24.25745920200000327 ) ) ;
#2422 = CARTESIAN_POINT ( 'NONE',  ( -146.5198000000000036, -43.62541377899999873, 9.782484455000000523 ) ) ;
#2423 = EDGE_CURVE ( 'NONE', #1979, #3397, #2640, .T. ) ;
#2424 = ORIENTED_EDGE ( 'NONE', *, *, #389, .T. ) ;
#2425 = DIRECTION ( 'NONE',  ( 1.000000000000000000, 0.000000000000000000, 0.000000000000000000 ) ) ;
#2426 = ORIENTED_EDGE ( 'NONE', *, *, #2102, .T. ) ;
#2427 = DIRECTION ( 'NONE',  ( 0.000000000000000000, 0.7071067811865474617, 0.7071067811865474617 ) ) ;
#2428 = VERTEX_POINT ( 'NONE', #1467 ) ;
#2429 = LINE ( 'NONE', #3382, #249 ) ;
#2430 = ADVANCED_FACE ( 'NONE', ( #2843 ), #525, .T. ) ;
#2431 = VERTEX_POINT ( 'NONE', #1134 ) ;
#2432 = EDGE_LOOP ( 'NONE', ( #2775, #1516, #2893, #874 ) ) ;
#2433 = LINE ( 'NONE', #2356, #1018 ) ;
#2434 = CARTESIAN_POINT ( 'NONE',  ( 146.9197999999999809, -52.14743877899999802, 5.557459201999999543 ) ) ;
#2435 = ORIENTED_EDGE ( 'NONE', *, *, #2989, .F. ) ;
#2436 = DIRECTION ( 'NONE',  ( 0.000000000000000000, 0.000000000000000000, -1.000000000000000000 ) ) ;
#2437 = DIRECTION ( 'NONE',  ( 0.000000000000000000, -1.000000000000000000, 0.000000000000000000 ) ) ;
#2438 = CARTESIAN_POINT ( 'NONE',  ( 148.6697999990000199, 0.000000000000000000, 22.26750970799997731 ) ) ;
#2439 = FACE_OUTER_BOUND ( 'NONE', #1069, .T. ) ;
#2440 = EDGE_CURVE ( 'NONE', #2571, #2629, #3102, .T. ) ;
#2441 = CARTESIAN_POINT ( 'NONE',  ( 5.259999999999999787, -56.74743877899999944, 22.65745920200000185 ) ) ;
#2442 = CARTESIAN_POINT ( 'NONE',  ( 0.2999999999999999889, 0.000000000000000000, 24.25745920200000327 ) ) ;
#2443 = DIRECTION ( 'NONE',  ( 1.000000000000000000, 0.000000000000000000, 0.000000000000000000 ) ) ;
#2444 = ADVANCED_FACE ( 'NONE', ( #294 ), #120, .T. ) ;
#2445 = ORIENTED_EDGE ( 'NONE', *, *, #2077, .T. ) ;
#2446 = EDGE_CURVE ( 'NONE', #1293, #606, #1578, .T. ) ;
#2447 = LINE ( 'NONE', #1418, #896 ) ;
#2448 = LINE ( 'NONE', #2943, #3081 ) ;
#2449 = LINE ( 'NONE', #2323, #2862 ) ;
#2450 = ADVANCED_BREP_SHAPE_REPRESENTATION ( 'outer_case_hhkb_2', ( #376, #3250 ), #2705 ) ;
#2451 = DIRECTION ( 'NONE',  ( 0.000000000000000000, 0.000000000000000000, 1.000000000000000000 ) ) ;
#2452 = LINE ( 'NONE', #2603, #3337 ) ;
#2453 = VERTEX_POINT ( 'NONE', #704 ) ;
#2454 = DATE_AND_TIME ( #2872, #1560 ) ;
#2455 = DIRECTION ( 'NONE',  ( 0.000000000000000000, 1.000000000000000000, 0.000000000000000000 ) ) ;
#2456 = FACE_OUTER_BOUND ( 'NONE', #3293, .T. ) ;
#2457 = ORIENTED_EDGE ( 'NONE', *, *, #3143, .T. ) ;
#2458 = LINE ( 'NONE', #1755, #1980 ) ;
#2459 = DIRECTION ( 'NONE',  ( 0.8164965810412080360, -0.5773502690291379968, 0.000000000000000000 ) ) ;
#2460 = DIRECTION ( 'NONE',  ( -0.000000000000000000, 1.000000000000000000, 0.000000000000000000 ) ) ;
#2461 = ORIENTED_EDGE ( 'NONE', *, *, #2146, .F. ) ;
#2462 = EDGE_LOOP ( 'NONE', ( #1795, #2609, #2268, #2729 ) ) ;
#2463 = ADVANCED_FACE ( 'NONE', ( #1635 ), #934, .T. ) ;
#2464 = CARTESIAN_POINT ( 'NONE',  ( -4.830000000000000071, -56.74743877899999944, 22.65745920200000185 ) ) ;
#2465 = EDGE_CURVE ( 'NONE', #3272, #1639, #560, .T. ) ;
#2466 = VERTEX_POINT ( 'NONE', #2040 ) ;
#2467 = CONICAL_SURFACE ( 'NONE', #3223, 2.600000000000004974, 0.7853981625000003852 ) ;
#2468 = DIRECTION ( 'NONE',  ( 0.7071067811865475727, 0.000000000000000000, -0.7071067811865475727 ) ) ;
#2469 = ORIENTED_EDGE ( 'NONE', *, *, #2515, .F. ) ;
#2470 = ORIENTED_EDGE ( 'NONE', *, *, #1095, .F. ) ;
#2471 = AXIS2_PLACEMENT_3D ( 'NONE', #977, #422, #690 ) ;
#2472 = EDGE_CURVE ( 'NONE', #377, #1719, #1192, .T. ) ;
#2473 = DIRECTION ( 'NONE',  ( 0.000000000000000000, -0.7071067811865474617, 0.7071067811865474617 ) ) ;
#2474 = ORIENTED_EDGE ( 'NONE', *, *, #571, .F. ) ;
#2475 = ORIENTED_EDGE ( 'NONE', *, *, #1602, .T. ) ;
#2476 = DIRECTION ( 'NONE',  ( 0.000000000000000000, -1.000000000000000000, 0.000000000000000000 ) ) ;
#2477 = CC_DESIGN_APPROVAL ( #3422, ( #2291 ) ) ;
#2478 = EDGE_LOOP ( 'NONE', ( #2660, #1748, #3187, #2014 ) ) ;
#2479 = CARTESIAN_POINT ( 'NONE',  ( -112.9197999999999951, -50.24743877899999944, 23.65745920200000185 ) ) ;
#2480 = ADVANCED_FACE ( 'NONE', ( #2740 ), #2030, .F. ) ;
#2481 = DIRECTION ( 'NONE',  ( -0.7071067811865494601, 0.000000000000000000, 0.7071067811865456854 ) ) ;
#2482 = VERTEX_POINT ( 'NONE', #1229 ) ;
#2483 = EDGE_CURVE ( 'NONE', #1998, #16, #125, .T. ) ;
#2484 = CARTESIAN_POINT ( 'NONE',  ( 0.2999999999999999889, -31.79404999999999859, 24.25745920200000327 ) ) ;
#2485 = FACE_OUTER_BOUND ( 'NONE', #415, .T. ) ;
#2486 = CONICAL_SURFACE ( 'NONE', #1556, 5.200000000000009948, 0.7853981625000003852 ) ;
#2487 = ORIENTED_EDGE ( 'NONE', *, *, #2665, .T. ) ;
#2488 = VECTOR ( 'NONE', #1374, 1000.000000000000000 ) ;
#2489 = VECTOR ( 'NONE', #1701, 1000.000000000000000 ) ;
#2490 = EDGE_CURVE ( 'NONE', #1574, #3255, #3335, .T. ) ;
#2491 = VECTOR ( 'NONE', #2642, 1000.000000000000114 ) ;
#2492 = CARTESIAN_POINT ( 'NONE',  ( 141.6197999999999979, -52.14743877899999802, 18.25745920199999972 ) ) ;
#2493 = ORIENTED_EDGE ( 'NONE', *, *, #2472, .F. ) ;
#2494 = CARTESIAN_POINT ( 'NONE',  ( -144.0176679650000153, -43.12541377899999873, 7.987459202000001035 ) ) ;
#2495 = EDGE_CURVE ( 'NONE', #2763, #2349, #2433, .T. ) ;
#2496 = LINE ( 'NONE', #1327, #2375 ) ;
#2497 = ORIENTED_EDGE ( 'NONE', *, *, #930, .T. ) ;
#2498 = AXIS2_PLACEMENT_3D ( 'NONE', #3327, #62, #2255 ) ;
#2499 = PERSON_AND_ORGANIZATION ( #133, #2968 ) ;
#2500 = PLANE ( 'NONE',  #2671 ) ;
#2501 = ORIENTED_EDGE ( 'NONE', *, *, #204, .T. ) ;
#2502 = CARTESIAN_POINT ( 'NONE',  ( 5.259999999999999787, -56.74743877899999944, 19.65745920200000185 ) ) ;
#2503 = EDGE_LOOP ( 'NONE', ( #3509, #1745, #1070, #2766 ) ) ;
#2504 = DIRECTION ( 'NONE',  ( -1.000000000000000000, -0.000000000000000000, -0.000000000000000000 ) ) ;
#2505 = EDGE_CURVE ( 'NONE', #3329, #1293, #3352, .T. ) ;
#2506 = ORIENTED_EDGE ( 'NONE', *, *, #858, .T. ) ;
#2507 = LINE ( 'NONE', #2882, #967 ) ;
#2508 = CARTESIAN_POINT ( 'NONE',  ( 117.5207902190000055, -31.39405000000000001, 18.45745920200000256 ) ) ;
#2509 = ORIENTED_EDGE ( 'NONE', *, *, #2286, .F. ) ;
#2510 = VECTOR ( 'NONE', #327, 1000.000000000000000 ) ;
#2511 = AXIS2_PLACEMENT_3D ( 'NONE', #899, #87, #2284 ) ;
#2512 = ORIENTED_EDGE ( 'NONE', *, *, #844, .F. ) ;
#2513 = ORIENTED_EDGE ( 'NONE', *, *, #1959, .F. ) ;
#2514 = DIRECTION ( 'NONE',  ( 1.000000000000000000, -0.000000000000000000, 0.000000000000000000 ) ) ;
#2515 = EDGE_CURVE ( 'NONE', #3469, #3359, #31, .T. ) ;
#2516 = CARTESIAN_POINT ( 'NONE',  ( 129.9702951089999772, -31.19405000000000072, 22.65745920200000185 ) ) ;
#2517 = PLANE ( 'NONE',  #2896 ) ;
#2518 = CARTESIAN_POINT ( 'NONE',  ( 143.9197999999999809, -2.003388778999999786, -0.7425407980000000574 ) ) ;
#2519 = LINE ( 'NONE', #2594, #1711 ) ;
#2520 = LINE ( 'NONE', #134, #3029 ) ;
#2521 = CARTESIAN_POINT ( 'NONE',  ( -148.7126932189999877, -52.74743877900000655, 5.557459201999999543 ) ) ;
#2522 = ORIENTED_EDGE ( 'NONE', *, *, #1454, .T. ) ;
#2523 = CARTESIAN_POINT ( 'NONE',  ( 117.5207902190000055, -31.39405000000000001, 18.45745920200000256 ) ) ;
#2524 = VECTOR ( 'NONE', #823, 1000.000000000000000 ) ;
#2525 = EDGE_CURVE ( 'NONE', #1704, #592, #3161, .T. ) ;
#2526 = LINE ( 'NONE', #6, #3331 ) ;
#2527 = DIRECTION ( 'NONE',  ( -1.000000000000000000, 0.000000000000000000, 0.000000000000000000 ) ) ;
#2528 = ORIENTED_EDGE ( 'NONE', *, *, #483, .F. ) ;
#2529 = DIRECTION ( 'NONE',  ( 0.000000000000000000, 0.000000000000000000, 1.000000000000000000 ) ) ;
#2530 = LINE ( 'NONE', #1847, #996 ) ;
#2531 = AXIS2_PLACEMENT_3D ( 'NONE', #3431, #1266, #2633 ) ;
#2532 = VECTOR ( 'NONE', #1512, 1000.000000000000000 ) ;
#2533 = VERTEX_POINT ( 'NONE', #1841 ) ;
#2534 = EDGE_CURVE ( 'NONE', #1933, #2466, #80, .T. ) ;
#2535 = COORDINATED_UNIVERSAL_TIME_OFFSET ( 8, 0, .AHEAD. ) ;
#2536 = DIRECTION ( 'NONE',  ( 0.000000000000000000, -1.000000000000000000, 0.000000000000000000 ) ) ;
#2537 = VECTOR ( 'NONE', #839, 1000.000000000000000 ) ;
#2538 = ORIENTED_EDGE ( 'NONE', *, *, #2719, .F. ) ;
#2539 = PRODUCT_DEFINITION_SHAPE ( 'NONE', 'NONE',  #2041 ) ;
#2540 = FACE_OUTER_BOUND ( 'NONE', #2726, .T. ) ;
#2541 = AXIS2_PLACEMENT_3D ( 'NONE', #2722, #18, #513 ) ;
#2542 = ORIENTED_EDGE ( 'NONE', *, *, #2924, .F. ) ;
#2543 = CARTESIAN_POINT ( 'NONE',  ( -146.5198000000000036, -52.24743877900000655, 18.25745920199999972 ) ) ;
#2544 = ORIENTED_EDGE ( 'NONE', *, *, #922, .F. ) ;
#2545 = LINE ( 'NONE', #1217, #66 ) ;
#2546 = PLANE ( 'NONE',  #2027 ) ;
#2547 = VECTOR ( 'NONE', #1579, 1000.000000000000000 ) ;
#2548 = DIRECTION ( 'NONE',  ( -0.000000000000000000, 0.000000000000000000, 1.000000000000000000 ) ) ;
#2549 = ORIENTED_EDGE ( 'NONE', *, *, #2665, .F. ) ;
#2550 = EDGE_CURVE ( 'NONE', #2420, #2334, #1046, .T. ) ;
#2551 = ORIENTED_EDGE ( 'NONE', *, *, #1526, .T. ) ;
#2552 = CARTESIAN_POINT ( 'NONE',  ( -141.5198000000000036, -52.24743877900000655, 18.45745920200000256 ) ) ;
#2553 = ORIENTED_EDGE ( 'NONE', *, *, #1149, .F. ) ;
#2554 = LINE ( 'NONE', #2918, #30 ) ;
#2555 = CARTESIAN_POINT ( 'NONE',  ( 149.4697999990000028, 1.649999999999998579, 22.18090716762153036 ) ) ;
#2556 = VERTEX_POINT ( 'NONE', #2656 ) ;
#2557 = ORIENTED_EDGE ( 'NONE', *, *, #439, .T. ) ;
#2558 = AXIS2_PLACEMENT_3D ( 'NONE', #3015, #1390, #288 ) ;
#2559 = EDGE_CURVE ( 'NONE', #2884, #973, #3070, .T. ) ;
#2560 = ORIENTED_EDGE ( 'NONE', *, *, #1999, .F. ) ;
#2561 = CARTESIAN_POINT ( 'NONE',  ( 141.9198000000000093, -29.19405000000000072, 24.25745920200000327 ) ) ;
#2562 = CARTESIAN_POINT ( 'NONE',  ( -148.8697999999999979, 1.550000000000000044, 5.557459201999999543 ) ) ;
#2563 = EDGE_CURVE ( 'NONE', #100, #936, #2299, .T. ) ;
#2564 = ORIENTED_EDGE ( 'NONE', *, *, #2354, .T. ) ;
#2565 = DIRECTION ( 'NONE',  ( 0.000000000000000000, -1.000000000000000000, 0.000000000000000000 ) ) ;
#2566 = AXIS2_PLACEMENT_3D ( 'NONE', #2492, #3298, #1958 ) ;
#2567 = PLANE ( 'NONE',  #1267 ) ;
#2568 = CARTESIAN_POINT ( 'NONE',  ( 115.5207902189999913, -33.19405000000000427, 18.65745920200000185 ) ) ;
#2569 = CARTESIAN_POINT ( 'NONE',  ( 141.6197999999999979, -52.14743877899999802, 5.757459202000000609 ) ) ;
#2570 = DIRECTION ( 'NONE',  ( 0.000000000000000000, 1.000000000000000000, 0.000000000000000000 ) ) ;
#2571 = VERTEX_POINT ( 'NONE', #2095 ) ;
#2572 = DIRECTION ( 'NONE',  ( -0.7071067811865475727, 0.000000000000000000, 0.7071067811865475727 ) ) ;
#2573 = CARTESIAN_POINT ( 'NONE',  ( -115.1197999999999979, -33.19743877900000228, 18.45745920200000256 ) ) ;
#2574 = VECTOR ( 'NONE', #1261, 1000.000000000000114 ) ;
#2575 = AXIS2_PLACEMENT_3D ( 'NONE', #351, #2297, #2820 ) ;
#2576 = CIRCLE ( 'NONE', #2566, 5.100000000000000533 ) ;
#2577 = ORIENTED_EDGE ( 'NONE', *, *, #2387, .T. ) ;
#2578 = VECTOR ( 'NONE', #3512, 1000.000000000000000 ) ;
#2579 = DIRECTION ( 'NONE',  ( 0.000000000000000000, 0.000000000000000000, -1.000000000000000000 ) ) ;
#2580 = EDGE_CURVE ( 'NONE', #556, #2349, #596, .T. ) ;
#2581 = ORIENTED_EDGE ( 'NONE', *, *, #1099, .F. ) ;
#2582 = PLANE ( 'NONE',  #2063 ) ;
#2583 = DIRECTION ( 'NONE',  ( -1.000000000000000000, 0.000000000000000000, 0.000000000000000000 ) ) ;
#2584 = VERTEX_POINT ( 'NONE', #3211 ) ;
#2585 = B_SPLINE_CURVE_WITH_KNOTS ( 'NONE', 1,
 ( #2141, #2952 ),
 .UNSPECIFIED., .F., .F.,
 ( 2, 2 ),
 ( 0.000000000000000000, 1.000000000000000000 ),
 .UNSPECIFIED. ) ;
#2586 = DIRECTION ( 'NONE',  ( 0.000000000000000000, -0.7071067811865475727, -0.7071067811865475727 ) ) ;
#2587 = CARTESIAN_POINT ( 'NONE',  ( 151.0198000000000036, -52.74743877900000655, 7.264565985000000836 ) ) ;
#2588 = VERTEX_POINT ( 'NONE', #1569 ) ;
#2589 = ORIENTED_EDGE ( 'NONE', *, *, #2440, .T. ) ;
#2590 = DIRECTION ( 'NONE',  ( -0.000000000000000000, 1.000000000000000000, -0.000000000000000000 ) ) ;
#2591 = DESIGN_CONTEXT ( 'detailed design', #1826, 'design' ) ;
#2592 = ORIENTED_EDGE ( 'NONE', *, *, #617, .F. ) ;
#2593 = VERTEX_POINT ( 'NONE', #1605 ) ;
#2594 = CARTESIAN_POINT ( 'NONE',  ( 137.5149060519999864, -50.24743877899999944, 18.45745920200000256 ) ) ;
#2595 = EDGE_CURVE ( 'NONE', #154, #2942, #3073, .T. ) ;
#2596 = CARTESIAN_POINT ( 'NONE',  ( -148.8697999999999979, 3.100000000000000533, 5.714565985000024106 ) ) ;
#2597 = DIRECTION ( 'NONE',  ( 0.000000000000000000, -0.8660254037844383745, -0.5000000000000004441 ) ) ;
#2598 = CLOSED_SHELL ( 'NONE', ( #1021, #2962, #830, #1874, #283, #2922, #3198, #3233, #762, #2885, #3470, #1732, #3026, #745, #809, #224, #846, #2073, #1612, #2946, #1659, #598, #914, #1785, #1361, #164, #2382, #3401, #263, #1923, #24, #408, #2361, #2216, #1307, #3100, #3297, #336, #3502, #795, #1089, #2716, #2864, #2695, #427, #2403, #724, #2641, #1940, #976, #512, #2733, #1550, #2053, #671, #529, #445, #244, #2108, #1644, #1323, #2748, #3178, #1674, #147, #3448, #3436, #1339, #5, #777, #2254, #2676, #1114, #2169, #563, #1056, #3487, #689, #2810, #1822, #1073, #2186, #3330, #310, #2600, #2430, #1150, #2997, #2147, #497, #350, #463, #2480, #3415, #634, #1909, #3267, #2012, #1890, #1798, #2463, #206, #2760, #109, #1591, #1628, #579, #476, #2905, #2444, #2979, #298, #1519, #545, #1396, #1497, #2776, #1244, #2129 ) ) ;
#2599 = EDGE_CURVE ( 'NONE', #574, #2044, #3518, .T. ) ;
#2600 = ADVANCED_FACE ( 'NONE', ( #1345 ), #562, .F. ) ;
#2601 = CARTESIAN_POINT ( 'NONE',  ( -116.9198000000000093, -33.19743877900000228, 18.45745920200000256 ) ) ;
#2602 = CYLINDRICAL_SURFACE ( 'NONE', #2815, 2.000000000000001776 ) ;
#2603 = CARTESIAN_POINT ( 'NONE',  ( 141.9198000000000093, -31.79404999999999859, 24.25745920200000327 ) ) ;
#2604 = CIRCLE ( 'NONE', #2807, 5.299999999999998934 ) ;
#2605 = CARTESIAN_POINT ( 'NONE',  ( -114.9198000000000093, -48.24743877899999944, 23.65745920200000185 ) ) ;
#2606 = ORIENTED_EDGE ( 'NONE', *, *, #2838, .F. ) ;
#2607 = PERSON_AND_ORGANIZATION_ROLE ( 'classification_officer' ) ;
#2608 = DIRECTION ( 'NONE',  ( 0.000000000000000000, 1.000000000000000000, 0.000000000000000000 ) ) ;
#2609 = ORIENTED_EDGE ( 'NONE', *, *, #2125, .T. ) ;
#2610 = CARTESIAN_POINT ( 'NONE',  ( -143.5198000000000036, 44.24066122100000342, 18.45745920200000256 ) ) ;
#2611 = EDGE_LOOP ( 'NONE', ( #1263, #151, #492, #176 ) ) ;
#2612 = CARTESIAN_POINT ( 'NONE',  ( 117.5207902190000055, -31.19405000000000072, 23.65745920200000185 ) ) ;
#2613 = VECTOR ( 'NONE', #2427, 1000.000000000000114 ) ;
#2614 = LINE ( 'NONE', #2901, #1894 ) ;
#2615 = CARTESIAN_POINT ( 'NONE',  ( -144.0176679650000153, -14.12541377900000050, 7.987459202000001035 ) ) ;
#2616 = EDGE_CURVE ( 'NONE', #2687, #1026, #2100, .T. ) ;
#2617 = CONICAL_SURFACE ( 'NONE', #2511, 5.299999999999998934, 0.7853981625000003852 ) ;
#2618 = CARTESIAN_POINT ( 'NONE',  ( -146.5198000000000036, 0.000000000000000000, 22.26750970799999862 ) ) ;
#2619 = VECTOR ( 'NONE', #2679, 1000.000000000000000 ) ;
#2620 = DATE_AND_TIME ( #237, #956 ) ;
#2621 = DIRECTION ( 'NONE',  ( 0.000000000000000000, -1.000000000000000000, 0.000000000000000000 ) ) ;
#2622 = AXIS2_PLACEMENT_3D ( 'NONE', #1613, #2412, #208 ) ;
#2623 = DIRECTION ( 'NONE',  ( 0.000000000000000000, 0.000000000000000000, 1.000000000000000000 ) ) ;
#2624 = FACE_OUTER_BOUND ( 'NONE', #189, .T. ) ;
#2625 = ORIENTED_EDGE ( 'NONE', *, *, #103, .F. ) ;
#2626 = DIRECTION ( 'NONE',  ( 0.000000000000000000, 0.000000000000000000, 1.000000000000000000 ) ) ;
#2627 = VECTOR ( 'NONE', #1779, 1000.000000000000000 ) ;
#2628 = CIRCLE ( 'NONE', #1460, 2.000000000000001776 ) ;
#2629 = VERTEX_POINT ( 'NONE', #2743 ) ;
#2630 = CARTESIAN_POINT ( 'NONE',  ( 141.9198000000000093, -31.19405000000000072, 18.65745920200000185 ) ) ;
#2631 = EDGE_CURVE ( 'NONE', #3085, #3329, #262, .T. ) ;
#2632 = AXIS2_PLACEMENT_3D ( 'NONE', #1472, #2866, #1746 ) ;
#2633 = DIRECTION ( 'NONE',  ( 1.000000000000000000, 0.000000000000000000, 0.000000000000000000 ) ) ;
#2634 = DIRECTION ( 'NONE',  ( -1.000000000000000000, 0.000000000000000000, 0.000000000000000000 ) ) ;
#2635 = VERTEX_POINT ( 'NONE', #1629 ) ;
#2636 = DIRECTION ( 'NONE',  ( -1.000000000000000000, 0.000000000000000000, 0.000000000000000000 ) ) ;
#2637 = CARTESIAN_POINT ( 'NONE',  ( -72.80989999999999895, -57.24743877899999944, 18.25745920199999972 ) ) ;
#2638 = ORIENTED_EDGE ( 'NONE', *, *, #1463, .F. ) ;
#2639 = ORIENTED_EDGE ( 'NONE', *, *, #3416, .T. ) ;
#2640 = LINE ( 'NONE', #3368, #2398 ) ;
#2641 = ADVANCED_FACE ( 'NONE', ( #2456 ), #1387, .F. ) ;
#2642 = DIRECTION ( 'NONE',  ( -0.7071067811865474617, 0.000000000000000000, 0.7071067811865474617 ) ) ;
#2643 = ORIENTED_EDGE ( 'NONE', *, *, #1889, .T. ) ;
#2644 = DIRECTION ( 'NONE',  ( 0.000000000000000000, -1.000000000000000000, 0.000000000000000000 ) ) ;
#2645 = CARTESIAN_POINT ( 'NONE',  ( 149.0298505060000025, -52.74743877900000655, 24.25745920400000344 ) ) ;
#2646 = DIRECTION ( 'NONE',  ( 1.000000000000000000, -0.000000000000000000, 0.000000000000000000 ) ) ;
#2647 = CARTESIAN_POINT ( 'NONE',  ( -141.3197999999999865, -31.19743877900000228, 18.65745920200000185 ) ) ;
#2648 = VECTOR ( 'NONE', #2397, 1000.000000000000000 ) ;
#2649 = CARTESIAN_POINT ( 'NONE',  ( -146.5198000000000036, -43.62541377899999873, 8.487459202000001923 ) ) ;
#2650 = CARTESIAN_POINT ( 'NONE',  ( 115.7207902190000084, -48.24743877899999944, 18.45745920200000256 ) ) ;
#2651 = VECTOR ( 'NONE', #3421, 1000.000000000000000 ) ;
#2652 = EDGE_CURVE ( 'NONE', #825, #2744, #1521, .T. ) ;
#2653 = CARTESIAN_POINT ( 'NONE',  ( -141.5198000000000036, -57.24743877899999944, 18.25745920199999972 ) ) ;
#2654 = DIRECTION ( 'NONE',  ( -0.000000000000000000, 0.5000000000000004441, -0.8660254037844383745 ) ) ;
#2655 = ORIENTED_EDGE ( 'NONE', *, *, #1835, .F. ) ;
#2656 = CARTESIAN_POINT ( 'NONE',  ( 113.5207902189999913, -50.24743877899999944, 23.65745920200000185 ) ) ;
#2657 = CARTESIAN_POINT ( 'NONE',  ( 126.4249060519999972, -57.14743877899999802, 26.15745920200000185 ) ) ;
#2658 = LINE ( 'NONE', #2260, #1852 ) ;
#2659 = CONICAL_SURFACE ( 'NONE', #3054, 2.599999999999991207, 0.7853981625000003852 ) ;
#2660 = ORIENTED_EDGE ( 'NONE', *, *, #3406, .F. ) ;
#2661 = FACE_OUTER_BOUND ( 'NONE', #1789, .T. ) ;
#2662 = CARTESIAN_POINT ( 'NONE',  ( 148.6697999990000199, 1.599999999999997868, 22.26750970799997731 ) ) ;
#2663 = VERTEX_POINT ( 'NONE', #1375 ) ;
#2664 = DIRECTION ( 'NONE',  ( -1.000000000000000000, -0.000000000000000000, -0.000000000000000000 ) ) ;
#2665 = EDGE_CURVE ( 'NONE', #2044, #2259, #92, .T. ) ;
#2666 = LINE ( 'NONE', #3358, #367 ) ;
#2667 = DIRECTION ( 'NONE',  ( 0.000000000000000000, 0.000000000000000000, 1.000000000000000000 ) ) ;
#2668 = CARTESIAN_POINT ( 'NONE',  ( -146.5198000000000036, -42.92541377899999588, 10.77243394899999984 ) ) ;
#2669 = ORIENTED_EDGE ( 'NONE', *, *, #1763, .F. ) ;
#2670 = CARTESIAN_POINT ( 'NONE',  ( 136.5149060519999864, -56.74743877899999944, 22.65745920200000185 ) ) ;
#2671 = AXIS2_PLACEMENT_3D ( 'NONE', #2518, #2768, #1152 ) ;
#2672 = CARTESIAN_POINT ( 'NONE',  ( 136.5149060519999864, -50.24743877899999944, 19.45745920199999901 ) ) ;
#2673 = CARTESIAN_POINT ( 'NONE',  ( -146.5198000000000036, -13.62541377900000050, 9.782484455000000523 ) ) ;
#2674 = EDGE_LOOP ( 'NONE', ( #803, #2879, #2844, #2837 ) ) ;
#2675 = ORIENTED_EDGE ( 'NONE', *, *, #473, .F. ) ;
#2676 = ADVANCED_FACE ( 'NONE', ( #3508 ), #1006, .F. ) ;
#2677 = CARTESIAN_POINT ( 'NONE',  ( 137.5149060519999864, -41.24743877899999944, 18.45745920200000256 ) ) ;
#2678 = EDGE_CURVE ( 'NONE', #1410, #2428, #788, .T. ) ;
#2679 = DIRECTION ( 'NONE',  ( 0.000000000000000000, 0.000000000000000000, -1.000000000000000000 ) ) ;
#2680 = VECTOR ( 'NONE', #2416, 1000.000000000000000 ) ;
#2681 = VERTEX_POINT ( 'NONE', #2708 ) ;
#2682 = ORIENTED_EDGE ( 'NONE', *, *, #3077, .T. ) ;
#2683 = CARTESIAN_POINT ( 'NONE',  ( -116.9198000000000093, -31.39743877900000157, 18.45745920200000256 ) ) ;
#2684 = DIRECTION ( 'NONE',  ( 0.000000000000000000, -1.000000000000000000, 0.000000000000000000 ) ) ;
#2685 = CARTESIAN_POINT ( 'NONE',  ( -112.9197999999999951, -48.24743877899999944, 24.25745920200000327 ) ) ;
#2686 = ORIENTED_EDGE ( 'NONE', *, *, #2106, .T. ) ;
#2687 = VERTEX_POINT ( 'NONE', #1340 ) ;
#2688 = FACE_OUTER_BOUND ( 'NONE', #766, .T. ) ;
#2689 = CARTESIAN_POINT ( 'NONE',  ( 145.4697999990000028, 3.600000000000000089, 5.557459201999999543 ) ) ;
#2690 = ORIENTED_EDGE ( 'NONE', *, *, #2910, .T. ) ;
#2691 = EDGE_CURVE ( 'NONE', #1035, #1326, #3424, .T. ) ;
#2692 = CARTESIAN_POINT ( 'NONE',  ( -0.05000000000000000278, -1.803388779000000053, 5.557459201999999543 ) ) ;
#2693 = PLANE ( 'NONE',  #13 ) ;
#2694 = AXIS2_PLACEMENT_3D ( 'NONE', #3157, #3399, #2304 ) ;
#2695 = ADVANCED_FACE ( 'NONE', ( #1433 ), #537, .T. ) ;
#2696 = CARTESIAN_POINT ( 'NONE',  ( 157.7462718619999862, 3.600000000000000089, 13.99103784500003478 ) ) ;
#2697 = CARTESIAN_POINT ( 'NONE',  ( 116.1207902189999999, -33.19405000000000427, 24.25745920200000327 ) ) ;
#2698 = CIRCLE ( 'NONE', #1400, 6.999999999999999112 ) ;
#2699 = EDGE_CURVE ( 'NONE', #1109, #163, #2024, .T. ) ;
#2700 = ORIENTED_EDGE ( 'NONE', *, *, #902, .F. ) ;
#2701 = VECTOR ( 'NONE', #67, 1000.000000000000114 ) ;
#2702 = CARTESIAN_POINT ( 'NONE',  ( 148.6697999990000199, 1.800000000000000044, 21.92109954648619663 ) ) ;
#2703 = FACE_BOUND ( 'NONE', #924, .T. ) ;
#2704 = VERTEX_POINT ( 'NONE', #1090 ) ;
#2705 =( GEOMETRIC_REPRESENTATION_CONTEXT ( 3 ) GLOBAL_UNCERTAINTY_ASSIGNED_CONTEXT ( ( #2272 ) ) GLOBAL_UNIT_ASSIGNED_CONTEXT ( ( #964, #1797, #975 ) ) REPRESENTATION_CONTEXT ( 'NONE', 'WORKASPACE' ) );
#2706 = CARTESIAN_POINT ( 'NONE',  ( -115.5198000000000036, -2.003388778999999786, 24.25745920200000327 ) ) ;
#2707 = LINE ( 'NONE', #1839, #2160 ) ;
#2708 = CARTESIAN_POINT ( 'NONE',  ( -148.8697999999999979, 3.100000000000000089, 19.49622841588981714 ) ) ;
#2709 = LINE ( 'NONE', #1264, #860 ) ;
#2710 = ORIENTED_EDGE ( 'NONE', *, *, #2678, .T. ) ;
#2711 = PLANE ( 'NONE',  #173 ) ;
#2712 = APPROVAL_PERSON_ORGANIZATION ( #862, #3422, #1568 ) ;
#2713 = FACE_OUTER_BOUND ( 'NONE', #2462, .T. ) ;
#2714 = ORIENTED_EDGE ( 'NONE', *, *, #3032, .F. ) ;
#2715 = LINE ( 'NONE', #2266, #575 ) ;
#2716 = ADVANCED_FACE ( 'NONE', ( #2828 ), #1367, .T. ) ;
#2717 = PLANE ( 'NONE',  #1760 ) ;
#2718 = CARTESIAN_POINT ( 'NONE',  ( -143.4197999999999809, -52.74743877900000655, 5.911012592999999704 ) ) ;
#2719 = EDGE_CURVE ( 'NONE', #1410, #1382, #3302, .T. ) ;
#2720 = ORIENTED_EDGE ( 'NONE', *, *, #2989, .T. ) ;
#2721 = ORIENTED_EDGE ( 'NONE', *, *, #1286, .F. ) ;
#2722 = CARTESIAN_POINT ( 'NONE',  ( -141.3197999999999865, -29.19743877900000228, 21.65745920200000185 ) ) ;
#2723 = AXIS2_PLACEMENT_3D ( 'NONE', #1241, #3133, #3410 ) ;
#2724 = EDGE_CURVE ( 'NONE', #614, #377, #3342, .T. ) ;
#2725 = CARTESIAN_POINT ( 'NONE',  ( 0.000000000000000000, -56.74743877899999944, 6.274639419000000551 ) ) ;
#2726 = EDGE_LOOP ( 'NONE', ( #535, #114, #113, #582 ) ) ;
#2727 = ORIENTED_EDGE ( 'NONE', *, *, #649, .F. ) ;
#2728 = DIRECTION ( 'NONE',  ( 0.7071067811865474617, -0.000000000000000000, 0.7071067811865474617 ) ) ;
#2729 = ORIENTED_EDGE ( 'NONE', *, *, #1708, .F. ) ;
#2730 = AXIS2_PLACEMENT_3D ( 'NONE', #626, #2812, #2270 ) ;
#2731 = ORIENTED_EDGE ( 'NONE', *, *, #632, .T. ) ;
#2732 = DIRECTION ( 'NONE',  ( 0.000000000000000000, 1.000000000000000000, 0.000000000000000000 ) ) ;
#2733 = ADVANCED_FACE ( 'NONE', ( #2713 ), #3527, .F. ) ;
#2734 = CARTESIAN_POINT ( 'NONE',  ( 5.259999999999999787, -51.44743877900000228, 20.80745920200000043 ) ) ;
#2735 = ORIENTED_EDGE ( 'NONE', *, *, #1754, .F. ) ;
#2736 = DIRECTION ( 'NONE',  ( -1.000000000000000000, 0.000000000000000000, 0.000000000000000000 ) ) ;
#2737 = FACE_OUTER_BOUND ( 'NONE', #1589, .T. ) ;
#2738 = EDGE_CURVE ( 'NONE', #789, #1450, #2875, .T. ) ;
#2739 = CARTESIAN_POINT ( 'NONE',  ( -116.9198000000000093, -31.19743877900000228, 18.65745920200000185 ) ) ;
#2740 = FACE_OUTER_BOUND ( 'NONE', #399, .T. ) ;
#2741 = FACE_OUTER_BOUND ( 'NONE', #3005, .T. ) ;
#2742 = AXIS2_PLACEMENT_3D ( 'NONE', #1770, #3391, #938 ) ;
#2743 = CARTESIAN_POINT ( 'NONE',  ( 149.4697999990000028, 1.799999999999999600, 5.714565981999999877 ) ) ;
#2744 = VERTEX_POINT ( 'NONE', #2154 ) ;
#2745 = EDGE_CURVE ( 'NONE', #719, #631, #491, .T. ) ;
#2746 = AXIS2_PLACEMENT_3D ( 'NONE', #236, #510, #472 ) ;
#2747 = VECTOR ( 'NONE', #428, 1000.000000000000000 ) ;
#2748 = ADVANCED_FACE ( 'NONE', ( #2624 ), #3264, .F. ) ;
#2749 = ORIENTED_EDGE ( 'NONE', *, *, #2146, .T. ) ;
#2750 = CARTESIAN_POINT ( 'NONE',  ( -144.0198000000000036, -28.62541377900000228, 7.987459202000001035 ) ) ;
#2751 = LINE ( 'NONE', #330, #58 ) ;
#2752 = ORIENTED_EDGE ( 'NONE', *, *, #1856, .T. ) ;
#2753 = FACE_OUTER_BOUND ( 'NONE', #396, .T. ) ;
#2754 = DIRECTION ( 'NONE',  ( 0.7071067811865279218, 0.000000000000000000, -0.7071067811865670016 ) ) ;
#2755 = ORIENTED_EDGE ( 'NONE', *, *, #1130, .F. ) ;
#2756 = ORIENTED_EDGE ( 'NONE', *, *, #1, .T. ) ;
#2757 = DIRECTION ( 'NONE',  ( 0.000000000000000000, 0.000000000000000000, 1.000000000000000000 ) ) ;
#2758 = AXIS2_PLACEMENT_3D ( 'NONE', #3123, #177, #2351 ) ;
#2759 = ORIENTED_EDGE ( 'NONE', *, *, #322, .F. ) ;
#2760 = ADVANCED_FACE ( 'NONE', ( #1901 ), #3319, .T. ) ;
#2761 = CARTESIAN_POINT ( 'NONE',  ( 116.1207902189999999, -2.003388778999999786, 24.25745920200000327 ) ) ;
#2762 = ORIENTED_EDGE ( 'NONE', *, *, #2563, .F. ) ;
#2763 = VERTEX_POINT ( 'NONE', #307 ) ;
#2764 = EDGE_CURVE ( 'NONE', #3513, #1231, #2246, .T. ) ;
#2765 = ORIENTED_EDGE ( 'NONE', *, *, #2738, .T. ) ;
#2766 = ORIENTED_EDGE ( 'NONE', *, *, #455, .F. ) ;
#2767 = LINE ( 'NONE', #2783, #2046 ) ;
#2768 = DIRECTION ( 'NONE',  ( -1.000000000000000000, 0.000000000000000000, 0.000000000000000000 ) ) ;
#2769 = DIRECTION ( 'NONE',  ( -0.7071067811865475727, 0.000000000000000000, 0.7071067811865475727 ) ) ;
#2770 = LINE ( 'NONE', #1001, #165 ) ;
#2771 = DIRECTION ( 'NONE',  ( -0.000000000000000000, 0.4999999999999985012, -0.8660254037844394848 ) ) ;
#2772 = VECTOR ( 'NONE', #3311, 1000.000000000000000 ) ;
#2773 = EDGE_CURVE ( 'NONE', #2035, #856, #2791, .T. ) ;
#2774 = DIRECTION ( 'NONE',  ( 0.000000000000000000, 0.000000000000000000, -1.000000000000000000 ) ) ;
#2775 = ORIENTED_EDGE ( 'NONE', *, *, #455, .T. ) ;
#2776 = ADVANCED_FACE ( 'NONE', ( #3089 ), #878, .F. ) ;
#2777 = DIRECTION ( 'NONE',  ( 1.000000000000000000, 0.000000000000000000, 0.000000000000000000 ) ) ;
#2778 = AXIS2_PLACEMENT_3D ( 'NONE', #818, #2205, #2993 ) ;
#2779 = EDGE_CURVE ( 'NONE', #3419, #3062, #451, .T. ) ;
#2780 = VECTOR ( 'NONE', #1543, 1000.000000000000000 ) ;
#2781 = DIRECTION ( 'NONE',  ( 1.000000000000000000, 0.000000000000000000, 0.000000000000000000 ) ) ;
#2782 = ORIENTED_EDGE ( 'NONE', *, *, #1983, .F. ) ;
#2783 = CARTESIAN_POINT ( 'NONE',  ( 0.000000000000000000, 1.599999999999997868, 22.26750970799997731 ) ) ;
#2784 = LINE ( 'NONE', #1335, #2613 ) ;
#2785 = VECTOR ( 'NONE', #2667, 1000.000000000000000 ) ;
#2786 = LINE ( 'NONE', #842, #2018 ) ;
#2787 = VECTOR ( 'NONE', #3465, 1000.000000000000000 ) ;
#2788 = ORIENTED_EDGE ( 'NONE', *, *, #2860, .T. ) ;
#2789 = AXIS2_PLACEMENT_3D ( 'NONE', #2692, #3450, #1861 ) ;
#2790 = CARTESIAN_POINT ( 'NONE',  ( 146.2697999989999857, 2.694222958124194756E-16, 5.557459201999999543 ) ) ;
#2791 = LINE ( 'NONE', #2523, #2378 ) ;
#2792 = EDGE_LOOP ( 'NONE', ( #2937, #584, #1092, #1833 ) ) ;
#2793 = LINE ( 'NONE', #1227, #1862 ) ;
#2794 = ORIENTED_EDGE ( 'NONE', *, *, #1694, .F. ) ;
#2795 = DIRECTION ( 'NONE',  ( 1.000000000000000000, 0.000000000000000000, 0.000000000000000000 ) ) ;
#2796 = EDGE_CURVE ( 'NONE', #1406, #3435, #2576, .T. ) ;
#2797 = ORIENTED_EDGE ( 'NONE', *, *, #858, .F. ) ;
#2798 = CIRCLE ( 'NONE', #590, 2.000000000000001776 ) ;
#2799 = CARTESIAN_POINT ( 'NONE',  ( -146.5198000000000036, -43.62541377899999873, 8.487459202000001923 ) ) ;
#2800 = CARTESIAN_POINT ( 'NONE',  ( 144.5198000000000036, -29.19405000000000072, 24.25745920200000327 ) ) ;
#2801 = ORIENTED_EDGE ( 'NONE', *, *, #3180, .T. ) ;
#2802 = ORIENTED_EDGE ( 'NONE', *, *, #1401, .F. ) ;
#2803 = VERTEX_POINT ( 'NONE', #48 ) ;
#2804 = EDGE_LOOP ( 'NONE', ( #1691, #1023, #207, #2153 ) ) ;
#2805 = EDGE_CURVE ( 'NONE', #2466, #1558, #1167, .T. ) ;
#2806 = LINE ( 'NONE', #960, #1449 ) ;
#2807 = AXIS2_PLACEMENT_3D ( 'NONE', #123, #1504, #3402 ) ;
#2808 = DIRECTION ( 'NONE',  ( -0.7071067811865474617, 0.000000000000000000, 0.7071067811865474617 ) ) ;
#2809 = FACE_OUTER_BOUND ( 'NONE', #2177, .T. ) ;
#2810 = ADVANCED_FACE ( 'NONE', ( #364 ), #1716, .F. ) ;
#2811 = PLANE ( 'NONE',  #2220 ) ;
#2812 = DIRECTION ( 'NONE',  ( -0.000000000000000000, 1.000000000000000000, 0.000000000000000000 ) ) ;
#2813 = PLANE ( 'NONE',  #19 ) ;
#2814 = CARTESIAN_POINT ( 'NONE',  ( -143.7348252539999862, -14.32541377799999971, 7.987459202000001035 ) ) ;
#2815 = AXIS2_PLACEMENT_3D ( 'NONE', #962, #3114, #3107 ) ;
#2816 = ORIENTED_EDGE ( 'NONE', *, *, #2550, .F. ) ;
#2817 = FACE_OUTER_BOUND ( 'NONE', #2188, .T. ) ;
#2818 = LINE ( 'NONE', #212, #2111 ) ;
#2819 = CYLINDRICAL_SURFACE ( 'NONE', #544, 2.000000000000001776 ) ;
#2820 = DIRECTION ( 'NONE',  ( -0.7071067811865475727, 0.000000000000000000, 0.7071067811865475727 ) ) ;
#2821 = AXIS2_PLACEMENT_3D ( 'NONE', #1971, #903, #628 ) ;
#2822 = VECTOR ( 'NONE', #891, 1000.000000000000000 ) ;
#2823 = ORIENTED_EDGE ( 'NONE', *, *, #3205, .T. ) ;
#2824 = EDGE_CURVE ( 'NONE', #185, #3130, #2751, .T. ) ;
#2825 = VECTOR ( 'NONE', #549, 1000.000000000000000 ) ;
#2826 = CARTESIAN_POINT ( 'NONE',  ( -143.3197999999999865, -29.19743877900000228, 18.65745920200000185 ) ) ;
#2827 = CARTESIAN_POINT ( 'NONE',  ( 148.6697999990000199, 0.000000000000000000, 22.26750970799997731 ) ) ;
#2828 = FACE_OUTER_BOUND ( 'NONE', #2829, .T. ) ;
#2829 = EDGE_LOOP ( 'NONE', ( #2075, #2091, #1105, #3473 ) ) ;
#2830 = LINE ( 'NONE', #3400, #1564 ) ;
#2831 = CARTESIAN_POINT ( 'NONE',  ( -141.3197999999999865, -31.79743877900000015, 24.25745920200000327 ) ) ;
#2832 = CC_DESIGN_SECURITY_CLASSIFICATION ( #2291, ( #1066 ) ) ;
#2833 = ORIENTED_EDGE ( 'NONE', *, *, #1359, .T. ) ;
#2834 = DIRECTION ( 'NONE',  ( 0.000000000000000000, 0.7071067811865475727, -0.7071067811865475727 ) ) ;
#2835 = VERTEX_POINT ( 'NONE', #848 ) ;
#2836 = DIRECTION ( 'NONE',  ( 0.000000000000000000, 0.000000000000000000, 1.000000000000000000 ) ) ;
#2837 = ORIENTED_EDGE ( 'NONE', *, *, #1717, .T. ) ;
#2838 = EDGE_CURVE ( 'NONE', #592, #1944, #1310, .T. ) ;
#2839 = ORIENTED_EDGE ( 'NONE', *, *, #2691, .T. ) ;
#2840 = CARTESIAN_POINT ( 'NONE',  ( -114.9198000000000093, -40.72243877900000086, 18.65745920200000185 ) ) ;
#2841 = ORIENTED_EDGE ( 'NONE', *, *, #603, .F. ) ;
#2842 = DIRECTION ( 'NONE',  ( 0.000000000000000000, 1.000000000000000000, 0.000000000000000000 ) ) ;
#2843 = FACE_OUTER_BOUND ( 'NONE', #2611, .T. ) ;
#2844 = ORIENTED_EDGE ( 'NONE', *, *, #2967, .F. ) ;
#2845 = ORIENTED_EDGE ( 'NONE', *, *, #683, .T. ) ;
#2846 = AXIS2_PLACEMENT_3D ( 'NONE', #2484, #623, #864 ) ;
#2847 = CARTESIAN_POINT ( 'NONE',  ( 143.9197999999999809, -20.30338877899999872, 5.757459202000000609 ) ) ;
#2848 = EDGE_CURVE ( 'NONE', #2955, #2428, #1978, .T. ) ;
#2849 = ORIENTED_EDGE ( 'NONE', *, *, #357, .T. ) ;
#2850 = CARTESIAN_POINT ( 'NONE',  ( 164.2699060519999819, -57.14743877899999802, 19.65745920200000185 ) ) ;
#2851 = DIRECTION ( 'NONE',  ( 0.000000000000000000, 1.000000000000000000, 0.000000000000000000 ) ) ;
#2852 = DIRECTION ( 'NONE',  ( -0.000000000000000000, -1.000000000000000000, -0.000000000000000000 ) ) ;
#2853 = FACE_OUTER_BOUND ( 'NONE', #1626, .T. ) ;
#2854 = DIRECTION ( 'NONE',  ( 0.7071067811865521247, -0.000000000000000000, 0.7071067811865429098 ) ) ;
#2855 = DIRECTION ( 'NONE',  ( -0.000000000000000000, -1.000000000000000000, -0.000000000000000000 ) ) ;
#2856 = VECTOR ( 'NONE', #2401, 1000.000000000000114 ) ;
#2857 = DIRECTION ( 'NONE',  ( 0.000000000000000000, 0.000000000000000000, 1.000000000000000000 ) ) ;
#2858 = PLANE ( 'NONE',  #1141 ) ;
#2859 = EDGE_LOOP ( 'NONE', ( #2759, #3506, #2643, #1695, #132, #2833 ) ) ;
#2860 = EDGE_CURVE ( 'NONE', #1954, #806, #1817, .T. ) ;
#2861 = CARTESIAN_POINT ( 'NONE',  ( 144.5198000000000036, 0.000000000000000000, 24.25745920200000327 ) ) ;
#2862 = VECTOR ( 'NONE', #140, 1000.000000000000000 ) ;
#2863 = VERTEX_POINT ( 'NONE', #343 ) ;
#2864 = ADVANCED_FACE ( 'NONE', ( #1262 ), #869, .T. ) ;
#2865 = CARTESIAN_POINT ( 'NONE',  ( -143.7348252529999968, -14.32541377799999971, 7.987459202000001035 ) ) ;
#2866 = DIRECTION ( 'NONE',  ( 0.000000000000000000, 0.000000000000000000, -1.000000000000000000 ) ) ;
#2867 = LINE ( 'NONE', #2689, #400 ) ;
#2868 = VECTOR ( 'NONE', #3219, 1000.000000000000000 ) ;
#2869 = DIRECTION ( 'NONE',  ( 0.000000000000000000, 1.000000000000000000, 0.000000000000000000 ) ) ;
#2870 = LINE ( 'NONE', #1316, #3129 ) ;
#2871 = ORIENTED_EDGE ( 'NONE', *, *, #701, .T. ) ;
#2872 = CALENDAR_DATE ( 2025, 26, 11 ) ;
#2873 = FACE_OUTER_BOUND ( 'NONE', #2920, .T. ) ;
#2874 = EDGE_CURVE ( 'NONE', #2556, #1338, #2120, .T. ) ;
#2875 = CIRCLE ( 'NONE', #3156, 1.399999999999998579 ) ;
#2876 = ORIENTED_EDGE ( 'NONE', *, *, #2967, .T. ) ;
#2877 = CARTESIAN_POINT ( 'NONE',  ( 136.5149060519999864, -50.24743877899999944, 19.45745920199999901 ) ) ;
#2878 = DIRECTION ( 'NONE',  ( 0.000000000000000000, 0.7071067811865474617, 0.7071067811865474617 ) ) ;
#2879 = ORIENTED_EDGE ( 'NONE', *, *, #897, .T. ) ;
#2880 = DIRECTION ( 'NONE',  ( -0.7071067811865474617, 0.000000000000000000, -0.7071067811865474617 ) ) ;
#2881 = CARTESIAN_POINT ( 'NONE',  ( 113.5207902189999913, -48.24743877899999944, 22.65745920200000185 ) ) ;
#2882 = CARTESIAN_POINT ( 'NONE',  ( 146.7198000000000206, -21.00338877899999801, 5.757459202000000609 ) ) ;
#2883 = ORIENTED_EDGE ( 'NONE', *, *, #1278, .F. ) ;
#2884 = VERTEX_POINT ( 'NONE', #1477 ) ;
#2885 = ADVANCED_FACE ( 'NONE', ( #1353 ), #1740, .T. ) ;
#2886 = ORIENTED_EDGE ( 'NONE', *, *, #126, .T. ) ;
#2887 = ORIENTED_EDGE ( 'NONE', *, *, #1595, .F. ) ;
#2888 = CARTESIAN_POINT ( 'NONE',  ( 151.0198000000000036, 31.86863622100000271, 18.95745920199999901 ) ) ;
#2889 = CARTESIAN_POINT ( 'NONE',  ( -143.4197999999999809, -52.74743877900000655, 7.264565986000000031 ) ) ;
#2890 = EDGE_CURVE ( 'NONE', #631, #2663, #904, .T. ) ;
#2891 = DIRECTION ( 'NONE',  ( -1.000000000000000000, 0.000000000000000000, 0.000000000000000000 ) ) ;
#2892 = CARTESIAN_POINT ( 'NONE',  ( -146.5198000000000036, -14.32541377799999971, 10.77243394899999984 ) ) ;
#2893 = ORIENTED_EDGE ( 'NONE', *, *, #945, .F. ) ;
#2894 = DIRECTION ( 'NONE',  ( 1.000000000000000000, 0.000000000000000000, 0.000000000000000000 ) ) ;
#2895 = ORIENTED_EDGE ( 'NONE', *, *, #729, .T. ) ;
#2896 = AXIS2_PLACEMENT_3D ( 'NONE', #1976, #1710, #872 ) ;
#2897 = EDGE_CURVE ( 'NONE', #978, #1094, #3181, .T. ) ;
#2898 = LINE ( 'NONE', #2178, #1452 ) ;
#2899 = CARTESIAN_POINT ( 'NONE',  ( -4.830000000000000071, -56.74743877899999944, 19.65745920200000185 ) ) ;
#2900 = FACE_OUTER_BOUND ( 'NONE', #3017, .T. ) ;
#2901 = CARTESIAN_POINT ( 'NONE',  ( -143.3197999999999865, -29.19743877900000228, 18.65745920200000185 ) ) ;
#2902 = AXIS2_PLACEMENT_3D ( 'NONE', #997, #1245, #1544 ) ;
#2903 = VECTOR ( 'NONE', #2345, 1000.000000000000000 ) ;
#2904 = PERSON_AND_ORGANIZATION_ROLE ( 'design_owner' ) ;
#2905 = ADVANCED_FACE ( 'NONE', ( #3007 ), #931, .T. ) ;
#2906 = LINE ( 'NONE', #1176, #939 ) ;
#2907 = ORIENTED_EDGE ( 'NONE', *, *, #1632, .T. ) ;
#2908 = LINE ( 'NONE', #129, #3457 ) ;
#2909 = DIRECTION ( 'NONE',  ( 0.000000000000000000, -1.000000000000000000, 0.000000000000000000 ) ) ;
#2910 = EDGE_CURVE ( 'NONE', #1818, #2482, #1562, .T. ) ;
#2911 = FACE_OUTER_BOUND ( 'NONE', #700, .T. ) ;
#2912 = CARTESIAN_POINT ( 'NONE',  ( 151.0198000000000036, -52.74743877900000655, 22.26750970500000193 ) ) ;
#2913 = LINE ( 'NONE', #3138, #2532 ) ;
#2914 = ORIENTED_EDGE ( 'NONE', *, *, #51, .F. ) ;
#2915 = CARTESIAN_POINT ( 'NONE',  ( 144.1197999999999979, -20.22054606600000071, 5.557459201999999543 ) ) ;
#2916 = COORDINATED_UNIVERSAL_TIME_OFFSET ( 8, 0, .AHEAD. ) ;
#2917 = APPROVAL_ROLE ( '' ) ;
#2918 = CARTESIAN_POINT ( 'NONE',  ( -116.9198000000000093, -31.19743877900000228, 23.65745920200000185 ) ) ;
#2919 = VECTOR ( 'NONE', #1441, 1000.000000000000000 ) ;
#2920 = EDGE_LOOP ( 'NONE', ( #459, #2886, #542, #1855, #2137, #2261 ) ) ;
#2921 = ORIENTED_EDGE ( 'NONE', *, *, #2505, .F. ) ;
#2922 = ADVANCED_FACE ( 'NONE', ( #1209 ), #916, .T. ) ;
#2923 = DIRECTION ( 'NONE',  ( 0.000000000000000000, -1.000000000000000000, 0.000000000000000000 ) ) ;
#2924 = EDGE_CURVE ( 'NONE', #65, #873, #3463, .T. ) ;
#2925 = DIRECTION ( 'NONE',  ( -1.000000000000000000, 0.000000000000000000, 0.000000000000000000 ) ) ;
#2926 = AXIS2_PLACEMENT_3D ( 'NONE', #2552, #373, #1720 ) ;
#2927 = EDGE_LOOP ( 'NONE', ( #2405, #2755, #2592, #1404 ) ) ;
#2928 = CARTESIAN_POINT ( 'NONE',  ( -141.3197999999999865, -31.19743877900000228, 23.65745920200000185 ) ) ;
#2929 = DIRECTION ( 'NONE',  ( 0.000000000000000000, 0.000000000000000000, -1.000000000000000000 ) ) ;
#2930 = ORIENTED_EDGE ( 'NONE', *, *, #871, .T. ) ;
#2931 = DIRECTION ( 'NONE',  ( 0.000000000000000000, 0.000000000000000000, -1.000000000000000000 ) ) ;
#2932 = CARTESIAN_POINT ( 'NONE',  ( -141.5198000000000036, -57.04743877900000371, 18.45745920200000256 ) ) ;
#2933 = ORIENTED_EDGE ( 'NONE', *, *, #649, .T. ) ;
#2934 = VERTEX_POINT ( 'NONE', #1752 ) ;
#2935 = LINE ( 'NONE', #1690, #2510 ) ;
#2936 = CYLINDRICAL_SURFACE ( 'NONE', #1291, 5.099999999999993427 ) ;
#2937 = ORIENTED_EDGE ( 'NONE', *, *, #2423, .T. ) ;
#2938 = DIRECTION ( 'NONE',  ( -1.000000000000000000, 0.000000000000000000, 0.000000000000000000 ) ) ;
#2939 = ORIENTED_EDGE ( 'NONE', *, *, #591, .F. ) ;
#2940 = VECTOR ( 'NONE', #3080, 1000.000000000000000 ) ;
#2941 = CARTESIAN_POINT ( 'NONE',  ( -146.5198000000000036, 3.100000000000000089, 19.49622841588981714 ) ) ;
#2942 = VERTEX_POINT ( 'NONE', #1490 ) ;
#2943 = CARTESIAN_POINT ( 'NONE',  ( -146.5198000000000036, -43.62541377899999873, 8.487459202000001923 ) ) ;
#2944 = PLANE ( 'NONE',  #198 ) ;
#2945 = AXIS2_PLACEMENT_3D ( 'NONE', #3468, #186, #2101 ) ;
#2946 = ADVANCED_FACE ( 'NONE', ( #1936, #1392 ), #663, .T. ) ;
#2947 = CARTESIAN_POINT ( 'NONE',  ( 141.6197999999999979, -57.24743877899999944, 18.25745920199999972 ) ) ;
#2948 = EDGE_CURVE ( 'NONE', #1338, #2005, #657, .T. ) ;
#2949 = FACE_OUTER_BOUND ( 'NONE', #635, .T. ) ;
#2950 = DIRECTION ( 'NONE',  ( -0.7071067811865475727, 0.000000000000000000, 0.7071067811865475727 ) ) ;
#2951 = LINE ( 'NONE', #2132, #2856 ) ;
#2952 = CARTESIAN_POINT ( 'NONE',  ( -148.7126932189999877, -52.74743877900000655, 5.557459201999999543 ) ) ;
#2953 = CARTESIAN_POINT ( 'NONE',  ( 141.6197999999999979, -57.24743877899999944, 5.757459202000000609 ) ) ;
#2954 = CARTESIAN_POINT ( 'NONE',  ( 136.5149060519999864, -50.24743877899999944, 19.45745920199999901 ) ) ;
#2955 = VERTEX_POINT ( 'NONE', #391 ) ;
#2956 = VECTOR ( 'NONE', #867, 1000.000000000000114 ) ;
#2957 = CARTESIAN_POINT ( 'NONE',  ( 115.5207902189999913, -48.24743877899999944, 23.65745920200000185 ) ) ;
#2958 = VECTOR ( 'NONE', #1585, 1000.000000000000114 ) ;
#2959 = ORIENTED_EDGE ( 'NONE', *, *, #3441, .F. ) ;
#2960 = LINE ( 'NONE', #1584, #314 ) ;
#2961 = LINE ( 'NONE', #2502, #1513 ) ;
#2962 = ADVANCED_FACE ( 'NONE', ( #2280 ), #116, .T. ) ;
#2963 = CARTESIAN_POINT ( 'NONE',  ( 117.5207902190000055, -31.79404999999999859, 24.25745920200000327 ) ) ;
#2964 = VECTOR ( 'NONE', #2163, 1000.000000000000114 ) ;
#2965 = ORIENTED_EDGE ( 'NONE', *, *, #1002, .T. ) ;
#2966 = CARTESIAN_POINT ( 'NONE',  ( -146.5198000000000036, -13.62541377900000050, 8.487459202000001923 ) ) ;
#2967 = EDGE_CURVE ( 'NONE', #3306, #3513, #88, .T. ) ;
#2968 = ORGANIZATION ( '未指定', '未指定', '' ) ;
#2969 = ORIENTED_EDGE ( 'NONE', *, *, #2106, .F. ) ;
#2970 = DIRECTION ( 'NONE',  ( 0.000000000000000000, 0.000000000000000000, -1.000000000000000000 ) ) ;
#2971 = EDGE_CURVE ( 'NONE', #2942, #1650, #358, .T. ) ;
#2972 = DIRECTION ( 'NONE',  ( 0.000000000000000000, -1.000000000000000000, 0.000000000000000000 ) ) ;
#2973 = ORIENTED_EDGE ( 'NONE', *, *, #257, .F. ) ;
#2974 = ORIENTED_EDGE ( 'NONE', *, *, #3060, .T. ) ;
#2975 = FACE_OUTER_BOUND ( 'NONE', #1319, .T. ) ;
#2976 = ORIENTED_EDGE ( 'NONE', *, *, #2339, .T. ) ;
#2977 = LINE ( 'NONE', #2555, #1276 ) ;
#2978 = DIRECTION ( 'NONE',  ( 0.000000000000000000, 0.000000000000000000, -1.000000000000000000 ) ) ;
#2979 = ADVANCED_FACE ( 'NONE', ( #184 ), #2582, .T. ) ;
#2980 = ORIENTED_EDGE ( 'NONE', *, *, #1796, .T. ) ;
#2981 = ORIENTED_EDGE ( 'NONE', *, *, #2058, .T. ) ;
#2982 = DIRECTION ( 'NONE',  ( 0.000000000000000000, 1.000000000000000000, 0.000000000000000000 ) ) ;
#2983 = ORIENTED_EDGE ( 'NONE', *, *, #1080, .T. ) ;
#2984 = CIRCLE ( 'NONE', #203, 2.000000000000001776 ) ;
#2985 = EDGE_CURVE ( 'NONE', #1450, #1574, #2241, .T. ) ;
#2986 = EDGE_LOOP ( 'NONE', ( #3063, #319, #819 ) ) ;
#2987 = CARTESIAN_POINT ( 'NONE',  ( 126.4249060519999972, -42.24743877899999944, 19.45745920199999901 ) ) ;
#2988 = LINE ( 'NONE', #1268, #1960 ) ;
#2989 = EDGE_CURVE ( 'NONE', #1722, #873, #1515, .T. ) ;
#2990 = DIRECTION ( 'NONE',  ( -0.7071067811865474617, 0.000000000000000000, 0.7071067811865474617 ) ) ;
#2991 = LINE ( 'NONE', #64, #2267 ) ;
#2992 = ORIENTED_EDGE ( 'NONE', *, *, #178, .T. ) ;
#2993 = DIRECTION ( 'NONE',  ( -1.000000000000000000, 0.000000000000000000, 0.000000000000000000 ) ) ;
#2994 = VECTOR ( 'NONE', #34, 1000.000000000000000 ) ;
#2995 = EDGE_CURVE ( 'NONE', #856, #825, #3175, .T. ) ;
#2996 = AXIS2_PLACEMENT_3D ( 'NONE', #479, #1551, #2636 ) ;
#2997 = ADVANCED_FACE ( 'NONE', ( #824 ), #352, .T. ) ;
#2998 = PLANE ( 'NONE',  #522 ) ;
#2999 = ORIENTED_EDGE ( 'NONE', *, *, #1314, .F. ) ;
#3000 = DIRECTION ( 'NONE',  ( -1.000000000000000000, 0.000000000000000000, -0.000000000000000000 ) ) ;
#3001 = LINE ( 'NONE', #612, #1552 ) ;
#3002 = LINE ( 'NONE', #682, #1119 ) ;
#3003 = DIRECTION ( 'NONE',  ( 1.000000000000000000, 0.000000000000000000, 0.000000000000000000 ) ) ;
#3004 = VECTOR ( 'NONE', #2536, 1000.000000000000000 ) ;
#3005 = EDGE_LOOP ( 'NONE', ( #691, #2983, #2589, #675 ) ) ;
#3006 = CARTESIAN_POINT ( 'NONE',  ( 126.4249060519999972, -42.24743877899999944, 19.45745920199999901 ) ) ;
#3007 = FACE_OUTER_BOUND ( 'NONE', #121, .T. ) ;
#3008 = ORIENTED_EDGE ( 'NONE', *, *, #1573, .T. ) ;
#3009 = ORIENTED_EDGE ( 'NONE', *, *, #553, .F. ) ;
#3010 = CARTESIAN_POINT ( 'NONE',  ( -114.9198000000000093, -33.19743877900000228, 18.65745920200000185 ) ) ;
#3011 = VERTEX_POINT ( 'NONE', #1206 ) ;
#3012 = DIRECTION ( 'NONE',  ( 0.000000000000000000, 0.000000000000000000, -1.000000000000000000 ) ) ;
#3013 = LINE ( 'NONE', #2043, #1102 ) ;
#3014 = EDGE_CURVE ( 'NONE', #100, #1178, #2709, .T. ) ;
#3015 = CARTESIAN_POINT ( 'NONE',  ( -148.8697999999999979, 1.550000000000000044, 22.26750970799999862 ) ) ;
#3016 = ORIENTED_EDGE ( 'NONE', *, *, #2948, .F. ) ;
#3017 = EDGE_LOOP ( 'NONE', ( #1698, #1140, #3176, #2544 ) ) ;
#3018 = CARTESIAN_POINT ( 'NONE',  ( -4.830000000000000071, -50.24743877899999944, 19.65745920200000185 ) ) ;
#3019 = EDGE_LOOP ( 'NONE', ( #296, #2344, #2669, #475 ) ) ;
#3020 = ORIENTED_EDGE ( 'NONE', *, *, #1739, .T. ) ;
#3021 = ORIENTED_EDGE ( 'NONE', *, *, #2176, .F. ) ;
#3022 = DIRECTION ( 'NONE',  ( 0.000000000000000000, 0.000000000000000000, -1.000000000000000000 ) ) ;
#3023 = ORIENTED_EDGE ( 'NONE', *, *, #2158, .T. ) ;
#3024 = DIRECTION ( 'NONE',  ( 0.000000000000000000, 0.000000000000000000, 1.000000000000000000 ) ) ;
#3025 = EDGE_CURVE ( 'NONE', #1232, #1471, #613, .T. ) ;
#3026 = ADVANCED_FACE ( 'NONE', ( #1684 ), #2858, .T. ) ;
#3027 = DIRECTION ( 'NONE',  ( 0.000000000000000000, -0.7071067811865474617, -0.7071067811865474617 ) ) ;
#3028 = VERTEX_POINT ( 'NONE', #127 ) ;
#3029 = VECTOR ( 'NONE', #2854, 1000.000000000000114 ) ;
#3030 = LINE ( 'NONE', #2042, #2363 ) ;
#3031 = AXIS2_PLACEMENT_3D ( 'NONE', #3188, #3203, #2869 ) ;
#3032 = EDGE_CURVE ( 'NONE', #43, #2420, #2275, .T. ) ;
#3033 = CARTESIAN_POINT ( 'NONE',  ( 148.6697999990000199, 1.200000000000001288, 22.96033003102752446 ) ) ;
#3034 = CARTESIAN_POINT ( 'NONE',  ( -143.4197999999999809, -52.74743877900000655, 22.26750970299999821 ) ) ;
#3035 = ORIENTED_EDGE ( 'NONE', *, *, #1060, .F. ) ;
#3036 = EDGE_CURVE ( 'NONE', #1231, #2584, #3505, .T. ) ;
#3037 = AXIS2_PLACEMENT_3D ( 'NONE', #521, #2437, #796 ) ;
#3038 = VECTOR ( 'NONE', #1561, 1000.000000000000000 ) ;
#3039 = EDGE_LOOP ( 'NONE', ( #1906, #2756, #1737 ) ) ;
#3040 = CARTESIAN_POINT ( 'NONE',  ( -150.4197999999999809, -52.74743877900000655, 7.264565986000000031 ) ) ;
#3041 = ORIENTED_EDGE ( 'NONE', *, *, #1595, .T. ) ;
#3042 = CIRCLE ( 'NONE', #774, 2.000000000000001776 ) ;
#3043 = LINE ( 'NONE', #928, #611 ) ;
#3044 = DIRECTION ( 'NONE',  ( 0.000000000000000000, 0.7071067811865474617, 0.7071067811865474617 ) ) ;
#3045 = VECTOR ( 'NONE', #1194, 1000.000000000000000 ) ;
#3046 = ORIENTED_EDGE ( 'NONE', *, *, #3344, .T. ) ;
#3047 = APPROVAL_PERSON_ORGANIZATION ( #3177, #2165, #2917 ) ;
#3048 = CARTESIAN_POINT ( 'NONE',  ( 137.5149060519999864, -41.24743877899999944, 18.45745920200000256 ) ) ;
#3049 = ORIENTED_EDGE ( 'NONE', *, *, #483, .T. ) ;
#3050 = EDGE_CURVE ( 'NONE', #889, #1600, #2913, .T. ) ;
#3051 = CARTESIAN_POINT ( 'NONE',  ( -143.7348252529999968, -42.92541377899999588, 7.987459202000001035 ) ) ;
#3052 = ORIENTED_EDGE ( 'NONE', *, *, #2773, .T. ) ;
#3053 = CARTESIAN_POINT ( 'NONE',  ( -116.9198000000000093, -31.19743877900000228, 18.65745920200000185 ) ) ;
#3054 = AXIS2_PLACEMENT_3D ( 'NONE', #2561, #78, #636 ) ;
#3055 = ORIENTED_EDGE ( 'NONE', *, *, #3433, .F. ) ;
#3056 = FACE_OUTER_BOUND ( 'NONE', #2804, .T. ) ;
#3057 = DIRECTION ( 'NONE',  ( -1.000000000000000000, 0.000000000000000000, 0.000000000000000000 ) ) ;
#3058 = EDGE_LOOP ( 'NONE', ( #932, #1185, #1065, #2365 ) ) ;
#3059 = VECTOR ( 'NONE', #2757, 1000.000000000000000 ) ;
#3060 = EDGE_CURVE ( 'NONE', #284, #1322, #2330, .T. ) ;
#3061 = DIRECTION ( 'NONE',  ( 0.000000000000000000, 0.000000000000000000, 1.000000000000000000 ) ) ;
#3062 = VERTEX_POINT ( 'NONE', #2877 ) ;
#3063 = ORIENTED_EDGE ( 'NONE', *, *, #1405, .T. ) ;
#3064 = CARTESIAN_POINT ( 'NONE',  ( 144.6197999999999979, -21.00338877899999801, 18.45745920200000256 ) ) ;
#3065 = APPROVAL ( #2355, '未指定' ) ;
#3066 = DIRECTION ( 'NONE',  ( 0.7071067811865474617, 0.000000000000000000, -0.7071067811865474617 ) ) ;
#3067 = DIRECTION ( 'NONE',  ( 0.000000000000000000, -1.000000000000000000, 0.000000000000000000 ) ) ;
#3068 = DIRECTION ( 'NONE',  ( -1.000000000000000000, 0.000000000000000000, 0.000000000000000000 ) ) ;
#3069 = VECTOR ( 'NONE', #654, 1000.000000000000000 ) ;
#3070 = LINE ( 'NONE', #3199, #2680 ) ;
#3071 = VERTEX_POINT ( 'NONE', #1540 ) ;
#3072 = EDGE_CURVE ( 'NONE', #1722, #2172, #954, .T. ) ;
#3073 = LINE ( 'NONE', #1308, #1953 ) ;
#3074 = ORIENTED_EDGE ( 'NONE', *, *, #1856, .F. ) ;
#3075 = DIRECTION ( 'NONE',  ( -1.000000000000000000, 0.000000000000000000, -0.000000000000000000 ) ) ;
#3076 = FACE_OUTER_BOUND ( 'NONE', #2302, .T. ) ;
#3077 = EDGE_CURVE ( 'NONE', #1676, #1061, #1725, .T. ) ;
#3078 = DIRECTION ( 'NONE',  ( -0.7071067811865475727, 0.000000000000000000, -0.7071067811865475727 ) ) ;
#3079 = ORIENTED_EDGE ( 'NONE', *, *, #3458, .T. ) ;
#3080 = DIRECTION ( 'NONE',  ( 0.000000000000000000, 0.000000000000000000, -1.000000000000000000 ) ) ;
#3081 = VECTOR ( 'NONE', #3467, 1000.000000000000000 ) ;
#3082 = FACE_OUTER_BOUND ( 'NONE', #2184, .T. ) ;
#3083 = CARTESIAN_POINT ( 'NONE',  ( 146.7198000000000206, -52.14743877899999802, 18.25745920199999972 ) ) ;
#3084 = LINE ( 'NONE', #1014, #2619 ) ;
#3085 = VERTEX_POINT ( 'NONE', #2615 ) ;
#3086 = APPROVAL_PERSON_ORGANIZATION ( #2164, #3065, #2052 ) ;
#3087 = PLANE ( 'NONE',  #388 ) ;
#3088 = CARTESIAN_POINT ( 'NONE',  ( 0.2999999999999999889, -58.25246403199999889, 23.76248445499999917 ) ) ;
#3089 = FACE_OUTER_BOUND ( 'NONE', #3379, .T. ) ;
#3090 = ORIENTED_EDGE ( 'NONE', *, *, #1196, .T. ) ;
#3091 = DIRECTION ( 'NONE',  ( 0.000000000000000000, 0.000000000000000000, 1.000000000000000000 ) ) ;
#3092 = EDGE_LOOP ( 'NONE', ( #1871, #1914, #2322, #383, #1222, #2369 ) ) ;
#3093 = DIRECTION ( 'NONE',  ( -1.000000000000000000, 0.000000000000000000, -0.000000000000000000 ) ) ;
#3094 = EDGE_CURVE ( 'NONE', #1326, #1410, #2452, .T. ) ;
#3095 = ORIENTED_EDGE ( 'NONE', *, *, #3284, .F. ) ;
#3096 = DIRECTION ( 'NONE',  ( 0.000000000000000000, 0.000000000000000000, 1.000000000000000000 ) ) ;
#3097 = ORIENTED_EDGE ( 'NONE', *, *, #1288, .T. ) ;
#3098 = EDGE_LOOP ( 'NONE', ( #990, #1680, #201, #905 ) ) ;
#3099 = ORIENTED_EDGE ( 'NONE', *, *, #2182, .T. ) ;
#3100 = ADVANCED_FACE ( 'NONE', ( #1050 ), #2203, .T. ) ;
#3101 = DIRECTION ( 'NONE',  ( 0.000000000000000000, -1.000000000000000000, 0.000000000000000000 ) ) ;
#3102 = LINE ( 'NONE', #1780, #1664 ) ;
#3103 = CARTESIAN_POINT ( 'NONE',  ( 5.259999999999999787, -50.24743877899999944, 19.65745920200000185 ) ) ;
#3104 = ORIENTED_EDGE ( 'NONE', *, *, #2515, .T. ) ;
#3105 = EDGE_LOOP ( 'NONE', ( #1987, #2414, #1483, #917, #955 ) ) ;
#3106 = EDGE_CURVE ( 'NONE', #1471, #833, #318, .T. ) ;
#3107 = DIRECTION ( 'NONE',  ( 0.000000000000000000, 1.000000000000000000, 0.000000000000000000 ) ) ;
#3108 = EDGE_LOOP ( 'NONE', ( #2096, #912, #1218, #2121 ) ) ;
#3109 = DIRECTION ( 'NONE',  ( 0.000000000000000000, 1.000000000000000000, 0.000000000000000000 ) ) ;
#3110 = CARTESIAN_POINT ( 'NONE',  ( -116.9198000000000093, -31.79743877900000015, 24.25745920200000327 ) ) ;
#3111 = DIRECTION ( 'NONE',  ( 0.000000000000000000, 1.000000000000000000, 0.000000000000000000 ) ) ;
#3112 = VECTOR ( 'NONE', #1792, 1000.000000000000000 ) ;
#3113 = DIRECTION ( 'NONE',  ( 0.000000000000000000, -0.7071067811865474617, 0.7071067811865474617 ) ) ;
#3114 = DIRECTION ( 'NONE',  ( 0.000000000000000000, 0.000000000000000000, -1.000000000000000000 ) ) ;
#3115 = LINE ( 'NONE', #2210, #3252 ) ;
#3116 = CARTESIAN_POINT ( 'NONE',  ( 0.000000000000000000, 0.000000000000000000, 0.000000000000000000 ) ) ;
#3117 = AXIS2_PLACEMENT_3D ( 'NONE', #1086, #2222, #2777 ) ;
#3118 = CARTESIAN_POINT ( 'NONE',  ( -146.5198000000000036, -14.12541377900000050, 7.987459202000001035 ) ) ;
#3119 = VERTEX_POINT ( 'NONE', #2089 ) ;
#3120 = CARTESIAN_POINT ( 'NONE',  ( -143.3197999999999865, 0.000000000000000000, 18.65745920200000185 ) ) ;
#3121 = FACE_OUTER_BOUND ( 'NONE', #744, .T. ) ;
#3122 = LINE ( 'NONE', #969, #694 ) ;
#3123 = CARTESIAN_POINT ( 'NONE',  ( 145.4697999990000028, 3.600000000000000089, 22.26750970799997731 ) ) ;
#3124 = ORIENTED_EDGE ( 'NONE', *, *, #1983, .T. ) ;
#3125 = EDGE_CURVE ( 'NONE', #2197, #431, #1973, .T. ) ;
#3126 = LINE ( 'NONE', #2315, #90 ) ;
#3127 = DIRECTION ( 'NONE',  ( 0.000000000000000000, -0.000000000000000000, 1.000000000000000000 ) ) ;
#3128 = FACE_OUTER_BOUND ( 'NONE', #252, .T. ) ;
#3129 = VECTOR ( 'NONE', #759, 1000.000000000000114 ) ;
#3130 = VERTEX_POINT ( 'NONE', #181 ) ;
#3131 = DIRECTION ( 'NONE',  ( 0.000000000000000000, -1.000000000000000000, 0.000000000000000000 ) ) ;
#3132 = CALENDAR_DATE ( 2025, 26, 11 ) ;
#3133 = DIRECTION ( 'NONE',  ( 0.000000000000000000, 0.000000000000000000, -1.000000000000000000 ) ) ;
#3134 = ORIENTED_EDGE ( 'NONE', *, *, #1405, .F. ) ;
#3135 = DIRECTION ( 'NONE',  ( 0.000000000000000000, -1.000000000000000000, 0.000000000000000000 ) ) ;
#3136 = ORIENTED_EDGE ( 'NONE', *, *, #272, .F. ) ;
#3137 = DIRECTION ( 'NONE',  ( 1.000000000000000000, 0.000000000000000000, 0.000000000000000000 ) ) ;
#3138 = CARTESIAN_POINT ( 'NONE',  ( -143.3197999999999865, 44.24066122100000342, 23.65745920200000185 ) ) ;
#3139 = ORIENTED_EDGE ( 'NONE', *, *, #3479, .F. ) ;
#3140 = VECTOR ( 'NONE', #2808, 1000.000000000000114 ) ;
#3141 = DIRECTION ( 'NONE',  ( -0.7071067811865475727, 0.000000000000000000, 0.7071067811865475727 ) ) ;
#3142 = PLANE ( 'NONE',  #2694 ) ;
#3143 = EDGE_CURVE ( 'NONE', #866, #2213, #3084, .T. ) ;
#3144 = CARTESIAN_POINT ( 'NONE',  ( 151.0198000000000036, 0.000000000000000000, 22.26750970799997731 ) ) ;
#3145 = ORIENTED_EDGE ( 'NONE', *, *, #2559, .F. ) ;
#3146 = CARTESIAN_POINT ( 'NONE',  ( 0.000000000000000000, 1.500000000000009326, 22.26750970799999862 ) ) ;
#3147 = FACE_OUTER_BOUND ( 'NONE', #2927, .T. ) ;
#3148 = DIRECTION ( 'NONE',  ( 0.000000000000000000, 1.000000000000000000, 0.000000000000000000 ) ) ;
#3149 = ORIENTED_EDGE ( 'NONE', *, *, #2314, .T. ) ;
#3150 = VERTEX_POINT ( 'NONE', #1869 ) ;
#3151 = AXIS2_PLACEMENT_3D ( 'NONE', #1911, #21, #2225 ) ;
#3152 = EDGE_CURVE ( 'NONE', #2331, #340, #699, .T. ) ;
#3153 = CARTESIAN_POINT ( 'NONE',  ( 136.5149060519999864, -42.24743877899999944, 22.65745920200000185 ) ) ;
#3154 = EDGE_LOOP ( 'NONE', ( #2090, #958, #1125, #223 ) ) ;
#3155 = DIRECTION ( 'NONE',  ( 0.000000000000000000, -0.7071067811865475727, -0.7071067811865475727 ) ) ;
#3156 = AXIS2_PLACEMENT_3D ( 'NONE', #1926, #1146, #3067 ) ;
#3157 = CARTESIAN_POINT ( 'NONE',  ( 146.2198000000000206, -21.00338877899999801, 2.057459201999999987 ) ) ;
#3158 = LINE ( 'NONE', #725, #2228 ) ;
#3159 = CARTESIAN_POINT ( 'NONE',  ( -141.3197999999999865, -29.19743877900000228, 18.65745920200000185 ) ) ;
#3160 = CARTESIAN_POINT ( 'NONE',  ( -116.9198000000000093, -33.19743877900000228, 18.65745920200000185 ) ) ;
#3161 = LINE ( 'NONE', #1864, #2547 ) ;
#3162 = ORIENTED_EDGE ( 'NONE', *, *, #1547, .F. ) ;
#3163 = CARTESIAN_POINT ( 'NONE',  ( -143.4197999999999809, -59.74743878099999961, 22.26750970500000193 ) ) ;
#3164 = CARTESIAN_POINT ( 'NONE',  ( -146.5198000000000036, 25.36863622099999915, 5.757459202000000609 ) ) ;
#3165 = ORIENTED_EDGE ( 'NONE', *, *, #729, .F. ) ;
#3166 = EDGE_CURVE ( 'NONE', #2571, #1954, #2417, .T. ) ;
#3167 = CARTESIAN_POINT ( 'NONE',  ( -143.3197999999999865, -29.19743877900000228, 23.65745920200000185 ) ) ;
#3168 = CARTESIAN_POINT ( 'NONE',  ( 146.7198000000000206, -21.00338877899999801, 5.757459202000000609 ) ) ;
#3169 = ORIENTED_EDGE ( 'NONE', *, *, #1829, .T. ) ;
#3170 = DIRECTION ( 'NONE',  ( 0.000000000000000000, 0.000000000000000000, 1.000000000000000000 ) ) ;
#3171 = CARTESIAN_POINT ( 'NONE',  ( 148.6697999990000199, 0.000000000000000000, 5.557459201999999543 ) ) ;
#3172 = DIRECTION ( 'NONE',  ( -1.000000000000000000, 0.000000000000000000, 0.000000000000000000 ) ) ;
#3173 = VECTOR ( 'NONE', #3113, 1000.000000000000114 ) ;
#3174 = CARTESIAN_POINT ( 'NONE',  ( -116.9198000000000093, -33.19743877900000228, 23.65745920200000185 ) ) ;
#3175 = CIRCLE ( 'NONE', #2248, 2.200000000000000622 ) ;
#3176 = ORIENTED_EDGE ( 'NONE', *, *, #366, .F. ) ;
#3177 = PERSON_AND_ORGANIZATION ( #133, #2968 ) ;
#3178 = ADVANCED_FACE ( 'NONE', ( #531 ), #2150, .T. ) ;
#3179 = DIRECTION ( 'NONE',  ( 0.000000000000000000, 1.000000000000000000, 0.000000000000000000 ) ) ;
#3180 = EDGE_CURVE ( 'NONE', #2136, #3390, #1162, .T. ) ;
#3181 = LINE ( 'NONE', #2826, #1649 ) ;
#3182 = ORIENTED_EDGE ( 'NONE', *, *, #1488, .F. ) ;
#3183 = DIRECTION ( 'NONE',  ( 1.000000000000000000, 0.000000000000000000, 0.000000000000000000 ) ) ;
#3184 = VECTOR ( 'NONE', #1494, 1000.000000000000000 ) ;
#3185 = DIRECTION ( 'NONE',  ( -1.000000000000000000, 0.000000000000000000, 0.000000000000000000 ) ) ;
#3186 = CARTESIAN_POINT ( 'NONE',  ( -72.80989999999999895, -57.24743877899999944, 18.95745920199999901 ) ) ;
#3187 = ORIENTED_EDGE ( 'NONE', *, *, #850, .F. ) ;
#3188 = CARTESIAN_POINT ( 'NONE',  ( -141.5198000000000036, -52.24743877900000655, 18.25745920199999972 ) ) ;
#3189 = ORIENTED_EDGE ( 'NONE', *, *, #850, .T. ) ;
#3190 = LINE ( 'NONE', #1378, #1010 ) ;
#3191 = ORIENTED_EDGE ( 'NONE', *, *, #2897, .F. ) ;
#3192 = DIRECTION ( 'NONE',  ( -1.000000000000000000, 0.000000000000000000, 0.000000000000000000 ) ) ;
#3193 = EDGE_LOOP ( 'NONE', ( #1155, #1888, #3016, #1622 ) ) ;
#3194 = EDGE_LOOP ( 'NONE', ( #2435, #61, #1272, #1801 ) ) ;
#3195 = PLANE ( 'NONE',  #1486 ) ;
#3196 = DIRECTION ( 'NONE',  ( 0.000000000000000000, -0.000000000000000000, -1.000000000000000000 ) ) ;
#3197 = AXIS2_PLACEMENT_3D ( 'NONE', #3186, #170, #2929 ) ;
#3198 = ADVANCED_FACE ( 'NONE', ( #999 ), #3249, .T. ) ;
#3199 = CARTESIAN_POINT ( 'NONE',  ( -150.4197999999999809, 48.74066122100000342, 7.264565983999999865 ) ) ;
#3200 = VERTEX_POINT ( 'NONE', #484 ) ;
#3201 = VERTEX_POINT ( 'NONE', #3208 ) ;
#3202 = DIRECTION ( 'NONE',  ( 1.000000000000000000, 0.000000000000000000, 0.000000000000000000 ) ) ;
#3203 = DIRECTION ( 'NONE',  ( 0.000000000000000000, 0.000000000000000000, 1.000000000000000000 ) ) ;
#3204 = AXIS2_PLACEMENT_3D ( 'NONE', #1198, #1757, #395 ) ;
#3205 = EDGE_CURVE ( 'NONE', #2629, #614, #2870, .T. ) ;
#3206 = CARTESIAN_POINT ( 'NONE',  ( 149.6662466089999839, -1.803388779000000053, 5.911012592999999704 ) ) ;
#3207 = ORIENTED_EDGE ( 'NONE', *, *, #2077, .F. ) ;
#3208 = CARTESIAN_POINT ( 'NONE',  ( -116.9198000000000093, -31.79743877900000015, 24.25745920200000327 ) ) ;
#3209 = DIRECTION ( 'NONE',  ( 0.000000000000000000, 0.000000000000000000, -1.000000000000000000 ) ) ;
#3210 = DIRECTION ( 'NONE',  ( -1.000000000000000000, -0.000000000000000000, -0.000000000000000000 ) ) ;
#3211 = CARTESIAN_POINT ( 'NONE',  ( -112.9197999999999951, -50.44743877900000228, 18.45745920200000256 ) ) ;
#3212 = DIRECTION ( 'NONE',  ( 1.000000000000000000, 0.000000000000000000, 0.000000000000000000 ) ) ;
#3213 = DIRECTION ( 'NONE',  ( 1.000000000000000000, 0.000000000000000000, 0.000000000000000000 ) ) ;
#3214 = ORIENTED_EDGE ( 'NONE', *, *, #1038, .T. ) ;
#3215 = CARTESIAN_POINT ( 'NONE',  ( 136.5149060519999864, -56.74743877899999944, 19.65745920200000185 ) ) ;
#3216 = PLANE ( 'NONE',  #2746 ) ;
#3217 = EDGE_CURVE ( 'NONE', #973, #507, #2585, .T. ) ;
#3218 = FACE_OUTER_BOUND ( 'NONE', #547, .T. ) ;
#3219 = DIRECTION ( 'NONE',  ( 0.000000000000000000, 0.000000000000000000, 1.000000000000000000 ) ) ;
#3220 = EDGE_LOOP ( 'NONE', ( #326, #857, #1051, #2226 ) ) ;
#3221 = CARTESIAN_POINT ( 'NONE',  ( 144.5198000000000036, -2.003388778999999786, 24.25745920200000327 ) ) ;
#3222 = VECTOR ( 'NONE', #2473, 1000.000000000000114 ) ;
#3223 = AXIS2_PLACEMENT_3D ( 'NONE', #594, #2529, #2015 ) ;
#3224 = LINE ( 'NONE', #2653, #3259 ) ;
#3225 = ORIENTED_EDGE ( 'NONE', *, *, #3344, .F. ) ;
#3226 = CARTESIAN_POINT ( 'NONE',  ( 143.9197999999999809, 16.49661122099999844, 5.757459202000000609 ) ) ;
#3227 = APPROVAL_DATE_TIME ( #2454, #2165 ) ;
#3228 = ORIENTED_EDGE ( 'NONE', *, *, #2764, .F. ) ;
#3229 = CARTESIAN_POINT ( 'NONE',  ( 144.0198000000000036, -52.74743877900000655, 23.76248445499999917 ) ) ;
#3230 = ORIENTED_EDGE ( 'NONE', *, *, #221, .T. ) ;
#3231 = CARTESIAN_POINT ( 'NONE',  ( 148.6697999990000199, 1.800000000000000044, 22.26750970799997731 ) ) ;
#3232 = VERTEX_POINT ( 'NONE', #2941 ) ;
#3233 = ADVANCED_FACE ( 'NONE', ( #1557, #448 ), #3216, .F. ) ;
#3234 = CARTESIAN_POINT ( 'NONE',  ( 151.0198000000000036, 48.74066121900000326, 22.26750970799999862 ) ) ;
#3235 = CIRCLE ( 'NONE', #2742, 2.599999999999998312 ) ;
#3236 = DIRECTION ( 'NONE',  ( -0.000000000000000000, 1.000000000000000000, -0.000000000000000000 ) ) ;
#3237 = ORIENTED_EDGE ( 'NONE', *, *, #1, .F. ) ;
#3238 = EDGE_CURVE ( 'NONE', #443, #1406, #3224, .T. ) ;
#3239 = VECTOR ( 'NONE', #3480, 1000.000000000000000 ) ;
#3240 = VERTEX_POINT ( 'NONE', #792 ) ;
#3241 = CARTESIAN_POINT ( 'NONE',  ( 117.5207902190000055, -33.19405000000000427, 22.65745920200000185 ) ) ;
#3242 = EDGE_LOOP ( 'NONE', ( #3281, #1772, #835, #2217 ) ) ;
#3243 = CARTESIAN_POINT ( 'NONE',  ( -146.5198000000000036, -52.24743877900000655, 18.25745920199999972 ) ) ;
#3244 = DIRECTION ( 'NONE',  ( -0.000000000000000000, 0.000000000000000000, 1.000000000000000000 ) ) ;
#3245 = AXIS2_PLACEMENT_3D ( 'NONE', #2889, #1848, #454 ) ;
#3246 = PLANE ( 'NONE',  #1333 ) ;
#3247 = EDGE_CURVE ( 'NONE', #2681, #3232, #900, .T. ) ;
#3248 = LINE ( 'NONE', #511, #1077 ) ;
#3249 = PLANE ( 'NONE',  #2789 ) ;
#3250 = AXIS2_PLACEMENT_3D ( 'NONE', #3408, #1252, #715 ) ;
#3251 = CARTESIAN_POINT ( 'NONE',  ( 117.5207902190000055, -33.19405000000000427, 18.45745920200000256 ) ) ;
#3252 = VECTOR ( 'NONE', #3273, 1000.000000000000000 ) ;
#3253 = DIRECTION ( 'NONE',  ( 0.000000000000000000, 1.000000000000000000, 0.000000000000000000 ) ) ;
#3254 = VECTOR ( 'NONE', #2728, 1000.000000000000114 ) ;
#3255 = VERTEX_POINT ( 'NONE', #1596 ) ;
#3256 = VECTOR ( 'NONE', #143, 1000.000000000000000 ) ;
#3257 = VECTOR ( 'NONE', #368, 1000.000000000000000 ) ;
#3258 = PLANE ( 'NONE',  #708 ) ;
#3259 = VECTOR ( 'NONE', #1614, 1000.000000000000000 ) ;
#3260 = ORIENTED_EDGE ( 'NONE', *, *, #1234, .T. ) ;
#3261 = CARTESIAN_POINT ( 'NONE',  ( 143.9197999999999809, -29.19405000000000072, 18.65745920200000185 ) ) ;
#3262 = EDGE_CURVE ( 'NONE', #2482, #551, #2496, .T. ) ;
#3263 = DIRECTION ( 'NONE',  ( 0.000000000000000000, 0.000000000000000000, 1.000000000000000000 ) ) ;
#3264 = CONICAL_SURFACE ( 'NONE', #961, 5.099999999999993427, 0.7853981625000003852 ) ;
#3265 = ORIENTED_EDGE ( 'NONE', *, *, #126, .F. ) ;
#3266 = CONICAL_SURFACE ( 'NONE', #1381, 5.505025253000006558, 0.7853981607197643156 ) ;
#3267 = ADVANCED_FACE ( 'NONE', ( #1859 ), #53, .F. ) ;
#3268 = AXIS2_PLACEMENT_3D ( 'NONE', #159, #172, #678 ) ;
#3269 = EDGE_CURVE ( 'NONE', #2593, #2331, #234, .T. ) ;
#3270 = DIRECTION ( 'NONE',  ( -0.2810846378042149429, -0.6785983445273328085, 0.6785983445273328085 ) ) ;
#3271 = VERTEX_POINT ( 'NONE', #2966 ) ;
#3272 = VERTEX_POINT ( 'NONE', #1882 ) ;
#3273 = DIRECTION ( 'NONE',  ( 0.000000000000000000, 0.000000000000000000, 1.000000000000000000 ) ) ;
#3274 = AXIS2_PLACEMENT_3D ( 'NONE', #970, #2352, #711 ) ;
#3275 = VERTEX_POINT ( 'NONE', #1587 ) ;
#3276 = CARTESIAN_POINT ( 'NONE',  ( -148.8697999999999979, 3.100000000000000089, 22.26750970799999862 ) ) ;
#3277 = CARTESIAN_POINT ( 'NONE',  ( -144.0198000000000036, -43.62541377899999873, 8.987459202000001923 ) ) ;
#3278 = ORIENTED_EDGE ( 'NONE', *, *, #971, .F. ) ;
#3279 = ORIENTED_EDGE ( 'NONE', *, *, #1095, .T. ) ;
#3280 = LINE ( 'NONE', #989, #111 ) ;
#3281 = ORIENTED_EDGE ( 'NONE', *, *, #1921, .T. ) ;
#3282 = EDGE_LOOP ( 'NONE', ( #2969, #2390, #149, #2469 ) ) ;
#3283 = FACE_OUTER_BOUND ( 'NONE', #3282, .T. ) ;
#3284 = EDGE_CURVE ( 'NONE', #1902, #2035, #138, .T. ) ;
#3285 = DIRECTION ( 'NONE',  ( 1.000000000000000000, 0.000000000000000000, 0.000000000000000000 ) ) ;
#3286 = LINE ( 'NONE', #1825, #772 ) ;
#3287 = PLANE ( 'NONE',  #57 ) ;
#3288 = EDGE_CURVE ( 'NONE', #284, #3130, #785, .T. ) ;
#3289 = ORIENTED_EDGE ( 'NONE', *, *, #76, .F. ) ;
#3290 = EDGE_CURVE ( 'NONE', #425, #145, #3304, .T. ) ;
#3291 = AXIS2_PLACEMENT_3D ( 'NONE', #1419, #3309, #1969 ) ;
#3292 = CARTESIAN_POINT ( 'NONE',  ( 164.2699060519999819, -57.14743877899999802, 22.65745920200000185 ) ) ;
#3293 = EDGE_LOOP ( 'NONE', ( #829, #211, #2461, #278, #3237 ) ) ;
#3294 = DIRECTION ( 'NONE',  ( 0.7071067811865474617, 0.000000000000000000, 0.7071067811865474617 ) ) ;
#3295 = LINE ( 'NONE', #1706, #1967 ) ;
#3296 = FACE_OUTER_BOUND ( 'NONE', #3387, .T. ) ;
#3297 = ADVANCED_FACE ( 'NONE', ( #3510 ), #1388, .T. ) ;
#3298 = DIRECTION ( 'NONE',  ( 0.000000000000000000, 0.000000000000000000, 1.000000000000000000 ) ) ;
#3299 = VERTEX_POINT ( 'NONE', #2987 ) ;
#3300 = LINE ( 'NONE', #1111, #2825 ) ;
#3301 = FACE_OUTER_BOUND ( 'NONE', #2281, .T. ) ;
#3302 = CIRCLE ( 'NONE', #104, 2.000000000000001776 ) ;
#3303 = ORIENTED_EDGE ( 'NONE', *, *, #2699, .T. ) ;
#3304 = LINE ( 'NONE', #2422, #2578 ) ;
#3305 = CARTESIAN_POINT ( 'NONE',  ( 145.4697999990000028, 3.600000000000000089, 22.26750970799997731 ) ) ;
#3306 = VERTEX_POINT ( 'NONE', #1364 ) ;
#3307 = DIRECTION ( 'NONE',  ( -1.000000000000000000, -0.000000000000000000, -0.000000000000000000 ) ) ;
#3308 = EDGE_LOOP ( 'NONE', ( #2020, #2638, #841, #2727 ) ) ;
#3309 = DIRECTION ( 'NONE',  ( 0.000000000000000000, 0.000000000000000000, -1.000000000000000000 ) ) ;
#3310 = EDGE_CURVE ( 'NONE', #3384, #2136, #1470, .T. ) ;
#3311 = DIRECTION ( 'NONE',  ( 0.000000000000000000, 1.000000000000000000, 0.000000000000000000 ) ) ;
#3312 = ORIENTED_EDGE ( 'NONE', *, *, #981, .F. ) ;
#3313 = DIRECTION ( 'NONE',  ( 0.000000000000000000, -1.000000000000000000, 0.000000000000000000 ) ) ;
#3314 = DIRECTION ( 'NONE',  ( 0.000000000000000000, 0.000000000000000000, 1.000000000000000000 ) ) ;
#3315 = ORIENTED_EDGE ( 'NONE', *, *, #2559, .T. ) ;
#3316 = ORIENTED_EDGE ( 'NONE', *, *, #2848, .T. ) ;
#3317 = VERTEX_POINT ( 'NONE', #1636 ) ;
#3318 = CARTESIAN_POINT ( 'NONE',  ( 144.0198000000000036, -59.74743878000000308, 22.26750970700000209 ) ) ;
#3319 = PLANE ( 'NONE',  #419 ) ;
#3320 = CARTESIAN_POINT ( 'NONE',  ( 0.2999999999999999889, -50.24743877899999944, 0.2574592019999999981 ) ) ;
#3321 = EDGE_CURVE ( 'NONE', #2863, #43, #1096, .T. ) ;
#3322 = DIRECTION ( 'NONE',  ( 0.5000000000659546862, 0.5000000000659546862, 0.7071067810932736286 ) ) ;
#3323 = CARTESIAN_POINT ( 'NONE',  ( 141.6197999999999979, -57.24743877899999944, 5.757459202000000609 ) ) ;
#3324 = LINE ( 'NONE', #1546, #1289 ) ;
#3325 = CARTESIAN_POINT ( 'NONE',  ( 115.5207902189999913, -48.24743877899999944, 23.65745920200000185 ) ) ;
#3326 = EDGE_CURVE ( 'NONE', #2955, #825, #2026, .T. ) ;
#3327 = CARTESIAN_POINT ( 'NONE',  ( -144.0198000000000036, -13.62541377900000050, 8.987459202000001923 ) ) ;
#3328 = DIRECTION ( 'NONE',  ( -0.000000000000000000, 1.000000000000000000, 0.000000000000000000 ) ) ;
#3329 = VERTEX_POINT ( 'NONE', #2814 ) ;
#3330 = ADVANCED_FACE ( 'NONE', ( #1903 ), #83, .F. ) ;
#3331 = VECTOR ( 'NONE', #832, 1000.000000000000000 ) ;
#3332 = DIRECTION ( 'NONE',  ( 0.7071067811865475727, 0.000000000000000000, -0.7071067811865475727 ) ) ;
#3333 = ORIENTED_EDGE ( 'NONE', *, *, #2580, .F. ) ;
#3334 = DIRECTION ( 'NONE',  ( 0.000000000000000000, 0.000000000000000000, 1.000000000000000000 ) ) ;
#3335 = CIRCLE ( 'NONE', #2471, 2.599999999999998312 ) ;
#3336 = FACE_OUTER_BOUND ( 'NONE', #2047, .T. ) ;
#3337 = VECTOR ( 'NONE', #1794, 1000.000000000000114 ) ;
#3338 = ORIENTED_EDGE ( 'NONE', *, *, #2008, .F. ) ;
#3339 = PERSON_AND_ORGANIZATION ( #133, #2968 ) ;
#3340 = CARTESIAN_POINT ( 'NONE',  ( 149.3126932190000105, 17.00000000000000000, 5.557459201999999543 ) ) ;
#3341 = CARTESIAN_POINT ( 'NONE',  ( -114.9198000000000093, -33.19743877900000228, 18.65745920200000185 ) ) ;
#3342 = LINE ( 'NONE', #2170, #1473 ) ;
#3343 = ORIENTED_EDGE ( 'NONE', *, *, #366, .T. ) ;
#3344 = EDGE_CURVE ( 'NONE', #1279, #3384, #2715, .T. ) ;
#3345 = CARTESIAN_POINT ( 'NONE',  ( -143.9197999999999809, 0.000000000000000000, 24.25745920200000327 ) ) ;
#3346 = ORIENTED_EDGE ( 'NONE', *, *, #1829, .F. ) ;
#3347 = CARTESIAN_POINT ( 'NONE',  ( -143.3197999999999865, -29.19743877900000228, 18.65745920200000185 ) ) ;
#3348 = AXIS2_PLACEMENT_3D ( 'NONE', #3251, #2978, #1907 ) ;
#3349 = ORIENTED_EDGE ( 'NONE', *, *, #1654, .F. ) ;
#3350 = LINE ( 'NONE', #2543, #1174 ) ;
#3351 = CARTESIAN_POINT ( 'NONE',  ( 115.5207902189999913, -48.24743877899999944, 18.65745920200000185 ) ) ;
#3352 = LINE ( 'NONE', #2865, #461 ) ;
#3353 = CARTESIAN_POINT ( 'NONE',  ( 146.2697999989999857, 1.800000000000000266, 22.26750970799997731 ) ) ;
#3354 = ORIENTED_EDGE ( 'NONE', *, *, #1804, .F. ) ;
#3355 = EDGE_CURVE ( 'NONE', #1615, #163, #1820, .T. ) ;
#3356 = CARTESIAN_POINT ( 'NONE',  ( 144.0198000000000036, -57.75748928299999818, 24.25745920299999980 ) ) ;
#3357 = ORIENTED_EDGE ( 'NONE', *, *, #1116, .T. ) ;
#3358 = CARTESIAN_POINT ( 'NONE',  ( -146.5198000000000036, 3.100000000000000089, 22.26750970799999862 ) ) ;
#3359 = VERTEX_POINT ( 'NONE', #1445 ) ;
#3360 = CARTESIAN_POINT ( 'NONE',  ( 117.5207902190000055, -33.19405000000000427, 18.45745920200000256 ) ) ;
#3361 = VECTOR ( 'NONE', #174, 1000.000000000000000 ) ;
#3362 = DIRECTION ( 'NONE',  ( 0.000000000000000000, 0.7071067811865474617, -0.7071067811865474617 ) ) ;
#3363 = ORIENTED_EDGE ( 'NONE', *, *, #664, .F. ) ;
#3364 = ORIENTED_EDGE ( 'NONE', *, *, #673, .F. ) ;
#3365 = DIRECTION ( 'NONE',  ( 1.000000000000000000, 0.000000000000000000, 0.000000000000000000 ) ) ;
#3366 = LINE ( 'NONE', #2668, #2648 ) ;
#3367 = CARTESIAN_POINT ( 'NONE',  ( 145.4697999990000028, 1.800000000000000266, 5.557459201999999543 ) ) ;
#3368 = CARTESIAN_POINT ( 'NONE',  ( -141.3197999999999865, -31.19743877900000228, 23.65745920200000185 ) ) ;
#3369 = DIRECTION ( 'NONE',  ( 0.000000000000000000, 0.000000000000000000, -1.000000000000000000 ) ) ;
#3370 = CARTESIAN_POINT ( 'NONE',  ( 146.7198000000000206, -21.00338877899999801, 18.25745920199999972 ) ) ;
#3371 = VECTOR ( 'NONE', #3456, 999.9999999999997726 ) ;
#3372 = DIRECTION ( 'NONE',  ( 0.000000000000000000, 1.000000000000000000, 0.000000000000000000 ) ) ;
#3373 = AXIS2_PLACEMENT_3D ( 'NONE', #2346, #937, #2842 ) ;
#3374 = EDGE_CURVE ( 'NONE', #833, #2172, #1730, .T. ) ;
#3375 = ORIENTED_EDGE ( 'NONE', *, *, #659, .T. ) ;
#3376 = CARTESIAN_POINT ( 'NONE',  ( 126.4249060519999972, -57.14743877899999802, 19.45745920199999901 ) ) ;
#3377 = LINE ( 'NONE', #3403, #781 ) ;
#3378 = DIRECTION ( 'NONE',  ( -0.000000000000000000, 1.000000000000000000, 0.000000000000000000 ) ) ;
#3379 = EDGE_LOOP ( 'NONE', ( #2823, #324, #2487, #799 ) ) ;
#3380 = CARTESIAN_POINT ( 'NONE',  ( 5.259999999999999787, -50.24743877899999944, 22.65745920200000185 ) ) ;
#3381 = VECTOR ( 'NONE', #2982, 1000.000000000000000 ) ;
#3382 = CARTESIAN_POINT ( 'NONE',  ( 117.5207902190000055, -31.79404999999999859, 24.25745920200000327 ) ) ;
#3383 = VECTOR ( 'NONE', #645, 1000.000000000000114 ) ;
#3384 = VERTEX_POINT ( 'NONE', #3345 ) ;
#3385 = LINE ( 'NONE', #2038, #652 ) ;
#3386 = DIRECTION ( 'NONE',  ( 0.000000000000000000, 0.000000000000000000, 1.000000000000000000 ) ) ;
#3387 = EDGE_LOOP ( 'NONE', ( #1081, #2037, #3333, #2581 ) ) ;
#3388 = CARTESIAN_POINT ( 'NONE',  ( -148.0698000000000150, 1.550000000000000044, 22.26750970799999862 ) ) ;
#3389 = EDGE_CURVE ( 'NONE', #2296, #556, #2078, .T. ) ;
#3390 = VERTEX_POINT ( 'NONE', #1744 ) ;
#3391 = DIRECTION ( 'NONE',  ( 0.000000000000000000, 0.000000000000000000, -1.000000000000000000 ) ) ;
#3392 = ORIENTED_EDGE ( 'NONE', *, *, #3521, .T. ) ;
#3393 = ORIENTED_EDGE ( 'NONE', *, *, #1526, .F. ) ;
#3394 = ORIENTED_EDGE ( 'NONE', *, *, #1413, .F. ) ;
#3395 = CARTESIAN_POINT ( 'NONE',  ( -114.9198000000000093, -48.24743877899999944, 23.65745920200000185 ) ) ;
#3396 = ORIENTED_EDGE ( 'NONE', *, *, #2265, .T. ) ;
#3397 = VERTEX_POINT ( 'NONE', #2831 ) ;
#3398 = PLANE ( 'NONE',  #182 ) ;
#3399 = DIRECTION ( 'NONE',  ( -0.000000000000000000, 1.000000000000000000, 0.000000000000000000 ) ) ;
#3400 = CARTESIAN_POINT ( 'NONE',  ( -148.0698000000000150, 1.550000000000000044, 5.557459201999999543 ) ) ;
#3401 = ADVANCED_FACE ( 'NONE', ( #494 ), #3466, .F. ) ;
#3402 = DIRECTION ( 'NONE',  ( -1.000000000000000000, 0.000000000000000000, 0.000000000000000000 ) ) ;
#3403 = CARTESIAN_POINT ( 'NONE',  ( -143.3197999999999865, 0.000000000000000000, 18.65745920200000185 ) ) ;
#3404 = FACE_OUTER_BOUND ( 'NONE', #295, .T. ) ;
#3405 = DIRECTION ( 'NONE',  ( 0.000000000000000000, 0.000000000000000000, 1.000000000000000000 ) ) ;
#3406 = EDGE_CURVE ( 'NONE', #1406, #963, #2793, .T. ) ;
#3407 = DIRECTION ( 'NONE',  ( 0.000000000000000000, -1.000000000000000000, 0.000000000000000000 ) ) ;
#3408 = CARTESIAN_POINT ( 'NONE',  ( 0.000000000000000000, 0.000000000000000000, 0.000000000000000000 ) ) ;
#3409 = CARTESIAN_POINT ( 'NONE',  ( 0.000000000000000000, 0.000000000000000000, 22.26750970799997731 ) ) ;
#3410 = DIRECTION ( 'NONE',  ( 0.000000000000000000, 1.000000000000000000, 0.000000000000000000 ) ) ;
#3411 = ORIENTED_EDGE ( 'NONE', *, *, #2678, .F. ) ;
#3412 = CARTESIAN_POINT ( 'NONE',  ( -115.1197999999999979, -48.24743877899999944, 18.45745920200000256 ) ) ;
#3413 = LINE ( 'NONE', #1872, #1083 ) ;
#3414 = EDGE_LOOP ( 'NONE', ( #1324, #3474, #1662, #291 ) ) ;
#3415 = ADVANCED_FACE ( 'NONE', ( #2540 ), #382, .T. ) ;
#3416 = EDGE_CURVE ( 'NONE', #43, #3028, #743, .T. ) ;
#3417 = LINE ( 'NONE', #268, #655 ) ;
#3418 = VECTOR ( 'NONE', #2664, 1000.000000000000000 ) ;
#3419 = VERTEX_POINT ( 'NONE', #107 ) ;
#3420 = DIRECTION ( 'NONE',  ( -0.000000000000000000, 1.000000000000000000, -0.000000000000000000 ) ) ;
#3421 = DIRECTION ( 'NONE',  ( -1.000000000000000000, 0.000000000000000000, 0.000000000000000000 ) ) ;
#3422 = APPROVAL ( #1079, '未指定' ) ;
#3423 = CARTESIAN_POINT ( 'NONE',  ( -146.5198000000000036, -52.24743877900000655, 5.757459202000000609 ) ) ;
#3424 = CIRCLE ( 'NONE', #485, 2.599999999999998312 ) ;
#3425 = ORIENTED_EDGE ( 'NONE', *, *, #242, .T. ) ;
#3426 = DIRECTION ( 'NONE',  ( 0.000000000000000000, -1.000000000000000000, 0.000000000000000000 ) ) ;
#3427 = FACE_OUTER_BOUND ( 'NONE', #3308, .T. ) ;
#3428 = ORIENTED_EDGE ( 'NONE', *, *, #3321, .T. ) ;
#3429 = DIRECTION ( 'NONE',  ( 0.000000000000000000, 0.000000000000000000, 1.000000000000000000 ) ) ;
#3430 = ORIENTED_EDGE ( 'NONE', *, *, #1029, .T. ) ;
#3431 = CARTESIAN_POINT ( 'NONE',  ( 0.8000000000000000444, -41.24743877899999944, 18.45745920200000256 ) ) ;
#3432 = CARTESIAN_POINT ( 'NONE',  ( 148.6697999990000199, 1.800000000000000044, 22.26750970799997731 ) ) ;
#3433 = EDGE_CURVE ( 'NONE', #3232, #340, #2666, .T. ) ;
#3434 = CARTESIAN_POINT ( 'NONE',  ( -143.4197999999999809, -52.74743877900000655, 23.76248445499999917 ) ) ;
#3435 = VERTEX_POINT ( 'NONE', #3083 ) ;
#3436 = ADVANCED_FACE ( 'NONE', ( #2115 ), #948, .T. ) ;
#3437 = CARTESIAN_POINT ( 'NONE',  ( -146.5198000000000036, 0.000000000000000000, 22.26750970799999862 ) ) ;
#3438 = ORIENTED_EDGE ( 'NONE', *, *, #1921, .F. ) ;
#3439 = ORIENTED_EDGE ( 'NONE', *, *, #2034, .F. ) ;
#3440 = AXIS2_PLACEMENT_3D ( 'NONE', #409, #2081, #1503 ) ;
#3441 = EDGE_CURVE ( 'NONE', #1902, #669, #3385, .T. ) ;
#3442 = ORIENTED_EDGE ( 'NONE', *, *, #3180, .F. ) ;
#3443 = CARTESIAN_POINT ( 'NONE',  ( 141.9198000000000093, -29.19405000000000072, 18.45745920200000256 ) ) ;
#3444 = DIRECTION ( 'NONE',  ( 0.000000000000000000, -1.000000000000000000, 0.000000000000000000 ) ) ;
#3445 = CARTESIAN_POINT ( 'NONE',  ( -114.9198000000000093, -48.24743877899999944, 18.65745920200000185 ) ) ;
#3446 = LINE ( 'NONE', #2954, #2003 ) ;
#3447 = DIRECTION ( 'NONE',  ( -1.000000000000000000, 0.000000000000000000, 0.000000000000000000 ) ) ;
#3448 = ADVANCED_FACE ( 'NONE', ( #2753 ), #2567, .F. ) ;
#3449 = CARTESIAN_POINT ( 'NONE',  ( 144.7026427119999994, -20.80338877899999872, 5.557459201999999543 ) ) ;
#3450 = DIRECTION ( 'NONE',  ( 0.000000000000000000, 0.000000000000000000, -1.000000000000000000 ) ) ;
#3451 = EDGE_CURVE ( 'NONE', #2803, #1035, #1939, .T. ) ;
#3452 = PLANE ( 'NONE',  #906 ) ;
#3453 = CARTESIAN_POINT ( 'NONE',  ( 115.5207902189999913, -40.97074438900000359, 22.65745920200000185 ) ) ;
#3454 = ORIENTED_EDGE ( 'NONE', *, *, #2380, .F. ) ;
#3455 = AXIS2_PLACEMENT_3D ( 'NONE', #2109, #768, #2923 ) ;
#3456 = DIRECTION ( 'NONE',  ( 0.8628562095508410801, 0.3574067442281659845, -0.3574067442281659845 ) ) ;
#3457 = VECTOR ( 'NONE', #943, 1000.000000000000000 ) ;
#3458 = EDGE_CURVE ( 'NONE', #1129, #2803, #1355, .T. ) ;
#3459 = CARTESIAN_POINT ( 'NONE',  ( -143.9197999999999809, -29.19743877900000228, 24.25745920200000327 ) ) ;
#3460 = ORIENTED_EDGE ( 'NONE', *, *, #1959, .T. ) ;
#3461 = FACE_OUTER_BOUND ( 'NONE', #3105, .T. ) ;
#3462 = EDGE_CURVE ( 'NONE', #16, #1231, #2458, .T. ) ;
#3463 = LINE ( 'NONE', #3103, #2207 ) ;
#3464 = ORIENTED_EDGE ( 'NONE', *, *, #1586, .T. ) ;
#3465 = DIRECTION ( 'NONE',  ( 0.000000000000000000, 1.000000000000000000, 0.000000000000000000 ) ) ;
#3466 = CYLINDRICAL_SURFACE ( 'NONE', #1637, 5.000000000000004441 ) ;
#3467 = DIRECTION ( 'NONE',  ( 1.000000000000000000, 0.000000000000000000, 0.000000000000000000 ) ) ;
#3468 = CARTESIAN_POINT ( 'NONE',  ( 0.000000000000000000, 0.000000000000000000, 0.000000000000000000 ) ) ;
#3469 = VERTEX_POINT ( 'NONE', #3144 ) ;
#3470 = ADVANCED_FACE ( 'NONE', ( #282 ), #726, .T. ) ;
#3471 = CARTESIAN_POINT ( 'NONE',  ( 136.5149060519999864, -56.74743877899999944, 22.65745920200000185 ) ) ;
#3472 = EDGE_LOOP ( 'NONE', ( #622, #2782, #552, #1100 ) ) ;
#3473 = ORIENTED_EDGE ( 'NONE', *, *, #257, .T. ) ;
#3474 = ORIENTED_EDGE ( 'NONE', *, *, #1202, .T. ) ;
#3475 = ORIENTED_EDGE ( 'NONE', *, *, #1454, .F. ) ;
#3476 = DIRECTION ( 'NONE',  ( -0.7071067811865474617, 0.000000000000000000, -0.7071067811865474617 ) ) ;
#3477 = LINE ( 'NONE', #607, #1025 ) ;
#3478 = DIRECTION ( 'NONE',  ( 0.000000000000000000, 0.000000000000000000, 1.000000000000000000 ) ) ;
#3479 = EDGE_CURVE ( 'NONE', #3150, #3240, #191, .T. ) ;
#3480 = DIRECTION ( 'NONE',  ( 0.000000000000000000, -1.000000000000000000, 0.000000000000000000 ) ) ;
#3481 = ORIENTED_EDGE ( 'NONE', *, *, #279, .T. ) ;
#3482 = VERTEX_POINT ( 'NONE', #1270 ) ;
#3483 = LINE ( 'NONE', #1986, #469 ) ;
#3484 = CARTESIAN_POINT ( 'NONE',  ( 149.4697999990000028, 3.600000000000000089, 22.26750970799997731 ) ) ;
#3485 = EDGE_LOOP ( 'NONE', ( #1563, #587, #1535, #1974 ) ) ;
#3486 = EDGE_CURVE ( 'NONE', #1186, #1979, #1265, .T. ) ;
#3487 = ADVANCED_FACE ( 'NONE', ( #2282 ), #1395, .T. ) ;
#3488 = DIRECTION ( 'NONE',  ( 1.000000000000000000, 0.000000000000000000, 0.000000000000000000 ) ) ;
#3489 = DIRECTION ( 'NONE',  ( 0.000000000000000000, -1.000000000000000000, 0.000000000000000000 ) ) ;
#3490 = LINE ( 'NONE', #2316, #1633 ) ;
#3491 = VERTEX_POINT ( 'NONE', #2370 ) ;
#3492 = DIRECTION ( 'NONE',  ( 1.000000000000000000, 0.000000000000000000, 0.000000000000000000 ) ) ;
#3493 = LINE ( 'NONE', #1617, #2488 ) ;
#3494 = LINE ( 'NONE', #882, #2701 ) ;
#3495 = DIRECTION ( 'NONE',  ( 0.000000000000000000, 0.000000000000000000, -1.000000000000000000 ) ) ;
#3496 = EDGE_CURVE ( 'NONE', #1574, #1422, #2381, .T. ) ;
#3497 = VECTOR ( 'NONE', #2938, 1000.000000000000000 ) ;
#3498 = ORIENTED_EDGE ( 'NONE', *, *, #2051, .F. ) ;
#3499 = DIRECTION ( 'NONE',  ( 0.7071067811865474617, 0.000000000000000000, -0.7071067811865474617 ) ) ;
#3500 = VECTOR ( 'NONE', #1045, 1000.000000000000114 ) ;
#3501 = FACE_OUTER_BOUND ( 'NONE', #3220, .T. ) ;
#3502 = ADVANCED_FACE ( 'NONE', ( #3427 ), #3266, .T. ) ;
#3503 = DIRECTION ( 'NONE',  ( 0.000000000000000000, 0.000000000000000000, -1.000000000000000000 ) ) ;
#3504 = AXIS2_PLACEMENT_3D ( 'NONE', #3320, #3328, #2795 ) ;
#3505 = CIRCLE ( 'NONE', #2368, 2.200000000000000622 ) ;
#3506 = ORIENTED_EDGE ( 'NONE', *, *, #1377, .T. ) ;
#3507 = EDGE_CURVE ( 'NONE', #1558, #1818, #2830, .T. ) ;
#3508 = FACE_OUTER_BOUND ( 'NONE', #2318, .T. ) ;
#3509 = ORIENTED_EDGE ( 'NONE', *, *, #3125, .F. ) ;
#3510 = FACE_OUTER_BOUND ( 'NONE', #3098, .T. ) ;
#3511 = CARTESIAN_POINT ( 'NONE',  ( 146.7198000000000206, -52.14743877899999802, 18.25745920199999972 ) ) ;
#3512 = DIRECTION ( 'NONE',  ( 0.000000000000000000, 0.5773502690291379968, 0.8164965810412080360 ) ) ;
#3513 = VERTEX_POINT ( 'NONE', #3445 ) ;
#3514 = PLANE ( 'NONE',  #3117 ) ;
#3515 = VERTEX_POINT ( 'NONE', #420 ) ;
#3516 = CARTESIAN_POINT ( 'NONE',  ( -144.8722873730000060, -43.62541377899999873, 8.134971828999999488 ) ) ;
#3517 = CONICAL_SURFACE ( 'NONE', #1200, 2.200000000000007283, 0.7853981625000003852 ) ;
#3518 = LINE ( 'NONE', #214, #2319 ) ;
#3519 = CARTESIAN_POINT ( 'NONE',  ( 0.000000000000000000, 0.000000000000000000, 22.26750970799999862 ) ) ;
#3520 = ORIENTED_EDGE ( 'NONE', *, *, #1278, .T. ) ;
#3521 = EDGE_CURVE ( 'NONE', #1322, #760, #95, .T. ) ;
#3522 = ORIENTED_EDGE ( 'NONE', *, *, #1777, .T. ) ;
#3523 = DIRECTION ( 'NONE',  ( 0.000000000000000000, 0.000000000000000000, -1.000000000000000000 ) ) ;
#3524 = ORIENTED_EDGE ( 'NONE', *, *, #460, .T. ) ;
#3525 = ORIENTED_EDGE ( 'NONE', *, *, #3014, .T. ) ;
#3526 = DIRECTION ( 'NONE',  ( 0.000000000000000000, -0.7071067811865475727, 0.7071067811865475727 ) ) ;
#3527 = PLANE ( 'NONE',  #1883 ) ;
#3528 = PLANE ( 'NONE',  #3151 ) ;
ENDSEC;
END-ISO-10303-21;
