ISO-10303-21;
HEADER;

/* File generated by Shapr3D Version 5.980.9717.0 */

FILE_DESCRIPTION(('HOOPS Exchange Step'),'2;1');

FILE_NAME('C:\\Users\\13271\\AppData\\Local\\Packages\\Shapr3D.Shapr3D_j403pzjkqtqbj\\TempState\\export\\temp_export',
'2025-11-02T22:30:41+08:00',
('13271'),
('Shapr3D Limited'),
'HOOPS Exchange 2025.5',
'Shapr3D',
'Authorized');

FILE_SCHEMA( ('AP242_MANAGED_MODEL_BASED_3D_ENGINEERING_MIM_LF {1 0 10303 442 1 1 4}') );

ENDSEC;

DATA;
#3=(NAMED_UNIT(*)PLANE_ANGLE_UNIT()SI_UNIT($,.RADIAN.));
#4=PLANE_ANGLE_MEASURE_WITH_UNIT(PLANE_ANGLE_MEASURE(0.0174532925),#3);
#5=(CONVERSION_BASED_UNIT('DEGREE',#4)NAMED_UNIT(#6)PLANE_ANGLE_UNIT());
#6=DIMENSIONAL_EXPONENTS(0.,0.,0.,0.,0.,0.,0.);
#7=(NAMED_UNIT(*)SI_UNIT($,.STERADIAN.)SOLID_ANGLE_UNIT());
#8=(LENGTH_UNIT()NAMED_UNIT(*)SI_UNIT(.MILLI.,.METRE.));
#9=UNCERTAINTY_MEASURE_WITH_UNIT(LENGTH_MEASURE(1.000000E-03),#8,'DISTANCE_ACCURACY_VALUE','Maximum Tolerance applied to model');
#10=(GEOMETRIC_REPRESENTATION_CONTEXT(3)GLOBAL_UNCERTAINTY_ASSIGNED_CONTEXT((#9))GLOBAL_UNIT_ASSIGNED_CONTEXT((#8,#5,#7))REPRESENTATION_CONTEXT('','root'));
#12=CARTESIAN_POINT('',(0.,0.,0.));
#13=DIRECTION('',(0.,0.,1.));
#14=DIRECTION('',(1.,0.,0.));
#15=AXIS2_PLACEMENT_3D('',#12,#13,#14);
#26=(NAMED_UNIT(*)PLANE_ANGLE_UNIT()SI_UNIT($,.RADIAN.));
#27=PLANE_ANGLE_MEASURE_WITH_UNIT(PLANE_ANGLE_MEASURE(0.0174532925),#26);
#28=(CONVERSION_BASED_UNIT('DEGREE',#27)NAMED_UNIT(#29)PLANE_ANGLE_UNIT());
#29=DIMENSIONAL_EXPONENTS(0.,0.,0.,0.,0.,0.,0.);
#30=(NAMED_UNIT(*)SI_UNIT($,.STERADIAN.)SOLID_ANGLE_UNIT());
#31=(LENGTH_UNIT()NAMED_UNIT(*)SI_UNIT(.MILLI.,.METRE.));
#32=UNCERTAINTY_MEASURE_WITH_UNIT(LENGTH_MEASURE(1.000000E-05),#31,'DISTANCE_ACCURACY_VALUE','Maximum Tolerance applied to model');
#33=(GEOMETRIC_REPRESENTATION_CONTEXT(3)GLOBAL_UNCERTAINTY_ASSIGNED_CONTEXT((#32))GLOBAL_UNIT_ASSIGNED_CONTEXT((#31,#28,#30))REPRESENTATION_CONTEXT('','main_frame'));
#45=CARTESIAN_POINT('',(0.,0.,0.));
#46=DIRECTION('',(0.,0.,1.));
#47=DIRECTION('',(1.,0.,-0.));
#48=AXIS2_PLACEMENT_3D('',#45,#46,#47);
#49=ITEM_DEFINED_TRANSFORMATION('','',#48,#15);
#50=(REPRESENTATION_RELATIONSHIP('','',#35,#16)REPRESENTATION_RELATIONSHIP_WITH_TRANSFORMATION(#49)SHAPE_REPRESENTATION_RELATIONSHIP());
#51=NEXT_ASSEMBLY_USAGE_OCCURRENCE('main_frame_1','main_frame','main_frame',#25,#44,$);
#52=PRODUCT_DEFINITION_SHAPE('','',#51);
#53=CONTEXT_DEPENDENT_SHAPE_REPRESENTATION(#50,#52);
#55=CARTESIAN_POINT('',(143.9198,-2.003388779,-0.742540798));
#56=DIRECTION('',(-1.,0.,0.));
#57=DIRECTION('',(0.,-1.,-0.));
#58=AXIS2_PLACEMENT_3D('',#55,#56,#57);
#59=PLANE('',#58);
#60=CARTESIAN_POINT('',(143.9198,44.240661221,22.657459202));
#61=VERTEX_POINT('',#60);
#62=CARTESIAN_POINT('',(143.9198,44.240661221,17.657459202));
#63=VERTEX_POINT('',#62);
#64=CARTESIAN_POINT('',(143.9198,44.240661221,22.657459202));
#65=DIRECTION('',(-0.,0.,-1.));
#66=VECTOR('',#65,5.);
#67=LINE('',#64,#66);
#68=EDGE_CURVE('',#61,#63,#67,.T.);
#69=ORIENTED_EDGE('',*,*,#68,.T.);
#70=CARTESIAN_POINT('',(143.9198,16.496611221,17.657459202));
#71=VERTEX_POINT('',#70);
#72=CARTESIAN_POINT('',(143.9198,44.240661221,17.657459202));
#73=DIRECTION('',(0.,-1.,-0.));
#74=VECTOR('',#73,27.74405);
#75=LINE('',#72,#74);
#76=EDGE_CURVE('',#63,#71,#75,.T.);
#77=ORIENTED_EDGE('',*,*,#76,.T.);
#78=CARTESIAN_POINT('',(143.9198,16.496611221,5.757459202));
#79=VERTEX_POINT('',#78);
#80=CARTESIAN_POINT('',(143.9198,16.496611221,17.657459202));
#81=DIRECTION('',(-0.,0.,-1.));
#82=VECTOR('',#81,11.9);
#83=LINE('',#80,#82);
#84=EDGE_CURVE('',#71,#79,#83,.T.);
#85=ORIENTED_EDGE('',*,*,#84,.T.);
#86=CARTESIAN_POINT('',(143.9198,-20.303388779,5.757459202));
#87=VERTEX_POINT('',#86);
#88=CARTESIAN_POINT('',(143.9198,16.496611221,5.757459202));
#89=DIRECTION('',(0.,-1.,-0.));
#90=VECTOR('',#89,36.8);
#91=LINE('',#88,#90);
#92=EDGE_CURVE('',#79,#87,#91,.T.);
#93=ORIENTED_EDGE('',*,*,#92,.T.);
#94=CARTESIAN_POINT('',(143.9198,-20.303388779,17.657459202));
#95=VERTEX_POINT('',#94);
#96=CARTESIAN_POINT('',(143.9198,-20.303388779,5.757459202));
#97=DIRECTION('',(0.,-0.,1.));
#98=VECTOR('',#97,11.9);
#99=LINE('',#96,#98);
#100=EDGE_CURVE('',#87,#95,#99,.T.);
#101=ORIENTED_EDGE('',*,*,#100,.T.);
#102=CARTESIAN_POINT('',(143.9198,-29.19405,17.657459202));
#103=VERTEX_POINT('',#102);
#104=CARTESIAN_POINT('',(143.9198,-20.303388779,17.657459202));
#105=DIRECTION('',(0.,-1.,-0.));
#106=VECTOR('',#105,8.890661221);
#107=LINE('',#104,#106);
#108=EDGE_CURVE('',#95,#103,#107,.T.);
#109=ORIENTED_EDGE('',*,*,#108,.T.);
#110=CARTESIAN_POINT('',(143.9198,-29.19405,22.657459202));
#111=VERTEX_POINT('',#110);
#112=CARTESIAN_POINT('',(143.9198,-29.19405,17.657459202));
#113=DIRECTION('',(0.,-0.,1.));
#114=VECTOR('',#113,5.);
#115=LINE('',#112,#114);
#116=EDGE_CURVE('',#103,#111,#115,.T.);
#117=ORIENTED_EDGE('',*,*,#116,.T.);
#118=CARTESIAN_POINT('',(143.9198,-29.19405,22.657459202));
#119=DIRECTION('',(0.,1.,0.));
#120=VECTOR('',#119,73.434711221);
#121=LINE('',#118,#120);
#122=EDGE_CURVE('',#111,#61,#121,.T.);
#123=ORIENTED_EDGE('',*,*,#122,.T.);
#124=EDGE_LOOP('',(#69,#77,#85,#93,#101,#109,#117,#123));
#125=FACE_BOUND('',#124,.T.);
#126=ADVANCED_FACE('',(#125),#59,.T.);
#127=CARTESIAN_POINT('',(0.3,-50.247438779,-0.742540798));
#128=DIRECTION('',(0.,1.,0.));
#129=DIRECTION('',(0.,-0.,1.));
#130=AXIS2_PLACEMENT_3D('',#127,#128,#129);
#131=PLANE('',#130);
#132=CARTESIAN_POINT('',(137.514906052,-50.247438779,17.457459202));
#133=VERTEX_POINT('',#132);
#134=CARTESIAN_POINT('',(125.424906052,-50.247438779,17.457459202));
#135=VERTEX_POINT('',#134);
#136=CARTESIAN_POINT('',(137.514906052,-50.247438779,17.457459202));
#137=DIRECTION('',(-1.,0.,0.));
#138=VECTOR('',#137,12.09);
#139=LINE('',#136,#138);
#140=EDGE_CURVE('',#133,#135,#139,.T.);
#141=ORIENTED_EDGE('',*,*,#140,.T.);
#142=CARTESIAN_POINT('',(126.424906052,-50.247438779,18.457459202));
#143=VERTEX_POINT('',#142);
#144=CARTESIAN_POINT('',(125.424906052,-50.247438779,17.457459202));
#145=DIRECTION('',(0.707106781,-0.,0.707106781));
#146=VECTOR('',#145,1.414213562);
#147=LINE('',#144,#146);
#148=EDGE_CURVE('',#135,#143,#147,.T.);
#149=ORIENTED_EDGE('',*,*,#148,.T.);
#150=CARTESIAN_POINT('',(126.424906052,-50.247438779,18.657459202));
#151=VERTEX_POINT('',#150);
#152=CARTESIAN_POINT('',(126.424906052,-50.247438779,18.457459202));
#153=DIRECTION('',(0.,-0.,1.));
#154=VECTOR('',#153,0.2);
#155=LINE('',#152,#154);
#156=EDGE_CURVE('',#143,#151,#155,.T.);
#157=ORIENTED_EDGE('',*,*,#156,.T.);
#158=CARTESIAN_POINT('',(136.514906052,-50.247438779,18.657459202));
#159=VERTEX_POINT('',#158);
#160=CARTESIAN_POINT('',(136.514906052,-50.247438779,18.657459202));
#161=DIRECTION('',(-1.,0.,0.));
#162=VECTOR('',#161,10.09);
#163=LINE('',#160,#162);
#164=EDGE_CURVE('',#159,#151,#163,.T.);
#165=ORIENTED_EDGE('',*,*,#164,.F.);
#166=CARTESIAN_POINT('',(136.514906052,-50.247438779,18.457459202));
#167=VERTEX_POINT('',#166);
#168=CARTESIAN_POINT('',(136.514906052,-50.247438779,18.457459202));
#169=DIRECTION('',(0.,-0.,1.));
#170=VECTOR('',#169,0.2);
#171=LINE('',#168,#170);
#172=EDGE_CURVE('',#167,#159,#171,.T.);
#173=ORIENTED_EDGE('',*,*,#172,.F.);
#174=CARTESIAN_POINT('',(136.514906052,-50.247438779,18.457459202));
#175=DIRECTION('',(0.707106781,0.,-0.707106781));
#176=VECTOR('',#175,1.414213562);
#177=LINE('',#174,#176);
#178=EDGE_CURVE('',#167,#133,#177,.T.);
#179=ORIENTED_EDGE('',*,*,#178,.T.);
#180=EDGE_LOOP('',(#141,#149,#157,#165,#173,#179));
#181=FACE_BOUND('',#180,.T.);
#182=ADVANCED_FACE('',(#181),#131,.T.);
#183=CARTESIAN_POINT('',(0.3,-50.247438779,-0.742540798));
#184=DIRECTION('',(0.,1.,0.));
#185=DIRECTION('',(0.,-0.,1.));
#186=AXIS2_PLACEMENT_3D('',#183,#184,#185);
#187=PLANE('',#186);
#188=CARTESIAN_POINT('',(113.520790219,-50.247438779,22.657459202));
#189=VERTEX_POINT('',#188);
#190=CARTESIAN_POINT('',(113.520790219,-50.247438779,17.657459202));
#191=VERTEX_POINT('',#190);
#192=CARTESIAN_POINT('',(113.520790219,-50.247438779,22.657459202));
#193=DIRECTION('',(-0.,0.,-1.));
#194=VECTOR('',#193,5.);
#195=LINE('',#192,#194);
#196=EDGE_CURVE('',#189,#191,#195,.T.);
#197=ORIENTED_EDGE('',*,*,#196,.T.);
#198=CARTESIAN_POINT('',(-112.9198,-50.247438779,17.657459202));
#199=VERTEX_POINT('',#198);
#200=CARTESIAN_POINT('',(113.520790219,-50.247438779,17.657459202));
#201=DIRECTION('',(-1.,0.,0.));
#202=VECTOR('',#201,226.440590219);
#203=LINE('',#200,#202);
#204=EDGE_CURVE('',#191,#199,#203,.T.);
#205=ORIENTED_EDGE('',*,*,#204,.T.);
#206=CARTESIAN_POINT('',(-112.9198,-50.247438779,22.657459202));
#207=VERTEX_POINT('',#206);
#208=CARTESIAN_POINT('',(-112.9198,-50.247438779,17.657459202));
#209=DIRECTION('',(0.,-0.,1.));
#210=VECTOR('',#209,5.);
#211=LINE('',#208,#210);
#212=EDGE_CURVE('',#199,#207,#211,.T.);
#213=ORIENTED_EDGE('',*,*,#212,.T.);
#214=CARTESIAN_POINT('',(-112.9198,-50.247438779,22.657459202));
#215=DIRECTION('',(1.,0.,-0.));
#216=VECTOR('',#215,226.440590219);
#217=LINE('',#214,#216);
#218=EDGE_CURVE('',#207,#189,#217,.T.);
#219=ORIENTED_EDGE('',*,*,#218,.T.);
#220=EDGE_LOOP('',(#197,#205,#213,#219));
#221=FACE_BOUND('',#220,.T.);
#222=CARTESIAN_POINT('',(5.26,-50.247438779,21.657459202));
#223=VERTEX_POINT('',#222);
#224=CARTESIAN_POINT('',(5.26,-50.247438779,18.657459202));
#225=VERTEX_POINT('',#224);
#226=CARTESIAN_POINT('',(5.26,-50.247438779,21.657459202));
#227=DIRECTION('',(0.,0.,-1.));
#228=VECTOR('',#227,3.);
#229=LINE('',#226,#228);
#230=EDGE_CURVE('',#223,#225,#229,.T.);
#231=ORIENTED_EDGE('',*,*,#230,.F.);
#232=CARTESIAN_POINT('',(-4.83,-50.247438779,21.657459202));
#233=VERTEX_POINT('',#232);
#234=CARTESIAN_POINT('',(-4.83,-50.247438779,21.657459202));
#235=DIRECTION('',(1.,0.,-0.));
#236=VECTOR('',#235,10.09);
#237=LINE('',#234,#236);
#238=EDGE_CURVE('',#233,#223,#237,.T.);
#239=ORIENTED_EDGE('',*,*,#238,.F.);
#240=CARTESIAN_POINT('',(-4.83,-50.247438779,18.657459202));
#241=VERTEX_POINT('',#240);
#242=CARTESIAN_POINT('',(-4.83,-50.247438779,21.657459202));
#243=DIRECTION('',(0.,0.,-1.));
#244=VECTOR('',#243,3.);
#245=LINE('',#242,#244);
#246=EDGE_CURVE('',#233,#241,#245,.T.);
#247=ORIENTED_EDGE('',*,*,#246,.T.);
#248=CARTESIAN_POINT('',(5.26,-50.247438779,18.657459202));
#249=DIRECTION('',(-1.,0.,0.));
#250=VECTOR('',#249,10.09);
#251=LINE('',#248,#250);
#252=EDGE_CURVE('',#225,#241,#251,.T.);
#253=ORIENTED_EDGE('',*,*,#252,.F.);
#254=EDGE_LOOP('',(#231,#239,#247,#253));
#255=FACE_BOUND('',#254,.T.);
#256=ADVANCED_FACE('',(#221,#255),#187,.T.);
#257=CARTESIAN_POINT('',(0.3,-2.003388779,23.257459202));
#258=DIRECTION('',(0.,-0.,1.));
#259=DIRECTION('',(1.,0.,0.));
#260=AXIS2_PLACEMENT_3D('',#257,#258,#259);
#261=PLANE('',#260);
#262=CARTESIAN_POINT('',(113.520790219,-50.847438779,23.257459202));
#263=VERTEX_POINT('',#262);
#264=CARTESIAN_POINT('',(-112.9198,-50.847438779,23.257459202));
#265=VERTEX_POINT('',#264);
#266=CARTESIAN_POINT('',(113.520790219,-50.847438779,23.257459202));
#267=DIRECTION('',(-1.,0.,0.));
#268=VECTOR('',#267,226.440590219);
#269=LINE('',#266,#268);
#270=EDGE_CURVE('',#263,#265,#269,.T.);
#271=ORIENTED_EDGE('',*,*,#270,.T.);
#272=CARTESIAN_POINT('',(-115.5198,-48.247438779,23.257459202));
#273=VERTEX_POINT('',#272);
#274=CARTESIAN_POINT('',(-112.9198,-48.247438779,23.257459202));
#275=DIRECTION('',(-0.,0.,-1.));
#276=DIRECTION('',(0.,-1.,-0.));
#277=AXIS2_PLACEMENT_3D('',#274,#275,#276);
#278=CIRCLE('',#277,2.6);
#279=EDGE_CURVE('',#265,#273,#278,.T.);
#280=ORIENTED_EDGE('',*,*,#279,.T.);
#281=CARTESIAN_POINT('',(-115.5198,-33.197438779,23.257459202));
#282=VERTEX_POINT('',#281);
#283=CARTESIAN_POINT('',(-115.5198,-48.247438779,23.257459202));
#284=DIRECTION('',(0.,1.,0.));
#285=VECTOR('',#284,15.05);
#286=LINE('',#283,#285);
#287=EDGE_CURVE('',#273,#282,#286,.T.);
#288=ORIENTED_EDGE('',*,*,#287,.T.);
#289=CARTESIAN_POINT('',(-116.9198,-31.797438779,23.257459202));
#290=VERTEX_POINT('',#289);
#291=CARTESIAN_POINT('',(-116.9198,-33.197438779,23.257459202));
#292=DIRECTION('',(0.,-0.,1.));
#293=DIRECTION('',(0.,-1.,-0.));
#294=AXIS2_PLACEMENT_3D('',#291,#292,#293);
#295=CIRCLE('',#294,1.4);
#296=EDGE_CURVE('',#282,#290,#295,.T.);
#297=ORIENTED_EDGE('',*,*,#296,.T.);
#298=CARTESIAN_POINT('',(-141.3198,-31.797438779,23.257459202));
#299=VERTEX_POINT('',#298);
#300=CARTESIAN_POINT('',(-116.9198,-31.797438779,23.257459202));
#301=DIRECTION('',(-1.,-0.,-0.));
#302=VECTOR('',#301,24.4);
#303=LINE('',#300,#302);
#304=EDGE_CURVE('',#290,#299,#303,.T.);
#305=ORIENTED_EDGE('',*,*,#304,.T.);
#306=CARTESIAN_POINT('',(-143.9198,-29.197438779,23.257459202));
#307=VERTEX_POINT('',#306);
#308=CARTESIAN_POINT('',(-141.3198,-29.197438779,23.257459202));
#309=DIRECTION('',(-0.,0.,-1.));
#310=DIRECTION('',(0.,-1.,-0.));
#311=AXIS2_PLACEMENT_3D('',#308,#309,#310);
#312=CIRCLE('',#311,2.6);
#313=EDGE_CURVE('',#299,#307,#312,.T.);
#314=ORIENTED_EDGE('',*,*,#313,.T.);
#315=CARTESIAN_POINT('',(-143.9198,44.240661221,23.257459202));
#316=VERTEX_POINT('',#315);
#317=CARTESIAN_POINT('',(-143.9198,-29.197438779,23.257459202));
#318=DIRECTION('',(0.,1.,0.));
#319=VECTOR('',#318,73.4381);
#320=LINE('',#317,#319);
#321=EDGE_CURVE('',#307,#316,#320,.T.);
#322=ORIENTED_EDGE('',*,*,#321,.T.);
#323=CARTESIAN_POINT('',(-141.3198,46.840661221,23.257459202));
#324=VERTEX_POINT('',#323);
#325=CARTESIAN_POINT('',(-141.3198,44.240661221,23.257459202));
#326=DIRECTION('',(-0.,0.,-1.));
#327=DIRECTION('',(0.,-1.,-0.));
#328=AXIS2_PLACEMENT_3D('',#325,#326,#327);
#329=CIRCLE('',#328,2.6);
#330=EDGE_CURVE('',#316,#324,#329,.T.);
#331=ORIENTED_EDGE('',*,*,#330,.T.);
#332=CARTESIAN_POINT('',(141.9198,46.840661221,23.257459202));
#333=VERTEX_POINT('',#332);
#334=CARTESIAN_POINT('',(-141.3198,46.840661221,23.257459202));
#335=DIRECTION('',(1.,0.,-0.));
#336=VECTOR('',#335,283.2396);
#337=LINE('',#334,#336);
#338=EDGE_CURVE('',#324,#333,#337,.T.);
#339=ORIENTED_EDGE('',*,*,#338,.T.);
#340=CARTESIAN_POINT('',(144.5198,44.240661221,23.257459202));
#341=VERTEX_POINT('',#340);
#342=CARTESIAN_POINT('',(141.9198,44.240661221,23.257459202));
#343=DIRECTION('',(-0.,0.,-1.));
#344=DIRECTION('',(0.,-1.,-0.));
#345=AXIS2_PLACEMENT_3D('',#342,#343,#344);
#346=CIRCLE('',#345,2.6);
#347=EDGE_CURVE('',#333,#341,#346,.T.);
#348=ORIENTED_EDGE('',*,*,#347,.T.);
#349=CARTESIAN_POINT('',(144.5198,-29.19405,23.257459202));
#350=VERTEX_POINT('',#349);
#351=CARTESIAN_POINT('',(144.5198,44.240661221,23.257459202));
#352=DIRECTION('',(0.,-1.,-0.));
#353=VECTOR('',#352,73.434711221);
#354=LINE('',#351,#353);
#355=EDGE_CURVE('',#341,#350,#354,.T.);
#356=ORIENTED_EDGE('',*,*,#355,.T.);
#357=CARTESIAN_POINT('',(141.9198,-31.79405,23.257459202));
#358=VERTEX_POINT('',#357);
#359=CARTESIAN_POINT('',(141.9198,-29.19405,23.257459202));
#360=DIRECTION('',(-0.,0.,-1.));
#361=DIRECTION('',(0.,-1.,-0.));
#362=AXIS2_PLACEMENT_3D('',#359,#360,#361);
#363=CIRCLE('',#362,2.6);
#364=EDGE_CURVE('',#350,#358,#363,.T.);
#365=ORIENTED_EDGE('',*,*,#364,.T.);
#366=CARTESIAN_POINT('',(117.520790219,-31.79405,23.257459202));
#367=VERTEX_POINT('',#366);
#368=CARTESIAN_POINT('',(141.9198,-31.79405,23.257459202));
#369=DIRECTION('',(-1.,0.,0.));
#370=VECTOR('',#369,24.399009781);
#371=LINE('',#368,#370);
#372=EDGE_CURVE('',#358,#367,#371,.T.);
#373=ORIENTED_EDGE('',*,*,#372,.T.);
#374=CARTESIAN_POINT('',(116.120790219,-33.19405,23.257459202));
#375=VERTEX_POINT('',#374);
#376=CARTESIAN_POINT('',(117.520790219,-33.19405,23.257459202));
#377=DIRECTION('',(0.,-0.,1.));
#378=DIRECTION('',(0.,-1.,-0.));
#379=AXIS2_PLACEMENT_3D('',#376,#377,#378);
#380=CIRCLE('',#379,1.4);
#381=EDGE_CURVE('',#367,#375,#380,.T.);
#382=ORIENTED_EDGE('',*,*,#381,.T.);
#383=CARTESIAN_POINT('',(116.120790219,-48.247438779,23.257459202));
#384=VERTEX_POINT('',#383);
#385=CARTESIAN_POINT('',(116.120790219,-33.19405,23.257459202));
#386=DIRECTION('',(0.,-1.,-0.));
#387=VECTOR('',#386,15.053388779);
#388=LINE('',#385,#387);
#389=EDGE_CURVE('',#375,#384,#388,.T.);
#390=ORIENTED_EDGE('',*,*,#389,.T.);
#391=CARTESIAN_POINT('',(113.520790219,-48.247438779,23.257459202));
#392=DIRECTION('',(-0.,0.,-1.));
#393=DIRECTION('',(0.,-1.,-0.));
#394=AXIS2_PLACEMENT_3D('',#391,#392,#393);
#395=CIRCLE('',#394,2.6);
#396=EDGE_CURVE('',#384,#263,#395,.T.);
#397=ORIENTED_EDGE('',*,*,#396,.T.);
#398=EDGE_LOOP('',(#271,#280,#288,#297,#305,#314,#322,#331,#339,#348,#356,#365,#373,#382,#390,#397));
#399=FACE_BOUND('',#398,.T.);
#400=CARTESIAN_POINT('',(149.029850506,-52.747438779,23.257459204));
#401=VERTEX_POINT('',#400);
#402=CARTESIAN_POINT('',(149.029850506,48.740661221,23.257459203));
#403=VERTEX_POINT('',#402);
#404=CARTESIAN_POINT('',(149.029850506,-52.747438779,23.257459202));
#405=DIRECTION('',(0.,1.,0.));
#406=VECTOR('',#405,101.4881);
#407=LINE('',#404,#406);
#408=EDGE_CURVE('',#401,#403,#407,.T.);
#409=ORIENTED_EDGE('',*,*,#408,.T.);
#410=CARTESIAN_POINT('',(144.0198,53.750711727,23.257459203));
#411=VERTEX_POINT('',#410);
#412=CARTESIAN_POINT('',(144.0198,48.740661221,23.257459203));
#413=DIRECTION('',(-0.,-0.,1.));
#414=DIRECTION('',(-1.,0.,0.));
#415=AXIS2_PLACEMENT_3D('',#412,#413,#414);
#416=CIRCLE('',#415,5.010050506);
#417=EDGE_CURVE('',#403,#411,#416,.T.);
#418=ORIENTED_EDGE('',*,*,#417,.T.);
#419=CARTESIAN_POINT('',(-143.4198,53.750711728,23.257459203));
#420=VERTEX_POINT('',#419);
#421=CARTESIAN_POINT('',(144.0198,53.750711727,23.257459202));
#422=DIRECTION('',(-1.,-0.,0.));
#423=VECTOR('',#422,287.4396);
#424=LINE('',#421,#423);
#425=EDGE_CURVE('',#411,#420,#424,.T.);
#426=ORIENTED_EDGE('',*,*,#425,.T.);
#427=CARTESIAN_POINT('',(-148.429850506,48.740661221,23.257459202));
#428=VERTEX_POINT('',#427);
#429=CARTESIAN_POINT('',(-143.4198,48.740661221,23.257459203));
#430=DIRECTION('',(-0.,-0.,1.));
#431=DIRECTION('',(-1.,0.,0.));
#432=AXIS2_PLACEMENT_3D('',#429,#430,#431);
#433=CIRCLE('',#432,5.010050506);
#434=EDGE_CURVE('',#420,#428,#433,.T.);
#435=ORIENTED_EDGE('',*,*,#434,.T.);
#436=CARTESIAN_POINT('',(-148.429850506,-52.747438779,23.257459203));
#437=VERTEX_POINT('',#436);
#438=CARTESIAN_POINT('',(-148.429850506,48.740661221,23.257459202));
#439=DIRECTION('',(-0.,-1.,-0.));
#440=VECTOR('',#439,101.4881);
#441=LINE('',#438,#440);
#442=EDGE_CURVE('',#428,#437,#441,.T.);
#443=ORIENTED_EDGE('',*,*,#442,.T.);
#444=CARTESIAN_POINT('',(-143.4198,-57.757489284,23.257459203));
#445=VERTEX_POINT('',#444);
#446=CARTESIAN_POINT('',(-143.4198,-52.747438779,23.257459203));
#447=DIRECTION('',(-0.,-0.,1.));
#448=DIRECTION('',(-1.,0.,0.));
#449=AXIS2_PLACEMENT_3D('',#446,#447,#448);
#450=CIRCLE('',#449,5.010050506);
#451=EDGE_CURVE('',#437,#445,#450,.T.);
#452=ORIENTED_EDGE('',*,*,#451,.T.);
#453=CARTESIAN_POINT('',(144.0198,-57.757489283,23.257459203));
#454=VERTEX_POINT('',#453);
#455=CARTESIAN_POINT('',(-143.4198,-57.757489285,23.257459202));
#456=DIRECTION('',(1.,0.,-0.));
#457=VECTOR('',#456,287.4396);
#458=LINE('',#455,#457);
#459=EDGE_CURVE('',#445,#454,#458,.T.);
#460=ORIENTED_EDGE('',*,*,#459,.T.);
#461=CARTESIAN_POINT('',(144.0198,-52.747438779,23.257459204));
#462=DIRECTION('',(-0.,-0.,1.));
#463=DIRECTION('',(-1.,0.,0.));
#464=AXIS2_PLACEMENT_3D('',#461,#462,#463);
#465=CIRCLE('',#464,5.010050505);
#466=EDGE_CURVE('',#454,#401,#465,.T.);
#467=ORIENTED_EDGE('',*,*,#466,.T.);
#468=EDGE_LOOP('',(#409,#418,#426,#435,#443,#452,#460,#467));
#469=FACE_BOUND('',#468,.T.);
#470=ADVANCED_FACE('',(#399,#469),#261,.T.);
#471=CARTESIAN_POINT('',(0.215,-51.447438779,18.657459202));
#472=DIRECTION('',(0.,0.,-1.));
#473=DIRECTION('',(-1.,0.,0.));
#474=AXIS2_PLACEMENT_3D('',#471,#472,#473);
#475=PLANE('',#474);
#476=ORIENTED_EDGE('',*,*,#252,.T.);
#477=CARTESIAN_POINT('',(-4.83,-56.747438779,18.657459202));
#478=VERTEX_POINT('',#477);
#479=CARTESIAN_POINT('',(-4.83,-56.747438779,18.657459202));
#480=DIRECTION('',(0.,1.,0.));
#481=VECTOR('',#480,6.5);
#482=LINE('',#479,#481);
#483=EDGE_CURVE('',#478,#241,#482,.T.);
#484=ORIENTED_EDGE('',*,*,#483,.F.);
#485=CARTESIAN_POINT('',(5.26,-56.747438779,18.657459202));
#486=VERTEX_POINT('',#485);
#487=CARTESIAN_POINT('',(5.26,-56.747438779,18.657459202));
#488=DIRECTION('',(-1.,0.,0.));
#489=VECTOR('',#488,10.09);
#490=LINE('',#487,#489);
#491=EDGE_CURVE('',#486,#478,#490,.T.);
#492=ORIENTED_EDGE('',*,*,#491,.F.);
#493=CARTESIAN_POINT('',(5.26,-56.747438779,18.657459202));
#494=DIRECTION('',(0.,1.,0.));
#495=VECTOR('',#494,6.5);
#496=LINE('',#493,#495);
#497=EDGE_CURVE('',#486,#225,#496,.T.);
#498=ORIENTED_EDGE('',*,*,#497,.T.);
#499=EDGE_LOOP('',(#476,#484,#492,#498));
#500=FACE_BOUND('',#499,.T.);
#501=ADVANCED_FACE('',(#500),#475,.F.);
#502=CARTESIAN_POINT('',(0.215,-51.447438779,21.657459202));
#503=DIRECTION('',(0.,-0.,1.));
#504=DIRECTION('',(1.,0.,0.));
#505=AXIS2_PLACEMENT_3D('',#502,#503,#504);
#506=PLANE('',#505);
#507=ORIENTED_EDGE('',*,*,#238,.T.);
#508=CARTESIAN_POINT('',(5.26,-56.747438779,21.657459202));
#509=VERTEX_POINT('',#508);
#510=CARTESIAN_POINT('',(5.26,-56.747438779,21.657459202));
#511=DIRECTION('',(0.,1.,0.));
#512=VECTOR('',#511,6.5);
#513=LINE('',#510,#512);
#514=EDGE_CURVE('',#509,#223,#513,.T.);
#515=ORIENTED_EDGE('',*,*,#514,.F.);
#516=CARTESIAN_POINT('',(-4.83,-56.747438779,21.657459202));
#517=VERTEX_POINT('',#516);
#518=CARTESIAN_POINT('',(-4.83,-56.747438779,21.657459202));
#519=DIRECTION('',(1.,0.,-0.));
#520=VECTOR('',#519,10.09);
#521=LINE('',#518,#520);
#522=EDGE_CURVE('',#517,#509,#521,.T.);
#523=ORIENTED_EDGE('',*,*,#522,.F.);
#524=CARTESIAN_POINT('',(-4.83,-56.747438779,21.657459202));
#525=DIRECTION('',(0.,1.,0.));
#526=VECTOR('',#525,6.5);
#527=LINE('',#524,#526);
#528=EDGE_CURVE('',#517,#233,#527,.T.);
#529=ORIENTED_EDGE('',*,*,#528,.T.);
#530=EDGE_LOOP('',(#507,#515,#523,#529));
#531=FACE_BOUND('',#530,.T.);
#532=ADVANCED_FACE('',(#531),#506,.F.);
#533=CARTESIAN_POINT('',(164.269906052,-57.147438779,21.657459202));
#534=DIRECTION('',(0.,-0.,1.));
#535=DIRECTION('',(1.,0.,0.));
#536=AXIS2_PLACEMENT_3D('',#533,#534,#535);
#537=PLANE('',#536);
#538=CARTESIAN_POINT('',(126.424906052,-56.747438779,21.657459202));
#539=VERTEX_POINT('',#538);
#540=CARTESIAN_POINT('',(126.424906052,-42.247438779,21.657459202));
#541=VERTEX_POINT('',#540);
#542=CARTESIAN_POINT('',(126.424906052,-56.747438779,21.657459202));
#543=DIRECTION('',(0.,1.,0.));
#544=VECTOR('',#543,14.5);
#545=LINE('',#542,#544);
#546=EDGE_CURVE('',#539,#541,#545,.T.);
#547=ORIENTED_EDGE('',*,*,#546,.T.);
#548=CARTESIAN_POINT('',(136.514906052,-42.247438779,21.657459202));
#549=VERTEX_POINT('',#548);
#550=CARTESIAN_POINT('',(136.514906052,-42.247438779,21.657459202));
#551=DIRECTION('',(-1.,0.,0.));
#552=VECTOR('',#551,10.09);
#553=LINE('',#550,#552);
#554=EDGE_CURVE('',#549,#541,#553,.T.);
#555=ORIENTED_EDGE('',*,*,#554,.F.);
#556=CARTESIAN_POINT('',(136.514906052,-56.747438779,21.657459202));
#557=VERTEX_POINT('',#556);
#558=CARTESIAN_POINT('',(136.514906052,-56.747438779,21.657459202));
#559=DIRECTION('',(0.,1.,0.));
#560=VECTOR('',#559,14.5);
#561=LINE('',#558,#560);
#562=EDGE_CURVE('',#557,#549,#561,.T.);
#563=ORIENTED_EDGE('',*,*,#562,.F.);
#564=CARTESIAN_POINT('',(126.424906052,-56.747438779,21.657459202));
#565=DIRECTION('',(1.,0.,-0.));
#566=VECTOR('',#565,10.09);
#567=LINE('',#564,#566);
#568=EDGE_CURVE('',#539,#557,#567,.T.);
#569=ORIENTED_EDGE('',*,*,#568,.F.);
#570=EDGE_LOOP('',(#547,#555,#563,#569));
#571=FACE_BOUND('',#570,.T.);
#572=ADVANCED_FACE('',(#571),#537,.F.);
#573=CARTESIAN_POINT('',(164.269906052,-57.147438779,18.657459202));
#574=DIRECTION('',(0.,0.,-1.));
#575=DIRECTION('',(-1.,0.,0.));
#576=AXIS2_PLACEMENT_3D('',#573,#574,#575);
#577=PLANE('',#576);
#578=ORIENTED_EDGE('',*,*,#164,.T.);
#579=CARTESIAN_POINT('',(126.424906052,-56.747438779,18.657459202));
#580=VERTEX_POINT('',#579);
#581=CARTESIAN_POINT('',(126.424906052,-56.747438779,18.657459202));
#582=DIRECTION('',(0.,1.,0.));
#583=VECTOR('',#582,6.5);
#584=LINE('',#581,#583);
#585=EDGE_CURVE('',#580,#151,#584,.T.);
#586=ORIENTED_EDGE('',*,*,#585,.F.);
#587=CARTESIAN_POINT('',(136.514906052,-56.747438779,18.657459202));
#588=VERTEX_POINT('',#587);
#589=CARTESIAN_POINT('',(136.514906052,-56.747438779,18.657459202));
#590=DIRECTION('',(-1.,0.,0.));
#591=VECTOR('',#590,10.09);
#592=LINE('',#589,#591);
#593=EDGE_CURVE('',#588,#580,#592,.T.);
#594=ORIENTED_EDGE('',*,*,#593,.F.);
#595=CARTESIAN_POINT('',(136.514906052,-56.747438779,18.657459202));
#596=DIRECTION('',(0.,1.,0.));
#597=VECTOR('',#596,6.5);
#598=LINE('',#595,#597);
#599=EDGE_CURVE('',#588,#159,#598,.T.);
#600=ORIENTED_EDGE('',*,*,#599,.T.);
#601=EDGE_LOOP('',(#578,#586,#594,#600));
#602=FACE_BOUND('',#601,.T.);
#603=ADVANCED_FACE('',(#602),#577,.F.);
#604=CARTESIAN_POINT('',(0.3,46.240661221,-1.142540798));
#605=DIRECTION('',(0.,-1.,-0.));
#606=DIRECTION('',(0.,0.,-1.));
#607=AXIS2_PLACEMENT_3D('',#604,#605,#606);
#608=PLANE('',#607);
#609=CARTESIAN_POINT('',(-141.3198,46.240661221,22.657459202));
#610=VERTEX_POINT('',#609);
#611=CARTESIAN_POINT('',(-141.3198,46.240661221,17.657459202));
#612=VERTEX_POINT('',#611);
#613=CARTESIAN_POINT('',(-141.3198,46.240661221,22.657459202));
#614=DIRECTION('',(0.,0.,-1.));
#615=VECTOR('',#614,5.);
#616=LINE('',#613,#615);
#617=EDGE_CURVE('',#610,#612,#616,.T.);
#618=ORIENTED_EDGE('',*,*,#617,.T.);
#619=CARTESIAN_POINT('',(141.9198,46.240661221,17.657459202));
#620=VERTEX_POINT('',#619);
#621=CARTESIAN_POINT('',(-141.3198,46.240661221,17.657459202));
#622=DIRECTION('',(1.,0.,-0.));
#623=VECTOR('',#622,283.2396);
#624=LINE('',#621,#623);
#625=EDGE_CURVE('',#612,#620,#624,.T.);
#626=ORIENTED_EDGE('',*,*,#625,.T.);
#627=CARTESIAN_POINT('',(141.9198,46.240661221,22.657459202));
#628=VERTEX_POINT('',#627);
#629=CARTESIAN_POINT('',(141.9198,46.240661221,17.657459202));
#630=DIRECTION('',(-0.,-0.,1.));
#631=VECTOR('',#630,5.);
#632=LINE('',#629,#631);
#633=EDGE_CURVE('',#620,#628,#632,.T.);
#634=ORIENTED_EDGE('',*,*,#633,.T.);
#635=CARTESIAN_POINT('',(141.9198,46.240661221,22.657459202));
#636=DIRECTION('',(-1.,0.,0.));
#637=VECTOR('',#636,283.2396);
#638=LINE('',#635,#637);
#639=EDGE_CURVE('',#628,#610,#638,.T.);
#640=ORIENTED_EDGE('',*,*,#639,.T.);
#641=EDGE_LOOP('',(#618,#626,#634,#640));
#642=FACE_BOUND('',#641,.T.);
#643=CARTESIAN_POINT('',(136.509906052,46.240661221,18.657459202));
#644=VERTEX_POINT('',#643);
#645=CARTESIAN_POINT('',(126.429906052,46.240661221,18.657459202));
#646=VERTEX_POINT('',#645);
#647=CARTESIAN_POINT('',(136.509906052,46.240661221,18.657459202));
#648=DIRECTION('',(-1.,0.,0.));
#649=VECTOR('',#648,10.08);
#650=LINE('',#647,#649);
#651=EDGE_CURVE('',#644,#646,#650,.T.);
#652=ORIENTED_EDGE('',*,*,#651,.T.);
#653=CARTESIAN_POINT('',(126.429906052,46.240661221,21.657459202));
#654=VERTEX_POINT('',#653);
#655=CARTESIAN_POINT('',(126.429906052,46.240661221,18.657459202));
#656=DIRECTION('',(0.,-0.,1.));
#657=VECTOR('',#656,3.);
#658=LINE('',#655,#657);
#659=EDGE_CURVE('',#646,#654,#658,.T.);
#660=ORIENTED_EDGE('',*,*,#659,.T.);
#661=CARTESIAN_POINT('',(136.509906052,46.240661221,21.657459202));
#662=VERTEX_POINT('',#661);
#663=CARTESIAN_POINT('',(126.429906052,46.240661221,21.657459202));
#664=DIRECTION('',(1.,0.,-0.));
#665=VECTOR('',#664,10.08);
#666=LINE('',#663,#665);
#667=EDGE_CURVE('',#654,#662,#666,.T.);
#668=ORIENTED_EDGE('',*,*,#667,.T.);
#669=CARTESIAN_POINT('',(136.509906052,46.240661221,21.657459202));
#670=DIRECTION('',(0.,0.,-1.));
#671=VECTOR('',#670,3.);
#672=LINE('',#669,#671);
#673=EDGE_CURVE('',#662,#644,#672,.T.);
#674=ORIENTED_EDGE('',*,*,#673,.T.);
#675=EDGE_LOOP('',(#652,#660,#668,#674));
#676=FACE_BOUND('',#675,.T.);
#677=CARTESIAN_POINT('',(-4.8257,46.240661221,18.657459202));
#678=VERTEX_POINT('',#677);
#679=CARTESIAN_POINT('',(5.2557,46.240661221,18.657459202));
#680=VERTEX_POINT('',#679);
#681=CARTESIAN_POINT('',(-4.8257,46.240661221,18.657459202));
#682=DIRECTION('',(1.,0.,-0.));
#683=VECTOR('',#682,10.0814);
#684=LINE('',#681,#683);
#685=EDGE_CURVE('',#678,#680,#684,.T.);
#686=ORIENTED_EDGE('',*,*,#685,.F.);
#687=CARTESIAN_POINT('',(-4.8257,46.240661221,21.657459202));
#688=VERTEX_POINT('',#687);
#689=CARTESIAN_POINT('',(-4.8257,46.240661221,18.657459202));
#690=DIRECTION('',(0.,-0.,1.));
#691=VECTOR('',#690,3.);
#692=LINE('',#689,#691);
#693=EDGE_CURVE('',#678,#688,#692,.T.);
#694=ORIENTED_EDGE('',*,*,#693,.T.);
#695=CARTESIAN_POINT('',(5.2557,46.240661221,21.657459202));
#696=VERTEX_POINT('',#695);
#697=CARTESIAN_POINT('',(5.2557,46.240661221,21.657459202));
#698=DIRECTION('',(-1.,0.,0.));
#699=VECTOR('',#698,10.0814);
#700=LINE('',#697,#699);
#701=EDGE_CURVE('',#696,#688,#700,.T.);
#702=ORIENTED_EDGE('',*,*,#701,.F.);
#703=CARTESIAN_POINT('',(5.2557,46.240661221,18.657459202));
#704=DIRECTION('',(0.,-0.,1.));
#705=VECTOR('',#704,3.);
#706=LINE('',#703,#705);
#707=EDGE_CURVE('',#680,#696,#706,.T.);
#708=ORIENTED_EDGE('',*,*,#707,.F.);
#709=EDGE_LOOP('',(#686,#694,#702,#708));
#710=FACE_BOUND('',#709,.T.);
#711=ADVANCED_FACE('',(#642,#676,#710),#608,.T.);
#712=CARTESIAN_POINT('',(0.215,48.240661221,21.657459202));
#713=DIRECTION('',(0.,-0.,1.));
#714=DIRECTION('',(1.,0.,0.));
#715=AXIS2_PLACEMENT_3D('',#712,#713,#714);
#716=PLANE('',#715);
#717=ORIENTED_EDGE('',*,*,#701,.T.);
#718=CARTESIAN_POINT('',(-4.8257,52.740661221,21.657459202));
#719=VERTEX_POINT('',#718);
#720=CARTESIAN_POINT('',(-4.8257,52.740661221,21.657459202));
#721=DIRECTION('',(0.,-1.,-0.));
#722=VECTOR('',#721,6.5);
#723=LINE('',#720,#722);
#724=EDGE_CURVE('',#719,#688,#723,.T.);
#725=ORIENTED_EDGE('',*,*,#724,.F.);
#726=CARTESIAN_POINT('',(5.2557,52.740661221,21.657459202));
#727=VERTEX_POINT('',#726);
#728=CARTESIAN_POINT('',(5.2557,52.740661221,21.657459202));
#729=DIRECTION('',(-1.,0.,0.));
#730=VECTOR('',#729,10.0814);
#731=LINE('',#728,#730);
#732=EDGE_CURVE('',#727,#719,#731,.T.);
#733=ORIENTED_EDGE('',*,*,#732,.F.);
#734=CARTESIAN_POINT('',(5.2557,52.740661221,21.657459202));
#735=DIRECTION('',(0.,-1.,-0.));
#736=VECTOR('',#735,6.5);
#737=LINE('',#734,#736);
#738=EDGE_CURVE('',#727,#696,#737,.T.);
#739=ORIENTED_EDGE('',*,*,#738,.T.);
#740=EDGE_LOOP('',(#717,#725,#733,#739));
#741=FACE_BOUND('',#740,.T.);
#742=ADVANCED_FACE('',(#741),#716,.F.);
#743=CARTESIAN_POINT('',(0.215,48.240661221,18.657459202));
#744=DIRECTION('',(0.,0.,-1.));
#745=DIRECTION('',(-1.,0.,0.));
#746=AXIS2_PLACEMENT_3D('',#743,#744,#745);
#747=PLANE('',#746);
#748=ORIENTED_EDGE('',*,*,#685,.T.);
#749=CARTESIAN_POINT('',(5.2557,52.740661221,18.657459202));
#750=VERTEX_POINT('',#749);
#751=CARTESIAN_POINT('',(5.2557,52.740661221,18.657459202));
#752=DIRECTION('',(0.,-1.,-0.));
#753=VECTOR('',#752,6.5);
#754=LINE('',#751,#753);
#755=EDGE_CURVE('',#750,#680,#754,.T.);
#756=ORIENTED_EDGE('',*,*,#755,.F.);
#757=CARTESIAN_POINT('',(-4.8257,52.740661221,18.657459202));
#758=VERTEX_POINT('',#757);
#759=CARTESIAN_POINT('',(-4.8257,52.740661221,18.657459202));
#760=DIRECTION('',(1.,0.,-0.));
#761=VECTOR('',#760,10.0814);
#762=LINE('',#759,#761);
#763=EDGE_CURVE('',#758,#750,#762,.T.);
#764=ORIENTED_EDGE('',*,*,#763,.F.);
#765=CARTESIAN_POINT('',(-4.8257,52.740661221,18.657459202));
#766=DIRECTION('',(0.,-1.,-0.));
#767=VECTOR('',#766,6.5);
#768=LINE('',#765,#767);
#769=EDGE_CURVE('',#758,#678,#768,.T.);
#770=ORIENTED_EDGE('',*,*,#769,.T.);
#771=EDGE_LOOP('',(#748,#756,#764,#770));
#772=FACE_BOUND('',#771,.T.);
#773=ADVANCED_FACE('',(#772),#747,.F.);
#774=CARTESIAN_POINT('',(146.7198,25.368636221,18.957459202));
#775=DIRECTION('',(1.,0.,0.));
#776=DIRECTION('',(0.,0.,-1.));
#777=AXIS2_PLACEMENT_3D('',#774,#775,#776);
#778=PLANE('',#777);
#779=CARTESIAN_POINT('',(146.7198,16.996611221,5.757459202));
#780=VERTEX_POINT('',#779);
#781=CARTESIAN_POINT('',(146.7198,16.996611221,17.257459202));
#782=VERTEX_POINT('',#781);
#783=CARTESIAN_POINT('',(146.7198,16.996611221,5.757459202));
#784=DIRECTION('',(-0.,-0.,1.));
#785=VECTOR('',#784,11.5);
#786=LINE('',#783,#785);
#787=EDGE_CURVE('',#780,#782,#786,.T.);
#788=ORIENTED_EDGE('',*,*,#787,.T.);
#789=CARTESIAN_POINT('',(146.7198,48.440661221,17.257459202));
#790=VERTEX_POINT('',#789);
#791=CARTESIAN_POINT('',(146.7198,16.996611221,17.257459202));
#792=DIRECTION('',(0.,1.,0.));
#793=VECTOR('',#792,31.44405);
#794=LINE('',#791,#793);
#795=EDGE_CURVE('',#782,#790,#794,.T.);
#796=ORIENTED_EDGE('',*,*,#795,.T.);
#797=CARTESIAN_POINT('',(146.7198,48.440661221,5.757459202));
#798=VERTEX_POINT('',#797);
#799=CARTESIAN_POINT('',(146.7198,48.440661221,17.257459202));
#800=DIRECTION('',(0.,0.,-1.));
#801=VECTOR('',#800,11.5);
#802=LINE('',#799,#801);
#803=EDGE_CURVE('',#790,#798,#802,.T.);
#804=ORIENTED_EDGE('',*,*,#803,.T.);
#805=CARTESIAN_POINT('',(146.7198,48.440661221,5.757459202));
#806=DIRECTION('',(0.,-1.,-0.));
#807=VECTOR('',#806,31.44405);
#808=LINE('',#805,#807);
#809=EDGE_CURVE('',#798,#780,#808,.T.);
#810=ORIENTED_EDGE('',*,*,#809,.T.);
#811=EDGE_LOOP('',(#788,#796,#804,#810));
#812=FACE_BOUND('',#811,.T.);
#813=ADVANCED_FACE('',(#812),#778,.F.);
#814=CARTESIAN_POINT('',(146.7198,25.368636221,18.957459202));
#815=DIRECTION('',(1.,0.,0.));
#816=DIRECTION('',(0.,0.,-1.));
#817=AXIS2_PLACEMENT_3D('',#814,#815,#816);
#818=PLANE('',#817);
#819=CARTESIAN_POINT('',(146.7198,-52.147438779,5.757459202));
#820=VERTEX_POINT('',#819);
#821=CARTESIAN_POINT('',(146.7198,-52.147438779,17.257459202));
#822=VERTEX_POINT('',#821);
#823=CARTESIAN_POINT('',(146.7198,-52.147438779,5.757459202));
#824=DIRECTION('',(-0.,-0.,1.));
#825=VECTOR('',#824,11.5);
#826=LINE('',#823,#825);
#827=EDGE_CURVE('',#820,#822,#826,.T.);
#828=ORIENTED_EDGE('',*,*,#827,.T.);
#829=CARTESIAN_POINT('',(146.7198,-21.003388779,17.257459202));
#830=VERTEX_POINT('',#829);
#831=CARTESIAN_POINT('',(146.7198,-52.147438779,17.257459202));
#832=DIRECTION('',(0.,1.,0.));
#833=VECTOR('',#832,31.14405);
#834=LINE('',#831,#833);
#835=EDGE_CURVE('',#822,#830,#834,.T.);
#836=ORIENTED_EDGE('',*,*,#835,.T.);
#837=CARTESIAN_POINT('',(146.7198,-21.003388779,5.757459202));
#838=VERTEX_POINT('',#837);
#839=CARTESIAN_POINT('',(146.7198,-21.003388779,5.757459202));
#840=DIRECTION('',(0.,-0.,1.));
#841=VECTOR('',#840,11.5);
#842=LINE('',#839,#841);
#843=EDGE_CURVE('',#838,#830,#842,.T.);
#844=ORIENTED_EDGE('',*,*,#843,.F.);
#845=CARTESIAN_POINT('',(146.7198,-21.003388779,5.757459202));
#846=DIRECTION('',(0.,-1.,-0.));
#847=VECTOR('',#846,31.14405);
#848=LINE('',#845,#847);
#849=EDGE_CURVE('',#838,#820,#848,.T.);
#850=ORIENTED_EDGE('',*,*,#849,.T.);
#851=EDGE_LOOP('',(#828,#836,#844,#850));
#852=FACE_BOUND('',#851,.T.);
#853=ADVANCED_FACE('',(#852),#818,.F.);
#854=CARTESIAN_POINT('',(0.8,-2.003388779,17.457459202));
#855=DIRECTION('',(0.,-0.,1.));
#856=DIRECTION('',(1.,0.,0.));
#857=AXIS2_PLACEMENT_3D('',#854,#855,#856);
#858=PLANE('',#857);
#859=CARTESIAN_POINT('',(125.424906052,-41.247438779,17.457459202));
#860=VERTEX_POINT('',#859);
#861=CARTESIAN_POINT('',(125.424906052,-41.247438779,17.457459202));
#862=DIRECTION('',(0.,-1.,-0.));
#863=VECTOR('',#862,9.);
#864=LINE('',#861,#863);
#865=EDGE_CURVE('',#860,#135,#864,.T.);
#866=ORIENTED_EDGE('',*,*,#865,.T.);
#867=ORIENTED_EDGE('',*,*,#140,.F.);
#868=CARTESIAN_POINT('',(137.514906052,-41.247438779,17.457459202));
#869=VERTEX_POINT('',#868);
#870=CARTESIAN_POINT('',(137.514906052,-50.247438779,17.457459202));
#871=DIRECTION('',(0.,1.,0.));
#872=VECTOR('',#871,9.);
#873=LINE('',#870,#872);
#874=EDGE_CURVE('',#133,#869,#873,.T.);
#875=ORIENTED_EDGE('',*,*,#874,.T.);
#876=CARTESIAN_POINT('',(137.514906052,-41.247438779,17.457459202));
#877=DIRECTION('',(-1.,0.,0.));
#878=VECTOR('',#877,12.09);
#879=LINE('',#876,#878);
#880=EDGE_CURVE('',#869,#860,#879,.T.);
#881=ORIENTED_EDGE('',*,*,#880,.T.);
#882=EDGE_LOOP('',(#866,#867,#875,#881));
#883=FACE_BOUND('',#882,.T.);
#884=CARTESIAN_POINT('',(144.4198,16.996611221,17.457459202));
#885=VERTEX_POINT('',#884);
#886=CARTESIAN_POINT('',(144.1198,16.696611221,17.457459202));
#887=VERTEX_POINT('',#886);
#888=CARTESIAN_POINT('',(144.4198,16.996611221,17.457459202));
#889=DIRECTION('',(-0.707106781,-0.707106781,-0.));
#890=VECTOR('',#889,0.424264069);
#891=LINE('',#888,#890);
#892=EDGE_CURVE('',#885,#887,#891,.T.);
#893=ORIENTED_EDGE('',*,*,#892,.T.);
#894=CARTESIAN_POINT('',(144.1198,44.240661221,17.457459202));
#895=VERTEX_POINT('',#894);
#896=CARTESIAN_POINT('',(144.1198,16.696611221,17.457459202));
#897=DIRECTION('',(0.,1.,0.));
#898=VECTOR('',#897,27.54405);
#899=LINE('',#896,#898);
#900=EDGE_CURVE('',#887,#895,#899,.T.);
#901=ORIENTED_EDGE('',*,*,#900,.T.);
#902=CARTESIAN_POINT('',(141.9198,46.440661221,17.457459202));
#903=VERTEX_POINT('',#902);
#904=CARTESIAN_POINT('',(141.9198,44.240661221,17.457459202));
#905=DIRECTION('',(0.,-0.,1.));
#906=DIRECTION('',(0.,-1.,-0.));
#907=AXIS2_PLACEMENT_3D('',#904,#905,#906);
#908=CIRCLE('',#907,2.2);
#909=EDGE_CURVE('',#895,#903,#908,.T.);
#910=ORIENTED_EDGE('',*,*,#909,.T.);
#911=CARTESIAN_POINT('',(-141.3198,46.440661221,17.457459202));
#912=VERTEX_POINT('',#911);
#913=CARTESIAN_POINT('',(141.9198,46.440661221,17.457459202));
#914=DIRECTION('',(-1.,0.,0.));
#915=VECTOR('',#914,283.2396);
#916=LINE('',#913,#915);
#917=EDGE_CURVE('',#903,#912,#916,.T.);
#918=ORIENTED_EDGE('',*,*,#917,.T.);
#919=CARTESIAN_POINT('',(-143.5198,44.240661221,17.457459202));
#920=VERTEX_POINT('',#919);
#921=CARTESIAN_POINT('',(-141.3198,44.240661221,17.457459202));
#922=DIRECTION('',(0.,-0.,1.));
#923=DIRECTION('',(0.,-1.,-0.));
#924=AXIS2_PLACEMENT_3D('',#921,#922,#923);
#925=CIRCLE('',#924,2.2);
#926=EDGE_CURVE('',#912,#920,#925,.T.);
#927=ORIENTED_EDGE('',*,*,#926,.T.);
#928=CARTESIAN_POINT('',(-143.5198,-29.197438779,17.457459202));
#929=VERTEX_POINT('',#928);
#930=CARTESIAN_POINT('',(-143.5198,44.240661221,17.457459202));
#931=DIRECTION('',(0.,-1.,-0.));
#932=VECTOR('',#931,73.4381);
#933=LINE('',#930,#932);
#934=EDGE_CURVE('',#920,#929,#933,.T.);
#935=ORIENTED_EDGE('',*,*,#934,.T.);
#936=CARTESIAN_POINT('',(-141.3198,-31.397438779,17.457459202));
#937=VERTEX_POINT('',#936);
#938=CARTESIAN_POINT('',(-141.3198,-29.197438779,17.457459202));
#939=DIRECTION('',(0.,-0.,1.));
#940=DIRECTION('',(0.,-1.,-0.));
#941=AXIS2_PLACEMENT_3D('',#938,#939,#940);
#942=CIRCLE('',#941,2.2);
#943=EDGE_CURVE('',#929,#937,#942,.T.);
#944=ORIENTED_EDGE('',*,*,#943,.T.);
#945=CARTESIAN_POINT('',(-116.9198,-31.397438779,17.457459202));
#946=VERTEX_POINT('',#945);
#947=CARTESIAN_POINT('',(-141.3198,-31.397438779,17.457459202));
#948=DIRECTION('',(1.,0.,0.));
#949=VECTOR('',#948,24.4);
#950=LINE('',#947,#949);
#951=EDGE_CURVE('',#937,#946,#950,.T.);
#952=ORIENTED_EDGE('',*,*,#951,.T.);
#953=CARTESIAN_POINT('',(-115.1198,-33.197438779,17.457459202));
#954=VERTEX_POINT('',#953);
#955=CARTESIAN_POINT('',(-116.9198,-33.197438779,17.457459202));
#956=DIRECTION('',(-0.,0.,-1.));
#957=DIRECTION('',(0.,-1.,-0.));
#958=AXIS2_PLACEMENT_3D('',#955,#956,#957);
#959=CIRCLE('',#958,1.8);
#960=EDGE_CURVE('',#946,#954,#959,.T.);
#961=ORIENTED_EDGE('',*,*,#960,.T.);
#962=CARTESIAN_POINT('',(-115.1198,-48.247438779,17.457459202));
#963=VERTEX_POINT('',#962);
#964=CARTESIAN_POINT('',(-115.1198,-33.197438779,17.457459202));
#965=DIRECTION('',(0.,-1.,-0.));
#966=VECTOR('',#965,15.05);
#967=LINE('',#964,#966);
#968=EDGE_CURVE('',#954,#963,#967,.T.);
#969=ORIENTED_EDGE('',*,*,#968,.T.);
#970=CARTESIAN_POINT('',(-112.9198,-50.447438779,17.457459202));
#971=VERTEX_POINT('',#970);
#972=CARTESIAN_POINT('',(-112.9198,-48.247438779,17.457459202));
#973=DIRECTION('',(0.,-0.,1.));
#974=DIRECTION('',(0.,-1.,-0.));
#975=AXIS2_PLACEMENT_3D('',#972,#973,#974);
#976=CIRCLE('',#975,2.2);
#977=EDGE_CURVE('',#963,#971,#976,.T.);
#978=ORIENTED_EDGE('',*,*,#977,.T.);
#979=CARTESIAN_POINT('',(113.520790219,-50.447438779,17.457459202));
#980=VERTEX_POINT('',#979);
#981=CARTESIAN_POINT('',(-112.9198,-50.447438779,17.457459202));
#982=DIRECTION('',(1.,0.,-0.));
#983=VECTOR('',#982,226.440590219);
#984=LINE('',#981,#983);
#985=EDGE_CURVE('',#971,#980,#984,.T.);
#986=ORIENTED_EDGE('',*,*,#985,.T.);
#987=CARTESIAN_POINT('',(115.720790219,-48.247438779,17.457459202));
#988=VERTEX_POINT('',#987);
#989=CARTESIAN_POINT('',(113.520790219,-48.247438779,17.457459202));
#990=DIRECTION('',(0.,-0.,1.));
#991=DIRECTION('',(0.,-1.,-0.));
#992=AXIS2_PLACEMENT_3D('',#989,#990,#991);
#993=CIRCLE('',#992,2.2);
#994=EDGE_CURVE('',#980,#988,#993,.T.);
#995=ORIENTED_EDGE('',*,*,#994,.T.);
#996=CARTESIAN_POINT('',(115.720790219,-33.19405,17.457459202));
#997=VERTEX_POINT('',#996);
#998=CARTESIAN_POINT('',(115.720790219,-48.247438779,17.457459202));
#999=DIRECTION('',(0.,1.,0.));
#1000=VECTOR('',#999,15.053388779);
#1001=LINE('',#998,#1000);
#1002=EDGE_CURVE('',#988,#997,#1001,.T.);
#1003=ORIENTED_EDGE('',*,*,#1002,.T.);
#1004=CARTESIAN_POINT('',(117.520790219,-31.39405,17.457459202));
#1005=VERTEX_POINT('',#1004);
#1006=CARTESIAN_POINT('',(117.520790219,-33.19405,17.457459202));
#1007=DIRECTION('',(-0.,0.,-1.));
#1008=DIRECTION('',(0.,-1.,-0.));
#1009=AXIS2_PLACEMENT_3D('',#1006,#1007,#1008);
#1010=CIRCLE('',#1009,1.8);
#1011=EDGE_CURVE('',#997,#1005,#1010,.T.);
#1012=ORIENTED_EDGE('',*,*,#1011,.T.);
#1013=CARTESIAN_POINT('',(141.9198,-31.39405,17.457459202));
#1014=VERTEX_POINT('',#1013);
#1015=CARTESIAN_POINT('',(117.520790219,-31.39405,17.457459202));
#1016=DIRECTION('',(1.,-0.,-0.));
#1017=VECTOR('',#1016,24.399009781);
#1018=LINE('',#1015,#1017);
#1019=EDGE_CURVE('',#1005,#1014,#1018,.T.);
#1020=ORIENTED_EDGE('',*,*,#1019,.T.);
#1021=CARTESIAN_POINT('',(144.1198,-29.19405,17.457459202));
#1022=VERTEX_POINT('',#1021);
#1023=CARTESIAN_POINT('',(141.9198,-29.19405,17.457459202));
#1024=DIRECTION('',(0.,-0.,1.));
#1025=DIRECTION('',(0.,-1.,-0.));
#1026=AXIS2_PLACEMENT_3D('',#1023,#1024,#1025);
#1027=CIRCLE('',#1026,2.2);
#1028=EDGE_CURVE('',#1014,#1022,#1027,.T.);
#1029=ORIENTED_EDGE('',*,*,#1028,.T.);
#1030=CARTESIAN_POINT('',(144.1198,-20.503388779,17.457459202));
#1031=VERTEX_POINT('',#1030);
#1032=CARTESIAN_POINT('',(144.1198,-29.19405,17.457459202));
#1033=DIRECTION('',(0.,1.,0.));
#1034=VECTOR('',#1033,8.690661221);
#1035=LINE('',#1032,#1034);
#1036=EDGE_CURVE('',#1022,#1031,#1035,.T.);
#1037=ORIENTED_EDGE('',*,*,#1036,.T.);
#1038=CARTESIAN_POINT('',(144.6198,-21.003388779,17.457459202));
#1039=VERTEX_POINT('',#1038);
#1040=CARTESIAN_POINT('',(144.1198,-20.503388779,17.457459202));
#1041=DIRECTION('',(0.707106781,-0.707106781,-0.));
#1042=VECTOR('',#1041,0.707106781);
#1043=LINE('',#1040,#1042);
#1044=EDGE_CURVE('',#1031,#1039,#1043,.T.);
#1045=ORIENTED_EDGE('',*,*,#1044,.T.);
#1046=CARTESIAN_POINT('',(146.5198,-21.003388779,17.457459202));
#1047=VERTEX_POINT('',#1046);
#1048=CARTESIAN_POINT('',(146.5198,-21.003388779,17.457459202));
#1049=DIRECTION('',(-1.,0.,0.));
#1050=VECTOR('',#1049,1.9);
#1051=LINE('',#1048,#1050);
#1052=EDGE_CURVE('',#1047,#1039,#1051,.T.);
#1053=ORIENTED_EDGE('',*,*,#1052,.F.);
#1054=CARTESIAN_POINT('',(146.5198,-52.147438779,17.457459202));
#1055=VERTEX_POINT('',#1054);
#1056=CARTESIAN_POINT('',(146.5198,-21.003388779,17.457459202));
#1057=DIRECTION('',(0.,-1.,-0.));
#1058=VECTOR('',#1057,31.14405);
#1059=LINE('',#1056,#1058);
#1060=EDGE_CURVE('',#1047,#1055,#1059,.T.);
#1061=ORIENTED_EDGE('',*,*,#1060,.T.);
#1062=CARTESIAN_POINT('',(141.6198,-57.047438779,17.457459202));
#1063=VERTEX_POINT('',#1062);
#1064=CARTESIAN_POINT('',(141.6198,-52.147438779,17.457459202));
#1065=DIRECTION('',(-0.,0.,-1.));
#1066=DIRECTION('',(1.,0.,0.));
#1067=AXIS2_PLACEMENT_3D('',#1064,#1065,#1066);
#1068=CIRCLE('',#1067,4.9);
#1069=EDGE_CURVE('',#1055,#1063,#1068,.T.);
#1070=ORIENTED_EDGE('',*,*,#1069,.T.);
#1071=CARTESIAN_POINT('',(-141.5198,-57.047438779,17.457459202));
#1072=VERTEX_POINT('',#1071);
#1073=CARTESIAN_POINT('',(141.6198,-57.047438779,17.457459202));
#1074=DIRECTION('',(-1.,0.,0.));
#1075=VECTOR('',#1074,283.1396);
#1076=LINE('',#1073,#1075);
#1077=EDGE_CURVE('',#1063,#1072,#1076,.T.);
#1078=ORIENTED_EDGE('',*,*,#1077,.T.);
#1079=CARTESIAN_POINT('',(-146.3198,-52.247438779,17.457459202));
#1080=VERTEX_POINT('',#1079);
#1081=CARTESIAN_POINT('',(-141.5198,-52.247438779,17.457459202));
#1082=DIRECTION('',(-0.,0.,-1.));
#1083=DIRECTION('',(1.,0.,0.));
#1084=AXIS2_PLACEMENT_3D('',#1081,#1082,#1083);
#1085=CIRCLE('',#1084,4.8);
#1086=EDGE_CURVE('',#1072,#1080,#1085,.T.);
#1087=ORIENTED_EDGE('',*,*,#1086,.T.);
#1088=CARTESIAN_POINT('',(-146.3198,48.440661221,17.457459202));
#1089=VERTEX_POINT('',#1088);
#1090=CARTESIAN_POINT('',(-146.3198,-52.247438779,17.457459202));
#1091=DIRECTION('',(0.,1.,0.));
#1092=VECTOR('',#1091,100.6881);
#1093=LINE('',#1090,#1092);
#1094=EDGE_CURVE('',#1080,#1089,#1093,.T.);
#1095=ORIENTED_EDGE('',*,*,#1094,.T.);
#1096=CARTESIAN_POINT('',(-141.5198,53.240661221,17.457459202));
#1097=VERTEX_POINT('',#1096);
#1098=CARTESIAN_POINT('',(-141.5198,48.440661221,17.457459202));
#1099=DIRECTION('',(-0.,0.,-1.));
#1100=DIRECTION('',(1.,0.,0.));
#1101=AXIS2_PLACEMENT_3D('',#1098,#1099,#1100);
#1102=CIRCLE('',#1101,4.8);
#1103=EDGE_CURVE('',#1089,#1097,#1102,.T.);
#1104=ORIENTED_EDGE('',*,*,#1103,.T.);
#1105=CARTESIAN_POINT('',(141.7198,53.240661221,17.457459202));
#1106=VERTEX_POINT('',#1105);
#1107=CARTESIAN_POINT('',(-141.5198,53.240661221,17.457459202));
#1108=DIRECTION('',(1.,0.,-0.));
#1109=VECTOR('',#1108,283.2396);
#1110=LINE('',#1107,#1109);
#1111=EDGE_CURVE('',#1097,#1106,#1110,.T.);
#1112=ORIENTED_EDGE('',*,*,#1111,.T.);
#1113=CARTESIAN_POINT('',(146.5198,48.440661221,17.457459202));
#1114=VERTEX_POINT('',#1113);
#1115=CARTESIAN_POINT('',(141.7198,48.440661221,17.457459202));
#1116=DIRECTION('',(-0.,0.,-1.));
#1117=DIRECTION('',(1.,0.,0.));
#1118=AXIS2_PLACEMENT_3D('',#1115,#1116,#1117);
#1119=CIRCLE('',#1118,4.8);
#1120=EDGE_CURVE('',#1106,#1114,#1119,.T.);
#1121=ORIENTED_EDGE('',*,*,#1120,.T.);
#1122=CARTESIAN_POINT('',(146.5198,16.996611221,17.457459202));
#1123=VERTEX_POINT('',#1122);
#1124=CARTESIAN_POINT('',(146.5198,48.440661221,17.457459202));
#1125=DIRECTION('',(0.,-1.,-0.));
#1126=VECTOR('',#1125,31.44405);
#1127=LINE('',#1124,#1126);
#1128=EDGE_CURVE('',#1114,#1123,#1127,.T.);
#1129=ORIENTED_EDGE('',*,*,#1128,.T.);
#1130=CARTESIAN_POINT('',(146.5198,16.996611221,17.457459202));
#1131=DIRECTION('',(-1.,0.,0.));
#1132=VECTOR('',#1131,2.1);
#1133=LINE('',#1130,#1132);
#1134=EDGE_CURVE('',#1123,#885,#1133,.T.);
#1135=ORIENTED_EDGE('',*,*,#1134,.T.);
#1136=EDGE_LOOP('',(#893,#901,#910,#918,#927,#935,#944,#952,#961,#969,#978,#986,#995,#1003,#1012,#1020,#1029,#1037,#1045,#1053,#1061,#1070,#1078,#1087,#1095,#1104,
#1112,#1121,#1129,#1135));
#1137=FACE_BOUND('',#1136,.T.);
#1138=ADVANCED_FACE('',(#883,#1137),#858,.F.);
#1139=CARTESIAN_POINT('',(-72.8099,-57.247438779,18.957459202));
#1140=DIRECTION('',(0.,-1.,-0.));
#1141=DIRECTION('',(0.,0.,-1.));
#1142=AXIS2_PLACEMENT_3D('',#1139,#1140,#1141);
#1143=PLANE('',#1142);
#1144=CARTESIAN_POINT('',(-141.5198,-57.247438779,5.757459202));
#1145=VERTEX_POINT('',#1144);
#1146=CARTESIAN_POINT('',(-141.5198,-57.247438779,17.257459202));
#1147=VERTEX_POINT('',#1146);
#1148=CARTESIAN_POINT('',(-141.5198,-57.247438779,5.757459202));
#1149=DIRECTION('',(-0.,-0.,1.));
#1150=VECTOR('',#1149,11.5);
#1151=LINE('',#1148,#1150);
#1152=EDGE_CURVE('',#1145,#1147,#1151,.T.);
#1153=ORIENTED_EDGE('',*,*,#1152,.T.);
#1154=CARTESIAN_POINT('',(141.6198,-57.247438779,17.257459202));
#1155=VERTEX_POINT('',#1154);
#1156=CARTESIAN_POINT('',(-141.5198,-57.247438779,17.257459202));
#1157=DIRECTION('',(1.,0.,-0.));
#1158=VECTOR('',#1157,283.1396);
#1159=LINE('',#1156,#1158);
#1160=EDGE_CURVE('',#1147,#1155,#1159,.T.);
#1161=ORIENTED_EDGE('',*,*,#1160,.T.);
#1162=CARTESIAN_POINT('',(141.6198,-57.247438779,5.757459202));
#1163=VERTEX_POINT('',#1162);
#1164=CARTESIAN_POINT('',(141.6198,-57.247438779,17.257459202));
#1165=DIRECTION('',(0.,0.,-1.));
#1166=VECTOR('',#1165,11.5);
#1167=LINE('',#1164,#1166);
#1168=EDGE_CURVE('',#1155,#1163,#1167,.T.);
#1169=ORIENTED_EDGE('',*,*,#1168,.T.);
#1170=CARTESIAN_POINT('',(141.6198,-57.247438779,5.757459202));
#1171=DIRECTION('',(-1.,0.,0.));
#1172=VECTOR('',#1171,283.1396);
#1173=LINE('',#1170,#1172);
#1174=EDGE_CURVE('',#1163,#1145,#1173,.T.);
#1175=ORIENTED_EDGE('',*,*,#1174,.T.);
#1176=EDGE_LOOP('',(#1153,#1161,#1169,#1175));
#1177=FACE_BOUND('',#1176,.T.);
#1178=ADVANCED_FACE('',(#1177),#1143,.F.);
#1179=CARTESIAN_POINT('',(141.6198,-52.147438779,18.957459202));
#1180=DIRECTION('',(0.,-0.,1.));
#1181=DIRECTION('',(1.,0.,0.));
#1182=AXIS2_PLACEMENT_3D('',#1179,#1180,#1181);
#1183=CYLINDRICAL_SURFACE('',#1182,5.1);
#1184=ORIENTED_EDGE('',*,*,#1168,.F.);
#1185=CARTESIAN_POINT('',(141.6198,-52.147438779,17.257459202));
#1186=DIRECTION('',(0.,-0.,1.));
#1187=DIRECTION('',(1.,0.,0.));
#1188=AXIS2_PLACEMENT_3D('',#1185,#1186,#1187);
#1189=CIRCLE('',#1188,5.1);
#1190=EDGE_CURVE('',#1155,#822,#1189,.T.);
#1191=ORIENTED_EDGE('',*,*,#1190,.T.);
#1192=ORIENTED_EDGE('',*,*,#827,.F.);
#1193=CARTESIAN_POINT('',(141.6198,-52.147438779,5.757459202));
#1194=DIRECTION('',(0.,0.,-1.));
#1195=DIRECTION('',(-1.,0.,0.));
#1196=AXIS2_PLACEMENT_3D('',#1193,#1194,#1195);
#1197=CIRCLE('',#1196,5.1);
#1198=EDGE_CURVE('',#820,#1163,#1197,.T.);
#1199=ORIENTED_EDGE('',*,*,#1198,.T.);
#1200=EDGE_LOOP('',(#1184,#1191,#1192,#1199));
#1201=FACE_BOUND('',#1200,.T.);
#1202=ADVANCED_FACE('',(#1201),#1183,.F.);
#1203=CARTESIAN_POINT('',(-141.5198,-52.247438779,18.967459202));
#1204=DIRECTION('',(0.,-0.,1.));
#1205=DIRECTION('',(1.,0.,0.));
#1206=AXIS2_PLACEMENT_3D('',#1203,#1204,#1205);
#1207=CYLINDRICAL_SURFACE('',#1206,5.);
#1208=CARTESIAN_POINT('',(-146.5198,-52.247438779,17.257459202));
#1209=VERTEX_POINT('',#1208);
#1210=CARTESIAN_POINT('',(-146.5198,-52.247438779,5.757459202));
#1211=VERTEX_POINT('',#1210);
#1212=CARTESIAN_POINT('',(-146.5198,-52.247438779,17.257459202));
#1213=DIRECTION('',(-0.,0.,-1.));
#1214=VECTOR('',#1213,11.5);
#1215=LINE('',#1212,#1214);
#1216=EDGE_CURVE('',#1209,#1211,#1215,.T.);
#1217=ORIENTED_EDGE('',*,*,#1216,.F.);
#1218=CARTESIAN_POINT('',(-141.5198,-52.247438779,17.257459202));
#1219=DIRECTION('',(0.,-0.,1.));
#1220=DIRECTION('',(1.,0.,0.));
#1221=AXIS2_PLACEMENT_3D('',#1218,#1219,#1220);
#1222=CIRCLE('',#1221,5.);
#1223=EDGE_CURVE('',#1209,#1147,#1222,.T.);
#1224=ORIENTED_EDGE('',*,*,#1223,.T.);
#1225=ORIENTED_EDGE('',*,*,#1152,.F.);
#1226=CARTESIAN_POINT('',(-141.5198,-52.247438779,5.757459202));
#1227=DIRECTION('',(0.,0.,-1.));
#1228=DIRECTION('',(-1.,0.,0.));
#1229=AXIS2_PLACEMENT_3D('',#1226,#1227,#1228);
#1230=CIRCLE('',#1229,5.);
#1231=EDGE_CURVE('',#1145,#1211,#1230,.T.);
#1232=ORIENTED_EDGE('',*,*,#1231,.T.);
#1233=EDGE_LOOP('',(#1217,#1224,#1225,#1232));
#1234=FACE_BOUND('',#1233,.T.);
#1235=ADVANCED_FACE('',(#1234),#1207,.F.);
#1236=CARTESIAN_POINT('',(151.0198,31.868636221,18.957459202));
#1237=DIRECTION('',(1.,0.,0.));
#1238=DIRECTION('',(0.,0.,-1.));
#1239=AXIS2_PLACEMENT_3D('',#1236,#1237,#1238);
#1240=PLANE('',#1239);
#1241=CARTESIAN_POINT('',(151.019799998,-52.747438779,7.264565985));
#1242=VERTEX_POINT('',#1241);
#1243=CARTESIAN_POINT('',(151.0198,48.740661221,7.264565985));
#1244=VERTEX_POINT('',#1243);
#1245=CARTESIAN_POINT('',(151.0198,-52.747438779,7.264565985));
#1246=DIRECTION('',(0.,1.,0.));
#1247=VECTOR('',#1246,101.4881);
#1248=LINE('',#1245,#1247);
#1249=EDGE_CURVE('',#1242,#1244,#1248,.T.);
#1250=ORIENTED_EDGE('',*,*,#1249,.T.);
#1251=CARTESIAN_POINT('',(151.019799997,48.740661219,21.267509708));
#1252=VERTEX_POINT('',#1251);
#1253=CARTESIAN_POINT('',(151.0198,48.740661221,7.264565985));
#1254=DIRECTION('',(-0.,-0.,1.));
#1255=VECTOR('',#1254,14.002943723);
#1256=LINE('',#1253,#1255);
#1257=EDGE_CURVE('',#1244,#1252,#1256,.T.);
#1258=ORIENTED_EDGE('',*,*,#1257,.T.);
#1259=CARTESIAN_POINT('',(151.019799998,-52.747438779,21.267509705));
#1260=VERTEX_POINT('',#1259);
#1261=CARTESIAN_POINT('',(151.0198,48.740661219,21.267509708));
#1262=DIRECTION('',(-0.,-1.,-0.));
#1263=VECTOR('',#1262,101.488099998);
#1264=LINE('',#1261,#1263);
#1265=EDGE_CURVE('',#1252,#1260,#1264,.T.);
#1266=ORIENTED_EDGE('',*,*,#1265,.T.);
#1267=CARTESIAN_POINT('',(151.0198,-52.747438779,21.267509705));
#1268=DIRECTION('',(0.,0.,-1.));
#1269=VECTOR('',#1268,14.00294372);
#1270=LINE('',#1267,#1269);
#1271=EDGE_CURVE('',#1260,#1242,#1270,.T.);
#1272=ORIENTED_EDGE('',*,*,#1271,.T.);
#1273=EDGE_LOOP('',(#1250,#1258,#1266,#1272));
#1274=FACE_BOUND('',#1273,.T.);
#1275=ADVANCED_FACE('',(#1274),#1240,.T.);
#1276=CARTESIAN_POINT('',(-150.4198,28.868636221,18.957459202));
#1277=DIRECTION('',(1.,0.,0.));
#1278=DIRECTION('',(0.,0.,-1.));
#1279=AXIS2_PLACEMENT_3D('',#1276,#1277,#1278);
#1280=PLANE('',#1279);
#1281=CARTESIAN_POINT('',(-150.419799999,-52.747438779,7.264565986));
#1282=VERTEX_POINT('',#1281);
#1283=CARTESIAN_POINT('',(-150.419799997,-52.747438779,21.267509708));
#1284=VERTEX_POINT('',#1283);
#1285=CARTESIAN_POINT('',(-150.4198,-52.747438779,7.264565986));
#1286=DIRECTION('',(-0.,-0.,1.));
#1287=VECTOR('',#1286,14.002943722);
#1288=LINE('',#1285,#1287);
#1289=EDGE_CURVE('',#1282,#1284,#1288,.T.);
#1290=ORIENTED_EDGE('',*,*,#1289,.T.);
#1291=CARTESIAN_POINT('',(-150.4198,48.740615626,21.267509708));
#1292=VERTEX_POINT('',#1291);
#1293=CARTESIAN_POINT('',(-150.4198,-52.747438779,21.267509708));
#1294=DIRECTION('',(0.,1.,0.));
#1295=VECTOR('',#1294,101.488054405);
#1296=LINE('',#1293,#1295);
#1297=EDGE_CURVE('',#1284,#1292,#1296,.T.);
#1298=ORIENTED_EDGE('',*,*,#1297,.T.);
#1299=CARTESIAN_POINT('',(-150.4198,48.740661221,7.264565984));
#1300=VERTEX_POINT('',#1299);
#1301=CARTESIAN_POINT('',(-150.4198,48.740661221,21.267509708));
#1302=DIRECTION('',(0.,0.,-1.));
#1303=VECTOR('',#1302,14.002943724);
#1304=LINE('',#1301,#1303);
#1305=EDGE_CURVE('',#1292,#1300,#1304,.T.);
#1306=ORIENTED_EDGE('',*,*,#1305,.T.);
#1307=CARTESIAN_POINT('',(-150.4198,48.740661221,7.264565984));
#1308=DIRECTION('',(-0.,-1.,-0.));
#1309=VECTOR('',#1308,101.4881);
#1310=LINE('',#1307,#1309);
#1311=EDGE_CURVE('',#1300,#1282,#1310,.T.);
#1312=ORIENTED_EDGE('',*,*,#1311,.T.);
#1313=EDGE_LOOP('',(#1290,#1298,#1306,#1312));
#1314=FACE_BOUND('',#1313,.T.);
#1315=ADVANCED_FACE('',(#1314),#1280,.F.);
#1316=CARTESIAN_POINT('',(-143.3198,-2.003388779,-0.742540798));
#1317=DIRECTION('',(1.,0.,0.));
#1318=DIRECTION('',(0.,1.,0.));
#1319=AXIS2_PLACEMENT_3D('',#1316,#1317,#1318);
#1320=PLANE('',#1319);
#1321=CARTESIAN_POINT('',(-143.3198,-29.197438779,22.657459202));
#1322=VERTEX_POINT('',#1321);
#1323=CARTESIAN_POINT('',(-143.3198,-29.197438779,17.657459202));
#1324=VERTEX_POINT('',#1323);
#1325=CARTESIAN_POINT('',(-143.3198,-29.197438779,22.657459202));
#1326=DIRECTION('',(-0.,0.,-1.));
#1327=VECTOR('',#1326,5.);
#1328=LINE('',#1325,#1327);
#1329=EDGE_CURVE('',#1322,#1324,#1328,.T.);
#1330=ORIENTED_EDGE('',*,*,#1329,.T.);
#1331=CARTESIAN_POINT('',(-143.3198,44.240661221,17.657459202));
#1332=VERTEX_POINT('',#1331);
#1333=CARTESIAN_POINT('',(-143.3198,-29.197438779,17.657459202));
#1334=DIRECTION('',(0.,1.,0.));
#1335=VECTOR('',#1334,73.4381);
#1336=LINE('',#1333,#1335);
#1337=EDGE_CURVE('',#1324,#1332,#1336,.T.);
#1338=ORIENTED_EDGE('',*,*,#1337,.T.);
#1339=CARTESIAN_POINT('',(-143.3198,44.240661221,22.657459202));
#1340=VERTEX_POINT('',#1339);
#1341=CARTESIAN_POINT('',(-143.3198,44.240661221,17.657459202));
#1342=DIRECTION('',(0.,-0.,1.));
#1343=VECTOR('',#1342,5.);
#1344=LINE('',#1341,#1343);
#1345=EDGE_CURVE('',#1332,#1340,#1344,.T.);
#1346=ORIENTED_EDGE('',*,*,#1345,.T.);
#1347=CARTESIAN_POINT('',(-143.3198,44.240661221,22.657459202));
#1348=DIRECTION('',(0.,-1.,-0.));
#1349=VECTOR('',#1348,73.4381);
#1350=LINE('',#1347,#1349);
#1351=EDGE_CURVE('',#1340,#1322,#1350,.T.);
#1352=ORIENTED_EDGE('',*,*,#1351,.T.);
#1353=EDGE_LOOP('',(#1330,#1338,#1346,#1352));
#1354=FACE_BOUND('',#1353,.T.);
#1355=ADVANCED_FACE('',(#1354),#1320,.T.);
#1356=CARTESIAN_POINT('',(-0.05,-1.803388779,5.557459202));
#1357=DIRECTION('',(0.,0.,-1.));
#1358=DIRECTION('',(-1.,0.,0.));
#1359=AXIS2_PLACEMENT_3D('',#1356,#1357,#1358);
#1360=PLANE('',#1359);
#1361=CARTESIAN_POINT('',(141.7198,53.640661221,5.557459202));
#1362=VERTEX_POINT('',#1361);
#1363=CARTESIAN_POINT('',(-117.239193141,53.640661221,5.557459202));
#1364=VERTEX_POINT('',#1363);
#1365=CARTESIAN_POINT('',(141.7198,53.640661221,5.557459202));
#1366=DIRECTION('',(-1.,0.,0.));
#1367=VECTOR('',#1366,258.958993141);
#1368=LINE('',#1365,#1367);
#1369=EDGE_CURVE('',#1362,#1364,#1368,.T.);
#1370=ORIENTED_EDGE('',*,*,#1369,.T.);
#1371=CARTESIAN_POINT('',(-117.239193141,54.033554439,5.557459202));
#1372=VERTEX_POINT('',#1371);
#1373=CARTESIAN_POINT('',(-117.239193141,53.640661221,5.557459202));
#1374=DIRECTION('',(0.,1.,0.));
#1375=VECTOR('',#1374,0.392893218);
#1376=LINE('',#1373,#1375);
#1377=EDGE_CURVE('',#1364,#1372,#1376,.T.);
#1378=ORIENTED_EDGE('',*,*,#1377,.T.);
#1379=CARTESIAN_POINT('',(144.0198,54.033554438,5.557459201));
#1380=VERTEX_POINT('',#1379);
#1381=CARTESIAN_POINT('',(-117.239193141,54.033554439,5.557459202));
#1382=DIRECTION('',(1.,-0.,-0.));
#1383=VECTOR('',#1382,261.258993141);
#1384=LINE('',#1381,#1383);
#1385=EDGE_CURVE('',#1372,#1380,#1384,.T.);
#1386=ORIENTED_EDGE('',*,*,#1385,.T.);
#1387=CARTESIAN_POINT('',(149.31269322,48.740661222,5.5574592));
#1388=VERTEX_POINT('',#1387);
#1389=CARTESIAN_POINT('',(144.0198,48.740661221,5.5574592));
#1390=DIRECTION('',(-0.,0.,-1.));
#1391=DIRECTION('',(1.,0.,0.));
#1392=AXIS2_PLACEMENT_3D('',#1389,#1390,#1391);
#1393=CIRCLE('',#1392,5.29289322);
#1394=EDGE_CURVE('',#1380,#1388,#1393,.T.);
#1395=ORIENTED_EDGE('',*,*,#1394,.T.);
#1396=CARTESIAN_POINT('',(149.312693219,-52.747438779,5.557459202));
#1397=VERTEX_POINT('',#1396);
#1398=CARTESIAN_POINT('',(149.312693219,48.740661222,5.557459202));
#1399=DIRECTION('',(-0.,-1.,-0.));
#1400=VECTOR('',#1399,101.488100001);
#1401=LINE('',#1398,#1400);
#1402=EDGE_CURVE('',#1388,#1397,#1401,.T.);
#1403=ORIENTED_EDGE('',*,*,#1402,.T.);
#1404=CARTESIAN_POINT('',(144.0198,-58.040331997,5.557459202));
#1405=VERTEX_POINT('',#1404);
#1406=CARTESIAN_POINT('',(144.0198,-52.747438779,5.557459202));
#1407=DIRECTION('',(-0.,0.,-1.));
#1408=DIRECTION('',(1.,0.,0.));
#1409=AXIS2_PLACEMENT_3D('',#1406,#1407,#1408);
#1410=CIRCLE('',#1409,5.29289322);
#1411=EDGE_CURVE('',#1397,#1405,#1410,.T.);
#1412=ORIENTED_EDGE('',*,*,#1411,.T.);
#1413=CARTESIAN_POINT('',(-143.4198,-58.040331997,5.557459202));
#1414=VERTEX_POINT('',#1413);
#1415=CARTESIAN_POINT('',(144.0198,-58.040331998,5.557459202));
#1416=DIRECTION('',(-1.,0.,0.));
#1417=VECTOR('',#1416,287.4396);
#1418=LINE('',#1415,#1417);
#1419=EDGE_CURVE('',#1405,#1414,#1418,.T.);
#1420=ORIENTED_EDGE('',*,*,#1419,.T.);
#1421=CARTESIAN_POINT('',(-148.712693219,-52.747438779,5.557459202));
#1422=VERTEX_POINT('',#1421);
#1423=CARTESIAN_POINT('',(-143.4198,-52.747438779,5.557459202));
#1424=DIRECTION('',(-0.,0.,-1.));
#1425=DIRECTION('',(1.,0.,0.));
#1426=AXIS2_PLACEMENT_3D('',#1423,#1424,#1425);
#1427=CIRCLE('',#1426,5.292893219);
#1428=EDGE_CURVE('',#1414,#1422,#1427,.T.);
#1429=ORIENTED_EDGE('',*,*,#1428,.T.);
#1430=CARTESIAN_POINT('',(-148.71269322,48.740661221,5.5574592));
#1431=VERTEX_POINT('',#1430);
#1432=CARTESIAN_POINT('',(-148.712693219,-52.747438779,5.557459202));
#1433=DIRECTION('',(0.,1.,0.));
#1434=VECTOR('',#1433,101.4881);
#1435=LINE('',#1432,#1434);
#1436=EDGE_CURVE('',#1422,#1431,#1435,.T.);
#1437=ORIENTED_EDGE('',*,*,#1436,.T.);
#1438=CARTESIAN_POINT('',(-143.4198,54.033554439,5.557459201));
#1439=VERTEX_POINT('',#1438);
#1440=CARTESIAN_POINT('',(-143.4198,48.740661221,5.5574592));
#1441=DIRECTION('',(-0.,0.,-1.));
#1442=DIRECTION('',(1.,0.,0.));
#1443=AXIS2_PLACEMENT_3D('',#1440,#1441,#1442);
#1444=CIRCLE('',#1443,5.292893221);
#1445=EDGE_CURVE('',#1431,#1439,#1444,.T.);
#1446=ORIENTED_EDGE('',*,*,#1445,.T.);
#1447=CARTESIAN_POINT('',(-130.639193141,54.03355444,5.557459202));
#1448=VERTEX_POINT('',#1447);
#1449=CARTESIAN_POINT('',(-143.4198,54.03355444,5.557459202));
#1450=DIRECTION('',(1.,-0.,-0.));
#1451=VECTOR('',#1450,12.780606859);
#1452=LINE('',#1449,#1451);
#1453=EDGE_CURVE('',#1439,#1448,#1452,.T.);
#1454=ORIENTED_EDGE('',*,*,#1453,.T.);
#1455=CARTESIAN_POINT('',(-130.639193141,53.640661221,5.557459202));
#1456=VERTEX_POINT('',#1455);
#1457=CARTESIAN_POINT('',(-130.639193141,54.03355444,5.557459202));
#1458=DIRECTION('',(-0.,-1.,-0.));
#1459=VECTOR('',#1458,0.392893219);
#1460=LINE('',#1457,#1459);
#1461=EDGE_CURVE('',#1448,#1456,#1460,.T.);
#1462=ORIENTED_EDGE('',*,*,#1461,.T.);
#1463=CARTESIAN_POINT('',(-141.5198,53.640661221,5.557459202));
#1464=VERTEX_POINT('',#1463);
#1465=CARTESIAN_POINT('',(-130.639193141,53.640661221,5.557459202));
#1466=DIRECTION('',(-1.,0.,0.));
#1467=VECTOR('',#1466,10.880606859);
#1468=LINE('',#1465,#1467);
#1469=EDGE_CURVE('',#1456,#1464,#1468,.T.);
#1470=ORIENTED_EDGE('',*,*,#1469,.T.);
#1471=CARTESIAN_POINT('',(-146.7198,48.440661221,5.557459202));
#1472=VERTEX_POINT('',#1471);
#1473=CARTESIAN_POINT('',(-141.5198,48.440661221,5.557459202));
#1474=DIRECTION('',(-0.,-0.,1.));
#1475=DIRECTION('',(-1.,0.,0.));
#1476=AXIS2_PLACEMENT_3D('',#1473,#1474,#1475);
#1477=CIRCLE('',#1476,5.2);
#1478=EDGE_CURVE('',#1464,#1472,#1477,.T.);
#1479=ORIENTED_EDGE('',*,*,#1478,.T.);
#1480=CARTESIAN_POINT('',(-146.7198,-52.247438779,5.557459202));
#1481=VERTEX_POINT('',#1480);
#1482=CARTESIAN_POINT('',(-146.7198,48.440661221,5.557459202));
#1483=DIRECTION('',(0.,-1.,-0.));
#1484=VECTOR('',#1483,100.6881);
#1485=LINE('',#1482,#1484);
#1486=EDGE_CURVE('',#1472,#1481,#1485,.T.);
#1487=ORIENTED_EDGE('',*,*,#1486,.T.);
#1488=CARTESIAN_POINT('',(-141.5198,-57.447438779,5.557459202));
#1489=VERTEX_POINT('',#1488);
#1490=CARTESIAN_POINT('',(-141.5198,-52.247438779,5.557459202));
#1491=DIRECTION('',(-0.,-0.,1.));
#1492=DIRECTION('',(-1.,0.,0.));
#1493=AXIS2_PLACEMENT_3D('',#1490,#1491,#1492);
#1494=CIRCLE('',#1493,5.2);
#1495=EDGE_CURVE('',#1481,#1489,#1494,.T.);
#1496=ORIENTED_EDGE('',*,*,#1495,.T.);
#1497=CARTESIAN_POINT('',(141.6198,-57.447438779,5.557459202));
#1498=VERTEX_POINT('',#1497);
#1499=CARTESIAN_POINT('',(-141.5198,-57.447438779,5.557459202));
#1500=DIRECTION('',(1.,0.,-0.));
#1501=VECTOR('',#1500,283.1396);
#1502=LINE('',#1499,#1501);
#1503=EDGE_CURVE('',#1489,#1498,#1502,.T.);
#1504=ORIENTED_EDGE('',*,*,#1503,.T.);
#1505=CARTESIAN_POINT('',(146.9198,-52.147438779,5.557459202));
#1506=VERTEX_POINT('',#1505);
#1507=CARTESIAN_POINT('',(141.6198,-52.147438779,5.557459202));
#1508=DIRECTION('',(-0.,-0.,1.));
#1509=DIRECTION('',(-1.,0.,0.));
#1510=AXIS2_PLACEMENT_3D('',#1507,#1508,#1509);
#1511=CIRCLE('',#1510,5.3);
#1512=EDGE_CURVE('',#1498,#1506,#1511,.T.);
#1513=ORIENTED_EDGE('',*,*,#1512,.T.);
#1514=CARTESIAN_POINT('',(146.9198,-20.803388779,5.557459202));
#1515=VERTEX_POINT('',#1514);
#1516=CARTESIAN_POINT('',(146.9198,-52.147438779,5.557459202));
#1517=DIRECTION('',(0.,1.,0.));
#1518=VECTOR('',#1517,31.34405);
#1519=LINE('',#1516,#1518);
#1520=EDGE_CURVE('',#1506,#1515,#1519,.T.);
#1521=ORIENTED_EDGE('',*,*,#1520,.T.);
#1522=CARTESIAN_POINT('',(144.702642712,-20.803388779,5.557459202));
#1523=VERTEX_POINT('',#1522);
#1524=CARTESIAN_POINT('',(146.9198,-20.803388779,5.557459202));
#1525=DIRECTION('',(-1.,0.,0.));
#1526=VECTOR('',#1525,2.217157288);
#1527=LINE('',#1524,#1526);
#1528=EDGE_CURVE('',#1515,#1523,#1527,.T.);
#1529=ORIENTED_EDGE('',*,*,#1528,.T.);
#1530=CARTESIAN_POINT('',(144.1198,-20.220546066,5.557459202));
#1531=VERTEX_POINT('',#1530);
#1532=CARTESIAN_POINT('',(144.702642712,-20.803388779,5.557459202));
#1533=DIRECTION('',(-0.707106781,0.707106781,0.));
#1534=VECTOR('',#1533,0.824264069);
#1535=LINE('',#1532,#1534);
#1536=EDGE_CURVE('',#1523,#1531,#1535,.T.);
#1537=ORIENTED_EDGE('',*,*,#1536,.T.);
#1538=CARTESIAN_POINT('',(144.1198,16.413768509,5.557459202));
#1539=VERTEX_POINT('',#1538);
#1540=CARTESIAN_POINT('',(144.1198,-20.220546066,5.557459202));
#1541=DIRECTION('',(0.,1.,0.));
#1542=VECTOR('',#1541,36.634314575);
#1543=LINE('',#1540,#1542);
#1544=EDGE_CURVE('',#1531,#1539,#1543,.T.);
#1545=ORIENTED_EDGE('',*,*,#1544,.T.);
#1546=CARTESIAN_POINT('',(144.502642712,16.796611221,5.557459202));
#1547=VERTEX_POINT('',#1546);
#1548=CARTESIAN_POINT('',(144.1198,16.413768509,5.557459202));
#1549=DIRECTION('',(0.707106781,0.707106781,0.));
#1550=VECTOR('',#1549,0.541421356);
#1551=LINE('',#1548,#1550);
#1552=EDGE_CURVE('',#1539,#1547,#1551,.T.);
#1553=ORIENTED_EDGE('',*,*,#1552,.T.);
#1554=CARTESIAN_POINT('',(146.9198,16.796611221,5.557459202));
#1555=VERTEX_POINT('',#1554);
#1556=CARTESIAN_POINT('',(144.502642712,16.796611221,5.557459202));
#1557=DIRECTION('',(1.,0.,-0.));
#1558=VECTOR('',#1557,2.417157288);
#1559=LINE('',#1556,#1558);
#1560=EDGE_CURVE('',#1547,#1555,#1559,.T.);
#1561=ORIENTED_EDGE('',*,*,#1560,.T.);
#1562=CARTESIAN_POINT('',(146.9198,48.440661221,5.557459202));
#1563=VERTEX_POINT('',#1562);
#1564=CARTESIAN_POINT('',(146.9198,16.796611221,5.557459202));
#1565=DIRECTION('',(0.,1.,0.));
#1566=VECTOR('',#1565,31.64405);
#1567=LINE('',#1564,#1566);
#1568=EDGE_CURVE('',#1555,#1563,#1567,.T.);
#1569=ORIENTED_EDGE('',*,*,#1568,.T.);
#1570=CARTESIAN_POINT('',(141.7198,48.440661221,5.557459202));
#1571=DIRECTION('',(-0.,-0.,1.));
#1572=DIRECTION('',(-1.,0.,0.));
#1573=AXIS2_PLACEMENT_3D('',#1570,#1571,#1572);
#1574=CIRCLE('',#1573,5.2);
#1575=EDGE_CURVE('',#1563,#1362,#1574,.T.);
#1576=ORIENTED_EDGE('',*,*,#1575,.T.);
#1577=EDGE_LOOP('',(#1370,#1378,#1386,#1395,#1403,#1412,#1420,#1429,#1437,#1446,#1454,#1462,#1470,#1479,#1487,#1496,#1504,#1513,#1521,#1529,#1537,#1545,#1553,#1561,#1569,#1576));
#1578=FACE_BOUND('',#1577,.T.);
#1579=ADVANCED_FACE('',(#1578),#1360,.T.);
#1580=CARTESIAN_POINT('',(-146.5198,25.368636221,18.967459202));
#1581=DIRECTION('',(-1.,0.,0.));
#1582=DIRECTION('',(0.,-0.,1.));
#1583=AXIS2_PLACEMENT_3D('',#1580,#1581,#1582);
#1584=PLANE('',#1583);
#1585=CARTESIAN_POINT('',(-146.5198,48.440661221,5.757459202));
#1586=VERTEX_POINT('',#1585);
#1587=CARTESIAN_POINT('',(-146.5198,48.440661221,17.257459202));
#1588=VERTEX_POINT('',#1587);
#1589=CARTESIAN_POINT('',(-146.5198,48.440661221,5.757459202));
#1590=DIRECTION('',(0.,-0.,1.));
#1591=VECTOR('',#1590,11.5);
#1592=LINE('',#1589,#1591);
#1593=EDGE_CURVE('',#1586,#1588,#1592,.T.);
#1594=ORIENTED_EDGE('',*,*,#1593,.T.);
#1595=CARTESIAN_POINT('',(-146.5198,48.440661221,17.257459202));
#1596=DIRECTION('',(0.,-1.,-0.));
#1597=VECTOR('',#1596,100.6881);
#1598=LINE('',#1595,#1597);
#1599=EDGE_CURVE('',#1588,#1209,#1598,.T.);
#1600=ORIENTED_EDGE('',*,*,#1599,.T.);
#1601=ORIENTED_EDGE('',*,*,#1216,.T.);
#1602=CARTESIAN_POINT('',(-146.5198,-52.247438779,5.757459202));
#1603=DIRECTION('',(0.,1.,0.));
#1604=VECTOR('',#1603,100.6881);
#1605=LINE('',#1602,#1604);
#1606=EDGE_CURVE('',#1211,#1586,#1605,.T.);
#1607=ORIENTED_EDGE('',*,*,#1606,.T.);
#1608=EDGE_LOOP('',(#1594,#1600,#1601,#1607));
#1609=FACE_BOUND('',#1608,.T.);
#1610=CARTESIAN_POINT('',(-146.5198,-43.625413779,8.487459202));
#1611=VERTEX_POINT('',#1610);
#1612=CARTESIAN_POINT('',(-146.5198,-43.625413779,9.782484455));
#1613=VERTEX_POINT('',#1612);
#1614=CARTESIAN_POINT('',(-146.5198,-43.625413779,8.487459202));
#1615=DIRECTION('',(0.,-0.,1.));
#1616=VECTOR('',#1615,1.295025253);
#1617=LINE('',#1614,#1616);
#1618=EDGE_CURVE('',#1611,#1613,#1617,.T.);
#1619=ORIENTED_EDGE('',*,*,#1618,.T.);
#1620=CARTESIAN_POINT('',(-146.5198,-42.925413779,10.772433949));
#1621=VERTEX_POINT('',#1620);
#1622=CARTESIAN_POINT('',(-146.5198,-43.625413779,9.782484455));
#1623=DIRECTION('',(0.,0.577350269,0.816496581));
#1624=VECTOR('',#1623,1.212435566);
#1625=LINE('',#1622,#1624);
#1626=EDGE_CURVE('',#1613,#1621,#1625,.T.);
#1627=ORIENTED_EDGE('',*,*,#1626,.T.);
#1628=CARTESIAN_POINT('',(-146.5198,-14.325413778,10.772433949));
#1629=VERTEX_POINT('',#1628);
#1630=CARTESIAN_POINT('',(-146.5198,-42.925413779,10.772433949));
#1631=DIRECTION('',(0.,1.,0.));
#1632=VECTOR('',#1631,28.600000001);
#1633=LINE('',#1630,#1632);
#1634=EDGE_CURVE('',#1621,#1629,#1633,.T.);
#1635=ORIENTED_EDGE('',*,*,#1634,.T.);
#1636=CARTESIAN_POINT('',(-146.5198,-13.625413779,9.782484455));
#1637=VERTEX_POINT('',#1636);
#1638=CARTESIAN_POINT('',(-146.5198,-14.325413778,10.772433949));
#1639=DIRECTION('',(0.,0.577350269,-0.816496581));
#1640=VECTOR('',#1639,1.212435565);
#1641=LINE('',#1638,#1640);
#1642=EDGE_CURVE('',#1629,#1637,#1641,.T.);
#1643=ORIENTED_EDGE('',*,*,#1642,.T.);
#1644=CARTESIAN_POINT('',(-146.5198,-13.625413779,8.487459202));
#1645=VERTEX_POINT('',#1644);
#1646=CARTESIAN_POINT('',(-146.5198,-13.625413779,9.782484455));
#1647=DIRECTION('',(-0.,0.,-1.));
#1648=VECTOR('',#1647,1.295025253);
#1649=LINE('',#1646,#1648);
#1650=EDGE_CURVE('',#1637,#1645,#1649,.T.);
#1651=ORIENTED_EDGE('',*,*,#1650,.T.);
#1652=CARTESIAN_POINT('',(-146.5198,-14.125413779,7.987459202));
#1653=VERTEX_POINT('',#1652);
#1654=CARTESIAN_POINT('',(-146.5198,-13.625413779,8.487459202));
#1655=DIRECTION('',(0.,-0.707106781,-0.707106781));
#1656=VECTOR('',#1655,0.707106781);
#1657=LINE('',#1654,#1656);
#1658=EDGE_CURVE('',#1645,#1653,#1657,.T.);
#1659=ORIENTED_EDGE('',*,*,#1658,.T.);
#1660=CARTESIAN_POINT('',(-146.5198,-43.125413779,7.987459202));
#1661=VERTEX_POINT('',#1660);
#1662=CARTESIAN_POINT('',(-146.5198,-14.125413779,7.987459202));
#1663=DIRECTION('',(-0.,-1.,-0.));
#1664=VECTOR('',#1663,29.);
#1665=LINE('',#1662,#1664);
#1666=EDGE_CURVE('',#1653,#1661,#1665,.T.);
#1667=ORIENTED_EDGE('',*,*,#1666,.T.);
#1668=CARTESIAN_POINT('',(-146.5198,-43.125413779,7.987459202));
#1669=DIRECTION('',(0.,-0.707106781,0.707106781));
#1670=VECTOR('',#1669,0.707106781);
#1671=LINE('',#1668,#1670);
#1672=EDGE_CURVE('',#1661,#1611,#1671,.T.);
#1673=ORIENTED_EDGE('',*,*,#1672,.T.);
#1674=EDGE_LOOP('',(#1619,#1627,#1635,#1643,#1651,#1659,#1667,#1673));
#1675=FACE_BOUND('',#1674,.T.);
#1676=CARTESIAN_POINT('',(-146.5198,9.718636221,8.487459202));
#1677=VERTEX_POINT('',#1676);
#1678=CARTESIAN_POINT('',(-146.5198,9.718636221,9.780352421));
#1679=VERTEX_POINT('',#1678);
#1680=CARTESIAN_POINT('',(-146.5198,9.718636221,8.487459202));
#1681=DIRECTION('',(0.,-0.,1.));
#1682=VECTOR('',#1681,1.292893219);
#1683=LINE('',#1680,#1682);
#1684=EDGE_CURVE('',#1677,#1679,#1683,.T.);
#1685=ORIENTED_EDGE('',*,*,#1684,.T.);
#1686=CARTESIAN_POINT('',(-146.5198,10.418636221,10.770301915));
#1687=VERTEX_POINT('',#1686);
#1688=CARTESIAN_POINT('',(-146.5198,9.718636221,9.780352421));
#1689=DIRECTION('',(0.,0.577350269,0.816496581));
#1690=VECTOR('',#1689,1.212435566);
#1691=LINE('',#1688,#1690);
#1692=EDGE_CURVE('',#1679,#1687,#1691,.T.);
#1693=ORIENTED_EDGE('',*,*,#1692,.T.);
#1694=CARTESIAN_POINT('',(-146.5198,39.018636221,10.770301915));
#1695=VERTEX_POINT('',#1694);
#1696=CARTESIAN_POINT('',(-146.5198,10.418636221,10.770301915));
#1697=DIRECTION('',(0.,1.,0.));
#1698=VECTOR('',#1697,28.6);
#1699=LINE('',#1696,#1698);
#1700=EDGE_CURVE('',#1687,#1695,#1699,.T.);
#1701=ORIENTED_EDGE('',*,*,#1700,.T.);
#1702=CARTESIAN_POINT('',(-146.5198,39.718636221,9.780352421));
#1703=VERTEX_POINT('',#1702);
#1704=CARTESIAN_POINT('',(-146.5198,39.018636221,10.770301915));
#1705=DIRECTION('',(0.,0.577350269,-0.816496581));
#1706=VECTOR('',#1705,1.212435566);
#1707=LINE('',#1704,#1706);
#1708=EDGE_CURVE('',#1695,#1703,#1707,.T.);
#1709=ORIENTED_EDGE('',*,*,#1708,.T.);
#1710=CARTESIAN_POINT('',(-146.5198,39.718636221,8.487459202));
#1711=VERTEX_POINT('',#1710);
#1712=CARTESIAN_POINT('',(-146.5198,39.718636221,9.780352421));
#1713=DIRECTION('',(-0.,0.,-1.));
#1714=VECTOR('',#1713,1.292893219);
#1715=LINE('',#1712,#1714);
#1716=EDGE_CURVE('',#1703,#1711,#1715,.T.);
#1717=ORIENTED_EDGE('',*,*,#1716,.T.);
#1718=CARTESIAN_POINT('',(-146.5198,39.218636221,7.987459202));
#1719=VERTEX_POINT('',#1718);
#1720=CARTESIAN_POINT('',(-146.5198,39.718636221,8.487459202));
#1721=DIRECTION('',(0.,-0.707106781,-0.707106781));
#1722=VECTOR('',#1721,0.707106781);
#1723=LINE('',#1720,#1722);
#1724=EDGE_CURVE('',#1711,#1719,#1723,.T.);
#1725=ORIENTED_EDGE('',*,*,#1724,.T.);
#1726=CARTESIAN_POINT('',(-146.5198,10.218636221,7.987459202));
#1727=VERTEX_POINT('',#1726);
#1728=CARTESIAN_POINT('',(-146.5198,39.218636221,7.987459202));
#1729=DIRECTION('',(-0.,-1.,-0.));
#1730=VECTOR('',#1729,29.);
#1731=LINE('',#1728,#1730);
#1732=EDGE_CURVE('',#1719,#1727,#1731,.T.);
#1733=ORIENTED_EDGE('',*,*,#1732,.T.);
#1734=CARTESIAN_POINT('',(-146.5198,10.218636221,7.987459202));
#1735=DIRECTION('',(0.,-0.707106781,0.707106781));
#1736=VECTOR('',#1735,0.707106781);
#1737=LINE('',#1734,#1736);
#1738=EDGE_CURVE('',#1727,#1677,#1737,.T.);
#1739=ORIENTED_EDGE('',*,*,#1738,.T.);
#1740=EDGE_LOOP('',(#1685,#1693,#1701,#1709,#1717,#1725,#1733,#1739));
#1741=FACE_BOUND('',#1740,.T.);
#1742=ADVANCED_FACE('',(#1609,#1675,#1741),#1584,.F.);
#1743=CARTESIAN_POINT('',(144.0198,-52.747438779,18.957459202));
#1744=DIRECTION('',(0.,-0.,1.));
#1745=DIRECTION('',(1.,0.,0.));
#1746=AXIS2_PLACEMENT_3D('',#1743,#1744,#1745);
#1747=CYLINDRICAL_SURFACE('',#1746,7.);
#1748=CARTESIAN_POINT('',(144.0198,-59.74743878,7.264565985));
#1749=VERTEX_POINT('',#1748);
#1750=CARTESIAN_POINT('',(144.0198,-52.747438779,7.264565986));
#1751=DIRECTION('',(0.,-0.,1.));
#1752=DIRECTION('',(1.,0.,0.));
#1753=AXIS2_PLACEMENT_3D('',#1750,#1751,#1752);
#1754=CIRCLE('',#1753,7.);
#1755=EDGE_CURVE('',#1749,#1242,#1754,.T.);
#1756=ORIENTED_EDGE('',*,*,#1755,.T.);
#1757=ORIENTED_EDGE('',*,*,#1271,.F.);
#1758=CARTESIAN_POINT('',(144.0198,-59.747438779,21.267509708));
#1759=VERTEX_POINT('',#1758);
#1760=CARTESIAN_POINT('',(144.0198,-52.747438779,21.267509708));
#1761=DIRECTION('',(-0.,0.,-1.));
#1762=DIRECTION('',(1.,0.,0.));
#1763=AXIS2_PLACEMENT_3D('',#1760,#1761,#1762);
#1764=CIRCLE('',#1763,7.);
#1765=EDGE_CURVE('',#1260,#1759,#1764,.T.);
#1766=ORIENTED_EDGE('',*,*,#1765,.T.);
#1767=CARTESIAN_POINT('',(144.0198,-59.747438779,7.264565985));
#1768=DIRECTION('',(0.,-0.,1.));
#1769=VECTOR('',#1768,14.002943723);
#1770=LINE('',#1767,#1769);
#1771=EDGE_CURVE('',#1749,#1759,#1770,.T.);
#1772=ORIENTED_EDGE('',*,*,#1771,.F.);
#1773=EDGE_LOOP('',(#1756,#1757,#1766,#1772));
#1774=FACE_BOUND('',#1773,.T.);
#1775=ADVANCED_FACE('',(#1774),#1747,.T.);
#1776=CARTESIAN_POINT('',(-143.4198,-52.747438779,18.957459202));
#1777=DIRECTION('',(0.,0.,-1.));
#1778=DIRECTION('',(-1.,0.,0.));
#1779=AXIS2_PLACEMENT_3D('',#1776,#1777,#1778);
#1780=CYLINDRICAL_SURFACE('',#1779,7.);
#1781=CARTESIAN_POINT('',(-143.4198,-59.747438779,21.267509708));
#1782=VERTEX_POINT('',#1781);
#1783=CARTESIAN_POINT('',(-143.4198,-59.74743878,7.264565985));
#1784=VERTEX_POINT('',#1783);
#1785=CARTESIAN_POINT('',(-143.4198,-59.747438779,21.267509708));
#1786=DIRECTION('',(-0.,0.,-1.));
#1787=VECTOR('',#1786,14.002943723);
#1788=LINE('',#1785,#1787);
#1789=EDGE_CURVE('',#1782,#1784,#1788,.T.);
#1790=ORIENTED_EDGE('',*,*,#1789,.F.);
#1791=CARTESIAN_POINT('',(-143.4198,-52.747438779,21.267509708));
#1792=DIRECTION('',(0.,0.,-1.));
#1793=DIRECTION('',(-1.,0.,0.));
#1794=AXIS2_PLACEMENT_3D('',#1791,#1792,#1793);
#1795=CIRCLE('',#1794,7.);
#1796=EDGE_CURVE('',#1782,#1284,#1795,.T.);
#1797=ORIENTED_EDGE('',*,*,#1796,.T.);
#1798=ORIENTED_EDGE('',*,*,#1289,.F.);
#1799=CARTESIAN_POINT('',(-143.4198,-52.747438779,7.264565986));
#1800=DIRECTION('',(-0.,-0.,1.));
#1801=DIRECTION('',(-1.,0.,0.));
#1802=AXIS2_PLACEMENT_3D('',#1799,#1800,#1801);
#1803=CIRCLE('',#1802,7.);
#1804=EDGE_CURVE('',#1282,#1784,#1803,.T.);
#1805=ORIENTED_EDGE('',*,*,#1804,.T.);
#1806=EDGE_LOOP('',(#1790,#1797,#1798,#1805));
#1807=FACE_BOUND('',#1806,.T.);
#1808=ADVANCED_FACE('',(#1807),#1780,.T.);
#1809=CARTESIAN_POINT('',(146.2198,-21.003388779,2.057459202));
#1810=DIRECTION('',(0.,1.,0.));
#1811=DIRECTION('',(-1.,0.,0.));
#1812=AXIS2_PLACEMENT_3D('',#1809,#1810,#1811);
#1813=PLANE('',#1812);
#1814=ORIENTED_EDGE('',*,*,#843,.T.);
#1815=CARTESIAN_POINT('',(146.7198,-21.003388779,17.257459202));
#1816=DIRECTION('',(-0.707106781,-0.,0.707106781));
#1817=VECTOR('',#1816,0.282842712);
#1818=LINE('',#1815,#1817);
#1819=EDGE_CURVE('',#830,#1047,#1818,.T.);
#1820=ORIENTED_EDGE('',*,*,#1819,.T.);
#1821=ORIENTED_EDGE('',*,*,#1052,.T.);
#1822=CARTESIAN_POINT('',(144.6198,-21.003388779,5.757459202));
#1823=VERTEX_POINT('',#1822);
#1824=CARTESIAN_POINT('',(144.6198,-21.003388779,17.457459202));
#1825=DIRECTION('',(-0.,0.,-1.));
#1826=VECTOR('',#1825,11.7);
#1827=LINE('',#1824,#1826);
#1828=EDGE_CURVE('',#1039,#1823,#1827,.T.);
#1829=ORIENTED_EDGE('',*,*,#1828,.T.);
#1830=CARTESIAN_POINT('',(144.6198,-21.003388779,5.757459202));
#1831=DIRECTION('',(1.,0.,-0.));
#1832=VECTOR('',#1831,2.1);
#1833=LINE('',#1830,#1832);
#1834=EDGE_CURVE('',#1823,#838,#1833,.T.);
#1835=ORIENTED_EDGE('',*,*,#1834,.T.);
#1836=EDGE_LOOP('',(#1814,#1820,#1821,#1829,#1835));
#1837=FACE_BOUND('',#1836,.T.);
#1838=ADVANCED_FACE('',(#1837),#1813,.F.);
#1839=CARTESIAN_POINT('',(144.1198,-20.503388779,-0.742540798));
#1840=DIRECTION('',(-0.707106781,-0.707106781,-0.));
#1841=DIRECTION('',(0.,0.,-1.));
#1842=AXIS2_PLACEMENT_3D('',#1839,#1840,#1841);
#1843=PLANE('',#1842);
#1844=ORIENTED_EDGE('',*,*,#1044,.F.);
#1845=CARTESIAN_POINT('',(144.1198,-20.503388779,17.457459202));
#1846=DIRECTION('',(-0.577350269,0.577350269,0.577350269));
#1847=VECTOR('',#1846,0.346410162);
#1848=LINE('',#1845,#1847);
#1849=EDGE_CURVE('',#1031,#95,#1848,.T.);
#1850=ORIENTED_EDGE('',*,*,#1849,.T.);
#1851=ORIENTED_EDGE('',*,*,#100,.F.);
#1852=CARTESIAN_POINT('',(143.9198,-20.303388779,5.757459202));
#1853=DIRECTION('',(0.707106781,-0.707106781,-0.));
#1854=VECTOR('',#1853,0.989949494);
#1855=LINE('',#1852,#1854);
#1856=EDGE_CURVE('',#87,#1823,#1855,.T.);
#1857=ORIENTED_EDGE('',*,*,#1856,.T.);
#1858=ORIENTED_EDGE('',*,*,#1828,.F.);
#1859=EDGE_LOOP('',(#1844,#1850,#1851,#1857,#1858));
#1860=FACE_BOUND('',#1859,.T.);
#1861=ADVANCED_FACE('',(#1860),#1843,.T.);
#1862=CARTESIAN_POINT('',(126.424906052,-57.147438779,25.157459202));
#1863=DIRECTION('',(-1.,0.,0.));
#1864=DIRECTION('',(0.,-0.,1.));
#1865=AXIS2_PLACEMENT_3D('',#1862,#1863,#1864);
#1866=PLANE('',#1865);
#1867=ORIENTED_EDGE('',*,*,#156,.F.);
#1868=CARTESIAN_POINT('',(126.424906052,-42.247438779,18.457459202));
#1869=VERTEX_POINT('',#1868);
#1870=CARTESIAN_POINT('',(126.424906052,-50.247438779,18.457459202));
#1871=DIRECTION('',(0.,1.,0.));
#1872=VECTOR('',#1871,8.);
#1873=LINE('',#1870,#1872);
#1874=EDGE_CURVE('',#143,#1869,#1873,.T.);
#1875=ORIENTED_EDGE('',*,*,#1874,.T.);
#1876=CARTESIAN_POINT('',(126.424906052,-42.247438779,18.457459202));
#1877=DIRECTION('',(0.,-0.,1.));
#1878=VECTOR('',#1877,3.2);
#1879=LINE('',#1876,#1878);
#1880=EDGE_CURVE('',#1869,#541,#1879,.T.);
#1881=ORIENTED_EDGE('',*,*,#1880,.T.);
#1882=ORIENTED_EDGE('',*,*,#546,.F.);
#1883=CARTESIAN_POINT('',(126.424906052,-56.747438779,18.657459202));
#1884=DIRECTION('',(0.,-0.,1.));
#1885=VECTOR('',#1884,3.);
#1886=LINE('',#1883,#1885);
#1887=EDGE_CURVE('',#580,#539,#1886,.T.);
#1888=ORIENTED_EDGE('',*,*,#1887,.F.);
#1889=ORIENTED_EDGE('',*,*,#585,.T.);
#1890=EDGE_LOOP('',(#1867,#1875,#1881,#1882,#1888,#1889));
#1891=FACE_BOUND('',#1890,.T.);
#1892=ADVANCED_FACE('',(#1891),#1866,.F.);
#1893=CARTESIAN_POINT('',(136.514906052,-57.147438779,25.157459202));
#1894=DIRECTION('',(1.,0.,0.));
#1895=DIRECTION('',(0.,0.,-1.));
#1896=AXIS2_PLACEMENT_3D('',#1893,#1894,#1895);
#1897=PLANE('',#1896);
#1898=CARTESIAN_POINT('',(136.514906052,-42.247438779,18.457459202));
#1899=VERTEX_POINT('',#1898);
#1900=CARTESIAN_POINT('',(136.514906052,-42.247438779,18.457459202));
#1901=DIRECTION('',(0.,-0.,1.));
#1902=VECTOR('',#1901,3.2);
#1903=LINE('',#1900,#1902);
#1904=EDGE_CURVE('',#1899,#549,#1903,.T.);
#1905=ORIENTED_EDGE('',*,*,#1904,.F.);
#1906=CARTESIAN_POINT('',(136.514906052,-42.247438779,18.457459202));
#1907=DIRECTION('',(0.,-1.,-0.));
#1908=VECTOR('',#1907,8.);
#1909=LINE('',#1906,#1908);
#1910=EDGE_CURVE('',#1899,#167,#1909,.T.);
#1911=ORIENTED_EDGE('',*,*,#1910,.T.);
#1912=ORIENTED_EDGE('',*,*,#172,.T.);
#1913=ORIENTED_EDGE('',*,*,#599,.F.);
#1914=CARTESIAN_POINT('',(136.514906052,-56.747438779,21.657459202));
#1915=DIRECTION('',(0.,0.,-1.));
#1916=VECTOR('',#1915,3.);
#1917=LINE('',#1914,#1916);
#1918=EDGE_CURVE('',#557,#588,#1917,.T.);
#1919=ORIENTED_EDGE('',*,*,#1918,.F.);
#1920=ORIENTED_EDGE('',*,*,#562,.T.);
#1921=EDGE_LOOP('',(#1905,#1911,#1912,#1913,#1919,#1920));
#1922=FACE_BOUND('',#1921,.T.);
#1923=ADVANCED_FACE('',(#1922),#1897,.F.);
#1924=CARTESIAN_POINT('',(38.8,-56.747438779,2.357459202));
#1925=DIRECTION('',(0.,1.,0.));
#1926=DIRECTION('',(0.,-0.,1.));
#1927=AXIS2_PLACEMENT_3D('',#1924,#1925,#1926);
#1928=PLANE('',#1927);
#1929=ORIENTED_EDGE('',*,*,#1887,.T.);
#1930=ORIENTED_EDGE('',*,*,#568,.T.);
#1931=ORIENTED_EDGE('',*,*,#1918,.T.);
#1932=ORIENTED_EDGE('',*,*,#593,.T.);
#1933=EDGE_LOOP('',(#1929,#1930,#1931,#1932));
#1934=FACE_BOUND('',#1933,.T.);
#1935=ADVANCED_FACE('',(#1934),#1928,.T.);
#1936=CARTESIAN_POINT('',(149.666246609,-1.803388779,5.911012593));
#1937=DIRECTION('',(-0.707106781,-0.,0.707106781));
#1938=DIRECTION('',(0.,-1.,-0.));
#1939=AXIS2_PLACEMENT_3D('',#1936,#1937,#1938);
#1940=PLANE('',#1939);
#1941=ORIENTED_EDGE('',*,*,#1402,.F.);
#1942=CARTESIAN_POINT('',(151.0198,48.740661221,7.264565984));
#1943=CARTESIAN_POINT('',(149.312693218,48.740661222,5.557459202));
#1944=B_SPLINE_CURVE_WITH_KNOTS('',1,(#1942,#1943),.UNSPECIFIED.,.F.,.F.,(2,2),(0.,1.),.UNSPECIFIED.);
#1945=EDGE_CURVE('',#1244,#1388,#1944,.T.);
#1946=ORIENTED_EDGE('',*,*,#1945,.F.);
#1947=ORIENTED_EDGE('',*,*,#1249,.F.);
#1948=CARTESIAN_POINT('',(149.312693219,-52.747438779,5.557459203));
#1949=CARTESIAN_POINT('',(151.019799999,-52.747438777,7.264565983));
#1950=B_SPLINE_CURVE_WITH_KNOTS('',1,(#1948,#1949),.UNSPECIFIED.,.F.,.F.,(2,2),(0.,1.),.UNSPECIFIED.);
#1951=EDGE_CURVE('',#1397,#1242,#1950,.T.);
#1952=ORIENTED_EDGE('',*,*,#1951,.F.);
#1953=EDGE_LOOP('',(#1941,#1946,#1947,#1952));
#1954=FACE_BOUND('',#1953,.T.);
#1955=ADVANCED_FACE('',(#1954),#1940,.F.);
#1956=CARTESIAN_POINT('',(-149.066246609,-1.803388779,5.911012593));
#1957=DIRECTION('',(-0.707106781,0.,-0.707106781));
#1958=DIRECTION('',(-0.,-1.,-0.));
#1959=AXIS2_PLACEMENT_3D('',#1956,#1957,#1958);
#1960=PLANE('',#1959);
#1961=ORIENTED_EDGE('',*,*,#1311,.F.);
#1962=CARTESIAN_POINT('',(-148.712693219,48.740661221,5.557459203));
#1963=CARTESIAN_POINT('',(-150.4198,48.740661221,7.264565984));
#1964=B_SPLINE_CURVE_WITH_KNOTS('',1,(#1962,#1963),.UNSPECIFIED.,.F.,.F.,(2,2),(0.,1.),.UNSPECIFIED.);
#1965=EDGE_CURVE('',#1431,#1300,#1964,.T.);
#1966=ORIENTED_EDGE('',*,*,#1965,.F.);
#1967=ORIENTED_EDGE('',*,*,#1436,.F.);
#1968=CARTESIAN_POINT('',(-150.419799999,-52.747438779,7.264565983));
#1969=CARTESIAN_POINT('',(-148.712693218,-52.747438779,5.557459202));
#1970=B_SPLINE_CURVE_WITH_KNOTS('',1,(#1968,#1969),.UNSPECIFIED.,.F.,.F.,(2,2),(0.,1.),.UNSPECIFIED.);
#1971=EDGE_CURVE('',#1282,#1422,#1970,.T.);
#1972=ORIENTED_EDGE('',*,*,#1971,.F.);
#1973=EDGE_LOOP('',(#1961,#1966,#1967,#1972));
#1974=FACE_BOUND('',#1973,.T.);
#1975=ADVANCED_FACE('',(#1974),#1960,.T.);
#1976=CARTESIAN_POINT('',(144.0198,-52.747438779,5.911012593));
#1977=DIRECTION('',(0.,-0.,1.));
#1978=DIRECTION('',(1.,0.,0.));
#1979=AXIS2_PLACEMENT_3D('',#1976,#1977,#1978);
#1980=CONICAL_SURFACE('',#1979,5.646446609,44.999999898);
#1981=ORIENTED_EDGE('',*,*,#1951,.T.);
#1982=ORIENTED_EDGE('',*,*,#1755,.F.);
#1983=CARTESIAN_POINT('',(144.0198,-58.040331997,5.557459203));
#1984=DIRECTION('',(0.,-0.707106781,0.707106781));
#1985=VECTOR('',#1984,2.414213564);
#1986=LINE('',#1983,#1985);
#1987=EDGE_CURVE('',#1405,#1749,#1986,.T.);
#1988=ORIENTED_EDGE('',*,*,#1987,.F.);
#1989=ORIENTED_EDGE('',*,*,#1411,.F.);
#1990=EDGE_LOOP('',(#1981,#1982,#1988,#1989));
#1991=FACE_BOUND('',#1990,.T.);
#1992=ADVANCED_FACE('',(#1991),#1980,.T.);
#1993=CARTESIAN_POINT('',(-143.4198,-52.747438779,5.911012593));
#1994=DIRECTION('',(0.,-0.,1.));
#1995=DIRECTION('',(1.,0.,0.));
#1996=AXIS2_PLACEMENT_3D('',#1993,#1994,#1995);
#1997=CONICAL_SURFACE('',#1996,5.646446609,44.999999898);
#1998=ORIENTED_EDGE('',*,*,#1971,.T.);
#1999=ORIENTED_EDGE('',*,*,#1428,.F.);
#2000=CARTESIAN_POINT('',(-143.4198,-59.74743878,7.264565985));
#2001=DIRECTION('',(-0.,0.707106781,-0.707106781));
#2002=VECTOR('',#2001,2.414213565);
#2003=LINE('',#2000,#2002);
#2004=EDGE_CURVE('',#1784,#1414,#2003,.T.);
#2005=ORIENTED_EDGE('',*,*,#2004,.F.);
#2006=ORIENTED_EDGE('',*,*,#1804,.F.);
#2007=EDGE_LOOP('',(#1998,#1999,#2005,#2006));
#2008=FACE_BOUND('',#2007,.T.);
#2009=ADVANCED_FACE('',(#2008),#1997,.T.);
#2010=CARTESIAN_POINT('',(0.,-58.393885388,5.911012593));
#2011=DIRECTION('',(0.,0.707106781,0.707106781));
#2012=DIRECTION('',(-1.,0.,0.));
#2013=AXIS2_PLACEMENT_3D('',#2010,#2011,#2012);
#2014=PLANE('',#2013);
#2015=ORIENTED_EDGE('',*,*,#1987,.T.);
#2016=CARTESIAN_POINT('',(-143.4198,-59.747438779,7.264565985));
#2017=DIRECTION('',(1.,0.,-0.));
#2018=VECTOR('',#2017,287.4396);
#2019=LINE('',#2016,#2018);
#2020=EDGE_CURVE('',#1784,#1749,#2019,.T.);
#2021=ORIENTED_EDGE('',*,*,#2020,.F.);
#2022=ORIENTED_EDGE('',*,*,#2004,.T.);
#2023=ORIENTED_EDGE('',*,*,#1419,.F.);
#2024=EDGE_LOOP('',(#2015,#2021,#2022,#2023));
#2025=FACE_BOUND('',#2024,.T.);
#2026=ADVANCED_FACE('',(#2025),#2014,.F.);
#2027=CARTESIAN_POINT('',(-149.924825253,28.868636221,21.762484455));
#2028=DIRECTION('',(-0.707106781,-0.,0.707106781));
#2029=DIRECTION('',(0.,-1.,-0.));
#2030=AXIS2_PLACEMENT_3D('',#2027,#2028,#2029);
#2031=PLANE('',#2030);
#2032=ORIENTED_EDGE('',*,*,#442,.F.);
#2033=CARTESIAN_POINT('',(-148.429850506,48.740615626,23.257459202));
#2034=DIRECTION('',(-0.707106781,0.,-0.707106781));
#2035=VECTOR('',#2034,2.814213563);
#2036=LINE('',#2033,#2035);
#2037=EDGE_CURVE('',#428,#1292,#2036,.T.);
#2038=ORIENTED_EDGE('',*,*,#2037,.T.);
#2039=ORIENTED_EDGE('',*,*,#1297,.F.);
#2040=CARTESIAN_POINT('',(-148.429850506,-52.747438779,23.257459203));
#2041=CARTESIAN_POINT('',(-150.419799997,-52.747438774,21.267509711));
#2042=B_SPLINE_CURVE_WITH_KNOTS('',1,(#2040,#2041),.UNSPECIFIED.,.F.,.F.,(2,2),(0.,1.),.UNSPECIFIED.);
#2043=EDGE_CURVE('',#437,#1284,#2042,.T.);
#2044=ORIENTED_EDGE('',*,*,#2043,.F.);
#2045=EDGE_LOOP('',(#2032,#2038,#2039,#2044));
#2046=FACE_BOUND('',#2045,.T.);
#2047=ADVANCED_FACE('',(#2046),#2031,.T.);
#2048=CARTESIAN_POINT('',(150.524825253,28.868636221,21.762484455));
#2049=DIRECTION('',(-0.707106781,0.,-0.707106781));
#2050=DIRECTION('',(-0.,-1.,-0.));
#2051=AXIS2_PLACEMENT_3D('',#2048,#2049,#2050);
#2052=PLANE('',#2051);
#2053=ORIENTED_EDGE('',*,*,#1265,.F.);
#2054=CARTESIAN_POINT('',(149.029850506,48.740661221,23.257459203));
#2055=CARTESIAN_POINT('',(151.019799997,48.740661217,21.267509711));
#2056=B_SPLINE_CURVE_WITH_KNOTS('',1,(#2054,#2055),.UNSPECIFIED.,.F.,.F.,(2,2),(0.,1.),.UNSPECIFIED.);
#2057=EDGE_CURVE('',#403,#1252,#2056,.T.);
#2058=ORIENTED_EDGE('',*,*,#2057,.F.);
#2059=ORIENTED_EDGE('',*,*,#408,.F.);
#2060=CARTESIAN_POINT('',(151.019799997,-52.747438779,21.267509711));
#2061=CARTESIAN_POINT('',(149.029850504,-52.747438779,23.257459204));
#2062=B_SPLINE_CURVE_WITH_KNOTS('',1,(#2060,#2061),.UNSPECIFIED.,.F.,.F.,(2,2),(0.,1.),.UNSPECIFIED.);
#2063=EDGE_CURVE('',#1260,#401,#2062,.T.);
#2064=ORIENTED_EDGE('',*,*,#2063,.F.);
#2065=EDGE_LOOP('',(#2053,#2058,#2059,#2064));
#2066=FACE_BOUND('',#2065,.T.);
#2067=ADVANCED_FACE('',(#2066),#2052,.F.);
#2068=CARTESIAN_POINT('',(-143.4198,-52.747438779,22.762484455));
#2069=DIRECTION('',(0.,0.,-1.));
#2070=DIRECTION('',(-1.,0.,0.));
#2071=AXIS2_PLACEMENT_3D('',#2068,#2069,#2070);
#2072=CONICAL_SURFACE('',#2071,5.505025253,44.999999898);
#2073=ORIENTED_EDGE('',*,*,#2043,.T.);
#2074=ORIENTED_EDGE('',*,*,#1796,.F.);
#2075=CARTESIAN_POINT('',(-143.4198,-57.757489284,23.257459203));
#2076=DIRECTION('',(0.,-0.707106781,-0.707106781));
#2077=VECTOR('',#2076,2.814213564);
#2078=LINE('',#2075,#2077);
#2079=EDGE_CURVE('',#445,#1782,#2078,.T.);
#2080=ORIENTED_EDGE('',*,*,#2079,.F.);
#2081=ORIENTED_EDGE('',*,*,#451,.F.);
#2082=EDGE_LOOP('',(#2073,#2074,#2080,#2081));
#2083=FACE_BOUND('',#2082,.T.);
#2084=ADVANCED_FACE('',(#2083),#2072,.T.);
#2085=CARTESIAN_POINT('',(144.0198,-52.747438779,22.762484455));
#2086=DIRECTION('',(0.,0.,-1.));
#2087=DIRECTION('',(-1.,0.,0.));
#2088=AXIS2_PLACEMENT_3D('',#2085,#2086,#2087);
#2089=CONICAL_SURFACE('',#2088,5.505025253,44.999999898);
#2090=ORIENTED_EDGE('',*,*,#2063,.T.);
#2091=ORIENTED_EDGE('',*,*,#466,.F.);
#2092=CARTESIAN_POINT('',(144.0198,-59.747438779,21.267509708));
#2093=DIRECTION('',(-0.,0.707106781,0.707106781));
#2094=VECTOR('',#2093,2.814213565);
#2095=LINE('',#2092,#2094);
#2096=EDGE_CURVE('',#1759,#454,#2095,.T.);
#2097=ORIENTED_EDGE('',*,*,#2096,.F.);
#2098=ORIENTED_EDGE('',*,*,#1765,.F.);
#2099=EDGE_LOOP('',(#2090,#2091,#2097,#2098));
#2100=FACE_BOUND('',#2099,.T.);
#2101=ADVANCED_FACE('',(#2100),#2089,.T.);
#2102=CARTESIAN_POINT('',(0.3,-58.252464032,22.762484455));
#2103=DIRECTION('',(0.,0.707106781,-0.707106781));
#2104=DIRECTION('',(1.,0.,0.));
#2105=AXIS2_PLACEMENT_3D('',#2102,#2103,#2104);
#2106=PLANE('',#2105);
#2107=ORIENTED_EDGE('',*,*,#2079,.T.);
#2108=CARTESIAN_POINT('',(144.0198,-59.747438779,21.267509708));
#2109=DIRECTION('',(-1.,-0.,0.));
#2110=VECTOR('',#2109,287.4396);
#2111=LINE('',#2108,#2110);
#2112=EDGE_CURVE('',#1759,#1782,#2111,.T.);
#2113=ORIENTED_EDGE('',*,*,#2112,.F.);
#2114=ORIENTED_EDGE('',*,*,#2096,.T.);
#2115=ORIENTED_EDGE('',*,*,#459,.F.);
#2116=EDGE_LOOP('',(#2107,#2113,#2114,#2115));
#2117=FACE_BOUND('',#2116,.T.);
#2118=ADVANCED_FACE('',(#2117),#2106,.F.);
#2119=CARTESIAN_POINT('',(110.299990177,-59.747438779,14.307457932));
#2120=DIRECTION('',(0.,-1.,-0.));
#2121=DIRECTION('',(1.,0.,0.));
#2122=AXIS2_PLACEMENT_3D('',#2119,#2120,#2121);
#2123=PLANE('',#2122);
#2124=ORIENTED_EDGE('',*,*,#1771,.T.);
#2125=ORIENTED_EDGE('',*,*,#2112,.T.);
#2126=ORIENTED_EDGE('',*,*,#1789,.T.);
#2127=ORIENTED_EDGE('',*,*,#2020,.T.);
#2128=EDGE_LOOP('',(#2124,#2125,#2126,#2127));
#2129=FACE_BOUND('',#2128,.T.);
#2130=ADVANCED_FACE('',(#2129),#2123,.T.);
#2131=CARTESIAN_POINT('',(-144.0198,-13.625413779,8.987459202));
#2132=DIRECTION('',(0.,1.,0.));
#2133=DIRECTION('',(0.,-0.,1.));
#2134=AXIS2_PLACEMENT_3D('',#2131,#2132,#2133);
#2135=PLANE('',#2134);
#2136=CARTESIAN_POINT('',(-145.224774747,-13.625413779,8.487459202));
#2137=VERTEX_POINT('',#2136);
#2138=CARTESIAN_POINT('',(-146.5198,-13.625413779,9.782484455));
#2139=DIRECTION('',(0.707106781,0.,-0.707106781));
#2140=VECTOR('',#2139,1.831442276);
#2141=LINE('',#2138,#2140);
#2142=EDGE_CURVE('',#1637,#2137,#2141,.T.);
#2143=ORIENTED_EDGE('',*,*,#2142,.T.);
#2144=CARTESIAN_POINT('',(-145.224774747,-13.625413779,8.487459202));
#2145=DIRECTION('',(-1.,-0.,0.));
#2146=VECTOR('',#2145,1.295025253);
#2147=LINE('',#2144,#2146);
#2148=EDGE_CURVE('',#2137,#1645,#2147,.T.);
#2149=ORIENTED_EDGE('',*,*,#2148,.T.);
#2150=ORIENTED_EDGE('',*,*,#1650,.F.);
#2151=EDGE_LOOP('',(#2143,#2149,#2150));
#2152=FACE_BOUND('',#2151,.T.);
#2153=ADVANCED_FACE('',(#2152),#2135,.T.);
#2154=CARTESIAN_POINT('',(-144.0198,-43.625413779,8.987459202));
#2155=DIRECTION('',(0.,-1.,-0.));
#2156=DIRECTION('',(0.,0.,-1.));
#2157=AXIS2_PLACEMENT_3D('',#2154,#2155,#2156);
#2158=PLANE('',#2157);
#2159=CARTESIAN_POINT('',(-145.224774747,-43.625413779,8.487459202));
#2160=VERTEX_POINT('',#2159);
#2161=CARTESIAN_POINT('',(-146.5198,-43.625413779,8.487459202));
#2162=DIRECTION('',(1.,0.,-0.));
#2163=VECTOR('',#2162,1.295025253);
#2164=LINE('',#2161,#2163);
#2165=EDGE_CURVE('',#1611,#2160,#2164,.T.);
#2166=ORIENTED_EDGE('',*,*,#2165,.T.);
#2167=CARTESIAN_POINT('',(-145.224774747,-43.625413779,8.487459202));
#2168=DIRECTION('',(-0.707106781,0.,0.707106781));
#2169=VECTOR('',#2168,1.831442277);
#2170=LINE('',#2167,#2169);
#2171=EDGE_CURVE('',#2160,#1613,#2170,.T.);
#2172=ORIENTED_EDGE('',*,*,#2171,.T.);
#2173=ORIENTED_EDGE('',*,*,#1618,.F.);
#2174=EDGE_LOOP('',(#2166,#2172,#2173));
#2175=FACE_BOUND('',#2174,.T.);
#2176=ADVANCED_FACE('',(#2175),#2158,.T.);
#2177=CARTESIAN_POINT('',(-144.0198,-28.625413779,7.987459202));
#2178=DIRECTION('',(0.,0.,-1.));
#2179=DIRECTION('',(-1.,0.,0.));
#2180=AXIS2_PLACEMENT_3D('',#2177,#2178,#2179);
#2181=PLANE('',#2180);
#2182=CARTESIAN_POINT('',(-143.734825254,-14.325413778,7.987459202));
#2183=VERTEX_POINT('',#2182);
#2184=CARTESIAN_POINT('',(-143.734825253,-42.925413779,7.987459202));
#2185=VERTEX_POINT('',#2184);
#2186=CARTESIAN_POINT('',(-143.734825254,-14.325413778,7.987459202));
#2187=DIRECTION('',(-0.,-1.,-0.));
#2188=VECTOR('',#2187,28.600000001);
#2189=LINE('',#2186,#2188);
#2190=EDGE_CURVE('',#2183,#2185,#2189,.T.);
#2191=ORIENTED_EDGE('',*,*,#2190,.T.);
#2192=CARTESIAN_POINT('',(-144.017667965,-43.125413779,7.987459202));
#2193=VERTEX_POINT('',#2192);
#2194=CARTESIAN_POINT('',(-144.017667965,-43.125413779,7.987459202));
#2195=DIRECTION('',(0.816496581,0.577350269,-0.));
#2196=VECTOR('',#2195,0.34641016);
#2197=LINE('',#2194,#2196);
#2198=EDGE_CURVE('',#2193,#2185,#2197,.T.);
#2199=ORIENTED_EDGE('',*,*,#2198,.F.);
#2200=CARTESIAN_POINT('',(-144.017667965,-43.125413779,7.987459202));
#2201=DIRECTION('',(-1.,0.,0.));
#2202=VECTOR('',#2201,2.502132035);
#2203=LINE('',#2200,#2202);
#2204=EDGE_CURVE('',#2193,#1661,#2203,.T.);
#2205=ORIENTED_EDGE('',*,*,#2204,.T.);
#2206=ORIENTED_EDGE('',*,*,#1666,.F.);
#2207=CARTESIAN_POINT('',(-144.017667965,-14.125413779,7.987459202));
#2208=VERTEX_POINT('',#2207);
#2209=CARTESIAN_POINT('',(-146.5198,-14.125413779,7.987459202));
#2210=DIRECTION('',(1.,-0.,-0.));
#2211=VECTOR('',#2210,2.502132035);
#2212=LINE('',#2209,#2211);
#2213=EDGE_CURVE('',#1653,#2208,#2212,.T.);
#2214=ORIENTED_EDGE('',*,*,#2213,.T.);
#2215=CARTESIAN_POINT('',(-144.017667965,-14.125413779,7.987459202));
#2216=DIRECTION('',(0.816496581,-0.577350269,-0.));
#2217=VECTOR('',#2216,0.34641016);
#2218=LINE('',#2215,#2217);
#2219=EDGE_CURVE('',#2208,#2183,#2218,.T.);
#2220=ORIENTED_EDGE('',*,*,#2219,.T.);
#2221=EDGE_LOOP('',(#2191,#2199,#2205,#2206,#2214,#2220));
#2222=FACE_BOUND('',#2221,.T.);
#2223=ADVANCED_FACE('',(#2222),#2181,.T.);
#2224=CARTESIAN_POINT('',(-68.302412627,-1.803388779,-67.444953424));
#2225=DIRECTION('',(0.707106781,-0.,0.707106781));
#2226=DIRECTION('',(0.707106781,0.,-0.707106781));
#2227=AXIS2_PLACEMENT_3D('',#2224,#2225,#2226);
#2228=PLANE('',#2227);
#2229=ORIENTED_EDGE('',*,*,#1634,.F.);
#2230=CARTESIAN_POINT('',(-146.5198,-42.925413779,10.772433949));
#2231=DIRECTION('',(0.707106781,0.,-0.707106781));
#2232=VECTOR('',#2231,3.938549058);
#2233=LINE('',#2230,#2232);
#2234=EDGE_CURVE('',#1621,#2185,#2233,.T.);
#2235=ORIENTED_EDGE('',*,*,#2234,.T.);
#2236=ORIENTED_EDGE('',*,*,#2190,.F.);
#2237=CARTESIAN_POINT('',(-143.734825253,-14.325413778,7.987459202));
#2238=DIRECTION('',(-0.707106781,-0.,0.707106781));
#2239=VECTOR('',#2238,3.938549058);
#2240=LINE('',#2237,#2239);
#2241=EDGE_CURVE('',#2183,#1629,#2240,.T.);
#2242=ORIENTED_EDGE('',*,*,#2241,.T.);
#2243=EDGE_LOOP('',(#2229,#2235,#2236,#2242));
#2244=FACE_BOUND('',#2243,.T.);
#2245=ADVANCED_FACE('',(#2244),#2228,.T.);
#2246=CARTESIAN_POINT('',(-144.0198,-43.125413779,7.987459202));
#2247=DIRECTION('',(0.,0.707106781,0.707106781));
#2248=DIRECTION('',(-1.,0.,0.));
#2249=AXIS2_PLACEMENT_3D('',#2246,#2247,#2248);
#2250=PLANE('',#2249);
#2251=ORIENTED_EDGE('',*,*,#1672,.F.);
#2252=ORIENTED_EDGE('',*,*,#2204,.F.);
#2253=CARTESIAN_POINT('',(-145.224774746,-43.625413779,8.487459202));
#2254=DIRECTION('',(0.862856209,0.357406744,-0.357406744));
#2255=VECTOR('',#2254,1.398966326);
#2256=LINE('',#2253,#2255);
#2257=EDGE_CURVE('',#2160,#2193,#2256,.T.);
#2258=ORIENTED_EDGE('',*,*,#2257,.F.);
#2259=ORIENTED_EDGE('',*,*,#2165,.F.);
#2260=EDGE_LOOP('',(#2251,#2252,#2258,#2259));
#2261=FACE_BOUND('',#2260,.T.);
#2262=ADVANCED_FACE('',(#2261),#2250,.F.);
#2263=CARTESIAN_POINT('',(-144.872287373,-43.625413779,8.134971829));
#2264=DIRECTION('',(-0.5,0.707106781,-0.5));
#2265=DIRECTION('',(-0.707106781,0.,0.707106781));
#2266=AXIS2_PLACEMENT_3D('',#2263,#2264,#2265);
#2267=PLANE('',#2266);
#2268=ORIENTED_EDGE('',*,*,#2257,.T.);
#2269=ORIENTED_EDGE('',*,*,#2198,.T.);
#2270=ORIENTED_EDGE('',*,*,#2234,.F.);
#2271=ORIENTED_EDGE('',*,*,#1626,.F.);
#2272=ORIENTED_EDGE('',*,*,#2171,.F.);
#2273=EDGE_LOOP('',(#2268,#2269,#2270,#2271,#2272));
#2274=FACE_BOUND('',#2273,.T.);
#2275=ADVANCED_FACE('',(#2274),#2267,.F.);
#2276=CARTESIAN_POINT('',(-144.872287373,-13.625413779,8.134971829));
#2277=DIRECTION('',(-0.5,-0.707106781,-0.5));
#2278=DIRECTION('',(0.707106781,0.,-0.707106781));
#2279=AXIS2_PLACEMENT_3D('',#2276,#2277,#2278);
#2280=PLANE('',#2279);
#2281=ORIENTED_EDGE('',*,*,#1642,.F.);
#2282=ORIENTED_EDGE('',*,*,#2241,.F.);
#2283=ORIENTED_EDGE('',*,*,#2219,.F.);
#2284=CARTESIAN_POINT('',(-145.224774747,-13.625413779,8.487459202));
#2285=DIRECTION('',(0.86285621,-0.357406744,-0.357406744));
#2286=VECTOR('',#2285,1.398966327);
#2287=LINE('',#2284,#2286);
#2288=EDGE_CURVE('',#2137,#2208,#2287,.T.);
#2289=ORIENTED_EDGE('',*,*,#2288,.F.);
#2290=ORIENTED_EDGE('',*,*,#2142,.F.);
#2291=EDGE_LOOP('',(#2281,#2282,#2283,#2289,#2290));
#2292=FACE_BOUND('',#2291,.T.);
#2293=ADVANCED_FACE('',(#2292),#2280,.F.);
#2294=CARTESIAN_POINT('',(-144.0198,-13.625413779,8.487459202));
#2295=DIRECTION('',(0.,-0.707106781,0.707106781));
#2296=DIRECTION('',(-1.,0.,0.));
#2297=AXIS2_PLACEMENT_3D('',#2294,#2295,#2296);
#2298=PLANE('',#2297);
#2299=ORIENTED_EDGE('',*,*,#2288,.T.);
#2300=ORIENTED_EDGE('',*,*,#2213,.F.);
#2301=ORIENTED_EDGE('',*,*,#1658,.F.);
#2302=ORIENTED_EDGE('',*,*,#2148,.F.);
#2303=EDGE_LOOP('',(#2299,#2300,#2301,#2302));
#2304=FACE_BOUND('',#2303,.T.);
#2305=ADVANCED_FACE('',(#2304),#2298,.F.);
#2306=CARTESIAN_POINT('',(-4.83,-51.447438779,19.807459202));
#2307=DIRECTION('',(-1.,0.,0.));
#2308=DIRECTION('',(0.,-0.,1.));
#2309=AXIS2_PLACEMENT_3D('',#2306,#2307,#2308);
#2310=PLANE('',#2309);
#2311=ORIENTED_EDGE('',*,*,#246,.F.);
#2312=ORIENTED_EDGE('',*,*,#528,.F.);
#2313=CARTESIAN_POINT('',(-4.83,-56.747438779,18.657459202));
#2314=DIRECTION('',(0.,-0.,1.));
#2315=VECTOR('',#2314,3.);
#2316=LINE('',#2313,#2315);
#2317=EDGE_CURVE('',#478,#517,#2316,.T.);
#2318=ORIENTED_EDGE('',*,*,#2317,.F.);
#2319=ORIENTED_EDGE('',*,*,#483,.T.);
#2320=EDGE_LOOP('',(#2311,#2312,#2318,#2319));
#2321=FACE_BOUND('',#2320,.T.);
#2322=ADVANCED_FACE('',(#2321),#2310,.F.);
#2323=CARTESIAN_POINT('',(5.26,-51.447438779,19.807459202));
#2324=DIRECTION('',(1.,0.,0.));
#2325=DIRECTION('',(0.,0.,-1.));
#2326=AXIS2_PLACEMENT_3D('',#2323,#2324,#2325);
#2327=PLANE('',#2326);
#2328=ORIENTED_EDGE('',*,*,#514,.T.);
#2329=ORIENTED_EDGE('',*,*,#230,.T.);
#2330=ORIENTED_EDGE('',*,*,#497,.F.);
#2331=CARTESIAN_POINT('',(5.26,-56.747438779,21.657459202));
#2332=DIRECTION('',(0.,0.,-1.));
#2333=VECTOR('',#2332,3.);
#2334=LINE('',#2331,#2333);
#2335=EDGE_CURVE('',#509,#486,#2334,.T.);
#2336=ORIENTED_EDGE('',*,*,#2335,.F.);
#2337=EDGE_LOOP('',(#2328,#2329,#2330,#2336));
#2338=FACE_BOUND('',#2337,.T.);
#2339=ADVANCED_FACE('',(#2338),#2327,.F.);
#2340=CARTESIAN_POINT('',(0.,-56.747438779,5.274639419));
#2341=DIRECTION('',(0.,1.,0.));
#2342=DIRECTION('',(0.,-0.,1.));
#2343=AXIS2_PLACEMENT_3D('',#2340,#2341,#2342);
#2344=PLANE('',#2343);
#2345=ORIENTED_EDGE('',*,*,#2317,.T.);
#2346=ORIENTED_EDGE('',*,*,#522,.T.);
#2347=ORIENTED_EDGE('',*,*,#2335,.T.);
#2348=ORIENTED_EDGE('',*,*,#491,.T.);
#2349=EDGE_LOOP('',(#2345,#2346,#2347,#2348));
#2350=FACE_BOUND('',#2349,.T.);
#2351=ADVANCED_FACE('',(#2350),#2344,.T.);
#2352=CARTESIAN_POINT('',(-72.8099,53.440661221,18.957459202));
#2353=DIRECTION('',(0.,1.,0.));
#2354=DIRECTION('',(0.,-0.,1.));
#2355=AXIS2_PLACEMENT_3D('',#2352,#2353,#2354);
#2356=PLANE('',#2355);
#2357=CARTESIAN_POINT('',(-117.739193141,53.440661221,9.766606155));
#2358=VERTEX_POINT('',#2357);
#2359=CARTESIAN_POINT('',(-117.739193141,53.440661221,6.057459202));
#2360=VERTEX_POINT('',#2359);
#2361=CARTESIAN_POINT('',(-117.739193141,53.440661221,9.766606155));
#2362=DIRECTION('',(-0.,0.,-1.));
#2363=VECTOR('',#2362,3.709146953);
#2364=LINE('',#2361,#2363);
#2365=EDGE_CURVE('',#2358,#2360,#2364,.T.);
#2366=ORIENTED_EDGE('',*,*,#2365,.T.);
#2367=CARTESIAN_POINT('',(-117.639193141,53.440661221,5.757459202));
#2368=VERTEX_POINT('',#2367);
#2369=CARTESIAN_POINT('',(-117.239193141,53.440661221,6.057459202));
#2370=DIRECTION('',(-0.,-1.,-0.));
#2371=DIRECTION('',(0.,-0.,1.));
#2372=AXIS2_PLACEMENT_3D('',#2369,#2370,#2371);
#2373=CIRCLE('',#2372,0.5);
#2374=EDGE_CURVE('',#2360,#2368,#2373,.T.);
#2375=ORIENTED_EDGE('',*,*,#2374,.T.);
#2376=CARTESIAN_POINT('',(141.7198,53.440661221,5.757459202));
#2377=VERTEX_POINT('',#2376);
#2378=CARTESIAN_POINT('',(-117.639193141,53.440661221,5.757459202));
#2379=DIRECTION('',(1.,0.,-0.));
#2380=VECTOR('',#2379,259.358993141);
#2381=LINE('',#2378,#2380);
#2382=EDGE_CURVE('',#2368,#2377,#2381,.T.);
#2383=ORIENTED_EDGE('',*,*,#2382,.T.);
#2384=CARTESIAN_POINT('',(141.7198,53.440661221,17.257459202));
#2385=VERTEX_POINT('',#2384);
#2386=CARTESIAN_POINT('',(141.7198,53.440661221,5.757459202));
#2387=DIRECTION('',(0.,-0.,1.));
#2388=VECTOR('',#2387,11.5);
#2389=LINE('',#2386,#2388);
#2390=EDGE_CURVE('',#2377,#2385,#2389,.T.);
#2391=ORIENTED_EDGE('',*,*,#2390,.T.);
#2392=CARTESIAN_POINT('',(-141.5198,53.440661221,17.257459202));
#2393=VERTEX_POINT('',#2392);
#2394=CARTESIAN_POINT('',(141.7198,53.440661221,17.257459202));
#2395=DIRECTION('',(-1.,0.,0.));
#2396=VECTOR('',#2395,283.2396);
#2397=LINE('',#2394,#2396);
#2398=EDGE_CURVE('',#2385,#2393,#2397,.T.);
#2399=ORIENTED_EDGE('',*,*,#2398,.T.);
#2400=CARTESIAN_POINT('',(-141.5198,53.440661221,5.757459202));
#2401=VERTEX_POINT('',#2400);
#2402=CARTESIAN_POINT('',(-141.5198,53.440661221,17.257459202));
#2403=DIRECTION('',(-0.,0.,-1.));
#2404=VECTOR('',#2403,11.5);
#2405=LINE('',#2402,#2404);
#2406=EDGE_CURVE('',#2393,#2401,#2405,.T.);
#2407=ORIENTED_EDGE('',*,*,#2406,.T.);
#2408=CARTESIAN_POINT('',(-130.239193141,53.440661221,5.757459202));
#2409=VERTEX_POINT('',#2408);
#2410=CARTESIAN_POINT('',(-141.5198,53.440661221,5.757459202));
#2411=DIRECTION('',(1.,0.,-0.));
#2412=VECTOR('',#2411,11.280606859);
#2413=LINE('',#2410,#2412);
#2414=EDGE_CURVE('',#2401,#2409,#2413,.T.);
#2415=ORIENTED_EDGE('',*,*,#2414,.T.);
#2416=CARTESIAN_POINT('',(-130.139193141,53.440661221,6.057459202));
#2417=VERTEX_POINT('',#2416);
#2418=CARTESIAN_POINT('',(-130.639193141,53.440661221,6.057459202));
#2419=DIRECTION('',(-0.,-1.,-0.));
#2420=DIRECTION('',(0.,-0.,1.));
#2421=AXIS2_PLACEMENT_3D('',#2418,#2419,#2420);
#2422=CIRCLE('',#2421,0.5);
#2423=EDGE_CURVE('',#2409,#2417,#2422,.T.);
#2424=ORIENTED_EDGE('',*,*,#2423,.T.);
#2425=CARTESIAN_POINT('',(-130.139193141,53.440661221,9.766606155));
#2426=VERTEX_POINT('',#2425);
#2427=CARTESIAN_POINT('',(-130.139193141,53.440661221,6.057459202));
#2428=DIRECTION('',(0.,-0.,1.));
#2429=VECTOR('',#2428,3.709146953);
#2430=LINE('',#2427,#2429);
#2431=EDGE_CURVE('',#2417,#2426,#2430,.T.);
#2432=ORIENTED_EDGE('',*,*,#2431,.T.);
#2433=CARTESIAN_POINT('',(-127.639193141,53.440661221,12.266606155));
#2434=VERTEX_POINT('',#2433);
#2435=CARTESIAN_POINT('',(-127.639193141,53.440661221,9.766606155));
#2436=DIRECTION('',(0.,1.,0.));
#2437=DIRECTION('',(0.,-0.,1.));
#2438=AXIS2_PLACEMENT_3D('',#2435,#2436,#2437);
#2439=CIRCLE('',#2438,2.5);
#2440=EDGE_CURVE('',#2426,#2434,#2439,.T.);
#2441=ORIENTED_EDGE('',*,*,#2440,.T.);
#2442=CARTESIAN_POINT('',(-120.239193141,53.440661221,12.266606155));
#2443=VERTEX_POINT('',#2442);
#2444=CARTESIAN_POINT('',(-127.639193141,53.440661221,12.266606155));
#2445=DIRECTION('',(1.,0.,-0.));
#2446=VECTOR('',#2445,7.4);
#2447=LINE('',#2444,#2446);
#2448=EDGE_CURVE('',#2434,#2443,#2447,.T.);
#2449=ORIENTED_EDGE('',*,*,#2448,.T.);
#2450=CARTESIAN_POINT('',(-120.239193141,53.440661221,9.766606155));
#2451=DIRECTION('',(0.,1.,0.));
#2452=DIRECTION('',(0.,-0.,1.));
#2453=AXIS2_PLACEMENT_3D('',#2450,#2451,#2452);
#2454=CIRCLE('',#2453,2.5);
#2455=EDGE_CURVE('',#2443,#2358,#2454,.T.);
#2456=ORIENTED_EDGE('',*,*,#2455,.T.);
#2457=EDGE_LOOP('',(#2366,#2375,#2383,#2391,#2399,#2407,#2415,#2424,#2432,#2441,#2449,#2456));
#2458=FACE_BOUND('',#2457,.T.);
#2459=ADVANCED_FACE('',(#2458),#2356,.F.);
#2460=CARTESIAN_POINT('',(-130.139193141,49.740661221,11.067267871));
#2461=DIRECTION('',(-1.,0.,0.));
#2462=DIRECTION('',(0.,-0.,1.));
#2463=AXIS2_PLACEMENT_3D('',#2460,#2461,#2462);
#2464=PLANE('',#2463);
#2465=ORIENTED_EDGE('',*,*,#2431,.F.);
#2466=CARTESIAN_POINT('',(-130.139193141,54.040661221,6.057459202));
#2467=VERTEX_POINT('',#2466);
#2468=CARTESIAN_POINT('',(-130.139193141,53.440661221,6.057459202));
#2469=DIRECTION('',(0.,1.,0.));
#2470=VECTOR('',#2469,0.6);
#2471=LINE('',#2468,#2470);
#2472=EDGE_CURVE('',#2417,#2467,#2471,.T.);
#2473=ORIENTED_EDGE('',*,*,#2472,.T.);
#2474=CARTESIAN_POINT('',(-130.139193141,54.040661221,9.766606155));
#2475=VERTEX_POINT('',#2474);
#2476=CARTESIAN_POINT('',(-130.139193141,54.040661221,6.057459202));
#2477=DIRECTION('',(0.,-0.,1.));
#2478=VECTOR('',#2477,3.709146953);
#2479=LINE('',#2476,#2478);
#2480=EDGE_CURVE('',#2467,#2475,#2479,.T.);
#2481=ORIENTED_EDGE('',*,*,#2480,.T.);
#2482=CARTESIAN_POINT('',(-130.139193141,54.040661221,9.766606155));
#2483=DIRECTION('',(-0.,-1.,-0.));
#2484=VECTOR('',#2483,0.6);
#2485=LINE('',#2482,#2484);
#2486=EDGE_CURVE('',#2475,#2426,#2485,.T.);
#2487=ORIENTED_EDGE('',*,*,#2486,.T.);
#2488=EDGE_LOOP('',(#2465,#2473,#2481,#2487));
#2489=FACE_BOUND('',#2488,.T.);
#2490=ADVANCED_FACE('',(#2489),#2464,.F.);
#2491=CARTESIAN_POINT('',(0.3,54.38710783,5.911012593));
#2492=DIRECTION('',(0.,-0.707106781,0.707106781));
#2493=DIRECTION('',(1.,0.,0.));
#2494=AXIS2_PLACEMENT_3D('',#2491,#2492,#2493);
#2495=PLANE('',#2494);
#2496=ORIENTED_EDGE('',*,*,#1385,.F.);
#2497=CARTESIAN_POINT('',(-117.596282065,54.183572297,5.70747706));
#2498=VERTEX_POINT('',#2497);
#2499=CARTESIAN_POINT('',(-117.239193141,54.533554439,6.057459202));
#2500=DIRECTION('',(-0.,0.707106781,-0.707106781));
#2501=DIRECTION('',(0.,-0.707106781,-0.707106781));
#2502=AXIS2_PLACEMENT_3D('',#2499,#2500,#2501);
#2503=ELLIPSE('',#2502,0.707106781,0.5);
#2504=EDGE_CURVE('',#1372,#2498,#2503,.T.);
#2505=ORIENTED_EDGE('',*,*,#2504,.T.);
#2506=CARTESIAN_POINT('',(-116.039193141,55.740661221,7.264565984));
#2507=VERTEX_POINT('',#2506);
#2508=CARTESIAN_POINT('',(-117.596282065,54.183572297,5.70747706));
#2509=DIRECTION('',(0.577350269,0.577350269,0.577350269));
#2510=VECTOR('',#2509,2.696957129);
#2511=LINE('',#2508,#2510);
#2512=EDGE_CURVE('',#2498,#2507,#2511,.T.);
#2513=ORIENTED_EDGE('',*,*,#2512,.T.);
#2514=CARTESIAN_POINT('',(144.0198,55.740661222,7.264565984));
#2515=VERTEX_POINT('',#2514);
#2516=CARTESIAN_POINT('',(144.0198,55.740661221,7.264565984));
#2517=DIRECTION('',(-1.,-0.,0.));
#2518=VECTOR('',#2517,260.058993141);
#2519=LINE('',#2516,#2518);
#2520=EDGE_CURVE('',#2515,#2507,#2519,.T.);
#2521=ORIENTED_EDGE('',*,*,#2520,.F.);
#2522=CARTESIAN_POINT('',(144.0198,55.740661222,7.264565984));
#2523=DIRECTION('',(-0.,-0.707106781,-0.707106781));
#2524=VECTOR('',#2523,2.414213566);
#2525=LINE('',#2522,#2524);
#2526=EDGE_CURVE('',#2515,#1380,#2525,.T.);
#2527=ORIENTED_EDGE('',*,*,#2526,.T.);
#2528=EDGE_LOOP('',(#2496,#2505,#2513,#2521,#2527));
#2529=FACE_BOUND('',#2528,.T.);
#2530=ADVANCED_FACE('',(#2529),#2495,.F.);
#2531=CARTESIAN_POINT('',(0.3,54.38710783,5.911012593));
#2532=DIRECTION('',(0.,-0.707106781,0.707106781));
#2533=DIRECTION('',(1.,0.,0.));
#2534=AXIS2_PLACEMENT_3D('',#2531,#2532,#2533);
#2535=PLANE('',#2534);
#2536=CARTESIAN_POINT('',(-131.839193141,55.740661221,7.264565984));
#2537=VERTEX_POINT('',#2536);
#2538=CARTESIAN_POINT('',(-130.282104217,54.183572297,5.70747706));
#2539=VERTEX_POINT('',#2538);
#2540=CARTESIAN_POINT('',(-131.839193141,55.740661221,7.264565984));
#2541=DIRECTION('',(0.577350269,-0.577350269,-0.577350269));
#2542=VECTOR('',#2541,2.696957129);
#2543=LINE('',#2540,#2542);
#2544=EDGE_CURVE('',#2537,#2539,#2543,.T.);
#2545=ORIENTED_EDGE('',*,*,#2544,.T.);
#2546=CARTESIAN_POINT('',(-130.639193141,54.533554439,6.057459202));
#2547=DIRECTION('',(-0.,0.707106781,-0.707106781));
#2548=DIRECTION('',(0.,-0.707106781,-0.707106781));
#2549=AXIS2_PLACEMENT_3D('',#2546,#2547,#2548);
#2550=ELLIPSE('',#2549,0.707106781,0.5);
#2551=EDGE_CURVE('',#2539,#1448,#2550,.T.);
#2552=ORIENTED_EDGE('',*,*,#2551,.T.);
#2553=ORIENTED_EDGE('',*,*,#1453,.F.);
#2554=CARTESIAN_POINT('',(-143.4198,55.740661222,7.264565984));
#2555=VERTEX_POINT('',#2554);
#2556=CARTESIAN_POINT('',(-143.4198,54.033554439,5.557459201));
#2557=DIRECTION('',(0.,0.707106781,0.707106781));
#2558=VECTOR('',#2557,2.414213565);
#2559=LINE('',#2556,#2558);
#2560=EDGE_CURVE('',#1439,#2555,#2559,.T.);
#2561=ORIENTED_EDGE('',*,*,#2560,.T.);
#2562=CARTESIAN_POINT('',(-131.839193141,55.740661221,7.264565984));
#2563=DIRECTION('',(-1.,-0.,0.));
#2564=VECTOR('',#2563,11.580606859);
#2565=LINE('',#2562,#2564);
#2566=EDGE_CURVE('',#2537,#2555,#2565,.T.);
#2567=ORIENTED_EDGE('',*,*,#2566,.F.);
#2568=EDGE_LOOP('',(#2545,#2552,#2553,#2561,#2567));
#2569=FACE_BOUND('',#2568,.T.);
#2570=ADVANCED_FACE('',(#2569),#2535,.F.);
#2571=CARTESIAN_POINT('',(-74.8099,55.740661221,18.957459202));
#2572=DIRECTION('',(0.,-1.,-0.));
#2573=DIRECTION('',(0.,0.,-1.));
#2574=AXIS2_PLACEMENT_3D('',#2571,#2572,#2573);
#2575=PLANE('',#2574);
#2576=ORIENTED_EDGE('',*,*,#2520,.T.);
#2577=CARTESIAN_POINT('',(-116.039193141,55.740661221,9.766606155));
#2578=VERTEX_POINT('',#2577);
#2579=CARTESIAN_POINT('',(-116.039193141,55.740661221,7.264565984));
#2580=DIRECTION('',(0.,-0.,1.));
#2581=VECTOR('',#2580,2.502040171);
#2582=LINE('',#2579,#2581);
#2583=EDGE_CURVE('',#2507,#2578,#2582,.T.);
#2584=ORIENTED_EDGE('',*,*,#2583,.T.);
#2585=CARTESIAN_POINT('',(-120.239193141,55.740661221,13.966606155));
#2586=VERTEX_POINT('',#2585);
#2587=CARTESIAN_POINT('',(-120.239193141,55.740661221,9.766606155));
#2588=DIRECTION('',(0.,-1.,-0.));
#2589=DIRECTION('',(0.,0.,-1.));
#2590=AXIS2_PLACEMENT_3D('',#2587,#2588,#2589);
#2591=CIRCLE('',#2590,4.2);
#2592=EDGE_CURVE('',#2578,#2586,#2591,.T.);
#2593=ORIENTED_EDGE('',*,*,#2592,.T.);
#2594=CARTESIAN_POINT('',(-127.639193141,55.740661221,13.966606155));
#2595=VERTEX_POINT('',#2594);
#2596=CARTESIAN_POINT('',(-120.239193141,55.740661221,13.966606155));
#2597=DIRECTION('',(-1.,0.,0.));
#2598=VECTOR('',#2597,7.4);
#2599=LINE('',#2596,#2598);
#2600=EDGE_CURVE('',#2586,#2595,#2599,.T.);
#2601=ORIENTED_EDGE('',*,*,#2600,.T.);
#2602=CARTESIAN_POINT('',(-131.839193141,55.740661221,9.766606155));
#2603=VERTEX_POINT('',#2602);
#2604=CARTESIAN_POINT('',(-127.639193141,55.740661221,9.766606155));
#2605=DIRECTION('',(0.,-1.,-0.));
#2606=DIRECTION('',(0.,0.,-1.));
#2607=AXIS2_PLACEMENT_3D('',#2604,#2605,#2606);
#2608=CIRCLE('',#2607,4.2);
#2609=EDGE_CURVE('',#2595,#2603,#2608,.T.);
#2610=ORIENTED_EDGE('',*,*,#2609,.T.);
#2611=CARTESIAN_POINT('',(-131.839193141,55.740661221,9.766606155));
#2612=DIRECTION('',(0.,0.,-1.));
#2613=VECTOR('',#2612,2.502040171);
#2614=LINE('',#2611,#2613);
#2615=EDGE_CURVE('',#2603,#2537,#2614,.T.);
#2616=ORIENTED_EDGE('',*,*,#2615,.T.);
#2617=ORIENTED_EDGE('',*,*,#2566,.T.);
#2618=CARTESIAN_POINT('',(-143.419799998,55.740661219,21.267509708));
#2619=VERTEX_POINT('',#2618);
#2620=CARTESIAN_POINT('',(-143.4198,55.740661221,7.264565984));
#2621=DIRECTION('',(-0.,-0.,1.));
#2622=VECTOR('',#2621,14.002943724);
#2623=LINE('',#2620,#2622);
#2624=EDGE_CURVE('',#2555,#2619,#2623,.T.);
#2625=ORIENTED_EDGE('',*,*,#2624,.T.);
#2626=CARTESIAN_POINT('',(144.0198,55.740661221,21.267509708));
#2627=VERTEX_POINT('',#2626);
#2628=CARTESIAN_POINT('',(-143.419799998,55.740661221,21.267509708));
#2629=DIRECTION('',(1.,0.,-0.));
#2630=VECTOR('',#2629,287.439599998);
#2631=LINE('',#2628,#2630);
#2632=EDGE_CURVE('',#2619,#2627,#2631,.T.);
#2633=ORIENTED_EDGE('',*,*,#2632,.T.);
#2634=CARTESIAN_POINT('',(144.0198,55.740661221,21.267509708));
#2635=DIRECTION('',(0.,0.,-1.));
#2636=VECTOR('',#2635,14.002943724);
#2637=LINE('',#2634,#2636);
#2638=EDGE_CURVE('',#2627,#2515,#2637,.T.);
#2639=ORIENTED_EDGE('',*,*,#2638,.T.);
#2640=EDGE_LOOP('',(#2576,#2584,#2593,#2601,#2610,#2616,#2617,#2625,#2633,#2639));
#2641=FACE_BOUND('',#2640,.T.);
#2642=ADVANCED_FACE('',(#2641),#2575,.F.);
#2643=CARTESIAN_POINT('',(141.7198,48.440661221,18.957459202));
#2644=DIRECTION('',(0.,-0.,1.));
#2645=DIRECTION('',(1.,0.,0.));
#2646=AXIS2_PLACEMENT_3D('',#2643,#2644,#2645);
#2647=CYLINDRICAL_SURFACE('',#2646,5.);
#2648=ORIENTED_EDGE('',*,*,#803,.F.);
#2649=CARTESIAN_POINT('',(141.7198,48.440661221,17.257459202));
#2650=DIRECTION('',(0.,-0.,1.));
#2651=DIRECTION('',(1.,0.,0.));
#2652=AXIS2_PLACEMENT_3D('',#2649,#2650,#2651);
#2653=CIRCLE('',#2652,5.);
#2654=EDGE_CURVE('',#790,#2385,#2653,.T.);
#2655=ORIENTED_EDGE('',*,*,#2654,.T.);
#2656=ORIENTED_EDGE('',*,*,#2390,.F.);
#2657=CARTESIAN_POINT('',(141.7198,48.440661221,5.757459202));
#2658=DIRECTION('',(0.,0.,-1.));
#2659=DIRECTION('',(-1.,0.,0.));
#2660=AXIS2_PLACEMENT_3D('',#2657,#2658,#2659);
#2661=CIRCLE('',#2660,5.);
#2662=EDGE_CURVE('',#2377,#798,#2661,.T.);
#2663=ORIENTED_EDGE('',*,*,#2662,.T.);
#2664=EDGE_LOOP('',(#2648,#2655,#2656,#2663));
#2665=FACE_BOUND('',#2664,.T.);
#2666=ADVANCED_FACE('',(#2665),#2647,.F.);
#2667=CARTESIAN_POINT('',(-141.5198,48.440661221,18.957459202));
#2668=DIRECTION('',(0.,-0.,1.));
#2669=DIRECTION('',(1.,0.,0.));
#2670=AXIS2_PLACEMENT_3D('',#2667,#2668,#2669);
#2671=CYLINDRICAL_SURFACE('',#2670,5.);
#2672=ORIENTED_EDGE('',*,*,#2406,.F.);
#2673=CARTESIAN_POINT('',(-141.5198,48.440661221,17.257459202));
#2674=DIRECTION('',(0.,-0.,1.));
#2675=DIRECTION('',(1.,0.,0.));
#2676=AXIS2_PLACEMENT_3D('',#2673,#2674,#2675);
#2677=CIRCLE('',#2676,5.);
#2678=EDGE_CURVE('',#2393,#1588,#2677,.T.);
#2679=ORIENTED_EDGE('',*,*,#2678,.T.);
#2680=ORIENTED_EDGE('',*,*,#1593,.F.);
#2681=CARTESIAN_POINT('',(-141.5198,48.440661221,5.757459202));
#2682=DIRECTION('',(0.,0.,-1.));
#2683=DIRECTION('',(-1.,0.,0.));
#2684=AXIS2_PLACEMENT_3D('',#2681,#2682,#2683);
#2685=CIRCLE('',#2684,5.);
#2686=EDGE_CURVE('',#1586,#2401,#2685,.T.);
#2687=ORIENTED_EDGE('',*,*,#2686,.T.);
#2688=EDGE_LOOP('',(#2672,#2679,#2680,#2687));
#2689=FACE_BOUND('',#2688,.T.);
#2690=ADVANCED_FACE('',(#2689),#2671,.F.);
#2691=CARTESIAN_POINT('',(141.9198,44.240661221,-1.142540798));
#2692=DIRECTION('',(0.,-0.,1.));
#2693=DIRECTION('',(1.,0.,0.));
#2694=AXIS2_PLACEMENT_3D('',#2691,#2692,#2693);
#2695=CYLINDRICAL_SURFACE('',#2694,2.);
#2696=ORIENTED_EDGE('',*,*,#633,.F.);
#2697=CARTESIAN_POINT('',(141.9198,44.240661221,17.657459202));
#2698=DIRECTION('',(-0.,-0.,-1.));
#2699=DIRECTION('',(1.,0.,-0.));
#2700=AXIS2_PLACEMENT_3D('',#2697,#2698,#2699);
#2701=CIRCLE('',#2700,2.);
#2702=EDGE_CURVE('',#620,#63,#2701,.T.);
#2703=ORIENTED_EDGE('',*,*,#2702,.T.);
#2704=ORIENTED_EDGE('',*,*,#68,.F.);
#2705=CARTESIAN_POINT('',(141.9198,44.240661221,22.657459202));
#2706=DIRECTION('',(0.,0.,1.));
#2707=DIRECTION('',(1.,0.,-0.));
#2708=AXIS2_PLACEMENT_3D('',#2705,#2706,#2707);
#2709=CIRCLE('',#2708,2.);
#2710=EDGE_CURVE('',#61,#628,#2709,.T.);
#2711=ORIENTED_EDGE('',*,*,#2710,.T.);
#2712=EDGE_LOOP('',(#2696,#2703,#2704,#2711));
#2713=FACE_BOUND('',#2712,.T.);
#2714=ADVANCED_FACE('',(#2713),#2695,.F.);
#2715=CARTESIAN_POINT('',(-141.3198,44.240661221,-1.142540798));
#2716=DIRECTION('',(0.,-0.,1.));
#2717=DIRECTION('',(1.,0.,0.));
#2718=AXIS2_PLACEMENT_3D('',#2715,#2716,#2717);
#2719=CYLINDRICAL_SURFACE('',#2718,2.);
#2720=ORIENTED_EDGE('',*,*,#1345,.F.);
#2721=CARTESIAN_POINT('',(-141.3198,44.240661221,17.657459202));
#2722=DIRECTION('',(-0.,-0.,-1.));
#2723=DIRECTION('',(1.,0.,-0.));
#2724=AXIS2_PLACEMENT_3D('',#2721,#2722,#2723);
#2725=CIRCLE('',#2724,2.);
#2726=EDGE_CURVE('',#1332,#612,#2725,.T.);
#2727=ORIENTED_EDGE('',*,*,#2726,.T.);
#2728=ORIENTED_EDGE('',*,*,#617,.F.);
#2729=CARTESIAN_POINT('',(-141.3198,44.240661221,22.657459202));
#2730=DIRECTION('',(0.,0.,1.));
#2731=DIRECTION('',(1.,0.,-0.));
#2732=AXIS2_PLACEMENT_3D('',#2729,#2730,#2731);
#2733=CIRCLE('',#2732,2.);
#2734=EDGE_CURVE('',#610,#1340,#2733,.T.);
#2735=ORIENTED_EDGE('',*,*,#2734,.T.);
#2736=EDGE_LOOP('',(#2720,#2727,#2728,#2735));
#2737=FACE_BOUND('',#2736,.T.);
#2738=ADVANCED_FACE('',(#2737),#2719,.F.);
#2739=CARTESIAN_POINT('',(144.0198,48.740661221,18.957459202));
#2740=DIRECTION('',(0.,0.,-1.));
#2741=DIRECTION('',(-1.,0.,0.));
#2742=AXIS2_PLACEMENT_3D('',#2739,#2740,#2741);
#2743=CYLINDRICAL_SURFACE('',#2742,7.);
#2744=CARTESIAN_POINT('',(144.0198,48.740661221,7.264565985));
#2745=DIRECTION('',(-0.,-0.,1.));
#2746=DIRECTION('',(-1.,0.,0.));
#2747=AXIS2_PLACEMENT_3D('',#2744,#2745,#2746);
#2748=CIRCLE('',#2747,7.);
#2749=EDGE_CURVE('',#1244,#2515,#2748,.T.);
#2750=ORIENTED_EDGE('',*,*,#2749,.T.);
#2751=ORIENTED_EDGE('',*,*,#2638,.F.);
#2752=CARTESIAN_POINT('',(144.0198,48.740661221,21.267509708));
#2753=DIRECTION('',(0.,0.,-1.));
#2754=DIRECTION('',(-1.,0.,0.));
#2755=AXIS2_PLACEMENT_3D('',#2752,#2753,#2754);
#2756=CIRCLE('',#2755,7.);
#2757=EDGE_CURVE('',#2627,#1252,#2756,.T.);
#2758=ORIENTED_EDGE('',*,*,#2757,.T.);
#2759=ORIENTED_EDGE('',*,*,#1257,.F.);
#2760=EDGE_LOOP('',(#2750,#2751,#2758,#2759));
#2761=FACE_BOUND('',#2760,.T.);
#2762=ADVANCED_FACE('',(#2761),#2743,.T.);
#2763=CARTESIAN_POINT('',(-143.4198,48.740661221,18.957459202));
#2764=DIRECTION('',(0.,-0.,1.));
#2765=DIRECTION('',(1.,0.,0.));
#2766=AXIS2_PLACEMENT_3D('',#2763,#2764,#2765);
#2767=CYLINDRICAL_SURFACE('',#2766,7.);
#2768=ORIENTED_EDGE('',*,*,#1305,.F.);
#2769=CARTESIAN_POINT('',(-143.4198,48.740661221,21.267509708));
#2770=DIRECTION('',(-0.,0.,-1.));
#2771=DIRECTION('',(1.,0.,0.));
#2772=AXIS2_PLACEMENT_3D('',#2769,#2770,#2771);
#2773=CIRCLE('',#2772,7.);
#2774=EDGE_CURVE('',#1292,#2619,#2773,.T.);
#2775=ORIENTED_EDGE('',*,*,#2774,.T.);
#2776=ORIENTED_EDGE('',*,*,#2624,.F.);
#2777=CARTESIAN_POINT('',(-143.4198,48.740661221,7.264565985));
#2778=DIRECTION('',(0.,-0.,1.));
#2779=DIRECTION('',(1.,0.,0.));
#2780=AXIS2_PLACEMENT_3D('',#2777,#2778,#2779);
#2781=CIRCLE('',#2780,7.);
#2782=EDGE_CURVE('',#2555,#1300,#2781,.T.);
#2783=ORIENTED_EDGE('',*,*,#2782,.T.);
#2784=EDGE_LOOP('',(#2768,#2775,#2776,#2783));
#2785=FACE_BOUND('',#2784,.T.);
#2786=ADVANCED_FACE('',(#2785),#2767,.T.);
#2787=CARTESIAN_POINT('',(146.2198,16.996611221,2.057459202));
#2788=DIRECTION('',(0.,1.,0.));
#2789=DIRECTION('',(-1.,0.,0.));
#2790=AXIS2_PLACEMENT_3D('',#2787,#2788,#2789);
#2791=PLANE('',#2790);
#2792=ORIENTED_EDGE('',*,*,#1134,.F.);
#2793=CARTESIAN_POINT('',(146.5198,16.996611221,17.457459202));
#2794=DIRECTION('',(0.707106781,0.,-0.707106781));
#2795=VECTOR('',#2794,0.282842712);
#2796=LINE('',#2793,#2795);
#2797=EDGE_CURVE('',#1123,#782,#2796,.T.);
#2798=ORIENTED_EDGE('',*,*,#2797,.T.);
#2799=ORIENTED_EDGE('',*,*,#787,.F.);
#2800=CARTESIAN_POINT('',(144.4198,16.996611221,5.757459202));
#2801=VERTEX_POINT('',#2800);
#2802=CARTESIAN_POINT('',(146.7198,16.996611221,5.757459202));
#2803=DIRECTION('',(-1.,0.,0.));
#2804=VECTOR('',#2803,2.3);
#2805=LINE('',#2802,#2804);
#2806=EDGE_CURVE('',#780,#2801,#2805,.T.);
#2807=ORIENTED_EDGE('',*,*,#2806,.T.);
#2808=CARTESIAN_POINT('',(144.4198,16.996611221,5.757459202));
#2809=DIRECTION('',(0.,-0.,1.));
#2810=VECTOR('',#2809,11.7);
#2811=LINE('',#2808,#2810);
#2812=EDGE_CURVE('',#2801,#885,#2811,.T.);
#2813=ORIENTED_EDGE('',*,*,#2812,.T.);
#2814=EDGE_LOOP('',(#2792,#2798,#2799,#2807,#2813));
#2815=FACE_BOUND('',#2814,.T.);
#2816=ADVANCED_FACE('',(#2815),#2791,.T.);
#2817=CARTESIAN_POINT('',(144.4198,16.996611221,2.057459202));
#2818=DIRECTION('',(0.707106781,-0.707106781,-0.));
#2819=DIRECTION('',(0.,-0.,1.));
#2820=AXIS2_PLACEMENT_3D('',#2817,#2818,#2819);
#2821=PLANE('',#2820);
#2822=ORIENTED_EDGE('',*,*,#84,.F.);
#2823=CARTESIAN_POINT('',(143.9198,16.496611221,17.657459202));
#2824=DIRECTION('',(0.577350269,0.577350269,-0.577350269));
#2825=VECTOR('',#2824,0.346410162);
#2826=LINE('',#2823,#2825);
#2827=EDGE_CURVE('',#71,#887,#2826,.T.);
#2828=ORIENTED_EDGE('',*,*,#2827,.T.);
#2829=ORIENTED_EDGE('',*,*,#892,.F.);
#2830=ORIENTED_EDGE('',*,*,#2812,.F.);
#2831=CARTESIAN_POINT('',(144.4198,16.996611221,5.757459202));
#2832=DIRECTION('',(-0.707106781,-0.707106781,-0.));
#2833=VECTOR('',#2832,0.707106781);
#2834=LINE('',#2831,#2833);
#2835=EDGE_CURVE('',#2801,#79,#2834,.T.);
#2836=ORIENTED_EDGE('',*,*,#2835,.T.);
#2837=EDGE_LOOP('',(#2822,#2828,#2829,#2830,#2836));
#2838=FACE_BOUND('',#2837,.T.);
#2839=ADVANCED_FACE('',(#2838),#2821,.F.);
#2840=CARTESIAN_POINT('',(-123.989193141,49.740661221,12.266606155));
#2841=DIRECTION('',(0.,-0.,1.));
#2842=DIRECTION('',(1.,0.,0.));
#2843=AXIS2_PLACEMENT_3D('',#2840,#2841,#2842);
#2844=PLANE('',#2843);
#2845=CARTESIAN_POINT('',(-127.639193141,54.040661221,12.266606155));
#2846=VERTEX_POINT('',#2845);
#2847=CARTESIAN_POINT('',(-127.639193141,53.440661221,12.266606155));
#2848=DIRECTION('',(0.,1.,0.));
#2849=VECTOR('',#2848,0.6);
#2850=LINE('',#2847,#2849);
#2851=EDGE_CURVE('',#2434,#2846,#2850,.T.);
#2852=ORIENTED_EDGE('',*,*,#2851,.T.);
#2853=CARTESIAN_POINT('',(-120.239193141,54.040661221,12.266606155));
#2854=VERTEX_POINT('',#2853);
#2855=CARTESIAN_POINT('',(-127.639193141,54.040661221,12.266606155));
#2856=DIRECTION('',(1.,0.,-0.));
#2857=VECTOR('',#2856,7.4);
#2858=LINE('',#2855,#2857);
#2859=EDGE_CURVE('',#2846,#2854,#2858,.T.);
#2860=ORIENTED_EDGE('',*,*,#2859,.T.);
#2861=CARTESIAN_POINT('',(-120.239193141,54.040661221,12.266606155));
#2862=DIRECTION('',(-0.,-1.,-0.));
#2863=VECTOR('',#2862,0.6);
#2864=LINE('',#2861,#2863);
#2865=EDGE_CURVE('',#2854,#2443,#2864,.T.);
#2866=ORIENTED_EDGE('',*,*,#2865,.T.);
#2867=ORIENTED_EDGE('',*,*,#2448,.F.);
#2868=EDGE_LOOP('',(#2852,#2860,#2866,#2867));
#2869=FACE_BOUND('',#2868,.T.);
#2870=ADVANCED_FACE('',(#2869),#2844,.F.);
#2871=CARTESIAN_POINT('',(-117.739193141,49.740661221,11.067267871));
#2872=DIRECTION('',(1.,0.,0.));
#2873=DIRECTION('',(0.,0.,-1.));
#2874=AXIS2_PLACEMENT_3D('',#2871,#2872,#2873);
#2875=PLANE('',#2874);
#2876=CARTESIAN_POINT('',(-117.739193141,54.040661221,9.766606155));
#2877=VERTEX_POINT('',#2876);
#2878=CARTESIAN_POINT('',(-117.739193141,54.040661221,6.057459202));
#2879=VERTEX_POINT('',#2878);
#2880=CARTESIAN_POINT('',(-117.739193141,54.040661221,9.766606155));
#2881=DIRECTION('',(0.,0.,-1.));
#2882=VECTOR('',#2881,3.709146953);
#2883=LINE('',#2880,#2882);
#2884=EDGE_CURVE('',#2877,#2879,#2883,.T.);
#2885=ORIENTED_EDGE('',*,*,#2884,.T.);
#2886=CARTESIAN_POINT('',(-117.739193141,54.040661221,6.057459202));
#2887=DIRECTION('',(-0.,-1.,-0.));
#2888=VECTOR('',#2887,0.6);
#2889=LINE('',#2886,#2888);
#2890=EDGE_CURVE('',#2879,#2360,#2889,.T.);
#2891=ORIENTED_EDGE('',*,*,#2890,.T.);
#2892=ORIENTED_EDGE('',*,*,#2365,.F.);
#2893=CARTESIAN_POINT('',(-117.739193141,53.440661221,9.766606155));
#2894=DIRECTION('',(0.,1.,0.));
#2895=VECTOR('',#2894,0.6);
#2896=LINE('',#2893,#2895);
#2897=EDGE_CURVE('',#2358,#2877,#2896,.T.);
#2898=ORIENTED_EDGE('',*,*,#2897,.T.);
#2899=EDGE_LOOP('',(#2885,#2891,#2892,#2898));
#2900=FACE_BOUND('',#2899,.T.);
#2901=ADVANCED_FACE('',(#2900),#2875,.F.);
#2902=CARTESIAN_POINT('',(-120.239193141,49.740661221,9.766606155));
#2903=DIRECTION('',(0.,-1.,-0.));
#2904=DIRECTION('',(0.,0.,-1.));
#2905=AXIS2_PLACEMENT_3D('',#2902,#2903,#2904);
#2906=CYLINDRICAL_SURFACE('',#2905,2.5);
#2907=ORIENTED_EDGE('',*,*,#2865,.F.);
#2908=CARTESIAN_POINT('',(-120.239193141,54.040661221,9.766606155));
#2909=DIRECTION('',(-0.,1.,0.));
#2910=DIRECTION('',(0.,0.,-1.));
#2911=AXIS2_PLACEMENT_3D('',#2908,#2909,#2910);
#2912=CIRCLE('',#2911,2.5);
#2913=EDGE_CURVE('',#2854,#2877,#2912,.T.);
#2914=ORIENTED_EDGE('',*,*,#2913,.T.);
#2915=ORIENTED_EDGE('',*,*,#2897,.F.);
#2916=ORIENTED_EDGE('',*,*,#2455,.F.);
#2917=EDGE_LOOP('',(#2907,#2914,#2915,#2916));
#2918=FACE_BOUND('',#2917,.T.);
#2919=ADVANCED_FACE('',(#2918),#2906,.F.);
#2920=CARTESIAN_POINT('',(-127.639193141,49.740661221,9.766606155));
#2921=DIRECTION('',(0.,-1.,-0.));
#2922=DIRECTION('',(0.,0.,-1.));
#2923=AXIS2_PLACEMENT_3D('',#2920,#2921,#2922);
#2924=CYLINDRICAL_SURFACE('',#2923,2.5);
#2925=ORIENTED_EDGE('',*,*,#2486,.F.);
#2926=CARTESIAN_POINT('',(-127.639193141,54.040661221,9.766606155));
#2927=DIRECTION('',(-0.,1.,0.));
#2928=DIRECTION('',(0.,0.,-1.));
#2929=AXIS2_PLACEMENT_3D('',#2926,#2927,#2928);
#2930=CIRCLE('',#2929,2.5);
#2931=EDGE_CURVE('',#2475,#2846,#2930,.T.);
#2932=ORIENTED_EDGE('',*,*,#2931,.T.);
#2933=ORIENTED_EDGE('',*,*,#2851,.F.);
#2934=ORIENTED_EDGE('',*,*,#2440,.F.);
#2935=EDGE_LOOP('',(#2925,#2932,#2933,#2934));
#2936=FACE_BOUND('',#2935,.T.);
#2937=ADVANCED_FACE('',(#2936),#2924,.F.);
#2938=CARTESIAN_POINT('',(126.429906052,47.252561221,26.957459202));
#2939=DIRECTION('',(1.,0.,0.));
#2940=DIRECTION('',(0.,0.,-1.));
#2941=AXIS2_PLACEMENT_3D('',#2938,#2939,#2940);
#2942=PLANE('',#2941);
#2943=ORIENTED_EDGE('',*,*,#659,.F.);
#2944=CARTESIAN_POINT('',(126.429906052,52.740661221,18.657459202));
#2945=VERTEX_POINT('',#2944);
#2946=CARTESIAN_POINT('',(126.429906052,52.740661221,18.657459202));
#2947=DIRECTION('',(0.,-1.,-0.));
#2948=VECTOR('',#2947,6.5);
#2949=LINE('',#2946,#2948);
#2950=EDGE_CURVE('',#2945,#646,#2949,.T.);
#2951=ORIENTED_EDGE('',*,*,#2950,.F.);
#2952=CARTESIAN_POINT('',(126.429906052,52.740661221,21.657459202));
#2953=VERTEX_POINT('',#2952);
#2954=CARTESIAN_POINT('',(126.429906052,52.740661221,18.657459202));
#2955=DIRECTION('',(0.,-0.,1.));
#2956=VECTOR('',#2955,3.);
#2957=LINE('',#2954,#2956);
#2958=EDGE_CURVE('',#2945,#2953,#2957,.T.);
#2959=ORIENTED_EDGE('',*,*,#2958,.T.);
#2960=CARTESIAN_POINT('',(126.429906052,52.740661221,21.657459202));
#2961=DIRECTION('',(0.,-1.,-0.));
#2962=VECTOR('',#2961,6.5);
#2963=LINE('',#2960,#2962);
#2964=EDGE_CURVE('',#2953,#654,#2963,.T.);
#2965=ORIENTED_EDGE('',*,*,#2964,.T.);
#2966=EDGE_LOOP('',(#2943,#2951,#2959,#2965));
#2967=FACE_BOUND('',#2966,.T.);
#2968=ADVANCED_FACE('',(#2967),#2942,.T.);
#2969=CARTESIAN_POINT('',(131.469906052,47.252561221,21.657459202));
#2970=DIRECTION('',(0.,0.,-1.));
#2971=DIRECTION('',(-1.,0.,0.));
#2972=AXIS2_PLACEMENT_3D('',#2969,#2970,#2971);
#2973=PLANE('',#2972);
#2974=CARTESIAN_POINT('',(136.509906052,52.740661221,21.657459202));
#2975=VERTEX_POINT('',#2974);
#2976=CARTESIAN_POINT('',(136.509906052,52.740661221,21.657459202));
#2977=DIRECTION('',(0.,-1.,-0.));
#2978=VECTOR('',#2977,6.5);
#2979=LINE('',#2976,#2978);
#2980=EDGE_CURVE('',#2975,#662,#2979,.T.);
#2981=ORIENTED_EDGE('',*,*,#2980,.T.);
#2982=ORIENTED_EDGE('',*,*,#667,.F.);
#2983=ORIENTED_EDGE('',*,*,#2964,.F.);
#2984=CARTESIAN_POINT('',(126.429906052,52.740661221,21.657459202));
#2985=DIRECTION('',(1.,0.,-0.));
#2986=VECTOR('',#2985,10.08);
#2987=LINE('',#2984,#2986);
#2988=EDGE_CURVE('',#2953,#2975,#2987,.T.);
#2989=ORIENTED_EDGE('',*,*,#2988,.T.);
#2990=EDGE_LOOP('',(#2981,#2982,#2983,#2989));
#2991=FACE_BOUND('',#2990,.T.);
#2992=ADVANCED_FACE('',(#2991),#2973,.T.);
#2993=CARTESIAN_POINT('',(136.509906052,47.252561221,26.957459202));
#2994=DIRECTION('',(-1.,0.,0.));
#2995=DIRECTION('',(0.,-0.,1.));
#2996=AXIS2_PLACEMENT_3D('',#2993,#2994,#2995);
#2997=PLANE('',#2996);
#2998=ORIENTED_EDGE('',*,*,#673,.F.);
#2999=ORIENTED_EDGE('',*,*,#2980,.F.);
#3000=CARTESIAN_POINT('',(136.509906052,52.740661221,18.657459202));
#3001=VERTEX_POINT('',#3000);
#3002=CARTESIAN_POINT('',(136.509906052,52.740661221,21.657459202));
#3003=DIRECTION('',(0.,0.,-1.));
#3004=VECTOR('',#3003,3.);
#3005=LINE('',#3002,#3004);
#3006=EDGE_CURVE('',#2975,#3001,#3005,.T.);
#3007=ORIENTED_EDGE('',*,*,#3006,.T.);
#3008=CARTESIAN_POINT('',(136.509906052,52.740661221,18.657459202));
#3009=DIRECTION('',(0.,-1.,-0.));
#3010=VECTOR('',#3009,6.5);
#3011=LINE('',#3008,#3010);
#3012=EDGE_CURVE('',#3001,#644,#3011,.T.);
#3013=ORIENTED_EDGE('',*,*,#3012,.T.);
#3014=EDGE_LOOP('',(#2998,#2999,#3007,#3013));
#3015=FACE_BOUND('',#3014,.T.);
#3016=ADVANCED_FACE('',(#3015),#2997,.T.);
#3017=CARTESIAN_POINT('',(131.469906052,47.252561221,18.657459202));
#3018=DIRECTION('',(0.,-0.,1.));
#3019=DIRECTION('',(1.,0.,0.));
#3020=AXIS2_PLACEMENT_3D('',#3017,#3018,#3019);
#3021=PLANE('',#3020);
#3022=ORIENTED_EDGE('',*,*,#2950,.T.);
#3023=ORIENTED_EDGE('',*,*,#651,.F.);
#3024=ORIENTED_EDGE('',*,*,#3012,.F.);
#3025=CARTESIAN_POINT('',(136.509906052,52.740661221,18.657459202));
#3026=DIRECTION('',(-1.,0.,0.));
#3027=VECTOR('',#3026,10.08);
#3028=LINE('',#3025,#3027);
#3029=EDGE_CURVE('',#3001,#2945,#3028,.T.);
#3030=ORIENTED_EDGE('',*,*,#3029,.T.);
#3031=EDGE_LOOP('',(#3022,#3023,#3024,#3030));
#3032=FACE_BOUND('',#3031,.T.);
#3033=ADVANCED_FACE('',(#3032),#3021,.T.);
#3034=CARTESIAN_POINT('',(6.,52.740661221,4.157459202));
#3035=DIRECTION('',(0.,1.,0.));
#3036=DIRECTION('',(0.,-0.,1.));
#3037=AXIS2_PLACEMENT_3D('',#3034,#3035,#3036);
#3038=PLANE('',#3037);
#3039=ORIENTED_EDGE('',*,*,#2958,.F.);
#3040=ORIENTED_EDGE('',*,*,#3029,.F.);
#3041=ORIENTED_EDGE('',*,*,#3006,.F.);
#3042=ORIENTED_EDGE('',*,*,#2988,.F.);
#3043=EDGE_LOOP('',(#3039,#3040,#3041,#3042));
#3044=FACE_BOUND('',#3043,.T.);
#3045=ADVANCED_FACE('',(#3044),#3038,.F.);
#3046=CARTESIAN_POINT('',(-143.4198,48.740661221,6.911012593));
#3047=DIRECTION('',(0.,-0.,1.));
#3048=DIRECTION('',(1.,0.,0.));
#3049=AXIS2_PLACEMENT_3D('',#3046,#3047,#3048);
#3050=CONICAL_SURFACE('',#3049,6.646446609,44.999999898);
#3051=ORIENTED_EDGE('',*,*,#1965,.T.);
#3052=ORIENTED_EDGE('',*,*,#2782,.F.);
#3053=ORIENTED_EDGE('',*,*,#2560,.F.);
#3054=ORIENTED_EDGE('',*,*,#1445,.F.);
#3055=EDGE_LOOP('',(#3051,#3052,#3053,#3054));
#3056=FACE_BOUND('',#3055,.T.);
#3057=ADVANCED_FACE('',(#3056),#3050,.T.);
#3058=CARTESIAN_POINT('',(144.0198,48.740661221,6.911012593));
#3059=DIRECTION('',(0.,-0.,1.));
#3060=DIRECTION('',(1.,0.,0.));
#3061=AXIS2_PLACEMENT_3D('',#3058,#3059,#3060);
#3062=CONICAL_SURFACE('',#3061,6.646446609,44.999999898);
#3063=ORIENTED_EDGE('',*,*,#1945,.T.);
#3064=ORIENTED_EDGE('',*,*,#1394,.F.);
#3065=ORIENTED_EDGE('',*,*,#2526,.F.);
#3066=ORIENTED_EDGE('',*,*,#2749,.F.);
#3067=EDGE_LOOP('',(#3063,#3064,#3065,#3066));
#3068=FACE_BOUND('',#3067,.T.);
#3069=ADVANCED_FACE('',(#3068),#3062,.T.);
#3070=CARTESIAN_POINT('',(144.0198,48.740661221,22.762484455));
#3071=DIRECTION('',(0.,0.,-1.));
#3072=DIRECTION('',(-1.,0.,0.));
#3073=AXIS2_PLACEMENT_3D('',#3070,#3071,#3072);
#3074=CONICAL_SURFACE('',#3073,5.505025253,44.999999898);
#3075=ORIENTED_EDGE('',*,*,#2057,.T.);
#3076=ORIENTED_EDGE('',*,*,#2757,.F.);
#3077=CARTESIAN_POINT('',(144.0198,53.750711727,23.257459203));
#3078=DIRECTION('',(-0.,0.707106781,-0.707106781));
#3079=VECTOR('',#3078,2.814213564);
#3080=LINE('',#3077,#3079);
#3081=EDGE_CURVE('',#411,#2627,#3080,.T.);
#3082=ORIENTED_EDGE('',*,*,#3081,.F.);
#3083=ORIENTED_EDGE('',*,*,#417,.F.);
#3084=EDGE_LOOP('',(#3075,#3076,#3082,#3083));
#3085=FACE_BOUND('',#3084,.T.);
#3086=ADVANCED_FACE('',(#3085),#3074,.T.);
#3087=CARTESIAN_POINT('',(-74.8099,55.245686474,21.762484455));
#3088=DIRECTION('',(0.,0.707106781,0.707106781));
#3089=DIRECTION('',(-1.,0.,0.));
#3090=AXIS2_PLACEMENT_3D('',#3087,#3088,#3089);
#3091=PLANE('',#3090);
#3092=CARTESIAN_POINT('',(-143.4198,53.750711727,23.257459203));
#3093=CARTESIAN_POINT('',(-143.419799995,55.740661219,21.267509711));
#3094=B_SPLINE_CURVE_WITH_KNOTS('',1,(#3092,#3093),.UNSPECIFIED.,.F.,.F.,(2,2),(0.,1.),.UNSPECIFIED.);
#3095=EDGE_CURVE('',#420,#2619,#3094,.T.);
#3096=ORIENTED_EDGE('',*,*,#3095,.F.);
#3097=ORIENTED_EDGE('',*,*,#425,.F.);
#3098=ORIENTED_EDGE('',*,*,#3081,.T.);
#3099=ORIENTED_EDGE('',*,*,#2632,.F.);
#3100=EDGE_LOOP('',(#3096,#3097,#3098,#3099));
#3101=FACE_BOUND('',#3100,.T.);
#3102=ADVANCED_FACE('',(#3101),#3091,.T.);
#3103=CARTESIAN_POINT('',(-143.4198,48.740661221,22.762484455));
#3104=DIRECTION('',(0.,0.,-1.));
#3105=DIRECTION('',(-1.,0.,0.));
#3106=AXIS2_PLACEMENT_3D('',#3103,#3104,#3105);
#3107=CONICAL_SURFACE('',#3106,5.505025253,44.999999898);
#3108=ORIENTED_EDGE('',*,*,#434,.F.);
#3109=ORIENTED_EDGE('',*,*,#3095,.T.);
#3110=ORIENTED_EDGE('',*,*,#2774,.F.);
#3111=ORIENTED_EDGE('',*,*,#2037,.F.);
#3112=EDGE_LOOP('',(#3108,#3109,#3110,#3111));
#3113=FACE_BOUND('',#3112,.T.);
#3114=ADVANCED_FACE('',(#3113),#3107,.T.);
#3115=CARTESIAN_POINT('',(-143.8198,39.718636221,9.087459202));
#3116=DIRECTION('',(0.,1.,0.));
#3117=DIRECTION('',(0.,-0.,1.));
#3118=AXIS2_PLACEMENT_3D('',#3115,#3116,#3117);
#3119=PLANE('',#3118);
#3120=CARTESIAN_POINT('',(-145.226906781,39.718636221,8.487459202));
#3121=VERTEX_POINT('',#3120);
#3122=CARTESIAN_POINT('',(-146.5198,39.718636221,9.780352421));
#3123=DIRECTION('',(0.707106781,0.,-0.707106781));
#3124=VECTOR('',#3123,1.828427125);
#3125=LINE('',#3122,#3124);
#3126=EDGE_CURVE('',#1703,#3121,#3125,.T.);
#3127=ORIENTED_EDGE('',*,*,#3126,.T.);
#3128=CARTESIAN_POINT('',(-145.226906781,39.718636221,8.487459202));
#3129=DIRECTION('',(-1.,-0.,0.));
#3130=VECTOR('',#3129,1.292893219);
#3131=LINE('',#3128,#3130);
#3132=EDGE_CURVE('',#3121,#1711,#3131,.T.);
#3133=ORIENTED_EDGE('',*,*,#3132,.T.);
#3134=ORIENTED_EDGE('',*,*,#1716,.F.);
#3135=EDGE_LOOP('',(#3127,#3133,#3134));
#3136=FACE_BOUND('',#3135,.T.);
#3137=ADVANCED_FACE('',(#3136),#3119,.T.);
#3138=CARTESIAN_POINT('',(-143.8198,9.718636221,9.087459202));
#3139=DIRECTION('',(0.,-1.,-0.));
#3140=DIRECTION('',(0.,0.,-1.));
#3141=AXIS2_PLACEMENT_3D('',#3138,#3139,#3140);
#3142=PLANE('',#3141);
#3143=ORIENTED_EDGE('',*,*,#1684,.F.);
#3144=CARTESIAN_POINT('',(-145.226906781,9.718636221,8.487459202));
#3145=VERTEX_POINT('',#3144);
#3146=CARTESIAN_POINT('',(-146.5198,9.718636221,8.487459202));
#3147=DIRECTION('',(1.,0.,-0.));
#3148=VECTOR('',#3147,1.292893219);
#3149=LINE('',#3146,#3148);
#3150=EDGE_CURVE('',#1677,#3145,#3149,.T.);
#3151=ORIENTED_EDGE('',*,*,#3150,.T.);
#3152=CARTESIAN_POINT('',(-145.226906781,9.718636221,8.487459202));
#3153=DIRECTION('',(-0.707106781,-0.,0.707106781));
#3154=VECTOR('',#3153,1.828427125);
#3155=LINE('',#3152,#3154);
#3156=EDGE_CURVE('',#3145,#1679,#3155,.T.);
#3157=ORIENTED_EDGE('',*,*,#3156,.T.);
#3158=EDGE_LOOP('',(#3143,#3151,#3157));
#3159=FACE_BOUND('',#3158,.T.);
#3160=ADVANCED_FACE('',(#3159),#3142,.T.);
#3161=CARTESIAN_POINT('',(-143.8198,24.418636221,7.987459202));
#3162=DIRECTION('',(0.,0.,-1.));
#3163=DIRECTION('',(-1.,0.,0.));
#3164=AXIS2_PLACEMENT_3D('',#3161,#3162,#3163);
#3165=PLANE('',#3164);
#3166=CARTESIAN_POINT('',(-143.736957288,39.01863622,7.987459202));
#3167=VERTEX_POINT('',#3166);
#3168=CARTESIAN_POINT('',(-143.736957288,10.418636222,7.987459202));
#3169=VERTEX_POINT('',#3168);
#3170=CARTESIAN_POINT('',(-143.736957288,39.01863622,7.987459202));
#3171=DIRECTION('',(-0.,-1.,-0.));
#3172=VECTOR('',#3171,28.599999999);
#3173=LINE('',#3170,#3172);
#3174=EDGE_CURVE('',#3167,#3169,#3173,.T.);
#3175=ORIENTED_EDGE('',*,*,#3174,.T.);
#3176=CARTESIAN_POINT('',(-144.0198,10.218636221,7.987459202));
#3177=VERTEX_POINT('',#3176);
#3178=CARTESIAN_POINT('',(-144.019800001,10.218636222,7.987459202));
#3179=DIRECTION('',(0.81649658,0.57735027,0.000000001));
#3180=VECTOR('',#3179,0.346410162);
#3181=LINE('',#3178,#3180);
#3182=EDGE_CURVE('',#3177,#3169,#3181,.T.);
#3183=ORIENTED_EDGE('',*,*,#3182,.F.);
#3184=CARTESIAN_POINT('',(-144.0198,10.218636221,7.987459202));
#3185=DIRECTION('',(-1.,0.,0.));
#3186=VECTOR('',#3185,2.5);
#3187=LINE('',#3184,#3186);
#3188=EDGE_CURVE('',#3177,#1727,#3187,.T.);
#3189=ORIENTED_EDGE('',*,*,#3188,.T.);
#3190=ORIENTED_EDGE('',*,*,#1732,.F.);
#3191=CARTESIAN_POINT('',(-144.019800001,39.218636221,7.987459202));
#3192=VERTEX_POINT('',#3191);
#3193=CARTESIAN_POINT('',(-146.5198,39.218636221,7.987459202));
#3194=DIRECTION('',(1.,-0.,-0.));
#3195=VECTOR('',#3194,2.499999999);
#3196=LINE('',#3193,#3195);
#3197=EDGE_CURVE('',#1719,#3192,#3196,.T.);
#3198=ORIENTED_EDGE('',*,*,#3197,.T.);
#3199=CARTESIAN_POINT('',(-144.019800001,39.218636221,7.987459202));
#3200=DIRECTION('',(0.81649658,-0.57735027,-0.));
#3201=VECTOR('',#3200,0.346410163);
#3202=LINE('',#3199,#3201);
#3203=EDGE_CURVE('',#3192,#3167,#3202,.T.);
#3204=ORIENTED_EDGE('',*,*,#3203,.T.);
#3205=EDGE_LOOP('',(#3175,#3183,#3189,#3190,#3198,#3204));
#3206=FACE_BOUND('',#3205,.T.);
#3207=ADVANCED_FACE('',(#3206),#3165,.T.);
#3208=CARTESIAN_POINT('',(-146.278378644,24.718636221,10.528880559));
#3209=DIRECTION('',(-0.707106781,0.,-0.707106781));
#3210=DIRECTION('',(0.,1.,0.));
#3211=AXIS2_PLACEMENT_3D('',#3208,#3209,#3210);
#3212=PLANE('',#3211);
#3213=ORIENTED_EDGE('',*,*,#1700,.F.);
#3214=CARTESIAN_POINT('',(-146.5198,10.418636221,10.770301915));
#3215=DIRECTION('',(0.707106781,0.,-0.707106781));
#3216=VECTOR('',#3215,3.935533906);
#3217=LINE('',#3214,#3216);
#3218=EDGE_CURVE('',#1687,#3169,#3217,.T.);
#3219=ORIENTED_EDGE('',*,*,#3218,.T.);
#3220=ORIENTED_EDGE('',*,*,#3174,.F.);
#3221=CARTESIAN_POINT('',(-143.736957287,39.01863622,7.987459202));
#3222=DIRECTION('',(-0.707106781,-0.,0.707106781));
#3223=VECTOR('',#3222,3.935533906);
#3224=LINE('',#3221,#3223);
#3225=EDGE_CURVE('',#3167,#1695,#3224,.T.);
#3226=ORIENTED_EDGE('',*,*,#3225,.T.);
#3227=EDGE_LOOP('',(#3213,#3219,#3220,#3226));
#3228=FACE_BOUND('',#3227,.T.);
#3229=ADVANCED_FACE('',(#3228),#3212,.F.);
#3230=CARTESIAN_POINT('',(-144.823353391,9.718636221,8.083905811));
#3231=DIRECTION('',(0.5,-0.707106781,0.5));
#3232=DIRECTION('',(0.707106781,-0.,-0.707106781));
#3233=AXIS2_PLACEMENT_3D('',#3230,#3231,#3232);
#3234=PLANE('',#3233);
#3235=ORIENTED_EDGE('',*,*,#1692,.F.);
#3236=ORIENTED_EDGE('',*,*,#3156,.F.);
#3237=CARTESIAN_POINT('',(-144.0198,10.218636221,7.987459202));
#3238=DIRECTION('',(-0.862856209,-0.357406744,0.357406744));
#3239=VECTOR('',#3238,1.398966326);
#3240=LINE('',#3237,#3239);
#3241=EDGE_CURVE('',#3177,#3145,#3240,.T.);
#3242=ORIENTED_EDGE('',*,*,#3241,.F.);
#3243=ORIENTED_EDGE('',*,*,#3182,.T.);
#3244=ORIENTED_EDGE('',*,*,#3218,.F.);
#3245=EDGE_LOOP('',(#3235,#3236,#3242,#3243,#3244));
#3246=FACE_BOUND('',#3245,.T.);
#3247=ADVANCED_FACE('',(#3246),#3234,.T.);
#3248=CARTESIAN_POINT('',(-143.8198,10.218636221,7.987459202));
#3249=DIRECTION('',(0.,0.707106781,0.707106781));
#3250=DIRECTION('',(-1.,0.,0.));
#3251=AXIS2_PLACEMENT_3D('',#3248,#3249,#3250);
#3252=PLANE('',#3251);
#3253=ORIENTED_EDGE('',*,*,#3241,.T.);
#3254=ORIENTED_EDGE('',*,*,#3150,.F.);
#3255=ORIENTED_EDGE('',*,*,#1738,.F.);
#3256=ORIENTED_EDGE('',*,*,#3188,.F.);
#3257=EDGE_LOOP('',(#3253,#3254,#3255,#3256));
#3258=FACE_BOUND('',#3257,.T.);
#3259=ADVANCED_FACE('',(#3258),#3252,.F.);
#3260=CARTESIAN_POINT('',(-144.823353391,39.718636221,8.083905811));
#3261=DIRECTION('',(0.5,0.707106781,0.5));
#3262=DIRECTION('',(-0.707106781,-0.,0.707106781));
#3263=AXIS2_PLACEMENT_3D('',#3260,#3261,#3262);
#3264=PLANE('',#3263);
#3265=ORIENTED_EDGE('',*,*,#1708,.F.);
#3266=ORIENTED_EDGE('',*,*,#3225,.F.);
#3267=ORIENTED_EDGE('',*,*,#3203,.F.);
#3268=CARTESIAN_POINT('',(-145.226906781,39.718636221,8.487459202));
#3269=DIRECTION('',(0.862856209,-0.357406745,-0.357406745));
#3270=VECTOR('',#3269,1.398966325);
#3271=LINE('',#3268,#3270);
#3272=EDGE_CURVE('',#3121,#3192,#3271,.T.);
#3273=ORIENTED_EDGE('',*,*,#3272,.F.);
#3274=ORIENTED_EDGE('',*,*,#3126,.F.);
#3275=EDGE_LOOP('',(#3265,#3266,#3267,#3273,#3274));
#3276=FACE_BOUND('',#3275,.T.);
#3277=ADVANCED_FACE('',(#3276),#3264,.T.);
#3278=CARTESIAN_POINT('',(-143.8198,39.718636221,8.487459202));
#3279=DIRECTION('',(0.,-0.707106781,0.707106781));
#3280=DIRECTION('',(-1.,0.,0.));
#3281=AXIS2_PLACEMENT_3D('',#3278,#3279,#3280);
#3282=PLANE('',#3281);
#3283=ORIENTED_EDGE('',*,*,#3272,.T.);
#3284=ORIENTED_EDGE('',*,*,#3197,.F.);
#3285=ORIENTED_EDGE('',*,*,#1724,.F.);
#3286=ORIENTED_EDGE('',*,*,#3132,.F.);
#3287=EDGE_LOOP('',(#3283,#3284,#3285,#3286));
#3288=FACE_BOUND('',#3287,.T.);
#3289=ADVANCED_FACE('',(#3288),#3282,.F.);
#3290=CARTESIAN_POINT('',(-4.8257,48.240661221,19.807459202));
#3291=DIRECTION('',(-1.,0.,0.));
#3292=DIRECTION('',(0.,-0.,1.));
#3293=AXIS2_PLACEMENT_3D('',#3290,#3291,#3292);
#3294=PLANE('',#3293);
#3295=ORIENTED_EDGE('',*,*,#693,.F.);
#3296=ORIENTED_EDGE('',*,*,#769,.F.);
#3297=CARTESIAN_POINT('',(-4.8257,52.740661221,21.657459202));
#3298=DIRECTION('',(0.,0.,-1.));
#3299=VECTOR('',#3298,3.);
#3300=LINE('',#3297,#3299);
#3301=EDGE_CURVE('',#719,#758,#3300,.T.);
#3302=ORIENTED_EDGE('',*,*,#3301,.F.);
#3303=ORIENTED_EDGE('',*,*,#724,.T.);
#3304=EDGE_LOOP('',(#3295,#3296,#3302,#3303));
#3305=FACE_BOUND('',#3304,.T.);
#3306=ADVANCED_FACE('',(#3305),#3294,.F.);
#3307=CARTESIAN_POINT('',(5.2557,48.240661221,19.807459202));
#3308=DIRECTION('',(1.,0.,0.));
#3309=DIRECTION('',(0.,0.,-1.));
#3310=AXIS2_PLACEMENT_3D('',#3307,#3308,#3309);
#3311=PLANE('',#3310);
#3312=ORIENTED_EDGE('',*,*,#755,.T.);
#3313=ORIENTED_EDGE('',*,*,#707,.T.);
#3314=ORIENTED_EDGE('',*,*,#738,.F.);
#3315=CARTESIAN_POINT('',(5.2557,52.740661221,18.657459202));
#3316=DIRECTION('',(0.,-0.,1.));
#3317=VECTOR('',#3316,3.);
#3318=LINE('',#3315,#3317);
#3319=EDGE_CURVE('',#750,#727,#3318,.T.);
#3320=ORIENTED_EDGE('',*,*,#3319,.F.);
#3321=EDGE_LOOP('',(#3312,#3313,#3314,#3320));
#3322=FACE_BOUND('',#3321,.T.);
#3323=ADVANCED_FACE('',(#3322),#3311,.F.);
#3324=CARTESIAN_POINT('',(0.,52.740661221,5.274639419));
#3325=DIRECTION('',(0.,-1.,-0.));
#3326=DIRECTION('',(0.,0.,-1.));
#3327=AXIS2_PLACEMENT_3D('',#3324,#3325,#3326);
#3328=PLANE('',#3327);
#3329=ORIENTED_EDGE('',*,*,#3301,.T.);
#3330=ORIENTED_EDGE('',*,*,#763,.T.);
#3331=ORIENTED_EDGE('',*,*,#3319,.T.);
#3332=ORIENTED_EDGE('',*,*,#732,.T.);
#3333=EDGE_LOOP('',(#3329,#3330,#3331,#3332));
#3334=FACE_BOUND('',#3333,.T.);
#3335=ADVANCED_FACE('',(#3334),#3328,.T.);
#3336=CARTESIAN_POINT('',(-72.8099,53.440661221,5.757459202));
#3337=DIRECTION('',(0.,-0.707106781,-0.707106781));
#3338=DIRECTION('',(-1.,0.,0.));
#3339=AXIS2_PLACEMENT_3D('',#3336,#3337,#3338);
#3340=PLANE('',#3339);
#3341=ORIENTED_EDGE('',*,*,#1469,.F.);
#3342=CARTESIAN_POINT('',(-130.639193141,53.140661221,6.057459202));
#3343=DIRECTION('',(0.,-0.707106781,-0.707106781));
#3344=DIRECTION('',(0.,-0.707106781,0.707106781));
#3345=AXIS2_PLACEMENT_3D('',#3342,#3343,#3344);
#3346=ELLIPSE('',#3345,0.707106781,0.5);
#3347=EDGE_CURVE('',#1456,#2409,#3346,.T.);
#3348=ORIENTED_EDGE('',*,*,#3347,.T.);
#3349=ORIENTED_EDGE('',*,*,#2414,.F.);
#3350=CARTESIAN_POINT('',(-141.5198,53.640661221,5.557459202));
#3351=DIRECTION('',(0.,-0.707106781,0.707106781));
#3352=VECTOR('',#3351,0.282842712);
#3353=LINE('',#3350,#3352);
#3354=EDGE_CURVE('',#1464,#2401,#3353,.T.);
#3355=ORIENTED_EDGE('',*,*,#3354,.F.);
#3356=EDGE_LOOP('',(#3341,#3348,#3349,#3355));
#3357=FACE_BOUND('',#3356,.T.);
#3358=ADVANCED_FACE('',(#3357),#3340,.T.);
#3359=CARTESIAN_POINT('',(-141.5198,48.440661221,5.557459202));
#3360=DIRECTION('',(0.,0.,-1.));
#3361=DIRECTION('',(-1.,0.,0.));
#3362=AXIS2_PLACEMENT_3D('',#3359,#3360,#3361);
#3363=CONICAL_SURFACE('',#3362,5.2,45.);
#3364=ORIENTED_EDGE('',*,*,#3354,.T.);
#3365=ORIENTED_EDGE('',*,*,#2686,.F.);
#3366=CARTESIAN_POINT('',(-146.7198,48.440661221,5.557459202));
#3367=DIRECTION('',(0.707106781,-0.,0.707106781));
#3368=VECTOR('',#3367,0.282842712);
#3369=LINE('',#3366,#3368);
#3370=EDGE_CURVE('',#1472,#1586,#3369,.T.);
#3371=ORIENTED_EDGE('',*,*,#3370,.F.);
#3372=ORIENTED_EDGE('',*,*,#1478,.F.);
#3373=EDGE_LOOP('',(#3364,#3365,#3371,#3372));
#3374=FACE_BOUND('',#3373,.T.);
#3375=ADVANCED_FACE('',(#3374),#3363,.F.);
#3376=CARTESIAN_POINT('',(-146.5198,25.368636221,5.757459202));
#3377=DIRECTION('',(0.707106781,0.,-0.707106781));
#3378=DIRECTION('',(0.,-1.,-0.));
#3379=AXIS2_PLACEMENT_3D('',#3376,#3377,#3378);
#3380=PLANE('',#3379);
#3381=ORIENTED_EDGE('',*,*,#3370,.T.);
#3382=ORIENTED_EDGE('',*,*,#1606,.F.);
#3383=CARTESIAN_POINT('',(-146.7198,-52.247438779,5.557459202));
#3384=DIRECTION('',(0.707106781,-0.,0.707106781));
#3385=VECTOR('',#3384,0.282842712);
#3386=LINE('',#3383,#3385);
#3387=EDGE_CURVE('',#1481,#1211,#3386,.T.);
#3388=ORIENTED_EDGE('',*,*,#3387,.F.);
#3389=ORIENTED_EDGE('',*,*,#1486,.F.);
#3390=EDGE_LOOP('',(#3381,#3382,#3388,#3389));
#3391=FACE_BOUND('',#3390,.T.);
#3392=ADVANCED_FACE('',(#3391),#3380,.T.);
#3393=CARTESIAN_POINT('',(-141.5198,-52.247438779,5.557459202));
#3394=DIRECTION('',(0.,0.,-1.));
#3395=DIRECTION('',(-1.,0.,0.));
#3396=AXIS2_PLACEMENT_3D('',#3393,#3394,#3395);
#3397=CONICAL_SURFACE('',#3396,5.2,45.);
#3398=ORIENTED_EDGE('',*,*,#3387,.T.);
#3399=ORIENTED_EDGE('',*,*,#1231,.F.);
#3400=CARTESIAN_POINT('',(-141.5198,-57.447438779,5.557459202));
#3401=DIRECTION('',(0.,0.707106781,0.707106781));
#3402=VECTOR('',#3401,0.282842712);
#3403=LINE('',#3400,#3402);
#3404=EDGE_CURVE('',#1489,#1145,#3403,.T.);
#3405=ORIENTED_EDGE('',*,*,#3404,.F.);
#3406=ORIENTED_EDGE('',*,*,#1495,.F.);
#3407=EDGE_LOOP('',(#3398,#3399,#3405,#3406));
#3408=FACE_BOUND('',#3407,.T.);
#3409=ADVANCED_FACE('',(#3408),#3397,.F.);
#3410=CARTESIAN_POINT('',(-72.8099,-57.247438779,5.757459202));
#3411=DIRECTION('',(0.,0.707106781,-0.707106781));
#3412=DIRECTION('',(1.,0.,0.));
#3413=AXIS2_PLACEMENT_3D('',#3410,#3411,#3412);
#3414=PLANE('',#3413);
#3415=ORIENTED_EDGE('',*,*,#3404,.T.);
#3416=ORIENTED_EDGE('',*,*,#1174,.F.);
#3417=CARTESIAN_POINT('',(141.6198,-57.447438779,5.557459202));
#3418=DIRECTION('',(0.,0.707106781,0.707106781));
#3419=VECTOR('',#3418,0.282842712);
#3420=LINE('',#3417,#3419);
#3421=EDGE_CURVE('',#1498,#1163,#3420,.T.);
#3422=ORIENTED_EDGE('',*,*,#3421,.F.);
#3423=ORIENTED_EDGE('',*,*,#1503,.F.);
#3424=EDGE_LOOP('',(#3415,#3416,#3422,#3423));
#3425=FACE_BOUND('',#3424,.T.);
#3426=ADVANCED_FACE('',(#3425),#3414,.T.);
#3427=CARTESIAN_POINT('',(141.6198,-52.147438779,5.557459202));
#3428=DIRECTION('',(0.,0.,-1.));
#3429=DIRECTION('',(-1.,0.,0.));
#3430=AXIS2_PLACEMENT_3D('',#3427,#3428,#3429);
#3431=CONICAL_SURFACE('',#3430,5.3,45.);
#3432=ORIENTED_EDGE('',*,*,#3421,.T.);
#3433=ORIENTED_EDGE('',*,*,#1198,.F.);
#3434=CARTESIAN_POINT('',(146.9198,-52.147438779,5.557459202));
#3435=DIRECTION('',(-0.707106781,-0.,0.707106781));
#3436=VECTOR('',#3435,0.282842712);
#3437=LINE('',#3434,#3436);
#3438=EDGE_CURVE('',#1506,#820,#3437,.T.);
#3439=ORIENTED_EDGE('',*,*,#3438,.F.);
#3440=ORIENTED_EDGE('',*,*,#1512,.F.);
#3441=EDGE_LOOP('',(#3432,#3433,#3439,#3440));
#3442=FACE_BOUND('',#3441,.T.);
#3443=ADVANCED_FACE('',(#3442),#3431,.F.);
#3444=CARTESIAN_POINT('',(146.7198,25.368636221,5.757459202));
#3445=DIRECTION('',(-0.707106781,0.,-0.707106781));
#3446=DIRECTION('',(0.,1.,0.));
#3447=AXIS2_PLACEMENT_3D('',#3444,#3445,#3446);
#3448=PLANE('',#3447);
#3449=ORIENTED_EDGE('',*,*,#849,.F.);
#3450=CARTESIAN_POINT('',(146.7198,-21.003388779,5.757459202));
#3451=DIRECTION('',(0.577350269,0.577350269,-0.577350269));
#3452=VECTOR('',#3451,0.346410162);
#3453=LINE('',#3450,#3452);
#3454=EDGE_CURVE('',#838,#1515,#3453,.T.);
#3455=ORIENTED_EDGE('',*,*,#3454,.T.);
#3456=ORIENTED_EDGE('',*,*,#1520,.F.);
#3457=ORIENTED_EDGE('',*,*,#3438,.T.);
#3458=EDGE_LOOP('',(#3449,#3455,#3456,#3457));
#3459=FACE_BOUND('',#3458,.T.);
#3460=ADVANCED_FACE('',(#3459),#3448,.T.);
#3461=CARTESIAN_POINT('',(-72.8099,53.440661221,5.757459202));
#3462=DIRECTION('',(0.,-0.707106781,-0.707106781));
#3463=DIRECTION('',(-1.,0.,0.));
#3464=AXIS2_PLACEMENT_3D('',#3461,#3462,#3463);
#3465=PLANE('',#3464);
#3466=ORIENTED_EDGE('',*,*,#2382,.F.);
#3467=CARTESIAN_POINT('',(-117.239193141,53.140661221,6.057459202));
#3468=DIRECTION('',(0.,-0.707106781,-0.707106781));
#3469=DIRECTION('',(0.,-0.707106781,0.707106781));
#3470=AXIS2_PLACEMENT_3D('',#3467,#3468,#3469);
#3471=ELLIPSE('',#3470,0.707106781,0.5);
#3472=EDGE_CURVE('',#2368,#1364,#3471,.T.);
#3473=ORIENTED_EDGE('',*,*,#3472,.T.);
#3474=ORIENTED_EDGE('',*,*,#1369,.F.);
#3475=CARTESIAN_POINT('',(141.7198,53.440661221,5.757459202));
#3476=DIRECTION('',(0.,0.707106781,-0.707106781));
#3477=VECTOR('',#3476,0.282842712);
#3478=LINE('',#3475,#3477);
#3479=EDGE_CURVE('',#2377,#1362,#3478,.T.);
#3480=ORIENTED_EDGE('',*,*,#3479,.F.);
#3481=EDGE_LOOP('',(#3466,#3473,#3474,#3480));
#3482=FACE_BOUND('',#3481,.T.);
#3483=ADVANCED_FACE('',(#3482),#3465,.T.);
#3484=CARTESIAN_POINT('',(141.7198,48.440661221,5.557459202));
#3485=DIRECTION('',(0.,0.,-1.));
#3486=DIRECTION('',(-1.,0.,0.));
#3487=AXIS2_PLACEMENT_3D('',#3484,#3485,#3486);
#3488=CONICAL_SURFACE('',#3487,5.2,45.);
#3489=ORIENTED_EDGE('',*,*,#3479,.T.);
#3490=ORIENTED_EDGE('',*,*,#1575,.F.);
#3491=CARTESIAN_POINT('',(146.7198,48.440661221,5.757459202));
#3492=DIRECTION('',(0.707106781,0.,-0.707106781));
#3493=VECTOR('',#3492,0.282842712);
#3494=LINE('',#3491,#3493);
#3495=EDGE_CURVE('',#798,#1563,#3494,.T.);
#3496=ORIENTED_EDGE('',*,*,#3495,.F.);
#3497=ORIENTED_EDGE('',*,*,#2662,.F.);
#3498=EDGE_LOOP('',(#3489,#3490,#3496,#3497));
#3499=FACE_BOUND('',#3498,.T.);
#3500=ADVANCED_FACE('',(#3499),#3488,.F.);
#3501=CARTESIAN_POINT('',(146.7198,25.368636221,5.757459202));
#3502=DIRECTION('',(-0.707106781,-0.,-0.707106781));
#3503=DIRECTION('',(-0.,1.,0.));
#3504=AXIS2_PLACEMENT_3D('',#3501,#3502,#3503);
#3505=PLANE('',#3504);
#3506=ORIENTED_EDGE('',*,*,#3495,.T.);
#3507=ORIENTED_EDGE('',*,*,#1568,.F.);
#3508=CARTESIAN_POINT('',(146.9198,16.796611221,5.557459202));
#3509=DIRECTION('',(-0.577350269,0.577350269,0.577350269));
#3510=VECTOR('',#3509,0.346410162);
#3511=LINE('',#3508,#3510);
#3512=EDGE_CURVE('',#1555,#780,#3511,.T.);
#3513=ORIENTED_EDGE('',*,*,#3512,.T.);
#3514=ORIENTED_EDGE('',*,*,#809,.F.);
#3515=EDGE_LOOP('',(#3506,#3507,#3513,#3514));
#3516=FACE_BOUND('',#3515,.T.);
#3517=ADVANCED_FACE('',(#3516),#3505,.T.);
#3518=CARTESIAN_POINT('',(146.2198,-21.003388779,5.757459202));
#3519=DIRECTION('',(0.,-0.707106781,-0.707106781));
#3520=DIRECTION('',(-1.,0.,0.));
#3521=AXIS2_PLACEMENT_3D('',#3518,#3519,#3520);
#3522=PLANE('',#3521);
#3523=ORIENTED_EDGE('',*,*,#3454,.F.);
#3524=ORIENTED_EDGE('',*,*,#1834,.F.);
#3525=CARTESIAN_POINT('',(144.702642712,-20.803388779,5.557459202));
#3526=DIRECTION('',(-0.281084638,-0.678598345,0.678598345));
#3527=VECTOR('',#3526,0.294725152);
#3528=LINE('',#3525,#3527);
#3529=EDGE_CURVE('',#1523,#1823,#3528,.T.);
#3530=ORIENTED_EDGE('',*,*,#3529,.F.);
#3531=ORIENTED_EDGE('',*,*,#1528,.F.);
#3532=EDGE_LOOP('',(#3523,#3524,#3530,#3531));
#3533=FACE_BOUND('',#3532,.T.);
#3534=ADVANCED_FACE('',(#3533),#3522,.T.);
#3535=CARTESIAN_POINT('',(62.826321356,61.072932578,5.557459202));
#3536=DIRECTION('',(0.5,0.5,0.707106781));
#3537=DIRECTION('',(-0.707106781,0.707106781,0.));
#3538=AXIS2_PLACEMENT_3D('',#3535,#3536,#3537);
#3539=PLANE('',#3538);
#3540=ORIENTED_EDGE('',*,*,#3529,.T.);
#3541=ORIENTED_EDGE('',*,*,#1856,.F.);
#3542=CARTESIAN_POINT('',(144.1198,-20.220546066,5.557459202));
#3543=DIRECTION('',(-0.678598345,-0.281084638,0.678598345));
#3544=VECTOR('',#3543,0.294725152);
#3545=LINE('',#3542,#3544);
#3546=EDGE_CURVE('',#1531,#87,#3545,.T.);
#3547=ORIENTED_EDGE('',*,*,#3546,.F.);
#3548=ORIENTED_EDGE('',*,*,#1536,.F.);
#3549=EDGE_LOOP('',(#3540,#3541,#3547,#3548));
#3550=FACE_BOUND('',#3549,.T.);
#3551=ADVANCED_FACE('',(#3550),#3539,.F.);
#3552=CARTESIAN_POINT('',(143.9198,-2.003388779,5.757459202));
#3553=DIRECTION('',(0.707106781,0.,0.707106781));
#3554=DIRECTION('',(0.,-1.,-0.));
#3555=AXIS2_PLACEMENT_3D('',#3552,#3553,#3554);
#3556=PLANE('',#3555);
#3557=ORIENTED_EDGE('',*,*,#3546,.T.);
#3558=ORIENTED_EDGE('',*,*,#92,.F.);
#3559=CARTESIAN_POINT('',(144.1198,16.413768509,5.557459202));
#3560=DIRECTION('',(-0.678598345,0.281084638,0.678598345));
#3561=VECTOR('',#3560,0.294725152);
#3562=LINE('',#3559,#3561);
#3563=EDGE_CURVE('',#1539,#79,#3562,.T.);
#3564=ORIENTED_EDGE('',*,*,#3563,.F.);
#3565=ORIENTED_EDGE('',*,*,#1544,.F.);
#3566=EDGE_LOOP('',(#3557,#3558,#3564,#3565));
#3567=FACE_BOUND('',#3566,.T.);
#3568=ADVANCED_FACE('',(#3567),#3556,.F.);
#3569=CARTESIAN_POINT('',(144.4198,16.996611221,5.757459202));
#3570=DIRECTION('',(-0.5,0.5,-0.707106781));
#3571=DIRECTION('',(0.707106781,0.707106781,0.));
#3572=AXIS2_PLACEMENT_3D('',#3569,#3570,#3571);
#3573=PLANE('',#3572);
#3574=ORIENTED_EDGE('',*,*,#3563,.T.);
#3575=ORIENTED_EDGE('',*,*,#2835,.F.);
#3576=CARTESIAN_POINT('',(144.502642712,16.796611221,5.557459202));
#3577=DIRECTION('',(-0.281084638,0.678598345,0.678598345));
#3578=VECTOR('',#3577,0.294725152);
#3579=LINE('',#3576,#3578);
#3580=EDGE_CURVE('',#1547,#2801,#3579,.T.);
#3581=ORIENTED_EDGE('',*,*,#3580,.F.);
#3582=ORIENTED_EDGE('',*,*,#1552,.F.);
#3583=EDGE_LOOP('',(#3574,#3575,#3581,#3582));
#3584=FACE_BOUND('',#3583,.T.);
#3585=ADVANCED_FACE('',(#3584),#3573,.T.);
#3586=CARTESIAN_POINT('',(146.2198,16.996611221,5.757459202));
#3587=DIRECTION('',(0.,-0.707106781,0.707106781));
#3588=DIRECTION('',(-1.,0.,0.));
#3589=AXIS2_PLACEMENT_3D('',#3586,#3587,#3588);
#3590=PLANE('',#3589);
#3591=ORIENTED_EDGE('',*,*,#3512,.F.);
#3592=ORIENTED_EDGE('',*,*,#1560,.F.);
#3593=ORIENTED_EDGE('',*,*,#3580,.T.);
#3594=ORIENTED_EDGE('',*,*,#2806,.F.);
#3595=EDGE_LOOP('',(#3591,#3592,#3593,#3594));
#3596=FACE_BOUND('',#3595,.T.);
#3597=ADVANCED_FACE('',(#3596),#3590,.F.);
#3598=CARTESIAN_POINT('',(146.5198,-2.003388779,17.457459202));
#3599=DIRECTION('',(-0.707106781,0.,-0.707106781));
#3600=DIRECTION('',(0.,1.,0.));
#3601=AXIS2_PLACEMENT_3D('',#3598,#3599,#3600);
#3602=PLANE('',#3601);
#3603=ORIENTED_EDGE('',*,*,#2797,.F.);
#3604=ORIENTED_EDGE('',*,*,#1128,.F.);
#3605=CARTESIAN_POINT('',(146.7198,48.440661221,17.257459202));
#3606=DIRECTION('',(-0.707106781,-0.,0.707106781));
#3607=VECTOR('',#3606,0.282842712);
#3608=LINE('',#3605,#3607);
#3609=EDGE_CURVE('',#790,#1114,#3608,.T.);
#3610=ORIENTED_EDGE('',*,*,#3609,.F.);
#3611=ORIENTED_EDGE('',*,*,#795,.F.);
#3612=EDGE_LOOP('',(#3603,#3604,#3610,#3611));
#3613=FACE_BOUND('',#3612,.T.);
#3614=ADVANCED_FACE('',(#3613),#3602,.T.);
#3615=CARTESIAN_POINT('',(141.7198,48.440661221,17.257459202));
#3616=DIRECTION('',(0.,0.,-1.));
#3617=DIRECTION('',(-1.,0.,0.));
#3618=AXIS2_PLACEMENT_3D('',#3615,#3616,#3617);
#3619=CONICAL_SURFACE('',#3618,5.,45.);
#3620=ORIENTED_EDGE('',*,*,#3609,.T.);
#3621=ORIENTED_EDGE('',*,*,#1120,.F.);
#3622=CARTESIAN_POINT('',(141.7198,53.440661221,17.257459202));
#3623=DIRECTION('',(0.,-0.707106781,0.707106781));
#3624=VECTOR('',#3623,0.282842712);
#3625=LINE('',#3622,#3624);
#3626=EDGE_CURVE('',#2385,#1106,#3625,.T.);
#3627=ORIENTED_EDGE('',*,*,#3626,.F.);
#3628=ORIENTED_EDGE('',*,*,#2654,.F.);
#3629=EDGE_LOOP('',(#3620,#3621,#3627,#3628));
#3630=FACE_BOUND('',#3629,.T.);
#3631=ADVANCED_FACE('',(#3630),#3619,.F.);
#3632=CARTESIAN_POINT('',(-72.8099,53.440661221,17.257459202));
#3633=DIRECTION('',(0.,-0.707106781,-0.707106781));
#3634=DIRECTION('',(1.,0.,0.));
#3635=AXIS2_PLACEMENT_3D('',#3632,#3633,#3634);
#3636=PLANE('',#3635);
#3637=ORIENTED_EDGE('',*,*,#3626,.T.);
#3638=ORIENTED_EDGE('',*,*,#1111,.F.);
#3639=CARTESIAN_POINT('',(-141.5198,53.440661221,17.257459202));
#3640=DIRECTION('',(0.,-0.707106781,0.707106781));
#3641=VECTOR('',#3640,0.282842712);
#3642=LINE('',#3639,#3641);
#3643=EDGE_CURVE('',#2393,#1097,#3642,.T.);
#3644=ORIENTED_EDGE('',*,*,#3643,.F.);
#3645=ORIENTED_EDGE('',*,*,#2398,.F.);
#3646=EDGE_LOOP('',(#3637,#3638,#3644,#3645));
#3647=FACE_BOUND('',#3646,.T.);
#3648=ADVANCED_FACE('',(#3647),#3636,.T.);
#3649=CARTESIAN_POINT('',(-141.5198,48.440661221,17.257459202));
#3650=DIRECTION('',(0.,0.,-1.));
#3651=DIRECTION('',(-1.,0.,0.));
#3652=AXIS2_PLACEMENT_3D('',#3649,#3650,#3651);
#3653=CONICAL_SURFACE('',#3652,5.,45.);
#3654=ORIENTED_EDGE('',*,*,#3643,.T.);
#3655=ORIENTED_EDGE('',*,*,#1103,.F.);
#3656=CARTESIAN_POINT('',(-146.5198,48.440661221,17.257459202));
#3657=DIRECTION('',(0.707106781,-0.,0.707106781));
#3658=VECTOR('',#3657,0.282842712);
#3659=LINE('',#3656,#3658);
#3660=EDGE_CURVE('',#1588,#1089,#3659,.T.);
#3661=ORIENTED_EDGE('',*,*,#3660,.F.);
#3662=ORIENTED_EDGE('',*,*,#2678,.F.);
#3663=EDGE_LOOP('',(#3654,#3655,#3661,#3662));
#3664=FACE_BOUND('',#3663,.T.);
#3665=ADVANCED_FACE('',(#3664),#3653,.F.);
#3666=CARTESIAN_POINT('',(-146.5198,25.368636221,17.257459202));
#3667=DIRECTION('',(0.707106781,-0.,-0.707106781));
#3668=DIRECTION('',(0.,1.,0.));
#3669=AXIS2_PLACEMENT_3D('',#3666,#3667,#3668);
#3670=PLANE('',#3669);
#3671=ORIENTED_EDGE('',*,*,#3660,.T.);
#3672=ORIENTED_EDGE('',*,*,#1094,.F.);
#3673=CARTESIAN_POINT('',(-146.5198,-52.247438779,17.257459202));
#3674=DIRECTION('',(0.707106781,-0.,0.707106781));
#3675=VECTOR('',#3674,0.282842712);
#3676=LINE('',#3673,#3675);
#3677=EDGE_CURVE('',#1209,#1080,#3676,.T.);
#3678=ORIENTED_EDGE('',*,*,#3677,.F.);
#3679=ORIENTED_EDGE('',*,*,#1599,.F.);
#3680=EDGE_LOOP('',(#3671,#3672,#3678,#3679));
#3681=FACE_BOUND('',#3680,.T.);
#3682=ADVANCED_FACE('',(#3681),#3670,.T.);
#3683=CARTESIAN_POINT('',(-141.5198,-52.247438779,17.257459202));
#3684=DIRECTION('',(0.,0.,-1.));
#3685=DIRECTION('',(-1.,0.,0.));
#3686=AXIS2_PLACEMENT_3D('',#3683,#3684,#3685);
#3687=CONICAL_SURFACE('',#3686,5.,45.);
#3688=ORIENTED_EDGE('',*,*,#3677,.T.);
#3689=ORIENTED_EDGE('',*,*,#1086,.F.);
#3690=CARTESIAN_POINT('',(-141.5198,-57.247438779,17.257459202));
#3691=DIRECTION('',(0.,0.707106781,0.707106781));
#3692=VECTOR('',#3691,0.282842712);
#3693=LINE('',#3690,#3692);
#3694=EDGE_CURVE('',#1147,#1072,#3693,.T.);
#3695=ORIENTED_EDGE('',*,*,#3694,.F.);
#3696=ORIENTED_EDGE('',*,*,#1223,.F.);
#3697=EDGE_LOOP('',(#3688,#3689,#3695,#3696));
#3698=FACE_BOUND('',#3697,.T.);
#3699=ADVANCED_FACE('',(#3698),#3687,.F.);
#3700=CARTESIAN_POINT('',(-72.8099,-57.247438779,17.257459202));
#3701=DIRECTION('',(0.,0.707106781,-0.707106781));
#3702=DIRECTION('',(-1.,0.,0.));
#3703=AXIS2_PLACEMENT_3D('',#3700,#3701,#3702);
#3704=PLANE('',#3703);
#3705=ORIENTED_EDGE('',*,*,#3694,.T.);
#3706=ORIENTED_EDGE('',*,*,#1077,.F.);
#3707=CARTESIAN_POINT('',(141.6198,-57.247438779,17.257459202));
#3708=DIRECTION('',(0.,0.707106781,0.707106781));
#3709=VECTOR('',#3708,0.282842712);
#3710=LINE('',#3707,#3709);
#3711=EDGE_CURVE('',#1155,#1063,#3710,.T.);
#3712=ORIENTED_EDGE('',*,*,#3711,.F.);
#3713=ORIENTED_EDGE('',*,*,#1160,.F.);
#3714=EDGE_LOOP('',(#3705,#3706,#3712,#3713));
#3715=FACE_BOUND('',#3714,.T.);
#3716=ADVANCED_FACE('',(#3715),#3704,.T.);
#3717=CARTESIAN_POINT('',(141.6198,-52.147438779,17.257459202));
#3718=DIRECTION('',(0.,0.,-1.));
#3719=DIRECTION('',(-1.,0.,0.));
#3720=AXIS2_PLACEMENT_3D('',#3717,#3718,#3719);
#3721=CONICAL_SURFACE('',#3720,5.1,45.);
#3722=ORIENTED_EDGE('',*,*,#3711,.T.);
#3723=ORIENTED_EDGE('',*,*,#1069,.F.);
#3724=CARTESIAN_POINT('',(146.7198,-52.147438779,17.257459202));
#3725=DIRECTION('',(-0.707106781,-0.,0.707106781));
#3726=VECTOR('',#3725,0.282842712);
#3727=LINE('',#3724,#3726);
#3728=EDGE_CURVE('',#822,#1055,#3727,.T.);
#3729=ORIENTED_EDGE('',*,*,#3728,.F.);
#3730=ORIENTED_EDGE('',*,*,#1190,.F.);
#3731=EDGE_LOOP('',(#3722,#3723,#3729,#3730));
#3732=FACE_BOUND('',#3731,.T.);
#3733=ADVANCED_FACE('',(#3732),#3721,.F.);
#3734=CARTESIAN_POINT('',(146.7198,25.368636221,17.257459202));
#3735=DIRECTION('',(-0.707106781,-0.,-0.707106781));
#3736=DIRECTION('',(0.,-1.,-0.));
#3737=AXIS2_PLACEMENT_3D('',#3734,#3735,#3736);
#3738=PLANE('',#3737);
#3739=ORIENTED_EDGE('',*,*,#3728,.T.);
#3740=ORIENTED_EDGE('',*,*,#1060,.F.);
#3741=ORIENTED_EDGE('',*,*,#1819,.F.);
#3742=ORIENTED_EDGE('',*,*,#835,.F.);
#3743=EDGE_LOOP('',(#3739,#3740,#3741,#3742));
#3744=FACE_BOUND('',#3743,.T.);
#3745=ADVANCED_FACE('',(#3744),#3738,.T.);
#3746=CARTESIAN_POINT('',(-130.139193141,54.040661221,11.067267871));
#3747=DIRECTION('',(-0.707106781,-0.707106781,0.));
#3748=DIRECTION('',(0.,-0.,1.));
#3749=AXIS2_PLACEMENT_3D('',#3746,#3747,#3748);
#3750=PLANE('',#3749);
#3751=ORIENTED_EDGE('',*,*,#2480,.F.);
#3752=CARTESIAN_POINT('',(-130.639193141,54.540661221,6.057459202));
#3753=DIRECTION('',(0.707106781,0.707106781,-0.));
#3754=DIRECTION('',(0.707106781,-0.707106781,-0.));
#3755=AXIS2_PLACEMENT_3D('',#3752,#3753,#3754);
#3756=ELLIPSE('',#3755,0.707106781,0.5);
#3757=EDGE_CURVE('',#2467,#2539,#3756,.T.);
#3758=ORIENTED_EDGE('',*,*,#3757,.T.);
#3759=ORIENTED_EDGE('',*,*,#2544,.F.);
#3760=ORIENTED_EDGE('',*,*,#2615,.F.);
#3761=CARTESIAN_POINT('',(-130.139193141,54.040661221,9.766606155));
#3762=DIRECTION('',(-0.707106781,0.707106781,0.));
#3763=VECTOR('',#3762,2.404163056);
#3764=LINE('',#3761,#3763);
#3765=EDGE_CURVE('',#2475,#2603,#3764,.T.);
#3766=ORIENTED_EDGE('',*,*,#3765,.F.);
#3767=EDGE_LOOP('',(#3751,#3758,#3759,#3760,#3766));
#3768=FACE_BOUND('',#3767,.T.);
#3769=ADVANCED_FACE('',(#3768),#3750,.F.);
#3770=CARTESIAN_POINT('',(-127.639193141,55.740661221,9.766606155));
#3771=DIRECTION('',(0.,1.,0.));
#3772=DIRECTION('',(0.,-0.,1.));
#3773=AXIS2_PLACEMENT_3D('',#3770,#3771,#3772);
#3774=CONICAL_SURFACE('',#3773,4.2,45.);
#3775=ORIENTED_EDGE('',*,*,#3765,.T.);
#3776=ORIENTED_EDGE('',*,*,#2609,.F.);
#3777=CARTESIAN_POINT('',(-127.639193141,54.040661221,12.266606155));
#3778=DIRECTION('',(0.,0.707106781,0.707106781));
#3779=VECTOR('',#3778,2.404163056);
#3780=LINE('',#3777,#3779);
#3781=EDGE_CURVE('',#2846,#2595,#3780,.T.);
#3782=ORIENTED_EDGE('',*,*,#3781,.F.);
#3783=ORIENTED_EDGE('',*,*,#2931,.F.);
#3784=EDGE_LOOP('',(#3775,#3776,#3782,#3783));
#3785=FACE_BOUND('',#3784,.T.);
#3786=ADVANCED_FACE('',(#3785),#3774,.F.);
#3787=CARTESIAN_POINT('',(-74.8099,55.740661221,13.966606155));
#3788=DIRECTION('',(0.,-0.707106781,0.707106781));
#3789=DIRECTION('',(-1.,0.,0.));
#3790=AXIS2_PLACEMENT_3D('',#3787,#3788,#3789);
#3791=PLANE('',#3790);
#3792=ORIENTED_EDGE('',*,*,#3781,.T.);
#3793=ORIENTED_EDGE('',*,*,#2600,.F.);
#3794=CARTESIAN_POINT('',(-120.239193141,54.040661221,12.266606155));
#3795=DIRECTION('',(0.,0.707106781,0.707106781));
#3796=VECTOR('',#3795,2.404163056);
#3797=LINE('',#3794,#3796);
#3798=EDGE_CURVE('',#2854,#2586,#3797,.T.);
#3799=ORIENTED_EDGE('',*,*,#3798,.F.);
#3800=ORIENTED_EDGE('',*,*,#2859,.F.);
#3801=EDGE_LOOP('',(#3792,#3793,#3799,#3800));
#3802=FACE_BOUND('',#3801,.T.);
#3803=ADVANCED_FACE('',(#3802),#3791,.F.);
#3804=CARTESIAN_POINT('',(-120.239193141,55.740661221,9.766606155));
#3805=DIRECTION('',(0.,1.,0.));
#3806=DIRECTION('',(0.,-0.,1.));
#3807=AXIS2_PLACEMENT_3D('',#3804,#3805,#3806);
#3808=CONICAL_SURFACE('',#3807,4.2,45.);
#3809=ORIENTED_EDGE('',*,*,#3798,.T.);
#3810=ORIENTED_EDGE('',*,*,#2592,.F.);
#3811=CARTESIAN_POINT('',(-117.739193141,54.040661221,9.766606155));
#3812=DIRECTION('',(0.707106781,0.707106781,0.));
#3813=VECTOR('',#3812,2.404163056);
#3814=LINE('',#3811,#3813);
#3815=EDGE_CURVE('',#2877,#2578,#3814,.T.);
#3816=ORIENTED_EDGE('',*,*,#3815,.F.);
#3817=ORIENTED_EDGE('',*,*,#2913,.F.);
#3818=EDGE_LOOP('',(#3809,#3810,#3816,#3817));
#3819=FACE_BOUND('',#3818,.T.);
#3820=ADVANCED_FACE('',(#3819),#3808,.F.);
#3821=CARTESIAN_POINT('',(-116.039193141,55.740661221,18.957459202));
#3822=DIRECTION('',(0.707106781,-0.707106781,0.));
#3823=DIRECTION('',(-0.,-0.,1.));
#3824=AXIS2_PLACEMENT_3D('',#3821,#3822,#3823);
#3825=PLANE('',#3824);
#3826=ORIENTED_EDGE('',*,*,#2512,.F.);
#3827=CARTESIAN_POINT('',(-117.239193141,54.540661221,6.057459202));
#3828=DIRECTION('',(-0.707106781,0.707106781,-0.));
#3829=DIRECTION('',(-0.707106781,-0.707106781,-0.));
#3830=AXIS2_PLACEMENT_3D('',#3827,#3828,#3829);
#3831=ELLIPSE('',#3830,0.707106781,0.5);
#3832=EDGE_CURVE('',#2498,#2879,#3831,.T.);
#3833=ORIENTED_EDGE('',*,*,#3832,.T.);
#3834=ORIENTED_EDGE('',*,*,#2884,.F.);
#3835=ORIENTED_EDGE('',*,*,#3815,.T.);
#3836=ORIENTED_EDGE('',*,*,#2583,.F.);
#3837=EDGE_LOOP('',(#3826,#3833,#3834,#3835,#3836));
#3838=FACE_BOUND('',#3837,.T.);
#3839=ADVANCED_FACE('',(#3838),#3825,.F.);
#3840=CARTESIAN_POINT('',(-117.239193141,-0.803388779,6.057459202));
#3841=DIRECTION('',(0.,-1.,-0.));
#3842=DIRECTION('',(0.,0.,-1.));
#3843=AXIS2_PLACEMENT_3D('',#3840,#3841,#3842);
#3844=CYLINDRICAL_SURFACE('',#3843,0.5);
#3845=ORIENTED_EDGE('',*,*,#2374,.F.);
#3846=ORIENTED_EDGE('',*,*,#2890,.F.);
#3847=ORIENTED_EDGE('',*,*,#3832,.F.);
#3848=ORIENTED_EDGE('',*,*,#2504,.F.);
#3849=ORIENTED_EDGE('',*,*,#1377,.F.);
#3850=ORIENTED_EDGE('',*,*,#3472,.F.);
#3851=EDGE_LOOP('',(#3845,#3846,#3847,#3848,#3849,#3850));
#3852=FACE_BOUND('',#3851,.T.);
#3853=ADVANCED_FACE('',(#3852),#3844,.T.);
#3854=CARTESIAN_POINT('',(-130.639193141,49.740661221,6.057459202));
#3855=DIRECTION('',(0.,-1.,-0.));
#3856=DIRECTION('',(0.,0.,-1.));
#3857=AXIS2_PLACEMENT_3D('',#3854,#3855,#3856);
#3858=CYLINDRICAL_SURFACE('',#3857,0.5);
#3859=ORIENTED_EDGE('',*,*,#3347,.F.);
#3860=ORIENTED_EDGE('',*,*,#1461,.F.);
#3861=ORIENTED_EDGE('',*,*,#2551,.F.);
#3862=ORIENTED_EDGE('',*,*,#3757,.F.);
#3863=ORIENTED_EDGE('',*,*,#2472,.F.);
#3864=ORIENTED_EDGE('',*,*,#2423,.F.);
#3865=EDGE_LOOP('',(#3859,#3860,#3861,#3862,#3863,#3864));
#3866=FACE_BOUND('',#3865,.T.);
#3867=ADVANCED_FACE('',(#3866),#3858,.T.);
#3868=CARTESIAN_POINT('',(129.970295109,-31.19405,21.657459202));
#3869=DIRECTION('',(0.,1.,0.));
#3870=DIRECTION('',(-1.,0.,0.));
#3871=AXIS2_PLACEMENT_3D('',#3868,#3869,#3870);
#3872=PLANE('',#3871);
#3873=CARTESIAN_POINT('',(141.9198,-31.19405,22.657459202));
#3874=VERTEX_POINT('',#3873);
#3875=CARTESIAN_POINT('',(141.9198,-31.19405,17.657459202));
#3876=VERTEX_POINT('',#3875);
#3877=CARTESIAN_POINT('',(141.9198,-31.19405,22.657459202));
#3878=DIRECTION('',(-0.,0.,-1.));
#3879=VECTOR('',#3878,5.);
#3880=LINE('',#3877,#3879);
#3881=EDGE_CURVE('',#3874,#3876,#3880,.T.);
#3882=ORIENTED_EDGE('',*,*,#3881,.T.);
#3883=CARTESIAN_POINT('',(117.520790219,-31.19405,17.657459202));
#3884=VERTEX_POINT('',#3883);
#3885=CARTESIAN_POINT('',(141.9198,-31.19405,17.657459202));
#3886=DIRECTION('',(-1.,0.,0.));
#3887=VECTOR('',#3886,24.399009781);
#3888=LINE('',#3885,#3887);
#3889=EDGE_CURVE('',#3876,#3884,#3888,.T.);
#3890=ORIENTED_EDGE('',*,*,#3889,.T.);
#3891=CARTESIAN_POINT('',(117.520790219,-31.19405,22.657459202));
#3892=VERTEX_POINT('',#3891);
#3893=CARTESIAN_POINT('',(117.520790219,-31.19405,17.657459202));
#3894=DIRECTION('',(0.,-0.,1.));
#3895=VECTOR('',#3894,5.);
#3896=LINE('',#3893,#3895);
#3897=EDGE_CURVE('',#3884,#3892,#3896,.T.);
#3898=ORIENTED_EDGE('',*,*,#3897,.T.);
#3899=CARTESIAN_POINT('',(117.520790219,-31.19405,22.657459202));
#3900=DIRECTION('',(1.,-0.,-0.));
#3901=VECTOR('',#3900,24.399009781);
#3902=LINE('',#3899,#3901);
#3903=EDGE_CURVE('',#3892,#3874,#3902,.T.);
#3904=ORIENTED_EDGE('',*,*,#3903,.T.);
#3905=EDGE_LOOP('',(#3882,#3890,#3898,#3904));
#3906=FACE_BOUND('',#3905,.T.);
#3907=ADVANCED_FACE('',(#3906),#3872,.T.);
#3908=CARTESIAN_POINT('',(115.520790219,-40.970744389,21.657459202));
#3909=DIRECTION('',(-1.,0.,0.));
#3910=DIRECTION('',(0.,0.,1.));
#3911=AXIS2_PLACEMENT_3D('',#3908,#3909,#3910);
#3912=PLANE('',#3911);
#3913=CARTESIAN_POINT('',(115.520790219,-33.19405,22.657459202));
#3914=VERTEX_POINT('',#3913);
#3915=CARTESIAN_POINT('',(115.520790219,-33.19405,17.657459202));
#3916=VERTEX_POINT('',#3915);
#3917=CARTESIAN_POINT('',(115.520790219,-33.19405,22.657459202));
#3918=DIRECTION('',(-0.,0.,-1.));
#3919=VECTOR('',#3918,5.);
#3920=LINE('',#3917,#3919);
#3921=EDGE_CURVE('',#3914,#3916,#3920,.T.);
#3922=ORIENTED_EDGE('',*,*,#3921,.T.);
#3923=CARTESIAN_POINT('',(115.520790219,-48.247438779,17.657459202));
#3924=VERTEX_POINT('',#3923);
#3925=CARTESIAN_POINT('',(115.520790219,-33.19405,17.657459202));
#3926=DIRECTION('',(0.,-1.,-0.));
#3927=VECTOR('',#3926,15.053388779);
#3928=LINE('',#3925,#3927);
#3929=EDGE_CURVE('',#3916,#3924,#3928,.T.);
#3930=ORIENTED_EDGE('',*,*,#3929,.T.);
#3931=CARTESIAN_POINT('',(115.520790219,-48.247438779,22.657459202));
#3932=VERTEX_POINT('',#3931);
#3933=CARTESIAN_POINT('',(115.520790219,-48.247438779,17.657459202));
#3934=DIRECTION('',(0.,-0.,1.));
#3935=VECTOR('',#3934,5.);
#3936=LINE('',#3933,#3935);
#3937=EDGE_CURVE('',#3924,#3932,#3936,.T.);
#3938=ORIENTED_EDGE('',*,*,#3937,.T.);
#3939=CARTESIAN_POINT('',(115.520790219,-48.247438779,22.657459202));
#3940=DIRECTION('',(0.,1.,0.));
#3941=VECTOR('',#3940,15.053388779);
#3942=LINE('',#3939,#3941);
#3943=EDGE_CURVE('',#3932,#3914,#3942,.T.);
#3944=ORIENTED_EDGE('',*,*,#3943,.T.);
#3945=EDGE_LOOP('',(#3922,#3930,#3938,#3944));
#3946=FACE_BOUND('',#3945,.T.);
#3947=ADVANCED_FACE('',(#3946),#3912,.T.);
#3948=CARTESIAN_POINT('',(131.469906052,-42.247438779,19.857459202));
#3949=DIRECTION('',(0.,1.,0.));
#3950=DIRECTION('',(0.,-0.,1.));
#3951=AXIS2_PLACEMENT_3D('',#3948,#3949,#3950);
#3952=PLANE('',#3951);
#3953=ORIENTED_EDGE('',*,*,#1880,.F.);
#3954=CARTESIAN_POINT('',(126.424906052,-42.247438779,18.457459202));
#3955=DIRECTION('',(1.,0.,-0.));
#3956=VECTOR('',#3955,10.09);
#3957=LINE('',#3954,#3956);
#3958=EDGE_CURVE('',#1869,#1899,#3957,.T.);
#3959=ORIENTED_EDGE('',*,*,#3958,.T.);
#3960=ORIENTED_EDGE('',*,*,#1904,.T.);
#3961=ORIENTED_EDGE('',*,*,#554,.T.);
#3962=EDGE_LOOP('',(#3953,#3959,#3960,#3961));
#3963=FACE_BOUND('',#3962,.T.);
#3964=ADVANCED_FACE('',(#3963),#3952,.F.);
#3965=CARTESIAN_POINT('',(-114.9198,-40.722438779,20.657459202));
#3966=DIRECTION('',(1.,0.,0.));
#3967=DIRECTION('',(0.,0.,-1.));
#3968=AXIS2_PLACEMENT_3D('',#3965,#3966,#3967);
#3969=PLANE('',#3968);
#3970=CARTESIAN_POINT('',(-114.9198,-48.247438779,22.657459202));
#3971=VERTEX_POINT('',#3970);
#3972=CARTESIAN_POINT('',(-114.9198,-48.247438779,17.657459202));
#3973=VERTEX_POINT('',#3972);
#3974=CARTESIAN_POINT('',(-114.9198,-48.247438779,22.657459202));
#3975=DIRECTION('',(-0.,0.,-1.));
#3976=VECTOR('',#3975,5.);
#3977=LINE('',#3974,#3976);
#3978=EDGE_CURVE('',#3971,#3973,#3977,.T.);
#3979=ORIENTED_EDGE('',*,*,#3978,.T.);
#3980=CARTESIAN_POINT('',(-114.9198,-33.197438779,17.657459202));
#3981=VERTEX_POINT('',#3980);
#3982=CARTESIAN_POINT('',(-114.9198,-48.247438779,17.657459202));
#3983=DIRECTION('',(0.,1.,0.));
#3984=VECTOR('',#3983,15.05);
#3985=LINE('',#3982,#3984);
#3986=EDGE_CURVE('',#3973,#3981,#3985,.T.);
#3987=ORIENTED_EDGE('',*,*,#3986,.T.);
#3988=CARTESIAN_POINT('',(-114.9198,-33.197438779,22.657459202));
#3989=VERTEX_POINT('',#3988);
#3990=CARTESIAN_POINT('',(-114.9198,-33.197438779,17.657459202));
#3991=DIRECTION('',(0.,-0.,1.));
#3992=VECTOR('',#3991,5.);
#3993=LINE('',#3990,#3992);
#3994=EDGE_CURVE('',#3981,#3989,#3993,.T.);
#3995=ORIENTED_EDGE('',*,*,#3994,.T.);
#3996=CARTESIAN_POINT('',(-114.9198,-33.197438779,22.657459202));
#3997=DIRECTION('',(0.,-1.,-0.));
#3998=VECTOR('',#3997,15.05);
#3999=LINE('',#3996,#3998);
#4000=EDGE_CURVE('',#3989,#3971,#3999,.T.);
#4001=ORIENTED_EDGE('',*,*,#4000,.T.);
#4002=EDGE_LOOP('',(#3979,#3987,#3995,#4001));
#4003=FACE_BOUND('',#4002,.T.);
#4004=ADVANCED_FACE('',(#4003),#3969,.T.);
#4005=CARTESIAN_POINT('',(-129.1198,-31.197438779,20.657459202));
#4006=DIRECTION('',(-0.,1.,0.));
#4007=DIRECTION('',(-1.,-0.,0.));
#4008=AXIS2_PLACEMENT_3D('',#4005,#4006,#4007);
#4009=PLANE('',#4008);
#4010=CARTESIAN_POINT('',(-116.9198,-31.197438779,22.657459202));
#4011=VERTEX_POINT('',#4010);
#4012=CARTESIAN_POINT('',(-116.9198,-31.197438779,17.657459202));
#4013=VERTEX_POINT('',#4012);
#4014=CARTESIAN_POINT('',(-116.9198,-31.197438779,22.657459202));
#4015=DIRECTION('',(-0.,0.,-1.));
#4016=VECTOR('',#4015,5.);
#4017=LINE('',#4014,#4016);
#4018=EDGE_CURVE('',#4011,#4013,#4017,.T.);
#4019=ORIENTED_EDGE('',*,*,#4018,.T.);
#4020=CARTESIAN_POINT('',(-141.3198,-31.197438779,17.657459202));
#4021=VERTEX_POINT('',#4020);
#4022=CARTESIAN_POINT('',(-116.9198,-31.197438779,17.657459202));
#4023=DIRECTION('',(-1.,-0.,-0.));
#4024=VECTOR('',#4023,24.4);
#4025=LINE('',#4022,#4024);
#4026=EDGE_CURVE('',#4013,#4021,#4025,.T.);
#4027=ORIENTED_EDGE('',*,*,#4026,.T.);
#4028=CARTESIAN_POINT('',(-141.3198,-31.197438779,22.657459202));
#4029=VERTEX_POINT('',#4028);
#4030=CARTESIAN_POINT('',(-141.3198,-31.197438779,17.657459202));
#4031=DIRECTION('',(0.,-0.,1.));
#4032=VECTOR('',#4031,5.);
#4033=LINE('',#4030,#4032);
#4034=EDGE_CURVE('',#4021,#4029,#4033,.T.);
#4035=ORIENTED_EDGE('',*,*,#4034,.T.);
#4036=CARTESIAN_POINT('',(-141.3198,-31.197438779,22.657459202));
#4037=DIRECTION('',(1.,0.,0.));
#4038=VECTOR('',#4037,24.4);
#4039=LINE('',#4036,#4038);
#4040=EDGE_CURVE('',#4029,#4011,#4039,.T.);
#4041=ORIENTED_EDGE('',*,*,#4040,.T.);
#4042=EDGE_LOOP('',(#4019,#4027,#4035,#4041));
#4043=FACE_BOUND('',#4042,.T.);
#4044=ADVANCED_FACE('',(#4043),#4009,.T.);
#4045=CARTESIAN_POINT('',(141.9198,-29.19405,-0.742540798));
#4046=DIRECTION('',(0.,0.,-1.));
#4047=DIRECTION('',(0.,1.,0.));
#4048=AXIS2_PLACEMENT_3D('',#4045,#4046,#4047);
#4049=CYLINDRICAL_SURFACE('',#4048,2.);
#4050=ORIENTED_EDGE('',*,*,#116,.F.);
#4051=CARTESIAN_POINT('',(141.9198,-29.19405,17.657459202));
#4052=DIRECTION('',(-0.,-0.,-1.));
#4053=DIRECTION('',(1.,0.,-0.));
#4054=AXIS2_PLACEMENT_3D('',#4051,#4052,#4053);
#4055=CIRCLE('',#4054,2.);
#4056=EDGE_CURVE('',#103,#3876,#4055,.T.);
#4057=ORIENTED_EDGE('',*,*,#4056,.T.);
#4058=ORIENTED_EDGE('',*,*,#3881,.F.);
#4059=CARTESIAN_POINT('',(141.9198,-29.19405,22.657459202));
#4060=DIRECTION('',(0.,0.,1.));
#4061=DIRECTION('',(1.,0.,-0.));
#4062=AXIS2_PLACEMENT_3D('',#4059,#4060,#4061);
#4063=CIRCLE('',#4062,2.);
#4064=EDGE_CURVE('',#3874,#111,#4063,.T.);
#4065=ORIENTED_EDGE('',*,*,#4064,.T.);
#4066=EDGE_LOOP('',(#4050,#4057,#4058,#4065));
#4067=FACE_BOUND('',#4066,.T.);
#4068=ADVANCED_FACE('',(#4067),#4049,.F.);
#4069=CARTESIAN_POINT('',(117.520790219,-33.19405,21.657459202));
#4070=DIRECTION('',(0.,-0.,1.));
#4071=DIRECTION('',(0.,-1.,-0.));
#4072=AXIS2_PLACEMENT_3D('',#4069,#4070,#4071);
#4073=CYLINDRICAL_SURFACE('',#4072,2.);
#4074=ORIENTED_EDGE('',*,*,#3897,.F.);
#4075=CARTESIAN_POINT('',(117.520790219,-33.19405,17.657459202));
#4076=DIRECTION('',(0.,0.,1.));
#4077=DIRECTION('',(1.,0.,-0.));
#4078=AXIS2_PLACEMENT_3D('',#4075,#4076,#4077);
#4079=CIRCLE('',#4078,2.);
#4080=EDGE_CURVE('',#3884,#3916,#4079,.T.);
#4081=ORIENTED_EDGE('',*,*,#4080,.T.);
#4082=ORIENTED_EDGE('',*,*,#3921,.F.);
#4083=CARTESIAN_POINT('',(117.520790219,-33.19405,22.657459202));
#4084=DIRECTION('',(-0.,-0.,-1.));
#4085=DIRECTION('',(1.,0.,-0.));
#4086=AXIS2_PLACEMENT_3D('',#4083,#4084,#4085);
#4087=CIRCLE('',#4086,2.);
#4088=EDGE_CURVE('',#3914,#3892,#4087,.T.);
#4089=ORIENTED_EDGE('',*,*,#4088,.T.);
#4090=EDGE_LOOP('',(#4074,#4081,#4082,#4089));
#4091=FACE_BOUND('',#4090,.T.);
#4092=ADVANCED_FACE('',(#4091),#4073,.T.);
#4093=CARTESIAN_POINT('',(-112.9198,-48.247438779,-0.742540798));
#4094=DIRECTION('',(0.,0.,-1.));
#4095=DIRECTION('',(0.,1.,0.));
#4096=AXIS2_PLACEMENT_3D('',#4093,#4094,#4095);
#4097=CYLINDRICAL_SURFACE('',#4096,2.);
#4098=ORIENTED_EDGE('',*,*,#212,.F.);
#4099=CARTESIAN_POINT('',(-112.9198,-48.247438779,17.657459202));
#4100=DIRECTION('',(-0.,-0.,-1.));
#4101=DIRECTION('',(1.,0.,-0.));
#4102=AXIS2_PLACEMENT_3D('',#4099,#4100,#4101);
#4103=CIRCLE('',#4102,2.);
#4104=EDGE_CURVE('',#199,#3973,#4103,.T.);
#4105=ORIENTED_EDGE('',*,*,#4104,.T.);
#4106=ORIENTED_EDGE('',*,*,#3978,.F.);
#4107=CARTESIAN_POINT('',(-112.9198,-48.247438779,22.657459202));
#4108=DIRECTION('',(0.,0.,1.));
#4109=DIRECTION('',(1.,0.,-0.));
#4110=AXIS2_PLACEMENT_3D('',#4107,#4108,#4109);
#4111=CIRCLE('',#4110,2.);
#4112=EDGE_CURVE('',#3971,#207,#4111,.T.);
#4113=ORIENTED_EDGE('',*,*,#4112,.T.);
#4114=EDGE_LOOP('',(#4098,#4105,#4106,#4113));
#4115=FACE_BOUND('',#4114,.T.);
#4116=ADVANCED_FACE('',(#4115),#4097,.F.);
#4117=CARTESIAN_POINT('',(-141.3198,-29.197438779,20.657459202));
#4118=DIRECTION('',(0.,0.,-1.));
#4119=DIRECTION('',(0.,1.,0.));
#4120=AXIS2_PLACEMENT_3D('',#4117,#4118,#4119);
#4121=CYLINDRICAL_SURFACE('',#4120,2.);
#4122=ORIENTED_EDGE('',*,*,#4034,.F.);
#4123=CARTESIAN_POINT('',(-141.3198,-29.197438779,17.657459202));
#4124=DIRECTION('',(-0.,-0.,-1.));
#4125=DIRECTION('',(1.,0.,-0.));
#4126=AXIS2_PLACEMENT_3D('',#4123,#4124,#4125);
#4127=CIRCLE('',#4126,2.);
#4128=EDGE_CURVE('',#4021,#1324,#4127,.T.);
#4129=ORIENTED_EDGE('',*,*,#4128,.T.);
#4130=ORIENTED_EDGE('',*,*,#1329,.F.);
#4131=CARTESIAN_POINT('',(-141.3198,-29.197438779,22.657459202));
#4132=DIRECTION('',(0.,0.,1.));
#4133=DIRECTION('',(1.,0.,-0.));
#4134=AXIS2_PLACEMENT_3D('',#4131,#4132,#4133);
#4135=CIRCLE('',#4134,2.);
#4136=EDGE_CURVE('',#1322,#4029,#4135,.T.);
#4137=ORIENTED_EDGE('',*,*,#4136,.T.);
#4138=EDGE_LOOP('',(#4122,#4129,#4130,#4137));
#4139=FACE_BOUND('',#4138,.T.);
#4140=ADVANCED_FACE('',(#4139),#4121,.F.);
#4141=CARTESIAN_POINT('',(-116.9198,-33.197438779,20.657459202));
#4142=DIRECTION('',(0.,-0.,1.));
#4143=DIRECTION('',(0.,-1.,-0.));
#4144=AXIS2_PLACEMENT_3D('',#4141,#4142,#4143);
#4145=CYLINDRICAL_SURFACE('',#4144,2.);
#4146=ORIENTED_EDGE('',*,*,#3994,.F.);
#4147=CARTESIAN_POINT('',(-116.9198,-33.197438779,17.657459202));
#4148=DIRECTION('',(0.,0.,1.));
#4149=DIRECTION('',(1.,0.,-0.));
#4150=AXIS2_PLACEMENT_3D('',#4147,#4148,#4149);
#4151=CIRCLE('',#4150,2.);
#4152=EDGE_CURVE('',#3981,#4013,#4151,.T.);
#4153=ORIENTED_EDGE('',*,*,#4152,.T.);
#4154=ORIENTED_EDGE('',*,*,#4018,.F.);
#4155=CARTESIAN_POINT('',(-116.9198,-33.197438779,22.657459202));
#4156=DIRECTION('',(-0.,-0.,-1.));
#4157=DIRECTION('',(1.,0.,-0.));
#4158=AXIS2_PLACEMENT_3D('',#4155,#4156,#4157);
#4159=CIRCLE('',#4158,2.);
#4160=EDGE_CURVE('',#4011,#3989,#4159,.T.);
#4161=ORIENTED_EDGE('',*,*,#4160,.T.);
#4162=EDGE_LOOP('',(#4146,#4153,#4154,#4161));
#4163=FACE_BOUND('',#4162,.T.);
#4164=ADVANCED_FACE('',(#4163),#4145,.T.);
#4165=CARTESIAN_POINT('',(113.520790219,-48.247438779,21.657459202));
#4166=DIRECTION('',(0.,0.,-1.));
#4167=DIRECTION('',(0.,1.,0.));
#4168=AXIS2_PLACEMENT_3D('',#4165,#4166,#4167);
#4169=CYLINDRICAL_SURFACE('',#4168,2.);
#4170=ORIENTED_EDGE('',*,*,#3937,.F.);
#4171=CARTESIAN_POINT('',(113.520790219,-48.247438779,17.657459202));
#4172=DIRECTION('',(-0.,-0.,-1.));
#4173=DIRECTION('',(1.,0.,-0.));
#4174=AXIS2_PLACEMENT_3D('',#4171,#4172,#4173);
#4175=CIRCLE('',#4174,2.);
#4176=EDGE_CURVE('',#3924,#191,#4175,.T.);
#4177=ORIENTED_EDGE('',*,*,#4176,.T.);
#4178=ORIENTED_EDGE('',*,*,#196,.F.);
#4179=CARTESIAN_POINT('',(113.520790219,-48.247438779,22.657459202));
#4180=DIRECTION('',(0.,0.,1.));
#4181=DIRECTION('',(1.,0.,-0.));
#4182=AXIS2_PLACEMENT_3D('',#4179,#4180,#4181);
#4183=CIRCLE('',#4182,2.);
#4184=EDGE_CURVE('',#189,#3932,#4183,.T.);
#4185=ORIENTED_EDGE('',*,*,#4184,.T.);
#4186=EDGE_LOOP('',(#4170,#4177,#4178,#4185));
#4187=FACE_BOUND('',#4186,.T.);
#4188=ADVANCED_FACE('',(#4187),#4169,.F.);
#4189=CARTESIAN_POINT('',(141.9198,44.240661221,22.657459202));
#4190=DIRECTION('',(0.,0.,1.));
#4191=DIRECTION('',(1.,0.,-0.));
#4192=AXIS2_PLACEMENT_3D('',#4189,#4190,#4191);
#4193=CONICAL_SURFACE('',#4192,2.,45.);
#4194=CARTESIAN_POINT('',(141.9198,46.240661221,22.657459202));
#4195=DIRECTION('',(0.,0.707106781,0.707106781));
#4196=VECTOR('',#4195,0.848528137);
#4197=LINE('',#4194,#4196);
#4198=EDGE_CURVE('',#628,#333,#4197,.T.);
#4199=ORIENTED_EDGE('',*,*,#4198,.F.);
#4200=ORIENTED_EDGE('',*,*,#2710,.F.);
#4201=CARTESIAN_POINT('',(144.5198,44.240661221,23.257459202));
#4202=DIRECTION('',(-0.707106781,0.,-0.707106781));
#4203=VECTOR('',#4202,0.848528137);
#4204=LINE('',#4201,#4203);
#4205=EDGE_CURVE('',#341,#61,#4204,.T.);
#4206=ORIENTED_EDGE('',*,*,#4205,.F.);
#4207=ORIENTED_EDGE('',*,*,#347,.F.);
#4208=EDGE_LOOP('',(#4199,#4200,#4206,#4207));
#4209=FACE_BOUND('',#4208,.T.);
#4210=ADVANCED_FACE('',(#4209),#4193,.F.);
#4211=CARTESIAN_POINT('',(144.5198,-2.003388779,23.257459202));
#4212=DIRECTION('',(0.707106781,0.,-0.707106781));
#4213=DIRECTION('',(0.,-1.,-0.));
#4214=AXIS2_PLACEMENT_3D('',#4211,#4212,#4213);
#4215=PLANE('',#4214);
#4216=ORIENTED_EDGE('',*,*,#4205,.T.);
#4217=ORIENTED_EDGE('',*,*,#122,.F.);
#4218=CARTESIAN_POINT('',(144.5198,-29.19405,23.257459202));
#4219=DIRECTION('',(-0.707106781,0.,-0.707106781));
#4220=VECTOR('',#4219,0.848528137);
#4221=LINE('',#4218,#4220);
#4222=EDGE_CURVE('',#350,#111,#4221,.T.);
#4223=ORIENTED_EDGE('',*,*,#4222,.F.);
#4224=ORIENTED_EDGE('',*,*,#355,.F.);
#4225=EDGE_LOOP('',(#4216,#4217,#4223,#4224));
#4226=FACE_BOUND('',#4225,.T.);
#4227=ADVANCED_FACE('',(#4226),#4215,.F.);
#4228=CARTESIAN_POINT('',(0.3,46.840661221,23.257459202));
#4229=DIRECTION('',(0.,0.707106781,-0.707106781));
#4230=DIRECTION('',(1.,0.,0.));
#4231=AXIS2_PLACEMENT_3D('',#4228,#4229,#4230);
#4232=PLANE('',#4231);
#4233=ORIENTED_EDGE('',*,*,#4198,.T.);
#4234=ORIENTED_EDGE('',*,*,#338,.F.);
#4235=CARTESIAN_POINT('',(-141.3198,46.240661221,22.657459202));
#4236=DIRECTION('',(0.,0.707106781,0.707106781));
#4237=VECTOR('',#4236,0.848528137);
#4238=LINE('',#4235,#4237);
#4239=EDGE_CURVE('',#610,#324,#4238,.T.);
#4240=ORIENTED_EDGE('',*,*,#4239,.F.);
#4241=ORIENTED_EDGE('',*,*,#639,.F.);
#4242=EDGE_LOOP('',(#4233,#4234,#4240,#4241));
#4243=FACE_BOUND('',#4242,.T.);
#4244=ADVANCED_FACE('',(#4243),#4232,.F.);
#4245=CARTESIAN_POINT('',(141.9198,-29.19405,23.257459202));
#4246=DIRECTION('',(0.,0.,1.));
#4247=DIRECTION('',(1.,0.,-0.));
#4248=AXIS2_PLACEMENT_3D('',#4245,#4246,#4247);
#4249=CONICAL_SURFACE('',#4248,2.6,45.);
#4250=ORIENTED_EDGE('',*,*,#4222,.T.);
#4251=ORIENTED_EDGE('',*,*,#4064,.F.);
#4252=CARTESIAN_POINT('',(141.9198,-31.79405,23.257459202));
#4253=DIRECTION('',(0.,0.707106781,-0.707106781));
#4254=VECTOR('',#4253,0.848528137);
#4255=LINE('',#4252,#4254);
#4256=EDGE_CURVE('',#358,#3874,#4255,.T.);
#4257=ORIENTED_EDGE('',*,*,#4256,.F.);
#4258=ORIENTED_EDGE('',*,*,#364,.F.);
#4259=EDGE_LOOP('',(#4250,#4251,#4257,#4258));
#4260=FACE_BOUND('',#4259,.T.);
#4261=ADVANCED_FACE('',(#4260),#4249,.F.);
#4262=CARTESIAN_POINT('',(-141.3198,44.240661221,22.657459202));
#4263=DIRECTION('',(0.,0.,1.));
#4264=DIRECTION('',(1.,0.,-0.));
#4265=AXIS2_PLACEMENT_3D('',#4262,#4263,#4264);
#4266=CONICAL_SURFACE('',#4265,2.,45.);
#4267=ORIENTED_EDGE('',*,*,#4239,.T.);
#4268=ORIENTED_EDGE('',*,*,#330,.F.);
#4269=CARTESIAN_POINT('',(-143.3198,44.240661221,22.657459202));
#4270=DIRECTION('',(-0.707106781,0.,0.707106781));
#4271=VECTOR('',#4270,0.848528137);
#4272=LINE('',#4269,#4271);
#4273=EDGE_CURVE('',#1340,#316,#4272,.T.);
#4274=ORIENTED_EDGE('',*,*,#4273,.F.);
#4275=ORIENTED_EDGE('',*,*,#2734,.F.);
#4276=EDGE_LOOP('',(#4267,#4268,#4274,#4275));
#4277=FACE_BOUND('',#4276,.T.);
#4278=ADVANCED_FACE('',(#4277),#4266,.F.);
#4279=CARTESIAN_POINT('',(0.3,-31.79405,23.257459202));
#4280=DIRECTION('',(-0.,-0.707106781,-0.707106781));
#4281=DIRECTION('',(-1.,0.,0.));
#4282=AXIS2_PLACEMENT_3D('',#4279,#4280,#4281);
#4283=PLANE('',#4282);
#4284=ORIENTED_EDGE('',*,*,#4256,.T.);
#4285=ORIENTED_EDGE('',*,*,#3903,.F.);
#4286=CARTESIAN_POINT('',(117.520790219,-31.79405,23.257459202));
#4287=DIRECTION('',(0.,0.707106781,-0.707106781));
#4288=VECTOR('',#4287,0.848528137);
#4289=LINE('',#4286,#4288);
#4290=EDGE_CURVE('',#367,#3892,#4289,.T.);
#4291=ORIENTED_EDGE('',*,*,#4290,.F.);
#4292=ORIENTED_EDGE('',*,*,#372,.F.);
#4293=EDGE_LOOP('',(#4284,#4285,#4291,#4292));
#4294=FACE_BOUND('',#4293,.T.);
#4295=ADVANCED_FACE('',(#4294),#4283,.F.);
#4296=CARTESIAN_POINT('',(-143.9198,-2.003388779,23.257459202));
#4297=DIRECTION('',(-0.707106781,0.,-0.707106781));
#4298=DIRECTION('',(0.,1.,0.));
#4299=AXIS2_PLACEMENT_3D('',#4296,#4297,#4298);
#4300=PLANE('',#4299);
#4301=ORIENTED_EDGE('',*,*,#4273,.T.);
#4302=ORIENTED_EDGE('',*,*,#321,.F.);
#4303=CARTESIAN_POINT('',(-143.3198,-29.197438779,22.657459202));
#4304=DIRECTION('',(-0.707106781,0.,0.707106781));
#4305=VECTOR('',#4304,0.848528137);
#4306=LINE('',#4303,#4305);
#4307=EDGE_CURVE('',#1322,#307,#4306,.T.);
#4308=ORIENTED_EDGE('',*,*,#4307,.F.);
#4309=ORIENTED_EDGE('',*,*,#1351,.F.);
#4310=EDGE_LOOP('',(#4301,#4302,#4308,#4309));
#4311=FACE_BOUND('',#4310,.T.);
#4312=ADVANCED_FACE('',(#4311),#4300,.F.);
#4313=CARTESIAN_POINT('',(117.520790219,-33.19405,23.257459202));
#4314=DIRECTION('',(0.,0.,-1.));
#4315=DIRECTION('',(-1.,0.,0.));
#4316=AXIS2_PLACEMENT_3D('',#4313,#4314,#4315);
#4317=CONICAL_SURFACE('',#4316,1.4,45.);
#4318=ORIENTED_EDGE('',*,*,#4290,.T.);
#4319=ORIENTED_EDGE('',*,*,#4088,.F.);
#4320=CARTESIAN_POINT('',(116.120790219,-33.19405,23.257459202));
#4321=DIRECTION('',(-0.707106781,0.,-0.707106781));
#4322=VECTOR('',#4321,0.848528137);
#4323=LINE('',#4320,#4322);
#4324=EDGE_CURVE('',#375,#3914,#4323,.T.);
#4325=ORIENTED_EDGE('',*,*,#4324,.F.);
#4326=ORIENTED_EDGE('',*,*,#381,.F.);
#4327=EDGE_LOOP('',(#4318,#4319,#4325,#4326));
#4328=FACE_BOUND('',#4327,.T.);
#4329=ADVANCED_FACE('',(#4328),#4317,.T.);
#4330=CARTESIAN_POINT('',(-141.3198,-29.197438779,23.257459202));
#4331=DIRECTION('',(0.,0.,1.));
#4332=DIRECTION('',(1.,0.,-0.));
#4333=AXIS2_PLACEMENT_3D('',#4330,#4331,#4332);
#4334=CONICAL_SURFACE('',#4333,2.6,45.);
#4335=ORIENTED_EDGE('',*,*,#4307,.T.);
#4336=ORIENTED_EDGE('',*,*,#313,.F.);
#4337=CARTESIAN_POINT('',(-141.3198,-31.197438779,22.657459202));
#4338=DIRECTION('',(0.,-0.707106781,0.707106781));
#4339=VECTOR('',#4338,0.848528137);
#4340=LINE('',#4337,#4339);
#4341=EDGE_CURVE('',#4029,#299,#4340,.T.);
#4342=ORIENTED_EDGE('',*,*,#4341,.F.);
#4343=ORIENTED_EDGE('',*,*,#4136,.F.);
#4344=EDGE_LOOP('',(#4335,#4336,#4342,#4343));
#4345=FACE_BOUND('',#4344,.T.);
#4346=ADVANCED_FACE('',(#4345),#4334,.F.);
#4347=CARTESIAN_POINT('',(116.120790219,-2.003388779,23.257459202));
#4348=DIRECTION('',(0.707106781,0.,-0.707106781));
#4349=DIRECTION('',(0.,-1.,-0.));
#4350=AXIS2_PLACEMENT_3D('',#4347,#4348,#4349);
#4351=PLANE('',#4350);
#4352=ORIENTED_EDGE('',*,*,#4324,.T.);
#4353=ORIENTED_EDGE('',*,*,#3943,.F.);
#4354=CARTESIAN_POINT('',(116.120790219,-48.247438779,23.257459202));
#4355=DIRECTION('',(-0.707106781,0.,-0.707106781));
#4356=VECTOR('',#4355,0.848528137);
#4357=LINE('',#4354,#4356);
#4358=EDGE_CURVE('',#384,#3932,#4357,.T.);
#4359=ORIENTED_EDGE('',*,*,#4358,.F.);
#4360=ORIENTED_EDGE('',*,*,#389,.F.);
#4361=EDGE_LOOP('',(#4352,#4353,#4359,#4360));
#4362=FACE_BOUND('',#4361,.T.);
#4363=ADVANCED_FACE('',(#4362),#4351,.F.);
#4364=CARTESIAN_POINT('',(0.3,-31.797438779,23.257459202));
#4365=DIRECTION('',(0.,-0.707106781,-0.707106781));
#4366=DIRECTION('',(-1.,-0.,0.));
#4367=AXIS2_PLACEMENT_3D('',#4364,#4365,#4366);
#4368=PLANE('',#4367);
#4369=ORIENTED_EDGE('',*,*,#4341,.T.);
#4370=ORIENTED_EDGE('',*,*,#304,.F.);
#4371=CARTESIAN_POINT('',(-116.9198,-31.197438779,22.657459202));
#4372=DIRECTION('',(0.,-0.707106781,0.707106781));
#4373=VECTOR('',#4372,0.848528137);
#4374=LINE('',#4371,#4373);
#4375=EDGE_CURVE('',#4011,#290,#4374,.T.);
#4376=ORIENTED_EDGE('',*,*,#4375,.F.);
#4377=ORIENTED_EDGE('',*,*,#4040,.F.);
#4378=EDGE_LOOP('',(#4369,#4370,#4376,#4377));
#4379=FACE_BOUND('',#4378,.T.);
#4380=ADVANCED_FACE('',(#4379),#4368,.F.);
#4381=CARTESIAN_POINT('',(113.520790219,-48.247438779,23.257459202));
#4382=DIRECTION('',(0.,0.,1.));
#4383=DIRECTION('',(1.,0.,-0.));
#4384=AXIS2_PLACEMENT_3D('',#4381,#4382,#4383);
#4385=CONICAL_SURFACE('',#4384,2.6,45.);
#4386=ORIENTED_EDGE('',*,*,#4358,.T.);
#4387=ORIENTED_EDGE('',*,*,#4184,.F.);
#4388=CARTESIAN_POINT('',(113.520790219,-50.847438779,23.257459202));
#4389=DIRECTION('',(0.,0.707106781,-0.707106781));
#4390=VECTOR('',#4389,0.848528137);
#4391=LINE('',#4388,#4390);
#4392=EDGE_CURVE('',#263,#189,#4391,.T.);
#4393=ORIENTED_EDGE('',*,*,#4392,.F.);
#4394=ORIENTED_EDGE('',*,*,#396,.F.);
#4395=EDGE_LOOP('',(#4386,#4387,#4393,#4394));
#4396=FACE_BOUND('',#4395,.T.);
#4397=ADVANCED_FACE('',(#4396),#4385,.F.);
#4398=CARTESIAN_POINT('',(-116.9198,-33.197438779,23.257459202));
#4399=DIRECTION('',(0.,0.,-1.));
#4400=DIRECTION('',(-1.,0.,0.));
#4401=AXIS2_PLACEMENT_3D('',#4398,#4399,#4400);
#4402=CONICAL_SURFACE('',#4401,1.4,45.);
#4403=ORIENTED_EDGE('',*,*,#4375,.T.);
#4404=ORIENTED_EDGE('',*,*,#296,.F.);
#4405=CARTESIAN_POINT('',(-114.9198,-33.197438779,22.657459202));
#4406=DIRECTION('',(-0.707106781,0.,0.707106781));
#4407=VECTOR('',#4406,0.848528137);
#4408=LINE('',#4405,#4407);
#4409=EDGE_CURVE('',#3989,#282,#4408,.T.);
#4410=ORIENTED_EDGE('',*,*,#4409,.F.);
#4411=ORIENTED_EDGE('',*,*,#4160,.F.);
#4412=EDGE_LOOP('',(#4403,#4404,#4410,#4411));
#4413=FACE_BOUND('',#4412,.T.);
#4414=ADVANCED_FACE('',(#4413),#4402,.T.);
#4415=CARTESIAN_POINT('',(0.3,-50.847438779,23.257459202));
#4416=DIRECTION('',(0.,-0.707106781,-0.707106781));
#4417=DIRECTION('',(-1.,0.,0.));
#4418=AXIS2_PLACEMENT_3D('',#4415,#4416,#4417);
#4419=PLANE('',#4418);
#4420=ORIENTED_EDGE('',*,*,#4392,.T.);
#4421=ORIENTED_EDGE('',*,*,#218,.F.);
#4422=CARTESIAN_POINT('',(-112.9198,-50.847438779,23.257459202));
#4423=DIRECTION('',(0.,0.707106781,-0.707106781));
#4424=VECTOR('',#4423,0.848528137);
#4425=LINE('',#4422,#4424);
#4426=EDGE_CURVE('',#265,#207,#4425,.T.);
#4427=ORIENTED_EDGE('',*,*,#4426,.F.);
#4428=ORIENTED_EDGE('',*,*,#270,.F.);
#4429=EDGE_LOOP('',(#4420,#4421,#4427,#4428));
#4430=FACE_BOUND('',#4429,.T.);
#4431=ADVANCED_FACE('',(#4430),#4419,.F.);
#4432=CARTESIAN_POINT('',(-115.5198,-2.003388779,23.257459202));
#4433=DIRECTION('',(-0.707106781,0.,-0.707106781));
#4434=DIRECTION('',(0.,1.,0.));
#4435=AXIS2_PLACEMENT_3D('',#4432,#4433,#4434);
#4436=PLANE('',#4435);
#4437=ORIENTED_EDGE('',*,*,#4409,.T.);
#4438=ORIENTED_EDGE('',*,*,#287,.F.);
#4439=CARTESIAN_POINT('',(-114.9198,-48.247438779,22.657459202));
#4440=DIRECTION('',(-0.707106781,0.,0.707106781));
#4441=VECTOR('',#4440,0.848528137);
#4442=LINE('',#4439,#4441);
#4443=EDGE_CURVE('',#3971,#273,#4442,.T.);
#4444=ORIENTED_EDGE('',*,*,#4443,.F.);
#4445=ORIENTED_EDGE('',*,*,#4000,.F.);
#4446=EDGE_LOOP('',(#4437,#4438,#4444,#4445));
#4447=FACE_BOUND('',#4446,.T.);
#4448=ADVANCED_FACE('',(#4447),#4436,.F.);
#4449=CARTESIAN_POINT('',(-112.9198,-48.247438779,23.257459202));
#4450=DIRECTION('',(0.,0.,1.));
#4451=DIRECTION('',(1.,0.,-0.));
#4452=AXIS2_PLACEMENT_3D('',#4449,#4450,#4451);
#4453=CONICAL_SURFACE('',#4452,2.6,45.);
#4454=ORIENTED_EDGE('',*,*,#4426,.T.);
#4455=ORIENTED_EDGE('',*,*,#4112,.F.);
#4456=ORIENTED_EDGE('',*,*,#4443,.T.);
#4457=ORIENTED_EDGE('',*,*,#279,.F.);
#4458=EDGE_LOOP('',(#4454,#4455,#4456,#4457));
#4459=FACE_BOUND('',#4458,.T.);
#4460=ADVANCED_FACE('',(#4459),#4453,.F.);
#4461=CARTESIAN_POINT('',(143.9198,-2.003388779,17.657459202));
#4462=DIRECTION('',(-0.707106781,0.,-0.707106781));
#4463=DIRECTION('',(-0.,1.,0.));
#4464=AXIS2_PLACEMENT_3D('',#4461,#4462,#4463);
#4465=PLANE('',#4464);
#4466=ORIENTED_EDGE('',*,*,#1849,.F.);
#4467=ORIENTED_EDGE('',*,*,#1036,.F.);
#4468=CARTESIAN_POINT('',(143.9198,-29.19405,17.657459202));
#4469=DIRECTION('',(0.707106781,0.,-0.707106781));
#4470=VECTOR('',#4469,0.282842712);
#4471=LINE('',#4468,#4470);
#4472=EDGE_CURVE('',#103,#1022,#4471,.T.);
#4473=ORIENTED_EDGE('',*,*,#4472,.F.);
#4474=ORIENTED_EDGE('',*,*,#108,.F.);
#4475=EDGE_LOOP('',(#4466,#4467,#4473,#4474));
#4476=FACE_BOUND('',#4475,.T.);
#4477=ADVANCED_FACE('',(#4476),#4465,.T.);
#4478=CARTESIAN_POINT('',(141.9198,-29.19405,17.457459202));
#4479=DIRECTION('',(0.,0.,-1.));
#4480=DIRECTION('',(-1.,0.,0.));
#4481=AXIS2_PLACEMENT_3D('',#4478,#4479,#4480);
#4482=CONICAL_SURFACE('',#4481,2.2,45.);
#4483=ORIENTED_EDGE('',*,*,#4472,.T.);
#4484=ORIENTED_EDGE('',*,*,#1028,.F.);
#4485=CARTESIAN_POINT('',(141.9198,-31.19405,17.657459202));
#4486=DIRECTION('',(0.,-0.707106781,-0.707106781));
#4487=VECTOR('',#4486,0.282842712);
#4488=LINE('',#4485,#4487);
#4489=EDGE_CURVE('',#3876,#1014,#4488,.T.);
#4490=ORIENTED_EDGE('',*,*,#4489,.F.);
#4491=ORIENTED_EDGE('',*,*,#4056,.F.);
#4492=EDGE_LOOP('',(#4483,#4484,#4490,#4491));
#4493=FACE_BOUND('',#4492,.T.);
#4494=ADVANCED_FACE('',(#4493),#4482,.F.);
#4495=CARTESIAN_POINT('',(129.970295109,-31.19405,17.657459202));
#4496=DIRECTION('',(0.,0.707106781,-0.707106781));
#4497=DIRECTION('',(1.,-0.,-0.));
#4498=AXIS2_PLACEMENT_3D('',#4495,#4496,#4497);
#4499=PLANE('',#4498);
#4500=ORIENTED_EDGE('',*,*,#4489,.T.);
#4501=ORIENTED_EDGE('',*,*,#1019,.F.);
#4502=CARTESIAN_POINT('',(117.520790219,-31.19405,17.657459202));
#4503=DIRECTION('',(0.,-0.707106781,-0.707106781));
#4504=VECTOR('',#4503,0.282842712);
#4505=LINE('',#4502,#4504);
#4506=EDGE_CURVE('',#3884,#1005,#4505,.T.);
#4507=ORIENTED_EDGE('',*,*,#4506,.F.);
#4508=ORIENTED_EDGE('',*,*,#3889,.F.);
#4509=EDGE_LOOP('',(#4500,#4501,#4507,#4508));
#4510=FACE_BOUND('',#4509,.T.);
#4511=ADVANCED_FACE('',(#4510),#4499,.T.);
#4512=CARTESIAN_POINT('',(117.520790219,-33.19405,17.457459202));
#4513=DIRECTION('',(0.,0.,1.));
#4514=DIRECTION('',(1.,0.,-0.));
#4515=AXIS2_PLACEMENT_3D('',#4512,#4513,#4514);
#4516=CONICAL_SURFACE('',#4515,1.8,45.);
#4517=ORIENTED_EDGE('',*,*,#4506,.T.);
#4518=ORIENTED_EDGE('',*,*,#1011,.F.);
#4519=CARTESIAN_POINT('',(115.520790219,-33.19405,17.657459202));
#4520=DIRECTION('',(0.707106781,0.,-0.707106781));
#4521=VECTOR('',#4520,0.282842712);
#4522=LINE('',#4519,#4521);
#4523=EDGE_CURVE('',#3916,#997,#4522,.T.);
#4524=ORIENTED_EDGE('',*,*,#4523,.F.);
#4525=ORIENTED_EDGE('',*,*,#4080,.F.);
#4526=EDGE_LOOP('',(#4517,#4518,#4524,#4525));
#4527=FACE_BOUND('',#4526,.T.);
#4528=ADVANCED_FACE('',(#4527),#4516,.T.);
#4529=CARTESIAN_POINT('',(115.520790219,-40.970744389,17.657459202));
#4530=DIRECTION('',(-0.707106781,0.,-0.707106781));
#4531=DIRECTION('',(-0.,1.,0.));
#4532=AXIS2_PLACEMENT_3D('',#4529,#4530,#4531);
#4533=PLANE('',#4532);
#4534=ORIENTED_EDGE('',*,*,#4523,.T.);
#4535=ORIENTED_EDGE('',*,*,#1002,.F.);
#4536=CARTESIAN_POINT('',(115.520790219,-48.247438779,17.657459202));
#4537=DIRECTION('',(0.707106781,0.,-0.707106781));
#4538=VECTOR('',#4537,0.282842712);
#4539=LINE('',#4536,#4538);
#4540=EDGE_CURVE('',#3924,#988,#4539,.T.);
#4541=ORIENTED_EDGE('',*,*,#4540,.F.);
#4542=ORIENTED_EDGE('',*,*,#3929,.F.);
#4543=EDGE_LOOP('',(#4534,#4535,#4541,#4542));
#4544=FACE_BOUND('',#4543,.T.);
#4545=ADVANCED_FACE('',(#4544),#4533,.T.);
#4546=CARTESIAN_POINT('',(113.520790219,-48.247438779,17.457459202));
#4547=DIRECTION('',(0.,0.,-1.));
#4548=DIRECTION('',(-1.,0.,0.));
#4549=AXIS2_PLACEMENT_3D('',#4546,#4547,#4548);
#4550=CONICAL_SURFACE('',#4549,2.2,45.);
#4551=ORIENTED_EDGE('',*,*,#4540,.T.);
#4552=ORIENTED_EDGE('',*,*,#994,.F.);
#4553=CARTESIAN_POINT('',(113.520790219,-50.247438779,17.657459202));
#4554=DIRECTION('',(0.,-0.707106781,-0.707106781));
#4555=VECTOR('',#4554,0.282842712);
#4556=LINE('',#4553,#4555);
#4557=EDGE_CURVE('',#191,#980,#4556,.T.);
#4558=ORIENTED_EDGE('',*,*,#4557,.F.);
#4559=ORIENTED_EDGE('',*,*,#4176,.F.);
#4560=EDGE_LOOP('',(#4551,#4552,#4558,#4559));
#4561=FACE_BOUND('',#4560,.T.);
#4562=ADVANCED_FACE('',(#4561),#4550,.F.);
#4563=CARTESIAN_POINT('',(0.3,-50.247438779,17.657459202));
#4564=DIRECTION('',(0.,0.707106781,-0.707106781));
#4565=DIRECTION('',(1.,0.,0.));
#4566=AXIS2_PLACEMENT_3D('',#4563,#4564,#4565);
#4567=PLANE('',#4566);
#4568=ORIENTED_EDGE('',*,*,#4557,.T.);
#4569=ORIENTED_EDGE('',*,*,#985,.F.);
#4570=CARTESIAN_POINT('',(-112.9198,-50.247438779,17.657459202));
#4571=DIRECTION('',(0.,-0.707106781,-0.707106781));
#4572=VECTOR('',#4571,0.282842712);
#4573=LINE('',#4570,#4572);
#4574=EDGE_CURVE('',#199,#971,#4573,.T.);
#4575=ORIENTED_EDGE('',*,*,#4574,.F.);
#4576=ORIENTED_EDGE('',*,*,#204,.F.);
#4577=EDGE_LOOP('',(#4568,#4569,#4575,#4576));
#4578=FACE_BOUND('',#4577,.T.);
#4579=ADVANCED_FACE('',(#4578),#4567,.T.);
#4580=CARTESIAN_POINT('',(-112.9198,-48.247438779,17.457459202));
#4581=DIRECTION('',(0.,0.,-1.));
#4582=DIRECTION('',(-1.,0.,0.));
#4583=AXIS2_PLACEMENT_3D('',#4580,#4581,#4582);
#4584=CONICAL_SURFACE('',#4583,2.2,45.);
#4585=ORIENTED_EDGE('',*,*,#4574,.T.);
#4586=ORIENTED_EDGE('',*,*,#977,.F.);
#4587=CARTESIAN_POINT('',(-114.9198,-48.247438779,17.657459202));
#4588=DIRECTION('',(-0.707106781,0.,-0.707106781));
#4589=VECTOR('',#4588,0.282842712);
#4590=LINE('',#4587,#4589);
#4591=EDGE_CURVE('',#3973,#963,#4590,.T.);
#4592=ORIENTED_EDGE('',*,*,#4591,.F.);
#4593=ORIENTED_EDGE('',*,*,#4104,.F.);
#4594=EDGE_LOOP('',(#4585,#4586,#4592,#4593));
#4595=FACE_BOUND('',#4594,.T.);
#4596=ADVANCED_FACE('',(#4595),#4584,.F.);
#4597=CARTESIAN_POINT('',(-114.9198,-40.722438779,17.657459202));
#4598=DIRECTION('',(0.707106781,0.,-0.707106781));
#4599=DIRECTION('',(-0.,-1.,-0.));
#4600=AXIS2_PLACEMENT_3D('',#4597,#4598,#4599);
#4601=PLANE('',#4600);
#4602=ORIENTED_EDGE('',*,*,#4591,.T.);
#4603=ORIENTED_EDGE('',*,*,#968,.F.);
#4604=CARTESIAN_POINT('',(-114.9198,-33.197438779,17.657459202));
#4605=DIRECTION('',(-0.707106781,0.,-0.707106781));
#4606=VECTOR('',#4605,0.282842712);
#4607=LINE('',#4604,#4606);
#4608=EDGE_CURVE('',#3981,#954,#4607,.T.);
#4609=ORIENTED_EDGE('',*,*,#4608,.F.);
#4610=ORIENTED_EDGE('',*,*,#3986,.F.);
#4611=EDGE_LOOP('',(#4602,#4603,#4609,#4610));
#4612=FACE_BOUND('',#4611,.T.);
#4613=ADVANCED_FACE('',(#4612),#4601,.T.);
#4614=CARTESIAN_POINT('',(-116.9198,-33.197438779,17.457459202));
#4615=DIRECTION('',(0.,0.,1.));
#4616=DIRECTION('',(1.,0.,-0.));
#4617=AXIS2_PLACEMENT_3D('',#4614,#4615,#4616);
#4618=CONICAL_SURFACE('',#4617,1.8,45.);
#4619=ORIENTED_EDGE('',*,*,#4608,.T.);
#4620=ORIENTED_EDGE('',*,*,#960,.F.);
#4621=CARTESIAN_POINT('',(-116.9198,-31.197438779,17.657459202));
#4622=DIRECTION('',(0.,-0.707106781,-0.707106781));
#4623=VECTOR('',#4622,0.282842712);
#4624=LINE('',#4621,#4623);
#4625=EDGE_CURVE('',#4013,#946,#4624,.T.);
#4626=ORIENTED_EDGE('',*,*,#4625,.F.);
#4627=ORIENTED_EDGE('',*,*,#4152,.F.);
#4628=EDGE_LOOP('',(#4619,#4620,#4626,#4627));
#4629=FACE_BOUND('',#4628,.T.);
#4630=ADVANCED_FACE('',(#4629),#4618,.T.);
#4631=CARTESIAN_POINT('',(-129.1198,-31.197438779,17.657459202));
#4632=DIRECTION('',(-0.,0.707106781,-0.707106781));
#4633=DIRECTION('',(1.,0.,0.));
#4634=AXIS2_PLACEMENT_3D('',#4631,#4632,#4633);
#4635=PLANE('',#4634);
#4636=ORIENTED_EDGE('',*,*,#4625,.T.);
#4637=ORIENTED_EDGE('',*,*,#951,.F.);
#4638=CARTESIAN_POINT('',(-141.3198,-31.197438779,17.657459202));
#4639=DIRECTION('',(0.,-0.707106781,-0.707106781));
#4640=VECTOR('',#4639,0.282842712);
#4641=LINE('',#4638,#4640);
#4642=EDGE_CURVE('',#4021,#937,#4641,.T.);
#4643=ORIENTED_EDGE('',*,*,#4642,.F.);
#4644=ORIENTED_EDGE('',*,*,#4026,.F.);
#4645=EDGE_LOOP('',(#4636,#4637,#4643,#4644));
#4646=FACE_BOUND('',#4645,.T.);
#4647=ADVANCED_FACE('',(#4646),#4635,.T.);
#4648=CARTESIAN_POINT('',(-141.3198,-29.197438779,17.457459202));
#4649=DIRECTION('',(0.,0.,-1.));
#4650=DIRECTION('',(-1.,0.,0.));
#4651=AXIS2_PLACEMENT_3D('',#4648,#4649,#4650);
#4652=CONICAL_SURFACE('',#4651,2.2,45.);
#4653=ORIENTED_EDGE('',*,*,#4642,.T.);
#4654=ORIENTED_EDGE('',*,*,#943,.F.);
#4655=CARTESIAN_POINT('',(-143.3198,-29.197438779,17.657459202));
#4656=DIRECTION('',(-0.707106781,0.,-0.707106781));
#4657=VECTOR('',#4656,0.282842712);
#4658=LINE('',#4655,#4657);
#4659=EDGE_CURVE('',#1324,#929,#4658,.T.);
#4660=ORIENTED_EDGE('',*,*,#4659,.F.);
#4661=ORIENTED_EDGE('',*,*,#4128,.F.);
#4662=EDGE_LOOP('',(#4653,#4654,#4660,#4661));
#4663=FACE_BOUND('',#4662,.T.);
#4664=ADVANCED_FACE('',(#4663),#4652,.F.);
#4665=CARTESIAN_POINT('',(-143.3198,-2.003388779,17.657459202));
#4666=DIRECTION('',(0.707106781,0.,-0.707106781));
#4667=DIRECTION('',(-0.,-1.,-0.));
#4668=AXIS2_PLACEMENT_3D('',#4665,#4666,#4667);
#4669=PLANE('',#4668);
#4670=ORIENTED_EDGE('',*,*,#4659,.T.);
#4671=ORIENTED_EDGE('',*,*,#934,.F.);
#4672=CARTESIAN_POINT('',(-143.3198,44.240661221,17.657459202));
#4673=DIRECTION('',(-0.707106781,0.,-0.707106781));
#4674=VECTOR('',#4673,0.282842712);
#4675=LINE('',#4672,#4674);
#4676=EDGE_CURVE('',#1332,#920,#4675,.T.);
#4677=ORIENTED_EDGE('',*,*,#4676,.F.);
#4678=ORIENTED_EDGE('',*,*,#1337,.F.);
#4679=EDGE_LOOP('',(#4670,#4671,#4677,#4678));
#4680=FACE_BOUND('',#4679,.T.);
#4681=ADVANCED_FACE('',(#4680),#4669,.T.);
#4682=CARTESIAN_POINT('',(-141.3198,44.240661221,17.457459202));
#4683=DIRECTION('',(0.,0.,-1.));
#4684=DIRECTION('',(-1.,0.,0.));
#4685=AXIS2_PLACEMENT_3D('',#4682,#4683,#4684);
#4686=CONICAL_SURFACE('',#4685,2.2,45.);
#4687=ORIENTED_EDGE('',*,*,#4676,.T.);
#4688=ORIENTED_EDGE('',*,*,#926,.F.);
#4689=CARTESIAN_POINT('',(-141.3198,46.240661221,17.657459202));
#4690=DIRECTION('',(0.,0.707106781,-0.707106781));
#4691=VECTOR('',#4690,0.282842712);
#4692=LINE('',#4689,#4691);
#4693=EDGE_CURVE('',#612,#912,#4692,.T.);
#4694=ORIENTED_EDGE('',*,*,#4693,.F.);
#4695=ORIENTED_EDGE('',*,*,#2726,.F.);
#4696=EDGE_LOOP('',(#4687,#4688,#4694,#4695));
#4697=FACE_BOUND('',#4696,.T.);
#4698=ADVANCED_FACE('',(#4697),#4686,.F.);
#4699=CARTESIAN_POINT('',(0.3,46.240661221,17.657459202));
#4700=DIRECTION('',(0.,-0.707106781,-0.707106781));
#4701=DIRECTION('',(-1.,0.,0.));
#4702=AXIS2_PLACEMENT_3D('',#4699,#4700,#4701);
#4703=PLANE('',#4702);
#4704=ORIENTED_EDGE('',*,*,#4693,.T.);
#4705=ORIENTED_EDGE('',*,*,#917,.F.);
#4706=CARTESIAN_POINT('',(141.9198,46.240661221,17.657459202));
#4707=DIRECTION('',(0.,0.707106781,-0.707106781));
#4708=VECTOR('',#4707,0.282842712);
#4709=LINE('',#4706,#4708);
#4710=EDGE_CURVE('',#620,#903,#4709,.T.);
#4711=ORIENTED_EDGE('',*,*,#4710,.F.);
#4712=ORIENTED_EDGE('',*,*,#625,.F.);
#4713=EDGE_LOOP('',(#4704,#4705,#4711,#4712));
#4714=FACE_BOUND('',#4713,.T.);
#4715=ADVANCED_FACE('',(#4714),#4703,.T.);
#4716=CARTESIAN_POINT('',(141.9198,44.240661221,17.457459202));
#4717=DIRECTION('',(0.,0.,-1.));
#4718=DIRECTION('',(-1.,0.,0.));
#4719=AXIS2_PLACEMENT_3D('',#4716,#4717,#4718);
#4720=CONICAL_SURFACE('',#4719,2.2,45.);
#4721=ORIENTED_EDGE('',*,*,#4710,.T.);
#4722=ORIENTED_EDGE('',*,*,#909,.F.);
#4723=CARTESIAN_POINT('',(143.9198,44.240661221,17.657459202));
#4724=DIRECTION('',(0.707106781,0.,-0.707106781));
#4725=VECTOR('',#4724,0.282842712);
#4726=LINE('',#4723,#4725);
#4727=EDGE_CURVE('',#63,#895,#4726,.T.);
#4728=ORIENTED_EDGE('',*,*,#4727,.F.);
#4729=ORIENTED_EDGE('',*,*,#2702,.F.);
#4730=EDGE_LOOP('',(#4721,#4722,#4728,#4729));
#4731=FACE_BOUND('',#4730,.T.);
#4732=ADVANCED_FACE('',(#4731),#4720,.F.);
#4733=CARTESIAN_POINT('',(143.9198,-2.003388779,17.657459202));
#4734=DIRECTION('',(-0.707106781,0.,-0.707106781));
#4735=DIRECTION('',(-0.,1.,0.));
#4736=AXIS2_PLACEMENT_3D('',#4733,#4734,#4735);
#4737=PLANE('',#4736);
#4738=ORIENTED_EDGE('',*,*,#4727,.T.);
#4739=ORIENTED_EDGE('',*,*,#900,.F.);
#4740=ORIENTED_EDGE('',*,*,#2827,.F.);
#4741=ORIENTED_EDGE('',*,*,#76,.F.);
#4742=EDGE_LOOP('',(#4738,#4739,#4740,#4741));
#4743=FACE_BOUND('',#4742,.T.);
#4744=ADVANCED_FACE('',(#4743),#4737,.T.);
#4745=CARTESIAN_POINT('',(137.514906052,-2.003388779,17.457459202));
#4746=DIRECTION('',(0.707106781,-0.,0.707106781));
#4747=DIRECTION('',(0.,1.,0.));
#4748=AXIS2_PLACEMENT_3D('',#4745,#4746,#4747);
#4749=PLANE('',#4748);
#4750=ORIENTED_EDGE('',*,*,#178,.F.);
#4751=ORIENTED_EDGE('',*,*,#1910,.F.);
#4752=CARTESIAN_POINT('',(137.514906052,-41.247438779,17.457459202));
#4753=DIRECTION('',(-0.577350269,-0.577350269,0.577350269));
#4754=VECTOR('',#4753,1.732050808);
#4755=LINE('',#4752,#4754);
#4756=EDGE_CURVE('',#869,#1899,#4755,.T.);
#4757=ORIENTED_EDGE('',*,*,#4756,.F.);
#4758=ORIENTED_EDGE('',*,*,#874,.F.);
#4759=EDGE_LOOP('',(#4750,#4751,#4757,#4758));
#4760=FACE_BOUND('',#4759,.T.);
#4761=ADVANCED_FACE('',(#4760),#4749,.F.);
#4762=CARTESIAN_POINT('',(0.8,-41.247438779,17.457459202));
#4763=DIRECTION('',(0.,0.707106781,0.707106781));
#4764=DIRECTION('',(-1.,0.,0.));
#4765=AXIS2_PLACEMENT_3D('',#4762,#4763,#4764);
#4766=PLANE('',#4765);
#4767=ORIENTED_EDGE('',*,*,#4756,.T.);
#4768=ORIENTED_EDGE('',*,*,#3958,.F.);
#4769=CARTESIAN_POINT('',(125.424906052,-41.247438779,17.457459202));
#4770=DIRECTION('',(0.577350269,-0.577350269,0.577350269));
#4771=VECTOR('',#4770,1.732050808);
#4772=LINE('',#4769,#4771);
#4773=EDGE_CURVE('',#860,#1869,#4772,.T.);
#4774=ORIENTED_EDGE('',*,*,#4773,.F.);
#4775=ORIENTED_EDGE('',*,*,#880,.F.);
#4776=EDGE_LOOP('',(#4767,#4768,#4774,#4775));
#4777=FACE_BOUND('',#4776,.T.);
#4778=ADVANCED_FACE('',(#4777),#4766,.F.);
#4779=CARTESIAN_POINT('',(126.424906052,-57.147438779,18.457459202));
#4780=DIRECTION('',(-0.707106781,-0.,0.707106781));
#4781=DIRECTION('',(0.,1.,0.));
#4782=AXIS2_PLACEMENT_3D('',#4779,#4780,#4781);
#4783=PLANE('',#4782);
#4784=ORIENTED_EDGE('',*,*,#148,.F.);
#4785=ORIENTED_EDGE('',*,*,#865,.F.);
#4786=ORIENTED_EDGE('',*,*,#4773,.T.);
#4787=ORIENTED_EDGE('',*,*,#1874,.F.);
#4788=EDGE_LOOP('',(#4784,#4785,#4786,#4787));
#4789=FACE_BOUND('',#4788,.T.);
#4790=ADVANCED_FACE('',(#4789),#4783,.F.);
#4791=CLOSED_SHELL('',(#126,#182,#256,#470,#501,#532,#572,#603,#711,#742,#773,#813,#853,#1138,#1178,#1202,#1235,#1275,#1315,#1355,#1579,#1742,#1775,#1808,#1838,#1861,
#1892,#1923,#1935,#1955,#1975,#1992,#2009,#2026,#2047,#2067,#2084,#2101,#2118,#2130,#2153,#2176,#2223,#2245,#2262,#2275,#2293,#2305,#2322,#2339,#2351,
#2459,#2490,#2530,#2570,#2642,#2666,#2690,#2714,#2738,#2762,#2786,#2816,#2839,#2870,#2901,#2919,#2937,#2968,#2992,#3016,#3033,#3045,#3057,#3069,#3086,
#3102,#3114,#3137,#3160,#3207,#3229,#3247,#3259,#3277,#3289,#3306,#3323,#3335,#3358,#3375,#3392,#3409,#3426,#3443,#3460,#3483,#3500,#3517,#3534,#3551,
#3568,#3585,#3597,#3614,#3631,#3648,#3665,#3682,#3699,#3716,#3733,#3745,#3769,#3786,#3803,#3820,#3839,#3853,#3867,#3907,#3947,#3964,#4004,#4044,#4068,
#4092,#4116,#4140,#4164,#4188,#4210,#4227,#4244,#4261,#4278,#4295,#4312,#4329,#4346,#4363,#4380,#4397,#4414,#4431,#4448,#4460,#4477,#4494,#4511,#4528,
#4545,#4562,#4579,#4596,#4613,#4630,#4647,#4664,#4681,#4698,#4715,#4732,#4744,#4761,#4778,#4790));
#4792=MANIFOLD_SOLID_BREP('outer_case_hhkb',#4791);
#4793=COLOUR_RGB('',0.517647088,0.800000012,1.);
#4794=FILL_AREA_STYLE_COLOUR('',#4793);
#4795=FILL_AREA_STYLE('',(#4794));
#4796=SURFACE_STYLE_FILL_AREA(#4795);
#4797=SURFACE_SIDE_STYLE('',(#4796));
#4798=SURFACE_STYLE_USAGE(.BOTH.,#4797);
#4799=PRESENTATION_STYLE_ASSIGNMENT((#4798));
#54=STYLED_ITEM('',(#4799),#4792);
#35=SHAPE_REPRESENTATION('main_frame',(#15),#33);
#36=ADVANCED_BREP_SHAPE_REPRESENTATION('main_frame',(#4792),#33);
#4807=SHAPE_REPRESENTATION_RELATIONSHIP('','',#35,#36);
#4808=CARTESIAN_POINT('',(0.,0.,0.));
#4809=DIRECTION('',(0.,0.,1.));
#4810=DIRECTION('',(1.,0.,0.));
#4811=AXIS2_PLACEMENT_3D('',#4808,#4809,#4810);
#4813=MAPPED_ITEM('',#4812,#4811);
#4812=REPRESENTATION_MAP(#4811,#35);
#4814=APPLICATION_CONTEXT('Managed model based 3d engineering');
#4815=APPLICATION_PROTOCOL_DEFINITION('international standard','ap242_managed_model_based_3d_engineering',2014,#4814);
#4816=PRODUCT_CONTEXT('',#4814,'mechanical');
#4817=PRODUCT_DEFINITION_CONTEXT('part definition',#4814,'design');
#43=PRODUCT('main_frame','main_frame','',(#4816));
#4818=PRODUCT_RELATED_PRODUCT_CATEGORY('part','',(#43));
#4819=PRODUCT_DEFINITION_FORMATION_WITH_SPECIFIED_SOURCE('','',#43,.NOT_KNOWN.);
#44=PRODUCT_DEFINITION('design','',#4819,#4817);
#42=PRODUCT_DEFINITION_SHAPE('','',#44);
#4820=SHAPE_DEFINITION_REPRESENTATION(#42,#35);
#34=DRAUGHTING_MODEL('',(#4813),#33);
#16=SHAPE_REPRESENTATION('root',(#15,#48),#10);
#4821=CARTESIAN_POINT('',(0.,0.,0.));
#4822=DIRECTION('',(0.,0.,1.));
#4823=DIRECTION('',(1.,0.,0.));
#4824=AXIS2_PLACEMENT_3D('',#4821,#4822,#4823);
#4826=MAPPED_ITEM('',#4825,#4824);
#4825=REPRESENTATION_MAP(#4824,#16);
#24=PRODUCT('root','root','',(#4816));
#4827=PRODUCT_RELATED_PRODUCT_CATEGORY('part','',(#24));
#4828=PRODUCT_DEFINITION_FORMATION_WITH_SPECIFIED_SOURCE('','',#24,.NOT_KNOWN.);
#25=PRODUCT_DEFINITION('design','',#4828,#4817);
#23=PRODUCT_DEFINITION_SHAPE('','',#25);
#4829=SHAPE_DEFINITION_REPRESENTATION(#23,#16);
#11=DRAUGHTING_MODEL('',(#4826),#10);
#4830=DESCRIPTIVE_REPRESENTATION_ITEM('KEY','C:\\Users\\13271\\AppData\\Local\\Packages\\Shapr3D.Shapr3D_j403pzjkqtqbj\\TempState\\d4ebca4d-d49e-411e-8403-92b15d14b075.tmp');
#4831=PROPERTY_DEFINITION('KEY','',#25);
#4832=REPRESENTATION('',(#4830),#10);
#4833=PROPERTY_DEFINITION_REPRESENTATION(#4831,#4832);
#4834=GENERAL_PROPERTY('','KEY','');
#4835=GENERAL_PROPERTY_ASSOCIATION('','',#4834,#4831);
#1=MECHANICAL_DESIGN_GEOMETRIC_PRESENTATION_REPRESENTATION('',(#54),#10);
ENDSEC;
END-ISO-10303-21;
