ISO-10303-21;
HEADER;

/* File generated by Shapr3D Version 5.1010.9989.0 */

FILE_DESCRIPTION(('HOOPS Exchange Step'),'2;1');

FILE_NAME('C:\\Users\\13271\\AppData\\Local\\Packages\\Shapr3D.Shapr3D_dvv5p1vgwv6mp\\TempState\\export\\temp_export',
'2025-12-16T15:25:45+08:00',
('13271'),
('Shapr3D Limited'),
'HOOPS Exchange 2025.7',
'Shapr3D',
'Authorized');

FILE_SCHEMA( ('AP242_MANAGED_MODEL_BASED_3D_ENGINEERING_MIM_LF {1 0 10303 442 1 1 4}') );

ENDSEC;

DATA;
#3=(NAMED_UNIT(*)PLANE_ANGLE_UNIT()SI_UNIT($,.RADIAN.));
#4=PLANE_ANGLE_MEASURE_WITH_UNIT(PLANE_ANGLE_MEASURE(0.0174532925),#3);
#5=(CONVERSION_BASED_UNIT('DEGREE',#4)NAMED_UNIT(#6)PLANE_ANGLE_UNIT());
#6=DIMENSIONAL_EXPONENTS(0.,0.,0.,0.,0.,0.,0.);
#7=(NAMED_UNIT(*)SI_UNIT($,.STERADIAN.)SOLID_ANGLE_UNIT());
#8=(LENGTH_UNIT()NAMED_UNIT(*)SI_UNIT(.MILLI.,.METRE.));
#9=UNCERTAINTY_MEASURE_WITH_UNIT(LENGTH_MEASURE(1.000000E-03),#8,'DISTANCE_ACCURACY_VALUE','Maximum Tolerance applied to model');
#10=(GEOMETRIC_REPRESENTATION_CONTEXT(3)GLOBAL_UNCERTAINTY_ASSIGNED_CONTEXT((#9))GLOBAL_UNIT_ASSIGNED_CONTEXT((#8,#5,#7))REPRESENTATION_CONTEXT('','root'));
#12=CARTESIAN_POINT('',(0.,0.,0.));
#13=DIRECTION('',(0.,0.,1.));
#14=DIRECTION('',(1.,0.,0.));
#15=AXIS2_PLACEMENT_3D('',#12,#13,#14);
#26=(NAMED_UNIT(*)PLANE_ANGLE_UNIT()SI_UNIT($,.RADIAN.));
#27=PLANE_ANGLE_MEASURE_WITH_UNIT(PLANE_ANGLE_MEASURE(0.0174532925),#26);
#28=(CONVERSION_BASED_UNIT('DEGREE',#27)NAMED_UNIT(#29)PLANE_ANGLE_UNIT());
#29=DIMENSIONAL_EXPONENTS(0.,0.,0.,0.,0.,0.,0.);
#30=(NAMED_UNIT(*)SI_UNIT($,.STERADIAN.)SOLID_ANGLE_UNIT());
#31=(LENGTH_UNIT()NAMED_UNIT(*)SI_UNIT(.MILLI.,.METRE.));
#32=UNCERTAINTY_MEASURE_WITH_UNIT(LENGTH_MEASURE(1.000000E-05),#31,'DISTANCE_ACCURACY_VALUE','Maximum Tolerance applied to model');
#33=(GEOMETRIC_REPRESENTATION_CONTEXT(3)GLOBAL_UNCERTAINTY_ASSIGNED_CONTEXT((#32))GLOBAL_UNIT_ASSIGNED_CONTEXT((#31,#28,#30))REPRESENTATION_CONTEXT('','main_frame'));
#45=CARTESIAN_POINT('',(0.,0.,0.));
#46=DIRECTION('',(0.,0.,1.));
#47=DIRECTION('',(1.,0.,-0.));
#48=AXIS2_PLACEMENT_3D('',#45,#46,#47);
#49=ITEM_DEFINED_TRANSFORMATION('','',#48,#15);
#50=(REPRESENTATION_RELATIONSHIP('','',#35,#16)REPRESENTATION_RELATIONSHIP_WITH_TRANSFORMATION(#49)SHAPE_REPRESENTATION_RELATIONSHIP());
#51=NEXT_ASSEMBLY_USAGE_OCCURRENCE('main_frame_1','main_frame','main_frame',#25,#44,$);
#52=PRODUCT_DEFINITION_SHAPE('','',#51);
#53=CONTEXT_DEPENDENT_SHAPE_REPRESENTATION(#50,#52);
#55=CARTESIAN_POINT('',(-95.097990942,-40.722438779,24.457459202));
#56=DIRECTION('',(-1.,0.,0.));
#57=DIRECTION('',(0.,0.,1.));
#58=AXIS2_PLACEMENT_3D('',#55,#56,#57);
#59=PLANE('',#58);
#60=CARTESIAN_POINT('',(-95.097990942,-33.197438779,24.657459202));
#61=VERTEX_POINT('',#60);
#62=CARTESIAN_POINT('',(-95.097990942,-33.197438779,29.657459202));
#63=VERTEX_POINT('',#62);
#64=CARTESIAN_POINT('',(-95.097990942,-33.197438779,24.657459202));
#65=DIRECTION('',(0.,-0.,1.));
#66=VECTOR('',#65,5.);
#67=LINE('',#64,#66);
#68=EDGE_CURVE('',#61,#63,#67,.T.);
#69=ORIENTED_EDGE('',*,*,#68,.T.);
#70=CARTESIAN_POINT('',(-95.097990942,-48.247438779,29.657459202));
#71=VERTEX_POINT('',#70);
#72=CARTESIAN_POINT('',(-95.097990942,-33.197438779,29.657459202));
#73=DIRECTION('',(0.,-1.,-0.));
#74=VECTOR('',#73,15.05);
#75=LINE('',#72,#74);
#76=EDGE_CURVE('',#63,#71,#75,.T.);
#77=ORIENTED_EDGE('',*,*,#76,.T.);
#78=CARTESIAN_POINT('',(-95.097990942,-48.247438779,24.657459202));
#79=VERTEX_POINT('',#78);
#80=CARTESIAN_POINT('',(-95.097990942,-48.247438779,29.657459202));
#81=DIRECTION('',(-0.,-0.,-1.));
#82=VECTOR('',#81,5.);
#83=LINE('',#80,#82);
#84=EDGE_CURVE('',#71,#79,#83,.T.);
#85=ORIENTED_EDGE('',*,*,#84,.T.);
#86=CARTESIAN_POINT('',(-95.097990942,-48.247438779,24.657459202));
#87=DIRECTION('',(0.,1.,0.));
#88=VECTOR('',#87,15.05);
#89=LINE('',#86,#88);
#90=EDGE_CURVE('',#79,#61,#89,.T.);
#91=ORIENTED_EDGE('',*,*,#90,.T.);
#92=EDGE_LOOP('',(#69,#77,#85,#91));
#93=FACE_BOUND('',#92,.T.);
#94=ADVANCED_FACE('',(#93),#59,.F.);
#95=CARTESIAN_POINT('',(-104.622990942,-31.197438779,24.457459202));
#96=DIRECTION('',(-0.,-1.,-0.));
#97=DIRECTION('',(1.,-0.,0.));
#98=AXIS2_PLACEMENT_3D('',#95,#96,#97);
#99=PLANE('',#98);
#100=CARTESIAN_POINT('',(-112.147990942,-31.197438779,24.657459202));
#101=VERTEX_POINT('',#100);
#102=CARTESIAN_POINT('',(-112.147990942,-31.197438779,29.657459202));
#103=VERTEX_POINT('',#102);
#104=CARTESIAN_POINT('',(-112.147990942,-31.197438779,24.657459202));
#105=DIRECTION('',(0.,-0.,1.));
#106=VECTOR('',#105,5.);
#107=LINE('',#104,#106);
#108=EDGE_CURVE('',#101,#103,#107,.T.);
#109=ORIENTED_EDGE('',*,*,#108,.T.);
#110=CARTESIAN_POINT('',(-97.097990942,-31.197438779,29.657459202));
#111=VERTEX_POINT('',#110);
#112=CARTESIAN_POINT('',(-112.147990942,-31.197438779,29.657459202));
#113=DIRECTION('',(1.,-0.,-0.));
#114=VECTOR('',#113,15.05);
#115=LINE('',#112,#114);
#116=EDGE_CURVE('',#103,#111,#115,.T.);
#117=ORIENTED_EDGE('',*,*,#116,.T.);
#118=CARTESIAN_POINT('',(-97.097990942,-31.197438779,24.657459202));
#119=VERTEX_POINT('',#118);
#120=CARTESIAN_POINT('',(-97.097990942,-31.197438779,29.657459202));
#121=DIRECTION('',(-0.,0.,-1.));
#122=VECTOR('',#121,5.);
#123=LINE('',#120,#122);
#124=EDGE_CURVE('',#111,#119,#123,.T.);
#125=ORIENTED_EDGE('',*,*,#124,.T.);
#126=CARTESIAN_POINT('',(-97.097990942,-31.197438779,24.657459202));
#127=DIRECTION('',(-1.,0.,0.));
#128=VECTOR('',#127,15.05);
#129=LINE('',#126,#128);
#130=EDGE_CURVE('',#119,#101,#129,.T.);
#131=ORIENTED_EDGE('',*,*,#130,.T.);
#132=EDGE_LOOP('',(#109,#117,#125,#131));
#133=FACE_BOUND('',#132,.T.);
#134=ADVANCED_FACE('',(#133),#99,.F.);
#135=CARTESIAN_POINT('',(-114.147990942,-40.722438779,24.457459202));
#136=DIRECTION('',(1.,0.,0.));
#137=DIRECTION('',(0.,0.,-1.));
#138=AXIS2_PLACEMENT_3D('',#135,#136,#137);
#139=PLANE('',#138);
#140=CARTESIAN_POINT('',(-114.147990942,-48.247438779,24.657459202));
#141=VERTEX_POINT('',#140);
#142=CARTESIAN_POINT('',(-114.147990942,-48.247438779,29.657459202));
#143=VERTEX_POINT('',#142);
#144=CARTESIAN_POINT('',(-114.147990942,-48.247438779,24.657459202));
#145=DIRECTION('',(0.,0.,1.));
#146=VECTOR('',#145,5.);
#147=LINE('',#144,#146);
#148=EDGE_CURVE('',#141,#143,#147,.T.);
#149=ORIENTED_EDGE('',*,*,#148,.T.);
#150=CARTESIAN_POINT('',(-114.147990942,-33.197438779,29.657459202));
#151=VERTEX_POINT('',#150);
#152=CARTESIAN_POINT('',(-114.147990942,-48.247438779,29.657459202));
#153=DIRECTION('',(0.,1.,0.));
#154=VECTOR('',#153,15.05);
#155=LINE('',#152,#154);
#156=EDGE_CURVE('',#143,#151,#155,.T.);
#157=ORIENTED_EDGE('',*,*,#156,.T.);
#158=CARTESIAN_POINT('',(-114.147990942,-33.197438779,24.657459202));
#159=VERTEX_POINT('',#158);
#160=CARTESIAN_POINT('',(-114.147990942,-33.197438779,29.657459202));
#161=DIRECTION('',(-0.,0.,-1.));
#162=VECTOR('',#161,5.);
#163=LINE('',#160,#162);
#164=EDGE_CURVE('',#151,#159,#163,.T.);
#165=ORIENTED_EDGE('',*,*,#164,.T.);
#166=CARTESIAN_POINT('',(-114.147990942,-33.197438779,24.657459202));
#167=DIRECTION('',(0.,-1.,-0.));
#168=VECTOR('',#167,15.05);
#169=LINE('',#166,#168);
#170=EDGE_CURVE('',#159,#141,#169,.T.);
#171=ORIENTED_EDGE('',*,*,#170,.T.);
#172=EDGE_LOOP('',(#149,#157,#165,#171));
#173=FACE_BOUND('',#172,.T.);
#174=ADVANCED_FACE('',(#173),#139,.F.);
#175=CARTESIAN_POINT('',(0.,0.,24.457459202));
#176=DIRECTION('',(0.,-0.,1.));
#177=DIRECTION('',(1.,0.,0.));
#178=AXIS2_PLACEMENT_3D('',#175,#176,#177);
#179=PLANE('',#178);
#180=CARTESIAN_POINT('',(141.9198,-50.447438779,24.457459202));
#181=VERTEX_POINT('',#180);
#182=CARTESIAN_POINT('',(144.1198,-48.247438779,24.457459202));
#183=VERTEX_POINT('',#182);
#184=CARTESIAN_POINT('',(141.9198,-48.247438779,24.457459202));
#185=DIRECTION('',(0.,-0.,1.));
#186=DIRECTION('',(0.,-1.,-0.));
#187=AXIS2_PLACEMENT_3D('',#184,#185,#186);
#188=CIRCLE('',#187,2.2);
#189=EDGE_CURVE('',#181,#183,#188,.T.);
#190=ORIENTED_EDGE('',*,*,#189,.T.);
#191=CARTESIAN_POINT('',(144.1198,-20.503388779,24.457459202));
#192=VERTEX_POINT('',#191);
#193=CARTESIAN_POINT('',(144.1198,-48.247438779,24.457459202));
#194=DIRECTION('',(0.,1.,0.));
#195=VECTOR('',#194,27.74405);
#196=LINE('',#193,#195);
#197=EDGE_CURVE('',#183,#192,#196,.T.);
#198=ORIENTED_EDGE('',*,*,#197,.T.);
#199=CARTESIAN_POINT('',(144.6198,-21.003388779,24.457459202));
#200=VERTEX_POINT('',#199);
#201=CARTESIAN_POINT('',(144.1198,-20.503388779,24.457459202));
#202=DIRECTION('',(0.707106781,-0.707106781,0.));
#203=VECTOR('',#202,0.707106781);
#204=LINE('',#201,#203);
#205=EDGE_CURVE('',#192,#200,#204,.T.);
#206=ORIENTED_EDGE('',*,*,#205,.T.);
#207=CARTESIAN_POINT('',(146.5198,-21.003388779,24.457459202));
#208=VERTEX_POINT('',#207);
#209=CARTESIAN_POINT('',(146.5198,-21.003388779,24.457459202));
#210=DIRECTION('',(-1.,-0.,0.));
#211=VECTOR('',#210,1.9);
#212=LINE('',#209,#211);
#213=EDGE_CURVE('NONE',#208,#200,#212,.T.);
#214=ORIENTED_EDGE('',*,*,#213,.F.);
#215=CARTESIAN_POINT('',(146.5198,-52.147438779,24.457459202));
#216=VERTEX_POINT('',#215);
#217=CARTESIAN_POINT('',(146.5198,-21.003388779,24.457459202));
#218=DIRECTION('',(-0.,-1.,-0.));
#219=VECTOR('',#218,31.14405);
#220=LINE('',#217,#219);
#221=EDGE_CURVE('NONE',#208,#216,#220,.T.);
#222=ORIENTED_EDGE('',*,*,#221,.T.);
#223=CARTESIAN_POINT('',(141.6198,-57.047438779,24.457459202));
#224=VERTEX_POINT('',#223);
#225=CARTESIAN_POINT('',(141.6198,-52.147438779,24.457459202));
#226=DIRECTION('',(0.,0.,-1.));
#227=DIRECTION('',(-1.,0.,0.));
#228=AXIS2_PLACEMENT_3D('',#225,#226,#227);
#229=CIRCLE('',#228,4.9);
#230=EDGE_CURVE('NONE',#216,#224,#229,.T.);
#231=ORIENTED_EDGE('',*,*,#230,.T.);
#232=CARTESIAN_POINT('',(-141.5198,-57.047438779,24.457459202));
#233=VERTEX_POINT('',#232);
#234=CARTESIAN_POINT('',(141.6198,-57.047438779,24.457459202));
#235=DIRECTION('',(-1.,-0.,0.));
#236=VECTOR('',#235,283.1396);
#237=LINE('',#234,#236);
#238=EDGE_CURVE('NONE',#224,#233,#237,.T.);
#239=ORIENTED_EDGE('',*,*,#238,.T.);
#240=CARTESIAN_POINT('',(-146.3198,-52.247438779,24.457459202));
#241=VERTEX_POINT('',#240);
#242=CARTESIAN_POINT('',(-141.5198,-52.247438779,24.457459202));
#243=DIRECTION('',(0.,0.,-1.));
#244=DIRECTION('',(-1.,0.,0.));
#245=AXIS2_PLACEMENT_3D('',#242,#243,#244);
#246=CIRCLE('',#245,4.8);
#247=EDGE_CURVE('NONE',#233,#241,#246,.T.);
#248=ORIENTED_EDGE('',*,*,#247,.T.);
#249=CARTESIAN_POINT('',(-146.3198,-0.1,24.457459202));
#250=VERTEX_POINT('',#249);
#251=CARTESIAN_POINT('',(-146.3198,-52.247438779,24.457459202));
#252=DIRECTION('',(0.,1.,0.));
#253=VECTOR('',#252,52.147438779);
#254=LINE('',#251,#253);
#255=EDGE_CURVE('NONE',#241,#250,#254,.T.);
#256=ORIENTED_EDGE('',*,*,#255,.T.);
#257=CARTESIAN_POINT('',(-143.5198,-0.1,24.457459202));
#258=VERTEX_POINT('',#257);
#259=CARTESIAN_POINT('',(-143.5198,-0.1,24.457459202));
#260=DIRECTION('',(-1.,0.,0.));
#261=VECTOR('',#260,2.8);
#262=LINE('',#259,#261);
#263=EDGE_CURVE('',#258,#250,#262,.T.);
#264=ORIENTED_EDGE('',*,*,#263,.F.);
#265=CARTESIAN_POINT('',(-143.5198,-48.247438779,24.457459202));
#266=VERTEX_POINT('',#265);
#267=CARTESIAN_POINT('',(-143.5198,-0.1,24.457459202));
#268=DIRECTION('',(0.,-1.,-0.));
#269=VECTOR('',#268,48.147438779);
#270=LINE('',#267,#269);
#271=EDGE_CURVE('',#258,#266,#270,.T.);
#272=ORIENTED_EDGE('',*,*,#271,.T.);
#273=CARTESIAN_POINT('',(-141.3198,-50.447438779,24.457459202));
#274=VERTEX_POINT('',#273);
#275=CARTESIAN_POINT('',(-141.3198,-48.247438779,24.457459202));
#276=DIRECTION('',(0.,-0.,1.));
#277=DIRECTION('',(0.,-1.,-0.));
#278=AXIS2_PLACEMENT_3D('',#275,#276,#277);
#279=CIRCLE('',#278,2.2);
#280=EDGE_CURVE('',#266,#274,#279,.T.);
#281=ORIENTED_EDGE('',*,*,#280,.T.);
#282=CARTESIAN_POINT('',(-116.147990942,-50.447438779,24.457459202));
#283=VERTEX_POINT('',#282);
#284=CARTESIAN_POINT('',(-141.3198,-50.447438779,24.457459202));
#285=DIRECTION('',(1.,0.,-0.));
#286=VECTOR('',#285,25.171809058);
#287=LINE('',#284,#286);
#288=EDGE_CURVE('',#274,#283,#287,.T.);
#289=ORIENTED_EDGE('',*,*,#288,.T.);
#290=CARTESIAN_POINT('',(-113.947990942,-48.247438779,24.457459202));
#291=VERTEX_POINT('',#290);
#292=CARTESIAN_POINT('',(-116.147990942,-48.247438779,24.457459202));
#293=DIRECTION('',(0.,-0.,1.));
#294=DIRECTION('',(0.,-1.,-0.));
#295=AXIS2_PLACEMENT_3D('',#292,#293,#294);
#296=CIRCLE('',#295,2.2);
#297=EDGE_CURVE('',#283,#291,#296,.T.);
#298=ORIENTED_EDGE('',*,*,#297,.T.);
#299=CARTESIAN_POINT('',(-113.947990942,-33.197438779,24.457459202));
#300=VERTEX_POINT('',#299);
#301=CARTESIAN_POINT('',(-113.947990942,-48.247438779,24.457459202));
#302=DIRECTION('',(0.,1.,0.));
#303=VECTOR('',#302,15.05);
#304=LINE('',#301,#303);
#305=EDGE_CURVE('',#291,#300,#304,.T.);
#306=ORIENTED_EDGE('',*,*,#305,.T.);
#307=CARTESIAN_POINT('',(-112.147990942,-31.397438779,24.457459202));
#308=VERTEX_POINT('',#307);
#309=CARTESIAN_POINT('',(-112.147990942,-33.197438779,24.457459202));
#310=DIRECTION('',(-0.,0.,-1.));
#311=DIRECTION('',(0.,-1.,-0.));
#312=AXIS2_PLACEMENT_3D('',#309,#310,#311);
#313=CIRCLE('',#312,1.8);
#314=EDGE_CURVE('',#300,#308,#313,.T.);
#315=ORIENTED_EDGE('',*,*,#314,.T.);
#316=CARTESIAN_POINT('',(-97.097990942,-31.397438779,24.457459202));
#317=VERTEX_POINT('',#316);
#318=CARTESIAN_POINT('',(-112.147990942,-31.397438779,24.457459202));
#319=DIRECTION('',(1.,-0.,-0.));
#320=VECTOR('',#319,15.05);
#321=LINE('',#318,#320);
#322=EDGE_CURVE('',#308,#317,#321,.T.);
#323=ORIENTED_EDGE('',*,*,#322,.T.);
#324=CARTESIAN_POINT('',(-95.297990942,-33.197438779,24.457459202));
#325=VERTEX_POINT('',#324);
#326=CARTESIAN_POINT('',(-97.097990942,-33.197438779,24.457459202));
#327=DIRECTION('',(-0.,0.,-1.));
#328=DIRECTION('',(0.,-1.,-0.));
#329=AXIS2_PLACEMENT_3D('',#326,#327,#328);
#330=CIRCLE('',#329,1.8);
#331=EDGE_CURVE('',#317,#325,#330,.T.);
#332=ORIENTED_EDGE('',*,*,#331,.T.);
#333=CARTESIAN_POINT('',(-95.297990942,-48.247438779,24.457459202));
#334=VERTEX_POINT('',#333);
#335=CARTESIAN_POINT('',(-95.297990942,-33.197438779,24.457459202));
#336=DIRECTION('',(0.,-1.,-0.));
#337=VECTOR('',#336,15.05);
#338=LINE('',#335,#337);
#339=EDGE_CURVE('',#325,#334,#338,.T.);
#340=ORIENTED_EDGE('',*,*,#339,.T.);
#341=CARTESIAN_POINT('',(-93.097990942,-50.447438779,24.457459202));
#342=VERTEX_POINT('',#341);
#343=CARTESIAN_POINT('',(-93.097990942,-48.247438779,24.457459202));
#344=DIRECTION('',(0.,-0.,1.));
#345=DIRECTION('',(0.,-1.,-0.));
#346=AXIS2_PLACEMENT_3D('',#343,#344,#345);
#347=CIRCLE('',#346,2.2);
#348=EDGE_CURVE('',#334,#342,#347,.T.);
#349=ORIENTED_EDGE('',*,*,#348,.T.);
#350=CARTESIAN_POINT('',(93.417627251,-50.447438779,24.457459202));
#351=VERTEX_POINT('',#350);
#352=CARTESIAN_POINT('',(-93.097990942,-50.447438779,24.457459202));
#353=DIRECTION('',(1.,0.,-0.));
#354=VECTOR('',#353,186.515618193);
#355=LINE('',#352,#354);
#356=EDGE_CURVE('',#342,#351,#355,.T.);
#357=ORIENTED_EDGE('',*,*,#356,.T.);
#358=CARTESIAN_POINT('',(95.617627251,-48.247438779,24.457459202));
#359=VERTEX_POINT('',#358);
#360=CARTESIAN_POINT('',(93.417627251,-48.247438779,24.457459202));
#361=DIRECTION('',(0.,-0.,1.));
#362=DIRECTION('',(0.,-1.,-0.));
#363=AXIS2_PLACEMENT_3D('',#360,#361,#362);
#364=CIRCLE('',#363,2.2);
#365=EDGE_CURVE('',#351,#359,#364,.T.);
#366=ORIENTED_EDGE('',*,*,#365,.T.);
#367=CARTESIAN_POINT('',(95.617627251,-33.197438779,24.457459202));
#368=VERTEX_POINT('',#367);
#369=CARTESIAN_POINT('',(95.617627251,-48.247438779,24.457459202));
#370=DIRECTION('',(0.,1.,0.));
#371=VECTOR('',#370,15.05);
#372=LINE('',#369,#371);
#373=EDGE_CURVE('',#359,#368,#372,.T.);
#374=ORIENTED_EDGE('',*,*,#373,.T.);
#375=CARTESIAN_POINT('',(97.417627251,-31.397438779,24.457459202));
#376=VERTEX_POINT('',#375);
#377=CARTESIAN_POINT('',(97.417627251,-33.197438779,24.457459202));
#378=DIRECTION('',(-0.,0.,-1.));
#379=DIRECTION('',(0.,-1.,-0.));
#380=AXIS2_PLACEMENT_3D('',#377,#378,#379);
#381=CIRCLE('',#380,1.8);
#382=EDGE_CURVE('',#368,#376,#381,.T.);
#383=ORIENTED_EDGE('',*,*,#382,.T.);
#384=CARTESIAN_POINT('',(112.467627251,-31.397438779,24.457459202));
#385=VERTEX_POINT('',#384);
#386=CARTESIAN_POINT('',(97.417627251,-31.397438779,24.457459202));
#387=DIRECTION('',(1.,-0.,-0.));
#388=VECTOR('',#387,15.05);
#389=LINE('',#386,#388);
#390=EDGE_CURVE('',#376,#385,#389,.T.);
#391=ORIENTED_EDGE('',*,*,#390,.T.);
#392=CARTESIAN_POINT('',(114.267627251,-33.197438779,24.457459202));
#393=VERTEX_POINT('',#392);
#394=CARTESIAN_POINT('',(112.467627251,-33.197438779,24.457459202));
#395=DIRECTION('',(-0.,0.,-1.));
#396=DIRECTION('',(0.,-1.,-0.));
#397=AXIS2_PLACEMENT_3D('',#394,#395,#396);
#398=CIRCLE('',#397,1.8);
#399=EDGE_CURVE('',#385,#393,#398,.T.);
#400=ORIENTED_EDGE('',*,*,#399,.T.);
#401=CARTESIAN_POINT('',(114.267627251,-48.247438779,24.457459202));
#402=VERTEX_POINT('',#401);
#403=CARTESIAN_POINT('',(114.267627251,-33.197438779,24.457459202));
#404=DIRECTION('',(0.,-1.,-0.));
#405=VECTOR('',#404,15.05);
#406=LINE('',#403,#405);
#407=EDGE_CURVE('',#393,#402,#406,.T.);
#408=ORIENTED_EDGE('',*,*,#407,.T.);
#409=CARTESIAN_POINT('',(116.467627251,-50.447438779,24.457459202));
#410=VERTEX_POINT('',#409);
#411=CARTESIAN_POINT('',(116.467627251,-48.247438779,24.457459202));
#412=DIRECTION('',(0.,-0.,1.));
#413=DIRECTION('',(0.,-1.,-0.));
#414=AXIS2_PLACEMENT_3D('',#411,#412,#413);
#415=CIRCLE('',#414,2.2);
#416=EDGE_CURVE('',#402,#410,#415,.T.);
#417=ORIENTED_EDGE('',*,*,#416,.T.);
#418=CARTESIAN_POINT('',(116.467627251,-50.447438779,24.457459202));
#419=DIRECTION('',(1.,0.,-0.));
#420=VECTOR('',#419,25.452172749);
#421=LINE('',#418,#420);
#422=EDGE_CURVE('',#410,#181,#421,.T.);
#423=ORIENTED_EDGE('',*,*,#422,.T.);
#424=EDGE_LOOP('',(#190,#198,#206,#214,#222,#231,#239,#248,#256,#264,#272,#281,#289,#298,#306,#315,#323,#332,#340,#349,#357,#366,#374,#383,#391,#400,
#408,#417,#423));
#425=FACE_BOUND('',#424,.T.);
#426=ADVANCED_FACE('',(#425),#179,.F.);
#427=CARTESIAN_POINT('',(0.,0.,30.257459202));
#428=DIRECTION('',(0.,-0.,1.));
#429=DIRECTION('',(1.,0.,0.));
#430=AXIS2_PLACEMENT_3D('',#427,#428,#429);
#431=PLANE('',#430);
#432=CARTESIAN_POINT('',(149.029850506,-0.1,30.257459202));
#433=VERTEX_POINT('',#432);
#434=CARTESIAN_POINT('',(144.5198,-0.1,30.257459202));
#435=VERTEX_POINT('',#434);
#436=CARTESIAN_POINT('',(149.029850506,-0.1,30.257459202));
#437=DIRECTION('',(-1.,0.,0.));
#438=VECTOR('',#437,4.510050506);
#439=LINE('',#436,#438);
#440=EDGE_CURVE('',#433,#435,#439,.T.);
#441=ORIENTED_EDGE('',*,*,#440,.T.);
#442=CARTESIAN_POINT('',(144.5198,-48.247438779,30.257459202));
#443=VERTEX_POINT('',#442);
#444=CARTESIAN_POINT('',(144.5198,-0.1,30.257459202));
#445=DIRECTION('',(0.,-1.,-0.));
#446=VECTOR('',#445,48.147438779);
#447=LINE('',#444,#446);
#448=EDGE_CURVE('',#435,#443,#447,.T.);
#449=ORIENTED_EDGE('',*,*,#448,.T.);
#450=CARTESIAN_POINT('',(141.9198,-50.847438779,30.257459202));
#451=VERTEX_POINT('',#450);
#452=CARTESIAN_POINT('',(141.9198,-48.247438779,30.257459202));
#453=DIRECTION('',(-0.,0.,-1.));
#454=DIRECTION('',(0.,-1.,-0.));
#455=AXIS2_PLACEMENT_3D('',#452,#453,#454);
#456=CIRCLE('',#455,2.6);
#457=EDGE_CURVE('',#443,#451,#456,.T.);
#458=ORIENTED_EDGE('',*,*,#457,.T.);
#459=CARTESIAN_POINT('',(116.467627251,-50.847438779,30.257459202));
#460=VERTEX_POINT('',#459);
#461=CARTESIAN_POINT('',(141.9198,-50.847438779,30.257459202));
#462=DIRECTION('',(-1.,0.,0.));
#463=VECTOR('',#462,25.452172749);
#464=LINE('',#461,#463);
#465=EDGE_CURVE('',#451,#460,#464,.T.);
#466=ORIENTED_EDGE('',*,*,#465,.T.);
#467=CARTESIAN_POINT('',(113.867627251,-48.247438779,30.257459202));
#468=VERTEX_POINT('',#467);
#469=CARTESIAN_POINT('',(116.467627251,-48.247438779,30.257459202));
#470=DIRECTION('',(-0.,0.,-1.));
#471=DIRECTION('',(0.,-1.,-0.));
#472=AXIS2_PLACEMENT_3D('',#469,#470,#471);
#473=CIRCLE('',#472,2.6);
#474=EDGE_CURVE('',#460,#468,#473,.T.);
#475=ORIENTED_EDGE('',*,*,#474,.T.);
#476=CARTESIAN_POINT('',(113.867627251,-33.197438779,30.257459202));
#477=VERTEX_POINT('',#476);
#478=CARTESIAN_POINT('',(113.867627251,-48.247438779,30.257459202));
#479=DIRECTION('',(-0.,1.,0.));
#480=VECTOR('',#479,15.05);
#481=LINE('',#478,#480);
#482=EDGE_CURVE('',#468,#477,#481,.T.);
#483=ORIENTED_EDGE('',*,*,#482,.T.);
#484=CARTESIAN_POINT('',(112.467627251,-31.797438779,30.257459202));
#485=VERTEX_POINT('',#484);
#486=CARTESIAN_POINT('',(112.467627251,-33.197438779,30.257459202));
#487=DIRECTION('',(0.,-0.,1.));
#488=DIRECTION('',(0.,-1.,-0.));
#489=AXIS2_PLACEMENT_3D('',#486,#487,#488);
#490=CIRCLE('',#489,1.4);
#491=EDGE_CURVE('',#477,#485,#490,.T.);
#492=ORIENTED_EDGE('',*,*,#491,.T.);
#493=CARTESIAN_POINT('',(97.417627251,-31.797438779,30.257459202));
#494=VERTEX_POINT('',#493);
#495=CARTESIAN_POINT('',(112.467627251,-31.797438779,30.257459202));
#496=DIRECTION('',(-1.,0.,0.));
#497=VECTOR('',#496,15.05);
#498=LINE('',#495,#497);
#499=EDGE_CURVE('',#485,#494,#498,.T.);
#500=ORIENTED_EDGE('',*,*,#499,.T.);
#501=CARTESIAN_POINT('',(96.017627251,-33.197438779,30.257459202));
#502=VERTEX_POINT('',#501);
#503=CARTESIAN_POINT('',(97.417627251,-33.197438779,30.257459202));
#504=DIRECTION('',(0.,-0.,1.));
#505=DIRECTION('',(0.,-1.,-0.));
#506=AXIS2_PLACEMENT_3D('',#503,#504,#505);
#507=CIRCLE('',#506,1.4);
#508=EDGE_CURVE('',#494,#502,#507,.T.);
#509=ORIENTED_EDGE('',*,*,#508,.T.);
#510=CARTESIAN_POINT('',(96.017627251,-48.247438779,30.257459202));
#511=VERTEX_POINT('',#510);
#512=CARTESIAN_POINT('',(96.017627251,-33.197438779,30.257459202));
#513=DIRECTION('',(0.,-1.,-0.));
#514=VECTOR('',#513,15.05);
#515=LINE('',#512,#514);
#516=EDGE_CURVE('',#502,#511,#515,.T.);
#517=ORIENTED_EDGE('',*,*,#516,.T.);
#518=CARTESIAN_POINT('',(93.417627251,-50.847438779,30.257459202));
#519=VERTEX_POINT('',#518);
#520=CARTESIAN_POINT('',(93.417627251,-48.247438779,30.257459202));
#521=DIRECTION('',(-0.,0.,-1.));
#522=DIRECTION('',(0.,-1.,-0.));
#523=AXIS2_PLACEMENT_3D('',#520,#521,#522);
#524=CIRCLE('',#523,2.6);
#525=EDGE_CURVE('',#511,#519,#524,.T.);
#526=ORIENTED_EDGE('',*,*,#525,.T.);
#527=CARTESIAN_POINT('',(-93.097990942,-50.847438779,30.257459202));
#528=VERTEX_POINT('',#527);
#529=CARTESIAN_POINT('',(93.417627251,-50.847438779,30.257459202));
#530=DIRECTION('',(-1.,0.,0.));
#531=VECTOR('',#530,186.515618193);
#532=LINE('',#529,#531);
#533=EDGE_CURVE('',#519,#528,#532,.T.);
#534=ORIENTED_EDGE('',*,*,#533,.T.);
#535=CARTESIAN_POINT('',(-95.697990942,-48.247438779,30.257459202));
#536=VERTEX_POINT('',#535);
#537=CARTESIAN_POINT('',(-93.097990942,-48.247438779,30.257459202));
#538=DIRECTION('',(-0.,0.,-1.));
#539=DIRECTION('',(0.,-1.,-0.));
#540=AXIS2_PLACEMENT_3D('',#537,#538,#539);
#541=CIRCLE('',#540,2.6);
#542=EDGE_CURVE('',#528,#536,#541,.T.);
#543=ORIENTED_EDGE('',*,*,#542,.T.);
#544=CARTESIAN_POINT('',(-95.697990942,-33.197438779,30.257459202));
#545=VERTEX_POINT('',#544);
#546=CARTESIAN_POINT('',(-95.697990942,-48.247438779,30.257459202));
#547=DIRECTION('',(0.,1.,0.));
#548=VECTOR('',#547,15.05);
#549=LINE('',#546,#548);
#550=EDGE_CURVE('',#536,#545,#549,.T.);
#551=ORIENTED_EDGE('',*,*,#550,.T.);
#552=CARTESIAN_POINT('',(-97.097990942,-31.797438779,30.257459202));
#553=VERTEX_POINT('',#552);
#554=CARTESIAN_POINT('',(-97.097990942,-33.197438779,30.257459202));
#555=DIRECTION('',(0.,-0.,1.));
#556=DIRECTION('',(0.,-1.,-0.));
#557=AXIS2_PLACEMENT_3D('',#554,#555,#556);
#558=CIRCLE('',#557,1.4);
#559=EDGE_CURVE('',#545,#553,#558,.T.);
#560=ORIENTED_EDGE('',*,*,#559,.T.);
#561=CARTESIAN_POINT('',(-112.147990942,-31.797438779,30.257459202));
#562=VERTEX_POINT('',#561);
#563=CARTESIAN_POINT('',(-97.097990942,-31.797438779,30.257459202));
#564=DIRECTION('',(-1.,0.,0.));
#565=VECTOR('',#564,15.05);
#566=LINE('',#563,#565);
#567=EDGE_CURVE('',#553,#562,#566,.T.);
#568=ORIENTED_EDGE('',*,*,#567,.T.);
#569=CARTESIAN_POINT('',(-113.547990942,-33.197438779,30.257459202));
#570=VERTEX_POINT('',#569);
#571=CARTESIAN_POINT('',(-112.147990942,-33.197438779,30.257459202));
#572=DIRECTION('',(0.,-0.,1.));
#573=DIRECTION('',(0.,-1.,-0.));
#574=AXIS2_PLACEMENT_3D('',#571,#572,#573);
#575=CIRCLE('',#574,1.4);
#576=EDGE_CURVE('',#562,#570,#575,.T.);
#577=ORIENTED_EDGE('',*,*,#576,.T.);
#578=CARTESIAN_POINT('',(-113.547990942,-48.247438779,30.257459202));
#579=VERTEX_POINT('',#578);
#580=CARTESIAN_POINT('',(-113.547990942,-33.197438779,30.257459202));
#581=DIRECTION('',(0.,-1.,-0.));
#582=VECTOR('',#581,15.05);
#583=LINE('',#580,#582);
#584=EDGE_CURVE('',#570,#579,#583,.T.);
#585=ORIENTED_EDGE('',*,*,#584,.T.);
#586=CARTESIAN_POINT('',(-116.147990942,-50.847438779,30.257459202));
#587=VERTEX_POINT('',#586);
#588=CARTESIAN_POINT('',(-116.147990942,-48.247438779,30.257459202));
#589=DIRECTION('',(-0.,0.,-1.));
#590=DIRECTION('',(0.,-1.,-0.));
#591=AXIS2_PLACEMENT_3D('',#588,#589,#590);
#592=CIRCLE('',#591,2.6);
#593=EDGE_CURVE('',#579,#587,#592,.T.);
#594=ORIENTED_EDGE('',*,*,#593,.T.);
#595=CARTESIAN_POINT('',(-141.3198,-50.847438779,30.257459202));
#596=VERTEX_POINT('',#595);
#597=CARTESIAN_POINT('',(-116.147990942,-50.847438779,30.257459202));
#598=DIRECTION('',(-1.,0.,0.));
#599=VECTOR('',#598,25.171809058);
#600=LINE('',#597,#599);
#601=EDGE_CURVE('',#587,#596,#600,.T.);
#602=ORIENTED_EDGE('',*,*,#601,.T.);
#603=CARTESIAN_POINT('',(-143.9198,-48.247438779,30.257459202));
#604=VERTEX_POINT('',#603);
#605=CARTESIAN_POINT('',(-141.3198,-48.247438779,30.257459202));
#606=DIRECTION('',(-0.,0.,-1.));
#607=DIRECTION('',(0.,-1.,-0.));
#608=AXIS2_PLACEMENT_3D('',#605,#606,#607);
#609=CIRCLE('',#608,2.6);
#610=EDGE_CURVE('',#596,#604,#609,.T.);
#611=ORIENTED_EDGE('',*,*,#610,.T.);
#612=CARTESIAN_POINT('',(-143.9198,-0.1,30.257459202));
#613=VERTEX_POINT('',#612);
#614=CARTESIAN_POINT('',(-143.9198,-48.247438779,30.257459202));
#615=DIRECTION('',(0.,1.,0.));
#616=VECTOR('',#615,48.147438779);
#617=LINE('',#614,#616);
#618=EDGE_CURVE('',#604,#613,#617,.T.);
#619=ORIENTED_EDGE('',*,*,#618,.T.);
#620=CARTESIAN_POINT('',(-148.429850506,-0.1,30.257459202));
#621=VERTEX_POINT('',#620);
#622=CARTESIAN_POINT('',(-143.9198,-0.1,30.257459202));
#623=DIRECTION('',(-1.,0.,0.));
#624=VECTOR('',#623,4.510050506);
#625=LINE('',#622,#624);
#626=EDGE_CURVE('',#613,#621,#625,.T.);
#627=ORIENTED_EDGE('',*,*,#626,.T.);
#628=CARTESIAN_POINT('',(-148.429850506,-52.747438779,30.257459204));
#629=VERTEX_POINT('',#628);
#630=CARTESIAN_POINT('',(-148.429850506,-0.1,30.257459202));
#631=DIRECTION('',(-0.,-1.,-0.));
#632=VECTOR('',#631,52.647438779);
#633=LINE('',#630,#632);
#634=EDGE_CURVE('NONE',#621,#629,#633,.T.);
#635=ORIENTED_EDGE('',*,*,#634,.T.);
#636=CARTESIAN_POINT('',(-143.4198,-57.757489284,30.257459203));
#637=VERTEX_POINT('',#636);
#638=CARTESIAN_POINT('',(-143.4198,-52.747438779,30.257459204));
#639=DIRECTION('',(-0.,-0.,1.));
#640=DIRECTION('',(-1.,0.,0.));
#641=AXIS2_PLACEMENT_3D('',#638,#639,#640);
#642=CIRCLE('',#641,5.010050507);
#643=EDGE_CURVE('NONE',#629,#637,#642,.T.);
#644=ORIENTED_EDGE('',*,*,#643,.T.);
#645=CARTESIAN_POINT('',(144.0198,-57.757489283,30.257459203));
#646=VERTEX_POINT('',#645);
#647=CARTESIAN_POINT('',(-143.4198,-57.757489285,30.257459202));
#648=DIRECTION('',(1.,0.,-0.));
#649=VECTOR('',#648,287.4396);
#650=LINE('',#647,#649);
#651=EDGE_CURVE('NONE',#637,#646,#650,.T.);
#652=ORIENTED_EDGE('',*,*,#651,.T.);
#653=CARTESIAN_POINT('',(149.029850506,-52.747438779,30.257459205));
#654=VERTEX_POINT('',#653);
#655=CARTESIAN_POINT('',(144.0198,-52.747438779,30.257459205));
#656=DIRECTION('',(-0.,-0.,1.));
#657=DIRECTION('',(-1.,0.,0.));
#658=AXIS2_PLACEMENT_3D('',#655,#656,#657);
#659=CIRCLE('',#658,5.010050506);
#660=EDGE_CURVE('NONE',#646,#654,#659,.T.);
#661=ORIENTED_EDGE('',*,*,#660,.T.);
#662=CARTESIAN_POINT('',(149.029850506,-52.747438779,30.257459202));
#663=DIRECTION('',(0.,1.,0.));
#664=VECTOR('',#663,52.647438779);
#665=LINE('',#662,#664);
#666=EDGE_CURVE('NONE',#654,#433,#665,.T.);
#667=ORIENTED_EDGE('',*,*,#666,.T.);
#668=EDGE_LOOP('',(#441,#449,#458,#466,#475,#483,#492,#500,#509,#517,#526,#534,#543,#551,#560,#568,#577,#585,#594,#602,#611,#619,#627,#635,#644,#652,
#661,#667));
#669=FACE_BOUND('',#668,.T.);
#670=ADVANCED_FACE('',(#669),#431,.T.);
#671=CARTESIAN_POINT('',(0.3,-50.247438779,6.257459202));
#672=DIRECTION('',(0.,1.,0.));
#673=DIRECTION('',(1.,0.,0.));
#674=AXIS2_PLACEMENT_3D('',#671,#672,#673);
#675=PLANE('',#674);
#676=CARTESIAN_POINT('',(-141.3198,-50.247438779,29.657459202));
#677=VERTEX_POINT('',#676);
#678=CARTESIAN_POINT('',(-141.3198,-50.247438779,24.657459202));
#679=VERTEX_POINT('',#678);
#680=CARTESIAN_POINT('',(-141.3198,-50.247438779,29.657459202));
#681=DIRECTION('',(-0.,-0.,-1.));
#682=VECTOR('',#681,5.);
#683=LINE('',#680,#682);
#684=EDGE_CURVE('',#677,#679,#683,.T.);
#685=ORIENTED_EDGE('',*,*,#684,.F.);
#686=CARTESIAN_POINT('',(-116.147990942,-50.247438779,29.657459202));
#687=VERTEX_POINT('',#686);
#688=CARTESIAN_POINT('',(-141.3198,-50.247438779,29.657459202));
#689=DIRECTION('',(1.,0.,-0.));
#690=VECTOR('',#689,25.171809058);
#691=LINE('',#688,#690);
#692=EDGE_CURVE('',#677,#687,#691,.T.);
#693=ORIENTED_EDGE('',*,*,#692,.T.);
#694=CARTESIAN_POINT('',(-116.147990942,-50.247438779,24.657459202));
#695=VERTEX_POINT('',#694);
#696=CARTESIAN_POINT('',(-116.147990942,-50.247438779,29.657459202));
#697=DIRECTION('',(-0.,-0.,-1.));
#698=VECTOR('',#697,5.);
#699=LINE('',#696,#698);
#700=EDGE_CURVE('',#687,#695,#699,.T.);
#701=ORIENTED_EDGE('',*,*,#700,.T.);
#702=CARTESIAN_POINT('',(-116.147990942,-50.247438779,24.657459202));
#703=DIRECTION('',(-1.,0.,0.));
#704=VECTOR('',#703,25.171809058);
#705=LINE('',#702,#704);
#706=EDGE_CURVE('',#695,#679,#705,.T.);
#707=ORIENTED_EDGE('',*,*,#706,.T.);
#708=EDGE_LOOP('',(#685,#693,#701,#707));
#709=FACE_BOUND('',#708,.T.);
#710=ADVANCED_FACE('',(#709),#675,.T.);
#711=CARTESIAN_POINT('',(0.3,-50.247438779,6.257459202));
#712=DIRECTION('',(0.,1.,0.));
#713=DIRECTION('',(1.,0.,0.));
#714=AXIS2_PLACEMENT_3D('',#711,#712,#713);
#715=PLANE('',#714);
#716=CARTESIAN_POINT('',(116.467627251,-50.247438779,24.657459202));
#717=VERTEX_POINT('',#716);
#718=CARTESIAN_POINT('',(116.467627251,-50.247438779,29.657459202));
#719=VERTEX_POINT('',#718);
#720=CARTESIAN_POINT('',(116.467627251,-50.247438779,24.657459202));
#721=DIRECTION('',(-0.,0.,1.));
#722=VECTOR('',#721,5.);
#723=LINE('',#720,#722);
#724=EDGE_CURVE('',#717,#719,#723,.T.);
#725=ORIENTED_EDGE('',*,*,#724,.T.);
#726=CARTESIAN_POINT('',(141.9198,-50.247438779,29.657459202));
#727=VERTEX_POINT('',#726);
#728=CARTESIAN_POINT('',(116.467627251,-50.247438779,29.657459202));
#729=DIRECTION('',(1.,0.,-0.));
#730=VECTOR('',#729,25.452172749);
#731=LINE('',#728,#730);
#732=EDGE_CURVE('',#719,#727,#731,.T.);
#733=ORIENTED_EDGE('',*,*,#732,.T.);
#734=CARTESIAN_POINT('',(141.9198,-50.247438779,24.657459202));
#735=VERTEX_POINT('',#734);
#736=CARTESIAN_POINT('',(141.9198,-50.247438779,29.657459202));
#737=DIRECTION('',(0.,0.,-1.));
#738=VECTOR('',#737,5.);
#739=LINE('',#736,#738);
#740=EDGE_CURVE('',#727,#735,#739,.T.);
#741=ORIENTED_EDGE('',*,*,#740,.T.);
#742=CARTESIAN_POINT('',(141.9198,-50.247438779,24.657459202));
#743=DIRECTION('',(-1.,0.,0.));
#744=VECTOR('',#743,25.452172749);
#745=LINE('',#742,#744);
#746=EDGE_CURVE('',#735,#717,#745,.T.);
#747=ORIENTED_EDGE('',*,*,#746,.T.);
#748=EDGE_LOOP('',(#725,#733,#741,#747));
#749=FACE_BOUND('',#748,.T.);
#750=CARTESIAN_POINT('',(126.424906052,-50.247438779,25.657459202));
#751=VERTEX_POINT('',#750);
#752=CARTESIAN_POINT('',(126.424906052,-50.247438779,28.657459202));
#753=VERTEX_POINT('',#752);
#754=CARTESIAN_POINT('',(126.424906052,-50.247438779,25.657459202));
#755=DIRECTION('',(0.,0.,1.));
#756=VECTOR('',#755,3.);
#757=LINE('',#754,#756);
#758=EDGE_CURVE('',#751,#753,#757,.T.);
#759=ORIENTED_EDGE('',*,*,#758,.F.);
#760=CARTESIAN_POINT('',(136.514906052,-50.247438779,25.657459202));
#761=VERTEX_POINT('',#760);
#762=CARTESIAN_POINT('',(136.514906052,-50.247438779,25.657459202));
#763=DIRECTION('',(-1.,0.,0.));
#764=VECTOR('',#763,10.09);
#765=LINE('',#762,#764);
#766=EDGE_CURVE('',#761,#751,#765,.T.);
#767=ORIENTED_EDGE('',*,*,#766,.F.);
#768=CARTESIAN_POINT('',(136.514906052,-50.247438779,28.657459202));
#769=VERTEX_POINT('',#768);
#770=CARTESIAN_POINT('',(136.514906052,-50.247438779,28.657459202));
#771=DIRECTION('',(0.,0.,-1.));
#772=VECTOR('',#771,3.);
#773=LINE('',#770,#772);
#774=EDGE_CURVE('',#769,#761,#773,.T.);
#775=ORIENTED_EDGE('',*,*,#774,.F.);
#776=CARTESIAN_POINT('',(126.424906052,-50.247438779,28.657459202));
#777=DIRECTION('',(1.,0.,-0.));
#778=VECTOR('',#777,10.09);
#779=LINE('',#776,#778);
#780=EDGE_CURVE('',#753,#769,#779,.T.);
#781=ORIENTED_EDGE('',*,*,#780,.F.);
#782=EDGE_LOOP('',(#759,#767,#775,#781));
#783=FACE_BOUND('',#782,.T.);
#784=ADVANCED_FACE('',(#749,#783),#715,.T.);
#785=CARTESIAN_POINT('',(126.424906052,-57.147438779,32.157459202));
#786=DIRECTION('',(-1.,0.,0.));
#787=DIRECTION('',(0.,0.,1.));
#788=AXIS2_PLACEMENT_3D('',#785,#786,#787);
#789=PLANE('',#788);
#790=CARTESIAN_POINT('',(126.424906052,-56.747438779,25.657459202));
#791=VERTEX_POINT('',#790);
#792=CARTESIAN_POINT('',(126.424906052,-56.747438779,25.657459202));
#793=DIRECTION('',(0.,1.,0.));
#794=VECTOR('',#793,6.5);
#795=LINE('',#792,#794);
#796=EDGE_CURVE('NONE',#791,#751,#795,.T.);
#797=ORIENTED_EDGE('',*,*,#796,.T.);
#798=ORIENTED_EDGE('',*,*,#758,.T.);
#799=CARTESIAN_POINT('',(126.424906052,-56.747438779,28.657459202));
#800=VERTEX_POINT('',#799);
#801=CARTESIAN_POINT('',(126.424906052,-56.747438779,28.657459202));
#802=DIRECTION('',(0.,1.,0.));
#803=VECTOR('',#802,6.5);
#804=LINE('',#801,#803);
#805=EDGE_CURVE('NONE',#800,#753,#804,.T.);
#806=ORIENTED_EDGE('',*,*,#805,.F.);
#807=CARTESIAN_POINT('',(126.424906052,-56.747438779,25.657459202));
#808=DIRECTION('',(-0.,-0.,1.));
#809=VECTOR('',#808,3.);
#810=LINE('',#807,#809);
#811=EDGE_CURVE('NONE',#791,#800,#810,.T.);
#812=ORIENTED_EDGE('',*,*,#811,.F.);
#813=EDGE_LOOP('',(#797,#798,#806,#812));
#814=FACE_BOUND('',#813,.T.);
#815=ADVANCED_FACE('',(#814),#789,.F.);
#816=CARTESIAN_POINT('',(143.9198,-2.003388779,5.257459202));
#817=DIRECTION('',(-1.,0.,0.));
#818=DIRECTION('',(0.,0.,1.));
#819=AXIS2_PLACEMENT_3D('',#816,#817,#818);
#820=PLANE('',#819);
#821=CARTESIAN_POINT('',(143.9198,-48.247438779,24.657459202));
#822=VERTEX_POINT('',#821);
#823=CARTESIAN_POINT('',(143.9198,-48.247438779,29.657459202));
#824=VERTEX_POINT('',#823);
#825=CARTESIAN_POINT('',(143.9198,-48.247438779,24.657459202));
#826=DIRECTION('',(0.,0.,1.));
#827=VECTOR('',#826,5.);
#828=LINE('',#825,#827);
#829=EDGE_CURVE('',#822,#824,#828,.T.);
#830=ORIENTED_EDGE('',*,*,#829,.T.);
#831=CARTESIAN_POINT('',(143.9198,-0.1,29.657459202));
#832=VERTEX_POINT('',#831);
#833=CARTESIAN_POINT('',(143.9198,-48.247438779,29.657459202));
#834=DIRECTION('',(0.,1.,0.));
#835=VECTOR('',#834,48.147438779);
#836=LINE('',#833,#835);
#837=EDGE_CURVE('',#824,#832,#836,.T.);
#838=ORIENTED_EDGE('',*,*,#837,.T.);
#839=CARTESIAN_POINT('',(143.9198,-0.1,11.757459202));
#840=VERTEX_POINT('',#839);
#841=CARTESIAN_POINT('',(143.9198,-0.1,29.657459202));
#842=DIRECTION('',(0.,0.,-1.));
#843=VECTOR('',#842,17.9);
#844=LINE('',#841,#843);
#845=EDGE_CURVE('',#832,#840,#844,.T.);
#846=ORIENTED_EDGE('',*,*,#845,.T.);
#847=CARTESIAN_POINT('',(143.9198,-20.303388779,11.757459202));
#848=VERTEX_POINT('',#847);
#849=CARTESIAN_POINT('',(143.9198,-0.1,11.757459202));
#850=DIRECTION('',(-0.,-1.,-0.));
#851=VECTOR('',#850,20.203388779);
#852=LINE('',#849,#851);
#853=EDGE_CURVE('NONE',#840,#848,#852,.T.);
#854=ORIENTED_EDGE('',*,*,#853,.T.);
#855=CARTESIAN_POINT('',(143.9198,-20.303388779,24.657459202));
#856=VERTEX_POINT('',#855);
#857=CARTESIAN_POINT('',(143.9198,-20.303388779,11.757459202));
#858=DIRECTION('',(0.,0.,1.));
#859=VECTOR('',#858,12.9);
#860=LINE('',#857,#859);
#861=EDGE_CURVE('NONE',#848,#856,#860,.T.);
#862=ORIENTED_EDGE('',*,*,#861,.T.);
#863=CARTESIAN_POINT('',(143.9198,-20.303388779,24.657459202));
#864=DIRECTION('',(0.,-1.,-0.));
#865=VECTOR('',#864,27.94405);
#866=LINE('',#863,#865);
#867=EDGE_CURVE('',#856,#822,#866,.T.);
#868=ORIENTED_EDGE('',*,*,#867,.T.);
#869=EDGE_LOOP('',(#830,#838,#846,#854,#862,#868));
#870=FACE_BOUND('',#869,.T.);
#871=ADVANCED_FACE('NONE',(#870),#820,.T.);
#872=CARTESIAN_POINT('',(151.0198,31.868636221,24.957459202));
#873=DIRECTION('',(1.,0.,0.));
#874=DIRECTION('',(0.,1.,0.));
#875=AXIS2_PLACEMENT_3D('',#872,#873,#874);
#876=PLANE('',#875);
#877=CARTESIAN_POINT('',(151.0198,-0.1,13.264565985));
#878=VERTEX_POINT('',#877);
#879=CARTESIAN_POINT('',(151.0198,-0.1,28.267509708));
#880=VERTEX_POINT('',#879);
#881=CARTESIAN_POINT('',(151.0198,-0.1,13.264565985));
#882=DIRECTION('',(0.,0.,1.));
#883=VECTOR('',#882,15.002943723);
#884=LINE('',#881,#883);
#885=EDGE_CURVE('NONE',#878,#880,#884,.T.);
#886=ORIENTED_EDGE('',*,*,#885,.T.);
#887=CARTESIAN_POINT('',(151.0198,-52.747438779,28.267509704));
#888=VERTEX_POINT('',#887);
#889=CARTESIAN_POINT('',(151.0198,-0.1,28.267509708));
#890=DIRECTION('',(-0.,-1.,-0.));
#891=VECTOR('',#890,52.647438779);
#892=LINE('',#889,#891);
#893=EDGE_CURVE('NONE',#880,#888,#892,.T.);
#894=ORIENTED_EDGE('',*,*,#893,.T.);
#895=CARTESIAN_POINT('',(151.019799997,-52.747438777,13.264565986));
#896=VERTEX_POINT('',#895);
#897=CARTESIAN_POINT('',(151.0198,-52.747438779,28.267509704));
#898=DIRECTION('',(-0.,-0.,-1.));
#899=VECTOR('',#898,15.002943718);
#900=LINE('',#897,#899);
#901=EDGE_CURVE('NONE',#888,#896,#900,.T.);
#902=ORIENTED_EDGE('',*,*,#901,.T.);
#903=CARTESIAN_POINT('',(151.0198,-52.747438777,13.264565985));
#904=DIRECTION('',(0.,1.,0.));
#905=VECTOR('',#904,52.647438777);
#906=LINE('',#903,#905);
#907=EDGE_CURVE('NONE',#896,#878,#906,.T.);
#908=ORIENTED_EDGE('',*,*,#907,.T.);
#909=EDGE_LOOP('',(#886,#894,#902,#908));
#910=FACE_BOUND('',#909,.T.);
#911=ADVANCED_FACE('NONE',(#910),#876,.T.);
#912=CARTESIAN_POINT('',(-150.4198,28.868636221,24.957459202));
#913=DIRECTION('',(1.,0.,0.));
#914=DIRECTION('',(0.,1.,0.));
#915=AXIS2_PLACEMENT_3D('',#912,#913,#914);
#916=PLANE('',#915);
#917=CARTESIAN_POINT('',(-150.419799998,-52.747438778,28.267509704));
#918=VERTEX_POINT('',#917);
#919=CARTESIAN_POINT('',(-150.4198,-0.1,28.267509705));
#920=VERTEX_POINT('',#919);
#921=CARTESIAN_POINT('',(-150.4198,-52.747438778,28.267509705));
#922=DIRECTION('',(0.,1.,0.));
#923=VECTOR('',#922,52.647438778);
#924=LINE('',#921,#923);
#925=EDGE_CURVE('NONE',#918,#920,#924,.T.);
#926=ORIENTED_EDGE('',*,*,#925,.T.);
#927=CARTESIAN_POINT('',(-150.4198,-0.1,13.264565985));
#928=VERTEX_POINT('',#927);
#929=CARTESIAN_POINT('',(-150.4198,-0.1,13.264565985));
#930=DIRECTION('',(0.,0.,1.));
#931=VECTOR('',#930,15.00294372);
#932=LINE('',#929,#931);
#933=EDGE_CURVE('NONE',#928,#920,#932,.T.);
#934=ORIENTED_EDGE('',*,*,#933,.F.);
#935=CARTESIAN_POINT('',(-150.419799997,-52.747438779,13.264565989));
#936=VERTEX_POINT('',#935);
#937=CARTESIAN_POINT('',(-150.4198,-0.1,13.264565985));
#938=DIRECTION('',(-0.,-1.,-0.));
#939=VECTOR('',#938,52.647438779);
#940=LINE('',#937,#939);
#941=EDGE_CURVE('NONE',#928,#936,#940,.T.);
#942=ORIENTED_EDGE('',*,*,#941,.T.);
#943=CARTESIAN_POINT('',(-150.4198,-52.747438779,13.264565989));
#944=DIRECTION('',(0.,0.,1.));
#945=VECTOR('',#944,15.002943716);
#946=LINE('',#943,#945);
#947=EDGE_CURVE('NONE',#936,#918,#946,.T.);
#948=ORIENTED_EDGE('',*,*,#947,.T.);
#949=EDGE_LOOP('',(#926,#934,#942,#948));
#950=FACE_BOUND('',#949,.T.);
#951=ADVANCED_FACE('NONE',(#950),#916,.F.);
#952=CARTESIAN_POINT('',(-143.3198,-2.003388779,6.257459202));
#953=DIRECTION('',(1.,0.,0.));
#954=DIRECTION('',(0.,1.,0.));
#955=AXIS2_PLACEMENT_3D('',#952,#953,#954);
#956=PLANE('',#955);
#957=CARTESIAN_POINT('',(-143.3198,-0.1,24.657459202));
#958=VERTEX_POINT('',#957);
#959=CARTESIAN_POINT('',(-143.3198,-0.1,29.657459202));
#960=VERTEX_POINT('',#959);
#961=CARTESIAN_POINT('',(-143.3198,-0.1,24.657459202));
#962=DIRECTION('',(0.,0.,1.));
#963=VECTOR('',#962,5.);
#964=LINE('',#961,#963);
#965=EDGE_CURVE('',#958,#960,#964,.T.);
#966=ORIENTED_EDGE('',*,*,#965,.T.);
#967=CARTESIAN_POINT('',(-143.3198,-48.247438779,29.657459202));
#968=VERTEX_POINT('',#967);
#969=CARTESIAN_POINT('',(-143.3198,-0.1,29.657459202));
#970=DIRECTION('',(0.,-1.,-0.));
#971=VECTOR('',#970,48.147438779);
#972=LINE('',#969,#971);
#973=EDGE_CURVE('',#960,#968,#972,.T.);
#974=ORIENTED_EDGE('',*,*,#973,.T.);
#975=CARTESIAN_POINT('',(-143.3198,-48.247438779,24.657459202));
#976=VERTEX_POINT('',#975);
#977=CARTESIAN_POINT('',(-143.3198,-48.247438779,29.657459202));
#978=DIRECTION('',(0.,0.,-1.));
#979=VECTOR('',#978,5.);
#980=LINE('',#977,#979);
#981=EDGE_CURVE('',#968,#976,#980,.T.);
#982=ORIENTED_EDGE('',*,*,#981,.T.);
#983=CARTESIAN_POINT('',(-143.3198,-48.247438779,24.657459202));
#984=DIRECTION('',(0.,1.,0.));
#985=VECTOR('',#984,48.147438779);
#986=LINE('',#983,#985);
#987=EDGE_CURVE('',#976,#958,#986,.T.);
#988=ORIENTED_EDGE('',*,*,#987,.T.);
#989=EDGE_LOOP('',(#966,#974,#982,#988));
#990=FACE_BOUND('',#989,.T.);
#991=ADVANCED_FACE('NONE',(#990),#956,.T.);
#992=CARTESIAN_POINT('',(-0.05,-1.803388779,11.557459202));
#993=DIRECTION('',(0.,0.,-1.));
#994=DIRECTION('',(0.,-1.,0.));
#995=AXIS2_PLACEMENT_3D('',#992,#993,#994);
#996=PLANE('',#995);
#997=CARTESIAN_POINT('',(145.869799999,1.8,11.557459202));
#998=VERTEX_POINT('',#997);
#999=CARTESIAN_POINT('',(145.269799999,1.8,11.557459202));
#1000=VERTEX_POINT('',#999);
#1001=CARTESIAN_POINT('',(145.869799999,1.8,11.557459202));
#1002=DIRECTION('',(-1.,0.,0.));
#1003=VECTOR('',#1002,0.6);
#1004=LINE('',#1001,#1003);
#1005=EDGE_CURVE('',#998,#1000,#1004,.T.);
#1006=ORIENTED_EDGE('',*,*,#1005,.T.);
#1007=CARTESIAN_POINT('',(145.069799999,2.,11.557459202));
#1008=VERTEX_POINT('',#1007);
#1009=CARTESIAN_POINT('',(145.269799999,2.,11.557459202));
#1010=DIRECTION('',(0.,0.,-1.));
#1011=DIRECTION('',(-1.,0.,0.));
#1012=AXIS2_PLACEMENT_3D('',#1009,#1010,#1011);
#1013=CIRCLE('',#1012,0.2);
#1014=EDGE_CURVE('',#1000,#1008,#1013,.T.);
#1015=ORIENTED_EDGE('',*,*,#1014,.T.);
#1016=CARTESIAN_POINT('',(145.069799999,3.4,11.557459202));
#1017=VERTEX_POINT('',#1016);
#1018=CARTESIAN_POINT('',(145.069799999,2.,11.557459202));
#1019=DIRECTION('',(-0.,1.,-0.));
#1020=VECTOR('',#1019,1.4);
#1021=LINE('',#1018,#1020);
#1022=EDGE_CURVE('',#1008,#1017,#1021,.T.);
#1023=ORIENTED_EDGE('',*,*,#1022,.T.);
#1024=CARTESIAN_POINT('',(145.269799999,3.6,11.557459202));
#1025=VERTEX_POINT('',#1024);
#1026=CARTESIAN_POINT('',(145.269799999,3.4,11.557459202));
#1027=DIRECTION('',(0.,0.,-1.));
#1028=DIRECTION('',(-1.,0.,0.));
#1029=AXIS2_PLACEMENT_3D('',#1026,#1027,#1028);
#1030=CIRCLE('',#1029,0.2);
#1031=EDGE_CURVE('',#1017,#1025,#1030,.T.);
#1032=ORIENTED_EDGE('',*,*,#1031,.T.);
#1033=CARTESIAN_POINT('',(148.869799999,3.6,11.557459202));
#1034=VERTEX_POINT('',#1033);
#1035=CARTESIAN_POINT('',(145.269799999,3.6,11.557459202));
#1036=DIRECTION('',(1.,-0.,-0.));
#1037=VECTOR('',#1036,3.6);
#1038=LINE('',#1035,#1037);
#1039=EDGE_CURVE('',#1025,#1034,#1038,.T.);
#1040=ORIENTED_EDGE('',*,*,#1039,.T.);
#1041=CARTESIAN_POINT('',(149.069799999,3.4,11.557459202));
#1042=VERTEX_POINT('',#1041);
#1043=CARTESIAN_POINT('',(148.869799999,3.4,11.557459202));
#1044=DIRECTION('',(0.,0.,-1.));
#1045=DIRECTION('',(-1.,0.,0.));
#1046=AXIS2_PLACEMENT_3D('',#1043,#1044,#1045);
#1047=CIRCLE('',#1046,0.2);
#1048=EDGE_CURVE('',#1034,#1042,#1047,.T.);
#1049=ORIENTED_EDGE('',*,*,#1048,.T.);
#1050=CARTESIAN_POINT('',(149.069799999,2.,11.557459202));
#1051=VERTEX_POINT('',#1050);
#1052=CARTESIAN_POINT('',(149.069799999,3.4,11.557459202));
#1053=DIRECTION('',(0.,-1.,0.));
#1054=VECTOR('',#1053,1.4);
#1055=LINE('',#1052,#1054);
#1056=EDGE_CURVE('',#1042,#1051,#1055,.T.);
#1057=ORIENTED_EDGE('',*,*,#1056,.T.);
#1058=CARTESIAN_POINT('',(148.869799999,1.8,11.557459202));
#1059=VERTEX_POINT('',#1058);
#1060=CARTESIAN_POINT('',(148.869799999,2.,11.557459202));
#1061=DIRECTION('',(0.,0.,-1.));
#1062=DIRECTION('',(-1.,0.,0.));
#1063=AXIS2_PLACEMENT_3D('',#1060,#1061,#1062);
#1064=CIRCLE('',#1063,0.2);
#1065=EDGE_CURVE('',#1051,#1059,#1064,.T.);
#1066=ORIENTED_EDGE('',*,*,#1065,.T.);
#1067=CARTESIAN_POINT('',(148.469799999,1.8,11.557459202));
#1068=VERTEX_POINT('',#1067);
#1069=CARTESIAN_POINT('',(148.869799999,1.8,11.557459202));
#1070=DIRECTION('',(-1.,0.,0.));
#1071=VECTOR('',#1070,0.4);
#1072=LINE('',#1069,#1071);
#1073=EDGE_CURVE('',#1059,#1068,#1072,.T.);
#1074=ORIENTED_EDGE('',*,*,#1073,.T.);
#1075=CARTESIAN_POINT('',(148.269799999,1.6,11.557459202));
#1076=VERTEX_POINT('',#1075);
#1077=CARTESIAN_POINT('',(148.469799999,1.6,11.557459202));
#1078=DIRECTION('',(-0.,-0.,1.));
#1079=DIRECTION('',(-1.,0.,0.));
#1080=AXIS2_PLACEMENT_3D('',#1077,#1078,#1079);
#1081=CIRCLE('',#1080,0.2);
#1082=EDGE_CURVE('',#1068,#1076,#1081,.T.);
#1083=ORIENTED_EDGE('',*,*,#1082,.T.);
#1084=CARTESIAN_POINT('',(148.269799999,0.1,11.557459202));
#1085=VERTEX_POINT('',#1084);
#1086=CARTESIAN_POINT('',(148.269799999,1.6,11.557459202));
#1087=DIRECTION('',(0.,-1.,0.));
#1088=VECTOR('',#1087,1.5);
#1089=LINE('',#1086,#1088);
#1090=EDGE_CURVE('',#1076,#1085,#1089,.T.);
#1091=ORIENTED_EDGE('',*,*,#1090,.T.);
#1092=CARTESIAN_POINT('',(148.469799999,-0.1,11.557459202));
#1093=VERTEX_POINT('',#1092);
#1094=CARTESIAN_POINT('',(148.469799999,0.1,11.557459202));
#1095=DIRECTION('',(-0.,-0.,1.));
#1096=DIRECTION('',(-1.,0.,0.));
#1097=AXIS2_PLACEMENT_3D('',#1094,#1095,#1096);
#1098=CIRCLE('',#1097,0.2);
#1099=EDGE_CURVE('',#1085,#1093,#1098,.T.);
#1100=ORIENTED_EDGE('',*,*,#1099,.T.);
#1101=CARTESIAN_POINT('',(149.31269322,-0.1,11.557459202));
#1102=VERTEX_POINT('',#1101);
#1103=CARTESIAN_POINT('',(148.469799999,-0.1,11.557459202));
#1104=DIRECTION('',(1.,0.,-0.));
#1105=VECTOR('',#1104,0.842893221);
#1106=LINE('',#1103,#1105);
#1107=EDGE_CURVE('',#1093,#1102,#1106,.T.);
#1108=ORIENTED_EDGE('',*,*,#1107,.T.);
#1109=CARTESIAN_POINT('',(149.31269322,-52.747438779,11.557459202));
#1110=VERTEX_POINT('',#1109);
#1111=CARTESIAN_POINT('',(149.31269322,-0.1,11.557459202));
#1112=DIRECTION('',(0.,-1.,0.));
#1113=VECTOR('',#1112,52.647438779);
#1114=LINE('',#1111,#1113);
#1115=EDGE_CURVE('NONE',#1102,#1110,#1114,.T.);
#1116=ORIENTED_EDGE('',*,*,#1115,.T.);
#1117=CARTESIAN_POINT('',(144.0198,-58.040331997,11.557459202));
#1118=VERTEX_POINT('',#1117);
#1119=CARTESIAN_POINT('',(144.0198,-52.747438779,11.557459202));
#1120=DIRECTION('',(-0.,-0.,-1.));
#1121=DIRECTION('',(1.,0.,-0.));
#1122=AXIS2_PLACEMENT_3D('',#1119,#1120,#1121);
#1123=CIRCLE('',#1122,5.292893219);
#1124=EDGE_CURVE('NONE',#1110,#1118,#1123,.T.);
#1125=ORIENTED_EDGE('',*,*,#1124,.T.);
#1126=CARTESIAN_POINT('',(-143.4198,-58.040331997,11.557459201));
#1127=VERTEX_POINT('',#1126);
#1128=CARTESIAN_POINT('',(144.0198,-58.040331998,11.557459202));
#1129=DIRECTION('',(-1.,0.,0.));
#1130=VECTOR('',#1129,287.4396);
#1131=LINE('',#1128,#1130);
#1132=EDGE_CURVE('NONE',#1118,#1127,#1131,.T.);
#1133=ORIENTED_EDGE('',*,*,#1132,.T.);
#1134=CARTESIAN_POINT('',(-148.712693219,-52.747438779,11.5574592));
#1135=VERTEX_POINT('',#1134);
#1136=CARTESIAN_POINT('',(-143.4198,-52.747438779,11.5574592));
#1137=DIRECTION('',(-0.,-0.,-1.));
#1138=DIRECTION('',(1.,0.,-0.));
#1139=AXIS2_PLACEMENT_3D('',#1136,#1137,#1138);
#1140=CIRCLE('',#1139,5.292893218);
#1141=EDGE_CURVE('NONE',#1127,#1135,#1140,.T.);
#1142=ORIENTED_EDGE('',*,*,#1141,.T.);
#1143=CARTESIAN_POINT('',(-148.712693219,-0.1,11.557459202));
#1144=VERTEX_POINT('',#1143);
#1145=CARTESIAN_POINT('',(-148.712693219,-52.747438779,11.557459202));
#1146=DIRECTION('',(-0.,1.,-0.));
#1147=VECTOR('',#1146,52.647438779);
#1148=LINE('',#1145,#1147);
#1149=EDGE_CURVE('NONE',#1135,#1144,#1148,.T.);
#1150=ORIENTED_EDGE('',*,*,#1149,.T.);
#1151=CARTESIAN_POINT('',(-147.9698,-0.1,11.557459202));
#1152=VERTEX_POINT('',#1151);
#1153=CARTESIAN_POINT('',(-148.712693219,-0.1,11.557459202));
#1154=DIRECTION('',(1.,0.,-0.));
#1155=VECTOR('',#1154,0.742893219);
#1156=LINE('',#1153,#1155);
#1157=EDGE_CURVE('NONE',#1144,#1152,#1156,.T.);
#1158=ORIENTED_EDGE('',*,*,#1157,.T.);
#1159=CARTESIAN_POINT('',(-147.7698,0.1,11.557459202));
#1160=VERTEX_POINT('',#1159);
#1161=CARTESIAN_POINT('',(-147.9698,0.1,11.557459202));
#1162=DIRECTION('',(-0.,-0.,1.));
#1163=DIRECTION('',(-1.,0.,0.));
#1164=AXIS2_PLACEMENT_3D('',#1161,#1162,#1163);
#1165=CIRCLE('',#1164,0.2);
#1166=EDGE_CURVE('',#1152,#1160,#1165,.T.);
#1167=ORIENTED_EDGE('',*,*,#1166,.T.);
#1168=CARTESIAN_POINT('',(-147.7698,1.5,11.557459202));
#1169=VERTEX_POINT('',#1168);
#1170=CARTESIAN_POINT('',(-147.7698,0.1,11.557459202));
#1171=DIRECTION('',(0.,1.,0.));
#1172=VECTOR('',#1171,1.4);
#1173=LINE('',#1170,#1172);
#1174=EDGE_CURVE('',#1160,#1169,#1173,.T.);
#1175=ORIENTED_EDGE('',*,*,#1174,.T.);
#1176=CARTESIAN_POINT('',(-147.9698,1.7,11.557459202));
#1177=VERTEX_POINT('',#1176);
#1178=CARTESIAN_POINT('',(-147.9698,1.5,11.557459202));
#1179=DIRECTION('',(-0.,-0.,1.));
#1180=DIRECTION('',(-1.,0.,0.));
#1181=AXIS2_PLACEMENT_3D('',#1178,#1179,#1180);
#1182=CIRCLE('',#1181,0.2);
#1183=EDGE_CURVE('',#1169,#1177,#1182,.T.);
#1184=ORIENTED_EDGE('',*,*,#1183,.T.);
#1185=CARTESIAN_POINT('',(-148.2698,1.7,11.557459202));
#1186=VERTEX_POINT('',#1185);
#1187=CARTESIAN_POINT('',(-147.9698,1.7,11.557459202));
#1188=DIRECTION('',(-1.,0.,0.));
#1189=VECTOR('',#1188,0.3);
#1190=LINE('',#1187,#1189);
#1191=EDGE_CURVE('',#1177,#1186,#1190,.T.);
#1192=ORIENTED_EDGE('',*,*,#1191,.T.);
#1193=CARTESIAN_POINT('',(-148.4698,1.9,11.557459202));
#1194=VERTEX_POINT('',#1193);
#1195=CARTESIAN_POINT('',(-148.2698,1.9,11.557459202));
#1196=DIRECTION('',(0.,0.,-1.));
#1197=DIRECTION('',(-1.,0.,0.));
#1198=AXIS2_PLACEMENT_3D('',#1195,#1196,#1197);
#1199=CIRCLE('',#1198,0.2);
#1200=EDGE_CURVE('',#1186,#1194,#1199,.T.);
#1201=ORIENTED_EDGE('',*,*,#1200,.T.);
#1202=CARTESIAN_POINT('',(-148.4698,2.9,11.557459202));
#1203=VERTEX_POINT('',#1202);
#1204=CARTESIAN_POINT('',(-148.4698,1.9,11.557459202));
#1205=DIRECTION('',(0.,1.,0.));
#1206=VECTOR('',#1205,1.);
#1207=LINE('',#1204,#1206);
#1208=EDGE_CURVE('',#1194,#1203,#1207,.T.);
#1209=ORIENTED_EDGE('',*,*,#1208,.T.);
#1210=CARTESIAN_POINT('',(-148.2698,3.1,11.557459202));
#1211=VERTEX_POINT('',#1210);
#1212=CARTESIAN_POINT('',(-148.2698,2.9,11.557459202));
#1213=DIRECTION('',(0.,0.,-1.));
#1214=DIRECTION('',(-1.,0.,0.));
#1215=AXIS2_PLACEMENT_3D('',#1212,#1213,#1214);
#1216=CIRCLE('',#1215,0.2);
#1217=EDGE_CURVE('',#1203,#1211,#1216,.T.);
#1218=ORIENTED_EDGE('',*,*,#1217,.T.);
#1219=CARTESIAN_POINT('',(-146.7198,3.1,11.557459202));
#1220=VERTEX_POINT('',#1219);
#1221=CARTESIAN_POINT('',(-148.2698,3.1,11.557459202));
#1222=DIRECTION('',(1.,-0.,-0.));
#1223=VECTOR('',#1222,1.55);
#1224=LINE('',#1221,#1223);
#1225=EDGE_CURVE('',#1211,#1220,#1224,.T.);
#1226=ORIENTED_EDGE('',*,*,#1225,.T.);
#1227=CARTESIAN_POINT('',(-146.7198,-52.247438779,11.557459202));
#1228=VERTEX_POINT('',#1227);
#1229=CARTESIAN_POINT('',(-146.7198,3.1,11.557459202));
#1230=DIRECTION('',(0.,-1.,0.));
#1231=VECTOR('',#1230,55.347438779);
#1232=LINE('',#1229,#1231);
#1233=EDGE_CURVE('NONE',#1220,#1228,#1232,.T.);
#1234=ORIENTED_EDGE('',*,*,#1233,.T.);
#1235=CARTESIAN_POINT('',(-141.5198,-57.447438779,11.557459202));
#1236=VERTEX_POINT('',#1235);
#1237=CARTESIAN_POINT('',(-141.5198,-52.247438779,11.557459202));
#1238=DIRECTION('',(-0.,-0.,1.));
#1239=DIRECTION('',(-1.,0.,0.));
#1240=AXIS2_PLACEMENT_3D('',#1237,#1238,#1239);
#1241=CIRCLE('',#1240,5.2);
#1242=EDGE_CURVE('NONE',#1228,#1236,#1241,.T.);
#1243=ORIENTED_EDGE('',*,*,#1242,.T.);
#1244=CARTESIAN_POINT('',(141.6198,-57.447438779,11.557459202));
#1245=VERTEX_POINT('',#1244);
#1246=CARTESIAN_POINT('',(-141.5198,-57.447438779,11.557459202));
#1247=DIRECTION('',(1.,-0.,-0.));
#1248=VECTOR('',#1247,283.1396);
#1249=LINE('',#1246,#1248);
#1250=EDGE_CURVE('NONE',#1236,#1245,#1249,.T.);
#1251=ORIENTED_EDGE('',*,*,#1250,.T.);
#1252=CARTESIAN_POINT('',(146.9198,-52.147438779,11.557459202));
#1253=VERTEX_POINT('',#1252);
#1254=CARTESIAN_POINT('',(141.6198,-52.147438779,11.557459202));
#1255=DIRECTION('',(-0.,-0.,1.));
#1256=DIRECTION('',(-1.,0.,0.));
#1257=AXIS2_PLACEMENT_3D('',#1254,#1255,#1256);
#1258=CIRCLE('',#1257,5.3);
#1259=EDGE_CURVE('NONE',#1245,#1253,#1258,.T.);
#1260=ORIENTED_EDGE('',*,*,#1259,.T.);
#1261=CARTESIAN_POINT('',(146.9198,-20.803388779,11.557459202));
#1262=VERTEX_POINT('',#1261);
#1263=CARTESIAN_POINT('',(146.9198,-52.147438779,11.557459202));
#1264=DIRECTION('',(-0.,1.,-0.));
#1265=VECTOR('',#1264,31.34405);
#1266=LINE('',#1263,#1265);
#1267=EDGE_CURVE('NONE',#1253,#1262,#1266,.T.);
#1268=ORIENTED_EDGE('',*,*,#1267,.T.);
#1269=CARTESIAN_POINT('',(144.702642712,-20.803388779,11.557459202));
#1270=VERTEX_POINT('',#1269);
#1271=CARTESIAN_POINT('',(146.9198,-20.803388779,11.557459202));
#1272=DIRECTION('',(-1.,0.,0.));
#1273=VECTOR('',#1272,2.217157288);
#1274=LINE('',#1271,#1273);
#1275=EDGE_CURVE('NONE',#1262,#1270,#1274,.T.);
#1276=ORIENTED_EDGE('',*,*,#1275,.T.);
#1277=CARTESIAN_POINT('',(144.1198,-20.220546066,11.557459202));
#1278=VERTEX_POINT('',#1277);
#1279=CARTESIAN_POINT('',(144.702642712,-20.803388779,11.557459202));
#1280=DIRECTION('',(-0.707106781,0.707106782,0.));
#1281=VECTOR('',#1280,0.824264069);
#1282=LINE('',#1279,#1281);
#1283=EDGE_CURVE('NONE',#1270,#1278,#1282,.T.);
#1284=ORIENTED_EDGE('',*,*,#1283,.T.);
#1285=CARTESIAN_POINT('',(144.1198,-0.1,11.557459202));
#1286=VERTEX_POINT('',#1285);
#1287=CARTESIAN_POINT('',(144.1198,-20.220546066,11.557459202));
#1288=DIRECTION('',(-0.,1.,-0.));
#1289=VECTOR('',#1288,20.120546066);
#1290=LINE('',#1287,#1289);
#1291=EDGE_CURVE('NONE',#1278,#1286,#1290,.T.);
#1292=ORIENTED_EDGE('',*,*,#1291,.T.);
#1293=CARTESIAN_POINT('',(145.669799999,-0.1,11.557459202));
#1294=VERTEX_POINT('',#1293);
#1295=CARTESIAN_POINT('',(144.1198,-0.1,11.557459202));
#1296=DIRECTION('',(1.,0.,-0.));
#1297=VECTOR('',#1296,1.549999999);
#1298=LINE('',#1295,#1297);
#1299=EDGE_CURVE('NONE',#1286,#1294,#1298,.T.);
#1300=ORIENTED_EDGE('',*,*,#1299,.T.);
#1301=CARTESIAN_POINT('',(145.869799999,0.1,11.557459202));
#1302=VERTEX_POINT('',#1301);
#1303=CARTESIAN_POINT('',(145.669799999,0.1,11.557459202));
#1304=DIRECTION('',(-0.,-0.,1.));
#1305=DIRECTION('',(-1.,0.,0.));
#1306=AXIS2_PLACEMENT_3D('',#1303,#1304,#1305);
#1307=CIRCLE('',#1306,0.2);
#1308=EDGE_CURVE('',#1294,#1302,#1307,.T.);
#1309=ORIENTED_EDGE('',*,*,#1308,.T.);
#1310=CARTESIAN_POINT('',(145.869799999,0.1,11.557459202));
#1311=DIRECTION('',(-0.,1.,-0.));
#1312=VECTOR('',#1311,1.7);
#1313=LINE('',#1310,#1312);
#1314=EDGE_CURVE('',#1302,#998,#1313,.T.);
#1315=ORIENTED_EDGE('',*,*,#1314,.T.);
#1316=EDGE_LOOP('',(#1006,#1015,#1023,#1032,#1040,#1049,#1057,#1066,#1074,#1083,#1091,#1100,#1108,#1116,#1125,#1133,#1142,#1150,#1158,#1167,#1175,#1184,#1192,#1201,#1209,#1218,
#1226,#1234,#1243,#1251,#1260,#1268,#1276,#1284,#1292,#1300,#1309,#1315));
#1317=FACE_BOUND('',#1316,.T.);
#1318=ADVANCED_FACE('NONE',(#1317),#996,.T.);
#1319=CARTESIAN_POINT('',(-146.5198,25.368636221,24.967459202));
#1320=DIRECTION('',(-1.,0.,0.));
#1321=DIRECTION('',(0.,0.,1.));
#1322=AXIS2_PLACEMENT_3D('',#1319,#1320,#1321);
#1323=PLANE('',#1322);
#1324=CARTESIAN_POINT('',(-146.5198,-43.625413779,14.487459202));
#1325=VERTEX_POINT('',#1324);
#1326=CARTESIAN_POINT('',(-146.5198,-43.625413779,15.782484455));
#1327=VERTEX_POINT('',#1326);
#1328=CARTESIAN_POINT('',(-146.5198,-43.625413779,14.487459202));
#1329=DIRECTION('',(0.,0.,1.));
#1330=VECTOR('',#1329,1.295025253);
#1331=LINE('',#1328,#1330);
#1332=EDGE_CURVE('NONE',#1325,#1327,#1331,.T.);
#1333=ORIENTED_EDGE('',*,*,#1332,.T.);
#1334=CARTESIAN_POINT('',(-146.5198,-42.925413779,16.772433949));
#1335=VERTEX_POINT('',#1334);
#1336=CARTESIAN_POINT('',(-146.5198,-43.625413779,15.782484455));
#1337=DIRECTION('',(0.,0.577350269,0.816496581));
#1338=VECTOR('',#1337,1.212435566);
#1339=LINE('',#1336,#1338);
#1340=EDGE_CURVE('NONE',#1327,#1335,#1339,.T.);
#1341=ORIENTED_EDGE('',*,*,#1340,.T.);
#1342=CARTESIAN_POINT('',(-146.5198,-14.325413778,16.772433949));
#1343=VERTEX_POINT('',#1342);
#1344=CARTESIAN_POINT('',(-146.5198,-42.925413779,16.772433949));
#1345=DIRECTION('',(0.,1.,0.));
#1346=VECTOR('',#1345,28.600000001);
#1347=LINE('',#1344,#1346);
#1348=EDGE_CURVE('NONE',#1335,#1343,#1347,.T.);
#1349=ORIENTED_EDGE('',*,*,#1348,.T.);
#1350=CARTESIAN_POINT('',(-146.5198,-13.625413779,15.782484455));
#1351=VERTEX_POINT('',#1350);
#1352=CARTESIAN_POINT('',(-146.5198,-14.325413778,16.772433949));
#1353=DIRECTION('',(0.,0.577350269,-0.816496581));
#1354=VECTOR('',#1353,1.212435565);
#1355=LINE('',#1352,#1354);
#1356=EDGE_CURVE('NONE',#1343,#1351,#1355,.T.);
#1357=ORIENTED_EDGE('',*,*,#1356,.T.);
#1358=CARTESIAN_POINT('',(-146.5198,-13.625413779,14.487459202));
#1359=VERTEX_POINT('',#1358);
#1360=CARTESIAN_POINT('',(-146.5198,-13.625413779,15.782484455));
#1361=DIRECTION('',(-0.,-0.,-1.));
#1362=VECTOR('',#1361,1.295025253);
#1363=LINE('',#1360,#1362);
#1364=EDGE_CURVE('NONE',#1351,#1359,#1363,.T.);
#1365=ORIENTED_EDGE('',*,*,#1364,.T.);
#1366=CARTESIAN_POINT('',(-146.5198,-14.125413779,13.987459202));
#1367=VERTEX_POINT('',#1366);
#1368=CARTESIAN_POINT('',(-146.5198,-13.625413779,14.487459202));
#1369=DIRECTION('',(0.,-0.707106781,-0.707106781));
#1370=VECTOR('',#1369,0.707106781);
#1371=LINE('',#1368,#1370);
#1372=EDGE_CURVE('NONE',#1359,#1367,#1371,.T.);
#1373=ORIENTED_EDGE('',*,*,#1372,.T.);
#1374=CARTESIAN_POINT('',(-146.5198,-43.125413779,13.987459202));
#1375=VERTEX_POINT('',#1374);
#1376=CARTESIAN_POINT('',(-146.5198,-14.125413779,13.987459202));
#1377=DIRECTION('',(-0.,-1.,-0.));
#1378=VECTOR('',#1377,29.);
#1379=LINE('',#1376,#1378);
#1380=EDGE_CURVE('NONE',#1367,#1375,#1379,.T.);
#1381=ORIENTED_EDGE('',*,*,#1380,.T.);
#1382=CARTESIAN_POINT('',(-146.5198,-43.125413779,13.987459202));
#1383=DIRECTION('',(0.,-0.707106781,0.707106781));
#1384=VECTOR('',#1383,0.707106781);
#1385=LINE('',#1382,#1384);
#1386=EDGE_CURVE('NONE',#1375,#1325,#1385,.T.);
#1387=ORIENTED_EDGE('',*,*,#1386,.T.);
#1388=EDGE_LOOP('',(#1333,#1341,#1349,#1357,#1365,#1373,#1381,#1387));
#1389=FACE_BOUND('',#1388,.T.);
#1390=CARTESIAN_POINT('',(-146.5198,3.1,22.669228416));
#1391=VERTEX_POINT('',#1390);
#1392=CARTESIAN_POINT('',(-146.5198,3.1,11.757459202));
#1393=VERTEX_POINT('',#1392);
#1394=CARTESIAN_POINT('',(-146.5198,3.1,22.669228416));
#1395=DIRECTION('',(-0.,-0.,-1.));
#1396=VECTOR('',#1395,10.911769214);
#1397=LINE('',#1394,#1396);
#1398=EDGE_CURVE('NONE',#1391,#1393,#1397,.T.);
#1399=ORIENTED_EDGE('',*,*,#1398,.F.);
#1400=CARTESIAN_POINT('',(-146.5198,-0.1,28.211791));
#1401=VERTEX_POINT('',#1400);
#1402=CARTESIAN_POINT('',(-146.5198,3.1,22.669228416));
#1403=DIRECTION('',(0.,-0.5,0.866025404));
#1404=VECTOR('',#1403,6.4);
#1405=LINE('',#1402,#1404);
#1406=EDGE_CURVE('NONE',#1391,#1401,#1405,.T.);
#1407=ORIENTED_EDGE('',*,*,#1406,.T.);
#1408=CARTESIAN_POINT('',(-146.5198,-0.1,24.257459202));
#1409=VERTEX_POINT('',#1408);
#1410=CARTESIAN_POINT('',(-146.5198,-0.1,28.211791));
#1411=DIRECTION('',(0.,0.,-1.));
#1412=VECTOR('',#1411,3.954331798);
#1413=LINE('',#1410,#1412);
#1414=EDGE_CURVE('',#1401,#1409,#1413,.T.);
#1415=ORIENTED_EDGE('',*,*,#1414,.T.);
#1416=CARTESIAN_POINT('',(-146.5198,-52.247438779,24.257459202));
#1417=VERTEX_POINT('',#1416);
#1418=CARTESIAN_POINT('',(-146.5198,-0.1,24.257459202));
#1419=DIRECTION('',(-0.,-1.,-0.));
#1420=VECTOR('',#1419,52.147438779);
#1421=LINE('',#1418,#1420);
#1422=EDGE_CURVE('NONE',#1409,#1417,#1421,.T.);
#1423=ORIENTED_EDGE('',*,*,#1422,.T.);
#1424=CARTESIAN_POINT('',(-146.5198,-52.247438779,11.757459202));
#1425=VERTEX_POINT('',#1424);
#1426=CARTESIAN_POINT('',(-146.5198,-52.247438779,24.257459202));
#1427=DIRECTION('',(-0.,-0.,-1.));
#1428=VECTOR('',#1427,12.5);
#1429=LINE('',#1426,#1428);
#1430=EDGE_CURVE('NONE',#1417,#1425,#1429,.T.);
#1431=ORIENTED_EDGE('',*,*,#1430,.T.);
#1432=CARTESIAN_POINT('',(-146.5198,-52.247438779,11.757459202));
#1433=DIRECTION('',(0.,1.,0.));
#1434=VECTOR('',#1433,55.347438779);
#1435=LINE('',#1432,#1434);
#1436=EDGE_CURVE('NONE',#1425,#1393,#1435,.T.);
#1437=ORIENTED_EDGE('',*,*,#1436,.T.);
#1438=EDGE_LOOP('',(#1399,#1407,#1415,#1423,#1431,#1437));
#1439=FACE_BOUND('',#1438,.T.);
#1440=ADVANCED_FACE('NONE',(#1389,#1439),#1323,.F.);
#1441=CARTESIAN_POINT('',(149.666246609,-1.803388779,11.911012593));
#1442=DIRECTION('',(-0.707106781,0.,0.707106781));
#1443=DIRECTION('',(0.,1.,0.));
#1444=AXIS2_PLACEMENT_3D('',#1441,#1442,#1443);
#1445=PLANE('',#1444);
#1446=CARTESIAN_POINT('',(151.0198,-0.1,13.264565984));
#1447=DIRECTION('',(-0.707106781,0.,-0.707106781));
#1448=VECTOR('',#1447,2.414213563);
#1449=LINE('',#1446,#1448);
#1450=EDGE_CURVE('NONE',#878,#1102,#1449,.T.);
#1451=ORIENTED_EDGE('',*,*,#1450,.F.);
#1452=ORIENTED_EDGE('',*,*,#907,.F.);
#1453=CARTESIAN_POINT('',(149.31269322,-52.747438779,11.557459202));
#1454=CARTESIAN_POINT('',(149.881728811,-52.747438778,12.126494797));
#1455=CARTESIAN_POINT('',(150.450764403,-52.747438777,12.695530391));
#1456=CARTESIAN_POINT('',(151.019799995,-52.747438775,13.264565986));
#1457=B_SPLINE_CURVE_WITH_KNOTS('',3,(#1453,#1454,#1455,#1456),.UNSPECIFIED.,.F.,.F.,(4,4),(0.,1.),.UNSPECIFIED.);
#1458=EDGE_CURVE('NONE',#1110,#896,#1457,.T.);
#1459=ORIENTED_EDGE('',*,*,#1458,.F.);
#1460=ORIENTED_EDGE('',*,*,#1115,.F.);
#1461=EDGE_LOOP('',(#1451,#1452,#1459,#1460));
#1462=FACE_BOUND('',#1461,.T.);
#1463=ADVANCED_FACE('NONE',(#1462),#1445,.F.);
#1464=CARTESIAN_POINT('',(-149.066246609,-1.803388779,11.911012593));
#1465=DIRECTION('',(-0.707106781,0.,-0.707106781));
#1466=DIRECTION('',(-0.707106781,0.,0.707106781));
#1467=AXIS2_PLACEMENT_3D('',#1464,#1465,#1466);
#1468=PLANE('',#1467);
#1469=ORIENTED_EDGE('',*,*,#941,.F.);
#1470=CARTESIAN_POINT('',(-150.4198,-0.1,13.264565984));
#1471=DIRECTION('',(0.707106781,0.,-0.707106781));
#1472=VECTOR('',#1471,2.414213564);
#1473=LINE('',#1470,#1472);
#1474=EDGE_CURVE('NONE',#928,#1144,#1473,.T.);
#1475=ORIENTED_EDGE('',*,*,#1474,.T.);
#1476=ORIENTED_EDGE('',*,*,#1149,.F.);
#1477=CARTESIAN_POINT('',(-150.419799995,-52.747438779,13.264565986));
#1478=CARTESIAN_POINT('',(-149.850764403,-52.747438779,12.695530391));
#1479=CARTESIAN_POINT('',(-149.281728811,-52.747438779,12.126494796));
#1480=CARTESIAN_POINT('',(-148.712693218,-52.747438779,11.5574592));
#1481=B_SPLINE_CURVE_WITH_KNOTS('',3,(#1477,#1478,#1479,#1480),.UNSPECIFIED.,.F.,.F.,(4,4),(0.,1.),.UNSPECIFIED.);
#1482=EDGE_CURVE('NONE',#936,#1135,#1481,.T.);
#1483=ORIENTED_EDGE('',*,*,#1482,.F.);
#1484=EDGE_LOOP('',(#1469,#1475,#1476,#1483));
#1485=FACE_BOUND('',#1484,.T.);
#1486=ADVANCED_FACE('NONE',(#1485),#1468,.T.);
#1487=CARTESIAN_POINT('',(-149.924825253,28.868636221,28.762484455));
#1488=DIRECTION('',(-0.707106781,0.,0.707106781));
#1489=DIRECTION('',(0.,1.,0.));
#1490=AXIS2_PLACEMENT_3D('',#1487,#1488,#1489);
#1491=PLANE('',#1490);
#1492=CARTESIAN_POINT('',(-148.429850507,-52.747438779,30.257459204));
#1493=CARTESIAN_POINT('',(-149.093167003,-52.747438778,29.594142704));
#1494=CARTESIAN_POINT('',(-149.7564835,-52.747438778,28.930826204));
#1495=CARTESIAN_POINT('',(-150.419799996,-52.747438777,28.267509703));
#1496=B_SPLINE_CURVE_WITH_KNOTS('',3,(#1492,#1493,#1494,#1495),.UNSPECIFIED.,.F.,.F.,(4,4),(0.,1.),.UNSPECIFIED.);
#1497=EDGE_CURVE('NONE',#629,#918,#1496,.T.);
#1498=ORIENTED_EDGE('',*,*,#1497,.F.);
#1499=ORIENTED_EDGE('',*,*,#634,.F.);
#1500=CARTESIAN_POINT('',(-148.429850506,-0.1,30.257459202));
#1501=DIRECTION('',(-0.707106781,0.,-0.707106781));
#1502=VECTOR('',#1501,2.814213565);
#1503=LINE('',#1500,#1502);
#1504=EDGE_CURVE('NONE',#621,#920,#1503,.T.);
#1505=ORIENTED_EDGE('',*,*,#1504,.T.);
#1506=ORIENTED_EDGE('',*,*,#925,.F.);
#1507=EDGE_LOOP('',(#1498,#1499,#1505,#1506));
#1508=FACE_BOUND('',#1507,.T.);
#1509=ADVANCED_FACE('NONE',(#1508),#1491,.T.);
#1510=CARTESIAN_POINT('',(150.524825253,28.868636221,28.762484455));
#1511=DIRECTION('',(-0.707106781,0.,-0.707106781));
#1512=DIRECTION('',(-0.707106781,0.,0.707106781));
#1513=AXIS2_PLACEMENT_3D('',#1510,#1511,#1512);
#1514=PLANE('',#1513);
#1515=CARTESIAN_POINT('',(151.019799997,-52.747438779,28.267509703));
#1516=CARTESIAN_POINT('',(150.3564835,-52.747438779,28.930826204));
#1517=CARTESIAN_POINT('',(149.693167003,-52.74743878,29.594142704));
#1518=CARTESIAN_POINT('',(149.029850506,-52.74743878,30.257459205));
#1519=B_SPLINE_CURVE_WITH_KNOTS('',3,(#1515,#1516,#1517,#1518),.UNSPECIFIED.,.F.,.F.,(4,4),(0.,1.),.UNSPECIFIED.);
#1520=EDGE_CURVE('NONE',#888,#654,#1519,.T.);
#1521=ORIENTED_EDGE('',*,*,#1520,.F.);
#1522=ORIENTED_EDGE('',*,*,#893,.F.);
#1523=CARTESIAN_POINT('',(149.029850506,-0.1,30.257459202));
#1524=DIRECTION('',(0.707106781,0.,-0.707106781));
#1525=VECTOR('',#1524,2.814213563);
#1526=LINE('',#1523,#1525);
#1527=EDGE_CURVE('NONE',#433,#880,#1526,.T.);
#1528=ORIENTED_EDGE('',*,*,#1527,.F.);
#1529=ORIENTED_EDGE('',*,*,#666,.F.);
#1530=EDGE_LOOP('',(#1521,#1522,#1528,#1529));
#1531=FACE_BOUND('',#1530,.T.);
#1532=ADVANCED_FACE('NONE',(#1531),#1514,.F.);
#1533=CARTESIAN_POINT('',(-146.5198,25.368636221,11.757459202));
#1534=DIRECTION('',(0.707106781,0.,-0.707106781));
#1535=DIRECTION('',(0.,-1.,0.));
#1536=AXIS2_PLACEMENT_3D('',#1533,#1534,#1535);
#1537=PLANE('',#1536);
#1538=ORIENTED_EDGE('',*,*,#1233,.F.);
#1539=CARTESIAN_POINT('',(-146.7198,3.1,11.557459202));
#1540=DIRECTION('',(0.707106781,-0.,0.707106781));
#1541=VECTOR('',#1540,0.282842712);
#1542=LINE('',#1539,#1541);
#1543=EDGE_CURVE('NONE',#1220,#1393,#1542,.T.);
#1544=ORIENTED_EDGE('',*,*,#1543,.T.);
#1545=ORIENTED_EDGE('',*,*,#1436,.F.);
#1546=CARTESIAN_POINT('',(-146.7198,-52.247438779,11.557459202));
#1547=CARTESIAN_POINT('',(-146.653133333,-52.247438779,11.624125869));
#1548=CARTESIAN_POINT('',(-146.586466667,-52.247438779,11.690792535));
#1549=CARTESIAN_POINT('',(-146.5198,-52.247438779,11.757459202));
#1550=B_SPLINE_CURVE_WITH_KNOTS('',3,(#1546,#1547,#1548,#1549),.UNSPECIFIED.,.F.,.F.,(4,4),(0.,0.282842712),.UNSPECIFIED.);
#1551=EDGE_CURVE('NONE',#1228,#1425,#1550,.T.);
#1552=ORIENTED_EDGE('',*,*,#1551,.F.);
#1553=EDGE_LOOP('',(#1538,#1544,#1545,#1552));
#1554=FACE_BOUND('',#1553,.T.);
#1555=ADVANCED_FACE('NONE',(#1554),#1537,.T.);
#1556=CARTESIAN_POINT('',(143.9198,-2.003388779,11.757459202));
#1557=DIRECTION('',(0.707106781,0.,0.707106781));
#1558=DIRECTION('',(0.,-1.,0.));
#1559=AXIS2_PLACEMENT_3D('',#1556,#1557,#1558);
#1560=PLANE('',#1559);
#1561=CARTESIAN_POINT('',(144.1198,-0.1,11.557459202));
#1562=DIRECTION('',(-0.707106781,0.,0.707106781));
#1563=VECTOR('',#1562,0.282842712);
#1564=LINE('',#1561,#1563);
#1565=EDGE_CURVE('NONE',#1286,#840,#1564,.T.);
#1566=ORIENTED_EDGE('',*,*,#1565,.F.);
#1567=ORIENTED_EDGE('',*,*,#1291,.F.);
#1568=CARTESIAN_POINT('',(144.1198,-20.220546066,11.557459202));
#1569=DIRECTION('',(-0.678598344,-0.281084639,0.678598344));
#1570=VECTOR('',#1569,0.294725152);
#1571=LINE('',#1568,#1570);
#1572=EDGE_CURVE('NONE',#1278,#848,#1571,.T.);
#1573=ORIENTED_EDGE('',*,*,#1572,.T.);
#1574=ORIENTED_EDGE('',*,*,#853,.F.);
#1575=EDGE_LOOP('',(#1566,#1567,#1573,#1574));
#1576=FACE_BOUND('',#1575,.T.);
#1577=ADVANCED_FACE('NONE',(#1576),#1560,.F.);
#1578=CARTESIAN_POINT('',(-146.5198,25.368636221,24.257459202));
#1579=DIRECTION('',(0.707106781,0.,-0.707106781));
#1580=DIRECTION('',(0.,-1.,0.));
#1581=AXIS2_PLACEMENT_3D('',#1578,#1579,#1580);
#1582=PLANE('',#1581);
#1583=ORIENTED_EDGE('',*,*,#1422,.F.);
#1584=CARTESIAN_POINT('',(-146.5198,-0.1,24.257459202));
#1585=DIRECTION('',(0.707106781,0.,0.707106781));
#1586=VECTOR('',#1585,0.282842712);
#1587=LINE('',#1584,#1586);
#1588=EDGE_CURVE('NONE',#1409,#250,#1587,.T.);
#1589=ORIENTED_EDGE('',*,*,#1588,.T.);
#1590=ORIENTED_EDGE('',*,*,#255,.F.);
#1591=CARTESIAN_POINT('',(-146.5198,-52.247438779,24.257459202));
#1592=CARTESIAN_POINT('',(-146.453133333,-52.247438779,24.324125869));
#1593=CARTESIAN_POINT('',(-146.386466667,-52.247438779,24.390792535));
#1594=CARTESIAN_POINT('',(-146.3198,-52.247438779,24.457459202));
#1595=B_SPLINE_CURVE_WITH_KNOTS('',3,(#1591,#1592,#1593,#1594),.UNSPECIFIED.,.F.,.F.,(4,4),(0.,0.282842712),.UNSPECIFIED.);
#1596=EDGE_CURVE('NONE',#1417,#241,#1595,.T.);
#1597=ORIENTED_EDGE('',*,*,#1596,.F.);
#1598=EDGE_LOOP('',(#1583,#1589,#1590,#1597));
#1599=FACE_BOUND('',#1598,.T.);
#1600=ADVANCED_FACE('NONE',(#1599),#1582,.T.);
#1601=CARTESIAN_POINT('',(0.3,-50.247438779,6.257459202));
#1602=DIRECTION('',(0.,1.,0.));
#1603=DIRECTION('',(1.,0.,0.));
#1604=AXIS2_PLACEMENT_3D('',#1601,#1602,#1603);
#1605=PLANE('',#1604);
#1606=CARTESIAN_POINT('',(-93.097990942,-50.247438779,24.657459202));
#1607=VERTEX_POINT('',#1606);
#1608=CARTESIAN_POINT('',(-93.097990942,-50.247438779,29.657459202));
#1609=VERTEX_POINT('',#1608);
#1610=CARTESIAN_POINT('',(-93.097990942,-50.247438779,24.657459202));
#1611=DIRECTION('',(0.,0.,1.));
#1612=VECTOR('',#1611,5.);
#1613=LINE('',#1610,#1612);
#1614=EDGE_CURVE('',#1607,#1609,#1613,.T.);
#1615=ORIENTED_EDGE('',*,*,#1614,.T.);
#1616=CARTESIAN_POINT('',(93.417627251,-50.247438779,29.657459202));
#1617=VERTEX_POINT('',#1616);
#1618=CARTESIAN_POINT('',(-93.097990942,-50.247438779,29.657459202));
#1619=DIRECTION('',(1.,0.,-0.));
#1620=VECTOR('',#1619,186.515618193);
#1621=LINE('',#1618,#1620);
#1622=EDGE_CURVE('',#1609,#1617,#1621,.T.);
#1623=ORIENTED_EDGE('',*,*,#1622,.T.);
#1624=CARTESIAN_POINT('',(93.417627251,-50.247438779,24.657459202));
#1625=VERTEX_POINT('',#1624);
#1626=CARTESIAN_POINT('',(93.417627251,-50.247438779,29.657459202));
#1627=DIRECTION('',(-0.,-0.,-1.));
#1628=VECTOR('',#1627,5.);
#1629=LINE('',#1626,#1628);
#1630=EDGE_CURVE('',#1617,#1625,#1629,.T.);
#1631=ORIENTED_EDGE('',*,*,#1630,.T.);
#1632=CARTESIAN_POINT('',(93.417627251,-50.247438779,24.657459202));
#1633=DIRECTION('',(-1.,0.,0.));
#1634=VECTOR('',#1633,186.515618193);
#1635=LINE('',#1632,#1634);
#1636=EDGE_CURVE('',#1625,#1607,#1635,.T.);
#1637=ORIENTED_EDGE('',*,*,#1636,.T.);
#1638=EDGE_LOOP('',(#1615,#1623,#1631,#1637));
#1639=FACE_BOUND('',#1638,.T.);
#1640=CARTESIAN_POINT('',(5.26,-50.247438779,28.657459202));
#1641=VERTEX_POINT('',#1640);
#1642=CARTESIAN_POINT('',(5.26,-50.247438779,25.657459202));
#1643=VERTEX_POINT('',#1642);
#1644=CARTESIAN_POINT('',(5.26,-50.247438779,28.657459202));
#1645=DIRECTION('',(-0.,-0.,-1.));
#1646=VECTOR('',#1645,3.);
#1647=LINE('',#1644,#1646);
#1648=EDGE_CURVE('NONE',#1641,#1643,#1647,.T.);
#1649=ORIENTED_EDGE('',*,*,#1648,.F.);
#1650=CARTESIAN_POINT('',(-4.83,-50.247438779,28.657459202));
#1651=VERTEX_POINT('',#1650);
#1652=CARTESIAN_POINT('',(-4.83,-50.247438779,28.657459202));
#1653=DIRECTION('',(1.,0.,-0.));
#1654=VECTOR('',#1653,10.09);
#1655=LINE('',#1652,#1654);
#1656=EDGE_CURVE('NONE',#1651,#1641,#1655,.T.);
#1657=ORIENTED_EDGE('',*,*,#1656,.F.);
#1658=CARTESIAN_POINT('',(-4.83,-50.247438779,25.657459202));
#1659=VERTEX_POINT('',#1658);
#1660=CARTESIAN_POINT('',(-4.83,-50.247438779,28.657459202));
#1661=DIRECTION('',(0.,0.,-1.));
#1662=VECTOR('',#1661,3.);
#1663=LINE('',#1660,#1662);
#1664=EDGE_CURVE('NONE',#1651,#1659,#1663,.T.);
#1665=ORIENTED_EDGE('',*,*,#1664,.T.);
#1666=CARTESIAN_POINT('',(5.26,-50.247438779,25.657459202));
#1667=DIRECTION('',(-1.,0.,0.));
#1668=VECTOR('',#1667,10.09);
#1669=LINE('',#1666,#1668);
#1670=EDGE_CURVE('NONE',#1643,#1659,#1669,.T.);
#1671=ORIENTED_EDGE('',*,*,#1670,.F.);
#1672=EDGE_LOOP('',(#1649,#1657,#1665,#1671));
#1673=FACE_BOUND('',#1672,.T.);
#1674=ADVANCED_FACE('NONE',(#1639,#1673),#1605,.T.);
#1675=CARTESIAN_POINT('',(0.215,-51.447438779,25.657459202));
#1676=DIRECTION('',(0.,0.,-1.));
#1677=DIRECTION('',(0.,-1.,0.));
#1678=AXIS2_PLACEMENT_3D('',#1675,#1676,#1677);
#1679=PLANE('',#1678);
#1680=ORIENTED_EDGE('',*,*,#1670,.T.);
#1681=CARTESIAN_POINT('',(-4.83,-56.747438779,25.657459202));
#1682=VERTEX_POINT('',#1681);
#1683=CARTESIAN_POINT('',(-4.83,-56.747438779,25.657459202));
#1684=DIRECTION('',(0.,1.,0.));
#1685=VECTOR('',#1684,6.5);
#1686=LINE('',#1683,#1685);
#1687=EDGE_CURVE('NONE',#1682,#1659,#1686,.T.);
#1688=ORIENTED_EDGE('',*,*,#1687,.F.);
#1689=CARTESIAN_POINT('',(5.26,-56.747438779,25.657459202));
#1690=VERTEX_POINT('',#1689);
#1691=CARTESIAN_POINT('',(5.26,-56.747438779,25.657459202));
#1692=DIRECTION('',(-1.,-0.,0.));
#1693=VECTOR('',#1692,10.09);
#1694=LINE('',#1691,#1693);
#1695=EDGE_CURVE('NONE',#1690,#1682,#1694,.T.);
#1696=ORIENTED_EDGE('',*,*,#1695,.F.);
#1697=CARTESIAN_POINT('',(5.26,-56.747438779,25.657459202));
#1698=DIRECTION('',(-0.,1.,-0.));
#1699=VECTOR('',#1698,6.5);
#1700=LINE('',#1697,#1699);
#1701=EDGE_CURVE('NONE',#1690,#1643,#1700,.T.);
#1702=ORIENTED_EDGE('',*,*,#1701,.T.);
#1703=EDGE_LOOP('',(#1680,#1688,#1696,#1702));
#1704=FACE_BOUND('',#1703,.T.);
#1705=ADVANCED_FACE('NONE',(#1704),#1679,.F.);
#1706=CARTESIAN_POINT('',(0.215,-51.447438779,28.657459202));
#1707=DIRECTION('',(0.,0.,1.));
#1708=DIRECTION('',(1.,0.,0.));
#1709=AXIS2_PLACEMENT_3D('',#1706,#1707,#1708);
#1710=PLANE('',#1709);
#1711=ORIENTED_EDGE('',*,*,#1656,.T.);
#1712=CARTESIAN_POINT('',(5.26,-56.747438779,28.657459202));
#1713=VERTEX_POINT('',#1712);
#1714=CARTESIAN_POINT('',(5.26,-56.747438779,28.657459202));
#1715=DIRECTION('',(0.,1.,0.));
#1716=VECTOR('',#1715,6.5);
#1717=LINE('',#1714,#1716);
#1718=EDGE_CURVE('NONE',#1713,#1641,#1717,.T.);
#1719=ORIENTED_EDGE('',*,*,#1718,.F.);
#1720=CARTESIAN_POINT('',(-4.83,-56.747438779,28.657459202));
#1721=VERTEX_POINT('',#1720);
#1722=CARTESIAN_POINT('',(-4.83,-56.747438779,28.657459202));
#1723=DIRECTION('',(1.,0.,-0.));
#1724=VECTOR('',#1723,10.09);
#1725=LINE('',#1722,#1724);
#1726=EDGE_CURVE('NONE',#1721,#1713,#1725,.T.);
#1727=ORIENTED_EDGE('',*,*,#1726,.F.);
#1728=CARTESIAN_POINT('',(-4.83,-56.747438779,28.657459202));
#1729=DIRECTION('',(0.,1.,0.));
#1730=VECTOR('',#1729,6.5);
#1731=LINE('',#1728,#1730);
#1732=EDGE_CURVE('NONE',#1721,#1651,#1731,.T.);
#1733=ORIENTED_EDGE('',*,*,#1732,.T.);
#1734=EDGE_LOOP('',(#1711,#1719,#1727,#1733));
#1735=FACE_BOUND('',#1734,.T.);
#1736=ADVANCED_FACE('NONE',(#1735),#1710,.F.);
#1737=CARTESIAN_POINT('',(164.269906052,-57.147438779,28.657459202));
#1738=DIRECTION('',(0.,0.,1.));
#1739=DIRECTION('',(1.,0.,0.));
#1740=AXIS2_PLACEMENT_3D('',#1737,#1738,#1739);
#1741=PLANE('',#1740);
#1742=ORIENTED_EDGE('',*,*,#805,.T.);
#1743=ORIENTED_EDGE('',*,*,#780,.T.);
#1744=CARTESIAN_POINT('',(136.514906052,-56.747438779,28.657459202));
#1745=VERTEX_POINT('',#1744);
#1746=CARTESIAN_POINT('',(136.514906052,-56.747438779,28.657459202));
#1747=DIRECTION('',(0.,1.,0.));
#1748=VECTOR('',#1747,6.5);
#1749=LINE('',#1746,#1748);
#1750=EDGE_CURVE('NONE',#1745,#769,#1749,.T.);
#1751=ORIENTED_EDGE('',*,*,#1750,.F.);
#1752=CARTESIAN_POINT('',(126.424906052,-56.747438779,28.657459202));
#1753=DIRECTION('',(1.,0.,-0.));
#1754=VECTOR('',#1753,10.09);
#1755=LINE('',#1752,#1754);
#1756=EDGE_CURVE('NONE',#800,#1745,#1755,.T.);
#1757=ORIENTED_EDGE('',*,*,#1756,.F.);
#1758=EDGE_LOOP('',(#1742,#1743,#1751,#1757));
#1759=FACE_BOUND('',#1758,.T.);
#1760=ADVANCED_FACE('NONE',(#1759),#1741,.F.);
#1761=CARTESIAN_POINT('',(164.269906052,-57.147438779,25.657459202));
#1762=DIRECTION('',(0.,0.,-1.));
#1763=DIRECTION('',(0.,-1.,0.));
#1764=AXIS2_PLACEMENT_3D('',#1761,#1762,#1763);
#1765=PLANE('',#1764);
#1766=CARTESIAN_POINT('',(136.514906052,-56.747438779,25.657459202));
#1767=VERTEX_POINT('',#1766);
#1768=CARTESIAN_POINT('',(136.514906052,-56.747438779,25.657459202));
#1769=DIRECTION('',(-0.,1.,-0.));
#1770=VECTOR('',#1769,6.5);
#1771=LINE('',#1768,#1770);
#1772=EDGE_CURVE('NONE',#1767,#761,#1771,.T.);
#1773=ORIENTED_EDGE('',*,*,#1772,.T.);
#1774=ORIENTED_EDGE('',*,*,#766,.T.);
#1775=ORIENTED_EDGE('',*,*,#796,.F.);
#1776=CARTESIAN_POINT('',(136.514906052,-56.747438779,25.657459202));
#1777=DIRECTION('',(-1.,-0.,0.));
#1778=VECTOR('',#1777,10.09);
#1779=LINE('',#1776,#1778);
#1780=EDGE_CURVE('NONE',#1767,#791,#1779,.T.);
#1781=ORIENTED_EDGE('',*,*,#1780,.F.);
#1782=EDGE_LOOP('',(#1773,#1774,#1775,#1781));
#1783=FACE_BOUND('',#1782,.T.);
#1784=ADVANCED_FACE('NONE',(#1783),#1765,.F.);
#1785=CARTESIAN_POINT('',(146.7198,25.368636221,24.957459202));
#1786=DIRECTION('',(1.,0.,0.));
#1787=DIRECTION('',(0.,1.,0.));
#1788=AXIS2_PLACEMENT_3D('',#1785,#1786,#1787);
#1789=PLANE('',#1788);
#1790=CARTESIAN_POINT('',(146.7198,-52.147438779,11.757459202));
#1791=VERTEX_POINT('',#1790);
#1792=CARTESIAN_POINT('',(146.7198,-52.147438779,24.257459202));
#1793=VERTEX_POINT('',#1792);
#1794=CARTESIAN_POINT('',(146.7198,-52.147438779,11.757459202));
#1795=DIRECTION('',(0.,0.,1.));
#1796=VECTOR('',#1795,12.5);
#1797=LINE('',#1794,#1796);
#1798=EDGE_CURVE('NONE',#1791,#1793,#1797,.T.);
#1799=ORIENTED_EDGE('',*,*,#1798,.T.);
#1800=CARTESIAN_POINT('',(146.7198,-21.003388779,24.257459202));
#1801=VERTEX_POINT('',#1800);
#1802=CARTESIAN_POINT('',(146.7198,-52.147438779,24.257459202));
#1803=DIRECTION('',(0.,1.,0.));
#1804=VECTOR('',#1803,31.14405);
#1805=LINE('',#1802,#1804);
#1806=EDGE_CURVE('NONE',#1793,#1801,#1805,.T.);
#1807=ORIENTED_EDGE('',*,*,#1806,.T.);
#1808=CARTESIAN_POINT('',(146.7198,-21.003388779,11.757459202));
#1809=VERTEX_POINT('',#1808);
#1810=CARTESIAN_POINT('',(146.7198,-21.003388779,11.757459202));
#1811=DIRECTION('',(-0.,-0.,1.));
#1812=VECTOR('',#1811,12.5);
#1813=LINE('',#1810,#1812);
#1814=EDGE_CURVE('NONE',#1809,#1801,#1813,.T.);
#1815=ORIENTED_EDGE('',*,*,#1814,.F.);
#1816=CARTESIAN_POINT('',(146.7198,-21.003388779,11.757459202));
#1817=DIRECTION('',(-0.,-1.,-0.));
#1818=VECTOR('',#1817,31.14405);
#1819=LINE('',#1816,#1818);
#1820=EDGE_CURVE('NONE',#1809,#1791,#1819,.T.);
#1821=ORIENTED_EDGE('',*,*,#1820,.T.);
#1822=EDGE_LOOP('',(#1799,#1807,#1815,#1821));
#1823=FACE_BOUND('',#1822,.T.);
#1824=ADVANCED_FACE('NONE',(#1823),#1789,.F.);
#1825=CARTESIAN_POINT('',(-72.8099,-57.247438779,24.957459202));
#1826=DIRECTION('',(0.,-1.,0.));
#1827=DIRECTION('',(0.,0.,-1.));
#1828=AXIS2_PLACEMENT_3D('',#1825,#1826,#1827);
#1829=PLANE('',#1828);
#1830=CARTESIAN_POINT('',(-141.5198,-57.247438779,11.757459202));
#1831=VERTEX_POINT('',#1830);
#1832=CARTESIAN_POINT('',(-141.5198,-57.247438779,24.257459202));
#1833=VERTEX_POINT('',#1832);
#1834=CARTESIAN_POINT('',(-141.5198,-57.247438779,11.757459202));
#1835=DIRECTION('',(-0.,-0.,1.));
#1836=VECTOR('',#1835,12.5);
#1837=LINE('',#1834,#1836);
#1838=EDGE_CURVE('NONE',#1831,#1833,#1837,.T.);
#1839=ORIENTED_EDGE('',*,*,#1838,.T.);
#1840=CARTESIAN_POINT('',(141.6198,-57.247438779,24.257459202));
#1841=VERTEX_POINT('',#1840);
#1842=CARTESIAN_POINT('',(-141.5198,-57.247438779,24.257459202));
#1843=DIRECTION('',(1.,0.,-0.));
#1844=VECTOR('',#1843,283.1396);
#1845=LINE('',#1842,#1844);
#1846=EDGE_CURVE('NONE',#1833,#1841,#1845,.T.);
#1847=ORIENTED_EDGE('',*,*,#1846,.T.);
#1848=CARTESIAN_POINT('',(141.6198,-57.247438779,11.757459202));
#1849=VERTEX_POINT('',#1848);
#1850=CARTESIAN_POINT('',(141.6198,-57.247438779,24.257459202));
#1851=DIRECTION('',(0.,0.,-1.));
#1852=VECTOR('',#1851,12.5);
#1853=LINE('',#1850,#1852);
#1854=EDGE_CURVE('NONE',#1841,#1849,#1853,.T.);
#1855=ORIENTED_EDGE('',*,*,#1854,.T.);
#1856=CARTESIAN_POINT('',(141.6198,-57.247438779,11.757459202));
#1857=DIRECTION('',(-1.,-0.,0.));
#1858=VECTOR('',#1857,283.1396);
#1859=LINE('',#1856,#1858);
#1860=EDGE_CURVE('NONE',#1849,#1831,#1859,.T.);
#1861=ORIENTED_EDGE('',*,*,#1860,.T.);
#1862=EDGE_LOOP('',(#1839,#1847,#1855,#1861));
#1863=FACE_BOUND('',#1862,.T.);
#1864=ADVANCED_FACE('NONE',(#1863),#1829,.F.);
#1865=CARTESIAN_POINT('',(141.6198,-52.147438779,24.957459202));
#1866=DIRECTION('',(0.,0.,1.));
#1867=DIRECTION('',(1.,0.,-0.));
#1868=AXIS2_PLACEMENT_3D('',#1865,#1866,#1867);
#1869=CYLINDRICAL_SURFACE('',#1868,5.1);
#1870=ORIENTED_EDGE('',*,*,#1854,.F.);
#1871=CARTESIAN_POINT('',(141.6198,-52.147438779,24.257459202));
#1872=DIRECTION('',(0.,0.,1.));
#1873=DIRECTION('',(1.,0.,-0.));
#1874=AXIS2_PLACEMENT_3D('',#1871,#1872,#1873);
#1875=CIRCLE('',#1874,5.1);
#1876=EDGE_CURVE('NONE',#1841,#1793,#1875,.T.);
#1877=ORIENTED_EDGE('',*,*,#1876,.T.);
#1878=ORIENTED_EDGE('',*,*,#1798,.F.);
#1879=CARTESIAN_POINT('',(141.6198,-52.147438779,11.757459202));
#1880=DIRECTION('',(-0.,-0.,-1.));
#1881=DIRECTION('',(1.,0.,-0.));
#1882=AXIS2_PLACEMENT_3D('',#1879,#1880,#1881);
#1883=CIRCLE('',#1882,5.1);
#1884=EDGE_CURVE('NONE',#1791,#1849,#1883,.T.);
#1885=ORIENTED_EDGE('',*,*,#1884,.T.);
#1886=EDGE_LOOP('',(#1870,#1877,#1878,#1885));
#1887=FACE_BOUND('',#1886,.T.);
#1888=ADVANCED_FACE('NONE',(#1887),#1869,.F.);
#1889=CARTESIAN_POINT('',(-141.5198,-52.247438779,24.967459202));
#1890=DIRECTION('',(0.,0.,1.));
#1891=DIRECTION('',(1.,0.,-0.));
#1892=AXIS2_PLACEMENT_3D('',#1889,#1890,#1891);
#1893=CYLINDRICAL_SURFACE('',#1892,5.);
#1894=ORIENTED_EDGE('',*,*,#1430,.F.);
#1895=CARTESIAN_POINT('',(-141.5198,-52.247438779,24.257459202));
#1896=DIRECTION('',(0.,0.,1.));
#1897=DIRECTION('',(1.,0.,-0.));
#1898=AXIS2_PLACEMENT_3D('',#1895,#1896,#1897);
#1899=CIRCLE('',#1898,5.);
#1900=EDGE_CURVE('NONE',#1417,#1833,#1899,.T.);
#1901=ORIENTED_EDGE('',*,*,#1900,.T.);
#1902=ORIENTED_EDGE('',*,*,#1838,.F.);
#1903=CARTESIAN_POINT('',(-141.5198,-52.247438779,11.757459202));
#1904=DIRECTION('',(-0.,-0.,-1.));
#1905=DIRECTION('',(1.,0.,-0.));
#1906=AXIS2_PLACEMENT_3D('',#1903,#1904,#1905);
#1907=CIRCLE('',#1906,5.);
#1908=EDGE_CURVE('NONE',#1831,#1425,#1907,.T.);
#1909=ORIENTED_EDGE('',*,*,#1908,.T.);
#1910=EDGE_LOOP('',(#1894,#1901,#1902,#1909));
#1911=FACE_BOUND('',#1910,.T.);
#1912=ADVANCED_FACE('NONE',(#1911),#1893,.F.);
#1913=CARTESIAN_POINT('',(144.0198,-52.747438779,24.957459202));
#1914=DIRECTION('',(0.,0.,1.));
#1915=DIRECTION('',(1.,0.,-0.));
#1916=AXIS2_PLACEMENT_3D('',#1913,#1914,#1915);
#1917=CYLINDRICAL_SURFACE('',#1916,7.);
#1918=CARTESIAN_POINT('',(144.0198,-59.74743878,13.264565985));
#1919=VERTEX_POINT('',#1918);
#1920=CARTESIAN_POINT('',(144.0198,-52.747438779,13.264565986));
#1921=DIRECTION('',(0.,0.,1.));
#1922=DIRECTION('',(1.,0.,-0.));
#1923=AXIS2_PLACEMENT_3D('',#1920,#1921,#1922);
#1924=CIRCLE('',#1923,7.);
#1925=EDGE_CURVE('NONE',#1919,#896,#1924,.T.);
#1926=ORIENTED_EDGE('',*,*,#1925,.T.);
#1927=ORIENTED_EDGE('',*,*,#901,.F.);
#1928=CARTESIAN_POINT('',(144.0198,-59.747438781,28.267509706));
#1929=VERTEX_POINT('',#1928);
#1930=CARTESIAN_POINT('',(144.0198,-52.747438779,28.267509704));
#1931=DIRECTION('',(-0.,-0.,-1.));
#1932=DIRECTION('',(1.,0.,-0.));
#1933=AXIS2_PLACEMENT_3D('',#1930,#1931,#1932);
#1934=CIRCLE('',#1933,7.);
#1935=EDGE_CURVE('NONE',#888,#1929,#1934,.T.);
#1936=ORIENTED_EDGE('',*,*,#1935,.T.);
#1937=CARTESIAN_POINT('',(144.0198,-59.747438779,13.264565985));
#1938=DIRECTION('',(-0.,-0.,1.));
#1939=VECTOR('',#1938,15.002943721);
#1940=LINE('',#1937,#1939);
#1941=EDGE_CURVE('NONE',#1919,#1929,#1940,.T.);
#1942=ORIENTED_EDGE('',*,*,#1941,.F.);
#1943=EDGE_LOOP('',(#1926,#1927,#1936,#1942));
#1944=FACE_BOUND('',#1943,.T.);
#1945=ADVANCED_FACE('NONE',(#1944),#1917,.T.);
#1946=CARTESIAN_POINT('',(-143.4198,-52.747438779,24.957459202));
#1947=DIRECTION('',(0.,0.,-1.));
#1948=DIRECTION('',(-1.,0.,0.));
#1949=AXIS2_PLACEMENT_3D('',#1946,#1947,#1948);
#1950=CYLINDRICAL_SURFACE('',#1949,7.);
#1951=CARTESIAN_POINT('',(-143.4198,-59.747438781,28.267509706));
#1952=VERTEX_POINT('',#1951);
#1953=CARTESIAN_POINT('',(-143.4198,-59.74743878,13.264565985));
#1954=VERTEX_POINT('',#1953);
#1955=CARTESIAN_POINT('',(-143.4198,-59.747438779,28.267509706));
#1956=DIRECTION('',(0.,0.,-1.));
#1957=VECTOR('',#1956,15.002943721);
#1958=LINE('',#1955,#1957);
#1959=EDGE_CURVE('NONE',#1952,#1954,#1958,.T.);
#1960=ORIENTED_EDGE('',*,*,#1959,.F.);
#1961=CARTESIAN_POINT('',(-143.4198,-52.747438779,28.267509704));
#1962=DIRECTION('',(0.,0.,-1.));
#1963=DIRECTION('',(-1.,0.,0.));
#1964=AXIS2_PLACEMENT_3D('',#1961,#1962,#1963);
#1965=CIRCLE('',#1964,7.);
#1966=EDGE_CURVE('NONE',#1952,#918,#1965,.T.);
#1967=ORIENTED_EDGE('',*,*,#1966,.T.);
#1968=ORIENTED_EDGE('',*,*,#947,.F.);
#1969=CARTESIAN_POINT('',(-143.4198,-52.747438779,13.264565986));
#1970=DIRECTION('',(-0.,-0.,1.));
#1971=DIRECTION('',(-1.,0.,0.));
#1972=AXIS2_PLACEMENT_3D('',#1969,#1970,#1971);
#1973=CIRCLE('',#1972,7.);
#1974=EDGE_CURVE('NONE',#936,#1954,#1973,.T.);
#1975=ORIENTED_EDGE('',*,*,#1974,.T.);
#1976=EDGE_LOOP('',(#1960,#1967,#1968,#1975));
#1977=FACE_BOUND('',#1976,.T.);
#1978=ADVANCED_FACE('NONE',(#1977),#1950,.T.);
#1979=CARTESIAN_POINT('',(146.2198,-21.003388779,8.057459202));
#1980=DIRECTION('',(0.,1.,0.));
#1981=DIRECTION('',(1.,0.,0.));
#1982=AXIS2_PLACEMENT_3D('',#1979,#1980,#1981);
#1983=PLANE('',#1982);
#1984=ORIENTED_EDGE('',*,*,#1814,.T.);
#1985=CARTESIAN_POINT('',(146.7198,-21.003388779,24.257459202));
#1986=DIRECTION('',(-0.707106781,0.,0.707106781));
#1987=VECTOR('',#1986,0.282842712);
#1988=LINE('',#1985,#1987);
#1989=EDGE_CURVE('NONE',#1801,#208,#1988,.T.);
#1990=ORIENTED_EDGE('',*,*,#1989,.T.);
#1991=ORIENTED_EDGE('',*,*,#213,.T.);
#1992=CARTESIAN_POINT('',(144.6198,-21.003388779,11.757459202));
#1993=VERTEX_POINT('',#1992);
#1994=CARTESIAN_POINT('',(144.6198,-21.003388779,24.457459202));
#1995=DIRECTION('',(0.,0.,-1.));
#1996=VECTOR('',#1995,12.7);
#1997=LINE('',#1994,#1996);
#1998=EDGE_CURVE('NONE',#200,#1993,#1997,.T.);
#1999=ORIENTED_EDGE('',*,*,#1998,.T.);
#2000=CARTESIAN_POINT('',(144.6198,-21.003388779,11.757459202));
#2001=DIRECTION('',(1.,0.,-0.));
#2002=VECTOR('',#2001,2.1);
#2003=LINE('',#2000,#2002);
#2004=EDGE_CURVE('NONE',#1993,#1809,#2003,.T.);
#2005=ORIENTED_EDGE('',*,*,#2004,.T.);
#2006=EDGE_LOOP('',(#1984,#1990,#1991,#1999,#2005));
#2007=FACE_BOUND('',#2006,.T.);
#2008=ADVANCED_FACE('NONE',(#2007),#1983,.F.);
#2009=CARTESIAN_POINT('',(144.1198,-20.503388779,5.257459202));
#2010=DIRECTION('',(-0.707106781,-0.707106781,0.));
#2011=DIRECTION('',(-0.707106781,0.707106781,0.));
#2012=AXIS2_PLACEMENT_3D('',#2009,#2010,#2011);
#2013=PLANE('',#2012);
#2014=ORIENTED_EDGE('',*,*,#205,.F.);
#2015=CARTESIAN_POINT('',(144.1198,-20.503388779,24.457459202));
#2016=DIRECTION('',(-0.577350269,0.577350269,0.577350269));
#2017=VECTOR('',#2016,0.346410162);
#2018=LINE('',#2015,#2017);
#2019=EDGE_CURVE('',#192,#856,#2018,.T.);
#2020=ORIENTED_EDGE('',*,*,#2019,.T.);
#2021=ORIENTED_EDGE('',*,*,#861,.F.);
#2022=CARTESIAN_POINT('',(143.9198,-20.303388779,11.757459202));
#2023=DIRECTION('',(0.707106781,-0.707106781,-0.));
#2024=VECTOR('',#2023,0.989949494);
#2025=LINE('',#2022,#2024);
#2026=EDGE_CURVE('NONE',#848,#1993,#2025,.T.);
#2027=ORIENTED_EDGE('',*,*,#2026,.T.);
#2028=ORIENTED_EDGE('',*,*,#1998,.F.);
#2029=EDGE_LOOP('',(#2014,#2020,#2021,#2027,#2028));
#2030=FACE_BOUND('',#2029,.T.);
#2031=ADVANCED_FACE('NONE',(#2030),#2013,.T.);
#2032=CARTESIAN_POINT('',(136.514906052,-57.147438779,32.157459202));
#2033=DIRECTION('',(1.,0.,0.));
#2034=DIRECTION('',(0.,1.,0.));
#2035=AXIS2_PLACEMENT_3D('',#2032,#2033,#2034);
#2036=PLANE('',#2035);
#2037=ORIENTED_EDGE('',*,*,#774,.T.);
#2038=ORIENTED_EDGE('',*,*,#1772,.F.);
#2039=CARTESIAN_POINT('',(136.514906052,-56.747438779,28.657459202));
#2040=DIRECTION('',(0.,0.,-1.));
#2041=VECTOR('',#2040,3.);
#2042=LINE('',#2039,#2041);
#2043=EDGE_CURVE('NONE',#1745,#1767,#2042,.T.);
#2044=ORIENTED_EDGE('',*,*,#2043,.F.);
#2045=ORIENTED_EDGE('',*,*,#1750,.T.);
#2046=EDGE_LOOP('',(#2037,#2038,#2044,#2045));
#2047=FACE_BOUND('',#2046,.T.);
#2048=ADVANCED_FACE('NONE',(#2047),#2036,.F.);
#2049=CARTESIAN_POINT('',(38.8,-56.747438779,9.357459202));
#2050=DIRECTION('',(0.,1.,0.));
#2051=DIRECTION('',(1.,0.,0.));
#2052=AXIS2_PLACEMENT_3D('',#2049,#2050,#2051);
#2053=PLANE('',#2052);
#2054=ORIENTED_EDGE('',*,*,#811,.T.);
#2055=ORIENTED_EDGE('',*,*,#1756,.T.);
#2056=ORIENTED_EDGE('',*,*,#2043,.T.);
#2057=ORIENTED_EDGE('',*,*,#1780,.T.);
#2058=EDGE_LOOP('',(#2054,#2055,#2056,#2057));
#2059=FACE_BOUND('',#2058,.T.);
#2060=ADVANCED_FACE('NONE',(#2059),#2053,.T.);
#2061=CARTESIAN_POINT('',(144.0198,-52.747438779,11.911012593));
#2062=DIRECTION('',(0.,0.,1.));
#2063=DIRECTION('',(1.,0.,-0.));
#2064=AXIS2_PLACEMENT_3D('',#2061,#2062,#2063);
#2065=CONICAL_SURFACE('',#2064,5.646446609,44.999999847);
#2066=ORIENTED_EDGE('',*,*,#1458,.T.);
#2067=ORIENTED_EDGE('',*,*,#1925,.F.);
#2068=CARTESIAN_POINT('',(144.0198,-58.040331997,11.557459202));
#2069=DIRECTION('',(-0.,-0.707106781,0.707106781));
#2070=VECTOR('',#2069,2.414213565);
#2071=LINE('',#2068,#2070);
#2072=EDGE_CURVE('NONE',#1118,#1919,#2071,.T.);
#2073=ORIENTED_EDGE('',*,*,#2072,.F.);
#2074=ORIENTED_EDGE('',*,*,#1124,.F.);
#2075=EDGE_LOOP('',(#2066,#2067,#2073,#2074));
#2076=FACE_BOUND('',#2075,.T.);
#2077=ADVANCED_FACE('NONE',(#2076),#2065,.T.);
#2078=CARTESIAN_POINT('',(-143.4198,-52.747438779,11.911012593));
#2079=DIRECTION('',(0.,0.,1.));
#2080=DIRECTION('',(1.,0.,-0.));
#2081=AXIS2_PLACEMENT_3D('',#2078,#2079,#2080);
#2082=CONICAL_SURFACE('',#2081,5.646446609,44.999999847);
#2083=ORIENTED_EDGE('',*,*,#1482,.T.);
#2084=ORIENTED_EDGE('',*,*,#1141,.F.);
#2085=CARTESIAN_POINT('',(-143.4198,-59.74743878,13.264565985));
#2086=DIRECTION('',(0.,0.707106781,-0.707106781));
#2087=VECTOR('',#2086,2.414213566);
#2088=LINE('',#2085,#2087);
#2089=EDGE_CURVE('NONE',#1954,#1127,#2088,.T.);
#2090=ORIENTED_EDGE('',*,*,#2089,.F.);
#2091=ORIENTED_EDGE('',*,*,#1974,.F.);
#2092=EDGE_LOOP('',(#2083,#2084,#2090,#2091));
#2093=FACE_BOUND('',#2092,.T.);
#2094=ADVANCED_FACE('NONE',(#2093),#2082,.T.);
#2095=CARTESIAN_POINT('',(0.,-58.393885388,11.911012593));
#2096=DIRECTION('',(0.,0.707106781,0.707106781));
#2097=DIRECTION('',(1.,0.,0.));
#2098=AXIS2_PLACEMENT_3D('',#2095,#2096,#2097);
#2099=PLANE('',#2098);
#2100=ORIENTED_EDGE('',*,*,#2072,.T.);
#2101=CARTESIAN_POINT('',(-143.4198,-59.747438779,13.264565985));
#2102=DIRECTION('',(1.,0.,-0.));
#2103=VECTOR('',#2102,287.4396);
#2104=LINE('',#2101,#2103);
#2105=EDGE_CURVE('NONE',#1954,#1919,#2104,.T.);
#2106=ORIENTED_EDGE('',*,*,#2105,.F.);
#2107=ORIENTED_EDGE('',*,*,#2089,.T.);
#2108=ORIENTED_EDGE('',*,*,#1132,.F.);
#2109=EDGE_LOOP('',(#2100,#2106,#2107,#2108));
#2110=FACE_BOUND('',#2109,.T.);
#2111=ADVANCED_FACE('NONE',(#2110),#2099,.F.);
#2112=CARTESIAN_POINT('',(-143.4198,-52.747438779,29.762484455));
#2113=DIRECTION('',(0.,0.,-1.));
#2114=DIRECTION('',(-1.,0.,0.));
#2115=AXIS2_PLACEMENT_3D('',#2112,#2113,#2114);
#2116=CONICAL_SURFACE('',#2115,5.505025253,44.999999847);
#2117=ORIENTED_EDGE('',*,*,#1497,.T.);
#2118=ORIENTED_EDGE('',*,*,#1966,.F.);
#2119=CARTESIAN_POINT('',(-143.4198,-57.757489284,30.257459203));
#2120=DIRECTION('',(-0.,-0.707106781,-0.707106781));
#2121=VECTOR('',#2120,2.814213567);
#2122=LINE('',#2119,#2121);
#2123=EDGE_CURVE('NONE',#637,#1952,#2122,.T.);
#2124=ORIENTED_EDGE('',*,*,#2123,.F.);
#2125=ORIENTED_EDGE('',*,*,#643,.F.);
#2126=EDGE_LOOP('',(#2117,#2118,#2124,#2125));
#2127=FACE_BOUND('',#2126,.T.);
#2128=ADVANCED_FACE('NONE',(#2127),#2116,.T.);
#2129=CARTESIAN_POINT('',(144.0198,-52.747438779,29.762484455));
#2130=DIRECTION('',(0.,0.,-1.));
#2131=DIRECTION('',(-1.,0.,0.));
#2132=AXIS2_PLACEMENT_3D('',#2129,#2130,#2131);
#2133=CONICAL_SURFACE('',#2132,5.505025253,44.999999847);
#2134=ORIENTED_EDGE('',*,*,#1520,.T.);
#2135=ORIENTED_EDGE('',*,*,#660,.F.);
#2136=CARTESIAN_POINT('',(144.0198,-59.747438781,28.267509706));
#2137=DIRECTION('',(0.,0.707106781,0.707106781));
#2138=VECTOR('',#2137,2.814213568);
#2139=LINE('',#2136,#2138);
#2140=EDGE_CURVE('NONE',#1929,#646,#2139,.T.);
#2141=ORIENTED_EDGE('',*,*,#2140,.F.);
#2142=ORIENTED_EDGE('',*,*,#1935,.F.);
#2143=EDGE_LOOP('',(#2134,#2135,#2141,#2142));
#2144=FACE_BOUND('',#2143,.T.);
#2145=ADVANCED_FACE('NONE',(#2144),#2133,.T.);
#2146=CARTESIAN_POINT('',(0.3,-58.252464032,29.762484455));
#2147=DIRECTION('',(0.,0.707106781,-0.707106781));
#2148=DIRECTION('',(-1.,0.,0.));
#2149=AXIS2_PLACEMENT_3D('',#2146,#2147,#2148);
#2150=PLANE('',#2149);
#2151=ORIENTED_EDGE('',*,*,#2123,.T.);
#2152=CARTESIAN_POINT('',(144.0198,-59.747438779,28.267509705));
#2153=DIRECTION('',(-1.,-0.,0.));
#2154=VECTOR('',#2153,287.4396);
#2155=LINE('',#2152,#2154);
#2156=EDGE_CURVE('NONE',#1929,#1952,#2155,.T.);
#2157=ORIENTED_EDGE('',*,*,#2156,.F.);
#2158=ORIENTED_EDGE('',*,*,#2140,.T.);
#2159=ORIENTED_EDGE('',*,*,#651,.F.);
#2160=EDGE_LOOP('',(#2151,#2157,#2158,#2159));
#2161=FACE_BOUND('',#2160,.T.);
#2162=ADVANCED_FACE('NONE',(#2161),#2150,.F.);
#2163=CARTESIAN_POINT('',(110.299990177,-59.747438779,20.307457932));
#2164=DIRECTION('',(0.,-1.,0.));
#2165=DIRECTION('',(0.,0.,-1.));
#2166=AXIS2_PLACEMENT_3D('',#2163,#2164,#2165);
#2167=PLANE('',#2166);
#2168=ORIENTED_EDGE('',*,*,#1941,.T.);
#2169=ORIENTED_EDGE('',*,*,#2156,.T.);
#2170=ORIENTED_EDGE('',*,*,#1959,.T.);
#2171=ORIENTED_EDGE('',*,*,#2105,.T.);
#2172=EDGE_LOOP('',(#2168,#2169,#2170,#2171));
#2173=FACE_BOUND('',#2172,.T.);
#2174=ADVANCED_FACE('NONE',(#2173),#2167,.T.);
#2175=CARTESIAN_POINT('',(-144.0198,-13.625413779,14.987459202));
#2176=DIRECTION('',(0.,1.,0.));
#2177=DIRECTION('',(1.,0.,0.));
#2178=AXIS2_PLACEMENT_3D('',#2175,#2176,#2177);
#2179=PLANE('',#2178);
#2180=CARTESIAN_POINT('',(-145.224774747,-13.625413779,14.487459202));
#2181=VERTEX_POINT('',#2180);
#2182=CARTESIAN_POINT('',(-146.5198,-13.625413779,15.782484455));
#2183=DIRECTION('',(0.707106781,0.,-0.707106781));
#2184=VECTOR('',#2183,1.831442276);
#2185=LINE('',#2182,#2184);
#2186=EDGE_CURVE('NONE',#1351,#2181,#2185,.T.);
#2187=ORIENTED_EDGE('',*,*,#2186,.T.);
#2188=CARTESIAN_POINT('',(-145.224774747,-13.625413779,14.487459202));
#2189=DIRECTION('',(-1.,-0.,0.));
#2190=VECTOR('',#2189,1.295025253);
#2191=LINE('',#2188,#2190);
#2192=EDGE_CURVE('NONE',#2181,#1359,#2191,.T.);
#2193=ORIENTED_EDGE('',*,*,#2192,.T.);
#2194=ORIENTED_EDGE('',*,*,#1364,.F.);
#2195=EDGE_LOOP('',(#2187,#2193,#2194));
#2196=FACE_BOUND('',#2195,.T.);
#2197=ADVANCED_FACE('NONE',(#2196),#2179,.T.);
#2198=CARTESIAN_POINT('',(-144.0198,-43.625413779,14.987459202));
#2199=DIRECTION('',(0.,-1.,0.));
#2200=DIRECTION('',(0.,0.,-1.));
#2201=AXIS2_PLACEMENT_3D('',#2198,#2199,#2200);
#2202=PLANE('',#2201);
#2203=CARTESIAN_POINT('',(-145.224774747,-43.625413779,14.487459202));
#2204=VERTEX_POINT('',#2203);
#2205=CARTESIAN_POINT('',(-146.5198,-43.625413779,14.487459202));
#2206=DIRECTION('',(1.,0.,-0.));
#2207=VECTOR('',#2206,1.295025253);
#2208=LINE('',#2205,#2207);
#2209=EDGE_CURVE('NONE',#1325,#2204,#2208,.T.);
#2210=ORIENTED_EDGE('',*,*,#2209,.T.);
#2211=CARTESIAN_POINT('',(-145.224774747,-43.625413779,14.487459202));
#2212=DIRECTION('',(-0.707106781,0.,0.707106781));
#2213=VECTOR('',#2212,1.831442277);
#2214=LINE('',#2211,#2213);
#2215=EDGE_CURVE('NONE',#2204,#1327,#2214,.T.);
#2216=ORIENTED_EDGE('',*,*,#2215,.T.);
#2217=ORIENTED_EDGE('',*,*,#1332,.F.);
#2218=EDGE_LOOP('',(#2210,#2216,#2217));
#2219=FACE_BOUND('',#2218,.T.);
#2220=ADVANCED_FACE('NONE',(#2219),#2202,.T.);
#2221=CARTESIAN_POINT('',(-144.0198,-28.625413779,13.987459202));
#2222=DIRECTION('',(0.,0.,-1.));
#2223=DIRECTION('',(0.,-1.,0.));
#2224=AXIS2_PLACEMENT_3D('',#2221,#2222,#2223);
#2225=PLANE('',#2224);
#2226=CARTESIAN_POINT('',(-143.734825254,-14.325413778,13.987459202));
#2227=VERTEX_POINT('',#2226);
#2228=CARTESIAN_POINT('',(-143.734825253,-42.925413779,13.987459202));
#2229=VERTEX_POINT('',#2228);
#2230=CARTESIAN_POINT('',(-143.734825254,-14.325413778,13.987459202));
#2231=DIRECTION('',(0.,-1.,0.));
#2232=VECTOR('',#2231,28.600000001);
#2233=LINE('',#2230,#2232);
#2234=EDGE_CURVE('NONE',#2227,#2229,#2233,.T.);
#2235=ORIENTED_EDGE('',*,*,#2234,.T.);
#2236=CARTESIAN_POINT('',(-144.017667965,-43.125413779,13.987459202));
#2237=VERTEX_POINT('',#2236);
#2238=CARTESIAN_POINT('',(-144.017667965,-43.125413779,13.987459202));
#2239=DIRECTION('',(0.816496581,0.577350269,0.));
#2240=VECTOR('',#2239,0.34641016);
#2241=LINE('',#2238,#2240);
#2242=EDGE_CURVE('NONE',#2237,#2229,#2241,.T.);
#2243=ORIENTED_EDGE('',*,*,#2242,.F.);
#2244=CARTESIAN_POINT('',(-144.017667965,-43.125413779,13.987459202));
#2245=DIRECTION('',(-1.,0.,0.));
#2246=VECTOR('',#2245,2.502132035);
#2247=LINE('',#2244,#2246);
#2248=EDGE_CURVE('NONE',#2237,#1375,#2247,.T.);
#2249=ORIENTED_EDGE('',*,*,#2248,.T.);
#2250=ORIENTED_EDGE('',*,*,#1380,.F.);
#2251=CARTESIAN_POINT('',(-144.017667965,-14.125413779,13.987459202));
#2252=VERTEX_POINT('',#2251);
#2253=CARTESIAN_POINT('',(-146.5198,-14.125413779,13.987459202));
#2254=DIRECTION('',(1.,-0.,-0.));
#2255=VECTOR('',#2254,2.502132035);
#2256=LINE('',#2253,#2255);
#2257=EDGE_CURVE('NONE',#1367,#2252,#2256,.T.);
#2258=ORIENTED_EDGE('',*,*,#2257,.T.);
#2259=CARTESIAN_POINT('',(-144.017667965,-14.125413779,13.987459202));
#2260=DIRECTION('',(0.816496581,-0.577350269,0.));
#2261=VECTOR('',#2260,0.34641016);
#2262=LINE('',#2259,#2261);
#2263=EDGE_CURVE('NONE',#2252,#2227,#2262,.T.);
#2264=ORIENTED_EDGE('',*,*,#2263,.T.);
#2265=EDGE_LOOP('',(#2235,#2243,#2249,#2250,#2258,#2264));
#2266=FACE_BOUND('',#2265,.T.);
#2267=ADVANCED_FACE('NONE',(#2266),#2225,.T.);
#2268=CARTESIAN_POINT('',(-68.302412627,-1.803388779,-61.444953424));
#2269=DIRECTION('',(0.707106781,0.,0.707106781));
#2270=DIRECTION('',(0.,-1.,0.));
#2271=AXIS2_PLACEMENT_3D('',#2268,#2269,#2270);
#2272=PLANE('',#2271);
#2273=ORIENTED_EDGE('',*,*,#1348,.F.);
#2274=CARTESIAN_POINT('',(-146.5198,-42.925413779,16.772433949));
#2275=DIRECTION('',(0.707106781,0.,-0.707106781));
#2276=VECTOR('',#2275,3.938549058);
#2277=LINE('',#2274,#2276);
#2278=EDGE_CURVE('NONE',#1335,#2229,#2277,.T.);
#2279=ORIENTED_EDGE('',*,*,#2278,.T.);
#2280=ORIENTED_EDGE('',*,*,#2234,.F.);
#2281=CARTESIAN_POINT('',(-143.734825253,-14.325413778,13.987459202));
#2282=DIRECTION('',(-0.707106781,-0.,0.707106781));
#2283=VECTOR('',#2282,3.938549058);
#2284=LINE('',#2281,#2283);
#2285=EDGE_CURVE('NONE',#2227,#1343,#2284,.T.);
#2286=ORIENTED_EDGE('',*,*,#2285,.T.);
#2287=EDGE_LOOP('',(#2273,#2279,#2280,#2286));
#2288=FACE_BOUND('',#2287,.T.);
#2289=ADVANCED_FACE('NONE',(#2288),#2272,.T.);
#2290=CARTESIAN_POINT('',(-144.0198,-43.125413779,13.987459202));
#2291=DIRECTION('',(0.,0.707106781,0.707106781));
#2292=DIRECTION('',(1.,0.,0.));
#2293=AXIS2_PLACEMENT_3D('',#2290,#2291,#2292);
#2294=PLANE('',#2293);
#2295=ORIENTED_EDGE('',*,*,#1386,.F.);
#2296=ORIENTED_EDGE('',*,*,#2248,.F.);
#2297=CARTESIAN_POINT('',(-145.224774746,-43.625413779,14.487459202));
#2298=DIRECTION('',(0.862856209,0.357406744,-0.357406744));
#2299=VECTOR('',#2298,1.398966326);
#2300=LINE('',#2297,#2299);
#2301=EDGE_CURVE('NONE',#2204,#2237,#2300,.T.);
#2302=ORIENTED_EDGE('',*,*,#2301,.F.);
#2303=ORIENTED_EDGE('',*,*,#2209,.F.);
#2304=EDGE_LOOP('',(#2295,#2296,#2302,#2303));
#2305=FACE_BOUND('',#2304,.T.);
#2306=ADVANCED_FACE('NONE',(#2305),#2294,.F.);
#2307=CARTESIAN_POINT('',(-144.872287373,-43.625413779,14.134971829));
#2308=DIRECTION('',(-0.5,0.707106781,-0.5));
#2309=DIRECTION('',(-0.707106781,0.,0.707106781));
#2310=AXIS2_PLACEMENT_3D('',#2307,#2308,#2309);
#2311=PLANE('',#2310);
#2312=ORIENTED_EDGE('',*,*,#2301,.T.);
#2313=ORIENTED_EDGE('',*,*,#2242,.T.);
#2314=ORIENTED_EDGE('',*,*,#2278,.F.);
#2315=ORIENTED_EDGE('',*,*,#1340,.F.);
#2316=ORIENTED_EDGE('',*,*,#2215,.F.);
#2317=EDGE_LOOP('',(#2312,#2313,#2314,#2315,#2316));
#2318=FACE_BOUND('',#2317,.T.);
#2319=ADVANCED_FACE('NONE',(#2318),#2311,.F.);
#2320=CARTESIAN_POINT('',(-144.872287373,-13.625413779,14.134971829));
#2321=DIRECTION('',(-0.5,-0.707106781,-0.5));
#2322=DIRECTION('',(0.,0.577350269,-0.816496581));
#2323=AXIS2_PLACEMENT_3D('',#2320,#2321,#2322);
#2324=PLANE('',#2323);
#2325=ORIENTED_EDGE('',*,*,#1356,.F.);
#2326=ORIENTED_EDGE('',*,*,#2285,.F.);
#2327=ORIENTED_EDGE('',*,*,#2263,.F.);
#2328=CARTESIAN_POINT('',(-145.224774747,-13.625413779,14.487459202));
#2329=DIRECTION('',(0.86285621,-0.357406744,-0.357406744));
#2330=VECTOR('',#2329,1.398966327);
#2331=LINE('',#2328,#2330);
#2332=EDGE_CURVE('NONE',#2181,#2252,#2331,.T.);
#2333=ORIENTED_EDGE('',*,*,#2332,.F.);
#2334=ORIENTED_EDGE('',*,*,#2186,.F.);
#2335=EDGE_LOOP('',(#2325,#2326,#2327,#2333,#2334));
#2336=FACE_BOUND('',#2335,.T.);
#2337=ADVANCED_FACE('NONE',(#2336),#2324,.F.);
#2338=CARTESIAN_POINT('',(-144.0198,-13.625413779,14.487459202));
#2339=DIRECTION('',(0.,-0.707106781,0.707106781));
#2340=DIRECTION('',(-1.,0.,0.));
#2341=AXIS2_PLACEMENT_3D('',#2338,#2339,#2340);
#2342=PLANE('',#2341);
#2343=ORIENTED_EDGE('',*,*,#2332,.T.);
#2344=ORIENTED_EDGE('',*,*,#2257,.F.);
#2345=ORIENTED_EDGE('',*,*,#1372,.F.);
#2346=ORIENTED_EDGE('',*,*,#2192,.F.);
#2347=EDGE_LOOP('',(#2343,#2344,#2345,#2346));
#2348=FACE_BOUND('',#2347,.T.);
#2349=ADVANCED_FACE('NONE',(#2348),#2342,.F.);
#2350=CARTESIAN_POINT('',(-4.83,-51.447438779,26.807459202));
#2351=DIRECTION('',(-1.,0.,0.));
#2352=DIRECTION('',(0.,0.,1.));
#2353=AXIS2_PLACEMENT_3D('',#2350,#2351,#2352);
#2354=PLANE('',#2353);
#2355=ORIENTED_EDGE('',*,*,#1664,.F.);
#2356=ORIENTED_EDGE('',*,*,#1732,.F.);
#2357=CARTESIAN_POINT('',(-4.83,-56.747438779,25.657459202));
#2358=DIRECTION('',(-0.,-0.,1.));
#2359=VECTOR('',#2358,3.);
#2360=LINE('',#2357,#2359);
#2361=EDGE_CURVE('NONE',#1682,#1721,#2360,.T.);
#2362=ORIENTED_EDGE('',*,*,#2361,.F.);
#2363=ORIENTED_EDGE('',*,*,#1687,.T.);
#2364=EDGE_LOOP('',(#2355,#2356,#2362,#2363));
#2365=FACE_BOUND('',#2364,.T.);
#2366=ADVANCED_FACE('NONE',(#2365),#2354,.F.);
#2367=CARTESIAN_POINT('',(5.26,-51.447438779,26.807459202));
#2368=DIRECTION('',(1.,0.,0.));
#2369=DIRECTION('',(0.,1.,0.));
#2370=AXIS2_PLACEMENT_3D('',#2367,#2368,#2369);
#2371=PLANE('',#2370);
#2372=ORIENTED_EDGE('',*,*,#1718,.T.);
#2373=ORIENTED_EDGE('',*,*,#1648,.T.);
#2374=ORIENTED_EDGE('',*,*,#1701,.F.);
#2375=CARTESIAN_POINT('',(5.26,-56.747438779,28.657459202));
#2376=DIRECTION('',(0.,0.,-1.));
#2377=VECTOR('',#2376,3.);
#2378=LINE('',#2375,#2377);
#2379=EDGE_CURVE('NONE',#1713,#1690,#2378,.T.);
#2380=ORIENTED_EDGE('',*,*,#2379,.F.);
#2381=EDGE_LOOP('',(#2372,#2373,#2374,#2380));
#2382=FACE_BOUND('',#2381,.T.);
#2383=ADVANCED_FACE('NONE',(#2382),#2371,.F.);
#2384=CARTESIAN_POINT('',(0.,-56.747438779,12.274639419));
#2385=DIRECTION('',(0.,1.,0.));
#2386=DIRECTION('',(1.,0.,0.));
#2387=AXIS2_PLACEMENT_3D('',#2384,#2385,#2386);
#2388=PLANE('',#2387);
#2389=ORIENTED_EDGE('',*,*,#2361,.T.);
#2390=ORIENTED_EDGE('',*,*,#1726,.T.);
#2391=ORIENTED_EDGE('',*,*,#2379,.T.);
#2392=ORIENTED_EDGE('',*,*,#1695,.T.);
#2393=EDGE_LOOP('',(#2389,#2390,#2391,#2392));
#2394=FACE_BOUND('',#2393,.T.);
#2395=ADVANCED_FACE('NONE',(#2394),#2388,.T.);
#2396=CARTESIAN_POINT('',(-141.5198,-52.247438779,11.557459202));
#2397=DIRECTION('',(0.,0.,-1.));
#2398=DIRECTION('',(-1.,0.,0.));
#2399=AXIS2_PLACEMENT_3D('',#2396,#2397,#2398);
#2400=CONICAL_SURFACE('',#2399,5.2,44.999999949);
#2401=ORIENTED_EDGE('',*,*,#1551,.T.);
#2402=ORIENTED_EDGE('',*,*,#1908,.F.);
#2403=CARTESIAN_POINT('',(-141.5198,-57.447438779,11.557459202));
#2404=DIRECTION('',(0.,0.707106781,0.707106781));
#2405=VECTOR('',#2404,0.282842712);
#2406=LINE('',#2403,#2405);
#2407=EDGE_CURVE('NONE',#1236,#1831,#2406,.T.);
#2408=ORIENTED_EDGE('',*,*,#2407,.F.);
#2409=ORIENTED_EDGE('',*,*,#1242,.F.);
#2410=EDGE_LOOP('',(#2401,#2402,#2408,#2409));
#2411=FACE_BOUND('',#2410,.T.);
#2412=ADVANCED_FACE('NONE',(#2411),#2400,.F.);
#2413=CARTESIAN_POINT('',(-72.8099,-57.247438779,11.757459202));
#2414=DIRECTION('',(0.,0.707106781,-0.707106781));
#2415=DIRECTION('',(-1.,0.,0.));
#2416=AXIS2_PLACEMENT_3D('',#2413,#2414,#2415);
#2417=PLANE('',#2416);
#2418=ORIENTED_EDGE('',*,*,#2407,.T.);
#2419=ORIENTED_EDGE('',*,*,#1860,.F.);
#2420=CARTESIAN_POINT('',(141.6198,-57.447438779,11.557459202));
#2421=CARTESIAN_POINT('',(141.6198,-57.380772112,11.624125869));
#2422=CARTESIAN_POINT('',(141.6198,-57.314105446,11.690792535));
#2423=CARTESIAN_POINT('',(141.6198,-57.247438779,11.757459202));
#2424=B_SPLINE_CURVE_WITH_KNOTS('',3,(#2420,#2421,#2422,#2423),.UNSPECIFIED.,.F.,.F.,(4,4),(0.,0.282842712),.UNSPECIFIED.);
#2425=EDGE_CURVE('NONE',#1245,#1849,#2424,.T.);
#2426=ORIENTED_EDGE('',*,*,#2425,.F.);
#2427=ORIENTED_EDGE('',*,*,#1250,.F.);
#2428=EDGE_LOOP('',(#2418,#2419,#2426,#2427));
#2429=FACE_BOUND('',#2428,.T.);
#2430=ADVANCED_FACE('NONE',(#2429),#2417,.T.);
#2431=CARTESIAN_POINT('',(141.6198,-52.147438779,11.557459202));
#2432=DIRECTION('',(0.,0.,-1.));
#2433=DIRECTION('',(-1.,0.,0.));
#2434=AXIS2_PLACEMENT_3D('',#2431,#2432,#2433);
#2435=CONICAL_SURFACE('',#2434,5.3,44.999999949);
#2436=ORIENTED_EDGE('',*,*,#2425,.T.);
#2437=ORIENTED_EDGE('',*,*,#1884,.F.);
#2438=CARTESIAN_POINT('',(146.9198,-52.147438779,11.557459202));
#2439=DIRECTION('',(-0.707106781,0.,0.707106781));
#2440=VECTOR('',#2439,0.282842712);
#2441=LINE('',#2438,#2440);
#2442=EDGE_CURVE('NONE',#1253,#1791,#2441,.T.);
#2443=ORIENTED_EDGE('',*,*,#2442,.F.);
#2444=ORIENTED_EDGE('',*,*,#1259,.F.);
#2445=EDGE_LOOP('',(#2436,#2437,#2443,#2444));
#2446=FACE_BOUND('',#2445,.T.);
#2447=ADVANCED_FACE('NONE',(#2446),#2435,.F.);
#2448=CARTESIAN_POINT('',(146.7198,25.368636221,11.757459202));
#2449=DIRECTION('',(-0.707106781,0.,-0.707106781));
#2450=DIRECTION('',(-0.707106781,0.,0.707106781));
#2451=AXIS2_PLACEMENT_3D('',#2448,#2449,#2450);
#2452=PLANE('',#2451);
#2453=ORIENTED_EDGE('',*,*,#1820,.F.);
#2454=CARTESIAN_POINT('',(146.7198,-21.003388779,11.757459202));
#2455=DIRECTION('',(0.577350269,0.577350269,-0.577350269));
#2456=VECTOR('',#2455,0.346410162);
#2457=LINE('',#2454,#2456);
#2458=EDGE_CURVE('NONE',#1809,#1262,#2457,.T.);
#2459=ORIENTED_EDGE('',*,*,#2458,.T.);
#2460=ORIENTED_EDGE('',*,*,#1267,.F.);
#2461=ORIENTED_EDGE('',*,*,#2442,.T.);
#2462=EDGE_LOOP('',(#2453,#2459,#2460,#2461));
#2463=FACE_BOUND('',#2462,.T.);
#2464=ADVANCED_FACE('NONE',(#2463),#2452,.T.);
#2465=CARTESIAN_POINT('',(146.2198,-21.003388779,11.757459202));
#2466=DIRECTION('',(0.,-0.707106781,-0.707106781));
#2467=DIRECTION('',(0.,-0.707106781,0.707106781));
#2468=AXIS2_PLACEMENT_3D('',#2465,#2466,#2467);
#2469=PLANE('',#2468);
#2470=ORIENTED_EDGE('',*,*,#2458,.F.);
#2471=ORIENTED_EDGE('',*,*,#2004,.F.);
#2472=CARTESIAN_POINT('',(144.702642712,-20.803388779,11.557459202));
#2473=DIRECTION('',(-0.281084637,-0.678598345,0.678598344));
#2474=VECTOR('',#2473,0.294725152);
#2475=LINE('',#2472,#2474);
#2476=EDGE_CURVE('NONE',#1270,#1993,#2475,.T.);
#2477=ORIENTED_EDGE('',*,*,#2476,.F.);
#2478=ORIENTED_EDGE('',*,*,#1275,.F.);
#2479=EDGE_LOOP('',(#2470,#2471,#2477,#2478));
#2480=FACE_BOUND('',#2479,.T.);
#2481=ADVANCED_FACE('NONE',(#2480),#2469,.T.);
#2482=CARTESIAN_POINT('',(62.826321356,61.072932578,11.557459202));
#2483=DIRECTION('',(0.5,0.5,0.707106781));
#2484=DIRECTION('',(0.707106781,-0.707106781,0.));
#2485=AXIS2_PLACEMENT_3D('',#2482,#2483,#2484);
#2486=PLANE('',#2485);
#2487=ORIENTED_EDGE('',*,*,#2476,.T.);
#2488=ORIENTED_EDGE('',*,*,#2026,.F.);
#2489=ORIENTED_EDGE('',*,*,#1572,.F.);
#2490=ORIENTED_EDGE('',*,*,#1283,.F.);
#2491=EDGE_LOOP('',(#2487,#2488,#2489,#2490));
#2492=FACE_BOUND('',#2491,.T.);
#2493=ADVANCED_FACE('NONE',(#2492),#2486,.F.);
#2494=CARTESIAN_POINT('',(-141.5198,-52.247438779,24.257459202));
#2495=DIRECTION('',(0.,0.,-1.));
#2496=DIRECTION('',(-1.,0.,0.));
#2497=AXIS2_PLACEMENT_3D('',#2494,#2495,#2496);
#2498=CONICAL_SURFACE('',#2497,5.,44.999999949);
#2499=ORIENTED_EDGE('',*,*,#1596,.T.);
#2500=ORIENTED_EDGE('',*,*,#247,.F.);
#2501=CARTESIAN_POINT('',(-141.5198,-57.247438779,24.257459202));
#2502=DIRECTION('',(0.,0.707106781,0.707106781));
#2503=VECTOR('',#2502,0.282842713);
#2504=LINE('',#2501,#2503);
#2505=EDGE_CURVE('NONE',#1833,#233,#2504,.T.);
#2506=ORIENTED_EDGE('',*,*,#2505,.F.);
#2507=ORIENTED_EDGE('',*,*,#1900,.F.);
#2508=EDGE_LOOP('',(#2499,#2500,#2506,#2507));
#2509=FACE_BOUND('',#2508,.T.);
#2510=ADVANCED_FACE('NONE',(#2509),#2498,.F.);
#2511=CARTESIAN_POINT('',(-72.8099,-57.247438779,24.257459202));
#2512=DIRECTION('',(0.,0.707106781,-0.707106781));
#2513=DIRECTION('',(-1.,0.,0.));
#2514=AXIS2_PLACEMENT_3D('',#2511,#2512,#2513);
#2515=PLANE('',#2514);
#2516=ORIENTED_EDGE('',*,*,#2505,.T.);
#2517=ORIENTED_EDGE('',*,*,#238,.F.);
#2518=CARTESIAN_POINT('',(141.6198,-57.247438779,24.257459202));
#2519=CARTESIAN_POINT('',(141.6198,-57.180772112,24.324125869));
#2520=CARTESIAN_POINT('',(141.6198,-57.114105446,24.390792535));
#2521=CARTESIAN_POINT('',(141.6198,-57.047438779,24.457459202));
#2522=B_SPLINE_CURVE_WITH_KNOTS('',3,(#2518,#2519,#2520,#2521),.UNSPECIFIED.,.F.,.F.,(4,4),(0.,0.282842712),.UNSPECIFIED.);
#2523=EDGE_CURVE('NONE',#1841,#224,#2522,.T.);
#2524=ORIENTED_EDGE('',*,*,#2523,.F.);
#2525=ORIENTED_EDGE('',*,*,#1846,.F.);
#2526=EDGE_LOOP('',(#2516,#2517,#2524,#2525));
#2527=FACE_BOUND('',#2526,.T.);
#2528=ADVANCED_FACE('NONE',(#2527),#2515,.T.);
#2529=CARTESIAN_POINT('',(141.6198,-52.147438779,24.257459202));
#2530=DIRECTION('',(0.,0.,-1.));
#2531=DIRECTION('',(-1.,0.,0.));
#2532=AXIS2_PLACEMENT_3D('',#2529,#2530,#2531);
#2533=CONICAL_SURFACE('',#2532,5.1,44.999999949);
#2534=ORIENTED_EDGE('',*,*,#2523,.T.);
#2535=ORIENTED_EDGE('',*,*,#230,.F.);
#2536=CARTESIAN_POINT('',(146.7198,-52.147438779,24.257459202));
#2537=DIRECTION('',(-0.707106781,0.,0.707106781));
#2538=VECTOR('',#2537,0.282842713);
#2539=LINE('',#2536,#2538);
#2540=EDGE_CURVE('NONE',#1793,#216,#2539,.T.);
#2541=ORIENTED_EDGE('',*,*,#2540,.F.);
#2542=ORIENTED_EDGE('',*,*,#1876,.F.);
#2543=EDGE_LOOP('',(#2534,#2535,#2541,#2542));
#2544=FACE_BOUND('',#2543,.T.);
#2545=ADVANCED_FACE('NONE',(#2544),#2533,.F.);
#2546=CARTESIAN_POINT('',(146.7198,25.368636221,24.257459202));
#2547=DIRECTION('',(-0.707106781,0.,-0.707106781));
#2548=DIRECTION('',(-0.707106781,0.,0.707106781));
#2549=AXIS2_PLACEMENT_3D('',#2546,#2547,#2548);
#2550=PLANE('',#2549);
#2551=ORIENTED_EDGE('',*,*,#2540,.T.);
#2552=ORIENTED_EDGE('',*,*,#221,.F.);
#2553=ORIENTED_EDGE('',*,*,#1989,.F.);
#2554=ORIENTED_EDGE('',*,*,#1806,.F.);
#2555=EDGE_LOOP('',(#2551,#2552,#2553,#2554));
#2556=FACE_BOUND('',#2555,.T.);
#2557=ADVANCED_FACE('NONE',(#2556),#2550,.T.);
#2558=CARTESIAN_POINT('',(141.9198,-48.247438779,6.257459202));
#2559=DIRECTION('',(0.,0.,-1.));
#2560=DIRECTION('',(0.,1.,0.));
#2561=AXIS2_PLACEMENT_3D('',#2558,#2559,#2560);
#2562=CYLINDRICAL_SURFACE('',#2561,2.);
#2563=ORIENTED_EDGE('',*,*,#740,.F.);
#2564=CARTESIAN_POINT('',(141.9198,-48.247438779,29.657459202));
#2565=DIRECTION('',(0.,0.,1.));
#2566=DIRECTION('',(1.,0.,-0.));
#2567=AXIS2_PLACEMENT_3D('',#2564,#2565,#2566);
#2568=CIRCLE('',#2567,2.);
#2569=EDGE_CURVE('',#727,#824,#2568,.T.);
#2570=ORIENTED_EDGE('',*,*,#2569,.T.);
#2571=ORIENTED_EDGE('',*,*,#829,.F.);
#2572=CARTESIAN_POINT('',(141.9198,-48.247438779,24.657459202));
#2573=DIRECTION('',(-0.,-0.,-1.));
#2574=DIRECTION('',(1.,0.,-0.));
#2575=AXIS2_PLACEMENT_3D('',#2572,#2573,#2574);
#2576=CIRCLE('',#2575,2.);
#2577=EDGE_CURVE('',#822,#735,#2576,.T.);
#2578=ORIENTED_EDGE('',*,*,#2577,.T.);
#2579=EDGE_LOOP('',(#2563,#2570,#2571,#2578));
#2580=FACE_BOUND('',#2579,.T.);
#2581=ADVANCED_FACE('NONE',(#2580),#2562,.F.);
#2582=CARTESIAN_POINT('',(-141.3198,-48.247438779,6.257459202));
#2583=DIRECTION('',(0.,0.,1.));
#2584=DIRECTION('',(1.,0.,-0.));
#2585=AXIS2_PLACEMENT_3D('',#2582,#2583,#2584);
#2586=CYLINDRICAL_SURFACE('',#2585,2.);
#2587=ORIENTED_EDGE('',*,*,#981,.F.);
#2588=CARTESIAN_POINT('',(-141.3198,-48.247438779,29.657459202));
#2589=DIRECTION('',(0.,0.,1.));
#2590=DIRECTION('',(1.,0.,-0.));
#2591=AXIS2_PLACEMENT_3D('',#2588,#2589,#2590);
#2592=CIRCLE('',#2591,2.);
#2593=EDGE_CURVE('',#968,#677,#2592,.T.);
#2594=ORIENTED_EDGE('',*,*,#2593,.T.);
#2595=ORIENTED_EDGE('',*,*,#684,.T.);
#2596=CARTESIAN_POINT('',(-141.3198,-48.247438779,24.657459202));
#2597=DIRECTION('',(-0.,-0.,-1.));
#2598=DIRECTION('',(1.,0.,-0.));
#2599=AXIS2_PLACEMENT_3D('',#2596,#2597,#2598);
#2600=CIRCLE('',#2599,2.);
#2601=EDGE_CURVE('',#679,#976,#2600,.T.);
#2602=ORIENTED_EDGE('',*,*,#2601,.T.);
#2603=EDGE_LOOP('',(#2587,#2594,#2595,#2602));
#2604=FACE_BOUND('',#2603,.T.);
#2605=ADVANCED_FACE('NONE',(#2604),#2586,.F.);
#2606=CARTESIAN_POINT('',(0.,-0.1,6.));
#2607=DIRECTION('',(0.,1.,0.));
#2608=DIRECTION('',(0.,0.,1.));
#2609=AXIS2_PLACEMENT_3D('',#2606,#2607,#2608);
#2610=PLANE('',#2609);
#2611=ORIENTED_EDGE('',*,*,#626,.F.);
#2612=CARTESIAN_POINT('',(-143.9198,-0.1,30.257459202));
#2613=DIRECTION('',(0.707106781,-0.,-0.707106781));
#2614=VECTOR('',#2613,0.848528137);
#2615=LINE('',#2612,#2614);
#2616=EDGE_CURVE('',#613,#960,#2615,.T.);
#2617=ORIENTED_EDGE('',*,*,#2616,.T.);
#2618=ORIENTED_EDGE('',*,*,#965,.F.);
#2619=CARTESIAN_POINT('',(-143.3198,-0.1,24.657459202));
#2620=DIRECTION('',(-0.707106781,0.,-0.707106781));
#2621=VECTOR('',#2620,0.282842712);
#2622=LINE('',#2619,#2621);
#2623=EDGE_CURVE('',#958,#258,#2622,.T.);
#2624=ORIENTED_EDGE('',*,*,#2623,.T.);
#2625=ORIENTED_EDGE('',*,*,#263,.T.);
#2626=ORIENTED_EDGE('',*,*,#1588,.F.);
#2627=ORIENTED_EDGE('',*,*,#1414,.F.);
#2628=CARTESIAN_POINT('',(-147.9698,-0.1,28.211791));
#2629=VERTEX_POINT('',#2628);
#2630=CARTESIAN_POINT('',(-147.9698,-0.1,28.211791));
#2631=DIRECTION('',(1.,0.,-0.));
#2632=VECTOR('',#2631,1.45);
#2633=LINE('',#2630,#2632);
#2634=EDGE_CURVE('',#2629,#1401,#2633,.T.);
#2635=ORIENTED_EDGE('',*,*,#2634,.F.);
#2636=CARTESIAN_POINT('',(-147.9698,-0.1,28.211791));
#2637=DIRECTION('',(0.,0.,-1.));
#2638=VECTOR('',#2637,16.654331798);
#2639=LINE('',#2636,#2638);
#2640=EDGE_CURVE('',#2629,#1152,#2639,.T.);
#2641=ORIENTED_EDGE('',*,*,#2640,.T.);
#2642=ORIENTED_EDGE('',*,*,#1157,.F.);
#2643=ORIENTED_EDGE('',*,*,#1474,.F.);
#2644=ORIENTED_EDGE('',*,*,#933,.T.);
#2645=ORIENTED_EDGE('',*,*,#1504,.F.);
#2646=EDGE_LOOP('',(#2611,#2617,#2618,#2624,#2625,#2626,#2627,#2635,#2641,#2642,#2643,#2644,#2645));
#2647=FACE_BOUND('',#2646,.T.);
#2648=ADVANCED_FACE('NONE',(#2647),#2610,.T.);
#2649=CARTESIAN_POINT('',(0.,-0.1,6.));
#2650=DIRECTION('',(0.,1.,0.));
#2651=DIRECTION('',(0.,0.,1.));
#2652=AXIS2_PLACEMENT_3D('',#2649,#2650,#2651);
#2653=PLANE('',#2652);
#2654=ORIENTED_EDGE('',*,*,#845,.F.);
#2655=CARTESIAN_POINT('',(143.9198,-0.1,29.657459202));
#2656=DIRECTION('',(0.707106781,-0.,0.707106781));
#2657=VECTOR('',#2656,0.848528137);
#2658=LINE('',#2655,#2657);
#2659=EDGE_CURVE('',#832,#435,#2658,.T.);
#2660=ORIENTED_EDGE('',*,*,#2659,.T.);
#2661=ORIENTED_EDGE('',*,*,#440,.F.);
#2662=ORIENTED_EDGE('',*,*,#1527,.T.);
#2663=ORIENTED_EDGE('',*,*,#885,.F.);
#2664=ORIENTED_EDGE('',*,*,#1450,.T.);
#2665=ORIENTED_EDGE('',*,*,#1107,.F.);
#2666=CARTESIAN_POINT('',(148.469799999,-0.1,28.211996081));
#2667=VERTEX_POINT('',#2666);
#2668=CARTESIAN_POINT('',(148.469799999,-0.1,11.557459202));
#2669=DIRECTION('',(-0.,-0.,1.));
#2670=VECTOR('',#2669,16.654536879);
#2671=LINE('',#2668,#2670);
#2672=EDGE_CURVE('',#1093,#2667,#2671,.T.);
#2673=ORIENTED_EDGE('',*,*,#2672,.T.);
#2674=CARTESIAN_POINT('',(145.669799999,-0.1,28.211996081));
#2675=VERTEX_POINT('',#2674);
#2676=CARTESIAN_POINT('',(145.669799999,-0.1,28.211996081));
#2677=DIRECTION('',(1.,0.,-0.));
#2678=VECTOR('',#2677,2.8);
#2679=LINE('',#2676,#2678);
#2680=EDGE_CURVE('',#2675,#2667,#2679,.T.);
#2681=ORIENTED_EDGE('',*,*,#2680,.F.);
#2682=CARTESIAN_POINT('',(145.669799999,-0.1,28.211996081));
#2683=DIRECTION('',(0.,0.,-1.));
#2684=VECTOR('',#2683,16.654536879);
#2685=LINE('',#2682,#2684);
#2686=EDGE_CURVE('',#2675,#1294,#2685,.T.);
#2687=ORIENTED_EDGE('',*,*,#2686,.T.);
#2688=ORIENTED_EDGE('',*,*,#1299,.F.);
#2689=ORIENTED_EDGE('',*,*,#1565,.T.);
#2690=EDGE_LOOP('',(#2654,#2660,#2661,#2662,#2663,#2664,#2665,#2673,#2681,#2687,#2688,#2689));
#2691=FACE_BOUND('',#2690,.T.);
#2692=ADVANCED_FACE('NONE',(#2691),#2653,.T.);
#2693=CARTESIAN_POINT('',(148.269799999,0.,28.267509708));
#2694=DIRECTION('',(1.,0.,0.));
#2695=DIRECTION('',(0.,0.,-1.));
#2696=AXIS2_PLACEMENT_3D('',#2693,#2694,#2695);
#2697=PLANE('',#2696);
#2698=ORIENTED_EDGE('',*,*,#1090,.F.);
#2699=CARTESIAN_POINT('',(148.269799999,1.6,25.267509708));
#2700=VERTEX_POINT('',#2699);
#2701=CARTESIAN_POINT('',(148.269799999,1.6,11.557459202));
#2702=DIRECTION('',(-0.,-0.,1.));
#2703=VECTOR('',#2702,13.710050506);
#2704=LINE('',#2701,#2703);
#2705=EDGE_CURVE('',#1076,#2700,#2704,.T.);
#2706=ORIENTED_EDGE('',*,*,#2705,.T.);
#2707=CARTESIAN_POINT('',(148.269799999,0.1,27.865585919));
#2708=VERTEX_POINT('',#2707);
#2709=CARTESIAN_POINT('',(148.269799999,1.6,25.267509708));
#2710=DIRECTION('',(0.,-0.5,0.866025404));
#2711=VECTOR('',#2710,3.);
#2712=LINE('',#2709,#2711);
#2713=EDGE_CURVE('',#2700,#2708,#2712,.T.);
#2714=ORIENTED_EDGE('',*,*,#2713,.T.);
#2715=CARTESIAN_POINT('',(148.269799999,0.1,27.865585919));
#2716=DIRECTION('',(0.,0.,-1.));
#2717=VECTOR('',#2716,16.308126717);
#2718=LINE('',#2715,#2717);
#2719=EDGE_CURVE('',#2708,#1085,#2718,.T.);
#2720=ORIENTED_EDGE('',*,*,#2719,.T.);
#2721=EDGE_LOOP('',(#2698,#2706,#2714,#2720));
#2722=FACE_BOUND('',#2721,.T.);
#2723=ADVANCED_FACE('NONE',(#2722),#2697,.T.);
#2724=CARTESIAN_POINT('',(148.269799999,1.8,28.267509708));
#2725=DIRECTION('',(0.,-1.,0.));
#2726=DIRECTION('',(0.,0.,-1.));
#2727=AXIS2_PLACEMENT_3D('',#2724,#2725,#2726);
#2728=PLANE('',#2727);
#2729=CARTESIAN_POINT('',(148.869799999,1.8,24.921099546));
#2730=VERTEX_POINT('',#2729);
#2731=CARTESIAN_POINT('',(148.469799999,1.8,24.921099546));
#2732=VERTEX_POINT('',#2731);
#2733=CARTESIAN_POINT('',(148.869799999,1.8,24.921099546));
#2734=DIRECTION('',(-1.,-0.,0.));
#2735=VECTOR('',#2734,0.4);
#2736=LINE('',#2733,#2735);
#2737=EDGE_CURVE('',#2730,#2732,#2736,.T.);
#2738=ORIENTED_EDGE('',*,*,#2737,.T.);
#2739=CARTESIAN_POINT('',(148.469799999,1.8,24.921099546));
#2740=DIRECTION('',(0.,0.,-1.));
#2741=VECTOR('',#2740,13.363640344);
#2742=LINE('',#2739,#2741);
#2743=EDGE_CURVE('',#2732,#1068,#2742,.T.);
#2744=ORIENTED_EDGE('',*,*,#2743,.T.);
#2745=ORIENTED_EDGE('',*,*,#1073,.F.);
#2746=CARTESIAN_POINT('',(148.869799999,1.8,11.557459202));
#2747=DIRECTION('',(-0.,-0.,1.));
#2748=VECTOR('',#2747,13.363640344);
#2749=LINE('',#2746,#2748);
#2750=EDGE_CURVE('',#1059,#2730,#2749,.T.);
#2751=ORIENTED_EDGE('',*,*,#2750,.T.);
#2752=EDGE_LOOP('',(#2738,#2744,#2745,#2751));
#2753=FACE_BOUND('',#2752,.T.);
#2754=ADVANCED_FACE('NONE',(#2753),#2728,.T.);
#2755=CARTESIAN_POINT('',(149.069799999,1.8,28.267509708));
#2756=DIRECTION('',(1.,0.,0.));
#2757=DIRECTION('',(0.,0.,-1.));
#2758=AXIS2_PLACEMENT_3D('',#2755,#2756,#2757);
#2759=PLANE('',#2758);
#2760=ORIENTED_EDGE('',*,*,#1056,.F.);
#2761=CARTESIAN_POINT('',(149.069799999,3.4,22.149818254));
#2762=VERTEX_POINT('',#2761);
#2763=CARTESIAN_POINT('',(149.069799999,3.4,11.557459202));
#2764=DIRECTION('',(-0.,-0.,1.));
#2765=VECTOR('',#2764,10.592359052);
#2766=LINE('',#2763,#2765);
#2767=EDGE_CURVE('',#1042,#2762,#2766,.T.);
#2768=ORIENTED_EDGE('',*,*,#2767,.T.);
#2769=CARTESIAN_POINT('',(149.069799999,2.,24.574689385));
#2770=VERTEX_POINT('',#2769);
#2771=CARTESIAN_POINT('',(149.069799999,3.4,22.149818254));
#2772=DIRECTION('',(0.,-0.5,0.866025404));
#2773=VECTOR('',#2772,2.8);
#2774=LINE('',#2771,#2773);
#2775=EDGE_CURVE('',#2762,#2770,#2774,.T.);
#2776=ORIENTED_EDGE('',*,*,#2775,.T.);
#2777=CARTESIAN_POINT('',(149.069799999,2.,24.574689385));
#2778=DIRECTION('',(0.,0.,-1.));
#2779=VECTOR('',#2778,13.017230183);
#2780=LINE('',#2777,#2779);
#2781=EDGE_CURVE('',#2770,#1051,#2780,.T.);
#2782=ORIENTED_EDGE('',*,*,#2781,.T.);
#2783=EDGE_LOOP('',(#2760,#2768,#2776,#2782));
#2784=FACE_BOUND('',#2783,.T.);
#2785=ADVANCED_FACE('NONE',(#2784),#2759,.T.);
#2786=CARTESIAN_POINT('',(149.069799999,3.6,28.267509708));
#2787=DIRECTION('',(0.,1.,0.));
#2788=DIRECTION('',(0.,0.,1.));
#2789=AXIS2_PLACEMENT_3D('',#2786,#2787,#2788);
#2790=PLANE('',#2789);
#2791=ORIENTED_EDGE('',*,*,#1039,.F.);
#2792=CARTESIAN_POINT('',(145.269799999,3.6,21.803408093));
#2793=VERTEX_POINT('',#2792);
#2794=CARTESIAN_POINT('',(145.269799999,3.6,11.557459202));
#2795=DIRECTION('',(-0.,-0.,1.));
#2796=VECTOR('',#2795,10.245948891);
#2797=LINE('',#2794,#2796);
#2798=EDGE_CURVE('',#1025,#2793,#2797,.T.);
#2799=ORIENTED_EDGE('',*,*,#2798,.T.);
#2800=CARTESIAN_POINT('',(148.869799999,3.6,21.803408093));
#2801=VERTEX_POINT('',#2800);
#2802=CARTESIAN_POINT('',(145.269799999,3.6,21.803408093));
#2803=DIRECTION('',(1.,0.,-0.));
#2804=VECTOR('',#2803,3.6);
#2805=LINE('',#2802,#2804);
#2806=EDGE_CURVE('',#2793,#2801,#2805,.T.);
#2807=ORIENTED_EDGE('',*,*,#2806,.T.);
#2808=CARTESIAN_POINT('',(148.869799999,3.6,21.803408093));
#2809=DIRECTION('',(0.,0.,-1.));
#2810=VECTOR('',#2809,10.245948891);
#2811=LINE('',#2808,#2810);
#2812=EDGE_CURVE('',#2801,#1034,#2811,.T.);
#2813=ORIENTED_EDGE('',*,*,#2812,.T.);
#2814=EDGE_LOOP('',(#2791,#2799,#2807,#2813));
#2815=FACE_BOUND('',#2814,.T.);
#2816=ADVANCED_FACE('NONE',(#2815),#2790,.T.);
#2817=CARTESIAN_POINT('',(145.069799999,3.6,28.267509708));
#2818=DIRECTION('',(-1.,0.,0.));
#2819=DIRECTION('',(0.,0.,1.));
#2820=AXIS2_PLACEMENT_3D('',#2817,#2818,#2819);
#2821=PLANE('',#2820);
#2822=ORIENTED_EDGE('',*,*,#1022,.F.);
#2823=CARTESIAN_POINT('',(145.069799999,2.,24.574689385));
#2824=VERTEX_POINT('',#2823);
#2825=CARTESIAN_POINT('',(145.069799999,2.,11.557459202));
#2826=DIRECTION('',(-0.,-0.,1.));
#2827=VECTOR('',#2826,13.017230183);
#2828=LINE('',#2825,#2827);
#2829=EDGE_CURVE('',#1008,#2824,#2828,.T.);
#2830=ORIENTED_EDGE('',*,*,#2829,.T.);
#2831=CARTESIAN_POINT('',(145.069799999,3.4,22.149818254));
#2832=VERTEX_POINT('',#2831);
#2833=CARTESIAN_POINT('',(145.069799999,2.,24.574689385));
#2834=DIRECTION('',(0.,0.5,-0.866025404));
#2835=VECTOR('',#2834,2.8);
#2836=LINE('',#2833,#2835);
#2837=EDGE_CURVE('',#2824,#2832,#2836,.T.);
#2838=ORIENTED_EDGE('',*,*,#2837,.T.);
#2839=CARTESIAN_POINT('',(145.069799999,3.4,22.149818254));
#2840=DIRECTION('',(0.,0.,-1.));
#2841=VECTOR('',#2840,10.592359052);
#2842=LINE('',#2839,#2841);
#2843=EDGE_CURVE('',#2832,#1017,#2842,.T.);
#2844=ORIENTED_EDGE('',*,*,#2843,.T.);
#2845=EDGE_LOOP('',(#2822,#2830,#2838,#2844));
#2846=FACE_BOUND('',#2845,.T.);
#2847=ADVANCED_FACE('NONE',(#2846),#2821,.T.);
#2848=CARTESIAN_POINT('',(145.069799999,1.8,28.267509708));
#2849=DIRECTION('',(0.,-1.,0.));
#2850=DIRECTION('',(0.,0.,-1.));
#2851=AXIS2_PLACEMENT_3D('',#2848,#2849,#2850);
#2852=PLANE('',#2851);
#2853=CARTESIAN_POINT('',(145.869799999,1.8,24.921099546));
#2854=VERTEX_POINT('',#2853);
#2855=CARTESIAN_POINT('',(145.269799999,1.8,24.921099546));
#2856=VERTEX_POINT('',#2855);
#2857=CARTESIAN_POINT('',(145.869799999,1.8,24.921099546));
#2858=DIRECTION('',(-1.,-0.,0.));
#2859=VECTOR('',#2858,0.6);
#2860=LINE('',#2857,#2859);
#2861=EDGE_CURVE('',#2854,#2856,#2860,.T.);
#2862=ORIENTED_EDGE('',*,*,#2861,.T.);
#2863=CARTESIAN_POINT('',(145.269799999,1.8,24.921099546));
#2864=DIRECTION('',(0.,0.,-1.));
#2865=VECTOR('',#2864,13.363640344);
#2866=LINE('',#2863,#2865);
#2867=EDGE_CURVE('',#2856,#1000,#2866,.T.);
#2868=ORIENTED_EDGE('',*,*,#2867,.T.);
#2869=ORIENTED_EDGE('',*,*,#1005,.F.);
#2870=CARTESIAN_POINT('',(145.869799999,1.8,24.921099546));
#2871=DIRECTION('',(0.,0.,-1.));
#2872=VECTOR('',#2871,13.363640344);
#2873=LINE('',#2870,#2872);
#2874=EDGE_CURVE('',#2854,#998,#2873,.T.);
#2875=ORIENTED_EDGE('',*,*,#2874,.F.);
#2876=EDGE_LOOP('',(#2862,#2868,#2869,#2875));
#2877=FACE_BOUND('',#2876,.T.);
#2878=ADVANCED_FACE('NONE',(#2877),#2852,.T.);
#2879=CARTESIAN_POINT('',(145.869799999,1.8,28.267509708));
#2880=DIRECTION('',(-1.,0.,0.));
#2881=DIRECTION('',(0.,0.,1.));
#2882=AXIS2_PLACEMENT_3D('',#2879,#2880,#2881);
#2883=PLANE('',#2882);
#2884=ORIENTED_EDGE('',*,*,#1314,.F.);
#2885=CARTESIAN_POINT('',(145.869799999,0.1,27.865585919));
#2886=VERTEX_POINT('',#2885);
#2887=CARTESIAN_POINT('',(145.869799999,0.1,11.557459202));
#2888=DIRECTION('',(-0.,-0.,1.));
#2889=VECTOR('',#2888,16.308126717);
#2890=LINE('',#2887,#2889);
#2891=EDGE_CURVE('',#1302,#2886,#2890,.T.);
#2892=ORIENTED_EDGE('',*,*,#2891,.T.);
#2893=CARTESIAN_POINT('',(145.869799999,1.8,24.921099546));
#2894=DIRECTION('',(0.,-0.5,0.866025404));
#2895=VECTOR('',#2894,3.4);
#2896=LINE('',#2893,#2895);
#2897=EDGE_CURVE('',#2854,#2886,#2896,.T.);
#2898=ORIENTED_EDGE('',*,*,#2897,.F.);
#2899=ORIENTED_EDGE('',*,*,#2874,.T.);
#2900=EDGE_LOOP('',(#2884,#2892,#2898,#2899));
#2901=FACE_BOUND('',#2900,.T.);
#2902=ADVANCED_FACE('NONE',(#2901),#2883,.T.);
#2903=CARTESIAN_POINT('',(-146.5198,3.1,28.267509708));
#2904=DIRECTION('',(0.,1.,0.));
#2905=DIRECTION('',(0.,0.,1.));
#2906=AXIS2_PLACEMENT_3D('',#2903,#2904,#2905);
#2907=PLANE('',#2906);
#2908=ORIENTED_EDGE('',*,*,#1225,.F.);
#2909=CARTESIAN_POINT('',(-148.2698,3.1,22.669228416));
#2910=VERTEX_POINT('',#2909);
#2911=CARTESIAN_POINT('',(-148.2698,3.1,11.557459202));
#2912=DIRECTION('',(-0.,-0.,1.));
#2913=VECTOR('',#2912,11.111769214);
#2914=LINE('',#2911,#2913);
#2915=EDGE_CURVE('',#1211,#2910,#2914,.T.);
#2916=ORIENTED_EDGE('',*,*,#2915,.T.);
#2917=CARTESIAN_POINT('',(-148.2698,3.1,22.669228416));
#2918=DIRECTION('',(1.,0.,-0.));
#2919=VECTOR('',#2918,1.75);
#2920=LINE('',#2917,#2919);
#2921=EDGE_CURVE('',#2910,#1391,#2920,.T.);
#2922=ORIENTED_EDGE('',*,*,#2921,.T.);
#2923=ORIENTED_EDGE('',*,*,#1398,.T.);
#2924=ORIENTED_EDGE('',*,*,#1543,.F.);
#2925=EDGE_LOOP('',(#2908,#2916,#2922,#2923,#2924));
#2926=FACE_BOUND('',#2925,.T.);
#2927=ADVANCED_FACE('NONE',(#2926),#2907,.T.);
#2928=CARTESIAN_POINT('',(-148.4698,3.1,28.267509708));
#2929=DIRECTION('',(-1.,0.,0.));
#2930=DIRECTION('',(0.,0.,1.));
#2931=AXIS2_PLACEMENT_3D('',#2928,#2929,#2930);
#2932=PLANE('',#2931);
#2933=CARTESIAN_POINT('',(-148.4698,1.9,24.747689385));
#2934=VERTEX_POINT('',#2933);
#2935=CARTESIAN_POINT('',(-148.4698,2.9,23.015638577));
#2936=VERTEX_POINT('',#2935);
#2937=CARTESIAN_POINT('',(-148.4698,1.9,24.747689385));
#2938=DIRECTION('',(0.,0.5,-0.866025404));
#2939=VECTOR('',#2938,2.);
#2940=LINE('',#2937,#2939);
#2941=EDGE_CURVE('',#2934,#2936,#2940,.T.);
#2942=ORIENTED_EDGE('',*,*,#2941,.T.);
#2943=CARTESIAN_POINT('',(-148.4698,2.9,23.015638577));
#2944=DIRECTION('',(0.,0.,-1.));
#2945=VECTOR('',#2944,11.458179375);
#2946=LINE('',#2943,#2945);
#2947=EDGE_CURVE('',#2936,#1203,#2946,.T.);
#2948=ORIENTED_EDGE('',*,*,#2947,.T.);
#2949=ORIENTED_EDGE('',*,*,#1208,.F.);
#2950=CARTESIAN_POINT('',(-148.4698,1.9,11.557459202));
#2951=DIRECTION('',(-0.,-0.,1.));
#2952=VECTOR('',#2951,13.190230183);
#2953=LINE('',#2950,#2952);
#2954=EDGE_CURVE('',#1194,#2934,#2953,.T.);
#2955=ORIENTED_EDGE('',*,*,#2954,.T.);
#2956=EDGE_LOOP('',(#2942,#2948,#2949,#2955));
#2957=FACE_BOUND('',#2956,.T.);
#2958=ADVANCED_FACE('NONE',(#2957),#2932,.T.);
#2959=CARTESIAN_POINT('',(-148.4698,1.7,28.267509708));
#2960=DIRECTION('',(0.,-1.,0.));
#2961=DIRECTION('',(0.,0.,-1.));
#2962=AXIS2_PLACEMENT_3D('',#2959,#2960,#2961);
#2963=PLANE('',#2962);
#2964=CARTESIAN_POINT('',(-147.9698,1.7,25.094099546));
#2965=VERTEX_POINT('',#2964);
#2966=CARTESIAN_POINT('',(-148.2698,1.7,25.094099546));
#2967=VERTEX_POINT('',#2966);
#2968=CARTESIAN_POINT('',(-147.9698,1.7,25.094099546));
#2969=DIRECTION('',(-1.,0.,0.));
#2970=VECTOR('',#2969,0.3);
#2971=LINE('',#2968,#2970);
#2972=EDGE_CURVE('',#2965,#2967,#2971,.T.);
#2973=ORIENTED_EDGE('',*,*,#2972,.T.);
#2974=CARTESIAN_POINT('',(-148.2698,1.7,25.094099546));
#2975=DIRECTION('',(0.,0.,-1.));
#2976=VECTOR('',#2975,13.536640344);
#2977=LINE('',#2974,#2976);
#2978=EDGE_CURVE('',#2967,#1186,#2977,.T.);
#2979=ORIENTED_EDGE('',*,*,#2978,.T.);
#2980=ORIENTED_EDGE('',*,*,#1191,.F.);
#2981=CARTESIAN_POINT('',(-147.9698,1.7,11.557459202));
#2982=DIRECTION('',(-0.,-0.,1.));
#2983=VECTOR('',#2982,13.536640344);
#2984=LINE('',#2981,#2983);
#2985=EDGE_CURVE('',#1177,#2965,#2984,.T.);
#2986=ORIENTED_EDGE('',*,*,#2985,.T.);
#2987=EDGE_LOOP('',(#2973,#2979,#2980,#2986));
#2988=FACE_BOUND('',#2987,.T.);
#2989=ADVANCED_FACE('NONE',(#2988),#2963,.T.);
#2990=CARTESIAN_POINT('',(-147.7698,1.55,28.267509708));
#2991=DIRECTION('',(-1.,0.,0.));
#2992=DIRECTION('',(0.,0.,1.));
#2993=AXIS2_PLACEMENT_3D('',#2990,#2991,#2992);
#2994=PLANE('',#2993);
#2995=ORIENTED_EDGE('',*,*,#1174,.F.);
#2996=CARTESIAN_POINT('',(-147.7698,0.1,27.865380839));
#2997=VERTEX_POINT('',#2996);
#2998=CARTESIAN_POINT('',(-147.7698,0.1,11.557459202));
#2999=DIRECTION('',(-0.,-0.,1.));
#3000=VECTOR('',#2999,16.307921637);
#3001=LINE('',#2998,#3000);
#3002=EDGE_CURVE('',#1160,#2997,#3001,.T.);
#3003=ORIENTED_EDGE('',*,*,#3002,.T.);
#3004=CARTESIAN_POINT('',(-147.7698,1.5,25.440509708));
#3005=VERTEX_POINT('',#3004);
#3006=CARTESIAN_POINT('',(-147.7698,0.1,27.865380839));
#3007=DIRECTION('',(0.,0.5,-0.866025404));
#3008=VECTOR('',#3007,2.8);
#3009=LINE('',#3006,#3008);
#3010=EDGE_CURVE('',#2997,#3005,#3009,.T.);
#3011=ORIENTED_EDGE('',*,*,#3010,.T.);
#3012=CARTESIAN_POINT('',(-147.7698,1.5,25.440509708));
#3013=DIRECTION('',(0.,0.,-1.));
#3014=VECTOR('',#3013,13.883050506);
#3015=LINE('',#3012,#3014);
#3016=EDGE_CURVE('',#3005,#1169,#3015,.T.);
#3017=ORIENTED_EDGE('',*,*,#3016,.T.);
#3018=EDGE_LOOP('',(#2995,#3003,#3011,#3017));
#3019=FACE_BOUND('',#3018,.T.);
#3020=ADVANCED_FACE('NONE',(#3019),#2994,.T.);
#3021=CARTESIAN_POINT('',(-146.5198,3.1,22.669228416));
#3022=DIRECTION('',(0.,-0.866025404,-0.5));
#3023=DIRECTION('',(1.,0.,0.));
#3024=AXIS2_PLACEMENT_3D('',#3021,#3022,#3023);
#3025=PLANE('',#3024);
#3026=ORIENTED_EDGE('',*,*,#2921,.F.);
#3027=CARTESIAN_POINT('',(-148.2698,2.9,23.015638577));
#3028=DIRECTION('',(-0.,0.866025404,0.5));
#3029=DIRECTION('',(0.,0.5,-0.866025404));
#3030=AXIS2_PLACEMENT_3D('',#3027,#3028,#3029);
#3031=ELLIPSE('',#3030,0.4,0.2);
#3032=EDGE_CURVE('',#2910,#2936,#3031,.T.);
#3033=ORIENTED_EDGE('',*,*,#3032,.T.);
#3034=ORIENTED_EDGE('',*,*,#2941,.F.);
#3035=CARTESIAN_POINT('',(-148.2698,1.9,24.747689385));
#3036=DIRECTION('',(-0.,0.866025404,0.5));
#3037=DIRECTION('',(0.,0.5,-0.866025404));
#3038=AXIS2_PLACEMENT_3D('',#3035,#3036,#3037);
#3039=ELLIPSE('',#3038,0.4,0.2);
#3040=EDGE_CURVE('',#2934,#2967,#3039,.T.);
#3041=ORIENTED_EDGE('',*,*,#3040,.T.);
#3042=ORIENTED_EDGE('',*,*,#2972,.F.);
#3043=CARTESIAN_POINT('',(-147.9698,1.5,25.440509708));
#3044=DIRECTION('',(0.,-0.866025404,-0.5));
#3045=DIRECTION('',(0.,-0.5,0.866025404));
#3046=AXIS2_PLACEMENT_3D('',#3043,#3044,#3045);
#3047=ELLIPSE('',#3046,0.4,0.2);
#3048=EDGE_CURVE('',#2965,#3005,#3047,.T.);
#3049=ORIENTED_EDGE('',*,*,#3048,.T.);
#3050=ORIENTED_EDGE('',*,*,#3010,.F.);
#3051=CARTESIAN_POINT('',(-147.9698,0.1,27.865380839));
#3052=DIRECTION('',(0.,-0.866025404,-0.5));
#3053=DIRECTION('',(0.,-0.5,0.866025404));
#3054=AXIS2_PLACEMENT_3D('',#3051,#3052,#3053);
#3055=ELLIPSE('',#3054,0.4,0.2);
#3056=EDGE_CURVE('',#2997,#2629,#3055,.T.);
#3057=ORIENTED_EDGE('',*,*,#3056,.T.);
#3058=ORIENTED_EDGE('',*,*,#2634,.T.);
#3059=ORIENTED_EDGE('',*,*,#1406,.F.);
#3060=EDGE_LOOP('',(#3026,#3033,#3034,#3041,#3042,#3049,#3050,#3057,#3058,#3059));
#3061=FACE_BOUND('',#3060,.T.);
#3062=ADVANCED_FACE('NONE',(#3061),#3025,.F.);
#3063=CARTESIAN_POINT('',(149.069799999,3.6,21.803408093));
#3064=DIRECTION('',(0.,-0.866025404,-0.5));
#3065=DIRECTION('',(1.,0.,0.));
#3066=AXIS2_PLACEMENT_3D('',#3063,#3064,#3065);
#3067=PLANE('',#3066);
#3068=ORIENTED_EDGE('',*,*,#2837,.F.);
#3069=CARTESIAN_POINT('',(145.269799999,2.,24.574689385));
#3070=DIRECTION('',(-0.,0.866025404,0.5));
#3071=DIRECTION('',(0.,0.5,-0.866025404));
#3072=AXIS2_PLACEMENT_3D('',#3069,#3070,#3071);
#3073=ELLIPSE('',#3072,0.4,0.2);
#3074=EDGE_CURVE('',#2824,#2856,#3073,.T.);
#3075=ORIENTED_EDGE('',*,*,#3074,.T.);
#3076=ORIENTED_EDGE('',*,*,#2861,.F.);
#3077=ORIENTED_EDGE('',*,*,#2897,.T.);
#3078=CARTESIAN_POINT('',(145.669799999,0.1,27.865585919));
#3079=DIRECTION('',(0.,-0.866025404,-0.5));
#3080=DIRECTION('',(0.,-0.5,0.866025404));
#3081=AXIS2_PLACEMENT_3D('',#3078,#3079,#3080);
#3082=ELLIPSE('',#3081,0.4,0.2);
#3083=EDGE_CURVE('',#2886,#2675,#3082,.T.);
#3084=ORIENTED_EDGE('',*,*,#3083,.T.);
#3085=ORIENTED_EDGE('',*,*,#2680,.T.);
#3086=CARTESIAN_POINT('',(148.469799999,0.1,27.865585919));
#3087=DIRECTION('',(0.,-0.866025404,-0.5));
#3088=DIRECTION('',(0.,-0.5,0.866025404));
#3089=AXIS2_PLACEMENT_3D('',#3086,#3087,#3088);
#3090=ELLIPSE('',#3089,0.4,0.2);
#3091=EDGE_CURVE('',#2667,#2708,#3090,.T.);
#3092=ORIENTED_EDGE('',*,*,#3091,.T.);
#3093=ORIENTED_EDGE('',*,*,#2713,.F.);
#3094=CARTESIAN_POINT('',(148.469799999,1.6,25.267509708));
#3095=DIRECTION('',(0.,-0.866025404,-0.5));
#3096=DIRECTION('',(0.,-0.5,0.866025404));
#3097=AXIS2_PLACEMENT_3D('',#3094,#3095,#3096);
#3098=ELLIPSE('',#3097,0.4,0.2);
#3099=EDGE_CURVE('',#2700,#2732,#3098,.T.);
#3100=ORIENTED_EDGE('',*,*,#3099,.T.);
#3101=ORIENTED_EDGE('',*,*,#2737,.F.);
#3102=CARTESIAN_POINT('',(148.869799999,2.,24.574689385));
#3103=DIRECTION('',(-0.,0.866025404,0.5));
#3104=DIRECTION('',(0.,0.5,-0.866025404));
#3105=AXIS2_PLACEMENT_3D('',#3102,#3103,#3104);
#3106=ELLIPSE('',#3105,0.4,0.2);
#3107=EDGE_CURVE('',#2730,#2770,#3106,.T.);
#3108=ORIENTED_EDGE('',*,*,#3107,.T.);
#3109=ORIENTED_EDGE('',*,*,#2775,.F.);
#3110=CARTESIAN_POINT('',(148.869799999,3.4,22.149818254));
#3111=DIRECTION('',(-0.,0.866025404,0.5));
#3112=DIRECTION('',(0.,0.5,-0.866025404));
#3113=AXIS2_PLACEMENT_3D('',#3110,#3111,#3112);
#3114=ELLIPSE('',#3113,0.4,0.2);
#3115=EDGE_CURVE('',#2762,#2801,#3114,.T.);
#3116=ORIENTED_EDGE('',*,*,#3115,.T.);
#3117=ORIENTED_EDGE('',*,*,#2806,.F.);
#3118=CARTESIAN_POINT('',(145.269799999,3.4,22.149818254));
#3119=DIRECTION('',(-0.,0.866025404,0.5));
#3120=DIRECTION('',(0.,0.5,-0.866025404));
#3121=AXIS2_PLACEMENT_3D('',#3118,#3119,#3120);
#3122=ELLIPSE('',#3121,0.4,0.2);
#3123=EDGE_CURVE('',#2793,#2832,#3122,.T.);
#3124=ORIENTED_EDGE('',*,*,#3123,.T.);
#3125=EDGE_LOOP('',(#3068,#3075,#3076,#3077,#3084,#3085,#3092,#3093,#3100,#3101,#3108,#3109,#3116,#3117,#3124));
#3126=FACE_BOUND('',#3125,.T.);
#3127=ADVANCED_FACE('NONE',(#3126),#3067,.F.);
#3128=CARTESIAN_POINT('',(-148.2698,2.9,28.267509708));
#3129=DIRECTION('',(0.,0.,-1.));
#3130=DIRECTION('',(-1.,0.,0.));
#3131=AXIS2_PLACEMENT_3D('',#3128,#3129,#3130);
#3132=CYLINDRICAL_SURFACE('',#3131,0.2);
#3133=ORIENTED_EDGE('',*,*,#3032,.F.);
#3134=ORIENTED_EDGE('',*,*,#2915,.F.);
#3135=ORIENTED_EDGE('',*,*,#1217,.F.);
#3136=ORIENTED_EDGE('',*,*,#2947,.F.);
#3137=EDGE_LOOP('',(#3133,#3134,#3135,#3136));
#3138=FACE_BOUND('',#3137,.T.);
#3139=ADVANCED_FACE('',(#3138),#3132,.T.);
#3140=CARTESIAN_POINT('',(-147.9698,0.1,6.));
#3141=DIRECTION('',(0.,0.,1.));
#3142=DIRECTION('',(1.,0.,-0.));
#3143=AXIS2_PLACEMENT_3D('',#3140,#3141,#3142);
#3144=CYLINDRICAL_SURFACE('',#3143,0.2);
#3145=ORIENTED_EDGE('',*,*,#3056,.F.);
#3146=ORIENTED_EDGE('',*,*,#3002,.F.);
#3147=ORIENTED_EDGE('',*,*,#1166,.F.);
#3148=ORIENTED_EDGE('',*,*,#2640,.F.);
#3149=EDGE_LOOP('',(#3145,#3146,#3147,#3148));
#3150=FACE_BOUND('',#3149,.T.);
#3151=ADVANCED_FACE('',(#3150),#3144,.F.);
#3152=CARTESIAN_POINT('',(-148.2698,1.9,28.267509708));
#3153=DIRECTION('',(0.,0.,-1.));
#3154=DIRECTION('',(-1.,0.,0.));
#3155=AXIS2_PLACEMENT_3D('',#3152,#3153,#3154);
#3156=CYLINDRICAL_SURFACE('',#3155,0.2);
#3157=ORIENTED_EDGE('',*,*,#3040,.F.);
#3158=ORIENTED_EDGE('',*,*,#2954,.F.);
#3159=ORIENTED_EDGE('',*,*,#1200,.F.);
#3160=ORIENTED_EDGE('',*,*,#2978,.F.);
#3161=EDGE_LOOP('',(#3157,#3158,#3159,#3160));
#3162=FACE_BOUND('',#3161,.T.);
#3163=ADVANCED_FACE('',(#3162),#3156,.T.);
#3164=CARTESIAN_POINT('',(-147.9698,1.5,28.267509708));
#3165=DIRECTION('',(0.,0.,1.));
#3166=DIRECTION('',(1.,0.,-0.));
#3167=AXIS2_PLACEMENT_3D('',#3164,#3165,#3166);
#3168=CYLINDRICAL_SURFACE('',#3167,0.2);
#3169=ORIENTED_EDGE('',*,*,#3048,.F.);
#3170=ORIENTED_EDGE('',*,*,#2985,.F.);
#3171=ORIENTED_EDGE('',*,*,#1183,.F.);
#3172=ORIENTED_EDGE('',*,*,#3016,.F.);
#3173=EDGE_LOOP('',(#3169,#3170,#3171,#3172));
#3174=FACE_BOUND('',#3173,.T.);
#3175=ADVANCED_FACE('',(#3174),#3168,.F.);
#3176=CARTESIAN_POINT('',(148.469799999,1.6,28.267509708));
#3177=DIRECTION('',(0.,0.,1.));
#3178=DIRECTION('',(1.,0.,-0.));
#3179=AXIS2_PLACEMENT_3D('',#3176,#3177,#3178);
#3180=CYLINDRICAL_SURFACE('',#3179,0.2);
#3181=ORIENTED_EDGE('',*,*,#3099,.F.);
#3182=ORIENTED_EDGE('',*,*,#2705,.F.);
#3183=ORIENTED_EDGE('',*,*,#1082,.F.);
#3184=ORIENTED_EDGE('',*,*,#2743,.F.);
#3185=EDGE_LOOP('',(#3181,#3182,#3183,#3184));
#3186=FACE_BOUND('',#3185,.T.);
#3187=ADVANCED_FACE('',(#3186),#3180,.F.);
#3188=CARTESIAN_POINT('',(145.269799999,2.,28.267509708));
#3189=DIRECTION('',(0.,0.,-1.));
#3190=DIRECTION('',(-1.,0.,0.));
#3191=AXIS2_PLACEMENT_3D('',#3188,#3189,#3190);
#3192=CYLINDRICAL_SURFACE('',#3191,0.2);
#3193=ORIENTED_EDGE('',*,*,#3074,.F.);
#3194=ORIENTED_EDGE('',*,*,#2829,.F.);
#3195=ORIENTED_EDGE('',*,*,#1014,.F.);
#3196=ORIENTED_EDGE('',*,*,#2867,.F.);
#3197=EDGE_LOOP('',(#3193,#3194,#3195,#3196));
#3198=FACE_BOUND('',#3197,.T.);
#3199=ADVANCED_FACE('',(#3198),#3192,.T.);
#3200=CARTESIAN_POINT('',(145.669799999,0.1,6.));
#3201=DIRECTION('',(0.,0.,1.));
#3202=DIRECTION('',(1.,0.,-0.));
#3203=AXIS2_PLACEMENT_3D('',#3200,#3201,#3202);
#3204=CYLINDRICAL_SURFACE('',#3203,0.2);
#3205=ORIENTED_EDGE('',*,*,#3083,.F.);
#3206=ORIENTED_EDGE('',*,*,#2891,.F.);
#3207=ORIENTED_EDGE('',*,*,#1308,.F.);
#3208=ORIENTED_EDGE('',*,*,#2686,.F.);
#3209=EDGE_LOOP('',(#3205,#3206,#3207,#3208));
#3210=FACE_BOUND('',#3209,.T.);
#3211=ADVANCED_FACE('',(#3210),#3204,.F.);
#3212=CARTESIAN_POINT('',(145.269799999,3.4,28.267509708));
#3213=DIRECTION('',(0.,0.,-1.));
#3214=DIRECTION('',(-1.,0.,0.));
#3215=AXIS2_PLACEMENT_3D('',#3212,#3213,#3214);
#3216=CYLINDRICAL_SURFACE('',#3215,0.2);
#3217=ORIENTED_EDGE('',*,*,#3123,.F.);
#3218=ORIENTED_EDGE('',*,*,#2798,.F.);
#3219=ORIENTED_EDGE('',*,*,#1031,.F.);
#3220=ORIENTED_EDGE('',*,*,#2843,.F.);
#3221=EDGE_LOOP('',(#3217,#3218,#3219,#3220));
#3222=FACE_BOUND('',#3221,.T.);
#3223=ADVANCED_FACE('',(#3222),#3216,.T.);
#3224=CARTESIAN_POINT('',(148.869799999,3.4,28.267509708));
#3225=DIRECTION('',(0.,0.,-1.));
#3226=DIRECTION('',(-1.,0.,0.));
#3227=AXIS2_PLACEMENT_3D('',#3224,#3225,#3226);
#3228=CYLINDRICAL_SURFACE('',#3227,0.2);
#3229=ORIENTED_EDGE('',*,*,#3115,.F.);
#3230=ORIENTED_EDGE('',*,*,#2767,.F.);
#3231=ORIENTED_EDGE('',*,*,#1048,.F.);
#3232=ORIENTED_EDGE('',*,*,#2812,.F.);
#3233=EDGE_LOOP('',(#3229,#3230,#3231,#3232));
#3234=FACE_BOUND('',#3233,.T.);
#3235=ADVANCED_FACE('',(#3234),#3228,.T.);
#3236=CARTESIAN_POINT('',(148.469799999,0.1,28.267509708));
#3237=DIRECTION('',(0.,0.,1.));
#3238=DIRECTION('',(1.,0.,-0.));
#3239=AXIS2_PLACEMENT_3D('',#3236,#3237,#3238);
#3240=CYLINDRICAL_SURFACE('',#3239,0.2);
#3241=ORIENTED_EDGE('',*,*,#3091,.F.);
#3242=ORIENTED_EDGE('',*,*,#2672,.F.);
#3243=ORIENTED_EDGE('',*,*,#1099,.F.);
#3244=ORIENTED_EDGE('',*,*,#2719,.F.);
#3245=EDGE_LOOP('',(#3241,#3242,#3243,#3244));
#3246=FACE_BOUND('',#3245,.T.);
#3247=ADVANCED_FACE('',(#3246),#3240,.F.);
#3248=CARTESIAN_POINT('',(148.869799999,2.,28.267509708));
#3249=DIRECTION('',(0.,0.,-1.));
#3250=DIRECTION('',(-1.,0.,0.));
#3251=AXIS2_PLACEMENT_3D('',#3248,#3249,#3250);
#3252=CYLINDRICAL_SURFACE('',#3251,0.2);
#3253=ORIENTED_EDGE('',*,*,#3107,.F.);
#3254=ORIENTED_EDGE('',*,*,#2750,.F.);
#3255=ORIENTED_EDGE('',*,*,#1065,.F.);
#3256=ORIENTED_EDGE('',*,*,#2781,.F.);
#3257=EDGE_LOOP('',(#3253,#3254,#3255,#3256));
#3258=FACE_BOUND('',#3257,.T.);
#3259=ADVANCED_FACE('',(#3258),#3252,.T.);
#3260=CARTESIAN_POINT('',(114.467627251,-40.722438779,24.457459202));
#3261=DIRECTION('',(-1.,-0.,-0.));
#3262=DIRECTION('',(0.,-1.,0.));
#3263=AXIS2_PLACEMENT_3D('',#3260,#3261,#3262);
#3264=PLANE('',#3263);
#3265=CARTESIAN_POINT('',(114.467627251,-33.197438779,24.657459202));
#3266=VERTEX_POINT('',#3265);
#3267=CARTESIAN_POINT('',(114.467627251,-33.197438779,29.657459202));
#3268=VERTEX_POINT('',#3267);
#3269=CARTESIAN_POINT('',(114.467627251,-33.197438779,24.657459202));
#3270=DIRECTION('',(0.,-0.,1.));
#3271=VECTOR('',#3270,5.);
#3272=LINE('',#3269,#3271);
#3273=EDGE_CURVE('',#3266,#3268,#3272,.T.);
#3274=ORIENTED_EDGE('',*,*,#3273,.T.);
#3275=CARTESIAN_POINT('',(114.467627251,-48.247438779,29.657459202));
#3276=VERTEX_POINT('',#3275);
#3277=CARTESIAN_POINT('',(114.467627251,-33.197438779,29.657459202));
#3278=DIRECTION('',(0.,-1.,-0.));
#3279=VECTOR('',#3278,15.05);
#3280=LINE('',#3277,#3279);
#3281=EDGE_CURVE('',#3268,#3276,#3280,.T.);
#3282=ORIENTED_EDGE('',*,*,#3281,.T.);
#3283=CARTESIAN_POINT('',(114.467627251,-48.247438779,24.657459202));
#3284=VERTEX_POINT('',#3283);
#3285=CARTESIAN_POINT('',(114.467627251,-48.247438779,29.657459202));
#3286=DIRECTION('',(0.,-0.,-1.));
#3287=VECTOR('',#3286,5.);
#3288=LINE('',#3285,#3287);
#3289=EDGE_CURVE('',#3276,#3284,#3288,.T.);
#3290=ORIENTED_EDGE('',*,*,#3289,.T.);
#3291=CARTESIAN_POINT('',(114.467627251,-48.247438779,24.657459202));
#3292=DIRECTION('',(-0.,1.,0.));
#3293=VECTOR('',#3292,15.05);
#3294=LINE('',#3291,#3293);
#3295=EDGE_CURVE('',#3284,#3266,#3294,.T.);
#3296=ORIENTED_EDGE('',*,*,#3295,.T.);
#3297=EDGE_LOOP('',(#3274,#3282,#3290,#3296));
#3298=FACE_BOUND('',#3297,.T.);
#3299=ADVANCED_FACE('',(#3298),#3264,.F.);
#3300=CARTESIAN_POINT('',(104.942627251,-31.197438779,24.457459202));
#3301=DIRECTION('',(-0.,-1.,-0.));
#3302=DIRECTION('',(1.,-0.,0.));
#3303=AXIS2_PLACEMENT_3D('',#3300,#3301,#3302);
#3304=PLANE('',#3303);
#3305=CARTESIAN_POINT('',(97.417627251,-31.197438779,24.657459202));
#3306=VERTEX_POINT('',#3305);
#3307=CARTESIAN_POINT('',(97.417627251,-31.197438779,29.657459202));
#3308=VERTEX_POINT('',#3307);
#3309=CARTESIAN_POINT('',(97.417627251,-31.197438779,24.657459202));
#3310=DIRECTION('',(0.,-0.,1.));
#3311=VECTOR('',#3310,5.);
#3312=LINE('',#3309,#3311);
#3313=EDGE_CURVE('',#3306,#3308,#3312,.T.);
#3314=ORIENTED_EDGE('',*,*,#3313,.T.);
#3315=CARTESIAN_POINT('',(112.467627251,-31.197438779,29.657459202));
#3316=VERTEX_POINT('',#3315);
#3317=CARTESIAN_POINT('',(97.417627251,-31.197438779,29.657459202));
#3318=DIRECTION('',(1.,-0.,-0.));
#3319=VECTOR('',#3318,15.05);
#3320=LINE('',#3317,#3319);
#3321=EDGE_CURVE('',#3308,#3316,#3320,.T.);
#3322=ORIENTED_EDGE('',*,*,#3321,.T.);
#3323=CARTESIAN_POINT('',(112.467627251,-31.197438779,24.657459202));
#3324=VERTEX_POINT('',#3323);
#3325=CARTESIAN_POINT('',(112.467627251,-31.197438779,29.657459202));
#3326=DIRECTION('',(-0.,0.,-1.));
#3327=VECTOR('',#3326,5.);
#3328=LINE('',#3325,#3327);
#3329=EDGE_CURVE('',#3316,#3324,#3328,.T.);
#3330=ORIENTED_EDGE('',*,*,#3329,.T.);
#3331=CARTESIAN_POINT('',(112.467627251,-31.197438779,24.657459202));
#3332=DIRECTION('',(-1.,0.,0.));
#3333=VECTOR('',#3332,15.05);
#3334=LINE('',#3331,#3333);
#3335=EDGE_CURVE('',#3324,#3306,#3334,.T.);
#3336=ORIENTED_EDGE('',*,*,#3335,.T.);
#3337=EDGE_LOOP('',(#3314,#3322,#3330,#3336));
#3338=FACE_BOUND('',#3337,.T.);
#3339=ADVANCED_FACE('',(#3338),#3304,.F.);
#3340=CARTESIAN_POINT('',(95.417627251,-32.295744389,24.457459202));
#3341=DIRECTION('',(1.,0.,0.));
#3342=DIRECTION('',(0.,0.,-1.));
#3343=AXIS2_PLACEMENT_3D('',#3340,#3341,#3342);
#3344=PLANE('',#3343);
#3345=CARTESIAN_POINT('',(95.417627251,-48.247438779,24.657459202));
#3346=VERTEX_POINT('',#3345);
#3347=CARTESIAN_POINT('',(95.417627251,-48.247438779,29.657459202));
#3348=VERTEX_POINT('',#3347);
#3349=CARTESIAN_POINT('',(95.417627251,-48.247438779,24.657459202));
#3350=DIRECTION('',(0.,0.,1.));
#3351=VECTOR('',#3350,5.);
#3352=LINE('',#3349,#3351);
#3353=EDGE_CURVE('',#3346,#3348,#3352,.T.);
#3354=ORIENTED_EDGE('',*,*,#3353,.T.);
#3355=CARTESIAN_POINT('',(95.417627251,-33.197438779,29.657459202));
#3356=VERTEX_POINT('',#3355);
#3357=CARTESIAN_POINT('',(95.417627251,-48.247438779,29.657459202));
#3358=DIRECTION('',(0.,1.,0.));
#3359=VECTOR('',#3358,15.05);
#3360=LINE('',#3357,#3359);
#3361=EDGE_CURVE('',#3348,#3356,#3360,.T.);
#3362=ORIENTED_EDGE('',*,*,#3361,.T.);
#3363=CARTESIAN_POINT('',(95.417627251,-33.197438779,24.657459202));
#3364=VERTEX_POINT('',#3363);
#3365=CARTESIAN_POINT('',(95.417627251,-33.197438779,29.657459202));
#3366=DIRECTION('',(-0.,0.,-1.));
#3367=VECTOR('',#3366,5.);
#3368=LINE('',#3365,#3367);
#3369=EDGE_CURVE('',#3356,#3364,#3368,.T.);
#3370=ORIENTED_EDGE('',*,*,#3369,.T.);
#3371=CARTESIAN_POINT('',(95.417627251,-33.197438779,24.657459202));
#3372=DIRECTION('',(0.,-1.,-0.));
#3373=VECTOR('',#3372,15.05);
#3374=LINE('',#3371,#3373);
#3375=EDGE_CURVE('',#3364,#3346,#3374,.T.);
#3376=ORIENTED_EDGE('',*,*,#3375,.T.);
#3377=EDGE_LOOP('',(#3354,#3362,#3370,#3376));
#3378=FACE_BOUND('',#3377,.T.);
#3379=ADVANCED_FACE('',(#3378),#3344,.F.);
#3380=CARTESIAN_POINT('',(-97.097990942,-33.197438779,24.457459202));
#3381=DIRECTION('',(0.,-0.,1.));
#3382=DIRECTION('',(0.,-1.,-0.));
#3383=AXIS2_PLACEMENT_3D('',#3380,#3381,#3382);
#3384=CYLINDRICAL_SURFACE('',#3383,2.);
#3385=ORIENTED_EDGE('',*,*,#124,.F.);
#3386=CARTESIAN_POINT('',(-97.097990942,-33.197438779,29.657459202));
#3387=DIRECTION('',(-0.,-0.,-1.));
#3388=DIRECTION('',(1.,0.,-0.));
#3389=AXIS2_PLACEMENT_3D('',#3386,#3387,#3388);
#3390=CIRCLE('',#3389,2.);
#3391=EDGE_CURVE('',#111,#63,#3390,.T.);
#3392=ORIENTED_EDGE('',*,*,#3391,.T.);
#3393=ORIENTED_EDGE('',*,*,#68,.F.);
#3394=CARTESIAN_POINT('',(-97.097990942,-33.197438779,24.657459202));
#3395=DIRECTION('',(0.,0.,1.));
#3396=DIRECTION('',(1.,0.,-0.));
#3397=AXIS2_PLACEMENT_3D('',#3394,#3395,#3396);
#3398=CIRCLE('',#3397,2.);
#3399=EDGE_CURVE('',#61,#119,#3398,.T.);
#3400=ORIENTED_EDGE('',*,*,#3399,.T.);
#3401=EDGE_LOOP('',(#3385,#3392,#3393,#3400));
#3402=FACE_BOUND('',#3401,.T.);
#3403=ADVANCED_FACE('',(#3402),#3384,.T.);
#3404=CARTESIAN_POINT('',(97.417627251,-33.197438779,24.457459202));
#3405=DIRECTION('',(0.,-0.,1.));
#3406=DIRECTION('',(0.,-1.,-0.));
#3407=AXIS2_PLACEMENT_3D('',#3404,#3405,#3406);
#3408=CYLINDRICAL_SURFACE('',#3407,2.);
#3409=ORIENTED_EDGE('',*,*,#3369,.F.);
#3410=CARTESIAN_POINT('',(97.417627251,-33.197438779,29.657459202));
#3411=DIRECTION('',(-0.,-0.,-1.));
#3412=DIRECTION('',(1.,0.,-0.));
#3413=AXIS2_PLACEMENT_3D('',#3410,#3411,#3412);
#3414=CIRCLE('',#3413,2.);
#3415=EDGE_CURVE('',#3356,#3308,#3414,.T.);
#3416=ORIENTED_EDGE('',*,*,#3415,.T.);
#3417=ORIENTED_EDGE('',*,*,#3313,.F.);
#3418=CARTESIAN_POINT('',(97.417627251,-33.197438779,24.657459202));
#3419=DIRECTION('',(0.,0.,1.));
#3420=DIRECTION('',(1.,0.,-0.));
#3421=AXIS2_PLACEMENT_3D('',#3418,#3419,#3420);
#3422=CIRCLE('',#3421,2.);
#3423=EDGE_CURVE('',#3306,#3364,#3422,.T.);
#3424=ORIENTED_EDGE('',*,*,#3423,.T.);
#3425=EDGE_LOOP('',(#3409,#3416,#3417,#3424));
#3426=FACE_BOUND('',#3425,.T.);
#3427=ADVANCED_FACE('',(#3426),#3408,.T.);
#3428=CARTESIAN_POINT('',(-116.147990942,-48.247438779,24.457459202));
#3429=DIRECTION('',(0.,0.,1.));
#3430=DIRECTION('',(1.,0.,-0.));
#3431=AXIS2_PLACEMENT_3D('',#3428,#3429,#3430);
#3432=CYLINDRICAL_SURFACE('',#3431,2.);
#3433=ORIENTED_EDGE('',*,*,#700,.F.);
#3434=CARTESIAN_POINT('',(-116.147990942,-48.247438779,29.657459202));
#3435=DIRECTION('',(0.,0.,1.));
#3436=DIRECTION('',(1.,0.,-0.));
#3437=AXIS2_PLACEMENT_3D('',#3434,#3435,#3436);
#3438=CIRCLE('',#3437,2.);
#3439=EDGE_CURVE('',#687,#143,#3438,.T.);
#3440=ORIENTED_EDGE('',*,*,#3439,.T.);
#3441=ORIENTED_EDGE('',*,*,#148,.F.);
#3442=CARTESIAN_POINT('',(-116.147990942,-48.247438779,24.657459202));
#3443=DIRECTION('',(-0.,-0.,-1.));
#3444=DIRECTION('',(1.,0.,-0.));
#3445=AXIS2_PLACEMENT_3D('',#3442,#3443,#3444);
#3446=CIRCLE('',#3445,2.);
#3447=EDGE_CURVE('',#141,#695,#3446,.T.);
#3448=ORIENTED_EDGE('',*,*,#3447,.T.);
#3449=EDGE_LOOP('',(#3433,#3440,#3441,#3448));
#3450=FACE_BOUND('',#3449,.T.);
#3451=ADVANCED_FACE('',(#3450),#3432,.F.);
#3452=CARTESIAN_POINT('',(93.417627251,-48.247438779,24.457459202));
#3453=DIRECTION('',(0.,0.,1.));
#3454=DIRECTION('',(1.,0.,-0.));
#3455=AXIS2_PLACEMENT_3D('',#3452,#3453,#3454);
#3456=CYLINDRICAL_SURFACE('',#3455,2.);
#3457=ORIENTED_EDGE('',*,*,#1630,.F.);
#3458=CARTESIAN_POINT('',(93.417627251,-48.247438779,29.657459202));
#3459=DIRECTION('',(0.,0.,1.));
#3460=DIRECTION('',(1.,0.,-0.));
#3461=AXIS2_PLACEMENT_3D('',#3458,#3459,#3460);
#3462=CIRCLE('',#3461,2.);
#3463=EDGE_CURVE('',#1617,#3348,#3462,.T.);
#3464=ORIENTED_EDGE('',*,*,#3463,.T.);
#3465=ORIENTED_EDGE('',*,*,#3353,.F.);
#3466=CARTESIAN_POINT('',(93.417627251,-48.247438779,24.657459202));
#3467=DIRECTION('',(-0.,-0.,-1.));
#3468=DIRECTION('',(1.,0.,-0.));
#3469=AXIS2_PLACEMENT_3D('',#3466,#3467,#3468);
#3470=CIRCLE('',#3469,2.);
#3471=EDGE_CURVE('',#3346,#1625,#3470,.T.);
#3472=ORIENTED_EDGE('',*,*,#3471,.T.);
#3473=EDGE_LOOP('',(#3457,#3464,#3465,#3472));
#3474=FACE_BOUND('',#3473,.T.);
#3475=ADVANCED_FACE('',(#3474),#3456,.F.);
#3476=CARTESIAN_POINT('',(-93.097990942,-48.247438779,6.257459202));
#3477=DIRECTION('',(0.,0.,1.));
#3478=DIRECTION('',(1.,0.,-0.));
#3479=AXIS2_PLACEMENT_3D('',#3476,#3477,#3478);
#3480=CYLINDRICAL_SURFACE('',#3479,2.);
#3481=ORIENTED_EDGE('',*,*,#84,.F.);
#3482=CARTESIAN_POINT('',(-93.097990942,-48.247438779,29.657459202));
#3483=DIRECTION('',(0.,0.,1.));
#3484=DIRECTION('',(1.,0.,-0.));
#3485=AXIS2_PLACEMENT_3D('',#3482,#3483,#3484);
#3486=CIRCLE('',#3485,2.);
#3487=EDGE_CURVE('',#71,#1609,#3486,.T.);
#3488=ORIENTED_EDGE('',*,*,#3487,.T.);
#3489=ORIENTED_EDGE('',*,*,#1614,.F.);
#3490=CARTESIAN_POINT('',(-93.097990942,-48.247438779,24.657459202));
#3491=DIRECTION('',(-0.,-0.,-1.));
#3492=DIRECTION('',(1.,0.,-0.));
#3493=AXIS2_PLACEMENT_3D('',#3490,#3491,#3492);
#3494=CIRCLE('',#3493,2.);
#3495=EDGE_CURVE('',#1607,#79,#3494,.T.);
#3496=ORIENTED_EDGE('',*,*,#3495,.T.);
#3497=EDGE_LOOP('',(#3481,#3488,#3489,#3496));
#3498=FACE_BOUND('',#3497,.T.);
#3499=ADVANCED_FACE('',(#3498),#3480,.F.);
#3500=CARTESIAN_POINT('',(112.467627251,-33.197438779,24.457459202));
#3501=DIRECTION('',(0.,-0.,1.));
#3502=DIRECTION('',(0.,-1.,-0.));
#3503=AXIS2_PLACEMENT_3D('',#3500,#3501,#3502);
#3504=CYLINDRICAL_SURFACE('',#3503,2.);
#3505=ORIENTED_EDGE('',*,*,#3329,.F.);
#3506=CARTESIAN_POINT('',(112.467627251,-33.197438779,29.657459202));
#3507=DIRECTION('',(-0.,-0.,-1.));
#3508=DIRECTION('',(1.,0.,-0.));
#3509=AXIS2_PLACEMENT_3D('',#3506,#3507,#3508);
#3510=CIRCLE('',#3509,2.);
#3511=EDGE_CURVE('',#3316,#3268,#3510,.T.);
#3512=ORIENTED_EDGE('',*,*,#3511,.T.);
#3513=ORIENTED_EDGE('',*,*,#3273,.F.);
#3514=CARTESIAN_POINT('',(112.467627251,-33.197438779,24.657459202));
#3515=DIRECTION('',(0.,0.,1.));
#3516=DIRECTION('',(1.,0.,-0.));
#3517=AXIS2_PLACEMENT_3D('',#3514,#3515,#3516);
#3518=CIRCLE('',#3517,2.);
#3519=EDGE_CURVE('',#3266,#3324,#3518,.T.);
#3520=ORIENTED_EDGE('',*,*,#3519,.T.);
#3521=EDGE_LOOP('',(#3505,#3512,#3513,#3520));
#3522=FACE_BOUND('',#3521,.T.);
#3523=ADVANCED_FACE('',(#3522),#3504,.T.);
#3524=CARTESIAN_POINT('',(-112.147990942,-33.197438779,24.457459202));
#3525=DIRECTION('',(0.,-0.,1.));
#3526=DIRECTION('',(0.,-1.,-0.));
#3527=AXIS2_PLACEMENT_3D('',#3524,#3525,#3526);
#3528=CYLINDRICAL_SURFACE('',#3527,2.);
#3529=ORIENTED_EDGE('',*,*,#164,.F.);
#3530=CARTESIAN_POINT('',(-112.147990942,-33.197438779,29.657459202));
#3531=DIRECTION('',(-0.,-0.,-1.));
#3532=DIRECTION('',(1.,0.,-0.));
#3533=AXIS2_PLACEMENT_3D('',#3530,#3531,#3532);
#3534=CIRCLE('',#3533,2.);
#3535=EDGE_CURVE('',#151,#103,#3534,.T.);
#3536=ORIENTED_EDGE('',*,*,#3535,.T.);
#3537=ORIENTED_EDGE('',*,*,#108,.F.);
#3538=CARTESIAN_POINT('',(-112.147990942,-33.197438779,24.657459202));
#3539=DIRECTION('',(0.,0.,1.));
#3540=DIRECTION('',(1.,0.,-0.));
#3541=AXIS2_PLACEMENT_3D('',#3538,#3539,#3540);
#3542=CIRCLE('',#3541,2.);
#3543=EDGE_CURVE('',#101,#159,#3542,.T.);
#3544=ORIENTED_EDGE('',*,*,#3543,.T.);
#3545=EDGE_LOOP('',(#3529,#3536,#3537,#3544));
#3546=FACE_BOUND('',#3545,.T.);
#3547=ADVANCED_FACE('',(#3546),#3528,.T.);
#3548=CARTESIAN_POINT('',(116.467627251,-48.247438779,6.257459202));
#3549=DIRECTION('',(-0.,0.,1.));
#3550=DIRECTION('',(1.,0.,0.));
#3551=AXIS2_PLACEMENT_3D('',#3548,#3549,#3550);
#3552=CYLINDRICAL_SURFACE('',#3551,2.);
#3553=ORIENTED_EDGE('',*,*,#3289,.F.);
#3554=CARTESIAN_POINT('',(116.467627251,-48.247438779,29.657459202));
#3555=DIRECTION('',(0.,0.,1.));
#3556=DIRECTION('',(1.,0.,-0.));
#3557=AXIS2_PLACEMENT_3D('',#3554,#3555,#3556);
#3558=CIRCLE('',#3557,2.);
#3559=EDGE_CURVE('',#3276,#719,#3558,.T.);
#3560=ORIENTED_EDGE('',*,*,#3559,.T.);
#3561=ORIENTED_EDGE('',*,*,#724,.F.);
#3562=CARTESIAN_POINT('',(116.467627251,-48.247438779,24.657459202));
#3563=DIRECTION('',(-0.,-0.,-1.));
#3564=DIRECTION('',(1.,0.,-0.));
#3565=AXIS2_PLACEMENT_3D('',#3562,#3563,#3564);
#3566=CIRCLE('',#3565,2.);
#3567=EDGE_CURVE('',#717,#3284,#3566,.T.);
#3568=ORIENTED_EDGE('',*,*,#3567,.T.);
#3569=EDGE_LOOP('',(#3553,#3560,#3561,#3568));
#3570=FACE_BOUND('',#3569,.T.);
#3571=ADVANCED_FACE('',(#3570),#3552,.F.);
#3572=CARTESIAN_POINT('',(-143.3198,-2.003388779,24.657459202));
#3573=DIRECTION('',(0.707106781,0.,-0.707106781));
#3574=DIRECTION('',(-0.,-1.,-0.));
#3575=AXIS2_PLACEMENT_3D('',#3572,#3573,#3574);
#3576=PLANE('',#3575);
#3577=ORIENTED_EDGE('',*,*,#2623,.F.);
#3578=ORIENTED_EDGE('',*,*,#987,.F.);
#3579=CARTESIAN_POINT('',(-143.5198,-48.247438779,24.457459202));
#3580=DIRECTION('',(0.707106781,0.,0.707106781));
#3581=VECTOR('',#3580,0.282842712);
#3582=LINE('',#3579,#3581);
#3583=EDGE_CURVE('',#266,#976,#3582,.T.);
#3584=ORIENTED_EDGE('',*,*,#3583,.F.);
#3585=ORIENTED_EDGE('',*,*,#271,.F.);
#3586=EDGE_LOOP('',(#3577,#3578,#3584,#3585));
#3587=FACE_BOUND('',#3586,.T.);
#3588=ADVANCED_FACE('',(#3587),#3576,.T.);
#3589=CARTESIAN_POINT('',(-141.3198,-48.247438779,24.457459202));
#3590=DIRECTION('',(0.,0.,-1.));
#3591=DIRECTION('',(-1.,0.,0.));
#3592=AXIS2_PLACEMENT_3D('',#3589,#3590,#3591);
#3593=CONICAL_SURFACE('',#3592,2.2,45.);
#3594=ORIENTED_EDGE('',*,*,#3583,.T.);
#3595=ORIENTED_EDGE('',*,*,#2601,.F.);
#3596=CARTESIAN_POINT('',(-141.3198,-50.447438779,24.457459202));
#3597=DIRECTION('',(0.,0.707106781,0.707106781));
#3598=VECTOR('',#3597,0.282842712);
#3599=LINE('',#3596,#3598);
#3600=EDGE_CURVE('',#274,#679,#3599,.T.);
#3601=ORIENTED_EDGE('',*,*,#3600,.F.);
#3602=ORIENTED_EDGE('',*,*,#280,.F.);
#3603=EDGE_LOOP('',(#3594,#3595,#3601,#3602));
#3604=FACE_BOUND('',#3603,.T.);
#3605=ADVANCED_FACE('',(#3604),#3593,.F.);
#3606=CARTESIAN_POINT('',(0.3,-50.247438779,24.657459202));
#3607=DIRECTION('',(0.,0.707106781,-0.707106781));
#3608=DIRECTION('',(1.,0.,0.));
#3609=AXIS2_PLACEMENT_3D('',#3606,#3607,#3608);
#3610=PLANE('',#3609);
#3611=ORIENTED_EDGE('',*,*,#3600,.T.);
#3612=ORIENTED_EDGE('',*,*,#706,.F.);
#3613=CARTESIAN_POINT('',(-116.147990942,-50.447438779,24.457459202));
#3614=DIRECTION('',(0.,0.707106781,0.707106781));
#3615=VECTOR('',#3614,0.282842712);
#3616=LINE('',#3613,#3615);
#3617=EDGE_CURVE('',#283,#695,#3616,.T.);
#3618=ORIENTED_EDGE('',*,*,#3617,.F.);
#3619=ORIENTED_EDGE('',*,*,#288,.F.);
#3620=EDGE_LOOP('',(#3611,#3612,#3618,#3619));
#3621=FACE_BOUND('',#3620,.T.);
#3622=ADVANCED_FACE('',(#3621),#3610,.T.);
#3623=CARTESIAN_POINT('',(-116.147990942,-48.247438779,24.457459202));
#3624=DIRECTION('',(0.,0.,-1.));
#3625=DIRECTION('',(-1.,0.,0.));
#3626=AXIS2_PLACEMENT_3D('',#3623,#3624,#3625);
#3627=CONICAL_SURFACE('',#3626,2.2,45.);
#3628=ORIENTED_EDGE('',*,*,#3617,.T.);
#3629=ORIENTED_EDGE('',*,*,#3447,.F.);
#3630=CARTESIAN_POINT('',(-113.947990942,-48.247438779,24.457459202));
#3631=DIRECTION('',(-0.707106781,0.,0.707106781));
#3632=VECTOR('',#3631,0.282842712);
#3633=LINE('',#3630,#3632);
#3634=EDGE_CURVE('',#291,#141,#3633,.T.);
#3635=ORIENTED_EDGE('',*,*,#3634,.F.);
#3636=ORIENTED_EDGE('',*,*,#297,.F.);
#3637=EDGE_LOOP('',(#3628,#3629,#3635,#3636));
#3638=FACE_BOUND('',#3637,.T.);
#3639=ADVANCED_FACE('',(#3638),#3627,.F.);
#3640=CARTESIAN_POINT('',(-113.947990942,0.,24.457459202));
#3641=DIRECTION('',(0.707106781,-0.,0.707106781));
#3642=DIRECTION('',(0.,1.,0.));
#3643=AXIS2_PLACEMENT_3D('',#3640,#3641,#3642);
#3644=PLANE('',#3643);
#3645=ORIENTED_EDGE('',*,*,#3634,.T.);
#3646=ORIENTED_EDGE('',*,*,#170,.F.);
#3647=CARTESIAN_POINT('',(-113.947990942,-33.197438779,24.457459202));
#3648=DIRECTION('',(-0.707106781,0.,0.707106781));
#3649=VECTOR('',#3648,0.282842712);
#3650=LINE('',#3647,#3649);
#3651=EDGE_CURVE('',#300,#159,#3650,.T.);
#3652=ORIENTED_EDGE('',*,*,#3651,.F.);
#3653=ORIENTED_EDGE('',*,*,#305,.F.);
#3654=EDGE_LOOP('',(#3645,#3646,#3652,#3653));
#3655=FACE_BOUND('',#3654,.T.);
#3656=ADVANCED_FACE('',(#3655),#3644,.F.);
#3657=CARTESIAN_POINT('',(-112.147990942,-33.197438779,24.457459202));
#3658=DIRECTION('',(0.,0.,1.));
#3659=DIRECTION('',(1.,0.,-0.));
#3660=AXIS2_PLACEMENT_3D('',#3657,#3658,#3659);
#3661=CONICAL_SURFACE('',#3660,1.8,45.);
#3662=ORIENTED_EDGE('',*,*,#3651,.T.);
#3663=ORIENTED_EDGE('',*,*,#3543,.F.);
#3664=CARTESIAN_POINT('',(-112.147990942,-31.397438779,24.457459202));
#3665=DIRECTION('',(0.,0.707106781,0.707106781));
#3666=VECTOR('',#3665,0.282842712);
#3667=LINE('',#3664,#3666);
#3668=EDGE_CURVE('',#308,#101,#3667,.T.);
#3669=ORIENTED_EDGE('',*,*,#3668,.F.);
#3670=ORIENTED_EDGE('',*,*,#314,.F.);
#3671=EDGE_LOOP('',(#3662,#3663,#3669,#3670));
#3672=FACE_BOUND('',#3671,.T.);
#3673=ADVANCED_FACE('',(#3672),#3661,.T.);
#3674=CARTESIAN_POINT('',(-0.,-31.397438779,24.457459202));
#3675=DIRECTION('',(-0.,-0.707106781,0.707106781));
#3676=DIRECTION('',(1.,-0.,0.));
#3677=AXIS2_PLACEMENT_3D('',#3674,#3675,#3676);
#3678=PLANE('',#3677);
#3679=ORIENTED_EDGE('',*,*,#3668,.T.);
#3680=ORIENTED_EDGE('',*,*,#130,.F.);
#3681=CARTESIAN_POINT('',(-97.097990942,-31.397438779,24.457459202));
#3682=DIRECTION('',(0.,0.707106781,0.707106781));
#3683=VECTOR('',#3682,0.282842712);
#3684=LINE('',#3681,#3683);
#3685=EDGE_CURVE('',#317,#119,#3684,.T.);
#3686=ORIENTED_EDGE('',*,*,#3685,.F.);
#3687=ORIENTED_EDGE('',*,*,#322,.F.);
#3688=EDGE_LOOP('',(#3679,#3680,#3686,#3687));
#3689=FACE_BOUND('',#3688,.T.);
#3690=ADVANCED_FACE('',(#3689),#3678,.F.);
#3691=CARTESIAN_POINT('',(-97.097990942,-33.197438779,24.457459202));
#3692=DIRECTION('',(0.,0.,1.));
#3693=DIRECTION('',(1.,0.,-0.));
#3694=AXIS2_PLACEMENT_3D('',#3691,#3692,#3693);
#3695=CONICAL_SURFACE('',#3694,1.8,45.);
#3696=ORIENTED_EDGE('',*,*,#3685,.T.);
#3697=ORIENTED_EDGE('',*,*,#3399,.F.);
#3698=CARTESIAN_POINT('',(-95.297990942,-33.197438779,24.457459202));
#3699=DIRECTION('',(0.707106781,0.,0.707106781));
#3700=VECTOR('',#3699,0.282842712);
#3701=LINE('',#3698,#3700);
#3702=EDGE_CURVE('',#325,#61,#3701,.T.);
#3703=ORIENTED_EDGE('',*,*,#3702,.F.);
#3704=ORIENTED_EDGE('',*,*,#331,.F.);
#3705=EDGE_LOOP('',(#3696,#3697,#3703,#3704));
#3706=FACE_BOUND('',#3705,.T.);
#3707=ADVANCED_FACE('',(#3706),#3695,.T.);
#3708=CARTESIAN_POINT('',(-95.297990942,0.,24.457459202));
#3709=DIRECTION('',(-0.707106781,-0.,0.707106781));
#3710=DIRECTION('',(0.,-1.,-0.));
#3711=AXIS2_PLACEMENT_3D('',#3708,#3709,#3710);
#3712=PLANE('',#3711);
#3713=ORIENTED_EDGE('',*,*,#3702,.T.);
#3714=ORIENTED_EDGE('',*,*,#90,.F.);
#3715=CARTESIAN_POINT('',(-95.297990942,-48.247438779,24.457459202));
#3716=DIRECTION('',(0.707106781,0.,0.707106781));
#3717=VECTOR('',#3716,0.282842712);
#3718=LINE('',#3715,#3717);
#3719=EDGE_CURVE('',#334,#79,#3718,.T.);
#3720=ORIENTED_EDGE('',*,*,#3719,.F.);
#3721=ORIENTED_EDGE('',*,*,#339,.F.);
#3722=EDGE_LOOP('',(#3713,#3714,#3720,#3721));
#3723=FACE_BOUND('',#3722,.T.);
#3724=ADVANCED_FACE('',(#3723),#3712,.F.);
#3725=CARTESIAN_POINT('',(-93.097990942,-48.247438779,24.457459202));
#3726=DIRECTION('',(0.,0.,-1.));
#3727=DIRECTION('',(-1.,0.,0.));
#3728=AXIS2_PLACEMENT_3D('',#3725,#3726,#3727);
#3729=CONICAL_SURFACE('',#3728,2.2,45.);
#3730=ORIENTED_EDGE('',*,*,#3719,.T.);
#3731=ORIENTED_EDGE('',*,*,#3495,.F.);
#3732=CARTESIAN_POINT('',(-93.097990942,-50.447438779,24.457459202));
#3733=DIRECTION('',(0.,0.707106781,0.707106781));
#3734=VECTOR('',#3733,0.282842712);
#3735=LINE('',#3732,#3734);
#3736=EDGE_CURVE('',#342,#1607,#3735,.T.);
#3737=ORIENTED_EDGE('',*,*,#3736,.F.);
#3738=ORIENTED_EDGE('',*,*,#348,.F.);
#3739=EDGE_LOOP('',(#3730,#3731,#3737,#3738));
#3740=FACE_BOUND('',#3739,.T.);
#3741=ADVANCED_FACE('',(#3740),#3729,.F.);
#3742=CARTESIAN_POINT('',(0.3,-50.247438779,24.657459202));
#3743=DIRECTION('',(0.,0.707106781,-0.707106781));
#3744=DIRECTION('',(1.,0.,0.));
#3745=AXIS2_PLACEMENT_3D('',#3742,#3743,#3744);
#3746=PLANE('',#3745);
#3747=ORIENTED_EDGE('',*,*,#3736,.T.);
#3748=ORIENTED_EDGE('',*,*,#1636,.F.);
#3749=CARTESIAN_POINT('',(93.417627251,-50.447438779,24.457459202));
#3750=DIRECTION('',(0.,0.707106781,0.707106781));
#3751=VECTOR('',#3750,0.282842712);
#3752=LINE('',#3749,#3751);
#3753=EDGE_CURVE('',#351,#1625,#3752,.T.);
#3754=ORIENTED_EDGE('',*,*,#3753,.F.);
#3755=ORIENTED_EDGE('',*,*,#356,.F.);
#3756=EDGE_LOOP('',(#3747,#3748,#3754,#3755));
#3757=FACE_BOUND('',#3756,.T.);
#3758=ADVANCED_FACE('',(#3757),#3746,.T.);
#3759=CARTESIAN_POINT('',(93.417627251,-48.247438779,24.457459202));
#3760=DIRECTION('',(0.,0.,-1.));
#3761=DIRECTION('',(-1.,0.,0.));
#3762=AXIS2_PLACEMENT_3D('',#3759,#3760,#3761);
#3763=CONICAL_SURFACE('',#3762,2.2,45.);
#3764=ORIENTED_EDGE('',*,*,#3753,.T.);
#3765=ORIENTED_EDGE('',*,*,#3471,.F.);
#3766=CARTESIAN_POINT('',(95.617627251,-48.247438779,24.457459202));
#3767=DIRECTION('',(-0.707106781,0.,0.707106781));
#3768=VECTOR('',#3767,0.282842712);
#3769=LINE('',#3766,#3768);
#3770=EDGE_CURVE('',#359,#3346,#3769,.T.);
#3771=ORIENTED_EDGE('',*,*,#3770,.F.);
#3772=ORIENTED_EDGE('',*,*,#365,.F.);
#3773=EDGE_LOOP('',(#3764,#3765,#3771,#3772));
#3774=FACE_BOUND('',#3773,.T.);
#3775=ADVANCED_FACE('',(#3774),#3763,.F.);
#3776=CARTESIAN_POINT('',(95.617627251,0.,24.457459202));
#3777=DIRECTION('',(0.707106781,-0.,0.707106781));
#3778=DIRECTION('',(-0.,1.,0.));
#3779=AXIS2_PLACEMENT_3D('',#3776,#3777,#3778);
#3780=PLANE('',#3779);
#3781=ORIENTED_EDGE('',*,*,#3770,.T.);
#3782=ORIENTED_EDGE('',*,*,#3375,.F.);
#3783=CARTESIAN_POINT('',(95.617627251,-33.197438779,24.457459202));
#3784=DIRECTION('',(-0.707106781,0.,0.707106781));
#3785=VECTOR('',#3784,0.282842712);
#3786=LINE('',#3783,#3785);
#3787=EDGE_CURVE('',#368,#3364,#3786,.T.);
#3788=ORIENTED_EDGE('',*,*,#3787,.F.);
#3789=ORIENTED_EDGE('',*,*,#373,.F.);
#3790=EDGE_LOOP('',(#3781,#3782,#3788,#3789));
#3791=FACE_BOUND('',#3790,.T.);
#3792=ADVANCED_FACE('',(#3791),#3780,.F.);
#3793=CARTESIAN_POINT('',(97.417627251,-33.197438779,24.457459202));
#3794=DIRECTION('',(0.,0.,1.));
#3795=DIRECTION('',(1.,0.,-0.));
#3796=AXIS2_PLACEMENT_3D('',#3793,#3794,#3795);
#3797=CONICAL_SURFACE('',#3796,1.8,45.);
#3798=ORIENTED_EDGE('',*,*,#3787,.T.);
#3799=ORIENTED_EDGE('',*,*,#3423,.F.);
#3800=CARTESIAN_POINT('',(97.417627251,-31.397438779,24.457459202));
#3801=DIRECTION('',(0.,0.707106781,0.707106781));
#3802=VECTOR('',#3801,0.282842712);
#3803=LINE('',#3800,#3802);
#3804=EDGE_CURVE('',#376,#3306,#3803,.T.);
#3805=ORIENTED_EDGE('',*,*,#3804,.F.);
#3806=ORIENTED_EDGE('',*,*,#382,.F.);
#3807=EDGE_LOOP('',(#3798,#3799,#3805,#3806));
#3808=FACE_BOUND('',#3807,.T.);
#3809=ADVANCED_FACE('',(#3808),#3797,.T.);
#3810=CARTESIAN_POINT('',(-0.,-31.397438779,24.457459202));
#3811=DIRECTION('',(-0.,-0.707106781,0.707106781));
#3812=DIRECTION('',(1.,-0.,-0.));
#3813=AXIS2_PLACEMENT_3D('',#3810,#3811,#3812);
#3814=PLANE('',#3813);
#3815=ORIENTED_EDGE('',*,*,#3804,.T.);
#3816=ORIENTED_EDGE('',*,*,#3335,.F.);
#3817=CARTESIAN_POINT('',(112.467627251,-31.397438779,24.457459202));
#3818=DIRECTION('',(0.,0.707106781,0.707106781));
#3819=VECTOR('',#3818,0.282842712);
#3820=LINE('',#3817,#3819);
#3821=EDGE_CURVE('',#385,#3324,#3820,.T.);
#3822=ORIENTED_EDGE('',*,*,#3821,.F.);
#3823=ORIENTED_EDGE('',*,*,#390,.F.);
#3824=EDGE_LOOP('',(#3815,#3816,#3822,#3823));
#3825=FACE_BOUND('',#3824,.T.);
#3826=ADVANCED_FACE('',(#3825),#3814,.F.);
#3827=CARTESIAN_POINT('',(112.467627251,-33.197438779,24.457459202));
#3828=DIRECTION('',(0.,0.,1.));
#3829=DIRECTION('',(1.,0.,-0.));
#3830=AXIS2_PLACEMENT_3D('',#3827,#3828,#3829);
#3831=CONICAL_SURFACE('',#3830,1.8,45.);
#3832=ORIENTED_EDGE('',*,*,#3821,.T.);
#3833=ORIENTED_EDGE('',*,*,#3519,.F.);
#3834=CARTESIAN_POINT('',(114.267627251,-33.197438779,24.457459202));
#3835=DIRECTION('',(0.707106781,0.,0.707106781));
#3836=VECTOR('',#3835,0.282842712);
#3837=LINE('',#3834,#3836);
#3838=EDGE_CURVE('',#393,#3266,#3837,.T.);
#3839=ORIENTED_EDGE('',*,*,#3838,.F.);
#3840=ORIENTED_EDGE('',*,*,#399,.F.);
#3841=EDGE_LOOP('',(#3832,#3833,#3839,#3840));
#3842=FACE_BOUND('',#3841,.T.);
#3843=ADVANCED_FACE('',(#3842),#3831,.T.);
#3844=CARTESIAN_POINT('',(114.267627251,0.,24.457459202));
#3845=DIRECTION('',(-0.707106781,-0.,0.707106781));
#3846=DIRECTION('',(0.,-1.,-0.));
#3847=AXIS2_PLACEMENT_3D('',#3844,#3845,#3846);
#3848=PLANE('',#3847);
#3849=ORIENTED_EDGE('',*,*,#3838,.T.);
#3850=ORIENTED_EDGE('',*,*,#3295,.F.);
#3851=CARTESIAN_POINT('',(114.267627251,-48.247438779,24.457459202));
#3852=DIRECTION('',(0.707106781,0.,0.707106781));
#3853=VECTOR('',#3852,0.282842712);
#3854=LINE('',#3851,#3853);
#3855=EDGE_CURVE('',#402,#3284,#3854,.T.);
#3856=ORIENTED_EDGE('',*,*,#3855,.F.);
#3857=ORIENTED_EDGE('',*,*,#407,.F.);
#3858=EDGE_LOOP('',(#3849,#3850,#3856,#3857));
#3859=FACE_BOUND('',#3858,.T.);
#3860=ADVANCED_FACE('',(#3859),#3848,.F.);
#3861=CARTESIAN_POINT('',(116.467627251,-48.247438779,24.457459202));
#3862=DIRECTION('',(0.,0.,-1.));
#3863=DIRECTION('',(-1.,0.,0.));
#3864=AXIS2_PLACEMENT_3D('',#3861,#3862,#3863);
#3865=CONICAL_SURFACE('',#3864,2.2,45.);
#3866=ORIENTED_EDGE('',*,*,#3855,.T.);
#3867=ORIENTED_EDGE('',*,*,#3567,.F.);
#3868=CARTESIAN_POINT('',(116.467627251,-50.447438779,24.457459202));
#3869=DIRECTION('',(0.,0.707106781,0.707106781));
#3870=VECTOR('',#3869,0.282842712);
#3871=LINE('',#3868,#3870);
#3872=EDGE_CURVE('',#410,#717,#3871,.T.);
#3873=ORIENTED_EDGE('',*,*,#3872,.F.);
#3874=ORIENTED_EDGE('',*,*,#416,.F.);
#3875=EDGE_LOOP('',(#3866,#3867,#3873,#3874));
#3876=FACE_BOUND('',#3875,.T.);
#3877=ADVANCED_FACE('',(#3876),#3865,.F.);
#3878=CARTESIAN_POINT('',(0.3,-50.247438779,24.657459202));
#3879=DIRECTION('',(0.,0.707106781,-0.707106781));
#3880=DIRECTION('',(1.,0.,0.));
#3881=AXIS2_PLACEMENT_3D('',#3878,#3879,#3880);
#3882=PLANE('',#3881);
#3883=ORIENTED_EDGE('',*,*,#3872,.T.);
#3884=ORIENTED_EDGE('',*,*,#746,.F.);
#3885=CARTESIAN_POINT('',(141.9198,-50.447438779,24.457459202));
#3886=DIRECTION('',(0.,0.707106781,0.707106781));
#3887=VECTOR('',#3886,0.282842712);
#3888=LINE('',#3885,#3887);
#3889=EDGE_CURVE('',#181,#735,#3888,.T.);
#3890=ORIENTED_EDGE('',*,*,#3889,.F.);
#3891=ORIENTED_EDGE('',*,*,#422,.F.);
#3892=EDGE_LOOP('',(#3883,#3884,#3890,#3891));
#3893=FACE_BOUND('',#3892,.T.);
#3894=ADVANCED_FACE('',(#3893),#3882,.T.);
#3895=CARTESIAN_POINT('',(141.9198,-48.247438779,24.457459202));
#3896=DIRECTION('',(0.,0.,-1.));
#3897=DIRECTION('',(-1.,0.,0.));
#3898=AXIS2_PLACEMENT_3D('',#3895,#3896,#3897);
#3899=CONICAL_SURFACE('',#3898,2.2,45.);
#3900=ORIENTED_EDGE('',*,*,#3889,.T.);
#3901=ORIENTED_EDGE('',*,*,#2577,.F.);
#3902=CARTESIAN_POINT('',(144.1198,-48.247438779,24.457459202));
#3903=DIRECTION('',(-0.707106781,0.,0.707106781));
#3904=VECTOR('',#3903,0.282842712);
#3905=LINE('',#3902,#3904);
#3906=EDGE_CURVE('',#183,#822,#3905,.T.);
#3907=ORIENTED_EDGE('',*,*,#3906,.F.);
#3908=ORIENTED_EDGE('',*,*,#189,.F.);
#3909=EDGE_LOOP('',(#3900,#3901,#3907,#3908));
#3910=FACE_BOUND('',#3909,.T.);
#3911=ADVANCED_FACE('',(#3910),#3899,.F.);
#3912=CARTESIAN_POINT('',(143.9198,-2.003388779,24.657459202));
#3913=DIRECTION('',(-0.707106781,0.,-0.707106781));
#3914=DIRECTION('',(0.,1.,0.));
#3915=AXIS2_PLACEMENT_3D('',#3912,#3913,#3914);
#3916=PLANE('',#3915);
#3917=ORIENTED_EDGE('',*,*,#2019,.F.);
#3918=ORIENTED_EDGE('',*,*,#197,.F.);
#3919=ORIENTED_EDGE('',*,*,#3906,.T.);
#3920=ORIENTED_EDGE('',*,*,#867,.F.);
#3921=EDGE_LOOP('',(#3917,#3918,#3919,#3920));
#3922=FACE_BOUND('',#3921,.T.);
#3923=ADVANCED_FACE('',(#3922),#3916,.T.);
#3924=CARTESIAN_POINT('',(-143.3198,-2.003388779,29.657459202));
#3925=DIRECTION('',(-0.707106781,0.,-0.707106781));
#3926=DIRECTION('',(0.,-1.,-0.));
#3927=AXIS2_PLACEMENT_3D('',#3924,#3925,#3926);
#3928=PLANE('',#3927);
#3929=ORIENTED_EDGE('',*,*,#2616,.F.);
#3930=ORIENTED_EDGE('',*,*,#618,.F.);
#3931=CARTESIAN_POINT('',(-143.3198,-48.247438779,29.657459202));
#3932=DIRECTION('',(-0.707106781,0.,0.707106781));
#3933=VECTOR('',#3932,0.848528137);
#3934=LINE('',#3931,#3933);
#3935=EDGE_CURVE('',#968,#604,#3934,.T.);
#3936=ORIENTED_EDGE('',*,*,#3935,.F.);
#3937=ORIENTED_EDGE('',*,*,#973,.F.);
#3938=EDGE_LOOP('',(#3929,#3930,#3936,#3937));
#3939=FACE_BOUND('',#3938,.T.);
#3940=ADVANCED_FACE('',(#3939),#3928,.F.);
#3941=CARTESIAN_POINT('',(-141.3198,-48.247438779,29.657459202));
#3942=DIRECTION('',(0.,0.,1.));
#3943=DIRECTION('',(1.,0.,-0.));
#3944=AXIS2_PLACEMENT_3D('',#3941,#3942,#3943);
#3945=CONICAL_SURFACE('',#3944,2.,45.);
#3946=ORIENTED_EDGE('',*,*,#3935,.T.);
#3947=ORIENTED_EDGE('',*,*,#610,.F.);
#3948=CARTESIAN_POINT('',(-141.3198,-50.247438779,29.657459202));
#3949=DIRECTION('',(0.,-0.707106781,0.707106781));
#3950=VECTOR('',#3949,0.848528137);
#3951=LINE('',#3948,#3950);
#3952=EDGE_CURVE('',#677,#596,#3951,.T.);
#3953=ORIENTED_EDGE('',*,*,#3952,.F.);
#3954=ORIENTED_EDGE('',*,*,#2593,.F.);
#3955=EDGE_LOOP('',(#3946,#3947,#3953,#3954));
#3956=FACE_BOUND('',#3955,.T.);
#3957=ADVANCED_FACE('',(#3956),#3945,.F.);
#3958=CARTESIAN_POINT('',(0.,-50.847438779,30.257459202));
#3959=DIRECTION('',(0.,-0.707106781,-0.707106781));
#3960=DIRECTION('',(-1.,0.,0.));
#3961=AXIS2_PLACEMENT_3D('',#3958,#3959,#3960);
#3962=PLANE('',#3961);
#3963=ORIENTED_EDGE('',*,*,#3952,.T.);
#3964=ORIENTED_EDGE('',*,*,#601,.F.);
#3965=CARTESIAN_POINT('',(-116.147990942,-50.247438779,29.657459202));
#3966=DIRECTION('',(0.,-0.707106781,0.707106781));
#3967=VECTOR('',#3966,0.848528137);
#3968=LINE('',#3965,#3967);
#3969=EDGE_CURVE('',#687,#587,#3968,.T.);
#3970=ORIENTED_EDGE('',*,*,#3969,.F.);
#3971=ORIENTED_EDGE('',*,*,#692,.F.);
#3972=EDGE_LOOP('',(#3963,#3964,#3970,#3971));
#3973=FACE_BOUND('',#3972,.T.);
#3974=ADVANCED_FACE('',(#3973),#3962,.F.);
#3975=CARTESIAN_POINT('',(-116.147990942,-48.247438779,29.657459202));
#3976=DIRECTION('',(0.,0.,1.));
#3977=DIRECTION('',(1.,0.,-0.));
#3978=AXIS2_PLACEMENT_3D('',#3975,#3976,#3977);
#3979=CONICAL_SURFACE('',#3978,2.,45.);
#3980=ORIENTED_EDGE('',*,*,#3969,.T.);
#3981=ORIENTED_EDGE('',*,*,#593,.F.);
#3982=CARTESIAN_POINT('',(-114.147990942,-48.247438779,29.657459202));
#3983=DIRECTION('',(0.707106781,0.,0.707106781));
#3984=VECTOR('',#3983,0.848528137);
#3985=LINE('',#3982,#3984);
#3986=EDGE_CURVE('',#143,#579,#3985,.T.);
#3987=ORIENTED_EDGE('',*,*,#3986,.F.);
#3988=ORIENTED_EDGE('',*,*,#3439,.F.);
#3989=EDGE_LOOP('',(#3980,#3981,#3987,#3988));
#3990=FACE_BOUND('',#3989,.T.);
#3991=ADVANCED_FACE('',(#3990),#3979,.F.);
#3992=CARTESIAN_POINT('',(-114.147990942,-40.722438779,29.657459202));
#3993=DIRECTION('',(-0.707106781,-0.,0.707106781));
#3994=DIRECTION('',(0.,-1.,-0.));
#3995=AXIS2_PLACEMENT_3D('',#3992,#3993,#3994);
#3996=PLANE('',#3995);
#3997=ORIENTED_EDGE('',*,*,#3986,.T.);
#3998=ORIENTED_EDGE('',*,*,#584,.F.);
#3999=CARTESIAN_POINT('',(-114.147990942,-33.197438779,29.657459202));
#4000=DIRECTION('',(0.707106781,0.,0.707106781));
#4001=VECTOR('',#4000,0.848528137);
#4002=LINE('',#3999,#4001);
#4003=EDGE_CURVE('',#151,#570,#4002,.T.);
#4004=ORIENTED_EDGE('',*,*,#4003,.F.);
#4005=ORIENTED_EDGE('',*,*,#156,.F.);
#4006=EDGE_LOOP('',(#3997,#3998,#4004,#4005));
#4007=FACE_BOUND('',#4006,.T.);
#4008=ADVANCED_FACE('',(#4007),#3996,.T.);
#4009=CARTESIAN_POINT('',(-112.147990942,-33.197438779,30.257459202));
#4010=DIRECTION('',(0.,0.,-1.));
#4011=DIRECTION('',(-1.,0.,0.));
#4012=AXIS2_PLACEMENT_3D('',#4009,#4010,#4011);
#4013=CONICAL_SURFACE('',#4012,1.4,45.);
#4014=ORIENTED_EDGE('',*,*,#4003,.T.);
#4015=ORIENTED_EDGE('',*,*,#576,.F.);
#4016=CARTESIAN_POINT('',(-112.147990942,-31.197438779,29.657459202));
#4017=DIRECTION('',(0.,-0.707106781,0.707106781));
#4018=VECTOR('',#4017,0.848528137);
#4019=LINE('',#4016,#4018);
#4020=EDGE_CURVE('',#103,#562,#4019,.T.);
#4021=ORIENTED_EDGE('',*,*,#4020,.F.);
#4022=ORIENTED_EDGE('',*,*,#3535,.F.);
#4023=EDGE_LOOP('',(#4014,#4015,#4021,#4022));
#4024=FACE_BOUND('',#4023,.T.);
#4025=ADVANCED_FACE('',(#4024),#4013,.T.);
#4026=CARTESIAN_POINT('',(-104.622990942,-31.197438779,29.657459202));
#4027=DIRECTION('',(0.,0.707106781,0.707106781));
#4028=DIRECTION('',(-1.,0.,-0.));
#4029=AXIS2_PLACEMENT_3D('',#4026,#4027,#4028);
#4030=PLANE('',#4029);
#4031=ORIENTED_EDGE('',*,*,#4020,.T.);
#4032=ORIENTED_EDGE('',*,*,#567,.F.);
#4033=CARTESIAN_POINT('',(-97.097990942,-31.197438779,29.657459202));
#4034=DIRECTION('',(0.,-0.707106781,0.707106781));
#4035=VECTOR('',#4034,0.848528137);
#4036=LINE('',#4033,#4035);
#4037=EDGE_CURVE('',#111,#553,#4036,.T.);
#4038=ORIENTED_EDGE('',*,*,#4037,.F.);
#4039=ORIENTED_EDGE('',*,*,#116,.F.);
#4040=EDGE_LOOP('',(#4031,#4032,#4038,#4039));
#4041=FACE_BOUND('',#4040,.T.);
#4042=ADVANCED_FACE('',(#4041),#4030,.T.);
#4043=CARTESIAN_POINT('',(-97.097990942,-33.197438779,30.257459202));
#4044=DIRECTION('',(0.,0.,-1.));
#4045=DIRECTION('',(-1.,0.,0.));
#4046=AXIS2_PLACEMENT_3D('',#4043,#4044,#4045);
#4047=CONICAL_SURFACE('',#4046,1.4,45.);
#4048=ORIENTED_EDGE('',*,*,#4037,.T.);
#4049=ORIENTED_EDGE('',*,*,#559,.F.);
#4050=CARTESIAN_POINT('',(-95.097990942,-33.197438779,29.657459202));
#4051=DIRECTION('',(-0.707106781,0.,0.707106781));
#4052=VECTOR('',#4051,0.848528137);
#4053=LINE('',#4050,#4052);
#4054=EDGE_CURVE('',#63,#545,#4053,.T.);
#4055=ORIENTED_EDGE('',*,*,#4054,.F.);
#4056=ORIENTED_EDGE('',*,*,#3391,.F.);
#4057=EDGE_LOOP('',(#4048,#4049,#4055,#4056));
#4058=FACE_BOUND('',#4057,.T.);
#4059=ADVANCED_FACE('',(#4058),#4047,.T.);
#4060=CARTESIAN_POINT('',(-95.097990942,-40.722438779,29.657459202));
#4061=DIRECTION('',(0.707106781,-0.,0.707106781));
#4062=DIRECTION('',(0.,1.,0.));
#4063=AXIS2_PLACEMENT_3D('',#4060,#4061,#4062);
#4064=PLANE('',#4063);
#4065=ORIENTED_EDGE('',*,*,#4054,.T.);
#4066=ORIENTED_EDGE('',*,*,#550,.F.);
#4067=CARTESIAN_POINT('',(-95.097990942,-48.247438779,29.657459202));
#4068=DIRECTION('',(-0.707106781,0.,0.707106781));
#4069=VECTOR('',#4068,0.848528137);
#4070=LINE('',#4067,#4069);
#4071=EDGE_CURVE('',#71,#536,#4070,.T.);
#4072=ORIENTED_EDGE('',*,*,#4071,.F.);
#4073=ORIENTED_EDGE('',*,*,#76,.F.);
#4074=EDGE_LOOP('',(#4065,#4066,#4072,#4073));
#4075=FACE_BOUND('',#4074,.T.);
#4076=ADVANCED_FACE('',(#4075),#4064,.T.);
#4077=CARTESIAN_POINT('',(-93.097990942,-48.247438779,29.657459202));
#4078=DIRECTION('',(0.,0.,1.));
#4079=DIRECTION('',(1.,0.,-0.));
#4080=AXIS2_PLACEMENT_3D('',#4077,#4078,#4079);
#4081=CONICAL_SURFACE('',#4080,2.,45.);
#4082=ORIENTED_EDGE('',*,*,#4071,.T.);
#4083=ORIENTED_EDGE('',*,*,#542,.F.);
#4084=CARTESIAN_POINT('',(-93.097990942,-50.247438779,29.657459202));
#4085=DIRECTION('',(0.,-0.707106781,0.707106781));
#4086=VECTOR('',#4085,0.848528137);
#4087=LINE('',#4084,#4086);
#4088=EDGE_CURVE('',#1609,#528,#4087,.T.);
#4089=ORIENTED_EDGE('',*,*,#4088,.F.);
#4090=ORIENTED_EDGE('',*,*,#3487,.F.);
#4091=EDGE_LOOP('',(#4082,#4083,#4089,#4090));
#4092=FACE_BOUND('',#4091,.T.);
#4093=ADVANCED_FACE('',(#4092),#4081,.F.);
#4094=CARTESIAN_POINT('',(0.,-50.847438779,30.257459202));
#4095=DIRECTION('',(0.,-0.707106781,-0.707106781));
#4096=DIRECTION('',(-1.,0.,0.));
#4097=AXIS2_PLACEMENT_3D('',#4094,#4095,#4096);
#4098=PLANE('',#4097);
#4099=ORIENTED_EDGE('',*,*,#4088,.T.);
#4100=ORIENTED_EDGE('',*,*,#533,.F.);
#4101=CARTESIAN_POINT('',(93.417627251,-50.247438779,29.657459202));
#4102=DIRECTION('',(0.,-0.707106781,0.707106781));
#4103=VECTOR('',#4102,0.848528137);
#4104=LINE('',#4101,#4103);
#4105=EDGE_CURVE('',#1617,#519,#4104,.T.);
#4106=ORIENTED_EDGE('',*,*,#4105,.F.);
#4107=ORIENTED_EDGE('',*,*,#1622,.F.);
#4108=EDGE_LOOP('',(#4099,#4100,#4106,#4107));
#4109=FACE_BOUND('',#4108,.T.);
#4110=ADVANCED_FACE('',(#4109),#4098,.F.);
#4111=CARTESIAN_POINT('',(93.417627251,-48.247438779,29.657459202));
#4112=DIRECTION('',(0.,0.,1.));
#4113=DIRECTION('',(1.,0.,-0.));
#4114=AXIS2_PLACEMENT_3D('',#4111,#4112,#4113);
#4115=CONICAL_SURFACE('',#4114,2.,45.);
#4116=ORIENTED_EDGE('',*,*,#4105,.T.);
#4117=ORIENTED_EDGE('',*,*,#525,.F.);
#4118=CARTESIAN_POINT('',(95.417627251,-48.247438779,29.657459202));
#4119=DIRECTION('',(0.707106781,0.,0.707106781));
#4120=VECTOR('',#4119,0.848528137);
#4121=LINE('',#4118,#4120);
#4122=EDGE_CURVE('',#3348,#511,#4121,.T.);
#4123=ORIENTED_EDGE('',*,*,#4122,.F.);
#4124=ORIENTED_EDGE('',*,*,#3463,.F.);
#4125=EDGE_LOOP('',(#4116,#4117,#4123,#4124));
#4126=FACE_BOUND('',#4125,.T.);
#4127=ADVANCED_FACE('',(#4126),#4115,.F.);
#4128=CARTESIAN_POINT('',(95.417627251,-32.295744389,29.657459202));
#4129=DIRECTION('',(-0.707106781,-0.,0.707106781));
#4130=DIRECTION('',(-0.,-1.,-0.));
#4131=AXIS2_PLACEMENT_3D('',#4128,#4129,#4130);
#4132=PLANE('',#4131);
#4133=ORIENTED_EDGE('',*,*,#4122,.T.);
#4134=ORIENTED_EDGE('',*,*,#516,.F.);
#4135=CARTESIAN_POINT('',(95.417627251,-33.197438779,29.657459202));
#4136=DIRECTION('',(0.707106781,0.,0.707106781));
#4137=VECTOR('',#4136,0.848528137);
#4138=LINE('',#4135,#4137);
#4139=EDGE_CURVE('',#3356,#502,#4138,.T.);
#4140=ORIENTED_EDGE('',*,*,#4139,.F.);
#4141=ORIENTED_EDGE('',*,*,#3361,.F.);
#4142=EDGE_LOOP('',(#4133,#4134,#4140,#4141));
#4143=FACE_BOUND('',#4142,.T.);
#4144=ADVANCED_FACE('',(#4143),#4132,.T.);
#4145=CARTESIAN_POINT('',(97.417627251,-33.197438779,30.257459202));
#4146=DIRECTION('',(0.,0.,-1.));
#4147=DIRECTION('',(-1.,0.,0.));
#4148=AXIS2_PLACEMENT_3D('',#4145,#4146,#4147);
#4149=CONICAL_SURFACE('',#4148,1.4,45.);
#4150=ORIENTED_EDGE('',*,*,#4139,.T.);
#4151=ORIENTED_EDGE('',*,*,#508,.F.);
#4152=CARTESIAN_POINT('',(97.417627251,-31.197438779,29.657459202));
#4153=DIRECTION('',(0.,-0.707106781,0.707106781));
#4154=VECTOR('',#4153,0.848528137);
#4155=LINE('',#4152,#4154);
#4156=EDGE_CURVE('',#3308,#494,#4155,.T.);
#4157=ORIENTED_EDGE('',*,*,#4156,.F.);
#4158=ORIENTED_EDGE('',*,*,#3415,.F.);
#4159=EDGE_LOOP('',(#4150,#4151,#4157,#4158));
#4160=FACE_BOUND('',#4159,.T.);
#4161=ADVANCED_FACE('',(#4160),#4149,.T.);
#4162=CARTESIAN_POINT('',(104.942627251,-31.197438779,29.657459202));
#4163=DIRECTION('',(0.,0.707106781,0.707106781));
#4164=DIRECTION('',(-1.,0.,0.));
#4165=AXIS2_PLACEMENT_3D('',#4162,#4163,#4164);
#4166=PLANE('',#4165);
#4167=ORIENTED_EDGE('',*,*,#4156,.T.);
#4168=ORIENTED_EDGE('',*,*,#499,.F.);
#4169=CARTESIAN_POINT('',(112.467627251,-31.197438779,29.657459202));
#4170=DIRECTION('',(0.,-0.707106781,0.707106781));
#4171=VECTOR('',#4170,0.848528137);
#4172=LINE('',#4169,#4171);
#4173=EDGE_CURVE('',#3316,#485,#4172,.T.);
#4174=ORIENTED_EDGE('',*,*,#4173,.F.);
#4175=ORIENTED_EDGE('',*,*,#3321,.F.);
#4176=EDGE_LOOP('',(#4167,#4168,#4174,#4175));
#4177=FACE_BOUND('',#4176,.T.);
#4178=ADVANCED_FACE('',(#4177),#4166,.T.);
#4179=CARTESIAN_POINT('',(112.467627251,-33.197438779,30.257459202));
#4180=DIRECTION('',(0.,0.,-1.));
#4181=DIRECTION('',(-1.,0.,0.));
#4182=AXIS2_PLACEMENT_3D('',#4179,#4180,#4181);
#4183=CONICAL_SURFACE('',#4182,1.4,45.);
#4184=ORIENTED_EDGE('',*,*,#4173,.T.);
#4185=ORIENTED_EDGE('',*,*,#491,.F.);
#4186=CARTESIAN_POINT('',(114.467627251,-33.197438779,29.657459202));
#4187=DIRECTION('',(-0.707106781,0.,0.707106781));
#4188=VECTOR('',#4187,0.848528137);
#4189=LINE('',#4186,#4188);
#4190=EDGE_CURVE('',#3268,#477,#4189,.T.);
#4191=ORIENTED_EDGE('',*,*,#4190,.F.);
#4192=ORIENTED_EDGE('',*,*,#3511,.F.);
#4193=EDGE_LOOP('',(#4184,#4185,#4191,#4192));
#4194=FACE_BOUND('',#4193,.T.);
#4195=ADVANCED_FACE('',(#4194),#4183,.T.);
#4196=CARTESIAN_POINT('',(114.467627251,-40.722438779,29.657459202));
#4197=DIRECTION('',(0.707106781,0.,0.707106781));
#4198=DIRECTION('',(-0.,1.,0.));
#4199=AXIS2_PLACEMENT_3D('',#4196,#4197,#4198);
#4200=PLANE('',#4199);
#4201=ORIENTED_EDGE('',*,*,#4190,.T.);
#4202=ORIENTED_EDGE('',*,*,#482,.F.);
#4203=CARTESIAN_POINT('',(114.467627251,-48.247438779,29.657459202));
#4204=DIRECTION('',(-0.707106781,0.,0.707106781));
#4205=VECTOR('',#4204,0.848528137);
#4206=LINE('',#4203,#4205);
#4207=EDGE_CURVE('',#3276,#468,#4206,.T.);
#4208=ORIENTED_EDGE('',*,*,#4207,.F.);
#4209=ORIENTED_EDGE('',*,*,#3281,.F.);
#4210=EDGE_LOOP('',(#4201,#4202,#4208,#4209));
#4211=FACE_BOUND('',#4210,.T.);
#4212=ADVANCED_FACE('',(#4211),#4200,.T.);
#4213=CARTESIAN_POINT('',(116.467627251,-48.247438779,29.657459202));
#4214=DIRECTION('',(0.,0.,1.));
#4215=DIRECTION('',(1.,0.,-0.));
#4216=AXIS2_PLACEMENT_3D('',#4213,#4214,#4215);
#4217=CONICAL_SURFACE('',#4216,2.,45.);
#4218=ORIENTED_EDGE('',*,*,#4207,.T.);
#4219=ORIENTED_EDGE('',*,*,#474,.F.);
#4220=CARTESIAN_POINT('',(116.467627251,-50.247438779,29.657459202));
#4221=DIRECTION('',(0.,-0.707106781,0.707106781));
#4222=VECTOR('',#4221,0.848528137);
#4223=LINE('',#4220,#4222);
#4224=EDGE_CURVE('',#719,#460,#4223,.T.);
#4225=ORIENTED_EDGE('',*,*,#4224,.F.);
#4226=ORIENTED_EDGE('',*,*,#3559,.F.);
#4227=EDGE_LOOP('',(#4218,#4219,#4225,#4226));
#4228=FACE_BOUND('',#4227,.T.);
#4229=ADVANCED_FACE('',(#4228),#4217,.F.);
#4230=CARTESIAN_POINT('',(0.,-50.847438779,30.257459202));
#4231=DIRECTION('',(0.,-0.707106781,-0.707106781));
#4232=DIRECTION('',(-1.,0.,0.));
#4233=AXIS2_PLACEMENT_3D('',#4230,#4231,#4232);
#4234=PLANE('',#4233);
#4235=ORIENTED_EDGE('',*,*,#4224,.T.);
#4236=ORIENTED_EDGE('',*,*,#465,.F.);
#4237=CARTESIAN_POINT('',(141.9198,-50.247438779,29.657459202));
#4238=DIRECTION('',(0.,-0.707106781,0.707106781));
#4239=VECTOR('',#4238,0.848528137);
#4240=LINE('',#4237,#4239);
#4241=EDGE_CURVE('',#727,#451,#4240,.T.);
#4242=ORIENTED_EDGE('',*,*,#4241,.F.);
#4243=ORIENTED_EDGE('',*,*,#732,.F.);
#4244=EDGE_LOOP('',(#4235,#4236,#4242,#4243));
#4245=FACE_BOUND('',#4244,.T.);
#4246=ADVANCED_FACE('',(#4245),#4234,.F.);
#4247=CARTESIAN_POINT('',(141.9198,-48.247438779,29.657459202));
#4248=DIRECTION('',(0.,0.,1.));
#4249=DIRECTION('',(1.,0.,-0.));
#4250=AXIS2_PLACEMENT_3D('',#4247,#4248,#4249);
#4251=CONICAL_SURFACE('',#4250,2.,45.);
#4252=ORIENTED_EDGE('',*,*,#4241,.T.);
#4253=ORIENTED_EDGE('',*,*,#457,.F.);
#4254=CARTESIAN_POINT('',(143.9198,-48.247438779,29.657459202));
#4255=DIRECTION('',(0.707106781,0.,0.707106781));
#4256=VECTOR('',#4255,0.848528137);
#4257=LINE('',#4254,#4256);
#4258=EDGE_CURVE('',#824,#443,#4257,.T.);
#4259=ORIENTED_EDGE('',*,*,#4258,.F.);
#4260=ORIENTED_EDGE('',*,*,#2569,.F.);
#4261=EDGE_LOOP('',(#4252,#4253,#4259,#4260));
#4262=FACE_BOUND('',#4261,.T.);
#4263=ADVANCED_FACE('',(#4262),#4251,.F.);
#4264=CARTESIAN_POINT('',(144.5198,0.,30.257459202));
#4265=DIRECTION('',(0.707106781,0.,-0.707106781));
#4266=DIRECTION('',(0.,-1.,-0.));
#4267=AXIS2_PLACEMENT_3D('',#4264,#4265,#4266);
#4268=PLANE('',#4267);
#4269=ORIENTED_EDGE('',*,*,#2659,.F.);
#4270=ORIENTED_EDGE('',*,*,#837,.F.);
#4271=ORIENTED_EDGE('',*,*,#4258,.T.);
#4272=ORIENTED_EDGE('',*,*,#448,.F.);
#4273=EDGE_LOOP('',(#4269,#4270,#4271,#4272));
#4274=FACE_BOUND('',#4273,.T.);
#4275=ADVANCED_FACE('',(#4274),#4268,.F.);
#4276=CLOSED_SHELL('',(#94,#134,#174,#426,#670,#710,#784,#815,#871,#911,#951,#991,#1318,#1440,#1463,#1486,#1509,#1532,#1555,#1577,#1600,#1674,#1705,#1736,#1760,#1784,
#1824,#1864,#1888,#1912,#1945,#1978,#2008,#2031,#2048,#2060,#2077,#2094,#2111,#2128,#2145,#2162,#2174,#2197,#2220,#2267,#2289,#2306,#2319,#2337,#2349,
#2366,#2383,#2395,#2412,#2430,#2447,#2464,#2481,#2493,#2510,#2528,#2545,#2557,#2581,#2605,#2648,#2692,#2723,#2754,#2785,#2816,#2847,#2878,#2902,#2927,
#2958,#2989,#3020,#3062,#3127,#3139,#3151,#3163,#3175,#3187,#3199,#3211,#3223,#3235,#3247,#3259,#3299,#3339,#3379,#3403,#3427,#3451,#3475,#3499,#3523,
#3547,#3571,#3588,#3605,#3622,#3639,#3656,#3673,#3690,#3707,#3724,#3741,#3758,#3775,#3792,#3809,#3826,#3843,#3860,#3877,#3894,#3911,#3923,#3940,#3957,
#3974,#3991,#4008,#4025,#4042,#4059,#4076,#4093,#4110,#4127,#4144,#4161,#4178,#4195,#4212,#4229,#4246,#4263,#4275));
#4277=MANIFOLD_SOLID_BREP('outer_case_wkl_split_b',#4276);
#4278=COLOUR_RGB('',0.517647088,0.800000012,1.);
#4279=FILL_AREA_STYLE_COLOUR('',#4278);
#4280=FILL_AREA_STYLE('',(#4279));
#4281=SURFACE_STYLE_FILL_AREA(#4280);
#4282=SURFACE_SIDE_STYLE('',(#4281));
#4283=SURFACE_STYLE_USAGE(.BOTH.,#4282);
#4284=PRESENTATION_STYLE_ASSIGNMENT((#4283));
#54=STYLED_ITEM('',(#4284),#4277);
#35=SHAPE_REPRESENTATION('main_frame',(#15),#33);
#36=ADVANCED_BREP_SHAPE_REPRESENTATION('main_frame',(#4277),#33);
#4292=SHAPE_REPRESENTATION_RELATIONSHIP('','',#35,#36);
#4293=CARTESIAN_POINT('',(0.,0.,0.));
#4294=DIRECTION('',(0.,0.,1.));
#4295=DIRECTION('',(1.,0.,0.));
#4296=AXIS2_PLACEMENT_3D('',#4293,#4294,#4295);
#4298=MAPPED_ITEM('',#4297,#4296);
#4297=REPRESENTATION_MAP(#4296,#35);
#4299=APPLICATION_CONTEXT('Managed model based 3d engineering');
#4300=APPLICATION_PROTOCOL_DEFINITION('international standard','ap242_managed_model_based_3d_engineering',2014,#4299);
#4301=PRODUCT_CONTEXT('',#4299,'mechanical');
#4302=PRODUCT_DEFINITION_CONTEXT('part definition',#4299,'design');
#43=PRODUCT('main_frame','main_frame','',(#4301));
#4303=PRODUCT_RELATED_PRODUCT_CATEGORY('part','',(#43));
#4304=PRODUCT_DEFINITION_FORMATION_WITH_SPECIFIED_SOURCE('','',#43,.NOT_KNOWN.);
#44=PRODUCT_DEFINITION('design','',#4304,#4302);
#42=PRODUCT_DEFINITION_SHAPE('','',#44);
#4305=SHAPE_DEFINITION_REPRESENTATION(#42,#35);
#34=DRAUGHTING_MODEL('',(#4298),#33);
#16=SHAPE_REPRESENTATION('root',(#15,#48),#10);
#4306=CARTESIAN_POINT('',(0.,0.,0.));
#4307=DIRECTION('',(0.,0.,1.));
#4308=DIRECTION('',(1.,0.,0.));
#4309=AXIS2_PLACEMENT_3D('',#4306,#4307,#4308);
#4311=MAPPED_ITEM('',#4310,#4309);
#4310=REPRESENTATION_MAP(#4309,#16);
#24=PRODUCT('root','root','',(#4301));
#4312=PRODUCT_RELATED_PRODUCT_CATEGORY('part','',(#24));
#4313=PRODUCT_DEFINITION_FORMATION_WITH_SPECIFIED_SOURCE('','',#24,.NOT_KNOWN.);
#25=PRODUCT_DEFINITION('design','',#4313,#4302);
#23=PRODUCT_DEFINITION_SHAPE('','',#25);
#4314=SHAPE_DEFINITION_REPRESENTATION(#23,#16);
#11=DRAUGHTING_MODEL('',(#4311),#10);
#4315=DESCRIPTIVE_REPRESENTATION_ITEM('KEY','C:\\Users\\13271\\AppData\\Local\\Packages\\Shapr3D.Shapr3D_dvv5p1vgwv6mp\\TempState\\ef16f648-6aa5-40a8-a8b5-4623811370a4.tmp');
#4316=PROPERTY_DEFINITION('KEY','',#25);
#4317=REPRESENTATION('',(#4315),#10);
#4318=PROPERTY_DEFINITION_REPRESENTATION(#4316,#4317);
#4319=GENERAL_PROPERTY('','KEY','');
#4320=GENERAL_PROPERTY_ASSOCIATION('','',#4319,#4316);
#1=MECHANICAL_DESIGN_GEOMETRIC_PRESENTATION_REPRESENTATION('',(#54),#10);
ENDSEC;
END-ISO-10303-21;
