ISO-10303-21;
HEADER;

/* File generated by Shapr3D Version 5.1010.9989.0 */

FILE_DESCRIPTION(('HOOPS Exchange Step'),'2;1');

FILE_NAME('C:\\Users\\13271\\AppData\\Local\\Packages\\Shapr3D.Shapr3D_dvv5p1vgwv6mp\\TempState\\export\\temp_export',
'2025-12-16T15:26:07+08:00',
('13271'),
('Shapr3D Limited'),
'HOOPS Exchange 2025.7',
'Shapr3D',
'Authorized');

FILE_SCHEMA( ('AP242_MANAGED_MODEL_BASED_3D_ENGINEERING_MIM_LF {1 0 10303 442 1 1 4}') );

ENDSEC;

DATA;
#3=(NAMED_UNIT(*)PLANE_ANGLE_UNIT()SI_UNIT($,.RADIAN.));
#4=PLANE_ANGLE_MEASURE_WITH_UNIT(PLANE_ANGLE_MEASURE(0.0174532925),#3);
#5=(CONVERSION_BASED_UNIT('DEGREE',#4)NAMED_UNIT(#6)PLANE_ANGLE_UNIT());
#6=DIMENSIONAL_EXPONENTS(0.,0.,0.,0.,0.,0.,0.);
#7=(NAMED_UNIT(*)SI_UNIT($,.STERADIAN.)SOLID_ANGLE_UNIT());
#8=(LENGTH_UNIT()NAMED_UNIT(*)SI_UNIT(.MILLI.,.METRE.));
#9=UNCERTAINTY_MEASURE_WITH_UNIT(LENGTH_MEASURE(1.000000E-03),#8,'DISTANCE_ACCURACY_VALUE','Maximum Tolerance applied to model');
#10=(GEOMETRIC_REPRESENTATION_CONTEXT(3)GLOBAL_UNCERTAINTY_ASSIGNED_CONTEXT((#9))GLOBAL_UNIT_ASSIGNED_CONTEXT((#8,#5,#7))REPRESENTATION_CONTEXT('','root'));
#12=CARTESIAN_POINT('',(0.,0.,0.));
#13=DIRECTION('',(0.,0.,1.));
#14=DIRECTION('',(1.,0.,0.));
#15=AXIS2_PLACEMENT_3D('',#12,#13,#14);
#26=(NAMED_UNIT(*)PLANE_ANGLE_UNIT()SI_UNIT($,.RADIAN.));
#27=PLANE_ANGLE_MEASURE_WITH_UNIT(PLANE_ANGLE_MEASURE(0.0174532925),#26);
#28=(CONVERSION_BASED_UNIT('DEGREE',#27)NAMED_UNIT(#29)PLANE_ANGLE_UNIT());
#29=DIMENSIONAL_EXPONENTS(0.,0.,0.,0.,0.,0.,0.);
#30=(NAMED_UNIT(*)SI_UNIT($,.STERADIAN.)SOLID_ANGLE_UNIT());
#31=(LENGTH_UNIT()NAMED_UNIT(*)SI_UNIT(.MILLI.,.METRE.));
#32=UNCERTAINTY_MEASURE_WITH_UNIT(LENGTH_MEASURE(1.000000E-05),#31,'DISTANCE_ACCURACY_VALUE','Maximum Tolerance applied to model');
#33=(GEOMETRIC_REPRESENTATION_CONTEXT(3)GLOBAL_UNCERTAINTY_ASSIGNED_CONTEXT((#32))GLOBAL_UNIT_ASSIGNED_CONTEXT((#31,#28,#30))REPRESENTATION_CONTEXT('','main_frame'));
#45=CARTESIAN_POINT('',(0.,0.,0.));
#46=DIRECTION('',(0.,0.,1.));
#47=DIRECTION('',(1.,0.,-0.));
#48=AXIS2_PLACEMENT_3D('',#45,#46,#47);
#49=ITEM_DEFINED_TRANSFORMATION('','',#48,#15);
#50=(REPRESENTATION_RELATIONSHIP('','',#35,#16)REPRESENTATION_RELATIONSHIP_WITH_TRANSFORMATION(#49)SHAPE_REPRESENTATION_RELATIONSHIP());
#51=NEXT_ASSEMBLY_USAGE_OCCURRENCE('main_frame_1','main_frame','main_frame',#25,#44,$);
#52=PRODUCT_DEFINITION_SHAPE('','',#51);
#53=CONTEXT_DEPENDENT_SHAPE_REPRESENTATION(#50,#52);
#55=CARTESIAN_POINT('',(0.3,-50.247438779,6.257459202));
#56=DIRECTION('',(0.,1.,0.));
#57=DIRECTION('',(0.,-0.,1.));
#58=AXIS2_PLACEMENT_3D('',#55,#56,#57);
#59=PLANE('',#58);
#60=CARTESIAN_POINT('',(126.424906052,-50.247438779,25.657459202));
#61=VERTEX_POINT('',#60);
#62=CARTESIAN_POINT('',(126.424906052,-50.247438779,28.657459202));
#63=VERTEX_POINT('',#62);
#64=CARTESIAN_POINT('',(126.424906052,-50.247438779,25.657459202));
#65=DIRECTION('',(0.,-0.,1.));
#66=VECTOR('',#65,3.);
#67=LINE('',#64,#66);
#68=EDGE_CURVE('',#61,#63,#67,.T.);
#69=ORIENTED_EDGE('',*,*,#68,.F.);
#70=CARTESIAN_POINT('',(136.514906052,-50.247438779,25.657459202));
#71=VERTEX_POINT('',#70);
#72=CARTESIAN_POINT('',(136.514906052,-50.247438779,25.657459202));
#73=DIRECTION('',(-1.,0.,0.));
#74=VECTOR('',#73,10.09);
#75=LINE('',#72,#74);
#76=EDGE_CURVE('',#71,#61,#75,.T.);
#77=ORIENTED_EDGE('',*,*,#76,.F.);
#78=CARTESIAN_POINT('',(136.514906052,-50.247438779,28.657459202));
#79=VERTEX_POINT('',#78);
#80=CARTESIAN_POINT('',(136.514906052,-50.247438779,25.657459202));
#81=DIRECTION('',(0.,-0.,1.));
#82=VECTOR('',#81,3.);
#83=LINE('',#80,#82);
#84=EDGE_CURVE('',#71,#79,#83,.T.);
#85=ORIENTED_EDGE('',*,*,#84,.T.);
#86=CARTESIAN_POINT('',(126.424906052,-50.247438779,28.657459202));
#87=DIRECTION('',(1.,0.,-0.));
#88=VECTOR('',#87,10.09);
#89=LINE('',#86,#88);
#90=EDGE_CURVE('',#63,#79,#89,.T.);
#91=ORIENTED_EDGE('',*,*,#90,.F.);
#92=EDGE_LOOP('',(#69,#77,#85,#91));
#93=FACE_BOUND('',#92,.T.);
#94=CARTESIAN_POINT('',(116.467627251,-50.247438779,24.657459202));
#95=VERTEX_POINT('',#94);
#96=CARTESIAN_POINT('',(116.467627251,-50.247438779,29.857459202));
#97=VERTEX_POINT('',#96);
#98=CARTESIAN_POINT('',(116.467627251,-50.247438779,24.657459202));
#99=DIRECTION('',(0.,-0.,1.));
#100=VECTOR('',#99,5.2);
#101=LINE('',#98,#100);
#102=EDGE_CURVE('',#95,#97,#101,.T.);
#103=ORIENTED_EDGE('',*,*,#102,.T.);
#104=CARTESIAN_POINT('',(141.9198,-50.247438779,29.857459202));
#105=VERTEX_POINT('',#104);
#106=CARTESIAN_POINT('',(116.467627251,-50.247438779,29.857459202));
#107=DIRECTION('',(1.,0.,-0.));
#108=VECTOR('',#107,25.452172749);
#109=LINE('',#106,#108);
#110=EDGE_CURVE('',#97,#105,#109,.T.);
#111=ORIENTED_EDGE('',*,*,#110,.T.);
#112=CARTESIAN_POINT('',(141.9198,-50.247438779,24.657459202));
#113=VERTEX_POINT('',#112);
#114=CARTESIAN_POINT('',(141.9198,-50.247438779,29.857459202));
#115=DIRECTION('',(0.,0.,-1.));
#116=VECTOR('',#115,5.2);
#117=LINE('',#114,#116);
#118=EDGE_CURVE('',#105,#113,#117,.T.);
#119=ORIENTED_EDGE('',*,*,#118,.T.);
#120=CARTESIAN_POINT('',(141.9198,-50.247438779,24.657459202));
#121=DIRECTION('',(-1.,0.,0.));
#122=VECTOR('',#121,25.452172749);
#123=LINE('',#120,#122);
#124=EDGE_CURVE('',#113,#95,#123,.T.);
#125=ORIENTED_EDGE('',*,*,#124,.T.);
#126=EDGE_LOOP('',(#103,#111,#119,#125));
#127=FACE_BOUND('',#126,.T.);
#128=ADVANCED_FACE('',(#93,#127),#59,.T.);
#129=CARTESIAN_POINT('',(0.3,-50.247438779,6.257459202));
#130=DIRECTION('',(0.,1.,0.));
#131=DIRECTION('',(0.,-0.,1.));
#132=AXIS2_PLACEMENT_3D('',#129,#130,#131);
#133=PLANE('',#132);
#134=CARTESIAN_POINT('',(-93.097990942,-50.247438779,24.657459202));
#135=VERTEX_POINT('',#134);
#136=CARTESIAN_POINT('',(-93.097990942,-50.247438779,29.857459202));
#137=VERTEX_POINT('',#136);
#138=CARTESIAN_POINT('',(-93.097990942,-50.247438779,24.657459202));
#139=DIRECTION('',(0.,-0.,1.));
#140=VECTOR('',#139,5.2);
#141=LINE('',#138,#140);
#142=EDGE_CURVE('',#135,#137,#141,.T.);
#143=ORIENTED_EDGE('',*,*,#142,.T.);
#144=CARTESIAN_POINT('',(93.417627251,-50.247438779,29.857459202));
#145=VERTEX_POINT('',#144);
#146=CARTESIAN_POINT('',(-93.097990942,-50.247438779,29.857459202));
#147=DIRECTION('',(1.,0.,-0.));
#148=VECTOR('',#147,186.515618193);
#149=LINE('',#146,#148);
#150=EDGE_CURVE('',#137,#145,#149,.T.);
#151=ORIENTED_EDGE('',*,*,#150,.T.);
#152=CARTESIAN_POINT('',(93.417627251,-50.247438779,24.657459202));
#153=VERTEX_POINT('',#152);
#154=CARTESIAN_POINT('',(93.417627251,-50.247438779,29.857459202));
#155=DIRECTION('',(-0.,0.,-1.));
#156=VECTOR('',#155,5.2);
#157=LINE('',#154,#156);
#158=EDGE_CURVE('',#145,#153,#157,.T.);
#159=ORIENTED_EDGE('',*,*,#158,.T.);
#160=CARTESIAN_POINT('',(93.417627251,-50.247438779,24.657459202));
#161=DIRECTION('',(-1.,0.,0.));
#162=VECTOR('',#161,186.515618193);
#163=LINE('',#160,#162);
#164=EDGE_CURVE('',#153,#135,#163,.T.);
#165=ORIENTED_EDGE('',*,*,#164,.T.);
#166=EDGE_LOOP('',(#143,#151,#159,#165));
#167=FACE_BOUND('',#166,.T.);
#168=CARTESIAN_POINT('',(5.26,-50.247438779,28.657459202));
#169=VERTEX_POINT('',#168);
#170=CARTESIAN_POINT('',(5.26,-50.247438779,25.657459202));
#171=VERTEX_POINT('',#170);
#172=CARTESIAN_POINT('',(5.26,-50.247438779,28.657459202));
#173=DIRECTION('',(0.,0.,-1.));
#174=VECTOR('',#173,3.);
#175=LINE('',#172,#174);
#176=EDGE_CURVE('',#169,#171,#175,.T.);
#177=ORIENTED_EDGE('',*,*,#176,.F.);
#178=CARTESIAN_POINT('',(-4.83,-50.247438779,28.657459202));
#179=VERTEX_POINT('',#178);
#180=CARTESIAN_POINT('',(-4.83,-50.247438779,28.657459202));
#181=DIRECTION('',(1.,0.,-0.));
#182=VECTOR('',#181,10.09);
#183=LINE('',#180,#182);
#184=EDGE_CURVE('',#179,#169,#183,.T.);
#185=ORIENTED_EDGE('',*,*,#184,.F.);
#186=CARTESIAN_POINT('',(-4.83,-50.247438779,25.657459202));
#187=VERTEX_POINT('',#186);
#188=CARTESIAN_POINT('',(-4.83,-50.247438779,28.657459202));
#189=DIRECTION('',(0.,0.,-1.));
#190=VECTOR('',#189,3.);
#191=LINE('',#188,#190);
#192=EDGE_CURVE('',#179,#187,#191,.T.);
#193=ORIENTED_EDGE('',*,*,#192,.T.);
#194=CARTESIAN_POINT('',(5.26,-50.247438779,25.657459202));
#195=DIRECTION('',(-1.,0.,0.));
#196=VECTOR('',#195,10.09);
#197=LINE('',#194,#196);
#198=EDGE_CURVE('',#171,#187,#197,.T.);
#199=ORIENTED_EDGE('',*,*,#198,.F.);
#200=EDGE_LOOP('',(#177,#185,#193,#199));
#201=FACE_BOUND('',#200,.T.);
#202=ADVANCED_FACE('',(#167,#201),#133,.T.);
#203=CARTESIAN_POINT('',(0.3,-2.003388779,30.257459202));
#204=DIRECTION('',(0.,-0.,1.));
#205=DIRECTION('',(1.,0.,0.));
#206=AXIS2_PLACEMENT_3D('',#203,#204,#205);
#207=PLANE('',#206);
#208=CARTESIAN_POINT('',(141.9198,-50.647438779,30.257459202));
#209=VERTEX_POINT('',#208);
#210=CARTESIAN_POINT('',(116.467627251,-50.647438779,30.257459202));
#211=VERTEX_POINT('',#210);
#212=CARTESIAN_POINT('',(141.9198,-50.647438779,30.257459202));
#213=DIRECTION('',(-1.,0.,0.));
#214=VECTOR('',#213,25.452172749);
#215=LINE('',#212,#214);
#216=EDGE_CURVE('',#209,#211,#215,.T.);
#217=ORIENTED_EDGE('',*,*,#216,.T.);
#218=CARTESIAN_POINT('',(114.067627251,-48.247438779,30.257459202));
#219=VERTEX_POINT('',#218);
#220=CARTESIAN_POINT('',(116.467627251,-48.247438779,30.257459202));
#221=DIRECTION('',(-0.,0.,-1.));
#222=DIRECTION('',(0.,-1.,-0.));
#223=AXIS2_PLACEMENT_3D('',#220,#221,#222);
#224=CIRCLE('',#223,2.4);
#225=EDGE_CURVE('',#211,#219,#224,.T.);
#226=ORIENTED_EDGE('',*,*,#225,.T.);
#227=CARTESIAN_POINT('',(114.067627251,-33.197438779,30.257459202));
#228=VERTEX_POINT('',#227);
#229=CARTESIAN_POINT('',(114.067627251,-48.247438779,30.257459202));
#230=DIRECTION('',(-0.,1.,0.));
#231=VECTOR('',#230,15.05);
#232=LINE('',#229,#231);
#233=EDGE_CURVE('',#219,#228,#232,.T.);
#234=ORIENTED_EDGE('',*,*,#233,.T.);
#235=CARTESIAN_POINT('',(112.467627251,-31.597438779,30.257459202));
#236=VERTEX_POINT('',#235);
#237=CARTESIAN_POINT('',(112.467627251,-33.197438779,30.257459202));
#238=DIRECTION('',(0.,-0.,1.));
#239=DIRECTION('',(0.,-1.,-0.));
#240=AXIS2_PLACEMENT_3D('',#237,#238,#239);
#241=CIRCLE('',#240,1.6);
#242=EDGE_CURVE('',#228,#236,#241,.T.);
#243=ORIENTED_EDGE('',*,*,#242,.T.);
#244=CARTESIAN_POINT('',(97.417627251,-31.597438779,30.257459202));
#245=VERTEX_POINT('',#244);
#246=CARTESIAN_POINT('',(112.467627251,-31.597438779,30.257459202));
#247=DIRECTION('',(-1.,0.,0.));
#248=VECTOR('',#247,15.05);
#249=LINE('',#246,#248);
#250=EDGE_CURVE('',#236,#245,#249,.T.);
#251=ORIENTED_EDGE('',*,*,#250,.T.);
#252=CARTESIAN_POINT('',(95.817627251,-33.197438779,30.257459202));
#253=VERTEX_POINT('',#252);
#254=CARTESIAN_POINT('',(97.417627251,-33.197438779,30.257459202));
#255=DIRECTION('',(0.,-0.,1.));
#256=DIRECTION('',(0.,-1.,-0.));
#257=AXIS2_PLACEMENT_3D('',#254,#255,#256);
#258=CIRCLE('',#257,1.6);
#259=EDGE_CURVE('',#245,#253,#258,.T.);
#260=ORIENTED_EDGE('',*,*,#259,.T.);
#261=CARTESIAN_POINT('',(95.817627251,-48.247438779,30.257459202));
#262=VERTEX_POINT('',#261);
#263=CARTESIAN_POINT('',(95.817627251,-33.197438779,30.257459202));
#264=DIRECTION('',(0.,-1.,-0.));
#265=VECTOR('',#264,15.05);
#266=LINE('',#263,#265);
#267=EDGE_CURVE('',#253,#262,#266,.T.);
#268=ORIENTED_EDGE('',*,*,#267,.T.);
#269=CARTESIAN_POINT('',(93.417627251,-50.647438779,30.257459202));
#270=VERTEX_POINT('',#269);
#271=CARTESIAN_POINT('',(93.417627251,-48.247438779,30.257459202));
#272=DIRECTION('',(-0.,0.,-1.));
#273=DIRECTION('',(0.,-1.,-0.));
#274=AXIS2_PLACEMENT_3D('',#271,#272,#273);
#275=CIRCLE('',#274,2.4);
#276=EDGE_CURVE('',#262,#270,#275,.T.);
#277=ORIENTED_EDGE('',*,*,#276,.T.);
#278=CARTESIAN_POINT('',(-93.097990942,-50.647438779,30.257459202));
#279=VERTEX_POINT('',#278);
#280=CARTESIAN_POINT('',(93.417627251,-50.647438779,30.257459202));
#281=DIRECTION('',(-1.,0.,0.));
#282=VECTOR('',#281,186.515618193);
#283=LINE('',#280,#282);
#284=EDGE_CURVE('',#270,#279,#283,.T.);
#285=ORIENTED_EDGE('',*,*,#284,.T.);
#286=CARTESIAN_POINT('',(-95.497990942,-48.247438779,30.257459202));
#287=VERTEX_POINT('',#286);
#288=CARTESIAN_POINT('',(-93.097990942,-48.247438779,30.257459202));
#289=DIRECTION('',(-0.,0.,-1.));
#290=DIRECTION('',(0.,-1.,-0.));
#291=AXIS2_PLACEMENT_3D('',#288,#289,#290);
#292=CIRCLE('',#291,2.4);
#293=EDGE_CURVE('',#279,#287,#292,.T.);
#294=ORIENTED_EDGE('',*,*,#293,.T.);
#295=CARTESIAN_POINT('',(-95.497990942,-33.197438779,30.257459202));
#296=VERTEX_POINT('',#295);
#297=CARTESIAN_POINT('',(-95.497990942,-48.247438779,30.257459202));
#298=DIRECTION('',(0.,1.,0.));
#299=VECTOR('',#298,15.05);
#300=LINE('',#297,#299);
#301=EDGE_CURVE('',#287,#296,#300,.T.);
#302=ORIENTED_EDGE('',*,*,#301,.T.);
#303=CARTESIAN_POINT('',(-97.097990942,-31.597438779,30.257459202));
#304=VERTEX_POINT('',#303);
#305=CARTESIAN_POINT('',(-97.097990942,-33.197438779,30.257459202));
#306=DIRECTION('',(0.,-0.,1.));
#307=DIRECTION('',(0.,-1.,-0.));
#308=AXIS2_PLACEMENT_3D('',#305,#306,#307);
#309=CIRCLE('',#308,1.6);
#310=EDGE_CURVE('',#296,#304,#309,.T.);
#311=ORIENTED_EDGE('',*,*,#310,.T.);
#312=CARTESIAN_POINT('',(-112.147990942,-31.597438779,30.257459202));
#313=VERTEX_POINT('',#312);
#314=CARTESIAN_POINT('',(-97.097990942,-31.597438779,30.257459202));
#315=DIRECTION('',(-1.,0.,0.));
#316=VECTOR('',#315,15.05);
#317=LINE('',#314,#316);
#318=EDGE_CURVE('',#304,#313,#317,.T.);
#319=ORIENTED_EDGE('',*,*,#318,.T.);
#320=CARTESIAN_POINT('',(-113.747990942,-33.197438779,30.257459202));
#321=VERTEX_POINT('',#320);
#322=CARTESIAN_POINT('',(-112.147990942,-33.197438779,30.257459202));
#323=DIRECTION('',(0.,-0.,1.));
#324=DIRECTION('',(0.,-1.,-0.));
#325=AXIS2_PLACEMENT_3D('',#322,#323,#324);
#326=CIRCLE('',#325,1.6);
#327=EDGE_CURVE('',#313,#321,#326,.T.);
#328=ORIENTED_EDGE('',*,*,#327,.T.);
#329=CARTESIAN_POINT('',(-113.747990942,-48.247438779,30.257459202));
#330=VERTEX_POINT('',#329);
#331=CARTESIAN_POINT('',(-113.747990942,-33.197438779,30.257459202));
#332=DIRECTION('',(0.,-1.,-0.));
#333=VECTOR('',#332,15.05);
#334=LINE('',#331,#333);
#335=EDGE_CURVE('',#321,#330,#334,.T.);
#336=ORIENTED_EDGE('',*,*,#335,.T.);
#337=CARTESIAN_POINT('',(-116.147990942,-50.647438779,30.257459202));
#338=VERTEX_POINT('',#337);
#339=CARTESIAN_POINT('',(-116.147990942,-48.247438779,30.257459202));
#340=DIRECTION('',(-0.,0.,-1.));
#341=DIRECTION('',(0.,-1.,-0.));
#342=AXIS2_PLACEMENT_3D('',#339,#340,#341);
#343=CIRCLE('',#342,2.4);
#344=EDGE_CURVE('',#330,#338,#343,.T.);
#345=ORIENTED_EDGE('',*,*,#344,.T.);
#346=CARTESIAN_POINT('',(-141.3198,-50.647438779,30.257459202));
#347=VERTEX_POINT('',#346);
#348=CARTESIAN_POINT('',(-116.147990942,-50.647438779,30.257459202));
#349=DIRECTION('',(-1.,0.,0.));
#350=VECTOR('',#349,25.171809058);
#351=LINE('',#348,#350);
#352=EDGE_CURVE('',#338,#347,#351,.T.);
#353=ORIENTED_EDGE('',*,*,#352,.T.);
#354=CARTESIAN_POINT('',(-143.7198,-48.247438779,30.257459202));
#355=VERTEX_POINT('',#354);
#356=CARTESIAN_POINT('',(-141.3198,-48.247438779,30.257459202));
#357=DIRECTION('',(-0.,0.,-1.));
#358=DIRECTION('',(0.,-1.,-0.));
#359=AXIS2_PLACEMENT_3D('',#356,#357,#358);
#360=CIRCLE('',#359,2.4);
#361=EDGE_CURVE('',#347,#355,#360,.T.);
#362=ORIENTED_EDGE('',*,*,#361,.T.);
#363=CARTESIAN_POINT('',(-143.7198,44.240661221,30.257459202));
#364=VERTEX_POINT('',#363);
#365=CARTESIAN_POINT('',(-143.7198,-48.247438779,30.257459202));
#366=DIRECTION('',(0.,1.,0.));
#367=VECTOR('',#366,92.4881);
#368=LINE('',#365,#367);
#369=EDGE_CURVE('',#355,#364,#368,.T.);
#370=ORIENTED_EDGE('',*,*,#369,.T.);
#371=CARTESIAN_POINT('',(-141.3198,46.640661221,30.257459202));
#372=VERTEX_POINT('',#371);
#373=CARTESIAN_POINT('',(-141.3198,44.240661221,30.257459202));
#374=DIRECTION('',(-0.,0.,-1.));
#375=DIRECTION('',(0.,-1.,-0.));
#376=AXIS2_PLACEMENT_3D('',#373,#374,#375);
#377=CIRCLE('',#376,2.4);
#378=EDGE_CURVE('',#364,#372,#377,.T.);
#379=ORIENTED_EDGE('',*,*,#378,.T.);
#380=CARTESIAN_POINT('',(141.9198,46.640661221,30.257459202));
#381=VERTEX_POINT('',#380);
#382=CARTESIAN_POINT('',(-141.3198,46.640661221,30.257459202));
#383=DIRECTION('',(1.,0.,-0.));
#384=VECTOR('',#383,283.2396);
#385=LINE('',#382,#384);
#386=EDGE_CURVE('',#372,#381,#385,.T.);
#387=ORIENTED_EDGE('',*,*,#386,.T.);
#388=CARTESIAN_POINT('',(144.3198,44.240661221,30.257459202));
#389=VERTEX_POINT('',#388);
#390=CARTESIAN_POINT('',(141.9198,44.240661221,30.257459202));
#391=DIRECTION('',(-0.,0.,-1.));
#392=DIRECTION('',(0.,-1.,-0.));
#393=AXIS2_PLACEMENT_3D('',#390,#391,#392);
#394=CIRCLE('',#393,2.4);
#395=EDGE_CURVE('',#381,#389,#394,.T.);
#396=ORIENTED_EDGE('',*,*,#395,.T.);
#397=CARTESIAN_POINT('',(144.3198,-48.247438779,30.257459202));
#398=VERTEX_POINT('',#397);
#399=CARTESIAN_POINT('',(144.3198,44.240661221,30.257459202));
#400=DIRECTION('',(0.,-1.,-0.));
#401=VECTOR('',#400,92.4881);
#402=LINE('',#399,#401);
#403=EDGE_CURVE('',#389,#398,#402,.T.);
#404=ORIENTED_EDGE('',*,*,#403,.T.);
#405=CARTESIAN_POINT('',(141.9198,-48.247438779,30.257459202));
#406=DIRECTION('',(-0.,0.,-1.));
#407=DIRECTION('',(0.,-1.,-0.));
#408=AXIS2_PLACEMENT_3D('',#405,#406,#407);
#409=CIRCLE('',#408,2.4);
#410=EDGE_CURVE('',#398,#209,#409,.T.);
#411=ORIENTED_EDGE('',*,*,#410,.T.);
#412=EDGE_LOOP('',(#217,#226,#234,#243,#251,#260,#268,#277,#285,#294,#302,#311,#319,#328,#336,#345,#353,#362,#370,#379,#387,#396,#404,#411));
#413=FACE_BOUND('',#412,.T.);
#414=CARTESIAN_POINT('',(149.029850506,-52.747438779,30.257459204));
#415=VERTEX_POINT('',#414);
#416=CARTESIAN_POINT('',(149.029850506,48.740661221,30.257459203));
#417=VERTEX_POINT('',#416);
#418=CARTESIAN_POINT('',(149.029850506,-52.747438779,30.257459202));
#419=DIRECTION('',(0.,1.,0.));
#420=VECTOR('',#419,101.4881);
#421=LINE('',#418,#420);
#422=EDGE_CURVE('',#415,#417,#421,.T.);
#423=ORIENTED_EDGE('',*,*,#422,.T.);
#424=CARTESIAN_POINT('',(144.0198,53.750711727,30.257459203));
#425=VERTEX_POINT('',#424);
#426=CARTESIAN_POINT('',(144.0198,48.740661221,30.257459203));
#427=DIRECTION('',(-0.,-0.,1.));
#428=DIRECTION('',(-1.,0.,0.));
#429=AXIS2_PLACEMENT_3D('',#426,#427,#428);
#430=CIRCLE('',#429,5.010050506);
#431=EDGE_CURVE('',#417,#425,#430,.T.);
#432=ORIENTED_EDGE('',*,*,#431,.T.);
#433=CARTESIAN_POINT('',(-143.4198,53.750711728,30.257459203));
#434=VERTEX_POINT('',#433);
#435=CARTESIAN_POINT('',(144.0198,53.750711727,30.257459202));
#436=DIRECTION('',(-1.,-0.,0.));
#437=VECTOR('',#436,287.4396);
#438=LINE('',#435,#437);
#439=EDGE_CURVE('',#425,#434,#438,.T.);
#440=ORIENTED_EDGE('',*,*,#439,.T.);
#441=CARTESIAN_POINT('',(-148.429850506,48.740661221,30.257459202));
#442=VERTEX_POINT('',#441);
#443=CARTESIAN_POINT('',(-143.4198,48.740661221,30.257459203));
#444=DIRECTION('',(-0.,-0.,1.));
#445=DIRECTION('',(-1.,0.,0.));
#446=AXIS2_PLACEMENT_3D('',#443,#444,#445);
#447=CIRCLE('',#446,5.010050506);
#448=EDGE_CURVE('',#434,#442,#447,.T.);
#449=ORIENTED_EDGE('',*,*,#448,.T.);
#450=CARTESIAN_POINT('',(-148.429850506,-52.747438779,30.257459203));
#451=VERTEX_POINT('',#450);
#452=CARTESIAN_POINT('',(-148.429850506,48.740661221,30.257459202));
#453=DIRECTION('',(-0.,-1.,-0.));
#454=VECTOR('',#453,101.4881);
#455=LINE('',#452,#454);
#456=EDGE_CURVE('',#442,#451,#455,.T.);
#457=ORIENTED_EDGE('',*,*,#456,.T.);
#458=CARTESIAN_POINT('',(-143.4198,-57.757489284,30.257459203));
#459=VERTEX_POINT('',#458);
#460=CARTESIAN_POINT('',(-143.4198,-52.747438779,30.257459203));
#461=DIRECTION('',(-0.,-0.,1.));
#462=DIRECTION('',(-1.,0.,0.));
#463=AXIS2_PLACEMENT_3D('',#460,#461,#462);
#464=CIRCLE('',#463,5.010050506);
#465=EDGE_CURVE('',#451,#459,#464,.T.);
#466=ORIENTED_EDGE('',*,*,#465,.T.);
#467=CARTESIAN_POINT('',(144.0198,-57.757489283,30.257459203));
#468=VERTEX_POINT('',#467);
#469=CARTESIAN_POINT('',(-143.4198,-57.757489285,30.257459202));
#470=DIRECTION('',(1.,0.,-0.));
#471=VECTOR('',#470,287.4396);
#472=LINE('',#469,#471);
#473=EDGE_CURVE('',#459,#468,#472,.T.);
#474=ORIENTED_EDGE('',*,*,#473,.T.);
#475=CARTESIAN_POINT('',(144.0198,-52.747438779,30.257459204));
#476=DIRECTION('',(-0.,-0.,1.));
#477=DIRECTION('',(-1.,0.,0.));
#478=AXIS2_PLACEMENT_3D('',#475,#476,#477);
#479=CIRCLE('',#478,5.010050505);
#480=EDGE_CURVE('',#468,#415,#479,.T.);
#481=ORIENTED_EDGE('',*,*,#480,.T.);
#482=EDGE_LOOP('',(#423,#432,#440,#449,#457,#466,#474,#481));
#483=FACE_BOUND('',#482,.T.);
#484=ADVANCED_FACE('',(#413,#483),#207,.T.);
#485=CARTESIAN_POINT('',(0.215,-51.447438779,25.657459202));
#486=DIRECTION('',(0.,0.,-1.));
#487=DIRECTION('',(-1.,0.,0.));
#488=AXIS2_PLACEMENT_3D('',#485,#486,#487);
#489=PLANE('',#488);
#490=ORIENTED_EDGE('',*,*,#198,.T.);
#491=CARTESIAN_POINT('',(-4.83,-56.747438779,25.657459202));
#492=VERTEX_POINT('',#491);
#493=CARTESIAN_POINT('',(-4.83,-56.747438779,25.657459202));
#494=DIRECTION('',(0.,1.,0.));
#495=VECTOR('',#494,6.5);
#496=LINE('',#493,#495);
#497=EDGE_CURVE('',#492,#187,#496,.T.);
#498=ORIENTED_EDGE('',*,*,#497,.F.);
#499=CARTESIAN_POINT('',(5.26,-56.747438779,25.657459202));
#500=VERTEX_POINT('',#499);
#501=CARTESIAN_POINT('',(5.26,-56.747438779,25.657459202));
#502=DIRECTION('',(-1.,0.,0.));
#503=VECTOR('',#502,10.09);
#504=LINE('',#501,#503);
#505=EDGE_CURVE('',#500,#492,#504,.T.);
#506=ORIENTED_EDGE('',*,*,#505,.F.);
#507=CARTESIAN_POINT('',(5.26,-56.747438779,25.657459202));
#508=DIRECTION('',(0.,1.,0.));
#509=VECTOR('',#508,6.5);
#510=LINE('',#507,#509);
#511=EDGE_CURVE('',#500,#171,#510,.T.);
#512=ORIENTED_EDGE('',*,*,#511,.T.);
#513=EDGE_LOOP('',(#490,#498,#506,#512));
#514=FACE_BOUND('',#513,.T.);
#515=ADVANCED_FACE('',(#514),#489,.F.);
#516=CARTESIAN_POINT('',(0.215,-51.447438779,28.657459202));
#517=DIRECTION('',(0.,-0.,1.));
#518=DIRECTION('',(1.,0.,0.));
#519=AXIS2_PLACEMENT_3D('',#516,#517,#518);
#520=PLANE('',#519);
#521=ORIENTED_EDGE('',*,*,#184,.T.);
#522=CARTESIAN_POINT('',(5.26,-56.747438779,28.657459202));
#523=VERTEX_POINT('',#522);
#524=CARTESIAN_POINT('',(5.26,-56.747438779,28.657459202));
#525=DIRECTION('',(0.,1.,0.));
#526=VECTOR('',#525,6.5);
#527=LINE('',#524,#526);
#528=EDGE_CURVE('',#523,#169,#527,.T.);
#529=ORIENTED_EDGE('',*,*,#528,.F.);
#530=CARTESIAN_POINT('',(-4.83,-56.747438779,28.657459202));
#531=VERTEX_POINT('',#530);
#532=CARTESIAN_POINT('',(-4.83,-56.747438779,28.657459202));
#533=DIRECTION('',(1.,0.,-0.));
#534=VECTOR('',#533,10.09);
#535=LINE('',#532,#534);
#536=EDGE_CURVE('',#531,#523,#535,.T.);
#537=ORIENTED_EDGE('',*,*,#536,.F.);
#538=CARTESIAN_POINT('',(-4.83,-56.747438779,28.657459202));
#539=DIRECTION('',(0.,1.,0.));
#540=VECTOR('',#539,6.5);
#541=LINE('',#538,#540);
#542=EDGE_CURVE('',#531,#179,#541,.T.);
#543=ORIENTED_EDGE('',*,*,#542,.T.);
#544=EDGE_LOOP('',(#521,#529,#537,#543));
#545=FACE_BOUND('',#544,.T.);
#546=ADVANCED_FACE('',(#545),#520,.F.);
#547=CARTESIAN_POINT('',(164.269906052,-57.147438779,28.657459202));
#548=DIRECTION('',(0.,-0.,1.));
#549=DIRECTION('',(1.,0.,0.));
#550=AXIS2_PLACEMENT_3D('',#547,#548,#549);
#551=PLANE('',#550);
#552=ORIENTED_EDGE('',*,*,#90,.T.);
#553=CARTESIAN_POINT('',(136.514906052,-56.747438779,28.657459202));
#554=VERTEX_POINT('',#553);
#555=CARTESIAN_POINT('',(136.514906052,-56.747438779,28.657459202));
#556=DIRECTION('',(0.,1.,0.));
#557=VECTOR('',#556,6.5);
#558=LINE('',#555,#557);
#559=EDGE_CURVE('',#554,#79,#558,.T.);
#560=ORIENTED_EDGE('',*,*,#559,.F.);
#561=CARTESIAN_POINT('',(126.424906052,-56.747438779,28.657459202));
#562=VERTEX_POINT('',#561);
#563=CARTESIAN_POINT('',(126.424906052,-56.747438779,28.657459202));
#564=DIRECTION('',(1.,0.,-0.));
#565=VECTOR('',#564,10.09);
#566=LINE('',#563,#565);
#567=EDGE_CURVE('',#562,#554,#566,.T.);
#568=ORIENTED_EDGE('',*,*,#567,.F.);
#569=CARTESIAN_POINT('',(126.424906052,-56.747438779,28.657459202));
#570=DIRECTION('',(0.,1.,0.));
#571=VECTOR('',#570,6.5);
#572=LINE('',#569,#571);
#573=EDGE_CURVE('',#562,#63,#572,.T.);
#574=ORIENTED_EDGE('',*,*,#573,.T.);
#575=EDGE_LOOP('',(#552,#560,#568,#574));
#576=FACE_BOUND('',#575,.T.);
#577=ADVANCED_FACE('',(#576),#551,.F.);
#578=CARTESIAN_POINT('',(164.269906052,-57.147438779,25.657459202));
#579=DIRECTION('',(0.,0.,-1.));
#580=DIRECTION('',(-1.,0.,0.));
#581=AXIS2_PLACEMENT_3D('',#578,#579,#580);
#582=PLANE('',#581);
#583=ORIENTED_EDGE('',*,*,#76,.T.);
#584=CARTESIAN_POINT('',(126.424906052,-56.747438779,25.657459202));
#585=VERTEX_POINT('',#584);
#586=CARTESIAN_POINT('',(126.424906052,-56.747438779,25.657459202));
#587=DIRECTION('',(0.,1.,0.));
#588=VECTOR('',#587,6.5);
#589=LINE('',#586,#588);
#590=EDGE_CURVE('',#585,#61,#589,.T.);
#591=ORIENTED_EDGE('',*,*,#590,.F.);
#592=CARTESIAN_POINT('',(136.514906052,-56.747438779,25.657459202));
#593=VERTEX_POINT('',#592);
#594=CARTESIAN_POINT('',(136.514906052,-56.747438779,25.657459202));
#595=DIRECTION('',(-1.,0.,0.));
#596=VECTOR('',#595,10.09);
#597=LINE('',#594,#596);
#598=EDGE_CURVE('',#593,#585,#597,.T.);
#599=ORIENTED_EDGE('',*,*,#598,.F.);
#600=CARTESIAN_POINT('',(136.514906052,-56.747438779,25.657459202));
#601=DIRECTION('',(0.,1.,0.));
#602=VECTOR('',#601,6.5);
#603=LINE('',#600,#602);
#604=EDGE_CURVE('',#593,#71,#603,.T.);
#605=ORIENTED_EDGE('',*,*,#604,.T.);
#606=EDGE_LOOP('',(#583,#591,#599,#605));
#607=FACE_BOUND('',#606,.T.);
#608=ADVANCED_FACE('',(#607),#582,.F.);
#609=CARTESIAN_POINT('',(0.3,46.240661221,5.857459202));
#610=DIRECTION('',(0.,-1.,-0.));
#611=DIRECTION('',(0.,0.,-1.));
#612=AXIS2_PLACEMENT_3D('',#609,#610,#611);
#613=PLANE('',#612);
#614=CARTESIAN_POINT('',(141.9198,46.240661221,24.657459202));
#615=VERTEX_POINT('',#614);
#616=CARTESIAN_POINT('',(141.9198,46.240661221,29.857459202));
#617=VERTEX_POINT('',#616);
#618=CARTESIAN_POINT('',(141.9198,46.240661221,24.657459202));
#619=DIRECTION('',(-0.,-0.,1.));
#620=VECTOR('',#619,5.2);
#621=LINE('',#618,#620);
#622=EDGE_CURVE('',#615,#617,#621,.T.);
#623=ORIENTED_EDGE('',*,*,#622,.T.);
#624=CARTESIAN_POINT('',(-141.3198,46.240661221,29.857459202));
#625=VERTEX_POINT('',#624);
#626=CARTESIAN_POINT('',(141.9198,46.240661221,29.857459202));
#627=DIRECTION('',(-1.,0.,0.));
#628=VECTOR('',#627,283.2396);
#629=LINE('',#626,#628);
#630=EDGE_CURVE('',#617,#625,#629,.T.);
#631=ORIENTED_EDGE('',*,*,#630,.T.);
#632=CARTESIAN_POINT('',(-141.3198,46.240661221,24.657459202));
#633=VERTEX_POINT('',#632);
#634=CARTESIAN_POINT('',(-141.3198,46.240661221,29.857459202));
#635=DIRECTION('',(0.,0.,-1.));
#636=VECTOR('',#635,5.2);
#637=LINE('',#634,#636);
#638=EDGE_CURVE('',#625,#633,#637,.T.);
#639=ORIENTED_EDGE('',*,*,#638,.T.);
#640=CARTESIAN_POINT('',(-141.3198,46.240661221,24.657459202));
#641=DIRECTION('',(1.,0.,-0.));
#642=VECTOR('',#641,283.2396);
#643=LINE('',#640,#642);
#644=EDGE_CURVE('',#633,#615,#643,.T.);
#645=ORIENTED_EDGE('',*,*,#644,.T.);
#646=EDGE_LOOP('',(#623,#631,#639,#645));
#647=FACE_BOUND('',#646,.T.);
#648=CARTESIAN_POINT('',(136.509906052,46.240661221,25.657459202));
#649=VERTEX_POINT('',#648);
#650=CARTESIAN_POINT('',(126.429906052,46.240661221,25.657459202));
#651=VERTEX_POINT('',#650);
#652=CARTESIAN_POINT('',(136.509906052,46.240661221,25.657459202));
#653=DIRECTION('',(-1.,0.,0.));
#654=VECTOR('',#653,10.08);
#655=LINE('',#652,#654);
#656=EDGE_CURVE('',#649,#651,#655,.T.);
#657=ORIENTED_EDGE('',*,*,#656,.T.);
#658=CARTESIAN_POINT('',(126.429906052,46.240661221,28.657459202));
#659=VERTEX_POINT('',#658);
#660=CARTESIAN_POINT('',(126.429906052,46.240661221,25.657459202));
#661=DIRECTION('',(0.,-0.,1.));
#662=VECTOR('',#661,3.);
#663=LINE('',#660,#662);
#664=EDGE_CURVE('',#651,#659,#663,.T.);
#665=ORIENTED_EDGE('',*,*,#664,.T.);
#666=CARTESIAN_POINT('',(136.509906052,46.240661221,28.657459202));
#667=VERTEX_POINT('',#666);
#668=CARTESIAN_POINT('',(126.429906052,46.240661221,28.657459202));
#669=DIRECTION('',(1.,0.,-0.));
#670=VECTOR('',#669,10.08);
#671=LINE('',#668,#670);
#672=EDGE_CURVE('',#659,#667,#671,.T.);
#673=ORIENTED_EDGE('',*,*,#672,.T.);
#674=CARTESIAN_POINT('',(136.509906052,46.240661221,28.657459202));
#675=DIRECTION('',(0.,0.,-1.));
#676=VECTOR('',#675,3.);
#677=LINE('',#674,#676);
#678=EDGE_CURVE('',#667,#649,#677,.T.);
#679=ORIENTED_EDGE('',*,*,#678,.T.);
#680=EDGE_LOOP('',(#657,#665,#673,#679));
#681=FACE_BOUND('',#680,.T.);
#682=CARTESIAN_POINT('',(-4.8257,46.240661221,25.657459202));
#683=VERTEX_POINT('',#682);
#684=CARTESIAN_POINT('',(5.2557,46.240661221,25.657459202));
#685=VERTEX_POINT('',#684);
#686=CARTESIAN_POINT('',(-4.8257,46.240661221,25.657459202));
#687=DIRECTION('',(1.,0.,-0.));
#688=VECTOR('',#687,10.0814);
#689=LINE('',#686,#688);
#690=EDGE_CURVE('',#683,#685,#689,.T.);
#691=ORIENTED_EDGE('',*,*,#690,.F.);
#692=CARTESIAN_POINT('',(-4.8257,46.240661221,28.657459202));
#693=VERTEX_POINT('',#692);
#694=CARTESIAN_POINT('',(-4.8257,46.240661221,25.657459202));
#695=DIRECTION('',(0.,-0.,1.));
#696=VECTOR('',#695,3.);
#697=LINE('',#694,#696);
#698=EDGE_CURVE('',#683,#693,#697,.T.);
#699=ORIENTED_EDGE('',*,*,#698,.T.);
#700=CARTESIAN_POINT('',(5.2557,46.240661221,28.657459202));
#701=VERTEX_POINT('',#700);
#702=CARTESIAN_POINT('',(5.2557,46.240661221,28.657459202));
#703=DIRECTION('',(-1.,0.,0.));
#704=VECTOR('',#703,10.0814);
#705=LINE('',#702,#704);
#706=EDGE_CURVE('',#701,#693,#705,.T.);
#707=ORIENTED_EDGE('',*,*,#706,.F.);
#708=CARTESIAN_POINT('',(5.2557,46.240661221,25.657459202));
#709=DIRECTION('',(0.,-0.,1.));
#710=VECTOR('',#709,3.);
#711=LINE('',#708,#710);
#712=EDGE_CURVE('',#685,#701,#711,.T.);
#713=ORIENTED_EDGE('',*,*,#712,.F.);
#714=EDGE_LOOP('',(#691,#699,#707,#713));
#715=FACE_BOUND('',#714,.T.);
#716=ADVANCED_FACE('',(#647,#681,#715),#613,.T.);
#717=CARTESIAN_POINT('',(0.215,48.240661221,28.657459202));
#718=DIRECTION('',(0.,-0.,1.));
#719=DIRECTION('',(1.,0.,0.));
#720=AXIS2_PLACEMENT_3D('',#717,#718,#719);
#721=PLANE('',#720);
#722=ORIENTED_EDGE('',*,*,#706,.T.);
#723=CARTESIAN_POINT('',(-4.8257,52.740661221,28.657459202));
#724=VERTEX_POINT('',#723);
#725=CARTESIAN_POINT('',(-4.8257,52.740661221,28.657459202));
#726=DIRECTION('',(0.,-1.,-0.));
#727=VECTOR('',#726,6.5);
#728=LINE('',#725,#727);
#729=EDGE_CURVE('',#724,#693,#728,.T.);
#730=ORIENTED_EDGE('',*,*,#729,.F.);
#731=CARTESIAN_POINT('',(5.2557,52.740661221,28.657459202));
#732=VERTEX_POINT('',#731);
#733=CARTESIAN_POINT('',(5.2557,52.740661221,28.657459202));
#734=DIRECTION('',(-1.,0.,0.));
#735=VECTOR('',#734,10.0814);
#736=LINE('',#733,#735);
#737=EDGE_CURVE('',#732,#724,#736,.T.);
#738=ORIENTED_EDGE('',*,*,#737,.F.);
#739=CARTESIAN_POINT('',(5.2557,52.740661221,28.657459202));
#740=DIRECTION('',(0.,-1.,-0.));
#741=VECTOR('',#740,6.5);
#742=LINE('',#739,#741);
#743=EDGE_CURVE('',#732,#701,#742,.T.);
#744=ORIENTED_EDGE('',*,*,#743,.T.);
#745=EDGE_LOOP('',(#722,#730,#738,#744));
#746=FACE_BOUND('',#745,.T.);
#747=ADVANCED_FACE('',(#746),#721,.F.);
#748=CARTESIAN_POINT('',(0.215,48.240661221,25.657459202));
#749=DIRECTION('',(0.,0.,-1.));
#750=DIRECTION('',(-1.,0.,0.));
#751=AXIS2_PLACEMENT_3D('',#748,#749,#750);
#752=PLANE('',#751);
#753=ORIENTED_EDGE('',*,*,#690,.T.);
#754=CARTESIAN_POINT('',(5.2557,52.740661221,25.657459202));
#755=VERTEX_POINT('',#754);
#756=CARTESIAN_POINT('',(5.2557,52.740661221,25.657459202));
#757=DIRECTION('',(0.,-1.,-0.));
#758=VECTOR('',#757,6.5);
#759=LINE('',#756,#758);
#760=EDGE_CURVE('',#755,#685,#759,.T.);
#761=ORIENTED_EDGE('',*,*,#760,.F.);
#762=CARTESIAN_POINT('',(-4.8257,52.740661221,25.657459202));
#763=VERTEX_POINT('',#762);
#764=CARTESIAN_POINT('',(-4.8257,52.740661221,25.657459202));
#765=DIRECTION('',(1.,0.,-0.));
#766=VECTOR('',#765,10.0814);
#767=LINE('',#764,#766);
#768=EDGE_CURVE('',#763,#755,#767,.T.);
#769=ORIENTED_EDGE('',*,*,#768,.F.);
#770=CARTESIAN_POINT('',(-4.8257,52.740661221,25.657459202));
#771=DIRECTION('',(0.,-1.,-0.));
#772=VECTOR('',#771,6.5);
#773=LINE('',#770,#772);
#774=EDGE_CURVE('',#763,#683,#773,.T.);
#775=ORIENTED_EDGE('',*,*,#774,.T.);
#776=EDGE_LOOP('',(#753,#761,#769,#775));
#777=FACE_BOUND('',#776,.T.);
#778=ADVANCED_FACE('',(#777),#752,.F.);
#779=CARTESIAN_POINT('',(146.7198,25.368636221,24.957459202));
#780=DIRECTION('',(1.,0.,0.));
#781=DIRECTION('',(0.,0.,-1.));
#782=AXIS2_PLACEMENT_3D('',#779,#780,#781);
#783=PLANE('',#782);
#784=CARTESIAN_POINT('',(146.7198,16.996611221,11.757459202));
#785=VERTEX_POINT('',#784);
#786=CARTESIAN_POINT('',(146.7198,16.996611221,24.257459202));
#787=VERTEX_POINT('',#786);
#788=CARTESIAN_POINT('',(146.7198,16.996611221,11.757459202));
#789=DIRECTION('',(-0.,-0.,1.));
#790=VECTOR('',#789,12.5);
#791=LINE('',#788,#790);
#792=EDGE_CURVE('',#785,#787,#791,.T.);
#793=ORIENTED_EDGE('',*,*,#792,.T.);
#794=CARTESIAN_POINT('',(146.7198,48.440661221,24.257459202));
#795=VERTEX_POINT('',#794);
#796=CARTESIAN_POINT('',(146.7198,16.996611221,24.257459202));
#797=DIRECTION('',(0.,1.,0.));
#798=VECTOR('',#797,31.44405);
#799=LINE('',#796,#798);
#800=EDGE_CURVE('',#787,#795,#799,.T.);
#801=ORIENTED_EDGE('',*,*,#800,.T.);
#802=CARTESIAN_POINT('',(146.7198,48.440661221,11.757459202));
#803=VERTEX_POINT('',#802);
#804=CARTESIAN_POINT('',(146.7198,48.440661221,24.257459202));
#805=DIRECTION('',(0.,0.,-1.));
#806=VECTOR('',#805,12.5);
#807=LINE('',#804,#806);
#808=EDGE_CURVE('',#795,#803,#807,.T.);
#809=ORIENTED_EDGE('',*,*,#808,.T.);
#810=CARTESIAN_POINT('',(146.7198,48.440661221,11.757459202));
#811=DIRECTION('',(0.,-1.,-0.));
#812=VECTOR('',#811,31.44405);
#813=LINE('',#810,#812);
#814=EDGE_CURVE('',#803,#785,#813,.T.);
#815=ORIENTED_EDGE('',*,*,#814,.T.);
#816=EDGE_LOOP('',(#793,#801,#809,#815));
#817=FACE_BOUND('',#816,.T.);
#818=ADVANCED_FACE('',(#817),#783,.F.);
#819=CARTESIAN_POINT('',(146.7198,25.368636221,24.957459202));
#820=DIRECTION('',(1.,0.,0.));
#821=DIRECTION('',(0.,0.,-1.));
#822=AXIS2_PLACEMENT_3D('',#819,#820,#821);
#823=PLANE('',#822);
#824=CARTESIAN_POINT('',(146.7198,-52.147438779,11.757459202));
#825=VERTEX_POINT('',#824);
#826=CARTESIAN_POINT('',(146.7198,-52.147438779,24.257459202));
#827=VERTEX_POINT('',#826);
#828=CARTESIAN_POINT('',(146.7198,-52.147438779,11.757459202));
#829=DIRECTION('',(-0.,-0.,1.));
#830=VECTOR('',#829,12.5);
#831=LINE('',#828,#830);
#832=EDGE_CURVE('',#825,#827,#831,.T.);
#833=ORIENTED_EDGE('',*,*,#832,.T.);
#834=CARTESIAN_POINT('',(146.7198,-21.003388779,24.257459202));
#835=VERTEX_POINT('',#834);
#836=CARTESIAN_POINT('',(146.7198,-52.147438779,24.257459202));
#837=DIRECTION('',(0.,1.,0.));
#838=VECTOR('',#837,31.14405);
#839=LINE('',#836,#838);
#840=EDGE_CURVE('',#827,#835,#839,.T.);
#841=ORIENTED_EDGE('',*,*,#840,.T.);
#842=CARTESIAN_POINT('',(146.7198,-21.003388779,11.757459202));
#843=VERTEX_POINT('',#842);
#844=CARTESIAN_POINT('',(146.7198,-21.003388779,11.757459202));
#845=DIRECTION('',(0.,-0.,1.));
#846=VECTOR('',#845,12.5);
#847=LINE('',#844,#846);
#848=EDGE_CURVE('',#843,#835,#847,.T.);
#849=ORIENTED_EDGE('',*,*,#848,.F.);
#850=CARTESIAN_POINT('',(146.7198,-21.003388779,11.757459202));
#851=DIRECTION('',(0.,-1.,-0.));
#852=VECTOR('',#851,31.14405);
#853=LINE('',#850,#852);
#854=EDGE_CURVE('',#843,#825,#853,.T.);
#855=ORIENTED_EDGE('',*,*,#854,.T.);
#856=EDGE_LOOP('',(#833,#841,#849,#855));
#857=FACE_BOUND('',#856,.T.);
#858=ADVANCED_FACE('',(#857),#823,.F.);
#859=CARTESIAN_POINT('',(0.3,-50.247438779,6.257459202));
#860=DIRECTION('',(0.,1.,0.));
#861=DIRECTION('',(0.,-0.,1.));
#862=AXIS2_PLACEMENT_3D('',#859,#860,#861);
#863=PLANE('',#862);
#864=CARTESIAN_POINT('',(-141.3198,-50.247438779,24.657459202));
#865=VERTEX_POINT('',#864);
#866=CARTESIAN_POINT('',(-141.3198,-50.247438779,29.857459202));
#867=VERTEX_POINT('',#866);
#868=CARTESIAN_POINT('',(-141.3198,-50.247438779,24.657459202));
#869=DIRECTION('',(0.,-0.,1.));
#870=VECTOR('',#869,5.2);
#871=LINE('',#868,#870);
#872=EDGE_CURVE('',#865,#867,#871,.T.);
#873=ORIENTED_EDGE('',*,*,#872,.T.);
#874=CARTESIAN_POINT('',(-116.147990942,-50.247438779,29.857459202));
#875=VERTEX_POINT('',#874);
#876=CARTESIAN_POINT('',(-141.3198,-50.247438779,29.857459202));
#877=DIRECTION('',(1.,0.,-0.));
#878=VECTOR('',#877,25.171809058);
#879=LINE('',#876,#878);
#880=EDGE_CURVE('',#867,#875,#879,.T.);
#881=ORIENTED_EDGE('',*,*,#880,.T.);
#882=CARTESIAN_POINT('',(-116.147990942,-50.247438779,24.657459202));
#883=VERTEX_POINT('',#882);
#884=CARTESIAN_POINT('',(-116.147990942,-50.247438779,29.857459202));
#885=DIRECTION('',(-0.,0.,-1.));
#886=VECTOR('',#885,5.2);
#887=LINE('',#884,#886);
#888=EDGE_CURVE('',#875,#883,#887,.T.);
#889=ORIENTED_EDGE('',*,*,#888,.T.);
#890=CARTESIAN_POINT('',(-116.147990942,-50.247438779,24.657459202));
#891=DIRECTION('',(-1.,0.,0.));
#892=VECTOR('',#891,25.171809058);
#893=LINE('',#890,#892);
#894=EDGE_CURVE('',#883,#865,#893,.T.);
#895=ORIENTED_EDGE('',*,*,#894,.T.);
#896=EDGE_LOOP('',(#873,#881,#889,#895));
#897=FACE_BOUND('',#896,.T.);
#898=ADVANCED_FACE('',(#897),#863,.T.);
#899=CARTESIAN_POINT('',(0.8,-2.003388779,24.457459202));
#900=DIRECTION('',(0.,-0.,1.));
#901=DIRECTION('',(1.,0.,0.));
#902=AXIS2_PLACEMENT_3D('',#899,#900,#901);
#903=PLANE('',#902);
#904=CARTESIAN_POINT('',(144.4198,16.996611221,24.457459202));
#905=VERTEX_POINT('',#904);
#906=CARTESIAN_POINT('',(144.1198,16.696611221,24.457459202));
#907=VERTEX_POINT('',#906);
#908=CARTESIAN_POINT('',(144.4198,16.996611221,24.457459202));
#909=DIRECTION('',(-0.707106781,-0.707106781,-0.));
#910=VECTOR('',#909,0.424264069);
#911=LINE('',#908,#910);
#912=EDGE_CURVE('',#905,#907,#911,.T.);
#913=ORIENTED_EDGE('',*,*,#912,.T.);
#914=CARTESIAN_POINT('',(144.1198,44.240661221,24.457459202));
#915=VERTEX_POINT('',#914);
#916=CARTESIAN_POINT('',(144.1198,16.696611221,24.457459202));
#917=DIRECTION('',(0.,1.,0.));
#918=VECTOR('',#917,27.54405);
#919=LINE('',#916,#918);
#920=EDGE_CURVE('',#907,#915,#919,.T.);
#921=ORIENTED_EDGE('',*,*,#920,.T.);
#922=CARTESIAN_POINT('',(141.9198,46.440661221,24.457459202));
#923=VERTEX_POINT('',#922);
#924=CARTESIAN_POINT('',(141.9198,44.240661221,24.457459202));
#925=DIRECTION('',(0.,-0.,1.));
#926=DIRECTION('',(0.,-1.,-0.));
#927=AXIS2_PLACEMENT_3D('',#924,#925,#926);
#928=CIRCLE('',#927,2.2);
#929=EDGE_CURVE('',#915,#923,#928,.T.);
#930=ORIENTED_EDGE('',*,*,#929,.T.);
#931=CARTESIAN_POINT('',(-141.3198,46.440661221,24.457459202));
#932=VERTEX_POINT('',#931);
#933=CARTESIAN_POINT('',(141.9198,46.440661221,24.457459202));
#934=DIRECTION('',(-1.,0.,0.));
#935=VECTOR('',#934,283.2396);
#936=LINE('',#933,#935);
#937=EDGE_CURVE('',#923,#932,#936,.T.);
#938=ORIENTED_EDGE('',*,*,#937,.T.);
#939=CARTESIAN_POINT('',(-143.5198,44.240661221,24.457459202));
#940=VERTEX_POINT('',#939);
#941=CARTESIAN_POINT('',(-141.3198,44.240661221,24.457459202));
#942=DIRECTION('',(0.,-0.,1.));
#943=DIRECTION('',(0.,-1.,-0.));
#944=AXIS2_PLACEMENT_3D('',#941,#942,#943);
#945=CIRCLE('',#944,2.2);
#946=EDGE_CURVE('',#932,#940,#945,.T.);
#947=ORIENTED_EDGE('',*,*,#946,.T.);
#948=CARTESIAN_POINT('',(-143.5198,-48.247438779,24.457459202));
#949=VERTEX_POINT('',#948);
#950=CARTESIAN_POINT('',(-143.5198,44.240661221,24.457459202));
#951=DIRECTION('',(0.,-1.,-0.));
#952=VECTOR('',#951,92.4881);
#953=LINE('',#950,#952);
#954=EDGE_CURVE('',#940,#949,#953,.T.);
#955=ORIENTED_EDGE('',*,*,#954,.T.);
#956=CARTESIAN_POINT('',(-141.3198,-50.447438779,24.457459202));
#957=VERTEX_POINT('',#956);
#958=CARTESIAN_POINT('',(-141.3198,-48.247438779,24.457459202));
#959=DIRECTION('',(0.,-0.,1.));
#960=DIRECTION('',(0.,-1.,-0.));
#961=AXIS2_PLACEMENT_3D('',#958,#959,#960);
#962=CIRCLE('',#961,2.2);
#963=EDGE_CURVE('',#949,#957,#962,.T.);
#964=ORIENTED_EDGE('',*,*,#963,.T.);
#965=CARTESIAN_POINT('',(-116.147990942,-50.447438779,24.457459202));
#966=VERTEX_POINT('',#965);
#967=CARTESIAN_POINT('',(-141.3198,-50.447438779,24.457459202));
#968=DIRECTION('',(1.,0.,-0.));
#969=VECTOR('',#968,25.171809058);
#970=LINE('',#967,#969);
#971=EDGE_CURVE('',#957,#966,#970,.T.);
#972=ORIENTED_EDGE('',*,*,#971,.T.);
#973=CARTESIAN_POINT('',(-113.947990942,-48.247438779,24.457459202));
#974=VERTEX_POINT('',#973);
#975=CARTESIAN_POINT('',(-116.147990942,-48.247438779,24.457459202));
#976=DIRECTION('',(0.,-0.,1.));
#977=DIRECTION('',(0.,-1.,-0.));
#978=AXIS2_PLACEMENT_3D('',#975,#976,#977);
#979=CIRCLE('',#978,2.2);
#980=EDGE_CURVE('',#966,#974,#979,.T.);
#981=ORIENTED_EDGE('',*,*,#980,.T.);
#982=CARTESIAN_POINT('',(-113.947990942,-33.197438779,24.457459202));
#983=VERTEX_POINT('',#982);
#984=CARTESIAN_POINT('',(-113.947990942,-48.247438779,24.457459202));
#985=DIRECTION('',(0.,1.,0.));
#986=VECTOR('',#985,15.05);
#987=LINE('',#984,#986);
#988=EDGE_CURVE('',#974,#983,#987,.T.);
#989=ORIENTED_EDGE('',*,*,#988,.T.);
#990=CARTESIAN_POINT('',(-112.147990942,-31.397438779,24.457459202));
#991=VERTEX_POINT('',#990);
#992=CARTESIAN_POINT('',(-112.147990942,-33.197438779,24.457459202));
#993=DIRECTION('',(-0.,0.,-1.));
#994=DIRECTION('',(0.,-1.,-0.));
#995=AXIS2_PLACEMENT_3D('',#992,#993,#994);
#996=CIRCLE('',#995,1.8);
#997=EDGE_CURVE('',#983,#991,#996,.T.);
#998=ORIENTED_EDGE('',*,*,#997,.T.);
#999=CARTESIAN_POINT('',(-97.097990942,-31.397438779,24.457459202));
#1000=VERTEX_POINT('',#999);
#1001=CARTESIAN_POINT('',(-112.147990942,-31.397438779,24.457459202));
#1002=DIRECTION('',(1.,-0.,-0.));
#1003=VECTOR('',#1002,15.05);
#1004=LINE('',#1001,#1003);
#1005=EDGE_CURVE('',#991,#1000,#1004,.T.);
#1006=ORIENTED_EDGE('',*,*,#1005,.T.);
#1007=CARTESIAN_POINT('',(-95.297990942,-33.197438779,24.457459202));
#1008=VERTEX_POINT('',#1007);
#1009=CARTESIAN_POINT('',(-97.097990942,-33.197438779,24.457459202));
#1010=DIRECTION('',(-0.,0.,-1.));
#1011=DIRECTION('',(0.,-1.,-0.));
#1012=AXIS2_PLACEMENT_3D('',#1009,#1010,#1011);
#1013=CIRCLE('',#1012,1.8);
#1014=EDGE_CURVE('',#1000,#1008,#1013,.T.);
#1015=ORIENTED_EDGE('',*,*,#1014,.T.);
#1016=CARTESIAN_POINT('',(-95.297990942,-48.247438779,24.457459202));
#1017=VERTEX_POINT('',#1016);
#1018=CARTESIAN_POINT('',(-95.297990942,-33.197438779,24.457459202));
#1019=DIRECTION('',(0.,-1.,-0.));
#1020=VECTOR('',#1019,15.05);
#1021=LINE('',#1018,#1020);
#1022=EDGE_CURVE('',#1008,#1017,#1021,.T.);
#1023=ORIENTED_EDGE('',*,*,#1022,.T.);
#1024=CARTESIAN_POINT('',(-93.097990942,-50.447438779,24.457459202));
#1025=VERTEX_POINT('',#1024);
#1026=CARTESIAN_POINT('',(-93.097990942,-48.247438779,24.457459202));
#1027=DIRECTION('',(0.,-0.,1.));
#1028=DIRECTION('',(0.,-1.,-0.));
#1029=AXIS2_PLACEMENT_3D('',#1026,#1027,#1028);
#1030=CIRCLE('',#1029,2.2);
#1031=EDGE_CURVE('',#1017,#1025,#1030,.T.);
#1032=ORIENTED_EDGE('',*,*,#1031,.T.);
#1033=CARTESIAN_POINT('',(93.417627251,-50.447438779,24.457459202));
#1034=VERTEX_POINT('',#1033);
#1035=CARTESIAN_POINT('',(-93.097990942,-50.447438779,24.457459202));
#1036=DIRECTION('',(1.,0.,-0.));
#1037=VECTOR('',#1036,186.515618193);
#1038=LINE('',#1035,#1037);
#1039=EDGE_CURVE('',#1025,#1034,#1038,.T.);
#1040=ORIENTED_EDGE('',*,*,#1039,.T.);
#1041=CARTESIAN_POINT('',(95.617627251,-48.247438779,24.457459202));
#1042=VERTEX_POINT('',#1041);
#1043=CARTESIAN_POINT('',(93.417627251,-48.247438779,24.457459202));
#1044=DIRECTION('',(0.,-0.,1.));
#1045=DIRECTION('',(0.,-1.,-0.));
#1046=AXIS2_PLACEMENT_3D('',#1043,#1044,#1045);
#1047=CIRCLE('',#1046,2.2);
#1048=EDGE_CURVE('',#1034,#1042,#1047,.T.);
#1049=ORIENTED_EDGE('',*,*,#1048,.T.);
#1050=CARTESIAN_POINT('',(95.617627251,-33.197438779,24.457459202));
#1051=VERTEX_POINT('',#1050);
#1052=CARTESIAN_POINT('',(95.617627251,-48.247438779,24.457459202));
#1053=DIRECTION('',(0.,1.,0.));
#1054=VECTOR('',#1053,15.05);
#1055=LINE('',#1052,#1054);
#1056=EDGE_CURVE('',#1042,#1051,#1055,.T.);
#1057=ORIENTED_EDGE('',*,*,#1056,.T.);
#1058=CARTESIAN_POINT('',(97.417627251,-31.397438779,24.457459202));
#1059=VERTEX_POINT('',#1058);
#1060=CARTESIAN_POINT('',(97.417627251,-33.197438779,24.457459202));
#1061=DIRECTION('',(-0.,0.,-1.));
#1062=DIRECTION('',(0.,-1.,-0.));
#1063=AXIS2_PLACEMENT_3D('',#1060,#1061,#1062);
#1064=CIRCLE('',#1063,1.8);
#1065=EDGE_CURVE('',#1051,#1059,#1064,.T.);
#1066=ORIENTED_EDGE('',*,*,#1065,.T.);
#1067=CARTESIAN_POINT('',(112.467627251,-31.397438779,24.457459202));
#1068=VERTEX_POINT('',#1067);
#1069=CARTESIAN_POINT('',(97.417627251,-31.397438779,24.457459202));
#1070=DIRECTION('',(1.,-0.,-0.));
#1071=VECTOR('',#1070,15.05);
#1072=LINE('',#1069,#1071);
#1073=EDGE_CURVE('',#1059,#1068,#1072,.T.);
#1074=ORIENTED_EDGE('',*,*,#1073,.T.);
#1075=CARTESIAN_POINT('',(114.267627251,-33.197438779,24.457459202));
#1076=VERTEX_POINT('',#1075);
#1077=CARTESIAN_POINT('',(112.467627251,-33.197438779,24.457459202));
#1078=DIRECTION('',(-0.,0.,-1.));
#1079=DIRECTION('',(0.,-1.,-0.));
#1080=AXIS2_PLACEMENT_3D('',#1077,#1078,#1079);
#1081=CIRCLE('',#1080,1.8);
#1082=EDGE_CURVE('',#1068,#1076,#1081,.T.);
#1083=ORIENTED_EDGE('',*,*,#1082,.T.);
#1084=CARTESIAN_POINT('',(114.267627251,-48.247438779,24.457459202));
#1085=VERTEX_POINT('',#1084);
#1086=CARTESIAN_POINT('',(114.267627251,-33.197438779,24.457459202));
#1087=DIRECTION('',(0.,-1.,-0.));
#1088=VECTOR('',#1087,15.05);
#1089=LINE('',#1086,#1088);
#1090=EDGE_CURVE('',#1076,#1085,#1089,.T.);
#1091=ORIENTED_EDGE('',*,*,#1090,.T.);
#1092=CARTESIAN_POINT('',(116.467627251,-50.447438779,24.457459202));
#1093=VERTEX_POINT('',#1092);
#1094=CARTESIAN_POINT('',(116.467627251,-48.247438779,24.457459202));
#1095=DIRECTION('',(0.,-0.,1.));
#1096=DIRECTION('',(0.,-1.,-0.));
#1097=AXIS2_PLACEMENT_3D('',#1094,#1095,#1096);
#1098=CIRCLE('',#1097,2.2);
#1099=EDGE_CURVE('',#1085,#1093,#1098,.T.);
#1100=ORIENTED_EDGE('',*,*,#1099,.T.);
#1101=CARTESIAN_POINT('',(141.9198,-50.447438779,24.457459202));
#1102=VERTEX_POINT('',#1101);
#1103=CARTESIAN_POINT('',(116.467627251,-50.447438779,24.457459202));
#1104=DIRECTION('',(1.,0.,-0.));
#1105=VECTOR('',#1104,25.452172749);
#1106=LINE('',#1103,#1105);
#1107=EDGE_CURVE('',#1093,#1102,#1106,.T.);
#1108=ORIENTED_EDGE('',*,*,#1107,.T.);
#1109=CARTESIAN_POINT('',(144.1198,-48.247438779,24.457459202));
#1110=VERTEX_POINT('',#1109);
#1111=CARTESIAN_POINT('',(141.9198,-48.247438779,24.457459202));
#1112=DIRECTION('',(0.,-0.,1.));
#1113=DIRECTION('',(0.,-1.,-0.));
#1114=AXIS2_PLACEMENT_3D('',#1111,#1112,#1113);
#1115=CIRCLE('',#1114,2.2);
#1116=EDGE_CURVE('',#1102,#1110,#1115,.T.);
#1117=ORIENTED_EDGE('',*,*,#1116,.T.);
#1118=CARTESIAN_POINT('',(144.1198,-20.503388779,24.457459202));
#1119=VERTEX_POINT('',#1118);
#1120=CARTESIAN_POINT('',(144.1198,-48.247438779,24.457459202));
#1121=DIRECTION('',(0.,1.,0.));
#1122=VECTOR('',#1121,27.74405);
#1123=LINE('',#1120,#1122);
#1124=EDGE_CURVE('',#1110,#1119,#1123,.T.);
#1125=ORIENTED_EDGE('',*,*,#1124,.T.);
#1126=CARTESIAN_POINT('',(144.6198,-21.003388779,24.457459202));
#1127=VERTEX_POINT('',#1126);
#1128=CARTESIAN_POINT('',(144.1198,-20.503388779,24.457459202));
#1129=DIRECTION('',(0.707106781,-0.707106781,-0.));
#1130=VECTOR('',#1129,0.707106781);
#1131=LINE('',#1128,#1130);
#1132=EDGE_CURVE('',#1119,#1127,#1131,.T.);
#1133=ORIENTED_EDGE('',*,*,#1132,.T.);
#1134=CARTESIAN_POINT('',(146.5198,-21.003388779,24.457459202));
#1135=VERTEX_POINT('',#1134);
#1136=CARTESIAN_POINT('',(146.5198,-21.003388779,24.457459202));
#1137=DIRECTION('',(-1.,0.,0.));
#1138=VECTOR('',#1137,1.9);
#1139=LINE('',#1136,#1138);
#1140=EDGE_CURVE('',#1135,#1127,#1139,.T.);
#1141=ORIENTED_EDGE('',*,*,#1140,.F.);
#1142=CARTESIAN_POINT('',(146.5198,-52.147438779,24.457459202));
#1143=VERTEX_POINT('',#1142);
#1144=CARTESIAN_POINT('',(146.5198,-21.003388779,24.457459202));
#1145=DIRECTION('',(0.,-1.,-0.));
#1146=VECTOR('',#1145,31.14405);
#1147=LINE('',#1144,#1146);
#1148=EDGE_CURVE('',#1135,#1143,#1147,.T.);
#1149=ORIENTED_EDGE('',*,*,#1148,.T.);
#1150=CARTESIAN_POINT('',(141.6198,-57.047438779,24.457459202));
#1151=VERTEX_POINT('',#1150);
#1152=CARTESIAN_POINT('',(141.6198,-52.147438779,24.457459202));
#1153=DIRECTION('',(-0.,0.,-1.));
#1154=DIRECTION('',(1.,0.,0.));
#1155=AXIS2_PLACEMENT_3D('',#1152,#1153,#1154);
#1156=CIRCLE('',#1155,4.9);
#1157=EDGE_CURVE('',#1143,#1151,#1156,.T.);
#1158=ORIENTED_EDGE('',*,*,#1157,.T.);
#1159=CARTESIAN_POINT('',(-141.5198,-57.047438779,24.457459202));
#1160=VERTEX_POINT('',#1159);
#1161=CARTESIAN_POINT('',(141.6198,-57.047438779,24.457459202));
#1162=DIRECTION('',(-1.,0.,0.));
#1163=VECTOR('',#1162,283.1396);
#1164=LINE('',#1161,#1163);
#1165=EDGE_CURVE('',#1151,#1160,#1164,.T.);
#1166=ORIENTED_EDGE('',*,*,#1165,.T.);
#1167=CARTESIAN_POINT('',(-146.3198,-52.247438779,24.457459202));
#1168=VERTEX_POINT('',#1167);
#1169=CARTESIAN_POINT('',(-141.5198,-52.247438779,24.457459202));
#1170=DIRECTION('',(-0.,0.,-1.));
#1171=DIRECTION('',(1.,0.,0.));
#1172=AXIS2_PLACEMENT_3D('',#1169,#1170,#1171);
#1173=CIRCLE('',#1172,4.8);
#1174=EDGE_CURVE('',#1160,#1168,#1173,.T.);
#1175=ORIENTED_EDGE('',*,*,#1174,.T.);
#1176=CARTESIAN_POINT('',(-146.3198,48.440661221,24.457459202));
#1177=VERTEX_POINT('',#1176);
#1178=CARTESIAN_POINT('',(-146.3198,-52.247438779,24.457459202));
#1179=DIRECTION('',(0.,1.,0.));
#1180=VECTOR('',#1179,100.6881);
#1181=LINE('',#1178,#1180);
#1182=EDGE_CURVE('',#1168,#1177,#1181,.T.);
#1183=ORIENTED_EDGE('',*,*,#1182,.T.);
#1184=CARTESIAN_POINT('',(-141.5198,53.240661221,24.457459202));
#1185=VERTEX_POINT('',#1184);
#1186=CARTESIAN_POINT('',(-141.5198,48.440661221,24.457459202));
#1187=DIRECTION('',(-0.,0.,-1.));
#1188=DIRECTION('',(1.,0.,0.));
#1189=AXIS2_PLACEMENT_3D('',#1186,#1187,#1188);
#1190=CIRCLE('',#1189,4.8);
#1191=EDGE_CURVE('',#1177,#1185,#1190,.T.);
#1192=ORIENTED_EDGE('',*,*,#1191,.T.);
#1193=CARTESIAN_POINT('',(141.7198,53.240661221,24.457459202));
#1194=VERTEX_POINT('',#1193);
#1195=CARTESIAN_POINT('',(-141.5198,53.240661221,24.457459202));
#1196=DIRECTION('',(1.,0.,-0.));
#1197=VECTOR('',#1196,283.2396);
#1198=LINE('',#1195,#1197);
#1199=EDGE_CURVE('',#1185,#1194,#1198,.T.);
#1200=ORIENTED_EDGE('',*,*,#1199,.T.);
#1201=CARTESIAN_POINT('',(146.5198,48.440661221,24.457459202));
#1202=VERTEX_POINT('',#1201);
#1203=CARTESIAN_POINT('',(141.7198,48.440661221,24.457459202));
#1204=DIRECTION('',(-0.,0.,-1.));
#1205=DIRECTION('',(1.,0.,0.));
#1206=AXIS2_PLACEMENT_3D('',#1203,#1204,#1205);
#1207=CIRCLE('',#1206,4.8);
#1208=EDGE_CURVE('',#1194,#1202,#1207,.T.);
#1209=ORIENTED_EDGE('',*,*,#1208,.T.);
#1210=CARTESIAN_POINT('',(146.5198,16.996611221,24.457459202));
#1211=VERTEX_POINT('',#1210);
#1212=CARTESIAN_POINT('',(146.5198,48.440661221,24.457459202));
#1213=DIRECTION('',(0.,-1.,-0.));
#1214=VECTOR('',#1213,31.44405);
#1215=LINE('',#1212,#1214);
#1216=EDGE_CURVE('',#1202,#1211,#1215,.T.);
#1217=ORIENTED_EDGE('',*,*,#1216,.T.);
#1218=CARTESIAN_POINT('',(146.5198,16.996611221,24.457459202));
#1219=DIRECTION('',(-1.,0.,0.));
#1220=VECTOR('',#1219,2.1);
#1221=LINE('',#1218,#1220);
#1222=EDGE_CURVE('',#1211,#905,#1221,.T.);
#1223=ORIENTED_EDGE('',*,*,#1222,.T.);
#1224=EDGE_LOOP('',(#913,#921,#930,#938,#947,#955,#964,#972,#981,#989,#998,#1006,#1015,#1023,#1032,#1040,#1049,#1057,#1066,#1074,#1083,#1091,#1100,#1108,#1117,#1125,
#1133,#1141,#1149,#1158,#1166,#1175,#1183,#1192,#1200,#1209,#1217,#1223));
#1225=FACE_BOUND('',#1224,.T.);
#1226=ADVANCED_FACE('',(#1225),#903,.F.);
#1227=CARTESIAN_POINT('',(-72.8099,-57.247438779,24.957459202));
#1228=DIRECTION('',(0.,-1.,-0.));
#1229=DIRECTION('',(0.,0.,-1.));
#1230=AXIS2_PLACEMENT_3D('',#1227,#1228,#1229);
#1231=PLANE('',#1230);
#1232=CARTESIAN_POINT('',(-141.5198,-57.247438779,11.757459202));
#1233=VERTEX_POINT('',#1232);
#1234=CARTESIAN_POINT('',(-141.5198,-57.247438779,24.257459202));
#1235=VERTEX_POINT('',#1234);
#1236=CARTESIAN_POINT('',(-141.5198,-57.247438779,11.757459202));
#1237=DIRECTION('',(-0.,-0.,1.));
#1238=VECTOR('',#1237,12.5);
#1239=LINE('',#1236,#1238);
#1240=EDGE_CURVE('',#1233,#1235,#1239,.T.);
#1241=ORIENTED_EDGE('',*,*,#1240,.T.);
#1242=CARTESIAN_POINT('',(141.6198,-57.247438779,24.257459202));
#1243=VERTEX_POINT('',#1242);
#1244=CARTESIAN_POINT('',(-141.5198,-57.247438779,24.257459202));
#1245=DIRECTION('',(1.,0.,-0.));
#1246=VECTOR('',#1245,283.1396);
#1247=LINE('',#1244,#1246);
#1248=EDGE_CURVE('',#1235,#1243,#1247,.T.);
#1249=ORIENTED_EDGE('',*,*,#1248,.T.);
#1250=CARTESIAN_POINT('',(141.6198,-57.247438779,11.757459202));
#1251=VERTEX_POINT('',#1250);
#1252=CARTESIAN_POINT('',(141.6198,-57.247438779,24.257459202));
#1253=DIRECTION('',(0.,0.,-1.));
#1254=VECTOR('',#1253,12.5);
#1255=LINE('',#1252,#1254);
#1256=EDGE_CURVE('',#1243,#1251,#1255,.T.);
#1257=ORIENTED_EDGE('',*,*,#1256,.T.);
#1258=CARTESIAN_POINT('',(141.6198,-57.247438779,11.757459202));
#1259=DIRECTION('',(-1.,0.,0.));
#1260=VECTOR('',#1259,283.1396);
#1261=LINE('',#1258,#1260);
#1262=EDGE_CURVE('',#1251,#1233,#1261,.T.);
#1263=ORIENTED_EDGE('',*,*,#1262,.T.);
#1264=EDGE_LOOP('',(#1241,#1249,#1257,#1263));
#1265=FACE_BOUND('',#1264,.T.);
#1266=ADVANCED_FACE('',(#1265),#1231,.F.);
#1267=CARTESIAN_POINT('',(-141.3198,-48.247438779,6.257459202));
#1268=DIRECTION('',(0.,-0.,1.));
#1269=DIRECTION('',(1.,0.,0.));
#1270=AXIS2_PLACEMENT_3D('',#1267,#1268,#1269);
#1271=CYLINDRICAL_SURFACE('',#1270,2.);
#1272=CARTESIAN_POINT('',(-143.3198,-48.247438779,29.857459202));
#1273=VERTEX_POINT('',#1272);
#1274=CARTESIAN_POINT('',(-143.3198,-48.247438779,24.657459202));
#1275=VERTEX_POINT('',#1274);
#1276=CARTESIAN_POINT('',(-143.3198,-48.247438779,29.857459202));
#1277=DIRECTION('',(-0.,0.,-1.));
#1278=VECTOR('',#1277,5.2);
#1279=LINE('',#1276,#1278);
#1280=EDGE_CURVE('',#1273,#1275,#1279,.T.);
#1281=ORIENTED_EDGE('',*,*,#1280,.F.);
#1282=CARTESIAN_POINT('',(-141.3198,-48.247438779,29.857459202));
#1283=DIRECTION('',(0.,0.,1.));
#1284=DIRECTION('',(1.,0.,-0.));
#1285=AXIS2_PLACEMENT_3D('',#1282,#1283,#1284);
#1286=CIRCLE('',#1285,2.);
#1287=EDGE_CURVE('',#1273,#867,#1286,.T.);
#1288=ORIENTED_EDGE('',*,*,#1287,.T.);
#1289=ORIENTED_EDGE('',*,*,#872,.F.);
#1290=CARTESIAN_POINT('',(-141.3198,-48.247438779,24.657459202));
#1291=DIRECTION('',(-0.,-0.,-1.));
#1292=DIRECTION('',(1.,0.,-0.));
#1293=AXIS2_PLACEMENT_3D('',#1290,#1291,#1292);
#1294=CIRCLE('',#1293,2.);
#1295=EDGE_CURVE('',#865,#1275,#1294,.T.);
#1296=ORIENTED_EDGE('',*,*,#1295,.T.);
#1297=EDGE_LOOP('',(#1281,#1288,#1289,#1296));
#1298=FACE_BOUND('',#1297,.T.);
#1299=ADVANCED_FACE('',(#1298),#1271,.F.);
#1300=CARTESIAN_POINT('',(141.6198,-52.147438779,24.957459202));
#1301=DIRECTION('',(0.,-0.,1.));
#1302=DIRECTION('',(1.,0.,0.));
#1303=AXIS2_PLACEMENT_3D('',#1300,#1301,#1302);
#1304=CYLINDRICAL_SURFACE('',#1303,5.1);
#1305=ORIENTED_EDGE('',*,*,#1256,.F.);
#1306=CARTESIAN_POINT('',(141.6198,-52.147438779,24.257459202));
#1307=DIRECTION('',(-0.,-0.,1.));
#1308=DIRECTION('',(0.,1.,0.));
#1309=AXIS2_PLACEMENT_3D('',#1306,#1307,#1308);
#1310=CIRCLE('',#1309,5.1);
#1311=EDGE_CURVE('',#1243,#827,#1310,.T.);
#1312=ORIENTED_EDGE('',*,*,#1311,.T.);
#1313=ORIENTED_EDGE('',*,*,#832,.F.);
#1314=CARTESIAN_POINT('',(141.6198,-52.147438779,11.757459202));
#1315=DIRECTION('',(0.,0.,-1.));
#1316=DIRECTION('',(-1.,0.,0.));
#1317=AXIS2_PLACEMENT_3D('',#1314,#1315,#1316);
#1318=CIRCLE('',#1317,5.1);
#1319=EDGE_CURVE('',#825,#1251,#1318,.T.);
#1320=ORIENTED_EDGE('',*,*,#1319,.T.);
#1321=EDGE_LOOP('',(#1305,#1312,#1313,#1320));
#1322=FACE_BOUND('',#1321,.T.);
#1323=ADVANCED_FACE('',(#1322),#1304,.F.);
#1324=CARTESIAN_POINT('',(-141.5198,-52.247438779,24.967459202));
#1325=DIRECTION('',(0.,-0.,1.));
#1326=DIRECTION('',(1.,0.,0.));
#1327=AXIS2_PLACEMENT_3D('',#1324,#1325,#1326);
#1328=CYLINDRICAL_SURFACE('',#1327,5.);
#1329=CARTESIAN_POINT('',(-146.5198,-52.247438779,24.257459202));
#1330=VERTEX_POINT('',#1329);
#1331=CARTESIAN_POINT('',(-146.5198,-52.247438779,11.757459202));
#1332=VERTEX_POINT('',#1331);
#1333=CARTESIAN_POINT('',(-146.5198,-52.247438779,24.257459202));
#1334=DIRECTION('',(-0.,0.,-1.));
#1335=VECTOR('',#1334,12.5);
#1336=LINE('',#1333,#1335);
#1337=EDGE_CURVE('',#1330,#1332,#1336,.T.);
#1338=ORIENTED_EDGE('',*,*,#1337,.F.);
#1339=CARTESIAN_POINT('',(-141.5198,-52.247438779,24.257459202));
#1340=DIRECTION('',(-0.,-0.,1.));
#1341=DIRECTION('',(0.,1.,0.));
#1342=AXIS2_PLACEMENT_3D('',#1339,#1340,#1341);
#1343=CIRCLE('',#1342,5.);
#1344=EDGE_CURVE('',#1330,#1235,#1343,.T.);
#1345=ORIENTED_EDGE('',*,*,#1344,.T.);
#1346=ORIENTED_EDGE('',*,*,#1240,.F.);
#1347=CARTESIAN_POINT('',(-141.5198,-52.247438779,11.757459202));
#1348=DIRECTION('',(0.,0.,-1.));
#1349=DIRECTION('',(-1.,0.,0.));
#1350=AXIS2_PLACEMENT_3D('',#1347,#1348,#1349);
#1351=CIRCLE('',#1350,5.);
#1352=EDGE_CURVE('',#1233,#1332,#1351,.T.);
#1353=ORIENTED_EDGE('',*,*,#1352,.T.);
#1354=EDGE_LOOP('',(#1338,#1345,#1346,#1353));
#1355=FACE_BOUND('',#1354,.T.);
#1356=ADVANCED_FACE('',(#1355),#1328,.F.);
#1357=CARTESIAN_POINT('',(151.0198,31.868636221,24.957459202));
#1358=DIRECTION('',(1.,0.,0.));
#1359=DIRECTION('',(0.,0.,-1.));
#1360=AXIS2_PLACEMENT_3D('',#1357,#1358,#1359);
#1361=PLANE('',#1360);
#1362=CARTESIAN_POINT('',(151.019799998,-52.747438779,13.264565985));
#1363=VERTEX_POINT('',#1362);
#1364=CARTESIAN_POINT('',(151.0198,48.740661221,13.264565985));
#1365=VERTEX_POINT('',#1364);
#1366=CARTESIAN_POINT('',(151.0198,-52.747438779,13.264565985));
#1367=DIRECTION('',(0.,1.,0.));
#1368=VECTOR('',#1367,101.4881);
#1369=LINE('',#1366,#1368);
#1370=EDGE_CURVE('',#1363,#1365,#1369,.T.);
#1371=ORIENTED_EDGE('',*,*,#1370,.T.);
#1372=CARTESIAN_POINT('',(151.019799997,48.740661219,28.267509705));
#1373=VERTEX_POINT('',#1372);
#1374=CARTESIAN_POINT('',(151.0198,48.740661221,13.264565985));
#1375=DIRECTION('',(-0.,-0.,1.));
#1376=VECTOR('',#1375,15.002943721);
#1377=LINE('',#1374,#1376);
#1378=EDGE_CURVE('',#1365,#1373,#1377,.T.);
#1379=ORIENTED_EDGE('',*,*,#1378,.T.);
#1380=CARTESIAN_POINT('',(151.0198,-52.747438779,28.267509705));
#1381=VERTEX_POINT('',#1380);
#1382=CARTESIAN_POINT('',(151.0198,48.740661219,28.267509708));
#1383=DIRECTION('',(-0.,-1.,-0.));
#1384=VECTOR('',#1383,101.488099998);
#1385=LINE('',#1382,#1384);
#1386=EDGE_CURVE('',#1373,#1381,#1385,.T.);
#1387=ORIENTED_EDGE('',*,*,#1386,.T.);
#1388=CARTESIAN_POINT('',(151.0198,-52.747438779,28.267509705));
#1389=DIRECTION('',(0.,0.,-1.));
#1390=VECTOR('',#1389,15.00294372);
#1391=LINE('',#1388,#1390);
#1392=EDGE_CURVE('',#1381,#1363,#1391,.T.);
#1393=ORIENTED_EDGE('',*,*,#1392,.T.);
#1394=EDGE_LOOP('',(#1371,#1379,#1387,#1393));
#1395=FACE_BOUND('',#1394,.T.);
#1396=ADVANCED_FACE('',(#1395),#1361,.T.);
#1397=CARTESIAN_POINT('',(-150.4198,28.868636221,24.957459202));
#1398=DIRECTION('',(1.,0.,0.));
#1399=DIRECTION('',(0.,0.,-1.));
#1400=AXIS2_PLACEMENT_3D('',#1397,#1398,#1399);
#1401=PLANE('',#1400);
#1402=CARTESIAN_POINT('',(-150.419799999,-52.747438779,13.264565986));
#1403=VERTEX_POINT('',#1402);
#1404=CARTESIAN_POINT('',(-150.419799997,-52.747438779,28.267509705));
#1405=VERTEX_POINT('',#1404);
#1406=CARTESIAN_POINT('',(-150.4198,-52.747438779,13.264565986));
#1407=DIRECTION('',(-0.,-0.,1.));
#1408=VECTOR('',#1407,15.002943719);
#1409=LINE('',#1406,#1408);
#1410=EDGE_CURVE('',#1403,#1405,#1409,.T.);
#1411=ORIENTED_EDGE('',*,*,#1410,.T.);
#1412=CARTESIAN_POINT('',(-150.4198,48.740615626,28.267509708));
#1413=VERTEX_POINT('',#1412);
#1414=CARTESIAN_POINT('',(-150.4198,-52.747438779,28.267509708));
#1415=DIRECTION('',(0.,1.,0.));
#1416=VECTOR('',#1415,101.488054405);
#1417=LINE('',#1414,#1416);
#1418=EDGE_CURVE('',#1405,#1413,#1417,.T.);
#1419=ORIENTED_EDGE('',*,*,#1418,.T.);
#1420=CARTESIAN_POINT('',(-150.4198,48.740661221,13.264565984));
#1421=VERTEX_POINT('',#1420);
#1422=CARTESIAN_POINT('',(-150.4198,48.740661221,28.267509708));
#1423=DIRECTION('',(0.,0.,-1.));
#1424=VECTOR('',#1423,15.002943724);
#1425=LINE('',#1422,#1424);
#1426=EDGE_CURVE('',#1413,#1421,#1425,.T.);
#1427=ORIENTED_EDGE('',*,*,#1426,.T.);
#1428=CARTESIAN_POINT('',(-150.4198,48.740661221,13.264565984));
#1429=DIRECTION('',(-0.,-1.,-0.));
#1430=VECTOR('',#1429,101.4881);
#1431=LINE('',#1428,#1430);
#1432=EDGE_CURVE('',#1421,#1403,#1431,.T.);
#1433=ORIENTED_EDGE('',*,*,#1432,.T.);
#1434=EDGE_LOOP('',(#1411,#1419,#1427,#1433));
#1435=FACE_BOUND('',#1434,.T.);
#1436=ADVANCED_FACE('',(#1435),#1401,.F.);
#1437=CARTESIAN_POINT('',(-143.3198,-2.003388779,6.257459202));
#1438=DIRECTION('',(1.,0.,0.));
#1439=DIRECTION('',(0.,1.,0.));
#1440=AXIS2_PLACEMENT_3D('',#1437,#1438,#1439);
#1441=PLANE('',#1440);
#1442=CARTESIAN_POINT('',(-143.3198,44.240661221,24.657459202));
#1443=VERTEX_POINT('',#1442);
#1444=CARTESIAN_POINT('',(-143.3198,44.240661221,29.857459202));
#1445=VERTEX_POINT('',#1444);
#1446=CARTESIAN_POINT('',(-143.3198,44.240661221,24.657459202));
#1447=DIRECTION('',(0.,-0.,1.));
#1448=VECTOR('',#1447,5.2);
#1449=LINE('',#1446,#1448);
#1450=EDGE_CURVE('',#1443,#1445,#1449,.T.);
#1451=ORIENTED_EDGE('',*,*,#1450,.T.);
#1452=CARTESIAN_POINT('',(-143.3198,44.240661221,29.857459202));
#1453=DIRECTION('',(0.,-1.,-0.));
#1454=VECTOR('',#1453,92.4881);
#1455=LINE('',#1452,#1454);
#1456=EDGE_CURVE('',#1445,#1273,#1455,.T.);
#1457=ORIENTED_EDGE('',*,*,#1456,.T.);
#1458=ORIENTED_EDGE('',*,*,#1280,.T.);
#1459=CARTESIAN_POINT('',(-143.3198,-48.247438779,24.657459202));
#1460=DIRECTION('',(0.,1.,0.));
#1461=VECTOR('',#1460,92.4881);
#1462=LINE('',#1459,#1461);
#1463=EDGE_CURVE('',#1275,#1443,#1462,.T.);
#1464=ORIENTED_EDGE('',*,*,#1463,.T.);
#1465=EDGE_LOOP('',(#1451,#1457,#1458,#1464));
#1466=FACE_BOUND('',#1465,.T.);
#1467=ADVANCED_FACE('',(#1466),#1441,.T.);
#1468=CARTESIAN_POINT('',(143.9198,-2.003388779,5.257459202));
#1469=DIRECTION('',(-1.,0.,0.));
#1470=DIRECTION('',(0.,-1.,-0.));
#1471=AXIS2_PLACEMENT_3D('',#1468,#1469,#1470);
#1472=PLANE('',#1471);
#1473=CARTESIAN_POINT('',(143.9198,-48.247438779,24.657459202));
#1474=VERTEX_POINT('',#1473);
#1475=CARTESIAN_POINT('',(143.9198,-48.247438779,29.857459202));
#1476=VERTEX_POINT('',#1475);
#1477=CARTESIAN_POINT('',(143.9198,-48.247438779,24.657459202));
#1478=DIRECTION('',(-0.,-0.,1.));
#1479=VECTOR('',#1478,5.2);
#1480=LINE('',#1477,#1479);
#1481=EDGE_CURVE('',#1474,#1476,#1480,.T.);
#1482=ORIENTED_EDGE('',*,*,#1481,.T.);
#1483=CARTESIAN_POINT('',(143.9198,44.240661221,29.857459202));
#1484=VERTEX_POINT('',#1483);
#1485=CARTESIAN_POINT('',(143.9198,-48.247438779,29.857459202));
#1486=DIRECTION('',(0.,1.,0.));
#1487=VECTOR('',#1486,92.4881);
#1488=LINE('',#1485,#1487);
#1489=EDGE_CURVE('',#1476,#1484,#1488,.T.);
#1490=ORIENTED_EDGE('',*,*,#1489,.T.);
#1491=CARTESIAN_POINT('',(143.9198,44.240661221,24.657459202));
#1492=VERTEX_POINT('',#1491);
#1493=CARTESIAN_POINT('',(143.9198,44.240661221,29.857459202));
#1494=DIRECTION('',(-0.,0.,-1.));
#1495=VECTOR('',#1494,5.2);
#1496=LINE('',#1493,#1495);
#1497=EDGE_CURVE('',#1484,#1492,#1496,.T.);
#1498=ORIENTED_EDGE('',*,*,#1497,.T.);
#1499=CARTESIAN_POINT('',(143.9198,16.496611221,24.657459202));
#1500=VERTEX_POINT('',#1499);
#1501=CARTESIAN_POINT('',(143.9198,44.240661221,24.657459202));
#1502=DIRECTION('',(0.,-1.,-0.));
#1503=VECTOR('',#1502,27.74405);
#1504=LINE('',#1501,#1503);
#1505=EDGE_CURVE('',#1492,#1500,#1504,.T.);
#1506=ORIENTED_EDGE('',*,*,#1505,.T.);
#1507=CARTESIAN_POINT('',(143.9198,16.496611221,11.757459202));
#1508=VERTEX_POINT('',#1507);
#1509=CARTESIAN_POINT('',(143.9198,16.496611221,24.657459202));
#1510=DIRECTION('',(-0.,0.,-1.));
#1511=VECTOR('',#1510,12.9);
#1512=LINE('',#1509,#1511);
#1513=EDGE_CURVE('',#1500,#1508,#1512,.T.);
#1514=ORIENTED_EDGE('',*,*,#1513,.T.);
#1515=CARTESIAN_POINT('',(143.9198,-20.303388779,11.757459202));
#1516=VERTEX_POINT('',#1515);
#1517=CARTESIAN_POINT('',(143.9198,16.496611221,11.757459202));
#1518=DIRECTION('',(0.,-1.,-0.));
#1519=VECTOR('',#1518,36.8);
#1520=LINE('',#1517,#1519);
#1521=EDGE_CURVE('',#1508,#1516,#1520,.T.);
#1522=ORIENTED_EDGE('',*,*,#1521,.T.);
#1523=CARTESIAN_POINT('',(143.9198,-20.303388779,24.657459202));
#1524=VERTEX_POINT('',#1523);
#1525=CARTESIAN_POINT('',(143.9198,-20.303388779,11.757459202));
#1526=DIRECTION('',(0.,-0.,1.));
#1527=VECTOR('',#1526,12.9);
#1528=LINE('',#1525,#1527);
#1529=EDGE_CURVE('',#1516,#1524,#1528,.T.);
#1530=ORIENTED_EDGE('',*,*,#1529,.T.);
#1531=CARTESIAN_POINT('',(143.9198,-20.303388779,24.657459202));
#1532=DIRECTION('',(0.,-1.,-0.));
#1533=VECTOR('',#1532,27.94405);
#1534=LINE('',#1531,#1533);
#1535=EDGE_CURVE('',#1524,#1474,#1534,.T.);
#1536=ORIENTED_EDGE('',*,*,#1535,.T.);
#1537=EDGE_LOOP('',(#1482,#1490,#1498,#1506,#1514,#1522,#1530,#1536));
#1538=FACE_BOUND('',#1537,.T.);
#1539=ADVANCED_FACE('',(#1538),#1472,.T.);
#1540=CARTESIAN_POINT('',(-0.05,-1.803388779,11.557459202));
#1541=DIRECTION('',(0.,0.,-1.));
#1542=DIRECTION('',(-1.,0.,0.));
#1543=AXIS2_PLACEMENT_3D('',#1540,#1541,#1542);
#1544=PLANE('',#1543);
#1545=CARTESIAN_POINT('',(141.7198,53.640661221,11.557459202));
#1546=VERTEX_POINT('',#1545);
#1547=CARTESIAN_POINT('',(-117.239193141,53.640661221,11.557459202));
#1548=VERTEX_POINT('',#1547);
#1549=CARTESIAN_POINT('',(141.7198,53.640661221,11.557459202));
#1550=DIRECTION('',(-1.,0.,0.));
#1551=VECTOR('',#1550,258.958993141);
#1552=LINE('',#1549,#1551);
#1553=EDGE_CURVE('',#1546,#1548,#1552,.T.);
#1554=ORIENTED_EDGE('',*,*,#1553,.T.);
#1555=CARTESIAN_POINT('',(-117.239193141,54.033554439,11.557459202));
#1556=VERTEX_POINT('',#1555);
#1557=CARTESIAN_POINT('',(-117.239193141,53.640661221,11.557459202));
#1558=DIRECTION('',(0.,1.,0.));
#1559=VECTOR('',#1558,0.392893218);
#1560=LINE('',#1557,#1559);
#1561=EDGE_CURVE('',#1548,#1556,#1560,.T.);
#1562=ORIENTED_EDGE('',*,*,#1561,.T.);
#1563=CARTESIAN_POINT('',(144.0198,54.033554438,11.557459201));
#1564=VERTEX_POINT('',#1563);
#1565=CARTESIAN_POINT('',(-117.239193141,54.033554439,11.557459202));
#1566=DIRECTION('',(1.,-0.,-0.));
#1567=VECTOR('',#1566,261.258993141);
#1568=LINE('',#1565,#1567);
#1569=EDGE_CURVE('',#1556,#1564,#1568,.T.);
#1570=ORIENTED_EDGE('',*,*,#1569,.T.);
#1571=CARTESIAN_POINT('',(149.31269322,48.740661222,11.5574592));
#1572=VERTEX_POINT('',#1571);
#1573=CARTESIAN_POINT('',(144.0198,48.740661221,11.5574592));
#1574=DIRECTION('',(-0.,0.,-1.));
#1575=DIRECTION('',(1.,0.,0.));
#1576=AXIS2_PLACEMENT_3D('',#1573,#1574,#1575);
#1577=CIRCLE('',#1576,5.29289322);
#1578=EDGE_CURVE('',#1564,#1572,#1577,.T.);
#1579=ORIENTED_EDGE('',*,*,#1578,.T.);
#1580=CARTESIAN_POINT('',(149.312693219,-52.747438779,11.557459202));
#1581=VERTEX_POINT('',#1580);
#1582=CARTESIAN_POINT('',(149.312693219,48.740661222,11.557459202));
#1583=DIRECTION('',(-0.,-1.,-0.));
#1584=VECTOR('',#1583,101.488100001);
#1585=LINE('',#1582,#1584);
#1586=EDGE_CURVE('',#1572,#1581,#1585,.T.);
#1587=ORIENTED_EDGE('',*,*,#1586,.T.);
#1588=CARTESIAN_POINT('',(144.0198,-58.040331997,11.557459202));
#1589=VERTEX_POINT('',#1588);
#1590=CARTESIAN_POINT('',(144.0198,-52.747438779,11.557459202));
#1591=DIRECTION('',(-0.,0.,-1.));
#1592=DIRECTION('',(1.,0.,0.));
#1593=AXIS2_PLACEMENT_3D('',#1590,#1591,#1592);
#1594=CIRCLE('',#1593,5.29289322);
#1595=EDGE_CURVE('',#1581,#1589,#1594,.T.);
#1596=ORIENTED_EDGE('',*,*,#1595,.T.);
#1597=CARTESIAN_POINT('',(-143.4198,-58.040331997,11.557459202));
#1598=VERTEX_POINT('',#1597);
#1599=CARTESIAN_POINT('',(144.0198,-58.040331998,11.557459202));
#1600=DIRECTION('',(-1.,0.,0.));
#1601=VECTOR('',#1600,287.4396);
#1602=LINE('',#1599,#1601);
#1603=EDGE_CURVE('',#1589,#1598,#1602,.T.);
#1604=ORIENTED_EDGE('',*,*,#1603,.T.);
#1605=CARTESIAN_POINT('',(-148.712693219,-52.747438779,11.557459202));
#1606=VERTEX_POINT('',#1605);
#1607=CARTESIAN_POINT('',(-143.4198,-52.747438779,11.557459202));
#1608=DIRECTION('',(-0.,0.,-1.));
#1609=DIRECTION('',(1.,0.,0.));
#1610=AXIS2_PLACEMENT_3D('',#1607,#1608,#1609);
#1611=CIRCLE('',#1610,5.292893219);
#1612=EDGE_CURVE('',#1598,#1606,#1611,.T.);
#1613=ORIENTED_EDGE('',*,*,#1612,.T.);
#1614=CARTESIAN_POINT('',(-148.71269322,48.740661221,11.5574592));
#1615=VERTEX_POINT('',#1614);
#1616=CARTESIAN_POINT('',(-148.712693219,-52.747438779,11.557459202));
#1617=DIRECTION('',(0.,1.,0.));
#1618=VECTOR('',#1617,101.4881);
#1619=LINE('',#1616,#1618);
#1620=EDGE_CURVE('',#1606,#1615,#1619,.T.);
#1621=ORIENTED_EDGE('',*,*,#1620,.T.);
#1622=CARTESIAN_POINT('',(-143.4198,54.033554439,11.557459201));
#1623=VERTEX_POINT('',#1622);
#1624=CARTESIAN_POINT('',(-143.4198,48.740661221,11.5574592));
#1625=DIRECTION('',(-0.,0.,-1.));
#1626=DIRECTION('',(1.,0.,0.));
#1627=AXIS2_PLACEMENT_3D('',#1624,#1625,#1626);
#1628=CIRCLE('',#1627,5.292893221);
#1629=EDGE_CURVE('',#1615,#1623,#1628,.T.);
#1630=ORIENTED_EDGE('',*,*,#1629,.T.);
#1631=CARTESIAN_POINT('',(-130.639193141,54.03355444,11.557459202));
#1632=VERTEX_POINT('',#1631);
#1633=CARTESIAN_POINT('',(-143.4198,54.03355444,11.557459202));
#1634=DIRECTION('',(1.,-0.,-0.));
#1635=VECTOR('',#1634,12.780606859);
#1636=LINE('',#1633,#1635);
#1637=EDGE_CURVE('',#1623,#1632,#1636,.T.);
#1638=ORIENTED_EDGE('',*,*,#1637,.T.);
#1639=CARTESIAN_POINT('',(-130.639193141,53.640661221,11.557459202));
#1640=VERTEX_POINT('',#1639);
#1641=CARTESIAN_POINT('',(-130.639193141,54.03355444,11.557459202));
#1642=DIRECTION('',(-0.,-1.,-0.));
#1643=VECTOR('',#1642,0.392893219);
#1644=LINE('',#1641,#1643);
#1645=EDGE_CURVE('',#1632,#1640,#1644,.T.);
#1646=ORIENTED_EDGE('',*,*,#1645,.T.);
#1647=CARTESIAN_POINT('',(-141.5198,53.640661221,11.557459202));
#1648=VERTEX_POINT('',#1647);
#1649=CARTESIAN_POINT('',(-130.639193141,53.640661221,11.557459202));
#1650=DIRECTION('',(-1.,0.,0.));
#1651=VECTOR('',#1650,10.880606859);
#1652=LINE('',#1649,#1651);
#1653=EDGE_CURVE('',#1640,#1648,#1652,.T.);
#1654=ORIENTED_EDGE('',*,*,#1653,.T.);
#1655=CARTESIAN_POINT('',(-146.7198,48.440661221,11.557459202));
#1656=VERTEX_POINT('',#1655);
#1657=CARTESIAN_POINT('',(-141.5198,48.440661221,11.557459202));
#1658=DIRECTION('',(-0.,-0.,1.));
#1659=DIRECTION('',(-1.,0.,0.));
#1660=AXIS2_PLACEMENT_3D('',#1657,#1658,#1659);
#1661=CIRCLE('',#1660,5.2);
#1662=EDGE_CURVE('',#1648,#1656,#1661,.T.);
#1663=ORIENTED_EDGE('',*,*,#1662,.T.);
#1664=CARTESIAN_POINT('',(-146.7198,-52.247438779,11.557459202));
#1665=VERTEX_POINT('',#1664);
#1666=CARTESIAN_POINT('',(-146.7198,48.440661221,11.557459202));
#1667=DIRECTION('',(0.,-1.,-0.));
#1668=VECTOR('',#1667,100.6881);
#1669=LINE('',#1666,#1668);
#1670=EDGE_CURVE('',#1656,#1665,#1669,.T.);
#1671=ORIENTED_EDGE('',*,*,#1670,.T.);
#1672=CARTESIAN_POINT('',(-141.5198,-57.447438779,11.557459202));
#1673=VERTEX_POINT('',#1672);
#1674=CARTESIAN_POINT('',(-141.5198,-52.247438779,11.557459202));
#1675=DIRECTION('',(-0.,-0.,1.));
#1676=DIRECTION('',(-1.,0.,0.));
#1677=AXIS2_PLACEMENT_3D('',#1674,#1675,#1676);
#1678=CIRCLE('',#1677,5.2);
#1679=EDGE_CURVE('',#1665,#1673,#1678,.T.);
#1680=ORIENTED_EDGE('',*,*,#1679,.T.);
#1681=CARTESIAN_POINT('',(141.6198,-57.447438779,11.557459202));
#1682=VERTEX_POINT('',#1681);
#1683=CARTESIAN_POINT('',(-141.5198,-57.447438779,11.557459202));
#1684=DIRECTION('',(1.,0.,-0.));
#1685=VECTOR('',#1684,283.1396);
#1686=LINE('',#1683,#1685);
#1687=EDGE_CURVE('',#1673,#1682,#1686,.T.);
#1688=ORIENTED_EDGE('',*,*,#1687,.T.);
#1689=CARTESIAN_POINT('',(146.9198,-52.147438779,11.557459202));
#1690=VERTEX_POINT('',#1689);
#1691=CARTESIAN_POINT('',(141.6198,-52.147438779,11.557459202));
#1692=DIRECTION('',(-0.,-0.,1.));
#1693=DIRECTION('',(-1.,0.,0.));
#1694=AXIS2_PLACEMENT_3D('',#1691,#1692,#1693);
#1695=CIRCLE('',#1694,5.3);
#1696=EDGE_CURVE('',#1682,#1690,#1695,.T.);
#1697=ORIENTED_EDGE('',*,*,#1696,.T.);
#1698=CARTESIAN_POINT('',(146.9198,-20.803388779,11.557459202));
#1699=VERTEX_POINT('',#1698);
#1700=CARTESIAN_POINT('',(146.9198,-52.147438779,11.557459202));
#1701=DIRECTION('',(0.,1.,0.));
#1702=VECTOR('',#1701,31.34405);
#1703=LINE('',#1700,#1702);
#1704=EDGE_CURVE('',#1690,#1699,#1703,.T.);
#1705=ORIENTED_EDGE('',*,*,#1704,.T.);
#1706=CARTESIAN_POINT('',(144.702642712,-20.803388779,11.557459202));
#1707=VERTEX_POINT('',#1706);
#1708=CARTESIAN_POINT('',(146.9198,-20.803388779,11.557459202));
#1709=DIRECTION('',(-1.,0.,0.));
#1710=VECTOR('',#1709,2.217157288);
#1711=LINE('',#1708,#1710);
#1712=EDGE_CURVE('',#1699,#1707,#1711,.T.);
#1713=ORIENTED_EDGE('',*,*,#1712,.T.);
#1714=CARTESIAN_POINT('',(144.1198,-20.220546066,11.557459202));
#1715=VERTEX_POINT('',#1714);
#1716=CARTESIAN_POINT('',(144.702642712,-20.803388779,11.557459202));
#1717=DIRECTION('',(-0.707106781,0.707106781,0.));
#1718=VECTOR('',#1717,0.824264069);
#1719=LINE('',#1716,#1718);
#1720=EDGE_CURVE('',#1707,#1715,#1719,.T.);
#1721=ORIENTED_EDGE('',*,*,#1720,.T.);
#1722=CARTESIAN_POINT('',(144.1198,16.413768509,11.557459202));
#1723=VERTEX_POINT('',#1722);
#1724=CARTESIAN_POINT('',(144.1198,-20.220546066,11.557459202));
#1725=DIRECTION('',(0.,1.,0.));
#1726=VECTOR('',#1725,36.634314575);
#1727=LINE('',#1724,#1726);
#1728=EDGE_CURVE('',#1715,#1723,#1727,.T.);
#1729=ORIENTED_EDGE('',*,*,#1728,.T.);
#1730=CARTESIAN_POINT('',(144.502642712,16.796611221,11.557459202));
#1731=VERTEX_POINT('',#1730);
#1732=CARTESIAN_POINT('',(144.1198,16.413768509,11.557459202));
#1733=DIRECTION('',(0.707106781,0.707106781,0.));
#1734=VECTOR('',#1733,0.541421356);
#1735=LINE('',#1732,#1734);
#1736=EDGE_CURVE('',#1723,#1731,#1735,.T.);
#1737=ORIENTED_EDGE('',*,*,#1736,.T.);
#1738=CARTESIAN_POINT('',(146.9198,16.796611221,11.557459202));
#1739=VERTEX_POINT('',#1738);
#1740=CARTESIAN_POINT('',(144.502642712,16.796611221,11.557459202));
#1741=DIRECTION('',(1.,0.,-0.));
#1742=VECTOR('',#1741,2.417157288);
#1743=LINE('',#1740,#1742);
#1744=EDGE_CURVE('',#1731,#1739,#1743,.T.);
#1745=ORIENTED_EDGE('',*,*,#1744,.T.);
#1746=CARTESIAN_POINT('',(146.9198,48.440661221,11.557459202));
#1747=VERTEX_POINT('',#1746);
#1748=CARTESIAN_POINT('',(146.9198,16.796611221,11.557459202));
#1749=DIRECTION('',(0.,1.,0.));
#1750=VECTOR('',#1749,31.64405);
#1751=LINE('',#1748,#1750);
#1752=EDGE_CURVE('',#1739,#1747,#1751,.T.);
#1753=ORIENTED_EDGE('',*,*,#1752,.T.);
#1754=CARTESIAN_POINT('',(141.7198,48.440661221,11.557459202));
#1755=DIRECTION('',(-0.,-0.,1.));
#1756=DIRECTION('',(-1.,0.,0.));
#1757=AXIS2_PLACEMENT_3D('',#1754,#1755,#1756);
#1758=CIRCLE('',#1757,5.2);
#1759=EDGE_CURVE('',#1747,#1546,#1758,.T.);
#1760=ORIENTED_EDGE('',*,*,#1759,.T.);
#1761=EDGE_LOOP('',(#1554,#1562,#1570,#1579,#1587,#1596,#1604,#1613,#1621,#1630,#1638,#1646,#1654,#1663,#1671,#1680,#1688,#1697,#1705,#1713,#1721,#1729,#1737,#1745,#1753,#1760));
#1762=FACE_BOUND('',#1761,.T.);
#1763=ADVANCED_FACE('',(#1762),#1544,.T.);
#1764=CARTESIAN_POINT('',(-146.5198,25.368636221,24.967459202));
#1765=DIRECTION('',(-1.,0.,0.));
#1766=DIRECTION('',(0.,-0.,1.));
#1767=AXIS2_PLACEMENT_3D('',#1764,#1765,#1766);
#1768=PLANE('',#1767);
#1769=CARTESIAN_POINT('',(-146.5198,48.440661221,11.757459202));
#1770=VERTEX_POINT('',#1769);
#1771=CARTESIAN_POINT('',(-146.5198,48.440661221,24.257459202));
#1772=VERTEX_POINT('',#1771);
#1773=CARTESIAN_POINT('',(-146.5198,48.440661221,11.757459202));
#1774=DIRECTION('',(0.,-0.,1.));
#1775=VECTOR('',#1774,12.5);
#1776=LINE('',#1773,#1775);
#1777=EDGE_CURVE('',#1770,#1772,#1776,.T.);
#1778=ORIENTED_EDGE('',*,*,#1777,.T.);
#1779=CARTESIAN_POINT('',(-146.5198,48.440661221,24.257459202));
#1780=DIRECTION('',(0.,-1.,-0.));
#1781=VECTOR('',#1780,100.6881);
#1782=LINE('',#1779,#1781);
#1783=EDGE_CURVE('',#1772,#1330,#1782,.T.);
#1784=ORIENTED_EDGE('',*,*,#1783,.T.);
#1785=ORIENTED_EDGE('',*,*,#1337,.T.);
#1786=CARTESIAN_POINT('',(-146.5198,-52.247438779,11.757459202));
#1787=DIRECTION('',(0.,1.,0.));
#1788=VECTOR('',#1787,100.6881);
#1789=LINE('',#1786,#1788);
#1790=EDGE_CURVE('',#1332,#1770,#1789,.T.);
#1791=ORIENTED_EDGE('',*,*,#1790,.T.);
#1792=EDGE_LOOP('',(#1778,#1784,#1785,#1791));
#1793=FACE_BOUND('',#1792,.T.);
#1794=CARTESIAN_POINT('',(-146.5198,-43.625413779,14.487459202));
#1795=VERTEX_POINT('',#1794);
#1796=CARTESIAN_POINT('',(-146.5198,-43.625413779,15.782484455));
#1797=VERTEX_POINT('',#1796);
#1798=CARTESIAN_POINT('',(-146.5198,-43.625413779,14.487459202));
#1799=DIRECTION('',(0.,-0.,1.));
#1800=VECTOR('',#1799,1.295025253);
#1801=LINE('',#1798,#1800);
#1802=EDGE_CURVE('',#1795,#1797,#1801,.T.);
#1803=ORIENTED_EDGE('',*,*,#1802,.T.);
#1804=CARTESIAN_POINT('',(-146.5198,-42.925413779,16.772433949));
#1805=VERTEX_POINT('',#1804);
#1806=CARTESIAN_POINT('',(-146.5198,-43.625413779,15.782484455));
#1807=DIRECTION('',(0.,0.577350269,0.816496581));
#1808=VECTOR('',#1807,1.212435566);
#1809=LINE('',#1806,#1808);
#1810=EDGE_CURVE('',#1797,#1805,#1809,.T.);
#1811=ORIENTED_EDGE('',*,*,#1810,.T.);
#1812=CARTESIAN_POINT('',(-146.5198,-14.325413778,16.772433949));
#1813=VERTEX_POINT('',#1812);
#1814=CARTESIAN_POINT('',(-146.5198,-42.925413779,16.772433949));
#1815=DIRECTION('',(0.,1.,0.));
#1816=VECTOR('',#1815,28.600000001);
#1817=LINE('',#1814,#1816);
#1818=EDGE_CURVE('',#1805,#1813,#1817,.T.);
#1819=ORIENTED_EDGE('',*,*,#1818,.T.);
#1820=CARTESIAN_POINT('',(-146.5198,-13.625413779,15.782484455));
#1821=VERTEX_POINT('',#1820);
#1822=CARTESIAN_POINT('',(-146.5198,-14.325413778,16.772433949));
#1823=DIRECTION('',(0.,0.577350269,-0.816496581));
#1824=VECTOR('',#1823,1.212435565);
#1825=LINE('',#1822,#1824);
#1826=EDGE_CURVE('',#1813,#1821,#1825,.T.);
#1827=ORIENTED_EDGE('',*,*,#1826,.T.);
#1828=CARTESIAN_POINT('',(-146.5198,-13.625413779,14.487459202));
#1829=VERTEX_POINT('',#1828);
#1830=CARTESIAN_POINT('',(-146.5198,-13.625413779,15.782484455));
#1831=DIRECTION('',(-0.,0.,-1.));
#1832=VECTOR('',#1831,1.295025253);
#1833=LINE('',#1830,#1832);
#1834=EDGE_CURVE('',#1821,#1829,#1833,.T.);
#1835=ORIENTED_EDGE('',*,*,#1834,.T.);
#1836=CARTESIAN_POINT('',(-146.5198,-14.125413779,13.987459202));
#1837=VERTEX_POINT('',#1836);
#1838=CARTESIAN_POINT('',(-146.5198,-13.625413779,14.487459202));
#1839=DIRECTION('',(0.,-0.707106781,-0.707106781));
#1840=VECTOR('',#1839,0.707106781);
#1841=LINE('',#1838,#1840);
#1842=EDGE_CURVE('',#1829,#1837,#1841,.T.);
#1843=ORIENTED_EDGE('',*,*,#1842,.T.);
#1844=CARTESIAN_POINT('',(-146.5198,-43.125413779,13.987459202));
#1845=VERTEX_POINT('',#1844);
#1846=CARTESIAN_POINT('',(-146.5198,-14.125413779,13.987459202));
#1847=DIRECTION('',(-0.,-1.,-0.));
#1848=VECTOR('',#1847,29.);
#1849=LINE('',#1846,#1848);
#1850=EDGE_CURVE('',#1837,#1845,#1849,.T.);
#1851=ORIENTED_EDGE('',*,*,#1850,.T.);
#1852=CARTESIAN_POINT('',(-146.5198,-43.125413779,13.987459202));
#1853=DIRECTION('',(0.,-0.707106781,0.707106781));
#1854=VECTOR('',#1853,0.707106781);
#1855=LINE('',#1852,#1854);
#1856=EDGE_CURVE('',#1845,#1795,#1855,.T.);
#1857=ORIENTED_EDGE('',*,*,#1856,.T.);
#1858=EDGE_LOOP('',(#1803,#1811,#1819,#1827,#1835,#1843,#1851,#1857));
#1859=FACE_BOUND('',#1858,.T.);
#1860=CARTESIAN_POINT('',(-146.5198,9.718636221,14.487459202));
#1861=VERTEX_POINT('',#1860);
#1862=CARTESIAN_POINT('',(-146.5198,9.718636221,15.780352421));
#1863=VERTEX_POINT('',#1862);
#1864=CARTESIAN_POINT('',(-146.5198,9.718636221,14.487459202));
#1865=DIRECTION('',(0.,-0.,1.));
#1866=VECTOR('',#1865,1.292893219);
#1867=LINE('',#1864,#1866);
#1868=EDGE_CURVE('',#1861,#1863,#1867,.T.);
#1869=ORIENTED_EDGE('',*,*,#1868,.T.);
#1870=CARTESIAN_POINT('',(-146.5198,10.418636221,16.770301915));
#1871=VERTEX_POINT('',#1870);
#1872=CARTESIAN_POINT('',(-146.5198,9.718636221,15.780352421));
#1873=DIRECTION('',(0.,0.577350269,0.816496581));
#1874=VECTOR('',#1873,1.212435566);
#1875=LINE('',#1872,#1874);
#1876=EDGE_CURVE('',#1863,#1871,#1875,.T.);
#1877=ORIENTED_EDGE('',*,*,#1876,.T.);
#1878=CARTESIAN_POINT('',(-146.5198,39.018636221,16.770301915));
#1879=VERTEX_POINT('',#1878);
#1880=CARTESIAN_POINT('',(-146.5198,10.418636221,16.770301915));
#1881=DIRECTION('',(0.,1.,0.));
#1882=VECTOR('',#1881,28.6);
#1883=LINE('',#1880,#1882);
#1884=EDGE_CURVE('',#1871,#1879,#1883,.T.);
#1885=ORIENTED_EDGE('',*,*,#1884,.T.);
#1886=CARTESIAN_POINT('',(-146.5198,39.718636221,15.780352421));
#1887=VERTEX_POINT('',#1886);
#1888=CARTESIAN_POINT('',(-146.5198,39.018636221,16.770301915));
#1889=DIRECTION('',(0.,0.577350269,-0.816496581));
#1890=VECTOR('',#1889,1.212435566);
#1891=LINE('',#1888,#1890);
#1892=EDGE_CURVE('',#1879,#1887,#1891,.T.);
#1893=ORIENTED_EDGE('',*,*,#1892,.T.);
#1894=CARTESIAN_POINT('',(-146.5198,39.718636221,14.487459202));
#1895=VERTEX_POINT('',#1894);
#1896=CARTESIAN_POINT('',(-146.5198,39.718636221,15.780352421));
#1897=DIRECTION('',(-0.,0.,-1.));
#1898=VECTOR('',#1897,1.292893219);
#1899=LINE('',#1896,#1898);
#1900=EDGE_CURVE('',#1887,#1895,#1899,.T.);
#1901=ORIENTED_EDGE('',*,*,#1900,.T.);
#1902=CARTESIAN_POINT('',(-146.5198,39.218636221,13.987459202));
#1903=VERTEX_POINT('',#1902);
#1904=CARTESIAN_POINT('',(-146.5198,39.718636221,14.487459202));
#1905=DIRECTION('',(0.,-0.707106781,-0.707106781));
#1906=VECTOR('',#1905,0.707106781);
#1907=LINE('',#1904,#1906);
#1908=EDGE_CURVE('',#1895,#1903,#1907,.T.);
#1909=ORIENTED_EDGE('',*,*,#1908,.T.);
#1910=CARTESIAN_POINT('',(-146.5198,10.218636221,13.987459202));
#1911=VERTEX_POINT('',#1910);
#1912=CARTESIAN_POINT('',(-146.5198,39.218636221,13.987459202));
#1913=DIRECTION('',(-0.,-1.,-0.));
#1914=VECTOR('',#1913,29.);
#1915=LINE('',#1912,#1914);
#1916=EDGE_CURVE('',#1903,#1911,#1915,.T.);
#1917=ORIENTED_EDGE('',*,*,#1916,.T.);
#1918=CARTESIAN_POINT('',(-146.5198,10.218636221,13.987459202));
#1919=DIRECTION('',(0.,-0.707106781,0.707106781));
#1920=VECTOR('',#1919,0.707106781);
#1921=LINE('',#1918,#1920);
#1922=EDGE_CURVE('',#1911,#1861,#1921,.T.);
#1923=ORIENTED_EDGE('',*,*,#1922,.T.);
#1924=EDGE_LOOP('',(#1869,#1877,#1885,#1893,#1901,#1909,#1917,#1923));
#1925=FACE_BOUND('',#1924,.T.);
#1926=ADVANCED_FACE('',(#1793,#1859,#1925),#1768,.F.);
#1927=CARTESIAN_POINT('',(144.0198,-52.747438779,24.957459202));
#1928=DIRECTION('',(0.,-0.,1.));
#1929=DIRECTION('',(1.,0.,0.));
#1930=AXIS2_PLACEMENT_3D('',#1927,#1928,#1929);
#1931=CYLINDRICAL_SURFACE('',#1930,7.);
#1932=CARTESIAN_POINT('',(144.0198,-59.74743878,13.264565985));
#1933=VERTEX_POINT('',#1932);
#1934=CARTESIAN_POINT('',(144.0198,-52.747438779,13.264565986));
#1935=DIRECTION('',(0.,-0.,1.));
#1936=DIRECTION('',(1.,0.,0.));
#1937=AXIS2_PLACEMENT_3D('',#1934,#1935,#1936);
#1938=CIRCLE('',#1937,7.);
#1939=EDGE_CURVE('',#1933,#1363,#1938,.T.);
#1940=ORIENTED_EDGE('',*,*,#1939,.T.);
#1941=ORIENTED_EDGE('',*,*,#1392,.F.);
#1942=CARTESIAN_POINT('',(144.0198,-59.747438779,28.267509705));
#1943=VERTEX_POINT('',#1942);
#1944=CARTESIAN_POINT('',(144.0198,-52.747438779,28.267509703));
#1945=DIRECTION('',(0.,0.,-1.));
#1946=DIRECTION('',(0.,1.,0.));
#1947=AXIS2_PLACEMENT_3D('',#1944,#1945,#1946);
#1948=CIRCLE('',#1947,7.);
#1949=EDGE_CURVE('',#1381,#1943,#1948,.T.);
#1950=ORIENTED_EDGE('',*,*,#1949,.T.);
#1951=CARTESIAN_POINT('',(144.0198,-59.747438779,13.264565985));
#1952=DIRECTION('',(0.,-0.,1.));
#1953=VECTOR('',#1952,15.00294372);
#1954=LINE('',#1951,#1953);
#1955=EDGE_CURVE('',#1933,#1943,#1954,.T.);
#1956=ORIENTED_EDGE('',*,*,#1955,.F.);
#1957=EDGE_LOOP('',(#1940,#1941,#1950,#1956));
#1958=FACE_BOUND('',#1957,.T.);
#1959=ADVANCED_FACE('',(#1958),#1931,.T.);
#1960=CARTESIAN_POINT('',(-143.4198,-52.747438779,24.957459202));
#1961=DIRECTION('',(0.,0.,-1.));
#1962=DIRECTION('',(-1.,0.,0.));
#1963=AXIS2_PLACEMENT_3D('',#1960,#1961,#1962);
#1964=CYLINDRICAL_SURFACE('',#1963,7.);
#1965=CARTESIAN_POINT('',(-143.4198,-59.747438781,28.267509705));
#1966=VERTEX_POINT('',#1965);
#1967=CARTESIAN_POINT('',(-143.4198,-59.747438779,13.264565985));
#1968=VERTEX_POINT('',#1967);
#1969=CARTESIAN_POINT('',(-143.4198,-59.747438779,28.267509705));
#1970=DIRECTION('',(-0.,0.,-1.));
#1971=VECTOR('',#1970,15.00294372);
#1972=LINE('',#1969,#1971);
#1973=EDGE_CURVE('',#1966,#1968,#1972,.T.);
#1974=ORIENTED_EDGE('',*,*,#1973,.F.);
#1975=CARTESIAN_POINT('',(-143.4198,-52.747438779,28.267509703));
#1976=DIRECTION('',(0.,0.,-1.));
#1977=DIRECTION('',(0.,1.,0.));
#1978=AXIS2_PLACEMENT_3D('',#1975,#1976,#1977);
#1979=CIRCLE('',#1978,7.);
#1980=EDGE_CURVE('',#1966,#1405,#1979,.T.);
#1981=ORIENTED_EDGE('',*,*,#1980,.T.);
#1982=ORIENTED_EDGE('',*,*,#1410,.F.);
#1983=CARTESIAN_POINT('',(-143.4198,-52.747438779,13.264565986));
#1984=DIRECTION('',(-0.,-0.,1.));
#1985=DIRECTION('',(-1.,0.,0.));
#1986=AXIS2_PLACEMENT_3D('',#1983,#1984,#1985);
#1987=CIRCLE('',#1986,7.);
#1988=EDGE_CURVE('',#1403,#1968,#1987,.T.);
#1989=ORIENTED_EDGE('',*,*,#1988,.T.);
#1990=EDGE_LOOP('',(#1974,#1981,#1982,#1989));
#1991=FACE_BOUND('',#1990,.T.);
#1992=ADVANCED_FACE('',(#1991),#1964,.T.);
#1993=CARTESIAN_POINT('',(141.9198,-48.247438779,6.257459202));
#1994=DIRECTION('',(0.,-0.,1.));
#1995=DIRECTION('',(1.,0.,0.));
#1996=AXIS2_PLACEMENT_3D('',#1993,#1994,#1995);
#1997=CYLINDRICAL_SURFACE('',#1996,2.);
#1998=ORIENTED_EDGE('',*,*,#118,.F.);
#1999=CARTESIAN_POINT('',(141.9198,-48.247438779,29.857459202));
#2000=DIRECTION('',(0.,0.,1.));
#2001=DIRECTION('',(1.,0.,-0.));
#2002=AXIS2_PLACEMENT_3D('',#1999,#2000,#2001);
#2003=CIRCLE('',#2002,2.);
#2004=EDGE_CURVE('',#105,#1476,#2003,.T.);
#2005=ORIENTED_EDGE('',*,*,#2004,.T.);
#2006=ORIENTED_EDGE('',*,*,#1481,.F.);
#2007=CARTESIAN_POINT('',(141.9198,-48.247438779,24.657459202));
#2008=DIRECTION('',(-0.,-0.,-1.));
#2009=DIRECTION('',(1.,0.,-0.));
#2010=AXIS2_PLACEMENT_3D('',#2007,#2008,#2009);
#2011=CIRCLE('',#2010,2.);
#2012=EDGE_CURVE('',#1474,#113,#2011,.T.);
#2013=ORIENTED_EDGE('',*,*,#2012,.T.);
#2014=EDGE_LOOP('',(#1998,#2005,#2006,#2013));
#2015=FACE_BOUND('',#2014,.T.);
#2016=ADVANCED_FACE('',(#2015),#1997,.F.);
#2017=CARTESIAN_POINT('',(146.2198,-21.003388779,8.057459202));
#2018=DIRECTION('',(0.,1.,0.));
#2019=DIRECTION('',(-1.,0.,0.));
#2020=AXIS2_PLACEMENT_3D('',#2017,#2018,#2019);
#2021=PLANE('',#2020);
#2022=ORIENTED_EDGE('',*,*,#848,.T.);
#2023=CARTESIAN_POINT('',(146.7198,-21.003388779,24.257459202));
#2024=DIRECTION('',(-0.707106781,-0.,0.707106781));
#2025=VECTOR('',#2024,0.282842712);
#2026=LINE('',#2023,#2025);
#2027=EDGE_CURVE('',#835,#1135,#2026,.T.);
#2028=ORIENTED_EDGE('',*,*,#2027,.T.);
#2029=ORIENTED_EDGE('',*,*,#1140,.T.);
#2030=CARTESIAN_POINT('',(144.6198,-21.003388779,11.757459202));
#2031=VERTEX_POINT('',#2030);
#2032=CARTESIAN_POINT('',(144.6198,-21.003388779,24.457459202));
#2033=DIRECTION('',(-0.,0.,-1.));
#2034=VECTOR('',#2033,12.7);
#2035=LINE('',#2032,#2034);
#2036=EDGE_CURVE('',#1127,#2031,#2035,.T.);
#2037=ORIENTED_EDGE('',*,*,#2036,.T.);
#2038=CARTESIAN_POINT('',(144.6198,-21.003388779,11.757459202));
#2039=DIRECTION('',(1.,0.,-0.));
#2040=VECTOR('',#2039,2.1);
#2041=LINE('',#2038,#2040);
#2042=EDGE_CURVE('',#2031,#843,#2041,.T.);
#2043=ORIENTED_EDGE('',*,*,#2042,.T.);
#2044=EDGE_LOOP('',(#2022,#2028,#2029,#2037,#2043));
#2045=FACE_BOUND('',#2044,.T.);
#2046=ADVANCED_FACE('',(#2045),#2021,.F.);
#2047=CARTESIAN_POINT('',(144.1198,-20.503388779,5.257459202));
#2048=DIRECTION('',(-0.707106781,-0.707106781,-0.));
#2049=DIRECTION('',(0.,0.,-1.));
#2050=AXIS2_PLACEMENT_3D('',#2047,#2048,#2049);
#2051=PLANE('',#2050);
#2052=ORIENTED_EDGE('',*,*,#1132,.F.);
#2053=CARTESIAN_POINT('',(144.1198,-20.503388779,24.457459202));
#2054=DIRECTION('',(-0.577350269,0.577350269,0.577350269));
#2055=VECTOR('',#2054,0.346410162);
#2056=LINE('',#2053,#2055);
#2057=EDGE_CURVE('',#1119,#1524,#2056,.T.);
#2058=ORIENTED_EDGE('',*,*,#2057,.T.);
#2059=ORIENTED_EDGE('',*,*,#1529,.F.);
#2060=CARTESIAN_POINT('',(143.9198,-20.303388779,11.757459202));
#2061=DIRECTION('',(0.707106781,-0.707106781,-0.));
#2062=VECTOR('',#2061,0.989949494);
#2063=LINE('',#2060,#2062);
#2064=EDGE_CURVE('',#1516,#2031,#2063,.T.);
#2065=ORIENTED_EDGE('',*,*,#2064,.T.);
#2066=ORIENTED_EDGE('',*,*,#2036,.F.);
#2067=EDGE_LOOP('',(#2052,#2058,#2059,#2065,#2066));
#2068=FACE_BOUND('',#2067,.T.);
#2069=ADVANCED_FACE('',(#2068),#2051,.T.);
#2070=CARTESIAN_POINT('',(126.424906052,-57.147438779,32.157459202));
#2071=DIRECTION('',(-1.,0.,0.));
#2072=DIRECTION('',(0.,-0.,1.));
#2073=AXIS2_PLACEMENT_3D('',#2070,#2071,#2072);
#2074=PLANE('',#2073);
#2075=ORIENTED_EDGE('',*,*,#590,.T.);
#2076=ORIENTED_EDGE('',*,*,#68,.T.);
#2077=ORIENTED_EDGE('',*,*,#573,.F.);
#2078=CARTESIAN_POINT('',(126.424906052,-56.747438779,25.657459202));
#2079=DIRECTION('',(0.,-0.,1.));
#2080=VECTOR('',#2079,3.);
#2081=LINE('',#2078,#2080);
#2082=EDGE_CURVE('',#585,#562,#2081,.T.);
#2083=ORIENTED_EDGE('',*,*,#2082,.F.);
#2084=EDGE_LOOP('',(#2075,#2076,#2077,#2083));
#2085=FACE_BOUND('',#2084,.T.);
#2086=ADVANCED_FACE('',(#2085),#2074,.F.);
#2087=CARTESIAN_POINT('',(136.514906052,-57.147438779,32.157459202));
#2088=DIRECTION('',(1.,0.,0.));
#2089=DIRECTION('',(0.,0.,-1.));
#2090=AXIS2_PLACEMENT_3D('',#2087,#2088,#2089);
#2091=PLANE('',#2090);
#2092=ORIENTED_EDGE('',*,*,#84,.F.);
#2093=ORIENTED_EDGE('',*,*,#604,.F.);
#2094=CARTESIAN_POINT('',(136.514906052,-56.747438779,28.657459202));
#2095=DIRECTION('',(0.,0.,-1.));
#2096=VECTOR('',#2095,3.);
#2097=LINE('',#2094,#2096);
#2098=EDGE_CURVE('',#554,#593,#2097,.T.);
#2099=ORIENTED_EDGE('',*,*,#2098,.F.);
#2100=ORIENTED_EDGE('',*,*,#559,.T.);
#2101=EDGE_LOOP('',(#2092,#2093,#2099,#2100));
#2102=FACE_BOUND('',#2101,.T.);
#2103=ADVANCED_FACE('',(#2102),#2091,.F.);
#2104=CARTESIAN_POINT('',(38.8,-56.747438779,9.357459202));
#2105=DIRECTION('',(0.,1.,0.));
#2106=DIRECTION('',(0.,-0.,1.));
#2107=AXIS2_PLACEMENT_3D('',#2104,#2105,#2106);
#2108=PLANE('',#2107);
#2109=ORIENTED_EDGE('',*,*,#2082,.T.);
#2110=ORIENTED_EDGE('',*,*,#567,.T.);
#2111=ORIENTED_EDGE('',*,*,#2098,.T.);
#2112=ORIENTED_EDGE('',*,*,#598,.T.);
#2113=EDGE_LOOP('',(#2109,#2110,#2111,#2112));
#2114=FACE_BOUND('',#2113,.T.);
#2115=ADVANCED_FACE('',(#2114),#2108,.T.);
#2116=CARTESIAN_POINT('',(149.666246609,-1.803388779,11.911012593));
#2117=DIRECTION('',(-0.707106781,-0.,0.707106781));
#2118=DIRECTION('',(0.,-1.,-0.));
#2119=AXIS2_PLACEMENT_3D('',#2116,#2117,#2118);
#2120=PLANE('',#2119);
#2121=ORIENTED_EDGE('',*,*,#1586,.F.);
#2122=CARTESIAN_POINT('',(151.0198,48.740661221,13.264565984));
#2123=CARTESIAN_POINT('',(149.312693218,48.740661222,11.557459202));
#2124=B_SPLINE_CURVE_WITH_KNOTS('',1,(#2122,#2123),.UNSPECIFIED.,.F.,.F.,(2,2),(0.,1.),.UNSPECIFIED.);
#2125=EDGE_CURVE('',#1365,#1572,#2124,.T.);
#2126=ORIENTED_EDGE('',*,*,#2125,.F.);
#2127=ORIENTED_EDGE('',*,*,#1370,.F.);
#2128=CARTESIAN_POINT('',(149.312693219,-52.747438779,11.557459203));
#2129=CARTESIAN_POINT('',(151.019799999,-52.747438777,13.264565983));
#2130=B_SPLINE_CURVE_WITH_KNOTS('',1,(#2128,#2129),.UNSPECIFIED.,.F.,.F.,(2,2),(0.,1.),.UNSPECIFIED.);
#2131=EDGE_CURVE('',#1581,#1363,#2130,.T.);
#2132=ORIENTED_EDGE('',*,*,#2131,.F.);
#2133=EDGE_LOOP('',(#2121,#2126,#2127,#2132));
#2134=FACE_BOUND('',#2133,.T.);
#2135=ADVANCED_FACE('',(#2134),#2120,.F.);
#2136=CARTESIAN_POINT('',(-149.066246609,-1.803388779,11.911012593));
#2137=DIRECTION('',(-0.707106781,0.,-0.707106781));
#2138=DIRECTION('',(-0.,-1.,-0.));
#2139=AXIS2_PLACEMENT_3D('',#2136,#2137,#2138);
#2140=PLANE('',#2139);
#2141=ORIENTED_EDGE('',*,*,#1432,.F.);
#2142=CARTESIAN_POINT('',(-148.712693219,48.740661221,11.557459203));
#2143=CARTESIAN_POINT('',(-150.4198,48.740661221,13.264565984));
#2144=B_SPLINE_CURVE_WITH_KNOTS('',1,(#2142,#2143),.UNSPECIFIED.,.F.,.F.,(2,2),(0.,1.),.UNSPECIFIED.);
#2145=EDGE_CURVE('',#1615,#1421,#2144,.T.);
#2146=ORIENTED_EDGE('',*,*,#2145,.F.);
#2147=ORIENTED_EDGE('',*,*,#1620,.F.);
#2148=CARTESIAN_POINT('',(-150.419799999,-52.747438779,13.264565983));
#2149=CARTESIAN_POINT('',(-148.712693218,-52.747438779,11.557459202));
#2150=B_SPLINE_CURVE_WITH_KNOTS('',1,(#2148,#2149),.UNSPECIFIED.,.F.,.F.,(2,2),(0.,1.),.UNSPECIFIED.);
#2151=EDGE_CURVE('',#1403,#1606,#2150,.T.);
#2152=ORIENTED_EDGE('',*,*,#2151,.F.);
#2153=EDGE_LOOP('',(#2141,#2146,#2147,#2152));
#2154=FACE_BOUND('',#2153,.T.);
#2155=ADVANCED_FACE('',(#2154),#2140,.T.);
#2156=CARTESIAN_POINT('',(144.0198,-52.747438779,11.911012593));
#2157=DIRECTION('',(0.,-0.,1.));
#2158=DIRECTION('',(1.,0.,0.));
#2159=AXIS2_PLACEMENT_3D('',#2156,#2157,#2158);
#2160=CONICAL_SURFACE('',#2159,5.646446609,44.999999898);
#2161=ORIENTED_EDGE('',*,*,#2131,.T.);
#2162=ORIENTED_EDGE('',*,*,#1939,.F.);
#2163=CARTESIAN_POINT('',(144.0198,-58.040331997,11.557459203));
#2164=DIRECTION('',(0.,-0.707106781,0.707106781));
#2165=VECTOR('',#2164,2.414213564);
#2166=LINE('',#2163,#2165);
#2167=EDGE_CURVE('',#1589,#1933,#2166,.T.);
#2168=ORIENTED_EDGE('',*,*,#2167,.F.);
#2169=ORIENTED_EDGE('',*,*,#1595,.F.);
#2170=EDGE_LOOP('',(#2161,#2162,#2168,#2169));
#2171=FACE_BOUND('',#2170,.T.);
#2172=ADVANCED_FACE('',(#2171),#2160,.T.);
#2173=CARTESIAN_POINT('',(-143.4198,-52.747438779,11.911012593));
#2174=DIRECTION('',(0.,-0.,1.));
#2175=DIRECTION('',(1.,0.,0.));
#2176=AXIS2_PLACEMENT_3D('',#2173,#2174,#2175);
#2177=CONICAL_SURFACE('',#2176,5.646446609,44.999999898);
#2178=ORIENTED_EDGE('',*,*,#2151,.T.);
#2179=ORIENTED_EDGE('',*,*,#1612,.F.);
#2180=CARTESIAN_POINT('',(-143.4198,-59.747438779,13.264565985));
#2181=DIRECTION('',(-0.,0.707106781,-0.707106781));
#2182=VECTOR('',#2181,2.414213564);
#2183=LINE('',#2180,#2182);
#2184=EDGE_CURVE('',#1968,#1598,#2183,.T.);
#2185=ORIENTED_EDGE('',*,*,#2184,.F.);
#2186=ORIENTED_EDGE('',*,*,#1988,.F.);
#2187=EDGE_LOOP('',(#2178,#2179,#2185,#2186));
#2188=FACE_BOUND('',#2187,.T.);
#2189=ADVANCED_FACE('',(#2188),#2177,.T.);
#2190=CARTESIAN_POINT('',(0.,-58.393885388,11.911012593));
#2191=DIRECTION('',(0.,0.707106781,0.707106781));
#2192=DIRECTION('',(-1.,0.,0.));
#2193=AXIS2_PLACEMENT_3D('',#2190,#2191,#2192);
#2194=PLANE('',#2193);
#2195=ORIENTED_EDGE('',*,*,#2167,.T.);
#2196=CARTESIAN_POINT('',(-143.4198,-59.747438779,13.264565985));
#2197=DIRECTION('',(1.,0.,-0.));
#2198=VECTOR('',#2197,287.4396);
#2199=LINE('',#2196,#2198);
#2200=EDGE_CURVE('',#1968,#1933,#2199,.T.);
#2201=ORIENTED_EDGE('',*,*,#2200,.F.);
#2202=ORIENTED_EDGE('',*,*,#2184,.T.);
#2203=ORIENTED_EDGE('',*,*,#1603,.F.);
#2204=EDGE_LOOP('',(#2195,#2201,#2202,#2203));
#2205=FACE_BOUND('',#2204,.T.);
#2206=ADVANCED_FACE('',(#2205),#2194,.F.);
#2207=CARTESIAN_POINT('',(-149.924825253,28.868636221,28.762484455));
#2208=DIRECTION('',(-0.707106781,-0.,0.707106781));
#2209=DIRECTION('',(0.,-1.,-0.));
#2210=AXIS2_PLACEMENT_3D('',#2207,#2208,#2209);
#2211=PLANE('',#2210);
#2212=ORIENTED_EDGE('',*,*,#456,.F.);
#2213=CARTESIAN_POINT('',(-148.429850506,48.740615626,30.257459202));
#2214=DIRECTION('',(-0.707106781,0.,-0.707106781));
#2215=VECTOR('',#2214,2.814213563);
#2216=LINE('',#2213,#2215);
#2217=EDGE_CURVE('',#442,#1413,#2216,.T.);
#2218=ORIENTED_EDGE('',*,*,#2217,.T.);
#2219=ORIENTED_EDGE('',*,*,#1418,.F.);
#2220=CARTESIAN_POINT('',(-148.429850506,-52.747438779,30.257459203));
#2221=CARTESIAN_POINT('',(-150.419799997,-52.747438774,28.267509711));
#2222=B_SPLINE_CURVE_WITH_KNOTS('',1,(#2220,#2221),.UNSPECIFIED.,.F.,.F.,(2,2),(0.,1.),.UNSPECIFIED.);
#2223=EDGE_CURVE('',#451,#1405,#2222,.T.);
#2224=ORIENTED_EDGE('',*,*,#2223,.F.);
#2225=EDGE_LOOP('',(#2212,#2218,#2219,#2224));
#2226=FACE_BOUND('',#2225,.T.);
#2227=ADVANCED_FACE('',(#2226),#2211,.T.);
#2228=CARTESIAN_POINT('',(150.524825253,28.868636221,28.762484455));
#2229=DIRECTION('',(-0.707106781,0.,-0.707106781));
#2230=DIRECTION('',(-0.,-1.,-0.));
#2231=AXIS2_PLACEMENT_3D('',#2228,#2229,#2230);
#2232=PLANE('',#2231);
#2233=ORIENTED_EDGE('',*,*,#1386,.F.);
#2234=CARTESIAN_POINT('',(149.029850506,48.740661221,30.257459203));
#2235=CARTESIAN_POINT('',(151.019799997,48.740661217,28.267509711));
#2236=B_SPLINE_CURVE_WITH_KNOTS('',1,(#2234,#2235),.UNSPECIFIED.,.F.,.F.,(2,2),(0.,1.),.UNSPECIFIED.);
#2237=EDGE_CURVE('',#417,#1373,#2236,.T.);
#2238=ORIENTED_EDGE('',*,*,#2237,.F.);
#2239=ORIENTED_EDGE('',*,*,#422,.F.);
#2240=CARTESIAN_POINT('',(151.019799997,-52.747438779,28.267509711));
#2241=CARTESIAN_POINT('',(149.029850504,-52.747438779,30.257459204));
#2242=B_SPLINE_CURVE_WITH_KNOTS('',1,(#2240,#2241),.UNSPECIFIED.,.F.,.F.,(2,2),(0.,1.),.UNSPECIFIED.);
#2243=EDGE_CURVE('',#1381,#415,#2242,.T.);
#2244=ORIENTED_EDGE('',*,*,#2243,.F.);
#2245=EDGE_LOOP('',(#2233,#2238,#2239,#2244));
#2246=FACE_BOUND('',#2245,.T.);
#2247=ADVANCED_FACE('',(#2246),#2232,.F.);
#2248=CARTESIAN_POINT('',(-143.4198,-52.747438779,29.762484455));
#2249=DIRECTION('',(0.,0.,-1.));
#2250=DIRECTION('',(-1.,0.,0.));
#2251=AXIS2_PLACEMENT_3D('',#2248,#2249,#2250);
#2252=CONICAL_SURFACE('',#2251,5.505025253,44.999999898);
#2253=ORIENTED_EDGE('',*,*,#2223,.T.);
#2254=ORIENTED_EDGE('',*,*,#1980,.F.);
#2255=CARTESIAN_POINT('',(-143.4198,-57.757489284,30.257459203));
#2256=DIRECTION('',(0.,-0.707106781,-0.707106781));
#2257=VECTOR('',#2256,2.814213568);
#2258=LINE('',#2255,#2257);
#2259=EDGE_CURVE('',#459,#1966,#2258,.T.);
#2260=ORIENTED_EDGE('',*,*,#2259,.F.);
#2261=ORIENTED_EDGE('',*,*,#465,.F.);
#2262=EDGE_LOOP('',(#2253,#2254,#2260,#2261));
#2263=FACE_BOUND('',#2262,.T.);
#2264=ADVANCED_FACE('',(#2263),#2252,.T.);
#2265=CARTESIAN_POINT('',(144.0198,-52.747438779,29.762484455));
#2266=DIRECTION('',(0.,0.,-1.));
#2267=DIRECTION('',(-1.,0.,0.));
#2268=AXIS2_PLACEMENT_3D('',#2265,#2266,#2267);
#2269=CONICAL_SURFACE('',#2268,5.505025253,44.999999898);
#2270=ORIENTED_EDGE('',*,*,#2243,.T.);
#2271=ORIENTED_EDGE('',*,*,#480,.F.);
#2272=CARTESIAN_POINT('',(144.0198,-59.74743878,28.267509707));
#2273=DIRECTION('',(-0.,0.707106781,0.707106781));
#2274=VECTOR('',#2273,2.814213566);
#2275=LINE('',#2272,#2274);
#2276=EDGE_CURVE('',#1943,#468,#2275,.T.);
#2277=ORIENTED_EDGE('',*,*,#2276,.F.);
#2278=ORIENTED_EDGE('',*,*,#1949,.F.);
#2279=EDGE_LOOP('',(#2270,#2271,#2277,#2278));
#2280=FACE_BOUND('',#2279,.T.);
#2281=ADVANCED_FACE('',(#2280),#2269,.T.);
#2282=CARTESIAN_POINT('',(0.3,-58.252464032,29.762484455));
#2283=DIRECTION('',(0.,0.707106781,-0.707106781));
#2284=DIRECTION('',(1.,0.,0.));
#2285=AXIS2_PLACEMENT_3D('',#2282,#2283,#2284);
#2286=PLANE('',#2285);
#2287=ORIENTED_EDGE('',*,*,#2259,.T.);
#2288=CARTESIAN_POINT('',(144.0198,-59.747438779,28.267509708));
#2289=DIRECTION('',(-1.,-0.,0.));
#2290=VECTOR('',#2289,287.4396);
#2291=LINE('',#2288,#2290);
#2292=EDGE_CURVE('',#1943,#1966,#2291,.T.);
#2293=ORIENTED_EDGE('',*,*,#2292,.F.);
#2294=ORIENTED_EDGE('',*,*,#2276,.T.);
#2295=ORIENTED_EDGE('',*,*,#473,.F.);
#2296=EDGE_LOOP('',(#2287,#2293,#2294,#2295));
#2297=FACE_BOUND('',#2296,.T.);
#2298=ADVANCED_FACE('',(#2297),#2286,.F.);
#2299=CARTESIAN_POINT('',(110.299990177,-59.747438779,20.307457932));
#2300=DIRECTION('',(0.,-1.,-0.));
#2301=DIRECTION('',(1.,0.,0.));
#2302=AXIS2_PLACEMENT_3D('',#2299,#2300,#2301);
#2303=PLANE('',#2302);
#2304=ORIENTED_EDGE('',*,*,#1955,.T.);
#2305=ORIENTED_EDGE('',*,*,#2292,.T.);
#2306=ORIENTED_EDGE('',*,*,#1973,.T.);
#2307=ORIENTED_EDGE('',*,*,#2200,.T.);
#2308=EDGE_LOOP('',(#2304,#2305,#2306,#2307));
#2309=FACE_BOUND('',#2308,.T.);
#2310=ADVANCED_FACE('',(#2309),#2303,.T.);
#2311=CARTESIAN_POINT('',(-144.0198,-13.625413779,14.987459202));
#2312=DIRECTION('',(0.,1.,0.));
#2313=DIRECTION('',(0.,-0.,1.));
#2314=AXIS2_PLACEMENT_3D('',#2311,#2312,#2313);
#2315=PLANE('',#2314);
#2316=CARTESIAN_POINT('',(-145.224774747,-13.625413779,14.487459202));
#2317=VERTEX_POINT('',#2316);
#2318=CARTESIAN_POINT('',(-146.5198,-13.625413779,15.782484455));
#2319=DIRECTION('',(0.707106781,0.,-0.707106781));
#2320=VECTOR('',#2319,1.831442276);
#2321=LINE('',#2318,#2320);
#2322=EDGE_CURVE('',#1821,#2317,#2321,.T.);
#2323=ORIENTED_EDGE('',*,*,#2322,.T.);
#2324=CARTESIAN_POINT('',(-145.224774747,-13.625413779,14.487459202));
#2325=DIRECTION('',(-1.,-0.,0.));
#2326=VECTOR('',#2325,1.295025253);
#2327=LINE('',#2324,#2326);
#2328=EDGE_CURVE('',#2317,#1829,#2327,.T.);
#2329=ORIENTED_EDGE('',*,*,#2328,.T.);
#2330=ORIENTED_EDGE('',*,*,#1834,.F.);
#2331=EDGE_LOOP('',(#2323,#2329,#2330));
#2332=FACE_BOUND('',#2331,.T.);
#2333=ADVANCED_FACE('',(#2332),#2315,.T.);
#2334=CARTESIAN_POINT('',(-144.0198,-43.625413779,14.987459202));
#2335=DIRECTION('',(0.,-1.,-0.));
#2336=DIRECTION('',(0.,0.,-1.));
#2337=AXIS2_PLACEMENT_3D('',#2334,#2335,#2336);
#2338=PLANE('',#2337);
#2339=CARTESIAN_POINT('',(-145.224774747,-43.625413779,14.487459202));
#2340=VERTEX_POINT('',#2339);
#2341=CARTESIAN_POINT('',(-146.5198,-43.625413779,14.487459202));
#2342=DIRECTION('',(1.,0.,-0.));
#2343=VECTOR('',#2342,1.295025253);
#2344=LINE('',#2341,#2343);
#2345=EDGE_CURVE('',#1795,#2340,#2344,.T.);
#2346=ORIENTED_EDGE('',*,*,#2345,.T.);
#2347=CARTESIAN_POINT('',(-145.224774747,-43.625413779,14.487459202));
#2348=DIRECTION('',(-0.707106781,0.,0.707106781));
#2349=VECTOR('',#2348,1.831442277);
#2350=LINE('',#2347,#2349);
#2351=EDGE_CURVE('',#2340,#1797,#2350,.T.);
#2352=ORIENTED_EDGE('',*,*,#2351,.T.);
#2353=ORIENTED_EDGE('',*,*,#1802,.F.);
#2354=EDGE_LOOP('',(#2346,#2352,#2353));
#2355=FACE_BOUND('',#2354,.T.);
#2356=ADVANCED_FACE('',(#2355),#2338,.T.);
#2357=CARTESIAN_POINT('',(-144.0198,-28.625413779,13.987459202));
#2358=DIRECTION('',(0.,0.,-1.));
#2359=DIRECTION('',(-1.,0.,0.));
#2360=AXIS2_PLACEMENT_3D('',#2357,#2358,#2359);
#2361=PLANE('',#2360);
#2362=CARTESIAN_POINT('',(-143.734825254,-14.325413778,13.987459202));
#2363=VERTEX_POINT('',#2362);
#2364=CARTESIAN_POINT('',(-143.734825253,-42.925413779,13.987459202));
#2365=VERTEX_POINT('',#2364);
#2366=CARTESIAN_POINT('',(-143.734825254,-14.325413778,13.987459202));
#2367=DIRECTION('',(-0.,-1.,-0.));
#2368=VECTOR('',#2367,28.600000001);
#2369=LINE('',#2366,#2368);
#2370=EDGE_CURVE('',#2363,#2365,#2369,.T.);
#2371=ORIENTED_EDGE('',*,*,#2370,.T.);
#2372=CARTESIAN_POINT('',(-144.017667965,-43.125413779,13.987459202));
#2373=VERTEX_POINT('',#2372);
#2374=CARTESIAN_POINT('',(-144.017667965,-43.125413779,13.987459202));
#2375=DIRECTION('',(0.816496581,0.577350269,-0.));
#2376=VECTOR('',#2375,0.34641016);
#2377=LINE('',#2374,#2376);
#2378=EDGE_CURVE('',#2373,#2365,#2377,.T.);
#2379=ORIENTED_EDGE('',*,*,#2378,.F.);
#2380=CARTESIAN_POINT('',(-144.017667965,-43.125413779,13.987459202));
#2381=DIRECTION('',(-1.,0.,0.));
#2382=VECTOR('',#2381,2.502132035);
#2383=LINE('',#2380,#2382);
#2384=EDGE_CURVE('',#2373,#1845,#2383,.T.);
#2385=ORIENTED_EDGE('',*,*,#2384,.T.);
#2386=ORIENTED_EDGE('',*,*,#1850,.F.);
#2387=CARTESIAN_POINT('',(-144.017667965,-14.125413779,13.987459202));
#2388=VERTEX_POINT('',#2387);
#2389=CARTESIAN_POINT('',(-146.5198,-14.125413779,13.987459202));
#2390=DIRECTION('',(1.,-0.,-0.));
#2391=VECTOR('',#2390,2.502132035);
#2392=LINE('',#2389,#2391);
#2393=EDGE_CURVE('',#1837,#2388,#2392,.T.);
#2394=ORIENTED_EDGE('',*,*,#2393,.T.);
#2395=CARTESIAN_POINT('',(-144.017667965,-14.125413779,13.987459202));
#2396=DIRECTION('',(0.816496581,-0.577350269,-0.));
#2397=VECTOR('',#2396,0.34641016);
#2398=LINE('',#2395,#2397);
#2399=EDGE_CURVE('',#2388,#2363,#2398,.T.);
#2400=ORIENTED_EDGE('',*,*,#2399,.T.);
#2401=EDGE_LOOP('',(#2371,#2379,#2385,#2386,#2394,#2400));
#2402=FACE_BOUND('',#2401,.T.);
#2403=ADVANCED_FACE('',(#2402),#2361,.T.);
#2404=CARTESIAN_POINT('',(-68.302412627,-1.803388779,-61.444953424));
#2405=DIRECTION('',(0.707106781,-0.,0.707106781));
#2406=DIRECTION('',(0.707106781,0.,-0.707106781));
#2407=AXIS2_PLACEMENT_3D('',#2404,#2405,#2406);
#2408=PLANE('',#2407);
#2409=ORIENTED_EDGE('',*,*,#1818,.F.);
#2410=CARTESIAN_POINT('',(-146.5198,-42.925413779,16.772433949));
#2411=DIRECTION('',(0.707106781,0.,-0.707106781));
#2412=VECTOR('',#2411,3.938549058);
#2413=LINE('',#2410,#2412);
#2414=EDGE_CURVE('',#1805,#2365,#2413,.T.);
#2415=ORIENTED_EDGE('',*,*,#2414,.T.);
#2416=ORIENTED_EDGE('',*,*,#2370,.F.);
#2417=CARTESIAN_POINT('',(-143.734825253,-14.325413778,13.987459202));
#2418=DIRECTION('',(-0.707106781,-0.,0.707106781));
#2419=VECTOR('',#2418,3.938549058);
#2420=LINE('',#2417,#2419);
#2421=EDGE_CURVE('',#2363,#1813,#2420,.T.);
#2422=ORIENTED_EDGE('',*,*,#2421,.T.);
#2423=EDGE_LOOP('',(#2409,#2415,#2416,#2422));
#2424=FACE_BOUND('',#2423,.T.);
#2425=ADVANCED_FACE('',(#2424),#2408,.T.);
#2426=CARTESIAN_POINT('',(-144.0198,-43.125413779,13.987459202));
#2427=DIRECTION('',(0.,0.707106781,0.707106781));
#2428=DIRECTION('',(-1.,0.,0.));
#2429=AXIS2_PLACEMENT_3D('',#2426,#2427,#2428);
#2430=PLANE('',#2429);
#2431=ORIENTED_EDGE('',*,*,#1856,.F.);
#2432=ORIENTED_EDGE('',*,*,#2384,.F.);
#2433=CARTESIAN_POINT('',(-145.224774746,-43.625413779,14.487459202));
#2434=DIRECTION('',(0.862856209,0.357406744,-0.357406744));
#2435=VECTOR('',#2434,1.398966326);
#2436=LINE('',#2433,#2435);
#2437=EDGE_CURVE('',#2340,#2373,#2436,.T.);
#2438=ORIENTED_EDGE('',*,*,#2437,.F.);
#2439=ORIENTED_EDGE('',*,*,#2345,.F.);
#2440=EDGE_LOOP('',(#2431,#2432,#2438,#2439));
#2441=FACE_BOUND('',#2440,.T.);
#2442=ADVANCED_FACE('',(#2441),#2430,.F.);
#2443=CARTESIAN_POINT('',(-144.872287373,-43.625413779,14.134971829));
#2444=DIRECTION('',(-0.5,0.707106781,-0.5));
#2445=DIRECTION('',(-0.707106781,0.,0.707106781));
#2446=AXIS2_PLACEMENT_3D('',#2443,#2444,#2445);
#2447=PLANE('',#2446);
#2448=ORIENTED_EDGE('',*,*,#2437,.T.);
#2449=ORIENTED_EDGE('',*,*,#2378,.T.);
#2450=ORIENTED_EDGE('',*,*,#2414,.F.);
#2451=ORIENTED_EDGE('',*,*,#1810,.F.);
#2452=ORIENTED_EDGE('',*,*,#2351,.F.);
#2453=EDGE_LOOP('',(#2448,#2449,#2450,#2451,#2452));
#2454=FACE_BOUND('',#2453,.T.);
#2455=ADVANCED_FACE('',(#2454),#2447,.F.);
#2456=CARTESIAN_POINT('',(-144.872287373,-13.625413779,14.134971829));
#2457=DIRECTION('',(-0.5,-0.707106781,-0.5));
#2458=DIRECTION('',(0.707106781,0.,-0.707106781));
#2459=AXIS2_PLACEMENT_3D('',#2456,#2457,#2458);
#2460=PLANE('',#2459);
#2461=ORIENTED_EDGE('',*,*,#1826,.F.);
#2462=ORIENTED_EDGE('',*,*,#2421,.F.);
#2463=ORIENTED_EDGE('',*,*,#2399,.F.);
#2464=CARTESIAN_POINT('',(-145.224774747,-13.625413779,14.487459202));
#2465=DIRECTION('',(0.86285621,-0.357406744,-0.357406744));
#2466=VECTOR('',#2465,1.398966327);
#2467=LINE('',#2464,#2466);
#2468=EDGE_CURVE('',#2317,#2388,#2467,.T.);
#2469=ORIENTED_EDGE('',*,*,#2468,.F.);
#2470=ORIENTED_EDGE('',*,*,#2322,.F.);
#2471=EDGE_LOOP('',(#2461,#2462,#2463,#2469,#2470));
#2472=FACE_BOUND('',#2471,.T.);
#2473=ADVANCED_FACE('',(#2472),#2460,.F.);
#2474=CARTESIAN_POINT('',(-144.0198,-13.625413779,14.487459202));
#2475=DIRECTION('',(0.,-0.707106781,0.707106781));
#2476=DIRECTION('',(-1.,0.,0.));
#2477=AXIS2_PLACEMENT_3D('',#2474,#2475,#2476);
#2478=PLANE('',#2477);
#2479=ORIENTED_EDGE('',*,*,#2468,.T.);
#2480=ORIENTED_EDGE('',*,*,#2393,.F.);
#2481=ORIENTED_EDGE('',*,*,#1842,.F.);
#2482=ORIENTED_EDGE('',*,*,#2328,.F.);
#2483=EDGE_LOOP('',(#2479,#2480,#2481,#2482));
#2484=FACE_BOUND('',#2483,.T.);
#2485=ADVANCED_FACE('',(#2484),#2478,.F.);
#2486=CARTESIAN_POINT('',(-4.83,-51.447438779,26.807459202));
#2487=DIRECTION('',(-1.,0.,0.));
#2488=DIRECTION('',(0.,-0.,1.));
#2489=AXIS2_PLACEMENT_3D('',#2486,#2487,#2488);
#2490=PLANE('',#2489);
#2491=ORIENTED_EDGE('',*,*,#192,.F.);
#2492=ORIENTED_EDGE('',*,*,#542,.F.);
#2493=CARTESIAN_POINT('',(-4.83,-56.747438779,25.657459202));
#2494=DIRECTION('',(0.,-0.,1.));
#2495=VECTOR('',#2494,3.);
#2496=LINE('',#2493,#2495);
#2497=EDGE_CURVE('',#492,#531,#2496,.T.);
#2498=ORIENTED_EDGE('',*,*,#2497,.F.);
#2499=ORIENTED_EDGE('',*,*,#497,.T.);
#2500=EDGE_LOOP('',(#2491,#2492,#2498,#2499));
#2501=FACE_BOUND('',#2500,.T.);
#2502=ADVANCED_FACE('',(#2501),#2490,.F.);
#2503=CARTESIAN_POINT('',(5.26,-51.447438779,26.807459202));
#2504=DIRECTION('',(1.,0.,0.));
#2505=DIRECTION('',(0.,0.,-1.));
#2506=AXIS2_PLACEMENT_3D('',#2503,#2504,#2505);
#2507=PLANE('',#2506);
#2508=ORIENTED_EDGE('',*,*,#528,.T.);
#2509=ORIENTED_EDGE('',*,*,#176,.T.);
#2510=ORIENTED_EDGE('',*,*,#511,.F.);
#2511=CARTESIAN_POINT('',(5.26,-56.747438779,28.657459202));
#2512=DIRECTION('',(0.,0.,-1.));
#2513=VECTOR('',#2512,3.);
#2514=LINE('',#2511,#2513);
#2515=EDGE_CURVE('',#523,#500,#2514,.T.);
#2516=ORIENTED_EDGE('',*,*,#2515,.F.);
#2517=EDGE_LOOP('',(#2508,#2509,#2510,#2516));
#2518=FACE_BOUND('',#2517,.T.);
#2519=ADVANCED_FACE('',(#2518),#2507,.F.);
#2520=CARTESIAN_POINT('',(0.,-56.747438779,12.274639419));
#2521=DIRECTION('',(0.,1.,0.));
#2522=DIRECTION('',(0.,-0.,1.));
#2523=AXIS2_PLACEMENT_3D('',#2520,#2521,#2522);
#2524=PLANE('',#2523);
#2525=ORIENTED_EDGE('',*,*,#2497,.T.);
#2526=ORIENTED_EDGE('',*,*,#536,.T.);
#2527=ORIENTED_EDGE('',*,*,#2515,.T.);
#2528=ORIENTED_EDGE('',*,*,#505,.T.);
#2529=EDGE_LOOP('',(#2525,#2526,#2527,#2528));
#2530=FACE_BOUND('',#2529,.T.);
#2531=ADVANCED_FACE('',(#2530),#2524,.T.);
#2532=CARTESIAN_POINT('',(-72.8099,53.440661221,24.957459202));
#2533=DIRECTION('',(0.,1.,0.));
#2534=DIRECTION('',(0.,-0.,1.));
#2535=AXIS2_PLACEMENT_3D('',#2532,#2533,#2534);
#2536=PLANE('',#2535);
#2537=CARTESIAN_POINT('',(-117.739193141,53.440661221,16.766606155));
#2538=VERTEX_POINT('',#2537);
#2539=CARTESIAN_POINT('',(-117.739193141,53.440661221,12.057459202));
#2540=VERTEX_POINT('',#2539);
#2541=CARTESIAN_POINT('',(-117.739193141,53.440661221,16.766606155));
#2542=DIRECTION('',(-0.,0.,-1.));
#2543=VECTOR('',#2542,4.709146953);
#2544=LINE('',#2541,#2543);
#2545=EDGE_CURVE('',#2538,#2540,#2544,.T.);
#2546=ORIENTED_EDGE('',*,*,#2545,.T.);
#2547=CARTESIAN_POINT('',(-117.639193141,53.440661221,11.757459202));
#2548=VERTEX_POINT('',#2547);
#2549=CARTESIAN_POINT('',(-117.239193141,53.440661221,12.057459202));
#2550=DIRECTION('',(-0.,-1.,-0.));
#2551=DIRECTION('',(0.,-0.,1.));
#2552=AXIS2_PLACEMENT_3D('',#2549,#2550,#2551);
#2553=CIRCLE('',#2552,0.5);
#2554=EDGE_CURVE('',#2540,#2548,#2553,.T.);
#2555=ORIENTED_EDGE('',*,*,#2554,.T.);
#2556=CARTESIAN_POINT('',(141.7198,53.440661221,11.757459202));
#2557=VERTEX_POINT('',#2556);
#2558=CARTESIAN_POINT('',(-117.639193141,53.440661221,11.757459202));
#2559=DIRECTION('',(1.,0.,-0.));
#2560=VECTOR('',#2559,259.358993141);
#2561=LINE('',#2558,#2560);
#2562=EDGE_CURVE('',#2548,#2557,#2561,.T.);
#2563=ORIENTED_EDGE('',*,*,#2562,.T.);
#2564=CARTESIAN_POINT('',(141.7198,53.440661221,24.257459202));
#2565=VERTEX_POINT('',#2564);
#2566=CARTESIAN_POINT('',(141.7198,53.440661221,11.757459202));
#2567=DIRECTION('',(0.,-0.,1.));
#2568=VECTOR('',#2567,12.5);
#2569=LINE('',#2566,#2568);
#2570=EDGE_CURVE('',#2557,#2565,#2569,.T.);
#2571=ORIENTED_EDGE('',*,*,#2570,.T.);
#2572=CARTESIAN_POINT('',(-141.5198,53.440661221,24.257459202));
#2573=VERTEX_POINT('',#2572);
#2574=CARTESIAN_POINT('',(141.7198,53.440661221,24.257459202));
#2575=DIRECTION('',(-1.,0.,0.));
#2576=VECTOR('',#2575,283.2396);
#2577=LINE('',#2574,#2576);
#2578=EDGE_CURVE('',#2565,#2573,#2577,.T.);
#2579=ORIENTED_EDGE('',*,*,#2578,.T.);
#2580=CARTESIAN_POINT('',(-141.5198,53.440661221,11.757459202));
#2581=VERTEX_POINT('',#2580);
#2582=CARTESIAN_POINT('',(-141.5198,53.440661221,24.257459202));
#2583=DIRECTION('',(-0.,0.,-1.));
#2584=VECTOR('',#2583,12.5);
#2585=LINE('',#2582,#2584);
#2586=EDGE_CURVE('',#2573,#2581,#2585,.T.);
#2587=ORIENTED_EDGE('',*,*,#2586,.T.);
#2588=CARTESIAN_POINT('',(-130.239193141,53.440661221,11.757459202));
#2589=VERTEX_POINT('',#2588);
#2590=CARTESIAN_POINT('',(-141.5198,53.440661221,11.757459202));
#2591=DIRECTION('',(1.,0.,-0.));
#2592=VECTOR('',#2591,11.280606859);
#2593=LINE('',#2590,#2592);
#2594=EDGE_CURVE('',#2581,#2589,#2593,.T.);
#2595=ORIENTED_EDGE('',*,*,#2594,.T.);
#2596=CARTESIAN_POINT('',(-130.139193141,53.440661221,12.057459202));
#2597=VERTEX_POINT('',#2596);
#2598=CARTESIAN_POINT('',(-130.639193141,53.440661221,12.057459202));
#2599=DIRECTION('',(-0.,-1.,-0.));
#2600=DIRECTION('',(0.,-0.,1.));
#2601=AXIS2_PLACEMENT_3D('',#2598,#2599,#2600);
#2602=CIRCLE('',#2601,0.5);
#2603=EDGE_CURVE('',#2589,#2597,#2602,.T.);
#2604=ORIENTED_EDGE('',*,*,#2603,.T.);
#2605=CARTESIAN_POINT('',(-130.139193141,53.440661221,16.766606155));
#2606=VERTEX_POINT('',#2605);
#2607=CARTESIAN_POINT('',(-130.139193141,53.440661221,12.057459202));
#2608=DIRECTION('',(0.,-0.,1.));
#2609=VECTOR('',#2608,4.709146953);
#2610=LINE('',#2607,#2609);
#2611=EDGE_CURVE('',#2597,#2606,#2610,.T.);
#2612=ORIENTED_EDGE('',*,*,#2611,.T.);
#2613=CARTESIAN_POINT('',(-127.639193141,53.440661221,19.266606155));
#2614=VERTEX_POINT('',#2613);
#2615=CARTESIAN_POINT('',(-127.639193141,53.440661221,16.766606155));
#2616=DIRECTION('',(0.,1.,0.));
#2617=DIRECTION('',(0.,-0.,1.));
#2618=AXIS2_PLACEMENT_3D('',#2615,#2616,#2617);
#2619=CIRCLE('',#2618,2.5);
#2620=EDGE_CURVE('',#2606,#2614,#2619,.T.);
#2621=ORIENTED_EDGE('',*,*,#2620,.T.);
#2622=CARTESIAN_POINT('',(-120.239193141,53.440661221,19.266606155));
#2623=VERTEX_POINT('',#2622);
#2624=CARTESIAN_POINT('',(-127.639193141,53.440661221,19.266606155));
#2625=DIRECTION('',(1.,0.,-0.));
#2626=VECTOR('',#2625,7.4);
#2627=LINE('',#2624,#2626);
#2628=EDGE_CURVE('',#2614,#2623,#2627,.T.);
#2629=ORIENTED_EDGE('',*,*,#2628,.T.);
#2630=CARTESIAN_POINT('',(-120.239193141,53.440661221,16.766606155));
#2631=DIRECTION('',(0.,1.,0.));
#2632=DIRECTION('',(0.,-0.,1.));
#2633=AXIS2_PLACEMENT_3D('',#2630,#2631,#2632);
#2634=CIRCLE('',#2633,2.5);
#2635=EDGE_CURVE('',#2623,#2538,#2634,.T.);
#2636=ORIENTED_EDGE('',*,*,#2635,.T.);
#2637=EDGE_LOOP('',(#2546,#2555,#2563,#2571,#2579,#2587,#2595,#2604,#2612,#2621,#2629,#2636));
#2638=FACE_BOUND('',#2637,.T.);
#2639=ADVANCED_FACE('',(#2638),#2536,.F.);
#2640=CARTESIAN_POINT('',(-130.139193141,49.740661221,17.067267871));
#2641=DIRECTION('',(-1.,0.,0.));
#2642=DIRECTION('',(0.,-0.,1.));
#2643=AXIS2_PLACEMENT_3D('',#2640,#2641,#2642);
#2644=PLANE('',#2643);
#2645=ORIENTED_EDGE('',*,*,#2611,.F.);
#2646=CARTESIAN_POINT('',(-130.139193141,54.040661221,12.057459202));
#2647=VERTEX_POINT('',#2646);
#2648=CARTESIAN_POINT('',(-130.139193141,53.440661221,12.057459202));
#2649=DIRECTION('',(0.,1.,0.));
#2650=VECTOR('',#2649,0.6);
#2651=LINE('',#2648,#2650);
#2652=EDGE_CURVE('',#2597,#2647,#2651,.T.);
#2653=ORIENTED_EDGE('',*,*,#2652,.T.);
#2654=CARTESIAN_POINT('',(-130.139193141,54.040661221,16.766606155));
#2655=VERTEX_POINT('',#2654);
#2656=CARTESIAN_POINT('',(-130.139193141,54.040661221,12.057459202));
#2657=DIRECTION('',(0.,-0.,1.));
#2658=VECTOR('',#2657,4.709146953);
#2659=LINE('',#2656,#2658);
#2660=EDGE_CURVE('',#2647,#2655,#2659,.T.);
#2661=ORIENTED_EDGE('',*,*,#2660,.T.);
#2662=CARTESIAN_POINT('',(-130.139193141,54.040661221,16.766606155));
#2663=DIRECTION('',(-0.,-1.,-0.));
#2664=VECTOR('',#2663,0.6);
#2665=LINE('',#2662,#2664);
#2666=EDGE_CURVE('',#2655,#2606,#2665,.T.);
#2667=ORIENTED_EDGE('',*,*,#2666,.T.);
#2668=EDGE_LOOP('',(#2645,#2653,#2661,#2667));
#2669=FACE_BOUND('',#2668,.T.);
#2670=ADVANCED_FACE('',(#2669),#2644,.F.);
#2671=CARTESIAN_POINT('',(0.3,54.38710783,11.911012593));
#2672=DIRECTION('',(0.,-0.707106781,0.707106781));
#2673=DIRECTION('',(1.,0.,0.));
#2674=AXIS2_PLACEMENT_3D('',#2671,#2672,#2673);
#2675=PLANE('',#2674);
#2676=ORIENTED_EDGE('',*,*,#1569,.F.);
#2677=CARTESIAN_POINT('',(-117.596282065,54.183572297,11.70747706));
#2678=VERTEX_POINT('',#2677);
#2679=CARTESIAN_POINT('',(-117.239193141,54.533554439,12.057459202));
#2680=DIRECTION('',(-0.,0.707106781,-0.707106781));
#2681=DIRECTION('',(0.,-0.707106781,-0.707106781));
#2682=AXIS2_PLACEMENT_3D('',#2679,#2680,#2681);
#2683=ELLIPSE('',#2682,0.707106781,0.5);
#2684=EDGE_CURVE('',#1556,#2678,#2683,.T.);
#2685=ORIENTED_EDGE('',*,*,#2684,.T.);
#2686=CARTESIAN_POINT('',(-116.039193141,55.740661221,13.264565984));
#2687=VERTEX_POINT('',#2686);
#2688=CARTESIAN_POINT('',(-117.596282065,54.183572297,11.70747706));
#2689=DIRECTION('',(0.577350269,0.577350269,0.577350269));
#2690=VECTOR('',#2689,2.696957129);
#2691=LINE('',#2688,#2690);
#2692=EDGE_CURVE('',#2678,#2687,#2691,.T.);
#2693=ORIENTED_EDGE('',*,*,#2692,.T.);
#2694=CARTESIAN_POINT('',(144.0198,55.740661222,13.264565984));
#2695=VERTEX_POINT('',#2694);
#2696=CARTESIAN_POINT('',(144.0198,55.740661221,13.264565984));
#2697=DIRECTION('',(-1.,-0.,0.));
#2698=VECTOR('',#2697,260.058993141);
#2699=LINE('',#2696,#2698);
#2700=EDGE_CURVE('',#2695,#2687,#2699,.T.);
#2701=ORIENTED_EDGE('',*,*,#2700,.F.);
#2702=CARTESIAN_POINT('',(144.0198,55.740661222,13.264565984));
#2703=DIRECTION('',(-0.,-0.707106781,-0.707106781));
#2704=VECTOR('',#2703,2.414213566);
#2705=LINE('',#2702,#2704);
#2706=EDGE_CURVE('',#2695,#1564,#2705,.T.);
#2707=ORIENTED_EDGE('',*,*,#2706,.T.);
#2708=EDGE_LOOP('',(#2676,#2685,#2693,#2701,#2707));
#2709=FACE_BOUND('',#2708,.T.);
#2710=ADVANCED_FACE('',(#2709),#2675,.F.);
#2711=CARTESIAN_POINT('',(0.3,54.38710783,11.911012593));
#2712=DIRECTION('',(0.,-0.707106781,0.707106781));
#2713=DIRECTION('',(1.,0.,0.));
#2714=AXIS2_PLACEMENT_3D('',#2711,#2712,#2713);
#2715=PLANE('',#2714);
#2716=CARTESIAN_POINT('',(-131.839193141,55.740661221,13.264565984));
#2717=VERTEX_POINT('',#2716);
#2718=CARTESIAN_POINT('',(-130.282104217,54.183572297,11.70747706));
#2719=VERTEX_POINT('',#2718);
#2720=CARTESIAN_POINT('',(-131.839193141,55.740661221,13.264565984));
#2721=DIRECTION('',(0.577350269,-0.577350269,-0.577350269));
#2722=VECTOR('',#2721,2.696957129);
#2723=LINE('',#2720,#2722);
#2724=EDGE_CURVE('',#2717,#2719,#2723,.T.);
#2725=ORIENTED_EDGE('',*,*,#2724,.T.);
#2726=CARTESIAN_POINT('',(-130.639193141,54.533554439,12.057459202));
#2727=DIRECTION('',(-0.,0.707106781,-0.707106781));
#2728=DIRECTION('',(0.,-0.707106781,-0.707106781));
#2729=AXIS2_PLACEMENT_3D('',#2726,#2727,#2728);
#2730=ELLIPSE('',#2729,0.707106781,0.5);
#2731=EDGE_CURVE('',#2719,#1632,#2730,.T.);
#2732=ORIENTED_EDGE('',*,*,#2731,.T.);
#2733=ORIENTED_EDGE('',*,*,#1637,.F.);
#2734=CARTESIAN_POINT('',(-143.4198,55.740661222,13.264565984));
#2735=VERTEX_POINT('',#2734);
#2736=CARTESIAN_POINT('',(-143.4198,54.033554439,11.557459201));
#2737=DIRECTION('',(0.,0.707106781,0.707106781));
#2738=VECTOR('',#2737,2.414213565);
#2739=LINE('',#2736,#2738);
#2740=EDGE_CURVE('',#1623,#2735,#2739,.T.);
#2741=ORIENTED_EDGE('',*,*,#2740,.T.);
#2742=CARTESIAN_POINT('',(-131.839193141,55.740661221,13.264565984));
#2743=DIRECTION('',(-1.,-0.,0.));
#2744=VECTOR('',#2743,11.580606859);
#2745=LINE('',#2742,#2744);
#2746=EDGE_CURVE('',#2717,#2735,#2745,.T.);
#2747=ORIENTED_EDGE('',*,*,#2746,.F.);
#2748=EDGE_LOOP('',(#2725,#2732,#2733,#2741,#2747));
#2749=FACE_BOUND('',#2748,.T.);
#2750=ADVANCED_FACE('',(#2749),#2715,.F.);
#2751=CARTESIAN_POINT('',(-74.8099,55.740661221,24.957459202));
#2752=DIRECTION('',(0.,-1.,-0.));
#2753=DIRECTION('',(0.,0.,-1.));
#2754=AXIS2_PLACEMENT_3D('',#2751,#2752,#2753);
#2755=PLANE('',#2754);
#2756=ORIENTED_EDGE('',*,*,#2700,.T.);
#2757=CARTESIAN_POINT('',(-116.039193141,55.740661221,16.766606155));
#2758=VERTEX_POINT('',#2757);
#2759=CARTESIAN_POINT('',(-116.039193141,55.740661221,13.264565984));
#2760=DIRECTION('',(0.,-0.,1.));
#2761=VECTOR('',#2760,3.502040171);
#2762=LINE('',#2759,#2761);
#2763=EDGE_CURVE('',#2687,#2758,#2762,.T.);
#2764=ORIENTED_EDGE('',*,*,#2763,.T.);
#2765=CARTESIAN_POINT('',(-120.239193141,55.740661221,20.966606155));
#2766=VERTEX_POINT('',#2765);
#2767=CARTESIAN_POINT('',(-120.239193141,55.740661221,16.766606155));
#2768=DIRECTION('',(0.,-1.,-0.));
#2769=DIRECTION('',(0.,0.,-1.));
#2770=AXIS2_PLACEMENT_3D('',#2767,#2768,#2769);
#2771=CIRCLE('',#2770,4.2);
#2772=EDGE_CURVE('',#2758,#2766,#2771,.T.);
#2773=ORIENTED_EDGE('',*,*,#2772,.T.);
#2774=CARTESIAN_POINT('',(-127.639193141,55.740661221,20.966606155));
#2775=VERTEX_POINT('',#2774);
#2776=CARTESIAN_POINT('',(-120.239193141,55.740661221,20.966606155));
#2777=DIRECTION('',(-1.,0.,0.));
#2778=VECTOR('',#2777,7.4);
#2779=LINE('',#2776,#2778);
#2780=EDGE_CURVE('',#2766,#2775,#2779,.T.);
#2781=ORIENTED_EDGE('',*,*,#2780,.T.);
#2782=CARTESIAN_POINT('',(-131.839193141,55.740661221,16.766606155));
#2783=VERTEX_POINT('',#2782);
#2784=CARTESIAN_POINT('',(-127.639193141,55.740661221,16.766606155));
#2785=DIRECTION('',(0.,-1.,-0.));
#2786=DIRECTION('',(0.,0.,-1.));
#2787=AXIS2_PLACEMENT_3D('',#2784,#2785,#2786);
#2788=CIRCLE('',#2787,4.2);
#2789=EDGE_CURVE('',#2775,#2783,#2788,.T.);
#2790=ORIENTED_EDGE('',*,*,#2789,.T.);
#2791=CARTESIAN_POINT('',(-131.839193141,55.740661221,16.766606155));
#2792=DIRECTION('',(0.,0.,-1.));
#2793=VECTOR('',#2792,3.502040171);
#2794=LINE('',#2791,#2793);
#2795=EDGE_CURVE('',#2783,#2717,#2794,.T.);
#2796=ORIENTED_EDGE('',*,*,#2795,.T.);
#2797=ORIENTED_EDGE('',*,*,#2746,.T.);
#2798=CARTESIAN_POINT('',(-143.419799998,55.740661219,28.267509705));
#2799=VERTEX_POINT('',#2798);
#2800=CARTESIAN_POINT('',(-143.4198,55.740661221,13.264565984));
#2801=DIRECTION('',(-0.,-0.,1.));
#2802=VECTOR('',#2801,15.002943721);
#2803=LINE('',#2800,#2802);
#2804=EDGE_CURVE('',#2735,#2799,#2803,.T.);
#2805=ORIENTED_EDGE('',*,*,#2804,.T.);
#2806=CARTESIAN_POINT('',(144.0198,55.740661224,28.267509705));
#2807=VERTEX_POINT('',#2806);
#2808=CARTESIAN_POINT('',(-143.419799998,55.740661221,28.267509708));
#2809=DIRECTION('',(1.,0.,-0.));
#2810=VECTOR('',#2809,287.439599998);
#2811=LINE('',#2808,#2810);
#2812=EDGE_CURVE('',#2799,#2807,#2811,.T.);
#2813=ORIENTED_EDGE('',*,*,#2812,.T.);
#2814=CARTESIAN_POINT('',(144.0198,55.740661221,28.267509705));
#2815=DIRECTION('',(0.,0.,-1.));
#2816=VECTOR('',#2815,15.002943721);
#2817=LINE('',#2814,#2816);
#2818=EDGE_CURVE('',#2807,#2695,#2817,.T.);
#2819=ORIENTED_EDGE('',*,*,#2818,.T.);
#2820=EDGE_LOOP('',(#2756,#2764,#2773,#2781,#2790,#2796,#2797,#2805,#2813,#2819));
#2821=FACE_BOUND('',#2820,.T.);
#2822=ADVANCED_FACE('',(#2821),#2755,.F.);
#2823=CARTESIAN_POINT('',(141.7198,48.440661221,24.957459202));
#2824=DIRECTION('',(0.,-0.,1.));
#2825=DIRECTION('',(1.,0.,0.));
#2826=AXIS2_PLACEMENT_3D('',#2823,#2824,#2825);
#2827=CYLINDRICAL_SURFACE('',#2826,5.);
#2828=ORIENTED_EDGE('',*,*,#808,.F.);
#2829=CARTESIAN_POINT('',(141.7198,48.440661221,24.257459202));
#2830=DIRECTION('',(-0.,-0.,1.));
#2831=DIRECTION('',(0.,1.,0.));
#2832=AXIS2_PLACEMENT_3D('',#2829,#2830,#2831);
#2833=CIRCLE('',#2832,5.);
#2834=EDGE_CURVE('',#795,#2565,#2833,.T.);
#2835=ORIENTED_EDGE('',*,*,#2834,.T.);
#2836=ORIENTED_EDGE('',*,*,#2570,.F.);
#2837=CARTESIAN_POINT('',(141.7198,48.440661221,11.757459202));
#2838=DIRECTION('',(0.,0.,-1.));
#2839=DIRECTION('',(-1.,0.,0.));
#2840=AXIS2_PLACEMENT_3D('',#2837,#2838,#2839);
#2841=CIRCLE('',#2840,5.);
#2842=EDGE_CURVE('',#2557,#803,#2841,.T.);
#2843=ORIENTED_EDGE('',*,*,#2842,.T.);
#2844=EDGE_LOOP('',(#2828,#2835,#2836,#2843));
#2845=FACE_BOUND('',#2844,.T.);
#2846=ADVANCED_FACE('',(#2845),#2827,.F.);
#2847=CARTESIAN_POINT('',(-141.5198,48.440661221,24.957459202));
#2848=DIRECTION('',(0.,-0.,1.));
#2849=DIRECTION('',(1.,0.,0.));
#2850=AXIS2_PLACEMENT_3D('',#2847,#2848,#2849);
#2851=CYLINDRICAL_SURFACE('',#2850,5.);
#2852=ORIENTED_EDGE('',*,*,#2586,.F.);
#2853=CARTESIAN_POINT('',(-141.5198,48.440661221,24.257459202));
#2854=DIRECTION('',(-0.,-0.,1.));
#2855=DIRECTION('',(0.,1.,0.));
#2856=AXIS2_PLACEMENT_3D('',#2853,#2854,#2855);
#2857=CIRCLE('',#2856,5.);
#2858=EDGE_CURVE('',#2573,#1772,#2857,.T.);
#2859=ORIENTED_EDGE('',*,*,#2858,.T.);
#2860=ORIENTED_EDGE('',*,*,#1777,.F.);
#2861=CARTESIAN_POINT('',(-141.5198,48.440661221,11.757459202));
#2862=DIRECTION('',(0.,0.,-1.));
#2863=DIRECTION('',(-1.,0.,0.));
#2864=AXIS2_PLACEMENT_3D('',#2861,#2862,#2863);
#2865=CIRCLE('',#2864,5.);
#2866=EDGE_CURVE('',#1770,#2581,#2865,.T.);
#2867=ORIENTED_EDGE('',*,*,#2866,.T.);
#2868=EDGE_LOOP('',(#2852,#2859,#2860,#2867));
#2869=FACE_BOUND('',#2868,.T.);
#2870=ADVANCED_FACE('',(#2869),#2851,.F.);
#2871=CARTESIAN_POINT('',(141.9198,44.240661221,5.857459202));
#2872=DIRECTION('',(0.,-0.,1.));
#2873=DIRECTION('',(1.,0.,0.));
#2874=AXIS2_PLACEMENT_3D('',#2871,#2872,#2873);
#2875=CYLINDRICAL_SURFACE('',#2874,2.);
#2876=ORIENTED_EDGE('',*,*,#1497,.F.);
#2877=CARTESIAN_POINT('',(141.9198,44.240661221,29.857459202));
#2878=DIRECTION('',(0.,0.,1.));
#2879=DIRECTION('',(1.,0.,-0.));
#2880=AXIS2_PLACEMENT_3D('',#2877,#2878,#2879);
#2881=CIRCLE('',#2880,2.);
#2882=EDGE_CURVE('',#1484,#617,#2881,.T.);
#2883=ORIENTED_EDGE('',*,*,#2882,.T.);
#2884=ORIENTED_EDGE('',*,*,#622,.F.);
#2885=CARTESIAN_POINT('',(141.9198,44.240661221,24.657459202));
#2886=DIRECTION('',(-0.,-0.,-1.));
#2887=DIRECTION('',(1.,0.,-0.));
#2888=AXIS2_PLACEMENT_3D('',#2885,#2886,#2887);
#2889=CIRCLE('',#2888,2.);
#2890=EDGE_CURVE('',#615,#1492,#2889,.T.);
#2891=ORIENTED_EDGE('',*,*,#2890,.T.);
#2892=EDGE_LOOP('',(#2876,#2883,#2884,#2891));
#2893=FACE_BOUND('',#2892,.T.);
#2894=ADVANCED_FACE('',(#2893),#2875,.F.);
#2895=CARTESIAN_POINT('',(-141.3198,44.240661221,5.857459202));
#2896=DIRECTION('',(0.,-0.,1.));
#2897=DIRECTION('',(1.,0.,0.));
#2898=AXIS2_PLACEMENT_3D('',#2895,#2896,#2897);
#2899=CYLINDRICAL_SURFACE('',#2898,2.);
#2900=ORIENTED_EDGE('',*,*,#638,.F.);
#2901=CARTESIAN_POINT('',(-141.3198,44.240661221,29.857459202));
#2902=DIRECTION('',(0.,0.,1.));
#2903=DIRECTION('',(1.,0.,-0.));
#2904=AXIS2_PLACEMENT_3D('',#2901,#2902,#2903);
#2905=CIRCLE('',#2904,2.);
#2906=EDGE_CURVE('',#625,#1445,#2905,.T.);
#2907=ORIENTED_EDGE('',*,*,#2906,.T.);
#2908=ORIENTED_EDGE('',*,*,#1450,.F.);
#2909=CARTESIAN_POINT('',(-141.3198,44.240661221,24.657459202));
#2910=DIRECTION('',(-0.,-0.,-1.));
#2911=DIRECTION('',(1.,0.,-0.));
#2912=AXIS2_PLACEMENT_3D('',#2909,#2910,#2911);
#2913=CIRCLE('',#2912,2.);
#2914=EDGE_CURVE('',#1443,#633,#2913,.T.);
#2915=ORIENTED_EDGE('',*,*,#2914,.T.);
#2916=EDGE_LOOP('',(#2900,#2907,#2908,#2915));
#2917=FACE_BOUND('',#2916,.T.);
#2918=ADVANCED_FACE('',(#2917),#2899,.F.);
#2919=CARTESIAN_POINT('',(144.0198,48.740661221,24.957459202));
#2920=DIRECTION('',(0.,0.,-1.));
#2921=DIRECTION('',(-1.,0.,0.));
#2922=AXIS2_PLACEMENT_3D('',#2919,#2920,#2921);
#2923=CYLINDRICAL_SURFACE('',#2922,7.);
#2924=CARTESIAN_POINT('',(144.0198,48.740661221,13.264565985));
#2925=DIRECTION('',(-0.,-0.,1.));
#2926=DIRECTION('',(-1.,0.,0.));
#2927=AXIS2_PLACEMENT_3D('',#2924,#2925,#2926);
#2928=CIRCLE('',#2927,7.);
#2929=EDGE_CURVE('',#1365,#2695,#2928,.T.);
#2930=ORIENTED_EDGE('',*,*,#2929,.T.);
#2931=ORIENTED_EDGE('',*,*,#2818,.F.);
#2932=CARTESIAN_POINT('',(144.0198,48.740661221,28.267509703));
#2933=DIRECTION('',(0.,0.,-1.));
#2934=DIRECTION('',(0.,1.,0.));
#2935=AXIS2_PLACEMENT_3D('',#2932,#2933,#2934);
#2936=CIRCLE('',#2935,7.);
#2937=EDGE_CURVE('',#2807,#1373,#2936,.T.);
#2938=ORIENTED_EDGE('',*,*,#2937,.T.);
#2939=ORIENTED_EDGE('',*,*,#1378,.F.);
#2940=EDGE_LOOP('',(#2930,#2931,#2938,#2939));
#2941=FACE_BOUND('',#2940,.T.);
#2942=ADVANCED_FACE('',(#2941),#2923,.T.);
#2943=CARTESIAN_POINT('',(-143.4198,48.740661221,24.957459202));
#2944=DIRECTION('',(0.,-0.,1.));
#2945=DIRECTION('',(1.,0.,0.));
#2946=AXIS2_PLACEMENT_3D('',#2943,#2944,#2945);
#2947=CYLINDRICAL_SURFACE('',#2946,7.);
#2948=ORIENTED_EDGE('',*,*,#1426,.F.);
#2949=CARTESIAN_POINT('',(-143.4198,48.740661221,28.267509703));
#2950=DIRECTION('',(0.,0.,-1.));
#2951=DIRECTION('',(0.,1.,0.));
#2952=AXIS2_PLACEMENT_3D('',#2949,#2950,#2951);
#2953=CIRCLE('',#2952,7.);
#2954=EDGE_CURVE('',#1413,#2799,#2953,.T.);
#2955=ORIENTED_EDGE('',*,*,#2954,.T.);
#2956=ORIENTED_EDGE('',*,*,#2804,.F.);
#2957=CARTESIAN_POINT('',(-143.4198,48.740661221,13.264565985));
#2958=DIRECTION('',(0.,-0.,1.));
#2959=DIRECTION('',(1.,0.,0.));
#2960=AXIS2_PLACEMENT_3D('',#2957,#2958,#2959);
#2961=CIRCLE('',#2960,7.);
#2962=EDGE_CURVE('',#2735,#1421,#2961,.T.);
#2963=ORIENTED_EDGE('',*,*,#2962,.T.);
#2964=EDGE_LOOP('',(#2948,#2955,#2956,#2963));
#2965=FACE_BOUND('',#2964,.T.);
#2966=ADVANCED_FACE('',(#2965),#2947,.T.);
#2967=CARTESIAN_POINT('',(146.2198,16.996611221,8.057459202));
#2968=DIRECTION('',(0.,1.,0.));
#2969=DIRECTION('',(-1.,0.,0.));
#2970=AXIS2_PLACEMENT_3D('',#2967,#2968,#2969);
#2971=PLANE('',#2970);
#2972=ORIENTED_EDGE('',*,*,#1222,.F.);
#2973=CARTESIAN_POINT('',(146.5198,16.996611221,24.457459202));
#2974=DIRECTION('',(0.707106781,0.,-0.707106781));
#2975=VECTOR('',#2974,0.282842712);
#2976=LINE('',#2973,#2975);
#2977=EDGE_CURVE('',#1211,#787,#2976,.T.);
#2978=ORIENTED_EDGE('',*,*,#2977,.T.);
#2979=ORIENTED_EDGE('',*,*,#792,.F.);
#2980=CARTESIAN_POINT('',(144.4198,16.996611221,11.757459202));
#2981=VERTEX_POINT('',#2980);
#2982=CARTESIAN_POINT('',(146.7198,16.996611221,11.757459202));
#2983=DIRECTION('',(-1.,0.,0.));
#2984=VECTOR('',#2983,2.3);
#2985=LINE('',#2982,#2984);
#2986=EDGE_CURVE('',#785,#2981,#2985,.T.);
#2987=ORIENTED_EDGE('',*,*,#2986,.T.);
#2988=CARTESIAN_POINT('',(144.4198,16.996611221,11.757459202));
#2989=DIRECTION('',(0.,-0.,1.));
#2990=VECTOR('',#2989,12.7);
#2991=LINE('',#2988,#2990);
#2992=EDGE_CURVE('',#2981,#905,#2991,.T.);
#2993=ORIENTED_EDGE('',*,*,#2992,.T.);
#2994=EDGE_LOOP('',(#2972,#2978,#2979,#2987,#2993));
#2995=FACE_BOUND('',#2994,.T.);
#2996=ADVANCED_FACE('',(#2995),#2971,.T.);
#2997=CARTESIAN_POINT('',(144.4198,16.996611221,8.057459202));
#2998=DIRECTION('',(0.707106781,-0.707106781,-0.));
#2999=DIRECTION('',(0.,-0.,1.));
#3000=AXIS2_PLACEMENT_3D('',#2997,#2998,#2999);
#3001=PLANE('',#3000);
#3002=ORIENTED_EDGE('',*,*,#1513,.F.);
#3003=CARTESIAN_POINT('',(143.9198,16.496611221,24.657459202));
#3004=DIRECTION('',(0.577350269,0.577350269,-0.577350269));
#3005=VECTOR('',#3004,0.346410162);
#3006=LINE('',#3003,#3005);
#3007=EDGE_CURVE('',#1500,#907,#3006,.T.);
#3008=ORIENTED_EDGE('',*,*,#3007,.T.);
#3009=ORIENTED_EDGE('',*,*,#912,.F.);
#3010=ORIENTED_EDGE('',*,*,#2992,.F.);
#3011=CARTESIAN_POINT('',(144.4198,16.996611221,11.757459202));
#3012=DIRECTION('',(-0.707106781,-0.707106781,-0.));
#3013=VECTOR('',#3012,0.707106781);
#3014=LINE('',#3011,#3013);
#3015=EDGE_CURVE('',#2981,#1508,#3014,.T.);
#3016=ORIENTED_EDGE('',*,*,#3015,.T.);
#3017=EDGE_LOOP('',(#3002,#3008,#3009,#3010,#3016));
#3018=FACE_BOUND('',#3017,.T.);
#3019=ADVANCED_FACE('',(#3018),#3001,.F.);
#3020=CARTESIAN_POINT('',(-123.989193141,49.740661221,19.266606155));
#3021=DIRECTION('',(0.,-0.,1.));
#3022=DIRECTION('',(1.,0.,0.));
#3023=AXIS2_PLACEMENT_3D('',#3020,#3021,#3022);
#3024=PLANE('',#3023);
#3025=CARTESIAN_POINT('',(-127.639193141,54.040661221,19.266606155));
#3026=VERTEX_POINT('',#3025);
#3027=CARTESIAN_POINT('',(-127.639193141,53.440661221,19.266606155));
#3028=DIRECTION('',(0.,1.,0.));
#3029=VECTOR('',#3028,0.6);
#3030=LINE('',#3027,#3029);
#3031=EDGE_CURVE('',#2614,#3026,#3030,.T.);
#3032=ORIENTED_EDGE('',*,*,#3031,.T.);
#3033=CARTESIAN_POINT('',(-120.239193141,54.040661221,19.266606155));
#3034=VERTEX_POINT('',#3033);
#3035=CARTESIAN_POINT('',(-127.639193141,54.040661221,19.266606155));
#3036=DIRECTION('',(1.,0.,-0.));
#3037=VECTOR('',#3036,7.4);
#3038=LINE('',#3035,#3037);
#3039=EDGE_CURVE('',#3026,#3034,#3038,.T.);
#3040=ORIENTED_EDGE('',*,*,#3039,.T.);
#3041=CARTESIAN_POINT('',(-120.239193141,54.040661221,19.266606155));
#3042=DIRECTION('',(-0.,-1.,-0.));
#3043=VECTOR('',#3042,0.6);
#3044=LINE('',#3041,#3043);
#3045=EDGE_CURVE('',#3034,#2623,#3044,.T.);
#3046=ORIENTED_EDGE('',*,*,#3045,.T.);
#3047=ORIENTED_EDGE('',*,*,#2628,.F.);
#3048=EDGE_LOOP('',(#3032,#3040,#3046,#3047));
#3049=FACE_BOUND('',#3048,.T.);
#3050=ADVANCED_FACE('',(#3049),#3024,.F.);
#3051=CARTESIAN_POINT('',(-117.739193141,49.740661221,17.067267871));
#3052=DIRECTION('',(1.,0.,0.));
#3053=DIRECTION('',(0.,0.,-1.));
#3054=AXIS2_PLACEMENT_3D('',#3051,#3052,#3053);
#3055=PLANE('',#3054);
#3056=CARTESIAN_POINT('',(-117.739193141,54.040661221,16.766606155));
#3057=VERTEX_POINT('',#3056);
#3058=CARTESIAN_POINT('',(-117.739193141,54.040661221,12.057459202));
#3059=VERTEX_POINT('',#3058);
#3060=CARTESIAN_POINT('',(-117.739193141,54.040661221,16.766606155));
#3061=DIRECTION('',(0.,0.,-1.));
#3062=VECTOR('',#3061,4.709146953);
#3063=LINE('',#3060,#3062);
#3064=EDGE_CURVE('',#3057,#3059,#3063,.T.);
#3065=ORIENTED_EDGE('',*,*,#3064,.T.);
#3066=CARTESIAN_POINT('',(-117.739193141,54.040661221,12.057459202));
#3067=DIRECTION('',(-0.,-1.,-0.));
#3068=VECTOR('',#3067,0.6);
#3069=LINE('',#3066,#3068);
#3070=EDGE_CURVE('',#3059,#2540,#3069,.T.);
#3071=ORIENTED_EDGE('',*,*,#3070,.T.);
#3072=ORIENTED_EDGE('',*,*,#2545,.F.);
#3073=CARTESIAN_POINT('',(-117.739193141,53.440661221,16.766606155));
#3074=DIRECTION('',(0.,1.,0.));
#3075=VECTOR('',#3074,0.6);
#3076=LINE('',#3073,#3075);
#3077=EDGE_CURVE('',#2538,#3057,#3076,.T.);
#3078=ORIENTED_EDGE('',*,*,#3077,.T.);
#3079=EDGE_LOOP('',(#3065,#3071,#3072,#3078));
#3080=FACE_BOUND('',#3079,.T.);
#3081=ADVANCED_FACE('',(#3080),#3055,.F.);
#3082=CARTESIAN_POINT('',(-120.239193141,49.740661221,16.766606155));
#3083=DIRECTION('',(0.,-1.,-0.));
#3084=DIRECTION('',(0.,0.,-1.));
#3085=AXIS2_PLACEMENT_3D('',#3082,#3083,#3084);
#3086=CYLINDRICAL_SURFACE('',#3085,2.5);
#3087=ORIENTED_EDGE('',*,*,#3045,.F.);
#3088=CARTESIAN_POINT('',(-120.239193141,54.040661221,16.766606155));
#3089=DIRECTION('',(-0.,1.,0.));
#3090=DIRECTION('',(0.,0.,-1.));
#3091=AXIS2_PLACEMENT_3D('',#3088,#3089,#3090);
#3092=CIRCLE('',#3091,2.5);
#3093=EDGE_CURVE('',#3034,#3057,#3092,.T.);
#3094=ORIENTED_EDGE('',*,*,#3093,.T.);
#3095=ORIENTED_EDGE('',*,*,#3077,.F.);
#3096=ORIENTED_EDGE('',*,*,#2635,.F.);
#3097=EDGE_LOOP('',(#3087,#3094,#3095,#3096));
#3098=FACE_BOUND('',#3097,.T.);
#3099=ADVANCED_FACE('',(#3098),#3086,.F.);
#3100=CARTESIAN_POINT('',(-127.639193141,49.740661221,16.766606155));
#3101=DIRECTION('',(0.,-1.,-0.));
#3102=DIRECTION('',(0.,0.,-1.));
#3103=AXIS2_PLACEMENT_3D('',#3100,#3101,#3102);
#3104=CYLINDRICAL_SURFACE('',#3103,2.5);
#3105=ORIENTED_EDGE('',*,*,#2666,.F.);
#3106=CARTESIAN_POINT('',(-127.639193141,54.040661221,16.766606155));
#3107=DIRECTION('',(-0.,1.,0.));
#3108=DIRECTION('',(0.,0.,-1.));
#3109=AXIS2_PLACEMENT_3D('',#3106,#3107,#3108);
#3110=CIRCLE('',#3109,2.5);
#3111=EDGE_CURVE('',#2655,#3026,#3110,.T.);
#3112=ORIENTED_EDGE('',*,*,#3111,.T.);
#3113=ORIENTED_EDGE('',*,*,#3031,.F.);
#3114=ORIENTED_EDGE('',*,*,#2620,.F.);
#3115=EDGE_LOOP('',(#3105,#3112,#3113,#3114));
#3116=FACE_BOUND('',#3115,.T.);
#3117=ADVANCED_FACE('',(#3116),#3104,.F.);
#3118=CARTESIAN_POINT('',(126.429906052,47.252561221,33.957459202));
#3119=DIRECTION('',(1.,0.,0.));
#3120=DIRECTION('',(0.,0.,-1.));
#3121=AXIS2_PLACEMENT_3D('',#3118,#3119,#3120);
#3122=PLANE('',#3121);
#3123=ORIENTED_EDGE('',*,*,#664,.F.);
#3124=CARTESIAN_POINT('',(126.429906052,52.740661221,25.657459202));
#3125=VERTEX_POINT('',#3124);
#3126=CARTESIAN_POINT('',(126.429906052,52.740661221,25.657459202));
#3127=DIRECTION('',(0.,-1.,-0.));
#3128=VECTOR('',#3127,6.5);
#3129=LINE('',#3126,#3128);
#3130=EDGE_CURVE('',#3125,#651,#3129,.T.);
#3131=ORIENTED_EDGE('',*,*,#3130,.F.);
#3132=CARTESIAN_POINT('',(126.429906052,52.740661221,28.657459202));
#3133=VERTEX_POINT('',#3132);
#3134=CARTESIAN_POINT('',(126.429906052,52.740661221,25.657459202));
#3135=DIRECTION('',(0.,-0.,1.));
#3136=VECTOR('',#3135,3.);
#3137=LINE('',#3134,#3136);
#3138=EDGE_CURVE('',#3125,#3133,#3137,.T.);
#3139=ORIENTED_EDGE('',*,*,#3138,.T.);
#3140=CARTESIAN_POINT('',(126.429906052,52.740661221,28.657459202));
#3141=DIRECTION('',(0.,-1.,-0.));
#3142=VECTOR('',#3141,6.5);
#3143=LINE('',#3140,#3142);
#3144=EDGE_CURVE('',#3133,#659,#3143,.T.);
#3145=ORIENTED_EDGE('',*,*,#3144,.T.);
#3146=EDGE_LOOP('',(#3123,#3131,#3139,#3145));
#3147=FACE_BOUND('',#3146,.T.);
#3148=ADVANCED_FACE('',(#3147),#3122,.T.);
#3149=CARTESIAN_POINT('',(131.469906052,47.252561221,28.657459202));
#3150=DIRECTION('',(0.,0.,-1.));
#3151=DIRECTION('',(-1.,0.,0.));
#3152=AXIS2_PLACEMENT_3D('',#3149,#3150,#3151);
#3153=PLANE('',#3152);
#3154=CARTESIAN_POINT('',(136.509906052,52.740661221,28.657459202));
#3155=VERTEX_POINT('',#3154);
#3156=CARTESIAN_POINT('',(136.509906052,52.740661221,28.657459202));
#3157=DIRECTION('',(0.,-1.,-0.));
#3158=VECTOR('',#3157,6.5);
#3159=LINE('',#3156,#3158);
#3160=EDGE_CURVE('',#3155,#667,#3159,.T.);
#3161=ORIENTED_EDGE('',*,*,#3160,.T.);
#3162=ORIENTED_EDGE('',*,*,#672,.F.);
#3163=ORIENTED_EDGE('',*,*,#3144,.F.);
#3164=CARTESIAN_POINT('',(126.429906052,52.740661221,28.657459202));
#3165=DIRECTION('',(1.,0.,-0.));
#3166=VECTOR('',#3165,10.08);
#3167=LINE('',#3164,#3166);
#3168=EDGE_CURVE('',#3133,#3155,#3167,.T.);
#3169=ORIENTED_EDGE('',*,*,#3168,.T.);
#3170=EDGE_LOOP('',(#3161,#3162,#3163,#3169));
#3171=FACE_BOUND('',#3170,.T.);
#3172=ADVANCED_FACE('',(#3171),#3153,.T.);
#3173=CARTESIAN_POINT('',(136.509906052,47.252561221,33.957459202));
#3174=DIRECTION('',(-1.,0.,0.));
#3175=DIRECTION('',(0.,-0.,1.));
#3176=AXIS2_PLACEMENT_3D('',#3173,#3174,#3175);
#3177=PLANE('',#3176);
#3178=ORIENTED_EDGE('',*,*,#678,.F.);
#3179=ORIENTED_EDGE('',*,*,#3160,.F.);
#3180=CARTESIAN_POINT('',(136.509906052,52.740661221,25.657459202));
#3181=VERTEX_POINT('',#3180);
#3182=CARTESIAN_POINT('',(136.509906052,52.740661221,28.657459202));
#3183=DIRECTION('',(0.,0.,-1.));
#3184=VECTOR('',#3183,3.);
#3185=LINE('',#3182,#3184);
#3186=EDGE_CURVE('',#3155,#3181,#3185,.T.);
#3187=ORIENTED_EDGE('',*,*,#3186,.T.);
#3188=CARTESIAN_POINT('',(136.509906052,52.740661221,25.657459202));
#3189=DIRECTION('',(0.,-1.,-0.));
#3190=VECTOR('',#3189,6.5);
#3191=LINE('',#3188,#3190);
#3192=EDGE_CURVE('',#3181,#649,#3191,.T.);
#3193=ORIENTED_EDGE('',*,*,#3192,.T.);
#3194=EDGE_LOOP('',(#3178,#3179,#3187,#3193));
#3195=FACE_BOUND('',#3194,.T.);
#3196=ADVANCED_FACE('',(#3195),#3177,.T.);
#3197=CARTESIAN_POINT('',(131.469906052,47.252561221,25.657459202));
#3198=DIRECTION('',(0.,-0.,1.));
#3199=DIRECTION('',(1.,0.,0.));
#3200=AXIS2_PLACEMENT_3D('',#3197,#3198,#3199);
#3201=PLANE('',#3200);
#3202=ORIENTED_EDGE('',*,*,#3130,.T.);
#3203=ORIENTED_EDGE('',*,*,#656,.F.);
#3204=ORIENTED_EDGE('',*,*,#3192,.F.);
#3205=CARTESIAN_POINT('',(136.509906052,52.740661221,25.657459202));
#3206=DIRECTION('',(-1.,0.,0.));
#3207=VECTOR('',#3206,10.08);
#3208=LINE('',#3205,#3207);
#3209=EDGE_CURVE('',#3181,#3125,#3208,.T.);
#3210=ORIENTED_EDGE('',*,*,#3209,.T.);
#3211=EDGE_LOOP('',(#3202,#3203,#3204,#3210));
#3212=FACE_BOUND('',#3211,.T.);
#3213=ADVANCED_FACE('',(#3212),#3201,.T.);
#3214=CARTESIAN_POINT('',(6.,52.740661221,11.157459202));
#3215=DIRECTION('',(0.,1.,0.));
#3216=DIRECTION('',(0.,-0.,1.));
#3217=AXIS2_PLACEMENT_3D('',#3214,#3215,#3216);
#3218=PLANE('',#3217);
#3219=ORIENTED_EDGE('',*,*,#3138,.F.);
#3220=ORIENTED_EDGE('',*,*,#3209,.F.);
#3221=ORIENTED_EDGE('',*,*,#3186,.F.);
#3222=ORIENTED_EDGE('',*,*,#3168,.F.);
#3223=EDGE_LOOP('',(#3219,#3220,#3221,#3222));
#3224=FACE_BOUND('',#3223,.T.);
#3225=ADVANCED_FACE('',(#3224),#3218,.F.);
#3226=CARTESIAN_POINT('',(-143.4198,48.740661221,12.911012593));
#3227=DIRECTION('',(0.,-0.,1.));
#3228=DIRECTION('',(1.,0.,0.));
#3229=AXIS2_PLACEMENT_3D('',#3226,#3227,#3228);
#3230=CONICAL_SURFACE('',#3229,6.646446609,44.999999898);
#3231=ORIENTED_EDGE('',*,*,#2145,.T.);
#3232=ORIENTED_EDGE('',*,*,#2962,.F.);
#3233=ORIENTED_EDGE('',*,*,#2740,.F.);
#3234=ORIENTED_EDGE('',*,*,#1629,.F.);
#3235=EDGE_LOOP('',(#3231,#3232,#3233,#3234));
#3236=FACE_BOUND('',#3235,.T.);
#3237=ADVANCED_FACE('',(#3236),#3230,.T.);
#3238=CARTESIAN_POINT('',(144.0198,48.740661221,12.911012593));
#3239=DIRECTION('',(0.,-0.,1.));
#3240=DIRECTION('',(1.,0.,0.));
#3241=AXIS2_PLACEMENT_3D('',#3238,#3239,#3240);
#3242=CONICAL_SURFACE('',#3241,6.646446609,44.999999898);
#3243=ORIENTED_EDGE('',*,*,#2125,.T.);
#3244=ORIENTED_EDGE('',*,*,#1578,.F.);
#3245=ORIENTED_EDGE('',*,*,#2706,.F.);
#3246=ORIENTED_EDGE('',*,*,#2929,.F.);
#3247=EDGE_LOOP('',(#3243,#3244,#3245,#3246));
#3248=FACE_BOUND('',#3247,.T.);
#3249=ADVANCED_FACE('',(#3248),#3242,.T.);
#3250=CARTESIAN_POINT('',(144.0198,48.740661221,29.762484455));
#3251=DIRECTION('',(0.,0.,-1.));
#3252=DIRECTION('',(-1.,0.,0.));
#3253=AXIS2_PLACEMENT_3D('',#3250,#3251,#3252);
#3254=CONICAL_SURFACE('',#3253,5.505025253,44.999999898);
#3255=ORIENTED_EDGE('',*,*,#2237,.T.);
#3256=ORIENTED_EDGE('',*,*,#2937,.F.);
#3257=CARTESIAN_POINT('',(144.0198,53.750711727,30.257459203));
#3258=DIRECTION('',(-0.,0.707106781,-0.707106781));
#3259=VECTOR('',#3258,2.814213568);
#3260=LINE('',#3257,#3259);
#3261=EDGE_CURVE('',#425,#2807,#3260,.T.);
#3262=ORIENTED_EDGE('',*,*,#3261,.F.);
#3263=ORIENTED_EDGE('',*,*,#431,.F.);
#3264=EDGE_LOOP('',(#3255,#3256,#3262,#3263));
#3265=FACE_BOUND('',#3264,.T.);
#3266=ADVANCED_FACE('',(#3265),#3254,.T.);
#3267=CARTESIAN_POINT('',(-74.8099,55.245686474,28.762484455));
#3268=DIRECTION('',(0.,0.707106781,0.707106781));
#3269=DIRECTION('',(-1.,0.,0.));
#3270=AXIS2_PLACEMENT_3D('',#3267,#3268,#3269);
#3271=PLANE('',#3270);
#3272=CARTESIAN_POINT('',(-143.4198,53.750711727,30.257459203));
#3273=CARTESIAN_POINT('',(-143.419799995,55.740661219,28.267509711));
#3274=B_SPLINE_CURVE_WITH_KNOTS('',1,(#3272,#3273),.UNSPECIFIED.,.F.,.F.,(2,2),(0.,1.),.UNSPECIFIED.);
#3275=EDGE_CURVE('',#434,#2799,#3274,.T.);
#3276=ORIENTED_EDGE('',*,*,#3275,.F.);
#3277=ORIENTED_EDGE('',*,*,#439,.F.);
#3278=ORIENTED_EDGE('',*,*,#3261,.T.);
#3279=ORIENTED_EDGE('',*,*,#2812,.F.);
#3280=EDGE_LOOP('',(#3276,#3277,#3278,#3279));
#3281=FACE_BOUND('',#3280,.T.);
#3282=ADVANCED_FACE('',(#3281),#3271,.T.);
#3283=CARTESIAN_POINT('',(-143.4198,48.740661221,29.762484455));
#3284=DIRECTION('',(0.,0.,-1.));
#3285=DIRECTION('',(-1.,0.,0.));
#3286=AXIS2_PLACEMENT_3D('',#3283,#3284,#3285);
#3287=CONICAL_SURFACE('',#3286,5.505025253,44.999999898);
#3288=ORIENTED_EDGE('',*,*,#448,.F.);
#3289=ORIENTED_EDGE('',*,*,#3275,.T.);
#3290=ORIENTED_EDGE('',*,*,#2954,.F.);
#3291=ORIENTED_EDGE('',*,*,#2217,.F.);
#3292=EDGE_LOOP('',(#3288,#3289,#3290,#3291));
#3293=FACE_BOUND('',#3292,.T.);
#3294=ADVANCED_FACE('',(#3293),#3287,.T.);
#3295=CARTESIAN_POINT('',(-143.8198,39.718636221,15.087459202));
#3296=DIRECTION('',(0.,1.,0.));
#3297=DIRECTION('',(0.,-0.,1.));
#3298=AXIS2_PLACEMENT_3D('',#3295,#3296,#3297);
#3299=PLANE('',#3298);
#3300=CARTESIAN_POINT('',(-145.226906781,39.718636221,14.487459202));
#3301=VERTEX_POINT('',#3300);
#3302=CARTESIAN_POINT('',(-146.5198,39.718636221,15.780352421));
#3303=DIRECTION('',(0.707106781,0.,-0.707106781));
#3304=VECTOR('',#3303,1.828427125);
#3305=LINE('',#3302,#3304);
#3306=EDGE_CURVE('',#1887,#3301,#3305,.T.);
#3307=ORIENTED_EDGE('',*,*,#3306,.T.);
#3308=CARTESIAN_POINT('',(-145.226906781,39.718636221,14.487459202));
#3309=DIRECTION('',(-1.,-0.,0.));
#3310=VECTOR('',#3309,1.292893219);
#3311=LINE('',#3308,#3310);
#3312=EDGE_CURVE('',#3301,#1895,#3311,.T.);
#3313=ORIENTED_EDGE('',*,*,#3312,.T.);
#3314=ORIENTED_EDGE('',*,*,#1900,.F.);
#3315=EDGE_LOOP('',(#3307,#3313,#3314));
#3316=FACE_BOUND('',#3315,.T.);
#3317=ADVANCED_FACE('',(#3316),#3299,.T.);
#3318=CARTESIAN_POINT('',(-143.8198,9.718636221,15.087459202));
#3319=DIRECTION('',(0.,-1.,-0.));
#3320=DIRECTION('',(0.,0.,-1.));
#3321=AXIS2_PLACEMENT_3D('',#3318,#3319,#3320);
#3322=PLANE('',#3321);
#3323=ORIENTED_EDGE('',*,*,#1868,.F.);
#3324=CARTESIAN_POINT('',(-145.226906781,9.718636221,14.487459202));
#3325=VERTEX_POINT('',#3324);
#3326=CARTESIAN_POINT('',(-146.5198,9.718636221,14.487459202));
#3327=DIRECTION('',(1.,0.,-0.));
#3328=VECTOR('',#3327,1.292893219);
#3329=LINE('',#3326,#3328);
#3330=EDGE_CURVE('',#1861,#3325,#3329,.T.);
#3331=ORIENTED_EDGE('',*,*,#3330,.T.);
#3332=CARTESIAN_POINT('',(-145.226906781,9.718636221,14.487459202));
#3333=DIRECTION('',(-0.707106781,-0.,0.707106781));
#3334=VECTOR('',#3333,1.828427125);
#3335=LINE('',#3332,#3334);
#3336=EDGE_CURVE('',#3325,#1863,#3335,.T.);
#3337=ORIENTED_EDGE('',*,*,#3336,.T.);
#3338=EDGE_LOOP('',(#3323,#3331,#3337));
#3339=FACE_BOUND('',#3338,.T.);
#3340=ADVANCED_FACE('',(#3339),#3322,.T.);
#3341=CARTESIAN_POINT('',(-143.8198,24.418636221,13.987459202));
#3342=DIRECTION('',(0.,0.,-1.));
#3343=DIRECTION('',(-1.,0.,0.));
#3344=AXIS2_PLACEMENT_3D('',#3341,#3342,#3343);
#3345=PLANE('',#3344);
#3346=CARTESIAN_POINT('',(-143.736957288,39.01863622,13.987459202));
#3347=VERTEX_POINT('',#3346);
#3348=CARTESIAN_POINT('',(-143.736957288,10.418636222,13.987459202));
#3349=VERTEX_POINT('',#3348);
#3350=CARTESIAN_POINT('',(-143.736957288,39.01863622,13.987459202));
#3351=DIRECTION('',(-0.,-1.,-0.));
#3352=VECTOR('',#3351,28.599999999);
#3353=LINE('',#3350,#3352);
#3354=EDGE_CURVE('',#3347,#3349,#3353,.T.);
#3355=ORIENTED_EDGE('',*,*,#3354,.T.);
#3356=CARTESIAN_POINT('',(-144.0198,10.218636221,13.987459202));
#3357=VERTEX_POINT('',#3356);
#3358=CARTESIAN_POINT('',(-144.019800001,10.218636222,13.987459202));
#3359=DIRECTION('',(0.81649658,0.57735027,0.000000001));
#3360=VECTOR('',#3359,0.346410162);
#3361=LINE('',#3358,#3360);
#3362=EDGE_CURVE('',#3357,#3349,#3361,.T.);
#3363=ORIENTED_EDGE('',*,*,#3362,.F.);
#3364=CARTESIAN_POINT('',(-144.0198,10.218636221,13.987459202));
#3365=DIRECTION('',(-1.,0.,0.));
#3366=VECTOR('',#3365,2.5);
#3367=LINE('',#3364,#3366);
#3368=EDGE_CURVE('',#3357,#1911,#3367,.T.);
#3369=ORIENTED_EDGE('',*,*,#3368,.T.);
#3370=ORIENTED_EDGE('',*,*,#1916,.F.);
#3371=CARTESIAN_POINT('',(-144.019800001,39.218636221,13.987459202));
#3372=VERTEX_POINT('',#3371);
#3373=CARTESIAN_POINT('',(-146.5198,39.218636221,13.987459202));
#3374=DIRECTION('',(1.,-0.,-0.));
#3375=VECTOR('',#3374,2.499999999);
#3376=LINE('',#3373,#3375);
#3377=EDGE_CURVE('',#1903,#3372,#3376,.T.);
#3378=ORIENTED_EDGE('',*,*,#3377,.T.);
#3379=CARTESIAN_POINT('',(-144.019800001,39.218636221,13.987459202));
#3380=DIRECTION('',(0.81649658,-0.57735027,-0.));
#3381=VECTOR('',#3380,0.346410163);
#3382=LINE('',#3379,#3381);
#3383=EDGE_CURVE('',#3372,#3347,#3382,.T.);
#3384=ORIENTED_EDGE('',*,*,#3383,.T.);
#3385=EDGE_LOOP('',(#3355,#3363,#3369,#3370,#3378,#3384));
#3386=FACE_BOUND('',#3385,.T.);
#3387=ADVANCED_FACE('',(#3386),#3345,.T.);
#3388=CARTESIAN_POINT('',(-146.278378644,24.718636221,16.528880559));
#3389=DIRECTION('',(-0.707106781,0.,-0.707106781));
#3390=DIRECTION('',(0.,1.,0.));
#3391=AXIS2_PLACEMENT_3D('',#3388,#3389,#3390);
#3392=PLANE('',#3391);
#3393=ORIENTED_EDGE('',*,*,#1884,.F.);
#3394=CARTESIAN_POINT('',(-146.5198,10.418636221,16.770301915));
#3395=DIRECTION('',(0.707106781,0.,-0.707106781));
#3396=VECTOR('',#3395,3.935533906);
#3397=LINE('',#3394,#3396);
#3398=EDGE_CURVE('',#1871,#3349,#3397,.T.);
#3399=ORIENTED_EDGE('',*,*,#3398,.T.);
#3400=ORIENTED_EDGE('',*,*,#3354,.F.);
#3401=CARTESIAN_POINT('',(-143.736957287,39.01863622,13.987459202));
#3402=DIRECTION('',(-0.707106781,-0.,0.707106781));
#3403=VECTOR('',#3402,3.935533906);
#3404=LINE('',#3401,#3403);
#3405=EDGE_CURVE('',#3347,#1879,#3404,.T.);
#3406=ORIENTED_EDGE('',*,*,#3405,.T.);
#3407=EDGE_LOOP('',(#3393,#3399,#3400,#3406));
#3408=FACE_BOUND('',#3407,.T.);
#3409=ADVANCED_FACE('',(#3408),#3392,.F.);
#3410=CARTESIAN_POINT('',(-144.823353391,9.718636221,14.083905811));
#3411=DIRECTION('',(0.5,-0.707106781,0.5));
#3412=DIRECTION('',(0.707106781,-0.,-0.707106781));
#3413=AXIS2_PLACEMENT_3D('',#3410,#3411,#3412);
#3414=PLANE('',#3413);
#3415=ORIENTED_EDGE('',*,*,#1876,.F.);
#3416=ORIENTED_EDGE('',*,*,#3336,.F.);
#3417=CARTESIAN_POINT('',(-144.0198,10.218636221,13.987459202));
#3418=DIRECTION('',(-0.862856209,-0.357406744,0.357406744));
#3419=VECTOR('',#3418,1.398966326);
#3420=LINE('',#3417,#3419);
#3421=EDGE_CURVE('',#3357,#3325,#3420,.T.);
#3422=ORIENTED_EDGE('',*,*,#3421,.F.);
#3423=ORIENTED_EDGE('',*,*,#3362,.T.);
#3424=ORIENTED_EDGE('',*,*,#3398,.F.);
#3425=EDGE_LOOP('',(#3415,#3416,#3422,#3423,#3424));
#3426=FACE_BOUND('',#3425,.T.);
#3427=ADVANCED_FACE('',(#3426),#3414,.T.);
#3428=CARTESIAN_POINT('',(-143.8198,10.218636221,13.987459202));
#3429=DIRECTION('',(0.,0.707106781,0.707106781));
#3430=DIRECTION('',(-1.,0.,0.));
#3431=AXIS2_PLACEMENT_3D('',#3428,#3429,#3430);
#3432=PLANE('',#3431);
#3433=ORIENTED_EDGE('',*,*,#3421,.T.);
#3434=ORIENTED_EDGE('',*,*,#3330,.F.);
#3435=ORIENTED_EDGE('',*,*,#1922,.F.);
#3436=ORIENTED_EDGE('',*,*,#3368,.F.);
#3437=EDGE_LOOP('',(#3433,#3434,#3435,#3436));
#3438=FACE_BOUND('',#3437,.T.);
#3439=ADVANCED_FACE('',(#3438),#3432,.F.);
#3440=CARTESIAN_POINT('',(-144.823353391,39.718636221,14.083905811));
#3441=DIRECTION('',(0.5,0.707106781,0.5));
#3442=DIRECTION('',(-0.707106781,-0.,0.707106781));
#3443=AXIS2_PLACEMENT_3D('',#3440,#3441,#3442);
#3444=PLANE('',#3443);
#3445=ORIENTED_EDGE('',*,*,#1892,.F.);
#3446=ORIENTED_EDGE('',*,*,#3405,.F.);
#3447=ORIENTED_EDGE('',*,*,#3383,.F.);
#3448=CARTESIAN_POINT('',(-145.226906781,39.718636221,14.487459202));
#3449=DIRECTION('',(0.862856209,-0.357406745,-0.357406745));
#3450=VECTOR('',#3449,1.398966325);
#3451=LINE('',#3448,#3450);
#3452=EDGE_CURVE('',#3301,#3372,#3451,.T.);
#3453=ORIENTED_EDGE('',*,*,#3452,.F.);
#3454=ORIENTED_EDGE('',*,*,#3306,.F.);
#3455=EDGE_LOOP('',(#3445,#3446,#3447,#3453,#3454));
#3456=FACE_BOUND('',#3455,.T.);
#3457=ADVANCED_FACE('',(#3456),#3444,.T.);
#3458=CARTESIAN_POINT('',(-143.8198,39.718636221,14.487459202));
#3459=DIRECTION('',(0.,-0.707106781,0.707106781));
#3460=DIRECTION('',(-1.,0.,0.));
#3461=AXIS2_PLACEMENT_3D('',#3458,#3459,#3460);
#3462=PLANE('',#3461);
#3463=ORIENTED_EDGE('',*,*,#3452,.T.);
#3464=ORIENTED_EDGE('',*,*,#3377,.F.);
#3465=ORIENTED_EDGE('',*,*,#1908,.F.);
#3466=ORIENTED_EDGE('',*,*,#3312,.F.);
#3467=EDGE_LOOP('',(#3463,#3464,#3465,#3466));
#3468=FACE_BOUND('',#3467,.T.);
#3469=ADVANCED_FACE('',(#3468),#3462,.F.);
#3470=CARTESIAN_POINT('',(-4.8257,48.240661221,26.807459202));
#3471=DIRECTION('',(-1.,0.,0.));
#3472=DIRECTION('',(0.,-0.,1.));
#3473=AXIS2_PLACEMENT_3D('',#3470,#3471,#3472);
#3474=PLANE('',#3473);
#3475=ORIENTED_EDGE('',*,*,#698,.F.);
#3476=ORIENTED_EDGE('',*,*,#774,.F.);
#3477=CARTESIAN_POINT('',(-4.8257,52.740661221,28.657459202));
#3478=DIRECTION('',(0.,0.,-1.));
#3479=VECTOR('',#3478,3.);
#3480=LINE('',#3477,#3479);
#3481=EDGE_CURVE('',#724,#763,#3480,.T.);
#3482=ORIENTED_EDGE('',*,*,#3481,.F.);
#3483=ORIENTED_EDGE('',*,*,#729,.T.);
#3484=EDGE_LOOP('',(#3475,#3476,#3482,#3483));
#3485=FACE_BOUND('',#3484,.T.);
#3486=ADVANCED_FACE('',(#3485),#3474,.F.);
#3487=CARTESIAN_POINT('',(5.2557,48.240661221,26.807459202));
#3488=DIRECTION('',(1.,0.,0.));
#3489=DIRECTION('',(0.,0.,-1.));
#3490=AXIS2_PLACEMENT_3D('',#3487,#3488,#3489);
#3491=PLANE('',#3490);
#3492=ORIENTED_EDGE('',*,*,#760,.T.);
#3493=ORIENTED_EDGE('',*,*,#712,.T.);
#3494=ORIENTED_EDGE('',*,*,#743,.F.);
#3495=CARTESIAN_POINT('',(5.2557,52.740661221,25.657459202));
#3496=DIRECTION('',(0.,-0.,1.));
#3497=VECTOR('',#3496,3.);
#3498=LINE('',#3495,#3497);
#3499=EDGE_CURVE('',#755,#732,#3498,.T.);
#3500=ORIENTED_EDGE('',*,*,#3499,.F.);
#3501=EDGE_LOOP('',(#3492,#3493,#3494,#3500));
#3502=FACE_BOUND('',#3501,.T.);
#3503=ADVANCED_FACE('',(#3502),#3491,.F.);
#3504=CARTESIAN_POINT('',(0.,52.740661221,12.274639419));
#3505=DIRECTION('',(0.,-1.,-0.));
#3506=DIRECTION('',(0.,0.,-1.));
#3507=AXIS2_PLACEMENT_3D('',#3504,#3505,#3506);
#3508=PLANE('',#3507);
#3509=ORIENTED_EDGE('',*,*,#3481,.T.);
#3510=ORIENTED_EDGE('',*,*,#768,.T.);
#3511=ORIENTED_EDGE('',*,*,#3499,.T.);
#3512=ORIENTED_EDGE('',*,*,#737,.T.);
#3513=EDGE_LOOP('',(#3509,#3510,#3511,#3512));
#3514=FACE_BOUND('',#3513,.T.);
#3515=ADVANCED_FACE('',(#3514),#3508,.T.);
#3516=CARTESIAN_POINT('',(-72.8099,53.440661221,11.757459202));
#3517=DIRECTION('',(0.,-0.707106781,-0.707106781));
#3518=DIRECTION('',(-1.,0.,0.));
#3519=AXIS2_PLACEMENT_3D('',#3516,#3517,#3518);
#3520=PLANE('',#3519);
#3521=ORIENTED_EDGE('',*,*,#1653,.F.);
#3522=CARTESIAN_POINT('',(-130.639193141,53.140661221,12.057459202));
#3523=DIRECTION('',(0.,-0.707106781,-0.707106781));
#3524=DIRECTION('',(0.,-0.707106781,0.707106781));
#3525=AXIS2_PLACEMENT_3D('',#3522,#3523,#3524);
#3526=ELLIPSE('',#3525,0.707106781,0.5);
#3527=EDGE_CURVE('',#1640,#2589,#3526,.T.);
#3528=ORIENTED_EDGE('',*,*,#3527,.T.);
#3529=ORIENTED_EDGE('',*,*,#2594,.F.);
#3530=CARTESIAN_POINT('',(-141.5198,53.640661221,11.557459202));
#3531=DIRECTION('',(0.,-0.707106781,0.707106781));
#3532=VECTOR('',#3531,0.282842712);
#3533=LINE('',#3530,#3532);
#3534=EDGE_CURVE('',#1648,#2581,#3533,.T.);
#3535=ORIENTED_EDGE('',*,*,#3534,.F.);
#3536=EDGE_LOOP('',(#3521,#3528,#3529,#3535));
#3537=FACE_BOUND('',#3536,.T.);
#3538=ADVANCED_FACE('',(#3537),#3520,.T.);
#3539=CARTESIAN_POINT('',(-141.5198,48.440661221,11.557459202));
#3540=DIRECTION('',(0.,0.,-1.));
#3541=DIRECTION('',(-1.,0.,0.));
#3542=AXIS2_PLACEMENT_3D('',#3539,#3540,#3541);
#3543=CONICAL_SURFACE('',#3542,5.2,45.);
#3544=ORIENTED_EDGE('',*,*,#3534,.T.);
#3545=ORIENTED_EDGE('',*,*,#2866,.F.);
#3546=CARTESIAN_POINT('',(-146.7198,48.440661221,11.557459202));
#3547=DIRECTION('',(0.707106781,-0.,0.707106781));
#3548=VECTOR('',#3547,0.282842712);
#3549=LINE('',#3546,#3548);
#3550=EDGE_CURVE('',#1656,#1770,#3549,.T.);
#3551=ORIENTED_EDGE('',*,*,#3550,.F.);
#3552=ORIENTED_EDGE('',*,*,#1662,.F.);
#3553=EDGE_LOOP('',(#3544,#3545,#3551,#3552));
#3554=FACE_BOUND('',#3553,.T.);
#3555=ADVANCED_FACE('',(#3554),#3543,.F.);
#3556=CARTESIAN_POINT('',(-146.5198,25.368636221,11.757459202));
#3557=DIRECTION('',(0.707106781,0.,-0.707106781));
#3558=DIRECTION('',(0.,-1.,-0.));
#3559=AXIS2_PLACEMENT_3D('',#3556,#3557,#3558);
#3560=PLANE('',#3559);
#3561=ORIENTED_EDGE('',*,*,#3550,.T.);
#3562=ORIENTED_EDGE('',*,*,#1790,.F.);
#3563=CARTESIAN_POINT('',(-146.7198,-52.247438779,11.557459202));
#3564=DIRECTION('',(0.707106781,-0.,0.707106781));
#3565=VECTOR('',#3564,0.282842712);
#3566=LINE('',#3563,#3565);
#3567=EDGE_CURVE('',#1665,#1332,#3566,.T.);
#3568=ORIENTED_EDGE('',*,*,#3567,.F.);
#3569=ORIENTED_EDGE('',*,*,#1670,.F.);
#3570=EDGE_LOOP('',(#3561,#3562,#3568,#3569));
#3571=FACE_BOUND('',#3570,.T.);
#3572=ADVANCED_FACE('',(#3571),#3560,.T.);
#3573=CARTESIAN_POINT('',(-141.5198,-52.247438779,11.557459202));
#3574=DIRECTION('',(0.,0.,-1.));
#3575=DIRECTION('',(-1.,0.,0.));
#3576=AXIS2_PLACEMENT_3D('',#3573,#3574,#3575);
#3577=CONICAL_SURFACE('',#3576,5.2,45.);
#3578=ORIENTED_EDGE('',*,*,#3567,.T.);
#3579=ORIENTED_EDGE('',*,*,#1352,.F.);
#3580=CARTESIAN_POINT('',(-141.5198,-57.447438779,11.557459202));
#3581=DIRECTION('',(0.,0.707106781,0.707106781));
#3582=VECTOR('',#3581,0.282842712);
#3583=LINE('',#3580,#3582);
#3584=EDGE_CURVE('',#1673,#1233,#3583,.T.);
#3585=ORIENTED_EDGE('',*,*,#3584,.F.);
#3586=ORIENTED_EDGE('',*,*,#1679,.F.);
#3587=EDGE_LOOP('',(#3578,#3579,#3585,#3586));
#3588=FACE_BOUND('',#3587,.T.);
#3589=ADVANCED_FACE('',(#3588),#3577,.F.);
#3590=CARTESIAN_POINT('',(-72.8099,-57.247438779,11.757459202));
#3591=DIRECTION('',(0.,0.707106781,-0.707106781));
#3592=DIRECTION('',(1.,0.,0.));
#3593=AXIS2_PLACEMENT_3D('',#3590,#3591,#3592);
#3594=PLANE('',#3593);
#3595=ORIENTED_EDGE('',*,*,#3584,.T.);
#3596=ORIENTED_EDGE('',*,*,#1262,.F.);
#3597=CARTESIAN_POINT('',(141.6198,-57.447438779,11.557459202));
#3598=DIRECTION('',(0.,0.707106781,0.707106781));
#3599=VECTOR('',#3598,0.282842712);
#3600=LINE('',#3597,#3599);
#3601=EDGE_CURVE('',#1682,#1251,#3600,.T.);
#3602=ORIENTED_EDGE('',*,*,#3601,.F.);
#3603=ORIENTED_EDGE('',*,*,#1687,.F.);
#3604=EDGE_LOOP('',(#3595,#3596,#3602,#3603));
#3605=FACE_BOUND('',#3604,.T.);
#3606=ADVANCED_FACE('',(#3605),#3594,.T.);
#3607=CARTESIAN_POINT('',(141.6198,-52.147438779,11.557459202));
#3608=DIRECTION('',(0.,0.,-1.));
#3609=DIRECTION('',(-1.,0.,0.));
#3610=AXIS2_PLACEMENT_3D('',#3607,#3608,#3609);
#3611=CONICAL_SURFACE('',#3610,5.3,45.);
#3612=ORIENTED_EDGE('',*,*,#3601,.T.);
#3613=ORIENTED_EDGE('',*,*,#1319,.F.);
#3614=CARTESIAN_POINT('',(146.9198,-52.147438779,11.557459202));
#3615=DIRECTION('',(-0.707106781,-0.,0.707106781));
#3616=VECTOR('',#3615,0.282842712);
#3617=LINE('',#3614,#3616);
#3618=EDGE_CURVE('',#1690,#825,#3617,.T.);
#3619=ORIENTED_EDGE('',*,*,#3618,.F.);
#3620=ORIENTED_EDGE('',*,*,#1696,.F.);
#3621=EDGE_LOOP('',(#3612,#3613,#3619,#3620));
#3622=FACE_BOUND('',#3621,.T.);
#3623=ADVANCED_FACE('',(#3622),#3611,.F.);
#3624=CARTESIAN_POINT('',(146.7198,25.368636221,11.757459202));
#3625=DIRECTION('',(-0.707106781,0.,-0.707106781));
#3626=DIRECTION('',(0.,1.,0.));
#3627=AXIS2_PLACEMENT_3D('',#3624,#3625,#3626);
#3628=PLANE('',#3627);
#3629=ORIENTED_EDGE('',*,*,#854,.F.);
#3630=CARTESIAN_POINT('',(146.7198,-21.003388779,11.757459202));
#3631=DIRECTION('',(0.577350269,0.577350269,-0.577350269));
#3632=VECTOR('',#3631,0.346410162);
#3633=LINE('',#3630,#3632);
#3634=EDGE_CURVE('',#843,#1699,#3633,.T.);
#3635=ORIENTED_EDGE('',*,*,#3634,.T.);
#3636=ORIENTED_EDGE('',*,*,#1704,.F.);
#3637=ORIENTED_EDGE('',*,*,#3618,.T.);
#3638=EDGE_LOOP('',(#3629,#3635,#3636,#3637));
#3639=FACE_BOUND('',#3638,.T.);
#3640=ADVANCED_FACE('',(#3639),#3628,.T.);
#3641=CARTESIAN_POINT('',(-72.8099,53.440661221,11.757459202));
#3642=DIRECTION('',(0.,-0.707106781,-0.707106781));
#3643=DIRECTION('',(-1.,0.,0.));
#3644=AXIS2_PLACEMENT_3D('',#3641,#3642,#3643);
#3645=PLANE('',#3644);
#3646=ORIENTED_EDGE('',*,*,#2562,.F.);
#3647=CARTESIAN_POINT('',(-117.239193141,53.140661221,12.057459202));
#3648=DIRECTION('',(0.,-0.707106781,-0.707106781));
#3649=DIRECTION('',(0.,-0.707106781,0.707106781));
#3650=AXIS2_PLACEMENT_3D('',#3647,#3648,#3649);
#3651=ELLIPSE('',#3650,0.707106781,0.5);
#3652=EDGE_CURVE('',#2548,#1548,#3651,.T.);
#3653=ORIENTED_EDGE('',*,*,#3652,.T.);
#3654=ORIENTED_EDGE('',*,*,#1553,.F.);
#3655=CARTESIAN_POINT('',(141.7198,53.440661221,11.757459202));
#3656=DIRECTION('',(0.,0.707106781,-0.707106781));
#3657=VECTOR('',#3656,0.282842712);
#3658=LINE('',#3655,#3657);
#3659=EDGE_CURVE('',#2557,#1546,#3658,.T.);
#3660=ORIENTED_EDGE('',*,*,#3659,.F.);
#3661=EDGE_LOOP('',(#3646,#3653,#3654,#3660));
#3662=FACE_BOUND('',#3661,.T.);
#3663=ADVANCED_FACE('',(#3662),#3645,.T.);
#3664=CARTESIAN_POINT('',(141.7198,48.440661221,11.557459202));
#3665=DIRECTION('',(0.,0.,-1.));
#3666=DIRECTION('',(-1.,0.,0.));
#3667=AXIS2_PLACEMENT_3D('',#3664,#3665,#3666);
#3668=CONICAL_SURFACE('',#3667,5.2,45.);
#3669=ORIENTED_EDGE('',*,*,#3659,.T.);
#3670=ORIENTED_EDGE('',*,*,#1759,.F.);
#3671=CARTESIAN_POINT('',(146.7198,48.440661221,11.757459202));
#3672=DIRECTION('',(0.707106781,0.,-0.707106781));
#3673=VECTOR('',#3672,0.282842712);
#3674=LINE('',#3671,#3673);
#3675=EDGE_CURVE('',#803,#1747,#3674,.T.);
#3676=ORIENTED_EDGE('',*,*,#3675,.F.);
#3677=ORIENTED_EDGE('',*,*,#2842,.F.);
#3678=EDGE_LOOP('',(#3669,#3670,#3676,#3677));
#3679=FACE_BOUND('',#3678,.T.);
#3680=ADVANCED_FACE('',(#3679),#3668,.F.);
#3681=CARTESIAN_POINT('',(146.7198,25.368636221,11.757459202));
#3682=DIRECTION('',(-0.707106781,-0.,-0.707106781));
#3683=DIRECTION('',(-0.,1.,0.));
#3684=AXIS2_PLACEMENT_3D('',#3681,#3682,#3683);
#3685=PLANE('',#3684);
#3686=ORIENTED_EDGE('',*,*,#3675,.T.);
#3687=ORIENTED_EDGE('',*,*,#1752,.F.);
#3688=CARTESIAN_POINT('',(146.9198,16.796611221,11.557459202));
#3689=DIRECTION('',(-0.577350269,0.577350269,0.577350269));
#3690=VECTOR('',#3689,0.346410162);
#3691=LINE('',#3688,#3690);
#3692=EDGE_CURVE('',#1739,#785,#3691,.T.);
#3693=ORIENTED_EDGE('',*,*,#3692,.T.);
#3694=ORIENTED_EDGE('',*,*,#814,.F.);
#3695=EDGE_LOOP('',(#3686,#3687,#3693,#3694));
#3696=FACE_BOUND('',#3695,.T.);
#3697=ADVANCED_FACE('',(#3696),#3685,.T.);
#3698=CARTESIAN_POINT('',(146.2198,-21.003388779,11.757459202));
#3699=DIRECTION('',(0.,-0.707106781,-0.707106781));
#3700=DIRECTION('',(-1.,0.,0.));
#3701=AXIS2_PLACEMENT_3D('',#3698,#3699,#3700);
#3702=PLANE('',#3701);
#3703=ORIENTED_EDGE('',*,*,#3634,.F.);
#3704=ORIENTED_EDGE('',*,*,#2042,.F.);
#3705=CARTESIAN_POINT('',(144.702642712,-20.803388779,11.557459202));
#3706=DIRECTION('',(-0.281084638,-0.678598345,0.678598345));
#3707=VECTOR('',#3706,0.294725152);
#3708=LINE('',#3705,#3707);
#3709=EDGE_CURVE('',#1707,#2031,#3708,.T.);
#3710=ORIENTED_EDGE('',*,*,#3709,.F.);
#3711=ORIENTED_EDGE('',*,*,#1712,.F.);
#3712=EDGE_LOOP('',(#3703,#3704,#3710,#3711));
#3713=FACE_BOUND('',#3712,.T.);
#3714=ADVANCED_FACE('',(#3713),#3702,.T.);
#3715=CARTESIAN_POINT('',(62.826321356,61.072932578,11.557459202));
#3716=DIRECTION('',(0.5,0.5,0.707106781));
#3717=DIRECTION('',(-0.707106781,0.707106781,0.));
#3718=AXIS2_PLACEMENT_3D('',#3715,#3716,#3717);
#3719=PLANE('',#3718);
#3720=ORIENTED_EDGE('',*,*,#3709,.T.);
#3721=ORIENTED_EDGE('',*,*,#2064,.F.);
#3722=CARTESIAN_POINT('',(144.1198,-20.220546066,11.557459202));
#3723=DIRECTION('',(-0.678598345,-0.281084638,0.678598345));
#3724=VECTOR('',#3723,0.294725152);
#3725=LINE('',#3722,#3724);
#3726=EDGE_CURVE('',#1715,#1516,#3725,.T.);
#3727=ORIENTED_EDGE('',*,*,#3726,.F.);
#3728=ORIENTED_EDGE('',*,*,#1720,.F.);
#3729=EDGE_LOOP('',(#3720,#3721,#3727,#3728));
#3730=FACE_BOUND('',#3729,.T.);
#3731=ADVANCED_FACE('',(#3730),#3719,.F.);
#3732=CARTESIAN_POINT('',(143.9198,-2.003388779,11.757459202));
#3733=DIRECTION('',(0.707106781,0.,0.707106781));
#3734=DIRECTION('',(0.,-1.,-0.));
#3735=AXIS2_PLACEMENT_3D('',#3732,#3733,#3734);
#3736=PLANE('',#3735);
#3737=ORIENTED_EDGE('',*,*,#3726,.T.);
#3738=ORIENTED_EDGE('',*,*,#1521,.F.);
#3739=CARTESIAN_POINT('',(144.1198,16.413768509,11.557459202));
#3740=DIRECTION('',(-0.678598345,0.281084638,0.678598345));
#3741=VECTOR('',#3740,0.294725152);
#3742=LINE('',#3739,#3741);
#3743=EDGE_CURVE('',#1723,#1508,#3742,.T.);
#3744=ORIENTED_EDGE('',*,*,#3743,.F.);
#3745=ORIENTED_EDGE('',*,*,#1728,.F.);
#3746=EDGE_LOOP('',(#3737,#3738,#3744,#3745));
#3747=FACE_BOUND('',#3746,.T.);
#3748=ADVANCED_FACE('',(#3747),#3736,.F.);
#3749=CARTESIAN_POINT('',(144.4198,16.996611221,11.757459202));
#3750=DIRECTION('',(-0.5,0.5,-0.707106781));
#3751=DIRECTION('',(0.707106781,0.707106781,0.));
#3752=AXIS2_PLACEMENT_3D('',#3749,#3750,#3751);
#3753=PLANE('',#3752);
#3754=ORIENTED_EDGE('',*,*,#3743,.T.);
#3755=ORIENTED_EDGE('',*,*,#3015,.F.);
#3756=CARTESIAN_POINT('',(144.502642712,16.796611221,11.557459202));
#3757=DIRECTION('',(-0.281084638,0.678598345,0.678598345));
#3758=VECTOR('',#3757,0.294725152);
#3759=LINE('',#3756,#3758);
#3760=EDGE_CURVE('',#1731,#2981,#3759,.T.);
#3761=ORIENTED_EDGE('',*,*,#3760,.F.);
#3762=ORIENTED_EDGE('',*,*,#1736,.F.);
#3763=EDGE_LOOP('',(#3754,#3755,#3761,#3762));
#3764=FACE_BOUND('',#3763,.T.);
#3765=ADVANCED_FACE('',(#3764),#3753,.T.);
#3766=CARTESIAN_POINT('',(146.2198,16.996611221,11.757459202));
#3767=DIRECTION('',(0.,-0.707106781,0.707106781));
#3768=DIRECTION('',(-1.,0.,0.));
#3769=AXIS2_PLACEMENT_3D('',#3766,#3767,#3768);
#3770=PLANE('',#3769);
#3771=ORIENTED_EDGE('',*,*,#3692,.F.);
#3772=ORIENTED_EDGE('',*,*,#1744,.F.);
#3773=ORIENTED_EDGE('',*,*,#3760,.T.);
#3774=ORIENTED_EDGE('',*,*,#2986,.F.);
#3775=EDGE_LOOP('',(#3771,#3772,#3773,#3774));
#3776=FACE_BOUND('',#3775,.T.);
#3777=ADVANCED_FACE('',(#3776),#3770,.F.);
#3778=CARTESIAN_POINT('',(146.5198,-2.003388779,24.457459202));
#3779=DIRECTION('',(-0.707106781,0.,-0.707106781));
#3780=DIRECTION('',(0.,1.,0.));
#3781=AXIS2_PLACEMENT_3D('',#3778,#3779,#3780);
#3782=PLANE('',#3781);
#3783=ORIENTED_EDGE('',*,*,#2977,.F.);
#3784=ORIENTED_EDGE('',*,*,#1216,.F.);
#3785=CARTESIAN_POINT('',(146.7198,48.440661221,24.257459202));
#3786=DIRECTION('',(-0.707106781,-0.,0.707106781));
#3787=VECTOR('',#3786,0.282842712);
#3788=LINE('',#3785,#3787);
#3789=EDGE_CURVE('',#795,#1202,#3788,.T.);
#3790=ORIENTED_EDGE('',*,*,#3789,.F.);
#3791=ORIENTED_EDGE('',*,*,#800,.F.);
#3792=EDGE_LOOP('',(#3783,#3784,#3790,#3791));
#3793=FACE_BOUND('',#3792,.T.);
#3794=ADVANCED_FACE('',(#3793),#3782,.T.);
#3795=CARTESIAN_POINT('',(141.7198,48.440661221,24.257459202));
#3796=DIRECTION('',(0.,0.,-1.));
#3797=DIRECTION('',(-1.,0.,0.));
#3798=AXIS2_PLACEMENT_3D('',#3795,#3796,#3797);
#3799=CONICAL_SURFACE('',#3798,5.,45.);
#3800=ORIENTED_EDGE('',*,*,#3789,.T.);
#3801=ORIENTED_EDGE('',*,*,#1208,.F.);
#3802=CARTESIAN_POINT('',(141.7198,53.440661221,24.257459202));
#3803=DIRECTION('',(0.,-0.707106781,0.707106781));
#3804=VECTOR('',#3803,0.282842712);
#3805=LINE('',#3802,#3804);
#3806=EDGE_CURVE('',#2565,#1194,#3805,.T.);
#3807=ORIENTED_EDGE('',*,*,#3806,.F.);
#3808=ORIENTED_EDGE('',*,*,#2834,.F.);
#3809=EDGE_LOOP('',(#3800,#3801,#3807,#3808));
#3810=FACE_BOUND('',#3809,.T.);
#3811=ADVANCED_FACE('',(#3810),#3799,.F.);
#3812=CARTESIAN_POINT('',(-72.8099,53.440661221,24.257459202));
#3813=DIRECTION('',(0.,-0.707106781,-0.707106781));
#3814=DIRECTION('',(1.,0.,0.));
#3815=AXIS2_PLACEMENT_3D('',#3812,#3813,#3814);
#3816=PLANE('',#3815);
#3817=ORIENTED_EDGE('',*,*,#3806,.T.);
#3818=ORIENTED_EDGE('',*,*,#1199,.F.);
#3819=CARTESIAN_POINT('',(-141.5198,53.440661221,24.257459202));
#3820=DIRECTION('',(0.,-0.707106781,0.707106781));
#3821=VECTOR('',#3820,0.282842712);
#3822=LINE('',#3819,#3821);
#3823=EDGE_CURVE('',#2573,#1185,#3822,.T.);
#3824=ORIENTED_EDGE('',*,*,#3823,.F.);
#3825=ORIENTED_EDGE('',*,*,#2578,.F.);
#3826=EDGE_LOOP('',(#3817,#3818,#3824,#3825));
#3827=FACE_BOUND('',#3826,.T.);
#3828=ADVANCED_FACE('',(#3827),#3816,.T.);
#3829=CARTESIAN_POINT('',(-141.5198,48.440661221,24.257459202));
#3830=DIRECTION('',(0.,0.,-1.));
#3831=DIRECTION('',(-1.,0.,0.));
#3832=AXIS2_PLACEMENT_3D('',#3829,#3830,#3831);
#3833=CONICAL_SURFACE('',#3832,5.,45.);
#3834=ORIENTED_EDGE('',*,*,#3823,.T.);
#3835=ORIENTED_EDGE('',*,*,#1191,.F.);
#3836=CARTESIAN_POINT('',(-146.5198,48.440661221,24.257459202));
#3837=DIRECTION('',(0.707106781,-0.,0.707106781));
#3838=VECTOR('',#3837,0.282842712);
#3839=LINE('',#3836,#3838);
#3840=EDGE_CURVE('',#1772,#1177,#3839,.T.);
#3841=ORIENTED_EDGE('',*,*,#3840,.F.);
#3842=ORIENTED_EDGE('',*,*,#2858,.F.);
#3843=EDGE_LOOP('',(#3834,#3835,#3841,#3842));
#3844=FACE_BOUND('',#3843,.T.);
#3845=ADVANCED_FACE('',(#3844),#3833,.F.);
#3846=CARTESIAN_POINT('',(-146.5198,25.368636221,24.257459202));
#3847=DIRECTION('',(0.707106781,-0.,-0.707106781));
#3848=DIRECTION('',(0.,1.,0.));
#3849=AXIS2_PLACEMENT_3D('',#3846,#3847,#3848);
#3850=PLANE('',#3849);
#3851=ORIENTED_EDGE('',*,*,#3840,.T.);
#3852=ORIENTED_EDGE('',*,*,#1182,.F.);
#3853=CARTESIAN_POINT('',(-146.5198,-52.247438779,24.257459202));
#3854=DIRECTION('',(0.707106781,-0.,0.707106781));
#3855=VECTOR('',#3854,0.282842712);
#3856=LINE('',#3853,#3855);
#3857=EDGE_CURVE('',#1330,#1168,#3856,.T.);
#3858=ORIENTED_EDGE('',*,*,#3857,.F.);
#3859=ORIENTED_EDGE('',*,*,#1783,.F.);
#3860=EDGE_LOOP('',(#3851,#3852,#3858,#3859));
#3861=FACE_BOUND('',#3860,.T.);
#3862=ADVANCED_FACE('',(#3861),#3850,.T.);
#3863=CARTESIAN_POINT('',(-141.5198,-52.247438779,24.257459202));
#3864=DIRECTION('',(0.,0.,-1.));
#3865=DIRECTION('',(-1.,0.,0.));
#3866=AXIS2_PLACEMENT_3D('',#3863,#3864,#3865);
#3867=CONICAL_SURFACE('',#3866,5.,45.);
#3868=ORIENTED_EDGE('',*,*,#3857,.T.);
#3869=ORIENTED_EDGE('',*,*,#1174,.F.);
#3870=CARTESIAN_POINT('',(-141.5198,-57.247438779,24.257459202));
#3871=DIRECTION('',(0.,0.707106781,0.707106781));
#3872=VECTOR('',#3871,0.282842712);
#3873=LINE('',#3870,#3872);
#3874=EDGE_CURVE('',#1235,#1160,#3873,.T.);
#3875=ORIENTED_EDGE('',*,*,#3874,.F.);
#3876=ORIENTED_EDGE('',*,*,#1344,.F.);
#3877=EDGE_LOOP('',(#3868,#3869,#3875,#3876));
#3878=FACE_BOUND('',#3877,.T.);
#3879=ADVANCED_FACE('',(#3878),#3867,.F.);
#3880=CARTESIAN_POINT('',(-72.8099,-57.247438779,24.257459202));
#3881=DIRECTION('',(0.,0.707106781,-0.707106781));
#3882=DIRECTION('',(-1.,0.,0.));
#3883=AXIS2_PLACEMENT_3D('',#3880,#3881,#3882);
#3884=PLANE('',#3883);
#3885=ORIENTED_EDGE('',*,*,#3874,.T.);
#3886=ORIENTED_EDGE('',*,*,#1165,.F.);
#3887=CARTESIAN_POINT('',(141.6198,-57.247438779,24.257459202));
#3888=DIRECTION('',(0.,0.707106781,0.707106781));
#3889=VECTOR('',#3888,0.282842712);
#3890=LINE('',#3887,#3889);
#3891=EDGE_CURVE('',#1243,#1151,#3890,.T.);
#3892=ORIENTED_EDGE('',*,*,#3891,.F.);
#3893=ORIENTED_EDGE('',*,*,#1248,.F.);
#3894=EDGE_LOOP('',(#3885,#3886,#3892,#3893));
#3895=FACE_BOUND('',#3894,.T.);
#3896=ADVANCED_FACE('',(#3895),#3884,.T.);
#3897=CARTESIAN_POINT('',(141.6198,-52.147438779,24.257459202));
#3898=DIRECTION('',(0.,0.,-1.));
#3899=DIRECTION('',(-1.,0.,0.));
#3900=AXIS2_PLACEMENT_3D('',#3897,#3898,#3899);
#3901=CONICAL_SURFACE('',#3900,5.1,45.);
#3902=ORIENTED_EDGE('',*,*,#3891,.T.);
#3903=ORIENTED_EDGE('',*,*,#1157,.F.);
#3904=CARTESIAN_POINT('',(146.7198,-52.147438779,24.257459202));
#3905=DIRECTION('',(-0.707106781,-0.,0.707106781));
#3906=VECTOR('',#3905,0.282842712);
#3907=LINE('',#3904,#3906);
#3908=EDGE_CURVE('',#827,#1143,#3907,.T.);
#3909=ORIENTED_EDGE('',*,*,#3908,.F.);
#3910=ORIENTED_EDGE('',*,*,#1311,.F.);
#3911=EDGE_LOOP('',(#3902,#3903,#3909,#3910));
#3912=FACE_BOUND('',#3911,.T.);
#3913=ADVANCED_FACE('',(#3912),#3901,.F.);
#3914=CARTESIAN_POINT('',(146.7198,25.368636221,24.257459202));
#3915=DIRECTION('',(-0.707106781,-0.,-0.707106781));
#3916=DIRECTION('',(0.,-1.,-0.));
#3917=AXIS2_PLACEMENT_3D('',#3914,#3915,#3916);
#3918=PLANE('',#3917);
#3919=ORIENTED_EDGE('',*,*,#3908,.T.);
#3920=ORIENTED_EDGE('',*,*,#1148,.F.);
#3921=ORIENTED_EDGE('',*,*,#2027,.F.);
#3922=ORIENTED_EDGE('',*,*,#840,.F.);
#3923=EDGE_LOOP('',(#3919,#3920,#3921,#3922));
#3924=FACE_BOUND('',#3923,.T.);
#3925=ADVANCED_FACE('',(#3924),#3918,.T.);
#3926=CARTESIAN_POINT('',(-130.139193141,54.040661221,17.067267871));
#3927=DIRECTION('',(-0.707106781,-0.707106781,0.));
#3928=DIRECTION('',(0.,-0.,1.));
#3929=AXIS2_PLACEMENT_3D('',#3926,#3927,#3928);
#3930=PLANE('',#3929);
#3931=ORIENTED_EDGE('',*,*,#2660,.F.);
#3932=CARTESIAN_POINT('',(-130.639193141,54.540661221,12.057459202));
#3933=DIRECTION('',(0.707106781,0.707106781,-0.));
#3934=DIRECTION('',(0.707106781,-0.707106781,-0.));
#3935=AXIS2_PLACEMENT_3D('',#3932,#3933,#3934);
#3936=ELLIPSE('',#3935,0.707106781,0.5);
#3937=EDGE_CURVE('',#2647,#2719,#3936,.T.);
#3938=ORIENTED_EDGE('',*,*,#3937,.T.);
#3939=ORIENTED_EDGE('',*,*,#2724,.F.);
#3940=ORIENTED_EDGE('',*,*,#2795,.F.);
#3941=CARTESIAN_POINT('',(-130.139193141,54.040661221,16.766606155));
#3942=DIRECTION('',(-0.707106781,0.707106781,0.));
#3943=VECTOR('',#3942,2.404163056);
#3944=LINE('',#3941,#3943);
#3945=EDGE_CURVE('',#2655,#2783,#3944,.T.);
#3946=ORIENTED_EDGE('',*,*,#3945,.F.);
#3947=EDGE_LOOP('',(#3931,#3938,#3939,#3940,#3946));
#3948=FACE_BOUND('',#3947,.T.);
#3949=ADVANCED_FACE('',(#3948),#3930,.F.);
#3950=CARTESIAN_POINT('',(-127.639193141,55.740661221,16.766606155));
#3951=DIRECTION('',(0.,1.,0.));
#3952=DIRECTION('',(0.,-0.,1.));
#3953=AXIS2_PLACEMENT_3D('',#3950,#3951,#3952);
#3954=CONICAL_SURFACE('',#3953,4.2,45.);
#3955=ORIENTED_EDGE('',*,*,#3945,.T.);
#3956=ORIENTED_EDGE('',*,*,#2789,.F.);
#3957=CARTESIAN_POINT('',(-127.639193141,54.040661221,19.266606155));
#3958=DIRECTION('',(0.,0.707106781,0.707106781));
#3959=VECTOR('',#3958,2.404163056);
#3960=LINE('',#3957,#3959);
#3961=EDGE_CURVE('',#3026,#2775,#3960,.T.);
#3962=ORIENTED_EDGE('',*,*,#3961,.F.);
#3963=ORIENTED_EDGE('',*,*,#3111,.F.);
#3964=EDGE_LOOP('',(#3955,#3956,#3962,#3963));
#3965=FACE_BOUND('',#3964,.T.);
#3966=ADVANCED_FACE('',(#3965),#3954,.F.);
#3967=CARTESIAN_POINT('',(-74.8099,55.740661221,20.966606155));
#3968=DIRECTION('',(0.,-0.707106781,0.707106781));
#3969=DIRECTION('',(-1.,0.,0.));
#3970=AXIS2_PLACEMENT_3D('',#3967,#3968,#3969);
#3971=PLANE('',#3970);
#3972=ORIENTED_EDGE('',*,*,#3961,.T.);
#3973=ORIENTED_EDGE('',*,*,#2780,.F.);
#3974=CARTESIAN_POINT('',(-120.239193141,54.040661221,19.266606155));
#3975=DIRECTION('',(0.,0.707106781,0.707106781));
#3976=VECTOR('',#3975,2.404163056);
#3977=LINE('',#3974,#3976);
#3978=EDGE_CURVE('',#3034,#2766,#3977,.T.);
#3979=ORIENTED_EDGE('',*,*,#3978,.F.);
#3980=ORIENTED_EDGE('',*,*,#3039,.F.);
#3981=EDGE_LOOP('',(#3972,#3973,#3979,#3980));
#3982=FACE_BOUND('',#3981,.T.);
#3983=ADVANCED_FACE('',(#3982),#3971,.F.);
#3984=CARTESIAN_POINT('',(-120.239193141,55.740661221,16.766606155));
#3985=DIRECTION('',(0.,1.,0.));
#3986=DIRECTION('',(0.,-0.,1.));
#3987=AXIS2_PLACEMENT_3D('',#3984,#3985,#3986);
#3988=CONICAL_SURFACE('',#3987,4.2,45.);
#3989=ORIENTED_EDGE('',*,*,#3978,.T.);
#3990=ORIENTED_EDGE('',*,*,#2772,.F.);
#3991=CARTESIAN_POINT('',(-117.739193141,54.040661221,16.766606155));
#3992=DIRECTION('',(0.707106781,0.707106781,0.));
#3993=VECTOR('',#3992,2.404163056);
#3994=LINE('',#3991,#3993);
#3995=EDGE_CURVE('',#3057,#2758,#3994,.T.);
#3996=ORIENTED_EDGE('',*,*,#3995,.F.);
#3997=ORIENTED_EDGE('',*,*,#3093,.F.);
#3998=EDGE_LOOP('',(#3989,#3990,#3996,#3997));
#3999=FACE_BOUND('',#3998,.T.);
#4000=ADVANCED_FACE('',(#3999),#3988,.F.);
#4001=CARTESIAN_POINT('',(-116.039193141,55.740661221,24.957459202));
#4002=DIRECTION('',(0.707106781,-0.707106781,0.));
#4003=DIRECTION('',(-0.,-0.,1.));
#4004=AXIS2_PLACEMENT_3D('',#4001,#4002,#4003);
#4005=PLANE('',#4004);
#4006=ORIENTED_EDGE('',*,*,#2692,.F.);
#4007=CARTESIAN_POINT('',(-117.239193141,54.540661221,12.057459202));
#4008=DIRECTION('',(-0.707106781,0.707106781,-0.));
#4009=DIRECTION('',(-0.707106781,-0.707106781,-0.));
#4010=AXIS2_PLACEMENT_3D('',#4007,#4008,#4009);
#4011=ELLIPSE('',#4010,0.707106781,0.5);
#4012=EDGE_CURVE('',#2678,#3059,#4011,.T.);
#4013=ORIENTED_EDGE('',*,*,#4012,.T.);
#4014=ORIENTED_EDGE('',*,*,#3064,.F.);
#4015=ORIENTED_EDGE('',*,*,#3995,.T.);
#4016=ORIENTED_EDGE('',*,*,#2763,.F.);
#4017=EDGE_LOOP('',(#4006,#4013,#4014,#4015,#4016));
#4018=FACE_BOUND('',#4017,.T.);
#4019=ADVANCED_FACE('',(#4018),#4005,.F.);
#4020=CARTESIAN_POINT('',(-117.239193141,-0.803388779,12.057459202));
#4021=DIRECTION('',(0.,-1.,-0.));
#4022=DIRECTION('',(0.,0.,-1.));
#4023=AXIS2_PLACEMENT_3D('',#4020,#4021,#4022);
#4024=CYLINDRICAL_SURFACE('',#4023,0.5);
#4025=ORIENTED_EDGE('',*,*,#2554,.F.);
#4026=ORIENTED_EDGE('',*,*,#3070,.F.);
#4027=ORIENTED_EDGE('',*,*,#4012,.F.);
#4028=ORIENTED_EDGE('',*,*,#2684,.F.);
#4029=ORIENTED_EDGE('',*,*,#1561,.F.);
#4030=ORIENTED_EDGE('',*,*,#3652,.F.);
#4031=EDGE_LOOP('',(#4025,#4026,#4027,#4028,#4029,#4030));
#4032=FACE_BOUND('',#4031,.T.);
#4033=ADVANCED_FACE('',(#4032),#4024,.T.);
#4034=CARTESIAN_POINT('',(-130.639193141,49.740661221,12.057459202));
#4035=DIRECTION('',(0.,-1.,-0.));
#4036=DIRECTION('',(0.,0.,-1.));
#4037=AXIS2_PLACEMENT_3D('',#4034,#4035,#4036);
#4038=CYLINDRICAL_SURFACE('',#4037,0.5);
#4039=ORIENTED_EDGE('',*,*,#3527,.F.);
#4040=ORIENTED_EDGE('',*,*,#1645,.F.);
#4041=ORIENTED_EDGE('',*,*,#2731,.F.);
#4042=ORIENTED_EDGE('',*,*,#3937,.F.);
#4043=ORIENTED_EDGE('',*,*,#2652,.F.);
#4044=ORIENTED_EDGE('',*,*,#2603,.F.);
#4045=EDGE_LOOP('',(#4039,#4040,#4041,#4042,#4043,#4044));
#4046=FACE_BOUND('',#4045,.T.);
#4047=ADVANCED_FACE('',(#4046),#4038,.T.);
#4048=CARTESIAN_POINT('',(-114.147990942,-40.722438779,24.457459202));
#4049=DIRECTION('',(1.,0.,0.));
#4050=DIRECTION('',(0.,0.,-1.));
#4051=AXIS2_PLACEMENT_3D('',#4048,#4049,#4050);
#4052=PLANE('',#4051);
#4053=CARTESIAN_POINT('',(-114.147990942,-48.247438779,24.657459202));
#4054=VERTEX_POINT('',#4053);
#4055=CARTESIAN_POINT('',(-114.147990942,-48.247438779,29.857459202));
#4056=VERTEX_POINT('',#4055);
#4057=CARTESIAN_POINT('',(-114.147990942,-48.247438779,24.657459202));
#4058=DIRECTION('',(0.,-0.,1.));
#4059=VECTOR('',#4058,5.2);
#4060=LINE('',#4057,#4059);
#4061=EDGE_CURVE('',#4054,#4056,#4060,.T.);
#4062=ORIENTED_EDGE('',*,*,#4061,.T.);
#4063=CARTESIAN_POINT('',(-114.147990942,-33.197438779,29.857459202));
#4064=VERTEX_POINT('',#4063);
#4065=CARTESIAN_POINT('',(-114.147990942,-48.247438779,29.857459202));
#4066=DIRECTION('',(0.,1.,0.));
#4067=VECTOR('',#4066,15.05);
#4068=LINE('',#4065,#4067);
#4069=EDGE_CURVE('',#4056,#4064,#4068,.T.);
#4070=ORIENTED_EDGE('',*,*,#4069,.T.);
#4071=CARTESIAN_POINT('',(-114.147990942,-33.197438779,24.657459202));
#4072=VERTEX_POINT('',#4071);
#4073=CARTESIAN_POINT('',(-114.147990942,-33.197438779,29.857459202));
#4074=DIRECTION('',(-0.,0.,-1.));
#4075=VECTOR('',#4074,5.2);
#4076=LINE('',#4073,#4075);
#4077=EDGE_CURVE('',#4064,#4072,#4076,.T.);
#4078=ORIENTED_EDGE('',*,*,#4077,.T.);
#4079=CARTESIAN_POINT('',(-114.147990942,-33.197438779,24.657459202));
#4080=DIRECTION('',(0.,-1.,-0.));
#4081=VECTOR('',#4080,15.05);
#4082=LINE('',#4079,#4081);
#4083=EDGE_CURVE('',#4072,#4054,#4082,.T.);
#4084=ORIENTED_EDGE('',*,*,#4083,.T.);
#4085=EDGE_LOOP('',(#4062,#4070,#4078,#4084));
#4086=FACE_BOUND('',#4085,.T.);
#4087=ADVANCED_FACE('',(#4086),#4052,.F.);
#4088=CARTESIAN_POINT('',(-95.097990942,-40.722438779,24.457459202));
#4089=DIRECTION('',(-1.,0.,0.));
#4090=DIRECTION('',(0.,0.,1.));
#4091=AXIS2_PLACEMENT_3D('',#4088,#4089,#4090);
#4092=PLANE('',#4091);
#4093=CARTESIAN_POINT('',(-95.097990942,-33.197438779,24.657459202));
#4094=VERTEX_POINT('',#4093);
#4095=CARTESIAN_POINT('',(-95.097990942,-33.197438779,29.857459202));
#4096=VERTEX_POINT('',#4095);
#4097=CARTESIAN_POINT('',(-95.097990942,-33.197438779,24.657459202));
#4098=DIRECTION('',(0.,-0.,1.));
#4099=VECTOR('',#4098,5.2);
#4100=LINE('',#4097,#4099);
#4101=EDGE_CURVE('',#4094,#4096,#4100,.T.);
#4102=ORIENTED_EDGE('',*,*,#4101,.T.);
#4103=CARTESIAN_POINT('',(-95.097990942,-48.247438779,29.857459202));
#4104=VERTEX_POINT('',#4103);
#4105=CARTESIAN_POINT('',(-95.097990942,-33.197438779,29.857459202));
#4106=DIRECTION('',(0.,-1.,-0.));
#4107=VECTOR('',#4106,15.05);
#4108=LINE('',#4105,#4107);
#4109=EDGE_CURVE('',#4096,#4104,#4108,.T.);
#4110=ORIENTED_EDGE('',*,*,#4109,.T.);
#4111=CARTESIAN_POINT('',(-95.097990942,-48.247438779,24.657459202));
#4112=VERTEX_POINT('',#4111);
#4113=CARTESIAN_POINT('',(-95.097990942,-48.247438779,29.857459202));
#4114=DIRECTION('',(-0.,0.,-1.));
#4115=VECTOR('',#4114,5.2);
#4116=LINE('',#4113,#4115);
#4117=EDGE_CURVE('',#4104,#4112,#4116,.T.);
#4118=ORIENTED_EDGE('',*,*,#4117,.T.);
#4119=CARTESIAN_POINT('',(-95.097990942,-48.247438779,24.657459202));
#4120=DIRECTION('',(0.,1.,0.));
#4121=VECTOR('',#4120,15.05);
#4122=LINE('',#4119,#4121);
#4123=EDGE_CURVE('',#4112,#4094,#4122,.T.);
#4124=ORIENTED_EDGE('',*,*,#4123,.T.);
#4125=EDGE_LOOP('',(#4102,#4110,#4118,#4124));
#4126=FACE_BOUND('',#4125,.T.);
#4127=ADVANCED_FACE('',(#4126),#4092,.F.);
#4128=CARTESIAN_POINT('',(-104.622990942,-31.197438779,24.457459202));
#4129=DIRECTION('',(-0.,-1.,-0.));
#4130=DIRECTION('',(1.,-0.,0.));
#4131=AXIS2_PLACEMENT_3D('',#4128,#4129,#4130);
#4132=PLANE('',#4131);
#4133=CARTESIAN_POINT('',(-112.147990942,-31.197438779,24.657459202));
#4134=VERTEX_POINT('',#4133);
#4135=CARTESIAN_POINT('',(-112.147990942,-31.197438779,29.857459202));
#4136=VERTEX_POINT('',#4135);
#4137=CARTESIAN_POINT('',(-112.147990942,-31.197438779,24.657459202));
#4138=DIRECTION('',(0.,-0.,1.));
#4139=VECTOR('',#4138,5.2);
#4140=LINE('',#4137,#4139);
#4141=EDGE_CURVE('',#4134,#4136,#4140,.T.);
#4142=ORIENTED_EDGE('',*,*,#4141,.T.);
#4143=CARTESIAN_POINT('',(-97.097990942,-31.197438779,29.857459202));
#4144=VERTEX_POINT('',#4143);
#4145=CARTESIAN_POINT('',(-112.147990942,-31.197438779,29.857459202));
#4146=DIRECTION('',(1.,-0.,-0.));
#4147=VECTOR('',#4146,15.05);
#4148=LINE('',#4145,#4147);
#4149=EDGE_CURVE('',#4136,#4144,#4148,.T.);
#4150=ORIENTED_EDGE('',*,*,#4149,.T.);
#4151=CARTESIAN_POINT('',(-97.097990942,-31.197438779,24.657459202));
#4152=VERTEX_POINT('',#4151);
#4153=CARTESIAN_POINT('',(-97.097990942,-31.197438779,29.857459202));
#4154=DIRECTION('',(-0.,0.,-1.));
#4155=VECTOR('',#4154,5.2);
#4156=LINE('',#4153,#4155);
#4157=EDGE_CURVE('',#4144,#4152,#4156,.T.);
#4158=ORIENTED_EDGE('',*,*,#4157,.T.);
#4159=CARTESIAN_POINT('',(-97.097990942,-31.197438779,24.657459202));
#4160=DIRECTION('',(-1.,0.,0.));
#4161=VECTOR('',#4160,15.05);
#4162=LINE('',#4159,#4161);
#4163=EDGE_CURVE('',#4152,#4134,#4162,.T.);
#4164=ORIENTED_EDGE('',*,*,#4163,.T.);
#4165=EDGE_LOOP('',(#4142,#4150,#4158,#4164));
#4166=FACE_BOUND('',#4165,.T.);
#4167=ADVANCED_FACE('',(#4166),#4132,.F.);
#4168=CARTESIAN_POINT('',(95.417627251,-49.345744389,24.457459202));
#4169=DIRECTION('',(1.,0.,0.));
#4170=DIRECTION('',(0.,0.,-1.));
#4171=AXIS2_PLACEMENT_3D('',#4168,#4169,#4170);
#4172=PLANE('',#4171);
#4173=CARTESIAN_POINT('',(95.417627251,-48.247438779,24.657459202));
#4174=VERTEX_POINT('',#4173);
#4175=CARTESIAN_POINT('',(95.417627251,-48.247438779,29.857459202));
#4176=VERTEX_POINT('',#4175);
#4177=CARTESIAN_POINT('',(95.417627251,-48.247438779,24.657459202));
#4178=DIRECTION('',(0.,-0.,1.));
#4179=VECTOR('',#4178,5.2);
#4180=LINE('',#4177,#4179);
#4181=EDGE_CURVE('',#4174,#4176,#4180,.T.);
#4182=ORIENTED_EDGE('',*,*,#4181,.T.);
#4183=CARTESIAN_POINT('',(95.417627251,-33.197438779,29.857459202));
#4184=VERTEX_POINT('',#4183);
#4185=CARTESIAN_POINT('',(95.417627251,-48.247438779,29.857459202));
#4186=DIRECTION('',(0.,1.,0.));
#4187=VECTOR('',#4186,15.05);
#4188=LINE('',#4185,#4187);
#4189=EDGE_CURVE('',#4176,#4184,#4188,.T.);
#4190=ORIENTED_EDGE('',*,*,#4189,.T.);
#4191=CARTESIAN_POINT('',(95.417627251,-33.197438779,24.657459202));
#4192=VERTEX_POINT('',#4191);
#4193=CARTESIAN_POINT('',(95.417627251,-33.197438779,29.857459202));
#4194=DIRECTION('',(-0.,0.,-1.));
#4195=VECTOR('',#4194,5.2);
#4196=LINE('',#4193,#4195);
#4197=EDGE_CURVE('',#4184,#4192,#4196,.T.);
#4198=ORIENTED_EDGE('',*,*,#4197,.T.);
#4199=CARTESIAN_POINT('',(95.417627251,-33.197438779,24.657459202));
#4200=DIRECTION('',(0.,-1.,-0.));
#4201=VECTOR('',#4200,15.05);
#4202=LINE('',#4199,#4201);
#4203=EDGE_CURVE('',#4192,#4174,#4202,.T.);
#4204=ORIENTED_EDGE('',*,*,#4203,.T.);
#4205=EDGE_LOOP('',(#4182,#4190,#4198,#4204));
#4206=FACE_BOUND('',#4205,.T.);
#4207=ADVANCED_FACE('',(#4206),#4172,.F.);
#4208=CARTESIAN_POINT('',(114.467627251,-40.722438779,24.457459202));
#4209=DIRECTION('',(-1.,-0.,-0.));
#4210=DIRECTION('',(0.,-1.,0.));
#4211=AXIS2_PLACEMENT_3D('',#4208,#4209,#4210);
#4212=PLANE('',#4211);
#4213=CARTESIAN_POINT('',(114.467627251,-33.197438779,24.657459202));
#4214=VERTEX_POINT('',#4213);
#4215=CARTESIAN_POINT('',(114.467627251,-33.197438779,29.857459202));
#4216=VERTEX_POINT('',#4215);
#4217=CARTESIAN_POINT('',(114.467627251,-33.197438779,24.657459202));
#4218=DIRECTION('',(0.,-0.,1.));
#4219=VECTOR('',#4218,5.2);
#4220=LINE('',#4217,#4219);
#4221=EDGE_CURVE('',#4214,#4216,#4220,.T.);
#4222=ORIENTED_EDGE('',*,*,#4221,.T.);
#4223=CARTESIAN_POINT('',(114.467627251,-48.247438779,29.857459202));
#4224=VERTEX_POINT('',#4223);
#4225=CARTESIAN_POINT('',(114.467627251,-33.197438779,29.857459202));
#4226=DIRECTION('',(0.,-1.,-0.));
#4227=VECTOR('',#4226,15.05);
#4228=LINE('',#4225,#4227);
#4229=EDGE_CURVE('',#4216,#4224,#4228,.T.);
#4230=ORIENTED_EDGE('',*,*,#4229,.T.);
#4231=CARTESIAN_POINT('',(114.467627251,-48.247438779,24.657459202));
#4232=VERTEX_POINT('',#4231);
#4233=CARTESIAN_POINT('',(114.467627251,-48.247438779,29.857459202));
#4234=DIRECTION('',(-0.,0.,-1.));
#4235=VECTOR('',#4234,5.2);
#4236=LINE('',#4233,#4235);
#4237=EDGE_CURVE('',#4224,#4232,#4236,.T.);
#4238=ORIENTED_EDGE('',*,*,#4237,.T.);
#4239=CARTESIAN_POINT('',(114.467627251,-48.247438779,24.657459202));
#4240=DIRECTION('',(-0.,1.,0.));
#4241=VECTOR('',#4240,15.05);
#4242=LINE('',#4239,#4241);
#4243=EDGE_CURVE('',#4232,#4214,#4242,.T.);
#4244=ORIENTED_EDGE('',*,*,#4243,.T.);
#4245=EDGE_LOOP('',(#4222,#4230,#4238,#4244));
#4246=FACE_BOUND('',#4245,.T.);
#4247=ADVANCED_FACE('',(#4246),#4212,.F.);
#4248=CARTESIAN_POINT('',(104.942627251,-31.197438779,24.457459202));
#4249=DIRECTION('',(-0.,-1.,-0.));
#4250=DIRECTION('',(1.,-0.,0.));
#4251=AXIS2_PLACEMENT_3D('',#4248,#4249,#4250);
#4252=PLANE('',#4251);
#4253=CARTESIAN_POINT('',(97.417627251,-31.197438779,24.657459202));
#4254=VERTEX_POINT('',#4253);
#4255=CARTESIAN_POINT('',(97.417627251,-31.197438779,29.857459202));
#4256=VERTEX_POINT('',#4255);
#4257=CARTESIAN_POINT('',(97.417627251,-31.197438779,24.657459202));
#4258=DIRECTION('',(0.,-0.,1.));
#4259=VECTOR('',#4258,5.2);
#4260=LINE('',#4257,#4259);
#4261=EDGE_CURVE('',#4254,#4256,#4260,.T.);
#4262=ORIENTED_EDGE('',*,*,#4261,.T.);
#4263=CARTESIAN_POINT('',(112.467627251,-31.197438779,29.857459202));
#4264=VERTEX_POINT('',#4263);
#4265=CARTESIAN_POINT('',(97.417627251,-31.197438779,29.857459202));
#4266=DIRECTION('',(1.,-0.,-0.));
#4267=VECTOR('',#4266,15.05);
#4268=LINE('',#4265,#4267);
#4269=EDGE_CURVE('',#4256,#4264,#4268,.T.);
#4270=ORIENTED_EDGE('',*,*,#4269,.T.);
#4271=CARTESIAN_POINT('',(112.467627251,-31.197438779,24.657459202));
#4272=VERTEX_POINT('',#4271);
#4273=CARTESIAN_POINT('',(112.467627251,-31.197438779,29.857459202));
#4274=DIRECTION('',(-0.,0.,-1.));
#4275=VECTOR('',#4274,5.2);
#4276=LINE('',#4273,#4275);
#4277=EDGE_CURVE('',#4264,#4272,#4276,.T.);
#4278=ORIENTED_EDGE('',*,*,#4277,.T.);
#4279=CARTESIAN_POINT('',(112.467627251,-31.197438779,24.657459202));
#4280=DIRECTION('',(-1.,0.,0.));
#4281=VECTOR('',#4280,15.05);
#4282=LINE('',#4279,#4281);
#4283=EDGE_CURVE('',#4272,#4254,#4282,.T.);
#4284=ORIENTED_EDGE('',*,*,#4283,.T.);
#4285=EDGE_LOOP('',(#4262,#4270,#4278,#4284));
#4286=FACE_BOUND('',#4285,.T.);
#4287=ADVANCED_FACE('',(#4286),#4252,.F.);
#4288=CARTESIAN_POINT('',(-97.097990942,-33.197438779,24.457459202));
#4289=DIRECTION('',(0.,-0.,1.));
#4290=DIRECTION('',(0.,-1.,-0.));
#4291=AXIS2_PLACEMENT_3D('',#4288,#4289,#4290);
#4292=CYLINDRICAL_SURFACE('',#4291,2.);
#4293=ORIENTED_EDGE('',*,*,#4157,.F.);
#4294=CARTESIAN_POINT('',(-97.097990942,-33.197438779,29.857459202));
#4295=DIRECTION('',(-0.,-0.,-1.));
#4296=DIRECTION('',(1.,0.,-0.));
#4297=AXIS2_PLACEMENT_3D('',#4294,#4295,#4296);
#4298=CIRCLE('',#4297,2.);
#4299=EDGE_CURVE('',#4144,#4096,#4298,.T.);
#4300=ORIENTED_EDGE('',*,*,#4299,.T.);
#4301=ORIENTED_EDGE('',*,*,#4101,.F.);
#4302=CARTESIAN_POINT('',(-97.097990942,-33.197438779,24.657459202));
#4303=DIRECTION('',(0.,0.,1.));
#4304=DIRECTION('',(1.,0.,-0.));
#4305=AXIS2_PLACEMENT_3D('',#4302,#4303,#4304);
#4306=CIRCLE('',#4305,2.);
#4307=EDGE_CURVE('',#4094,#4152,#4306,.T.);
#4308=ORIENTED_EDGE('',*,*,#4307,.T.);
#4309=EDGE_LOOP('',(#4293,#4300,#4301,#4308));
#4310=FACE_BOUND('',#4309,.T.);
#4311=ADVANCED_FACE('',(#4310),#4292,.T.);
#4312=CARTESIAN_POINT('',(97.417627251,-33.197438779,24.457459202));
#4313=DIRECTION('',(0.,-0.,1.));
#4314=DIRECTION('',(0.,-1.,-0.));
#4315=AXIS2_PLACEMENT_3D('',#4312,#4313,#4314);
#4316=CYLINDRICAL_SURFACE('',#4315,2.);
#4317=ORIENTED_EDGE('',*,*,#4197,.F.);
#4318=CARTESIAN_POINT('',(97.417627251,-33.197438779,29.857459202));
#4319=DIRECTION('',(-0.,-0.,-1.));
#4320=DIRECTION('',(1.,0.,-0.));
#4321=AXIS2_PLACEMENT_3D('',#4318,#4319,#4320);
#4322=CIRCLE('',#4321,2.);
#4323=EDGE_CURVE('',#4184,#4256,#4322,.T.);
#4324=ORIENTED_EDGE('',*,*,#4323,.T.);
#4325=ORIENTED_EDGE('',*,*,#4261,.F.);
#4326=CARTESIAN_POINT('',(97.417627251,-33.197438779,24.657459202));
#4327=DIRECTION('',(0.,0.,1.));
#4328=DIRECTION('',(1.,0.,-0.));
#4329=AXIS2_PLACEMENT_3D('',#4326,#4327,#4328);
#4330=CIRCLE('',#4329,2.);
#4331=EDGE_CURVE('',#4254,#4192,#4330,.T.);
#4332=ORIENTED_EDGE('',*,*,#4331,.T.);
#4333=EDGE_LOOP('',(#4317,#4324,#4325,#4332));
#4334=FACE_BOUND('',#4333,.T.);
#4335=ADVANCED_FACE('',(#4334),#4316,.T.);
#4336=CARTESIAN_POINT('',(-116.147990942,-48.247438779,24.457459202));
#4337=DIRECTION('',(0.,-0.,1.));
#4338=DIRECTION('',(0.,-1.,-0.));
#4339=AXIS2_PLACEMENT_3D('',#4336,#4337,#4338);
#4340=CYLINDRICAL_SURFACE('',#4339,2.);
#4341=ORIENTED_EDGE('',*,*,#888,.F.);
#4342=CARTESIAN_POINT('',(-116.147990942,-48.247438779,29.857459202));
#4343=DIRECTION('',(0.,0.,1.));
#4344=DIRECTION('',(1.,0.,-0.));
#4345=AXIS2_PLACEMENT_3D('',#4342,#4343,#4344);
#4346=CIRCLE('',#4345,2.);
#4347=EDGE_CURVE('',#875,#4056,#4346,.T.);
#4348=ORIENTED_EDGE('',*,*,#4347,.T.);
#4349=ORIENTED_EDGE('',*,*,#4061,.F.);
#4350=CARTESIAN_POINT('',(-116.147990942,-48.247438779,24.657459202));
#4351=DIRECTION('',(-0.,-0.,-1.));
#4352=DIRECTION('',(1.,0.,-0.));
#4353=AXIS2_PLACEMENT_3D('',#4350,#4351,#4352);
#4354=CIRCLE('',#4353,2.);
#4355=EDGE_CURVE('',#4054,#883,#4354,.T.);
#4356=ORIENTED_EDGE('',*,*,#4355,.T.);
#4357=EDGE_LOOP('',(#4341,#4348,#4349,#4356));
#4358=FACE_BOUND('',#4357,.T.);
#4359=ADVANCED_FACE('',(#4358),#4340,.F.);
#4360=CARTESIAN_POINT('',(93.417627251,-48.247438779,24.457459202));
#4361=DIRECTION('',(0.,-0.,1.));
#4362=DIRECTION('',(0.,-1.,-0.));
#4363=AXIS2_PLACEMENT_3D('',#4360,#4361,#4362);
#4364=CYLINDRICAL_SURFACE('',#4363,2.);
#4365=ORIENTED_EDGE('',*,*,#158,.F.);
#4366=CARTESIAN_POINT('',(93.417627251,-48.247438779,29.857459202));
#4367=DIRECTION('',(0.,0.,1.));
#4368=DIRECTION('',(1.,0.,-0.));
#4369=AXIS2_PLACEMENT_3D('',#4366,#4367,#4368);
#4370=CIRCLE('',#4369,2.);
#4371=EDGE_CURVE('',#145,#4176,#4370,.T.);
#4372=ORIENTED_EDGE('',*,*,#4371,.T.);
#4373=ORIENTED_EDGE('',*,*,#4181,.F.);
#4374=CARTESIAN_POINT('',(93.417627251,-48.247438779,24.657459202));
#4375=DIRECTION('',(-0.,-0.,-1.));
#4376=DIRECTION('',(1.,0.,-0.));
#4377=AXIS2_PLACEMENT_3D('',#4374,#4375,#4376);
#4378=CIRCLE('',#4377,2.);
#4379=EDGE_CURVE('',#4174,#153,#4378,.T.);
#4380=ORIENTED_EDGE('',*,*,#4379,.T.);
#4381=EDGE_LOOP('',(#4365,#4372,#4373,#4380));
#4382=FACE_BOUND('',#4381,.T.);
#4383=ADVANCED_FACE('',(#4382),#4364,.F.);
#4384=CARTESIAN_POINT('',(-93.097990942,-48.247438779,6.257459202));
#4385=DIRECTION('',(0.,-0.,1.));
#4386=DIRECTION('',(0.,-1.,-0.));
#4387=AXIS2_PLACEMENT_3D('',#4384,#4385,#4386);
#4388=CYLINDRICAL_SURFACE('',#4387,2.);
#4389=ORIENTED_EDGE('',*,*,#4117,.F.);
#4390=CARTESIAN_POINT('',(-93.097990942,-48.247438779,29.857459202));
#4391=DIRECTION('',(0.,0.,1.));
#4392=DIRECTION('',(1.,0.,-0.));
#4393=AXIS2_PLACEMENT_3D('',#4390,#4391,#4392);
#4394=CIRCLE('',#4393,2.);
#4395=EDGE_CURVE('',#4104,#137,#4394,.T.);
#4396=ORIENTED_EDGE('',*,*,#4395,.T.);
#4397=ORIENTED_EDGE('',*,*,#142,.F.);
#4398=CARTESIAN_POINT('',(-93.097990942,-48.247438779,24.657459202));
#4399=DIRECTION('',(-0.,-0.,-1.));
#4400=DIRECTION('',(1.,0.,-0.));
#4401=AXIS2_PLACEMENT_3D('',#4398,#4399,#4400);
#4402=CIRCLE('',#4401,2.);
#4403=EDGE_CURVE('',#135,#4112,#4402,.T.);
#4404=ORIENTED_EDGE('',*,*,#4403,.T.);
#4405=EDGE_LOOP('',(#4389,#4396,#4397,#4404));
#4406=FACE_BOUND('',#4405,.T.);
#4407=ADVANCED_FACE('',(#4406),#4388,.F.);
#4408=CARTESIAN_POINT('',(112.467627251,-33.197438779,24.457459202));
#4409=DIRECTION('',(0.,-0.,1.));
#4410=DIRECTION('',(0.,-1.,-0.));
#4411=AXIS2_PLACEMENT_3D('',#4408,#4409,#4410);
#4412=CYLINDRICAL_SURFACE('',#4411,2.);
#4413=ORIENTED_EDGE('',*,*,#4277,.F.);
#4414=CARTESIAN_POINT('',(112.467627251,-33.197438779,29.857459202));
#4415=DIRECTION('',(-0.,-0.,-1.));
#4416=DIRECTION('',(1.,0.,-0.));
#4417=AXIS2_PLACEMENT_3D('',#4414,#4415,#4416);
#4418=CIRCLE('',#4417,2.);
#4419=EDGE_CURVE('',#4264,#4216,#4418,.T.);
#4420=ORIENTED_EDGE('',*,*,#4419,.T.);
#4421=ORIENTED_EDGE('',*,*,#4221,.F.);
#4422=CARTESIAN_POINT('',(112.467627251,-33.197438779,24.657459202));
#4423=DIRECTION('',(0.,0.,1.));
#4424=DIRECTION('',(1.,0.,-0.));
#4425=AXIS2_PLACEMENT_3D('',#4422,#4423,#4424);
#4426=CIRCLE('',#4425,2.);
#4427=EDGE_CURVE('',#4214,#4272,#4426,.T.);
#4428=ORIENTED_EDGE('',*,*,#4427,.T.);
#4429=EDGE_LOOP('',(#4413,#4420,#4421,#4428));
#4430=FACE_BOUND('',#4429,.T.);
#4431=ADVANCED_FACE('',(#4430),#4412,.T.);
#4432=CARTESIAN_POINT('',(-112.147990942,-33.197438779,24.457459202));
#4433=DIRECTION('',(0.,-0.,1.));
#4434=DIRECTION('',(0.,-1.,-0.));
#4435=AXIS2_PLACEMENT_3D('',#4432,#4433,#4434);
#4436=CYLINDRICAL_SURFACE('',#4435,2.);
#4437=ORIENTED_EDGE('',*,*,#4077,.F.);
#4438=CARTESIAN_POINT('',(-112.147990942,-33.197438779,29.857459202));
#4439=DIRECTION('',(-0.,-0.,-1.));
#4440=DIRECTION('',(1.,0.,-0.));
#4441=AXIS2_PLACEMENT_3D('',#4438,#4439,#4440);
#4442=CIRCLE('',#4441,2.);
#4443=EDGE_CURVE('',#4064,#4136,#4442,.T.);
#4444=ORIENTED_EDGE('',*,*,#4443,.T.);
#4445=ORIENTED_EDGE('',*,*,#4141,.F.);
#4446=CARTESIAN_POINT('',(-112.147990942,-33.197438779,24.657459202));
#4447=DIRECTION('',(0.,0.,1.));
#4448=DIRECTION('',(1.,0.,-0.));
#4449=AXIS2_PLACEMENT_3D('',#4446,#4447,#4448);
#4450=CIRCLE('',#4449,2.);
#4451=EDGE_CURVE('',#4134,#4072,#4450,.T.);
#4452=ORIENTED_EDGE('',*,*,#4451,.T.);
#4453=EDGE_LOOP('',(#4437,#4444,#4445,#4452));
#4454=FACE_BOUND('',#4453,.T.);
#4455=ADVANCED_FACE('',(#4454),#4436,.T.);
#4456=CARTESIAN_POINT('',(116.467627251,-48.247438779,6.257459202));
#4457=DIRECTION('',(0.,-0.,1.));
#4458=DIRECTION('',(0.,-1.,-0.));
#4459=AXIS2_PLACEMENT_3D('',#4456,#4457,#4458);
#4460=CYLINDRICAL_SURFACE('',#4459,2.);
#4461=ORIENTED_EDGE('',*,*,#4237,.F.);
#4462=CARTESIAN_POINT('',(116.467627251,-48.247438779,29.857459202));
#4463=DIRECTION('',(0.,0.,1.));
#4464=DIRECTION('',(1.,0.,-0.));
#4465=AXIS2_PLACEMENT_3D('',#4462,#4463,#4464);
#4466=CIRCLE('',#4465,2.);
#4467=EDGE_CURVE('',#4224,#97,#4466,.T.);
#4468=ORIENTED_EDGE('',*,*,#4467,.T.);
#4469=ORIENTED_EDGE('',*,*,#102,.F.);
#4470=CARTESIAN_POINT('',(116.467627251,-48.247438779,24.657459202));
#4471=DIRECTION('',(-0.,-0.,-1.));
#4472=DIRECTION('',(1.,0.,-0.));
#4473=AXIS2_PLACEMENT_3D('',#4470,#4471,#4472);
#4474=CIRCLE('',#4473,2.);
#4475=EDGE_CURVE('',#95,#4232,#4474,.T.);
#4476=ORIENTED_EDGE('',*,*,#4475,.T.);
#4477=EDGE_LOOP('',(#4461,#4468,#4469,#4476));
#4478=FACE_BOUND('',#4477,.T.);
#4479=ADVANCED_FACE('',(#4478),#4460,.F.);
#4480=CARTESIAN_POINT('',(143.9198,-2.003388779,24.657459202));
#4481=DIRECTION('',(-0.707106781,0.,-0.707106781));
#4482=DIRECTION('',(-0.,1.,0.));
#4483=AXIS2_PLACEMENT_3D('',#4480,#4481,#4482);
#4484=PLANE('',#4483);
#4485=ORIENTED_EDGE('',*,*,#2057,.F.);
#4486=ORIENTED_EDGE('',*,*,#1124,.F.);
#4487=CARTESIAN_POINT('',(143.9198,-48.247438779,24.657459202));
#4488=DIRECTION('',(0.707106781,0.,-0.707106781));
#4489=VECTOR('',#4488,0.282842712);
#4490=LINE('',#4487,#4489);
#4491=EDGE_CURVE('',#1474,#1110,#4490,.T.);
#4492=ORIENTED_EDGE('',*,*,#4491,.F.);
#4493=ORIENTED_EDGE('',*,*,#1535,.F.);
#4494=EDGE_LOOP('',(#4485,#4486,#4492,#4493));
#4495=FACE_BOUND('',#4494,.T.);
#4496=ADVANCED_FACE('',(#4495),#4484,.T.);
#4497=CARTESIAN_POINT('',(141.9198,-48.247438779,24.457459202));
#4498=DIRECTION('',(0.,0.,-1.));
#4499=DIRECTION('',(-1.,0.,0.));
#4500=AXIS2_PLACEMENT_3D('',#4497,#4498,#4499);
#4501=CONICAL_SURFACE('',#4500,2.2,45.);
#4502=ORIENTED_EDGE('',*,*,#4491,.T.);
#4503=ORIENTED_EDGE('',*,*,#1116,.F.);
#4504=CARTESIAN_POINT('',(141.9198,-50.247438779,24.657459202));
#4505=DIRECTION('',(0.,-0.707106781,-0.707106781));
#4506=VECTOR('',#4505,0.282842712);
#4507=LINE('',#4504,#4506);
#4508=EDGE_CURVE('',#113,#1102,#4507,.T.);
#4509=ORIENTED_EDGE('',*,*,#4508,.F.);
#4510=ORIENTED_EDGE('',*,*,#2012,.F.);
#4511=EDGE_LOOP('',(#4502,#4503,#4509,#4510));
#4512=FACE_BOUND('',#4511,.T.);
#4513=ADVANCED_FACE('',(#4512),#4501,.F.);
#4514=CARTESIAN_POINT('',(0.3,-50.247438779,24.657459202));
#4515=DIRECTION('',(0.,0.707106781,-0.707106781));
#4516=DIRECTION('',(1.,0.,0.));
#4517=AXIS2_PLACEMENT_3D('',#4514,#4515,#4516);
#4518=PLANE('',#4517);
#4519=ORIENTED_EDGE('',*,*,#4508,.T.);
#4520=ORIENTED_EDGE('',*,*,#1107,.F.);
#4521=CARTESIAN_POINT('',(116.467627251,-50.247438779,24.657459202));
#4522=DIRECTION('',(0.,-0.707106781,-0.707106781));
#4523=VECTOR('',#4522,0.282842712);
#4524=LINE('',#4521,#4523);
#4525=EDGE_CURVE('',#95,#1093,#4524,.T.);
#4526=ORIENTED_EDGE('',*,*,#4525,.F.);
#4527=ORIENTED_EDGE('',*,*,#124,.F.);
#4528=EDGE_LOOP('',(#4519,#4520,#4526,#4527));
#4529=FACE_BOUND('',#4528,.T.);
#4530=ADVANCED_FACE('',(#4529),#4518,.T.);
#4531=CARTESIAN_POINT('',(116.467627251,-48.247438779,24.457459202));
#4532=DIRECTION('',(0.,0.,-1.));
#4533=DIRECTION('',(-1.,0.,0.));
#4534=AXIS2_PLACEMENT_3D('',#4531,#4532,#4533);
#4535=CONICAL_SURFACE('',#4534,2.2,45.);
#4536=ORIENTED_EDGE('',*,*,#4525,.T.);
#4537=ORIENTED_EDGE('',*,*,#1099,.F.);
#4538=CARTESIAN_POINT('',(114.467627251,-48.247438779,24.657459202));
#4539=DIRECTION('',(-0.707106781,0.,-0.707106781));
#4540=VECTOR('',#4539,0.282842712);
#4541=LINE('',#4538,#4540);
#4542=EDGE_CURVE('',#4232,#1085,#4541,.T.);
#4543=ORIENTED_EDGE('',*,*,#4542,.F.);
#4544=ORIENTED_EDGE('',*,*,#4475,.F.);
#4545=EDGE_LOOP('',(#4536,#4537,#4543,#4544));
#4546=FACE_BOUND('',#4545,.T.);
#4547=ADVANCED_FACE('',(#4546),#4535,.F.);
#4548=CARTESIAN_POINT('',(114.267627251,-2.003388779,24.457459202));
#4549=DIRECTION('',(-0.707106781,-0.,0.707106781));
#4550=DIRECTION('',(0.,-1.,-0.));
#4551=AXIS2_PLACEMENT_3D('',#4548,#4549,#4550);
#4552=PLANE('',#4551);
#4553=ORIENTED_EDGE('',*,*,#4542,.T.);
#4554=ORIENTED_EDGE('',*,*,#1090,.F.);
#4555=CARTESIAN_POINT('',(114.467627251,-33.197438779,24.657459202));
#4556=DIRECTION('',(-0.707106781,0.,-0.707106781));
#4557=VECTOR('',#4556,0.282842712);
#4558=LINE('',#4555,#4557);
#4559=EDGE_CURVE('',#4214,#1076,#4558,.T.);
#4560=ORIENTED_EDGE('',*,*,#4559,.F.);
#4561=ORIENTED_EDGE('',*,*,#4243,.F.);
#4562=EDGE_LOOP('',(#4553,#4554,#4560,#4561));
#4563=FACE_BOUND('',#4562,.T.);
#4564=ADVANCED_FACE('',(#4563),#4552,.F.);
#4565=CARTESIAN_POINT('',(112.467627251,-33.197438779,24.457459202));
#4566=DIRECTION('',(0.,0.,1.));
#4567=DIRECTION('',(1.,0.,-0.));
#4568=AXIS2_PLACEMENT_3D('',#4565,#4566,#4567);
#4569=CONICAL_SURFACE('',#4568,1.8,45.);
#4570=ORIENTED_EDGE('',*,*,#4559,.T.);
#4571=ORIENTED_EDGE('',*,*,#1082,.F.);
#4572=CARTESIAN_POINT('',(112.467627251,-31.197438779,24.657459202));
#4573=DIRECTION('',(0.,-0.707106781,-0.707106781));
#4574=VECTOR('',#4573,0.282842712);
#4575=LINE('',#4572,#4574);
#4576=EDGE_CURVE('',#4272,#1068,#4575,.T.);
#4577=ORIENTED_EDGE('',*,*,#4576,.F.);
#4578=ORIENTED_EDGE('',*,*,#4427,.F.);
#4579=EDGE_LOOP('',(#4570,#4571,#4577,#4578));
#4580=FACE_BOUND('',#4579,.T.);
#4581=ADVANCED_FACE('',(#4580),#4569,.T.);
#4582=CARTESIAN_POINT('',(0.8,-31.397438779,24.457459202));
#4583=DIRECTION('',(-0.,-0.707106781,0.707106781));
#4584=DIRECTION('',(1.,-0.,0.));
#4585=AXIS2_PLACEMENT_3D('',#4582,#4583,#4584);
#4586=PLANE('',#4585);
#4587=ORIENTED_EDGE('',*,*,#4576,.T.);
#4588=ORIENTED_EDGE('',*,*,#1073,.F.);
#4589=CARTESIAN_POINT('',(97.417627251,-31.197438779,24.657459202));
#4590=DIRECTION('',(0.,-0.707106781,-0.707106781));
#4591=VECTOR('',#4590,0.282842712);
#4592=LINE('',#4589,#4591);
#4593=EDGE_CURVE('',#4254,#1059,#4592,.T.);
#4594=ORIENTED_EDGE('',*,*,#4593,.F.);
#4595=ORIENTED_EDGE('',*,*,#4283,.F.);
#4596=EDGE_LOOP('',(#4587,#4588,#4594,#4595));
#4597=FACE_BOUND('',#4596,.T.);
#4598=ADVANCED_FACE('',(#4597),#4586,.F.);
#4599=CARTESIAN_POINT('',(97.417627251,-33.197438779,24.457459202));
#4600=DIRECTION('',(0.,0.,1.));
#4601=DIRECTION('',(1.,0.,-0.));
#4602=AXIS2_PLACEMENT_3D('',#4599,#4600,#4601);
#4603=CONICAL_SURFACE('',#4602,1.8,45.);
#4604=ORIENTED_EDGE('',*,*,#4593,.T.);
#4605=ORIENTED_EDGE('',*,*,#1065,.F.);
#4606=CARTESIAN_POINT('',(95.417627251,-33.197438779,24.657459202));
#4607=DIRECTION('',(0.707106781,0.,-0.707106781));
#4608=VECTOR('',#4607,0.282842712);
#4609=LINE('',#4606,#4608);
#4610=EDGE_CURVE('',#4192,#1051,#4609,.T.);
#4611=ORIENTED_EDGE('',*,*,#4610,.F.);
#4612=ORIENTED_EDGE('',*,*,#4331,.F.);
#4613=EDGE_LOOP('',(#4604,#4605,#4611,#4612));
#4614=FACE_BOUND('',#4613,.T.);
#4615=ADVANCED_FACE('',(#4614),#4603,.T.);
#4616=CARTESIAN_POINT('',(95.617627251,-2.003388779,24.457459202));
#4617=DIRECTION('',(0.707106781,-0.,0.707106781));
#4618=DIRECTION('',(0.,1.,0.));
#4619=AXIS2_PLACEMENT_3D('',#4616,#4617,#4618);
#4620=PLANE('',#4619);
#4621=ORIENTED_EDGE('',*,*,#4610,.T.);
#4622=ORIENTED_EDGE('',*,*,#1056,.F.);
#4623=CARTESIAN_POINT('',(95.417627251,-48.247438779,24.657459202));
#4624=DIRECTION('',(0.707106781,0.,-0.707106781));
#4625=VECTOR('',#4624,0.282842712);
#4626=LINE('',#4623,#4625);
#4627=EDGE_CURVE('',#4174,#1042,#4626,.T.);
#4628=ORIENTED_EDGE('',*,*,#4627,.F.);
#4629=ORIENTED_EDGE('',*,*,#4203,.F.);
#4630=EDGE_LOOP('',(#4621,#4622,#4628,#4629));
#4631=FACE_BOUND('',#4630,.T.);
#4632=ADVANCED_FACE('',(#4631),#4620,.F.);
#4633=CARTESIAN_POINT('',(93.417627251,-48.247438779,24.457459202));
#4634=DIRECTION('',(0.,0.,-1.));
#4635=DIRECTION('',(-1.,0.,0.));
#4636=AXIS2_PLACEMENT_3D('',#4633,#4634,#4635);
#4637=CONICAL_SURFACE('',#4636,2.2,45.);
#4638=ORIENTED_EDGE('',*,*,#4627,.T.);
#4639=ORIENTED_EDGE('',*,*,#1048,.F.);
#4640=CARTESIAN_POINT('',(93.417627251,-50.247438779,24.657459202));
#4641=DIRECTION('',(0.,-0.707106781,-0.707106781));
#4642=VECTOR('',#4641,0.282842712);
#4643=LINE('',#4640,#4642);
#4644=EDGE_CURVE('',#153,#1034,#4643,.T.);
#4645=ORIENTED_EDGE('',*,*,#4644,.F.);
#4646=ORIENTED_EDGE('',*,*,#4379,.F.);
#4647=EDGE_LOOP('',(#4638,#4639,#4645,#4646));
#4648=FACE_BOUND('',#4647,.T.);
#4649=ADVANCED_FACE('',(#4648),#4637,.F.);
#4650=CARTESIAN_POINT('',(0.3,-50.247438779,24.657459202));
#4651=DIRECTION('',(0.,0.707106781,-0.707106781));
#4652=DIRECTION('',(1.,0.,0.));
#4653=AXIS2_PLACEMENT_3D('',#4650,#4651,#4652);
#4654=PLANE('',#4653);
#4655=ORIENTED_EDGE('',*,*,#4644,.T.);
#4656=ORIENTED_EDGE('',*,*,#1039,.F.);
#4657=CARTESIAN_POINT('',(-93.097990942,-50.247438779,24.657459202));
#4658=DIRECTION('',(0.,-0.707106781,-0.707106781));
#4659=VECTOR('',#4658,0.282842712);
#4660=LINE('',#4657,#4659);
#4661=EDGE_CURVE('',#135,#1025,#4660,.T.);
#4662=ORIENTED_EDGE('',*,*,#4661,.F.);
#4663=ORIENTED_EDGE('',*,*,#164,.F.);
#4664=EDGE_LOOP('',(#4655,#4656,#4662,#4663));
#4665=FACE_BOUND('',#4664,.T.);
#4666=ADVANCED_FACE('',(#4665),#4654,.T.);
#4667=CARTESIAN_POINT('',(-93.097990942,-48.247438779,24.457459202));
#4668=DIRECTION('',(0.,0.,-1.));
#4669=DIRECTION('',(-1.,0.,0.));
#4670=AXIS2_PLACEMENT_3D('',#4667,#4668,#4669);
#4671=CONICAL_SURFACE('',#4670,2.2,45.);
#4672=ORIENTED_EDGE('',*,*,#4661,.T.);
#4673=ORIENTED_EDGE('',*,*,#1031,.F.);
#4674=CARTESIAN_POINT('',(-95.097990942,-48.247438779,24.657459202));
#4675=DIRECTION('',(-0.707106781,0.,-0.707106781));
#4676=VECTOR('',#4675,0.282842712);
#4677=LINE('',#4674,#4676);
#4678=EDGE_CURVE('',#4112,#1017,#4677,.T.);
#4679=ORIENTED_EDGE('',*,*,#4678,.F.);
#4680=ORIENTED_EDGE('',*,*,#4403,.F.);
#4681=EDGE_LOOP('',(#4672,#4673,#4679,#4680));
#4682=FACE_BOUND('',#4681,.T.);
#4683=ADVANCED_FACE('',(#4682),#4671,.F.);
#4684=CARTESIAN_POINT('',(-95.297990942,-2.003388779,24.457459202));
#4685=DIRECTION('',(-0.707106781,-0.,0.707106781));
#4686=DIRECTION('',(0.,-1.,-0.));
#4687=AXIS2_PLACEMENT_3D('',#4684,#4685,#4686);
#4688=PLANE('',#4687);
#4689=ORIENTED_EDGE('',*,*,#4678,.T.);
#4690=ORIENTED_EDGE('',*,*,#1022,.F.);
#4691=CARTESIAN_POINT('',(-95.097990942,-33.197438779,24.657459202));
#4692=DIRECTION('',(-0.707106781,0.,-0.707106781));
#4693=VECTOR('',#4692,0.282842712);
#4694=LINE('',#4691,#4693);
#4695=EDGE_CURVE('',#4094,#1008,#4694,.T.);
#4696=ORIENTED_EDGE('',*,*,#4695,.F.);
#4697=ORIENTED_EDGE('',*,*,#4123,.F.);
#4698=EDGE_LOOP('',(#4689,#4690,#4696,#4697));
#4699=FACE_BOUND('',#4698,.T.);
#4700=ADVANCED_FACE('',(#4699),#4688,.F.);
#4701=CARTESIAN_POINT('',(-97.097990942,-33.197438779,24.457459202));
#4702=DIRECTION('',(0.,0.,1.));
#4703=DIRECTION('',(1.,0.,-0.));
#4704=AXIS2_PLACEMENT_3D('',#4701,#4702,#4703);
#4705=CONICAL_SURFACE('',#4704,1.8,45.);
#4706=ORIENTED_EDGE('',*,*,#4695,.T.);
#4707=ORIENTED_EDGE('',*,*,#1014,.F.);
#4708=CARTESIAN_POINT('',(-97.097990942,-31.197438779,24.657459202));
#4709=DIRECTION('',(0.,-0.707106781,-0.707106781));
#4710=VECTOR('',#4709,0.282842712);
#4711=LINE('',#4708,#4710);
#4712=EDGE_CURVE('',#4152,#1000,#4711,.T.);
#4713=ORIENTED_EDGE('',*,*,#4712,.F.);
#4714=ORIENTED_EDGE('',*,*,#4307,.F.);
#4715=EDGE_LOOP('',(#4706,#4707,#4713,#4714));
#4716=FACE_BOUND('',#4715,.T.);
#4717=ADVANCED_FACE('',(#4716),#4705,.T.);
#4718=CARTESIAN_POINT('',(0.8,-31.397438779,24.457459202));
#4719=DIRECTION('',(-0.,-0.707106781,0.707106781));
#4720=DIRECTION('',(1.,-0.,0.));
#4721=AXIS2_PLACEMENT_3D('',#4718,#4719,#4720);
#4722=PLANE('',#4721);
#4723=ORIENTED_EDGE('',*,*,#4712,.T.);
#4724=ORIENTED_EDGE('',*,*,#1005,.F.);
#4725=CARTESIAN_POINT('',(-112.147990942,-31.197438779,24.657459202));
#4726=DIRECTION('',(0.,-0.707106781,-0.707106781));
#4727=VECTOR('',#4726,0.282842712);
#4728=LINE('',#4725,#4727);
#4729=EDGE_CURVE('',#4134,#991,#4728,.T.);
#4730=ORIENTED_EDGE('',*,*,#4729,.F.);
#4731=ORIENTED_EDGE('',*,*,#4163,.F.);
#4732=EDGE_LOOP('',(#4723,#4724,#4730,#4731));
#4733=FACE_BOUND('',#4732,.T.);
#4734=ADVANCED_FACE('',(#4733),#4722,.F.);
#4735=CARTESIAN_POINT('',(-112.147990942,-33.197438779,24.457459202));
#4736=DIRECTION('',(0.,0.,1.));
#4737=DIRECTION('',(1.,0.,-0.));
#4738=AXIS2_PLACEMENT_3D('',#4735,#4736,#4737);
#4739=CONICAL_SURFACE('',#4738,1.8,45.);
#4740=ORIENTED_EDGE('',*,*,#4729,.T.);
#4741=ORIENTED_EDGE('',*,*,#997,.F.);
#4742=CARTESIAN_POINT('',(-114.147990942,-33.197438779,24.657459202));
#4743=DIRECTION('',(0.707106781,0.,-0.707106781));
#4744=VECTOR('',#4743,0.282842712);
#4745=LINE('',#4742,#4744);
#4746=EDGE_CURVE('',#4072,#983,#4745,.T.);
#4747=ORIENTED_EDGE('',*,*,#4746,.F.);
#4748=ORIENTED_EDGE('',*,*,#4451,.F.);
#4749=EDGE_LOOP('',(#4740,#4741,#4747,#4748));
#4750=FACE_BOUND('',#4749,.T.);
#4751=ADVANCED_FACE('',(#4750),#4739,.T.);
#4752=CARTESIAN_POINT('',(-113.947990942,-2.003388779,24.457459202));
#4753=DIRECTION('',(0.707106781,-0.,0.707106781));
#4754=DIRECTION('',(0.,1.,0.));
#4755=AXIS2_PLACEMENT_3D('',#4752,#4753,#4754);
#4756=PLANE('',#4755);
#4757=ORIENTED_EDGE('',*,*,#4746,.T.);
#4758=ORIENTED_EDGE('',*,*,#988,.F.);
#4759=CARTESIAN_POINT('',(-114.147990942,-48.247438779,24.657459202));
#4760=DIRECTION('',(0.707106781,0.,-0.707106781));
#4761=VECTOR('',#4760,0.282842712);
#4762=LINE('',#4759,#4761);
#4763=EDGE_CURVE('',#4054,#974,#4762,.T.);
#4764=ORIENTED_EDGE('',*,*,#4763,.F.);
#4765=ORIENTED_EDGE('',*,*,#4083,.F.);
#4766=EDGE_LOOP('',(#4757,#4758,#4764,#4765));
#4767=FACE_BOUND('',#4766,.T.);
#4768=ADVANCED_FACE('',(#4767),#4756,.F.);
#4769=CARTESIAN_POINT('',(-116.147990942,-48.247438779,24.457459202));
#4770=DIRECTION('',(0.,0.,-1.));
#4771=DIRECTION('',(-1.,0.,0.));
#4772=AXIS2_PLACEMENT_3D('',#4769,#4770,#4771);
#4773=CONICAL_SURFACE('',#4772,2.2,45.);
#4774=ORIENTED_EDGE('',*,*,#4763,.T.);
#4775=ORIENTED_EDGE('',*,*,#980,.F.);
#4776=CARTESIAN_POINT('',(-116.147990942,-50.247438779,24.657459202));
#4777=DIRECTION('',(0.,-0.707106781,-0.707106781));
#4778=VECTOR('',#4777,0.282842712);
#4779=LINE('',#4776,#4778);
#4780=EDGE_CURVE('',#883,#966,#4779,.T.);
#4781=ORIENTED_EDGE('',*,*,#4780,.F.);
#4782=ORIENTED_EDGE('',*,*,#4355,.F.);
#4783=EDGE_LOOP('',(#4774,#4775,#4781,#4782));
#4784=FACE_BOUND('',#4783,.T.);
#4785=ADVANCED_FACE('',(#4784),#4773,.F.);
#4786=CARTESIAN_POINT('',(0.3,-50.247438779,24.657459202));
#4787=DIRECTION('',(0.,0.707106781,-0.707106781));
#4788=DIRECTION('',(1.,0.,0.));
#4789=AXIS2_PLACEMENT_3D('',#4786,#4787,#4788);
#4790=PLANE('',#4789);
#4791=ORIENTED_EDGE('',*,*,#4780,.T.);
#4792=ORIENTED_EDGE('',*,*,#971,.F.);
#4793=CARTESIAN_POINT('',(-141.3198,-50.247438779,24.657459202));
#4794=DIRECTION('',(0.,-0.707106781,-0.707106781));
#4795=VECTOR('',#4794,0.282842712);
#4796=LINE('',#4793,#4795);
#4797=EDGE_CURVE('',#865,#957,#4796,.T.);
#4798=ORIENTED_EDGE('',*,*,#4797,.F.);
#4799=ORIENTED_EDGE('',*,*,#894,.F.);
#4800=EDGE_LOOP('',(#4791,#4792,#4798,#4799));
#4801=FACE_BOUND('',#4800,.T.);
#4802=ADVANCED_FACE('',(#4801),#4790,.T.);
#4803=CARTESIAN_POINT('',(-141.3198,-48.247438779,24.457459202));
#4804=DIRECTION('',(0.,0.,-1.));
#4805=DIRECTION('',(-1.,0.,0.));
#4806=AXIS2_PLACEMENT_3D('',#4803,#4804,#4805);
#4807=CONICAL_SURFACE('',#4806,2.2,45.);
#4808=ORIENTED_EDGE('',*,*,#4797,.T.);
#4809=ORIENTED_EDGE('',*,*,#963,.F.);
#4810=CARTESIAN_POINT('',(-143.3198,-48.247438779,24.657459202));
#4811=DIRECTION('',(-0.707106781,0.,-0.707106781));
#4812=VECTOR('',#4811,0.282842712);
#4813=LINE('',#4810,#4812);
#4814=EDGE_CURVE('',#1275,#949,#4813,.T.);
#4815=ORIENTED_EDGE('',*,*,#4814,.F.);
#4816=ORIENTED_EDGE('',*,*,#1295,.F.);
#4817=EDGE_LOOP('',(#4808,#4809,#4815,#4816));
#4818=FACE_BOUND('',#4817,.T.);
#4819=ADVANCED_FACE('',(#4818),#4807,.F.);
#4820=CARTESIAN_POINT('',(-143.3198,-2.003388779,24.657459202));
#4821=DIRECTION('',(0.707106781,0.,-0.707106781));
#4822=DIRECTION('',(0.,-1.,-0.));
#4823=AXIS2_PLACEMENT_3D('',#4820,#4821,#4822);
#4824=PLANE('',#4823);
#4825=ORIENTED_EDGE('',*,*,#4814,.T.);
#4826=ORIENTED_EDGE('',*,*,#954,.F.);
#4827=CARTESIAN_POINT('',(-143.3198,44.240661221,24.657459202));
#4828=DIRECTION('',(-0.707106781,0.,-0.707106781));
#4829=VECTOR('',#4828,0.282842712);
#4830=LINE('',#4827,#4829);
#4831=EDGE_CURVE('',#1443,#940,#4830,.T.);
#4832=ORIENTED_EDGE('',*,*,#4831,.F.);
#4833=ORIENTED_EDGE('',*,*,#1463,.F.);
#4834=EDGE_LOOP('',(#4825,#4826,#4832,#4833));
#4835=FACE_BOUND('',#4834,.T.);
#4836=ADVANCED_FACE('',(#4835),#4824,.T.);
#4837=CARTESIAN_POINT('',(-141.3198,44.240661221,24.457459202));
#4838=DIRECTION('',(0.,0.,-1.));
#4839=DIRECTION('',(-1.,0.,0.));
#4840=AXIS2_PLACEMENT_3D('',#4837,#4838,#4839);
#4841=CONICAL_SURFACE('',#4840,2.2,45.);
#4842=ORIENTED_EDGE('',*,*,#4831,.T.);
#4843=ORIENTED_EDGE('',*,*,#946,.F.);
#4844=CARTESIAN_POINT('',(-141.3198,46.240661221,24.657459202));
#4845=DIRECTION('',(0.,0.707106781,-0.707106781));
#4846=VECTOR('',#4845,0.282842712);
#4847=LINE('',#4844,#4846);
#4848=EDGE_CURVE('',#633,#932,#4847,.T.);
#4849=ORIENTED_EDGE('',*,*,#4848,.F.);
#4850=ORIENTED_EDGE('',*,*,#2914,.F.);
#4851=EDGE_LOOP('',(#4842,#4843,#4849,#4850));
#4852=FACE_BOUND('',#4851,.T.);
#4853=ADVANCED_FACE('',(#4852),#4841,.F.);
#4854=CARTESIAN_POINT('',(0.3,46.240661221,24.657459202));
#4855=DIRECTION('',(0.,-0.707106781,-0.707106781));
#4856=DIRECTION('',(-1.,0.,0.));
#4857=AXIS2_PLACEMENT_3D('',#4854,#4855,#4856);
#4858=PLANE('',#4857);
#4859=ORIENTED_EDGE('',*,*,#4848,.T.);
#4860=ORIENTED_EDGE('',*,*,#937,.F.);
#4861=CARTESIAN_POINT('',(141.9198,46.240661221,24.657459202));
#4862=DIRECTION('',(0.,0.707106781,-0.707106781));
#4863=VECTOR('',#4862,0.282842712);
#4864=LINE('',#4861,#4863);
#4865=EDGE_CURVE('',#615,#923,#4864,.T.);
#4866=ORIENTED_EDGE('',*,*,#4865,.F.);
#4867=ORIENTED_EDGE('',*,*,#644,.F.);
#4868=EDGE_LOOP('',(#4859,#4860,#4866,#4867));
#4869=FACE_BOUND('',#4868,.T.);
#4870=ADVANCED_FACE('',(#4869),#4858,.T.);
#4871=CARTESIAN_POINT('',(141.9198,44.240661221,24.457459202));
#4872=DIRECTION('',(0.,0.,-1.));
#4873=DIRECTION('',(-1.,0.,0.));
#4874=AXIS2_PLACEMENT_3D('',#4871,#4872,#4873);
#4875=CONICAL_SURFACE('',#4874,2.2,45.);
#4876=ORIENTED_EDGE('',*,*,#4865,.T.);
#4877=ORIENTED_EDGE('',*,*,#929,.F.);
#4878=CARTESIAN_POINT('',(143.9198,44.240661221,24.657459202));
#4879=DIRECTION('',(0.707106781,0.,-0.707106781));
#4880=VECTOR('',#4879,0.282842712);
#4881=LINE('',#4878,#4880);
#4882=EDGE_CURVE('',#1492,#915,#4881,.T.);
#4883=ORIENTED_EDGE('',*,*,#4882,.F.);
#4884=ORIENTED_EDGE('',*,*,#2890,.F.);
#4885=EDGE_LOOP('',(#4876,#4877,#4883,#4884));
#4886=FACE_BOUND('',#4885,.T.);
#4887=ADVANCED_FACE('',(#4886),#4875,.F.);
#4888=CARTESIAN_POINT('',(143.9198,-2.003388779,24.657459202));
#4889=DIRECTION('',(-0.707106781,0.,-0.707106781));
#4890=DIRECTION('',(-0.,1.,0.));
#4891=AXIS2_PLACEMENT_3D('',#4888,#4889,#4890);
#4892=PLANE('',#4891);
#4893=ORIENTED_EDGE('',*,*,#4882,.T.);
#4894=ORIENTED_EDGE('',*,*,#920,.F.);
#4895=ORIENTED_EDGE('',*,*,#3007,.F.);
#4896=ORIENTED_EDGE('',*,*,#1505,.F.);
#4897=EDGE_LOOP('',(#4893,#4894,#4895,#4896));
#4898=FACE_BOUND('',#4897,.T.);
#4899=ADVANCED_FACE('',(#4898),#4892,.T.);
#4900=CARTESIAN_POINT('',(-112.147990942,-33.197438779,30.257459202));
#4901=DIRECTION('',(0.,0.,-1.));
#4902=DIRECTION('',(-1.,0.,0.));
#4903=AXIS2_PLACEMENT_3D('',#4900,#4901,#4902);
#4904=CONICAL_SURFACE('',#4903,1.6,45.);
#4905=CARTESIAN_POINT('',(-112.147990942,-31.197438779,29.857459202));
#4906=DIRECTION('',(0.,-0.707106781,0.707106781));
#4907=VECTOR('',#4906,0.565685425);
#4908=LINE('',#4905,#4907);
#4909=EDGE_CURVE('',#4136,#313,#4908,.T.);
#4910=ORIENTED_EDGE('',*,*,#4909,.F.);
#4911=ORIENTED_EDGE('',*,*,#4443,.F.);
#4912=CARTESIAN_POINT('',(-113.747990942,-33.197438779,30.257459202));
#4913=DIRECTION('',(-0.707106781,0.,-0.707106781));
#4914=VECTOR('',#4913,0.565685425);
#4915=LINE('',#4912,#4914);
#4916=EDGE_CURVE('',#321,#4064,#4915,.T.);
#4917=ORIENTED_EDGE('',*,*,#4916,.F.);
#4918=ORIENTED_EDGE('',*,*,#327,.F.);
#4919=EDGE_LOOP('',(#4910,#4911,#4917,#4918));
#4920=FACE_BOUND('',#4919,.T.);
#4921=ADVANCED_FACE('',(#4920),#4904,.T.);
#4922=CARTESIAN_POINT('',(-114.147990942,-40.722438779,29.857459202));
#4923=DIRECTION('',(-0.707106781,-0.,0.707106781));
#4924=DIRECTION('',(0.,-1.,-0.));
#4925=AXIS2_PLACEMENT_3D('',#4922,#4923,#4924);
#4926=PLANE('',#4925);
#4927=ORIENTED_EDGE('',*,*,#4916,.T.);
#4928=ORIENTED_EDGE('',*,*,#4069,.F.);
#4929=CARTESIAN_POINT('',(-113.747990942,-48.247438779,30.257459202));
#4930=DIRECTION('',(-0.707106781,0.,-0.707106781));
#4931=VECTOR('',#4930,0.565685425);
#4932=LINE('',#4929,#4931);
#4933=EDGE_CURVE('',#330,#4056,#4932,.T.);
#4934=ORIENTED_EDGE('',*,*,#4933,.F.);
#4935=ORIENTED_EDGE('',*,*,#335,.F.);
#4936=EDGE_LOOP('',(#4927,#4928,#4934,#4935));
#4937=FACE_BOUND('',#4936,.T.);
#4938=ADVANCED_FACE('',(#4937),#4926,.T.);
#4939=CARTESIAN_POINT('',(-104.622990942,-31.197438779,29.857459202));
#4940=DIRECTION('',(0.,0.707106781,0.707106781));
#4941=DIRECTION('',(-1.,0.,-0.));
#4942=AXIS2_PLACEMENT_3D('',#4939,#4940,#4941);
#4943=PLANE('',#4942);
#4944=ORIENTED_EDGE('',*,*,#4909,.T.);
#4945=ORIENTED_EDGE('',*,*,#318,.F.);
#4946=CARTESIAN_POINT('',(-97.097990942,-31.197438779,29.857459202));
#4947=DIRECTION('',(0.,-0.707106781,0.707106781));
#4948=VECTOR('',#4947,0.565685425);
#4949=LINE('',#4946,#4948);
#4950=EDGE_CURVE('',#4144,#304,#4949,.T.);
#4951=ORIENTED_EDGE('',*,*,#4950,.F.);
#4952=ORIENTED_EDGE('',*,*,#4149,.F.);
#4953=EDGE_LOOP('',(#4944,#4945,#4951,#4952));
#4954=FACE_BOUND('',#4953,.T.);
#4955=ADVANCED_FACE('',(#4954),#4943,.T.);
#4956=CARTESIAN_POINT('',(-116.147990942,-48.247438779,30.257459202));
#4957=DIRECTION('',(0.,0.,1.));
#4958=DIRECTION('',(1.,0.,-0.));
#4959=AXIS2_PLACEMENT_3D('',#4956,#4957,#4958);
#4960=CONICAL_SURFACE('',#4959,2.4,45.);
#4961=ORIENTED_EDGE('',*,*,#4933,.T.);
#4962=ORIENTED_EDGE('',*,*,#4347,.F.);
#4963=CARTESIAN_POINT('',(-116.147990942,-50.647438779,30.257459202));
#4964=DIRECTION('',(0.,0.707106781,-0.707106781));
#4965=VECTOR('',#4964,0.565685425);
#4966=LINE('',#4963,#4965);
#4967=EDGE_CURVE('',#338,#875,#4966,.T.);
#4968=ORIENTED_EDGE('',*,*,#4967,.F.);
#4969=ORIENTED_EDGE('',*,*,#344,.F.);
#4970=EDGE_LOOP('',(#4961,#4962,#4968,#4969));
#4971=FACE_BOUND('',#4970,.T.);
#4972=ADVANCED_FACE('',(#4971),#4960,.F.);
#4973=CARTESIAN_POINT('',(-97.097990942,-33.197438779,30.257459202));
#4974=DIRECTION('',(0.,0.,-1.));
#4975=DIRECTION('',(-1.,0.,0.));
#4976=AXIS2_PLACEMENT_3D('',#4973,#4974,#4975);
#4977=CONICAL_SURFACE('',#4976,1.6,45.);
#4978=ORIENTED_EDGE('',*,*,#4950,.T.);
#4979=ORIENTED_EDGE('',*,*,#310,.F.);
#4980=CARTESIAN_POINT('',(-95.097990942,-33.197438779,29.857459202));
#4981=DIRECTION('',(-0.707106781,0.,0.707106781));
#4982=VECTOR('',#4981,0.565685425);
#4983=LINE('',#4980,#4982);
#4984=EDGE_CURVE('',#4096,#296,#4983,.T.);
#4985=ORIENTED_EDGE('',*,*,#4984,.F.);
#4986=ORIENTED_EDGE('',*,*,#4299,.F.);
#4987=EDGE_LOOP('',(#4978,#4979,#4985,#4986));
#4988=FACE_BOUND('',#4987,.T.);
#4989=ADVANCED_FACE('',(#4988),#4977,.T.);
#4990=CARTESIAN_POINT('',(0.3,-50.247438779,29.857459202));
#4991=DIRECTION('',(0.,-0.707106781,-0.707106781));
#4992=DIRECTION('',(1.,0.,0.));
#4993=AXIS2_PLACEMENT_3D('',#4990,#4991,#4992);
#4994=PLANE('',#4993);
#4995=ORIENTED_EDGE('',*,*,#4967,.T.);
#4996=ORIENTED_EDGE('',*,*,#880,.F.);
#4997=CARTESIAN_POINT('',(-141.3198,-50.647438779,30.257459202));
#4998=DIRECTION('',(0.,0.707106781,-0.707106781));
#4999=VECTOR('',#4998,0.565685425);
#5000=LINE('',#4997,#4999);
#5001=EDGE_CURVE('',#347,#867,#5000,.T.);
#5002=ORIENTED_EDGE('',*,*,#5001,.F.);
#5003=ORIENTED_EDGE('',*,*,#352,.F.);
#5004=EDGE_LOOP('',(#4995,#4996,#5002,#5003));
#5005=FACE_BOUND('',#5004,.T.);
#5006=ADVANCED_FACE('',(#5005),#4994,.F.);
#5007=CARTESIAN_POINT('',(-95.097990942,-40.722438779,29.857459202));
#5008=DIRECTION('',(0.707106781,-0.,0.707106781));
#5009=DIRECTION('',(0.,1.,0.));
#5010=AXIS2_PLACEMENT_3D('',#5007,#5008,#5009);
#5011=PLANE('',#5010);
#5012=ORIENTED_EDGE('',*,*,#4984,.T.);
#5013=ORIENTED_EDGE('',*,*,#301,.F.);
#5014=CARTESIAN_POINT('',(-95.097990942,-48.247438779,29.857459202));
#5015=DIRECTION('',(-0.707106781,0.,0.707106781));
#5016=VECTOR('',#5015,0.565685425);
#5017=LINE('',#5014,#5016);
#5018=EDGE_CURVE('',#4104,#287,#5017,.T.);
#5019=ORIENTED_EDGE('',*,*,#5018,.F.);
#5020=ORIENTED_EDGE('',*,*,#4109,.F.);
#5021=EDGE_LOOP('',(#5012,#5013,#5019,#5020));
#5022=FACE_BOUND('',#5021,.T.);
#5023=ADVANCED_FACE('',(#5022),#5011,.T.);
#5024=CARTESIAN_POINT('',(-141.3198,-48.247438779,29.857459202));
#5025=DIRECTION('',(0.,0.,1.));
#5026=DIRECTION('',(1.,0.,-0.));
#5027=AXIS2_PLACEMENT_3D('',#5024,#5025,#5026);
#5028=CONICAL_SURFACE('',#5027,2.,45.);
#5029=ORIENTED_EDGE('',*,*,#5001,.T.);
#5030=ORIENTED_EDGE('',*,*,#1287,.F.);
#5031=CARTESIAN_POINT('',(-143.7198,-48.247438779,30.257459202));
#5032=DIRECTION('',(0.707106781,0.,-0.707106781));
#5033=VECTOR('',#5032,0.565685425);
#5034=LINE('',#5031,#5033);
#5035=EDGE_CURVE('',#355,#1273,#5034,.T.);
#5036=ORIENTED_EDGE('',*,*,#5035,.F.);
#5037=ORIENTED_EDGE('',*,*,#361,.F.);
#5038=EDGE_LOOP('',(#5029,#5030,#5036,#5037));
#5039=FACE_BOUND('',#5038,.T.);
#5040=ADVANCED_FACE('',(#5039),#5028,.F.);
#5041=CARTESIAN_POINT('',(-93.097990942,-48.247438779,30.257459202));
#5042=DIRECTION('',(0.,0.,1.));
#5043=DIRECTION('',(1.,0.,-0.));
#5044=AXIS2_PLACEMENT_3D('',#5041,#5042,#5043);
#5045=CONICAL_SURFACE('',#5044,2.4,45.);
#5046=ORIENTED_EDGE('',*,*,#5018,.T.);
#5047=ORIENTED_EDGE('',*,*,#293,.F.);
#5048=CARTESIAN_POINT('',(-93.097990942,-50.247438779,29.857459202));
#5049=DIRECTION('',(0.,-0.707106781,0.707106781));
#5050=VECTOR('',#5049,0.565685425);
#5051=LINE('',#5048,#5050);
#5052=EDGE_CURVE('',#137,#279,#5051,.T.);
#5053=ORIENTED_EDGE('',*,*,#5052,.F.);
#5054=ORIENTED_EDGE('',*,*,#4395,.F.);
#5055=EDGE_LOOP('',(#5046,#5047,#5053,#5054));
#5056=FACE_BOUND('',#5055,.T.);
#5057=ADVANCED_FACE('',(#5056),#5045,.F.);
#5058=CARTESIAN_POINT('',(-143.7198,-2.003388779,30.257459202));
#5059=DIRECTION('',(-0.707106781,0.,-0.707106781));
#5060=DIRECTION('',(0.,1.,0.));
#5061=AXIS2_PLACEMENT_3D('',#5058,#5059,#5060);
#5062=PLANE('',#5061);
#5063=ORIENTED_EDGE('',*,*,#5035,.T.);
#5064=ORIENTED_EDGE('',*,*,#1456,.F.);
#5065=CARTESIAN_POINT('',(-143.7198,44.240661221,30.257459202));
#5066=DIRECTION('',(0.707106781,0.,-0.707106781));
#5067=VECTOR('',#5066,0.565685425);
#5068=LINE('',#5065,#5067);
#5069=EDGE_CURVE('',#364,#1445,#5068,.T.);
#5070=ORIENTED_EDGE('',*,*,#5069,.F.);
#5071=ORIENTED_EDGE('',*,*,#369,.F.);
#5072=EDGE_LOOP('',(#5063,#5064,#5070,#5071));
#5073=FACE_BOUND('',#5072,.T.);
#5074=ADVANCED_FACE('',(#5073),#5062,.F.);
#5075=CARTESIAN_POINT('',(0.3,-50.247438779,29.857459202));
#5076=DIRECTION('',(0.,-0.707106781,-0.707106781));
#5077=DIRECTION('',(1.,0.,0.));
#5078=AXIS2_PLACEMENT_3D('',#5075,#5076,#5077);
#5079=PLANE('',#5078);
#5080=ORIENTED_EDGE('',*,*,#5052,.T.);
#5081=ORIENTED_EDGE('',*,*,#284,.F.);
#5082=CARTESIAN_POINT('',(93.417627251,-50.247438779,29.857459202));
#5083=DIRECTION('',(0.,-0.707106781,0.707106781));
#5084=VECTOR('',#5083,0.565685425);
#5085=LINE('',#5082,#5084);
#5086=EDGE_CURVE('',#145,#270,#5085,.T.);
#5087=ORIENTED_EDGE('',*,*,#5086,.F.);
#5088=ORIENTED_EDGE('',*,*,#150,.F.);
#5089=EDGE_LOOP('',(#5080,#5081,#5087,#5088));
#5090=FACE_BOUND('',#5089,.T.);
#5091=ADVANCED_FACE('',(#5090),#5079,.F.);
#5092=CARTESIAN_POINT('',(-141.3198,44.240661221,29.857459202));
#5093=DIRECTION('',(0.,0.,1.));
#5094=DIRECTION('',(1.,0.,-0.));
#5095=AXIS2_PLACEMENT_3D('',#5092,#5093,#5094);
#5096=CONICAL_SURFACE('',#5095,2.,45.);
#5097=ORIENTED_EDGE('',*,*,#5069,.T.);
#5098=ORIENTED_EDGE('',*,*,#2906,.F.);
#5099=CARTESIAN_POINT('',(-141.3198,46.640661221,30.257459202));
#5100=DIRECTION('',(0.,-0.707106781,-0.707106781));
#5101=VECTOR('',#5100,0.565685425);
#5102=LINE('',#5099,#5101);
#5103=EDGE_CURVE('',#372,#625,#5102,.T.);
#5104=ORIENTED_EDGE('',*,*,#5103,.F.);
#5105=ORIENTED_EDGE('',*,*,#378,.F.);
#5106=EDGE_LOOP('',(#5097,#5098,#5104,#5105));
#5107=FACE_BOUND('',#5106,.T.);
#5108=ADVANCED_FACE('',(#5107),#5096,.F.);
#5109=CARTESIAN_POINT('',(93.417627251,-48.247438779,30.257459202));
#5110=DIRECTION('',(0.,0.,1.));
#5111=DIRECTION('',(1.,0.,-0.));
#5112=AXIS2_PLACEMENT_3D('',#5109,#5110,#5111);
#5113=CONICAL_SURFACE('',#5112,2.4,45.);
#5114=ORIENTED_EDGE('',*,*,#5086,.T.);
#5115=ORIENTED_EDGE('',*,*,#276,.F.);
#5116=CARTESIAN_POINT('',(95.417627251,-48.247438779,29.857459202));
#5117=DIRECTION('',(0.707106781,0.,0.707106781));
#5118=VECTOR('',#5117,0.565685425);
#5119=LINE('',#5116,#5118);
#5120=EDGE_CURVE('',#4176,#262,#5119,.T.);
#5121=ORIENTED_EDGE('',*,*,#5120,.F.);
#5122=ORIENTED_EDGE('',*,*,#4371,.F.);
#5123=EDGE_LOOP('',(#5114,#5115,#5121,#5122));
#5124=FACE_BOUND('',#5123,.T.);
#5125=ADVANCED_FACE('',(#5124),#5113,.F.);
#5126=CARTESIAN_POINT('',(0.3,46.640661221,30.257459202));
#5127=DIRECTION('',(0.,0.707106781,-0.707106781));
#5128=DIRECTION('',(1.,0.,0.));
#5129=AXIS2_PLACEMENT_3D('',#5126,#5127,#5128);
#5130=PLANE('',#5129);
#5131=ORIENTED_EDGE('',*,*,#5103,.T.);
#5132=ORIENTED_EDGE('',*,*,#630,.F.);
#5133=CARTESIAN_POINT('',(141.9198,46.640661221,30.257459202));
#5134=DIRECTION('',(0.,-0.707106781,-0.707106781));
#5135=VECTOR('',#5134,0.565685425);
#5136=LINE('',#5133,#5135);
#5137=EDGE_CURVE('',#381,#617,#5136,.T.);
#5138=ORIENTED_EDGE('',*,*,#5137,.F.);
#5139=ORIENTED_EDGE('',*,*,#386,.F.);
#5140=EDGE_LOOP('',(#5131,#5132,#5138,#5139));
#5141=FACE_BOUND('',#5140,.T.);
#5142=ADVANCED_FACE('',(#5141),#5130,.F.);
#5143=CARTESIAN_POINT('',(95.417627251,-49.345744389,29.857459202));
#5144=DIRECTION('',(-0.707106781,-0.,0.707106781));
#5145=DIRECTION('',(-0.,-1.,-0.));
#5146=AXIS2_PLACEMENT_3D('',#5143,#5144,#5145);
#5147=PLANE('',#5146);
#5148=ORIENTED_EDGE('',*,*,#5120,.T.);
#5149=ORIENTED_EDGE('',*,*,#267,.F.);
#5150=CARTESIAN_POINT('',(95.417627251,-33.197438779,29.857459202));
#5151=DIRECTION('',(0.707106781,0.,0.707106781));
#5152=VECTOR('',#5151,0.565685425);
#5153=LINE('',#5150,#5152);
#5154=EDGE_CURVE('',#4184,#253,#5153,.T.);
#5155=ORIENTED_EDGE('',*,*,#5154,.F.);
#5156=ORIENTED_EDGE('',*,*,#4189,.F.);
#5157=EDGE_LOOP('',(#5148,#5149,#5155,#5156));
#5158=FACE_BOUND('',#5157,.T.);
#5159=ADVANCED_FACE('',(#5158),#5147,.T.);
#5160=CARTESIAN_POINT('',(141.9198,44.240661221,29.857459202));
#5161=DIRECTION('',(0.,0.,1.));
#5162=DIRECTION('',(1.,0.,-0.));
#5163=AXIS2_PLACEMENT_3D('',#5160,#5161,#5162);
#5164=CONICAL_SURFACE('',#5163,2.,45.);
#5165=ORIENTED_EDGE('',*,*,#5137,.T.);
#5166=ORIENTED_EDGE('',*,*,#2882,.F.);
#5167=CARTESIAN_POINT('',(144.3198,44.240661221,30.257459202));
#5168=DIRECTION('',(-0.707106781,0.,-0.707106781));
#5169=VECTOR('',#5168,0.565685425);
#5170=LINE('',#5167,#5169);
#5171=EDGE_CURVE('',#389,#1484,#5170,.T.);
#5172=ORIENTED_EDGE('',*,*,#5171,.F.);
#5173=ORIENTED_EDGE('',*,*,#395,.F.);
#5174=EDGE_LOOP('',(#5165,#5166,#5172,#5173));
#5175=FACE_BOUND('',#5174,.T.);
#5176=ADVANCED_FACE('',(#5175),#5164,.F.);
#5177=CARTESIAN_POINT('',(97.417627251,-33.197438779,30.257459202));
#5178=DIRECTION('',(0.,0.,-1.));
#5179=DIRECTION('',(-1.,0.,0.));
#5180=AXIS2_PLACEMENT_3D('',#5177,#5178,#5179);
#5181=CONICAL_SURFACE('',#5180,1.6,45.);
#5182=ORIENTED_EDGE('',*,*,#5154,.T.);
#5183=ORIENTED_EDGE('',*,*,#259,.F.);
#5184=CARTESIAN_POINT('',(97.417627251,-31.197438779,29.857459202));
#5185=DIRECTION('',(0.,-0.707106781,0.707106781));
#5186=VECTOR('',#5185,0.565685425);
#5187=LINE('',#5184,#5186);
#5188=EDGE_CURVE('',#4256,#245,#5187,.T.);
#5189=ORIENTED_EDGE('',*,*,#5188,.F.);
#5190=ORIENTED_EDGE('',*,*,#4323,.F.);
#5191=EDGE_LOOP('',(#5182,#5183,#5189,#5190));
#5192=FACE_BOUND('',#5191,.T.);
#5193=ADVANCED_FACE('',(#5192),#5181,.T.);
#5194=CARTESIAN_POINT('',(144.3198,-2.003388779,30.257459202));
#5195=DIRECTION('',(0.707106781,0.,-0.707106781));
#5196=DIRECTION('',(-0.,-1.,-0.));
#5197=AXIS2_PLACEMENT_3D('',#5194,#5195,#5196);
#5198=PLANE('',#5197);
#5199=ORIENTED_EDGE('',*,*,#5171,.T.);
#5200=ORIENTED_EDGE('',*,*,#1489,.F.);
#5201=CARTESIAN_POINT('',(144.3198,-48.247438779,30.257459202));
#5202=DIRECTION('',(-0.707106781,0.,-0.707106781));
#5203=VECTOR('',#5202,0.565685425);
#5204=LINE('',#5201,#5203);
#5205=EDGE_CURVE('',#398,#1476,#5204,.T.);
#5206=ORIENTED_EDGE('',*,*,#5205,.F.);
#5207=ORIENTED_EDGE('',*,*,#403,.F.);
#5208=EDGE_LOOP('',(#5199,#5200,#5206,#5207));
#5209=FACE_BOUND('',#5208,.T.);
#5210=ADVANCED_FACE('',(#5209),#5198,.F.);
#5211=CARTESIAN_POINT('',(104.942627251,-31.197438779,29.857459202));
#5212=DIRECTION('',(0.,0.707106781,0.707106781));
#5213=DIRECTION('',(-1.,0.,0.));
#5214=AXIS2_PLACEMENT_3D('',#5211,#5212,#5213);
#5215=PLANE('',#5214);
#5216=ORIENTED_EDGE('',*,*,#5188,.T.);
#5217=ORIENTED_EDGE('',*,*,#250,.F.);
#5218=CARTESIAN_POINT('',(112.467627251,-31.197438779,29.857459202));
#5219=DIRECTION('',(0.,-0.707106781,0.707106781));
#5220=VECTOR('',#5219,0.565685425);
#5221=LINE('',#5218,#5220);
#5222=EDGE_CURVE('',#4264,#236,#5221,.T.);
#5223=ORIENTED_EDGE('',*,*,#5222,.F.);
#5224=ORIENTED_EDGE('',*,*,#4269,.F.);
#5225=EDGE_LOOP('',(#5216,#5217,#5223,#5224));
#5226=FACE_BOUND('',#5225,.T.);
#5227=ADVANCED_FACE('',(#5226),#5215,.T.);
#5228=CARTESIAN_POINT('',(141.9198,-48.247438779,29.857459202));
#5229=DIRECTION('',(0.,0.,1.));
#5230=DIRECTION('',(1.,0.,-0.));
#5231=AXIS2_PLACEMENT_3D('',#5228,#5229,#5230);
#5232=CONICAL_SURFACE('',#5231,2.,45.);
#5233=ORIENTED_EDGE('',*,*,#5205,.T.);
#5234=ORIENTED_EDGE('',*,*,#2004,.F.);
#5235=CARTESIAN_POINT('',(141.9198,-50.647438779,30.257459202));
#5236=DIRECTION('',(0.,0.707106781,-0.707106781));
#5237=VECTOR('',#5236,0.565685425);
#5238=LINE('',#5235,#5237);
#5239=EDGE_CURVE('',#209,#105,#5238,.T.);
#5240=ORIENTED_EDGE('',*,*,#5239,.F.);
#5241=ORIENTED_EDGE('',*,*,#410,.F.);
#5242=EDGE_LOOP('',(#5233,#5234,#5240,#5241));
#5243=FACE_BOUND('',#5242,.T.);
#5244=ADVANCED_FACE('',(#5243),#5232,.F.);
#5245=CARTESIAN_POINT('',(112.467627251,-33.197438779,30.257459202));
#5246=DIRECTION('',(0.,0.,-1.));
#5247=DIRECTION('',(-1.,0.,0.));
#5248=AXIS2_PLACEMENT_3D('',#5245,#5246,#5247);
#5249=CONICAL_SURFACE('',#5248,1.6,45.);
#5250=ORIENTED_EDGE('',*,*,#5222,.T.);
#5251=ORIENTED_EDGE('',*,*,#242,.F.);
#5252=CARTESIAN_POINT('',(114.467627251,-33.197438779,29.857459202));
#5253=DIRECTION('',(-0.707106781,0.,0.707106781));
#5254=VECTOR('',#5253,0.565685425);
#5255=LINE('',#5252,#5254);
#5256=EDGE_CURVE('',#4216,#228,#5255,.T.);
#5257=ORIENTED_EDGE('',*,*,#5256,.F.);
#5258=ORIENTED_EDGE('',*,*,#4419,.F.);
#5259=EDGE_LOOP('',(#5250,#5251,#5257,#5258));
#5260=FACE_BOUND('',#5259,.T.);
#5261=ADVANCED_FACE('',(#5260),#5249,.T.);
#5262=CARTESIAN_POINT('',(0.3,-50.247438779,29.857459202));
#5263=DIRECTION('',(0.,-0.707106781,-0.707106781));
#5264=DIRECTION('',(1.,0.,0.));
#5265=AXIS2_PLACEMENT_3D('',#5262,#5263,#5264);
#5266=PLANE('',#5265);
#5267=ORIENTED_EDGE('',*,*,#5239,.T.);
#5268=ORIENTED_EDGE('',*,*,#110,.F.);
#5269=CARTESIAN_POINT('',(116.467627251,-50.647438779,30.257459202));
#5270=DIRECTION('',(0.,0.707106781,-0.707106781));
#5271=VECTOR('',#5270,0.565685425);
#5272=LINE('',#5269,#5271);
#5273=EDGE_CURVE('',#211,#97,#5272,.T.);
#5274=ORIENTED_EDGE('',*,*,#5273,.F.);
#5275=ORIENTED_EDGE('',*,*,#216,.F.);
#5276=EDGE_LOOP('',(#5267,#5268,#5274,#5275));
#5277=FACE_BOUND('',#5276,.T.);
#5278=ADVANCED_FACE('',(#5277),#5266,.F.);
#5279=CARTESIAN_POINT('',(114.467627251,-40.722438779,29.857459202));
#5280=DIRECTION('',(0.707106781,0.,0.707106781));
#5281=DIRECTION('',(-0.,1.,0.));
#5282=AXIS2_PLACEMENT_3D('',#5279,#5280,#5281);
#5283=PLANE('',#5282);
#5284=ORIENTED_EDGE('',*,*,#5256,.T.);
#5285=ORIENTED_EDGE('',*,*,#233,.F.);
#5286=CARTESIAN_POINT('',(114.467627251,-48.247438779,29.857459202));
#5287=DIRECTION('',(-0.707106781,0.,0.707106781));
#5288=VECTOR('',#5287,0.565685425);
#5289=LINE('',#5286,#5288);
#5290=EDGE_CURVE('',#4224,#219,#5289,.T.);
#5291=ORIENTED_EDGE('',*,*,#5290,.F.);
#5292=ORIENTED_EDGE('',*,*,#4229,.F.);
#5293=EDGE_LOOP('',(#5284,#5285,#5291,#5292));
#5294=FACE_BOUND('',#5293,.T.);
#5295=ADVANCED_FACE('',(#5294),#5283,.T.);
#5296=CARTESIAN_POINT('',(116.467627251,-48.247438779,30.257459202));
#5297=DIRECTION('',(0.,0.,1.));
#5298=DIRECTION('',(1.,0.,-0.));
#5299=AXIS2_PLACEMENT_3D('',#5296,#5297,#5298);
#5300=CONICAL_SURFACE('',#5299,2.4,45.);
#5301=ORIENTED_EDGE('',*,*,#5273,.T.);
#5302=ORIENTED_EDGE('',*,*,#4467,.F.);
#5303=ORIENTED_EDGE('',*,*,#5290,.T.);
#5304=ORIENTED_EDGE('',*,*,#225,.F.);
#5305=EDGE_LOOP('',(#5301,#5302,#5303,#5304));
#5306=FACE_BOUND('',#5305,.T.);
#5307=ADVANCED_FACE('',(#5306),#5300,.F.);
#5308=CLOSED_SHELL('',(#128,#202,#484,#515,#546,#577,#608,#716,#747,#778,#818,#858,#898,#1226,#1266,#1299,#1323,#1356,#1396,#1436,#1467,#1539,#1763,#1926,#1959,#1992,
#2016,#2046,#2069,#2086,#2103,#2115,#2135,#2155,#2172,#2189,#2206,#2227,#2247,#2264,#2281,#2298,#2310,#2333,#2356,#2403,#2425,#2442,#2455,#2473,#2485,
#2502,#2519,#2531,#2639,#2670,#2710,#2750,#2822,#2846,#2870,#2894,#2918,#2942,#2966,#2996,#3019,#3050,#3081,#3099,#3117,#3148,#3172,#3196,#3213,#3225,
#3237,#3249,#3266,#3282,#3294,#3317,#3340,#3387,#3409,#3427,#3439,#3457,#3469,#3486,#3503,#3515,#3538,#3555,#3572,#3589,#3606,#3623,#3640,#3663,#3680,
#3697,#3714,#3731,#3748,#3765,#3777,#3794,#3811,#3828,#3845,#3862,#3879,#3896,#3913,#3925,#3949,#3966,#3983,#4000,#4019,#4033,#4047,#4087,#4127,#4167,
#4207,#4247,#4287,#4311,#4335,#4359,#4383,#4407,#4431,#4455,#4479,#4496,#4513,#4530,#4547,#4564,#4581,#4598,#4615,#4632,#4649,#4666,#4683,#4700,#4717,
#4734,#4751,#4768,#4785,#4802,#4819,#4836,#4853,#4870,#4887,#4899,#4921,#4938,#4955,#4972,#4989,#5006,#5023,#5040,#5057,#5074,#5091,#5108,#5125,#5142,
#5159,#5176,#5193,#5210,#5227,#5244,#5261,#5278,#5295,#5307));
#5309=MANIFOLD_SOLID_BREP('outer_case_wkl',#5308);
#5310=COLOUR_RGB('',0.517647088,0.800000012,1.);
#5311=FILL_AREA_STYLE_COLOUR('',#5310);
#5312=FILL_AREA_STYLE('',(#5311));
#5313=SURFACE_STYLE_FILL_AREA(#5312);
#5314=SURFACE_SIDE_STYLE('',(#5313));
#5315=SURFACE_STYLE_USAGE(.BOTH.,#5314);
#5316=PRESENTATION_STYLE_ASSIGNMENT((#5315));
#54=STYLED_ITEM('',(#5316),#5309);
#35=SHAPE_REPRESENTATION('main_frame',(#15),#33);
#36=ADVANCED_BREP_SHAPE_REPRESENTATION('main_frame',(#5309),#33);
#5324=SHAPE_REPRESENTATION_RELATIONSHIP('','',#35,#36);
#5325=CARTESIAN_POINT('',(0.,0.,0.));
#5326=DIRECTION('',(0.,0.,1.));
#5327=DIRECTION('',(1.,0.,0.));
#5328=AXIS2_PLACEMENT_3D('',#5325,#5326,#5327);
#5330=MAPPED_ITEM('',#5329,#5328);
#5329=REPRESENTATION_MAP(#5328,#35);
#5331=APPLICATION_CONTEXT('Managed model based 3d engineering');
#5332=APPLICATION_PROTOCOL_DEFINITION('international standard','ap242_managed_model_based_3d_engineering',2014,#5331);
#5333=PRODUCT_CONTEXT('',#5331,'mechanical');
#5334=PRODUCT_DEFINITION_CONTEXT('part definition',#5331,'design');
#43=PRODUCT('main_frame','main_frame','',(#5333));
#5335=PRODUCT_RELATED_PRODUCT_CATEGORY('part','',(#43));
#5336=PRODUCT_DEFINITION_FORMATION_WITH_SPECIFIED_SOURCE('','',#43,.NOT_KNOWN.);
#44=PRODUCT_DEFINITION('design','',#5336,#5334);
#42=PRODUCT_DEFINITION_SHAPE('','',#44);
#5337=SHAPE_DEFINITION_REPRESENTATION(#42,#35);
#34=DRAUGHTING_MODEL('',(#5330),#33);
#16=SHAPE_REPRESENTATION('root',(#15,#48),#10);
#5338=CARTESIAN_POINT('',(0.,0.,0.));
#5339=DIRECTION('',(0.,0.,1.));
#5340=DIRECTION('',(1.,0.,0.));
#5341=AXIS2_PLACEMENT_3D('',#5338,#5339,#5340);
#5343=MAPPED_ITEM('',#5342,#5341);
#5342=REPRESENTATION_MAP(#5341,#16);
#24=PRODUCT('root','root','',(#5333));
#5344=PRODUCT_RELATED_PRODUCT_CATEGORY('part','',(#24));
#5345=PRODUCT_DEFINITION_FORMATION_WITH_SPECIFIED_SOURCE('','',#24,.NOT_KNOWN.);
#25=PRODUCT_DEFINITION('design','',#5345,#5334);
#23=PRODUCT_DEFINITION_SHAPE('','',#25);
#5346=SHAPE_DEFINITION_REPRESENTATION(#23,#16);
#11=DRAUGHTING_MODEL('',(#5343),#10);
#5347=DESCRIPTIVE_REPRESENTATION_ITEM('KEY','C:\\Users\\13271\\AppData\\Local\\Packages\\Shapr3D.Shapr3D_dvv5p1vgwv6mp\\TempState\\836311f2-bf77-4cbf-b223-4ae5f27d80f0.tmp');
#5348=PROPERTY_DEFINITION('KEY','',#25);
#5349=REPRESENTATION('',(#5347),#10);
#5350=PROPERTY_DEFINITION_REPRESENTATION(#5348,#5349);
#5351=GENERAL_PROPERTY('','KEY','');
#5352=GENERAL_PROPERTY_ASSOCIATION('','',#5351,#5348);
#1=MECHANICAL_DESIGN_GEOMETRIC_PRESENTATION_REPRESENTATION('',(#54),#10);
ENDSEC;
END-ISO-10303-21;
