ISO-10303-21;
HEADER;

/* File generated by Shapr3D Version 5.1000.9900.0 */

FILE_DESCRIPTION(('HOOPS Exchange Step'),'2;1');

FILE_NAME('C:\\Users\\13271\\AppData\\Local\\Packages\\Shapr3D.Shapr3D_dvv5p1vgwv6mp\\TempState\\export\\temp_export',
'2025-12-02T18:56:19+08:00',
('13271'),
('Shapr3D Limited'),
'HOOPS Exchange 2025.7',
'Shapr3D',
'Authorized');

FILE_SCHEMA( ('AP242_MANAGED_MODEL_BASED_3D_ENGINEERING_MIM_LF {1 0 10303 442 1 1 4}') );

ENDSEC;

DATA;
#3=(NAMED_UNIT(*)PLANE_ANGLE_UNIT()SI_UNIT($,.RADIAN.));
#4=PLANE_ANGLE_MEASURE_WITH_UNIT(PLANE_ANGLE_MEASURE(0.0174532925),#3);
#5=(CONVERSION_BASED_UNIT('DEGREE',#4)NAMED_UNIT(#6)PLANE_ANGLE_UNIT());
#6=DIMENSIONAL_EXPONENTS(0.,0.,0.,0.,0.,0.,0.);
#7=(NAMED_UNIT(*)SI_UNIT($,.STERADIAN.)SOLID_ANGLE_UNIT());
#8=(LENGTH_UNIT()NAMED_UNIT(*)SI_UNIT(.MILLI.,.METRE.));
#9=UNCERTAINTY_MEASURE_WITH_UNIT(LENGTH_MEASURE(1.000000E-03),#8,'DISTANCE_ACCURACY_VALUE','Maximum Tolerance applied to model');
#10=(GEOMETRIC_REPRESENTATION_CONTEXT(3)GLOBAL_UNCERTAINTY_ASSIGNED_CONTEXT((#9))GLOBAL_UNIT_ASSIGNED_CONTEXT((#8,#5,#7))REPRESENTATION_CONTEXT('','root'));
#12=CARTESIAN_POINT('',(0.,0.,0.));
#13=DIRECTION('',(0.,0.,1.));
#14=DIRECTION('',(1.,0.,0.));
#15=AXIS2_PLACEMENT_3D('',#12,#13,#14);
#26=(NAMED_UNIT(*)PLANE_ANGLE_UNIT()SI_UNIT($,.RADIAN.));
#27=PLANE_ANGLE_MEASURE_WITH_UNIT(PLANE_ANGLE_MEASURE(0.0174532925),#26);
#28=(CONVERSION_BASED_UNIT('DEGREE',#27)NAMED_UNIT(#29)PLANE_ANGLE_UNIT());
#29=DIMENSIONAL_EXPONENTS(0.,0.,0.,0.,0.,0.,0.);
#30=(NAMED_UNIT(*)SI_UNIT($,.STERADIAN.)SOLID_ANGLE_UNIT());
#31=(LENGTH_UNIT()NAMED_UNIT(*)SI_UNIT(.MILLI.,.METRE.));
#32=UNCERTAINTY_MEASURE_WITH_UNIT(LENGTH_MEASURE(1.000000E-05),#31,'DISTANCE_ACCURACY_VALUE','Maximum Tolerance applied to model');
#33=(GEOMETRIC_REPRESENTATION_CONTEXT(3)GLOBAL_UNCERTAINTY_ASSIGNED_CONTEXT((#32))GLOBAL_UNIT_ASSIGNED_CONTEXT((#31,#28,#30))REPRESENTATION_CONTEXT('','main_frame'));
#45=CARTESIAN_POINT('',(0.,0.,0.));
#46=DIRECTION('',(0.,0.,1.));
#47=DIRECTION('',(1.,0.,-0.));
#48=AXIS2_PLACEMENT_3D('',#45,#46,#47);
#49=ITEM_DEFINED_TRANSFORMATION('','',#48,#15);
#50=(REPRESENTATION_RELATIONSHIP('','',#35,#16)REPRESENTATION_RELATIONSHIP_WITH_TRANSFORMATION(#49)SHAPE_REPRESENTATION_RELATIONSHIP());
#51=NEXT_ASSEMBLY_USAGE_OCCURRENCE('main_frame_1','main_frame','main_frame',#25,#44,$);
#52=PRODUCT_DEFINITION_SHAPE('','',#51);
#53=CONTEXT_DEPENDENT_SHAPE_REPRESENTATION(#50,#52);
#55=CARTESIAN_POINT('',(143.9198,-2.003388779,5.257459202));
#56=DIRECTION('',(-1.,0.,0.));
#57=DIRECTION('',(0.,0.,1.));
#58=AXIS2_PLACEMENT_3D('',#55,#56,#57);
#59=PLANE('',#58);
#60=CARTESIAN_POINT('',(143.9198,-29.19405,29.657459202));
#61=VERTEX_POINT('',#60);
#62=CARTESIAN_POINT('',(143.9198,-0.1,29.657459202));
#63=VERTEX_POINT('',#62);
#64=CARTESIAN_POINT('',(143.9198,-29.19405,29.657459202));
#65=DIRECTION('',(0.,1.,0.));
#66=VECTOR('',#65,29.09405);
#67=LINE('',#64,#66);
#68=EDGE_CURVE('NONE',#61,#63,#67,.T.);
#69=ORIENTED_EDGE('',*,*,#68,.T.);
#70=CARTESIAN_POINT('',(143.9198,-0.1,11.757459202));
#71=VERTEX_POINT('',#70);
#72=CARTESIAN_POINT('',(143.9198,-0.1,29.657459202));
#73=DIRECTION('',(0.,0.,-1.));
#74=VECTOR('',#73,17.9);
#75=LINE('',#72,#74);
#76=EDGE_CURVE('NONE',#63,#71,#75,.T.);
#77=ORIENTED_EDGE('',*,*,#76,.T.);
#78=CARTESIAN_POINT('',(143.9198,-20.303388779,11.757459202));
#79=VERTEX_POINT('',#78);
#80=CARTESIAN_POINT('',(143.9198,-0.1,11.757459202));
#81=DIRECTION('',(-0.,-1.,-0.));
#82=VECTOR('',#81,20.203388779);
#83=LINE('',#80,#82);
#84=EDGE_CURVE('NONE',#71,#79,#83,.T.);
#85=ORIENTED_EDGE('',*,*,#84,.T.);
#86=CARTESIAN_POINT('',(143.9198,-20.303388779,24.657459202));
#87=VERTEX_POINT('',#86);
#88=CARTESIAN_POINT('',(143.9198,-20.303388779,11.757459202));
#89=DIRECTION('',(0.,0.,1.));
#90=VECTOR('',#89,12.9);
#91=LINE('',#88,#90);
#92=EDGE_CURVE('NONE',#79,#87,#91,.T.);
#93=ORIENTED_EDGE('',*,*,#92,.T.);
#94=CARTESIAN_POINT('',(143.9198,-29.19405,24.657459202));
#95=VERTEX_POINT('',#94);
#96=CARTESIAN_POINT('',(143.9198,-20.303388779,24.657459202));
#97=DIRECTION('',(-0.,-1.,-0.));
#98=VECTOR('',#97,8.890661221);
#99=LINE('',#96,#98);
#100=EDGE_CURVE('NONE',#87,#95,#99,.T.);
#101=ORIENTED_EDGE('',*,*,#100,.T.);
#102=CARTESIAN_POINT('',(143.9198,-29.19405,24.657459202));
#103=DIRECTION('',(0.,0.,1.));
#104=VECTOR('',#103,5.);
#105=LINE('',#102,#104);
#106=EDGE_CURVE('NONE',#95,#61,#105,.T.);
#107=ORIENTED_EDGE('',*,*,#106,.T.);
#108=EDGE_LOOP('',(#69,#77,#85,#93,#101,#107));
#109=FACE_BOUND('',#108,.T.);
#110=ADVANCED_FACE('NONE',(#109),#59,.T.);
#111=CARTESIAN_POINT('',(0.3,-2.003388779,30.257459202));
#112=DIRECTION('',(0.,0.,1.));
#113=DIRECTION('',(1.,0.,0.));
#114=AXIS2_PLACEMENT_3D('',#111,#112,#113);
#115=PLANE('',#114);
#116=CARTESIAN_POINT('',(-143.9198,-29.197438779,30.257459202));
#117=VERTEX_POINT('',#116);
#118=CARTESIAN_POINT('',(-143.9198,-0.1,30.257459202));
#119=VERTEX_POINT('',#118);
#120=CARTESIAN_POINT('',(-143.9198,-29.197438779,30.257459202));
#121=DIRECTION('',(0.,1.,0.));
#122=VECTOR('',#121,29.097438779);
#123=LINE('',#120,#122);
#124=EDGE_CURVE('NONE',#117,#119,#123,.T.);
#125=ORIENTED_EDGE('',*,*,#124,.T.);
#126=CARTESIAN_POINT('',(-148.429850506,-0.1,30.257459202));
#127=VERTEX_POINT('',#126);
#128=CARTESIAN_POINT('',(-143.9198,-0.1,30.257459202));
#129=DIRECTION('',(-1.,0.,0.));
#130=VECTOR('',#129,4.510050506);
#131=LINE('',#128,#130);
#132=EDGE_CURVE('NONE',#119,#127,#131,.T.);
#133=ORIENTED_EDGE('',*,*,#132,.T.);
#134=CARTESIAN_POINT('',(-148.429850506,-52.747438779,30.257459204));
#135=VERTEX_POINT('',#134);
#136=CARTESIAN_POINT('',(-148.429850506,-0.1,30.257459202));
#137=DIRECTION('',(-0.,-1.,-0.));
#138=VECTOR('',#137,52.647438779);
#139=LINE('',#136,#138);
#140=EDGE_CURVE('NONE',#127,#135,#139,.T.);
#141=ORIENTED_EDGE('',*,*,#140,.T.);
#142=CARTESIAN_POINT('',(-143.4198,-57.757489284,30.257459203));
#143=VERTEX_POINT('',#142);
#144=CARTESIAN_POINT('',(-143.4198,-52.747438779,30.257459204));
#145=DIRECTION('',(-0.,-0.,1.));
#146=DIRECTION('',(-1.,0.,0.));
#147=AXIS2_PLACEMENT_3D('',#144,#145,#146);
#148=CIRCLE('',#147,5.010050507);
#149=EDGE_CURVE('NONE',#135,#143,#148,.T.);
#150=ORIENTED_EDGE('',*,*,#149,.T.);
#151=CARTESIAN_POINT('',(144.0198,-57.757489283,30.257459203));
#152=VERTEX_POINT('',#151);
#153=CARTESIAN_POINT('',(-143.4198,-57.757489285,30.257459202));
#154=DIRECTION('',(1.,0.,-0.));
#155=VECTOR('',#154,287.4396);
#156=LINE('',#153,#155);
#157=EDGE_CURVE('NONE',#143,#152,#156,.T.);
#158=ORIENTED_EDGE('',*,*,#157,.T.);
#159=CARTESIAN_POINT('',(149.029850506,-52.747438779,30.257459205));
#160=VERTEX_POINT('',#159);
#161=CARTESIAN_POINT('',(144.0198,-52.747438779,30.257459205));
#162=DIRECTION('',(-0.,-0.,1.));
#163=DIRECTION('',(-1.,0.,0.));
#164=AXIS2_PLACEMENT_3D('',#161,#162,#163);
#165=CIRCLE('',#164,5.010050506);
#166=EDGE_CURVE('NONE',#152,#160,#165,.T.);
#167=ORIENTED_EDGE('',*,*,#166,.T.);
#168=CARTESIAN_POINT('',(149.029850506,-0.1,30.257459202));
#169=VERTEX_POINT('',#168);
#170=CARTESIAN_POINT('',(149.029850506,-52.747438779,30.257459202));
#171=DIRECTION('',(0.,1.,0.));
#172=VECTOR('',#171,52.647438779);
#173=LINE('',#170,#172);
#174=EDGE_CURVE('NONE',#160,#169,#173,.T.);
#175=ORIENTED_EDGE('',*,*,#174,.T.);
#176=CARTESIAN_POINT('',(144.5198,-0.1,30.257459202));
#177=VERTEX_POINT('',#176);
#178=CARTESIAN_POINT('',(149.029850506,-0.1,30.257459202));
#179=DIRECTION('',(-1.,0.,0.));
#180=VECTOR('',#179,4.510050505);
#181=LINE('',#178,#180);
#182=EDGE_CURVE('NONE',#169,#177,#181,.T.);
#183=ORIENTED_EDGE('',*,*,#182,.T.);
#184=CARTESIAN_POINT('',(144.5198,-29.19405,30.257459202));
#185=VERTEX_POINT('',#184);
#186=CARTESIAN_POINT('',(144.5198,-0.1,30.257459202));
#187=DIRECTION('',(-0.,-1.,-0.));
#188=VECTOR('',#187,29.09405);
#189=LINE('',#186,#188);
#190=EDGE_CURVE('NONE',#177,#185,#189,.T.);
#191=ORIENTED_EDGE('',*,*,#190,.T.);
#192=CARTESIAN_POINT('',(141.9198,-31.79405,30.257459202));
#193=VERTEX_POINT('',#192);
#194=CARTESIAN_POINT('',(141.9198,-29.19405,30.257459202));
#195=DIRECTION('',(-0.,-0.,-1.));
#196=DIRECTION('',(1.,0.,-0.));
#197=AXIS2_PLACEMENT_3D('',#194,#195,#196);
#198=CIRCLE('',#197,2.6);
#199=EDGE_CURVE('NONE',#185,#193,#198,.T.);
#200=ORIENTED_EDGE('',*,*,#199,.T.);
#201=CARTESIAN_POINT('',(117.520790219,-31.79405,30.257459202));
#202=VERTEX_POINT('',#201);
#203=CARTESIAN_POINT('',(141.9198,-31.79405,30.257459202));
#204=DIRECTION('',(-1.,-0.,0.));
#205=VECTOR('',#204,24.399009781);
#206=LINE('',#203,#205);
#207=EDGE_CURVE('NONE',#193,#202,#206,.T.);
#208=ORIENTED_EDGE('',*,*,#207,.T.);
#209=CARTESIAN_POINT('',(116.120790219,-33.19405,30.257459202));
#210=VERTEX_POINT('',#209);
#211=CARTESIAN_POINT('',(117.520790219,-33.19405,30.257459202));
#212=DIRECTION('',(-0.,-0.,1.));
#213=DIRECTION('',(-1.,0.,0.));
#214=AXIS2_PLACEMENT_3D('',#211,#212,#213);
#215=CIRCLE('',#214,1.4);
#216=EDGE_CURVE('NONE',#202,#210,#215,.T.);
#217=ORIENTED_EDGE('',*,*,#216,.T.);
#218=CARTESIAN_POINT('',(116.120790219,-48.247438779,30.257459202));
#219=VERTEX_POINT('',#218);
#220=CARTESIAN_POINT('',(116.120790219,-33.19405,30.257459202));
#221=DIRECTION('',(-0.,-1.,-0.));
#222=VECTOR('',#221,15.053388779);
#223=LINE('',#220,#222);
#224=EDGE_CURVE('NONE',#210,#219,#223,.T.);
#225=ORIENTED_EDGE('',*,*,#224,.T.);
#226=CARTESIAN_POINT('',(113.520790219,-50.847438779,30.257459202));
#227=VERTEX_POINT('',#226);
#228=CARTESIAN_POINT('',(113.520790219,-48.247438779,30.257459202));
#229=DIRECTION('',(-0.,-0.,-1.));
#230=DIRECTION('',(1.,0.,-0.));
#231=AXIS2_PLACEMENT_3D('',#228,#229,#230);
#232=CIRCLE('',#231,2.6);
#233=EDGE_CURVE('NONE',#219,#227,#232,.T.);
#234=ORIENTED_EDGE('',*,*,#233,.T.);
#235=CARTESIAN_POINT('',(-112.9198,-50.847438779,30.257459202));
#236=VERTEX_POINT('',#235);
#237=CARTESIAN_POINT('',(113.520790219,-50.847438779,30.257459202));
#238=DIRECTION('',(-1.,-0.,0.));
#239=VECTOR('',#238,226.440590219);
#240=LINE('',#237,#239);
#241=EDGE_CURVE('NONE',#227,#236,#240,.T.);
#242=ORIENTED_EDGE('',*,*,#241,.T.);
#243=CARTESIAN_POINT('',(-115.5198,-48.247438779,30.257459202));
#244=VERTEX_POINT('',#243);
#245=CARTESIAN_POINT('',(-112.9198,-48.247438779,30.257459202));
#246=DIRECTION('',(-0.,-0.,-1.));
#247=DIRECTION('',(1.,0.,-0.));
#248=AXIS2_PLACEMENT_3D('',#245,#246,#247);
#249=CIRCLE('',#248,2.6);
#250=EDGE_CURVE('NONE',#236,#244,#249,.T.);
#251=ORIENTED_EDGE('',*,*,#250,.T.);
#252=CARTESIAN_POINT('',(-115.5198,-33.197438779,30.257459202));
#253=VERTEX_POINT('',#252);
#254=CARTESIAN_POINT('',(-115.5198,-48.247438779,30.257459202));
#255=DIRECTION('',(0.,1.,0.));
#256=VECTOR('',#255,15.05);
#257=LINE('',#254,#256);
#258=EDGE_CURVE('NONE',#244,#253,#257,.T.);
#259=ORIENTED_EDGE('',*,*,#258,.T.);
#260=CARTESIAN_POINT('',(-116.9198,-31.797438779,30.257459202));
#261=VERTEX_POINT('',#260);
#262=CARTESIAN_POINT('',(-116.9198,-33.197438779,30.257459202));
#263=DIRECTION('',(-0.,-0.,1.));
#264=DIRECTION('',(-1.,0.,0.));
#265=AXIS2_PLACEMENT_3D('',#262,#263,#264);
#266=CIRCLE('',#265,1.4);
#267=EDGE_CURVE('NONE',#253,#261,#266,.T.);
#268=ORIENTED_EDGE('',*,*,#267,.T.);
#269=CARTESIAN_POINT('',(-141.3198,-31.797438779,30.257459202));
#270=VERTEX_POINT('',#269);
#271=CARTESIAN_POINT('',(-116.9198,-31.797438779,30.257459202));
#272=DIRECTION('',(-1.,-0.,0.));
#273=VECTOR('',#272,24.4);
#274=LINE('',#271,#273);
#275=EDGE_CURVE('NONE',#261,#270,#274,.T.);
#276=ORIENTED_EDGE('',*,*,#275,.T.);
#277=CARTESIAN_POINT('',(-141.3198,-29.197438779,30.257459202));
#278=DIRECTION('',(-0.,-0.,-1.));
#279=DIRECTION('',(1.,0.,-0.));
#280=AXIS2_PLACEMENT_3D('',#277,#278,#279);
#281=CIRCLE('',#280,2.6);
#282=EDGE_CURVE('NONE',#270,#117,#281,.T.);
#283=ORIENTED_EDGE('',*,*,#282,.T.);
#284=EDGE_LOOP('',(#125,#133,#141,#150,#158,#167,#175,#183,#191,#200,#208,#217,#225,#234,#242,#251,#259,#268,#276,#283));
#285=FACE_BOUND('',#284,.T.);
#286=ADVANCED_FACE('NONE',(#285),#115,.T.);
#287=CARTESIAN_POINT('',(0.8,-2.003388779,24.457459202));
#288=DIRECTION('',(0.,0.,1.));
#289=DIRECTION('',(1.,0.,0.));
#290=AXIS2_PLACEMENT_3D('',#287,#288,#289);
#291=PLANE('',#290);
#292=CARTESIAN_POINT('',(125.424906052,-41.247438779,24.457459202));
#293=VERTEX_POINT('',#292);
#294=CARTESIAN_POINT('',(125.424906052,-50.247438779,24.457459202));
#295=VERTEX_POINT('',#294);
#296=CARTESIAN_POINT('',(125.424906052,-41.247438779,24.457459202));
#297=DIRECTION('',(-0.,-1.,-0.));
#298=VECTOR('',#297,9.);
#299=LINE('',#296,#298);
#300=EDGE_CURVE('NONE',#293,#295,#299,.T.);
#301=ORIENTED_EDGE('',*,*,#300,.T.);
#302=CARTESIAN_POINT('',(137.514906052,-50.247438779,24.457459202));
#303=VERTEX_POINT('',#302);
#304=CARTESIAN_POINT('',(137.514906052,-50.247438779,24.457459202));
#305=DIRECTION('',(-1.,-0.,0.));
#306=VECTOR('',#305,12.09);
#307=LINE('',#304,#306);
#308=EDGE_CURVE('NONE',#303,#295,#307,.T.);
#309=ORIENTED_EDGE('',*,*,#308,.F.);
#310=CARTESIAN_POINT('',(137.514906052,-41.247438779,24.457459202));
#311=VERTEX_POINT('',#310);
#312=CARTESIAN_POINT('',(137.514906052,-50.247438779,24.457459202));
#313=DIRECTION('',(0.,1.,0.));
#314=VECTOR('',#313,9.);
#315=LINE('',#312,#314);
#316=EDGE_CURVE('NONE',#303,#311,#315,.T.);
#317=ORIENTED_EDGE('',*,*,#316,.T.);
#318=CARTESIAN_POINT('',(137.514906052,-41.247438779,24.457459202));
#319=DIRECTION('',(-1.,-0.,0.));
#320=VECTOR('',#319,12.09);
#321=LINE('',#318,#320);
#322=EDGE_CURVE('NONE',#311,#293,#321,.T.);
#323=ORIENTED_EDGE('',*,*,#322,.T.);
#324=EDGE_LOOP('',(#301,#309,#317,#323));
#325=FACE_BOUND('',#324,.T.);
#326=CARTESIAN_POINT('',(-143.5198,-0.1,24.457459202));
#327=VERTEX_POINT('',#326);
#328=CARTESIAN_POINT('',(-146.3198,-0.1,24.457459202));
#329=VERTEX_POINT('',#328);
#330=CARTESIAN_POINT('',(-143.5198,-0.1,24.457459202));
#331=DIRECTION('',(-1.,0.,0.));
#332=VECTOR('',#331,2.8);
#333=LINE('',#330,#332);
#334=EDGE_CURVE('NONE',#327,#329,#333,.T.);
#335=ORIENTED_EDGE('',*,*,#334,.F.);
#336=CARTESIAN_POINT('',(-143.5198,-29.197438779,24.457459202));
#337=VERTEX_POINT('',#336);
#338=CARTESIAN_POINT('',(-143.5198,-0.1,24.457459202));
#339=DIRECTION('',(-0.,-1.,-0.));
#340=VECTOR('',#339,29.097438779);
#341=LINE('',#338,#340);
#342=EDGE_CURVE('NONE',#327,#337,#341,.T.);
#343=ORIENTED_EDGE('',*,*,#342,.T.);
#344=CARTESIAN_POINT('',(-141.3198,-31.397438779,24.457459202));
#345=VERTEX_POINT('',#344);
#346=CARTESIAN_POINT('',(-141.3198,-29.197438779,24.457459202));
#347=DIRECTION('',(-0.,-0.,1.));
#348=DIRECTION('',(-1.,0.,0.));
#349=AXIS2_PLACEMENT_3D('',#346,#347,#348);
#350=CIRCLE('',#349,2.2);
#351=EDGE_CURVE('NONE',#337,#345,#350,.T.);
#352=ORIENTED_EDGE('',*,*,#351,.T.);
#353=CARTESIAN_POINT('',(-116.9198,-31.397438779,24.457459202));
#354=VERTEX_POINT('',#353);
#355=CARTESIAN_POINT('',(-141.3198,-31.397438779,24.457459202));
#356=DIRECTION('',(1.,0.,-0.));
#357=VECTOR('',#356,24.4);
#358=LINE('',#355,#357);
#359=EDGE_CURVE('NONE',#345,#354,#358,.T.);
#360=ORIENTED_EDGE('',*,*,#359,.T.);
#361=CARTESIAN_POINT('',(-115.1198,-33.197438779,24.457459202));
#362=VERTEX_POINT('',#361);
#363=CARTESIAN_POINT('',(-116.9198,-33.197438779,24.457459202));
#364=DIRECTION('',(-0.,-0.,-1.));
#365=DIRECTION('',(1.,0.,-0.));
#366=AXIS2_PLACEMENT_3D('',#363,#364,#365);
#367=CIRCLE('',#366,1.8);
#368=EDGE_CURVE('NONE',#354,#362,#367,.T.);
#369=ORIENTED_EDGE('',*,*,#368,.T.);
#370=CARTESIAN_POINT('',(-115.1198,-48.247438779,24.457459202));
#371=VERTEX_POINT('',#370);
#372=CARTESIAN_POINT('',(-115.1198,-33.197438779,24.457459202));
#373=DIRECTION('',(-0.,-1.,-0.));
#374=VECTOR('',#373,15.05);
#375=LINE('',#372,#374);
#376=EDGE_CURVE('NONE',#362,#371,#375,.T.);
#377=ORIENTED_EDGE('',*,*,#376,.T.);
#378=CARTESIAN_POINT('',(-112.9198,-50.447438779,24.457459202));
#379=VERTEX_POINT('',#378);
#380=CARTESIAN_POINT('',(-112.9198,-48.247438779,24.457459202));
#381=DIRECTION('',(-0.,-0.,1.));
#382=DIRECTION('',(-1.,0.,0.));
#383=AXIS2_PLACEMENT_3D('',#380,#381,#382);
#384=CIRCLE('',#383,2.2);
#385=EDGE_CURVE('NONE',#371,#379,#384,.T.);
#386=ORIENTED_EDGE('',*,*,#385,.T.);
#387=CARTESIAN_POINT('',(113.520790219,-50.447438779,24.457459202));
#388=VERTEX_POINT('',#387);
#389=CARTESIAN_POINT('',(-112.9198,-50.447438779,24.457459202));
#390=DIRECTION('',(1.,0.,-0.));
#391=VECTOR('',#390,226.440590219);
#392=LINE('',#389,#391);
#393=EDGE_CURVE('NONE',#379,#388,#392,.T.);
#394=ORIENTED_EDGE('',*,*,#393,.T.);
#395=CARTESIAN_POINT('',(115.720790219,-48.247438779,24.457459202));
#396=VERTEX_POINT('',#395);
#397=CARTESIAN_POINT('',(113.520790219,-48.247438779,24.457459202));
#398=DIRECTION('',(-0.,-0.,1.));
#399=DIRECTION('',(-1.,0.,0.));
#400=AXIS2_PLACEMENT_3D('',#397,#398,#399);
#401=CIRCLE('',#400,2.2);
#402=EDGE_CURVE('NONE',#388,#396,#401,.T.);
#403=ORIENTED_EDGE('',*,*,#402,.T.);
#404=CARTESIAN_POINT('',(115.720790219,-33.19405,24.457459202));
#405=VERTEX_POINT('',#404);
#406=CARTESIAN_POINT('',(115.720790219,-48.247438779,24.457459202));
#407=DIRECTION('',(0.,1.,0.));
#408=VECTOR('',#407,15.053388779);
#409=LINE('',#406,#408);
#410=EDGE_CURVE('NONE',#396,#405,#409,.T.);
#411=ORIENTED_EDGE('',*,*,#410,.T.);
#412=CARTESIAN_POINT('',(117.520790219,-31.39405,24.457459202));
#413=VERTEX_POINT('',#412);
#414=CARTESIAN_POINT('',(117.520790219,-33.19405,24.457459202));
#415=DIRECTION('',(-0.,-0.,-1.));
#416=DIRECTION('',(1.,0.,-0.));
#417=AXIS2_PLACEMENT_3D('',#414,#415,#416);
#418=CIRCLE('',#417,1.8);
#419=EDGE_CURVE('NONE',#405,#413,#418,.T.);
#420=ORIENTED_EDGE('',*,*,#419,.T.);
#421=CARTESIAN_POINT('',(141.9198,-31.39405,24.457459202));
#422=VERTEX_POINT('',#421);
#423=CARTESIAN_POINT('',(117.520790219,-31.39405,24.457459202));
#424=DIRECTION('',(1.,0.,-0.));
#425=VECTOR('',#424,24.399009781);
#426=LINE('',#423,#425);
#427=EDGE_CURVE('NONE',#413,#422,#426,.T.);
#428=ORIENTED_EDGE('',*,*,#427,.T.);
#429=CARTESIAN_POINT('',(144.1198,-29.19405,24.457459202));
#430=VERTEX_POINT('',#429);
#431=CARTESIAN_POINT('',(141.9198,-29.19405,24.457459202));
#432=DIRECTION('',(-0.,-0.,1.));
#433=DIRECTION('',(-1.,0.,0.));
#434=AXIS2_PLACEMENT_3D('',#431,#432,#433);
#435=CIRCLE('',#434,2.2);
#436=EDGE_CURVE('NONE',#422,#430,#435,.T.);
#437=ORIENTED_EDGE('',*,*,#436,.T.);
#438=CARTESIAN_POINT('',(144.1198,-20.503388779,24.457459202));
#439=VERTEX_POINT('',#438);
#440=CARTESIAN_POINT('',(144.1198,-29.19405,24.457459202));
#441=DIRECTION('',(0.,1.,0.));
#442=VECTOR('',#441,8.690661221);
#443=LINE('',#440,#442);
#444=EDGE_CURVE('NONE',#430,#439,#443,.T.);
#445=ORIENTED_EDGE('',*,*,#444,.T.);
#446=CARTESIAN_POINT('',(144.6198,-21.003388779,24.457459202));
#447=VERTEX_POINT('',#446);
#448=CARTESIAN_POINT('',(144.1198,-20.503388779,24.457459202));
#449=DIRECTION('',(0.707106781,-0.707106781,0.));
#450=VECTOR('',#449,0.707106781);
#451=LINE('',#448,#450);
#452=EDGE_CURVE('NONE',#439,#447,#451,.T.);
#453=ORIENTED_EDGE('',*,*,#452,.T.);
#454=CARTESIAN_POINT('',(146.5198,-21.003388779,24.457459202));
#455=VERTEX_POINT('',#454);
#456=CARTESIAN_POINT('',(146.5198,-21.003388779,24.457459202));
#457=DIRECTION('',(-1.,-0.,0.));
#458=VECTOR('',#457,1.9);
#459=LINE('',#456,#458);
#460=EDGE_CURVE('NONE',#455,#447,#459,.T.);
#461=ORIENTED_EDGE('',*,*,#460,.F.);
#462=CARTESIAN_POINT('',(146.5198,-52.147438779,24.457459202));
#463=VERTEX_POINT('',#462);
#464=CARTESIAN_POINT('',(146.5198,-21.003388779,24.457459202));
#465=DIRECTION('',(-0.,-1.,-0.));
#466=VECTOR('',#465,31.14405);
#467=LINE('',#464,#466);
#468=EDGE_CURVE('NONE',#455,#463,#467,.T.);
#469=ORIENTED_EDGE('',*,*,#468,.T.);
#470=CARTESIAN_POINT('',(141.6198,-57.047438779,24.457459202));
#471=VERTEX_POINT('',#470);
#472=CARTESIAN_POINT('',(141.6198,-52.147438779,24.457459202));
#473=DIRECTION('',(0.,0.,-1.));
#474=DIRECTION('',(-1.,0.,0.));
#475=AXIS2_PLACEMENT_3D('',#472,#473,#474);
#476=CIRCLE('',#475,4.9);
#477=EDGE_CURVE('NONE',#463,#471,#476,.T.);
#478=ORIENTED_EDGE('',*,*,#477,.T.);
#479=CARTESIAN_POINT('',(-141.5198,-57.047438779,24.457459202));
#480=VERTEX_POINT('',#479);
#481=CARTESIAN_POINT('',(141.6198,-57.047438779,24.457459202));
#482=DIRECTION('',(-1.,-0.,0.));
#483=VECTOR('',#482,283.1396);
#484=LINE('',#481,#483);
#485=EDGE_CURVE('NONE',#471,#480,#484,.T.);
#486=ORIENTED_EDGE('',*,*,#485,.T.);
#487=CARTESIAN_POINT('',(-146.3198,-52.247438779,24.457459202));
#488=VERTEX_POINT('',#487);
#489=CARTESIAN_POINT('',(-141.5198,-52.247438779,24.457459202));
#490=DIRECTION('',(0.,0.,-1.));
#491=DIRECTION('',(-1.,0.,0.));
#492=AXIS2_PLACEMENT_3D('',#489,#490,#491);
#493=CIRCLE('',#492,4.8);
#494=EDGE_CURVE('NONE',#480,#488,#493,.T.);
#495=ORIENTED_EDGE('',*,*,#494,.T.);
#496=CARTESIAN_POINT('',(-146.3198,-52.247438779,24.457459202));
#497=DIRECTION('',(0.,1.,0.));
#498=VECTOR('',#497,52.147438779);
#499=LINE('',#496,#498);
#500=EDGE_CURVE('NONE',#488,#329,#499,.T.);
#501=ORIENTED_EDGE('',*,*,#500,.T.);
#502=EDGE_LOOP('',(#335,#343,#352,#360,#369,#377,#386,#394,#403,#411,#420,#428,#437,#445,#453,#461,#469,#478,#486,#495,#501));
#503=FACE_BOUND('',#502,.T.);
#504=ADVANCED_FACE('NONE',(#325,#503),#291,.F.);
#505=CARTESIAN_POINT('',(151.0198,31.868636221,24.957459202));
#506=DIRECTION('',(1.,0.,0.));
#507=DIRECTION('',(0.,1.,0.));
#508=AXIS2_PLACEMENT_3D('',#505,#506,#507);
#509=PLANE('',#508);
#510=CARTESIAN_POINT('',(151.0198,-0.1,13.264565985));
#511=VERTEX_POINT('',#510);
#512=CARTESIAN_POINT('',(151.0198,-0.1,28.267509708));
#513=VERTEX_POINT('',#512);
#514=CARTESIAN_POINT('',(151.0198,-0.1,13.264565985));
#515=DIRECTION('',(0.,0.,1.));
#516=VECTOR('',#515,15.002943723);
#517=LINE('',#514,#516);
#518=EDGE_CURVE('NONE',#511,#513,#517,.T.);
#519=ORIENTED_EDGE('',*,*,#518,.T.);
#520=CARTESIAN_POINT('',(151.0198,-52.747438779,28.267509704));
#521=VERTEX_POINT('',#520);
#522=CARTESIAN_POINT('',(151.0198,-0.1,28.267509708));
#523=DIRECTION('',(-0.,-1.,-0.));
#524=VECTOR('',#523,52.647438779);
#525=LINE('',#522,#524);
#526=EDGE_CURVE('NONE',#513,#521,#525,.T.);
#527=ORIENTED_EDGE('',*,*,#526,.T.);
#528=CARTESIAN_POINT('',(151.019799997,-52.747438777,13.264565985));
#529=VERTEX_POINT('',#528);
#530=CARTESIAN_POINT('',(151.0198,-52.747438779,28.267509704));
#531=DIRECTION('',(-0.,-0.,-1.));
#532=VECTOR('',#531,15.002943718);
#533=LINE('',#530,#532);
#534=EDGE_CURVE('NONE',#521,#529,#533,.T.);
#535=ORIENTED_EDGE('',*,*,#534,.T.);
#536=CARTESIAN_POINT('',(151.0198,-52.747438777,13.264565985));
#537=DIRECTION('',(0.,1.,0.));
#538=VECTOR('',#537,52.647438777);
#539=LINE('',#536,#538);
#540=EDGE_CURVE('NONE',#529,#511,#539,.T.);
#541=ORIENTED_EDGE('',*,*,#540,.T.);
#542=EDGE_LOOP('',(#519,#527,#535,#541));
#543=FACE_BOUND('',#542,.T.);
#544=ADVANCED_FACE('NONE',(#543),#509,.T.);
#545=CARTESIAN_POINT('',(-150.4198,28.868636221,24.957459202));
#546=DIRECTION('',(1.,0.,0.));
#547=DIRECTION('',(0.,1.,0.));
#548=AXIS2_PLACEMENT_3D('',#545,#546,#547);
#549=PLANE('',#548);
#550=CARTESIAN_POINT('',(-150.419799998,-52.747438778,28.267509704));
#551=VERTEX_POINT('',#550);
#552=CARTESIAN_POINT('',(-150.4198,-0.1,28.267509705));
#553=VERTEX_POINT('',#552);
#554=CARTESIAN_POINT('',(-150.4198,-52.747438778,28.267509705));
#555=DIRECTION('',(0.,1.,0.));
#556=VECTOR('',#555,52.647438778);
#557=LINE('',#554,#556);
#558=EDGE_CURVE('NONE',#551,#553,#557,.T.);
#559=ORIENTED_EDGE('',*,*,#558,.T.);
#560=CARTESIAN_POINT('',(-150.4198,-0.1,13.264565985));
#561=VERTEX_POINT('',#560);
#562=CARTESIAN_POINT('',(-150.4198,-0.1,13.264565985));
#563=DIRECTION('',(0.,0.,1.));
#564=VECTOR('',#563,15.00294372);
#565=LINE('',#562,#564);
#566=EDGE_CURVE('NONE',#561,#553,#565,.T.);
#567=ORIENTED_EDGE('',*,*,#566,.F.);
#568=CARTESIAN_POINT('',(-150.419799997,-52.747438779,13.264565989));
#569=VERTEX_POINT('',#568);
#570=CARTESIAN_POINT('',(-150.4198,-0.1,13.264565985));
#571=DIRECTION('',(-0.,-1.,-0.));
#572=VECTOR('',#571,52.647438779);
#573=LINE('',#570,#572);
#574=EDGE_CURVE('NONE',#561,#569,#573,.T.);
#575=ORIENTED_EDGE('',*,*,#574,.T.);
#576=CARTESIAN_POINT('',(-150.4198,-52.747438779,13.264565989));
#577=DIRECTION('',(0.,0.,1.));
#578=VECTOR('',#577,15.002943716);
#579=LINE('',#576,#578);
#580=EDGE_CURVE('NONE',#569,#551,#579,.T.);
#581=ORIENTED_EDGE('',*,*,#580,.T.);
#582=EDGE_LOOP('',(#559,#567,#575,#581));
#583=FACE_BOUND('',#582,.T.);
#584=ADVANCED_FACE('NONE',(#583),#549,.F.);
#585=CARTESIAN_POINT('',(-143.3198,-2.003388779,6.257459202));
#586=DIRECTION('',(1.,0.,0.));
#587=DIRECTION('',(0.,1.,0.));
#588=AXIS2_PLACEMENT_3D('',#585,#586,#587);
#589=PLANE('',#588);
#590=CARTESIAN_POINT('',(-143.3198,-0.1,24.657459202));
#591=VERTEX_POINT('',#590);
#592=CARTESIAN_POINT('',(-143.3198,-0.1,29.657459202));
#593=VERTEX_POINT('',#592);
#594=CARTESIAN_POINT('',(-143.3198,-0.1,24.657459202));
#595=DIRECTION('',(0.,0.,1.));
#596=VECTOR('',#595,5.);
#597=LINE('',#594,#596);
#598=EDGE_CURVE('NONE',#591,#593,#597,.T.);
#599=ORIENTED_EDGE('',*,*,#598,.T.);
#600=CARTESIAN_POINT('',(-143.319800001,-29.197438779,29.657459201));
#601=VERTEX_POINT('',#600);
#602=CARTESIAN_POINT('',(-143.3198,-0.1,29.657459202));
#603=DIRECTION('',(-0.,-1.,-0.));
#604=VECTOR('',#603,29.097438779);
#605=LINE('',#602,#604);
#606=EDGE_CURVE('NONE',#593,#601,#605,.T.);
#607=ORIENTED_EDGE('',*,*,#606,.T.);
#608=CARTESIAN_POINT('',(-143.3198,-29.197438779,24.657459202));
#609=VERTEX_POINT('',#608);
#610=CARTESIAN_POINT('',(-143.3198,-29.197438779,29.657459201));
#611=DIRECTION('',(-0.,-0.,-1.));
#612=VECTOR('',#611,4.999999999);
#613=LINE('',#610,#612);
#614=EDGE_CURVE('NONE',#601,#609,#613,.T.);
#615=ORIENTED_EDGE('',*,*,#614,.T.);
#616=CARTESIAN_POINT('',(-143.3198,-29.197438779,24.657459202));
#617=DIRECTION('',(0.,1.,0.));
#618=VECTOR('',#617,29.097438779);
#619=LINE('',#616,#618);
#620=EDGE_CURVE('NONE',#609,#591,#619,.T.);
#621=ORIENTED_EDGE('',*,*,#620,.T.);
#622=EDGE_LOOP('',(#599,#607,#615,#621));
#623=FACE_BOUND('',#622,.T.);
#624=ADVANCED_FACE('NONE',(#623),#589,.T.);
#625=CARTESIAN_POINT('',(-0.05,-1.803388779,11.557459202));
#626=DIRECTION('',(0.,0.,-1.));
#627=DIRECTION('',(0.,-1.,0.));
#628=AXIS2_PLACEMENT_3D('',#625,#626,#627);
#629=PLANE('',#628);
#630=CARTESIAN_POINT('',(145.869799999,1.8,11.557459202));
#631=VERTEX_POINT('',#630);
#632=CARTESIAN_POINT('',(145.269799999,1.8,11.557459202));
#633=VERTEX_POINT('',#632);
#634=CARTESIAN_POINT('',(145.869799999,1.8,11.557459202));
#635=DIRECTION('',(-1.,0.,0.));
#636=VECTOR('',#635,0.6);
#637=LINE('',#634,#636);
#638=EDGE_CURVE('',#631,#633,#637,.T.);
#639=ORIENTED_EDGE('',*,*,#638,.T.);
#640=CARTESIAN_POINT('',(145.069799999,2.,11.557459202));
#641=VERTEX_POINT('',#640);
#642=CARTESIAN_POINT('',(145.269799999,2.,11.557459202));
#643=DIRECTION('',(0.,0.,-1.));
#644=DIRECTION('',(-1.,0.,0.));
#645=AXIS2_PLACEMENT_3D('',#642,#643,#644);
#646=CIRCLE('',#645,0.2);
#647=EDGE_CURVE('',#633,#641,#646,.T.);
#648=ORIENTED_EDGE('',*,*,#647,.T.);
#649=CARTESIAN_POINT('',(145.069799999,3.4,11.557459202));
#650=VERTEX_POINT('',#649);
#651=CARTESIAN_POINT('',(145.069799999,2.,11.557459202));
#652=DIRECTION('',(-0.,1.,-0.));
#653=VECTOR('',#652,1.4);
#654=LINE('',#651,#653);
#655=EDGE_CURVE('',#641,#650,#654,.T.);
#656=ORIENTED_EDGE('',*,*,#655,.T.);
#657=CARTESIAN_POINT('',(145.269799999,3.6,11.557459202));
#658=VERTEX_POINT('',#657);
#659=CARTESIAN_POINT('',(145.269799999,3.4,11.557459202));
#660=DIRECTION('',(0.,0.,-1.));
#661=DIRECTION('',(-1.,0.,0.));
#662=AXIS2_PLACEMENT_3D('',#659,#660,#661);
#663=CIRCLE('',#662,0.2);
#664=EDGE_CURVE('',#650,#658,#663,.T.);
#665=ORIENTED_EDGE('',*,*,#664,.T.);
#666=CARTESIAN_POINT('',(148.869799999,3.6,11.557459202));
#667=VERTEX_POINT('',#666);
#668=CARTESIAN_POINT('',(145.269799999,3.6,11.557459202));
#669=DIRECTION('',(1.,-0.,-0.));
#670=VECTOR('',#669,3.6);
#671=LINE('',#668,#670);
#672=EDGE_CURVE('',#658,#667,#671,.T.);
#673=ORIENTED_EDGE('',*,*,#672,.T.);
#674=CARTESIAN_POINT('',(149.069799999,3.4,11.557459202));
#675=VERTEX_POINT('',#674);
#676=CARTESIAN_POINT('',(148.869799999,3.4,11.557459202));
#677=DIRECTION('',(0.,0.,-1.));
#678=DIRECTION('',(-1.,0.,0.));
#679=AXIS2_PLACEMENT_3D('',#676,#677,#678);
#680=CIRCLE('',#679,0.2);
#681=EDGE_CURVE('',#667,#675,#680,.T.);
#682=ORIENTED_EDGE('',*,*,#681,.T.);
#683=CARTESIAN_POINT('',(149.069799999,2.,11.557459202));
#684=VERTEX_POINT('',#683);
#685=CARTESIAN_POINT('',(149.069799999,3.4,11.557459202));
#686=DIRECTION('',(0.,-1.,0.));
#687=VECTOR('',#686,1.4);
#688=LINE('',#685,#687);
#689=EDGE_CURVE('',#675,#684,#688,.T.);
#690=ORIENTED_EDGE('',*,*,#689,.T.);
#691=CARTESIAN_POINT('',(148.869799999,1.8,11.557459202));
#692=VERTEX_POINT('',#691);
#693=CARTESIAN_POINT('',(148.869799999,2.,11.557459202));
#694=DIRECTION('',(0.,0.,-1.));
#695=DIRECTION('',(-1.,0.,0.));
#696=AXIS2_PLACEMENT_3D('',#693,#694,#695);
#697=CIRCLE('',#696,0.2);
#698=EDGE_CURVE('',#684,#692,#697,.T.);
#699=ORIENTED_EDGE('',*,*,#698,.T.);
#700=CARTESIAN_POINT('',(148.469799999,1.8,11.557459202));
#701=VERTEX_POINT('',#700);
#702=CARTESIAN_POINT('',(148.869799999,1.8,11.557459202));
#703=DIRECTION('',(-1.,0.,0.));
#704=VECTOR('',#703,0.4);
#705=LINE('',#702,#704);
#706=EDGE_CURVE('',#692,#701,#705,.T.);
#707=ORIENTED_EDGE('',*,*,#706,.T.);
#708=CARTESIAN_POINT('',(148.269799999,1.6,11.557459202));
#709=VERTEX_POINT('',#708);
#710=CARTESIAN_POINT('',(148.469799999,1.6,11.557459202));
#711=DIRECTION('',(-0.,-0.,1.));
#712=DIRECTION('',(-1.,0.,0.));
#713=AXIS2_PLACEMENT_3D('',#710,#711,#712);
#714=CIRCLE('',#713,0.2);
#715=EDGE_CURVE('',#701,#709,#714,.T.);
#716=ORIENTED_EDGE('',*,*,#715,.T.);
#717=CARTESIAN_POINT('',(148.269799999,0.1,11.557459202));
#718=VERTEX_POINT('',#717);
#719=CARTESIAN_POINT('',(148.269799999,1.6,11.557459202));
#720=DIRECTION('',(0.,-1.,0.));
#721=VECTOR('',#720,1.5);
#722=LINE('',#719,#721);
#723=EDGE_CURVE('',#709,#718,#722,.T.);
#724=ORIENTED_EDGE('',*,*,#723,.T.);
#725=CARTESIAN_POINT('',(148.469799999,-0.1,11.557459202));
#726=VERTEX_POINT('',#725);
#727=CARTESIAN_POINT('',(148.469799999,0.1,11.557459202));
#728=DIRECTION('',(-0.,-0.,1.));
#729=DIRECTION('',(-1.,0.,0.));
#730=AXIS2_PLACEMENT_3D('',#727,#728,#729);
#731=CIRCLE('',#730,0.2);
#732=EDGE_CURVE('',#718,#726,#731,.T.);
#733=ORIENTED_EDGE('',*,*,#732,.T.);
#734=CARTESIAN_POINT('',(149.31269322,-0.1,11.557459202));
#735=VERTEX_POINT('',#734);
#736=CARTESIAN_POINT('',(148.469799999,-0.1,11.557459202));
#737=DIRECTION('',(1.,0.,-0.));
#738=VECTOR('',#737,0.842893221);
#739=LINE('',#736,#738);
#740=EDGE_CURVE('',#726,#735,#739,.T.);
#741=ORIENTED_EDGE('',*,*,#740,.T.);
#742=CARTESIAN_POINT('',(149.31269322,-52.747438779,11.557459202));
#743=VERTEX_POINT('',#742);
#744=CARTESIAN_POINT('',(149.31269322,-0.1,11.557459202));
#745=DIRECTION('',(0.,-1.,0.));
#746=VECTOR('',#745,52.647438779);
#747=LINE('',#744,#746);
#748=EDGE_CURVE('NONE',#735,#743,#747,.T.);
#749=ORIENTED_EDGE('',*,*,#748,.T.);
#750=CARTESIAN_POINT('',(144.0198,-58.040331997,11.557459202));
#751=VERTEX_POINT('',#750);
#752=CARTESIAN_POINT('',(144.0198,-52.747438779,11.557459202));
#753=DIRECTION('',(-0.,-0.,-1.));
#754=DIRECTION('',(1.,0.,-0.));
#755=AXIS2_PLACEMENT_3D('',#752,#753,#754);
#756=CIRCLE('',#755,5.292893219);
#757=EDGE_CURVE('NONE',#743,#751,#756,.T.);
#758=ORIENTED_EDGE('',*,*,#757,.T.);
#759=CARTESIAN_POINT('',(-143.4198,-58.040331997,11.557459201));
#760=VERTEX_POINT('',#759);
#761=CARTESIAN_POINT('',(144.0198,-58.040331998,11.557459202));
#762=DIRECTION('',(-1.,0.,0.));
#763=VECTOR('',#762,287.4396);
#764=LINE('',#761,#763);
#765=EDGE_CURVE('NONE',#751,#760,#764,.T.);
#766=ORIENTED_EDGE('',*,*,#765,.T.);
#767=CARTESIAN_POINT('',(-148.712693219,-52.747438779,11.5574592));
#768=VERTEX_POINT('',#767);
#769=CARTESIAN_POINT('',(-143.4198,-52.747438779,11.5574592));
#770=DIRECTION('',(-0.,-0.,-1.));
#771=DIRECTION('',(1.,0.,-0.));
#772=AXIS2_PLACEMENT_3D('',#769,#770,#771);
#773=CIRCLE('',#772,5.292893218);
#774=EDGE_CURVE('NONE',#760,#768,#773,.T.);
#775=ORIENTED_EDGE('',*,*,#774,.T.);
#776=CARTESIAN_POINT('',(-148.712693219,-0.1,11.557459202));
#777=VERTEX_POINT('',#776);
#778=CARTESIAN_POINT('',(-148.712693219,-52.747438779,11.557459202));
#779=DIRECTION('',(-0.,1.,-0.));
#780=VECTOR('',#779,52.647438779);
#781=LINE('',#778,#780);
#782=EDGE_CURVE('NONE',#768,#777,#781,.T.);
#783=ORIENTED_EDGE('',*,*,#782,.T.);
#784=CARTESIAN_POINT('',(-147.9698,-0.1,11.557459202));
#785=VERTEX_POINT('',#784);
#786=CARTESIAN_POINT('',(-148.712693219,-0.1,11.557459202));
#787=DIRECTION('',(1.,0.,-0.));
#788=VECTOR('',#787,0.742893219);
#789=LINE('',#786,#788);
#790=EDGE_CURVE('NONE',#777,#785,#789,.T.);
#791=ORIENTED_EDGE('',*,*,#790,.T.);
#792=CARTESIAN_POINT('',(-147.7698,0.1,11.557459202));
#793=VERTEX_POINT('',#792);
#794=CARTESIAN_POINT('',(-147.9698,0.1,11.557459202));
#795=DIRECTION('',(-0.,-0.,1.));
#796=DIRECTION('',(-1.,0.,0.));
#797=AXIS2_PLACEMENT_3D('',#794,#795,#796);
#798=CIRCLE('',#797,0.2);
#799=EDGE_CURVE('',#785,#793,#798,.T.);
#800=ORIENTED_EDGE('',*,*,#799,.T.);
#801=CARTESIAN_POINT('',(-147.7698,1.5,11.557459202));
#802=VERTEX_POINT('',#801);
#803=CARTESIAN_POINT('',(-147.7698,0.1,11.557459202));
#804=DIRECTION('',(0.,1.,0.));
#805=VECTOR('',#804,1.4);
#806=LINE('',#803,#805);
#807=EDGE_CURVE('',#793,#802,#806,.T.);
#808=ORIENTED_EDGE('',*,*,#807,.T.);
#809=CARTESIAN_POINT('',(-147.9698,1.7,11.557459202));
#810=VERTEX_POINT('',#809);
#811=CARTESIAN_POINT('',(-147.9698,1.5,11.557459202));
#812=DIRECTION('',(-0.,-0.,1.));
#813=DIRECTION('',(-1.,0.,0.));
#814=AXIS2_PLACEMENT_3D('',#811,#812,#813);
#815=CIRCLE('',#814,0.2);
#816=EDGE_CURVE('',#802,#810,#815,.T.);
#817=ORIENTED_EDGE('',*,*,#816,.T.);
#818=CARTESIAN_POINT('',(-148.2698,1.7,11.557459202));
#819=VERTEX_POINT('',#818);
#820=CARTESIAN_POINT('',(-147.9698,1.7,11.557459202));
#821=DIRECTION('',(-1.,0.,0.));
#822=VECTOR('',#821,0.3);
#823=LINE('',#820,#822);
#824=EDGE_CURVE('',#810,#819,#823,.T.);
#825=ORIENTED_EDGE('',*,*,#824,.T.);
#826=CARTESIAN_POINT('',(-148.4698,1.9,11.557459202));
#827=VERTEX_POINT('',#826);
#828=CARTESIAN_POINT('',(-148.2698,1.9,11.557459202));
#829=DIRECTION('',(0.,0.,-1.));
#830=DIRECTION('',(-1.,0.,0.));
#831=AXIS2_PLACEMENT_3D('',#828,#829,#830);
#832=CIRCLE('',#831,0.2);
#833=EDGE_CURVE('',#819,#827,#832,.T.);
#834=ORIENTED_EDGE('',*,*,#833,.T.);
#835=CARTESIAN_POINT('',(-148.4698,2.9,11.557459202));
#836=VERTEX_POINT('',#835);
#837=CARTESIAN_POINT('',(-148.4698,1.9,11.557459202));
#838=DIRECTION('',(0.,1.,0.));
#839=VECTOR('',#838,1.);
#840=LINE('',#837,#839);
#841=EDGE_CURVE('',#827,#836,#840,.T.);
#842=ORIENTED_EDGE('',*,*,#841,.T.);
#843=CARTESIAN_POINT('',(-148.2698,3.1,11.557459202));
#844=VERTEX_POINT('',#843);
#845=CARTESIAN_POINT('',(-148.2698,2.9,11.557459202));
#846=DIRECTION('',(0.,0.,-1.));
#847=DIRECTION('',(-1.,0.,0.));
#848=AXIS2_PLACEMENT_3D('',#845,#846,#847);
#849=CIRCLE('',#848,0.2);
#850=EDGE_CURVE('',#836,#844,#849,.T.);
#851=ORIENTED_EDGE('',*,*,#850,.T.);
#852=CARTESIAN_POINT('',(-146.7198,3.1,11.557459202));
#853=VERTEX_POINT('',#852);
#854=CARTESIAN_POINT('',(-148.2698,3.1,11.557459202));
#855=DIRECTION('',(1.,-0.,-0.));
#856=VECTOR('',#855,1.55);
#857=LINE('',#854,#856);
#858=EDGE_CURVE('',#844,#853,#857,.T.);
#859=ORIENTED_EDGE('',*,*,#858,.T.);
#860=CARTESIAN_POINT('',(-146.7198,-52.247438779,11.557459202));
#861=VERTEX_POINT('',#860);
#862=CARTESIAN_POINT('',(-146.7198,3.1,11.557459202));
#863=DIRECTION('',(0.,-1.,0.));
#864=VECTOR('',#863,55.347438779);
#865=LINE('',#862,#864);
#866=EDGE_CURVE('NONE',#853,#861,#865,.T.);
#867=ORIENTED_EDGE('',*,*,#866,.T.);
#868=CARTESIAN_POINT('',(-141.5198,-57.447438779,11.557459202));
#869=VERTEX_POINT('',#868);
#870=CARTESIAN_POINT('',(-141.5198,-52.247438779,11.557459202));
#871=DIRECTION('',(-0.,-0.,1.));
#872=DIRECTION('',(-1.,0.,0.));
#873=AXIS2_PLACEMENT_3D('',#870,#871,#872);
#874=CIRCLE('',#873,5.2);
#875=EDGE_CURVE('NONE',#861,#869,#874,.T.);
#876=ORIENTED_EDGE('',*,*,#875,.T.);
#877=CARTESIAN_POINT('',(141.6198,-57.447438779,11.557459202));
#878=VERTEX_POINT('',#877);
#879=CARTESIAN_POINT('',(-141.5198,-57.447438779,11.557459202));
#880=DIRECTION('',(1.,-0.,-0.));
#881=VECTOR('',#880,283.1396);
#882=LINE('',#879,#881);
#883=EDGE_CURVE('NONE',#869,#878,#882,.T.);
#884=ORIENTED_EDGE('',*,*,#883,.T.);
#885=CARTESIAN_POINT('',(146.9198,-52.147438779,11.557459202));
#886=VERTEX_POINT('',#885);
#887=CARTESIAN_POINT('',(141.6198,-52.147438779,11.557459202));
#888=DIRECTION('',(-0.,-0.,1.));
#889=DIRECTION('',(-1.,0.,0.));
#890=AXIS2_PLACEMENT_3D('',#887,#888,#889);
#891=CIRCLE('',#890,5.3);
#892=EDGE_CURVE('NONE',#878,#886,#891,.T.);
#893=ORIENTED_EDGE('',*,*,#892,.T.);
#894=CARTESIAN_POINT('',(146.9198,-20.803388779,11.557459202));
#895=VERTEX_POINT('',#894);
#896=CARTESIAN_POINT('',(146.9198,-52.147438779,11.557459202));
#897=DIRECTION('',(-0.,1.,-0.));
#898=VECTOR('',#897,31.34405);
#899=LINE('',#896,#898);
#900=EDGE_CURVE('NONE',#886,#895,#899,.T.);
#901=ORIENTED_EDGE('',*,*,#900,.T.);
#902=CARTESIAN_POINT('',(144.702642712,-20.803388779,11.557459202));
#903=VERTEX_POINT('',#902);
#904=CARTESIAN_POINT('',(146.9198,-20.803388779,11.557459202));
#905=DIRECTION('',(-1.,0.,0.));
#906=VECTOR('',#905,2.217157288);
#907=LINE('',#904,#906);
#908=EDGE_CURVE('NONE',#895,#903,#907,.T.);
#909=ORIENTED_EDGE('',*,*,#908,.T.);
#910=CARTESIAN_POINT('',(144.1198,-20.220546066,11.557459202));
#911=VERTEX_POINT('',#910);
#912=CARTESIAN_POINT('',(144.702642712,-20.803388779,11.557459202));
#913=DIRECTION('',(-0.707106781,0.707106782,0.));
#914=VECTOR('',#913,0.824264069);
#915=LINE('',#912,#914);
#916=EDGE_CURVE('NONE',#903,#911,#915,.T.);
#917=ORIENTED_EDGE('',*,*,#916,.T.);
#918=CARTESIAN_POINT('',(144.1198,-0.1,11.557459202));
#919=VERTEX_POINT('',#918);
#920=CARTESIAN_POINT('',(144.1198,-20.220546066,11.557459202));
#921=DIRECTION('',(-0.,1.,-0.));
#922=VECTOR('',#921,20.120546066);
#923=LINE('',#920,#922);
#924=EDGE_CURVE('NONE',#911,#919,#923,.T.);
#925=ORIENTED_EDGE('',*,*,#924,.T.);
#926=CARTESIAN_POINT('',(145.669799999,-0.1,11.557459202));
#927=VERTEX_POINT('',#926);
#928=CARTESIAN_POINT('',(144.1198,-0.1,11.557459202));
#929=DIRECTION('',(1.,0.,-0.));
#930=VECTOR('',#929,1.549999999);
#931=LINE('',#928,#930);
#932=EDGE_CURVE('NONE',#919,#927,#931,.T.);
#933=ORIENTED_EDGE('',*,*,#932,.T.);
#934=CARTESIAN_POINT('',(145.869799999,0.1,11.557459202));
#935=VERTEX_POINT('',#934);
#936=CARTESIAN_POINT('',(145.669799999,0.1,11.557459202));
#937=DIRECTION('',(-0.,-0.,1.));
#938=DIRECTION('',(-1.,0.,0.));
#939=AXIS2_PLACEMENT_3D('',#936,#937,#938);
#940=CIRCLE('',#939,0.2);
#941=EDGE_CURVE('',#927,#935,#940,.T.);
#942=ORIENTED_EDGE('',*,*,#941,.T.);
#943=CARTESIAN_POINT('',(145.869799999,0.1,11.557459202));
#944=DIRECTION('',(-0.,1.,-0.));
#945=VECTOR('',#944,1.7);
#946=LINE('',#943,#945);
#947=EDGE_CURVE('',#935,#631,#946,.T.);
#948=ORIENTED_EDGE('',*,*,#947,.T.);
#949=EDGE_LOOP('',(#639,#648,#656,#665,#673,#682,#690,#699,#707,#716,#724,#733,#741,#749,#758,#766,#775,#783,#791,#800,#808,#817,#825,#834,#842,#851,
#859,#867,#876,#884,#893,#901,#909,#917,#925,#933,#942,#948));
#950=FACE_BOUND('',#949,.T.);
#951=ADVANCED_FACE('NONE',(#950),#629,.T.);
#952=CARTESIAN_POINT('',(-146.5198,25.368636221,24.967459202));
#953=DIRECTION('',(-1.,0.,0.));
#954=DIRECTION('',(0.,0.,1.));
#955=AXIS2_PLACEMENT_3D('',#952,#953,#954);
#956=PLANE('',#955);
#957=CARTESIAN_POINT('',(-146.5198,-43.625413779,14.487459202));
#958=VERTEX_POINT('',#957);
#959=CARTESIAN_POINT('',(-146.5198,-43.625413779,15.782484455));
#960=VERTEX_POINT('',#959);
#961=CARTESIAN_POINT('',(-146.5198,-43.625413779,14.487459202));
#962=DIRECTION('',(0.,0.,1.));
#963=VECTOR('',#962,1.295025253);
#964=LINE('',#961,#963);
#965=EDGE_CURVE('NONE',#958,#960,#964,.T.);
#966=ORIENTED_EDGE('',*,*,#965,.T.);
#967=CARTESIAN_POINT('',(-146.5198,-42.925413779,16.772433949));
#968=VERTEX_POINT('',#967);
#969=CARTESIAN_POINT('',(-146.5198,-43.625413779,15.782484455));
#970=DIRECTION('',(0.,0.577350269,0.816496581));
#971=VECTOR('',#970,1.212435566);
#972=LINE('',#969,#971);
#973=EDGE_CURVE('NONE',#960,#968,#972,.T.);
#974=ORIENTED_EDGE('',*,*,#973,.T.);
#975=CARTESIAN_POINT('',(-146.5198,-14.325413778,16.772433949));
#976=VERTEX_POINT('',#975);
#977=CARTESIAN_POINT('',(-146.5198,-42.925413779,16.772433949));
#978=DIRECTION('',(0.,1.,0.));
#979=VECTOR('',#978,28.600000001);
#980=LINE('',#977,#979);
#981=EDGE_CURVE('NONE',#968,#976,#980,.T.);
#982=ORIENTED_EDGE('',*,*,#981,.T.);
#983=CARTESIAN_POINT('',(-146.5198,-13.625413779,15.782484455));
#984=VERTEX_POINT('',#983);
#985=CARTESIAN_POINT('',(-146.5198,-14.325413778,16.772433949));
#986=DIRECTION('',(0.,0.577350269,-0.816496581));
#987=VECTOR('',#986,1.212435565);
#988=LINE('',#985,#987);
#989=EDGE_CURVE('NONE',#976,#984,#988,.T.);
#990=ORIENTED_EDGE('',*,*,#989,.T.);
#991=CARTESIAN_POINT('',(-146.5198,-13.625413779,14.487459202));
#992=VERTEX_POINT('',#991);
#993=CARTESIAN_POINT('',(-146.5198,-13.625413779,15.782484455));
#994=DIRECTION('',(-0.,-0.,-1.));
#995=VECTOR('',#994,1.295025253);
#996=LINE('',#993,#995);
#997=EDGE_CURVE('NONE',#984,#992,#996,.T.);
#998=ORIENTED_EDGE('',*,*,#997,.T.);
#999=CARTESIAN_POINT('',(-146.5198,-14.125413779,13.987459202));
#1000=VERTEX_POINT('',#999);
#1001=CARTESIAN_POINT('',(-146.5198,-13.625413779,14.487459202));
#1002=DIRECTION('',(0.,-0.707106781,-0.707106781));
#1003=VECTOR('',#1002,0.707106781);
#1004=LINE('',#1001,#1003);
#1005=EDGE_CURVE('NONE',#992,#1000,#1004,.T.);
#1006=ORIENTED_EDGE('',*,*,#1005,.T.);
#1007=CARTESIAN_POINT('',(-146.5198,-43.125413779,13.987459202));
#1008=VERTEX_POINT('',#1007);
#1009=CARTESIAN_POINT('',(-146.5198,-14.125413779,13.987459202));
#1010=DIRECTION('',(-0.,-1.,-0.));
#1011=VECTOR('',#1010,29.);
#1012=LINE('',#1009,#1011);
#1013=EDGE_CURVE('NONE',#1000,#1008,#1012,.T.);
#1014=ORIENTED_EDGE('',*,*,#1013,.T.);
#1015=CARTESIAN_POINT('',(-146.5198,-43.125413779,13.987459202));
#1016=DIRECTION('',(0.,-0.707106781,0.707106781));
#1017=VECTOR('',#1016,0.707106781);
#1018=LINE('',#1015,#1017);
#1019=EDGE_CURVE('NONE',#1008,#958,#1018,.T.);
#1020=ORIENTED_EDGE('',*,*,#1019,.T.);
#1021=EDGE_LOOP('',(#966,#974,#982,#990,#998,#1006,#1014,#1020));
#1022=FACE_BOUND('',#1021,.T.);
#1023=CARTESIAN_POINT('',(-146.5198,3.1,22.669228416));
#1024=VERTEX_POINT('',#1023);
#1025=CARTESIAN_POINT('',(-146.5198,3.1,11.757459202));
#1026=VERTEX_POINT('',#1025);
#1027=CARTESIAN_POINT('',(-146.5198,3.1,22.669228416));
#1028=DIRECTION('',(-0.,-0.,-1.));
#1029=VECTOR('',#1028,10.911769214);
#1030=LINE('',#1027,#1029);
#1031=EDGE_CURVE('NONE',#1024,#1026,#1030,.T.);
#1032=ORIENTED_EDGE('',*,*,#1031,.F.);
#1033=CARTESIAN_POINT('',(-146.5198,-0.1,28.211791));
#1034=VERTEX_POINT('',#1033);
#1035=CARTESIAN_POINT('',(-146.5198,3.1,22.669228416));
#1036=DIRECTION('',(0.,-0.5,0.866025404));
#1037=VECTOR('',#1036,6.4);
#1038=LINE('',#1035,#1037);
#1039=EDGE_CURVE('NONE',#1024,#1034,#1038,.T.);
#1040=ORIENTED_EDGE('',*,*,#1039,.T.);
#1041=CARTESIAN_POINT('',(-146.5198,-0.1,24.257459202));
#1042=VERTEX_POINT('',#1041);
#1043=CARTESIAN_POINT('',(-146.5198,-0.1,28.211791));
#1044=DIRECTION('',(0.,0.,-1.));
#1045=VECTOR('',#1044,3.954331798);
#1046=LINE('',#1043,#1045);
#1047=EDGE_CURVE('',#1034,#1042,#1046,.T.);
#1048=ORIENTED_EDGE('',*,*,#1047,.T.);
#1049=CARTESIAN_POINT('',(-146.5198,-52.247438779,24.257459202));
#1050=VERTEX_POINT('',#1049);
#1051=CARTESIAN_POINT('',(-146.5198,-0.1,24.257459202));
#1052=DIRECTION('',(-0.,-1.,-0.));
#1053=VECTOR('',#1052,52.147438779);
#1054=LINE('',#1051,#1053);
#1055=EDGE_CURVE('NONE',#1042,#1050,#1054,.T.);
#1056=ORIENTED_EDGE('',*,*,#1055,.T.);
#1057=CARTESIAN_POINT('',(-146.5198,-52.247438779,11.757459202));
#1058=VERTEX_POINT('',#1057);
#1059=CARTESIAN_POINT('',(-146.5198,-52.247438779,24.257459202));
#1060=DIRECTION('',(-0.,-0.,-1.));
#1061=VECTOR('',#1060,12.5);
#1062=LINE('',#1059,#1061);
#1063=EDGE_CURVE('NONE',#1050,#1058,#1062,.T.);
#1064=ORIENTED_EDGE('',*,*,#1063,.T.);
#1065=CARTESIAN_POINT('',(-146.5198,-52.247438779,11.757459202));
#1066=DIRECTION('',(0.,1.,0.));
#1067=VECTOR('',#1066,55.347438779);
#1068=LINE('',#1065,#1067);
#1069=EDGE_CURVE('NONE',#1058,#1026,#1068,.T.);
#1070=ORIENTED_EDGE('',*,*,#1069,.T.);
#1071=EDGE_LOOP('',(#1032,#1040,#1048,#1056,#1064,#1070));
#1072=FACE_BOUND('',#1071,.T.);
#1073=ADVANCED_FACE('NONE',(#1022,#1072),#956,.F.);
#1074=CARTESIAN_POINT('',(149.666246609,-1.803388779,11.911012593));
#1075=DIRECTION('',(-0.707106781,0.,0.707106781));
#1076=DIRECTION('',(0.,1.,0.));
#1077=AXIS2_PLACEMENT_3D('',#1074,#1075,#1076);
#1078=PLANE('',#1077);
#1079=CARTESIAN_POINT('',(151.0198,-0.1,13.264565984));
#1080=DIRECTION('',(-0.707106781,0.,-0.707106781));
#1081=VECTOR('',#1080,2.414213563);
#1082=LINE('',#1079,#1081);
#1083=EDGE_CURVE('NONE',#511,#735,#1082,.T.);
#1084=ORIENTED_EDGE('',*,*,#1083,.F.);
#1085=ORIENTED_EDGE('',*,*,#540,.F.);
#1086=CARTESIAN_POINT('',(149.31269322,-52.747438779,11.557459202));
#1087=CARTESIAN_POINT('',(149.881728811,-52.747438778,12.126494797));
#1088=CARTESIAN_POINT('',(150.450764403,-52.747438777,12.695530391));
#1089=CARTESIAN_POINT('',(151.019799995,-52.747438775,13.264565986));
#1090=B_SPLINE_CURVE_WITH_KNOTS('',3,(#1086,#1087,#1088,#1089),.UNSPECIFIED.,.F.,.F.,(4,4),(0.,1.),.UNSPECIFIED.);
#1091=EDGE_CURVE('NONE',#743,#529,#1090,.T.);
#1092=ORIENTED_EDGE('',*,*,#1091,.F.);
#1093=ORIENTED_EDGE('',*,*,#748,.F.);
#1094=EDGE_LOOP('',(#1084,#1085,#1092,#1093));
#1095=FACE_BOUND('',#1094,.T.);
#1096=ADVANCED_FACE('NONE',(#1095),#1078,.F.);
#1097=CARTESIAN_POINT('',(-149.066246609,-1.803388779,11.911012593));
#1098=DIRECTION('',(-0.707106781,0.,-0.707106781));
#1099=DIRECTION('',(-0.707106781,0.,0.707106781));
#1100=AXIS2_PLACEMENT_3D('',#1097,#1098,#1099);
#1101=PLANE('',#1100);
#1102=ORIENTED_EDGE('',*,*,#574,.F.);
#1103=CARTESIAN_POINT('',(-150.4198,-0.1,13.264565984));
#1104=DIRECTION('',(0.707106781,0.,-0.707106781));
#1105=VECTOR('',#1104,2.414213564);
#1106=LINE('',#1103,#1105);
#1107=EDGE_CURVE('NONE',#561,#777,#1106,.T.);
#1108=ORIENTED_EDGE('',*,*,#1107,.T.);
#1109=ORIENTED_EDGE('',*,*,#782,.F.);
#1110=CARTESIAN_POINT('',(-150.419799995,-52.747438779,13.264565986));
#1111=CARTESIAN_POINT('',(-149.850764403,-52.747438779,12.695530391));
#1112=CARTESIAN_POINT('',(-149.281728811,-52.747438779,12.126494796));
#1113=CARTESIAN_POINT('',(-148.712693218,-52.747438779,11.5574592));
#1114=B_SPLINE_CURVE_WITH_KNOTS('',3,(#1110,#1111,#1112,#1113),.UNSPECIFIED.,.F.,.F.,(4,4),(0.,1.),.UNSPECIFIED.);
#1115=EDGE_CURVE('NONE',#569,#768,#1114,.T.);
#1116=ORIENTED_EDGE('',*,*,#1115,.F.);
#1117=EDGE_LOOP('',(#1102,#1108,#1109,#1116));
#1118=FACE_BOUND('',#1117,.T.);
#1119=ADVANCED_FACE('NONE',(#1118),#1101,.T.);
#1120=CARTESIAN_POINT('',(-149.924825253,28.868636221,28.762484455));
#1121=DIRECTION('',(-0.707106781,0.,0.707106781));
#1122=DIRECTION('',(0.,1.,0.));
#1123=AXIS2_PLACEMENT_3D('',#1120,#1121,#1122);
#1124=PLANE('',#1123);
#1125=CARTESIAN_POINT('',(-148.429850507,-52.747438779,30.257459204));
#1126=CARTESIAN_POINT('',(-149.093167003,-52.747438778,29.594142704));
#1127=CARTESIAN_POINT('',(-149.7564835,-52.747438778,28.930826204));
#1128=CARTESIAN_POINT('',(-150.419799996,-52.747438777,28.267509703));
#1129=B_SPLINE_CURVE_WITH_KNOTS('',3,(#1125,#1126,#1127,#1128),.UNSPECIFIED.,.F.,.F.,(4,4),(0.,1.),.UNSPECIFIED.);
#1130=EDGE_CURVE('NONE',#135,#551,#1129,.T.);
#1131=ORIENTED_EDGE('',*,*,#1130,.F.);
#1132=ORIENTED_EDGE('',*,*,#140,.F.);
#1133=CARTESIAN_POINT('',(-148.429850506,-0.1,30.257459202));
#1134=DIRECTION('',(-0.707106781,0.,-0.707106781));
#1135=VECTOR('',#1134,2.814213565);
#1136=LINE('',#1133,#1135);
#1137=EDGE_CURVE('NONE',#127,#553,#1136,.T.);
#1138=ORIENTED_EDGE('',*,*,#1137,.T.);
#1139=ORIENTED_EDGE('',*,*,#558,.F.);
#1140=EDGE_LOOP('',(#1131,#1132,#1138,#1139));
#1141=FACE_BOUND('',#1140,.T.);
#1142=ADVANCED_FACE('NONE',(#1141),#1124,.T.);
#1143=CARTESIAN_POINT('',(150.524825253,28.868636221,28.762484455));
#1144=DIRECTION('',(-0.707106781,0.,-0.707106781));
#1145=DIRECTION('',(-0.707106781,0.,0.707106781));
#1146=AXIS2_PLACEMENT_3D('',#1143,#1144,#1145);
#1147=PLANE('',#1146);
#1148=CARTESIAN_POINT('',(151.019799997,-52.747438779,28.267509703));
#1149=CARTESIAN_POINT('',(150.3564835,-52.747438779,28.930826204));
#1150=CARTESIAN_POINT('',(149.693167003,-52.74743878,29.594142704));
#1151=CARTESIAN_POINT('',(149.029850506,-52.74743878,30.257459205));
#1152=B_SPLINE_CURVE_WITH_KNOTS('',3,(#1148,#1149,#1150,#1151),.UNSPECIFIED.,.F.,.F.,(4,4),(0.,1.),.UNSPECIFIED.);
#1153=EDGE_CURVE('NONE',#521,#160,#1152,.T.);
#1154=ORIENTED_EDGE('',*,*,#1153,.F.);
#1155=ORIENTED_EDGE('',*,*,#526,.F.);
#1156=CARTESIAN_POINT('',(149.029850506,-0.1,30.257459202));
#1157=DIRECTION('',(0.707106781,0.,-0.707106781));
#1158=VECTOR('',#1157,2.814213563);
#1159=LINE('',#1156,#1158);
#1160=EDGE_CURVE('NONE',#169,#513,#1159,.T.);
#1161=ORIENTED_EDGE('',*,*,#1160,.F.);
#1162=ORIENTED_EDGE('',*,*,#174,.F.);
#1163=EDGE_LOOP('',(#1154,#1155,#1161,#1162));
#1164=FACE_BOUND('',#1163,.T.);
#1165=ADVANCED_FACE('NONE',(#1164),#1147,.F.);
#1166=CARTESIAN_POINT('',(-146.5198,25.368636221,11.757459202));
#1167=DIRECTION('',(0.707106781,0.,-0.707106781));
#1168=DIRECTION('',(0.,-1.,0.));
#1169=AXIS2_PLACEMENT_3D('',#1166,#1167,#1168);
#1170=PLANE('',#1169);
#1171=ORIENTED_EDGE('',*,*,#866,.F.);
#1172=CARTESIAN_POINT('',(-146.7198,3.1,11.557459202));
#1173=DIRECTION('',(0.707106781,-0.,0.707106781));
#1174=VECTOR('',#1173,0.282842712);
#1175=LINE('',#1172,#1174);
#1176=EDGE_CURVE('NONE',#853,#1026,#1175,.T.);
#1177=ORIENTED_EDGE('',*,*,#1176,.T.);
#1178=ORIENTED_EDGE('',*,*,#1069,.F.);
#1179=CARTESIAN_POINT('',(-146.7198,-52.247438779,11.557459202));
#1180=CARTESIAN_POINT('',(-146.653133333,-52.247438779,11.624125869));
#1181=CARTESIAN_POINT('',(-146.586466667,-52.247438779,11.690792535));
#1182=CARTESIAN_POINT('',(-146.5198,-52.247438779,11.757459202));
#1183=B_SPLINE_CURVE_WITH_KNOTS('',3,(#1179,#1180,#1181,#1182),.UNSPECIFIED.,.F.,.F.,(4,4),(0.,0.282842712),.UNSPECIFIED.);
#1184=EDGE_CURVE('NONE',#861,#1058,#1183,.T.);
#1185=ORIENTED_EDGE('',*,*,#1184,.F.);
#1186=EDGE_LOOP('',(#1171,#1177,#1178,#1185));
#1187=FACE_BOUND('',#1186,.T.);
#1188=ADVANCED_FACE('NONE',(#1187),#1170,.T.);
#1189=CARTESIAN_POINT('',(143.9198,-2.003388779,11.757459202));
#1190=DIRECTION('',(0.707106781,0.,0.707106781));
#1191=DIRECTION('',(0.,-1.,0.));
#1192=AXIS2_PLACEMENT_3D('',#1189,#1190,#1191);
#1193=PLANE('',#1192);
#1194=CARTESIAN_POINT('',(144.1198,-0.1,11.557459202));
#1195=DIRECTION('',(-0.707106781,0.,0.707106781));
#1196=VECTOR('',#1195,0.282842712);
#1197=LINE('',#1194,#1196);
#1198=EDGE_CURVE('NONE',#919,#71,#1197,.T.);
#1199=ORIENTED_EDGE('',*,*,#1198,.F.);
#1200=ORIENTED_EDGE('',*,*,#924,.F.);
#1201=CARTESIAN_POINT('',(144.1198,-20.220546066,11.557459202));
#1202=DIRECTION('',(-0.678598344,-0.281084639,0.678598344));
#1203=VECTOR('',#1202,0.294725152);
#1204=LINE('',#1201,#1203);
#1205=EDGE_CURVE('NONE',#911,#79,#1204,.T.);
#1206=ORIENTED_EDGE('',*,*,#1205,.T.);
#1207=ORIENTED_EDGE('',*,*,#84,.F.);
#1208=EDGE_LOOP('',(#1199,#1200,#1206,#1207));
#1209=FACE_BOUND('',#1208,.T.);
#1210=ADVANCED_FACE('NONE',(#1209),#1193,.F.);
#1211=CARTESIAN_POINT('',(-146.5198,25.368636221,24.257459202));
#1212=DIRECTION('',(0.707106781,0.,-0.707106781));
#1213=DIRECTION('',(0.,-1.,0.));
#1214=AXIS2_PLACEMENT_3D('',#1211,#1212,#1213);
#1215=PLANE('',#1214);
#1216=ORIENTED_EDGE('',*,*,#1055,.F.);
#1217=CARTESIAN_POINT('',(-146.5198,-0.1,24.257459202));
#1218=DIRECTION('',(0.707106781,0.,0.707106781));
#1219=VECTOR('',#1218,0.282842712);
#1220=LINE('',#1217,#1219);
#1221=EDGE_CURVE('NONE',#1042,#329,#1220,.T.);
#1222=ORIENTED_EDGE('',*,*,#1221,.T.);
#1223=ORIENTED_EDGE('',*,*,#500,.F.);
#1224=CARTESIAN_POINT('',(-146.5198,-52.247438779,24.257459202));
#1225=CARTESIAN_POINT('',(-146.453133333,-52.247438779,24.324125869));
#1226=CARTESIAN_POINT('',(-146.386466667,-52.247438779,24.390792535));
#1227=CARTESIAN_POINT('',(-146.3198,-52.247438779,24.457459202));
#1228=B_SPLINE_CURVE_WITH_KNOTS('',3,(#1224,#1225,#1226,#1227),.UNSPECIFIED.,.F.,.F.,(4,4),(0.,0.282842712),.UNSPECIFIED.);
#1229=EDGE_CURVE('NONE',#1050,#488,#1228,.T.);
#1230=ORIENTED_EDGE('',*,*,#1229,.F.);
#1231=EDGE_LOOP('',(#1216,#1222,#1223,#1230));
#1232=FACE_BOUND('',#1231,.T.);
#1233=ADVANCED_FACE('NONE',(#1232),#1215,.T.);
#1234=CARTESIAN_POINT('',(144.5198,-2.003388779,30.257459202));
#1235=DIRECTION('',(0.707106781,0.,-0.707106781));
#1236=DIRECTION('',(0.,-1.,0.));
#1237=AXIS2_PLACEMENT_3D('',#1234,#1235,#1236);
#1238=PLANE('',#1237);
#1239=CARTESIAN_POINT('',(144.5198,-29.19405,30.257459202));
#1240=CARTESIAN_POINT('',(144.3198,-29.19405,30.057459202));
#1241=CARTESIAN_POINT('',(144.1198,-29.19405,29.857459202));
#1242=CARTESIAN_POINT('',(143.919800001,-29.19405,29.657459201));
#1243=B_SPLINE_CURVE_WITH_KNOTS('',3,(#1239,#1240,#1241,#1242),.UNSPECIFIED.,.F.,.F.,(4,4),(0.,0.848528137),.UNSPECIFIED.);
#1244=EDGE_CURVE('NONE',#185,#61,#1243,.T.);
#1245=ORIENTED_EDGE('',*,*,#1244,.F.);
#1246=ORIENTED_EDGE('',*,*,#190,.F.);
#1247=CARTESIAN_POINT('',(143.9198,-0.1,29.657459202));
#1248=DIRECTION('',(0.707106781,0.,0.707106781));
#1249=VECTOR('',#1248,0.848528137);
#1250=LINE('',#1247,#1249);
#1251=EDGE_CURVE('NONE',#63,#177,#1250,.T.);
#1252=ORIENTED_EDGE('',*,*,#1251,.F.);
#1253=ORIENTED_EDGE('',*,*,#68,.F.);
#1254=EDGE_LOOP('',(#1245,#1246,#1252,#1253));
#1255=FACE_BOUND('',#1254,.T.);
#1256=ADVANCED_FACE('NONE',(#1255),#1238,.F.);
#1257=CARTESIAN_POINT('',(-143.9198,-2.003388779,30.257459202));
#1258=DIRECTION('',(-0.707106781,0.,-0.707106781));
#1259=DIRECTION('',(-0.707106781,0.,0.707106781));
#1260=AXIS2_PLACEMENT_3D('',#1257,#1258,#1259);
#1261=PLANE('',#1260);
#1262=CARTESIAN_POINT('',(-143.319800001,-29.197438779,29.657459201));
#1263=DIRECTION('',(-0.707106781,0.,0.707106782));
#1264=VECTOR('',#1263,0.848528137);
#1265=LINE('',#1262,#1264);
#1266=EDGE_CURVE('NONE',#601,#117,#1265,.T.);
#1267=ORIENTED_EDGE('',*,*,#1266,.F.);
#1268=ORIENTED_EDGE('',*,*,#606,.F.);
#1269=CARTESIAN_POINT('',(-143.9198,-0.1,30.257459202));
#1270=DIRECTION('',(0.707106781,0.,-0.707106781));
#1271=VECTOR('',#1270,0.848528137);
#1272=LINE('',#1269,#1271);
#1273=EDGE_CURVE('NONE',#119,#593,#1272,.T.);
#1274=ORIENTED_EDGE('',*,*,#1273,.F.);
#1275=ORIENTED_EDGE('',*,*,#124,.F.);
#1276=EDGE_LOOP('',(#1267,#1268,#1274,#1275));
#1277=FACE_BOUND('',#1276,.T.);
#1278=ADVANCED_FACE('NONE',(#1277),#1261,.F.);
#1279=CARTESIAN_POINT('',(-143.3198,-2.003388779,24.657459202));
#1280=DIRECTION('',(0.707106781,0.,-0.707106781));
#1281=DIRECTION('',(0.,-1.,0.));
#1282=AXIS2_PLACEMENT_3D('',#1279,#1280,#1281);
#1283=PLANE('',#1282);
#1284=ORIENTED_EDGE('',*,*,#342,.F.);
#1285=CARTESIAN_POINT('',(-143.5198,-0.1,24.457459202));
#1286=DIRECTION('',(0.707106781,0.,0.707106781));
#1287=VECTOR('',#1286,0.282842712);
#1288=LINE('',#1285,#1287);
#1289=EDGE_CURVE('NONE',#327,#591,#1288,.T.);
#1290=ORIENTED_EDGE('',*,*,#1289,.T.);
#1291=ORIENTED_EDGE('',*,*,#620,.F.);
#1292=CARTESIAN_POINT('',(-143.3198,-29.197438779,24.657459202));
#1293=DIRECTION('',(-0.707106781,0.,-0.707106781));
#1294=VECTOR('',#1293,0.282842712);
#1295=LINE('',#1292,#1294);
#1296=EDGE_CURVE('NONE',#609,#337,#1295,.T.);
#1297=ORIENTED_EDGE('',*,*,#1296,.T.);
#1298=EDGE_LOOP('',(#1284,#1290,#1291,#1297));
#1299=FACE_BOUND('',#1298,.T.);
#1300=ADVANCED_FACE('NONE',(#1299),#1283,.T.);
#1301=CARTESIAN_POINT('',(0.3,-50.247438779,6.257459202));
#1302=DIRECTION('',(0.,1.,0.));
#1303=DIRECTION('',(1.,0.,0.));
#1304=AXIS2_PLACEMENT_3D('',#1301,#1302,#1303);
#1305=PLANE('',#1304);
#1306=ORIENTED_EDGE('',*,*,#308,.T.);
#1307=CARTESIAN_POINT('',(126.424906052,-50.247438779,25.457459202));
#1308=VERTEX_POINT('',#1307);
#1309=CARTESIAN_POINT('',(125.424906052,-50.247438779,24.457459202));
#1310=DIRECTION('',(0.707106781,0.,0.707106781));
#1311=VECTOR('',#1310,1.414213562);
#1312=LINE('',#1309,#1311);
#1313=EDGE_CURVE('NONE',#295,#1308,#1312,.T.);
#1314=ORIENTED_EDGE('',*,*,#1313,.T.);
#1315=CARTESIAN_POINT('',(126.424906052,-50.247438779,25.657459202));
#1316=VERTEX_POINT('',#1315);
#1317=CARTESIAN_POINT('',(126.424906052,-50.247438779,25.457459202));
#1318=DIRECTION('',(-0.,-0.,1.));
#1319=VECTOR('',#1318,0.2);
#1320=LINE('',#1317,#1319);
#1321=EDGE_CURVE('NONE',#1308,#1316,#1320,.T.);
#1322=ORIENTED_EDGE('',*,*,#1321,.T.);
#1323=CARTESIAN_POINT('',(136.514906052,-50.247438779,25.657459202));
#1324=VERTEX_POINT('',#1323);
#1325=CARTESIAN_POINT('',(136.514906052,-50.247438779,25.657459202));
#1326=DIRECTION('',(-1.,0.,0.));
#1327=VECTOR('',#1326,10.09);
#1328=LINE('',#1325,#1327);
#1329=EDGE_CURVE('NONE',#1324,#1316,#1328,.T.);
#1330=ORIENTED_EDGE('',*,*,#1329,.F.);
#1331=CARTESIAN_POINT('',(136.514906052,-50.247438779,25.457459202));
#1332=VERTEX_POINT('',#1331);
#1333=CARTESIAN_POINT('',(136.514906052,-50.247438779,25.457459202));
#1334=DIRECTION('',(0.,0.,1.));
#1335=VECTOR('',#1334,0.2);
#1336=LINE('',#1333,#1335);
#1337=EDGE_CURVE('NONE',#1332,#1324,#1336,.T.);
#1338=ORIENTED_EDGE('',*,*,#1337,.F.);
#1339=CARTESIAN_POINT('',(136.514906052,-50.247438779,25.457459202));
#1340=DIRECTION('',(0.707106781,0.,-0.707106781));
#1341=VECTOR('',#1340,1.414213562);
#1342=LINE('',#1339,#1341);
#1343=EDGE_CURVE('NONE',#1332,#303,#1342,.T.);
#1344=ORIENTED_EDGE('',*,*,#1343,.T.);
#1345=EDGE_LOOP('',(#1306,#1314,#1322,#1330,#1338,#1344));
#1346=FACE_BOUND('',#1345,.T.);
#1347=ADVANCED_FACE('NONE',(#1346),#1305,.T.);
#1348=CARTESIAN_POINT('',(0.3,-50.247438779,6.257459202));
#1349=DIRECTION('',(0.,1.,0.));
#1350=DIRECTION('',(1.,0.,0.));
#1351=AXIS2_PLACEMENT_3D('',#1348,#1349,#1350);
#1352=PLANE('',#1351);
#1353=CARTESIAN_POINT('',(113.520790219,-50.247438779,29.657459202));
#1354=VERTEX_POINT('',#1353);
#1355=CARTESIAN_POINT('',(113.520790219,-50.247438779,24.657459202));
#1356=VERTEX_POINT('',#1355);
#1357=CARTESIAN_POINT('',(113.520790219,-50.247438779,29.657459202));
#1358=DIRECTION('',(0.,0.,-1.));
#1359=VECTOR('',#1358,5.);
#1360=LINE('',#1357,#1359);
#1361=EDGE_CURVE('NONE',#1354,#1356,#1360,.T.);
#1362=ORIENTED_EDGE('',*,*,#1361,.T.);
#1363=CARTESIAN_POINT('',(-112.9198,-50.247438779,24.657459202));
#1364=VERTEX_POINT('',#1363);
#1365=CARTESIAN_POINT('',(113.520790219,-50.247438779,24.657459202));
#1366=DIRECTION('',(-1.,-0.,0.));
#1367=VECTOR('',#1366,226.440590219);
#1368=LINE('',#1365,#1367);
#1369=EDGE_CURVE('NONE',#1356,#1364,#1368,.T.);
#1370=ORIENTED_EDGE('',*,*,#1369,.T.);
#1371=CARTESIAN_POINT('',(-112.9198,-50.247438779,29.657459202));
#1372=VERTEX_POINT('',#1371);
#1373=CARTESIAN_POINT('',(-112.9198,-50.247438779,24.657459202));
#1374=DIRECTION('',(-0.,-0.,1.));
#1375=VECTOR('',#1374,5.);
#1376=LINE('',#1373,#1375);
#1377=EDGE_CURVE('NONE',#1364,#1372,#1376,.T.);
#1378=ORIENTED_EDGE('',*,*,#1377,.T.);
#1379=CARTESIAN_POINT('',(-112.9198,-50.247438779,29.657459202));
#1380=DIRECTION('',(1.,0.,-0.));
#1381=VECTOR('',#1380,226.440590219);
#1382=LINE('',#1379,#1381);
#1383=EDGE_CURVE('NONE',#1372,#1354,#1382,.T.);
#1384=ORIENTED_EDGE('',*,*,#1383,.T.);
#1385=EDGE_LOOP('',(#1362,#1370,#1378,#1384));
#1386=FACE_BOUND('',#1385,.T.);
#1387=CARTESIAN_POINT('',(5.26,-50.247438779,28.657459202));
#1388=VERTEX_POINT('',#1387);
#1389=CARTESIAN_POINT('',(5.26,-50.247438779,25.657459202));
#1390=VERTEX_POINT('',#1389);
#1391=CARTESIAN_POINT('',(5.26,-50.247438779,28.657459202));
#1392=DIRECTION('',(-0.,-0.,-1.));
#1393=VECTOR('',#1392,3.);
#1394=LINE('',#1391,#1393);
#1395=EDGE_CURVE('NONE',#1388,#1390,#1394,.T.);
#1396=ORIENTED_EDGE('',*,*,#1395,.F.);
#1397=CARTESIAN_POINT('',(-4.83,-50.247438779,28.657459202));
#1398=VERTEX_POINT('',#1397);
#1399=CARTESIAN_POINT('',(-4.83,-50.247438779,28.657459202));
#1400=DIRECTION('',(1.,0.,-0.));
#1401=VECTOR('',#1400,10.09);
#1402=LINE('',#1399,#1401);
#1403=EDGE_CURVE('NONE',#1398,#1388,#1402,.T.);
#1404=ORIENTED_EDGE('',*,*,#1403,.F.);
#1405=CARTESIAN_POINT('',(-4.83,-50.247438779,25.657459202));
#1406=VERTEX_POINT('',#1405);
#1407=CARTESIAN_POINT('',(-4.83,-50.247438779,28.657459202));
#1408=DIRECTION('',(0.,0.,-1.));
#1409=VECTOR('',#1408,3.);
#1410=LINE('',#1407,#1409);
#1411=EDGE_CURVE('NONE',#1398,#1406,#1410,.T.);
#1412=ORIENTED_EDGE('',*,*,#1411,.T.);
#1413=CARTESIAN_POINT('',(5.26,-50.247438779,25.657459202));
#1414=DIRECTION('',(-1.,0.,0.));
#1415=VECTOR('',#1414,10.09);
#1416=LINE('',#1413,#1415);
#1417=EDGE_CURVE('NONE',#1390,#1406,#1416,.T.);
#1418=ORIENTED_EDGE('',*,*,#1417,.F.);
#1419=EDGE_LOOP('',(#1396,#1404,#1412,#1418));
#1420=FACE_BOUND('',#1419,.T.);
#1421=ADVANCED_FACE('NONE',(#1386,#1420),#1352,.T.);
#1422=CARTESIAN_POINT('',(0.215,-51.447438779,25.657459202));
#1423=DIRECTION('',(0.,0.,-1.));
#1424=DIRECTION('',(0.,-1.,0.));
#1425=AXIS2_PLACEMENT_3D('',#1422,#1423,#1424);
#1426=PLANE('',#1425);
#1427=ORIENTED_EDGE('',*,*,#1417,.T.);
#1428=CARTESIAN_POINT('',(-4.83,-56.747438779,25.657459202));
#1429=VERTEX_POINT('',#1428);
#1430=CARTESIAN_POINT('',(-4.83,-56.747438779,25.657459202));
#1431=DIRECTION('',(0.,1.,0.));
#1432=VECTOR('',#1431,6.5);
#1433=LINE('',#1430,#1432);
#1434=EDGE_CURVE('NONE',#1429,#1406,#1433,.T.);
#1435=ORIENTED_EDGE('',*,*,#1434,.F.);
#1436=CARTESIAN_POINT('',(5.26,-56.747438779,25.657459202));
#1437=VERTEX_POINT('',#1436);
#1438=CARTESIAN_POINT('',(5.26,-56.747438779,25.657459202));
#1439=DIRECTION('',(-1.,-0.,0.));
#1440=VECTOR('',#1439,10.09);
#1441=LINE('',#1438,#1440);
#1442=EDGE_CURVE('NONE',#1437,#1429,#1441,.T.);
#1443=ORIENTED_EDGE('',*,*,#1442,.F.);
#1444=CARTESIAN_POINT('',(5.26,-56.747438779,25.657459202));
#1445=DIRECTION('',(-0.,1.,-0.));
#1446=VECTOR('',#1445,6.5);
#1447=LINE('',#1444,#1446);
#1448=EDGE_CURVE('NONE',#1437,#1390,#1447,.T.);
#1449=ORIENTED_EDGE('',*,*,#1448,.T.);
#1450=EDGE_LOOP('',(#1427,#1435,#1443,#1449));
#1451=FACE_BOUND('',#1450,.T.);
#1452=ADVANCED_FACE('NONE',(#1451),#1426,.F.);
#1453=CARTESIAN_POINT('',(0.215,-51.447438779,28.657459202));
#1454=DIRECTION('',(0.,0.,1.));
#1455=DIRECTION('',(1.,0.,0.));
#1456=AXIS2_PLACEMENT_3D('',#1453,#1454,#1455);
#1457=PLANE('',#1456);
#1458=ORIENTED_EDGE('',*,*,#1403,.T.);
#1459=CARTESIAN_POINT('',(5.26,-56.747438779,28.657459202));
#1460=VERTEX_POINT('',#1459);
#1461=CARTESIAN_POINT('',(5.26,-56.747438779,28.657459202));
#1462=DIRECTION('',(0.,1.,0.));
#1463=VECTOR('',#1462,6.5);
#1464=LINE('',#1461,#1463);
#1465=EDGE_CURVE('NONE',#1460,#1388,#1464,.T.);
#1466=ORIENTED_EDGE('',*,*,#1465,.F.);
#1467=CARTESIAN_POINT('',(-4.83,-56.747438779,28.657459202));
#1468=VERTEX_POINT('',#1467);
#1469=CARTESIAN_POINT('',(-4.83,-56.747438779,28.657459202));
#1470=DIRECTION('',(1.,0.,-0.));
#1471=VECTOR('',#1470,10.09);
#1472=LINE('',#1469,#1471);
#1473=EDGE_CURVE('NONE',#1468,#1460,#1472,.T.);
#1474=ORIENTED_EDGE('',*,*,#1473,.F.);
#1475=CARTESIAN_POINT('',(-4.83,-56.747438779,28.657459202));
#1476=DIRECTION('',(0.,1.,0.));
#1477=VECTOR('',#1476,6.5);
#1478=LINE('',#1475,#1477);
#1479=EDGE_CURVE('NONE',#1468,#1398,#1478,.T.);
#1480=ORIENTED_EDGE('',*,*,#1479,.T.);
#1481=EDGE_LOOP('',(#1458,#1466,#1474,#1480));
#1482=FACE_BOUND('',#1481,.T.);
#1483=ADVANCED_FACE('NONE',(#1482),#1457,.F.);
#1484=CARTESIAN_POINT('',(164.269906052,-57.147438779,28.657459202));
#1485=DIRECTION('',(0.,0.,1.));
#1486=DIRECTION('',(1.,0.,0.));
#1487=AXIS2_PLACEMENT_3D('',#1484,#1485,#1486);
#1488=PLANE('',#1487);
#1489=CARTESIAN_POINT('',(126.424906052,-56.747438779,28.657459202));
#1490=VERTEX_POINT('',#1489);
#1491=CARTESIAN_POINT('',(126.424906052,-42.247438779,28.657459202));
#1492=VERTEX_POINT('',#1491);
#1493=CARTESIAN_POINT('',(126.424906052,-56.747438779,28.657459202));
#1494=DIRECTION('',(0.,1.,0.));
#1495=VECTOR('',#1494,14.5);
#1496=LINE('',#1493,#1495);
#1497=EDGE_CURVE('NONE',#1490,#1492,#1496,.T.);
#1498=ORIENTED_EDGE('',*,*,#1497,.T.);
#1499=CARTESIAN_POINT('',(136.514906052,-42.247438779,28.657459202));
#1500=VERTEX_POINT('',#1499);
#1501=CARTESIAN_POINT('',(136.514906052,-42.247438779,28.657459202));
#1502=DIRECTION('',(-1.,-0.,0.));
#1503=VECTOR('',#1502,10.09);
#1504=LINE('',#1501,#1503);
#1505=EDGE_CURVE('NONE',#1500,#1492,#1504,.T.);
#1506=ORIENTED_EDGE('',*,*,#1505,.F.);
#1507=CARTESIAN_POINT('',(136.514906052,-56.747438779,28.657459202));
#1508=VERTEX_POINT('',#1507);
#1509=CARTESIAN_POINT('',(136.514906052,-56.747438779,28.657459202));
#1510=DIRECTION('',(0.,1.,0.));
#1511=VECTOR('',#1510,14.5);
#1512=LINE('',#1509,#1511);
#1513=EDGE_CURVE('NONE',#1508,#1500,#1512,.T.);
#1514=ORIENTED_EDGE('',*,*,#1513,.F.);
#1515=CARTESIAN_POINT('',(126.424906052,-56.747438779,28.657459202));
#1516=DIRECTION('',(1.,0.,-0.));
#1517=VECTOR('',#1516,10.09);
#1518=LINE('',#1515,#1517);
#1519=EDGE_CURVE('NONE',#1490,#1508,#1518,.T.);
#1520=ORIENTED_EDGE('',*,*,#1519,.F.);
#1521=EDGE_LOOP('',(#1498,#1506,#1514,#1520));
#1522=FACE_BOUND('',#1521,.T.);
#1523=ADVANCED_FACE('NONE',(#1522),#1488,.F.);
#1524=CARTESIAN_POINT('',(164.269906052,-57.147438779,25.657459202));
#1525=DIRECTION('',(0.,0.,-1.));
#1526=DIRECTION('',(0.,-1.,0.));
#1527=AXIS2_PLACEMENT_3D('',#1524,#1525,#1526);
#1528=PLANE('',#1527);
#1529=ORIENTED_EDGE('',*,*,#1329,.T.);
#1530=CARTESIAN_POINT('',(126.424906052,-56.747438779,25.657459202));
#1531=VERTEX_POINT('',#1530);
#1532=CARTESIAN_POINT('',(126.424906052,-56.747438779,25.657459202));
#1533=DIRECTION('',(0.,1.,0.));
#1534=VECTOR('',#1533,6.5);
#1535=LINE('',#1532,#1534);
#1536=EDGE_CURVE('NONE',#1531,#1316,#1535,.T.);
#1537=ORIENTED_EDGE('',*,*,#1536,.F.);
#1538=CARTESIAN_POINT('',(136.514906052,-56.747438779,25.657459202));
#1539=VERTEX_POINT('',#1538);
#1540=CARTESIAN_POINT('',(136.514906052,-56.747438779,25.657459202));
#1541=DIRECTION('',(-1.,-0.,0.));
#1542=VECTOR('',#1541,10.09);
#1543=LINE('',#1540,#1542);
#1544=EDGE_CURVE('NONE',#1539,#1531,#1543,.T.);
#1545=ORIENTED_EDGE('',*,*,#1544,.F.);
#1546=CARTESIAN_POINT('',(136.514906052,-56.747438779,25.657459202));
#1547=DIRECTION('',(-0.,1.,-0.));
#1548=VECTOR('',#1547,6.5);
#1549=LINE('',#1546,#1548);
#1550=EDGE_CURVE('NONE',#1539,#1324,#1549,.T.);
#1551=ORIENTED_EDGE('',*,*,#1550,.T.);
#1552=EDGE_LOOP('',(#1529,#1537,#1545,#1551));
#1553=FACE_BOUND('',#1552,.T.);
#1554=ADVANCED_FACE('NONE',(#1553),#1528,.F.);
#1555=CARTESIAN_POINT('',(146.7198,25.368636221,24.957459202));
#1556=DIRECTION('',(1.,0.,0.));
#1557=DIRECTION('',(0.,1.,0.));
#1558=AXIS2_PLACEMENT_3D('',#1555,#1556,#1557);
#1559=PLANE('',#1558);
#1560=CARTESIAN_POINT('',(146.7198,-52.147438779,11.757459202));
#1561=VERTEX_POINT('',#1560);
#1562=CARTESIAN_POINT('',(146.7198,-52.147438779,24.257459202));
#1563=VERTEX_POINT('',#1562);
#1564=CARTESIAN_POINT('',(146.7198,-52.147438779,11.757459202));
#1565=DIRECTION('',(0.,0.,1.));
#1566=VECTOR('',#1565,12.5);
#1567=LINE('',#1564,#1566);
#1568=EDGE_CURVE('NONE',#1561,#1563,#1567,.T.);
#1569=ORIENTED_EDGE('',*,*,#1568,.T.);
#1570=CARTESIAN_POINT('',(146.7198,-21.003388779,24.257459202));
#1571=VERTEX_POINT('',#1570);
#1572=CARTESIAN_POINT('',(146.7198,-52.147438779,24.257459202));
#1573=DIRECTION('',(0.,1.,0.));
#1574=VECTOR('',#1573,31.14405);
#1575=LINE('',#1572,#1574);
#1576=EDGE_CURVE('NONE',#1563,#1571,#1575,.T.);
#1577=ORIENTED_EDGE('',*,*,#1576,.T.);
#1578=CARTESIAN_POINT('',(146.7198,-21.003388779,11.757459202));
#1579=VERTEX_POINT('',#1578);
#1580=CARTESIAN_POINT('',(146.7198,-21.003388779,11.757459202));
#1581=DIRECTION('',(-0.,-0.,1.));
#1582=VECTOR('',#1581,12.5);
#1583=LINE('',#1580,#1582);
#1584=EDGE_CURVE('NONE',#1579,#1571,#1583,.T.);
#1585=ORIENTED_EDGE('',*,*,#1584,.F.);
#1586=CARTESIAN_POINT('',(146.7198,-21.003388779,11.757459202));
#1587=DIRECTION('',(-0.,-1.,-0.));
#1588=VECTOR('',#1587,31.14405);
#1589=LINE('',#1586,#1588);
#1590=EDGE_CURVE('NONE',#1579,#1561,#1589,.T.);
#1591=ORIENTED_EDGE('',*,*,#1590,.T.);
#1592=EDGE_LOOP('',(#1569,#1577,#1585,#1591));
#1593=FACE_BOUND('',#1592,.T.);
#1594=ADVANCED_FACE('NONE',(#1593),#1559,.F.);
#1595=CARTESIAN_POINT('',(-72.8099,-57.247438779,24.957459202));
#1596=DIRECTION('',(0.,-1.,0.));
#1597=DIRECTION('',(0.,0.,-1.));
#1598=AXIS2_PLACEMENT_3D('',#1595,#1596,#1597);
#1599=PLANE('',#1598);
#1600=CARTESIAN_POINT('',(-141.5198,-57.247438779,11.757459202));
#1601=VERTEX_POINT('',#1600);
#1602=CARTESIAN_POINT('',(-141.5198,-57.247438779,24.257459202));
#1603=VERTEX_POINT('',#1602);
#1604=CARTESIAN_POINT('',(-141.5198,-57.247438779,11.757459202));
#1605=DIRECTION('',(-0.,-0.,1.));
#1606=VECTOR('',#1605,12.5);
#1607=LINE('',#1604,#1606);
#1608=EDGE_CURVE('NONE',#1601,#1603,#1607,.T.);
#1609=ORIENTED_EDGE('',*,*,#1608,.T.);
#1610=CARTESIAN_POINT('',(141.6198,-57.247438779,24.257459202));
#1611=VERTEX_POINT('',#1610);
#1612=CARTESIAN_POINT('',(-141.5198,-57.247438779,24.257459202));
#1613=DIRECTION('',(1.,0.,-0.));
#1614=VECTOR('',#1613,283.1396);
#1615=LINE('',#1612,#1614);
#1616=EDGE_CURVE('NONE',#1603,#1611,#1615,.T.);
#1617=ORIENTED_EDGE('',*,*,#1616,.T.);
#1618=CARTESIAN_POINT('',(141.6198,-57.247438779,11.757459202));
#1619=VERTEX_POINT('',#1618);
#1620=CARTESIAN_POINT('',(141.6198,-57.247438779,24.257459202));
#1621=DIRECTION('',(0.,0.,-1.));
#1622=VECTOR('',#1621,12.5);
#1623=LINE('',#1620,#1622);
#1624=EDGE_CURVE('NONE',#1611,#1619,#1623,.T.);
#1625=ORIENTED_EDGE('',*,*,#1624,.T.);
#1626=CARTESIAN_POINT('',(141.6198,-57.247438779,11.757459202));
#1627=DIRECTION('',(-1.,-0.,0.));
#1628=VECTOR('',#1627,283.1396);
#1629=LINE('',#1626,#1628);
#1630=EDGE_CURVE('NONE',#1619,#1601,#1629,.T.);
#1631=ORIENTED_EDGE('',*,*,#1630,.T.);
#1632=EDGE_LOOP('',(#1609,#1617,#1625,#1631));
#1633=FACE_BOUND('',#1632,.T.);
#1634=ADVANCED_FACE('NONE',(#1633),#1599,.F.);
#1635=CARTESIAN_POINT('',(141.6198,-52.147438779,24.957459202));
#1636=DIRECTION('',(0.,0.,1.));
#1637=DIRECTION('',(1.,0.,-0.));
#1638=AXIS2_PLACEMENT_3D('',#1635,#1636,#1637);
#1639=CYLINDRICAL_SURFACE('',#1638,5.1);
#1640=ORIENTED_EDGE('',*,*,#1624,.F.);
#1641=CARTESIAN_POINT('',(141.6198,-52.147438779,24.257459202));
#1642=DIRECTION('',(0.,0.,1.));
#1643=DIRECTION('',(1.,0.,-0.));
#1644=AXIS2_PLACEMENT_3D('',#1641,#1642,#1643);
#1645=CIRCLE('',#1644,5.1);
#1646=EDGE_CURVE('NONE',#1611,#1563,#1645,.T.);
#1647=ORIENTED_EDGE('',*,*,#1646,.T.);
#1648=ORIENTED_EDGE('',*,*,#1568,.F.);
#1649=CARTESIAN_POINT('',(141.6198,-52.147438779,11.757459202));
#1650=DIRECTION('',(-0.,-0.,-1.));
#1651=DIRECTION('',(1.,0.,-0.));
#1652=AXIS2_PLACEMENT_3D('',#1649,#1650,#1651);
#1653=CIRCLE('',#1652,5.1);
#1654=EDGE_CURVE('NONE',#1561,#1619,#1653,.T.);
#1655=ORIENTED_EDGE('',*,*,#1654,.T.);
#1656=EDGE_LOOP('',(#1640,#1647,#1648,#1655));
#1657=FACE_BOUND('',#1656,.T.);
#1658=ADVANCED_FACE('NONE',(#1657),#1639,.F.);
#1659=CARTESIAN_POINT('',(-141.5198,-52.247438779,24.967459202));
#1660=DIRECTION('',(0.,0.,1.));
#1661=DIRECTION('',(1.,0.,-0.));
#1662=AXIS2_PLACEMENT_3D('',#1659,#1660,#1661);
#1663=CYLINDRICAL_SURFACE('',#1662,5.);
#1664=ORIENTED_EDGE('',*,*,#1063,.F.);
#1665=CARTESIAN_POINT('',(-141.5198,-52.247438779,24.257459202));
#1666=DIRECTION('',(0.,0.,1.));
#1667=DIRECTION('',(1.,0.,-0.));
#1668=AXIS2_PLACEMENT_3D('',#1665,#1666,#1667);
#1669=CIRCLE('',#1668,5.);
#1670=EDGE_CURVE('NONE',#1050,#1603,#1669,.T.);
#1671=ORIENTED_EDGE('',*,*,#1670,.T.);
#1672=ORIENTED_EDGE('',*,*,#1608,.F.);
#1673=CARTESIAN_POINT('',(-141.5198,-52.247438779,11.757459202));
#1674=DIRECTION('',(-0.,-0.,-1.));
#1675=DIRECTION('',(1.,0.,-0.));
#1676=AXIS2_PLACEMENT_3D('',#1673,#1674,#1675);
#1677=CIRCLE('',#1676,5.);
#1678=EDGE_CURVE('NONE',#1601,#1058,#1677,.T.);
#1679=ORIENTED_EDGE('',*,*,#1678,.T.);
#1680=EDGE_LOOP('',(#1664,#1671,#1672,#1679));
#1681=FACE_BOUND('',#1680,.T.);
#1682=ADVANCED_FACE('NONE',(#1681),#1663,.F.);
#1683=CARTESIAN_POINT('',(144.0198,-52.747438779,24.957459202));
#1684=DIRECTION('',(0.,0.,1.));
#1685=DIRECTION('',(1.,0.,-0.));
#1686=AXIS2_PLACEMENT_3D('',#1683,#1684,#1685);
#1687=CYLINDRICAL_SURFACE('',#1686,7.);
#1688=CARTESIAN_POINT('',(144.0198,-59.74743878,13.264565985));
#1689=VERTEX_POINT('',#1688);
#1690=CARTESIAN_POINT('',(144.0198,-52.747438779,13.264565985));
#1691=DIRECTION('',(0.,0.,1.));
#1692=DIRECTION('',(1.,0.,-0.));
#1693=AXIS2_PLACEMENT_3D('',#1690,#1691,#1692);
#1694=CIRCLE('',#1693,7.);
#1695=EDGE_CURVE('NONE',#1689,#529,#1694,.T.);
#1696=ORIENTED_EDGE('',*,*,#1695,.T.);
#1697=ORIENTED_EDGE('',*,*,#534,.F.);
#1698=CARTESIAN_POINT('',(144.0198,-59.747438781,28.267509706));
#1699=VERTEX_POINT('',#1698);
#1700=CARTESIAN_POINT('',(144.0198,-52.747438779,28.267509704));
#1701=DIRECTION('',(-0.,-0.,-1.));
#1702=DIRECTION('',(1.,0.,-0.));
#1703=AXIS2_PLACEMENT_3D('',#1700,#1701,#1702);
#1704=CIRCLE('',#1703,7.);
#1705=EDGE_CURVE('NONE',#521,#1699,#1704,.T.);
#1706=ORIENTED_EDGE('',*,*,#1705,.T.);
#1707=CARTESIAN_POINT('',(144.0198,-59.747438779,13.264565985));
#1708=DIRECTION('',(-0.,-0.,1.));
#1709=VECTOR('',#1708,15.002943721);
#1710=LINE('',#1707,#1709);
#1711=EDGE_CURVE('NONE',#1689,#1699,#1710,.T.);
#1712=ORIENTED_EDGE('',*,*,#1711,.F.);
#1713=EDGE_LOOP('',(#1696,#1697,#1706,#1712));
#1714=FACE_BOUND('',#1713,.T.);
#1715=ADVANCED_FACE('NONE',(#1714),#1687,.T.);
#1716=CARTESIAN_POINT('',(-143.4198,-52.747438779,24.957459202));
#1717=DIRECTION('',(0.,0.,-1.));
#1718=DIRECTION('',(-1.,0.,0.));
#1719=AXIS2_PLACEMENT_3D('',#1716,#1717,#1718);
#1720=CYLINDRICAL_SURFACE('',#1719,7.);
#1721=CARTESIAN_POINT('',(-143.4198,-59.747438781,28.267509706));
#1722=VERTEX_POINT('',#1721);
#1723=CARTESIAN_POINT('',(-143.4198,-59.74743878,13.264565985));
#1724=VERTEX_POINT('',#1723);
#1725=CARTESIAN_POINT('',(-143.4198,-59.747438779,28.267509706));
#1726=DIRECTION('',(0.,0.,-1.));
#1727=VECTOR('',#1726,15.002943721);
#1728=LINE('',#1725,#1727);
#1729=EDGE_CURVE('NONE',#1722,#1724,#1728,.T.);
#1730=ORIENTED_EDGE('',*,*,#1729,.F.);
#1731=CARTESIAN_POINT('',(-143.4198,-52.747438779,28.267509704));
#1732=DIRECTION('',(0.,0.,-1.));
#1733=DIRECTION('',(-1.,0.,0.));
#1734=AXIS2_PLACEMENT_3D('',#1731,#1732,#1733);
#1735=CIRCLE('',#1734,7.);
#1736=EDGE_CURVE('NONE',#1722,#551,#1735,.T.);
#1737=ORIENTED_EDGE('',*,*,#1736,.T.);
#1738=ORIENTED_EDGE('',*,*,#580,.F.);
#1739=CARTESIAN_POINT('',(-143.4198,-52.747438779,13.264565986));
#1740=DIRECTION('',(-0.,-0.,1.));
#1741=DIRECTION('',(-1.,0.,0.));
#1742=AXIS2_PLACEMENT_3D('',#1739,#1740,#1741);
#1743=CIRCLE('',#1742,7.);
#1744=EDGE_CURVE('NONE',#569,#1724,#1743,.T.);
#1745=ORIENTED_EDGE('',*,*,#1744,.T.);
#1746=EDGE_LOOP('',(#1730,#1737,#1738,#1745));
#1747=FACE_BOUND('',#1746,.T.);
#1748=ADVANCED_FACE('NONE',(#1747),#1720,.T.);
#1749=CARTESIAN_POINT('',(146.2198,-21.003388779,8.057459202));
#1750=DIRECTION('',(0.,1.,0.));
#1751=DIRECTION('',(1.,0.,0.));
#1752=AXIS2_PLACEMENT_3D('',#1749,#1750,#1751);
#1753=PLANE('',#1752);
#1754=ORIENTED_EDGE('',*,*,#1584,.T.);
#1755=CARTESIAN_POINT('',(146.7198,-21.003388779,24.257459202));
#1756=DIRECTION('',(-0.707106781,0.,0.707106781));
#1757=VECTOR('',#1756,0.282842712);
#1758=LINE('',#1755,#1757);
#1759=EDGE_CURVE('NONE',#1571,#455,#1758,.T.);
#1760=ORIENTED_EDGE('',*,*,#1759,.T.);
#1761=ORIENTED_EDGE('',*,*,#460,.T.);
#1762=CARTESIAN_POINT('',(144.6198,-21.003388779,11.757459202));
#1763=VERTEX_POINT('',#1762);
#1764=CARTESIAN_POINT('',(144.6198,-21.003388779,24.457459202));
#1765=DIRECTION('',(0.,0.,-1.));
#1766=VECTOR('',#1765,12.7);
#1767=LINE('',#1764,#1766);
#1768=EDGE_CURVE('NONE',#447,#1763,#1767,.T.);
#1769=ORIENTED_EDGE('',*,*,#1768,.T.);
#1770=CARTESIAN_POINT('',(144.6198,-21.003388779,11.757459202));
#1771=DIRECTION('',(1.,0.,-0.));
#1772=VECTOR('',#1771,2.1);
#1773=LINE('',#1770,#1772);
#1774=EDGE_CURVE('NONE',#1763,#1579,#1773,.T.);
#1775=ORIENTED_EDGE('',*,*,#1774,.T.);
#1776=EDGE_LOOP('',(#1754,#1760,#1761,#1769,#1775));
#1777=FACE_BOUND('',#1776,.T.);
#1778=ADVANCED_FACE('NONE',(#1777),#1753,.F.);
#1779=CARTESIAN_POINT('',(144.1198,-20.503388779,5.257459202));
#1780=DIRECTION('',(-0.707106781,-0.707106781,0.));
#1781=DIRECTION('',(-0.707106781,0.707106781,0.));
#1782=AXIS2_PLACEMENT_3D('',#1779,#1780,#1781);
#1783=PLANE('',#1782);
#1784=ORIENTED_EDGE('',*,*,#452,.F.);
#1785=CARTESIAN_POINT('',(144.1198,-20.503388779,24.457459202));
#1786=DIRECTION('',(-0.577350269,0.577350269,0.577350269));
#1787=VECTOR('',#1786,0.346410162);
#1788=LINE('',#1785,#1787);
#1789=EDGE_CURVE('NONE',#439,#87,#1788,.T.);
#1790=ORIENTED_EDGE('',*,*,#1789,.T.);
#1791=ORIENTED_EDGE('',*,*,#92,.F.);
#1792=CARTESIAN_POINT('',(143.9198,-20.303388779,11.757459202));
#1793=DIRECTION('',(0.707106781,-0.707106781,-0.));
#1794=VECTOR('',#1793,0.989949494);
#1795=LINE('',#1792,#1794);
#1796=EDGE_CURVE('NONE',#79,#1763,#1795,.T.);
#1797=ORIENTED_EDGE('',*,*,#1796,.T.);
#1798=ORIENTED_EDGE('',*,*,#1768,.F.);
#1799=EDGE_LOOP('',(#1784,#1790,#1791,#1797,#1798));
#1800=FACE_BOUND('',#1799,.T.);
#1801=ADVANCED_FACE('NONE',(#1800),#1783,.T.);
#1802=CARTESIAN_POINT('',(126.424906052,-57.147438779,32.157459202));
#1803=DIRECTION('',(-1.,0.,0.));
#1804=DIRECTION('',(0.,0.,1.));
#1805=AXIS2_PLACEMENT_3D('',#1802,#1803,#1804);
#1806=PLANE('',#1805);
#1807=ORIENTED_EDGE('',*,*,#1321,.F.);
#1808=CARTESIAN_POINT('',(126.424906052,-42.247438779,25.457459202));
#1809=VERTEX_POINT('',#1808);
#1810=CARTESIAN_POINT('',(126.424906052,-50.247438779,25.457459202));
#1811=DIRECTION('',(0.,1.,0.));
#1812=VECTOR('',#1811,8.);
#1813=LINE('',#1810,#1812);
#1814=EDGE_CURVE('NONE',#1308,#1809,#1813,.T.);
#1815=ORIENTED_EDGE('',*,*,#1814,.T.);
#1816=CARTESIAN_POINT('',(126.424906052,-42.247438779,25.457459202));
#1817=DIRECTION('',(0.,0.,1.));
#1818=VECTOR('',#1817,3.2);
#1819=LINE('',#1816,#1818);
#1820=EDGE_CURVE('NONE',#1809,#1492,#1819,.T.);
#1821=ORIENTED_EDGE('',*,*,#1820,.T.);
#1822=ORIENTED_EDGE('',*,*,#1497,.F.);
#1823=CARTESIAN_POINT('',(126.424906052,-56.747438779,25.657459202));
#1824=DIRECTION('',(-0.,-0.,1.));
#1825=VECTOR('',#1824,3.);
#1826=LINE('',#1823,#1825);
#1827=EDGE_CURVE('NONE',#1531,#1490,#1826,.T.);
#1828=ORIENTED_EDGE('',*,*,#1827,.F.);
#1829=ORIENTED_EDGE('',*,*,#1536,.T.);
#1830=EDGE_LOOP('',(#1807,#1815,#1821,#1822,#1828,#1829));
#1831=FACE_BOUND('',#1830,.T.);
#1832=ADVANCED_FACE('NONE',(#1831),#1806,.F.);
#1833=CARTESIAN_POINT('',(136.514906052,-57.147438779,32.157459202));
#1834=DIRECTION('',(1.,0.,0.));
#1835=DIRECTION('',(0.,1.,0.));
#1836=AXIS2_PLACEMENT_3D('',#1833,#1834,#1835);
#1837=PLANE('',#1836);
#1838=CARTESIAN_POINT('',(136.514906052,-42.247438779,25.457459202));
#1839=VERTEX_POINT('',#1838);
#1840=CARTESIAN_POINT('',(136.514906052,-42.247438779,25.457459202));
#1841=DIRECTION('',(-0.,-0.,1.));
#1842=VECTOR('',#1841,3.2);
#1843=LINE('',#1840,#1842);
#1844=EDGE_CURVE('NONE',#1839,#1500,#1843,.T.);
#1845=ORIENTED_EDGE('',*,*,#1844,.F.);
#1846=CARTESIAN_POINT('',(136.514906052,-42.247438779,25.457459202));
#1847=DIRECTION('',(-0.,-1.,-0.));
#1848=VECTOR('',#1847,8.);
#1849=LINE('',#1846,#1848);
#1850=EDGE_CURVE('NONE',#1839,#1332,#1849,.T.);
#1851=ORIENTED_EDGE('',*,*,#1850,.T.);
#1852=ORIENTED_EDGE('',*,*,#1337,.T.);
#1853=ORIENTED_EDGE('',*,*,#1550,.F.);
#1854=CARTESIAN_POINT('',(136.514906052,-56.747438779,28.657459202));
#1855=DIRECTION('',(0.,0.,-1.));
#1856=VECTOR('',#1855,3.);
#1857=LINE('',#1854,#1856);
#1858=EDGE_CURVE('NONE',#1508,#1539,#1857,.T.);
#1859=ORIENTED_EDGE('',*,*,#1858,.F.);
#1860=ORIENTED_EDGE('',*,*,#1513,.T.);
#1861=EDGE_LOOP('',(#1845,#1851,#1852,#1853,#1859,#1860));
#1862=FACE_BOUND('',#1861,.T.);
#1863=ADVANCED_FACE('NONE',(#1862),#1837,.F.);
#1864=CARTESIAN_POINT('',(38.8,-56.747438779,9.357459202));
#1865=DIRECTION('',(0.,1.,0.));
#1866=DIRECTION('',(1.,0.,0.));
#1867=AXIS2_PLACEMENT_3D('',#1864,#1865,#1866);
#1868=PLANE('',#1867);
#1869=ORIENTED_EDGE('',*,*,#1827,.T.);
#1870=ORIENTED_EDGE('',*,*,#1519,.T.);
#1871=ORIENTED_EDGE('',*,*,#1858,.T.);
#1872=ORIENTED_EDGE('',*,*,#1544,.T.);
#1873=EDGE_LOOP('',(#1869,#1870,#1871,#1872));
#1874=FACE_BOUND('',#1873,.T.);
#1875=ADVANCED_FACE('NONE',(#1874),#1868,.T.);
#1876=CARTESIAN_POINT('',(144.0198,-52.747438779,11.911012593));
#1877=DIRECTION('',(0.,0.,1.));
#1878=DIRECTION('',(1.,0.,-0.));
#1879=AXIS2_PLACEMENT_3D('',#1876,#1877,#1878);
#1880=CONICAL_SURFACE('',#1879,5.646446609,44.999999847);
#1881=ORIENTED_EDGE('',*,*,#1091,.T.);
#1882=ORIENTED_EDGE('',*,*,#1695,.F.);
#1883=CARTESIAN_POINT('',(144.0198,-58.040331997,11.557459202));
#1884=DIRECTION('',(-0.,-0.707106781,0.707106781));
#1885=VECTOR('',#1884,2.414213565);
#1886=LINE('',#1883,#1885);
#1887=EDGE_CURVE('NONE',#751,#1689,#1886,.T.);
#1888=ORIENTED_EDGE('',*,*,#1887,.F.);
#1889=ORIENTED_EDGE('',*,*,#757,.F.);
#1890=EDGE_LOOP('',(#1881,#1882,#1888,#1889));
#1891=FACE_BOUND('',#1890,.T.);
#1892=ADVANCED_FACE('NONE',(#1891),#1880,.T.);
#1893=CARTESIAN_POINT('',(-143.4198,-52.747438779,11.911012593));
#1894=DIRECTION('',(0.,0.,1.));
#1895=DIRECTION('',(1.,0.,-0.));
#1896=AXIS2_PLACEMENT_3D('',#1893,#1894,#1895);
#1897=CONICAL_SURFACE('',#1896,5.646446609,44.999999847);
#1898=ORIENTED_EDGE('',*,*,#1115,.T.);
#1899=ORIENTED_EDGE('',*,*,#774,.F.);
#1900=CARTESIAN_POINT('',(-143.4198,-59.74743878,13.264565985));
#1901=DIRECTION('',(0.,0.707106781,-0.707106781));
#1902=VECTOR('',#1901,2.414213566);
#1903=LINE('',#1900,#1902);
#1904=EDGE_CURVE('NONE',#1724,#760,#1903,.T.);
#1905=ORIENTED_EDGE('',*,*,#1904,.F.);
#1906=ORIENTED_EDGE('',*,*,#1744,.F.);
#1907=EDGE_LOOP('',(#1898,#1899,#1905,#1906));
#1908=FACE_BOUND('',#1907,.T.);
#1909=ADVANCED_FACE('NONE',(#1908),#1897,.T.);
#1910=CARTESIAN_POINT('',(0.,-58.393885388,11.911012593));
#1911=DIRECTION('',(0.,0.707106781,0.707106781));
#1912=DIRECTION('',(1.,0.,0.));
#1913=AXIS2_PLACEMENT_3D('',#1910,#1911,#1912);
#1914=PLANE('',#1913);
#1915=ORIENTED_EDGE('',*,*,#1887,.T.);
#1916=CARTESIAN_POINT('',(-143.4198,-59.747438779,13.264565985));
#1917=DIRECTION('',(1.,0.,-0.));
#1918=VECTOR('',#1917,287.4396);
#1919=LINE('',#1916,#1918);
#1920=EDGE_CURVE('NONE',#1724,#1689,#1919,.T.);
#1921=ORIENTED_EDGE('',*,*,#1920,.F.);
#1922=ORIENTED_EDGE('',*,*,#1904,.T.);
#1923=ORIENTED_EDGE('',*,*,#765,.F.);
#1924=EDGE_LOOP('',(#1915,#1921,#1922,#1923));
#1925=FACE_BOUND('',#1924,.T.);
#1926=ADVANCED_FACE('NONE',(#1925),#1914,.F.);
#1927=CARTESIAN_POINT('',(-143.4198,-52.747438779,29.762484455));
#1928=DIRECTION('',(0.,0.,-1.));
#1929=DIRECTION('',(-1.,0.,0.));
#1930=AXIS2_PLACEMENT_3D('',#1927,#1928,#1929);
#1931=CONICAL_SURFACE('',#1930,5.505025253,44.999999847);
#1932=ORIENTED_EDGE('',*,*,#1130,.T.);
#1933=ORIENTED_EDGE('',*,*,#1736,.F.);
#1934=CARTESIAN_POINT('',(-143.4198,-57.757489284,30.257459203));
#1935=DIRECTION('',(-0.,-0.707106781,-0.707106781));
#1936=VECTOR('',#1935,2.814213567);
#1937=LINE('',#1934,#1936);
#1938=EDGE_CURVE('NONE',#143,#1722,#1937,.T.);
#1939=ORIENTED_EDGE('',*,*,#1938,.F.);
#1940=ORIENTED_EDGE('',*,*,#149,.F.);
#1941=EDGE_LOOP('',(#1932,#1933,#1939,#1940));
#1942=FACE_BOUND('',#1941,.T.);
#1943=ADVANCED_FACE('NONE',(#1942),#1931,.T.);
#1944=CARTESIAN_POINT('',(144.0198,-52.747438779,29.762484455));
#1945=DIRECTION('',(0.,0.,-1.));
#1946=DIRECTION('',(-1.,0.,0.));
#1947=AXIS2_PLACEMENT_3D('',#1944,#1945,#1946);
#1948=CONICAL_SURFACE('',#1947,5.505025253,44.999999847);
#1949=ORIENTED_EDGE('',*,*,#1153,.T.);
#1950=ORIENTED_EDGE('',*,*,#166,.F.);
#1951=CARTESIAN_POINT('',(144.0198,-59.747438781,28.267509706));
#1952=DIRECTION('',(0.,0.707106781,0.707106781));
#1953=VECTOR('',#1952,2.814213568);
#1954=LINE('',#1951,#1953);
#1955=EDGE_CURVE('NONE',#1699,#152,#1954,.T.);
#1956=ORIENTED_EDGE('',*,*,#1955,.F.);
#1957=ORIENTED_EDGE('',*,*,#1705,.F.);
#1958=EDGE_LOOP('',(#1949,#1950,#1956,#1957));
#1959=FACE_BOUND('',#1958,.T.);
#1960=ADVANCED_FACE('NONE',(#1959),#1948,.T.);
#1961=CARTESIAN_POINT('',(0.3,-58.252464032,29.762484455));
#1962=DIRECTION('',(0.,0.707106781,-0.707106781));
#1963=DIRECTION('',(-1.,0.,0.));
#1964=AXIS2_PLACEMENT_3D('',#1961,#1962,#1963);
#1965=PLANE('',#1964);
#1966=ORIENTED_EDGE('',*,*,#1938,.T.);
#1967=CARTESIAN_POINT('',(144.0198,-59.747438779,28.267509705));
#1968=DIRECTION('',(-1.,-0.,0.));
#1969=VECTOR('',#1968,287.4396);
#1970=LINE('',#1967,#1969);
#1971=EDGE_CURVE('NONE',#1699,#1722,#1970,.T.);
#1972=ORIENTED_EDGE('',*,*,#1971,.F.);
#1973=ORIENTED_EDGE('',*,*,#1955,.T.);
#1974=ORIENTED_EDGE('',*,*,#157,.F.);
#1975=EDGE_LOOP('',(#1966,#1972,#1973,#1974));
#1976=FACE_BOUND('',#1975,.T.);
#1977=ADVANCED_FACE('NONE',(#1976),#1965,.F.);
#1978=CARTESIAN_POINT('',(110.299990177,-59.747438779,20.307457932));
#1979=DIRECTION('',(0.,-1.,0.));
#1980=DIRECTION('',(0.,0.,-1.));
#1981=AXIS2_PLACEMENT_3D('',#1978,#1979,#1980);
#1982=PLANE('',#1981);
#1983=ORIENTED_EDGE('',*,*,#1711,.T.);
#1984=ORIENTED_EDGE('',*,*,#1971,.T.);
#1985=ORIENTED_EDGE('',*,*,#1729,.T.);
#1986=ORIENTED_EDGE('',*,*,#1920,.T.);
#1987=EDGE_LOOP('',(#1983,#1984,#1985,#1986));
#1988=FACE_BOUND('',#1987,.T.);
#1989=ADVANCED_FACE('NONE',(#1988),#1982,.T.);
#1990=CARTESIAN_POINT('',(-144.0198,-13.625413779,14.987459202));
#1991=DIRECTION('',(0.,1.,0.));
#1992=DIRECTION('',(1.,0.,0.));
#1993=AXIS2_PLACEMENT_3D('',#1990,#1991,#1992);
#1994=PLANE('',#1993);
#1995=CARTESIAN_POINT('',(-145.224774747,-13.625413779,14.487459202));
#1996=VERTEX_POINT('',#1995);
#1997=CARTESIAN_POINT('',(-146.5198,-13.625413779,15.782484455));
#1998=DIRECTION('',(0.707106781,0.,-0.707106781));
#1999=VECTOR('',#1998,1.831442276);
#2000=LINE('',#1997,#1999);
#2001=EDGE_CURVE('NONE',#984,#1996,#2000,.T.);
#2002=ORIENTED_EDGE('',*,*,#2001,.T.);
#2003=CARTESIAN_POINT('',(-145.224774747,-13.625413779,14.487459202));
#2004=DIRECTION('',(-1.,-0.,0.));
#2005=VECTOR('',#2004,1.295025253);
#2006=LINE('',#2003,#2005);
#2007=EDGE_CURVE('NONE',#1996,#992,#2006,.T.);
#2008=ORIENTED_EDGE('',*,*,#2007,.T.);
#2009=ORIENTED_EDGE('',*,*,#997,.F.);
#2010=EDGE_LOOP('',(#2002,#2008,#2009));
#2011=FACE_BOUND('',#2010,.T.);
#2012=ADVANCED_FACE('NONE',(#2011),#1994,.T.);
#2013=CARTESIAN_POINT('',(-144.0198,-43.625413779,14.987459202));
#2014=DIRECTION('',(0.,-1.,0.));
#2015=DIRECTION('',(0.,0.,-1.));
#2016=AXIS2_PLACEMENT_3D('',#2013,#2014,#2015);
#2017=PLANE('',#2016);
#2018=CARTESIAN_POINT('',(-145.224774747,-43.625413779,14.487459202));
#2019=VERTEX_POINT('',#2018);
#2020=CARTESIAN_POINT('',(-146.5198,-43.625413779,14.487459202));
#2021=DIRECTION('',(1.,0.,-0.));
#2022=VECTOR('',#2021,1.295025253);
#2023=LINE('',#2020,#2022);
#2024=EDGE_CURVE('NONE',#958,#2019,#2023,.T.);
#2025=ORIENTED_EDGE('',*,*,#2024,.T.);
#2026=CARTESIAN_POINT('',(-145.224774747,-43.625413779,14.487459202));
#2027=DIRECTION('',(-0.707106781,0.,0.707106781));
#2028=VECTOR('',#2027,1.831442277);
#2029=LINE('',#2026,#2028);
#2030=EDGE_CURVE('NONE',#2019,#960,#2029,.T.);
#2031=ORIENTED_EDGE('',*,*,#2030,.T.);
#2032=ORIENTED_EDGE('',*,*,#965,.F.);
#2033=EDGE_LOOP('',(#2025,#2031,#2032));
#2034=FACE_BOUND('',#2033,.T.);
#2035=ADVANCED_FACE('NONE',(#2034),#2017,.T.);
#2036=CARTESIAN_POINT('',(-144.0198,-28.625413779,13.987459202));
#2037=DIRECTION('',(0.,0.,-1.));
#2038=DIRECTION('',(0.,-1.,0.));
#2039=AXIS2_PLACEMENT_3D('',#2036,#2037,#2038);
#2040=PLANE('',#2039);
#2041=CARTESIAN_POINT('',(-143.734825254,-14.325413778,13.987459202));
#2042=VERTEX_POINT('',#2041);
#2043=CARTESIAN_POINT('',(-143.734825253,-42.925413779,13.987459202));
#2044=VERTEX_POINT('',#2043);
#2045=CARTESIAN_POINT('',(-143.734825254,-14.325413778,13.987459202));
#2046=DIRECTION('',(0.,-1.,0.));
#2047=VECTOR('',#2046,28.600000001);
#2048=LINE('',#2045,#2047);
#2049=EDGE_CURVE('NONE',#2042,#2044,#2048,.T.);
#2050=ORIENTED_EDGE('',*,*,#2049,.T.);
#2051=CARTESIAN_POINT('',(-144.017667965,-43.125413779,13.987459202));
#2052=VERTEX_POINT('',#2051);
#2053=CARTESIAN_POINT('',(-144.017667965,-43.125413779,13.987459202));
#2054=DIRECTION('',(0.816496581,0.577350269,0.));
#2055=VECTOR('',#2054,0.34641016);
#2056=LINE('',#2053,#2055);
#2057=EDGE_CURVE('NONE',#2052,#2044,#2056,.T.);
#2058=ORIENTED_EDGE('',*,*,#2057,.F.);
#2059=CARTESIAN_POINT('',(-144.017667965,-43.125413779,13.987459202));
#2060=DIRECTION('',(-1.,0.,0.));
#2061=VECTOR('',#2060,2.502132035);
#2062=LINE('',#2059,#2061);
#2063=EDGE_CURVE('NONE',#2052,#1008,#2062,.T.);
#2064=ORIENTED_EDGE('',*,*,#2063,.T.);
#2065=ORIENTED_EDGE('',*,*,#1013,.F.);
#2066=CARTESIAN_POINT('',(-144.017667965,-14.125413779,13.987459202));
#2067=VERTEX_POINT('',#2066);
#2068=CARTESIAN_POINT('',(-146.5198,-14.125413779,13.987459202));
#2069=DIRECTION('',(1.,-0.,-0.));
#2070=VECTOR('',#2069,2.502132035);
#2071=LINE('',#2068,#2070);
#2072=EDGE_CURVE('NONE',#1000,#2067,#2071,.T.);
#2073=ORIENTED_EDGE('',*,*,#2072,.T.);
#2074=CARTESIAN_POINT('',(-144.017667965,-14.125413779,13.987459202));
#2075=DIRECTION('',(0.816496581,-0.577350269,0.));
#2076=VECTOR('',#2075,0.34641016);
#2077=LINE('',#2074,#2076);
#2078=EDGE_CURVE('NONE',#2067,#2042,#2077,.T.);
#2079=ORIENTED_EDGE('',*,*,#2078,.T.);
#2080=EDGE_LOOP('',(#2050,#2058,#2064,#2065,#2073,#2079));
#2081=FACE_BOUND('',#2080,.T.);
#2082=ADVANCED_FACE('NONE',(#2081),#2040,.T.);
#2083=CARTESIAN_POINT('',(-68.302412627,-1.803388779,-61.444953424));
#2084=DIRECTION('',(0.707106781,0.,0.707106781));
#2085=DIRECTION('',(0.,-1.,0.));
#2086=AXIS2_PLACEMENT_3D('',#2083,#2084,#2085);
#2087=PLANE('',#2086);
#2088=ORIENTED_EDGE('',*,*,#981,.F.);
#2089=CARTESIAN_POINT('',(-146.5198,-42.925413779,16.772433949));
#2090=DIRECTION('',(0.707106781,0.,-0.707106781));
#2091=VECTOR('',#2090,3.938549058);
#2092=LINE('',#2089,#2091);
#2093=EDGE_CURVE('NONE',#968,#2044,#2092,.T.);
#2094=ORIENTED_EDGE('',*,*,#2093,.T.);
#2095=ORIENTED_EDGE('',*,*,#2049,.F.);
#2096=CARTESIAN_POINT('',(-143.734825253,-14.325413778,13.987459202));
#2097=DIRECTION('',(-0.707106781,-0.,0.707106781));
#2098=VECTOR('',#2097,3.938549058);
#2099=LINE('',#2096,#2098);
#2100=EDGE_CURVE('NONE',#2042,#976,#2099,.T.);
#2101=ORIENTED_EDGE('',*,*,#2100,.T.);
#2102=EDGE_LOOP('',(#2088,#2094,#2095,#2101));
#2103=FACE_BOUND('',#2102,.T.);
#2104=ADVANCED_FACE('NONE',(#2103),#2087,.T.);
#2105=CARTESIAN_POINT('',(-144.0198,-43.125413779,13.987459202));
#2106=DIRECTION('',(0.,0.707106781,0.707106781));
#2107=DIRECTION('',(1.,0.,0.));
#2108=AXIS2_PLACEMENT_3D('',#2105,#2106,#2107);
#2109=PLANE('',#2108);
#2110=ORIENTED_EDGE('',*,*,#1019,.F.);
#2111=ORIENTED_EDGE('',*,*,#2063,.F.);
#2112=CARTESIAN_POINT('',(-145.224774746,-43.625413779,14.487459202));
#2113=DIRECTION('',(0.862856209,0.357406744,-0.357406744));
#2114=VECTOR('',#2113,1.398966326);
#2115=LINE('',#2112,#2114);
#2116=EDGE_CURVE('NONE',#2019,#2052,#2115,.T.);
#2117=ORIENTED_EDGE('',*,*,#2116,.F.);
#2118=ORIENTED_EDGE('',*,*,#2024,.F.);
#2119=EDGE_LOOP('',(#2110,#2111,#2117,#2118));
#2120=FACE_BOUND('',#2119,.T.);
#2121=ADVANCED_FACE('NONE',(#2120),#2109,.F.);
#2122=CARTESIAN_POINT('',(-144.872287373,-43.625413779,14.134971829));
#2123=DIRECTION('',(-0.5,0.707106781,-0.5));
#2124=DIRECTION('',(-0.707106781,0.,0.707106781));
#2125=AXIS2_PLACEMENT_3D('',#2122,#2123,#2124);
#2126=PLANE('',#2125);
#2127=ORIENTED_EDGE('',*,*,#2116,.T.);
#2128=ORIENTED_EDGE('',*,*,#2057,.T.);
#2129=ORIENTED_EDGE('',*,*,#2093,.F.);
#2130=ORIENTED_EDGE('',*,*,#973,.F.);
#2131=ORIENTED_EDGE('',*,*,#2030,.F.);
#2132=EDGE_LOOP('',(#2127,#2128,#2129,#2130,#2131));
#2133=FACE_BOUND('',#2132,.T.);
#2134=ADVANCED_FACE('NONE',(#2133),#2126,.F.);
#2135=CARTESIAN_POINT('',(-144.872287373,-13.625413779,14.134971829));
#2136=DIRECTION('',(-0.5,-0.707106781,-0.5));
#2137=DIRECTION('',(0.,0.577350269,-0.816496581));
#2138=AXIS2_PLACEMENT_3D('',#2135,#2136,#2137);
#2139=PLANE('',#2138);
#2140=ORIENTED_EDGE('',*,*,#989,.F.);
#2141=ORIENTED_EDGE('',*,*,#2100,.F.);
#2142=ORIENTED_EDGE('',*,*,#2078,.F.);
#2143=CARTESIAN_POINT('',(-145.224774747,-13.625413779,14.487459202));
#2144=DIRECTION('',(0.86285621,-0.357406744,-0.357406744));
#2145=VECTOR('',#2144,1.398966327);
#2146=LINE('',#2143,#2145);
#2147=EDGE_CURVE('NONE',#1996,#2067,#2146,.T.);
#2148=ORIENTED_EDGE('',*,*,#2147,.F.);
#2149=ORIENTED_EDGE('',*,*,#2001,.F.);
#2150=EDGE_LOOP('',(#2140,#2141,#2142,#2148,#2149));
#2151=FACE_BOUND('',#2150,.T.);
#2152=ADVANCED_FACE('NONE',(#2151),#2139,.F.);
#2153=CARTESIAN_POINT('',(-144.0198,-13.625413779,14.487459202));
#2154=DIRECTION('',(0.,-0.707106781,0.707106781));
#2155=DIRECTION('',(-1.,0.,0.));
#2156=AXIS2_PLACEMENT_3D('',#2153,#2154,#2155);
#2157=PLANE('',#2156);
#2158=ORIENTED_EDGE('',*,*,#2147,.T.);
#2159=ORIENTED_EDGE('',*,*,#2072,.F.);
#2160=ORIENTED_EDGE('',*,*,#1005,.F.);
#2161=ORIENTED_EDGE('',*,*,#2007,.F.);
#2162=EDGE_LOOP('',(#2158,#2159,#2160,#2161));
#2163=FACE_BOUND('',#2162,.T.);
#2164=ADVANCED_FACE('NONE',(#2163),#2157,.F.);
#2165=CARTESIAN_POINT('',(-4.83,-51.447438779,26.807459202));
#2166=DIRECTION('',(-1.,0.,0.));
#2167=DIRECTION('',(0.,0.,1.));
#2168=AXIS2_PLACEMENT_3D('',#2165,#2166,#2167);
#2169=PLANE('',#2168);
#2170=ORIENTED_EDGE('',*,*,#1411,.F.);
#2171=ORIENTED_EDGE('',*,*,#1479,.F.);
#2172=CARTESIAN_POINT('',(-4.83,-56.747438779,25.657459202));
#2173=DIRECTION('',(-0.,-0.,1.));
#2174=VECTOR('',#2173,3.);
#2175=LINE('',#2172,#2174);
#2176=EDGE_CURVE('NONE',#1429,#1468,#2175,.T.);
#2177=ORIENTED_EDGE('',*,*,#2176,.F.);
#2178=ORIENTED_EDGE('',*,*,#1434,.T.);
#2179=EDGE_LOOP('',(#2170,#2171,#2177,#2178));
#2180=FACE_BOUND('',#2179,.T.);
#2181=ADVANCED_FACE('NONE',(#2180),#2169,.F.);
#2182=CARTESIAN_POINT('',(5.26,-51.447438779,26.807459202));
#2183=DIRECTION('',(1.,0.,0.));
#2184=DIRECTION('',(0.,1.,0.));
#2185=AXIS2_PLACEMENT_3D('',#2182,#2183,#2184);
#2186=PLANE('',#2185);
#2187=ORIENTED_EDGE('',*,*,#1465,.T.);
#2188=ORIENTED_EDGE('',*,*,#1395,.T.);
#2189=ORIENTED_EDGE('',*,*,#1448,.F.);
#2190=CARTESIAN_POINT('',(5.26,-56.747438779,28.657459202));
#2191=DIRECTION('',(0.,0.,-1.));
#2192=VECTOR('',#2191,3.);
#2193=LINE('',#2190,#2192);
#2194=EDGE_CURVE('NONE',#1460,#1437,#2193,.T.);
#2195=ORIENTED_EDGE('',*,*,#2194,.F.);
#2196=EDGE_LOOP('',(#2187,#2188,#2189,#2195));
#2197=FACE_BOUND('',#2196,.T.);
#2198=ADVANCED_FACE('NONE',(#2197),#2186,.F.);
#2199=CARTESIAN_POINT('',(0.,-56.747438779,12.274639419));
#2200=DIRECTION('',(0.,1.,0.));
#2201=DIRECTION('',(1.,0.,0.));
#2202=AXIS2_PLACEMENT_3D('',#2199,#2200,#2201);
#2203=PLANE('',#2202);
#2204=ORIENTED_EDGE('',*,*,#2176,.T.);
#2205=ORIENTED_EDGE('',*,*,#1473,.T.);
#2206=ORIENTED_EDGE('',*,*,#2194,.T.);
#2207=ORIENTED_EDGE('',*,*,#1442,.T.);
#2208=EDGE_LOOP('',(#2204,#2205,#2206,#2207));
#2209=FACE_BOUND('',#2208,.T.);
#2210=ADVANCED_FACE('NONE',(#2209),#2203,.T.);
#2211=CARTESIAN_POINT('',(-141.5198,-52.247438779,11.557459202));
#2212=DIRECTION('',(0.,0.,-1.));
#2213=DIRECTION('',(-1.,0.,0.));
#2214=AXIS2_PLACEMENT_3D('',#2211,#2212,#2213);
#2215=CONICAL_SURFACE('',#2214,5.2,44.999999949);
#2216=ORIENTED_EDGE('',*,*,#1184,.T.);
#2217=ORIENTED_EDGE('',*,*,#1678,.F.);
#2218=CARTESIAN_POINT('',(-141.5198,-57.447438779,11.557459202));
#2219=DIRECTION('',(0.,0.707106781,0.707106781));
#2220=VECTOR('',#2219,0.282842712);
#2221=LINE('',#2218,#2220);
#2222=EDGE_CURVE('NONE',#869,#1601,#2221,.T.);
#2223=ORIENTED_EDGE('',*,*,#2222,.F.);
#2224=ORIENTED_EDGE('',*,*,#875,.F.);
#2225=EDGE_LOOP('',(#2216,#2217,#2223,#2224));
#2226=FACE_BOUND('',#2225,.T.);
#2227=ADVANCED_FACE('NONE',(#2226),#2215,.F.);
#2228=CARTESIAN_POINT('',(-72.8099,-57.247438779,11.757459202));
#2229=DIRECTION('',(0.,0.707106781,-0.707106781));
#2230=DIRECTION('',(-1.,0.,0.));
#2231=AXIS2_PLACEMENT_3D('',#2228,#2229,#2230);
#2232=PLANE('',#2231);
#2233=ORIENTED_EDGE('',*,*,#2222,.T.);
#2234=ORIENTED_EDGE('',*,*,#1630,.F.);
#2235=CARTESIAN_POINT('',(141.6198,-57.447438779,11.557459202));
#2236=CARTESIAN_POINT('',(141.6198,-57.380772112,11.624125869));
#2237=CARTESIAN_POINT('',(141.6198,-57.314105446,11.690792535));
#2238=CARTESIAN_POINT('',(141.6198,-57.247438779,11.757459202));
#2239=B_SPLINE_CURVE_WITH_KNOTS('',3,(#2235,#2236,#2237,#2238),.UNSPECIFIED.,.F.,.F.,(4,4),(0.,0.282842712),.UNSPECIFIED.);
#2240=EDGE_CURVE('NONE',#878,#1619,#2239,.T.);
#2241=ORIENTED_EDGE('',*,*,#2240,.F.);
#2242=ORIENTED_EDGE('',*,*,#883,.F.);
#2243=EDGE_LOOP('',(#2233,#2234,#2241,#2242));
#2244=FACE_BOUND('',#2243,.T.);
#2245=ADVANCED_FACE('NONE',(#2244),#2232,.T.);
#2246=CARTESIAN_POINT('',(141.6198,-52.147438779,11.557459202));
#2247=DIRECTION('',(0.,0.,-1.));
#2248=DIRECTION('',(-1.,0.,0.));
#2249=AXIS2_PLACEMENT_3D('',#2246,#2247,#2248);
#2250=CONICAL_SURFACE('',#2249,5.3,44.999999949);
#2251=ORIENTED_EDGE('',*,*,#2240,.T.);
#2252=ORIENTED_EDGE('',*,*,#1654,.F.);
#2253=CARTESIAN_POINT('',(146.9198,-52.147438779,11.557459202));
#2254=DIRECTION('',(-0.707106781,0.,0.707106781));
#2255=VECTOR('',#2254,0.282842712);
#2256=LINE('',#2253,#2255);
#2257=EDGE_CURVE('NONE',#886,#1561,#2256,.T.);
#2258=ORIENTED_EDGE('',*,*,#2257,.F.);
#2259=ORIENTED_EDGE('',*,*,#892,.F.);
#2260=EDGE_LOOP('',(#2251,#2252,#2258,#2259));
#2261=FACE_BOUND('',#2260,.T.);
#2262=ADVANCED_FACE('NONE',(#2261),#2250,.F.);
#2263=CARTESIAN_POINT('',(146.7198,25.368636221,11.757459202));
#2264=DIRECTION('',(-0.707106781,0.,-0.707106781));
#2265=DIRECTION('',(-0.707106781,0.,0.707106781));
#2266=AXIS2_PLACEMENT_3D('',#2263,#2264,#2265);
#2267=PLANE('',#2266);
#2268=ORIENTED_EDGE('',*,*,#1590,.F.);
#2269=CARTESIAN_POINT('',(146.7198,-21.003388779,11.757459202));
#2270=DIRECTION('',(0.577350269,0.577350269,-0.577350269));
#2271=VECTOR('',#2270,0.346410162);
#2272=LINE('',#2269,#2271);
#2273=EDGE_CURVE('NONE',#1579,#895,#2272,.T.);
#2274=ORIENTED_EDGE('',*,*,#2273,.T.);
#2275=ORIENTED_EDGE('',*,*,#900,.F.);
#2276=ORIENTED_EDGE('',*,*,#2257,.T.);
#2277=EDGE_LOOP('',(#2268,#2274,#2275,#2276));
#2278=FACE_BOUND('',#2277,.T.);
#2279=ADVANCED_FACE('NONE',(#2278),#2267,.T.);
#2280=CARTESIAN_POINT('',(146.2198,-21.003388779,11.757459202));
#2281=DIRECTION('',(0.,-0.707106781,-0.707106781));
#2282=DIRECTION('',(0.,-0.707106781,0.707106781));
#2283=AXIS2_PLACEMENT_3D('',#2280,#2281,#2282);
#2284=PLANE('',#2283);
#2285=ORIENTED_EDGE('',*,*,#2273,.F.);
#2286=ORIENTED_EDGE('',*,*,#1774,.F.);
#2287=CARTESIAN_POINT('',(144.702642712,-20.803388779,11.557459202));
#2288=DIRECTION('',(-0.281084637,-0.678598345,0.678598344));
#2289=VECTOR('',#2288,0.294725152);
#2290=LINE('',#2287,#2289);
#2291=EDGE_CURVE('NONE',#903,#1763,#2290,.T.);
#2292=ORIENTED_EDGE('',*,*,#2291,.F.);
#2293=ORIENTED_EDGE('',*,*,#908,.F.);
#2294=EDGE_LOOP('',(#2285,#2286,#2292,#2293));
#2295=FACE_BOUND('',#2294,.T.);
#2296=ADVANCED_FACE('NONE',(#2295),#2284,.T.);
#2297=CARTESIAN_POINT('',(62.826321356,61.072932578,11.557459202));
#2298=DIRECTION('',(0.5,0.5,0.707106781));
#2299=DIRECTION('',(0.707106781,-0.707106781,0.));
#2300=AXIS2_PLACEMENT_3D('',#2297,#2298,#2299);
#2301=PLANE('',#2300);
#2302=ORIENTED_EDGE('',*,*,#2291,.T.);
#2303=ORIENTED_EDGE('',*,*,#1796,.F.);
#2304=ORIENTED_EDGE('',*,*,#1205,.F.);
#2305=ORIENTED_EDGE('',*,*,#916,.F.);
#2306=EDGE_LOOP('',(#2302,#2303,#2304,#2305));
#2307=FACE_BOUND('',#2306,.T.);
#2308=ADVANCED_FACE('NONE',(#2307),#2301,.F.);
#2309=CARTESIAN_POINT('',(-141.5198,-52.247438779,24.257459202));
#2310=DIRECTION('',(0.,0.,-1.));
#2311=DIRECTION('',(-1.,0.,0.));
#2312=AXIS2_PLACEMENT_3D('',#2309,#2310,#2311);
#2313=CONICAL_SURFACE('',#2312,5.,44.999999949);
#2314=ORIENTED_EDGE('',*,*,#1229,.T.);
#2315=ORIENTED_EDGE('',*,*,#494,.F.);
#2316=CARTESIAN_POINT('',(-141.5198,-57.247438779,24.257459202));
#2317=DIRECTION('',(0.,0.707106781,0.707106781));
#2318=VECTOR('',#2317,0.282842713);
#2319=LINE('',#2316,#2318);
#2320=EDGE_CURVE('NONE',#1603,#480,#2319,.T.);
#2321=ORIENTED_EDGE('',*,*,#2320,.F.);
#2322=ORIENTED_EDGE('',*,*,#1670,.F.);
#2323=EDGE_LOOP('',(#2314,#2315,#2321,#2322));
#2324=FACE_BOUND('',#2323,.T.);
#2325=ADVANCED_FACE('NONE',(#2324),#2313,.F.);
#2326=CARTESIAN_POINT('',(-72.8099,-57.247438779,24.257459202));
#2327=DIRECTION('',(0.,0.707106781,-0.707106781));
#2328=DIRECTION('',(-1.,0.,0.));
#2329=AXIS2_PLACEMENT_3D('',#2326,#2327,#2328);
#2330=PLANE('',#2329);
#2331=ORIENTED_EDGE('',*,*,#2320,.T.);
#2332=ORIENTED_EDGE('',*,*,#485,.F.);
#2333=CARTESIAN_POINT('',(141.6198,-57.247438779,24.257459202));
#2334=CARTESIAN_POINT('',(141.6198,-57.180772112,24.324125869));
#2335=CARTESIAN_POINT('',(141.6198,-57.114105446,24.390792535));
#2336=CARTESIAN_POINT('',(141.6198,-57.047438779,24.457459202));
#2337=B_SPLINE_CURVE_WITH_KNOTS('',3,(#2333,#2334,#2335,#2336),.UNSPECIFIED.,.F.,.F.,(4,4),(0.,0.282842712),.UNSPECIFIED.);
#2338=EDGE_CURVE('NONE',#1611,#471,#2337,.T.);
#2339=ORIENTED_EDGE('',*,*,#2338,.F.);
#2340=ORIENTED_EDGE('',*,*,#1616,.F.);
#2341=EDGE_LOOP('',(#2331,#2332,#2339,#2340));
#2342=FACE_BOUND('',#2341,.T.);
#2343=ADVANCED_FACE('NONE',(#2342),#2330,.T.);
#2344=CARTESIAN_POINT('',(141.6198,-52.147438779,24.257459202));
#2345=DIRECTION('',(0.,0.,-1.));
#2346=DIRECTION('',(-1.,0.,0.));
#2347=AXIS2_PLACEMENT_3D('',#2344,#2345,#2346);
#2348=CONICAL_SURFACE('',#2347,5.1,44.999999949);
#2349=ORIENTED_EDGE('',*,*,#2338,.T.);
#2350=ORIENTED_EDGE('',*,*,#477,.F.);
#2351=CARTESIAN_POINT('',(146.7198,-52.147438779,24.257459202));
#2352=DIRECTION('',(-0.707106781,0.,0.707106781));
#2353=VECTOR('',#2352,0.282842713);
#2354=LINE('',#2351,#2353);
#2355=EDGE_CURVE('NONE',#1563,#463,#2354,.T.);
#2356=ORIENTED_EDGE('',*,*,#2355,.F.);
#2357=ORIENTED_EDGE('',*,*,#1646,.F.);
#2358=EDGE_LOOP('',(#2349,#2350,#2356,#2357));
#2359=FACE_BOUND('',#2358,.T.);
#2360=ADVANCED_FACE('NONE',(#2359),#2348,.F.);
#2361=CARTESIAN_POINT('',(146.7198,25.368636221,24.257459202));
#2362=DIRECTION('',(-0.707106781,0.,-0.707106781));
#2363=DIRECTION('',(-0.707106781,0.,0.707106781));
#2364=AXIS2_PLACEMENT_3D('',#2361,#2362,#2363);
#2365=PLANE('',#2364);
#2366=ORIENTED_EDGE('',*,*,#2355,.T.);
#2367=ORIENTED_EDGE('',*,*,#468,.F.);
#2368=ORIENTED_EDGE('',*,*,#1759,.F.);
#2369=ORIENTED_EDGE('',*,*,#1576,.F.);
#2370=EDGE_LOOP('',(#2366,#2367,#2368,#2369));
#2371=FACE_BOUND('',#2370,.T.);
#2372=ADVANCED_FACE('NONE',(#2371),#2365,.T.);
#2373=CARTESIAN_POINT('',(129.970295109,-31.19405,28.657459202));
#2374=DIRECTION('',(0.,1.,0.));
#2375=DIRECTION('',(1.,0.,0.));
#2376=AXIS2_PLACEMENT_3D('',#2373,#2374,#2375);
#2377=PLANE('',#2376);
#2378=CARTESIAN_POINT('',(141.9198,-31.19405,29.657459202));
#2379=VERTEX_POINT('',#2378);
#2380=CARTESIAN_POINT('',(141.9198,-31.19405,24.657459202));
#2381=VERTEX_POINT('',#2380);
#2382=CARTESIAN_POINT('',(141.9198,-31.19405,29.657459202));
#2383=DIRECTION('',(0.,0.,-1.));
#2384=VECTOR('',#2383,5.);
#2385=LINE('',#2382,#2384);
#2386=EDGE_CURVE('NONE',#2379,#2381,#2385,.T.);
#2387=ORIENTED_EDGE('',*,*,#2386,.T.);
#2388=CARTESIAN_POINT('',(117.520790219,-31.19405,24.657459202));
#2389=VERTEX_POINT('',#2388);
#2390=CARTESIAN_POINT('',(141.9198,-31.19405,24.657459202));
#2391=DIRECTION('',(-1.,-0.,0.));
#2392=VECTOR('',#2391,24.399009781);
#2393=LINE('',#2390,#2392);
#2394=EDGE_CURVE('NONE',#2381,#2389,#2393,.T.);
#2395=ORIENTED_EDGE('',*,*,#2394,.T.);
#2396=CARTESIAN_POINT('',(117.520790219,-31.194050001,29.657459202));
#2397=VERTEX_POINT('',#2396);
#2398=CARTESIAN_POINT('',(117.520790219,-31.19405,24.657459202));
#2399=DIRECTION('',(-0.,-0.,1.));
#2400=VECTOR('',#2399,5.);
#2401=LINE('',#2398,#2400);
#2402=EDGE_CURVE('NONE',#2389,#2397,#2401,.T.);
#2403=ORIENTED_EDGE('',*,*,#2402,.T.);
#2404=CARTESIAN_POINT('',(117.520790219,-31.19405,29.657459202));
#2405=DIRECTION('',(1.,0.,-0.));
#2406=VECTOR('',#2405,24.399009781);
#2407=LINE('',#2404,#2406);
#2408=EDGE_CURVE('NONE',#2397,#2379,#2407,.T.);
#2409=ORIENTED_EDGE('',*,*,#2408,.T.);
#2410=EDGE_LOOP('',(#2387,#2395,#2403,#2409));
#2411=FACE_BOUND('',#2410,.T.);
#2412=ADVANCED_FACE('NONE',(#2411),#2377,.T.);
#2413=CARTESIAN_POINT('',(115.520790219,-40.970744389,28.657459202));
#2414=DIRECTION('',(-1.,0.,0.));
#2415=DIRECTION('',(0.,0.,1.));
#2416=AXIS2_PLACEMENT_3D('',#2413,#2414,#2415);
#2417=PLANE('',#2416);
#2418=CARTESIAN_POINT('',(115.520790219,-33.19405,29.657459202));
#2419=VERTEX_POINT('',#2418);
#2420=CARTESIAN_POINT('',(115.520790219,-33.19405,24.657459202));
#2421=VERTEX_POINT('',#2420);
#2422=CARTESIAN_POINT('',(115.520790219,-33.19405,29.657459202));
#2423=DIRECTION('',(-0.,-0.,-1.));
#2424=VECTOR('',#2423,5.);
#2425=LINE('',#2422,#2424);
#2426=EDGE_CURVE('NONE',#2419,#2421,#2425,.T.);
#2427=ORIENTED_EDGE('',*,*,#2426,.T.);
#2428=CARTESIAN_POINT('',(115.520790219,-48.247438779,24.657459202));
#2429=VERTEX_POINT('',#2428);
#2430=CARTESIAN_POINT('',(115.520790219,-33.19405,24.657459202));
#2431=DIRECTION('',(-0.,-1.,-0.));
#2432=VECTOR('',#2431,15.053388779);
#2433=LINE('',#2430,#2432);
#2434=EDGE_CURVE('NONE',#2421,#2429,#2433,.T.);
#2435=ORIENTED_EDGE('',*,*,#2434,.T.);
#2436=CARTESIAN_POINT('',(115.520790219,-48.247438779,29.657459202));
#2437=VERTEX_POINT('',#2436);
#2438=CARTESIAN_POINT('',(115.520790219,-48.247438779,24.657459202));
#2439=DIRECTION('',(0.,0.,1.));
#2440=VECTOR('',#2439,5.);
#2441=LINE('',#2438,#2440);
#2442=EDGE_CURVE('NONE',#2429,#2437,#2441,.T.);
#2443=ORIENTED_EDGE('',*,*,#2442,.T.);
#2444=CARTESIAN_POINT('',(115.520790219,-48.247438779,29.657459202));
#2445=DIRECTION('',(0.,1.,0.));
#2446=VECTOR('',#2445,15.053388779);
#2447=LINE('',#2444,#2446);
#2448=EDGE_CURVE('NONE',#2437,#2419,#2447,.T.);
#2449=ORIENTED_EDGE('',*,*,#2448,.T.);
#2450=EDGE_LOOP('',(#2427,#2435,#2443,#2449));
#2451=FACE_BOUND('',#2450,.T.);
#2452=ADVANCED_FACE('NONE',(#2451),#2417,.T.);
#2453=CARTESIAN_POINT('',(131.469906052,-42.247438779,26.857459202));
#2454=DIRECTION('',(0.,1.,0.));
#2455=DIRECTION('',(1.,0.,0.));
#2456=AXIS2_PLACEMENT_3D('',#2453,#2454,#2455);
#2457=PLANE('',#2456);
#2458=ORIENTED_EDGE('',*,*,#1820,.F.);
#2459=CARTESIAN_POINT('',(126.424906052,-42.247438779,25.457459202));
#2460=DIRECTION('',(1.,0.,-0.));
#2461=VECTOR('',#2460,10.09);
#2462=LINE('',#2459,#2461);
#2463=EDGE_CURVE('NONE',#1809,#1839,#2462,.T.);
#2464=ORIENTED_EDGE('',*,*,#2463,.T.);
#2465=ORIENTED_EDGE('',*,*,#1844,.T.);
#2466=ORIENTED_EDGE('',*,*,#1505,.T.);
#2467=EDGE_LOOP('',(#2458,#2464,#2465,#2466));
#2468=FACE_BOUND('',#2467,.T.);
#2469=ADVANCED_FACE('NONE',(#2468),#2457,.F.);
#2470=CARTESIAN_POINT('',(-114.9198,-40.722438779,27.657459202));
#2471=DIRECTION('',(1.,0.,0.));
#2472=DIRECTION('',(0.,1.,0.));
#2473=AXIS2_PLACEMENT_3D('',#2470,#2471,#2472);
#2474=PLANE('',#2473);
#2475=CARTESIAN_POINT('',(-114.919800001,-48.247438779,29.657459201));
#2476=VERTEX_POINT('',#2475);
#2477=CARTESIAN_POINT('',(-114.9198,-48.247438779,24.657459202));
#2478=VERTEX_POINT('',#2477);
#2479=CARTESIAN_POINT('',(-114.9198,-48.247438779,29.657459201));
#2480=DIRECTION('',(-0.,-0.,-1.));
#2481=VECTOR('',#2480,4.999999999);
#2482=LINE('',#2479,#2481);
#2483=EDGE_CURVE('NONE',#2476,#2478,#2482,.T.);
#2484=ORIENTED_EDGE('',*,*,#2483,.T.);
#2485=CARTESIAN_POINT('',(-114.9198,-33.197438779,24.657459202));
#2486=VERTEX_POINT('',#2485);
#2487=CARTESIAN_POINT('',(-114.9198,-48.247438779,24.657459202));
#2488=DIRECTION('',(0.,1.,0.));
#2489=VECTOR('',#2488,15.05);
#2490=LINE('',#2487,#2489);
#2491=EDGE_CURVE('NONE',#2478,#2486,#2490,.T.);
#2492=ORIENTED_EDGE('',*,*,#2491,.T.);
#2493=CARTESIAN_POINT('',(-114.9198,-33.197438779,29.657459202));
#2494=VERTEX_POINT('',#2493);
#2495=CARTESIAN_POINT('',(-114.9198,-33.197438779,24.657459202));
#2496=DIRECTION('',(0.,0.,1.));
#2497=VECTOR('',#2496,5.);
#2498=LINE('',#2495,#2497);
#2499=EDGE_CURVE('NONE',#2486,#2494,#2498,.T.);
#2500=ORIENTED_EDGE('',*,*,#2499,.T.);
#2501=CARTESIAN_POINT('',(-114.9198,-33.197438779,29.657459202));
#2502=DIRECTION('',(-0.,-1.,-0.));
#2503=VECTOR('',#2502,15.05);
#2504=LINE('',#2501,#2503);
#2505=EDGE_CURVE('NONE',#2494,#2476,#2504,.T.);
#2506=ORIENTED_EDGE('',*,*,#2505,.T.);
#2507=EDGE_LOOP('',(#2484,#2492,#2500,#2506));
#2508=FACE_BOUND('',#2507,.T.);
#2509=ADVANCED_FACE('NONE',(#2508),#2474,.T.);
#2510=CARTESIAN_POINT('',(-129.1198,-31.197438779,27.657459202));
#2511=DIRECTION('',(0.,1.,0.));
#2512=DIRECTION('',(1.,0.,0.));
#2513=AXIS2_PLACEMENT_3D('',#2510,#2511,#2512);
#2514=PLANE('',#2513);
#2515=CARTESIAN_POINT('',(-116.9198,-31.19743878,29.657459201));
#2516=VERTEX_POINT('',#2515);
#2517=CARTESIAN_POINT('',(-116.9198,-31.197438779,24.657459202));
#2518=VERTEX_POINT('',#2517);
#2519=CARTESIAN_POINT('',(-116.9198,-31.197438779,29.657459201));
#2520=DIRECTION('',(0.,0.,-1.));
#2521=VECTOR('',#2520,4.999999999);
#2522=LINE('',#2519,#2521);
#2523=EDGE_CURVE('NONE',#2516,#2518,#2522,.T.);
#2524=ORIENTED_EDGE('',*,*,#2523,.T.);
#2525=CARTESIAN_POINT('',(-141.3198,-31.197438779,24.657459202));
#2526=VERTEX_POINT('',#2525);
#2527=CARTESIAN_POINT('',(-116.9198,-31.197438779,24.657459202));
#2528=DIRECTION('',(-1.,-0.,0.));
#2529=VECTOR('',#2528,24.4);
#2530=LINE('',#2527,#2529);
#2531=EDGE_CURVE('NONE',#2518,#2526,#2530,.T.);
#2532=ORIENTED_EDGE('',*,*,#2531,.T.);
#2533=CARTESIAN_POINT('',(-141.3198,-31.197438779,29.657459202));
#2534=VERTEX_POINT('',#2533);
#2535=CARTESIAN_POINT('',(-141.3198,-31.197438779,24.657459202));
#2536=DIRECTION('',(-0.,-0.,1.));
#2537=VECTOR('',#2536,5.);
#2538=LINE('',#2535,#2537);
#2539=EDGE_CURVE('NONE',#2526,#2534,#2538,.T.);
#2540=ORIENTED_EDGE('',*,*,#2539,.T.);
#2541=CARTESIAN_POINT('',(-141.3198,-31.197438779,29.657459202));
#2542=DIRECTION('',(1.,0.,-0.));
#2543=VECTOR('',#2542,24.4);
#2544=LINE('',#2541,#2543);
#2545=EDGE_CURVE('NONE',#2534,#2516,#2544,.T.);
#2546=ORIENTED_EDGE('',*,*,#2545,.T.);
#2547=EDGE_LOOP('',(#2524,#2532,#2540,#2546));
#2548=FACE_BOUND('',#2547,.T.);
#2549=ADVANCED_FACE('NONE',(#2548),#2514,.T.);
#2550=CARTESIAN_POINT('',(141.9198,-29.19405,6.257459202));
#2551=DIRECTION('',(0.,0.,-1.));
#2552=DIRECTION('',(0.,1.,0.));
#2553=AXIS2_PLACEMENT_3D('',#2550,#2551,#2552);
#2554=CYLINDRICAL_SURFACE('',#2553,2.);
#2555=ORIENTED_EDGE('',*,*,#106,.F.);
#2556=CARTESIAN_POINT('',(141.9198,-29.19405,24.657459202));
#2557=DIRECTION('',(0.,0.,-1.));
#2558=DIRECTION('',(-1.,0.,0.));
#2559=AXIS2_PLACEMENT_3D('',#2556,#2557,#2558);
#2560=CIRCLE('',#2559,2.);
#2561=EDGE_CURVE('NONE',#95,#2381,#2560,.T.);
#2562=ORIENTED_EDGE('',*,*,#2561,.T.);
#2563=ORIENTED_EDGE('',*,*,#2386,.F.);
#2564=CARTESIAN_POINT('',(141.9198,-29.19405,29.657459202));
#2565=DIRECTION('',(-0.,-0.,1.));
#2566=DIRECTION('',(-1.,0.,0.));
#2567=AXIS2_PLACEMENT_3D('',#2564,#2565,#2566);
#2568=CIRCLE('',#2567,2.);
#2569=EDGE_CURVE('NONE',#2379,#61,#2568,.T.);
#2570=ORIENTED_EDGE('',*,*,#2569,.T.);
#2571=EDGE_LOOP('',(#2555,#2562,#2563,#2570));
#2572=FACE_BOUND('',#2571,.T.);
#2573=ADVANCED_FACE('NONE',(#2572),#2554,.F.);
#2574=CARTESIAN_POINT('',(117.520790219,-33.19405,28.657459202));
#2575=DIRECTION('',(0.,0.,1.));
#2576=DIRECTION('',(0.,-1.,0.));
#2577=AXIS2_PLACEMENT_3D('',#2574,#2575,#2576);
#2578=CYLINDRICAL_SURFACE('',#2577,2.);
#2579=ORIENTED_EDGE('',*,*,#2402,.F.);
#2580=CARTESIAN_POINT('',(117.520790219,-33.19405,24.657459202));
#2581=DIRECTION('',(0.,0.,1.));
#2582=DIRECTION('',(1.,0.,-0.));
#2583=AXIS2_PLACEMENT_3D('',#2580,#2581,#2582);
#2584=CIRCLE('',#2583,2.);
#2585=EDGE_CURVE('NONE',#2389,#2421,#2584,.T.);
#2586=ORIENTED_EDGE('',*,*,#2585,.T.);
#2587=ORIENTED_EDGE('',*,*,#2426,.F.);
#2588=CARTESIAN_POINT('',(117.520790219,-33.19405,29.657459202));
#2589=DIRECTION('',(-0.,-0.,-1.));
#2590=DIRECTION('',(1.,0.,-0.));
#2591=AXIS2_PLACEMENT_3D('',#2588,#2589,#2590);
#2592=CIRCLE('',#2591,2.);
#2593=EDGE_CURVE('NONE',#2419,#2397,#2592,.T.);
#2594=ORIENTED_EDGE('',*,*,#2593,.T.);
#2595=EDGE_LOOP('',(#2579,#2586,#2587,#2594));
#2596=FACE_BOUND('',#2595,.T.);
#2597=ADVANCED_FACE('NONE',(#2596),#2578,.T.);
#2598=CARTESIAN_POINT('',(-112.9198,-48.247438779,6.257459202));
#2599=DIRECTION('',(0.,0.,-1.));
#2600=DIRECTION('',(0.,1.,0.));
#2601=AXIS2_PLACEMENT_3D('',#2598,#2599,#2600);
#2602=CYLINDRICAL_SURFACE('',#2601,2.);
#2603=ORIENTED_EDGE('',*,*,#1377,.F.);
#2604=CARTESIAN_POINT('',(-112.9198,-48.247438779,24.657459202));
#2605=DIRECTION('',(0.,0.,-1.));
#2606=DIRECTION('',(-1.,0.,0.));
#2607=AXIS2_PLACEMENT_3D('',#2604,#2605,#2606);
#2608=CIRCLE('',#2607,2.);
#2609=EDGE_CURVE('NONE',#1364,#2478,#2608,.T.);
#2610=ORIENTED_EDGE('',*,*,#2609,.T.);
#2611=ORIENTED_EDGE('',*,*,#2483,.F.);
#2612=CARTESIAN_POINT('',(-112.9198,-48.247438779,29.657459202));
#2613=DIRECTION('',(-0.,-0.,1.));
#2614=DIRECTION('',(-1.,0.,0.));
#2615=AXIS2_PLACEMENT_3D('',#2612,#2613,#2614);
#2616=CIRCLE('',#2615,2.);
#2617=EDGE_CURVE('NONE',#2476,#1372,#2616,.T.);
#2618=ORIENTED_EDGE('',*,*,#2617,.T.);
#2619=EDGE_LOOP('',(#2603,#2610,#2611,#2618));
#2620=FACE_BOUND('',#2619,.T.);
#2621=ADVANCED_FACE('NONE',(#2620),#2602,.F.);
#2622=CARTESIAN_POINT('',(-141.3198,-29.197438779,27.657459202));
#2623=DIRECTION('',(0.,0.,-1.));
#2624=DIRECTION('',(0.,1.,0.));
#2625=AXIS2_PLACEMENT_3D('',#2622,#2623,#2624);
#2626=CYLINDRICAL_SURFACE('',#2625,2.);
#2627=ORIENTED_EDGE('',*,*,#2539,.F.);
#2628=CARTESIAN_POINT('',(-141.3198,-29.197438779,24.657459202));
#2629=DIRECTION('',(0.,0.,-1.));
#2630=DIRECTION('',(-1.,0.,0.));
#2631=AXIS2_PLACEMENT_3D('',#2628,#2629,#2630);
#2632=CIRCLE('',#2631,2.);
#2633=EDGE_CURVE('NONE',#2526,#609,#2632,.T.);
#2634=ORIENTED_EDGE('',*,*,#2633,.T.);
#2635=ORIENTED_EDGE('',*,*,#614,.F.);
#2636=CARTESIAN_POINT('',(-141.3198,-29.197438779,29.657459202));
#2637=DIRECTION('',(-0.,-0.,1.));
#2638=DIRECTION('',(-1.,0.,0.));
#2639=AXIS2_PLACEMENT_3D('',#2636,#2637,#2638);
#2640=CIRCLE('',#2639,2.);
#2641=EDGE_CURVE('NONE',#601,#2534,#2640,.T.);
#2642=ORIENTED_EDGE('',*,*,#2641,.T.);
#2643=EDGE_LOOP('',(#2627,#2634,#2635,#2642));
#2644=FACE_BOUND('',#2643,.T.);
#2645=ADVANCED_FACE('NONE',(#2644),#2626,.F.);
#2646=CARTESIAN_POINT('',(-116.9198,-33.197438779,27.657459202));
#2647=DIRECTION('',(0.,0.,1.));
#2648=DIRECTION('',(0.,-1.,0.));
#2649=AXIS2_PLACEMENT_3D('',#2646,#2647,#2648);
#2650=CYLINDRICAL_SURFACE('',#2649,2.);
#2651=ORIENTED_EDGE('',*,*,#2499,.F.);
#2652=CARTESIAN_POINT('',(-116.9198,-33.197438779,24.657459202));
#2653=DIRECTION('',(0.,0.,1.));
#2654=DIRECTION('',(1.,0.,-0.));
#2655=AXIS2_PLACEMENT_3D('',#2652,#2653,#2654);
#2656=CIRCLE('',#2655,2.);
#2657=EDGE_CURVE('NONE',#2486,#2518,#2656,.T.);
#2658=ORIENTED_EDGE('',*,*,#2657,.T.);
#2659=ORIENTED_EDGE('',*,*,#2523,.F.);
#2660=CARTESIAN_POINT('',(-116.9198,-33.197438779,29.657459202));
#2661=DIRECTION('',(-0.,-0.,-1.));
#2662=DIRECTION('',(1.,0.,-0.));
#2663=AXIS2_PLACEMENT_3D('',#2660,#2661,#2662);
#2664=CIRCLE('',#2663,2.);
#2665=EDGE_CURVE('NONE',#2516,#2494,#2664,.T.);
#2666=ORIENTED_EDGE('',*,*,#2665,.T.);
#2667=EDGE_LOOP('',(#2651,#2658,#2659,#2666));
#2668=FACE_BOUND('',#2667,.T.);
#2669=ADVANCED_FACE('NONE',(#2668),#2650,.T.);
#2670=CARTESIAN_POINT('',(113.520790219,-48.247438779,28.657459202));
#2671=DIRECTION('',(0.,0.,-1.));
#2672=DIRECTION('',(0.,1.,0.));
#2673=AXIS2_PLACEMENT_3D('',#2670,#2671,#2672);
#2674=CYLINDRICAL_SURFACE('',#2673,2.);
#2675=ORIENTED_EDGE('',*,*,#2442,.F.);
#2676=CARTESIAN_POINT('',(113.520790219,-48.247438779,24.657459202));
#2677=DIRECTION('',(0.,0.,-1.));
#2678=DIRECTION('',(-1.,0.,0.));
#2679=AXIS2_PLACEMENT_3D('',#2676,#2677,#2678);
#2680=CIRCLE('',#2679,2.);
#2681=EDGE_CURVE('NONE',#2429,#1356,#2680,.T.);
#2682=ORIENTED_EDGE('',*,*,#2681,.T.);
#2683=ORIENTED_EDGE('',*,*,#1361,.F.);
#2684=CARTESIAN_POINT('',(113.520790219,-48.247438779,29.657459202));
#2685=DIRECTION('',(-0.,-0.,1.));
#2686=DIRECTION('',(-1.,0.,0.));
#2687=AXIS2_PLACEMENT_3D('',#2684,#2685,#2686);
#2688=CIRCLE('',#2687,2.);
#2689=EDGE_CURVE('NONE',#1354,#2437,#2688,.T.);
#2690=ORIENTED_EDGE('',*,*,#2689,.T.);
#2691=EDGE_LOOP('',(#2675,#2682,#2683,#2690));
#2692=FACE_BOUND('',#2691,.T.);
#2693=ADVANCED_FACE('NONE',(#2692),#2674,.F.);
#2694=CARTESIAN_POINT('',(141.9198,-29.19405,30.257459202));
#2695=DIRECTION('',(0.,0.,1.));
#2696=DIRECTION('',(1.,0.,-0.));
#2697=AXIS2_PLACEMENT_3D('',#2694,#2695,#2696);
#2698=CONICAL_SURFACE('',#2697,2.6,44.999999949);
#2699=ORIENTED_EDGE('',*,*,#1244,.T.);
#2700=ORIENTED_EDGE('',*,*,#2569,.F.);
#2701=CARTESIAN_POINT('',(141.9198,-31.79405,30.257459202));
#2702=DIRECTION('',(-0.,0.707106781,-0.707106781));
#2703=VECTOR('',#2702,0.848528137);
#2704=LINE('',#2701,#2703);
#2705=EDGE_CURVE('NONE',#193,#2379,#2704,.T.);
#2706=ORIENTED_EDGE('',*,*,#2705,.F.);
#2707=ORIENTED_EDGE('',*,*,#199,.F.);
#2708=EDGE_LOOP('',(#2699,#2700,#2706,#2707));
#2709=FACE_BOUND('',#2708,.T.);
#2710=ADVANCED_FACE('NONE',(#2709),#2698,.F.);
#2711=CARTESIAN_POINT('',(0.3,-31.79405,30.257459202));
#2712=DIRECTION('',(0.,-0.707106781,-0.707106781));
#2713=DIRECTION('',(0.,-0.707106781,0.707106781));
#2714=AXIS2_PLACEMENT_3D('',#2711,#2712,#2713);
#2715=PLANE('',#2714);
#2716=ORIENTED_EDGE('',*,*,#2705,.T.);
#2717=ORIENTED_EDGE('',*,*,#2408,.F.);
#2718=CARTESIAN_POINT('',(117.520790219,-31.79405,30.257459202));
#2719=CARTESIAN_POINT('',(117.520790219,-31.59405,30.057459202));
#2720=CARTESIAN_POINT('',(117.520790219,-31.394050001,29.857459202));
#2721=CARTESIAN_POINT('',(117.52079022,-31.194050001,29.657459202));
#2722=B_SPLINE_CURVE_WITH_KNOTS('',3,(#2718,#2719,#2720,#2721),.UNSPECIFIED.,.F.,.F.,(4,4),(0.,0.848528137),.UNSPECIFIED.);
#2723=EDGE_CURVE('NONE',#202,#2397,#2722,.T.);
#2724=ORIENTED_EDGE('',*,*,#2723,.F.);
#2725=ORIENTED_EDGE('',*,*,#207,.F.);
#2726=EDGE_LOOP('',(#2716,#2717,#2724,#2725));
#2727=FACE_BOUND('',#2726,.T.);
#2728=ADVANCED_FACE('NONE',(#2727),#2715,.F.);
#2729=CARTESIAN_POINT('',(117.520790219,-33.19405,30.257459202));
#2730=DIRECTION('',(0.,0.,-1.));
#2731=DIRECTION('',(-1.,0.,0.));
#2732=AXIS2_PLACEMENT_3D('',#2729,#2730,#2731);
#2733=CONICAL_SURFACE('',#2732,1.4,44.999999949);
#2734=ORIENTED_EDGE('',*,*,#2723,.T.);
#2735=ORIENTED_EDGE('',*,*,#2593,.F.);
#2736=CARTESIAN_POINT('',(116.120790219,-33.19405,30.257459202));
#2737=DIRECTION('',(-0.707106781,0.,-0.707106781));
#2738=VECTOR('',#2737,0.848528137);
#2739=LINE('',#2736,#2738);
#2740=EDGE_CURVE('NONE',#210,#2419,#2739,.T.);
#2741=ORIENTED_EDGE('',*,*,#2740,.F.);
#2742=ORIENTED_EDGE('',*,*,#216,.F.);
#2743=EDGE_LOOP('',(#2734,#2735,#2741,#2742));
#2744=FACE_BOUND('',#2743,.T.);
#2745=ADVANCED_FACE('NONE',(#2744),#2733,.T.);
#2746=CARTESIAN_POINT('',(-141.3198,-29.197438779,30.257459202));
#2747=DIRECTION('',(0.,0.,1.));
#2748=DIRECTION('',(1.,0.,-0.));
#2749=AXIS2_PLACEMENT_3D('',#2746,#2747,#2748);
#2750=CONICAL_SURFACE('',#2749,2.6,44.999999949);
#2751=ORIENTED_EDGE('',*,*,#1266,.T.);
#2752=ORIENTED_EDGE('',*,*,#282,.F.);
#2753=CARTESIAN_POINT('',(-141.3198,-31.197438779,29.657459202));
#2754=DIRECTION('',(0.,-0.707106781,0.707106781));
#2755=VECTOR('',#2754,0.848528137);
#2756=LINE('',#2753,#2755);
#2757=EDGE_CURVE('NONE',#2534,#270,#2756,.T.);
#2758=ORIENTED_EDGE('',*,*,#2757,.F.);
#2759=ORIENTED_EDGE('',*,*,#2641,.F.);
#2760=EDGE_LOOP('',(#2751,#2752,#2758,#2759));
#2761=FACE_BOUND('',#2760,.T.);
#2762=ADVANCED_FACE('NONE',(#2761),#2750,.F.);
#2763=CARTESIAN_POINT('',(116.120790219,-2.003388779,30.257459202));
#2764=DIRECTION('',(0.707106781,0.,-0.707106781));
#2765=DIRECTION('',(0.,-1.,0.));
#2766=AXIS2_PLACEMENT_3D('',#2763,#2764,#2765);
#2767=PLANE('',#2766);
#2768=ORIENTED_EDGE('',*,*,#2740,.T.);
#2769=ORIENTED_EDGE('',*,*,#2448,.F.);
#2770=CARTESIAN_POINT('',(116.120790219,-48.247438779,30.257459202));
#2771=CARTESIAN_POINT('',(115.920790219,-48.247438779,30.057459202));
#2772=CARTESIAN_POINT('',(115.720790219,-48.247438779,29.857459202));
#2773=CARTESIAN_POINT('',(115.52079022,-48.247438779,29.657459201));
#2774=B_SPLINE_CURVE_WITH_KNOTS('',3,(#2770,#2771,#2772,#2773),.UNSPECIFIED.,.F.,.F.,(4,4),(0.,0.848528137),.UNSPECIFIED.);
#2775=EDGE_CURVE('NONE',#219,#2437,#2774,.T.);
#2776=ORIENTED_EDGE('',*,*,#2775,.F.);
#2777=ORIENTED_EDGE('',*,*,#224,.F.);
#2778=EDGE_LOOP('',(#2768,#2769,#2776,#2777));
#2779=FACE_BOUND('',#2778,.T.);
#2780=ADVANCED_FACE('NONE',(#2779),#2767,.F.);
#2781=CARTESIAN_POINT('',(0.3,-31.797438779,30.257459202));
#2782=DIRECTION('',(0.,-0.707106781,-0.707106781));
#2783=DIRECTION('',(0.,-0.707106781,0.707106781));
#2784=AXIS2_PLACEMENT_3D('',#2781,#2782,#2783);
#2785=PLANE('',#2784);
#2786=ORIENTED_EDGE('',*,*,#2757,.T.);
#2787=ORIENTED_EDGE('',*,*,#275,.F.);
#2788=CARTESIAN_POINT('',(-116.9198,-31.19743878,29.657459201));
#2789=DIRECTION('',(-0.,-0.707106781,0.707106782));
#2790=VECTOR('',#2789,0.848528138);
#2791=LINE('',#2788,#2790);
#2792=EDGE_CURVE('NONE',#2516,#261,#2791,.T.);
#2793=ORIENTED_EDGE('',*,*,#2792,.F.);
#2794=ORIENTED_EDGE('',*,*,#2545,.F.);
#2795=EDGE_LOOP('',(#2786,#2787,#2793,#2794));
#2796=FACE_BOUND('',#2795,.T.);
#2797=ADVANCED_FACE('NONE',(#2796),#2785,.F.);
#2798=CARTESIAN_POINT('',(113.520790219,-48.247438779,30.257459202));
#2799=DIRECTION('',(0.,0.,1.));
#2800=DIRECTION('',(1.,0.,-0.));
#2801=AXIS2_PLACEMENT_3D('',#2798,#2799,#2800);
#2802=CONICAL_SURFACE('',#2801,2.6,44.999999949);
#2803=ORIENTED_EDGE('',*,*,#2775,.T.);
#2804=ORIENTED_EDGE('',*,*,#2689,.F.);
#2805=CARTESIAN_POINT('',(113.520790219,-50.847438779,30.257459202));
#2806=DIRECTION('',(-0.,0.707106781,-0.707106781));
#2807=VECTOR('',#2806,0.848528137);
#2808=LINE('',#2805,#2807);
#2809=EDGE_CURVE('NONE',#227,#1354,#2808,.T.);
#2810=ORIENTED_EDGE('',*,*,#2809,.F.);
#2811=ORIENTED_EDGE('',*,*,#233,.F.);
#2812=EDGE_LOOP('',(#2803,#2804,#2810,#2811));
#2813=FACE_BOUND('',#2812,.T.);
#2814=ADVANCED_FACE('NONE',(#2813),#2802,.F.);
#2815=CARTESIAN_POINT('',(-116.9198,-33.197438779,30.257459202));
#2816=DIRECTION('',(0.,0.,-1.));
#2817=DIRECTION('',(-1.,0.,0.));
#2818=AXIS2_PLACEMENT_3D('',#2815,#2816,#2817);
#2819=CONICAL_SURFACE('',#2818,1.4,44.999999949);
#2820=ORIENTED_EDGE('',*,*,#2792,.T.);
#2821=ORIENTED_EDGE('',*,*,#267,.F.);
#2822=CARTESIAN_POINT('',(-114.9198,-33.197438779,29.657459202));
#2823=DIRECTION('',(-0.707106781,0.,0.707106781));
#2824=VECTOR('',#2823,0.848528138);
#2825=LINE('',#2822,#2824);
#2826=EDGE_CURVE('NONE',#2494,#253,#2825,.T.);
#2827=ORIENTED_EDGE('',*,*,#2826,.F.);
#2828=ORIENTED_EDGE('',*,*,#2665,.F.);
#2829=EDGE_LOOP('',(#2820,#2821,#2827,#2828));
#2830=FACE_BOUND('',#2829,.T.);
#2831=ADVANCED_FACE('NONE',(#2830),#2819,.T.);
#2832=CARTESIAN_POINT('',(0.3,-50.847438779,30.257459202));
#2833=DIRECTION('',(0.,-0.707106781,-0.707106781));
#2834=DIRECTION('',(0.,-0.707106781,0.707106781));
#2835=AXIS2_PLACEMENT_3D('',#2832,#2833,#2834);
#2836=PLANE('',#2835);
#2837=ORIENTED_EDGE('',*,*,#2809,.T.);
#2838=ORIENTED_EDGE('',*,*,#1383,.F.);
#2839=CARTESIAN_POINT('',(-112.9198,-50.847438779,30.257459202));
#2840=CARTESIAN_POINT('',(-112.9198,-50.647438779,30.057459202));
#2841=CARTESIAN_POINT('',(-112.9198,-50.447438779,29.857459202));
#2842=CARTESIAN_POINT('',(-112.9198,-50.24743878,29.657459201));
#2843=B_SPLINE_CURVE_WITH_KNOTS('',3,(#2839,#2840,#2841,#2842),.UNSPECIFIED.,.F.,.F.,(4,4),(0.,0.848528137),.UNSPECIFIED.);
#2844=EDGE_CURVE('NONE',#236,#1372,#2843,.T.);
#2845=ORIENTED_EDGE('',*,*,#2844,.F.);
#2846=ORIENTED_EDGE('',*,*,#241,.F.);
#2847=EDGE_LOOP('',(#2837,#2838,#2845,#2846));
#2848=FACE_BOUND('',#2847,.T.);
#2849=ADVANCED_FACE('NONE',(#2848),#2836,.F.);
#2850=CARTESIAN_POINT('',(-115.5198,-2.003388779,30.257459202));
#2851=DIRECTION('',(-0.707106781,0.,-0.707106781));
#2852=DIRECTION('',(-0.707106781,0.,0.707106781));
#2853=AXIS2_PLACEMENT_3D('',#2850,#2851,#2852);
#2854=PLANE('',#2853);
#2855=ORIENTED_EDGE('',*,*,#2826,.T.);
#2856=ORIENTED_EDGE('',*,*,#258,.F.);
#2857=CARTESIAN_POINT('',(-114.919800001,-48.247438779,29.657459201));
#2858=DIRECTION('',(-0.707106781,0.,0.707106782));
#2859=VECTOR('',#2858,0.848528137);
#2860=LINE('',#2857,#2859);
#2861=EDGE_CURVE('NONE',#2476,#244,#2860,.T.);
#2862=ORIENTED_EDGE('',*,*,#2861,.F.);
#2863=ORIENTED_EDGE('',*,*,#2505,.F.);
#2864=EDGE_LOOP('',(#2855,#2856,#2862,#2863));
#2865=FACE_BOUND('',#2864,.T.);
#2866=ADVANCED_FACE('NONE',(#2865),#2854,.F.);
#2867=CARTESIAN_POINT('',(-112.9198,-48.247438779,30.257459202));
#2868=DIRECTION('',(0.,0.,1.));
#2869=DIRECTION('',(1.,0.,-0.));
#2870=AXIS2_PLACEMENT_3D('',#2867,#2868,#2869);
#2871=CONICAL_SURFACE('',#2870,2.6,44.999999949);
#2872=ORIENTED_EDGE('',*,*,#2844,.T.);
#2873=ORIENTED_EDGE('',*,*,#2617,.F.);
#2874=ORIENTED_EDGE('',*,*,#2861,.T.);
#2875=ORIENTED_EDGE('',*,*,#250,.F.);
#2876=EDGE_LOOP('',(#2872,#2873,#2874,#2875));
#2877=FACE_BOUND('',#2876,.T.);
#2878=ADVANCED_FACE('NONE',(#2877),#2871,.F.);
#2879=CARTESIAN_POINT('',(143.9198,-2.003388779,24.657459202));
#2880=DIRECTION('',(-0.707106781,0.,-0.707106781));
#2881=DIRECTION('',(-0.707106781,0.,0.707106781));
#2882=AXIS2_PLACEMENT_3D('',#2879,#2880,#2881);
#2883=PLANE('',#2882);
#2884=ORIENTED_EDGE('',*,*,#1789,.F.);
#2885=ORIENTED_EDGE('',*,*,#444,.F.);
#2886=CARTESIAN_POINT('',(143.9198,-29.19405,24.657459202));
#2887=DIRECTION('',(0.707106781,0.,-0.707106782));
#2888=VECTOR('',#2887,0.282842712);
#2889=LINE('',#2886,#2888);
#2890=EDGE_CURVE('NONE',#95,#430,#2889,.T.);
#2891=ORIENTED_EDGE('',*,*,#2890,.F.);
#2892=ORIENTED_EDGE('',*,*,#100,.F.);
#2893=EDGE_LOOP('',(#2884,#2885,#2891,#2892));
#2894=FACE_BOUND('',#2893,.T.);
#2895=ADVANCED_FACE('NONE',(#2894),#2883,.T.);
#2896=CARTESIAN_POINT('',(141.9198,-29.19405,24.457459202));
#2897=DIRECTION('',(0.,0.,-1.));
#2898=DIRECTION('',(-1.,0.,0.));
#2899=AXIS2_PLACEMENT_3D('',#2896,#2897,#2898);
#2900=CONICAL_SURFACE('',#2899,2.2,44.999999949);
#2901=ORIENTED_EDGE('',*,*,#2890,.T.);
#2902=ORIENTED_EDGE('',*,*,#436,.F.);
#2903=CARTESIAN_POINT('',(141.9198,-31.19405,24.657459202));
#2904=DIRECTION('',(-0.,-0.707106781,-0.707106781));
#2905=VECTOR('',#2904,0.282842712);
#2906=LINE('',#2903,#2905);
#2907=EDGE_CURVE('NONE',#2381,#422,#2906,.T.);
#2908=ORIENTED_EDGE('',*,*,#2907,.F.);
#2909=ORIENTED_EDGE('',*,*,#2561,.F.);
#2910=EDGE_LOOP('',(#2901,#2902,#2908,#2909));
#2911=FACE_BOUND('',#2910,.T.);
#2912=ADVANCED_FACE('NONE',(#2911),#2900,.F.);
#2913=CARTESIAN_POINT('',(129.970295109,-31.19405,24.657459202));
#2914=DIRECTION('',(0.,0.707106781,-0.707106781));
#2915=DIRECTION('',(-1.,0.,0.));
#2916=AXIS2_PLACEMENT_3D('',#2913,#2914,#2915);
#2917=PLANE('',#2916);
#2918=ORIENTED_EDGE('',*,*,#2907,.T.);
#2919=ORIENTED_EDGE('',*,*,#427,.F.);
#2920=CARTESIAN_POINT('',(117.520790219,-31.19405,24.657459202));
#2921=DIRECTION('',(0.,-0.707106781,-0.707106782));
#2922=VECTOR('',#2921,0.282842713);
#2923=LINE('',#2920,#2922);
#2924=EDGE_CURVE('NONE',#2389,#413,#2923,.T.);
#2925=ORIENTED_EDGE('',*,*,#2924,.F.);
#2926=ORIENTED_EDGE('',*,*,#2394,.F.);
#2927=EDGE_LOOP('',(#2918,#2919,#2925,#2926));
#2928=FACE_BOUND('',#2927,.T.);
#2929=ADVANCED_FACE('NONE',(#2928),#2917,.T.);
#2930=CARTESIAN_POINT('',(117.520790219,-33.19405,24.457459202));
#2931=DIRECTION('',(0.,0.,1.));
#2932=DIRECTION('',(1.,0.,-0.));
#2933=AXIS2_PLACEMENT_3D('',#2930,#2931,#2932);
#2934=CONICAL_SURFACE('',#2933,1.8,44.999999949);
#2935=ORIENTED_EDGE('',*,*,#2924,.T.);
#2936=ORIENTED_EDGE('',*,*,#419,.F.);
#2937=CARTESIAN_POINT('',(115.520790219,-33.19405,24.657459202));
#2938=DIRECTION('',(0.707106781,-0.,-0.707106781));
#2939=VECTOR('',#2938,0.282842713);
#2940=LINE('',#2937,#2939);
#2941=EDGE_CURVE('NONE',#2421,#405,#2940,.T.);
#2942=ORIENTED_EDGE('',*,*,#2941,.F.);
#2943=ORIENTED_EDGE('',*,*,#2585,.F.);
#2944=EDGE_LOOP('',(#2935,#2936,#2942,#2943));
#2945=FACE_BOUND('',#2944,.T.);
#2946=ADVANCED_FACE('NONE',(#2945),#2934,.T.);
#2947=CARTESIAN_POINT('',(115.520790219,-40.970744389,24.657459202));
#2948=DIRECTION('',(-0.707106781,0.,-0.707106781));
#2949=DIRECTION('',(-0.707106781,0.,0.707106781));
#2950=AXIS2_PLACEMENT_3D('',#2947,#2948,#2949);
#2951=PLANE('',#2950);
#2952=ORIENTED_EDGE('',*,*,#2941,.T.);
#2953=ORIENTED_EDGE('',*,*,#410,.F.);
#2954=CARTESIAN_POINT('',(115.520790219,-48.247438779,24.657459202));
#2955=DIRECTION('',(0.707106781,0.,-0.707106782));
#2956=VECTOR('',#2955,0.282842712);
#2957=LINE('',#2954,#2956);
#2958=EDGE_CURVE('NONE',#2429,#396,#2957,.T.);
#2959=ORIENTED_EDGE('',*,*,#2958,.F.);
#2960=ORIENTED_EDGE('',*,*,#2434,.F.);
#2961=EDGE_LOOP('',(#2952,#2953,#2959,#2960));
#2962=FACE_BOUND('',#2961,.T.);
#2963=ADVANCED_FACE('NONE',(#2962),#2951,.T.);
#2964=CARTESIAN_POINT('',(113.520790219,-48.247438779,24.457459202));
#2965=DIRECTION('',(0.,0.,-1.));
#2966=DIRECTION('',(-1.,0.,0.));
#2967=AXIS2_PLACEMENT_3D('',#2964,#2965,#2966);
#2968=CONICAL_SURFACE('',#2967,2.2,44.999999949);
#2969=ORIENTED_EDGE('',*,*,#2958,.T.);
#2970=ORIENTED_EDGE('',*,*,#402,.F.);
#2971=CARTESIAN_POINT('',(113.520790219,-50.247438779,24.657459202));
#2972=DIRECTION('',(-0.,-0.707106781,-0.707106781));
#2973=VECTOR('',#2972,0.282842712);
#2974=LINE('',#2971,#2973);
#2975=EDGE_CURVE('NONE',#1356,#388,#2974,.T.);
#2976=ORIENTED_EDGE('',*,*,#2975,.F.);
#2977=ORIENTED_EDGE('',*,*,#2681,.F.);
#2978=EDGE_LOOP('',(#2969,#2970,#2976,#2977));
#2979=FACE_BOUND('',#2978,.T.);
#2980=ADVANCED_FACE('NONE',(#2979),#2968,.F.);
#2981=CARTESIAN_POINT('',(0.3,-50.247438779,24.657459202));
#2982=DIRECTION('',(0.,0.707106781,-0.707106781));
#2983=DIRECTION('',(-1.,0.,0.));
#2984=AXIS2_PLACEMENT_3D('',#2981,#2982,#2983);
#2985=PLANE('',#2984);
#2986=ORIENTED_EDGE('',*,*,#2975,.T.);
#2987=ORIENTED_EDGE('',*,*,#393,.F.);
#2988=CARTESIAN_POINT('',(-112.9198,-50.247438779,24.657459202));
#2989=DIRECTION('',(0.,-0.707106781,-0.707106782));
#2990=VECTOR('',#2989,0.282842712);
#2991=LINE('',#2988,#2990);
#2992=EDGE_CURVE('NONE',#1364,#379,#2991,.T.);
#2993=ORIENTED_EDGE('',*,*,#2992,.F.);
#2994=ORIENTED_EDGE('',*,*,#1369,.F.);
#2995=EDGE_LOOP('',(#2986,#2987,#2993,#2994));
#2996=FACE_BOUND('',#2995,.T.);
#2997=ADVANCED_FACE('NONE',(#2996),#2985,.T.);
#2998=CARTESIAN_POINT('',(-112.9198,-48.247438779,24.457459202));
#2999=DIRECTION('',(0.,0.,-1.));
#3000=DIRECTION('',(-1.,0.,0.));
#3001=AXIS2_PLACEMENT_3D('',#2998,#2999,#3000);
#3002=CONICAL_SURFACE('',#3001,2.2,44.999999949);
#3003=ORIENTED_EDGE('',*,*,#2992,.T.);
#3004=ORIENTED_EDGE('',*,*,#385,.F.);
#3005=CARTESIAN_POINT('',(-114.9198,-48.247438779,24.657459202));
#3006=DIRECTION('',(-0.707106781,0.,-0.707106781));
#3007=VECTOR('',#3006,0.282842712);
#3008=LINE('',#3005,#3007);
#3009=EDGE_CURVE('NONE',#2478,#371,#3008,.T.);
#3010=ORIENTED_EDGE('',*,*,#3009,.F.);
#3011=ORIENTED_EDGE('',*,*,#2609,.F.);
#3012=EDGE_LOOP('',(#3003,#3004,#3010,#3011));
#3013=FACE_BOUND('',#3012,.T.);
#3014=ADVANCED_FACE('NONE',(#3013),#3002,.F.);
#3015=CARTESIAN_POINT('',(-114.9198,-40.722438779,24.657459202));
#3016=DIRECTION('',(0.707106781,0.,-0.707106781));
#3017=DIRECTION('',(0.,-1.,0.));
#3018=AXIS2_PLACEMENT_3D('',#3015,#3016,#3017);
#3019=PLANE('',#3018);
#3020=ORIENTED_EDGE('',*,*,#3009,.T.);
#3021=ORIENTED_EDGE('',*,*,#376,.F.);
#3022=CARTESIAN_POINT('',(-114.9198,-33.197438779,24.657459202));
#3023=DIRECTION('',(-0.707106781,-0.,-0.707106782));
#3024=VECTOR('',#3023,0.282842713);
#3025=LINE('',#3022,#3024);
#3026=EDGE_CURVE('NONE',#2486,#362,#3025,.T.);
#3027=ORIENTED_EDGE('',*,*,#3026,.F.);
#3028=ORIENTED_EDGE('',*,*,#2491,.F.);
#3029=EDGE_LOOP('',(#3020,#3021,#3027,#3028));
#3030=FACE_BOUND('',#3029,.T.);
#3031=ADVANCED_FACE('NONE',(#3030),#3019,.T.);
#3032=CARTESIAN_POINT('',(-116.9198,-33.197438779,24.457459202));
#3033=DIRECTION('',(0.,0.,1.));
#3034=DIRECTION('',(1.,0.,-0.));
#3035=AXIS2_PLACEMENT_3D('',#3032,#3033,#3034);
#3036=CONICAL_SURFACE('',#3035,1.8,44.999999949);
#3037=ORIENTED_EDGE('',*,*,#3026,.T.);
#3038=ORIENTED_EDGE('',*,*,#368,.F.);
#3039=CARTESIAN_POINT('',(-116.9198,-31.197438779,24.657459202));
#3040=DIRECTION('',(-0.,-0.707106781,-0.707106781));
#3041=VECTOR('',#3040,0.282842713);
#3042=LINE('',#3039,#3041);
#3043=EDGE_CURVE('NONE',#2518,#354,#3042,.T.);
#3044=ORIENTED_EDGE('',*,*,#3043,.F.);
#3045=ORIENTED_EDGE('',*,*,#2657,.F.);
#3046=EDGE_LOOP('',(#3037,#3038,#3044,#3045));
#3047=FACE_BOUND('',#3046,.T.);
#3048=ADVANCED_FACE('NONE',(#3047),#3036,.T.);
#3049=CARTESIAN_POINT('',(-129.1198,-31.197438779,24.657459202));
#3050=DIRECTION('',(0.,0.707106781,-0.707106781));
#3051=DIRECTION('',(-1.,0.,0.));
#3052=AXIS2_PLACEMENT_3D('',#3049,#3050,#3051);
#3053=PLANE('',#3052);
#3054=ORIENTED_EDGE('',*,*,#3043,.T.);
#3055=ORIENTED_EDGE('',*,*,#359,.F.);
#3056=CARTESIAN_POINT('',(-141.3198,-31.197438779,24.657459202));
#3057=DIRECTION('',(0.,-0.707106781,-0.707106782));
#3058=VECTOR('',#3057,0.282842712);
#3059=LINE('',#3056,#3058);
#3060=EDGE_CURVE('NONE',#2526,#345,#3059,.T.);
#3061=ORIENTED_EDGE('',*,*,#3060,.F.);
#3062=ORIENTED_EDGE('',*,*,#2531,.F.);
#3063=EDGE_LOOP('',(#3054,#3055,#3061,#3062));
#3064=FACE_BOUND('',#3063,.T.);
#3065=ADVANCED_FACE('NONE',(#3064),#3053,.T.);
#3066=CARTESIAN_POINT('',(-141.3198,-29.197438779,24.457459202));
#3067=DIRECTION('',(0.,0.,-1.));
#3068=DIRECTION('',(-1.,0.,0.));
#3069=AXIS2_PLACEMENT_3D('',#3066,#3067,#3068);
#3070=CONICAL_SURFACE('',#3069,2.2,44.999999949);
#3071=ORIENTED_EDGE('',*,*,#3060,.T.);
#3072=ORIENTED_EDGE('',*,*,#351,.F.);
#3073=ORIENTED_EDGE('',*,*,#1296,.F.);
#3074=ORIENTED_EDGE('',*,*,#2633,.F.);
#3075=EDGE_LOOP('',(#3071,#3072,#3073,#3074));
#3076=FACE_BOUND('',#3075,.T.);
#3077=ADVANCED_FACE('NONE',(#3076),#3070,.F.);
#3078=CARTESIAN_POINT('',(137.514906052,-2.003388779,24.457459202));
#3079=DIRECTION('',(0.707106781,0.,0.707106781));
#3080=DIRECTION('',(0.,-1.,0.));
#3081=AXIS2_PLACEMENT_3D('',#3078,#3079,#3080);
#3082=PLANE('',#3081);
#3083=ORIENTED_EDGE('',*,*,#1343,.F.);
#3084=ORIENTED_EDGE('',*,*,#1850,.F.);
#3085=CARTESIAN_POINT('',(137.514906052,-41.247438779,24.457459202));
#3086=DIRECTION('',(-0.577350269,-0.577350269,0.577350269));
#3087=VECTOR('',#3086,1.732050808);
#3088=LINE('',#3085,#3087);
#3089=EDGE_CURVE('NONE',#311,#1839,#3088,.T.);
#3090=ORIENTED_EDGE('',*,*,#3089,.F.);
#3091=ORIENTED_EDGE('',*,*,#316,.F.);
#3092=EDGE_LOOP('',(#3083,#3084,#3090,#3091));
#3093=FACE_BOUND('',#3092,.T.);
#3094=ADVANCED_FACE('NONE',(#3093),#3082,.F.);
#3095=CARTESIAN_POINT('',(0.8,-41.247438779,24.457459202));
#3096=DIRECTION('',(0.,0.707106781,0.707106781));
#3097=DIRECTION('',(1.,0.,0.));
#3098=AXIS2_PLACEMENT_3D('',#3095,#3096,#3097);
#3099=PLANE('',#3098);
#3100=ORIENTED_EDGE('',*,*,#3089,.T.);
#3101=ORIENTED_EDGE('',*,*,#2463,.F.);
#3102=CARTESIAN_POINT('',(125.424906052,-41.247438779,24.457459202));
#3103=DIRECTION('',(0.577350269,-0.577350269,0.577350269));
#3104=VECTOR('',#3103,1.732050808);
#3105=LINE('',#3102,#3104);
#3106=EDGE_CURVE('NONE',#293,#1809,#3105,.T.);
#3107=ORIENTED_EDGE('',*,*,#3106,.F.);
#3108=ORIENTED_EDGE('',*,*,#322,.F.);
#3109=EDGE_LOOP('',(#3100,#3101,#3107,#3108));
#3110=FACE_BOUND('',#3109,.T.);
#3111=ADVANCED_FACE('NONE',(#3110),#3099,.F.);
#3112=CARTESIAN_POINT('',(126.424906052,-57.147438779,25.457459202));
#3113=DIRECTION('',(-0.707106781,0.,0.707106781));
#3114=DIRECTION('',(0.,1.,0.));
#3115=AXIS2_PLACEMENT_3D('',#3112,#3113,#3114);
#3116=PLANE('',#3115);
#3117=ORIENTED_EDGE('',*,*,#1313,.F.);
#3118=ORIENTED_EDGE('',*,*,#300,.F.);
#3119=ORIENTED_EDGE('',*,*,#3106,.T.);
#3120=ORIENTED_EDGE('',*,*,#1814,.F.);
#3121=EDGE_LOOP('',(#3117,#3118,#3119,#3120));
#3122=FACE_BOUND('',#3121,.T.);
#3123=ADVANCED_FACE('NONE',(#3122),#3116,.F.);
#3124=CARTESIAN_POINT('',(0.,-0.1,6.));
#3125=DIRECTION('',(0.,1.,0.));
#3126=DIRECTION('',(0.,0.,1.));
#3127=AXIS2_PLACEMENT_3D('',#3124,#3125,#3126);
#3128=PLANE('',#3127);
#3129=CARTESIAN_POINT('',(-147.9698,-0.1,28.211791));
#3130=VERTEX_POINT('',#3129);
#3131=CARTESIAN_POINT('',(-147.9698,-0.1,28.211791));
#3132=DIRECTION('',(1.,0.,-0.));
#3133=VECTOR('',#3132,1.45);
#3134=LINE('',#3131,#3133);
#3135=EDGE_CURVE('',#3130,#1034,#3134,.T.);
#3136=ORIENTED_EDGE('',*,*,#3135,.F.);
#3137=CARTESIAN_POINT('',(-147.9698,-0.1,28.211791));
#3138=DIRECTION('',(0.,0.,-1.));
#3139=VECTOR('',#3138,16.654331798);
#3140=LINE('',#3137,#3139);
#3141=EDGE_CURVE('',#3130,#785,#3140,.T.);
#3142=ORIENTED_EDGE('',*,*,#3141,.T.);
#3143=ORIENTED_EDGE('',*,*,#790,.F.);
#3144=ORIENTED_EDGE('',*,*,#1107,.F.);
#3145=ORIENTED_EDGE('',*,*,#566,.T.);
#3146=ORIENTED_EDGE('',*,*,#1137,.F.);
#3147=ORIENTED_EDGE('',*,*,#132,.F.);
#3148=ORIENTED_EDGE('',*,*,#1273,.T.);
#3149=ORIENTED_EDGE('',*,*,#598,.F.);
#3150=ORIENTED_EDGE('',*,*,#1289,.F.);
#3151=ORIENTED_EDGE('',*,*,#334,.T.);
#3152=ORIENTED_EDGE('',*,*,#1221,.F.);
#3153=ORIENTED_EDGE('',*,*,#1047,.F.);
#3154=EDGE_LOOP('',(#3136,#3142,#3143,#3144,#3145,#3146,#3147,#3148,#3149,#3150,#3151,#3152,#3153));
#3155=FACE_BOUND('',#3154,.T.);
#3156=ADVANCED_FACE('NONE',(#3155),#3128,.T.);
#3157=CARTESIAN_POINT('',(0.,-0.1,6.));
#3158=DIRECTION('',(0.,1.,0.));
#3159=DIRECTION('',(0.,0.,1.));
#3160=AXIS2_PLACEMENT_3D('',#3157,#3158,#3159);
#3161=PLANE('',#3160);
#3162=CARTESIAN_POINT('',(145.669799999,-0.1,28.211996081));
#3163=VERTEX_POINT('',#3162);
#3164=CARTESIAN_POINT('',(148.469799999,-0.1,28.211996081));
#3165=VERTEX_POINT('',#3164);
#3166=CARTESIAN_POINT('',(145.669799999,-0.1,28.211996081));
#3167=DIRECTION('',(1.,0.,-0.));
#3168=VECTOR('',#3167,2.8);
#3169=LINE('',#3166,#3168);
#3170=EDGE_CURVE('',#3163,#3165,#3169,.T.);
#3171=ORIENTED_EDGE('',*,*,#3170,.F.);
#3172=CARTESIAN_POINT('',(145.669799999,-0.1,28.211996081));
#3173=DIRECTION('',(0.,0.,-1.));
#3174=VECTOR('',#3173,16.654536879);
#3175=LINE('',#3172,#3174);
#3176=EDGE_CURVE('',#3163,#927,#3175,.T.);
#3177=ORIENTED_EDGE('',*,*,#3176,.T.);
#3178=ORIENTED_EDGE('',*,*,#932,.F.);
#3179=ORIENTED_EDGE('',*,*,#1198,.T.);
#3180=ORIENTED_EDGE('',*,*,#76,.F.);
#3181=ORIENTED_EDGE('',*,*,#1251,.T.);
#3182=ORIENTED_EDGE('',*,*,#182,.F.);
#3183=ORIENTED_EDGE('',*,*,#1160,.T.);
#3184=ORIENTED_EDGE('',*,*,#518,.F.);
#3185=ORIENTED_EDGE('',*,*,#1083,.T.);
#3186=ORIENTED_EDGE('',*,*,#740,.F.);
#3187=CARTESIAN_POINT('',(148.469799999,-0.1,11.557459202));
#3188=DIRECTION('',(-0.,-0.,1.));
#3189=VECTOR('',#3188,16.654536879);
#3190=LINE('',#3187,#3189);
#3191=EDGE_CURVE('',#726,#3165,#3190,.T.);
#3192=ORIENTED_EDGE('',*,*,#3191,.T.);
#3193=EDGE_LOOP('',(#3171,#3177,#3178,#3179,#3180,#3181,#3182,#3183,#3184,#3185,#3186,#3192));
#3194=FACE_BOUND('',#3193,.T.);
#3195=ADVANCED_FACE('NONE',(#3194),#3161,.T.);
#3196=CARTESIAN_POINT('',(148.269799999,0.,28.267509708));
#3197=DIRECTION('',(1.,0.,0.));
#3198=DIRECTION('',(0.,0.,-1.));
#3199=AXIS2_PLACEMENT_3D('',#3196,#3197,#3198);
#3200=PLANE('',#3199);
#3201=ORIENTED_EDGE('',*,*,#723,.F.);
#3202=CARTESIAN_POINT('',(148.269799999,1.6,25.267509708));
#3203=VERTEX_POINT('',#3202);
#3204=CARTESIAN_POINT('',(148.269799999,1.6,11.557459202));
#3205=DIRECTION('',(-0.,-0.,1.));
#3206=VECTOR('',#3205,13.710050506);
#3207=LINE('',#3204,#3206);
#3208=EDGE_CURVE('',#709,#3203,#3207,.T.);
#3209=ORIENTED_EDGE('',*,*,#3208,.T.);
#3210=CARTESIAN_POINT('',(148.269799999,0.1,27.865585919));
#3211=VERTEX_POINT('',#3210);
#3212=CARTESIAN_POINT('',(148.269799999,1.6,25.267509708));
#3213=DIRECTION('',(0.,-0.5,0.866025404));
#3214=VECTOR('',#3213,3.);
#3215=LINE('',#3212,#3214);
#3216=EDGE_CURVE('',#3203,#3211,#3215,.T.);
#3217=ORIENTED_EDGE('',*,*,#3216,.T.);
#3218=CARTESIAN_POINT('',(148.269799999,0.1,27.865585919));
#3219=DIRECTION('',(0.,0.,-1.));
#3220=VECTOR('',#3219,16.308126717);
#3221=LINE('',#3218,#3220);
#3222=EDGE_CURVE('',#3211,#718,#3221,.T.);
#3223=ORIENTED_EDGE('',*,*,#3222,.T.);
#3224=EDGE_LOOP('',(#3201,#3209,#3217,#3223));
#3225=FACE_BOUND('',#3224,.T.);
#3226=ADVANCED_FACE('NONE',(#3225),#3200,.T.);
#3227=CARTESIAN_POINT('',(148.269799999,1.8,28.267509708));
#3228=DIRECTION('',(0.,-1.,0.));
#3229=DIRECTION('',(0.,0.,-1.));
#3230=AXIS2_PLACEMENT_3D('',#3227,#3228,#3229);
#3231=PLANE('',#3230);
#3232=CARTESIAN_POINT('',(148.869799999,1.8,24.921099546));
#3233=VERTEX_POINT('',#3232);
#3234=CARTESIAN_POINT('',(148.469799999,1.8,24.921099546));
#3235=VERTEX_POINT('',#3234);
#3236=CARTESIAN_POINT('',(148.869799999,1.8,24.921099546));
#3237=DIRECTION('',(-1.,-0.,0.));
#3238=VECTOR('',#3237,0.4);
#3239=LINE('',#3236,#3238);
#3240=EDGE_CURVE('',#3233,#3235,#3239,.T.);
#3241=ORIENTED_EDGE('',*,*,#3240,.T.);
#3242=CARTESIAN_POINT('',(148.469799999,1.8,24.921099546));
#3243=DIRECTION('',(0.,0.,-1.));
#3244=VECTOR('',#3243,13.363640344);
#3245=LINE('',#3242,#3244);
#3246=EDGE_CURVE('',#3235,#701,#3245,.T.);
#3247=ORIENTED_EDGE('',*,*,#3246,.T.);
#3248=ORIENTED_EDGE('',*,*,#706,.F.);
#3249=CARTESIAN_POINT('',(148.869799999,1.8,11.557459202));
#3250=DIRECTION('',(-0.,-0.,1.));
#3251=VECTOR('',#3250,13.363640344);
#3252=LINE('',#3249,#3251);
#3253=EDGE_CURVE('',#692,#3233,#3252,.T.);
#3254=ORIENTED_EDGE('',*,*,#3253,.T.);
#3255=EDGE_LOOP('',(#3241,#3247,#3248,#3254));
#3256=FACE_BOUND('',#3255,.T.);
#3257=ADVANCED_FACE('NONE',(#3256),#3231,.T.);
#3258=CARTESIAN_POINT('',(149.069799999,1.8,28.267509708));
#3259=DIRECTION('',(1.,0.,0.));
#3260=DIRECTION('',(0.,0.,-1.));
#3261=AXIS2_PLACEMENT_3D('',#3258,#3259,#3260);
#3262=PLANE('',#3261);
#3263=ORIENTED_EDGE('',*,*,#689,.F.);
#3264=CARTESIAN_POINT('',(149.069799999,3.4,22.149818254));
#3265=VERTEX_POINT('',#3264);
#3266=CARTESIAN_POINT('',(149.069799999,3.4,11.557459202));
#3267=DIRECTION('',(-0.,-0.,1.));
#3268=VECTOR('',#3267,10.592359052);
#3269=LINE('',#3266,#3268);
#3270=EDGE_CURVE('',#675,#3265,#3269,.T.);
#3271=ORIENTED_EDGE('',*,*,#3270,.T.);
#3272=CARTESIAN_POINT('',(149.069799999,2.,24.574689385));
#3273=VERTEX_POINT('',#3272);
#3274=CARTESIAN_POINT('',(149.069799999,3.4,22.149818254));
#3275=DIRECTION('',(0.,-0.5,0.866025404));
#3276=VECTOR('',#3275,2.8);
#3277=LINE('',#3274,#3276);
#3278=EDGE_CURVE('',#3265,#3273,#3277,.T.);
#3279=ORIENTED_EDGE('',*,*,#3278,.T.);
#3280=CARTESIAN_POINT('',(149.069799999,2.,24.574689385));
#3281=DIRECTION('',(0.,0.,-1.));
#3282=VECTOR('',#3281,13.017230183);
#3283=LINE('',#3280,#3282);
#3284=EDGE_CURVE('',#3273,#684,#3283,.T.);
#3285=ORIENTED_EDGE('',*,*,#3284,.T.);
#3286=EDGE_LOOP('',(#3263,#3271,#3279,#3285));
#3287=FACE_BOUND('',#3286,.T.);
#3288=ADVANCED_FACE('NONE',(#3287),#3262,.T.);
#3289=CARTESIAN_POINT('',(149.069799999,3.6,28.267509708));
#3290=DIRECTION('',(0.,1.,0.));
#3291=DIRECTION('',(0.,0.,1.));
#3292=AXIS2_PLACEMENT_3D('',#3289,#3290,#3291);
#3293=PLANE('',#3292);
#3294=ORIENTED_EDGE('',*,*,#672,.F.);
#3295=CARTESIAN_POINT('',(145.269799999,3.6,21.803408093));
#3296=VERTEX_POINT('',#3295);
#3297=CARTESIAN_POINT('',(145.269799999,3.6,11.557459202));
#3298=DIRECTION('',(-0.,-0.,1.));
#3299=VECTOR('',#3298,10.245948891);
#3300=LINE('',#3297,#3299);
#3301=EDGE_CURVE('',#658,#3296,#3300,.T.);
#3302=ORIENTED_EDGE('',*,*,#3301,.T.);
#3303=CARTESIAN_POINT('',(148.869799999,3.6,21.803408093));
#3304=VERTEX_POINT('',#3303);
#3305=CARTESIAN_POINT('',(145.269799999,3.6,21.803408093));
#3306=DIRECTION('',(1.,0.,-0.));
#3307=VECTOR('',#3306,3.6);
#3308=LINE('',#3305,#3307);
#3309=EDGE_CURVE('',#3296,#3304,#3308,.T.);
#3310=ORIENTED_EDGE('',*,*,#3309,.T.);
#3311=CARTESIAN_POINT('',(148.869799999,3.6,21.803408093));
#3312=DIRECTION('',(0.,0.,-1.));
#3313=VECTOR('',#3312,10.245948891);
#3314=LINE('',#3311,#3313);
#3315=EDGE_CURVE('',#3304,#667,#3314,.T.);
#3316=ORIENTED_EDGE('',*,*,#3315,.T.);
#3317=EDGE_LOOP('',(#3294,#3302,#3310,#3316));
#3318=FACE_BOUND('',#3317,.T.);
#3319=ADVANCED_FACE('NONE',(#3318),#3293,.T.);
#3320=CARTESIAN_POINT('',(145.069799999,3.6,28.267509708));
#3321=DIRECTION('',(-1.,0.,0.));
#3322=DIRECTION('',(0.,0.,1.));
#3323=AXIS2_PLACEMENT_3D('',#3320,#3321,#3322);
#3324=PLANE('',#3323);
#3325=ORIENTED_EDGE('',*,*,#655,.F.);
#3326=CARTESIAN_POINT('',(145.069799999,2.,24.574689385));
#3327=VERTEX_POINT('',#3326);
#3328=CARTESIAN_POINT('',(145.069799999,2.,11.557459202));
#3329=DIRECTION('',(-0.,-0.,1.));
#3330=VECTOR('',#3329,13.017230183);
#3331=LINE('',#3328,#3330);
#3332=EDGE_CURVE('',#641,#3327,#3331,.T.);
#3333=ORIENTED_EDGE('',*,*,#3332,.T.);
#3334=CARTESIAN_POINT('',(145.069799999,3.4,22.149818254));
#3335=VERTEX_POINT('',#3334);
#3336=CARTESIAN_POINT('',(145.069799999,2.,24.574689385));
#3337=DIRECTION('',(0.,0.5,-0.866025404));
#3338=VECTOR('',#3337,2.8);
#3339=LINE('',#3336,#3338);
#3340=EDGE_CURVE('',#3327,#3335,#3339,.T.);
#3341=ORIENTED_EDGE('',*,*,#3340,.T.);
#3342=CARTESIAN_POINT('',(145.069799999,3.4,22.149818254));
#3343=DIRECTION('',(0.,0.,-1.));
#3344=VECTOR('',#3343,10.592359052);
#3345=LINE('',#3342,#3344);
#3346=EDGE_CURVE('',#3335,#650,#3345,.T.);
#3347=ORIENTED_EDGE('',*,*,#3346,.T.);
#3348=EDGE_LOOP('',(#3325,#3333,#3341,#3347));
#3349=FACE_BOUND('',#3348,.T.);
#3350=ADVANCED_FACE('NONE',(#3349),#3324,.T.);
#3351=CARTESIAN_POINT('',(145.069799999,1.8,28.267509708));
#3352=DIRECTION('',(0.,-1.,0.));
#3353=DIRECTION('',(0.,0.,-1.));
#3354=AXIS2_PLACEMENT_3D('',#3351,#3352,#3353);
#3355=PLANE('',#3354);
#3356=CARTESIAN_POINT('',(145.869799999,1.8,24.921099546));
#3357=VERTEX_POINT('',#3356);
#3358=CARTESIAN_POINT('',(145.269799999,1.8,24.921099546));
#3359=VERTEX_POINT('',#3358);
#3360=CARTESIAN_POINT('',(145.869799999,1.8,24.921099546));
#3361=DIRECTION('',(-1.,-0.,0.));
#3362=VECTOR('',#3361,0.6);
#3363=LINE('',#3360,#3362);
#3364=EDGE_CURVE('',#3357,#3359,#3363,.T.);
#3365=ORIENTED_EDGE('',*,*,#3364,.T.);
#3366=CARTESIAN_POINT('',(145.269799999,1.8,24.921099546));
#3367=DIRECTION('',(0.,0.,-1.));
#3368=VECTOR('',#3367,13.363640344);
#3369=LINE('',#3366,#3368);
#3370=EDGE_CURVE('',#3359,#633,#3369,.T.);
#3371=ORIENTED_EDGE('',*,*,#3370,.T.);
#3372=ORIENTED_EDGE('',*,*,#638,.F.);
#3373=CARTESIAN_POINT('',(145.869799999,1.8,24.921099546));
#3374=DIRECTION('',(0.,0.,-1.));
#3375=VECTOR('',#3374,13.363640344);
#3376=LINE('',#3373,#3375);
#3377=EDGE_CURVE('',#3357,#631,#3376,.T.);
#3378=ORIENTED_EDGE('',*,*,#3377,.F.);
#3379=EDGE_LOOP('',(#3365,#3371,#3372,#3378));
#3380=FACE_BOUND('',#3379,.T.);
#3381=ADVANCED_FACE('NONE',(#3380),#3355,.T.);
#3382=CARTESIAN_POINT('',(145.869799999,1.8,28.267509708));
#3383=DIRECTION('',(-1.,0.,0.));
#3384=DIRECTION('',(0.,0.,1.));
#3385=AXIS2_PLACEMENT_3D('',#3382,#3383,#3384);
#3386=PLANE('',#3385);
#3387=ORIENTED_EDGE('',*,*,#947,.F.);
#3388=CARTESIAN_POINT('',(145.869799999,0.1,27.865585919));
#3389=VERTEX_POINT('',#3388);
#3390=CARTESIAN_POINT('',(145.869799999,0.1,11.557459202));
#3391=DIRECTION('',(-0.,-0.,1.));
#3392=VECTOR('',#3391,16.308126717);
#3393=LINE('',#3390,#3392);
#3394=EDGE_CURVE('',#935,#3389,#3393,.T.);
#3395=ORIENTED_EDGE('',*,*,#3394,.T.);
#3396=CARTESIAN_POINT('',(145.869799999,1.8,24.921099546));
#3397=DIRECTION('',(0.,-0.5,0.866025404));
#3398=VECTOR('',#3397,3.4);
#3399=LINE('',#3396,#3398);
#3400=EDGE_CURVE('',#3357,#3389,#3399,.T.);
#3401=ORIENTED_EDGE('',*,*,#3400,.F.);
#3402=ORIENTED_EDGE('',*,*,#3377,.T.);
#3403=EDGE_LOOP('',(#3387,#3395,#3401,#3402));
#3404=FACE_BOUND('',#3403,.T.);
#3405=ADVANCED_FACE('NONE',(#3404),#3386,.T.);
#3406=CARTESIAN_POINT('',(-146.5198,3.1,28.267509708));
#3407=DIRECTION('',(0.,1.,0.));
#3408=DIRECTION('',(0.,0.,1.));
#3409=AXIS2_PLACEMENT_3D('',#3406,#3407,#3408);
#3410=PLANE('',#3409);
#3411=ORIENTED_EDGE('',*,*,#858,.F.);
#3412=CARTESIAN_POINT('',(-148.2698,3.1,22.669228416));
#3413=VERTEX_POINT('',#3412);
#3414=CARTESIAN_POINT('',(-148.2698,3.1,11.557459202));
#3415=DIRECTION('',(-0.,-0.,1.));
#3416=VECTOR('',#3415,11.111769214);
#3417=LINE('',#3414,#3416);
#3418=EDGE_CURVE('',#844,#3413,#3417,.T.);
#3419=ORIENTED_EDGE('',*,*,#3418,.T.);
#3420=CARTESIAN_POINT('',(-148.2698,3.1,22.669228416));
#3421=DIRECTION('',(1.,0.,-0.));
#3422=VECTOR('',#3421,1.75);
#3423=LINE('',#3420,#3422);
#3424=EDGE_CURVE('',#3413,#1024,#3423,.T.);
#3425=ORIENTED_EDGE('',*,*,#3424,.T.);
#3426=ORIENTED_EDGE('',*,*,#1031,.T.);
#3427=ORIENTED_EDGE('',*,*,#1176,.F.);
#3428=EDGE_LOOP('',(#3411,#3419,#3425,#3426,#3427));
#3429=FACE_BOUND('',#3428,.T.);
#3430=ADVANCED_FACE('NONE',(#3429),#3410,.T.);
#3431=CARTESIAN_POINT('',(-148.4698,3.1,28.267509708));
#3432=DIRECTION('',(-1.,0.,0.));
#3433=DIRECTION('',(0.,0.,1.));
#3434=AXIS2_PLACEMENT_3D('',#3431,#3432,#3433);
#3435=PLANE('',#3434);
#3436=CARTESIAN_POINT('',(-148.4698,1.9,24.747689385));
#3437=VERTEX_POINT('',#3436);
#3438=CARTESIAN_POINT('',(-148.4698,2.9,23.015638577));
#3439=VERTEX_POINT('',#3438);
#3440=CARTESIAN_POINT('',(-148.4698,1.9,24.747689385));
#3441=DIRECTION('',(0.,0.5,-0.866025404));
#3442=VECTOR('',#3441,2.);
#3443=LINE('',#3440,#3442);
#3444=EDGE_CURVE('',#3437,#3439,#3443,.T.);
#3445=ORIENTED_EDGE('',*,*,#3444,.T.);
#3446=CARTESIAN_POINT('',(-148.4698,2.9,23.015638577));
#3447=DIRECTION('',(0.,0.,-1.));
#3448=VECTOR('',#3447,11.458179375);
#3449=LINE('',#3446,#3448);
#3450=EDGE_CURVE('',#3439,#836,#3449,.T.);
#3451=ORIENTED_EDGE('',*,*,#3450,.T.);
#3452=ORIENTED_EDGE('',*,*,#841,.F.);
#3453=CARTESIAN_POINT('',(-148.4698,1.9,11.557459202));
#3454=DIRECTION('',(-0.,-0.,1.));
#3455=VECTOR('',#3454,13.190230183);
#3456=LINE('',#3453,#3455);
#3457=EDGE_CURVE('',#827,#3437,#3456,.T.);
#3458=ORIENTED_EDGE('',*,*,#3457,.T.);
#3459=EDGE_LOOP('',(#3445,#3451,#3452,#3458));
#3460=FACE_BOUND('',#3459,.T.);
#3461=ADVANCED_FACE('NONE',(#3460),#3435,.T.);
#3462=CARTESIAN_POINT('',(-148.4698,1.7,28.267509708));
#3463=DIRECTION('',(0.,-1.,0.));
#3464=DIRECTION('',(0.,0.,-1.));
#3465=AXIS2_PLACEMENT_3D('',#3462,#3463,#3464);
#3466=PLANE('',#3465);
#3467=CARTESIAN_POINT('',(-147.9698,1.7,25.094099546));
#3468=VERTEX_POINT('',#3467);
#3469=CARTESIAN_POINT('',(-148.2698,1.7,25.094099546));
#3470=VERTEX_POINT('',#3469);
#3471=CARTESIAN_POINT('',(-147.9698,1.7,25.094099546));
#3472=DIRECTION('',(-1.,0.,0.));
#3473=VECTOR('',#3472,0.3);
#3474=LINE('',#3471,#3473);
#3475=EDGE_CURVE('',#3468,#3470,#3474,.T.);
#3476=ORIENTED_EDGE('',*,*,#3475,.T.);
#3477=CARTESIAN_POINT('',(-148.2698,1.7,25.094099546));
#3478=DIRECTION('',(0.,0.,-1.));
#3479=VECTOR('',#3478,13.536640344);
#3480=LINE('',#3477,#3479);
#3481=EDGE_CURVE('',#3470,#819,#3480,.T.);
#3482=ORIENTED_EDGE('',*,*,#3481,.T.);
#3483=ORIENTED_EDGE('',*,*,#824,.F.);
#3484=CARTESIAN_POINT('',(-147.9698,1.7,11.557459202));
#3485=DIRECTION('',(-0.,-0.,1.));
#3486=VECTOR('',#3485,13.536640344);
#3487=LINE('',#3484,#3486);
#3488=EDGE_CURVE('',#810,#3468,#3487,.T.);
#3489=ORIENTED_EDGE('',*,*,#3488,.T.);
#3490=EDGE_LOOP('',(#3476,#3482,#3483,#3489));
#3491=FACE_BOUND('',#3490,.T.);
#3492=ADVANCED_FACE('NONE',(#3491),#3466,.T.);
#3493=CARTESIAN_POINT('',(-147.7698,1.55,28.267509708));
#3494=DIRECTION('',(-1.,0.,0.));
#3495=DIRECTION('',(0.,0.,1.));
#3496=AXIS2_PLACEMENT_3D('',#3493,#3494,#3495);
#3497=PLANE('',#3496);
#3498=ORIENTED_EDGE('',*,*,#807,.F.);
#3499=CARTESIAN_POINT('',(-147.7698,0.1,27.865380839));
#3500=VERTEX_POINT('',#3499);
#3501=CARTESIAN_POINT('',(-147.7698,0.1,11.557459202));
#3502=DIRECTION('',(-0.,-0.,1.));
#3503=VECTOR('',#3502,16.307921637);
#3504=LINE('',#3501,#3503);
#3505=EDGE_CURVE('',#793,#3500,#3504,.T.);
#3506=ORIENTED_EDGE('',*,*,#3505,.T.);
#3507=CARTESIAN_POINT('',(-147.7698,1.5,25.440509708));
#3508=VERTEX_POINT('',#3507);
#3509=CARTESIAN_POINT('',(-147.7698,0.1,27.865380839));
#3510=DIRECTION('',(0.,0.5,-0.866025404));
#3511=VECTOR('',#3510,2.8);
#3512=LINE('',#3509,#3511);
#3513=EDGE_CURVE('',#3500,#3508,#3512,.T.);
#3514=ORIENTED_EDGE('',*,*,#3513,.T.);
#3515=CARTESIAN_POINT('',(-147.7698,1.5,25.440509708));
#3516=DIRECTION('',(0.,0.,-1.));
#3517=VECTOR('',#3516,13.883050506);
#3518=LINE('',#3515,#3517);
#3519=EDGE_CURVE('',#3508,#802,#3518,.T.);
#3520=ORIENTED_EDGE('',*,*,#3519,.T.);
#3521=EDGE_LOOP('',(#3498,#3506,#3514,#3520));
#3522=FACE_BOUND('',#3521,.T.);
#3523=ADVANCED_FACE('NONE',(#3522),#3497,.T.);
#3524=CARTESIAN_POINT('',(-146.5198,3.1,22.669228416));
#3525=DIRECTION('',(0.,-0.866025404,-0.5));
#3526=DIRECTION('',(1.,0.,0.));
#3527=AXIS2_PLACEMENT_3D('',#3524,#3525,#3526);
#3528=PLANE('',#3527);
#3529=ORIENTED_EDGE('',*,*,#3424,.F.);
#3530=CARTESIAN_POINT('',(-148.2698,2.9,23.015638577));
#3531=DIRECTION('',(-0.,0.866025404,0.5));
#3532=DIRECTION('',(0.,0.5,-0.866025404));
#3533=AXIS2_PLACEMENT_3D('',#3530,#3531,#3532);
#3534=ELLIPSE('',#3533,0.4,0.2);
#3535=EDGE_CURVE('',#3413,#3439,#3534,.T.);
#3536=ORIENTED_EDGE('',*,*,#3535,.T.);
#3537=ORIENTED_EDGE('',*,*,#3444,.F.);
#3538=CARTESIAN_POINT('',(-148.2698,1.9,24.747689385));
#3539=DIRECTION('',(-0.,0.866025404,0.5));
#3540=DIRECTION('',(0.,0.5,-0.866025404));
#3541=AXIS2_PLACEMENT_3D('',#3538,#3539,#3540);
#3542=ELLIPSE('',#3541,0.4,0.2);
#3543=EDGE_CURVE('',#3437,#3470,#3542,.T.);
#3544=ORIENTED_EDGE('',*,*,#3543,.T.);
#3545=ORIENTED_EDGE('',*,*,#3475,.F.);
#3546=CARTESIAN_POINT('',(-147.9698,1.5,25.440509708));
#3547=DIRECTION('',(0.,-0.866025404,-0.5));
#3548=DIRECTION('',(0.,-0.5,0.866025404));
#3549=AXIS2_PLACEMENT_3D('',#3546,#3547,#3548);
#3550=ELLIPSE('',#3549,0.4,0.2);
#3551=EDGE_CURVE('',#3468,#3508,#3550,.T.);
#3552=ORIENTED_EDGE('',*,*,#3551,.T.);
#3553=ORIENTED_EDGE('',*,*,#3513,.F.);
#3554=CARTESIAN_POINT('',(-147.9698,0.1,27.865380839));
#3555=DIRECTION('',(0.,-0.866025404,-0.5));
#3556=DIRECTION('',(0.,-0.5,0.866025404));
#3557=AXIS2_PLACEMENT_3D('',#3554,#3555,#3556);
#3558=ELLIPSE('',#3557,0.4,0.2);
#3559=EDGE_CURVE('',#3500,#3130,#3558,.T.);
#3560=ORIENTED_EDGE('',*,*,#3559,.T.);
#3561=ORIENTED_EDGE('',*,*,#3135,.T.);
#3562=ORIENTED_EDGE('',*,*,#1039,.F.);
#3563=EDGE_LOOP('',(#3529,#3536,#3537,#3544,#3545,#3552,#3553,#3560,#3561,#3562));
#3564=FACE_BOUND('',#3563,.T.);
#3565=ADVANCED_FACE('NONE',(#3564),#3528,.F.);
#3566=CARTESIAN_POINT('',(149.069799999,3.6,21.803408093));
#3567=DIRECTION('',(0.,-0.866025404,-0.5));
#3568=DIRECTION('',(1.,0.,0.));
#3569=AXIS2_PLACEMENT_3D('',#3566,#3567,#3568);
#3570=PLANE('',#3569);
#3571=ORIENTED_EDGE('',*,*,#3340,.F.);
#3572=CARTESIAN_POINT('',(145.269799999,2.,24.574689385));
#3573=DIRECTION('',(-0.,0.866025404,0.5));
#3574=DIRECTION('',(0.,0.5,-0.866025404));
#3575=AXIS2_PLACEMENT_3D('',#3572,#3573,#3574);
#3576=ELLIPSE('',#3575,0.4,0.2);
#3577=EDGE_CURVE('',#3327,#3359,#3576,.T.);
#3578=ORIENTED_EDGE('',*,*,#3577,.T.);
#3579=ORIENTED_EDGE('',*,*,#3364,.F.);
#3580=ORIENTED_EDGE('',*,*,#3400,.T.);
#3581=CARTESIAN_POINT('',(145.669799999,0.1,27.865585919));
#3582=DIRECTION('',(0.,-0.866025404,-0.5));
#3583=DIRECTION('',(0.,-0.5,0.866025404));
#3584=AXIS2_PLACEMENT_3D('',#3581,#3582,#3583);
#3585=ELLIPSE('',#3584,0.4,0.2);
#3586=EDGE_CURVE('',#3389,#3163,#3585,.T.);
#3587=ORIENTED_EDGE('',*,*,#3586,.T.);
#3588=ORIENTED_EDGE('',*,*,#3170,.T.);
#3589=CARTESIAN_POINT('',(148.469799999,0.1,27.865585919));
#3590=DIRECTION('',(0.,-0.866025404,-0.5));
#3591=DIRECTION('',(0.,-0.5,0.866025404));
#3592=AXIS2_PLACEMENT_3D('',#3589,#3590,#3591);
#3593=ELLIPSE('',#3592,0.4,0.2);
#3594=EDGE_CURVE('',#3165,#3211,#3593,.T.);
#3595=ORIENTED_EDGE('',*,*,#3594,.T.);
#3596=ORIENTED_EDGE('',*,*,#3216,.F.);
#3597=CARTESIAN_POINT('',(148.469799999,1.6,25.267509708));
#3598=DIRECTION('',(0.,-0.866025404,-0.5));
#3599=DIRECTION('',(0.,-0.5,0.866025404));
#3600=AXIS2_PLACEMENT_3D('',#3597,#3598,#3599);
#3601=ELLIPSE('',#3600,0.4,0.2);
#3602=EDGE_CURVE('',#3203,#3235,#3601,.T.);
#3603=ORIENTED_EDGE('',*,*,#3602,.T.);
#3604=ORIENTED_EDGE('',*,*,#3240,.F.);
#3605=CARTESIAN_POINT('',(148.869799999,2.,24.574689385));
#3606=DIRECTION('',(-0.,0.866025404,0.5));
#3607=DIRECTION('',(0.,0.5,-0.866025404));
#3608=AXIS2_PLACEMENT_3D('',#3605,#3606,#3607);
#3609=ELLIPSE('',#3608,0.4,0.2);
#3610=EDGE_CURVE('',#3233,#3273,#3609,.T.);
#3611=ORIENTED_EDGE('',*,*,#3610,.T.);
#3612=ORIENTED_EDGE('',*,*,#3278,.F.);
#3613=CARTESIAN_POINT('',(148.869799999,3.4,22.149818254));
#3614=DIRECTION('',(-0.,0.866025404,0.5));
#3615=DIRECTION('',(0.,0.5,-0.866025404));
#3616=AXIS2_PLACEMENT_3D('',#3613,#3614,#3615);
#3617=ELLIPSE('',#3616,0.4,0.2);
#3618=EDGE_CURVE('',#3265,#3304,#3617,.T.);
#3619=ORIENTED_EDGE('',*,*,#3618,.T.);
#3620=ORIENTED_EDGE('',*,*,#3309,.F.);
#3621=CARTESIAN_POINT('',(145.269799999,3.4,22.149818254));
#3622=DIRECTION('',(-0.,0.866025404,0.5));
#3623=DIRECTION('',(0.,0.5,-0.866025404));
#3624=AXIS2_PLACEMENT_3D('',#3621,#3622,#3623);
#3625=ELLIPSE('',#3624,0.4,0.2);
#3626=EDGE_CURVE('',#3296,#3335,#3625,.T.);
#3627=ORIENTED_EDGE('',*,*,#3626,.T.);
#3628=EDGE_LOOP('',(#3571,#3578,#3579,#3580,#3587,#3588,#3595,#3596,#3603,#3604,#3611,#3612,#3619,#3620,#3627));
#3629=FACE_BOUND('',#3628,.T.);
#3630=ADVANCED_FACE('NONE',(#3629),#3570,.F.);
#3631=CARTESIAN_POINT('',(-148.2698,2.9,28.267509708));
#3632=DIRECTION('',(0.,0.,-1.));
#3633=DIRECTION('',(-1.,0.,0.));
#3634=AXIS2_PLACEMENT_3D('',#3631,#3632,#3633);
#3635=CYLINDRICAL_SURFACE('',#3634,0.2);
#3636=ORIENTED_EDGE('',*,*,#3535,.F.);
#3637=ORIENTED_EDGE('',*,*,#3418,.F.);
#3638=ORIENTED_EDGE('',*,*,#850,.F.);
#3639=ORIENTED_EDGE('',*,*,#3450,.F.);
#3640=EDGE_LOOP('',(#3636,#3637,#3638,#3639));
#3641=FACE_BOUND('',#3640,.T.);
#3642=ADVANCED_FACE('',(#3641),#3635,.T.);
#3643=CARTESIAN_POINT('',(-147.9698,0.1,6.));
#3644=DIRECTION('',(0.,0.,1.));
#3645=DIRECTION('',(1.,0.,-0.));
#3646=AXIS2_PLACEMENT_3D('',#3643,#3644,#3645);
#3647=CYLINDRICAL_SURFACE('',#3646,0.2);
#3648=ORIENTED_EDGE('',*,*,#3559,.F.);
#3649=ORIENTED_EDGE('',*,*,#3505,.F.);
#3650=ORIENTED_EDGE('',*,*,#799,.F.);
#3651=ORIENTED_EDGE('',*,*,#3141,.F.);
#3652=EDGE_LOOP('',(#3648,#3649,#3650,#3651));
#3653=FACE_BOUND('',#3652,.T.);
#3654=ADVANCED_FACE('',(#3653),#3647,.F.);
#3655=CARTESIAN_POINT('',(-148.2698,1.9,28.267509708));
#3656=DIRECTION('',(0.,0.,-1.));
#3657=DIRECTION('',(-1.,0.,0.));
#3658=AXIS2_PLACEMENT_3D('',#3655,#3656,#3657);
#3659=CYLINDRICAL_SURFACE('',#3658,0.2);
#3660=ORIENTED_EDGE('',*,*,#3543,.F.);
#3661=ORIENTED_EDGE('',*,*,#3457,.F.);
#3662=ORIENTED_EDGE('',*,*,#833,.F.);
#3663=ORIENTED_EDGE('',*,*,#3481,.F.);
#3664=EDGE_LOOP('',(#3660,#3661,#3662,#3663));
#3665=FACE_BOUND('',#3664,.T.);
#3666=ADVANCED_FACE('',(#3665),#3659,.T.);
#3667=CARTESIAN_POINT('',(-147.9698,1.5,28.267509708));
#3668=DIRECTION('',(0.,0.,1.));
#3669=DIRECTION('',(1.,0.,-0.));
#3670=AXIS2_PLACEMENT_3D('',#3667,#3668,#3669);
#3671=CYLINDRICAL_SURFACE('',#3670,0.2);
#3672=ORIENTED_EDGE('',*,*,#3551,.F.);
#3673=ORIENTED_EDGE('',*,*,#3488,.F.);
#3674=ORIENTED_EDGE('',*,*,#816,.F.);
#3675=ORIENTED_EDGE('',*,*,#3519,.F.);
#3676=EDGE_LOOP('',(#3672,#3673,#3674,#3675));
#3677=FACE_BOUND('',#3676,.T.);
#3678=ADVANCED_FACE('',(#3677),#3671,.F.);
#3679=CARTESIAN_POINT('',(148.469799999,1.6,28.267509708));
#3680=DIRECTION('',(0.,0.,1.));
#3681=DIRECTION('',(1.,0.,-0.));
#3682=AXIS2_PLACEMENT_3D('',#3679,#3680,#3681);
#3683=CYLINDRICAL_SURFACE('',#3682,0.2);
#3684=ORIENTED_EDGE('',*,*,#3602,.F.);
#3685=ORIENTED_EDGE('',*,*,#3208,.F.);
#3686=ORIENTED_EDGE('',*,*,#715,.F.);
#3687=ORIENTED_EDGE('',*,*,#3246,.F.);
#3688=EDGE_LOOP('',(#3684,#3685,#3686,#3687));
#3689=FACE_BOUND('',#3688,.T.);
#3690=ADVANCED_FACE('',(#3689),#3683,.F.);
#3691=CARTESIAN_POINT('',(145.269799999,2.,28.267509708));
#3692=DIRECTION('',(0.,0.,-1.));
#3693=DIRECTION('',(-1.,0.,0.));
#3694=AXIS2_PLACEMENT_3D('',#3691,#3692,#3693);
#3695=CYLINDRICAL_SURFACE('',#3694,0.2);
#3696=ORIENTED_EDGE('',*,*,#3577,.F.);
#3697=ORIENTED_EDGE('',*,*,#3332,.F.);
#3698=ORIENTED_EDGE('',*,*,#647,.F.);
#3699=ORIENTED_EDGE('',*,*,#3370,.F.);
#3700=EDGE_LOOP('',(#3696,#3697,#3698,#3699));
#3701=FACE_BOUND('',#3700,.T.);
#3702=ADVANCED_FACE('',(#3701),#3695,.T.);
#3703=CARTESIAN_POINT('',(145.669799999,0.1,6.));
#3704=DIRECTION('',(0.,0.,1.));
#3705=DIRECTION('',(1.,0.,-0.));
#3706=AXIS2_PLACEMENT_3D('',#3703,#3704,#3705);
#3707=CYLINDRICAL_SURFACE('',#3706,0.2);
#3708=ORIENTED_EDGE('',*,*,#3586,.F.);
#3709=ORIENTED_EDGE('',*,*,#3394,.F.);
#3710=ORIENTED_EDGE('',*,*,#941,.F.);
#3711=ORIENTED_EDGE('',*,*,#3176,.F.);
#3712=EDGE_LOOP('',(#3708,#3709,#3710,#3711));
#3713=FACE_BOUND('',#3712,.T.);
#3714=ADVANCED_FACE('',(#3713),#3707,.F.);
#3715=CARTESIAN_POINT('',(145.269799999,3.4,28.267509708));
#3716=DIRECTION('',(0.,0.,-1.));
#3717=DIRECTION('',(-1.,0.,0.));
#3718=AXIS2_PLACEMENT_3D('',#3715,#3716,#3717);
#3719=CYLINDRICAL_SURFACE('',#3718,0.2);
#3720=ORIENTED_EDGE('',*,*,#3626,.F.);
#3721=ORIENTED_EDGE('',*,*,#3301,.F.);
#3722=ORIENTED_EDGE('',*,*,#664,.F.);
#3723=ORIENTED_EDGE('',*,*,#3346,.F.);
#3724=EDGE_LOOP('',(#3720,#3721,#3722,#3723));
#3725=FACE_BOUND('',#3724,.T.);
#3726=ADVANCED_FACE('',(#3725),#3719,.T.);
#3727=CARTESIAN_POINT('',(148.869799999,3.4,28.267509708));
#3728=DIRECTION('',(0.,0.,-1.));
#3729=DIRECTION('',(-1.,0.,0.));
#3730=AXIS2_PLACEMENT_3D('',#3727,#3728,#3729);
#3731=CYLINDRICAL_SURFACE('',#3730,0.2);
#3732=ORIENTED_EDGE('',*,*,#3618,.F.);
#3733=ORIENTED_EDGE('',*,*,#3270,.F.);
#3734=ORIENTED_EDGE('',*,*,#681,.F.);
#3735=ORIENTED_EDGE('',*,*,#3315,.F.);
#3736=EDGE_LOOP('',(#3732,#3733,#3734,#3735));
#3737=FACE_BOUND('',#3736,.T.);
#3738=ADVANCED_FACE('',(#3737),#3731,.T.);
#3739=CARTESIAN_POINT('',(148.469799999,0.1,28.267509708));
#3740=DIRECTION('',(0.,0.,1.));
#3741=DIRECTION('',(1.,0.,-0.));
#3742=AXIS2_PLACEMENT_3D('',#3739,#3740,#3741);
#3743=CYLINDRICAL_SURFACE('',#3742,0.2);
#3744=ORIENTED_EDGE('',*,*,#3594,.F.);
#3745=ORIENTED_EDGE('',*,*,#3191,.F.);
#3746=ORIENTED_EDGE('',*,*,#732,.F.);
#3747=ORIENTED_EDGE('',*,*,#3222,.F.);
#3748=EDGE_LOOP('',(#3744,#3745,#3746,#3747));
#3749=FACE_BOUND('',#3748,.T.);
#3750=ADVANCED_FACE('',(#3749),#3743,.F.);
#3751=CARTESIAN_POINT('',(148.869799999,2.,28.267509708));
#3752=DIRECTION('',(0.,0.,-1.));
#3753=DIRECTION('',(-1.,0.,0.));
#3754=AXIS2_PLACEMENT_3D('',#3751,#3752,#3753);
#3755=CYLINDRICAL_SURFACE('',#3754,0.2);
#3756=ORIENTED_EDGE('',*,*,#3610,.F.);
#3757=ORIENTED_EDGE('',*,*,#3253,.F.);
#3758=ORIENTED_EDGE('',*,*,#698,.F.);
#3759=ORIENTED_EDGE('',*,*,#3284,.F.);
#3760=EDGE_LOOP('',(#3756,#3757,#3758,#3759));
#3761=FACE_BOUND('',#3760,.T.);
#3762=ADVANCED_FACE('',(#3761),#3755,.T.);
#3763=CLOSED_SHELL('',(#110,#286,#504,#544,#584,#624,#951,#1073,#1096,#1119,#1142,#1165,#1188,#1210,#1233,#1256,#1278,#1300,#1347,#1421,#1452,#1483,#1523,#1554,#1594,#1634,
#1658,#1682,#1715,#1748,#1778,#1801,#1832,#1863,#1875,#1892,#1909,#1926,#1943,#1960,#1977,#1989,#2012,#2035,#2082,#2104,#2121,#2134,#2152,#2164,#2181,
#2198,#2210,#2227,#2245,#2262,#2279,#2296,#2308,#2325,#2343,#2360,#2372,#2412,#2452,#2469,#2509,#2549,#2573,#2597,#2621,#2645,#2669,#2693,#2710,#2728,
#2745,#2762,#2780,#2797,#2814,#2831,#2849,#2866,#2878,#2895,#2912,#2929,#2946,#2963,#2980,#2997,#3014,#3031,#3048,#3065,#3077,#3094,#3111,#3123,#3156,
#3195,#3226,#3257,#3288,#3319,#3350,#3381,#3405,#3430,#3461,#3492,#3523,#3565,#3630,#3642,#3654,#3666,#3678,#3690,#3702,#3714,#3726,#3738,#3750,#3762));
#3764=MANIFOLD_SOLID_BREP('outer_case_hhkb_split_b',#3763);
#3765=COLOUR_RGB('',0.517647088,0.800000012,1.);
#3766=FILL_AREA_STYLE_COLOUR('',#3765);
#3767=FILL_AREA_STYLE('',(#3766));
#3768=SURFACE_STYLE_FILL_AREA(#3767);
#3769=SURFACE_SIDE_STYLE('',(#3768));
#3770=SURFACE_STYLE_USAGE(.BOTH.,#3769);
#3771=PRESENTATION_STYLE_ASSIGNMENT((#3770));
#54=STYLED_ITEM('',(#3771),#3764);
#35=SHAPE_REPRESENTATION('main_frame',(#15),#33);
#36=ADVANCED_BREP_SHAPE_REPRESENTATION('main_frame',(#3764),#33);
#3779=SHAPE_REPRESENTATION_RELATIONSHIP('','',#35,#36);
#3780=CARTESIAN_POINT('',(0.,0.,0.));
#3781=DIRECTION('',(0.,0.,1.));
#3782=DIRECTION('',(1.,0.,0.));
#3783=AXIS2_PLACEMENT_3D('',#3780,#3781,#3782);
#3785=MAPPED_ITEM('',#3784,#3783);
#3784=REPRESENTATION_MAP(#3783,#35);
#3786=APPLICATION_CONTEXT('Managed model based 3d engineering');
#3787=APPLICATION_PROTOCOL_DEFINITION('international standard','ap242_managed_model_based_3d_engineering',2014,#3786);
#3788=PRODUCT_CONTEXT('',#3786,'mechanical');
#3789=PRODUCT_DEFINITION_CONTEXT('part definition',#3786,'design');
#43=PRODUCT('main_frame','main_frame','',(#3788));
#3790=PRODUCT_RELATED_PRODUCT_CATEGORY('part','',(#43));
#3791=PRODUCT_DEFINITION_FORMATION_WITH_SPECIFIED_SOURCE('','',#43,.NOT_KNOWN.);
#44=PRODUCT_DEFINITION('design','',#3791,#3789);
#42=PRODUCT_DEFINITION_SHAPE('','',#44);
#3792=SHAPE_DEFINITION_REPRESENTATION(#42,#35);
#34=DRAUGHTING_MODEL('',(#3785),#33);
#16=SHAPE_REPRESENTATION('root',(#15,#48),#10);
#3793=CARTESIAN_POINT('',(0.,0.,0.));
#3794=DIRECTION('',(0.,0.,1.));
#3795=DIRECTION('',(1.,0.,0.));
#3796=AXIS2_PLACEMENT_3D('',#3793,#3794,#3795);
#3798=MAPPED_ITEM('',#3797,#3796);
#3797=REPRESENTATION_MAP(#3796,#16);
#24=PRODUCT('root','root','',(#3788));
#3799=PRODUCT_RELATED_PRODUCT_CATEGORY('part','',(#24));
#3800=PRODUCT_DEFINITION_FORMATION_WITH_SPECIFIED_SOURCE('','',#24,.NOT_KNOWN.);
#25=PRODUCT_DEFINITION('design','',#3800,#3789);
#23=PRODUCT_DEFINITION_SHAPE('','',#25);
#3801=SHAPE_DEFINITION_REPRESENTATION(#23,#16);
#11=DRAUGHTING_MODEL('',(#3798),#10);
#3802=DESCRIPTIVE_REPRESENTATION_ITEM('KEY','C:\\Users\\13271\\AppData\\Local\\Packages\\Shapr3D.Shapr3D_dvv5p1vgwv6mp\\TempState\\929cb6d3-bad4-4d46-89d5-0624c6dc012f.tmp');
#3803=PROPERTY_DEFINITION('KEY','',#25);
#3804=REPRESENTATION('',(#3802),#10);
#3805=PROPERTY_DEFINITION_REPRESENTATION(#3803,#3804);
#3806=GENERAL_PROPERTY('','KEY','');
#3807=GENERAL_PROPERTY_ASSOCIATION('','',#3806,#3803);
#1=MECHANICAL_DESIGN_GEOMETRIC_PRESENTATION_REPRESENTATION('',(#54),#10);
ENDSEC;
END-ISO-10303-21;
