ISO-10303-21;
HEADER;

/* File generated by Shapr3D Version 5.980.9717.0 */

FILE_DESCRIPTION(('HOOPS Exchange Step'),'2;1');

FILE_NAME('C:\\Users\\13271\\AppData\\Local\\Packages\\Shapr3D.Shapr3D_j403pzjkqtqbj\\TempState\\export\\temp_export',
'2025-11-02T22:30:06+08:00',
('13271'),
('Shapr3D Limited'),
'HOOPS Exchange 2025.5',
'Shapr3D',
'Authorized');

FILE_SCHEMA( ('AP242_MANAGED_MODEL_BASED_3D_ENGINEERING_MIM_LF {1 0 10303 442 1 1 4}') );

ENDSEC;

DATA;
#3=(NAMED_UNIT(*)PLANE_ANGLE_UNIT()SI_UNIT($,.RADIAN.));
#4=PLANE_ANGLE_MEASURE_WITH_UNIT(PLANE_ANGLE_MEASURE(0.0174532925),#3);
#5=(CONVERSION_BASED_UNIT('DEGREE',#4)NAMED_UNIT(#6)PLANE_ANGLE_UNIT());
#6=DIMENSIONAL_EXPONENTS(0.,0.,0.,0.,0.,0.,0.);
#7=(NAMED_UNIT(*)SI_UNIT($,.STERADIAN.)SOLID_ANGLE_UNIT());
#8=(LENGTH_UNIT()NAMED_UNIT(*)SI_UNIT(.MILLI.,.METRE.));
#9=UNCERTAINTY_MEASURE_WITH_UNIT(LENGTH_MEASURE(1.000000E-03),#8,'DISTANCE_ACCURACY_VALUE','Maximum Tolerance applied to model');
#10=(GEOMETRIC_REPRESENTATION_CONTEXT(3)GLOBAL_UNCERTAINTY_ASSIGNED_CONTEXT((#9))GLOBAL_UNIT_ASSIGNED_CONTEXT((#8,#5,#7))REPRESENTATION_CONTEXT('','root'));
#12=CARTESIAN_POINT('',(0.,0.,0.));
#13=DIRECTION('',(0.,0.,1.));
#14=DIRECTION('',(1.,0.,0.));
#15=AXIS2_PLACEMENT_3D('',#12,#13,#14);
#26=(NAMED_UNIT(*)PLANE_ANGLE_UNIT()SI_UNIT($,.RADIAN.));
#27=PLANE_ANGLE_MEASURE_WITH_UNIT(PLANE_ANGLE_MEASURE(0.0174532925),#26);
#28=(CONVERSION_BASED_UNIT('DEGREE',#27)NAMED_UNIT(#29)PLANE_ANGLE_UNIT());
#29=DIMENSIONAL_EXPONENTS(0.,0.,0.,0.,0.,0.,0.);
#30=(NAMED_UNIT(*)SI_UNIT($,.STERADIAN.)SOLID_ANGLE_UNIT());
#31=(LENGTH_UNIT()NAMED_UNIT(*)SI_UNIT(.MILLI.,.METRE.));
#32=UNCERTAINTY_MEASURE_WITH_UNIT(LENGTH_MEASURE(1.000000E-05),#31,'DISTANCE_ACCURACY_VALUE','Maximum Tolerance applied to model');
#33=(GEOMETRIC_REPRESENTATION_CONTEXT(3)GLOBAL_UNCERTAINTY_ASSIGNED_CONTEXT((#32))GLOBAL_UNIT_ASSIGNED_CONTEXT((#31,#28,#30))REPRESENTATION_CONTEXT('','main_frame'));
#45=CARTESIAN_POINT('',(0.,0.,0.));
#46=DIRECTION('',(0.,0.,1.));
#47=DIRECTION('',(1.,0.,-0.));
#48=AXIS2_PLACEMENT_3D('',#45,#46,#47);
#49=ITEM_DEFINED_TRANSFORMATION('','',#48,#15);
#50=(REPRESENTATION_RELATIONSHIP('','',#35,#16)REPRESENTATION_RELATIONSHIP_WITH_TRANSFORMATION(#49)SHAPE_REPRESENTATION_RELATIONSHIP());
#51=NEXT_ASSEMBLY_USAGE_OCCURRENCE('main_frame_1','main_frame','main_frame',#25,#44,$);
#52=PRODUCT_DEFINITION_SHAPE('','',#51);
#53=CONTEXT_DEPENDENT_SHAPE_REPRESENTATION(#50,#52);
#55=CARTESIAN_POINT('',(0.,0.1,8.06074058));
#56=DIRECTION('',(0.,-0.,1.));
#57=DIRECTION('',(-1.,0.,0.));
#58=AXIS2_PLACEMENT_3D('',#55,#56,#57);
#59=PLANE('',#58);
#60=CARTESIAN_POINT('',(-137.455772829,5.044859387,8.06074058));
#61=VERTEX_POINT('',#60);
#62=CARTESIAN_POINT('',(-136.455772829,6.044859387,8.06074058));
#63=VERTEX_POINT('',#62);
#64=CARTESIAN_POINT('',(-136.455772829,5.044859387,8.06074058));
#65=DIRECTION('',(-0.,0.,-1.));
#66=DIRECTION('',(0.,-1.,-0.));
#67=AXIS2_PLACEMENT_3D('',#64,#65,#66);
#68=CIRCLE('',#67,1.);
#69=EDGE_CURVE('',#61,#63,#68,.T.);
#70=ORIENTED_EDGE('',*,*,#69,.T.);
#71=CARTESIAN_POINT('',(-135.455772829,5.044859387,8.06074058));
#72=VERTEX_POINT('',#71);
#73=CARTESIAN_POINT('',(-136.455772829,5.044859387,8.06074058));
#74=DIRECTION('',(-0.,0.,-1.));
#75=DIRECTION('',(0.,-1.,-0.));
#76=AXIS2_PLACEMENT_3D('',#73,#74,#75);
#77=CIRCLE('',#76,1.);
#78=EDGE_CURVE('',#63,#72,#77,.T.);
#79=ORIENTED_EDGE('',*,*,#78,.T.);
#80=CARTESIAN_POINT('',(-135.455772829,-1.955140613,8.06074058));
#81=VERTEX_POINT('',#80);
#82=CARTESIAN_POINT('',(-135.455772829,5.044859387,8.06074058));
#83=DIRECTION('',(0.,-1.,-0.));
#84=VECTOR('',#83,7.);
#85=LINE('',#82,#84);
#86=EDGE_CURVE('',#72,#81,#85,.T.);
#87=ORIENTED_EDGE('',*,*,#86,.T.);
#88=CARTESIAN_POINT('',(-136.455772829,-2.955140613,8.06074058));
#89=VERTEX_POINT('',#88);
#90=CARTESIAN_POINT('',(-136.455772829,-1.955140613,8.06074058));
#91=DIRECTION('',(-0.,0.,-1.));
#92=DIRECTION('',(0.,-1.,-0.));
#93=AXIS2_PLACEMENT_3D('',#90,#91,#92);
#94=CIRCLE('',#93,1.);
#95=EDGE_CURVE('',#81,#89,#94,.T.);
#96=ORIENTED_EDGE('',*,*,#95,.T.);
#97=CARTESIAN_POINT('',(-137.455772829,-1.955140613,8.06074058));
#98=VERTEX_POINT('',#97);
#99=CARTESIAN_POINT('',(-136.455772829,-1.955140613,8.06074058));
#100=DIRECTION('',(-0.,0.,-1.));
#101=DIRECTION('',(0.,-1.,-0.));
#102=AXIS2_PLACEMENT_3D('',#99,#100,#101);
#103=CIRCLE('',#102,1.);
#104=EDGE_CURVE('',#89,#98,#103,.T.);
#105=ORIENTED_EDGE('',*,*,#104,.T.);
#106=CARTESIAN_POINT('',(-137.455772829,-1.955140613,8.06074058));
#107=DIRECTION('',(0.,1.,0.));
#108=VECTOR('',#107,7.);
#109=LINE('',#106,#108);
#110=EDGE_CURVE('',#98,#61,#109,.T.);
#111=ORIENTED_EDGE('',*,*,#110,.T.);
#112=EDGE_LOOP('',(#70,#79,#87,#96,#105,#111));
#113=FACE_BOUND('',#112,.T.);
#114=CARTESIAN_POINT('',(-139.9,6.943990043,8.06074058));
#115=VERTEX_POINT('',#114);
#116=CARTESIAN_POINT('',(-135.011545658,6.943990043,8.06074058));
#117=VERTEX_POINT('',#116);
#118=CARTESIAN_POINT('',(-139.9,6.943990043,8.06074058));
#119=DIRECTION('',(1.,0.,-0.));
#120=VECTOR('',#119,4.888454342);
#121=LINE('',#118,#120);
#122=EDGE_CURVE('',#115,#117,#121,.T.);
#123=ORIENTED_EDGE('',*,*,#122,.F.);
#124=CARTESIAN_POINT('',(-139.9,3.,8.06074058));
#125=VERTEX_POINT('',#124);
#126=CARTESIAN_POINT('',(-139.9,3.,8.06074058));
#127=DIRECTION('',(0.,1.,0.));
#128=VECTOR('',#127,3.943990043);
#129=LINE('',#126,#128);
#130=EDGE_CURVE('',#125,#115,#129,.T.);
#131=ORIENTED_EDGE('',*,*,#130,.F.);
#132=CARTESIAN_POINT('',(-140.1,2.8,8.06074058));
#133=VERTEX_POINT('',#132);
#134=CARTESIAN_POINT('',(-139.9,3.,8.06074058));
#135=DIRECTION('',(-0.707106781,-0.707106781,-0.));
#136=VECTOR('',#135,0.282842712);
#137=LINE('',#134,#136);
#138=EDGE_CURVE('',#125,#133,#137,.T.);
#139=ORIENTED_EDGE('',*,*,#138,.T.);
#140=CARTESIAN_POINT('',(-141.5,2.8,8.06074058));
#141=VERTEX_POINT('',#140);
#142=CARTESIAN_POINT('',(-140.1,2.8,8.06074058));
#143=DIRECTION('',(-1.,0.,0.));
#144=VECTOR('',#143,1.4);
#145=LINE('',#142,#144);
#146=EDGE_CURVE('',#133,#141,#145,.T.);
#147=ORIENTED_EDGE('',*,*,#146,.T.);
#148=CARTESIAN_POINT('',(-141.5,1.4,8.06074058));
#149=VERTEX_POINT('',#148);
#150=CARTESIAN_POINT('',(-141.5,2.8,8.06074058));
#151=DIRECTION('',(0.,-1.,-0.));
#152=VECTOR('',#151,1.4);
#153=LINE('',#150,#152);
#154=EDGE_CURVE('',#141,#149,#153,.T.);
#155=ORIENTED_EDGE('',*,*,#154,.T.);
#156=CARTESIAN_POINT('',(-140.1,1.4,8.06074058));
#157=VERTEX_POINT('',#156);
#158=CARTESIAN_POINT('',(-141.5,1.4,8.06074058));
#159=DIRECTION('',(1.,0.,-0.));
#160=VECTOR('',#159,1.4);
#161=LINE('',#158,#160);
#162=EDGE_CURVE('',#149,#157,#161,.T.);
#163=ORIENTED_EDGE('',*,*,#162,.T.);
#164=CARTESIAN_POINT('',(-139.9,1.2,8.06074058));
#165=VERTEX_POINT('',#164);
#166=CARTESIAN_POINT('',(-140.1,1.4,8.06074058));
#167=DIRECTION('',(0.707106781,-0.707106781,-0.));
#168=VECTOR('',#167,0.282842712);
#169=LINE('',#166,#168);
#170=EDGE_CURVE('',#157,#165,#169,.T.);
#171=ORIENTED_EDGE('',*,*,#170,.T.);
#172=CARTESIAN_POINT('',(-139.9,-3.654271268,8.06074058));
#173=VERTEX_POINT('',#172);
#174=CARTESIAN_POINT('',(-139.9,1.2,8.06074058));
#175=DIRECTION('',(-0.,-1.,-0.));
#176=VECTOR('',#175,4.854271268);
#177=LINE('',#174,#176);
#178=EDGE_CURVE('',#165,#173,#177,.T.);
#179=ORIENTED_EDGE('',*,*,#178,.T.);
#180=CARTESIAN_POINT('',(-135.011545658,-3.654271268,8.06074058));
#181=VERTEX_POINT('',#180);
#182=CARTESIAN_POINT('',(-139.9,-3.654271268,8.06074058));
#183=DIRECTION('',(1.,0.,-0.));
#184=VECTOR('',#183,4.888454342);
#185=LINE('',#182,#184);
#186=EDGE_CURVE('',#173,#181,#185,.T.);
#187=ORIENTED_EDGE('',*,*,#186,.T.);
#188=CARTESIAN_POINT('',(-135.011545658,6.943990043,8.06074058));
#189=DIRECTION('',(-0.,-1.,-0.));
#190=VECTOR('',#189,10.598261311);
#191=LINE('',#188,#190);
#192=EDGE_CURVE('',#117,#181,#191,.T.);
#193=ORIENTED_EDGE('',*,*,#192,.F.);
#194=EDGE_LOOP('',(#123,#131,#139,#147,#155,#163,#171,#179,#187,#193));
#195=FACE_BOUND('',#194,.T.);
#196=ADVANCED_FACE('',(#113,#195),#59,.T.);
#197=CARTESIAN_POINT('',(0.,0.1,6.46074058));
#198=DIRECTION('',(0.,-0.,1.));
#199=DIRECTION('',(-1.,0.,0.));
#200=AXIS2_PLACEMENT_3D('',#197,#198,#199);
#201=PLANE('',#200);
#202=CARTESIAN_POINT('',(-134.023091316,-1.954271268,6.46074058));
#203=VERTEX_POINT('',#202);
#204=CARTESIAN_POINT('',(-141.023091316,-1.954271268,6.46074058));
#205=VERTEX_POINT('',#204);
#206=CARTESIAN_POINT('',(-134.023091316,-1.954271268,6.46074058));
#207=DIRECTION('',(-1.,0.,0.));
#208=VECTOR('',#207,7.);
#209=LINE('',#206,#208);
#210=EDGE_CURVE('',#203,#205,#209,.T.);
#211=ORIENTED_EDGE('',*,*,#210,.F.);
#212=CARTESIAN_POINT('',(-133.023091316,-0.954271268,6.46074058));
#213=VERTEX_POINT('',#212);
#214=CARTESIAN_POINT('',(-134.023091316,-0.954271268,6.46074058));
#215=DIRECTION('',(0.,-0.,1.));
#216=DIRECTION('',(0.,-1.,-0.));
#217=AXIS2_PLACEMENT_3D('',#214,#215,#216);
#218=CIRCLE('',#217,1.);
#219=EDGE_CURVE('',#203,#213,#218,.T.);
#220=ORIENTED_EDGE('',*,*,#219,.T.);
#221=CARTESIAN_POINT('',(-133.023091316,5.245728732,6.46074058));
#222=VERTEX_POINT('',#221);
#223=CARTESIAN_POINT('',(-133.023091316,-0.954271268,6.46074058));
#224=DIRECTION('',(0.,1.,0.));
#225=VECTOR('',#224,6.2);
#226=LINE('',#223,#225);
#227=EDGE_CURVE('',#213,#222,#226,.T.);
#228=ORIENTED_EDGE('',*,*,#227,.T.);
#229=CARTESIAN_POINT('',(-134.023091316,6.245728732,6.46074058));
#230=VERTEX_POINT('',#229);
#231=CARTESIAN_POINT('',(-134.023091316,5.245728732,6.46074058));
#232=DIRECTION('',(0.,-0.,1.));
#233=DIRECTION('',(0.,-1.,-0.));
#234=AXIS2_PLACEMENT_3D('',#231,#232,#233);
#235=CIRCLE('',#234,1.);
#236=EDGE_CURVE('',#222,#230,#235,.T.);
#237=ORIENTED_EDGE('',*,*,#236,.T.);
#238=CARTESIAN_POINT('',(-141.023091316,6.245728732,6.46074058));
#239=VERTEX_POINT('',#238);
#240=CARTESIAN_POINT('',(-141.023091316,6.245728732,6.46074058));
#241=DIRECTION('',(1.,0.,-0.));
#242=VECTOR('',#241,7.);
#243=LINE('',#240,#242);
#244=EDGE_CURVE('',#239,#230,#243,.T.);
#245=ORIENTED_EDGE('',*,*,#244,.F.);
#246=CARTESIAN_POINT('',(-142.023091316,5.245728732,6.46074058));
#247=VERTEX_POINT('',#246);
#248=CARTESIAN_POINT('',(-141.023091316,5.245728732,6.46074058));
#249=DIRECTION('',(0.,-0.,1.));
#250=DIRECTION('',(0.,-1.,-0.));
#251=AXIS2_PLACEMENT_3D('',#248,#249,#250);
#252=CIRCLE('',#251,1.);
#253=EDGE_CURVE('',#239,#247,#252,.T.);
#254=ORIENTED_EDGE('',*,*,#253,.T.);
#255=CARTESIAN_POINT('',(-142.023091316,7.443990043,6.46074058));
#256=VERTEX_POINT('',#255);
#257=CARTESIAN_POINT('',(-142.023091316,5.245728732,6.46074058));
#258=DIRECTION('',(0.,1.,0.));
#259=VECTOR('',#258,2.198261311);
#260=LINE('',#257,#259);
#261=EDGE_CURVE('',#247,#256,#260,.T.);
#262=ORIENTED_EDGE('',*,*,#261,.T.);
#263=CARTESIAN_POINT('',(-141.023091316,8.443990043,6.46074058));
#264=VERTEX_POINT('',#263);
#265=CARTESIAN_POINT('',(-141.023091316,7.443990043,6.46074058));
#266=DIRECTION('',(-0.,0.,-1.));
#267=DIRECTION('',(0.,-1.,-0.));
#268=AXIS2_PLACEMENT_3D('',#265,#266,#267);
#269=CIRCLE('',#268,1.);
#270=EDGE_CURVE('',#256,#264,#269,.T.);
#271=ORIENTED_EDGE('',*,*,#270,.T.);
#272=CARTESIAN_POINT('',(-132.823092642,8.443990043,6.46074058));
#273=VERTEX_POINT('',#272);
#274=CARTESIAN_POINT('',(-141.023091316,8.443990043,6.46074058));
#275=DIRECTION('',(1.,0.,-0.));
#276=VECTOR('',#275,8.199998674);
#277=LINE('',#274,#276);
#278=EDGE_CURVE('',#264,#273,#277,.T.);
#279=ORIENTED_EDGE('',*,*,#278,.T.);
#280=CARTESIAN_POINT('',(-132.023091316,7.643990043,6.46074058));
#281=VERTEX_POINT('',#280);
#282=CARTESIAN_POINT('',(-132.823091316,7.643990043,6.46074058));
#283=DIRECTION('',(-0.,0.,-1.));
#284=DIRECTION('',(0.,-1.,-0.));
#285=AXIS2_PLACEMENT_3D('',#282,#283,#284);
#286=CIRCLE('',#285,0.8);
#287=EDGE_CURVE('',#273,#281,#286,.T.);
#288=ORIENTED_EDGE('',*,*,#287,.T.);
#289=CARTESIAN_POINT('',(-132.023091316,-3.854269942,6.46074058));
#290=VERTEX_POINT('',#289);
#291=CARTESIAN_POINT('',(-132.023091316,7.643990043,6.46074058));
#292=DIRECTION('',(0.,-1.,-0.));
#293=VECTOR('',#292,11.498259984);
#294=LINE('',#291,#293);
#295=EDGE_CURVE('',#281,#290,#294,.T.);
#296=ORIENTED_EDGE('',*,*,#295,.T.);
#297=CARTESIAN_POINT('',(-132.823091316,-4.654271268,6.46074058));
#298=VERTEX_POINT('',#297);
#299=CARTESIAN_POINT('',(-132.823091316,-3.854271268,6.46074058));
#300=DIRECTION('',(-0.,0.,-1.));
#301=DIRECTION('',(0.,-1.,-0.));
#302=AXIS2_PLACEMENT_3D('',#299,#300,#301);
#303=CIRCLE('',#302,0.8);
#304=EDGE_CURVE('',#290,#298,#303,.T.);
#305=ORIENTED_EDGE('',*,*,#304,.T.);
#306=CARTESIAN_POINT('',(-141.023091316,-4.654271268,6.46074058));
#307=VERTEX_POINT('',#306);
#308=CARTESIAN_POINT('',(-132.823091316,-4.654271268,6.46074058));
#309=DIRECTION('',(-1.,0.,0.));
#310=VECTOR('',#309,8.2);
#311=LINE('',#308,#310);
#312=EDGE_CURVE('',#298,#307,#311,.T.);
#313=ORIENTED_EDGE('',*,*,#312,.T.);
#314=CARTESIAN_POINT('',(-142.023091316,-3.654271268,6.46074058));
#315=VERTEX_POINT('',#314);
#316=CARTESIAN_POINT('',(-141.023091316,-3.654271268,6.46074058));
#317=DIRECTION('',(-0.,0.,-1.));
#318=DIRECTION('',(0.,-1.,-0.));
#319=AXIS2_PLACEMENT_3D('',#316,#317,#318);
#320=CIRCLE('',#319,1.);
#321=EDGE_CURVE('',#307,#315,#320,.T.);
#322=ORIENTED_EDGE('',*,*,#321,.T.);
#323=CARTESIAN_POINT('',(-142.023091316,-0.954271268,6.46074058));
#324=VERTEX_POINT('',#323);
#325=CARTESIAN_POINT('',(-142.023091316,-3.654271268,6.46074058));
#326=DIRECTION('',(0.,1.,0.));
#327=VECTOR('',#326,2.7);
#328=LINE('',#325,#327);
#329=EDGE_CURVE('',#315,#324,#328,.T.);
#330=ORIENTED_EDGE('',*,*,#329,.T.);
#331=CARTESIAN_POINT('',(-141.023091316,-0.954271268,6.46074058));
#332=DIRECTION('',(0.,-0.,1.));
#333=DIRECTION('',(0.,-1.,-0.));
#334=AXIS2_PLACEMENT_3D('',#331,#332,#333);
#335=CIRCLE('',#334,1.);
#336=EDGE_CURVE('',#324,#205,#335,.T.);
#337=ORIENTED_EDGE('',*,*,#336,.T.);
#338=EDGE_LOOP('',(#211,#220,#228,#237,#245,#254,#262,#271,#279,#288,#296,#305,#313,#322,#330,#337));
#339=FACE_BOUND('',#338,.T.);
#340=ADVANCED_FACE('',(#339),#201,.F.);
#341=CARTESIAN_POINT('',(-141.540248604,0.1,3.243583292));
#342=DIRECTION('',(-0.707106781,0.,-0.707106781));
#343=DIRECTION('',(0.,-1.,-0.));
#344=AXIS2_PLACEMENT_3D('',#341,#342,#343);
#345=PLANE('',#344);
#346=CARTESIAN_POINT('',(-141.257405891,1.395728732,2.96074058));
#347=VERTEX_POINT('',#346);
#348=CARTESIAN_POINT('',(-141.257405891,2.895728732,2.96074058));
#349=VERTEX_POINT('',#348);
#350=CARTESIAN_POINT('',(-141.257405891,1.395728732,2.96074058));
#351=DIRECTION('',(-0.,1.,0.));
#352=VECTOR('',#351,1.5);
#353=LINE('',#350,#352);
#354=EDGE_CURVE('',#347,#349,#353,.T.);
#355=ORIENTED_EDGE('',*,*,#354,.F.);
#356=CARTESIAN_POINT('',(-142.023091316,1.395728732,3.726426005));
#357=VERTEX_POINT('',#356);
#358=CARTESIAN_POINT('',(-141.257405891,1.395728732,2.96074058));
#359=DIRECTION('',(-0.707106781,0.,0.707106781));
#360=VECTOR('',#359,1.082842712);
#361=LINE('',#358,#360);
#362=EDGE_CURVE('',#347,#357,#361,.T.);
#363=ORIENTED_EDGE('',*,*,#362,.T.);
#364=CARTESIAN_POINT('',(-142.023091316,2.895728732,3.726426005));
#365=VERTEX_POINT('',#364);
#366=CARTESIAN_POINT('',(-142.023091316,2.895728732,3.726426005));
#367=DIRECTION('',(0.,-1.,-0.));
#368=VECTOR('',#367,1.5);
#369=LINE('',#366,#368);
#370=EDGE_CURVE('',#365,#357,#369,.T.);
#371=ORIENTED_EDGE('',*,*,#370,.F.);
#372=CARTESIAN_POINT('',(-142.023091316,2.895728732,3.726426005));
#373=DIRECTION('',(0.707106781,0.,-0.707106781));
#374=VECTOR('',#373,1.082842712);
#375=LINE('',#372,#374);
#376=EDGE_CURVE('',#365,#349,#375,.T.);
#377=ORIENTED_EDGE('',*,*,#376,.T.);
#378=EDGE_LOOP('',(#355,#363,#371,#377));
#379=FACE_BOUND('',#378,.T.);
#380=ADVANCED_FACE('',(#379),#345,.T.);
#381=CARTESIAN_POINT('',(-137.523091316,1.195728732,5.288558039));
#382=DIRECTION('',(0.,1.,-0.));
#383=DIRECTION('',(1.,0.,0.));
#384=AXIS2_PLACEMENT_3D('',#381,#382,#383);
#385=PLANE('',#384);
#386=CARTESIAN_POINT('',(-141.174563179,1.195728732,3.16074058));
#387=VERTEX_POINT('',#386);
#388=CARTESIAN_POINT('',(-133.871619454,1.195728732,3.16074058));
#389=VERTEX_POINT('',#388);
#390=CARTESIAN_POINT('',(-141.174563179,1.195728732,3.16074058));
#391=DIRECTION('',(1.,-0.,-0.));
#392=VECTOR('',#391,7.302943725);
#393=LINE('',#390,#392);
#394=EDGE_CURVE('',#387,#389,#393,.T.);
#395=ORIENTED_EDGE('',*,*,#394,.T.);
#396=CARTESIAN_POINT('',(-133.223091316,1.195728732,3.809268717));
#397=VERTEX_POINT('',#396);
#398=CARTESIAN_POINT('',(-133.871619454,1.195728732,3.16074058));
#399=DIRECTION('',(0.707106781,0.,0.707106781));
#400=VECTOR('',#399,0.917157288);
#401=LINE('',#398,#400);
#402=EDGE_CURVE('',#389,#397,#401,.T.);
#403=ORIENTED_EDGE('',*,*,#402,.T.);
#404=CARTESIAN_POINT('',(-133.223091316,1.195728732,5.06074058));
#405=VERTEX_POINT('',#404);
#406=CARTESIAN_POINT('',(-133.223091316,1.195728732,3.809268717));
#407=DIRECTION('',(-0.,0.,1.));
#408=VECTOR('',#407,1.251471863);
#409=LINE('',#406,#408);
#410=EDGE_CURVE('',#397,#405,#409,.T.);
#411=ORIENTED_EDGE('',*,*,#410,.T.);
#412=CARTESIAN_POINT('',(-141.823091316,1.195728732,5.06074058));
#413=VERTEX_POINT('',#412);
#414=CARTESIAN_POINT('',(-141.823091316,1.195728732,5.06074058));
#415=DIRECTION('',(1.,-0.,-0.));
#416=VECTOR('',#415,8.6);
#417=LINE('',#414,#416);
#418=EDGE_CURVE('',#413,#405,#417,.T.);
#419=ORIENTED_EDGE('',*,*,#418,.F.);
#420=CARTESIAN_POINT('',(-141.823091316,1.195728732,3.809268717));
#421=VERTEX_POINT('',#420);
#422=CARTESIAN_POINT('',(-141.823091316,1.195728732,5.06074058));
#423=DIRECTION('',(-0.,-0.,-1.));
#424=VECTOR('',#423,1.251471863);
#425=LINE('',#422,#424);
#426=EDGE_CURVE('',#413,#421,#425,.T.);
#427=ORIENTED_EDGE('',*,*,#426,.T.);
#428=CARTESIAN_POINT('',(-141.823091316,1.195728732,3.809268717));
#429=DIRECTION('',(0.707106781,-0.,-0.707106781));
#430=VECTOR('',#429,0.917157288);
#431=LINE('',#428,#430);
#432=EDGE_CURVE('',#421,#387,#431,.T.);
#433=ORIENTED_EDGE('',*,*,#432,.T.);
#434=EDGE_LOOP('',(#395,#403,#411,#419,#427,#433));
#435=FACE_BOUND('',#434,.T.);
#436=ADVANCED_FACE('',(#435),#385,.F.);
#437=CARTESIAN_POINT('',(-133.505934029,0.1,3.243583292));
#438=DIRECTION('',(0.707106781,0.,-0.707106781));
#439=DIRECTION('',(0.,1.,0.));
#440=AXIS2_PLACEMENT_3D('',#437,#438,#439);
#441=PLANE('',#440);
#442=CARTESIAN_POINT('',(-133.023091316,1.395728732,3.726426005));
#443=VERTEX_POINT('',#442);
#444=CARTESIAN_POINT('',(-133.023091316,2.895728732,3.726426005));
#445=VERTEX_POINT('',#444);
#446=CARTESIAN_POINT('',(-133.023091316,1.395728732,3.726426005));
#447=DIRECTION('',(0.,1.,0.));
#448=VECTOR('',#447,1.5);
#449=LINE('',#446,#448);
#450=EDGE_CURVE('',#443,#445,#449,.T.);
#451=ORIENTED_EDGE('',*,*,#450,.F.);
#452=CARTESIAN_POINT('',(-133.788776741,1.395728732,2.96074058));
#453=VERTEX_POINT('',#452);
#454=CARTESIAN_POINT('',(-133.023091316,1.395728732,3.726426005));
#455=DIRECTION('',(-0.707106781,-0.,-0.707106781));
#456=VECTOR('',#455,1.082842712);
#457=LINE('',#454,#456);
#458=EDGE_CURVE('',#443,#453,#457,.T.);
#459=ORIENTED_EDGE('',*,*,#458,.T.);
#460=CARTESIAN_POINT('',(-133.788776741,2.895728732,2.96074058));
#461=VERTEX_POINT('',#460);
#462=CARTESIAN_POINT('',(-133.788776741,2.895728732,2.96074058));
#463=DIRECTION('',(-0.,-1.,-0.));
#464=VECTOR('',#463,1.5);
#465=LINE('',#462,#464);
#466=EDGE_CURVE('',#461,#453,#465,.T.);
#467=ORIENTED_EDGE('',*,*,#466,.F.);
#468=CARTESIAN_POINT('',(-133.788776741,2.895728732,2.96074058));
#469=DIRECTION('',(0.707106781,0.,0.707106781));
#470=VECTOR('',#469,1.082842712);
#471=LINE('',#468,#470);
#472=EDGE_CURVE('',#461,#445,#471,.T.);
#473=ORIENTED_EDGE('',*,*,#472,.T.);
#474=EDGE_LOOP('',(#451,#459,#467,#473));
#475=FACE_BOUND('',#474,.T.);
#476=ADVANCED_FACE('',(#475),#441,.T.);
#477=CARTESIAN_POINT('',(-142.023091316,2.145728732,6.46074058));
#478=DIRECTION('',(1.,0.,0.));
#479=DIRECTION('',(0.,0.,-1.));
#480=AXIS2_PLACEMENT_3D('',#477,#478,#479);
#481=PLANE('',#480);
#482=CARTESIAN_POINT('',(-142.023091316,1.395728732,5.26074058));
#483=VERTEX_POINT('',#482);
#484=CARTESIAN_POINT('',(-142.023091316,1.395728732,3.726426005));
#485=DIRECTION('',(0.,0.,1.));
#486=VECTOR('',#485,1.534314575);
#487=LINE('',#484,#486);
#488=EDGE_CURVE('',#357,#483,#487,.T.);
#489=ORIENTED_EDGE('',*,*,#488,.T.);
#490=CARTESIAN_POINT('',(-142.023091316,-0.954271268,5.26074058));
#491=VERTEX_POINT('',#490);
#492=CARTESIAN_POINT('',(-142.023091316,1.395728732,5.26074058));
#493=DIRECTION('',(0.,-1.,-0.));
#494=VECTOR('',#493,2.35);
#495=LINE('',#492,#494);
#496=EDGE_CURVE('',#483,#491,#495,.T.);
#497=ORIENTED_EDGE('',*,*,#496,.T.);
#498=CARTESIAN_POINT('',(-142.023091316,-0.954271268,5.26074058));
#499=DIRECTION('',(-0.,-0.,1.));
#500=VECTOR('',#499,1.2);
#501=LINE('',#498,#500);
#502=EDGE_CURVE('',#491,#324,#501,.T.);
#503=ORIENTED_EDGE('',*,*,#502,.T.);
#504=ORIENTED_EDGE('',*,*,#329,.F.);
#505=CARTESIAN_POINT('',(-142.023091316,-3.654271268,9.86074058));
#506=VERTEX_POINT('',#505);
#507=CARTESIAN_POINT('',(-142.023091316,-3.654271268,6.46074058));
#508=DIRECTION('',(-0.,-0.,1.));
#509=VECTOR('',#508,3.4);
#510=LINE('',#507,#509);
#511=EDGE_CURVE('',#315,#506,#510,.T.);
#512=ORIENTED_EDGE('',*,*,#511,.T.);
#513=CARTESIAN_POINT('',(-142.023091316,7.443990043,9.86074058));
#514=VERTEX_POINT('',#513);
#515=CARTESIAN_POINT('',(-142.023091316,-3.654271268,9.86074058));
#516=DIRECTION('',(0.,1.,0.));
#517=VECTOR('',#516,11.098261311);
#518=LINE('',#515,#517);
#519=EDGE_CURVE('',#506,#514,#518,.T.);
#520=ORIENTED_EDGE('',*,*,#519,.T.);
#521=CARTESIAN_POINT('',(-142.023091316,7.443990043,9.86074058));
#522=DIRECTION('',(0.,0.,-1.));
#523=VECTOR('',#522,3.4);
#524=LINE('',#521,#523);
#525=EDGE_CURVE('',#514,#256,#524,.T.);
#526=ORIENTED_EDGE('',*,*,#525,.T.);
#527=ORIENTED_EDGE('',*,*,#261,.F.);
#528=CARTESIAN_POINT('',(-142.023091316,5.245728732,5.26074058));
#529=VERTEX_POINT('',#528);
#530=CARTESIAN_POINT('',(-142.023091316,5.245728732,6.46074058));
#531=DIRECTION('',(0.,0.,-1.));
#532=VECTOR('',#531,1.2);
#533=LINE('',#530,#532);
#534=EDGE_CURVE('',#247,#529,#533,.T.);
#535=ORIENTED_EDGE('',*,*,#534,.T.);
#536=CARTESIAN_POINT('',(-142.023091316,2.895728732,5.26074058));
#537=VERTEX_POINT('',#536);
#538=CARTESIAN_POINT('',(-142.023091316,5.245728732,5.26074058));
#539=DIRECTION('',(0.,-1.,-0.));
#540=VECTOR('',#539,2.35);
#541=LINE('',#538,#540);
#542=EDGE_CURVE('',#529,#537,#541,.T.);
#543=ORIENTED_EDGE('',*,*,#542,.T.);
#544=CARTESIAN_POINT('',(-142.023091316,2.895728732,5.26074058));
#545=DIRECTION('',(0.,0.,-1.));
#546=VECTOR('',#545,1.534314575);
#547=LINE('',#544,#546);
#548=EDGE_CURVE('',#537,#365,#547,.T.);
#549=ORIENTED_EDGE('',*,*,#548,.T.);
#550=ORIENTED_EDGE('',*,*,#370,.T.);
#551=EDGE_LOOP('',(#489,#497,#503,#504,#512,#520,#526,#527,#535,#543,#549,#550));
#552=FACE_BOUND('',#551,.T.);
#553=ADVANCED_FACE('',(#552),#481,.F.);
#554=CARTESIAN_POINT('',(0.,0.1,10.06074058));
#555=DIRECTION('',(0.,-0.,1.));
#556=DIRECTION('',(0.,-1.,-0.));
#557=AXIS2_PLACEMENT_3D('',#554,#555,#556);
#558=PLANE('',#557);
#559=CARTESIAN_POINT('',(-134.811545658,-3.854271268,10.06074058));
#560=VERTEX_POINT('',#559);
#561=CARTESIAN_POINT('',(-140.1,-3.854271268,10.06074058));
#562=VERTEX_POINT('',#561);
#563=CARTESIAN_POINT('',(-134.811545658,-3.854271268,10.06074058));
#564=DIRECTION('',(-1.,0.,0.));
#565=VECTOR('',#564,5.288454342);
#566=LINE('',#563,#565);
#567=EDGE_CURVE('',#560,#562,#566,.T.);
#568=ORIENTED_EDGE('',*,*,#567,.T.);
#569=CARTESIAN_POINT('',(-140.1,1.2,10.06074058));
#570=VERTEX_POINT('',#569);
#571=CARTESIAN_POINT('',(-140.1,-3.854271268,10.06074058));
#572=DIRECTION('',(0.,1.,0.));
#573=VECTOR('',#572,5.054271268);
#574=LINE('',#571,#573);
#575=EDGE_CURVE('',#562,#570,#574,.T.);
#576=ORIENTED_EDGE('',*,*,#575,.T.);
#577=CARTESIAN_POINT('',(-141.7,1.2,10.06074058));
#578=VERTEX_POINT('',#577);
#579=CARTESIAN_POINT('',(-140.1,1.2,10.06074058));
#580=DIRECTION('',(-1.,0.,0.));
#581=VECTOR('',#580,1.6);
#582=LINE('',#579,#581);
#583=EDGE_CURVE('',#570,#578,#582,.T.);
#584=ORIENTED_EDGE('',*,*,#583,.T.);
#585=CARTESIAN_POINT('',(-141.7,3.,10.06074058));
#586=VERTEX_POINT('',#585);
#587=CARTESIAN_POINT('',(-141.7,1.2,10.06074058));
#588=DIRECTION('',(0.,1.,0.));
#589=VECTOR('',#588,1.8);
#590=LINE('',#587,#589);
#591=EDGE_CURVE('',#578,#586,#590,.T.);
#592=ORIENTED_EDGE('',*,*,#591,.T.);
#593=CARTESIAN_POINT('',(-140.1,3.,10.06074058));
#594=VERTEX_POINT('',#593);
#595=CARTESIAN_POINT('',(-141.7,3.,10.06074058));
#596=DIRECTION('',(1.,0.,-0.));
#597=VECTOR('',#596,1.6);
#598=LINE('',#595,#597);
#599=EDGE_CURVE('',#586,#594,#598,.T.);
#600=ORIENTED_EDGE('',*,*,#599,.T.);
#601=CARTESIAN_POINT('',(-140.1,7.143990043,10.06074058));
#602=VERTEX_POINT('',#601);
#603=CARTESIAN_POINT('',(-140.1,3.,10.06074058));
#604=DIRECTION('',(0.,1.,0.));
#605=VECTOR('',#604,4.143990043);
#606=LINE('',#603,#605);
#607=EDGE_CURVE('',#594,#602,#606,.T.);
#608=ORIENTED_EDGE('',*,*,#607,.T.);
#609=CARTESIAN_POINT('',(-134.811545658,7.143990043,10.06074058));
#610=VERTEX_POINT('',#609);
#611=CARTESIAN_POINT('',(-140.1,7.143990043,10.06074058));
#612=DIRECTION('',(1.,0.,-0.));
#613=VECTOR('',#612,5.288454342);
#614=LINE('',#611,#613);
#615=EDGE_CURVE('',#602,#610,#614,.T.);
#616=ORIENTED_EDGE('',*,*,#615,.T.);
#617=CARTESIAN_POINT('',(-134.811545658,7.143990043,10.06074058));
#618=DIRECTION('',(-0.,-1.,-0.));
#619=VECTOR('',#618,10.998261311);
#620=LINE('',#617,#619);
#621=EDGE_CURVE('',#610,#560,#620,.T.);
#622=ORIENTED_EDGE('',*,*,#621,.T.);
#623=EDGE_LOOP('',(#568,#576,#584,#592,#600,#608,#616,#622));
#624=FACE_BOUND('',#623,.T.);
#625=CARTESIAN_POINT('',(-132.223091316,7.645728732,10.06074058));
#626=VERTEX_POINT('',#625);
#627=CARTESIAN_POINT('',(-132.823091316,8.245728732,10.06074058));
#628=VERTEX_POINT('',#627);
#629=CARTESIAN_POINT('',(-132.823091316,7.645728732,10.06074058));
#630=DIRECTION('',(0.,-0.,1.));
#631=DIRECTION('',(0.,-1.,-0.));
#632=AXIS2_PLACEMENT_3D('',#629,#630,#631);
#633=CIRCLE('',#632,0.6);
#634=EDGE_CURVE('',#626,#628,#633,.T.);
#635=ORIENTED_EDGE('',*,*,#634,.T.);
#636=CARTESIAN_POINT('',(-141.023091316,8.245728732,10.06074058));
#637=VERTEX_POINT('',#636);
#638=CARTESIAN_POINT('',(-132.823091316,8.245728732,10.06074058));
#639=DIRECTION('',(-1.,0.,0.));
#640=VECTOR('',#639,8.2);
#641=LINE('',#638,#640);
#642=EDGE_CURVE('',#628,#637,#641,.T.);
#643=ORIENTED_EDGE('',*,*,#642,.T.);
#644=CARTESIAN_POINT('',(-141.823091316,7.445728732,10.06074058));
#645=VERTEX_POINT('',#644);
#646=CARTESIAN_POINT('',(-141.023091316,7.445728732,10.06074058));
#647=DIRECTION('',(0.,-0.,1.));
#648=DIRECTION('',(0.,-1.,-0.));
#649=AXIS2_PLACEMENT_3D('',#646,#647,#648);
#650=CIRCLE('',#649,0.8);
#651=EDGE_CURVE('',#637,#645,#650,.T.);
#652=ORIENTED_EDGE('',*,*,#651,.T.);
#653=CARTESIAN_POINT('',(-141.823091316,-3.654271268,10.06074058));
#654=VERTEX_POINT('',#653);
#655=CARTESIAN_POINT('',(-141.823091316,7.445728732,10.06074058));
#656=DIRECTION('',(0.,-1.,-0.));
#657=VECTOR('',#656,11.1);
#658=LINE('',#655,#657);
#659=EDGE_CURVE('',#645,#654,#658,.T.);
#660=ORIENTED_EDGE('',*,*,#659,.T.);
#661=CARTESIAN_POINT('',(-141.023091316,-4.454271268,10.06074058));
#662=VERTEX_POINT('',#661);
#663=CARTESIAN_POINT('',(-141.023091316,-3.654271268,10.06074058));
#664=DIRECTION('',(0.,-0.,1.));
#665=DIRECTION('',(0.,-1.,-0.));
#666=AXIS2_PLACEMENT_3D('',#663,#664,#665);
#667=CIRCLE('',#666,0.8);
#668=EDGE_CURVE('',#654,#662,#667,.T.);
#669=ORIENTED_EDGE('',*,*,#668,.T.);
#670=CARTESIAN_POINT('',(-132.823091316,-4.454271268,10.06074058));
#671=VERTEX_POINT('',#670);
#672=CARTESIAN_POINT('',(-141.023091316,-4.454271268,10.06074058));
#673=DIRECTION('',(1.,0.,-0.));
#674=VECTOR('',#673,8.2);
#675=LINE('',#672,#674);
#676=EDGE_CURVE('',#662,#671,#675,.T.);
#677=ORIENTED_EDGE('',*,*,#676,.T.);
#678=CARTESIAN_POINT('',(-132.223091316,-3.854271268,10.06074058));
#679=VERTEX_POINT('',#678);
#680=CARTESIAN_POINT('',(-132.823091316,-3.854271268,10.06074058));
#681=DIRECTION('',(0.,-0.,1.));
#682=DIRECTION('',(0.,-1.,-0.));
#683=AXIS2_PLACEMENT_3D('',#680,#681,#682);
#684=CIRCLE('',#683,0.6);
#685=EDGE_CURVE('',#671,#679,#684,.T.);
#686=ORIENTED_EDGE('',*,*,#685,.T.);
#687=CARTESIAN_POINT('',(-132.223091316,-3.854271268,10.06074058));
#688=DIRECTION('',(0.,1.,0.));
#689=VECTOR('',#688,11.5);
#690=LINE('',#687,#689);
#691=EDGE_CURVE('',#679,#626,#690,.T.);
#692=ORIENTED_EDGE('',*,*,#691,.T.);
#693=EDGE_LOOP('',(#635,#643,#652,#660,#669,#677,#686,#692));
#694=FACE_BOUND('',#693,.T.);
#695=ADVANCED_FACE('',(#624,#694),#558,.T.);
#696=CARTESIAN_POINT('',(-139.9,-0.227135634,9.96074058));
#697=DIRECTION('',(1.,-0.,-0.));
#698=DIRECTION('',(0.,1.,0.));
#699=AXIS2_PLACEMENT_3D('',#696,#697,#698);
#700=PLANE('',#699);
#701=CARTESIAN_POINT('',(-139.9,1.2,9.86074058));
#702=VERTEX_POINT('',#701);
#703=CARTESIAN_POINT('',(-139.9,1.2,8.06074058));
#704=DIRECTION('',(0.,-0.,1.));
#705=VECTOR('',#704,1.8);
#706=LINE('',#703,#705);
#707=EDGE_CURVE('',#165,#702,#706,.T.);
#708=ORIENTED_EDGE('',*,*,#707,.T.);
#709=CARTESIAN_POINT('',(-139.9,-3.654271268,9.86074058));
#710=VERTEX_POINT('',#709);
#711=CARTESIAN_POINT('',(-139.9,1.2,9.86074058));
#712=DIRECTION('',(-0.,-1.,-0.));
#713=VECTOR('',#712,4.854271268);
#714=LINE('',#711,#713);
#715=EDGE_CURVE('',#702,#710,#714,.T.);
#716=ORIENTED_EDGE('',*,*,#715,.T.);
#717=CARTESIAN_POINT('',(-139.9,-3.654271268,9.86074058));
#718=DIRECTION('',(0.,0.,-1.));
#719=VECTOR('',#718,1.8);
#720=LINE('',#717,#719);
#721=EDGE_CURVE('',#710,#173,#720,.T.);
#722=ORIENTED_EDGE('',*,*,#721,.T.);
#723=ORIENTED_EDGE('',*,*,#178,.F.);
#724=EDGE_LOOP('',(#708,#716,#722,#723));
#725=FACE_BOUND('',#724,.T.);
#726=ADVANCED_FACE('',(#725),#700,.T.);
#727=CARTESIAN_POINT('',(-139.9,4.472864366,9.96074058));
#728=DIRECTION('',(-1.,0.,0.));
#729=DIRECTION('',(0.,0.,1.));
#730=AXIS2_PLACEMENT_3D('',#727,#728,#729);
#731=PLANE('',#730);
#732=CARTESIAN_POINT('',(-139.9,6.943990043,9.86074058));
#733=VERTEX_POINT('',#732);
#734=CARTESIAN_POINT('',(-139.9,6.943990043,9.86074058));
#735=DIRECTION('',(0.,0.,-1.));
#736=VECTOR('',#735,1.8);
#737=LINE('',#734,#736);
#738=EDGE_CURVE('',#733,#115,#737,.T.);
#739=ORIENTED_EDGE('',*,*,#738,.F.);
#740=CARTESIAN_POINT('',(-139.9,3.,9.86074058));
#741=VERTEX_POINT('',#740);
#742=CARTESIAN_POINT('',(-139.9,6.943990043,9.86074058));
#743=DIRECTION('',(0.,-1.,-0.));
#744=VECTOR('',#743,3.943990043);
#745=LINE('',#742,#744);
#746=EDGE_CURVE('',#733,#741,#745,.T.);
#747=ORIENTED_EDGE('',*,*,#746,.T.);
#748=CARTESIAN_POINT('',(-139.9,3.,9.86074058));
#749=DIRECTION('',(0.,0.,-1.));
#750=VECTOR('',#749,1.8);
#751=LINE('',#748,#750);
#752=EDGE_CURVE('',#741,#125,#751,.T.);
#753=ORIENTED_EDGE('',*,*,#752,.T.);
#754=ORIENTED_EDGE('',*,*,#130,.T.);
#755=EDGE_LOOP('',(#739,#747,#753,#754));
#756=FACE_BOUND('',#755,.T.);
#757=ADVANCED_FACE('',(#756),#731,.F.);
#758=CARTESIAN_POINT('',(-135.011545658,2.145728732,8.16074058));
#759=DIRECTION('',(1.,-0.,-0.));
#760=DIRECTION('',(0.,1.,0.));
#761=AXIS2_PLACEMENT_3D('',#758,#759,#760);
#762=PLANE('',#761);
#763=CARTESIAN_POINT('',(-135.011545658,-3.654271268,9.86074058));
#764=VERTEX_POINT('',#763);
#765=CARTESIAN_POINT('',(-135.011545658,-3.654271268,9.86074058));
#766=DIRECTION('',(0.,0.,-1.));
#767=VECTOR('',#766,1.8);
#768=LINE('',#765,#767);
#769=EDGE_CURVE('',#764,#181,#768,.T.);
#770=ORIENTED_EDGE('',*,*,#769,.F.);
#771=CARTESIAN_POINT('',(-135.011545658,6.943990043,9.86074058));
#772=VERTEX_POINT('',#771);
#773=CARTESIAN_POINT('',(-135.011545658,-3.654271268,9.86074058));
#774=DIRECTION('',(0.,1.,0.));
#775=VECTOR('',#774,10.598261311);
#776=LINE('',#773,#775);
#777=EDGE_CURVE('',#764,#772,#776,.T.);
#778=ORIENTED_EDGE('',*,*,#777,.T.);
#779=CARTESIAN_POINT('',(-135.011545658,6.943990043,9.86074058));
#780=DIRECTION('',(0.,0.,-1.));
#781=VECTOR('',#780,1.8);
#782=LINE('',#779,#781);
#783=EDGE_CURVE('',#772,#117,#782,.T.);
#784=ORIENTED_EDGE('',*,*,#783,.T.);
#785=ORIENTED_EDGE('',*,*,#192,.T.);
#786=EDGE_LOOP('',(#770,#778,#784,#785));
#787=FACE_BOUND('',#786,.T.);
#788=ADVANCED_FACE('',(#787),#762,.F.);
#789=CARTESIAN_POINT('',(0.,0.1,5.06074058));
#790=DIRECTION('',(0.,0.,-1.));
#791=DIRECTION('',(-1.,0.,0.));
#792=AXIS2_PLACEMENT_3D('',#789,#790,#791);
#793=PLANE('',#792);
#794=CARTESIAN_POINT('',(-141.023091316,-1.754271268,5.06074058));
#795=VERTEX_POINT('',#794);
#796=CARTESIAN_POINT('',(-141.823091316,-0.954271268,5.06074058));
#797=VERTEX_POINT('',#796);
#798=CARTESIAN_POINT('',(-141.023091316,-0.954271268,5.06074058));
#799=DIRECTION('',(0.,0.,-1.));
#800=DIRECTION('',(0.,1.,0.));
#801=AXIS2_PLACEMENT_3D('',#798,#799,#800);
#802=CIRCLE('',#801,0.8);
#803=EDGE_CURVE('',#795,#797,#802,.T.);
#804=ORIENTED_EDGE('',*,*,#803,.T.);
#805=CARTESIAN_POINT('',(-141.823091316,-0.954271268,5.06074058));
#806=DIRECTION('',(0.,1.,0.));
#807=VECTOR('',#806,2.15);
#808=LINE('',#805,#807);
#809=EDGE_CURVE('',#797,#413,#808,.T.);
#810=ORIENTED_EDGE('',*,*,#809,.T.);
#811=ORIENTED_EDGE('',*,*,#418,.T.);
#812=CARTESIAN_POINT('',(-133.223091316,-0.954271268,5.06074058));
#813=VERTEX_POINT('',#812);
#814=CARTESIAN_POINT('',(-133.223091316,1.195728732,5.06074058));
#815=DIRECTION('',(0.,-1.,-0.));
#816=VECTOR('',#815,2.15);
#817=LINE('',#814,#816);
#818=EDGE_CURVE('',#405,#813,#817,.T.);
#819=ORIENTED_EDGE('',*,*,#818,.T.);
#820=CARTESIAN_POINT('',(-134.023091316,-1.754271268,5.06074058));
#821=VERTEX_POINT('',#820);
#822=CARTESIAN_POINT('',(-134.023091316,-0.954271268,5.06074058));
#823=DIRECTION('',(0.,0.,-1.));
#824=DIRECTION('',(0.,1.,0.));
#825=AXIS2_PLACEMENT_3D('',#822,#823,#824);
#826=CIRCLE('',#825,0.8);
#827=EDGE_CURVE('',#813,#821,#826,.T.);
#828=ORIENTED_EDGE('',*,*,#827,.T.);
#829=CARTESIAN_POINT('',(-134.023091316,-1.754271268,5.06074058));
#830=DIRECTION('',(-1.,0.,0.));
#831=VECTOR('',#830,7.);
#832=LINE('',#829,#831);
#833=EDGE_CURVE('',#821,#795,#832,.T.);
#834=ORIENTED_EDGE('',*,*,#833,.T.);
#835=EDGE_LOOP('',(#804,#810,#811,#819,#828,#834));
#836=FACE_BOUND('',#835,.T.);
#837=ADVANCED_FACE('',(#836),#793,.T.);
#838=CARTESIAN_POINT('',(0.,0.1,5.06074058));
#839=DIRECTION('',(0.,0.,-1.));
#840=DIRECTION('',(-1.,0.,0.));
#841=AXIS2_PLACEMENT_3D('',#838,#839,#840);
#842=PLANE('',#841);
#843=CARTESIAN_POINT('',(-133.223091316,3.095728732,5.06074058));
#844=VERTEX_POINT('',#843);
#845=CARTESIAN_POINT('',(-141.823091316,3.095728732,5.06074058));
#846=VERTEX_POINT('',#845);
#847=CARTESIAN_POINT('',(-133.223091316,3.095728732,5.06074058));
#848=DIRECTION('',(-1.,-0.,0.));
#849=VECTOR('',#848,8.6);
#850=LINE('',#847,#849);
#851=EDGE_CURVE('',#844,#846,#850,.T.);
#852=ORIENTED_EDGE('',*,*,#851,.T.);
#853=CARTESIAN_POINT('',(-141.823091316,5.245728732,5.06074058));
#854=VERTEX_POINT('',#853);
#855=CARTESIAN_POINT('',(-141.823091316,3.095728732,5.06074058));
#856=DIRECTION('',(0.,1.,0.));
#857=VECTOR('',#856,2.15);
#858=LINE('',#855,#857);
#859=EDGE_CURVE('',#846,#854,#858,.T.);
#860=ORIENTED_EDGE('',*,*,#859,.T.);
#861=CARTESIAN_POINT('',(-141.023091316,6.045728732,5.06074058));
#862=VERTEX_POINT('',#861);
#863=CARTESIAN_POINT('',(-141.023091316,5.245728732,5.06074058));
#864=DIRECTION('',(0.,0.,-1.));
#865=DIRECTION('',(0.,1.,0.));
#866=AXIS2_PLACEMENT_3D('',#863,#864,#865);
#867=CIRCLE('',#866,0.8);
#868=EDGE_CURVE('',#854,#862,#867,.T.);
#869=ORIENTED_EDGE('',*,*,#868,.T.);
#870=CARTESIAN_POINT('',(-134.023091316,6.045728732,5.06074058));
#871=VERTEX_POINT('',#870);
#872=CARTESIAN_POINT('',(-141.023091316,6.045728732,5.06074058));
#873=DIRECTION('',(1.,0.,-0.));
#874=VECTOR('',#873,7.);
#875=LINE('',#872,#874);
#876=EDGE_CURVE('',#862,#871,#875,.T.);
#877=ORIENTED_EDGE('',*,*,#876,.T.);
#878=CARTESIAN_POINT('',(-133.223091316,5.245728732,5.06074058));
#879=VERTEX_POINT('',#878);
#880=CARTESIAN_POINT('',(-134.023091316,5.245728732,5.06074058));
#881=DIRECTION('',(0.,0.,-1.));
#882=DIRECTION('',(0.,1.,0.));
#883=AXIS2_PLACEMENT_3D('',#880,#881,#882);
#884=CIRCLE('',#883,0.8);
#885=EDGE_CURVE('',#871,#879,#884,.T.);
#886=ORIENTED_EDGE('',*,*,#885,.T.);
#887=CARTESIAN_POINT('',(-133.223091316,5.245728732,5.06074058));
#888=DIRECTION('',(0.,-1.,-0.));
#889=VECTOR('',#888,2.15);
#890=LINE('',#887,#889);
#891=EDGE_CURVE('',#879,#844,#890,.T.);
#892=ORIENTED_EDGE('',*,*,#891,.T.);
#893=EDGE_LOOP('',(#852,#860,#869,#877,#886,#892));
#894=FACE_BOUND('',#893,.T.);
#895=ADVANCED_FACE('',(#894),#842,.T.);
#896=CARTESIAN_POINT('',(-137.023091316,-4.654271268,6.46074058));
#897=DIRECTION('',(0.,1.,0.));
#898=DIRECTION('',(0.,-0.,1.));
#899=AXIS2_PLACEMENT_3D('',#896,#897,#898);
#900=PLANE('',#899);
#901=CARTESIAN_POINT('',(-132.823091316,-4.654271268,9.86074058));
#902=VERTEX_POINT('',#901);
#903=CARTESIAN_POINT('',(-132.823091316,-4.654271268,9.86074058));
#904=DIRECTION('',(0.,0.,-1.));
#905=VECTOR('',#904,3.4);
#906=LINE('',#903,#905);
#907=EDGE_CURVE('',#902,#298,#906,.T.);
#908=ORIENTED_EDGE('',*,*,#907,.F.);
#909=CARTESIAN_POINT('',(-141.023091316,-4.654271268,9.86074058));
#910=VERTEX_POINT('',#909);
#911=CARTESIAN_POINT('',(-132.823091316,-4.654271268,9.86074058));
#912=DIRECTION('',(-1.,0.,0.));
#913=VECTOR('',#912,8.2);
#914=LINE('',#911,#913);
#915=EDGE_CURVE('',#902,#910,#914,.T.);
#916=ORIENTED_EDGE('',*,*,#915,.T.);
#917=CARTESIAN_POINT('',(-141.023091316,-4.654271268,9.86074058));
#918=DIRECTION('',(0.,0.,-1.));
#919=VECTOR('',#918,3.4);
#920=LINE('',#917,#919);
#921=EDGE_CURVE('',#910,#307,#920,.T.);
#922=ORIENTED_EDGE('',*,*,#921,.T.);
#923=ORIENTED_EDGE('',*,*,#312,.F.);
#924=EDGE_LOOP('',(#908,#916,#922,#923));
#925=FACE_BOUND('',#924,.T.);
#926=ADVANCED_FACE('',(#925),#900,.F.);
#927=CARTESIAN_POINT('',(-137.023091316,6.245728732,6.46074058));
#928=DIRECTION('',(0.,-1.,-0.));
#929=DIRECTION('',(0.,0.,-1.));
#930=AXIS2_PLACEMENT_3D('',#927,#928,#929);
#931=PLANE('',#930);
#932=CARTESIAN_POINT('',(-134.023091316,6.245728732,5.26074058));
#933=VERTEX_POINT('',#932);
#934=CARTESIAN_POINT('',(-134.023091316,6.245728732,6.46074058));
#935=DIRECTION('',(0.,0.,-1.));
#936=VECTOR('',#935,1.2);
#937=LINE('',#934,#936);
#938=EDGE_CURVE('',#230,#933,#937,.T.);
#939=ORIENTED_EDGE('',*,*,#938,.T.);
#940=CARTESIAN_POINT('',(-141.023091316,6.245728732,5.26074058));
#941=VERTEX_POINT('',#940);
#942=CARTESIAN_POINT('',(-134.023091316,6.245728732,5.26074058));
#943=DIRECTION('',(-1.,0.,0.));
#944=VECTOR('',#943,7.);
#945=LINE('',#942,#944);
#946=EDGE_CURVE('',#933,#941,#945,.T.);
#947=ORIENTED_EDGE('',*,*,#946,.T.);
#948=CARTESIAN_POINT('',(-141.023091316,6.245728732,5.26074058));
#949=DIRECTION('',(-0.,-0.,1.));
#950=VECTOR('',#949,1.2);
#951=LINE('',#948,#950);
#952=EDGE_CURVE('',#941,#239,#951,.T.);
#953=ORIENTED_EDGE('',*,*,#952,.T.);
#954=ORIENTED_EDGE('',*,*,#244,.T.);
#955=EDGE_LOOP('',(#939,#947,#953,#954));
#956=FACE_BOUND('',#955,.T.);
#957=ADVANCED_FACE('',(#956),#931,.F.);
#958=CARTESIAN_POINT('',(-137.023091316,8.443990043,6.46074058));
#959=DIRECTION('',(0.,-1.,-0.));
#960=DIRECTION('',(0.,0.,-1.));
#961=AXIS2_PLACEMENT_3D('',#958,#959,#960);
#962=PLANE('',#961);
#963=CARTESIAN_POINT('',(-141.023091316,8.443990043,9.862479269));
#964=VERTEX_POINT('',#963);
#965=CARTESIAN_POINT('',(-132.823091316,8.443990043,9.862479269));
#966=VERTEX_POINT('',#965);
#967=CARTESIAN_POINT('',(-141.023091316,8.443990043,9.862479269));
#968=DIRECTION('',(1.,0.,-0.));
#969=VECTOR('',#968,8.2);
#970=LINE('',#967,#969);
#971=EDGE_CURVE('',#964,#966,#970,.T.);
#972=ORIENTED_EDGE('',*,*,#971,.T.);
#973=CARTESIAN_POINT('',(-132.823091316,8.443990043,9.862479269));
#974=DIRECTION('',(0.,0.,-1.));
#975=VECTOR('',#974,3.401738689);
#976=LINE('',#973,#975);
#977=EDGE_CURVE('',#966,#273,#976,.T.);
#978=ORIENTED_EDGE('',*,*,#977,.T.);
#979=ORIENTED_EDGE('',*,*,#278,.F.);
#980=CARTESIAN_POINT('',(-141.023091316,8.443990043,6.46074058));
#981=DIRECTION('',(-0.,-0.,1.));
#982=VECTOR('',#981,3.401738689);
#983=LINE('',#980,#982);
#984=EDGE_CURVE('',#264,#964,#983,.T.);
#985=ORIENTED_EDGE('',*,*,#984,.T.);
#986=EDGE_LOOP('',(#972,#978,#979,#985));
#987=FACE_BOUND('',#986,.T.);
#988=ADVANCED_FACE('',(#987),#962,.F.);
#989=CARTESIAN_POINT('',(-133.023091316,2.145728732,6.46074058));
#990=DIRECTION('',(-1.,0.,0.));
#991=DIRECTION('',(0.,0.,1.));
#992=AXIS2_PLACEMENT_3D('',#989,#990,#991);
#993=PLANE('',#992);
#994=CARTESIAN_POINT('',(-133.023091316,-0.954271268,5.26074058));
#995=VERTEX_POINT('',#994);
#996=CARTESIAN_POINT('',(-133.023091316,1.395728732,5.26074058));
#997=VERTEX_POINT('',#996);
#998=CARTESIAN_POINT('',(-133.023091316,-0.954271268,5.26074058));
#999=DIRECTION('',(0.,1.,0.));
#1000=VECTOR('',#999,2.35);
#1001=LINE('',#998,#1000);
#1002=EDGE_CURVE('',#995,#997,#1001,.T.);
#1003=ORIENTED_EDGE('',*,*,#1002,.T.);
#1004=CARTESIAN_POINT('',(-133.023091316,1.395728732,5.26074058));
#1005=DIRECTION('',(0.,-0.,-1.));
#1006=VECTOR('',#1005,1.534314575);
#1007=LINE('',#1004,#1006);
#1008=EDGE_CURVE('',#997,#443,#1007,.T.);
#1009=ORIENTED_EDGE('',*,*,#1008,.T.);
#1010=ORIENTED_EDGE('',*,*,#450,.T.);
#1011=CARTESIAN_POINT('',(-133.023091316,2.895728732,5.26074058));
#1012=VERTEX_POINT('',#1011);
#1013=CARTESIAN_POINT('',(-133.023091316,2.895728732,3.726426005));
#1014=DIRECTION('',(0.,0.,1.));
#1015=VECTOR('',#1014,1.534314575);
#1016=LINE('',#1013,#1015);
#1017=EDGE_CURVE('',#445,#1012,#1016,.T.);
#1018=ORIENTED_EDGE('',*,*,#1017,.T.);
#1019=CARTESIAN_POINT('',(-133.023091316,5.245728732,5.26074058));
#1020=VERTEX_POINT('',#1019);
#1021=CARTESIAN_POINT('',(-133.023091316,2.895728732,5.26074058));
#1022=DIRECTION('',(0.,1.,0.));
#1023=VECTOR('',#1022,2.35);
#1024=LINE('',#1021,#1023);
#1025=EDGE_CURVE('',#1012,#1020,#1024,.T.);
#1026=ORIENTED_EDGE('',*,*,#1025,.T.);
#1027=CARTESIAN_POINT('',(-133.023091316,5.245728732,5.26074058));
#1028=DIRECTION('',(-0.,-0.,1.));
#1029=VECTOR('',#1028,1.2);
#1030=LINE('',#1027,#1029);
#1031=EDGE_CURVE('',#1020,#222,#1030,.T.);
#1032=ORIENTED_EDGE('',*,*,#1031,.T.);
#1033=ORIENTED_EDGE('',*,*,#227,.F.);
#1034=CARTESIAN_POINT('',(-133.023091316,-0.954271268,6.46074058));
#1035=DIRECTION('',(0.,0.,-1.));
#1036=VECTOR('',#1035,1.2);
#1037=LINE('',#1034,#1036);
#1038=EDGE_CURVE('',#213,#995,#1037,.T.);
#1039=ORIENTED_EDGE('',*,*,#1038,.T.);
#1040=EDGE_LOOP('',(#1003,#1009,#1010,#1018,#1026,#1032,#1033,#1039));
#1041=FACE_BOUND('',#1040,.T.);
#1042=ADVANCED_FACE('',(#1041),#993,.F.);
#1043=CARTESIAN_POINT('',(-137.023091316,-1.954271268,6.46074058));
#1044=DIRECTION('',(0.,1.,0.));
#1045=DIRECTION('',(0.,-0.,1.));
#1046=AXIS2_PLACEMENT_3D('',#1043,#1044,#1045);
#1047=PLANE('',#1046);
#1048=CARTESIAN_POINT('',(-141.023091316,-1.954271268,5.26074058));
#1049=VERTEX_POINT('',#1048);
#1050=CARTESIAN_POINT('',(-141.023091316,-1.954271268,6.46074058));
#1051=DIRECTION('',(0.,0.,-1.));
#1052=VECTOR('',#1051,1.2);
#1053=LINE('',#1050,#1052);
#1054=EDGE_CURVE('',#205,#1049,#1053,.T.);
#1055=ORIENTED_EDGE('',*,*,#1054,.T.);
#1056=CARTESIAN_POINT('',(-134.023091316,-1.954271268,5.26074058));
#1057=VERTEX_POINT('',#1056);
#1058=CARTESIAN_POINT('',(-141.023091316,-1.954271268,5.26074058));
#1059=DIRECTION('',(1.,0.,-0.));
#1060=VECTOR('',#1059,7.);
#1061=LINE('',#1058,#1060);
#1062=EDGE_CURVE('',#1049,#1057,#1061,.T.);
#1063=ORIENTED_EDGE('',*,*,#1062,.T.);
#1064=CARTESIAN_POINT('',(-134.023091316,-1.954271268,5.26074058));
#1065=DIRECTION('',(-0.,-0.,1.));
#1066=VECTOR('',#1065,1.2);
#1067=LINE('',#1064,#1066);
#1068=EDGE_CURVE('',#1057,#203,#1067,.T.);
#1069=ORIENTED_EDGE('',*,*,#1068,.T.);
#1070=ORIENTED_EDGE('',*,*,#210,.T.);
#1071=EDGE_LOOP('',(#1055,#1063,#1069,#1070));
#1072=FACE_BOUND('',#1071,.T.);
#1073=ADVANCED_FACE('',(#1072),#1047,.F.);
#1074=CARTESIAN_POINT('',(-132.023091316,2.145728732,7.46074058));
#1075=DIRECTION('',(1.,0.,0.));
#1076=DIRECTION('',(0.,0.,-1.));
#1077=AXIS2_PLACEMENT_3D('',#1074,#1075,#1076);
#1078=PLANE('',#1077);
#1079=CARTESIAN_POINT('',(-132.023091316,7.643990043,9.86074058));
#1080=VERTEX_POINT('',#1079);
#1081=CARTESIAN_POINT('',(-132.023091316,7.643990043,9.86074058));
#1082=DIRECTION('',(0.,0.,-1.));
#1083=VECTOR('',#1082,3.4);
#1084=LINE('',#1081,#1083);
#1085=EDGE_CURVE('',#1080,#281,#1084,.T.);
#1086=ORIENTED_EDGE('',*,*,#1085,.F.);
#1087=CARTESIAN_POINT('',(-132.023091316,-3.854271268,9.86074058));
#1088=VERTEX_POINT('',#1087);
#1089=CARTESIAN_POINT('',(-132.023091316,7.643990043,9.86074058));
#1090=DIRECTION('',(0.,-1.,-0.));
#1091=VECTOR('',#1090,11.498261311);
#1092=LINE('',#1089,#1091);
#1093=EDGE_CURVE('',#1080,#1088,#1092,.T.);
#1094=ORIENTED_EDGE('',*,*,#1093,.T.);
#1095=CARTESIAN_POINT('',(-132.023091316,-3.854271268,9.86074058));
#1096=DIRECTION('',(0.,0.,-1.));
#1097=VECTOR('',#1096,3.4);
#1098=LINE('',#1095,#1097);
#1099=EDGE_CURVE('',#1088,#290,#1098,.T.);
#1100=ORIENTED_EDGE('',*,*,#1099,.T.);
#1101=ORIENTED_EDGE('',*,*,#295,.F.);
#1102=EDGE_LOOP('',(#1086,#1094,#1100,#1101));
#1103=FACE_BOUND('',#1102,.T.);
#1104=ADVANCED_FACE('',(#1103),#1078,.T.);
#1105=CARTESIAN_POINT('',(-140.7,1.4,9.96074058));
#1106=DIRECTION('',(0.,1.,0.));
#1107=DIRECTION('',(0.,-0.,1.));
#1108=AXIS2_PLACEMENT_3D('',#1105,#1106,#1107);
#1109=PLANE('',#1108);
#1110=CARTESIAN_POINT('',(-141.5,1.4,9.86074058));
#1111=VERTEX_POINT('',#1110);
#1112=CARTESIAN_POINT('',(-140.1,1.4,9.86074058));
#1113=VERTEX_POINT('',#1112);
#1114=CARTESIAN_POINT('',(-141.5,1.4,9.86074058));
#1115=DIRECTION('',(1.,0.,-0.));
#1116=VECTOR('',#1115,1.4);
#1117=LINE('',#1114,#1116);
#1118=EDGE_CURVE('',#1111,#1113,#1117,.T.);
#1119=ORIENTED_EDGE('',*,*,#1118,.T.);
#1120=CARTESIAN_POINT('',(-140.1,1.4,9.86074058));
#1121=DIRECTION('',(0.,0.,-1.));
#1122=VECTOR('',#1121,1.8);
#1123=LINE('',#1120,#1122);
#1124=EDGE_CURVE('',#1113,#157,#1123,.T.);
#1125=ORIENTED_EDGE('',*,*,#1124,.T.);
#1126=ORIENTED_EDGE('',*,*,#162,.F.);
#1127=CARTESIAN_POINT('',(-141.5,1.4,9.86074058));
#1128=DIRECTION('',(0.,0.,-1.));
#1129=VECTOR('',#1128,1.8);
#1130=LINE('',#1127,#1129);
#1131=EDGE_CURVE('',#1111,#149,#1130,.T.);
#1132=ORIENTED_EDGE('',*,*,#1131,.F.);
#1133=EDGE_LOOP('',(#1119,#1125,#1126,#1132));
#1134=FACE_BOUND('',#1133,.T.);
#1135=ADVANCED_FACE('',(#1134),#1109,.T.);
#1136=CARTESIAN_POINT('',(-141.5,2.1,9.96074058));
#1137=DIRECTION('',(1.,0.,0.));
#1138=DIRECTION('',(0.,0.,-1.));
#1139=AXIS2_PLACEMENT_3D('',#1136,#1137,#1138);
#1140=PLANE('',#1139);
#1141=CARTESIAN_POINT('',(-141.5,2.8,9.86074058));
#1142=VERTEX_POINT('',#1141);
#1143=CARTESIAN_POINT('',(-141.5,2.8,9.86074058));
#1144=DIRECTION('',(0.,0.,-1.));
#1145=VECTOR('',#1144,1.8);
#1146=LINE('',#1143,#1145);
#1147=EDGE_CURVE('',#1142,#141,#1146,.T.);
#1148=ORIENTED_EDGE('',*,*,#1147,.F.);
#1149=CARTESIAN_POINT('',(-141.5,2.8,9.86074058));
#1150=DIRECTION('',(0.,-1.,-0.));
#1151=VECTOR('',#1150,1.4);
#1152=LINE('',#1149,#1151);
#1153=EDGE_CURVE('',#1142,#1111,#1152,.T.);
#1154=ORIENTED_EDGE('',*,*,#1153,.T.);
#1155=ORIENTED_EDGE('',*,*,#1131,.T.);
#1156=ORIENTED_EDGE('',*,*,#154,.F.);
#1157=EDGE_LOOP('',(#1148,#1154,#1155,#1156));
#1158=FACE_BOUND('',#1157,.T.);
#1159=ADVANCED_FACE('',(#1158),#1140,.T.);
#1160=CARTESIAN_POINT('',(-140.7,2.8,9.96074058));
#1161=DIRECTION('',(0.,-1.,-0.));
#1162=DIRECTION('',(0.,0.,-1.));
#1163=AXIS2_PLACEMENT_3D('',#1160,#1161,#1162);
#1164=PLANE('',#1163);
#1165=ORIENTED_EDGE('',*,*,#146,.F.);
#1166=CARTESIAN_POINT('',(-140.1,2.8,9.86074058));
#1167=VERTEX_POINT('',#1166);
#1168=CARTESIAN_POINT('',(-140.1,2.8,8.06074058));
#1169=DIRECTION('',(0.,-0.,1.));
#1170=VECTOR('',#1169,1.8);
#1171=LINE('',#1168,#1170);
#1172=EDGE_CURVE('',#133,#1167,#1171,.T.);
#1173=ORIENTED_EDGE('',*,*,#1172,.T.);
#1174=CARTESIAN_POINT('',(-140.1,2.8,9.86074058));
#1175=DIRECTION('',(-1.,0.,0.));
#1176=VECTOR('',#1175,1.4);
#1177=LINE('',#1174,#1176);
#1178=EDGE_CURVE('',#1167,#1142,#1177,.T.);
#1179=ORIENTED_EDGE('',*,*,#1178,.T.);
#1180=ORIENTED_EDGE('',*,*,#1147,.T.);
#1181=EDGE_LOOP('',(#1165,#1173,#1179,#1180));
#1182=FACE_BOUND('',#1181,.T.);
#1183=ADVANCED_FACE('',(#1182),#1164,.T.);
#1184=CARTESIAN_POINT('',(-141.023091316,-3.654271268,6.46074058));
#1185=DIRECTION('',(0.,-0.,1.));
#1186=DIRECTION('',(0.,-1.,-0.));
#1187=AXIS2_PLACEMENT_3D('',#1184,#1185,#1186);
#1188=CYLINDRICAL_SURFACE('',#1187,1.);
#1189=ORIENTED_EDGE('',*,*,#921,.F.);
#1190=CARTESIAN_POINT('',(-141.023091316,-3.654271268,9.86074058));
#1191=DIRECTION('',(0.,0.,-1.));
#1192=DIRECTION('',(-1.,0.,0.));
#1193=AXIS2_PLACEMENT_3D('',#1190,#1191,#1192);
#1194=CIRCLE('',#1193,1.);
#1195=EDGE_CURVE('',#910,#506,#1194,.T.);
#1196=ORIENTED_EDGE('',*,*,#1195,.T.);
#1197=ORIENTED_EDGE('',*,*,#511,.F.);
#1198=ORIENTED_EDGE('',*,*,#321,.F.);
#1199=EDGE_LOOP('',(#1189,#1196,#1197,#1198));
#1200=FACE_BOUND('',#1199,.T.);
#1201=ADVANCED_FACE('',(#1200),#1188,.T.);
#1202=CARTESIAN_POINT('',(-141.023091316,7.443990043,7.46074058));
#1203=DIRECTION('',(0.,-0.,1.));
#1204=DIRECTION('',(0.,-1.,-0.));
#1205=AXIS2_PLACEMENT_3D('',#1202,#1203,#1204);
#1206=CYLINDRICAL_SURFACE('',#1205,1.);
#1207=ORIENTED_EDGE('',*,*,#525,.F.);
#1208=CARTESIAN_POINT('',(-142.023089805,7.445728732,9.860742092));
#1209=VERTEX_POINT('',#1208);
#1210=CARTESIAN_POINT('',(-141.023091316,7.443990043,10.86074058));
#1211=DIRECTION('',(-0.707106781,-0.,0.707106781));
#1212=DIRECTION('',(0.707106781,-0.,0.707106781));
#1213=AXIS2_PLACEMENT_3D('',#1210,#1211,#1212);
#1214=ELLIPSE('',#1213,1.414213562,1.);
#1215=EDGE_CURVE('',#1209,#514,#1214,.T.);
#1216=ORIENTED_EDGE('',*,*,#1215,.F.);
#1217=CARTESIAN_POINT('',(-142.023089805,7.445728732,9.860742092));
#1218=CARTESIAN_POINT('',(-142.022976546,7.510868779,9.86085535));
#1219=CARTESIAN_POINT('',(-142.016348848,7.577017897,9.860970383));
#1220=CARTESIAN_POINT('',(-142.003495902,7.64098458,9.861081639));
#1221=CARTESIAN_POINT('',(-141.990642956,7.704951264,9.861192895));
#1222=CARTESIAN_POINT('',(-141.971691564,7.767163508,9.861301118));
#1223=CARTESIAN_POINT('',(-141.946584509,7.827604852,9.861406277));
#1224=CARTESIAN_POINT('',(-141.921477454,7.888046197,9.861511436));
#1225=CARTESIAN_POINT('',(-141.890147957,7.946412948,9.861614282));
#1226=CARTESIAN_POINT('',(-141.853952894,8.000469202,9.861707078));
#1227=CARTESIAN_POINT('',(-141.817757831,8.054525457,9.861799873));
#1228=CARTESIAN_POINT('',(-141.776411383,8.104942811,9.861888923));
#1229=CARTESIAN_POINT('',(-141.729743069,8.15155156,9.861970054));
#1230=CARTESIAN_POINT('',(-141.683074754,8.198160309,9.862051185));
#1231=CARTESIAN_POINT('',(-141.63252036,8.239516427,9.862123196));
#1232=CARTESIAN_POINT('',(-141.578192868,8.275772627,9.862186325));
#1233=CARTESIAN_POINT('',(-141.523865375,8.312028827,9.862249454));
#1234=CARTESIAN_POINT('',(-141.465217931,8.343308976,9.862303925));
#1235=CARTESIAN_POINT('',(-141.404963006,8.368205392,9.862347282));
#1236=CARTESIAN_POINT('',(-141.344708081,8.393101808,9.86239064));
#1237=CARTESIAN_POINT('',(-141.282462519,8.411988087,9.862423532));
#1238=CARTESIAN_POINT('',(-141.218195932,8.42477248,9.862445798));
#1239=CARTESIAN_POINT('',(-141.153929345,8.437556873,9.862468064));
#1240=CARTESIAN_POINT('',(-141.088128358,8.44398468,9.862479241));
#1241=CARTESIAN_POINT('',(-141.023091316,8.443990046,9.862479269));
#1242=B_SPLINE_CURVE_WITH_KNOTS('',3,(#1217,#1218,#1219,#1220,#1221,#1222,#1223,#1224,#1225,#1226,#1227,#1228,#1229,#1230,#1231,#1232,#1233,#1234,#1235,#1236,#1237,#1238,#1239,#1240,#1241),.UNSPECIFIED.,.F.,.F.,(4,3,3,3,3,3,3,3,4),(0.000860959,0.001056661,0.001252363,0.001448065,0.001643767,0.001839469,0.002035171,0.002230873,0.002426575),.UNSPECIFIED.);
#1243=EDGE_CURVE('',#1209,#964,#1242,.T.);
#1244=ORIENTED_EDGE('',*,*,#1243,.T.);
#1245=ORIENTED_EDGE('',*,*,#984,.F.);
#1246=ORIENTED_EDGE('',*,*,#270,.F.);
#1247=EDGE_LOOP('',(#1207,#1216,#1244,#1245,#1246));
#1248=FACE_BOUND('',#1247,.T.);
#1249=ADVANCED_FACE('',(#1248),#1206,.T.);
#1250=CARTESIAN_POINT('',(-134.023091316,-0.954271268,6.46074058));
#1251=DIRECTION('',(0.,0.,-1.));
#1252=DIRECTION('',(0.,1.,0.));
#1253=AXIS2_PLACEMENT_3D('',#1250,#1251,#1252);
#1254=CYLINDRICAL_SURFACE('',#1253,1.);
#1255=ORIENTED_EDGE('',*,*,#1068,.F.);
#1256=CARTESIAN_POINT('',(-134.023091316,-0.954271268,5.26074058));
#1257=DIRECTION('',(-0.,-0.,1.));
#1258=DIRECTION('',(-1.,0.,0.));
#1259=AXIS2_PLACEMENT_3D('',#1256,#1257,#1258);
#1260=CIRCLE('',#1259,1.);
#1261=EDGE_CURVE('',#1057,#995,#1260,.T.);
#1262=ORIENTED_EDGE('',*,*,#1261,.T.);
#1263=ORIENTED_EDGE('',*,*,#1038,.F.);
#1264=ORIENTED_EDGE('',*,*,#219,.F.);
#1265=EDGE_LOOP('',(#1255,#1262,#1263,#1264));
#1266=FACE_BOUND('',#1265,.T.);
#1267=ADVANCED_FACE('',(#1266),#1254,.T.);
#1268=CARTESIAN_POINT('',(-141.023091316,5.245728732,6.46074058));
#1269=DIRECTION('',(0.,0.,-1.));
#1270=DIRECTION('',(0.,1.,0.));
#1271=AXIS2_PLACEMENT_3D('',#1268,#1269,#1270);
#1272=CYLINDRICAL_SURFACE('',#1271,1.);
#1273=ORIENTED_EDGE('',*,*,#952,.F.);
#1274=CARTESIAN_POINT('',(-141.023091316,5.245728732,5.26074058));
#1275=DIRECTION('',(-0.,-0.,1.));
#1276=DIRECTION('',(-1.,0.,0.));
#1277=AXIS2_PLACEMENT_3D('',#1274,#1275,#1276);
#1278=CIRCLE('',#1277,1.);
#1279=EDGE_CURVE('',#941,#529,#1278,.T.);
#1280=ORIENTED_EDGE('',*,*,#1279,.T.);
#1281=ORIENTED_EDGE('',*,*,#534,.F.);
#1282=ORIENTED_EDGE('',*,*,#253,.F.);
#1283=EDGE_LOOP('',(#1273,#1280,#1281,#1282));
#1284=FACE_BOUND('',#1283,.T.);
#1285=ADVANCED_FACE('',(#1284),#1272,.T.);
#1286=CARTESIAN_POINT('',(-141.023091316,-0.954271268,6.46074058));
#1287=DIRECTION('',(0.,0.,-1.));
#1288=DIRECTION('',(0.,1.,0.));
#1289=AXIS2_PLACEMENT_3D('',#1286,#1287,#1288);
#1290=CYLINDRICAL_SURFACE('',#1289,1.);
#1291=ORIENTED_EDGE('',*,*,#502,.F.);
#1292=CARTESIAN_POINT('',(-141.023091316,-0.954271268,5.26074058));
#1293=DIRECTION('',(-0.,-0.,1.));
#1294=DIRECTION('',(-1.,0.,0.));
#1295=AXIS2_PLACEMENT_3D('',#1292,#1293,#1294);
#1296=CIRCLE('',#1295,1.);
#1297=EDGE_CURVE('',#491,#1049,#1296,.T.);
#1298=ORIENTED_EDGE('',*,*,#1297,.T.);
#1299=ORIENTED_EDGE('',*,*,#1054,.F.);
#1300=ORIENTED_EDGE('',*,*,#336,.F.);
#1301=EDGE_LOOP('',(#1291,#1298,#1299,#1300));
#1302=FACE_BOUND('',#1301,.T.);
#1303=ADVANCED_FACE('',(#1302),#1290,.T.);
#1304=CARTESIAN_POINT('',(-134.023091316,5.245728732,6.46074058));
#1305=DIRECTION('',(0.,0.,-1.));
#1306=DIRECTION('',(0.,1.,0.));
#1307=AXIS2_PLACEMENT_3D('',#1304,#1305,#1306);
#1308=CYLINDRICAL_SURFACE('',#1307,1.);
#1309=ORIENTED_EDGE('',*,*,#1031,.F.);
#1310=CARTESIAN_POINT('',(-134.023091316,5.245728732,5.26074058));
#1311=DIRECTION('',(-0.,-0.,1.));
#1312=DIRECTION('',(-1.,0.,0.));
#1313=AXIS2_PLACEMENT_3D('',#1310,#1311,#1312);
#1314=CIRCLE('',#1313,1.);
#1315=EDGE_CURVE('',#1020,#933,#1314,.T.);
#1316=ORIENTED_EDGE('',*,*,#1315,.T.);
#1317=ORIENTED_EDGE('',*,*,#938,.F.);
#1318=ORIENTED_EDGE('',*,*,#236,.F.);
#1319=EDGE_LOOP('',(#1309,#1316,#1317,#1318));
#1320=FACE_BOUND('',#1319,.T.);
#1321=ADVANCED_FACE('',(#1320),#1308,.T.);
#1322=CARTESIAN_POINT('',(-140.1,1.4,9.96074058));
#1323=DIRECTION('',(-0.707106781,-0.707106781,-0.));
#1324=DIRECTION('',(0.,0.,-1.));
#1325=AXIS2_PLACEMENT_3D('',#1322,#1323,#1324);
#1326=PLANE('',#1325);
#1327=ORIENTED_EDGE('',*,*,#170,.F.);
#1328=ORIENTED_EDGE('',*,*,#1124,.F.);
#1329=CARTESIAN_POINT('',(-139.9,1.2,9.86074058));
#1330=DIRECTION('',(-0.707106781,0.707106781,-0.));
#1331=VECTOR('',#1330,0.282842712);
#1332=LINE('',#1329,#1331);
#1333=EDGE_CURVE('',#702,#1113,#1332,.T.);
#1334=ORIENTED_EDGE('',*,*,#1333,.F.);
#1335=ORIENTED_EDGE('',*,*,#707,.F.);
#1336=EDGE_LOOP('',(#1327,#1328,#1334,#1335));
#1337=FACE_BOUND('',#1336,.T.);
#1338=ADVANCED_FACE('',(#1337),#1326,.F.);
#1339=CARTESIAN_POINT('',(-137.023091316,-4.654271268,9.86074058));
#1340=DIRECTION('',(0.,-0.707106781,0.707106781));
#1341=DIRECTION('',(1.,0.,0.));
#1342=AXIS2_PLACEMENT_3D('',#1339,#1340,#1341);
#1343=PLANE('',#1342);
#1344=ORIENTED_EDGE('',*,*,#915,.F.);
#1345=CARTESIAN_POINT('',(-132.823091316,-4.454271268,10.06074058));
#1346=DIRECTION('',(0.,-0.707106781,-0.707106781));
#1347=VECTOR('',#1346,0.282842712);
#1348=LINE('',#1345,#1347);
#1349=EDGE_CURVE('',#671,#902,#1348,.T.);
#1350=ORIENTED_EDGE('',*,*,#1349,.F.);
#1351=ORIENTED_EDGE('',*,*,#676,.F.);
#1352=CARTESIAN_POINT('',(-141.023091316,-4.654271268,9.86074058));
#1353=DIRECTION('',(-0.,0.707106781,0.707106781));
#1354=VECTOR('',#1353,0.282842712);
#1355=LINE('',#1352,#1354);
#1356=EDGE_CURVE('',#910,#662,#1355,.T.);
#1357=ORIENTED_EDGE('',*,*,#1356,.F.);
#1358=EDGE_LOOP('',(#1344,#1350,#1351,#1357));
#1359=FACE_BOUND('',#1358,.T.);
#1360=ADVANCED_FACE('',(#1359),#1343,.T.);
#1361=CARTESIAN_POINT('',(-139.9,1.2,9.86074058));
#1362=DIRECTION('',(0.577350269,0.577350269,0.577350269));
#1363=DIRECTION('',(-0.,-0.707106781,0.707106781));
#1364=AXIS2_PLACEMENT_3D('',#1361,#1362,#1363);
#1365=PLANE('',#1364);
#1366=CARTESIAN_POINT('',(-140.1,1.2,10.06074058));
#1367=DIRECTION('',(0.,0.707106781,-0.707106781));
#1368=VECTOR('',#1367,0.282842712);
#1369=LINE('',#1366,#1368);
#1370=EDGE_CURVE('',#570,#1113,#1369,.T.);
#1371=ORIENTED_EDGE('',*,*,#1370,.F.);
#1372=CARTESIAN_POINT('',(-140.1,1.2,10.06074058));
#1373=DIRECTION('',(0.707106781,-0.,-0.707106781));
#1374=VECTOR('',#1373,0.282842712);
#1375=LINE('',#1372,#1374);
#1376=EDGE_CURVE('',#570,#702,#1375,.T.);
#1377=ORIENTED_EDGE('',*,*,#1376,.T.);
#1378=ORIENTED_EDGE('',*,*,#1333,.T.);
#1379=EDGE_LOOP('',(#1371,#1377,#1378));
#1380=FACE_BOUND('',#1379,.T.);
#1381=ADVANCED_FACE('',(#1380),#1365,.T.);
#1382=CARTESIAN_POINT('',(-141.023091316,-3.654271268,10.06074058));
#1383=DIRECTION('',(0.,0.,-1.));
#1384=DIRECTION('',(-1.,0.,0.));
#1385=AXIS2_PLACEMENT_3D('',#1382,#1383,#1384);
#1386=CONICAL_SURFACE('',#1385,0.8,45.);
#1387=ORIENTED_EDGE('',*,*,#1356,.T.);
#1388=ORIENTED_EDGE('',*,*,#668,.F.);
#1389=CARTESIAN_POINT('',(-142.023091316,-3.654271268,9.86074058));
#1390=DIRECTION('',(0.707106781,0.,0.707106781));
#1391=VECTOR('',#1390,0.282842712);
#1392=LINE('',#1389,#1391);
#1393=EDGE_CURVE('',#506,#654,#1392,.T.);
#1394=ORIENTED_EDGE('',*,*,#1393,.F.);
#1395=ORIENTED_EDGE('',*,*,#1195,.F.);
#1396=EDGE_LOOP('',(#1387,#1388,#1394,#1395));
#1397=FACE_BOUND('',#1396,.T.);
#1398=ADVANCED_FACE('',(#1397),#1386,.T.);
#1399=CARTESIAN_POINT('',(-140.7,1.4,9.86074058));
#1400=DIRECTION('',(0.,-0.707106781,-0.707106781));
#1401=DIRECTION('',(1.,0.,0.));
#1402=AXIS2_PLACEMENT_3D('',#1399,#1400,#1401);
#1403=PLANE('',#1402);
#1404=ORIENTED_EDGE('',*,*,#1370,.T.);
#1405=ORIENTED_EDGE('',*,*,#1118,.F.);
#1406=CARTESIAN_POINT('',(-141.7,1.2,10.06074058));
#1407=DIRECTION('',(0.577350269,0.577350269,-0.577350269));
#1408=VECTOR('',#1407,0.346410162);
#1409=LINE('',#1406,#1408);
#1410=EDGE_CURVE('',#578,#1111,#1409,.T.);
#1411=ORIENTED_EDGE('',*,*,#1410,.F.);
#1412=ORIENTED_EDGE('',*,*,#583,.F.);
#1413=EDGE_LOOP('',(#1404,#1405,#1411,#1412));
#1414=FACE_BOUND('',#1413,.T.);
#1415=ADVANCED_FACE('',(#1414),#1403,.F.);
#1416=CARTESIAN_POINT('',(-142.023091316,2.145728732,9.86074058));
#1417=DIRECTION('',(-0.707106781,-0.,0.707106781));
#1418=DIRECTION('',(-0.,-1.,-0.));
#1419=AXIS2_PLACEMENT_3D('',#1416,#1417,#1418);
#1420=PLANE('',#1419);
#1421=ORIENTED_EDGE('',*,*,#1393,.T.);
#1422=ORIENTED_EDGE('',*,*,#659,.F.);
#1423=CARTESIAN_POINT('',(-142.023089805,7.445728732,9.860742092));
#1424=DIRECTION('',(0.707106781,0.,0.707106781));
#1425=VECTOR('',#1424,0.282840575);
#1426=LINE('',#1423,#1425);
#1427=EDGE_CURVE('',#1209,#645,#1426,.T.);
#1428=ORIENTED_EDGE('',*,*,#1427,.F.);
#1429=ORIENTED_EDGE('',*,*,#1215,.T.);
#1430=ORIENTED_EDGE('',*,*,#519,.F.);
#1431=EDGE_LOOP('',(#1421,#1422,#1428,#1429,#1430));
#1432=FACE_BOUND('',#1431,.T.);
#1433=ADVANCED_FACE('',(#1432),#1420,.T.);
#1434=CARTESIAN_POINT('',(-141.5,2.1,9.86074058));
#1435=DIRECTION('',(-0.707106781,0.,-0.707106781));
#1436=DIRECTION('',(0.,-1.,-0.));
#1437=AXIS2_PLACEMENT_3D('',#1434,#1435,#1436);
#1438=PLANE('',#1437);
#1439=ORIENTED_EDGE('',*,*,#1410,.T.);
#1440=ORIENTED_EDGE('',*,*,#1153,.F.);
#1441=CARTESIAN_POINT('',(-141.7,3.,10.06074058));
#1442=DIRECTION('',(0.577350269,-0.577350269,-0.577350269));
#1443=VECTOR('',#1442,0.346410162);
#1444=LINE('',#1441,#1443);
#1445=EDGE_CURVE('',#586,#1142,#1444,.T.);
#1446=ORIENTED_EDGE('',*,*,#1445,.F.);
#1447=ORIENTED_EDGE('',*,*,#591,.F.);
#1448=EDGE_LOOP('',(#1439,#1440,#1446,#1447));
#1449=FACE_BOUND('',#1448,.T.);
#1450=ADVANCED_FACE('',(#1449),#1438,.F.);
#1451=CARTESIAN_POINT('',(-141.023091316,7.445728732,10.06074058));
#1452=DIRECTION('',(0.,0.,-1.));
#1453=DIRECTION('',(-1.,0.,0.));
#1454=AXIS2_PLACEMENT_3D('',#1451,#1452,#1453);
#1455=CONICAL_SURFACE('',#1454,0.8,45.);
#1456=ORIENTED_EDGE('',*,*,#1427,.T.);
#1457=ORIENTED_EDGE('',*,*,#651,.F.);
#1458=CARTESIAN_POINT('',(-141.023091316,8.443990043,9.862479269));
#1459=DIRECTION('',(-0.,-0.707106781,0.707106781));
#1460=VECTOR('',#1459,0.280383835);
#1461=LINE('',#1458,#1460);
#1462=EDGE_CURVE('',#964,#637,#1461,.T.);
#1463=ORIENTED_EDGE('',*,*,#1462,.F.);
#1464=ORIENTED_EDGE('',*,*,#1243,.F.);
#1465=EDGE_LOOP('',(#1456,#1457,#1463,#1464));
#1466=FACE_BOUND('',#1465,.T.);
#1467=ADVANCED_FACE('',(#1466),#1455,.T.);
#1468=CARTESIAN_POINT('',(-139.9,3.,9.96074058));
#1469=DIRECTION('',(0.707106781,-0.707106781,-0.));
#1470=DIRECTION('',(0.,-0.,1.));
#1471=AXIS2_PLACEMENT_3D('',#1468,#1469,#1470);
#1472=PLANE('',#1471);
#1473=ORIENTED_EDGE('',*,*,#138,.F.);
#1474=ORIENTED_EDGE('',*,*,#752,.F.);
#1475=CARTESIAN_POINT('',(-140.1,2.8,9.86074058));
#1476=DIRECTION('',(0.707106781,0.707106781,0.));
#1477=VECTOR('',#1476,0.282842712);
#1478=LINE('',#1475,#1477);
#1479=EDGE_CURVE('',#1167,#741,#1478,.T.);
#1480=ORIENTED_EDGE('',*,*,#1479,.F.);
#1481=ORIENTED_EDGE('',*,*,#1172,.F.);
#1482=EDGE_LOOP('',(#1473,#1474,#1480,#1481));
#1483=FACE_BOUND('',#1482,.T.);
#1484=ADVANCED_FACE('',(#1483),#1472,.T.);
#1485=CARTESIAN_POINT('',(-140.7,2.8,9.86074058));
#1486=DIRECTION('',(0.,0.707106781,-0.707106781));
#1487=DIRECTION('',(-1.,0.,0.));
#1488=AXIS2_PLACEMENT_3D('',#1485,#1486,#1487);
#1489=PLANE('',#1488);
#1490=ORIENTED_EDGE('',*,*,#1445,.T.);
#1491=ORIENTED_EDGE('',*,*,#1178,.F.);
#1492=CARTESIAN_POINT('',(-140.1,3.,10.06074058));
#1493=DIRECTION('',(0.,-0.707106781,-0.707106781));
#1494=VECTOR('',#1493,0.282842712);
#1495=LINE('',#1492,#1494);
#1496=EDGE_CURVE('',#594,#1167,#1495,.T.);
#1497=ORIENTED_EDGE('',*,*,#1496,.F.);
#1498=ORIENTED_EDGE('',*,*,#599,.F.);
#1499=EDGE_LOOP('',(#1490,#1491,#1497,#1498));
#1500=FACE_BOUND('',#1499,.T.);
#1501=ADVANCED_FACE('',(#1500),#1489,.F.);
#1502=CARTESIAN_POINT('',(-137.023091316,8.445728732,9.86074058));
#1503=DIRECTION('',(0.,0.707106781,0.707106781));
#1504=DIRECTION('',(-1.,0.,0.));
#1505=AXIS2_PLACEMENT_3D('',#1502,#1503,#1504);
#1506=PLANE('',#1505);
#1507=ORIENTED_EDGE('',*,*,#642,.F.);
#1508=CARTESIAN_POINT('',(-132.823091316,8.245728732,10.06074058));
#1509=DIRECTION('',(0.,0.707106781,-0.707106781));
#1510=VECTOR('',#1509,0.280383835);
#1511=LINE('',#1508,#1510);
#1512=EDGE_CURVE('',#628,#966,#1511,.T.);
#1513=ORIENTED_EDGE('',*,*,#1512,.T.);
#1514=ORIENTED_EDGE('',*,*,#971,.F.);
#1515=ORIENTED_EDGE('',*,*,#1462,.T.);
#1516=EDGE_LOOP('',(#1507,#1513,#1514,#1515));
#1517=FACE_BOUND('',#1516,.T.);
#1518=ADVANCED_FACE('',(#1517),#1506,.T.);
#1519=CARTESIAN_POINT('',(-139.9,3.,9.86074058));
#1520=DIRECTION('',(0.577350269,-0.577350269,0.577350269));
#1521=DIRECTION('',(0.,-0.707106781,-0.707106781));
#1522=AXIS2_PLACEMENT_3D('',#1519,#1520,#1521);
#1523=PLANE('',#1522);
#1524=ORIENTED_EDGE('',*,*,#1496,.T.);
#1525=ORIENTED_EDGE('',*,*,#1479,.T.);
#1526=CARTESIAN_POINT('',(-140.1,3.,10.06074058));
#1527=DIRECTION('',(0.707106781,-0.,-0.707106781));
#1528=VECTOR('',#1527,0.282842712);
#1529=LINE('',#1526,#1528);
#1530=EDGE_CURVE('',#594,#741,#1529,.T.);
#1531=ORIENTED_EDGE('',*,*,#1530,.F.);
#1532=EDGE_LOOP('',(#1524,#1525,#1531));
#1533=FACE_BOUND('',#1532,.T.);
#1534=ADVANCED_FACE('',(#1533),#1523,.T.);
#1535=CARTESIAN_POINT('',(-140.1,0.1,10.06074058));
#1536=DIRECTION('',(0.707106781,-0.,0.707106781));
#1537=DIRECTION('',(0.,-1.,-0.));
#1538=AXIS2_PLACEMENT_3D('',#1535,#1536,#1537);
#1539=PLANE('',#1538);
#1540=ORIENTED_EDGE('',*,*,#1530,.T.);
#1541=ORIENTED_EDGE('',*,*,#746,.F.);
#1542=CARTESIAN_POINT('',(-139.9,6.943990043,9.86074058));
#1543=DIRECTION('',(-0.577350269,0.577350269,0.577350269));
#1544=VECTOR('',#1543,0.346410162);
#1545=LINE('',#1542,#1544);
#1546=EDGE_CURVE('',#733,#602,#1545,.T.);
#1547=ORIENTED_EDGE('',*,*,#1546,.T.);
#1548=ORIENTED_EDGE('',*,*,#607,.F.);
#1549=EDGE_LOOP('',(#1540,#1541,#1547,#1548));
#1550=FACE_BOUND('',#1549,.T.);
#1551=ADVANCED_FACE('',(#1550),#1539,.T.);
#1552=CARTESIAN_POINT('',(0.,0.1,2.96074058));
#1553=DIRECTION('',(0.,0.,-1.));
#1554=DIRECTION('',(0.,1.,0.));
#1555=AXIS2_PLACEMENT_3D('',#1552,#1553,#1554);
#1556=PLANE('',#1555);
#1557=CARTESIAN_POINT('',(-133.788776741,1.395728732,2.96074058));
#1558=DIRECTION('',(-1.,0.,0.));
#1559=VECTOR('',#1558,7.46862915);
#1560=LINE('',#1557,#1559);
#1561=EDGE_CURVE('',#453,#347,#1560,.T.);
#1562=ORIENTED_EDGE('',*,*,#1561,.T.);
#1563=ORIENTED_EDGE('',*,*,#354,.T.);
#1564=CARTESIAN_POINT('',(-141.257405891,2.895728732,2.96074058));
#1565=DIRECTION('',(1.,0.,-0.));
#1566=VECTOR('',#1565,7.46862915);
#1567=LINE('',#1564,#1566);
#1568=EDGE_CURVE('',#349,#461,#1567,.T.);
#1569=ORIENTED_EDGE('',*,*,#1568,.T.);
#1570=ORIENTED_EDGE('',*,*,#466,.T.);
#1571=EDGE_LOOP('',(#1562,#1563,#1569,#1570));
#1572=FACE_BOUND('',#1571,.T.);
#1573=ADVANCED_FACE('',(#1572),#1556,.T.);
#1574=CARTESIAN_POINT('',(-137.523091316,3.095728732,5.288558039));
#1575=DIRECTION('',(0.,-1.,0.));
#1576=DIRECTION('',(-1.,0.,0.));
#1577=AXIS2_PLACEMENT_3D('',#1574,#1575,#1576);
#1578=PLANE('',#1577);
#1579=CARTESIAN_POINT('',(-133.871619454,3.095728732,3.16074058));
#1580=VERTEX_POINT('',#1579);
#1581=CARTESIAN_POINT('',(-141.174563179,3.095728732,3.16074058));
#1582=VERTEX_POINT('',#1581);
#1583=CARTESIAN_POINT('',(-133.871619454,3.095728732,3.16074058));
#1584=DIRECTION('',(-1.,-0.,0.));
#1585=VECTOR('',#1584,7.302943725);
#1586=LINE('',#1583,#1585);
#1587=EDGE_CURVE('',#1580,#1582,#1586,.T.);
#1588=ORIENTED_EDGE('',*,*,#1587,.T.);
#1589=CARTESIAN_POINT('',(-141.823091316,3.095728732,3.809268717));
#1590=VERTEX_POINT('',#1589);
#1591=CARTESIAN_POINT('',(-141.174563179,3.095728732,3.16074058));
#1592=DIRECTION('',(-0.707106781,-0.,0.707106781));
#1593=VECTOR('',#1592,0.917157288);
#1594=LINE('',#1591,#1593);
#1595=EDGE_CURVE('',#1582,#1590,#1594,.T.);
#1596=ORIENTED_EDGE('',*,*,#1595,.T.);
#1597=CARTESIAN_POINT('',(-141.823091316,3.095728732,3.809268717));
#1598=DIRECTION('',(-0.,-0.,1.));
#1599=VECTOR('',#1598,1.251471863);
#1600=LINE('',#1597,#1599);
#1601=EDGE_CURVE('',#1590,#846,#1600,.T.);
#1602=ORIENTED_EDGE('',*,*,#1601,.T.);
#1603=ORIENTED_EDGE('',*,*,#851,.F.);
#1604=CARTESIAN_POINT('',(-133.223091316,3.095728732,3.809268717));
#1605=VERTEX_POINT('',#1604);
#1606=CARTESIAN_POINT('',(-133.223091316,3.095728732,5.06074058));
#1607=DIRECTION('',(-0.,-0.,-1.));
#1608=VECTOR('',#1607,1.251471863);
#1609=LINE('',#1606,#1608);
#1610=EDGE_CURVE('',#844,#1605,#1609,.T.);
#1611=ORIENTED_EDGE('',*,*,#1610,.T.);
#1612=CARTESIAN_POINT('',(-133.223091316,3.095728732,3.809268717));
#1613=DIRECTION('',(-0.707106781,-0.,-0.707106781));
#1614=VECTOR('',#1613,0.917157288);
#1615=LINE('',#1612,#1614);
#1616=EDGE_CURVE('',#1605,#1580,#1615,.T.);
#1617=ORIENTED_EDGE('',*,*,#1616,.T.);
#1618=EDGE_LOOP('',(#1588,#1596,#1602,#1603,#1611,#1617));
#1619=FACE_BOUND('',#1618,.T.);
#1620=ADVANCED_FACE('',(#1619),#1578,.F.);
#1621=CARTESIAN_POINT('',(-132.823091316,7.643990043,9.06074058));
#1622=DIRECTION('',(0.,0.,-1.));
#1623=DIRECTION('',(0.,1.,0.));
#1624=AXIS2_PLACEMENT_3D('',#1621,#1622,#1623);
#1625=CYLINDRICAL_SURFACE('',#1624,0.8);
#1626=ORIENTED_EDGE('',*,*,#977,.F.);
#1627=CARTESIAN_POINT('',(-132.023093206,7.645728732,9.860742469));
#1628=VERTEX_POINT('',#1627);
#1629=CARTESIAN_POINT('',(-132.823091316,8.443990043,9.862479269));
#1630=CARTESIAN_POINT('',(-132.770996386,8.443990043,9.862479269));
#1631=CARTESIAN_POINT('',(-132.718084873,8.438783779,9.862467929));
#1632=CARTESIAN_POINT('',(-132.666902588,8.428595091,9.862445738));
#1633=CARTESIAN_POINT('',(-132.615720303,8.418406403,9.862423547));
#1634=CARTESIAN_POINT('',(-132.565937599,8.403339263,9.862390732));
#1635=CARTESIAN_POINT('',(-132.517566701,8.383351057,9.862347203));
#1636=CARTESIAN_POINT('',(-132.469195803,8.363362852,9.862303673));
#1637=CARTESIAN_POINT('',(-132.42245925,8.338389059,9.862248397));
#1638=CARTESIAN_POINT('',(-132.37917176,8.309523993,9.862186445));
#1639=CARTESIAN_POINT('',(-132.335884271,8.280658927,9.862124493));
#1640=CARTESIAN_POINT('',(-132.29551237,8.247681579,9.862051785));
#1641=CARTESIAN_POINT('',(-132.258166963,8.210435517,9.861970727));
#1642=CARTESIAN_POINT('',(-132.220821557,8.173189456,9.861889669));
#1643=CARTESIAN_POINT('',(-132.187639833,8.132807618,9.861800845));
#1644=CARTESIAN_POINT('',(-132.158564074,8.089415188,9.861707343));
#1645=CARTESIAN_POINT('',(-132.129488315,8.046022758,9.86161384));
#1646=CARTESIAN_POINT('',(-132.104367653,7.999174366,9.861510998));
#1647=CARTESIAN_POINT('',(-132.084353325,7.951018023,9.86140625));
#1648=CARTESIAN_POINT('',(-132.044324669,7.854705337,9.861196754));
#1649=CARTESIAN_POINT('',(-132.023328884,7.749763184,9.860965412));
#1650=CARTESIAN_POINT('',(-132.023093202,7.645728732,9.860742472));
#1651=B_SPLINE_CURVE_WITH_KNOTS('',3,(#1629,#1630,#1631,#1632,#1633,#1634,#1635,#1636,#1637,#1638,#1639,#1640,#1641,#1642,#1643,#1644,#1645,#1646,#1647,#1648,#1649,#1650),.UNSPECIFIED.,.F.,.F.,(4,3,3,3,3,3,3,4),(0.000687329,0.000843857,0.001000386,0.001156915,0.001313444,0.001469973,0.001626501,0.001939559),.UNSPECIFIED.);
#1652=EDGE_CURVE('',#966,#1628,#1651,.T.);
#1653=ORIENTED_EDGE('',*,*,#1652,.T.);
#1654=CARTESIAN_POINT('',(-132.823091316,7.643990043,10.66074058));
#1655=DIRECTION('',(0.707106781,-0.,0.707106781));
#1656=DIRECTION('',(0.707106781,0.,-0.707106781));
#1657=AXIS2_PLACEMENT_3D('',#1654,#1655,#1656);
#1658=ELLIPSE('',#1657,1.13137085,0.8);
#1659=EDGE_CURVE('',#1080,#1628,#1658,.T.);
#1660=ORIENTED_EDGE('',*,*,#1659,.F.);
#1661=ORIENTED_EDGE('',*,*,#1085,.T.);
#1662=ORIENTED_EDGE('',*,*,#287,.F.);
#1663=EDGE_LOOP('',(#1626,#1653,#1660,#1661,#1662));
#1664=FACE_BOUND('',#1663,.T.);
#1665=ADVANCED_FACE('',(#1664),#1625,.T.);
#1666=CARTESIAN_POINT('',(-132.823091316,-3.854271268,9.06074058));
#1667=DIRECTION('',(0.,0.,-1.));
#1668=DIRECTION('',(0.,1.,0.));
#1669=AXIS2_PLACEMENT_3D('',#1666,#1667,#1668);
#1670=CYLINDRICAL_SURFACE('',#1669,0.8);
#1671=ORIENTED_EDGE('',*,*,#1099,.F.);
#1672=CARTESIAN_POINT('',(-132.823091316,-3.854271268,9.86074058));
#1673=DIRECTION('',(0.,0.,-1.));
#1674=DIRECTION('',(-1.,0.,0.));
#1675=AXIS2_PLACEMENT_3D('',#1672,#1673,#1674);
#1676=CIRCLE('',#1675,0.8);
#1677=EDGE_CURVE('',#1088,#902,#1676,.T.);
#1678=ORIENTED_EDGE('',*,*,#1677,.T.);
#1679=ORIENTED_EDGE('',*,*,#907,.T.);
#1680=ORIENTED_EDGE('',*,*,#304,.F.);
#1681=EDGE_LOOP('',(#1671,#1678,#1679,#1680));
#1682=FACE_BOUND('',#1681,.T.);
#1683=ADVANCED_FACE('',(#1682),#1670,.T.);
#1684=CARTESIAN_POINT('',(-137.205772829,-3.654271268,8.36074058));
#1685=DIRECTION('',(0.,1.,0.));
#1686=DIRECTION('',(0.,-0.,1.));
#1687=AXIS2_PLACEMENT_3D('',#1684,#1685,#1686);
#1688=PLANE('',#1687);
#1689=ORIENTED_EDGE('',*,*,#721,.F.);
#1690=CARTESIAN_POINT('',(-139.9,-3.654271268,9.86074058));
#1691=DIRECTION('',(1.,0.,-0.));
#1692=VECTOR('',#1691,4.888454342);
#1693=LINE('',#1690,#1692);
#1694=EDGE_CURVE('',#710,#764,#1693,.T.);
#1695=ORIENTED_EDGE('',*,*,#1694,.T.);
#1696=ORIENTED_EDGE('',*,*,#769,.T.);
#1697=ORIENTED_EDGE('',*,*,#186,.F.);
#1698=EDGE_LOOP('',(#1689,#1695,#1696,#1697));
#1699=FACE_BOUND('',#1698,.T.);
#1700=ADVANCED_FACE('',(#1699),#1688,.T.);
#1701=CARTESIAN_POINT('',(-137.205772829,6.943990043,8.36074058));
#1702=DIRECTION('',(0.,1.,0.));
#1703=DIRECTION('',(0.,-0.,1.));
#1704=AXIS2_PLACEMENT_3D('',#1701,#1702,#1703);
#1705=PLANE('',#1704);
#1706=ORIENTED_EDGE('',*,*,#783,.F.);
#1707=CARTESIAN_POINT('',(-135.011545658,6.943990043,9.86074058));
#1708=DIRECTION('',(-1.,0.,0.));
#1709=VECTOR('',#1708,4.888454342);
#1710=LINE('',#1707,#1709);
#1711=EDGE_CURVE('',#772,#733,#1710,.T.);
#1712=ORIENTED_EDGE('',*,*,#1711,.T.);
#1713=ORIENTED_EDGE('',*,*,#738,.T.);
#1714=ORIENTED_EDGE('',*,*,#122,.T.);
#1715=EDGE_LOOP('',(#1706,#1712,#1713,#1714));
#1716=FACE_BOUND('',#1715,.T.);
#1717=ADVANCED_FACE('',(#1716),#1705,.F.);
#1718=CARTESIAN_POINT('',(-132.823091316,-3.854271268,10.06074058));
#1719=DIRECTION('',(0.,0.,-1.));
#1720=DIRECTION('',(-1.,0.,0.));
#1721=AXIS2_PLACEMENT_3D('',#1718,#1719,#1720);
#1722=CONICAL_SURFACE('',#1721,0.6,45.);
#1723=ORIENTED_EDGE('',*,*,#1349,.T.);
#1724=ORIENTED_EDGE('',*,*,#1677,.F.);
#1725=CARTESIAN_POINT('',(-132.223091316,-3.854271268,10.06074058));
#1726=DIRECTION('',(0.707106781,0.,-0.707106781));
#1727=VECTOR('',#1726,0.282842712);
#1728=LINE('',#1725,#1727);
#1729=EDGE_CURVE('',#679,#1088,#1728,.T.);
#1730=ORIENTED_EDGE('',*,*,#1729,.F.);
#1731=ORIENTED_EDGE('',*,*,#685,.F.);
#1732=EDGE_LOOP('',(#1723,#1724,#1730,#1731));
#1733=FACE_BOUND('',#1732,.T.);
#1734=ADVANCED_FACE('',(#1733),#1722,.T.);
#1735=CARTESIAN_POINT('',(-132.223091316,0.1,10.06074058));
#1736=DIRECTION('',(-0.707106781,0.,-0.707106781));
#1737=DIRECTION('',(-0.,1.,0.));
#1738=AXIS2_PLACEMENT_3D('',#1735,#1736,#1737);
#1739=PLANE('',#1738);
#1740=ORIENTED_EDGE('',*,*,#1729,.T.);
#1741=ORIENTED_EDGE('',*,*,#1093,.F.);
#1742=ORIENTED_EDGE('',*,*,#1659,.T.);
#1743=CARTESIAN_POINT('',(-132.223091316,7.645728732,10.06074058));
#1744=DIRECTION('',(0.707106781,-0.,-0.707106781));
#1745=VECTOR('',#1744,0.28284004);
#1746=LINE('',#1743,#1745);
#1747=EDGE_CURVE('',#626,#1628,#1746,.T.);
#1748=ORIENTED_EDGE('',*,*,#1747,.F.);
#1749=ORIENTED_EDGE('',*,*,#691,.F.);
#1750=EDGE_LOOP('',(#1740,#1741,#1742,#1748,#1749));
#1751=FACE_BOUND('',#1750,.T.);
#1752=ADVANCED_FACE('',(#1751),#1739,.F.);
#1753=CARTESIAN_POINT('',(-132.823091316,7.645728732,10.06074058));
#1754=DIRECTION('',(0.,0.,-1.));
#1755=DIRECTION('',(-1.,0.,0.));
#1756=AXIS2_PLACEMENT_3D('',#1753,#1754,#1755);
#1757=CONICAL_SURFACE('',#1756,0.6,45.);
#1758=ORIENTED_EDGE('',*,*,#1747,.T.);
#1759=ORIENTED_EDGE('',*,*,#1652,.F.);
#1760=ORIENTED_EDGE('',*,*,#1512,.F.);
#1761=ORIENTED_EDGE('',*,*,#634,.F.);
#1762=EDGE_LOOP('',(#1758,#1759,#1760,#1761));
#1763=FACE_BOUND('',#1762,.T.);
#1764=ADVANCED_FACE('',(#1763),#1757,.T.);
#1765=CARTESIAN_POINT('',(0.,7.143990043,10.06074058));
#1766=DIRECTION('',(0.,-0.707106781,0.707106781));
#1767=DIRECTION('',(-1.,0.,0.));
#1768=AXIS2_PLACEMENT_3D('',#1765,#1766,#1767);
#1769=PLANE('',#1768);
#1770=ORIENTED_EDGE('',*,*,#1546,.F.);
#1771=ORIENTED_EDGE('',*,*,#1711,.F.);
#1772=CARTESIAN_POINT('',(-134.811545658,7.143990043,10.06074058));
#1773=DIRECTION('',(-0.577350269,-0.577350269,-0.577350269));
#1774=VECTOR('',#1773,0.346410162);
#1775=LINE('',#1772,#1774);
#1776=EDGE_CURVE('',#610,#772,#1775,.T.);
#1777=ORIENTED_EDGE('',*,*,#1776,.F.);
#1778=ORIENTED_EDGE('',*,*,#615,.F.);
#1779=EDGE_LOOP('',(#1770,#1771,#1777,#1778));
#1780=FACE_BOUND('',#1779,.T.);
#1781=ADVANCED_FACE('',(#1780),#1769,.T.);
#1782=CARTESIAN_POINT('',(-134.811545658,0.1,10.06074058));
#1783=DIRECTION('',(-0.707106781,0.,0.707106781));
#1784=DIRECTION('',(0.,1.,0.));
#1785=AXIS2_PLACEMENT_3D('',#1782,#1783,#1784);
#1786=PLANE('',#1785);
#1787=ORIENTED_EDGE('',*,*,#1776,.T.);
#1788=ORIENTED_EDGE('',*,*,#777,.F.);
#1789=CARTESIAN_POINT('',(-134.811545658,-3.854271268,10.06074058));
#1790=DIRECTION('',(-0.577350269,0.577350269,-0.577350269));
#1791=VECTOR('',#1790,0.346410162);
#1792=LINE('',#1789,#1791);
#1793=EDGE_CURVE('',#560,#764,#1792,.T.);
#1794=ORIENTED_EDGE('',*,*,#1793,.F.);
#1795=ORIENTED_EDGE('',*,*,#621,.F.);
#1796=EDGE_LOOP('',(#1787,#1788,#1794,#1795));
#1797=FACE_BOUND('',#1796,.T.);
#1798=ADVANCED_FACE('',(#1797),#1786,.T.);
#1799=CARTESIAN_POINT('',(-137.205772829,-3.654271268,9.86074058));
#1800=DIRECTION('',(0.,-0.707106781,-0.707106781));
#1801=DIRECTION('',(1.,0.,0.));
#1802=AXIS2_PLACEMENT_3D('',#1799,#1800,#1801);
#1803=PLANE('',#1802);
#1804=ORIENTED_EDGE('',*,*,#1793,.T.);
#1805=ORIENTED_EDGE('',*,*,#1694,.F.);
#1806=CARTESIAN_POINT('',(-140.1,-3.854271268,10.06074058));
#1807=DIRECTION('',(0.577350269,0.577350269,-0.577350269));
#1808=VECTOR('',#1807,0.346410162);
#1809=LINE('',#1806,#1808);
#1810=EDGE_CURVE('',#562,#710,#1809,.T.);
#1811=ORIENTED_EDGE('',*,*,#1810,.F.);
#1812=ORIENTED_EDGE('',*,*,#567,.F.);
#1813=EDGE_LOOP('',(#1804,#1805,#1811,#1812));
#1814=FACE_BOUND('',#1813,.T.);
#1815=ADVANCED_FACE('',(#1814),#1803,.F.);
#1816=CARTESIAN_POINT('',(-139.9,-0.227135634,9.86074058));
#1817=DIRECTION('',(-0.707106781,0.,-0.707106781));
#1818=DIRECTION('',(-0.,-1.,-0.));
#1819=AXIS2_PLACEMENT_3D('',#1816,#1817,#1818);
#1820=PLANE('',#1819);
#1821=ORIENTED_EDGE('',*,*,#1376,.F.);
#1822=ORIENTED_EDGE('',*,*,#575,.F.);
#1823=ORIENTED_EDGE('',*,*,#1810,.T.);
#1824=ORIENTED_EDGE('',*,*,#715,.F.);
#1825=EDGE_LOOP('',(#1821,#1822,#1823,#1824));
#1826=FACE_BOUND('',#1825,.T.);
#1827=ADVANCED_FACE('',(#1826),#1820,.F.);
#1828=CARTESIAN_POINT('',(-133.023091316,2.145728732,5.26074058));
#1829=DIRECTION('',(0.707106781,0.,-0.707106781));
#1830=DIRECTION('',(-0.,-1.,-0.));
#1831=AXIS2_PLACEMENT_3D('',#1828,#1829,#1830);
#1832=PLANE('',#1831);
#1833=ORIENTED_EDGE('',*,*,#1025,.F.);
#1834=CARTESIAN_POINT('',(-133.023091316,2.895728732,5.26074058));
#1835=DIRECTION('',(-0.577350269,0.577350269,-0.577350269));
#1836=VECTOR('',#1835,0.346410162);
#1837=LINE('',#1834,#1836);
#1838=EDGE_CURVE('',#1012,#844,#1837,.T.);
#1839=ORIENTED_EDGE('',*,*,#1838,.T.);
#1840=ORIENTED_EDGE('',*,*,#891,.F.);
#1841=CARTESIAN_POINT('',(-133.023091316,5.245728732,5.26074058));
#1842=DIRECTION('',(-0.707106781,-0.,-0.707106781));
#1843=VECTOR('',#1842,0.282842712);
#1844=LINE('',#1841,#1843);
#1845=EDGE_CURVE('',#1020,#879,#1844,.T.);
#1846=ORIENTED_EDGE('',*,*,#1845,.F.);
#1847=EDGE_LOOP('',(#1833,#1839,#1840,#1846));
#1848=FACE_BOUND('',#1847,.T.);
#1849=ADVANCED_FACE('',(#1848),#1832,.T.);
#1850=CARTESIAN_POINT('',(-134.023091316,5.245728732,5.06074058));
#1851=DIRECTION('',(0.,0.,1.));
#1852=DIRECTION('',(1.,0.,-0.));
#1853=AXIS2_PLACEMENT_3D('',#1850,#1851,#1852);
#1854=CONICAL_SURFACE('',#1853,0.8,45.);
#1855=ORIENTED_EDGE('',*,*,#1845,.T.);
#1856=ORIENTED_EDGE('',*,*,#885,.F.);
#1857=CARTESIAN_POINT('',(-134.023091316,6.245728732,5.26074058));
#1858=DIRECTION('',(-0.,-0.707106781,-0.707106781));
#1859=VECTOR('',#1858,0.282842712);
#1860=LINE('',#1857,#1859);
#1861=EDGE_CURVE('',#933,#871,#1860,.T.);
#1862=ORIENTED_EDGE('',*,*,#1861,.F.);
#1863=ORIENTED_EDGE('',*,*,#1315,.F.);
#1864=EDGE_LOOP('',(#1855,#1856,#1862,#1863));
#1865=FACE_BOUND('',#1864,.T.);
#1866=ADVANCED_FACE('',(#1865),#1854,.T.);
#1867=CARTESIAN_POINT('',(-137.023091316,6.245728732,5.26074058));
#1868=DIRECTION('',(0.,0.707106781,-0.707106781));
#1869=DIRECTION('',(1.,0.,0.));
#1870=AXIS2_PLACEMENT_3D('',#1867,#1868,#1869);
#1871=PLANE('',#1870);
#1872=ORIENTED_EDGE('',*,*,#1861,.T.);
#1873=ORIENTED_EDGE('',*,*,#876,.F.);
#1874=CARTESIAN_POINT('',(-141.023091316,6.245728732,5.26074058));
#1875=DIRECTION('',(0.,-0.707106781,-0.707106781));
#1876=VECTOR('',#1875,0.282842712);
#1877=LINE('',#1874,#1876);
#1878=EDGE_CURVE('',#941,#862,#1877,.T.);
#1879=ORIENTED_EDGE('',*,*,#1878,.F.);
#1880=ORIENTED_EDGE('',*,*,#946,.F.);
#1881=EDGE_LOOP('',(#1872,#1873,#1879,#1880));
#1882=FACE_BOUND('',#1881,.T.);
#1883=ADVANCED_FACE('',(#1882),#1871,.T.);
#1884=CARTESIAN_POINT('',(-141.023091316,5.245728732,5.06074058));
#1885=DIRECTION('',(0.,0.,1.));
#1886=DIRECTION('',(1.,0.,-0.));
#1887=AXIS2_PLACEMENT_3D('',#1884,#1885,#1886);
#1888=CONICAL_SURFACE('',#1887,0.8,45.);
#1889=ORIENTED_EDGE('',*,*,#1878,.T.);
#1890=ORIENTED_EDGE('',*,*,#868,.F.);
#1891=CARTESIAN_POINT('',(-142.023091316,5.245728732,5.26074058));
#1892=DIRECTION('',(0.707106781,-0.,-0.707106781));
#1893=VECTOR('',#1892,0.282842712);
#1894=LINE('',#1891,#1893);
#1895=EDGE_CURVE('',#529,#854,#1894,.T.);
#1896=ORIENTED_EDGE('',*,*,#1895,.F.);
#1897=ORIENTED_EDGE('',*,*,#1279,.F.);
#1898=EDGE_LOOP('',(#1889,#1890,#1896,#1897));
#1899=FACE_BOUND('',#1898,.T.);
#1900=ADVANCED_FACE('',(#1899),#1888,.T.);
#1901=CARTESIAN_POINT('',(-141.823091316,0.1,5.06074058));
#1902=DIRECTION('',(-0.707106781,0.,-0.707106781));
#1903=DIRECTION('',(0.,-1.,-0.));
#1904=AXIS2_PLACEMENT_3D('',#1901,#1902,#1903);
#1905=PLANE('',#1904);
#1906=ORIENTED_EDGE('',*,*,#859,.F.);
#1907=CARTESIAN_POINT('',(-141.823091316,3.095728732,5.06074058));
#1908=DIRECTION('',(-0.577350269,-0.577350269,0.577350269));
#1909=VECTOR('',#1908,0.346410162);
#1910=LINE('',#1907,#1909);
#1911=EDGE_CURVE('',#846,#537,#1910,.T.);
#1912=ORIENTED_EDGE('',*,*,#1911,.T.);
#1913=ORIENTED_EDGE('',*,*,#542,.F.);
#1914=ORIENTED_EDGE('',*,*,#1895,.T.);
#1915=EDGE_LOOP('',(#1906,#1912,#1913,#1914));
#1916=FACE_BOUND('',#1915,.T.);
#1917=ADVANCED_FACE('',(#1916),#1905,.T.);
#1918=CARTESIAN_POINT('',(-133.223091316,0.1,5.06074058));
#1919=DIRECTION('',(0.707106781,0.,-0.707106781));
#1920=DIRECTION('',(0.,1.,0.));
#1921=AXIS2_PLACEMENT_3D('',#1918,#1919,#1920);
#1922=PLANE('',#1921);
#1923=ORIENTED_EDGE('',*,*,#818,.F.);
#1924=CARTESIAN_POINT('',(-133.223091316,1.195728732,5.06074058));
#1925=DIRECTION('',(0.577350269,0.577350269,0.577350269));
#1926=VECTOR('',#1925,0.346410162);
#1927=LINE('',#1924,#1926);
#1928=EDGE_CURVE('',#405,#997,#1927,.T.);
#1929=ORIENTED_EDGE('',*,*,#1928,.T.);
#1930=ORIENTED_EDGE('',*,*,#1002,.F.);
#1931=CARTESIAN_POINT('',(-133.223091316,-0.954271268,5.06074058));
#1932=DIRECTION('',(0.707106781,0.,0.707106781));
#1933=VECTOR('',#1932,0.282842712);
#1934=LINE('',#1931,#1933);
#1935=EDGE_CURVE('',#813,#995,#1934,.T.);
#1936=ORIENTED_EDGE('',*,*,#1935,.F.);
#1937=EDGE_LOOP('',(#1923,#1929,#1930,#1936));
#1938=FACE_BOUND('',#1937,.T.);
#1939=ADVANCED_FACE('',(#1938),#1922,.T.);
#1940=CARTESIAN_POINT('',(-134.023091316,-0.954271268,5.06074058));
#1941=DIRECTION('',(0.,0.,1.));
#1942=DIRECTION('',(1.,0.,-0.));
#1943=AXIS2_PLACEMENT_3D('',#1940,#1941,#1942);
#1944=CONICAL_SURFACE('',#1943,0.8,45.);
#1945=ORIENTED_EDGE('',*,*,#1935,.T.);
#1946=ORIENTED_EDGE('',*,*,#1261,.F.);
#1947=CARTESIAN_POINT('',(-134.023091316,-1.754271268,5.06074058));
#1948=DIRECTION('',(0.,-0.707106781,0.707106781));
#1949=VECTOR('',#1948,0.282842712);
#1950=LINE('',#1947,#1949);
#1951=EDGE_CURVE('',#821,#1057,#1950,.T.);
#1952=ORIENTED_EDGE('',*,*,#1951,.F.);
#1953=ORIENTED_EDGE('',*,*,#827,.F.);
#1954=EDGE_LOOP('',(#1945,#1946,#1952,#1953));
#1955=FACE_BOUND('',#1954,.T.);
#1956=ADVANCED_FACE('',(#1955),#1944,.T.);
#1957=CARTESIAN_POINT('',(-137.023091316,-1.954271268,5.26074058));
#1958=DIRECTION('',(0.,-0.707106781,-0.707106781));
#1959=DIRECTION('',(-1.,0.,0.));
#1960=AXIS2_PLACEMENT_3D('',#1957,#1958,#1959);
#1961=PLANE('',#1960);
#1962=ORIENTED_EDGE('',*,*,#1951,.T.);
#1963=ORIENTED_EDGE('',*,*,#1062,.F.);
#1964=CARTESIAN_POINT('',(-141.023091316,-1.754271268,5.06074058));
#1965=DIRECTION('',(0.,-0.707106781,0.707106781));
#1966=VECTOR('',#1965,0.282842712);
#1967=LINE('',#1964,#1966);
#1968=EDGE_CURVE('',#795,#1049,#1967,.T.);
#1969=ORIENTED_EDGE('',*,*,#1968,.F.);
#1970=ORIENTED_EDGE('',*,*,#833,.F.);
#1971=EDGE_LOOP('',(#1962,#1963,#1969,#1970));
#1972=FACE_BOUND('',#1971,.T.);
#1973=ADVANCED_FACE('',(#1972),#1961,.T.);
#1974=CARTESIAN_POINT('',(-141.023091316,-0.954271268,5.06074058));
#1975=DIRECTION('',(0.,0.,1.));
#1976=DIRECTION('',(1.,0.,-0.));
#1977=AXIS2_PLACEMENT_3D('',#1974,#1975,#1976);
#1978=CONICAL_SURFACE('',#1977,0.8,45.);
#1979=ORIENTED_EDGE('',*,*,#1968,.T.);
#1980=ORIENTED_EDGE('',*,*,#1297,.F.);
#1981=CARTESIAN_POINT('',(-141.823091316,-0.954271268,5.06074058));
#1982=DIRECTION('',(-0.707106781,0.,0.707106781));
#1983=VECTOR('',#1982,0.282842712);
#1984=LINE('',#1981,#1983);
#1985=EDGE_CURVE('',#797,#491,#1984,.T.);
#1986=ORIENTED_EDGE('',*,*,#1985,.F.);
#1987=ORIENTED_EDGE('',*,*,#803,.F.);
#1988=EDGE_LOOP('',(#1979,#1980,#1986,#1987));
#1989=FACE_BOUND('',#1988,.T.);
#1990=ADVANCED_FACE('',(#1989),#1978,.T.);
#1991=CARTESIAN_POINT('',(-141.823091316,0.1,5.06074058));
#1992=DIRECTION('',(-0.707106781,0.,-0.707106781));
#1993=DIRECTION('',(0.,-1.,-0.));
#1994=AXIS2_PLACEMENT_3D('',#1991,#1992,#1993);
#1995=PLANE('',#1994);
#1996=ORIENTED_EDGE('',*,*,#1985,.T.);
#1997=ORIENTED_EDGE('',*,*,#496,.F.);
#1998=CARTESIAN_POINT('',(-142.023091316,1.395728732,5.26074058));
#1999=DIRECTION('',(0.577350269,-0.577350269,-0.577350269));
#2000=VECTOR('',#1999,0.346410162);
#2001=LINE('',#1998,#2000);
#2002=EDGE_CURVE('',#483,#413,#2001,.T.);
#2003=ORIENTED_EDGE('',*,*,#2002,.T.);
#2004=ORIENTED_EDGE('',*,*,#809,.F.);
#2005=EDGE_LOOP('',(#1996,#1997,#2003,#2004));
#2006=FACE_BOUND('',#2005,.T.);
#2007=ADVANCED_FACE('',(#2006),#1995,.T.);
#2008=CARTESIAN_POINT('',(-142.023091316,2.895728732,6.46074058));
#2009=DIRECTION('',(0.707106781,-0.707106781,0.));
#2010=DIRECTION('',(0.,0.,-1.));
#2011=AXIS2_PLACEMENT_3D('',#2008,#2009,#2010);
#2012=PLANE('',#2011);
#2013=ORIENTED_EDGE('',*,*,#1601,.F.);
#2014=CARTESIAN_POINT('',(-141.823091316,3.095728732,3.809268717));
#2015=DIRECTION('',(-0.678598345,-0.678598345,-0.281084638));
#2016=VECTOR('',#2015,0.294725152);
#2017=LINE('',#2014,#2016);
#2018=EDGE_CURVE('',#1590,#365,#2017,.T.);
#2019=ORIENTED_EDGE('',*,*,#2018,.T.);
#2020=ORIENTED_EDGE('',*,*,#548,.F.);
#2021=ORIENTED_EDGE('',*,*,#1911,.F.);
#2022=EDGE_LOOP('',(#2013,#2019,#2020,#2021));
#2023=FACE_BOUND('',#2022,.T.);
#2024=ADVANCED_FACE('',(#2023),#2012,.F.);
#2025=CARTESIAN_POINT('',(-133.223091316,3.095728732,5.288558039));
#2026=DIRECTION('',(-0.707106781,-0.707106781,0.));
#2027=DIRECTION('',(0.,0.,-1.));
#2028=AXIS2_PLACEMENT_3D('',#2025,#2026,#2027);
#2029=PLANE('',#2028);
#2030=ORIENTED_EDGE('',*,*,#1017,.F.);
#2031=CARTESIAN_POINT('',(-133.023091316,2.895728732,3.726426005));
#2032=DIRECTION('',(-0.678598345,0.678598345,0.281084638));
#2033=VECTOR('',#2032,0.294725152);
#2034=LINE('',#2031,#2033);
#2035=EDGE_CURVE('',#445,#1605,#2034,.T.);
#2036=ORIENTED_EDGE('',*,*,#2035,.T.);
#2037=ORIENTED_EDGE('',*,*,#1610,.F.);
#2038=ORIENTED_EDGE('',*,*,#1838,.F.);
#2039=EDGE_LOOP('',(#2030,#2036,#2037,#2038));
#2040=FACE_BOUND('',#2039,.T.);
#2041=ADVANCED_FACE('',(#2040),#2029,.F.);
#2042=CARTESIAN_POINT('',(0.,2.895728732,2.96074058));
#2043=DIRECTION('',(0.,0.707106781,-0.707106781));
#2044=DIRECTION('',(-1.,0.,0.));
#2045=AXIS2_PLACEMENT_3D('',#2042,#2043,#2044);
#2046=PLANE('',#2045);
#2047=ORIENTED_EDGE('',*,*,#1568,.F.);
#2048=CARTESIAN_POINT('',(-141.257405891,2.895728732,2.96074058));
#2049=DIRECTION('',(0.281084638,0.678598345,0.678598345));
#2050=VECTOR('',#2049,0.294725152);
#2051=LINE('',#2048,#2050);
#2052=EDGE_CURVE('',#349,#1582,#2051,.T.);
#2053=ORIENTED_EDGE('',*,*,#2052,.T.);
#2054=ORIENTED_EDGE('',*,*,#1587,.F.);
#2055=CARTESIAN_POINT('',(-133.871619454,3.095728732,3.16074058));
#2056=DIRECTION('',(0.281084638,-0.678598345,-0.678598345));
#2057=VECTOR('',#2056,0.294725152);
#2058=LINE('',#2055,#2057);
#2059=EDGE_CURVE('',#1580,#461,#2058,.T.);
#2060=ORIENTED_EDGE('',*,*,#2059,.T.);
#2061=EDGE_LOOP('',(#2047,#2053,#2054,#2060));
#2062=FACE_BOUND('',#2061,.T.);
#2063=ADVANCED_FACE('',(#2062),#2046,.T.);
#2064=CARTESIAN_POINT('',(-141.823091316,1.195728732,5.288558039));
#2065=DIRECTION('',(0.707106781,0.707106781,-0.));
#2066=DIRECTION('',(0.,-0.,-1.));
#2067=AXIS2_PLACEMENT_3D('',#2064,#2065,#2066);
#2068=PLANE('',#2067);
#2069=ORIENTED_EDGE('',*,*,#488,.F.);
#2070=CARTESIAN_POINT('',(-142.023091316,1.395728732,3.726426005));
#2071=DIRECTION('',(0.678598345,-0.678598345,0.281084638));
#2072=VECTOR('',#2071,0.294725152);
#2073=LINE('',#2070,#2072);
#2074=EDGE_CURVE('',#357,#421,#2073,.T.);
#2075=ORIENTED_EDGE('',*,*,#2074,.T.);
#2076=ORIENTED_EDGE('',*,*,#426,.F.);
#2077=ORIENTED_EDGE('',*,*,#2002,.F.);
#2078=EDGE_LOOP('',(#2069,#2075,#2076,#2077));
#2079=FACE_BOUND('',#2078,.T.);
#2080=ADVANCED_FACE('',(#2079),#2068,.F.);
#2081=CARTESIAN_POINT('',(0.,1.395728732,2.96074058));
#2082=DIRECTION('',(0.,-0.707106781,-0.707106781));
#2083=DIRECTION('',(1.,0.,0.));
#2084=AXIS2_PLACEMENT_3D('',#2081,#2082,#2083);
#2085=PLANE('',#2084);
#2086=ORIENTED_EDGE('',*,*,#1561,.F.);
#2087=CARTESIAN_POINT('',(-133.788776741,1.395728732,2.96074058));
#2088=DIRECTION('',(-0.281084638,-0.678598345,0.678598345));
#2089=VECTOR('',#2088,0.294725152);
#2090=LINE('',#2087,#2089);
#2091=EDGE_CURVE('',#453,#389,#2090,.T.);
#2092=ORIENTED_EDGE('',*,*,#2091,.T.);
#2093=ORIENTED_EDGE('',*,*,#394,.F.);
#2094=CARTESIAN_POINT('',(-141.174563179,1.195728732,3.16074058));
#2095=DIRECTION('',(-0.281084638,0.678598345,-0.678598345));
#2096=VECTOR('',#2095,0.294725152);
#2097=LINE('',#2094,#2096);
#2098=EDGE_CURVE('',#387,#347,#2097,.T.);
#2099=ORIENTED_EDGE('',*,*,#2098,.T.);
#2100=EDGE_LOOP('',(#2086,#2092,#2093,#2099));
#2101=FACE_BOUND('',#2100,.T.);
#2102=ADVANCED_FACE('',(#2101),#2085,.T.);
#2103=CARTESIAN_POINT('',(-133.023091316,1.395728732,6.46074058));
#2104=DIRECTION('',(-0.707106781,0.707106781,-0.));
#2105=DIRECTION('',(0.,-0.,-1.));
#2106=AXIS2_PLACEMENT_3D('',#2103,#2104,#2105);
#2107=PLANE('',#2106);
#2108=ORIENTED_EDGE('',*,*,#410,.F.);
#2109=CARTESIAN_POINT('',(-133.223091316,1.195728732,3.809268717));
#2110=DIRECTION('',(0.678598345,0.678598345,-0.281084638));
#2111=VECTOR('',#2110,0.294725152);
#2112=LINE('',#2109,#2111);
#2113=EDGE_CURVE('',#397,#443,#2112,.T.);
#2114=ORIENTED_EDGE('',*,*,#2113,.T.);
#2115=ORIENTED_EDGE('',*,*,#1008,.F.);
#2116=ORIENTED_EDGE('',*,*,#1928,.F.);
#2117=EDGE_LOOP('',(#2108,#2114,#2115,#2116));
#2118=FACE_BOUND('',#2117,.T.);
#2119=ADVANCED_FACE('',(#2118),#2107,.F.);
#2120=CARTESIAN_POINT('',(-134.583446655,1.195728732,2.448913378));
#2121=DIRECTION('',(0.5,-0.707106781,-0.5));
#2122=DIRECTION('',(-0.707106781,0.,-0.707106781));
#2123=AXIS2_PLACEMENT_3D('',#2120,#2121,#2122);
#2124=PLANE('',#2123);
#2125=ORIENTED_EDGE('',*,*,#2091,.F.);
#2126=ORIENTED_EDGE('',*,*,#458,.F.);
#2127=ORIENTED_EDGE('',*,*,#2113,.F.);
#2128=ORIENTED_EDGE('',*,*,#402,.F.);
#2129=EDGE_LOOP('',(#2125,#2126,#2127,#2128));
#2130=FACE_BOUND('',#2129,.T.);
#2131=ADVANCED_FACE('',(#2130),#2124,.T.);
#2132=CARTESIAN_POINT('',(-140.412735977,1.195728732,2.398913378));
#2133=DIRECTION('',(-0.5,-0.707106781,-0.5));
#2134=DIRECTION('',(-0.707106781,0.,0.707106781));
#2135=AXIS2_PLACEMENT_3D('',#2132,#2133,#2134);
#2136=PLANE('',#2135);
#2137=ORIENTED_EDGE('',*,*,#2074,.F.);
#2138=ORIENTED_EDGE('',*,*,#362,.F.);
#2139=ORIENTED_EDGE('',*,*,#2098,.F.);
#2140=ORIENTED_EDGE('',*,*,#432,.F.);
#2141=EDGE_LOOP('',(#2137,#2138,#2139,#2140));
#2142=FACE_BOUND('',#2141,.T.);
#2143=ADVANCED_FACE('',(#2142),#2136,.T.);
#2144=CARTESIAN_POINT('',(-140.412735977,3.095728732,2.398913378));
#2145=DIRECTION('',(-0.5,0.707106781,-0.5));
#2146=DIRECTION('',(0.707106781,0.,-0.707106781));
#2147=AXIS2_PLACEMENT_3D('',#2144,#2145,#2146);
#2148=PLANE('',#2147);
#2149=ORIENTED_EDGE('',*,*,#2052,.F.);
#2150=ORIENTED_EDGE('',*,*,#376,.F.);
#2151=ORIENTED_EDGE('',*,*,#2018,.F.);
#2152=ORIENTED_EDGE('',*,*,#1595,.F.);
#2153=EDGE_LOOP('',(#2149,#2150,#2151,#2152));
#2154=FACE_BOUND('',#2153,.T.);
#2155=ADVANCED_FACE('',(#2154),#2148,.T.);
#2156=CARTESIAN_POINT('',(-134.583446655,3.095728732,2.448913378));
#2157=DIRECTION('',(0.5,0.707106781,-0.5));
#2158=DIRECTION('',(0.707106781,0.,0.707106781));
#2159=AXIS2_PLACEMENT_3D('',#2156,#2157,#2158);
#2160=PLANE('',#2159);
#2161=ORIENTED_EDGE('',*,*,#2035,.F.);
#2162=ORIENTED_EDGE('',*,*,#472,.F.);
#2163=ORIENTED_EDGE('',*,*,#2059,.F.);
#2164=ORIENTED_EDGE('',*,*,#1616,.F.);
#2165=EDGE_LOOP('',(#2161,#2162,#2163,#2164));
#2166=FACE_BOUND('',#2165,.T.);
#2167=ADVANCED_FACE('',(#2166),#2160,.T.);
#2168=CARTESIAN_POINT('',(1.,0.5,7.66074058));
#2169=DIRECTION('',(0.,-0.,1.));
#2170=DIRECTION('',(1.,0.,0.));
#2171=AXIS2_PLACEMENT_3D('',#2168,#2169,#2170);
#2172=PLANE('',#2171);
#2173=CARTESIAN_POINT('',(-136.455772829,-2.555140613,7.66074058));
#2174=VERTEX_POINT('',#2173);
#2175=CARTESIAN_POINT('',(-135.855772829,-1.955140613,7.66074058));
#2176=VERTEX_POINT('',#2175);
#2177=CARTESIAN_POINT('',(-136.455772829,-1.955140613,7.66074058));
#2178=DIRECTION('',(0.,-0.,1.));
#2179=DIRECTION('',(0.,-1.,-0.));
#2180=AXIS2_PLACEMENT_3D('',#2177,#2178,#2179);
#2181=CIRCLE('',#2180,0.6);
#2182=EDGE_CURVE('',#2174,#2176,#2181,.T.);
#2183=ORIENTED_EDGE('',*,*,#2182,.T.);
#2184=CARTESIAN_POINT('',(-135.855772829,5.044859387,7.66074058));
#2185=VERTEX_POINT('',#2184);
#2186=CARTESIAN_POINT('',(-135.855772829,-1.955140613,7.66074058));
#2187=DIRECTION('',(-0.,1.,0.));
#2188=VECTOR('',#2187,7.);
#2189=LINE('',#2186,#2188);
#2190=EDGE_CURVE('',#2176,#2185,#2189,.T.);
#2191=ORIENTED_EDGE('',*,*,#2190,.T.);
#2192=CARTESIAN_POINT('',(-136.455772829,5.644859387,7.66074058));
#2193=VERTEX_POINT('',#2192);
#2194=CARTESIAN_POINT('',(-136.455772829,5.044859387,7.66074058));
#2195=DIRECTION('',(0.,-0.,1.));
#2196=DIRECTION('',(0.,-1.,-0.));
#2197=AXIS2_PLACEMENT_3D('',#2194,#2195,#2196);
#2198=CIRCLE('',#2197,0.6);
#2199=EDGE_CURVE('',#2185,#2193,#2198,.T.);
#2200=ORIENTED_EDGE('',*,*,#2199,.T.);
#2201=CARTESIAN_POINT('',(-137.055772829,5.044859387,7.66074058));
#2202=VERTEX_POINT('',#2201);
#2203=CARTESIAN_POINT('',(-136.455772829,5.044859387,7.66074058));
#2204=DIRECTION('',(0.,-0.,1.));
#2205=DIRECTION('',(0.,-1.,-0.));
#2206=AXIS2_PLACEMENT_3D('',#2203,#2204,#2205);
#2207=CIRCLE('',#2206,0.6);
#2208=EDGE_CURVE('',#2193,#2202,#2207,.T.);
#2209=ORIENTED_EDGE('',*,*,#2208,.T.);
#2210=CARTESIAN_POINT('',(-137.055772829,-1.955140613,7.66074058));
#2211=VERTEX_POINT('',#2210);
#2212=CARTESIAN_POINT('',(-137.055772829,5.044859387,7.66074058));
#2213=DIRECTION('',(-0.,-1.,-0.));
#2214=VECTOR('',#2213,7.);
#2215=LINE('',#2212,#2214);
#2216=EDGE_CURVE('',#2202,#2211,#2215,.T.);
#2217=ORIENTED_EDGE('',*,*,#2216,.T.);
#2218=CARTESIAN_POINT('',(-136.455772829,-1.955140613,7.66074058));
#2219=DIRECTION('',(0.,-0.,1.));
#2220=DIRECTION('',(0.,-1.,-0.));
#2221=AXIS2_PLACEMENT_3D('',#2218,#2219,#2220);
#2222=CIRCLE('',#2221,0.6);
#2223=EDGE_CURVE('',#2211,#2174,#2222,.T.);
#2224=ORIENTED_EDGE('',*,*,#2223,.T.);
#2225=EDGE_LOOP('',(#2183,#2191,#2200,#2209,#2217,#2224));
#2226=FACE_BOUND('',#2225,.T.);
#2227=ADVANCED_FACE('',(#2226),#2172,.T.);
#2228=CARTESIAN_POINT('',(-136.455772829,-1.955140613,8.06074058));
#2229=DIRECTION('',(0.,0.,1.));
#2230=DIRECTION('',(1.,0.,-0.));
#2231=AXIS2_PLACEMENT_3D('',#2228,#2229,#2230);
#2232=CONICAL_SURFACE('',#2231,1.,45.);
#2233=CARTESIAN_POINT('',(-136.455772829,-2.555140613,7.66074058));
#2234=DIRECTION('',(0.,-0.707106781,0.707106781));
#2235=VECTOR('',#2234,0.565685425);
#2236=LINE('',#2233,#2235);
#2237=EDGE_CURVE('',#2174,#89,#2236,.T.);
#2238=ORIENTED_EDGE('',*,*,#2237,.F.);
#2239=ORIENTED_EDGE('',*,*,#2223,.F.);
#2240=CARTESIAN_POINT('',(-137.455772829,-1.955140613,8.06074058));
#2241=DIRECTION('',(0.707106781,0.,-0.707106781));
#2242=VECTOR('',#2241,0.565685425);
#2243=LINE('',#2240,#2242);
#2244=EDGE_CURVE('',#98,#2211,#2243,.T.);
#2245=ORIENTED_EDGE('',*,*,#2244,.F.);
#2246=ORIENTED_EDGE('',*,*,#104,.F.);
#2247=EDGE_LOOP('',(#2238,#2239,#2245,#2246));
#2248=FACE_BOUND('',#2247,.T.);
#2249=ADVANCED_FACE('',(#2248),#2232,.F.);
#2250=CARTESIAN_POINT('',(-137.455772829,0.5,8.06074058));
#2251=DIRECTION('',(-0.707106781,0.,-0.707106781));
#2252=DIRECTION('',(0.,1.,0.));
#2253=AXIS2_PLACEMENT_3D('',#2250,#2251,#2252);
#2254=PLANE('',#2253);
#2255=ORIENTED_EDGE('',*,*,#2244,.T.);
#2256=ORIENTED_EDGE('',*,*,#2216,.F.);
#2257=CARTESIAN_POINT('',(-137.455772829,5.044859387,8.06074058));
#2258=DIRECTION('',(0.707106781,-0.,-0.707106781));
#2259=VECTOR('',#2258,0.565685425);
#2260=LINE('',#2257,#2259);
#2261=EDGE_CURVE('',#61,#2202,#2260,.T.);
#2262=ORIENTED_EDGE('',*,*,#2261,.F.);
#2263=ORIENTED_EDGE('',*,*,#110,.F.);
#2264=EDGE_LOOP('',(#2255,#2256,#2262,#2263));
#2265=FACE_BOUND('',#2264,.T.);
#2266=ADVANCED_FACE('',(#2265),#2254,.F.);
#2267=CARTESIAN_POINT('',(-136.455772829,-1.955140613,8.06074058));
#2268=DIRECTION('',(0.,0.,1.));
#2269=DIRECTION('',(1.,0.,-0.));
#2270=AXIS2_PLACEMENT_3D('',#2267,#2268,#2269);
#2271=CONICAL_SURFACE('',#2270,1.,45.);
#2272=ORIENTED_EDGE('',*,*,#2237,.T.);
#2273=ORIENTED_EDGE('',*,*,#95,.F.);
#2274=CARTESIAN_POINT('',(-135.855772829,-1.955140613,7.66074058));
#2275=DIRECTION('',(0.707106781,0.,0.707106781));
#2276=VECTOR('',#2275,0.565685425);
#2277=LINE('',#2274,#2276);
#2278=EDGE_CURVE('',#2176,#81,#2277,.T.);
#2279=ORIENTED_EDGE('',*,*,#2278,.F.);
#2280=ORIENTED_EDGE('',*,*,#2182,.F.);
#2281=EDGE_LOOP('',(#2272,#2273,#2279,#2280));
#2282=FACE_BOUND('',#2281,.T.);
#2283=ADVANCED_FACE('',(#2282),#2271,.F.);
#2284=CARTESIAN_POINT('',(-136.455772829,5.044859387,8.06074058));
#2285=DIRECTION('',(0.,0.,1.));
#2286=DIRECTION('',(1.,0.,-0.));
#2287=AXIS2_PLACEMENT_3D('',#2284,#2285,#2286);
#2288=CONICAL_SURFACE('',#2287,1.,45.);
#2289=ORIENTED_EDGE('',*,*,#2261,.T.);
#2290=ORIENTED_EDGE('',*,*,#2208,.F.);
#2291=CARTESIAN_POINT('',(-136.455772829,6.044859387,8.06074058));
#2292=DIRECTION('',(0.,-0.707106781,-0.707106781));
#2293=VECTOR('',#2292,0.565685425);
#2294=LINE('',#2291,#2293);
#2295=EDGE_CURVE('',#63,#2193,#2294,.T.);
#2296=ORIENTED_EDGE('',*,*,#2295,.F.);
#2297=ORIENTED_EDGE('',*,*,#69,.F.);
#2298=EDGE_LOOP('',(#2289,#2290,#2296,#2297));
#2299=FACE_BOUND('',#2298,.T.);
#2300=ADVANCED_FACE('',(#2299),#2288,.F.);
#2301=CARTESIAN_POINT('',(-135.455772829,0.5,8.06074058));
#2302=DIRECTION('',(0.707106781,0.,-0.707106781));
#2303=DIRECTION('',(0.,-1.,-0.));
#2304=AXIS2_PLACEMENT_3D('',#2301,#2302,#2303);
#2305=PLANE('',#2304);
#2306=ORIENTED_EDGE('',*,*,#2278,.T.);
#2307=ORIENTED_EDGE('',*,*,#86,.F.);
#2308=CARTESIAN_POINT('',(-135.855772829,5.044859387,7.66074058));
#2309=DIRECTION('',(0.707106781,0.,0.707106781));
#2310=VECTOR('',#2309,0.565685425);
#2311=LINE('',#2308,#2310);
#2312=EDGE_CURVE('',#2185,#72,#2311,.T.);
#2313=ORIENTED_EDGE('',*,*,#2312,.F.);
#2314=ORIENTED_EDGE('',*,*,#2190,.F.);
#2315=EDGE_LOOP('',(#2306,#2307,#2313,#2314));
#2316=FACE_BOUND('',#2315,.T.);
#2317=ADVANCED_FACE('',(#2316),#2305,.F.);
#2318=CARTESIAN_POINT('',(-136.455772829,5.044859387,8.06074058));
#2319=DIRECTION('',(0.,0.,1.));
#2320=DIRECTION('',(1.,0.,-0.));
#2321=AXIS2_PLACEMENT_3D('',#2318,#2319,#2320);
#2322=CONICAL_SURFACE('',#2321,1.,45.);
#2323=ORIENTED_EDGE('',*,*,#78,.F.);
#2324=ORIENTED_EDGE('',*,*,#2295,.T.);
#2325=ORIENTED_EDGE('',*,*,#2199,.F.);
#2326=ORIENTED_EDGE('',*,*,#2312,.T.);
#2327=EDGE_LOOP('',(#2323,#2324,#2325,#2326));
#2328=FACE_BOUND('',#2327,.T.);
#2329=ADVANCED_FACE('',(#2328),#2322,.F.);
#2330=CLOSED_SHELL('',(#196,#340,#380,#436,#476,#553,#695,#726,#757,#788,#837,#895,#926,#957,#988,#1042,#1073,#1104,#1135,#1159,#1183,#1201,#1249,#1267,#1285,#1303,
#1321,#1338,#1360,#1381,#1398,#1415,#1433,#1450,#1467,#1484,#1501,#1518,#1534,#1551,#1573,#1620,#1665,#1683,#1700,#1717,#1734,#1752,#1764,#1781,#1798,
#1815,#1827,#1849,#1866,#1883,#1900,#1917,#1939,#1956,#1973,#1990,#2007,#2024,#2041,#2063,#2080,#2102,#2119,#2131,#2143,#2155,#2167,#2227,#2249,#2266,
#2283,#2300,#2317,#2329));
#2331=MANIFOLD_SOLID_BREP('switch',#2330);
#2332=COLOUR_RGB('',0.517647088,0.800000012,1.);
#2333=FILL_AREA_STYLE_COLOUR('',#2332);
#2334=FILL_AREA_STYLE('',(#2333));
#2335=SURFACE_STYLE_FILL_AREA(#2334);
#2336=SURFACE_SIDE_STYLE('',(#2335));
#2337=SURFACE_STYLE_USAGE(.BOTH.,#2336);
#2338=PRESENTATION_STYLE_ASSIGNMENT((#2337));
#54=STYLED_ITEM('',(#2338),#2331);
#35=SHAPE_REPRESENTATION('main_frame',(#15),#33);
#36=ADVANCED_BREP_SHAPE_REPRESENTATION('main_frame',(#2331),#33);
#2346=SHAPE_REPRESENTATION_RELATIONSHIP('','',#35,#36);
#2347=CARTESIAN_POINT('',(0.,0.,0.));
#2348=DIRECTION('',(0.,0.,1.));
#2349=DIRECTION('',(1.,0.,0.));
#2350=AXIS2_PLACEMENT_3D('',#2347,#2348,#2349);
#2352=MAPPED_ITEM('',#2351,#2350);
#2351=REPRESENTATION_MAP(#2350,#35);
#2353=APPLICATION_CONTEXT('Managed model based 3d engineering');
#2354=APPLICATION_PROTOCOL_DEFINITION('international standard','ap242_managed_model_based_3d_engineering',2014,#2353);
#2355=PRODUCT_CONTEXT('',#2353,'mechanical');
#2356=PRODUCT_DEFINITION_CONTEXT('part definition',#2353,'design');
#43=PRODUCT('main_frame','main_frame','',(#2355));
#2357=PRODUCT_RELATED_PRODUCT_CATEGORY('part','',(#43));
#2358=PRODUCT_DEFINITION_FORMATION_WITH_SPECIFIED_SOURCE('','',#43,.NOT_KNOWN.);
#44=PRODUCT_DEFINITION('design','',#2358,#2356);
#42=PRODUCT_DEFINITION_SHAPE('','',#44);
#2359=SHAPE_DEFINITION_REPRESENTATION(#42,#35);
#34=DRAUGHTING_MODEL('',(#2352),#33);
#16=SHAPE_REPRESENTATION('root',(#15,#48),#10);
#2360=CARTESIAN_POINT('',(0.,0.,0.));
#2361=DIRECTION('',(0.,0.,1.));
#2362=DIRECTION('',(1.,0.,0.));
#2363=AXIS2_PLACEMENT_3D('',#2360,#2361,#2362);
#2365=MAPPED_ITEM('',#2364,#2363);
#2364=REPRESENTATION_MAP(#2363,#16);
#24=PRODUCT('root','root','',(#2355));
#2366=PRODUCT_RELATED_PRODUCT_CATEGORY('part','',(#24));
#2367=PRODUCT_DEFINITION_FORMATION_WITH_SPECIFIED_SOURCE('','',#24,.NOT_KNOWN.);
#25=PRODUCT_DEFINITION('design','',#2367,#2356);
#23=PRODUCT_DEFINITION_SHAPE('','',#25);
#2368=SHAPE_DEFINITION_REPRESENTATION(#23,#16);
#11=DRAUGHTING_MODEL('',(#2365),#10);
#2369=DESCRIPTIVE_REPRESENTATION_ITEM('KEY','C:\\Users\\13271\\AppData\\Local\\Packages\\Shapr3D.Shapr3D_j403pzjkqtqbj\\TempState\\a843e199-d7ef-4331-ae0f-0ee2f3d3b318.tmp');
#2370=PROPERTY_DEFINITION('KEY','',#25);
#2371=REPRESENTATION('',(#2369),#10);
#2372=PROPERTY_DEFINITION_REPRESENTATION(#2370,#2371);
#2373=GENERAL_PROPERTY('','KEY','');
#2374=GENERAL_PROPERTY_ASSOCIATION('','',#2373,#2370);
#1=MECHANICAL_DESIGN_GEOMETRIC_PRESENTATION_REPRESENTATION('',(#54),#10);
ENDSEC;
END-ISO-10303-21;
