ISO-10303-21;
HEADER;

/* File generated by Shapr3D Version 5.820.8463.0 */

FILE_DESCRIPTION(('HOOPS Exchange Step'),'2;1');

FILE_NAME('C:\\Users\\13271\\AppData\\Local\\Packages\\Shapr3D.Shapr3D_j403pzjkqtqbj\\TempState\\export\\temp_export',
'2025-03-27T14:35:54+08:00',
('13271'),
('Shapr3D Limited'),
'HOOPS Exchange 2024.8',
'Shapr3D',
'Authorized');

FILE_SCHEMA( ('AP242_MANAGED_MODEL_BASED_3D_ENGINEERING_MIM_LF {1 0 10303 442 1 1 4}') );

ENDSEC;

DATA;
#3=(NAMED_UNIT(*)PLANE_ANGLE_UNIT()SI_UNIT($,.RADIAN.));
#4=PLANE_ANGLE_MEASURE_WITH_UNIT(PLANE_ANGLE_MEASURE(0.0174532925),#3);
#5=(CONVERSION_BASED_UNIT('DEGREE',#4)NAMED_UNIT(#6)PLANE_ANGLE_UNIT());
#6=DIMENSIONAL_EXPONENTS(0.,0.,0.,0.,0.,0.,0.);
#7=(NAMED_UNIT(*)SI_UNIT($,.STERADIAN.)SOLID_ANGLE_UNIT());
#8=(LENGTH_UNIT()NAMED_UNIT(*)SI_UNIT(.MILLI.,.METRE.));
#9=UNCERTAINTY_MEASURE_WITH_UNIT(LENGTH_MEASURE(1.000000E-03),#8,'DISTANCE_ACCURACY_VALUE','Maximum Tolerance applied to model');
#10=(GEOMETRIC_REPRESENTATION_CONTEXT(3)GLOBAL_UNCERTAINTY_ASSIGNED_CONTEXT((#9))GLOBAL_UNIT_ASSIGNED_CONTEXT((#8,#5,#7))REPRESENTATION_CONTEXT('','root'));
#12=CARTESIAN_POINT('',(0.,0.,0.));
#13=DIRECTION('',(0.,0.,1.));
#14=DIRECTION('',(1.,0.,0.));
#15=AXIS2_PLACEMENT_3D('',#12,#13,#14);
#26=(NAMED_UNIT(*)PLANE_ANGLE_UNIT()SI_UNIT($,.RADIAN.));
#27=PLANE_ANGLE_MEASURE_WITH_UNIT(PLANE_ANGLE_MEASURE(0.0174532925),#26);
#28=(CONVERSION_BASED_UNIT('DEGREE',#27)NAMED_UNIT(#29)PLANE_ANGLE_UNIT());
#29=DIMENSIONAL_EXPONENTS(0.,0.,0.,0.,0.,0.,0.);
#30=(NAMED_UNIT(*)SI_UNIT($,.STERADIAN.)SOLID_ANGLE_UNIT());
#31=(LENGTH_UNIT()NAMED_UNIT(*)SI_UNIT(.MILLI.,.METRE.));
#32=UNCERTAINTY_MEASURE_WITH_UNIT(LENGTH_MEASURE(1.000000E-05),#31,'DISTANCE_ACCURACY_VALUE','Maximum Tolerance applied to model');
#33=(GEOMETRIC_REPRESENTATION_CONTEXT(3)GLOBAL_UNCERTAINTY_ASSIGNED_CONTEXT((#32))GLOBAL_UNIT_ASSIGNED_CONTEXT((#31,#28,#30))REPRESENTATION_CONTEXT('','PH60Slim_Lower'));
#45=CARTESIAN_POINT('',(0.,0.,0.));
#46=DIRECTION('',(0.,0.,1.));
#47=DIRECTION('',(1.,0.,-0.));
#48=AXIS2_PLACEMENT_3D('',#45,#46,#47);
#49=ITEM_DEFINED_TRANSFORMATION('','',#48,#15);
#50=(REPRESENTATION_RELATIONSHIP('','',#35,#16)REPRESENTATION_RELATIONSHIP_WITH_TRANSFORMATION(#49)SHAPE_REPRESENTATION_RELATIONSHIP());
#51=NEXT_ASSEMBLY_USAGE_OCCURRENCE('PH60Slim_Lower_1','PH60Slim_Lower','PH60Slim_Lower',#25,#44,$);
#52=PRODUCT_DEFINITION_SHAPE('','',#51);
#53=CONTEXT_DEPENDENT_SHAPE_REPRESENTATION(#50,#52);
#55=CARTESIAN_POINT('',(0.,-0.35,6.));
#56=DIRECTION('',(0.,0.,1.));
#57=DIRECTION('',(1.,0.,0.));
#58=AXIS2_PLACEMENT_3D('',#55,#56,#57);
#59=PLANE('',#58);
#60=CARTESIAN_POINT('',(178.059375,2.55,6.));
#61=VERTEX_POINT('',#60);
#62=CARTESIAN_POINT('',(180.659375,2.55,6.));
#63=VERTEX_POINT('',#62);
#64=CARTESIAN_POINT('',(179.359375,2.55,6.));
#65=DIRECTION('',(0.,0.,1.));
#66=DIRECTION('',(1.,0.,-0.));
#67=AXIS2_PLACEMENT_3D('',#64,#65,#66);
#68=CIRCLE('',#67,1.3);
#69=EDGE_CURVE('',#61,#63,#68,.T.);
#70=ORIENTED_EDGE('',*,*,#69,.F.);
#71=CARTESIAN_POINT('',(179.359375,2.55,6.));
#72=DIRECTION('',(0.,0.,1.));
#73=DIRECTION('',(1.,0.,-0.));
#74=AXIS2_PLACEMENT_3D('',#71,#72,#73);
#75=CIRCLE('',#74,1.3);
#76=EDGE_CURVE('',#63,#61,#75,.T.);
#77=ORIENTED_EDGE('',*,*,#76,.F.);
#78=EDGE_LOOP('',(#70,#77));
#79=FACE_BOUND('',#78,.T.);
#80=CARTESIAN_POINT('',(104.715625,2.55,6.));
#81=VERTEX_POINT('',#80);
#82=CARTESIAN_POINT('',(107.315625,2.55,6.));
#83=VERTEX_POINT('',#82);
#84=CARTESIAN_POINT('',(106.015625,2.55,6.));
#85=DIRECTION('',(0.,0.,1.));
#86=DIRECTION('',(1.,0.,-0.));
#87=AXIS2_PLACEMENT_3D('',#84,#85,#86);
#88=CIRCLE('',#87,1.3);
#89=EDGE_CURVE('',#81,#83,#88,.T.);
#90=ORIENTED_EDGE('',*,*,#89,.F.);
#91=CARTESIAN_POINT('',(106.015625,2.55,6.));
#92=DIRECTION('',(0.,0.,1.));
#93=DIRECTION('',(1.,0.,-0.));
#94=AXIS2_PLACEMENT_3D('',#91,#92,#93);
#95=CIRCLE('',#94,1.3);
#96=EDGE_CURVE('',#83,#81,#95,.T.);
#97=ORIENTED_EDGE('',*,*,#96,.F.);
#98=EDGE_LOOP('',(#90,#97));
#99=FACE_BOUND('',#98,.T.);
#100=CARTESIAN_POINT('',(178.059375,-98.175,6.));
#101=VERTEX_POINT('',#100);
#102=CARTESIAN_POINT('',(180.659375,-98.175,6.));
#103=VERTEX_POINT('',#102);
#104=CARTESIAN_POINT('',(179.359375,-98.175,6.));
#105=DIRECTION('',(0.,0.,1.));
#106=DIRECTION('',(1.,0.,-0.));
#107=AXIS2_PLACEMENT_3D('',#104,#105,#106);
#108=CIRCLE('',#107,1.3);
#109=EDGE_CURVE('',#101,#103,#108,.T.);
#110=ORIENTED_EDGE('',*,*,#109,.F.);
#111=CARTESIAN_POINT('',(179.359375,-98.175,6.));
#112=DIRECTION('',(0.,0.,1.));
#113=DIRECTION('',(1.,0.,-0.));
#114=AXIS2_PLACEMENT_3D('',#111,#112,#113);
#115=CIRCLE('',#114,1.3);
#116=EDGE_CURVE('',#103,#101,#115,.T.);
#117=ORIENTED_EDGE('',*,*,#116,.F.);
#118=EDGE_LOOP('',(#110,#117));
#119=FACE_BOUND('',#118,.T.);
#120=CARTESIAN_POINT('',(104.715625,-98.175,6.));
#121=VERTEX_POINT('',#120);
#122=CARTESIAN_POINT('',(107.315625,-98.175,6.));
#123=VERTEX_POINT('',#122);
#124=CARTESIAN_POINT('',(106.015625,-98.175,6.));
#125=DIRECTION('',(0.,0.,1.));
#126=DIRECTION('',(1.,0.,-0.));
#127=AXIS2_PLACEMENT_3D('',#124,#125,#126);
#128=CIRCLE('',#127,1.3);
#129=EDGE_CURVE('',#121,#123,#128,.T.);
#130=ORIENTED_EDGE('',*,*,#129,.F.);
#131=CARTESIAN_POINT('',(106.015625,-98.175,6.));
#132=DIRECTION('',(0.,0.,1.));
#133=DIRECTION('',(1.,0.,-0.));
#134=AXIS2_PLACEMENT_3D('',#131,#132,#133);
#135=CIRCLE('',#134,1.3);
#136=EDGE_CURVE('',#123,#121,#135,.T.);
#137=ORIENTED_EDGE('',*,*,#136,.F.);
#138=EDGE_LOOP('',(#130,#137));
#139=FACE_BOUND('',#138,.T.);
#140=CARTESIAN_POINT('',(-6.,-98.275,6.));
#141=VERTEX_POINT('',#140);
#142=CARTESIAN_POINT('',(-3.,-101.275,6.));
#143=VERTEX_POINT('',#142);
#144=CARTESIAN_POINT('',(-3.,-98.275,6.));
#145=DIRECTION('',(0.,0.,1.));
#146=DIRECTION('',(1.,0.,-0.));
#147=AXIS2_PLACEMENT_3D('',#144,#145,#146);
#148=CIRCLE('',#147,3.);
#149=EDGE_CURVE('',#141,#143,#148,.T.);
#150=ORIENTED_EDGE('',*,*,#149,.T.);
#151=CARTESIAN_POINT('',(288.375,-101.275,6.));
#152=VERTEX_POINT('',#151);
#153=CARTESIAN_POINT('',(288.375,-101.275,6.));
#154=DIRECTION('',(-1.,0.,0.));
#155=VECTOR('',#154,291.375);
#156=LINE('',#153,#155);
#157=EDGE_CURVE('',#152,#143,#156,.T.);
#158=ORIENTED_EDGE('',*,*,#157,.F.);
#159=CARTESIAN_POINT('',(291.375,-98.275,6.));
#160=VERTEX_POINT('',#159);
#161=CARTESIAN_POINT('',(288.375,-98.275,6.));
#162=DIRECTION('',(0.,0.,1.));
#163=DIRECTION('',(1.,0.,-0.));
#164=AXIS2_PLACEMENT_3D('',#161,#162,#163);
#165=CIRCLE('',#164,3.);
#166=EDGE_CURVE('',#152,#160,#165,.T.);
#167=ORIENTED_EDGE('',*,*,#166,.T.);
#168=CARTESIAN_POINT('',(291.375,2.65,6.));
#169=VERTEX_POINT('',#168);
#170=CARTESIAN_POINT('',(291.375,2.65,6.));
#171=DIRECTION('',(0.,-1.,0.));
#172=VECTOR('',#171,100.925);
#173=LINE('',#170,#172);
#174=EDGE_CURVE('',#169,#160,#173,.T.);
#175=ORIENTED_EDGE('',*,*,#174,.F.);
#176=CARTESIAN_POINT('',(288.375,5.65,6.));
#177=VERTEX_POINT('',#176);
#178=CARTESIAN_POINT('',(288.375,2.65,6.));
#179=DIRECTION('',(0.,0.,1.));
#180=DIRECTION('',(1.,0.,-0.));
#181=AXIS2_PLACEMENT_3D('',#178,#179,#180);
#182=CIRCLE('',#181,3.);
#183=EDGE_CURVE('',#169,#177,#182,.T.);
#184=ORIENTED_EDGE('',*,*,#183,.T.);
#185=CARTESIAN_POINT('',(26.28,5.65,6.));
#186=VERTEX_POINT('',#185);
#187=CARTESIAN_POINT('',(26.28,5.65,6.));
#188=DIRECTION('',(1.,0.,-0.));
#189=VECTOR('',#188,262.095);
#190=LINE('',#187,#189);
#191=EDGE_CURVE('',#186,#177,#190,.T.);
#192=ORIENTED_EDGE('',*,*,#191,.F.);
#193=CARTESIAN_POINT('',(26.28,-0.35,6.));
#194=VERTEX_POINT('',#193);
#195=CARTESIAN_POINT('',(26.28,5.65,6.));
#196=DIRECTION('',(-0.,-1.,-0.));
#197=VECTOR('',#196,6.);
#198=LINE('',#195,#197);
#199=EDGE_CURVE('',#186,#194,#198,.T.);
#200=ORIENTED_EDGE('',*,*,#199,.T.);
#201=CARTESIAN_POINT('',(283.625,-0.35,6.));
#202=VERTEX_POINT('',#201);
#203=CARTESIAN_POINT('',(283.625,-0.35,6.));
#204=DIRECTION('',(-1.,0.,0.));
#205=VECTOR('',#204,257.345);
#206=LINE('',#203,#205);
#207=EDGE_CURVE('',#202,#194,#206,.T.);
#208=ORIENTED_EDGE('',*,*,#207,.F.);
#209=CARTESIAN_POINT('',(285.625,-2.35,6.));
#210=VERTEX_POINT('',#209);
#211=CARTESIAN_POINT('',(283.625,-2.35,6.));
#212=DIRECTION('',(-0.,-0.,-1.));
#213=DIRECTION('',(1.,0.,-0.));
#214=AXIS2_PLACEMENT_3D('',#211,#212,#213);
#215=CIRCLE('',#214,2.);
#216=EDGE_CURVE('',#202,#210,#215,.T.);
#217=ORIENTED_EDGE('',*,*,#216,.T.);
#218=CARTESIAN_POINT('',(285.625,-93.275,6.));
#219=VERTEX_POINT('',#218);
#220=CARTESIAN_POINT('',(285.625,-93.275,6.));
#221=DIRECTION('',(0.,1.,0.));
#222=VECTOR('',#221,90.925);
#223=LINE('',#220,#222);
#224=EDGE_CURVE('',#219,#210,#223,.T.);
#225=ORIENTED_EDGE('',*,*,#224,.F.);
#226=CARTESIAN_POINT('',(283.625,-95.275,6.));
#227=VERTEX_POINT('',#226);
#228=CARTESIAN_POINT('',(283.625,-93.275,6.));
#229=DIRECTION('',(-0.,-0.,-1.));
#230=DIRECTION('',(1.,0.,-0.));
#231=AXIS2_PLACEMENT_3D('',#228,#229,#230);
#232=CIRCLE('',#231,2.);
#233=EDGE_CURVE('',#219,#227,#232,.T.);
#234=ORIENTED_EDGE('',*,*,#233,.T.);
#235=CARTESIAN_POINT('',(1.75,-95.275,6.));
#236=VERTEX_POINT('',#235);
#237=CARTESIAN_POINT('',(1.75,-95.275,6.));
#238=DIRECTION('',(1.,0.,-0.));
#239=VECTOR('',#238,281.875);
#240=LINE('',#237,#239);
#241=EDGE_CURVE('',#236,#227,#240,.T.);
#242=ORIENTED_EDGE('',*,*,#241,.F.);
#243=CARTESIAN_POINT('',(-0.25,-93.275,6.));
#244=VERTEX_POINT('',#243);
#245=CARTESIAN_POINT('',(1.75,-93.275,6.));
#246=DIRECTION('',(-0.,-0.,-1.));
#247=DIRECTION('',(1.,0.,-0.));
#248=AXIS2_PLACEMENT_3D('',#245,#246,#247);
#249=CIRCLE('',#248,2.);
#250=EDGE_CURVE('',#236,#244,#249,.T.);
#251=ORIENTED_EDGE('',*,*,#250,.T.);
#252=CARTESIAN_POINT('',(-0.25,-2.35,6.));
#253=VERTEX_POINT('',#252);
#254=CARTESIAN_POINT('',(-0.25,-2.35,6.));
#255=DIRECTION('',(0.,-1.,0.));
#256=VECTOR('',#255,90.925);
#257=LINE('',#254,#256);
#258=EDGE_CURVE('',#253,#244,#257,.T.);
#259=ORIENTED_EDGE('',*,*,#258,.F.);
#260=CARTESIAN_POINT('',(1.75,-0.35,6.));
#261=VERTEX_POINT('',#260);
#262=CARTESIAN_POINT('',(1.75,-2.35,6.));
#263=DIRECTION('',(-0.,-0.,-1.));
#264=DIRECTION('',(1.,0.,-0.));
#265=AXIS2_PLACEMENT_3D('',#262,#263,#264);
#266=CIRCLE('',#265,2.);
#267=EDGE_CURVE('',#253,#261,#266,.T.);
#268=ORIENTED_EDGE('',*,*,#267,.T.);
#269=CARTESIAN_POINT('',(10.48,-0.35,6.));
#270=VERTEX_POINT('',#269);
#271=CARTESIAN_POINT('',(10.48,-0.35,6.));
#272=DIRECTION('',(-1.,0.,0.));
#273=VECTOR('',#272,8.73);
#274=LINE('',#271,#273);
#275=EDGE_CURVE('',#270,#261,#274,.T.);
#276=ORIENTED_EDGE('',*,*,#275,.F.);
#277=CARTESIAN_POINT('',(10.48,5.65,6.));
#278=VERTEX_POINT('',#277);
#279=CARTESIAN_POINT('',(10.48,-0.35,6.));
#280=DIRECTION('',(0.,1.,0.));
#281=VECTOR('',#280,6.);
#282=LINE('',#279,#281);
#283=EDGE_CURVE('',#270,#278,#282,.T.);
#284=ORIENTED_EDGE('',*,*,#283,.T.);
#285=CARTESIAN_POINT('',(-3.,5.65,6.));
#286=VERTEX_POINT('',#285);
#287=CARTESIAN_POINT('',(-3.,5.65,6.));
#288=DIRECTION('',(1.,0.,-0.));
#289=VECTOR('',#288,13.48);
#290=LINE('',#287,#289);
#291=EDGE_CURVE('',#286,#278,#290,.T.);
#292=ORIENTED_EDGE('',*,*,#291,.F.);
#293=CARTESIAN_POINT('',(-6.,2.65,6.));
#294=VERTEX_POINT('',#293);
#295=CARTESIAN_POINT('',(-3.,2.65,6.));
#296=DIRECTION('',(0.,0.,1.));
#297=DIRECTION('',(1.,0.,-0.));
#298=AXIS2_PLACEMENT_3D('',#295,#296,#297);
#299=CIRCLE('',#298,3.);
#300=EDGE_CURVE('',#286,#294,#299,.T.);
#301=ORIENTED_EDGE('',*,*,#300,.T.);
#302=CARTESIAN_POINT('',(-6.,-98.275,6.));
#303=DIRECTION('',(0.,1.,0.));
#304=VECTOR('',#303,100.925);
#305=LINE('',#302,#304);
#306=EDGE_CURVE('',#141,#294,#305,.T.);
#307=ORIENTED_EDGE('',*,*,#306,.F.);
#308=EDGE_LOOP('',(#150,#158,#167,#175,#184,#192,#200,#208,#217,#225,#234,#242,#251,#259,#268,#276,#284,#292,#301,#307));
#309=FACE_BOUND('',#308,.T.);
#310=CARTESIAN_POINT('',(117.6875,-99.275,6.));
#311=VERTEX_POINT('',#310);
#312=CARTESIAN_POINT('',(117.6875,-97.275,6.));
#313=VERTEX_POINT('',#312);
#314=CARTESIAN_POINT('',(117.6875,-99.275,6.));
#315=DIRECTION('',(0.,1.,0.));
#316=VECTOR('',#315,2.);
#317=LINE('',#314,#316);
#318=EDGE_CURVE('',#311,#313,#317,.T.);
#319=ORIENTED_EDGE('',*,*,#318,.T.);
#320=CARTESIAN_POINT('',(118.1875,-96.775,6.));
#321=VERTEX_POINT('',#320);
#322=CARTESIAN_POINT('',(118.1875,-97.275,6.));
#323=DIRECTION('',(-0.,-0.,-1.));
#324=DIRECTION('',(1.,0.,-0.));
#325=AXIS2_PLACEMENT_3D('',#322,#323,#324);
#326=CIRCLE('',#325,0.5);
#327=EDGE_CURVE('',#313,#321,#326,.T.);
#328=ORIENTED_EDGE('',*,*,#327,.T.);
#329=CARTESIAN_POINT('',(167.1875,-96.775,6.));
#330=VERTEX_POINT('',#329);
#331=CARTESIAN_POINT('',(118.1875,-96.775,6.));
#332=DIRECTION('',(1.,0.,-0.));
#333=VECTOR('',#332,49.);
#334=LINE('',#331,#333);
#335=EDGE_CURVE('',#321,#330,#334,.T.);
#336=ORIENTED_EDGE('',*,*,#335,.T.);
#337=CARTESIAN_POINT('',(167.6875,-97.275,6.));
#338=VERTEX_POINT('',#337);
#339=CARTESIAN_POINT('',(167.1875,-97.275,6.));
#340=DIRECTION('',(-0.,-0.,-1.));
#341=DIRECTION('',(1.,0.,-0.));
#342=AXIS2_PLACEMENT_3D('',#339,#340,#341);
#343=CIRCLE('',#342,0.5);
#344=EDGE_CURVE('',#330,#338,#343,.T.);
#345=ORIENTED_EDGE('',*,*,#344,.T.);
#346=CARTESIAN_POINT('',(167.6875,-99.275,6.));
#347=VERTEX_POINT('',#346);
#348=CARTESIAN_POINT('',(167.6875,-97.275,6.));
#349=DIRECTION('',(0.,-1.,0.));
#350=VECTOR('',#349,2.);
#351=LINE('',#348,#350);
#352=EDGE_CURVE('',#338,#347,#351,.T.);
#353=ORIENTED_EDGE('',*,*,#352,.T.);
#354=CARTESIAN_POINT('',(167.1875,-99.775,6.));
#355=VERTEX_POINT('',#354);
#356=CARTESIAN_POINT('',(167.1875,-99.275,6.));
#357=DIRECTION('',(-0.,-0.,-1.));
#358=DIRECTION('',(1.,0.,-0.));
#359=AXIS2_PLACEMENT_3D('',#356,#357,#358);
#360=CIRCLE('',#359,0.5);
#361=EDGE_CURVE('',#347,#355,#360,.T.);
#362=ORIENTED_EDGE('',*,*,#361,.T.);
#363=CARTESIAN_POINT('',(118.1875,-99.775,6.));
#364=VERTEX_POINT('',#363);
#365=CARTESIAN_POINT('',(167.1875,-99.775,6.));
#366=DIRECTION('',(-1.,0.,0.));
#367=VECTOR('',#366,49.);
#368=LINE('',#365,#367);
#369=EDGE_CURVE('',#355,#364,#368,.T.);
#370=ORIENTED_EDGE('',*,*,#369,.T.);
#371=CARTESIAN_POINT('',(118.1875,-99.275,6.));
#372=DIRECTION('',(-0.,-0.,-1.));
#373=DIRECTION('',(1.,0.,-0.));
#374=AXIS2_PLACEMENT_3D('',#371,#372,#373);
#375=CIRCLE('',#374,0.5);
#376=EDGE_CURVE('',#364,#311,#375,.T.);
#377=ORIENTED_EDGE('',*,*,#376,.T.);
#378=EDGE_LOOP('',(#319,#328,#336,#345,#353,#362,#370,#377));
#379=FACE_BOUND('',#378,.T.);
#380=CARTESIAN_POINT('',(-4.2,-47.8125,6.));
#381=VERTEX_POINT('',#380);
#382=CARTESIAN_POINT('',(-1.6,-47.8125,6.));
#383=VERTEX_POINT('',#382);
#384=CARTESIAN_POINT('',(-2.9,-47.8125,6.));
#385=DIRECTION('',(0.,0.,1.));
#386=DIRECTION('',(1.,0.,-0.));
#387=AXIS2_PLACEMENT_3D('',#384,#385,#386);
#388=CIRCLE('',#387,1.3);
#389=EDGE_CURVE('',#381,#383,#388,.T.);
#390=ORIENTED_EDGE('',*,*,#389,.F.);
#391=CARTESIAN_POINT('',(-2.9,-47.8125,6.));
#392=DIRECTION('',(0.,0.,1.));
#393=DIRECTION('',(1.,0.,-0.));
#394=AXIS2_PLACEMENT_3D('',#391,#392,#393);
#395=CIRCLE('',#394,1.3);
#396=EDGE_CURVE('',#383,#381,#395,.T.);
#397=ORIENTED_EDGE('',*,*,#396,.F.);
#398=EDGE_LOOP('',(#390,#397));
#399=FACE_BOUND('',#398,.T.);
#400=CARTESIAN_POINT('',(-3.3,1.65,6.));
#401=VERTEX_POINT('',#400);
#402=CARTESIAN_POINT('',(-0.7,1.65,6.));
#403=VERTEX_POINT('',#402);
#404=CARTESIAN_POINT('',(-2.,1.65,6.));
#405=DIRECTION('',(0.,0.,1.));
#406=DIRECTION('',(1.,0.,-0.));
#407=AXIS2_PLACEMENT_3D('',#404,#405,#406);
#408=CIRCLE('',#407,1.3);
#409=EDGE_CURVE('',#401,#403,#408,.T.);
#410=ORIENTED_EDGE('',*,*,#409,.F.);
#411=CARTESIAN_POINT('',(-2.,1.65,6.));
#412=DIRECTION('',(0.,0.,1.));
#413=DIRECTION('',(1.,0.,-0.));
#414=AXIS2_PLACEMENT_3D('',#411,#412,#413);
#415=CIRCLE('',#414,1.3);
#416=EDGE_CURVE('',#403,#401,#415,.T.);
#417=ORIENTED_EDGE('',*,*,#416,.F.);
#418=EDGE_LOOP('',(#410,#417));
#419=FACE_BOUND('',#418,.T.);
#420=CARTESIAN_POINT('',(-3.3,-97.275,6.));
#421=VERTEX_POINT('',#420);
#422=CARTESIAN_POINT('',(-0.7,-97.275,6.));
#423=VERTEX_POINT('',#422);
#424=CARTESIAN_POINT('',(-2.,-97.275,6.));
#425=DIRECTION('',(0.,0.,1.));
#426=DIRECTION('',(1.,0.,-0.));
#427=AXIS2_PLACEMENT_3D('',#424,#425,#426);
#428=CIRCLE('',#427,1.3);
#429=EDGE_CURVE('',#421,#423,#428,.T.);
#430=ORIENTED_EDGE('',*,*,#429,.F.);
#431=CARTESIAN_POINT('',(-2.,-97.275,6.));
#432=DIRECTION('',(0.,0.,1.));
#433=DIRECTION('',(1.,0.,-0.));
#434=AXIS2_PLACEMENT_3D('',#431,#432,#433);
#435=CIRCLE('',#434,1.3);
#436=EDGE_CURVE('',#423,#421,#435,.T.);
#437=ORIENTED_EDGE('',*,*,#436,.F.);
#438=EDGE_LOOP('',(#430,#437));
#439=FACE_BOUND('',#438,.T.);
#440=CARTESIAN_POINT('',(-4.,-59.54375,6.));
#441=VERTEX_POINT('',#440);
#442=CARTESIAN_POINT('',(-2.,-59.54375,6.));
#443=VERTEX_POINT('',#442);
#444=CARTESIAN_POINT('',(-4.,-59.54375,6.));
#445=DIRECTION('',(1.,0.,-0.));
#446=VECTOR('',#445,2.);
#447=LINE('',#444,#446);
#448=EDGE_CURVE('',#441,#443,#447,.T.);
#449=ORIENTED_EDGE('',*,*,#448,.T.);
#450=CARTESIAN_POINT('',(-1.5,-60.04375,6.));
#451=VERTEX_POINT('',#450);
#452=CARTESIAN_POINT('',(-2.,-60.04375,6.));
#453=DIRECTION('',(-0.,-0.,-1.));
#454=DIRECTION('',(1.,0.,-0.));
#455=AXIS2_PLACEMENT_3D('',#452,#453,#454);
#456=CIRCLE('',#455,0.5);
#457=EDGE_CURVE('',#443,#451,#456,.T.);
#458=ORIENTED_EDGE('',*,*,#457,.T.);
#459=CARTESIAN_POINT('',(-1.5,-89.04375,6.));
#460=VERTEX_POINT('',#459);
#461=CARTESIAN_POINT('',(-1.5,-60.04375,6.));
#462=DIRECTION('',(0.,-1.,0.));
#463=VECTOR('',#462,29.);
#464=LINE('',#461,#463);
#465=EDGE_CURVE('',#451,#460,#464,.T.);
#466=ORIENTED_EDGE('',*,*,#465,.T.);
#467=CARTESIAN_POINT('',(-2.,-89.54375,6.));
#468=VERTEX_POINT('',#467);
#469=CARTESIAN_POINT('',(-2.,-89.04375,6.));
#470=DIRECTION('',(-0.,-0.,-1.));
#471=DIRECTION('',(1.,0.,-0.));
#472=AXIS2_PLACEMENT_3D('',#469,#470,#471);
#473=CIRCLE('',#472,0.5);
#474=EDGE_CURVE('',#460,#468,#473,.T.);
#475=ORIENTED_EDGE('',*,*,#474,.T.);
#476=CARTESIAN_POINT('',(-4.,-89.54375,6.));
#477=VERTEX_POINT('',#476);
#478=CARTESIAN_POINT('',(-2.,-89.54375,6.));
#479=DIRECTION('',(-1.,0.,0.));
#480=VECTOR('',#479,2.);
#481=LINE('',#478,#480);
#482=EDGE_CURVE('',#468,#477,#481,.T.);
#483=ORIENTED_EDGE('',*,*,#482,.T.);
#484=CARTESIAN_POINT('',(-4.5,-89.04375,6.));
#485=VERTEX_POINT('',#484);
#486=CARTESIAN_POINT('',(-4.,-89.04375,6.));
#487=DIRECTION('',(-0.,-0.,-1.));
#488=DIRECTION('',(1.,0.,-0.));
#489=AXIS2_PLACEMENT_3D('',#486,#487,#488);
#490=CIRCLE('',#489,0.5);
#491=EDGE_CURVE('',#477,#485,#490,.T.);
#492=ORIENTED_EDGE('',*,*,#491,.T.);
#493=CARTESIAN_POINT('',(-4.5,-60.04375,6.));
#494=VERTEX_POINT('',#493);
#495=CARTESIAN_POINT('',(-4.5,-89.04375,6.));
#496=DIRECTION('',(0.,1.,0.));
#497=VECTOR('',#496,29.);
#498=LINE('',#495,#497);
#499=EDGE_CURVE('',#485,#494,#498,.T.);
#500=ORIENTED_EDGE('',*,*,#499,.T.);
#501=CARTESIAN_POINT('',(-4.,-60.04375,6.));
#502=DIRECTION('',(-0.,-0.,-1.));
#503=DIRECTION('',(1.,0.,-0.));
#504=AXIS2_PLACEMENT_3D('',#501,#502,#503);
#505=CIRCLE('',#504,0.5);
#506=EDGE_CURVE('',#494,#441,#505,.T.);
#507=ORIENTED_EDGE('',*,*,#506,.T.);
#508=EDGE_LOOP('',(#449,#458,#466,#475,#483,#492,#500,#507));
#509=FACE_BOUND('',#508,.T.);
#510=CARTESIAN_POINT('',(10.,-99.275,6.));
#511=VERTEX_POINT('',#510);
#512=CARTESIAN_POINT('',(10.,-97.275,6.));
#513=VERTEX_POINT('',#512);
#514=CARTESIAN_POINT('',(10.,-99.275,6.));
#515=DIRECTION('',(0.,1.,0.));
#516=VECTOR('',#515,2.);
#517=LINE('',#514,#516);
#518=EDGE_CURVE('',#511,#513,#517,.T.);
#519=ORIENTED_EDGE('',*,*,#518,.T.);
#520=CARTESIAN_POINT('',(10.5,-96.775,6.));
#521=VERTEX_POINT('',#520);
#522=CARTESIAN_POINT('',(10.5,-97.275,6.));
#523=DIRECTION('',(-0.,-0.,-1.));
#524=DIRECTION('',(1.,0.,-0.));
#525=AXIS2_PLACEMENT_3D('',#522,#523,#524);
#526=CIRCLE('',#525,0.5);
#527=EDGE_CURVE('',#513,#521,#526,.T.);
#528=ORIENTED_EDGE('',*,*,#527,.T.);
#529=CARTESIAN_POINT('',(89.5,-96.775,6.));
#530=VERTEX_POINT('',#529);
#531=CARTESIAN_POINT('',(10.5,-96.775,6.));
#532=DIRECTION('',(1.,0.,-0.));
#533=VECTOR('',#532,79.);
#534=LINE('',#531,#533);
#535=EDGE_CURVE('',#521,#530,#534,.T.);
#536=ORIENTED_EDGE('',*,*,#535,.T.);
#537=CARTESIAN_POINT('',(90.,-97.275,6.));
#538=VERTEX_POINT('',#537);
#539=CARTESIAN_POINT('',(89.5,-97.275,6.));
#540=DIRECTION('',(-0.,-0.,-1.));
#541=DIRECTION('',(1.,0.,-0.));
#542=AXIS2_PLACEMENT_3D('',#539,#540,#541);
#543=CIRCLE('',#542,0.5);
#544=EDGE_CURVE('',#530,#538,#543,.T.);
#545=ORIENTED_EDGE('',*,*,#544,.T.);
#546=CARTESIAN_POINT('',(90.,-99.275,6.));
#547=VERTEX_POINT('',#546);
#548=CARTESIAN_POINT('',(90.,-97.275,6.));
#549=DIRECTION('',(0.,-1.,0.));
#550=VECTOR('',#549,2.);
#551=LINE('',#548,#550);
#552=EDGE_CURVE('',#538,#547,#551,.T.);
#553=ORIENTED_EDGE('',*,*,#552,.T.);
#554=CARTESIAN_POINT('',(89.5,-99.775,6.));
#555=VERTEX_POINT('',#554);
#556=CARTESIAN_POINT('',(89.5,-99.275,6.));
#557=DIRECTION('',(-0.,-0.,-1.));
#558=DIRECTION('',(1.,0.,-0.));
#559=AXIS2_PLACEMENT_3D('',#556,#557,#558);
#560=CIRCLE('',#559,0.5);
#561=EDGE_CURVE('',#547,#555,#560,.T.);
#562=ORIENTED_EDGE('',*,*,#561,.T.);
#563=CARTESIAN_POINT('',(10.5,-99.775,6.));
#564=VERTEX_POINT('',#563);
#565=CARTESIAN_POINT('',(89.5,-99.775,6.));
#566=DIRECTION('',(-1.,0.,0.));
#567=VECTOR('',#566,79.);
#568=LINE('',#565,#567);
#569=EDGE_CURVE('',#555,#564,#568,.T.);
#570=ORIENTED_EDGE('',*,*,#569,.T.);
#571=CARTESIAN_POINT('',(10.5,-99.275,6.));
#572=DIRECTION('',(-0.,-0.,-1.));
#573=DIRECTION('',(1.,0.,-0.));
#574=AXIS2_PLACEMENT_3D('',#571,#572,#573);
#575=CIRCLE('',#574,0.5);
#576=EDGE_CURVE('',#564,#511,#575,.T.);
#577=ORIENTED_EDGE('',*,*,#576,.T.);
#578=EDGE_LOOP('',(#519,#528,#536,#545,#553,#562,#570,#577));
#579=FACE_BOUND('',#578,.T.);
#580=CARTESIAN_POINT('',(-2.5,-36.08125,6.));
#581=VERTEX_POINT('',#580);
#582=CARTESIAN_POINT('',(-3.5,-36.08125,6.));
#583=VERTEX_POINT('',#582);
#584=CARTESIAN_POINT('',(-2.5,-36.08125,6.));
#585=DIRECTION('',(-1.,0.,0.));
#586=VECTOR('',#585,1.);
#587=LINE('',#584,#586);
#588=EDGE_CURVE('',#581,#583,#587,.T.);
#589=ORIENTED_EDGE('',*,*,#588,.T.);
#590=CARTESIAN_POINT('',(-4.5,-35.08125,6.));
#591=VERTEX_POINT('',#590);
#592=CARTESIAN_POINT('',(-3.5,-35.08125,6.));
#593=DIRECTION('',(-0.,-0.,-1.));
#594=DIRECTION('',(1.,0.,-0.));
#595=AXIS2_PLACEMENT_3D('',#592,#593,#594);
#596=CIRCLE('',#595,1.);
#597=EDGE_CURVE('',#583,#591,#596,.T.);
#598=ORIENTED_EDGE('',*,*,#597,.T.);
#599=CARTESIAN_POINT('',(-4.5,-7.08125,6.));
#600=VERTEX_POINT('',#599);
#601=CARTESIAN_POINT('',(-4.5,-35.08125,6.));
#602=DIRECTION('',(0.,1.,0.));
#603=VECTOR('',#602,28.);
#604=LINE('',#601,#603);
#605=EDGE_CURVE('',#591,#600,#604,.T.);
#606=ORIENTED_EDGE('',*,*,#605,.T.);
#607=CARTESIAN_POINT('',(-3.5,-6.08125,6.));
#608=VERTEX_POINT('',#607);
#609=CARTESIAN_POINT('',(-3.5,-7.08125,6.));
#610=DIRECTION('',(-0.,-0.,-1.));
#611=DIRECTION('',(1.,0.,-0.));
#612=AXIS2_PLACEMENT_3D('',#609,#610,#611);
#613=CIRCLE('',#612,1.);
#614=EDGE_CURVE('',#600,#608,#613,.T.);
#615=ORIENTED_EDGE('',*,*,#614,.T.);
#616=CARTESIAN_POINT('',(-2.5,-6.08125,6.));
#617=VERTEX_POINT('',#616);
#618=CARTESIAN_POINT('',(-3.5,-6.08125,6.));
#619=DIRECTION('',(1.,0.,-0.));
#620=VECTOR('',#619,1.);
#621=LINE('',#618,#620);
#622=EDGE_CURVE('',#608,#617,#621,.T.);
#623=ORIENTED_EDGE('',*,*,#622,.T.);
#624=CARTESIAN_POINT('',(-1.5,-7.08125,6.));
#625=VERTEX_POINT('',#624);
#626=CARTESIAN_POINT('',(-2.5,-7.08125,6.));
#627=DIRECTION('',(-0.,-0.,-1.));
#628=DIRECTION('',(1.,0.,-0.));
#629=AXIS2_PLACEMENT_3D('',#626,#627,#628);
#630=CIRCLE('',#629,1.);
#631=EDGE_CURVE('',#617,#625,#630,.T.);
#632=ORIENTED_EDGE('',*,*,#631,.T.);
#633=CARTESIAN_POINT('',(-1.5,-35.08125,6.));
#634=VERTEX_POINT('',#633);
#635=CARTESIAN_POINT('',(-1.5,-7.08125,6.));
#636=DIRECTION('',(0.,-1.,0.));
#637=VECTOR('',#636,28.);
#638=LINE('',#635,#637);
#639=EDGE_CURVE('',#625,#634,#638,.T.);
#640=ORIENTED_EDGE('',*,*,#639,.T.);
#641=CARTESIAN_POINT('',(-2.5,-35.08125,6.));
#642=DIRECTION('',(-0.,-0.,-1.));
#643=DIRECTION('',(1.,0.,-0.));
#644=AXIS2_PLACEMENT_3D('',#641,#642,#643);
#645=CIRCLE('',#644,1.);
#646=EDGE_CURVE('',#634,#581,#645,.T.);
#647=ORIENTED_EDGE('',*,*,#646,.T.);
#648=EDGE_LOOP('',(#589,#598,#606,#615,#623,#632,#640,#647));
#649=FACE_BOUND('',#648,.T.);
#650=CARTESIAN_POINT('',(117.6875,1.65,6.));
#651=VERTEX_POINT('',#650);
#652=CARTESIAN_POINT('',(117.6875,3.65,6.));
#653=VERTEX_POINT('',#652);
#654=CARTESIAN_POINT('',(117.6875,1.65,6.));
#655=DIRECTION('',(0.,1.,0.));
#656=VECTOR('',#655,2.);
#657=LINE('',#654,#656);
#658=EDGE_CURVE('',#651,#653,#657,.T.);
#659=ORIENTED_EDGE('',*,*,#658,.T.);
#660=CARTESIAN_POINT('',(118.1875,4.15,6.));
#661=VERTEX_POINT('',#660);
#662=CARTESIAN_POINT('',(118.1875,3.65,6.));
#663=DIRECTION('',(-0.,-0.,-1.));
#664=DIRECTION('',(1.,0.,-0.));
#665=AXIS2_PLACEMENT_3D('',#662,#663,#664);
#666=CIRCLE('',#665,0.5);
#667=EDGE_CURVE('',#653,#661,#666,.T.);
#668=ORIENTED_EDGE('',*,*,#667,.T.);
#669=CARTESIAN_POINT('',(167.1875,4.15,6.));
#670=VERTEX_POINT('',#669);
#671=CARTESIAN_POINT('',(118.1875,4.15,6.));
#672=DIRECTION('',(1.,0.,-0.));
#673=VECTOR('',#672,49.);
#674=LINE('',#671,#673);
#675=EDGE_CURVE('',#661,#670,#674,.T.);
#676=ORIENTED_EDGE('',*,*,#675,.T.);
#677=CARTESIAN_POINT('',(167.6875,3.65,6.));
#678=VERTEX_POINT('',#677);
#679=CARTESIAN_POINT('',(167.1875,3.65,6.));
#680=DIRECTION('',(-0.,-0.,-1.));
#681=DIRECTION('',(1.,0.,-0.));
#682=AXIS2_PLACEMENT_3D('',#679,#680,#681);
#683=CIRCLE('',#682,0.5);
#684=EDGE_CURVE('',#670,#678,#683,.T.);
#685=ORIENTED_EDGE('',*,*,#684,.T.);
#686=CARTESIAN_POINT('',(167.6875,1.65,6.));
#687=VERTEX_POINT('',#686);
#688=CARTESIAN_POINT('',(167.6875,3.65,6.));
#689=DIRECTION('',(0.,-1.,0.));
#690=VECTOR('',#689,2.);
#691=LINE('',#688,#690);
#692=EDGE_CURVE('',#678,#687,#691,.T.);
#693=ORIENTED_EDGE('',*,*,#692,.T.);
#694=CARTESIAN_POINT('',(167.1875,1.15,6.));
#695=VERTEX_POINT('',#694);
#696=CARTESIAN_POINT('',(167.1875,1.65,6.));
#697=DIRECTION('',(-0.,-0.,-1.));
#698=DIRECTION('',(1.,0.,-0.));
#699=AXIS2_PLACEMENT_3D('',#696,#697,#698);
#700=CIRCLE('',#699,0.5);
#701=EDGE_CURVE('',#687,#695,#700,.T.);
#702=ORIENTED_EDGE('',*,*,#701,.T.);
#703=CARTESIAN_POINT('',(118.1875,1.15,6.));
#704=VERTEX_POINT('',#703);
#705=CARTESIAN_POINT('',(167.1875,1.15,6.));
#706=DIRECTION('',(-1.,0.,0.));
#707=VECTOR('',#706,49.);
#708=LINE('',#705,#707);
#709=EDGE_CURVE('',#695,#704,#708,.T.);
#710=ORIENTED_EDGE('',*,*,#709,.T.);
#711=CARTESIAN_POINT('',(118.1875,1.65,6.));
#712=DIRECTION('',(-0.,-0.,-1.));
#713=DIRECTION('',(1.,0.,-0.));
#714=AXIS2_PLACEMENT_3D('',#711,#712,#713);
#715=CIRCLE('',#714,0.5);
#716=EDGE_CURVE('',#704,#651,#715,.T.);
#717=ORIENTED_EDGE('',*,*,#716,.T.);
#718=EDGE_LOOP('',(#659,#668,#676,#685,#693,#702,#710,#717));
#719=FACE_BOUND('',#718,.T.);
#720=CARTESIAN_POINT('',(41.14,1.65,6.));
#721=VERTEX_POINT('',#720);
#722=CARTESIAN_POINT('',(41.14,3.65,6.));
#723=VERTEX_POINT('',#722);
#724=CARTESIAN_POINT('',(41.14,1.65,6.));
#725=DIRECTION('',(0.,1.,0.));
#726=VECTOR('',#725,2.);
#727=LINE('',#724,#726);
#728=EDGE_CURVE('',#721,#723,#727,.T.);
#729=ORIENTED_EDGE('',*,*,#728,.T.);
#730=CARTESIAN_POINT('',(41.64,4.15,6.));
#731=VERTEX_POINT('',#730);
#732=CARTESIAN_POINT('',(41.64,3.65,6.));
#733=DIRECTION('',(-0.,-0.,-1.));
#734=DIRECTION('',(1.,0.,-0.));
#735=AXIS2_PLACEMENT_3D('',#732,#733,#734);
#736=CIRCLE('',#735,0.5);
#737=EDGE_CURVE('',#723,#731,#736,.T.);
#738=ORIENTED_EDGE('',*,*,#737,.T.);
#739=CARTESIAN_POINT('',(90.64,4.15,6.));
#740=VERTEX_POINT('',#739);
#741=CARTESIAN_POINT('',(41.64,4.15,6.));
#742=DIRECTION('',(1.,0.,-0.));
#743=VECTOR('',#742,49.);
#744=LINE('',#741,#743);
#745=EDGE_CURVE('',#731,#740,#744,.T.);
#746=ORIENTED_EDGE('',*,*,#745,.T.);
#747=CARTESIAN_POINT('',(91.14,3.65,6.));
#748=VERTEX_POINT('',#747);
#749=CARTESIAN_POINT('',(90.64,3.65,6.));
#750=DIRECTION('',(-0.,-0.,-1.));
#751=DIRECTION('',(1.,0.,-0.));
#752=AXIS2_PLACEMENT_3D('',#749,#750,#751);
#753=CIRCLE('',#752,0.5);
#754=EDGE_CURVE('',#740,#748,#753,.T.);
#755=ORIENTED_EDGE('',*,*,#754,.T.);
#756=CARTESIAN_POINT('',(91.14,1.65,6.));
#757=VERTEX_POINT('',#756);
#758=CARTESIAN_POINT('',(91.14,3.65,6.));
#759=DIRECTION('',(0.,-1.,0.));
#760=VECTOR('',#759,2.);
#761=LINE('',#758,#760);
#762=EDGE_CURVE('',#748,#757,#761,.T.);
#763=ORIENTED_EDGE('',*,*,#762,.T.);
#764=CARTESIAN_POINT('',(90.64,1.15,6.));
#765=VERTEX_POINT('',#764);
#766=CARTESIAN_POINT('',(90.64,1.65,6.));
#767=DIRECTION('',(-0.,-0.,-1.));
#768=DIRECTION('',(1.,0.,-0.));
#769=AXIS2_PLACEMENT_3D('',#766,#767,#768);
#770=CIRCLE('',#769,0.5);
#771=EDGE_CURVE('',#757,#765,#770,.T.);
#772=ORIENTED_EDGE('',*,*,#771,.T.);
#773=CARTESIAN_POINT('',(41.64,1.15,6.));
#774=VERTEX_POINT('',#773);
#775=CARTESIAN_POINT('',(90.64,1.15,6.));
#776=DIRECTION('',(-1.,0.,0.));
#777=VECTOR('',#776,49.);
#778=LINE('',#775,#777);
#779=EDGE_CURVE('',#765,#774,#778,.T.);
#780=ORIENTED_EDGE('',*,*,#779,.T.);
#781=CARTESIAN_POINT('',(41.64,1.65,6.));
#782=DIRECTION('',(-0.,-0.,-1.));
#783=DIRECTION('',(1.,0.,-0.));
#784=AXIS2_PLACEMENT_3D('',#781,#782,#783);
#785=CIRCLE('',#784,0.5);
#786=EDGE_CURVE('',#774,#721,#785,.T.);
#787=ORIENTED_EDGE('',*,*,#786,.T.);
#788=EDGE_LOOP('',(#729,#738,#746,#755,#763,#772,#780,#787));
#789=FACE_BOUND('',#788,.T.);
#790=CARTESIAN_POINT('',(286.075,-97.275,6.));
#791=VERTEX_POINT('',#790);
#792=CARTESIAN_POINT('',(288.675,-97.275,6.));
#793=VERTEX_POINT('',#792);
#794=CARTESIAN_POINT('',(287.375,-97.275,6.));
#795=DIRECTION('',(0.,0.,1.));
#796=DIRECTION('',(1.,0.,-0.));
#797=AXIS2_PLACEMENT_3D('',#794,#795,#796);
#798=CIRCLE('',#797,1.3);
#799=EDGE_CURVE('',#791,#793,#798,.T.);
#800=ORIENTED_EDGE('',*,*,#799,.F.);
#801=CARTESIAN_POINT('',(287.375,-97.275,6.));
#802=DIRECTION('',(0.,0.,1.));
#803=DIRECTION('',(1.,0.,-0.));
#804=AXIS2_PLACEMENT_3D('',#801,#802,#803);
#805=CIRCLE('',#804,1.3);
#806=EDGE_CURVE('',#793,#791,#805,.T.);
#807=ORIENTED_EDGE('',*,*,#806,.F.);
#808=EDGE_LOOP('',(#800,#807));
#809=FACE_BOUND('',#808,.T.);
#810=CARTESIAN_POINT('',(286.975,-47.8125,6.));
#811=VERTEX_POINT('',#810);
#812=CARTESIAN_POINT('',(289.575,-47.8125,6.));
#813=VERTEX_POINT('',#812);
#814=CARTESIAN_POINT('',(288.275,-47.8125,6.));
#815=DIRECTION('',(0.,0.,1.));
#816=DIRECTION('',(1.,0.,-0.));
#817=AXIS2_PLACEMENT_3D('',#814,#815,#816);
#818=CIRCLE('',#817,1.3);
#819=EDGE_CURVE('',#811,#813,#818,.T.);
#820=ORIENTED_EDGE('',*,*,#819,.F.);
#821=CARTESIAN_POINT('',(288.275,-47.8125,6.));
#822=DIRECTION('',(0.,0.,1.));
#823=DIRECTION('',(1.,0.,-0.));
#824=AXIS2_PLACEMENT_3D('',#821,#822,#823);
#825=CIRCLE('',#824,1.3);
#826=EDGE_CURVE('',#813,#811,#825,.T.);
#827=ORIENTED_EDGE('',*,*,#826,.F.);
#828=EDGE_LOOP('',(#820,#827));
#829=FACE_BOUND('',#828,.T.);
#830=CARTESIAN_POINT('',(286.075,1.65,6.));
#831=VERTEX_POINT('',#830);
#832=CARTESIAN_POINT('',(288.675,1.65,6.));
#833=VERTEX_POINT('',#832);
#834=CARTESIAN_POINT('',(287.375,1.65,6.));
#835=DIRECTION('',(0.,0.,1.));
#836=DIRECTION('',(1.,0.,-0.));
#837=AXIS2_PLACEMENT_3D('',#834,#835,#836);
#838=CIRCLE('',#837,1.3);
#839=EDGE_CURVE('',#831,#833,#838,.T.);
#840=ORIENTED_EDGE('',*,*,#839,.F.);
#841=CARTESIAN_POINT('',(287.375,1.65,6.));
#842=DIRECTION('',(0.,0.,1.));
#843=DIRECTION('',(1.,0.,-0.));
#844=AXIS2_PLACEMENT_3D('',#841,#842,#843);
#845=CIRCLE('',#844,1.3);
#846=EDGE_CURVE('',#833,#831,#845,.T.);
#847=ORIENTED_EDGE('',*,*,#846,.F.);
#848=EDGE_LOOP('',(#840,#847));
#849=FACE_BOUND('',#848,.T.);
#850=CARTESIAN_POINT('',(287.375,-59.54375,6.));
#851=VERTEX_POINT('',#850);
#852=CARTESIAN_POINT('',(289.375,-59.54375,6.));
#853=VERTEX_POINT('',#852);
#854=CARTESIAN_POINT('',(287.375,-59.54375,6.));
#855=DIRECTION('',(1.,0.,-0.));
#856=VECTOR('',#855,2.);
#857=LINE('',#854,#856);
#858=EDGE_CURVE('',#851,#853,#857,.T.);
#859=ORIENTED_EDGE('',*,*,#858,.T.);
#860=CARTESIAN_POINT('',(289.875,-60.04375,6.));
#861=VERTEX_POINT('',#860);
#862=CARTESIAN_POINT('',(289.375,-60.04375,6.));
#863=DIRECTION('',(-0.,-0.,-1.));
#864=DIRECTION('',(1.,0.,-0.));
#865=AXIS2_PLACEMENT_3D('',#862,#863,#864);
#866=CIRCLE('',#865,0.5);
#867=EDGE_CURVE('',#853,#861,#866,.T.);
#868=ORIENTED_EDGE('',*,*,#867,.T.);
#869=CARTESIAN_POINT('',(289.875,-89.04375,6.));
#870=VERTEX_POINT('',#869);
#871=CARTESIAN_POINT('',(289.875,-60.04375,6.));
#872=DIRECTION('',(0.,-1.,0.));
#873=VECTOR('',#872,29.);
#874=LINE('',#871,#873);
#875=EDGE_CURVE('',#861,#870,#874,.T.);
#876=ORIENTED_EDGE('',*,*,#875,.T.);
#877=CARTESIAN_POINT('',(289.375,-89.54375,6.));
#878=VERTEX_POINT('',#877);
#879=CARTESIAN_POINT('',(289.375,-89.04375,6.));
#880=DIRECTION('',(-0.,-0.,-1.));
#881=DIRECTION('',(1.,0.,-0.));
#882=AXIS2_PLACEMENT_3D('',#879,#880,#881);
#883=CIRCLE('',#882,0.5);
#884=EDGE_CURVE('',#870,#878,#883,.T.);
#885=ORIENTED_EDGE('',*,*,#884,.T.);
#886=CARTESIAN_POINT('',(287.375,-89.54375,6.));
#887=VERTEX_POINT('',#886);
#888=CARTESIAN_POINT('',(289.375,-89.54375,6.));
#889=DIRECTION('',(-1.,0.,0.));
#890=VECTOR('',#889,2.);
#891=LINE('',#888,#890);
#892=EDGE_CURVE('',#878,#887,#891,.T.);
#893=ORIENTED_EDGE('',*,*,#892,.T.);
#894=CARTESIAN_POINT('',(286.875,-89.04375,6.));
#895=VERTEX_POINT('',#894);
#896=CARTESIAN_POINT('',(287.375,-89.04375,6.));
#897=DIRECTION('',(-0.,-0.,-1.));
#898=DIRECTION('',(1.,0.,-0.));
#899=AXIS2_PLACEMENT_3D('',#896,#897,#898);
#900=CIRCLE('',#899,0.5);
#901=EDGE_CURVE('',#887,#895,#900,.T.);
#902=ORIENTED_EDGE('',*,*,#901,.T.);
#903=CARTESIAN_POINT('',(286.875,-60.04375,6.));
#904=VERTEX_POINT('',#903);
#905=CARTESIAN_POINT('',(286.875,-89.04375,6.));
#906=DIRECTION('',(0.,1.,0.));
#907=VECTOR('',#906,29.);
#908=LINE('',#905,#907);
#909=EDGE_CURVE('',#895,#904,#908,.T.);
#910=ORIENTED_EDGE('',*,*,#909,.T.);
#911=CARTESIAN_POINT('',(287.375,-60.04375,6.));
#912=DIRECTION('',(-0.,-0.,-1.));
#913=DIRECTION('',(1.,0.,-0.));
#914=AXIS2_PLACEMENT_3D('',#911,#912,#913);
#915=CIRCLE('',#914,0.5);
#916=EDGE_CURVE('',#904,#851,#915,.T.);
#917=ORIENTED_EDGE('',*,*,#916,.T.);
#918=EDGE_LOOP('',(#859,#868,#876,#885,#893,#902,#910,#917));
#919=FACE_BOUND('',#918,.T.);
#920=CARTESIAN_POINT('',(195.3675,-99.275,6.));
#921=VERTEX_POINT('',#920);
#922=CARTESIAN_POINT('',(195.3675,-97.275,6.));
#923=VERTEX_POINT('',#922);
#924=CARTESIAN_POINT('',(195.3675,-99.275,6.));
#925=DIRECTION('',(0.,1.,0.));
#926=VECTOR('',#925,2.);
#927=LINE('',#924,#926);
#928=EDGE_CURVE('',#921,#923,#927,.T.);
#929=ORIENTED_EDGE('',*,*,#928,.T.);
#930=CARTESIAN_POINT('',(195.8675,-96.775,6.));
#931=VERTEX_POINT('',#930);
#932=CARTESIAN_POINT('',(195.8675,-97.275,6.));
#933=DIRECTION('',(-0.,-0.,-1.));
#934=DIRECTION('',(1.,0.,-0.));
#935=AXIS2_PLACEMENT_3D('',#932,#933,#934);
#936=CIRCLE('',#935,0.5);
#937=EDGE_CURVE('',#923,#931,#936,.T.);
#938=ORIENTED_EDGE('',*,*,#937,.T.);
#939=CARTESIAN_POINT('',(274.8675,-96.775,6.));
#940=VERTEX_POINT('',#939);
#941=CARTESIAN_POINT('',(195.8675,-96.775,6.));
#942=DIRECTION('',(1.,0.,-0.));
#943=VECTOR('',#942,79.);
#944=LINE('',#941,#943);
#945=EDGE_CURVE('',#931,#940,#944,.T.);
#946=ORIENTED_EDGE('',*,*,#945,.T.);
#947=CARTESIAN_POINT('',(275.3675,-97.275,6.));
#948=VERTEX_POINT('',#947);
#949=CARTESIAN_POINT('',(274.8675,-97.275,6.));
#950=DIRECTION('',(-0.,-0.,-1.));
#951=DIRECTION('',(1.,0.,-0.));
#952=AXIS2_PLACEMENT_3D('',#949,#950,#951);
#953=CIRCLE('',#952,0.5);
#954=EDGE_CURVE('',#940,#948,#953,.T.);
#955=ORIENTED_EDGE('',*,*,#954,.T.);
#956=CARTESIAN_POINT('',(275.3675,-99.275,6.));
#957=VERTEX_POINT('',#956);
#958=CARTESIAN_POINT('',(275.3675,-97.275,6.));
#959=DIRECTION('',(0.,-1.,0.));
#960=VECTOR('',#959,2.);
#961=LINE('',#958,#960);
#962=EDGE_CURVE('',#948,#957,#961,.T.);
#963=ORIENTED_EDGE('',*,*,#962,.T.);
#964=CARTESIAN_POINT('',(274.8675,-99.775,6.));
#965=VERTEX_POINT('',#964);
#966=CARTESIAN_POINT('',(274.8675,-99.275,6.));
#967=DIRECTION('',(-0.,-0.,-1.));
#968=DIRECTION('',(1.,0.,-0.));
#969=AXIS2_PLACEMENT_3D('',#966,#967,#968);
#970=CIRCLE('',#969,0.5);
#971=EDGE_CURVE('',#957,#965,#970,.T.);
#972=ORIENTED_EDGE('',*,*,#971,.T.);
#973=CARTESIAN_POINT('',(195.8675,-99.775,6.));
#974=VERTEX_POINT('',#973);
#975=CARTESIAN_POINT('',(274.8675,-99.775,6.));
#976=DIRECTION('',(-1.,0.,0.));
#977=VECTOR('',#976,79.);
#978=LINE('',#975,#977);
#979=EDGE_CURVE('',#965,#974,#978,.T.);
#980=ORIENTED_EDGE('',*,*,#979,.T.);
#981=CARTESIAN_POINT('',(195.8675,-99.275,6.));
#982=DIRECTION('',(-0.,-0.,-1.));
#983=DIRECTION('',(1.,0.,-0.));
#984=AXIS2_PLACEMENT_3D('',#981,#982,#983);
#985=CIRCLE('',#984,0.5);
#986=EDGE_CURVE('',#974,#921,#985,.T.);
#987=ORIENTED_EDGE('',*,*,#986,.T.);
#988=EDGE_LOOP('',(#929,#938,#946,#955,#963,#972,#980,#987));
#989=FACE_BOUND('',#988,.T.);
#990=CARTESIAN_POINT('',(289.375,-36.08125,6.));
#991=VERTEX_POINT('',#990);
#992=CARTESIAN_POINT('',(287.375,-36.08125,6.));
#993=VERTEX_POINT('',#992);
#994=CARTESIAN_POINT('',(289.375,-36.08125,6.));
#995=DIRECTION('',(-1.,0.,0.));
#996=VECTOR('',#995,2.);
#997=LINE('',#994,#996);
#998=EDGE_CURVE('',#991,#993,#997,.T.);
#999=ORIENTED_EDGE('',*,*,#998,.T.);
#1000=CARTESIAN_POINT('',(286.875,-35.58125,6.));
#1001=VERTEX_POINT('',#1000);
#1002=CARTESIAN_POINT('',(287.375,-35.58125,6.));
#1003=DIRECTION('',(-0.,-0.,-1.));
#1004=DIRECTION('',(1.,0.,-0.));
#1005=AXIS2_PLACEMENT_3D('',#1002,#1003,#1004);
#1006=CIRCLE('',#1005,0.5);
#1007=EDGE_CURVE('',#993,#1001,#1006,.T.);
#1008=ORIENTED_EDGE('',*,*,#1007,.T.);
#1009=CARTESIAN_POINT('',(286.875,-6.58125,6.));
#1010=VERTEX_POINT('',#1009);
#1011=CARTESIAN_POINT('',(286.875,-35.58125,6.));
#1012=DIRECTION('',(0.,1.,0.));
#1013=VECTOR('',#1012,29.);
#1014=LINE('',#1011,#1013);
#1015=EDGE_CURVE('',#1001,#1010,#1014,.T.);
#1016=ORIENTED_EDGE('',*,*,#1015,.T.);
#1017=CARTESIAN_POINT('',(287.375,-6.08125,6.));
#1018=VERTEX_POINT('',#1017);
#1019=CARTESIAN_POINT('',(287.375,-6.58125,6.));
#1020=DIRECTION('',(-0.,-0.,-1.));
#1021=DIRECTION('',(1.,0.,-0.));
#1022=AXIS2_PLACEMENT_3D('',#1019,#1020,#1021);
#1023=CIRCLE('',#1022,0.5);
#1024=EDGE_CURVE('',#1010,#1018,#1023,.T.);
#1025=ORIENTED_EDGE('',*,*,#1024,.T.);
#1026=CARTESIAN_POINT('',(289.375,-6.08125,6.));
#1027=VERTEX_POINT('',#1026);
#1028=CARTESIAN_POINT('',(287.375,-6.08125,6.));
#1029=DIRECTION('',(1.,0.,-0.));
#1030=VECTOR('',#1029,2.);
#1031=LINE('',#1028,#1030);
#1032=EDGE_CURVE('',#1018,#1027,#1031,.T.);
#1033=ORIENTED_EDGE('',*,*,#1032,.T.);
#1034=CARTESIAN_POINT('',(289.875,-6.58125,6.));
#1035=VERTEX_POINT('',#1034);
#1036=CARTESIAN_POINT('',(289.375,-6.58125,6.));
#1037=DIRECTION('',(-0.,-0.,-1.));
#1038=DIRECTION('',(1.,0.,-0.));
#1039=AXIS2_PLACEMENT_3D('',#1036,#1037,#1038);
#1040=CIRCLE('',#1039,0.5);
#1041=EDGE_CURVE('',#1027,#1035,#1040,.T.);
#1042=ORIENTED_EDGE('',*,*,#1041,.T.);
#1043=CARTESIAN_POINT('',(289.875,-35.58125,6.));
#1044=VERTEX_POINT('',#1043);
#1045=CARTESIAN_POINT('',(289.875,-6.58125,6.));
#1046=DIRECTION('',(0.,-1.,0.));
#1047=VECTOR('',#1046,29.);
#1048=LINE('',#1045,#1047);
#1049=EDGE_CURVE('',#1035,#1044,#1048,.T.);
#1050=ORIENTED_EDGE('',*,*,#1049,.T.);
#1051=CARTESIAN_POINT('',(289.375,-35.58125,6.));
#1052=DIRECTION('',(-0.,-0.,-1.));
#1053=DIRECTION('',(1.,0.,-0.));
#1054=AXIS2_PLACEMENT_3D('',#1051,#1052,#1053);
#1055=CIRCLE('',#1054,0.5);
#1056=EDGE_CURVE('',#1044,#991,#1055,.T.);
#1057=ORIENTED_EDGE('',*,*,#1056,.T.);
#1058=EDGE_LOOP('',(#999,#1008,#1016,#1025,#1033,#1042,#1050,#1057));
#1059=FACE_BOUND('',#1058,.T.);
#1060=CARTESIAN_POINT('',(195.3675,1.65,6.));
#1061=VERTEX_POINT('',#1060);
#1062=CARTESIAN_POINT('',(195.3675,3.65,6.));
#1063=VERTEX_POINT('',#1062);
#1064=CARTESIAN_POINT('',(195.3675,1.65,6.));
#1065=DIRECTION('',(0.,1.,0.));
#1066=VECTOR('',#1065,2.);
#1067=LINE('',#1064,#1066);
#1068=EDGE_CURVE('',#1061,#1063,#1067,.T.);
#1069=ORIENTED_EDGE('',*,*,#1068,.T.);
#1070=CARTESIAN_POINT('',(195.8675,4.15,6.));
#1071=VERTEX_POINT('',#1070);
#1072=CARTESIAN_POINT('',(195.8675,3.65,6.));
#1073=DIRECTION('',(-0.,-0.,-1.));
#1074=DIRECTION('',(1.,0.,-0.));
#1075=AXIS2_PLACEMENT_3D('',#1072,#1073,#1074);
#1076=CIRCLE('',#1075,0.5);
#1077=EDGE_CURVE('',#1063,#1071,#1076,.T.);
#1078=ORIENTED_EDGE('',*,*,#1077,.T.);
#1079=CARTESIAN_POINT('',(274.8675,4.15,6.));
#1080=VERTEX_POINT('',#1079);
#1081=CARTESIAN_POINT('',(195.8675,4.15,6.));
#1082=DIRECTION('',(1.,0.,-0.));
#1083=VECTOR('',#1082,79.);
#1084=LINE('',#1081,#1083);
#1085=EDGE_CURVE('',#1071,#1080,#1084,.T.);
#1086=ORIENTED_EDGE('',*,*,#1085,.T.);
#1087=CARTESIAN_POINT('',(275.3675,3.65,6.));
#1088=VERTEX_POINT('',#1087);
#1089=CARTESIAN_POINT('',(274.8675,3.65,6.));
#1090=DIRECTION('',(-0.,-0.,-1.));
#1091=DIRECTION('',(1.,0.,-0.));
#1092=AXIS2_PLACEMENT_3D('',#1089,#1090,#1091);
#1093=CIRCLE('',#1092,0.5);
#1094=EDGE_CURVE('',#1080,#1088,#1093,.T.);
#1095=ORIENTED_EDGE('',*,*,#1094,.T.);
#1096=CARTESIAN_POINT('',(275.3675,1.65,6.));
#1097=VERTEX_POINT('',#1096);
#1098=CARTESIAN_POINT('',(275.3675,3.65,6.));
#1099=DIRECTION('',(0.,-1.,0.));
#1100=VECTOR('',#1099,2.);
#1101=LINE('',#1098,#1100);
#1102=EDGE_CURVE('',#1088,#1097,#1101,.T.);
#1103=ORIENTED_EDGE('',*,*,#1102,.T.);
#1104=CARTESIAN_POINT('',(274.8675,1.15,6.));
#1105=VERTEX_POINT('',#1104);
#1106=CARTESIAN_POINT('',(274.8675,1.65,6.));
#1107=DIRECTION('',(-0.,-0.,-1.));
#1108=DIRECTION('',(1.,0.,-0.));
#1109=AXIS2_PLACEMENT_3D('',#1106,#1107,#1108);
#1110=CIRCLE('',#1109,0.5);
#1111=EDGE_CURVE('',#1097,#1105,#1110,.T.);
#1112=ORIENTED_EDGE('',*,*,#1111,.T.);
#1113=CARTESIAN_POINT('',(195.8675,1.15,6.));
#1114=VERTEX_POINT('',#1113);
#1115=CARTESIAN_POINT('',(274.8675,1.15,6.));
#1116=DIRECTION('',(-1.,0.,0.));
#1117=VECTOR('',#1116,79.);
#1118=LINE('',#1115,#1117);
#1119=EDGE_CURVE('',#1105,#1114,#1118,.T.);
#1120=ORIENTED_EDGE('',*,*,#1119,.T.);
#1121=CARTESIAN_POINT('',(195.8675,1.65,6.));
#1122=DIRECTION('',(-0.,-0.,-1.));
#1123=DIRECTION('',(1.,0.,-0.));
#1124=AXIS2_PLACEMENT_3D('',#1121,#1122,#1123);
#1125=CIRCLE('',#1124,0.5);
#1126=EDGE_CURVE('',#1114,#1061,#1125,.T.);
#1127=ORIENTED_EDGE('',*,*,#1126,.T.);
#1128=EDGE_LOOP('',(#1069,#1078,#1086,#1095,#1103,#1112,#1120,#1127));
#1129=FACE_BOUND('',#1128,.T.);
#1130=ADVANCED_FACE('',(#79,#99,#119,#139,#309,#379,#399,#419,#439,#509,#579,#649,#719,#789,#809,#829,#849,#919,#989,#1059,#1129),#59,.T.);
#1131=CARTESIAN_POINT('',(179.359375,-98.175,8.6));
#1132=DIRECTION('',(0.,0.,-1.));
#1133=DIRECTION('',(-1.,0.,0.));
#1134=AXIS2_PLACEMENT_3D('',#1131,#1132,#1133);
#1135=CYLINDRICAL_SURFACE('',#1134,1.3);
#1136=CARTESIAN_POINT('',(178.059375,-98.175,1.5));
#1137=VERTEX_POINT('',#1136);
#1138=CARTESIAN_POINT('',(178.059375,-98.175,1.5));
#1139=DIRECTION('',(-0.,-0.,1.));
#1140=VECTOR('',#1139,4.5);
#1141=LINE('',#1138,#1140);
#1142=EDGE_CURVE('',#1137,#101,#1141,.T.);
#1143=ORIENTED_EDGE('',*,*,#1142,.F.);
#1144=CARTESIAN_POINT('',(180.659375,-98.175,1.5));
#1145=VERTEX_POINT('',#1144);
#1146=CARTESIAN_POINT('',(179.359375,-98.175,1.5));
#1147=DIRECTION('',(-0.,-0.,-1.));
#1148=DIRECTION('',(1.,0.,-0.));
#1149=AXIS2_PLACEMENT_3D('',#1146,#1147,#1148);
#1150=CIRCLE('',#1149,1.3);
#1151=EDGE_CURVE('',#1137,#1145,#1150,.T.);
#1152=ORIENTED_EDGE('',*,*,#1151,.T.);
#1153=CARTESIAN_POINT('',(179.359375,-98.175,1.5));
#1154=DIRECTION('',(-0.,-0.,-1.));
#1155=DIRECTION('',(1.,0.,-0.));
#1156=AXIS2_PLACEMENT_3D('',#1153,#1154,#1155);
#1157=CIRCLE('',#1156,1.3);
#1158=EDGE_CURVE('',#1145,#1137,#1157,.T.);
#1159=ORIENTED_EDGE('',*,*,#1158,.T.);
#1160=ORIENTED_EDGE('',*,*,#1142,.T.);
#1161=ORIENTED_EDGE('',*,*,#109,.T.);
#1162=ORIENTED_EDGE('',*,*,#116,.T.);
#1163=EDGE_LOOP('',(#1143,#1152,#1159,#1160,#1161,#1162));
#1164=FACE_BOUND('',#1163,.T.);
#1165=ADVANCED_FACE('',(#1164),#1135,.F.);
#1166=CARTESIAN_POINT('',(179.359375,2.55,8.6));
#1167=DIRECTION('',(0.,0.,-1.));
#1168=DIRECTION('',(-1.,0.,0.));
#1169=AXIS2_PLACEMENT_3D('',#1166,#1167,#1168);
#1170=CYLINDRICAL_SURFACE('',#1169,1.3);
#1171=CARTESIAN_POINT('',(178.059375,2.55,1.5));
#1172=VERTEX_POINT('',#1171);
#1173=CARTESIAN_POINT('',(178.059375,2.55,1.5));
#1174=DIRECTION('',(-0.,-0.,1.));
#1175=VECTOR('',#1174,4.5);
#1176=LINE('',#1173,#1175);
#1177=EDGE_CURVE('',#1172,#61,#1176,.T.);
#1178=ORIENTED_EDGE('',*,*,#1177,.F.);
#1179=CARTESIAN_POINT('',(180.659375,2.55,1.5));
#1180=VERTEX_POINT('',#1179);
#1181=CARTESIAN_POINT('',(179.359375,2.55,1.5));
#1182=DIRECTION('',(-0.,-0.,-1.));
#1183=DIRECTION('',(1.,0.,-0.));
#1184=AXIS2_PLACEMENT_3D('',#1181,#1182,#1183);
#1185=CIRCLE('',#1184,1.3);
#1186=EDGE_CURVE('',#1172,#1180,#1185,.T.);
#1187=ORIENTED_EDGE('',*,*,#1186,.T.);
#1188=CARTESIAN_POINT('',(179.359375,2.55,1.5));
#1189=DIRECTION('',(-0.,-0.,-1.));
#1190=DIRECTION('',(1.,0.,-0.));
#1191=AXIS2_PLACEMENT_3D('',#1188,#1189,#1190);
#1192=CIRCLE('',#1191,1.3);
#1193=EDGE_CURVE('',#1180,#1172,#1192,.T.);
#1194=ORIENTED_EDGE('',*,*,#1193,.T.);
#1195=ORIENTED_EDGE('',*,*,#1177,.T.);
#1196=ORIENTED_EDGE('',*,*,#69,.T.);
#1197=ORIENTED_EDGE('',*,*,#76,.T.);
#1198=EDGE_LOOP('',(#1178,#1187,#1194,#1195,#1196,#1197));
#1199=FACE_BOUND('',#1198,.T.);
#1200=ADVANCED_FACE('',(#1199),#1170,.F.);
#1201=CARTESIAN_POINT('',(0.,-0.35,1.5));
#1202=DIRECTION('',(0.,0.,1.));
#1203=DIRECTION('',(1.,0.,0.));
#1204=AXIS2_PLACEMENT_3D('',#1201,#1202,#1203);
#1205=PLANE('',#1204);
#1206=CARTESIAN_POINT('',(107.315625,-98.175,1.5));
#1207=VERTEX_POINT('',#1206);
#1208=CARTESIAN_POINT('',(104.715625,-98.175,1.5));
#1209=VERTEX_POINT('',#1208);
#1210=CARTESIAN_POINT('',(106.015625,-98.175,1.5));
#1211=DIRECTION('',(0.,0.,1.));
#1212=DIRECTION('',(1.,0.,-0.));
#1213=AXIS2_PLACEMENT_3D('',#1210,#1211,#1212);
#1214=CIRCLE('',#1213,1.3);
#1215=EDGE_CURVE('',#1207,#1209,#1214,.T.);
#1216=ORIENTED_EDGE('',*,*,#1215,.T.);
#1217=CARTESIAN_POINT('',(106.015625,-98.175,1.5));
#1218=DIRECTION('',(0.,0.,1.));
#1219=DIRECTION('',(1.,0.,-0.));
#1220=AXIS2_PLACEMENT_3D('',#1217,#1218,#1219);
#1221=CIRCLE('',#1220,1.3);
#1222=EDGE_CURVE('',#1209,#1207,#1221,.T.);
#1223=ORIENTED_EDGE('',*,*,#1222,.T.);
#1224=EDGE_LOOP('',(#1216,#1223));
#1225=FACE_BOUND('',#1224,.T.);
#1226=ORIENTED_EDGE('',*,*,#1151,.F.);
#1227=ORIENTED_EDGE('',*,*,#1158,.F.);
#1228=EDGE_LOOP('',(#1226,#1227));
#1229=FACE_BOUND('',#1228,.T.);
#1230=ORIENTED_EDGE('',*,*,#1186,.F.);
#1231=ORIENTED_EDGE('',*,*,#1193,.F.);
#1232=EDGE_LOOP('',(#1230,#1231));
#1233=FACE_BOUND('',#1232,.T.);
#1234=CARTESIAN_POINT('',(104.715625,2.55,1.5));
#1235=VERTEX_POINT('',#1234);
#1236=CARTESIAN_POINT('',(107.315625,2.55,1.5));
#1237=VERTEX_POINT('',#1236);
#1238=CARTESIAN_POINT('',(106.015625,2.55,1.5));
#1239=DIRECTION('',(-0.,-0.,-1.));
#1240=DIRECTION('',(1.,0.,-0.));
#1241=AXIS2_PLACEMENT_3D('',#1238,#1239,#1240);
#1242=CIRCLE('',#1241,1.3);
#1243=EDGE_CURVE('',#1235,#1237,#1242,.T.);
#1244=ORIENTED_EDGE('',*,*,#1243,.F.);
#1245=CARTESIAN_POINT('',(106.015625,2.55,1.5));
#1246=DIRECTION('',(-0.,-0.,-1.));
#1247=DIRECTION('',(1.,0.,-0.));
#1248=AXIS2_PLACEMENT_3D('',#1245,#1246,#1247);
#1249=CIRCLE('',#1248,1.3);
#1250=EDGE_CURVE('',#1237,#1235,#1249,.T.);
#1251=ORIENTED_EDGE('',*,*,#1250,.F.);
#1252=EDGE_LOOP('',(#1244,#1251));
#1253=FACE_BOUND('',#1252,.T.);
#1254=CARTESIAN_POINT('',(290.775,-98.275,1.5));
#1255=VERTEX_POINT('',#1254);
#1256=CARTESIAN_POINT('',(288.375,-100.675,1.5));
#1257=VERTEX_POINT('',#1256);
#1258=CARTESIAN_POINT('',(288.375,-98.275,1.5));
#1259=DIRECTION('',(-0.,-0.,-1.));
#1260=DIRECTION('',(1.,0.,-0.));
#1261=AXIS2_PLACEMENT_3D('',#1258,#1259,#1260);
#1262=CIRCLE('',#1261,2.4);
#1263=EDGE_CURVE('',#1255,#1257,#1262,.T.);
#1264=ORIENTED_EDGE('',*,*,#1263,.T.);
#1265=CARTESIAN_POINT('',(-3.,-100.675,1.5));
#1266=VERTEX_POINT('',#1265);
#1267=CARTESIAN_POINT('',(288.375,-100.675,1.5));
#1268=DIRECTION('',(-1.,0.,0.));
#1269=VECTOR('',#1268,291.375);
#1270=LINE('',#1267,#1269);
#1271=EDGE_CURVE('',#1257,#1266,#1270,.T.);
#1272=ORIENTED_EDGE('',*,*,#1271,.T.);
#1273=CARTESIAN_POINT('',(-5.4,-98.275,1.5));
#1274=VERTEX_POINT('',#1273);
#1275=CARTESIAN_POINT('',(-3.,-98.275,1.5));
#1276=DIRECTION('',(-0.,-0.,-1.));
#1277=DIRECTION('',(1.,0.,-0.));
#1278=AXIS2_PLACEMENT_3D('',#1275,#1276,#1277);
#1279=CIRCLE('',#1278,2.4);
#1280=EDGE_CURVE('',#1266,#1274,#1279,.T.);
#1281=ORIENTED_EDGE('',*,*,#1280,.T.);
#1282=CARTESIAN_POINT('',(-5.4,2.65,1.5));
#1283=VERTEX_POINT('',#1282);
#1284=CARTESIAN_POINT('',(-5.4,-98.275,1.5));
#1285=DIRECTION('',(0.,1.,0.));
#1286=VECTOR('',#1285,100.925);
#1287=LINE('',#1284,#1286);
#1288=EDGE_CURVE('',#1274,#1283,#1287,.T.);
#1289=ORIENTED_EDGE('',*,*,#1288,.T.);
#1290=CARTESIAN_POINT('',(-3.,5.05,1.5));
#1291=VERTEX_POINT('',#1290);
#1292=CARTESIAN_POINT('',(-3.,2.65,1.5));
#1293=DIRECTION('',(-0.,-0.,-1.));
#1294=DIRECTION('',(1.,0.,-0.));
#1295=AXIS2_PLACEMENT_3D('',#1292,#1293,#1294);
#1296=CIRCLE('',#1295,2.4);
#1297=EDGE_CURVE('',#1283,#1291,#1296,.T.);
#1298=ORIENTED_EDGE('',*,*,#1297,.T.);
#1299=CARTESIAN_POINT('',(12.18,5.05,1.5));
#1300=VERTEX_POINT('',#1299);
#1301=CARTESIAN_POINT('',(-3.,5.05,1.5));
#1302=DIRECTION('',(1.,0.,-0.));
#1303=VECTOR('',#1302,15.18);
#1304=LINE('',#1301,#1303);
#1305=EDGE_CURVE('',#1291,#1300,#1304,.T.);
#1306=ORIENTED_EDGE('',*,*,#1305,.T.);
#1307=CARTESIAN_POINT('',(12.18,-10.5,1.5));
#1308=VERTEX_POINT('',#1307);
#1309=CARTESIAN_POINT('',(12.18,5.05,1.5));
#1310=DIRECTION('',(0.,-1.,0.));
#1311=VECTOR('',#1310,15.55);
#1312=LINE('',#1309,#1311);
#1313=EDGE_CURVE('',#1300,#1308,#1312,.T.);
#1314=ORIENTED_EDGE('',*,*,#1313,.T.);
#1315=CARTESIAN_POINT('',(24.58,-10.5,1.5));
#1316=VERTEX_POINT('',#1315);
#1317=CARTESIAN_POINT('',(12.18,-10.5,1.5));
#1318=DIRECTION('',(1.,0.,-0.));
#1319=VECTOR('',#1318,12.4);
#1320=LINE('',#1317,#1319);
#1321=EDGE_CURVE('',#1308,#1316,#1320,.T.);
#1322=ORIENTED_EDGE('',*,*,#1321,.T.);
#1323=CARTESIAN_POINT('',(24.58,5.05,1.5));
#1324=VERTEX_POINT('',#1323);
#1325=CARTESIAN_POINT('',(24.58,-10.5,1.5));
#1326=DIRECTION('',(0.,1.,0.));
#1327=VECTOR('',#1326,15.55);
#1328=LINE('',#1325,#1327);
#1329=EDGE_CURVE('',#1316,#1324,#1328,.T.);
#1330=ORIENTED_EDGE('',*,*,#1329,.T.);
#1331=CARTESIAN_POINT('',(288.375,5.05,1.5));
#1332=VERTEX_POINT('',#1331);
#1333=CARTESIAN_POINT('',(24.58,5.05,1.5));
#1334=DIRECTION('',(1.,0.,-0.));
#1335=VECTOR('',#1334,263.795);
#1336=LINE('',#1333,#1335);
#1337=EDGE_CURVE('',#1324,#1332,#1336,.T.);
#1338=ORIENTED_EDGE('',*,*,#1337,.T.);
#1339=CARTESIAN_POINT('',(290.775,2.65,1.5));
#1340=VERTEX_POINT('',#1339);
#1341=CARTESIAN_POINT('',(288.375,2.65,1.5));
#1342=DIRECTION('',(-0.,-0.,-1.));
#1343=DIRECTION('',(1.,0.,-0.));
#1344=AXIS2_PLACEMENT_3D('',#1341,#1342,#1343);
#1345=CIRCLE('',#1344,2.4);
#1346=EDGE_CURVE('',#1332,#1340,#1345,.T.);
#1347=ORIENTED_EDGE('',*,*,#1346,.T.);
#1348=CARTESIAN_POINT('',(290.775,2.65,1.5));
#1349=DIRECTION('',(0.,-1.,0.));
#1350=VECTOR('',#1349,100.925);
#1351=LINE('',#1348,#1350);
#1352=EDGE_CURVE('',#1340,#1255,#1351,.T.);
#1353=ORIENTED_EDGE('',*,*,#1352,.T.);
#1354=EDGE_LOOP('',(#1264,#1272,#1281,#1289,#1298,#1306,#1314,#1322,#1330,#1338,#1347,#1353));
#1355=FACE_BOUND('',#1354,.T.);
#1356=CARTESIAN_POINT('',(-4.2,-47.8125,1.5));
#1357=VERTEX_POINT('',#1356);
#1358=CARTESIAN_POINT('',(-1.6,-47.8125,1.5));
#1359=VERTEX_POINT('',#1358);
#1360=CARTESIAN_POINT('',(-2.9,-47.8125,1.5));
#1361=DIRECTION('',(-0.,-0.,-1.));
#1362=DIRECTION('',(1.,0.,-0.));
#1363=AXIS2_PLACEMENT_3D('',#1360,#1361,#1362);
#1364=CIRCLE('',#1363,1.3);
#1365=EDGE_CURVE('',#1357,#1359,#1364,.T.);
#1366=ORIENTED_EDGE('',*,*,#1365,.F.);
#1367=CARTESIAN_POINT('',(-2.9,-47.8125,1.5));
#1368=DIRECTION('',(-0.,-0.,-1.));
#1369=DIRECTION('',(1.,0.,-0.));
#1370=AXIS2_PLACEMENT_3D('',#1367,#1368,#1369);
#1371=CIRCLE('',#1370,1.3);
#1372=EDGE_CURVE('',#1359,#1357,#1371,.T.);
#1373=ORIENTED_EDGE('',*,*,#1372,.F.);
#1374=EDGE_LOOP('',(#1366,#1373));
#1375=FACE_BOUND('',#1374,.T.);
#1376=CARTESIAN_POINT('',(-3.3,-97.275,1.5));
#1377=VERTEX_POINT('',#1376);
#1378=CARTESIAN_POINT('',(-0.7,-97.275,1.5));
#1379=VERTEX_POINT('',#1378);
#1380=CARTESIAN_POINT('',(-2.,-97.275,1.5));
#1381=DIRECTION('',(-0.,-0.,-1.));
#1382=DIRECTION('',(1.,0.,-0.));
#1383=AXIS2_PLACEMENT_3D('',#1380,#1381,#1382);
#1384=CIRCLE('',#1383,1.3);
#1385=EDGE_CURVE('',#1377,#1379,#1384,.T.);
#1386=ORIENTED_EDGE('',*,*,#1385,.F.);
#1387=CARTESIAN_POINT('',(-2.,-97.275,1.5));
#1388=DIRECTION('',(-0.,-0.,-1.));
#1389=DIRECTION('',(1.,0.,-0.));
#1390=AXIS2_PLACEMENT_3D('',#1387,#1388,#1389);
#1391=CIRCLE('',#1390,1.3);
#1392=EDGE_CURVE('',#1379,#1377,#1391,.T.);
#1393=ORIENTED_EDGE('',*,*,#1392,.F.);
#1394=EDGE_LOOP('',(#1386,#1393));
#1395=FACE_BOUND('',#1394,.T.);
#1396=CARTESIAN_POINT('',(-3.3,1.65,1.5));
#1397=VERTEX_POINT('',#1396);
#1398=CARTESIAN_POINT('',(-0.7,1.65,1.5));
#1399=VERTEX_POINT('',#1398);
#1400=CARTESIAN_POINT('',(-2.,1.65,1.5));
#1401=DIRECTION('',(-0.,-0.,-1.));
#1402=DIRECTION('',(1.,0.,-0.));
#1403=AXIS2_PLACEMENT_3D('',#1400,#1401,#1402);
#1404=CIRCLE('',#1403,1.3);
#1405=EDGE_CURVE('',#1397,#1399,#1404,.T.);
#1406=ORIENTED_EDGE('',*,*,#1405,.F.);
#1407=CARTESIAN_POINT('',(-2.,1.65,1.5));
#1408=DIRECTION('',(-0.,-0.,-1.));
#1409=DIRECTION('',(1.,0.,-0.));
#1410=AXIS2_PLACEMENT_3D('',#1407,#1408,#1409);
#1411=CIRCLE('',#1410,1.3);
#1412=EDGE_CURVE('',#1399,#1397,#1411,.T.);
#1413=ORIENTED_EDGE('',*,*,#1412,.F.);
#1414=EDGE_LOOP('',(#1406,#1413));
#1415=FACE_BOUND('',#1414,.T.);
#1416=CARTESIAN_POINT('',(286.075,-97.275,1.5));
#1417=VERTEX_POINT('',#1416);
#1418=CARTESIAN_POINT('',(288.675,-97.275,1.5));
#1419=VERTEX_POINT('',#1418);
#1420=CARTESIAN_POINT('',(287.375,-97.275,1.5));
#1421=DIRECTION('',(-0.,-0.,-1.));
#1422=DIRECTION('',(1.,0.,-0.));
#1423=AXIS2_PLACEMENT_3D('',#1420,#1421,#1422);
#1424=CIRCLE('',#1423,1.3);
#1425=EDGE_CURVE('',#1417,#1419,#1424,.T.);
#1426=ORIENTED_EDGE('',*,*,#1425,.F.);
#1427=CARTESIAN_POINT('',(287.375,-97.275,1.5));
#1428=DIRECTION('',(-0.,-0.,-1.));
#1429=DIRECTION('',(1.,0.,-0.));
#1430=AXIS2_PLACEMENT_3D('',#1427,#1428,#1429);
#1431=CIRCLE('',#1430,1.3);
#1432=EDGE_CURVE('',#1419,#1417,#1431,.T.);
#1433=ORIENTED_EDGE('',*,*,#1432,.F.);
#1434=EDGE_LOOP('',(#1426,#1433));
#1435=FACE_BOUND('',#1434,.T.);
#1436=CARTESIAN_POINT('',(286.075,1.65,1.5));
#1437=VERTEX_POINT('',#1436);
#1438=CARTESIAN_POINT('',(288.675,1.65,1.5));
#1439=VERTEX_POINT('',#1438);
#1440=CARTESIAN_POINT('',(287.375,1.65,1.5));
#1441=DIRECTION('',(-0.,-0.,-1.));
#1442=DIRECTION('',(1.,0.,-0.));
#1443=AXIS2_PLACEMENT_3D('',#1440,#1441,#1442);
#1444=CIRCLE('',#1443,1.3);
#1445=EDGE_CURVE('',#1437,#1439,#1444,.T.);
#1446=ORIENTED_EDGE('',*,*,#1445,.F.);
#1447=CARTESIAN_POINT('',(287.375,1.65,1.5));
#1448=DIRECTION('',(-0.,-0.,-1.));
#1449=DIRECTION('',(1.,0.,-0.));
#1450=AXIS2_PLACEMENT_3D('',#1447,#1448,#1449);
#1451=CIRCLE('',#1450,1.3);
#1452=EDGE_CURVE('',#1439,#1437,#1451,.T.);
#1453=ORIENTED_EDGE('',*,*,#1452,.F.);
#1454=EDGE_LOOP('',(#1446,#1453));
#1455=FACE_BOUND('',#1454,.T.);
#1456=CARTESIAN_POINT('',(289.575,-47.8125,1.5));
#1457=VERTEX_POINT('',#1456);
#1458=CARTESIAN_POINT('',(286.975,-47.8125,1.5));
#1459=VERTEX_POINT('',#1458);
#1460=CARTESIAN_POINT('',(288.275,-47.8125,1.5));
#1461=DIRECTION('',(0.,0.,1.));
#1462=DIRECTION('',(1.,0.,-0.));
#1463=AXIS2_PLACEMENT_3D('',#1460,#1461,#1462);
#1464=CIRCLE('',#1463,1.3);
#1465=EDGE_CURVE('',#1457,#1459,#1464,.T.);
#1466=ORIENTED_EDGE('',*,*,#1465,.T.);
#1467=CARTESIAN_POINT('',(288.275,-47.8125,1.5));
#1468=DIRECTION('',(0.,0.,1.));
#1469=DIRECTION('',(1.,0.,-0.));
#1470=AXIS2_PLACEMENT_3D('',#1467,#1468,#1469);
#1471=CIRCLE('',#1470,1.3);
#1472=EDGE_CURVE('',#1459,#1457,#1471,.T.);
#1473=ORIENTED_EDGE('',*,*,#1472,.T.);
#1474=EDGE_LOOP('',(#1466,#1473));
#1475=FACE_BOUND('',#1474,.T.);
#1476=ADVANCED_FACE('',(#1225,#1229,#1233,#1253,#1355,#1375,#1395,#1415,#1435,#1455,#1475),#1205,.F.);
#1477=CARTESIAN_POINT('',(145.5,-82.5,2.));
#1478=DIRECTION('',(0.,-1.,0.));
#1479=DIRECTION('',(0.,0.,-1.));
#1480=AXIS2_PLACEMENT_3D('',#1477,#1478,#1479);
#1481=PLANE('',#1480);
#1482=CARTESIAN_POINT('',(139.5,-82.5,2.5));
#1483=VERTEX_POINT('',#1482);
#1484=CARTESIAN_POINT('',(151.5,-82.5,2.5));
#1485=VERTEX_POINT('',#1484);
#1486=CARTESIAN_POINT('',(139.5,-82.5,2.5));
#1487=DIRECTION('',(1.,0.,-0.));
#1488=VECTOR('',#1487,12.);
#1489=LINE('',#1486,#1488);
#1490=EDGE_CURVE('',#1483,#1485,#1489,.T.);
#1491=ORIENTED_EDGE('',*,*,#1490,.T.);
#1492=CARTESIAN_POINT('',(151.5,-82.5,4.5));
#1493=VERTEX_POINT('',#1492);
#1494=CARTESIAN_POINT('',(151.5,-82.5,2.5));
#1495=DIRECTION('',(0.,0.,1.));
#1496=VECTOR('',#1495,2.);
#1497=LINE('',#1494,#1496);
#1498=EDGE_CURVE('',#1485,#1493,#1497,.T.);
#1499=ORIENTED_EDGE('',*,*,#1498,.T.);
#1500=CARTESIAN_POINT('',(139.5,-82.5,4.5));
#1501=VERTEX_POINT('',#1500);
#1502=CARTESIAN_POINT('',(139.5,-82.5,4.5));
#1503=DIRECTION('',(1.,0.,-0.));
#1504=VECTOR('',#1503,12.);
#1505=LINE('',#1502,#1504);
#1506=EDGE_CURVE('',#1501,#1493,#1505,.T.);
#1507=ORIENTED_EDGE('',*,*,#1506,.F.);
#1508=CARTESIAN_POINT('',(139.5,-82.5,4.5));
#1509=DIRECTION('',(-0.,-0.,-1.));
#1510=VECTOR('',#1509,2.);
#1511=LINE('',#1508,#1510);
#1512=EDGE_CURVE('',#1501,#1483,#1511,.T.);
#1513=ORIENTED_EDGE('',*,*,#1512,.T.);
#1514=EDGE_LOOP('',(#1491,#1499,#1507,#1513));
#1515=FACE_BOUND('',#1514,.T.);
#1516=ADVANCED_FACE('',(#1515),#1481,.T.);
#1517=CARTESIAN_POINT('',(139.,-82.,2.));
#1518=DIRECTION('',(-1.,0.,0.));
#1519=DIRECTION('',(0.,0.,1.));
#1520=AXIS2_PLACEMENT_3D('',#1517,#1518,#1519);
#1521=PLANE('',#1520);
#1522=CARTESIAN_POINT('',(139.,-77.,4.5));
#1523=VERTEX_POINT('',#1522);
#1524=CARTESIAN_POINT('',(139.,-82.,4.5));
#1525=VERTEX_POINT('',#1524);
#1526=CARTESIAN_POINT('',(139.,-77.,4.5));
#1527=DIRECTION('',(0.,-1.,0.));
#1528=VECTOR('',#1527,5.);
#1529=LINE('',#1526,#1528);
#1530=EDGE_CURVE('',#1523,#1525,#1529,.T.);
#1531=ORIENTED_EDGE('',*,*,#1530,.F.);
#1532=CARTESIAN_POINT('',(139.,-77.,2.5));
#1533=VERTEX_POINT('',#1532);
#1534=CARTESIAN_POINT('',(139.,-77.,4.5));
#1535=DIRECTION('',(-0.,-0.,-1.));
#1536=VECTOR('',#1535,2.);
#1537=LINE('',#1534,#1536);
#1538=EDGE_CURVE('',#1523,#1533,#1537,.T.);
#1539=ORIENTED_EDGE('',*,*,#1538,.T.);
#1540=CARTESIAN_POINT('',(139.,-82.,2.5));
#1541=VERTEX_POINT('',#1540);
#1542=CARTESIAN_POINT('',(139.,-77.,2.5));
#1543=DIRECTION('',(0.,-1.,0.));
#1544=VECTOR('',#1543,5.);
#1545=LINE('',#1542,#1544);
#1546=EDGE_CURVE('',#1533,#1541,#1545,.T.);
#1547=ORIENTED_EDGE('',*,*,#1546,.T.);
#1548=CARTESIAN_POINT('',(139.,-82.,2.5));
#1549=DIRECTION('',(0.,0.,1.));
#1550=VECTOR('',#1549,2.);
#1551=LINE('',#1548,#1550);
#1552=EDGE_CURVE('',#1541,#1525,#1551,.T.);
#1553=ORIENTED_EDGE('',*,*,#1552,.T.);
#1554=EDGE_LOOP('',(#1531,#1539,#1547,#1553));
#1555=FACE_BOUND('',#1554,.T.);
#1556=ADVANCED_FACE('',(#1555),#1521,.T.);
#1557=CARTESIAN_POINT('',(0.,0.,2.5));
#1558=DIRECTION('',(0.,0.,1.));
#1559=DIRECTION('',(1.,0.,0.));
#1560=AXIS2_PLACEMENT_3D('',#1557,#1558,#1559);
#1561=PLANE('',#1560);
#1562=CARTESIAN_POINT('',(151.5,-94.,2.5));
#1563=VERTEX_POINT('',#1562);
#1564=CARTESIAN_POINT('',(122.,-94.,2.5));
#1565=VERTEX_POINT('',#1564);
#1566=CARTESIAN_POINT('',(151.5,-94.,2.5));
#1567=DIRECTION('',(-1.,0.,0.));
#1568=VECTOR('',#1567,29.5);
#1569=LINE('',#1566,#1568);
#1570=EDGE_CURVE('',#1563,#1565,#1569,.T.);
#1571=ORIENTED_EDGE('',*,*,#1570,.F.);
#1572=CARTESIAN_POINT('',(152.,-93.5,2.5));
#1573=VERTEX_POINT('',#1572);
#1574=CARTESIAN_POINT('',(151.5,-93.5,2.5));
#1575=DIRECTION('',(0.,0.,1.));
#1576=DIRECTION('',(1.,0.,-0.));
#1577=AXIS2_PLACEMENT_3D('',#1574,#1575,#1576);
#1578=CIRCLE('',#1577,0.5);
#1579=EDGE_CURVE('',#1563,#1573,#1578,.T.);
#1580=ORIENTED_EDGE('',*,*,#1579,.T.);
#1581=CARTESIAN_POINT('',(152.,-83.,2.5));
#1582=VERTEX_POINT('',#1581);
#1583=CARTESIAN_POINT('',(152.,-83.,2.5));
#1584=DIRECTION('',(0.,-1.,0.));
#1585=VECTOR('',#1584,10.5);
#1586=LINE('',#1583,#1585);
#1587=EDGE_CURVE('',#1582,#1573,#1586,.T.);
#1588=ORIENTED_EDGE('',*,*,#1587,.F.);
#1589=CARTESIAN_POINT('',(151.5,-83.,2.5));
#1590=DIRECTION('',(0.,0.,1.));
#1591=DIRECTION('',(1.,0.,-0.));
#1592=AXIS2_PLACEMENT_3D('',#1589,#1590,#1591);
#1593=CIRCLE('',#1592,0.5);
#1594=EDGE_CURVE('',#1582,#1485,#1593,.T.);
#1595=ORIENTED_EDGE('',*,*,#1594,.T.);
#1596=ORIENTED_EDGE('',*,*,#1490,.F.);
#1597=CARTESIAN_POINT('',(139.5,-82.,2.5));
#1598=DIRECTION('',(-0.,-0.,-1.));
#1599=DIRECTION('',(1.,0.,-0.));
#1600=AXIS2_PLACEMENT_3D('',#1597,#1598,#1599);
#1601=CIRCLE('',#1600,0.5);
#1602=EDGE_CURVE('',#1483,#1541,#1601,.T.);
#1603=ORIENTED_EDGE('',*,*,#1602,.T.);
#1604=ORIENTED_EDGE('',*,*,#1546,.F.);
#1605=CARTESIAN_POINT('',(138.5,-76.5,2.5));
#1606=VERTEX_POINT('',#1605);
#1607=CARTESIAN_POINT('',(138.5,-77.,2.5));
#1608=DIRECTION('',(0.,0.,1.));
#1609=DIRECTION('',(1.,0.,-0.));
#1610=AXIS2_PLACEMENT_3D('',#1607,#1608,#1609);
#1611=CIRCLE('',#1610,0.5);
#1612=EDGE_CURVE('',#1533,#1606,#1611,.T.);
#1613=ORIENTED_EDGE('',*,*,#1612,.T.);
#1614=CARTESIAN_POINT('',(122.,-76.5,2.5));
#1615=VERTEX_POINT('',#1614);
#1616=CARTESIAN_POINT('',(122.,-76.5,2.5));
#1617=DIRECTION('',(1.,0.,-0.));
#1618=VECTOR('',#1617,16.5);
#1619=LINE('',#1616,#1618);
#1620=EDGE_CURVE('',#1615,#1606,#1619,.T.);
#1621=ORIENTED_EDGE('',*,*,#1620,.F.);
#1622=CARTESIAN_POINT('',(122.,-94.,2.5));
#1623=DIRECTION('',(0.,1.,0.));
#1624=VECTOR('',#1623,17.5);
#1625=LINE('',#1622,#1624);
#1626=EDGE_CURVE('',#1565,#1615,#1625,.T.);
#1627=ORIENTED_EDGE('',*,*,#1626,.F.);
#1628=EDGE_LOOP('',(#1571,#1580,#1588,#1595,#1596,#1603,#1604,#1613,#1621,#1627));
#1629=FACE_BOUND('',#1628,.T.);
#1630=ADVANCED_FACE('',(#1629),#1561,.T.);
#1631=CARTESIAN_POINT('',(152.,-90.,2.));
#1632=DIRECTION('',(-1.,0.,0.));
#1633=DIRECTION('',(0.,0.,1.));
#1634=AXIS2_PLACEMENT_3D('',#1631,#1632,#1633);
#1635=PLANE('',#1634);
#1636=ORIENTED_EDGE('',*,*,#1587,.T.);
#1637=CARTESIAN_POINT('',(152.,-93.5,4.5));
#1638=VERTEX_POINT('',#1637);
#1639=CARTESIAN_POINT('',(152.,-93.5,2.5));
#1640=DIRECTION('',(0.,0.,1.));
#1641=VECTOR('',#1640,2.);
#1642=LINE('',#1639,#1641);
#1643=EDGE_CURVE('',#1573,#1638,#1642,.T.);
#1644=ORIENTED_EDGE('',*,*,#1643,.T.);
#1645=CARTESIAN_POINT('',(152.,-83.,4.5));
#1646=VERTEX_POINT('',#1645);
#1647=CARTESIAN_POINT('',(152.,-83.,4.5));
#1648=DIRECTION('',(0.,-1.,0.));
#1649=VECTOR('',#1648,10.5);
#1650=LINE('',#1647,#1649);
#1651=EDGE_CURVE('',#1646,#1638,#1650,.T.);
#1652=ORIENTED_EDGE('',*,*,#1651,.F.);
#1653=CARTESIAN_POINT('',(152.,-83.,4.5));
#1654=DIRECTION('',(-0.,-0.,-1.));
#1655=VECTOR('',#1654,2.);
#1656=LINE('',#1653,#1655);
#1657=EDGE_CURVE('',#1646,#1582,#1656,.T.);
#1658=ORIENTED_EDGE('',*,*,#1657,.T.);
#1659=EDGE_LOOP('',(#1636,#1644,#1652,#1658));
#1660=FACE_BOUND('',#1659,.T.);
#1661=ADVANCED_FACE('',(#1660),#1635,.T.);
#1662=CARTESIAN_POINT('',(122.,-82.,2.));
#1663=DIRECTION('',(1.,0.,0.));
#1664=DIRECTION('',(0.,0.,-1.));
#1665=AXIS2_PLACEMENT_3D('',#1662,#1663,#1664);
#1666=PLANE('',#1665);
#1667=CARTESIAN_POINT('',(122.,-76.5,3.));
#1668=VERTEX_POINT('',#1667);
#1669=CARTESIAN_POINT('',(122.,-76.5,2.5));
#1670=DIRECTION('',(0.,0.,1.));
#1671=VECTOR('',#1670,0.5);
#1672=LINE('',#1669,#1671);
#1673=EDGE_CURVE('',#1615,#1668,#1672,.T.);
#1674=ORIENTED_EDGE('',*,*,#1673,.T.);
#1675=CARTESIAN_POINT('',(122.,-94.,3.));
#1676=VERTEX_POINT('',#1675);
#1677=CARTESIAN_POINT('',(122.,-94.,3.));
#1678=DIRECTION('',(0.,1.,0.));
#1679=VECTOR('',#1678,17.5);
#1680=LINE('',#1677,#1679);
#1681=EDGE_CURVE('',#1676,#1668,#1680,.T.);
#1682=ORIENTED_EDGE('',*,*,#1681,.F.);
#1683=CARTESIAN_POINT('',(122.,-94.,2.5));
#1684=DIRECTION('',(0.,0.,1.));
#1685=VECTOR('',#1684,0.5);
#1686=LINE('',#1683,#1685);
#1687=EDGE_CURVE('',#1565,#1676,#1686,.T.);
#1688=ORIENTED_EDGE('',*,*,#1687,.F.);
#1689=ORIENTED_EDGE('',*,*,#1626,.T.);
#1690=EDGE_LOOP('',(#1674,#1682,#1688,#1689));
#1691=FACE_BOUND('',#1690,.T.);
#1692=ADVANCED_FACE('',(#1691),#1666,.T.);
#1693=CARTESIAN_POINT('',(0.,0.,3.));
#1694=DIRECTION('',(0.,0.,1.));
#1695=DIRECTION('',(1.,0.,0.));
#1696=AXIS2_PLACEMENT_3D('',#1693,#1694,#1695);
#1697=PLANE('',#1696);
#1698=CARTESIAN_POINT('',(86.5,-76.5,3.));
#1699=VERTEX_POINT('',#1698);
#1700=CARTESIAN_POINT('',(122.,-76.5,3.));
#1701=DIRECTION('',(-1.,0.,0.));
#1702=VECTOR('',#1701,35.5);
#1703=LINE('',#1700,#1702);
#1704=EDGE_CURVE('',#1668,#1699,#1703,.T.);
#1705=ORIENTED_EDGE('',*,*,#1704,.T.);
#1706=CARTESIAN_POINT('',(86.,-77.,3.));
#1707=VERTEX_POINT('',#1706);
#1708=CARTESIAN_POINT('',(86.5,-77.,3.));
#1709=DIRECTION('',(0.,0.,1.));
#1710=DIRECTION('',(1.,0.,-0.));
#1711=AXIS2_PLACEMENT_3D('',#1708,#1709,#1710);
#1712=CIRCLE('',#1711,0.5);
#1713=EDGE_CURVE('',#1699,#1707,#1712,.T.);
#1714=ORIENTED_EDGE('',*,*,#1713,.T.);
#1715=CARTESIAN_POINT('',(86.,-93.5,3.));
#1716=VERTEX_POINT('',#1715);
#1717=CARTESIAN_POINT('',(86.,-77.,3.));
#1718=DIRECTION('',(0.,-1.,0.));
#1719=VECTOR('',#1718,16.5);
#1720=LINE('',#1717,#1719);
#1721=EDGE_CURVE('',#1707,#1716,#1720,.T.);
#1722=ORIENTED_EDGE('',*,*,#1721,.T.);
#1723=CARTESIAN_POINT('',(86.5,-94.,3.));
#1724=VERTEX_POINT('',#1723);
#1725=CARTESIAN_POINT('',(86.5,-93.5,3.));
#1726=DIRECTION('',(0.,0.,1.));
#1727=DIRECTION('',(1.,0.,-0.));
#1728=AXIS2_PLACEMENT_3D('',#1725,#1726,#1727);
#1729=CIRCLE('',#1728,0.5);
#1730=EDGE_CURVE('',#1716,#1724,#1729,.T.);
#1731=ORIENTED_EDGE('',*,*,#1730,.T.);
#1732=CARTESIAN_POINT('',(122.,-94.,3.));
#1733=DIRECTION('',(-1.,0.,0.));
#1734=VECTOR('',#1733,35.5);
#1735=LINE('',#1732,#1734);
#1736=EDGE_CURVE('',#1676,#1724,#1735,.T.);
#1737=ORIENTED_EDGE('',*,*,#1736,.F.);
#1738=ORIENTED_EDGE('',*,*,#1681,.T.);
#1739=EDGE_LOOP('',(#1705,#1714,#1722,#1731,#1737,#1738));
#1740=FACE_BOUND('',#1739,.T.);
#1741=ADVANCED_FACE('',(#1740),#1697,.T.);
#1742=CARTESIAN_POINT('',(143.5,-94.,2.));
#1743=DIRECTION('',(0.,1.,0.));
#1744=DIRECTION('',(0.,0.,1.));
#1745=AXIS2_PLACEMENT_3D('',#1742,#1743,#1744);
#1746=PLANE('',#1745);
#1747=CARTESIAN_POINT('',(151.5,-94.,4.5));
#1748=VERTEX_POINT('',#1747);
#1749=CARTESIAN_POINT('',(86.5,-94.,4.5));
#1750=VERTEX_POINT('',#1749);
#1751=CARTESIAN_POINT('',(151.5,-94.,4.5));
#1752=DIRECTION('',(-1.,0.,0.));
#1753=VECTOR('',#1752,65.);
#1754=LINE('',#1751,#1753);
#1755=EDGE_CURVE('',#1748,#1750,#1754,.T.);
#1756=ORIENTED_EDGE('',*,*,#1755,.F.);
#1757=CARTESIAN_POINT('',(151.5,-94.,4.5));
#1758=DIRECTION('',(-0.,-0.,-1.));
#1759=VECTOR('',#1758,2.);
#1760=LINE('',#1757,#1759);
#1761=EDGE_CURVE('',#1748,#1563,#1760,.T.);
#1762=ORIENTED_EDGE('',*,*,#1761,.T.);
#1763=ORIENTED_EDGE('',*,*,#1570,.T.);
#1764=ORIENTED_EDGE('',*,*,#1687,.T.);
#1765=ORIENTED_EDGE('',*,*,#1736,.T.);
#1766=CARTESIAN_POINT('',(86.5,-94.,3.));
#1767=DIRECTION('',(0.,0.,1.));
#1768=VECTOR('',#1767,1.5);
#1769=LINE('',#1766,#1768);
#1770=EDGE_CURVE('',#1724,#1750,#1769,.T.);
#1771=ORIENTED_EDGE('',*,*,#1770,.T.);
#1772=EDGE_LOOP('',(#1756,#1762,#1763,#1764,#1765,#1771));
#1773=FACE_BOUND('',#1772,.T.);
#1774=ADVANCED_FACE('',(#1773),#1746,.T.);
#1775=CARTESIAN_POINT('',(130.5,-76.5,2.));
#1776=DIRECTION('',(0.,-1.,0.));
#1777=DIRECTION('',(0.,0.,-1.));
#1778=AXIS2_PLACEMENT_3D('',#1775,#1776,#1777);
#1779=PLANE('',#1778);
#1780=CARTESIAN_POINT('',(86.5,-76.5,4.5));
#1781=VERTEX_POINT('',#1780);
#1782=CARTESIAN_POINT('',(138.5,-76.5,4.5));
#1783=VERTEX_POINT('',#1782);
#1784=CARTESIAN_POINT('',(86.5,-76.5,4.5));
#1785=DIRECTION('',(1.,0.,-0.));
#1786=VECTOR('',#1785,52.);
#1787=LINE('',#1784,#1786);
#1788=EDGE_CURVE('',#1781,#1783,#1787,.T.);
#1789=ORIENTED_EDGE('',*,*,#1788,.F.);
#1790=CARTESIAN_POINT('',(86.5,-76.5,4.5));
#1791=DIRECTION('',(-0.,-0.,-1.));
#1792=VECTOR('',#1791,1.5);
#1793=LINE('',#1790,#1792);
#1794=EDGE_CURVE('',#1781,#1699,#1793,.T.);
#1795=ORIENTED_EDGE('',*,*,#1794,.T.);
#1796=ORIENTED_EDGE('',*,*,#1704,.F.);
#1797=ORIENTED_EDGE('',*,*,#1673,.F.);
#1798=ORIENTED_EDGE('',*,*,#1620,.T.);
#1799=CARTESIAN_POINT('',(138.5,-76.5,2.5));
#1800=DIRECTION('',(0.,0.,1.));
#1801=VECTOR('',#1800,2.);
#1802=LINE('',#1799,#1801);
#1803=EDGE_CURVE('',#1606,#1783,#1802,.T.);
#1804=ORIENTED_EDGE('',*,*,#1803,.T.);
#1805=EDGE_LOOP('',(#1789,#1795,#1796,#1797,#1798,#1804));
#1806=FACE_BOUND('',#1805,.T.);
#1807=ADVANCED_FACE('',(#1806),#1779,.T.);
#1808=CARTESIAN_POINT('',(2.094,-0.35,4.501885));
#1809=DIRECTION('',(0.,1.,0.));
#1810=DIRECTION('',(1.,0.,0.));
#1811=AXIS2_PLACEMENT_3D('',#1808,#1809,#1810);
#1812=PLANE('',#1811);
#1813=ORIENTED_EDGE('',*,*,#207,.T.);
#1814=CARTESIAN_POINT('',(25.78,-0.35,6.5));
#1815=VERTEX_POINT('',#1814);
#1816=CARTESIAN_POINT('',(26.28,-0.35,6.5));
#1817=DIRECTION('',(0.,1.,0.));
#1818=DIRECTION('',(0.,-0.,1.));
#1819=AXIS2_PLACEMENT_3D('',#1816,#1817,#1818);
#1820=CIRCLE('',#1819,0.5);
#1821=EDGE_CURVE('',#194,#1815,#1820,.T.);
#1822=ORIENTED_EDGE('',*,*,#1821,.T.);
#1823=CARTESIAN_POINT('',(25.78,-0.35,7.5));
#1824=VERTEX_POINT('',#1823);
#1825=CARTESIAN_POINT('',(25.78,-0.35,6.5));
#1826=DIRECTION('',(0.,0.,1.));
#1827=VECTOR('',#1826,1.);
#1828=LINE('',#1825,#1827);
#1829=EDGE_CURVE('',#1815,#1824,#1828,.T.);
#1830=ORIENTED_EDGE('',*,*,#1829,.T.);
#1831=CARTESIAN_POINT('',(25.28,-0.35,8.));
#1832=VERTEX_POINT('',#1831);
#1833=CARTESIAN_POINT('',(25.28,-0.35,7.5));
#1834=DIRECTION('',(-0.,-1.,-0.));
#1835=DIRECTION('',(0.,-0.,1.));
#1836=AXIS2_PLACEMENT_3D('',#1833,#1834,#1835);
#1837=CIRCLE('',#1836,0.5);
#1838=EDGE_CURVE('',#1824,#1832,#1837,.T.);
#1839=ORIENTED_EDGE('',*,*,#1838,.T.);
#1840=CARTESIAN_POINT('',(11.48,-0.35,8.));
#1841=VERTEX_POINT('',#1840);
#1842=CARTESIAN_POINT('',(11.48,-0.35,8.));
#1843=DIRECTION('',(1.,0.,-0.));
#1844=VECTOR('',#1843,13.8);
#1845=LINE('',#1842,#1844);
#1846=EDGE_CURVE('',#1841,#1832,#1845,.T.);
#1847=ORIENTED_EDGE('',*,*,#1846,.F.);
#1848=CARTESIAN_POINT('',(10.98,-0.35,7.5));
#1849=VERTEX_POINT('',#1848);
#1850=CARTESIAN_POINT('',(11.48,-0.35,7.5));
#1851=DIRECTION('',(-0.,-1.,-0.));
#1852=DIRECTION('',(0.,-0.,1.));
#1853=AXIS2_PLACEMENT_3D('',#1850,#1851,#1852);
#1854=CIRCLE('',#1853,0.5);
#1855=EDGE_CURVE('',#1841,#1849,#1854,.T.);
#1856=ORIENTED_EDGE('',*,*,#1855,.T.);
#1857=CARTESIAN_POINT('',(10.98,-0.35,6.5));
#1858=VERTEX_POINT('',#1857);
#1859=CARTESIAN_POINT('',(10.98,-0.35,6.5));
#1860=DIRECTION('',(0.,0.,1.));
#1861=VECTOR('',#1860,1.);
#1862=LINE('',#1859,#1861);
#1863=EDGE_CURVE('',#1858,#1849,#1862,.T.);
#1864=ORIENTED_EDGE('',*,*,#1863,.F.);
#1865=CARTESIAN_POINT('',(10.48,-0.35,6.5));
#1866=DIRECTION('',(0.,1.,0.));
#1867=DIRECTION('',(0.,-0.,1.));
#1868=AXIS2_PLACEMENT_3D('',#1865,#1866,#1867);
#1869=CIRCLE('',#1868,0.5);
#1870=EDGE_CURVE('',#1858,#270,#1869,.T.);
#1871=ORIENTED_EDGE('',*,*,#1870,.T.);
#1872=ORIENTED_EDGE('',*,*,#275,.T.);
#1873=CARTESIAN_POINT('',(1.75,-0.35,4.5));
#1874=VERTEX_POINT('',#1873);
#1875=CARTESIAN_POINT('',(1.75,-0.35,6.));
#1876=DIRECTION('',(-0.,-0.,-1.));
#1877=VECTOR('',#1876,1.5);
#1878=LINE('',#1875,#1877);
#1879=EDGE_CURVE('',#261,#1874,#1878,.T.);
#1880=ORIENTED_EDGE('',*,*,#1879,.T.);
#1881=CARTESIAN_POINT('',(12.78,-0.35,4.5));
#1882=VERTEX_POINT('',#1881);
#1883=CARTESIAN_POINT('',(1.75,-0.35,4.5));
#1884=DIRECTION('',(1.,0.,-0.));
#1885=VECTOR('',#1884,11.03);
#1886=LINE('',#1883,#1885);
#1887=EDGE_CURVE('',#1874,#1882,#1886,.T.);
#1888=ORIENTED_EDGE('',*,*,#1887,.T.);
#1889=CARTESIAN_POINT('',(14.78,-0.35,6.5));
#1890=VERTEX_POINT('',#1889);
#1891=CARTESIAN_POINT('',(14.78,-0.35,4.5));
#1892=DIRECTION('',(0.,1.,0.));
#1893=DIRECTION('',(0.,-0.,1.));
#1894=AXIS2_PLACEMENT_3D('',#1891,#1892,#1893);
#1895=CIRCLE('',#1894,2.);
#1896=EDGE_CURVE('',#1882,#1890,#1895,.T.);
#1897=ORIENTED_EDGE('',*,*,#1896,.T.);
#1898=CARTESIAN_POINT('',(21.98,-0.35,6.5));
#1899=VERTEX_POINT('',#1898);
#1900=CARTESIAN_POINT('',(14.78,-0.35,6.5));
#1901=DIRECTION('',(1.,0.,-0.));
#1902=VECTOR('',#1901,7.2);
#1903=LINE('',#1900,#1902);
#1904=EDGE_CURVE('',#1890,#1899,#1903,.T.);
#1905=ORIENTED_EDGE('',*,*,#1904,.T.);
#1906=CARTESIAN_POINT('',(23.98,-0.35,4.5));
#1907=VERTEX_POINT('',#1906);
#1908=CARTESIAN_POINT('',(21.98,-0.35,4.5));
#1909=DIRECTION('',(0.,1.,0.));
#1910=DIRECTION('',(0.,-0.,1.));
#1911=AXIS2_PLACEMENT_3D('',#1908,#1909,#1910);
#1912=CIRCLE('',#1911,2.);
#1913=EDGE_CURVE('',#1899,#1907,#1912,.T.);
#1914=ORIENTED_EDGE('',*,*,#1913,.T.);
#1915=CARTESIAN_POINT('',(283.625,-0.35,4.5));
#1916=VERTEX_POINT('',#1915);
#1917=CARTESIAN_POINT('',(23.98,-0.35,4.5));
#1918=DIRECTION('',(1.,0.,-0.));
#1919=VECTOR('',#1918,259.645);
#1920=LINE('',#1917,#1919);
#1921=EDGE_CURVE('',#1907,#1916,#1920,.T.);
#1922=ORIENTED_EDGE('',*,*,#1921,.T.);
#1923=CARTESIAN_POINT('',(283.625,-0.35,4.5));
#1924=DIRECTION('',(0.,0.,1.));
#1925=VECTOR('',#1924,1.5);
#1926=LINE('',#1923,#1925);
#1927=EDGE_CURVE('',#1916,#202,#1926,.T.);
#1928=ORIENTED_EDGE('',*,*,#1927,.T.);
#1929=EDGE_LOOP('',(#1813,#1822,#1830,#1839,#1847,#1856,#1864,#1871,#1872,#1880,#1888,#1897,#1905,#1914,#1922,#1928));
#1930=FACE_BOUND('',#1929,.T.);
#1931=ADVANCED_FACE('',(#1930),#1812,.F.);
#1932=CARTESIAN_POINT('',(-0.5,-0.5,2.5));
#1933=DIRECTION('',(0.,0.,1.));
#1934=DIRECTION('',(1.,0.,0.));
#1935=AXIS2_PLACEMENT_3D('',#1932,#1933,#1934);
#1936=PLANE('',#1935);
#1937=CARTESIAN_POINT('',(283.972674131,-17.484777525,2.5));
#1938=VERTEX_POINT('',#1937);
#1939=CARTESIAN_POINT('',(249.220469117,-17.484777525,2.5));
#1940=VERTEX_POINT('',#1939);
#1941=CARTESIAN_POINT('',(283.972674131,-17.484777525,2.5));
#1942=DIRECTION('',(-1.,0.,0.));
#1943=VECTOR('',#1942,34.752205014);
#1944=LINE('',#1941,#1943);
#1945=EDGE_CURVE('',#1938,#1940,#1944,.T.);
#1946=ORIENTED_EDGE('',*,*,#1945,.F.);
#1947=CARTESIAN_POINT('',(284.472674131,-16.984777525,2.5));
#1948=VERTEX_POINT('',#1947);
#1949=CARTESIAN_POINT('',(283.972674131,-16.984777525,2.5));
#1950=DIRECTION('',(0.,0.,1.));
#1951=DIRECTION('',(1.,0.,-0.));
#1952=AXIS2_PLACEMENT_3D('',#1949,#1950,#1951);
#1953=CIRCLE('',#1952,0.5);
#1954=EDGE_CURVE('',#1938,#1948,#1953,.T.);
#1955=ORIENTED_EDGE('',*,*,#1954,.T.);
#1956=CARTESIAN_POINT('',(284.472674131,-7.774787943,2.5));
#1957=VERTEX_POINT('',#1956);
#1958=CARTESIAN_POINT('',(284.472674131,-7.774787943,2.5));
#1959=DIRECTION('',(0.,-1.,0.));
#1960=VECTOR('',#1959,9.209989582);
#1961=LINE('',#1958,#1960);
#1962=EDGE_CURVE('',#1957,#1948,#1961,.T.);
#1963=ORIENTED_EDGE('',*,*,#1962,.F.);
#1964=CARTESIAN_POINT('',(283.972674131,-7.274787943,2.5));
#1965=VERTEX_POINT('',#1964);
#1966=CARTESIAN_POINT('',(283.972674131,-7.774787943,2.5));
#1967=DIRECTION('',(0.,0.,1.));
#1968=DIRECTION('',(1.,0.,-0.));
#1969=AXIS2_PLACEMENT_3D('',#1966,#1967,#1968);
#1970=CIRCLE('',#1969,0.5);
#1971=EDGE_CURVE('',#1957,#1965,#1970,.T.);
#1972=ORIENTED_EDGE('',*,*,#1971,.T.);
#1973=CARTESIAN_POINT('',(274.250811815,-7.274787943,2.5));
#1974=VERTEX_POINT('',#1973);
#1975=CARTESIAN_POINT('',(274.250811815,-7.274787943,2.5));
#1976=DIRECTION('',(1.,0.,-0.));
#1977=VECTOR('',#1976,9.721862316);
#1978=LINE('',#1975,#1977);
#1979=EDGE_CURVE('',#1974,#1965,#1978,.T.);
#1980=ORIENTED_EDGE('',*,*,#1979,.F.);
#1981=CARTESIAN_POINT('',(273.750811815,-6.774787943,2.5));
#1982=VERTEX_POINT('',#1981);
#1983=CARTESIAN_POINT('',(274.250811815,-6.774787943,2.5));
#1984=DIRECTION('',(-0.,-0.,-1.));
#1985=DIRECTION('',(1.,0.,-0.));
#1986=AXIS2_PLACEMENT_3D('',#1983,#1984,#1985);
#1987=CIRCLE('',#1986,0.5);
#1988=EDGE_CURVE('',#1974,#1982,#1987,.T.);
#1989=ORIENTED_EDGE('',*,*,#1988,.T.);
#1990=CARTESIAN_POINT('',(273.750811815,-2.4,2.5));
#1991=VERTEX_POINT('',#1990);
#1992=CARTESIAN_POINT('',(273.750811815,-2.4,2.5));
#1993=DIRECTION('',(0.,-1.,0.));
#1994=VECTOR('',#1993,4.374787943);
#1995=LINE('',#1992,#1994);
#1996=EDGE_CURVE('',#1991,#1982,#1995,.T.);
#1997=ORIENTED_EDGE('',*,*,#1996,.F.);
#1998=CARTESIAN_POINT('',(273.250811815,-1.9,2.5));
#1999=VERTEX_POINT('',#1998);
#2000=CARTESIAN_POINT('',(273.250811815,-2.4,2.5));
#2001=DIRECTION('',(0.,0.,1.));
#2002=DIRECTION('',(1.,0.,-0.));
#2003=AXIS2_PLACEMENT_3D('',#2000,#2001,#2002);
#2004=CIRCLE('',#2003,0.5);
#2005=EDGE_CURVE('',#1991,#1999,#2004,.T.);
#2006=ORIENTED_EDGE('',*,*,#2005,.T.);
#2007=CARTESIAN_POINT('',(39.5,-1.9,2.5));
#2008=VERTEX_POINT('',#2007);
#2009=CARTESIAN_POINT('',(39.5,-1.9,2.5));
#2010=DIRECTION('',(1.,0.,-0.));
#2011=VECTOR('',#2010,233.750811815);
#2012=LINE('',#2009,#2011);
#2013=EDGE_CURVE('',#2008,#1999,#2012,.T.);
#2014=ORIENTED_EDGE('',*,*,#2013,.F.);
#2015=CARTESIAN_POINT('',(39.,-2.4,2.5));
#2016=VERTEX_POINT('',#2015);
#2017=CARTESIAN_POINT('',(39.5,-2.4,2.5));
#2018=DIRECTION('',(0.,0.,1.));
#2019=DIRECTION('',(1.,0.,-0.));
#2020=AXIS2_PLACEMENT_3D('',#2017,#2018,#2019);
#2021=CIRCLE('',#2020,0.5);
#2022=EDGE_CURVE('',#2008,#2016,#2021,.T.);
#2023=ORIENTED_EDGE('',*,*,#2022,.T.);
#2024=CARTESIAN_POINT('',(39.,-12.115222475,2.5));
#2025=VERTEX_POINT('',#2024);
#2026=CARTESIAN_POINT('',(39.,-12.115222475,2.5));
#2027=DIRECTION('',(0.,1.,0.));
#2028=VECTOR('',#2027,9.715222475);
#2029=LINE('',#2026,#2028);
#2030=EDGE_CURVE('',#2025,#2016,#2029,.T.);
#2031=ORIENTED_EDGE('',*,*,#2030,.F.);
#2032=CARTESIAN_POINT('',(248.720469117,-12.115222475,2.5));
#2033=VERTEX_POINT('',#2032);
#2034=CARTESIAN_POINT('',(248.720469117,-12.115222475,2.5));
#2035=DIRECTION('',(-1.,0.,0.));
#2036=VECTOR('',#2035,209.720469117);
#2037=LINE('',#2034,#2036);
#2038=EDGE_CURVE('',#2033,#2025,#2037,.T.);
#2039=ORIENTED_EDGE('',*,*,#2038,.F.);
#2040=CARTESIAN_POINT('',(249.220469117,-12.615222475,2.5));
#2041=VERTEX_POINT('',#2040);
#2042=CARTESIAN_POINT('',(248.720469117,-12.615222475,2.5));
#2043=DIRECTION('',(-0.,-0.,-1.));
#2044=DIRECTION('',(1.,0.,-0.));
#2045=AXIS2_PLACEMENT_3D('',#2042,#2043,#2044);
#2046=CIRCLE('',#2045,0.5);
#2047=EDGE_CURVE('',#2033,#2041,#2046,.T.);
#2048=ORIENTED_EDGE('',*,*,#2047,.T.);
#2049=CARTESIAN_POINT('',(249.220469117,-17.484777525,2.5));
#2050=DIRECTION('',(0.,1.,0.));
#2051=VECTOR('',#2050,4.86955505);
#2052=LINE('',#2049,#2051);
#2053=EDGE_CURVE('',#1940,#2041,#2052,.T.);
#2054=ORIENTED_EDGE('',*,*,#2053,.F.);
#2055=EDGE_LOOP('',(#1946,#1955,#1963,#1972,#1980,#1989,#1997,#2006,#2014,#2023,#2031,#2039,#2048,#2054));
#2056=FACE_BOUND('',#2055,.T.);
#2057=ADVANCED_FACE('',(#2056),#1936,.T.);
#2058=CARTESIAN_POINT('',(0.,0.,3.));
#2059=DIRECTION('',(0.,0.,1.));
#2060=DIRECTION('',(1.,0.,0.));
#2061=AXIS2_PLACEMENT_3D('',#2058,#2059,#2060);
#2062=PLANE('',#2061);
#2063=CARTESIAN_POINT('',(249.220469117,-17.484777525,3.));
#2064=VERTEX_POINT('',#2063);
#2065=CARTESIAN_POINT('',(249.220469117,-12.615222475,3.));
#2066=VERTEX_POINT('',#2065);
#2067=CARTESIAN_POINT('',(249.220469117,-17.484777525,3.));
#2068=DIRECTION('',(0.,1.,0.));
#2069=VECTOR('',#2068,4.86955505);
#2070=LINE('',#2067,#2069);
#2071=EDGE_CURVE('',#2064,#2066,#2070,.T.);
#2072=ORIENTED_EDGE('',*,*,#2071,.T.);
#2073=CARTESIAN_POINT('',(248.720469117,-12.115222475,3.));
#2074=VERTEX_POINT('',#2073);
#2075=CARTESIAN_POINT('',(248.720469117,-12.615222475,3.));
#2076=DIRECTION('',(0.,0.,1.));
#2077=DIRECTION('',(1.,0.,-0.));
#2078=AXIS2_PLACEMENT_3D('',#2075,#2076,#2077);
#2079=CIRCLE('',#2078,0.5);
#2080=EDGE_CURVE('',#2066,#2074,#2079,.T.);
#2081=ORIENTED_EDGE('',*,*,#2080,.T.);
#2082=CARTESIAN_POINT('',(39.,-12.115222475,3.));
#2083=VERTEX_POINT('',#2082);
#2084=CARTESIAN_POINT('',(248.720469117,-12.115222475,3.));
#2085=DIRECTION('',(-1.,0.,0.));
#2086=VECTOR('',#2085,209.720469117);
#2087=LINE('',#2084,#2086);
#2088=EDGE_CURVE('',#2074,#2083,#2087,.T.);
#2089=ORIENTED_EDGE('',*,*,#2088,.T.);
#2090=CARTESIAN_POINT('',(39.,-16.984777525,3.));
#2091=VERTEX_POINT('',#2090);
#2092=CARTESIAN_POINT('',(39.,-12.115222475,3.));
#2093=DIRECTION('',(0.,-1.,0.));
#2094=VECTOR('',#2093,4.86955505);
#2095=LINE('',#2092,#2094);
#2096=EDGE_CURVE('',#2083,#2091,#2095,.T.);
#2097=ORIENTED_EDGE('',*,*,#2096,.T.);
#2098=CARTESIAN_POINT('',(39.5,-17.484777525,3.));
#2099=VERTEX_POINT('',#2098);
#2100=CARTESIAN_POINT('',(39.5,-16.984777525,3.));
#2101=DIRECTION('',(0.,0.,1.));
#2102=DIRECTION('',(1.,0.,-0.));
#2103=AXIS2_PLACEMENT_3D('',#2100,#2101,#2102);
#2104=CIRCLE('',#2103,0.5);
#2105=EDGE_CURVE('',#2091,#2099,#2104,.T.);
#2106=ORIENTED_EDGE('',*,*,#2105,.T.);
#2107=CARTESIAN_POINT('',(249.220469117,-17.484777525,3.));
#2108=DIRECTION('',(-1.,0.,0.));
#2109=VECTOR('',#2108,209.720469117);
#2110=LINE('',#2107,#2109);
#2111=EDGE_CURVE('',#2064,#2099,#2110,.T.);
#2112=ORIENTED_EDGE('',*,*,#2111,.F.);
#2113=EDGE_LOOP('',(#2072,#2081,#2089,#2097,#2106,#2112));
#2114=FACE_BOUND('',#2113,.T.);
#2115=ADVANCED_FACE('',(#2114),#2062,.T.);
#2116=CARTESIAN_POINT('',(266.596571624,-17.484777525,2.5));
#2117=DIRECTION('',(0.,1.,0.));
#2118=DIRECTION('',(0.,0.,1.));
#2119=AXIS2_PLACEMENT_3D('',#2116,#2117,#2118);
#2120=PLANE('',#2119);
#2121=CARTESIAN_POINT('',(283.972674131,-17.484777525,4.5));
#2122=VERTEX_POINT('',#2121);
#2123=CARTESIAN_POINT('',(39.5,-17.484777525,4.5));
#2124=VERTEX_POINT('',#2123);
#2125=CARTESIAN_POINT('',(283.972674131,-17.484777525,4.5));
#2126=DIRECTION('',(-1.,0.,0.));
#2127=VECTOR('',#2126,244.472674131);
#2128=LINE('',#2125,#2127);
#2129=EDGE_CURVE('',#2122,#2124,#2128,.T.);
#2130=ORIENTED_EDGE('',*,*,#2129,.F.);
#2131=CARTESIAN_POINT('',(283.972674131,-17.484777525,4.5));
#2132=DIRECTION('',(-0.,-0.,-1.));
#2133=VECTOR('',#2132,2.);
#2134=LINE('',#2131,#2133);
#2135=EDGE_CURVE('',#2122,#1938,#2134,.T.);
#2136=ORIENTED_EDGE('',*,*,#2135,.T.);
#2137=ORIENTED_EDGE('',*,*,#1945,.T.);
#2138=CARTESIAN_POINT('',(249.220469117,-17.484777525,2.5));
#2139=DIRECTION('',(0.,0.,1.));
#2140=VECTOR('',#2139,0.5);
#2141=LINE('',#2138,#2140);
#2142=EDGE_CURVE('',#1940,#2064,#2141,.T.);
#2143=ORIENTED_EDGE('',*,*,#2142,.T.);
#2144=ORIENTED_EDGE('',*,*,#2111,.T.);
#2145=CARTESIAN_POINT('',(39.5,-17.484777525,3.));
#2146=DIRECTION('',(0.,0.,1.));
#2147=VECTOR('',#2146,1.5);
#2148=LINE('',#2145,#2147);
#2149=EDGE_CURVE('',#2099,#2124,#2148,.T.);
#2150=ORIENTED_EDGE('',*,*,#2149,.T.);
#2151=EDGE_LOOP('',(#2130,#2136,#2137,#2143,#2144,#2150));
#2152=FACE_BOUND('',#2151,.T.);
#2153=ADVANCED_FACE('',(#2152),#2120,.T.);
#2154=CARTESIAN_POINT('',(155.875405908,-12.115222475,2.));
#2155=DIRECTION('',(0.,1.,0.));
#2156=DIRECTION('',(0.,0.,1.));
#2157=AXIS2_PLACEMENT_3D('',#2154,#2155,#2156);
#2158=PLANE('',#2157);
#2159=ORIENTED_EDGE('',*,*,#2088,.F.);
#2160=CARTESIAN_POINT('',(248.720469117,-12.115222475,3.));
#2161=DIRECTION('',(-0.,-0.,-1.));
#2162=VECTOR('',#2161,0.5);
#2163=LINE('',#2160,#2162);
#2164=EDGE_CURVE('',#2074,#2033,#2163,.T.);
#2165=ORIENTED_EDGE('',*,*,#2164,.T.);
#2166=ORIENTED_EDGE('',*,*,#2038,.T.);
#2167=CARTESIAN_POINT('',(39.,-12.115222475,2.5));
#2168=DIRECTION('',(0.,0.,1.));
#2169=VECTOR('',#2168,0.5);
#2170=LINE('',#2167,#2169);
#2171=EDGE_CURVE('',#2025,#2083,#2170,.T.);
#2172=ORIENTED_EDGE('',*,*,#2171,.T.);
#2173=EDGE_LOOP('',(#2159,#2165,#2166,#2172));
#2174=FACE_BOUND('',#2173,.T.);
#2175=ADVANCED_FACE('',(#2174),#2158,.T.);
#2176=CARTESIAN_POINT('',(156.375405908,-1.9,2.));
#2177=DIRECTION('',(0.,-1.,0.));
#2178=DIRECTION('',(0.,0.,-1.));
#2179=AXIS2_PLACEMENT_3D('',#2176,#2177,#2178);
#2180=PLANE('',#2179);
#2181=CARTESIAN_POINT('',(39.5,-1.9,4.5));
#2182=VERTEX_POINT('',#2181);
#2183=CARTESIAN_POINT('',(273.250811815,-1.9,4.5));
#2184=VERTEX_POINT('',#2183);
#2185=CARTESIAN_POINT('',(39.5,-1.9,4.5));
#2186=DIRECTION('',(1.,0.,-0.));
#2187=VECTOR('',#2186,233.750811815);
#2188=LINE('',#2185,#2187);
#2189=EDGE_CURVE('',#2182,#2184,#2188,.T.);
#2190=ORIENTED_EDGE('',*,*,#2189,.F.);
#2191=CARTESIAN_POINT('',(39.5,-1.9,4.5));
#2192=DIRECTION('',(-0.,-0.,-1.));
#2193=VECTOR('',#2192,2.);
#2194=LINE('',#2191,#2193);
#2195=EDGE_CURVE('',#2182,#2008,#2194,.T.);
#2196=ORIENTED_EDGE('',*,*,#2195,.T.);
#2197=ORIENTED_EDGE('',*,*,#2013,.T.);
#2198=CARTESIAN_POINT('',(273.250811815,-1.9,2.5));
#2199=DIRECTION('',(0.,0.,1.));
#2200=VECTOR('',#2199,2.);
#2201=LINE('',#2198,#2200);
#2202=EDGE_CURVE('',#1999,#2184,#2201,.T.);
#2203=ORIENTED_EDGE('',*,*,#2202,.T.);
#2204=EDGE_LOOP('',(#2190,#2196,#2197,#2203));
#2205=FACE_BOUND('',#2204,.T.);
#2206=ADVANCED_FACE('',(#2205),#2180,.T.);
#2207=CARTESIAN_POINT('',(-0.7,-1.35,4.5));
#2208=DIRECTION('',(0.,0.,1.));
#2209=DIRECTION('',(1.,0.,0.));
#2210=AXIS2_PLACEMENT_3D('',#2207,#2208,#2209);
#2211=PLANE('',#2210);
#2212=CARTESIAN_POINT('',(285.625,-2.35,4.5));
#2213=VERTEX_POINT('',#2212);
#2214=CARTESIAN_POINT('',(283.625,-2.35,4.5));
#2215=DIRECTION('',(0.,0.,1.));
#2216=DIRECTION('',(1.,0.,-0.));
#2217=AXIS2_PLACEMENT_3D('',#2214,#2215,#2216);
#2218=CIRCLE('',#2217,2.);
#2219=EDGE_CURVE('',#2213,#1916,#2218,.T.);
#2220=ORIENTED_EDGE('',*,*,#2219,.T.);
#2221=ORIENTED_EDGE('',*,*,#1921,.F.);
#2222=CARTESIAN_POINT('',(23.98,-6.9,4.5));
#2223=VERTEX_POINT('',#2222);
#2224=CARTESIAN_POINT('',(23.98,-6.9,4.5));
#2225=DIRECTION('',(0.,1.,0.));
#2226=VECTOR('',#2225,6.55);
#2227=LINE('',#2224,#2226);
#2228=EDGE_CURVE('',#2223,#1907,#2227,.T.);
#2229=ORIENTED_EDGE('',*,*,#2228,.F.);
#2230=CARTESIAN_POINT('',(31.8,-6.9,4.5));
#2231=VERTEX_POINT('',#2230);
#2232=CARTESIAN_POINT('',(23.98,-6.9,4.5));
#2233=DIRECTION('',(1.,0.,-0.));
#2234=VECTOR('',#2233,7.82);
#2235=LINE('',#2232,#2234);
#2236=EDGE_CURVE('',#2223,#2231,#2235,.T.);
#2237=ORIENTED_EDGE('',*,*,#2236,.T.);
#2238=CARTESIAN_POINT('',(31.8,-2.4,4.5));
#2239=VERTEX_POINT('',#2238);
#2240=CARTESIAN_POINT('',(31.8,-6.9,4.5));
#2241=DIRECTION('',(0.,1.,0.));
#2242=VECTOR('',#2241,4.5);
#2243=LINE('',#2240,#2242);
#2244=EDGE_CURVE('',#2231,#2239,#2243,.T.);
#2245=ORIENTED_EDGE('',*,*,#2244,.T.);
#2246=CARTESIAN_POINT('',(32.3,-1.9,4.5));
#2247=VERTEX_POINT('',#2246);
#2248=CARTESIAN_POINT('',(32.3,-2.4,4.5));
#2249=DIRECTION('',(-0.,-0.,-1.));
#2250=DIRECTION('',(1.,0.,-0.));
#2251=AXIS2_PLACEMENT_3D('',#2248,#2249,#2250);
#2252=CIRCLE('',#2251,0.5);
#2253=EDGE_CURVE('',#2239,#2247,#2252,.T.);
#2254=ORIENTED_EDGE('',*,*,#2253,.T.);
#2255=CARTESIAN_POINT('',(36.5,-1.9,4.5));
#2256=VERTEX_POINT('',#2255);
#2257=CARTESIAN_POINT('',(32.3,-1.9,4.5));
#2258=DIRECTION('',(1.,0.,-0.));
#2259=VECTOR('',#2258,4.2);
#2260=LINE('',#2257,#2259);
#2261=EDGE_CURVE('',#2247,#2256,#2260,.T.);
#2262=ORIENTED_EDGE('',*,*,#2261,.T.);
#2263=CARTESIAN_POINT('',(37.,-2.4,4.5));
#2264=VERTEX_POINT('',#2263);
#2265=CARTESIAN_POINT('',(36.5,-2.4,4.5));
#2266=DIRECTION('',(-0.,-0.,-1.));
#2267=DIRECTION('',(1.,0.,-0.));
#2268=AXIS2_PLACEMENT_3D('',#2265,#2266,#2267);
#2269=CIRCLE('',#2268,0.5);
#2270=EDGE_CURVE('',#2256,#2264,#2269,.T.);
#2271=ORIENTED_EDGE('',*,*,#2270,.T.);
#2272=CARTESIAN_POINT('',(37.,-17.,4.5));
#2273=VERTEX_POINT('',#2272);
#2274=CARTESIAN_POINT('',(37.,-2.4,4.5));
#2275=DIRECTION('',(0.,-1.,0.));
#2276=VECTOR('',#2275,14.6);
#2277=LINE('',#2274,#2276);
#2278=EDGE_CURVE('',#2264,#2273,#2277,.T.);
#2279=ORIENTED_EDGE('',*,*,#2278,.T.);
#2280=CARTESIAN_POINT('',(36.5,-17.5,4.5));
#2281=VERTEX_POINT('',#2280);
#2282=CARTESIAN_POINT('',(36.5,-17.,4.5));
#2283=DIRECTION('',(-0.,-0.,-1.));
#2284=DIRECTION('',(1.,0.,-0.));
#2285=AXIS2_PLACEMENT_3D('',#2282,#2283,#2284);
#2286=CIRCLE('',#2285,0.5);
#2287=EDGE_CURVE('',#2273,#2281,#2286,.T.);
#2288=ORIENTED_EDGE('',*,*,#2287,.T.);
#2289=CARTESIAN_POINT('',(2.5,-17.5,4.5));
#2290=VERTEX_POINT('',#2289);
#2291=CARTESIAN_POINT('',(36.5,-17.5,4.5));
#2292=DIRECTION('',(-1.,0.,0.));
#2293=VECTOR('',#2292,34.);
#2294=LINE('',#2291,#2293);
#2295=EDGE_CURVE('',#2281,#2290,#2294,.T.);
#2296=ORIENTED_EDGE('',*,*,#2295,.T.);
#2297=CARTESIAN_POINT('',(2.,-17.,4.5));
#2298=VERTEX_POINT('',#2297);
#2299=CARTESIAN_POINT('',(2.5,-17.,4.5));
#2300=DIRECTION('',(-0.,-0.,-1.));
#2301=DIRECTION('',(1.,0.,-0.));
#2302=AXIS2_PLACEMENT_3D('',#2299,#2300,#2301);
#2303=CIRCLE('',#2302,0.5);
#2304=EDGE_CURVE('',#2290,#2298,#2303,.T.);
#2305=ORIENTED_EDGE('',*,*,#2304,.T.);
#2306=CARTESIAN_POINT('',(2.,-2.4,4.5));
#2307=VERTEX_POINT('',#2306);
#2308=CARTESIAN_POINT('',(2.,-17.,4.5));
#2309=DIRECTION('',(0.,1.,0.));
#2310=VECTOR('',#2309,14.6);
#2311=LINE('',#2308,#2310);
#2312=EDGE_CURVE('',#2298,#2307,#2311,.T.);
#2313=ORIENTED_EDGE('',*,*,#2312,.T.);
#2314=CARTESIAN_POINT('',(2.5,-1.9,4.5));
#2315=VERTEX_POINT('',#2314);
#2316=CARTESIAN_POINT('',(2.5,-2.4,4.5));
#2317=DIRECTION('',(-0.,-0.,-1.));
#2318=DIRECTION('',(1.,0.,-0.));
#2319=AXIS2_PLACEMENT_3D('',#2316,#2317,#2318);
#2320=CIRCLE('',#2319,0.5);
#2321=EDGE_CURVE('',#2307,#2315,#2320,.T.);
#2322=ORIENTED_EDGE('',*,*,#2321,.T.);
#2323=CARTESIAN_POINT('',(6.5,-1.9,4.5));
#2324=VERTEX_POINT('',#2323);
#2325=CARTESIAN_POINT('',(2.5,-1.9,4.5));
#2326=DIRECTION('',(1.,0.,-0.));
#2327=VECTOR('',#2326,4.);
#2328=LINE('',#2325,#2327);
#2329=EDGE_CURVE('',#2315,#2324,#2328,.T.);
#2330=ORIENTED_EDGE('',*,*,#2329,.T.);
#2331=CARTESIAN_POINT('',(7.,-2.4,4.5));
#2332=VERTEX_POINT('',#2331);
#2333=CARTESIAN_POINT('',(6.5,-2.4,4.5));
#2334=DIRECTION('',(-0.,-0.,-1.));
#2335=DIRECTION('',(1.,0.,-0.));
#2336=AXIS2_PLACEMENT_3D('',#2333,#2334,#2335);
#2337=CIRCLE('',#2336,0.5);
#2338=EDGE_CURVE('',#2324,#2332,#2337,.T.);
#2339=ORIENTED_EDGE('',*,*,#2338,.T.);
#2340=CARTESIAN_POINT('',(7.,-6.9,4.5));
#2341=VERTEX_POINT('',#2340);
#2342=CARTESIAN_POINT('',(7.,-2.4,4.5));
#2343=DIRECTION('',(0.,-1.,0.));
#2344=VECTOR('',#2343,4.5);
#2345=LINE('',#2342,#2344);
#2346=EDGE_CURVE('',#2332,#2341,#2345,.T.);
#2347=ORIENTED_EDGE('',*,*,#2346,.T.);
#2348=CARTESIAN_POINT('',(12.78,-6.9,4.5));
#2349=VERTEX_POINT('',#2348);
#2350=CARTESIAN_POINT('',(7.,-6.9,4.5));
#2351=DIRECTION('',(1.,0.,-0.));
#2352=VECTOR('',#2351,5.78);
#2353=LINE('',#2350,#2352);
#2354=EDGE_CURVE('',#2341,#2349,#2353,.T.);
#2355=ORIENTED_EDGE('',*,*,#2354,.T.);
#2356=CARTESIAN_POINT('',(12.78,-6.9,4.5));
#2357=DIRECTION('',(0.,1.,0.));
#2358=VECTOR('',#2357,6.55);
#2359=LINE('',#2356,#2358);
#2360=EDGE_CURVE('',#2349,#1882,#2359,.T.);
#2361=ORIENTED_EDGE('',*,*,#2360,.T.);
#2362=ORIENTED_EDGE('',*,*,#1887,.F.);
#2363=CARTESIAN_POINT('',(-0.25,-2.35,4.5));
#2364=VERTEX_POINT('',#2363);
#2365=CARTESIAN_POINT('',(1.75,-2.35,4.5));
#2366=DIRECTION('',(0.,0.,1.));
#2367=DIRECTION('',(1.,0.,-0.));
#2368=AXIS2_PLACEMENT_3D('',#2365,#2366,#2367);
#2369=CIRCLE('',#2368,2.);
#2370=EDGE_CURVE('',#1874,#2364,#2369,.T.);
#2371=ORIENTED_EDGE('',*,*,#2370,.T.);
#2372=CARTESIAN_POINT('',(-0.25,-93.275,4.5));
#2373=VERTEX_POINT('',#2372);
#2374=CARTESIAN_POINT('',(-0.25,-93.275,4.5));
#2375=DIRECTION('',(0.,1.,0.));
#2376=VECTOR('',#2375,90.925);
#2377=LINE('',#2374,#2376);
#2378=EDGE_CURVE('',#2373,#2364,#2377,.T.);
#2379=ORIENTED_EDGE('',*,*,#2378,.F.);
#2380=CARTESIAN_POINT('',(1.75,-95.275,4.5));
#2381=VERTEX_POINT('',#2380);
#2382=CARTESIAN_POINT('',(1.75,-93.275,4.5));
#2383=DIRECTION('',(0.,0.,1.));
#2384=DIRECTION('',(1.,0.,-0.));
#2385=AXIS2_PLACEMENT_3D('',#2382,#2383,#2384);
#2386=CIRCLE('',#2385,2.);
#2387=EDGE_CURVE('',#2373,#2381,#2386,.T.);
#2388=ORIENTED_EDGE('',*,*,#2387,.T.);
#2389=CARTESIAN_POINT('',(283.625,-95.275,4.5));
#2390=VERTEX_POINT('',#2389);
#2391=CARTESIAN_POINT('',(283.625,-95.275,4.5));
#2392=DIRECTION('',(-1.,0.,0.));
#2393=VECTOR('',#2392,281.875);
#2394=LINE('',#2391,#2393);
#2395=EDGE_CURVE('',#2390,#2381,#2394,.T.);
#2396=ORIENTED_EDGE('',*,*,#2395,.F.);
#2397=CARTESIAN_POINT('',(285.625,-93.275,4.5));
#2398=VERTEX_POINT('',#2397);
#2399=CARTESIAN_POINT('',(283.625,-93.275,4.5));
#2400=DIRECTION('',(0.,0.,1.));
#2401=DIRECTION('',(1.,0.,-0.));
#2402=AXIS2_PLACEMENT_3D('',#2399,#2400,#2401);
#2403=CIRCLE('',#2402,2.);
#2404=EDGE_CURVE('',#2390,#2398,#2403,.T.);
#2405=ORIENTED_EDGE('',*,*,#2404,.T.);
#2406=CARTESIAN_POINT('',(285.625,-2.35,4.5));
#2407=DIRECTION('',(0.,-1.,0.));
#2408=VECTOR('',#2407,90.925);
#2409=LINE('',#2406,#2408);
#2410=EDGE_CURVE('',#2213,#2398,#2409,.T.);
#2411=ORIENTED_EDGE('',*,*,#2410,.F.);
#2412=EDGE_LOOP('',(#2220,#2221,#2229,#2237,#2245,#2254,#2262,#2271,#2279,#2288,#2296,#2305,#2313,#2322,#2330,#2339,#2347,#2355,#2361,#2362,#2371,#2379,#2388,#2396,#2405,#2411));
#2413=FACE_BOUND('',#2412,.T.);
#2414=CARTESIAN_POINT('',(273.750811815,-2.4,4.5));
#2415=VERTEX_POINT('',#2414);
#2416=CARTESIAN_POINT('',(273.750811815,-6.774787943,4.5));
#2417=VERTEX_POINT('',#2416);
#2418=CARTESIAN_POINT('',(273.750811815,-2.4,4.5));
#2419=DIRECTION('',(0.,-1.,0.));
#2420=VECTOR('',#2419,4.374787943);
#2421=LINE('',#2418,#2420);
#2422=EDGE_CURVE('',#2415,#2417,#2421,.T.);
#2423=ORIENTED_EDGE('',*,*,#2422,.T.);
#2424=CARTESIAN_POINT('',(274.250811815,-7.274787943,4.5));
#2425=VERTEX_POINT('',#2424);
#2426=CARTESIAN_POINT('',(274.250811815,-6.774787943,4.5));
#2427=DIRECTION('',(0.,0.,1.));
#2428=DIRECTION('',(1.,0.,-0.));
#2429=AXIS2_PLACEMENT_3D('',#2426,#2427,#2428);
#2430=CIRCLE('',#2429,0.5);
#2431=EDGE_CURVE('',#2417,#2425,#2430,.T.);
#2432=ORIENTED_EDGE('',*,*,#2431,.T.);
#2433=CARTESIAN_POINT('',(283.972674131,-7.274787943,4.5));
#2434=VERTEX_POINT('',#2433);
#2435=CARTESIAN_POINT('',(274.250811815,-7.274787943,4.5));
#2436=DIRECTION('',(1.,0.,-0.));
#2437=VECTOR('',#2436,9.721862316);
#2438=LINE('',#2435,#2437);
#2439=EDGE_CURVE('',#2425,#2434,#2438,.T.);
#2440=ORIENTED_EDGE('',*,*,#2439,.T.);
#2441=CARTESIAN_POINT('',(284.472674131,-7.774787943,4.5));
#2442=VERTEX_POINT('',#2441);
#2443=CARTESIAN_POINT('',(283.972674131,-7.774787943,4.5));
#2444=DIRECTION('',(-0.,-0.,-1.));
#2445=DIRECTION('',(1.,0.,-0.));
#2446=AXIS2_PLACEMENT_3D('',#2443,#2444,#2445);
#2447=CIRCLE('',#2446,0.5);
#2448=EDGE_CURVE('',#2434,#2442,#2447,.T.);
#2449=ORIENTED_EDGE('',*,*,#2448,.T.);
#2450=CARTESIAN_POINT('',(284.472674131,-16.984777525,4.5));
#2451=VERTEX_POINT('',#2450);
#2452=CARTESIAN_POINT('',(284.472674131,-7.774787943,4.5));
#2453=DIRECTION('',(0.,-1.,0.));
#2454=VECTOR('',#2453,9.209989582);
#2455=LINE('',#2452,#2454);
#2456=EDGE_CURVE('',#2442,#2451,#2455,.T.);
#2457=ORIENTED_EDGE('',*,*,#2456,.T.);
#2458=CARTESIAN_POINT('',(283.972674131,-16.984777525,4.5));
#2459=DIRECTION('',(-0.,-0.,-1.));
#2460=DIRECTION('',(1.,0.,-0.));
#2461=AXIS2_PLACEMENT_3D('',#2458,#2459,#2460);
#2462=CIRCLE('',#2461,0.5);
#2463=EDGE_CURVE('',#2451,#2122,#2462,.T.);
#2464=ORIENTED_EDGE('',*,*,#2463,.T.);
#2465=ORIENTED_EDGE('',*,*,#2129,.T.);
#2466=CARTESIAN_POINT('',(39.,-16.984777525,4.5));
#2467=VERTEX_POINT('',#2466);
#2468=CARTESIAN_POINT('',(39.5,-16.984777525,4.5));
#2469=DIRECTION('',(-0.,-0.,-1.));
#2470=DIRECTION('',(1.,0.,-0.));
#2471=AXIS2_PLACEMENT_3D('',#2468,#2469,#2470);
#2472=CIRCLE('',#2471,0.5);
#2473=EDGE_CURVE('',#2124,#2467,#2472,.T.);
#2474=ORIENTED_EDGE('',*,*,#2473,.T.);
#2475=CARTESIAN_POINT('',(39.,-2.4,4.5));
#2476=VERTEX_POINT('',#2475);
#2477=CARTESIAN_POINT('',(39.,-16.984777525,4.5));
#2478=DIRECTION('',(0.,1.,0.));
#2479=VECTOR('',#2478,14.584777525);
#2480=LINE('',#2477,#2479);
#2481=EDGE_CURVE('',#2467,#2476,#2480,.T.);
#2482=ORIENTED_EDGE('',*,*,#2481,.T.);
#2483=CARTESIAN_POINT('',(39.5,-2.4,4.5));
#2484=DIRECTION('',(-0.,-0.,-1.));
#2485=DIRECTION('',(1.,0.,-0.));
#2486=AXIS2_PLACEMENT_3D('',#2483,#2484,#2485);
#2487=CIRCLE('',#2486,0.5);
#2488=EDGE_CURVE('',#2476,#2182,#2487,.T.);
#2489=ORIENTED_EDGE('',*,*,#2488,.T.);
#2490=ORIENTED_EDGE('',*,*,#2189,.T.);
#2491=CARTESIAN_POINT('',(273.250811815,-2.4,4.5));
#2492=DIRECTION('',(-0.,-0.,-1.));
#2493=DIRECTION('',(1.,0.,-0.));
#2494=AXIS2_PLACEMENT_3D('',#2491,#2492,#2493);
#2495=CIRCLE('',#2494,0.5);
#2496=EDGE_CURVE('',#2184,#2415,#2495,.T.);
#2497=ORIENTED_EDGE('',*,*,#2496,.T.);
#2498=EDGE_LOOP('',(#2423,#2432,#2440,#2449,#2457,#2464,#2465,#2474,#2482,#2489,#2490,#2497));
#2499=FACE_BOUND('',#2498,.T.);
#2500=CARTESIAN_POINT('',(258.,-34.5,4.5));
#2501=VERTEX_POINT('',#2500);
#2502=CARTESIAN_POINT('',(258.,-21.5,4.5));
#2503=VERTEX_POINT('',#2502);
#2504=CARTESIAN_POINT('',(258.,-34.5,4.5));
#2505=DIRECTION('',(0.,1.,0.));
#2506=VECTOR('',#2505,13.);
#2507=LINE('',#2504,#2506);
#2508=EDGE_CURVE('',#2501,#2503,#2507,.T.);
#2509=ORIENTED_EDGE('',*,*,#2508,.F.);
#2510=CARTESIAN_POINT('',(257.5,-35.,4.5));
#2511=VERTEX_POINT('',#2510);
#2512=CARTESIAN_POINT('',(257.5,-34.5,4.5));
#2513=DIRECTION('',(-0.,-0.,-1.));
#2514=DIRECTION('',(1.,0.,-0.));
#2515=AXIS2_PLACEMENT_3D('',#2512,#2513,#2514);
#2516=CIRCLE('',#2515,0.5);
#2517=EDGE_CURVE('',#2501,#2511,#2516,.T.);
#2518=ORIENTED_EDGE('',*,*,#2517,.T.);
#2519=CARTESIAN_POINT('',(3.5,-35.,4.5));
#2520=VERTEX_POINT('',#2519);
#2521=CARTESIAN_POINT('',(3.5,-35.,4.5));
#2522=DIRECTION('',(1.,0.,-0.));
#2523=VECTOR('',#2522,254.);
#2524=LINE('',#2521,#2523);
#2525=EDGE_CURVE('',#2520,#2511,#2524,.T.);
#2526=ORIENTED_EDGE('',*,*,#2525,.F.);
#2527=CARTESIAN_POINT('',(3.,-34.5,4.5));
#2528=VERTEX_POINT('',#2527);
#2529=CARTESIAN_POINT('',(3.5,-34.5,4.5));
#2530=DIRECTION('',(-0.,-0.,-1.));
#2531=DIRECTION('',(1.,0.,-0.));
#2532=AXIS2_PLACEMENT_3D('',#2529,#2530,#2531);
#2533=CIRCLE('',#2532,0.5);
#2534=EDGE_CURVE('',#2520,#2528,#2533,.T.);
#2535=ORIENTED_EDGE('',*,*,#2534,.T.);
#2536=CARTESIAN_POINT('',(3.,-21.5,4.5));
#2537=VERTEX_POINT('',#2536);
#2538=CARTESIAN_POINT('',(3.,-34.5,4.5));
#2539=DIRECTION('',(0.,1.,0.));
#2540=VECTOR('',#2539,13.);
#2541=LINE('',#2538,#2540);
#2542=EDGE_CURVE('',#2528,#2537,#2541,.T.);
#2543=ORIENTED_EDGE('',*,*,#2542,.T.);
#2544=CARTESIAN_POINT('',(3.5,-21.,4.5));
#2545=VERTEX_POINT('',#2544);
#2546=CARTESIAN_POINT('',(3.5,-21.5,4.5));
#2547=DIRECTION('',(-0.,-0.,-1.));
#2548=DIRECTION('',(1.,0.,-0.));
#2549=AXIS2_PLACEMENT_3D('',#2546,#2547,#2548);
#2550=CIRCLE('',#2549,0.5);
#2551=EDGE_CURVE('',#2537,#2545,#2550,.T.);
#2552=ORIENTED_EDGE('',*,*,#2551,.T.);
#2553=CARTESIAN_POINT('',(257.5,-21.,4.5));
#2554=VERTEX_POINT('',#2553);
#2555=CARTESIAN_POINT('',(3.5,-21.,4.5));
#2556=DIRECTION('',(1.,0.,-0.));
#2557=VECTOR('',#2556,254.);
#2558=LINE('',#2555,#2557);
#2559=EDGE_CURVE('',#2545,#2554,#2558,.T.);
#2560=ORIENTED_EDGE('',*,*,#2559,.T.);
#2561=CARTESIAN_POINT('',(257.5,-21.5,4.5));
#2562=DIRECTION('',(-0.,-0.,-1.));
#2563=DIRECTION('',(1.,0.,-0.));
#2564=AXIS2_PLACEMENT_3D('',#2561,#2562,#2563);
#2565=CIRCLE('',#2564,0.5);
#2566=EDGE_CURVE('',#2554,#2503,#2565,.T.);
#2567=ORIENTED_EDGE('',*,*,#2566,.T.);
#2568=EDGE_LOOP('',(#2509,#2518,#2526,#2535,#2543,#2552,#2560,#2567));
#2569=FACE_BOUND('',#2568,.T.);
#2570=CARTESIAN_POINT('',(246.,-67.,4.5));
#2571=VERTEX_POINT('',#2570);
#2572=CARTESIAN_POINT('',(232.,-67.,4.5));
#2573=VERTEX_POINT('',#2572);
#2574=CARTESIAN_POINT('',(246.,-67.,4.5));
#2575=DIRECTION('',(-1.,0.,0.));
#2576=VECTOR('',#2575,14.);
#2577=LINE('',#2574,#2576);
#2578=EDGE_CURVE('',#2571,#2573,#2577,.T.);
#2579=ORIENTED_EDGE('',*,*,#2578,.F.);
#2580=CARTESIAN_POINT('',(246.5,-66.5,4.5));
#2581=VERTEX_POINT('',#2580);
#2582=CARTESIAN_POINT('',(246.,-66.5,4.5));
#2583=DIRECTION('',(0.,0.,1.));
#2584=DIRECTION('',(1.,0.,-0.));
#2585=AXIS2_PLACEMENT_3D('',#2582,#2583,#2584);
#2586=CIRCLE('',#2585,0.5);
#2587=EDGE_CURVE('',#2571,#2581,#2586,.T.);
#2588=ORIENTED_EDGE('',*,*,#2587,.T.);
#2589=CARTESIAN_POINT('',(246.5,-59.5,4.5));
#2590=VERTEX_POINT('',#2589);
#2591=CARTESIAN_POINT('',(246.5,-59.5,4.5));
#2592=DIRECTION('',(0.,-1.,0.));
#2593=VECTOR('',#2592,7.);
#2594=LINE('',#2591,#2593);
#2595=EDGE_CURVE('',#2590,#2581,#2594,.T.);
#2596=ORIENTED_EDGE('',*,*,#2595,.F.);
#2597=CARTESIAN_POINT('',(247.,-59.,4.5));
#2598=VERTEX_POINT('',#2597);
#2599=CARTESIAN_POINT('',(247.,-59.5,4.5));
#2600=DIRECTION('',(-0.,-0.,-1.));
#2601=DIRECTION('',(1.,0.,-0.));
#2602=AXIS2_PLACEMENT_3D('',#2599,#2600,#2601);
#2603=CIRCLE('',#2602,0.5);
#2604=EDGE_CURVE('',#2590,#2598,#2603,.T.);
#2605=ORIENTED_EDGE('',*,*,#2604,.T.);
#2606=CARTESIAN_POINT('',(284.,-59.,4.5));
#2607=VERTEX_POINT('',#2606);
#2608=CARTESIAN_POINT('',(284.,-59.,4.5));
#2609=DIRECTION('',(-1.,0.,0.));
#2610=VECTOR('',#2609,37.);
#2611=LINE('',#2608,#2610);
#2612=EDGE_CURVE('',#2607,#2598,#2611,.T.);
#2613=ORIENTED_EDGE('',*,*,#2612,.F.);
#2614=CARTESIAN_POINT('',(284.5,-59.5,4.5));
#2615=VERTEX_POINT('',#2614);
#2616=CARTESIAN_POINT('',(284.,-59.5,4.5));
#2617=DIRECTION('',(-0.,-0.,-1.));
#2618=DIRECTION('',(1.,0.,-0.));
#2619=AXIS2_PLACEMENT_3D('',#2616,#2617,#2618);
#2620=CIRCLE('',#2619,0.5);
#2621=EDGE_CURVE('',#2607,#2615,#2620,.T.);
#2622=ORIENTED_EDGE('',*,*,#2621,.T.);
#2623=CARTESIAN_POINT('',(284.5,-74.5,4.5));
#2624=VERTEX_POINT('',#2623);
#2625=CARTESIAN_POINT('',(284.5,-74.5,4.5));
#2626=DIRECTION('',(0.,1.,0.));
#2627=VECTOR('',#2626,15.);
#2628=LINE('',#2625,#2627);
#2629=EDGE_CURVE('',#2624,#2615,#2628,.T.);
#2630=ORIENTED_EDGE('',*,*,#2629,.F.);
#2631=CARTESIAN_POINT('',(284.,-75.,4.5));
#2632=VERTEX_POINT('',#2631);
#2633=CARTESIAN_POINT('',(284.,-74.5,4.5));
#2634=DIRECTION('',(-0.,-0.,-1.));
#2635=DIRECTION('',(1.,0.,-0.));
#2636=AXIS2_PLACEMENT_3D('',#2633,#2634,#2635);
#2637=CIRCLE('',#2636,0.5);
#2638=EDGE_CURVE('',#2624,#2632,#2637,.T.);
#2639=ORIENTED_EDGE('',*,*,#2638,.T.);
#2640=CARTESIAN_POINT('',(13.5,-75.,4.5));
#2641=VERTEX_POINT('',#2640);
#2642=CARTESIAN_POINT('',(13.5,-75.,4.5));
#2643=DIRECTION('',(1.,0.,-0.));
#2644=VECTOR('',#2643,270.5);
#2645=LINE('',#2642,#2644);
#2646=EDGE_CURVE('',#2641,#2632,#2645,.T.);
#2647=ORIENTED_EDGE('',*,*,#2646,.F.);
#2648=CARTESIAN_POINT('',(13.,-74.5,4.5));
#2649=VERTEX_POINT('',#2648);
#2650=CARTESIAN_POINT('',(13.5,-74.5,4.5));
#2651=DIRECTION('',(-0.,-0.,-1.));
#2652=DIRECTION('',(1.,0.,-0.));
#2653=AXIS2_PLACEMENT_3D('',#2650,#2651,#2652);
#2654=CIRCLE('',#2653,0.5);
#2655=EDGE_CURVE('',#2641,#2649,#2654,.T.);
#2656=ORIENTED_EDGE('',*,*,#2655,.T.);
#2657=CARTESIAN_POINT('',(13.,-70.5,4.5));
#2658=VERTEX_POINT('',#2657);
#2659=CARTESIAN_POINT('',(13.,-70.5,4.5));
#2660=DIRECTION('',(0.,-1.,0.));
#2661=VECTOR('',#2660,4.);
#2662=LINE('',#2659,#2661);
#2663=EDGE_CURVE('',#2658,#2649,#2662,.T.);
#2664=ORIENTED_EDGE('',*,*,#2663,.F.);
#2665=CARTESIAN_POINT('',(12.5,-70.,4.5));
#2666=VERTEX_POINT('',#2665);
#2667=CARTESIAN_POINT('',(12.5,-70.5,4.5));
#2668=DIRECTION('',(0.,0.,1.));
#2669=DIRECTION('',(1.,0.,-0.));
#2670=AXIS2_PLACEMENT_3D('',#2667,#2668,#2669);
#2671=CIRCLE('',#2670,0.5);
#2672=EDGE_CURVE('',#2658,#2666,#2671,.T.);
#2673=ORIENTED_EDGE('',*,*,#2672,.T.);
#2674=CARTESIAN_POINT('',(3.5,-70.,4.5));
#2675=VERTEX_POINT('',#2674);
#2676=CARTESIAN_POINT('',(3.5,-70.,4.5));
#2677=DIRECTION('',(1.,0.,-0.));
#2678=VECTOR('',#2677,9.);
#2679=LINE('',#2676,#2678);
#2680=EDGE_CURVE('',#2675,#2666,#2679,.T.);
#2681=ORIENTED_EDGE('',*,*,#2680,.F.);
#2682=CARTESIAN_POINT('',(3.,-69.5,4.5));
#2683=VERTEX_POINT('',#2682);
#2684=CARTESIAN_POINT('',(3.5,-69.5,4.5));
#2685=DIRECTION('',(-0.,-0.,-1.));
#2686=DIRECTION('',(1.,0.,-0.));
#2687=AXIS2_PLACEMENT_3D('',#2684,#2685,#2686);
#2688=CIRCLE('',#2687,0.5);
#2689=EDGE_CURVE('',#2675,#2683,#2688,.T.);
#2690=ORIENTED_EDGE('',*,*,#2689,.T.);
#2691=CARTESIAN_POINT('',(3.,-59.5,4.5));
#2692=VERTEX_POINT('',#2691);
#2693=CARTESIAN_POINT('',(3.,-59.5,4.5));
#2694=DIRECTION('',(0.,-1.,0.));
#2695=VECTOR('',#2694,10.);
#2696=LINE('',#2693,#2695);
#2697=EDGE_CURVE('',#2692,#2683,#2696,.T.);
#2698=ORIENTED_EDGE('',*,*,#2697,.F.);
#2699=CARTESIAN_POINT('',(3.5,-59.,4.5));
#2700=VERTEX_POINT('',#2699);
#2701=CARTESIAN_POINT('',(3.5,-59.5,4.5));
#2702=DIRECTION('',(-0.,-0.,-1.));
#2703=DIRECTION('',(1.,0.,-0.));
#2704=AXIS2_PLACEMENT_3D('',#2701,#2702,#2703);
#2705=CIRCLE('',#2704,0.5);
#2706=EDGE_CURVE('',#2692,#2700,#2705,.T.);
#2707=ORIENTED_EDGE('',*,*,#2706,.T.);
#2708=CARTESIAN_POINT('',(231.5,-59.,4.5));
#2709=VERTEX_POINT('',#2708);
#2710=CARTESIAN_POINT('',(231.5,-59.,4.5));
#2711=DIRECTION('',(-1.,0.,0.));
#2712=VECTOR('',#2711,228.);
#2713=LINE('',#2710,#2712);
#2714=EDGE_CURVE('',#2709,#2700,#2713,.T.);
#2715=ORIENTED_EDGE('',*,*,#2714,.F.);
#2716=CARTESIAN_POINT('',(232.,-59.5,4.5));
#2717=VERTEX_POINT('',#2716);
#2718=CARTESIAN_POINT('',(231.5,-59.5,4.5));
#2719=DIRECTION('',(-0.,-0.,-1.));
#2720=DIRECTION('',(1.,0.,-0.));
#2721=AXIS2_PLACEMENT_3D('',#2718,#2719,#2720);
#2722=CIRCLE('',#2721,0.5);
#2723=EDGE_CURVE('',#2709,#2717,#2722,.T.);
#2724=ORIENTED_EDGE('',*,*,#2723,.T.);
#2725=CARTESIAN_POINT('',(232.,-67.,4.5));
#2726=DIRECTION('',(0.,1.,0.));
#2727=VECTOR('',#2726,7.5);
#2728=LINE('',#2725,#2727);
#2729=EDGE_CURVE('',#2573,#2717,#2728,.T.);
#2730=ORIENTED_EDGE('',*,*,#2729,.F.);
#2731=EDGE_LOOP('',(#2579,#2588,#2596,#2605,#2613,#2622,#2630,#2639,#2647,#2656,#2664,#2673,#2681,#2690,#2698,#2707,#2715,#2724,#2730));
#2732=FACE_BOUND('',#2731,.T.);
#2733=ORIENTED_EDGE('',*,*,#1530,.T.);
#2734=CARTESIAN_POINT('',(139.5,-82.,4.5));
#2735=DIRECTION('',(0.,0.,1.));
#2736=DIRECTION('',(1.,0.,-0.));
#2737=AXIS2_PLACEMENT_3D('',#2734,#2735,#2736);
#2738=CIRCLE('',#2737,0.5);
#2739=EDGE_CURVE('',#1525,#1501,#2738,.T.);
#2740=ORIENTED_EDGE('',*,*,#2739,.T.);
#2741=ORIENTED_EDGE('',*,*,#1506,.T.);
#2742=CARTESIAN_POINT('',(151.5,-83.,4.5));
#2743=DIRECTION('',(-0.,-0.,-1.));
#2744=DIRECTION('',(1.,0.,-0.));
#2745=AXIS2_PLACEMENT_3D('',#2742,#2743,#2744);
#2746=CIRCLE('',#2745,0.5);
#2747=EDGE_CURVE('',#1493,#1646,#2746,.T.);
#2748=ORIENTED_EDGE('',*,*,#2747,.T.);
#2749=ORIENTED_EDGE('',*,*,#1651,.T.);
#2750=CARTESIAN_POINT('',(151.5,-93.5,4.5));
#2751=DIRECTION('',(-0.,-0.,-1.));
#2752=DIRECTION('',(1.,0.,-0.));
#2753=AXIS2_PLACEMENT_3D('',#2750,#2751,#2752);
#2754=CIRCLE('',#2753,0.5);
#2755=EDGE_CURVE('',#1638,#1748,#2754,.T.);
#2756=ORIENTED_EDGE('',*,*,#2755,.T.);
#2757=ORIENTED_EDGE('',*,*,#1755,.T.);
#2758=CARTESIAN_POINT('',(86.,-93.5,4.5));
#2759=VERTEX_POINT('',#2758);
#2760=CARTESIAN_POINT('',(86.5,-93.5,4.5));
#2761=DIRECTION('',(-0.,-0.,-1.));
#2762=DIRECTION('',(1.,0.,-0.));
#2763=AXIS2_PLACEMENT_3D('',#2760,#2761,#2762);
#2764=CIRCLE('',#2763,0.5);
#2765=EDGE_CURVE('',#1750,#2759,#2764,.T.);
#2766=ORIENTED_EDGE('',*,*,#2765,.T.);
#2767=CARTESIAN_POINT('',(86.,-77.,4.5));
#2768=VERTEX_POINT('',#2767);
#2769=CARTESIAN_POINT('',(86.,-77.,4.5));
#2770=DIRECTION('',(0.,-1.,0.));
#2771=VECTOR('',#2770,16.5);
#2772=LINE('',#2769,#2771);
#2773=EDGE_CURVE('',#2768,#2759,#2772,.T.);
#2774=ORIENTED_EDGE('',*,*,#2773,.F.);
#2775=CARTESIAN_POINT('',(86.5,-77.,4.5));
#2776=DIRECTION('',(-0.,-0.,-1.));
#2777=DIRECTION('',(1.,0.,-0.));
#2778=AXIS2_PLACEMENT_3D('',#2775,#2776,#2777);
#2779=CIRCLE('',#2778,0.5);
#2780=EDGE_CURVE('',#2768,#1781,#2779,.T.);
#2781=ORIENTED_EDGE('',*,*,#2780,.T.);
#2782=ORIENTED_EDGE('',*,*,#1788,.T.);
#2783=CARTESIAN_POINT('',(138.5,-77.,4.5));
#2784=DIRECTION('',(-0.,-0.,-1.));
#2785=DIRECTION('',(1.,0.,-0.));
#2786=AXIS2_PLACEMENT_3D('',#2783,#2784,#2785);
#2787=CIRCLE('',#2786,0.5);
#2788=EDGE_CURVE('',#1783,#1523,#2787,.T.);
#2789=ORIENTED_EDGE('',*,*,#2788,.T.);
#2790=EDGE_LOOP('',(#2733,#2740,#2741,#2748,#2749,#2756,#2757,#2766,#2774,#2781,#2782,#2789));
#2791=FACE_BOUND('',#2790,.T.);
#2792=CARTESIAN_POINT('',(3.5,-94.,4.5));
#2793=VERTEX_POINT('',#2792);
#2794=CARTESIAN_POINT('',(73.5,-94.,4.5));
#2795=VERTEX_POINT('',#2794);
#2796=CARTESIAN_POINT('',(3.5,-94.,4.5));
#2797=DIRECTION('',(1.,0.,-0.));
#2798=VECTOR('',#2797,70.);
#2799=LINE('',#2796,#2798);
#2800=EDGE_CURVE('',#2793,#2795,#2799,.T.);
#2801=ORIENTED_EDGE('',*,*,#2800,.F.);
#2802=CARTESIAN_POINT('',(3.,-93.5,4.5));
#2803=VERTEX_POINT('',#2802);
#2804=CARTESIAN_POINT('',(3.5,-93.5,4.5));
#2805=DIRECTION('',(-0.,-0.,-1.));
#2806=DIRECTION('',(1.,0.,-0.));
#2807=AXIS2_PLACEMENT_3D('',#2804,#2805,#2806);
#2808=CIRCLE('',#2807,0.5);
#2809=EDGE_CURVE('',#2793,#2803,#2808,.T.);
#2810=ORIENTED_EDGE('',*,*,#2809,.T.);
#2811=CARTESIAN_POINT('',(3.,-77.,4.5));
#2812=VERTEX_POINT('',#2811);
#2813=CARTESIAN_POINT('',(3.,-77.,4.5));
#2814=DIRECTION('',(0.,-1.,0.));
#2815=VECTOR('',#2814,16.5);
#2816=LINE('',#2813,#2815);
#2817=EDGE_CURVE('',#2812,#2803,#2816,.T.);
#2818=ORIENTED_EDGE('',*,*,#2817,.F.);
#2819=CARTESIAN_POINT('',(3.5,-76.5,4.5));
#2820=VERTEX_POINT('',#2819);
#2821=CARTESIAN_POINT('',(3.5,-77.,4.5));
#2822=DIRECTION('',(-0.,-0.,-1.));
#2823=DIRECTION('',(1.,0.,-0.));
#2824=AXIS2_PLACEMENT_3D('',#2821,#2822,#2823);
#2825=CIRCLE('',#2824,0.5);
#2826=EDGE_CURVE('',#2812,#2820,#2825,.T.);
#2827=ORIENTED_EDGE('',*,*,#2826,.T.);
#2828=CARTESIAN_POINT('',(73.5,-76.5,4.5));
#2829=VERTEX_POINT('',#2828);
#2830=CARTESIAN_POINT('',(73.5,-76.5,4.5));
#2831=DIRECTION('',(-1.,0.,0.));
#2832=VECTOR('',#2831,70.);
#2833=LINE('',#2830,#2832);
#2834=EDGE_CURVE('',#2829,#2820,#2833,.T.);
#2835=ORIENTED_EDGE('',*,*,#2834,.F.);
#2836=CARTESIAN_POINT('',(74.,-77.,4.5));
#2837=VERTEX_POINT('',#2836);
#2838=CARTESIAN_POINT('',(73.5,-77.,4.5));
#2839=DIRECTION('',(-0.,-0.,-1.));
#2840=DIRECTION('',(1.,0.,-0.));
#2841=AXIS2_PLACEMENT_3D('',#2838,#2839,#2840);
#2842=CIRCLE('',#2841,0.5);
#2843=EDGE_CURVE('',#2829,#2837,#2842,.T.);
#2844=ORIENTED_EDGE('',*,*,#2843,.T.);
#2845=CARTESIAN_POINT('',(74.,-93.5,4.5));
#2846=VERTEX_POINT('',#2845);
#2847=CARTESIAN_POINT('',(74.,-93.5,4.5));
#2848=DIRECTION('',(0.,1.,0.));
#2849=VECTOR('',#2848,16.5);
#2850=LINE('',#2847,#2849);
#2851=EDGE_CURVE('',#2846,#2837,#2850,.T.);
#2852=ORIENTED_EDGE('',*,*,#2851,.F.);
#2853=CARTESIAN_POINT('',(73.5,-93.5,4.5));
#2854=DIRECTION('',(-0.,-0.,-1.));
#2855=DIRECTION('',(1.,0.,-0.));
#2856=AXIS2_PLACEMENT_3D('',#2853,#2854,#2855);
#2857=CIRCLE('',#2856,0.5);
#2858=EDGE_CURVE('',#2846,#2795,#2857,.T.);
#2859=ORIENTED_EDGE('',*,*,#2858,.T.);
#2860=EDGE_LOOP('',(#2801,#2810,#2818,#2827,#2835,#2844,#2852,#2859));
#2861=FACE_BOUND('',#2860,.T.);
#2862=CARTESIAN_POINT('',(231.964975124,-76.5,4.5));
#2863=VERTEX_POINT('',#2862);
#2864=CARTESIAN_POINT('',(193.5,-76.5,4.5));
#2865=VERTEX_POINT('',#2864);
#2866=CARTESIAN_POINT('',(231.964975124,-76.5,4.5));
#2867=DIRECTION('',(-1.,0.,0.));
#2868=VECTOR('',#2867,38.464975124);
#2869=LINE('',#2866,#2868);
#2870=EDGE_CURVE('',#2863,#2865,#2869,.T.);
#2871=ORIENTED_EDGE('',*,*,#2870,.F.);
#2872=CARTESIAN_POINT('',(232.,-76.5,4.5));
#2873=VERTEX_POINT('',#2872);
#2874=CARTESIAN_POINT('',(232.,-76.5,4.5));
#2875=DIRECTION('',(-1.,0.,0.));
#2876=VECTOR('',#2875,0.035024876);
#2877=LINE('',#2874,#2876);
#2878=EDGE_CURVE('',#2873,#2863,#2877,.T.);
#2879=ORIENTED_EDGE('',*,*,#2878,.F.);
#2880=CARTESIAN_POINT('',(282.5,-76.5,4.5));
#2881=VERTEX_POINT('',#2880);
#2882=CARTESIAN_POINT('',(282.5,-76.5,4.5));
#2883=DIRECTION('',(-1.,0.,0.));
#2884=VECTOR('',#2883,50.5);
#2885=LINE('',#2882,#2884);
#2886=EDGE_CURVE('',#2881,#2873,#2885,.T.);
#2887=ORIENTED_EDGE('',*,*,#2886,.F.);
#2888=CARTESIAN_POINT('',(283.,-77.,4.5));
#2889=VERTEX_POINT('',#2888);
#2890=CARTESIAN_POINT('',(282.5,-77.,4.5));
#2891=DIRECTION('',(-0.,-0.,-1.));
#2892=DIRECTION('',(1.,0.,-0.));
#2893=AXIS2_PLACEMENT_3D('',#2890,#2891,#2892);
#2894=CIRCLE('',#2893,0.5);
#2895=EDGE_CURVE('',#2881,#2889,#2894,.T.);
#2896=ORIENTED_EDGE('',*,*,#2895,.T.);
#2897=CARTESIAN_POINT('',(283.,-93.5,4.5));
#2898=VERTEX_POINT('',#2897);
#2899=CARTESIAN_POINT('',(283.,-93.5,4.5));
#2900=DIRECTION('',(0.,1.,0.));
#2901=VECTOR('',#2900,16.5);
#2902=LINE('',#2899,#2901);
#2903=EDGE_CURVE('',#2898,#2889,#2902,.T.);
#2904=ORIENTED_EDGE('',*,*,#2903,.F.);
#2905=CARTESIAN_POINT('',(282.5,-94.,4.5));
#2906=VERTEX_POINT('',#2905);
#2907=CARTESIAN_POINT('',(282.5,-93.5,4.5));
#2908=DIRECTION('',(-0.,-0.,-1.));
#2909=DIRECTION('',(1.,0.,-0.));
#2910=AXIS2_PLACEMENT_3D('',#2907,#2908,#2909);
#2911=CIRCLE('',#2910,0.5);
#2912=EDGE_CURVE('',#2898,#2906,#2911,.T.);
#2913=ORIENTED_EDGE('',*,*,#2912,.T.);
#2914=CARTESIAN_POINT('',(193.5,-94.,4.5));
#2915=VERTEX_POINT('',#2914);
#2916=CARTESIAN_POINT('',(193.5,-94.,4.5));
#2917=DIRECTION('',(1.,0.,-0.));
#2918=VECTOR('',#2917,89.);
#2919=LINE('',#2916,#2918);
#2920=EDGE_CURVE('',#2915,#2906,#2919,.T.);
#2921=ORIENTED_EDGE('',*,*,#2920,.F.);
#2922=CARTESIAN_POINT('',(193.,-93.5,4.5));
#2923=VERTEX_POINT('',#2922);
#2924=CARTESIAN_POINT('',(193.5,-93.5,4.5));
#2925=DIRECTION('',(-0.,-0.,-1.));
#2926=DIRECTION('',(1.,0.,-0.));
#2927=AXIS2_PLACEMENT_3D('',#2924,#2925,#2926);
#2928=CIRCLE('',#2927,0.5);
#2929=EDGE_CURVE('',#2915,#2923,#2928,.T.);
#2930=ORIENTED_EDGE('',*,*,#2929,.T.);
#2931=CARTESIAN_POINT('',(193.,-77.,4.5));
#2932=VERTEX_POINT('',#2931);
#2933=CARTESIAN_POINT('',(193.,-77.,4.5));
#2934=DIRECTION('',(0.,-1.,0.));
#2935=VECTOR('',#2934,16.5);
#2936=LINE('',#2933,#2935);
#2937=EDGE_CURVE('',#2932,#2923,#2936,.T.);
#2938=ORIENTED_EDGE('',*,*,#2937,.F.);
#2939=CARTESIAN_POINT('',(193.5,-77.,4.5));
#2940=DIRECTION('',(-0.,-0.,-1.));
#2941=DIRECTION('',(1.,0.,-0.));
#2942=AXIS2_PLACEMENT_3D('',#2939,#2940,#2941);
#2943=CIRCLE('',#2942,0.5);
#2944=EDGE_CURVE('',#2932,#2865,#2943,.T.);
#2945=ORIENTED_EDGE('',*,*,#2944,.T.);
#2946=EDGE_LOOP('',(#2871,#2879,#2887,#2896,#2904,#2913,#2921,#2930,#2938,#2945));
#2947=FACE_BOUND('',#2946,.T.);
#2948=CARTESIAN_POINT('',(268.8,-47.,4.5));
#2949=VERTEX_POINT('',#2948);
#2950=CARTESIAN_POINT('',(278.5,-47.,4.5));
#2951=VERTEX_POINT('',#2950);
#2952=CARTESIAN_POINT('',(268.8,-47.,4.5));
#2953=DIRECTION('',(1.,0.,-0.));
#2954=VECTOR('',#2953,9.7);
#2955=LINE('',#2952,#2954);
#2956=EDGE_CURVE('',#2949,#2951,#2955,.T.);
#2957=ORIENTED_EDGE('',*,*,#2956,.F.);
#2958=CARTESIAN_POINT('',(268.8,-56.,4.5));
#2959=VERTEX_POINT('',#2958);
#2960=CARTESIAN_POINT('',(268.8,-56.,4.5));
#2961=DIRECTION('',(0.,1.,0.));
#2962=VECTOR('',#2961,9.);
#2963=LINE('',#2960,#2962);
#2964=EDGE_CURVE('',#2959,#2949,#2963,.T.);
#2965=ORIENTED_EDGE('',*,*,#2964,.F.);
#2966=CARTESIAN_POINT('',(268.3,-56.5,4.5));
#2967=VERTEX_POINT('',#2966);
#2968=CARTESIAN_POINT('',(268.3,-56.,4.5));
#2969=DIRECTION('',(-0.,-0.,-1.));
#2970=DIRECTION('',(1.,0.,-0.));
#2971=AXIS2_PLACEMENT_3D('',#2968,#2969,#2970);
#2972=CIRCLE('',#2971,0.5);
#2973=EDGE_CURVE('',#2959,#2967,#2972,.T.);
#2974=ORIENTED_EDGE('',*,*,#2973,.T.);
#2975=CARTESIAN_POINT('',(240.085735917,-56.5,4.5));
#2976=VERTEX_POINT('',#2975);
#2977=CARTESIAN_POINT('',(240.085735917,-56.5,4.5));
#2978=DIRECTION('',(1.,0.,-0.));
#2979=VECTOR('',#2978,28.214264083);
#2980=LINE('',#2977,#2979);
#2981=EDGE_CURVE('',#2976,#2967,#2980,.T.);
#2982=ORIENTED_EDGE('',*,*,#2981,.F.);
#2983=CARTESIAN_POINT('',(25.,-56.,4.5));
#2984=VERTEX_POINT('',#2983);
#2985=CARTESIAN_POINT('',(240.085735917,-56.5,4.5));
#2986=DIRECTION('',(-0.999997298,0.002324648,0.));
#2987=VECTOR('',#2986,215.08631708);
#2988=LINE('',#2985,#2987);
#2989=EDGE_CURVE('',#2976,#2984,#2988,.T.);
#2990=ORIENTED_EDGE('',*,*,#2989,.T.);
#2991=CARTESIAN_POINT('',(3.5,-56.,4.5));
#2992=VERTEX_POINT('',#2991);
#2993=CARTESIAN_POINT('',(3.5,-56.,4.5));
#2994=DIRECTION('',(1.,0.,-0.));
#2995=VECTOR('',#2994,21.5);
#2996=LINE('',#2993,#2995);
#2997=EDGE_CURVE('',#2992,#2984,#2996,.T.);
#2998=ORIENTED_EDGE('',*,*,#2997,.F.);
#2999=CARTESIAN_POINT('',(3.,-55.5,4.5));
#3000=VERTEX_POINT('',#2999);
#3001=CARTESIAN_POINT('',(3.5,-55.5,4.5));
#3002=DIRECTION('',(-0.,-0.,-1.));
#3003=DIRECTION('',(1.,0.,-0.));
#3004=AXIS2_PLACEMENT_3D('',#3001,#3002,#3003);
#3005=CIRCLE('',#3004,0.5);
#3006=EDGE_CURVE('',#2992,#3000,#3005,.T.);
#3007=ORIENTED_EDGE('',*,*,#3006,.T.);
#3008=CARTESIAN_POINT('',(3.,-40.5,4.5));
#3009=VERTEX_POINT('',#3008);
#3010=CARTESIAN_POINT('',(3.,-40.5,4.5));
#3011=DIRECTION('',(0.,-1.,0.));
#3012=VECTOR('',#3011,15.);
#3013=LINE('',#3010,#3012);
#3014=EDGE_CURVE('',#3009,#3000,#3013,.T.);
#3015=ORIENTED_EDGE('',*,*,#3014,.F.);
#3016=CARTESIAN_POINT('',(3.5,-40.,4.5));
#3017=VERTEX_POINT('',#3016);
#3018=CARTESIAN_POINT('',(3.5,-40.5,4.5));
#3019=DIRECTION('',(-0.,-0.,-1.));
#3020=DIRECTION('',(1.,0.,-0.));
#3021=AXIS2_PLACEMENT_3D('',#3018,#3019,#3020);
#3022=CIRCLE('',#3021,0.5);
#3023=EDGE_CURVE('',#3009,#3017,#3022,.T.);
#3024=ORIENTED_EDGE('',*,*,#3023,.T.);
#3025=CARTESIAN_POINT('',(266.,-40.,4.5));
#3026=VERTEX_POINT('',#3025);
#3027=CARTESIAN_POINT('',(266.,-40.,4.5));
#3028=DIRECTION('',(-1.,0.,0.));
#3029=VECTOR('',#3028,262.5);
#3030=LINE('',#3027,#3029);
#3031=EDGE_CURVE('',#3026,#3017,#3030,.T.);
#3032=ORIENTED_EDGE('',*,*,#3031,.F.);
#3033=CARTESIAN_POINT('',(266.,-20.5,4.5));
#3034=VERTEX_POINT('',#3033);
#3035=CARTESIAN_POINT('',(266.,-20.5,4.5));
#3036=DIRECTION('',(0.,-1.,0.));
#3037=VECTOR('',#3036,19.5);
#3038=LINE('',#3035,#3037);
#3039=EDGE_CURVE('',#3034,#3026,#3038,.T.);
#3040=ORIENTED_EDGE('',*,*,#3039,.F.);
#3041=CARTESIAN_POINT('',(266.5,-20.,4.5));
#3042=VERTEX_POINT('',#3041);
#3043=CARTESIAN_POINT('',(266.5,-20.5,4.5));
#3044=DIRECTION('',(-0.,-0.,-1.));
#3045=DIRECTION('',(1.,0.,-0.));
#3046=AXIS2_PLACEMENT_3D('',#3043,#3044,#3045);
#3047=CIRCLE('',#3046,0.5);
#3048=EDGE_CURVE('',#3034,#3042,#3047,.T.);
#3049=ORIENTED_EDGE('',*,*,#3048,.T.);
#3050=CARTESIAN_POINT('',(278.5,-20.,4.5));
#3051=VERTEX_POINT('',#3050);
#3052=CARTESIAN_POINT('',(278.5,-20.,4.5));
#3053=DIRECTION('',(-1.,0.,0.));
#3054=VECTOR('',#3053,12.);
#3055=LINE('',#3052,#3054);
#3056=EDGE_CURVE('',#3051,#3042,#3055,.T.);
#3057=ORIENTED_EDGE('',*,*,#3056,.F.);
#3058=CARTESIAN_POINT('',(279.,-20.5,4.5));
#3059=VERTEX_POINT('',#3058);
#3060=CARTESIAN_POINT('',(278.5,-20.5,4.5));
#3061=DIRECTION('',(-0.,-0.,-1.));
#3062=DIRECTION('',(1.,0.,-0.));
#3063=AXIS2_PLACEMENT_3D('',#3060,#3061,#3062);
#3064=CIRCLE('',#3063,0.5);
#3065=EDGE_CURVE('',#3051,#3059,#3064,.T.);
#3066=ORIENTED_EDGE('',*,*,#3065,.T.);
#3067=CARTESIAN_POINT('',(279.,-46.5,4.5));
#3068=VERTEX_POINT('',#3067);
#3069=CARTESIAN_POINT('',(279.,-46.5,4.5));
#3070=DIRECTION('',(0.,1.,0.));
#3071=VECTOR('',#3070,26.);
#3072=LINE('',#3069,#3071);
#3073=EDGE_CURVE('',#3068,#3059,#3072,.T.);
#3074=ORIENTED_EDGE('',*,*,#3073,.F.);
#3075=CARTESIAN_POINT('',(278.5,-46.5,4.5));
#3076=DIRECTION('',(-0.,-0.,-1.));
#3077=DIRECTION('',(1.,0.,-0.));
#3078=AXIS2_PLACEMENT_3D('',#3075,#3076,#3077);
#3079=CIRCLE('',#3078,0.5);
#3080=EDGE_CURVE('',#3068,#2951,#3079,.T.);
#3081=ORIENTED_EDGE('',*,*,#3080,.T.);
#3082=EDGE_LOOP('',(#2957,#2965,#2974,#2982,#2990,#2998,#3007,#3015,#3024,#3032,#3040,#3049,#3057,#3066,#3074,#3081));
#3083=FACE_BOUND('',#3082,.T.);
#3084=ADVANCED_FACE('',(#2413,#2499,#2569,#2732,#2791,#2861,#2947,#3083),#2211,.T.);
#3085=CARTESIAN_POINT('',(-2.,0.,2.5));
#3086=DIRECTION('',(0.,0.,1.));
#3087=DIRECTION('',(1.,0.,0.));
#3088=AXIS2_PLACEMENT_3D('',#3085,#3086,#3087);
#3089=PLANE('',#3088);
#3090=CARTESIAN_POINT('',(258.,-31.5,2.5));
#3091=VERTEX_POINT('',#3090);
#3092=CARTESIAN_POINT('',(258.,-21.5,2.5));
#3093=VERTEX_POINT('',#3092);
#3094=CARTESIAN_POINT('',(258.,-31.5,2.5));
#3095=DIRECTION('',(0.,1.,0.));
#3096=VECTOR('',#3095,10.);
#3097=LINE('',#3094,#3096);
#3098=EDGE_CURVE('',#3091,#3093,#3097,.T.);
#3099=ORIENTED_EDGE('',*,*,#3098,.T.);
#3100=CARTESIAN_POINT('',(257.5,-21.,2.5));
#3101=VERTEX_POINT('',#3100);
#3102=CARTESIAN_POINT('',(257.5,-21.5,2.5));
#3103=DIRECTION('',(0.,0.,1.));
#3104=DIRECTION('',(1.,0.,-0.));
#3105=AXIS2_PLACEMENT_3D('',#3102,#3103,#3104);
#3106=CIRCLE('',#3105,0.5);
#3107=EDGE_CURVE('',#3093,#3101,#3106,.T.);
#3108=ORIENTED_EDGE('',*,*,#3107,.T.);
#3109=CARTESIAN_POINT('',(3.5,-21.,2.5));
#3110=VERTEX_POINT('',#3109);
#3111=CARTESIAN_POINT('',(3.5,-21.,2.5));
#3112=DIRECTION('',(1.,0.,-0.));
#3113=VECTOR('',#3112,254.);
#3114=LINE('',#3111,#3113);
#3115=EDGE_CURVE('',#3110,#3101,#3114,.T.);
#3116=ORIENTED_EDGE('',*,*,#3115,.F.);
#3117=CARTESIAN_POINT('',(3.,-21.5,2.5));
#3118=VERTEX_POINT('',#3117);
#3119=CARTESIAN_POINT('',(3.5,-21.5,2.5));
#3120=DIRECTION('',(0.,0.,1.));
#3121=DIRECTION('',(1.,0.,-0.));
#3122=AXIS2_PLACEMENT_3D('',#3119,#3120,#3121);
#3123=CIRCLE('',#3122,0.5);
#3124=EDGE_CURVE('',#3110,#3118,#3123,.T.);
#3125=ORIENTED_EDGE('',*,*,#3124,.T.);
#3126=CARTESIAN_POINT('',(3.,-31.5,2.5));
#3127=VERTEX_POINT('',#3126);
#3128=CARTESIAN_POINT('',(3.,-31.5,2.5));
#3129=DIRECTION('',(0.,1.,0.));
#3130=VECTOR('',#3129,10.);
#3131=LINE('',#3128,#3130);
#3132=EDGE_CURVE('',#3127,#3118,#3131,.T.);
#3133=ORIENTED_EDGE('',*,*,#3132,.F.);
#3134=CARTESIAN_POINT('',(258.,-31.5,2.5));
#3135=DIRECTION('',(-1.,0.,0.));
#3136=VECTOR('',#3135,255.);
#3137=LINE('',#3134,#3136);
#3138=EDGE_CURVE('',#3091,#3127,#3137,.T.);
#3139=ORIENTED_EDGE('',*,*,#3138,.F.);
#3140=EDGE_LOOP('',(#3099,#3108,#3116,#3125,#3133,#3139));
#3141=FACE_BOUND('',#3140,.T.);
#3142=ADVANCED_FACE('',(#3141),#3089,.T.);
#3143=CARTESIAN_POINT('',(128.257132053,-21.,2.5));
#3144=DIRECTION('',(0.,-1.,0.));
#3145=DIRECTION('',(0.,0.,-1.));
#3146=AXIS2_PLACEMENT_3D('',#3143,#3144,#3145);
#3147=PLANE('',#3146);
#3148=ORIENTED_EDGE('',*,*,#3115,.T.);
#3149=CARTESIAN_POINT('',(257.5,-21.,2.5));
#3150=DIRECTION('',(0.,0.,1.));
#3151=VECTOR('',#3150,2.);
#3152=LINE('',#3149,#3151);
#3153=EDGE_CURVE('',#3101,#2554,#3152,.T.);
#3154=ORIENTED_EDGE('',*,*,#3153,.T.);
#3155=ORIENTED_EDGE('',*,*,#2559,.F.);
#3156=CARTESIAN_POINT('',(3.5,-21.,4.5));
#3157=DIRECTION('',(-0.,-0.,-1.));
#3158=VECTOR('',#3157,2.);
#3159=LINE('',#3156,#3158);
#3160=EDGE_CURVE('',#2545,#3110,#3159,.T.);
#3161=ORIENTED_EDGE('',*,*,#3160,.T.);
#3162=EDGE_LOOP('',(#3148,#3154,#3155,#3161));
#3163=FACE_BOUND('',#3162,.T.);
#3164=ADVANCED_FACE('',(#3163),#3147,.T.);
#3165=CARTESIAN_POINT('',(-2.,0.,3.));
#3166=DIRECTION('',(0.,0.,1.));
#3167=DIRECTION('',(1.,0.,0.));
#3168=AXIS2_PLACEMENT_3D('',#3165,#3166,#3167);
#3169=PLANE('',#3168);
#3170=CARTESIAN_POINT('',(3.,-31.5,3.));
#3171=VERTEX_POINT('',#3170);
#3172=CARTESIAN_POINT('',(3.,-34.5,3.));
#3173=VERTEX_POINT('',#3172);
#3174=CARTESIAN_POINT('',(3.,-31.5,3.));
#3175=DIRECTION('',(0.,-1.,0.));
#3176=VECTOR('',#3175,3.);
#3177=LINE('',#3174,#3176);
#3178=EDGE_CURVE('',#3171,#3173,#3177,.T.);
#3179=ORIENTED_EDGE('',*,*,#3178,.T.);
#3180=CARTESIAN_POINT('',(3.5,-35.,3.));
#3181=VERTEX_POINT('',#3180);
#3182=CARTESIAN_POINT('',(3.5,-34.5,3.));
#3183=DIRECTION('',(0.,0.,1.));
#3184=DIRECTION('',(1.,0.,-0.));
#3185=AXIS2_PLACEMENT_3D('',#3182,#3183,#3184);
#3186=CIRCLE('',#3185,0.5);
#3187=EDGE_CURVE('',#3173,#3181,#3186,.T.);
#3188=ORIENTED_EDGE('',*,*,#3187,.T.);
#3189=CARTESIAN_POINT('',(257.5,-35.,3.));
#3190=VERTEX_POINT('',#3189);
#3191=CARTESIAN_POINT('',(3.5,-35.,3.));
#3192=DIRECTION('',(1.,0.,-0.));
#3193=VECTOR('',#3192,254.);
#3194=LINE('',#3191,#3193);
#3195=EDGE_CURVE('',#3181,#3190,#3194,.T.);
#3196=ORIENTED_EDGE('',*,*,#3195,.T.);
#3197=CARTESIAN_POINT('',(258.,-34.5,3.));
#3198=VERTEX_POINT('',#3197);
#3199=CARTESIAN_POINT('',(257.5,-34.5,3.));
#3200=DIRECTION('',(0.,0.,1.));
#3201=DIRECTION('',(1.,0.,-0.));
#3202=AXIS2_PLACEMENT_3D('',#3199,#3200,#3201);
#3203=CIRCLE('',#3202,0.5);
#3204=EDGE_CURVE('',#3190,#3198,#3203,.T.);
#3205=ORIENTED_EDGE('',*,*,#3204,.T.);
#3206=CARTESIAN_POINT('',(258.,-31.5,3.));
#3207=VERTEX_POINT('',#3206);
#3208=CARTESIAN_POINT('',(258.,-34.5,3.));
#3209=DIRECTION('',(0.,1.,0.));
#3210=VECTOR('',#3209,3.);
#3211=LINE('',#3208,#3210);
#3212=EDGE_CURVE('',#3198,#3207,#3211,.T.);
#3213=ORIENTED_EDGE('',*,*,#3212,.T.);
#3214=CARTESIAN_POINT('',(258.,-31.5,3.));
#3215=DIRECTION('',(-1.,0.,0.));
#3216=VECTOR('',#3215,255.);
#3217=LINE('',#3214,#3216);
#3218=EDGE_CURVE('',#3207,#3171,#3217,.T.);
#3219=ORIENTED_EDGE('',*,*,#3218,.T.);
#3220=EDGE_LOOP('',(#3179,#3188,#3196,#3205,#3213,#3219));
#3221=FACE_BOUND('',#3220,.T.);
#3222=ADVANCED_FACE('',(#3221),#3169,.T.);
#3223=CARTESIAN_POINT('',(129.5,-35.,3.));
#3224=DIRECTION('',(0.,-1.,0.));
#3225=DIRECTION('',(0.,0.,-1.));
#3226=AXIS2_PLACEMENT_3D('',#3223,#3224,#3225);
#3227=PLANE('',#3226);
#3228=ORIENTED_EDGE('',*,*,#3195,.F.);
#3229=CARTESIAN_POINT('',(3.5,-35.,3.));
#3230=DIRECTION('',(0.,0.,1.));
#3231=VECTOR('',#3230,1.5);
#3232=LINE('',#3229,#3231);
#3233=EDGE_CURVE('',#3181,#2520,#3232,.T.);
#3234=ORIENTED_EDGE('',*,*,#3233,.T.);
#3235=ORIENTED_EDGE('',*,*,#2525,.T.);
#3236=CARTESIAN_POINT('',(257.5,-35.,4.5));
#3237=DIRECTION('',(-0.,-0.,-1.));
#3238=VECTOR('',#3237,1.5);
#3239=LINE('',#3236,#3238);
#3240=EDGE_CURVE('',#2511,#3190,#3239,.T.);
#3241=ORIENTED_EDGE('',*,*,#3240,.T.);
#3242=EDGE_LOOP('',(#3228,#3234,#3235,#3241));
#3243=FACE_BOUND('',#3242,.T.);
#3244=ADVANCED_FACE('',(#3243),#3227,.F.);
#3245=CARTESIAN_POINT('',(128.257132053,-31.5,2.5));
#3246=DIRECTION('',(0.,1.,0.));
#3247=DIRECTION('',(0.,0.,1.));
#3248=AXIS2_PLACEMENT_3D('',#3245,#3246,#3247);
#3249=PLANE('',#3248);
#3250=ORIENTED_EDGE('',*,*,#3138,.T.);
#3251=CARTESIAN_POINT('',(3.,-31.5,2.5));
#3252=DIRECTION('',(0.,0.,1.));
#3253=VECTOR('',#3252,0.5);
#3254=LINE('',#3251,#3253);
#3255=EDGE_CURVE('',#3127,#3171,#3254,.T.);
#3256=ORIENTED_EDGE('',*,*,#3255,.T.);
#3257=ORIENTED_EDGE('',*,*,#3218,.F.);
#3258=CARTESIAN_POINT('',(258.,-31.5,2.5));
#3259=DIRECTION('',(0.,0.,1.));
#3260=VECTOR('',#3259,0.5);
#3261=LINE('',#3258,#3260);
#3262=EDGE_CURVE('',#3091,#3207,#3261,.T.);
#3263=ORIENTED_EDGE('',*,*,#3262,.F.);
#3264=EDGE_LOOP('',(#3250,#3256,#3257,#3263));
#3265=FACE_BOUND('',#3264,.T.);
#3266=ADVANCED_FACE('',(#3265),#3249,.T.);
#3267=CARTESIAN_POINT('',(-0.130044843,-55.941581331,0.));
#3268=DIRECTION('',(0.002324648,0.999997298,0.));
#3269=DIRECTION('',(-0.999997298,0.002324648,0.));
#3270=AXIS2_PLACEMENT_3D('',#3267,#3268,#3269);
#3271=PLANE('',#3270);
#3272=CARTESIAN_POINT('',(240.085735917,-56.5,3.));
#3273=VERTEX_POINT('',#3272);
#3274=CARTESIAN_POINT('',(25.,-56.,3.));
#3275=VERTEX_POINT('',#3274);
#3276=CARTESIAN_POINT('',(240.085735917,-56.5,3.));
#3277=DIRECTION('',(-0.999997298,0.002324648,0.));
#3278=VECTOR('',#3277,215.08631708);
#3279=LINE('',#3276,#3278);
#3280=EDGE_CURVE('',#3273,#3275,#3279,.T.);
#3281=ORIENTED_EDGE('',*,*,#3280,.T.);
#3282=CARTESIAN_POINT('',(25.,-56.,3.));
#3283=DIRECTION('',(0.,0.,1.));
#3284=VECTOR('',#3283,1.5);
#3285=LINE('',#3282,#3284);
#3286=EDGE_CURVE('',#3275,#2984,#3285,.T.);
#3287=ORIENTED_EDGE('',*,*,#3286,.T.);
#3288=ORIENTED_EDGE('',*,*,#2989,.F.);
#3289=CARTESIAN_POINT('',(240.085735917,-56.5,3.));
#3290=DIRECTION('',(0.,0.,1.));
#3291=VECTOR('',#3290,1.5);
#3292=LINE('',#3289,#3291);
#3293=EDGE_CURVE('',#3273,#2976,#3292,.T.);
#3294=ORIENTED_EDGE('',*,*,#3293,.F.);
#3295=EDGE_LOOP('',(#3281,#3287,#3288,#3294));
#3296=FACE_BOUND('',#3295,.T.);
#3297=ADVANCED_FACE('',(#3296),#3271,.T.);
#3298=CARTESIAN_POINT('',(-1.,0.,3.));
#3299=DIRECTION('',(0.,0.,1.));
#3300=DIRECTION('',(1.,0.,0.));
#3301=AXIS2_PLACEMENT_3D('',#3298,#3299,#3300);
#3302=PLANE('',#3301);
#3303=CARTESIAN_POINT('',(244.,-51.,3.));
#3304=VERTEX_POINT('',#3303);
#3305=CARTESIAN_POINT('',(244.,-56.5,3.));
#3306=VERTEX_POINT('',#3305);
#3307=CARTESIAN_POINT('',(244.,-51.,3.));
#3308=DIRECTION('',(0.,-1.,0.));
#3309=VECTOR('',#3308,5.5);
#3310=LINE('',#3307,#3309);
#3311=EDGE_CURVE('',#3304,#3306,#3310,.T.);
#3312=ORIENTED_EDGE('',*,*,#3311,.F.);
#3313=CARTESIAN_POINT('',(243.5,-50.5,3.));
#3314=VERTEX_POINT('',#3313);
#3315=CARTESIAN_POINT('',(243.5,-51.,3.));
#3316=DIRECTION('',(0.,0.,1.));
#3317=DIRECTION('',(1.,0.,-0.));
#3318=AXIS2_PLACEMENT_3D('',#3315,#3316,#3317);
#3319=CIRCLE('',#3318,0.5);
#3320=EDGE_CURVE('',#3304,#3314,#3319,.T.);
#3321=ORIENTED_EDGE('',*,*,#3320,.T.);
#3322=CARTESIAN_POINT('',(25.5,-50.5,3.));
#3323=VERTEX_POINT('',#3322);
#3324=CARTESIAN_POINT('',(25.5,-50.5,3.));
#3325=DIRECTION('',(1.,0.,-0.));
#3326=VECTOR('',#3325,218.);
#3327=LINE('',#3324,#3326);
#3328=EDGE_CURVE('',#3323,#3314,#3327,.T.);
#3329=ORIENTED_EDGE('',*,*,#3328,.F.);
#3330=CARTESIAN_POINT('',(25.,-51.,3.));
#3331=VERTEX_POINT('',#3330);
#3332=CARTESIAN_POINT('',(25.5,-51.,3.));
#3333=DIRECTION('',(0.,0.,1.));
#3334=DIRECTION('',(1.,0.,-0.));
#3335=AXIS2_PLACEMENT_3D('',#3332,#3333,#3334);
#3336=CIRCLE('',#3335,0.5);
#3337=EDGE_CURVE('',#3323,#3331,#3336,.T.);
#3338=ORIENTED_EDGE('',*,*,#3337,.T.);
#3339=CARTESIAN_POINT('',(25.,-56.,3.));
#3340=DIRECTION('',(0.,1.,0.));
#3341=VECTOR('',#3340,5.);
#3342=LINE('',#3339,#3341);
#3343=EDGE_CURVE('',#3275,#3331,#3342,.T.);
#3344=ORIENTED_EDGE('',*,*,#3343,.F.);
#3345=ORIENTED_EDGE('',*,*,#3280,.F.);
#3346=CARTESIAN_POINT('',(244.,-56.5,3.));
#3347=DIRECTION('',(-1.,0.,0.));
#3348=VECTOR('',#3347,3.914264083);
#3349=LINE('',#3346,#3348);
#3350=EDGE_CURVE('',#3306,#3273,#3349,.T.);
#3351=ORIENTED_EDGE('',*,*,#3350,.F.);
#3352=EDGE_LOOP('',(#3312,#3321,#3329,#3338,#3344,#3345,#3351));
#3353=FACE_BOUND('',#3352,.T.);
#3354=ADVANCED_FACE('',(#3353),#3302,.T.);
#3355=CARTESIAN_POINT('',(-1.,0.,2.5));
#3356=DIRECTION('',(0.,0.,1.));
#3357=DIRECTION('',(1.,0.,0.));
#3358=AXIS2_PLACEMENT_3D('',#3355,#3356,#3357);
#3359=PLANE('',#3358);
#3360=CARTESIAN_POINT('',(266.,-20.5,2.5));
#3361=VERTEX_POINT('',#3360);
#3362=CARTESIAN_POINT('',(266.,-40.,2.5));
#3363=VERTEX_POINT('',#3362);
#3364=CARTESIAN_POINT('',(266.,-20.5,2.5));
#3365=DIRECTION('',(0.,-1.,0.));
#3366=VECTOR('',#3365,19.5);
#3367=LINE('',#3364,#3366);
#3368=EDGE_CURVE('',#3361,#3363,#3367,.T.);
#3369=ORIENTED_EDGE('',*,*,#3368,.T.);
#3370=CARTESIAN_POINT('',(3.5,-40.,2.5));
#3371=VERTEX_POINT('',#3370);
#3372=CARTESIAN_POINT('',(266.,-40.,2.5));
#3373=DIRECTION('',(-1.,0.,0.));
#3374=VECTOR('',#3373,262.5);
#3375=LINE('',#3372,#3374);
#3376=EDGE_CURVE('',#3363,#3371,#3375,.T.);
#3377=ORIENTED_EDGE('',*,*,#3376,.T.);
#3378=CARTESIAN_POINT('',(3.,-40.5,2.5));
#3379=VERTEX_POINT('',#3378);
#3380=CARTESIAN_POINT('',(3.5,-40.5,2.5));
#3381=DIRECTION('',(0.,0.,1.));
#3382=DIRECTION('',(1.,0.,-0.));
#3383=AXIS2_PLACEMENT_3D('',#3380,#3381,#3382);
#3384=CIRCLE('',#3383,0.5);
#3385=EDGE_CURVE('',#3371,#3379,#3384,.T.);
#3386=ORIENTED_EDGE('',*,*,#3385,.T.);
#3387=CARTESIAN_POINT('',(3.,-55.5,2.5));
#3388=VERTEX_POINT('',#3387);
#3389=CARTESIAN_POINT('',(3.,-40.5,2.5));
#3390=DIRECTION('',(0.,-1.,0.));
#3391=VECTOR('',#3390,15.);
#3392=LINE('',#3389,#3391);
#3393=EDGE_CURVE('',#3379,#3388,#3392,.T.);
#3394=ORIENTED_EDGE('',*,*,#3393,.T.);
#3395=CARTESIAN_POINT('',(3.5,-56.,2.5));
#3396=VERTEX_POINT('',#3395);
#3397=CARTESIAN_POINT('',(3.5,-55.5,2.5));
#3398=DIRECTION('',(0.,0.,1.));
#3399=DIRECTION('',(1.,0.,-0.));
#3400=AXIS2_PLACEMENT_3D('',#3397,#3398,#3399);
#3401=CIRCLE('',#3400,0.5);
#3402=EDGE_CURVE('',#3388,#3396,#3401,.T.);
#3403=ORIENTED_EDGE('',*,*,#3402,.T.);
#3404=CARTESIAN_POINT('',(25.,-56.,2.5));
#3405=VERTEX_POINT('',#3404);
#3406=CARTESIAN_POINT('',(3.5,-56.,2.5));
#3407=DIRECTION('',(1.,0.,-0.));
#3408=VECTOR('',#3407,21.5);
#3409=LINE('',#3406,#3408);
#3410=EDGE_CURVE('',#3396,#3405,#3409,.T.);
#3411=ORIENTED_EDGE('',*,*,#3410,.T.);
#3412=CARTESIAN_POINT('',(25.,-51.,2.5));
#3413=VERTEX_POINT('',#3412);
#3414=CARTESIAN_POINT('',(25.,-56.,2.5));
#3415=DIRECTION('',(0.,1.,0.));
#3416=VECTOR('',#3415,5.);
#3417=LINE('',#3414,#3416);
#3418=EDGE_CURVE('',#3405,#3413,#3417,.T.);
#3419=ORIENTED_EDGE('',*,*,#3418,.T.);
#3420=CARTESIAN_POINT('',(25.5,-50.5,2.5));
#3421=VERTEX_POINT('',#3420);
#3422=CARTESIAN_POINT('',(25.5,-51.,2.5));
#3423=DIRECTION('',(-0.,-0.,-1.));
#3424=DIRECTION('',(1.,0.,-0.));
#3425=AXIS2_PLACEMENT_3D('',#3422,#3423,#3424);
#3426=CIRCLE('',#3425,0.5);
#3427=EDGE_CURVE('',#3413,#3421,#3426,.T.);
#3428=ORIENTED_EDGE('',*,*,#3427,.T.);
#3429=CARTESIAN_POINT('',(243.5,-50.5,2.5));
#3430=VERTEX_POINT('',#3429);
#3431=CARTESIAN_POINT('',(25.5,-50.5,2.5));
#3432=DIRECTION('',(1.,0.,-0.));
#3433=VECTOR('',#3432,218.);
#3434=LINE('',#3431,#3433);
#3435=EDGE_CURVE('',#3421,#3430,#3434,.T.);
#3436=ORIENTED_EDGE('',*,*,#3435,.T.);
#3437=CARTESIAN_POINT('',(244.,-51.,2.5));
#3438=VERTEX_POINT('',#3437);
#3439=CARTESIAN_POINT('',(243.5,-51.,2.5));
#3440=DIRECTION('',(-0.,-0.,-1.));
#3441=DIRECTION('',(1.,0.,-0.));
#3442=AXIS2_PLACEMENT_3D('',#3439,#3440,#3441);
#3443=CIRCLE('',#3442,0.5);
#3444=EDGE_CURVE('',#3430,#3438,#3443,.T.);
#3445=ORIENTED_EDGE('',*,*,#3444,.T.);
#3446=CARTESIAN_POINT('',(244.,-56.5,2.5));
#3447=VERTEX_POINT('',#3446);
#3448=CARTESIAN_POINT('',(244.,-51.,2.5));
#3449=DIRECTION('',(0.,-1.,0.));
#3450=VECTOR('',#3449,5.5);
#3451=LINE('',#3448,#3450);
#3452=EDGE_CURVE('',#3438,#3447,#3451,.T.);
#3453=ORIENTED_EDGE('',*,*,#3452,.T.);
#3454=CARTESIAN_POINT('',(268.3,-56.5,2.5));
#3455=VERTEX_POINT('',#3454);
#3456=CARTESIAN_POINT('',(244.,-56.5,2.5));
#3457=DIRECTION('',(1.,0.,-0.));
#3458=VECTOR('',#3457,24.3);
#3459=LINE('',#3456,#3458);
#3460=EDGE_CURVE('',#3447,#3455,#3459,.T.);
#3461=ORIENTED_EDGE('',*,*,#3460,.T.);
#3462=CARTESIAN_POINT('',(268.8,-56.,2.5));
#3463=VERTEX_POINT('',#3462);
#3464=CARTESIAN_POINT('',(268.3,-56.,2.5));
#3465=DIRECTION('',(0.,0.,1.));
#3466=DIRECTION('',(1.,0.,-0.));
#3467=AXIS2_PLACEMENT_3D('',#3464,#3465,#3466);
#3468=CIRCLE('',#3467,0.5);
#3469=EDGE_CURVE('',#3455,#3463,#3468,.T.);
#3470=ORIENTED_EDGE('',*,*,#3469,.T.);
#3471=CARTESIAN_POINT('',(268.8,-47.,2.5));
#3472=VERTEX_POINT('',#3471);
#3473=CARTESIAN_POINT('',(268.8,-56.,2.5));
#3474=DIRECTION('',(0.,1.,0.));
#3475=VECTOR('',#3474,9.);
#3476=LINE('',#3473,#3475);
#3477=EDGE_CURVE('',#3463,#3472,#3476,.T.);
#3478=ORIENTED_EDGE('',*,*,#3477,.T.);
#3479=CARTESIAN_POINT('',(278.5,-47.,2.5));
#3480=VERTEX_POINT('',#3479);
#3481=CARTESIAN_POINT('',(268.8,-47.,2.5));
#3482=DIRECTION('',(1.,0.,-0.));
#3483=VECTOR('',#3482,9.7);
#3484=LINE('',#3481,#3483);
#3485=EDGE_CURVE('',#3472,#3480,#3484,.T.);
#3486=ORIENTED_EDGE('',*,*,#3485,.T.);
#3487=CARTESIAN_POINT('',(279.,-46.5,2.5));
#3488=VERTEX_POINT('',#3487);
#3489=CARTESIAN_POINT('',(278.5,-46.5,2.5));
#3490=DIRECTION('',(0.,0.,1.));
#3491=DIRECTION('',(1.,0.,-0.));
#3492=AXIS2_PLACEMENT_3D('',#3489,#3490,#3491);
#3493=CIRCLE('',#3492,0.5);
#3494=EDGE_CURVE('',#3480,#3488,#3493,.T.);
#3495=ORIENTED_EDGE('',*,*,#3494,.T.);
#3496=CARTESIAN_POINT('',(279.,-20.5,2.5));
#3497=VERTEX_POINT('',#3496);
#3498=CARTESIAN_POINT('',(279.,-46.5,2.5));
#3499=DIRECTION('',(0.,1.,0.));
#3500=VECTOR('',#3499,26.);
#3501=LINE('',#3498,#3500);
#3502=EDGE_CURVE('',#3488,#3497,#3501,.T.);
#3503=ORIENTED_EDGE('',*,*,#3502,.T.);
#3504=CARTESIAN_POINT('',(278.5,-20.,2.5));
#3505=VERTEX_POINT('',#3504);
#3506=CARTESIAN_POINT('',(278.5,-20.5,2.5));
#3507=DIRECTION('',(0.,0.,1.));
#3508=DIRECTION('',(1.,0.,-0.));
#3509=AXIS2_PLACEMENT_3D('',#3506,#3507,#3508);
#3510=CIRCLE('',#3509,0.5);
#3511=EDGE_CURVE('',#3497,#3505,#3510,.T.);
#3512=ORIENTED_EDGE('',*,*,#3511,.T.);
#3513=CARTESIAN_POINT('',(266.5,-20.,2.5));
#3514=VERTEX_POINT('',#3513);
#3515=CARTESIAN_POINT('',(278.5,-20.,2.5));
#3516=DIRECTION('',(-1.,0.,0.));
#3517=VECTOR('',#3516,12.);
#3518=LINE('',#3515,#3517);
#3519=EDGE_CURVE('',#3505,#3514,#3518,.T.);
#3520=ORIENTED_EDGE('',*,*,#3519,.T.);
#3521=CARTESIAN_POINT('',(266.5,-20.5,2.5));
#3522=DIRECTION('',(0.,0.,1.));
#3523=DIRECTION('',(1.,0.,-0.));
#3524=AXIS2_PLACEMENT_3D('',#3521,#3522,#3523);
#3525=CIRCLE('',#3524,0.5);
#3526=EDGE_CURVE('',#3514,#3361,#3525,.T.);
#3527=ORIENTED_EDGE('',*,*,#3526,.T.);
#3528=EDGE_LOOP('',(#3369,#3377,#3386,#3394,#3403,#3411,#3419,#3428,#3436,#3445,#3453,#3461,#3470,#3478,#3486,#3495,#3503,#3512,#3520,#3527));
#3529=FACE_BOUND('',#3528,.T.);
#3530=ADVANCED_FACE('',(#3529),#3359,.T.);
#3531=CARTESIAN_POINT('',(134.,-50.5,2.5));
#3532=DIRECTION('',(0.,-1.,0.));
#3533=DIRECTION('',(0.,0.,-1.));
#3534=AXIS2_PLACEMENT_3D('',#3531,#3532,#3533);
#3535=PLANE('',#3534);
#3536=ORIENTED_EDGE('',*,*,#3328,.T.);
#3537=CARTESIAN_POINT('',(243.5,-50.5,3.));
#3538=DIRECTION('',(-0.,-0.,-1.));
#3539=VECTOR('',#3538,0.5);
#3540=LINE('',#3537,#3539);
#3541=EDGE_CURVE('',#3314,#3430,#3540,.T.);
#3542=ORIENTED_EDGE('',*,*,#3541,.T.);
#3543=ORIENTED_EDGE('',*,*,#3435,.F.);
#3544=CARTESIAN_POINT('',(25.5,-50.5,2.5));
#3545=DIRECTION('',(0.,0.,1.));
#3546=VECTOR('',#3545,0.5);
#3547=LINE('',#3544,#3546);
#3548=EDGE_CURVE('',#3421,#3323,#3547,.T.);
#3549=ORIENTED_EDGE('',*,*,#3548,.T.);
#3550=EDGE_LOOP('',(#3536,#3542,#3543,#3549));
#3551=FACE_BOUND('',#3550,.T.);
#3552=ADVANCED_FACE('',(#3551),#3535,.F.);
#3553=CARTESIAN_POINT('',(133.5,-40.,2.5));
#3554=DIRECTION('',(0.,1.,0.));
#3555=DIRECTION('',(0.,0.,1.));
#3556=AXIS2_PLACEMENT_3D('',#3553,#3554,#3555);
#3557=PLANE('',#3556);
#3558=CARTESIAN_POINT('',(266.,-40.,4.5));
#3559=DIRECTION('',(0.,0.,-1.));
#3560=VECTOR('',#3559,2.);
#3561=LINE('',#3558,#3560);
#3562=EDGE_CURVE('',#3026,#3363,#3561,.T.);
#3563=ORIENTED_EDGE('',*,*,#3562,.F.);
#3564=ORIENTED_EDGE('',*,*,#3031,.T.);
#3565=CARTESIAN_POINT('',(3.5,-40.,4.5));
#3566=DIRECTION('',(-0.,-0.,-1.));
#3567=VECTOR('',#3566,2.);
#3568=LINE('',#3565,#3567);
#3569=EDGE_CURVE('',#3017,#3371,#3568,.T.);
#3570=ORIENTED_EDGE('',*,*,#3569,.T.);
#3571=ORIENTED_EDGE('',*,*,#3376,.F.);
#3572=EDGE_LOOP('',(#3563,#3564,#3570,#3571));
#3573=FACE_BOUND('',#3572,.T.);
#3574=ADVANCED_FACE('',(#3573),#3557,.F.);
#3575=CARTESIAN_POINT('',(117.5,-59.,2.));
#3576=DIRECTION('',(0.,1.,0.));
#3577=DIRECTION('',(0.,0.,1.));
#3578=AXIS2_PLACEMENT_3D('',#3575,#3576,#3577);
#3579=PLANE('',#3578);
#3580=CARTESIAN_POINT('',(231.5,-59.,2.5));
#3581=VERTEX_POINT('',#3580);
#3582=CARTESIAN_POINT('',(3.5,-59.,2.5));
#3583=VERTEX_POINT('',#3582);
#3584=CARTESIAN_POINT('',(231.5,-59.,2.5));
#3585=DIRECTION('',(-1.,0.,0.));
#3586=VECTOR('',#3585,228.);
#3587=LINE('',#3584,#3586);
#3588=EDGE_CURVE('',#3581,#3583,#3587,.T.);
#3589=ORIENTED_EDGE('',*,*,#3588,.F.);
#3590=CARTESIAN_POINT('',(231.5,-59.,2.5));
#3591=DIRECTION('',(0.,0.,1.));
#3592=VECTOR('',#3591,2.);
#3593=LINE('',#3590,#3592);
#3594=EDGE_CURVE('',#3581,#2709,#3593,.T.);
#3595=ORIENTED_EDGE('',*,*,#3594,.T.);
#3596=ORIENTED_EDGE('',*,*,#2714,.T.);
#3597=CARTESIAN_POINT('',(3.5,-59.,4.5));
#3598=DIRECTION('',(-0.,-0.,-1.));
#3599=VECTOR('',#3598,2.);
#3600=LINE('',#3597,#3599);
#3601=EDGE_CURVE('',#2700,#3583,#3600,.T.);
#3602=ORIENTED_EDGE('',*,*,#3601,.T.);
#3603=EDGE_LOOP('',(#3589,#3595,#3596,#3602));
#3604=FACE_BOUND('',#3603,.T.);
#3605=ADVANCED_FACE('',(#3604),#3579,.F.);
#3606=CARTESIAN_POINT('',(0.,0.,3.));
#3607=DIRECTION('',(0.,0.,1.));
#3608=DIRECTION('',(1.,0.,0.));
#3609=AXIS2_PLACEMENT_3D('',#3606,#3607,#3608);
#3610=PLANE('',#3609);
#3611=CARTESIAN_POINT('',(31.5,-69.6,3.));
#3612=VERTEX_POINT('',#3611);
#3613=CARTESIAN_POINT('',(232.,-69.6,3.));
#3614=VERTEX_POINT('',#3613);
#3615=CARTESIAN_POINT('',(31.5,-69.6,3.));
#3616=DIRECTION('',(1.,0.,-0.));
#3617=VECTOR('',#3616,200.5);
#3618=LINE('',#3615,#3617);
#3619=EDGE_CURVE('',#3612,#3614,#3618,.T.);
#3620=ORIENTED_EDGE('',*,*,#3619,.F.);
#3621=CARTESIAN_POINT('',(31.,-70.1,3.));
#3622=VERTEX_POINT('',#3621);
#3623=CARTESIAN_POINT('',(31.5,-70.1,3.));
#3624=DIRECTION('',(0.,0.,1.));
#3625=DIRECTION('',(1.,0.,-0.));
#3626=AXIS2_PLACEMENT_3D('',#3623,#3624,#3625);
#3627=CIRCLE('',#3626,0.5);
#3628=EDGE_CURVE('',#3612,#3622,#3627,.T.);
#3629=ORIENTED_EDGE('',*,*,#3628,.T.);
#3630=CARTESIAN_POINT('',(31.,-75.,3.));
#3631=VERTEX_POINT('',#3630);
#3632=CARTESIAN_POINT('',(31.,-75.,3.));
#3633=DIRECTION('',(0.,1.,0.));
#3634=VECTOR('',#3633,4.9);
#3635=LINE('',#3632,#3634);
#3636=EDGE_CURVE('',#3631,#3622,#3635,.T.);
#3637=ORIENTED_EDGE('',*,*,#3636,.F.);
#3638=CARTESIAN_POINT('',(242.,-75.,3.));
#3639=VERTEX_POINT('',#3638);
#3640=CARTESIAN_POINT('',(31.,-75.,3.));
#3641=DIRECTION('',(1.,0.,-0.));
#3642=VECTOR('',#3641,211.);
#3643=LINE('',#3640,#3642);
#3644=EDGE_CURVE('',#3631,#3639,#3643,.T.);
#3645=ORIENTED_EDGE('',*,*,#3644,.T.);
#3646=CARTESIAN_POINT('',(242.,-67.,3.));
#3647=VERTEX_POINT('',#3646);
#3648=CARTESIAN_POINT('',(242.,-67.,3.));
#3649=DIRECTION('',(0.,-1.,0.));
#3650=VECTOR('',#3649,8.);
#3651=LINE('',#3648,#3650);
#3652=EDGE_CURVE('',#3647,#3639,#3651,.T.);
#3653=ORIENTED_EDGE('',*,*,#3652,.F.);
#3654=CARTESIAN_POINT('',(232.,-67.,3.));
#3655=VERTEX_POINT('',#3654);
#3656=CARTESIAN_POINT('',(232.,-67.,3.));
#3657=DIRECTION('',(1.,0.,-0.));
#3658=VECTOR('',#3657,10.);
#3659=LINE('',#3656,#3658);
#3660=EDGE_CURVE('',#3655,#3647,#3659,.T.);
#3661=ORIENTED_EDGE('',*,*,#3660,.F.);
#3662=CARTESIAN_POINT('',(232.,-67.,3.));
#3663=DIRECTION('',(0.,-1.,0.));
#3664=VECTOR('',#3663,2.6);
#3665=LINE('',#3662,#3664);
#3666=EDGE_CURVE('',#3655,#3614,#3665,.T.);
#3667=ORIENTED_EDGE('',*,*,#3666,.T.);
#3668=EDGE_LOOP('',(#3620,#3629,#3637,#3645,#3653,#3661,#3667));
#3669=FACE_BOUND('',#3668,.T.);
#3670=ADVANCED_FACE('',(#3669),#3610,.T.);
#3671=CARTESIAN_POINT('',(131.502487562,-69.6,2.5));
#3672=DIRECTION('',(0.,-1.,0.));
#3673=DIRECTION('',(0.,0.,-1.));
#3674=AXIS2_PLACEMENT_3D('',#3671,#3672,#3673);
#3675=PLANE('',#3674);
#3676=CARTESIAN_POINT('',(31.5,-69.6,2.5));
#3677=VERTEX_POINT('',#3676);
#3678=CARTESIAN_POINT('',(232.,-69.6,2.5));
#3679=VERTEX_POINT('',#3678);
#3680=CARTESIAN_POINT('',(31.5,-69.6,2.5));
#3681=DIRECTION('',(1.,0.,-0.));
#3682=VECTOR('',#3681,200.5);
#3683=LINE('',#3680,#3682);
#3684=EDGE_CURVE('',#3677,#3679,#3683,.T.);
#3685=ORIENTED_EDGE('',*,*,#3684,.F.);
#3686=CARTESIAN_POINT('',(31.5,-69.6,2.5));
#3687=DIRECTION('',(0.,0.,1.));
#3688=VECTOR('',#3687,0.5);
#3689=LINE('',#3686,#3688);
#3690=EDGE_CURVE('',#3677,#3612,#3689,.T.);
#3691=ORIENTED_EDGE('',*,*,#3690,.T.);
#3692=ORIENTED_EDGE('',*,*,#3619,.T.);
#3693=CARTESIAN_POINT('',(232.,-69.6,3.));
#3694=DIRECTION('',(0.,0.,-1.));
#3695=VECTOR('',#3694,0.5);
#3696=LINE('',#3693,#3695);
#3697=EDGE_CURVE('',#3614,#3679,#3696,.T.);
#3698=ORIENTED_EDGE('',*,*,#3697,.T.);
#3699=EDGE_LOOP('',(#3685,#3691,#3692,#3698));
#3700=FACE_BOUND('',#3699,.T.);
#3701=ADVANCED_FACE('',(#3700),#3675,.F.);
#3702=CARTESIAN_POINT('',(263.,-75.,2.));
#3703=DIRECTION('',(0.,-1.,0.));
#3704=DIRECTION('',(0.,0.,-1.));
#3705=AXIS2_PLACEMENT_3D('',#3702,#3703,#3704);
#3706=PLANE('',#3705);
#3707=ORIENTED_EDGE('',*,*,#2646,.T.);
#3708=CARTESIAN_POINT('',(284.,-75.,2.5));
#3709=VERTEX_POINT('',#3708);
#3710=CARTESIAN_POINT('',(284.,-75.,4.5));
#3711=DIRECTION('',(-0.,-0.,-1.));
#3712=VECTOR('',#3711,2.);
#3713=LINE('',#3710,#3712);
#3714=EDGE_CURVE('',#2632,#3709,#3713,.T.);
#3715=ORIENTED_EDGE('',*,*,#3714,.T.);
#3716=CARTESIAN_POINT('',(242.,-75.,2.5));
#3717=VERTEX_POINT('',#3716);
#3718=CARTESIAN_POINT('',(242.,-75.,2.5));
#3719=DIRECTION('',(1.,0.,-0.));
#3720=VECTOR('',#3719,42.);
#3721=LINE('',#3718,#3720);
#3722=EDGE_CURVE('',#3717,#3709,#3721,.T.);
#3723=ORIENTED_EDGE('',*,*,#3722,.F.);
#3724=CARTESIAN_POINT('',(242.,-75.,2.5));
#3725=DIRECTION('',(0.,0.,1.));
#3726=VECTOR('',#3725,0.5);
#3727=LINE('',#3724,#3726);
#3728=EDGE_CURVE('',#3717,#3639,#3727,.T.);
#3729=ORIENTED_EDGE('',*,*,#3728,.T.);
#3730=ORIENTED_EDGE('',*,*,#3644,.F.);
#3731=CARTESIAN_POINT('',(31.,-75.,2.5));
#3732=VERTEX_POINT('',#3731);
#3733=CARTESIAN_POINT('',(31.,-75.,2.5));
#3734=DIRECTION('',(0.,0.,1.));
#3735=VECTOR('',#3734,0.5);
#3736=LINE('',#3733,#3735);
#3737=EDGE_CURVE('',#3732,#3631,#3736,.T.);
#3738=ORIENTED_EDGE('',*,*,#3737,.F.);
#3739=CARTESIAN_POINT('',(13.5,-75.,2.5));
#3740=VERTEX_POINT('',#3739);
#3741=CARTESIAN_POINT('',(13.5,-75.,2.5));
#3742=DIRECTION('',(1.,0.,-0.));
#3743=VECTOR('',#3742,17.5);
#3744=LINE('',#3741,#3743);
#3745=EDGE_CURVE('',#3740,#3732,#3744,.T.);
#3746=ORIENTED_EDGE('',*,*,#3745,.F.);
#3747=CARTESIAN_POINT('',(13.5,-75.,2.5));
#3748=DIRECTION('',(0.,0.,1.));
#3749=VECTOR('',#3748,2.);
#3750=LINE('',#3747,#3749);
#3751=EDGE_CURVE('',#3740,#2641,#3750,.T.);
#3752=ORIENTED_EDGE('',*,*,#3751,.T.);
#3753=EDGE_LOOP('',(#3707,#3715,#3723,#3729,#3730,#3738,#3746,#3752));
#3754=FACE_BOUND('',#3753,.T.);
#3755=ADVANCED_FACE('',(#3754),#3706,.F.);
#3756=CARTESIAN_POINT('',(0.,0.,2.5));
#3757=DIRECTION('',(0.,0.,1.));
#3758=DIRECTION('',(1.,0.,0.));
#3759=AXIS2_PLACEMENT_3D('',#3756,#3757,#3758);
#3760=PLANE('',#3759);
#3761=CARTESIAN_POINT('',(31.,-70.1,2.5));
#3762=VERTEX_POINT('',#3761);
#3763=CARTESIAN_POINT('',(31.,-75.,2.5));
#3764=DIRECTION('',(0.,1.,0.));
#3765=VECTOR('',#3764,4.9);
#3766=LINE('',#3763,#3765);
#3767=EDGE_CURVE('',#3732,#3762,#3766,.T.);
#3768=ORIENTED_EDGE('',*,*,#3767,.T.);
#3769=CARTESIAN_POINT('',(31.5,-70.1,2.5));
#3770=DIRECTION('',(-0.,-0.,-1.));
#3771=DIRECTION('',(1.,0.,-0.));
#3772=AXIS2_PLACEMENT_3D('',#3769,#3770,#3771);
#3773=CIRCLE('',#3772,0.5);
#3774=EDGE_CURVE('',#3762,#3677,#3773,.T.);
#3775=ORIENTED_EDGE('',*,*,#3774,.T.);
#3776=ORIENTED_EDGE('',*,*,#3684,.T.);
#3777=CARTESIAN_POINT('',(232.,-59.5,2.5));
#3778=VERTEX_POINT('',#3777);
#3779=CARTESIAN_POINT('',(232.,-69.6,2.5));
#3780=DIRECTION('',(0.,1.,0.));
#3781=VECTOR('',#3780,10.1);
#3782=LINE('',#3779,#3781);
#3783=EDGE_CURVE('',#3679,#3778,#3782,.T.);
#3784=ORIENTED_EDGE('',*,*,#3783,.T.);
#3785=CARTESIAN_POINT('',(231.5,-59.5,2.5));
#3786=DIRECTION('',(0.,0.,1.));
#3787=DIRECTION('',(1.,0.,-0.));
#3788=AXIS2_PLACEMENT_3D('',#3785,#3786,#3787);
#3789=CIRCLE('',#3788,0.5);
#3790=EDGE_CURVE('',#3778,#3581,#3789,.T.);
#3791=ORIENTED_EDGE('',*,*,#3790,.T.);
#3792=ORIENTED_EDGE('',*,*,#3588,.T.);
#3793=CARTESIAN_POINT('',(3.,-59.5,2.5));
#3794=VERTEX_POINT('',#3793);
#3795=CARTESIAN_POINT('',(3.5,-59.5,2.5));
#3796=DIRECTION('',(0.,0.,1.));
#3797=DIRECTION('',(1.,0.,-0.));
#3798=AXIS2_PLACEMENT_3D('',#3795,#3796,#3797);
#3799=CIRCLE('',#3798,0.5);
#3800=EDGE_CURVE('',#3583,#3794,#3799,.T.);
#3801=ORIENTED_EDGE('',*,*,#3800,.T.);
#3802=CARTESIAN_POINT('',(3.,-69.5,2.5));
#3803=VERTEX_POINT('',#3802);
#3804=CARTESIAN_POINT('',(3.,-59.5,2.5));
#3805=DIRECTION('',(0.,-1.,0.));
#3806=VECTOR('',#3805,10.);
#3807=LINE('',#3804,#3806);
#3808=EDGE_CURVE('',#3794,#3803,#3807,.T.);
#3809=ORIENTED_EDGE('',*,*,#3808,.T.);
#3810=CARTESIAN_POINT('',(3.5,-70.,2.5));
#3811=VERTEX_POINT('',#3810);
#3812=CARTESIAN_POINT('',(3.5,-69.5,2.5));
#3813=DIRECTION('',(0.,0.,1.));
#3814=DIRECTION('',(1.,0.,-0.));
#3815=AXIS2_PLACEMENT_3D('',#3812,#3813,#3814);
#3816=CIRCLE('',#3815,0.5);
#3817=EDGE_CURVE('',#3803,#3811,#3816,.T.);
#3818=ORIENTED_EDGE('',*,*,#3817,.T.);
#3819=CARTESIAN_POINT('',(12.5,-70.,2.5));
#3820=VERTEX_POINT('',#3819);
#3821=CARTESIAN_POINT('',(3.5,-70.,2.5));
#3822=DIRECTION('',(1.,0.,-0.));
#3823=VECTOR('',#3822,9.);
#3824=LINE('',#3821,#3823);
#3825=EDGE_CURVE('',#3811,#3820,#3824,.T.);
#3826=ORIENTED_EDGE('',*,*,#3825,.T.);
#3827=CARTESIAN_POINT('',(13.,-70.5,2.5));
#3828=VERTEX_POINT('',#3827);
#3829=CARTESIAN_POINT('',(12.5,-70.5,2.5));
#3830=DIRECTION('',(-0.,-0.,-1.));
#3831=DIRECTION('',(1.,0.,-0.));
#3832=AXIS2_PLACEMENT_3D('',#3829,#3830,#3831);
#3833=CIRCLE('',#3832,0.5);
#3834=EDGE_CURVE('',#3820,#3828,#3833,.T.);
#3835=ORIENTED_EDGE('',*,*,#3834,.T.);
#3836=CARTESIAN_POINT('',(13.,-74.5,2.5));
#3837=VERTEX_POINT('',#3836);
#3838=CARTESIAN_POINT('',(13.,-70.5,2.5));
#3839=DIRECTION('',(0.,-1.,0.));
#3840=VECTOR('',#3839,4.);
#3841=LINE('',#3838,#3840);
#3842=EDGE_CURVE('',#3828,#3837,#3841,.T.);
#3843=ORIENTED_EDGE('',*,*,#3842,.T.);
#3844=CARTESIAN_POINT('',(13.5,-74.5,2.5));
#3845=DIRECTION('',(0.,0.,1.));
#3846=DIRECTION('',(1.,0.,-0.));
#3847=AXIS2_PLACEMENT_3D('',#3844,#3845,#3846);
#3848=CIRCLE('',#3847,0.5);
#3849=EDGE_CURVE('',#3837,#3740,#3848,.T.);
#3850=ORIENTED_EDGE('',*,*,#3849,.T.);
#3851=ORIENTED_EDGE('',*,*,#3745,.T.);
#3852=EDGE_LOOP('',(#3768,#3775,#3776,#3784,#3791,#3792,#3801,#3809,#3818,#3826,#3835,#3843,#3850,#3851));
#3853=FACE_BOUND('',#3852,.T.);
#3854=ADVANCED_FACE('',(#3853),#3760,.T.);
#3855=CARTESIAN_POINT('',(283.656,-95.275,4.501885));
#3856=DIRECTION('',(0.,-1.,0.));
#3857=DIRECTION('',(-1.,0.,0.));
#3858=AXIS2_PLACEMENT_3D('',#3855,#3856,#3857);
#3859=PLANE('',#3858);
#3860=ORIENTED_EDGE('',*,*,#2395,.T.);
#3861=CARTESIAN_POINT('',(1.75,-95.275,4.5));
#3862=DIRECTION('',(0.,0.,1.));
#3863=VECTOR('',#3862,1.5);
#3864=LINE('',#3861,#3863);
#3865=EDGE_CURVE('',#2381,#236,#3864,.T.);
#3866=ORIENTED_EDGE('',*,*,#3865,.T.);
#3867=ORIENTED_EDGE('',*,*,#241,.T.);
#3868=CARTESIAN_POINT('',(283.625,-95.275,6.));
#3869=DIRECTION('',(-0.,-0.,-1.));
#3870=VECTOR('',#3869,1.5);
#3871=LINE('',#3868,#3870);
#3872=EDGE_CURVE('',#227,#2390,#3871,.T.);
#3873=ORIENTED_EDGE('',*,*,#3872,.T.);
#3874=EDGE_LOOP('',(#3860,#3866,#3867,#3873));
#3875=FACE_BOUND('',#3874,.T.);
#3876=ADVANCED_FACE('',(#3875),#3859,.F.);
#3877=CARTESIAN_POINT('',(142.6875,-101.275,3.));
#3878=DIRECTION('',(0.,-1.,0.));
#3879=DIRECTION('',(0.,0.,-1.));
#3880=AXIS2_PLACEMENT_3D('',#3877,#3878,#3879);
#3881=PLANE('',#3880);
#3882=ORIENTED_EDGE('',*,*,#157,.T.);
#3883=CARTESIAN_POINT('',(-3.,-101.275,2.1));
#3884=VERTEX_POINT('',#3883);
#3885=CARTESIAN_POINT('',(-3.,-101.275,6.));
#3886=DIRECTION('',(-0.,-0.,-1.));
#3887=VECTOR('',#3886,3.9);
#3888=LINE('',#3885,#3887);
#3889=EDGE_CURVE('',#143,#3884,#3888,.T.);
#3890=ORIENTED_EDGE('',*,*,#3889,.T.);
#3891=CARTESIAN_POINT('',(288.375,-101.275,2.1));
#3892=VERTEX_POINT('',#3891);
#3893=CARTESIAN_POINT('',(-3.,-101.275,2.1));
#3894=DIRECTION('',(1.,0.,-0.));
#3895=VECTOR('',#3894,291.375);
#3896=LINE('',#3893,#3895);
#3897=EDGE_CURVE('',#3884,#3892,#3896,.T.);
#3898=ORIENTED_EDGE('',*,*,#3897,.T.);
#3899=CARTESIAN_POINT('',(288.375,-101.275,2.1));
#3900=DIRECTION('',(0.,0.,1.));
#3901=VECTOR('',#3900,3.9);
#3902=LINE('',#3899,#3901);
#3903=EDGE_CURVE('',#3892,#152,#3902,.T.);
#3904=ORIENTED_EDGE('',*,*,#3903,.T.);
#3905=EDGE_LOOP('',(#3882,#3890,#3898,#3904));
#3906=FACE_BOUND('',#3905,.T.);
#3907=ADVANCED_FACE('',(#3906),#3881,.T.);
#3908=CARTESIAN_POINT('',(142.6875,5.65,3.));
#3909=DIRECTION('',(0.,1.,0.));
#3910=DIRECTION('',(0.,0.,1.));
#3911=AXIS2_PLACEMENT_3D('',#3908,#3909,#3910);
#3912=PLANE('',#3911);
#3913=ORIENTED_EDGE('',*,*,#191,.T.);
#3914=CARTESIAN_POINT('',(288.375,5.65,2.1));
#3915=VERTEX_POINT('',#3914);
#3916=CARTESIAN_POINT('',(288.375,5.65,6.));
#3917=DIRECTION('',(-0.,-0.,-1.));
#3918=VECTOR('',#3917,3.9);
#3919=LINE('',#3916,#3918);
#3920=EDGE_CURVE('',#177,#3915,#3919,.T.);
#3921=ORIENTED_EDGE('',*,*,#3920,.T.);
#3922=CARTESIAN_POINT('',(24.58,5.65,2.1));
#3923=VERTEX_POINT('',#3922);
#3924=CARTESIAN_POINT('',(288.375,5.65,2.1));
#3925=DIRECTION('',(-1.,0.,0.));
#3926=VECTOR('',#3925,263.795);
#3927=LINE('',#3924,#3926);
#3928=EDGE_CURVE('',#3915,#3923,#3927,.T.);
#3929=ORIENTED_EDGE('',*,*,#3928,.T.);
#3930=CARTESIAN_POINT('',(24.58,5.65,4.5));
#3931=VERTEX_POINT('',#3930);
#3932=CARTESIAN_POINT('',(24.58,5.65,2.1));
#3933=DIRECTION('',(0.,0.,1.));
#3934=VECTOR('',#3933,2.4);
#3935=LINE('',#3932,#3934);
#3936=EDGE_CURVE('',#3923,#3931,#3935,.T.);
#3937=ORIENTED_EDGE('',*,*,#3936,.T.);
#3938=CARTESIAN_POINT('',(21.98,5.65,7.1));
#3939=VERTEX_POINT('',#3938);
#3940=CARTESIAN_POINT('',(21.98,5.65,4.5));
#3941=DIRECTION('',(-0.,-1.,-0.));
#3942=DIRECTION('',(0.,-0.,1.));
#3943=AXIS2_PLACEMENT_3D('',#3940,#3941,#3942);
#3944=CIRCLE('',#3943,2.6);
#3945=EDGE_CURVE('',#3931,#3939,#3944,.T.);
#3946=ORIENTED_EDGE('',*,*,#3945,.T.);
#3947=CARTESIAN_POINT('',(14.78,5.65,7.1));
#3948=VERTEX_POINT('',#3947);
#3949=CARTESIAN_POINT('',(21.98,5.65,7.1));
#3950=DIRECTION('',(-1.,0.,0.));
#3951=VECTOR('',#3950,7.2);
#3952=LINE('',#3949,#3951);
#3953=EDGE_CURVE('',#3939,#3948,#3952,.T.);
#3954=ORIENTED_EDGE('',*,*,#3953,.T.);
#3955=CARTESIAN_POINT('',(12.18,5.65,4.5));
#3956=VERTEX_POINT('',#3955);
#3957=CARTESIAN_POINT('',(14.78,5.65,4.5));
#3958=DIRECTION('',(-0.,-1.,-0.));
#3959=DIRECTION('',(0.,-0.,1.));
#3960=AXIS2_PLACEMENT_3D('',#3957,#3958,#3959);
#3961=CIRCLE('',#3960,2.6);
#3962=EDGE_CURVE('',#3948,#3956,#3961,.T.);
#3963=ORIENTED_EDGE('',*,*,#3962,.T.);
#3964=CARTESIAN_POINT('',(12.18,5.65,2.1));
#3965=VERTEX_POINT('',#3964);
#3966=CARTESIAN_POINT('',(12.18,5.65,4.5));
#3967=DIRECTION('',(0.,0.,-1.));
#3968=VECTOR('',#3967,2.4);
#3969=LINE('',#3966,#3968);
#3970=EDGE_CURVE('',#3956,#3965,#3969,.T.);
#3971=ORIENTED_EDGE('',*,*,#3970,.T.);
#3972=CARTESIAN_POINT('',(-3.,5.65,2.1));
#3973=VERTEX_POINT('',#3972);
#3974=CARTESIAN_POINT('',(12.18,5.65,2.1));
#3975=DIRECTION('',(-1.,0.,0.));
#3976=VECTOR('',#3975,15.18);
#3977=LINE('',#3974,#3976);
#3978=EDGE_CURVE('',#3965,#3973,#3977,.T.);
#3979=ORIENTED_EDGE('',*,*,#3978,.T.);
#3980=CARTESIAN_POINT('',(-3.,5.65,2.1));
#3981=DIRECTION('',(0.,0.,1.));
#3982=VECTOR('',#3981,3.9);
#3983=LINE('',#3980,#3982);
#3984=EDGE_CURVE('',#3973,#286,#3983,.T.);
#3985=ORIENTED_EDGE('',*,*,#3984,.T.);
#3986=ORIENTED_EDGE('',*,*,#291,.T.);
#3987=CARTESIAN_POINT('',(10.98,5.65,6.5));
#3988=VERTEX_POINT('',#3987);
#3989=CARTESIAN_POINT('',(10.48,5.65,6.5));
#3990=DIRECTION('',(-0.,-1.,-0.));
#3991=DIRECTION('',(0.,-0.,1.));
#3992=AXIS2_PLACEMENT_3D('',#3989,#3990,#3991);
#3993=CIRCLE('',#3992,0.5);
#3994=EDGE_CURVE('',#278,#3988,#3993,.T.);
#3995=ORIENTED_EDGE('',*,*,#3994,.T.);
#3996=CARTESIAN_POINT('',(10.98,5.65,7.5));
#3997=VERTEX_POINT('',#3996);
#3998=CARTESIAN_POINT('',(10.98,5.65,6.5));
#3999=DIRECTION('',(0.,0.,1.));
#4000=VECTOR('',#3999,1.);
#4001=LINE('',#3998,#4000);
#4002=EDGE_CURVE('',#3988,#3997,#4001,.T.);
#4003=ORIENTED_EDGE('',*,*,#4002,.T.);
#4004=CARTESIAN_POINT('',(11.48,5.65,8.));
#4005=VERTEX_POINT('',#4004);
#4006=CARTESIAN_POINT('',(11.48,5.65,7.5));
#4007=DIRECTION('',(0.,1.,0.));
#4008=DIRECTION('',(0.,-0.,1.));
#4009=AXIS2_PLACEMENT_3D('',#4006,#4007,#4008);
#4010=CIRCLE('',#4009,0.5);
#4011=EDGE_CURVE('',#3997,#4005,#4010,.T.);
#4012=ORIENTED_EDGE('',*,*,#4011,.T.);
#4013=CARTESIAN_POINT('',(25.28,5.65,8.));
#4014=VERTEX_POINT('',#4013);
#4015=CARTESIAN_POINT('',(11.48,5.65,8.));
#4016=DIRECTION('',(1.,0.,0.));
#4017=VECTOR('',#4016,13.8);
#4018=LINE('',#4015,#4017);
#4019=EDGE_CURVE('',#4005,#4014,#4018,.T.);
#4020=ORIENTED_EDGE('',*,*,#4019,.T.);
#4021=CARTESIAN_POINT('',(25.78,5.65,7.5));
#4022=VERTEX_POINT('',#4021);
#4023=CARTESIAN_POINT('',(25.28,5.65,7.5));
#4024=DIRECTION('',(0.,1.,0.));
#4025=DIRECTION('',(0.,-0.,1.));
#4026=AXIS2_PLACEMENT_3D('',#4023,#4024,#4025);
#4027=CIRCLE('',#4026,0.5);
#4028=EDGE_CURVE('',#4014,#4022,#4027,.T.);
#4029=ORIENTED_EDGE('',*,*,#4028,.T.);
#4030=CARTESIAN_POINT('',(25.78,5.65,6.5));
#4031=VERTEX_POINT('',#4030);
#4032=CARTESIAN_POINT('',(25.78,5.65,6.5));
#4033=DIRECTION('',(0.,0.,1.));
#4034=VECTOR('',#4033,1.);
#4035=LINE('',#4032,#4034);
#4036=EDGE_CURVE('',#4031,#4022,#4035,.T.);
#4037=ORIENTED_EDGE('',*,*,#4036,.F.);
#4038=CARTESIAN_POINT('',(26.28,5.65,6.5));
#4039=DIRECTION('',(-0.,-1.,-0.));
#4040=DIRECTION('',(0.,-0.,1.));
#4041=AXIS2_PLACEMENT_3D('',#4038,#4039,#4040);
#4042=CIRCLE('',#4041,0.5);
#4043=EDGE_CURVE('',#4031,#186,#4042,.T.);
#4044=ORIENTED_EDGE('',*,*,#4043,.T.);
#4045=EDGE_LOOP('',(#3913,#3921,#3929,#3937,#3946,#3954,#3963,#3971,#3979,#3985,#3986,#3995,#4003,#4012,#4020,#4029,#4037,#4044));
#4046=FACE_BOUND('',#4045,.T.);
#4047=ADVANCED_FACE('',(#4046),#3912,.T.);
#4048=CARTESIAN_POINT('',(142.6875,5.65,2.1));
#4049=DIRECTION('',(0.,0.707106781,-0.707106781));
#4050=DIRECTION('',(1.,0.,0.));
#4051=AXIS2_PLACEMENT_3D('',#4048,#4049,#4050);
#4052=PLANE('',#4051);
#4053=ORIENTED_EDGE('',*,*,#3928,.F.);
#4054=CARTESIAN_POINT('',(288.375,5.65,2.1));
#4055=DIRECTION('',(0.,-0.707106781,-0.707106781));
#4056=VECTOR('',#4055,0.848528137);
#4057=LINE('',#4054,#4056);
#4058=EDGE_CURVE('',#3915,#1332,#4057,.T.);
#4059=ORIENTED_EDGE('',*,*,#4058,.T.);
#4060=ORIENTED_EDGE('',*,*,#1337,.F.);
#4061=CARTESIAN_POINT('',(24.58,5.65,2.1));
#4062=DIRECTION('',(-0.,-0.707106781,-0.707106781));
#4063=VECTOR('',#4062,0.848528137);
#4064=LINE('',#4061,#4063);
#4065=EDGE_CURVE('',#3923,#1324,#4064,.T.);
#4066=ORIENTED_EDGE('',*,*,#4065,.F.);
#4067=EDGE_LOOP('',(#4053,#4059,#4060,#4066));
#4068=FACE_BOUND('',#4067,.T.);
#4069=ADVANCED_FACE('',(#4068),#4052,.T.);
#4070=CARTESIAN_POINT('',(142.6875,-101.275,2.1));
#4071=DIRECTION('',(0.,-0.707106781,-0.707106781));
#4072=DIRECTION('',(-1.,0.,0.));
#4073=AXIS2_PLACEMENT_3D('',#4070,#4071,#4072);
#4074=PLANE('',#4073);
#4075=ORIENTED_EDGE('',*,*,#3897,.F.);
#4076=CARTESIAN_POINT('',(-3.,-101.275,2.1));
#4077=DIRECTION('',(0.,0.707106781,-0.707106781));
#4078=VECTOR('',#4077,0.848528137);
#4079=LINE('',#4076,#4078);
#4080=EDGE_CURVE('',#3884,#1266,#4079,.T.);
#4081=ORIENTED_EDGE('',*,*,#4080,.T.);
#4082=ORIENTED_EDGE('',*,*,#1271,.F.);
#4083=CARTESIAN_POINT('',(288.375,-101.275,2.1));
#4084=DIRECTION('',(0.,0.707106781,-0.707106781));
#4085=VECTOR('',#4084,0.848528137);
#4086=LINE('',#4083,#4085);
#4087=EDGE_CURVE('',#3892,#1257,#4086,.T.);
#4088=ORIENTED_EDGE('',*,*,#4087,.F.);
#4089=EDGE_LOOP('',(#4075,#4081,#4082,#4088));
#4090=FACE_BOUND('',#4089,.T.);
#4091=ADVANCED_FACE('',(#4090),#4074,.T.);
#4092=CARTESIAN_POINT('',(167.6875,3.4,4.));
#4093=DIRECTION('',(-1.,0.,0.));
#4094=DIRECTION('',(0.,0.,1.));
#4095=AXIS2_PLACEMENT_3D('',#4092,#4093,#4094);
#4096=PLANE('',#4095);
#4097=CARTESIAN_POINT('',(167.6875,3.65,4.));
#4098=VERTEX_POINT('',#4097);
#4099=CARTESIAN_POINT('',(167.6875,1.65,4.));
#4100=VERTEX_POINT('',#4099);
#4101=CARTESIAN_POINT('',(167.6875,3.65,4.));
#4102=DIRECTION('',(0.,-1.,0.));
#4103=VECTOR('',#4102,2.);
#4104=LINE('',#4101,#4103);
#4105=EDGE_CURVE('',#4098,#4100,#4104,.T.);
#4106=ORIENTED_EDGE('',*,*,#4105,.T.);
#4107=CARTESIAN_POINT('',(167.6875,1.65,4.));
#4108=DIRECTION('',(0.,0.,1.));
#4109=VECTOR('',#4108,2.);
#4110=LINE('',#4107,#4109);
#4111=EDGE_CURVE('',#4100,#687,#4110,.T.);
#4112=ORIENTED_EDGE('',*,*,#4111,.T.);
#4113=ORIENTED_EDGE('',*,*,#692,.F.);
#4114=CARTESIAN_POINT('',(167.6875,3.65,6.));
#4115=DIRECTION('',(-0.,-0.,-1.));
#4116=VECTOR('',#4115,2.);
#4117=LINE('',#4114,#4116);
#4118=EDGE_CURVE('',#678,#4098,#4117,.T.);
#4119=ORIENTED_EDGE('',*,*,#4118,.T.);
#4120=EDGE_LOOP('',(#4106,#4112,#4113,#4119));
#4121=FACE_BOUND('',#4120,.T.);
#4122=ADVANCED_FACE('',(#4121),#4096,.T.);
#4123=CARTESIAN_POINT('',(142.6875,4.15,4.));
#4124=DIRECTION('',(0.,-1.,0.));
#4125=DIRECTION('',(0.,0.,-1.));
#4126=AXIS2_PLACEMENT_3D('',#4123,#4124,#4125);
#4127=PLANE('',#4126);
#4128=CARTESIAN_POINT('',(118.1875,4.15,4.));
#4129=VERTEX_POINT('',#4128);
#4130=CARTESIAN_POINT('',(167.1875,4.15,4.));
#4131=VERTEX_POINT('',#4130);
#4132=CARTESIAN_POINT('',(118.1875,4.15,4.));
#4133=DIRECTION('',(1.,0.,-0.));
#4134=VECTOR('',#4133,49.);
#4135=LINE('',#4132,#4134);
#4136=EDGE_CURVE('',#4129,#4131,#4135,.T.);
#4137=ORIENTED_EDGE('',*,*,#4136,.T.);
#4138=CARTESIAN_POINT('',(167.1875,4.15,4.));
#4139=DIRECTION('',(0.,0.,1.));
#4140=VECTOR('',#4139,2.);
#4141=LINE('',#4138,#4140);
#4142=EDGE_CURVE('',#4131,#670,#4141,.T.);
#4143=ORIENTED_EDGE('',*,*,#4142,.T.);
#4144=ORIENTED_EDGE('',*,*,#675,.F.);
#4145=CARTESIAN_POINT('',(118.1875,4.15,6.));
#4146=DIRECTION('',(-0.,-0.,-1.));
#4147=VECTOR('',#4146,2.);
#4148=LINE('',#4145,#4147);
#4149=EDGE_CURVE('',#661,#4129,#4148,.T.);
#4150=ORIENTED_EDGE('',*,*,#4149,.T.);
#4151=EDGE_LOOP('',(#4137,#4143,#4144,#4150));
#4152=FACE_BOUND('',#4151,.T.);
#4153=ADVANCED_FACE('',(#4152),#4127,.T.);
#4154=CARTESIAN_POINT('',(117.6875,3.4,4.));
#4155=DIRECTION('',(1.,0.,0.));
#4156=DIRECTION('',(0.,0.,-1.));
#4157=AXIS2_PLACEMENT_3D('',#4154,#4155,#4156);
#4158=PLANE('',#4157);
#4159=ORIENTED_EDGE('',*,*,#658,.F.);
#4160=CARTESIAN_POINT('',(117.6875,1.65,4.));
#4161=VERTEX_POINT('',#4160);
#4162=CARTESIAN_POINT('',(117.6875,1.65,6.));
#4163=DIRECTION('',(-0.,-0.,-1.));
#4164=VECTOR('',#4163,2.);
#4165=LINE('',#4162,#4164);
#4166=EDGE_CURVE('',#651,#4161,#4165,.T.);
#4167=ORIENTED_EDGE('',*,*,#4166,.T.);
#4168=CARTESIAN_POINT('',(117.6875,3.65,4.));
#4169=VERTEX_POINT('',#4168);
#4170=CARTESIAN_POINT('',(117.6875,1.65,4.));
#4171=DIRECTION('',(0.,1.,0.));
#4172=VECTOR('',#4171,2.);
#4173=LINE('',#4170,#4172);
#4174=EDGE_CURVE('',#4161,#4169,#4173,.T.);
#4175=ORIENTED_EDGE('',*,*,#4174,.T.);
#4176=CARTESIAN_POINT('',(117.6875,3.65,4.));
#4177=DIRECTION('',(0.,0.,1.));
#4178=VECTOR('',#4177,2.);
#4179=LINE('',#4176,#4178);
#4180=EDGE_CURVE('',#4169,#653,#4179,.T.);
#4181=ORIENTED_EDGE('',*,*,#4180,.T.);
#4182=EDGE_LOOP('',(#4159,#4167,#4175,#4181));
#4183=FACE_BOUND('',#4182,.T.);
#4184=ADVANCED_FACE('',(#4183),#4158,.T.);
#4185=CARTESIAN_POINT('',(142.6875,1.15,4.));
#4186=DIRECTION('',(0.,1.,0.));
#4187=DIRECTION('',(0.,0.,1.));
#4188=AXIS2_PLACEMENT_3D('',#4185,#4186,#4187);
#4189=PLANE('',#4188);
#4190=ORIENTED_EDGE('',*,*,#709,.F.);
#4191=CARTESIAN_POINT('',(167.1875,1.15,4.));
#4192=VERTEX_POINT('',#4191);
#4193=CARTESIAN_POINT('',(167.1875,1.15,6.));
#4194=DIRECTION('',(-0.,-0.,-1.));
#4195=VECTOR('',#4194,2.);
#4196=LINE('',#4193,#4195);
#4197=EDGE_CURVE('',#695,#4192,#4196,.T.);
#4198=ORIENTED_EDGE('',*,*,#4197,.T.);
#4199=CARTESIAN_POINT('',(118.1875,1.15,4.));
#4200=VERTEX_POINT('',#4199);
#4201=CARTESIAN_POINT('',(167.1875,1.15,4.));
#4202=DIRECTION('',(-1.,0.,0.));
#4203=VECTOR('',#4202,49.);
#4204=LINE('',#4201,#4203);
#4205=EDGE_CURVE('',#4192,#4200,#4204,.T.);
#4206=ORIENTED_EDGE('',*,*,#4205,.T.);
#4207=CARTESIAN_POINT('',(118.1875,1.15,4.));
#4208=DIRECTION('',(0.,0.,1.));
#4209=VECTOR('',#4208,2.);
#4210=LINE('',#4207,#4209);
#4211=EDGE_CURVE('',#4200,#704,#4210,.T.);
#4212=ORIENTED_EDGE('',*,*,#4211,.T.);
#4213=EDGE_LOOP('',(#4190,#4198,#4206,#4212));
#4214=FACE_BOUND('',#4213,.T.);
#4215=ADVANCED_FACE('',(#4214),#4189,.T.);
#4216=CARTESIAN_POINT('',(0.,0.,4.));
#4217=DIRECTION('',(0.,0.,1.));
#4218=DIRECTION('',(1.,0.,0.));
#4219=AXIS2_PLACEMENT_3D('',#4216,#4217,#4218);
#4220=PLANE('',#4219);
#4221=ORIENTED_EDGE('',*,*,#4205,.F.);
#4222=CARTESIAN_POINT('',(167.1875,1.65,4.));
#4223=DIRECTION('',(0.,0.,1.));
#4224=DIRECTION('',(1.,0.,-0.));
#4225=AXIS2_PLACEMENT_3D('',#4222,#4223,#4224);
#4226=CIRCLE('',#4225,0.5);
#4227=EDGE_CURVE('',#4192,#4100,#4226,.T.);
#4228=ORIENTED_EDGE('',*,*,#4227,.T.);
#4229=ORIENTED_EDGE('',*,*,#4105,.F.);
#4230=CARTESIAN_POINT('',(167.1875,3.65,4.));
#4231=DIRECTION('',(0.,0.,1.));
#4232=DIRECTION('',(1.,0.,-0.));
#4233=AXIS2_PLACEMENT_3D('',#4230,#4231,#4232);
#4234=CIRCLE('',#4233,0.5);
#4235=EDGE_CURVE('',#4098,#4131,#4234,.T.);
#4236=ORIENTED_EDGE('',*,*,#4235,.T.);
#4237=ORIENTED_EDGE('',*,*,#4136,.F.);
#4238=CARTESIAN_POINT('',(118.1875,3.65,4.));
#4239=DIRECTION('',(0.,0.,1.));
#4240=DIRECTION('',(1.,0.,-0.));
#4241=AXIS2_PLACEMENT_3D('',#4238,#4239,#4240);
#4242=CIRCLE('',#4241,0.5);
#4243=EDGE_CURVE('',#4129,#4169,#4242,.T.);
#4244=ORIENTED_EDGE('',*,*,#4243,.T.);
#4245=ORIENTED_EDGE('',*,*,#4174,.F.);
#4246=CARTESIAN_POINT('',(118.1875,1.65,4.));
#4247=DIRECTION('',(0.,0.,1.));
#4248=DIRECTION('',(1.,0.,-0.));
#4249=AXIS2_PLACEMENT_3D('',#4246,#4247,#4248);
#4250=CIRCLE('',#4249,0.5);
#4251=EDGE_CURVE('',#4161,#4200,#4250,.T.);
#4252=ORIENTED_EDGE('',*,*,#4251,.T.);
#4253=EDGE_LOOP('',(#4221,#4228,#4229,#4236,#4237,#4244,#4245,#4252));
#4254=FACE_BOUND('',#4253,.T.);
#4255=ADVANCED_FACE('',(#4254),#4220,.T.);
#4256=CARTESIAN_POINT('',(167.6875,-97.525,4.));
#4257=DIRECTION('',(-1.,0.,0.));
#4258=DIRECTION('',(0.,0.,1.));
#4259=AXIS2_PLACEMENT_3D('',#4256,#4257,#4258);
#4260=PLANE('',#4259);
#4261=ORIENTED_EDGE('',*,*,#352,.F.);
#4262=CARTESIAN_POINT('',(167.6875,-97.275,4.));
#4263=VERTEX_POINT('',#4262);
#4264=CARTESIAN_POINT('',(167.6875,-97.275,6.));
#4265=DIRECTION('',(-0.,-0.,-1.));
#4266=VECTOR('',#4265,2.);
#4267=LINE('',#4264,#4266);
#4268=EDGE_CURVE('',#338,#4263,#4267,.T.);
#4269=ORIENTED_EDGE('',*,*,#4268,.T.);
#4270=CARTESIAN_POINT('',(167.6875,-99.275,4.));
#4271=VERTEX_POINT('',#4270);
#4272=CARTESIAN_POINT('',(167.6875,-97.275,4.));
#4273=DIRECTION('',(0.,-1.,0.));
#4274=VECTOR('',#4273,2.);
#4275=LINE('',#4272,#4274);
#4276=EDGE_CURVE('',#4263,#4271,#4275,.T.);
#4277=ORIENTED_EDGE('',*,*,#4276,.T.);
#4278=CARTESIAN_POINT('',(167.6875,-99.275,4.));
#4279=DIRECTION('',(0.,0.,1.));
#4280=VECTOR('',#4279,2.);
#4281=LINE('',#4278,#4280);
#4282=EDGE_CURVE('',#4271,#347,#4281,.T.);
#4283=ORIENTED_EDGE('',*,*,#4282,.T.);
#4284=EDGE_LOOP('',(#4261,#4269,#4277,#4283));
#4285=FACE_BOUND('',#4284,.T.);
#4286=ADVANCED_FACE('',(#4285),#4260,.T.);
#4287=CARTESIAN_POINT('',(142.6875,-96.775,4.));
#4288=DIRECTION('',(0.,-1.,0.));
#4289=DIRECTION('',(0.,0.,-1.));
#4290=AXIS2_PLACEMENT_3D('',#4287,#4288,#4289);
#4291=PLANE('',#4290);
#4292=CARTESIAN_POINT('',(118.1875,-96.775,4.));
#4293=VERTEX_POINT('',#4292);
#4294=CARTESIAN_POINT('',(167.1875,-96.775,4.));
#4295=VERTEX_POINT('',#4294);
#4296=CARTESIAN_POINT('',(118.1875,-96.775,4.));
#4297=DIRECTION('',(1.,0.,-0.));
#4298=VECTOR('',#4297,49.);
#4299=LINE('',#4296,#4298);
#4300=EDGE_CURVE('',#4293,#4295,#4299,.T.);
#4301=ORIENTED_EDGE('',*,*,#4300,.T.);
#4302=CARTESIAN_POINT('',(167.1875,-96.775,4.));
#4303=DIRECTION('',(0.,0.,1.));
#4304=VECTOR('',#4303,2.);
#4305=LINE('',#4302,#4304);
#4306=EDGE_CURVE('',#4295,#330,#4305,.T.);
#4307=ORIENTED_EDGE('',*,*,#4306,.T.);
#4308=ORIENTED_EDGE('',*,*,#335,.F.);
#4309=CARTESIAN_POINT('',(118.1875,-96.775,6.));
#4310=DIRECTION('',(-0.,-0.,-1.));
#4311=VECTOR('',#4310,2.);
#4312=LINE('',#4309,#4311);
#4313=EDGE_CURVE('',#321,#4293,#4312,.T.);
#4314=ORIENTED_EDGE('',*,*,#4313,.T.);
#4315=EDGE_LOOP('',(#4301,#4307,#4308,#4314));
#4316=FACE_BOUND('',#4315,.T.);
#4317=ADVANCED_FACE('',(#4316),#4291,.T.);
#4318=CARTESIAN_POINT('',(117.6875,-97.525,4.));
#4319=DIRECTION('',(1.,0.,0.));
#4320=DIRECTION('',(0.,0.,-1.));
#4321=AXIS2_PLACEMENT_3D('',#4318,#4319,#4320);
#4322=PLANE('',#4321);
#4323=ORIENTED_EDGE('',*,*,#318,.F.);
#4324=CARTESIAN_POINT('',(117.6875,-99.275,4.));
#4325=VERTEX_POINT('',#4324);
#4326=CARTESIAN_POINT('',(117.6875,-99.275,6.));
#4327=DIRECTION('',(-0.,-0.,-1.));
#4328=VECTOR('',#4327,2.);
#4329=LINE('',#4326,#4328);
#4330=EDGE_CURVE('',#311,#4325,#4329,.T.);
#4331=ORIENTED_EDGE('',*,*,#4330,.T.);
#4332=CARTESIAN_POINT('',(117.6875,-97.275,4.));
#4333=VERTEX_POINT('',#4332);
#4334=CARTESIAN_POINT('',(117.6875,-99.275,4.));
#4335=DIRECTION('',(0.,1.,0.));
#4336=VECTOR('',#4335,2.);
#4337=LINE('',#4334,#4336);
#4338=EDGE_CURVE('',#4325,#4333,#4337,.T.);
#4339=ORIENTED_EDGE('',*,*,#4338,.T.);
#4340=CARTESIAN_POINT('',(117.6875,-97.275,4.));
#4341=DIRECTION('',(0.,0.,1.));
#4342=VECTOR('',#4341,2.);
#4343=LINE('',#4340,#4342);
#4344=EDGE_CURVE('',#4333,#313,#4343,.T.);
#4345=ORIENTED_EDGE('',*,*,#4344,.T.);
#4346=EDGE_LOOP('',(#4323,#4331,#4339,#4345));
#4347=FACE_BOUND('',#4346,.T.);
#4348=ADVANCED_FACE('',(#4347),#4322,.T.);
#4349=CARTESIAN_POINT('',(142.6875,-99.775,4.));
#4350=DIRECTION('',(0.,1.,0.));
#4351=DIRECTION('',(0.,0.,1.));
#4352=AXIS2_PLACEMENT_3D('',#4349,#4350,#4351);
#4353=PLANE('',#4352);
#4354=CARTESIAN_POINT('',(167.1875,-99.775,4.));
#4355=VERTEX_POINT('',#4354);
#4356=CARTESIAN_POINT('',(118.1875,-99.775,4.));
#4357=VERTEX_POINT('',#4356);
#4358=CARTESIAN_POINT('',(167.1875,-99.775,4.));
#4359=DIRECTION('',(-1.,0.,0.));
#4360=VECTOR('',#4359,49.);
#4361=LINE('',#4358,#4360);
#4362=EDGE_CURVE('',#4355,#4357,#4361,.T.);
#4363=ORIENTED_EDGE('',*,*,#4362,.T.);
#4364=CARTESIAN_POINT('',(118.1875,-99.775,4.));
#4365=DIRECTION('',(0.,0.,1.));
#4366=VECTOR('',#4365,2.);
#4367=LINE('',#4364,#4366);
#4368=EDGE_CURVE('',#4357,#364,#4367,.T.);
#4369=ORIENTED_EDGE('',*,*,#4368,.T.);
#4370=ORIENTED_EDGE('',*,*,#369,.F.);
#4371=CARTESIAN_POINT('',(167.1875,-99.775,6.));
#4372=DIRECTION('',(-0.,-0.,-1.));
#4373=VECTOR('',#4372,2.);
#4374=LINE('',#4371,#4373);
#4375=EDGE_CURVE('',#355,#4355,#4374,.T.);
#4376=ORIENTED_EDGE('',*,*,#4375,.T.);
#4377=EDGE_LOOP('',(#4363,#4369,#4370,#4376));
#4378=FACE_BOUND('',#4377,.T.);
#4379=ADVANCED_FACE('',(#4378),#4353,.T.);
#4380=CARTESIAN_POINT('',(0.,0.,4.));
#4381=DIRECTION('',(0.,0.,1.));
#4382=DIRECTION('',(1.,0.,0.));
#4383=AXIS2_PLACEMENT_3D('',#4380,#4381,#4382);
#4384=PLANE('',#4383);
#4385=ORIENTED_EDGE('',*,*,#4338,.F.);
#4386=CARTESIAN_POINT('',(118.1875,-99.275,4.));
#4387=DIRECTION('',(0.,0.,1.));
#4388=DIRECTION('',(1.,0.,-0.));
#4389=AXIS2_PLACEMENT_3D('',#4386,#4387,#4388);
#4390=CIRCLE('',#4389,0.5);
#4391=EDGE_CURVE('',#4325,#4357,#4390,.T.);
#4392=ORIENTED_EDGE('',*,*,#4391,.T.);
#4393=ORIENTED_EDGE('',*,*,#4362,.F.);
#4394=CARTESIAN_POINT('',(167.1875,-99.275,4.));
#4395=DIRECTION('',(0.,0.,1.));
#4396=DIRECTION('',(1.,0.,-0.));
#4397=AXIS2_PLACEMENT_3D('',#4394,#4395,#4396);
#4398=CIRCLE('',#4397,0.5);
#4399=EDGE_CURVE('',#4355,#4271,#4398,.T.);
#4400=ORIENTED_EDGE('',*,*,#4399,.T.);
#4401=ORIENTED_EDGE('',*,*,#4276,.F.);
#4402=CARTESIAN_POINT('',(167.1875,-97.275,4.));
#4403=DIRECTION('',(0.,0.,1.));
#4404=DIRECTION('',(1.,0.,-0.));
#4405=AXIS2_PLACEMENT_3D('',#4402,#4403,#4404);
#4406=CIRCLE('',#4405,0.5);
#4407=EDGE_CURVE('',#4263,#4295,#4406,.T.);
#4408=ORIENTED_EDGE('',*,*,#4407,.T.);
#4409=ORIENTED_EDGE('',*,*,#4300,.F.);
#4410=CARTESIAN_POINT('',(118.1875,-97.275,4.));
#4411=DIRECTION('',(0.,0.,1.));
#4412=DIRECTION('',(1.,0.,-0.));
#4413=AXIS2_PLACEMENT_3D('',#4410,#4411,#4412);
#4414=CIRCLE('',#4413,0.5);
#4415=EDGE_CURVE('',#4293,#4333,#4414,.T.);
#4416=ORIENTED_EDGE('',*,*,#4415,.T.);
#4417=EDGE_LOOP('',(#4385,#4392,#4393,#4400,#4401,#4408,#4409,#4416));
#4418=FACE_BOUND('',#4417,.T.);
#4419=ADVANCED_FACE('',(#4418),#4384,.T.);
#4420=CARTESIAN_POINT('',(118.1875,-99.275,4.));
#4421=DIRECTION('',(0.,0.,-1.));
#4422=DIRECTION('',(-1.,0.,0.));
#4423=AXIS2_PLACEMENT_3D('',#4420,#4421,#4422);
#4424=CYLINDRICAL_SURFACE('',#4423,0.5);
#4425=ORIENTED_EDGE('',*,*,#4391,.F.);
#4426=ORIENTED_EDGE('',*,*,#4330,.F.);
#4427=ORIENTED_EDGE('',*,*,#376,.F.);
#4428=ORIENTED_EDGE('',*,*,#4368,.F.);
#4429=EDGE_LOOP('',(#4425,#4426,#4427,#4428));
#4430=FACE_BOUND('',#4429,.T.);
#4431=ADVANCED_FACE('',(#4430),#4424,.F.);
#4432=CARTESIAN_POINT('',(167.1875,-97.275,4.));
#4433=DIRECTION('',(0.,0.,-1.));
#4434=DIRECTION('',(-1.,0.,0.));
#4435=AXIS2_PLACEMENT_3D('',#4432,#4433,#4434);
#4436=CYLINDRICAL_SURFACE('',#4435,0.5);
#4437=ORIENTED_EDGE('',*,*,#4407,.F.);
#4438=ORIENTED_EDGE('',*,*,#4268,.F.);
#4439=ORIENTED_EDGE('',*,*,#344,.F.);
#4440=ORIENTED_EDGE('',*,*,#4306,.F.);
#4441=EDGE_LOOP('',(#4437,#4438,#4439,#4440));
#4442=FACE_BOUND('',#4441,.T.);
#4443=ADVANCED_FACE('',(#4442),#4436,.F.);
#4444=CARTESIAN_POINT('',(167.1875,1.65,4.));
#4445=DIRECTION('',(0.,0.,-1.));
#4446=DIRECTION('',(-1.,0.,0.));
#4447=AXIS2_PLACEMENT_3D('',#4444,#4445,#4446);
#4448=CYLINDRICAL_SURFACE('',#4447,0.5);
#4449=ORIENTED_EDGE('',*,*,#4227,.F.);
#4450=ORIENTED_EDGE('',*,*,#4197,.F.);
#4451=ORIENTED_EDGE('',*,*,#701,.F.);
#4452=ORIENTED_EDGE('',*,*,#4111,.F.);
#4453=EDGE_LOOP('',(#4449,#4450,#4451,#4452));
#4454=FACE_BOUND('',#4453,.T.);
#4455=ADVANCED_FACE('',(#4454),#4448,.F.);
#4456=CARTESIAN_POINT('',(118.1875,1.65,4.));
#4457=DIRECTION('',(0.,0.,-1.));
#4458=DIRECTION('',(-1.,0.,0.));
#4459=AXIS2_PLACEMENT_3D('',#4456,#4457,#4458);
#4460=CYLINDRICAL_SURFACE('',#4459,0.5);
#4461=ORIENTED_EDGE('',*,*,#4251,.F.);
#4462=ORIENTED_EDGE('',*,*,#4166,.F.);
#4463=ORIENTED_EDGE('',*,*,#716,.F.);
#4464=ORIENTED_EDGE('',*,*,#4211,.F.);
#4465=EDGE_LOOP('',(#4461,#4462,#4463,#4464));
#4466=FACE_BOUND('',#4465,.T.);
#4467=ADVANCED_FACE('',(#4466),#4460,.F.);
#4468=CARTESIAN_POINT('',(167.1875,-99.275,4.));
#4469=DIRECTION('',(0.,0.,-1.));
#4470=DIRECTION('',(-1.,0.,0.));
#4471=AXIS2_PLACEMENT_3D('',#4468,#4469,#4470);
#4472=CYLINDRICAL_SURFACE('',#4471,0.5);
#4473=ORIENTED_EDGE('',*,*,#4399,.F.);
#4474=ORIENTED_EDGE('',*,*,#4375,.F.);
#4475=ORIENTED_EDGE('',*,*,#361,.F.);
#4476=ORIENTED_EDGE('',*,*,#4282,.F.);
#4477=EDGE_LOOP('',(#4473,#4474,#4475,#4476));
#4478=FACE_BOUND('',#4477,.T.);
#4479=ADVANCED_FACE('',(#4478),#4472,.F.);
#4480=CARTESIAN_POINT('',(167.1875,3.65,4.));
#4481=DIRECTION('',(0.,0.,-1.));
#4482=DIRECTION('',(-1.,0.,0.));
#4483=AXIS2_PLACEMENT_3D('',#4480,#4481,#4482);
#4484=CYLINDRICAL_SURFACE('',#4483,0.5);
#4485=ORIENTED_EDGE('',*,*,#4235,.F.);
#4486=ORIENTED_EDGE('',*,*,#4118,.F.);
#4487=ORIENTED_EDGE('',*,*,#684,.F.);
#4488=ORIENTED_EDGE('',*,*,#4142,.F.);
#4489=EDGE_LOOP('',(#4485,#4486,#4487,#4488));
#4490=FACE_BOUND('',#4489,.T.);
#4491=ADVANCED_FACE('',(#4490),#4484,.F.);
#4492=CARTESIAN_POINT('',(118.1875,3.65,4.));
#4493=DIRECTION('',(0.,0.,-1.));
#4494=DIRECTION('',(-1.,0.,0.));
#4495=AXIS2_PLACEMENT_3D('',#4492,#4493,#4494);
#4496=CYLINDRICAL_SURFACE('',#4495,0.5);
#4497=ORIENTED_EDGE('',*,*,#4243,.F.);
#4498=ORIENTED_EDGE('',*,*,#4149,.F.);
#4499=ORIENTED_EDGE('',*,*,#667,.F.);
#4500=ORIENTED_EDGE('',*,*,#4180,.F.);
#4501=EDGE_LOOP('',(#4497,#4498,#4499,#4500));
#4502=FACE_BOUND('',#4501,.T.);
#4503=ADVANCED_FACE('',(#4502),#4496,.F.);
#4504=CARTESIAN_POINT('',(118.1875,-97.275,4.));
#4505=DIRECTION('',(0.,0.,-1.));
#4506=DIRECTION('',(-1.,0.,0.));
#4507=AXIS2_PLACEMENT_3D('',#4504,#4505,#4506);
#4508=CYLINDRICAL_SURFACE('',#4507,0.5);
#4509=ORIENTED_EDGE('',*,*,#4415,.F.);
#4510=ORIENTED_EDGE('',*,*,#4313,.F.);
#4511=ORIENTED_EDGE('',*,*,#327,.F.);
#4512=ORIENTED_EDGE('',*,*,#4344,.F.);
#4513=EDGE_LOOP('',(#4509,#4510,#4511,#4512));
#4514=FACE_BOUND('',#4513,.T.);
#4515=ADVANCED_FACE('',(#4514),#4508,.F.);
#4516=CARTESIAN_POINT('',(-2.9,-47.8125,8.6));
#4517=DIRECTION('',(0.,0.,-1.));
#4518=DIRECTION('',(-1.,0.,0.));
#4519=AXIS2_PLACEMENT_3D('',#4516,#4517,#4518);
#4520=CYLINDRICAL_SURFACE('',#4519,1.3);
#4521=CARTESIAN_POINT('',(-4.2,-47.8125,1.5));
#4522=DIRECTION('',(-0.,-0.,1.));
#4523=VECTOR('',#4522,4.5);
#4524=LINE('',#4521,#4523);
#4525=EDGE_CURVE('',#1357,#381,#4524,.T.);
#4526=ORIENTED_EDGE('',*,*,#4525,.F.);
#4527=ORIENTED_EDGE('',*,*,#1365,.T.);
#4528=ORIENTED_EDGE('',*,*,#1372,.T.);
#4529=ORIENTED_EDGE('',*,*,#4525,.T.);
#4530=ORIENTED_EDGE('',*,*,#389,.T.);
#4531=ORIENTED_EDGE('',*,*,#396,.T.);
#4532=EDGE_LOOP('',(#4526,#4527,#4528,#4529,#4530,#4531));
#4533=FACE_BOUND('',#4532,.T.);
#4534=ADVANCED_FACE('',(#4533),#4520,.F.);
#4535=CARTESIAN_POINT('',(-2.,-97.275,8.6));
#4536=DIRECTION('',(0.,0.,-1.));
#4537=DIRECTION('',(-1.,0.,0.));
#4538=AXIS2_PLACEMENT_3D('',#4535,#4536,#4537);
#4539=CYLINDRICAL_SURFACE('',#4538,1.3);
#4540=CARTESIAN_POINT('',(-3.3,-97.275,1.5));
#4541=DIRECTION('',(-0.,-0.,1.));
#4542=VECTOR('',#4541,4.5);
#4543=LINE('',#4540,#4542);
#4544=EDGE_CURVE('',#1377,#421,#4543,.T.);
#4545=ORIENTED_EDGE('',*,*,#4544,.F.);
#4546=ORIENTED_EDGE('',*,*,#1385,.T.);
#4547=ORIENTED_EDGE('',*,*,#1392,.T.);
#4548=ORIENTED_EDGE('',*,*,#4544,.T.);
#4549=ORIENTED_EDGE('',*,*,#429,.T.);
#4550=ORIENTED_EDGE('',*,*,#436,.T.);
#4551=EDGE_LOOP('',(#4545,#4546,#4547,#4548,#4549,#4550));
#4552=FACE_BOUND('',#4551,.T.);
#4553=ADVANCED_FACE('',(#4552),#4539,.F.);
#4554=CARTESIAN_POINT('',(106.015625,2.55,8.6));
#4555=DIRECTION('',(0.,0.,-1.));
#4556=DIRECTION('',(-1.,0.,0.));
#4557=AXIS2_PLACEMENT_3D('',#4554,#4555,#4556);
#4558=CYLINDRICAL_SURFACE('',#4557,1.3);
#4559=CARTESIAN_POINT('',(104.715625,2.55,1.5));
#4560=DIRECTION('',(-0.,-0.,1.));
#4561=VECTOR('',#4560,4.5);
#4562=LINE('',#4559,#4561);
#4563=EDGE_CURVE('',#1235,#81,#4562,.T.);
#4564=ORIENTED_EDGE('',*,*,#4563,.F.);
#4565=ORIENTED_EDGE('',*,*,#1243,.T.);
#4566=ORIENTED_EDGE('',*,*,#1250,.T.);
#4567=ORIENTED_EDGE('',*,*,#4563,.T.);
#4568=ORIENTED_EDGE('',*,*,#89,.T.);
#4569=ORIENTED_EDGE('',*,*,#96,.T.);
#4570=EDGE_LOOP('',(#4564,#4565,#4566,#4567,#4568,#4569));
#4571=FACE_BOUND('',#4570,.T.);
#4572=ADVANCED_FACE('',(#4571),#4558,.F.);
#4573=CARTESIAN_POINT('',(-2.,1.65,8.6));
#4574=DIRECTION('',(0.,0.,-1.));
#4575=DIRECTION('',(-1.,0.,0.));
#4576=AXIS2_PLACEMENT_3D('',#4573,#4574,#4575);
#4577=CYLINDRICAL_SURFACE('',#4576,1.3);
#4578=CARTESIAN_POINT('',(-3.3,1.65,1.5));
#4579=DIRECTION('',(-0.,-0.,1.));
#4580=VECTOR('',#4579,4.5);
#4581=LINE('',#4578,#4580);
#4582=EDGE_CURVE('',#1397,#401,#4581,.T.);
#4583=ORIENTED_EDGE('',*,*,#4582,.F.);
#4584=ORIENTED_EDGE('',*,*,#1405,.T.);
#4585=ORIENTED_EDGE('',*,*,#1412,.T.);
#4586=ORIENTED_EDGE('',*,*,#4582,.T.);
#4587=ORIENTED_EDGE('',*,*,#409,.T.);
#4588=ORIENTED_EDGE('',*,*,#416,.T.);
#4589=EDGE_LOOP('',(#4583,#4584,#4585,#4586,#4587,#4588));
#4590=FACE_BOUND('',#4589,.T.);
#4591=ADVANCED_FACE('',(#4590),#4577,.F.);
#4592=CARTESIAN_POINT('',(20.3,-6.9,2.5));
#4593=DIRECTION('',(0.,-1.,0.));
#4594=DIRECTION('',(0.,0.,-1.));
#4595=AXIS2_PLACEMENT_3D('',#4592,#4593,#4594);
#4596=PLANE('',#4595);
#4597=CARTESIAN_POINT('',(12.78,-6.9,2.5));
#4598=VERTEX_POINT('',#4597);
#4599=CARTESIAN_POINT('',(12.78,-6.9,2.5));
#4600=DIRECTION('',(0.,0.,1.));
#4601=VECTOR('',#4600,2.);
#4602=LINE('',#4599,#4601);
#4603=EDGE_CURVE('',#4598,#2349,#4602,.T.);
#4604=ORIENTED_EDGE('',*,*,#4603,.T.);
#4605=ORIENTED_EDGE('',*,*,#2354,.F.);
#4606=CARTESIAN_POINT('',(7.,-6.9,3.));
#4607=VERTEX_POINT('',#4606);
#4608=CARTESIAN_POINT('',(7.,-6.9,3.));
#4609=DIRECTION('',(0.,0.,1.));
#4610=VECTOR('',#4609,1.5);
#4611=LINE('',#4608,#4610);
#4612=EDGE_CURVE('',#4607,#2341,#4611,.T.);
#4613=ORIENTED_EDGE('',*,*,#4612,.F.);
#4614=CARTESIAN_POINT('',(2.,-6.9,3.));
#4615=VERTEX_POINT('',#4614);
#4616=CARTESIAN_POINT('',(2.,-6.9,3.));
#4617=DIRECTION('',(1.,0.,-0.));
#4618=VECTOR('',#4617,5.);
#4619=LINE('',#4616,#4618);
#4620=EDGE_CURVE('',#4615,#4607,#4619,.T.);
#4621=ORIENTED_EDGE('',*,*,#4620,.F.);
#4622=CARTESIAN_POINT('',(2.,-6.9,2.5));
#4623=VERTEX_POINT('',#4622);
#4624=CARTESIAN_POINT('',(2.,-6.9,2.5));
#4625=DIRECTION('',(0.,0.,1.));
#4626=VECTOR('',#4625,0.5);
#4627=LINE('',#4624,#4626);
#4628=EDGE_CURVE('',#4623,#4615,#4627,.T.);
#4629=ORIENTED_EDGE('',*,*,#4628,.F.);
#4630=CARTESIAN_POINT('',(2.,-6.9,2.5));
#4631=DIRECTION('',(1.,0.,-0.));
#4632=VECTOR('',#4631,10.78);
#4633=LINE('',#4630,#4632);
#4634=EDGE_CURVE('',#4623,#4598,#4633,.T.);
#4635=ORIENTED_EDGE('',*,*,#4634,.T.);
#4636=EDGE_LOOP('',(#4604,#4605,#4613,#4621,#4629,#4635));
#4637=FACE_BOUND('',#4636,.T.);
#4638=ADVANCED_FACE('',(#4637),#4596,.T.);
#4639=CARTESIAN_POINT('',(23.98,-2.8,1.));
#4640=DIRECTION('',(-1.,0.,0.));
#4641=DIRECTION('',(0.,0.,1.));
#4642=AXIS2_PLACEMENT_3D('',#4639,#4640,#4641);
#4643=PLANE('',#4642);
#4644=CARTESIAN_POINT('',(23.98,5.05,4.5));
#4645=VERTEX_POINT('',#4644);
#4646=CARTESIAN_POINT('',(23.98,-0.35,4.5));
#4647=DIRECTION('',(-0.,1.,-0.));
#4648=VECTOR('',#4647,5.4);
#4649=LINE('',#4646,#4648);
#4650=EDGE_CURVE('',#1907,#4645,#4649,.T.);
#4651=ORIENTED_EDGE('',*,*,#4650,.T.);
#4652=CARTESIAN_POINT('',(23.98,5.05,2.1));
#4653=VERTEX_POINT('',#4652);
#4654=CARTESIAN_POINT('',(23.98,5.05,4.5));
#4655=DIRECTION('',(0.,0.,-1.));
#4656=VECTOR('',#4655,2.4);
#4657=LINE('',#4654,#4656);
#4658=EDGE_CURVE('',#4645,#4653,#4657,.T.);
#4659=ORIENTED_EDGE('',*,*,#4658,.T.);
#4660=CARTESIAN_POINT('',(23.98,-9.9,2.1));
#4661=VERTEX_POINT('',#4660);
#4662=CARTESIAN_POINT('',(23.98,5.05,2.1));
#4663=DIRECTION('',(0.,-1.,0.));
#4664=VECTOR('',#4663,14.95);
#4665=LINE('',#4662,#4664);
#4666=EDGE_CURVE('',#4653,#4661,#4665,.T.);
#4667=ORIENTED_EDGE('',*,*,#4666,.T.);
#4668=CARTESIAN_POINT('',(23.98,-9.9,2.5));
#4669=VERTEX_POINT('',#4668);
#4670=CARTESIAN_POINT('',(23.98,-9.9,2.1));
#4671=DIRECTION('',(0.,0.,1.));
#4672=VECTOR('',#4671,0.4);
#4673=LINE('',#4670,#4672);
#4674=EDGE_CURVE('',#4661,#4669,#4673,.T.);
#4675=ORIENTED_EDGE('',*,*,#4674,.T.);
#4676=CARTESIAN_POINT('',(23.98,-6.9,2.5));
#4677=VERTEX_POINT('',#4676);
#4678=CARTESIAN_POINT('',(23.98,-9.9,2.5));
#4679=DIRECTION('',(0.,1.,0.));
#4680=VECTOR('',#4679,3.);
#4681=LINE('',#4678,#4680);
#4682=EDGE_CURVE('',#4669,#4677,#4681,.T.);
#4683=ORIENTED_EDGE('',*,*,#4682,.T.);
#4684=CARTESIAN_POINT('',(23.98,-6.9,2.5));
#4685=DIRECTION('',(0.,0.,1.));
#4686=VECTOR('',#4685,2.);
#4687=LINE('',#4684,#4686);
#4688=EDGE_CURVE('',#4677,#2223,#4687,.T.);
#4689=ORIENTED_EDGE('',*,*,#4688,.T.);
#4690=ORIENTED_EDGE('',*,*,#2228,.T.);
#4691=EDGE_LOOP('',(#4651,#4659,#4667,#4675,#4683,#4689,#4690));
#4692=FACE_BOUND('',#4691,.T.);
#4693=ADVANCED_FACE('',(#4692),#4643,.T.);
#4694=CARTESIAN_POINT('',(-6.,-47.8125,3.));
#4695=DIRECTION('',(-1.,0.,0.));
#4696=DIRECTION('',(0.,0.,1.));
#4697=AXIS2_PLACEMENT_3D('',#4694,#4695,#4696);
#4698=PLANE('',#4697);
#4699=CARTESIAN_POINT('',(-6.,2.65,2.1));
#4700=VERTEX_POINT('',#4699);
#4701=CARTESIAN_POINT('',(-6.,2.65,6.));
#4702=DIRECTION('',(-0.,-0.,-1.));
#4703=VECTOR('',#4702,3.9);
#4704=LINE('',#4701,#4703);
#4705=EDGE_CURVE('',#294,#4700,#4704,.T.);
#4706=ORIENTED_EDGE('',*,*,#4705,.T.);
#4707=CARTESIAN_POINT('',(-6.,-98.275,2.1));
#4708=VERTEX_POINT('',#4707);
#4709=CARTESIAN_POINT('',(-6.,2.65,2.1));
#4710=DIRECTION('',(0.,-1.,0.));
#4711=VECTOR('',#4710,100.925);
#4712=LINE('',#4709,#4711);
#4713=EDGE_CURVE('',#4700,#4708,#4712,.T.);
#4714=ORIENTED_EDGE('',*,*,#4713,.T.);
#4715=CARTESIAN_POINT('',(-6.,-98.275,2.1));
#4716=DIRECTION('',(0.,0.,1.));
#4717=VECTOR('',#4716,3.9);
#4718=LINE('',#4715,#4717);
#4719=EDGE_CURVE('',#4708,#141,#4718,.T.);
#4720=ORIENTED_EDGE('',*,*,#4719,.T.);
#4721=ORIENTED_EDGE('',*,*,#306,.T.);
#4722=EDGE_LOOP('',(#4706,#4714,#4720,#4721));
#4723=FACE_BOUND('',#4722,.T.);
#4724=ADVANCED_FACE('',(#4723),#4698,.T.);
#4725=CARTESIAN_POINT('',(20.3,-6.9,2.5));
#4726=DIRECTION('',(0.,-1.,0.));
#4727=DIRECTION('',(0.,0.,-1.));
#4728=AXIS2_PLACEMENT_3D('',#4725,#4726,#4727);
#4729=PLANE('',#4728);
#4730=ORIENTED_EDGE('',*,*,#4688,.F.);
#4731=CARTESIAN_POINT('',(37.,-6.9,2.5));
#4732=VERTEX_POINT('',#4731);
#4733=CARTESIAN_POINT('',(23.98,-6.9,2.5));
#4734=DIRECTION('',(1.,0.,-0.));
#4735=VECTOR('',#4734,13.02);
#4736=LINE('',#4733,#4735);
#4737=EDGE_CURVE('',#4677,#4732,#4736,.T.);
#4738=ORIENTED_EDGE('',*,*,#4737,.T.);
#4739=CARTESIAN_POINT('',(37.,-6.9,3.));
#4740=VERTEX_POINT('',#4739);
#4741=CARTESIAN_POINT('',(37.,-6.9,2.5));
#4742=DIRECTION('',(0.,0.,1.));
#4743=VECTOR('',#4742,0.5);
#4744=LINE('',#4741,#4743);
#4745=EDGE_CURVE('',#4732,#4740,#4744,.T.);
#4746=ORIENTED_EDGE('',*,*,#4745,.T.);
#4747=CARTESIAN_POINT('',(31.8,-6.9,3.));
#4748=VERTEX_POINT('',#4747);
#4749=CARTESIAN_POINT('',(31.8,-6.9,3.));
#4750=DIRECTION('',(1.,0.,-0.));
#4751=VECTOR('',#4750,5.2);
#4752=LINE('',#4749,#4751);
#4753=EDGE_CURVE('',#4748,#4740,#4752,.T.);
#4754=ORIENTED_EDGE('',*,*,#4753,.F.);
#4755=CARTESIAN_POINT('',(31.8,-6.9,3.));
#4756=DIRECTION('',(0.,0.,1.));
#4757=VECTOR('',#4756,1.5);
#4758=LINE('',#4755,#4757);
#4759=EDGE_CURVE('',#4748,#2231,#4758,.T.);
#4760=ORIENTED_EDGE('',*,*,#4759,.T.);
#4761=ORIENTED_EDGE('',*,*,#2236,.F.);
#4762=EDGE_LOOP('',(#4730,#4738,#4746,#4754,#4760,#4761));
#4763=FACE_BOUND('',#4762,.T.);
#4764=ADVANCED_FACE('',(#4763),#4729,.T.);
#4765=CARTESIAN_POINT('',(12.78,-2.8,1.));
#4766=DIRECTION('',(1.,0.,0.));
#4767=DIRECTION('',(0.,0.,-1.));
#4768=AXIS2_PLACEMENT_3D('',#4765,#4766,#4767);
#4769=PLANE('',#4768);
#4770=CARTESIAN_POINT('',(12.78,-9.9,2.1));
#4771=VERTEX_POINT('',#4770);
#4772=CARTESIAN_POINT('',(12.78,5.05,2.1));
#4773=VERTEX_POINT('',#4772);
#4774=CARTESIAN_POINT('',(12.78,-9.9,2.1));
#4775=DIRECTION('',(0.,1.,0.));
#4776=VECTOR('',#4775,14.95);
#4777=LINE('',#4774,#4776);
#4778=EDGE_CURVE('',#4771,#4773,#4777,.T.);
#4779=ORIENTED_EDGE('',*,*,#4778,.T.);
#4780=CARTESIAN_POINT('',(12.78,5.05,4.5));
#4781=VERTEX_POINT('',#4780);
#4782=CARTESIAN_POINT('',(12.78,5.05,2.1));
#4783=DIRECTION('',(0.,0.,1.));
#4784=VECTOR('',#4783,2.4);
#4785=LINE('',#4782,#4784);
#4786=EDGE_CURVE('',#4773,#4781,#4785,.T.);
#4787=ORIENTED_EDGE('',*,*,#4786,.T.);
#4788=CARTESIAN_POINT('',(12.78,5.05,4.5));
#4789=DIRECTION('',(0.,-1.,0.));
#4790=VECTOR('',#4789,5.4);
#4791=LINE('',#4788,#4790);
#4792=EDGE_CURVE('',#4781,#1882,#4791,.T.);
#4793=ORIENTED_EDGE('',*,*,#4792,.T.);
#4794=ORIENTED_EDGE('',*,*,#2360,.F.);
#4795=ORIENTED_EDGE('',*,*,#4603,.F.);
#4796=CARTESIAN_POINT('',(12.78,-9.9,2.5));
#4797=VERTEX_POINT('',#4796);
#4798=CARTESIAN_POINT('',(12.78,-9.9,2.5));
#4799=DIRECTION('',(0.,1.,0.));
#4800=VECTOR('',#4799,3.);
#4801=LINE('',#4798,#4800);
#4802=EDGE_CURVE('',#4797,#4598,#4801,.T.);
#4803=ORIENTED_EDGE('',*,*,#4802,.F.);
#4804=CARTESIAN_POINT('',(12.78,-9.9,2.1));
#4805=DIRECTION('',(0.,0.,1.));
#4806=VECTOR('',#4805,0.4);
#4807=LINE('',#4804,#4806);
#4808=EDGE_CURVE('',#4771,#4797,#4807,.T.);
#4809=ORIENTED_EDGE('',*,*,#4808,.F.);
#4810=EDGE_LOOP('',(#4779,#4787,#4793,#4794,#4795,#4803,#4809));
#4811=FACE_BOUND('',#4810,.T.);
#4812=ADVANCED_FACE('',(#4811),#4769,.T.);
#4813=CARTESIAN_POINT('',(-3.,2.65,3.));
#4814=DIRECTION('',(0.,0.,1.));
#4815=DIRECTION('',(1.,0.,-0.));
#4816=AXIS2_PLACEMENT_3D('',#4813,#4814,#4815);
#4817=CYLINDRICAL_SURFACE('',#4816,3.);
#4818=ORIENTED_EDGE('',*,*,#3984,.F.);
#4819=CARTESIAN_POINT('',(-3.,2.65,2.1));
#4820=DIRECTION('',(0.,0.,1.));
#4821=DIRECTION('',(1.,0.,-0.));
#4822=AXIS2_PLACEMENT_3D('',#4819,#4820,#4821);
#4823=CIRCLE('',#4822,3.);
#4824=EDGE_CURVE('',#3973,#4700,#4823,.T.);
#4825=ORIENTED_EDGE('',*,*,#4824,.T.);
#4826=ORIENTED_EDGE('',*,*,#4705,.F.);
#4827=ORIENTED_EDGE('',*,*,#300,.F.);
#4828=EDGE_LOOP('',(#4818,#4825,#4826,#4827));
#4829=FACE_BOUND('',#4828,.T.);
#4830=ADVANCED_FACE('',(#4829),#4817,.T.);
#4831=CARTESIAN_POINT('',(-3.,-98.275,3.));
#4832=DIRECTION('',(0.,0.,1.));
#4833=DIRECTION('',(1.,0.,-0.));
#4834=AXIS2_PLACEMENT_3D('',#4831,#4832,#4833);
#4835=CYLINDRICAL_SURFACE('',#4834,3.);
#4836=ORIENTED_EDGE('',*,*,#4719,.F.);
#4837=CARTESIAN_POINT('',(-3.,-98.275,2.1));
#4838=DIRECTION('',(0.,0.,1.));
#4839=DIRECTION('',(1.,0.,-0.));
#4840=AXIS2_PLACEMENT_3D('',#4837,#4838,#4839);
#4841=CIRCLE('',#4840,3.);
#4842=EDGE_CURVE('',#4708,#3884,#4841,.T.);
#4843=ORIENTED_EDGE('',*,*,#4842,.T.);
#4844=ORIENTED_EDGE('',*,*,#3889,.F.);
#4845=ORIENTED_EDGE('',*,*,#149,.F.);
#4846=EDGE_LOOP('',(#4836,#4843,#4844,#4845));
#4847=FACE_BOUND('',#4846,.T.);
#4848=ADVANCED_FACE('',(#4847),#4835,.T.);
#4849=CARTESIAN_POINT('',(-0.25,-93.0171,4.501885));
#4850=DIRECTION('',(-1.,0.,0.));
#4851=DIRECTION('',(0.,1.,0.));
#4852=AXIS2_PLACEMENT_3D('',#4849,#4850,#4851);
#4853=PLANE('',#4852);
#4854=CARTESIAN_POINT('',(-0.25,-93.275,6.));
#4855=DIRECTION('',(-0.,-0.,-1.));
#4856=VECTOR('',#4855,1.5);
#4857=LINE('',#4854,#4856);
#4858=EDGE_CURVE('',#244,#2373,#4857,.T.);
#4859=ORIENTED_EDGE('',*,*,#4858,.T.);
#4860=ORIENTED_EDGE('',*,*,#2378,.T.);
#4861=CARTESIAN_POINT('',(-0.25,-2.35,4.5));
#4862=DIRECTION('',(0.,0.,1.));
#4863=VECTOR('',#4862,1.5);
#4864=LINE('',#4861,#4863);
#4865=EDGE_CURVE('',#2364,#253,#4864,.T.);
#4866=ORIENTED_EDGE('',*,*,#4865,.T.);
#4867=ORIENTED_EDGE('',*,*,#258,.T.);
#4868=EDGE_LOOP('',(#4859,#4860,#4866,#4867));
#4869=FACE_BOUND('',#4868,.T.);
#4870=ADVANCED_FACE('',(#4869),#4853,.F.);
#4871=CARTESIAN_POINT('',(1.75,-2.35,4.501885));
#4872=DIRECTION('',(0.,0.,-1.));
#4873=DIRECTION('',(-1.,0.,0.));
#4874=AXIS2_PLACEMENT_3D('',#4871,#4872,#4873);
#4875=CYLINDRICAL_SURFACE('',#4874,2.);
#4876=ORIENTED_EDGE('',*,*,#2370,.F.);
#4877=ORIENTED_EDGE('',*,*,#1879,.F.);
#4878=ORIENTED_EDGE('',*,*,#267,.F.);
#4879=ORIENTED_EDGE('',*,*,#4865,.F.);
#4880=EDGE_LOOP('',(#4876,#4877,#4878,#4879));
#4881=FACE_BOUND('',#4880,.T.);
#4882=ADVANCED_FACE('',(#4881),#4875,.F.);
#4883=CARTESIAN_POINT('',(1.75,-93.275,4.501885));
#4884=DIRECTION('',(0.,0.,-1.));
#4885=DIRECTION('',(-1.,0.,0.));
#4886=AXIS2_PLACEMENT_3D('',#4883,#4884,#4885);
#4887=CYLINDRICAL_SURFACE('',#4886,2.);
#4888=ORIENTED_EDGE('',*,*,#2387,.F.);
#4889=ORIENTED_EDGE('',*,*,#4858,.F.);
#4890=ORIENTED_EDGE('',*,*,#250,.F.);
#4891=ORIENTED_EDGE('',*,*,#3865,.F.);
#4892=EDGE_LOOP('',(#4888,#4889,#4890,#4891));
#4893=FACE_BOUND('',#4892,.T.);
#4894=ADVANCED_FACE('',(#4893),#4887,.F.);
#4895=CARTESIAN_POINT('',(18.6,-9.9,1.));
#4896=DIRECTION('',(0.,1.,0.));
#4897=DIRECTION('',(0.,0.,1.));
#4898=AXIS2_PLACEMENT_3D('',#4895,#4896,#4897);
#4899=PLANE('',#4898);
#4900=ORIENTED_EDGE('',*,*,#4674,.F.);
#4901=CARTESIAN_POINT('',(23.98,-9.9,2.1));
#4902=DIRECTION('',(-1.,0.,0.));
#4903=VECTOR('',#4902,11.2);
#4904=LINE('',#4901,#4903);
#4905=EDGE_CURVE('',#4661,#4771,#4904,.T.);
#4906=ORIENTED_EDGE('',*,*,#4905,.T.);
#4907=ORIENTED_EDGE('',*,*,#4808,.T.);
#4908=CARTESIAN_POINT('',(12.78,-9.9,2.5));
#4909=DIRECTION('',(1.,0.,-0.));
#4910=VECTOR('',#4909,11.2);
#4911=LINE('',#4908,#4910);
#4912=EDGE_CURVE('',#4797,#4669,#4911,.T.);
#4913=ORIENTED_EDGE('',*,*,#4912,.T.);
#4914=EDGE_LOOP('',(#4900,#4906,#4907,#4913));
#4915=FACE_BOUND('',#4914,.T.);
#4916=ADVANCED_FACE('',(#4915),#4899,.T.);
#4917=CARTESIAN_POINT('',(13.78,1.0625,6.5));
#4918=DIRECTION('',(0.,0.,-1.));
#4919=DIRECTION('',(-1.,0.,0.));
#4920=AXIS2_PLACEMENT_3D('',#4917,#4918,#4919);
#4921=PLANE('',#4920);
#4922=CARTESIAN_POINT('',(14.78,5.05,6.5));
#4923=VERTEX_POINT('',#4922);
#4924=CARTESIAN_POINT('',(14.78,-0.35,6.5));
#4925=DIRECTION('',(-0.,1.,-0.));
#4926=VECTOR('',#4925,5.4);
#4927=LINE('',#4924,#4926);
#4928=EDGE_CURVE('',#1890,#4923,#4927,.T.);
#4929=ORIENTED_EDGE('',*,*,#4928,.T.);
#4930=CARTESIAN_POINT('',(21.98,5.05,6.5));
#4931=VERTEX_POINT('',#4930);
#4932=CARTESIAN_POINT('',(14.78,5.05,6.5));
#4933=DIRECTION('',(1.,0.,-0.));
#4934=VECTOR('',#4933,7.2);
#4935=LINE('',#4932,#4934);
#4936=EDGE_CURVE('',#4923,#4931,#4935,.T.);
#4937=ORIENTED_EDGE('',*,*,#4936,.T.);
#4938=CARTESIAN_POINT('',(21.98,5.05,6.5));
#4939=DIRECTION('',(0.,-1.,0.));
#4940=VECTOR('',#4939,5.4);
#4941=LINE('',#4938,#4940);
#4942=EDGE_CURVE('',#4931,#1899,#4941,.T.);
#4943=ORIENTED_EDGE('',*,*,#4942,.T.);
#4944=ORIENTED_EDGE('',*,*,#1904,.F.);
#4945=EDGE_LOOP('',(#4929,#4937,#4943,#4944));
#4946=FACE_BOUND('',#4945,.T.);
#4947=ADVANCED_FACE('',(#4946),#4921,.T.);
#4948=CARTESIAN_POINT('',(14.78,-2.8,4.5));
#4949=DIRECTION('',(0.,1.,0.));
#4950=DIRECTION('',(0.,-0.,1.));
#4951=AXIS2_PLACEMENT_3D('',#4948,#4949,#4950);
#4952=CYLINDRICAL_SURFACE('',#4951,2.);
#4953=ORIENTED_EDGE('',*,*,#4792,.F.);
#4954=CARTESIAN_POINT('',(14.78,5.05,4.5));
#4955=DIRECTION('',(0.,1.,0.));
#4956=DIRECTION('',(0.,-0.,1.));
#4957=AXIS2_PLACEMENT_3D('',#4954,#4955,#4956);
#4958=CIRCLE('',#4957,2.);
#4959=EDGE_CURVE('',#4781,#4923,#4958,.T.);
#4960=ORIENTED_EDGE('',*,*,#4959,.T.);
#4961=ORIENTED_EDGE('',*,*,#4928,.F.);
#4962=ORIENTED_EDGE('',*,*,#1896,.F.);
#4963=EDGE_LOOP('',(#4953,#4960,#4961,#4962));
#4964=FACE_BOUND('',#4963,.T.);
#4965=ADVANCED_FACE('',(#4964),#4952,.F.);
#4966=CARTESIAN_POINT('',(21.98,1.0625,4.5));
#4967=DIRECTION('',(0.,1.,0.));
#4968=DIRECTION('',(0.,-0.,1.));
#4969=AXIS2_PLACEMENT_3D('',#4966,#4967,#4968);
#4970=CYLINDRICAL_SURFACE('',#4969,2.);
#4971=ORIENTED_EDGE('',*,*,#4942,.F.);
#4972=CARTESIAN_POINT('',(21.98,5.05,4.5));
#4973=DIRECTION('',(0.,1.,0.));
#4974=DIRECTION('',(0.,-0.,1.));
#4975=AXIS2_PLACEMENT_3D('',#4972,#4973,#4974);
#4976=CIRCLE('',#4975,2.);
#4977=EDGE_CURVE('',#4931,#4645,#4976,.T.);
#4978=ORIENTED_EDGE('',*,*,#4977,.T.);
#4979=ORIENTED_EDGE('',*,*,#4650,.F.);
#4980=ORIENTED_EDGE('',*,*,#1913,.F.);
#4981=EDGE_LOOP('',(#4971,#4978,#4979,#4980));
#4982=FACE_BOUND('',#4981,.T.);
#4983=ADVANCED_FACE('',(#4982),#4970,.F.);
#4984=CARTESIAN_POINT('',(39.,-6.,2.));
#4985=DIRECTION('',(1.,0.,0.));
#4986=DIRECTION('',(0.,0.,-1.));
#4987=AXIS2_PLACEMENT_3D('',#4984,#4985,#4986);
#4988=PLANE('',#4987);
#4989=ORIENTED_EDGE('',*,*,#2481,.F.);
#4990=CARTESIAN_POINT('',(39.,-16.984777525,4.5));
#4991=DIRECTION('',(-0.,-0.,-1.));
#4992=VECTOR('',#4991,1.5);
#4993=LINE('',#4990,#4992);
#4994=EDGE_CURVE('',#2467,#2091,#4993,.T.);
#4995=ORIENTED_EDGE('',*,*,#4994,.T.);
#4996=ORIENTED_EDGE('',*,*,#2096,.F.);
#4997=ORIENTED_EDGE('',*,*,#2171,.F.);
#4998=ORIENTED_EDGE('',*,*,#2030,.T.);
#4999=CARTESIAN_POINT('',(39.,-2.4,2.5));
#5000=DIRECTION('',(0.,0.,1.));
#5001=VECTOR('',#5000,2.);
#5002=LINE('',#4999,#5001);
#5003=EDGE_CURVE('',#2016,#2476,#5002,.T.);
#5004=ORIENTED_EDGE('',*,*,#5003,.T.);
#5005=EDGE_LOOP('',(#4989,#4995,#4996,#4997,#4998,#5004));
#5006=FACE_BOUND('',#5005,.T.);
#5007=ADVANCED_FACE('',(#5006),#4988,.T.);
#5008=CARTESIAN_POINT('',(37.,-14.,2.5));
#5009=DIRECTION('',(-1.,0.,0.));
#5010=DIRECTION('',(0.,0.,1.));
#5011=AXIS2_PLACEMENT_3D('',#5008,#5009,#5010);
#5012=PLANE('',#5011);
#5013=CARTESIAN_POINT('',(37.,-17.,2.5));
#5014=VERTEX_POINT('',#5013);
#5015=CARTESIAN_POINT('',(37.,-6.9,2.5));
#5016=DIRECTION('',(0.,-1.,0.));
#5017=VECTOR('',#5016,10.1);
#5018=LINE('',#5015,#5017);
#5019=EDGE_CURVE('',#4732,#5014,#5018,.T.);
#5020=ORIENTED_EDGE('',*,*,#5019,.T.);
#5021=CARTESIAN_POINT('',(37.,-17.,2.5));
#5022=DIRECTION('',(0.,0.,1.));
#5023=VECTOR('',#5022,2.);
#5024=LINE('',#5021,#5023);
#5025=EDGE_CURVE('',#5014,#2273,#5024,.T.);
#5026=ORIENTED_EDGE('',*,*,#5025,.T.);
#5027=ORIENTED_EDGE('',*,*,#2278,.F.);
#5028=CARTESIAN_POINT('',(37.,-2.4,3.));
#5029=VERTEX_POINT('',#5028);
#5030=CARTESIAN_POINT('',(37.,-2.4,4.5));
#5031=DIRECTION('',(-0.,-0.,-1.));
#5032=VECTOR('',#5031,1.5);
#5033=LINE('',#5030,#5032);
#5034=EDGE_CURVE('',#2264,#5029,#5033,.T.);
#5035=ORIENTED_EDGE('',*,*,#5034,.T.);
#5036=CARTESIAN_POINT('',(37.,-2.4,3.));
#5037=DIRECTION('',(0.,-1.,0.));
#5038=VECTOR('',#5037,4.5);
#5039=LINE('',#5036,#5038);
#5040=EDGE_CURVE('',#5029,#4740,#5039,.T.);
#5041=ORIENTED_EDGE('',*,*,#5040,.T.);
#5042=ORIENTED_EDGE('',*,*,#4745,.F.);
#5043=EDGE_LOOP('',(#5020,#5026,#5027,#5035,#5041,#5042));
#5044=FACE_BOUND('',#5043,.T.);
#5045=ADVANCED_FACE('',(#5044),#5012,.T.);
#5046=CARTESIAN_POINT('',(2.,-14.,2.5));
#5047=DIRECTION('',(1.,0.,0.));
#5048=DIRECTION('',(0.,0.,-1.));
#5049=AXIS2_PLACEMENT_3D('',#5046,#5047,#5048);
#5050=PLANE('',#5049);
#5051=ORIENTED_EDGE('',*,*,#2312,.F.);
#5052=CARTESIAN_POINT('',(2.,-17.,2.5));
#5053=VERTEX_POINT('',#5052);
#5054=CARTESIAN_POINT('',(2.,-17.,4.5));
#5055=DIRECTION('',(-0.,-0.,-1.));
#5056=VECTOR('',#5055,2.);
#5057=LINE('',#5054,#5056);
#5058=EDGE_CURVE('',#2298,#5053,#5057,.T.);
#5059=ORIENTED_EDGE('',*,*,#5058,.T.);
#5060=CARTESIAN_POINT('',(2.,-17.,2.5));
#5061=DIRECTION('',(0.,1.,0.));
#5062=VECTOR('',#5061,10.1);
#5063=LINE('',#5060,#5062);
#5064=EDGE_CURVE('',#5053,#4623,#5063,.T.);
#5065=ORIENTED_EDGE('',*,*,#5064,.T.);
#5066=ORIENTED_EDGE('',*,*,#4628,.T.);
#5067=CARTESIAN_POINT('',(2.,-2.4,3.));
#5068=VERTEX_POINT('',#5067);
#5069=CARTESIAN_POINT('',(2.,-6.9,3.));
#5070=DIRECTION('',(0.,1.,0.));
#5071=VECTOR('',#5070,4.5);
#5072=LINE('',#5069,#5071);
#5073=EDGE_CURVE('',#4615,#5068,#5072,.T.);
#5074=ORIENTED_EDGE('',*,*,#5073,.T.);
#5075=CARTESIAN_POINT('',(2.,-2.4,3.));
#5076=DIRECTION('',(0.,0.,1.));
#5077=VECTOR('',#5076,1.5);
#5078=LINE('',#5075,#5077);
#5079=EDGE_CURVE('',#5068,#2307,#5078,.T.);
#5080=ORIENTED_EDGE('',*,*,#5079,.T.);
#5081=EDGE_LOOP('',(#5051,#5059,#5065,#5066,#5074,#5080));
#5082=FACE_BOUND('',#5081,.T.);
#5083=ADVANCED_FACE('',(#5082),#5050,.T.);
#5084=CARTESIAN_POINT('',(19.5,-17.5,2.5));
#5085=DIRECTION('',(0.,1.,0.));
#5086=DIRECTION('',(0.,0.,1.));
#5087=AXIS2_PLACEMENT_3D('',#5084,#5085,#5086);
#5088=PLANE('',#5087);
#5089=ORIENTED_EDGE('',*,*,#2295,.F.);
#5090=CARTESIAN_POINT('',(36.5,-17.5,2.5));
#5091=VERTEX_POINT('',#5090);
#5092=CARTESIAN_POINT('',(36.5,-17.5,4.5));
#5093=DIRECTION('',(-0.,-0.,-1.));
#5094=VECTOR('',#5093,2.);
#5095=LINE('',#5092,#5094);
#5096=EDGE_CURVE('',#2281,#5091,#5095,.T.);
#5097=ORIENTED_EDGE('',*,*,#5096,.T.);
#5098=CARTESIAN_POINT('',(2.5,-17.5,2.5));
#5099=VERTEX_POINT('',#5098);
#5100=CARTESIAN_POINT('',(36.5,-17.5,2.5));
#5101=DIRECTION('',(-1.,0.,0.));
#5102=VECTOR('',#5101,34.);
#5103=LINE('',#5100,#5102);
#5104=EDGE_CURVE('',#5091,#5099,#5103,.T.);
#5105=ORIENTED_EDGE('',*,*,#5104,.T.);
#5106=CARTESIAN_POINT('',(2.5,-17.5,2.5));
#5107=DIRECTION('',(0.,0.,1.));
#5108=VECTOR('',#5107,2.);
#5109=LINE('',#5106,#5108);
#5110=EDGE_CURVE('',#5099,#2290,#5109,.T.);
#5111=ORIENTED_EDGE('',*,*,#5110,.T.);
#5112=EDGE_LOOP('',(#5089,#5097,#5105,#5111));
#5113=FACE_BOUND('',#5112,.T.);
#5114=ADVANCED_FACE('',(#5113),#5088,.T.);
#5115=CARTESIAN_POINT('',(0.,-0.5,2.5));
#5116=DIRECTION('',(0.,0.,1.));
#5117=DIRECTION('',(1.,0.,0.));
#5118=AXIS2_PLACEMENT_3D('',#5115,#5116,#5117);
#5119=PLANE('',#5118);
#5120=ORIENTED_EDGE('',*,*,#5104,.F.);
#5121=CARTESIAN_POINT('',(36.5,-17.,2.5));
#5122=DIRECTION('',(0.,0.,1.));
#5123=DIRECTION('',(1.,0.,-0.));
#5124=AXIS2_PLACEMENT_3D('',#5121,#5122,#5123);
#5125=CIRCLE('',#5124,0.5);
#5126=EDGE_CURVE('',#5091,#5014,#5125,.T.);
#5127=ORIENTED_EDGE('',*,*,#5126,.T.);
#5128=ORIENTED_EDGE('',*,*,#5019,.F.);
#5129=ORIENTED_EDGE('',*,*,#4737,.F.);
#5130=ORIENTED_EDGE('',*,*,#4682,.F.);
#5131=ORIENTED_EDGE('',*,*,#4912,.F.);
#5132=ORIENTED_EDGE('',*,*,#4802,.T.);
#5133=ORIENTED_EDGE('',*,*,#4634,.F.);
#5134=ORIENTED_EDGE('',*,*,#5064,.F.);
#5135=CARTESIAN_POINT('',(2.5,-17.,2.5));
#5136=DIRECTION('',(0.,0.,1.));
#5137=DIRECTION('',(1.,0.,-0.));
#5138=AXIS2_PLACEMENT_3D('',#5135,#5136,#5137);
#5139=CIRCLE('',#5138,0.5);
#5140=EDGE_CURVE('',#5053,#5099,#5139,.T.);
#5141=ORIENTED_EDGE('',*,*,#5140,.T.);
#5142=EDGE_LOOP('',(#5120,#5127,#5128,#5129,#5130,#5131,#5132,#5133,#5134,#5141));
#5143=FACE_BOUND('',#5142,.T.);
#5144=ADVANCED_FACE('',(#5143),#5119,.T.);
#5145=CARTESIAN_POINT('',(3.,-48.,2.5));
#5146=DIRECTION('',(-1.,0.,0.));
#5147=DIRECTION('',(0.,0.,1.));
#5148=AXIS2_PLACEMENT_3D('',#5145,#5146,#5147);
#5149=PLANE('',#5148);
#5150=ORIENTED_EDGE('',*,*,#3393,.F.);
#5151=CARTESIAN_POINT('',(3.,-40.5,2.5));
#5152=DIRECTION('',(0.,0.,1.));
#5153=VECTOR('',#5152,2.);
#5154=LINE('',#5151,#5153);
#5155=EDGE_CURVE('',#3379,#3009,#5154,.T.);
#5156=ORIENTED_EDGE('',*,*,#5155,.T.);
#5157=ORIENTED_EDGE('',*,*,#3014,.T.);
#5158=CARTESIAN_POINT('',(3.,-55.5,4.5));
#5159=DIRECTION('',(-0.,-0.,-1.));
#5160=VECTOR('',#5159,2.);
#5161=LINE('',#5158,#5160);
#5162=EDGE_CURVE('',#3000,#3388,#5161,.T.);
#5163=ORIENTED_EDGE('',*,*,#5162,.T.);
#5164=EDGE_LOOP('',(#5150,#5156,#5157,#5163));
#5165=FACE_BOUND('',#5164,.T.);
#5166=ADVANCED_FACE('',(#5165),#5149,.F.);
#5167=CARTESIAN_POINT('',(13.5,-56.,2.5));
#5168=DIRECTION('',(0.,-1.,0.));
#5169=DIRECTION('',(0.,0.,-1.));
#5170=AXIS2_PLACEMENT_3D('',#5167,#5168,#5169);
#5171=PLANE('',#5170);
#5172=ORIENTED_EDGE('',*,*,#3410,.F.);
#5173=CARTESIAN_POINT('',(3.5,-56.,2.5));
#5174=DIRECTION('',(0.,0.,1.));
#5175=VECTOR('',#5174,2.);
#5176=LINE('',#5173,#5175);
#5177=EDGE_CURVE('',#3396,#2992,#5176,.T.);
#5178=ORIENTED_EDGE('',*,*,#5177,.T.);
#5179=ORIENTED_EDGE('',*,*,#2997,.T.);
#5180=ORIENTED_EDGE('',*,*,#3286,.F.);
#5181=CARTESIAN_POINT('',(25.,-56.,2.5));
#5182=DIRECTION('',(0.,0.,1.));
#5183=VECTOR('',#5182,0.5);
#5184=LINE('',#5181,#5183);
#5185=EDGE_CURVE('',#3405,#3275,#5184,.T.);
#5186=ORIENTED_EDGE('',*,*,#5185,.F.);
#5187=EDGE_LOOP('',(#5172,#5178,#5179,#5180,#5186));
#5188=FACE_BOUND('',#5187,.T.);
#5189=ADVANCED_FACE('',(#5188),#5171,.F.);
#5190=CARTESIAN_POINT('',(25.,-52.,2.5));
#5191=DIRECTION('',(1.,0.,0.));
#5192=DIRECTION('',(0.,0.,-1.));
#5193=AXIS2_PLACEMENT_3D('',#5190,#5191,#5192);
#5194=PLANE('',#5193);
#5195=ORIENTED_EDGE('',*,*,#3343,.T.);
#5196=CARTESIAN_POINT('',(25.,-51.,3.));
#5197=DIRECTION('',(-0.,-0.,-1.));
#5198=VECTOR('',#5197,0.5);
#5199=LINE('',#5196,#5198);
#5200=EDGE_CURVE('',#3331,#3413,#5199,.T.);
#5201=ORIENTED_EDGE('',*,*,#5200,.T.);
#5202=ORIENTED_EDGE('',*,*,#3418,.F.);
#5203=ORIENTED_EDGE('',*,*,#5185,.T.);
#5204=EDGE_LOOP('',(#5195,#5201,#5202,#5203));
#5205=FACE_BOUND('',#5204,.T.);
#5206=ADVANCED_FACE('',(#5205),#5194,.F.);
#5207=CARTESIAN_POINT('',(3.,-25.,2.5));
#5208=DIRECTION('',(1.,0.,0.));
#5209=DIRECTION('',(0.,0.,-1.));
#5210=AXIS2_PLACEMENT_3D('',#5207,#5208,#5209);
#5211=PLANE('',#5210);
#5212=ORIENTED_EDGE('',*,*,#2542,.F.);
#5213=CARTESIAN_POINT('',(3.,-34.5,4.5));
#5214=DIRECTION('',(-0.,-0.,-1.));
#5215=VECTOR('',#5214,1.5);
#5216=LINE('',#5213,#5215);
#5217=EDGE_CURVE('',#2528,#3173,#5216,.T.);
#5218=ORIENTED_EDGE('',*,*,#5217,.T.);
#5219=ORIENTED_EDGE('',*,*,#3178,.F.);
#5220=ORIENTED_EDGE('',*,*,#3255,.F.);
#5221=ORIENTED_EDGE('',*,*,#3132,.T.);
#5222=CARTESIAN_POINT('',(3.,-21.5,2.5));
#5223=DIRECTION('',(0.,0.,1.));
#5224=VECTOR('',#5223,2.);
#5225=LINE('',#5222,#5224);
#5226=EDGE_CURVE('',#3118,#2537,#5225,.T.);
#5227=ORIENTED_EDGE('',*,*,#5226,.T.);
#5228=EDGE_LOOP('',(#5212,#5218,#5219,#5220,#5221,#5227));
#5229=FACE_BOUND('',#5228,.T.);
#5230=ADVANCED_FACE('',(#5229),#5211,.T.);
#5231=CARTESIAN_POINT('',(3.,-63.,2.));
#5232=DIRECTION('',(-1.,0.,0.));
#5233=DIRECTION('',(0.,0.,1.));
#5234=AXIS2_PLACEMENT_3D('',#5231,#5232,#5233);
#5235=PLANE('',#5234);
#5236=ORIENTED_EDGE('',*,*,#3808,.F.);
#5237=CARTESIAN_POINT('',(3.,-59.5,2.5));
#5238=DIRECTION('',(0.,0.,1.));
#5239=VECTOR('',#5238,2.);
#5240=LINE('',#5237,#5239);
#5241=EDGE_CURVE('',#3794,#2692,#5240,.T.);
#5242=ORIENTED_EDGE('',*,*,#5241,.T.);
#5243=ORIENTED_EDGE('',*,*,#2697,.T.);
#5244=CARTESIAN_POINT('',(3.,-69.5,4.5));
#5245=DIRECTION('',(-0.,-0.,-1.));
#5246=VECTOR('',#5245,2.);
#5247=LINE('',#5244,#5246);
#5248=EDGE_CURVE('',#2683,#3803,#5247,.T.);
#5249=ORIENTED_EDGE('',*,*,#5248,.T.);
#5250=EDGE_LOOP('',(#5236,#5242,#5243,#5249));
#5251=FACE_BOUND('',#5250,.T.);
#5252=ADVANCED_FACE('',(#5251),#5235,.F.);
#5253=CARTESIAN_POINT('',(8.,-70.,2.));
#5254=DIRECTION('',(0.,-1.,0.));
#5255=DIRECTION('',(0.,0.,-1.));
#5256=AXIS2_PLACEMENT_3D('',#5253,#5254,#5255);
#5257=PLANE('',#5256);
#5258=ORIENTED_EDGE('',*,*,#3825,.F.);
#5259=CARTESIAN_POINT('',(3.5,-70.,2.5));
#5260=DIRECTION('',(0.,0.,1.));
#5261=VECTOR('',#5260,2.);
#5262=LINE('',#5259,#5261);
#5263=EDGE_CURVE('',#3811,#2675,#5262,.T.);
#5264=ORIENTED_EDGE('',*,*,#5263,.T.);
#5265=ORIENTED_EDGE('',*,*,#2680,.T.);
#5266=CARTESIAN_POINT('',(12.5,-70.,4.5));
#5267=DIRECTION('',(-0.,-0.,-1.));
#5268=VECTOR('',#5267,2.);
#5269=LINE('',#5266,#5268);
#5270=EDGE_CURVE('',#2666,#3820,#5269,.T.);
#5271=ORIENTED_EDGE('',*,*,#5270,.T.);
#5272=EDGE_LOOP('',(#5258,#5264,#5265,#5271));
#5273=FACE_BOUND('',#5272,.T.);
#5274=ADVANCED_FACE('',(#5273),#5257,.F.);
#5275=CARTESIAN_POINT('',(13.,-71.,2.));
#5276=DIRECTION('',(-1.,0.,0.));
#5277=DIRECTION('',(0.,0.,1.));
#5278=AXIS2_PLACEMENT_3D('',#5275,#5276,#5277);
#5279=PLANE('',#5278);
#5280=ORIENTED_EDGE('',*,*,#2663,.T.);
#5281=CARTESIAN_POINT('',(13.,-74.5,4.5));
#5282=DIRECTION('',(-0.,-0.,-1.));
#5283=VECTOR('',#5282,2.);
#5284=LINE('',#5281,#5283);
#5285=EDGE_CURVE('',#2649,#3837,#5284,.T.);
#5286=ORIENTED_EDGE('',*,*,#5285,.T.);
#5287=ORIENTED_EDGE('',*,*,#3842,.F.);
#5288=CARTESIAN_POINT('',(13.,-70.5,2.5));
#5289=DIRECTION('',(0.,0.,1.));
#5290=VECTOR('',#5289,2.);
#5291=LINE('',#5288,#5290);
#5292=EDGE_CURVE('',#3828,#2658,#5291,.T.);
#5293=ORIENTED_EDGE('',*,*,#5292,.T.);
#5294=EDGE_LOOP('',(#5280,#5286,#5287,#5293));
#5295=FACE_BOUND('',#5294,.T.);
#5296=ADVANCED_FACE('',(#5295),#5279,.F.);
#5297=CARTESIAN_POINT('',(31.,-71.,2.));
#5298=DIRECTION('',(1.,0.,0.));
#5299=DIRECTION('',(0.,0.,-1.));
#5300=AXIS2_PLACEMENT_3D('',#5297,#5298,#5299);
#5301=PLANE('',#5300);
#5302=ORIENTED_EDGE('',*,*,#3636,.T.);
#5303=CARTESIAN_POINT('',(31.,-70.1,3.));
#5304=DIRECTION('',(-0.,-0.,-1.));
#5305=VECTOR('',#5304,0.5);
#5306=LINE('',#5303,#5305);
#5307=EDGE_CURVE('',#3622,#3762,#5306,.T.);
#5308=ORIENTED_EDGE('',*,*,#5307,.T.);
#5309=ORIENTED_EDGE('',*,*,#3767,.F.);
#5310=ORIENTED_EDGE('',*,*,#3737,.T.);
#5311=EDGE_LOOP('',(#5302,#5308,#5309,#5310));
#5312=FACE_BOUND('',#5311,.T.);
#5313=ADVANCED_FACE('',(#5312),#5301,.F.);
#5314=CARTESIAN_POINT('',(40.,-94.,2.));
#5315=DIRECTION('',(0.,-1.,0.));
#5316=DIRECTION('',(0.,0.,-1.));
#5317=AXIS2_PLACEMENT_3D('',#5314,#5315,#5316);
#5318=PLANE('',#5317);
#5319=ORIENTED_EDGE('',*,*,#2800,.T.);
#5320=CARTESIAN_POINT('',(73.5,-94.,2.5));
#5321=VERTEX_POINT('',#5320);
#5322=CARTESIAN_POINT('',(73.5,-94.,4.5));
#5323=DIRECTION('',(-0.,-0.,-1.));
#5324=VECTOR('',#5323,2.);
#5325=LINE('',#5322,#5324);
#5326=EDGE_CURVE('',#2795,#5321,#5325,.T.);
#5327=ORIENTED_EDGE('',*,*,#5326,.T.);
#5328=CARTESIAN_POINT('',(3.5,-94.,2.5));
#5329=VERTEX_POINT('',#5328);
#5330=CARTESIAN_POINT('',(3.5,-94.,2.5));
#5331=DIRECTION('',(1.,0.,-0.));
#5332=VECTOR('',#5331,70.);
#5333=LINE('',#5330,#5332);
#5334=EDGE_CURVE('',#5329,#5321,#5333,.T.);
#5335=ORIENTED_EDGE('',*,*,#5334,.F.);
#5336=CARTESIAN_POINT('',(3.5,-94.,2.5));
#5337=DIRECTION('',(0.,0.,1.));
#5338=VECTOR('',#5337,2.);
#5339=LINE('',#5336,#5338);
#5340=EDGE_CURVE('',#5329,#2793,#5339,.T.);
#5341=ORIENTED_EDGE('',*,*,#5340,.T.);
#5342=EDGE_LOOP('',(#5319,#5327,#5335,#5341));
#5343=FACE_BOUND('',#5342,.T.);
#5344=ADVANCED_FACE('',(#5343),#5318,.F.);
#5345=CARTESIAN_POINT('',(74.,-86.,2.));
#5346=DIRECTION('',(1.,0.,0.));
#5347=DIRECTION('',(0.,0.,-1.));
#5348=AXIS2_PLACEMENT_3D('',#5345,#5346,#5347);
#5349=PLANE('',#5348);
#5350=CARTESIAN_POINT('',(74.,-93.5,2.5));
#5351=VERTEX_POINT('',#5350);
#5352=CARTESIAN_POINT('',(74.,-77.,2.5));
#5353=VERTEX_POINT('',#5352);
#5354=CARTESIAN_POINT('',(74.,-93.5,2.5));
#5355=DIRECTION('',(0.,1.,0.));
#5356=VECTOR('',#5355,16.5);
#5357=LINE('',#5354,#5356);
#5358=EDGE_CURVE('',#5351,#5353,#5357,.T.);
#5359=ORIENTED_EDGE('',*,*,#5358,.F.);
#5360=CARTESIAN_POINT('',(74.,-93.5,2.5));
#5361=DIRECTION('',(0.,0.,1.));
#5362=VECTOR('',#5361,2.);
#5363=LINE('',#5360,#5362);
#5364=EDGE_CURVE('',#5351,#2846,#5363,.T.);
#5365=ORIENTED_EDGE('',*,*,#5364,.T.);
#5366=ORIENTED_EDGE('',*,*,#2851,.T.);
#5367=CARTESIAN_POINT('',(74.,-77.,4.5));
#5368=DIRECTION('',(-0.,-0.,-1.));
#5369=VECTOR('',#5368,2.);
#5370=LINE('',#5367,#5369);
#5371=EDGE_CURVE('',#2837,#5353,#5370,.T.);
#5372=ORIENTED_EDGE('',*,*,#5371,.T.);
#5373=EDGE_LOOP('',(#5359,#5365,#5366,#5372));
#5374=FACE_BOUND('',#5373,.T.);
#5375=ADVANCED_FACE('',(#5374),#5349,.F.);
#5376=CARTESIAN_POINT('',(40.,-76.5,2.));
#5377=DIRECTION('',(0.,1.,0.));
#5378=DIRECTION('',(0.,0.,1.));
#5379=AXIS2_PLACEMENT_3D('',#5376,#5377,#5378);
#5380=PLANE('',#5379);
#5381=ORIENTED_EDGE('',*,*,#2834,.T.);
#5382=CARTESIAN_POINT('',(3.5,-76.5,2.5));
#5383=VERTEX_POINT('',#5382);
#5384=CARTESIAN_POINT('',(3.5,-76.5,4.5));
#5385=DIRECTION('',(-0.,-0.,-1.));
#5386=VECTOR('',#5385,2.);
#5387=LINE('',#5384,#5386);
#5388=EDGE_CURVE('',#2820,#5383,#5387,.T.);
#5389=ORIENTED_EDGE('',*,*,#5388,.T.);
#5390=CARTESIAN_POINT('',(73.5,-76.5,2.5));
#5391=VERTEX_POINT('',#5390);
#5392=CARTESIAN_POINT('',(73.5,-76.5,2.5));
#5393=DIRECTION('',(-1.,0.,0.));
#5394=VECTOR('',#5393,70.);
#5395=LINE('',#5392,#5394);
#5396=EDGE_CURVE('',#5391,#5383,#5395,.T.);
#5397=ORIENTED_EDGE('',*,*,#5396,.F.);
#5398=CARTESIAN_POINT('',(73.5,-76.5,2.5));
#5399=DIRECTION('',(0.,0.,1.));
#5400=VECTOR('',#5399,2.);
#5401=LINE('',#5398,#5400);
#5402=EDGE_CURVE('',#5391,#2829,#5401,.T.);
#5403=ORIENTED_EDGE('',*,*,#5402,.T.);
#5404=EDGE_LOOP('',(#5381,#5389,#5397,#5403));
#5405=FACE_BOUND('',#5404,.T.);
#5406=ADVANCED_FACE('',(#5405),#5380,.F.);
#5407=CARTESIAN_POINT('',(3.,-86.,2.));
#5408=DIRECTION('',(-1.,0.,0.));
#5409=DIRECTION('',(0.,0.,1.));
#5410=AXIS2_PLACEMENT_3D('',#5407,#5408,#5409);
#5411=PLANE('',#5410);
#5412=CARTESIAN_POINT('',(3.,-77.,2.5));
#5413=VERTEX_POINT('',#5412);
#5414=CARTESIAN_POINT('',(3.,-93.5,2.5));
#5415=VERTEX_POINT('',#5414);
#5416=CARTESIAN_POINT('',(3.,-77.,2.5));
#5417=DIRECTION('',(0.,-1.,0.));
#5418=VECTOR('',#5417,16.5);
#5419=LINE('',#5416,#5418);
#5420=EDGE_CURVE('',#5413,#5415,#5419,.T.);
#5421=ORIENTED_EDGE('',*,*,#5420,.F.);
#5422=CARTESIAN_POINT('',(3.,-77.,2.5));
#5423=DIRECTION('',(0.,0.,1.));
#5424=VECTOR('',#5423,2.);
#5425=LINE('',#5422,#5424);
#5426=EDGE_CURVE('',#5413,#2812,#5425,.T.);
#5427=ORIENTED_EDGE('',*,*,#5426,.T.);
#5428=ORIENTED_EDGE('',*,*,#2817,.T.);
#5429=CARTESIAN_POINT('',(3.,-93.5,4.5));
#5430=DIRECTION('',(-0.,-0.,-1.));
#5431=VECTOR('',#5430,2.);
#5432=LINE('',#5429,#5431);
#5433=EDGE_CURVE('',#2803,#5415,#5432,.T.);
#5434=ORIENTED_EDGE('',*,*,#5433,.T.);
#5435=EDGE_LOOP('',(#5421,#5427,#5428,#5434));
#5436=FACE_BOUND('',#5435,.T.);
#5437=ADVANCED_FACE('',(#5436),#5411,.F.);
#5438=CARTESIAN_POINT('',(3.,0.,2.5));
#5439=DIRECTION('',(0.,0.,1.));
#5440=DIRECTION('',(1.,0.,0.));
#5441=AXIS2_PLACEMENT_3D('',#5438,#5439,#5440);
#5442=PLANE('',#5441);
#5443=ORIENTED_EDGE('',*,*,#5334,.T.);
#5444=CARTESIAN_POINT('',(73.5,-93.5,2.5));
#5445=DIRECTION('',(0.,0.,1.));
#5446=DIRECTION('',(1.,0.,-0.));
#5447=AXIS2_PLACEMENT_3D('',#5444,#5445,#5446);
#5448=CIRCLE('',#5447,0.5);
#5449=EDGE_CURVE('',#5321,#5351,#5448,.T.);
#5450=ORIENTED_EDGE('',*,*,#5449,.T.);
#5451=ORIENTED_EDGE('',*,*,#5358,.T.);
#5452=CARTESIAN_POINT('',(73.5,-77.,2.5));
#5453=DIRECTION('',(0.,0.,1.));
#5454=DIRECTION('',(1.,0.,-0.));
#5455=AXIS2_PLACEMENT_3D('',#5452,#5453,#5454);
#5456=CIRCLE('',#5455,0.5);
#5457=EDGE_CURVE('',#5353,#5391,#5456,.T.);
#5458=ORIENTED_EDGE('',*,*,#5457,.T.);
#5459=ORIENTED_EDGE('',*,*,#5396,.T.);
#5460=CARTESIAN_POINT('',(3.5,-77.,2.5));
#5461=DIRECTION('',(0.,0.,1.));
#5462=DIRECTION('',(1.,0.,-0.));
#5463=AXIS2_PLACEMENT_3D('',#5460,#5461,#5462);
#5464=CIRCLE('',#5463,0.5);
#5465=EDGE_CURVE('',#5383,#5413,#5464,.T.);
#5466=ORIENTED_EDGE('',*,*,#5465,.T.);
#5467=ORIENTED_EDGE('',*,*,#5420,.T.);
#5468=CARTESIAN_POINT('',(3.5,-93.5,2.5));
#5469=DIRECTION('',(0.,0.,1.));
#5470=DIRECTION('',(1.,0.,-0.));
#5471=AXIS2_PLACEMENT_3D('',#5468,#5469,#5470);
#5472=CIRCLE('',#5471,0.5);
#5473=EDGE_CURVE('',#5415,#5329,#5472,.T.);
#5474=ORIENTED_EDGE('',*,*,#5473,.T.);
#5475=EDGE_LOOP('',(#5443,#5450,#5451,#5458,#5459,#5466,#5467,#5474));
#5476=FACE_BOUND('',#5475,.T.);
#5477=ADVANCED_FACE('',(#5476),#5442,.T.);
#5478=CARTESIAN_POINT('',(31.8,-6.75,3.));
#5479=DIRECTION('',(1.,0.,0.));
#5480=DIRECTION('',(0.,0.,-1.));
#5481=AXIS2_PLACEMENT_3D('',#5478,#5479,#5480);
#5482=PLANE('',#5481);
#5483=CARTESIAN_POINT('',(31.8,-2.4,3.));
#5484=VERTEX_POINT('',#5483);
#5485=CARTESIAN_POINT('',(31.8,-6.9,3.));
#5486=DIRECTION('',(0.,1.,0.));
#5487=VECTOR('',#5486,4.5);
#5488=LINE('',#5485,#5487);
#5489=EDGE_CURVE('',#4748,#5484,#5488,.T.);
#5490=ORIENTED_EDGE('',*,*,#5489,.T.);
#5491=CARTESIAN_POINT('',(31.8,-2.4,3.));
#5492=DIRECTION('',(0.,0.,1.));
#5493=VECTOR('',#5492,1.5);
#5494=LINE('',#5491,#5493);
#5495=EDGE_CURVE('',#5484,#2239,#5494,.T.);
#5496=ORIENTED_EDGE('',*,*,#5495,.T.);
#5497=ORIENTED_EDGE('',*,*,#2244,.F.);
#5498=ORIENTED_EDGE('',*,*,#4759,.F.);
#5499=EDGE_LOOP('',(#5490,#5496,#5497,#5498));
#5500=FACE_BOUND('',#5499,.T.);
#5501=ADVANCED_FACE('',(#5500),#5482,.T.);
#5502=CARTESIAN_POINT('',(33.3,-1.9,3.));
#5503=DIRECTION('',(0.,-1.,0.));
#5504=DIRECTION('',(0.,0.,-1.));
#5505=AXIS2_PLACEMENT_3D('',#5502,#5503,#5504);
#5506=PLANE('',#5505);
#5507=ORIENTED_EDGE('',*,*,#2261,.F.);
#5508=CARTESIAN_POINT('',(32.3,-1.9,3.));
#5509=VERTEX_POINT('',#5508);
#5510=CARTESIAN_POINT('',(32.3,-1.9,4.5));
#5511=DIRECTION('',(-0.,-0.,-1.));
#5512=VECTOR('',#5511,1.5);
#5513=LINE('',#5510,#5512);
#5514=EDGE_CURVE('',#2247,#5509,#5513,.T.);
#5515=ORIENTED_EDGE('',*,*,#5514,.T.);
#5516=CARTESIAN_POINT('',(36.5,-1.9,3.));
#5517=VERTEX_POINT('',#5516);
#5518=CARTESIAN_POINT('',(32.3,-1.9,3.));
#5519=DIRECTION('',(1.,0.,-0.));
#5520=VECTOR('',#5519,4.2);
#5521=LINE('',#5518,#5520);
#5522=EDGE_CURVE('',#5509,#5517,#5521,.T.);
#5523=ORIENTED_EDGE('',*,*,#5522,.T.);
#5524=CARTESIAN_POINT('',(36.5,-1.9,3.));
#5525=DIRECTION('',(0.,0.,1.));
#5526=VECTOR('',#5525,1.5);
#5527=LINE('',#5524,#5526);
#5528=EDGE_CURVE('',#5517,#2256,#5527,.T.);
#5529=ORIENTED_EDGE('',*,*,#5528,.T.);
#5530=EDGE_LOOP('',(#5507,#5515,#5523,#5529));
#5531=FACE_BOUND('',#5530,.T.);
#5532=ADVANCED_FACE('',(#5531),#5506,.T.);
#5533=CARTESIAN_POINT('',(-0.2,0.,3.));
#5534=DIRECTION('',(0.,0.,1.));
#5535=DIRECTION('',(1.,0.,0.));
#5536=AXIS2_PLACEMENT_3D('',#5533,#5534,#5535);
#5537=PLANE('',#5536);
#5538=ORIENTED_EDGE('',*,*,#5522,.F.);
#5539=CARTESIAN_POINT('',(32.3,-2.4,3.));
#5540=DIRECTION('',(0.,0.,1.));
#5541=DIRECTION('',(1.,0.,-0.));
#5542=AXIS2_PLACEMENT_3D('',#5539,#5540,#5541);
#5543=CIRCLE('',#5542,0.5);
#5544=EDGE_CURVE('',#5509,#5484,#5543,.T.);
#5545=ORIENTED_EDGE('',*,*,#5544,.T.);
#5546=ORIENTED_EDGE('',*,*,#5489,.F.);
#5547=ORIENTED_EDGE('',*,*,#4753,.T.);
#5548=ORIENTED_EDGE('',*,*,#5040,.F.);
#5549=CARTESIAN_POINT('',(36.5,-2.4,3.));
#5550=DIRECTION('',(0.,0.,1.));
#5551=DIRECTION('',(1.,0.,-0.));
#5552=AXIS2_PLACEMENT_3D('',#5549,#5550,#5551);
#5553=CIRCLE('',#5552,0.5);
#5554=EDGE_CURVE('',#5029,#5517,#5553,.T.);
#5555=ORIENTED_EDGE('',*,*,#5554,.T.);
#5556=EDGE_LOOP('',(#5538,#5545,#5546,#5547,#5548,#5555));
#5557=FACE_BOUND('',#5556,.T.);
#5558=ADVANCED_FACE('',(#5557),#5537,.T.);
#5559=CARTESIAN_POINT('',(7.,-6.75,3.));
#5560=DIRECTION('',(-1.,0.,0.));
#5561=DIRECTION('',(0.,0.,1.));
#5562=AXIS2_PLACEMENT_3D('',#5559,#5560,#5561);
#5563=PLANE('',#5562);
#5564=ORIENTED_EDGE('',*,*,#2346,.F.);
#5565=CARTESIAN_POINT('',(7.,-2.4,3.));
#5566=VERTEX_POINT('',#5565);
#5567=CARTESIAN_POINT('',(7.,-2.4,4.5));
#5568=DIRECTION('',(-0.,-0.,-1.));
#5569=VECTOR('',#5568,1.5);
#5570=LINE('',#5567,#5569);
#5571=EDGE_CURVE('',#2332,#5566,#5570,.T.);
#5572=ORIENTED_EDGE('',*,*,#5571,.T.);
#5573=CARTESIAN_POINT('',(7.,-2.4,3.));
#5574=DIRECTION('',(0.,-1.,0.));
#5575=VECTOR('',#5574,4.5);
#5576=LINE('',#5573,#5575);
#5577=EDGE_CURVE('',#5566,#4607,#5576,.T.);
#5578=ORIENTED_EDGE('',*,*,#5577,.T.);
#5579=ORIENTED_EDGE('',*,*,#4612,.T.);
#5580=EDGE_LOOP('',(#5564,#5572,#5578,#5579));
#5581=FACE_BOUND('',#5580,.T.);
#5582=ADVANCED_FACE('',(#5581),#5563,.T.);
#5583=CARTESIAN_POINT('',(5.,-1.9,3.));
#5584=DIRECTION('',(0.,-1.,0.));
#5585=DIRECTION('',(0.,0.,-1.));
#5586=AXIS2_PLACEMENT_3D('',#5583,#5584,#5585);
#5587=PLANE('',#5586);
#5588=CARTESIAN_POINT('',(2.5,-1.9,3.));
#5589=VERTEX_POINT('',#5588);
#5590=CARTESIAN_POINT('',(6.5,-1.9,3.));
#5591=VERTEX_POINT('',#5590);
#5592=CARTESIAN_POINT('',(2.5,-1.9,3.));
#5593=DIRECTION('',(1.,0.,-0.));
#5594=VECTOR('',#5593,4.);
#5595=LINE('',#5592,#5594);
#5596=EDGE_CURVE('',#5589,#5591,#5595,.T.);
#5597=ORIENTED_EDGE('',*,*,#5596,.T.);
#5598=CARTESIAN_POINT('',(6.5,-1.9,3.));
#5599=DIRECTION('',(0.,0.,1.));
#5600=VECTOR('',#5599,1.5);
#5601=LINE('',#5598,#5600);
#5602=EDGE_CURVE('',#5591,#2324,#5601,.T.);
#5603=ORIENTED_EDGE('',*,*,#5602,.T.);
#5604=ORIENTED_EDGE('',*,*,#2329,.F.);
#5605=CARTESIAN_POINT('',(2.5,-1.9,4.5));
#5606=DIRECTION('',(-0.,-0.,-1.));
#5607=VECTOR('',#5606,1.5);
#5608=LINE('',#5605,#5607);
#5609=EDGE_CURVE('',#2315,#5589,#5608,.T.);
#5610=ORIENTED_EDGE('',*,*,#5609,.T.);
#5611=EDGE_LOOP('',(#5597,#5603,#5604,#5610));
#5612=FACE_BOUND('',#5611,.T.);
#5613=ADVANCED_FACE('',(#5612),#5587,.T.);
#5614=CARTESIAN_POINT('',(1.,0.,3.));
#5615=DIRECTION('',(0.,0.,1.));
#5616=DIRECTION('',(1.,0.,0.));
#5617=AXIS2_PLACEMENT_3D('',#5614,#5615,#5616);
#5618=PLANE('',#5617);
#5619=ORIENTED_EDGE('',*,*,#5577,.F.);
#5620=CARTESIAN_POINT('',(6.5,-2.4,3.));
#5621=DIRECTION('',(0.,0.,1.));
#5622=DIRECTION('',(1.,0.,-0.));
#5623=AXIS2_PLACEMENT_3D('',#5620,#5621,#5622);
#5624=CIRCLE('',#5623,0.5);
#5625=EDGE_CURVE('',#5566,#5591,#5624,.T.);
#5626=ORIENTED_EDGE('',*,*,#5625,.T.);
#5627=ORIENTED_EDGE('',*,*,#5596,.F.);
#5628=CARTESIAN_POINT('',(2.5,-2.4,3.));
#5629=DIRECTION('',(0.,0.,1.));
#5630=DIRECTION('',(1.,0.,-0.));
#5631=AXIS2_PLACEMENT_3D('',#5628,#5629,#5630);
#5632=CIRCLE('',#5631,0.5);
#5633=EDGE_CURVE('',#5589,#5068,#5632,.T.);
#5634=ORIENTED_EDGE('',*,*,#5633,.T.);
#5635=ORIENTED_EDGE('',*,*,#5073,.F.);
#5636=ORIENTED_EDGE('',*,*,#4620,.T.);
#5637=EDGE_LOOP('',(#5619,#5626,#5627,#5634,#5635,#5636));
#5638=FACE_BOUND('',#5637,.T.);
#5639=ADVANCED_FACE('',(#5638),#5618,.T.);
#5640=CARTESIAN_POINT('',(86.,-86.,3.));
#5641=DIRECTION('',(-1.,0.,0.));
#5642=DIRECTION('',(0.,0.,1.));
#5643=AXIS2_PLACEMENT_3D('',#5640,#5641,#5642);
#5644=PLANE('',#5643);
#5645=ORIENTED_EDGE('',*,*,#1721,.F.);
#5646=CARTESIAN_POINT('',(86.,-77.,3.));
#5647=DIRECTION('',(0.,0.,1.));
#5648=VECTOR('',#5647,1.5);
#5649=LINE('',#5646,#5648);
#5650=EDGE_CURVE('',#1707,#2768,#5649,.T.);
#5651=ORIENTED_EDGE('',*,*,#5650,.T.);
#5652=ORIENTED_EDGE('',*,*,#2773,.T.);
#5653=CARTESIAN_POINT('',(86.,-93.5,4.5));
#5654=DIRECTION('',(-0.,-0.,-1.));
#5655=VECTOR('',#5654,1.5);
#5656=LINE('',#5653,#5655);
#5657=EDGE_CURVE('',#2759,#1716,#5656,.T.);
#5658=ORIENTED_EDGE('',*,*,#5657,.T.);
#5659=EDGE_LOOP('',(#5645,#5651,#5652,#5658));
#5660=FACE_BOUND('',#5659,.T.);
#5661=ADVANCED_FACE('',(#5660),#5644,.F.);
#5662=CARTESIAN_POINT('',(10.98,-0.35,5.2));
#5663=DIRECTION('',(-1.,0.,0.));
#5664=DIRECTION('',(0.,0.,1.));
#5665=AXIS2_PLACEMENT_3D('',#5662,#5663,#5664);
#5666=PLANE('',#5665);
#5667=ORIENTED_EDGE('',*,*,#4002,.F.);
#5668=CARTESIAN_POINT('',(10.98,5.65,6.5));
#5669=DIRECTION('',(-0.,-1.,-0.));
#5670=VECTOR('',#5669,6.);
#5671=LINE('',#5668,#5670);
#5672=EDGE_CURVE('',#3988,#1858,#5671,.T.);
#5673=ORIENTED_EDGE('',*,*,#5672,.T.);
#5674=ORIENTED_EDGE('',*,*,#1863,.T.);
#5675=CARTESIAN_POINT('',(10.98,-0.35,7.5));
#5676=DIRECTION('',(0.,1.,0.));
#5677=VECTOR('',#5676,6.);
#5678=LINE('',#5675,#5677);
#5679=EDGE_CURVE('',#1849,#3997,#5678,.T.);
#5680=ORIENTED_EDGE('',*,*,#5679,.T.);
#5681=EDGE_LOOP('',(#5667,#5673,#5674,#5680));
#5682=FACE_BOUND('',#5681,.T.);
#5683=ADVANCED_FACE('',(#5682),#5666,.T.);
#5684=CARTESIAN_POINT('',(18.38,-0.35,8.));
#5685=DIRECTION('',(-0.,0.,1.));
#5686=DIRECTION('',(1.,0.,0.));
#5687=AXIS2_PLACEMENT_3D('',#5684,#5685,#5686);
#5688=PLANE('',#5687);
#5689=ORIENTED_EDGE('',*,*,#1846,.T.);
#5690=CARTESIAN_POINT('',(25.28,-0.35,8.));
#5691=DIRECTION('',(0.,1.,0.));
#5692=VECTOR('',#5691,6.);
#5693=LINE('',#5690,#5692);
#5694=EDGE_CURVE('',#1832,#4014,#5693,.T.);
#5695=ORIENTED_EDGE('',*,*,#5694,.T.);
#5696=ORIENTED_EDGE('',*,*,#4019,.F.);
#5697=CARTESIAN_POINT('',(11.48,5.65,8.));
#5698=DIRECTION('',(-0.,-1.,-0.));
#5699=VECTOR('',#5698,6.);
#5700=LINE('',#5697,#5699);
#5701=EDGE_CURVE('',#4005,#1841,#5700,.T.);
#5702=ORIENTED_EDGE('',*,*,#5701,.T.);
#5703=EDGE_LOOP('',(#5689,#5695,#5696,#5702));
#5704=FACE_BOUND('',#5703,.T.);
#5705=ADVANCED_FACE('',(#5704),#5688,.T.);
#5706=CARTESIAN_POINT('',(25.78,-0.35,5.2));
#5707=DIRECTION('',(-1.,0.,0.));
#5708=DIRECTION('',(0.,0.,1.));
#5709=AXIS2_PLACEMENT_3D('',#5706,#5707,#5708);
#5710=PLANE('',#5709);
#5711=ORIENTED_EDGE('',*,*,#4036,.T.);
#5712=CARTESIAN_POINT('',(25.78,5.65,7.5));
#5713=DIRECTION('',(-0.,-1.,-0.));
#5714=VECTOR('',#5713,6.);
#5715=LINE('',#5712,#5714);
#5716=EDGE_CURVE('',#4022,#1824,#5715,.T.);
#5717=ORIENTED_EDGE('',*,*,#5716,.T.);
#5718=ORIENTED_EDGE('',*,*,#1829,.F.);
#5719=CARTESIAN_POINT('',(25.78,-0.35,6.5));
#5720=DIRECTION('',(0.,1.,0.));
#5721=VECTOR('',#5720,6.);
#5722=LINE('',#5719,#5721);
#5723=EDGE_CURVE('',#1815,#4031,#5722,.T.);
#5724=ORIENTED_EDGE('',*,*,#5723,.T.);
#5725=EDGE_LOOP('',(#5711,#5717,#5718,#5724));
#5726=FACE_BOUND('',#5725,.T.);
#5727=ADVANCED_FACE('',(#5726),#5710,.F.);
#5728=CARTESIAN_POINT('',(10.48,-0.35,6.5));
#5729=DIRECTION('',(0.,-1.,0.));
#5730=DIRECTION('',(0.,0.,-1.));
#5731=AXIS2_PLACEMENT_3D('',#5728,#5729,#5730);
#5732=CYLINDRICAL_SURFACE('',#5731,0.5);
#5733=ORIENTED_EDGE('',*,*,#1870,.F.);
#5734=ORIENTED_EDGE('',*,*,#5672,.F.);
#5735=ORIENTED_EDGE('',*,*,#3994,.F.);
#5736=ORIENTED_EDGE('',*,*,#283,.F.);
#5737=EDGE_LOOP('',(#5733,#5734,#5735,#5736));
#5738=FACE_BOUND('',#5737,.T.);
#5739=ADVANCED_FACE('',(#5738),#5732,.F.);
#5740=CARTESIAN_POINT('',(25.28,-0.35,7.5));
#5741=DIRECTION('',(0.,-1.,0.));
#5742=DIRECTION('',(0.,0.,-1.));
#5743=AXIS2_PLACEMENT_3D('',#5740,#5741,#5742);
#5744=CYLINDRICAL_SURFACE('',#5743,0.5);
#5745=ORIENTED_EDGE('',*,*,#1838,.F.);
#5746=ORIENTED_EDGE('',*,*,#5716,.F.);
#5747=ORIENTED_EDGE('',*,*,#4028,.F.);
#5748=ORIENTED_EDGE('',*,*,#5694,.F.);
#5749=EDGE_LOOP('',(#5745,#5746,#5747,#5748));
#5750=FACE_BOUND('',#5749,.T.);
#5751=ADVANCED_FACE('',(#5750),#5744,.T.);
#5752=CARTESIAN_POINT('',(26.28,-0.35,6.5));
#5753=DIRECTION('',(0.,1.,0.));
#5754=DIRECTION('',(0.,-0.,1.));
#5755=AXIS2_PLACEMENT_3D('',#5752,#5753,#5754);
#5756=CYLINDRICAL_SURFACE('',#5755,0.5);
#5757=ORIENTED_EDGE('',*,*,#1821,.F.);
#5758=ORIENTED_EDGE('',*,*,#199,.F.);
#5759=ORIENTED_EDGE('',*,*,#4043,.F.);
#5760=ORIENTED_EDGE('',*,*,#5723,.F.);
#5761=EDGE_LOOP('',(#5757,#5758,#5759,#5760));
#5762=FACE_BOUND('',#5761,.T.);
#5763=ADVANCED_FACE('',(#5762),#5756,.F.);
#5764=CARTESIAN_POINT('',(11.48,-0.35,7.5));
#5765=DIRECTION('',(0.,1.,0.));
#5766=DIRECTION('',(0.,-0.,1.));
#5767=AXIS2_PLACEMENT_3D('',#5764,#5765,#5766);
#5768=CYLINDRICAL_SURFACE('',#5767,0.5);
#5769=ORIENTED_EDGE('',*,*,#1855,.F.);
#5770=ORIENTED_EDGE('',*,*,#5701,.F.);
#5771=ORIENTED_EDGE('',*,*,#4011,.F.);
#5772=ORIENTED_EDGE('',*,*,#5679,.F.);
#5773=EDGE_LOOP('',(#5769,#5770,#5771,#5772));
#5774=FACE_BOUND('',#5773,.T.);
#5775=ADVANCED_FACE('',(#5774),#5768,.T.);
#5776=CARTESIAN_POINT('',(106.015625,-98.175,8.6));
#5777=DIRECTION('',(0.,0.,-1.));
#5778=DIRECTION('',(-1.,0.,0.));
#5779=AXIS2_PLACEMENT_3D('',#5776,#5777,#5778);
#5780=CYLINDRICAL_SURFACE('',#5779,1.3);
#5781=CARTESIAN_POINT('',(104.715625,-98.175,1.5));
#5782=DIRECTION('',(-0.,-0.,1.));
#5783=VECTOR('',#5782,4.5);
#5784=LINE('',#5781,#5783);
#5785=EDGE_CURVE('',#1209,#121,#5784,.T.);
#5786=ORIENTED_EDGE('',*,*,#5785,.F.);
#5787=ORIENTED_EDGE('',*,*,#1215,.F.);
#5788=ORIENTED_EDGE('',*,*,#1222,.F.);
#5789=ORIENTED_EDGE('',*,*,#5785,.T.);
#5790=ORIENTED_EDGE('',*,*,#129,.T.);
#5791=ORIENTED_EDGE('',*,*,#136,.T.);
#5792=EDGE_LOOP('',(#5786,#5787,#5788,#5789,#5790,#5791));
#5793=FACE_BOUND('',#5792,.T.);
#5794=ADVANCED_FACE('',(#5793),#5780,.F.);
#5795=CARTESIAN_POINT('',(24.58,5.65,3.));
#5796=DIRECTION('',(0.707106781,-0.707106781,0.));
#5797=DIRECTION('',(0.,0.,1.));
#5798=AXIS2_PLACEMENT_3D('',#5795,#5796,#5797);
#5799=PLANE('',#5798);
#5800=CARTESIAN_POINT('',(24.58,5.65,4.5));
#5801=DIRECTION('',(-0.707106781,-0.707106781,-0.));
#5802=VECTOR('',#5801,0.848528137);
#5803=LINE('',#5800,#5802);
#5804=EDGE_CURVE('',#3931,#4645,#5803,.T.);
#5805=ORIENTED_EDGE('',*,*,#5804,.F.);
#5806=ORIENTED_EDGE('',*,*,#3936,.F.);
#5807=CARTESIAN_POINT('',(23.98,5.05,2.1));
#5808=DIRECTION('',(0.707106781,0.707106781,-0.));
#5809=VECTOR('',#5808,0.848528137);
#5810=LINE('',#5807,#5809);
#5811=EDGE_CURVE('',#4653,#3923,#5810,.T.);
#5812=ORIENTED_EDGE('',*,*,#5811,.F.);
#5813=ORIENTED_EDGE('',*,*,#4658,.F.);
#5814=EDGE_LOOP('',(#5805,#5806,#5812,#5813));
#5815=FACE_BOUND('',#5814,.T.);
#5816=ADVANCED_FACE('',(#5815),#5799,.F.);
#5817=CARTESIAN_POINT('',(24.58,5.65,2.1));
#5818=DIRECTION('',(-0.577350269,0.577350269,-0.577350269));
#5819=DIRECTION('',(-0.707106781,-0.707106781,0.));
#5820=AXIS2_PLACEMENT_3D('',#5817,#5818,#5819);
#5821=PLANE('',#5820);
#5822=ORIENTED_EDGE('',*,*,#5811,.T.);
#5823=ORIENTED_EDGE('',*,*,#4065,.T.);
#5824=CARTESIAN_POINT('',(23.98,5.05,2.1));
#5825=DIRECTION('',(0.707106781,0.,-0.707106781));
#5826=VECTOR('',#5825,0.848528137);
#5827=LINE('',#5824,#5826);
#5828=EDGE_CURVE('',#4653,#1324,#5827,.T.);
#5829=ORIENTED_EDGE('',*,*,#5828,.F.);
#5830=EDGE_LOOP('',(#5822,#5823,#5829));
#5831=FACE_BOUND('',#5830,.T.);
#5832=ADVANCED_FACE('',(#5831),#5821,.T.);
#5833=CARTESIAN_POINT('',(21.98,5.05,4.5));
#5834=DIRECTION('',(0.,1.,0.));
#5835=DIRECTION('',(0.,-0.,1.));
#5836=AXIS2_PLACEMENT_3D('',#5833,#5834,#5835);
#5837=CONICAL_SURFACE('',#5836,2.,45.);
#5838=ORIENTED_EDGE('',*,*,#5804,.T.);
#5839=ORIENTED_EDGE('',*,*,#4977,.F.);
#5840=CARTESIAN_POINT('',(21.98,5.65,7.1));
#5841=DIRECTION('',(0.,-0.707106781,-0.707106781));
#5842=VECTOR('',#5841,0.848528137);
#5843=LINE('',#5840,#5842);
#5844=EDGE_CURVE('',#3939,#4931,#5843,.T.);
#5845=ORIENTED_EDGE('',*,*,#5844,.F.);
#5846=ORIENTED_EDGE('',*,*,#3945,.F.);
#5847=EDGE_LOOP('',(#5838,#5839,#5845,#5846));
#5848=FACE_BOUND('',#5847,.T.);
#5849=ADVANCED_FACE('',(#5848),#5837,.F.);
#5850=CARTESIAN_POINT('',(23.98,-2.8,2.1));
#5851=DIRECTION('',(-0.707106781,0.,-0.707106781));
#5852=DIRECTION('',(0.,1.,0.));
#5853=AXIS2_PLACEMENT_3D('',#5850,#5851,#5852);
#5854=PLANE('',#5853);
#5855=ORIENTED_EDGE('',*,*,#5828,.T.);
#5856=ORIENTED_EDGE('',*,*,#1329,.F.);
#5857=CARTESIAN_POINT('',(23.98,-9.9,2.1));
#5858=DIRECTION('',(0.577350269,-0.577350269,-0.577350269));
#5859=VECTOR('',#5858,1.039230485);
#5860=LINE('',#5857,#5859);
#5861=EDGE_CURVE('',#4661,#1316,#5860,.T.);
#5862=ORIENTED_EDGE('',*,*,#5861,.F.);
#5863=ORIENTED_EDGE('',*,*,#4666,.F.);
#5864=EDGE_LOOP('',(#5855,#5856,#5862,#5863));
#5865=FACE_BOUND('',#5864,.T.);
#5866=ADVANCED_FACE('',(#5865),#5854,.T.);
#5867=CARTESIAN_POINT('',(142.6875,5.65,7.1));
#5868=DIRECTION('',(0.,-0.707106781,0.707106781));
#5869=DIRECTION('',(-1.,0.,0.));
#5870=AXIS2_PLACEMENT_3D('',#5867,#5868,#5869);
#5871=PLANE('',#5870);
#5872=ORIENTED_EDGE('',*,*,#5844,.T.);
#5873=ORIENTED_EDGE('',*,*,#4936,.F.);
#5874=CARTESIAN_POINT('',(14.78,5.65,7.1));
#5875=DIRECTION('',(0.,-0.707106781,-0.707106781));
#5876=VECTOR('',#5875,0.848528137);
#5877=LINE('',#5874,#5876);
#5878=EDGE_CURVE('',#3948,#4923,#5877,.T.);
#5879=ORIENTED_EDGE('',*,*,#5878,.F.);
#5880=ORIENTED_EDGE('',*,*,#3953,.F.);
#5881=EDGE_LOOP('',(#5872,#5873,#5879,#5880));
#5882=FACE_BOUND('',#5881,.T.);
#5883=ADVANCED_FACE('',(#5882),#5871,.F.);
#5884=CARTESIAN_POINT('',(0.,-10.5,1.5));
#5885=DIRECTION('',(0.,0.707106781,-0.707106781));
#5886=DIRECTION('',(-1.,0.,0.));
#5887=AXIS2_PLACEMENT_3D('',#5884,#5885,#5886);
#5888=PLANE('',#5887);
#5889=ORIENTED_EDGE('',*,*,#5861,.T.);
#5890=ORIENTED_EDGE('',*,*,#1321,.F.);
#5891=CARTESIAN_POINT('',(12.78,-9.9,2.1));
#5892=DIRECTION('',(-0.577350269,-0.577350269,-0.577350269));
#5893=VECTOR('',#5892,1.039230485);
#5894=LINE('',#5891,#5893);
#5895=EDGE_CURVE('',#4771,#1308,#5894,.T.);
#5896=ORIENTED_EDGE('',*,*,#5895,.F.);
#5897=ORIENTED_EDGE('',*,*,#4905,.F.);
#5898=EDGE_LOOP('',(#5889,#5890,#5896,#5897));
#5899=FACE_BOUND('',#5898,.T.);
#5900=ADVANCED_FACE('',(#5899),#5888,.T.);
#5901=CARTESIAN_POINT('',(14.78,5.05,4.5));
#5902=DIRECTION('',(0.,1.,0.));
#5903=DIRECTION('',(0.,-0.,1.));
#5904=AXIS2_PLACEMENT_3D('',#5901,#5902,#5903);
#5905=CONICAL_SURFACE('',#5904,2.,45.);
#5906=ORIENTED_EDGE('',*,*,#5878,.T.);
#5907=ORIENTED_EDGE('',*,*,#4959,.F.);
#5908=CARTESIAN_POINT('',(12.18,5.65,4.5));
#5909=DIRECTION('',(0.707106781,-0.707106781,-0.));
#5910=VECTOR('',#5909,0.848528137);
#5911=LINE('',#5908,#5910);
#5912=EDGE_CURVE('',#3956,#4781,#5911,.T.);
#5913=ORIENTED_EDGE('',*,*,#5912,.F.);
#5914=ORIENTED_EDGE('',*,*,#3962,.F.);
#5915=EDGE_LOOP('',(#5906,#5907,#5913,#5914));
#5916=FACE_BOUND('',#5915,.T.);
#5917=ADVANCED_FACE('',(#5916),#5905,.F.);
#5918=CARTESIAN_POINT('',(12.78,-2.8,2.1));
#5919=DIRECTION('',(0.707106781,0.,-0.707106781));
#5920=DIRECTION('',(0.,-1.,0.));
#5921=AXIS2_PLACEMENT_3D('',#5918,#5919,#5920);
#5922=PLANE('',#5921);
#5923=ORIENTED_EDGE('',*,*,#5895,.T.);
#5924=ORIENTED_EDGE('',*,*,#1313,.F.);
#5925=CARTESIAN_POINT('',(12.78,5.05,2.1));
#5926=DIRECTION('',(-0.707106781,0.,-0.707106781));
#5927=VECTOR('',#5926,0.848528137);
#5928=LINE('',#5925,#5927);
#5929=EDGE_CURVE('',#4773,#1300,#5928,.T.);
#5930=ORIENTED_EDGE('',*,*,#5929,.F.);
#5931=ORIENTED_EDGE('',*,*,#4778,.F.);
#5932=EDGE_LOOP('',(#5923,#5924,#5930,#5931));
#5933=FACE_BOUND('',#5932,.T.);
#5934=ADVANCED_FACE('',(#5933),#5922,.T.);
#5935=CARTESIAN_POINT('',(12.78,5.05,1.));
#5936=DIRECTION('',(-0.707106781,-0.707106781,0.));
#5937=DIRECTION('',(0.,0.,1.));
#5938=AXIS2_PLACEMENT_3D('',#5935,#5936,#5937);
#5939=PLANE('',#5938);
#5940=ORIENTED_EDGE('',*,*,#5912,.T.);
#5941=ORIENTED_EDGE('',*,*,#4786,.F.);
#5942=CARTESIAN_POINT('',(12.18,5.65,2.1));
#5943=DIRECTION('',(0.707106781,-0.707106781,0.));
#5944=VECTOR('',#5943,0.848528137);
#5945=LINE('',#5942,#5944);
#5946=EDGE_CURVE('',#3965,#4773,#5945,.T.);
#5947=ORIENTED_EDGE('',*,*,#5946,.F.);
#5948=ORIENTED_EDGE('',*,*,#3970,.F.);
#5949=EDGE_LOOP('',(#5940,#5941,#5947,#5948));
#5950=FACE_BOUND('',#5949,.T.);
#5951=ADVANCED_FACE('',(#5950),#5939,.F.);
#5952=CARTESIAN_POINT('',(12.18,5.05,1.5));
#5953=DIRECTION('',(0.577350269,0.577350269,-0.577350269));
#5954=DIRECTION('',(-0.707106781,0.707106781,0.));
#5955=AXIS2_PLACEMENT_3D('',#5952,#5953,#5954);
#5956=PLANE('',#5955);
#5957=ORIENTED_EDGE('',*,*,#5946,.T.);
#5958=ORIENTED_EDGE('',*,*,#5929,.T.);
#5959=CARTESIAN_POINT('',(12.18,5.65,2.1));
#5960=DIRECTION('',(0.,-0.707106781,-0.707106781));
#5961=VECTOR('',#5960,0.848528137);
#5962=LINE('',#5959,#5961);
#5963=EDGE_CURVE('',#3965,#1300,#5962,.T.);
#5964=ORIENTED_EDGE('',*,*,#5963,.F.);
#5965=EDGE_LOOP('',(#5957,#5958,#5964));
#5966=FACE_BOUND('',#5965,.T.);
#5967=ADVANCED_FACE('',(#5966),#5956,.T.);
#5968=CARTESIAN_POINT('',(0.,5.05,1.5));
#5969=DIRECTION('',(0.,0.707106781,-0.707106781));
#5970=DIRECTION('',(-1.,0.,0.));
#5971=AXIS2_PLACEMENT_3D('',#5968,#5969,#5970);
#5972=PLANE('',#5971);
#5973=ORIENTED_EDGE('',*,*,#5963,.T.);
#5974=ORIENTED_EDGE('',*,*,#1305,.F.);
#5975=CARTESIAN_POINT('',(-3.,5.65,2.1));
#5976=DIRECTION('',(0.,-0.707106781,-0.707106781));
#5977=VECTOR('',#5976,0.848528137);
#5978=LINE('',#5975,#5977);
#5979=EDGE_CURVE('',#3973,#1291,#5978,.T.);
#5980=ORIENTED_EDGE('',*,*,#5979,.F.);
#5981=ORIENTED_EDGE('',*,*,#3978,.F.);
#5982=EDGE_LOOP('',(#5973,#5974,#5980,#5981));
#5983=FACE_BOUND('',#5982,.T.);
#5984=ADVANCED_FACE('',(#5983),#5972,.T.);
#5985=CARTESIAN_POINT('',(-3.,2.65,2.1));
#5986=DIRECTION('',(0.,0.,1.));
#5987=DIRECTION('',(1.,0.,-0.));
#5988=AXIS2_PLACEMENT_3D('',#5985,#5986,#5987);
#5989=CONICAL_SURFACE('',#5988,3.,45.);
#5990=ORIENTED_EDGE('',*,*,#5979,.T.);
#5991=ORIENTED_EDGE('',*,*,#1297,.F.);
#5992=CARTESIAN_POINT('',(-6.,2.65,2.1));
#5993=DIRECTION('',(0.707106781,0.,-0.707106781));
#5994=VECTOR('',#5993,0.848528137);
#5995=LINE('',#5992,#5994);
#5996=EDGE_CURVE('',#4700,#1283,#5995,.T.);
#5997=ORIENTED_EDGE('',*,*,#5996,.F.);
#5998=ORIENTED_EDGE('',*,*,#4824,.F.);
#5999=EDGE_LOOP('',(#5990,#5991,#5997,#5998));
#6000=FACE_BOUND('',#5999,.T.);
#6001=ADVANCED_FACE('',(#6000),#5989,.T.);
#6002=CARTESIAN_POINT('',(-6.,-47.8125,2.1));
#6003=DIRECTION('',(-0.707106781,0.,-0.707106781));
#6004=DIRECTION('',(0.,1.,0.));
#6005=AXIS2_PLACEMENT_3D('',#6002,#6003,#6004);
#6006=PLANE('',#6005);
#6007=ORIENTED_EDGE('',*,*,#5996,.T.);
#6008=ORIENTED_EDGE('',*,*,#1288,.F.);
#6009=CARTESIAN_POINT('',(-6.,-98.275,2.1));
#6010=DIRECTION('',(0.707106781,0.,-0.707106781));
#6011=VECTOR('',#6010,0.848528137);
#6012=LINE('',#6009,#6011);
#6013=EDGE_CURVE('',#4708,#1274,#6012,.T.);
#6014=ORIENTED_EDGE('',*,*,#6013,.F.);
#6015=ORIENTED_EDGE('',*,*,#4713,.F.);
#6016=EDGE_LOOP('',(#6007,#6008,#6014,#6015));
#6017=FACE_BOUND('',#6016,.T.);
#6018=ADVANCED_FACE('',(#6017),#6006,.T.);
#6019=CARTESIAN_POINT('',(-3.,-98.275,2.1));
#6020=DIRECTION('',(0.,0.,1.));
#6021=DIRECTION('',(1.,0.,-0.));
#6022=AXIS2_PLACEMENT_3D('',#6019,#6020,#6021);
#6023=CONICAL_SURFACE('',#6022,3.,45.);
#6024=ORIENTED_EDGE('',*,*,#6013,.T.);
#6025=ORIENTED_EDGE('',*,*,#1280,.F.);
#6026=ORIENTED_EDGE('',*,*,#4080,.F.);
#6027=ORIENTED_EDGE('',*,*,#4842,.F.);
#6028=EDGE_LOOP('',(#6024,#6025,#6026,#6027));
#6029=FACE_BOUND('',#6028,.T.);
#6030=ADVANCED_FACE('',(#6029),#6023,.T.);
#6031=CARTESIAN_POINT('',(91.14,1.9,4.));
#6032=DIRECTION('',(-1.,0.,0.));
#6033=DIRECTION('',(0.,0.,1.));
#6034=AXIS2_PLACEMENT_3D('',#6031,#6032,#6033);
#6035=PLANE('',#6034);
#6036=ORIENTED_EDGE('',*,*,#762,.F.);
#6037=CARTESIAN_POINT('',(91.14,3.65,4.));
#6038=VERTEX_POINT('',#6037);
#6039=CARTESIAN_POINT('',(91.14,3.65,6.));
#6040=DIRECTION('',(-0.,-0.,-1.));
#6041=VECTOR('',#6040,2.);
#6042=LINE('',#6039,#6041);
#6043=EDGE_CURVE('',#748,#6038,#6042,.T.);
#6044=ORIENTED_EDGE('',*,*,#6043,.T.);
#6045=CARTESIAN_POINT('',(91.14,1.65,4.));
#6046=VERTEX_POINT('',#6045);
#6047=CARTESIAN_POINT('',(91.14,3.65,4.));
#6048=DIRECTION('',(0.,-1.,0.));
#6049=VECTOR('',#6048,2.);
#6050=LINE('',#6047,#6049);
#6051=EDGE_CURVE('',#6038,#6046,#6050,.T.);
#6052=ORIENTED_EDGE('',*,*,#6051,.T.);
#6053=CARTESIAN_POINT('',(91.14,1.65,4.));
#6054=DIRECTION('',(0.,0.,1.));
#6055=VECTOR('',#6054,2.);
#6056=LINE('',#6053,#6055);
#6057=EDGE_CURVE('',#6046,#757,#6056,.T.);
#6058=ORIENTED_EDGE('',*,*,#6057,.T.);
#6059=EDGE_LOOP('',(#6036,#6044,#6052,#6058));
#6060=FACE_BOUND('',#6059,.T.);
#6061=ADVANCED_FACE('',(#6060),#6035,.T.);
#6062=CARTESIAN_POINT('',(66.14,4.15,4.));
#6063=DIRECTION('',(0.,-1.,0.));
#6064=DIRECTION('',(0.,0.,-1.));
#6065=AXIS2_PLACEMENT_3D('',#6062,#6063,#6064);
#6066=PLANE('',#6065);
#6067=CARTESIAN_POINT('',(41.64,4.15,4.));
#6068=VERTEX_POINT('',#6067);
#6069=CARTESIAN_POINT('',(90.64,4.15,4.));
#6070=VERTEX_POINT('',#6069);
#6071=CARTESIAN_POINT('',(41.64,4.15,4.));
#6072=DIRECTION('',(1.,0.,-0.));
#6073=VECTOR('',#6072,49.);
#6074=LINE('',#6071,#6073);
#6075=EDGE_CURVE('',#6068,#6070,#6074,.T.);
#6076=ORIENTED_EDGE('',*,*,#6075,.T.);
#6077=CARTESIAN_POINT('',(90.64,4.15,4.));
#6078=DIRECTION('',(0.,0.,1.));
#6079=VECTOR('',#6078,2.);
#6080=LINE('',#6077,#6079);
#6081=EDGE_CURVE('',#6070,#740,#6080,.T.);
#6082=ORIENTED_EDGE('',*,*,#6081,.T.);
#6083=ORIENTED_EDGE('',*,*,#745,.F.);
#6084=CARTESIAN_POINT('',(41.64,4.15,6.));
#6085=DIRECTION('',(-0.,-0.,-1.));
#6086=VECTOR('',#6085,2.);
#6087=LINE('',#6084,#6086);
#6088=EDGE_CURVE('',#731,#6068,#6087,.T.);
#6089=ORIENTED_EDGE('',*,*,#6088,.T.);
#6090=EDGE_LOOP('',(#6076,#6082,#6083,#6089));
#6091=FACE_BOUND('',#6090,.T.);
#6092=ADVANCED_FACE('',(#6091),#6066,.T.);
#6093=CARTESIAN_POINT('',(41.14,1.9,4.));
#6094=DIRECTION('',(1.,0.,0.));
#6095=DIRECTION('',(0.,0.,-1.));
#6096=AXIS2_PLACEMENT_3D('',#6093,#6094,#6095);
#6097=PLANE('',#6096);
#6098=ORIENTED_EDGE('',*,*,#728,.F.);
#6099=CARTESIAN_POINT('',(41.14,1.65,4.));
#6100=VERTEX_POINT('',#6099);
#6101=CARTESIAN_POINT('',(41.14,1.65,6.));
#6102=DIRECTION('',(-0.,-0.,-1.));
#6103=VECTOR('',#6102,2.);
#6104=LINE('',#6101,#6103);
#6105=EDGE_CURVE('',#721,#6100,#6104,.T.);
#6106=ORIENTED_EDGE('',*,*,#6105,.T.);
#6107=CARTESIAN_POINT('',(41.14,3.65,4.));
#6108=VERTEX_POINT('',#6107);
#6109=CARTESIAN_POINT('',(41.14,1.65,4.));
#6110=DIRECTION('',(0.,1.,0.));
#6111=VECTOR('',#6110,2.);
#6112=LINE('',#6109,#6111);
#6113=EDGE_CURVE('',#6100,#6108,#6112,.T.);
#6114=ORIENTED_EDGE('',*,*,#6113,.T.);
#6115=CARTESIAN_POINT('',(41.14,3.65,4.));
#6116=DIRECTION('',(0.,0.,1.));
#6117=VECTOR('',#6116,2.);
#6118=LINE('',#6115,#6117);
#6119=EDGE_CURVE('',#6108,#723,#6118,.T.);
#6120=ORIENTED_EDGE('',*,*,#6119,.T.);
#6121=EDGE_LOOP('',(#6098,#6106,#6114,#6120));
#6122=FACE_BOUND('',#6121,.T.);
#6123=ADVANCED_FACE('',(#6122),#6097,.T.);
#6124=CARTESIAN_POINT('',(66.14,1.15,4.));
#6125=DIRECTION('',(0.,1.,0.));
#6126=DIRECTION('',(0.,0.,1.));
#6127=AXIS2_PLACEMENT_3D('',#6124,#6125,#6126);
#6128=PLANE('',#6127);
#6129=CARTESIAN_POINT('',(90.64,1.15,4.));
#6130=VERTEX_POINT('',#6129);
#6131=CARTESIAN_POINT('',(41.64,1.15,4.));
#6132=VERTEX_POINT('',#6131);
#6133=CARTESIAN_POINT('',(90.64,1.15,4.));
#6134=DIRECTION('',(-1.,0.,0.));
#6135=VECTOR('',#6134,49.);
#6136=LINE('',#6133,#6135);
#6137=EDGE_CURVE('',#6130,#6132,#6136,.T.);
#6138=ORIENTED_EDGE('',*,*,#6137,.T.);
#6139=CARTESIAN_POINT('',(41.64,1.15,4.));
#6140=DIRECTION('',(0.,0.,1.));
#6141=VECTOR('',#6140,2.);
#6142=LINE('',#6139,#6141);
#6143=EDGE_CURVE('',#6132,#774,#6142,.T.);
#6144=ORIENTED_EDGE('',*,*,#6143,.T.);
#6145=ORIENTED_EDGE('',*,*,#779,.F.);
#6146=CARTESIAN_POINT('',(90.64,1.15,6.));
#6147=DIRECTION('',(-0.,-0.,-1.));
#6148=VECTOR('',#6147,2.);
#6149=LINE('',#6146,#6148);
#6150=EDGE_CURVE('',#765,#6130,#6149,.T.);
#6151=ORIENTED_EDGE('',*,*,#6150,.T.);
#6152=EDGE_LOOP('',(#6138,#6144,#6145,#6151));
#6153=FACE_BOUND('',#6152,.T.);
#6154=ADVANCED_FACE('',(#6153),#6128,.T.);
#6155=CARTESIAN_POINT('',(0.,0.,4.));
#6156=DIRECTION('',(0.,0.,1.));
#6157=DIRECTION('',(1.,0.,0.));
#6158=AXIS2_PLACEMENT_3D('',#6155,#6156,#6157);
#6159=PLANE('',#6158);
#6160=ORIENTED_EDGE('',*,*,#6113,.F.);
#6161=CARTESIAN_POINT('',(41.64,1.65,4.));
#6162=DIRECTION('',(0.,0.,1.));
#6163=DIRECTION('',(1.,0.,-0.));
#6164=AXIS2_PLACEMENT_3D('',#6161,#6162,#6163);
#6165=CIRCLE('',#6164,0.5);
#6166=EDGE_CURVE('',#6100,#6132,#6165,.T.);
#6167=ORIENTED_EDGE('',*,*,#6166,.T.);
#6168=ORIENTED_EDGE('',*,*,#6137,.F.);
#6169=CARTESIAN_POINT('',(90.64,1.65,4.));
#6170=DIRECTION('',(0.,0.,1.));
#6171=DIRECTION('',(1.,0.,-0.));
#6172=AXIS2_PLACEMENT_3D('',#6169,#6170,#6171);
#6173=CIRCLE('',#6172,0.5);
#6174=EDGE_CURVE('',#6130,#6046,#6173,.T.);
#6175=ORIENTED_EDGE('',*,*,#6174,.T.);
#6176=ORIENTED_EDGE('',*,*,#6051,.F.);
#6177=CARTESIAN_POINT('',(90.64,3.65,4.));
#6178=DIRECTION('',(0.,0.,1.));
#6179=DIRECTION('',(1.,0.,-0.));
#6180=AXIS2_PLACEMENT_3D('',#6177,#6178,#6179);
#6181=CIRCLE('',#6180,0.5);
#6182=EDGE_CURVE('',#6038,#6070,#6181,.T.);
#6183=ORIENTED_EDGE('',*,*,#6182,.T.);
#6184=ORIENTED_EDGE('',*,*,#6075,.F.);
#6185=CARTESIAN_POINT('',(41.64,3.65,4.));
#6186=DIRECTION('',(0.,0.,1.));
#6187=DIRECTION('',(1.,0.,-0.));
#6188=AXIS2_PLACEMENT_3D('',#6185,#6186,#6187);
#6189=CIRCLE('',#6188,0.5);
#6190=EDGE_CURVE('',#6068,#6108,#6189,.T.);
#6191=ORIENTED_EDGE('',*,*,#6190,.T.);
#6192=EDGE_LOOP('',(#6160,#6167,#6168,#6175,#6176,#6183,#6184,#6191));
#6193=FACE_BOUND('',#6192,.T.);
#6194=ADVANCED_FACE('',(#6193),#6159,.T.);
#6195=CARTESIAN_POINT('',(-3.75,-89.54375,4.));
#6196=DIRECTION('',(0.,1.,0.));
#6197=DIRECTION('',(0.,0.,1.));
#6198=AXIS2_PLACEMENT_3D('',#6195,#6196,#6197);
#6199=PLANE('',#6198);
#6200=ORIENTED_EDGE('',*,*,#482,.F.);
#6201=CARTESIAN_POINT('',(-2.,-89.54375,4.));
#6202=VERTEX_POINT('',#6201);
#6203=CARTESIAN_POINT('',(-2.,-89.54375,6.));
#6204=DIRECTION('',(-0.,-0.,-1.));
#6205=VECTOR('',#6204,2.);
#6206=LINE('',#6203,#6205);
#6207=EDGE_CURVE('',#468,#6202,#6206,.T.);
#6208=ORIENTED_EDGE('',*,*,#6207,.T.);
#6209=CARTESIAN_POINT('',(-4.,-89.54375,4.));
#6210=VERTEX_POINT('',#6209);
#6211=CARTESIAN_POINT('',(-2.,-89.54375,4.));
#6212=DIRECTION('',(-1.,0.,0.));
#6213=VECTOR('',#6212,2.);
#6214=LINE('',#6211,#6213);
#6215=EDGE_CURVE('',#6202,#6210,#6214,.T.);
#6216=ORIENTED_EDGE('',*,*,#6215,.T.);
#6217=CARTESIAN_POINT('',(-4.,-89.54375,4.));
#6218=DIRECTION('',(0.,0.,1.));
#6219=VECTOR('',#6218,2.);
#6220=LINE('',#6217,#6219);
#6221=EDGE_CURVE('',#6210,#477,#6220,.T.);
#6222=ORIENTED_EDGE('',*,*,#6221,.T.);
#6223=EDGE_LOOP('',(#6200,#6208,#6216,#6222));
#6224=FACE_BOUND('',#6223,.T.);
#6225=ADVANCED_FACE('',(#6224),#6199,.T.);
#6226=CARTESIAN_POINT('',(-1.5,-74.54375,4.));
#6227=DIRECTION('',(-1.,0.,0.));
#6228=DIRECTION('',(0.,0.,1.));
#6229=AXIS2_PLACEMENT_3D('',#6226,#6227,#6228);
#6230=PLANE('',#6229);
#6231=ORIENTED_EDGE('',*,*,#465,.F.);
#6232=CARTESIAN_POINT('',(-1.5,-60.04375,4.));
#6233=VERTEX_POINT('',#6232);
#6234=CARTESIAN_POINT('',(-1.5,-60.04375,6.));
#6235=DIRECTION('',(-0.,-0.,-1.));
#6236=VECTOR('',#6235,2.);
#6237=LINE('',#6234,#6236);
#6238=EDGE_CURVE('',#451,#6233,#6237,.T.);
#6239=ORIENTED_EDGE('',*,*,#6238,.T.);
#6240=CARTESIAN_POINT('',(-1.5,-89.04375,4.));
#6241=VERTEX_POINT('',#6240);
#6242=CARTESIAN_POINT('',(-1.5,-60.04375,4.));
#6243=DIRECTION('',(0.,-1.,0.));
#6244=VECTOR('',#6243,29.);
#6245=LINE('',#6242,#6244);
#6246=EDGE_CURVE('',#6233,#6241,#6245,.T.);
#6247=ORIENTED_EDGE('',*,*,#6246,.T.);
#6248=CARTESIAN_POINT('',(-1.5,-89.04375,4.));
#6249=DIRECTION('',(0.,0.,1.));
#6250=VECTOR('',#6249,2.);
#6251=LINE('',#6248,#6250);
#6252=EDGE_CURVE('',#6241,#460,#6251,.T.);
#6253=ORIENTED_EDGE('',*,*,#6252,.T.);
#6254=EDGE_LOOP('',(#6231,#6239,#6247,#6253));
#6255=FACE_BOUND('',#6254,.T.);
#6256=ADVANCED_FACE('',(#6255),#6230,.T.);
#6257=CARTESIAN_POINT('',(-3.75,-59.54375,4.));
#6258=DIRECTION('',(0.,-1.,0.));
#6259=DIRECTION('',(0.,0.,-1.));
#6260=AXIS2_PLACEMENT_3D('',#6257,#6258,#6259);
#6261=PLANE('',#6260);
#6262=CARTESIAN_POINT('',(-4.,-59.54375,4.));
#6263=VERTEX_POINT('',#6262);
#6264=CARTESIAN_POINT('',(-2.,-59.54375,4.));
#6265=VERTEX_POINT('',#6264);
#6266=CARTESIAN_POINT('',(-4.,-59.54375,4.));
#6267=DIRECTION('',(1.,0.,-0.));
#6268=VECTOR('',#6267,2.);
#6269=LINE('',#6266,#6268);
#6270=EDGE_CURVE('',#6263,#6265,#6269,.T.);
#6271=ORIENTED_EDGE('',*,*,#6270,.T.);
#6272=CARTESIAN_POINT('',(-2.,-59.54375,4.));
#6273=DIRECTION('',(0.,0.,1.));
#6274=VECTOR('',#6273,2.);
#6275=LINE('',#6272,#6274);
#6276=EDGE_CURVE('',#6265,#443,#6275,.T.);
#6277=ORIENTED_EDGE('',*,*,#6276,.T.);
#6278=ORIENTED_EDGE('',*,*,#448,.F.);
#6279=CARTESIAN_POINT('',(-4.,-59.54375,6.));
#6280=DIRECTION('',(-0.,-0.,-1.));
#6281=VECTOR('',#6280,2.);
#6282=LINE('',#6279,#6281);
#6283=EDGE_CURVE('',#441,#6263,#6282,.T.);
#6284=ORIENTED_EDGE('',*,*,#6283,.T.);
#6285=EDGE_LOOP('',(#6271,#6277,#6278,#6284));
#6286=FACE_BOUND('',#6285,.T.);
#6287=ADVANCED_FACE('',(#6286),#6261,.T.);
#6288=CARTESIAN_POINT('',(-4.5,-74.54375,4.));
#6289=DIRECTION('',(1.,0.,0.));
#6290=DIRECTION('',(0.,0.,-1.));
#6291=AXIS2_PLACEMENT_3D('',#6288,#6289,#6290);
#6292=PLANE('',#6291);
#6293=CARTESIAN_POINT('',(-4.5,-89.04375,4.));
#6294=VERTEX_POINT('',#6293);
#6295=CARTESIAN_POINT('',(-4.5,-60.04375,4.));
#6296=VERTEX_POINT('',#6295);
#6297=CARTESIAN_POINT('',(-4.5,-89.04375,4.));
#6298=DIRECTION('',(0.,1.,0.));
#6299=VECTOR('',#6298,29.);
#6300=LINE('',#6297,#6299);
#6301=EDGE_CURVE('',#6294,#6296,#6300,.T.);
#6302=ORIENTED_EDGE('',*,*,#6301,.T.);
#6303=CARTESIAN_POINT('',(-4.5,-60.04375,4.));
#6304=DIRECTION('',(0.,0.,1.));
#6305=VECTOR('',#6304,2.);
#6306=LINE('',#6303,#6305);
#6307=EDGE_CURVE('',#6296,#494,#6306,.T.);
#6308=ORIENTED_EDGE('',*,*,#6307,.T.);
#6309=ORIENTED_EDGE('',*,*,#499,.F.);
#6310=CARTESIAN_POINT('',(-4.5,-89.04375,6.));
#6311=DIRECTION('',(-0.,-0.,-1.));
#6312=VECTOR('',#6311,2.);
#6313=LINE('',#6310,#6312);
#6314=EDGE_CURVE('',#485,#6294,#6313,.T.);
#6315=ORIENTED_EDGE('',*,*,#6314,.T.);
#6316=EDGE_LOOP('',(#6302,#6308,#6309,#6315));
#6317=FACE_BOUND('',#6316,.T.);
#6318=ADVANCED_FACE('',(#6317),#6292,.T.);
#6319=CARTESIAN_POINT('',(0.,0.,4.));
#6320=DIRECTION('',(0.,0.,1.));
#6321=DIRECTION('',(1.,0.,0.));
#6322=AXIS2_PLACEMENT_3D('',#6319,#6320,#6321);
#6323=PLANE('',#6322);
#6324=ORIENTED_EDGE('',*,*,#6246,.F.);
#6325=CARTESIAN_POINT('',(-2.,-60.04375,4.));
#6326=DIRECTION('',(0.,0.,1.));
#6327=DIRECTION('',(1.,0.,-0.));
#6328=AXIS2_PLACEMENT_3D('',#6325,#6326,#6327);
#6329=CIRCLE('',#6328,0.5);
#6330=EDGE_CURVE('',#6233,#6265,#6329,.T.);
#6331=ORIENTED_EDGE('',*,*,#6330,.T.);
#6332=ORIENTED_EDGE('',*,*,#6270,.F.);
#6333=CARTESIAN_POINT('',(-4.,-60.04375,4.));
#6334=DIRECTION('',(0.,0.,1.));
#6335=DIRECTION('',(1.,0.,-0.));
#6336=AXIS2_PLACEMENT_3D('',#6333,#6334,#6335);
#6337=CIRCLE('',#6336,0.5);
#6338=EDGE_CURVE('',#6263,#6296,#6337,.T.);
#6339=ORIENTED_EDGE('',*,*,#6338,.T.);
#6340=ORIENTED_EDGE('',*,*,#6301,.F.);
#6341=CARTESIAN_POINT('',(-4.,-89.04375,4.));
#6342=DIRECTION('',(0.,0.,1.));
#6343=DIRECTION('',(1.,0.,-0.));
#6344=AXIS2_PLACEMENT_3D('',#6341,#6342,#6343);
#6345=CIRCLE('',#6344,0.5);
#6346=EDGE_CURVE('',#6294,#6210,#6345,.T.);
#6347=ORIENTED_EDGE('',*,*,#6346,.T.);
#6348=ORIENTED_EDGE('',*,*,#6215,.F.);
#6349=CARTESIAN_POINT('',(-2.,-89.04375,4.));
#6350=DIRECTION('',(0.,0.,1.));
#6351=DIRECTION('',(1.,0.,-0.));
#6352=AXIS2_PLACEMENT_3D('',#6349,#6350,#6351);
#6353=CIRCLE('',#6352,0.5);
#6354=EDGE_CURVE('',#6202,#6241,#6353,.T.);
#6355=ORIENTED_EDGE('',*,*,#6354,.T.);
#6356=EDGE_LOOP('',(#6324,#6331,#6332,#6339,#6340,#6347,#6348,#6355));
#6357=FACE_BOUND('',#6356,.T.);
#6358=ADVANCED_FACE('',(#6357),#6323,.T.);
#6359=CARTESIAN_POINT('',(90.,-99.025,4.));
#6360=DIRECTION('',(-1.,0.,0.));
#6361=DIRECTION('',(0.,0.,1.));
#6362=AXIS2_PLACEMENT_3D('',#6359,#6360,#6361);
#6363=PLANE('',#6362);
#6364=ORIENTED_EDGE('',*,*,#552,.F.);
#6365=CARTESIAN_POINT('',(90.,-97.275,4.));
#6366=VERTEX_POINT('',#6365);
#6367=CARTESIAN_POINT('',(90.,-97.275,6.));
#6368=DIRECTION('',(-0.,-0.,-1.));
#6369=VECTOR('',#6368,2.);
#6370=LINE('',#6367,#6369);
#6371=EDGE_CURVE('',#538,#6366,#6370,.T.);
#6372=ORIENTED_EDGE('',*,*,#6371,.T.);
#6373=CARTESIAN_POINT('',(90.,-99.275,4.));
#6374=VERTEX_POINT('',#6373);
#6375=CARTESIAN_POINT('',(90.,-97.275,4.));
#6376=DIRECTION('',(0.,-1.,0.));
#6377=VECTOR('',#6376,2.);
#6378=LINE('',#6375,#6377);
#6379=EDGE_CURVE('',#6366,#6374,#6378,.T.);
#6380=ORIENTED_EDGE('',*,*,#6379,.T.);
#6381=CARTESIAN_POINT('',(90.,-99.275,4.));
#6382=DIRECTION('',(0.,0.,1.));
#6383=VECTOR('',#6382,2.);
#6384=LINE('',#6381,#6383);
#6385=EDGE_CURVE('',#6374,#547,#6384,.T.);
#6386=ORIENTED_EDGE('',*,*,#6385,.T.);
#6387=EDGE_LOOP('',(#6364,#6372,#6380,#6386));
#6388=FACE_BOUND('',#6387,.T.);
#6389=ADVANCED_FACE('',(#6388),#6363,.T.);
#6390=CARTESIAN_POINT('',(50.,-96.775,4.));
#6391=DIRECTION('',(0.,-1.,0.));
#6392=DIRECTION('',(0.,0.,-1.));
#6393=AXIS2_PLACEMENT_3D('',#6390,#6391,#6392);
#6394=PLANE('',#6393);
#6395=ORIENTED_EDGE('',*,*,#535,.F.);
#6396=CARTESIAN_POINT('',(10.5,-96.775,4.));
#6397=VERTEX_POINT('',#6396);
#6398=CARTESIAN_POINT('',(10.5,-96.775,6.));
#6399=DIRECTION('',(-0.,-0.,-1.));
#6400=VECTOR('',#6399,2.);
#6401=LINE('',#6398,#6400);
#6402=EDGE_CURVE('',#521,#6397,#6401,.T.);
#6403=ORIENTED_EDGE('',*,*,#6402,.T.);
#6404=CARTESIAN_POINT('',(89.5,-96.775,4.));
#6405=VERTEX_POINT('',#6404);
#6406=CARTESIAN_POINT('',(10.5,-96.775,4.));
#6407=DIRECTION('',(1.,0.,-0.));
#6408=VECTOR('',#6407,79.);
#6409=LINE('',#6406,#6408);
#6410=EDGE_CURVE('',#6397,#6405,#6409,.T.);
#6411=ORIENTED_EDGE('',*,*,#6410,.T.);
#6412=CARTESIAN_POINT('',(89.5,-96.775,4.));
#6413=DIRECTION('',(0.,0.,1.));
#6414=VECTOR('',#6413,2.);
#6415=LINE('',#6412,#6414);
#6416=EDGE_CURVE('',#6405,#530,#6415,.T.);
#6417=ORIENTED_EDGE('',*,*,#6416,.T.);
#6418=EDGE_LOOP('',(#6395,#6403,#6411,#6417));
#6419=FACE_BOUND('',#6418,.T.);
#6420=ADVANCED_FACE('',(#6419),#6394,.T.);
#6421=CARTESIAN_POINT('',(10.,-99.025,4.));
#6422=DIRECTION('',(1.,0.,0.));
#6423=DIRECTION('',(0.,0.,-1.));
#6424=AXIS2_PLACEMENT_3D('',#6421,#6422,#6423);
#6425=PLANE('',#6424);
#6426=ORIENTED_EDGE('',*,*,#518,.F.);
#6427=CARTESIAN_POINT('',(10.,-99.275,4.));
#6428=VERTEX_POINT('',#6427);
#6429=CARTESIAN_POINT('',(10.,-99.275,6.));
#6430=DIRECTION('',(-0.,-0.,-1.));
#6431=VECTOR('',#6430,2.);
#6432=LINE('',#6429,#6431);
#6433=EDGE_CURVE('',#511,#6428,#6432,.T.);
#6434=ORIENTED_EDGE('',*,*,#6433,.T.);
#6435=CARTESIAN_POINT('',(10.,-97.275,4.));
#6436=VERTEX_POINT('',#6435);
#6437=CARTESIAN_POINT('',(10.,-99.275,4.));
#6438=DIRECTION('',(0.,1.,0.));
#6439=VECTOR('',#6438,2.);
#6440=LINE('',#6437,#6439);
#6441=EDGE_CURVE('',#6428,#6436,#6440,.T.);
#6442=ORIENTED_EDGE('',*,*,#6441,.T.);
#6443=CARTESIAN_POINT('',(10.,-97.275,4.));
#6444=DIRECTION('',(0.,0.,1.));
#6445=VECTOR('',#6444,2.);
#6446=LINE('',#6443,#6445);
#6447=EDGE_CURVE('',#6436,#513,#6446,.T.);
#6448=ORIENTED_EDGE('',*,*,#6447,.T.);
#6449=EDGE_LOOP('',(#6426,#6434,#6442,#6448));
#6450=FACE_BOUND('',#6449,.T.);
#6451=ADVANCED_FACE('',(#6450),#6425,.T.);
#6452=CARTESIAN_POINT('',(50.,-99.775,4.));
#6453=DIRECTION('',(0.,1.,0.));
#6454=DIRECTION('',(0.,0.,1.));
#6455=AXIS2_PLACEMENT_3D('',#6452,#6453,#6454);
#6456=PLANE('',#6455);
#6457=CARTESIAN_POINT('',(89.5,-99.775,4.));
#6458=VERTEX_POINT('',#6457);
#6459=CARTESIAN_POINT('',(10.5,-99.775,4.));
#6460=VERTEX_POINT('',#6459);
#6461=CARTESIAN_POINT('',(89.5,-99.775,4.));
#6462=DIRECTION('',(-1.,0.,0.));
#6463=VECTOR('',#6462,79.);
#6464=LINE('',#6461,#6463);
#6465=EDGE_CURVE('',#6458,#6460,#6464,.T.);
#6466=ORIENTED_EDGE('',*,*,#6465,.T.);
#6467=CARTESIAN_POINT('',(10.5,-99.775,4.));
#6468=DIRECTION('',(0.,0.,1.));
#6469=VECTOR('',#6468,2.);
#6470=LINE('',#6467,#6469);
#6471=EDGE_CURVE('',#6460,#564,#6470,.T.);
#6472=ORIENTED_EDGE('',*,*,#6471,.T.);
#6473=ORIENTED_EDGE('',*,*,#569,.F.);
#6474=CARTESIAN_POINT('',(89.5,-99.775,6.));
#6475=DIRECTION('',(-0.,-0.,-1.));
#6476=VECTOR('',#6475,2.);
#6477=LINE('',#6474,#6476);
#6478=EDGE_CURVE('',#555,#6458,#6477,.T.);
#6479=ORIENTED_EDGE('',*,*,#6478,.T.);
#6480=EDGE_LOOP('',(#6466,#6472,#6473,#6479));
#6481=FACE_BOUND('',#6480,.T.);
#6482=ADVANCED_FACE('',(#6481),#6456,.T.);
#6483=CARTESIAN_POINT('',(0.,0.,4.));
#6484=DIRECTION('',(0.,0.,1.));
#6485=DIRECTION('',(1.,0.,0.));
#6486=AXIS2_PLACEMENT_3D('',#6483,#6484,#6485);
#6487=PLANE('',#6486);
#6488=ORIENTED_EDGE('',*,*,#6441,.F.);
#6489=CARTESIAN_POINT('',(10.5,-99.275,4.));
#6490=DIRECTION('',(0.,0.,1.));
#6491=DIRECTION('',(1.,0.,-0.));
#6492=AXIS2_PLACEMENT_3D('',#6489,#6490,#6491);
#6493=CIRCLE('',#6492,0.5);
#6494=EDGE_CURVE('',#6428,#6460,#6493,.T.);
#6495=ORIENTED_EDGE('',*,*,#6494,.T.);
#6496=ORIENTED_EDGE('',*,*,#6465,.F.);
#6497=CARTESIAN_POINT('',(89.5,-99.275,4.));
#6498=DIRECTION('',(0.,0.,1.));
#6499=DIRECTION('',(1.,0.,-0.));
#6500=AXIS2_PLACEMENT_3D('',#6497,#6498,#6499);
#6501=CIRCLE('',#6500,0.5);
#6502=EDGE_CURVE('',#6458,#6374,#6501,.T.);
#6503=ORIENTED_EDGE('',*,*,#6502,.T.);
#6504=ORIENTED_EDGE('',*,*,#6379,.F.);
#6505=CARTESIAN_POINT('',(89.5,-97.275,4.));
#6506=DIRECTION('',(0.,0.,1.));
#6507=DIRECTION('',(1.,0.,-0.));
#6508=AXIS2_PLACEMENT_3D('',#6505,#6506,#6507);
#6509=CIRCLE('',#6508,0.5);
#6510=EDGE_CURVE('',#6366,#6405,#6509,.T.);
#6511=ORIENTED_EDGE('',*,*,#6510,.T.);
#6512=ORIENTED_EDGE('',*,*,#6410,.F.);
#6513=CARTESIAN_POINT('',(10.5,-97.275,4.));
#6514=DIRECTION('',(0.,0.,1.));
#6515=DIRECTION('',(1.,0.,-0.));
#6516=AXIS2_PLACEMENT_3D('',#6513,#6514,#6515);
#6517=CIRCLE('',#6516,0.5);
#6518=EDGE_CURVE('',#6397,#6436,#6517,.T.);
#6519=ORIENTED_EDGE('',*,*,#6518,.T.);
#6520=EDGE_LOOP('',(#6488,#6495,#6496,#6503,#6504,#6511,#6512,#6519));
#6521=FACE_BOUND('',#6520,.T.);
#6522=ADVANCED_FACE('',(#6521),#6487,.T.);
#6523=CARTESIAN_POINT('',(-2.25,-6.08125,4.));
#6524=DIRECTION('',(0.,-1.,0.));
#6525=DIRECTION('',(0.,0.,-1.));
#6526=AXIS2_PLACEMENT_3D('',#6523,#6524,#6525);
#6527=PLANE('',#6526);
#6528=CARTESIAN_POINT('',(-3.5,-6.08125,4.));
#6529=VERTEX_POINT('',#6528);
#6530=CARTESIAN_POINT('',(-2.5,-6.08125,4.));
#6531=VERTEX_POINT('',#6530);
#6532=CARTESIAN_POINT('',(-3.5,-6.08125,4.));
#6533=DIRECTION('',(1.,0.,-0.));
#6534=VECTOR('',#6533,1.);
#6535=LINE('',#6532,#6534);
#6536=EDGE_CURVE('',#6529,#6531,#6535,.T.);
#6537=ORIENTED_EDGE('',*,*,#6536,.T.);
#6538=CARTESIAN_POINT('',(-2.5,-6.08125,4.));
#6539=DIRECTION('',(0.,0.,1.));
#6540=VECTOR('',#6539,2.);
#6541=LINE('',#6538,#6540);
#6542=EDGE_CURVE('',#6531,#617,#6541,.T.);
#6543=ORIENTED_EDGE('',*,*,#6542,.T.);
#6544=ORIENTED_EDGE('',*,*,#622,.F.);
#6545=CARTESIAN_POINT('',(-3.5,-6.08125,6.));
#6546=DIRECTION('',(-0.,-0.,-1.));
#6547=VECTOR('',#6546,2.);
#6548=LINE('',#6545,#6547);
#6549=EDGE_CURVE('',#608,#6529,#6548,.T.);
#6550=ORIENTED_EDGE('',*,*,#6549,.T.);
#6551=EDGE_LOOP('',(#6537,#6543,#6544,#6550));
#6552=FACE_BOUND('',#6551,.T.);
#6553=ADVANCED_FACE('',(#6552),#6527,.T.);
#6554=CARTESIAN_POINT('',(-4.5,-21.08125,4.));
#6555=DIRECTION('',(1.,0.,0.));
#6556=DIRECTION('',(0.,0.,-1.));
#6557=AXIS2_PLACEMENT_3D('',#6554,#6555,#6556);
#6558=PLANE('',#6557);
#6559=ORIENTED_EDGE('',*,*,#605,.F.);
#6560=CARTESIAN_POINT('',(-4.5,-35.08125,4.));
#6561=VERTEX_POINT('',#6560);
#6562=CARTESIAN_POINT('',(-4.5,-35.08125,6.));
#6563=DIRECTION('',(-0.,-0.,-1.));
#6564=VECTOR('',#6563,2.);
#6565=LINE('',#6562,#6564);
#6566=EDGE_CURVE('',#591,#6561,#6565,.T.);
#6567=ORIENTED_EDGE('',*,*,#6566,.T.);
#6568=CARTESIAN_POINT('',(-4.5,-7.08125,4.));
#6569=VERTEX_POINT('',#6568);
#6570=CARTESIAN_POINT('',(-4.5,-35.08125,4.));
#6571=DIRECTION('',(0.,1.,0.));
#6572=VECTOR('',#6571,28.);
#6573=LINE('',#6570,#6572);
#6574=EDGE_CURVE('',#6561,#6569,#6573,.T.);
#6575=ORIENTED_EDGE('',*,*,#6574,.T.);
#6576=CARTESIAN_POINT('',(-4.5,-7.08125,4.));
#6577=DIRECTION('',(0.,0.,1.));
#6578=VECTOR('',#6577,2.);
#6579=LINE('',#6576,#6578);
#6580=EDGE_CURVE('',#6569,#600,#6579,.T.);
#6581=ORIENTED_EDGE('',*,*,#6580,.T.);
#6582=EDGE_LOOP('',(#6559,#6567,#6575,#6581));
#6583=FACE_BOUND('',#6582,.T.);
#6584=ADVANCED_FACE('',(#6583),#6558,.T.);
#6585=CARTESIAN_POINT('',(-2.25,-36.08125,4.));
#6586=DIRECTION('',(0.,1.,0.));
#6587=DIRECTION('',(0.,0.,1.));
#6588=AXIS2_PLACEMENT_3D('',#6585,#6586,#6587);
#6589=PLANE('',#6588);
#6590=CARTESIAN_POINT('',(-2.5,-36.08125,4.));
#6591=VERTEX_POINT('',#6590);
#6592=CARTESIAN_POINT('',(-3.5,-36.08125,4.));
#6593=VERTEX_POINT('',#6592);
#6594=CARTESIAN_POINT('',(-2.5,-36.08125,4.));
#6595=DIRECTION('',(-1.,0.,0.));
#6596=VECTOR('',#6595,1.);
#6597=LINE('',#6594,#6596);
#6598=EDGE_CURVE('',#6591,#6593,#6597,.T.);
#6599=ORIENTED_EDGE('',*,*,#6598,.T.);
#6600=CARTESIAN_POINT('',(-3.5,-36.08125,4.));
#6601=DIRECTION('',(0.,0.,1.));
#6602=VECTOR('',#6601,2.);
#6603=LINE('',#6600,#6602);
#6604=EDGE_CURVE('',#6593,#583,#6603,.T.);
#6605=ORIENTED_EDGE('',*,*,#6604,.T.);
#6606=ORIENTED_EDGE('',*,*,#588,.F.);
#6607=CARTESIAN_POINT('',(-2.5,-36.08125,6.));
#6608=DIRECTION('',(-0.,-0.,-1.));
#6609=VECTOR('',#6608,2.);
#6610=LINE('',#6607,#6609);
#6611=EDGE_CURVE('',#581,#6591,#6610,.T.);
#6612=ORIENTED_EDGE('',*,*,#6611,.T.);
#6613=EDGE_LOOP('',(#6599,#6605,#6606,#6612));
#6614=FACE_BOUND('',#6613,.T.);
#6615=ADVANCED_FACE('',(#6614),#6589,.T.);
#6616=CARTESIAN_POINT('',(-1.5,-21.08125,4.));
#6617=DIRECTION('',(-1.,0.,0.));
#6618=DIRECTION('',(0.,0.,1.));
#6619=AXIS2_PLACEMENT_3D('',#6616,#6617,#6618);
#6620=PLANE('',#6619);
#6621=ORIENTED_EDGE('',*,*,#639,.F.);
#6622=CARTESIAN_POINT('',(-1.5,-7.08125,4.));
#6623=VERTEX_POINT('',#6622);
#6624=CARTESIAN_POINT('',(-1.5,-7.08125,6.));
#6625=DIRECTION('',(-0.,-0.,-1.));
#6626=VECTOR('',#6625,2.);
#6627=LINE('',#6624,#6626);
#6628=EDGE_CURVE('',#625,#6623,#6627,.T.);
#6629=ORIENTED_EDGE('',*,*,#6628,.T.);
#6630=CARTESIAN_POINT('',(-1.5,-35.08125,4.));
#6631=VERTEX_POINT('',#6630);
#6632=CARTESIAN_POINT('',(-1.5,-7.08125,4.));
#6633=DIRECTION('',(0.,-1.,0.));
#6634=VECTOR('',#6633,28.);
#6635=LINE('',#6632,#6634);
#6636=EDGE_CURVE('',#6623,#6631,#6635,.T.);
#6637=ORIENTED_EDGE('',*,*,#6636,.T.);
#6638=CARTESIAN_POINT('',(-1.5,-35.08125,4.));
#6639=DIRECTION('',(0.,0.,1.));
#6640=VECTOR('',#6639,2.);
#6641=LINE('',#6638,#6640);
#6642=EDGE_CURVE('',#6631,#634,#6641,.T.);
#6643=ORIENTED_EDGE('',*,*,#6642,.T.);
#6644=EDGE_LOOP('',(#6621,#6629,#6637,#6643));
#6645=FACE_BOUND('',#6644,.T.);
#6646=ADVANCED_FACE('',(#6645),#6620,.T.);
#6647=CARTESIAN_POINT('',(0.,0.,4.));
#6648=DIRECTION('',(0.,0.,1.));
#6649=DIRECTION('',(1.,0.,0.));
#6650=AXIS2_PLACEMENT_3D('',#6647,#6648,#6649);
#6651=PLANE('',#6650);
#6652=ORIENTED_EDGE('',*,*,#6636,.F.);
#6653=CARTESIAN_POINT('',(-2.5,-7.08125,4.));
#6654=DIRECTION('',(0.,0.,1.));
#6655=DIRECTION('',(1.,0.,-0.));
#6656=AXIS2_PLACEMENT_3D('',#6653,#6654,#6655);
#6657=CIRCLE('',#6656,1.);
#6658=EDGE_CURVE('',#6623,#6531,#6657,.T.);
#6659=ORIENTED_EDGE('',*,*,#6658,.T.);
#6660=ORIENTED_EDGE('',*,*,#6536,.F.);
#6661=CARTESIAN_POINT('',(-3.5,-7.08125,4.));
#6662=DIRECTION('',(0.,0.,1.));
#6663=DIRECTION('',(1.,0.,-0.));
#6664=AXIS2_PLACEMENT_3D('',#6661,#6662,#6663);
#6665=CIRCLE('',#6664,1.);
#6666=EDGE_CURVE('',#6529,#6569,#6665,.T.);
#6667=ORIENTED_EDGE('',*,*,#6666,.T.);
#6668=ORIENTED_EDGE('',*,*,#6574,.F.);
#6669=CARTESIAN_POINT('',(-3.5,-35.08125,4.));
#6670=DIRECTION('',(0.,0.,1.));
#6671=DIRECTION('',(1.,0.,-0.));
#6672=AXIS2_PLACEMENT_3D('',#6669,#6670,#6671);
#6673=CIRCLE('',#6672,1.);
#6674=EDGE_CURVE('',#6561,#6593,#6673,.T.);
#6675=ORIENTED_EDGE('',*,*,#6674,.T.);
#6676=ORIENTED_EDGE('',*,*,#6598,.F.);
#6677=CARTESIAN_POINT('',(-2.5,-35.08125,4.));
#6678=DIRECTION('',(0.,0.,1.));
#6679=DIRECTION('',(1.,0.,-0.));
#6680=AXIS2_PLACEMENT_3D('',#6677,#6678,#6679);
#6681=CIRCLE('',#6680,1.);
#6682=EDGE_CURVE('',#6591,#6631,#6681,.T.);
#6683=ORIENTED_EDGE('',*,*,#6682,.T.);
#6684=EDGE_LOOP('',(#6652,#6659,#6660,#6667,#6668,#6675,#6676,#6683));
#6685=FACE_BOUND('',#6684,.T.);
#6686=ADVANCED_FACE('',(#6685),#6651,.T.);
#6687=CARTESIAN_POINT('',(-2.5,-7.08125,4.));
#6688=DIRECTION('',(0.,0.,-1.));
#6689=DIRECTION('',(-1.,0.,0.));
#6690=AXIS2_PLACEMENT_3D('',#6687,#6688,#6689);
#6691=CYLINDRICAL_SURFACE('',#6690,1.);
#6692=ORIENTED_EDGE('',*,*,#6658,.F.);
#6693=ORIENTED_EDGE('',*,*,#6628,.F.);
#6694=ORIENTED_EDGE('',*,*,#631,.F.);
#6695=ORIENTED_EDGE('',*,*,#6542,.F.);
#6696=EDGE_LOOP('',(#6692,#6693,#6694,#6695));
#6697=FACE_BOUND('',#6696,.T.);
#6698=ADVANCED_FACE('',(#6697),#6691,.F.);
#6699=CARTESIAN_POINT('',(-3.5,-35.08125,4.));
#6700=DIRECTION('',(0.,0.,-1.));
#6701=DIRECTION('',(-1.,0.,0.));
#6702=AXIS2_PLACEMENT_3D('',#6699,#6700,#6701);
#6703=CYLINDRICAL_SURFACE('',#6702,1.);
#6704=ORIENTED_EDGE('',*,*,#6674,.F.);
#6705=ORIENTED_EDGE('',*,*,#6566,.F.);
#6706=ORIENTED_EDGE('',*,*,#597,.F.);
#6707=ORIENTED_EDGE('',*,*,#6604,.F.);
#6708=EDGE_LOOP('',(#6704,#6705,#6706,#6707));
#6709=FACE_BOUND('',#6708,.T.);
#6710=ADVANCED_FACE('',(#6709),#6703,.F.);
#6711=CARTESIAN_POINT('',(-2.5,-35.08125,4.));
#6712=DIRECTION('',(0.,0.,-1.));
#6713=DIRECTION('',(-1.,0.,0.));
#6714=AXIS2_PLACEMENT_3D('',#6711,#6712,#6713);
#6715=CYLINDRICAL_SURFACE('',#6714,1.);
#6716=ORIENTED_EDGE('',*,*,#6682,.F.);
#6717=ORIENTED_EDGE('',*,*,#6611,.F.);
#6718=ORIENTED_EDGE('',*,*,#646,.F.);
#6719=ORIENTED_EDGE('',*,*,#6642,.F.);
#6720=EDGE_LOOP('',(#6716,#6717,#6718,#6719));
#6721=FACE_BOUND('',#6720,.T.);
#6722=ADVANCED_FACE('',(#6721),#6715,.F.);
#6723=CARTESIAN_POINT('',(-3.5,-7.08125,4.));
#6724=DIRECTION('',(0.,0.,-1.));
#6725=DIRECTION('',(-1.,0.,0.));
#6726=AXIS2_PLACEMENT_3D('',#6723,#6724,#6725);
#6727=CYLINDRICAL_SURFACE('',#6726,1.);
#6728=ORIENTED_EDGE('',*,*,#6666,.F.);
#6729=ORIENTED_EDGE('',*,*,#6549,.F.);
#6730=ORIENTED_EDGE('',*,*,#614,.F.);
#6731=ORIENTED_EDGE('',*,*,#6580,.F.);
#6732=EDGE_LOOP('',(#6728,#6729,#6730,#6731));
#6733=FACE_BOUND('',#6732,.T.);
#6734=ADVANCED_FACE('',(#6733),#6727,.F.);
#6735=CARTESIAN_POINT('',(-2.,-60.04375,4.));
#6736=DIRECTION('',(0.,0.,-1.));
#6737=DIRECTION('',(-1.,0.,0.));
#6738=AXIS2_PLACEMENT_3D('',#6735,#6736,#6737);
#6739=CYLINDRICAL_SURFACE('',#6738,0.5);
#6740=ORIENTED_EDGE('',*,*,#6330,.F.);
#6741=ORIENTED_EDGE('',*,*,#6238,.F.);
#6742=ORIENTED_EDGE('',*,*,#457,.F.);
#6743=ORIENTED_EDGE('',*,*,#6276,.F.);
#6744=EDGE_LOOP('',(#6740,#6741,#6742,#6743));
#6745=FACE_BOUND('',#6744,.T.);
#6746=ADVANCED_FACE('',(#6745),#6739,.F.);
#6747=CARTESIAN_POINT('',(-2.,-89.04375,4.));
#6748=DIRECTION('',(0.,0.,-1.));
#6749=DIRECTION('',(-1.,0.,0.));
#6750=AXIS2_PLACEMENT_3D('',#6747,#6748,#6749);
#6751=CYLINDRICAL_SURFACE('',#6750,0.5);
#6752=ORIENTED_EDGE('',*,*,#6354,.F.);
#6753=ORIENTED_EDGE('',*,*,#6207,.F.);
#6754=ORIENTED_EDGE('',*,*,#474,.F.);
#6755=ORIENTED_EDGE('',*,*,#6252,.F.);
#6756=EDGE_LOOP('',(#6752,#6753,#6754,#6755));
#6757=FACE_BOUND('',#6756,.T.);
#6758=ADVANCED_FACE('',(#6757),#6751,.F.);
#6759=CARTESIAN_POINT('',(-4.,-60.04375,4.));
#6760=DIRECTION('',(0.,0.,-1.));
#6761=DIRECTION('',(-1.,0.,0.));
#6762=AXIS2_PLACEMENT_3D('',#6759,#6760,#6761);
#6763=CYLINDRICAL_SURFACE('',#6762,0.5);
#6764=ORIENTED_EDGE('',*,*,#6338,.F.);
#6765=ORIENTED_EDGE('',*,*,#6283,.F.);
#6766=ORIENTED_EDGE('',*,*,#506,.F.);
#6767=ORIENTED_EDGE('',*,*,#6307,.F.);
#6768=EDGE_LOOP('',(#6764,#6765,#6766,#6767));
#6769=FACE_BOUND('',#6768,.T.);
#6770=ADVANCED_FACE('',(#6769),#6763,.F.);
#6771=CARTESIAN_POINT('',(-4.,-89.04375,4.));
#6772=DIRECTION('',(0.,0.,-1.));
#6773=DIRECTION('',(-1.,0.,0.));
#6774=AXIS2_PLACEMENT_3D('',#6771,#6772,#6773);
#6775=CYLINDRICAL_SURFACE('',#6774,0.5);
#6776=ORIENTED_EDGE('',*,*,#6346,.F.);
#6777=ORIENTED_EDGE('',*,*,#6314,.F.);
#6778=ORIENTED_EDGE('',*,*,#491,.F.);
#6779=ORIENTED_EDGE('',*,*,#6221,.F.);
#6780=EDGE_LOOP('',(#6776,#6777,#6778,#6779));
#6781=FACE_BOUND('',#6780,.T.);
#6782=ADVANCED_FACE('',(#6781),#6775,.F.);
#6783=CARTESIAN_POINT('',(10.5,-99.275,4.));
#6784=DIRECTION('',(0.,0.,-1.));
#6785=DIRECTION('',(-1.,0.,0.));
#6786=AXIS2_PLACEMENT_3D('',#6783,#6784,#6785);
#6787=CYLINDRICAL_SURFACE('',#6786,0.5);
#6788=ORIENTED_EDGE('',*,*,#6494,.F.);
#6789=ORIENTED_EDGE('',*,*,#6433,.F.);
#6790=ORIENTED_EDGE('',*,*,#576,.F.);
#6791=ORIENTED_EDGE('',*,*,#6471,.F.);
#6792=EDGE_LOOP('',(#6788,#6789,#6790,#6791));
#6793=FACE_BOUND('',#6792,.T.);
#6794=ADVANCED_FACE('',(#6793),#6787,.F.);
#6795=CARTESIAN_POINT('',(10.5,-97.275,4.));
#6796=DIRECTION('',(0.,0.,-1.));
#6797=DIRECTION('',(-1.,0.,0.));
#6798=AXIS2_PLACEMENT_3D('',#6795,#6796,#6797);
#6799=CYLINDRICAL_SURFACE('',#6798,0.5);
#6800=ORIENTED_EDGE('',*,*,#6518,.F.);
#6801=ORIENTED_EDGE('',*,*,#6402,.F.);
#6802=ORIENTED_EDGE('',*,*,#527,.F.);
#6803=ORIENTED_EDGE('',*,*,#6447,.F.);
#6804=EDGE_LOOP('',(#6800,#6801,#6802,#6803));
#6805=FACE_BOUND('',#6804,.T.);
#6806=ADVANCED_FACE('',(#6805),#6799,.F.);
#6807=CARTESIAN_POINT('',(89.5,-97.275,4.));
#6808=DIRECTION('',(0.,0.,-1.));
#6809=DIRECTION('',(-1.,0.,0.));
#6810=AXIS2_PLACEMENT_3D('',#6807,#6808,#6809);
#6811=CYLINDRICAL_SURFACE('',#6810,0.5);
#6812=ORIENTED_EDGE('',*,*,#6510,.F.);
#6813=ORIENTED_EDGE('',*,*,#6371,.F.);
#6814=ORIENTED_EDGE('',*,*,#544,.F.);
#6815=ORIENTED_EDGE('',*,*,#6416,.F.);
#6816=EDGE_LOOP('',(#6812,#6813,#6814,#6815));
#6817=FACE_BOUND('',#6816,.T.);
#6818=ADVANCED_FACE('',(#6817),#6811,.F.);
#6819=CARTESIAN_POINT('',(41.64,1.65,4.));
#6820=DIRECTION('',(0.,0.,-1.));
#6821=DIRECTION('',(-1.,0.,0.));
#6822=AXIS2_PLACEMENT_3D('',#6819,#6820,#6821);
#6823=CYLINDRICAL_SURFACE('',#6822,0.5);
#6824=ORIENTED_EDGE('',*,*,#6166,.F.);
#6825=ORIENTED_EDGE('',*,*,#6105,.F.);
#6826=ORIENTED_EDGE('',*,*,#786,.F.);
#6827=ORIENTED_EDGE('',*,*,#6143,.F.);
#6828=EDGE_LOOP('',(#6824,#6825,#6826,#6827));
#6829=FACE_BOUND('',#6828,.T.);
#6830=ADVANCED_FACE('',(#6829),#6823,.F.);
#6831=CARTESIAN_POINT('',(90.64,3.65,4.));
#6832=DIRECTION('',(0.,0.,-1.));
#6833=DIRECTION('',(-1.,0.,0.));
#6834=AXIS2_PLACEMENT_3D('',#6831,#6832,#6833);
#6835=CYLINDRICAL_SURFACE('',#6834,0.5);
#6836=ORIENTED_EDGE('',*,*,#6182,.F.);
#6837=ORIENTED_EDGE('',*,*,#6043,.F.);
#6838=ORIENTED_EDGE('',*,*,#754,.F.);
#6839=ORIENTED_EDGE('',*,*,#6081,.F.);
#6840=EDGE_LOOP('',(#6836,#6837,#6838,#6839));
#6841=FACE_BOUND('',#6840,.T.);
#6842=ADVANCED_FACE('',(#6841),#6835,.F.);
#6843=CARTESIAN_POINT('',(90.64,1.65,4.));
#6844=DIRECTION('',(0.,0.,-1.));
#6845=DIRECTION('',(-1.,0.,0.));
#6846=AXIS2_PLACEMENT_3D('',#6843,#6844,#6845);
#6847=CYLINDRICAL_SURFACE('',#6846,0.5);
#6848=ORIENTED_EDGE('',*,*,#6174,.F.);
#6849=ORIENTED_EDGE('',*,*,#6150,.F.);
#6850=ORIENTED_EDGE('',*,*,#771,.F.);
#6851=ORIENTED_EDGE('',*,*,#6057,.F.);
#6852=EDGE_LOOP('',(#6848,#6849,#6850,#6851));
#6853=FACE_BOUND('',#6852,.T.);
#6854=ADVANCED_FACE('',(#6853),#6847,.F.);
#6855=CARTESIAN_POINT('',(89.5,-99.275,4.));
#6856=DIRECTION('',(0.,0.,-1.));
#6857=DIRECTION('',(-1.,0.,0.));
#6858=AXIS2_PLACEMENT_3D('',#6855,#6856,#6857);
#6859=CYLINDRICAL_SURFACE('',#6858,0.5);
#6860=ORIENTED_EDGE('',*,*,#6502,.F.);
#6861=ORIENTED_EDGE('',*,*,#6478,.F.);
#6862=ORIENTED_EDGE('',*,*,#561,.F.);
#6863=ORIENTED_EDGE('',*,*,#6385,.F.);
#6864=EDGE_LOOP('',(#6860,#6861,#6862,#6863));
#6865=FACE_BOUND('',#6864,.T.);
#6866=ADVANCED_FACE('',(#6865),#6859,.F.);
#6867=CARTESIAN_POINT('',(41.64,3.65,4.));
#6868=DIRECTION('',(0.,0.,-1.));
#6869=DIRECTION('',(-1.,0.,0.));
#6870=AXIS2_PLACEMENT_3D('',#6867,#6868,#6869);
#6871=CYLINDRICAL_SURFACE('',#6870,0.5);
#6872=ORIENTED_EDGE('',*,*,#6190,.F.);
#6873=ORIENTED_EDGE('',*,*,#6088,.F.);
#6874=ORIENTED_EDGE('',*,*,#737,.F.);
#6875=ORIENTED_EDGE('',*,*,#6119,.F.);
#6876=EDGE_LOOP('',(#6872,#6873,#6874,#6875));
#6877=FACE_BOUND('',#6876,.T.);
#6878=ADVANCED_FACE('',(#6877),#6871,.F.);
#6879=CARTESIAN_POINT('',(287.375,-97.275,8.6));
#6880=DIRECTION('',(0.,0.,-1.));
#6881=DIRECTION('',(-1.,0.,0.));
#6882=AXIS2_PLACEMENT_3D('',#6879,#6880,#6881);
#6883=CYLINDRICAL_SURFACE('',#6882,1.3);
#6884=CARTESIAN_POINT('',(286.075,-97.275,1.5));
#6885=DIRECTION('',(-0.,-0.,1.));
#6886=VECTOR('',#6885,4.5);
#6887=LINE('',#6884,#6886);
#6888=EDGE_CURVE('',#1417,#791,#6887,.T.);
#6889=ORIENTED_EDGE('',*,*,#6888,.F.);
#6890=ORIENTED_EDGE('',*,*,#1425,.T.);
#6891=ORIENTED_EDGE('',*,*,#1432,.T.);
#6892=ORIENTED_EDGE('',*,*,#6888,.T.);
#6893=ORIENTED_EDGE('',*,*,#799,.T.);
#6894=ORIENTED_EDGE('',*,*,#806,.T.);
#6895=EDGE_LOOP('',(#6889,#6890,#6891,#6892,#6893,#6894));
#6896=FACE_BOUND('',#6895,.T.);
#6897=ADVANCED_FACE('',(#6896),#6883,.F.);
#6898=CARTESIAN_POINT('',(287.375,1.65,8.6));
#6899=DIRECTION('',(0.,0.,-1.));
#6900=DIRECTION('',(-1.,0.,0.));
#6901=AXIS2_PLACEMENT_3D('',#6898,#6899,#6900);
#6902=CYLINDRICAL_SURFACE('',#6901,1.3);
#6903=CARTESIAN_POINT('',(286.075,1.65,1.5));
#6904=DIRECTION('',(-0.,-0.,1.));
#6905=VECTOR('',#6904,4.5);
#6906=LINE('',#6903,#6905);
#6907=EDGE_CURVE('',#1437,#831,#6906,.T.);
#6908=ORIENTED_EDGE('',*,*,#6907,.F.);
#6909=ORIENTED_EDGE('',*,*,#1445,.T.);
#6910=ORIENTED_EDGE('',*,*,#1452,.T.);
#6911=ORIENTED_EDGE('',*,*,#6907,.T.);
#6912=ORIENTED_EDGE('',*,*,#839,.T.);
#6913=ORIENTED_EDGE('',*,*,#846,.T.);
#6914=EDGE_LOOP('',(#6908,#6909,#6910,#6911,#6912,#6913));
#6915=FACE_BOUND('',#6914,.T.);
#6916=ADVANCED_FACE('',(#6915),#6902,.F.);
#6917=CARTESIAN_POINT('',(0.,0.,2.5));
#6918=DIRECTION('',(0.,0.,1.));
#6919=DIRECTION('',(1.,0.,0.));
#6920=AXIS2_PLACEMENT_3D('',#6917,#6918,#6919);
#6921=PLANE('',#6920);
#6922=CARTESIAN_POINT('',(193.5,-94.,2.5));
#6923=VERTEX_POINT('',#6922);
#6924=CARTESIAN_POINT('',(282.5,-94.,2.5));
#6925=VERTEX_POINT('',#6924);
#6926=CARTESIAN_POINT('',(193.5,-94.,2.5));
#6927=DIRECTION('',(1.,0.,-0.));
#6928=VECTOR('',#6927,89.);
#6929=LINE('',#6926,#6928);
#6930=EDGE_CURVE('',#6923,#6925,#6929,.T.);
#6931=ORIENTED_EDGE('',*,*,#6930,.T.);
#6932=CARTESIAN_POINT('',(283.,-93.5,2.5));
#6933=VERTEX_POINT('',#6932);
#6934=CARTESIAN_POINT('',(282.5,-93.5,2.5));
#6935=DIRECTION('',(0.,0.,1.));
#6936=DIRECTION('',(1.,0.,-0.));
#6937=AXIS2_PLACEMENT_3D('',#6934,#6935,#6936);
#6938=CIRCLE('',#6937,0.5);
#6939=EDGE_CURVE('',#6925,#6933,#6938,.T.);
#6940=ORIENTED_EDGE('',*,*,#6939,.T.);
#6941=CARTESIAN_POINT('',(283.,-77.,2.5));
#6942=VERTEX_POINT('',#6941);
#6943=CARTESIAN_POINT('',(283.,-93.5,2.5));
#6944=DIRECTION('',(0.,1.,0.));
#6945=VECTOR('',#6944,16.5);
#6946=LINE('',#6943,#6945);
#6947=EDGE_CURVE('',#6933,#6942,#6946,.T.);
#6948=ORIENTED_EDGE('',*,*,#6947,.T.);
#6949=CARTESIAN_POINT('',(282.5,-76.5,2.5));
#6950=VERTEX_POINT('',#6949);
#6951=CARTESIAN_POINT('',(282.5,-77.,2.5));
#6952=DIRECTION('',(0.,0.,1.));
#6953=DIRECTION('',(1.,0.,-0.));
#6954=AXIS2_PLACEMENT_3D('',#6951,#6952,#6953);
#6955=CIRCLE('',#6954,0.5);
#6956=EDGE_CURVE('',#6942,#6950,#6955,.T.);
#6957=ORIENTED_EDGE('',*,*,#6956,.T.);
#6958=CARTESIAN_POINT('',(232.,-76.5,2.5));
#6959=VERTEX_POINT('',#6958);
#6960=CARTESIAN_POINT('',(282.5,-76.5,2.5));
#6961=DIRECTION('',(-1.,0.,0.));
#6962=VECTOR('',#6961,50.5);
#6963=LINE('',#6960,#6962);
#6964=EDGE_CURVE('',#6950,#6959,#6963,.T.);
#6965=ORIENTED_EDGE('',*,*,#6964,.T.);
#6966=CARTESIAN_POINT('',(231.964975124,-76.5,2.5));
#6967=VERTEX_POINT('',#6966);
#6968=CARTESIAN_POINT('',(232.,-76.5,2.5));
#6969=DIRECTION('',(-1.,0.,0.));
#6970=VECTOR('',#6969,0.035024876);
#6971=LINE('',#6968,#6970);
#6972=EDGE_CURVE('',#6959,#6967,#6971,.T.);
#6973=ORIENTED_EDGE('',*,*,#6972,.T.);
#6974=CARTESIAN_POINT('',(193.5,-76.5,2.5));
#6975=VERTEX_POINT('',#6974);
#6976=CARTESIAN_POINT('',(231.964975124,-76.5,2.5));
#6977=DIRECTION('',(-1.,0.,0.));
#6978=VECTOR('',#6977,38.464975124);
#6979=LINE('',#6976,#6978);
#6980=EDGE_CURVE('',#6967,#6975,#6979,.T.);
#6981=ORIENTED_EDGE('',*,*,#6980,.T.);
#6982=CARTESIAN_POINT('',(193.,-77.,2.5));
#6983=VERTEX_POINT('',#6982);
#6984=CARTESIAN_POINT('',(193.5,-77.,2.5));
#6985=DIRECTION('',(0.,0.,1.));
#6986=DIRECTION('',(1.,0.,-0.));
#6987=AXIS2_PLACEMENT_3D('',#6984,#6985,#6986);
#6988=CIRCLE('',#6987,0.5);
#6989=EDGE_CURVE('',#6975,#6983,#6988,.T.);
#6990=ORIENTED_EDGE('',*,*,#6989,.T.);
#6991=CARTESIAN_POINT('',(193.,-93.5,2.5));
#6992=VERTEX_POINT('',#6991);
#6993=CARTESIAN_POINT('',(193.,-77.,2.5));
#6994=DIRECTION('',(0.,-1.,0.));
#6995=VECTOR('',#6994,16.5);
#6996=LINE('',#6993,#6995);
#6997=EDGE_CURVE('',#6983,#6992,#6996,.T.);
#6998=ORIENTED_EDGE('',*,*,#6997,.T.);
#6999=CARTESIAN_POINT('',(193.5,-93.5,2.5));
#7000=DIRECTION('',(0.,0.,1.));
#7001=DIRECTION('',(1.,0.,-0.));
#7002=AXIS2_PLACEMENT_3D('',#6999,#7000,#7001);
#7003=CIRCLE('',#7002,0.5);
#7004=EDGE_CURVE('',#6992,#6923,#7003,.T.);
#7005=ORIENTED_EDGE('',*,*,#7004,.T.);
#7006=EDGE_LOOP('',(#6931,#6940,#6948,#6957,#6965,#6973,#6981,#6990,#6998,#7005));
#7007=FACE_BOUND('',#7006,.T.);
#7008=ADVANCED_FACE('',(#7007),#6921,.T.);
#7009=CARTESIAN_POINT('',(279.,-33.5,2.5));
#7010=DIRECTION('',(1.,0.,0.));
#7011=DIRECTION('',(0.,0.,-1.));
#7012=AXIS2_PLACEMENT_3D('',#7009,#7010,#7011);
#7013=PLANE('',#7012);
#7014=ORIENTED_EDGE('',*,*,#3502,.F.);
#7015=CARTESIAN_POINT('',(279.,-46.5,2.5));
#7016=DIRECTION('',(0.,0.,1.));
#7017=VECTOR('',#7016,2.);
#7018=LINE('',#7015,#7017);
#7019=EDGE_CURVE('',#3488,#3068,#7018,.T.);
#7020=ORIENTED_EDGE('',*,*,#7019,.T.);
#7021=ORIENTED_EDGE('',*,*,#3073,.T.);
#7022=CARTESIAN_POINT('',(279.,-20.5,4.5));
#7023=DIRECTION('',(-0.,-0.,-1.));
#7024=VECTOR('',#7023,2.);
#7025=LINE('',#7022,#7024);
#7026=EDGE_CURVE('',#3059,#3497,#7025,.T.);
#7027=ORIENTED_EDGE('',*,*,#7026,.T.);
#7028=EDGE_LOOP('',(#7014,#7020,#7021,#7027));
#7029=FACE_BOUND('',#7028,.T.);
#7030=ADVANCED_FACE('',(#7029),#7013,.F.);
#7031=CARTESIAN_POINT('',(272.25,-20.,2.5));
#7032=DIRECTION('',(0.,1.,0.));
#7033=DIRECTION('',(0.,0.,1.));
#7034=AXIS2_PLACEMENT_3D('',#7031,#7032,#7033);
#7035=PLANE('',#7034);
#7036=ORIENTED_EDGE('',*,*,#3056,.T.);
#7037=CARTESIAN_POINT('',(266.5,-20.,4.5));
#7038=DIRECTION('',(-0.,-0.,-1.));
#7039=VECTOR('',#7038,2.);
#7040=LINE('',#7037,#7039);
#7041=EDGE_CURVE('',#3042,#3514,#7040,.T.);
#7042=ORIENTED_EDGE('',*,*,#7041,.T.);
#7043=ORIENTED_EDGE('',*,*,#3519,.F.);
#7044=CARTESIAN_POINT('',(278.5,-20.,2.5));
#7045=DIRECTION('',(0.,0.,1.));
#7046=VECTOR('',#7045,2.);
#7047=LINE('',#7044,#7046);
#7048=EDGE_CURVE('',#3505,#3051,#7047,.T.);
#7049=ORIENTED_EDGE('',*,*,#7048,.T.);
#7050=EDGE_LOOP('',(#7036,#7042,#7043,#7049));
#7051=FACE_BOUND('',#7050,.T.);
#7052=ADVANCED_FACE('',(#7051),#7035,.F.);
#7053=CARTESIAN_POINT('',(266.,-20.25,2.5));
#7054=DIRECTION('',(-1.,0.,0.));
#7055=DIRECTION('',(0.,0.,1.));
#7056=AXIS2_PLACEMENT_3D('',#7053,#7054,#7055);
#7057=PLANE('',#7056);
#7058=ORIENTED_EDGE('',*,*,#3039,.T.);
#7059=ORIENTED_EDGE('',*,*,#3562,.T.);
#7060=ORIENTED_EDGE('',*,*,#3368,.F.);
#7061=CARTESIAN_POINT('',(266.,-20.5,2.5));
#7062=DIRECTION('',(0.,0.,1.));
#7063=VECTOR('',#7062,2.);
#7064=LINE('',#7061,#7063);
#7065=EDGE_CURVE('',#3361,#3034,#7064,.T.);
#7066=ORIENTED_EDGE('',*,*,#7065,.T.);
#7067=EDGE_LOOP('',(#7058,#7059,#7060,#7066));
#7068=FACE_BOUND('',#7067,.T.);
#7069=ADVANCED_FACE('',(#7068),#7057,.F.);
#7070=CARTESIAN_POINT('',(272.25,-47.,2.5));
#7071=DIRECTION('',(0.,-1.,0.));
#7072=DIRECTION('',(0.,0.,-1.));
#7073=AXIS2_PLACEMENT_3D('',#7070,#7071,#7072);
#7074=PLANE('',#7073);
#7075=CARTESIAN_POINT('',(268.8,-47.,4.5));
#7076=DIRECTION('',(0.,0.,-1.));
#7077=VECTOR('',#7076,2.);
#7078=LINE('',#7075,#7077);
#7079=EDGE_CURVE('',#2949,#3472,#7078,.T.);
#7080=ORIENTED_EDGE('',*,*,#7079,.F.);
#7081=ORIENTED_EDGE('',*,*,#2956,.T.);
#7082=CARTESIAN_POINT('',(278.5,-47.,4.5));
#7083=DIRECTION('',(-0.,-0.,-1.));
#7084=VECTOR('',#7083,2.);
#7085=LINE('',#7082,#7084);
#7086=EDGE_CURVE('',#2951,#3480,#7085,.T.);
#7087=ORIENTED_EDGE('',*,*,#7086,.T.);
#7088=ORIENTED_EDGE('',*,*,#3485,.F.);
#7089=EDGE_LOOP('',(#7080,#7081,#7087,#7088));
#7090=FACE_BOUND('',#7089,.T.);
#7091=ADVANCED_FACE('',(#7090),#7074,.F.);
#7092=CARTESIAN_POINT('',(193.,-82.,2.));
#7093=DIRECTION('',(-1.,0.,0.));
#7094=DIRECTION('',(0.,0.,1.));
#7095=AXIS2_PLACEMENT_3D('',#7092,#7093,#7094);
#7096=PLANE('',#7095);
#7097=ORIENTED_EDGE('',*,*,#2937,.T.);
#7098=CARTESIAN_POINT('',(193.,-93.5,4.5));
#7099=DIRECTION('',(-0.,-0.,-1.));
#7100=VECTOR('',#7099,2.);
#7101=LINE('',#7098,#7100);
#7102=EDGE_CURVE('',#2923,#6992,#7101,.T.);
#7103=ORIENTED_EDGE('',*,*,#7102,.T.);
#7104=ORIENTED_EDGE('',*,*,#6997,.F.);
#7105=CARTESIAN_POINT('',(193.,-77.,2.5));
#7106=DIRECTION('',(0.,0.,1.));
#7107=VECTOR('',#7106,2.);
#7108=LINE('',#7105,#7107);
#7109=EDGE_CURVE('',#6983,#2932,#7108,.T.);
#7110=ORIENTED_EDGE('',*,*,#7109,.T.);
#7111=EDGE_LOOP('',(#7097,#7103,#7104,#7110));
#7112=FACE_BOUND('',#7111,.T.);
#7113=ADVANCED_FACE('',(#7112),#7096,.F.);
#7114=CARTESIAN_POINT('',(250.5,-94.,2.));
#7115=DIRECTION('',(0.,-1.,0.));
#7116=DIRECTION('',(0.,0.,-1.));
#7117=AXIS2_PLACEMENT_3D('',#7114,#7115,#7116);
#7118=PLANE('',#7117);
#7119=ORIENTED_EDGE('',*,*,#2920,.T.);
#7120=CARTESIAN_POINT('',(282.5,-94.,4.5));
#7121=DIRECTION('',(-0.,-0.,-1.));
#7122=VECTOR('',#7121,2.);
#7123=LINE('',#7120,#7122);
#7124=EDGE_CURVE('',#2906,#6925,#7123,.T.);
#7125=ORIENTED_EDGE('',*,*,#7124,.T.);
#7126=ORIENTED_EDGE('',*,*,#6930,.F.);
#7127=CARTESIAN_POINT('',(193.5,-94.,2.5));
#7128=DIRECTION('',(0.,0.,1.));
#7129=VECTOR('',#7128,2.);
#7130=LINE('',#7127,#7129);
#7131=EDGE_CURVE('',#6923,#2915,#7130,.T.);
#7132=ORIENTED_EDGE('',*,*,#7131,.T.);
#7133=EDGE_LOOP('',(#7119,#7125,#7126,#7132));
#7134=FACE_BOUND('',#7133,.T.);
#7135=ADVANCED_FACE('',(#7134),#7118,.F.);
#7136=CARTESIAN_POINT('',(283.,-86.,2.));
#7137=DIRECTION('',(1.,0.,0.));
#7138=DIRECTION('',(0.,0.,-1.));
#7139=AXIS2_PLACEMENT_3D('',#7136,#7137,#7138);
#7140=PLANE('',#7139);
#7141=ORIENTED_EDGE('',*,*,#6947,.F.);
#7142=CARTESIAN_POINT('',(283.,-93.5,2.5));
#7143=DIRECTION('',(0.,0.,1.));
#7144=VECTOR('',#7143,2.);
#7145=LINE('',#7142,#7144);
#7146=EDGE_CURVE('',#6933,#2898,#7145,.T.);
#7147=ORIENTED_EDGE('',*,*,#7146,.T.);
#7148=ORIENTED_EDGE('',*,*,#2903,.T.);
#7149=CARTESIAN_POINT('',(283.,-77.,4.5));
#7150=DIRECTION('',(-0.,-0.,-1.));
#7151=VECTOR('',#7150,2.);
#7152=LINE('',#7149,#7151);
#7153=EDGE_CURVE('',#2889,#6942,#7152,.T.);
#7154=ORIENTED_EDGE('',*,*,#7153,.T.);
#7155=EDGE_LOOP('',(#7141,#7147,#7148,#7154));
#7156=FACE_BOUND('',#7155,.T.);
#7157=ADVANCED_FACE('',(#7156),#7140,.F.);
#7158=CARTESIAN_POINT('',(238.,-76.5,2.));
#7159=DIRECTION('',(0.,1.,0.));
#7160=DIRECTION('',(0.,0.,1.));
#7161=AXIS2_PLACEMENT_3D('',#7158,#7159,#7160);
#7162=PLANE('',#7161);
#7163=ORIENTED_EDGE('',*,*,#6964,.F.);
#7164=CARTESIAN_POINT('',(282.5,-76.5,2.5));
#7165=DIRECTION('',(0.,0.,1.));
#7166=VECTOR('',#7165,2.);
#7167=LINE('',#7164,#7166);
#7168=EDGE_CURVE('',#6950,#2881,#7167,.T.);
#7169=ORIENTED_EDGE('',*,*,#7168,.T.);
#7170=ORIENTED_EDGE('',*,*,#2886,.T.);
#7171=ORIENTED_EDGE('',*,*,#2878,.T.);
#7172=ORIENTED_EDGE('',*,*,#2870,.T.);
#7173=CARTESIAN_POINT('',(193.5,-76.5,4.5));
#7174=DIRECTION('',(-0.,-0.,-1.));
#7175=VECTOR('',#7174,2.);
#7176=LINE('',#7173,#7175);
#7177=EDGE_CURVE('',#2865,#6975,#7176,.T.);
#7178=ORIENTED_EDGE('',*,*,#7177,.T.);
#7179=ORIENTED_EDGE('',*,*,#6980,.F.);
#7180=ORIENTED_EDGE('',*,*,#6972,.F.);
#7181=EDGE_LOOP('',(#7163,#7169,#7170,#7171,#7172,#7178,#7179,#7180));
#7182=FACE_BOUND('',#7181,.T.);
#7183=ADVANCED_FACE('',(#7182),#7162,.F.);
#7184=CARTESIAN_POINT('',(275.5,-59.,2.));
#7185=DIRECTION('',(0.,1.,0.));
#7186=DIRECTION('',(0.,0.,1.));
#7187=AXIS2_PLACEMENT_3D('',#7184,#7185,#7186);
#7188=PLANE('',#7187);
#7189=CARTESIAN_POINT('',(284.,-59.,2.5));
#7190=VERTEX_POINT('',#7189);
#7191=CARTESIAN_POINT('',(247.,-59.,2.5));
#7192=VERTEX_POINT('',#7191);
#7193=CARTESIAN_POINT('',(284.,-59.,2.5));
#7194=DIRECTION('',(-1.,0.,0.));
#7195=VECTOR('',#7194,37.);
#7196=LINE('',#7193,#7195);
#7197=EDGE_CURVE('',#7190,#7192,#7196,.T.);
#7198=ORIENTED_EDGE('',*,*,#7197,.F.);
#7199=CARTESIAN_POINT('',(284.,-59.,2.5));
#7200=DIRECTION('',(0.,0.,1.));
#7201=VECTOR('',#7200,2.);
#7202=LINE('',#7199,#7201);
#7203=EDGE_CURVE('',#7190,#2607,#7202,.T.);
#7204=ORIENTED_EDGE('',*,*,#7203,.T.);
#7205=ORIENTED_EDGE('',*,*,#2612,.T.);
#7206=CARTESIAN_POINT('',(247.,-59.,4.5));
#7207=DIRECTION('',(-0.,-0.,-1.));
#7208=VECTOR('',#7207,2.);
#7209=LINE('',#7206,#7208);
#7210=EDGE_CURVE('',#2598,#7192,#7209,.T.);
#7211=ORIENTED_EDGE('',*,*,#7210,.T.);
#7212=EDGE_LOOP('',(#7198,#7204,#7205,#7211));
#7213=FACE_BOUND('',#7212,.T.);
#7214=ADVANCED_FACE('',(#7213),#7188,.F.);
#7215=CARTESIAN_POINT('',(246.5,-63.,2.));
#7216=DIRECTION('',(-1.,0.,0.));
#7217=DIRECTION('',(0.,0.,1.));
#7218=AXIS2_PLACEMENT_3D('',#7215,#7216,#7217);
#7219=PLANE('',#7218);
#7220=ORIENTED_EDGE('',*,*,#2595,.T.);
#7221=CARTESIAN_POINT('',(246.5,-66.5,2.5));
#7222=VERTEX_POINT('',#7221);
#7223=CARTESIAN_POINT('',(246.5,-66.5,4.5));
#7224=DIRECTION('',(-0.,-0.,-1.));
#7225=VECTOR('',#7224,2.);
#7226=LINE('',#7223,#7225);
#7227=EDGE_CURVE('',#2581,#7222,#7226,.T.);
#7228=ORIENTED_EDGE('',*,*,#7227,.T.);
#7229=CARTESIAN_POINT('',(246.5,-59.5,2.5));
#7230=VERTEX_POINT('',#7229);
#7231=CARTESIAN_POINT('',(246.5,-59.5,2.5));
#7232=DIRECTION('',(0.,-1.,0.));
#7233=VECTOR('',#7232,7.);
#7234=LINE('',#7231,#7233);
#7235=EDGE_CURVE('',#7230,#7222,#7234,.T.);
#7236=ORIENTED_EDGE('',*,*,#7235,.F.);
#7237=CARTESIAN_POINT('',(246.5,-59.5,2.5));
#7238=DIRECTION('',(0.,0.,1.));
#7239=VECTOR('',#7238,2.);
#7240=LINE('',#7237,#7239);
#7241=EDGE_CURVE('',#7230,#2590,#7240,.T.);
#7242=ORIENTED_EDGE('',*,*,#7241,.T.);
#7243=EDGE_LOOP('',(#7220,#7228,#7236,#7242));
#7244=FACE_BOUND('',#7243,.T.);
#7245=ADVANCED_FACE('',(#7244),#7219,.F.);
#7246=CARTESIAN_POINT('',(288.275,-47.8125,8.6));
#7247=DIRECTION('',(0.,0.,-1.));
#7248=DIRECTION('',(-1.,0.,0.));
#7249=AXIS2_PLACEMENT_3D('',#7246,#7247,#7248);
#7250=CYLINDRICAL_SURFACE('',#7249,1.3);
#7251=CARTESIAN_POINT('',(286.975,-47.8125,1.5));
#7252=DIRECTION('',(-0.,-0.,1.));
#7253=VECTOR('',#7252,4.5);
#7254=LINE('',#7251,#7253);
#7255=EDGE_CURVE('',#1459,#811,#7254,.T.);
#7256=ORIENTED_EDGE('',*,*,#7255,.F.);
#7257=ORIENTED_EDGE('',*,*,#1465,.F.);
#7258=ORIENTED_EDGE('',*,*,#1472,.F.);
#7259=ORIENTED_EDGE('',*,*,#7255,.T.);
#7260=ORIENTED_EDGE('',*,*,#819,.T.);
#7261=ORIENTED_EDGE('',*,*,#826,.T.);
#7262=EDGE_LOOP('',(#7256,#7257,#7258,#7259,#7260,#7261));
#7263=FACE_BOUND('',#7262,.T.);
#7264=ADVANCED_FACE('',(#7263),#7250,.F.);
#7265=CARTESIAN_POINT('',(285.625,-2.2359,4.501885));
#7266=DIRECTION('',(1.,0.,0.));
#7267=DIRECTION('',(0.,-1.,0.));
#7268=AXIS2_PLACEMENT_3D('',#7265,#7266,#7267);
#7269=PLANE('',#7268);
#7270=ORIENTED_EDGE('',*,*,#224,.T.);
#7271=CARTESIAN_POINT('',(285.625,-2.35,6.));
#7272=DIRECTION('',(-0.,-0.,-1.));
#7273=VECTOR('',#7272,1.5);
#7274=LINE('',#7271,#7273);
#7275=EDGE_CURVE('',#210,#2213,#7274,.T.);
#7276=ORIENTED_EDGE('',*,*,#7275,.T.);
#7277=ORIENTED_EDGE('',*,*,#2410,.T.);
#7278=CARTESIAN_POINT('',(285.625,-93.275,4.5));
#7279=DIRECTION('',(0.,0.,1.));
#7280=VECTOR('',#7279,1.5);
#7281=LINE('',#7278,#7280);
#7282=EDGE_CURVE('',#2398,#219,#7281,.T.);
#7283=ORIENTED_EDGE('',*,*,#7282,.T.);
#7284=EDGE_LOOP('',(#7270,#7276,#7277,#7283));
#7285=FACE_BOUND('',#7284,.T.);
#7286=ADVANCED_FACE('',(#7285),#7269,.F.);
#7287=CARTESIAN_POINT('',(283.625,-2.35,4.501885));
#7288=DIRECTION('',(0.,0.,-1.));
#7289=DIRECTION('',(-1.,0.,0.));
#7290=AXIS2_PLACEMENT_3D('',#7287,#7288,#7289);
#7291=CYLINDRICAL_SURFACE('',#7290,2.);
#7292=ORIENTED_EDGE('',*,*,#2219,.F.);
#7293=ORIENTED_EDGE('',*,*,#7275,.F.);
#7294=ORIENTED_EDGE('',*,*,#216,.F.);
#7295=ORIENTED_EDGE('',*,*,#1927,.F.);
#7296=EDGE_LOOP('',(#7292,#7293,#7294,#7295));
#7297=FACE_BOUND('',#7296,.T.);
#7298=ADVANCED_FACE('',(#7297),#7291,.F.);
#7299=CARTESIAN_POINT('',(288.375,-98.275,3.));
#7300=DIRECTION('',(0.,0.,1.));
#7301=DIRECTION('',(1.,0.,-0.));
#7302=AXIS2_PLACEMENT_3D('',#7299,#7300,#7301);
#7303=CYLINDRICAL_SURFACE('',#7302,3.);
#7304=ORIENTED_EDGE('',*,*,#3903,.F.);
#7305=CARTESIAN_POINT('',(291.375,-98.275,2.1));
#7306=VERTEX_POINT('',#7305);
#7307=CARTESIAN_POINT('',(288.375,-98.275,2.1));
#7308=DIRECTION('',(0.,0.,1.));
#7309=DIRECTION('',(1.,0.,-0.));
#7310=AXIS2_PLACEMENT_3D('',#7307,#7308,#7309);
#7311=CIRCLE('',#7310,3.);
#7312=EDGE_CURVE('',#3892,#7306,#7311,.T.);
#7313=ORIENTED_EDGE('',*,*,#7312,.T.);
#7314=CARTESIAN_POINT('',(291.375,-98.275,6.));
#7315=DIRECTION('',(-0.,-0.,-1.));
#7316=VECTOR('',#7315,3.9);
#7317=LINE('',#7314,#7316);
#7318=EDGE_CURVE('',#160,#7306,#7317,.T.);
#7319=ORIENTED_EDGE('',*,*,#7318,.F.);
#7320=ORIENTED_EDGE('',*,*,#166,.F.);
#7321=EDGE_LOOP('',(#7304,#7313,#7319,#7320));
#7322=FACE_BOUND('',#7321,.T.);
#7323=ADVANCED_FACE('',(#7322),#7303,.T.);
#7324=CARTESIAN_POINT('',(291.375,-47.8125,3.));
#7325=DIRECTION('',(1.,0.,0.));
#7326=DIRECTION('',(0.,0.,-1.));
#7327=AXIS2_PLACEMENT_3D('',#7324,#7325,#7326);
#7328=PLANE('',#7327);
#7329=ORIENTED_EDGE('',*,*,#7318,.T.);
#7330=CARTESIAN_POINT('',(291.375,2.65,2.1));
#7331=VERTEX_POINT('',#7330);
#7332=CARTESIAN_POINT('',(291.375,-98.275,2.1));
#7333=DIRECTION('',(0.,1.,0.));
#7334=VECTOR('',#7333,100.925);
#7335=LINE('',#7332,#7334);
#7336=EDGE_CURVE('',#7306,#7331,#7335,.T.);
#7337=ORIENTED_EDGE('',*,*,#7336,.T.);
#7338=CARTESIAN_POINT('',(291.375,2.65,2.1));
#7339=DIRECTION('',(0.,0.,1.));
#7340=VECTOR('',#7339,3.9);
#7341=LINE('',#7338,#7340);
#7342=EDGE_CURVE('',#7331,#169,#7341,.T.);
#7343=ORIENTED_EDGE('',*,*,#7342,.T.);
#7344=ORIENTED_EDGE('',*,*,#174,.T.);
#7345=EDGE_LOOP('',(#7329,#7337,#7343,#7344));
#7346=FACE_BOUND('',#7345,.T.);
#7347=ADVANCED_FACE('',(#7346),#7328,.T.);
#7348=CARTESIAN_POINT('',(288.375,2.65,3.));
#7349=DIRECTION('',(0.,0.,1.));
#7350=DIRECTION('',(1.,0.,-0.));
#7351=AXIS2_PLACEMENT_3D('',#7348,#7349,#7350);
#7352=CYLINDRICAL_SURFACE('',#7351,3.);
#7353=ORIENTED_EDGE('',*,*,#7342,.F.);
#7354=CARTESIAN_POINT('',(288.375,2.65,2.1));
#7355=DIRECTION('',(0.,0.,1.));
#7356=DIRECTION('',(1.,0.,-0.));
#7357=AXIS2_PLACEMENT_3D('',#7354,#7355,#7356);
#7358=CIRCLE('',#7357,3.);
#7359=EDGE_CURVE('',#7331,#3915,#7358,.T.);
#7360=ORIENTED_EDGE('',*,*,#7359,.T.);
#7361=ORIENTED_EDGE('',*,*,#3920,.F.);
#7362=ORIENTED_EDGE('',*,*,#183,.F.);
#7363=EDGE_LOOP('',(#7353,#7360,#7361,#7362));
#7364=FACE_BOUND('',#7363,.T.);
#7365=ADVANCED_FACE('',(#7364),#7352,.T.);
#7366=CARTESIAN_POINT('',(283.625,-93.275,4.501885));
#7367=DIRECTION('',(0.,0.,-1.));
#7368=DIRECTION('',(-1.,0.,0.));
#7369=AXIS2_PLACEMENT_3D('',#7366,#7367,#7368);
#7370=CYLINDRICAL_SURFACE('',#7369,2.);
#7371=ORIENTED_EDGE('',*,*,#2404,.F.);
#7372=ORIENTED_EDGE('',*,*,#3872,.F.);
#7373=ORIENTED_EDGE('',*,*,#233,.F.);
#7374=ORIENTED_EDGE('',*,*,#7282,.F.);
#7375=EDGE_LOOP('',(#7371,#7372,#7373,#7374));
#7376=FACE_BOUND('',#7375,.T.);
#7377=ADVANCED_FACE('',(#7376),#7370,.F.);
#7378=CARTESIAN_POINT('',(273.750811815,-6.,2.));
#7379=DIRECTION('',(-1.,0.,0.));
#7380=DIRECTION('',(0.,0.,1.));
#7381=AXIS2_PLACEMENT_3D('',#7378,#7379,#7380);
#7382=PLANE('',#7381);
#7383=ORIENTED_EDGE('',*,*,#1996,.T.);
#7384=CARTESIAN_POINT('',(273.750811815,-6.774787943,2.5));
#7385=DIRECTION('',(0.,0.,1.));
#7386=VECTOR('',#7385,2.);
#7387=LINE('',#7384,#7386);
#7388=EDGE_CURVE('',#1982,#2417,#7387,.T.);
#7389=ORIENTED_EDGE('',*,*,#7388,.T.);
#7390=ORIENTED_EDGE('',*,*,#2422,.F.);
#7391=CARTESIAN_POINT('',(273.750811815,-2.4,4.5));
#7392=DIRECTION('',(-0.,-0.,-1.));
#7393=VECTOR('',#7392,2.);
#7394=LINE('',#7391,#7393);
#7395=EDGE_CURVE('',#2415,#1991,#7394,.T.);
#7396=ORIENTED_EDGE('',*,*,#7395,.T.);
#7397=EDGE_LOOP('',(#7383,#7389,#7390,#7396));
#7398=FACE_BOUND('',#7397,.T.);
#7399=ADVANCED_FACE('',(#7398),#7382,.T.);
#7400=CARTESIAN_POINT('',(267.096571624,-7.274787943,2.5));
#7401=DIRECTION('',(0.,-1.,0.));
#7402=DIRECTION('',(0.,0.,-1.));
#7403=AXIS2_PLACEMENT_3D('',#7400,#7401,#7402);
#7404=PLANE('',#7403);
#7405=ORIENTED_EDGE('',*,*,#2439,.F.);
#7406=CARTESIAN_POINT('',(274.250811815,-7.274787943,4.5));
#7407=DIRECTION('',(-0.,-0.,-1.));
#7408=VECTOR('',#7407,2.);
#7409=LINE('',#7406,#7408);
#7410=EDGE_CURVE('',#2425,#1974,#7409,.T.);
#7411=ORIENTED_EDGE('',*,*,#7410,.T.);
#7412=ORIENTED_EDGE('',*,*,#1979,.T.);
#7413=CARTESIAN_POINT('',(283.972674131,-7.274787943,2.5));
#7414=DIRECTION('',(0.,0.,1.));
#7415=VECTOR('',#7414,2.);
#7416=LINE('',#7413,#7415);
#7417=EDGE_CURVE('',#1965,#2434,#7416,.T.);
#7418=ORIENTED_EDGE('',*,*,#7417,.T.);
#7419=EDGE_LOOP('',(#7405,#7411,#7412,#7418));
#7420=FACE_BOUND('',#7419,.T.);
#7421=ADVANCED_FACE('',(#7420),#7404,.T.);
#7422=CARTESIAN_POINT('',(284.472674131,-13.979782734,2.5));
#7423=DIRECTION('',(-1.,0.,0.));
#7424=DIRECTION('',(0.,0.,1.));
#7425=AXIS2_PLACEMENT_3D('',#7422,#7423,#7424);
#7426=PLANE('',#7425);
#7427=ORIENTED_EDGE('',*,*,#1962,.T.);
#7428=CARTESIAN_POINT('',(284.472674131,-16.984777525,2.5));
#7429=DIRECTION('',(0.,0.,1.));
#7430=VECTOR('',#7429,2.);
#7431=LINE('',#7428,#7430);
#7432=EDGE_CURVE('',#1948,#2451,#7431,.T.);
#7433=ORIENTED_EDGE('',*,*,#7432,.T.);
#7434=ORIENTED_EDGE('',*,*,#2456,.F.);
#7435=CARTESIAN_POINT('',(284.472674131,-7.774787943,4.5));
#7436=DIRECTION('',(-0.,-0.,-1.));
#7437=VECTOR('',#7436,2.);
#7438=LINE('',#7435,#7437);
#7439=EDGE_CURVE('',#2442,#1957,#7438,.T.);
#7440=ORIENTED_EDGE('',*,*,#7439,.T.);
#7441=EDGE_LOOP('',(#7427,#7433,#7434,#7440));
#7442=FACE_BOUND('',#7441,.T.);
#7443=ADVANCED_FACE('',(#7442),#7426,.T.);
#7444=CARTESIAN_POINT('',(268.8,-48.5,2.5));
#7445=DIRECTION('',(1.,0.,0.));
#7446=DIRECTION('',(0.,0.,-1.));
#7447=AXIS2_PLACEMENT_3D('',#7444,#7445,#7446);
#7448=PLANE('',#7447);
#7449=ORIENTED_EDGE('',*,*,#2964,.T.);
#7450=ORIENTED_EDGE('',*,*,#7079,.T.);
#7451=ORIENTED_EDGE('',*,*,#3477,.F.);
#7452=CARTESIAN_POINT('',(268.8,-56.,2.5));
#7453=DIRECTION('',(0.,0.,1.));
#7454=VECTOR('',#7453,2.);
#7455=LINE('',#7452,#7454);
#7456=EDGE_CURVE('',#3463,#2959,#7455,.T.);
#7457=ORIENTED_EDGE('',*,*,#7456,.T.);
#7458=EDGE_LOOP('',(#7449,#7450,#7451,#7457));
#7459=FACE_BOUND('',#7458,.T.);
#7460=ADVANCED_FACE('',(#7459),#7448,.F.);
#7461=CARTESIAN_POINT('',(-0.5,0.,2.5));
#7462=DIRECTION('',(0.,0.,1.));
#7463=DIRECTION('',(1.,0.,0.));
#7464=AXIS2_PLACEMENT_3D('',#7461,#7462,#7463);
#7465=PLANE('',#7464);
#7466=ORIENTED_EDGE('',*,*,#3722,.T.);
#7467=CARTESIAN_POINT('',(284.5,-74.5,2.5));
#7468=VERTEX_POINT('',#7467);
#7469=CARTESIAN_POINT('',(284.,-74.5,2.5));
#7470=DIRECTION('',(0.,0.,1.));
#7471=DIRECTION('',(1.,0.,-0.));
#7472=AXIS2_PLACEMENT_3D('',#7469,#7470,#7471);
#7473=CIRCLE('',#7472,0.5);
#7474=EDGE_CURVE('',#3709,#7468,#7473,.T.);
#7475=ORIENTED_EDGE('',*,*,#7474,.T.);
#7476=CARTESIAN_POINT('',(284.5,-59.5,2.5));
#7477=VERTEX_POINT('',#7476);
#7478=CARTESIAN_POINT('',(284.5,-74.5,2.5));
#7479=DIRECTION('',(0.,1.,0.));
#7480=VECTOR('',#7479,15.);
#7481=LINE('',#7478,#7480);
#7482=EDGE_CURVE('',#7468,#7477,#7481,.T.);
#7483=ORIENTED_EDGE('',*,*,#7482,.T.);
#7484=CARTESIAN_POINT('',(284.,-59.5,2.5));
#7485=DIRECTION('',(0.,0.,1.));
#7486=DIRECTION('',(1.,0.,-0.));
#7487=AXIS2_PLACEMENT_3D('',#7484,#7485,#7486);
#7488=CIRCLE('',#7487,0.5);
#7489=EDGE_CURVE('',#7477,#7190,#7488,.T.);
#7490=ORIENTED_EDGE('',*,*,#7489,.T.);
#7491=ORIENTED_EDGE('',*,*,#7197,.T.);
#7492=CARTESIAN_POINT('',(247.,-59.5,2.5));
#7493=DIRECTION('',(0.,0.,1.));
#7494=DIRECTION('',(1.,0.,-0.));
#7495=AXIS2_PLACEMENT_3D('',#7492,#7493,#7494);
#7496=CIRCLE('',#7495,0.5);
#7497=EDGE_CURVE('',#7192,#7230,#7496,.T.);
#7498=ORIENTED_EDGE('',*,*,#7497,.T.);
#7499=ORIENTED_EDGE('',*,*,#7235,.T.);
#7500=CARTESIAN_POINT('',(246.,-67.,2.5));
#7501=VERTEX_POINT('',#7500);
#7502=CARTESIAN_POINT('',(246.,-66.5,2.5));
#7503=DIRECTION('',(-0.,-0.,-1.));
#7504=DIRECTION('',(1.,0.,-0.));
#7505=AXIS2_PLACEMENT_3D('',#7502,#7503,#7504);
#7506=CIRCLE('',#7505,0.5);
#7507=EDGE_CURVE('',#7222,#7501,#7506,.T.);
#7508=ORIENTED_EDGE('',*,*,#7507,.T.);
#7509=CARTESIAN_POINT('',(242.,-67.,2.5));
#7510=VERTEX_POINT('',#7509);
#7511=CARTESIAN_POINT('',(246.,-67.,2.5));
#7512=DIRECTION('',(-1.,0.,0.));
#7513=VECTOR('',#7512,4.);
#7514=LINE('',#7511,#7513);
#7515=EDGE_CURVE('',#7501,#7510,#7514,.T.);
#7516=ORIENTED_EDGE('',*,*,#7515,.T.);
#7517=CARTESIAN_POINT('',(242.,-67.,2.5));
#7518=DIRECTION('',(0.,-1.,0.));
#7519=VECTOR('',#7518,8.);
#7520=LINE('',#7517,#7519);
#7521=EDGE_CURVE('',#7510,#3717,#7520,.T.);
#7522=ORIENTED_EDGE('',*,*,#7521,.T.);
#7523=EDGE_LOOP('',(#7466,#7475,#7483,#7490,#7491,#7498,#7499,#7508,#7516,#7522));
#7524=FACE_BOUND('',#7523,.T.);
#7525=ADVANCED_FACE('',(#7524),#7465,.T.);
#7526=CARTESIAN_POINT('',(284.5,-70.5,2.));
#7527=DIRECTION('',(1.,0.,0.));
#7528=DIRECTION('',(0.,0.,-1.));
#7529=AXIS2_PLACEMENT_3D('',#7526,#7527,#7528);
#7530=PLANE('',#7529);
#7531=ORIENTED_EDGE('',*,*,#7482,.F.);
#7532=CARTESIAN_POINT('',(284.5,-74.5,2.5));
#7533=DIRECTION('',(0.,0.,1.));
#7534=VECTOR('',#7533,2.);
#7535=LINE('',#7532,#7534);
#7536=EDGE_CURVE('',#7468,#2624,#7535,.T.);
#7537=ORIENTED_EDGE('',*,*,#7536,.T.);
#7538=ORIENTED_EDGE('',*,*,#2629,.T.);
#7539=CARTESIAN_POINT('',(284.5,-59.5,4.5));
#7540=DIRECTION('',(-0.,-0.,-1.));
#7541=VECTOR('',#7540,2.);
#7542=LINE('',#7539,#7541);
#7543=EDGE_CURVE('',#2615,#7477,#7542,.T.);
#7544=ORIENTED_EDGE('',*,*,#7543,.T.);
#7545=EDGE_LOOP('',(#7531,#7537,#7538,#7544));
#7546=FACE_BOUND('',#7545,.T.);
#7547=ADVANCED_FACE('',(#7546),#7530,.F.);
#7548=CARTESIAN_POINT('',(232.,-62.5,2.));
#7549=DIRECTION('',(1.,0.,0.));
#7550=DIRECTION('',(0.,0.,-1.));
#7551=AXIS2_PLACEMENT_3D('',#7548,#7549,#7550);
#7552=PLANE('',#7551);
#7553=ORIENTED_EDGE('',*,*,#3783,.F.);
#7554=ORIENTED_EDGE('',*,*,#3697,.F.);
#7555=ORIENTED_EDGE('',*,*,#3666,.F.);
#7556=CARTESIAN_POINT('',(232.,-67.,4.5));
#7557=DIRECTION('',(0.,0.,-1.));
#7558=VECTOR('',#7557,1.5);
#7559=LINE('',#7556,#7558);
#7560=EDGE_CURVE('',#2573,#3655,#7559,.T.);
#7561=ORIENTED_EDGE('',*,*,#7560,.F.);
#7562=ORIENTED_EDGE('',*,*,#2729,.T.);
#7563=CARTESIAN_POINT('',(232.,-59.5,4.5));
#7564=DIRECTION('',(-0.,-0.,-1.));
#7565=VECTOR('',#7564,2.);
#7566=LINE('',#7563,#7565);
#7567=EDGE_CURVE('',#2717,#3778,#7566,.T.);
#7568=ORIENTED_EDGE('',*,*,#7567,.T.);
#7569=EDGE_LOOP('',(#7553,#7554,#7555,#7561,#7562,#7568));
#7570=FACE_BOUND('',#7569,.T.);
#7571=ADVANCED_FACE('',(#7570),#7552,.F.);
#7572=CARTESIAN_POINT('',(249.220469117,-13.979782734,2.5));
#7573=DIRECTION('',(1.,0.,0.));
#7574=DIRECTION('',(0.,0.,-1.));
#7575=AXIS2_PLACEMENT_3D('',#7572,#7573,#7574);
#7576=PLANE('',#7575);
#7577=ORIENTED_EDGE('',*,*,#2053,.T.);
#7578=CARTESIAN_POINT('',(249.220469117,-12.615222475,2.5));
#7579=DIRECTION('',(0.,0.,1.));
#7580=VECTOR('',#7579,0.5);
#7581=LINE('',#7578,#7580);
#7582=EDGE_CURVE('',#2041,#2066,#7581,.T.);
#7583=ORIENTED_EDGE('',*,*,#7582,.T.);
#7584=ORIENTED_EDGE('',*,*,#2071,.F.);
#7585=ORIENTED_EDGE('',*,*,#2142,.F.);
#7586=EDGE_LOOP('',(#7577,#7583,#7584,#7585));
#7587=FACE_BOUND('',#7586,.T.);
#7588=ADVANCED_FACE('',(#7587),#7576,.T.);
#7589=CARTESIAN_POINT('',(258.,-28.,3.));
#7590=DIRECTION('',(1.,0.,0.));
#7591=DIRECTION('',(0.,0.,-1.));
#7592=AXIS2_PLACEMENT_3D('',#7589,#7590,#7591);
#7593=PLANE('',#7592);
#7594=ORIENTED_EDGE('',*,*,#3212,.F.);
#7595=CARTESIAN_POINT('',(258.,-34.5,3.));
#7596=DIRECTION('',(0.,0.,1.));
#7597=VECTOR('',#7596,1.5);
#7598=LINE('',#7595,#7597);
#7599=EDGE_CURVE('',#3198,#2501,#7598,.T.);
#7600=ORIENTED_EDGE('',*,*,#7599,.T.);
#7601=ORIENTED_EDGE('',*,*,#2508,.T.);
#7602=CARTESIAN_POINT('',(258.,-21.5,4.5));
#7603=DIRECTION('',(-0.,-0.,-1.));
#7604=VECTOR('',#7603,2.);
#7605=LINE('',#7602,#7604);
#7606=EDGE_CURVE('',#2503,#3093,#7605,.T.);
#7607=ORIENTED_EDGE('',*,*,#7606,.T.);
#7608=ORIENTED_EDGE('',*,*,#3098,.F.);
#7609=ORIENTED_EDGE('',*,*,#3262,.T.);
#7610=EDGE_LOOP('',(#7594,#7600,#7601,#7607,#7608,#7609));
#7611=FACE_BOUND('',#7610,.T.);
#7612=ADVANCED_FACE('',(#7611),#7593,.F.);
#7613=CARTESIAN_POINT('',(244.,-52.25,2.5));
#7614=DIRECTION('',(-1.,0.,0.));
#7615=DIRECTION('',(0.,0.,1.));
#7616=AXIS2_PLACEMENT_3D('',#7613,#7614,#7615);
#7617=PLANE('',#7616);
#7618=ORIENTED_EDGE('',*,*,#3452,.F.);
#7619=CARTESIAN_POINT('',(244.,-51.,2.5));
#7620=DIRECTION('',(0.,0.,1.));
#7621=VECTOR('',#7620,0.5);
#7622=LINE('',#7619,#7621);
#7623=EDGE_CURVE('',#3438,#3304,#7622,.T.);
#7624=ORIENTED_EDGE('',*,*,#7623,.T.);
#7625=ORIENTED_EDGE('',*,*,#3311,.T.);
#7626=CARTESIAN_POINT('',(244.,-56.5,2.5));
#7627=DIRECTION('',(0.,0.,1.));
#7628=VECTOR('',#7627,0.5);
#7629=LINE('',#7626,#7628);
#7630=EDGE_CURVE('',#3447,#3306,#7629,.T.);
#7631=ORIENTED_EDGE('',*,*,#7630,.F.);
#7632=EDGE_LOOP('',(#7618,#7624,#7625,#7631));
#7633=FACE_BOUND('',#7632,.T.);
#7634=ADVANCED_FACE('',(#7633),#7617,.F.);
#7635=CARTESIAN_POINT('',(254.,-56.5,2.5));
#7636=DIRECTION('',(0.,-1.,0.));
#7637=DIRECTION('',(0.,0.,-1.));
#7638=AXIS2_PLACEMENT_3D('',#7635,#7636,#7637);
#7639=PLANE('',#7638);
#7640=ORIENTED_EDGE('',*,*,#2981,.T.);
#7641=CARTESIAN_POINT('',(268.3,-56.5,4.5));
#7642=DIRECTION('',(-0.,-0.,-1.));
#7643=VECTOR('',#7642,2.);
#7644=LINE('',#7641,#7643);
#7645=EDGE_CURVE('',#2967,#3455,#7644,.T.);
#7646=ORIENTED_EDGE('',*,*,#7645,.T.);
#7647=ORIENTED_EDGE('',*,*,#3460,.F.);
#7648=ORIENTED_EDGE('',*,*,#7630,.T.);
#7649=ORIENTED_EDGE('',*,*,#3350,.T.);
#7650=ORIENTED_EDGE('',*,*,#3293,.T.);
#7651=EDGE_LOOP('',(#7640,#7646,#7647,#7648,#7649,#7650));
#7652=FACE_BOUND('',#7651,.T.);
#7653=ADVANCED_FACE('',(#7652),#7639,.F.);
#7654=CARTESIAN_POINT('',(246.,-67.,2.));
#7655=DIRECTION('',(0.,1.,0.));
#7656=DIRECTION('',(0.,0.,1.));
#7657=AXIS2_PLACEMENT_3D('',#7654,#7655,#7656);
#7658=PLANE('',#7657);
#7659=ORIENTED_EDGE('',*,*,#7515,.F.);
#7660=CARTESIAN_POINT('',(246.,-67.,2.5));
#7661=DIRECTION('',(0.,0.,1.));
#7662=VECTOR('',#7661,2.);
#7663=LINE('',#7660,#7662);
#7664=EDGE_CURVE('',#7501,#2571,#7663,.T.);
#7665=ORIENTED_EDGE('',*,*,#7664,.T.);
#7666=ORIENTED_EDGE('',*,*,#2578,.T.);
#7667=ORIENTED_EDGE('',*,*,#7560,.T.);
#7668=ORIENTED_EDGE('',*,*,#3660,.T.);
#7669=CARTESIAN_POINT('',(242.,-67.,2.5));
#7670=DIRECTION('',(0.,0.,1.));
#7671=VECTOR('',#7670,0.5);
#7672=LINE('',#7669,#7671);
#7673=EDGE_CURVE('',#7510,#3647,#7672,.T.);
#7674=ORIENTED_EDGE('',*,*,#7673,.F.);
#7675=EDGE_LOOP('',(#7659,#7665,#7666,#7667,#7668,#7674));
#7676=FACE_BOUND('',#7675,.T.);
#7677=ADVANCED_FACE('',(#7676),#7658,.F.);
#7678=CARTESIAN_POINT('',(242.,-71.,2.));
#7679=DIRECTION('',(-1.,0.,0.));
#7680=DIRECTION('',(0.,0.,1.));
#7681=AXIS2_PLACEMENT_3D('',#7678,#7679,#7680);
#7682=PLANE('',#7681);
#7683=ORIENTED_EDGE('',*,*,#7673,.T.);
#7684=ORIENTED_EDGE('',*,*,#3652,.T.);
#7685=ORIENTED_EDGE('',*,*,#3728,.F.);
#7686=ORIENTED_EDGE('',*,*,#7521,.F.);
#7687=EDGE_LOOP('',(#7683,#7684,#7685,#7686));
#7688=FACE_BOUND('',#7687,.T.);
#7689=ADVANCED_FACE('',(#7688),#7682,.F.);
#7690=CARTESIAN_POINT('',(288.375,-98.275,2.1));
#7691=DIRECTION('',(0.,0.,1.));
#7692=DIRECTION('',(1.,0.,-0.));
#7693=AXIS2_PLACEMENT_3D('',#7690,#7691,#7692);
#7694=CONICAL_SURFACE('',#7693,3.,45.);
#7695=ORIENTED_EDGE('',*,*,#4087,.T.);
#7696=ORIENTED_EDGE('',*,*,#1263,.F.);
#7697=CARTESIAN_POINT('',(291.375,-98.275,2.1));
#7698=DIRECTION('',(-0.707106781,0.,-0.707106781));
#7699=VECTOR('',#7698,0.848528137);
#7700=LINE('',#7697,#7699);
#7701=EDGE_CURVE('',#7306,#1255,#7700,.T.);
#7702=ORIENTED_EDGE('',*,*,#7701,.F.);
#7703=ORIENTED_EDGE('',*,*,#7312,.F.);
#7704=EDGE_LOOP('',(#7695,#7696,#7702,#7703));
#7705=FACE_BOUND('',#7704,.T.);
#7706=ADVANCED_FACE('',(#7705),#7694,.T.);
#7707=CARTESIAN_POINT('',(291.375,-47.8125,2.1));
#7708=DIRECTION('',(0.707106781,0.,-0.707106781));
#7709=DIRECTION('',(0.,-1.,0.));
#7710=AXIS2_PLACEMENT_3D('',#7707,#7708,#7709);
#7711=PLANE('',#7710);
#7712=ORIENTED_EDGE('',*,*,#7701,.T.);
#7713=ORIENTED_EDGE('',*,*,#1352,.F.);
#7714=CARTESIAN_POINT('',(291.375,2.65,2.1));
#7715=DIRECTION('',(-0.707106781,0.,-0.707106781));
#7716=VECTOR('',#7715,0.848528137);
#7717=LINE('',#7714,#7716);
#7718=EDGE_CURVE('',#7331,#1340,#7717,.T.);
#7719=ORIENTED_EDGE('',*,*,#7718,.F.);
#7720=ORIENTED_EDGE('',*,*,#7336,.F.);
#7721=EDGE_LOOP('',(#7712,#7713,#7719,#7720));
#7722=FACE_BOUND('',#7721,.T.);
#7723=ADVANCED_FACE('',(#7722),#7711,.T.);
#7724=CARTESIAN_POINT('',(288.375,2.65,2.1));
#7725=DIRECTION('',(0.,0.,1.));
#7726=DIRECTION('',(1.,0.,-0.));
#7727=AXIS2_PLACEMENT_3D('',#7724,#7725,#7726);
#7728=CONICAL_SURFACE('',#7727,3.,45.);
#7729=ORIENTED_EDGE('',*,*,#7718,.T.);
#7730=ORIENTED_EDGE('',*,*,#1346,.F.);
#7731=ORIENTED_EDGE('',*,*,#4058,.F.);
#7732=ORIENTED_EDGE('',*,*,#7359,.F.);
#7733=EDGE_LOOP('',(#7729,#7730,#7731,#7732));
#7734=FACE_BOUND('',#7733,.T.);
#7735=ADVANCED_FACE('',(#7734),#7728,.T.);
#7736=CARTESIAN_POINT('',(287.625,-89.54375,4.));
#7737=DIRECTION('',(0.,1.,0.));
#7738=DIRECTION('',(0.,0.,1.));
#7739=AXIS2_PLACEMENT_3D('',#7736,#7737,#7738);
#7740=PLANE('',#7739);
#7741=ORIENTED_EDGE('',*,*,#892,.F.);
#7742=CARTESIAN_POINT('',(289.375,-89.54375,4.));
#7743=VERTEX_POINT('',#7742);
#7744=CARTESIAN_POINT('',(289.375,-89.54375,6.));
#7745=DIRECTION('',(-0.,-0.,-1.));
#7746=VECTOR('',#7745,2.);
#7747=LINE('',#7744,#7746);
#7748=EDGE_CURVE('',#878,#7743,#7747,.T.);
#7749=ORIENTED_EDGE('',*,*,#7748,.T.);
#7750=CARTESIAN_POINT('',(287.375,-89.54375,4.));
#7751=VERTEX_POINT('',#7750);
#7752=CARTESIAN_POINT('',(289.375,-89.54375,4.));
#7753=DIRECTION('',(-1.,0.,0.));
#7754=VECTOR('',#7753,2.);
#7755=LINE('',#7752,#7754);
#7756=EDGE_CURVE('',#7743,#7751,#7755,.T.);
#7757=ORIENTED_EDGE('',*,*,#7756,.T.);
#7758=CARTESIAN_POINT('',(287.375,-89.54375,4.));
#7759=DIRECTION('',(0.,0.,1.));
#7760=VECTOR('',#7759,2.);
#7761=LINE('',#7758,#7760);
#7762=EDGE_CURVE('',#7751,#887,#7761,.T.);
#7763=ORIENTED_EDGE('',*,*,#7762,.T.);
#7764=EDGE_LOOP('',(#7741,#7749,#7757,#7763));
#7765=FACE_BOUND('',#7764,.T.);
#7766=ADVANCED_FACE('',(#7765),#7740,.T.);
#7767=CARTESIAN_POINT('',(289.875,-74.54375,4.));
#7768=DIRECTION('',(-1.,0.,0.));
#7769=DIRECTION('',(0.,0.,1.));
#7770=AXIS2_PLACEMENT_3D('',#7767,#7768,#7769);
#7771=PLANE('',#7770);
#7772=CARTESIAN_POINT('',(289.875,-60.04375,4.));
#7773=VERTEX_POINT('',#7772);
#7774=CARTESIAN_POINT('',(289.875,-89.04375,4.));
#7775=VERTEX_POINT('',#7774);
#7776=CARTESIAN_POINT('',(289.875,-60.04375,4.));
#7777=DIRECTION('',(0.,-1.,0.));
#7778=VECTOR('',#7777,29.);
#7779=LINE('',#7776,#7778);
#7780=EDGE_CURVE('',#7773,#7775,#7779,.T.);
#7781=ORIENTED_EDGE('',*,*,#7780,.T.);
#7782=CARTESIAN_POINT('',(289.875,-89.04375,4.));
#7783=DIRECTION('',(0.,0.,1.));
#7784=VECTOR('',#7783,2.);
#7785=LINE('',#7782,#7784);
#7786=EDGE_CURVE('',#7775,#870,#7785,.T.);
#7787=ORIENTED_EDGE('',*,*,#7786,.T.);
#7788=ORIENTED_EDGE('',*,*,#875,.F.);
#7789=CARTESIAN_POINT('',(289.875,-60.04375,6.));
#7790=DIRECTION('',(-0.,-0.,-1.));
#7791=VECTOR('',#7790,2.);
#7792=LINE('',#7789,#7791);
#7793=EDGE_CURVE('',#861,#7773,#7792,.T.);
#7794=ORIENTED_EDGE('',*,*,#7793,.T.);
#7795=EDGE_LOOP('',(#7781,#7787,#7788,#7794));
#7796=FACE_BOUND('',#7795,.T.);
#7797=ADVANCED_FACE('',(#7796),#7771,.T.);
#7798=CARTESIAN_POINT('',(287.625,-59.54375,4.));
#7799=DIRECTION('',(0.,-1.,0.));
#7800=DIRECTION('',(0.,0.,-1.));
#7801=AXIS2_PLACEMENT_3D('',#7798,#7799,#7800);
#7802=PLANE('',#7801);
#7803=ORIENTED_EDGE('',*,*,#858,.F.);
#7804=CARTESIAN_POINT('',(287.375,-59.54375,4.));
#7805=VERTEX_POINT('',#7804);
#7806=CARTESIAN_POINT('',(287.375,-59.54375,6.));
#7807=DIRECTION('',(-0.,-0.,-1.));
#7808=VECTOR('',#7807,2.);
#7809=LINE('',#7806,#7808);
#7810=EDGE_CURVE('',#851,#7805,#7809,.T.);
#7811=ORIENTED_EDGE('',*,*,#7810,.T.);
#7812=CARTESIAN_POINT('',(289.375,-59.54375,4.));
#7813=VERTEX_POINT('',#7812);
#7814=CARTESIAN_POINT('',(287.375,-59.54375,4.));
#7815=DIRECTION('',(1.,0.,-0.));
#7816=VECTOR('',#7815,2.);
#7817=LINE('',#7814,#7816);
#7818=EDGE_CURVE('',#7805,#7813,#7817,.T.);
#7819=ORIENTED_EDGE('',*,*,#7818,.T.);
#7820=CARTESIAN_POINT('',(289.375,-59.54375,4.));
#7821=DIRECTION('',(0.,0.,1.));
#7822=VECTOR('',#7821,2.);
#7823=LINE('',#7820,#7822);
#7824=EDGE_CURVE('',#7813,#853,#7823,.T.);
#7825=ORIENTED_EDGE('',*,*,#7824,.T.);
#7826=EDGE_LOOP('',(#7803,#7811,#7819,#7825));
#7827=FACE_BOUND('',#7826,.T.);
#7828=ADVANCED_FACE('',(#7827),#7802,.T.);
#7829=CARTESIAN_POINT('',(286.875,-74.54375,4.));
#7830=DIRECTION('',(1.,0.,0.));
#7831=DIRECTION('',(0.,0.,-1.));
#7832=AXIS2_PLACEMENT_3D('',#7829,#7830,#7831);
#7833=PLANE('',#7832);
#7834=ORIENTED_EDGE('',*,*,#909,.F.);
#7835=CARTESIAN_POINT('',(286.875,-89.04375,4.));
#7836=VERTEX_POINT('',#7835);
#7837=CARTESIAN_POINT('',(286.875,-89.04375,6.));
#7838=DIRECTION('',(-0.,-0.,-1.));
#7839=VECTOR('',#7838,2.);
#7840=LINE('',#7837,#7839);
#7841=EDGE_CURVE('',#895,#7836,#7840,.T.);
#7842=ORIENTED_EDGE('',*,*,#7841,.T.);
#7843=CARTESIAN_POINT('',(286.875,-60.04375,4.));
#7844=VERTEX_POINT('',#7843);
#7845=CARTESIAN_POINT('',(286.875,-89.04375,4.));
#7846=DIRECTION('',(0.,1.,0.));
#7847=VECTOR('',#7846,29.);
#7848=LINE('',#7845,#7847);
#7849=EDGE_CURVE('',#7836,#7844,#7848,.T.);
#7850=ORIENTED_EDGE('',*,*,#7849,.T.);
#7851=CARTESIAN_POINT('',(286.875,-60.04375,4.));
#7852=DIRECTION('',(0.,0.,1.));
#7853=VECTOR('',#7852,2.);
#7854=LINE('',#7851,#7853);
#7855=EDGE_CURVE('',#7844,#904,#7854,.T.);
#7856=ORIENTED_EDGE('',*,*,#7855,.T.);
#7857=EDGE_LOOP('',(#7834,#7842,#7850,#7856));
#7858=FACE_BOUND('',#7857,.T.);
#7859=ADVANCED_FACE('',(#7858),#7833,.T.);
#7860=CARTESIAN_POINT('',(0.,0.,4.));
#7861=DIRECTION('',(0.,0.,1.));
#7862=DIRECTION('',(1.,0.,0.));
#7863=AXIS2_PLACEMENT_3D('',#7860,#7861,#7862);
#7864=PLANE('',#7863);
#7865=ORIENTED_EDGE('',*,*,#7756,.F.);
#7866=CARTESIAN_POINT('',(289.375,-89.04375,4.));
#7867=DIRECTION('',(0.,0.,1.));
#7868=DIRECTION('',(1.,0.,-0.));
#7869=AXIS2_PLACEMENT_3D('',#7866,#7867,#7868);
#7870=CIRCLE('',#7869,0.5);
#7871=EDGE_CURVE('',#7743,#7775,#7870,.T.);
#7872=ORIENTED_EDGE('',*,*,#7871,.T.);
#7873=ORIENTED_EDGE('',*,*,#7780,.F.);
#7874=CARTESIAN_POINT('',(289.375,-60.04375,4.));
#7875=DIRECTION('',(0.,0.,1.));
#7876=DIRECTION('',(1.,0.,-0.));
#7877=AXIS2_PLACEMENT_3D('',#7874,#7875,#7876);
#7878=CIRCLE('',#7877,0.5);
#7879=EDGE_CURVE('',#7773,#7813,#7878,.T.);
#7880=ORIENTED_EDGE('',*,*,#7879,.T.);
#7881=ORIENTED_EDGE('',*,*,#7818,.F.);
#7882=CARTESIAN_POINT('',(287.375,-60.04375,4.));
#7883=DIRECTION('',(0.,0.,1.));
#7884=DIRECTION('',(1.,0.,-0.));
#7885=AXIS2_PLACEMENT_3D('',#7882,#7883,#7884);
#7886=CIRCLE('',#7885,0.5);
#7887=EDGE_CURVE('',#7805,#7844,#7886,.T.);
#7888=ORIENTED_EDGE('',*,*,#7887,.T.);
#7889=ORIENTED_EDGE('',*,*,#7849,.F.);
#7890=CARTESIAN_POINT('',(287.375,-89.04375,4.));
#7891=DIRECTION('',(0.,0.,1.));
#7892=DIRECTION('',(1.,0.,-0.));
#7893=AXIS2_PLACEMENT_3D('',#7890,#7891,#7892);
#7894=CIRCLE('',#7893,0.5);
#7895=EDGE_CURVE('',#7836,#7751,#7894,.T.);
#7896=ORIENTED_EDGE('',*,*,#7895,.T.);
#7897=EDGE_LOOP('',(#7865,#7872,#7873,#7880,#7881,#7888,#7889,#7896));
#7898=FACE_BOUND('',#7897,.T.);
#7899=ADVANCED_FACE('',(#7898),#7864,.T.);
#7900=CARTESIAN_POINT('',(275.3675,-99.025,4.));
#7901=DIRECTION('',(-1.,0.,0.));
#7902=DIRECTION('',(0.,0.,1.));
#7903=AXIS2_PLACEMENT_3D('',#7900,#7901,#7902);
#7904=PLANE('',#7903);
#7905=ORIENTED_EDGE('',*,*,#962,.F.);
#7906=CARTESIAN_POINT('',(275.3675,-97.275,4.));
#7907=VERTEX_POINT('',#7906);
#7908=CARTESIAN_POINT('',(275.3675,-97.275,6.));
#7909=DIRECTION('',(-0.,-0.,-1.));
#7910=VECTOR('',#7909,2.);
#7911=LINE('',#7908,#7910);
#7912=EDGE_CURVE('',#948,#7907,#7911,.T.);
#7913=ORIENTED_EDGE('',*,*,#7912,.T.);
#7914=CARTESIAN_POINT('',(275.3675,-99.275,4.));
#7915=VERTEX_POINT('',#7914);
#7916=CARTESIAN_POINT('',(275.3675,-97.275,4.));
#7917=DIRECTION('',(0.,-1.,0.));
#7918=VECTOR('',#7917,2.);
#7919=LINE('',#7916,#7918);
#7920=EDGE_CURVE('',#7907,#7915,#7919,.T.);
#7921=ORIENTED_EDGE('',*,*,#7920,.T.);
#7922=CARTESIAN_POINT('',(275.3675,-99.275,4.));
#7923=DIRECTION('',(0.,0.,1.));
#7924=VECTOR('',#7923,2.);
#7925=LINE('',#7922,#7924);
#7926=EDGE_CURVE('',#7915,#957,#7925,.T.);
#7927=ORIENTED_EDGE('',*,*,#7926,.T.);
#7928=EDGE_LOOP('',(#7905,#7913,#7921,#7927));
#7929=FACE_BOUND('',#7928,.T.);
#7930=ADVANCED_FACE('',(#7929),#7904,.T.);
#7931=CARTESIAN_POINT('',(235.3675,-96.775,4.));
#7932=DIRECTION('',(0.,-1.,0.));
#7933=DIRECTION('',(0.,0.,-1.));
#7934=AXIS2_PLACEMENT_3D('',#7931,#7932,#7933);
#7935=PLANE('',#7934);
#7936=CARTESIAN_POINT('',(195.8675,-96.775,4.));
#7937=VERTEX_POINT('',#7936);
#7938=CARTESIAN_POINT('',(274.8675,-96.775,4.));
#7939=VERTEX_POINT('',#7938);
#7940=CARTESIAN_POINT('',(195.8675,-96.775,4.));
#7941=DIRECTION('',(1.,0.,-0.));
#7942=VECTOR('',#7941,79.);
#7943=LINE('',#7940,#7942);
#7944=EDGE_CURVE('',#7937,#7939,#7943,.T.);
#7945=ORIENTED_EDGE('',*,*,#7944,.T.);
#7946=CARTESIAN_POINT('',(274.8675,-96.775,4.));
#7947=DIRECTION('',(0.,0.,1.));
#7948=VECTOR('',#7947,2.);
#7949=LINE('',#7946,#7948);
#7950=EDGE_CURVE('',#7939,#940,#7949,.T.);
#7951=ORIENTED_EDGE('',*,*,#7950,.T.);
#7952=ORIENTED_EDGE('',*,*,#945,.F.);
#7953=CARTESIAN_POINT('',(195.8675,-96.775,6.));
#7954=DIRECTION('',(-0.,-0.,-1.));
#7955=VECTOR('',#7954,2.);
#7956=LINE('',#7953,#7955);
#7957=EDGE_CURVE('',#931,#7937,#7956,.T.);
#7958=ORIENTED_EDGE('',*,*,#7957,.T.);
#7959=EDGE_LOOP('',(#7945,#7951,#7952,#7958));
#7960=FACE_BOUND('',#7959,.T.);
#7961=ADVANCED_FACE('',(#7960),#7935,.T.);
#7962=CARTESIAN_POINT('',(195.3675,-99.025,4.));
#7963=DIRECTION('',(1.,0.,0.));
#7964=DIRECTION('',(0.,0.,-1.));
#7965=AXIS2_PLACEMENT_3D('',#7962,#7963,#7964);
#7966=PLANE('',#7965);
#7967=ORIENTED_EDGE('',*,*,#928,.F.);
#7968=CARTESIAN_POINT('',(195.3675,-99.275,4.));
#7969=VERTEX_POINT('',#7968);
#7970=CARTESIAN_POINT('',(195.3675,-99.275,6.));
#7971=DIRECTION('',(-0.,-0.,-1.));
#7972=VECTOR('',#7971,2.);
#7973=LINE('',#7970,#7972);
#7974=EDGE_CURVE('',#921,#7969,#7973,.T.);
#7975=ORIENTED_EDGE('',*,*,#7974,.T.);
#7976=CARTESIAN_POINT('',(195.3675,-97.275,4.));
#7977=VERTEX_POINT('',#7976);
#7978=CARTESIAN_POINT('',(195.3675,-99.275,4.));
#7979=DIRECTION('',(0.,1.,0.));
#7980=VECTOR('',#7979,2.);
#7981=LINE('',#7978,#7980);
#7982=EDGE_CURVE('',#7969,#7977,#7981,.T.);
#7983=ORIENTED_EDGE('',*,*,#7982,.T.);
#7984=CARTESIAN_POINT('',(195.3675,-97.275,4.));
#7985=DIRECTION('',(0.,0.,1.));
#7986=VECTOR('',#7985,2.);
#7987=LINE('',#7984,#7986);
#7988=EDGE_CURVE('',#7977,#923,#7987,.T.);
#7989=ORIENTED_EDGE('',*,*,#7988,.T.);
#7990=EDGE_LOOP('',(#7967,#7975,#7983,#7989));
#7991=FACE_BOUND('',#7990,.T.);
#7992=ADVANCED_FACE('',(#7991),#7966,.T.);
#7993=CARTESIAN_POINT('',(235.3675,-99.775,4.));
#7994=DIRECTION('',(0.,1.,0.));
#7995=DIRECTION('',(0.,0.,1.));
#7996=AXIS2_PLACEMENT_3D('',#7993,#7994,#7995);
#7997=PLANE('',#7996);
#7998=CARTESIAN_POINT('',(274.8675,-99.775,4.));
#7999=VERTEX_POINT('',#7998);
#8000=CARTESIAN_POINT('',(195.8675,-99.775,4.));
#8001=VERTEX_POINT('',#8000);
#8002=CARTESIAN_POINT('',(274.8675,-99.775,4.));
#8003=DIRECTION('',(-1.,0.,0.));
#8004=VECTOR('',#8003,79.);
#8005=LINE('',#8002,#8004);
#8006=EDGE_CURVE('',#7999,#8001,#8005,.T.);
#8007=ORIENTED_EDGE('',*,*,#8006,.T.);
#8008=CARTESIAN_POINT('',(195.8675,-99.775,4.));
#8009=DIRECTION('',(0.,0.,1.));
#8010=VECTOR('',#8009,2.);
#8011=LINE('',#8008,#8010);
#8012=EDGE_CURVE('',#8001,#974,#8011,.T.);
#8013=ORIENTED_EDGE('',*,*,#8012,.T.);
#8014=ORIENTED_EDGE('',*,*,#979,.F.);
#8015=CARTESIAN_POINT('',(274.8675,-99.775,6.));
#8016=DIRECTION('',(-0.,-0.,-1.));
#8017=VECTOR('',#8016,2.);
#8018=LINE('',#8015,#8017);
#8019=EDGE_CURVE('',#965,#7999,#8018,.T.);
#8020=ORIENTED_EDGE('',*,*,#8019,.T.);
#8021=EDGE_LOOP('',(#8007,#8013,#8014,#8020));
#8022=FACE_BOUND('',#8021,.T.);
#8023=ADVANCED_FACE('',(#8022),#7997,.T.);
#8024=CARTESIAN_POINT('',(0.,0.,4.));
#8025=DIRECTION('',(0.,0.,1.));
#8026=DIRECTION('',(1.,0.,0.));
#8027=AXIS2_PLACEMENT_3D('',#8024,#8025,#8026);
#8028=PLANE('',#8027);
#8029=ORIENTED_EDGE('',*,*,#7920,.F.);
#8030=CARTESIAN_POINT('',(274.8675,-97.275,4.));
#8031=DIRECTION('',(0.,0.,1.));
#8032=DIRECTION('',(1.,0.,-0.));
#8033=AXIS2_PLACEMENT_3D('',#8030,#8031,#8032);
#8034=CIRCLE('',#8033,0.5);
#8035=EDGE_CURVE('',#7907,#7939,#8034,.T.);
#8036=ORIENTED_EDGE('',*,*,#8035,.T.);
#8037=ORIENTED_EDGE('',*,*,#7944,.F.);
#8038=CARTESIAN_POINT('',(195.8675,-97.275,4.));
#8039=DIRECTION('',(0.,0.,1.));
#8040=DIRECTION('',(1.,0.,-0.));
#8041=AXIS2_PLACEMENT_3D('',#8038,#8039,#8040);
#8042=CIRCLE('',#8041,0.5);
#8043=EDGE_CURVE('',#7937,#7977,#8042,.T.);
#8044=ORIENTED_EDGE('',*,*,#8043,.T.);
#8045=ORIENTED_EDGE('',*,*,#7982,.F.);
#8046=CARTESIAN_POINT('',(195.8675,-99.275,4.));
#8047=DIRECTION('',(0.,0.,1.));
#8048=DIRECTION('',(1.,0.,-0.));
#8049=AXIS2_PLACEMENT_3D('',#8046,#8047,#8048);
#8050=CIRCLE('',#8049,0.5);
#8051=EDGE_CURVE('',#7969,#8001,#8050,.T.);
#8052=ORIENTED_EDGE('',*,*,#8051,.T.);
#8053=ORIENTED_EDGE('',*,*,#8006,.F.);
#8054=CARTESIAN_POINT('',(274.8675,-99.275,4.));
#8055=DIRECTION('',(0.,0.,1.));
#8056=DIRECTION('',(1.,0.,-0.));
#8057=AXIS2_PLACEMENT_3D('',#8054,#8055,#8056);
#8058=CIRCLE('',#8057,0.5);
#8059=EDGE_CURVE('',#7999,#7915,#8058,.T.);
#8060=ORIENTED_EDGE('',*,*,#8059,.T.);
#8061=EDGE_LOOP('',(#8029,#8036,#8037,#8044,#8045,#8052,#8053,#8060));
#8062=FACE_BOUND('',#8061,.T.);
#8063=ADVANCED_FACE('',(#8062),#8028,.T.);
#8064=CARTESIAN_POINT('',(289.125,-6.08125,4.));
#8065=DIRECTION('',(0.,-1.,0.));
#8066=DIRECTION('',(0.,0.,-1.));
#8067=AXIS2_PLACEMENT_3D('',#8064,#8065,#8066);
#8068=PLANE('',#8067);
#8069=CARTESIAN_POINT('',(287.375,-6.08125,4.));
#8070=VERTEX_POINT('',#8069);
#8071=CARTESIAN_POINT('',(289.375,-6.08125,4.));
#8072=VERTEX_POINT('',#8071);
#8073=CARTESIAN_POINT('',(287.375,-6.08125,4.));
#8074=DIRECTION('',(1.,0.,-0.));
#8075=VECTOR('',#8074,2.);
#8076=LINE('',#8073,#8075);
#8077=EDGE_CURVE('',#8070,#8072,#8076,.T.);
#8078=ORIENTED_EDGE('',*,*,#8077,.T.);
#8079=CARTESIAN_POINT('',(289.375,-6.08125,4.));
#8080=DIRECTION('',(0.,0.,1.));
#8081=VECTOR('',#8080,2.);
#8082=LINE('',#8079,#8081);
#8083=EDGE_CURVE('',#8072,#1027,#8082,.T.);
#8084=ORIENTED_EDGE('',*,*,#8083,.T.);
#8085=ORIENTED_EDGE('',*,*,#1032,.F.);
#8086=CARTESIAN_POINT('',(287.375,-6.08125,6.));
#8087=DIRECTION('',(-0.,-0.,-1.));
#8088=VECTOR('',#8087,2.);
#8089=LINE('',#8086,#8088);
#8090=EDGE_CURVE('',#1018,#8070,#8089,.T.);
#8091=ORIENTED_EDGE('',*,*,#8090,.T.);
#8092=EDGE_LOOP('',(#8078,#8084,#8085,#8091));
#8093=FACE_BOUND('',#8092,.T.);
#8094=ADVANCED_FACE('',(#8093),#8068,.T.);
#8095=CARTESIAN_POINT('',(286.875,-21.08125,4.));
#8096=DIRECTION('',(1.,0.,0.));
#8097=DIRECTION('',(0.,0.,-1.));
#8098=AXIS2_PLACEMENT_3D('',#8095,#8096,#8097);
#8099=PLANE('',#8098);
#8100=ORIENTED_EDGE('',*,*,#1015,.F.);
#8101=CARTESIAN_POINT('',(286.875,-35.58125,4.));
#8102=VERTEX_POINT('',#8101);
#8103=CARTESIAN_POINT('',(286.875,-35.58125,6.));
#8104=DIRECTION('',(-0.,-0.,-1.));
#8105=VECTOR('',#8104,2.);
#8106=LINE('',#8103,#8105);
#8107=EDGE_CURVE('',#1001,#8102,#8106,.T.);
#8108=ORIENTED_EDGE('',*,*,#8107,.T.);
#8109=CARTESIAN_POINT('',(286.875,-6.58125,4.));
#8110=VERTEX_POINT('',#8109);
#8111=CARTESIAN_POINT('',(286.875,-35.58125,4.));
#8112=DIRECTION('',(0.,1.,0.));
#8113=VECTOR('',#8112,29.);
#8114=LINE('',#8111,#8113);
#8115=EDGE_CURVE('',#8102,#8110,#8114,.T.);
#8116=ORIENTED_EDGE('',*,*,#8115,.T.);
#8117=CARTESIAN_POINT('',(286.875,-6.58125,4.));
#8118=DIRECTION('',(0.,0.,1.));
#8119=VECTOR('',#8118,2.);
#8120=LINE('',#8117,#8119);
#8121=EDGE_CURVE('',#8110,#1010,#8120,.T.);
#8122=ORIENTED_EDGE('',*,*,#8121,.T.);
#8123=EDGE_LOOP('',(#8100,#8108,#8116,#8122));
#8124=FACE_BOUND('',#8123,.T.);
#8125=ADVANCED_FACE('',(#8124),#8099,.T.);
#8126=CARTESIAN_POINT('',(289.125,-36.08125,4.));
#8127=DIRECTION('',(0.,1.,0.));
#8128=DIRECTION('',(0.,0.,1.));
#8129=AXIS2_PLACEMENT_3D('',#8126,#8127,#8128);
#8130=PLANE('',#8129);
#8131=CARTESIAN_POINT('',(289.375,-36.08125,4.));
#8132=VERTEX_POINT('',#8131);
#8133=CARTESIAN_POINT('',(287.375,-36.08125,4.));
#8134=VERTEX_POINT('',#8133);
#8135=CARTESIAN_POINT('',(289.375,-36.08125,4.));
#8136=DIRECTION('',(-1.,0.,0.));
#8137=VECTOR('',#8136,2.);
#8138=LINE('',#8135,#8137);
#8139=EDGE_CURVE('',#8132,#8134,#8138,.T.);
#8140=ORIENTED_EDGE('',*,*,#8139,.T.);
#8141=CARTESIAN_POINT('',(287.375,-36.08125,4.));
#8142=DIRECTION('',(0.,0.,1.));
#8143=VECTOR('',#8142,2.);
#8144=LINE('',#8141,#8143);
#8145=EDGE_CURVE('',#8134,#993,#8144,.T.);
#8146=ORIENTED_EDGE('',*,*,#8145,.T.);
#8147=ORIENTED_EDGE('',*,*,#998,.F.);
#8148=CARTESIAN_POINT('',(289.375,-36.08125,6.));
#8149=DIRECTION('',(-0.,-0.,-1.));
#8150=VECTOR('',#8149,2.);
#8151=LINE('',#8148,#8150);
#8152=EDGE_CURVE('',#991,#8132,#8151,.T.);
#8153=ORIENTED_EDGE('',*,*,#8152,.T.);
#8154=EDGE_LOOP('',(#8140,#8146,#8147,#8153));
#8155=FACE_BOUND('',#8154,.T.);
#8156=ADVANCED_FACE('',(#8155),#8130,.T.);
#8157=CARTESIAN_POINT('',(289.875,-21.08125,4.));
#8158=DIRECTION('',(-1.,0.,0.));
#8159=DIRECTION('',(0.,0.,1.));
#8160=AXIS2_PLACEMENT_3D('',#8157,#8158,#8159);
#8161=PLANE('',#8160);
#8162=CARTESIAN_POINT('',(289.875,-6.58125,4.));
#8163=VERTEX_POINT('',#8162);
#8164=CARTESIAN_POINT('',(289.875,-35.58125,4.));
#8165=VERTEX_POINT('',#8164);
#8166=CARTESIAN_POINT('',(289.875,-6.58125,4.));
#8167=DIRECTION('',(0.,-1.,0.));
#8168=VECTOR('',#8167,29.);
#8169=LINE('',#8166,#8168);
#8170=EDGE_CURVE('',#8163,#8165,#8169,.T.);
#8171=ORIENTED_EDGE('',*,*,#8170,.T.);
#8172=CARTESIAN_POINT('',(289.875,-35.58125,4.));
#8173=DIRECTION('',(0.,0.,1.));
#8174=VECTOR('',#8173,2.);
#8175=LINE('',#8172,#8174);
#8176=EDGE_CURVE('',#8165,#1044,#8175,.T.);
#8177=ORIENTED_EDGE('',*,*,#8176,.T.);
#8178=ORIENTED_EDGE('',*,*,#1049,.F.);
#8179=CARTESIAN_POINT('',(289.875,-6.58125,6.));
#8180=DIRECTION('',(-0.,-0.,-1.));
#8181=VECTOR('',#8180,2.);
#8182=LINE('',#8179,#8181);
#8183=EDGE_CURVE('',#1035,#8163,#8182,.T.);
#8184=ORIENTED_EDGE('',*,*,#8183,.T.);
#8185=EDGE_LOOP('',(#8171,#8177,#8178,#8184));
#8186=FACE_BOUND('',#8185,.T.);
#8187=ADVANCED_FACE('',(#8186),#8161,.T.);
#8188=CARTESIAN_POINT('',(0.,0.,4.));
#8189=DIRECTION('',(0.,0.,1.));
#8190=DIRECTION('',(1.,0.,0.));
#8191=AXIS2_PLACEMENT_3D('',#8188,#8189,#8190);
#8192=PLANE('',#8191);
#8193=ORIENTED_EDGE('',*,*,#8115,.F.);
#8194=CARTESIAN_POINT('',(287.375,-35.58125,4.));
#8195=DIRECTION('',(0.,0.,1.));
#8196=DIRECTION('',(1.,0.,-0.));
#8197=AXIS2_PLACEMENT_3D('',#8194,#8195,#8196);
#8198=CIRCLE('',#8197,0.5);
#8199=EDGE_CURVE('',#8102,#8134,#8198,.T.);
#8200=ORIENTED_EDGE('',*,*,#8199,.T.);
#8201=ORIENTED_EDGE('',*,*,#8139,.F.);
#8202=CARTESIAN_POINT('',(289.375,-35.58125,4.));
#8203=DIRECTION('',(0.,0.,1.));
#8204=DIRECTION('',(1.,0.,-0.));
#8205=AXIS2_PLACEMENT_3D('',#8202,#8203,#8204);
#8206=CIRCLE('',#8205,0.5);
#8207=EDGE_CURVE('',#8132,#8165,#8206,.T.);
#8208=ORIENTED_EDGE('',*,*,#8207,.T.);
#8209=ORIENTED_EDGE('',*,*,#8170,.F.);
#8210=CARTESIAN_POINT('',(289.375,-6.58125,4.));
#8211=DIRECTION('',(0.,0.,1.));
#8212=DIRECTION('',(1.,0.,-0.));
#8213=AXIS2_PLACEMENT_3D('',#8210,#8211,#8212);
#8214=CIRCLE('',#8213,0.5);
#8215=EDGE_CURVE('',#8163,#8072,#8214,.T.);
#8216=ORIENTED_EDGE('',*,*,#8215,.T.);
#8217=ORIENTED_EDGE('',*,*,#8077,.F.);
#8218=CARTESIAN_POINT('',(287.375,-6.58125,4.));
#8219=DIRECTION('',(0.,0.,1.));
#8220=DIRECTION('',(1.,0.,-0.));
#8221=AXIS2_PLACEMENT_3D('',#8218,#8219,#8220);
#8222=CIRCLE('',#8221,0.5);
#8223=EDGE_CURVE('',#8070,#8110,#8222,.T.);
#8224=ORIENTED_EDGE('',*,*,#8223,.T.);
#8225=EDGE_LOOP('',(#8193,#8200,#8201,#8208,#8209,#8216,#8217,#8224));
#8226=FACE_BOUND('',#8225,.T.);
#8227=ADVANCED_FACE('',(#8226),#8192,.T.);
#8228=CARTESIAN_POINT('',(275.3675,1.9,4.));
#8229=DIRECTION('',(-1.,0.,0.));
#8230=DIRECTION('',(0.,0.,1.));
#8231=AXIS2_PLACEMENT_3D('',#8228,#8229,#8230);
#8232=PLANE('',#8231);
#8233=CARTESIAN_POINT('',(275.3675,3.65,4.));
#8234=VERTEX_POINT('',#8233);
#8235=CARTESIAN_POINT('',(275.3675,1.65,4.));
#8236=VERTEX_POINT('',#8235);
#8237=CARTESIAN_POINT('',(275.3675,3.65,4.));
#8238=DIRECTION('',(0.,-1.,0.));
#8239=VECTOR('',#8238,2.);
#8240=LINE('',#8237,#8239);
#8241=EDGE_CURVE('',#8234,#8236,#8240,.T.);
#8242=ORIENTED_EDGE('',*,*,#8241,.T.);
#8243=CARTESIAN_POINT('',(275.3675,1.65,4.));
#8244=DIRECTION('',(0.,0.,1.));
#8245=VECTOR('',#8244,2.);
#8246=LINE('',#8243,#8245);
#8247=EDGE_CURVE('',#8236,#1097,#8246,.T.);
#8248=ORIENTED_EDGE('',*,*,#8247,.T.);
#8249=ORIENTED_EDGE('',*,*,#1102,.F.);
#8250=CARTESIAN_POINT('',(275.3675,3.65,6.));
#8251=DIRECTION('',(-0.,-0.,-1.));
#8252=VECTOR('',#8251,2.);
#8253=LINE('',#8250,#8252);
#8254=EDGE_CURVE('',#1088,#8234,#8253,.T.);
#8255=ORIENTED_EDGE('',*,*,#8254,.T.);
#8256=EDGE_LOOP('',(#8242,#8248,#8249,#8255));
#8257=FACE_BOUND('',#8256,.T.);
#8258=ADVANCED_FACE('',(#8257),#8232,.T.);
#8259=CARTESIAN_POINT('',(235.3675,4.15,4.));
#8260=DIRECTION('',(0.,-1.,0.));
#8261=DIRECTION('',(0.,0.,-1.));
#8262=AXIS2_PLACEMENT_3D('',#8259,#8260,#8261);
#8263=PLANE('',#8262);
#8264=CARTESIAN_POINT('',(195.8675,4.15,4.));
#8265=VERTEX_POINT('',#8264);
#8266=CARTESIAN_POINT('',(274.8675,4.15,4.));
#8267=VERTEX_POINT('',#8266);
#8268=CARTESIAN_POINT('',(195.8675,4.15,4.));
#8269=DIRECTION('',(1.,0.,-0.));
#8270=VECTOR('',#8269,79.);
#8271=LINE('',#8268,#8270);
#8272=EDGE_CURVE('',#8265,#8267,#8271,.T.);
#8273=ORIENTED_EDGE('',*,*,#8272,.T.);
#8274=CARTESIAN_POINT('',(274.8675,4.15,4.));
#8275=DIRECTION('',(0.,0.,1.));
#8276=VECTOR('',#8275,2.);
#8277=LINE('',#8274,#8276);
#8278=EDGE_CURVE('',#8267,#1080,#8277,.T.);
#8279=ORIENTED_EDGE('',*,*,#8278,.T.);
#8280=ORIENTED_EDGE('',*,*,#1085,.F.);
#8281=CARTESIAN_POINT('',(195.8675,4.15,6.));
#8282=DIRECTION('',(-0.,-0.,-1.));
#8283=VECTOR('',#8282,2.);
#8284=LINE('',#8281,#8283);
#8285=EDGE_CURVE('',#1071,#8265,#8284,.T.);
#8286=ORIENTED_EDGE('',*,*,#8285,.T.);
#8287=EDGE_LOOP('',(#8273,#8279,#8280,#8286));
#8288=FACE_BOUND('',#8287,.T.);
#8289=ADVANCED_FACE('',(#8288),#8263,.T.);
#8290=CARTESIAN_POINT('',(195.3675,1.9,4.));
#8291=DIRECTION('',(1.,0.,0.));
#8292=DIRECTION('',(0.,0.,-1.));
#8293=AXIS2_PLACEMENT_3D('',#8290,#8291,#8292);
#8294=PLANE('',#8293);
#8295=ORIENTED_EDGE('',*,*,#1068,.F.);
#8296=CARTESIAN_POINT('',(195.3675,1.65,4.));
#8297=VERTEX_POINT('',#8296);
#8298=CARTESIAN_POINT('',(195.3675,1.65,6.));
#8299=DIRECTION('',(-0.,-0.,-1.));
#8300=VECTOR('',#8299,2.);
#8301=LINE('',#8298,#8300);
#8302=EDGE_CURVE('',#1061,#8297,#8301,.T.);
#8303=ORIENTED_EDGE('',*,*,#8302,.T.);
#8304=CARTESIAN_POINT('',(195.3675,3.65,4.));
#8305=VERTEX_POINT('',#8304);
#8306=CARTESIAN_POINT('',(195.3675,1.65,4.));
#8307=DIRECTION('',(0.,1.,0.));
#8308=VECTOR('',#8307,2.);
#8309=LINE('',#8306,#8308);
#8310=EDGE_CURVE('',#8297,#8305,#8309,.T.);
#8311=ORIENTED_EDGE('',*,*,#8310,.T.);
#8312=CARTESIAN_POINT('',(195.3675,3.65,4.));
#8313=DIRECTION('',(0.,0.,1.));
#8314=VECTOR('',#8313,2.);
#8315=LINE('',#8312,#8314);
#8316=EDGE_CURVE('',#8305,#1063,#8315,.T.);
#8317=ORIENTED_EDGE('',*,*,#8316,.T.);
#8318=EDGE_LOOP('',(#8295,#8303,#8311,#8317));
#8319=FACE_BOUND('',#8318,.T.);
#8320=ADVANCED_FACE('',(#8319),#8294,.T.);
#8321=CARTESIAN_POINT('',(235.3675,1.15,4.));
#8322=DIRECTION('',(0.,1.,0.));
#8323=DIRECTION('',(0.,0.,1.));
#8324=AXIS2_PLACEMENT_3D('',#8321,#8322,#8323);
#8325=PLANE('',#8324);
#8326=CARTESIAN_POINT('',(274.8675,1.15,4.));
#8327=VERTEX_POINT('',#8326);
#8328=CARTESIAN_POINT('',(195.8675,1.15,4.));
#8329=VERTEX_POINT('',#8328);
#8330=CARTESIAN_POINT('',(274.8675,1.15,4.));
#8331=DIRECTION('',(-1.,0.,0.));
#8332=VECTOR('',#8331,79.);
#8333=LINE('',#8330,#8332);
#8334=EDGE_CURVE('',#8327,#8329,#8333,.T.);
#8335=ORIENTED_EDGE('',*,*,#8334,.T.);
#8336=CARTESIAN_POINT('',(195.8675,1.15,4.));
#8337=DIRECTION('',(0.,0.,1.));
#8338=VECTOR('',#8337,2.);
#8339=LINE('',#8336,#8338);
#8340=EDGE_CURVE('',#8329,#1114,#8339,.T.);
#8341=ORIENTED_EDGE('',*,*,#8340,.T.);
#8342=ORIENTED_EDGE('',*,*,#1119,.F.);
#8343=CARTESIAN_POINT('',(274.8675,1.15,6.));
#8344=DIRECTION('',(-0.,-0.,-1.));
#8345=VECTOR('',#8344,2.);
#8346=LINE('',#8343,#8345);
#8347=EDGE_CURVE('',#1105,#8327,#8346,.T.);
#8348=ORIENTED_EDGE('',*,*,#8347,.T.);
#8349=EDGE_LOOP('',(#8335,#8341,#8342,#8348));
#8350=FACE_BOUND('',#8349,.T.);
#8351=ADVANCED_FACE('',(#8350),#8325,.T.);
#8352=CARTESIAN_POINT('',(0.,0.,4.));
#8353=DIRECTION('',(0.,0.,1.));
#8354=DIRECTION('',(1.,0.,0.));
#8355=AXIS2_PLACEMENT_3D('',#8352,#8353,#8354);
#8356=PLANE('',#8355);
#8357=ORIENTED_EDGE('',*,*,#8310,.F.);
#8358=CARTESIAN_POINT('',(195.8675,1.65,4.));
#8359=DIRECTION('',(0.,0.,1.));
#8360=DIRECTION('',(1.,0.,-0.));
#8361=AXIS2_PLACEMENT_3D('',#8358,#8359,#8360);
#8362=CIRCLE('',#8361,0.5);
#8363=EDGE_CURVE('',#8297,#8329,#8362,.T.);
#8364=ORIENTED_EDGE('',*,*,#8363,.T.);
#8365=ORIENTED_EDGE('',*,*,#8334,.F.);
#8366=CARTESIAN_POINT('',(274.8675,1.65,4.));
#8367=DIRECTION('',(0.,0.,1.));
#8368=DIRECTION('',(1.,0.,-0.));
#8369=AXIS2_PLACEMENT_3D('',#8366,#8367,#8368);
#8370=CIRCLE('',#8369,0.5);
#8371=EDGE_CURVE('',#8327,#8236,#8370,.T.);
#8372=ORIENTED_EDGE('',*,*,#8371,.T.);
#8373=ORIENTED_EDGE('',*,*,#8241,.F.);
#8374=CARTESIAN_POINT('',(274.8675,3.65,4.));
#8375=DIRECTION('',(0.,0.,1.));
#8376=DIRECTION('',(1.,0.,-0.));
#8377=AXIS2_PLACEMENT_3D('',#8374,#8375,#8376);
#8378=CIRCLE('',#8377,0.5);
#8379=EDGE_CURVE('',#8234,#8267,#8378,.T.);
#8380=ORIENTED_EDGE('',*,*,#8379,.T.);
#8381=ORIENTED_EDGE('',*,*,#8272,.F.);
#8382=CARTESIAN_POINT('',(195.8675,3.65,4.));
#8383=DIRECTION('',(0.,0.,1.));
#8384=DIRECTION('',(1.,0.,-0.));
#8385=AXIS2_PLACEMENT_3D('',#8382,#8383,#8384);
#8386=CIRCLE('',#8385,0.5);
#8387=EDGE_CURVE('',#8265,#8305,#8386,.T.);
#8388=ORIENTED_EDGE('',*,*,#8387,.T.);
#8389=EDGE_LOOP('',(#8357,#8364,#8365,#8372,#8373,#8380,#8381,#8388));
#8390=FACE_BOUND('',#8389,.T.);
#8391=ADVANCED_FACE('',(#8390),#8356,.T.);
#8392=CARTESIAN_POINT('',(274.8675,-97.275,4.));
#8393=DIRECTION('',(0.,0.,-1.));
#8394=DIRECTION('',(-1.,0.,0.));
#8395=AXIS2_PLACEMENT_3D('',#8392,#8393,#8394);
#8396=CYLINDRICAL_SURFACE('',#8395,0.5);
#8397=ORIENTED_EDGE('',*,*,#8035,.F.);
#8398=ORIENTED_EDGE('',*,*,#7912,.F.);
#8399=ORIENTED_EDGE('',*,*,#954,.F.);
#8400=ORIENTED_EDGE('',*,*,#7950,.F.);
#8401=EDGE_LOOP('',(#8397,#8398,#8399,#8400));
#8402=FACE_BOUND('',#8401,.T.);
#8403=ADVANCED_FACE('',(#8402),#8396,.F.);
#8404=CARTESIAN_POINT('',(195.8675,1.65,4.));
#8405=DIRECTION('',(0.,0.,-1.));
#8406=DIRECTION('',(-1.,0.,0.));
#8407=AXIS2_PLACEMENT_3D('',#8404,#8405,#8406);
#8408=CYLINDRICAL_SURFACE('',#8407,0.5);
#8409=ORIENTED_EDGE('',*,*,#8363,.F.);
#8410=ORIENTED_EDGE('',*,*,#8302,.F.);
#8411=ORIENTED_EDGE('',*,*,#1126,.F.);
#8412=ORIENTED_EDGE('',*,*,#8340,.F.);
#8413=EDGE_LOOP('',(#8409,#8410,#8411,#8412));
#8414=FACE_BOUND('',#8413,.T.);
#8415=ADVANCED_FACE('',(#8414),#8408,.F.);
#8416=CARTESIAN_POINT('',(287.375,-35.58125,4.));
#8417=DIRECTION('',(0.,0.,-1.));
#8418=DIRECTION('',(-1.,0.,0.));
#8419=AXIS2_PLACEMENT_3D('',#8416,#8417,#8418);
#8420=CYLINDRICAL_SURFACE('',#8419,0.5);
#8421=ORIENTED_EDGE('',*,*,#8199,.F.);
#8422=ORIENTED_EDGE('',*,*,#8107,.F.);
#8423=ORIENTED_EDGE('',*,*,#1007,.F.);
#8424=ORIENTED_EDGE('',*,*,#8145,.F.);
#8425=EDGE_LOOP('',(#8421,#8422,#8423,#8424));
#8426=FACE_BOUND('',#8425,.T.);
#8427=ADVANCED_FACE('',(#8426),#8420,.F.);
#8428=CARTESIAN_POINT('',(289.375,-89.04375,4.));
#8429=DIRECTION('',(0.,0.,-1.));
#8430=DIRECTION('',(-1.,0.,0.));
#8431=AXIS2_PLACEMENT_3D('',#8428,#8429,#8430);
#8432=CYLINDRICAL_SURFACE('',#8431,0.5);
#8433=ORIENTED_EDGE('',*,*,#7871,.F.);
#8434=ORIENTED_EDGE('',*,*,#7748,.F.);
#8435=ORIENTED_EDGE('',*,*,#884,.F.);
#8436=ORIENTED_EDGE('',*,*,#7786,.F.);
#8437=EDGE_LOOP('',(#8433,#8434,#8435,#8436));
#8438=FACE_BOUND('',#8437,.T.);
#8439=ADVANCED_FACE('',(#8438),#8432,.F.);
#8440=CARTESIAN_POINT('',(195.8675,-99.275,4.));
#8441=DIRECTION('',(0.,0.,-1.));
#8442=DIRECTION('',(-1.,0.,0.));
#8443=AXIS2_PLACEMENT_3D('',#8440,#8441,#8442);
#8444=CYLINDRICAL_SURFACE('',#8443,0.5);
#8445=ORIENTED_EDGE('',*,*,#8051,.F.);
#8446=ORIENTED_EDGE('',*,*,#7974,.F.);
#8447=ORIENTED_EDGE('',*,*,#986,.F.);
#8448=ORIENTED_EDGE('',*,*,#8012,.F.);
#8449=EDGE_LOOP('',(#8445,#8446,#8447,#8448));
#8450=FACE_BOUND('',#8449,.T.);
#8451=ADVANCED_FACE('',(#8450),#8444,.F.);
#8452=CARTESIAN_POINT('',(287.375,-89.04375,4.));
#8453=DIRECTION('',(0.,0.,-1.));
#8454=DIRECTION('',(-1.,0.,0.));
#8455=AXIS2_PLACEMENT_3D('',#8452,#8453,#8454);
#8456=CYLINDRICAL_SURFACE('',#8455,0.5);
#8457=ORIENTED_EDGE('',*,*,#7895,.F.);
#8458=ORIENTED_EDGE('',*,*,#7841,.F.);
#8459=ORIENTED_EDGE('',*,*,#901,.F.);
#8460=ORIENTED_EDGE('',*,*,#7762,.F.);
#8461=EDGE_LOOP('',(#8457,#8458,#8459,#8460));
#8462=FACE_BOUND('',#8461,.T.);
#8463=ADVANCED_FACE('',(#8462),#8456,.F.);
#8464=CARTESIAN_POINT('',(287.375,-60.04375,4.));
#8465=DIRECTION('',(0.,0.,-1.));
#8466=DIRECTION('',(-1.,0.,0.));
#8467=AXIS2_PLACEMENT_3D('',#8464,#8465,#8466);
#8468=CYLINDRICAL_SURFACE('',#8467,0.5);
#8469=ORIENTED_EDGE('',*,*,#7887,.F.);
#8470=ORIENTED_EDGE('',*,*,#7810,.F.);
#8471=ORIENTED_EDGE('',*,*,#916,.F.);
#8472=ORIENTED_EDGE('',*,*,#7855,.F.);
#8473=EDGE_LOOP('',(#8469,#8470,#8471,#8472));
#8474=FACE_BOUND('',#8473,.T.);
#8475=ADVANCED_FACE('',(#8474),#8468,.F.);
#8476=CARTESIAN_POINT('',(289.375,-35.58125,4.));
#8477=DIRECTION('',(0.,0.,-1.));
#8478=DIRECTION('',(-1.,0.,0.));
#8479=AXIS2_PLACEMENT_3D('',#8476,#8477,#8478);
#8480=CYLINDRICAL_SURFACE('',#8479,0.5);
#8481=ORIENTED_EDGE('',*,*,#8207,.F.);
#8482=ORIENTED_EDGE('',*,*,#8152,.F.);
#8483=ORIENTED_EDGE('',*,*,#1056,.F.);
#8484=ORIENTED_EDGE('',*,*,#8176,.F.);
#8485=EDGE_LOOP('',(#8481,#8482,#8483,#8484));
#8486=FACE_BOUND('',#8485,.T.);
#8487=ADVANCED_FACE('',(#8486),#8480,.F.);
#8488=CARTESIAN_POINT('',(274.8675,1.65,4.));
#8489=DIRECTION('',(0.,0.,-1.));
#8490=DIRECTION('',(-1.,0.,0.));
#8491=AXIS2_PLACEMENT_3D('',#8488,#8489,#8490);
#8492=CYLINDRICAL_SURFACE('',#8491,0.5);
#8493=ORIENTED_EDGE('',*,*,#8371,.F.);
#8494=ORIENTED_EDGE('',*,*,#8347,.F.);
#8495=ORIENTED_EDGE('',*,*,#1111,.F.);
#8496=ORIENTED_EDGE('',*,*,#8247,.F.);
#8497=EDGE_LOOP('',(#8493,#8494,#8495,#8496));
#8498=FACE_BOUND('',#8497,.T.);
#8499=ADVANCED_FACE('',(#8498),#8492,.F.);
#8500=CARTESIAN_POINT('',(274.8675,3.65,4.));
#8501=DIRECTION('',(0.,0.,-1.));
#8502=DIRECTION('',(-1.,0.,0.));
#8503=AXIS2_PLACEMENT_3D('',#8500,#8501,#8502);
#8504=CYLINDRICAL_SURFACE('',#8503,0.5);
#8505=ORIENTED_EDGE('',*,*,#8379,.F.);
#8506=ORIENTED_EDGE('',*,*,#8254,.F.);
#8507=ORIENTED_EDGE('',*,*,#1094,.F.);
#8508=ORIENTED_EDGE('',*,*,#8278,.F.);
#8509=EDGE_LOOP('',(#8505,#8506,#8507,#8508));
#8510=FACE_BOUND('',#8509,.T.);
#8511=ADVANCED_FACE('',(#8510),#8504,.F.);
#8512=CARTESIAN_POINT('',(289.375,-60.04375,4.));
#8513=DIRECTION('',(0.,0.,-1.));
#8514=DIRECTION('',(-1.,0.,0.));
#8515=AXIS2_PLACEMENT_3D('',#8512,#8513,#8514);
#8516=CYLINDRICAL_SURFACE('',#8515,0.5);
#8517=ORIENTED_EDGE('',*,*,#7879,.F.);
#8518=ORIENTED_EDGE('',*,*,#7793,.F.);
#8519=ORIENTED_EDGE('',*,*,#867,.F.);
#8520=ORIENTED_EDGE('',*,*,#7824,.F.);
#8521=EDGE_LOOP('',(#8517,#8518,#8519,#8520));
#8522=FACE_BOUND('',#8521,.T.);
#8523=ADVANCED_FACE('',(#8522),#8516,.F.);
#8524=CARTESIAN_POINT('',(274.8675,-99.275,4.));
#8525=DIRECTION('',(0.,0.,-1.));
#8526=DIRECTION('',(-1.,0.,0.));
#8527=AXIS2_PLACEMENT_3D('',#8524,#8525,#8526);
#8528=CYLINDRICAL_SURFACE('',#8527,0.5);
#8529=ORIENTED_EDGE('',*,*,#8059,.F.);
#8530=ORIENTED_EDGE('',*,*,#8019,.F.);
#8531=ORIENTED_EDGE('',*,*,#971,.F.);
#8532=ORIENTED_EDGE('',*,*,#7926,.F.);
#8533=EDGE_LOOP('',(#8529,#8530,#8531,#8532));
#8534=FACE_BOUND('',#8533,.T.);
#8535=ADVANCED_FACE('',(#8534),#8528,.F.);
#8536=CARTESIAN_POINT('',(289.375,-6.58125,4.));
#8537=DIRECTION('',(0.,0.,-1.));
#8538=DIRECTION('',(-1.,0.,0.));
#8539=AXIS2_PLACEMENT_3D('',#8536,#8537,#8538);
#8540=CYLINDRICAL_SURFACE('',#8539,0.5);
#8541=ORIENTED_EDGE('',*,*,#8215,.F.);
#8542=ORIENTED_EDGE('',*,*,#8183,.F.);
#8543=ORIENTED_EDGE('',*,*,#1041,.F.);
#8544=ORIENTED_EDGE('',*,*,#8083,.F.);
#8545=EDGE_LOOP('',(#8541,#8542,#8543,#8544));
#8546=FACE_BOUND('',#8545,.T.);
#8547=ADVANCED_FACE('',(#8546),#8540,.F.);
#8548=CARTESIAN_POINT('',(287.375,-6.58125,4.));
#8549=DIRECTION('',(0.,0.,-1.));
#8550=DIRECTION('',(-1.,0.,0.));
#8551=AXIS2_PLACEMENT_3D('',#8548,#8549,#8550);
#8552=CYLINDRICAL_SURFACE('',#8551,0.5);
#8553=ORIENTED_EDGE('',*,*,#8223,.F.);
#8554=ORIENTED_EDGE('',*,*,#8090,.F.);
#8555=ORIENTED_EDGE('',*,*,#1024,.F.);
#8556=ORIENTED_EDGE('',*,*,#8121,.F.);
#8557=EDGE_LOOP('',(#8553,#8554,#8555,#8556));
#8558=FACE_BOUND('',#8557,.T.);
#8559=ADVANCED_FACE('',(#8558),#8552,.F.);
#8560=CARTESIAN_POINT('',(195.8675,3.65,4.));
#8561=DIRECTION('',(0.,0.,-1.));
#8562=DIRECTION('',(-1.,0.,0.));
#8563=AXIS2_PLACEMENT_3D('',#8560,#8561,#8562);
#8564=CYLINDRICAL_SURFACE('',#8563,0.5);
#8565=ORIENTED_EDGE('',*,*,#8387,.F.);
#8566=ORIENTED_EDGE('',*,*,#8285,.F.);
#8567=ORIENTED_EDGE('',*,*,#1077,.F.);
#8568=ORIENTED_EDGE('',*,*,#8316,.F.);
#8569=EDGE_LOOP('',(#8565,#8566,#8567,#8568));
#8570=FACE_BOUND('',#8569,.T.);
#8571=ADVANCED_FACE('',(#8570),#8564,.F.);
#8572=CARTESIAN_POINT('',(195.8675,-97.275,4.));
#8573=DIRECTION('',(0.,0.,-1.));
#8574=DIRECTION('',(-1.,0.,0.));
#8575=AXIS2_PLACEMENT_3D('',#8572,#8573,#8574);
#8576=CYLINDRICAL_SURFACE('',#8575,0.5);
#8577=ORIENTED_EDGE('',*,*,#8043,.F.);
#8578=ORIENTED_EDGE('',*,*,#7957,.F.);
#8579=ORIENTED_EDGE('',*,*,#937,.F.);
#8580=ORIENTED_EDGE('',*,*,#7988,.F.);
#8581=EDGE_LOOP('',(#8577,#8578,#8579,#8580));
#8582=FACE_BOUND('',#8581,.T.);
#8583=ADVANCED_FACE('',(#8582),#8576,.F.);
#8584=CARTESIAN_POINT('',(3.5,-59.5,2.));
#8585=DIRECTION('',(0.,0.,-1.));
#8586=DIRECTION('',(-1.,0.,0.));
#8587=AXIS2_PLACEMENT_3D('',#8584,#8585,#8586);
#8588=CYLINDRICAL_SURFACE('',#8587,0.5);
#8589=ORIENTED_EDGE('',*,*,#3800,.F.);
#8590=ORIENTED_EDGE('',*,*,#3601,.F.);
#8591=ORIENTED_EDGE('',*,*,#2706,.F.);
#8592=ORIENTED_EDGE('',*,*,#5241,.F.);
#8593=EDGE_LOOP('',(#8589,#8590,#8591,#8592));
#8594=FACE_BOUND('',#8593,.T.);
#8595=ADVANCED_FACE('',(#8594),#8588,.F.);
#8596=CARTESIAN_POINT('',(13.5,-74.5,2.));
#8597=DIRECTION('',(0.,0.,-1.));
#8598=DIRECTION('',(-1.,0.,0.));
#8599=AXIS2_PLACEMENT_3D('',#8596,#8597,#8598);
#8600=CYLINDRICAL_SURFACE('',#8599,0.5);
#8601=ORIENTED_EDGE('',*,*,#3849,.F.);
#8602=ORIENTED_EDGE('',*,*,#5285,.F.);
#8603=ORIENTED_EDGE('',*,*,#2655,.F.);
#8604=ORIENTED_EDGE('',*,*,#3751,.F.);
#8605=EDGE_LOOP('',(#8601,#8602,#8603,#8604));
#8606=FACE_BOUND('',#8605,.T.);
#8607=ADVANCED_FACE('',(#8606),#8600,.F.);
#8608=CARTESIAN_POINT('',(3.5,-69.5,2.));
#8609=DIRECTION('',(0.,0.,-1.));
#8610=DIRECTION('',(-1.,0.,0.));
#8611=AXIS2_PLACEMENT_3D('',#8608,#8609,#8610);
#8612=CYLINDRICAL_SURFACE('',#8611,0.5);
#8613=ORIENTED_EDGE('',*,*,#3817,.F.);
#8614=ORIENTED_EDGE('',*,*,#5248,.F.);
#8615=ORIENTED_EDGE('',*,*,#2689,.F.);
#8616=ORIENTED_EDGE('',*,*,#5263,.F.);
#8617=EDGE_LOOP('',(#8613,#8614,#8615,#8616));
#8618=FACE_BOUND('',#8617,.T.);
#8619=ADVANCED_FACE('',(#8618),#8612,.F.);
#8620=CARTESIAN_POINT('',(12.5,-70.5,2.));
#8621=DIRECTION('',(0.,0.,1.));
#8622=DIRECTION('',(1.,0.,-0.));
#8623=AXIS2_PLACEMENT_3D('',#8620,#8621,#8622);
#8624=CYLINDRICAL_SURFACE('',#8623,0.5);
#8625=ORIENTED_EDGE('',*,*,#3834,.F.);
#8626=ORIENTED_EDGE('',*,*,#5270,.F.);
#8627=ORIENTED_EDGE('',*,*,#2672,.F.);
#8628=ORIENTED_EDGE('',*,*,#5292,.F.);
#8629=EDGE_LOOP('',(#8625,#8626,#8627,#8628));
#8630=FACE_BOUND('',#8629,.T.);
#8631=ADVANCED_FACE('',(#8630),#8624,.T.);
#8632=CARTESIAN_POINT('',(246.,-66.5,2.));
#8633=DIRECTION('',(0.,0.,1.));
#8634=DIRECTION('',(1.,0.,-0.));
#8635=AXIS2_PLACEMENT_3D('',#8632,#8633,#8634);
#8636=CYLINDRICAL_SURFACE('',#8635,0.5);
#8637=ORIENTED_EDGE('',*,*,#7507,.F.);
#8638=ORIENTED_EDGE('',*,*,#7227,.F.);
#8639=ORIENTED_EDGE('',*,*,#2587,.F.);
#8640=ORIENTED_EDGE('',*,*,#7664,.F.);
#8641=EDGE_LOOP('',(#8637,#8638,#8639,#8640));
#8642=FACE_BOUND('',#8641,.T.);
#8643=ADVANCED_FACE('',(#8642),#8636,.T.);
#8644=CARTESIAN_POINT('',(32.3,-2.4,3.));
#8645=DIRECTION('',(0.,0.,-1.));
#8646=DIRECTION('',(-1.,0.,0.));
#8647=AXIS2_PLACEMENT_3D('',#8644,#8645,#8646);
#8648=CYLINDRICAL_SURFACE('',#8647,0.5);
#8649=ORIENTED_EDGE('',*,*,#5544,.F.);
#8650=ORIENTED_EDGE('',*,*,#5514,.F.);
#8651=ORIENTED_EDGE('',*,*,#2253,.F.);
#8652=ORIENTED_EDGE('',*,*,#5495,.F.);
#8653=EDGE_LOOP('',(#8649,#8650,#8651,#8652));
#8654=FACE_BOUND('',#8653,.T.);
#8655=ADVANCED_FACE('',(#8654),#8648,.F.);
#8656=CARTESIAN_POINT('',(283.972674131,-16.984777525,2.5));
#8657=DIRECTION('',(0.,0.,-1.));
#8658=DIRECTION('',(-1.,0.,0.));
#8659=AXIS2_PLACEMENT_3D('',#8656,#8657,#8658);
#8660=CYLINDRICAL_SURFACE('',#8659,0.5);
#8661=ORIENTED_EDGE('',*,*,#1954,.F.);
#8662=ORIENTED_EDGE('',*,*,#2135,.F.);
#8663=ORIENTED_EDGE('',*,*,#2463,.F.);
#8664=ORIENTED_EDGE('',*,*,#7432,.F.);
#8665=EDGE_LOOP('',(#8661,#8662,#8663,#8664));
#8666=FACE_BOUND('',#8665,.T.);
#8667=ADVANCED_FACE('',(#8666),#8660,.F.);
#8668=CARTESIAN_POINT('',(274.250811815,-6.774787943,2.));
#8669=DIRECTION('',(0.,0.,1.));
#8670=DIRECTION('',(1.,0.,-0.));
#8671=AXIS2_PLACEMENT_3D('',#8668,#8669,#8670);
#8672=CYLINDRICAL_SURFACE('',#8671,0.5);
#8673=ORIENTED_EDGE('',*,*,#1988,.F.);
#8674=ORIENTED_EDGE('',*,*,#7410,.F.);
#8675=ORIENTED_EDGE('',*,*,#2431,.F.);
#8676=ORIENTED_EDGE('',*,*,#7388,.F.);
#8677=EDGE_LOOP('',(#8673,#8674,#8675,#8676));
#8678=FACE_BOUND('',#8677,.T.);
#8679=ADVANCED_FACE('',(#8678),#8672,.T.);
#8680=CARTESIAN_POINT('',(231.5,-59.5,2.));
#8681=DIRECTION('',(0.,0.,-1.));
#8682=DIRECTION('',(-1.,0.,0.));
#8683=AXIS2_PLACEMENT_3D('',#8680,#8681,#8682);
#8684=CYLINDRICAL_SURFACE('',#8683,0.5);
#8685=ORIENTED_EDGE('',*,*,#3790,.F.);
#8686=ORIENTED_EDGE('',*,*,#7567,.F.);
#8687=ORIENTED_EDGE('',*,*,#2723,.F.);
#8688=ORIENTED_EDGE('',*,*,#3594,.F.);
#8689=EDGE_LOOP('',(#8685,#8686,#8687,#8688));
#8690=FACE_BOUND('',#8689,.T.);
#8691=ADVANCED_FACE('',(#8690),#8684,.F.);
#8692=CARTESIAN_POINT('',(36.5,-17.,2.5));
#8693=DIRECTION('',(0.,0.,-1.));
#8694=DIRECTION('',(-1.,0.,0.));
#8695=AXIS2_PLACEMENT_3D('',#8692,#8693,#8694);
#8696=CYLINDRICAL_SURFACE('',#8695,0.5);
#8697=ORIENTED_EDGE('',*,*,#5126,.F.);
#8698=ORIENTED_EDGE('',*,*,#5096,.F.);
#8699=ORIENTED_EDGE('',*,*,#2287,.F.);
#8700=ORIENTED_EDGE('',*,*,#5025,.F.);
#8701=EDGE_LOOP('',(#8697,#8698,#8699,#8700));
#8702=FACE_BOUND('',#8701,.T.);
#8703=ADVANCED_FACE('',(#8702),#8696,.F.);
#8704=CARTESIAN_POINT('',(3.5,-40.5,2.5));
#8705=DIRECTION('',(0.,0.,-1.));
#8706=DIRECTION('',(-1.,0.,0.));
#8707=AXIS2_PLACEMENT_3D('',#8704,#8705,#8706);
#8708=CYLINDRICAL_SURFACE('',#8707,0.5);
#8709=ORIENTED_EDGE('',*,*,#3385,.F.);
#8710=ORIENTED_EDGE('',*,*,#3569,.F.);
#8711=ORIENTED_EDGE('',*,*,#3023,.F.);
#8712=ORIENTED_EDGE('',*,*,#5155,.F.);
#8713=EDGE_LOOP('',(#8709,#8710,#8711,#8712));
#8714=FACE_BOUND('',#8713,.T.);
#8715=ADVANCED_FACE('',(#8714),#8708,.F.);
#8716=CARTESIAN_POINT('',(6.5,-2.4,3.));
#8717=DIRECTION('',(0.,0.,-1.));
#8718=DIRECTION('',(-1.,0.,0.));
#8719=AXIS2_PLACEMENT_3D('',#8716,#8717,#8718);
#8720=CYLINDRICAL_SURFACE('',#8719,0.5);
#8721=ORIENTED_EDGE('',*,*,#5625,.F.);
#8722=ORIENTED_EDGE('',*,*,#5571,.F.);
#8723=ORIENTED_EDGE('',*,*,#2338,.F.);
#8724=ORIENTED_EDGE('',*,*,#5602,.F.);
#8725=EDGE_LOOP('',(#8721,#8722,#8723,#8724));
#8726=FACE_BOUND('',#8725,.T.);
#8727=ADVANCED_FACE('',(#8726),#8720,.F.);
#8728=CARTESIAN_POINT('',(3.5,-34.5,3.));
#8729=DIRECTION('',(0.,0.,1.));
#8730=DIRECTION('',(1.,0.,-0.));
#8731=AXIS2_PLACEMENT_3D('',#8728,#8729,#8730);
#8732=CYLINDRICAL_SURFACE('',#8731,0.5);
#8733=ORIENTED_EDGE('',*,*,#3187,.F.);
#8734=ORIENTED_EDGE('',*,*,#5217,.F.);
#8735=ORIENTED_EDGE('',*,*,#2534,.F.);
#8736=ORIENTED_EDGE('',*,*,#3233,.F.);
#8737=EDGE_LOOP('',(#8733,#8734,#8735,#8736));
#8738=FACE_BOUND('',#8737,.T.);
#8739=ADVANCED_FACE('',(#8738),#8732,.F.);
#8740=CARTESIAN_POINT('',(268.3,-56.,2.5));
#8741=DIRECTION('',(0.,0.,-1.));
#8742=DIRECTION('',(-1.,0.,0.));
#8743=AXIS2_PLACEMENT_3D('',#8740,#8741,#8742);
#8744=CYLINDRICAL_SURFACE('',#8743,0.5);
#8745=ORIENTED_EDGE('',*,*,#3469,.F.);
#8746=ORIENTED_EDGE('',*,*,#7645,.F.);
#8747=ORIENTED_EDGE('',*,*,#2973,.F.);
#8748=ORIENTED_EDGE('',*,*,#7456,.F.);
#8749=EDGE_LOOP('',(#8745,#8746,#8747,#8748));
#8750=FACE_BOUND('',#8749,.T.);
#8751=ADVANCED_FACE('',(#8750),#8744,.F.);
#8752=CARTESIAN_POINT('',(257.5,-34.5,3.));
#8753=DIRECTION('',(0.,0.,-1.));
#8754=DIRECTION('',(-1.,0.,0.));
#8755=AXIS2_PLACEMENT_3D('',#8752,#8753,#8754);
#8756=CYLINDRICAL_SURFACE('',#8755,0.5);
#8757=ORIENTED_EDGE('',*,*,#3204,.F.);
#8758=ORIENTED_EDGE('',*,*,#3240,.F.);
#8759=ORIENTED_EDGE('',*,*,#2517,.F.);
#8760=ORIENTED_EDGE('',*,*,#7599,.F.);
#8761=EDGE_LOOP('',(#8757,#8758,#8759,#8760));
#8762=FACE_BOUND('',#8761,.T.);
#8763=ADVANCED_FACE('',(#8762),#8756,.F.);
#8764=CARTESIAN_POINT('',(266.5,-20.5,2.5));
#8765=DIRECTION('',(0.,0.,-1.));
#8766=DIRECTION('',(-1.,0.,0.));
#8767=AXIS2_PLACEMENT_3D('',#8764,#8765,#8766);
#8768=CYLINDRICAL_SURFACE('',#8767,0.5);
#8769=ORIENTED_EDGE('',*,*,#3526,.F.);
#8770=ORIENTED_EDGE('',*,*,#7041,.F.);
#8771=ORIENTED_EDGE('',*,*,#3048,.F.);
#8772=ORIENTED_EDGE('',*,*,#7065,.F.);
#8773=EDGE_LOOP('',(#8769,#8770,#8771,#8772));
#8774=FACE_BOUND('',#8773,.T.);
#8775=ADVANCED_FACE('',(#8774),#8768,.F.);
#8776=CARTESIAN_POINT('',(257.5,-21.5,2.5));
#8777=DIRECTION('',(0.,0.,1.));
#8778=DIRECTION('',(1.,0.,-0.));
#8779=AXIS2_PLACEMENT_3D('',#8776,#8777,#8778);
#8780=CYLINDRICAL_SURFACE('',#8779,0.5);
#8781=ORIENTED_EDGE('',*,*,#3107,.F.);
#8782=ORIENTED_EDGE('',*,*,#7606,.F.);
#8783=ORIENTED_EDGE('',*,*,#2566,.F.);
#8784=ORIENTED_EDGE('',*,*,#3153,.F.);
#8785=EDGE_LOOP('',(#8781,#8782,#8783,#8784));
#8786=FACE_BOUND('',#8785,.T.);
#8787=ADVANCED_FACE('',(#8786),#8780,.F.);
#8788=CARTESIAN_POINT('',(39.5,-16.984777525,2.5));
#8789=DIRECTION('',(0.,0.,-1.));
#8790=DIRECTION('',(-1.,0.,0.));
#8791=AXIS2_PLACEMENT_3D('',#8788,#8789,#8790);
#8792=CYLINDRICAL_SURFACE('',#8791,0.5);
#8793=ORIENTED_EDGE('',*,*,#2105,.F.);
#8794=ORIENTED_EDGE('',*,*,#4994,.F.);
#8795=ORIENTED_EDGE('',*,*,#2473,.F.);
#8796=ORIENTED_EDGE('',*,*,#2149,.F.);
#8797=EDGE_LOOP('',(#8793,#8794,#8795,#8796));
#8798=FACE_BOUND('',#8797,.T.);
#8799=ADVANCED_FACE('',(#8798),#8792,.F.);
#8800=CARTESIAN_POINT('',(3.5,-21.5,2.5));
#8801=DIRECTION('',(0.,0.,-1.));
#8802=DIRECTION('',(-1.,0.,0.));
#8803=AXIS2_PLACEMENT_3D('',#8800,#8801,#8802);
#8804=CYLINDRICAL_SURFACE('',#8803,0.5);
#8805=ORIENTED_EDGE('',*,*,#3124,.F.);
#8806=ORIENTED_EDGE('',*,*,#3160,.F.);
#8807=ORIENTED_EDGE('',*,*,#2551,.F.);
#8808=ORIENTED_EDGE('',*,*,#5226,.F.);
#8809=EDGE_LOOP('',(#8805,#8806,#8807,#8808));
#8810=FACE_BOUND('',#8809,.T.);
#8811=ADVANCED_FACE('',(#8810),#8804,.F.);
#8812=CARTESIAN_POINT('',(2.5,-17.,2.5));
#8813=DIRECTION('',(0.,0.,-1.));
#8814=DIRECTION('',(-1.,0.,0.));
#8815=AXIS2_PLACEMENT_3D('',#8812,#8813,#8814);
#8816=CYLINDRICAL_SURFACE('',#8815,0.5);
#8817=ORIENTED_EDGE('',*,*,#5140,.F.);
#8818=ORIENTED_EDGE('',*,*,#5058,.F.);
#8819=ORIENTED_EDGE('',*,*,#2304,.F.);
#8820=ORIENTED_EDGE('',*,*,#5110,.F.);
#8821=EDGE_LOOP('',(#8817,#8818,#8819,#8820));
#8822=FACE_BOUND('',#8821,.T.);
#8823=ADVANCED_FACE('',(#8822),#8816,.F.);
#8824=CARTESIAN_POINT('',(39.5,-2.4,2.));
#8825=DIRECTION('',(0.,0.,-1.));
#8826=DIRECTION('',(-1.,0.,0.));
#8827=AXIS2_PLACEMENT_3D('',#8824,#8825,#8826);
#8828=CYLINDRICAL_SURFACE('',#8827,0.5);
#8829=ORIENTED_EDGE('',*,*,#2022,.F.);
#8830=ORIENTED_EDGE('',*,*,#2195,.F.);
#8831=ORIENTED_EDGE('',*,*,#2488,.F.);
#8832=ORIENTED_EDGE('',*,*,#5003,.F.);
#8833=EDGE_LOOP('',(#8829,#8830,#8831,#8832));
#8834=FACE_BOUND('',#8833,.T.);
#8835=ADVANCED_FACE('',(#8834),#8828,.F.);
#8836=CARTESIAN_POINT('',(278.5,-46.5,2.5));
#8837=DIRECTION('',(0.,0.,-1.));
#8838=DIRECTION('',(-1.,0.,0.));
#8839=AXIS2_PLACEMENT_3D('',#8836,#8837,#8838);
#8840=CYLINDRICAL_SURFACE('',#8839,0.5);
#8841=ORIENTED_EDGE('',*,*,#3494,.F.);
#8842=ORIENTED_EDGE('',*,*,#7086,.F.);
#8843=ORIENTED_EDGE('',*,*,#3080,.F.);
#8844=ORIENTED_EDGE('',*,*,#7019,.F.);
#8845=EDGE_LOOP('',(#8841,#8842,#8843,#8844));
#8846=FACE_BOUND('',#8845,.T.);
#8847=ADVANCED_FACE('',(#8846),#8840,.F.);
#8848=CARTESIAN_POINT('',(2.5,-2.4,2.5));
#8849=DIRECTION('',(0.,0.,-1.));
#8850=DIRECTION('',(-1.,0.,0.));
#8851=AXIS2_PLACEMENT_3D('',#8848,#8849,#8850);
#8852=CYLINDRICAL_SURFACE('',#8851,0.5);
#8853=ORIENTED_EDGE('',*,*,#5633,.F.);
#8854=ORIENTED_EDGE('',*,*,#5609,.F.);
#8855=ORIENTED_EDGE('',*,*,#2321,.F.);
#8856=ORIENTED_EDGE('',*,*,#5079,.F.);
#8857=EDGE_LOOP('',(#8853,#8854,#8855,#8856));
#8858=FACE_BOUND('',#8857,.T.);
#8859=ADVANCED_FACE('',(#8858),#8852,.F.);
#8860=CARTESIAN_POINT('',(278.5,-20.5,2.5));
#8861=DIRECTION('',(0.,0.,-1.));
#8862=DIRECTION('',(-1.,0.,0.));
#8863=AXIS2_PLACEMENT_3D('',#8860,#8861,#8862);
#8864=CYLINDRICAL_SURFACE('',#8863,0.5);
#8865=ORIENTED_EDGE('',*,*,#3511,.F.);
#8866=ORIENTED_EDGE('',*,*,#7026,.F.);
#8867=ORIENTED_EDGE('',*,*,#3065,.F.);
#8868=ORIENTED_EDGE('',*,*,#7048,.F.);
#8869=EDGE_LOOP('',(#8865,#8866,#8867,#8868));
#8870=FACE_BOUND('',#8869,.T.);
#8871=ADVANCED_FACE('',(#8870),#8864,.F.);
#8872=CARTESIAN_POINT('',(36.5,-2.4,3.));
#8873=DIRECTION('',(0.,0.,-1.));
#8874=DIRECTION('',(-1.,0.,0.));
#8875=AXIS2_PLACEMENT_3D('',#8872,#8873,#8874);
#8876=CYLINDRICAL_SURFACE('',#8875,0.5);
#8877=ORIENTED_EDGE('',*,*,#5554,.F.);
#8878=ORIENTED_EDGE('',*,*,#5034,.F.);
#8879=ORIENTED_EDGE('',*,*,#2270,.F.);
#8880=ORIENTED_EDGE('',*,*,#5528,.F.);
#8881=EDGE_LOOP('',(#8877,#8878,#8879,#8880));
#8882=FACE_BOUND('',#8881,.T.);
#8883=ADVANCED_FACE('',(#8882),#8876,.F.);
#8884=CARTESIAN_POINT('',(247.,-59.5,2.));
#8885=DIRECTION('',(0.,0.,-1.));
#8886=DIRECTION('',(-1.,0.,0.));
#8887=AXIS2_PLACEMENT_3D('',#8884,#8885,#8886);
#8888=CYLINDRICAL_SURFACE('',#8887,0.5);
#8889=ORIENTED_EDGE('',*,*,#7497,.F.);
#8890=ORIENTED_EDGE('',*,*,#7210,.F.);
#8891=ORIENTED_EDGE('',*,*,#2604,.F.);
#8892=ORIENTED_EDGE('',*,*,#7241,.F.);
#8893=EDGE_LOOP('',(#8889,#8890,#8891,#8892));
#8894=FACE_BOUND('',#8893,.T.);
#8895=ADVANCED_FACE('',(#8894),#8888,.F.);
#8896=CARTESIAN_POINT('',(283.972674131,-7.774787943,2.5));
#8897=DIRECTION('',(0.,0.,-1.));
#8898=DIRECTION('',(-1.,0.,0.));
#8899=AXIS2_PLACEMENT_3D('',#8896,#8897,#8898);
#8900=CYLINDRICAL_SURFACE('',#8899,0.5);
#8901=ORIENTED_EDGE('',*,*,#1971,.F.);
#8902=ORIENTED_EDGE('',*,*,#7439,.F.);
#8903=ORIENTED_EDGE('',*,*,#2448,.F.);
#8904=ORIENTED_EDGE('',*,*,#7417,.F.);
#8905=EDGE_LOOP('',(#8901,#8902,#8903,#8904));
#8906=FACE_BOUND('',#8905,.T.);
#8907=ADVANCED_FACE('',(#8906),#8900,.F.);
#8908=CARTESIAN_POINT('',(3.5,-55.5,2.5));
#8909=DIRECTION('',(0.,0.,-1.));
#8910=DIRECTION('',(-1.,0.,0.));
#8911=AXIS2_PLACEMENT_3D('',#8908,#8909,#8910);
#8912=CYLINDRICAL_SURFACE('',#8911,0.5);
#8913=ORIENTED_EDGE('',*,*,#3402,.F.);
#8914=ORIENTED_EDGE('',*,*,#5162,.F.);
#8915=ORIENTED_EDGE('',*,*,#3006,.F.);
#8916=ORIENTED_EDGE('',*,*,#5177,.F.);
#8917=EDGE_LOOP('',(#8913,#8914,#8915,#8916));
#8918=FACE_BOUND('',#8917,.T.);
#8919=ADVANCED_FACE('',(#8918),#8912,.F.);
#8920=CARTESIAN_POINT('',(273.250811815,-2.4,2.));
#8921=DIRECTION('',(0.,0.,-1.));
#8922=DIRECTION('',(-1.,0.,0.));
#8923=AXIS2_PLACEMENT_3D('',#8920,#8921,#8922);
#8924=CYLINDRICAL_SURFACE('',#8923,0.5);
#8925=ORIENTED_EDGE('',*,*,#2005,.F.);
#8926=ORIENTED_EDGE('',*,*,#7395,.F.);
#8927=ORIENTED_EDGE('',*,*,#2496,.F.);
#8928=ORIENTED_EDGE('',*,*,#2202,.F.);
#8929=EDGE_LOOP('',(#8925,#8926,#8927,#8928));
#8930=FACE_BOUND('',#8929,.T.);
#8931=ADVANCED_FACE('',(#8930),#8924,.F.);
#8932=CARTESIAN_POINT('',(86.5,-77.,3.));
#8933=DIRECTION('',(0.,0.,1.));
#8934=DIRECTION('',(1.,0.,-0.));
#8935=AXIS2_PLACEMENT_3D('',#8932,#8933,#8934);
#8936=CYLINDRICAL_SURFACE('',#8935,0.5);
#8937=ORIENTED_EDGE('',*,*,#1713,.F.);
#8938=ORIENTED_EDGE('',*,*,#1794,.F.);
#8939=ORIENTED_EDGE('',*,*,#2780,.F.);
#8940=ORIENTED_EDGE('',*,*,#5650,.F.);
#8941=EDGE_LOOP('',(#8937,#8938,#8939,#8940));
#8942=FACE_BOUND('',#8941,.T.);
#8943=ADVANCED_FACE('',(#8942),#8936,.F.);
#8944=CARTESIAN_POINT('',(151.5,-93.5,2.));
#8945=DIRECTION('',(0.,0.,-1.));
#8946=DIRECTION('',(-1.,0.,0.));
#8947=AXIS2_PLACEMENT_3D('',#8944,#8945,#8946);
#8948=CYLINDRICAL_SURFACE('',#8947,0.5);
#8949=ORIENTED_EDGE('',*,*,#1579,.F.);
#8950=ORIENTED_EDGE('',*,*,#1761,.F.);
#8951=ORIENTED_EDGE('',*,*,#2755,.F.);
#8952=ORIENTED_EDGE('',*,*,#1643,.F.);
#8953=EDGE_LOOP('',(#8949,#8950,#8951,#8952));
#8954=FACE_BOUND('',#8953,.T.);
#8955=ADVANCED_FACE('',(#8954),#8948,.F.);
#8956=CARTESIAN_POINT('',(73.5,-93.5,2.));
#8957=DIRECTION('',(0.,0.,-1.));
#8958=DIRECTION('',(-1.,0.,0.));
#8959=AXIS2_PLACEMENT_3D('',#8956,#8957,#8958);
#8960=CYLINDRICAL_SURFACE('',#8959,0.5);
#8961=ORIENTED_EDGE('',*,*,#5449,.F.);
#8962=ORIENTED_EDGE('',*,*,#5326,.F.);
#8963=ORIENTED_EDGE('',*,*,#2858,.F.);
#8964=ORIENTED_EDGE('',*,*,#5364,.F.);
#8965=EDGE_LOOP('',(#8961,#8962,#8963,#8964));
#8966=FACE_BOUND('',#8965,.T.);
#8967=ADVANCED_FACE('',(#8966),#8960,.F.);
#8968=CARTESIAN_POINT('',(138.5,-77.,2.));
#8969=DIRECTION('',(0.,0.,-1.));
#8970=DIRECTION('',(-1.,0.,0.));
#8971=AXIS2_PLACEMENT_3D('',#8968,#8969,#8970);
#8972=CYLINDRICAL_SURFACE('',#8971,0.5);
#8973=ORIENTED_EDGE('',*,*,#1612,.F.);
#8974=ORIENTED_EDGE('',*,*,#1538,.F.);
#8975=ORIENTED_EDGE('',*,*,#2788,.F.);
#8976=ORIENTED_EDGE('',*,*,#1803,.F.);
#8977=EDGE_LOOP('',(#8973,#8974,#8975,#8976));
#8978=FACE_BOUND('',#8977,.T.);
#8979=ADVANCED_FACE('',(#8978),#8972,.F.);
#8980=CARTESIAN_POINT('',(151.5,-83.,2.));
#8981=DIRECTION('',(0.,0.,-1.));
#8982=DIRECTION('',(-1.,0.,0.));
#8983=AXIS2_PLACEMENT_3D('',#8980,#8981,#8982);
#8984=CYLINDRICAL_SURFACE('',#8983,0.5);
#8985=ORIENTED_EDGE('',*,*,#1594,.F.);
#8986=ORIENTED_EDGE('',*,*,#1657,.F.);
#8987=ORIENTED_EDGE('',*,*,#2747,.F.);
#8988=ORIENTED_EDGE('',*,*,#1498,.F.);
#8989=EDGE_LOOP('',(#8985,#8986,#8987,#8988));
#8990=FACE_BOUND('',#8989,.T.);
#8991=ADVANCED_FACE('',(#8990),#8984,.F.);
#8992=CARTESIAN_POINT('',(86.5,-93.5,2.));
#8993=DIRECTION('',(0.,0.,1.));
#8994=DIRECTION('',(1.,0.,-0.));
#8995=AXIS2_PLACEMENT_3D('',#8992,#8993,#8994);
#8996=CYLINDRICAL_SURFACE('',#8995,0.5);
#8997=ORIENTED_EDGE('',*,*,#1730,.F.);
#8998=ORIENTED_EDGE('',*,*,#5657,.F.);
#8999=ORIENTED_EDGE('',*,*,#2765,.F.);
#9000=ORIENTED_EDGE('',*,*,#1770,.F.);
#9001=EDGE_LOOP('',(#8997,#8998,#8999,#9000));
#9002=FACE_BOUND('',#9001,.T.);
#9003=ADVANCED_FACE('',(#9002),#8996,.F.);
#9004=CARTESIAN_POINT('',(3.5,-77.,2.));
#9005=DIRECTION('',(0.,0.,-1.));
#9006=DIRECTION('',(-1.,0.,0.));
#9007=AXIS2_PLACEMENT_3D('',#9004,#9005,#9006);
#9008=CYLINDRICAL_SURFACE('',#9007,0.5);
#9009=ORIENTED_EDGE('',*,*,#5465,.F.);
#9010=ORIENTED_EDGE('',*,*,#5388,.F.);
#9011=ORIENTED_EDGE('',*,*,#2826,.F.);
#9012=ORIENTED_EDGE('',*,*,#5426,.F.);
#9013=EDGE_LOOP('',(#9009,#9010,#9011,#9012));
#9014=FACE_BOUND('',#9013,.T.);
#9015=ADVANCED_FACE('',(#9014),#9008,.F.);
#9016=CARTESIAN_POINT('',(3.5,-93.5,2.));
#9017=DIRECTION('',(0.,0.,-1.));
#9018=DIRECTION('',(-1.,0.,0.));
#9019=AXIS2_PLACEMENT_3D('',#9016,#9017,#9018);
#9020=CYLINDRICAL_SURFACE('',#9019,0.5);
#9021=ORIENTED_EDGE('',*,*,#5473,.F.);
#9022=ORIENTED_EDGE('',*,*,#5433,.F.);
#9023=ORIENTED_EDGE('',*,*,#2809,.F.);
#9024=ORIENTED_EDGE('',*,*,#5340,.F.);
#9025=EDGE_LOOP('',(#9021,#9022,#9023,#9024));
#9026=FACE_BOUND('',#9025,.T.);
#9027=ADVANCED_FACE('',(#9026),#9020,.F.);
#9028=CARTESIAN_POINT('',(73.5,-77.,2.));
#9029=DIRECTION('',(0.,0.,-1.));
#9030=DIRECTION('',(-1.,0.,0.));
#9031=AXIS2_PLACEMENT_3D('',#9028,#9029,#9030);
#9032=CYLINDRICAL_SURFACE('',#9031,0.5);
#9033=ORIENTED_EDGE('',*,*,#5457,.F.);
#9034=ORIENTED_EDGE('',*,*,#5371,.F.);
#9035=ORIENTED_EDGE('',*,*,#2843,.F.);
#9036=ORIENTED_EDGE('',*,*,#5402,.F.);
#9037=EDGE_LOOP('',(#9033,#9034,#9035,#9036));
#9038=FACE_BOUND('',#9037,.T.);
#9039=ADVANCED_FACE('',(#9038),#9032,.F.);
#9040=CARTESIAN_POINT('',(139.5,-82.,2.));
#9041=DIRECTION('',(0.,0.,1.));
#9042=DIRECTION('',(1.,0.,-0.));
#9043=AXIS2_PLACEMENT_3D('',#9040,#9041,#9042);
#9044=CYLINDRICAL_SURFACE('',#9043,0.5);
#9045=ORIENTED_EDGE('',*,*,#1602,.F.);
#9046=ORIENTED_EDGE('',*,*,#1512,.F.);
#9047=ORIENTED_EDGE('',*,*,#2739,.F.);
#9048=ORIENTED_EDGE('',*,*,#1552,.F.);
#9049=EDGE_LOOP('',(#9045,#9046,#9047,#9048));
#9050=FACE_BOUND('',#9049,.T.);
#9051=ADVANCED_FACE('',(#9050),#9044,.T.);
#9052=CARTESIAN_POINT('',(282.5,-93.5,2.));
#9053=DIRECTION('',(0.,0.,-1.));
#9054=DIRECTION('',(-1.,0.,0.));
#9055=AXIS2_PLACEMENT_3D('',#9052,#9053,#9054);
#9056=CYLINDRICAL_SURFACE('',#9055,0.5);
#9057=ORIENTED_EDGE('',*,*,#6939,.F.);
#9058=ORIENTED_EDGE('',*,*,#7124,.F.);
#9059=ORIENTED_EDGE('',*,*,#2912,.F.);
#9060=ORIENTED_EDGE('',*,*,#7146,.F.);
#9061=EDGE_LOOP('',(#9057,#9058,#9059,#9060));
#9062=FACE_BOUND('',#9061,.T.);
#9063=ADVANCED_FACE('',(#9062),#9056,.F.);
#9064=CARTESIAN_POINT('',(193.5,-93.5,2.));
#9065=DIRECTION('',(0.,0.,-1.));
#9066=DIRECTION('',(-1.,0.,0.));
#9067=AXIS2_PLACEMENT_3D('',#9064,#9065,#9066);
#9068=CYLINDRICAL_SURFACE('',#9067,0.5);
#9069=ORIENTED_EDGE('',*,*,#7004,.F.);
#9070=ORIENTED_EDGE('',*,*,#7102,.F.);
#9071=ORIENTED_EDGE('',*,*,#2929,.F.);
#9072=ORIENTED_EDGE('',*,*,#7131,.F.);
#9073=EDGE_LOOP('',(#9069,#9070,#9071,#9072));
#9074=FACE_BOUND('',#9073,.T.);
#9075=ADVANCED_FACE('',(#9074),#9068,.F.);
#9076=CARTESIAN_POINT('',(282.5,-77.,2.));
#9077=DIRECTION('',(0.,0.,-1.));
#9078=DIRECTION('',(-1.,0.,0.));
#9079=AXIS2_PLACEMENT_3D('',#9076,#9077,#9078);
#9080=CYLINDRICAL_SURFACE('',#9079,0.5);
#9081=ORIENTED_EDGE('',*,*,#6956,.F.);
#9082=ORIENTED_EDGE('',*,*,#7153,.F.);
#9083=ORIENTED_EDGE('',*,*,#2895,.F.);
#9084=ORIENTED_EDGE('',*,*,#7168,.F.);
#9085=EDGE_LOOP('',(#9081,#9082,#9083,#9084));
#9086=FACE_BOUND('',#9085,.T.);
#9087=ADVANCED_FACE('',(#9086),#9080,.F.);
#9088=CARTESIAN_POINT('',(193.5,-77.,2.));
#9089=DIRECTION('',(0.,0.,-1.));
#9090=DIRECTION('',(-1.,0.,0.));
#9091=AXIS2_PLACEMENT_3D('',#9088,#9089,#9090);
#9092=CYLINDRICAL_SURFACE('',#9091,0.5);
#9093=ORIENTED_EDGE('',*,*,#6989,.F.);
#9094=ORIENTED_EDGE('',*,*,#7177,.F.);
#9095=ORIENTED_EDGE('',*,*,#2944,.F.);
#9096=ORIENTED_EDGE('',*,*,#7109,.F.);
#9097=EDGE_LOOP('',(#9093,#9094,#9095,#9096));
#9098=FACE_BOUND('',#9097,.T.);
#9099=ADVANCED_FACE('',(#9098),#9092,.F.);
#9100=CARTESIAN_POINT('',(284.,-74.5,2.));
#9101=DIRECTION('',(0.,0.,-1.));
#9102=DIRECTION('',(-1.,0.,0.));
#9103=AXIS2_PLACEMENT_3D('',#9100,#9101,#9102);
#9104=CYLINDRICAL_SURFACE('',#9103,0.5);
#9105=ORIENTED_EDGE('',*,*,#7474,.F.);
#9106=ORIENTED_EDGE('',*,*,#3714,.F.);
#9107=ORIENTED_EDGE('',*,*,#2638,.F.);
#9108=ORIENTED_EDGE('',*,*,#7536,.F.);
#9109=EDGE_LOOP('',(#9105,#9106,#9107,#9108));
#9110=FACE_BOUND('',#9109,.T.);
#9111=ADVANCED_FACE('',(#9110),#9104,.F.);
#9112=CARTESIAN_POINT('',(284.,-59.5,2.));
#9113=DIRECTION('',(0.,0.,-1.));
#9114=DIRECTION('',(-1.,0.,0.));
#9115=AXIS2_PLACEMENT_3D('',#9112,#9113,#9114);
#9116=CYLINDRICAL_SURFACE('',#9115,0.5);
#9117=ORIENTED_EDGE('',*,*,#7489,.F.);
#9118=ORIENTED_EDGE('',*,*,#7543,.F.);
#9119=ORIENTED_EDGE('',*,*,#2621,.F.);
#9120=ORIENTED_EDGE('',*,*,#7203,.F.);
#9121=EDGE_LOOP('',(#9117,#9118,#9119,#9120));
#9122=FACE_BOUND('',#9121,.T.);
#9123=ADVANCED_FACE('',(#9122),#9116,.F.);
#9124=CARTESIAN_POINT('',(25.5,-51.,2.5));
#9125=DIRECTION('',(0.,0.,1.));
#9126=DIRECTION('',(1.,0.,-0.));
#9127=AXIS2_PLACEMENT_3D('',#9124,#9125,#9126);
#9128=CYLINDRICAL_SURFACE('',#9127,0.5);
#9129=ORIENTED_EDGE('',*,*,#3427,.F.);
#9130=ORIENTED_EDGE('',*,*,#5200,.F.);
#9131=ORIENTED_EDGE('',*,*,#3337,.F.);
#9132=ORIENTED_EDGE('',*,*,#3548,.F.);
#9133=EDGE_LOOP('',(#9129,#9130,#9131,#9132));
#9134=FACE_BOUND('',#9133,.T.);
#9135=ADVANCED_FACE('',(#9134),#9128,.T.);
#9136=CARTESIAN_POINT('',(248.720469117,-12.615222475,2.5));
#9137=DIRECTION('',(0.,0.,1.));
#9138=DIRECTION('',(1.,0.,-0.));
#9139=AXIS2_PLACEMENT_3D('',#9136,#9137,#9138);
#9140=CYLINDRICAL_SURFACE('',#9139,0.5);
#9141=ORIENTED_EDGE('',*,*,#2047,.F.);
#9142=ORIENTED_EDGE('',*,*,#2164,.F.);
#9143=ORIENTED_EDGE('',*,*,#2080,.F.);
#9144=ORIENTED_EDGE('',*,*,#7582,.F.);
#9145=EDGE_LOOP('',(#9141,#9142,#9143,#9144));
#9146=FACE_BOUND('',#9145,.T.);
#9147=ADVANCED_FACE('',(#9146),#9140,.T.);
#9148=CARTESIAN_POINT('',(243.5,-51.,2.5));
#9149=DIRECTION('',(0.,0.,1.));
#9150=DIRECTION('',(1.,0.,-0.));
#9151=AXIS2_PLACEMENT_3D('',#9148,#9149,#9150);
#9152=CYLINDRICAL_SURFACE('',#9151,0.5);
#9153=ORIENTED_EDGE('',*,*,#3444,.F.);
#9154=ORIENTED_EDGE('',*,*,#3541,.F.);
#9155=ORIENTED_EDGE('',*,*,#3320,.F.);
#9156=ORIENTED_EDGE('',*,*,#7623,.F.);
#9157=EDGE_LOOP('',(#9153,#9154,#9155,#9156));
#9158=FACE_BOUND('',#9157,.T.);
#9159=ADVANCED_FACE('',(#9158),#9152,.T.);
#9160=CARTESIAN_POINT('',(31.5,-70.1,2.5));
#9161=DIRECTION('',(0.,0.,1.));
#9162=DIRECTION('',(1.,0.,-0.));
#9163=AXIS2_PLACEMENT_3D('',#9160,#9161,#9162);
#9164=CYLINDRICAL_SURFACE('',#9163,0.5);
#9165=ORIENTED_EDGE('',*,*,#3774,.F.);
#9166=ORIENTED_EDGE('',*,*,#5307,.F.);
#9167=ORIENTED_EDGE('',*,*,#3628,.F.);
#9168=ORIENTED_EDGE('',*,*,#3690,.F.);
#9169=EDGE_LOOP('',(#9165,#9166,#9167,#9168));
#9170=FACE_BOUND('',#9169,.T.);
#9171=ADVANCED_FACE('',(#9170),#9164,.T.);
#9172=CLOSED_SHELL('',(#1130,#1165,#1200,#1476,#1516,#1556,#1630,#1661,#1692,#1741,#1774,#1807,#1931,#2057,#2115,#2153,#2175,#2206,#3084,#3142,#3164,#3222,#3244,#3266,#3297,#3354,
#3530,#3552,#3574,#3605,#3670,#3701,#3755,#3854,#3876,#3907,#4047,#4069,#4091,#4122,#4153,#4184,#4215,#4255,#4286,#4317,#4348,#4379,#4419,#4431,#4443,
#4455,#4467,#4479,#4491,#4503,#4515,#4534,#4553,#4572,#4591,#4638,#4693,#4724,#4764,#4812,#4830,#4848,#4870,#4882,#4894,#4916,#4947,#4965,#4983,#5007,
#5045,#5083,#5114,#5144,#5166,#5189,#5206,#5230,#5252,#5274,#5296,#5313,#5344,#5375,#5406,#5437,#5477,#5501,#5532,#5558,#5582,#5613,#5639,#5661,#5683,
#5705,#5727,#5739,#5751,#5763,#5775,#5794,#5816,#5832,#5849,#5866,#5883,#5900,#5917,#5934,#5951,#5967,#5984,#6001,#6018,#6030,#6061,#6092,#6123,#6154,
#6194,#6225,#6256,#6287,#6318,#6358,#6389,#6420,#6451,#6482,#6522,#6553,#6584,#6615,#6646,#6686,#6698,#6710,#6722,#6734,#6746,#6758,#6770,#6782,#6794,
#6806,#6818,#6830,#6842,#6854,#6866,#6878,#6897,#6916,#7008,#7030,#7052,#7069,#7091,#7113,#7135,#7157,#7183,#7214,#7245,#7264,#7286,#7298,#7323,#7347,
#7365,#7377,#7399,#7421,#7443,#7460,#7525,#7547,#7571,#7588,#7612,#7634,#7653,#7677,#7689,#7706,#7723,#7735,#7766,#7797,#7828,#7859,#7899,#7930,#7961,
#7992,#8023,#8063,#8094,#8125,#8156,#8187,#8227,#8258,#8289,#8320,#8351,#8391,#8403,#8415,#8427,#8439,#8451,#8463,#8475,#8487,#8499,#8511,#8523,#8535,
#8547,#8559,#8571,#8583,#8595,#8607,#8619,#8631,#8643,#8655,#8667,#8679,#8691,#8703,#8715,#8727,#8739,#8751,#8763,#8775,#8787,#8799,#8811,#8823,#8835,
#8847,#8859,#8871,#8883,#8895,#8907,#8919,#8931,#8943,#8955,#8967,#8979,#8991,#9003,#9015,#9027,#9039,#9051,#9063,#9075,#9087,#9099,#9111,#9123,#9135,
#9147,#9159,#9171));
#9173=MANIFOLD_SOLID_BREP('bottom*',#9172);
#9174=COLOUR_RGB('',0.466666669,0.796078444,0.80392158);
#9175=FILL_AREA_STYLE_COLOUR('',#9174);
#9176=FILL_AREA_STYLE('',(#9175));
#9177=SURFACE_STYLE_FILL_AREA(#9176);
#9178=SURFACE_SIDE_STYLE('',(#9177));
#9179=SURFACE_STYLE_USAGE(.BOTH.,#9178);
#9180=PRESENTATION_STYLE_ASSIGNMENT((#9179));
#54=STYLED_ITEM('',(#9180),#9173);
#35=SHAPE_REPRESENTATION('PH60Slim_Lower',(#15),#33);
#36=ADVANCED_BREP_SHAPE_REPRESENTATION('PH60Slim_Lower',(#9173),#33);
#9188=SHAPE_REPRESENTATION_RELATIONSHIP('','',#35,#36);
#9189=CARTESIAN_POINT('',(0.,0.,0.));
#9190=DIRECTION('',(0.,0.,1.));
#9191=DIRECTION('',(1.,0.,0.));
#9192=AXIS2_PLACEMENT_3D('',#9189,#9190,#9191);
#9194=MAPPED_ITEM('',#9193,#9192);
#9193=REPRESENTATION_MAP(#9192,#35);
#9195=APPLICATION_CONTEXT('Managed model based 3d engineering');
#9196=APPLICATION_PROTOCOL_DEFINITION('international standard','ap242_managed_model_based_3d_engineering',2014,#9195);
#9197=PRODUCT_CONTEXT('',#9195,'mechanical');
#9198=PRODUCT_DEFINITION_CONTEXT('part definition',#9195,'design');
#43=PRODUCT('PH60Slim_Lower','PH60Slim_Lower','',(#9197));
#9199=PRODUCT_RELATED_PRODUCT_CATEGORY('part','',(#43));
#9200=PRODUCT_DEFINITION_FORMATION_WITH_SPECIFIED_SOURCE('','',#43,.NOT_KNOWN.);
#44=PRODUCT_DEFINITION('design','',#9200,#9198);
#42=PRODUCT_DEFINITION_SHAPE('','',#44);
#9201=SHAPE_DEFINITION_REPRESENTATION(#42,#35);
#34=DRAUGHTING_MODEL('',(#9194),#33);
#16=SHAPE_REPRESENTATION('root',(#15,#48),#10);
#9202=CARTESIAN_POINT('',(0.,0.,0.));
#9203=DIRECTION('',(0.,0.,1.));
#9204=DIRECTION('',(1.,0.,0.));
#9205=AXIS2_PLACEMENT_3D('',#9202,#9203,#9204);
#9207=MAPPED_ITEM('',#9206,#9205);
#9206=REPRESENTATION_MAP(#9205,#16);
#24=PRODUCT('root','root','',(#9197));
#9208=PRODUCT_RELATED_PRODUCT_CATEGORY('part','',(#24));
#9209=PRODUCT_DEFINITION_FORMATION_WITH_SPECIFIED_SOURCE('','',#24,.NOT_KNOWN.);
#25=PRODUCT_DEFINITION('design','',#9209,#9198);
#23=PRODUCT_DEFINITION_SHAPE('','',#25);
#9210=SHAPE_DEFINITION_REPRESENTATION(#23,#16);
#11=DRAUGHTING_MODEL('',(#9207),#10);
#9211=DESCRIPTIVE_REPRESENTATION_ITEM('KEY','C:\\Users\\13271\\AppData\\Local\\Packages\\Shapr3D.Shapr3D_j403pzjkqtqbj\\TempState\\3dded309-a4cc-45a9-8d24-cad6d2ac6210.tmp');
#9212=PROPERTY_DEFINITION('KEY','',#25);
#9213=REPRESENTATION('',(#9211),#10);
#9214=PROPERTY_DEFINITION_REPRESENTATION(#9212,#9213);
#9215=GENERAL_PROPERTY('','KEY','');
#9216=GENERAL_PROPERTY_ASSOCIATION('','',#9215,#9212);
#1=MECHANICAL_DESIGN_GEOMETRIC_PRESENTATION_REPRESENTATION('',(#54),#10);
ENDSEC;
END-ISO-10303-21;
