[kbplacer_plugin_action.py:65]: Plugin version: 0.13
[kbplacer_plugin_action.py:66]: Python version: '3.11.5 (main, Jun 15 2025, 06:45:45) [MSC v.1942 64 bit (AMD64)]'
[kbplacer_plugin_action.py:67]: KiCad version: 9.0.4-rc1 with 4.2.2 msw (phoenix) wxWidgets 3.2.8
[kbplacer_dialog.py:586]: Language: en
[kbplacer_plugin_action.py:75]: GUI state: {"layout_path": "C:\\Users\\liuming\\Desktop\\github_project\\PH60\\PCB_Rev3\\ANSI\\ANSI.json", "key_distance": [19.05, 19.05], "key_info": {"annotation_format": "S{}", "position_option": "Default", "position": {"x": 0.0, "y": 0.0, "orientation": 180.0, "side": "Front"}, "template_path": ""}, "enable_diode_placement": true, "route_switches_with_diodes": true, "optimize_diodes_orientation": false, "diode_info": {"annotation_format": "D{}", "position_option": "Custom", "position": {"x": -8.0, "y": 1.3, "orientation": 90.0, "side": "Back"}, "template_path": ""}, "additional_elements": [{"annotation_format": "RGB{}", "position_option": "Custom", "position": {"x": 0.0, "y": 5.08, "orientation": 0.0, "side": "Back"}, "template_path": ""}, {"annotation_format": "RGBC{}", "position_option": "Custom", "position": {"x": 0.0, "y": 8.0, "orientation": 0.0, "side": "Back"}, "template_path": ""}], "route_rows_and_columns": true, "template_path": "", "generate_outline": false, "outline_delta": 0.0}
[key_placer.py:362]: Set key 1U distance: 19050000/19050000
[key_placer.py:117]: Unexpected switch net position detected, each switch should have two unique nets unambiguously defining position in key matrix, switch-by-matrix association can't be used
[key_placer.py:124]: Switches by nets: {}
[key_placer.py:128]: Diodes by switch: {'S1': ['D2'], 'S2': ['D3'], 'S3': ['D4'], 'S4': ['D5'], 'S5': ['D6'], 'S6': ['D7'], 'S7': ['D8'], 'S8': ['D9'], 'S9': ['D10'], 'S10': ['D11'], 'S11': ['D12'], 'S12': ['D13'], 'S13': ['D14'], 'S14': ['D15'], 'S15': ['D16'], 'S16': ['D17'], 'S17': ['D18'], 'S18': ['D19'], 'S19': ['D20'], 'S20': ['D21'], 'S21': ['D22'], 'S22': ['D23'], 'S23': ['D24'], 'S24': ['D25'], 'S25': ['D26'], 'S26': ['D27'], 'S27': ['D28'], 'S28': ['D29'], 'S29': ['D30'], 'S30': ['D31'], 'S31': ['D32'], 'S32': ['D33'], 'S33': ['D34'], 'S34': ['D35'], 'S35': ['D36'], 'S36': ['D37'], 'S37': ['D38'], 'S38': ['D39'], 'S39': ['D40'], 'S40': ['D41'], 'S41': ['D42'], 'S42': ['D43'], 'S43': ['D44'], 'S44': ['D45'], 'S45': ['D46'], 'S46': ['D47'], 'S47': ['D48'], 'S48': ['D49'], 'S49': ['D50'], 'S50': ['D51'], 'S51': ['D52'], 'S52': ['D53'], 'S53': ['D54'], 'S54': ['D55'], 'S55': ['D56'], 'S56': ['D57'], 'S57': ['D58'], 'S58': ['D59'], 'S59': ['D60'], 'S60': ['D61'], 'S61': ['D62']}
[kle_serial.py:897]: User layout: [['~\n`', '!\n1', '@\n2', '#\n3', '$\n4', '%\n5', '^\n6', '&\n7', '*\n8', '(\n9', ')\n0', '_\n-', '+\n=', {'w': 2}, 'Backspace'], [{'w': 1.5}, 'Tab', 'Q', 'W', 'E', 'R', 'T', 'Y', 'U', 'I', 'O', 'P', '{\n[', '}\n]', {'w': 1.5}, '|\n\\'], [{'w': 1.75}, 'Caps Lock', 'A', 'S', 'D', 'F', 'G', 'H', 'J', 'K', 'L', ':\n;', '"\n\'', {'w': 2.25}, 'Enter'], [{'w': 2.25}, 'Shift', 'Z', 'X', 'C', 'V', 'B', 'N', 'M', '<\n,', '>\n.', '?\n/', {'w': 2.75}, 'Shift'], [{'w': 1.25}, 'Ctrl', {'w': 1.25}, 'Win', {'w': 1.25}, 'Alt', {'a': 7, 'w': 6.25}, '', {'a': 4, 'w': 1.25}, 'Alt', {'w': 1.25}, 'Win', {'w': 1.25}, 'Menu', {'w': 1.25}, 'Ctrl']]
[key_placer.py:662]: Layout offset: (28575000, 28575000)
[board_modifier.py:85]: Setting S1 footprint position: (38100000, 38100000)
[board_modifier.py:85]: Setting S2 footprint position: (57150000, 38100000)
[board_modifier.py:85]: Setting S3 footprint position: (76200000, 38100000)
[board_modifier.py:85]: Setting S4 footprint position: (95250000, 38100000)
[board_modifier.py:85]: Setting S5 footprint position: (114300000, 38100000)
[board_modifier.py:85]: Setting S6 footprint position: (133350000, 38100000)
[board_modifier.py:85]: Setting S7 footprint position: (152400000, 38100000)
[board_modifier.py:85]: Setting S8 footprint position: (171450000, 38100000)
[board_modifier.py:85]: Setting S9 footprint position: (190500000, 38100000)
[board_modifier.py:85]: Setting S10 footprint position: (209550000, 38100000)
[board_modifier.py:85]: Setting S11 footprint position: (228600000, 38100000)
[board_modifier.py:85]: Setting S12 footprint position: (247650000, 38100000)
[board_modifier.py:85]: Setting S13 footprint position: (266700000, 38100000)
[board_modifier.py:85]: Setting S14 footprint position: (295275000, 38100000)
[board_modifier.py:85]: Setting S15 footprint position: (42862500, 57150000)
[board_modifier.py:85]: Setting S16 footprint position: (66675000, 57150000)
[board_modifier.py:85]: Setting S17 footprint position: (85725000, 57150000)
[board_modifier.py:85]: Setting S18 footprint position: (104775000, 57150000)
[board_modifier.py:85]: Setting S19 footprint position: (123825000, 57150000)
[board_modifier.py:85]: Setting S20 footprint position: (142875000, 57150000)
[board_modifier.py:85]: Setting S21 footprint position: (161925000, 57150000)
[board_modifier.py:85]: Setting S22 footprint position: (180975000, 57150000)
[board_modifier.py:85]: Setting S23 footprint position: (200025000, 57150000)
[board_modifier.py:85]: Setting S24 footprint position: (219075000, 57150000)
[board_modifier.py:85]: Setting S25 footprint position: (238125000, 57150000)
[board_modifier.py:85]: Setting S26 footprint position: (257175000, 57150000)
[board_modifier.py:85]: Setting S27 footprint position: (276225000, 57150000)
[board_modifier.py:85]: Setting S28 footprint position: (300037500, 57150000)
[board_modifier.py:85]: Setting S29 footprint position: (45243750, 76200000)
[board_modifier.py:85]: Setting S30 footprint position: (71437500, 76200000)
[board_modifier.py:85]: Setting S31 footprint position: (90487500, 76200000)
[board_modifier.py:85]: Setting S32 footprint position: (109537500, 76200000)
[board_modifier.py:85]: Setting S33 footprint position: (128587500, 76200000)
[board_modifier.py:85]: Setting S34 footprint position: (147637500, 76200000)
[board_modifier.py:85]: Setting S35 footprint position: (166687500, 76200000)
[board_modifier.py:85]: Setting S36 footprint position: (185737500, 76200000)
[board_modifier.py:85]: Setting S37 footprint position: (204787500, 76200000)
[board_modifier.py:85]: Setting S38 footprint position: (223837500, 76200000)
[board_modifier.py:85]: Setting S39 footprint position: (242887500, 76200000)
[board_modifier.py:85]: Setting S40 footprint position: (261937500, 76200000)
[board_modifier.py:85]: Setting S41 footprint position: (292893750, 76200000)
[board_modifier.py:85]: Setting S42 footprint position: (50006250, 95250000)
[board_modifier.py:85]: Setting S43 footprint position: (80962500, 95250000)
[board_modifier.py:85]: Setting S44 footprint position: (100012500, 95250000)
[board_modifier.py:85]: Setting S45 footprint position: (119062500, 95250000)
[board_modifier.py:85]: Setting S46 footprint position: (138112500, 95250000)
[board_modifier.py:85]: Setting S47 footprint position: (157162500, 95250000)
[board_modifier.py:85]: Setting S48 footprint position: (176212500, 95250000)
[board_modifier.py:85]: Setting S49 footprint position: (195262500, 95250000)
[board_modifier.py:85]: Setting S50 footprint position: (214312500, 95250000)
[board_modifier.py:85]: Setting S51 footprint position: (233362500, 95250000)
[board_modifier.py:85]: Setting S52 footprint position: (252412500, 95250000)
[board_modifier.py:85]: Setting S53 footprint position: (288131250, 95250000)
[board_modifier.py:85]: Setting S54 footprint position: (40481250, 114300000)
[board_modifier.py:85]: Setting S55 footprint position: (64293750, 114300000)
[board_modifier.py:85]: Setting S56 footprint position: (88106250, 114300000)
[board_modifier.py:85]: Setting S57 footprint position: (159543750, 114300000)
[board_modifier.py:85]: Setting S58 footprint position: (230981250, 114300000)
[board_modifier.py:85]: Setting S59 footprint position: (254793750, 114300000)
[board_modifier.py:85]: Setting S60 footprint position: (278606250, 114300000)
[board_modifier.py:85]: Setting S61 footprint position: (302418750, 114300000)
[key_placer.py:999]: Diode info: [ElementInfo(annotation_format='D{}', position_option=<PositionOption.CUSTOM: 'Custom'>, position=ElementPosition(x=-8.0, y=1.3, orientation=90.0, side=<Side.BACK: 'Back'>), template_path='')]
[board_modifier.py:98]: Getting S1 footprint position: (38100000, 38100000)
[board_modifier.py:85]: Setting D2 footprint position: (46100000, 36800001)
[board_modifier.py:98]: Getting D2 footprint position: (46100000, 36800001)
[board_modifier.py:98]: Getting S2 footprint position: (57150000, 38100000)
[board_modifier.py:85]: Setting D3 footprint position: (65150000, 36800001)
[board_modifier.py:98]: Getting D3 footprint position: (65150000, 36800001)
[board_modifier.py:98]: Getting S3 footprint position: (76200000, 38100000)
[board_modifier.py:85]: Setting D4 footprint position: (84200000, 36800001)
[board_modifier.py:98]: Getting D4 footprint position: (84200000, 36800001)
[board_modifier.py:98]: Getting S4 footprint position: (95250000, 38100000)
[board_modifier.py:85]: Setting D5 footprint position: (103250000, 36800001)
[board_modifier.py:98]: Getting D5 footprint position: (103250000, 36800001)
[board_modifier.py:98]: Getting S5 footprint position: (114300000, 38100000)
[board_modifier.py:85]: Setting D6 footprint position: (122300000, 36800001)
[board_modifier.py:98]: Getting D6 footprint position: (122300000, 36800001)
[board_modifier.py:98]: Getting S6 footprint position: (133350000, 38100000)
[board_modifier.py:85]: Setting D7 footprint position: (141350000, 36800001)
[board_modifier.py:98]: Getting D7 footprint position: (141350000, 36800001)
[board_modifier.py:98]: Getting S7 footprint position: (152400000, 38100000)
[board_modifier.py:85]: Setting D8 footprint position: (160400000, 36800001)
[board_modifier.py:98]: Getting D8 footprint position: (160400000, 36800001)
[board_modifier.py:98]: Getting S8 footprint position: (171450000, 38100000)
[board_modifier.py:85]: Setting D9 footprint position: (179450000, 36800001)
[board_modifier.py:98]: Getting D9 footprint position: (179450000, 36800001)
[board_modifier.py:98]: Getting S9 footprint position: (190500000, 38100000)
[board_modifier.py:85]: Setting D10 footprint position: (198500000, 36800001)
[board_modifier.py:98]: Getting D10 footprint position: (198500000, 36800001)
[board_modifier.py:98]: Getting S10 footprint position: (209550000, 38100000)
[board_modifier.py:85]: Setting D11 footprint position: (217550000, 36800001)
[board_modifier.py:98]: Getting D11 footprint position: (217550000, 36800001)
[board_modifier.py:98]: Getting S11 footprint position: (228600000, 38100000)
[board_modifier.py:85]: Setting D12 footprint position: (236600000, 36800001)
[board_modifier.py:98]: Getting D12 footprint position: (236600000, 36800001)
[board_modifier.py:98]: Getting S12 footprint position: (247650000, 38100000)
[board_modifier.py:85]: Setting D13 footprint position: (255650000, 36800001)
[board_modifier.py:98]: Getting D13 footprint position: (255650000, 36800001)
[board_modifier.py:98]: Getting S13 footprint position: (266700000, 38100000)
[board_modifier.py:85]: Setting D14 footprint position: (274700000, 36800001)
[board_modifier.py:98]: Getting D14 footprint position: (274700000, 36800001)
[board_modifier.py:98]: Getting S14 footprint position: (295275000, 38100000)
[board_modifier.py:85]: Setting D15 footprint position: (303275000, 36800001)
[board_modifier.py:98]: Getting D15 footprint position: (303275000, 36800001)
[board_modifier.py:98]: Getting S15 footprint position: (42862500, 57150000)
[board_modifier.py:85]: Setting D16 footprint position: (50862500, 55850001)
[board_modifier.py:98]: Getting D16 footprint position: (50862500, 55850001)
[board_modifier.py:98]: Getting S16 footprint position: (66675000, 57150000)
[board_modifier.py:85]: Setting D17 footprint position: (74675000, 55850001)
[board_modifier.py:98]: Getting D17 footprint position: (74675000, 55850001)
[board_modifier.py:98]: Getting S17 footprint position: (85725000, 57150000)
[board_modifier.py:85]: Setting D18 footprint position: (93725000, 55850001)
[board_modifier.py:98]: Getting D18 footprint position: (93725000, 55850001)
[board_modifier.py:98]: Getting S18 footprint position: (104775000, 57150000)
[board_modifier.py:85]: Setting D19 footprint position: (112775000, 55850001)
[board_modifier.py:98]: Getting D19 footprint position: (112775000, 55850001)
[board_modifier.py:98]: Getting S19 footprint position: (123825000, 57150000)
[board_modifier.py:85]: Setting D20 footprint position: (131825000, 55850001)
[board_modifier.py:98]: Getting D20 footprint position: (131825000, 55850001)
[board_modifier.py:98]: Getting S20 footprint position: (142875000, 57150000)
[board_modifier.py:85]: Setting D21 footprint position: (150875000, 55850001)
[board_modifier.py:98]: Getting D21 footprint position: (150875000, 55850001)
[board_modifier.py:98]: Getting S21 footprint position: (161925000, 57150000)
[board_modifier.py:85]: Setting D22 footprint position: (169925000, 55850001)
[board_modifier.py:98]: Getting D22 footprint position: (169925000, 55850001)
[board_modifier.py:98]: Getting S22 footprint position: (180975000, 57150000)
[board_modifier.py:85]: Setting D23 footprint position: (188975000, 55850001)
[board_modifier.py:98]: Getting D23 footprint position: (188975000, 55850001)
[board_modifier.py:98]: Getting S23 footprint position: (200025000, 57150000)
[board_modifier.py:85]: Setting D24 footprint position: (208025000, 55850001)
[board_modifier.py:98]: Getting D24 footprint position: (208025000, 55850001)
[board_modifier.py:98]: Getting S24 footprint position: (219075000, 57150000)
[board_modifier.py:85]: Setting D25 footprint position: (227075000, 55850001)
[board_modifier.py:98]: Getting D25 footprint position: (227075000, 55850001)
[board_modifier.py:98]: Getting S25 footprint position: (238125000, 57150000)
[board_modifier.py:85]: Setting D26 footprint position: (246125000, 55850001)
[board_modifier.py:98]: Getting D26 footprint position: (246125000, 55850001)
[board_modifier.py:98]: Getting S26 footprint position: (257175000, 57150000)
[board_modifier.py:85]: Setting D27 footprint position: (265175000, 55850001)
[board_modifier.py:98]: Getting D27 footprint position: (265175000, 55850001)
[board_modifier.py:98]: Getting S27 footprint position: (276225000, 57150000)
[board_modifier.py:85]: Setting D28 footprint position: (284225000, 55850001)
[board_modifier.py:98]: Getting D28 footprint position: (284225000, 55850001)
[board_modifier.py:98]: Getting S28 footprint position: (300037500, 57150000)
[board_modifier.py:85]: Setting D29 footprint position: (308037500, 55850001)
[board_modifier.py:98]: Getting D29 footprint position: (308037500, 55850001)
[board_modifier.py:98]: Getting S29 footprint position: (45243750, 76200000)
[board_modifier.py:85]: Setting D30 footprint position: (53243750, 74900001)
[board_modifier.py:98]: Getting D30 footprint position: (53243750, 74900001)
[board_modifier.py:98]: Getting S30 footprint position: (71437500, 76200000)
[board_modifier.py:85]: Setting D31 footprint position: (79437500, 74900001)
[board_modifier.py:98]: Getting D31 footprint position: (79437500, 74900001)
[board_modifier.py:98]: Getting S31 footprint position: (90487500, 76200000)
[board_modifier.py:85]: Setting D32 footprint position: (98487500, 74900001)
[board_modifier.py:98]: Getting D32 footprint position: (98487500, 74900001)
[board_modifier.py:98]: Getting S32 footprint position: (109537500, 76200000)
[board_modifier.py:85]: Setting D33 footprint position: (117537500, 74900001)
[board_modifier.py:98]: Getting D33 footprint position: (117537500, 74900001)
[board_modifier.py:98]: Getting S33 footprint position: (128587500, 76200000)
[board_modifier.py:85]: Setting D34 footprint position: (136587500, 74900001)
[board_modifier.py:98]: Getting D34 footprint position: (136587500, 74900001)
[board_modifier.py:98]: Getting S34 footprint position: (147637500, 76200000)
[board_modifier.py:85]: Setting D35 footprint position: (155637500, 74900001)
[board_modifier.py:98]: Getting D35 footprint position: (155637500, 74900001)
[board_modifier.py:98]: Getting S35 footprint position: (166687500, 76200000)
[board_modifier.py:85]: Setting D36 footprint position: (174687500, 74900001)
[board_modifier.py:98]: Getting D36 footprint position: (174687500, 74900001)
[board_modifier.py:98]: Getting S36 footprint position: (185737500, 76200000)
[board_modifier.py:85]: Setting D37 footprint position: (193737500, 74900001)
[board_modifier.py:98]: Getting D37 footprint position: (193737500, 74900001)
[board_modifier.py:98]: Getting S37 footprint position: (204787500, 76200000)
[board_modifier.py:85]: Setting D38 footprint position: (212787500, 74900001)
[board_modifier.py:98]: Getting D38 footprint position: (212787500, 74900001)
[board_modifier.py:98]: Getting S38 footprint position: (223837500, 76200000)
[board_modifier.py:85]: Setting D39 footprint position: (231837500, 74900001)
[board_modifier.py:98]: Getting D39 footprint position: (231837500, 74900001)
[board_modifier.py:98]: Getting S39 footprint position: (242887500, 76200000)
[board_modifier.py:85]: Setting D40 footprint position: (250887500, 74900001)
[board_modifier.py:98]: Getting D40 footprint position: (250887500, 74900001)
[board_modifier.py:98]: Getting S40 footprint position: (261937500, 76200000)
[board_modifier.py:85]: Setting D41 footprint position: (269937500, 74900001)
[board_modifier.py:98]: Getting D41 footprint position: (269937500, 74900001)
[board_modifier.py:98]: Getting S41 footprint position: (292893750, 76200000)
[board_modifier.py:85]: Setting D42 footprint position: (300893750, 74900001)
[board_modifier.py:98]: Getting D42 footprint position: (300893750, 74900001)
[board_modifier.py:98]: Getting S42 footprint position: (50006250, 95250000)
[board_modifier.py:85]: Setting D43 footprint position: (58006250, 93950001)
[board_modifier.py:98]: Getting D43 footprint position: (58006250, 93950001)
[board_modifier.py:98]: Getting S43 footprint position: (80962500, 95250000)
[board_modifier.py:85]: Setting D44 footprint position: (88962500, 93950001)
[board_modifier.py:98]: Getting D44 footprint position: (88962500, 93950001)
[board_modifier.py:98]: Getting S44 footprint position: (100012500, 95250000)
[board_modifier.py:85]: Setting D45 footprint position: (108012500, 93950001)
[board_modifier.py:98]: Getting D45 footprint position: (108012500, 93950001)
[board_modifier.py:98]: Getting S45 footprint position: (119062500, 95250000)
[board_modifier.py:85]: Setting D46 footprint position: (127062500, 93950001)
[board_modifier.py:98]: Getting D46 footprint position: (127062500, 93950001)
[board_modifier.py:98]: Getting S46 footprint position: (138112500, 95250000)
[board_modifier.py:85]: Setting D47 footprint position: (146112500, 93950001)
[board_modifier.py:98]: Getting D47 footprint position: (146112500, 93950001)
[board_modifier.py:98]: Getting S47 footprint position: (157162500, 95250000)
[board_modifier.py:85]: Setting D48 footprint position: (165162500, 93950001)
[board_modifier.py:98]: Getting D48 footprint position: (165162500, 93950001)
[board_modifier.py:98]: Getting S48 footprint position: (176212500, 95250000)
[board_modifier.py:85]: Setting D49 footprint position: (184212500, 93950001)
[board_modifier.py:98]: Getting D49 footprint position: (184212500, 93950001)
[board_modifier.py:98]: Getting S49 footprint position: (195262500, 95250000)
[board_modifier.py:85]: Setting D50 footprint position: (203262500, 93950001)
[board_modifier.py:98]: Getting D50 footprint position: (203262500, 93950001)
[board_modifier.py:98]: Getting S50 footprint position: (214312500, 95250000)
[board_modifier.py:85]: Setting D51 footprint position: (222312500, 93950001)
[board_modifier.py:98]: Getting D51 footprint position: (222312500, 93950001)
[board_modifier.py:98]: Getting S51 footprint position: (233362500, 95250000)
[board_modifier.py:85]: Setting D52 footprint position: (241362500, 93950001)
[board_modifier.py:98]: Getting D52 footprint position: (241362500, 93950001)
[board_modifier.py:98]: Getting S52 footprint position: (252412500, 95250000)
[board_modifier.py:85]: Setting D53 footprint position: (260412500, 93950001)
[board_modifier.py:98]: Getting D53 footprint position: (260412500, 93950001)
[board_modifier.py:98]: Getting S53 footprint position: (288131250, 95250000)
[board_modifier.py:85]: Setting D54 footprint position: (296131250, 93950001)
[board_modifier.py:98]: Getting D54 footprint position: (296131250, 93950001)
[board_modifier.py:98]: Getting S54 footprint position: (40481250, 114300000)
[board_modifier.py:85]: Setting D55 footprint position: (48481250, 113000001)
[board_modifier.py:98]: Getting D55 footprint position: (48481250, 113000001)
[board_modifier.py:98]: Getting S55 footprint position: (64293750, 114300000)
[board_modifier.py:85]: Setting D56 footprint position: (72293750, 113000001)
[board_modifier.py:98]: Getting D56 footprint position: (72293750, 113000001)
[board_modifier.py:98]: Getting S56 footprint position: (88106250, 114300000)
[board_modifier.py:85]: Setting D57 footprint position: (96106250, 113000001)
[board_modifier.py:98]: Getting D57 footprint position: (96106250, 113000001)
[board_modifier.py:98]: Getting S57 footprint position: (159543750, 114300000)
[board_modifier.py:85]: Setting D58 footprint position: (167543750, 113000001)
[board_modifier.py:98]: Getting D58 footprint position: (167543750, 113000001)
[board_modifier.py:98]: Getting S58 footprint position: (230981250, 114300000)
[board_modifier.py:85]: Setting D59 footprint position: (238981250, 113000001)
[board_modifier.py:98]: Getting D59 footprint position: (238981250, 113000001)
[board_modifier.py:98]: Getting S59 footprint position: (254793750, 114300000)
[board_modifier.py:85]: Setting D60 footprint position: (262793750, 113000001)
[board_modifier.py:98]: Getting D60 footprint position: (262793750, 113000001)
[board_modifier.py:98]: Getting S60 footprint position: (278606250, 114300000)
[board_modifier.py:85]: Setting D61 footprint position: (286606250, 113000001)
[board_modifier.py:98]: Getting D61 footprint position: (286606250, 113000001)
[board_modifier.py:98]: Getting S61 footprint position: (302418750, 114300000)
[board_modifier.py:85]: Setting D62 footprint position: (310418750, 113000001)
[board_modifier.py:98]: Getting D62 footprint position: (310418750, 113000001)
[board_modifier.py:98]: Getting ST0 footprint position: (295275000, 38100000)
[board_modifier.py:98]: Getting ST1 footprint position: (292893800, 76200000)
[board_modifier.py:98]: Getting ST2 footprint position: (288131300, 95250000)
[board_modifier.py:98]: Getting ST3 footprint position: (50006250, 95250000)
[board_modifier.py:98]: Getting ST4 footprint position: (159543750, 114300000)
[board_modifier.py:98]: Getting SW1 footprint position: (30658000, 33356000)
[key_placer.py:775]: Placing additional elements for SW1
[board_modifier.py:98]: Getting SW1 footprint position: (30658000, 33356000)
[board_modifier.py:75]: Searching for optional RGBW1 footprint in C:\Users\liuming\Desktop\github_project\PH60\PCB_Rev3\ANSI\PH60_Rev3.kicad_pcb
[board_modifier.py:80]: Footprint not found
[board_modifier.py:75]: Searching for optional RGBCW1 footprint in C:\Users\liuming\Desktop\github_project\PH60\PCB_Rev3\ANSI\PH60_Rev3.kicad_pcb
[board_modifier.py:80]: Footprint not found
[key_placer.py:775]: Placing additional elements for S1
[board_modifier.py:98]: Getting S1 footprint position: (38100000, 38100000)
[board_modifier.py:75]: Searching for optional RGB1 footprint in C:\Users\liuming\Desktop\github_project\PH60\PCB_Rev3\ANSI\PH60_Rev3.kicad_pcb
[board_modifier.py:85]: Setting RGB1 footprint position: (38100000, 33020000)
[board_modifier.py:98]: Getting RGB1 footprint position: (38100000, 33020000)
[board_modifier.py:75]: Searching for optional RGBC1 footprint in C:\Users\liuming\Desktop\github_project\PH60\PCB_Rev3\ANSI\PH60_Rev3.kicad_pcb
[board_modifier.py:80]: Footprint not found
[key_placer.py:775]: Placing additional elements for S2
[board_modifier.py:98]: Getting S2 footprint position: (57150000, 38100000)
[board_modifier.py:75]: Searching for optional RGB2 footprint in C:\Users\liuming\Desktop\github_project\PH60\PCB_Rev3\ANSI\PH60_Rev3.kicad_pcb
[board_modifier.py:85]: Setting RGB2 footprint position: (57150000, 33020000)
[board_modifier.py:98]: Getting RGB2 footprint position: (57150000, 33020000)
[board_modifier.py:75]: Searching for optional RGBC2 footprint in C:\Users\liuming\Desktop\github_project\PH60\PCB_Rev3\ANSI\PH60_Rev3.kicad_pcb
[board_modifier.py:80]: Footprint not found
[key_placer.py:775]: Placing additional elements for S3
[board_modifier.py:98]: Getting S3 footprint position: (76200000, 38100000)
[board_modifier.py:75]: Searching for optional RGB3 footprint in C:\Users\liuming\Desktop\github_project\PH60\PCB_Rev3\ANSI\PH60_Rev3.kicad_pcb
[board_modifier.py:85]: Setting RGB3 footprint position: (76200000, 33020000)
[board_modifier.py:98]: Getting RGB3 footprint position: (76200000, 33020000)
[board_modifier.py:75]: Searching for optional RGBC3 footprint in C:\Users\liuming\Desktop\github_project\PH60\PCB_Rev3\ANSI\PH60_Rev3.kicad_pcb
[board_modifier.py:80]: Footprint not found
[key_placer.py:775]: Placing additional elements for S4
[board_modifier.py:98]: Getting S4 footprint position: (95250000, 38100000)
[board_modifier.py:75]: Searching for optional RGB4 footprint in C:\Users\liuming\Desktop\github_project\PH60\PCB_Rev3\ANSI\PH60_Rev3.kicad_pcb
[board_modifier.py:85]: Setting RGB4 footprint position: (95250000, 33020000)
[board_modifier.py:98]: Getting RGB4 footprint position: (95250000, 33020000)
[board_modifier.py:75]: Searching for optional RGBC4 footprint in C:\Users\liuming\Desktop\github_project\PH60\PCB_Rev3\ANSI\PH60_Rev3.kicad_pcb
[board_modifier.py:80]: Footprint not found
[key_placer.py:775]: Placing additional elements for S5
[board_modifier.py:98]: Getting S5 footprint position: (114300000, 38100000)
[board_modifier.py:75]: Searching for optional RGB5 footprint in C:\Users\liuming\Desktop\github_project\PH60\PCB_Rev3\ANSI\PH60_Rev3.kicad_pcb
[board_modifier.py:85]: Setting RGB5 footprint position: (114300000, 33020000)
[board_modifier.py:98]: Getting RGB5 footprint position: (114300000, 33020000)
[board_modifier.py:75]: Searching for optional RGBC5 footprint in C:\Users\liuming\Desktop\github_project\PH60\PCB_Rev3\ANSI\PH60_Rev3.kicad_pcb
[board_modifier.py:80]: Footprint not found
[key_placer.py:775]: Placing additional elements for S6
[board_modifier.py:98]: Getting S6 footprint position: (133350000, 38100000)
[board_modifier.py:75]: Searching for optional RGB6 footprint in C:\Users\liuming\Desktop\github_project\PH60\PCB_Rev3\ANSI\PH60_Rev3.kicad_pcb
[board_modifier.py:85]: Setting RGB6 footprint position: (133350000, 33020000)
[board_modifier.py:98]: Getting RGB6 footprint position: (133350000, 33020000)
[board_modifier.py:75]: Searching for optional RGBC6 footprint in C:\Users\liuming\Desktop\github_project\PH60\PCB_Rev3\ANSI\PH60_Rev3.kicad_pcb
[board_modifier.py:80]: Footprint not found
[key_placer.py:775]: Placing additional elements for S7
[board_modifier.py:98]: Getting S7 footprint position: (152400000, 38100000)
[board_modifier.py:75]: Searching for optional RGB7 footprint in C:\Users\liuming\Desktop\github_project\PH60\PCB_Rev3\ANSI\PH60_Rev3.kicad_pcb
[board_modifier.py:85]: Setting RGB7 footprint position: (152400000, 33020000)
[board_modifier.py:98]: Getting RGB7 footprint position: (152400000, 33020000)
[board_modifier.py:75]: Searching for optional RGBC7 footprint in C:\Users\liuming\Desktop\github_project\PH60\PCB_Rev3\ANSI\PH60_Rev3.kicad_pcb
[board_modifier.py:80]: Footprint not found
[key_placer.py:775]: Placing additional elements for S8
[board_modifier.py:98]: Getting S8 footprint position: (171450000, 38100000)
[board_modifier.py:75]: Searching for optional RGB8 footprint in C:\Users\liuming\Desktop\github_project\PH60\PCB_Rev3\ANSI\PH60_Rev3.kicad_pcb
[board_modifier.py:85]: Setting RGB8 footprint position: (171450000, 33020000)
[board_modifier.py:98]: Getting RGB8 footprint position: (171450000, 33020000)
[board_modifier.py:75]: Searching for optional RGBC8 footprint in C:\Users\liuming\Desktop\github_project\PH60\PCB_Rev3\ANSI\PH60_Rev3.kicad_pcb
[board_modifier.py:80]: Footprint not found
[key_placer.py:775]: Placing additional elements for S9
[board_modifier.py:98]: Getting S9 footprint position: (190500000, 38100000)
[board_modifier.py:75]: Searching for optional RGB9 footprint in C:\Users\liuming\Desktop\github_project\PH60\PCB_Rev3\ANSI\PH60_Rev3.kicad_pcb
[board_modifier.py:85]: Setting RGB9 footprint position: (190500000, 33020000)
[board_modifier.py:98]: Getting RGB9 footprint position: (190500000, 33020000)
[board_modifier.py:75]: Searching for optional RGBC9 footprint in C:\Users\liuming\Desktop\github_project\PH60\PCB_Rev3\ANSI\PH60_Rev3.kicad_pcb
[board_modifier.py:80]: Footprint not found
[key_placer.py:775]: Placing additional elements for S10
[board_modifier.py:98]: Getting S10 footprint position: (209550000, 38100000)
[board_modifier.py:75]: Searching for optional RGB10 footprint in C:\Users\liuming\Desktop\github_project\PH60\PCB_Rev3\ANSI\PH60_Rev3.kicad_pcb
[board_modifier.py:85]: Setting RGB10 footprint position: (209550000, 33020000)
[board_modifier.py:98]: Getting RGB10 footprint position: (209550000, 33020000)
[board_modifier.py:75]: Searching for optional RGBC10 footprint in C:\Users\liuming\Desktop\github_project\PH60\PCB_Rev3\ANSI\PH60_Rev3.kicad_pcb
[board_modifier.py:80]: Footprint not found
[key_placer.py:775]: Placing additional elements for S11
[board_modifier.py:98]: Getting S11 footprint position: (228600000, 38100000)
[board_modifier.py:75]: Searching for optional RGB11 footprint in C:\Users\liuming\Desktop\github_project\PH60\PCB_Rev3\ANSI\PH60_Rev3.kicad_pcb
[board_modifier.py:85]: Setting RGB11 footprint position: (228600000, 33020000)
[board_modifier.py:98]: Getting RGB11 footprint position: (228600000, 33020000)
[board_modifier.py:75]: Searching for optional RGBC11 footprint in C:\Users\liuming\Desktop\github_project\PH60\PCB_Rev3\ANSI\PH60_Rev3.kicad_pcb
[board_modifier.py:80]: Footprint not found
[key_placer.py:775]: Placing additional elements for S12
[board_modifier.py:98]: Getting S12 footprint position: (247650000, 38100000)
[board_modifier.py:75]: Searching for optional RGB12 footprint in C:\Users\liuming\Desktop\github_project\PH60\PCB_Rev3\ANSI\PH60_Rev3.kicad_pcb
[board_modifier.py:85]: Setting RGB12 footprint position: (247650000, 33020000)
[board_modifier.py:98]: Getting RGB12 footprint position: (247650000, 33020000)
[board_modifier.py:75]: Searching for optional RGBC12 footprint in C:\Users\liuming\Desktop\github_project\PH60\PCB_Rev3\ANSI\PH60_Rev3.kicad_pcb
[board_modifier.py:80]: Footprint not found
[key_placer.py:775]: Placing additional elements for S13
[board_modifier.py:98]: Getting S13 footprint position: (266700000, 38100000)
[board_modifier.py:75]: Searching for optional RGB13 footprint in C:\Users\liuming\Desktop\github_project\PH60\PCB_Rev3\ANSI\PH60_Rev3.kicad_pcb
[board_modifier.py:85]: Setting RGB13 footprint position: (266700000, 33020000)
[board_modifier.py:98]: Getting RGB13 footprint position: (266700000, 33020000)
[board_modifier.py:75]: Searching for optional RGBC13 footprint in C:\Users\liuming\Desktop\github_project\PH60\PCB_Rev3\ANSI\PH60_Rev3.kicad_pcb
[board_modifier.py:80]: Footprint not found
[key_placer.py:775]: Placing additional elements for S14
[board_modifier.py:98]: Getting S14 footprint position: (295275000, 38100000)
[board_modifier.py:75]: Searching for optional RGB14 footprint in C:\Users\liuming\Desktop\github_project\PH60\PCB_Rev3\ANSI\PH60_Rev3.kicad_pcb
[board_modifier.py:85]: Setting RGB14 footprint position: (295275000, 33020000)
[board_modifier.py:98]: Getting RGB14 footprint position: (295275000, 33020000)
[board_modifier.py:75]: Searching for optional RGBC14 footprint in C:\Users\liuming\Desktop\github_project\PH60\PCB_Rev3\ANSI\PH60_Rev3.kicad_pcb
[board_modifier.py:80]: Footprint not found
[key_placer.py:775]: Placing additional elements for S15
[board_modifier.py:98]: Getting S15 footprint position: (42862500, 57150000)
[board_modifier.py:75]: Searching for optional RGB15 footprint in C:\Users\liuming\Desktop\github_project\PH60\PCB_Rev3\ANSI\PH60_Rev3.kicad_pcb
[board_modifier.py:85]: Setting RGB15 footprint position: (42862500, 52070000)
[board_modifier.py:98]: Getting RGB15 footprint position: (42862500, 52070000)
[board_modifier.py:75]: Searching for optional RGBC15 footprint in C:\Users\liuming\Desktop\github_project\PH60\PCB_Rev3\ANSI\PH60_Rev3.kicad_pcb
[board_modifier.py:80]: Footprint not found
[key_placer.py:775]: Placing additional elements for S16
[board_modifier.py:98]: Getting S16 footprint position: (66675000, 57150000)
[board_modifier.py:75]: Searching for optional RGB16 footprint in C:\Users\liuming\Desktop\github_project\PH60\PCB_Rev3\ANSI\PH60_Rev3.kicad_pcb
[board_modifier.py:85]: Setting RGB16 footprint position: (66675000, 52070000)
[board_modifier.py:98]: Getting RGB16 footprint position: (66675000, 52070000)
[board_modifier.py:75]: Searching for optional RGBC16 footprint in C:\Users\liuming\Desktop\github_project\PH60\PCB_Rev3\ANSI\PH60_Rev3.kicad_pcb
[board_modifier.py:80]: Footprint not found
[key_placer.py:775]: Placing additional elements for S17
[board_modifier.py:98]: Getting S17 footprint position: (85725000, 57150000)
[board_modifier.py:75]: Searching for optional RGB17 footprint in C:\Users\liuming\Desktop\github_project\PH60\PCB_Rev3\ANSI\PH60_Rev3.kicad_pcb
[board_modifier.py:85]: Setting RGB17 footprint position: (85725000, 52070000)
[board_modifier.py:98]: Getting RGB17 footprint position: (85725000, 52070000)
[board_modifier.py:75]: Searching for optional RGBC17 footprint in C:\Users\liuming\Desktop\github_project\PH60\PCB_Rev3\ANSI\PH60_Rev3.kicad_pcb
[board_modifier.py:80]: Footprint not found
[key_placer.py:775]: Placing additional elements for S18
[board_modifier.py:98]: Getting S18 footprint position: (104775000, 57150000)
[board_modifier.py:75]: Searching for optional RGB18 footprint in C:\Users\liuming\Desktop\github_project\PH60\PCB_Rev3\ANSI\PH60_Rev3.kicad_pcb
[board_modifier.py:85]: Setting RGB18 footprint position: (104775000, 52070000)
[board_modifier.py:98]: Getting RGB18 footprint position: (104775000, 52070000)
[board_modifier.py:75]: Searching for optional RGBC18 footprint in C:\Users\liuming\Desktop\github_project\PH60\PCB_Rev3\ANSI\PH60_Rev3.kicad_pcb
[board_modifier.py:80]: Footprint not found
[key_placer.py:775]: Placing additional elements for S19
[board_modifier.py:98]: Getting S19 footprint position: (123825000, 57150000)
[board_modifier.py:75]: Searching for optional RGB19 footprint in C:\Users\liuming\Desktop\github_project\PH60\PCB_Rev3\ANSI\PH60_Rev3.kicad_pcb
[board_modifier.py:85]: Setting RGB19 footprint position: (123825000, 52070000)
[board_modifier.py:98]: Getting RGB19 footprint position: (123825000, 52070000)
[board_modifier.py:75]: Searching for optional RGBC19 footprint in C:\Users\liuming\Desktop\github_project\PH60\PCB_Rev3\ANSI\PH60_Rev3.kicad_pcb
[board_modifier.py:80]: Footprint not found
[key_placer.py:775]: Placing additional elements for S20
[board_modifier.py:98]: Getting S20 footprint position: (142875000, 57150000)
[board_modifier.py:75]: Searching for optional RGB20 footprint in C:\Users\liuming\Desktop\github_project\PH60\PCB_Rev3\ANSI\PH60_Rev3.kicad_pcb
[board_modifier.py:85]: Setting RGB20 footprint position: (142875000, 52070000)
[board_modifier.py:98]: Getting RGB20 footprint position: (142875000, 52070000)
[board_modifier.py:75]: Searching for optional RGBC20 footprint in C:\Users\liuming\Desktop\github_project\PH60\PCB_Rev3\ANSI\PH60_Rev3.kicad_pcb
[board_modifier.py:80]: Footprint not found
[key_placer.py:775]: Placing additional elements for S21
[board_modifier.py:98]: Getting S21 footprint position: (161925000, 57150000)
[board_modifier.py:75]: Searching for optional RGB21 footprint in C:\Users\liuming\Desktop\github_project\PH60\PCB_Rev3\ANSI\PH60_Rev3.kicad_pcb
[board_modifier.py:85]: Setting RGB21 footprint position: (161925000, 52070000)
[board_modifier.py:98]: Getting RGB21 footprint position: (161925000, 52070000)
[board_modifier.py:75]: Searching for optional RGBC21 footprint in C:\Users\liuming\Desktop\github_project\PH60\PCB_Rev3\ANSI\PH60_Rev3.kicad_pcb
[board_modifier.py:80]: Footprint not found
[key_placer.py:775]: Placing additional elements for S22
[board_modifier.py:98]: Getting S22 footprint position: (180975000, 57150000)
[board_modifier.py:75]: Searching for optional RGB22 footprint in C:\Users\liuming\Desktop\github_project\PH60\PCB_Rev3\ANSI\PH60_Rev3.kicad_pcb
[board_modifier.py:85]: Setting RGB22 footprint position: (180975000, 52070000)
[board_modifier.py:98]: Getting RGB22 footprint position: (180975000, 52070000)
[board_modifier.py:75]: Searching for optional RGBC22 footprint in C:\Users\liuming\Desktop\github_project\PH60\PCB_Rev3\ANSI\PH60_Rev3.kicad_pcb
[board_modifier.py:80]: Footprint not found
[key_placer.py:775]: Placing additional elements for S23
[board_modifier.py:98]: Getting S23 footprint position: (200025000, 57150000)
[board_modifier.py:75]: Searching for optional RGB23 footprint in C:\Users\liuming\Desktop\github_project\PH60\PCB_Rev3\ANSI\PH60_Rev3.kicad_pcb
[board_modifier.py:85]: Setting RGB23 footprint position: (200025000, 52070000)
[board_modifier.py:98]: Getting RGB23 footprint position: (200025000, 52070000)
[board_modifier.py:75]: Searching for optional RGBC23 footprint in C:\Users\liuming\Desktop\github_project\PH60\PCB_Rev3\ANSI\PH60_Rev3.kicad_pcb
[board_modifier.py:80]: Footprint not found
[key_placer.py:775]: Placing additional elements for S24
[board_modifier.py:98]: Getting S24 footprint position: (219075000, 57150000)
[board_modifier.py:75]: Searching for optional RGB24 footprint in C:\Users\liuming\Desktop\github_project\PH60\PCB_Rev3\ANSI\PH60_Rev3.kicad_pcb
[board_modifier.py:85]: Setting RGB24 footprint position: (219075000, 52070000)
[board_modifier.py:98]: Getting RGB24 footprint position: (219075000, 52070000)
[board_modifier.py:75]: Searching for optional RGBC24 footprint in C:\Users\liuming\Desktop\github_project\PH60\PCB_Rev3\ANSI\PH60_Rev3.kicad_pcb
[board_modifier.py:80]: Footprint not found
[key_placer.py:775]: Placing additional elements for S25
[board_modifier.py:98]: Getting S25 footprint position: (238125000, 57150000)
[board_modifier.py:75]: Searching for optional RGB25 footprint in C:\Users\liuming\Desktop\github_project\PH60\PCB_Rev3\ANSI\PH60_Rev3.kicad_pcb
[board_modifier.py:85]: Setting RGB25 footprint position: (238125000, 52070000)
[board_modifier.py:98]: Getting RGB25 footprint position: (238125000, 52070000)
[board_modifier.py:75]: Searching for optional RGBC25 footprint in C:\Users\liuming\Desktop\github_project\PH60\PCB_Rev3\ANSI\PH60_Rev3.kicad_pcb
[board_modifier.py:80]: Footprint not found
[key_placer.py:775]: Placing additional elements for S26
[board_modifier.py:98]: Getting S26 footprint position: (257175000, 57150000)
[board_modifier.py:75]: Searching for optional RGB26 footprint in C:\Users\liuming\Desktop\github_project\PH60\PCB_Rev3\ANSI\PH60_Rev3.kicad_pcb
[board_modifier.py:85]: Setting RGB26 footprint position: (257175000, 52070000)
[board_modifier.py:98]: Getting RGB26 footprint position: (257175000, 52070000)
[board_modifier.py:75]: Searching for optional RGBC26 footprint in C:\Users\liuming\Desktop\github_project\PH60\PCB_Rev3\ANSI\PH60_Rev3.kicad_pcb
[board_modifier.py:80]: Footprint not found
[key_placer.py:775]: Placing additional elements for S27
[board_modifier.py:98]: Getting S27 footprint position: (276225000, 57150000)
[board_modifier.py:75]: Searching for optional RGB27 footprint in C:\Users\liuming\Desktop\github_project\PH60\PCB_Rev3\ANSI\PH60_Rev3.kicad_pcb
[board_modifier.py:85]: Setting RGB27 footprint position: (276225000, 52070000)
[board_modifier.py:98]: Getting RGB27 footprint position: (276225000, 52070000)
[board_modifier.py:75]: Searching for optional RGBC27 footprint in C:\Users\liuming\Desktop\github_project\PH60\PCB_Rev3\ANSI\PH60_Rev3.kicad_pcb
[board_modifier.py:80]: Footprint not found
[key_placer.py:775]: Placing additional elements for S28
[board_modifier.py:98]: Getting S28 footprint position: (300037500, 57150000)
[board_modifier.py:75]: Searching for optional RGB28 footprint in C:\Users\liuming\Desktop\github_project\PH60\PCB_Rev3\ANSI\PH60_Rev3.kicad_pcb
[board_modifier.py:85]: Setting RGB28 footprint position: (300037500, 52070000)
[board_modifier.py:98]: Getting RGB28 footprint position: (300037500, 52070000)
[board_modifier.py:75]: Searching for optional RGBC28 footprint in C:\Users\liuming\Desktop\github_project\PH60\PCB_Rev3\ANSI\PH60_Rev3.kicad_pcb
[board_modifier.py:80]: Footprint not found
[key_placer.py:775]: Placing additional elements for S29
[board_modifier.py:98]: Getting S29 footprint position: (45243750, 76200000)
[board_modifier.py:75]: Searching for optional RGB29 footprint in C:\Users\liuming\Desktop\github_project\PH60\PCB_Rev3\ANSI\PH60_Rev3.kicad_pcb
[board_modifier.py:85]: Setting RGB29 footprint position: (45243750, 71120000)
[board_modifier.py:98]: Getting RGB29 footprint position: (45243750, 71120000)
[board_modifier.py:75]: Searching for optional RGBC29 footprint in C:\Users\liuming\Desktop\github_project\PH60\PCB_Rev3\ANSI\PH60_Rev3.kicad_pcb
[board_modifier.py:80]: Footprint not found
[key_placer.py:775]: Placing additional elements for S30
[board_modifier.py:98]: Getting S30 footprint position: (71437500, 76200000)
[board_modifier.py:75]: Searching for optional RGB30 footprint in C:\Users\liuming\Desktop\github_project\PH60\PCB_Rev3\ANSI\PH60_Rev3.kicad_pcb
[board_modifier.py:85]: Setting RGB30 footprint position: (71437500, 71120000)
[board_modifier.py:98]: Getting RGB30 footprint position: (71437500, 71120000)
[board_modifier.py:75]: Searching for optional RGBC30 footprint in C:\Users\liuming\Desktop\github_project\PH60\PCB_Rev3\ANSI\PH60_Rev3.kicad_pcb
[board_modifier.py:80]: Footprint not found
[key_placer.py:775]: Placing additional elements for S31
[board_modifier.py:98]: Getting S31 footprint position: (90487500, 76200000)
[board_modifier.py:75]: Searching for optional RGB31 footprint in C:\Users\liuming\Desktop\github_project\PH60\PCB_Rev3\ANSI\PH60_Rev3.kicad_pcb
[board_modifier.py:85]: Setting RGB31 footprint position: (90487500, 71120000)
[board_modifier.py:98]: Getting RGB31 footprint position: (90487500, 71120000)
[board_modifier.py:75]: Searching for optional RGBC31 footprint in C:\Users\liuming\Desktop\github_project\PH60\PCB_Rev3\ANSI\PH60_Rev3.kicad_pcb
[board_modifier.py:80]: Footprint not found
[key_placer.py:775]: Placing additional elements for S32
[board_modifier.py:98]: Getting S32 footprint position: (109537500, 76200000)
[board_modifier.py:75]: Searching for optional RGB32 footprint in C:\Users\liuming\Desktop\github_project\PH60\PCB_Rev3\ANSI\PH60_Rev3.kicad_pcb
[board_modifier.py:85]: Setting RGB32 footprint position: (109537500, 71120000)
[board_modifier.py:98]: Getting RGB32 footprint position: (109537500, 71120000)
[board_modifier.py:75]: Searching for optional RGBC32 footprint in C:\Users\liuming\Desktop\github_project\PH60\PCB_Rev3\ANSI\PH60_Rev3.kicad_pcb
[board_modifier.py:80]: Footprint not found
[key_placer.py:775]: Placing additional elements for S33
[board_modifier.py:98]: Getting S33 footprint position: (128587500, 76200000)
[board_modifier.py:75]: Searching for optional RGB33 footprint in C:\Users\liuming\Desktop\github_project\PH60\PCB_Rev3\ANSI\PH60_Rev3.kicad_pcb
[board_modifier.py:85]: Setting RGB33 footprint position: (128587500, 71120000)
[board_modifier.py:98]: Getting RGB33 footprint position: (128587500, 71120000)
[board_modifier.py:75]: Searching for optional RGBC33 footprint in C:\Users\liuming\Desktop\github_project\PH60\PCB_Rev3\ANSI\PH60_Rev3.kicad_pcb
[board_modifier.py:80]: Footprint not found
[key_placer.py:775]: Placing additional elements for S34
[board_modifier.py:98]: Getting S34 footprint position: (147637500, 76200000)
[board_modifier.py:75]: Searching for optional RGB34 footprint in C:\Users\liuming\Desktop\github_project\PH60\PCB_Rev3\ANSI\PH60_Rev3.kicad_pcb
[board_modifier.py:85]: Setting RGB34 footprint position: (147637500, 71120000)
[board_modifier.py:98]: Getting RGB34 footprint position: (147637500, 71120000)
[board_modifier.py:75]: Searching for optional RGBC34 footprint in C:\Users\liuming\Desktop\github_project\PH60\PCB_Rev3\ANSI\PH60_Rev3.kicad_pcb
[board_modifier.py:80]: Footprint not found
[key_placer.py:775]: Placing additional elements for S35
[board_modifier.py:98]: Getting S35 footprint position: (166687500, 76200000)
[board_modifier.py:75]: Searching for optional RGB35 footprint in C:\Users\liuming\Desktop\github_project\PH60\PCB_Rev3\ANSI\PH60_Rev3.kicad_pcb
[board_modifier.py:85]: Setting RGB35 footprint position: (166687500, 71120000)
[board_modifier.py:98]: Getting RGB35 footprint position: (166687500, 71120000)
[board_modifier.py:75]: Searching for optional RGBC35 footprint in C:\Users\liuming\Desktop\github_project\PH60\PCB_Rev3\ANSI\PH60_Rev3.kicad_pcb
[board_modifier.py:80]: Footprint not found
[key_placer.py:775]: Placing additional elements for S36
[board_modifier.py:98]: Getting S36 footprint position: (185737500, 76200000)
[board_modifier.py:75]: Searching for optional RGB36 footprint in C:\Users\liuming\Desktop\github_project\PH60\PCB_Rev3\ANSI\PH60_Rev3.kicad_pcb
[board_modifier.py:85]: Setting RGB36 footprint position: (185737500, 71120000)
[board_modifier.py:98]: Getting RGB36 footprint position: (185737500, 71120000)
[board_modifier.py:75]: Searching for optional RGBC36 footprint in C:\Users\liuming\Desktop\github_project\PH60\PCB_Rev3\ANSI\PH60_Rev3.kicad_pcb
[board_modifier.py:80]: Footprint not found
[key_placer.py:775]: Placing additional elements for S37
[board_modifier.py:98]: Getting S37 footprint position: (204787500, 76200000)
[board_modifier.py:75]: Searching for optional RGB37 footprint in C:\Users\liuming\Desktop\github_project\PH60\PCB_Rev3\ANSI\PH60_Rev3.kicad_pcb
[board_modifier.py:85]: Setting RGB37 footprint position: (204787500, 71120000)
[board_modifier.py:98]: Getting RGB37 footprint position: (204787500, 71120000)
[board_modifier.py:75]: Searching for optional RGBC37 footprint in C:\Users\liuming\Desktop\github_project\PH60\PCB_Rev3\ANSI\PH60_Rev3.kicad_pcb
[board_modifier.py:80]: Footprint not found
[key_placer.py:775]: Placing additional elements for S38
[board_modifier.py:98]: Getting S38 footprint position: (223837500, 76200000)
[board_modifier.py:75]: Searching for optional RGB38 footprint in C:\Users\liuming\Desktop\github_project\PH60\PCB_Rev3\ANSI\PH60_Rev3.kicad_pcb
[board_modifier.py:85]: Setting RGB38 footprint position: (223837500, 71120000)
[board_modifier.py:98]: Getting RGB38 footprint position: (223837500, 71120000)
[board_modifier.py:75]: Searching for optional RGBC38 footprint in C:\Users\liuming\Desktop\github_project\PH60\PCB_Rev3\ANSI\PH60_Rev3.kicad_pcb
[board_modifier.py:80]: Footprint not found
[key_placer.py:775]: Placing additional elements for S39
[board_modifier.py:98]: Getting S39 footprint position: (242887500, 76200000)
[board_modifier.py:75]: Searching for optional RGB39 footprint in C:\Users\liuming\Desktop\github_project\PH60\PCB_Rev3\ANSI\PH60_Rev3.kicad_pcb
[board_modifier.py:85]: Setting RGB39 footprint position: (242887500, 71120000)
[board_modifier.py:98]: Getting RGB39 footprint position: (242887500, 71120000)
[board_modifier.py:75]: Searching for optional RGBC39 footprint in C:\Users\liuming\Desktop\github_project\PH60\PCB_Rev3\ANSI\PH60_Rev3.kicad_pcb
[board_modifier.py:80]: Footprint not found
[key_placer.py:775]: Placing additional elements for S40
[board_modifier.py:98]: Getting S40 footprint position: (261937500, 76200000)
[board_modifier.py:75]: Searching for optional RGB40 footprint in C:\Users\liuming\Desktop\github_project\PH60\PCB_Rev3\ANSI\PH60_Rev3.kicad_pcb
[board_modifier.py:85]: Setting RGB40 footprint position: (261937500, 71120000)
[board_modifier.py:98]: Getting RGB40 footprint position: (261937500, 71120000)
[board_modifier.py:75]: Searching for optional RGBC40 footprint in C:\Users\liuming\Desktop\github_project\PH60\PCB_Rev3\ANSI\PH60_Rev3.kicad_pcb
[board_modifier.py:80]: Footprint not found
[key_placer.py:775]: Placing additional elements for S41
[board_modifier.py:98]: Getting S41 footprint position: (292893750, 76200000)
[board_modifier.py:75]: Searching for optional RGB41 footprint in C:\Users\liuming\Desktop\github_project\PH60\PCB_Rev3\ANSI\PH60_Rev3.kicad_pcb
[board_modifier.py:85]: Setting RGB41 footprint position: (292893750, 71120000)
[board_modifier.py:98]: Getting RGB41 footprint position: (292893750, 71120000)
[board_modifier.py:75]: Searching for optional RGBC41 footprint in C:\Users\liuming\Desktop\github_project\PH60\PCB_Rev3\ANSI\PH60_Rev3.kicad_pcb
[board_modifier.py:80]: Footprint not found
[key_placer.py:775]: Placing additional elements for S42
[board_modifier.py:98]: Getting S42 footprint position: (50006250, 95250000)
[board_modifier.py:75]: Searching for optional RGB42 footprint in C:\Users\liuming\Desktop\github_project\PH60\PCB_Rev3\ANSI\PH60_Rev3.kicad_pcb
[board_modifier.py:85]: Setting RGB42 footprint position: (50006250, 90170000)
[board_modifier.py:98]: Getting RGB42 footprint position: (50006250, 90170000)
[board_modifier.py:75]: Searching for optional RGBC42 footprint in C:\Users\liuming\Desktop\github_project\PH60\PCB_Rev3\ANSI\PH60_Rev3.kicad_pcb
[board_modifier.py:80]: Footprint not found
[key_placer.py:775]: Placing additional elements for S43
[board_modifier.py:98]: Getting S43 footprint position: (80962500, 95250000)
[board_modifier.py:75]: Searching for optional RGB43 footprint in C:\Users\liuming\Desktop\github_project\PH60\PCB_Rev3\ANSI\PH60_Rev3.kicad_pcb
[board_modifier.py:85]: Setting RGB43 footprint position: (80962500, 90170000)
[board_modifier.py:98]: Getting RGB43 footprint position: (80962500, 90170000)
[board_modifier.py:75]: Searching for optional RGBC43 footprint in C:\Users\liuming\Desktop\github_project\PH60\PCB_Rev3\ANSI\PH60_Rev3.kicad_pcb
[board_modifier.py:80]: Footprint not found
[key_placer.py:775]: Placing additional elements for S44
[board_modifier.py:98]: Getting S44 footprint position: (100012500, 95250000)
[board_modifier.py:75]: Searching for optional RGB44 footprint in C:\Users\liuming\Desktop\github_project\PH60\PCB_Rev3\ANSI\PH60_Rev3.kicad_pcb
[board_modifier.py:85]: Setting RGB44 footprint position: (100012500, 90170000)
[board_modifier.py:98]: Getting RGB44 footprint position: (100012500, 90170000)
[board_modifier.py:75]: Searching for optional RGBC44 footprint in C:\Users\liuming\Desktop\github_project\PH60\PCB_Rev3\ANSI\PH60_Rev3.kicad_pcb
[board_modifier.py:80]: Footprint not found
[key_placer.py:775]: Placing additional elements for S45
[board_modifier.py:98]: Getting S45 footprint position: (119062500, 95250000)
[board_modifier.py:75]: Searching for optional RGB45 footprint in C:\Users\liuming\Desktop\github_project\PH60\PCB_Rev3\ANSI\PH60_Rev3.kicad_pcb
[board_modifier.py:85]: Setting RGB45 footprint position: (119062500, 90170000)
[board_modifier.py:98]: Getting RGB45 footprint position: (119062500, 90170000)
[board_modifier.py:75]: Searching for optional RGBC45 footprint in C:\Users\liuming\Desktop\github_project\PH60\PCB_Rev3\ANSI\PH60_Rev3.kicad_pcb
[board_modifier.py:80]: Footprint not found
[key_placer.py:775]: Placing additional elements for S46
[board_modifier.py:98]: Getting S46 footprint position: (138112500, 95250000)
[board_modifier.py:75]: Searching for optional RGB46 footprint in C:\Users\liuming\Desktop\github_project\PH60\PCB_Rev3\ANSI\PH60_Rev3.kicad_pcb
[board_modifier.py:85]: Setting RGB46 footprint position: (138112500, 90170000)
[board_modifier.py:98]: Getting RGB46 footprint position: (138112500, 90170000)
[board_modifier.py:75]: Searching for optional RGBC46 footprint in C:\Users\liuming\Desktop\github_project\PH60\PCB_Rev3\ANSI\PH60_Rev3.kicad_pcb
[board_modifier.py:80]: Footprint not found
[key_placer.py:775]: Placing additional elements for S47
[board_modifier.py:98]: Getting S47 footprint position: (157162500, 95250000)
[board_modifier.py:75]: Searching for optional RGB47 footprint in C:\Users\liuming\Desktop\github_project\PH60\PCB_Rev3\ANSI\PH60_Rev3.kicad_pcb
[board_modifier.py:85]: Setting RGB47 footprint position: (157162500, 90170000)
[board_modifier.py:98]: Getting RGB47 footprint position: (157162500, 90170000)
[board_modifier.py:75]: Searching for optional RGBC47 footprint in C:\Users\liuming\Desktop\github_project\PH60\PCB_Rev3\ANSI\PH60_Rev3.kicad_pcb
[board_modifier.py:80]: Footprint not found
[key_placer.py:775]: Placing additional elements for S48
[board_modifier.py:98]: Getting S48 footprint position: (176212500, 95250000)
[board_modifier.py:75]: Searching for optional RGB48 footprint in C:\Users\liuming\Desktop\github_project\PH60\PCB_Rev3\ANSI\PH60_Rev3.kicad_pcb
[board_modifier.py:85]: Setting RGB48 footprint position: (176212500, 90170000)
[board_modifier.py:98]: Getting RGB48 footprint position: (176212500, 90170000)
[board_modifier.py:75]: Searching for optional RGBC48 footprint in C:\Users\liuming\Desktop\github_project\PH60\PCB_Rev3\ANSI\PH60_Rev3.kicad_pcb
[board_modifier.py:80]: Footprint not found
[key_placer.py:775]: Placing additional elements for S49
[board_modifier.py:98]: Getting S49 footprint position: (195262500, 95250000)
[board_modifier.py:75]: Searching for optional RGB49 footprint in C:\Users\liuming\Desktop\github_project\PH60\PCB_Rev3\ANSI\PH60_Rev3.kicad_pcb
[board_modifier.py:85]: Setting RGB49 footprint position: (195262500, 90170000)
[board_modifier.py:98]: Getting RGB49 footprint position: (195262500, 90170000)
[board_modifier.py:75]: Searching for optional RGBC49 footprint in C:\Users\liuming\Desktop\github_project\PH60\PCB_Rev3\ANSI\PH60_Rev3.kicad_pcb
[board_modifier.py:80]: Footprint not found
[key_placer.py:775]: Placing additional elements for S50
[board_modifier.py:98]: Getting S50 footprint position: (214312500, 95250000)
[board_modifier.py:75]: Searching for optional RGB50 footprint in C:\Users\liuming\Desktop\github_project\PH60\PCB_Rev3\ANSI\PH60_Rev3.kicad_pcb
[board_modifier.py:85]: Setting RGB50 footprint position: (214312500, 90170000)
[board_modifier.py:98]: Getting RGB50 footprint position: (214312500, 90170000)
[board_modifier.py:75]: Searching for optional RGBC50 footprint in C:\Users\liuming\Desktop\github_project\PH60\PCB_Rev3\ANSI\PH60_Rev3.kicad_pcb
[board_modifier.py:80]: Footprint not found
[key_placer.py:775]: Placing additional elements for S51
[board_modifier.py:98]: Getting S51 footprint position: (233362500, 95250000)
[board_modifier.py:75]: Searching for optional RGB51 footprint in C:\Users\liuming\Desktop\github_project\PH60\PCB_Rev3\ANSI\PH60_Rev3.kicad_pcb
[board_modifier.py:85]: Setting RGB51 footprint position: (233362500, 90170000)
[board_modifier.py:98]: Getting RGB51 footprint position: (233362500, 90170000)
[board_modifier.py:75]: Searching for optional RGBC51 footprint in C:\Users\liuming\Desktop\github_project\PH60\PCB_Rev3\ANSI\PH60_Rev3.kicad_pcb
[board_modifier.py:80]: Footprint not found
[key_placer.py:775]: Placing additional elements for S52
[board_modifier.py:98]: Getting S52 footprint position: (252412500, 95250000)
[board_modifier.py:75]: Searching for optional RGB52 footprint in C:\Users\liuming\Desktop\github_project\PH60\PCB_Rev3\ANSI\PH60_Rev3.kicad_pcb
[board_modifier.py:85]: Setting RGB52 footprint position: (252412500, 90170000)
[board_modifier.py:98]: Getting RGB52 footprint position: (252412500, 90170000)
[board_modifier.py:75]: Searching for optional RGBC52 footprint in C:\Users\liuming\Desktop\github_project\PH60\PCB_Rev3\ANSI\PH60_Rev3.kicad_pcb
[board_modifier.py:80]: Footprint not found
[key_placer.py:775]: Placing additional elements for S53
[board_modifier.py:98]: Getting S53 footprint position: (288131250, 95250000)
[board_modifier.py:75]: Searching for optional RGB53 footprint in C:\Users\liuming\Desktop\github_project\PH60\PCB_Rev3\ANSI\PH60_Rev3.kicad_pcb
[board_modifier.py:85]: Setting RGB53 footprint position: (288131250, 90170000)
[board_modifier.py:98]: Getting RGB53 footprint position: (288131250, 90170000)
[board_modifier.py:75]: Searching for optional RGBC53 footprint in C:\Users\liuming\Desktop\github_project\PH60\PCB_Rev3\ANSI\PH60_Rev3.kicad_pcb
[board_modifier.py:80]: Footprint not found
[key_placer.py:775]: Placing additional elements for S54
[board_modifier.py:98]: Getting S54 footprint position: (40481250, 114300000)
[board_modifier.py:75]: Searching for optional RGB54 footprint in C:\Users\liuming\Desktop\github_project\PH60\PCB_Rev3\ANSI\PH60_Rev3.kicad_pcb
[board_modifier.py:85]: Setting RGB54 footprint position: (40481250, 109220000)
[board_modifier.py:98]: Getting RGB54 footprint position: (40481250, 109220000)
[board_modifier.py:75]: Searching for optional RGBC54 footprint in C:\Users\liuming\Desktop\github_project\PH60\PCB_Rev3\ANSI\PH60_Rev3.kicad_pcb
[board_modifier.py:80]: Footprint not found
[key_placer.py:775]: Placing additional elements for S55
[board_modifier.py:98]: Getting S55 footprint position: (64293750, 114300000)
[board_modifier.py:75]: Searching for optional RGB55 footprint in C:\Users\liuming\Desktop\github_project\PH60\PCB_Rev3\ANSI\PH60_Rev3.kicad_pcb
[board_modifier.py:85]: Setting RGB55 footprint position: (64293750, 109220000)
[board_modifier.py:98]: Getting RGB55 footprint position: (64293750, 109220000)
[board_modifier.py:75]: Searching for optional RGBC55 footprint in C:\Users\liuming\Desktop\github_project\PH60\PCB_Rev3\ANSI\PH60_Rev3.kicad_pcb
[board_modifier.py:80]: Footprint not found
[key_placer.py:775]: Placing additional elements for S56
[board_modifier.py:98]: Getting S56 footprint position: (88106250, 114300000)
[board_modifier.py:75]: Searching for optional RGB56 footprint in C:\Users\liuming\Desktop\github_project\PH60\PCB_Rev3\ANSI\PH60_Rev3.kicad_pcb
[board_modifier.py:85]: Setting RGB56 footprint position: (88106250, 109220000)
[board_modifier.py:98]: Getting RGB56 footprint position: (88106250, 109220000)
[board_modifier.py:75]: Searching for optional RGBC56 footprint in C:\Users\liuming\Desktop\github_project\PH60\PCB_Rev3\ANSI\PH60_Rev3.kicad_pcb
[board_modifier.py:80]: Footprint not found
[key_placer.py:775]: Placing additional elements for S57
[board_modifier.py:98]: Getting S57 footprint position: (159543750, 114300000)
[board_modifier.py:75]: Searching for optional RGB57 footprint in C:\Users\liuming\Desktop\github_project\PH60\PCB_Rev3\ANSI\PH60_Rev3.kicad_pcb
[board_modifier.py:85]: Setting RGB57 footprint position: (159543750, 109220000)
[board_modifier.py:98]: Getting RGB57 footprint position: (159543750, 109220000)
[board_modifier.py:75]: Searching for optional RGBC57 footprint in C:\Users\liuming\Desktop\github_project\PH60\PCB_Rev3\ANSI\PH60_Rev3.kicad_pcb
[board_modifier.py:80]: Footprint not found
[key_placer.py:775]: Placing additional elements for S58
[board_modifier.py:98]: Getting S58 footprint position: (230981250, 114300000)
[board_modifier.py:75]: Searching for optional RGB58 footprint in C:\Users\liuming\Desktop\github_project\PH60\PCB_Rev3\ANSI\PH60_Rev3.kicad_pcb
[board_modifier.py:85]: Setting RGB58 footprint position: (230981250, 109220000)
[board_modifier.py:98]: Getting RGB58 footprint position: (230981250, 109220000)
[board_modifier.py:75]: Searching for optional RGBC58 footprint in C:\Users\liuming\Desktop\github_project\PH60\PCB_Rev3\ANSI\PH60_Rev3.kicad_pcb
[board_modifier.py:80]: Footprint not found
[key_placer.py:775]: Placing additional elements for S59
[board_modifier.py:98]: Getting S59 footprint position: (254793750, 114300000)
[board_modifier.py:75]: Searching for optional RGB59 footprint in C:\Users\liuming\Desktop\github_project\PH60\PCB_Rev3\ANSI\PH60_Rev3.kicad_pcb
[board_modifier.py:85]: Setting RGB59 footprint position: (254793750, 109220000)
[board_modifier.py:98]: Getting RGB59 footprint position: (254793750, 109220000)
[board_modifier.py:75]: Searching for optional RGBC59 footprint in C:\Users\liuming\Desktop\github_project\PH60\PCB_Rev3\ANSI\PH60_Rev3.kicad_pcb
[board_modifier.py:80]: Footprint not found
[key_placer.py:775]: Placing additional elements for S60
[board_modifier.py:98]: Getting S60 footprint position: (278606250, 114300000)
[board_modifier.py:75]: Searching for optional RGB60 footprint in C:\Users\liuming\Desktop\github_project\PH60\PCB_Rev3\ANSI\PH60_Rev3.kicad_pcb
[board_modifier.py:85]: Setting RGB60 footprint position: (278606250, 109220000)
[board_modifier.py:98]: Getting RGB60 footprint position: (278606250, 109220000)
[board_modifier.py:75]: Searching for optional RGBC60 footprint in C:\Users\liuming\Desktop\github_project\PH60\PCB_Rev3\ANSI\PH60_Rev3.kicad_pcb
[board_modifier.py:80]: Footprint not found
[key_placer.py:775]: Placing additional elements for S61
[board_modifier.py:98]: Getting S61 footprint position: (302418750, 114300000)
[board_modifier.py:75]: Searching for optional RGB61 footprint in C:\Users\liuming\Desktop\github_project\PH60\PCB_Rev3\ANSI\PH60_Rev3.kicad_pcb
[board_modifier.py:85]: Setting RGB61 footprint position: (302418750, 109220000)
[board_modifier.py:98]: Getting RGB61 footprint position: (302418750, 109220000)
[board_modifier.py:75]: Searching for optional RGBC61 footprint in C:\Users\liuming\Desktop\github_project\PH60\PCB_Rev3\ANSI\PH60_Rev3.kicad_pcb
[board_modifier.py:80]: Footprint not found
[key_placer.py:775]: Placing additional elements for ST1
[board_modifier.py:98]: Getting ST1 footprint position: (292893800, 76200000)
[board_modifier.py:75]: Searching for optional RGBT1 footprint in C:\Users\liuming\Desktop\github_project\PH60\PCB_Rev3\ANSI\PH60_Rev3.kicad_pcb
[board_modifier.py:80]: Footprint not found
[board_modifier.py:75]: Searching for optional RGBCT1 footprint in C:\Users\liuming\Desktop\github_project\PH60\PCB_Rev3\ANSI\PH60_Rev3.kicad_pcb
[board_modifier.py:80]: Footprint not found
[key_placer.py:775]: Placing additional elements for ST2
[board_modifier.py:98]: Getting ST2 footprint position: (288131300, 95250000)
[board_modifier.py:75]: Searching for optional RGBT2 footprint in C:\Users\liuming\Desktop\github_project\PH60\PCB_Rev3\ANSI\PH60_Rev3.kicad_pcb
[board_modifier.py:80]: Footprint not found
[board_modifier.py:75]: Searching for optional RGBCT2 footprint in C:\Users\liuming\Desktop\github_project\PH60\PCB_Rev3\ANSI\PH60_Rev3.kicad_pcb
[board_modifier.py:80]: Footprint not found
[key_placer.py:775]: Placing additional elements for ST3
[board_modifier.py:98]: Getting ST3 footprint position: (50006250, 95250000)
[board_modifier.py:75]: Searching for optional RGBT3 footprint in C:\Users\liuming\Desktop\github_project\PH60\PCB_Rev3\ANSI\PH60_Rev3.kicad_pcb
[board_modifier.py:80]: Footprint not found
[board_modifier.py:75]: Searching for optional RGBCT3 footprint in C:\Users\liuming\Desktop\github_project\PH60\PCB_Rev3\ANSI\PH60_Rev3.kicad_pcb
[board_modifier.py:80]: Footprint not found
[key_placer.py:775]: Placing additional elements for ST4
[board_modifier.py:98]: Getting ST4 footprint position: (159543750, 114300000)
[board_modifier.py:75]: Searching for optional RGBT4 footprint in C:\Users\liuming\Desktop\github_project\PH60\PCB_Rev3\ANSI\PH60_Rev3.kicad_pcb
[board_modifier.py:80]: Footprint not found
[board_modifier.py:75]: Searching for optional RGBCT4 footprint in C:\Users\liuming\Desktop\github_project\PH60\PCB_Rev3\ANSI\PH60_Rev3.kicad_pcb
[board_modifier.py:80]: Footprint not found
[key_placer.py:775]: Placing additional elements for ST0
[board_modifier.py:98]: Getting ST0 footprint position: (295275000, 38100000)
[board_modifier.py:75]: Searching for optional RGBT0 footprint in C:\Users\liuming\Desktop\github_project\PH60\PCB_Rev3\ANSI\PH60_Rev3.kicad_pcb
[board_modifier.py:80]: Footprint not found
[board_modifier.py:75]: Searching for optional RGBCT0 footprint in C:\Users\liuming\Desktop\github_project\PH60\PCB_Rev3\ANSI\PH60_Rev3.kicad_pcb
[board_modifier.py:80]: Footprint not found
[key_placer.py:424]: Routing S1 with D2
[key_placer.py:426]: Using internal autorouter method
[board_modifier.py:532]: Routing at B.Cu layer
[board_modifier.py:549]: Netclass: Default, track width: 200000
[board_modifier.py:611]: Routing pad 'S1:1' at (44685000, 40640000) with pad 'D2:2' at (46100000, 38050001) using coordinate system rotated by 0 degree(s)
[board_modifier.py:455]: Adding track segment (B.Cu): [(44685000, 40640000), (44685000, 39465001)]
[board_modifier.py:460]: Track added
[board_modifier.py:455]: Adding track segment (B.Cu): [(44685000, 39465001), (46100000, 38050001)]
[board_modifier.py:460]: Track added
[key_placer.py:424]: Routing S2 with D3
[key_placer.py:426]: Using internal autorouter method
[board_modifier.py:532]: Routing at B.Cu layer
[board_modifier.py:549]: Netclass: Default, track width: 200000
[board_modifier.py:611]: Routing pad 'S2:1' at (63735000, 40640000) with pad 'D3:2' at (65150000, 38050001) using coordinate system rotated by 0 degree(s)
[board_modifier.py:455]: Adding track segment (B.Cu): [(63735000, 40640000), (63735000, 39465001)]
[board_modifier.py:460]: Track added
[board_modifier.py:455]: Adding track segment (B.Cu): [(63735000, 39465001), (65150000, 38050001)]
[board_modifier.py:460]: Track added
[key_placer.py:424]: Routing S3 with D4
[key_placer.py:426]: Using internal autorouter method
[board_modifier.py:532]: Routing at B.Cu layer
[board_modifier.py:549]: Netclass: Default, track width: 200000
[board_modifier.py:611]: Routing pad 'S3:1' at (82785000, 40640000) with pad 'D4:2' at (84200000, 38050001) using coordinate system rotated by 0 degree(s)
[board_modifier.py:455]: Adding track segment (B.Cu): [(82785000, 40640000), (82785000, 39465001)]
[board_modifier.py:460]: Track added
[board_modifier.py:455]: Adding track segment (B.Cu): [(82785000, 39465001), (84200000, 38050001)]
[board_modifier.py:460]: Track added
[key_placer.py:424]: Routing S4 with D5
[key_placer.py:426]: Using internal autorouter method
[board_modifier.py:532]: Routing at B.Cu layer
[board_modifier.py:549]: Netclass: Default, track width: 200000
[board_modifier.py:611]: Routing pad 'S4:1' at (101835000, 40640000) with pad 'D5:2' at (103250000, 38050001) using coordinate system rotated by 0 degree(s)
[board_modifier.py:455]: Adding track segment (B.Cu): [(101835000, 40640000), (101835000, 39465001)]
[board_modifier.py:460]: Track added
[board_modifier.py:455]: Adding track segment (B.Cu): [(101835000, 39465001), (103250000, 38050001)]
[board_modifier.py:460]: Track added
[key_placer.py:424]: Routing S5 with D6
[key_placer.py:426]: Using internal autorouter method
[board_modifier.py:532]: Routing at B.Cu layer
[board_modifier.py:549]: Netclass: Default, track width: 200000
[board_modifier.py:611]: Routing pad 'S5:1' at (120885000, 40640000) with pad 'D6:2' at (122300000, 38050001) using coordinate system rotated by 0 degree(s)
[board_modifier.py:455]: Adding track segment (B.Cu): [(120885000, 40640000), (120885000, 39465001)]
[board_modifier.py:460]: Track added
[board_modifier.py:455]: Adding track segment (B.Cu): [(120885000, 39465001), (122300000, 38050001)]
[board_modifier.py:460]: Track added
[key_placer.py:424]: Routing S6 with D7
[key_placer.py:426]: Using internal autorouter method
[board_modifier.py:532]: Routing at B.Cu layer
[board_modifier.py:549]: Netclass: Default, track width: 200000
[board_modifier.py:611]: Routing pad 'S6:1' at (139935000, 40640000) with pad 'D7:2' at (141350000, 38050001) using coordinate system rotated by 0 degree(s)
[board_modifier.py:455]: Adding track segment (B.Cu): [(139935000, 40640000), (139935000, 39465001)]
[board_modifier.py:460]: Track added
[board_modifier.py:455]: Adding track segment (B.Cu): [(139935000, 39465001), (141350000, 38050001)]
[board_modifier.py:460]: Track added
[key_placer.py:424]: Routing S7 with D8
[key_placer.py:426]: Using internal autorouter method
[board_modifier.py:532]: Routing at B.Cu layer
[board_modifier.py:549]: Netclass: Default, track width: 200000
[board_modifier.py:611]: Routing pad 'S7:1' at (158985000, 40640000) with pad 'D8:2' at (160400000, 38050001) using coordinate system rotated by 0 degree(s)
[board_modifier.py:455]: Adding track segment (B.Cu): [(158985000, 40640000), (158985000, 39465001)]
[board_modifier.py:460]: Track added
[board_modifier.py:455]: Adding track segment (B.Cu): [(158985000, 39465001), (160400000, 38050001)]
[board_modifier.py:460]: Track added
[key_placer.py:424]: Routing S8 with D9
[key_placer.py:426]: Using internal autorouter method
[board_modifier.py:532]: Routing at B.Cu layer
[board_modifier.py:549]: Netclass: Default, track width: 200000
[board_modifier.py:611]: Routing pad 'S8:1' at (178035000, 40640000) with pad 'D9:2' at (179450000, 38050001) using coordinate system rotated by 0 degree(s)
[board_modifier.py:455]: Adding track segment (B.Cu): [(178035000, 40640000), (178035000, 39465001)]
[board_modifier.py:460]: Track added
[board_modifier.py:455]: Adding track segment (B.Cu): [(178035000, 39465001), (179450000, 38050001)]
[board_modifier.py:460]: Track added
[key_placer.py:424]: Routing S9 with D10
[key_placer.py:426]: Using internal autorouter method
[board_modifier.py:532]: Routing at B.Cu layer
[board_modifier.py:549]: Netclass: Default, track width: 200000
[board_modifier.py:611]: Routing pad 'S9:1' at (197085000, 40640000) with pad 'D10:2' at (198500000, 38050001) using coordinate system rotated by 0 degree(s)
[board_modifier.py:455]: Adding track segment (B.Cu): [(197085000, 40640000), (197085000, 39465001)]
[board_modifier.py:460]: Track added
[board_modifier.py:455]: Adding track segment (B.Cu): [(197085000, 39465001), (198500000, 38050001)]
[board_modifier.py:460]: Track added
[key_placer.py:424]: Routing S10 with D11
[key_placer.py:426]: Using internal autorouter method
[board_modifier.py:532]: Routing at B.Cu layer
[board_modifier.py:549]: Netclass: Default, track width: 200000
[board_modifier.py:611]: Routing pad 'S10:1' at (216135000, 40640000) with pad 'D11:2' at (217550000, 38050001) using coordinate system rotated by 0 degree(s)
[board_modifier.py:455]: Adding track segment (B.Cu): [(216135000, 40640000), (216135000, 39465001)]
[board_modifier.py:460]: Track added
[board_modifier.py:455]: Adding track segment (B.Cu): [(216135000, 39465001), (217550000, 38050001)]
[board_modifier.py:460]: Track added
[key_placer.py:424]: Routing S11 with D12
[key_placer.py:426]: Using internal autorouter method
[board_modifier.py:532]: Routing at B.Cu layer
[board_modifier.py:549]: Netclass: Default, track width: 200000
[board_modifier.py:611]: Routing pad 'S11:1' at (235185000, 40640000) with pad 'D12:2' at (236600000, 38050001) using coordinate system rotated by 0 degree(s)
[board_modifier.py:455]: Adding track segment (B.Cu): [(235185000, 40640000), (235185000, 39465001)]
[board_modifier.py:460]: Track added
[board_modifier.py:455]: Adding track segment (B.Cu): [(235185000, 39465001), (236600000, 38050001)]
[board_modifier.py:460]: Track added
[key_placer.py:424]: Routing S12 with D13
[key_placer.py:426]: Using internal autorouter method
[board_modifier.py:532]: Routing at B.Cu layer
[board_modifier.py:549]: Netclass: Default, track width: 200000
[board_modifier.py:611]: Routing pad 'S12:1' at (254235000, 40640000) with pad 'D13:2' at (255650000, 38050001) using coordinate system rotated by 0 degree(s)
[board_modifier.py:455]: Adding track segment (B.Cu): [(254235000, 40640000), (254235000, 39465001)]
[board_modifier.py:460]: Track added
[board_modifier.py:455]: Adding track segment (B.Cu): [(254235000, 39465001), (255650000, 38050001)]
[board_modifier.py:460]: Track added
[key_placer.py:424]: Routing S13 with D14
[key_placer.py:426]: Using internal autorouter method
[board_modifier.py:532]: Routing at B.Cu layer
[board_modifier.py:549]: Netclass: Default, track width: 200000
[board_modifier.py:611]: Routing pad 'S13:1' at (273285000, 40640000) with pad 'D14:2' at (274700000, 38050001) using coordinate system rotated by 0 degree(s)
[board_modifier.py:455]: Adding track segment (B.Cu): [(273285000, 40640000), (273285000, 39465001)]
[board_modifier.py:460]: Track added
[board_modifier.py:455]: Adding track segment (B.Cu): [(273285000, 39465001), (274700000, 38050001)]
[board_modifier.py:460]: Track added
[key_placer.py:424]: Routing S14 with D15
[key_placer.py:426]: Using internal autorouter method
[board_modifier.py:532]: Routing at B.Cu layer
[board_modifier.py:549]: Netclass: Default, track width: 200000
[board_modifier.py:611]: Routing pad 'S14:1' at (301860000, 40640000) with pad 'D15:2' at (303275000, 38050001) using coordinate system rotated by 0 degree(s)
[board_modifier.py:455]: Adding track segment (B.Cu): [(301860000, 40640000), (301860000, 39465001)]
[board_modifier.py:460]: Track added
[board_modifier.py:455]: Adding track segment (B.Cu): [(301860000, 39465001), (303275000, 38050001)]
[board_modifier.py:460]: Track added
[key_placer.py:424]: Routing S15 with D16
[key_placer.py:426]: Using internal autorouter method
[board_modifier.py:532]: Routing at B.Cu layer
[board_modifier.py:549]: Netclass: Default, track width: 200000
[board_modifier.py:611]: Routing pad 'S15:1' at (49447500, 59690000) with pad 'D16:2' at (50862500, 57100001) using coordinate system rotated by 0 degree(s)
[board_modifier.py:455]: Adding track segment (B.Cu): [(49447500, 59690000), (49447500, 58515001)]
[board_modifier.py:460]: Track added
[board_modifier.py:455]: Adding track segment (B.Cu): [(49447500, 58515001), (50862500, 57100001)]
[board_modifier.py:460]: Track added
[key_placer.py:424]: Routing S16 with D17
[key_placer.py:426]: Using internal autorouter method
[board_modifier.py:532]: Routing at B.Cu layer
[board_modifier.py:549]: Netclass: Default, track width: 200000
[board_modifier.py:611]: Routing pad 'S16:1' at (73260000, 59690000) with pad 'D17:2' at (74675000, 57100001) using coordinate system rotated by 0 degree(s)
[board_modifier.py:455]: Adding track segment (B.Cu): [(73260000, 59690000), (73260000, 58515001)]
[board_modifier.py:460]: Track added
[board_modifier.py:455]: Adding track segment (B.Cu): [(73260000, 58515001), (74675000, 57100001)]
[board_modifier.py:460]: Track added
[key_placer.py:424]: Routing S17 with D18
[key_placer.py:426]: Using internal autorouter method
[board_modifier.py:532]: Routing at B.Cu layer
[board_modifier.py:549]: Netclass: Default, track width: 200000
[board_modifier.py:611]: Routing pad 'S17:1' at (92310000, 59690000) with pad 'D18:2' at (93725000, 57100001) using coordinate system rotated by 0 degree(s)
[board_modifier.py:455]: Adding track segment (B.Cu): [(92310000, 59690000), (92310000, 58515001)]
[board_modifier.py:460]: Track added
[board_modifier.py:455]: Adding track segment (B.Cu): [(92310000, 58515001), (93725000, 57100001)]
[board_modifier.py:460]: Track added
[key_placer.py:424]: Routing S18 with D19
[key_placer.py:426]: Using internal autorouter method
[board_modifier.py:532]: Routing at B.Cu layer
[board_modifier.py:549]: Netclass: Default, track width: 200000
[board_modifier.py:611]: Routing pad 'S18:1' at (111360000, 59690000) with pad 'D19:2' at (112775000, 57100001) using coordinate system rotated by 0 degree(s)
[board_modifier.py:455]: Adding track segment (B.Cu): [(111360000, 59690000), (111360000, 58515001)]
[board_modifier.py:460]: Track added
[board_modifier.py:455]: Adding track segment (B.Cu): [(111360000, 58515001), (112775000, 57100001)]
[board_modifier.py:460]: Track added
[key_placer.py:424]: Routing S19 with D20
[key_placer.py:426]: Using internal autorouter method
[board_modifier.py:532]: Routing at B.Cu layer
[board_modifier.py:549]: Netclass: Default, track width: 200000
[board_modifier.py:611]: Routing pad 'S19:1' at (130410000, 59690000) with pad 'D20:2' at (131825000, 57100001) using coordinate system rotated by 0 degree(s)
[board_modifier.py:455]: Adding track segment (B.Cu): [(130410000, 59690000), (130410000, 58515001)]
[board_modifier.py:460]: Track added
[board_modifier.py:455]: Adding track segment (B.Cu): [(130410000, 58515001), (131825000, 57100001)]
[board_modifier.py:460]: Track added
[key_placer.py:424]: Routing S20 with D21
[key_placer.py:426]: Using internal autorouter method
[board_modifier.py:532]: Routing at B.Cu layer
[board_modifier.py:549]: Netclass: Default, track width: 200000
[board_modifier.py:611]: Routing pad 'S20:1' at (149460000, 59690000) with pad 'D21:2' at (150875000, 57100001) using coordinate system rotated by 0 degree(s)
[board_modifier.py:455]: Adding track segment (B.Cu): [(149460000, 59690000), (149460000, 58515001)]
[board_modifier.py:460]: Track added
[board_modifier.py:455]: Adding track segment (B.Cu): [(149460000, 58515001), (150875000, 57100001)]
[board_modifier.py:460]: Track added
[key_placer.py:424]: Routing S21 with D22
[key_placer.py:426]: Using internal autorouter method
[board_modifier.py:532]: Routing at B.Cu layer
[board_modifier.py:549]: Netclass: Default, track width: 200000
[board_modifier.py:611]: Routing pad 'S21:1' at (168510000, 59690000) with pad 'D22:2' at (169925000, 57100001) using coordinate system rotated by 0 degree(s)
[board_modifier.py:455]: Adding track segment (B.Cu): [(168510000, 59690000), (168510000, 58515001)]
[board_modifier.py:460]: Track added
[board_modifier.py:455]: Adding track segment (B.Cu): [(168510000, 58515001), (169925000, 57100001)]
[board_modifier.py:460]: Track added
[key_placer.py:424]: Routing S22 with D23
[key_placer.py:426]: Using internal autorouter method
[board_modifier.py:532]: Routing at B.Cu layer
[board_modifier.py:549]: Netclass: Default, track width: 200000
[board_modifier.py:611]: Routing pad 'S22:1' at (187560000, 59690000) with pad 'D23:2' at (188975000, 57100001) using coordinate system rotated by 0 degree(s)
[board_modifier.py:455]: Adding track segment (B.Cu): [(187560000, 59690000), (187560000, 58515001)]
[board_modifier.py:460]: Track added
[board_modifier.py:455]: Adding track segment (B.Cu): [(187560000, 58515001), (188975000, 57100001)]
[board_modifier.py:460]: Track added
[key_placer.py:424]: Routing S23 with D24
[key_placer.py:426]: Using internal autorouter method
[board_modifier.py:532]: Routing at B.Cu layer
[board_modifier.py:549]: Netclass: Default, track width: 200000
[board_modifier.py:611]: Routing pad 'S23:1' at (206610000, 59690000) with pad 'D24:2' at (208025000, 57100001) using coordinate system rotated by 0 degree(s)
[board_modifier.py:455]: Adding track segment (B.Cu): [(206610000, 59690000), (206610000, 58515001)]
[board_modifier.py:460]: Track added
[board_modifier.py:455]: Adding track segment (B.Cu): [(206610000, 58515001), (208025000, 57100001)]
[board_modifier.py:460]: Track added
[key_placer.py:424]: Routing S24 with D25
[key_placer.py:426]: Using internal autorouter method
[board_modifier.py:532]: Routing at B.Cu layer
[board_modifier.py:549]: Netclass: Default, track width: 200000
[board_modifier.py:611]: Routing pad 'S24:1' at (225660000, 59690000) with pad 'D25:2' at (227075000, 57100001) using coordinate system rotated by 0 degree(s)
[board_modifier.py:455]: Adding track segment (B.Cu): [(225660000, 59690000), (225660000, 58515001)]
[board_modifier.py:460]: Track added
[board_modifier.py:455]: Adding track segment (B.Cu): [(225660000, 58515001), (227075000, 57100001)]
[board_modifier.py:460]: Track added
[key_placer.py:424]: Routing S25 with D26
[key_placer.py:426]: Using internal autorouter method
[board_modifier.py:532]: Routing at B.Cu layer
[board_modifier.py:549]: Netclass: Default, track width: 200000
[board_modifier.py:611]: Routing pad 'S25:1' at (244710000, 59690000) with pad 'D26:2' at (246125000, 57100001) using coordinate system rotated by 0 degree(s)
[board_modifier.py:455]: Adding track segment (B.Cu): [(244710000, 59690000), (244710000, 58515001)]
[board_modifier.py:460]: Track added
[board_modifier.py:455]: Adding track segment (B.Cu): [(244710000, 58515001), (246125000, 57100001)]
[board_modifier.py:460]: Track added
[key_placer.py:424]: Routing S26 with D27
[key_placer.py:426]: Using internal autorouter method
[board_modifier.py:532]: Routing at B.Cu layer
[board_modifier.py:549]: Netclass: Default, track width: 200000
[board_modifier.py:611]: Routing pad 'S26:1' at (263760000, 59690000) with pad 'D27:2' at (265175000, 57100001) using coordinate system rotated by 0 degree(s)
[board_modifier.py:455]: Adding track segment (B.Cu): [(263760000, 59690000), (263760000, 58515001)]
[board_modifier.py:460]: Track added
[board_modifier.py:455]: Adding track segment (B.Cu): [(263760000, 58515001), (265175000, 57100001)]
[board_modifier.py:460]: Track added
[key_placer.py:424]: Routing S27 with D28
[key_placer.py:426]: Using internal autorouter method
[board_modifier.py:532]: Routing at B.Cu layer
[board_modifier.py:549]: Netclass: Default, track width: 200000
[board_modifier.py:611]: Routing pad 'S27:1' at (282810000, 59690000) with pad 'D28:2' at (284225000, 57100001) using coordinate system rotated by 0 degree(s)
[board_modifier.py:455]: Adding track segment (B.Cu): [(282810000, 59690000), (282810000, 58515001)]
[board_modifier.py:460]: Track added
[board_modifier.py:455]: Adding track segment (B.Cu): [(282810000, 58515001), (284225000, 57100001)]
[board_modifier.py:460]: Track added
[key_placer.py:424]: Routing S28 with D29
[key_placer.py:426]: Using internal autorouter method
[board_modifier.py:532]: Routing at B.Cu layer
[board_modifier.py:549]: Netclass: Default, track width: 200000
[board_modifier.py:611]: Routing pad 'S28:1' at (306622500, 59690000) with pad 'D29:2' at (308037500, 57100001) using coordinate system rotated by 0 degree(s)
[board_modifier.py:455]: Adding track segment (B.Cu): [(306622500, 59690000), (306622500, 58515001)]
[board_modifier.py:460]: Track added
[board_modifier.py:455]: Adding track segment (B.Cu): [(306622500, 58515001), (308037500, 57100001)]
[board_modifier.py:460]: Track added
[key_placer.py:424]: Routing S29 with D30
[key_placer.py:426]: Using internal autorouter method
[board_modifier.py:532]: Routing at B.Cu layer
[board_modifier.py:549]: Netclass: Default, track width: 200000
[board_modifier.py:611]: Routing pad 'S29:1' at (51828750, 78740000) with pad 'D30:2' at (53243750, 76150001) using coordinate system rotated by 0 degree(s)
[board_modifier.py:455]: Adding track segment (B.Cu): [(51828750, 78740000), (51828750, 77565001)]
[board_modifier.py:460]: Track added
[board_modifier.py:455]: Adding track segment (B.Cu): [(51828750, 77565001), (53243750, 76150001)]
[board_modifier.py:460]: Track added
[key_placer.py:424]: Routing S30 with D31
[key_placer.py:426]: Using internal autorouter method
[board_modifier.py:532]: Routing at B.Cu layer
[board_modifier.py:549]: Netclass: Default, track width: 200000
[board_modifier.py:611]: Routing pad 'S30:1' at (78022500, 78740000) with pad 'D31:2' at (79437500, 76150001) using coordinate system rotated by 0 degree(s)
[board_modifier.py:455]: Adding track segment (B.Cu): [(78022500, 78740000), (78022500, 77565001)]
[board_modifier.py:460]: Track added
[board_modifier.py:455]: Adding track segment (B.Cu): [(78022500, 77565001), (79437500, 76150001)]
[board_modifier.py:460]: Track added
[key_placer.py:424]: Routing S31 with D32
[key_placer.py:426]: Using internal autorouter method
[board_modifier.py:532]: Routing at B.Cu layer
[board_modifier.py:549]: Netclass: Default, track width: 200000
[board_modifier.py:611]: Routing pad 'S31:1' at (97072500, 78740000) with pad 'D32:2' at (98487500, 76150001) using coordinate system rotated by 0 degree(s)
[board_modifier.py:455]: Adding track segment (B.Cu): [(97072500, 78740000), (97072500, 77565001)]
[board_modifier.py:460]: Track added
[board_modifier.py:455]: Adding track segment (B.Cu): [(97072500, 77565001), (98487500, 76150001)]
[board_modifier.py:460]: Track added
[key_placer.py:424]: Routing S32 with D33
[key_placer.py:426]: Using internal autorouter method
[board_modifier.py:532]: Routing at B.Cu layer
[board_modifier.py:549]: Netclass: Default, track width: 200000
[board_modifier.py:611]: Routing pad 'S32:1' at (116122500, 78740000) with pad 'D33:2' at (117537500, 76150001) using coordinate system rotated by 0 degree(s)
[board_modifier.py:455]: Adding track segment (B.Cu): [(116122500, 78740000), (116122500, 77565001)]
[board_modifier.py:460]: Track added
[board_modifier.py:455]: Adding track segment (B.Cu): [(116122500, 77565001), (117537500, 76150001)]
[board_modifier.py:460]: Track added
[key_placer.py:424]: Routing S33 with D34
[key_placer.py:426]: Using internal autorouter method
[board_modifier.py:532]: Routing at B.Cu layer
[board_modifier.py:549]: Netclass: Default, track width: 200000
[board_modifier.py:611]: Routing pad 'S33:1' at (135172500, 78740000) with pad 'D34:2' at (136587500, 76150001) using coordinate system rotated by 0 degree(s)
[board_modifier.py:455]: Adding track segment (B.Cu): [(135172500, 78740000), (135172500, 77565001)]
[board_modifier.py:460]: Track added
[board_modifier.py:455]: Adding track segment (B.Cu): [(135172500, 77565001), (136587500, 76150001)]
[board_modifier.py:460]: Track added
[key_placer.py:424]: Routing S34 with D35
[key_placer.py:426]: Using internal autorouter method
[board_modifier.py:532]: Routing at B.Cu layer
[board_modifier.py:549]: Netclass: Default, track width: 200000
[board_modifier.py:611]: Routing pad 'S34:1' at (154222500, 78740000) with pad 'D35:2' at (155637500, 76150001) using coordinate system rotated by 0 degree(s)
[board_modifier.py:455]: Adding track segment (B.Cu): [(154222500, 78740000), (154222500, 77565001)]
[board_modifier.py:460]: Track added
[board_modifier.py:455]: Adding track segment (B.Cu): [(154222500, 77565001), (155637500, 76150001)]
[board_modifier.py:460]: Track added
[key_placer.py:424]: Routing S35 with D36
[key_placer.py:426]: Using internal autorouter method
[board_modifier.py:532]: Routing at B.Cu layer
[board_modifier.py:549]: Netclass: Default, track width: 200000
[board_modifier.py:611]: Routing pad 'S35:1' at (173272500, 78740000) with pad 'D36:2' at (174687500, 76150001) using coordinate system rotated by 0 degree(s)
[board_modifier.py:455]: Adding track segment (B.Cu): [(173272500, 78740000), (173272500, 77565001)]
[board_modifier.py:460]: Track added
[board_modifier.py:455]: Adding track segment (B.Cu): [(173272500, 77565001), (174687500, 76150001)]
[board_modifier.py:460]: Track added
[key_placer.py:424]: Routing S36 with D37
[key_placer.py:426]: Using internal autorouter method
[board_modifier.py:532]: Routing at B.Cu layer
[board_modifier.py:549]: Netclass: Default, track width: 200000
[board_modifier.py:611]: Routing pad 'S36:1' at (192322500, 78740000) with pad 'D37:2' at (193737500, 76150001) using coordinate system rotated by 0 degree(s)
[board_modifier.py:455]: Adding track segment (B.Cu): [(192322500, 78740000), (192322500, 77565001)]
[board_modifier.py:460]: Track added
[board_modifier.py:455]: Adding track segment (B.Cu): [(192322500, 77565001), (193737500, 76150001)]
[board_modifier.py:460]: Track added
[key_placer.py:424]: Routing S37 with D38
[key_placer.py:426]: Using internal autorouter method
[board_modifier.py:532]: Routing at B.Cu layer
[board_modifier.py:549]: Netclass: Default, track width: 200000
[board_modifier.py:611]: Routing pad 'S37:1' at (211372500, 78740000) with pad 'D38:2' at (212787500, 76150001) using coordinate system rotated by 0 degree(s)
[board_modifier.py:455]: Adding track segment (B.Cu): [(211372500, 78740000), (211372500, 77565001)]
[board_modifier.py:460]: Track added
[board_modifier.py:455]: Adding track segment (B.Cu): [(211372500, 77565001), (212787500, 76150001)]
[board_modifier.py:460]: Track added
[key_placer.py:424]: Routing S38 with D39
[key_placer.py:426]: Using internal autorouter method
[board_modifier.py:532]: Routing at B.Cu layer
[board_modifier.py:549]: Netclass: Default, track width: 200000
[board_modifier.py:611]: Routing pad 'S38:1' at (230422500, 78740000) with pad 'D39:2' at (231837500, 76150001) using coordinate system rotated by 0 degree(s)
[board_modifier.py:455]: Adding track segment (B.Cu): [(230422500, 78740000), (230422500, 77565001)]
[board_modifier.py:460]: Track added
[board_modifier.py:455]: Adding track segment (B.Cu): [(230422500, 77565001), (231837500, 76150001)]
[board_modifier.py:460]: Track added
[key_placer.py:424]: Routing S39 with D40
[key_placer.py:426]: Using internal autorouter method
[board_modifier.py:532]: Routing at B.Cu layer
[board_modifier.py:549]: Netclass: Default, track width: 200000
[board_modifier.py:611]: Routing pad 'S39:1' at (249472500, 78740000) with pad 'D40:2' at (250887500, 76150001) using coordinate system rotated by 0 degree(s)
[board_modifier.py:455]: Adding track segment (B.Cu): [(249472500, 78740000), (249472500, 77565001)]
[board_modifier.py:460]: Track added
[board_modifier.py:455]: Adding track segment (B.Cu): [(249472500, 77565001), (250887500, 76150001)]
[board_modifier.py:460]: Track added
[key_placer.py:424]: Routing S40 with D41
[key_placer.py:426]: Using internal autorouter method
[board_modifier.py:532]: Routing at B.Cu layer
[board_modifier.py:549]: Netclass: Default, track width: 200000
[board_modifier.py:611]: Routing pad 'S40:1' at (268522500, 78740000) with pad 'D41:2' at (269937500, 76150001) using coordinate system rotated by 0 degree(s)
[board_modifier.py:455]: Adding track segment (B.Cu): [(268522500, 78740000), (268522500, 77565001)]
[board_modifier.py:460]: Track added
[board_modifier.py:455]: Adding track segment (B.Cu): [(268522500, 77565001), (269937500, 76150001)]
[board_modifier.py:460]: Track added
[key_placer.py:424]: Routing S41 with D42
[key_placer.py:426]: Using internal autorouter method
[board_modifier.py:532]: Routing at B.Cu layer
[board_modifier.py:549]: Netclass: Default, track width: 200000
[board_modifier.py:611]: Routing pad 'S41:1' at (299478750, 78740000) with pad 'D42:2' at (300893750, 76150001) using coordinate system rotated by 0 degree(s)
[board_modifier.py:455]: Adding track segment (B.Cu): [(299478750, 78740000), (299478750, 77565001)]
[board_modifier.py:460]: Track added
[board_modifier.py:455]: Adding track segment (B.Cu): [(299478750, 77565001), (300893750, 76150001)]
[board_modifier.py:460]: Track added
[key_placer.py:424]: Routing S42 with D43
[key_placer.py:426]: Using internal autorouter method
[board_modifier.py:532]: Routing at B.Cu layer
[board_modifier.py:549]: Netclass: Default, track width: 200000
[board_modifier.py:611]: Routing pad 'S42:1' at (56591250, 97790000) with pad 'D43:2' at (58006250, 95200001) using coordinate system rotated by 0 degree(s)
[board_modifier.py:455]: Adding track segment (B.Cu): [(56591250, 97790000), (56591250, 96615001)]
[board_modifier.py:460]: Track added
[board_modifier.py:455]: Adding track segment (B.Cu): [(56591250, 96615001), (58006250, 95200001)]
[board_modifier.py:460]: Track added
[key_placer.py:424]: Routing S43 with D44
[key_placer.py:426]: Using internal autorouter method
[board_modifier.py:532]: Routing at B.Cu layer
[board_modifier.py:549]: Netclass: Default, track width: 200000
[board_modifier.py:611]: Routing pad 'S43:1' at (87547500, 97790000) with pad 'D44:2' at (88962500, 95200001) using coordinate system rotated by 0 degree(s)
[board_modifier.py:455]: Adding track segment (B.Cu): [(87547500, 97790000), (87547500, 96615001)]
[board_modifier.py:460]: Track added
[board_modifier.py:455]: Adding track segment (B.Cu): [(87547500, 96615001), (88962500, 95200001)]
[board_modifier.py:460]: Track added
[key_placer.py:424]: Routing S44 with D45
[key_placer.py:426]: Using internal autorouter method
[board_modifier.py:532]: Routing at B.Cu layer
[board_modifier.py:549]: Netclass: Default, track width: 200000
[board_modifier.py:611]: Routing pad 'S44:1' at (106597500, 97790000) with pad 'D45:2' at (108012500, 95200001) using coordinate system rotated by 0 degree(s)
[board_modifier.py:455]: Adding track segment (B.Cu): [(106597500, 97790000), (106597500, 96615001)]
[board_modifier.py:460]: Track added
[board_modifier.py:455]: Adding track segment (B.Cu): [(106597500, 96615001), (108012500, 95200001)]
[board_modifier.py:460]: Track added
[key_placer.py:424]: Routing S45 with D46
[key_placer.py:426]: Using internal autorouter method
[board_modifier.py:532]: Routing at B.Cu layer
[board_modifier.py:549]: Netclass: Default, track width: 200000
[board_modifier.py:611]: Routing pad 'S45:1' at (125647500, 97790000) with pad 'D46:2' at (127062500, 95200001) using coordinate system rotated by 0 degree(s)
[board_modifier.py:455]: Adding track segment (B.Cu): [(125647500, 97790000), (125647500, 96615001)]
[board_modifier.py:460]: Track added
[board_modifier.py:455]: Adding track segment (B.Cu): [(125647500, 96615001), (127062500, 95200001)]
[board_modifier.py:460]: Track added
[key_placer.py:424]: Routing S46 with D47
[key_placer.py:426]: Using internal autorouter method
[board_modifier.py:532]: Routing at B.Cu layer
[board_modifier.py:549]: Netclass: Default, track width: 200000
[board_modifier.py:611]: Routing pad 'S46:1' at (144697500, 97790000) with pad 'D47:2' at (146112500, 95200001) using coordinate system rotated by 0 degree(s)
[board_modifier.py:455]: Adding track segment (B.Cu): [(144697500, 97790000), (144697500, 96615001)]
[board_modifier.py:460]: Track added
[board_modifier.py:455]: Adding track segment (B.Cu): [(144697500, 96615001), (146112500, 95200001)]
[board_modifier.py:460]: Track added
[key_placer.py:424]: Routing S47 with D48
[key_placer.py:426]: Using internal autorouter method
[board_modifier.py:532]: Routing at B.Cu layer
[board_modifier.py:549]: Netclass: Default, track width: 200000
[board_modifier.py:611]: Routing pad 'S47:1' at (163747500, 97790000) with pad 'D48:2' at (165162500, 95200001) using coordinate system rotated by 0 degree(s)
[board_modifier.py:455]: Adding track segment (B.Cu): [(163747500, 97790000), (163747500, 96615001)]
[board_modifier.py:460]: Track added
[board_modifier.py:455]: Adding track segment (B.Cu): [(163747500, 96615001), (165162500, 95200001)]
[board_modifier.py:460]: Track added
[key_placer.py:424]: Routing S48 with D49
[key_placer.py:426]: Using internal autorouter method
[board_modifier.py:532]: Routing at B.Cu layer
[board_modifier.py:549]: Netclass: Default, track width: 200000
[board_modifier.py:611]: Routing pad 'S48:1' at (182797500, 97790000) with pad 'D49:2' at (184212500, 95200001) using coordinate system rotated by 0 degree(s)
[board_modifier.py:455]: Adding track segment (B.Cu): [(182797500, 97790000), (182797500, 96615001)]
[board_modifier.py:460]: Track added
[board_modifier.py:455]: Adding track segment (B.Cu): [(182797500, 96615001), (184212500, 95200001)]
[board_modifier.py:460]: Track added
[key_placer.py:424]: Routing S49 with D50
[key_placer.py:426]: Using internal autorouter method
[board_modifier.py:532]: Routing at B.Cu layer
[board_modifier.py:549]: Netclass: Default, track width: 200000
[board_modifier.py:611]: Routing pad 'S49:1' at (201847500, 97790000) with pad 'D50:2' at (203262500, 95200001) using coordinate system rotated by 0 degree(s)
[board_modifier.py:455]: Adding track segment (B.Cu): [(201847500, 97790000), (201847500, 96615001)]
[board_modifier.py:460]: Track added
[board_modifier.py:455]: Adding track segment (B.Cu): [(201847500, 96615001), (203262500, 95200001)]
[board_modifier.py:460]: Track added
[key_placer.py:424]: Routing S50 with D51
[key_placer.py:426]: Using internal autorouter method
[board_modifier.py:532]: Routing at B.Cu layer
[board_modifier.py:549]: Netclass: Default, track width: 200000
[board_modifier.py:611]: Routing pad 'S50:1' at (220897500, 97790000) with pad 'D51:2' at (222312500, 95200001) using coordinate system rotated by 0 degree(s)
[board_modifier.py:455]: Adding track segment (B.Cu): [(220897500, 97790000), (220897500, 96615001)]
[board_modifier.py:460]: Track added
[board_modifier.py:455]: Adding track segment (B.Cu): [(220897500, 96615001), (222312500, 95200001)]
[board_modifier.py:460]: Track added
[key_placer.py:424]: Routing S51 with D52
[key_placer.py:426]: Using internal autorouter method
[board_modifier.py:532]: Routing at B.Cu layer
[board_modifier.py:549]: Netclass: Default, track width: 200000
[board_modifier.py:611]: Routing pad 'S51:1' at (239947500, 97790000) with pad 'D52:2' at (241362500, 95200001) using coordinate system rotated by 0 degree(s)
[board_modifier.py:455]: Adding track segment (B.Cu): [(239947500, 97790000), (239947500, 96615001)]
[board_modifier.py:460]: Track added
[board_modifier.py:455]: Adding track segment (B.Cu): [(239947500, 96615001), (241362500, 95200001)]
[board_modifier.py:460]: Track added
[key_placer.py:424]: Routing S52 with D53
[key_placer.py:426]: Using internal autorouter method
[board_modifier.py:532]: Routing at B.Cu layer
[board_modifier.py:549]: Netclass: Default, track width: 200000
[board_modifier.py:611]: Routing pad 'S52:1' at (258997500, 97790000) with pad 'D53:2' at (260412500, 95200001) using coordinate system rotated by 0 degree(s)
[board_modifier.py:455]: Adding track segment (B.Cu): [(258997500, 97790000), (258997500, 96615001)]
[board_modifier.py:460]: Track added
[board_modifier.py:455]: Adding track segment (B.Cu): [(258997500, 96615001), (260412500, 95200001)]
[board_modifier.py:460]: Track added
[key_placer.py:424]: Routing S53 with D54
[key_placer.py:426]: Using internal autorouter method
[board_modifier.py:532]: Routing at B.Cu layer
[board_modifier.py:549]: Netclass: Default, track width: 200000
[board_modifier.py:611]: Routing pad 'S53:1' at (294716250, 97790000) with pad 'D54:2' at (296131250, 95200001) using coordinate system rotated by 0 degree(s)
[board_modifier.py:455]: Adding track segment (B.Cu): [(294716250, 97790000), (294716250, 96615001)]
[board_modifier.py:460]: Track added
[board_modifier.py:455]: Adding track segment (B.Cu): [(294716250, 96615001), (296131250, 95200001)]
[board_modifier.py:460]: Track added
[key_placer.py:424]: Routing S54 with D55
[key_placer.py:426]: Using internal autorouter method
[board_modifier.py:532]: Routing at B.Cu layer
[board_modifier.py:549]: Netclass: Default, track width: 200000
[board_modifier.py:611]: Routing pad 'S54:1' at (47066250, 116840000) with pad 'D55:2' at (48481250, 114250001) using coordinate system rotated by 0 degree(s)
[board_modifier.py:455]: Adding track segment (B.Cu): [(47066250, 116840000), (47066250, 115665001)]
[board_modifier.py:460]: Track added
[board_modifier.py:455]: Adding track segment (B.Cu): [(47066250, 115665001), (48481250, 114250001)]
[board_modifier.py:460]: Track added
[key_placer.py:424]: Routing S55 with D56
[key_placer.py:426]: Using internal autorouter method
[board_modifier.py:532]: Routing at B.Cu layer
[board_modifier.py:549]: Netclass: Default, track width: 200000
[board_modifier.py:611]: Routing pad 'S55:1' at (70878750, 116840000) with pad 'D56:2' at (72293750, 114250001) using coordinate system rotated by 0 degree(s)
[board_modifier.py:455]: Adding track segment (B.Cu): [(70878750, 116840000), (70878750, 115665001)]
[board_modifier.py:460]: Track added
[board_modifier.py:455]: Adding track segment (B.Cu): [(70878750, 115665001), (72293750, 114250001)]
[board_modifier.py:460]: Track added
[key_placer.py:424]: Routing S56 with D57
[key_placer.py:426]: Using internal autorouter method
[board_modifier.py:532]: Routing at B.Cu layer
[board_modifier.py:549]: Netclass: Default, track width: 200000
[board_modifier.py:611]: Routing pad 'S56:1' at (94691250, 116840000) with pad 'D57:2' at (96106250, 114250001) using coordinate system rotated by 0 degree(s)
[board_modifier.py:455]: Adding track segment (B.Cu): [(94691250, 116840000), (94691250, 115665001)]
[board_modifier.py:460]: Track added
[board_modifier.py:455]: Adding track segment (B.Cu): [(94691250, 115665001), (96106250, 114250001)]
[board_modifier.py:460]: Track added
[key_placer.py:424]: Routing S57 with D58
[key_placer.py:426]: Using internal autorouter method
[board_modifier.py:532]: Routing at B.Cu layer
[board_modifier.py:549]: Netclass: Default, track width: 200000
[board_modifier.py:611]: Routing pad 'S57:1' at (166128750, 116840000) with pad 'D58:2' at (167543750, 114250001) using coordinate system rotated by 0 degree(s)
[board_modifier.py:455]: Adding track segment (B.Cu): [(166128750, 116840000), (166128750, 115665001)]
[board_modifier.py:460]: Track added
[board_modifier.py:455]: Adding track segment (B.Cu): [(166128750, 115665001), (167543750, 114250001)]
[board_modifier.py:460]: Track added
[key_placer.py:424]: Routing S58 with D59
[key_placer.py:426]: Using internal autorouter method
[board_modifier.py:532]: Routing at B.Cu layer
[board_modifier.py:549]: Netclass: Default, track width: 200000
[board_modifier.py:611]: Routing pad 'S58:1' at (237566250, 116840000) with pad 'D59:2' at (238981250, 114250001) using coordinate system rotated by 0 degree(s)
[board_modifier.py:455]: Adding track segment (B.Cu): [(237566250, 116840000), (237566250, 115665001)]
[board_modifier.py:460]: Track added
[board_modifier.py:455]: Adding track segment (B.Cu): [(237566250, 115665001), (238981250, 114250001)]
[board_modifier.py:460]: Track added
[key_placer.py:424]: Routing S59 with D60
[key_placer.py:426]: Using internal autorouter method
[board_modifier.py:532]: Routing at B.Cu layer
[board_modifier.py:549]: Netclass: Default, track width: 200000
[board_modifier.py:611]: Routing pad 'S59:1' at (261378750, 116840000) with pad 'D60:2' at (262793750, 114250001) using coordinate system rotated by 0 degree(s)
[board_modifier.py:455]: Adding track segment (B.Cu): [(261378750, 116840000), (261378750, 115665001)]
[board_modifier.py:460]: Track added
[board_modifier.py:455]: Adding track segment (B.Cu): [(261378750, 115665001), (262793750, 114250001)]
[board_modifier.py:460]: Track added
[key_placer.py:424]: Routing S60 with D61
[key_placer.py:426]: Using internal autorouter method
[board_modifier.py:532]: Routing at B.Cu layer
[board_modifier.py:549]: Netclass: Default, track width: 200000
[board_modifier.py:611]: Routing pad 'S60:1' at (285191250, 116840000) with pad 'D61:2' at (286606250, 114250001) using coordinate system rotated by 0 degree(s)
[board_modifier.py:455]: Adding track segment (B.Cu): [(285191250, 116840000), (285191250, 115665001)]
[board_modifier.py:460]: Track added
[board_modifier.py:455]: Adding track segment (B.Cu): [(285191250, 115665001), (286606250, 114250001)]
[board_modifier.py:460]: Track added
[key_placer.py:424]: Routing S61 with D62
[key_placer.py:426]: Using internal autorouter method
[board_modifier.py:532]: Routing at B.Cu layer
[board_modifier.py:549]: Netclass: Default, track width: 200000
[board_modifier.py:611]: Routing pad 'S61:1' at (309003750, 116840000) with pad 'D62:2' at (310418750, 114250001) using coordinate system rotated by 0 degree(s)
[board_modifier.py:455]: Adding track segment (B.Cu): [(309003750, 116840000), (309003750, 115665001)]
[board_modifier.py:460]: Track added
[board_modifier.py:455]: Adding track segment (B.Cu): [(309003750, 115665001), (310418750, 114250001)]
[board_modifier.py:460]: Track added
[key_placer.py:458]: Removing dangling tracks
